timestamp, power.draw [W]
Fri Apr  3 15:34:54 IDT 2026, 132 W
Fri Apr  3 15:34:54 IDT 2026, 100 W
Fri Apr  3 15:34:54 IDT 2026, 115 W
Fri Apr  3 15:34:54 IDT 2026, 131 W
Fri Apr  3 15:34:54 IDT 2026, 119 W
Fri Apr  3 15:34:54 IDT 2026, 124 W
Fri Apr  3 15:34:54 IDT 2026, 116 W
Fri Apr  3 15:34:54 IDT 2026, 125 W
Fri Apr  3 15:34:55 IDT 2026, 127 W
Fri Apr  3 15:34:55 IDT 2026, 101 W
Fri Apr  3 15:34:55 IDT 2026, 119 W
Fri Apr  3 15:34:55 IDT 2026, 137 W
Fri Apr  3 15:34:55 IDT 2026, 117 W
Fri Apr  3 15:34:55 IDT 2026, 121 W
Fri Apr  3 15:34:55 IDT 2026, 116 W
Fri Apr  3 15:34:55 IDT 2026, 122 W
Fri Apr  3 15:34:56 IDT 2026, 131 W
Fri Apr  3 15:34:56 IDT 2026, 95 W
Fri Apr  3 15:34:56 IDT 2026, 114 W
Fri Apr  3 15:34:56 IDT 2026, 134 W
Fri Apr  3 15:34:56 IDT 2026, 112 W
Fri Apr  3 15:34:56 IDT 2026, 123 W
Fri Apr  3 15:34:56 IDT 2026, 120 W
Fri Apr  3 15:34:56 IDT 2026, 130 W
Fri Apr  3 15:34:57 IDT 2026, 129 W
Fri Apr  3 15:34:57 IDT 2026, 97 W
Fri Apr  3 15:34:57 IDT 2026, 124 W
Fri Apr  3 15:34:57 IDT 2026, 136 W
Fri Apr  3 15:34:57 IDT 2026, 115 W
Fri Apr  3 15:34:57 IDT 2026, 121 W
Fri Apr  3 15:34:57 IDT 2026, 118 W
Fri Apr  3 15:34:57 IDT 2026, 126 W
Fri Apr  3 15:34:58 IDT 2026, 127 W
Fri Apr  3 15:34:58 IDT 2026, 100 W
Fri Apr  3 15:34:58 IDT 2026, 115 W
Fri Apr  3 15:34:58 IDT 2026, 130 W
Fri Apr  3 15:34:58 IDT 2026, 125 W
Fri Apr  3 15:34:58 IDT 2026, 126 W
Fri Apr  3 15:34:58 IDT 2026, 119 W
Fri Apr  3 15:34:58 IDT 2026, 122 W
Fri Apr  3 15:34:59 IDT 2026, 128 W
Fri Apr  3 15:34:59 IDT 2026, 101 W
Fri Apr  3 15:34:59 IDT 2026, 120 W
Fri Apr  3 15:34:59 IDT 2026, 136 W
Fri Apr  3 15:34:59 IDT 2026, 119 W
Fri Apr  3 15:34:59 IDT 2026, 121 W
Fri Apr  3 15:34:59 IDT 2026, 116 W
Fri Apr  3 15:34:59 IDT 2026, 128 W
Fri Apr  3 15:35:00 IDT 2026, 126 W
Fri Apr  3 15:35:00 IDT 2026, 101 W
Fri Apr  3 15:35:00 IDT 2026, 119 W
Fri Apr  3 15:35:00 IDT 2026, 135 W
Fri Apr  3 15:35:00 IDT 2026, 116 W
Fri Apr  3 15:35:00 IDT 2026, 120 W
Fri Apr  3 15:35:00 IDT 2026, 115 W
Fri Apr  3 15:35:00 IDT 2026, 125 W
Fri Apr  3 15:35:01 IDT 2026, 147 W
Fri Apr  3 15:35:01 IDT 2026, 122 W
Fri Apr  3 15:35:01 IDT 2026, 132 W
Fri Apr  3 15:35:01 IDT 2026, 153 W
Fri Apr  3 15:35:01 IDT 2026, 141 W
Fri Apr  3 15:35:01 IDT 2026, 140 W
Fri Apr  3 15:35:01 IDT 2026, 118 W
Fri Apr  3 15:35:01 IDT 2026, 140 W
Fri Apr  3 15:35:02 IDT 2026, 132 W
Fri Apr  3 15:35:02 IDT 2026, 99 W
Fri Apr  3 15:35:02 IDT 2026, 120 W
Fri Apr  3 15:35:02 IDT 2026, 139 W
Fri Apr  3 15:35:02 IDT 2026, 121 W
Fri Apr  3 15:35:02 IDT 2026, 124 W
Fri Apr  3 15:35:02 IDT 2026, 120 W
Fri Apr  3 15:35:02 IDT 2026, 123 W
Fri Apr  3 15:35:03 IDT 2026, 154 W
Fri Apr  3 15:35:03 IDT 2026, 127 W
Fri Apr  3 15:35:03 IDT 2026, 146 W
Fri Apr  3 15:35:03 IDT 2026, 157 W
Fri Apr  3 15:35:03 IDT 2026, 151 W
Fri Apr  3 15:35:03 IDT 2026, 148 W
Fri Apr  3 15:35:03 IDT 2026, 147 W
Fri Apr  3 15:35:03 IDT 2026, 156 W
Fri Apr  3 15:35:04 IDT 2026, 130 W
Fri Apr  3 15:35:04 IDT 2026, 98 W
Fri Apr  3 15:35:04 IDT 2026, 116 W
Fri Apr  3 15:35:04 IDT 2026, 137 W
Fri Apr  3 15:35:04 IDT 2026, 115 W
Fri Apr  3 15:35:04 IDT 2026, 120 W
Fri Apr  3 15:35:04 IDT 2026, 115 W
Fri Apr  3 15:35:04 IDT 2026, 129 W
Fri Apr  3 15:35:05 IDT 2026, 127 W
Fri Apr  3 15:35:05 IDT 2026, 105 W
Fri Apr  3 15:35:05 IDT 2026, 123 W
Fri Apr  3 15:35:05 IDT 2026, 137 W
Fri Apr  3 15:35:05 IDT 2026, 126 W
Fri Apr  3 15:35:05 IDT 2026, 123 W
Fri Apr  3 15:35:05 IDT 2026, 112 W
Fri Apr  3 15:35:05 IDT 2026, 132 W
Fri Apr  3 15:35:06 IDT 2026, 256 W
Fri Apr  3 15:35:06 IDT 2026, 229 W
Fri Apr  3 15:35:06 IDT 2026, 254 W
Fri Apr  3 15:35:06 IDT 2026, 260 W
Fri Apr  3 15:35:06 IDT 2026, 258 W
Fri Apr  3 15:35:06 IDT 2026, 256 W
Fri Apr  3 15:35:06 IDT 2026, 252 W
Fri Apr  3 15:35:06 IDT 2026, 257 W
Fri Apr  3 15:35:07 IDT 2026, 265 W
Fri Apr  3 15:35:07 IDT 2026, 227 W
Fri Apr  3 15:35:07 IDT 2026, 252 W
Fri Apr  3 15:35:07 IDT 2026, 264 W
Fri Apr  3 15:35:07 IDT 2026, 256 W
Fri Apr  3 15:35:07 IDT 2026, 251 W
Fri Apr  3 15:35:07 IDT 2026, 246 W
Fri Apr  3 15:35:07 IDT 2026, 256 W
Fri Apr  3 15:35:08 IDT 2026, 283 W
Fri Apr  3 15:35:08 IDT 2026, 247 W
Fri Apr  3 15:35:08 IDT 2026, 272 W
Fri Apr  3 15:35:08 IDT 2026, 290 W
Fri Apr  3 15:35:08 IDT 2026, 283 W
Fri Apr  3 15:35:08 IDT 2026, 279 W
Fri Apr  3 15:35:08 IDT 2026, 270 W
Fri Apr  3 15:35:08 IDT 2026, 285 W
Fri Apr  3 15:35:09 IDT 2026, 282 W
Fri Apr  3 15:35:09 IDT 2026, 259 W
Fri Apr  3 15:35:09 IDT 2026, 274 W
Fri Apr  3 15:35:09 IDT 2026, 283 W
Fri Apr  3 15:35:09 IDT 2026, 283 W
Fri Apr  3 15:35:09 IDT 2026, 277 W
Fri Apr  3 15:35:09 IDT 2026, 268 W
Fri Apr  3 15:35:09 IDT 2026, 285 W
Fri Apr  3 15:35:10 IDT 2026, 278 W
Fri Apr  3 15:35:10 IDT 2026, 250 W
Fri Apr  3 15:35:10 IDT 2026, 277 W
Fri Apr  3 15:35:10 IDT 2026, 295 W
Fri Apr  3 15:35:10 IDT 2026, 278 W
Fri Apr  3 15:35:10 IDT 2026, 275 W
Fri Apr  3 15:35:10 IDT 2026, 279 W
Fri Apr  3 15:35:10 IDT 2026, 282 W
Fri Apr  3 15:35:11 IDT 2026, 285 W
Fri Apr  3 15:35:11 IDT 2026, 260 W
Fri Apr  3 15:35:11 IDT 2026, 266 W
Fri Apr  3 15:35:11 IDT 2026, 291 W
Fri Apr  3 15:35:11 IDT 2026, 276 W
Fri Apr  3 15:35:11 IDT 2026, 278 W
Fri Apr  3 15:35:11 IDT 2026, 272 W
Fri Apr  3 15:35:11 IDT 2026, 277 W
Fri Apr  3 15:35:12 IDT 2026, 291 W
Fri Apr  3 15:35:12 IDT 2026, 253 W
Fri Apr  3 15:35:12 IDT 2026, 274 W
Fri Apr  3 15:35:12 IDT 2026, 285 W
Fri Apr  3 15:35:12 IDT 2026, 277 W
Fri Apr  3 15:35:12 IDT 2026, 275 W
Fri Apr  3 15:35:12 IDT 2026, 273 W
Fri Apr  3 15:35:12 IDT 2026, 286 W
Fri Apr  3 15:35:13 IDT 2026, 281 W
Fri Apr  3 15:35:13 IDT 2026, 250 W
Fri Apr  3 15:35:13 IDT 2026, 281 W
Fri Apr  3 15:35:13 IDT 2026, 293 W
Fri Apr  3 15:35:13 IDT 2026, 274 W
Fri Apr  3 15:35:13 IDT 2026, 275 W
Fri Apr  3 15:35:13 IDT 2026, 273 W
Fri Apr  3 15:35:13 IDT 2026, 279 W
Fri Apr  3 15:35:14 IDT 2026, 290 W
Fri Apr  3 15:35:14 IDT 2026, 248 W
Fri Apr  3 15:35:14 IDT 2026, 276 W
Fri Apr  3 15:35:14 IDT 2026, 286 W
Fri Apr  3 15:35:14 IDT 2026, 272 W
Fri Apr  3 15:35:14 IDT 2026, 277 W
Fri Apr  3 15:35:14 IDT 2026, 274 W
Fri Apr  3 15:35:14 IDT 2026, 283 W
Fri Apr  3 15:35:15 IDT 2026, 283 W
Fri Apr  3 15:35:15 IDT 2026, 253 W
Fri Apr  3 15:35:15 IDT 2026, 269 W
Fri Apr  3 15:35:15 IDT 2026, 290 W
Fri Apr  3 15:35:15 IDT 2026, 278 W
Fri Apr  3 15:35:15 IDT 2026, 283 W
Fri Apr  3 15:35:15 IDT 2026, 278 W
Fri Apr  3 15:35:15 IDT 2026, 279 W
Fri Apr  3 15:35:16 IDT 2026, 285 W
Fri Apr  3 15:35:16 IDT 2026, 249 W
Fri Apr  3 15:35:16 IDT 2026, 274 W
Fri Apr  3 15:35:16 IDT 2026, 283 W
Fri Apr  3 15:35:16 IDT 2026, 279 W
Fri Apr  3 15:35:16 IDT 2026, 277 W
Fri Apr  3 15:35:16 IDT 2026, 272 W
Fri Apr  3 15:35:16 IDT 2026, 275 W
Fri Apr  3 15:35:17 IDT 2026, 135 W
Fri Apr  3 15:35:17 IDT 2026, 102 W
Fri Apr  3 15:35:17 IDT 2026, 119 W
Fri Apr  3 15:35:17 IDT 2026, 130 W
Fri Apr  3 15:35:17 IDT 2026, 117 W
Fri Apr  3 15:35:17 IDT 2026, 122 W
Fri Apr  3 15:35:17 IDT 2026, 115 W
Fri Apr  3 15:35:17 IDT 2026, 122 W
Fri Apr  3 15:35:18 IDT 2026, 128 W
Fri Apr  3 15:35:18 IDT 2026, 96 W
Fri Apr  3 15:35:18 IDT 2026, 116 W
Fri Apr  3 15:35:18 IDT 2026, 136 W
Fri Apr  3 15:35:18 IDT 2026, 119 W
Fri Apr  3 15:35:18 IDT 2026, 123 W
Fri Apr  3 15:35:18 IDT 2026, 120 W
Fri Apr  3 15:35:18 IDT 2026, 132 W
Fri Apr  3 15:35:19 IDT 2026, 129 W
Fri Apr  3 15:35:19 IDT 2026, 96 W
Fri Apr  3 15:35:19 IDT 2026, 134 W
Fri Apr  3 15:35:19 IDT 2026, 153 W
Fri Apr  3 15:35:19 IDT 2026, 137 W
Fri Apr  3 15:35:19 IDT 2026, 150 W
Fri Apr  3 15:35:19 IDT 2026, 138 W
Fri Apr  3 15:35:19 IDT 2026, 144 W
Fri Apr  3 15:35:20 IDT 2026, 273 W
Fri Apr  3 15:35:20 IDT 2026, 236 W
Fri Apr  3 15:35:20 IDT 2026, 271 W
Fri Apr  3 15:35:20 IDT 2026, 273 W
Fri Apr  3 15:35:20 IDT 2026, 264 W
Fri Apr  3 15:35:20 IDT 2026, 273 W
Fri Apr  3 15:35:20 IDT 2026, 267 W
Fri Apr  3 15:35:20 IDT 2026, 263 W
Fri Apr  3 15:35:21 IDT 2026, 273 W
Fri Apr  3 15:35:21 IDT 2026, 244 W
Fri Apr  3 15:35:21 IDT 2026, 265 W
Fri Apr  3 15:35:21 IDT 2026, 281 W
Fri Apr  3 15:35:21 IDT 2026, 271 W
Fri Apr  3 15:35:21 IDT 2026, 258 W
Fri Apr  3 15:35:21 IDT 2026, 266 W
Fri Apr  3 15:35:21 IDT 2026, 268 W
Fri Apr  3 15:35:22 IDT 2026, 273 W
Fri Apr  3 15:35:22 IDT 2026, 238 W
Fri Apr  3 15:35:22 IDT 2026, 264 W
Fri Apr  3 15:35:22 IDT 2026, 273 W
Fri Apr  3 15:35:22 IDT 2026, 258 W
Fri Apr  3 15:35:22 IDT 2026, 266 W
Fri Apr  3 15:35:22 IDT 2026, 259 W
Fri Apr  3 15:35:22 IDT 2026, 267 W
Fri Apr  3 15:35:23 IDT 2026, 263 W
Fri Apr  3 15:35:23 IDT 2026, 235 W
Fri Apr  3 15:35:23 IDT 2026, 260 W
Fri Apr  3 15:35:23 IDT 2026, 273 W
Fri Apr  3 15:35:23 IDT 2026, 257 W
Fri Apr  3 15:35:23 IDT 2026, 265 W
Fri Apr  3 15:35:23 IDT 2026, 260 W
Fri Apr  3 15:35:23 IDT 2026, 265 W
Fri Apr  3 15:35:24 IDT 2026, 250 W
Fri Apr  3 15:35:24 IDT 2026, 217 W
Fri Apr  3 15:35:24 IDT 2026, 233 W
Fri Apr  3 15:35:24 IDT 2026, 256 W
Fri Apr  3 15:35:24 IDT 2026, 241 W
Fri Apr  3 15:35:24 IDT 2026, 240 W
Fri Apr  3 15:35:24 IDT 2026, 242 W
Fri Apr  3 15:35:24 IDT 2026, 245 W
Fri Apr  3 15:35:25 IDT 2026, 130 W
Fri Apr  3 15:35:25 IDT 2026, 95 W
Fri Apr  3 15:35:25 IDT 2026, 114 W
Fri Apr  3 15:35:25 IDT 2026, 136 W
Fri Apr  3 15:35:25 IDT 2026, 118 W
Fri Apr  3 15:35:25 IDT 2026, 127 W
Fri Apr  3 15:35:25 IDT 2026, 114 W
Fri Apr  3 15:35:25 IDT 2026, 124 W
Fri Apr  3 15:35:26 IDT 2026, 130 W
Fri Apr  3 15:35:26 IDT 2026, 102 W
Fri Apr  3 15:35:26 IDT 2026, 124 W
Fri Apr  3 15:35:26 IDT 2026, 131 W
Fri Apr  3 15:35:26 IDT 2026, 118 W
Fri Apr  3 15:35:26 IDT 2026, 130 W
Fri Apr  3 15:35:26 IDT 2026, 117 W
Fri Apr  3 15:35:26 IDT 2026, 121 W
Fri Apr  3 15:35:27 IDT 2026, 253 W
Fri Apr  3 15:35:27 IDT 2026, 216 W
Fri Apr  3 15:35:27 IDT 2026, 245 W
Fri Apr  3 15:35:27 IDT 2026, 251 W
Fri Apr  3 15:35:27 IDT 2026, 242 W
Fri Apr  3 15:35:27 IDT 2026, 246 W
Fri Apr  3 15:35:27 IDT 2026, 238 W
Fri Apr  3 15:35:27 IDT 2026, 245 W
Fri Apr  3 15:35:28 IDT 2026, 262 W
Fri Apr  3 15:35:28 IDT 2026, 229 W
Fri Apr  3 15:35:28 IDT 2026, 245 W
Fri Apr  3 15:35:28 IDT 2026, 263 W
Fri Apr  3 15:35:28 IDT 2026, 246 W
Fri Apr  3 15:35:28 IDT 2026, 252 W
Fri Apr  3 15:35:28 IDT 2026, 247 W
Fri Apr  3 15:35:28 IDT 2026, 256 W
Fri Apr  3 15:35:29 IDT 2026, 254 W
Fri Apr  3 15:35:29 IDT 2026, 214 W
Fri Apr  3 15:35:29 IDT 2026, 242 W
Fri Apr  3 15:35:29 IDT 2026, 249 W
Fri Apr  3 15:35:29 IDT 2026, 232 W
Fri Apr  3 15:35:29 IDT 2026, 240 W
Fri Apr  3 15:35:29 IDT 2026, 240 W
Fri Apr  3 15:35:29 IDT 2026, 242 W
Fri Apr  3 15:35:30 IDT 2026, 229 W
Fri Apr  3 15:35:30 IDT 2026, 197 W
Fri Apr  3 15:35:30 IDT 2026, 219 W
Fri Apr  3 15:35:30 IDT 2026, 238 W
Fri Apr  3 15:35:30 IDT 2026, 214 W
Fri Apr  3 15:35:30 IDT 2026, 219 W
Fri Apr  3 15:35:30 IDT 2026, 224 W
Fri Apr  3 15:35:30 IDT 2026, 223 W
Fri Apr  3 15:35:31 IDT 2026, 235 W
Fri Apr  3 15:35:31 IDT 2026, 205 W
Fri Apr  3 15:35:31 IDT 2026, 228 W
Fri Apr  3 15:35:31 IDT 2026, 242 W
Fri Apr  3 15:35:31 IDT 2026, 229 W
Fri Apr  3 15:35:31 IDT 2026, 237 W
Fri Apr  3 15:35:31 IDT 2026, 226 W
Fri Apr  3 15:35:31 IDT 2026, 228 W
Fri Apr  3 15:35:32 IDT 2026, 237 W
Fri Apr  3 15:35:32 IDT 2026, 206 W
Fri Apr  3 15:35:32 IDT 2026, 246 W
Fri Apr  3 15:35:32 IDT 2026, 242 W
Fri Apr  3 15:35:32 IDT 2026, 238 W
Fri Apr  3 15:35:32 IDT 2026, 226 W
Fri Apr  3 15:35:32 IDT 2026, 247 W
Fri Apr  3 15:35:32 IDT 2026, 230 W
Fri Apr  3 15:35:33 IDT 2026, 125 W
Fri Apr  3 15:35:33 IDT 2026, 106 W
Fri Apr  3 15:35:33 IDT 2026, 120 W
Fri Apr  3 15:35:33 IDT 2026, 133 W
Fri Apr  3 15:35:33 IDT 2026, 118 W
Fri Apr  3 15:35:33 IDT 2026, 128 W
Fri Apr  3 15:35:33 IDT 2026, 122 W
Fri Apr  3 15:35:33 IDT 2026, 126 W
Fri Apr  3 15:35:34 IDT 2026, 135 W
Fri Apr  3 15:35:34 IDT 2026, 103 W
Fri Apr  3 15:35:34 IDT 2026, 120 W
Fri Apr  3 15:35:34 IDT 2026, 130 W
Fri Apr  3 15:35:34 IDT 2026, 120 W
Fri Apr  3 15:35:34 IDT 2026, 126 W
Fri Apr  3 15:35:34 IDT 2026, 115 W
Fri Apr  3 15:35:34 IDT 2026, 130 W
Fri Apr  3 15:35:35 IDT 2026, 128 W
Fri Apr  3 15:35:35 IDT 2026, 100 W
Fri Apr  3 15:35:35 IDT 2026, 117 W
Fri Apr  3 15:35:35 IDT 2026, 137 W
Fri Apr  3 15:35:35 IDT 2026, 115 W
Fri Apr  3 15:35:35 IDT 2026, 124 W
Fri Apr  3 15:35:35 IDT 2026, 118 W
Fri Apr  3 15:35:35 IDT 2026, 124 W
Fri Apr  3 15:35:36 IDT 2026, 280 W
Fri Apr  3 15:35:36 IDT 2026, 255 W
Fri Apr  3 15:35:36 IDT 2026, 276 W
Fri Apr  3 15:35:36 IDT 2026, 281 W
Fri Apr  3 15:35:36 IDT 2026, 273 W
Fri Apr  3 15:35:36 IDT 2026, 280 W
Fri Apr  3 15:35:36 IDT 2026, 271 W
Fri Apr  3 15:35:36 IDT 2026, 284 W
Fri Apr  3 15:35:37 IDT 2026, 280 W
Fri Apr  3 15:35:37 IDT 2026, 252 W
Fri Apr  3 15:35:37 IDT 2026, 272 W
Fri Apr  3 15:35:37 IDT 2026, 289 W
Fri Apr  3 15:35:37 IDT 2026, 283 W
Fri Apr  3 15:35:37 IDT 2026, 284 W
Fri Apr  3 15:35:37 IDT 2026, 280 W
Fri Apr  3 15:35:37 IDT 2026, 280 W
Fri Apr  3 15:35:38 IDT 2026, 277 W
Fri Apr  3 15:35:38 IDT 2026, 249 W
Fri Apr  3 15:35:38 IDT 2026, 274 W
Fri Apr  3 15:35:38 IDT 2026, 285 W
Fri Apr  3 15:35:38 IDT 2026, 271 W
Fri Apr  3 15:35:38 IDT 2026, 276 W
Fri Apr  3 15:35:38 IDT 2026, 268 W
Fri Apr  3 15:35:38 IDT 2026, 285 W
Fri Apr  3 15:35:39 IDT 2026, 284 W
Fri Apr  3 15:35:39 IDT 2026, 250 W
Fri Apr  3 15:35:39 IDT 2026, 273 W
Fri Apr  3 15:35:39 IDT 2026, 281 W
Fri Apr  3 15:35:39 IDT 2026, 281 W
Fri Apr  3 15:35:39 IDT 2026, 274 W
Fri Apr  3 15:35:39 IDT 2026, 272 W
Fri Apr  3 15:35:39 IDT 2026, 284 W
Fri Apr  3 15:35:40 IDT 2026, 274 W
Fri Apr  3 15:35:40 IDT 2026, 250 W
Fri Apr  3 15:35:40 IDT 2026, 272 W
Fri Apr  3 15:35:40 IDT 2026, 286 W
Fri Apr  3 15:35:40 IDT 2026, 278 W
Fri Apr  3 15:35:40 IDT 2026, 277 W
Fri Apr  3 15:35:40 IDT 2026, 276 W
Fri Apr  3 15:35:40 IDT 2026, 280 W
Fri Apr  3 15:35:41 IDT 2026, 279 W
Fri Apr  3 15:35:41 IDT 2026, 255 W
Fri Apr  3 15:35:41 IDT 2026, 278 W
Fri Apr  3 15:35:41 IDT 2026, 295 W
Fri Apr  3 15:35:41 IDT 2026, 280 W
Fri Apr  3 15:35:41 IDT 2026, 275 W
Fri Apr  3 15:35:41 IDT 2026, 270 W
Fri Apr  3 15:35:41 IDT 2026, 282 W
Fri Apr  3 15:35:42 IDT 2026, 261 W
Fri Apr  3 15:35:42 IDT 2026, 230 W
Fri Apr  3 15:35:42 IDT 2026, 240 W
Fri Apr  3 15:35:42 IDT 2026, 262 W
Fri Apr  3 15:35:42 IDT 2026, 251 W
Fri Apr  3 15:35:42 IDT 2026, 250 W
Fri Apr  3 15:35:42 IDT 2026, 248 W
Fri Apr  3 15:35:42 IDT 2026, 262 W
Fri Apr  3 15:35:43 IDT 2026, 287 W
Fri Apr  3 15:35:43 IDT 2026, 261 W
Fri Apr  3 15:35:43 IDT 2026, 270 W
Fri Apr  3 15:35:43 IDT 2026, 285 W
Fri Apr  3 15:35:43 IDT 2026, 280 W
Fri Apr  3 15:35:43 IDT 2026, 278 W
Fri Apr  3 15:35:43 IDT 2026, 272 W
Fri Apr  3 15:35:43 IDT 2026, 288 W
Fri Apr  3 15:35:44 IDT 2026, 281 W
Fri Apr  3 15:35:44 IDT 2026, 250 W
Fri Apr  3 15:35:44 IDT 2026, 280 W
Fri Apr  3 15:35:44 IDT 2026, 288 W
Fri Apr  3 15:35:44 IDT 2026, 277 W
Fri Apr  3 15:35:44 IDT 2026, 280 W
Fri Apr  3 15:35:44 IDT 2026, 275 W
Fri Apr  3 15:35:44 IDT 2026, 279 W
Fri Apr  3 15:35:45 IDT 2026, 289 W
Fri Apr  3 15:35:45 IDT 2026, 259 W
Fri Apr  3 15:35:45 IDT 2026, 275 W
Fri Apr  3 15:35:45 IDT 2026, 293 W
Fri Apr  3 15:35:45 IDT 2026, 279 W
Fri Apr  3 15:35:45 IDT 2026, 277 W
Fri Apr  3 15:35:45 IDT 2026, 266 W
Fri Apr  3 15:35:45 IDT 2026, 276 W
Fri Apr  3 15:35:46 IDT 2026, 286 W
Fri Apr  3 15:35:46 IDT 2026, 259 W
Fri Apr  3 15:35:46 IDT 2026, 278 W
Fri Apr  3 15:35:46 IDT 2026, 280 W
Fri Apr  3 15:35:46 IDT 2026, 277 W
Fri Apr  3 15:35:46 IDT 2026, 276 W
Fri Apr  3 15:35:46 IDT 2026, 284 W
Fri Apr  3 15:35:46 IDT 2026, 287 W
Fri Apr  3 15:35:47 IDT 2026, 282 W
Fri Apr  3 15:35:47 IDT 2026, 252 W
Fri Apr  3 15:35:47 IDT 2026, 276 W
Fri Apr  3 15:35:47 IDT 2026, 287 W
Fri Apr  3 15:35:47 IDT 2026, 277 W
Fri Apr  3 15:35:47 IDT 2026, 278 W
Fri Apr  3 15:35:47 IDT 2026, 277 W
Fri Apr  3 15:35:47 IDT 2026, 279 W
Fri Apr  3 15:35:48 IDT 2026, 278 W
Fri Apr  3 15:35:48 IDT 2026, 253 W
Fri Apr  3 15:35:48 IDT 2026, 276 W
Fri Apr  3 15:35:48 IDT 2026, 284 W
Fri Apr  3 15:35:48 IDT 2026, 280 W
Fri Apr  3 15:35:48 IDT 2026, 276 W
Fri Apr  3 15:35:48 IDT 2026, 269 W
Fri Apr  3 15:35:48 IDT 2026, 273 W
Fri Apr  3 15:35:49 IDT 2026, 290 W
Fri Apr  3 15:35:49 IDT 2026, 249 W
Fri Apr  3 15:35:49 IDT 2026, 271 W
Fri Apr  3 15:35:49 IDT 2026, 281 W
Fri Apr  3 15:35:49 IDT 2026, 279 W
Fri Apr  3 15:35:49 IDT 2026, 276 W
Fri Apr  3 15:35:49 IDT 2026, 269 W
Fri Apr  3 15:35:49 IDT 2026, 278 W
Fri Apr  3 15:35:50 IDT 2026, 283 W
Fri Apr  3 15:35:50 IDT 2026, 254 W
Fri Apr  3 15:35:50 IDT 2026, 272 W
Fri Apr  3 15:35:50 IDT 2026, 285 W
Fri Apr  3 15:35:50 IDT 2026, 272 W
Fri Apr  3 15:35:50 IDT 2026, 272 W
Fri Apr  3 15:35:50 IDT 2026, 277 W
Fri Apr  3 15:35:50 IDT 2026, 272 W
Fri Apr  3 15:35:51 IDT 2026, 277 W
Fri Apr  3 15:35:51 IDT 2026, 248 W
Fri Apr  3 15:35:51 IDT 2026, 264 W
Fri Apr  3 15:35:51 IDT 2026, 281 W
Fri Apr  3 15:35:51 IDT 2026, 265 W
Fri Apr  3 15:35:51 IDT 2026, 267 W
Fri Apr  3 15:35:51 IDT 2026, 265 W
Fri Apr  3 15:35:51 IDT 2026, 264 W
Fri Apr  3 15:35:52 IDT 2026, 270 W
Fri Apr  3 15:35:52 IDT 2026, 238 W
Fri Apr  3 15:35:52 IDT 2026, 261 W
Fri Apr  3 15:35:52 IDT 2026, 271 W
Fri Apr  3 15:35:52 IDT 2026, 264 W
Fri Apr  3 15:35:52 IDT 2026, 266 W
Fri Apr  3 15:35:52 IDT 2026, 263 W
Fri Apr  3 15:35:52 IDT 2026, 263 W
Fri Apr  3 15:35:53 IDT 2026, 266 W
Fri Apr  3 15:35:53 IDT 2026, 241 W
Fri Apr  3 15:35:53 IDT 2026, 260 W
Fri Apr  3 15:35:53 IDT 2026, 280 W
Fri Apr  3 15:35:53 IDT 2026, 266 W
Fri Apr  3 15:35:53 IDT 2026, 258 W
Fri Apr  3 15:35:53 IDT 2026, 260 W
Fri Apr  3 15:35:53 IDT 2026, 274 W
Fri Apr  3 15:35:54 IDT 2026, 260 W
Fri Apr  3 15:35:54 IDT 2026, 240 W
Fri Apr  3 15:35:54 IDT 2026, 259 W
Fri Apr  3 15:35:54 IDT 2026, 273 W
Fri Apr  3 15:35:54 IDT 2026, 263 W
Fri Apr  3 15:35:54 IDT 2026, 265 W
Fri Apr  3 15:35:54 IDT 2026, 254 W
Fri Apr  3 15:35:54 IDT 2026, 264 W
Fri Apr  3 15:35:55 IDT 2026, 264 W
Fri Apr  3 15:35:55 IDT 2026, 240 W
Fri Apr  3 15:35:55 IDT 2026, 258 W
Fri Apr  3 15:35:55 IDT 2026, 276 W
Fri Apr  3 15:35:55 IDT 2026, 258 W
Fri Apr  3 15:35:55 IDT 2026, 268 W
Fri Apr  3 15:35:55 IDT 2026, 256 W
Fri Apr  3 15:35:55 IDT 2026, 263 W
Fri Apr  3 15:35:56 IDT 2026, 266 W
Fri Apr  3 15:35:56 IDT 2026, 235 W
Fri Apr  3 15:35:56 IDT 2026, 249 W
Fri Apr  3 15:35:56 IDT 2026, 272 W
Fri Apr  3 15:35:56 IDT 2026, 254 W
Fri Apr  3 15:35:56 IDT 2026, 257 W
Fri Apr  3 15:35:56 IDT 2026, 246 W
Fri Apr  3 15:35:56 IDT 2026, 262 W
Fri Apr  3 15:35:57 IDT 2026, 264 W
Fri Apr  3 15:35:57 IDT 2026, 235 W
Fri Apr  3 15:35:57 IDT 2026, 258 W
Fri Apr  3 15:35:57 IDT 2026, 268 W
Fri Apr  3 15:35:57 IDT 2026, 257 W
Fri Apr  3 15:35:57 IDT 2026, 262 W
Fri Apr  3 15:35:57 IDT 2026, 251 W
Fri Apr  3 15:35:57 IDT 2026, 262 W
Fri Apr  3 15:35:58 IDT 2026, 272 W
Fri Apr  3 15:35:58 IDT 2026, 232 W
Fri Apr  3 15:35:58 IDT 2026, 260 W
Fri Apr  3 15:35:58 IDT 2026, 269 W
Fri Apr  3 15:35:58 IDT 2026, 250 W
Fri Apr  3 15:35:58 IDT 2026, 255 W
Fri Apr  3 15:35:58 IDT 2026, 254 W
Fri Apr  3 15:35:58 IDT 2026, 262 W
Fri Apr  3 15:35:59 IDT 2026, 129 W
Fri Apr  3 15:35:59 IDT 2026, 101 W
Fri Apr  3 15:35:59 IDT 2026, 114 W
Fri Apr  3 15:35:59 IDT 2026, 133 W
Fri Apr  3 15:35:59 IDT 2026, 118 W
Fri Apr  3 15:35:59 IDT 2026, 122 W
Fri Apr  3 15:35:59 IDT 2026, 113 W
Fri Apr  3 15:35:59 IDT 2026, 125 W
Fri Apr  3 15:36:00 IDT 2026, 126 W
Fri Apr  3 15:36:00 IDT 2026, 97 W
Fri Apr  3 15:36:00 IDT 2026, 121 W
Fri Apr  3 15:36:00 IDT 2026, 134 W
Fri Apr  3 15:36:00 IDT 2026, 123 W
Fri Apr  3 15:36:00 IDT 2026, 124 W
Fri Apr  3 15:36:00 IDT 2026, 123 W
Fri Apr  3 15:36:00 IDT 2026, 125 W
Fri Apr  3 15:36:01 IDT 2026, 128 W
Fri Apr  3 15:36:01 IDT 2026, 97 W
Fri Apr  3 15:36:01 IDT 2026, 126 W
Fri Apr  3 15:36:01 IDT 2026, 135 W
Fri Apr  3 15:36:01 IDT 2026, 119 W
Fri Apr  3 15:36:01 IDT 2026, 122 W
Fri Apr  3 15:36:01 IDT 2026, 124 W
Fri Apr  3 15:36:01 IDT 2026, 132 W
Fri Apr  3 15:36:02 IDT 2026, 282 W
Fri Apr  3 15:36:02 IDT 2026, 253 W
Fri Apr  3 15:36:02 IDT 2026, 273 W
Fri Apr  3 15:36:02 IDT 2026, 287 W
Fri Apr  3 15:36:02 IDT 2026, 275 W
Fri Apr  3 15:36:02 IDT 2026, 278 W
Fri Apr  3 15:36:02 IDT 2026, 270 W
Fri Apr  3 15:36:02 IDT 2026, 282 W
Fri Apr  3 15:36:03 IDT 2026, 283 W
Fri Apr  3 15:36:03 IDT 2026, 254 W
Fri Apr  3 15:36:03 IDT 2026, 283 W
Fri Apr  3 15:36:03 IDT 2026, 290 W
Fri Apr  3 15:36:03 IDT 2026, 278 W
Fri Apr  3 15:36:03 IDT 2026, 285 W
Fri Apr  3 15:36:03 IDT 2026, 273 W
Fri Apr  3 15:36:03 IDT 2026, 283 W
Fri Apr  3 15:36:04 IDT 2026, 277 W
Fri Apr  3 15:36:04 IDT 2026, 257 W
Fri Apr  3 15:36:04 IDT 2026, 276 W
Fri Apr  3 15:36:04 IDT 2026, 292 W
Fri Apr  3 15:36:04 IDT 2026, 276 W
Fri Apr  3 15:36:04 IDT 2026, 285 W
Fri Apr  3 15:36:04 IDT 2026, 276 W
Fri Apr  3 15:36:04 IDT 2026, 281 W
Fri Apr  3 15:36:05 IDT 2026, 281 W
Fri Apr  3 15:36:05 IDT 2026, 244 W
Fri Apr  3 15:36:05 IDT 2026, 273 W
Fri Apr  3 15:36:05 IDT 2026, 284 W
Fri Apr  3 15:36:05 IDT 2026, 270 W
Fri Apr  3 15:36:05 IDT 2026, 274 W
Fri Apr  3 15:36:05 IDT 2026, 277 W
Fri Apr  3 15:36:05 IDT 2026, 275 W
Fri Apr  3 15:36:06 IDT 2026, 274 W
Fri Apr  3 15:36:06 IDT 2026, 242 W
Fri Apr  3 15:36:06 IDT 2026, 270 W
Fri Apr  3 15:36:06 IDT 2026, 278 W
Fri Apr  3 15:36:06 IDT 2026, 268 W
Fri Apr  3 15:36:06 IDT 2026, 281 W
Fri Apr  3 15:36:06 IDT 2026, 279 W
Fri Apr  3 15:36:06 IDT 2026, 277 W
Fri Apr  3 15:36:07 IDT 2026, 270 W
Fri Apr  3 15:36:07 IDT 2026, 239 W
Fri Apr  3 15:36:07 IDT 2026, 263 W
Fri Apr  3 15:36:07 IDT 2026, 278 W
Fri Apr  3 15:36:07 IDT 2026, 266 W
Fri Apr  3 15:36:07 IDT 2026, 272 W
Fri Apr  3 15:36:07 IDT 2026, 262 W
Fri Apr  3 15:36:07 IDT 2026, 278 W
Fri Apr  3 15:36:08 IDT 2026, 245 W
Fri Apr  3 15:36:08 IDT 2026, 216 W
Fri Apr  3 15:36:08 IDT 2026, 246 W
Fri Apr  3 15:36:08 IDT 2026, 257 W
Fri Apr  3 15:36:08 IDT 2026, 246 W
Fri Apr  3 15:36:08 IDT 2026, 248 W
Fri Apr  3 15:36:08 IDT 2026, 239 W
Fri Apr  3 15:36:08 IDT 2026, 247 W
Fri Apr  3 15:36:09 IDT 2026, 249 W
Fri Apr  3 15:36:09 IDT 2026, 211 W
Fri Apr  3 15:36:09 IDT 2026, 235 W
Fri Apr  3 15:36:09 IDT 2026, 247 W
Fri Apr  3 15:36:09 IDT 2026, 234 W
Fri Apr  3 15:36:09 IDT 2026, 233 W
Fri Apr  3 15:36:09 IDT 2026, 228 W
Fri Apr  3 15:36:09 IDT 2026, 247 W
Fri Apr  3 15:36:10 IDT 2026, 268 W
Fri Apr  3 15:36:10 IDT 2026, 229 W
Fri Apr  3 15:36:10 IDT 2026, 261 W
Fri Apr  3 15:36:10 IDT 2026, 267 W
Fri Apr  3 15:36:10 IDT 2026, 259 W
Fri Apr  3 15:36:10 IDT 2026, 265 W
Fri Apr  3 15:36:10 IDT 2026, 252 W
Fri Apr  3 15:36:10 IDT 2026, 259 W
Fri Apr  3 15:36:11 IDT 2026, 264 W
Fri Apr  3 15:36:11 IDT 2026, 237 W
Fri Apr  3 15:36:11 IDT 2026, 257 W
Fri Apr  3 15:36:11 IDT 2026, 268 W
Fri Apr  3 15:36:11 IDT 2026, 253 W
Fri Apr  3 15:36:11 IDT 2026, 259 W
Fri Apr  3 15:36:11 IDT 2026, 252 W
Fri Apr  3 15:36:11 IDT 2026, 263 W
Fri Apr  3 15:36:12 IDT 2026, 266 W
Fri Apr  3 15:36:12 IDT 2026, 240 W
Fri Apr  3 15:36:12 IDT 2026, 258 W
Fri Apr  3 15:36:12 IDT 2026, 276 W
Fri Apr  3 15:36:12 IDT 2026, 259 W
Fri Apr  3 15:36:12 IDT 2026, 266 W
Fri Apr  3 15:36:12 IDT 2026, 250 W
Fri Apr  3 15:36:12 IDT 2026, 259 W
Fri Apr  3 15:36:13 IDT 2026, 265 W
Fri Apr  3 15:36:13 IDT 2026, 220 W
Fri Apr  3 15:36:13 IDT 2026, 257 W
Fri Apr  3 15:36:13 IDT 2026, 250 W
Fri Apr  3 15:36:13 IDT 2026, 244 W
Fri Apr  3 15:36:13 IDT 2026, 248 W
Fri Apr  3 15:36:13 IDT 2026, 248 W
Fri Apr  3 15:36:13 IDT 2026, 250 W
Fri Apr  3 15:36:14 IDT 2026, 243 W
Fri Apr  3 15:36:14 IDT 2026, 219 W
Fri Apr  3 15:36:14 IDT 2026, 226 W
Fri Apr  3 15:36:14 IDT 2026, 253 W
Fri Apr  3 15:36:14 IDT 2026, 235 W
Fri Apr  3 15:36:14 IDT 2026, 227 W
Fri Apr  3 15:36:14 IDT 2026, 226 W
Fri Apr  3 15:36:14 IDT 2026, 240 W
Fri Apr  3 15:36:15 IDT 2026, 247 W
Fri Apr  3 15:36:15 IDT 2026, 222 W
Fri Apr  3 15:36:15 IDT 2026, 243 W
Fri Apr  3 15:36:15 IDT 2026, 254 W
Fri Apr  3 15:36:15 IDT 2026, 239 W
Fri Apr  3 15:36:15 IDT 2026, 237 W
Fri Apr  3 15:36:15 IDT 2026, 243 W
Fri Apr  3 15:36:15 IDT 2026, 243 W
Fri Apr  3 15:36:16 IDT 2026, 264 W
Fri Apr  3 15:36:16 IDT 2026, 225 W
Fri Apr  3 15:36:16 IDT 2026, 239 W
Fri Apr  3 15:36:16 IDT 2026, 259 W
Fri Apr  3 15:36:16 IDT 2026, 235 W
Fri Apr  3 15:36:16 IDT 2026, 242 W
Fri Apr  3 15:36:16 IDT 2026, 247 W
Fri Apr  3 15:36:16 IDT 2026, 250 W
Fri Apr  3 15:36:17 IDT 2026, 217 W
Fri Apr  3 15:36:17 IDT 2026, 190 W
Fri Apr  3 15:36:17 IDT 2026, 217 W
Fri Apr  3 15:36:17 IDT 2026, 227 W
Fri Apr  3 15:36:17 IDT 2026, 222 W
Fri Apr  3 15:36:17 IDT 2026, 215 W
Fri Apr  3 15:36:17 IDT 2026, 204 W
Fri Apr  3 15:36:17 IDT 2026, 222 W
Fri Apr  3 15:36:18 IDT 2026, 261 W
Fri Apr  3 15:36:18 IDT 2026, 223 W
Fri Apr  3 15:36:18 IDT 2026, 234 W
Fri Apr  3 15:36:18 IDT 2026, 252 W
Fri Apr  3 15:36:18 IDT 2026, 243 W
Fri Apr  3 15:36:18 IDT 2026, 244 W
Fri Apr  3 15:36:18 IDT 2026, 236 W
Fri Apr  3 15:36:18 IDT 2026, 242 W
Fri Apr  3 15:36:19 IDT 2026, 251 W
Fri Apr  3 15:36:19 IDT 2026, 216 W
Fri Apr  3 15:36:19 IDT 2026, 234 W
Fri Apr  3 15:36:19 IDT 2026, 251 W
Fri Apr  3 15:36:19 IDT 2026, 242 W
Fri Apr  3 15:36:19 IDT 2026, 227 W
Fri Apr  3 15:36:19 IDT 2026, 227 W
Fri Apr  3 15:36:19 IDT 2026, 230 W
Fri Apr  3 15:36:20 IDT 2026, 242 W
Fri Apr  3 15:36:20 IDT 2026, 207 W
Fri Apr  3 15:36:20 IDT 2026, 235 W
Fri Apr  3 15:36:20 IDT 2026, 242 W
Fri Apr  3 15:36:20 IDT 2026, 232 W
Fri Apr  3 15:36:20 IDT 2026, 232 W
Fri Apr  3 15:36:20 IDT 2026, 223 W
Fri Apr  3 15:36:20 IDT 2026, 231 W
Fri Apr  3 15:36:21 IDT 2026, 242 W
Fri Apr  3 15:36:21 IDT 2026, 209 W
Fri Apr  3 15:36:21 IDT 2026, 231 W
Fri Apr  3 15:36:21 IDT 2026, 249 W
Fri Apr  3 15:36:21 IDT 2026, 236 W
Fri Apr  3 15:36:21 IDT 2026, 236 W
Fri Apr  3 15:36:21 IDT 2026, 232 W
Fri Apr  3 15:36:21 IDT 2026, 238 W
Fri Apr  3 15:36:22 IDT 2026, 247 W
Fri Apr  3 15:36:22 IDT 2026, 217 W
Fri Apr  3 15:36:22 IDT 2026, 251 W
Fri Apr  3 15:36:22 IDT 2026, 261 W
Fri Apr  3 15:36:22 IDT 2026, 238 W
Fri Apr  3 15:36:22 IDT 2026, 247 W
Fri Apr  3 15:36:22 IDT 2026, 235 W
Fri Apr  3 15:36:22 IDT 2026, 246 W
Fri Apr  3 15:36:23 IDT 2026, 243 W
Fri Apr  3 15:36:23 IDT 2026, 216 W
Fri Apr  3 15:36:23 IDT 2026, 241 W
Fri Apr  3 15:36:23 IDT 2026, 247 W
Fri Apr  3 15:36:23 IDT 2026, 233 W
Fri Apr  3 15:36:23 IDT 2026, 241 W
Fri Apr  3 15:36:23 IDT 2026, 245 W
Fri Apr  3 15:36:23 IDT 2026, 241 W
Fri Apr  3 15:36:24 IDT 2026, 226 W
Fri Apr  3 15:36:24 IDT 2026, 197 W
Fri Apr  3 15:36:24 IDT 2026, 219 W
Fri Apr  3 15:36:24 IDT 2026, 224 W
Fri Apr  3 15:36:24 IDT 2026, 222 W
Fri Apr  3 15:36:24 IDT 2026, 219 W
Fri Apr  3 15:36:24 IDT 2026, 215 W
Fri Apr  3 15:36:24 IDT 2026, 217 W
Fri Apr  3 15:36:25 IDT 2026, 240 W
Fri Apr  3 15:36:25 IDT 2026, 194 W
Fri Apr  3 15:36:25 IDT 2026, 225 W
Fri Apr  3 15:36:25 IDT 2026, 235 W
Fri Apr  3 15:36:25 IDT 2026, 226 W
Fri Apr  3 15:36:25 IDT 2026, 228 W
Fri Apr  3 15:36:25 IDT 2026, 212 W
Fri Apr  3 15:36:25 IDT 2026, 226 W
Fri Apr  3 15:36:26 IDT 2026, 130 W
Fri Apr  3 15:36:26 IDT 2026, 99 W
Fri Apr  3 15:36:26 IDT 2026, 127 W
Fri Apr  3 15:36:26 IDT 2026, 129 W
Fri Apr  3 15:36:26 IDT 2026, 122 W
Fri Apr  3 15:36:26 IDT 2026, 125 W
Fri Apr  3 15:36:26 IDT 2026, 114 W
Fri Apr  3 15:36:26 IDT 2026, 128 W
Fri Apr  3 15:36:27 IDT 2026, 129 W
Fri Apr  3 15:36:27 IDT 2026, 100 W
Fri Apr  3 15:36:27 IDT 2026, 116 W
Fri Apr  3 15:36:27 IDT 2026, 132 W
Fri Apr  3 15:36:27 IDT 2026, 115 W
Fri Apr  3 15:36:27 IDT 2026, 121 W
Fri Apr  3 15:36:27 IDT 2026, 113 W
Fri Apr  3 15:36:27 IDT 2026, 128 W
Fri Apr  3 15:36:28 IDT 2026, 131 W
Fri Apr  3 15:36:28 IDT 2026, 107 W
Fri Apr  3 15:36:28 IDT 2026, 112 W
Fri Apr  3 15:36:28 IDT 2026, 136 W
Fri Apr  3 15:36:28 IDT 2026, 116 W
Fri Apr  3 15:36:28 IDT 2026, 126 W
Fri Apr  3 15:36:28 IDT 2026, 120 W
Fri Apr  3 15:36:28 IDT 2026, 123 W
Fri Apr  3 15:36:29 IDT 2026, 287 W
Fri Apr  3 15:36:29 IDT 2026, 255 W
Fri Apr  3 15:36:29 IDT 2026, 273 W
Fri Apr  3 15:36:29 IDT 2026, 287 W
Fri Apr  3 15:36:29 IDT 2026, 275 W
Fri Apr  3 15:36:29 IDT 2026, 279 W
Fri Apr  3 15:36:29 IDT 2026, 279 W
Fri Apr  3 15:36:29 IDT 2026, 280 W
Fri Apr  3 15:36:30 IDT 2026, 282 W
Fri Apr  3 15:36:30 IDT 2026, 258 W
Fri Apr  3 15:36:30 IDT 2026, 274 W
Fri Apr  3 15:36:30 IDT 2026, 285 W
Fri Apr  3 15:36:30 IDT 2026, 280 W
Fri Apr  3 15:36:30 IDT 2026, 288 W
Fri Apr  3 15:36:30 IDT 2026, 272 W
Fri Apr  3 15:36:30 IDT 2026, 284 W
Fri Apr  3 15:36:31 IDT 2026, 282 W
Fri Apr  3 15:36:31 IDT 2026, 257 W
Fri Apr  3 15:36:31 IDT 2026, 278 W
Fri Apr  3 15:36:31 IDT 2026, 294 W
Fri Apr  3 15:36:31 IDT 2026, 276 W
Fri Apr  3 15:36:31 IDT 2026, 282 W
Fri Apr  3 15:36:31 IDT 2026, 267 W
Fri Apr  3 15:36:31 IDT 2026, 278 W
Fri Apr  3 15:36:32 IDT 2026, 285 W
Fri Apr  3 15:36:32 IDT 2026, 253 W
Fri Apr  3 15:36:32 IDT 2026, 279 W
Fri Apr  3 15:36:32 IDT 2026, 290 W
Fri Apr  3 15:36:32 IDT 2026, 280 W
Fri Apr  3 15:36:32 IDT 2026, 278 W
Fri Apr  3 15:36:32 IDT 2026, 274 W
Fri Apr  3 15:36:32 IDT 2026, 278 W
Fri Apr  3 15:36:33 IDT 2026, 284 W
Fri Apr  3 15:36:33 IDT 2026, 249 W
Fri Apr  3 15:36:33 IDT 2026, 272 W
Fri Apr  3 15:36:33 IDT 2026, 299 W
Fri Apr  3 15:36:33 IDT 2026, 276 W
Fri Apr  3 15:36:33 IDT 2026, 284 W
Fri Apr  3 15:36:33 IDT 2026, 281 W
Fri Apr  3 15:36:33 IDT 2026, 278 W
Fri Apr  3 15:36:34 IDT 2026, 281 W
Fri Apr  3 15:36:34 IDT 2026, 257 W
Fri Apr  3 15:36:34 IDT 2026, 271 W
Fri Apr  3 15:36:34 IDT 2026, 291 W
Fri Apr  3 15:36:34 IDT 2026, 275 W
Fri Apr  3 15:36:34 IDT 2026, 281 W
Fri Apr  3 15:36:34 IDT 2026, 278 W
Fri Apr  3 15:36:34 IDT 2026, 289 W
Fri Apr  3 15:36:35 IDT 2026, 280 W
Fri Apr  3 15:36:35 IDT 2026, 254 W
Fri Apr  3 15:36:35 IDT 2026, 274 W
Fri Apr  3 15:36:35 IDT 2026, 283 W
Fri Apr  3 15:36:35 IDT 2026, 274 W
Fri Apr  3 15:36:35 IDT 2026, 276 W
Fri Apr  3 15:36:35 IDT 2026, 276 W
Fri Apr  3 15:36:35 IDT 2026, 278 W
Fri Apr  3 15:36:36 IDT 2026, 273 W
Fri Apr  3 15:36:36 IDT 2026, 240 W
Fri Apr  3 15:36:36 IDT 2026, 268 W
Fri Apr  3 15:36:36 IDT 2026, 273 W
Fri Apr  3 15:36:36 IDT 2026, 266 W
Fri Apr  3 15:36:36 IDT 2026, 263 W
Fri Apr  3 15:36:36 IDT 2026, 264 W
Fri Apr  3 15:36:36 IDT 2026, 272 W
Fri Apr  3 15:36:37 IDT 2026, 266 W
Fri Apr  3 15:36:37 IDT 2026, 241 W
Fri Apr  3 15:36:37 IDT 2026, 264 W
Fri Apr  3 15:36:37 IDT 2026, 271 W
Fri Apr  3 15:36:37 IDT 2026, 266 W
Fri Apr  3 15:36:37 IDT 2026, 264 W
Fri Apr  3 15:36:37 IDT 2026, 262 W
Fri Apr  3 15:36:37 IDT 2026, 264 W
Fri Apr  3 15:36:38 IDT 2026, 276 W
Fri Apr  3 15:36:38 IDT 2026, 247 W
Fri Apr  3 15:36:38 IDT 2026, 265 W
Fri Apr  3 15:36:38 IDT 2026, 280 W
Fri Apr  3 15:36:38 IDT 2026, 272 W
Fri Apr  3 15:36:38 IDT 2026, 266 W
Fri Apr  3 15:36:38 IDT 2026, 268 W
Fri Apr  3 15:36:38 IDT 2026, 267 W
Fri Apr  3 15:36:39 IDT 2026, 272 W
Fri Apr  3 15:36:39 IDT 2026, 242 W
Fri Apr  3 15:36:39 IDT 2026, 263 W
Fri Apr  3 15:36:39 IDT 2026, 280 W
Fri Apr  3 15:36:39 IDT 2026, 266 W
Fri Apr  3 15:36:39 IDT 2026, 265 W
Fri Apr  3 15:36:39 IDT 2026, 266 W
Fri Apr  3 15:36:39 IDT 2026, 267 W
Fri Apr  3 15:36:40 IDT 2026, 266 W
Fri Apr  3 15:36:40 IDT 2026, 241 W
Fri Apr  3 15:36:40 IDT 2026, 265 W
Fri Apr  3 15:36:40 IDT 2026, 277 W
Fri Apr  3 15:36:40 IDT 2026, 273 W
Fri Apr  3 15:36:40 IDT 2026, 271 W
Fri Apr  3 15:36:40 IDT 2026, 268 W
Fri Apr  3 15:36:40 IDT 2026, 275 W
Fri Apr  3 15:36:41 IDT 2026, 268 W
Fri Apr  3 15:36:41 IDT 2026, 244 W
Fri Apr  3 15:36:41 IDT 2026, 256 W
Fri Apr  3 15:36:41 IDT 2026, 273 W
Fri Apr  3 15:36:41 IDT 2026, 256 W
Fri Apr  3 15:36:41 IDT 2026, 266 W
Fri Apr  3 15:36:41 IDT 2026, 268 W
Fri Apr  3 15:36:41 IDT 2026, 265 W
Fri Apr  3 15:36:42 IDT 2026, 267 W
Fri Apr  3 15:36:42 IDT 2026, 238 W
Fri Apr  3 15:36:42 IDT 2026, 260 W
Fri Apr  3 15:36:42 IDT 2026, 274 W
Fri Apr  3 15:36:42 IDT 2026, 262 W
Fri Apr  3 15:36:42 IDT 2026, 262 W
Fri Apr  3 15:36:42 IDT 2026, 255 W
Fri Apr  3 15:36:42 IDT 2026, 265 W
Fri Apr  3 15:36:43 IDT 2026, 270 W
Fri Apr  3 15:36:43 IDT 2026, 240 W
Fri Apr  3 15:36:43 IDT 2026, 268 W
Fri Apr  3 15:36:43 IDT 2026, 269 W
Fri Apr  3 15:36:43 IDT 2026, 264 W
Fri Apr  3 15:36:43 IDT 2026, 275 W
Fri Apr  3 15:36:43 IDT 2026, 258 W
Fri Apr  3 15:36:43 IDT 2026, 270 W
Fri Apr  3 15:36:44 IDT 2026, 264 W
Fri Apr  3 15:36:44 IDT 2026, 240 W
Fri Apr  3 15:36:44 IDT 2026, 265 W
Fri Apr  3 15:36:44 IDT 2026, 270 W
Fri Apr  3 15:36:44 IDT 2026, 259 W
Fri Apr  3 15:36:44 IDT 2026, 265 W
Fri Apr  3 15:36:44 IDT 2026, 267 W
Fri Apr  3 15:36:44 IDT 2026, 268 W
Fri Apr  3 15:36:45 IDT 2026, 276 W
Fri Apr  3 15:36:45 IDT 2026, 238 W
Fri Apr  3 15:36:45 IDT 2026, 262 W
Fri Apr  3 15:36:45 IDT 2026, 280 W
Fri Apr  3 15:36:45 IDT 2026, 260 W
Fri Apr  3 15:36:45 IDT 2026, 268 W
Fri Apr  3 15:36:45 IDT 2026, 262 W
Fri Apr  3 15:36:45 IDT 2026, 274 W
Fri Apr  3 15:36:46 IDT 2026, 268 W
Fri Apr  3 15:36:46 IDT 2026, 240 W
Fri Apr  3 15:36:46 IDT 2026, 250 W
Fri Apr  3 15:36:46 IDT 2026, 261 W
Fri Apr  3 15:36:46 IDT 2026, 269 W
Fri Apr  3 15:36:46 IDT 2026, 259 W
Fri Apr  3 15:36:46 IDT 2026, 256 W
Fri Apr  3 15:36:46 IDT 2026, 255 W
Fri Apr  3 15:36:47 IDT 2026, 233 W
Fri Apr  3 15:36:47 IDT 2026, 200 W
Fri Apr  3 15:36:47 IDT 2026, 230 W
Fri Apr  3 15:36:47 IDT 2026, 243 W
Fri Apr  3 15:36:47 IDT 2026, 228 W
Fri Apr  3 15:36:47 IDT 2026, 227 W
Fri Apr  3 15:36:47 IDT 2026, 235 W
Fri Apr  3 15:36:47 IDT 2026, 234 W
Fri Apr  3 15:36:48 IDT 2026, 241 W
Fri Apr  3 15:36:48 IDT 2026, 213 W
Fri Apr  3 15:36:48 IDT 2026, 232 W
Fri Apr  3 15:36:48 IDT 2026, 240 W
Fri Apr  3 15:36:48 IDT 2026, 233 W
Fri Apr  3 15:36:48 IDT 2026, 244 W
Fri Apr  3 15:36:48 IDT 2026, 228 W
Fri Apr  3 15:36:48 IDT 2026, 240 W
Fri Apr  3 15:36:49 IDT 2026, 241 W
Fri Apr  3 15:36:49 IDT 2026, 210 W
Fri Apr  3 15:36:49 IDT 2026, 230 W
Fri Apr  3 15:36:49 IDT 2026, 245 W
Fri Apr  3 15:36:49 IDT 2026, 231 W
Fri Apr  3 15:36:49 IDT 2026, 243 W
Fri Apr  3 15:36:49 IDT 2026, 229 W
Fri Apr  3 15:36:49 IDT 2026, 233 W
Fri Apr  3 15:36:50 IDT 2026, 238 W
Fri Apr  3 15:36:50 IDT 2026, 213 W
Fri Apr  3 15:36:50 IDT 2026, 234 W
Fri Apr  3 15:36:50 IDT 2026, 244 W
Fri Apr  3 15:36:50 IDT 2026, 236 W
Fri Apr  3 15:36:50 IDT 2026, 236 W
Fri Apr  3 15:36:50 IDT 2026, 236 W
Fri Apr  3 15:36:50 IDT 2026, 239 W
Fri Apr  3 15:36:51 IDT 2026, 134 W
Fri Apr  3 15:36:51 IDT 2026, 95 W
Fri Apr  3 15:36:51 IDT 2026, 113 W
Fri Apr  3 15:36:51 IDT 2026, 133 W
Fri Apr  3 15:36:51 IDT 2026, 122 W
Fri Apr  3 15:36:51 IDT 2026, 126 W
Fri Apr  3 15:36:51 IDT 2026, 119 W
Fri Apr  3 15:36:51 IDT 2026, 125 W
Fri Apr  3 15:36:52 IDT 2026, 286 W
Fri Apr  3 15:36:52 IDT 2026, 262 W
Fri Apr  3 15:36:52 IDT 2026, 273 W
Fri Apr  3 15:36:52 IDT 2026, 286 W
Fri Apr  3 15:36:52 IDT 2026, 284 W
Fri Apr  3 15:36:52 IDT 2026, 277 W
Fri Apr  3 15:36:52 IDT 2026, 281 W
Fri Apr  3 15:36:52 IDT 2026, 289 W
Fri Apr  3 15:36:53 IDT 2026, 289 W
Fri Apr  3 15:36:53 IDT 2026, 262 W
Fri Apr  3 15:36:53 IDT 2026, 275 W
Fri Apr  3 15:36:53 IDT 2026, 288 W
Fri Apr  3 15:36:53 IDT 2026, 275 W
Fri Apr  3 15:36:53 IDT 2026, 276 W
Fri Apr  3 15:36:53 IDT 2026, 271 W
Fri Apr  3 15:36:53 IDT 2026, 277 W
Fri Apr  3 15:36:54 IDT 2026, 292 W
Fri Apr  3 15:36:54 IDT 2026, 257 W
Fri Apr  3 15:36:54 IDT 2026, 278 W
Fri Apr  3 15:36:54 IDT 2026, 291 W
Fri Apr  3 15:36:54 IDT 2026, 279 W
Fri Apr  3 15:36:54 IDT 2026, 279 W
Fri Apr  3 15:36:54 IDT 2026, 273 W
Fri Apr  3 15:36:54 IDT 2026, 283 W
Fri Apr  3 15:36:55 IDT 2026, 234 W
Fri Apr  3 15:36:55 IDT 2026, 202 W
Fri Apr  3 15:36:55 IDT 2026, 214 W
Fri Apr  3 15:36:55 IDT 2026, 236 W
Fri Apr  3 15:36:55 IDT 2026, 220 W
Fri Apr  3 15:36:55 IDT 2026, 234 W
Fri Apr  3 15:36:55 IDT 2026, 225 W
Fri Apr  3 15:36:55 IDT 2026, 230 W
Fri Apr  3 15:36:56 IDT 2026, 285 W
Fri Apr  3 15:36:56 IDT 2026, 246 W
Fri Apr  3 15:36:56 IDT 2026, 278 W
Fri Apr  3 15:36:56 IDT 2026, 284 W
Fri Apr  3 15:36:56 IDT 2026, 278 W
Fri Apr  3 15:36:56 IDT 2026, 280 W
Fri Apr  3 15:36:56 IDT 2026, 275 W
Fri Apr  3 15:36:56 IDT 2026, 288 W
Fri Apr  3 15:36:57 IDT 2026, 284 W
Fri Apr  3 15:36:57 IDT 2026, 254 W
Fri Apr  3 15:36:57 IDT 2026, 276 W
Fri Apr  3 15:36:57 IDT 2026, 286 W
Fri Apr  3 15:36:57 IDT 2026, 276 W
Fri Apr  3 15:36:57 IDT 2026, 273 W
Fri Apr  3 15:36:57 IDT 2026, 269 W
Fri Apr  3 15:36:57 IDT 2026, 277 W
Fri Apr  3 15:36:58 IDT 2026, 279 W
Fri Apr  3 15:36:58 IDT 2026, 257 W
Fri Apr  3 15:36:58 IDT 2026, 272 W
Fri Apr  3 15:36:58 IDT 2026, 293 W
Fri Apr  3 15:36:58 IDT 2026, 275 W
Fri Apr  3 15:36:58 IDT 2026, 278 W
Fri Apr  3 15:36:58 IDT 2026, 278 W
Fri Apr  3 15:36:58 IDT 2026, 286 W
Fri Apr  3 15:36:59 IDT 2026, 277 W
Fri Apr  3 15:36:59 IDT 2026, 253 W
Fri Apr  3 15:36:59 IDT 2026, 276 W
Fri Apr  3 15:36:59 IDT 2026, 288 W
Fri Apr  3 15:36:59 IDT 2026, 277 W
Fri Apr  3 15:36:59 IDT 2026, 278 W
Fri Apr  3 15:36:59 IDT 2026, 272 W
Fri Apr  3 15:36:59 IDT 2026, 286 W
Fri Apr  3 15:37:00 IDT 2026, 268 W
Fri Apr  3 15:37:00 IDT 2026, 234 W
Fri Apr  3 15:37:00 IDT 2026, 262 W
Fri Apr  3 15:37:00 IDT 2026, 273 W
Fri Apr  3 15:37:00 IDT 2026, 263 W
Fri Apr  3 15:37:00 IDT 2026, 267 W
Fri Apr  3 15:37:00 IDT 2026, 252 W
Fri Apr  3 15:37:00 IDT 2026, 270 W
Fri Apr  3 15:37:01 IDT 2026, 270 W
Fri Apr  3 15:37:01 IDT 2026, 243 W
Fri Apr  3 15:37:01 IDT 2026, 261 W
Fri Apr  3 15:37:01 IDT 2026, 283 W
Fri Apr  3 15:37:01 IDT 2026, 268 W
Fri Apr  3 15:37:01 IDT 2026, 265 W
Fri Apr  3 15:37:01 IDT 2026, 260 W
Fri Apr  3 15:37:01 IDT 2026, 273 W
Fri Apr  3 15:37:02 IDT 2026, 270 W
Fri Apr  3 15:37:02 IDT 2026, 238 W
Fri Apr  3 15:37:02 IDT 2026, 266 W
Fri Apr  3 15:37:02 IDT 2026, 270 W
Fri Apr  3 15:37:02 IDT 2026, 258 W
Fri Apr  3 15:37:02 IDT 2026, 258 W
Fri Apr  3 15:37:02 IDT 2026, 261 W
Fri Apr  3 15:37:02 IDT 2026, 263 W
Fri Apr  3 15:37:03 IDT 2026, 270 W
Fri Apr  3 15:37:03 IDT 2026, 241 W
Fri Apr  3 15:37:03 IDT 2026, 262 W
Fri Apr  3 15:37:03 IDT 2026, 274 W
Fri Apr  3 15:37:03 IDT 2026, 264 W
Fri Apr  3 15:37:03 IDT 2026, 262 W
Fri Apr  3 15:37:03 IDT 2026, 259 W
Fri Apr  3 15:37:03 IDT 2026, 269 W
Fri Apr  3 15:37:04 IDT 2026, 133 W
Fri Apr  3 15:37:04 IDT 2026, 106 W
Fri Apr  3 15:37:04 IDT 2026, 115 W
Fri Apr  3 15:37:04 IDT 2026, 136 W
Fri Apr  3 15:37:04 IDT 2026, 119 W
Fri Apr  3 15:37:04 IDT 2026, 127 W
Fri Apr  3 15:37:04 IDT 2026, 110 W
Fri Apr  3 15:37:04 IDT 2026, 124 W
Fri Apr  3 15:37:05 IDT 2026, 134 W
Fri Apr  3 15:37:05 IDT 2026, 100 W
Fri Apr  3 15:37:05 IDT 2026, 114 W
Fri Apr  3 15:37:05 IDT 2026, 137 W
Fri Apr  3 15:37:05 IDT 2026, 124 W
Fri Apr  3 15:37:05 IDT 2026, 127 W
Fri Apr  3 15:37:05 IDT 2026, 116 W
Fri Apr  3 15:37:05 IDT 2026, 124 W
Fri Apr  3 15:37:06 IDT 2026, 206 W
Fri Apr  3 15:37:06 IDT 2026, 177 W
Fri Apr  3 15:37:06 IDT 2026, 186 W
Fri Apr  3 15:37:06 IDT 2026, 218 W
Fri Apr  3 15:37:06 IDT 2026, 196 W
Fri Apr  3 15:37:06 IDT 2026, 206 W
Fri Apr  3 15:37:06 IDT 2026, 200 W
Fri Apr  3 15:37:06 IDT 2026, 204 W
Fri Apr  3 15:37:07 IDT 2026, 207 W
Fri Apr  3 15:37:07 IDT 2026, 183 W
Fri Apr  3 15:37:07 IDT 2026, 207 W
Fri Apr  3 15:37:07 IDT 2026, 205 W
Fri Apr  3 15:37:07 IDT 2026, 204 W
Fri Apr  3 15:37:07 IDT 2026, 203 W
Fri Apr  3 15:37:07 IDT 2026, 187 W
Fri Apr  3 15:37:07 IDT 2026, 205 W
Fri Apr  3 15:37:08 IDT 2026, 214 W
Fri Apr  3 15:37:08 IDT 2026, 177 W
Fri Apr  3 15:37:08 IDT 2026, 195 W
Fri Apr  3 15:37:08 IDT 2026, 207 W
Fri Apr  3 15:37:08 IDT 2026, 191 W
Fri Apr  3 15:37:08 IDT 2026, 202 W
Fri Apr  3 15:37:08 IDT 2026, 201 W
Fri Apr  3 15:37:08 IDT 2026, 199 W
Fri Apr  3 15:37:09 IDT 2026, 206 W
Fri Apr  3 15:37:09 IDT 2026, 179 W
Fri Apr  3 15:37:09 IDT 2026, 192 W
Fri Apr  3 15:37:09 IDT 2026, 211 W
Fri Apr  3 15:37:09 IDT 2026, 197 W
Fri Apr  3 15:37:09 IDT 2026, 203 W
Fri Apr  3 15:37:09 IDT 2026, 200 W
Fri Apr  3 15:37:09 IDT 2026, 195 W
Fri Apr  3 15:37:10 IDT 2026, 210 W
Fri Apr  3 15:37:10 IDT 2026, 174 W
Fri Apr  3 15:37:10 IDT 2026, 201 W
Fri Apr  3 15:37:10 IDT 2026, 199 W
Fri Apr  3 15:37:10 IDT 2026, 198 W
Fri Apr  3 15:37:10 IDT 2026, 201 W
Fri Apr  3 15:37:10 IDT 2026, 200 W
Fri Apr  3 15:37:10 IDT 2026, 210 W
Fri Apr  3 15:37:11 IDT 2026, 202 W
Fri Apr  3 15:37:11 IDT 2026, 164 W
Fri Apr  3 15:37:11 IDT 2026, 196 W
Fri Apr  3 15:37:11 IDT 2026, 203 W
Fri Apr  3 15:37:11 IDT 2026, 197 W
Fri Apr  3 15:37:11 IDT 2026, 200 W
Fri Apr  3 15:37:11 IDT 2026, 200 W
Fri Apr  3 15:37:11 IDT 2026, 208 W
Fri Apr  3 15:37:12 IDT 2026, 215 W
Fri Apr  3 15:37:12 IDT 2026, 185 W
Fri Apr  3 15:37:12 IDT 2026, 208 W
Fri Apr  3 15:37:12 IDT 2026, 218 W
Fri Apr  3 15:37:12 IDT 2026, 202 W
Fri Apr  3 15:37:12 IDT 2026, 215 W
Fri Apr  3 15:37:12 IDT 2026, 206 W
Fri Apr  3 15:37:12 IDT 2026, 214 W
Fri Apr  3 15:37:13 IDT 2026, 213 W
Fri Apr  3 15:37:13 IDT 2026, 177 W
Fri Apr  3 15:37:13 IDT 2026, 204 W
Fri Apr  3 15:37:13 IDT 2026, 210 W
Fri Apr  3 15:37:13 IDT 2026, 199 W
Fri Apr  3 15:37:13 IDT 2026, 201 W
Fri Apr  3 15:37:13 IDT 2026, 205 W
Fri Apr  3 15:37:13 IDT 2026, 199 W
Fri Apr  3 15:37:14 IDT 2026, 213 W
Fri Apr  3 15:37:14 IDT 2026, 185 W
Fri Apr  3 15:37:14 IDT 2026, 208 W
Fri Apr  3 15:37:14 IDT 2026, 213 W
Fri Apr  3 15:37:14 IDT 2026, 199 W
Fri Apr  3 15:37:14 IDT 2026, 199 W
Fri Apr  3 15:37:14 IDT 2026, 205 W
Fri Apr  3 15:37:14 IDT 2026, 214 W
Fri Apr  3 15:37:15 IDT 2026, 226 W
Fri Apr  3 15:37:15 IDT 2026, 188 W
Fri Apr  3 15:37:15 IDT 2026, 202 W
Fri Apr  3 15:37:15 IDT 2026, 220 W
Fri Apr  3 15:37:15 IDT 2026, 215 W
Fri Apr  3 15:37:15 IDT 2026, 214 W
Fri Apr  3 15:37:15 IDT 2026, 208 W
Fri Apr  3 15:37:15 IDT 2026, 216 W
Fri Apr  3 15:37:16 IDT 2026, 191 W
Fri Apr  3 15:37:16 IDT 2026, 165 W
Fri Apr  3 15:37:16 IDT 2026, 191 W
Fri Apr  3 15:37:16 IDT 2026, 200 W
Fri Apr  3 15:37:16 IDT 2026, 179 W
Fri Apr  3 15:37:16 IDT 2026, 185 W
Fri Apr  3 15:37:16 IDT 2026, 182 W
Fri Apr  3 15:37:16 IDT 2026, 195 W
Fri Apr  3 15:37:17 IDT 2026, 138 W
Fri Apr  3 15:37:17 IDT 2026, 101 W
Fri Apr  3 15:37:17 IDT 2026, 117 W
Fri Apr  3 15:37:17 IDT 2026, 138 W
Fri Apr  3 15:37:17 IDT 2026, 121 W
Fri Apr  3 15:37:17 IDT 2026, 123 W
Fri Apr  3 15:37:17 IDT 2026, 115 W
Fri Apr  3 15:37:17 IDT 2026, 126 W
Fri Apr  3 15:37:18 IDT 2026, 278 W
Fri Apr  3 15:37:18 IDT 2026, 255 W
Fri Apr  3 15:37:18 IDT 2026, 270 W
Fri Apr  3 15:37:18 IDT 2026, 286 W
Fri Apr  3 15:37:18 IDT 2026, 272 W
Fri Apr  3 15:37:18 IDT 2026, 281 W
Fri Apr  3 15:37:18 IDT 2026, 274 W
Fri Apr  3 15:37:18 IDT 2026, 273 W
Fri Apr  3 15:37:19 IDT 2026, 288 W
Fri Apr  3 15:37:19 IDT 2026, 253 W
Fri Apr  3 15:37:19 IDT 2026, 272 W
Fri Apr  3 15:37:19 IDT 2026, 285 W
Fri Apr  3 15:37:19 IDT 2026, 275 W
Fri Apr  3 15:37:19 IDT 2026, 272 W
Fri Apr  3 15:37:19 IDT 2026, 277 W
Fri Apr  3 15:37:19 IDT 2026, 279 W
Fri Apr  3 15:37:20 IDT 2026, 282 W
Fri Apr  3 15:37:20 IDT 2026, 251 W
Fri Apr  3 15:37:20 IDT 2026, 273 W
Fri Apr  3 15:37:20 IDT 2026, 283 W
Fri Apr  3 15:37:20 IDT 2026, 276 W
Fri Apr  3 15:37:20 IDT 2026, 280 W
Fri Apr  3 15:37:20 IDT 2026, 278 W
Fri Apr  3 15:37:20 IDT 2026, 281 W
Fri Apr  3 15:37:21 IDT 2026, 289 W
Fri Apr  3 15:37:21 IDT 2026, 258 W
Fri Apr  3 15:37:21 IDT 2026, 280 W
Fri Apr  3 15:37:21 IDT 2026, 291 W
Fri Apr  3 15:37:21 IDT 2026, 277 W
Fri Apr  3 15:37:21 IDT 2026, 276 W
Fri Apr  3 15:37:21 IDT 2026, 277 W
Fri Apr  3 15:37:21 IDT 2026, 281 W
Fri Apr  3 15:37:22 IDT 2026, 280 W
Fri Apr  3 15:37:22 IDT 2026, 254 W
Fri Apr  3 15:37:22 IDT 2026, 275 W
Fri Apr  3 15:37:22 IDT 2026, 289 W
Fri Apr  3 15:37:22 IDT 2026, 273 W
Fri Apr  3 15:37:22 IDT 2026, 277 W
Fri Apr  3 15:37:22 IDT 2026, 277 W
Fri Apr  3 15:37:22 IDT 2026, 290 W
Fri Apr  3 15:37:23 IDT 2026, 287 W
Fri Apr  3 15:37:23 IDT 2026, 249 W
Fri Apr  3 15:37:23 IDT 2026, 274 W
Fri Apr  3 15:37:23 IDT 2026, 286 W
Fri Apr  3 15:37:23 IDT 2026, 279 W
Fri Apr  3 15:37:23 IDT 2026, 284 W
Fri Apr  3 15:37:23 IDT 2026, 270 W
Fri Apr  3 15:37:23 IDT 2026, 281 W
Fri Apr  3 15:37:24 IDT 2026, 280 W
Fri Apr  3 15:37:24 IDT 2026, 258 W
Fri Apr  3 15:37:24 IDT 2026, 282 W
Fri Apr  3 15:37:24 IDT 2026, 285 W
Fri Apr  3 15:37:24 IDT 2026, 281 W
Fri Apr  3 15:37:24 IDT 2026, 275 W
Fri Apr  3 15:37:24 IDT 2026, 271 W
Fri Apr  3 15:37:24 IDT 2026, 288 W
Fri Apr  3 15:37:25 IDT 2026, 285 W
Fri Apr  3 15:37:25 IDT 2026, 258 W
Fri Apr  3 15:37:25 IDT 2026, 278 W
Fri Apr  3 15:37:25 IDT 2026, 288 W
Fri Apr  3 15:37:25 IDT 2026, 280 W
Fri Apr  3 15:37:25 IDT 2026, 275 W
Fri Apr  3 15:37:25 IDT 2026, 277 W
Fri Apr  3 15:37:25 IDT 2026, 281 W
Fri Apr  3 15:37:26 IDT 2026, 286 W
Fri Apr  3 15:37:26 IDT 2026, 251 W
Fri Apr  3 15:37:26 IDT 2026, 273 W
Fri Apr  3 15:37:26 IDT 2026, 293 W
Fri Apr  3 15:37:26 IDT 2026, 284 W
Fri Apr  3 15:37:26 IDT 2026, 286 W
Fri Apr  3 15:37:26 IDT 2026, 281 W
Fri Apr  3 15:37:26 IDT 2026, 278 W
Fri Apr  3 15:37:27 IDT 2026, 270 W
Fri Apr  3 15:37:27 IDT 2026, 238 W
Fri Apr  3 15:37:27 IDT 2026, 258 W
Fri Apr  3 15:37:27 IDT 2026, 274 W
Fri Apr  3 15:37:27 IDT 2026, 272 W
Fri Apr  3 15:37:27 IDT 2026, 267 W
Fri Apr  3 15:37:27 IDT 2026, 262 W
Fri Apr  3 15:37:27 IDT 2026, 271 W
Fri Apr  3 15:37:28 IDT 2026, 267 W
Fri Apr  3 15:37:28 IDT 2026, 244 W
Fri Apr  3 15:37:28 IDT 2026, 260 W
Fri Apr  3 15:37:28 IDT 2026, 275 W
Fri Apr  3 15:37:28 IDT 2026, 272 W
Fri Apr  3 15:37:28 IDT 2026, 261 W
Fri Apr  3 15:37:28 IDT 2026, 263 W
Fri Apr  3 15:37:28 IDT 2026, 267 W
Fri Apr  3 15:37:29 IDT 2026, 272 W
Fri Apr  3 15:37:29 IDT 2026, 236 W
Fri Apr  3 15:37:29 IDT 2026, 263 W
Fri Apr  3 15:37:29 IDT 2026, 268 W
Fri Apr  3 15:37:29 IDT 2026, 271 W
Fri Apr  3 15:37:29 IDT 2026, 264 W
Fri Apr  3 15:37:29 IDT 2026, 261 W
Fri Apr  3 15:37:29 IDT 2026, 269 W
Fri Apr  3 15:37:30 IDT 2026, 270 W
Fri Apr  3 15:37:30 IDT 2026, 242 W
Fri Apr  3 15:37:30 IDT 2026, 259 W
Fri Apr  3 15:37:30 IDT 2026, 272 W
Fri Apr  3 15:37:30 IDT 2026, 260 W
Fri Apr  3 15:37:30 IDT 2026, 268 W
Fri Apr  3 15:37:30 IDT 2026, 260 W
Fri Apr  3 15:37:30 IDT 2026, 269 W
Fri Apr  3 15:37:31 IDT 2026, 268 W
Fri Apr  3 15:37:31 IDT 2026, 235 W
Fri Apr  3 15:37:31 IDT 2026, 271 W
Fri Apr  3 15:37:31 IDT 2026, 273 W
Fri Apr  3 15:37:31 IDT 2026, 257 W
Fri Apr  3 15:37:31 IDT 2026, 265 W
Fri Apr  3 15:37:31 IDT 2026, 259 W
Fri Apr  3 15:37:31 IDT 2026, 269 W
Fri Apr  3 15:37:32 IDT 2026, 269 W
Fri Apr  3 15:37:32 IDT 2026, 248 W
Fri Apr  3 15:37:32 IDT 2026, 270 W
Fri Apr  3 15:37:32 IDT 2026, 272 W
Fri Apr  3 15:37:32 IDT 2026, 260 W
Fri Apr  3 15:37:32 IDT 2026, 261 W
Fri Apr  3 15:37:32 IDT 2026, 264 W
Fri Apr  3 15:37:32 IDT 2026, 271 W
Fri Apr  3 15:37:33 IDT 2026, 270 W
Fri Apr  3 15:37:33 IDT 2026, 244 W
Fri Apr  3 15:37:33 IDT 2026, 266 W
Fri Apr  3 15:37:33 IDT 2026, 276 W
Fri Apr  3 15:37:33 IDT 2026, 259 W
Fri Apr  3 15:37:33 IDT 2026, 259 W
Fri Apr  3 15:37:33 IDT 2026, 271 W
Fri Apr  3 15:37:33 IDT 2026, 269 W
Fri Apr  3 15:37:34 IDT 2026, 260 W
Fri Apr  3 15:37:34 IDT 2026, 216 W
Fri Apr  3 15:37:34 IDT 2026, 245 W
Fri Apr  3 15:37:34 IDT 2026, 264 W
Fri Apr  3 15:37:34 IDT 2026, 260 W
Fri Apr  3 15:37:34 IDT 2026, 247 W
Fri Apr  3 15:37:34 IDT 2026, 249 W
Fri Apr  3 15:37:34 IDT 2026, 261 W
Fri Apr  3 15:37:35 IDT 2026, 262 W
Fri Apr  3 15:37:35 IDT 2026, 240 W
Fri Apr  3 15:37:35 IDT 2026, 263 W
Fri Apr  3 15:37:35 IDT 2026, 274 W
Fri Apr  3 15:37:35 IDT 2026, 260 W
Fri Apr  3 15:37:35 IDT 2026, 265 W
Fri Apr  3 15:37:35 IDT 2026, 256 W
Fri Apr  3 15:37:35 IDT 2026, 267 W
Fri Apr  3 15:37:36 IDT 2026, 266 W
Fri Apr  3 15:37:36 IDT 2026, 239 W
Fri Apr  3 15:37:36 IDT 2026, 257 W
Fri Apr  3 15:37:36 IDT 2026, 264 W
Fri Apr  3 15:37:36 IDT 2026, 264 W
Fri Apr  3 15:37:36 IDT 2026, 261 W
Fri Apr  3 15:37:36 IDT 2026, 257 W
Fri Apr  3 15:37:36 IDT 2026, 262 W
Fri Apr  3 15:37:37 IDT 2026, 267 W
Fri Apr  3 15:37:37 IDT 2026, 241 W
Fri Apr  3 15:37:37 IDT 2026, 262 W
Fri Apr  3 15:37:37 IDT 2026, 269 W
Fri Apr  3 15:37:37 IDT 2026, 262 W
Fri Apr  3 15:37:37 IDT 2026, 261 W
Fri Apr  3 15:37:37 IDT 2026, 263 W
Fri Apr  3 15:37:37 IDT 2026, 265 W
Fri Apr  3 15:37:38 IDT 2026, 263 W
Fri Apr  3 15:37:38 IDT 2026, 234 W
Fri Apr  3 15:37:38 IDT 2026, 251 W
Fri Apr  3 15:37:38 IDT 2026, 264 W
Fri Apr  3 15:37:38 IDT 2026, 248 W
Fri Apr  3 15:37:38 IDT 2026, 263 W
Fri Apr  3 15:37:38 IDT 2026, 259 W
Fri Apr  3 15:37:38 IDT 2026, 261 W
Fri Apr  3 15:37:39 IDT 2026, 252 W
Fri Apr  3 15:37:39 IDT 2026, 226 W
Fri Apr  3 15:37:39 IDT 2026, 240 W
Fri Apr  3 15:37:39 IDT 2026, 261 W
Fri Apr  3 15:37:39 IDT 2026, 248 W
Fri Apr  3 15:37:39 IDT 2026, 246 W
Fri Apr  3 15:37:39 IDT 2026, 240 W
Fri Apr  3 15:37:39 IDT 2026, 246 W
Fri Apr  3 15:37:40 IDT 2026, 239 W
Fri Apr  3 15:37:40 IDT 2026, 213 W
Fri Apr  3 15:37:40 IDT 2026, 225 W
Fri Apr  3 15:37:40 IDT 2026, 233 W
Fri Apr  3 15:37:40 IDT 2026, 232 W
Fri Apr  3 15:37:40 IDT 2026, 233 W
Fri Apr  3 15:37:40 IDT 2026, 220 W
Fri Apr  3 15:37:40 IDT 2026, 239 W
Fri Apr  3 15:37:41 IDT 2026, 251 W
Fri Apr  3 15:37:41 IDT 2026, 221 W
Fri Apr  3 15:37:41 IDT 2026, 243 W
Fri Apr  3 15:37:41 IDT 2026, 253 W
Fri Apr  3 15:37:41 IDT 2026, 244 W
Fri Apr  3 15:37:41 IDT 2026, 245 W
Fri Apr  3 15:37:41 IDT 2026, 242 W
Fri Apr  3 15:37:41 IDT 2026, 244 W
Fri Apr  3 15:37:42 IDT 2026, 132 W
Fri Apr  3 15:37:42 IDT 2026, 100 W
Fri Apr  3 15:37:42 IDT 2026, 114 W
Fri Apr  3 15:37:42 IDT 2026, 132 W
Fri Apr  3 15:37:42 IDT 2026, 119 W
Fri Apr  3 15:37:42 IDT 2026, 128 W
Fri Apr  3 15:37:42 IDT 2026, 117 W
Fri Apr  3 15:37:42 IDT 2026, 132 W
Fri Apr  3 15:37:43 IDT 2026, 281 W
Fri Apr  3 15:37:43 IDT 2026, 253 W
Fri Apr  3 15:37:43 IDT 2026, 279 W
Fri Apr  3 15:37:43 IDT 2026, 289 W
Fri Apr  3 15:37:43 IDT 2026, 275 W
Fri Apr  3 15:37:43 IDT 2026, 278 W
Fri Apr  3 15:37:43 IDT 2026, 273 W
Fri Apr  3 15:37:43 IDT 2026, 282 W
Fri Apr  3 15:37:44 IDT 2026, 282 W
Fri Apr  3 15:37:44 IDT 2026, 254 W
Fri Apr  3 15:37:44 IDT 2026, 276 W
Fri Apr  3 15:37:44 IDT 2026, 286 W
Fri Apr  3 15:37:44 IDT 2026, 278 W
Fri Apr  3 15:37:44 IDT 2026, 280 W
Fri Apr  3 15:37:44 IDT 2026, 275 W
Fri Apr  3 15:37:44 IDT 2026, 281 W
Fri Apr  3 15:37:45 IDT 2026, 284 W
Fri Apr  3 15:37:45 IDT 2026, 262 W
Fri Apr  3 15:37:45 IDT 2026, 270 W
Fri Apr  3 15:37:45 IDT 2026, 287 W
Fri Apr  3 15:37:45 IDT 2026, 283 W
Fri Apr  3 15:37:45 IDT 2026, 281 W
Fri Apr  3 15:37:45 IDT 2026, 282 W
Fri Apr  3 15:37:45 IDT 2026, 281 W
Fri Apr  3 15:37:46 IDT 2026, 287 W
Fri Apr  3 15:37:46 IDT 2026, 252 W
Fri Apr  3 15:37:46 IDT 2026, 269 W
Fri Apr  3 15:37:46 IDT 2026, 287 W
Fri Apr  3 15:37:46 IDT 2026, 277 W
Fri Apr  3 15:37:46 IDT 2026, 284 W
Fri Apr  3 15:37:46 IDT 2026, 270 W
Fri Apr  3 15:37:46 IDT 2026, 281 W
Fri Apr  3 15:37:47 IDT 2026, 286 W
Fri Apr  3 15:37:47 IDT 2026, 258 W
Fri Apr  3 15:37:47 IDT 2026, 280 W
Fri Apr  3 15:37:47 IDT 2026, 287 W
Fri Apr  3 15:37:47 IDT 2026, 278 W
Fri Apr  3 15:37:47 IDT 2026, 278 W
Fri Apr  3 15:37:47 IDT 2026, 279 W
Fri Apr  3 15:37:47 IDT 2026, 275 W
Fri Apr  3 15:37:48 IDT 2026, 291 W
Fri Apr  3 15:37:48 IDT 2026, 257 W
Fri Apr  3 15:37:48 IDT 2026, 272 W
Fri Apr  3 15:37:48 IDT 2026, 287 W
Fri Apr  3 15:37:48 IDT 2026, 280 W
Fri Apr  3 15:37:48 IDT 2026, 278 W
Fri Apr  3 15:37:48 IDT 2026, 273 W
Fri Apr  3 15:37:48 IDT 2026, 279 W
Fri Apr  3 15:37:49 IDT 2026, 286 W
Fri Apr  3 15:37:49 IDT 2026, 255 W
Fri Apr  3 15:37:49 IDT 2026, 274 W
Fri Apr  3 15:37:49 IDT 2026, 289 W
Fri Apr  3 15:37:49 IDT 2026, 274 W
Fri Apr  3 15:37:49 IDT 2026, 280 W
Fri Apr  3 15:37:49 IDT 2026, 273 W
Fri Apr  3 15:37:49 IDT 2026, 288 W
Fri Apr  3 15:37:50 IDT 2026, 280 W
Fri Apr  3 15:37:50 IDT 2026, 248 W
Fri Apr  3 15:37:50 IDT 2026, 267 W
Fri Apr  3 15:37:50 IDT 2026, 285 W
Fri Apr  3 15:37:50 IDT 2026, 273 W
Fri Apr  3 15:37:50 IDT 2026, 272 W
Fri Apr  3 15:37:50 IDT 2026, 275 W
Fri Apr  3 15:37:50 IDT 2026, 279 W
Fri Apr  3 15:37:51 IDT 2026, 284 W
Fri Apr  3 15:37:51 IDT 2026, 250 W
Fri Apr  3 15:37:51 IDT 2026, 269 W
Fri Apr  3 15:37:51 IDT 2026, 285 W
Fri Apr  3 15:37:51 IDT 2026, 278 W
Fri Apr  3 15:37:51 IDT 2026, 284 W
Fri Apr  3 15:37:51 IDT 2026, 277 W
Fri Apr  3 15:37:51 IDT 2026, 279 W
Fri Apr  3 15:37:52 IDT 2026, 288 W
Fri Apr  3 15:37:52 IDT 2026, 251 W
Fri Apr  3 15:37:52 IDT 2026, 275 W
Fri Apr  3 15:37:52 IDT 2026, 293 W
Fri Apr  3 15:37:52 IDT 2026, 271 W
Fri Apr  3 15:37:52 IDT 2026, 282 W
Fri Apr  3 15:37:52 IDT 2026, 269 W
Fri Apr  3 15:37:52 IDT 2026, 273 W
Fri Apr  3 15:37:53 IDT 2026, 274 W
Fri Apr  3 15:37:53 IDT 2026, 245 W
Fri Apr  3 15:37:53 IDT 2026, 268 W
Fri Apr  3 15:37:53 IDT 2026, 282 W
Fri Apr  3 15:37:53 IDT 2026, 273 W
Fri Apr  3 15:37:53 IDT 2026, 272 W
Fri Apr  3 15:37:53 IDT 2026, 266 W
Fri Apr  3 15:37:53 IDT 2026, 272 W
Fri Apr  3 15:37:54 IDT 2026, 270 W
Fri Apr  3 15:37:54 IDT 2026, 237 W
Fri Apr  3 15:37:54 IDT 2026, 255 W
Fri Apr  3 15:37:54 IDT 2026, 274 W
Fri Apr  3 15:37:54 IDT 2026, 262 W
Fri Apr  3 15:37:54 IDT 2026, 262 W
Fri Apr  3 15:37:54 IDT 2026, 265 W
Fri Apr  3 15:37:54 IDT 2026, 263 W
Fri Apr  3 15:37:55 IDT 2026, 274 W
Fri Apr  3 15:37:55 IDT 2026, 244 W
Fri Apr  3 15:37:55 IDT 2026, 264 W
Fri Apr  3 15:37:55 IDT 2026, 277 W
Fri Apr  3 15:37:55 IDT 2026, 273 W
Fri Apr  3 15:37:55 IDT 2026, 270 W
Fri Apr  3 15:37:55 IDT 2026, 263 W
Fri Apr  3 15:37:55 IDT 2026, 269 W
Fri Apr  3 15:37:56 IDT 2026, 269 W
Fri Apr  3 15:37:56 IDT 2026, 244 W
Fri Apr  3 15:37:56 IDT 2026, 264 W
Fri Apr  3 15:37:56 IDT 2026, 274 W
Fri Apr  3 15:37:56 IDT 2026, 265 W
Fri Apr  3 15:37:56 IDT 2026, 261 W
Fri Apr  3 15:37:56 IDT 2026, 260 W
Fri Apr  3 15:37:56 IDT 2026, 268 W
Fri Apr  3 15:37:57 IDT 2026, 265 W
Fri Apr  3 15:37:57 IDT 2026, 246 W
Fri Apr  3 15:37:57 IDT 2026, 265 W
Fri Apr  3 15:37:57 IDT 2026, 276 W
Fri Apr  3 15:37:57 IDT 2026, 272 W
Fri Apr  3 15:37:57 IDT 2026, 269 W
Fri Apr  3 15:37:57 IDT 2026, 267 W
Fri Apr  3 15:37:57 IDT 2026, 266 W
Fri Apr  3 15:37:58 IDT 2026, 272 W
Fri Apr  3 15:37:58 IDT 2026, 245 W
Fri Apr  3 15:37:58 IDT 2026, 258 W
Fri Apr  3 15:37:58 IDT 2026, 278 W
Fri Apr  3 15:37:58 IDT 2026, 261 W
Fri Apr  3 15:37:58 IDT 2026, 264 W
Fri Apr  3 15:37:58 IDT 2026, 256 W
Fri Apr  3 15:37:58 IDT 2026, 273 W
Fri Apr  3 15:37:59 IDT 2026, 264 W
Fri Apr  3 15:37:59 IDT 2026, 234 W
Fri Apr  3 15:37:59 IDT 2026, 265 W
Fri Apr  3 15:37:59 IDT 2026, 272 W
Fri Apr  3 15:37:59 IDT 2026, 264 W
Fri Apr  3 15:37:59 IDT 2026, 272 W
Fri Apr  3 15:37:59 IDT 2026, 263 W
Fri Apr  3 15:37:59 IDT 2026, 262 W
Fri Apr  3 15:38:00 IDT 2026, 268 W
Fri Apr  3 15:38:00 IDT 2026, 248 W
Fri Apr  3 15:38:00 IDT 2026, 260 W
Fri Apr  3 15:38:00 IDT 2026, 274 W
Fri Apr  3 15:38:00 IDT 2026, 265 W
Fri Apr  3 15:38:00 IDT 2026, 259 W
Fri Apr  3 15:38:00 IDT 2026, 264 W
Fri Apr  3 15:38:00 IDT 2026, 272 W
Fri Apr  3 15:38:01 IDT 2026, 272 W
Fri Apr  3 15:38:01 IDT 2026, 241 W
Fri Apr  3 15:38:01 IDT 2026, 259 W
Fri Apr  3 15:38:01 IDT 2026, 275 W
Fri Apr  3 15:38:01 IDT 2026, 264 W
Fri Apr  3 15:38:01 IDT 2026, 266 W
Fri Apr  3 15:38:01 IDT 2026, 268 W
Fri Apr  3 15:38:01 IDT 2026, 269 W
Fri Apr  3 15:38:02 IDT 2026, 269 W
Fri Apr  3 15:38:02 IDT 2026, 243 W
Fri Apr  3 15:38:02 IDT 2026, 258 W
Fri Apr  3 15:38:02 IDT 2026, 275 W
Fri Apr  3 15:38:02 IDT 2026, 258 W
Fri Apr  3 15:38:02 IDT 2026, 268 W
Fri Apr  3 15:38:02 IDT 2026, 257 W
Fri Apr  3 15:38:02 IDT 2026, 267 W
Fri Apr  3 15:38:03 IDT 2026, 271 W
Fri Apr  3 15:38:03 IDT 2026, 243 W
Fri Apr  3 15:38:03 IDT 2026, 254 W
Fri Apr  3 15:38:03 IDT 2026, 273 W
Fri Apr  3 15:38:03 IDT 2026, 259 W
Fri Apr  3 15:38:03 IDT 2026, 267 W
Fri Apr  3 15:38:03 IDT 2026, 265 W
Fri Apr  3 15:38:03 IDT 2026, 268 W
Fri Apr  3 15:38:04 IDT 2026, 268 W
Fri Apr  3 15:38:04 IDT 2026, 246 W
Fri Apr  3 15:38:04 IDT 2026, 263 W
Fri Apr  3 15:38:04 IDT 2026, 279 W
Fri Apr  3 15:38:04 IDT 2026, 257 W
Fri Apr  3 15:38:04 IDT 2026, 263 W
Fri Apr  3 15:38:04 IDT 2026, 259 W
Fri Apr  3 15:38:04 IDT 2026, 265 W
Fri Apr  3 15:38:05 IDT 2026, 262 W
Fri Apr  3 15:38:05 IDT 2026, 233 W
Fri Apr  3 15:38:05 IDT 2026, 250 W
Fri Apr  3 15:38:05 IDT 2026, 264 W
Fri Apr  3 15:38:05 IDT 2026, 258 W
Fri Apr  3 15:38:05 IDT 2026, 256 W
Fri Apr  3 15:38:05 IDT 2026, 252 W
Fri Apr  3 15:38:05 IDT 2026, 262 W
Fri Apr  3 15:38:06 IDT 2026, 128 W
Fri Apr  3 15:38:06 IDT 2026, 100 W
Fri Apr  3 15:38:06 IDT 2026, 124 W
Fri Apr  3 15:38:06 IDT 2026, 137 W
Fri Apr  3 15:38:06 IDT 2026, 124 W
Fri Apr  3 15:38:06 IDT 2026, 129 W
Fri Apr  3 15:38:06 IDT 2026, 120 W
Fri Apr  3 15:38:06 IDT 2026, 129 W
Fri Apr  3 15:38:07 IDT 2026, 256 W
Fri Apr  3 15:38:07 IDT 2026, 243 W
Fri Apr  3 15:38:07 IDT 2026, 248 W
Fri Apr  3 15:38:07 IDT 2026, 234 W
Fri Apr  3 15:38:07 IDT 2026, 252 W
Fri Apr  3 15:38:07 IDT 2026, 252 W
Fri Apr  3 15:38:07 IDT 2026, 245 W
Fri Apr  3 15:38:07 IDT 2026, 264 W
Fri Apr  3 15:38:08 IDT 2026, 282 W
Fri Apr  3 15:38:08 IDT 2026, 260 W
Fri Apr  3 15:38:08 IDT 2026, 281 W
Fri Apr  3 15:38:08 IDT 2026, 290 W
Fri Apr  3 15:38:08 IDT 2026, 277 W
Fri Apr  3 15:38:08 IDT 2026, 279 W
Fri Apr  3 15:38:08 IDT 2026, 275 W
Fri Apr  3 15:38:08 IDT 2026, 280 W
Fri Apr  3 15:38:09 IDT 2026, 284 W
Fri Apr  3 15:38:09 IDT 2026, 253 W
Fri Apr  3 15:38:09 IDT 2026, 282 W
Fri Apr  3 15:38:09 IDT 2026, 292 W
Fri Apr  3 15:38:09 IDT 2026, 284 W
Fri Apr  3 15:38:09 IDT 2026, 276 W
Fri Apr  3 15:38:09 IDT 2026, 278 W
Fri Apr  3 15:38:09 IDT 2026, 278 W
Fri Apr  3 15:38:10 IDT 2026, 284 W
Fri Apr  3 15:38:10 IDT 2026, 251 W
Fri Apr  3 15:38:10 IDT 2026, 278 W
Fri Apr  3 15:38:10 IDT 2026, 287 W
Fri Apr  3 15:38:10 IDT 2026, 272 W
Fri Apr  3 15:38:10 IDT 2026, 274 W
Fri Apr  3 15:38:10 IDT 2026, 271 W
Fri Apr  3 15:38:10 IDT 2026, 283 W
Fri Apr  3 15:38:11 IDT 2026, 285 W
Fri Apr  3 15:38:11 IDT 2026, 254 W
Fri Apr  3 15:38:11 IDT 2026, 265 W
Fri Apr  3 15:38:11 IDT 2026, 285 W
Fri Apr  3 15:38:11 IDT 2026, 275 W
Fri Apr  3 15:38:11 IDT 2026, 285 W
Fri Apr  3 15:38:11 IDT 2026, 275 W
Fri Apr  3 15:38:11 IDT 2026, 289 W
Fri Apr  3 15:38:12 IDT 2026, 288 W
Fri Apr  3 15:38:12 IDT 2026, 252 W
Fri Apr  3 15:38:12 IDT 2026, 277 W
Fri Apr  3 15:38:12 IDT 2026, 290 W
Fri Apr  3 15:38:12 IDT 2026, 284 W
Fri Apr  3 15:38:12 IDT 2026, 278 W
Fri Apr  3 15:38:12 IDT 2026, 275 W
Fri Apr  3 15:38:12 IDT 2026, 283 W
Fri Apr  3 15:38:13 IDT 2026, 279 W
Fri Apr  3 15:38:13 IDT 2026, 251 W
Fri Apr  3 15:38:13 IDT 2026, 279 W
Fri Apr  3 15:38:13 IDT 2026, 285 W
Fri Apr  3 15:38:13 IDT 2026, 270 W
Fri Apr  3 15:38:13 IDT 2026, 275 W
Fri Apr  3 15:38:13 IDT 2026, 278 W
Fri Apr  3 15:38:13 IDT 2026, 285 W
Fri Apr  3 15:38:14 IDT 2026, 294 W
Fri Apr  3 15:38:14 IDT 2026, 261 W
Fri Apr  3 15:38:14 IDT 2026, 278 W
Fri Apr  3 15:38:14 IDT 2026, 286 W
Fri Apr  3 15:38:14 IDT 2026, 276 W
Fri Apr  3 15:38:14 IDT 2026, 281 W
Fri Apr  3 15:38:14 IDT 2026, 277 W
Fri Apr  3 15:38:14 IDT 2026, 281 W
Fri Apr  3 15:38:15 IDT 2026, 283 W
Fri Apr  3 15:38:15 IDT 2026, 260 W
Fri Apr  3 15:38:15 IDT 2026, 281 W
Fri Apr  3 15:38:15 IDT 2026, 293 W
Fri Apr  3 15:38:15 IDT 2026, 281 W
Fri Apr  3 15:38:15 IDT 2026, 279 W
Fri Apr  3 15:38:15 IDT 2026, 273 W
Fri Apr  3 15:38:15 IDT 2026, 281 W
Fri Apr  3 15:38:16 IDT 2026, 277 W
Fri Apr  3 15:38:16 IDT 2026, 245 W
Fri Apr  3 15:38:16 IDT 2026, 268 W
Fri Apr  3 15:38:16 IDT 2026, 280 W
Fri Apr  3 15:38:16 IDT 2026, 263 W
Fri Apr  3 15:38:16 IDT 2026, 263 W
Fri Apr  3 15:38:16 IDT 2026, 262 W
Fri Apr  3 15:38:16 IDT 2026, 273 W
Fri Apr  3 15:38:17 IDT 2026, 269 W
Fri Apr  3 15:38:17 IDT 2026, 237 W
Fri Apr  3 15:38:17 IDT 2026, 260 W
Fri Apr  3 15:38:17 IDT 2026, 277 W
Fri Apr  3 15:38:17 IDT 2026, 268 W
Fri Apr  3 15:38:17 IDT 2026, 263 W
Fri Apr  3 15:38:17 IDT 2026, 264 W
Fri Apr  3 15:38:17 IDT 2026, 269 W
Fri Apr  3 15:38:18 IDT 2026, 278 W
Fri Apr  3 15:38:18 IDT 2026, 241 W
Fri Apr  3 15:38:18 IDT 2026, 259 W
Fri Apr  3 15:38:18 IDT 2026, 270 W
Fri Apr  3 15:38:18 IDT 2026, 261 W
Fri Apr  3 15:38:18 IDT 2026, 264 W
Fri Apr  3 15:38:18 IDT 2026, 265 W
Fri Apr  3 15:38:18 IDT 2026, 269 W
Fri Apr  3 15:38:19 IDT 2026, 273 W
Fri Apr  3 15:38:19 IDT 2026, 249 W
Fri Apr  3 15:38:19 IDT 2026, 261 W
Fri Apr  3 15:38:19 IDT 2026, 271 W
Fri Apr  3 15:38:19 IDT 2026, 263 W
Fri Apr  3 15:38:19 IDT 2026, 267 W
Fri Apr  3 15:38:19 IDT 2026, 260 W
Fri Apr  3 15:38:19 IDT 2026, 268 W
Fri Apr  3 15:38:20 IDT 2026, 241 W
Fri Apr  3 15:38:20 IDT 2026, 216 W
Fri Apr  3 15:38:20 IDT 2026, 240 W
Fri Apr  3 15:38:20 IDT 2026, 250 W
Fri Apr  3 15:38:20 IDT 2026, 234 W
Fri Apr  3 15:38:20 IDT 2026, 244 W
Fri Apr  3 15:38:20 IDT 2026, 234 W
Fri Apr  3 15:38:20 IDT 2026, 242 W
Fri Apr  3 15:38:21 IDT 2026, 235 W
Fri Apr  3 15:38:21 IDT 2026, 212 W
Fri Apr  3 15:38:21 IDT 2026, 226 W
Fri Apr  3 15:38:21 IDT 2026, 244 W
Fri Apr  3 15:38:21 IDT 2026, 232 W
Fri Apr  3 15:38:21 IDT 2026, 234 W
Fri Apr  3 15:38:21 IDT 2026, 233 W
Fri Apr  3 15:38:21 IDT 2026, 230 W
Fri Apr  3 15:38:22 IDT 2026, 225 W
Fri Apr  3 15:38:22 IDT 2026, 203 W
Fri Apr  3 15:38:22 IDT 2026, 224 W
Fri Apr  3 15:38:22 IDT 2026, 232 W
Fri Apr  3 15:38:22 IDT 2026, 223 W
Fri Apr  3 15:38:22 IDT 2026, 231 W
Fri Apr  3 15:38:22 IDT 2026, 222 W
Fri Apr  3 15:38:22 IDT 2026, 221 W
Fri Apr  3 15:38:23 IDT 2026, 247 W
Fri Apr  3 15:38:23 IDT 2026, 217 W
Fri Apr  3 15:38:23 IDT 2026, 245 W
Fri Apr  3 15:38:23 IDT 2026, 251 W
Fri Apr  3 15:38:23 IDT 2026, 234 W
Fri Apr  3 15:38:23 IDT 2026, 243 W
Fri Apr  3 15:38:23 IDT 2026, 237 W
Fri Apr  3 15:38:23 IDT 2026, 241 W
Fri Apr  3 15:38:24 IDT 2026, 252 W
Fri Apr  3 15:38:24 IDT 2026, 222 W
Fri Apr  3 15:38:24 IDT 2026, 240 W
Fri Apr  3 15:38:24 IDT 2026, 260 W
Fri Apr  3 15:38:24 IDT 2026, 245 W
Fri Apr  3 15:38:24 IDT 2026, 248 W
Fri Apr  3 15:38:24 IDT 2026, 244 W
Fri Apr  3 15:38:24 IDT 2026, 245 W
Fri Apr  3 15:38:25 IDT 2026, 231 W
Fri Apr  3 15:38:25 IDT 2026, 212 W
Fri Apr  3 15:38:25 IDT 2026, 239 W
Fri Apr  3 15:38:25 IDT 2026, 242 W
Fri Apr  3 15:38:25 IDT 2026, 233 W
Fri Apr  3 15:38:25 IDT 2026, 237 W
Fri Apr  3 15:38:25 IDT 2026, 224 W
Fri Apr  3 15:38:25 IDT 2026, 238 W
Fri Apr  3 15:38:26 IDT 2026, 246 W
Fri Apr  3 15:38:26 IDT 2026, 217 W
Fri Apr  3 15:38:26 IDT 2026, 239 W
Fri Apr  3 15:38:26 IDT 2026, 250 W
Fri Apr  3 15:38:26 IDT 2026, 241 W
Fri Apr  3 15:38:26 IDT 2026, 239 W
Fri Apr  3 15:38:26 IDT 2026, 239 W
Fri Apr  3 15:38:26 IDT 2026, 239 W
Fri Apr  3 15:38:27 IDT 2026, 234 W
Fri Apr  3 15:38:27 IDT 2026, 205 W
Fri Apr  3 15:38:27 IDT 2026, 228 W
Fri Apr  3 15:38:27 IDT 2026, 240 W
Fri Apr  3 15:38:27 IDT 2026, 226 W
Fri Apr  3 15:38:27 IDT 2026, 238 W
Fri Apr  3 15:38:27 IDT 2026, 223 W
Fri Apr  3 15:38:27 IDT 2026, 236 W
Fri Apr  3 15:38:28 IDT 2026, 222 W
Fri Apr  3 15:38:28 IDT 2026, 189 W
Fri Apr  3 15:38:28 IDT 2026, 226 W
Fri Apr  3 15:38:28 IDT 2026, 235 W
Fri Apr  3 15:38:28 IDT 2026, 215 W
Fri Apr  3 15:38:28 IDT 2026, 222 W
Fri Apr  3 15:38:28 IDT 2026, 213 W
Fri Apr  3 15:38:28 IDT 2026, 224 W
Fri Apr  3 15:38:29 IDT 2026, 244 W
Fri Apr  3 15:38:29 IDT 2026, 213 W
Fri Apr  3 15:38:29 IDT 2026, 239 W
Fri Apr  3 15:38:29 IDT 2026, 251 W
Fri Apr  3 15:38:29 IDT 2026, 242 W
Fri Apr  3 15:38:29 IDT 2026, 237 W
Fri Apr  3 15:38:29 IDT 2026, 240 W
Fri Apr  3 15:38:29 IDT 2026, 245 W
Fri Apr  3 15:38:30 IDT 2026, 124 W
Fri Apr  3 15:38:30 IDT 2026, 99 W
Fri Apr  3 15:38:30 IDT 2026, 121 W
Fri Apr  3 15:38:30 IDT 2026, 138 W
Fri Apr  3 15:38:30 IDT 2026, 122 W
Fri Apr  3 15:38:30 IDT 2026, 131 W
Fri Apr  3 15:38:30 IDT 2026, 115 W
Fri Apr  3 15:38:30 IDT 2026, 129 W
Fri Apr  3 15:38:31 IDT 2026, 281 W
Fri Apr  3 15:38:31 IDT 2026, 251 W
Fri Apr  3 15:38:31 IDT 2026, 275 W
Fri Apr  3 15:38:31 IDT 2026, 284 W
Fri Apr  3 15:38:31 IDT 2026, 272 W
Fri Apr  3 15:38:31 IDT 2026, 279 W
Fri Apr  3 15:38:31 IDT 2026, 271 W
Fri Apr  3 15:38:31 IDT 2026, 278 W
Fri Apr  3 15:38:32 IDT 2026, 278 W
Fri Apr  3 15:38:32 IDT 2026, 260 W
Fri Apr  3 15:38:32 IDT 2026, 285 W
Fri Apr  3 15:38:32 IDT 2026, 291 W
Fri Apr  3 15:38:32 IDT 2026, 280 W
Fri Apr  3 15:38:32 IDT 2026, 285 W
Fri Apr  3 15:38:32 IDT 2026, 273 W
Fri Apr  3 15:38:32 IDT 2026, 280 W
Fri Apr  3 15:38:33 IDT 2026, 283 W
Fri Apr  3 15:38:33 IDT 2026, 263 W
Fri Apr  3 15:38:33 IDT 2026, 274 W
Fri Apr  3 15:38:33 IDT 2026, 287 W
Fri Apr  3 15:38:33 IDT 2026, 282 W
Fri Apr  3 15:38:33 IDT 2026, 277 W
Fri Apr  3 15:38:33 IDT 2026, 270 W
Fri Apr  3 15:38:33 IDT 2026, 281 W
Fri Apr  3 15:38:34 IDT 2026, 285 W
Fri Apr  3 15:38:34 IDT 2026, 253 W
Fri Apr  3 15:38:34 IDT 2026, 272 W
Fri Apr  3 15:38:34 IDT 2026, 285 W
Fri Apr  3 15:38:34 IDT 2026, 273 W
Fri Apr  3 15:38:34 IDT 2026, 283 W
Fri Apr  3 15:38:34 IDT 2026, 274 W
Fri Apr  3 15:38:34 IDT 2026, 280 W
Fri Apr  3 15:38:35 IDT 2026, 285 W
Fri Apr  3 15:38:35 IDT 2026, 257 W
Fri Apr  3 15:38:35 IDT 2026, 274 W
Fri Apr  3 15:38:35 IDT 2026, 292 W
Fri Apr  3 15:38:35 IDT 2026, 280 W
Fri Apr  3 15:38:35 IDT 2026, 281 W
Fri Apr  3 15:38:35 IDT 2026, 271 W
Fri Apr  3 15:38:35 IDT 2026, 283 W
Fri Apr  3 15:38:36 IDT 2026, 280 W
Fri Apr  3 15:38:36 IDT 2026, 256 W
Fri Apr  3 15:38:36 IDT 2026, 274 W
Fri Apr  3 15:38:36 IDT 2026, 290 W
Fri Apr  3 15:38:36 IDT 2026, 275 W
Fri Apr  3 15:38:36 IDT 2026, 280 W
Fri Apr  3 15:38:36 IDT 2026, 273 W
Fri Apr  3 15:38:36 IDT 2026, 279 W
Fri Apr  3 15:38:37 IDT 2026, 285 W
Fri Apr  3 15:38:37 IDT 2026, 252 W
Fri Apr  3 15:38:37 IDT 2026, 276 W
Fri Apr  3 15:38:37 IDT 2026, 282 W
Fri Apr  3 15:38:37 IDT 2026, 275 W
Fri Apr  3 15:38:37 IDT 2026, 275 W
Fri Apr  3 15:38:37 IDT 2026, 281 W
Fri Apr  3 15:38:37 IDT 2026, 285 W
Fri Apr  3 15:38:38 IDT 2026, 277 W
Fri Apr  3 15:38:38 IDT 2026, 255 W
Fri Apr  3 15:38:38 IDT 2026, 278 W
Fri Apr  3 15:38:38 IDT 2026, 285 W
Fri Apr  3 15:38:38 IDT 2026, 276 W
Fri Apr  3 15:38:38 IDT 2026, 273 W
Fri Apr  3 15:38:38 IDT 2026, 270 W
Fri Apr  3 15:38:38 IDT 2026, 279 W
Fri Apr  3 15:38:39 IDT 2026, 268 W
Fri Apr  3 15:38:39 IDT 2026, 234 W
Fri Apr  3 15:38:39 IDT 2026, 263 W
Fri Apr  3 15:38:39 IDT 2026, 274 W
Fri Apr  3 15:38:39 IDT 2026, 262 W
Fri Apr  3 15:38:39 IDT 2026, 259 W
Fri Apr  3 15:38:39 IDT 2026, 259 W
Fri Apr  3 15:38:39 IDT 2026, 263 W
Fri Apr  3 15:38:40 IDT 2026, 270 W
Fri Apr  3 15:38:40 IDT 2026, 242 W
Fri Apr  3 15:38:40 IDT 2026, 254 W
Fri Apr  3 15:38:40 IDT 2026, 273 W
Fri Apr  3 15:38:40 IDT 2026, 260 W
Fri Apr  3 15:38:40 IDT 2026, 268 W
Fri Apr  3 15:38:40 IDT 2026, 263 W
Fri Apr  3 15:38:40 IDT 2026, 262 W
Fri Apr  3 15:38:41 IDT 2026, 269 W
Fri Apr  3 15:38:41 IDT 2026, 242 W
Fri Apr  3 15:38:41 IDT 2026, 257 W
Fri Apr  3 15:38:41 IDT 2026, 278 W
Fri Apr  3 15:38:41 IDT 2026, 267 W
Fri Apr  3 15:38:41 IDT 2026, 263 W
Fri Apr  3 15:38:41 IDT 2026, 261 W
Fri Apr  3 15:38:41 IDT 2026, 269 W
Fri Apr  3 15:38:42 IDT 2026, 270 W
Fri Apr  3 15:38:42 IDT 2026, 240 W
Fri Apr  3 15:38:42 IDT 2026, 262 W
Fri Apr  3 15:38:42 IDT 2026, 273 W
Fri Apr  3 15:38:42 IDT 2026, 268 W
Fri Apr  3 15:38:42 IDT 2026, 271 W
Fri Apr  3 15:38:42 IDT 2026, 262 W
Fri Apr  3 15:38:42 IDT 2026, 265 W
Fri Apr  3 15:38:43 IDT 2026, 266 W
Fri Apr  3 15:38:43 IDT 2026, 239 W
Fri Apr  3 15:38:43 IDT 2026, 266 W
Fri Apr  3 15:38:43 IDT 2026, 272 W
Fri Apr  3 15:38:43 IDT 2026, 268 W
Fri Apr  3 15:38:43 IDT 2026, 260 W
Fri Apr  3 15:38:43 IDT 2026, 255 W
Fri Apr  3 15:38:43 IDT 2026, 273 W
Fri Apr  3 15:38:44 IDT 2026, 252 W
Fri Apr  3 15:38:44 IDT 2026, 225 W
Fri Apr  3 15:38:44 IDT 2026, 244 W
Fri Apr  3 15:38:44 IDT 2026, 254 W
Fri Apr  3 15:38:44 IDT 2026, 245 W
Fri Apr  3 15:38:44 IDT 2026, 245 W
Fri Apr  3 15:38:44 IDT 2026, 242 W
Fri Apr  3 15:38:44 IDT 2026, 243 W
Fri Apr  3 15:38:45 IDT 2026, 248 W
Fri Apr  3 15:38:45 IDT 2026, 213 W
Fri Apr  3 15:38:45 IDT 2026, 229 W
Fri Apr  3 15:38:45 IDT 2026, 244 W
Fri Apr  3 15:38:45 IDT 2026, 240 W
Fri Apr  3 15:38:45 IDT 2026, 240 W
Fri Apr  3 15:38:45 IDT 2026, 233 W
Fri Apr  3 15:38:45 IDT 2026, 239 W
Fri Apr  3 15:38:46 IDT 2026, 250 W
Fri Apr  3 15:38:46 IDT 2026, 224 W
Fri Apr  3 15:38:46 IDT 2026, 249 W
Fri Apr  3 15:38:46 IDT 2026, 258 W
Fri Apr  3 15:38:46 IDT 2026, 241 W
Fri Apr  3 15:38:46 IDT 2026, 245 W
Fri Apr  3 15:38:46 IDT 2026, 244 W
Fri Apr  3 15:38:46 IDT 2026, 250 W
Fri Apr  3 15:38:47 IDT 2026, 241 W
Fri Apr  3 15:38:47 IDT 2026, 210 W
Fri Apr  3 15:38:47 IDT 2026, 236 W
Fri Apr  3 15:38:47 IDT 2026, 242 W
Fri Apr  3 15:38:47 IDT 2026, 238 W
Fri Apr  3 15:38:47 IDT 2026, 239 W
Fri Apr  3 15:38:47 IDT 2026, 232 W
Fri Apr  3 15:38:47 IDT 2026, 232 W
Fri Apr  3 15:38:48 IDT 2026, 244 W
Fri Apr  3 15:38:48 IDT 2026, 210 W
Fri Apr  3 15:38:48 IDT 2026, 226 W
Fri Apr  3 15:38:48 IDT 2026, 238 W
Fri Apr  3 15:38:48 IDT 2026, 228 W
Fri Apr  3 15:38:48 IDT 2026, 236 W
Fri Apr  3 15:38:48 IDT 2026, 224 W
Fri Apr  3 15:38:48 IDT 2026, 231 W
Fri Apr  3 15:38:49 IDT 2026, 213 W
Fri Apr  3 15:38:49 IDT 2026, 187 W
Fri Apr  3 15:38:49 IDT 2026, 202 W
Fri Apr  3 15:38:49 IDT 2026, 218 W
Fri Apr  3 15:38:49 IDT 2026, 202 W
Fri Apr  3 15:38:49 IDT 2026, 214 W
Fri Apr  3 15:38:49 IDT 2026, 208 W
Fri Apr  3 15:38:49 IDT 2026, 203 W
Fri Apr  3 15:38:50 IDT 2026, 217 W
Fri Apr  3 15:38:50 IDT 2026, 185 W
Fri Apr  3 15:38:50 IDT 2026, 200 W
Fri Apr  3 15:38:50 IDT 2026, 222 W
Fri Apr  3 15:38:50 IDT 2026, 207 W
Fri Apr  3 15:38:50 IDT 2026, 208 W
Fri Apr  3 15:38:50 IDT 2026, 199 W
Fri Apr  3 15:38:50 IDT 2026, 213 W
Fri Apr  3 15:38:51 IDT 2026, 212 W
Fri Apr  3 15:38:51 IDT 2026, 191 W
Fri Apr  3 15:38:51 IDT 2026, 199 W
Fri Apr  3 15:38:51 IDT 2026, 198 W
Fri Apr  3 15:38:51 IDT 2026, 207 W
Fri Apr  3 15:38:51 IDT 2026, 200 W
Fri Apr  3 15:38:51 IDT 2026, 202 W
Fri Apr  3 15:38:51 IDT 2026, 204 W
Fri Apr  3 15:38:52 IDT 2026, 204 W
Fri Apr  3 15:38:52 IDT 2026, 186 W
Fri Apr  3 15:38:52 IDT 2026, 203 W
Fri Apr  3 15:38:52 IDT 2026, 204 W
Fri Apr  3 15:38:52 IDT 2026, 200 W
Fri Apr  3 15:38:52 IDT 2026, 213 W
Fri Apr  3 15:38:52 IDT 2026, 192 W
Fri Apr  3 15:38:52 IDT 2026, 197 W
Fri Apr  3 15:38:53 IDT 2026, 134 W
Fri Apr  3 15:38:53 IDT 2026, 102 W
Fri Apr  3 15:38:53 IDT 2026, 116 W
Fri Apr  3 15:38:53 IDT 2026, 131 W
Fri Apr  3 15:38:53 IDT 2026, 115 W
Fri Apr  3 15:38:53 IDT 2026, 121 W
Fri Apr  3 15:38:53 IDT 2026, 120 W
Fri Apr  3 15:38:53 IDT 2026, 125 W
Fri Apr  3 15:38:54 IDT 2026, 277 W
Fri Apr  3 15:38:54 IDT 2026, 258 W
Fri Apr  3 15:38:54 IDT 2026, 266 W
Fri Apr  3 15:38:54 IDT 2026, 290 W
Fri Apr  3 15:38:54 IDT 2026, 276 W
Fri Apr  3 15:38:54 IDT 2026, 276 W
Fri Apr  3 15:38:54 IDT 2026, 263 W
Fri Apr  3 15:38:54 IDT 2026, 288 W
Fri Apr  3 15:38:55 IDT 2026, 284 W
Fri Apr  3 15:38:55 IDT 2026, 256 W
Fri Apr  3 15:38:55 IDT 2026, 286 W
Fri Apr  3 15:38:55 IDT 2026, 293 W
Fri Apr  3 15:38:55 IDT 2026, 273 W
Fri Apr  3 15:38:55 IDT 2026, 286 W
Fri Apr  3 15:38:55 IDT 2026, 268 W
Fri Apr  3 15:38:55 IDT 2026, 278 W
Fri Apr  3 15:38:56 IDT 2026, 282 W
Fri Apr  3 15:38:56 IDT 2026, 257 W
Fri Apr  3 15:38:56 IDT 2026, 284 W
Fri Apr  3 15:38:56 IDT 2026, 294 W
Fri Apr  3 15:38:56 IDT 2026, 282 W
Fri Apr  3 15:38:56 IDT 2026, 280 W
Fri Apr  3 15:38:56 IDT 2026, 280 W
Fri Apr  3 15:38:56 IDT 2026, 285 W
Fri Apr  3 15:38:57 IDT 2026, 286 W
Fri Apr  3 15:38:57 IDT 2026, 259 W
Fri Apr  3 15:38:57 IDT 2026, 281 W
Fri Apr  3 15:38:57 IDT 2026, 292 W
Fri Apr  3 15:38:57 IDT 2026, 275 W
Fri Apr  3 15:38:57 IDT 2026, 273 W
Fri Apr  3 15:38:57 IDT 2026, 277 W
Fri Apr  3 15:38:57 IDT 2026, 284 W
Fri Apr  3 15:38:58 IDT 2026, 282 W
Fri Apr  3 15:38:58 IDT 2026, 256 W
Fri Apr  3 15:38:58 IDT 2026, 275 W
Fri Apr  3 15:38:58 IDT 2026, 284 W
Fri Apr  3 15:38:58 IDT 2026, 275 W
Fri Apr  3 15:38:58 IDT 2026, 276 W
Fri Apr  3 15:38:58 IDT 2026, 268 W
Fri Apr  3 15:38:58 IDT 2026, 274 W
Fri Apr  3 15:38:59 IDT 2026, 283 W
Fri Apr  3 15:38:59 IDT 2026, 256 W
Fri Apr  3 15:38:59 IDT 2026, 266 W
Fri Apr  3 15:38:59 IDT 2026, 282 W
Fri Apr  3 15:38:59 IDT 2026, 279 W
Fri Apr  3 15:38:59 IDT 2026, 277 W
Fri Apr  3 15:38:59 IDT 2026, 274 W
Fri Apr  3 15:38:59 IDT 2026, 286 W
Fri Apr  3 15:39:00 IDT 2026, 282 W
Fri Apr  3 15:39:00 IDT 2026, 259 W
Fri Apr  3 15:39:00 IDT 2026, 270 W
Fri Apr  3 15:39:00 IDT 2026, 286 W
Fri Apr  3 15:39:00 IDT 2026, 274 W
Fri Apr  3 15:39:00 IDT 2026, 276 W
Fri Apr  3 15:39:00 IDT 2026, 268 W
Fri Apr  3 15:39:00 IDT 2026, 278 W
Fri Apr  3 15:39:01 IDT 2026, 283 W
Fri Apr  3 15:39:01 IDT 2026, 251 W
Fri Apr  3 15:39:01 IDT 2026, 269 W
Fri Apr  3 15:39:01 IDT 2026, 284 W
Fri Apr  3 15:39:01 IDT 2026, 281 W
Fri Apr  3 15:39:01 IDT 2026, 275 W
Fri Apr  3 15:39:01 IDT 2026, 274 W
Fri Apr  3 15:39:01 IDT 2026, 276 W
Fri Apr  3 15:39:02 IDT 2026, 275 W
Fri Apr  3 15:39:02 IDT 2026, 247 W
Fri Apr  3 15:39:02 IDT 2026, 278 W
Fri Apr  3 15:39:02 IDT 2026, 283 W
Fri Apr  3 15:39:02 IDT 2026, 273 W
Fri Apr  3 15:39:02 IDT 2026, 274 W
Fri Apr  3 15:39:02 IDT 2026, 275 W
Fri Apr  3 15:39:02 IDT 2026, 275 W
Fri Apr  3 15:39:03 IDT 2026, 273 W
Fri Apr  3 15:39:03 IDT 2026, 243 W
Fri Apr  3 15:39:03 IDT 2026, 268 W
Fri Apr  3 15:39:03 IDT 2026, 282 W
Fri Apr  3 15:39:03 IDT 2026, 267 W
Fri Apr  3 15:39:03 IDT 2026, 272 W
Fri Apr  3 15:39:03 IDT 2026, 269 W
Fri Apr  3 15:39:03 IDT 2026, 268 W
Fri Apr  3 15:39:04 IDT 2026, 270 W
Fri Apr  3 15:39:04 IDT 2026, 251 W
Fri Apr  3 15:39:04 IDT 2026, 274 W
Fri Apr  3 15:39:04 IDT 2026, 273 W
Fri Apr  3 15:39:04 IDT 2026, 271 W
Fri Apr  3 15:39:04 IDT 2026, 266 W
Fri Apr  3 15:39:04 IDT 2026, 270 W
Fri Apr  3 15:39:04 IDT 2026, 275 W
Fri Apr  3 15:39:05 IDT 2026, 275 W
Fri Apr  3 15:39:05 IDT 2026, 242 W
Fri Apr  3 15:39:05 IDT 2026, 268 W
Fri Apr  3 15:39:05 IDT 2026, 274 W
Fri Apr  3 15:39:05 IDT 2026, 266 W
Fri Apr  3 15:39:05 IDT 2026, 271 W
Fri Apr  3 15:39:05 IDT 2026, 261 W
Fri Apr  3 15:39:05 IDT 2026, 275 W
Fri Apr  3 15:39:06 IDT 2026, 274 W
Fri Apr  3 15:39:06 IDT 2026, 238 W
Fri Apr  3 15:39:06 IDT 2026, 257 W
Fri Apr  3 15:39:06 IDT 2026, 273 W
Fri Apr  3 15:39:06 IDT 2026, 267 W
Fri Apr  3 15:39:06 IDT 2026, 266 W
Fri Apr  3 15:39:06 IDT 2026, 265 W
Fri Apr  3 15:39:06 IDT 2026, 268 W
Fri Apr  3 15:39:07 IDT 2026, 266 W
Fri Apr  3 15:39:07 IDT 2026, 239 W
Fri Apr  3 15:39:07 IDT 2026, 258 W
Fri Apr  3 15:39:07 IDT 2026, 272 W
Fri Apr  3 15:39:07 IDT 2026, 262 W
Fri Apr  3 15:39:07 IDT 2026, 261 W
Fri Apr  3 15:39:07 IDT 2026, 250 W
Fri Apr  3 15:39:07 IDT 2026, 271 W
Fri Apr  3 15:39:08 IDT 2026, 268 W
Fri Apr  3 15:39:08 IDT 2026, 241 W
Fri Apr  3 15:39:08 IDT 2026, 259 W
Fri Apr  3 15:39:08 IDT 2026, 276 W
Fri Apr  3 15:39:08 IDT 2026, 266 W
Fri Apr  3 15:39:08 IDT 2026, 266 W
Fri Apr  3 15:39:08 IDT 2026, 267 W
Fri Apr  3 15:39:08 IDT 2026, 276 W
Fri Apr  3 15:39:09 IDT 2026, 269 W
Fri Apr  3 15:39:09 IDT 2026, 239 W
Fri Apr  3 15:39:09 IDT 2026, 265 W
Fri Apr  3 15:39:09 IDT 2026, 284 W
Fri Apr  3 15:39:09 IDT 2026, 261 W
Fri Apr  3 15:39:09 IDT 2026, 273 W
Fri Apr  3 15:39:09 IDT 2026, 260 W
Fri Apr  3 15:39:09 IDT 2026, 271 W
Fri Apr  3 15:39:10 IDT 2026, 270 W
Fri Apr  3 15:39:10 IDT 2026, 239 W
Fri Apr  3 15:39:10 IDT 2026, 266 W
Fri Apr  3 15:39:10 IDT 2026, 272 W
Fri Apr  3 15:39:10 IDT 2026, 270 W
Fri Apr  3 15:39:10 IDT 2026, 268 W
Fri Apr  3 15:39:10 IDT 2026, 271 W
Fri Apr  3 15:39:10 IDT 2026, 263 W
Fri Apr  3 15:39:11 IDT 2026, 269 W
Fri Apr  3 15:39:11 IDT 2026, 236 W
Fri Apr  3 15:39:11 IDT 2026, 258 W
Fri Apr  3 15:39:11 IDT 2026, 272 W
Fri Apr  3 15:39:11 IDT 2026, 251 W
Fri Apr  3 15:39:11 IDT 2026, 257 W
Fri Apr  3 15:39:11 IDT 2026, 256 W
Fri Apr  3 15:39:11 IDT 2026, 258 W
Fri Apr  3 15:39:12 IDT 2026, 243 W
Fri Apr  3 15:39:12 IDT 2026, 225 W
Fri Apr  3 15:39:12 IDT 2026, 239 W
Fri Apr  3 15:39:12 IDT 2026, 258 W
Fri Apr  3 15:39:12 IDT 2026, 244 W
Fri Apr  3 15:39:12 IDT 2026, 253 W
Fri Apr  3 15:39:12 IDT 2026, 244 W
Fri Apr  3 15:39:12 IDT 2026, 253 W
Fri Apr  3 15:39:13 IDT 2026, 270 W
Fri Apr  3 15:39:13 IDT 2026, 237 W
Fri Apr  3 15:39:13 IDT 2026, 266 W
Fri Apr  3 15:39:13 IDT 2026, 278 W
Fri Apr  3 15:39:13 IDT 2026, 260 W
Fri Apr  3 15:39:13 IDT 2026, 263 W
Fri Apr  3 15:39:13 IDT 2026, 266 W
Fri Apr  3 15:39:13 IDT 2026, 265 W
Fri Apr  3 15:39:14 IDT 2026, 261 W
Fri Apr  3 15:39:14 IDT 2026, 226 W
Fri Apr  3 15:39:14 IDT 2026, 257 W
Fri Apr  3 15:39:14 IDT 2026, 262 W
Fri Apr  3 15:39:14 IDT 2026, 251 W
Fri Apr  3 15:39:14 IDT 2026, 253 W
Fri Apr  3 15:39:14 IDT 2026, 249 W
Fri Apr  3 15:39:14 IDT 2026, 254 W
Fri Apr  3 15:39:15 IDT 2026, 253 W
Fri Apr  3 15:39:15 IDT 2026, 218 W
Fri Apr  3 15:39:15 IDT 2026, 243 W
Fri Apr  3 15:39:15 IDT 2026, 257 W
Fri Apr  3 15:39:15 IDT 2026, 240 W
Fri Apr  3 15:39:15 IDT 2026, 245 W
Fri Apr  3 15:39:15 IDT 2026, 235 W
Fri Apr  3 15:39:15 IDT 2026, 247 W
Fri Apr  3 15:39:16 IDT 2026, 257 W
Fri Apr  3 15:39:16 IDT 2026, 224 W
Fri Apr  3 15:39:16 IDT 2026, 242 W
Fri Apr  3 15:39:16 IDT 2026, 256 W
Fri Apr  3 15:39:16 IDT 2026, 250 W
Fri Apr  3 15:39:16 IDT 2026, 245 W
Fri Apr  3 15:39:16 IDT 2026, 243 W
Fri Apr  3 15:39:16 IDT 2026, 246 W
Fri Apr  3 15:39:17 IDT 2026, 271 W
Fri Apr  3 15:39:17 IDT 2026, 234 W
Fri Apr  3 15:39:17 IDT 2026, 258 W
Fri Apr  3 15:39:17 IDT 2026, 269 W
Fri Apr  3 15:39:17 IDT 2026, 257 W
Fri Apr  3 15:39:17 IDT 2026, 263 W
Fri Apr  3 15:39:17 IDT 2026, 252 W
Fri Apr  3 15:39:17 IDT 2026, 262 W
Fri Apr  3 15:39:18 IDT 2026, 137 W
Fri Apr  3 15:39:18 IDT 2026, 108 W
Fri Apr  3 15:39:18 IDT 2026, 119 W
Fri Apr  3 15:39:18 IDT 2026, 130 W
Fri Apr  3 15:39:18 IDT 2026, 119 W
Fri Apr  3 15:39:18 IDT 2026, 126 W
Fri Apr  3 15:39:18 IDT 2026, 115 W
Fri Apr  3 15:39:18 IDT 2026, 126 W
Fri Apr  3 15:39:19 IDT 2026, 129 W
Fri Apr  3 15:39:19 IDT 2026, 101 W
Fri Apr  3 15:39:19 IDT 2026, 118 W
Fri Apr  3 15:39:19 IDT 2026, 131 W
Fri Apr  3 15:39:19 IDT 2026, 119 W
Fri Apr  3 15:39:19 IDT 2026, 124 W
Fri Apr  3 15:39:19 IDT 2026, 115 W
Fri Apr  3 15:39:19 IDT 2026, 127 W
Fri Apr  3 15:39:20 IDT 2026, 135 W
Fri Apr  3 15:39:20 IDT 2026, 100 W
Fri Apr  3 15:39:20 IDT 2026, 120 W
Fri Apr  3 15:39:20 IDT 2026, 140 W
Fri Apr  3 15:39:20 IDT 2026, 121 W
Fri Apr  3 15:39:20 IDT 2026, 127 W
Fri Apr  3 15:39:20 IDT 2026, 117 W
Fri Apr  3 15:39:20 IDT 2026, 127 W
Fri Apr  3 15:39:21 IDT 2026, 293 W
Fri Apr  3 15:39:21 IDT 2026, 254 W
Fri Apr  3 15:39:21 IDT 2026, 269 W
Fri Apr  3 15:39:21 IDT 2026, 286 W
Fri Apr  3 15:39:21 IDT 2026, 280 W
Fri Apr  3 15:39:21 IDT 2026, 281 W
Fri Apr  3 15:39:21 IDT 2026, 276 W
Fri Apr  3 15:39:21 IDT 2026, 281 W
Fri Apr  3 15:39:22 IDT 2026, 280 W
Fri Apr  3 15:39:22 IDT 2026, 250 W
Fri Apr  3 15:39:22 IDT 2026, 269 W
Fri Apr  3 15:39:22 IDT 2026, 286 W
Fri Apr  3 15:39:22 IDT 2026, 277 W
Fri Apr  3 15:39:22 IDT 2026, 268 W
Fri Apr  3 15:39:22 IDT 2026, 271 W
Fri Apr  3 15:39:22 IDT 2026, 272 W
Fri Apr  3 15:39:23 IDT 2026, 291 W
Fri Apr  3 15:39:23 IDT 2026, 247 W
Fri Apr  3 15:39:23 IDT 2026, 275 W
Fri Apr  3 15:39:23 IDT 2026, 285 W
Fri Apr  3 15:39:23 IDT 2026, 279 W
Fri Apr  3 15:39:23 IDT 2026, 279 W
Fri Apr  3 15:39:23 IDT 2026, 267 W
Fri Apr  3 15:39:23 IDT 2026, 278 W
Fri Apr  3 15:39:24 IDT 2026, 247 W
Fri Apr  3 15:39:24 IDT 2026, 208 W
Fri Apr  3 15:39:24 IDT 2026, 237 W
Fri Apr  3 15:39:24 IDT 2026, 242 W
Fri Apr  3 15:39:24 IDT 2026, 239 W
Fri Apr  3 15:39:24 IDT 2026, 234 W
Fri Apr  3 15:39:24 IDT 2026, 238 W
Fri Apr  3 15:39:24 IDT 2026, 246 W
Fri Apr  3 15:39:25 IDT 2026, 280 W
Fri Apr  3 15:39:25 IDT 2026, 258 W
Fri Apr  3 15:39:25 IDT 2026, 281 W
Fri Apr  3 15:39:25 IDT 2026, 295 W
Fri Apr  3 15:39:25 IDT 2026, 283 W
Fri Apr  3 15:39:25 IDT 2026, 277 W
Fri Apr  3 15:39:25 IDT 2026, 272 W
Fri Apr  3 15:39:25 IDT 2026, 279 W
Fri Apr  3 15:39:26 IDT 2026, 283 W
Fri Apr  3 15:39:26 IDT 2026, 253 W
Fri Apr  3 15:39:26 IDT 2026, 277 W
Fri Apr  3 15:39:26 IDT 2026, 290 W
Fri Apr  3 15:39:26 IDT 2026, 279 W
Fri Apr  3 15:39:26 IDT 2026, 279 W
Fri Apr  3 15:39:26 IDT 2026, 276 W
Fri Apr  3 15:39:26 IDT 2026, 279 W
Fri Apr  3 15:39:27 IDT 2026, 281 W
Fri Apr  3 15:39:27 IDT 2026, 256 W
Fri Apr  3 15:39:27 IDT 2026, 271 W
Fri Apr  3 15:39:27 IDT 2026, 278 W
Fri Apr  3 15:39:27 IDT 2026, 278 W
Fri Apr  3 15:39:27 IDT 2026, 277 W
Fri Apr  3 15:39:27 IDT 2026, 280 W
Fri Apr  3 15:39:27 IDT 2026, 275 W
Fri Apr  3 15:39:28 IDT 2026, 277 W
Fri Apr  3 15:39:28 IDT 2026, 251 W
Fri Apr  3 15:39:28 IDT 2026, 270 W
Fri Apr  3 15:39:28 IDT 2026, 285 W
Fri Apr  3 15:39:28 IDT 2026, 275 W
Fri Apr  3 15:39:28 IDT 2026, 278 W
Fri Apr  3 15:39:28 IDT 2026, 271 W
Fri Apr  3 15:39:28 IDT 2026, 284 W
Fri Apr  3 15:39:29 IDT 2026, 280 W
Fri Apr  3 15:39:29 IDT 2026, 251 W
Fri Apr  3 15:39:29 IDT 2026, 275 W
Fri Apr  3 15:39:29 IDT 2026, 285 W
Fri Apr  3 15:39:29 IDT 2026, 275 W
Fri Apr  3 15:39:29 IDT 2026, 280 W
Fri Apr  3 15:39:29 IDT 2026, 279 W
Fri Apr  3 15:39:29 IDT 2026, 279 W
Fri Apr  3 15:39:30 IDT 2026, 284 W
Fri Apr  3 15:39:30 IDT 2026, 248 W
Fri Apr  3 15:39:30 IDT 2026, 273 W
Fri Apr  3 15:39:30 IDT 2026, 287 W
Fri Apr  3 15:39:30 IDT 2026, 274 W
Fri Apr  3 15:39:30 IDT 2026, 279 W
Fri Apr  3 15:39:30 IDT 2026, 276 W
Fri Apr  3 15:39:30 IDT 2026, 283 W
Fri Apr  3 15:39:31 IDT 2026, 276 W
Fri Apr  3 15:39:31 IDT 2026, 237 W
Fri Apr  3 15:39:31 IDT 2026, 270 W
Fri Apr  3 15:39:31 IDT 2026, 276 W
Fri Apr  3 15:39:31 IDT 2026, 269 W
Fri Apr  3 15:39:31 IDT 2026, 266 W
Fri Apr  3 15:39:31 IDT 2026, 264 W
Fri Apr  3 15:39:31 IDT 2026, 273 W
Fri Apr  3 15:39:32 IDT 2026, 267 W
Fri Apr  3 15:39:32 IDT 2026, 237 W
Fri Apr  3 15:39:32 IDT 2026, 265 W
Fri Apr  3 15:39:32 IDT 2026, 272 W
Fri Apr  3 15:39:32 IDT 2026, 269 W
Fri Apr  3 15:39:32 IDT 2026, 268 W
Fri Apr  3 15:39:32 IDT 2026, 259 W
Fri Apr  3 15:39:32 IDT 2026, 275 W
Fri Apr  3 15:39:33 IDT 2026, 272 W
Fri Apr  3 15:39:33 IDT 2026, 233 W
Fri Apr  3 15:39:33 IDT 2026, 261 W
Fri Apr  3 15:39:33 IDT 2026, 281 W
Fri Apr  3 15:39:33 IDT 2026, 261 W
Fri Apr  3 15:39:33 IDT 2026, 263 W
Fri Apr  3 15:39:33 IDT 2026, 262 W
Fri Apr  3 15:39:33 IDT 2026, 269 W
Fri Apr  3 15:39:34 IDT 2026, 271 W
Fri Apr  3 15:39:34 IDT 2026, 246 W
Fri Apr  3 15:39:34 IDT 2026, 266 W
Fri Apr  3 15:39:34 IDT 2026, 276 W
Fri Apr  3 15:39:34 IDT 2026, 263 W
Fri Apr  3 15:39:34 IDT 2026, 269 W
Fri Apr  3 15:39:34 IDT 2026, 260 W
Fri Apr  3 15:39:34 IDT 2026, 271 W
Fri Apr  3 15:39:35 IDT 2026, 270 W
Fri Apr  3 15:39:35 IDT 2026, 241 W
Fri Apr  3 15:39:35 IDT 2026, 265 W
Fri Apr  3 15:39:35 IDT 2026, 276 W
Fri Apr  3 15:39:35 IDT 2026, 270 W
Fri Apr  3 15:39:35 IDT 2026, 263 W
Fri Apr  3 15:39:35 IDT 2026, 264 W
Fri Apr  3 15:39:35 IDT 2026, 267 W
Fri Apr  3 15:39:36 IDT 2026, 252 W
Fri Apr  3 15:39:36 IDT 2026, 225 W
Fri Apr  3 15:39:36 IDT 2026, 245 W
Fri Apr  3 15:39:36 IDT 2026, 251 W
Fri Apr  3 15:39:36 IDT 2026, 238 W
Fri Apr  3 15:39:36 IDT 2026, 239 W
Fri Apr  3 15:39:36 IDT 2026, 245 W
Fri Apr  3 15:39:36 IDT 2026, 246 W
Fri Apr  3 15:39:37 IDT 2026, 268 W
Fri Apr  3 15:39:37 IDT 2026, 236 W
Fri Apr  3 15:39:37 IDT 2026, 265 W
Fri Apr  3 15:39:37 IDT 2026, 271 W
Fri Apr  3 15:39:37 IDT 2026, 261 W
Fri Apr  3 15:39:37 IDT 2026, 265 W
Fri Apr  3 15:39:37 IDT 2026, 262 W
Fri Apr  3 15:39:37 IDT 2026, 267 W
Fri Apr  3 15:39:38 IDT 2026, 255 W
Fri Apr  3 15:39:38 IDT 2026, 225 W
Fri Apr  3 15:39:38 IDT 2026, 241 W
Fri Apr  3 15:39:38 IDT 2026, 253 W
Fri Apr  3 15:39:38 IDT 2026, 244 W
Fri Apr  3 15:39:38 IDT 2026, 246 W
Fri Apr  3 15:39:38 IDT 2026, 239 W
Fri Apr  3 15:39:38 IDT 2026, 247 W
Fri Apr  3 15:39:39 IDT 2026, 252 W
Fri Apr  3 15:39:39 IDT 2026, 220 W
Fri Apr  3 15:39:39 IDT 2026, 239 W
Fri Apr  3 15:39:39 IDT 2026, 256 W
Fri Apr  3 15:39:39 IDT 2026, 234 W
Fri Apr  3 15:39:39 IDT 2026, 239 W
Fri Apr  3 15:39:39 IDT 2026, 241 W
Fri Apr  3 15:39:39 IDT 2026, 241 W
Fri Apr  3 15:39:40 IDT 2026, 249 W
Fri Apr  3 15:39:40 IDT 2026, 224 W
Fri Apr  3 15:39:40 IDT 2026, 240 W
Fri Apr  3 15:39:40 IDT 2026, 248 W
Fri Apr  3 15:39:40 IDT 2026, 244 W
Fri Apr  3 15:39:40 IDT 2026, 244 W
Fri Apr  3 15:39:40 IDT 2026, 240 W
Fri Apr  3 15:39:40 IDT 2026, 244 W
Fri Apr  3 15:39:41 IDT 2026, 232 W
Fri Apr  3 15:39:41 IDT 2026, 189 W
Fri Apr  3 15:39:41 IDT 2026, 218 W
Fri Apr  3 15:39:41 IDT 2026, 226 W
Fri Apr  3 15:39:41 IDT 2026, 213 W
Fri Apr  3 15:39:41 IDT 2026, 218 W
Fri Apr  3 15:39:41 IDT 2026, 208 W
Fri Apr  3 15:39:41 IDT 2026, 219 W
Fri Apr  3 15:39:42 IDT 2026, 230 W
Fri Apr  3 15:39:42 IDT 2026, 194 W
Fri Apr  3 15:39:42 IDT 2026, 221 W
Fri Apr  3 15:39:42 IDT 2026, 231 W
Fri Apr  3 15:39:42 IDT 2026, 222 W
Fri Apr  3 15:39:42 IDT 2026, 227 W
Fri Apr  3 15:39:42 IDT 2026, 215 W
Fri Apr  3 15:39:42 IDT 2026, 222 W
Fri Apr  3 15:39:43 IDT 2026, 232 W
Fri Apr  3 15:39:43 IDT 2026, 207 W
Fri Apr  3 15:39:43 IDT 2026, 228 W
Fri Apr  3 15:39:43 IDT 2026, 249 W
Fri Apr  3 15:39:43 IDT 2026, 230 W
Fri Apr  3 15:39:43 IDT 2026, 235 W
Fri Apr  3 15:39:43 IDT 2026, 227 W
Fri Apr  3 15:39:43 IDT 2026, 237 W
Fri Apr  3 15:39:44 IDT 2026, 131 W
Fri Apr  3 15:39:44 IDT 2026, 99 W
Fri Apr  3 15:39:44 IDT 2026, 122 W
Fri Apr  3 15:39:44 IDT 2026, 129 W
Fri Apr  3 15:39:44 IDT 2026, 116 W
Fri Apr  3 15:39:44 IDT 2026, 125 W
Fri Apr  3 15:39:44 IDT 2026, 113 W
Fri Apr  3 15:39:44 IDT 2026, 125 W
Fri Apr  3 15:39:45 IDT 2026, 257 W
Fri Apr  3 15:39:45 IDT 2026, 236 W
Fri Apr  3 15:39:45 IDT 2026, 248 W
Fri Apr  3 15:39:45 IDT 2026, 262 W
Fri Apr  3 15:39:45 IDT 2026, 247 W
Fri Apr  3 15:39:45 IDT 2026, 251 W
Fri Apr  3 15:39:45 IDT 2026, 240 W
Fri Apr  3 15:39:45 IDT 2026, 258 W
Fri Apr  3 15:39:46 IDT 2026, 290 W
Fri Apr  3 15:39:46 IDT 2026, 259 W
Fri Apr  3 15:39:46 IDT 2026, 280 W
Fri Apr  3 15:39:46 IDT 2026, 284 W
Fri Apr  3 15:39:46 IDT 2026, 278 W
Fri Apr  3 15:39:46 IDT 2026, 274 W
Fri Apr  3 15:39:46 IDT 2026, 271 W
Fri Apr  3 15:39:46 IDT 2026, 281 W
Fri Apr  3 15:39:47 IDT 2026, 269 W
Fri Apr  3 15:39:47 IDT 2026, 247 W
Fri Apr  3 15:39:47 IDT 2026, 266 W
Fri Apr  3 15:39:47 IDT 2026, 285 W
Fri Apr  3 15:39:47 IDT 2026, 262 W
Fri Apr  3 15:39:47 IDT 2026, 273 W
Fri Apr  3 15:39:47 IDT 2026, 260 W
Fri Apr  3 15:39:47 IDT 2026, 268 W
Fri Apr  3 15:39:48 IDT 2026, 282 W
Fri Apr  3 15:39:48 IDT 2026, 252 W
Fri Apr  3 15:39:48 IDT 2026, 269 W
Fri Apr  3 15:39:48 IDT 2026, 277 W
Fri Apr  3 15:39:48 IDT 2026, 268 W
Fri Apr  3 15:39:48 IDT 2026, 268 W
Fri Apr  3 15:39:48 IDT 2026, 267 W
Fri Apr  3 15:39:48 IDT 2026, 277 W
Fri Apr  3 15:39:49 IDT 2026, 253 W
Fri Apr  3 15:39:49 IDT 2026, 234 W
Fri Apr  3 15:39:49 IDT 2026, 259 W
Fri Apr  3 15:39:49 IDT 2026, 263 W
Fri Apr  3 15:39:49 IDT 2026, 259 W
Fri Apr  3 15:39:49 IDT 2026, 245 W
Fri Apr  3 15:39:49 IDT 2026, 243 W
Fri Apr  3 15:39:49 IDT 2026, 255 W
Fri Apr  3 15:39:50 IDT 2026, 256 W
Fri Apr  3 15:39:50 IDT 2026, 230 W
Fri Apr  3 15:39:50 IDT 2026, 250 W
Fri Apr  3 15:39:50 IDT 2026, 265 W
Fri Apr  3 15:39:50 IDT 2026, 256 W
Fri Apr  3 15:39:50 IDT 2026, 251 W
Fri Apr  3 15:39:50 IDT 2026, 244 W
Fri Apr  3 15:39:50 IDT 2026, 252 W
Fri Apr  3 15:39:51 IDT 2026, 263 W
Fri Apr  3 15:39:51 IDT 2026, 229 W
Fri Apr  3 15:39:51 IDT 2026, 246 W
Fri Apr  3 15:39:51 IDT 2026, 269 W
Fri Apr  3 15:39:51 IDT 2026, 252 W
Fri Apr  3 15:39:51 IDT 2026, 250 W
Fri Apr  3 15:39:51 IDT 2026, 250 W
Fri Apr  3 15:39:51 IDT 2026, 259 W
Fri Apr  3 15:39:52 IDT 2026, 261 W
Fri Apr  3 15:39:52 IDT 2026, 230 W
Fri Apr  3 15:39:52 IDT 2026, 249 W
Fri Apr  3 15:39:52 IDT 2026, 263 W
Fri Apr  3 15:39:52 IDT 2026, 252 W
Fri Apr  3 15:39:52 IDT 2026, 255 W
Fri Apr  3 15:39:52 IDT 2026, 255 W
Fri Apr  3 15:39:52 IDT 2026, 255 W
Fri Apr  3 15:39:53 IDT 2026, 272 W
Fri Apr  3 15:39:53 IDT 2026, 237 W
Fri Apr  3 15:39:53 IDT 2026, 270 W
Fri Apr  3 15:39:53 IDT 2026, 273 W
Fri Apr  3 15:39:53 IDT 2026, 262 W
Fri Apr  3 15:39:53 IDT 2026, 265 W
Fri Apr  3 15:39:53 IDT 2026, 260 W
Fri Apr  3 15:39:53 IDT 2026, 271 W
Fri Apr  3 15:39:54 IDT 2026, 269 W
Fri Apr  3 15:39:54 IDT 2026, 242 W
Fri Apr  3 15:39:54 IDT 2026, 262 W
Fri Apr  3 15:39:54 IDT 2026, 275 W
Fri Apr  3 15:39:54 IDT 2026, 263 W
Fri Apr  3 15:39:54 IDT 2026, 262 W
Fri Apr  3 15:39:54 IDT 2026, 261 W
Fri Apr  3 15:39:54 IDT 2026, 269 W
Fri Apr  3 15:39:55 IDT 2026, 271 W
Fri Apr  3 15:39:55 IDT 2026, 245 W
Fri Apr  3 15:39:55 IDT 2026, 259 W
Fri Apr  3 15:39:55 IDT 2026, 275 W
Fri Apr  3 15:39:55 IDT 2026, 271 W
Fri Apr  3 15:39:55 IDT 2026, 270 W
Fri Apr  3 15:39:55 IDT 2026, 265 W
Fri Apr  3 15:39:55 IDT 2026, 265 W
Fri Apr  3 15:39:56 IDT 2026, 275 W
Fri Apr  3 15:39:56 IDT 2026, 245 W
Fri Apr  3 15:39:56 IDT 2026, 256 W
Fri Apr  3 15:39:56 IDT 2026, 279 W
Fri Apr  3 15:39:56 IDT 2026, 264 W
Fri Apr  3 15:39:56 IDT 2026, 265 W
Fri Apr  3 15:39:56 IDT 2026, 260 W
Fri Apr  3 15:39:56 IDT 2026, 266 W
Fri Apr  3 15:39:57 IDT 2026, 265 W
Fri Apr  3 15:39:57 IDT 2026, 239 W
Fri Apr  3 15:39:57 IDT 2026, 260 W
Fri Apr  3 15:39:57 IDT 2026, 274 W
Fri Apr  3 15:39:57 IDT 2026, 260 W
Fri Apr  3 15:39:57 IDT 2026, 263 W
Fri Apr  3 15:39:57 IDT 2026, 267 W
Fri Apr  3 15:39:57 IDT 2026, 264 W
Fri Apr  3 15:39:58 IDT 2026, 272 W
Fri Apr  3 15:39:58 IDT 2026, 239 W
Fri Apr  3 15:39:58 IDT 2026, 267 W
Fri Apr  3 15:39:58 IDT 2026, 267 W
Fri Apr  3 15:39:58 IDT 2026, 267 W
Fri Apr  3 15:39:58 IDT 2026, 268 W
Fri Apr  3 15:39:58 IDT 2026, 265 W
Fri Apr  3 15:39:58 IDT 2026, 266 W
Fri Apr  3 15:39:59 IDT 2026, 257 W
Fri Apr  3 15:39:59 IDT 2026, 235 W
Fri Apr  3 15:39:59 IDT 2026, 256 W
Fri Apr  3 15:39:59 IDT 2026, 270 W
Fri Apr  3 15:39:59 IDT 2026, 249 W
Fri Apr  3 15:39:59 IDT 2026, 248 W
Fri Apr  3 15:39:59 IDT 2026, 250 W
Fri Apr  3 15:39:59 IDT 2026, 256 W
Fri Apr  3 15:40:00 IDT 2026, 263 W
Fri Apr  3 15:40:00 IDT 2026, 239 W
Fri Apr  3 15:40:00 IDT 2026, 259 W
Fri Apr  3 15:40:00 IDT 2026, 277 W
Fri Apr  3 15:40:00 IDT 2026, 264 W
Fri Apr  3 15:40:00 IDT 2026, 265 W
Fri Apr  3 15:40:00 IDT 2026, 258 W
Fri Apr  3 15:40:00 IDT 2026, 265 W
Fri Apr  3 15:40:01 IDT 2026, 274 W
Fri Apr  3 15:40:01 IDT 2026, 237 W
Fri Apr  3 15:40:01 IDT 2026, 261 W
Fri Apr  3 15:40:01 IDT 2026, 274 W
Fri Apr  3 15:40:01 IDT 2026, 259 W
Fri Apr  3 15:40:01 IDT 2026, 267 W
Fri Apr  3 15:40:01 IDT 2026, 260 W
Fri Apr  3 15:40:01 IDT 2026, 264 W
Fri Apr  3 15:40:02 IDT 2026, 273 W
Fri Apr  3 15:40:02 IDT 2026, 236 W
Fri Apr  3 15:40:02 IDT 2026, 265 W
Fri Apr  3 15:40:02 IDT 2026, 279 W
Fri Apr  3 15:40:02 IDT 2026, 273 W
Fri Apr  3 15:40:02 IDT 2026, 264 W
Fri Apr  3 15:40:02 IDT 2026, 261 W
Fri Apr  3 15:40:02 IDT 2026, 264 W
Fri Apr  3 15:40:03 IDT 2026, 270 W
Fri Apr  3 15:40:03 IDT 2026, 237 W
Fri Apr  3 15:40:03 IDT 2026, 260 W
Fri Apr  3 15:40:03 IDT 2026, 275 W
Fri Apr  3 15:40:03 IDT 2026, 263 W
Fri Apr  3 15:40:03 IDT 2026, 263 W
Fri Apr  3 15:40:03 IDT 2026, 259 W
Fri Apr  3 15:40:03 IDT 2026, 270 W
Fri Apr  3 15:40:04 IDT 2026, 262 W
Fri Apr  3 15:40:04 IDT 2026, 233 W
Fri Apr  3 15:40:04 IDT 2026, 257 W
Fri Apr  3 15:40:04 IDT 2026, 279 W
Fri Apr  3 15:40:04 IDT 2026, 266 W
Fri Apr  3 15:40:04 IDT 2026, 263 W
Fri Apr  3 15:40:04 IDT 2026, 254 W
Fri Apr  3 15:40:04 IDT 2026, 260 W
Fri Apr  3 15:40:05 IDT 2026, 274 W
Fri Apr  3 15:40:05 IDT 2026, 248 W
Fri Apr  3 15:40:05 IDT 2026, 264 W
Fri Apr  3 15:40:05 IDT 2026, 269 W
Fri Apr  3 15:40:05 IDT 2026, 269 W
Fri Apr  3 15:40:05 IDT 2026, 262 W
Fri Apr  3 15:40:05 IDT 2026, 260 W
Fri Apr  3 15:40:05 IDT 2026, 266 W
Fri Apr  3 15:40:06 IDT 2026, 266 W
Fri Apr  3 15:40:06 IDT 2026, 248 W
Fri Apr  3 15:40:06 IDT 2026, 259 W
Fri Apr  3 15:40:06 IDT 2026, 271 W
Fri Apr  3 15:40:06 IDT 2026, 262 W
Fri Apr  3 15:40:06 IDT 2026, 261 W
Fri Apr  3 15:40:06 IDT 2026, 260 W
Fri Apr  3 15:40:06 IDT 2026, 264 W
Fri Apr  3 15:40:07 IDT 2026, 262 W
Fri Apr  3 15:40:07 IDT 2026, 245 W
Fri Apr  3 15:40:07 IDT 2026, 260 W
Fri Apr  3 15:40:07 IDT 2026, 267 W
Fri Apr  3 15:40:07 IDT 2026, 265 W
Fri Apr  3 15:40:07 IDT 2026, 267 W
Fri Apr  3 15:40:07 IDT 2026, 257 W
Fri Apr  3 15:40:07 IDT 2026, 268 W
Fri Apr  3 15:40:08 IDT 2026, 125 W
Fri Apr  3 15:40:08 IDT 2026, 99 W
Fri Apr  3 15:40:08 IDT 2026, 115 W
Fri Apr  3 15:40:08 IDT 2026, 133 W
Fri Apr  3 15:40:08 IDT 2026, 125 W
Fri Apr  3 15:40:08 IDT 2026, 124 W
Fri Apr  3 15:40:08 IDT 2026, 117 W
Fri Apr  3 15:40:08 IDT 2026, 124 W
Fri Apr  3 15:40:09 IDT 2026, 286 W
Fri Apr  3 15:40:09 IDT 2026, 257 W
Fri Apr  3 15:40:09 IDT 2026, 274 W
Fri Apr  3 15:40:09 IDT 2026, 289 W
Fri Apr  3 15:40:09 IDT 2026, 278 W
Fri Apr  3 15:40:09 IDT 2026, 279 W
Fri Apr  3 15:40:09 IDT 2026, 268 W
Fri Apr  3 15:40:09 IDT 2026, 286 W
Fri Apr  3 15:40:10 IDT 2026, 280 W
Fri Apr  3 15:40:10 IDT 2026, 257 W
Fri Apr  3 15:40:10 IDT 2026, 274 W
Fri Apr  3 15:40:10 IDT 2026, 291 W
Fri Apr  3 15:40:10 IDT 2026, 276 W
Fri Apr  3 15:40:10 IDT 2026, 275 W
Fri Apr  3 15:40:10 IDT 2026, 273 W
Fri Apr  3 15:40:10 IDT 2026, 282 W
Fri Apr  3 15:40:11 IDT 2026, 277 W
Fri Apr  3 15:40:11 IDT 2026, 252 W
Fri Apr  3 15:40:11 IDT 2026, 269 W
Fri Apr  3 15:40:11 IDT 2026, 279 W
Fri Apr  3 15:40:11 IDT 2026, 278 W
Fri Apr  3 15:40:11 IDT 2026, 274 W
Fri Apr  3 15:40:11 IDT 2026, 266 W
Fri Apr  3 15:40:11 IDT 2026, 276 W
Fri Apr  3 15:40:12 IDT 2026, 274 W
Fri Apr  3 15:40:12 IDT 2026, 255 W
Fri Apr  3 15:40:12 IDT 2026, 279 W
Fri Apr  3 15:40:12 IDT 2026, 284 W
Fri Apr  3 15:40:12 IDT 2026, 271 W
Fri Apr  3 15:40:12 IDT 2026, 284 W
Fri Apr  3 15:40:12 IDT 2026, 276 W
Fri Apr  3 15:40:12 IDT 2026, 286 W
Fri Apr  3 15:40:13 IDT 2026, 281 W
Fri Apr  3 15:40:13 IDT 2026, 256 W
Fri Apr  3 15:40:13 IDT 2026, 271 W
Fri Apr  3 15:40:13 IDT 2026, 286 W
Fri Apr  3 15:40:13 IDT 2026, 278 W
Fri Apr  3 15:40:13 IDT 2026, 275 W
Fri Apr  3 15:40:13 IDT 2026, 273 W
Fri Apr  3 15:40:13 IDT 2026, 283 W
Fri Apr  3 15:40:14 IDT 2026, 282 W
Fri Apr  3 15:40:14 IDT 2026, 263 W
Fri Apr  3 15:40:14 IDT 2026, 274 W
Fri Apr  3 15:40:14 IDT 2026, 292 W
Fri Apr  3 15:40:14 IDT 2026, 278 W
Fri Apr  3 15:40:14 IDT 2026, 273 W
Fri Apr  3 15:40:14 IDT 2026, 279 W
Fri Apr  3 15:40:14 IDT 2026, 282 W
Fri Apr  3 15:40:15 IDT 2026, 247 W
Fri Apr  3 15:40:15 IDT 2026, 225 W
Fri Apr  3 15:40:15 IDT 2026, 243 W
Fri Apr  3 15:40:15 IDT 2026, 256 W
Fri Apr  3 15:40:15 IDT 2026, 243 W
Fri Apr  3 15:40:15 IDT 2026, 254 W
Fri Apr  3 15:40:15 IDT 2026, 244 W
Fri Apr  3 15:40:15 IDT 2026, 260 W
Fri Apr  3 15:40:16 IDT 2026, 283 W
Fri Apr  3 15:40:16 IDT 2026, 252 W
Fri Apr  3 15:40:16 IDT 2026, 276 W
Fri Apr  3 15:40:16 IDT 2026, 288 W
Fri Apr  3 15:40:16 IDT 2026, 280 W
Fri Apr  3 15:40:16 IDT 2026, 276 W
Fri Apr  3 15:40:16 IDT 2026, 277 W
Fri Apr  3 15:40:16 IDT 2026, 278 W
Fri Apr  3 15:40:17 IDT 2026, 286 W
Fri Apr  3 15:40:17 IDT 2026, 256 W
Fri Apr  3 15:40:17 IDT 2026, 280 W
Fri Apr  3 15:40:17 IDT 2026, 287 W
Fri Apr  3 15:40:17 IDT 2026, 279 W
Fri Apr  3 15:40:17 IDT 2026, 287 W
Fri Apr  3 15:40:17 IDT 2026, 275 W
Fri Apr  3 15:40:17 IDT 2026, 281 W
Fri Apr  3 15:40:18 IDT 2026, 282 W
Fri Apr  3 15:40:18 IDT 2026, 250 W
Fri Apr  3 15:40:18 IDT 2026, 279 W
Fri Apr  3 15:40:18 IDT 2026, 287 W
Fri Apr  3 15:40:18 IDT 2026, 267 W
Fri Apr  3 15:40:18 IDT 2026, 274 W
Fri Apr  3 15:40:18 IDT 2026, 268 W
Fri Apr  3 15:40:18 IDT 2026, 273 W
Fri Apr  3 15:40:19 IDT 2026, 290 W
Fri Apr  3 15:40:19 IDT 2026, 259 W
Fri Apr  3 15:40:19 IDT 2026, 269 W
Fri Apr  3 15:40:19 IDT 2026, 287 W
Fri Apr  3 15:40:19 IDT 2026, 278 W
Fri Apr  3 15:40:19 IDT 2026, 278 W
Fri Apr  3 15:40:19 IDT 2026, 271 W
Fri Apr  3 15:40:19 IDT 2026, 285 W
Fri Apr  3 15:40:20 IDT 2026, 280 W
Fri Apr  3 15:40:20 IDT 2026, 254 W
Fri Apr  3 15:40:20 IDT 2026, 279 W
Fri Apr  3 15:40:20 IDT 2026, 293 W
Fri Apr  3 15:40:20 IDT 2026, 283 W
Fri Apr  3 15:40:20 IDT 2026, 283 W
Fri Apr  3 15:40:20 IDT 2026, 274 W
Fri Apr  3 15:40:20 IDT 2026, 275 W
Fri Apr  3 15:40:21 IDT 2026, 282 W
Fri Apr  3 15:40:21 IDT 2026, 260 W
Fri Apr  3 15:40:21 IDT 2026, 272 W
Fri Apr  3 15:40:21 IDT 2026, 288 W
Fri Apr  3 15:40:21 IDT 2026, 281 W
Fri Apr  3 15:40:21 IDT 2026, 275 W
Fri Apr  3 15:40:21 IDT 2026, 269 W
Fri Apr  3 15:40:21 IDT 2026, 282 W
Fri Apr  3 15:40:22 IDT 2026, 271 W
Fri Apr  3 15:40:22 IDT 2026, 241 W
Fri Apr  3 15:40:22 IDT 2026, 265 W
Fri Apr  3 15:40:22 IDT 2026, 281 W
Fri Apr  3 15:40:22 IDT 2026, 263 W
Fri Apr  3 15:40:22 IDT 2026, 267 W
Fri Apr  3 15:40:22 IDT 2026, 258 W
Fri Apr  3 15:40:22 IDT 2026, 275 W
Fri Apr  3 15:40:23 IDT 2026, 277 W
Fri Apr  3 15:40:23 IDT 2026, 247 W
Fri Apr  3 15:40:23 IDT 2026, 264 W
Fri Apr  3 15:40:23 IDT 2026, 278 W
Fri Apr  3 15:40:23 IDT 2026, 266 W
Fri Apr  3 15:40:23 IDT 2026, 262 W
Fri Apr  3 15:40:23 IDT 2026, 264 W
Fri Apr  3 15:40:23 IDT 2026, 274 W
Fri Apr  3 15:40:24 IDT 2026, 235 W
Fri Apr  3 15:40:24 IDT 2026, 215 W
Fri Apr  3 15:40:24 IDT 2026, 227 W
Fri Apr  3 15:40:24 IDT 2026, 248 W
Fri Apr  3 15:40:24 IDT 2026, 227 W
Fri Apr  3 15:40:24 IDT 2026, 240 W
Fri Apr  3 15:40:24 IDT 2026, 236 W
Fri Apr  3 15:40:24 IDT 2026, 242 W
Fri Apr  3 15:40:25 IDT 2026, 268 W
Fri Apr  3 15:40:25 IDT 2026, 247 W
Fri Apr  3 15:40:25 IDT 2026, 254 W
Fri Apr  3 15:40:25 IDT 2026, 267 W
Fri Apr  3 15:40:25 IDT 2026, 268 W
Fri Apr  3 15:40:25 IDT 2026, 269 W
Fri Apr  3 15:40:25 IDT 2026, 257 W
Fri Apr  3 15:40:25 IDT 2026, 263 W
Fri Apr  3 15:40:26 IDT 2026, 274 W
Fri Apr  3 15:40:26 IDT 2026, 242 W
Fri Apr  3 15:40:26 IDT 2026, 256 W
Fri Apr  3 15:40:26 IDT 2026, 281 W
Fri Apr  3 15:40:26 IDT 2026, 261 W
Fri Apr  3 15:40:26 IDT 2026, 269 W
Fri Apr  3 15:40:26 IDT 2026, 259 W
Fri Apr  3 15:40:26 IDT 2026, 263 W
Fri Apr  3 15:40:27 IDT 2026, 265 W
Fri Apr  3 15:40:27 IDT 2026, 243 W
Fri Apr  3 15:40:27 IDT 2026, 258 W
Fri Apr  3 15:40:27 IDT 2026, 276 W
Fri Apr  3 15:40:27 IDT 2026, 268 W
Fri Apr  3 15:40:27 IDT 2026, 265 W
Fri Apr  3 15:40:27 IDT 2026, 260 W
Fri Apr  3 15:40:27 IDT 2026, 267 W
Fri Apr  3 15:40:28 IDT 2026, 260 W
Fri Apr  3 15:40:28 IDT 2026, 235 W
Fri Apr  3 15:40:28 IDT 2026, 253 W
Fri Apr  3 15:40:28 IDT 2026, 271 W
Fri Apr  3 15:40:28 IDT 2026, 260 W
Fri Apr  3 15:40:28 IDT 2026, 266 W
Fri Apr  3 15:40:28 IDT 2026, 261 W
Fri Apr  3 15:40:28 IDT 2026, 264 W
Fri Apr  3 15:40:29 IDT 2026, 269 W
Fri Apr  3 15:40:29 IDT 2026, 232 W
Fri Apr  3 15:40:29 IDT 2026, 256 W
Fri Apr  3 15:40:29 IDT 2026, 263 W
Fri Apr  3 15:40:29 IDT 2026, 254 W
Fri Apr  3 15:40:29 IDT 2026, 248 W
Fri Apr  3 15:40:29 IDT 2026, 255 W
Fri Apr  3 15:40:29 IDT 2026, 266 W
Fri Apr  3 15:40:30 IDT 2026, 263 W
Fri Apr  3 15:40:30 IDT 2026, 231 W
Fri Apr  3 15:40:30 IDT 2026, 257 W
Fri Apr  3 15:40:30 IDT 2026, 261 W
Fri Apr  3 15:40:30 IDT 2026, 253 W
Fri Apr  3 15:40:30 IDT 2026, 253 W
Fri Apr  3 15:40:30 IDT 2026, 250 W
Fri Apr  3 15:40:30 IDT 2026, 254 W
Fri Apr  3 15:40:31 IDT 2026, 246 W
Fri Apr  3 15:40:31 IDT 2026, 222 W
Fri Apr  3 15:40:31 IDT 2026, 243 W
Fri Apr  3 15:40:31 IDT 2026, 253 W
Fri Apr  3 15:40:31 IDT 2026, 249 W
Fri Apr  3 15:40:31 IDT 2026, 242 W
Fri Apr  3 15:40:31 IDT 2026, 239 W
Fri Apr  3 15:40:31 IDT 2026, 242 W
Fri Apr  3 15:40:32 IDT 2026, 233 W
Fri Apr  3 15:40:32 IDT 2026, 226 W
Fri Apr  3 15:40:32 IDT 2026, 253 W
Fri Apr  3 15:40:32 IDT 2026, 262 W
Fri Apr  3 15:40:32 IDT 2026, 248 W
Fri Apr  3 15:40:32 IDT 2026, 256 W
Fri Apr  3 15:40:32 IDT 2026, 252 W
Fri Apr  3 15:40:32 IDT 2026, 253 W
Fri Apr  3 15:40:33 IDT 2026, 128 W
Fri Apr  3 15:40:33 IDT 2026, 96 W
Fri Apr  3 15:40:33 IDT 2026, 114 W
Fri Apr  3 15:40:33 IDT 2026, 128 W
Fri Apr  3 15:40:33 IDT 2026, 119 W
Fri Apr  3 15:40:33 IDT 2026, 128 W
Fri Apr  3 15:40:33 IDT 2026, 116 W
Fri Apr  3 15:40:33 IDT 2026, 122 W
Fri Apr  3 15:40:34 IDT 2026, 274 W
Fri Apr  3 15:40:34 IDT 2026, 242 W
Fri Apr  3 15:40:34 IDT 2026, 251 W
Fri Apr  3 15:40:34 IDT 2026, 284 W
Fri Apr  3 15:40:34 IDT 2026, 270 W
Fri Apr  3 15:40:34 IDT 2026, 259 W
Fri Apr  3 15:40:34 IDT 2026, 265 W
Fri Apr  3 15:40:34 IDT 2026, 270 W
Fri Apr  3 15:40:35 IDT 2026, 286 W
Fri Apr  3 15:40:35 IDT 2026, 255 W
Fri Apr  3 15:40:35 IDT 2026, 277 W
Fri Apr  3 15:40:35 IDT 2026, 285 W
Fri Apr  3 15:40:35 IDT 2026, 275 W
Fri Apr  3 15:40:35 IDT 2026, 284 W
Fri Apr  3 15:40:35 IDT 2026, 276 W
Fri Apr  3 15:40:35 IDT 2026, 284 W
Fri Apr  3 15:40:36 IDT 2026, 281 W
Fri Apr  3 15:40:36 IDT 2026, 249 W
Fri Apr  3 15:40:36 IDT 2026, 277 W
Fri Apr  3 15:40:36 IDT 2026, 292 W
Fri Apr  3 15:40:36 IDT 2026, 272 W
Fri Apr  3 15:40:36 IDT 2026, 276 W
Fri Apr  3 15:40:36 IDT 2026, 277 W
Fri Apr  3 15:40:36 IDT 2026, 290 W
Fri Apr  3 15:40:37 IDT 2026, 292 W
Fri Apr  3 15:40:37 IDT 2026, 255 W
Fri Apr  3 15:40:37 IDT 2026, 276 W
Fri Apr  3 15:40:37 IDT 2026, 290 W
Fri Apr  3 15:40:37 IDT 2026, 281 W
Fri Apr  3 15:40:37 IDT 2026, 280 W
Fri Apr  3 15:40:37 IDT 2026, 276 W
Fri Apr  3 15:40:37 IDT 2026, 278 W
Fri Apr  3 15:40:38 IDT 2026, 281 W
Fri Apr  3 15:40:38 IDT 2026, 255 W
Fri Apr  3 15:40:38 IDT 2026, 276 W
Fri Apr  3 15:40:38 IDT 2026, 292 W
Fri Apr  3 15:40:38 IDT 2026, 274 W
Fri Apr  3 15:40:38 IDT 2026, 279 W
Fri Apr  3 15:40:38 IDT 2026, 270 W
Fri Apr  3 15:40:38 IDT 2026, 291 W
Fri Apr  3 15:40:39 IDT 2026, 283 W
Fri Apr  3 15:40:39 IDT 2026, 263 W
Fri Apr  3 15:40:39 IDT 2026, 272 W
Fri Apr  3 15:40:39 IDT 2026, 285 W
Fri Apr  3 15:40:39 IDT 2026, 270 W
Fri Apr  3 15:40:39 IDT 2026, 283 W
Fri Apr  3 15:40:39 IDT 2026, 284 W
Fri Apr  3 15:40:39 IDT 2026, 280 W
Fri Apr  3 15:40:40 IDT 2026, 283 W
Fri Apr  3 15:40:40 IDT 2026, 252 W
Fri Apr  3 15:40:40 IDT 2026, 279 W
Fri Apr  3 15:40:40 IDT 2026, 287 W
Fri Apr  3 15:40:40 IDT 2026, 270 W
Fri Apr  3 15:40:40 IDT 2026, 284 W
Fri Apr  3 15:40:40 IDT 2026, 271 W
Fri Apr  3 15:40:40 IDT 2026, 281 W
Fri Apr  3 15:40:41 IDT 2026, 284 W
Fri Apr  3 15:40:41 IDT 2026, 259 W
Fri Apr  3 15:40:41 IDT 2026, 268 W
Fri Apr  3 15:40:41 IDT 2026, 287 W
Fri Apr  3 15:40:41 IDT 2026, 278 W
Fri Apr  3 15:40:41 IDT 2026, 282 W
Fri Apr  3 15:40:41 IDT 2026, 272 W
Fri Apr  3 15:40:41 IDT 2026, 286 W
Fri Apr  3 15:40:42 IDT 2026, 282 W
Fri Apr  3 15:40:42 IDT 2026, 255 W
Fri Apr  3 15:40:42 IDT 2026, 275 W
Fri Apr  3 15:40:42 IDT 2026, 284 W
Fri Apr  3 15:40:42 IDT 2026, 276 W
Fri Apr  3 15:40:42 IDT 2026, 275 W
Fri Apr  3 15:40:42 IDT 2026, 274 W
Fri Apr  3 15:40:42 IDT 2026, 280 W
Fri Apr  3 15:40:43 IDT 2026, 292 W
Fri Apr  3 15:40:43 IDT 2026, 255 W
Fri Apr  3 15:40:43 IDT 2026, 279 W
Fri Apr  3 15:40:43 IDT 2026, 284 W
Fri Apr  3 15:40:43 IDT 2026, 280 W
Fri Apr  3 15:40:43 IDT 2026, 282 W
Fri Apr  3 15:40:43 IDT 2026, 274 W
Fri Apr  3 15:40:43 IDT 2026, 281 W
Fri Apr  3 15:40:44 IDT 2026, 279 W
Fri Apr  3 15:40:44 IDT 2026, 253 W
Fri Apr  3 15:40:44 IDT 2026, 275 W
Fri Apr  3 15:40:44 IDT 2026, 287 W
Fri Apr  3 15:40:44 IDT 2026, 277 W
Fri Apr  3 15:40:44 IDT 2026, 280 W
Fri Apr  3 15:40:44 IDT 2026, 265 W
Fri Apr  3 15:40:44 IDT 2026, 279 W
Fri Apr  3 15:40:45 IDT 2026, 274 W
Fri Apr  3 15:40:45 IDT 2026, 249 W
Fri Apr  3 15:40:45 IDT 2026, 265 W
Fri Apr  3 15:40:45 IDT 2026, 283 W
Fri Apr  3 15:40:45 IDT 2026, 265 W
Fri Apr  3 15:40:45 IDT 2026, 269 W
Fri Apr  3 15:40:45 IDT 2026, 264 W
Fri Apr  3 15:40:45 IDT 2026, 272 W
Fri Apr  3 15:40:46 IDT 2026, 276 W
Fri Apr  3 15:40:46 IDT 2026, 240 W
Fri Apr  3 15:40:46 IDT 2026, 261 W
Fri Apr  3 15:40:46 IDT 2026, 276 W
Fri Apr  3 15:40:46 IDT 2026, 262 W
Fri Apr  3 15:40:46 IDT 2026, 269 W
Fri Apr  3 15:40:46 IDT 2026, 257 W
Fri Apr  3 15:40:46 IDT 2026, 267 W
Fri Apr  3 15:40:47 IDT 2026, 267 W
Fri Apr  3 15:40:47 IDT 2026, 241 W
Fri Apr  3 15:40:47 IDT 2026, 275 W
Fri Apr  3 15:40:47 IDT 2026, 272 W
Fri Apr  3 15:40:47 IDT 2026, 272 W
Fri Apr  3 15:40:47 IDT 2026, 262 W
Fri Apr  3 15:40:47 IDT 2026, 260 W
Fri Apr  3 15:40:47 IDT 2026, 273 W
Fri Apr  3 15:40:48 IDT 2026, 276 W
Fri Apr  3 15:40:48 IDT 2026, 246 W
Fri Apr  3 15:40:48 IDT 2026, 263 W
Fri Apr  3 15:40:48 IDT 2026, 269 W
Fri Apr  3 15:40:48 IDT 2026, 269 W
Fri Apr  3 15:40:48 IDT 2026, 266 W
Fri Apr  3 15:40:48 IDT 2026, 265 W
Fri Apr  3 15:40:48 IDT 2026, 268 W
Fri Apr  3 15:40:49 IDT 2026, 273 W
Fri Apr  3 15:40:49 IDT 2026, 241 W
Fri Apr  3 15:40:49 IDT 2026, 265 W
Fri Apr  3 15:40:49 IDT 2026, 276 W
Fri Apr  3 15:40:49 IDT 2026, 263 W
Fri Apr  3 15:40:49 IDT 2026, 275 W
Fri Apr  3 15:40:49 IDT 2026, 270 W
Fri Apr  3 15:40:49 IDT 2026, 269 W
Fri Apr  3 15:40:50 IDT 2026, 275 W
Fri Apr  3 15:40:50 IDT 2026, 240 W
Fri Apr  3 15:40:50 IDT 2026, 261 W
Fri Apr  3 15:40:50 IDT 2026, 276 W
Fri Apr  3 15:40:50 IDT 2026, 262 W
Fri Apr  3 15:40:50 IDT 2026, 271 W
Fri Apr  3 15:40:50 IDT 2026, 259 W
Fri Apr  3 15:40:50 IDT 2026, 268 W
Fri Apr  3 15:40:51 IDT 2026, 275 W
Fri Apr  3 15:40:51 IDT 2026, 238 W
Fri Apr  3 15:40:51 IDT 2026, 262 W
Fri Apr  3 15:40:51 IDT 2026, 277 W
Fri Apr  3 15:40:51 IDT 2026, 265 W
Fri Apr  3 15:40:51 IDT 2026, 274 W
Fri Apr  3 15:40:51 IDT 2026, 266 W
Fri Apr  3 15:40:51 IDT 2026, 271 W
Fri Apr  3 15:40:52 IDT 2026, 272 W
Fri Apr  3 15:40:52 IDT 2026, 235 W
Fri Apr  3 15:40:52 IDT 2026, 264 W
Fri Apr  3 15:40:52 IDT 2026, 268 W
Fri Apr  3 15:40:52 IDT 2026, 261 W
Fri Apr  3 15:40:52 IDT 2026, 259 W
Fri Apr  3 15:40:52 IDT 2026, 266 W
Fri Apr  3 15:40:52 IDT 2026, 262 W
Fri Apr  3 15:40:53 IDT 2026, 274 W
Fri Apr  3 15:40:53 IDT 2026, 239 W
Fri Apr  3 15:40:53 IDT 2026, 267 W
Fri Apr  3 15:40:53 IDT 2026, 273 W
Fri Apr  3 15:40:53 IDT 2026, 262 W
Fri Apr  3 15:40:53 IDT 2026, 263 W
Fri Apr  3 15:40:53 IDT 2026, 261 W
Fri Apr  3 15:40:53 IDT 2026, 266 W
Fri Apr  3 15:40:54 IDT 2026, 267 W
Fri Apr  3 15:40:54 IDT 2026, 241 W
Fri Apr  3 15:40:54 IDT 2026, 260 W
Fri Apr  3 15:40:54 IDT 2026, 283 W
Fri Apr  3 15:40:54 IDT 2026, 268 W
Fri Apr  3 15:40:54 IDT 2026, 263 W
Fri Apr  3 15:40:54 IDT 2026, 261 W
Fri Apr  3 15:40:54 IDT 2026, 264 W
Fri Apr  3 15:40:55 IDT 2026, 265 W
Fri Apr  3 15:40:55 IDT 2026, 236 W
Fri Apr  3 15:40:55 IDT 2026, 265 W
Fri Apr  3 15:40:55 IDT 2026, 279 W
Fri Apr  3 15:40:55 IDT 2026, 258 W
Fri Apr  3 15:40:55 IDT 2026, 265 W
Fri Apr  3 15:40:55 IDT 2026, 255 W
Fri Apr  3 15:40:55 IDT 2026, 265 W
Fri Apr  3 15:40:56 IDT 2026, 257 W
Fri Apr  3 15:40:56 IDT 2026, 225 W
Fri Apr  3 15:40:56 IDT 2026, 242 W
Fri Apr  3 15:40:56 IDT 2026, 253 W
Fri Apr  3 15:40:56 IDT 2026, 238 W
Fri Apr  3 15:40:56 IDT 2026, 245 W
Fri Apr  3 15:40:56 IDT 2026, 244 W
Fri Apr  3 15:40:56 IDT 2026, 251 W
Fri Apr  3 15:40:57 IDT 2026, 130 W
Fri Apr  3 15:40:57 IDT 2026, 100 W
Fri Apr  3 15:40:57 IDT 2026, 117 W
Fri Apr  3 15:40:57 IDT 2026, 131 W
Fri Apr  3 15:40:57 IDT 2026, 121 W
Fri Apr  3 15:40:57 IDT 2026, 123 W
Fri Apr  3 15:40:57 IDT 2026, 118 W
Fri Apr  3 15:40:57 IDT 2026, 129 W
Fri Apr  3 15:40:58 IDT 2026, 284 W
Fri Apr  3 15:40:58 IDT 2026, 257 W
Fri Apr  3 15:40:58 IDT 2026, 273 W
Fri Apr  3 15:40:58 IDT 2026, 288 W
Fri Apr  3 15:40:58 IDT 2026, 275 W
Fri Apr  3 15:40:58 IDT 2026, 278 W
Fri Apr  3 15:40:58 IDT 2026, 279 W
Fri Apr  3 15:40:58 IDT 2026, 286 W
Fri Apr  3 15:40:59 IDT 2026, 280 W
Fri Apr  3 15:40:59 IDT 2026, 254 W
Fri Apr  3 15:40:59 IDT 2026, 274 W
Fri Apr  3 15:40:59 IDT 2026, 261 W
Fri Apr  3 15:40:59 IDT 2026, 277 W
Fri Apr  3 15:40:59 IDT 2026, 275 W
Fri Apr  3 15:40:59 IDT 2026, 268 W
Fri Apr  3 15:40:59 IDT 2026, 278 W
Fri Apr  3 15:41:00 IDT 2026, 285 W
Fri Apr  3 15:41:00 IDT 2026, 256 W
Fri Apr  3 15:41:00 IDT 2026, 279 W
Fri Apr  3 15:41:00 IDT 2026, 288 W
Fri Apr  3 15:41:00 IDT 2026, 274 W
Fri Apr  3 15:41:00 IDT 2026, 273 W
Fri Apr  3 15:41:00 IDT 2026, 277 W
Fri Apr  3 15:41:00 IDT 2026, 275 W
Fri Apr  3 15:41:01 IDT 2026, 293 W
Fri Apr  3 15:41:01 IDT 2026, 261 W
Fri Apr  3 15:41:01 IDT 2026, 274 W
Fri Apr  3 15:41:01 IDT 2026, 286 W
Fri Apr  3 15:41:01 IDT 2026, 286 W
Fri Apr  3 15:41:01 IDT 2026, 283 W
Fri Apr  3 15:41:01 IDT 2026, 275 W
Fri Apr  3 15:41:01 IDT 2026, 281 W
Fri Apr  3 15:41:02 IDT 2026, 279 W
Fri Apr  3 15:41:02 IDT 2026, 252 W
Fri Apr  3 15:41:02 IDT 2026, 277 W
Fri Apr  3 15:41:02 IDT 2026, 284 W
Fri Apr  3 15:41:02 IDT 2026, 278 W
Fri Apr  3 15:41:02 IDT 2026, 276 W
Fri Apr  3 15:41:02 IDT 2026, 272 W
Fri Apr  3 15:41:02 IDT 2026, 279 W
Fri Apr  3 15:41:03 IDT 2026, 272 W
Fri Apr  3 15:41:03 IDT 2026, 244 W
Fri Apr  3 15:41:03 IDT 2026, 265 W
Fri Apr  3 15:41:03 IDT 2026, 272 W
Fri Apr  3 15:41:03 IDT 2026, 266 W
Fri Apr  3 15:41:03 IDT 2026, 271 W
Fri Apr  3 15:41:03 IDT 2026, 264 W
Fri Apr  3 15:41:03 IDT 2026, 275 W
Fri Apr  3 15:41:04 IDT 2026, 283 W
Fri Apr  3 15:41:04 IDT 2026, 255 W
Fri Apr  3 15:41:04 IDT 2026, 283 W
Fri Apr  3 15:41:04 IDT 2026, 285 W
Fri Apr  3 15:41:04 IDT 2026, 283 W
Fri Apr  3 15:41:04 IDT 2026, 280 W
Fri Apr  3 15:41:04 IDT 2026, 278 W
Fri Apr  3 15:41:04 IDT 2026, 281 W
Fri Apr  3 15:41:05 IDT 2026, 284 W
Fri Apr  3 15:41:05 IDT 2026, 254 W
Fri Apr  3 15:41:05 IDT 2026, 273 W
Fri Apr  3 15:41:05 IDT 2026, 284 W
Fri Apr  3 15:41:05 IDT 2026, 279 W
Fri Apr  3 15:41:05 IDT 2026, 276 W
Fri Apr  3 15:41:05 IDT 2026, 275 W
Fri Apr  3 15:41:05 IDT 2026, 283 W
Fri Apr  3 15:41:06 IDT 2026, 272 W
Fri Apr  3 15:41:06 IDT 2026, 240 W
Fri Apr  3 15:41:06 IDT 2026, 269 W
Fri Apr  3 15:41:06 IDT 2026, 272 W
Fri Apr  3 15:41:06 IDT 2026, 268 W
Fri Apr  3 15:41:06 IDT 2026, 270 W
Fri Apr  3 15:41:06 IDT 2026, 263 W
Fri Apr  3 15:41:06 IDT 2026, 270 W
Fri Apr  3 15:41:07 IDT 2026, 288 W
Fri Apr  3 15:41:07 IDT 2026, 257 W
Fri Apr  3 15:41:07 IDT 2026, 272 W
Fri Apr  3 15:41:07 IDT 2026, 280 W
Fri Apr  3 15:41:07 IDT 2026, 276 W
Fri Apr  3 15:41:07 IDT 2026, 277 W
Fri Apr  3 15:41:07 IDT 2026, 268 W
Fri Apr  3 15:41:07 IDT 2026, 281 W
Fri Apr  3 15:41:08 IDT 2026, 279 W
Fri Apr  3 15:41:08 IDT 2026, 255 W
Fri Apr  3 15:41:08 IDT 2026, 273 W
Fri Apr  3 15:41:08 IDT 2026, 287 W
Fri Apr  3 15:41:08 IDT 2026, 281 W
Fri Apr  3 15:41:08 IDT 2026, 283 W
Fri Apr  3 15:41:08 IDT 2026, 275 W
Fri Apr  3 15:41:08 IDT 2026, 285 W
Fri Apr  3 15:41:09 IDT 2026, 274 W
Fri Apr  3 15:41:09 IDT 2026, 238 W
Fri Apr  3 15:41:09 IDT 2026, 266 W
Fri Apr  3 15:41:09 IDT 2026, 270 W
Fri Apr  3 15:41:09 IDT 2026, 267 W
Fri Apr  3 15:41:09 IDT 2026, 263 W
Fri Apr  3 15:41:09 IDT 2026, 263 W
Fri Apr  3 15:41:09 IDT 2026, 273 W
Fri Apr  3 15:41:10 IDT 2026, 267 W
Fri Apr  3 15:41:10 IDT 2026, 242 W
Fri Apr  3 15:41:10 IDT 2026, 255 W
Fri Apr  3 15:41:10 IDT 2026, 277 W
Fri Apr  3 15:41:10 IDT 2026, 261 W
Fri Apr  3 15:41:10 IDT 2026, 260 W
Fri Apr  3 15:41:10 IDT 2026, 258 W
Fri Apr  3 15:41:10 IDT 2026, 264 W
Fri Apr  3 15:41:11 IDT 2026, 243 W
Fri Apr  3 15:41:11 IDT 2026, 213 W
Fri Apr  3 15:41:11 IDT 2026, 233 W
Fri Apr  3 15:41:11 IDT 2026, 248 W
Fri Apr  3 15:41:11 IDT 2026, 234 W
Fri Apr  3 15:41:11 IDT 2026, 241 W
Fri Apr  3 15:41:11 IDT 2026, 231 W
Fri Apr  3 15:41:11 IDT 2026, 238 W
Fri Apr  3 15:41:12 IDT 2026, 271 W
Fri Apr  3 15:41:12 IDT 2026, 250 W
Fri Apr  3 15:41:12 IDT 2026, 258 W
Fri Apr  3 15:41:12 IDT 2026, 276 W
Fri Apr  3 15:41:12 IDT 2026, 265 W
Fri Apr  3 15:41:12 IDT 2026, 270 W
Fri Apr  3 15:41:12 IDT 2026, 259 W
Fri Apr  3 15:41:12 IDT 2026, 266 W
Fri Apr  3 15:41:13 IDT 2026, 269 W
Fri Apr  3 15:41:13 IDT 2026, 237 W
Fri Apr  3 15:41:13 IDT 2026, 261 W
Fri Apr  3 15:41:13 IDT 2026, 265 W
Fri Apr  3 15:41:13 IDT 2026, 253 W
Fri Apr  3 15:41:13 IDT 2026, 260 W
Fri Apr  3 15:41:13 IDT 2026, 264 W
Fri Apr  3 15:41:13 IDT 2026, 260 W
Fri Apr  3 15:41:14 IDT 2026, 239 W
Fri Apr  3 15:41:14 IDT 2026, 215 W
Fri Apr  3 15:41:14 IDT 2026, 230 W
Fri Apr  3 15:41:14 IDT 2026, 244 W
Fri Apr  3 15:41:14 IDT 2026, 227 W
Fri Apr  3 15:41:14 IDT 2026, 237 W
Fri Apr  3 15:41:14 IDT 2026, 233 W
Fri Apr  3 15:41:14 IDT 2026, 236 W
Fri Apr  3 15:41:15 IDT 2026, 222 W
Fri Apr  3 15:41:15 IDT 2026, 198 W
Fri Apr  3 15:41:15 IDT 2026, 215 W
Fri Apr  3 15:41:15 IDT 2026, 226 W
Fri Apr  3 15:41:15 IDT 2026, 218 W
Fri Apr  3 15:41:15 IDT 2026, 220 W
Fri Apr  3 15:41:15 IDT 2026, 211 W
Fri Apr  3 15:41:15 IDT 2026, 226 W
Fri Apr  3 15:41:16 IDT 2026, 239 W
Fri Apr  3 15:41:16 IDT 2026, 210 W
Fri Apr  3 15:41:16 IDT 2026, 223 W
Fri Apr  3 15:41:16 IDT 2026, 251 W
Fri Apr  3 15:41:16 IDT 2026, 231 W
Fri Apr  3 15:41:16 IDT 2026, 233 W
Fri Apr  3 15:41:16 IDT 2026, 232 W
Fri Apr  3 15:41:16 IDT 2026, 239 W
Fri Apr  3 15:41:17 IDT 2026, 233 W
Fri Apr  3 15:41:17 IDT 2026, 197 W
Fri Apr  3 15:41:17 IDT 2026, 218 W
Fri Apr  3 15:41:17 IDT 2026, 234 W
Fri Apr  3 15:41:17 IDT 2026, 214 W
Fri Apr  3 15:41:17 IDT 2026, 224 W
Fri Apr  3 15:41:17 IDT 2026, 215 W
Fri Apr  3 15:41:17 IDT 2026, 222 W
Fri Apr  3 15:41:18 IDT 2026, 224 W
Fri Apr  3 15:41:18 IDT 2026, 186 W
Fri Apr  3 15:41:18 IDT 2026, 218 W
Fri Apr  3 15:41:18 IDT 2026, 226 W
Fri Apr  3 15:41:18 IDT 2026, 208 W
Fri Apr  3 15:41:18 IDT 2026, 216 W
Fri Apr  3 15:41:18 IDT 2026, 216 W
Fri Apr  3 15:41:18 IDT 2026, 217 W
Fri Apr  3 15:41:19 IDT 2026, 210 W
Fri Apr  3 15:41:19 IDT 2026, 167 W
Fri Apr  3 15:41:19 IDT 2026, 196 W
Fri Apr  3 15:41:19 IDT 2026, 211 W
Fri Apr  3 15:41:19 IDT 2026, 204 W
Fri Apr  3 15:41:19 IDT 2026, 202 W
Fri Apr  3 15:41:19 IDT 2026, 205 W
Fri Apr  3 15:41:19 IDT 2026, 202 W
Fri Apr  3 15:41:20 IDT 2026, 215 W
Fri Apr  3 15:41:20 IDT 2026, 185 W
Fri Apr  3 15:41:20 IDT 2026, 211 W
Fri Apr  3 15:41:20 IDT 2026, 225 W
Fri Apr  3 15:41:20 IDT 2026, 215 W
Fri Apr  3 15:41:20 IDT 2026, 215 W
Fri Apr  3 15:41:20 IDT 2026, 205 W
Fri Apr  3 15:41:20 IDT 2026, 221 W
Fri Apr  3 15:41:21 IDT 2026, 131 W
Fri Apr  3 15:41:21 IDT 2026, 101 W
Fri Apr  3 15:41:21 IDT 2026, 124 W
Fri Apr  3 15:41:21 IDT 2026, 129 W
Fri Apr  3 15:41:21 IDT 2026, 119 W
Fri Apr  3 15:41:21 IDT 2026, 122 W
Fri Apr  3 15:41:21 IDT 2026, 112 W
Fri Apr  3 15:41:21 IDT 2026, 129 W
Fri Apr  3 15:41:22 IDT 2026, 284 W
Fri Apr  3 15:41:22 IDT 2026, 258 W
Fri Apr  3 15:41:22 IDT 2026, 275 W
Fri Apr  3 15:41:22 IDT 2026, 284 W
Fri Apr  3 15:41:22 IDT 2026, 273 W
Fri Apr  3 15:41:22 IDT 2026, 283 W
Fri Apr  3 15:41:22 IDT 2026, 273 W
Fri Apr  3 15:41:22 IDT 2026, 280 W
Fri Apr  3 15:41:23 IDT 2026, 288 W
Fri Apr  3 15:41:23 IDT 2026, 255 W
Fri Apr  3 15:41:23 IDT 2026, 277 W
Fri Apr  3 15:41:23 IDT 2026, 294 W
Fri Apr  3 15:41:23 IDT 2026, 277 W
Fri Apr  3 15:41:23 IDT 2026, 283 W
Fri Apr  3 15:41:23 IDT 2026, 273 W
Fri Apr  3 15:41:23 IDT 2026, 279 W
Fri Apr  3 15:41:24 IDT 2026, 281 W
Fri Apr  3 15:41:24 IDT 2026, 252 W
Fri Apr  3 15:41:24 IDT 2026, 277 W
Fri Apr  3 15:41:24 IDT 2026, 286 W
Fri Apr  3 15:41:24 IDT 2026, 272 W
Fri Apr  3 15:41:24 IDT 2026, 280 W
Fri Apr  3 15:41:24 IDT 2026, 274 W
Fri Apr  3 15:41:24 IDT 2026, 277 W
Fri Apr  3 15:41:25 IDT 2026, 284 W
Fri Apr  3 15:41:25 IDT 2026, 259 W
Fri Apr  3 15:41:25 IDT 2026, 287 W
Fri Apr  3 15:41:25 IDT 2026, 287 W
Fri Apr  3 15:41:25 IDT 2026, 284 W
Fri Apr  3 15:41:25 IDT 2026, 279 W
Fri Apr  3 15:41:25 IDT 2026, 280 W
Fri Apr  3 15:41:25 IDT 2026, 283 W
Fri Apr  3 15:41:26 IDT 2026, 281 W
Fri Apr  3 15:41:26 IDT 2026, 259 W
Fri Apr  3 15:41:26 IDT 2026, 278 W
Fri Apr  3 15:41:26 IDT 2026, 288 W
Fri Apr  3 15:41:26 IDT 2026, 274 W
Fri Apr  3 15:41:26 IDT 2026, 282 W
Fri Apr  3 15:41:26 IDT 2026, 282 W
Fri Apr  3 15:41:26 IDT 2026, 282 W
Fri Apr  3 15:41:27 IDT 2026, 279 W
Fri Apr  3 15:41:27 IDT 2026, 253 W
Fri Apr  3 15:41:27 IDT 2026, 276 W
Fri Apr  3 15:41:27 IDT 2026, 280 W
Fri Apr  3 15:41:27 IDT 2026, 279 W
Fri Apr  3 15:41:27 IDT 2026, 277 W
Fri Apr  3 15:41:27 IDT 2026, 275 W
Fri Apr  3 15:41:27 IDT 2026, 279 W
Fri Apr  3 15:41:28 IDT 2026, 279 W
Fri Apr  3 15:41:28 IDT 2026, 249 W
Fri Apr  3 15:41:28 IDT 2026, 275 W
Fri Apr  3 15:41:28 IDT 2026, 290 W
Fri Apr  3 15:41:28 IDT 2026, 279 W
Fri Apr  3 15:41:28 IDT 2026, 278 W
Fri Apr  3 15:41:28 IDT 2026, 283 W
Fri Apr  3 15:41:28 IDT 2026, 280 W
Fri Apr  3 15:41:29 IDT 2026, 292 W
Fri Apr  3 15:41:29 IDT 2026, 255 W
Fri Apr  3 15:41:29 IDT 2026, 283 W
Fri Apr  3 15:41:29 IDT 2026, 288 W
Fri Apr  3 15:41:29 IDT 2026, 276 W
Fri Apr  3 15:41:29 IDT 2026, 282 W
Fri Apr  3 15:41:29 IDT 2026, 272 W
Fri Apr  3 15:41:29 IDT 2026, 282 W
Fri Apr  3 15:41:30 IDT 2026, 279 W
Fri Apr  3 15:41:30 IDT 2026, 258 W
Fri Apr  3 15:41:30 IDT 2026, 278 W
Fri Apr  3 15:41:30 IDT 2026, 284 W
Fri Apr  3 15:41:30 IDT 2026, 279 W
Fri Apr  3 15:41:30 IDT 2026, 284 W
Fri Apr  3 15:41:30 IDT 2026, 276 W
Fri Apr  3 15:41:30 IDT 2026, 279 W
Fri Apr  3 15:41:31 IDT 2026, 282 W
Fri Apr  3 15:41:31 IDT 2026, 251 W
Fri Apr  3 15:41:31 IDT 2026, 268 W
Fri Apr  3 15:41:31 IDT 2026, 284 W
Fri Apr  3 15:41:31 IDT 2026, 272 W
Fri Apr  3 15:41:31 IDT 2026, 280 W
Fri Apr  3 15:41:31 IDT 2026, 270 W
Fri Apr  3 15:41:31 IDT 2026, 270 W
Fri Apr  3 15:41:32 IDT 2026, 280 W
Fri Apr  3 15:41:32 IDT 2026, 253 W
Fri Apr  3 15:41:32 IDT 2026, 269 W
Fri Apr  3 15:41:32 IDT 2026, 287 W
Fri Apr  3 15:41:32 IDT 2026, 269 W
Fri Apr  3 15:41:32 IDT 2026, 276 W
Fri Apr  3 15:41:32 IDT 2026, 270 W
Fri Apr  3 15:41:32 IDT 2026, 282 W
Fri Apr  3 15:41:33 IDT 2026, 279 W
Fri Apr  3 15:41:33 IDT 2026, 236 W
Fri Apr  3 15:41:33 IDT 2026, 269 W
Fri Apr  3 15:41:33 IDT 2026, 269 W
Fri Apr  3 15:41:33 IDT 2026, 272 W
Fri Apr  3 15:41:33 IDT 2026, 265 W
Fri Apr  3 15:41:33 IDT 2026, 264 W
Fri Apr  3 15:41:33 IDT 2026, 269 W
Fri Apr  3 15:41:34 IDT 2026, 267 W
Fri Apr  3 15:41:34 IDT 2026, 239 W
Fri Apr  3 15:41:34 IDT 2026, 258 W
Fri Apr  3 15:41:34 IDT 2026, 270 W
Fri Apr  3 15:41:34 IDT 2026, 268 W
Fri Apr  3 15:41:34 IDT 2026, 267 W
Fri Apr  3 15:41:34 IDT 2026, 255 W
Fri Apr  3 15:41:34 IDT 2026, 275 W
Fri Apr  3 15:41:35 IDT 2026, 270 W
Fri Apr  3 15:41:35 IDT 2026, 243 W
Fri Apr  3 15:41:35 IDT 2026, 259 W
Fri Apr  3 15:41:35 IDT 2026, 270 W
Fri Apr  3 15:41:35 IDT 2026, 262 W
Fri Apr  3 15:41:35 IDT 2026, 263 W
Fri Apr  3 15:41:35 IDT 2026, 255 W
Fri Apr  3 15:41:35 IDT 2026, 267 W
Fri Apr  3 15:41:36 IDT 2026, 280 W
Fri Apr  3 15:41:36 IDT 2026, 237 W
Fri Apr  3 15:41:36 IDT 2026, 263 W
Fri Apr  3 15:41:36 IDT 2026, 276 W
Fri Apr  3 15:41:36 IDT 2026, 268 W
Fri Apr  3 15:41:36 IDT 2026, 265 W
Fri Apr  3 15:41:36 IDT 2026, 258 W
Fri Apr  3 15:41:36 IDT 2026, 274 W
Fri Apr  3 15:41:37 IDT 2026, 276 W
Fri Apr  3 15:41:37 IDT 2026, 246 W
Fri Apr  3 15:41:37 IDT 2026, 262 W
Fri Apr  3 15:41:37 IDT 2026, 271 W
Fri Apr  3 15:41:37 IDT 2026, 271 W
Fri Apr  3 15:41:37 IDT 2026, 268 W
Fri Apr  3 15:41:37 IDT 2026, 262 W
Fri Apr  3 15:41:37 IDT 2026, 266 W
Fri Apr  3 15:41:38 IDT 2026, 273 W
Fri Apr  3 15:41:38 IDT 2026, 244 W
Fri Apr  3 15:41:38 IDT 2026, 262 W
Fri Apr  3 15:41:38 IDT 2026, 279 W
Fri Apr  3 15:41:38 IDT 2026, 271 W
Fri Apr  3 15:41:38 IDT 2026, 267 W
Fri Apr  3 15:41:38 IDT 2026, 255 W
Fri Apr  3 15:41:38 IDT 2026, 265 W
Fri Apr  3 15:41:39 IDT 2026, 262 W
Fri Apr  3 15:41:39 IDT 2026, 236 W
Fri Apr  3 15:41:39 IDT 2026, 252 W
Fri Apr  3 15:41:39 IDT 2026, 262 W
Fri Apr  3 15:41:39 IDT 2026, 252 W
Fri Apr  3 15:41:39 IDT 2026, 255 W
Fri Apr  3 15:41:39 IDT 2026, 249 W
Fri Apr  3 15:41:39 IDT 2026, 258 W
Fri Apr  3 15:41:40 IDT 2026, 260 W
Fri Apr  3 15:41:40 IDT 2026, 238 W
Fri Apr  3 15:41:40 IDT 2026, 257 W
Fri Apr  3 15:41:40 IDT 2026, 271 W
Fri Apr  3 15:41:40 IDT 2026, 266 W
Fri Apr  3 15:41:40 IDT 2026, 254 W
Fri Apr  3 15:41:40 IDT 2026, 262 W
Fri Apr  3 15:41:40 IDT 2026, 262 W
Fri Apr  3 15:41:41 IDT 2026, 256 W
Fri Apr  3 15:41:41 IDT 2026, 229 W
Fri Apr  3 15:41:41 IDT 2026, 244 W
Fri Apr  3 15:41:41 IDT 2026, 252 W
Fri Apr  3 15:41:41 IDT 2026, 252 W
Fri Apr  3 15:41:41 IDT 2026, 251 W
Fri Apr  3 15:41:41 IDT 2026, 244 W
Fri Apr  3 15:41:41 IDT 2026, 249 W
Fri Apr  3 15:41:42 IDT 2026, 252 W
Fri Apr  3 15:41:42 IDT 2026, 237 W
Fri Apr  3 15:41:42 IDT 2026, 251 W
Fri Apr  3 15:41:42 IDT 2026, 269 W
Fri Apr  3 15:41:42 IDT 2026, 256 W
Fri Apr  3 15:41:42 IDT 2026, 259 W
Fri Apr  3 15:41:42 IDT 2026, 244 W
Fri Apr  3 15:41:42 IDT 2026, 258 W
Fri Apr  3 15:41:43 IDT 2026, 264 W
Fri Apr  3 15:41:43 IDT 2026, 234 W
Fri Apr  3 15:41:43 IDT 2026, 257 W
Fri Apr  3 15:41:43 IDT 2026, 266 W
Fri Apr  3 15:41:43 IDT 2026, 259 W
Fri Apr  3 15:41:43 IDT 2026, 257 W
Fri Apr  3 15:41:43 IDT 2026, 257 W
Fri Apr  3 15:41:43 IDT 2026, 262 W
Fri Apr  3 15:41:44 IDT 2026, 235 W
Fri Apr  3 15:41:44 IDT 2026, 206 W
Fri Apr  3 15:41:44 IDT 2026, 233 W
Fri Apr  3 15:41:44 IDT 2026, 241 W
Fri Apr  3 15:41:44 IDT 2026, 222 W
Fri Apr  3 15:41:44 IDT 2026, 229 W
Fri Apr  3 15:41:44 IDT 2026, 223 W
Fri Apr  3 15:41:44 IDT 2026, 232 W
Fri Apr  3 15:41:45 IDT 2026, 131 W
Fri Apr  3 15:41:45 IDT 2026, 99 W
Fri Apr  3 15:41:45 IDT 2026, 116 W
Fri Apr  3 15:41:45 IDT 2026, 129 W
Fri Apr  3 15:41:45 IDT 2026, 121 W
Fri Apr  3 15:41:45 IDT 2026, 130 W
Fri Apr  3 15:41:45 IDT 2026, 117 W
Fri Apr  3 15:41:45 IDT 2026, 126 W
Fri Apr  3 15:41:46 IDT 2026, 280 W
Fri Apr  3 15:41:46 IDT 2026, 250 W
Fri Apr  3 15:41:46 IDT 2026, 278 W
Fri Apr  3 15:41:46 IDT 2026, 288 W
Fri Apr  3 15:41:46 IDT 2026, 275 W
Fri Apr  3 15:41:46 IDT 2026, 279 W
Fri Apr  3 15:41:46 IDT 2026, 266 W
Fri Apr  3 15:41:46 IDT 2026, 277 W
Fri Apr  3 15:41:47 IDT 2026, 290 W
Fri Apr  3 15:41:47 IDT 2026, 257 W
Fri Apr  3 15:41:47 IDT 2026, 280 W
Fri Apr  3 15:41:47 IDT 2026, 290 W
Fri Apr  3 15:41:47 IDT 2026, 283 W
Fri Apr  3 15:41:47 IDT 2026, 286 W
Fri Apr  3 15:41:47 IDT 2026, 270 W
Fri Apr  3 15:41:47 IDT 2026, 284 W
Fri Apr  3 15:41:48 IDT 2026, 286 W
Fri Apr  3 15:41:48 IDT 2026, 258 W
Fri Apr  3 15:41:48 IDT 2026, 271 W
Fri Apr  3 15:41:48 IDT 2026, 280 W
Fri Apr  3 15:41:48 IDT 2026, 278 W
Fri Apr  3 15:41:48 IDT 2026, 278 W
Fri Apr  3 15:41:48 IDT 2026, 274 W
Fri Apr  3 15:41:48 IDT 2026, 284 W
Fri Apr  3 15:41:49 IDT 2026, 269 W
Fri Apr  3 15:41:49 IDT 2026, 243 W
Fri Apr  3 15:41:49 IDT 2026, 272 W
Fri Apr  3 15:41:49 IDT 2026, 276 W
Fri Apr  3 15:41:49 IDT 2026, 276 W
Fri Apr  3 15:41:49 IDT 2026, 269 W
Fri Apr  3 15:41:49 IDT 2026, 265 W
Fri Apr  3 15:41:49 IDT 2026, 272 W
Fri Apr  3 15:41:50 IDT 2026, 283 W
Fri Apr  3 15:41:50 IDT 2026, 254 W
Fri Apr  3 15:41:50 IDT 2026, 286 W
Fri Apr  3 15:41:50 IDT 2026, 285 W
Fri Apr  3 15:41:50 IDT 2026, 277 W
Fri Apr  3 15:41:50 IDT 2026, 276 W
Fri Apr  3 15:41:50 IDT 2026, 272 W
Fri Apr  3 15:41:50 IDT 2026, 282 W
Fri Apr  3 15:41:51 IDT 2026, 287 W
Fri Apr  3 15:41:51 IDT 2026, 255 W
Fri Apr  3 15:41:51 IDT 2026, 277 W
Fri Apr  3 15:41:51 IDT 2026, 288 W
Fri Apr  3 15:41:51 IDT 2026, 282 W
Fri Apr  3 15:41:51 IDT 2026, 287 W
Fri Apr  3 15:41:51 IDT 2026, 280 W
Fri Apr  3 15:41:51 IDT 2026, 288 W
Fri Apr  3 15:41:52 IDT 2026, 289 W
Fri Apr  3 15:41:52 IDT 2026, 252 W
Fri Apr  3 15:41:52 IDT 2026, 277 W
Fri Apr  3 15:41:52 IDT 2026, 286 W
Fri Apr  3 15:41:52 IDT 2026, 277 W
Fri Apr  3 15:41:52 IDT 2026, 280 W
Fri Apr  3 15:41:52 IDT 2026, 275 W
Fri Apr  3 15:41:52 IDT 2026, 290 W
Fri Apr  3 15:41:53 IDT 2026, 287 W
Fri Apr  3 15:41:53 IDT 2026, 249 W
Fri Apr  3 15:41:53 IDT 2026, 277 W
Fri Apr  3 15:41:53 IDT 2026, 283 W
Fri Apr  3 15:41:53 IDT 2026, 278 W
Fri Apr  3 15:41:53 IDT 2026, 275 W
Fri Apr  3 15:41:53 IDT 2026, 280 W
Fri Apr  3 15:41:53 IDT 2026, 282 W
Fri Apr  3 15:41:54 IDT 2026, 286 W
Fri Apr  3 15:41:54 IDT 2026, 252 W
Fri Apr  3 15:41:54 IDT 2026, 271 W
Fri Apr  3 15:41:54 IDT 2026, 281 W
Fri Apr  3 15:41:54 IDT 2026, 272 W
Fri Apr  3 15:41:54 IDT 2026, 275 W
Fri Apr  3 15:41:54 IDT 2026, 272 W
Fri Apr  3 15:41:54 IDT 2026, 278 W
Fri Apr  3 15:41:55 IDT 2026, 284 W
Fri Apr  3 15:41:55 IDT 2026, 255 W
Fri Apr  3 15:41:55 IDT 2026, 277 W
Fri Apr  3 15:41:55 IDT 2026, 279 W
Fri Apr  3 15:41:55 IDT 2026, 274 W
Fri Apr  3 15:41:55 IDT 2026, 282 W
Fri Apr  3 15:41:55 IDT 2026, 276 W
Fri Apr  3 15:41:55 IDT 2026, 288 W
Fri Apr  3 15:41:56 IDT 2026, 285 W
Fri Apr  3 15:41:56 IDT 2026, 249 W
Fri Apr  3 15:41:56 IDT 2026, 274 W
Fri Apr  3 15:41:56 IDT 2026, 276 W
Fri Apr  3 15:41:56 IDT 2026, 263 W
Fri Apr  3 15:41:56 IDT 2026, 271 W
Fri Apr  3 15:41:56 IDT 2026, 264 W
Fri Apr  3 15:41:56 IDT 2026, 276 W
Fri Apr  3 15:41:57 IDT 2026, 270 W
Fri Apr  3 15:41:57 IDT 2026, 237 W
Fri Apr  3 15:41:57 IDT 2026, 269 W
Fri Apr  3 15:41:57 IDT 2026, 269 W
Fri Apr  3 15:41:57 IDT 2026, 259 W
Fri Apr  3 15:41:57 IDT 2026, 266 W
Fri Apr  3 15:41:57 IDT 2026, 252 W
Fri Apr  3 15:41:57 IDT 2026, 269 W
Fri Apr  3 15:41:58 IDT 2026, 269 W
Fri Apr  3 15:41:58 IDT 2026, 239 W
Fri Apr  3 15:41:58 IDT 2026, 254 W
Fri Apr  3 15:41:58 IDT 2026, 264 W
Fri Apr  3 15:41:58 IDT 2026, 256 W
Fri Apr  3 15:41:58 IDT 2026, 261 W
Fri Apr  3 15:41:58 IDT 2026, 259 W
Fri Apr  3 15:41:58 IDT 2026, 264 W
Fri Apr  3 15:41:59 IDT 2026, 259 W
Fri Apr  3 15:41:59 IDT 2026, 224 W
Fri Apr  3 15:41:59 IDT 2026, 244 W
Fri Apr  3 15:41:59 IDT 2026, 265 W
Fri Apr  3 15:41:59 IDT 2026, 244 W
Fri Apr  3 15:41:59 IDT 2026, 251 W
Fri Apr  3 15:41:59 IDT 2026, 242 W
Fri Apr  3 15:41:59 IDT 2026, 251 W
Fri Apr  3 15:42:00 IDT 2026, 267 W
Fri Apr  3 15:42:00 IDT 2026, 247 W
Fri Apr  3 15:42:00 IDT 2026, 259 W
Fri Apr  3 15:42:00 IDT 2026, 281 W
Fri Apr  3 15:42:00 IDT 2026, 263 W
Fri Apr  3 15:42:00 IDT 2026, 265 W
Fri Apr  3 15:42:00 IDT 2026, 254 W
Fri Apr  3 15:42:00 IDT 2026, 271 W
Fri Apr  3 15:42:01 IDT 2026, 268 W
Fri Apr  3 15:42:01 IDT 2026, 249 W
Fri Apr  3 15:42:01 IDT 2026, 267 W
Fri Apr  3 15:42:01 IDT 2026, 273 W
Fri Apr  3 15:42:01 IDT 2026, 272 W
Fri Apr  3 15:42:01 IDT 2026, 265 W
Fri Apr  3 15:42:01 IDT 2026, 259 W
Fri Apr  3 15:42:01 IDT 2026, 270 W
Fri Apr  3 15:42:02 IDT 2026, 274 W
Fri Apr  3 15:42:02 IDT 2026, 242 W
Fri Apr  3 15:42:02 IDT 2026, 260 W
Fri Apr  3 15:42:02 IDT 2026, 274 W
Fri Apr  3 15:42:02 IDT 2026, 269 W
Fri Apr  3 15:42:02 IDT 2026, 267 W
Fri Apr  3 15:42:02 IDT 2026, 268 W
Fri Apr  3 15:42:02 IDT 2026, 268 W
Fri Apr  3 15:42:03 IDT 2026, 274 W
Fri Apr  3 15:42:03 IDT 2026, 244 W
Fri Apr  3 15:42:03 IDT 2026, 268 W
Fri Apr  3 15:42:03 IDT 2026, 277 W
Fri Apr  3 15:42:03 IDT 2026, 258 W
Fri Apr  3 15:42:03 IDT 2026, 267 W
Fri Apr  3 15:42:03 IDT 2026, 256 W
Fri Apr  3 15:42:03 IDT 2026, 275 W
Fri Apr  3 15:42:04 IDT 2026, 273 W
Fri Apr  3 15:42:04 IDT 2026, 247 W
Fri Apr  3 15:42:04 IDT 2026, 266 W
Fri Apr  3 15:42:04 IDT 2026, 274 W
Fri Apr  3 15:42:04 IDT 2026, 262 W
Fri Apr  3 15:42:04 IDT 2026, 269 W
Fri Apr  3 15:42:04 IDT 2026, 252 W
Fri Apr  3 15:42:04 IDT 2026, 267 W
Fri Apr  3 15:42:05 IDT 2026, 274 W
Fri Apr  3 15:42:05 IDT 2026, 235 W
Fri Apr  3 15:42:05 IDT 2026, 264 W
Fri Apr  3 15:42:05 IDT 2026, 268 W
Fri Apr  3 15:42:05 IDT 2026, 265 W
Fri Apr  3 15:42:05 IDT 2026, 268 W
Fri Apr  3 15:42:05 IDT 2026, 260 W
Fri Apr  3 15:42:05 IDT 2026, 269 W
Fri Apr  3 15:42:06 IDT 2026, 272 W
Fri Apr  3 15:42:06 IDT 2026, 242 W
Fri Apr  3 15:42:06 IDT 2026, 261 W
Fri Apr  3 15:42:06 IDT 2026, 274 W
Fri Apr  3 15:42:06 IDT 2026, 263 W
Fri Apr  3 15:42:06 IDT 2026, 263 W
Fri Apr  3 15:42:06 IDT 2026, 259 W
Fri Apr  3 15:42:06 IDT 2026, 269 W
Fri Apr  3 15:42:07 IDT 2026, 274 W
Fri Apr  3 15:42:07 IDT 2026, 241 W
Fri Apr  3 15:42:07 IDT 2026, 264 W
Fri Apr  3 15:42:07 IDT 2026, 281 W
Fri Apr  3 15:42:07 IDT 2026, 260 W
Fri Apr  3 15:42:07 IDT 2026, 267 W
Fri Apr  3 15:42:07 IDT 2026, 259 W
Fri Apr  3 15:42:07 IDT 2026, 269 W
Fri Apr  3 15:42:08 IDT 2026, 264 W
Fri Apr  3 15:42:08 IDT 2026, 243 W
Fri Apr  3 15:42:08 IDT 2026, 267 W
Fri Apr  3 15:42:08 IDT 2026, 275 W
Fri Apr  3 15:42:08 IDT 2026, 256 W
Fri Apr  3 15:42:08 IDT 2026, 268 W
Fri Apr  3 15:42:08 IDT 2026, 259 W
Fri Apr  3 15:42:08 IDT 2026, 270 W
Fri Apr  3 15:42:09 IDT 2026, 255 W
Fri Apr  3 15:42:09 IDT 2026, 228 W
Fri Apr  3 15:42:09 IDT 2026, 248 W
Fri Apr  3 15:42:09 IDT 2026, 261 W
Fri Apr  3 15:42:09 IDT 2026, 252 W
Fri Apr  3 15:42:09 IDT 2026, 249 W
Fri Apr  3 15:42:09 IDT 2026, 244 W
Fri Apr  3 15:42:09 IDT 2026, 253 W
Fri Apr  3 15:42:10 IDT 2026, 133 W
Fri Apr  3 15:42:10 IDT 2026, 107 W
Fri Apr  3 15:42:10 IDT 2026, 126 W
Fri Apr  3 15:42:10 IDT 2026, 137 W
Fri Apr  3 15:42:10 IDT 2026, 122 W
Fri Apr  3 15:42:10 IDT 2026, 126 W
Fri Apr  3 15:42:10 IDT 2026, 117 W
Fri Apr  3 15:42:10 IDT 2026, 122 W
Fri Apr  3 15:42:11 IDT 2026, 281 W
Fri Apr  3 15:42:11 IDT 2026, 249 W
Fri Apr  3 15:42:11 IDT 2026, 277 W
Fri Apr  3 15:42:11 IDT 2026, 287 W
Fri Apr  3 15:42:11 IDT 2026, 282 W
Fri Apr  3 15:42:11 IDT 2026, 280 W
Fri Apr  3 15:42:11 IDT 2026, 275 W
Fri Apr  3 15:42:11 IDT 2026, 278 W
Fri Apr  3 15:42:12 IDT 2026, 279 W
Fri Apr  3 15:42:12 IDT 2026, 255 W
Fri Apr  3 15:42:12 IDT 2026, 273 W
Fri Apr  3 15:42:12 IDT 2026, 289 W
Fri Apr  3 15:42:12 IDT 2026, 271 W
Fri Apr  3 15:42:12 IDT 2026, 283 W
Fri Apr  3 15:42:12 IDT 2026, 276 W
Fri Apr  3 15:42:12 IDT 2026, 286 W
Fri Apr  3 15:42:13 IDT 2026, 288 W
Fri Apr  3 15:42:13 IDT 2026, 253 W
Fri Apr  3 15:42:13 IDT 2026, 285 W
Fri Apr  3 15:42:13 IDT 2026, 287 W
Fri Apr  3 15:42:13 IDT 2026, 286 W
Fri Apr  3 15:42:13 IDT 2026, 284 W
Fri Apr  3 15:42:13 IDT 2026, 271 W
Fri Apr  3 15:42:13 IDT 2026, 278 W
Fri Apr  3 15:42:14 IDT 2026, 291 W
Fri Apr  3 15:42:14 IDT 2026, 252 W
Fri Apr  3 15:42:14 IDT 2026, 269 W
Fri Apr  3 15:42:14 IDT 2026, 287 W
Fri Apr  3 15:42:14 IDT 2026, 286 W
Fri Apr  3 15:42:14 IDT 2026, 283 W
Fri Apr  3 15:42:14 IDT 2026, 275 W
Fri Apr  3 15:42:14 IDT 2026, 280 W
Fri Apr  3 15:42:15 IDT 2026, 285 W
Fri Apr  3 15:42:15 IDT 2026, 257 W
Fri Apr  3 15:42:15 IDT 2026, 278 W
Fri Apr  3 15:42:15 IDT 2026, 287 W
Fri Apr  3 15:42:15 IDT 2026, 278 W
Fri Apr  3 15:42:15 IDT 2026, 274 W
Fri Apr  3 15:42:15 IDT 2026, 271 W
Fri Apr  3 15:42:15 IDT 2026, 284 W
Fri Apr  3 15:42:16 IDT 2026, 290 W
Fri Apr  3 15:42:16 IDT 2026, 256 W
Fri Apr  3 15:42:16 IDT 2026, 275 W
Fri Apr  3 15:42:16 IDT 2026, 284 W
Fri Apr  3 15:42:16 IDT 2026, 274 W
Fri Apr  3 15:42:16 IDT 2026, 280 W
Fri Apr  3 15:42:16 IDT 2026, 271 W
Fri Apr  3 15:42:16 IDT 2026, 287 W
Fri Apr  3 15:42:17 IDT 2026, 285 W
Fri Apr  3 15:42:17 IDT 2026, 250 W
Fri Apr  3 15:42:17 IDT 2026, 275 W
Fri Apr  3 15:42:17 IDT 2026, 288 W
Fri Apr  3 15:42:17 IDT 2026, 275 W
Fri Apr  3 15:42:17 IDT 2026, 281 W
Fri Apr  3 15:42:17 IDT 2026, 264 W
Fri Apr  3 15:42:17 IDT 2026, 274 W
Fri Apr  3 15:42:18 IDT 2026, 279 W
Fri Apr  3 15:42:18 IDT 2026, 256 W
Fri Apr  3 15:42:18 IDT 2026, 273 W
Fri Apr  3 15:42:18 IDT 2026, 282 W
Fri Apr  3 15:42:18 IDT 2026, 284 W
Fri Apr  3 15:42:18 IDT 2026, 278 W
Fri Apr  3 15:42:18 IDT 2026, 277 W
Fri Apr  3 15:42:18 IDT 2026, 281 W
Fri Apr  3 15:42:19 IDT 2026, 286 W
Fri Apr  3 15:42:19 IDT 2026, 260 W
Fri Apr  3 15:42:19 IDT 2026, 274 W
Fri Apr  3 15:42:19 IDT 2026, 290 W
Fri Apr  3 15:42:19 IDT 2026, 275 W
Fri Apr  3 15:42:19 IDT 2026, 282 W
Fri Apr  3 15:42:19 IDT 2026, 272 W
Fri Apr  3 15:42:19 IDT 2026, 287 W
Fri Apr  3 15:42:20 IDT 2026, 264 W
Fri Apr  3 15:42:20 IDT 2026, 233 W
Fri Apr  3 15:42:20 IDT 2026, 254 W
Fri Apr  3 15:42:20 IDT 2026, 265 W
Fri Apr  3 15:42:20 IDT 2026, 269 W
Fri Apr  3 15:42:20 IDT 2026, 260 W
Fri Apr  3 15:42:20 IDT 2026, 250 W
Fri Apr  3 15:42:20 IDT 2026, 258 W
Fri Apr  3 15:42:21 IDT 2026, 283 W
Fri Apr  3 15:42:21 IDT 2026, 254 W
Fri Apr  3 15:42:21 IDT 2026, 272 W
Fri Apr  3 15:42:21 IDT 2026, 292 W
Fri Apr  3 15:42:21 IDT 2026, 284 W
Fri Apr  3 15:42:21 IDT 2026, 277 W
Fri Apr  3 15:42:21 IDT 2026, 275 W
Fri Apr  3 15:42:21 IDT 2026, 282 W
Fri Apr  3 15:42:22 IDT 2026, 283 W
Fri Apr  3 15:42:22 IDT 2026, 256 W
Fri Apr  3 15:42:22 IDT 2026, 282 W
Fri Apr  3 15:42:22 IDT 2026, 289 W
Fri Apr  3 15:42:22 IDT 2026, 278 W
Fri Apr  3 15:42:22 IDT 2026, 274 W
Fri Apr  3 15:42:22 IDT 2026, 275 W
Fri Apr  3 15:42:22 IDT 2026, 281 W
Fri Apr  3 15:42:23 IDT 2026, 286 W
Fri Apr  3 15:42:23 IDT 2026, 257 W
Fri Apr  3 15:42:23 IDT 2026, 281 W
Fri Apr  3 15:42:23 IDT 2026, 292 W
Fri Apr  3 15:42:23 IDT 2026, 276 W
Fri Apr  3 15:42:23 IDT 2026, 281 W
Fri Apr  3 15:42:23 IDT 2026, 278 W
Fri Apr  3 15:42:23 IDT 2026, 283 W
Fri Apr  3 15:42:24 IDT 2026, 278 W
Fri Apr  3 15:42:24 IDT 2026, 253 W
Fri Apr  3 15:42:24 IDT 2026, 266 W
Fri Apr  3 15:42:24 IDT 2026, 281 W
Fri Apr  3 15:42:24 IDT 2026, 278 W
Fri Apr  3 15:42:24 IDT 2026, 273 W
Fri Apr  3 15:42:24 IDT 2026, 270 W
Fri Apr  3 15:42:24 IDT 2026, 278 W
Fri Apr  3 15:42:25 IDT 2026, 276 W
Fri Apr  3 15:42:25 IDT 2026, 252 W
Fri Apr  3 15:42:25 IDT 2026, 275 W
Fri Apr  3 15:42:25 IDT 2026, 281 W
Fri Apr  3 15:42:25 IDT 2026, 270 W
Fri Apr  3 15:42:25 IDT 2026, 277 W
Fri Apr  3 15:42:25 IDT 2026, 275 W
Fri Apr  3 15:42:25 IDT 2026, 277 W
Fri Apr  3 15:42:26 IDT 2026, 274 W
Fri Apr  3 15:42:26 IDT 2026, 253 W
Fri Apr  3 15:42:26 IDT 2026, 269 W
Fri Apr  3 15:42:26 IDT 2026, 285 W
Fri Apr  3 15:42:26 IDT 2026, 275 W
Fri Apr  3 15:42:26 IDT 2026, 285 W
Fri Apr  3 15:42:26 IDT 2026, 268 W
Fri Apr  3 15:42:26 IDT 2026, 276 W
Fri Apr  3 15:42:27 IDT 2026, 285 W
Fri Apr  3 15:42:27 IDT 2026, 253 W
Fri Apr  3 15:42:27 IDT 2026, 282 W
Fri Apr  3 15:42:27 IDT 2026, 287 W
Fri Apr  3 15:42:27 IDT 2026, 275 W
Fri Apr  3 15:42:27 IDT 2026, 278 W
Fri Apr  3 15:42:27 IDT 2026, 273 W
Fri Apr  3 15:42:27 IDT 2026, 279 W
Fri Apr  3 15:42:28 IDT 2026, 270 W
Fri Apr  3 15:42:28 IDT 2026, 242 W
Fri Apr  3 15:42:28 IDT 2026, 265 W
Fri Apr  3 15:42:28 IDT 2026, 271 W
Fri Apr  3 15:42:28 IDT 2026, 270 W
Fri Apr  3 15:42:28 IDT 2026, 267 W
Fri Apr  3 15:42:28 IDT 2026, 264 W
Fri Apr  3 15:42:28 IDT 2026, 274 W
Fri Apr  3 15:42:29 IDT 2026, 264 W
Fri Apr  3 15:42:29 IDT 2026, 236 W
Fri Apr  3 15:42:29 IDT 2026, 257 W
Fri Apr  3 15:42:29 IDT 2026, 265 W
Fri Apr  3 15:42:29 IDT 2026, 261 W
Fri Apr  3 15:42:29 IDT 2026, 257 W
Fri Apr  3 15:42:29 IDT 2026, 260 W
Fri Apr  3 15:42:29 IDT 2026, 266 W
Fri Apr  3 15:42:30 IDT 2026, 268 W
Fri Apr  3 15:42:30 IDT 2026, 244 W
Fri Apr  3 15:42:30 IDT 2026, 268 W
Fri Apr  3 15:42:30 IDT 2026, 281 W
Fri Apr  3 15:42:30 IDT 2026, 271 W
Fri Apr  3 15:42:30 IDT 2026, 271 W
Fri Apr  3 15:42:30 IDT 2026, 261 W
Fri Apr  3 15:42:30 IDT 2026, 268 W
Fri Apr  3 15:42:31 IDT 2026, 271 W
Fri Apr  3 15:42:31 IDT 2026, 245 W
Fri Apr  3 15:42:31 IDT 2026, 267 W
Fri Apr  3 15:42:31 IDT 2026, 274 W
Fri Apr  3 15:42:31 IDT 2026, 264 W
Fri Apr  3 15:42:31 IDT 2026, 265 W
Fri Apr  3 15:42:31 IDT 2026, 257 W
Fri Apr  3 15:42:31 IDT 2026, 267 W
Fri Apr  3 15:42:32 IDT 2026, 275 W
Fri Apr  3 15:42:32 IDT 2026, 238 W
Fri Apr  3 15:42:32 IDT 2026, 264 W
Fri Apr  3 15:42:32 IDT 2026, 273 W
Fri Apr  3 15:42:32 IDT 2026, 269 W
Fri Apr  3 15:42:32 IDT 2026, 266 W
Fri Apr  3 15:42:32 IDT 2026, 263 W
Fri Apr  3 15:42:32 IDT 2026, 272 W
Fri Apr  3 15:42:33 IDT 2026, 279 W
Fri Apr  3 15:42:33 IDT 2026, 241 W
Fri Apr  3 15:42:33 IDT 2026, 265 W
Fri Apr  3 15:42:33 IDT 2026, 276 W
Fri Apr  3 15:42:33 IDT 2026, 259 W
Fri Apr  3 15:42:33 IDT 2026, 272 W
Fri Apr  3 15:42:33 IDT 2026, 269 W
Fri Apr  3 15:42:33 IDT 2026, 274 W
Fri Apr  3 15:42:34 IDT 2026, 274 W
Fri Apr  3 15:42:34 IDT 2026, 244 W
Fri Apr  3 15:42:34 IDT 2026, 269 W
Fri Apr  3 15:42:34 IDT 2026, 277 W
Fri Apr  3 15:42:34 IDT 2026, 269 W
Fri Apr  3 15:42:34 IDT 2026, 261 W
Fri Apr  3 15:42:34 IDT 2026, 268 W
Fri Apr  3 15:42:34 IDT 2026, 268 W
Fri Apr  3 15:42:35 IDT 2026, 426 W
Fri Apr  3 15:42:35 IDT 2026, 407 W
Fri Apr  3 15:42:35 IDT 2026, 415 W
Fri Apr  3 15:42:35 IDT 2026, 424 W
Fri Apr  3 15:42:35 IDT 2026, 412 W
Fri Apr  3 15:42:35 IDT 2026, 428 W
Fri Apr  3 15:42:35 IDT 2026, 418 W
Fri Apr  3 15:42:35 IDT 2026, 427 W
Fri Apr  3 15:42:36 IDT 2026, 281 W
Fri Apr  3 15:42:36 IDT 2026, 255 W
Fri Apr  3 15:42:36 IDT 2026, 270 W
Fri Apr  3 15:42:36 IDT 2026, 276 W
Fri Apr  3 15:42:36 IDT 2026, 279 W
Fri Apr  3 15:42:36 IDT 2026, 277 W
Fri Apr  3 15:42:36 IDT 2026, 279 W
Fri Apr  3 15:42:36 IDT 2026, 274 W
Fri Apr  3 15:42:37 IDT 2026, 286 W
Fri Apr  3 15:42:37 IDT 2026, 252 W
Fri Apr  3 15:42:37 IDT 2026, 278 W
Fri Apr  3 15:42:37 IDT 2026, 290 W
Fri Apr  3 15:42:37 IDT 2026, 282 W
Fri Apr  3 15:42:37 IDT 2026, 282 W
Fri Apr  3 15:42:37 IDT 2026, 276 W
Fri Apr  3 15:42:37 IDT 2026, 287 W
Fri Apr  3 15:42:38 IDT 2026, 283 W
Fri Apr  3 15:42:38 IDT 2026, 259 W
Fri Apr  3 15:42:38 IDT 2026, 284 W
Fri Apr  3 15:42:38 IDT 2026, 292 W
Fri Apr  3 15:42:38 IDT 2026, 271 W
Fri Apr  3 15:42:38 IDT 2026, 282 W
Fri Apr  3 15:42:38 IDT 2026, 276 W
Fri Apr  3 15:42:38 IDT 2026, 287 W
Fri Apr  3 15:42:39 IDT 2026, 285 W
Fri Apr  3 15:42:39 IDT 2026, 256 W
Fri Apr  3 15:42:39 IDT 2026, 281 W
Fri Apr  3 15:42:39 IDT 2026, 282 W
Fri Apr  3 15:42:39 IDT 2026, 269 W
Fri Apr  3 15:42:39 IDT 2026, 281 W
Fri Apr  3 15:42:39 IDT 2026, 273 W
Fri Apr  3 15:42:39 IDT 2026, 280 W
Fri Apr  3 15:42:40 IDT 2026, 290 W
Fri Apr  3 15:42:40 IDT 2026, 256 W
Fri Apr  3 15:42:40 IDT 2026, 278 W
Fri Apr  3 15:42:40 IDT 2026, 290 W
Fri Apr  3 15:42:40 IDT 2026, 279 W
Fri Apr  3 15:42:40 IDT 2026, 276 W
Fri Apr  3 15:42:40 IDT 2026, 268 W
Fri Apr  3 15:42:40 IDT 2026, 279 W
Fri Apr  3 15:42:41 IDT 2026, 282 W
Fri Apr  3 15:42:41 IDT 2026, 254 W
Fri Apr  3 15:42:41 IDT 2026, 273 W
Fri Apr  3 15:42:41 IDT 2026, 293 W
Fri Apr  3 15:42:41 IDT 2026, 277 W
Fri Apr  3 15:42:41 IDT 2026, 277 W
Fri Apr  3 15:42:41 IDT 2026, 273 W
Fri Apr  3 15:42:41 IDT 2026, 286 W
Fri Apr  3 15:42:42 IDT 2026, 289 W
Fri Apr  3 15:42:42 IDT 2026, 260 W
Fri Apr  3 15:42:42 IDT 2026, 282 W
Fri Apr  3 15:42:42 IDT 2026, 287 W
Fri Apr  3 15:42:42 IDT 2026, 287 W
Fri Apr  3 15:42:42 IDT 2026, 277 W
Fri Apr  3 15:42:42 IDT 2026, 279 W
Fri Apr  3 15:42:42 IDT 2026, 281 W
Fri Apr  3 15:42:43 IDT 2026, 281 W
Fri Apr  3 15:42:43 IDT 2026, 257 W
Fri Apr  3 15:42:43 IDT 2026, 282 W
Fri Apr  3 15:42:43 IDT 2026, 293 W
Fri Apr  3 15:42:43 IDT 2026, 281 W
Fri Apr  3 15:42:43 IDT 2026, 279 W
Fri Apr  3 15:42:43 IDT 2026, 268 W
Fri Apr  3 15:42:43 IDT 2026, 280 W
Fri Apr  3 15:42:44 IDT 2026, 281 W
Fri Apr  3 15:42:44 IDT 2026, 254 W
Fri Apr  3 15:42:44 IDT 2026, 277 W
Fri Apr  3 15:42:44 IDT 2026, 286 W
Fri Apr  3 15:42:44 IDT 2026, 280 W
Fri Apr  3 15:42:44 IDT 2026, 284 W
Fri Apr  3 15:42:44 IDT 2026, 274 W
Fri Apr  3 15:42:44 IDT 2026, 281 W
Fri Apr  3 15:42:45 IDT 2026, 287 W
Fri Apr  3 15:42:45 IDT 2026, 254 W
Fri Apr  3 15:42:45 IDT 2026, 282 W
Fri Apr  3 15:42:45 IDT 2026, 288 W
Fri Apr  3 15:42:45 IDT 2026, 277 W
Fri Apr  3 15:42:45 IDT 2026, 281 W
Fri Apr  3 15:42:45 IDT 2026, 274 W
Fri Apr  3 15:42:45 IDT 2026, 281 W
Fri Apr  3 15:42:46 IDT 2026, 291 W
Fri Apr  3 15:42:46 IDT 2026, 254 W
Fri Apr  3 15:42:46 IDT 2026, 274 W
Fri Apr  3 15:42:46 IDT 2026, 290 W
Fri Apr  3 15:42:46 IDT 2026, 274 W
Fri Apr  3 15:42:46 IDT 2026, 281 W
Fri Apr  3 15:42:46 IDT 2026, 275 W
Fri Apr  3 15:42:46 IDT 2026, 286 W
Fri Apr  3 15:42:47 IDT 2026, 283 W
Fri Apr  3 15:42:47 IDT 2026, 250 W
Fri Apr  3 15:42:47 IDT 2026, 281 W
Fri Apr  3 15:42:47 IDT 2026, 294 W
Fri Apr  3 15:42:47 IDT 2026, 275 W
Fri Apr  3 15:42:47 IDT 2026, 274 W
Fri Apr  3 15:42:47 IDT 2026, 271 W
Fri Apr  3 15:42:47 IDT 2026, 284 W
Fri Apr  3 15:42:48 IDT 2026, 281 W
Fri Apr  3 15:42:48 IDT 2026, 248 W
Fri Apr  3 15:42:48 IDT 2026, 278 W
Fri Apr  3 15:42:48 IDT 2026, 286 W
Fri Apr  3 15:42:48 IDT 2026, 279 W
Fri Apr  3 15:42:48 IDT 2026, 275 W
Fri Apr  3 15:42:48 IDT 2026, 272 W
Fri Apr  3 15:42:48 IDT 2026, 280 W
Fri Apr  3 15:42:49 IDT 2026, 289 W
Fri Apr  3 15:42:49 IDT 2026, 259 W
Fri Apr  3 15:42:49 IDT 2026, 270 W
Fri Apr  3 15:42:49 IDT 2026, 281 W
Fri Apr  3 15:42:49 IDT 2026, 284 W
Fri Apr  3 15:42:49 IDT 2026, 284 W
Fri Apr  3 15:42:49 IDT 2026, 275 W
Fri Apr  3 15:42:49 IDT 2026, 285 W
Fri Apr  3 15:42:50 IDT 2026, 291 W
Fri Apr  3 15:42:50 IDT 2026, 257 W
Fri Apr  3 15:42:50 IDT 2026, 276 W
Fri Apr  3 15:42:50 IDT 2026, 288 W
Fri Apr  3 15:42:50 IDT 2026, 275 W
Fri Apr  3 15:42:50 IDT 2026, 280 W
Fri Apr  3 15:42:50 IDT 2026, 278 W
Fri Apr  3 15:42:50 IDT 2026, 285 W
Fri Apr  3 15:42:51 IDT 2026, 279 W
Fri Apr  3 15:42:51 IDT 2026, 235 W
Fri Apr  3 15:42:51 IDT 2026, 260 W
Fri Apr  3 15:42:51 IDT 2026, 275 W
Fri Apr  3 15:42:51 IDT 2026, 268 W
Fri Apr  3 15:42:51 IDT 2026, 265 W
Fri Apr  3 15:42:51 IDT 2026, 261 W
Fri Apr  3 15:42:51 IDT 2026, 271 W
Fri Apr  3 15:42:52 IDT 2026, 273 W
Fri Apr  3 15:42:52 IDT 2026, 244 W
Fri Apr  3 15:42:52 IDT 2026, 260 W
Fri Apr  3 15:42:52 IDT 2026, 277 W
Fri Apr  3 15:42:52 IDT 2026, 269 W
Fri Apr  3 15:42:52 IDT 2026, 270 W
Fri Apr  3 15:42:52 IDT 2026, 259 W
Fri Apr  3 15:42:52 IDT 2026, 263 W
Fri Apr  3 15:42:53 IDT 2026, 276 W
Fri Apr  3 15:42:53 IDT 2026, 241 W
Fri Apr  3 15:42:53 IDT 2026, 271 W
Fri Apr  3 15:42:53 IDT 2026, 280 W
Fri Apr  3 15:42:53 IDT 2026, 266 W
Fri Apr  3 15:42:53 IDT 2026, 260 W
Fri Apr  3 15:42:53 IDT 2026, 265 W
Fri Apr  3 15:42:53 IDT 2026, 269 W
Fri Apr  3 15:42:54 IDT 2026, 269 W
Fri Apr  3 15:42:54 IDT 2026, 234 W
Fri Apr  3 15:42:54 IDT 2026, 257 W
Fri Apr  3 15:42:54 IDT 2026, 269 W
Fri Apr  3 15:42:54 IDT 2026, 252 W
Fri Apr  3 15:42:54 IDT 2026, 254 W
Fri Apr  3 15:42:54 IDT 2026, 249 W
Fri Apr  3 15:42:54 IDT 2026, 258 W
Fri Apr  3 15:42:55 IDT 2026, 283 W
Fri Apr  3 15:42:55 IDT 2026, 247 W
Fri Apr  3 15:42:55 IDT 2026, 263 W
Fri Apr  3 15:42:55 IDT 2026, 275 W
Fri Apr  3 15:42:55 IDT 2026, 265 W
Fri Apr  3 15:42:55 IDT 2026, 271 W
Fri Apr  3 15:42:55 IDT 2026, 268 W
Fri Apr  3 15:42:55 IDT 2026, 274 W
Fri Apr  3 15:42:56 IDT 2026, 273 W
Fri Apr  3 15:42:56 IDT 2026, 244 W
Fri Apr  3 15:42:56 IDT 2026, 260 W
Fri Apr  3 15:42:56 IDT 2026, 275 W
Fri Apr  3 15:42:56 IDT 2026, 270 W
Fri Apr  3 15:42:56 IDT 2026, 264 W
Fri Apr  3 15:42:56 IDT 2026, 259 W
Fri Apr  3 15:42:56 IDT 2026, 268 W
Fri Apr  3 15:42:57 IDT 2026, 281 W
Fri Apr  3 15:42:57 IDT 2026, 246 W
Fri Apr  3 15:42:57 IDT 2026, 265 W
Fri Apr  3 15:42:57 IDT 2026, 278 W
Fri Apr  3 15:42:57 IDT 2026, 269 W
Fri Apr  3 15:42:57 IDT 2026, 266 W
Fri Apr  3 15:42:57 IDT 2026, 260 W
Fri Apr  3 15:42:57 IDT 2026, 271 W
Fri Apr  3 15:42:58 IDT 2026, 274 W
Fri Apr  3 15:42:58 IDT 2026, 245 W
Fri Apr  3 15:42:58 IDT 2026, 269 W
Fri Apr  3 15:42:58 IDT 2026, 272 W
Fri Apr  3 15:42:58 IDT 2026, 259 W
Fri Apr  3 15:42:58 IDT 2026, 268 W
Fri Apr  3 15:42:58 IDT 2026, 265 W
Fri Apr  3 15:42:58 IDT 2026, 272 W
Fri Apr  3 15:42:59 IDT 2026, 136 W
Fri Apr  3 15:42:59 IDT 2026, 107 W
Fri Apr  3 15:42:59 IDT 2026, 117 W
Fri Apr  3 15:42:59 IDT 2026, 133 W
Fri Apr  3 15:42:59 IDT 2026, 119 W
Fri Apr  3 15:42:59 IDT 2026, 123 W
Fri Apr  3 15:42:59 IDT 2026, 121 W
Fri Apr  3 15:42:59 IDT 2026, 132 W
Fri Apr  3 15:43:00 IDT 2026, 284 W
Fri Apr  3 15:43:00 IDT 2026, 255 W
Fri Apr  3 15:43:00 IDT 2026, 285 W
Fri Apr  3 15:43:00 IDT 2026, 288 W
Fri Apr  3 15:43:00 IDT 2026, 277 W
Fri Apr  3 15:43:00 IDT 2026, 281 W
Fri Apr  3 15:43:00 IDT 2026, 274 W
Fri Apr  3 15:43:00 IDT 2026, 280 W
Fri Apr  3 15:43:01 IDT 2026, 278 W
Fri Apr  3 15:43:01 IDT 2026, 256 W
Fri Apr  3 15:43:01 IDT 2026, 279 W
Fri Apr  3 15:43:01 IDT 2026, 288 W
Fri Apr  3 15:43:01 IDT 2026, 274 W
Fri Apr  3 15:43:01 IDT 2026, 279 W
Fri Apr  3 15:43:01 IDT 2026, 278 W
Fri Apr  3 15:43:01 IDT 2026, 284 W
Fri Apr  3 15:43:02 IDT 2026, 285 W
Fri Apr  3 15:43:02 IDT 2026, 253 W
Fri Apr  3 15:43:02 IDT 2026, 275 W
Fri Apr  3 15:43:02 IDT 2026, 287 W
Fri Apr  3 15:43:02 IDT 2026, 274 W
Fri Apr  3 15:43:02 IDT 2026, 280 W
Fri Apr  3 15:43:02 IDT 2026, 277 W
Fri Apr  3 15:43:02 IDT 2026, 285 W
Fri Apr  3 15:43:03 IDT 2026, 288 W
Fri Apr  3 15:43:03 IDT 2026, 257 W
Fri Apr  3 15:43:03 IDT 2026, 283 W
Fri Apr  3 15:43:03 IDT 2026, 288 W
Fri Apr  3 15:43:03 IDT 2026, 278 W
Fri Apr  3 15:43:03 IDT 2026, 279 W
Fri Apr  3 15:43:03 IDT 2026, 275 W
Fri Apr  3 15:43:03 IDT 2026, 291 W
Fri Apr  3 15:43:04 IDT 2026, 281 W
Fri Apr  3 15:43:04 IDT 2026, 260 W
Fri Apr  3 15:43:04 IDT 2026, 274 W
Fri Apr  3 15:43:04 IDT 2026, 285 W
Fri Apr  3 15:43:04 IDT 2026, 276 W
Fri Apr  3 15:43:04 IDT 2026, 280 W
Fri Apr  3 15:43:04 IDT 2026, 283 W
Fri Apr  3 15:43:04 IDT 2026, 281 W
Fri Apr  3 15:43:05 IDT 2026, 275 W
Fri Apr  3 15:43:05 IDT 2026, 250 W
Fri Apr  3 15:43:05 IDT 2026, 267 W
Fri Apr  3 15:43:05 IDT 2026, 290 W
Fri Apr  3 15:43:05 IDT 2026, 274 W
Fri Apr  3 15:43:05 IDT 2026, 275 W
Fri Apr  3 15:43:05 IDT 2026, 269 W
Fri Apr  3 15:43:05 IDT 2026, 276 W
Fri Apr  3 15:43:06 IDT 2026, 285 W
Fri Apr  3 15:43:06 IDT 2026, 256 W
Fri Apr  3 15:43:06 IDT 2026, 270 W
Fri Apr  3 15:43:06 IDT 2026, 296 W
Fri Apr  3 15:43:06 IDT 2026, 279 W
Fri Apr  3 15:43:06 IDT 2026, 283 W
Fri Apr  3 15:43:06 IDT 2026, 281 W
Fri Apr  3 15:43:06 IDT 2026, 285 W
Fri Apr  3 15:43:07 IDT 2026, 281 W
Fri Apr  3 15:43:07 IDT 2026, 252 W
Fri Apr  3 15:43:07 IDT 2026, 263 W
Fri Apr  3 15:43:07 IDT 2026, 281 W
Fri Apr  3 15:43:07 IDT 2026, 271 W
Fri Apr  3 15:43:07 IDT 2026, 272 W
Fri Apr  3 15:43:07 IDT 2026, 271 W
Fri Apr  3 15:43:07 IDT 2026, 276 W
Fri Apr  3 15:43:08 IDT 2026, 283 W
Fri Apr  3 15:43:08 IDT 2026, 259 W
Fri Apr  3 15:43:08 IDT 2026, 275 W
Fri Apr  3 15:43:08 IDT 2026, 286 W
Fri Apr  3 15:43:08 IDT 2026, 281 W
Fri Apr  3 15:43:08 IDT 2026, 281 W
Fri Apr  3 15:43:08 IDT 2026, 272 W
Fri Apr  3 15:43:08 IDT 2026, 278 W
Fri Apr  3 15:43:09 IDT 2026, 253 W
Fri Apr  3 15:43:09 IDT 2026, 239 W
Fri Apr  3 15:43:09 IDT 2026, 257 W
Fri Apr  3 15:43:09 IDT 2026, 263 W
Fri Apr  3 15:43:09 IDT 2026, 251 W
Fri Apr  3 15:43:09 IDT 2026, 257 W
Fri Apr  3 15:43:09 IDT 2026, 250 W
Fri Apr  3 15:43:09 IDT 2026, 260 W
Fri Apr  3 15:43:10 IDT 2026, 293 W
Fri Apr  3 15:43:10 IDT 2026, 261 W
Fri Apr  3 15:43:10 IDT 2026, 274 W
Fri Apr  3 15:43:10 IDT 2026, 294 W
Fri Apr  3 15:43:10 IDT 2026, 272 W
Fri Apr  3 15:43:10 IDT 2026, 282 W
Fri Apr  3 15:43:10 IDT 2026, 276 W
Fri Apr  3 15:43:10 IDT 2026, 287 W
Fri Apr  3 15:43:11 IDT 2026, 272 W
Fri Apr  3 15:43:11 IDT 2026, 247 W
Fri Apr  3 15:43:11 IDT 2026, 258 W
Fri Apr  3 15:43:11 IDT 2026, 273 W
Fri Apr  3 15:43:11 IDT 2026, 276 W
Fri Apr  3 15:43:11 IDT 2026, 265 W
Fri Apr  3 15:43:11 IDT 2026, 270 W
Fri Apr  3 15:43:11 IDT 2026, 270 W
Fri Apr  3 15:43:12 IDT 2026, 276 W
Fri Apr  3 15:43:12 IDT 2026, 243 W
Fri Apr  3 15:43:12 IDT 2026, 257 W
Fri Apr  3 15:43:12 IDT 2026, 274 W
Fri Apr  3 15:43:12 IDT 2026, 267 W
Fri Apr  3 15:43:12 IDT 2026, 275 W
Fri Apr  3 15:43:12 IDT 2026, 270 W
Fri Apr  3 15:43:12 IDT 2026, 268 W
Fri Apr  3 15:43:13 IDT 2026, 269 W
Fri Apr  3 15:43:13 IDT 2026, 238 W
Fri Apr  3 15:43:13 IDT 2026, 258 W
Fri Apr  3 15:43:13 IDT 2026, 279 W
Fri Apr  3 15:43:13 IDT 2026, 265 W
Fri Apr  3 15:43:13 IDT 2026, 264 W
Fri Apr  3 15:43:13 IDT 2026, 260 W
Fri Apr  3 15:43:13 IDT 2026, 263 W
Fri Apr  3 15:43:14 IDT 2026, 247 W
Fri Apr  3 15:43:14 IDT 2026, 221 W
Fri Apr  3 15:43:14 IDT 2026, 238 W
Fri Apr  3 15:43:14 IDT 2026, 256 W
Fri Apr  3 15:43:14 IDT 2026, 236 W
Fri Apr  3 15:43:14 IDT 2026, 239 W
Fri Apr  3 15:43:14 IDT 2026, 233 W
Fri Apr  3 15:43:14 IDT 2026, 238 W
Fri Apr  3 15:43:15 IDT 2026, 269 W
Fri Apr  3 15:43:15 IDT 2026, 246 W
Fri Apr  3 15:43:15 IDT 2026, 264 W
Fri Apr  3 15:43:15 IDT 2026, 268 W
Fri Apr  3 15:43:15 IDT 2026, 260 W
Fri Apr  3 15:43:15 IDT 2026, 271 W
Fri Apr  3 15:43:15 IDT 2026, 253 W
Fri Apr  3 15:43:15 IDT 2026, 273 W
Fri Apr  3 15:43:16 IDT 2026, 272 W
Fri Apr  3 15:43:16 IDT 2026, 248 W
Fri Apr  3 15:43:16 IDT 2026, 267 W
Fri Apr  3 15:43:16 IDT 2026, 271 W
Fri Apr  3 15:43:16 IDT 2026, 272 W
Fri Apr  3 15:43:16 IDT 2026, 263 W
Fri Apr  3 15:43:16 IDT 2026, 254 W
Fri Apr  3 15:43:16 IDT 2026, 271 W
Fri Apr  3 15:43:17 IDT 2026, 277 W
Fri Apr  3 15:43:17 IDT 2026, 242 W
Fri Apr  3 15:43:17 IDT 2026, 273 W
Fri Apr  3 15:43:17 IDT 2026, 276 W
Fri Apr  3 15:43:17 IDT 2026, 272 W
Fri Apr  3 15:43:17 IDT 2026, 267 W
Fri Apr  3 15:43:17 IDT 2026, 263 W
Fri Apr  3 15:43:17 IDT 2026, 265 W
Fri Apr  3 15:43:18 IDT 2026, 275 W
Fri Apr  3 15:43:18 IDT 2026, 241 W
Fri Apr  3 15:43:18 IDT 2026, 259 W
Fri Apr  3 15:43:18 IDT 2026, 271 W
Fri Apr  3 15:43:18 IDT 2026, 257 W
Fri Apr  3 15:43:18 IDT 2026, 257 W
Fri Apr  3 15:43:18 IDT 2026, 258 W
Fri Apr  3 15:43:18 IDT 2026, 276 W
Fri Apr  3 15:43:19 IDT 2026, 267 W
Fri Apr  3 15:43:19 IDT 2026, 238 W
Fri Apr  3 15:43:19 IDT 2026, 264 W
Fri Apr  3 15:43:19 IDT 2026, 277 W
Fri Apr  3 15:43:19 IDT 2026, 262 W
Fri Apr  3 15:43:19 IDT 2026, 259 W
Fri Apr  3 15:43:19 IDT 2026, 260 W
Fri Apr  3 15:43:19 IDT 2026, 266 W
Fri Apr  3 15:43:20 IDT 2026, 248 W
Fri Apr  3 15:43:20 IDT 2026, 221 W
Fri Apr  3 15:43:20 IDT 2026, 237 W
Fri Apr  3 15:43:20 IDT 2026, 262 W
Fri Apr  3 15:43:20 IDT 2026, 240 W
Fri Apr  3 15:43:20 IDT 2026, 249 W
Fri Apr  3 15:43:20 IDT 2026, 239 W
Fri Apr  3 15:43:20 IDT 2026, 251 W
Fri Apr  3 15:43:21 IDT 2026, 228 W
Fri Apr  3 15:43:21 IDT 2026, 195 W
Fri Apr  3 15:43:21 IDT 2026, 222 W
Fri Apr  3 15:43:21 IDT 2026, 229 W
Fri Apr  3 15:43:21 IDT 2026, 218 W
Fri Apr  3 15:43:21 IDT 2026, 223 W
Fri Apr  3 15:43:21 IDT 2026, 216 W
Fri Apr  3 15:43:21 IDT 2026, 216 W
Fri Apr  3 15:43:22 IDT 2026, 259 W
Fri Apr  3 15:43:22 IDT 2026, 229 W
Fri Apr  3 15:43:22 IDT 2026, 252 W
Fri Apr  3 15:43:22 IDT 2026, 258 W
Fri Apr  3 15:43:22 IDT 2026, 247 W
Fri Apr  3 15:43:22 IDT 2026, 254 W
Fri Apr  3 15:43:22 IDT 2026, 245 W
Fri Apr  3 15:43:22 IDT 2026, 259 W
Fri Apr  3 15:43:23 IDT 2026, 137 W
Fri Apr  3 15:43:23 IDT 2026, 105 W
Fri Apr  3 15:43:23 IDT 2026, 114 W
Fri Apr  3 15:43:23 IDT 2026, 137 W
Fri Apr  3 15:43:23 IDT 2026, 118 W
Fri Apr  3 15:43:23 IDT 2026, 123 W
Fri Apr  3 15:43:23 IDT 2026, 112 W
Fri Apr  3 15:43:23 IDT 2026, 125 W
Fri Apr  3 15:43:24 IDT 2026, 281 W
Fri Apr  3 15:43:24 IDT 2026, 253 W
Fri Apr  3 15:43:24 IDT 2026, 275 W
Fri Apr  3 15:43:24 IDT 2026, 295 W
Fri Apr  3 15:43:24 IDT 2026, 278 W
Fri Apr  3 15:43:24 IDT 2026, 278 W
Fri Apr  3 15:43:24 IDT 2026, 278 W
Fri Apr  3 15:43:24 IDT 2026, 286 W
Fri Apr  3 15:43:25 IDT 2026, 282 W
Fri Apr  3 15:43:25 IDT 2026, 257 W
Fri Apr  3 15:43:25 IDT 2026, 275 W
Fri Apr  3 15:43:25 IDT 2026, 282 W
Fri Apr  3 15:43:25 IDT 2026, 283 W
Fri Apr  3 15:43:25 IDT 2026, 275 W
Fri Apr  3 15:43:25 IDT 2026, 273 W
Fri Apr  3 15:43:25 IDT 2026, 283 W
Fri Apr  3 15:43:26 IDT 2026, 282 W
Fri Apr  3 15:43:26 IDT 2026, 254 W
Fri Apr  3 15:43:26 IDT 2026, 276 W
Fri Apr  3 15:43:26 IDT 2026, 285 W
Fri Apr  3 15:43:26 IDT 2026, 275 W
Fri Apr  3 15:43:26 IDT 2026, 278 W
Fri Apr  3 15:43:26 IDT 2026, 272 W
Fri Apr  3 15:43:26 IDT 2026, 282 W
Fri Apr  3 15:43:27 IDT 2026, 288 W
Fri Apr  3 15:43:27 IDT 2026, 253 W
Fri Apr  3 15:43:27 IDT 2026, 275 W
Fri Apr  3 15:43:27 IDT 2026, 289 W
Fri Apr  3 15:43:27 IDT 2026, 276 W
Fri Apr  3 15:43:27 IDT 2026, 282 W
Fri Apr  3 15:43:27 IDT 2026, 279 W
Fri Apr  3 15:43:27 IDT 2026, 286 W
Fri Apr  3 15:43:28 IDT 2026, 285 W
Fri Apr  3 15:43:28 IDT 2026, 255 W
Fri Apr  3 15:43:28 IDT 2026, 272 W
Fri Apr  3 15:43:28 IDT 2026, 286 W
Fri Apr  3 15:43:28 IDT 2026, 283 W
Fri Apr  3 15:43:28 IDT 2026, 285 W
Fri Apr  3 15:43:28 IDT 2026, 274 W
Fri Apr  3 15:43:28 IDT 2026, 285 W
Fri Apr  3 15:43:29 IDT 2026, 289 W
Fri Apr  3 15:43:29 IDT 2026, 254 W
Fri Apr  3 15:43:29 IDT 2026, 270 W
Fri Apr  3 15:43:29 IDT 2026, 290 W
Fri Apr  3 15:43:29 IDT 2026, 280 W
Fri Apr  3 15:43:29 IDT 2026, 279 W
Fri Apr  3 15:43:29 IDT 2026, 275 W
Fri Apr  3 15:43:29 IDT 2026, 273 W
Fri Apr  3 15:43:30 IDT 2026, 273 W
Fri Apr  3 15:43:30 IDT 2026, 252 W
Fri Apr  3 15:43:30 IDT 2026, 269 W
Fri Apr  3 15:43:30 IDT 2026, 283 W
Fri Apr  3 15:43:30 IDT 2026, 266 W
Fri Apr  3 15:43:30 IDT 2026, 274 W
Fri Apr  3 15:43:30 IDT 2026, 258 W
Fri Apr  3 15:43:30 IDT 2026, 276 W
Fri Apr  3 15:43:31 IDT 2026, 282 W
Fri Apr  3 15:43:31 IDT 2026, 257 W
Fri Apr  3 15:43:31 IDT 2026, 279 W
Fri Apr  3 15:43:31 IDT 2026, 286 W
Fri Apr  3 15:43:31 IDT 2026, 276 W
Fri Apr  3 15:43:31 IDT 2026, 274 W
Fri Apr  3 15:43:31 IDT 2026, 268 W
Fri Apr  3 15:43:31 IDT 2026, 276 W
Fri Apr  3 15:43:32 IDT 2026, 277 W
Fri Apr  3 15:43:32 IDT 2026, 258 W
Fri Apr  3 15:43:32 IDT 2026, 269 W
Fri Apr  3 15:43:32 IDT 2026, 280 W
Fri Apr  3 15:43:32 IDT 2026, 275 W
Fri Apr  3 15:43:32 IDT 2026, 278 W
Fri Apr  3 15:43:32 IDT 2026, 277 W
Fri Apr  3 15:43:32 IDT 2026, 280 W
Fri Apr  3 15:43:33 IDT 2026, 275 W
Fri Apr  3 15:43:33 IDT 2026, 240 W
Fri Apr  3 15:43:33 IDT 2026, 257 W
Fri Apr  3 15:43:33 IDT 2026, 273 W
Fri Apr  3 15:43:33 IDT 2026, 266 W
Fri Apr  3 15:43:33 IDT 2026, 269 W
Fri Apr  3 15:43:33 IDT 2026, 263 W
Fri Apr  3 15:43:33 IDT 2026, 274 W
Fri Apr  3 15:43:34 IDT 2026, 274 W
Fri Apr  3 15:43:34 IDT 2026, 236 W
Fri Apr  3 15:43:34 IDT 2026, 264 W
Fri Apr  3 15:43:34 IDT 2026, 272 W
Fri Apr  3 15:43:34 IDT 2026, 263 W
Fri Apr  3 15:43:34 IDT 2026, 270 W
Fri Apr  3 15:43:34 IDT 2026, 256 W
Fri Apr  3 15:43:34 IDT 2026, 267 W
Fri Apr  3 15:43:35 IDT 2026, 280 W
Fri Apr  3 15:43:35 IDT 2026, 247 W
Fri Apr  3 15:43:35 IDT 2026, 264 W
Fri Apr  3 15:43:35 IDT 2026, 279 W
Fri Apr  3 15:43:35 IDT 2026, 270 W
Fri Apr  3 15:43:35 IDT 2026, 267 W
Fri Apr  3 15:43:35 IDT 2026, 256 W
Fri Apr  3 15:43:35 IDT 2026, 271 W
Fri Apr  3 15:43:36 IDT 2026, 264 W
Fri Apr  3 15:43:36 IDT 2026, 237 W
Fri Apr  3 15:43:36 IDT 2026, 265 W
Fri Apr  3 15:43:36 IDT 2026, 269 W
Fri Apr  3 15:43:36 IDT 2026, 270 W
Fri Apr  3 15:43:36 IDT 2026, 266 W
Fri Apr  3 15:43:36 IDT 2026, 261 W
Fri Apr  3 15:43:36 IDT 2026, 274 W
Fri Apr  3 15:43:37 IDT 2026, 269 W
Fri Apr  3 15:43:37 IDT 2026, 238 W
Fri Apr  3 15:43:37 IDT 2026, 261 W
Fri Apr  3 15:43:37 IDT 2026, 266 W
Fri Apr  3 15:43:37 IDT 2026, 260 W
Fri Apr  3 15:43:37 IDT 2026, 259 W
Fri Apr  3 15:43:37 IDT 2026, 258 W
Fri Apr  3 15:43:37 IDT 2026, 263 W
Fri Apr  3 15:43:38 IDT 2026, 267 W
Fri Apr  3 15:43:38 IDT 2026, 237 W
Fri Apr  3 15:43:38 IDT 2026, 257 W
Fri Apr  3 15:43:38 IDT 2026, 274 W
Fri Apr  3 15:43:38 IDT 2026, 265 W
Fri Apr  3 15:43:38 IDT 2026, 262 W
Fri Apr  3 15:43:38 IDT 2026, 260 W
Fri Apr  3 15:43:38 IDT 2026, 273 W
Fri Apr  3 15:43:39 IDT 2026, 252 W
Fri Apr  3 15:43:39 IDT 2026, 221 W
Fri Apr  3 15:43:39 IDT 2026, 248 W
Fri Apr  3 15:43:39 IDT 2026, 256 W
Fri Apr  3 15:43:39 IDT 2026, 239 W
Fri Apr  3 15:43:39 IDT 2026, 246 W
Fri Apr  3 15:43:39 IDT 2026, 242 W
Fri Apr  3 15:43:39 IDT 2026, 238 W
Fri Apr  3 15:43:40 IDT 2026, 274 W
Fri Apr  3 15:43:40 IDT 2026, 235 W
Fri Apr  3 15:43:40 IDT 2026, 262 W
Fri Apr  3 15:43:40 IDT 2026, 267 W
Fri Apr  3 15:43:40 IDT 2026, 268 W
Fri Apr  3 15:43:40 IDT 2026, 263 W
Fri Apr  3 15:43:40 IDT 2026, 260 W
Fri Apr  3 15:43:40 IDT 2026, 265 W
Fri Apr  3 15:43:41 IDT 2026, 268 W
Fri Apr  3 15:43:41 IDT 2026, 244 W
Fri Apr  3 15:43:41 IDT 2026, 260 W
Fri Apr  3 15:43:41 IDT 2026, 270 W
Fri Apr  3 15:43:41 IDT 2026, 259 W
Fri Apr  3 15:43:41 IDT 2026, 266 W
Fri Apr  3 15:43:41 IDT 2026, 259 W
Fri Apr  3 15:43:41 IDT 2026, 266 W
Fri Apr  3 15:43:42 IDT 2026, 270 W
Fri Apr  3 15:43:42 IDT 2026, 236 W
Fri Apr  3 15:43:42 IDT 2026, 268 W
Fri Apr  3 15:43:42 IDT 2026, 272 W
Fri Apr  3 15:43:42 IDT 2026, 265 W
Fri Apr  3 15:43:42 IDT 2026, 269 W
Fri Apr  3 15:43:42 IDT 2026, 264 W
Fri Apr  3 15:43:42 IDT 2026, 272 W
Fri Apr  3 15:43:43 IDT 2026, 259 W
Fri Apr  3 15:43:43 IDT 2026, 225 W
Fri Apr  3 15:43:43 IDT 2026, 247 W
Fri Apr  3 15:43:43 IDT 2026, 261 W
Fri Apr  3 15:43:43 IDT 2026, 248 W
Fri Apr  3 15:43:43 IDT 2026, 250 W
Fri Apr  3 15:43:43 IDT 2026, 248 W
Fri Apr  3 15:43:43 IDT 2026, 254 W
Fri Apr  3 15:43:44 IDT 2026, 231 W
Fri Apr  3 15:43:44 IDT 2026, 207 W
Fri Apr  3 15:43:44 IDT 2026, 224 W
Fri Apr  3 15:43:44 IDT 2026, 235 W
Fri Apr  3 15:43:44 IDT 2026, 225 W
Fri Apr  3 15:43:44 IDT 2026, 232 W
Fri Apr  3 15:43:44 IDT 2026, 230 W
Fri Apr  3 15:43:44 IDT 2026, 234 W
Fri Apr  3 15:43:45 IDT 2026, 235 W
Fri Apr  3 15:43:45 IDT 2026, 197 W
Fri Apr  3 15:43:45 IDT 2026, 217 W
Fri Apr  3 15:43:45 IDT 2026, 237 W
Fri Apr  3 15:43:45 IDT 2026, 223 W
Fri Apr  3 15:43:45 IDT 2026, 227 W
Fri Apr  3 15:43:45 IDT 2026, 221 W
Fri Apr  3 15:43:45 IDT 2026, 234 W
Fri Apr  3 15:43:46 IDT 2026, 239 W
Fri Apr  3 15:43:46 IDT 2026, 207 W
Fri Apr  3 15:43:46 IDT 2026, 226 W
Fri Apr  3 15:43:46 IDT 2026, 250 W
Fri Apr  3 15:43:46 IDT 2026, 237 W
Fri Apr  3 15:43:46 IDT 2026, 242 W
Fri Apr  3 15:43:46 IDT 2026, 234 W
Fri Apr  3 15:43:46 IDT 2026, 236 W
Fri Apr  3 15:43:47 IDT 2026, 127 W
Fri Apr  3 15:43:47 IDT 2026, 101 W
Fri Apr  3 15:43:47 IDT 2026, 118 W
Fri Apr  3 15:43:47 IDT 2026, 131 W
Fri Apr  3 15:43:47 IDT 2026, 121 W
Fri Apr  3 15:43:47 IDT 2026, 123 W
Fri Apr  3 15:43:47 IDT 2026, 114 W
Fri Apr  3 15:43:47 IDT 2026, 124 W
Fri Apr  3 15:43:48 IDT 2026, 279 W
Fri Apr  3 15:43:48 IDT 2026, 253 W
Fri Apr  3 15:43:48 IDT 2026, 268 W
Fri Apr  3 15:43:48 IDT 2026, 280 W
Fri Apr  3 15:43:48 IDT 2026, 279 W
Fri Apr  3 15:43:48 IDT 2026, 286 W
Fri Apr  3 15:43:48 IDT 2026, 272 W
Fri Apr  3 15:43:48 IDT 2026, 281 W
Fri Apr  3 15:43:49 IDT 2026, 289 W
Fri Apr  3 15:43:49 IDT 2026, 253 W
Fri Apr  3 15:43:49 IDT 2026, 271 W
Fri Apr  3 15:43:49 IDT 2026, 290 W
Fri Apr  3 15:43:49 IDT 2026, 279 W
Fri Apr  3 15:43:49 IDT 2026, 281 W
Fri Apr  3 15:43:49 IDT 2026, 276 W
Fri Apr  3 15:43:49 IDT 2026, 286 W
Fri Apr  3 15:43:50 IDT 2026, 281 W
Fri Apr  3 15:43:50 IDT 2026, 262 W
Fri Apr  3 15:43:50 IDT 2026, 279 W
Fri Apr  3 15:43:50 IDT 2026, 291 W
Fri Apr  3 15:43:50 IDT 2026, 282 W
Fri Apr  3 15:43:50 IDT 2026, 282 W
Fri Apr  3 15:43:50 IDT 2026, 269 W
Fri Apr  3 15:43:50 IDT 2026, 277 W
Fri Apr  3 15:43:51 IDT 2026, 286 W
Fri Apr  3 15:43:51 IDT 2026, 258 W
Fri Apr  3 15:43:51 IDT 2026, 280 W
Fri Apr  3 15:43:51 IDT 2026, 285 W
Fri Apr  3 15:43:51 IDT 2026, 274 W
Fri Apr  3 15:43:51 IDT 2026, 280 W
Fri Apr  3 15:43:51 IDT 2026, 273 W
Fri Apr  3 15:43:51 IDT 2026, 276 W
Fri Apr  3 15:43:52 IDT 2026, 287 W
Fri Apr  3 15:43:52 IDT 2026, 250 W
Fri Apr  3 15:43:52 IDT 2026, 271 W
Fri Apr  3 15:43:52 IDT 2026, 286 W
Fri Apr  3 15:43:52 IDT 2026, 271 W
Fri Apr  3 15:43:52 IDT 2026, 283 W
Fri Apr  3 15:43:52 IDT 2026, 269 W
Fri Apr  3 15:43:52 IDT 2026, 277 W
Fri Apr  3 15:43:53 IDT 2026, 287 W
Fri Apr  3 15:43:53 IDT 2026, 254 W
Fri Apr  3 15:43:53 IDT 2026, 278 W
Fri Apr  3 15:43:53 IDT 2026, 288 W
Fri Apr  3 15:43:53 IDT 2026, 283 W
Fri Apr  3 15:43:53 IDT 2026, 280 W
Fri Apr  3 15:43:53 IDT 2026, 275 W
Fri Apr  3 15:43:53 IDT 2026, 280 W
Fri Apr  3 15:43:54 IDT 2026, 287 W
Fri Apr  3 15:43:54 IDT 2026, 250 W
Fri Apr  3 15:43:54 IDT 2026, 270 W
Fri Apr  3 15:43:54 IDT 2026, 285 W
Fri Apr  3 15:43:54 IDT 2026, 279 W
Fri Apr  3 15:43:54 IDT 2026, 287 W
Fri Apr  3 15:43:54 IDT 2026, 269 W
Fri Apr  3 15:43:54 IDT 2026, 283 W
Fri Apr  3 15:43:55 IDT 2026, 283 W
Fri Apr  3 15:43:55 IDT 2026, 249 W
Fri Apr  3 15:43:55 IDT 2026, 271 W
Fri Apr  3 15:43:55 IDT 2026, 282 W
Fri Apr  3 15:43:55 IDT 2026, 270 W
Fri Apr  3 15:43:55 IDT 2026, 274 W
Fri Apr  3 15:43:55 IDT 2026, 270 W
Fri Apr  3 15:43:55 IDT 2026, 275 W
Fri Apr  3 15:43:56 IDT 2026, 286 W
Fri Apr  3 15:43:56 IDT 2026, 257 W
Fri Apr  3 15:43:56 IDT 2026, 274 W
Fri Apr  3 15:43:56 IDT 2026, 281 W
Fri Apr  3 15:43:56 IDT 2026, 270 W
Fri Apr  3 15:43:56 IDT 2026, 276 W
Fri Apr  3 15:43:56 IDT 2026, 272 W
Fri Apr  3 15:43:56 IDT 2026, 276 W
Fri Apr  3 15:43:57 IDT 2026, 278 W
Fri Apr  3 15:43:57 IDT 2026, 238 W
Fri Apr  3 15:43:57 IDT 2026, 265 W
Fri Apr  3 15:43:57 IDT 2026, 282 W
Fri Apr  3 15:43:57 IDT 2026, 261 W
Fri Apr  3 15:43:57 IDT 2026, 261 W
Fri Apr  3 15:43:57 IDT 2026, 262 W
Fri Apr  3 15:43:57 IDT 2026, 276 W
Fri Apr  3 15:43:58 IDT 2026, 269 W
Fri Apr  3 15:43:58 IDT 2026, 246 W
Fri Apr  3 15:43:58 IDT 2026, 263 W
Fri Apr  3 15:43:58 IDT 2026, 277 W
Fri Apr  3 15:43:58 IDT 2026, 273 W
Fri Apr  3 15:43:58 IDT 2026, 273 W
Fri Apr  3 15:43:58 IDT 2026, 261 W
Fri Apr  3 15:43:58 IDT 2026, 269 W
Fri Apr  3 15:43:59 IDT 2026, 278 W
Fri Apr  3 15:43:59 IDT 2026, 242 W
Fri Apr  3 15:43:59 IDT 2026, 267 W
Fri Apr  3 15:43:59 IDT 2026, 277 W
Fri Apr  3 15:43:59 IDT 2026, 268 W
Fri Apr  3 15:43:59 IDT 2026, 272 W
Fri Apr  3 15:43:59 IDT 2026, 266 W
Fri Apr  3 15:43:59 IDT 2026, 268 W
Fri Apr  3 15:44:00 IDT 2026, 270 W
Fri Apr  3 15:44:00 IDT 2026, 234 W
Fri Apr  3 15:44:00 IDT 2026, 254 W
Fri Apr  3 15:44:00 IDT 2026, 274 W
Fri Apr  3 15:44:00 IDT 2026, 272 W
Fri Apr  3 15:44:00 IDT 2026, 264 W
Fri Apr  3 15:44:00 IDT 2026, 260 W
Fri Apr  3 15:44:00 IDT 2026, 271 W
Fri Apr  3 15:44:01 IDT 2026, 268 W
Fri Apr  3 15:44:01 IDT 2026, 244 W
Fri Apr  3 15:44:01 IDT 2026, 261 W
Fri Apr  3 15:44:01 IDT 2026, 272 W
Fri Apr  3 15:44:01 IDT 2026, 263 W
Fri Apr  3 15:44:01 IDT 2026, 266 W
Fri Apr  3 15:44:01 IDT 2026, 260 W
Fri Apr  3 15:44:01 IDT 2026, 271 W
Fri Apr  3 15:44:02 IDT 2026, 269 W
Fri Apr  3 15:44:02 IDT 2026, 247 W
Fri Apr  3 15:44:02 IDT 2026, 258 W
Fri Apr  3 15:44:02 IDT 2026, 275 W
Fri Apr  3 15:44:02 IDT 2026, 259 W
Fri Apr  3 15:44:02 IDT 2026, 266 W
Fri Apr  3 15:44:02 IDT 2026, 250 W
Fri Apr  3 15:44:02 IDT 2026, 262 W
Fri Apr  3 15:44:03 IDT 2026, 269 W
Fri Apr  3 15:44:03 IDT 2026, 240 W
Fri Apr  3 15:44:03 IDT 2026, 263 W
Fri Apr  3 15:44:03 IDT 2026, 269 W
Fri Apr  3 15:44:03 IDT 2026, 259 W
Fri Apr  3 15:44:03 IDT 2026, 269 W
Fri Apr  3 15:44:03 IDT 2026, 262 W
Fri Apr  3 15:44:03 IDT 2026, 267 W
Fri Apr  3 15:44:04 IDT 2026, 268 W
Fri Apr  3 15:44:04 IDT 2026, 241 W
Fri Apr  3 15:44:04 IDT 2026, 261 W
Fri Apr  3 15:44:04 IDT 2026, 269 W
Fri Apr  3 15:44:04 IDT 2026, 260 W
Fri Apr  3 15:44:04 IDT 2026, 267 W
Fri Apr  3 15:44:04 IDT 2026, 257 W
Fri Apr  3 15:44:04 IDT 2026, 268 W
Fri Apr  3 15:44:05 IDT 2026, 262 W
Fri Apr  3 15:44:05 IDT 2026, 241 W
Fri Apr  3 15:44:05 IDT 2026, 258 W
Fri Apr  3 15:44:05 IDT 2026, 276 W
Fri Apr  3 15:44:05 IDT 2026, 264 W
Fri Apr  3 15:44:05 IDT 2026, 263 W
Fri Apr  3 15:44:05 IDT 2026, 259 W
Fri Apr  3 15:44:05 IDT 2026, 269 W
Fri Apr  3 15:44:06 IDT 2026, 265 W
Fri Apr  3 15:44:06 IDT 2026, 239 W
Fri Apr  3 15:44:06 IDT 2026, 257 W
Fri Apr  3 15:44:06 IDT 2026, 280 W
Fri Apr  3 15:44:06 IDT 2026, 258 W
Fri Apr  3 15:44:06 IDT 2026, 269 W
Fri Apr  3 15:44:06 IDT 2026, 253 W
Fri Apr  3 15:44:06 IDT 2026, 267 W
Fri Apr  3 15:44:07 IDT 2026, 273 W
Fri Apr  3 15:44:07 IDT 2026, 238 W
Fri Apr  3 15:44:07 IDT 2026, 257 W
Fri Apr  3 15:44:07 IDT 2026, 274 W
Fri Apr  3 15:44:07 IDT 2026, 253 W
Fri Apr  3 15:44:07 IDT 2026, 263 W
Fri Apr  3 15:44:07 IDT 2026, 266 W
Fri Apr  3 15:44:07 IDT 2026, 267 W
Fri Apr  3 15:44:08 IDT 2026, 245 W
Fri Apr  3 15:44:08 IDT 2026, 217 W
Fri Apr  3 15:44:08 IDT 2026, 234 W
Fri Apr  3 15:44:08 IDT 2026, 244 W
Fri Apr  3 15:44:08 IDT 2026, 233 W
Fri Apr  3 15:44:08 IDT 2026, 233 W
Fri Apr  3 15:44:08 IDT 2026, 232 W
Fri Apr  3 15:44:08 IDT 2026, 239 W
Fri Apr  3 15:44:09 IDT 2026, 231 W
Fri Apr  3 15:44:09 IDT 2026, 200 W
Fri Apr  3 15:44:09 IDT 2026, 221 W
Fri Apr  3 15:44:09 IDT 2026, 233 W
Fri Apr  3 15:44:09 IDT 2026, 222 W
Fri Apr  3 15:44:09 IDT 2026, 228 W
Fri Apr  3 15:44:09 IDT 2026, 223 W
Fri Apr  3 15:44:09 IDT 2026, 233 W
Fri Apr  3 15:44:10 IDT 2026, 242 W
Fri Apr  3 15:44:10 IDT 2026, 215 W
Fri Apr  3 15:44:10 IDT 2026, 230 W
Fri Apr  3 15:44:10 IDT 2026, 243 W
Fri Apr  3 15:44:10 IDT 2026, 229 W
Fri Apr  3 15:44:10 IDT 2026, 236 W
Fri Apr  3 15:44:10 IDT 2026, 229 W
Fri Apr  3 15:44:10 IDT 2026, 235 W
Fri Apr  3 15:44:11 IDT 2026, 432 W
Fri Apr  3 15:44:11 IDT 2026, 418 W
Fri Apr  3 15:44:11 IDT 2026, 432 W
Fri Apr  3 15:44:11 IDT 2026, 441 W
Fri Apr  3 15:44:11 IDT 2026, 435 W
Fri Apr  3 15:44:11 IDT 2026, 430 W
Fri Apr  3 15:44:11 IDT 2026, 425 W
Fri Apr  3 15:44:11 IDT 2026, 433 W
Fri Apr  3 15:44:12 IDT 2026, 282 W
Fri Apr  3 15:44:12 IDT 2026, 257 W
Fri Apr  3 15:44:12 IDT 2026, 279 W
Fri Apr  3 15:44:12 IDT 2026, 293 W
Fri Apr  3 15:44:12 IDT 2026, 278 W
Fri Apr  3 15:44:12 IDT 2026, 281 W
Fri Apr  3 15:44:12 IDT 2026, 275 W
Fri Apr  3 15:44:12 IDT 2026, 282 W
Fri Apr  3 15:44:13 IDT 2026, 287 W
Fri Apr  3 15:44:13 IDT 2026, 253 W
Fri Apr  3 15:44:13 IDT 2026, 275 W
Fri Apr  3 15:44:13 IDT 2026, 296 W
Fri Apr  3 15:44:13 IDT 2026, 274 W
Fri Apr  3 15:44:13 IDT 2026, 286 W
Fri Apr  3 15:44:13 IDT 2026, 278 W
Fri Apr  3 15:44:13 IDT 2026, 284 W
Fri Apr  3 15:44:14 IDT 2026, 280 W
Fri Apr  3 15:44:14 IDT 2026, 254 W
Fri Apr  3 15:44:14 IDT 2026, 274 W
Fri Apr  3 15:44:14 IDT 2026, 287 W
Fri Apr  3 15:44:14 IDT 2026, 271 W
Fri Apr  3 15:44:14 IDT 2026, 281 W
Fri Apr  3 15:44:14 IDT 2026, 270 W
Fri Apr  3 15:44:14 IDT 2026, 285 W
Fri Apr  3 15:44:15 IDT 2026, 284 W
Fri Apr  3 15:44:15 IDT 2026, 252 W
Fri Apr  3 15:44:15 IDT 2026, 271 W
Fri Apr  3 15:44:15 IDT 2026, 283 W
Fri Apr  3 15:44:15 IDT 2026, 277 W
Fri Apr  3 15:44:15 IDT 2026, 272 W
Fri Apr  3 15:44:15 IDT 2026, 279 W
Fri Apr  3 15:44:15 IDT 2026, 280 W
Fri Apr  3 15:44:16 IDT 2026, 277 W
Fri Apr  3 15:44:16 IDT 2026, 246 W
Fri Apr  3 15:44:16 IDT 2026, 273 W
Fri Apr  3 15:44:16 IDT 2026, 281 W
Fri Apr  3 15:44:16 IDT 2026, 271 W
Fri Apr  3 15:44:16 IDT 2026, 273 W
Fri Apr  3 15:44:16 IDT 2026, 269 W
Fri Apr  3 15:44:16 IDT 2026, 278 W
Fri Apr  3 15:44:17 IDT 2026, 283 W
Fri Apr  3 15:44:17 IDT 2026, 264 W
Fri Apr  3 15:44:17 IDT 2026, 271 W
Fri Apr  3 15:44:17 IDT 2026, 289 W
Fri Apr  3 15:44:17 IDT 2026, 275 W
Fri Apr  3 15:44:17 IDT 2026, 282 W
Fri Apr  3 15:44:17 IDT 2026, 276 W
Fri Apr  3 15:44:17 IDT 2026, 280 W
Fri Apr  3 15:44:18 IDT 2026, 276 W
Fri Apr  3 15:44:18 IDT 2026, 260 W
Fri Apr  3 15:44:18 IDT 2026, 274 W
Fri Apr  3 15:44:18 IDT 2026, 284 W
Fri Apr  3 15:44:18 IDT 2026, 266 W
Fri Apr  3 15:44:18 IDT 2026, 279 W
Fri Apr  3 15:44:18 IDT 2026, 273 W
Fri Apr  3 15:44:18 IDT 2026, 283 W
Fri Apr  3 15:44:19 IDT 2026, 279 W
Fri Apr  3 15:44:19 IDT 2026, 249 W
Fri Apr  3 15:44:19 IDT 2026, 275 W
Fri Apr  3 15:44:19 IDT 2026, 286 W
Fri Apr  3 15:44:19 IDT 2026, 278 W
Fri Apr  3 15:44:19 IDT 2026, 283 W
Fri Apr  3 15:44:19 IDT 2026, 270 W
Fri Apr  3 15:44:19 IDT 2026, 285 W
Fri Apr  3 15:44:20 IDT 2026, 279 W
Fri Apr  3 15:44:20 IDT 2026, 250 W
Fri Apr  3 15:44:20 IDT 2026, 271 W
Fri Apr  3 15:44:20 IDT 2026, 289 W
Fri Apr  3 15:44:20 IDT 2026, 274 W
Fri Apr  3 15:44:20 IDT 2026, 273 W
Fri Apr  3 15:44:20 IDT 2026, 274 W
Fri Apr  3 15:44:20 IDT 2026, 283 W
Fri Apr  3 15:44:21 IDT 2026, 279 W
Fri Apr  3 15:44:21 IDT 2026, 251 W
Fri Apr  3 15:44:21 IDT 2026, 269 W
Fri Apr  3 15:44:21 IDT 2026, 284 W
Fri Apr  3 15:44:21 IDT 2026, 271 W
Fri Apr  3 15:44:21 IDT 2026, 268 W
Fri Apr  3 15:44:21 IDT 2026, 272 W
Fri Apr  3 15:44:21 IDT 2026, 282 W
Fri Apr  3 15:44:22 IDT 2026, 282 W
Fri Apr  3 15:44:22 IDT 2026, 254 W
Fri Apr  3 15:44:22 IDT 2026, 275 W
Fri Apr  3 15:44:22 IDT 2026, 287 W
Fri Apr  3 15:44:22 IDT 2026, 282 W
Fri Apr  3 15:44:22 IDT 2026, 276 W
Fri Apr  3 15:44:22 IDT 2026, 276 W
Fri Apr  3 15:44:22 IDT 2026, 279 W
Fri Apr  3 15:44:23 IDT 2026, 285 W
Fri Apr  3 15:44:23 IDT 2026, 251 W
Fri Apr  3 15:44:23 IDT 2026, 282 W
Fri Apr  3 15:44:23 IDT 2026, 280 W
Fri Apr  3 15:44:23 IDT 2026, 284 W
Fri Apr  3 15:44:23 IDT 2026, 282 W
Fri Apr  3 15:44:23 IDT 2026, 277 W
Fri Apr  3 15:44:23 IDT 2026, 276 W
Fri Apr  3 15:44:24 IDT 2026, 279 W
Fri Apr  3 15:44:24 IDT 2026, 254 W
Fri Apr  3 15:44:24 IDT 2026, 279 W
Fri Apr  3 15:44:24 IDT 2026, 287 W
Fri Apr  3 15:44:24 IDT 2026, 281 W
Fri Apr  3 15:44:24 IDT 2026, 281 W
Fri Apr  3 15:44:24 IDT 2026, 270 W
Fri Apr  3 15:44:24 IDT 2026, 279 W
Fri Apr  3 15:44:25 IDT 2026, 282 W
Fri Apr  3 15:44:25 IDT 2026, 259 W
Fri Apr  3 15:44:25 IDT 2026, 281 W
Fri Apr  3 15:44:25 IDT 2026, 289 W
Fri Apr  3 15:44:25 IDT 2026, 280 W
Fri Apr  3 15:44:25 IDT 2026, 276 W
Fri Apr  3 15:44:25 IDT 2026, 272 W
Fri Apr  3 15:44:25 IDT 2026, 287 W
Fri Apr  3 15:44:26 IDT 2026, 268 W
Fri Apr  3 15:44:26 IDT 2026, 241 W
Fri Apr  3 15:44:26 IDT 2026, 260 W
Fri Apr  3 15:44:26 IDT 2026, 278 W
Fri Apr  3 15:44:26 IDT 2026, 261 W
Fri Apr  3 15:44:26 IDT 2026, 264 W
Fri Apr  3 15:44:26 IDT 2026, 264 W
Fri Apr  3 15:44:26 IDT 2026, 266 W
Fri Apr  3 15:44:27 IDT 2026, 279 W
Fri Apr  3 15:44:27 IDT 2026, 244 W
Fri Apr  3 15:44:27 IDT 2026, 274 W
Fri Apr  3 15:44:27 IDT 2026, 276 W
Fri Apr  3 15:44:27 IDT 2026, 264 W
Fri Apr  3 15:44:27 IDT 2026, 272 W
Fri Apr  3 15:44:27 IDT 2026, 262 W
Fri Apr  3 15:44:27 IDT 2026, 270 W
Fri Apr  3 15:44:28 IDT 2026, 258 W
Fri Apr  3 15:44:28 IDT 2026, 228 W
Fri Apr  3 15:44:28 IDT 2026, 254 W
Fri Apr  3 15:44:28 IDT 2026, 266 W
Fri Apr  3 15:44:28 IDT 2026, 259 W
Fri Apr  3 15:44:28 IDT 2026, 253 W
Fri Apr  3 15:44:28 IDT 2026, 256 W
Fri Apr  3 15:44:28 IDT 2026, 267 W
Fri Apr  3 15:44:29 IDT 2026, 275 W
Fri Apr  3 15:44:29 IDT 2026, 241 W
Fri Apr  3 15:44:29 IDT 2026, 265 W
Fri Apr  3 15:44:29 IDT 2026, 275 W
Fri Apr  3 15:44:29 IDT 2026, 268 W
Fri Apr  3 15:44:29 IDT 2026, 263 W
Fri Apr  3 15:44:29 IDT 2026, 262 W
Fri Apr  3 15:44:29 IDT 2026, 268 W
Fri Apr  3 15:44:30 IDT 2026, 279 W
Fri Apr  3 15:44:30 IDT 2026, 245 W
Fri Apr  3 15:44:30 IDT 2026, 265 W
Fri Apr  3 15:44:30 IDT 2026, 278 W
Fri Apr  3 15:44:30 IDT 2026, 273 W
Fri Apr  3 15:44:30 IDT 2026, 268 W
Fri Apr  3 15:44:30 IDT 2026, 258 W
Fri Apr  3 15:44:30 IDT 2026, 272 W
Fri Apr  3 15:44:31 IDT 2026, 261 W
Fri Apr  3 15:44:31 IDT 2026, 227 W
Fri Apr  3 15:44:31 IDT 2026, 246 W
Fri Apr  3 15:44:31 IDT 2026, 254 W
Fri Apr  3 15:44:31 IDT 2026, 246 W
Fri Apr  3 15:44:31 IDT 2026, 252 W
Fri Apr  3 15:44:31 IDT 2026, 252 W
Fri Apr  3 15:44:31 IDT 2026, 252 W
Fri Apr  3 15:44:32 IDT 2026, 271 W
Fri Apr  3 15:44:32 IDT 2026, 246 W
Fri Apr  3 15:44:32 IDT 2026, 263 W
Fri Apr  3 15:44:32 IDT 2026, 276 W
Fri Apr  3 15:44:32 IDT 2026, 261 W
Fri Apr  3 15:44:32 IDT 2026, 269 W
Fri Apr  3 15:44:32 IDT 2026, 264 W
Fri Apr  3 15:44:32 IDT 2026, 276 W
Fri Apr  3 15:44:33 IDT 2026, 271 W
Fri Apr  3 15:44:33 IDT 2026, 237 W
Fri Apr  3 15:44:33 IDT 2026, 266 W
Fri Apr  3 15:44:33 IDT 2026, 276 W
Fri Apr  3 15:44:33 IDT 2026, 256 W
Fri Apr  3 15:44:33 IDT 2026, 273 W
Fri Apr  3 15:44:33 IDT 2026, 263 W
Fri Apr  3 15:44:33 IDT 2026, 263 W
Fri Apr  3 15:44:34 IDT 2026, 279 W
Fri Apr  3 15:44:34 IDT 2026, 244 W
Fri Apr  3 15:44:34 IDT 2026, 269 W
Fri Apr  3 15:44:34 IDT 2026, 274 W
Fri Apr  3 15:44:34 IDT 2026, 260 W
Fri Apr  3 15:44:34 IDT 2026, 269 W
Fri Apr  3 15:44:34 IDT 2026, 259 W
Fri Apr  3 15:44:34 IDT 2026, 268 W
Fri Apr  3 15:44:35 IDT 2026, 127 W
Fri Apr  3 15:44:35 IDT 2026, 98 W
Fri Apr  3 15:44:35 IDT 2026, 126 W
Fri Apr  3 15:44:35 IDT 2026, 131 W
Fri Apr  3 15:44:35 IDT 2026, 125 W
Fri Apr  3 15:44:35 IDT 2026, 128 W
Fri Apr  3 15:44:35 IDT 2026, 117 W
Fri Apr  3 15:44:35 IDT 2026, 133 W
Fri Apr  3 15:44:36 IDT 2026, 270 W
Fri Apr  3 15:44:36 IDT 2026, 234 W
Fri Apr  3 15:44:36 IDT 2026, 256 W
Fri Apr  3 15:44:36 IDT 2026, 276 W
Fri Apr  3 15:44:36 IDT 2026, 257 W
Fri Apr  3 15:44:36 IDT 2026, 266 W
Fri Apr  3 15:44:36 IDT 2026, 264 W
Fri Apr  3 15:44:36 IDT 2026, 257 W
Fri Apr  3 15:44:37 IDT 2026, 290 W
Fri Apr  3 15:44:37 IDT 2026, 249 W
Fri Apr  3 15:44:37 IDT 2026, 274 W
Fri Apr  3 15:44:37 IDT 2026, 286 W
Fri Apr  3 15:44:37 IDT 2026, 276 W
Fri Apr  3 15:44:37 IDT 2026, 279 W
Fri Apr  3 15:44:37 IDT 2026, 271 W
Fri Apr  3 15:44:37 IDT 2026, 281 W
Fri Apr  3 15:44:38 IDT 2026, 284 W
Fri Apr  3 15:44:38 IDT 2026, 255 W
Fri Apr  3 15:44:38 IDT 2026, 279 W
Fri Apr  3 15:44:38 IDT 2026, 283 W
Fri Apr  3 15:44:38 IDT 2026, 278 W
Fri Apr  3 15:44:38 IDT 2026, 279 W
Fri Apr  3 15:44:38 IDT 2026, 272 W
Fri Apr  3 15:44:38 IDT 2026, 282 W
Fri Apr  3 15:44:39 IDT 2026, 288 W
Fri Apr  3 15:44:39 IDT 2026, 258 W
Fri Apr  3 15:44:39 IDT 2026, 281 W
Fri Apr  3 15:44:39 IDT 2026, 288 W
Fri Apr  3 15:44:39 IDT 2026, 276 W
Fri Apr  3 15:44:39 IDT 2026, 280 W
Fri Apr  3 15:44:39 IDT 2026, 270 W
Fri Apr  3 15:44:39 IDT 2026, 276 W
Fri Apr  3 15:44:40 IDT 2026, 285 W
Fri Apr  3 15:44:40 IDT 2026, 253 W
Fri Apr  3 15:44:40 IDT 2026, 279 W
Fri Apr  3 15:44:40 IDT 2026, 290 W
Fri Apr  3 15:44:40 IDT 2026, 279 W
Fri Apr  3 15:44:40 IDT 2026, 286 W
Fri Apr  3 15:44:40 IDT 2026, 271 W
Fri Apr  3 15:44:40 IDT 2026, 272 W
Fri Apr  3 15:44:41 IDT 2026, 285 W
Fri Apr  3 15:44:41 IDT 2026, 253 W
Fri Apr  3 15:44:41 IDT 2026, 268 W
Fri Apr  3 15:44:41 IDT 2026, 287 W
Fri Apr  3 15:44:41 IDT 2026, 278 W
Fri Apr  3 15:44:41 IDT 2026, 280 W
Fri Apr  3 15:44:41 IDT 2026, 273 W
Fri Apr  3 15:44:41 IDT 2026, 280 W
Fri Apr  3 15:44:42 IDT 2026, 283 W
Fri Apr  3 15:44:42 IDT 2026, 260 W
Fri Apr  3 15:44:42 IDT 2026, 285 W
Fri Apr  3 15:44:42 IDT 2026, 288 W
Fri Apr  3 15:44:42 IDT 2026, 285 W
Fri Apr  3 15:44:42 IDT 2026, 280 W
Fri Apr  3 15:44:42 IDT 2026, 273 W
Fri Apr  3 15:44:42 IDT 2026, 281 W
Fri Apr  3 15:44:43 IDT 2026, 277 W
Fri Apr  3 15:44:43 IDT 2026, 253 W
Fri Apr  3 15:44:43 IDT 2026, 269 W
Fri Apr  3 15:44:43 IDT 2026, 290 W
Fri Apr  3 15:44:43 IDT 2026, 276 W
Fri Apr  3 15:44:43 IDT 2026, 276 W
Fri Apr  3 15:44:43 IDT 2026, 273 W
Fri Apr  3 15:44:43 IDT 2026, 281 W
Fri Apr  3 15:44:44 IDT 2026, 273 W
Fri Apr  3 15:44:44 IDT 2026, 241 W
Fri Apr  3 15:44:44 IDT 2026, 261 W
Fri Apr  3 15:44:44 IDT 2026, 270 W
Fri Apr  3 15:44:44 IDT 2026, 267 W
Fri Apr  3 15:44:44 IDT 2026, 268 W
Fri Apr  3 15:44:44 IDT 2026, 265 W
Fri Apr  3 15:44:44 IDT 2026, 269 W
Fri Apr  3 15:44:45 IDT 2026, 274 W
Fri Apr  3 15:44:45 IDT 2026, 241 W
Fri Apr  3 15:44:45 IDT 2026, 260 W
Fri Apr  3 15:44:45 IDT 2026, 268 W
Fri Apr  3 15:44:45 IDT 2026, 269 W
Fri Apr  3 15:44:45 IDT 2026, 269 W
Fri Apr  3 15:44:45 IDT 2026, 262 W
Fri Apr  3 15:44:45 IDT 2026, 272 W
Fri Apr  3 15:44:46 IDT 2026, 278 W
Fri Apr  3 15:44:46 IDT 2026, 245 W
Fri Apr  3 15:44:46 IDT 2026, 262 W
Fri Apr  3 15:44:46 IDT 2026, 282 W
Fri Apr  3 15:44:46 IDT 2026, 261 W
Fri Apr  3 15:44:46 IDT 2026, 261 W
Fri Apr  3 15:44:46 IDT 2026, 268 W
Fri Apr  3 15:44:46 IDT 2026, 265 W
Fri Apr  3 15:44:47 IDT 2026, 265 W
Fri Apr  3 15:44:47 IDT 2026, 243 W
Fri Apr  3 15:44:47 IDT 2026, 263 W
Fri Apr  3 15:44:47 IDT 2026, 279 W
Fri Apr  3 15:44:47 IDT 2026, 270 W
Fri Apr  3 15:44:47 IDT 2026, 267 W
Fri Apr  3 15:44:47 IDT 2026, 261 W
Fri Apr  3 15:44:47 IDT 2026, 270 W
Fri Apr  3 15:44:48 IDT 2026, 262 W
Fri Apr  3 15:44:48 IDT 2026, 231 W
Fri Apr  3 15:44:48 IDT 2026, 255 W
Fri Apr  3 15:44:48 IDT 2026, 273 W
Fri Apr  3 15:44:48 IDT 2026, 256 W
Fri Apr  3 15:44:48 IDT 2026, 259 W
Fri Apr  3 15:44:48 IDT 2026, 252 W
Fri Apr  3 15:44:48 IDT 2026, 265 W
Fri Apr  3 15:44:49 IDT 2026, 263 W
Fri Apr  3 15:44:49 IDT 2026, 234 W
Fri Apr  3 15:44:49 IDT 2026, 262 W
Fri Apr  3 15:44:49 IDT 2026, 268 W
Fri Apr  3 15:44:49 IDT 2026, 267 W
Fri Apr  3 15:44:49 IDT 2026, 263 W
Fri Apr  3 15:44:49 IDT 2026, 258 W
Fri Apr  3 15:44:49 IDT 2026, 268 W
Fri Apr  3 15:44:50 IDT 2026, 273 W
Fri Apr  3 15:44:50 IDT 2026, 240 W
Fri Apr  3 15:44:50 IDT 2026, 261 W
Fri Apr  3 15:44:50 IDT 2026, 275 W
Fri Apr  3 15:44:50 IDT 2026, 263 W
Fri Apr  3 15:44:50 IDT 2026, 260 W
Fri Apr  3 15:44:50 IDT 2026, 260 W
Fri Apr  3 15:44:50 IDT 2026, 265 W
Fri Apr  3 15:44:51 IDT 2026, 218 W
Fri Apr  3 15:44:51 IDT 2026, 192 W
Fri Apr  3 15:44:51 IDT 2026, 219 W
Fri Apr  3 15:44:51 IDT 2026, 229 W
Fri Apr  3 15:44:51 IDT 2026, 216 W
Fri Apr  3 15:44:51 IDT 2026, 222 W
Fri Apr  3 15:44:51 IDT 2026, 219 W
Fri Apr  3 15:44:51 IDT 2026, 223 W
Fri Apr  3 15:44:52 IDT 2026, 252 W
Fri Apr  3 15:44:52 IDT 2026, 222 W
Fri Apr  3 15:44:52 IDT 2026, 235 W
Fri Apr  3 15:44:52 IDT 2026, 255 W
Fri Apr  3 15:44:52 IDT 2026, 239 W
Fri Apr  3 15:44:52 IDT 2026, 246 W
Fri Apr  3 15:44:52 IDT 2026, 233 W
Fri Apr  3 15:44:52 IDT 2026, 244 W
Fri Apr  3 15:44:53 IDT 2026, 248 W
Fri Apr  3 15:44:53 IDT 2026, 222 W
Fri Apr  3 15:44:53 IDT 2026, 231 W
Fri Apr  3 15:44:53 IDT 2026, 251 W
Fri Apr  3 15:44:53 IDT 2026, 239 W
Fri Apr  3 15:44:53 IDT 2026, 238 W
Fri Apr  3 15:44:53 IDT 2026, 239 W
Fri Apr  3 15:44:53 IDT 2026, 247 W
Fri Apr  3 15:44:54 IDT 2026, 227 W
Fri Apr  3 15:44:54 IDT 2026, 192 W
Fri Apr  3 15:44:54 IDT 2026, 204 W
Fri Apr  3 15:44:54 IDT 2026, 231 W
Fri Apr  3 15:44:54 IDT 2026, 215 W
Fri Apr  3 15:44:54 IDT 2026, 219 W
Fri Apr  3 15:44:54 IDT 2026, 213 W
Fri Apr  3 15:44:54 IDT 2026, 216 W
Fri Apr  3 15:44:55 IDT 2026, 241 W
Fri Apr  3 15:44:55 IDT 2026, 218 W
Fri Apr  3 15:44:55 IDT 2026, 235 W
Fri Apr  3 15:44:55 IDT 2026, 244 W
Fri Apr  3 15:44:55 IDT 2026, 247 W
Fri Apr  3 15:44:55 IDT 2026, 228 W
Fri Apr  3 15:44:55 IDT 2026, 225 W
Fri Apr  3 15:44:55 IDT 2026, 249 W
Fri Apr  3 15:44:56 IDT 2026, 229 W
Fri Apr  3 15:44:56 IDT 2026, 204 W
Fri Apr  3 15:44:56 IDT 2026, 217 W
Fri Apr  3 15:44:56 IDT 2026, 231 W
Fri Apr  3 15:44:56 IDT 2026, 231 W
Fri Apr  3 15:44:56 IDT 2026, 222 W
Fri Apr  3 15:44:56 IDT 2026, 227 W
Fri Apr  3 15:44:56 IDT 2026, 230 W
Fri Apr  3 15:44:57 IDT 2026, 250 W
Fri Apr  3 15:44:57 IDT 2026, 215 W
Fri Apr  3 15:44:57 IDT 2026, 232 W
Fri Apr  3 15:44:57 IDT 2026, 248 W
Fri Apr  3 15:44:57 IDT 2026, 244 W
Fri Apr  3 15:44:57 IDT 2026, 239 W
Fri Apr  3 15:44:57 IDT 2026, 235 W
Fri Apr  3 15:44:57 IDT 2026, 253 W
Fri Apr  3 15:44:58 IDT 2026, 254 W
Fri Apr  3 15:44:58 IDT 2026, 226 W
Fri Apr  3 15:44:58 IDT 2026, 249 W
Fri Apr  3 15:44:58 IDT 2026, 257 W
Fri Apr  3 15:44:58 IDT 2026, 245 W
Fri Apr  3 15:44:58 IDT 2026, 251 W
Fri Apr  3 15:44:58 IDT 2026, 242 W
Fri Apr  3 15:44:58 IDT 2026, 252 W
Fri Apr  3 15:44:59 IDT 2026, 130 W
Fri Apr  3 15:44:59 IDT 2026, 99 W
Fri Apr  3 15:44:59 IDT 2026, 116 W
Fri Apr  3 15:44:59 IDT 2026, 134 W
Fri Apr  3 15:44:59 IDT 2026, 124 W
Fri Apr  3 15:44:59 IDT 2026, 126 W
Fri Apr  3 15:44:59 IDT 2026, 112 W
Fri Apr  3 15:44:59 IDT 2026, 129 W
Fri Apr  3 15:45:00 IDT 2026, 283 W
Fri Apr  3 15:45:00 IDT 2026, 259 W
Fri Apr  3 15:45:00 IDT 2026, 281 W
Fri Apr  3 15:45:00 IDT 2026, 284 W
Fri Apr  3 15:45:00 IDT 2026, 282 W
Fri Apr  3 15:45:00 IDT 2026, 278 W
Fri Apr  3 15:45:00 IDT 2026, 275 W
Fri Apr  3 15:45:00 IDT 2026, 282 W
Fri Apr  3 15:45:01 IDT 2026, 285 W
Fri Apr  3 15:45:01 IDT 2026, 254 W
Fri Apr  3 15:45:01 IDT 2026, 276 W
Fri Apr  3 15:45:01 IDT 2026, 290 W
Fri Apr  3 15:45:01 IDT 2026, 278 W
Fri Apr  3 15:45:01 IDT 2026, 279 W
Fri Apr  3 15:45:01 IDT 2026, 279 W
Fri Apr  3 15:45:01 IDT 2026, 281 W
Fri Apr  3 15:45:02 IDT 2026, 292 W
Fri Apr  3 15:45:02 IDT 2026, 260 W
Fri Apr  3 15:45:02 IDT 2026, 285 W
Fri Apr  3 15:45:02 IDT 2026, 285 W
Fri Apr  3 15:45:02 IDT 2026, 279 W
Fri Apr  3 15:45:02 IDT 2026, 284 W
Fri Apr  3 15:45:02 IDT 2026, 273 W
Fri Apr  3 15:45:02 IDT 2026, 281 W
Fri Apr  3 15:45:03 IDT 2026, 289 W
Fri Apr  3 15:45:03 IDT 2026, 255 W
Fri Apr  3 15:45:03 IDT 2026, 271 W
Fri Apr  3 15:45:03 IDT 2026, 298 W
Fri Apr  3 15:45:03 IDT 2026, 274 W
Fri Apr  3 15:45:03 IDT 2026, 277 W
Fri Apr  3 15:45:03 IDT 2026, 276 W
Fri Apr  3 15:45:03 IDT 2026, 282 W
Fri Apr  3 15:45:04 IDT 2026, 295 W
Fri Apr  3 15:45:04 IDT 2026, 252 W
Fri Apr  3 15:45:04 IDT 2026, 272 W
Fri Apr  3 15:45:04 IDT 2026, 283 W
Fri Apr  3 15:45:04 IDT 2026, 276 W
Fri Apr  3 15:45:04 IDT 2026, 285 W
Fri Apr  3 15:45:04 IDT 2026, 278 W
Fri Apr  3 15:45:04 IDT 2026, 284 W
Fri Apr  3 15:45:05 IDT 2026, 280 W
Fri Apr  3 15:45:05 IDT 2026, 260 W
Fri Apr  3 15:45:05 IDT 2026, 273 W
Fri Apr  3 15:45:05 IDT 2026, 288 W
Fri Apr  3 15:45:05 IDT 2026, 281 W
Fri Apr  3 15:45:05 IDT 2026, 280 W
Fri Apr  3 15:45:05 IDT 2026, 285 W
Fri Apr  3 15:45:05 IDT 2026, 284 W
Fri Apr  3 15:45:06 IDT 2026, 282 W
Fri Apr  3 15:45:06 IDT 2026, 250 W
Fri Apr  3 15:45:06 IDT 2026, 276 W
Fri Apr  3 15:45:06 IDT 2026, 291 W
Fri Apr  3 15:45:06 IDT 2026, 274 W
Fri Apr  3 15:45:06 IDT 2026, 281 W
Fri Apr  3 15:45:06 IDT 2026, 267 W
Fri Apr  3 15:45:06 IDT 2026, 275 W
Fri Apr  3 15:45:07 IDT 2026, 282 W
Fri Apr  3 15:45:07 IDT 2026, 251 W
Fri Apr  3 15:45:07 IDT 2026, 281 W
Fri Apr  3 15:45:07 IDT 2026, 288 W
Fri Apr  3 15:45:07 IDT 2026, 279 W
Fri Apr  3 15:45:07 IDT 2026, 278 W
Fri Apr  3 15:45:07 IDT 2026, 271 W
Fri Apr  3 15:45:07 IDT 2026, 279 W
Fri Apr  3 15:45:08 IDT 2026, 283 W
Fri Apr  3 15:45:08 IDT 2026, 257 W
Fri Apr  3 15:45:08 IDT 2026, 281 W
Fri Apr  3 15:45:08 IDT 2026, 284 W
Fri Apr  3 15:45:08 IDT 2026, 277 W
Fri Apr  3 15:45:08 IDT 2026, 271 W
Fri Apr  3 15:45:08 IDT 2026, 271 W
Fri Apr  3 15:45:08 IDT 2026, 287 W
Fri Apr  3 15:45:09 IDT 2026, 274 W
Fri Apr  3 15:45:09 IDT 2026, 246 W
Fri Apr  3 15:45:09 IDT 2026, 267 W
Fri Apr  3 15:45:09 IDT 2026, 277 W
Fri Apr  3 15:45:09 IDT 2026, 264 W
Fri Apr  3 15:45:09 IDT 2026, 267 W
Fri Apr  3 15:45:09 IDT 2026, 264 W
Fri Apr  3 15:45:09 IDT 2026, 266 W
Fri Apr  3 15:45:10 IDT 2026, 283 W
Fri Apr  3 15:45:10 IDT 2026, 259 W
Fri Apr  3 15:45:10 IDT 2026, 268 W
Fri Apr  3 15:45:10 IDT 2026, 288 W
Fri Apr  3 15:45:10 IDT 2026, 279 W
Fri Apr  3 15:45:10 IDT 2026, 278 W
Fri Apr  3 15:45:10 IDT 2026, 272 W
Fri Apr  3 15:45:10 IDT 2026, 281 W
Fri Apr  3 15:45:11 IDT 2026, 283 W
Fri Apr  3 15:45:11 IDT 2026, 256 W
Fri Apr  3 15:45:11 IDT 2026, 275 W
Fri Apr  3 15:45:11 IDT 2026, 283 W
Fri Apr  3 15:45:11 IDT 2026, 275 W
Fri Apr  3 15:45:11 IDT 2026, 283 W
Fri Apr  3 15:45:11 IDT 2026, 276 W
Fri Apr  3 15:45:11 IDT 2026, 280 W
Fri Apr  3 15:45:12 IDT 2026, 281 W
Fri Apr  3 15:45:12 IDT 2026, 258 W
Fri Apr  3 15:45:12 IDT 2026, 279 W
Fri Apr  3 15:45:12 IDT 2026, 289 W
Fri Apr  3 15:45:12 IDT 2026, 275 W
Fri Apr  3 15:45:12 IDT 2026, 274 W
Fri Apr  3 15:45:12 IDT 2026, 272 W
Fri Apr  3 15:45:12 IDT 2026, 274 W
Fri Apr  3 15:45:13 IDT 2026, 288 W
Fri Apr  3 15:45:13 IDT 2026, 255 W
Fri Apr  3 15:45:13 IDT 2026, 268 W
Fri Apr  3 15:45:13 IDT 2026, 286 W
Fri Apr  3 15:45:13 IDT 2026, 284 W
Fri Apr  3 15:45:13 IDT 2026, 278 W
Fri Apr  3 15:45:13 IDT 2026, 275 W
Fri Apr  3 15:45:13 IDT 2026, 277 W
Fri Apr  3 15:45:14 IDT 2026, 273 W
Fri Apr  3 15:45:14 IDT 2026, 235 W
Fri Apr  3 15:45:14 IDT 2026, 265 W
Fri Apr  3 15:45:14 IDT 2026, 270 W
Fri Apr  3 15:45:14 IDT 2026, 262 W
Fri Apr  3 15:45:14 IDT 2026, 269 W
Fri Apr  3 15:45:14 IDT 2026, 261 W
Fri Apr  3 15:45:14 IDT 2026, 275 W
Fri Apr  3 15:45:15 IDT 2026, 265 W
Fri Apr  3 15:45:15 IDT 2026, 239 W
Fri Apr  3 15:45:15 IDT 2026, 259 W
Fri Apr  3 15:45:15 IDT 2026, 280 W
Fri Apr  3 15:45:15 IDT 2026, 262 W
Fri Apr  3 15:45:15 IDT 2026, 268 W
Fri Apr  3 15:45:15 IDT 2026, 262 W
Fri Apr  3 15:45:15 IDT 2026, 266 W
Fri Apr  3 15:45:16 IDT 2026, 232 W
Fri Apr  3 15:45:16 IDT 2026, 208 W
Fri Apr  3 15:45:16 IDT 2026, 232 W
Fri Apr  3 15:45:16 IDT 2026, 237 W
Fri Apr  3 15:45:16 IDT 2026, 228 W
Fri Apr  3 15:45:16 IDT 2026, 238 W
Fri Apr  3 15:45:16 IDT 2026, 227 W
Fri Apr  3 15:45:16 IDT 2026, 235 W
Fri Apr  3 15:45:17 IDT 2026, 248 W
Fri Apr  3 15:45:17 IDT 2026, 213 W
Fri Apr  3 15:45:17 IDT 2026, 242 W
Fri Apr  3 15:45:17 IDT 2026, 248 W
Fri Apr  3 15:45:17 IDT 2026, 240 W
Fri Apr  3 15:45:17 IDT 2026, 247 W
Fri Apr  3 15:45:17 IDT 2026, 232 W
Fri Apr  3 15:45:17 IDT 2026, 243 W
Fri Apr  3 15:45:18 IDT 2026, 181 W
Fri Apr  3 15:45:18 IDT 2026, 151 W
Fri Apr  3 15:45:18 IDT 2026, 164 W
Fri Apr  3 15:45:18 IDT 2026, 185 W
Fri Apr  3 15:45:18 IDT 2026, 178 W
Fri Apr  3 15:45:18 IDT 2026, 175 W
Fri Apr  3 15:45:18 IDT 2026, 158 W
Fri Apr  3 15:45:18 IDT 2026, 186 W
Fri Apr  3 15:45:19 IDT 2026, 188 W
Fri Apr  3 15:45:19 IDT 2026, 162 W
Fri Apr  3 15:45:19 IDT 2026, 183 W
Fri Apr  3 15:45:19 IDT 2026, 196 W
Fri Apr  3 15:45:19 IDT 2026, 187 W
Fri Apr  3 15:45:19 IDT 2026, 186 W
Fri Apr  3 15:45:19 IDT 2026, 170 W
Fri Apr  3 15:45:19 IDT 2026, 183 W
Fri Apr  3 15:45:20 IDT 2026, 174 W
Fri Apr  3 15:45:20 IDT 2026, 138 W
Fri Apr  3 15:45:20 IDT 2026, 158 W
Fri Apr  3 15:45:20 IDT 2026, 172 W
Fri Apr  3 15:45:20 IDT 2026, 152 W
Fri Apr  3 15:45:20 IDT 2026, 165 W
Fri Apr  3 15:45:20 IDT 2026, 160 W
Fri Apr  3 15:45:20 IDT 2026, 165 W
Fri Apr  3 15:45:21 IDT 2026, 189 W
Fri Apr  3 15:45:21 IDT 2026, 159 W
Fri Apr  3 15:45:21 IDT 2026, 175 W
Fri Apr  3 15:45:21 IDT 2026, 194 W
Fri Apr  3 15:45:21 IDT 2026, 187 W
Fri Apr  3 15:45:21 IDT 2026, 188 W
Fri Apr  3 15:45:21 IDT 2026, 169 W
Fri Apr  3 15:45:21 IDT 2026, 193 W
Fri Apr  3 15:45:22 IDT 2026, 192 W
Fri Apr  3 15:45:22 IDT 2026, 159 W
Fri Apr  3 15:45:22 IDT 2026, 175 W
Fri Apr  3 15:45:22 IDT 2026, 189 W
Fri Apr  3 15:45:22 IDT 2026, 183 W
Fri Apr  3 15:45:22 IDT 2026, 191 W
Fri Apr  3 15:45:22 IDT 2026, 174 W
Fri Apr  3 15:45:22 IDT 2026, 185 W
Fri Apr  3 15:45:23 IDT 2026, 128 W
Fri Apr  3 15:45:23 IDT 2026, 103 W
Fri Apr  3 15:45:23 IDT 2026, 121 W
Fri Apr  3 15:45:23 IDT 2026, 133 W
Fri Apr  3 15:45:23 IDT 2026, 118 W
Fri Apr  3 15:45:23 IDT 2026, 122 W
Fri Apr  3 15:45:23 IDT 2026, 112 W
Fri Apr  3 15:45:23 IDT 2026, 125 W
Fri Apr  3 15:45:24 IDT 2026, 293 W
Fri Apr  3 15:45:24 IDT 2026, 258 W
Fri Apr  3 15:45:24 IDT 2026, 282 W
Fri Apr  3 15:45:24 IDT 2026, 295 W
Fri Apr  3 15:45:24 IDT 2026, 283 W
Fri Apr  3 15:45:24 IDT 2026, 274 W
Fri Apr  3 15:45:24 IDT 2026, 274 W
Fri Apr  3 15:45:24 IDT 2026, 292 W
Fri Apr  3 15:45:25 IDT 2026, 277 W
Fri Apr  3 15:45:25 IDT 2026, 252 W
Fri Apr  3 15:45:25 IDT 2026, 277 W
Fri Apr  3 15:45:25 IDT 2026, 292 W
Fri Apr  3 15:45:25 IDT 2026, 274 W
Fri Apr  3 15:45:25 IDT 2026, 275 W
Fri Apr  3 15:45:25 IDT 2026, 281 W
Fri Apr  3 15:45:25 IDT 2026, 283 W
Fri Apr  3 15:45:26 IDT 2026, 283 W
Fri Apr  3 15:45:26 IDT 2026, 255 W
Fri Apr  3 15:45:26 IDT 2026, 276 W
Fri Apr  3 15:45:26 IDT 2026, 286 W
Fri Apr  3 15:45:26 IDT 2026, 277 W
Fri Apr  3 15:45:26 IDT 2026, 272 W
Fri Apr  3 15:45:26 IDT 2026, 272 W
Fri Apr  3 15:45:26 IDT 2026, 276 W
Fri Apr  3 15:45:27 IDT 2026, 285 W
Fri Apr  3 15:45:27 IDT 2026, 260 W
Fri Apr  3 15:45:27 IDT 2026, 272 W
Fri Apr  3 15:45:27 IDT 2026, 285 W
Fri Apr  3 15:45:27 IDT 2026, 277 W
Fri Apr  3 15:45:27 IDT 2026, 284 W
Fri Apr  3 15:45:27 IDT 2026, 271 W
Fri Apr  3 15:45:27 IDT 2026, 284 W
Fri Apr  3 15:45:28 IDT 2026, 278 W
Fri Apr  3 15:45:28 IDT 2026, 256 W
Fri Apr  3 15:45:28 IDT 2026, 277 W
Fri Apr  3 15:45:28 IDT 2026, 289 W
Fri Apr  3 15:45:28 IDT 2026, 275 W
Fri Apr  3 15:45:28 IDT 2026, 280 W
Fri Apr  3 15:45:28 IDT 2026, 271 W
Fri Apr  3 15:45:28 IDT 2026, 288 W
Fri Apr  3 15:45:29 IDT 2026, 286 W
Fri Apr  3 15:45:29 IDT 2026, 255 W
Fri Apr  3 15:45:29 IDT 2026, 271 W
Fri Apr  3 15:45:29 IDT 2026, 281 W
Fri Apr  3 15:45:29 IDT 2026, 277 W
Fri Apr  3 15:45:29 IDT 2026, 272 W
Fri Apr  3 15:45:29 IDT 2026, 277 W
Fri Apr  3 15:45:29 IDT 2026, 286 W
Fri Apr  3 15:45:30 IDT 2026, 285 W
Fri Apr  3 15:45:30 IDT 2026, 259 W
Fri Apr  3 15:45:30 IDT 2026, 278 W
Fri Apr  3 15:45:30 IDT 2026, 286 W
Fri Apr  3 15:45:30 IDT 2026, 280 W
Fri Apr  3 15:45:30 IDT 2026, 278 W
Fri Apr  3 15:45:30 IDT 2026, 270 W
Fri Apr  3 15:45:30 IDT 2026, 282 W
Fri Apr  3 15:45:31 IDT 2026, 274 W
Fri Apr  3 15:45:31 IDT 2026, 233 W
Fri Apr  3 15:45:31 IDT 2026, 259 W
Fri Apr  3 15:45:31 IDT 2026, 268 W
Fri Apr  3 15:45:31 IDT 2026, 263 W
Fri Apr  3 15:45:31 IDT 2026, 259 W
Fri Apr  3 15:45:31 IDT 2026, 250 W
Fri Apr  3 15:45:31 IDT 2026, 260 W
Fri Apr  3 15:45:32 IDT 2026, 280 W
Fri Apr  3 15:45:32 IDT 2026, 257 W
Fri Apr  3 15:45:32 IDT 2026, 281 W
Fri Apr  3 15:45:32 IDT 2026, 287 W
Fri Apr  3 15:45:32 IDT 2026, 274 W
Fri Apr  3 15:45:32 IDT 2026, 275 W
Fri Apr  3 15:45:32 IDT 2026, 268 W
Fri Apr  3 15:45:32 IDT 2026, 284 W
Fri Apr  3 15:45:33 IDT 2026, 270 W
Fri Apr  3 15:45:33 IDT 2026, 241 W
Fri Apr  3 15:45:33 IDT 2026, 263 W
Fri Apr  3 15:45:33 IDT 2026, 270 W
Fri Apr  3 15:45:33 IDT 2026, 262 W
Fri Apr  3 15:45:33 IDT 2026, 270 W
Fri Apr  3 15:45:33 IDT 2026, 264 W
Fri Apr  3 15:45:33 IDT 2026, 268 W
Fri Apr  3 15:45:34 IDT 2026, 264 W
Fri Apr  3 15:45:34 IDT 2026, 245 W
Fri Apr  3 15:45:34 IDT 2026, 260 W
Fri Apr  3 15:45:34 IDT 2026, 279 W
Fri Apr  3 15:45:34 IDT 2026, 261 W
Fri Apr  3 15:45:34 IDT 2026, 267 W
Fri Apr  3 15:45:34 IDT 2026, 262 W
Fri Apr  3 15:45:34 IDT 2026, 266 W
Fri Apr  3 15:45:35 IDT 2026, 272 W
Fri Apr  3 15:45:35 IDT 2026, 243 W
Fri Apr  3 15:45:35 IDT 2026, 260 W
Fri Apr  3 15:45:35 IDT 2026, 274 W
Fri Apr  3 15:45:35 IDT 2026, 261 W
Fri Apr  3 15:45:35 IDT 2026, 263 W
Fri Apr  3 15:45:35 IDT 2026, 263 W
Fri Apr  3 15:45:35 IDT 2026, 264 W
Fri Apr  3 15:45:36 IDT 2026, 240 W
Fri Apr  3 15:45:36 IDT 2026, 204 W
Fri Apr  3 15:45:36 IDT 2026, 233 W
Fri Apr  3 15:45:36 IDT 2026, 239 W
Fri Apr  3 15:45:36 IDT 2026, 229 W
Fri Apr  3 15:45:36 IDT 2026, 229 W
Fri Apr  3 15:45:36 IDT 2026, 231 W
Fri Apr  3 15:45:36 IDT 2026, 234 W
Fri Apr  3 15:45:37 IDT 2026, 253 W
Fri Apr  3 15:45:37 IDT 2026, 216 W
Fri Apr  3 15:45:37 IDT 2026, 233 W
Fri Apr  3 15:45:37 IDT 2026, 253 W
Fri Apr  3 15:45:37 IDT 2026, 238 W
Fri Apr  3 15:45:37 IDT 2026, 243 W
Fri Apr  3 15:45:37 IDT 2026, 236 W
Fri Apr  3 15:45:37 IDT 2026, 242 W
Fri Apr  3 15:45:38 IDT 2026, 245 W
Fri Apr  3 15:45:38 IDT 2026, 220 W
Fri Apr  3 15:45:38 IDT 2026, 235 W
Fri Apr  3 15:45:38 IDT 2026, 251 W
Fri Apr  3 15:45:38 IDT 2026, 242 W
Fri Apr  3 15:45:38 IDT 2026, 240 W
Fri Apr  3 15:45:38 IDT 2026, 240 W
Fri Apr  3 15:45:38 IDT 2026, 243 W
Fri Apr  3 15:45:39 IDT 2026, 244 W
Fri Apr  3 15:45:39 IDT 2026, 219 W
Fri Apr  3 15:45:39 IDT 2026, 243 W
Fri Apr  3 15:45:39 IDT 2026, 254 W
Fri Apr  3 15:45:39 IDT 2026, 243 W
Fri Apr  3 15:45:39 IDT 2026, 240 W
Fri Apr  3 15:45:39 IDT 2026, 242 W
Fri Apr  3 15:45:39 IDT 2026, 251 W
Fri Apr  3 15:45:40 IDT 2026, 243 W
Fri Apr  3 15:45:40 IDT 2026, 216 W
Fri Apr  3 15:45:40 IDT 2026, 237 W
Fri Apr  3 15:45:40 IDT 2026, 255 W
Fri Apr  3 15:45:40 IDT 2026, 233 W
Fri Apr  3 15:45:40 IDT 2026, 243 W
Fri Apr  3 15:45:40 IDT 2026, 235 W
Fri Apr  3 15:45:40 IDT 2026, 246 W
Fri Apr  3 15:45:41 IDT 2026, 258 W
Fri Apr  3 15:45:41 IDT 2026, 226 W
Fri Apr  3 15:45:41 IDT 2026, 248 W
Fri Apr  3 15:45:41 IDT 2026, 252 W
Fri Apr  3 15:45:41 IDT 2026, 246 W
Fri Apr  3 15:45:41 IDT 2026, 246 W
Fri Apr  3 15:45:41 IDT 2026, 241 W
Fri Apr  3 15:45:41 IDT 2026, 255 W
Fri Apr  3 15:45:42 IDT 2026, 215 W
Fri Apr  3 15:45:42 IDT 2026, 189 W
Fri Apr  3 15:45:42 IDT 2026, 207 W
Fri Apr  3 15:45:42 IDT 2026, 214 W
Fri Apr  3 15:45:42 IDT 2026, 204 W
Fri Apr  3 15:45:42 IDT 2026, 201 W
Fri Apr  3 15:45:42 IDT 2026, 194 W
Fri Apr  3 15:45:42 IDT 2026, 204 W
Fri Apr  3 15:45:43 IDT 2026, 136 W
Fri Apr  3 15:45:43 IDT 2026, 103 W
Fri Apr  3 15:45:43 IDT 2026, 121 W
Fri Apr  3 15:45:43 IDT 2026, 133 W
Fri Apr  3 15:45:43 IDT 2026, 124 W
Fri Apr  3 15:45:43 IDT 2026, 123 W
Fri Apr  3 15:45:43 IDT 2026, 120 W
Fri Apr  3 15:45:43 IDT 2026, 125 W
Fri Apr  3 15:45:44 IDT 2026, 290 W
Fri Apr  3 15:45:44 IDT 2026, 249 W
Fri Apr  3 15:45:44 IDT 2026, 275 W
Fri Apr  3 15:45:44 IDT 2026, 289 W
Fri Apr  3 15:45:44 IDT 2026, 277 W
Fri Apr  3 15:45:44 IDT 2026, 288 W
Fri Apr  3 15:45:44 IDT 2026, 281 W
Fri Apr  3 15:45:44 IDT 2026, 284 W
Fri Apr  3 15:45:45 IDT 2026, 288 W
Fri Apr  3 15:45:45 IDT 2026, 257 W
Fri Apr  3 15:45:45 IDT 2026, 270 W
Fri Apr  3 15:45:45 IDT 2026, 290 W
Fri Apr  3 15:45:45 IDT 2026, 274 W
Fri Apr  3 15:45:45 IDT 2026, 280 W
Fri Apr  3 15:45:45 IDT 2026, 273 W
Fri Apr  3 15:45:45 IDT 2026, 280 W
Fri Apr  3 15:45:46 IDT 2026, 282 W
Fri Apr  3 15:45:46 IDT 2026, 262 W
Fri Apr  3 15:45:46 IDT 2026, 276 W
Fri Apr  3 15:45:46 IDT 2026, 291 W
Fri Apr  3 15:45:46 IDT 2026, 275 W
Fri Apr  3 15:45:46 IDT 2026, 270 W
Fri Apr  3 15:45:46 IDT 2026, 269 W
Fri Apr  3 15:45:46 IDT 2026, 281 W
Fri Apr  3 15:45:47 IDT 2026, 290 W
Fri Apr  3 15:45:47 IDT 2026, 257 W
Fri Apr  3 15:45:47 IDT 2026, 275 W
Fri Apr  3 15:45:47 IDT 2026, 289 W
Fri Apr  3 15:45:47 IDT 2026, 279 W
Fri Apr  3 15:45:47 IDT 2026, 280 W
Fri Apr  3 15:45:47 IDT 2026, 273 W
Fri Apr  3 15:45:47 IDT 2026, 282 W
Fri Apr  3 15:45:48 IDT 2026, 283 W
Fri Apr  3 15:45:48 IDT 2026, 258 W
Fri Apr  3 15:45:48 IDT 2026, 278 W
Fri Apr  3 15:45:48 IDT 2026, 296 W
Fri Apr  3 15:45:48 IDT 2026, 279 W
Fri Apr  3 15:45:48 IDT 2026, 280 W
Fri Apr  3 15:45:48 IDT 2026, 279 W
Fri Apr  3 15:45:48 IDT 2026, 288 W
Fri Apr  3 15:45:49 IDT 2026, 279 W
Fri Apr  3 15:45:49 IDT 2026, 261 W
Fri Apr  3 15:45:49 IDT 2026, 283 W
Fri Apr  3 15:45:49 IDT 2026, 287 W
Fri Apr  3 15:45:49 IDT 2026, 284 W
Fri Apr  3 15:45:49 IDT 2026, 287 W
Fri Apr  3 15:45:49 IDT 2026, 278 W
Fri Apr  3 15:45:49 IDT 2026, 280 W
Fri Apr  3 15:45:50 IDT 2026, 287 W
Fri Apr  3 15:45:50 IDT 2026, 263 W
Fri Apr  3 15:45:50 IDT 2026, 284 W
Fri Apr  3 15:45:50 IDT 2026, 288 W
Fri Apr  3 15:45:50 IDT 2026, 278 W
Fri Apr  3 15:45:50 IDT 2026, 282 W
Fri Apr  3 15:45:50 IDT 2026, 274 W
Fri Apr  3 15:45:50 IDT 2026, 280 W
Fri Apr  3 15:45:51 IDT 2026, 291 W
Fri Apr  3 15:45:51 IDT 2026, 254 W
Fri Apr  3 15:45:51 IDT 2026, 277 W
Fri Apr  3 15:45:51 IDT 2026, 280 W
Fri Apr  3 15:45:51 IDT 2026, 278 W
Fri Apr  3 15:45:51 IDT 2026, 282 W
Fri Apr  3 15:45:51 IDT 2026, 266 W
Fri Apr  3 15:45:51 IDT 2026, 286 W
Fri Apr  3 15:45:52 IDT 2026, 267 W
Fri Apr  3 15:45:52 IDT 2026, 241 W
Fri Apr  3 15:45:52 IDT 2026, 268 W
Fri Apr  3 15:45:52 IDT 2026, 271 W
Fri Apr  3 15:45:52 IDT 2026, 262 W
Fri Apr  3 15:45:52 IDT 2026, 264 W
Fri Apr  3 15:45:52 IDT 2026, 269 W
Fri Apr  3 15:45:52 IDT 2026, 270 W
Fri Apr  3 15:45:53 IDT 2026, 233 W
Fri Apr  3 15:45:53 IDT 2026, 206 W
Fri Apr  3 15:45:53 IDT 2026, 227 W
Fri Apr  3 15:45:53 IDT 2026, 238 W
Fri Apr  3 15:45:53 IDT 2026, 226 W
Fri Apr  3 15:45:53 IDT 2026, 228 W
Fri Apr  3 15:45:53 IDT 2026, 231 W
Fri Apr  3 15:45:53 IDT 2026, 232 W
Fri Apr  3 15:45:54 IDT 2026, 262 W
Fri Apr  3 15:45:54 IDT 2026, 229 W
Fri Apr  3 15:45:54 IDT 2026, 251 W
Fri Apr  3 15:45:54 IDT 2026, 257 W
Fri Apr  3 15:45:54 IDT 2026, 249 W
Fri Apr  3 15:45:54 IDT 2026, 253 W
Fri Apr  3 15:45:54 IDT 2026, 250 W
Fri Apr  3 15:45:54 IDT 2026, 253 W
Fri Apr  3 15:45:55 IDT 2026, 261 W
Fri Apr  3 15:45:55 IDT 2026, 232 W
Fri Apr  3 15:45:55 IDT 2026, 257 W
Fri Apr  3 15:45:55 IDT 2026, 275 W
Fri Apr  3 15:45:55 IDT 2026, 254 W
Fri Apr  3 15:45:55 IDT 2026, 258 W
Fri Apr  3 15:45:55 IDT 2026, 251 W
Fri Apr  3 15:45:55 IDT 2026, 263 W
Fri Apr  3 15:45:56 IDT 2026, 273 W
Fri Apr  3 15:45:56 IDT 2026, 236 W
Fri Apr  3 15:45:56 IDT 2026, 261 W
Fri Apr  3 15:45:56 IDT 2026, 270 W
Fri Apr  3 15:45:56 IDT 2026, 265 W
Fri Apr  3 15:45:56 IDT 2026, 269 W
Fri Apr  3 15:45:56 IDT 2026, 263 W
Fri Apr  3 15:45:56 IDT 2026, 266 W
Fri Apr  3 15:45:57 IDT 2026, 245 W
Fri Apr  3 15:45:57 IDT 2026, 220 W
Fri Apr  3 15:45:57 IDT 2026, 232 W
Fri Apr  3 15:45:57 IDT 2026, 241 W
Fri Apr  3 15:45:57 IDT 2026, 236 W
Fri Apr  3 15:45:57 IDT 2026, 241 W
Fri Apr  3 15:45:57 IDT 2026, 233 W
Fri Apr  3 15:45:57 IDT 2026, 244 W
Fri Apr  3 15:45:58 IDT 2026, 239 W
Fri Apr  3 15:45:58 IDT 2026, 220 W
Fri Apr  3 15:45:58 IDT 2026, 226 W
Fri Apr  3 15:45:58 IDT 2026, 252 W
Fri Apr  3 15:45:58 IDT 2026, 214 W
Fri Apr  3 15:45:58 IDT 2026, 234 W
Fri Apr  3 15:45:58 IDT 2026, 222 W
Fri Apr  3 15:45:58 IDT 2026, 209 W
Fri Apr  3 15:45:59 IDT 2026, 236 W
Fri Apr  3 15:45:59 IDT 2026, 209 W
Fri Apr  3 15:45:59 IDT 2026, 228 W
Fri Apr  3 15:45:59 IDT 2026, 246 W
Fri Apr  3 15:45:59 IDT 2026, 232 W
Fri Apr  3 15:45:59 IDT 2026, 244 W
Fri Apr  3 15:45:59 IDT 2026, 228 W
Fri Apr  3 15:45:59 IDT 2026, 241 W
Fri Apr  3 15:46:00 IDT 2026, 240 W
Fri Apr  3 15:46:00 IDT 2026, 214 W
Fri Apr  3 15:46:00 IDT 2026, 244 W
Fri Apr  3 15:46:00 IDT 2026, 247 W
Fri Apr  3 15:46:00 IDT 2026, 237 W
Fri Apr  3 15:46:00 IDT 2026, 243 W
Fri Apr  3 15:46:00 IDT 2026, 230 W
Fri Apr  3 15:46:00 IDT 2026, 245 W
Fri Apr  3 15:46:01 IDT 2026, 248 W
Fri Apr  3 15:46:01 IDT 2026, 219 W
Fri Apr  3 15:46:01 IDT 2026, 238 W
Fri Apr  3 15:46:01 IDT 2026, 255 W
Fri Apr  3 15:46:01 IDT 2026, 245 W
Fri Apr  3 15:46:01 IDT 2026, 246 W
Fri Apr  3 15:46:01 IDT 2026, 237 W
Fri Apr  3 15:46:01 IDT 2026, 250 W
Fri Apr  3 15:46:02 IDT 2026, 241 W
Fri Apr  3 15:46:02 IDT 2026, 222 W
Fri Apr  3 15:46:02 IDT 2026, 240 W
Fri Apr  3 15:46:02 IDT 2026, 240 W
Fri Apr  3 15:46:02 IDT 2026, 234 W
Fri Apr  3 15:46:02 IDT 2026, 241 W
Fri Apr  3 15:46:02 IDT 2026, 223 W
Fri Apr  3 15:46:02 IDT 2026, 238 W
Fri Apr  3 15:46:03 IDT 2026, 241 W
Fri Apr  3 15:46:03 IDT 2026, 207 W
Fri Apr  3 15:46:03 IDT 2026, 234 W
Fri Apr  3 15:46:03 IDT 2026, 241 W
Fri Apr  3 15:46:03 IDT 2026, 228 W
Fri Apr  3 15:46:03 IDT 2026, 234 W
Fri Apr  3 15:46:03 IDT 2026, 230 W
Fri Apr  3 15:46:03 IDT 2026, 242 W
Fri Apr  3 15:46:04 IDT 2026, 246 W
Fri Apr  3 15:46:04 IDT 2026, 208 W
Fri Apr  3 15:46:04 IDT 2026, 228 W
Fri Apr  3 15:46:04 IDT 2026, 244 W
Fri Apr  3 15:46:04 IDT 2026, 227 W
Fri Apr  3 15:46:04 IDT 2026, 232 W
Fri Apr  3 15:46:04 IDT 2026, 233 W
Fri Apr  3 15:46:04 IDT 2026, 232 W
Fri Apr  3 15:46:05 IDT 2026, 235 W
Fri Apr  3 15:46:05 IDT 2026, 208 W
Fri Apr  3 15:46:05 IDT 2026, 225 W
Fri Apr  3 15:46:05 IDT 2026, 246 W
Fri Apr  3 15:46:05 IDT 2026, 233 W
Fri Apr  3 15:46:05 IDT 2026, 233 W
Fri Apr  3 15:46:05 IDT 2026, 221 W
Fri Apr  3 15:46:05 IDT 2026, 242 W
Fri Apr  3 15:46:06 IDT 2026, 242 W
Fri Apr  3 15:46:06 IDT 2026, 205 W
Fri Apr  3 15:46:06 IDT 2026, 224 W
Fri Apr  3 15:46:06 IDT 2026, 234 W
Fri Apr  3 15:46:06 IDT 2026, 237 W
Fri Apr  3 15:46:06 IDT 2026, 233 W
Fri Apr  3 15:46:06 IDT 2026, 213 W
Fri Apr  3 15:46:06 IDT 2026, 238 W
Fri Apr  3 15:46:07 IDT 2026, 126 W
Fri Apr  3 15:46:07 IDT 2026, 102 W
Fri Apr  3 15:46:07 IDT 2026, 118 W
Fri Apr  3 15:46:07 IDT 2026, 129 W
Fri Apr  3 15:46:07 IDT 2026, 116 W
Fri Apr  3 15:46:07 IDT 2026, 122 W
Fri Apr  3 15:46:07 IDT 2026, 114 W
Fri Apr  3 15:46:07 IDT 2026, 129 W
Fri Apr  3 15:46:08 IDT 2026, 286 W
Fri Apr  3 15:46:08 IDT 2026, 256 W
Fri Apr  3 15:46:08 IDT 2026, 278 W
Fri Apr  3 15:46:08 IDT 2026, 288 W
Fri Apr  3 15:46:08 IDT 2026, 272 W
Fri Apr  3 15:46:08 IDT 2026, 280 W
Fri Apr  3 15:46:08 IDT 2026, 276 W
Fri Apr  3 15:46:08 IDT 2026, 285 W
Fri Apr  3 15:46:09 IDT 2026, 278 W
Fri Apr  3 15:46:09 IDT 2026, 257 W
Fri Apr  3 15:46:09 IDT 2026, 283 W
Fri Apr  3 15:46:09 IDT 2026, 290 W
Fri Apr  3 15:46:09 IDT 2026, 277 W
Fri Apr  3 15:46:09 IDT 2026, 282 W
Fri Apr  3 15:46:09 IDT 2026, 273 W
Fri Apr  3 15:46:09 IDT 2026, 287 W
Fri Apr  3 15:46:10 IDT 2026, 282 W
Fri Apr  3 15:46:10 IDT 2026, 263 W
Fri Apr  3 15:46:10 IDT 2026, 279 W
Fri Apr  3 15:46:10 IDT 2026, 293 W
Fri Apr  3 15:46:10 IDT 2026, 280 W
Fri Apr  3 15:46:10 IDT 2026, 278 W
Fri Apr  3 15:46:10 IDT 2026, 275 W
Fri Apr  3 15:46:10 IDT 2026, 282 W
Fri Apr  3 15:46:11 IDT 2026, 280 W
Fri Apr  3 15:46:11 IDT 2026, 249 W
Fri Apr  3 15:46:11 IDT 2026, 276 W
Fri Apr  3 15:46:11 IDT 2026, 282 W
Fri Apr  3 15:46:11 IDT 2026, 284 W
Fri Apr  3 15:46:11 IDT 2026, 283 W
Fri Apr  3 15:46:11 IDT 2026, 275 W
Fri Apr  3 15:46:11 IDT 2026, 285 W
Fri Apr  3 15:46:12 IDT 2026, 287 W
Fri Apr  3 15:46:12 IDT 2026, 262 W
Fri Apr  3 15:46:12 IDT 2026, 279 W
Fri Apr  3 15:46:12 IDT 2026, 293 W
Fri Apr  3 15:46:12 IDT 2026, 280 W
Fri Apr  3 15:46:12 IDT 2026, 285 W
Fri Apr  3 15:46:12 IDT 2026, 274 W
Fri Apr  3 15:46:12 IDT 2026, 287 W
Fri Apr  3 15:46:13 IDT 2026, 287 W
Fri Apr  3 15:46:13 IDT 2026, 256 W
Fri Apr  3 15:46:13 IDT 2026, 279 W
Fri Apr  3 15:46:13 IDT 2026, 287 W
Fri Apr  3 15:46:13 IDT 2026, 277 W
Fri Apr  3 15:46:13 IDT 2026, 283 W
Fri Apr  3 15:46:13 IDT 2026, 272 W
Fri Apr  3 15:46:13 IDT 2026, 284 W
Fri Apr  3 15:46:14 IDT 2026, 281 W
Fri Apr  3 15:46:14 IDT 2026, 263 W
Fri Apr  3 15:46:14 IDT 2026, 268 W
Fri Apr  3 15:46:14 IDT 2026, 282 W
Fri Apr  3 15:46:14 IDT 2026, 278 W
Fri Apr  3 15:46:14 IDT 2026, 277 W
Fri Apr  3 15:46:14 IDT 2026, 280 W
Fri Apr  3 15:46:14 IDT 2026, 277 W
Fri Apr  3 15:46:15 IDT 2026, 278 W
Fri Apr  3 15:46:15 IDT 2026, 250 W
Fri Apr  3 15:46:15 IDT 2026, 271 W
Fri Apr  3 15:46:15 IDT 2026, 285 W
Fri Apr  3 15:46:15 IDT 2026, 276 W
Fri Apr  3 15:46:15 IDT 2026, 273 W
Fri Apr  3 15:46:15 IDT 2026, 265 W
Fri Apr  3 15:46:15 IDT 2026, 271 W
Fri Apr  3 15:46:16 IDT 2026, 272 W
Fri Apr  3 15:46:16 IDT 2026, 240 W
Fri Apr  3 15:46:16 IDT 2026, 259 W
Fri Apr  3 15:46:16 IDT 2026, 276 W
Fri Apr  3 15:46:16 IDT 2026, 256 W
Fri Apr  3 15:46:16 IDT 2026, 259 W
Fri Apr  3 15:46:16 IDT 2026, 254 W
Fri Apr  3 15:46:16 IDT 2026, 268 W
Fri Apr  3 15:46:17 IDT 2026, 251 W
Fri Apr  3 15:46:17 IDT 2026, 222 W
Fri Apr  3 15:46:17 IDT 2026, 242 W
Fri Apr  3 15:46:17 IDT 2026, 243 W
Fri Apr  3 15:46:17 IDT 2026, 240 W
Fri Apr  3 15:46:17 IDT 2026, 250 W
Fri Apr  3 15:46:17 IDT 2026, 236 W
Fri Apr  3 15:46:17 IDT 2026, 245 W
Fri Apr  3 15:46:18 IDT 2026, 245 W
Fri Apr  3 15:46:18 IDT 2026, 220 W
Fri Apr  3 15:46:18 IDT 2026, 247 W
Fri Apr  3 15:46:18 IDT 2026, 249 W
Fri Apr  3 15:46:18 IDT 2026, 236 W
Fri Apr  3 15:46:18 IDT 2026, 244 W
Fri Apr  3 15:46:18 IDT 2026, 234 W
Fri Apr  3 15:46:18 IDT 2026, 240 W
Fri Apr  3 15:46:19 IDT 2026, 265 W
Fri Apr  3 15:46:19 IDT 2026, 244 W
Fri Apr  3 15:46:19 IDT 2026, 260 W
Fri Apr  3 15:46:19 IDT 2026, 267 W
Fri Apr  3 15:46:19 IDT 2026, 268 W
Fri Apr  3 15:46:19 IDT 2026, 260 W
Fri Apr  3 15:46:19 IDT 2026, 252 W
Fri Apr  3 15:46:19 IDT 2026, 266 W
Fri Apr  3 15:46:20 IDT 2026, 233 W
Fri Apr  3 15:46:20 IDT 2026, 195 W
Fri Apr  3 15:46:20 IDT 2026, 225 W
Fri Apr  3 15:46:20 IDT 2026, 240 W
Fri Apr  3 15:46:20 IDT 2026, 218 W
Fri Apr  3 15:46:20 IDT 2026, 219 W
Fri Apr  3 15:46:20 IDT 2026, 223 W
Fri Apr  3 15:46:20 IDT 2026, 227 W
Fri Apr  3 15:46:21 IDT 2026, 232 W
Fri Apr  3 15:46:21 IDT 2026, 213 W
Fri Apr  3 15:46:21 IDT 2026, 223 W
Fri Apr  3 15:46:21 IDT 2026, 231 W
Fri Apr  3 15:46:21 IDT 2026, 225 W
Fri Apr  3 15:46:21 IDT 2026, 220 W
Fri Apr  3 15:46:21 IDT 2026, 221 W
Fri Apr  3 15:46:21 IDT 2026, 230 W
Fri Apr  3 15:46:22 IDT 2026, 245 W
Fri Apr  3 15:46:22 IDT 2026, 219 W
Fri Apr  3 15:46:22 IDT 2026, 235 W
Fri Apr  3 15:46:22 IDT 2026, 246 W
Fri Apr  3 15:46:22 IDT 2026, 237 W
Fri Apr  3 15:46:22 IDT 2026, 247 W
Fri Apr  3 15:46:22 IDT 2026, 230 W
Fri Apr  3 15:46:22 IDT 2026, 240 W
Fri Apr  3 15:46:23 IDT 2026, 245 W
Fri Apr  3 15:46:23 IDT 2026, 216 W
Fri Apr  3 15:46:23 IDT 2026, 243 W
Fri Apr  3 15:46:23 IDT 2026, 248 W
Fri Apr  3 15:46:23 IDT 2026, 238 W
Fri Apr  3 15:46:23 IDT 2026, 242 W
Fri Apr  3 15:46:23 IDT 2026, 234 W
Fri Apr  3 15:46:23 IDT 2026, 239 W
Fri Apr  3 15:46:24 IDT 2026, 239 W
Fri Apr  3 15:46:24 IDT 2026, 206 W
Fri Apr  3 15:46:24 IDT 2026, 222 W
Fri Apr  3 15:46:24 IDT 2026, 235 W
Fri Apr  3 15:46:24 IDT 2026, 228 W
Fri Apr  3 15:46:24 IDT 2026, 231 W
Fri Apr  3 15:46:24 IDT 2026, 220 W
Fri Apr  3 15:46:24 IDT 2026, 237 W
Fri Apr  3 15:46:25 IDT 2026, 234 W
Fri Apr  3 15:46:25 IDT 2026, 201 W
Fri Apr  3 15:46:25 IDT 2026, 223 W
Fri Apr  3 15:46:25 IDT 2026, 239 W
Fri Apr  3 15:46:25 IDT 2026, 229 W
Fri Apr  3 15:46:25 IDT 2026, 226 W
Fri Apr  3 15:46:25 IDT 2026, 232 W
Fri Apr  3 15:46:25 IDT 2026, 230 W
Fri Apr  3 15:46:26 IDT 2026, 236 W
Fri Apr  3 15:46:26 IDT 2026, 207 W
Fri Apr  3 15:46:26 IDT 2026, 231 W
Fri Apr  3 15:46:26 IDT 2026, 241 W
Fri Apr  3 15:46:26 IDT 2026, 225 W
Fri Apr  3 15:46:26 IDT 2026, 227 W
Fri Apr  3 15:46:26 IDT 2026, 228 W
Fri Apr  3 15:46:26 IDT 2026, 242 W
Fri Apr  3 15:46:27 IDT 2026, 245 W
Fri Apr  3 15:46:27 IDT 2026, 213 W
Fri Apr  3 15:46:27 IDT 2026, 232 W
Fri Apr  3 15:46:27 IDT 2026, 247 W
Fri Apr  3 15:46:27 IDT 2026, 231 W
Fri Apr  3 15:46:27 IDT 2026, 237 W
Fri Apr  3 15:46:27 IDT 2026, 232 W
Fri Apr  3 15:46:27 IDT 2026, 236 W
Fri Apr  3 15:46:28 IDT 2026, 234 W
Fri Apr  3 15:46:28 IDT 2026, 207 W
Fri Apr  3 15:46:28 IDT 2026, 227 W
Fri Apr  3 15:46:28 IDT 2026, 245 W
Fri Apr  3 15:46:28 IDT 2026, 228 W
Fri Apr  3 15:46:28 IDT 2026, 233 W
Fri Apr  3 15:46:28 IDT 2026, 231 W
Fri Apr  3 15:46:28 IDT 2026, 233 W
Fri Apr  3 15:46:29 IDT 2026, 237 W
Fri Apr  3 15:46:29 IDT 2026, 205 W
Fri Apr  3 15:46:29 IDT 2026, 237 W
Fri Apr  3 15:46:29 IDT 2026, 240 W
Fri Apr  3 15:46:29 IDT 2026, 232 W
Fri Apr  3 15:46:29 IDT 2026, 235 W
Fri Apr  3 15:46:29 IDT 2026, 233 W
Fri Apr  3 15:46:29 IDT 2026, 236 W
Fri Apr  3 15:46:30 IDT 2026, 230 W
Fri Apr  3 15:46:30 IDT 2026, 189 W
Fri Apr  3 15:46:30 IDT 2026, 212 W
Fri Apr  3 15:46:30 IDT 2026, 212 W
Fri Apr  3 15:46:30 IDT 2026, 226 W
Fri Apr  3 15:46:30 IDT 2026, 223 W
Fri Apr  3 15:46:30 IDT 2026, 222 W
Fri Apr  3 15:46:30 IDT 2026, 220 W
Fri Apr  3 15:46:31 IDT 2026, 127 W
Fri Apr  3 15:46:31 IDT 2026, 102 W
Fri Apr  3 15:46:31 IDT 2026, 126 W
Fri Apr  3 15:46:31 IDT 2026, 129 W
Fri Apr  3 15:46:31 IDT 2026, 117 W
Fri Apr  3 15:46:31 IDT 2026, 128 W
Fri Apr  3 15:46:31 IDT 2026, 120 W
Fri Apr  3 15:46:31 IDT 2026, 130 W
Fri Apr  3 15:46:32 IDT 2026, 288 W
Fri Apr  3 15:46:32 IDT 2026, 255 W
Fri Apr  3 15:46:32 IDT 2026, 287 W
Fri Apr  3 15:46:32 IDT 2026, 286 W
Fri Apr  3 15:46:32 IDT 2026, 283 W
Fri Apr  3 15:46:32 IDT 2026, 281 W
Fri Apr  3 15:46:32 IDT 2026, 274 W
Fri Apr  3 15:46:32 IDT 2026, 280 W
Fri Apr  3 15:46:33 IDT 2026, 284 W
Fri Apr  3 15:46:33 IDT 2026, 250 W
Fri Apr  3 15:46:33 IDT 2026, 276 W
Fri Apr  3 15:46:33 IDT 2026, 285 W
Fri Apr  3 15:46:33 IDT 2026, 276 W
Fri Apr  3 15:46:33 IDT 2026, 273 W
Fri Apr  3 15:46:33 IDT 2026, 273 W
Fri Apr  3 15:46:33 IDT 2026, 290 W
Fri Apr  3 15:46:34 IDT 2026, 284 W
Fri Apr  3 15:46:34 IDT 2026, 256 W
Fri Apr  3 15:46:34 IDT 2026, 277 W
Fri Apr  3 15:46:34 IDT 2026, 281 W
Fri Apr  3 15:46:34 IDT 2026, 273 W
Fri Apr  3 15:46:34 IDT 2026, 276 W
Fri Apr  3 15:46:34 IDT 2026, 275 W
Fri Apr  3 15:46:34 IDT 2026, 283 W
Fri Apr  3 15:46:35 IDT 2026, 283 W
Fri Apr  3 15:46:35 IDT 2026, 261 W
Fri Apr  3 15:46:35 IDT 2026, 271 W
Fri Apr  3 15:46:35 IDT 2026, 290 W
Fri Apr  3 15:46:35 IDT 2026, 281 W
Fri Apr  3 15:46:35 IDT 2026, 286 W
Fri Apr  3 15:46:35 IDT 2026, 276 W
Fri Apr  3 15:46:35 IDT 2026, 286 W
Fri Apr  3 15:46:36 IDT 2026, 277 W
Fri Apr  3 15:46:36 IDT 2026, 257 W
Fri Apr  3 15:46:36 IDT 2026, 280 W
Fri Apr  3 15:46:36 IDT 2026, 295 W
Fri Apr  3 15:46:36 IDT 2026, 276 W
Fri Apr  3 15:46:36 IDT 2026, 276 W
Fri Apr  3 15:46:36 IDT 2026, 269 W
Fri Apr  3 15:46:36 IDT 2026, 282 W
Fri Apr  3 15:46:37 IDT 2026, 282 W
Fri Apr  3 15:46:37 IDT 2026, 258 W
Fri Apr  3 15:46:37 IDT 2026, 281 W
Fri Apr  3 15:46:37 IDT 2026, 288 W
Fri Apr  3 15:46:37 IDT 2026, 278 W
Fri Apr  3 15:46:37 IDT 2026, 273 W
Fri Apr  3 15:46:37 IDT 2026, 273 W
Fri Apr  3 15:46:37 IDT 2026, 281 W
Fri Apr  3 15:46:38 IDT 2026, 285 W
Fri Apr  3 15:46:38 IDT 2026, 255 W
Fri Apr  3 15:46:38 IDT 2026, 279 W
Fri Apr  3 15:46:38 IDT 2026, 283 W
Fri Apr  3 15:46:38 IDT 2026, 276 W
Fri Apr  3 15:46:38 IDT 2026, 280 W
Fri Apr  3 15:46:38 IDT 2026, 272 W
Fri Apr  3 15:46:38 IDT 2026, 277 W
Fri Apr  3 15:46:39 IDT 2026, 282 W
Fri Apr  3 15:46:39 IDT 2026, 249 W
Fri Apr  3 15:46:39 IDT 2026, 277 W
Fri Apr  3 15:46:39 IDT 2026, 287 W
Fri Apr  3 15:46:39 IDT 2026, 269 W
Fri Apr  3 15:46:39 IDT 2026, 285 W
Fri Apr  3 15:46:39 IDT 2026, 270 W
Fri Apr  3 15:46:39 IDT 2026, 276 W
Fri Apr  3 15:46:40 IDT 2026, 276 W
Fri Apr  3 15:46:40 IDT 2026, 252 W
Fri Apr  3 15:46:40 IDT 2026, 276 W
Fri Apr  3 15:46:40 IDT 2026, 281 W
Fri Apr  3 15:46:40 IDT 2026, 273 W
Fri Apr  3 15:46:40 IDT 2026, 272 W
Fri Apr  3 15:46:40 IDT 2026, 276 W
Fri Apr  3 15:46:40 IDT 2026, 279 W
Fri Apr  3 15:46:41 IDT 2026, 285 W
Fri Apr  3 15:46:41 IDT 2026, 255 W
Fri Apr  3 15:46:41 IDT 2026, 276 W
Fri Apr  3 15:46:41 IDT 2026, 282 W
Fri Apr  3 15:46:41 IDT 2026, 272 W
Fri Apr  3 15:46:41 IDT 2026, 286 W
Fri Apr  3 15:46:41 IDT 2026, 280 W
Fri Apr  3 15:46:41 IDT 2026, 281 W
Fri Apr  3 15:46:42 IDT 2026, 291 W
Fri Apr  3 15:46:42 IDT 2026, 265 W
Fri Apr  3 15:46:42 IDT 2026, 269 W
Fri Apr  3 15:46:42 IDT 2026, 285 W
Fri Apr  3 15:46:42 IDT 2026, 280 W
Fri Apr  3 15:46:42 IDT 2026, 282 W
Fri Apr  3 15:46:42 IDT 2026, 275 W
Fri Apr  3 15:46:42 IDT 2026, 288 W
Fri Apr  3 15:46:43 IDT 2026, 252 W
Fri Apr  3 15:46:43 IDT 2026, 221 W
Fri Apr  3 15:46:43 IDT 2026, 242 W
Fri Apr  3 15:46:43 IDT 2026, 257 W
Fri Apr  3 15:46:43 IDT 2026, 236 W
Fri Apr  3 15:46:43 IDT 2026, 244 W
Fri Apr  3 15:46:43 IDT 2026, 239 W
Fri Apr  3 15:46:43 IDT 2026, 248 W
Fri Apr  3 15:46:44 IDT 2026, 261 W
Fri Apr  3 15:46:44 IDT 2026, 228 W
Fri Apr  3 15:46:44 IDT 2026, 249 W
Fri Apr  3 15:46:44 IDT 2026, 260 W
Fri Apr  3 15:46:44 IDT 2026, 251 W
Fri Apr  3 15:46:44 IDT 2026, 256 W
Fri Apr  3 15:46:44 IDT 2026, 242 W
Fri Apr  3 15:46:44 IDT 2026, 250 W
Fri Apr  3 15:46:45 IDT 2026, 265 W
Fri Apr  3 15:46:45 IDT 2026, 234 W
Fri Apr  3 15:46:45 IDT 2026, 248 W
Fri Apr  3 15:46:45 IDT 2026, 269 W
Fri Apr  3 15:46:45 IDT 2026, 263 W
Fri Apr  3 15:46:45 IDT 2026, 263 W
Fri Apr  3 15:46:45 IDT 2026, 255 W
Fri Apr  3 15:46:45 IDT 2026, 266 W
Fri Apr  3 15:46:46 IDT 2026, 262 W
Fri Apr  3 15:46:46 IDT 2026, 228 W
Fri Apr  3 15:46:46 IDT 2026, 246 W
Fri Apr  3 15:46:46 IDT 2026, 262 W
Fri Apr  3 15:46:46 IDT 2026, 249 W
Fri Apr  3 15:46:46 IDT 2026, 259 W
Fri Apr  3 15:46:46 IDT 2026, 255 W
Fri Apr  3 15:46:46 IDT 2026, 257 W
Fri Apr  3 15:46:47 IDT 2026, 264 W
Fri Apr  3 15:46:47 IDT 2026, 244 W
Fri Apr  3 15:46:47 IDT 2026, 254 W
Fri Apr  3 15:46:47 IDT 2026, 278 W
Fri Apr  3 15:46:47 IDT 2026, 252 W
Fri Apr  3 15:46:47 IDT 2026, 255 W
Fri Apr  3 15:46:47 IDT 2026, 256 W
Fri Apr  3 15:46:47 IDT 2026, 273 W
Fri Apr  3 15:46:48 IDT 2026, 266 W
Fri Apr  3 15:46:48 IDT 2026, 238 W
Fri Apr  3 15:46:48 IDT 2026, 256 W
Fri Apr  3 15:46:48 IDT 2026, 269 W
Fri Apr  3 15:46:48 IDT 2026, 257 W
Fri Apr  3 15:46:48 IDT 2026, 254 W
Fri Apr  3 15:46:48 IDT 2026, 259 W
Fri Apr  3 15:46:48 IDT 2026, 254 W
Fri Apr  3 15:46:49 IDT 2026, 251 W
Fri Apr  3 15:46:49 IDT 2026, 226 W
Fri Apr  3 15:46:49 IDT 2026, 250 W
Fri Apr  3 15:46:49 IDT 2026, 258 W
Fri Apr  3 15:46:49 IDT 2026, 254 W
Fri Apr  3 15:46:49 IDT 2026, 248 W
Fri Apr  3 15:46:49 IDT 2026, 247 W
Fri Apr  3 15:46:49 IDT 2026, 252 W
Fri Apr  3 15:46:50 IDT 2026, 270 W
Fri Apr  3 15:46:50 IDT 2026, 241 W
Fri Apr  3 15:46:50 IDT 2026, 268 W
Fri Apr  3 15:46:50 IDT 2026, 268 W
Fri Apr  3 15:46:50 IDT 2026, 263 W
Fri Apr  3 15:46:50 IDT 2026, 266 W
Fri Apr  3 15:46:50 IDT 2026, 259 W
Fri Apr  3 15:46:50 IDT 2026, 265 W
Fri Apr  3 15:46:51 IDT 2026, 264 W
Fri Apr  3 15:46:51 IDT 2026, 234 W
Fri Apr  3 15:46:51 IDT 2026, 261 W
Fri Apr  3 15:46:51 IDT 2026, 268 W
Fri Apr  3 15:46:51 IDT 2026, 258 W
Fri Apr  3 15:46:51 IDT 2026, 263 W
Fri Apr  3 15:46:51 IDT 2026, 253 W
Fri Apr  3 15:46:51 IDT 2026, 261 W
Fri Apr  3 15:46:52 IDT 2026, 271 W
Fri Apr  3 15:46:52 IDT 2026, 241 W
Fri Apr  3 15:46:52 IDT 2026, 265 W
Fri Apr  3 15:46:52 IDT 2026, 267 W
Fri Apr  3 15:46:52 IDT 2026, 258 W
Fri Apr  3 15:46:52 IDT 2026, 265 W
Fri Apr  3 15:46:52 IDT 2026, 256 W
Fri Apr  3 15:46:52 IDT 2026, 266 W
Fri Apr  3 15:46:53 IDT 2026, 234 W
Fri Apr  3 15:46:53 IDT 2026, 202 W
Fri Apr  3 15:46:53 IDT 2026, 224 W
Fri Apr  3 15:46:53 IDT 2026, 239 W
Fri Apr  3 15:46:53 IDT 2026, 221 W
Fri Apr  3 15:46:53 IDT 2026, 230 W
Fri Apr  3 15:46:53 IDT 2026, 219 W
Fri Apr  3 15:46:53 IDT 2026, 229 W
Fri Apr  3 15:46:54 IDT 2026, 229 W
Fri Apr  3 15:46:54 IDT 2026, 209 W
Fri Apr  3 15:46:54 IDT 2026, 227 W
Fri Apr  3 15:46:54 IDT 2026, 236 W
Fri Apr  3 15:46:54 IDT 2026, 224 W
Fri Apr  3 15:46:54 IDT 2026, 238 W
Fri Apr  3 15:46:54 IDT 2026, 229 W
Fri Apr  3 15:46:54 IDT 2026, 229 W
Fri Apr  3 15:46:55 IDT 2026, 128 W
Fri Apr  3 15:46:55 IDT 2026, 105 W
Fri Apr  3 15:46:55 IDT 2026, 124 W
Fri Apr  3 15:46:55 IDT 2026, 133 W
Fri Apr  3 15:46:55 IDT 2026, 115 W
Fri Apr  3 15:46:55 IDT 2026, 128 W
Fri Apr  3 15:46:55 IDT 2026, 125 W
Fri Apr  3 15:46:55 IDT 2026, 124 W
Fri Apr  3 15:46:56 IDT 2026, 291 W
Fri Apr  3 15:46:56 IDT 2026, 260 W
Fri Apr  3 15:46:56 IDT 2026, 274 W
Fri Apr  3 15:46:56 IDT 2026, 291 W
Fri Apr  3 15:46:56 IDT 2026, 277 W
Fri Apr  3 15:46:56 IDT 2026, 285 W
Fri Apr  3 15:46:56 IDT 2026, 273 W
Fri Apr  3 15:46:56 IDT 2026, 279 W
Fri Apr  3 15:46:57 IDT 2026, 279 W
Fri Apr  3 15:46:57 IDT 2026, 256 W
Fri Apr  3 15:46:57 IDT 2026, 280 W
Fri Apr  3 15:46:57 IDT 2026, 282 W
Fri Apr  3 15:46:57 IDT 2026, 278 W
Fri Apr  3 15:46:57 IDT 2026, 275 W
Fri Apr  3 15:46:57 IDT 2026, 277 W
Fri Apr  3 15:46:57 IDT 2026, 279 W
Fri Apr  3 15:46:58 IDT 2026, 281 W
Fri Apr  3 15:46:58 IDT 2026, 253 W
Fri Apr  3 15:46:58 IDT 2026, 279 W
Fri Apr  3 15:46:58 IDT 2026, 286 W
Fri Apr  3 15:46:58 IDT 2026, 272 W
Fri Apr  3 15:46:58 IDT 2026, 282 W
Fri Apr  3 15:46:58 IDT 2026, 270 W
Fri Apr  3 15:46:58 IDT 2026, 281 W
Fri Apr  3 15:46:59 IDT 2026, 289 W
Fri Apr  3 15:46:59 IDT 2026, 256 W
Fri Apr  3 15:46:59 IDT 2026, 273 W
Fri Apr  3 15:46:59 IDT 2026, 287 W
Fri Apr  3 15:46:59 IDT 2026, 274 W
Fri Apr  3 15:46:59 IDT 2026, 285 W
Fri Apr  3 15:46:59 IDT 2026, 278 W
Fri Apr  3 15:46:59 IDT 2026, 286 W
Fri Apr  3 15:47:00 IDT 2026, 290 W
Fri Apr  3 15:47:00 IDT 2026, 255 W
Fri Apr  3 15:47:00 IDT 2026, 276 W
Fri Apr  3 15:47:00 IDT 2026, 289 W
Fri Apr  3 15:47:00 IDT 2026, 282 W
Fri Apr  3 15:47:00 IDT 2026, 278 W
Fri Apr  3 15:47:00 IDT 2026, 276 W
Fri Apr  3 15:47:00 IDT 2026, 290 W
Fri Apr  3 15:47:01 IDT 2026, 290 W
Fri Apr  3 15:47:01 IDT 2026, 255 W
Fri Apr  3 15:47:01 IDT 2026, 279 W
Fri Apr  3 15:47:01 IDT 2026, 289 W
Fri Apr  3 15:47:01 IDT 2026, 282 W
Fri Apr  3 15:47:01 IDT 2026, 281 W
Fri Apr  3 15:47:01 IDT 2026, 269 W
Fri Apr  3 15:47:01 IDT 2026, 284 W
Fri Apr  3 15:47:02 IDT 2026, 286 W
Fri Apr  3 15:47:02 IDT 2026, 255 W
Fri Apr  3 15:47:02 IDT 2026, 274 W
Fri Apr  3 15:47:02 IDT 2026, 289 W
Fri Apr  3 15:47:02 IDT 2026, 282 W
Fri Apr  3 15:47:02 IDT 2026, 276 W
Fri Apr  3 15:47:02 IDT 2026, 276 W
Fri Apr  3 15:47:02 IDT 2026, 283 W
Fri Apr  3 15:47:03 IDT 2026, 269 W
Fri Apr  3 15:47:03 IDT 2026, 243 W
Fri Apr  3 15:47:03 IDT 2026, 257 W
Fri Apr  3 15:47:03 IDT 2026, 277 W
Fri Apr  3 15:47:03 IDT 2026, 274 W
Fri Apr  3 15:47:03 IDT 2026, 263 W
Fri Apr  3 15:47:03 IDT 2026, 263 W
Fri Apr  3 15:47:03 IDT 2026, 270 W
Fri Apr  3 15:47:04 IDT 2026, 272 W
Fri Apr  3 15:47:04 IDT 2026, 243 W
Fri Apr  3 15:47:04 IDT 2026, 267 W
Fri Apr  3 15:47:04 IDT 2026, 274 W
Fri Apr  3 15:47:04 IDT 2026, 265 W
Fri Apr  3 15:47:04 IDT 2026, 260 W
Fri Apr  3 15:47:04 IDT 2026, 260 W
Fri Apr  3 15:47:04 IDT 2026, 271 W
Fri Apr  3 15:47:05 IDT 2026, 267 W
Fri Apr  3 15:47:05 IDT 2026, 242 W
Fri Apr  3 15:47:05 IDT 2026, 267 W
Fri Apr  3 15:47:05 IDT 2026, 281 W
Fri Apr  3 15:47:05 IDT 2026, 269 W
Fri Apr  3 15:47:05 IDT 2026, 266 W
Fri Apr  3 15:47:05 IDT 2026, 256 W
Fri Apr  3 15:47:05 IDT 2026, 269 W
Fri Apr  3 15:47:06 IDT 2026, 275 W
Fri Apr  3 15:47:06 IDT 2026, 243 W
Fri Apr  3 15:47:06 IDT 2026, 262 W
Fri Apr  3 15:47:06 IDT 2026, 276 W
Fri Apr  3 15:47:06 IDT 2026, 270 W
Fri Apr  3 15:47:06 IDT 2026, 263 W
Fri Apr  3 15:47:06 IDT 2026, 257 W
Fri Apr  3 15:47:06 IDT 2026, 271 W
Fri Apr  3 15:47:07 IDT 2026, 271 W
Fri Apr  3 15:47:07 IDT 2026, 240 W
Fri Apr  3 15:47:07 IDT 2026, 259 W
Fri Apr  3 15:47:07 IDT 2026, 273 W
Fri Apr  3 15:47:07 IDT 2026, 261 W
Fri Apr  3 15:47:07 IDT 2026, 265 W
Fri Apr  3 15:47:07 IDT 2026, 259 W
Fri Apr  3 15:47:07 IDT 2026, 267 W
Fri Apr  3 15:47:08 IDT 2026, 267 W
Fri Apr  3 15:47:08 IDT 2026, 242 W
Fri Apr  3 15:47:08 IDT 2026, 263 W
Fri Apr  3 15:47:08 IDT 2026, 264 W
Fri Apr  3 15:47:08 IDT 2026, 269 W
Fri Apr  3 15:47:08 IDT 2026, 258 W
Fri Apr  3 15:47:08 IDT 2026, 259 W
Fri Apr  3 15:47:08 IDT 2026, 258 W
Fri Apr  3 15:47:09 IDT 2026, 263 W
Fri Apr  3 15:47:09 IDT 2026, 238 W
Fri Apr  3 15:47:09 IDT 2026, 266 W
Fri Apr  3 15:47:09 IDT 2026, 273 W
Fri Apr  3 15:47:09 IDT 2026, 271 W
Fri Apr  3 15:47:09 IDT 2026, 264 W
Fri Apr  3 15:47:09 IDT 2026, 259 W
Fri Apr  3 15:47:09 IDT 2026, 264 W
Fri Apr  3 15:47:10 IDT 2026, 270 W
Fri Apr  3 15:47:10 IDT 2026, 239 W
Fri Apr  3 15:47:10 IDT 2026, 271 W
Fri Apr  3 15:47:10 IDT 2026, 273 W
Fri Apr  3 15:47:10 IDT 2026, 260 W
Fri Apr  3 15:47:10 IDT 2026, 260 W
Fri Apr  3 15:47:10 IDT 2026, 259 W
Fri Apr  3 15:47:10 IDT 2026, 261 W
Fri Apr  3 15:47:11 IDT 2026, 268 W
Fri Apr  3 15:47:11 IDT 2026, 244 W
Fri Apr  3 15:47:11 IDT 2026, 262 W
Fri Apr  3 15:47:11 IDT 2026, 275 W
Fri Apr  3 15:47:11 IDT 2026, 265 W
Fri Apr  3 15:47:11 IDT 2026, 259 W
Fri Apr  3 15:47:11 IDT 2026, 267 W
Fri Apr  3 15:47:11 IDT 2026, 268 W
Fri Apr  3 15:47:12 IDT 2026, 270 W
Fri Apr  3 15:47:12 IDT 2026, 236 W
Fri Apr  3 15:47:12 IDT 2026, 255 W
Fri Apr  3 15:47:12 IDT 2026, 269 W
Fri Apr  3 15:47:12 IDT 2026, 261 W
Fri Apr  3 15:47:12 IDT 2026, 259 W
Fri Apr  3 15:47:12 IDT 2026, 253 W
Fri Apr  3 15:47:12 IDT 2026, 260 W
Fri Apr  3 15:47:13 IDT 2026, 271 W
Fri Apr  3 15:47:13 IDT 2026, 239 W
Fri Apr  3 15:47:13 IDT 2026, 253 W
Fri Apr  3 15:47:13 IDT 2026, 268 W
Fri Apr  3 15:47:13 IDT 2026, 259 W
Fri Apr  3 15:47:13 IDT 2026, 266 W
Fri Apr  3 15:47:13 IDT 2026, 258 W
Fri Apr  3 15:47:13 IDT 2026, 265 W
Fri Apr  3 15:47:14 IDT 2026, 254 W
Fri Apr  3 15:47:14 IDT 2026, 214 W
Fri Apr  3 15:47:14 IDT 2026, 230 W
Fri Apr  3 15:47:14 IDT 2026, 248 W
Fri Apr  3 15:47:14 IDT 2026, 236 W
Fri Apr  3 15:47:14 IDT 2026, 236 W
Fri Apr  3 15:47:14 IDT 2026, 243 W
Fri Apr  3 15:47:14 IDT 2026, 248 W
Fri Apr  3 15:47:15 IDT 2026, 254 W
Fri Apr  3 15:47:15 IDT 2026, 228 W
Fri Apr  3 15:47:15 IDT 2026, 252 W
Fri Apr  3 15:47:15 IDT 2026, 261 W
Fri Apr  3 15:47:15 IDT 2026, 258 W
Fri Apr  3 15:47:15 IDT 2026, 254 W
Fri Apr  3 15:47:15 IDT 2026, 246 W
Fri Apr  3 15:47:15 IDT 2026, 263 W
Fri Apr  3 15:47:16 IDT 2026, 274 W
Fri Apr  3 15:47:16 IDT 2026, 240 W
Fri Apr  3 15:47:16 IDT 2026, 255 W
Fri Apr  3 15:47:16 IDT 2026, 269 W
Fri Apr  3 15:47:16 IDT 2026, 263 W
Fri Apr  3 15:47:16 IDT 2026, 268 W
Fri Apr  3 15:47:16 IDT 2026, 268 W
Fri Apr  3 15:47:16 IDT 2026, 267 W
Fri Apr  3 15:47:17 IDT 2026, 276 W
Fri Apr  3 15:47:17 IDT 2026, 238 W
Fri Apr  3 15:47:17 IDT 2026, 259 W
Fri Apr  3 15:47:17 IDT 2026, 273 W
Fri Apr  3 15:47:17 IDT 2026, 257 W
Fri Apr  3 15:47:17 IDT 2026, 268 W
Fri Apr  3 15:47:17 IDT 2026, 266 W
Fri Apr  3 15:47:17 IDT 2026, 273 W
Fri Apr  3 15:47:18 IDT 2026, 270 W
Fri Apr  3 15:47:18 IDT 2026, 242 W
Fri Apr  3 15:47:18 IDT 2026, 259 W
Fri Apr  3 15:47:18 IDT 2026, 273 W
Fri Apr  3 15:47:18 IDT 2026, 257 W
Fri Apr  3 15:47:18 IDT 2026, 266 W
Fri Apr  3 15:47:18 IDT 2026, 250 W
Fri Apr  3 15:47:18 IDT 2026, 260 W
Fri Apr  3 15:47:19 IDT 2026, 127 W
Fri Apr  3 15:47:19 IDT 2026, 108 W
Fri Apr  3 15:47:19 IDT 2026, 120 W
Fri Apr  3 15:47:19 IDT 2026, 131 W
Fri Apr  3 15:47:19 IDT 2026, 119 W
Fri Apr  3 15:47:19 IDT 2026, 126 W
Fri Apr  3 15:47:19 IDT 2026, 117 W
Fri Apr  3 15:47:19 IDT 2026, 127 W
Fri Apr  3 15:47:20 IDT 2026, 285 W
Fri Apr  3 15:47:20 IDT 2026, 260 W
Fri Apr  3 15:47:20 IDT 2026, 276 W
Fri Apr  3 15:47:20 IDT 2026, 288 W
Fri Apr  3 15:47:20 IDT 2026, 277 W
Fri Apr  3 15:47:20 IDT 2026, 287 W
Fri Apr  3 15:47:20 IDT 2026, 279 W
Fri Apr  3 15:47:20 IDT 2026, 275 W
Fri Apr  3 15:47:21 IDT 2026, 282 W
Fri Apr  3 15:47:21 IDT 2026, 252 W
Fri Apr  3 15:47:21 IDT 2026, 273 W
Fri Apr  3 15:47:21 IDT 2026, 279 W
Fri Apr  3 15:47:21 IDT 2026, 280 W
Fri Apr  3 15:47:21 IDT 2026, 288 W
Fri Apr  3 15:47:21 IDT 2026, 268 W
Fri Apr  3 15:47:21 IDT 2026, 287 W
Fri Apr  3 15:47:22 IDT 2026, 283 W
Fri Apr  3 15:47:22 IDT 2026, 255 W
Fri Apr  3 15:47:22 IDT 2026, 278 W
Fri Apr  3 15:47:22 IDT 2026, 287 W
Fri Apr  3 15:47:22 IDT 2026, 273 W
Fri Apr  3 15:47:22 IDT 2026, 273 W
Fri Apr  3 15:47:22 IDT 2026, 269 W
Fri Apr  3 15:47:22 IDT 2026, 284 W
Fri Apr  3 15:47:23 IDT 2026, 283 W
Fri Apr  3 15:47:23 IDT 2026, 261 W
Fri Apr  3 15:47:23 IDT 2026, 275 W
Fri Apr  3 15:47:23 IDT 2026, 287 W
Fri Apr  3 15:47:23 IDT 2026, 273 W
Fri Apr  3 15:47:23 IDT 2026, 285 W
Fri Apr  3 15:47:23 IDT 2026, 277 W
Fri Apr  3 15:47:23 IDT 2026, 279 W
Fri Apr  3 15:47:24 IDT 2026, 278 W
Fri Apr  3 15:47:24 IDT 2026, 265 W
Fri Apr  3 15:47:24 IDT 2026, 282 W
Fri Apr  3 15:47:24 IDT 2026, 286 W
Fri Apr  3 15:47:24 IDT 2026, 277 W
Fri Apr  3 15:47:24 IDT 2026, 274 W
Fri Apr  3 15:47:24 IDT 2026, 284 W
Fri Apr  3 15:47:24 IDT 2026, 281 W
Fri Apr  3 15:47:25 IDT 2026, 280 W
Fri Apr  3 15:47:25 IDT 2026, 257 W
Fri Apr  3 15:47:25 IDT 2026, 277 W
Fri Apr  3 15:47:25 IDT 2026, 292 W
Fri Apr  3 15:47:25 IDT 2026, 285 W
Fri Apr  3 15:47:25 IDT 2026, 283 W
Fri Apr  3 15:47:25 IDT 2026, 272 W
Fri Apr  3 15:47:25 IDT 2026, 280 W
Fri Apr  3 15:47:26 IDT 2026, 283 W
Fri Apr  3 15:47:26 IDT 2026, 247 W
Fri Apr  3 15:47:26 IDT 2026, 277 W
Fri Apr  3 15:47:26 IDT 2026, 284 W
Fri Apr  3 15:47:26 IDT 2026, 278 W
Fri Apr  3 15:47:26 IDT 2026, 277 W
Fri Apr  3 15:47:26 IDT 2026, 276 W
Fri Apr  3 15:47:26 IDT 2026, 280 W
Fri Apr  3 15:47:27 IDT 2026, 283 W
Fri Apr  3 15:47:27 IDT 2026, 255 W
Fri Apr  3 15:47:27 IDT 2026, 277 W
Fri Apr  3 15:47:27 IDT 2026, 287 W
Fri Apr  3 15:47:27 IDT 2026, 279 W
Fri Apr  3 15:47:27 IDT 2026, 274 W
Fri Apr  3 15:47:27 IDT 2026, 279 W
Fri Apr  3 15:47:27 IDT 2026, 274 W
Fri Apr  3 15:47:28 IDT 2026, 214 W
Fri Apr  3 15:47:28 IDT 2026, 193 W
Fri Apr  3 15:47:28 IDT 2026, 215 W
Fri Apr  3 15:47:28 IDT 2026, 217 W
Fri Apr  3 15:47:28 IDT 2026, 209 W
Fri Apr  3 15:47:28 IDT 2026, 211 W
Fri Apr  3 15:47:28 IDT 2026, 216 W
Fri Apr  3 15:47:28 IDT 2026, 221 W
Fri Apr  3 15:47:29 IDT 2026, 282 W
Fri Apr  3 15:47:29 IDT 2026, 250 W
Fri Apr  3 15:47:29 IDT 2026, 272 W
Fri Apr  3 15:47:29 IDT 2026, 291 W
Fri Apr  3 15:47:29 IDT 2026, 279 W
Fri Apr  3 15:47:29 IDT 2026, 282 W
Fri Apr  3 15:47:29 IDT 2026, 274 W
Fri Apr  3 15:47:29 IDT 2026, 282 W
Fri Apr  3 15:47:30 IDT 2026, 280 W
Fri Apr  3 15:47:30 IDT 2026, 250 W
Fri Apr  3 15:47:30 IDT 2026, 278 W
Fri Apr  3 15:47:30 IDT 2026, 285 W
Fri Apr  3 15:47:30 IDT 2026, 276 W
Fri Apr  3 15:47:30 IDT 2026, 276 W
Fri Apr  3 15:47:30 IDT 2026, 269 W
Fri Apr  3 15:47:30 IDT 2026, 283 W
Fri Apr  3 15:47:31 IDT 2026, 268 W
Fri Apr  3 15:47:31 IDT 2026, 248 W
Fri Apr  3 15:47:31 IDT 2026, 260 W
Fri Apr  3 15:47:31 IDT 2026, 277 W
Fri Apr  3 15:47:31 IDT 2026, 269 W
Fri Apr  3 15:47:31 IDT 2026, 268 W
Fri Apr  3 15:47:31 IDT 2026, 261 W
Fri Apr  3 15:47:31 IDT 2026, 276 W
Fri Apr  3 15:47:32 IDT 2026, 257 W
Fri Apr  3 15:47:32 IDT 2026, 230 W
Fri Apr  3 15:47:32 IDT 2026, 251 W
Fri Apr  3 15:47:32 IDT 2026, 259 W
Fri Apr  3 15:47:32 IDT 2026, 245 W
Fri Apr  3 15:47:32 IDT 2026, 259 W
Fri Apr  3 15:47:32 IDT 2026, 244 W
Fri Apr  3 15:47:32 IDT 2026, 252 W
Fri Apr  3 15:47:33 IDT 2026, 268 W
Fri Apr  3 15:47:33 IDT 2026, 246 W
Fri Apr  3 15:47:33 IDT 2026, 259 W
Fri Apr  3 15:47:33 IDT 2026, 273 W
Fri Apr  3 15:47:33 IDT 2026, 259 W
Fri Apr  3 15:47:33 IDT 2026, 259 W
Fri Apr  3 15:47:33 IDT 2026, 255 W
Fri Apr  3 15:47:33 IDT 2026, 263 W
Fri Apr  3 15:47:34 IDT 2026, 261 W
Fri Apr  3 15:47:34 IDT 2026, 240 W
Fri Apr  3 15:47:34 IDT 2026, 258 W
Fri Apr  3 15:47:34 IDT 2026, 259 W
Fri Apr  3 15:47:34 IDT 2026, 251 W
Fri Apr  3 15:47:34 IDT 2026, 257 W
Fri Apr  3 15:47:34 IDT 2026, 257 W
Fri Apr  3 15:47:34 IDT 2026, 260 W
Fri Apr  3 15:47:35 IDT 2026, 267 W
Fri Apr  3 15:47:35 IDT 2026, 238 W
Fri Apr  3 15:47:35 IDT 2026, 266 W
Fri Apr  3 15:47:35 IDT 2026, 267 W
Fri Apr  3 15:47:35 IDT 2026, 260 W
Fri Apr  3 15:47:35 IDT 2026, 263 W
Fri Apr  3 15:47:35 IDT 2026, 250 W
Fri Apr  3 15:47:35 IDT 2026, 270 W
Fri Apr  3 15:47:36 IDT 2026, 272 W
Fri Apr  3 15:47:36 IDT 2026, 245 W
Fri Apr  3 15:47:36 IDT 2026, 259 W
Fri Apr  3 15:47:36 IDT 2026, 266 W
Fri Apr  3 15:47:36 IDT 2026, 261 W
Fri Apr  3 15:47:36 IDT 2026, 259 W
Fri Apr  3 15:47:36 IDT 2026, 255 W
Fri Apr  3 15:47:36 IDT 2026, 262 W
Fri Apr  3 15:47:37 IDT 2026, 265 W
Fri Apr  3 15:47:37 IDT 2026, 237 W
Fri Apr  3 15:47:37 IDT 2026, 258 W
Fri Apr  3 15:47:37 IDT 2026, 273 W
Fri Apr  3 15:47:37 IDT 2026, 265 W
Fri Apr  3 15:47:37 IDT 2026, 262 W
Fri Apr  3 15:47:37 IDT 2026, 258 W
Fri Apr  3 15:47:37 IDT 2026, 265 W
Fri Apr  3 15:47:38 IDT 2026, 217 W
Fri Apr  3 15:47:38 IDT 2026, 193 W
Fri Apr  3 15:47:38 IDT 2026, 214 W
Fri Apr  3 15:47:38 IDT 2026, 231 W
Fri Apr  3 15:47:38 IDT 2026, 219 W
Fri Apr  3 15:47:38 IDT 2026, 224 W
Fri Apr  3 15:47:38 IDT 2026, 216 W
Fri Apr  3 15:47:38 IDT 2026, 218 W
Fri Apr  3 15:47:39 IDT 2026, 242 W
Fri Apr  3 15:47:39 IDT 2026, 204 W
Fri Apr  3 15:47:39 IDT 2026, 223 W
Fri Apr  3 15:47:39 IDT 2026, 235 W
Fri Apr  3 15:47:39 IDT 2026, 223 W
Fri Apr  3 15:47:39 IDT 2026, 226 W
Fri Apr  3 15:47:39 IDT 2026, 228 W
Fri Apr  3 15:47:39 IDT 2026, 223 W
Fri Apr  3 15:47:40 IDT 2026, 231 W
Fri Apr  3 15:47:40 IDT 2026, 202 W
Fri Apr  3 15:47:40 IDT 2026, 221 W
Fri Apr  3 15:47:40 IDT 2026, 234 W
Fri Apr  3 15:47:40 IDT 2026, 224 W
Fri Apr  3 15:47:40 IDT 2026, 222 W
Fri Apr  3 15:47:40 IDT 2026, 213 W
Fri Apr  3 15:47:40 IDT 2026, 223 W
Fri Apr  3 15:47:41 IDT 2026, 241 W
Fri Apr  3 15:47:41 IDT 2026, 211 W
Fri Apr  3 15:47:41 IDT 2026, 231 W
Fri Apr  3 15:47:41 IDT 2026, 245 W
Fri Apr  3 15:47:41 IDT 2026, 219 W
Fri Apr  3 15:47:41 IDT 2026, 237 W
Fri Apr  3 15:47:41 IDT 2026, 228 W
Fri Apr  3 15:47:41 IDT 2026, 237 W
Fri Apr  3 15:47:42 IDT 2026, 252 W
Fri Apr  3 15:47:42 IDT 2026, 216 W
Fri Apr  3 15:47:42 IDT 2026, 252 W
Fri Apr  3 15:47:42 IDT 2026, 252 W
Fri Apr  3 15:47:42 IDT 2026, 243 W
Fri Apr  3 15:47:42 IDT 2026, 249 W
Fri Apr  3 15:47:42 IDT 2026, 243 W
Fri Apr  3 15:47:42 IDT 2026, 249 W
Fri Apr  3 15:47:43 IDT 2026, 128 W
Fri Apr  3 15:47:43 IDT 2026, 97 W
Fri Apr  3 15:47:43 IDT 2026, 119 W
Fri Apr  3 15:47:43 IDT 2026, 134 W
Fri Apr  3 15:47:43 IDT 2026, 121 W
Fri Apr  3 15:47:43 IDT 2026, 121 W
Fri Apr  3 15:47:43 IDT 2026, 122 W
Fri Apr  3 15:47:43 IDT 2026, 125 W
Fri Apr  3 15:47:44 IDT 2026, 284 W
Fri Apr  3 15:47:44 IDT 2026, 257 W
Fri Apr  3 15:47:44 IDT 2026, 272 W
Fri Apr  3 15:47:44 IDT 2026, 285 W
Fri Apr  3 15:47:44 IDT 2026, 276 W
Fri Apr  3 15:47:44 IDT 2026, 275 W
Fri Apr  3 15:47:44 IDT 2026, 276 W
Fri Apr  3 15:47:44 IDT 2026, 279 W
Fri Apr  3 15:47:45 IDT 2026, 280 W
Fri Apr  3 15:47:45 IDT 2026, 252 W
Fri Apr  3 15:47:45 IDT 2026, 272 W
Fri Apr  3 15:47:45 IDT 2026, 288 W
Fri Apr  3 15:47:45 IDT 2026, 280 W
Fri Apr  3 15:47:45 IDT 2026, 275 W
Fri Apr  3 15:47:45 IDT 2026, 265 W
Fri Apr  3 15:47:45 IDT 2026, 283 W
Fri Apr  3 15:47:46 IDT 2026, 265 W
Fri Apr  3 15:47:46 IDT 2026, 239 W
Fri Apr  3 15:47:46 IDT 2026, 260 W
Fri Apr  3 15:47:46 IDT 2026, 273 W
Fri Apr  3 15:47:46 IDT 2026, 260 W
Fri Apr  3 15:47:46 IDT 2026, 269 W
Fri Apr  3 15:47:46 IDT 2026, 258 W
Fri Apr  3 15:47:46 IDT 2026, 266 W
Fri Apr  3 15:47:47 IDT 2026, 280 W
Fri Apr  3 15:47:47 IDT 2026, 257 W
Fri Apr  3 15:47:47 IDT 2026, 274 W
Fri Apr  3 15:47:47 IDT 2026, 288 W
Fri Apr  3 15:47:47 IDT 2026, 275 W
Fri Apr  3 15:47:47 IDT 2026, 285 W
Fri Apr  3 15:47:47 IDT 2026, 277 W
Fri Apr  3 15:47:47 IDT 2026, 282 W
Fri Apr  3 15:47:48 IDT 2026, 282 W
Fri Apr  3 15:47:48 IDT 2026, 262 W
Fri Apr  3 15:47:48 IDT 2026, 269 W
Fri Apr  3 15:47:48 IDT 2026, 288 W
Fri Apr  3 15:47:48 IDT 2026, 274 W
Fri Apr  3 15:47:48 IDT 2026, 279 W
Fri Apr  3 15:47:48 IDT 2026, 276 W
Fri Apr  3 15:47:48 IDT 2026, 275 W
Fri Apr  3 15:47:49 IDT 2026, 263 W
Fri Apr  3 15:47:49 IDT 2026, 244 W
Fri Apr  3 15:47:49 IDT 2026, 262 W
Fri Apr  3 15:47:49 IDT 2026, 278 W
Fri Apr  3 15:47:49 IDT 2026, 262 W
Fri Apr  3 15:47:49 IDT 2026, 266 W
Fri Apr  3 15:47:49 IDT 2026, 267 W
Fri Apr  3 15:47:49 IDT 2026, 274 W
Fri Apr  3 15:47:50 IDT 2026, 276 W
Fri Apr  3 15:47:50 IDT 2026, 239 W
Fri Apr  3 15:47:50 IDT 2026, 265 W
Fri Apr  3 15:47:50 IDT 2026, 279 W
Fri Apr  3 15:47:50 IDT 2026, 269 W
Fri Apr  3 15:47:50 IDT 2026, 262 W
Fri Apr  3 15:47:50 IDT 2026, 259 W
Fri Apr  3 15:47:50 IDT 2026, 271 W
Fri Apr  3 15:47:51 IDT 2026, 266 W
Fri Apr  3 15:47:51 IDT 2026, 247 W
Fri Apr  3 15:47:51 IDT 2026, 256 W
Fri Apr  3 15:47:51 IDT 2026, 278 W
Fri Apr  3 15:47:51 IDT 2026, 270 W
Fri Apr  3 15:47:51 IDT 2026, 266 W
Fri Apr  3 15:47:51 IDT 2026, 261 W
Fri Apr  3 15:47:51 IDT 2026, 270 W
Fri Apr  3 15:47:52 IDT 2026, 268 W
Fri Apr  3 15:47:52 IDT 2026, 242 W
Fri Apr  3 15:47:52 IDT 2026, 260 W
Fri Apr  3 15:47:52 IDT 2026, 283 W
Fri Apr  3 15:47:52 IDT 2026, 267 W
Fri Apr  3 15:47:52 IDT 2026, 267 W
Fri Apr  3 15:47:52 IDT 2026, 257 W
Fri Apr  3 15:47:52 IDT 2026, 265 W
Fri Apr  3 15:47:53 IDT 2026, 276 W
Fri Apr  3 15:47:53 IDT 2026, 251 W
Fri Apr  3 15:47:53 IDT 2026, 263 W
Fri Apr  3 15:47:53 IDT 2026, 279 W
Fri Apr  3 15:47:53 IDT 2026, 272 W
Fri Apr  3 15:47:53 IDT 2026, 268 W
Fri Apr  3 15:47:53 IDT 2026, 265 W
Fri Apr  3 15:47:53 IDT 2026, 265 W
Fri Apr  3 15:47:54 IDT 2026, 278 W
Fri Apr  3 15:47:54 IDT 2026, 251 W
Fri Apr  3 15:47:54 IDT 2026, 260 W
Fri Apr  3 15:47:54 IDT 2026, 283 W
Fri Apr  3 15:47:54 IDT 2026, 261 W
Fri Apr  3 15:47:54 IDT 2026, 263 W
Fri Apr  3 15:47:54 IDT 2026, 266 W
Fri Apr  3 15:47:54 IDT 2026, 266 W
Fri Apr  3 15:47:55 IDT 2026, 279 W
Fri Apr  3 15:47:55 IDT 2026, 249 W
Fri Apr  3 15:47:55 IDT 2026, 269 W
Fri Apr  3 15:47:55 IDT 2026, 276 W
Fri Apr  3 15:47:55 IDT 2026, 268 W
Fri Apr  3 15:47:55 IDT 2026, 273 W
Fri Apr  3 15:47:55 IDT 2026, 262 W
Fri Apr  3 15:47:55 IDT 2026, 280 W
Fri Apr  3 15:47:56 IDT 2026, 277 W
Fri Apr  3 15:47:56 IDT 2026, 242 W
Fri Apr  3 15:47:56 IDT 2026, 265 W
Fri Apr  3 15:47:56 IDT 2026, 277 W
Fri Apr  3 15:47:56 IDT 2026, 264 W
Fri Apr  3 15:47:56 IDT 2026, 261 W
Fri Apr  3 15:47:56 IDT 2026, 261 W
Fri Apr  3 15:47:56 IDT 2026, 270 W
Fri Apr  3 15:47:57 IDT 2026, 274 W
Fri Apr  3 15:47:57 IDT 2026, 244 W
Fri Apr  3 15:47:57 IDT 2026, 264 W
Fri Apr  3 15:47:57 IDT 2026, 278 W
Fri Apr  3 15:47:57 IDT 2026, 259 W
Fri Apr  3 15:47:57 IDT 2026, 267 W
Fri Apr  3 15:47:57 IDT 2026, 259 W
Fri Apr  3 15:47:57 IDT 2026, 268 W
Fri Apr  3 15:47:58 IDT 2026, 273 W
Fri Apr  3 15:47:58 IDT 2026, 245 W
Fri Apr  3 15:47:58 IDT 2026, 269 W
Fri Apr  3 15:47:58 IDT 2026, 278 W
Fri Apr  3 15:47:58 IDT 2026, 265 W
Fri Apr  3 15:47:58 IDT 2026, 267 W
Fri Apr  3 15:47:58 IDT 2026, 261 W
Fri Apr  3 15:47:58 IDT 2026, 272 W
Fri Apr  3 15:47:59 IDT 2026, 270 W
Fri Apr  3 15:47:59 IDT 2026, 245 W
Fri Apr  3 15:47:59 IDT 2026, 264 W
Fri Apr  3 15:47:59 IDT 2026, 278 W
Fri Apr  3 15:47:59 IDT 2026, 267 W
Fri Apr  3 15:47:59 IDT 2026, 268 W
Fri Apr  3 15:47:59 IDT 2026, 267 W
Fri Apr  3 15:47:59 IDT 2026, 269 W
Fri Apr  3 15:48:00 IDT 2026, 274 W
Fri Apr  3 15:48:00 IDT 2026, 239 W
Fri Apr  3 15:48:00 IDT 2026, 265 W
Fri Apr  3 15:48:00 IDT 2026, 265 W
Fri Apr  3 15:48:00 IDT 2026, 259 W
Fri Apr  3 15:48:00 IDT 2026, 263 W
Fri Apr  3 15:48:00 IDT 2026, 256 W
Fri Apr  3 15:48:00 IDT 2026, 263 W
Fri Apr  3 15:48:01 IDT 2026, 280 W
Fri Apr  3 15:48:01 IDT 2026, 239 W
Fri Apr  3 15:48:01 IDT 2026, 264 W
Fri Apr  3 15:48:01 IDT 2026, 271 W
Fri Apr  3 15:48:01 IDT 2026, 266 W
Fri Apr  3 15:48:01 IDT 2026, 267 W
Fri Apr  3 15:48:01 IDT 2026, 259 W
Fri Apr  3 15:48:01 IDT 2026, 270 W
Fri Apr  3 15:48:02 IDT 2026, 266 W
Fri Apr  3 15:48:02 IDT 2026, 244 W
Fri Apr  3 15:48:02 IDT 2026, 269 W
Fri Apr  3 15:48:02 IDT 2026, 269 W
Fri Apr  3 15:48:02 IDT 2026, 265 W
Fri Apr  3 15:48:02 IDT 2026, 269 W
Fri Apr  3 15:48:02 IDT 2026, 253 W
Fri Apr  3 15:48:02 IDT 2026, 274 W
Fri Apr  3 15:48:03 IDT 2026, 279 W
Fri Apr  3 15:48:03 IDT 2026, 244 W
Fri Apr  3 15:48:03 IDT 2026, 260 W
Fri Apr  3 15:48:03 IDT 2026, 277 W
Fri Apr  3 15:48:03 IDT 2026, 267 W
Fri Apr  3 15:48:03 IDT 2026, 268 W
Fri Apr  3 15:48:03 IDT 2026, 265 W
Fri Apr  3 15:48:03 IDT 2026, 273 W
Fri Apr  3 15:48:04 IDT 2026, 279 W
Fri Apr  3 15:48:04 IDT 2026, 242 W
Fri Apr  3 15:48:04 IDT 2026, 258 W
Fri Apr  3 15:48:04 IDT 2026, 283 W
Fri Apr  3 15:48:04 IDT 2026, 266 W
Fri Apr  3 15:48:04 IDT 2026, 260 W
Fri Apr  3 15:48:04 IDT 2026, 267 W
Fri Apr  3 15:48:04 IDT 2026, 275 W
Fri Apr  3 15:48:05 IDT 2026, 267 W
Fri Apr  3 15:48:05 IDT 2026, 244 W
Fri Apr  3 15:48:05 IDT 2026, 261 W
Fri Apr  3 15:48:05 IDT 2026, 272 W
Fri Apr  3 15:48:05 IDT 2026, 259 W
Fri Apr  3 15:48:05 IDT 2026, 272 W
Fri Apr  3 15:48:05 IDT 2026, 265 W
Fri Apr  3 15:48:05 IDT 2026, 269 W
Fri Apr  3 15:48:06 IDT 2026, 268 W
Fri Apr  3 15:48:06 IDT 2026, 244 W
Fri Apr  3 15:48:06 IDT 2026, 259 W
Fri Apr  3 15:48:06 IDT 2026, 269 W
Fri Apr  3 15:48:06 IDT 2026, 263 W
Fri Apr  3 15:48:06 IDT 2026, 270 W
Fri Apr  3 15:48:06 IDT 2026, 266 W
Fri Apr  3 15:48:06 IDT 2026, 262 W
Fri Apr  3 15:48:07 IDT 2026, 129 W
Fri Apr  3 15:48:07 IDT 2026, 104 W
Fri Apr  3 15:48:07 IDT 2026, 125 W
Fri Apr  3 15:48:07 IDT 2026, 139 W
Fri Apr  3 15:48:07 IDT 2026, 120 W
Fri Apr  3 15:48:07 IDT 2026, 123 W
Fri Apr  3 15:48:07 IDT 2026, 122 W
Fri Apr  3 15:48:07 IDT 2026, 122 W
Fri Apr  3 15:48:08 IDT 2026, 132 W
Fri Apr  3 15:48:08 IDT 2026, 103 W
Fri Apr  3 15:48:08 IDT 2026, 116 W
Fri Apr  3 15:48:08 IDT 2026, 129 W
Fri Apr  3 15:48:08 IDT 2026, 122 W
Fri Apr  3 15:48:08 IDT 2026, 123 W
Fri Apr  3 15:48:08 IDT 2026, 115 W
Fri Apr  3 15:48:08 IDT 2026, 126 W
Fri Apr  3 15:48:09 IDT 2026, 137 W
Fri Apr  3 15:48:09 IDT 2026, 105 W
Fri Apr  3 15:48:09 IDT 2026, 117 W
Fri Apr  3 15:48:09 IDT 2026, 131 W
Fri Apr  3 15:48:09 IDT 2026, 121 W
Fri Apr  3 15:48:09 IDT 2026, 124 W
Fri Apr  3 15:48:09 IDT 2026, 117 W
Fri Apr  3 15:48:09 IDT 2026, 128 W
Fri Apr  3 15:48:10 IDT 2026, 270 W
Fri Apr  3 15:48:10 IDT 2026, 245 W
Fri Apr  3 15:48:10 IDT 2026, 264 W
Fri Apr  3 15:48:10 IDT 2026, 276 W
Fri Apr  3 15:48:10 IDT 2026, 273 W
Fri Apr  3 15:48:10 IDT 2026, 267 W
Fri Apr  3 15:48:10 IDT 2026, 266 W
Fri Apr  3 15:48:10 IDT 2026, 269 W
Fri Apr  3 15:48:11 IDT 2026, 274 W
Fri Apr  3 15:48:11 IDT 2026, 241 W
Fri Apr  3 15:48:11 IDT 2026, 265 W
Fri Apr  3 15:48:11 IDT 2026, 277 W
Fri Apr  3 15:48:11 IDT 2026, 265 W
Fri Apr  3 15:48:11 IDT 2026, 266 W
Fri Apr  3 15:48:11 IDT 2026, 261 W
Fri Apr  3 15:48:11 IDT 2026, 266 W
Fri Apr  3 15:48:12 IDT 2026, 274 W
Fri Apr  3 15:48:12 IDT 2026, 237 W
Fri Apr  3 15:48:12 IDT 2026, 256 W
Fri Apr  3 15:48:12 IDT 2026, 277 W
Fri Apr  3 15:48:12 IDT 2026, 262 W
Fri Apr  3 15:48:12 IDT 2026, 265 W
Fri Apr  3 15:48:12 IDT 2026, 257 W
Fri Apr  3 15:48:12 IDT 2026, 273 W
Fri Apr  3 15:48:13 IDT 2026, 274 W
Fri Apr  3 15:48:13 IDT 2026, 249 W
Fri Apr  3 15:48:13 IDT 2026, 269 W
Fri Apr  3 15:48:13 IDT 2026, 278 W
Fri Apr  3 15:48:13 IDT 2026, 265 W
Fri Apr  3 15:48:13 IDT 2026, 270 W
Fri Apr  3 15:48:13 IDT 2026, 264 W
Fri Apr  3 15:48:13 IDT 2026, 268 W
Fri Apr  3 15:48:14 IDT 2026, 243 W
Fri Apr  3 15:48:14 IDT 2026, 214 W
Fri Apr  3 15:48:14 IDT 2026, 231 W
Fri Apr  3 15:48:14 IDT 2026, 243 W
Fri Apr  3 15:48:14 IDT 2026, 232 W
Fri Apr  3 15:48:14 IDT 2026, 237 W
Fri Apr  3 15:48:14 IDT 2026, 225 W
Fri Apr  3 15:48:14 IDT 2026, 244 W
Fri Apr  3 15:48:15 IDT 2026, 271 W
Fri Apr  3 15:48:15 IDT 2026, 239 W
Fri Apr  3 15:48:15 IDT 2026, 261 W
Fri Apr  3 15:48:15 IDT 2026, 272 W
Fri Apr  3 15:48:15 IDT 2026, 266 W
Fri Apr  3 15:48:15 IDT 2026, 268 W
Fri Apr  3 15:48:15 IDT 2026, 252 W
Fri Apr  3 15:48:15 IDT 2026, 271 W
Fri Apr  3 15:48:16 IDT 2026, 274 W
Fri Apr  3 15:48:16 IDT 2026, 239 W
Fri Apr  3 15:48:16 IDT 2026, 263 W
Fri Apr  3 15:48:16 IDT 2026, 273 W
Fri Apr  3 15:48:16 IDT 2026, 261 W
Fri Apr  3 15:48:16 IDT 2026, 266 W
Fri Apr  3 15:48:16 IDT 2026, 259 W
Fri Apr  3 15:48:16 IDT 2026, 276 W
Fri Apr  3 15:48:17 IDT 2026, 273 W
Fri Apr  3 15:48:17 IDT 2026, 241 W
Fri Apr  3 15:48:17 IDT 2026, 258 W
Fri Apr  3 15:48:17 IDT 2026, 274 W
Fri Apr  3 15:48:17 IDT 2026, 265 W
Fri Apr  3 15:48:17 IDT 2026, 264 W
Fri Apr  3 15:48:17 IDT 2026, 263 W
Fri Apr  3 15:48:17 IDT 2026, 270 W
Fri Apr  3 15:48:18 IDT 2026, 267 W
Fri Apr  3 15:48:18 IDT 2026, 233 W
Fri Apr  3 15:48:18 IDT 2026, 260 W
Fri Apr  3 15:48:18 IDT 2026, 271 W
Fri Apr  3 15:48:18 IDT 2026, 266 W
Fri Apr  3 15:48:18 IDT 2026, 265 W
Fri Apr  3 15:48:18 IDT 2026, 259 W
Fri Apr  3 15:48:18 IDT 2026, 260 W
Fri Apr  3 15:48:19 IDT 2026, 268 W
Fri Apr  3 15:48:19 IDT 2026, 246 W
Fri Apr  3 15:48:19 IDT 2026, 261 W
Fri Apr  3 15:48:19 IDT 2026, 280 W
Fri Apr  3 15:48:19 IDT 2026, 268 W
Fri Apr  3 15:48:19 IDT 2026, 269 W
Fri Apr  3 15:48:19 IDT 2026, 261 W
Fri Apr  3 15:48:19 IDT 2026, 270 W
Fri Apr  3 15:48:20 IDT 2026, 258 W
Fri Apr  3 15:48:20 IDT 2026, 225 W
Fri Apr  3 15:48:20 IDT 2026, 246 W
Fri Apr  3 15:48:20 IDT 2026, 260 W
Fri Apr  3 15:48:20 IDT 2026, 246 W
Fri Apr  3 15:48:20 IDT 2026, 245 W
Fri Apr  3 15:48:20 IDT 2026, 246 W
Fri Apr  3 15:48:20 IDT 2026, 251 W
Fri Apr  3 15:48:21 IDT 2026, 270 W
Fri Apr  3 15:48:21 IDT 2026, 235 W
Fri Apr  3 15:48:21 IDT 2026, 261 W
Fri Apr  3 15:48:21 IDT 2026, 277 W
Fri Apr  3 15:48:21 IDT 2026, 268 W
Fri Apr  3 15:48:21 IDT 2026, 261 W
Fri Apr  3 15:48:21 IDT 2026, 256 W
Fri Apr  3 15:48:21 IDT 2026, 263 W
Fri Apr  3 15:48:22 IDT 2026, 269 W
Fri Apr  3 15:48:22 IDT 2026, 235 W
Fri Apr  3 15:48:22 IDT 2026, 271 W
Fri Apr  3 15:48:22 IDT 2026, 276 W
Fri Apr  3 15:48:22 IDT 2026, 263 W
Fri Apr  3 15:48:22 IDT 2026, 261 W
Fri Apr  3 15:48:22 IDT 2026, 262 W
Fri Apr  3 15:48:22 IDT 2026, 269 W
Fri Apr  3 15:48:23 IDT 2026, 265 W
Fri Apr  3 15:48:23 IDT 2026, 239 W
Fri Apr  3 15:48:23 IDT 2026, 265 W
Fri Apr  3 15:48:23 IDT 2026, 268 W
Fri Apr  3 15:48:23 IDT 2026, 265 W
Fri Apr  3 15:48:23 IDT 2026, 268 W
Fri Apr  3 15:48:23 IDT 2026, 267 W
Fri Apr  3 15:48:23 IDT 2026, 269 W
Fri Apr  3 15:48:24 IDT 2026, 268 W
Fri Apr  3 15:48:24 IDT 2026, 225 W
Fri Apr  3 15:48:24 IDT 2026, 256 W
Fri Apr  3 15:48:24 IDT 2026, 264 W
Fri Apr  3 15:48:24 IDT 2026, 244 W
Fri Apr  3 15:48:24 IDT 2026, 255 W
Fri Apr  3 15:48:24 IDT 2026, 248 W
Fri Apr  3 15:48:24 IDT 2026, 255 W
Fri Apr  3 15:48:25 IDT 2026, 261 W
Fri Apr  3 15:48:25 IDT 2026, 233 W
Fri Apr  3 15:48:25 IDT 2026, 254 W
Fri Apr  3 15:48:25 IDT 2026, 272 W
Fri Apr  3 15:48:25 IDT 2026, 257 W
Fri Apr  3 15:48:25 IDT 2026, 257 W
Fri Apr  3 15:48:25 IDT 2026, 248 W
Fri Apr  3 15:48:25 IDT 2026, 259 W
Fri Apr  3 15:48:26 IDT 2026, 250 W
Fri Apr  3 15:48:26 IDT 2026, 232 W
Fri Apr  3 15:48:26 IDT 2026, 247 W
Fri Apr  3 15:48:26 IDT 2026, 258 W
Fri Apr  3 15:48:26 IDT 2026, 243 W
Fri Apr  3 15:48:26 IDT 2026, 238 W
Fri Apr  3 15:48:26 IDT 2026, 242 W
Fri Apr  3 15:48:26 IDT 2026, 250 W
Fri Apr  3 15:48:27 IDT 2026, 260 W
Fri Apr  3 15:48:27 IDT 2026, 227 W
Fri Apr  3 15:48:27 IDT 2026, 243 W
Fri Apr  3 15:48:27 IDT 2026, 262 W
Fri Apr  3 15:48:27 IDT 2026, 249 W
Fri Apr  3 15:48:27 IDT 2026, 251 W
Fri Apr  3 15:48:27 IDT 2026, 251 W
Fri Apr  3 15:48:27 IDT 2026, 262 W
Fri Apr  3 15:48:28 IDT 2026, 260 W
Fri Apr  3 15:48:28 IDT 2026, 240 W
Fri Apr  3 15:48:28 IDT 2026, 263 W
Fri Apr  3 15:48:28 IDT 2026, 267 W
Fri Apr  3 15:48:28 IDT 2026, 254 W
Fri Apr  3 15:48:28 IDT 2026, 263 W
Fri Apr  3 15:48:28 IDT 2026, 247 W
Fri Apr  3 15:48:28 IDT 2026, 252 W
Fri Apr  3 15:48:29 IDT 2026, 266 W
Fri Apr  3 15:48:29 IDT 2026, 245 W
Fri Apr  3 15:48:29 IDT 2026, 253 W
Fri Apr  3 15:48:29 IDT 2026, 278 W
Fri Apr  3 15:48:29 IDT 2026, 271 W
Fri Apr  3 15:48:29 IDT 2026, 239 W
Fri Apr  3 15:48:29 IDT 2026, 256 W
Fri Apr  3 15:48:29 IDT 2026, 258 W
Fri Apr  3 15:48:30 IDT 2026, 248 W
Fri Apr  3 15:48:30 IDT 2026, 219 W
Fri Apr  3 15:48:30 IDT 2026, 240 W
Fri Apr  3 15:48:30 IDT 2026, 257 W
Fri Apr  3 15:48:30 IDT 2026, 238 W
Fri Apr  3 15:48:30 IDT 2026, 241 W
Fri Apr  3 15:48:30 IDT 2026, 242 W
Fri Apr  3 15:48:30 IDT 2026, 247 W
Fri Apr  3 15:48:31 IDT 2026, 264 W
Fri Apr  3 15:48:31 IDT 2026, 226 W
Fri Apr  3 15:48:31 IDT 2026, 256 W
Fri Apr  3 15:48:31 IDT 2026, 265 W
Fri Apr  3 15:48:31 IDT 2026, 255 W
Fri Apr  3 15:48:31 IDT 2026, 255 W
Fri Apr  3 15:48:31 IDT 2026, 252 W
Fri Apr  3 15:48:31 IDT 2026, 263 W
