timestamp, power.draw [W]
Wed Apr  1 19:42:39 IDT 2026, 228 W
Wed Apr  1 19:42:39 IDT 2026, 230 W
Wed Apr  1 19:42:39 IDT 2026, 226 W
Wed Apr  1 19:42:39 IDT 2026, 228 W
Wed Apr  1 19:42:41 IDT 2026, 228 W
Wed Apr  1 19:42:41 IDT 2026, 230 W
Wed Apr  1 19:42:41 IDT 2026, 226 W
Wed Apr  1 19:42:41 IDT 2026, 228 W
Wed Apr  1 19:42:41 IDT 2026, 228 W
Wed Apr  1 19:42:41 IDT 2026, 230 W
Wed Apr  1 19:42:41 IDT 2026, 226 W
Wed Apr  1 19:42:41 IDT 2026, 228 W
Wed Apr  1 19:42:42 IDT 2026, 228 W
Wed Apr  1 19:42:42 IDT 2026, 230 W
Wed Apr  1 19:42:42 IDT 2026, 226 W
Wed Apr  1 19:42:42 IDT 2026, 228 W
Wed Apr  1 19:42:43 IDT 2026, 228 W
Wed Apr  1 19:42:43 IDT 2026, 230 W
Wed Apr  1 19:42:43 IDT 2026, 226 W
Wed Apr  1 19:42:43 IDT 2026, 228 W
Wed Apr  1 19:42:44 IDT 2026, 228 W
Wed Apr  1 19:42:44 IDT 2026, 230 W
Wed Apr  1 19:42:44 IDT 2026, 226 W
Wed Apr  1 19:42:44 IDT 2026, 228 W
Wed Apr  1 19:42:45 IDT 2026, 228 W
Wed Apr  1 19:42:45 IDT 2026, 230 W
Wed Apr  1 19:42:45 IDT 2026, 226 W
Wed Apr  1 19:42:45 IDT 2026, 228 W
Wed Apr  1 19:42:46 IDT 2026, 229 W
Wed Apr  1 19:42:46 IDT 2026, 230 W
Wed Apr  1 19:42:46 IDT 2026, 226 W
Wed Apr  1 19:42:46 IDT 2026, 228 W
Wed Apr  1 19:42:47 IDT 2026, 228 W
Wed Apr  1 19:42:47 IDT 2026, 230 W
Wed Apr  1 19:42:47 IDT 2026, 226 W
Wed Apr  1 19:42:47 IDT 2026, 228 W
Wed Apr  1 19:42:48 IDT 2026, 228 W
Wed Apr  1 19:42:48 IDT 2026, 230 W
Wed Apr  1 19:42:48 IDT 2026, 226 W
Wed Apr  1 19:42:48 IDT 2026, 228 W
Wed Apr  1 19:42:49 IDT 2026, 228 W
Wed Apr  1 19:42:49 IDT 2026, 230 W
Wed Apr  1 19:42:49 IDT 2026, 226 W
Wed Apr  1 19:42:49 IDT 2026, 228 W
Wed Apr  1 19:42:51 IDT 2026, 230 W
Wed Apr  1 19:42:51 IDT 2026, 232 W
Wed Apr  1 19:42:51 IDT 2026, 227 W
Wed Apr  1 19:42:51 IDT 2026, 230 W
Wed Apr  1 19:42:51 IDT 2026, 230 W
Wed Apr  1 19:42:51 IDT 2026, 231 W
Wed Apr  1 19:42:51 IDT 2026, 227 W
Wed Apr  1 19:42:51 IDT 2026, 231 W
Wed Apr  1 19:42:53 IDT 2026, 229 W
Wed Apr  1 19:42:53 IDT 2026, 231 W
Wed Apr  1 19:42:53 IDT 2026, 226 W
Wed Apr  1 19:42:53 IDT 2026, 230 W
Wed Apr  1 19:42:53 IDT 2026, 229 W
Wed Apr  1 19:42:53 IDT 2026, 231 W
Wed Apr  1 19:42:53 IDT 2026, 228 W
Wed Apr  1 19:42:53 IDT 2026, 229 W
Wed Apr  1 19:42:54 IDT 2026, 230 W
Wed Apr  1 19:42:54 IDT 2026, 232 W
Wed Apr  1 19:42:54 IDT 2026, 228 W
Wed Apr  1 19:42:54 IDT 2026, 230 W
Wed Apr  1 19:42:55 IDT 2026, 592 W
Wed Apr  1 19:42:55 IDT 2026, 600 W
Wed Apr  1 19:42:55 IDT 2026, 588 W
Wed Apr  1 19:42:55 IDT 2026, 595 W
Wed Apr  1 19:42:56 IDT 2026, 593 W
Wed Apr  1 19:42:56 IDT 2026, 601 W
Wed Apr  1 19:42:56 IDT 2026, 588 W
Wed Apr  1 19:42:56 IDT 2026, 596 W
Wed Apr  1 19:42:57 IDT 2026, 592 W
Wed Apr  1 19:42:57 IDT 2026, 596 W
Wed Apr  1 19:42:57 IDT 2026, 587 W
Wed Apr  1 19:42:57 IDT 2026, 596 W
Wed Apr  1 19:42:58 IDT 2026, 595 W
Wed Apr  1 19:42:58 IDT 2026, 599 W
Wed Apr  1 19:42:58 IDT 2026, 590 W
Wed Apr  1 19:42:58 IDT 2026, 596 W
Wed Apr  1 19:42:59 IDT 2026, 587 W
Wed Apr  1 19:42:59 IDT 2026, 594 W
Wed Apr  1 19:42:59 IDT 2026, 585 W
Wed Apr  1 19:42:59 IDT 2026, 592 W
Wed Apr  1 19:43:00 IDT 2026, 593 W
Wed Apr  1 19:43:00 IDT 2026, 601 W
Wed Apr  1 19:43:00 IDT 2026, 587 W
Wed Apr  1 19:43:00 IDT 2026, 595 W
Wed Apr  1 19:43:01 IDT 2026, 591 W
Wed Apr  1 19:43:01 IDT 2026, 598 W
Wed Apr  1 19:43:01 IDT 2026, 587 W
Wed Apr  1 19:43:01 IDT 2026, 595 W
Wed Apr  1 19:43:02 IDT 2026, 595 W
Wed Apr  1 19:43:02 IDT 2026, 598 W
Wed Apr  1 19:43:02 IDT 2026, 588 W
Wed Apr  1 19:43:02 IDT 2026, 595 W
Wed Apr  1 19:43:03 IDT 2026, 591 W
Wed Apr  1 19:43:03 IDT 2026, 598 W
Wed Apr  1 19:43:03 IDT 2026, 587 W
Wed Apr  1 19:43:03 IDT 2026, 595 W
Wed Apr  1 19:43:04 IDT 2026, 591 W
Wed Apr  1 19:43:04 IDT 2026, 600 W
Wed Apr  1 19:43:04 IDT 2026, 588 W
Wed Apr  1 19:43:04 IDT 2026, 596 W
Wed Apr  1 19:43:05 IDT 2026, 596 W
Wed Apr  1 19:43:05 IDT 2026, 599 W
Wed Apr  1 19:43:05 IDT 2026, 588 W
Wed Apr  1 19:43:05 IDT 2026, 595 W
Wed Apr  1 19:43:06 IDT 2026, 593 W
Wed Apr  1 19:43:06 IDT 2026, 600 W
Wed Apr  1 19:43:06 IDT 2026, 588 W
Wed Apr  1 19:43:06 IDT 2026, 596 W
Wed Apr  1 19:43:07 IDT 2026, 586 W
Wed Apr  1 19:43:07 IDT 2026, 594 W
Wed Apr  1 19:43:07 IDT 2026, 581 W
Wed Apr  1 19:43:07 IDT 2026, 591 W
Wed Apr  1 19:43:08 IDT 2026, 588 W
Wed Apr  1 19:43:08 IDT 2026, 596 W
Wed Apr  1 19:43:08 IDT 2026, 584 W
Wed Apr  1 19:43:08 IDT 2026, 591 W
Wed Apr  1 19:43:09 IDT 2026, 589 W
Wed Apr  1 19:43:09 IDT 2026, 593 W
Wed Apr  1 19:43:09 IDT 2026, 582 W
Wed Apr  1 19:43:09 IDT 2026, 589 W
Wed Apr  1 19:43:10 IDT 2026, 585 W
Wed Apr  1 19:43:10 IDT 2026, 593 W
Wed Apr  1 19:43:10 IDT 2026, 581 W
Wed Apr  1 19:43:10 IDT 2026, 589 W
Wed Apr  1 19:43:12 IDT 2026, 589 W
Wed Apr  1 19:43:12 IDT 2026, 596 W
Wed Apr  1 19:43:12 IDT 2026, 584 W
Wed Apr  1 19:43:12 IDT 2026, 595 W
Wed Apr  1 19:43:12 IDT 2026, 592 W
Wed Apr  1 19:43:12 IDT 2026, 598 W
Wed Apr  1 19:43:12 IDT 2026, 584 W
Wed Apr  1 19:43:12 IDT 2026, 591 W
Wed Apr  1 19:43:13 IDT 2026, 589 W
Wed Apr  1 19:43:13 IDT 2026, 593 W
Wed Apr  1 19:43:13 IDT 2026, 583 W
Wed Apr  1 19:43:13 IDT 2026, 593 W
Wed Apr  1 19:43:14 IDT 2026, 592 W
Wed Apr  1 19:43:14 IDT 2026, 599 W
Wed Apr  1 19:43:14 IDT 2026, 585 W
Wed Apr  1 19:43:14 IDT 2026, 591 W
Wed Apr  1 19:43:15 IDT 2026, 593 W
Wed Apr  1 19:43:15 IDT 2026, 597 W
Wed Apr  1 19:43:15 IDT 2026, 584 W
Wed Apr  1 19:43:15 IDT 2026, 595 W
Wed Apr  1 19:43:16 IDT 2026, 586 W
Wed Apr  1 19:43:16 IDT 2026, 593 W
Wed Apr  1 19:43:16 IDT 2026, 584 W
Wed Apr  1 19:43:16 IDT 2026, 585 W
Wed Apr  1 19:43:17 IDT 2026, 589 W
Wed Apr  1 19:43:17 IDT 2026, 596 W
Wed Apr  1 19:43:17 IDT 2026, 582 W
Wed Apr  1 19:43:17 IDT 2026, 593 W
Wed Apr  1 19:43:18 IDT 2026, 587 W
Wed Apr  1 19:43:18 IDT 2026, 592 W
Wed Apr  1 19:43:18 IDT 2026, 582 W
Wed Apr  1 19:43:18 IDT 2026, 589 W
Wed Apr  1 19:43:19 IDT 2026, 591 W
Wed Apr  1 19:43:19 IDT 2026, 596 W
Wed Apr  1 19:43:19 IDT 2026, 585 W
Wed Apr  1 19:43:19 IDT 2026, 595 W
Wed Apr  1 19:43:20 IDT 2026, 232 W
Wed Apr  1 19:43:20 IDT 2026, 234 W
Wed Apr  1 19:43:20 IDT 2026, 229 W
Wed Apr  1 19:43:20 IDT 2026, 234 W
Wed Apr  1 19:43:21 IDT 2026, 231 W
Wed Apr  1 19:43:21 IDT 2026, 234 W
Wed Apr  1 19:43:21 IDT 2026, 230 W
Wed Apr  1 19:43:21 IDT 2026, 232 W
Wed Apr  1 19:43:22 IDT 2026, 580 W
Wed Apr  1 19:43:22 IDT 2026, 590 W
Wed Apr  1 19:43:22 IDT 2026, 575 W
Wed Apr  1 19:43:22 IDT 2026, 582 W
Wed Apr  1 19:43:23 IDT 2026, 576 W
Wed Apr  1 19:43:23 IDT 2026, 582 W
Wed Apr  1 19:43:23 IDT 2026, 573 W
Wed Apr  1 19:43:23 IDT 2026, 581 W
Wed Apr  1 19:43:24 IDT 2026, 577 W
Wed Apr  1 19:43:24 IDT 2026, 583 W
Wed Apr  1 19:43:24 IDT 2026, 576 W
Wed Apr  1 19:43:24 IDT 2026, 584 W
Wed Apr  1 19:43:25 IDT 2026, 579 W
Wed Apr  1 19:43:25 IDT 2026, 585 W
Wed Apr  1 19:43:25 IDT 2026, 576 W
Wed Apr  1 19:43:25 IDT 2026, 584 W
Wed Apr  1 19:43:26 IDT 2026, 459 W
Wed Apr  1 19:43:26 IDT 2026, 451 W
Wed Apr  1 19:43:26 IDT 2026, 393 W
Wed Apr  1 19:43:26 IDT 2026, 388 W
Wed Apr  1 19:43:27 IDT 2026, 233 W
Wed Apr  1 19:43:27 IDT 2026, 234 W
Wed Apr  1 19:43:27 IDT 2026, 230 W
Wed Apr  1 19:43:27 IDT 2026, 233 W
Wed Apr  1 19:43:28 IDT 2026, 231 W
Wed Apr  1 19:43:28 IDT 2026, 234 W
Wed Apr  1 19:43:28 IDT 2026, 229 W
Wed Apr  1 19:43:28 IDT 2026, 232 W
Wed Apr  1 19:43:29 IDT 2026, 594 W
Wed Apr  1 19:43:29 IDT 2026, 599 W
Wed Apr  1 19:43:29 IDT 2026, 589 W
Wed Apr  1 19:43:29 IDT 2026, 600 W
Wed Apr  1 19:43:30 IDT 2026, 597 W
Wed Apr  1 19:43:30 IDT 2026, 603 W
Wed Apr  1 19:43:30 IDT 2026, 592 W
Wed Apr  1 19:43:30 IDT 2026, 601 W
Wed Apr  1 19:43:31 IDT 2026, 590 W
Wed Apr  1 19:43:31 IDT 2026, 595 W
Wed Apr  1 19:43:31 IDT 2026, 593 W
Wed Apr  1 19:43:31 IDT 2026, 602 W
Wed Apr  1 19:43:32 IDT 2026, 599 W
Wed Apr  1 19:43:32 IDT 2026, 605 W
Wed Apr  1 19:43:32 IDT 2026, 597 W
Wed Apr  1 19:43:32 IDT 2026, 606 W
Wed Apr  1 19:43:33 IDT 2026, 596 W
Wed Apr  1 19:43:33 IDT 2026, 604 W
Wed Apr  1 19:43:33 IDT 2026, 590 W
Wed Apr  1 19:43:33 IDT 2026, 604 W
Wed Apr  1 19:43:34 IDT 2026, 595 W
Wed Apr  1 19:43:34 IDT 2026, 599 W
Wed Apr  1 19:43:34 IDT 2026, 590 W
Wed Apr  1 19:43:34 IDT 2026, 599 W
Wed Apr  1 19:43:35 IDT 2026, 590 W
Wed Apr  1 19:43:35 IDT 2026, 596 W
Wed Apr  1 19:43:35 IDT 2026, 587 W
Wed Apr  1 19:43:35 IDT 2026, 598 W
Wed Apr  1 19:43:36 IDT 2026, 597 W
Wed Apr  1 19:43:36 IDT 2026, 605 W
Wed Apr  1 19:43:36 IDT 2026, 595 W
Wed Apr  1 19:43:36 IDT 2026, 604 W
Wed Apr  1 19:43:37 IDT 2026, 594 W
Wed Apr  1 19:43:37 IDT 2026, 604 W
Wed Apr  1 19:43:37 IDT 2026, 592 W
Wed Apr  1 19:43:37 IDT 2026, 601 W
Wed Apr  1 19:43:39 IDT 2026, 600 W
Wed Apr  1 19:43:39 IDT 2026, 605 W
Wed Apr  1 19:43:39 IDT 2026, 594 W
Wed Apr  1 19:43:39 IDT 2026, 604 W
Wed Apr  1 19:43:39 IDT 2026, 597 W
Wed Apr  1 19:43:39 IDT 2026, 603 W
Wed Apr  1 19:43:39 IDT 2026, 593 W
Wed Apr  1 19:43:39 IDT 2026, 603 W
Wed Apr  1 19:43:40 IDT 2026, 595 W
Wed Apr  1 19:43:40 IDT 2026, 604 W
Wed Apr  1 19:43:40 IDT 2026, 595 W
Wed Apr  1 19:43:40 IDT 2026, 604 W
Wed Apr  1 19:43:41 IDT 2026, 594 W
Wed Apr  1 19:43:41 IDT 2026, 600 W
Wed Apr  1 19:43:41 IDT 2026, 586 W
Wed Apr  1 19:43:41 IDT 2026, 596 W
Wed Apr  1 19:43:42 IDT 2026, 590 W
Wed Apr  1 19:43:42 IDT 2026, 597 W
Wed Apr  1 19:43:42 IDT 2026, 585 W
Wed Apr  1 19:43:42 IDT 2026, 594 W
Wed Apr  1 19:43:43 IDT 2026, 592 W
Wed Apr  1 19:43:43 IDT 2026, 594 W
Wed Apr  1 19:43:43 IDT 2026, 584 W
Wed Apr  1 19:43:43 IDT 2026, 593 W
Wed Apr  1 19:43:44 IDT 2026, 580 W
Wed Apr  1 19:43:44 IDT 2026, 586 W
Wed Apr  1 19:43:44 IDT 2026, 575 W
Wed Apr  1 19:43:44 IDT 2026, 584 W
Wed Apr  1 19:43:45 IDT 2026, 575 W
Wed Apr  1 19:43:45 IDT 2026, 585 W
Wed Apr  1 19:43:45 IDT 2026, 570 W
Wed Apr  1 19:43:45 IDT 2026, 578 W
Wed Apr  1 19:43:47 IDT 2026, 581 W
Wed Apr  1 19:43:47 IDT 2026, 590 W
Wed Apr  1 19:43:47 IDT 2026, 575 W
Wed Apr  1 19:43:47 IDT 2026, 583 W
Wed Apr  1 19:43:47 IDT 2026, 582 W
Wed Apr  1 19:43:47 IDT 2026, 589 W
Wed Apr  1 19:43:47 IDT 2026, 578 W
Wed Apr  1 19:43:47 IDT 2026, 586 W
Wed Apr  1 19:43:48 IDT 2026, 232 W
Wed Apr  1 19:43:48 IDT 2026, 235 W
Wed Apr  1 19:43:48 IDT 2026, 231 W
Wed Apr  1 19:43:48 IDT 2026, 235 W
Wed Apr  1 19:43:49 IDT 2026, 231 W
Wed Apr  1 19:43:49 IDT 2026, 234 W
Wed Apr  1 19:43:49 IDT 2026, 229 W
Wed Apr  1 19:43:49 IDT 2026, 233 W
Wed Apr  1 19:43:50 IDT 2026, 549 W
Wed Apr  1 19:43:50 IDT 2026, 551 W
Wed Apr  1 19:43:50 IDT 2026, 542 W
Wed Apr  1 19:43:50 IDT 2026, 554 W
Wed Apr  1 19:43:51 IDT 2026, 544 W
Wed Apr  1 19:43:51 IDT 2026, 551 W
Wed Apr  1 19:43:51 IDT 2026, 541 W
Wed Apr  1 19:43:51 IDT 2026, 548 W
Wed Apr  1 19:43:52 IDT 2026, 544 W
Wed Apr  1 19:43:52 IDT 2026, 544 W
Wed Apr  1 19:43:52 IDT 2026, 538 W
Wed Apr  1 19:43:52 IDT 2026, 550 W
Wed Apr  1 19:43:53 IDT 2026, 547 W
Wed Apr  1 19:43:53 IDT 2026, 549 W
Wed Apr  1 19:43:53 IDT 2026, 536 W
Wed Apr  1 19:43:53 IDT 2026, 550 W
Wed Apr  1 19:43:54 IDT 2026, 548 W
Wed Apr  1 19:43:54 IDT 2026, 549 W
Wed Apr  1 19:43:54 IDT 2026, 542 W
Wed Apr  1 19:43:54 IDT 2026, 549 W
Wed Apr  1 19:43:55 IDT 2026, 546 W
Wed Apr  1 19:43:55 IDT 2026, 553 W
Wed Apr  1 19:43:55 IDT 2026, 542 W
Wed Apr  1 19:43:55 IDT 2026, 551 W
Wed Apr  1 19:43:56 IDT 2026, 545 W
Wed Apr  1 19:43:56 IDT 2026, 553 W
Wed Apr  1 19:43:56 IDT 2026, 541 W
Wed Apr  1 19:43:56 IDT 2026, 550 W
Wed Apr  1 19:43:57 IDT 2026, 234 W
Wed Apr  1 19:43:57 IDT 2026, 236 W
Wed Apr  1 19:43:57 IDT 2026, 231 W
Wed Apr  1 19:43:57 IDT 2026, 237 W
Wed Apr  1 19:43:58 IDT 2026, 232 W
Wed Apr  1 19:43:58 IDT 2026, 235 W
Wed Apr  1 19:43:58 IDT 2026, 231 W
Wed Apr  1 19:43:58 IDT 2026, 236 W
Wed Apr  1 19:43:59 IDT 2026, 471 W
Wed Apr  1 19:43:59 IDT 2026, 491 W
Wed Apr  1 19:43:59 IDT 2026, 503 W
Wed Apr  1 19:43:59 IDT 2026, 505 W
Wed Apr  1 19:44:00 IDT 2026, 595 W
Wed Apr  1 19:44:00 IDT 2026, 603 W
Wed Apr  1 19:44:00 IDT 2026, 593 W
Wed Apr  1 19:44:00 IDT 2026, 602 W
Wed Apr  1 19:44:01 IDT 2026, 599 W
Wed Apr  1 19:44:01 IDT 2026, 606 W
Wed Apr  1 19:44:01 IDT 2026, 596 W
Wed Apr  1 19:44:01 IDT 2026, 606 W
Wed Apr  1 19:44:02 IDT 2026, 596 W
Wed Apr  1 19:44:02 IDT 2026, 604 W
Wed Apr  1 19:44:02 IDT 2026, 593 W
Wed Apr  1 19:44:02 IDT 2026, 603 W
Wed Apr  1 19:44:03 IDT 2026, 600 W
Wed Apr  1 19:44:03 IDT 2026, 607 W
Wed Apr  1 19:44:03 IDT 2026, 596 W
Wed Apr  1 19:44:03 IDT 2026, 605 W
Wed Apr  1 19:44:04 IDT 2026, 595 W
Wed Apr  1 19:44:04 IDT 2026, 605 W
Wed Apr  1 19:44:04 IDT 2026, 593 W
Wed Apr  1 19:44:04 IDT 2026, 603 W
Wed Apr  1 19:44:05 IDT 2026, 596 W
Wed Apr  1 19:44:05 IDT 2026, 600 W
Wed Apr  1 19:44:05 IDT 2026, 590 W
Wed Apr  1 19:44:05 IDT 2026, 601 W
Wed Apr  1 19:44:06 IDT 2026, 595 W
Wed Apr  1 19:44:06 IDT 2026, 602 W
Wed Apr  1 19:44:06 IDT 2026, 589 W
Wed Apr  1 19:44:06 IDT 2026, 600 W
Wed Apr  1 19:44:07 IDT 2026, 596 W
Wed Apr  1 19:44:07 IDT 2026, 600 W
Wed Apr  1 19:44:07 IDT 2026, 591 W
Wed Apr  1 19:44:07 IDT 2026, 601 W
Wed Apr  1 19:44:08 IDT 2026, 581 W
Wed Apr  1 19:44:08 IDT 2026, 586 W
Wed Apr  1 19:44:08 IDT 2026, 571 W
Wed Apr  1 19:44:08 IDT 2026, 585 W
Wed Apr  1 19:44:09 IDT 2026, 582 W
Wed Apr  1 19:44:09 IDT 2026, 592 W
Wed Apr  1 19:44:09 IDT 2026, 577 W
Wed Apr  1 19:44:09 IDT 2026, 584 W
Wed Apr  1 19:44:10 IDT 2026, 579 W
Wed Apr  1 19:44:10 IDT 2026, 586 W
Wed Apr  1 19:44:10 IDT 2026, 573 W
Wed Apr  1 19:44:10 IDT 2026, 583 W
Wed Apr  1 19:44:12 IDT 2026, 580 W
Wed Apr  1 19:44:12 IDT 2026, 586 W
Wed Apr  1 19:44:12 IDT 2026, 578 W
Wed Apr  1 19:44:12 IDT 2026, 581 W
Wed Apr  1 19:44:12 IDT 2026, 577 W
Wed Apr  1 19:44:12 IDT 2026, 585 W
Wed Apr  1 19:44:12 IDT 2026, 576 W
Wed Apr  1 19:44:12 IDT 2026, 585 W
Wed Apr  1 19:44:13 IDT 2026, 579 W
Wed Apr  1 19:44:13 IDT 2026, 586 W
Wed Apr  1 19:44:13 IDT 2026, 576 W
Wed Apr  1 19:44:13 IDT 2026, 588 W
Wed Apr  1 19:44:14 IDT 2026, 580 W
Wed Apr  1 19:44:14 IDT 2026, 586 W
Wed Apr  1 19:44:14 IDT 2026, 577 W
Wed Apr  1 19:44:14 IDT 2026, 585 W
Wed Apr  1 19:44:15 IDT 2026, 542 W
Wed Apr  1 19:44:15 IDT 2026, 546 W
Wed Apr  1 19:44:15 IDT 2026, 541 W
Wed Apr  1 19:44:15 IDT 2026, 556 W
Wed Apr  1 19:44:16 IDT 2026, 549 W
Wed Apr  1 19:44:16 IDT 2026, 554 W
Wed Apr  1 19:44:16 IDT 2026, 544 W
Wed Apr  1 19:44:16 IDT 2026, 551 W
Wed Apr  1 19:44:17 IDT 2026, 547 W
Wed Apr  1 19:44:17 IDT 2026, 553 W
Wed Apr  1 19:44:17 IDT 2026, 544 W
Wed Apr  1 19:44:17 IDT 2026, 552 W
Wed Apr  1 19:44:18 IDT 2026, 232 W
Wed Apr  1 19:44:18 IDT 2026, 234 W
Wed Apr  1 19:44:18 IDT 2026, 231 W
Wed Apr  1 19:44:18 IDT 2026, 235 W
Wed Apr  1 19:44:19 IDT 2026, 231 W
Wed Apr  1 19:44:19 IDT 2026, 234 W
Wed Apr  1 19:44:19 IDT 2026, 254 W
Wed Apr  1 19:44:19 IDT 2026, 301 W
Wed Apr  1 19:44:20 IDT 2026, 493 W
Wed Apr  1 19:44:20 IDT 2026, 500 W
Wed Apr  1 19:44:20 IDT 2026, 489 W
Wed Apr  1 19:44:20 IDT 2026, 500 W
Wed Apr  1 19:44:21 IDT 2026, 234 W
Wed Apr  1 19:44:21 IDT 2026, 236 W
Wed Apr  1 19:44:21 IDT 2026, 231 W
Wed Apr  1 19:44:21 IDT 2026, 237 W
Wed Apr  1 19:44:22 IDT 2026, 600 W
Wed Apr  1 19:44:22 IDT 2026, 606 W
Wed Apr  1 19:44:22 IDT 2026, 593 W
Wed Apr  1 19:44:22 IDT 2026, 602 W
Wed Apr  1 19:44:23 IDT 2026, 597 W
Wed Apr  1 19:44:23 IDT 2026, 604 W
Wed Apr  1 19:44:23 IDT 2026, 592 W
Wed Apr  1 19:44:23 IDT 2026, 602 W
Wed Apr  1 19:44:24 IDT 2026, 603 W
Wed Apr  1 19:44:24 IDT 2026, 606 W
Wed Apr  1 19:44:24 IDT 2026, 596 W
Wed Apr  1 19:44:24 IDT 2026, 607 W
Wed Apr  1 19:44:25 IDT 2026, 598 W
Wed Apr  1 19:44:25 IDT 2026, 607 W
Wed Apr  1 19:44:25 IDT 2026, 594 W
Wed Apr  1 19:44:25 IDT 2026, 606 W
Wed Apr  1 19:44:26 IDT 2026, 598 W
Wed Apr  1 19:44:26 IDT 2026, 602 W
Wed Apr  1 19:44:26 IDT 2026, 595 W
Wed Apr  1 19:44:26 IDT 2026, 605 W
Wed Apr  1 19:44:27 IDT 2026, 602 W
Wed Apr  1 19:44:27 IDT 2026, 608 W
Wed Apr  1 19:44:27 IDT 2026, 596 W
Wed Apr  1 19:44:27 IDT 2026, 606 W
Wed Apr  1 19:44:28 IDT 2026, 600 W
Wed Apr  1 19:44:28 IDT 2026, 606 W
Wed Apr  1 19:44:28 IDT 2026, 595 W
Wed Apr  1 19:44:28 IDT 2026, 605 W
Wed Apr  1 19:44:29 IDT 2026, 599 W
Wed Apr  1 19:44:29 IDT 2026, 604 W
Wed Apr  1 19:44:29 IDT 2026, 597 W
Wed Apr  1 19:44:29 IDT 2026, 607 W
Wed Apr  1 19:44:31 IDT 2026, 596 W
Wed Apr  1 19:44:31 IDT 2026, 603 W
Wed Apr  1 19:44:31 IDT 2026, 592 W
Wed Apr  1 19:44:31 IDT 2026, 601 W
Wed Apr  1 19:44:31 IDT 2026, 593 W
Wed Apr  1 19:44:31 IDT 2026, 600 W
Wed Apr  1 19:44:31 IDT 2026, 590 W
Wed Apr  1 19:44:31 IDT 2026, 600 W
Wed Apr  1 19:44:32 IDT 2026, 597 W
Wed Apr  1 19:44:32 IDT 2026, 600 W
Wed Apr  1 19:44:32 IDT 2026, 590 W
Wed Apr  1 19:44:32 IDT 2026, 602 W
Wed Apr  1 19:44:33 IDT 2026, 574 W
Wed Apr  1 19:44:33 IDT 2026, 580 W
Wed Apr  1 19:44:33 IDT 2026, 571 W
Wed Apr  1 19:44:33 IDT 2026, 582 W
Wed Apr  1 19:44:34 IDT 2026, 581 W
Wed Apr  1 19:44:34 IDT 2026, 588 W
Wed Apr  1 19:44:34 IDT 2026, 579 W
Wed Apr  1 19:44:34 IDT 2026, 591 W
Wed Apr  1 19:44:35 IDT 2026, 580 W
Wed Apr  1 19:44:35 IDT 2026, 585 W
Wed Apr  1 19:44:35 IDT 2026, 578 W
Wed Apr  1 19:44:35 IDT 2026, 589 W
Wed Apr  1 19:44:36 IDT 2026, 581 W
Wed Apr  1 19:44:36 IDT 2026, 589 W
Wed Apr  1 19:44:36 IDT 2026, 578 W
Wed Apr  1 19:44:36 IDT 2026, 588 W
Wed Apr  1 19:44:37 IDT 2026, 579 W
Wed Apr  1 19:44:37 IDT 2026, 586 W
Wed Apr  1 19:44:37 IDT 2026, 571 W
Wed Apr  1 19:44:37 IDT 2026, 582 W
Wed Apr  1 19:44:38 IDT 2026, 580 W
Wed Apr  1 19:44:38 IDT 2026, 587 W
Wed Apr  1 19:44:38 IDT 2026, 572 W
Wed Apr  1 19:44:38 IDT 2026, 583 W
Wed Apr  1 19:44:40 IDT 2026, 579 W
Wed Apr  1 19:44:40 IDT 2026, 583 W
Wed Apr  1 19:44:40 IDT 2026, 573 W
Wed Apr  1 19:44:40 IDT 2026, 582 W
Wed Apr  1 19:44:40 IDT 2026, 583 W
Wed Apr  1 19:44:40 IDT 2026, 591 W
Wed Apr  1 19:44:40 IDT 2026, 577 W
Wed Apr  1 19:44:40 IDT 2026, 588 W
Wed Apr  1 19:44:41 IDT 2026, 583 W
Wed Apr  1 19:44:41 IDT 2026, 585 W
Wed Apr  1 19:44:41 IDT 2026, 574 W
Wed Apr  1 19:44:41 IDT 2026, 586 W
Wed Apr  1 19:44:42 IDT 2026, 574 W
Wed Apr  1 19:44:42 IDT 2026, 581 W
Wed Apr  1 19:44:42 IDT 2026, 572 W
Wed Apr  1 19:44:42 IDT 2026, 581 W
Wed Apr  1 19:44:43 IDT 2026, 580 W
Wed Apr  1 19:44:43 IDT 2026, 588 W
Wed Apr  1 19:44:43 IDT 2026, 577 W
Wed Apr  1 19:44:43 IDT 2026, 580 W
Wed Apr  1 19:44:44 IDT 2026, 579 W
Wed Apr  1 19:44:44 IDT 2026, 588 W
Wed Apr  1 19:44:44 IDT 2026, 570 W
Wed Apr  1 19:44:44 IDT 2026, 583 W
Wed Apr  1 19:44:45 IDT 2026, 577 W
Wed Apr  1 19:44:45 IDT 2026, 584 W
Wed Apr  1 19:44:45 IDT 2026, 575 W
Wed Apr  1 19:44:45 IDT 2026, 587 W
Wed Apr  1 19:44:46 IDT 2026, 579 W
Wed Apr  1 19:44:46 IDT 2026, 589 W
Wed Apr  1 19:44:46 IDT 2026, 575 W
Wed Apr  1 19:44:46 IDT 2026, 583 W
Wed Apr  1 19:44:47 IDT 2026, 580 W
Wed Apr  1 19:44:47 IDT 2026, 584 W
Wed Apr  1 19:44:47 IDT 2026, 575 W
Wed Apr  1 19:44:47 IDT 2026, 585 W
Wed Apr  1 19:44:48 IDT 2026, 547 W
Wed Apr  1 19:44:48 IDT 2026, 555 W
Wed Apr  1 19:44:48 IDT 2026, 541 W
Wed Apr  1 19:44:48 IDT 2026, 556 W
Wed Apr  1 19:44:49 IDT 2026, 543 W
Wed Apr  1 19:44:49 IDT 2026, 549 W
Wed Apr  1 19:44:49 IDT 2026, 541 W
Wed Apr  1 19:44:49 IDT 2026, 551 W
Wed Apr  1 19:44:50 IDT 2026, 233 W
Wed Apr  1 19:44:50 IDT 2026, 235 W
Wed Apr  1 19:44:50 IDT 2026, 232 W
Wed Apr  1 19:44:50 IDT 2026, 237 W
Wed Apr  1 19:44:51 IDT 2026, 597 W
Wed Apr  1 19:44:51 IDT 2026, 604 W
Wed Apr  1 19:44:51 IDT 2026, 591 W
Wed Apr  1 19:44:51 IDT 2026, 604 W
Wed Apr  1 19:44:52 IDT 2026, 599 W
Wed Apr  1 19:44:52 IDT 2026, 607 W
Wed Apr  1 19:44:52 IDT 2026, 594 W
Wed Apr  1 19:44:52 IDT 2026, 606 W
Wed Apr  1 19:44:53 IDT 2026, 599 W
Wed Apr  1 19:44:53 IDT 2026, 608 W
Wed Apr  1 19:44:53 IDT 2026, 591 W
Wed Apr  1 19:44:53 IDT 2026, 605 W
Wed Apr  1 19:44:54 IDT 2026, 597 W
Wed Apr  1 19:44:54 IDT 2026, 606 W
Wed Apr  1 19:44:54 IDT 2026, 594 W
Wed Apr  1 19:44:54 IDT 2026, 602 W
Wed Apr  1 19:44:55 IDT 2026, 594 W
Wed Apr  1 19:44:55 IDT 2026, 598 W
Wed Apr  1 19:44:55 IDT 2026, 588 W
Wed Apr  1 19:44:55 IDT 2026, 599 W
Wed Apr  1 19:44:56 IDT 2026, 598 W
Wed Apr  1 19:44:56 IDT 2026, 605 W
Wed Apr  1 19:44:56 IDT 2026, 593 W
Wed Apr  1 19:44:56 IDT 2026, 604 W
Wed Apr  1 19:44:57 IDT 2026, 597 W
Wed Apr  1 19:44:57 IDT 2026, 601 W
Wed Apr  1 19:44:57 IDT 2026, 593 W
Wed Apr  1 19:44:57 IDT 2026, 602 W
Wed Apr  1 19:44:58 IDT 2026, 595 W
Wed Apr  1 19:44:58 IDT 2026, 603 W
Wed Apr  1 19:44:58 IDT 2026, 590 W
Wed Apr  1 19:44:58 IDT 2026, 601 W
Wed Apr  1 19:44:59 IDT 2026, 593 W
Wed Apr  1 19:44:59 IDT 2026, 601 W
Wed Apr  1 19:44:59 IDT 2026, 590 W
Wed Apr  1 19:44:59 IDT 2026, 601 W
Wed Apr  1 19:45:00 IDT 2026, 595 W
Wed Apr  1 19:45:00 IDT 2026, 601 W
Wed Apr  1 19:45:00 IDT 2026, 591 W
Wed Apr  1 19:45:00 IDT 2026, 603 W
Wed Apr  1 19:45:01 IDT 2026, 595 W
Wed Apr  1 19:45:01 IDT 2026, 601 W
Wed Apr  1 19:45:01 IDT 2026, 592 W
Wed Apr  1 19:45:01 IDT 2026, 601 W
Wed Apr  1 19:45:02 IDT 2026, 596 W
Wed Apr  1 19:45:02 IDT 2026, 601 W
Wed Apr  1 19:45:02 IDT 2026, 593 W
Wed Apr  1 19:45:02 IDT 2026, 604 W
Wed Apr  1 19:45:03 IDT 2026, 595 W
Wed Apr  1 19:45:03 IDT 2026, 602 W
Wed Apr  1 19:45:03 IDT 2026, 592 W
Wed Apr  1 19:45:03 IDT 2026, 602 W
Wed Apr  1 19:45:04 IDT 2026, 591 W
Wed Apr  1 19:45:04 IDT 2026, 603 W
Wed Apr  1 19:45:04 IDT 2026, 587 W
Wed Apr  1 19:45:04 IDT 2026, 598 W
Wed Apr  1 19:45:05 IDT 2026, 596 W
Wed Apr  1 19:45:05 IDT 2026, 605 W
Wed Apr  1 19:45:05 IDT 2026, 595 W
Wed Apr  1 19:45:05 IDT 2026, 605 W
Wed Apr  1 19:45:06 IDT 2026, 597 W
Wed Apr  1 19:45:06 IDT 2026, 602 W
Wed Apr  1 19:45:06 IDT 2026, 589 W
Wed Apr  1 19:45:06 IDT 2026, 604 W
Wed Apr  1 19:45:07 IDT 2026, 597 W
Wed Apr  1 19:45:07 IDT 2026, 605 W
Wed Apr  1 19:45:07 IDT 2026, 592 W
Wed Apr  1 19:45:07 IDT 2026, 605 W
Wed Apr  1 19:45:08 IDT 2026, 595 W
Wed Apr  1 19:45:08 IDT 2026, 601 W
Wed Apr  1 19:45:08 IDT 2026, 592 W
Wed Apr  1 19:45:08 IDT 2026, 604 W
Wed Apr  1 19:45:09 IDT 2026, 596 W
Wed Apr  1 19:45:09 IDT 2026, 604 W
Wed Apr  1 19:45:09 IDT 2026, 592 W
Wed Apr  1 19:45:09 IDT 2026, 605 W
Wed Apr  1 19:45:10 IDT 2026, 596 W
Wed Apr  1 19:45:10 IDT 2026, 599 W
Wed Apr  1 19:45:10 IDT 2026, 589 W
Wed Apr  1 19:45:10 IDT 2026, 601 W
Wed Apr  1 19:45:11 IDT 2026, 595 W
Wed Apr  1 19:45:11 IDT 2026, 599 W
Wed Apr  1 19:45:11 IDT 2026, 590 W
Wed Apr  1 19:45:11 IDT 2026, 604 W
Wed Apr  1 19:45:12 IDT 2026, 595 W
Wed Apr  1 19:45:12 IDT 2026, 601 W
Wed Apr  1 19:45:12 IDT 2026, 591 W
Wed Apr  1 19:45:12 IDT 2026, 607 W
Wed Apr  1 19:45:13 IDT 2026, 598 W
Wed Apr  1 19:45:13 IDT 2026, 605 W
Wed Apr  1 19:45:13 IDT 2026, 592 W
Wed Apr  1 19:45:13 IDT 2026, 604 W
Wed Apr  1 19:45:14 IDT 2026, 595 W
Wed Apr  1 19:45:14 IDT 2026, 603 W
Wed Apr  1 19:45:14 IDT 2026, 592 W
Wed Apr  1 19:45:14 IDT 2026, 607 W
Wed Apr  1 19:45:15 IDT 2026, 583 W
Wed Apr  1 19:45:15 IDT 2026, 585 W
Wed Apr  1 19:45:15 IDT 2026, 572 W
Wed Apr  1 19:45:15 IDT 2026, 591 W
Wed Apr  1 19:45:16 IDT 2026, 577 W
Wed Apr  1 19:45:16 IDT 2026, 586 W
Wed Apr  1 19:45:16 IDT 2026, 572 W
Wed Apr  1 19:45:16 IDT 2026, 586 W
Wed Apr  1 19:45:17 IDT 2026, 583 W
Wed Apr  1 19:45:17 IDT 2026, 588 W
Wed Apr  1 19:45:17 IDT 2026, 578 W
Wed Apr  1 19:45:17 IDT 2026, 589 W
Wed Apr  1 19:45:18 IDT 2026, 581 W
Wed Apr  1 19:45:18 IDT 2026, 589 W
Wed Apr  1 19:45:18 IDT 2026, 576 W
Wed Apr  1 19:45:18 IDT 2026, 586 W
Wed Apr  1 19:45:19 IDT 2026, 580 W
Wed Apr  1 19:45:19 IDT 2026, 591 W
Wed Apr  1 19:45:19 IDT 2026, 576 W
Wed Apr  1 19:45:19 IDT 2026, 593 W
Wed Apr  1 19:45:20 IDT 2026, 580 W
Wed Apr  1 19:45:20 IDT 2026, 595 W
Wed Apr  1 19:45:20 IDT 2026, 580 W
Wed Apr  1 19:45:20 IDT 2026, 592 W
Wed Apr  1 19:45:21 IDT 2026, 676 W
Wed Apr  1 19:45:21 IDT 2026, 703 W
Wed Apr  1 19:45:21 IDT 2026, 720 W
Wed Apr  1 19:45:21 IDT 2026, 740 W
Wed Apr  1 19:45:22 IDT 2026, 599 W
Wed Apr  1 19:45:22 IDT 2026, 604 W
Wed Apr  1 19:45:22 IDT 2026, 594 W
Wed Apr  1 19:45:22 IDT 2026, 606 W
Wed Apr  1 19:45:23 IDT 2026, 601 W
Wed Apr  1 19:45:23 IDT 2026, 608 W
Wed Apr  1 19:45:23 IDT 2026, 596 W
Wed Apr  1 19:45:23 IDT 2026, 606 W
Wed Apr  1 19:45:24 IDT 2026, 598 W
Wed Apr  1 19:45:24 IDT 2026, 607 W
Wed Apr  1 19:45:24 IDT 2026, 595 W
Wed Apr  1 19:45:24 IDT 2026, 609 W
Wed Apr  1 19:45:25 IDT 2026, 600 W
Wed Apr  1 19:45:25 IDT 2026, 606 W
Wed Apr  1 19:45:25 IDT 2026, 595 W
Wed Apr  1 19:45:25 IDT 2026, 610 W
Wed Apr  1 19:45:26 IDT 2026, 598 W
Wed Apr  1 19:45:26 IDT 2026, 604 W
Wed Apr  1 19:45:26 IDT 2026, 596 W
Wed Apr  1 19:45:26 IDT 2026, 607 W
Wed Apr  1 19:45:27 IDT 2026, 594 W
Wed Apr  1 19:45:27 IDT 2026, 601 W
Wed Apr  1 19:45:27 IDT 2026, 594 W
Wed Apr  1 19:45:27 IDT 2026, 607 W
Wed Apr  1 19:45:28 IDT 2026, 598 W
Wed Apr  1 19:45:28 IDT 2026, 606 W
Wed Apr  1 19:45:28 IDT 2026, 598 W
Wed Apr  1 19:45:28 IDT 2026, 609 W
Wed Apr  1 19:45:29 IDT 2026, 600 W
Wed Apr  1 19:45:29 IDT 2026, 608 W
Wed Apr  1 19:45:29 IDT 2026, 596 W
Wed Apr  1 19:45:29 IDT 2026, 607 W
Wed Apr  1 19:45:30 IDT 2026, 601 W
Wed Apr  1 19:45:30 IDT 2026, 606 W
Wed Apr  1 19:45:30 IDT 2026, 595 W
Wed Apr  1 19:45:30 IDT 2026, 609 W
Wed Apr  1 19:45:32 IDT 2026, 581 W
Wed Apr  1 19:45:32 IDT 2026, 586 W
Wed Apr  1 19:45:32 IDT 2026, 576 W
Wed Apr  1 19:45:32 IDT 2026, 588 W
Wed Apr  1 19:45:32 IDT 2026, 580 W
Wed Apr  1 19:45:32 IDT 2026, 586 W
Wed Apr  1 19:45:32 IDT 2026, 577 W
Wed Apr  1 19:45:32 IDT 2026, 589 W
Wed Apr  1 19:45:33 IDT 2026, 551 W
Wed Apr  1 19:45:33 IDT 2026, 556 W
Wed Apr  1 19:45:33 IDT 2026, 543 W
Wed Apr  1 19:45:33 IDT 2026, 557 W
Wed Apr  1 19:45:34 IDT 2026, 549 W
Wed Apr  1 19:45:34 IDT 2026, 557 W
Wed Apr  1 19:45:34 IDT 2026, 545 W
Wed Apr  1 19:45:34 IDT 2026, 558 W
Wed Apr  1 19:45:35 IDT 2026, 544 W
Wed Apr  1 19:45:35 IDT 2026, 552 W
Wed Apr  1 19:45:35 IDT 2026, 541 W
Wed Apr  1 19:45:35 IDT 2026, 552 W
Wed Apr  1 19:45:36 IDT 2026, 546 W
Wed Apr  1 19:45:36 IDT 2026, 554 W
Wed Apr  1 19:45:36 IDT 2026, 542 W
Wed Apr  1 19:45:36 IDT 2026, 557 W
Wed Apr  1 19:45:37 IDT 2026, 539 W
Wed Apr  1 19:45:37 IDT 2026, 548 W
Wed Apr  1 19:45:37 IDT 2026, 536 W
Wed Apr  1 19:45:37 IDT 2026, 547 W
Wed Apr  1 19:45:38 IDT 2026, 548 W
Wed Apr  1 19:45:38 IDT 2026, 554 W
Wed Apr  1 19:45:38 IDT 2026, 542 W
Wed Apr  1 19:45:38 IDT 2026, 554 W
Wed Apr  1 19:45:39 IDT 2026, 547 W
Wed Apr  1 19:45:39 IDT 2026, 552 W
Wed Apr  1 19:45:39 IDT 2026, 545 W
Wed Apr  1 19:45:39 IDT 2026, 553 W
Wed Apr  1 19:45:41 IDT 2026, 550 W
Wed Apr  1 19:45:41 IDT 2026, 555 W
Wed Apr  1 19:45:41 IDT 2026, 543 W
Wed Apr  1 19:45:41 IDT 2026, 556 W
Wed Apr  1 19:45:41 IDT 2026, 548 W
Wed Apr  1 19:45:41 IDT 2026, 556 W
Wed Apr  1 19:45:41 IDT 2026, 540 W
Wed Apr  1 19:45:41 IDT 2026, 553 W
Wed Apr  1 19:45:42 IDT 2026, 548 W
Wed Apr  1 19:45:42 IDT 2026, 554 W
Wed Apr  1 19:45:42 IDT 2026, 540 W
Wed Apr  1 19:45:42 IDT 2026, 554 W
Wed Apr  1 19:45:43 IDT 2026, 547 W
Wed Apr  1 19:45:43 IDT 2026, 555 W
Wed Apr  1 19:45:43 IDT 2026, 546 W
Wed Apr  1 19:45:43 IDT 2026, 557 W
Wed Apr  1 19:45:44 IDT 2026, 542 W
Wed Apr  1 19:45:44 IDT 2026, 548 W
Wed Apr  1 19:45:44 IDT 2026, 540 W
Wed Apr  1 19:45:44 IDT 2026, 549 W
Wed Apr  1 19:45:45 IDT 2026, 544 W
Wed Apr  1 19:45:45 IDT 2026, 545 W
Wed Apr  1 19:45:45 IDT 2026, 539 W
Wed Apr  1 19:45:45 IDT 2026, 551 W
Wed Apr  1 19:45:46 IDT 2026, 236 W
Wed Apr  1 19:45:46 IDT 2026, 236 W
Wed Apr  1 19:45:46 IDT 2026, 233 W
Wed Apr  1 19:45:46 IDT 2026, 238 W
Wed Apr  1 19:45:47 IDT 2026, 594 W
Wed Apr  1 19:45:47 IDT 2026, 604 W
Wed Apr  1 19:45:47 IDT 2026, 589 W
Wed Apr  1 19:45:47 IDT 2026, 603 W
Wed Apr  1 19:45:48 IDT 2026, 599 W
Wed Apr  1 19:45:48 IDT 2026, 606 W
Wed Apr  1 19:45:48 IDT 2026, 593 W
Wed Apr  1 19:45:48 IDT 2026, 607 W
Wed Apr  1 19:45:49 IDT 2026, 600 W
Wed Apr  1 19:45:49 IDT 2026, 607 W
Wed Apr  1 19:45:49 IDT 2026, 596 W
Wed Apr  1 19:45:49 IDT 2026, 610 W
Wed Apr  1 19:45:50 IDT 2026, 590 W
Wed Apr  1 19:45:50 IDT 2026, 599 W
Wed Apr  1 19:45:50 IDT 2026, 586 W
Wed Apr  1 19:45:50 IDT 2026, 599 W
Wed Apr  1 19:45:51 IDT 2026, 574 W
Wed Apr  1 19:45:51 IDT 2026, 582 W
Wed Apr  1 19:45:51 IDT 2026, 577 W
Wed Apr  1 19:45:51 IDT 2026, 586 W
Wed Apr  1 19:45:52 IDT 2026, 580 W
Wed Apr  1 19:45:52 IDT 2026, 578 W
Wed Apr  1 19:45:52 IDT 2026, 564 W
Wed Apr  1 19:45:52 IDT 2026, 573 W
Wed Apr  1 19:45:53 IDT 2026, 547 W
Wed Apr  1 19:45:53 IDT 2026, 553 W
Wed Apr  1 19:45:53 IDT 2026, 546 W
Wed Apr  1 19:45:53 IDT 2026, 554 W
Wed Apr  1 19:45:54 IDT 2026, 495 W
Wed Apr  1 19:45:54 IDT 2026, 501 W
Wed Apr  1 19:45:54 IDT 2026, 492 W
Wed Apr  1 19:45:54 IDT 2026, 503 W
Wed Apr  1 19:45:55 IDT 2026, 494 W
Wed Apr  1 19:45:55 IDT 2026, 501 W
Wed Apr  1 19:45:55 IDT 2026, 491 W
Wed Apr  1 19:45:55 IDT 2026, 503 W
Wed Apr  1 19:45:56 IDT 2026, 495 W
Wed Apr  1 19:45:56 IDT 2026, 501 W
Wed Apr  1 19:45:56 IDT 2026, 492 W
Wed Apr  1 19:45:56 IDT 2026, 501 W
Wed Apr  1 19:45:57 IDT 2026, 497 W
Wed Apr  1 19:45:57 IDT 2026, 501 W
Wed Apr  1 19:45:57 IDT 2026, 491 W
Wed Apr  1 19:45:57 IDT 2026, 502 W
Wed Apr  1 19:45:58 IDT 2026, 496 W
Wed Apr  1 19:45:58 IDT 2026, 500 W
Wed Apr  1 19:45:58 IDT 2026, 491 W
Wed Apr  1 19:45:58 IDT 2026, 502 W
Wed Apr  1 19:45:59 IDT 2026, 235 W
Wed Apr  1 19:45:59 IDT 2026, 236 W
Wed Apr  1 19:45:59 IDT 2026, 231 W
Wed Apr  1 19:45:59 IDT 2026, 238 W
Wed Apr  1 19:46:00 IDT 2026, 602 W
Wed Apr  1 19:46:00 IDT 2026, 607 W
Wed Apr  1 19:46:00 IDT 2026, 598 W
Wed Apr  1 19:46:00 IDT 2026, 608 W
Wed Apr  1 19:46:01 IDT 2026, 600 W
Wed Apr  1 19:46:01 IDT 2026, 605 W
Wed Apr  1 19:46:01 IDT 2026, 595 W
Wed Apr  1 19:46:01 IDT 2026, 607 W
Wed Apr  1 19:46:02 IDT 2026, 598 W
Wed Apr  1 19:46:02 IDT 2026, 604 W
Wed Apr  1 19:46:02 IDT 2026, 597 W
Wed Apr  1 19:46:02 IDT 2026, 604 W
Wed Apr  1 19:46:03 IDT 2026, 599 W
Wed Apr  1 19:46:03 IDT 2026, 607 W
Wed Apr  1 19:46:03 IDT 2026, 597 W
Wed Apr  1 19:46:03 IDT 2026, 611 W
Wed Apr  1 19:46:04 IDT 2026, 601 W
Wed Apr  1 19:46:04 IDT 2026, 607 W
Wed Apr  1 19:46:04 IDT 2026, 596 W
Wed Apr  1 19:46:04 IDT 2026, 608 W
Wed Apr  1 19:46:05 IDT 2026, 601 W
Wed Apr  1 19:46:05 IDT 2026, 606 W
Wed Apr  1 19:46:05 IDT 2026, 595 W
Wed Apr  1 19:46:05 IDT 2026, 608 W
Wed Apr  1 19:46:06 IDT 2026, 594 W
Wed Apr  1 19:46:06 IDT 2026, 602 W
Wed Apr  1 19:46:06 IDT 2026, 593 W
Wed Apr  1 19:46:06 IDT 2026, 605 W
Wed Apr  1 19:46:08 IDT 2026, 592 W
Wed Apr  1 19:46:08 IDT 2026, 599 W
Wed Apr  1 19:46:08 IDT 2026, 589 W
Wed Apr  1 19:46:08 IDT 2026, 602 W
Wed Apr  1 19:46:08 IDT 2026, 577 W
Wed Apr  1 19:46:08 IDT 2026, 584 W
Wed Apr  1 19:46:08 IDT 2026, 573 W
Wed Apr  1 19:46:08 IDT 2026, 586 W
Wed Apr  1 19:46:09 IDT 2026, 577 W
Wed Apr  1 19:46:09 IDT 2026, 581 W
Wed Apr  1 19:46:09 IDT 2026, 570 W
Wed Apr  1 19:46:09 IDT 2026, 582 W
Wed Apr  1 19:46:10 IDT 2026, 580 W
Wed Apr  1 19:46:10 IDT 2026, 591 W
Wed Apr  1 19:46:10 IDT 2026, 572 W
Wed Apr  1 19:46:10 IDT 2026, 585 W
Wed Apr  1 19:46:11 IDT 2026, 577 W
Wed Apr  1 19:46:11 IDT 2026, 584 W
Wed Apr  1 19:46:11 IDT 2026, 575 W
Wed Apr  1 19:46:11 IDT 2026, 589 W
Wed Apr  1 19:46:12 IDT 2026, 582 W
Wed Apr  1 19:46:12 IDT 2026, 586 W
Wed Apr  1 19:46:12 IDT 2026, 580 W
Wed Apr  1 19:46:12 IDT 2026, 590 W
Wed Apr  1 19:46:13 IDT 2026, 577 W
Wed Apr  1 19:46:13 IDT 2026, 586 W
Wed Apr  1 19:46:13 IDT 2026, 572 W
Wed Apr  1 19:46:13 IDT 2026, 587 W
Wed Apr  1 19:46:15 IDT 2026, 586 W
Wed Apr  1 19:46:15 IDT 2026, 592 W
Wed Apr  1 19:46:15 IDT 2026, 581 W
Wed Apr  1 19:46:15 IDT 2026, 593 W
Wed Apr  1 19:46:15 IDT 2026, 579 W
Wed Apr  1 19:46:15 IDT 2026, 582 W
Wed Apr  1 19:46:15 IDT 2026, 572 W
Wed Apr  1 19:46:15 IDT 2026, 584 W
Wed Apr  1 19:46:16 IDT 2026, 580 W
Wed Apr  1 19:46:16 IDT 2026, 583 W
Wed Apr  1 19:46:16 IDT 2026, 573 W
Wed Apr  1 19:46:16 IDT 2026, 589 W
Wed Apr  1 19:46:17 IDT 2026, 579 W
Wed Apr  1 19:46:17 IDT 2026, 587 W
Wed Apr  1 19:46:17 IDT 2026, 573 W
Wed Apr  1 19:46:17 IDT 2026, 584 W
Wed Apr  1 19:46:18 IDT 2026, 586 W
Wed Apr  1 19:46:18 IDT 2026, 589 W
Wed Apr  1 19:46:18 IDT 2026, 577 W
Wed Apr  1 19:46:18 IDT 2026, 588 W
Wed Apr  1 19:46:19 IDT 2026, 583 W
Wed Apr  1 19:46:19 IDT 2026, 589 W
Wed Apr  1 19:46:19 IDT 2026, 577 W
Wed Apr  1 19:46:19 IDT 2026, 591 W
Wed Apr  1 19:46:20 IDT 2026, 581 W
Wed Apr  1 19:46:20 IDT 2026, 590 W
Wed Apr  1 19:46:20 IDT 2026, 578 W
Wed Apr  1 19:46:20 IDT 2026, 591 W
Wed Apr  1 19:46:21 IDT 2026, 579 W
Wed Apr  1 19:46:21 IDT 2026, 584 W
Wed Apr  1 19:46:21 IDT 2026, 572 W
Wed Apr  1 19:46:21 IDT 2026, 585 W
Wed Apr  1 19:46:22 IDT 2026, 584 W
Wed Apr  1 19:46:22 IDT 2026, 591 W
Wed Apr  1 19:46:22 IDT 2026, 580 W
Wed Apr  1 19:46:22 IDT 2026, 593 W
Wed Apr  1 19:46:23 IDT 2026, 586 W
Wed Apr  1 19:46:23 IDT 2026, 591 W
Wed Apr  1 19:46:23 IDT 2026, 579 W
Wed Apr  1 19:46:23 IDT 2026, 594 W
Wed Apr  1 19:46:24 IDT 2026, 581 W
Wed Apr  1 19:46:24 IDT 2026, 588 W
Wed Apr  1 19:46:24 IDT 2026, 578 W
Wed Apr  1 19:46:24 IDT 2026, 583 W
Wed Apr  1 19:46:25 IDT 2026, 556 W
Wed Apr  1 19:46:25 IDT 2026, 562 W
Wed Apr  1 19:46:25 IDT 2026, 577 W
Wed Apr  1 19:46:25 IDT 2026, 589 W
Wed Apr  1 19:46:26 IDT 2026, 545 W
Wed Apr  1 19:46:26 IDT 2026, 554 W
Wed Apr  1 19:46:26 IDT 2026, 545 W
Wed Apr  1 19:46:26 IDT 2026, 553 W
Wed Apr  1 19:46:27 IDT 2026, 243 W
Wed Apr  1 19:46:28 IDT 2026, 242 W
Wed Apr  1 19:46:27 IDT 2026, 238 W
Wed Apr  1 19:46:27 IDT 2026, 245 W
Wed Apr  1 19:46:28 IDT 2026, 597 W
Wed Apr  1 19:46:28 IDT 2026, 604 W
Wed Apr  1 19:46:28 IDT 2026, 596 W
Wed Apr  1 19:46:28 IDT 2026, 608 W
Wed Apr  1 19:46:29 IDT 2026, 600 W
Wed Apr  1 19:46:29 IDT 2026, 605 W
Wed Apr  1 19:46:29 IDT 2026, 594 W
Wed Apr  1 19:46:29 IDT 2026, 609 W
Wed Apr  1 19:46:30 IDT 2026, 602 W
Wed Apr  1 19:46:30 IDT 2026, 605 W
Wed Apr  1 19:46:30 IDT 2026, 592 W
Wed Apr  1 19:46:30 IDT 2026, 606 W
Wed Apr  1 19:46:31 IDT 2026, 601 W
Wed Apr  1 19:46:31 IDT 2026, 605 W
Wed Apr  1 19:46:31 IDT 2026, 594 W
Wed Apr  1 19:46:31 IDT 2026, 609 W
Wed Apr  1 19:46:32 IDT 2026, 600 W
Wed Apr  1 19:46:32 IDT 2026, 606 W
Wed Apr  1 19:46:32 IDT 2026, 596 W
Wed Apr  1 19:46:32 IDT 2026, 606 W
Wed Apr  1 19:46:33 IDT 2026, 597 W
Wed Apr  1 19:46:33 IDT 2026, 603 W
Wed Apr  1 19:46:33 IDT 2026, 593 W
Wed Apr  1 19:46:33 IDT 2026, 606 W
Wed Apr  1 19:46:34 IDT 2026, 601 W
Wed Apr  1 19:46:34 IDT 2026, 609 W
Wed Apr  1 19:46:34 IDT 2026, 599 W
Wed Apr  1 19:46:34 IDT 2026, 611 W
Wed Apr  1 19:46:35 IDT 2026, 600 W
Wed Apr  1 19:46:35 IDT 2026, 607 W
Wed Apr  1 19:46:35 IDT 2026, 598 W
Wed Apr  1 19:46:35 IDT 2026, 611 W
Wed Apr  1 19:46:36 IDT 2026, 598 W
Wed Apr  1 19:46:36 IDT 2026, 605 W
Wed Apr  1 19:46:36 IDT 2026, 596 W
Wed Apr  1 19:46:36 IDT 2026, 611 W
Wed Apr  1 19:46:37 IDT 2026, 597 W
Wed Apr  1 19:46:37 IDT 2026, 599 W
Wed Apr  1 19:46:37 IDT 2026, 591 W
Wed Apr  1 19:46:37 IDT 2026, 604 W
Wed Apr  1 19:46:38 IDT 2026, 590 W
Wed Apr  1 19:46:38 IDT 2026, 599 W
Wed Apr  1 19:46:38 IDT 2026, 588 W
Wed Apr  1 19:46:38 IDT 2026, 597 W
Wed Apr  1 19:46:39 IDT 2026, 590 W
Wed Apr  1 19:46:39 IDT 2026, 595 W
Wed Apr  1 19:46:39 IDT 2026, 584 W
Wed Apr  1 19:46:39 IDT 2026, 603 W
Wed Apr  1 19:46:40 IDT 2026, 572 W
Wed Apr  1 19:46:40 IDT 2026, 580 W
Wed Apr  1 19:46:40 IDT 2026, 577 W
Wed Apr  1 19:46:40 IDT 2026, 588 W
Wed Apr  1 19:46:42 IDT 2026, 584 W
Wed Apr  1 19:46:42 IDT 2026, 588 W
Wed Apr  1 19:46:42 IDT 2026, 577 W
Wed Apr  1 19:46:42 IDT 2026, 590 W
Wed Apr  1 19:46:42 IDT 2026, 581 W
Wed Apr  1 19:46:42 IDT 2026, 584 W
Wed Apr  1 19:46:42 IDT 2026, 574 W
Wed Apr  1 19:46:42 IDT 2026, 589 W
Wed Apr  1 19:46:43 IDT 2026, 580 W
Wed Apr  1 19:46:43 IDT 2026, 586 W
Wed Apr  1 19:46:43 IDT 2026, 576 W
Wed Apr  1 19:46:43 IDT 2026, 589 W
Wed Apr  1 19:46:44 IDT 2026, 584 W
Wed Apr  1 19:46:44 IDT 2026, 586 W
Wed Apr  1 19:46:44 IDT 2026, 576 W
Wed Apr  1 19:46:44 IDT 2026, 591 W
Wed Apr  1 19:46:45 IDT 2026, 579 W
Wed Apr  1 19:46:45 IDT 2026, 583 W
Wed Apr  1 19:46:45 IDT 2026, 575 W
Wed Apr  1 19:46:45 IDT 2026, 589 W
Wed Apr  1 19:46:46 IDT 2026, 576 W
Wed Apr  1 19:46:46 IDT 2026, 587 W
Wed Apr  1 19:46:46 IDT 2026, 573 W
Wed Apr  1 19:46:46 IDT 2026, 585 W
Wed Apr  1 19:46:47 IDT 2026, 580 W
Wed Apr  1 19:46:47 IDT 2026, 588 W
Wed Apr  1 19:46:47 IDT 2026, 577 W
Wed Apr  1 19:46:47 IDT 2026, 591 W
Wed Apr  1 19:46:48 IDT 2026, 581 W
Wed Apr  1 19:46:48 IDT 2026, 588 W
Wed Apr  1 19:46:48 IDT 2026, 573 W
Wed Apr  1 19:46:48 IDT 2026, 590 W
Wed Apr  1 19:46:49 IDT 2026, 581 W
Wed Apr  1 19:46:49 IDT 2026, 586 W
Wed Apr  1 19:46:49 IDT 2026, 577 W
Wed Apr  1 19:46:49 IDT 2026, 592 W
Wed Apr  1 19:46:50 IDT 2026, 583 W
Wed Apr  1 19:46:50 IDT 2026, 587 W
Wed Apr  1 19:46:50 IDT 2026, 580 W
Wed Apr  1 19:46:50 IDT 2026, 592 W
Wed Apr  1 19:46:51 IDT 2026, 578 W
Wed Apr  1 19:46:51 IDT 2026, 582 W
Wed Apr  1 19:46:51 IDT 2026, 571 W
Wed Apr  1 19:46:51 IDT 2026, 587 W
Wed Apr  1 19:46:52 IDT 2026, 584 W
Wed Apr  1 19:46:52 IDT 2026, 586 W
Wed Apr  1 19:46:52 IDT 2026, 579 W
Wed Apr  1 19:46:52 IDT 2026, 592 W
Wed Apr  1 19:46:53 IDT 2026, 548 W
Wed Apr  1 19:46:53 IDT 2026, 552 W
Wed Apr  1 19:46:53 IDT 2026, 543 W
Wed Apr  1 19:46:53 IDT 2026, 555 W
Wed Apr  1 19:46:54 IDT 2026, 549 W
Wed Apr  1 19:46:54 IDT 2026, 554 W
Wed Apr  1 19:46:54 IDT 2026, 546 W
Wed Apr  1 19:46:54 IDT 2026, 558 W
Wed Apr  1 19:46:55 IDT 2026, 545 W
Wed Apr  1 19:46:55 IDT 2026, 550 W
Wed Apr  1 19:46:55 IDT 2026, 542 W
Wed Apr  1 19:46:55 IDT 2026, 555 W
Wed Apr  1 19:46:56 IDT 2026, 406 W
Wed Apr  1 19:46:56 IDT 2026, 238 W
Wed Apr  1 19:46:56 IDT 2026, 233 W
Wed Apr  1 19:46:56 IDT 2026, 240 W
Wed Apr  1 19:46:57 IDT 2026, 600 W
Wed Apr  1 19:46:57 IDT 2026, 605 W
Wed Apr  1 19:46:57 IDT 2026, 593 W
Wed Apr  1 19:46:57 IDT 2026, 609 W
Wed Apr  1 19:46:58 IDT 2026, 599 W
Wed Apr  1 19:46:58 IDT 2026, 605 W
Wed Apr  1 19:46:58 IDT 2026, 593 W
Wed Apr  1 19:46:58 IDT 2026, 607 W
Wed Apr  1 19:46:59 IDT 2026, 602 W
Wed Apr  1 19:46:59 IDT 2026, 606 W
Wed Apr  1 19:46:59 IDT 2026, 597 W
Wed Apr  1 19:46:59 IDT 2026, 605 W
Wed Apr  1 19:47:00 IDT 2026, 590 W
Wed Apr  1 19:47:00 IDT 2026, 598 W
Wed Apr  1 19:47:00 IDT 2026, 586 W
Wed Apr  1 19:47:00 IDT 2026, 600 W
Wed Apr  1 19:47:01 IDT 2026, 591 W
Wed Apr  1 19:47:01 IDT 2026, 599 W
Wed Apr  1 19:47:01 IDT 2026, 589 W
Wed Apr  1 19:47:01 IDT 2026, 600 W
Wed Apr  1 19:47:02 IDT 2026, 580 W
Wed Apr  1 19:47:02 IDT 2026, 588 W
Wed Apr  1 19:47:02 IDT 2026, 577 W
Wed Apr  1 19:47:02 IDT 2026, 587 W
Wed Apr  1 19:47:03 IDT 2026, 583 W
Wed Apr  1 19:47:03 IDT 2026, 588 W
Wed Apr  1 19:47:03 IDT 2026, 576 W
Wed Apr  1 19:47:03 IDT 2026, 594 W
Wed Apr  1 19:47:05 IDT 2026, 579 W
Wed Apr  1 19:47:05 IDT 2026, 587 W
Wed Apr  1 19:47:05 IDT 2026, 577 W
Wed Apr  1 19:47:05 IDT 2026, 589 W
Wed Apr  1 19:47:05 IDT 2026, 580 W
Wed Apr  1 19:47:05 IDT 2026, 589 W
Wed Apr  1 19:47:05 IDT 2026, 577 W
Wed Apr  1 19:47:05 IDT 2026, 589 W
Wed Apr  1 19:47:06 IDT 2026, 579 W
Wed Apr  1 19:47:06 IDT 2026, 585 W
Wed Apr  1 19:47:06 IDT 2026, 574 W
Wed Apr  1 19:47:06 IDT 2026, 587 W
Wed Apr  1 19:47:07 IDT 2026, 544 W
Wed Apr  1 19:47:07 IDT 2026, 551 W
Wed Apr  1 19:47:07 IDT 2026, 541 W
Wed Apr  1 19:47:07 IDT 2026, 555 W
Wed Apr  1 19:47:08 IDT 2026, 544 W
Wed Apr  1 19:47:08 IDT 2026, 553 W
Wed Apr  1 19:47:08 IDT 2026, 543 W
Wed Apr  1 19:47:08 IDT 2026, 556 W
Wed Apr  1 19:47:09 IDT 2026, 544 W
Wed Apr  1 19:47:09 IDT 2026, 554 W
Wed Apr  1 19:47:09 IDT 2026, 540 W
Wed Apr  1 19:47:09 IDT 2026, 551 W
Wed Apr  1 19:47:11 IDT 2026, 548 W
Wed Apr  1 19:47:11 IDT 2026, 553 W
Wed Apr  1 19:47:11 IDT 2026, 541 W
Wed Apr  1 19:47:11 IDT 2026, 551 W
Wed Apr  1 19:47:11 IDT 2026, 536 W
Wed Apr  1 19:47:11 IDT 2026, 556 W
Wed Apr  1 19:47:11 IDT 2026, 544 W
Wed Apr  1 19:47:11 IDT 2026, 556 W
Wed Apr  1 19:47:12 IDT 2026, 549 W
Wed Apr  1 19:47:12 IDT 2026, 557 W
Wed Apr  1 19:47:12 IDT 2026, 545 W
Wed Apr  1 19:47:12 IDT 2026, 556 W
Wed Apr  1 19:47:13 IDT 2026, 542 W
Wed Apr  1 19:47:13 IDT 2026, 543 W
Wed Apr  1 19:47:13 IDT 2026, 536 W
Wed Apr  1 19:47:13 IDT 2026, 546 W
Wed Apr  1 19:47:14 IDT 2026, 547 W
Wed Apr  1 19:47:14 IDT 2026, 552 W
Wed Apr  1 19:47:14 IDT 2026, 542 W
Wed Apr  1 19:47:14 IDT 2026, 556 W
Wed Apr  1 19:47:15 IDT 2026, 548 W
Wed Apr  1 19:47:15 IDT 2026, 553 W
Wed Apr  1 19:47:15 IDT 2026, 544 W
Wed Apr  1 19:47:15 IDT 2026, 556 W
Wed Apr  1 19:47:16 IDT 2026, 495 W
Wed Apr  1 19:47:16 IDT 2026, 502 W
Wed Apr  1 19:47:16 IDT 2026, 493 W
Wed Apr  1 19:47:16 IDT 2026, 503 W
Wed Apr  1 19:47:17 IDT 2026, 496 W
Wed Apr  1 19:47:17 IDT 2026, 502 W
Wed Apr  1 19:47:17 IDT 2026, 492 W
Wed Apr  1 19:47:17 IDT 2026, 505 W
Wed Apr  1 19:47:18 IDT 2026, 497 W
Wed Apr  1 19:47:18 IDT 2026, 498 W
Wed Apr  1 19:47:18 IDT 2026, 493 W
Wed Apr  1 19:47:18 IDT 2026, 505 W
Wed Apr  1 19:47:19 IDT 2026, 493 W
Wed Apr  1 19:47:19 IDT 2026, 502 W
Wed Apr  1 19:47:19 IDT 2026, 492 W
Wed Apr  1 19:47:19 IDT 2026, 505 W
Wed Apr  1 19:47:20 IDT 2026, 664 W
Wed Apr  1 19:47:20 IDT 2026, 659 W
Wed Apr  1 19:47:20 IDT 2026, 639 W
Wed Apr  1 19:47:20 IDT 2026, 652 W
Wed Apr  1 19:47:21 IDT 2026, 599 W
Wed Apr  1 19:47:21 IDT 2026, 604 W
Wed Apr  1 19:47:21 IDT 2026, 595 W
Wed Apr  1 19:47:21 IDT 2026, 609 W
Wed Apr  1 19:47:22 IDT 2026, 597 W
Wed Apr  1 19:47:22 IDT 2026, 606 W
Wed Apr  1 19:47:22 IDT 2026, 594 W
Wed Apr  1 19:47:22 IDT 2026, 606 W
Wed Apr  1 19:47:23 IDT 2026, 601 W
Wed Apr  1 19:47:23 IDT 2026, 606 W
Wed Apr  1 19:47:23 IDT 2026, 593 W
Wed Apr  1 19:47:23 IDT 2026, 609 W
Wed Apr  1 19:47:24 IDT 2026, 598 W
Wed Apr  1 19:47:24 IDT 2026, 607 W
Wed Apr  1 19:47:24 IDT 2026, 593 W
Wed Apr  1 19:47:24 IDT 2026, 608 W
Wed Apr  1 19:47:25 IDT 2026, 603 W
Wed Apr  1 19:47:25 IDT 2026, 607 W
Wed Apr  1 19:47:25 IDT 2026, 594 W
Wed Apr  1 19:47:25 IDT 2026, 607 W
Wed Apr  1 19:47:26 IDT 2026, 601 W
Wed Apr  1 19:47:26 IDT 2026, 605 W
Wed Apr  1 19:47:26 IDT 2026, 595 W
Wed Apr  1 19:47:26 IDT 2026, 607 W
Wed Apr  1 19:47:27 IDT 2026, 598 W
Wed Apr  1 19:47:27 IDT 2026, 604 W
Wed Apr  1 19:47:27 IDT 2026, 597 W
Wed Apr  1 19:47:27 IDT 2026, 609 W
Wed Apr  1 19:47:28 IDT 2026, 599 W
Wed Apr  1 19:47:28 IDT 2026, 607 W
Wed Apr  1 19:47:28 IDT 2026, 594 W
Wed Apr  1 19:47:28 IDT 2026, 605 W
Wed Apr  1 19:47:29 IDT 2026, 600 W
Wed Apr  1 19:47:29 IDT 2026, 606 W
Wed Apr  1 19:47:29 IDT 2026, 596 W
Wed Apr  1 19:47:29 IDT 2026, 611 W
Wed Apr  1 19:47:30 IDT 2026, 601 W
Wed Apr  1 19:47:30 IDT 2026, 607 W
Wed Apr  1 19:47:30 IDT 2026, 598 W
Wed Apr  1 19:47:30 IDT 2026, 611 W
Wed Apr  1 19:47:31 IDT 2026, 595 W
Wed Apr  1 19:47:31 IDT 2026, 607 W
Wed Apr  1 19:47:31 IDT 2026, 595 W
Wed Apr  1 19:47:31 IDT 2026, 608 W
Wed Apr  1 19:47:33 IDT 2026, 596 W
Wed Apr  1 19:47:33 IDT 2026, 608 W
Wed Apr  1 19:47:33 IDT 2026, 596 W
Wed Apr  1 19:47:33 IDT 2026, 610 W
Wed Apr  1 19:47:33 IDT 2026, 593 W
Wed Apr  1 19:47:33 IDT 2026, 599 W
Wed Apr  1 19:47:33 IDT 2026, 589 W
Wed Apr  1 19:47:33 IDT 2026, 601 W
Wed Apr  1 19:47:34 IDT 2026, 584 W
Wed Apr  1 19:47:34 IDT 2026, 587 W
Wed Apr  1 19:47:34 IDT 2026, 577 W
Wed Apr  1 19:47:34 IDT 2026, 589 W
Wed Apr  1 19:47:35 IDT 2026, 580 W
Wed Apr  1 19:47:35 IDT 2026, 582 W
Wed Apr  1 19:47:35 IDT 2026, 577 W
Wed Apr  1 19:47:35 IDT 2026, 588 W
Wed Apr  1 19:47:36 IDT 2026, 579 W
Wed Apr  1 19:47:36 IDT 2026, 585 W
Wed Apr  1 19:47:36 IDT 2026, 574 W
Wed Apr  1 19:47:36 IDT 2026, 587 W
Wed Apr  1 19:47:37 IDT 2026, 539 W
Wed Apr  1 19:47:37 IDT 2026, 550 W
Wed Apr  1 19:47:37 IDT 2026, 541 W
Wed Apr  1 19:47:37 IDT 2026, 546 W
Wed Apr  1 19:47:38 IDT 2026, 550 W
Wed Apr  1 19:47:38 IDT 2026, 555 W
Wed Apr  1 19:47:38 IDT 2026, 545 W
Wed Apr  1 19:47:38 IDT 2026, 557 W
Wed Apr  1 19:47:39 IDT 2026, 547 W
Wed Apr  1 19:47:39 IDT 2026, 549 W
Wed Apr  1 19:47:39 IDT 2026, 538 W
Wed Apr  1 19:47:39 IDT 2026, 550 W
Wed Apr  1 19:47:40 IDT 2026, 546 W
Wed Apr  1 19:47:40 IDT 2026, 551 W
Wed Apr  1 19:47:40 IDT 2026, 540 W
Wed Apr  1 19:47:40 IDT 2026, 555 W
Wed Apr  1 19:47:41 IDT 2026, 550 W
Wed Apr  1 19:47:41 IDT 2026, 554 W
Wed Apr  1 19:47:41 IDT 2026, 544 W
Wed Apr  1 19:47:41 IDT 2026, 554 W
Wed Apr  1 19:47:42 IDT 2026, 543 W
Wed Apr  1 19:47:42 IDT 2026, 549 W
Wed Apr  1 19:47:42 IDT 2026, 539 W
Wed Apr  1 19:47:42 IDT 2026, 552 W
Wed Apr  1 19:47:43 IDT 2026, 549 W
Wed Apr  1 19:47:43 IDT 2026, 551 W
Wed Apr  1 19:47:43 IDT 2026, 544 W
Wed Apr  1 19:47:43 IDT 2026, 556 W
Wed Apr  1 19:47:44 IDT 2026, 547 W
Wed Apr  1 19:47:44 IDT 2026, 554 W
Wed Apr  1 19:47:44 IDT 2026, 544 W
Wed Apr  1 19:47:44 IDT 2026, 555 W
Wed Apr  1 19:47:46 IDT 2026, 546 W
Wed Apr  1 19:47:46 IDT 2026, 552 W
Wed Apr  1 19:47:46 IDT 2026, 543 W
Wed Apr  1 19:47:46 IDT 2026, 555 W
Wed Apr  1 19:47:47 IDT 2026, 249 W
Wed Apr  1 19:47:47 IDT 2026, 246 W
Wed Apr  1 19:47:47 IDT 2026, 243 W
Wed Apr  1 19:47:47 IDT 2026, 249 W
Wed Apr  1 19:47:47 IDT 2026, 598 W
Wed Apr  1 19:47:47 IDT 2026, 604 W
Wed Apr  1 19:47:47 IDT 2026, 596 W
Wed Apr  1 19:47:47 IDT 2026, 608 W
Wed Apr  1 19:47:48 IDT 2026, 601 W
Wed Apr  1 19:47:48 IDT 2026, 607 W
Wed Apr  1 19:47:48 IDT 2026, 596 W
Wed Apr  1 19:47:48 IDT 2026, 607 W
Wed Apr  1 19:47:49 IDT 2026, 599 W
Wed Apr  1 19:47:49 IDT 2026, 605 W
Wed Apr  1 19:47:49 IDT 2026, 593 W
Wed Apr  1 19:47:49 IDT 2026, 609 W
Wed Apr  1 19:47:50 IDT 2026, 603 W
Wed Apr  1 19:47:50 IDT 2026, 608 W
Wed Apr  1 19:47:50 IDT 2026, 595 W
Wed Apr  1 19:47:50 IDT 2026, 609 W
Wed Apr  1 19:47:51 IDT 2026, 599 W
Wed Apr  1 19:47:51 IDT 2026, 607 W
Wed Apr  1 19:47:51 IDT 2026, 594 W
Wed Apr  1 19:47:51 IDT 2026, 608 W
Wed Apr  1 19:47:52 IDT 2026, 598 W
Wed Apr  1 19:47:52 IDT 2026, 601 W
Wed Apr  1 19:47:52 IDT 2026, 592 W
Wed Apr  1 19:47:52 IDT 2026, 604 W
Wed Apr  1 19:47:53 IDT 2026, 592 W
Wed Apr  1 19:47:53 IDT 2026, 598 W
Wed Apr  1 19:47:53 IDT 2026, 590 W
Wed Apr  1 19:47:53 IDT 2026, 604 W
Wed Apr  1 19:47:54 IDT 2026, 591 W
Wed Apr  1 19:47:54 IDT 2026, 598 W
Wed Apr  1 19:47:54 IDT 2026, 586 W
Wed Apr  1 19:47:54 IDT 2026, 599 W
Wed Apr  1 19:47:55 IDT 2026, 588 W
Wed Apr  1 19:47:55 IDT 2026, 594 W
Wed Apr  1 19:47:55 IDT 2026, 582 W
Wed Apr  1 19:47:55 IDT 2026, 597 W
Wed Apr  1 19:47:56 IDT 2026, 591 W
Wed Apr  1 19:47:56 IDT 2026, 596 W
Wed Apr  1 19:47:56 IDT 2026, 586 W
Wed Apr  1 19:47:56 IDT 2026, 597 W
Wed Apr  1 19:47:57 IDT 2026, 581 W
Wed Apr  1 19:47:57 IDT 2026, 587 W
Wed Apr  1 19:47:57 IDT 2026, 577 W
Wed Apr  1 19:47:57 IDT 2026, 592 W
Wed Apr  1 19:47:58 IDT 2026, 578 W
Wed Apr  1 19:47:58 IDT 2026, 586 W
Wed Apr  1 19:47:58 IDT 2026, 576 W
Wed Apr  1 19:47:58 IDT 2026, 585 W
Wed Apr  1 19:47:59 IDT 2026, 566 W
Wed Apr  1 19:47:59 IDT 2026, 574 W
Wed Apr  1 19:47:59 IDT 2026, 567 W
Wed Apr  1 19:47:59 IDT 2026, 577 W
Wed Apr  1 19:48:00 IDT 2026, 574 W
Wed Apr  1 19:48:00 IDT 2026, 581 W
Wed Apr  1 19:48:00 IDT 2026, 568 W
Wed Apr  1 19:48:00 IDT 2026, 582 W
Wed Apr  1 19:48:01 IDT 2026, 580 W
Wed Apr  1 19:48:01 IDT 2026, 584 W
Wed Apr  1 19:48:01 IDT 2026, 574 W
Wed Apr  1 19:48:01 IDT 2026, 586 W
Wed Apr  1 19:48:02 IDT 2026, 580 W
Wed Apr  1 19:48:02 IDT 2026, 585 W
Wed Apr  1 19:48:02 IDT 2026, 577 W
Wed Apr  1 19:48:02 IDT 2026, 586 W
Wed Apr  1 19:48:03 IDT 2026, 581 W
Wed Apr  1 19:48:03 IDT 2026, 585 W
Wed Apr  1 19:48:03 IDT 2026, 577 W
Wed Apr  1 19:48:03 IDT 2026, 589 W
Wed Apr  1 19:48:04 IDT 2026, 576 W
Wed Apr  1 19:48:04 IDT 2026, 581 W
Wed Apr  1 19:48:04 IDT 2026, 574 W
Wed Apr  1 19:48:04 IDT 2026, 585 W
Wed Apr  1 19:48:05 IDT 2026, 583 W
Wed Apr  1 19:48:05 IDT 2026, 587 W
Wed Apr  1 19:48:05 IDT 2026, 573 W
Wed Apr  1 19:48:05 IDT 2026, 587 W
Wed Apr  1 19:48:06 IDT 2026, 584 W
Wed Apr  1 19:48:06 IDT 2026, 587 W
Wed Apr  1 19:48:06 IDT 2026, 576 W
Wed Apr  1 19:48:06 IDT 2026, 589 W
Wed Apr  1 19:48:07 IDT 2026, 575 W
Wed Apr  1 19:48:07 IDT 2026, 583 W
Wed Apr  1 19:48:07 IDT 2026, 572 W
Wed Apr  1 19:48:07 IDT 2026, 589 W
Wed Apr  1 19:48:08 IDT 2026, 580 W
Wed Apr  1 19:48:08 IDT 2026, 584 W
Wed Apr  1 19:48:08 IDT 2026, 576 W
Wed Apr  1 19:48:08 IDT 2026, 589 W
Wed Apr  1 19:48:09 IDT 2026, 576 W
Wed Apr  1 19:48:09 IDT 2026, 585 W
Wed Apr  1 19:48:09 IDT 2026, 576 W
Wed Apr  1 19:48:09 IDT 2026, 583 W
Wed Apr  1 19:48:10 IDT 2026, 578 W
Wed Apr  1 19:48:10 IDT 2026, 583 W
Wed Apr  1 19:48:10 IDT 2026, 574 W
Wed Apr  1 19:48:10 IDT 2026, 585 W
Wed Apr  1 19:48:11 IDT 2026, 581 W
Wed Apr  1 19:48:11 IDT 2026, 586 W
Wed Apr  1 19:48:11 IDT 2026, 577 W
Wed Apr  1 19:48:11 IDT 2026, 589 W
Wed Apr  1 19:48:12 IDT 2026, 582 W
Wed Apr  1 19:48:12 IDT 2026, 589 W
Wed Apr  1 19:48:12 IDT 2026, 576 W
Wed Apr  1 19:48:12 IDT 2026, 588 W
Wed Apr  1 19:48:13 IDT 2026, 580 W
Wed Apr  1 19:48:13 IDT 2026, 588 W
Wed Apr  1 19:48:13 IDT 2026, 574 W
Wed Apr  1 19:48:13 IDT 2026, 589 W
Wed Apr  1 19:48:14 IDT 2026, 576 W
Wed Apr  1 19:48:14 IDT 2026, 588 W
Wed Apr  1 19:48:14 IDT 2026, 576 W
Wed Apr  1 19:48:14 IDT 2026, 588 W
Wed Apr  1 19:48:15 IDT 2026, 235 W
Wed Apr  1 19:48:15 IDT 2026, 236 W
Wed Apr  1 19:48:15 IDT 2026, 233 W
Wed Apr  1 19:48:15 IDT 2026, 239 W
Wed Apr  1 19:48:16 IDT 2026, 594 W
Wed Apr  1 19:48:16 IDT 2026, 600 W
Wed Apr  1 19:48:16 IDT 2026, 591 W
Wed Apr  1 19:48:16 IDT 2026, 605 W
Wed Apr  1 19:48:17 IDT 2026, 599 W
Wed Apr  1 19:48:17 IDT 2026, 607 W
Wed Apr  1 19:48:17 IDT 2026, 595 W
Wed Apr  1 19:48:17 IDT 2026, 603 W
Wed Apr  1 19:48:18 IDT 2026, 601 W
Wed Apr  1 19:48:18 IDT 2026, 603 W
Wed Apr  1 19:48:18 IDT 2026, 594 W
Wed Apr  1 19:48:18 IDT 2026, 611 W
Wed Apr  1 19:48:19 IDT 2026, 599 W
Wed Apr  1 19:48:19 IDT 2026, 608 W
Wed Apr  1 19:48:19 IDT 2026, 594 W
Wed Apr  1 19:48:19 IDT 2026, 608 W
Wed Apr  1 19:48:20 IDT 2026, 600 W
Wed Apr  1 19:48:20 IDT 2026, 603 W
Wed Apr  1 19:48:20 IDT 2026, 595 W
Wed Apr  1 19:48:20 IDT 2026, 608 W
Wed Apr  1 19:48:21 IDT 2026, 602 W
Wed Apr  1 19:48:21 IDT 2026, 606 W
Wed Apr  1 19:48:21 IDT 2026, 595 W
Wed Apr  1 19:48:21 IDT 2026, 608 W
Wed Apr  1 19:48:22 IDT 2026, 597 W
Wed Apr  1 19:48:22 IDT 2026, 600 W
Wed Apr  1 19:48:22 IDT 2026, 591 W
Wed Apr  1 19:48:22 IDT 2026, 607 W
Wed Apr  1 19:48:23 IDT 2026, 598 W
Wed Apr  1 19:48:23 IDT 2026, 601 W
Wed Apr  1 19:48:23 IDT 2026, 587 W
Wed Apr  1 19:48:23 IDT 2026, 604 W
Wed Apr  1 19:48:24 IDT 2026, 593 W
Wed Apr  1 19:48:24 IDT 2026, 603 W
Wed Apr  1 19:48:24 IDT 2026, 595 W
Wed Apr  1 19:48:24 IDT 2026, 610 W
Wed Apr  1 19:48:25 IDT 2026, 592 W
Wed Apr  1 19:48:25 IDT 2026, 602 W
Wed Apr  1 19:48:25 IDT 2026, 589 W
Wed Apr  1 19:48:25 IDT 2026, 602 W
Wed Apr  1 19:48:26 IDT 2026, 593 W
Wed Apr  1 19:48:26 IDT 2026, 599 W
Wed Apr  1 19:48:26 IDT 2026, 588 W
Wed Apr  1 19:48:26 IDT 2026, 602 W
Wed Apr  1 19:48:27 IDT 2026, 594 W
Wed Apr  1 19:48:27 IDT 2026, 602 W
Wed Apr  1 19:48:27 IDT 2026, 588 W
Wed Apr  1 19:48:27 IDT 2026, 603 W
Wed Apr  1 19:48:28 IDT 2026, 594 W
Wed Apr  1 19:48:28 IDT 2026, 599 W
Wed Apr  1 19:48:28 IDT 2026, 588 W
Wed Apr  1 19:48:28 IDT 2026, 601 W
Wed Apr  1 19:48:29 IDT 2026, 593 W
Wed Apr  1 19:48:29 IDT 2026, 594 W
Wed Apr  1 19:48:29 IDT 2026, 589 W
Wed Apr  1 19:48:29 IDT 2026, 602 W
Wed Apr  1 19:48:31 IDT 2026, 588 W
Wed Apr  1 19:48:31 IDT 2026, 591 W
Wed Apr  1 19:48:31 IDT 2026, 579 W
Wed Apr  1 19:48:31 IDT 2026, 595 W
Wed Apr  1 19:48:31 IDT 2026, 580 W
Wed Apr  1 19:48:31 IDT 2026, 583 W
Wed Apr  1 19:48:31 IDT 2026, 575 W
Wed Apr  1 19:48:31 IDT 2026, 588 W
Wed Apr  1 19:48:32 IDT 2026, 547 W
Wed Apr  1 19:48:32 IDT 2026, 551 W
Wed Apr  1 19:48:32 IDT 2026, 541 W
Wed Apr  1 19:48:32 IDT 2026, 552 W
Wed Apr  1 19:48:33 IDT 2026, 497 W
Wed Apr  1 19:48:33 IDT 2026, 500 W
Wed Apr  1 19:48:33 IDT 2026, 494 W
Wed Apr  1 19:48:33 IDT 2026, 504 W
Wed Apr  1 19:48:34 IDT 2026, 494 W
Wed Apr  1 19:48:34 IDT 2026, 502 W
Wed Apr  1 19:48:34 IDT 2026, 492 W
Wed Apr  1 19:48:34 IDT 2026, 506 W
Wed Apr  1 19:48:35 IDT 2026, 437 W
Wed Apr  1 19:48:35 IDT 2026, 453 W
Wed Apr  1 19:48:35 IDT 2026, 440 W
Wed Apr  1 19:48:35 IDT 2026, 431 W
Wed Apr  1 19:48:36 IDT 2026, 438 W
Wed Apr  1 19:48:36 IDT 2026, 453 W
Wed Apr  1 19:48:36 IDT 2026, 438 W
Wed Apr  1 19:48:36 IDT 2026, 430 W
Wed Apr  1 19:48:37 IDT 2026, 443 W
Wed Apr  1 19:48:37 IDT 2026, 443 W
Wed Apr  1 19:48:37 IDT 2026, 440 W
Wed Apr  1 19:48:37 IDT 2026, 441 W
Wed Apr  1 19:48:38 IDT 2026, 495 W
Wed Apr  1 19:48:38 IDT 2026, 498 W
Wed Apr  1 19:48:38 IDT 2026, 488 W
Wed Apr  1 19:48:38 IDT 2026, 496 W
Wed Apr  1 19:48:39 IDT 2026, 493 W
Wed Apr  1 19:48:39 IDT 2026, 500 W
Wed Apr  1 19:48:39 IDT 2026, 493 W
Wed Apr  1 19:48:39 IDT 2026, 504 W
Wed Apr  1 19:48:40 IDT 2026, 496 W
Wed Apr  1 19:48:40 IDT 2026, 500 W
Wed Apr  1 19:48:40 IDT 2026, 492 W
Wed Apr  1 19:48:40 IDT 2026, 502 W
Wed Apr  1 19:48:41 IDT 2026, 234 W
Wed Apr  1 19:48:41 IDT 2026, 235 W
Wed Apr  1 19:48:41 IDT 2026, 231 W
Wed Apr  1 19:48:41 IDT 2026, 237 W
Wed Apr  1 19:48:43 IDT 2026, 597 W
Wed Apr  1 19:48:43 IDT 2026, 602 W
Wed Apr  1 19:48:43 IDT 2026, 590 W
Wed Apr  1 19:48:43 IDT 2026, 604 W
Wed Apr  1 19:48:43 IDT 2026, 598 W
Wed Apr  1 19:48:43 IDT 2026, 604 W
Wed Apr  1 19:48:43 IDT 2026, 593 W
Wed Apr  1 19:48:43 IDT 2026, 606 W
Wed Apr  1 19:48:44 IDT 2026, 603 W
Wed Apr  1 19:48:44 IDT 2026, 604 W
Wed Apr  1 19:48:44 IDT 2026, 595 W
Wed Apr  1 19:48:44 IDT 2026, 608 W
Wed Apr  1 19:48:45 IDT 2026, 601 W
Wed Apr  1 19:48:45 IDT 2026, 606 W
Wed Apr  1 19:48:45 IDT 2026, 596 W
Wed Apr  1 19:48:45 IDT 2026, 609 W
Wed Apr  1 19:48:46 IDT 2026, 601 W
Wed Apr  1 19:48:46 IDT 2026, 606 W
Wed Apr  1 19:48:46 IDT 2026, 594 W
Wed Apr  1 19:48:46 IDT 2026, 606 W
Wed Apr  1 19:48:47 IDT 2026, 596 W
Wed Apr  1 19:48:47 IDT 2026, 601 W
Wed Apr  1 19:48:47 IDT 2026, 589 W
Wed Apr  1 19:48:47 IDT 2026, 603 W
Wed Apr  1 19:48:48 IDT 2026, 593 W
Wed Apr  1 19:48:48 IDT 2026, 601 W
Wed Apr  1 19:48:48 IDT 2026, 586 W
Wed Apr  1 19:48:48 IDT 2026, 602 W
Wed Apr  1 19:48:49 IDT 2026, 599 W
Wed Apr  1 19:48:49 IDT 2026, 604 W
Wed Apr  1 19:48:49 IDT 2026, 592 W
Wed Apr  1 19:48:49 IDT 2026, 608 W
Wed Apr  1 19:48:50 IDT 2026, 599 W
Wed Apr  1 19:48:50 IDT 2026, 606 W
Wed Apr  1 19:48:50 IDT 2026, 596 W
Wed Apr  1 19:48:50 IDT 2026, 606 W
Wed Apr  1 19:48:51 IDT 2026, 590 W
Wed Apr  1 19:48:51 IDT 2026, 594 W
Wed Apr  1 19:48:51 IDT 2026, 584 W
Wed Apr  1 19:48:51 IDT 2026, 598 W
Wed Apr  1 19:48:52 IDT 2026, 590 W
Wed Apr  1 19:48:52 IDT 2026, 597 W
Wed Apr  1 19:48:52 IDT 2026, 586 W
Wed Apr  1 19:48:52 IDT 2026, 599 W
Wed Apr  1 19:48:53 IDT 2026, 590 W
Wed Apr  1 19:48:53 IDT 2026, 596 W
Wed Apr  1 19:48:53 IDT 2026, 586 W
Wed Apr  1 19:48:53 IDT 2026, 601 W
Wed Apr  1 19:48:54 IDT 2026, 596 W
Wed Apr  1 19:48:54 IDT 2026, 600 W
Wed Apr  1 19:48:54 IDT 2026, 589 W
Wed Apr  1 19:48:54 IDT 2026, 602 W
Wed Apr  1 19:48:55 IDT 2026, 580 W
Wed Apr  1 19:48:55 IDT 2026, 585 W
Wed Apr  1 19:48:55 IDT 2026, 576 W
Wed Apr  1 19:48:55 IDT 2026, 587 W
Wed Apr  1 19:48:56 IDT 2026, 573 W
Wed Apr  1 19:48:56 IDT 2026, 580 W
Wed Apr  1 19:48:56 IDT 2026, 572 W
Wed Apr  1 19:48:56 IDT 2026, 582 W
Wed Apr  1 19:48:57 IDT 2026, 583 W
Wed Apr  1 19:48:57 IDT 2026, 587 W
Wed Apr  1 19:48:57 IDT 2026, 575 W
Wed Apr  1 19:48:57 IDT 2026, 589 W
Wed Apr  1 19:48:58 IDT 2026, 580 W
Wed Apr  1 19:48:58 IDT 2026, 586 W
Wed Apr  1 19:48:58 IDT 2026, 575 W
Wed Apr  1 19:48:58 IDT 2026, 589 W
Wed Apr  1 19:48:59 IDT 2026, 580 W
Wed Apr  1 19:48:59 IDT 2026, 586 W
Wed Apr  1 19:48:59 IDT 2026, 572 W
Wed Apr  1 19:48:59 IDT 2026, 585 W
Wed Apr  1 19:49:00 IDT 2026, 580 W
Wed Apr  1 19:49:00 IDT 2026, 583 W
Wed Apr  1 19:49:00 IDT 2026, 572 W
Wed Apr  1 19:49:00 IDT 2026, 586 W
Wed Apr  1 19:49:01 IDT 2026, 579 W
Wed Apr  1 19:49:01 IDT 2026, 586 W
Wed Apr  1 19:49:01 IDT 2026, 574 W
Wed Apr  1 19:49:01 IDT 2026, 587 W
Wed Apr  1 19:49:02 IDT 2026, 579 W
Wed Apr  1 19:49:02 IDT 2026, 588 W
Wed Apr  1 19:49:02 IDT 2026, 575 W
Wed Apr  1 19:49:02 IDT 2026, 589 W
Wed Apr  1 19:49:03 IDT 2026, 579 W
Wed Apr  1 19:49:03 IDT 2026, 584 W
Wed Apr  1 19:49:03 IDT 2026, 576 W
Wed Apr  1 19:49:03 IDT 2026, 585 W
Wed Apr  1 19:49:04 IDT 2026, 581 W
Wed Apr  1 19:49:04 IDT 2026, 584 W
Wed Apr  1 19:49:04 IDT 2026, 577 W
Wed Apr  1 19:49:04 IDT 2026, 588 W
Wed Apr  1 19:49:05 IDT 2026, 580 W
Wed Apr  1 19:49:05 IDT 2026, 587 W
Wed Apr  1 19:49:05 IDT 2026, 578 W
Wed Apr  1 19:49:05 IDT 2026, 592 W
Wed Apr  1 19:49:06 IDT 2026, 583 W
Wed Apr  1 19:49:06 IDT 2026, 590 W
Wed Apr  1 19:49:06 IDT 2026, 577 W
Wed Apr  1 19:49:06 IDT 2026, 594 W
Wed Apr  1 19:49:07 IDT 2026, 582 W
Wed Apr  1 19:49:07 IDT 2026, 586 W
Wed Apr  1 19:49:07 IDT 2026, 573 W
Wed Apr  1 19:49:07 IDT 2026, 587 W
Wed Apr  1 19:49:08 IDT 2026, 582 W
Wed Apr  1 19:49:08 IDT 2026, 587 W
Wed Apr  1 19:49:08 IDT 2026, 579 W
Wed Apr  1 19:49:08 IDT 2026, 592 W
Wed Apr  1 19:49:09 IDT 2026, 534 W
Wed Apr  1 19:49:09 IDT 2026, 536 W
Wed Apr  1 19:49:09 IDT 2026, 526 W
Wed Apr  1 19:49:09 IDT 2026, 537 W
Wed Apr  1 19:49:11 IDT 2026, 234 W
Wed Apr  1 19:49:11 IDT 2026, 234 W
Wed Apr  1 19:49:11 IDT 2026, 231 W
Wed Apr  1 19:49:11 IDT 2026, 237 W
Wed Apr  1 19:49:11 IDT 2026, 597 W
Wed Apr  1 19:49:11 IDT 2026, 605 W
Wed Apr  1 19:49:11 IDT 2026, 592 W
Wed Apr  1 19:49:11 IDT 2026, 607 W
Wed Apr  1 19:49:12 IDT 2026, 597 W
Wed Apr  1 19:49:12 IDT 2026, 602 W
Wed Apr  1 19:49:12 IDT 2026, 590 W
Wed Apr  1 19:49:12 IDT 2026, 606 W
Wed Apr  1 19:49:13 IDT 2026, 599 W
Wed Apr  1 19:49:13 IDT 2026, 606 W
Wed Apr  1 19:49:13 IDT 2026, 593 W
Wed Apr  1 19:49:13 IDT 2026, 608 W
Wed Apr  1 19:49:14 IDT 2026, 598 W
Wed Apr  1 19:49:14 IDT 2026, 602 W
Wed Apr  1 19:49:14 IDT 2026, 592 W
Wed Apr  1 19:49:14 IDT 2026, 604 W
Wed Apr  1 19:49:15 IDT 2026, 593 W
Wed Apr  1 19:49:15 IDT 2026, 599 W
Wed Apr  1 19:49:15 IDT 2026, 588 W
Wed Apr  1 19:49:15 IDT 2026, 601 W
Wed Apr  1 19:49:16 IDT 2026, 594 W
Wed Apr  1 19:49:16 IDT 2026, 600 W
Wed Apr  1 19:49:16 IDT 2026, 590 W
Wed Apr  1 19:49:16 IDT 2026, 602 W
Wed Apr  1 19:49:17 IDT 2026, 591 W
Wed Apr  1 19:49:17 IDT 2026, 601 W
Wed Apr  1 19:49:17 IDT 2026, 589 W
Wed Apr  1 19:49:17 IDT 2026, 601 W
Wed Apr  1 19:49:18 IDT 2026, 578 W
Wed Apr  1 19:49:18 IDT 2026, 586 W
Wed Apr  1 19:49:18 IDT 2026, 574 W
Wed Apr  1 19:49:18 IDT 2026, 586 W
Wed Apr  1 19:49:19 IDT 2026, 579 W
Wed Apr  1 19:49:19 IDT 2026, 587 W
Wed Apr  1 19:49:19 IDT 2026, 576 W
Wed Apr  1 19:49:19 IDT 2026, 587 W
Wed Apr  1 19:49:20 IDT 2026, 577 W
Wed Apr  1 19:49:20 IDT 2026, 581 W
Wed Apr  1 19:49:20 IDT 2026, 574 W
Wed Apr  1 19:49:20 IDT 2026, 590 W
Wed Apr  1 19:49:21 IDT 2026, 582 W
Wed Apr  1 19:49:21 IDT 2026, 585 W
Wed Apr  1 19:49:21 IDT 2026, 577 W
Wed Apr  1 19:49:21 IDT 2026, 589 W
Wed Apr  1 19:49:22 IDT 2026, 584 W
Wed Apr  1 19:49:22 IDT 2026, 586 W
Wed Apr  1 19:49:22 IDT 2026, 576 W
Wed Apr  1 19:49:22 IDT 2026, 590 W
Wed Apr  1 19:49:23 IDT 2026, 547 W
Wed Apr  1 19:49:23 IDT 2026, 551 W
Wed Apr  1 19:49:23 IDT 2026, 543 W
Wed Apr  1 19:49:23 IDT 2026, 553 W
Wed Apr  1 19:49:24 IDT 2026, 498 W
Wed Apr  1 19:49:24 IDT 2026, 502 W
Wed Apr  1 19:49:24 IDT 2026, 493 W
Wed Apr  1 19:49:24 IDT 2026, 507 W
Wed Apr  1 19:49:25 IDT 2026, 493 W
Wed Apr  1 19:49:25 IDT 2026, 497 W
Wed Apr  1 19:49:25 IDT 2026, 488 W
Wed Apr  1 19:49:25 IDT 2026, 498 W
Wed Apr  1 19:49:26 IDT 2026, 497 W
Wed Apr  1 19:49:26 IDT 2026, 500 W
Wed Apr  1 19:49:26 IDT 2026, 492 W
Wed Apr  1 19:49:26 IDT 2026, 503 W
Wed Apr  1 19:49:27 IDT 2026, 442 W
Wed Apr  1 19:49:27 IDT 2026, 451 W
Wed Apr  1 19:49:27 IDT 2026, 439 W
Wed Apr  1 19:49:27 IDT 2026, 428 W
Wed Apr  1 19:49:28 IDT 2026, 443 W
Wed Apr  1 19:49:28 IDT 2026, 430 W
Wed Apr  1 19:49:28 IDT 2026, 429 W
Wed Apr  1 19:49:28 IDT 2026, 423 W
Wed Apr  1 19:49:29 IDT 2026, 437 W
Wed Apr  1 19:49:29 IDT 2026, 436 W
Wed Apr  1 19:49:29 IDT 2026, 432 W
Wed Apr  1 19:49:29 IDT 2026, 429 W
Wed Apr  1 19:49:30 IDT 2026, 497 W
Wed Apr  1 19:49:30 IDT 2026, 499 W
Wed Apr  1 19:49:30 IDT 2026, 491 W
Wed Apr  1 19:49:30 IDT 2026, 504 W
Wed Apr  1 19:49:31 IDT 2026, 496 W
Wed Apr  1 19:49:31 IDT 2026, 501 W
Wed Apr  1 19:49:31 IDT 2026, 492 W
Wed Apr  1 19:49:31 IDT 2026, 503 W
Wed Apr  1 19:49:32 IDT 2026, 497 W
Wed Apr  1 19:49:32 IDT 2026, 501 W
Wed Apr  1 19:49:32 IDT 2026, 491 W
Wed Apr  1 19:49:32 IDT 2026, 503 W
Wed Apr  1 19:49:33 IDT 2026, 496 W
Wed Apr  1 19:49:33 IDT 2026, 501 W
Wed Apr  1 19:49:33 IDT 2026, 491 W
Wed Apr  1 19:49:33 IDT 2026, 506 W
Wed Apr  1 19:49:34 IDT 2026, 233 W
Wed Apr  1 19:49:34 IDT 2026, 235 W
Wed Apr  1 19:49:34 IDT 2026, 231 W
Wed Apr  1 19:49:34 IDT 2026, 237 W
Wed Apr  1 19:49:35 IDT 2026, 599 W
Wed Apr  1 19:49:35 IDT 2026, 608 W
Wed Apr  1 19:49:35 IDT 2026, 598 W
Wed Apr  1 19:49:35 IDT 2026, 612 W
Wed Apr  1 19:49:36 IDT 2026, 601 W
Wed Apr  1 19:49:36 IDT 2026, 610 W
Wed Apr  1 19:49:36 IDT 2026, 600 W
Wed Apr  1 19:49:36 IDT 2026, 611 W
Wed Apr  1 19:49:38 IDT 2026, 599 W
Wed Apr  1 19:49:38 IDT 2026, 604 W
Wed Apr  1 19:49:38 IDT 2026, 593 W
Wed Apr  1 19:49:38 IDT 2026, 609 W
Wed Apr  1 19:49:38 IDT 2026, 594 W
Wed Apr  1 19:49:38 IDT 2026, 607 W
Wed Apr  1 19:49:38 IDT 2026, 594 W
Wed Apr  1 19:49:38 IDT 2026, 607 W
Wed Apr  1 19:49:39 IDT 2026, 595 W
Wed Apr  1 19:49:39 IDT 2026, 603 W
Wed Apr  1 19:49:39 IDT 2026, 590 W
Wed Apr  1 19:49:39 IDT 2026, 604 W
Wed Apr  1 19:49:40 IDT 2026, 599 W
Wed Apr  1 19:49:40 IDT 2026, 605 W
Wed Apr  1 19:49:40 IDT 2026, 594 W
Wed Apr  1 19:49:40 IDT 2026, 608 W
Wed Apr  1 19:49:41 IDT 2026, 592 W
Wed Apr  1 19:49:41 IDT 2026, 602 W
Wed Apr  1 19:49:41 IDT 2026, 590 W
Wed Apr  1 19:49:41 IDT 2026, 606 W
Wed Apr  1 19:49:43 IDT 2026, 595 W
Wed Apr  1 19:49:43 IDT 2026, 602 W
Wed Apr  1 19:49:43 IDT 2026, 592 W
Wed Apr  1 19:49:43 IDT 2026, 604 W
Wed Apr  1 19:49:43 IDT 2026, 594 W
Wed Apr  1 19:49:43 IDT 2026, 600 W
Wed Apr  1 19:49:43 IDT 2026, 590 W
Wed Apr  1 19:49:43 IDT 2026, 603 W
Wed Apr  1 19:49:44 IDT 2026, 598 W
Wed Apr  1 19:49:44 IDT 2026, 605 W
Wed Apr  1 19:49:44 IDT 2026, 593 W
Wed Apr  1 19:49:44 IDT 2026, 607 W
Wed Apr  1 19:49:45 IDT 2026, 598 W
Wed Apr  1 19:49:45 IDT 2026, 602 W
Wed Apr  1 19:49:45 IDT 2026, 591 W
Wed Apr  1 19:49:45 IDT 2026, 606 W
Wed Apr  1 19:49:46 IDT 2026, 591 W
Wed Apr  1 19:49:46 IDT 2026, 600 W
Wed Apr  1 19:49:46 IDT 2026, 589 W
Wed Apr  1 19:49:46 IDT 2026, 601 W
Wed Apr  1 19:49:47 IDT 2026, 593 W
Wed Apr  1 19:49:47 IDT 2026, 602 W
Wed Apr  1 19:49:47 IDT 2026, 588 W
Wed Apr  1 19:49:47 IDT 2026, 600 W
Wed Apr  1 19:49:48 IDT 2026, 590 W
Wed Apr  1 19:49:48 IDT 2026, 594 W
Wed Apr  1 19:49:48 IDT 2026, 587 W
Wed Apr  1 19:49:48 IDT 2026, 596 W
Wed Apr  1 19:49:49 IDT 2026, 585 W
Wed Apr  1 19:49:49 IDT 2026, 588 W
Wed Apr  1 19:49:49 IDT 2026, 577 W
Wed Apr  1 19:49:49 IDT 2026, 592 W
Wed Apr  1 19:49:50 IDT 2026, 584 W
Wed Apr  1 19:49:50 IDT 2026, 582 W
Wed Apr  1 19:49:50 IDT 2026, 569 W
Wed Apr  1 19:49:50 IDT 2026, 581 W
Wed Apr  1 19:49:51 IDT 2026, 579 W
Wed Apr  1 19:49:51 IDT 2026, 587 W
Wed Apr  1 19:49:51 IDT 2026, 577 W
Wed Apr  1 19:49:51 IDT 2026, 591 W
Wed Apr  1 19:49:52 IDT 2026, 546 W
Wed Apr  1 19:49:52 IDT 2026, 553 W
Wed Apr  1 19:49:52 IDT 2026, 543 W
Wed Apr  1 19:49:52 IDT 2026, 556 W
Wed Apr  1 19:49:53 IDT 2026, 543 W
Wed Apr  1 19:49:53 IDT 2026, 547 W
Wed Apr  1 19:49:53 IDT 2026, 539 W
Wed Apr  1 19:49:53 IDT 2026, 551 W
Wed Apr  1 19:49:54 IDT 2026, 545 W
Wed Apr  1 19:49:54 IDT 2026, 555 W
Wed Apr  1 19:49:54 IDT 2026, 545 W
Wed Apr  1 19:49:54 IDT 2026, 557 W
Wed Apr  1 19:49:55 IDT 2026, 540 W
Wed Apr  1 19:49:55 IDT 2026, 547 W
Wed Apr  1 19:49:55 IDT 2026, 535 W
Wed Apr  1 19:49:55 IDT 2026, 551 W
Wed Apr  1 19:49:56 IDT 2026, 498 W
Wed Apr  1 19:49:56 IDT 2026, 503 W
Wed Apr  1 19:49:56 IDT 2026, 491 W
Wed Apr  1 19:49:56 IDT 2026, 501 W
Wed Apr  1 19:49:57 IDT 2026, 495 W
Wed Apr  1 19:49:57 IDT 2026, 502 W
Wed Apr  1 19:49:57 IDT 2026, 492 W
Wed Apr  1 19:49:57 IDT 2026, 501 W
Wed Apr  1 19:49:58 IDT 2026, 496 W
Wed Apr  1 19:49:58 IDT 2026, 502 W
Wed Apr  1 19:49:58 IDT 2026, 492 W
Wed Apr  1 19:49:58 IDT 2026, 504 W
Wed Apr  1 19:49:59 IDT 2026, 495 W
Wed Apr  1 19:49:59 IDT 2026, 503 W
Wed Apr  1 19:49:59 IDT 2026, 493 W
Wed Apr  1 19:49:59 IDT 2026, 502 W
Wed Apr  1 19:50:00 IDT 2026, 234 W
Wed Apr  1 19:50:00 IDT 2026, 235 W
Wed Apr  1 19:50:00 IDT 2026, 231 W
Wed Apr  1 19:50:00 IDT 2026, 237 W
Wed Apr  1 19:50:01 IDT 2026, 601 W
Wed Apr  1 19:50:01 IDT 2026, 605 W
Wed Apr  1 19:50:01 IDT 2026, 593 W
Wed Apr  1 19:50:01 IDT 2026, 606 W
Wed Apr  1 19:50:02 IDT 2026, 599 W
Wed Apr  1 19:50:02 IDT 2026, 601 W
Wed Apr  1 19:50:02 IDT 2026, 591 W
Wed Apr  1 19:50:02 IDT 2026, 606 W
Wed Apr  1 19:50:03 IDT 2026, 597 W
Wed Apr  1 19:50:03 IDT 2026, 604 W
Wed Apr  1 19:50:03 IDT 2026, 594 W
Wed Apr  1 19:50:03 IDT 2026, 604 W
Wed Apr  1 19:50:04 IDT 2026, 599 W
Wed Apr  1 19:50:04 IDT 2026, 604 W
Wed Apr  1 19:50:04 IDT 2026, 593 W
Wed Apr  1 19:50:04 IDT 2026, 605 W
Wed Apr  1 19:50:05 IDT 2026, 584 W
Wed Apr  1 19:50:05 IDT 2026, 589 W
Wed Apr  1 19:50:05 IDT 2026, 581 W
Wed Apr  1 19:50:05 IDT 2026, 595 W
Wed Apr  1 19:50:06 IDT 2026, 578 W
Wed Apr  1 19:50:06 IDT 2026, 582 W
Wed Apr  1 19:50:06 IDT 2026, 570 W
Wed Apr  1 19:50:06 IDT 2026, 584 W
Wed Apr  1 19:50:07 IDT 2026, 581 W
Wed Apr  1 19:50:07 IDT 2026, 585 W
Wed Apr  1 19:50:07 IDT 2026, 573 W
Wed Apr  1 19:50:07 IDT 2026, 589 W
Wed Apr  1 19:50:08 IDT 2026, 582 W
Wed Apr  1 19:50:08 IDT 2026, 587 W
Wed Apr  1 19:50:08 IDT 2026, 576 W
Wed Apr  1 19:50:08 IDT 2026, 590 W
Wed Apr  1 19:50:10 IDT 2026, 579 W
Wed Apr  1 19:50:10 IDT 2026, 585 W
Wed Apr  1 19:50:10 IDT 2026, 574 W
Wed Apr  1 19:50:10 IDT 2026, 588 W
Wed Apr  1 19:50:10 IDT 2026, 578 W
Wed Apr  1 19:50:10 IDT 2026, 584 W
Wed Apr  1 19:50:10 IDT 2026, 571 W
Wed Apr  1 19:50:10 IDT 2026, 586 W
Wed Apr  1 19:50:11 IDT 2026, 573 W
Wed Apr  1 19:50:11 IDT 2026, 579 W
Wed Apr  1 19:50:11 IDT 2026, 567 W
Wed Apr  1 19:50:11 IDT 2026, 581 W
Wed Apr  1 19:50:12 IDT 2026, 580 W
Wed Apr  1 19:50:12 IDT 2026, 588 W
Wed Apr  1 19:50:12 IDT 2026, 578 W
Wed Apr  1 19:50:12 IDT 2026, 589 W
Wed Apr  1 19:50:13 IDT 2026, 551 W
Wed Apr  1 19:50:13 IDT 2026, 556 W
Wed Apr  1 19:50:13 IDT 2026, 545 W
Wed Apr  1 19:50:13 IDT 2026, 560 W
Wed Apr  1 19:50:14 IDT 2026, 547 W
Wed Apr  1 19:50:14 IDT 2026, 555 W
Wed Apr  1 19:50:14 IDT 2026, 543 W
Wed Apr  1 19:50:14 IDT 2026, 558 W
Wed Apr  1 19:50:15 IDT 2026, 547 W
Wed Apr  1 19:50:15 IDT 2026, 557 W
Wed Apr  1 19:50:15 IDT 2026, 546 W
Wed Apr  1 19:50:15 IDT 2026, 559 W
Wed Apr  1 19:50:16 IDT 2026, 495 W
Wed Apr  1 19:50:16 IDT 2026, 502 W
Wed Apr  1 19:50:16 IDT 2026, 494 W
Wed Apr  1 19:50:16 IDT 2026, 503 W
Wed Apr  1 19:50:17 IDT 2026, 496 W
Wed Apr  1 19:50:17 IDT 2026, 502 W
Wed Apr  1 19:50:17 IDT 2026, 491 W
Wed Apr  1 19:50:17 IDT 2026, 503 W
Wed Apr  1 19:50:18 IDT 2026, 495 W
Wed Apr  1 19:50:18 IDT 2026, 499 W
Wed Apr  1 19:50:18 IDT 2026, 491 W
Wed Apr  1 19:50:18 IDT 2026, 502 W
Wed Apr  1 19:50:19 IDT 2026, 496 W
Wed Apr  1 19:50:19 IDT 2026, 502 W
Wed Apr  1 19:50:19 IDT 2026, 493 W
Wed Apr  1 19:50:19 IDT 2026, 503 W
Wed Apr  1 19:50:20 IDT 2026, 497 W
Wed Apr  1 19:50:20 IDT 2026, 503 W
Wed Apr  1 19:50:20 IDT 2026, 493 W
Wed Apr  1 19:50:20 IDT 2026, 503 W
Wed Apr  1 19:50:21 IDT 2026, 498 W
Wed Apr  1 19:50:21 IDT 2026, 504 W
Wed Apr  1 19:50:21 IDT 2026, 492 W
Wed Apr  1 19:50:21 IDT 2026, 503 W
Wed Apr  1 19:50:22 IDT 2026, 497 W
Wed Apr  1 19:50:22 IDT 2026, 503 W
Wed Apr  1 19:50:22 IDT 2026, 493 W
Wed Apr  1 19:50:22 IDT 2026, 504 W
Wed Apr  1 19:50:24 IDT 2026, 239 W
Wed Apr  1 19:50:24 IDT 2026, 239 W
Wed Apr  1 19:50:24 IDT 2026, 235 W
Wed Apr  1 19:50:24 IDT 2026, 242 W
Wed Apr  1 19:50:25 IDT 2026, 598 W
Wed Apr  1 19:50:25 IDT 2026, 600 W
Wed Apr  1 19:50:25 IDT 2026, 593 W
Wed Apr  1 19:50:25 IDT 2026, 604 W
Wed Apr  1 19:50:26 IDT 2026, 596 W
Wed Apr  1 19:50:26 IDT 2026, 602 W
Wed Apr  1 19:50:26 IDT 2026, 591 W
Wed Apr  1 19:50:26 IDT 2026, 605 W
Wed Apr  1 19:50:27 IDT 2026, 594 W
Wed Apr  1 19:50:27 IDT 2026, 603 W
Wed Apr  1 19:50:27 IDT 2026, 590 W
Wed Apr  1 19:50:27 IDT 2026, 604 W
Wed Apr  1 19:50:27 IDT 2026, 600 W
Wed Apr  1 19:50:27 IDT 2026, 603 W
Wed Apr  1 19:50:27 IDT 2026, 593 W
Wed Apr  1 19:50:27 IDT 2026, 608 W
Wed Apr  1 19:50:29 IDT 2026, 600 W
Wed Apr  1 19:50:29 IDT 2026, 602 W
Wed Apr  1 19:50:29 IDT 2026, 594 W
Wed Apr  1 19:50:29 IDT 2026, 607 W
Wed Apr  1 19:50:30 IDT 2026, 594 W
Wed Apr  1 19:50:30 IDT 2026, 602 W
Wed Apr  1 19:50:30 IDT 2026, 592 W
Wed Apr  1 19:50:30 IDT 2026, 606 W
Wed Apr  1 19:50:31 IDT 2026, 597 W
Wed Apr  1 19:50:31 IDT 2026, 602 W
Wed Apr  1 19:50:31 IDT 2026, 591 W
Wed Apr  1 19:50:31 IDT 2026, 603 W
Wed Apr  1 19:50:32 IDT 2026, 594 W
Wed Apr  1 19:50:32 IDT 2026, 605 W
Wed Apr  1 19:50:32 IDT 2026, 591 W
Wed Apr  1 19:50:32 IDT 2026, 605 W
Wed Apr  1 19:50:32 IDT 2026, 598 W
Wed Apr  1 19:50:32 IDT 2026, 601 W
Wed Apr  1 19:50:32 IDT 2026, 592 W
Wed Apr  1 19:50:32 IDT 2026, 603 W
Wed Apr  1 19:50:34 IDT 2026, 598 W
Wed Apr  1 19:50:34 IDT 2026, 599 W
Wed Apr  1 19:50:34 IDT 2026, 590 W
Wed Apr  1 19:50:34 IDT 2026, 604 W
Wed Apr  1 19:50:35 IDT 2026, 595 W
Wed Apr  1 19:50:35 IDT 2026, 603 W
Wed Apr  1 19:50:35 IDT 2026, 593 W
Wed Apr  1 19:50:35 IDT 2026, 606 W
Wed Apr  1 19:50:36 IDT 2026, 594 W
Wed Apr  1 19:50:36 IDT 2026, 604 W
Wed Apr  1 19:50:36 IDT 2026, 592 W
Wed Apr  1 19:50:36 IDT 2026, 602 W
Wed Apr  1 19:50:37 IDT 2026, 596 W
Wed Apr  1 19:50:37 IDT 2026, 599 W
Wed Apr  1 19:50:37 IDT 2026, 592 W
Wed Apr  1 19:50:37 IDT 2026, 602 W
Wed Apr  1 19:50:37 IDT 2026, 595 W
Wed Apr  1 19:50:37 IDT 2026, 601 W
Wed Apr  1 19:50:37 IDT 2026, 590 W
Wed Apr  1 19:50:37 IDT 2026, 604 W
Wed Apr  1 19:50:39 IDT 2026, 589 W
Wed Apr  1 19:50:39 IDT 2026, 598 W
Wed Apr  1 19:50:39 IDT 2026, 583 W
Wed Apr  1 19:50:39 IDT 2026, 600 W
Wed Apr  1 19:50:40 IDT 2026, 592 W
Wed Apr  1 19:50:40 IDT 2026, 597 W
Wed Apr  1 19:50:40 IDT 2026, 587 W
Wed Apr  1 19:50:40 IDT 2026, 599 W
Wed Apr  1 19:50:41 IDT 2026, 591 W
Wed Apr  1 19:50:41 IDT 2026, 598 W
Wed Apr  1 19:50:41 IDT 2026, 587 W
Wed Apr  1 19:50:41 IDT 2026, 603 W
Wed Apr  1 19:50:42 IDT 2026, 593 W
Wed Apr  1 19:50:42 IDT 2026, 597 W
Wed Apr  1 19:50:42 IDT 2026, 585 W
Wed Apr  1 19:50:42 IDT 2026, 598 W
Wed Apr  1 19:50:43 IDT 2026, 589 W
Wed Apr  1 19:50:43 IDT 2026, 596 W
Wed Apr  1 19:50:43 IDT 2026, 588 W
Wed Apr  1 19:50:43 IDT 2026, 596 W
Wed Apr  1 19:50:44 IDT 2026, 591 W
Wed Apr  1 19:50:44 IDT 2026, 597 W
Wed Apr  1 19:50:44 IDT 2026, 589 W
Wed Apr  1 19:50:44 IDT 2026, 603 W
Wed Apr  1 19:50:45 IDT 2026, 590 W
Wed Apr  1 19:50:45 IDT 2026, 597 W
Wed Apr  1 19:50:45 IDT 2026, 586 W
Wed Apr  1 19:50:45 IDT 2026, 597 W
Wed Apr  1 19:50:46 IDT 2026, 590 W
Wed Apr  1 19:50:46 IDT 2026, 598 W
Wed Apr  1 19:50:46 IDT 2026, 586 W
Wed Apr  1 19:50:46 IDT 2026, 600 W
Wed Apr  1 19:50:47 IDT 2026, 245 W
Wed Apr  1 19:50:47 IDT 2026, 323 W
Wed Apr  1 19:50:47 IDT 2026, 313 W
Wed Apr  1 19:50:47 IDT 2026, 337 W
Wed Apr  1 19:50:48 IDT 2026, 590 W
Wed Apr  1 19:50:48 IDT 2026, 599 W
Wed Apr  1 19:50:48 IDT 2026, 589 W
Wed Apr  1 19:50:48 IDT 2026, 597 W
Wed Apr  1 19:50:48 IDT 2026, 588 W
Wed Apr  1 19:50:48 IDT 2026, 592 W
Wed Apr  1 19:50:48 IDT 2026, 582 W
Wed Apr  1 19:50:48 IDT 2026, 595 W
Wed Apr  1 19:50:50 IDT 2026, 593 W
Wed Apr  1 19:50:50 IDT 2026, 600 W
Wed Apr  1 19:50:50 IDT 2026, 587 W
Wed Apr  1 19:50:50 IDT 2026, 606 W
Wed Apr  1 19:50:51 IDT 2026, 590 W
Wed Apr  1 19:50:51 IDT 2026, 597 W
Wed Apr  1 19:50:51 IDT 2026, 588 W
Wed Apr  1 19:50:51 IDT 2026, 598 W
Wed Apr  1 19:50:52 IDT 2026, 593 W
Wed Apr  1 19:50:52 IDT 2026, 600 W
Wed Apr  1 19:50:52 IDT 2026, 589 W
Wed Apr  1 19:50:52 IDT 2026, 601 W
Wed Apr  1 19:50:53 IDT 2026, 594 W
Wed Apr  1 19:50:53 IDT 2026, 601 W
Wed Apr  1 19:50:53 IDT 2026, 590 W
Wed Apr  1 19:50:53 IDT 2026, 603 W
Wed Apr  1 19:50:53 IDT 2026, 592 W
Wed Apr  1 19:50:53 IDT 2026, 601 W
Wed Apr  1 19:50:53 IDT 2026, 588 W
Wed Apr  1 19:50:53 IDT 2026, 601 W
Wed Apr  1 19:50:55 IDT 2026, 589 W
Wed Apr  1 19:50:55 IDT 2026, 596 W
Wed Apr  1 19:50:55 IDT 2026, 586 W
Wed Apr  1 19:50:55 IDT 2026, 602 W
Wed Apr  1 19:50:56 IDT 2026, 236 W
Wed Apr  1 19:50:56 IDT 2026, 238 W
Wed Apr  1 19:50:56 IDT 2026, 233 W
Wed Apr  1 19:50:56 IDT 2026, 240 W
Wed Apr  1 19:50:57 IDT 2026, 602 W
Wed Apr  1 19:50:57 IDT 2026, 606 W
Wed Apr  1 19:50:57 IDT 2026, 595 W
Wed Apr  1 19:50:57 IDT 2026, 608 W
Wed Apr  1 19:50:58 IDT 2026, 599 W
Wed Apr  1 19:50:58 IDT 2026, 603 W
Wed Apr  1 19:50:58 IDT 2026, 595 W
Wed Apr  1 19:50:58 IDT 2026, 607 W
Wed Apr  1 19:50:58 IDT 2026, 602 W
Wed Apr  1 19:50:58 IDT 2026, 607 W
Wed Apr  1 19:50:58 IDT 2026, 597 W
Wed Apr  1 19:50:58 IDT 2026, 609 W
Wed Apr  1 19:51:00 IDT 2026, 602 W
Wed Apr  1 19:51:00 IDT 2026, 606 W
Wed Apr  1 19:51:00 IDT 2026, 596 W
Wed Apr  1 19:51:00 IDT 2026, 608 W
Wed Apr  1 19:51:01 IDT 2026, 597 W
Wed Apr  1 19:51:01 IDT 2026, 602 W
Wed Apr  1 19:51:01 IDT 2026, 590 W
Wed Apr  1 19:51:01 IDT 2026, 605 W
Wed Apr  1 19:51:02 IDT 2026, 600 W
Wed Apr  1 19:51:02 IDT 2026, 604 W
Wed Apr  1 19:51:02 IDT 2026, 596 W
Wed Apr  1 19:51:02 IDT 2026, 611 W
Wed Apr  1 19:51:03 IDT 2026, 596 W
Wed Apr  1 19:51:03 IDT 2026, 602 W
Wed Apr  1 19:51:03 IDT 2026, 592 W
Wed Apr  1 19:51:03 IDT 2026, 606 W
Wed Apr  1 19:51:04 IDT 2026, 597 W
Wed Apr  1 19:51:04 IDT 2026, 600 W
Wed Apr  1 19:51:04 IDT 2026, 590 W
Wed Apr  1 19:51:04 IDT 2026, 603 W
Wed Apr  1 19:51:04 IDT 2026, 601 W
Wed Apr  1 19:51:04 IDT 2026, 603 W
Wed Apr  1 19:51:04 IDT 2026, 597 W
Wed Apr  1 19:51:04 IDT 2026, 609 W
Wed Apr  1 19:51:06 IDT 2026, 578 W
Wed Apr  1 19:51:06 IDT 2026, 584 W
Wed Apr  1 19:51:06 IDT 2026, 575 W
Wed Apr  1 19:51:06 IDT 2026, 588 W
Wed Apr  1 19:51:07 IDT 2026, 581 W
Wed Apr  1 19:51:07 IDT 2026, 587 W
Wed Apr  1 19:51:07 IDT 2026, 576 W
Wed Apr  1 19:51:07 IDT 2026, 592 W
Wed Apr  1 19:51:08 IDT 2026, 584 W
Wed Apr  1 19:51:08 IDT 2026, 593 W
Wed Apr  1 19:51:08 IDT 2026, 575 W
Wed Apr  1 19:51:08 IDT 2026, 593 W
Wed Apr  1 19:51:09 IDT 2026, 585 W
Wed Apr  1 19:51:09 IDT 2026, 590 W
Wed Apr  1 19:51:09 IDT 2026, 581 W
Wed Apr  1 19:51:09 IDT 2026, 594 W
Wed Apr  1 19:51:10 IDT 2026, 582 W
Wed Apr  1 19:51:10 IDT 2026, 587 W
Wed Apr  1 19:51:10 IDT 2026, 579 W
Wed Apr  1 19:51:10 IDT 2026, 590 W
Wed Apr  1 19:51:10 IDT 2026, 585 W
Wed Apr  1 19:51:10 IDT 2026, 590 W
Wed Apr  1 19:51:10 IDT 2026, 578 W
Wed Apr  1 19:51:10 IDT 2026, 593 W
Wed Apr  1 19:51:12 IDT 2026, 545 W
Wed Apr  1 19:51:12 IDT 2026, 551 W
Wed Apr  1 19:51:12 IDT 2026, 542 W
Wed Apr  1 19:51:12 IDT 2026, 555 W
Wed Apr  1 19:51:13 IDT 2026, 498 W
Wed Apr  1 19:51:13 IDT 2026, 504 W
Wed Apr  1 19:51:13 IDT 2026, 493 W
Wed Apr  1 19:51:13 IDT 2026, 506 W
Wed Apr  1 19:51:14 IDT 2026, 495 W
Wed Apr  1 19:51:14 IDT 2026, 502 W
Wed Apr  1 19:51:14 IDT 2026, 493 W
Wed Apr  1 19:51:14 IDT 2026, 504 W
Wed Apr  1 19:51:15 IDT 2026, 497 W
Wed Apr  1 19:51:15 IDT 2026, 500 W
Wed Apr  1 19:51:15 IDT 2026, 493 W
Wed Apr  1 19:51:15 IDT 2026, 504 W
Wed Apr  1 19:51:16 IDT 2026, 499 W
Wed Apr  1 19:51:16 IDT 2026, 502 W
Wed Apr  1 19:51:16 IDT 2026, 493 W
Wed Apr  1 19:51:16 IDT 2026, 502 W
Wed Apr  1 19:51:16 IDT 2026, 496 W
Wed Apr  1 19:51:16 IDT 2026, 501 W
Wed Apr  1 19:51:16 IDT 2026, 493 W
Wed Apr  1 19:51:17 IDT 2026, 504 W
Wed Apr  1 19:51:18 IDT 2026, 497 W
Wed Apr  1 19:51:18 IDT 2026, 500 W
Wed Apr  1 19:51:18 IDT 2026, 491 W
Wed Apr  1 19:51:18 IDT 2026, 504 W
Wed Apr  1 19:51:19 IDT 2026, 497 W
Wed Apr  1 19:51:19 IDT 2026, 500 W
Wed Apr  1 19:51:19 IDT 2026, 491 W
Wed Apr  1 19:51:19 IDT 2026, 503 W
Wed Apr  1 19:51:20 IDT 2026, 362 W
Wed Apr  1 19:51:20 IDT 2026, 333 W
Wed Apr  1 19:51:20 IDT 2026, 329 W
Wed Apr  1 19:51:20 IDT 2026, 334 W
Wed Apr  1 19:51:21 IDT 2026, 658 W
Wed Apr  1 19:51:21 IDT 2026, 691 W
Wed Apr  1 19:51:21 IDT 2026, 682 W
Wed Apr  1 19:51:21 IDT 2026, 693 W
Wed Apr  1 19:51:21 IDT 2026, 595 W
Wed Apr  1 19:51:21 IDT 2026, 606 W
Wed Apr  1 19:51:21 IDT 2026, 593 W
Wed Apr  1 19:51:21 IDT 2026, 606 W
Wed Apr  1 19:51:23 IDT 2026, 597 W
Wed Apr  1 19:51:23 IDT 2026, 604 W
Wed Apr  1 19:51:23 IDT 2026, 593 W
Wed Apr  1 19:51:23 IDT 2026, 604 W
Wed Apr  1 19:51:24 IDT 2026, 596 W
Wed Apr  1 19:51:24 IDT 2026, 601 W
Wed Apr  1 19:51:24 IDT 2026, 592 W
Wed Apr  1 19:51:24 IDT 2026, 606 W
Wed Apr  1 19:51:25 IDT 2026, 597 W
Wed Apr  1 19:51:25 IDT 2026, 608 W
Wed Apr  1 19:51:25 IDT 2026, 597 W
Wed Apr  1 19:51:25 IDT 2026, 610 W
Wed Apr  1 19:51:26 IDT 2026, 601 W
Wed Apr  1 19:51:26 IDT 2026, 607 W
Wed Apr  1 19:51:26 IDT 2026, 595 W
Wed Apr  1 19:51:26 IDT 2026, 612 W
Wed Apr  1 19:51:27 IDT 2026, 599 W
Wed Apr  1 19:51:27 IDT 2026, 605 W
Wed Apr  1 19:51:27 IDT 2026, 594 W
Wed Apr  1 19:51:27 IDT 2026, 608 W
Wed Apr  1 19:51:27 IDT 2026, 601 W
Wed Apr  1 19:51:27 IDT 2026, 607 W
Wed Apr  1 19:51:27 IDT 2026, 596 W
Wed Apr  1 19:51:27 IDT 2026, 609 W
Wed Apr  1 19:51:29 IDT 2026, 596 W
Wed Apr  1 19:51:29 IDT 2026, 603 W
Wed Apr  1 19:51:29 IDT 2026, 594 W
Wed Apr  1 19:51:29 IDT 2026, 605 W
Wed Apr  1 19:51:30 IDT 2026, 590 W
Wed Apr  1 19:51:30 IDT 2026, 600 W
Wed Apr  1 19:51:30 IDT 2026, 589 W
Wed Apr  1 19:51:30 IDT 2026, 603 W
Wed Apr  1 19:51:31 IDT 2026, 594 W
Wed Apr  1 19:51:31 IDT 2026, 601 W
Wed Apr  1 19:51:31 IDT 2026, 588 W
Wed Apr  1 19:51:31 IDT 2026, 603 W
Wed Apr  1 19:51:32 IDT 2026, 582 W
Wed Apr  1 19:51:32 IDT 2026, 591 W
Wed Apr  1 19:51:32 IDT 2026, 580 W
Wed Apr  1 19:51:32 IDT 2026, 591 W
Wed Apr  1 19:51:33 IDT 2026, 584 W
Wed Apr  1 19:51:33 IDT 2026, 587 W
Wed Apr  1 19:51:33 IDT 2026, 576 W
Wed Apr  1 19:51:33 IDT 2026, 590 W
Wed Apr  1 19:51:33 IDT 2026, 584 W
Wed Apr  1 19:51:33 IDT 2026, 586 W
Wed Apr  1 19:51:33 IDT 2026, 578 W
Wed Apr  1 19:51:33 IDT 2026, 590 W
Wed Apr  1 19:51:35 IDT 2026, 584 W
Wed Apr  1 19:51:35 IDT 2026, 585 W
Wed Apr  1 19:51:35 IDT 2026, 578 W
Wed Apr  1 19:51:35 IDT 2026, 590 W
Wed Apr  1 19:51:36 IDT 2026, 583 W
Wed Apr  1 19:51:36 IDT 2026, 588 W
Wed Apr  1 19:51:36 IDT 2026, 579 W
Wed Apr  1 19:51:36 IDT 2026, 590 W
Wed Apr  1 19:51:37 IDT 2026, 580 W
Wed Apr  1 19:51:37 IDT 2026, 583 W
Wed Apr  1 19:51:37 IDT 2026, 576 W
Wed Apr  1 19:51:37 IDT 2026, 588 W
Wed Apr  1 19:51:38 IDT 2026, 579 W
Wed Apr  1 19:51:38 IDT 2026, 588 W
Wed Apr  1 19:51:38 IDT 2026, 579 W
Wed Apr  1 19:51:38 IDT 2026, 590 W
Wed Apr  1 19:51:39 IDT 2026, 578 W
Wed Apr  1 19:51:39 IDT 2026, 586 W
Wed Apr  1 19:51:39 IDT 2026, 577 W
Wed Apr  1 19:51:39 IDT 2026, 592 W
Wed Apr  1 19:51:40 IDT 2026, 581 W
Wed Apr  1 19:51:40 IDT 2026, 584 W
Wed Apr  1 19:51:40 IDT 2026, 578 W
Wed Apr  1 19:51:40 IDT 2026, 586 W
Wed Apr  1 19:51:41 IDT 2026, 584 W
Wed Apr  1 19:51:41 IDT 2026, 589 W
Wed Apr  1 19:51:41 IDT 2026, 575 W
Wed Apr  1 19:51:41 IDT 2026, 590 W
Wed Apr  1 19:51:42 IDT 2026, 583 W
Wed Apr  1 19:51:42 IDT 2026, 588 W
Wed Apr  1 19:51:42 IDT 2026, 582 W
Wed Apr  1 19:51:42 IDT 2026, 593 W
Wed Apr  1 19:51:43 IDT 2026, 497 W
Wed Apr  1 19:51:43 IDT 2026, 503 W
Wed Apr  1 19:51:43 IDT 2026, 495 W
Wed Apr  1 19:51:43 IDT 2026, 507 W
Wed Apr  1 19:51:44 IDT 2026, 498 W
Wed Apr  1 19:51:44 IDT 2026, 502 W
Wed Apr  1 19:51:44 IDT 2026, 492 W
Wed Apr  1 19:51:44 IDT 2026, 503 W
Wed Apr  1 19:51:45 IDT 2026, 497 W
Wed Apr  1 19:51:45 IDT 2026, 503 W
Wed Apr  1 19:51:45 IDT 2026, 493 W
Wed Apr  1 19:51:45 IDT 2026, 505 W
Wed Apr  1 19:51:45 IDT 2026, 493 W
Wed Apr  1 19:51:45 IDT 2026, 501 W
Wed Apr  1 19:51:45 IDT 2026, 493 W
Wed Apr  1 19:51:45 IDT 2026, 504 W
Wed Apr  1 19:51:47 IDT 2026, 241 W
Wed Apr  1 19:51:47 IDT 2026, 240 W
Wed Apr  1 19:51:47 IDT 2026, 238 W
Wed Apr  1 19:51:47 IDT 2026, 243 W
Wed Apr  1 19:51:48 IDT 2026, 596 W
Wed Apr  1 19:51:48 IDT 2026, 603 W
Wed Apr  1 19:51:48 IDT 2026, 595 W
Wed Apr  1 19:51:48 IDT 2026, 607 W
Wed Apr  1 19:51:49 IDT 2026, 601 W
Wed Apr  1 19:51:49 IDT 2026, 606 W
Wed Apr  1 19:51:49 IDT 2026, 593 W
Wed Apr  1 19:51:49 IDT 2026, 610 W
Wed Apr  1 19:51:50 IDT 2026, 600 W
Wed Apr  1 19:51:50 IDT 2026, 609 W
Wed Apr  1 19:51:50 IDT 2026, 596 W
Wed Apr  1 19:51:50 IDT 2026, 612 W
Wed Apr  1 19:51:51 IDT 2026, 601 W
Wed Apr  1 19:51:51 IDT 2026, 608 W
Wed Apr  1 19:51:51 IDT 2026, 598 W
Wed Apr  1 19:51:51 IDT 2026, 611 W
Wed Apr  1 19:51:52 IDT 2026, 599 W
Wed Apr  1 19:51:52 IDT 2026, 606 W
Wed Apr  1 19:51:52 IDT 2026, 596 W
Wed Apr  1 19:51:52 IDT 2026, 611 W
Wed Apr  1 19:51:53 IDT 2026, 596 W
Wed Apr  1 19:51:53 IDT 2026, 604 W
Wed Apr  1 19:51:53 IDT 2026, 594 W
Wed Apr  1 19:51:53 IDT 2026, 605 W
Wed Apr  1 19:51:54 IDT 2026, 579 W
Wed Apr  1 19:51:54 IDT 2026, 584 W
Wed Apr  1 19:51:54 IDT 2026, 577 W
Wed Apr  1 19:51:54 IDT 2026, 590 W
Wed Apr  1 19:51:55 IDT 2026, 583 W
Wed Apr  1 19:51:55 IDT 2026, 587 W
Wed Apr  1 19:51:55 IDT 2026, 576 W
Wed Apr  1 19:51:55 IDT 2026, 589 W
Wed Apr  1 19:51:56 IDT 2026, 579 W
Wed Apr  1 19:51:56 IDT 2026, 590 W
Wed Apr  1 19:51:56 IDT 2026, 574 W
Wed Apr  1 19:51:56 IDT 2026, 589 W
Wed Apr  1 19:51:57 IDT 2026, 573 W
Wed Apr  1 19:51:57 IDT 2026, 584 W
Wed Apr  1 19:51:57 IDT 2026, 575 W
Wed Apr  1 19:51:57 IDT 2026, 584 W
Wed Apr  1 19:51:58 IDT 2026, 585 W
Wed Apr  1 19:51:58 IDT 2026, 590 W
Wed Apr  1 19:51:58 IDT 2026, 579 W
Wed Apr  1 19:51:58 IDT 2026, 593 W
Wed Apr  1 19:51:59 IDT 2026, 546 W
Wed Apr  1 19:51:59 IDT 2026, 555 W
Wed Apr  1 19:51:59 IDT 2026, 551 W
Wed Apr  1 19:51:59 IDT 2026, 558 W
Wed Apr  1 19:52:00 IDT 2026, 497 W
Wed Apr  1 19:52:00 IDT 2026, 502 W
Wed Apr  1 19:52:00 IDT 2026, 493 W
Wed Apr  1 19:52:00 IDT 2026, 503 W
Wed Apr  1 19:52:01 IDT 2026, 496 W
Wed Apr  1 19:52:01 IDT 2026, 503 W
Wed Apr  1 19:52:01 IDT 2026, 493 W
Wed Apr  1 19:52:01 IDT 2026, 506 W
Wed Apr  1 19:52:02 IDT 2026, 495 W
Wed Apr  1 19:52:02 IDT 2026, 503 W
Wed Apr  1 19:52:02 IDT 2026, 493 W
Wed Apr  1 19:52:02 IDT 2026, 505 W
Wed Apr  1 19:52:03 IDT 2026, 496 W
Wed Apr  1 19:52:03 IDT 2026, 502 W
Wed Apr  1 19:52:03 IDT 2026, 494 W
Wed Apr  1 19:52:03 IDT 2026, 504 W
Wed Apr  1 19:52:04 IDT 2026, 438 W
Wed Apr  1 19:52:04 IDT 2026, 420 W
Wed Apr  1 19:52:04 IDT 2026, 431 W
Wed Apr  1 19:52:04 IDT 2026, 436 W
Wed Apr  1 19:52:05 IDT 2026, 432 W
Wed Apr  1 19:52:05 IDT 2026, 408 W
Wed Apr  1 19:52:05 IDT 2026, 420 W
Wed Apr  1 19:52:05 IDT 2026, 429 W
Wed Apr  1 19:52:06 IDT 2026, 432 W
Wed Apr  1 19:52:06 IDT 2026, 418 W
Wed Apr  1 19:52:06 IDT 2026, 427 W
Wed Apr  1 19:52:06 IDT 2026, 432 W
Wed Apr  1 19:52:07 IDT 2026, 424 W
Wed Apr  1 19:52:07 IDT 2026, 429 W
Wed Apr  1 19:52:07 IDT 2026, 436 W
Wed Apr  1 19:52:07 IDT 2026, 446 W
Wed Apr  1 19:52:08 IDT 2026, 427 W
Wed Apr  1 19:52:08 IDT 2026, 428 W
Wed Apr  1 19:52:08 IDT 2026, 439 W
Wed Apr  1 19:52:08 IDT 2026, 441 W
Wed Apr  1 19:52:09 IDT 2026, 434 W
Wed Apr  1 19:52:09 IDT 2026, 415 W
Wed Apr  1 19:52:09 IDT 2026, 424 W
Wed Apr  1 19:52:09 IDT 2026, 433 W
Wed Apr  1 19:52:10 IDT 2026, 442 W
Wed Apr  1 19:52:10 IDT 2026, 413 W
Wed Apr  1 19:52:10 IDT 2026, 427 W
Wed Apr  1 19:52:10 IDT 2026, 436 W
Wed Apr  1 19:52:11 IDT 2026, 426 W
Wed Apr  1 19:52:11 IDT 2026, 413 W
Wed Apr  1 19:52:11 IDT 2026, 425 W
Wed Apr  1 19:52:11 IDT 2026, 430 W
Wed Apr  1 19:52:12 IDT 2026, 233 W
Wed Apr  1 19:52:12 IDT 2026, 234 W
Wed Apr  1 19:52:12 IDT 2026, 230 W
Wed Apr  1 19:52:12 IDT 2026, 236 W
Wed Apr  1 19:52:13 IDT 2026, 597 W
Wed Apr  1 19:52:13 IDT 2026, 604 W
Wed Apr  1 19:52:13 IDT 2026, 591 W
Wed Apr  1 19:52:13 IDT 2026, 604 W
Wed Apr  1 19:52:14 IDT 2026, 600 W
Wed Apr  1 19:52:14 IDT 2026, 605 W
Wed Apr  1 19:52:14 IDT 2026, 596 W
Wed Apr  1 19:52:14 IDT 2026, 610 W
Wed Apr  1 19:52:15 IDT 2026, 603 W
Wed Apr  1 19:52:15 IDT 2026, 610 W
Wed Apr  1 19:52:15 IDT 2026, 598 W
Wed Apr  1 19:52:15 IDT 2026, 612 W
Wed Apr  1 19:52:16 IDT 2026, 598 W
Wed Apr  1 19:52:16 IDT 2026, 609 W
Wed Apr  1 19:52:16 IDT 2026, 596 W
Wed Apr  1 19:52:16 IDT 2026, 610 W
Wed Apr  1 19:52:17 IDT 2026, 598 W
Wed Apr  1 19:52:17 IDT 2026, 605 W
Wed Apr  1 19:52:17 IDT 2026, 594 W
Wed Apr  1 19:52:17 IDT 2026, 609 W
Wed Apr  1 19:52:18 IDT 2026, 602 W
Wed Apr  1 19:52:18 IDT 2026, 605 W
Wed Apr  1 19:52:18 IDT 2026, 597 W
Wed Apr  1 19:52:18 IDT 2026, 609 W
Wed Apr  1 19:52:19 IDT 2026, 602 W
Wed Apr  1 19:52:19 IDT 2026, 606 W
Wed Apr  1 19:52:19 IDT 2026, 597 W
Wed Apr  1 19:52:19 IDT 2026, 610 W
Wed Apr  1 19:52:20 IDT 2026, 593 W
Wed Apr  1 19:52:20 IDT 2026, 598 W
Wed Apr  1 19:52:20 IDT 2026, 587 W
Wed Apr  1 19:52:20 IDT 2026, 600 W
Wed Apr  1 19:52:21 IDT 2026, 582 W
Wed Apr  1 19:52:21 IDT 2026, 588 W
Wed Apr  1 19:52:21 IDT 2026, 576 W
Wed Apr  1 19:52:21 IDT 2026, 592 W
Wed Apr  1 19:52:22 IDT 2026, 584 W
Wed Apr  1 19:52:22 IDT 2026, 586 W
Wed Apr  1 19:52:22 IDT 2026, 578 W
Wed Apr  1 19:52:22 IDT 2026, 591 W
Wed Apr  1 19:52:23 IDT 2026, 582 W
Wed Apr  1 19:52:23 IDT 2026, 587 W
Wed Apr  1 19:52:23 IDT 2026, 579 W
Wed Apr  1 19:52:23 IDT 2026, 593 W
Wed Apr  1 19:52:24 IDT 2026, 582 W
Wed Apr  1 19:52:24 IDT 2026, 586 W
Wed Apr  1 19:52:24 IDT 2026, 576 W
Wed Apr  1 19:52:24 IDT 2026, 586 W
Wed Apr  1 19:52:25 IDT 2026, 581 W
Wed Apr  1 19:52:25 IDT 2026, 585 W
Wed Apr  1 19:52:25 IDT 2026, 578 W
Wed Apr  1 19:52:25 IDT 2026, 589 W
Wed Apr  1 19:52:26 IDT 2026, 578 W
Wed Apr  1 19:52:26 IDT 2026, 584 W
Wed Apr  1 19:52:26 IDT 2026, 569 W
Wed Apr  1 19:52:26 IDT 2026, 587 W
Wed Apr  1 19:52:27 IDT 2026, 583 W
Wed Apr  1 19:52:27 IDT 2026, 587 W
Wed Apr  1 19:52:27 IDT 2026, 572 W
Wed Apr  1 19:52:27 IDT 2026, 593 W
Wed Apr  1 19:52:28 IDT 2026, 581 W
Wed Apr  1 19:52:28 IDT 2026, 585 W
Wed Apr  1 19:52:28 IDT 2026, 574 W
Wed Apr  1 19:52:28 IDT 2026, 583 W
Wed Apr  1 19:52:29 IDT 2026, 578 W
Wed Apr  1 19:52:29 IDT 2026, 585 W
Wed Apr  1 19:52:29 IDT 2026, 573 W
Wed Apr  1 19:52:29 IDT 2026, 586 W
Wed Apr  1 19:52:30 IDT 2026, 580 W
Wed Apr  1 19:52:30 IDT 2026, 586 W
Wed Apr  1 19:52:30 IDT 2026, 577 W
Wed Apr  1 19:52:30 IDT 2026, 589 W
Wed Apr  1 19:52:31 IDT 2026, 585 W
Wed Apr  1 19:52:31 IDT 2026, 590 W
Wed Apr  1 19:52:31 IDT 2026, 577 W
Wed Apr  1 19:52:31 IDT 2026, 595 W
Wed Apr  1 19:52:32 IDT 2026, 581 W
Wed Apr  1 19:52:32 IDT 2026, 587 W
Wed Apr  1 19:52:32 IDT 2026, 578 W
Wed Apr  1 19:52:32 IDT 2026, 589 W
Wed Apr  1 19:52:33 IDT 2026, 582 W
Wed Apr  1 19:52:33 IDT 2026, 590 W
Wed Apr  1 19:52:33 IDT 2026, 578 W
Wed Apr  1 19:52:33 IDT 2026, 591 W
Wed Apr  1 19:52:34 IDT 2026, 579 W
Wed Apr  1 19:52:34 IDT 2026, 587 W
Wed Apr  1 19:52:34 IDT 2026, 577 W
Wed Apr  1 19:52:34 IDT 2026, 589 W
Wed Apr  1 19:52:35 IDT 2026, 581 W
Wed Apr  1 19:52:35 IDT 2026, 589 W
Wed Apr  1 19:52:35 IDT 2026, 581 W
Wed Apr  1 19:52:35 IDT 2026, 593 W
Wed Apr  1 19:52:36 IDT 2026, 579 W
Wed Apr  1 19:52:36 IDT 2026, 590 W
Wed Apr  1 19:52:36 IDT 2026, 581 W
Wed Apr  1 19:52:36 IDT 2026, 589 W
Wed Apr  1 19:52:37 IDT 2026, 581 W
Wed Apr  1 19:52:37 IDT 2026, 587 W
Wed Apr  1 19:52:37 IDT 2026, 577 W
Wed Apr  1 19:52:37 IDT 2026, 589 W
Wed Apr  1 19:52:38 IDT 2026, 574 W
Wed Apr  1 19:52:38 IDT 2026, 582 W
Wed Apr  1 19:52:38 IDT 2026, 570 W
Wed Apr  1 19:52:38 IDT 2026, 582 W
Wed Apr  1 19:52:39 IDT 2026, 579 W
Wed Apr  1 19:52:39 IDT 2026, 585 W
Wed Apr  1 19:52:39 IDT 2026, 577 W
Wed Apr  1 19:52:39 IDT 2026, 588 W
Wed Apr  1 19:52:40 IDT 2026, 578 W
Wed Apr  1 19:52:40 IDT 2026, 587 W
Wed Apr  1 19:52:40 IDT 2026, 577 W
Wed Apr  1 19:52:40 IDT 2026, 586 W
Wed Apr  1 19:52:41 IDT 2026, 234 W
Wed Apr  1 19:52:41 IDT 2026, 235 W
Wed Apr  1 19:52:41 IDT 2026, 231 W
Wed Apr  1 19:52:41 IDT 2026, 237 W
Wed Apr  1 19:52:42 IDT 2026, 598 W
Wed Apr  1 19:52:42 IDT 2026, 604 W
Wed Apr  1 19:52:42 IDT 2026, 596 W
Wed Apr  1 19:52:42 IDT 2026, 609 W
Wed Apr  1 19:52:43 IDT 2026, 599 W
Wed Apr  1 19:52:43 IDT 2026, 605 W
Wed Apr  1 19:52:43 IDT 2026, 595 W
Wed Apr  1 19:52:43 IDT 2026, 609 W
Wed Apr  1 19:52:44 IDT 2026, 599 W
Wed Apr  1 19:52:44 IDT 2026, 604 W
Wed Apr  1 19:52:44 IDT 2026, 594 W
Wed Apr  1 19:52:44 IDT 2026, 607 W
Wed Apr  1 19:52:45 IDT 2026, 599 W
Wed Apr  1 19:52:45 IDT 2026, 607 W
Wed Apr  1 19:52:45 IDT 2026, 597 W
Wed Apr  1 19:52:45 IDT 2026, 611 W
Wed Apr  1 19:52:46 IDT 2026, 598 W
Wed Apr  1 19:52:46 IDT 2026, 606 W
Wed Apr  1 19:52:46 IDT 2026, 595 W
Wed Apr  1 19:52:46 IDT 2026, 608 W
Wed Apr  1 19:52:47 IDT 2026, 599 W
Wed Apr  1 19:52:47 IDT 2026, 606 W
Wed Apr  1 19:52:47 IDT 2026, 594 W
Wed Apr  1 19:52:47 IDT 2026, 608 W
Wed Apr  1 19:52:48 IDT 2026, 596 W
Wed Apr  1 19:52:48 IDT 2026, 603 W
Wed Apr  1 19:52:48 IDT 2026, 592 W
Wed Apr  1 19:52:48 IDT 2026, 606 W
Wed Apr  1 19:52:49 IDT 2026, 596 W
Wed Apr  1 19:52:49 IDT 2026, 604 W
Wed Apr  1 19:52:49 IDT 2026, 592 W
Wed Apr  1 19:52:49 IDT 2026, 604 W
Wed Apr  1 19:52:50 IDT 2026, 597 W
Wed Apr  1 19:52:50 IDT 2026, 604 W
Wed Apr  1 19:52:50 IDT 2026, 594 W
Wed Apr  1 19:52:50 IDT 2026, 608 W
Wed Apr  1 19:52:51 IDT 2026, 597 W
Wed Apr  1 19:52:51 IDT 2026, 602 W
Wed Apr  1 19:52:51 IDT 2026, 589 W
Wed Apr  1 19:52:51 IDT 2026, 604 W
Wed Apr  1 19:52:52 IDT 2026, 597 W
Wed Apr  1 19:52:52 IDT 2026, 602 W
Wed Apr  1 19:52:52 IDT 2026, 591 W
Wed Apr  1 19:52:52 IDT 2026, 604 W
Wed Apr  1 19:52:53 IDT 2026, 596 W
Wed Apr  1 19:52:53 IDT 2026, 605 W
Wed Apr  1 19:52:53 IDT 2026, 594 W
Wed Apr  1 19:52:53 IDT 2026, 607 W
Wed Apr  1 19:52:54 IDT 2026, 598 W
Wed Apr  1 19:52:54 IDT 2026, 602 W
Wed Apr  1 19:52:54 IDT 2026, 592 W
Wed Apr  1 19:52:54 IDT 2026, 604 W
Wed Apr  1 19:52:55 IDT 2026, 595 W
Wed Apr  1 19:52:55 IDT 2026, 601 W
Wed Apr  1 19:52:55 IDT 2026, 593 W
Wed Apr  1 19:52:55 IDT 2026, 606 W
Wed Apr  1 19:52:56 IDT 2026, 596 W
Wed Apr  1 19:52:56 IDT 2026, 603 W
Wed Apr  1 19:52:56 IDT 2026, 590 W
Wed Apr  1 19:52:56 IDT 2026, 605 W
Wed Apr  1 19:52:57 IDT 2026, 593 W
Wed Apr  1 19:52:57 IDT 2026, 594 W
Wed Apr  1 19:52:57 IDT 2026, 586 W
Wed Apr  1 19:52:57 IDT 2026, 600 W
Wed Apr  1 19:52:58 IDT 2026, 591 W
Wed Apr  1 19:52:58 IDT 2026, 598 W
Wed Apr  1 19:52:58 IDT 2026, 588 W
Wed Apr  1 19:52:58 IDT 2026, 602 W
Wed Apr  1 19:52:59 IDT 2026, 590 W
Wed Apr  1 19:52:59 IDT 2026, 595 W
Wed Apr  1 19:52:59 IDT 2026, 588 W
Wed Apr  1 19:52:59 IDT 2026, 599 W
Wed Apr  1 19:53:00 IDT 2026, 591 W
Wed Apr  1 19:53:00 IDT 2026, 597 W
Wed Apr  1 19:53:00 IDT 2026, 586 W
Wed Apr  1 19:53:00 IDT 2026, 600 W
Wed Apr  1 19:53:01 IDT 2026, 589 W
Wed Apr  1 19:53:01 IDT 2026, 600 W
Wed Apr  1 19:53:01 IDT 2026, 584 W
Wed Apr  1 19:53:01 IDT 2026, 601 W
Wed Apr  1 19:53:02 IDT 2026, 589 W
Wed Apr  1 19:53:02 IDT 2026, 595 W
Wed Apr  1 19:53:02 IDT 2026, 586 W
Wed Apr  1 19:53:02 IDT 2026, 600 W
Wed Apr  1 19:53:03 IDT 2026, 590 W
Wed Apr  1 19:53:03 IDT 2026, 598 W
Wed Apr  1 19:53:03 IDT 2026, 588 W
Wed Apr  1 19:53:03 IDT 2026, 599 W
Wed Apr  1 19:53:04 IDT 2026, 590 W
Wed Apr  1 19:53:04 IDT 2026, 596 W
Wed Apr  1 19:53:04 IDT 2026, 586 W
Wed Apr  1 19:53:04 IDT 2026, 601 W
Wed Apr  1 19:53:05 IDT 2026, 583 W
Wed Apr  1 19:53:05 IDT 2026, 593 W
Wed Apr  1 19:53:05 IDT 2026, 581 W
Wed Apr  1 19:53:05 IDT 2026, 594 W
Wed Apr  1 19:53:06 IDT 2026, 572 W
Wed Apr  1 19:53:06 IDT 2026, 579 W
Wed Apr  1 19:53:06 IDT 2026, 567 W
Wed Apr  1 19:53:06 IDT 2026, 582 W
Wed Apr  1 19:53:07 IDT 2026, 579 W
Wed Apr  1 19:53:07 IDT 2026, 585 W
Wed Apr  1 19:53:07 IDT 2026, 575 W
Wed Apr  1 19:53:07 IDT 2026, 590 W
Wed Apr  1 19:53:08 IDT 2026, 582 W
Wed Apr  1 19:53:08 IDT 2026, 585 W
Wed Apr  1 19:53:08 IDT 2026, 579 W
Wed Apr  1 19:53:08 IDT 2026, 591 W
Wed Apr  1 19:53:09 IDT 2026, 579 W
Wed Apr  1 19:53:09 IDT 2026, 588 W
Wed Apr  1 19:53:09 IDT 2026, 580 W
Wed Apr  1 19:53:09 IDT 2026, 589 W
Wed Apr  1 19:53:10 IDT 2026, 576 W
Wed Apr  1 19:53:10 IDT 2026, 583 W
Wed Apr  1 19:53:10 IDT 2026, 568 W
Wed Apr  1 19:53:10 IDT 2026, 583 W
Wed Apr  1 19:53:11 IDT 2026, 537 W
Wed Apr  1 19:53:11 IDT 2026, 456 W
Wed Apr  1 19:53:11 IDT 2026, 458 W
Wed Apr  1 19:53:11 IDT 2026, 465 W
Wed Apr  1 19:53:12 IDT 2026, 639 W
Wed Apr  1 19:53:12 IDT 2026, 632 W
Wed Apr  1 19:53:12 IDT 2026, 625 W
Wed Apr  1 19:53:12 IDT 2026, 639 W
Wed Apr  1 19:53:13 IDT 2026, 595 W
Wed Apr  1 19:53:13 IDT 2026, 602 W
Wed Apr  1 19:53:13 IDT 2026, 595 W
Wed Apr  1 19:53:13 IDT 2026, 606 W
Wed Apr  1 19:53:14 IDT 2026, 599 W
Wed Apr  1 19:53:14 IDT 2026, 601 W
Wed Apr  1 19:53:14 IDT 2026, 590 W
Wed Apr  1 19:53:14 IDT 2026, 603 W
Wed Apr  1 19:53:15 IDT 2026, 598 W
Wed Apr  1 19:53:15 IDT 2026, 603 W
Wed Apr  1 19:53:15 IDT 2026, 592 W
Wed Apr  1 19:53:15 IDT 2026, 606 W
Wed Apr  1 19:53:16 IDT 2026, 601 W
Wed Apr  1 19:53:16 IDT 2026, 604 W
Wed Apr  1 19:53:16 IDT 2026, 596 W
Wed Apr  1 19:53:16 IDT 2026, 606 W
Wed Apr  1 19:53:17 IDT 2026, 595 W
Wed Apr  1 19:53:17 IDT 2026, 606 W
Wed Apr  1 19:53:17 IDT 2026, 591 W
Wed Apr  1 19:53:17 IDT 2026, 610 W
Wed Apr  1 19:53:18 IDT 2026, 589 W
Wed Apr  1 19:53:18 IDT 2026, 595 W
Wed Apr  1 19:53:18 IDT 2026, 585 W
Wed Apr  1 19:53:18 IDT 2026, 596 W
Wed Apr  1 19:53:19 IDT 2026, 582 W
Wed Apr  1 19:53:19 IDT 2026, 589 W
Wed Apr  1 19:53:19 IDT 2026, 579 W
Wed Apr  1 19:53:19 IDT 2026, 592 W
Wed Apr  1 19:53:20 IDT 2026, 583 W
Wed Apr  1 19:53:20 IDT 2026, 588 W
Wed Apr  1 19:53:20 IDT 2026, 579 W
Wed Apr  1 19:53:20 IDT 2026, 592 W
Wed Apr  1 19:53:21 IDT 2026, 582 W
Wed Apr  1 19:53:21 IDT 2026, 586 W
Wed Apr  1 19:53:21 IDT 2026, 574 W
Wed Apr  1 19:53:21 IDT 2026, 592 W
Wed Apr  1 19:53:22 IDT 2026, 546 W
Wed Apr  1 19:53:22 IDT 2026, 550 W
Wed Apr  1 19:53:22 IDT 2026, 538 W
Wed Apr  1 19:53:22 IDT 2026, 552 W
Wed Apr  1 19:53:23 IDT 2026, 548 W
Wed Apr  1 19:53:23 IDT 2026, 553 W
Wed Apr  1 19:53:23 IDT 2026, 543 W
Wed Apr  1 19:53:23 IDT 2026, 555 W
Wed Apr  1 19:53:24 IDT 2026, 465 W
Wed Apr  1 19:53:24 IDT 2026, 469 W
Wed Apr  1 19:53:24 IDT 2026, 462 W
Wed Apr  1 19:53:24 IDT 2026, 469 W
Wed Apr  1 19:53:25 IDT 2026, 496 W
Wed Apr  1 19:53:25 IDT 2026, 504 W
Wed Apr  1 19:53:25 IDT 2026, 493 W
Wed Apr  1 19:53:25 IDT 2026, 503 W
Wed Apr  1 19:53:26 IDT 2026, 743 W
Wed Apr  1 19:53:26 IDT 2026, 756 W
Wed Apr  1 19:53:26 IDT 2026, 736 W
Wed Apr  1 19:53:26 IDT 2026, 754 W
Wed Apr  1 19:53:27 IDT 2026, 597 W
Wed Apr  1 19:53:27 IDT 2026, 606 W
Wed Apr  1 19:53:27 IDT 2026, 594 W
Wed Apr  1 19:53:27 IDT 2026, 608 W
Wed Apr  1 19:53:28 IDT 2026, 600 W
Wed Apr  1 19:53:28 IDT 2026, 605 W
Wed Apr  1 19:53:28 IDT 2026, 596 W
Wed Apr  1 19:53:28 IDT 2026, 608 W
Wed Apr  1 19:53:29 IDT 2026, 597 W
Wed Apr  1 19:53:29 IDT 2026, 607 W
Wed Apr  1 19:53:29 IDT 2026, 595 W
Wed Apr  1 19:53:29 IDT 2026, 610 W
Wed Apr  1 19:53:30 IDT 2026, 597 W
Wed Apr  1 19:53:30 IDT 2026, 608 W
Wed Apr  1 19:53:30 IDT 2026, 596 W
Wed Apr  1 19:53:30 IDT 2026, 607 W
Wed Apr  1 19:53:31 IDT 2026, 601 W
Wed Apr  1 19:53:31 IDT 2026, 606 W
Wed Apr  1 19:53:31 IDT 2026, 595 W
Wed Apr  1 19:53:31 IDT 2026, 610 W
Wed Apr  1 19:53:32 IDT 2026, 600 W
Wed Apr  1 19:53:32 IDT 2026, 607 W
Wed Apr  1 19:53:32 IDT 2026, 596 W
Wed Apr  1 19:53:32 IDT 2026, 608 W
Wed Apr  1 19:53:33 IDT 2026, 597 W
Wed Apr  1 19:53:33 IDT 2026, 606 W
Wed Apr  1 19:53:33 IDT 2026, 595 W
Wed Apr  1 19:53:33 IDT 2026, 607 W
Wed Apr  1 19:53:34 IDT 2026, 598 W
Wed Apr  1 19:53:34 IDT 2026, 603 W
Wed Apr  1 19:53:34 IDT 2026, 594 W
Wed Apr  1 19:53:34 IDT 2026, 609 W
Wed Apr  1 19:53:35 IDT 2026, 598 W
Wed Apr  1 19:53:35 IDT 2026, 605 W
Wed Apr  1 19:53:35 IDT 2026, 591 W
Wed Apr  1 19:53:35 IDT 2026, 607 W
Wed Apr  1 19:53:36 IDT 2026, 599 W
Wed Apr  1 19:53:36 IDT 2026, 604 W
Wed Apr  1 19:53:36 IDT 2026, 595 W
Wed Apr  1 19:53:36 IDT 2026, 609 W
Wed Apr  1 19:53:37 IDT 2026, 598 W
Wed Apr  1 19:53:37 IDT 2026, 604 W
Wed Apr  1 19:53:37 IDT 2026, 594 W
Wed Apr  1 19:53:37 IDT 2026, 605 W
Wed Apr  1 19:53:38 IDT 2026, 600 W
Wed Apr  1 19:53:38 IDT 2026, 603 W
Wed Apr  1 19:53:38 IDT 2026, 594 W
Wed Apr  1 19:53:38 IDT 2026, 607 W
Wed Apr  1 19:53:39 IDT 2026, 596 W
Wed Apr  1 19:53:39 IDT 2026, 599 W
Wed Apr  1 19:53:39 IDT 2026, 591 W
Wed Apr  1 19:53:39 IDT 2026, 604 W
Wed Apr  1 19:53:40 IDT 2026, 599 W
Wed Apr  1 19:53:40 IDT 2026, 606 W
Wed Apr  1 19:53:40 IDT 2026, 593 W
Wed Apr  1 19:53:40 IDT 2026, 606 W
Wed Apr  1 19:53:41 IDT 2026, 596 W
Wed Apr  1 19:53:41 IDT 2026, 604 W
Wed Apr  1 19:53:41 IDT 2026, 593 W
Wed Apr  1 19:53:41 IDT 2026, 609 W
Wed Apr  1 19:53:42 IDT 2026, 598 W
Wed Apr  1 19:53:42 IDT 2026, 604 W
Wed Apr  1 19:53:42 IDT 2026, 593 W
Wed Apr  1 19:53:42 IDT 2026, 607 W
Wed Apr  1 19:53:43 IDT 2026, 596 W
Wed Apr  1 19:53:43 IDT 2026, 602 W
Wed Apr  1 19:53:43 IDT 2026, 593 W
Wed Apr  1 19:53:43 IDT 2026, 608 W
Wed Apr  1 19:53:44 IDT 2026, 598 W
Wed Apr  1 19:53:44 IDT 2026, 601 W
Wed Apr  1 19:53:44 IDT 2026, 588 W
Wed Apr  1 19:53:44 IDT 2026, 606 W
Wed Apr  1 19:53:45 IDT 2026, 591 W
Wed Apr  1 19:53:45 IDT 2026, 604 W
Wed Apr  1 19:53:45 IDT 2026, 593 W
Wed Apr  1 19:53:45 IDT 2026, 605 W
Wed Apr  1 19:53:46 IDT 2026, 596 W
Wed Apr  1 19:53:46 IDT 2026, 603 W
Wed Apr  1 19:53:46 IDT 2026, 593 W
Wed Apr  1 19:53:46 IDT 2026, 608 W
Wed Apr  1 19:53:47 IDT 2026, 599 W
Wed Apr  1 19:53:47 IDT 2026, 603 W
Wed Apr  1 19:53:47 IDT 2026, 593 W
Wed Apr  1 19:53:47 IDT 2026, 606 W
Wed Apr  1 19:53:48 IDT 2026, 595 W
Wed Apr  1 19:53:48 IDT 2026, 600 W
Wed Apr  1 19:53:48 IDT 2026, 588 W
Wed Apr  1 19:53:48 IDT 2026, 605 W
Wed Apr  1 19:53:49 IDT 2026, 597 W
Wed Apr  1 19:53:49 IDT 2026, 603 W
Wed Apr  1 19:53:49 IDT 2026, 593 W
Wed Apr  1 19:53:49 IDT 2026, 607 W
Wed Apr  1 19:53:50 IDT 2026, 595 W
Wed Apr  1 19:53:50 IDT 2026, 600 W
Wed Apr  1 19:53:50 IDT 2026, 590 W
Wed Apr  1 19:53:50 IDT 2026, 601 W
Wed Apr  1 19:53:51 IDT 2026, 591 W
Wed Apr  1 19:53:51 IDT 2026, 598 W
Wed Apr  1 19:53:51 IDT 2026, 587 W
Wed Apr  1 19:53:51 IDT 2026, 602 W
Wed Apr  1 19:53:52 IDT 2026, 594 W
Wed Apr  1 19:53:52 IDT 2026, 599 W
Wed Apr  1 19:53:52 IDT 2026, 590 W
Wed Apr  1 19:53:52 IDT 2026, 601 W
Wed Apr  1 19:53:53 IDT 2026, 578 W
Wed Apr  1 19:53:53 IDT 2026, 586 W
Wed Apr  1 19:53:53 IDT 2026, 575 W
Wed Apr  1 19:53:53 IDT 2026, 587 W
Wed Apr  1 19:53:54 IDT 2026, 572 W
Wed Apr  1 19:53:54 IDT 2026, 585 W
Wed Apr  1 19:53:54 IDT 2026, 571 W
Wed Apr  1 19:53:54 IDT 2026, 588 W
Wed Apr  1 19:53:55 IDT 2026, 581 W
Wed Apr  1 19:53:55 IDT 2026, 585 W
Wed Apr  1 19:53:55 IDT 2026, 577 W
Wed Apr  1 19:53:55 IDT 2026, 589 W
Wed Apr  1 19:53:56 IDT 2026, 579 W
Wed Apr  1 19:53:56 IDT 2026, 585 W
Wed Apr  1 19:53:56 IDT 2026, 575 W
Wed Apr  1 19:53:56 IDT 2026, 592 W
Wed Apr  1 19:53:57 IDT 2026, 299 W
Wed Apr  1 19:53:57 IDT 2026, 450 W
Wed Apr  1 19:53:57 IDT 2026, 417 W
Wed Apr  1 19:53:57 IDT 2026, 435 W
Wed Apr  1 19:53:58 IDT 2026, 598 W
Wed Apr  1 19:53:58 IDT 2026, 609 W
Wed Apr  1 19:53:58 IDT 2026, 598 W
Wed Apr  1 19:53:58 IDT 2026, 613 W
Wed Apr  1 19:53:59 IDT 2026, 600 W
Wed Apr  1 19:53:59 IDT 2026, 605 W
Wed Apr  1 19:53:59 IDT 2026, 594 W
Wed Apr  1 19:53:59 IDT 2026, 611 W
Wed Apr  1 19:54:00 IDT 2026, 604 W
Wed Apr  1 19:54:00 IDT 2026, 607 W
Wed Apr  1 19:54:00 IDT 2026, 599 W
Wed Apr  1 19:54:00 IDT 2026, 611 W
Wed Apr  1 19:54:01 IDT 2026, 599 W
Wed Apr  1 19:54:01 IDT 2026, 606 W
Wed Apr  1 19:54:01 IDT 2026, 597 W
Wed Apr  1 19:54:01 IDT 2026, 612 W
Wed Apr  1 19:54:02 IDT 2026, 599 W
Wed Apr  1 19:54:02 IDT 2026, 608 W
Wed Apr  1 19:54:02 IDT 2026, 595 W
Wed Apr  1 19:54:02 IDT 2026, 610 W
Wed Apr  1 19:54:03 IDT 2026, 600 W
Wed Apr  1 19:54:03 IDT 2026, 606 W
Wed Apr  1 19:54:03 IDT 2026, 597 W
Wed Apr  1 19:54:03 IDT 2026, 609 W
Wed Apr  1 19:54:04 IDT 2026, 598 W
Wed Apr  1 19:54:04 IDT 2026, 604 W
Wed Apr  1 19:54:04 IDT 2026, 593 W
Wed Apr  1 19:54:04 IDT 2026, 608 W
Wed Apr  1 19:54:05 IDT 2026, 597 W
Wed Apr  1 19:54:05 IDT 2026, 607 W
Wed Apr  1 19:54:05 IDT 2026, 597 W
Wed Apr  1 19:54:05 IDT 2026, 608 W
Wed Apr  1 19:54:06 IDT 2026, 598 W
Wed Apr  1 19:54:06 IDT 2026, 604 W
Wed Apr  1 19:54:06 IDT 2026, 594 W
Wed Apr  1 19:54:06 IDT 2026, 606 W
Wed Apr  1 19:54:07 IDT 2026, 594 W
Wed Apr  1 19:54:07 IDT 2026, 603 W
Wed Apr  1 19:54:07 IDT 2026, 592 W
Wed Apr  1 19:54:07 IDT 2026, 608 W
Wed Apr  1 19:54:08 IDT 2026, 594 W
Wed Apr  1 19:54:08 IDT 2026, 598 W
Wed Apr  1 19:54:08 IDT 2026, 590 W
Wed Apr  1 19:54:08 IDT 2026, 603 W
Wed Apr  1 19:54:09 IDT 2026, 580 W
Wed Apr  1 19:54:09 IDT 2026, 590 W
Wed Apr  1 19:54:09 IDT 2026, 577 W
Wed Apr  1 19:54:09 IDT 2026, 587 W
Wed Apr  1 19:54:10 IDT 2026, 582 W
Wed Apr  1 19:54:10 IDT 2026, 584 W
Wed Apr  1 19:54:10 IDT 2026, 571 W
Wed Apr  1 19:54:10 IDT 2026, 586 W
Wed Apr  1 19:54:11 IDT 2026, 577 W
Wed Apr  1 19:54:11 IDT 2026, 584 W
Wed Apr  1 19:54:11 IDT 2026, 573 W
Wed Apr  1 19:54:11 IDT 2026, 586 W
Wed Apr  1 19:54:12 IDT 2026, 575 W
Wed Apr  1 19:54:12 IDT 2026, 588 W
Wed Apr  1 19:54:12 IDT 2026, 575 W
Wed Apr  1 19:54:12 IDT 2026, 586 W
Wed Apr  1 19:54:13 IDT 2026, 577 W
Wed Apr  1 19:54:13 IDT 2026, 585 W
Wed Apr  1 19:54:13 IDT 2026, 571 W
Wed Apr  1 19:54:13 IDT 2026, 589 W
Wed Apr  1 19:54:14 IDT 2026, 584 W
Wed Apr  1 19:54:14 IDT 2026, 588 W
Wed Apr  1 19:54:14 IDT 2026, 576 W
Wed Apr  1 19:54:14 IDT 2026, 590 W
Wed Apr  1 19:54:15 IDT 2026, 577 W
Wed Apr  1 19:54:15 IDT 2026, 587 W
Wed Apr  1 19:54:15 IDT 2026, 579 W
Wed Apr  1 19:54:15 IDT 2026, 591 W
Wed Apr  1 19:54:16 IDT 2026, 579 W
Wed Apr  1 19:54:16 IDT 2026, 587 W
Wed Apr  1 19:54:16 IDT 2026, 580 W
Wed Apr  1 19:54:16 IDT 2026, 591 W
Wed Apr  1 19:54:17 IDT 2026, 579 W
Wed Apr  1 19:54:17 IDT 2026, 582 W
Wed Apr  1 19:54:17 IDT 2026, 573 W
Wed Apr  1 19:54:17 IDT 2026, 586 W
Wed Apr  1 19:54:18 IDT 2026, 583 W
Wed Apr  1 19:54:18 IDT 2026, 590 W
Wed Apr  1 19:54:18 IDT 2026, 578 W
Wed Apr  1 19:54:18 IDT 2026, 595 W
Wed Apr  1 19:54:19 IDT 2026, 580 W
Wed Apr  1 19:54:19 IDT 2026, 588 W
Wed Apr  1 19:54:19 IDT 2026, 577 W
Wed Apr  1 19:54:19 IDT 2026, 589 W
Wed Apr  1 19:54:20 IDT 2026, 581 W
Wed Apr  1 19:54:20 IDT 2026, 589 W
Wed Apr  1 19:54:20 IDT 2026, 581 W
Wed Apr  1 19:54:20 IDT 2026, 595 W
Wed Apr  1 19:54:21 IDT 2026, 578 W
Wed Apr  1 19:54:21 IDT 2026, 583 W
Wed Apr  1 19:54:21 IDT 2026, 571 W
Wed Apr  1 19:54:21 IDT 2026, 588 W
Wed Apr  1 19:54:22 IDT 2026, 548 W
Wed Apr  1 19:54:22 IDT 2026, 552 W
Wed Apr  1 19:54:22 IDT 2026, 544 W
Wed Apr  1 19:54:22 IDT 2026, 556 W
Wed Apr  1 19:54:23 IDT 2026, 551 W
Wed Apr  1 19:54:23 IDT 2026, 557 W
Wed Apr  1 19:54:23 IDT 2026, 547 W
Wed Apr  1 19:54:23 IDT 2026, 560 W
Wed Apr  1 19:54:24 IDT 2026, 507 W
Wed Apr  1 19:54:24 IDT 2026, 514 W
Wed Apr  1 19:54:24 IDT 2026, 502 W
Wed Apr  1 19:54:24 IDT 2026, 515 W
Wed Apr  1 19:54:25 IDT 2026, 250 W
Wed Apr  1 19:54:25 IDT 2026, 244 W
Wed Apr  1 19:54:25 IDT 2026, 242 W
Wed Apr  1 19:54:25 IDT 2026, 250 W
Wed Apr  1 19:54:26 IDT 2026, 599 W
Wed Apr  1 19:54:26 IDT 2026, 603 W
Wed Apr  1 19:54:26 IDT 2026, 594 W
Wed Apr  1 19:54:26 IDT 2026, 608 W
Wed Apr  1 19:54:27 IDT 2026, 600 W
Wed Apr  1 19:54:27 IDT 2026, 605 W
Wed Apr  1 19:54:27 IDT 2026, 592 W
Wed Apr  1 19:54:27 IDT 2026, 607 W
Wed Apr  1 19:54:28 IDT 2026, 597 W
Wed Apr  1 19:54:28 IDT 2026, 602 W
Wed Apr  1 19:54:28 IDT 2026, 594 W
Wed Apr  1 19:54:28 IDT 2026, 603 W
Wed Apr  1 19:54:29 IDT 2026, 602 W
Wed Apr  1 19:54:29 IDT 2026, 607 W
Wed Apr  1 19:54:29 IDT 2026, 596 W
Wed Apr  1 19:54:29 IDT 2026, 612 W
Wed Apr  1 19:54:30 IDT 2026, 600 W
Wed Apr  1 19:54:30 IDT 2026, 609 W
Wed Apr  1 19:54:30 IDT 2026, 596 W
Wed Apr  1 19:54:30 IDT 2026, 608 W
Wed Apr  1 19:54:31 IDT 2026, 596 W
Wed Apr  1 19:54:31 IDT 2026, 603 W
Wed Apr  1 19:54:31 IDT 2026, 594 W
Wed Apr  1 19:54:31 IDT 2026, 605 W
Wed Apr  1 19:54:32 IDT 2026, 599 W
Wed Apr  1 19:54:32 IDT 2026, 600 W
Wed Apr  1 19:54:32 IDT 2026, 594 W
Wed Apr  1 19:54:32 IDT 2026, 607 W
Wed Apr  1 19:54:33 IDT 2026, 592 W
Wed Apr  1 19:54:33 IDT 2026, 601 W
Wed Apr  1 19:54:33 IDT 2026, 593 W
Wed Apr  1 19:54:33 IDT 2026, 603 W
Wed Apr  1 19:54:34 IDT 2026, 590 W
Wed Apr  1 19:54:34 IDT 2026, 596 W
Wed Apr  1 19:54:34 IDT 2026, 582 W
Wed Apr  1 19:54:34 IDT 2026, 598 W
Wed Apr  1 19:54:35 IDT 2026, 590 W
Wed Apr  1 19:54:35 IDT 2026, 596 W
Wed Apr  1 19:54:35 IDT 2026, 586 W
Wed Apr  1 19:54:35 IDT 2026, 599 W
Wed Apr  1 19:54:36 IDT 2026, 594 W
Wed Apr  1 19:54:36 IDT 2026, 601 W
Wed Apr  1 19:54:36 IDT 2026, 591 W
Wed Apr  1 19:54:36 IDT 2026, 603 W
Wed Apr  1 19:54:37 IDT 2026, 579 W
Wed Apr  1 19:54:37 IDT 2026, 590 W
Wed Apr  1 19:54:37 IDT 2026, 579 W
Wed Apr  1 19:54:37 IDT 2026, 593 W
Wed Apr  1 19:54:38 IDT 2026, 582 W
Wed Apr  1 19:54:38 IDT 2026, 588 W
Wed Apr  1 19:54:38 IDT 2026, 579 W
Wed Apr  1 19:54:38 IDT 2026, 593 W
Wed Apr  1 19:54:39 IDT 2026, 584 W
Wed Apr  1 19:54:39 IDT 2026, 589 W
Wed Apr  1 19:54:39 IDT 2026, 581 W
Wed Apr  1 19:54:39 IDT 2026, 593 W
Wed Apr  1 19:54:40 IDT 2026, 582 W
Wed Apr  1 19:54:40 IDT 2026, 590 W
Wed Apr  1 19:54:40 IDT 2026, 574 W
Wed Apr  1 19:54:40 IDT 2026, 590 W
Wed Apr  1 19:54:41 IDT 2026, 583 W
Wed Apr  1 19:54:41 IDT 2026, 591 W
Wed Apr  1 19:54:41 IDT 2026, 581 W
Wed Apr  1 19:54:41 IDT 2026, 594 W
Wed Apr  1 19:54:42 IDT 2026, 581 W
Wed Apr  1 19:54:42 IDT 2026, 589 W
Wed Apr  1 19:54:42 IDT 2026, 575 W
Wed Apr  1 19:54:42 IDT 2026, 590 W
Wed Apr  1 19:54:43 IDT 2026, 580 W
Wed Apr  1 19:54:43 IDT 2026, 589 W
Wed Apr  1 19:54:43 IDT 2026, 577 W
Wed Apr  1 19:54:43 IDT 2026, 592 W
Wed Apr  1 19:54:44 IDT 2026, 578 W
Wed Apr  1 19:54:44 IDT 2026, 588 W
Wed Apr  1 19:54:44 IDT 2026, 580 W
Wed Apr  1 19:54:44 IDT 2026, 592 W
Wed Apr  1 19:54:45 IDT 2026, 579 W
Wed Apr  1 19:54:45 IDT 2026, 587 W
Wed Apr  1 19:54:45 IDT 2026, 576 W
Wed Apr  1 19:54:45 IDT 2026, 588 W
Wed Apr  1 19:54:46 IDT 2026, 583 W
Wed Apr  1 19:54:46 IDT 2026, 586 W
Wed Apr  1 19:54:46 IDT 2026, 577 W
Wed Apr  1 19:54:46 IDT 2026, 587 W
Wed Apr  1 19:54:47 IDT 2026, 580 W
Wed Apr  1 19:54:47 IDT 2026, 592 W
Wed Apr  1 19:54:47 IDT 2026, 580 W
Wed Apr  1 19:54:47 IDT 2026, 590 W
Wed Apr  1 19:54:48 IDT 2026, 544 W
Wed Apr  1 19:54:48 IDT 2026, 551 W
Wed Apr  1 19:54:48 IDT 2026, 540 W
Wed Apr  1 19:54:48 IDT 2026, 554 W
Wed Apr  1 19:54:49 IDT 2026, 494 W
Wed Apr  1 19:54:49 IDT 2026, 480 W
Wed Apr  1 19:54:49 IDT 2026, 484 W
Wed Apr  1 19:54:49 IDT 2026, 495 W
Wed Apr  1 19:54:50 IDT 2026, 496 W
Wed Apr  1 19:54:50 IDT 2026, 500 W
Wed Apr  1 19:54:50 IDT 2026, 493 W
Wed Apr  1 19:54:50 IDT 2026, 504 W
Wed Apr  1 19:54:51 IDT 2026, 496 W
Wed Apr  1 19:54:51 IDT 2026, 502 W
Wed Apr  1 19:54:51 IDT 2026, 490 W
Wed Apr  1 19:54:51 IDT 2026, 505 W
Wed Apr  1 19:54:52 IDT 2026, 241 W
Wed Apr  1 19:54:52 IDT 2026, 240 W
Wed Apr  1 19:54:52 IDT 2026, 237 W
Wed Apr  1 19:54:52 IDT 2026, 244 W
Wed Apr  1 19:54:53 IDT 2026, 662 W
Wed Apr  1 19:54:53 IDT 2026, 645 W
Wed Apr  1 19:54:53 IDT 2026, 638 W
Wed Apr  1 19:54:53 IDT 2026, 651 W
Wed Apr  1 19:54:54 IDT 2026, 602 W
Wed Apr  1 19:54:54 IDT 2026, 606 W
Wed Apr  1 19:54:54 IDT 2026, 595 W
Wed Apr  1 19:54:54 IDT 2026, 609 W
Wed Apr  1 19:54:55 IDT 2026, 597 W
Wed Apr  1 19:54:55 IDT 2026, 603 W
Wed Apr  1 19:54:55 IDT 2026, 593 W
Wed Apr  1 19:54:55 IDT 2026, 605 W
Wed Apr  1 19:54:56 IDT 2026, 603 W
Wed Apr  1 19:54:56 IDT 2026, 609 W
Wed Apr  1 19:54:56 IDT 2026, 598 W
Wed Apr  1 19:54:56 IDT 2026, 610 W
Wed Apr  1 19:54:57 IDT 2026, 598 W
Wed Apr  1 19:54:57 IDT 2026, 603 W
Wed Apr  1 19:54:57 IDT 2026, 593 W
Wed Apr  1 19:54:57 IDT 2026, 608 W
Wed Apr  1 19:54:58 IDT 2026, 602 W
Wed Apr  1 19:54:58 IDT 2026, 607 W
Wed Apr  1 19:54:58 IDT 2026, 596 W
Wed Apr  1 19:54:58 IDT 2026, 607 W
Wed Apr  1 19:54:59 IDT 2026, 597 W
Wed Apr  1 19:54:59 IDT 2026, 605 W
Wed Apr  1 19:54:59 IDT 2026, 593 W
Wed Apr  1 19:54:59 IDT 2026, 607 W
Wed Apr  1 19:55:00 IDT 2026, 597 W
Wed Apr  1 19:55:00 IDT 2026, 603 W
Wed Apr  1 19:55:00 IDT 2026, 593 W
Wed Apr  1 19:55:00 IDT 2026, 608 W
Wed Apr  1 19:55:01 IDT 2026, 597 W
Wed Apr  1 19:55:01 IDT 2026, 606 W
Wed Apr  1 19:55:01 IDT 2026, 593 W
Wed Apr  1 19:55:01 IDT 2026, 607 W
Wed Apr  1 19:55:02 IDT 2026, 595 W
Wed Apr  1 19:55:02 IDT 2026, 604 W
Wed Apr  1 19:55:02 IDT 2026, 589 W
Wed Apr  1 19:55:02 IDT 2026, 607 W
Wed Apr  1 19:55:03 IDT 2026, 594 W
Wed Apr  1 19:55:03 IDT 2026, 603 W
Wed Apr  1 19:55:03 IDT 2026, 592 W
Wed Apr  1 19:55:03 IDT 2026, 605 W
Wed Apr  1 19:55:04 IDT 2026, 596 W
Wed Apr  1 19:55:04 IDT 2026, 604 W
Wed Apr  1 19:55:04 IDT 2026, 596 W
Wed Apr  1 19:55:04 IDT 2026, 605 W
Wed Apr  1 19:55:05 IDT 2026, 592 W
Wed Apr  1 19:55:05 IDT 2026, 594 W
Wed Apr  1 19:55:05 IDT 2026, 586 W
Wed Apr  1 19:55:05 IDT 2026, 599 W
Wed Apr  1 19:55:06 IDT 2026, 592 W
Wed Apr  1 19:55:06 IDT 2026, 596 W
Wed Apr  1 19:55:06 IDT 2026, 586 W
Wed Apr  1 19:55:06 IDT 2026, 600 W
Wed Apr  1 19:55:07 IDT 2026, 589 W
Wed Apr  1 19:55:07 IDT 2026, 597 W
Wed Apr  1 19:55:07 IDT 2026, 585 W
Wed Apr  1 19:55:07 IDT 2026, 596 W
Wed Apr  1 19:55:08 IDT 2026, 589 W
Wed Apr  1 19:55:08 IDT 2026, 596 W
Wed Apr  1 19:55:08 IDT 2026, 588 W
Wed Apr  1 19:55:08 IDT 2026, 602 W
Wed Apr  1 19:55:09 IDT 2026, 591 W
Wed Apr  1 19:55:09 IDT 2026, 599 W
Wed Apr  1 19:55:09 IDT 2026, 590 W
Wed Apr  1 19:55:09 IDT 2026, 600 W
Wed Apr  1 19:55:10 IDT 2026, 590 W
Wed Apr  1 19:55:10 IDT 2026, 597 W
Wed Apr  1 19:55:10 IDT 2026, 587 W
Wed Apr  1 19:55:10 IDT 2026, 600 W
Wed Apr  1 19:55:11 IDT 2026, 595 W
Wed Apr  1 19:55:11 IDT 2026, 600 W
Wed Apr  1 19:55:11 IDT 2026, 588 W
Wed Apr  1 19:55:11 IDT 2026, 602 W
Wed Apr  1 19:55:12 IDT 2026, 592 W
Wed Apr  1 19:55:12 IDT 2026, 598 W
Wed Apr  1 19:55:12 IDT 2026, 589 W
Wed Apr  1 19:55:12 IDT 2026, 600 W
Wed Apr  1 19:55:13 IDT 2026, 592 W
Wed Apr  1 19:55:13 IDT 2026, 599 W
Wed Apr  1 19:55:13 IDT 2026, 586 W
Wed Apr  1 19:55:13 IDT 2026, 600 W
Wed Apr  1 19:55:14 IDT 2026, 596 W
Wed Apr  1 19:55:14 IDT 2026, 599 W
Wed Apr  1 19:55:14 IDT 2026, 587 W
Wed Apr  1 19:55:14 IDT 2026, 600 W
Wed Apr  1 19:55:15 IDT 2026, 593 W
Wed Apr  1 19:55:15 IDT 2026, 600 W
Wed Apr  1 19:55:15 IDT 2026, 587 W
Wed Apr  1 19:55:15 IDT 2026, 602 W
Wed Apr  1 19:55:16 IDT 2026, 592 W
Wed Apr  1 19:55:16 IDT 2026, 598 W
Wed Apr  1 19:55:16 IDT 2026, 587 W
Wed Apr  1 19:55:16 IDT 2026, 600 W
Wed Apr  1 19:55:17 IDT 2026, 582 W
Wed Apr  1 19:55:17 IDT 2026, 585 W
Wed Apr  1 19:55:17 IDT 2026, 573 W
Wed Apr  1 19:55:17 IDT 2026, 589 W
Wed Apr  1 19:55:18 IDT 2026, 580 W
Wed Apr  1 19:55:18 IDT 2026, 586 W
Wed Apr  1 19:55:18 IDT 2026, 577 W
Wed Apr  1 19:55:18 IDT 2026, 591 W
Wed Apr  1 19:55:19 IDT 2026, 581 W
Wed Apr  1 19:55:19 IDT 2026, 586 W
Wed Apr  1 19:55:19 IDT 2026, 573 W
Wed Apr  1 19:55:19 IDT 2026, 590 W
Wed Apr  1 19:55:20 IDT 2026, 584 W
Wed Apr  1 19:55:20 IDT 2026, 590 W
Wed Apr  1 19:55:20 IDT 2026, 576 W
Wed Apr  1 19:55:20 IDT 2026, 592 W
Wed Apr  1 19:55:21 IDT 2026, 578 W
Wed Apr  1 19:55:21 IDT 2026, 585 W
Wed Apr  1 19:55:21 IDT 2026, 576 W
Wed Apr  1 19:55:21 IDT 2026, 586 W
Wed Apr  1 19:55:22 IDT 2026, 582 W
Wed Apr  1 19:55:22 IDT 2026, 589 W
Wed Apr  1 19:55:22 IDT 2026, 574 W
Wed Apr  1 19:55:22 IDT 2026, 588 W
Wed Apr  1 19:55:23 IDT 2026, 233 W
Wed Apr  1 19:55:23 IDT 2026, 235 W
Wed Apr  1 19:55:23 IDT 2026, 231 W
Wed Apr  1 19:55:23 IDT 2026, 238 W
Wed Apr  1 19:55:24 IDT 2026, 599 W
Wed Apr  1 19:55:24 IDT 2026, 603 W
Wed Apr  1 19:55:24 IDT 2026, 590 W
Wed Apr  1 19:55:24 IDT 2026, 605 W
Wed Apr  1 19:55:25 IDT 2026, 601 W
Wed Apr  1 19:55:25 IDT 2026, 606 W
Wed Apr  1 19:55:25 IDT 2026, 593 W
Wed Apr  1 19:55:25 IDT 2026, 607 W
Wed Apr  1 19:55:26 IDT 2026, 604 W
Wed Apr  1 19:55:26 IDT 2026, 608 W
Wed Apr  1 19:55:26 IDT 2026, 595 W
Wed Apr  1 19:55:26 IDT 2026, 610 W
Wed Apr  1 19:55:27 IDT 2026, 601 W
Wed Apr  1 19:55:27 IDT 2026, 608 W
Wed Apr  1 19:55:27 IDT 2026, 596 W
Wed Apr  1 19:55:27 IDT 2026, 610 W
Wed Apr  1 19:55:28 IDT 2026, 599 W
Wed Apr  1 19:55:28 IDT 2026, 608 W
Wed Apr  1 19:55:28 IDT 2026, 596 W
Wed Apr  1 19:55:28 IDT 2026, 610 W
Wed Apr  1 19:55:29 IDT 2026, 596 W
Wed Apr  1 19:55:29 IDT 2026, 603 W
Wed Apr  1 19:55:29 IDT 2026, 595 W
Wed Apr  1 19:55:29 IDT 2026, 608 W
Wed Apr  1 19:55:30 IDT 2026, 597 W
Wed Apr  1 19:55:30 IDT 2026, 602 W
Wed Apr  1 19:55:30 IDT 2026, 589 W
Wed Apr  1 19:55:30 IDT 2026, 605 W
Wed Apr  1 19:55:31 IDT 2026, 597 W
Wed Apr  1 19:55:31 IDT 2026, 605 W
Wed Apr  1 19:55:31 IDT 2026, 595 W
Wed Apr  1 19:55:31 IDT 2026, 611 W
Wed Apr  1 19:55:32 IDT 2026, 599 W
Wed Apr  1 19:55:32 IDT 2026, 604 W
Wed Apr  1 19:55:32 IDT 2026, 595 W
Wed Apr  1 19:55:32 IDT 2026, 606 W
Wed Apr  1 19:55:33 IDT 2026, 595 W
Wed Apr  1 19:55:33 IDT 2026, 601 W
Wed Apr  1 19:55:33 IDT 2026, 588 W
Wed Apr  1 19:55:33 IDT 2026, 602 W
Wed Apr  1 19:55:34 IDT 2026, 592 W
Wed Apr  1 19:55:34 IDT 2026, 596 W
Wed Apr  1 19:55:34 IDT 2026, 588 W
Wed Apr  1 19:55:34 IDT 2026, 601 W
Wed Apr  1 19:55:35 IDT 2026, 594 W
Wed Apr  1 19:55:35 IDT 2026, 600 W
Wed Apr  1 19:55:35 IDT 2026, 590 W
Wed Apr  1 19:55:35 IDT 2026, 603 W
Wed Apr  1 19:55:36 IDT 2026, 592 W
Wed Apr  1 19:55:36 IDT 2026, 596 W
Wed Apr  1 19:55:36 IDT 2026, 590 W
Wed Apr  1 19:55:36 IDT 2026, 603 W
Wed Apr  1 19:55:37 IDT 2026, 588 W
Wed Apr  1 19:55:37 IDT 2026, 593 W
Wed Apr  1 19:55:37 IDT 2026, 582 W
Wed Apr  1 19:55:37 IDT 2026, 596 W
Wed Apr  1 19:55:38 IDT 2026, 593 W
Wed Apr  1 19:55:38 IDT 2026, 599 W
Wed Apr  1 19:55:38 IDT 2026, 585 W
Wed Apr  1 19:55:38 IDT 2026, 599 W
Wed Apr  1 19:55:39 IDT 2026, 594 W
Wed Apr  1 19:55:39 IDT 2026, 598 W
Wed Apr  1 19:55:39 IDT 2026, 589 W
Wed Apr  1 19:55:39 IDT 2026, 601 W
Wed Apr  1 19:55:40 IDT 2026, 594 W
Wed Apr  1 19:55:40 IDT 2026, 601 W
Wed Apr  1 19:55:40 IDT 2026, 587 W
Wed Apr  1 19:55:40 IDT 2026, 601 W
Wed Apr  1 19:55:41 IDT 2026, 495 W
Wed Apr  1 19:55:41 IDT 2026, 504 W
Wed Apr  1 19:55:41 IDT 2026, 494 W
Wed Apr  1 19:55:41 IDT 2026, 508 W
Wed Apr  1 19:55:42 IDT 2026, 486 W
Wed Apr  1 19:55:42 IDT 2026, 489 W
Wed Apr  1 19:55:42 IDT 2026, 482 W
Wed Apr  1 19:55:42 IDT 2026, 493 W
Wed Apr  1 19:55:43 IDT 2026, 471 W
Wed Apr  1 19:55:43 IDT 2026, 489 W
Wed Apr  1 19:55:43 IDT 2026, 480 W
Wed Apr  1 19:55:43 IDT 2026, 490 W
Wed Apr  1 19:55:44 IDT 2026, 486 W
Wed Apr  1 19:55:44 IDT 2026, 486 W
Wed Apr  1 19:55:44 IDT 2026, 481 W
Wed Apr  1 19:55:44 IDT 2026, 493 W
Wed Apr  1 19:55:45 IDT 2026, 488 W
Wed Apr  1 19:55:45 IDT 2026, 486 W
Wed Apr  1 19:55:45 IDT 2026, 480 W
Wed Apr  1 19:55:45 IDT 2026, 489 W
Wed Apr  1 19:55:46 IDT 2026, 483 W
Wed Apr  1 19:55:46 IDT 2026, 485 W
Wed Apr  1 19:55:46 IDT 2026, 481 W
Wed Apr  1 19:55:46 IDT 2026, 492 W
Wed Apr  1 19:55:47 IDT 2026, 480 W
Wed Apr  1 19:55:47 IDT 2026, 487 W
Wed Apr  1 19:55:47 IDT 2026, 477 W
Wed Apr  1 19:55:47 IDT 2026, 488 W
Wed Apr  1 19:55:48 IDT 2026, 485 W
Wed Apr  1 19:55:48 IDT 2026, 487 W
Wed Apr  1 19:55:48 IDT 2026, 484 W
Wed Apr  1 19:55:48 IDT 2026, 493 W
Wed Apr  1 19:55:49 IDT 2026, 233 W
Wed Apr  1 19:55:49 IDT 2026, 235 W
Wed Apr  1 19:55:49 IDT 2026, 230 W
Wed Apr  1 19:55:49 IDT 2026, 237 W
Wed Apr  1 19:55:50 IDT 2026, 597 W
Wed Apr  1 19:55:50 IDT 2026, 604 W
Wed Apr  1 19:55:50 IDT 2026, 594 W
Wed Apr  1 19:55:50 IDT 2026, 607 W
Wed Apr  1 19:55:51 IDT 2026, 600 W
Wed Apr  1 19:55:51 IDT 2026, 604 W
Wed Apr  1 19:55:51 IDT 2026, 594 W
Wed Apr  1 19:55:51 IDT 2026, 608 W
Wed Apr  1 19:55:52 IDT 2026, 597 W
Wed Apr  1 19:55:52 IDT 2026, 606 W
Wed Apr  1 19:55:52 IDT 2026, 595 W
Wed Apr  1 19:55:52 IDT 2026, 607 W
Wed Apr  1 19:55:53 IDT 2026, 601 W
Wed Apr  1 19:55:53 IDT 2026, 603 W
Wed Apr  1 19:55:53 IDT 2026, 596 W
Wed Apr  1 19:55:53 IDT 2026, 610 W
Wed Apr  1 19:55:54 IDT 2026, 596 W
Wed Apr  1 19:55:54 IDT 2026, 606 W
Wed Apr  1 19:55:54 IDT 2026, 592 W
Wed Apr  1 19:55:54 IDT 2026, 607 W
Wed Apr  1 19:55:55 IDT 2026, 601 W
Wed Apr  1 19:55:55 IDT 2026, 609 W
Wed Apr  1 19:55:55 IDT 2026, 598 W
Wed Apr  1 19:55:55 IDT 2026, 611 W
Wed Apr  1 19:55:56 IDT 2026, 598 W
Wed Apr  1 19:55:56 IDT 2026, 606 W
Wed Apr  1 19:55:56 IDT 2026, 598 W
Wed Apr  1 19:55:56 IDT 2026, 611 W
Wed Apr  1 19:55:57 IDT 2026, 596 W
Wed Apr  1 19:55:57 IDT 2026, 606 W
Wed Apr  1 19:55:57 IDT 2026, 596 W
Wed Apr  1 19:55:57 IDT 2026, 610 W
Wed Apr  1 19:55:58 IDT 2026, 597 W
Wed Apr  1 19:55:58 IDT 2026, 602 W
Wed Apr  1 19:55:58 IDT 2026, 591 W
Wed Apr  1 19:55:58 IDT 2026, 605 W
Wed Apr  1 19:55:59 IDT 2026, 594 W
Wed Apr  1 19:55:59 IDT 2026, 601 W
Wed Apr  1 19:55:59 IDT 2026, 593 W
Wed Apr  1 19:55:59 IDT 2026, 607 W
Wed Apr  1 19:56:00 IDT 2026, 591 W
Wed Apr  1 19:56:00 IDT 2026, 598 W
Wed Apr  1 19:56:00 IDT 2026, 590 W
Wed Apr  1 19:56:00 IDT 2026, 600 W
Wed Apr  1 19:56:01 IDT 2026, 591 W
Wed Apr  1 19:56:01 IDT 2026, 595 W
Wed Apr  1 19:56:01 IDT 2026, 586 W
Wed Apr  1 19:56:01 IDT 2026, 598 W
Wed Apr  1 19:56:02 IDT 2026, 592 W
Wed Apr  1 19:56:02 IDT 2026, 598 W
Wed Apr  1 19:56:02 IDT 2026, 587 W
Wed Apr  1 19:56:02 IDT 2026, 601 W
Wed Apr  1 19:56:03 IDT 2026, 595 W
Wed Apr  1 19:56:03 IDT 2026, 601 W
Wed Apr  1 19:56:03 IDT 2026, 590 W
Wed Apr  1 19:56:03 IDT 2026, 606 W
Wed Apr  1 19:56:04 IDT 2026, 593 W
Wed Apr  1 19:56:04 IDT 2026, 600 W
Wed Apr  1 19:56:04 IDT 2026, 588 W
Wed Apr  1 19:56:04 IDT 2026, 600 W
Wed Apr  1 19:56:05 IDT 2026, 594 W
Wed Apr  1 19:56:05 IDT 2026, 600 W
Wed Apr  1 19:56:05 IDT 2026, 588 W
Wed Apr  1 19:56:05 IDT 2026, 598 W
Wed Apr  1 19:56:06 IDT 2026, 592 W
Wed Apr  1 19:56:06 IDT 2026, 600 W
Wed Apr  1 19:56:06 IDT 2026, 584 W
Wed Apr  1 19:56:06 IDT 2026, 601 W
Wed Apr  1 19:56:07 IDT 2026, 593 W
Wed Apr  1 19:56:07 IDT 2026, 601 W
Wed Apr  1 19:56:07 IDT 2026, 587 W
Wed Apr  1 19:56:07 IDT 2026, 601 W
Wed Apr  1 19:56:08 IDT 2026, 588 W
Wed Apr  1 19:56:08 IDT 2026, 596 W
Wed Apr  1 19:56:08 IDT 2026, 585 W
Wed Apr  1 19:56:08 IDT 2026, 597 W
Wed Apr  1 19:56:09 IDT 2026, 594 W
Wed Apr  1 19:56:09 IDT 2026, 600 W
Wed Apr  1 19:56:09 IDT 2026, 589 W
Wed Apr  1 19:56:09 IDT 2026, 602 W
Wed Apr  1 19:56:10 IDT 2026, 595 W
Wed Apr  1 19:56:10 IDT 2026, 598 W
Wed Apr  1 19:56:10 IDT 2026, 587 W
Wed Apr  1 19:56:10 IDT 2026, 600 W
Wed Apr  1 19:56:11 IDT 2026, 594 W
Wed Apr  1 19:56:11 IDT 2026, 597 W
Wed Apr  1 19:56:11 IDT 2026, 588 W
Wed Apr  1 19:56:11 IDT 2026, 602 W
Wed Apr  1 19:56:12 IDT 2026, 594 W
Wed Apr  1 19:56:12 IDT 2026, 600 W
Wed Apr  1 19:56:12 IDT 2026, 586 W
Wed Apr  1 19:56:12 IDT 2026, 601 W
Wed Apr  1 19:56:13 IDT 2026, 585 W
Wed Apr  1 19:56:13 IDT 2026, 591 W
Wed Apr  1 19:56:13 IDT 2026, 585 W
Wed Apr  1 19:56:13 IDT 2026, 597 W
Wed Apr  1 19:56:14 IDT 2026, 590 W
Wed Apr  1 19:56:14 IDT 2026, 597 W
Wed Apr  1 19:56:14 IDT 2026, 588 W
Wed Apr  1 19:56:14 IDT 2026, 602 W
Wed Apr  1 19:56:15 IDT 2026, 593 W
Wed Apr  1 19:56:15 IDT 2026, 595 W
Wed Apr  1 19:56:15 IDT 2026, 587 W
Wed Apr  1 19:56:15 IDT 2026, 598 W
Wed Apr  1 19:56:16 IDT 2026, 590 W
Wed Apr  1 19:56:16 IDT 2026, 597 W
Wed Apr  1 19:56:16 IDT 2026, 587 W
Wed Apr  1 19:56:16 IDT 2026, 600 W
Wed Apr  1 19:56:17 IDT 2026, 593 W
Wed Apr  1 19:56:17 IDT 2026, 596 W
Wed Apr  1 19:56:17 IDT 2026, 584 W
Wed Apr  1 19:56:17 IDT 2026, 601 W
Wed Apr  1 19:56:18 IDT 2026, 591 W
Wed Apr  1 19:56:18 IDT 2026, 597 W
Wed Apr  1 19:56:18 IDT 2026, 585 W
Wed Apr  1 19:56:18 IDT 2026, 601 W
Wed Apr  1 19:56:19 IDT 2026, 592 W
Wed Apr  1 19:56:19 IDT 2026, 601 W
Wed Apr  1 19:56:19 IDT 2026, 590 W
Wed Apr  1 19:56:19 IDT 2026, 603 W
Wed Apr  1 19:56:20 IDT 2026, 234 W
Wed Apr  1 19:56:20 IDT 2026, 235 W
Wed Apr  1 19:56:20 IDT 2026, 231 W
Wed Apr  1 19:56:20 IDT 2026, 238 W
Wed Apr  1 19:56:21 IDT 2026, 598 W
Wed Apr  1 19:56:21 IDT 2026, 607 W
Wed Apr  1 19:56:21 IDT 2026, 593 W
Wed Apr  1 19:56:21 IDT 2026, 608 W
Wed Apr  1 19:56:22 IDT 2026, 598 W
Wed Apr  1 19:56:22 IDT 2026, 604 W
Wed Apr  1 19:56:22 IDT 2026, 595 W
Wed Apr  1 19:56:22 IDT 2026, 608 W
Wed Apr  1 19:56:23 IDT 2026, 598 W
Wed Apr  1 19:56:23 IDT 2026, 605 W
Wed Apr  1 19:56:23 IDT 2026, 593 W
Wed Apr  1 19:56:23 IDT 2026, 608 W
Wed Apr  1 19:56:24 IDT 2026, 598 W
Wed Apr  1 19:56:24 IDT 2026, 606 W
Wed Apr  1 19:56:24 IDT 2026, 596 W
Wed Apr  1 19:56:24 IDT 2026, 611 W
Wed Apr  1 19:56:25 IDT 2026, 602 W
Wed Apr  1 19:56:25 IDT 2026, 606 W
Wed Apr  1 19:56:25 IDT 2026, 596 W
Wed Apr  1 19:56:25 IDT 2026, 612 W
Wed Apr  1 19:56:26 IDT 2026, 600 W
Wed Apr  1 19:56:26 IDT 2026, 606 W
Wed Apr  1 19:56:26 IDT 2026, 593 W
Wed Apr  1 19:56:26 IDT 2026, 606 W
Wed Apr  1 19:56:27 IDT 2026, 602 W
Wed Apr  1 19:56:27 IDT 2026, 609 W
Wed Apr  1 19:56:27 IDT 2026, 598 W
Wed Apr  1 19:56:27 IDT 2026, 611 W
Wed Apr  1 19:56:28 IDT 2026, 598 W
Wed Apr  1 19:56:28 IDT 2026, 602 W
Wed Apr  1 19:56:28 IDT 2026, 592 W
Wed Apr  1 19:56:28 IDT 2026, 608 W
Wed Apr  1 19:56:29 IDT 2026, 595 W
Wed Apr  1 19:56:29 IDT 2026, 603 W
Wed Apr  1 19:56:29 IDT 2026, 594 W
Wed Apr  1 19:56:29 IDT 2026, 607 W
Wed Apr  1 19:56:30 IDT 2026, 600 W
Wed Apr  1 19:56:30 IDT 2026, 607 W
Wed Apr  1 19:56:30 IDT 2026, 592 W
Wed Apr  1 19:56:30 IDT 2026, 608 W
Wed Apr  1 19:56:31 IDT 2026, 599 W
Wed Apr  1 19:56:31 IDT 2026, 597 W
Wed Apr  1 19:56:31 IDT 2026, 591 W
Wed Apr  1 19:56:31 IDT 2026, 604 W
Wed Apr  1 19:56:32 IDT 2026, 598 W
Wed Apr  1 19:56:32 IDT 2026, 602 W
Wed Apr  1 19:56:32 IDT 2026, 594 W
Wed Apr  1 19:56:32 IDT 2026, 609 W
Wed Apr  1 19:56:33 IDT 2026, 599 W
Wed Apr  1 19:56:33 IDT 2026, 599 W
Wed Apr  1 19:56:33 IDT 2026, 590 W
Wed Apr  1 19:56:33 IDT 2026, 602 W
Wed Apr  1 19:56:34 IDT 2026, 594 W
Wed Apr  1 19:56:34 IDT 2026, 603 W
Wed Apr  1 19:56:34 IDT 2026, 591 W
Wed Apr  1 19:56:34 IDT 2026, 606 W
Wed Apr  1 19:56:35 IDT 2026, 598 W
Wed Apr  1 19:56:35 IDT 2026, 606 W
Wed Apr  1 19:56:35 IDT 2026, 594 W
Wed Apr  1 19:56:35 IDT 2026, 605 W
Wed Apr  1 19:56:36 IDT 2026, 596 W
Wed Apr  1 19:56:36 IDT 2026, 603 W
Wed Apr  1 19:56:36 IDT 2026, 590 W
Wed Apr  1 19:56:36 IDT 2026, 605 W
Wed Apr  1 19:56:37 IDT 2026, 596 W
Wed Apr  1 19:56:37 IDT 2026, 603 W
Wed Apr  1 19:56:37 IDT 2026, 590 W
Wed Apr  1 19:56:37 IDT 2026, 601 W
Wed Apr  1 19:56:38 IDT 2026, 594 W
Wed Apr  1 19:56:38 IDT 2026, 597 W
Wed Apr  1 19:56:38 IDT 2026, 587 W
Wed Apr  1 19:56:38 IDT 2026, 599 W
Wed Apr  1 19:56:39 IDT 2026, 591 W
Wed Apr  1 19:56:39 IDT 2026, 593 W
Wed Apr  1 19:56:39 IDT 2026, 583 W
Wed Apr  1 19:56:39 IDT 2026, 598 W
Wed Apr  1 19:56:40 IDT 2026, 591 W
Wed Apr  1 19:56:40 IDT 2026, 598 W
Wed Apr  1 19:56:40 IDT 2026, 586 W
Wed Apr  1 19:56:40 IDT 2026, 604 W
Wed Apr  1 19:56:41 IDT 2026, 593 W
Wed Apr  1 19:56:41 IDT 2026, 594 W
Wed Apr  1 19:56:41 IDT 2026, 588 W
Wed Apr  1 19:56:41 IDT 2026, 599 W
Wed Apr  1 19:56:42 IDT 2026, 580 W
Wed Apr  1 19:56:42 IDT 2026, 583 W
Wed Apr  1 19:56:42 IDT 2026, 576 W
Wed Apr  1 19:56:42 IDT 2026, 590 W
Wed Apr  1 19:56:43 IDT 2026, 576 W
Wed Apr  1 19:56:43 IDT 2026, 586 W
Wed Apr  1 19:56:43 IDT 2026, 573 W
Wed Apr  1 19:56:43 IDT 2026, 585 W
Wed Apr  1 19:56:44 IDT 2026, 582 W
Wed Apr  1 19:56:44 IDT 2026, 588 W
Wed Apr  1 19:56:44 IDT 2026, 580 W
Wed Apr  1 19:56:44 IDT 2026, 592 W
Wed Apr  1 19:56:45 IDT 2026, 578 W
Wed Apr  1 19:56:45 IDT 2026, 585 W
Wed Apr  1 19:56:45 IDT 2026, 575 W
Wed Apr  1 19:56:45 IDT 2026, 588 W
Wed Apr  1 19:56:46 IDT 2026, 579 W
Wed Apr  1 19:56:46 IDT 2026, 587 W
Wed Apr  1 19:56:46 IDT 2026, 576 W
Wed Apr  1 19:56:46 IDT 2026, 587 W
Wed Apr  1 19:56:47 IDT 2026, 581 W
Wed Apr  1 19:56:47 IDT 2026, 585 W
Wed Apr  1 19:56:47 IDT 2026, 575 W
Wed Apr  1 19:56:47 IDT 2026, 592 W
Wed Apr  1 19:56:48 IDT 2026, 581 W
Wed Apr  1 19:56:48 IDT 2026, 586 W
Wed Apr  1 19:56:48 IDT 2026, 572 W
Wed Apr  1 19:56:48 IDT 2026, 588 W
Wed Apr  1 19:56:49 IDT 2026, 575 W
Wed Apr  1 19:56:49 IDT 2026, 586 W
Wed Apr  1 19:56:49 IDT 2026, 573 W
Wed Apr  1 19:56:49 IDT 2026, 589 W
Wed Apr  1 19:56:50 IDT 2026, 261 W
Wed Apr  1 19:56:50 IDT 2026, 251 W
Wed Apr  1 19:56:50 IDT 2026, 252 W
Wed Apr  1 19:56:50 IDT 2026, 257 W
Wed Apr  1 19:56:51 IDT 2026, 599 W
Wed Apr  1 19:56:51 IDT 2026, 604 W
Wed Apr  1 19:56:51 IDT 2026, 597 W
Wed Apr  1 19:56:51 IDT 2026, 609 W
Wed Apr  1 19:56:52 IDT 2026, 598 W
Wed Apr  1 19:56:52 IDT 2026, 602 W
Wed Apr  1 19:56:52 IDT 2026, 591 W
Wed Apr  1 19:56:52 IDT 2026, 608 W
Wed Apr  1 19:56:53 IDT 2026, 599 W
Wed Apr  1 19:56:53 IDT 2026, 607 W
Wed Apr  1 19:56:53 IDT 2026, 593 W
Wed Apr  1 19:56:53 IDT 2026, 609 W
Wed Apr  1 19:56:54 IDT 2026, 600 W
Wed Apr  1 19:56:54 IDT 2026, 607 W
Wed Apr  1 19:56:54 IDT 2026, 592 W
Wed Apr  1 19:56:54 IDT 2026, 609 W
Wed Apr  1 19:56:55 IDT 2026, 600 W
Wed Apr  1 19:56:55 IDT 2026, 607 W
Wed Apr  1 19:56:55 IDT 2026, 596 W
Wed Apr  1 19:56:55 IDT 2026, 611 W
Wed Apr  1 19:56:56 IDT 2026, 599 W
Wed Apr  1 19:56:56 IDT 2026, 600 W
Wed Apr  1 19:56:56 IDT 2026, 593 W
Wed Apr  1 19:56:56 IDT 2026, 607 W
Wed Apr  1 19:56:57 IDT 2026, 600 W
Wed Apr  1 19:56:57 IDT 2026, 606 W
Wed Apr  1 19:56:57 IDT 2026, 594 W
Wed Apr  1 19:56:57 IDT 2026, 609 W
Wed Apr  1 19:56:58 IDT 2026, 593 W
Wed Apr  1 19:56:58 IDT 2026, 600 W
Wed Apr  1 19:56:58 IDT 2026, 589 W
Wed Apr  1 19:56:58 IDT 2026, 604 W
Wed Apr  1 19:56:59 IDT 2026, 595 W
Wed Apr  1 19:56:59 IDT 2026, 601 W
Wed Apr  1 19:56:59 IDT 2026, 590 W
Wed Apr  1 19:56:59 IDT 2026, 603 W
Wed Apr  1 19:57:00 IDT 2026, 592 W
Wed Apr  1 19:57:00 IDT 2026, 601 W
Wed Apr  1 19:57:00 IDT 2026, 587 W
Wed Apr  1 19:57:00 IDT 2026, 601 W
Wed Apr  1 19:57:01 IDT 2026, 593 W
Wed Apr  1 19:57:01 IDT 2026, 602 W
Wed Apr  1 19:57:01 IDT 2026, 587 W
Wed Apr  1 19:57:01 IDT 2026, 601 W
Wed Apr  1 19:57:02 IDT 2026, 592 W
Wed Apr  1 19:57:02 IDT 2026, 600 W
Wed Apr  1 19:57:02 IDT 2026, 587 W
Wed Apr  1 19:57:02 IDT 2026, 603 W
Wed Apr  1 19:57:03 IDT 2026, 584 W
Wed Apr  1 19:57:03 IDT 2026, 587 W
Wed Apr  1 19:57:03 IDT 2026, 574 W
Wed Apr  1 19:57:03 IDT 2026, 590 W
Wed Apr  1 19:57:04 IDT 2026, 578 W
Wed Apr  1 19:57:04 IDT 2026, 588 W
Wed Apr  1 19:57:04 IDT 2026, 575 W
Wed Apr  1 19:57:04 IDT 2026, 592 W
Wed Apr  1 19:57:05 IDT 2026, 579 W
Wed Apr  1 19:57:05 IDT 2026, 584 W
Wed Apr  1 19:57:05 IDT 2026, 573 W
Wed Apr  1 19:57:05 IDT 2026, 584 W
Wed Apr  1 19:57:06 IDT 2026, 577 W
Wed Apr  1 19:57:06 IDT 2026, 587 W
Wed Apr  1 19:57:06 IDT 2026, 574 W
Wed Apr  1 19:57:06 IDT 2026, 585 W
Wed Apr  1 19:57:07 IDT 2026, 580 W
Wed Apr  1 19:57:07 IDT 2026, 586 W
Wed Apr  1 19:57:07 IDT 2026, 575 W
Wed Apr  1 19:57:07 IDT 2026, 591 W
Wed Apr  1 19:57:08 IDT 2026, 578 W
Wed Apr  1 19:57:08 IDT 2026, 585 W
Wed Apr  1 19:57:08 IDT 2026, 570 W
Wed Apr  1 19:57:08 IDT 2026, 587 W
Wed Apr  1 19:57:09 IDT 2026, 580 W
Wed Apr  1 19:57:09 IDT 2026, 591 W
Wed Apr  1 19:57:09 IDT 2026, 581 W
Wed Apr  1 19:57:09 IDT 2026, 591 W
Wed Apr  1 19:57:10 IDT 2026, 578 W
Wed Apr  1 19:57:10 IDT 2026, 583 W
Wed Apr  1 19:57:10 IDT 2026, 575 W
Wed Apr  1 19:57:10 IDT 2026, 587 W
Wed Apr  1 19:57:11 IDT 2026, 581 W
Wed Apr  1 19:57:11 IDT 2026, 585 W
Wed Apr  1 19:57:11 IDT 2026, 578 W
Wed Apr  1 19:57:11 IDT 2026, 588 W
Wed Apr  1 19:57:12 IDT 2026, 575 W
Wed Apr  1 19:57:12 IDT 2026, 582 W
Wed Apr  1 19:57:12 IDT 2026, 571 W
Wed Apr  1 19:57:12 IDT 2026, 583 W
Wed Apr  1 19:57:13 IDT 2026, 579 W
Wed Apr  1 19:57:13 IDT 2026, 588 W
Wed Apr  1 19:57:13 IDT 2026, 574 W
Wed Apr  1 19:57:13 IDT 2026, 590 W
Wed Apr  1 19:57:14 IDT 2026, 580 W
Wed Apr  1 19:57:14 IDT 2026, 584 W
Wed Apr  1 19:57:14 IDT 2026, 577 W
Wed Apr  1 19:57:14 IDT 2026, 590 W
Wed Apr  1 19:57:15 IDT 2026, 581 W
Wed Apr  1 19:57:15 IDT 2026, 586 W
Wed Apr  1 19:57:15 IDT 2026, 572 W
Wed Apr  1 19:57:15 IDT 2026, 588 W
Wed Apr  1 19:57:16 IDT 2026, 581 W
Wed Apr  1 19:57:16 IDT 2026, 590 W
Wed Apr  1 19:57:16 IDT 2026, 579 W
Wed Apr  1 19:57:16 IDT 2026, 593 W
Wed Apr  1 19:57:17 IDT 2026, 586 W
Wed Apr  1 19:57:17 IDT 2026, 591 W
Wed Apr  1 19:57:17 IDT 2026, 579 W
Wed Apr  1 19:57:17 IDT 2026, 593 W
Wed Apr  1 19:57:18 IDT 2026, 546 W
Wed Apr  1 19:57:18 IDT 2026, 552 W
Wed Apr  1 19:57:18 IDT 2026, 541 W
Wed Apr  1 19:57:18 IDT 2026, 555 W
Wed Apr  1 19:57:19 IDT 2026, 234 W
Wed Apr  1 19:57:19 IDT 2026, 235 W
Wed Apr  1 19:57:19 IDT 2026, 231 W
Wed Apr  1 19:57:19 IDT 2026, 238 W
Wed Apr  1 19:57:20 IDT 2026, 600 W
Wed Apr  1 19:57:20 IDT 2026, 602 W
Wed Apr  1 19:57:20 IDT 2026, 596 W
Wed Apr  1 19:57:20 IDT 2026, 608 W
Wed Apr  1 19:57:21 IDT 2026, 598 W
Wed Apr  1 19:57:21 IDT 2026, 603 W
Wed Apr  1 19:57:21 IDT 2026, 593 W
Wed Apr  1 19:57:21 IDT 2026, 608 W
Wed Apr  1 19:57:22 IDT 2026, 596 W
Wed Apr  1 19:57:22 IDT 2026, 605 W
Wed Apr  1 19:57:22 IDT 2026, 596 W
Wed Apr  1 19:57:22 IDT 2026, 607 W
Wed Apr  1 19:57:23 IDT 2026, 599 W
Wed Apr  1 19:57:23 IDT 2026, 605 W
Wed Apr  1 19:57:23 IDT 2026, 597 W
Wed Apr  1 19:57:23 IDT 2026, 611 W
Wed Apr  1 19:57:24 IDT 2026, 593 W
Wed Apr  1 19:57:24 IDT 2026, 602 W
Wed Apr  1 19:57:24 IDT 2026, 591 W
Wed Apr  1 19:57:24 IDT 2026, 606 W
Wed Apr  1 19:57:25 IDT 2026, 593 W
Wed Apr  1 19:57:25 IDT 2026, 605 W
Wed Apr  1 19:57:25 IDT 2026, 590 W
Wed Apr  1 19:57:25 IDT 2026, 605 W
Wed Apr  1 19:57:26 IDT 2026, 599 W
Wed Apr  1 19:57:26 IDT 2026, 602 W
Wed Apr  1 19:57:26 IDT 2026, 592 W
Wed Apr  1 19:57:26 IDT 2026, 605 W
Wed Apr  1 19:57:27 IDT 2026, 598 W
Wed Apr  1 19:57:27 IDT 2026, 604 W
Wed Apr  1 19:57:27 IDT 2026, 594 W
Wed Apr  1 19:57:27 IDT 2026, 608 W
Wed Apr  1 19:57:28 IDT 2026, 593 W
Wed Apr  1 19:57:28 IDT 2026, 595 W
Wed Apr  1 19:57:28 IDT 2026, 587 W
Wed Apr  1 19:57:28 IDT 2026, 600 W
Wed Apr  1 19:57:29 IDT 2026, 595 W
Wed Apr  1 19:57:29 IDT 2026, 602 W
Wed Apr  1 19:57:29 IDT 2026, 590 W
Wed Apr  1 19:57:29 IDT 2026, 606 W
Wed Apr  1 19:57:30 IDT 2026, 581 W
Wed Apr  1 19:57:30 IDT 2026, 586 W
Wed Apr  1 19:57:30 IDT 2026, 574 W
Wed Apr  1 19:57:30 IDT 2026, 587 W
Wed Apr  1 19:57:31 IDT 2026, 582 W
Wed Apr  1 19:57:31 IDT 2026, 588 W
Wed Apr  1 19:57:31 IDT 2026, 581 W
Wed Apr  1 19:57:31 IDT 2026, 591 W
Wed Apr  1 19:57:32 IDT 2026, 548 W
Wed Apr  1 19:57:32 IDT 2026, 555 W
Wed Apr  1 19:57:32 IDT 2026, 543 W
Wed Apr  1 19:57:32 IDT 2026, 556 W
Wed Apr  1 19:57:33 IDT 2026, 546 W
Wed Apr  1 19:57:33 IDT 2026, 551 W
Wed Apr  1 19:57:33 IDT 2026, 541 W
Wed Apr  1 19:57:33 IDT 2026, 551 W
Wed Apr  1 19:57:34 IDT 2026, 541 W
Wed Apr  1 19:57:34 IDT 2026, 556 W
Wed Apr  1 19:57:34 IDT 2026, 542 W
Wed Apr  1 19:57:34 IDT 2026, 555 W
Wed Apr  1 19:57:35 IDT 2026, 495 W
Wed Apr  1 19:57:35 IDT 2026, 503 W
Wed Apr  1 19:57:35 IDT 2026, 494 W
Wed Apr  1 19:57:35 IDT 2026, 505 W
Wed Apr  1 19:57:36 IDT 2026, 745 W
Wed Apr  1 19:57:36 IDT 2026, 620 W
Wed Apr  1 19:57:36 IDT 2026, 583 W
Wed Apr  1 19:57:36 IDT 2026, 596 W
Wed Apr  1 19:57:37 IDT 2026, 596 W
Wed Apr  1 19:57:37 IDT 2026, 603 W
Wed Apr  1 19:57:37 IDT 2026, 591 W
Wed Apr  1 19:57:37 IDT 2026, 604 W
Wed Apr  1 19:57:38 IDT 2026, 597 W
Wed Apr  1 19:57:38 IDT 2026, 599 W
Wed Apr  1 19:57:38 IDT 2026, 593 W
Wed Apr  1 19:57:38 IDT 2026, 605 W
Wed Apr  1 19:57:39 IDT 2026, 596 W
Wed Apr  1 19:57:39 IDT 2026, 603 W
Wed Apr  1 19:57:39 IDT 2026, 594 W
Wed Apr  1 19:57:39 IDT 2026, 608 W
Wed Apr  1 19:57:40 IDT 2026, 598 W
Wed Apr  1 19:57:40 IDT 2026, 607 W
Wed Apr  1 19:57:40 IDT 2026, 595 W
Wed Apr  1 19:57:40 IDT 2026, 612 W
Wed Apr  1 19:57:41 IDT 2026, 598 W
Wed Apr  1 19:57:41 IDT 2026, 607 W
Wed Apr  1 19:57:41 IDT 2026, 594 W
Wed Apr  1 19:57:41 IDT 2026, 608 W
Wed Apr  1 19:57:42 IDT 2026, 598 W
Wed Apr  1 19:57:42 IDT 2026, 602 W
Wed Apr  1 19:57:42 IDT 2026, 591 W
Wed Apr  1 19:57:42 IDT 2026, 601 W
Wed Apr  1 19:57:43 IDT 2026, 592 W
Wed Apr  1 19:57:43 IDT 2026, 601 W
Wed Apr  1 19:57:43 IDT 2026, 589 W
Wed Apr  1 19:57:43 IDT 2026, 603 W
Wed Apr  1 19:57:44 IDT 2026, 597 W
Wed Apr  1 19:57:44 IDT 2026, 601 W
Wed Apr  1 19:57:44 IDT 2026, 587 W
Wed Apr  1 19:57:44 IDT 2026, 602 W
Wed Apr  1 19:57:45 IDT 2026, 583 W
Wed Apr  1 19:57:45 IDT 2026, 583 W
Wed Apr  1 19:57:45 IDT 2026, 575 W
Wed Apr  1 19:57:45 IDT 2026, 588 W
Wed Apr  1 19:57:46 IDT 2026, 582 W
Wed Apr  1 19:57:46 IDT 2026, 586 W
Wed Apr  1 19:57:46 IDT 2026, 573 W
Wed Apr  1 19:57:46 IDT 2026, 589 W
Wed Apr  1 19:57:47 IDT 2026, 580 W
Wed Apr  1 19:57:47 IDT 2026, 589 W
Wed Apr  1 19:57:47 IDT 2026, 576 W
Wed Apr  1 19:57:47 IDT 2026, 589 W
Wed Apr  1 19:57:48 IDT 2026, 580 W
Wed Apr  1 19:57:48 IDT 2026, 587 W
Wed Apr  1 19:57:48 IDT 2026, 579 W
Wed Apr  1 19:57:48 IDT 2026, 590 W
Wed Apr  1 19:57:49 IDT 2026, 581 W
Wed Apr  1 19:57:49 IDT 2026, 589 W
Wed Apr  1 19:57:49 IDT 2026, 579 W
Wed Apr  1 19:57:49 IDT 2026, 591 W
Wed Apr  1 19:57:50 IDT 2026, 582 W
Wed Apr  1 19:57:50 IDT 2026, 585 W
Wed Apr  1 19:57:50 IDT 2026, 575 W
Wed Apr  1 19:57:50 IDT 2026, 591 W
Wed Apr  1 19:57:51 IDT 2026, 587 W
Wed Apr  1 19:57:51 IDT 2026, 587 W
Wed Apr  1 19:57:51 IDT 2026, 580 W
Wed Apr  1 19:57:51 IDT 2026, 589 W
Wed Apr  1 19:57:52 IDT 2026, 458 W
Wed Apr  1 19:57:52 IDT 2026, 433 W
Wed Apr  1 19:57:52 IDT 2026, 385 W
Wed Apr  1 19:57:52 IDT 2026, 387 W
Wed Apr  1 19:57:53 IDT 2026, 584 W
Wed Apr  1 19:57:53 IDT 2026, 590 W
Wed Apr  1 19:57:53 IDT 2026, 576 W
Wed Apr  1 19:57:53 IDT 2026, 590 W
Wed Apr  1 19:57:54 IDT 2026, 577 W
Wed Apr  1 19:57:54 IDT 2026, 583 W
Wed Apr  1 19:57:54 IDT 2026, 574 W
Wed Apr  1 19:57:54 IDT 2026, 586 W
Wed Apr  1 19:57:55 IDT 2026, 582 W
Wed Apr  1 19:57:55 IDT 2026, 590 W
Wed Apr  1 19:57:55 IDT 2026, 577 W
Wed Apr  1 19:57:55 IDT 2026, 590 W
Wed Apr  1 19:57:56 IDT 2026, 579 W
Wed Apr  1 19:57:56 IDT 2026, 586 W
Wed Apr  1 19:57:56 IDT 2026, 574 W
Wed Apr  1 19:57:56 IDT 2026, 591 W
Wed Apr  1 19:57:57 IDT 2026, 577 W
Wed Apr  1 19:57:57 IDT 2026, 589 W
Wed Apr  1 19:57:57 IDT 2026, 575 W
Wed Apr  1 19:57:57 IDT 2026, 588 W
Wed Apr  1 19:57:58 IDT 2026, 578 W
Wed Apr  1 19:57:58 IDT 2026, 586 W
Wed Apr  1 19:57:58 IDT 2026, 574 W
Wed Apr  1 19:57:58 IDT 2026, 586 W
Wed Apr  1 19:57:59 IDT 2026, 577 W
Wed Apr  1 19:57:59 IDT 2026, 586 W
Wed Apr  1 19:57:59 IDT 2026, 576 W
Wed Apr  1 19:57:59 IDT 2026, 588 W
Wed Apr  1 19:58:00 IDT 2026, 583 W
Wed Apr  1 19:58:00 IDT 2026, 588 W
Wed Apr  1 19:58:00 IDT 2026, 576 W
Wed Apr  1 19:58:00 IDT 2026, 593 W
Wed Apr  1 19:58:01 IDT 2026, 578 W
Wed Apr  1 19:58:01 IDT 2026, 588 W
Wed Apr  1 19:58:01 IDT 2026, 577 W
Wed Apr  1 19:58:01 IDT 2026, 590 W
Wed Apr  1 19:58:02 IDT 2026, 578 W
Wed Apr  1 19:58:02 IDT 2026, 587 W
Wed Apr  1 19:58:02 IDT 2026, 573 W
Wed Apr  1 19:58:02 IDT 2026, 585 W
Wed Apr  1 19:58:03 IDT 2026, 584 W
Wed Apr  1 19:58:03 IDT 2026, 590 W
Wed Apr  1 19:58:03 IDT 2026, 580 W
Wed Apr  1 19:58:03 IDT 2026, 591 W
Wed Apr  1 19:58:04 IDT 2026, 581 W
Wed Apr  1 19:58:04 IDT 2026, 589 W
Wed Apr  1 19:58:04 IDT 2026, 578 W
Wed Apr  1 19:58:04 IDT 2026, 593 W
Wed Apr  1 19:58:05 IDT 2026, 628 W
Wed Apr  1 19:58:05 IDT 2026, 237 W
Wed Apr  1 19:58:05 IDT 2026, 232 W
Wed Apr  1 19:58:05 IDT 2026, 239 W
Wed Apr  1 19:58:06 IDT 2026, 596 W
Wed Apr  1 19:58:06 IDT 2026, 601 W
Wed Apr  1 19:58:06 IDT 2026, 590 W
Wed Apr  1 19:58:06 IDT 2026, 605 W
Wed Apr  1 19:58:07 IDT 2026, 600 W
Wed Apr  1 19:58:07 IDT 2026, 607 W
Wed Apr  1 19:58:07 IDT 2026, 596 W
Wed Apr  1 19:58:07 IDT 2026, 613 W
Wed Apr  1 19:58:08 IDT 2026, 601 W
Wed Apr  1 19:58:08 IDT 2026, 604 W
Wed Apr  1 19:58:08 IDT 2026, 596 W
Wed Apr  1 19:58:08 IDT 2026, 609 W
Wed Apr  1 19:58:09 IDT 2026, 600 W
Wed Apr  1 19:58:09 IDT 2026, 602 W
Wed Apr  1 19:58:09 IDT 2026, 595 W
Wed Apr  1 19:58:09 IDT 2026, 606 W
Wed Apr  1 19:58:10 IDT 2026, 596 W
Wed Apr  1 19:58:10 IDT 2026, 602 W
Wed Apr  1 19:58:10 IDT 2026, 594 W
Wed Apr  1 19:58:10 IDT 2026, 609 W
Wed Apr  1 19:58:11 IDT 2026, 603 W
Wed Apr  1 19:58:11 IDT 2026, 610 W
Wed Apr  1 19:58:11 IDT 2026, 596 W
Wed Apr  1 19:58:11 IDT 2026, 614 W
Wed Apr  1 19:58:12 IDT 2026, 600 W
Wed Apr  1 19:58:12 IDT 2026, 608 W
Wed Apr  1 19:58:12 IDT 2026, 597 W
Wed Apr  1 19:58:12 IDT 2026, 611 W
Wed Apr  1 19:58:13 IDT 2026, 601 W
Wed Apr  1 19:58:13 IDT 2026, 606 W
Wed Apr  1 19:58:13 IDT 2026, 595 W
Wed Apr  1 19:58:13 IDT 2026, 611 W
Wed Apr  1 19:58:14 IDT 2026, 594 W
Wed Apr  1 19:58:14 IDT 2026, 602 W
Wed Apr  1 19:58:14 IDT 2026, 589 W
Wed Apr  1 19:58:14 IDT 2026, 601 W
Wed Apr  1 19:58:15 IDT 2026, 598 W
Wed Apr  1 19:58:15 IDT 2026, 604 W
Wed Apr  1 19:58:15 IDT 2026, 592 W
Wed Apr  1 19:58:15 IDT 2026, 608 W
Wed Apr  1 19:58:16 IDT 2026, 596 W
Wed Apr  1 19:58:16 IDT 2026, 602 W
Wed Apr  1 19:58:16 IDT 2026, 594 W
Wed Apr  1 19:58:16 IDT 2026, 606 W
Wed Apr  1 19:58:17 IDT 2026, 595 W
Wed Apr  1 19:58:17 IDT 2026, 603 W
Wed Apr  1 19:58:17 IDT 2026, 589 W
Wed Apr  1 19:58:17 IDT 2026, 606 W
Wed Apr  1 19:58:18 IDT 2026, 594 W
Wed Apr  1 19:58:18 IDT 2026, 600 W
Wed Apr  1 19:58:18 IDT 2026, 590 W
Wed Apr  1 19:58:18 IDT 2026, 604 W
Wed Apr  1 19:58:19 IDT 2026, 599 W
Wed Apr  1 19:58:19 IDT 2026, 608 W
Wed Apr  1 19:58:19 IDT 2026, 596 W
Wed Apr  1 19:58:19 IDT 2026, 611 W
Wed Apr  1 19:58:20 IDT 2026, 601 W
Wed Apr  1 19:58:20 IDT 2026, 604 W
Wed Apr  1 19:58:20 IDT 2026, 593 W
Wed Apr  1 19:58:20 IDT 2026, 608 W
Wed Apr  1 19:58:21 IDT 2026, 599 W
Wed Apr  1 19:58:21 IDT 2026, 602 W
Wed Apr  1 19:58:21 IDT 2026, 591 W
Wed Apr  1 19:58:21 IDT 2026, 608 W
Wed Apr  1 19:58:22 IDT 2026, 592 W
Wed Apr  1 19:58:22 IDT 2026, 596 W
Wed Apr  1 19:58:22 IDT 2026, 588 W
Wed Apr  1 19:58:22 IDT 2026, 601 W
Wed Apr  1 19:58:23 IDT 2026, 592 W
Wed Apr  1 19:58:23 IDT 2026, 596 W
Wed Apr  1 19:58:23 IDT 2026, 587 W
Wed Apr  1 19:58:23 IDT 2026, 601 W
Wed Apr  1 19:58:24 IDT 2026, 577 W
Wed Apr  1 19:58:24 IDT 2026, 582 W
Wed Apr  1 19:58:24 IDT 2026, 570 W
Wed Apr  1 19:58:24 IDT 2026, 589 W
Wed Apr  1 19:58:25 IDT 2026, 581 W
Wed Apr  1 19:58:25 IDT 2026, 587 W
Wed Apr  1 19:58:25 IDT 2026, 575 W
Wed Apr  1 19:58:25 IDT 2026, 592 W
Wed Apr  1 19:58:26 IDT 2026, 582 W
Wed Apr  1 19:58:26 IDT 2026, 586 W
Wed Apr  1 19:58:26 IDT 2026, 575 W
Wed Apr  1 19:58:26 IDT 2026, 586 W
Wed Apr  1 19:58:27 IDT 2026, 579 W
Wed Apr  1 19:58:27 IDT 2026, 584 W
Wed Apr  1 19:58:27 IDT 2026, 577 W
Wed Apr  1 19:58:27 IDT 2026, 589 W
Wed Apr  1 19:58:28 IDT 2026, 581 W
Wed Apr  1 19:58:28 IDT 2026, 587 W
Wed Apr  1 19:58:28 IDT 2026, 577 W
Wed Apr  1 19:58:28 IDT 2026, 592 W
Wed Apr  1 19:58:29 IDT 2026, 580 W
Wed Apr  1 19:58:29 IDT 2026, 588 W
Wed Apr  1 19:58:29 IDT 2026, 574 W
Wed Apr  1 19:58:29 IDT 2026, 592 W
Wed Apr  1 19:58:30 IDT 2026, 581 W
Wed Apr  1 19:58:30 IDT 2026, 584 W
Wed Apr  1 19:58:30 IDT 2026, 576 W
Wed Apr  1 19:58:30 IDT 2026, 593 W
Wed Apr  1 19:58:31 IDT 2026, 578 W
Wed Apr  1 19:58:31 IDT 2026, 589 W
Wed Apr  1 19:58:31 IDT 2026, 574 W
Wed Apr  1 19:58:31 IDT 2026, 587 W
Wed Apr  1 19:58:32 IDT 2026, 550 W
Wed Apr  1 19:58:32 IDT 2026, 560 W
Wed Apr  1 19:58:32 IDT 2026, 543 W
Wed Apr  1 19:58:32 IDT 2026, 557 W
Wed Apr  1 19:58:33 IDT 2026, 548 W
Wed Apr  1 19:58:33 IDT 2026, 552 W
Wed Apr  1 19:58:33 IDT 2026, 543 W
Wed Apr  1 19:58:33 IDT 2026, 555 W
Wed Apr  1 19:58:34 IDT 2026, 238 W
Wed Apr  1 19:58:34 IDT 2026, 237 W
Wed Apr  1 19:58:34 IDT 2026, 234 W
Wed Apr  1 19:58:34 IDT 2026, 241 W
Wed Apr  1 19:58:35 IDT 2026, 599 W
Wed Apr  1 19:58:35 IDT 2026, 606 W
Wed Apr  1 19:58:35 IDT 2026, 595 W
Wed Apr  1 19:58:35 IDT 2026, 609 W
Wed Apr  1 19:58:36 IDT 2026, 601 W
Wed Apr  1 19:58:36 IDT 2026, 606 W
Wed Apr  1 19:58:36 IDT 2026, 596 W
Wed Apr  1 19:58:36 IDT 2026, 607 W
Wed Apr  1 19:58:37 IDT 2026, 595 W
Wed Apr  1 19:58:37 IDT 2026, 602 W
Wed Apr  1 19:58:37 IDT 2026, 590 W
Wed Apr  1 19:58:37 IDT 2026, 603 W
Wed Apr  1 19:58:38 IDT 2026, 602 W
Wed Apr  1 19:58:38 IDT 2026, 607 W
Wed Apr  1 19:58:38 IDT 2026, 597 W
Wed Apr  1 19:58:38 IDT 2026, 611 W
Wed Apr  1 19:58:39 IDT 2026, 599 W
Wed Apr  1 19:58:39 IDT 2026, 608 W
Wed Apr  1 19:58:39 IDT 2026, 597 W
Wed Apr  1 19:58:39 IDT 2026, 611 W
Wed Apr  1 19:58:40 IDT 2026, 600 W
Wed Apr  1 19:58:40 IDT 2026, 609 W
Wed Apr  1 19:58:40 IDT 2026, 594 W
Wed Apr  1 19:58:40 IDT 2026, 609 W
Wed Apr  1 19:58:41 IDT 2026, 593 W
Wed Apr  1 19:58:41 IDT 2026, 600 W
Wed Apr  1 19:58:41 IDT 2026, 588 W
Wed Apr  1 19:58:41 IDT 2026, 602 W
Wed Apr  1 19:58:42 IDT 2026, 582 W
Wed Apr  1 19:58:42 IDT 2026, 595 W
Wed Apr  1 19:58:42 IDT 2026, 583 W
Wed Apr  1 19:58:42 IDT 2026, 597 W
Wed Apr  1 19:58:43 IDT 2026, 594 W
Wed Apr  1 19:58:43 IDT 2026, 599 W
Wed Apr  1 19:58:43 IDT 2026, 587 W
Wed Apr  1 19:58:43 IDT 2026, 602 W
Wed Apr  1 19:58:44 IDT 2026, 574 W
Wed Apr  1 19:58:44 IDT 2026, 584 W
Wed Apr  1 19:58:44 IDT 2026, 576 W
Wed Apr  1 19:58:44 IDT 2026, 590 W
Wed Apr  1 19:58:45 IDT 2026, 583 W
Wed Apr  1 19:58:45 IDT 2026, 591 W
Wed Apr  1 19:58:45 IDT 2026, 578 W
Wed Apr  1 19:58:45 IDT 2026, 593 W
Wed Apr  1 19:58:46 IDT 2026, 583 W
Wed Apr  1 19:58:46 IDT 2026, 587 W
Wed Apr  1 19:58:46 IDT 2026, 576 W
Wed Apr  1 19:58:46 IDT 2026, 590 W
Wed Apr  1 19:58:47 IDT 2026, 581 W
Wed Apr  1 19:58:47 IDT 2026, 585 W
Wed Apr  1 19:58:47 IDT 2026, 578 W
Wed Apr  1 19:58:47 IDT 2026, 594 W
Wed Apr  1 19:58:48 IDT 2026, 584 W
Wed Apr  1 19:58:48 IDT 2026, 588 W
Wed Apr  1 19:58:48 IDT 2026, 579 W
Wed Apr  1 19:58:48 IDT 2026, 592 W
Wed Apr  1 19:58:49 IDT 2026, 580 W
Wed Apr  1 19:58:49 IDT 2026, 584 W
Wed Apr  1 19:58:49 IDT 2026, 576 W
Wed Apr  1 19:58:49 IDT 2026, 593 W
Wed Apr  1 19:58:50 IDT 2026, 585 W
Wed Apr  1 19:58:50 IDT 2026, 585 W
Wed Apr  1 19:58:50 IDT 2026, 572 W
Wed Apr  1 19:58:50 IDT 2026, 592 W
Wed Apr  1 19:58:51 IDT 2026, 583 W
Wed Apr  1 19:58:51 IDT 2026, 585 W
Wed Apr  1 19:58:51 IDT 2026, 574 W
Wed Apr  1 19:58:51 IDT 2026, 592 W
Wed Apr  1 19:58:52 IDT 2026, 579 W
Wed Apr  1 19:58:52 IDT 2026, 586 W
Wed Apr  1 19:58:52 IDT 2026, 578 W
Wed Apr  1 19:58:52 IDT 2026, 595 W
Wed Apr  1 19:58:53 IDT 2026, 582 W
Wed Apr  1 19:58:53 IDT 2026, 587 W
Wed Apr  1 19:58:53 IDT 2026, 576 W
Wed Apr  1 19:58:53 IDT 2026, 588 W
Wed Apr  1 19:58:54 IDT 2026, 581 W
Wed Apr  1 19:58:54 IDT 2026, 593 W
Wed Apr  1 19:58:54 IDT 2026, 577 W
Wed Apr  1 19:58:54 IDT 2026, 589 W
Wed Apr  1 19:58:55 IDT 2026, 581 W
Wed Apr  1 19:58:55 IDT 2026, 588 W
Wed Apr  1 19:58:55 IDT 2026, 577 W
Wed Apr  1 19:58:55 IDT 2026, 589 W
Wed Apr  1 19:58:56 IDT 2026, 575 W
Wed Apr  1 19:58:56 IDT 2026, 583 W
Wed Apr  1 19:58:56 IDT 2026, 574 W
Wed Apr  1 19:58:56 IDT 2026, 584 W
Wed Apr  1 19:58:57 IDT 2026, 583 W
Wed Apr  1 19:58:57 IDT 2026, 588 W
Wed Apr  1 19:58:57 IDT 2026, 579 W
Wed Apr  1 19:58:57 IDT 2026, 591 W
Wed Apr  1 19:58:58 IDT 2026, 579 W
Wed Apr  1 19:58:58 IDT 2026, 584 W
Wed Apr  1 19:58:58 IDT 2026, 578 W
Wed Apr  1 19:58:58 IDT 2026, 591 W
Wed Apr  1 19:58:59 IDT 2026, 581 W
Wed Apr  1 19:58:59 IDT 2026, 588 W
Wed Apr  1 19:58:59 IDT 2026, 579 W
Wed Apr  1 19:58:59 IDT 2026, 591 W
Wed Apr  1 19:59:00 IDT 2026, 584 W
Wed Apr  1 19:59:00 IDT 2026, 589 W
Wed Apr  1 19:59:00 IDT 2026, 577 W
Wed Apr  1 19:59:00 IDT 2026, 593 W
Wed Apr  1 19:59:01 IDT 2026, 583 W
Wed Apr  1 19:59:01 IDT 2026, 590 W
Wed Apr  1 19:59:01 IDT 2026, 579 W
Wed Apr  1 19:59:01 IDT 2026, 593 W
Wed Apr  1 19:59:02 IDT 2026, 581 W
Wed Apr  1 19:59:02 IDT 2026, 587 W
Wed Apr  1 19:59:02 IDT 2026, 572 W
Wed Apr  1 19:59:02 IDT 2026, 590 W
Wed Apr  1 19:59:03 IDT 2026, 234 W
Wed Apr  1 19:59:03 IDT 2026, 236 W
Wed Apr  1 19:59:03 IDT 2026, 232 W
Wed Apr  1 19:59:03 IDT 2026, 239 W
Wed Apr  1 19:59:04 IDT 2026, 598 W
Wed Apr  1 19:59:04 IDT 2026, 607 W
Wed Apr  1 19:59:04 IDT 2026, 596 W
Wed Apr  1 19:59:04 IDT 2026, 608 W
Wed Apr  1 19:59:05 IDT 2026, 599 W
Wed Apr  1 19:59:05 IDT 2026, 607 W
Wed Apr  1 19:59:05 IDT 2026, 591 W
Wed Apr  1 19:59:05 IDT 2026, 609 W
Wed Apr  1 19:59:06 IDT 2026, 597 W
Wed Apr  1 19:59:06 IDT 2026, 608 W
Wed Apr  1 19:59:06 IDT 2026, 597 W
Wed Apr  1 19:59:06 IDT 2026, 610 W
Wed Apr  1 19:59:07 IDT 2026, 596 W
Wed Apr  1 19:59:07 IDT 2026, 604 W
Wed Apr  1 19:59:07 IDT 2026, 594 W
Wed Apr  1 19:59:07 IDT 2026, 604 W
Wed Apr  1 19:59:08 IDT 2026, 599 W
Wed Apr  1 19:59:08 IDT 2026, 606 W
Wed Apr  1 19:59:08 IDT 2026, 596 W
Wed Apr  1 19:59:08 IDT 2026, 610 W
Wed Apr  1 19:59:09 IDT 2026, 601 W
Wed Apr  1 19:59:09 IDT 2026, 611 W
Wed Apr  1 19:59:09 IDT 2026, 596 W
Wed Apr  1 19:59:09 IDT 2026, 610 W
Wed Apr  1 19:59:10 IDT 2026, 596 W
Wed Apr  1 19:59:10 IDT 2026, 602 W
Wed Apr  1 19:59:10 IDT 2026, 589 W
Wed Apr  1 19:59:10 IDT 2026, 605 W
Wed Apr  1 19:59:11 IDT 2026, 580 W
Wed Apr  1 19:59:11 IDT 2026, 584 W
Wed Apr  1 19:59:11 IDT 2026, 580 W
Wed Apr  1 19:59:11 IDT 2026, 588 W
Wed Apr  1 19:59:12 IDT 2026, 580 W
Wed Apr  1 19:59:12 IDT 2026, 587 W
Wed Apr  1 19:59:12 IDT 2026, 573 W
Wed Apr  1 19:59:12 IDT 2026, 588 W
Wed Apr  1 19:59:13 IDT 2026, 578 W
Wed Apr  1 19:59:13 IDT 2026, 589 W
Wed Apr  1 19:59:13 IDT 2026, 574 W
Wed Apr  1 19:59:13 IDT 2026, 591 W
Wed Apr  1 19:59:14 IDT 2026, 577 W
Wed Apr  1 19:59:14 IDT 2026, 580 W
Wed Apr  1 19:59:14 IDT 2026, 570 W
Wed Apr  1 19:59:14 IDT 2026, 582 W
Wed Apr  1 19:59:15 IDT 2026, 575 W
Wed Apr  1 19:59:15 IDT 2026, 581 W
Wed Apr  1 19:59:15 IDT 2026, 571 W
Wed Apr  1 19:59:15 IDT 2026, 587 W
Wed Apr  1 19:59:16 IDT 2026, 583 W
Wed Apr  1 19:59:16 IDT 2026, 586 W
Wed Apr  1 19:59:16 IDT 2026, 578 W
Wed Apr  1 19:59:16 IDT 2026, 592 W
Wed Apr  1 19:59:17 IDT 2026, 547 W
Wed Apr  1 19:59:17 IDT 2026, 550 W
Wed Apr  1 19:59:17 IDT 2026, 540 W
Wed Apr  1 19:59:17 IDT 2026, 552 W
Wed Apr  1 19:59:18 IDT 2026, 545 W
Wed Apr  1 19:59:18 IDT 2026, 552 W
Wed Apr  1 19:59:18 IDT 2026, 541 W
Wed Apr  1 19:59:18 IDT 2026, 557 W
Wed Apr  1 19:59:19 IDT 2026, 543 W
Wed Apr  1 19:59:19 IDT 2026, 550 W
Wed Apr  1 19:59:19 IDT 2026, 541 W
Wed Apr  1 19:59:19 IDT 2026, 554 W
Wed Apr  1 19:59:20 IDT 2026, 548 W
Wed Apr  1 19:59:20 IDT 2026, 554 W
Wed Apr  1 19:59:20 IDT 2026, 541 W
Wed Apr  1 19:59:20 IDT 2026, 554 W
Wed Apr  1 19:59:21 IDT 2026, 538 W
Wed Apr  1 19:59:21 IDT 2026, 546 W
Wed Apr  1 19:59:21 IDT 2026, 535 W
Wed Apr  1 19:59:21 IDT 2026, 546 W
Wed Apr  1 19:59:22 IDT 2026, 541 W
Wed Apr  1 19:59:22 IDT 2026, 551 W
Wed Apr  1 19:59:22 IDT 2026, 540 W
Wed Apr  1 19:59:22 IDT 2026, 554 W
Wed Apr  1 19:59:23 IDT 2026, 541 W
Wed Apr  1 19:59:23 IDT 2026, 549 W
Wed Apr  1 19:59:23 IDT 2026, 537 W
Wed Apr  1 19:59:23 IDT 2026, 551 W
Wed Apr  1 19:59:24 IDT 2026, 549 W
Wed Apr  1 19:59:24 IDT 2026, 551 W
Wed Apr  1 19:59:24 IDT 2026, 542 W
Wed Apr  1 19:59:24 IDT 2026, 557 W
Wed Apr  1 19:59:25 IDT 2026, 550 W
Wed Apr  1 19:59:25 IDT 2026, 555 W
Wed Apr  1 19:59:25 IDT 2026, 547 W
Wed Apr  1 19:59:25 IDT 2026, 562 W
Wed Apr  1 19:59:26 IDT 2026, 548 W
Wed Apr  1 19:59:26 IDT 2026, 556 W
Wed Apr  1 19:59:26 IDT 2026, 544 W
Wed Apr  1 19:59:26 IDT 2026, 558 W
Wed Apr  1 19:59:27 IDT 2026, 547 W
Wed Apr  1 19:59:27 IDT 2026, 550 W
Wed Apr  1 19:59:27 IDT 2026, 545 W
Wed Apr  1 19:59:27 IDT 2026, 555 W
Wed Apr  1 19:59:28 IDT 2026, 454 W
Wed Apr  1 19:59:28 IDT 2026, 360 W
Wed Apr  1 19:59:28 IDT 2026, 383 W
Wed Apr  1 19:59:28 IDT 2026, 389 W
Wed Apr  1 19:59:29 IDT 2026, 696 W
Wed Apr  1 19:59:29 IDT 2026, 734 W
Wed Apr  1 19:59:29 IDT 2026, 711 W
Wed Apr  1 19:59:29 IDT 2026, 724 W
Wed Apr  1 19:59:30 IDT 2026, 602 W
Wed Apr  1 19:59:30 IDT 2026, 604 W
Wed Apr  1 19:59:30 IDT 2026, 596 W
Wed Apr  1 19:59:30 IDT 2026, 609 W
Wed Apr  1 19:59:31 IDT 2026, 598 W
Wed Apr  1 19:59:31 IDT 2026, 606 W
Wed Apr  1 19:59:31 IDT 2026, 594 W
Wed Apr  1 19:59:31 IDT 2026, 607 W
Wed Apr  1 19:59:32 IDT 2026, 602 W
Wed Apr  1 19:59:32 IDT 2026, 606 W
Wed Apr  1 19:59:32 IDT 2026, 594 W
Wed Apr  1 19:59:32 IDT 2026, 608 W
Wed Apr  1 19:59:33 IDT 2026, 600 W
Wed Apr  1 19:59:33 IDT 2026, 607 W
Wed Apr  1 19:59:33 IDT 2026, 596 W
Wed Apr  1 19:59:33 IDT 2026, 610 W
Wed Apr  1 19:59:34 IDT 2026, 599 W
Wed Apr  1 19:59:34 IDT 2026, 607 W
Wed Apr  1 19:59:34 IDT 2026, 597 W
Wed Apr  1 19:59:34 IDT 2026, 609 W
Wed Apr  1 19:59:35 IDT 2026, 594 W
Wed Apr  1 19:59:35 IDT 2026, 598 W
Wed Apr  1 19:59:35 IDT 2026, 588 W
Wed Apr  1 19:59:35 IDT 2026, 602 W
Wed Apr  1 19:59:36 IDT 2026, 593 W
Wed Apr  1 19:59:36 IDT 2026, 599 W
Wed Apr  1 19:59:36 IDT 2026, 589 W
Wed Apr  1 19:59:36 IDT 2026, 603 W
Wed Apr  1 19:59:37 IDT 2026, 596 W
Wed Apr  1 19:59:37 IDT 2026, 599 W
Wed Apr  1 19:59:37 IDT 2026, 588 W
Wed Apr  1 19:59:37 IDT 2026, 603 W
Wed Apr  1 19:59:38 IDT 2026, 593 W
Wed Apr  1 19:59:38 IDT 2026, 599 W
Wed Apr  1 19:59:38 IDT 2026, 587 W
Wed Apr  1 19:59:38 IDT 2026, 603 W
Wed Apr  1 19:59:39 IDT 2026, 588 W
Wed Apr  1 19:59:39 IDT 2026, 592 W
Wed Apr  1 19:59:39 IDT 2026, 583 W
Wed Apr  1 19:59:39 IDT 2026, 595 W
Wed Apr  1 19:59:40 IDT 2026, 579 W
Wed Apr  1 19:59:40 IDT 2026, 583 W
Wed Apr  1 19:59:40 IDT 2026, 571 W
Wed Apr  1 19:59:40 IDT 2026, 586 W
Wed Apr  1 19:59:41 IDT 2026, 578 W
Wed Apr  1 19:59:41 IDT 2026, 586 W
Wed Apr  1 19:59:41 IDT 2026, 573 W
Wed Apr  1 19:59:41 IDT 2026, 584 W
Wed Apr  1 19:59:42 IDT 2026, 579 W
Wed Apr  1 19:59:42 IDT 2026, 586 W
Wed Apr  1 19:59:42 IDT 2026, 576 W
Wed Apr  1 19:59:42 IDT 2026, 588 W
Wed Apr  1 19:59:43 IDT 2026, 577 W
Wed Apr  1 19:59:43 IDT 2026, 583 W
Wed Apr  1 19:59:43 IDT 2026, 574 W
Wed Apr  1 19:59:43 IDT 2026, 589 W
Wed Apr  1 19:59:44 IDT 2026, 580 W
Wed Apr  1 19:59:44 IDT 2026, 587 W
Wed Apr  1 19:59:44 IDT 2026, 575 W
Wed Apr  1 19:59:44 IDT 2026, 591 W
Wed Apr  1 19:59:45 IDT 2026, 581 W
Wed Apr  1 19:59:45 IDT 2026, 588 W
Wed Apr  1 19:59:45 IDT 2026, 578 W
Wed Apr  1 19:59:45 IDT 2026, 592 W
Wed Apr  1 19:59:46 IDT 2026, 579 W
Wed Apr  1 19:59:46 IDT 2026, 589 W
Wed Apr  1 19:59:46 IDT 2026, 578 W
Wed Apr  1 19:59:46 IDT 2026, 593 W
Wed Apr  1 19:59:47 IDT 2026, 583 W
Wed Apr  1 19:59:47 IDT 2026, 588 W
Wed Apr  1 19:59:47 IDT 2026, 577 W
Wed Apr  1 19:59:47 IDT 2026, 592 W
Wed Apr  1 19:59:48 IDT 2026, 583 W
Wed Apr  1 19:59:48 IDT 2026, 585 W
Wed Apr  1 19:59:48 IDT 2026, 575 W
Wed Apr  1 19:59:48 IDT 2026, 590 W
Wed Apr  1 19:59:49 IDT 2026, 583 W
Wed Apr  1 19:59:49 IDT 2026, 588 W
Wed Apr  1 19:59:49 IDT 2026, 577 W
Wed Apr  1 19:59:49 IDT 2026, 592 W
Wed Apr  1 19:59:50 IDT 2026, 583 W
Wed Apr  1 19:59:50 IDT 2026, 586 W
Wed Apr  1 19:59:50 IDT 2026, 575 W
Wed Apr  1 19:59:50 IDT 2026, 589 W
Wed Apr  1 19:59:51 IDT 2026, 546 W
Wed Apr  1 19:59:51 IDT 2026, 549 W
Wed Apr  1 19:59:51 IDT 2026, 541 W
Wed Apr  1 19:59:51 IDT 2026, 556 W
Wed Apr  1 19:59:52 IDT 2026, 543 W
Wed Apr  1 19:59:52 IDT 2026, 546 W
Wed Apr  1 19:59:52 IDT 2026, 536 W
Wed Apr  1 19:59:52 IDT 2026, 551 W
Wed Apr  1 19:59:53 IDT 2026, 547 W
Wed Apr  1 19:59:53 IDT 2026, 554 W
Wed Apr  1 19:59:53 IDT 2026, 547 W
Wed Apr  1 19:59:53 IDT 2026, 559 W
Wed Apr  1 19:59:54 IDT 2026, 548 W
Wed Apr  1 19:59:54 IDT 2026, 546 W
Wed Apr  1 19:59:54 IDT 2026, 540 W
Wed Apr  1 19:59:54 IDT 2026, 552 W
Wed Apr  1 19:59:55 IDT 2026, 551 W
Wed Apr  1 19:59:55 IDT 2026, 556 W
Wed Apr  1 19:59:55 IDT 2026, 547 W
Wed Apr  1 19:59:55 IDT 2026, 559 W
Wed Apr  1 19:59:56 IDT 2026, 234 W
Wed Apr  1 19:59:56 IDT 2026, 236 W
Wed Apr  1 19:59:56 IDT 2026, 231 W
Wed Apr  1 19:59:56 IDT 2026, 238 W
Wed Apr  1 19:59:57 IDT 2026, 598 W
Wed Apr  1 19:59:57 IDT 2026, 602 W
Wed Apr  1 19:59:57 IDT 2026, 594 W
Wed Apr  1 19:59:57 IDT 2026, 607 W
Wed Apr  1 19:59:58 IDT 2026, 595 W
Wed Apr  1 19:59:58 IDT 2026, 605 W
Wed Apr  1 19:59:58 IDT 2026, 595 W
Wed Apr  1 19:59:58 IDT 2026, 609 W
Wed Apr  1 19:59:59 IDT 2026, 599 W
Wed Apr  1 19:59:59 IDT 2026, 605 W
Wed Apr  1 19:59:59 IDT 2026, 595 W
Wed Apr  1 19:59:59 IDT 2026, 608 W
Wed Apr  1 20:00:00 IDT 2026, 600 W
Wed Apr  1 20:00:00 IDT 2026, 605 W
Wed Apr  1 20:00:00 IDT 2026, 594 W
Wed Apr  1 20:00:00 IDT 2026, 606 W
Wed Apr  1 20:00:01 IDT 2026, 598 W
Wed Apr  1 20:00:01 IDT 2026, 606 W
Wed Apr  1 20:00:01 IDT 2026, 596 W
Wed Apr  1 20:00:01 IDT 2026, 609 W
Wed Apr  1 20:00:02 IDT 2026, 601 W
Wed Apr  1 20:00:02 IDT 2026, 600 W
Wed Apr  1 20:00:02 IDT 2026, 589 W
Wed Apr  1 20:00:02 IDT 2026, 604 W
Wed Apr  1 20:00:03 IDT 2026, 593 W
Wed Apr  1 20:00:03 IDT 2026, 604 W
Wed Apr  1 20:00:03 IDT 2026, 590 W
Wed Apr  1 20:00:03 IDT 2026, 604 W
Wed Apr  1 20:00:04 IDT 2026, 581 W
Wed Apr  1 20:00:04 IDT 2026, 588 W
Wed Apr  1 20:00:04 IDT 2026, 573 W
Wed Apr  1 20:00:04 IDT 2026, 586 W
Wed Apr  1 20:00:05 IDT 2026, 580 W
Wed Apr  1 20:00:05 IDT 2026, 587 W
Wed Apr  1 20:00:05 IDT 2026, 576 W
Wed Apr  1 20:00:05 IDT 2026, 587 W
Wed Apr  1 20:00:06 IDT 2026, 577 W
Wed Apr  1 20:00:06 IDT 2026, 586 W
Wed Apr  1 20:00:06 IDT 2026, 576 W
Wed Apr  1 20:00:06 IDT 2026, 591 W
Wed Apr  1 20:00:07 IDT 2026, 584 W
Wed Apr  1 20:00:07 IDT 2026, 590 W
Wed Apr  1 20:00:07 IDT 2026, 580 W
Wed Apr  1 20:00:07 IDT 2026, 593 W
Wed Apr  1 20:00:08 IDT 2026, 581 W
Wed Apr  1 20:00:08 IDT 2026, 586 W
Wed Apr  1 20:00:08 IDT 2026, 578 W
Wed Apr  1 20:00:08 IDT 2026, 591 W
Wed Apr  1 20:00:09 IDT 2026, 581 W
Wed Apr  1 20:00:09 IDT 2026, 583 W
Wed Apr  1 20:00:09 IDT 2026, 574 W
Wed Apr  1 20:00:09 IDT 2026, 590 W
Wed Apr  1 20:00:10 IDT 2026, 577 W
Wed Apr  1 20:00:10 IDT 2026, 583 W
Wed Apr  1 20:00:10 IDT 2026, 572 W
Wed Apr  1 20:00:10 IDT 2026, 587 W
Wed Apr  1 20:00:11 IDT 2026, 580 W
Wed Apr  1 20:00:11 IDT 2026, 588 W
Wed Apr  1 20:00:11 IDT 2026, 573 W
Wed Apr  1 20:00:11 IDT 2026, 589 W
Wed Apr  1 20:00:12 IDT 2026, 576 W
Wed Apr  1 20:00:12 IDT 2026, 578 W
Wed Apr  1 20:00:12 IDT 2026, 570 W
Wed Apr  1 20:00:12 IDT 2026, 583 W
Wed Apr  1 20:00:13 IDT 2026, 577 W
Wed Apr  1 20:00:13 IDT 2026, 583 W
Wed Apr  1 20:00:13 IDT 2026, 575 W
Wed Apr  1 20:00:13 IDT 2026, 582 W
Wed Apr  1 20:00:14 IDT 2026, 577 W
Wed Apr  1 20:00:14 IDT 2026, 590 W
Wed Apr  1 20:00:14 IDT 2026, 575 W
Wed Apr  1 20:00:14 IDT 2026, 588 W
Wed Apr  1 20:00:15 IDT 2026, 584 W
Wed Apr  1 20:00:15 IDT 2026, 585 W
Wed Apr  1 20:00:15 IDT 2026, 581 W
Wed Apr  1 20:00:15 IDT 2026, 593 W
Wed Apr  1 20:00:16 IDT 2026, 583 W
Wed Apr  1 20:00:16 IDT 2026, 587 W
Wed Apr  1 20:00:16 IDT 2026, 575 W
Wed Apr  1 20:00:16 IDT 2026, 591 W
Wed Apr  1 20:00:17 IDT 2026, 583 W
Wed Apr  1 20:00:17 IDT 2026, 587 W
Wed Apr  1 20:00:17 IDT 2026, 579 W
Wed Apr  1 20:00:17 IDT 2026, 593 W
Wed Apr  1 20:00:18 IDT 2026, 580 W
Wed Apr  1 20:00:18 IDT 2026, 584 W
Wed Apr  1 20:00:18 IDT 2026, 573 W
Wed Apr  1 20:00:18 IDT 2026, 588 W
Wed Apr  1 20:00:19 IDT 2026, 585 W
Wed Apr  1 20:00:19 IDT 2026, 590 W
Wed Apr  1 20:00:19 IDT 2026, 576 W
Wed Apr  1 20:00:19 IDT 2026, 590 W
Wed Apr  1 20:00:20 IDT 2026, 582 W
Wed Apr  1 20:00:20 IDT 2026, 586 W
Wed Apr  1 20:00:20 IDT 2026, 577 W
Wed Apr  1 20:00:20 IDT 2026, 592 W
Wed Apr  1 20:00:21 IDT 2026, 583 W
Wed Apr  1 20:00:21 IDT 2026, 591 W
Wed Apr  1 20:00:21 IDT 2026, 579 W
Wed Apr  1 20:00:21 IDT 2026, 592 W
Wed Apr  1 20:00:22 IDT 2026, 580 W
Wed Apr  1 20:00:22 IDT 2026, 582 W
Wed Apr  1 20:00:22 IDT 2026, 575 W
Wed Apr  1 20:00:22 IDT 2026, 591 W
Wed Apr  1 20:00:23 IDT 2026, 586 W
Wed Apr  1 20:00:23 IDT 2026, 589 W
Wed Apr  1 20:00:23 IDT 2026, 580 W
Wed Apr  1 20:00:23 IDT 2026, 594 W
Wed Apr  1 20:00:24 IDT 2026, 582 W
Wed Apr  1 20:00:24 IDT 2026, 584 W
Wed Apr  1 20:00:24 IDT 2026, 574 W
Wed Apr  1 20:00:24 IDT 2026, 588 W
Wed Apr  1 20:00:25 IDT 2026, 603 W
Wed Apr  1 20:00:25 IDT 2026, 729 W
Wed Apr  1 20:00:25 IDT 2026, 665 W
Wed Apr  1 20:00:25 IDT 2026, 684 W
Wed Apr  1 20:00:26 IDT 2026, 599 W
Wed Apr  1 20:00:26 IDT 2026, 605 W
Wed Apr  1 20:00:26 IDT 2026, 592 W
Wed Apr  1 20:00:26 IDT 2026, 608 W
Wed Apr  1 20:00:27 IDT 2026, 600 W
Wed Apr  1 20:00:27 IDT 2026, 607 W
Wed Apr  1 20:00:27 IDT 2026, 594 W
Wed Apr  1 20:00:27 IDT 2026, 611 W
Wed Apr  1 20:00:28 IDT 2026, 600 W
Wed Apr  1 20:00:28 IDT 2026, 605 W
Wed Apr  1 20:00:28 IDT 2026, 595 W
Wed Apr  1 20:00:28 IDT 2026, 607 W
Wed Apr  1 20:00:29 IDT 2026, 600 W
Wed Apr  1 20:00:29 IDT 2026, 606 W
Wed Apr  1 20:00:29 IDT 2026, 595 W
Wed Apr  1 20:00:29 IDT 2026, 609 W
Wed Apr  1 20:00:30 IDT 2026, 601 W
Wed Apr  1 20:00:30 IDT 2026, 606 W
Wed Apr  1 20:00:30 IDT 2026, 597 W
Wed Apr  1 20:00:30 IDT 2026, 610 W
Wed Apr  1 20:00:31 IDT 2026, 600 W
Wed Apr  1 20:00:31 IDT 2026, 606 W
Wed Apr  1 20:00:31 IDT 2026, 597 W
Wed Apr  1 20:00:31 IDT 2026, 613 W
Wed Apr  1 20:00:32 IDT 2026, 601 W
Wed Apr  1 20:00:32 IDT 2026, 609 W
Wed Apr  1 20:00:32 IDT 2026, 598 W
Wed Apr  1 20:00:32 IDT 2026, 613 W
Wed Apr  1 20:00:33 IDT 2026, 602 W
Wed Apr  1 20:00:33 IDT 2026, 607 W
Wed Apr  1 20:00:33 IDT 2026, 598 W
Wed Apr  1 20:00:33 IDT 2026, 613 W
Wed Apr  1 20:00:34 IDT 2026, 602 W
Wed Apr  1 20:00:34 IDT 2026, 605 W
Wed Apr  1 20:00:34 IDT 2026, 596 W
Wed Apr  1 20:00:34 IDT 2026, 609 W
Wed Apr  1 20:00:35 IDT 2026, 603 W
Wed Apr  1 20:00:35 IDT 2026, 605 W
Wed Apr  1 20:00:35 IDT 2026, 597 W
Wed Apr  1 20:00:35 IDT 2026, 611 W
Wed Apr  1 20:00:36 IDT 2026, 592 W
Wed Apr  1 20:00:36 IDT 2026, 598 W
Wed Apr  1 20:00:36 IDT 2026, 588 W
Wed Apr  1 20:00:36 IDT 2026, 599 W
Wed Apr  1 20:00:37 IDT 2026, 593 W
Wed Apr  1 20:00:37 IDT 2026, 598 W
Wed Apr  1 20:00:37 IDT 2026, 586 W
Wed Apr  1 20:00:37 IDT 2026, 600 W
Wed Apr  1 20:00:38 IDT 2026, 583 W
Wed Apr  1 20:00:38 IDT 2026, 592 W
Wed Apr  1 20:00:38 IDT 2026, 579 W
Wed Apr  1 20:00:38 IDT 2026, 591 W
Wed Apr  1 20:00:39 IDT 2026, 578 W
Wed Apr  1 20:00:39 IDT 2026, 584 W
Wed Apr  1 20:00:39 IDT 2026, 577 W
Wed Apr  1 20:00:39 IDT 2026, 589 W
Wed Apr  1 20:00:40 IDT 2026, 580 W
Wed Apr  1 20:00:40 IDT 2026, 588 W
Wed Apr  1 20:00:40 IDT 2026, 577 W
Wed Apr  1 20:00:40 IDT 2026, 590 W
Wed Apr  1 20:00:41 IDT 2026, 582 W
Wed Apr  1 20:00:41 IDT 2026, 587 W
Wed Apr  1 20:00:41 IDT 2026, 580 W
Wed Apr  1 20:00:41 IDT 2026, 594 W
Wed Apr  1 20:00:42 IDT 2026, 583 W
Wed Apr  1 20:00:42 IDT 2026, 590 W
Wed Apr  1 20:00:42 IDT 2026, 577 W
Wed Apr  1 20:00:42 IDT 2026, 593 W
Wed Apr  1 20:00:43 IDT 2026, 577 W
Wed Apr  1 20:00:43 IDT 2026, 584 W
Wed Apr  1 20:00:43 IDT 2026, 571 W
Wed Apr  1 20:00:43 IDT 2026, 585 W
Wed Apr  1 20:00:44 IDT 2026, 550 W
Wed Apr  1 20:00:44 IDT 2026, 553 W
Wed Apr  1 20:00:44 IDT 2026, 546 W
Wed Apr  1 20:00:44 IDT 2026, 557 W
Wed Apr  1 20:00:45 IDT 2026, 495 W
Wed Apr  1 20:00:45 IDT 2026, 477 W
Wed Apr  1 20:00:45 IDT 2026, 493 W
Wed Apr  1 20:00:45 IDT 2026, 504 W
Wed Apr  1 20:00:46 IDT 2026, 430 W
Wed Apr  1 20:00:46 IDT 2026, 417 W
Wed Apr  1 20:00:46 IDT 2026, 437 W
Wed Apr  1 20:00:46 IDT 2026, 445 W
Wed Apr  1 20:00:47 IDT 2026, 439 W
Wed Apr  1 20:00:47 IDT 2026, 414 W
Wed Apr  1 20:00:47 IDT 2026, 431 W
Wed Apr  1 20:00:47 IDT 2026, 442 W
Wed Apr  1 20:00:48 IDT 2026, 495 W
Wed Apr  1 20:00:48 IDT 2026, 501 W
Wed Apr  1 20:00:48 IDT 2026, 494 W
Wed Apr  1 20:00:48 IDT 2026, 503 W
Wed Apr  1 20:00:49 IDT 2026, 495 W
Wed Apr  1 20:00:49 IDT 2026, 503 W
Wed Apr  1 20:00:49 IDT 2026, 492 W
Wed Apr  1 20:00:49 IDT 2026, 501 W
Wed Apr  1 20:00:50 IDT 2026, 497 W
Wed Apr  1 20:00:50 IDT 2026, 501 W
Wed Apr  1 20:00:50 IDT 2026, 492 W
Wed Apr  1 20:00:50 IDT 2026, 502 W
Wed Apr  1 20:00:51 IDT 2026, 233 W
Wed Apr  1 20:00:51 IDT 2026, 235 W
Wed Apr  1 20:00:51 IDT 2026, 232 W
Wed Apr  1 20:00:51 IDT 2026, 238 W
Wed Apr  1 20:00:52 IDT 2026, 598 W
Wed Apr  1 20:00:52 IDT 2026, 602 W
Wed Apr  1 20:00:52 IDT 2026, 590 W
Wed Apr  1 20:00:52 IDT 2026, 606 W
Wed Apr  1 20:00:53 IDT 2026, 595 W
Wed Apr  1 20:00:53 IDT 2026, 599 W
Wed Apr  1 20:00:53 IDT 2026, 591 W
Wed Apr  1 20:00:53 IDT 2026, 606 W
Wed Apr  1 20:00:54 IDT 2026, 602 W
Wed Apr  1 20:00:54 IDT 2026, 608 W
Wed Apr  1 20:00:54 IDT 2026, 597 W
Wed Apr  1 20:00:54 IDT 2026, 612 W
Wed Apr  1 20:00:55 IDT 2026, 598 W
Wed Apr  1 20:00:55 IDT 2026, 608 W
Wed Apr  1 20:00:55 IDT 2026, 595 W
Wed Apr  1 20:00:55 IDT 2026, 611 W
Wed Apr  1 20:00:56 IDT 2026, 598 W
Wed Apr  1 20:00:56 IDT 2026, 604 W
Wed Apr  1 20:00:56 IDT 2026, 595 W
Wed Apr  1 20:00:56 IDT 2026, 608 W
Wed Apr  1 20:00:57 IDT 2026, 601 W
Wed Apr  1 20:00:57 IDT 2026, 605 W
Wed Apr  1 20:00:57 IDT 2026, 596 W
Wed Apr  1 20:00:57 IDT 2026, 607 W
Wed Apr  1 20:00:58 IDT 2026, 600 W
Wed Apr  1 20:00:58 IDT 2026, 604 W
Wed Apr  1 20:00:58 IDT 2026, 595 W
Wed Apr  1 20:00:58 IDT 2026, 611 W
Wed Apr  1 20:00:59 IDT 2026, 603 W
Wed Apr  1 20:00:59 IDT 2026, 608 W
Wed Apr  1 20:00:59 IDT 2026, 595 W
Wed Apr  1 20:00:59 IDT 2026, 610 W
Wed Apr  1 20:01:00 IDT 2026, 601 W
Wed Apr  1 20:01:00 IDT 2026, 604 W
Wed Apr  1 20:01:00 IDT 2026, 594 W
Wed Apr  1 20:01:00 IDT 2026, 605 W
Wed Apr  1 20:01:01 IDT 2026, 596 W
Wed Apr  1 20:01:01 IDT 2026, 605 W
Wed Apr  1 20:01:01 IDT 2026, 596 W
Wed Apr  1 20:01:01 IDT 2026, 610 W
Wed Apr  1 20:01:02 IDT 2026, 594 W
Wed Apr  1 20:01:02 IDT 2026, 603 W
Wed Apr  1 20:01:02 IDT 2026, 597 W
Wed Apr  1 20:01:02 IDT 2026, 606 W
Wed Apr  1 20:01:03 IDT 2026, 583 W
Wed Apr  1 20:01:03 IDT 2026, 586 W
Wed Apr  1 20:01:03 IDT 2026, 579 W
Wed Apr  1 20:01:03 IDT 2026, 592 W
Wed Apr  1 20:01:04 IDT 2026, 545 W
Wed Apr  1 20:01:04 IDT 2026, 552 W
Wed Apr  1 20:01:04 IDT 2026, 542 W
Wed Apr  1 20:01:04 IDT 2026, 556 W
Wed Apr  1 20:01:05 IDT 2026, 546 W
Wed Apr  1 20:01:05 IDT 2026, 548 W
Wed Apr  1 20:01:05 IDT 2026, 538 W
Wed Apr  1 20:01:05 IDT 2026, 551 W
Wed Apr  1 20:01:06 IDT 2026, 544 W
Wed Apr  1 20:01:06 IDT 2026, 554 W
Wed Apr  1 20:01:06 IDT 2026, 544 W
Wed Apr  1 20:01:06 IDT 2026, 553 W
Wed Apr  1 20:01:07 IDT 2026, 544 W
Wed Apr  1 20:01:07 IDT 2026, 553 W
Wed Apr  1 20:01:07 IDT 2026, 542 W
Wed Apr  1 20:01:07 IDT 2026, 554 W
Wed Apr  1 20:01:08 IDT 2026, 496 W
Wed Apr  1 20:01:08 IDT 2026, 501 W
Wed Apr  1 20:01:08 IDT 2026, 491 W
Wed Apr  1 20:01:08 IDT 2026, 506 W
Wed Apr  1 20:01:09 IDT 2026, 498 W
Wed Apr  1 20:01:09 IDT 2026, 501 W
Wed Apr  1 20:01:09 IDT 2026, 493 W
Wed Apr  1 20:01:09 IDT 2026, 504 W
Wed Apr  1 20:01:10 IDT 2026, 495 W
Wed Apr  1 20:01:10 IDT 2026, 498 W
Wed Apr  1 20:01:10 IDT 2026, 493 W
Wed Apr  1 20:01:10 IDT 2026, 503 W
Wed Apr  1 20:01:11 IDT 2026, 484 W
Wed Apr  1 20:01:11 IDT 2026, 488 W
Wed Apr  1 20:01:11 IDT 2026, 484 W
Wed Apr  1 20:01:11 IDT 2026, 493 W
Wed Apr  1 20:01:12 IDT 2026, 484 W
Wed Apr  1 20:01:12 IDT 2026, 491 W
Wed Apr  1 20:01:12 IDT 2026, 482 W
Wed Apr  1 20:01:12 IDT 2026, 492 W
Wed Apr  1 20:01:13 IDT 2026, 496 W
Wed Apr  1 20:01:13 IDT 2026, 501 W
Wed Apr  1 20:01:13 IDT 2026, 493 W
Wed Apr  1 20:01:13 IDT 2026, 502 W
Wed Apr  1 20:01:14 IDT 2026, 496 W
Wed Apr  1 20:01:14 IDT 2026, 504 W
Wed Apr  1 20:01:14 IDT 2026, 492 W
Wed Apr  1 20:01:14 IDT 2026, 505 W
Wed Apr  1 20:01:15 IDT 2026, 494 W
Wed Apr  1 20:01:15 IDT 2026, 500 W
Wed Apr  1 20:01:15 IDT 2026, 491 W
Wed Apr  1 20:01:15 IDT 2026, 501 W
Wed Apr  1 20:01:16 IDT 2026, 738 W
Wed Apr  1 20:01:16 IDT 2026, 806 W
Wed Apr  1 20:01:16 IDT 2026, 770 W
Wed Apr  1 20:01:16 IDT 2026, 787 W
Wed Apr  1 20:01:17 IDT 2026, 599 W
Wed Apr  1 20:01:17 IDT 2026, 606 W
Wed Apr  1 20:01:17 IDT 2026, 593 W
Wed Apr  1 20:01:17 IDT 2026, 607 W
Wed Apr  1 20:01:18 IDT 2026, 599 W
Wed Apr  1 20:01:18 IDT 2026, 605 W
Wed Apr  1 20:01:18 IDT 2026, 594 W
Wed Apr  1 20:01:18 IDT 2026, 607 W
Wed Apr  1 20:01:19 IDT 2026, 600 W
Wed Apr  1 20:01:19 IDT 2026, 604 W
Wed Apr  1 20:01:19 IDT 2026, 594 W
Wed Apr  1 20:01:19 IDT 2026, 608 W
Wed Apr  1 20:01:20 IDT 2026, 599 W
Wed Apr  1 20:01:20 IDT 2026, 607 W
Wed Apr  1 20:01:20 IDT 2026, 596 W
Wed Apr  1 20:01:20 IDT 2026, 609 W
Wed Apr  1 20:01:21 IDT 2026, 600 W
Wed Apr  1 20:01:21 IDT 2026, 607 W
Wed Apr  1 20:01:21 IDT 2026, 596 W
Wed Apr  1 20:01:21 IDT 2026, 610 W
Wed Apr  1 20:01:22 IDT 2026, 600 W
Wed Apr  1 20:01:22 IDT 2026, 603 W
Wed Apr  1 20:01:22 IDT 2026, 597 W
Wed Apr  1 20:01:22 IDT 2026, 611 W
Wed Apr  1 20:01:23 IDT 2026, 600 W
Wed Apr  1 20:01:23 IDT 2026, 603 W
Wed Apr  1 20:01:23 IDT 2026, 594 W
Wed Apr  1 20:01:23 IDT 2026, 608 W
Wed Apr  1 20:01:24 IDT 2026, 593 W
Wed Apr  1 20:01:24 IDT 2026, 602 W
Wed Apr  1 20:01:24 IDT 2026, 589 W
Wed Apr  1 20:01:24 IDT 2026, 604 W
Wed Apr  1 20:01:25 IDT 2026, 600 W
Wed Apr  1 20:01:25 IDT 2026, 604 W
Wed Apr  1 20:01:25 IDT 2026, 593 W
Wed Apr  1 20:01:25 IDT 2026, 606 W
Wed Apr  1 20:01:26 IDT 2026, 595 W
Wed Apr  1 20:01:26 IDT 2026, 602 W
Wed Apr  1 20:01:26 IDT 2026, 592 W
Wed Apr  1 20:01:26 IDT 2026, 605 W
Wed Apr  1 20:01:27 IDT 2026, 590 W
Wed Apr  1 20:01:27 IDT 2026, 595 W
Wed Apr  1 20:01:27 IDT 2026, 587 W
Wed Apr  1 20:01:27 IDT 2026, 599 W
Wed Apr  1 20:01:28 IDT 2026, 593 W
Wed Apr  1 20:01:28 IDT 2026, 600 W
Wed Apr  1 20:01:28 IDT 2026, 585 W
Wed Apr  1 20:01:28 IDT 2026, 599 W
Wed Apr  1 20:01:29 IDT 2026, 580 W
Wed Apr  1 20:01:29 IDT 2026, 583 W
Wed Apr  1 20:01:29 IDT 2026, 573 W
Wed Apr  1 20:01:29 IDT 2026, 586 W
Wed Apr  1 20:01:30 IDT 2026, 582 W
Wed Apr  1 20:01:30 IDT 2026, 589 W
Wed Apr  1 20:01:30 IDT 2026, 580 W
Wed Apr  1 20:01:30 IDT 2026, 593 W
Wed Apr  1 20:01:31 IDT 2026, 586 W
Wed Apr  1 20:01:31 IDT 2026, 587 W
Wed Apr  1 20:01:31 IDT 2026, 579 W
Wed Apr  1 20:01:31 IDT 2026, 589 W
Wed Apr  1 20:01:32 IDT 2026, 579 W
Wed Apr  1 20:01:32 IDT 2026, 582 W
Wed Apr  1 20:01:32 IDT 2026, 571 W
Wed Apr  1 20:01:32 IDT 2026, 583 W
Wed Apr  1 20:01:33 IDT 2026, 580 W
Wed Apr  1 20:01:33 IDT 2026, 588 W
Wed Apr  1 20:01:33 IDT 2026, 574 W
Wed Apr  1 20:01:33 IDT 2026, 592 W
Wed Apr  1 20:01:34 IDT 2026, 582 W
Wed Apr  1 20:01:34 IDT 2026, 589 W
Wed Apr  1 20:01:34 IDT 2026, 581 W
Wed Apr  1 20:01:34 IDT 2026, 591 W
Wed Apr  1 20:01:35 IDT 2026, 578 W
Wed Apr  1 20:01:35 IDT 2026, 587 W
Wed Apr  1 20:01:35 IDT 2026, 574 W
Wed Apr  1 20:01:35 IDT 2026, 589 W
Wed Apr  1 20:01:36 IDT 2026, 574 W
Wed Apr  1 20:01:36 IDT 2026, 583 W
Wed Apr  1 20:01:36 IDT 2026, 574 W
Wed Apr  1 20:01:36 IDT 2026, 590 W
Wed Apr  1 20:01:37 IDT 2026, 576 W
Wed Apr  1 20:01:37 IDT 2026, 582 W
Wed Apr  1 20:01:37 IDT 2026, 570 W
Wed Apr  1 20:01:37 IDT 2026, 582 W
Wed Apr  1 20:01:38 IDT 2026, 588 W
Wed Apr  1 20:01:38 IDT 2026, 587 W
Wed Apr  1 20:01:38 IDT 2026, 581 W
Wed Apr  1 20:01:38 IDT 2026, 593 W
Wed Apr  1 20:01:39 IDT 2026, 579 W
Wed Apr  1 20:01:39 IDT 2026, 581 W
Wed Apr  1 20:01:39 IDT 2026, 572 W
Wed Apr  1 20:01:39 IDT 2026, 588 W
Wed Apr  1 20:01:40 IDT 2026, 577 W
Wed Apr  1 20:01:40 IDT 2026, 589 W
Wed Apr  1 20:01:40 IDT 2026, 575 W
Wed Apr  1 20:01:40 IDT 2026, 589 W
Wed Apr  1 20:01:41 IDT 2026, 584 W
Wed Apr  1 20:01:41 IDT 2026, 588 W
Wed Apr  1 20:01:41 IDT 2026, 580 W
Wed Apr  1 20:01:41 IDT 2026, 596 W
Wed Apr  1 20:01:42 IDT 2026, 584 W
Wed Apr  1 20:01:42 IDT 2026, 589 W
Wed Apr  1 20:01:42 IDT 2026, 573 W
Wed Apr  1 20:01:42 IDT 2026, 589 W
Wed Apr  1 20:01:43 IDT 2026, 573 W
Wed Apr  1 20:01:43 IDT 2026, 582 W
Wed Apr  1 20:01:43 IDT 2026, 574 W
Wed Apr  1 20:01:43 IDT 2026, 583 W
Wed Apr  1 20:01:44 IDT 2026, 583 W
Wed Apr  1 20:01:44 IDT 2026, 585 W
Wed Apr  1 20:01:44 IDT 2026, 577 W
Wed Apr  1 20:01:44 IDT 2026, 589 W
Wed Apr  1 20:01:45 IDT 2026, 233 W
Wed Apr  1 20:01:45 IDT 2026, 236 W
Wed Apr  1 20:01:45 IDT 2026, 231 W
Wed Apr  1 20:01:45 IDT 2026, 238 W
Wed Apr  1 20:01:46 IDT 2026, 598 W
Wed Apr  1 20:01:46 IDT 2026, 606 W
Wed Apr  1 20:01:46 IDT 2026, 596 W
Wed Apr  1 20:01:46 IDT 2026, 610 W
Wed Apr  1 20:01:47 IDT 2026, 601 W
Wed Apr  1 20:01:47 IDT 2026, 608 W
Wed Apr  1 20:01:47 IDT 2026, 598 W
Wed Apr  1 20:01:47 IDT 2026, 611 W
Wed Apr  1 20:01:48 IDT 2026, 603 W
Wed Apr  1 20:01:48 IDT 2026, 607 W
Wed Apr  1 20:01:48 IDT 2026, 598 W
Wed Apr  1 20:01:48 IDT 2026, 610 W
Wed Apr  1 20:01:49 IDT 2026, 603 W
Wed Apr  1 20:01:49 IDT 2026, 606 W
Wed Apr  1 20:01:49 IDT 2026, 594 W
Wed Apr  1 20:01:49 IDT 2026, 612 W
Wed Apr  1 20:01:50 IDT 2026, 600 W
Wed Apr  1 20:01:50 IDT 2026, 611 W
Wed Apr  1 20:01:50 IDT 2026, 596 W
Wed Apr  1 20:01:50 IDT 2026, 610 W
Wed Apr  1 20:01:51 IDT 2026, 597 W
Wed Apr  1 20:01:51 IDT 2026, 597 W
Wed Apr  1 20:01:51 IDT 2026, 592 W
Wed Apr  1 20:01:51 IDT 2026, 599 W
Wed Apr  1 20:01:52 IDT 2026, 596 W
Wed Apr  1 20:01:52 IDT 2026, 601 W
Wed Apr  1 20:01:52 IDT 2026, 591 W
Wed Apr  1 20:01:52 IDT 2026, 605 W
Wed Apr  1 20:01:53 IDT 2026, 595 W
Wed Apr  1 20:01:53 IDT 2026, 602 W
Wed Apr  1 20:01:53 IDT 2026, 591 W
Wed Apr  1 20:01:53 IDT 2026, 604 W
Wed Apr  1 20:01:54 IDT 2026, 595 W
Wed Apr  1 20:01:54 IDT 2026, 601 W
Wed Apr  1 20:01:54 IDT 2026, 590 W
Wed Apr  1 20:01:54 IDT 2026, 603 W
Wed Apr  1 20:01:55 IDT 2026, 580 W
Wed Apr  1 20:01:55 IDT 2026, 587 W
Wed Apr  1 20:01:55 IDT 2026, 576 W
Wed Apr  1 20:01:55 IDT 2026, 588 W
Wed Apr  1 20:01:56 IDT 2026, 584 W
Wed Apr  1 20:01:56 IDT 2026, 589 W
Wed Apr  1 20:01:56 IDT 2026, 579 W
Wed Apr  1 20:01:56 IDT 2026, 589 W
Wed Apr  1 20:01:57 IDT 2026, 549 W
Wed Apr  1 20:01:57 IDT 2026, 554 W
Wed Apr  1 20:01:57 IDT 2026, 541 W
Wed Apr  1 20:01:57 IDT 2026, 553 W
Wed Apr  1 20:01:58 IDT 2026, 540 W
Wed Apr  1 20:01:58 IDT 2026, 517 W
Wed Apr  1 20:01:58 IDT 2026, 503 W
Wed Apr  1 20:01:58 IDT 2026, 512 W
Wed Apr  1 20:01:59 IDT 2026, 547 W
Wed Apr  1 20:01:59 IDT 2026, 550 W
Wed Apr  1 20:01:59 IDT 2026, 543 W
Wed Apr  1 20:01:59 IDT 2026, 557 W
Wed Apr  1 20:02:00 IDT 2026, 500 W
Wed Apr  1 20:02:00 IDT 2026, 503 W
Wed Apr  1 20:02:00 IDT 2026, 494 W
Wed Apr  1 20:02:00 IDT 2026, 505 W
Wed Apr  1 20:02:01 IDT 2026, 487 W
Wed Apr  1 20:02:01 IDT 2026, 492 W
Wed Apr  1 20:02:01 IDT 2026, 488 W
Wed Apr  1 20:02:01 IDT 2026, 496 W
Wed Apr  1 20:02:02 IDT 2026, 493 W
Wed Apr  1 20:02:02 IDT 2026, 497 W
Wed Apr  1 20:02:02 IDT 2026, 490 W
Wed Apr  1 20:02:02 IDT 2026, 499 W
Wed Apr  1 20:02:03 IDT 2026, 498 W
Wed Apr  1 20:02:03 IDT 2026, 501 W
Wed Apr  1 20:02:03 IDT 2026, 493 W
Wed Apr  1 20:02:03 IDT 2026, 503 W
Wed Apr  1 20:02:04 IDT 2026, 464 W
Wed Apr  1 20:02:04 IDT 2026, 443 W
Wed Apr  1 20:02:04 IDT 2026, 448 W
Wed Apr  1 20:02:04 IDT 2026, 461 W
Wed Apr  1 20:02:05 IDT 2026, 496 W
Wed Apr  1 20:02:05 IDT 2026, 501 W
Wed Apr  1 20:02:05 IDT 2026, 494 W
Wed Apr  1 20:02:05 IDT 2026, 504 W
Wed Apr  1 20:02:06 IDT 2026, 496 W
Wed Apr  1 20:02:06 IDT 2026, 501 W
Wed Apr  1 20:02:06 IDT 2026, 494 W
Wed Apr  1 20:02:06 IDT 2026, 502 W
Wed Apr  1 20:02:07 IDT 2026, 496 W
Wed Apr  1 20:02:07 IDT 2026, 501 W
Wed Apr  1 20:02:07 IDT 2026, 493 W
Wed Apr  1 20:02:07 IDT 2026, 506 W
Wed Apr  1 20:02:08 IDT 2026, 495 W
Wed Apr  1 20:02:08 IDT 2026, 501 W
Wed Apr  1 20:02:08 IDT 2026, 491 W
Wed Apr  1 20:02:08 IDT 2026, 503 W
Wed Apr  1 20:02:09 IDT 2026, 738 W
Wed Apr  1 20:02:09 IDT 2026, 463 W
Wed Apr  1 20:02:09 IDT 2026, 757 W
Wed Apr  1 20:02:09 IDT 2026, 774 W
Wed Apr  1 20:02:10 IDT 2026, 597 W
Wed Apr  1 20:02:10 IDT 2026, 606 W
Wed Apr  1 20:02:10 IDT 2026, 591 W
Wed Apr  1 20:02:10 IDT 2026, 608 W
Wed Apr  1 20:02:11 IDT 2026, 599 W
Wed Apr  1 20:02:11 IDT 2026, 603 W
Wed Apr  1 20:02:11 IDT 2026, 594 W
Wed Apr  1 20:02:11 IDT 2026, 608 W
Wed Apr  1 20:02:12 IDT 2026, 597 W
Wed Apr  1 20:02:12 IDT 2026, 602 W
Wed Apr  1 20:02:12 IDT 2026, 597 W
Wed Apr  1 20:02:12 IDT 2026, 609 W
Wed Apr  1 20:02:13 IDT 2026, 598 W
Wed Apr  1 20:02:13 IDT 2026, 605 W
Wed Apr  1 20:02:13 IDT 2026, 595 W
Wed Apr  1 20:02:13 IDT 2026, 609 W
Wed Apr  1 20:02:14 IDT 2026, 594 W
Wed Apr  1 20:02:14 IDT 2026, 604 W
Wed Apr  1 20:02:14 IDT 2026, 593 W
Wed Apr  1 20:02:14 IDT 2026, 606 W
Wed Apr  1 20:02:15 IDT 2026, 600 W
Wed Apr  1 20:02:15 IDT 2026, 604 W
Wed Apr  1 20:02:15 IDT 2026, 596 W
Wed Apr  1 20:02:15 IDT 2026, 607 W
Wed Apr  1 20:02:16 IDT 2026, 601 W
Wed Apr  1 20:02:16 IDT 2026, 604 W
Wed Apr  1 20:02:16 IDT 2026, 593 W
Wed Apr  1 20:02:16 IDT 2026, 606 W
Wed Apr  1 20:02:17 IDT 2026, 600 W
Wed Apr  1 20:02:17 IDT 2026, 604 W
Wed Apr  1 20:02:17 IDT 2026, 592 W
Wed Apr  1 20:02:17 IDT 2026, 610 W
Wed Apr  1 20:02:18 IDT 2026, 595 W
Wed Apr  1 20:02:18 IDT 2026, 598 W
Wed Apr  1 20:02:18 IDT 2026, 589 W
Wed Apr  1 20:02:18 IDT 2026, 601 W
Wed Apr  1 20:02:19 IDT 2026, 596 W
Wed Apr  1 20:02:19 IDT 2026, 603 W
Wed Apr  1 20:02:19 IDT 2026, 592 W
Wed Apr  1 20:02:19 IDT 2026, 603 W
Wed Apr  1 20:02:20 IDT 2026, 593 W
Wed Apr  1 20:02:20 IDT 2026, 598 W
Wed Apr  1 20:02:20 IDT 2026, 589 W
Wed Apr  1 20:02:20 IDT 2026, 598 W
Wed Apr  1 20:02:21 IDT 2026, 591 W
Wed Apr  1 20:02:21 IDT 2026, 593 W
Wed Apr  1 20:02:21 IDT 2026, 587 W
Wed Apr  1 20:02:21 IDT 2026, 600 W
Wed Apr  1 20:02:22 IDT 2026, 584 W
Wed Apr  1 20:02:22 IDT 2026, 588 W
Wed Apr  1 20:02:22 IDT 2026, 576 W
Wed Apr  1 20:02:22 IDT 2026, 589 W
Wed Apr  1 20:02:23 IDT 2026, 583 W
Wed Apr  1 20:02:23 IDT 2026, 589 W
Wed Apr  1 20:02:23 IDT 2026, 578 W
Wed Apr  1 20:02:23 IDT 2026, 592 W
Wed Apr  1 20:02:24 IDT 2026, 581 W
Wed Apr  1 20:02:24 IDT 2026, 593 W
Wed Apr  1 20:02:24 IDT 2026, 579 W
Wed Apr  1 20:02:24 IDT 2026, 593 W
Wed Apr  1 20:02:25 IDT 2026, 572 W
Wed Apr  1 20:02:25 IDT 2026, 585 W
Wed Apr  1 20:02:25 IDT 2026, 572 W
Wed Apr  1 20:02:25 IDT 2026, 585 W
Wed Apr  1 20:02:26 IDT 2026, 579 W
Wed Apr  1 20:02:26 IDT 2026, 587 W
Wed Apr  1 20:02:26 IDT 2026, 576 W
Wed Apr  1 20:02:26 IDT 2026, 586 W
Wed Apr  1 20:02:27 IDT 2026, 579 W
Wed Apr  1 20:02:27 IDT 2026, 584 W
Wed Apr  1 20:02:27 IDT 2026, 574 W
Wed Apr  1 20:02:27 IDT 2026, 588 W
Wed Apr  1 20:02:28 IDT 2026, 520 W
Wed Apr  1 20:02:28 IDT 2026, 522 W
Wed Apr  1 20:02:28 IDT 2026, 516 W
Wed Apr  1 20:02:28 IDT 2026, 530 W
Wed Apr  1 20:02:29 IDT 2026, 515 W
Wed Apr  1 20:02:29 IDT 2026, 517 W
Wed Apr  1 20:02:29 IDT 2026, 517 W
Wed Apr  1 20:02:29 IDT 2026, 528 W
Wed Apr  1 20:02:30 IDT 2026, 495 W
Wed Apr  1 20:02:30 IDT 2026, 504 W
Wed Apr  1 20:02:30 IDT 2026, 493 W
Wed Apr  1 20:02:30 IDT 2026, 503 W
Wed Apr  1 20:02:31 IDT 2026, 497 W
Wed Apr  1 20:02:31 IDT 2026, 500 W
Wed Apr  1 20:02:31 IDT 2026, 491 W
Wed Apr  1 20:02:31 IDT 2026, 503 W
Wed Apr  1 20:02:32 IDT 2026, 495 W
Wed Apr  1 20:02:32 IDT 2026, 501 W
Wed Apr  1 20:02:32 IDT 2026, 491 W
Wed Apr  1 20:02:32 IDT 2026, 504 W
Wed Apr  1 20:02:33 IDT 2026, 493 W
Wed Apr  1 20:02:33 IDT 2026, 500 W
Wed Apr  1 20:02:33 IDT 2026, 490 W
Wed Apr  1 20:02:33 IDT 2026, 500 W
Wed Apr  1 20:02:34 IDT 2026, 495 W
Wed Apr  1 20:02:34 IDT 2026, 502 W
Wed Apr  1 20:02:34 IDT 2026, 490 W
Wed Apr  1 20:02:34 IDT 2026, 503 W
Wed Apr  1 20:02:35 IDT 2026, 232 W
Wed Apr  1 20:02:35 IDT 2026, 235 W
Wed Apr  1 20:02:35 IDT 2026, 231 W
Wed Apr  1 20:02:35 IDT 2026, 237 W
Wed Apr  1 20:02:36 IDT 2026, 596 W
Wed Apr  1 20:02:36 IDT 2026, 603 W
Wed Apr  1 20:02:36 IDT 2026, 594 W
Wed Apr  1 20:02:36 IDT 2026, 608 W
Wed Apr  1 20:02:37 IDT 2026, 599 W
Wed Apr  1 20:02:37 IDT 2026, 605 W
Wed Apr  1 20:02:37 IDT 2026, 595 W
Wed Apr  1 20:02:37 IDT 2026, 609 W
Wed Apr  1 20:02:38 IDT 2026, 599 W
Wed Apr  1 20:02:38 IDT 2026, 601 W
Wed Apr  1 20:02:38 IDT 2026, 596 W
Wed Apr  1 20:02:38 IDT 2026, 607 W
Wed Apr  1 20:02:39 IDT 2026, 598 W
Wed Apr  1 20:02:39 IDT 2026, 606 W
Wed Apr  1 20:02:39 IDT 2026, 595 W
Wed Apr  1 20:02:39 IDT 2026, 610 W
Wed Apr  1 20:02:40 IDT 2026, 602 W
Wed Apr  1 20:02:40 IDT 2026, 605 W
Wed Apr  1 20:02:40 IDT 2026, 598 W
Wed Apr  1 20:02:40 IDT 2026, 609 W
Wed Apr  1 20:02:41 IDT 2026, 593 W
Wed Apr  1 20:02:41 IDT 2026, 599 W
Wed Apr  1 20:02:41 IDT 2026, 585 W
Wed Apr  1 20:02:41 IDT 2026, 599 W
Wed Apr  1 20:02:42 IDT 2026, 592 W
Wed Apr  1 20:02:42 IDT 2026, 594 W
Wed Apr  1 20:02:42 IDT 2026, 583 W
Wed Apr  1 20:02:42 IDT 2026, 599 W
Wed Apr  1 20:02:43 IDT 2026, 594 W
Wed Apr  1 20:02:43 IDT 2026, 596 W
Wed Apr  1 20:02:43 IDT 2026, 590 W
Wed Apr  1 20:02:43 IDT 2026, 603 W
Wed Apr  1 20:02:44 IDT 2026, 590 W
Wed Apr  1 20:02:44 IDT 2026, 596 W
Wed Apr  1 20:02:44 IDT 2026, 589 W
Wed Apr  1 20:02:44 IDT 2026, 600 W
Wed Apr  1 20:02:45 IDT 2026, 594 W
Wed Apr  1 20:02:45 IDT 2026, 599 W
Wed Apr  1 20:02:45 IDT 2026, 588 W
Wed Apr  1 20:02:45 IDT 2026, 601 W
Wed Apr  1 20:02:46 IDT 2026, 582 W
Wed Apr  1 20:02:46 IDT 2026, 589 W
Wed Apr  1 20:02:46 IDT 2026, 579 W
Wed Apr  1 20:02:46 IDT 2026, 587 W
Wed Apr  1 20:02:47 IDT 2026, 582 W
Wed Apr  1 20:02:47 IDT 2026, 587 W
Wed Apr  1 20:02:47 IDT 2026, 578 W
Wed Apr  1 20:02:47 IDT 2026, 590 W
Wed Apr  1 20:02:48 IDT 2026, 579 W
Wed Apr  1 20:02:48 IDT 2026, 587 W
Wed Apr  1 20:02:48 IDT 2026, 576 W
Wed Apr  1 20:02:48 IDT 2026, 590 W
Wed Apr  1 20:02:49 IDT 2026, 585 W
Wed Apr  1 20:02:49 IDT 2026, 588 W
Wed Apr  1 20:02:49 IDT 2026, 577 W
Wed Apr  1 20:02:49 IDT 2026, 595 W
Wed Apr  1 20:02:50 IDT 2026, 579 W
Wed Apr  1 20:02:50 IDT 2026, 589 W
Wed Apr  1 20:02:50 IDT 2026, 576 W
Wed Apr  1 20:02:50 IDT 2026, 588 W
Wed Apr  1 20:02:51 IDT 2026, 581 W
Wed Apr  1 20:02:51 IDT 2026, 586 W
Wed Apr  1 20:02:51 IDT 2026, 578 W
Wed Apr  1 20:02:51 IDT 2026, 590 W
Wed Apr  1 20:02:52 IDT 2026, 577 W
Wed Apr  1 20:02:52 IDT 2026, 584 W
Wed Apr  1 20:02:52 IDT 2026, 574 W
Wed Apr  1 20:02:52 IDT 2026, 590 W
Wed Apr  1 20:02:53 IDT 2026, 584 W
Wed Apr  1 20:02:53 IDT 2026, 592 W
Wed Apr  1 20:02:53 IDT 2026, 575 W
Wed Apr  1 20:02:53 IDT 2026, 593 W
Wed Apr  1 20:02:54 IDT 2026, 582 W
Wed Apr  1 20:02:54 IDT 2026, 591 W
Wed Apr  1 20:02:54 IDT 2026, 581 W
Wed Apr  1 20:02:54 IDT 2026, 594 W
Wed Apr  1 20:02:55 IDT 2026, 528 W
Wed Apr  1 20:02:55 IDT 2026, 540 W
Wed Apr  1 20:02:55 IDT 2026, 541 W
Wed Apr  1 20:02:55 IDT 2026, 553 W
Wed Apr  1 20:02:56 IDT 2026, 537 W
Wed Apr  1 20:02:56 IDT 2026, 537 W
Wed Apr  1 20:02:56 IDT 2026, 528 W
Wed Apr  1 20:02:56 IDT 2026, 536 W
Wed Apr  1 20:02:57 IDT 2026, 517 W
Wed Apr  1 20:02:57 IDT 2026, 532 W
Wed Apr  1 20:02:57 IDT 2026, 525 W
Wed Apr  1 20:02:57 IDT 2026, 540 W
Wed Apr  1 20:02:58 IDT 2026, 537 W
Wed Apr  1 20:02:58 IDT 2026, 538 W
Wed Apr  1 20:02:58 IDT 2026, 532 W
Wed Apr  1 20:02:58 IDT 2026, 544 W
Wed Apr  1 20:02:59 IDT 2026, 520 W
Wed Apr  1 20:02:59 IDT 2026, 516 W
Wed Apr  1 20:02:59 IDT 2026, 522 W
Wed Apr  1 20:02:59 IDT 2026, 533 W
Wed Apr  1 20:03:00 IDT 2026, 538 W
Wed Apr  1 20:03:00 IDT 2026, 538 W
Wed Apr  1 20:03:00 IDT 2026, 532 W
Wed Apr  1 20:03:00 IDT 2026, 543 W
Wed Apr  1 20:03:01 IDT 2026, 546 W
Wed Apr  1 20:03:01 IDT 2026, 555 W
Wed Apr  1 20:03:01 IDT 2026, 543 W
Wed Apr  1 20:03:01 IDT 2026, 554 W
Wed Apr  1 20:03:02 IDT 2026, 236 W
Wed Apr  1 20:03:02 IDT 2026, 236 W
Wed Apr  1 20:03:02 IDT 2026, 232 W
Wed Apr  1 20:03:02 IDT 2026, 240 W
Wed Apr  1 20:03:03 IDT 2026, 596 W
Wed Apr  1 20:03:03 IDT 2026, 601 W
Wed Apr  1 20:03:03 IDT 2026, 588 W
Wed Apr  1 20:03:03 IDT 2026, 602 W
Wed Apr  1 20:03:04 IDT 2026, 599 W
Wed Apr  1 20:03:04 IDT 2026, 604 W
Wed Apr  1 20:03:04 IDT 2026, 592 W
Wed Apr  1 20:03:04 IDT 2026, 604 W
Wed Apr  1 20:03:05 IDT 2026, 599 W
Wed Apr  1 20:03:05 IDT 2026, 603 W
Wed Apr  1 20:03:05 IDT 2026, 594 W
Wed Apr  1 20:03:05 IDT 2026, 608 W
Wed Apr  1 20:03:06 IDT 2026, 603 W
Wed Apr  1 20:03:06 IDT 2026, 607 W
Wed Apr  1 20:03:06 IDT 2026, 597 W
Wed Apr  1 20:03:06 IDT 2026, 610 W
Wed Apr  1 20:03:07 IDT 2026, 602 W
Wed Apr  1 20:03:07 IDT 2026, 606 W
Wed Apr  1 20:03:07 IDT 2026, 595 W
Wed Apr  1 20:03:07 IDT 2026, 608 W
Wed Apr  1 20:03:08 IDT 2026, 597 W
Wed Apr  1 20:03:08 IDT 2026, 604 W
Wed Apr  1 20:03:08 IDT 2026, 592 W
Wed Apr  1 20:03:08 IDT 2026, 607 W
Wed Apr  1 20:03:09 IDT 2026, 599 W
Wed Apr  1 20:03:09 IDT 2026, 602 W
Wed Apr  1 20:03:09 IDT 2026, 592 W
Wed Apr  1 20:03:09 IDT 2026, 603 W
Wed Apr  1 20:03:10 IDT 2026, 595 W
Wed Apr  1 20:03:10 IDT 2026, 604 W
Wed Apr  1 20:03:10 IDT 2026, 593 W
Wed Apr  1 20:03:10 IDT 2026, 606 W
Wed Apr  1 20:03:11 IDT 2026, 599 W
Wed Apr  1 20:03:11 IDT 2026, 603 W
Wed Apr  1 20:03:11 IDT 2026, 593 W
Wed Apr  1 20:03:11 IDT 2026, 608 W
Wed Apr  1 20:03:12 IDT 2026, 584 W
Wed Apr  1 20:03:12 IDT 2026, 593 W
Wed Apr  1 20:03:12 IDT 2026, 579 W
Wed Apr  1 20:03:12 IDT 2026, 592 W
Wed Apr  1 20:03:13 IDT 2026, 582 W
Wed Apr  1 20:03:13 IDT 2026, 591 W
Wed Apr  1 20:03:13 IDT 2026, 577 W
Wed Apr  1 20:03:13 IDT 2026, 590 W
Wed Apr  1 20:03:14 IDT 2026, 577 W
Wed Apr  1 20:03:14 IDT 2026, 585 W
Wed Apr  1 20:03:14 IDT 2026, 577 W
Wed Apr  1 20:03:14 IDT 2026, 588 W
Wed Apr  1 20:03:15 IDT 2026, 578 W
Wed Apr  1 20:03:15 IDT 2026, 586 W
Wed Apr  1 20:03:15 IDT 2026, 577 W
Wed Apr  1 20:03:15 IDT 2026, 589 W
Wed Apr  1 20:03:16 IDT 2026, 575 W
Wed Apr  1 20:03:16 IDT 2026, 578 W
Wed Apr  1 20:03:16 IDT 2026, 573 W
Wed Apr  1 20:03:16 IDT 2026, 586 W
Wed Apr  1 20:03:17 IDT 2026, 581 W
Wed Apr  1 20:03:17 IDT 2026, 587 W
Wed Apr  1 20:03:17 IDT 2026, 579 W
Wed Apr  1 20:03:17 IDT 2026, 589 W
Wed Apr  1 20:03:18 IDT 2026, 582 W
Wed Apr  1 20:03:18 IDT 2026, 588 W
Wed Apr  1 20:03:18 IDT 2026, 578 W
Wed Apr  1 20:03:18 IDT 2026, 591 W
Wed Apr  1 20:03:19 IDT 2026, 577 W
Wed Apr  1 20:03:19 IDT 2026, 587 W
Wed Apr  1 20:03:19 IDT 2026, 575 W
Wed Apr  1 20:03:19 IDT 2026, 589 W
Wed Apr  1 20:03:20 IDT 2026, 579 W
Wed Apr  1 20:03:20 IDT 2026, 586 W
Wed Apr  1 20:03:20 IDT 2026, 575 W
Wed Apr  1 20:03:20 IDT 2026, 588 W
Wed Apr  1 20:03:21 IDT 2026, 578 W
Wed Apr  1 20:03:21 IDT 2026, 587 W
Wed Apr  1 20:03:21 IDT 2026, 572 W
Wed Apr  1 20:03:21 IDT 2026, 589 W
Wed Apr  1 20:03:22 IDT 2026, 579 W
Wed Apr  1 20:03:22 IDT 2026, 586 W
Wed Apr  1 20:03:22 IDT 2026, 576 W
Wed Apr  1 20:03:22 IDT 2026, 589 W
Wed Apr  1 20:03:23 IDT 2026, 580 W
Wed Apr  1 20:03:23 IDT 2026, 585 W
Wed Apr  1 20:03:23 IDT 2026, 581 W
Wed Apr  1 20:03:23 IDT 2026, 592 W
Wed Apr  1 20:03:24 IDT 2026, 580 W
Wed Apr  1 20:03:24 IDT 2026, 586 W
Wed Apr  1 20:03:24 IDT 2026, 578 W
Wed Apr  1 20:03:24 IDT 2026, 591 W
Wed Apr  1 20:03:25 IDT 2026, 547 W
Wed Apr  1 20:03:25 IDT 2026, 552 W
Wed Apr  1 20:03:25 IDT 2026, 541 W
Wed Apr  1 20:03:25 IDT 2026, 554 W
Wed Apr  1 20:03:26 IDT 2026, 547 W
Wed Apr  1 20:03:26 IDT 2026, 555 W
Wed Apr  1 20:03:26 IDT 2026, 542 W
Wed Apr  1 20:03:26 IDT 2026, 556 W
Wed Apr  1 20:03:27 IDT 2026, 546 W
Wed Apr  1 20:03:27 IDT 2026, 551 W
Wed Apr  1 20:03:27 IDT 2026, 539 W
Wed Apr  1 20:03:27 IDT 2026, 553 W
Wed Apr  1 20:03:28 IDT 2026, 546 W
Wed Apr  1 20:03:28 IDT 2026, 552 W
Wed Apr  1 20:03:28 IDT 2026, 539 W
Wed Apr  1 20:03:28 IDT 2026, 556 W
Wed Apr  1 20:03:29 IDT 2026, 550 W
Wed Apr  1 20:03:29 IDT 2026, 558 W
Wed Apr  1 20:03:29 IDT 2026, 546 W
Wed Apr  1 20:03:29 IDT 2026, 559 W
Wed Apr  1 20:03:30 IDT 2026, 233 W
Wed Apr  1 20:03:30 IDT 2026, 235 W
Wed Apr  1 20:03:30 IDT 2026, 231 W
Wed Apr  1 20:03:30 IDT 2026, 237 W
Wed Apr  1 20:03:31 IDT 2026, 598 W
Wed Apr  1 20:03:31 IDT 2026, 604 W
Wed Apr  1 20:03:31 IDT 2026, 593 W
Wed Apr  1 20:03:31 IDT 2026, 609 W
Wed Apr  1 20:03:32 IDT 2026, 600 W
Wed Apr  1 20:03:32 IDT 2026, 603 W
Wed Apr  1 20:03:32 IDT 2026, 595 W
Wed Apr  1 20:03:32 IDT 2026, 606 W
Wed Apr  1 20:03:33 IDT 2026, 601 W
Wed Apr  1 20:03:33 IDT 2026, 606 W
Wed Apr  1 20:03:33 IDT 2026, 597 W
Wed Apr  1 20:03:33 IDT 2026, 607 W
Wed Apr  1 20:03:34 IDT 2026, 599 W
Wed Apr  1 20:03:34 IDT 2026, 605 W
Wed Apr  1 20:03:34 IDT 2026, 593 W
Wed Apr  1 20:03:34 IDT 2026, 607 W
Wed Apr  1 20:03:35 IDT 2026, 601 W
Wed Apr  1 20:03:35 IDT 2026, 604 W
Wed Apr  1 20:03:35 IDT 2026, 597 W
Wed Apr  1 20:03:35 IDT 2026, 608 W
Wed Apr  1 20:03:36 IDT 2026, 601 W
Wed Apr  1 20:03:36 IDT 2026, 606 W
Wed Apr  1 20:03:36 IDT 2026, 592 W
Wed Apr  1 20:03:36 IDT 2026, 609 W
Wed Apr  1 20:03:37 IDT 2026, 603 W
Wed Apr  1 20:03:37 IDT 2026, 605 W
Wed Apr  1 20:03:37 IDT 2026, 594 W
Wed Apr  1 20:03:37 IDT 2026, 608 W
Wed Apr  1 20:03:38 IDT 2026, 597 W
Wed Apr  1 20:03:38 IDT 2026, 602 W
Wed Apr  1 20:03:38 IDT 2026, 594 W
Wed Apr  1 20:03:38 IDT 2026, 605 W
Wed Apr  1 20:03:39 IDT 2026, 591 W
Wed Apr  1 20:03:39 IDT 2026, 597 W
Wed Apr  1 20:03:39 IDT 2026, 586 W
Wed Apr  1 20:03:39 IDT 2026, 598 W
Wed Apr  1 20:03:40 IDT 2026, 594 W
Wed Apr  1 20:03:40 IDT 2026, 600 W
Wed Apr  1 20:03:40 IDT 2026, 588 W
Wed Apr  1 20:03:40 IDT 2026, 603 W
Wed Apr  1 20:03:41 IDT 2026, 590 W
Wed Apr  1 20:03:41 IDT 2026, 598 W
Wed Apr  1 20:03:41 IDT 2026, 590 W
Wed Apr  1 20:03:41 IDT 2026, 602 W
Wed Apr  1 20:03:42 IDT 2026, 580 W
Wed Apr  1 20:03:42 IDT 2026, 585 W
Wed Apr  1 20:03:42 IDT 2026, 576 W
Wed Apr  1 20:03:42 IDT 2026, 588 W
Wed Apr  1 20:03:43 IDT 2026, 580 W
Wed Apr  1 20:03:43 IDT 2026, 592 W
Wed Apr  1 20:03:43 IDT 2026, 580 W
Wed Apr  1 20:03:43 IDT 2026, 593 W
Wed Apr  1 20:03:44 IDT 2026, 577 W
Wed Apr  1 20:03:44 IDT 2026, 590 W
Wed Apr  1 20:03:44 IDT 2026, 574 W
Wed Apr  1 20:03:44 IDT 2026, 589 W
Wed Apr  1 20:03:45 IDT 2026, 547 W
Wed Apr  1 20:03:45 IDT 2026, 552 W
Wed Apr  1 20:03:45 IDT 2026, 544 W
Wed Apr  1 20:03:45 IDT 2026, 555 W
Wed Apr  1 20:03:46 IDT 2026, 547 W
Wed Apr  1 20:03:46 IDT 2026, 555 W
Wed Apr  1 20:03:46 IDT 2026, 546 W
Wed Apr  1 20:03:46 IDT 2026, 559 W
Wed Apr  1 20:03:47 IDT 2026, 549 W
Wed Apr  1 20:03:47 IDT 2026, 554 W
Wed Apr  1 20:03:47 IDT 2026, 544 W
Wed Apr  1 20:03:47 IDT 2026, 556 W
Wed Apr  1 20:03:48 IDT 2026, 549 W
Wed Apr  1 20:03:48 IDT 2026, 556 W
Wed Apr  1 20:03:48 IDT 2026, 546 W
Wed Apr  1 20:03:48 IDT 2026, 558 W
Wed Apr  1 20:03:49 IDT 2026, 549 W
Wed Apr  1 20:03:49 IDT 2026, 555 W
Wed Apr  1 20:03:49 IDT 2026, 541 W
Wed Apr  1 20:03:49 IDT 2026, 555 W
Wed Apr  1 20:03:50 IDT 2026, 551 W
Wed Apr  1 20:03:50 IDT 2026, 556 W
Wed Apr  1 20:03:50 IDT 2026, 545 W
Wed Apr  1 20:03:50 IDT 2026, 557 W
Wed Apr  1 20:03:51 IDT 2026, 548 W
Wed Apr  1 20:03:51 IDT 2026, 549 W
Wed Apr  1 20:03:51 IDT 2026, 544 W
Wed Apr  1 20:03:51 IDT 2026, 557 W
Wed Apr  1 20:03:52 IDT 2026, 547 W
Wed Apr  1 20:03:52 IDT 2026, 556 W
Wed Apr  1 20:03:52 IDT 2026, 546 W
Wed Apr  1 20:03:52 IDT 2026, 559 W
Wed Apr  1 20:03:53 IDT 2026, 548 W
Wed Apr  1 20:03:53 IDT 2026, 553 W
Wed Apr  1 20:03:53 IDT 2026, 542 W
Wed Apr  1 20:03:53 IDT 2026, 556 W
Wed Apr  1 20:03:54 IDT 2026, 550 W
Wed Apr  1 20:03:54 IDT 2026, 555 W
Wed Apr  1 20:03:54 IDT 2026, 544 W
Wed Apr  1 20:03:54 IDT 2026, 557 W
Wed Apr  1 20:03:55 IDT 2026, 544 W
Wed Apr  1 20:03:55 IDT 2026, 554 W
Wed Apr  1 20:03:55 IDT 2026, 544 W
Wed Apr  1 20:03:55 IDT 2026, 558 W
Wed Apr  1 20:03:56 IDT 2026, 234 W
Wed Apr  1 20:03:56 IDT 2026, 235 W
Wed Apr  1 20:03:56 IDT 2026, 231 W
Wed Apr  1 20:03:56 IDT 2026, 238 W
Wed Apr  1 20:03:57 IDT 2026, 598 W
Wed Apr  1 20:03:57 IDT 2026, 606 W
Wed Apr  1 20:03:57 IDT 2026, 595 W
Wed Apr  1 20:03:57 IDT 2026, 609 W
Wed Apr  1 20:03:58 IDT 2026, 597 W
Wed Apr  1 20:03:58 IDT 2026, 607 W
Wed Apr  1 20:03:58 IDT 2026, 595 W
Wed Apr  1 20:03:58 IDT 2026, 609 W
Wed Apr  1 20:03:59 IDT 2026, 600 W
Wed Apr  1 20:03:59 IDT 2026, 605 W
Wed Apr  1 20:03:59 IDT 2026, 596 W
Wed Apr  1 20:03:59 IDT 2026, 609 W
Wed Apr  1 20:04:00 IDT 2026, 599 W
Wed Apr  1 20:04:00 IDT 2026, 604 W
Wed Apr  1 20:04:00 IDT 2026, 597 W
Wed Apr  1 20:04:00 IDT 2026, 609 W
Wed Apr  1 20:04:01 IDT 2026, 598 W
Wed Apr  1 20:04:01 IDT 2026, 600 W
Wed Apr  1 20:04:01 IDT 2026, 590 W
Wed Apr  1 20:04:01 IDT 2026, 603 W
Wed Apr  1 20:04:02 IDT 2026, 585 W
Wed Apr  1 20:04:02 IDT 2026, 593 W
Wed Apr  1 20:04:02 IDT 2026, 580 W
Wed Apr  1 20:04:02 IDT 2026, 593 W
Wed Apr  1 20:04:03 IDT 2026, 589 W
Wed Apr  1 20:04:03 IDT 2026, 599 W
Wed Apr  1 20:04:03 IDT 2026, 582 W
Wed Apr  1 20:04:03 IDT 2026, 597 W
Wed Apr  1 20:04:04 IDT 2026, 593 W
Wed Apr  1 20:04:04 IDT 2026, 591 W
Wed Apr  1 20:04:04 IDT 2026, 589 W
Wed Apr  1 20:04:04 IDT 2026, 602 W
Wed Apr  1 20:04:05 IDT 2026, 580 W
Wed Apr  1 20:04:05 IDT 2026, 584 W
Wed Apr  1 20:04:05 IDT 2026, 579 W
Wed Apr  1 20:04:05 IDT 2026, 591 W
Wed Apr  1 20:04:06 IDT 2026, 583 W
Wed Apr  1 20:04:06 IDT 2026, 585 W
Wed Apr  1 20:04:06 IDT 2026, 580 W
Wed Apr  1 20:04:06 IDT 2026, 591 W
Wed Apr  1 20:04:07 IDT 2026, 581 W
Wed Apr  1 20:04:07 IDT 2026, 582 W
Wed Apr  1 20:04:07 IDT 2026, 576 W
Wed Apr  1 20:04:07 IDT 2026, 588 W
Wed Apr  1 20:04:08 IDT 2026, 582 W
Wed Apr  1 20:04:08 IDT 2026, 592 W
Wed Apr  1 20:04:08 IDT 2026, 581 W
Wed Apr  1 20:04:08 IDT 2026, 594 W
Wed Apr  1 20:04:09 IDT 2026, 578 W
Wed Apr  1 20:04:09 IDT 2026, 584 W
Wed Apr  1 20:04:09 IDT 2026, 578 W
Wed Apr  1 20:04:09 IDT 2026, 588 W
Wed Apr  1 20:04:10 IDT 2026, 577 W
Wed Apr  1 20:04:10 IDT 2026, 586 W
Wed Apr  1 20:04:10 IDT 2026, 575 W
Wed Apr  1 20:04:10 IDT 2026, 585 W
Wed Apr  1 20:04:11 IDT 2026, 578 W
Wed Apr  1 20:04:11 IDT 2026, 586 W
Wed Apr  1 20:04:11 IDT 2026, 572 W
Wed Apr  1 20:04:11 IDT 2026, 589 W
Wed Apr  1 20:04:12 IDT 2026, 582 W
Wed Apr  1 20:04:12 IDT 2026, 586 W
Wed Apr  1 20:04:12 IDT 2026, 576 W
Wed Apr  1 20:04:12 IDT 2026, 589 W
Wed Apr  1 20:04:13 IDT 2026, 583 W
Wed Apr  1 20:04:13 IDT 2026, 590 W
Wed Apr  1 20:04:13 IDT 2026, 576 W
Wed Apr  1 20:04:13 IDT 2026, 590 W
Wed Apr  1 20:04:14 IDT 2026, 584 W
Wed Apr  1 20:04:14 IDT 2026, 589 W
Wed Apr  1 20:04:14 IDT 2026, 576 W
Wed Apr  1 20:04:14 IDT 2026, 590 W
Wed Apr  1 20:04:15 IDT 2026, 579 W
Wed Apr  1 20:04:15 IDT 2026, 592 W
Wed Apr  1 20:04:15 IDT 2026, 579 W
Wed Apr  1 20:04:15 IDT 2026, 592 W
Wed Apr  1 20:04:16 IDT 2026, 564 W
Wed Apr  1 20:04:16 IDT 2026, 585 W
Wed Apr  1 20:04:16 IDT 2026, 552 W
Wed Apr  1 20:04:16 IDT 2026, 566 W
Wed Apr  1 20:04:17 IDT 2026, 549 W
Wed Apr  1 20:04:17 IDT 2026, 556 W
Wed Apr  1 20:04:17 IDT 2026, 542 W
Wed Apr  1 20:04:17 IDT 2026, 556 W
Wed Apr  1 20:04:18 IDT 2026, 542 W
Wed Apr  1 20:04:18 IDT 2026, 550 W
Wed Apr  1 20:04:18 IDT 2026, 525 W
Wed Apr  1 20:04:18 IDT 2026, 538 W
Wed Apr  1 20:04:19 IDT 2026, 543 W
Wed Apr  1 20:04:19 IDT 2026, 550 W
Wed Apr  1 20:04:19 IDT 2026, 536 W
Wed Apr  1 20:04:19 IDT 2026, 551 W
Wed Apr  1 20:04:20 IDT 2026, 532 W
Wed Apr  1 20:04:20 IDT 2026, 534 W
Wed Apr  1 20:04:20 IDT 2026, 528 W
Wed Apr  1 20:04:20 IDT 2026, 541 W
Wed Apr  1 20:04:21 IDT 2026, 545 W
Wed Apr  1 20:04:21 IDT 2026, 551 W
Wed Apr  1 20:04:21 IDT 2026, 540 W
Wed Apr  1 20:04:21 IDT 2026, 552 W
Wed Apr  1 20:04:22 IDT 2026, 541 W
Wed Apr  1 20:04:22 IDT 2026, 553 W
Wed Apr  1 20:04:22 IDT 2026, 544 W
Wed Apr  1 20:04:22 IDT 2026, 554 W
Wed Apr  1 20:04:23 IDT 2026, 234 W
Wed Apr  1 20:04:23 IDT 2026, 235 W
Wed Apr  1 20:04:23 IDT 2026, 231 W
Wed Apr  1 20:04:23 IDT 2026, 238 W
Wed Apr  1 20:04:24 IDT 2026, 600 W
Wed Apr  1 20:04:24 IDT 2026, 605 W
Wed Apr  1 20:04:24 IDT 2026, 595 W
Wed Apr  1 20:04:24 IDT 2026, 609 W
Wed Apr  1 20:04:25 IDT 2026, 601 W
Wed Apr  1 20:04:25 IDT 2026, 605 W
Wed Apr  1 20:04:25 IDT 2026, 598 W
Wed Apr  1 20:04:25 IDT 2026, 612 W
Wed Apr  1 20:04:26 IDT 2026, 598 W
Wed Apr  1 20:04:26 IDT 2026, 609 W
Wed Apr  1 20:04:26 IDT 2026, 596 W
Wed Apr  1 20:04:26 IDT 2026, 611 W
Wed Apr  1 20:04:27 IDT 2026, 602 W
Wed Apr  1 20:04:27 IDT 2026, 605 W
Wed Apr  1 20:04:27 IDT 2026, 594 W
Wed Apr  1 20:04:27 IDT 2026, 607 W
Wed Apr  1 20:04:28 IDT 2026, 598 W
Wed Apr  1 20:04:28 IDT 2026, 607 W
Wed Apr  1 20:04:28 IDT 2026, 596 W
Wed Apr  1 20:04:28 IDT 2026, 611 W
Wed Apr  1 20:04:29 IDT 2026, 597 W
Wed Apr  1 20:04:29 IDT 2026, 609 W
Wed Apr  1 20:04:29 IDT 2026, 596 W
Wed Apr  1 20:04:29 IDT 2026, 611 W
Wed Apr  1 20:04:30 IDT 2026, 601 W
Wed Apr  1 20:04:30 IDT 2026, 607 W
Wed Apr  1 20:04:30 IDT 2026, 595 W
Wed Apr  1 20:04:30 IDT 2026, 609 W
Wed Apr  1 20:04:31 IDT 2026, 599 W
Wed Apr  1 20:04:31 IDT 2026, 608 W
Wed Apr  1 20:04:31 IDT 2026, 595 W
Wed Apr  1 20:04:31 IDT 2026, 608 W
Wed Apr  1 20:04:32 IDT 2026, 599 W
Wed Apr  1 20:04:32 IDT 2026, 607 W
Wed Apr  1 20:04:32 IDT 2026, 592 W
Wed Apr  1 20:04:32 IDT 2026, 606 W
Wed Apr  1 20:04:33 IDT 2026, 597 W
Wed Apr  1 20:04:33 IDT 2026, 603 W
Wed Apr  1 20:04:33 IDT 2026, 592 W
Wed Apr  1 20:04:33 IDT 2026, 605 W
Wed Apr  1 20:04:34 IDT 2026, 600 W
Wed Apr  1 20:04:34 IDT 2026, 606 W
Wed Apr  1 20:04:34 IDT 2026, 594 W
Wed Apr  1 20:04:34 IDT 2026, 608 W
Wed Apr  1 20:04:35 IDT 2026, 593 W
Wed Apr  1 20:04:35 IDT 2026, 598 W
Wed Apr  1 20:04:35 IDT 2026, 585 W
Wed Apr  1 20:04:35 IDT 2026, 601 W
Wed Apr  1 20:04:36 IDT 2026, 594 W
Wed Apr  1 20:04:36 IDT 2026, 599 W
Wed Apr  1 20:04:36 IDT 2026, 588 W
Wed Apr  1 20:04:36 IDT 2026, 602 W
Wed Apr  1 20:04:37 IDT 2026, 593 W
Wed Apr  1 20:04:37 IDT 2026, 598 W
Wed Apr  1 20:04:37 IDT 2026, 589 W
Wed Apr  1 20:04:37 IDT 2026, 603 W
Wed Apr  1 20:04:38 IDT 2026, 586 W
Wed Apr  1 20:04:38 IDT 2026, 587 W
Wed Apr  1 20:04:38 IDT 2026, 575 W
Wed Apr  1 20:04:38 IDT 2026, 592 W
Wed Apr  1 20:04:39 IDT 2026, 579 W
Wed Apr  1 20:04:39 IDT 2026, 585 W
Wed Apr  1 20:04:39 IDT 2026, 575 W
Wed Apr  1 20:04:39 IDT 2026, 589 W
Wed Apr  1 20:04:40 IDT 2026, 581 W
Wed Apr  1 20:04:40 IDT 2026, 580 W
Wed Apr  1 20:04:40 IDT 2026, 576 W
Wed Apr  1 20:04:40 IDT 2026, 591 W
Wed Apr  1 20:04:41 IDT 2026, 581 W
Wed Apr  1 20:04:41 IDT 2026, 591 W
Wed Apr  1 20:04:41 IDT 2026, 575 W
Wed Apr  1 20:04:41 IDT 2026, 589 W
Wed Apr  1 20:04:42 IDT 2026, 559 W
Wed Apr  1 20:04:42 IDT 2026, 555 W
Wed Apr  1 20:04:42 IDT 2026, 551 W
Wed Apr  1 20:04:42 IDT 2026, 564 W
Wed Apr  1 20:04:43 IDT 2026, 546 W
Wed Apr  1 20:04:43 IDT 2026, 553 W
Wed Apr  1 20:04:43 IDT 2026, 545 W
Wed Apr  1 20:04:43 IDT 2026, 558 W
Wed Apr  1 20:04:44 IDT 2026, 545 W
Wed Apr  1 20:04:44 IDT 2026, 549 W
Wed Apr  1 20:04:44 IDT 2026, 543 W
Wed Apr  1 20:04:44 IDT 2026, 554 W
Wed Apr  1 20:04:45 IDT 2026, 548 W
Wed Apr  1 20:04:45 IDT 2026, 552 W
Wed Apr  1 20:04:45 IDT 2026, 546 W
Wed Apr  1 20:04:45 IDT 2026, 556 W
Wed Apr  1 20:04:46 IDT 2026, 534 W
Wed Apr  1 20:04:46 IDT 2026, 551 W
Wed Apr  1 20:04:46 IDT 2026, 524 W
Wed Apr  1 20:04:46 IDT 2026, 539 W
Wed Apr  1 20:04:47 IDT 2026, 522 W
Wed Apr  1 20:04:47 IDT 2026, 529 W
Wed Apr  1 20:04:47 IDT 2026, 521 W
Wed Apr  1 20:04:47 IDT 2026, 535 W
Wed Apr  1 20:04:48 IDT 2026, 548 W
Wed Apr  1 20:04:48 IDT 2026, 554 W
Wed Apr  1 20:04:48 IDT 2026, 541 W
Wed Apr  1 20:04:48 IDT 2026, 557 W
Wed Apr  1 20:04:49 IDT 2026, 547 W
Wed Apr  1 20:04:49 IDT 2026, 553 W
Wed Apr  1 20:04:49 IDT 2026, 543 W
Wed Apr  1 20:04:49 IDT 2026, 555 W
Wed Apr  1 20:04:50 IDT 2026, 544 W
Wed Apr  1 20:04:50 IDT 2026, 551 W
Wed Apr  1 20:04:50 IDT 2026, 465 W
Wed Apr  1 20:04:50 IDT 2026, 481 W
Wed Apr  1 20:04:51 IDT 2026, 744 W
Wed Apr  1 20:04:51 IDT 2026, 798 W
Wed Apr  1 20:04:51 IDT 2026, 694 W
Wed Apr  1 20:04:51 IDT 2026, 710 W
Wed Apr  1 20:04:52 IDT 2026, 598 W
Wed Apr  1 20:04:52 IDT 2026, 606 W
Wed Apr  1 20:04:52 IDT 2026, 596 W
Wed Apr  1 20:04:52 IDT 2026, 609 W
Wed Apr  1 20:04:53 IDT 2026, 597 W
Wed Apr  1 20:04:53 IDT 2026, 604 W
Wed Apr  1 20:04:53 IDT 2026, 594 W
Wed Apr  1 20:04:53 IDT 2026, 608 W
Wed Apr  1 20:04:54 IDT 2026, 599 W
Wed Apr  1 20:04:54 IDT 2026, 603 W
Wed Apr  1 20:04:54 IDT 2026, 593 W
Wed Apr  1 20:04:54 IDT 2026, 608 W
Wed Apr  1 20:04:55 IDT 2026, 600 W
Wed Apr  1 20:04:55 IDT 2026, 604 W
Wed Apr  1 20:04:55 IDT 2026, 593 W
Wed Apr  1 20:04:55 IDT 2026, 609 W
Wed Apr  1 20:04:56 IDT 2026, 600 W
Wed Apr  1 20:04:56 IDT 2026, 607 W
Wed Apr  1 20:04:56 IDT 2026, 595 W
Wed Apr  1 20:04:56 IDT 2026, 609 W
Wed Apr  1 20:04:57 IDT 2026, 597 W
Wed Apr  1 20:04:57 IDT 2026, 606 W
Wed Apr  1 20:04:57 IDT 2026, 597 W
Wed Apr  1 20:04:57 IDT 2026, 612 W
Wed Apr  1 20:04:58 IDT 2026, 598 W
Wed Apr  1 20:04:58 IDT 2026, 603 W
Wed Apr  1 20:04:58 IDT 2026, 592 W
Wed Apr  1 20:04:58 IDT 2026, 609 W
Wed Apr  1 20:04:59 IDT 2026, 595 W
Wed Apr  1 20:04:59 IDT 2026, 598 W
Wed Apr  1 20:04:59 IDT 2026, 593 W
Wed Apr  1 20:04:59 IDT 2026, 606 W
Wed Apr  1 20:05:02 IDT 2026, 582 W
Wed Apr  1 20:05:02 IDT 2026, 588 W
Wed Apr  1 20:05:02 IDT 2026, 580 W
Wed Apr  1 20:05:02 IDT 2026, 595 W
Wed Apr  1 20:05:02 IDT 2026, 582 W
Wed Apr  1 20:05:02 IDT 2026, 588 W
Wed Apr  1 20:05:02 IDT 2026, 580 W
Wed Apr  1 20:05:02 IDT 2026, 594 W
Wed Apr  1 20:05:03 IDT 2026, 582 W
Wed Apr  1 20:05:03 IDT 2026, 589 W
Wed Apr  1 20:05:03 IDT 2026, 577 W
Wed Apr  1 20:05:03 IDT 2026, 590 W
Wed Apr  1 20:05:04 IDT 2026, 584 W
Wed Apr  1 20:05:04 IDT 2026, 588 W
Wed Apr  1 20:05:04 IDT 2026, 576 W
Wed Apr  1 20:05:04 IDT 2026, 590 W
Wed Apr  1 20:05:05 IDT 2026, 581 W
Wed Apr  1 20:05:05 IDT 2026, 589 W
Wed Apr  1 20:05:05 IDT 2026, 574 W
Wed Apr  1 20:05:05 IDT 2026, 590 W
Wed Apr  1 20:05:06 IDT 2026, 582 W
Wed Apr  1 20:05:06 IDT 2026, 585 W
Wed Apr  1 20:05:06 IDT 2026, 580 W
Wed Apr  1 20:05:06 IDT 2026, 593 W
Wed Apr  1 20:05:07 IDT 2026, 584 W
Wed Apr  1 20:05:07 IDT 2026, 586 W
Wed Apr  1 20:05:07 IDT 2026, 578 W
Wed Apr  1 20:05:07 IDT 2026, 591 W
Wed Apr  1 20:05:08 IDT 2026, 578 W
Wed Apr  1 20:05:08 IDT 2026, 583 W
Wed Apr  1 20:05:08 IDT 2026, 576 W
Wed Apr  1 20:05:08 IDT 2026, 590 W
Wed Apr  1 20:05:09 IDT 2026, 583 W
Wed Apr  1 20:05:09 IDT 2026, 586 W
Wed Apr  1 20:05:09 IDT 2026, 575 W
Wed Apr  1 20:05:09 IDT 2026, 594 W
Wed Apr  1 20:05:10 IDT 2026, 581 W
Wed Apr  1 20:05:10 IDT 2026, 585 W
Wed Apr  1 20:05:10 IDT 2026, 579 W
Wed Apr  1 20:05:10 IDT 2026, 587 W
Wed Apr  1 20:05:11 IDT 2026, 582 W
Wed Apr  1 20:05:11 IDT 2026, 586 W
Wed Apr  1 20:05:11 IDT 2026, 577 W
Wed Apr  1 20:05:11 IDT 2026, 590 W
Wed Apr  1 20:05:12 IDT 2026, 583 W
Wed Apr  1 20:05:12 IDT 2026, 593 W
Wed Apr  1 20:05:12 IDT 2026, 581 W
Wed Apr  1 20:05:12 IDT 2026, 595 W
Wed Apr  1 20:05:13 IDT 2026, 579 W
Wed Apr  1 20:05:13 IDT 2026, 584 W
Wed Apr  1 20:05:13 IDT 2026, 580 W
Wed Apr  1 20:05:13 IDT 2026, 594 W
Wed Apr  1 20:05:14 IDT 2026, 586 W
Wed Apr  1 20:05:14 IDT 2026, 592 W
Wed Apr  1 20:05:14 IDT 2026, 577 W
Wed Apr  1 20:05:14 IDT 2026, 593 W
Wed Apr  1 20:05:15 IDT 2026, 583 W
Wed Apr  1 20:05:15 IDT 2026, 584 W
Wed Apr  1 20:05:15 IDT 2026, 573 W
Wed Apr  1 20:05:15 IDT 2026, 589 W
Wed Apr  1 20:05:16 IDT 2026, 579 W
Wed Apr  1 20:05:16 IDT 2026, 588 W
Wed Apr  1 20:05:16 IDT 2026, 577 W
Wed Apr  1 20:05:16 IDT 2026, 589 W
Wed Apr  1 20:05:17 IDT 2026, 552 W
Wed Apr  1 20:05:17 IDT 2026, 559 W
Wed Apr  1 20:05:17 IDT 2026, 545 W
Wed Apr  1 20:05:17 IDT 2026, 558 W
Wed Apr  1 20:05:18 IDT 2026, 551 W
Wed Apr  1 20:05:18 IDT 2026, 553 W
Wed Apr  1 20:05:18 IDT 2026, 544 W
Wed Apr  1 20:05:18 IDT 2026, 559 W
Wed Apr  1 20:05:19 IDT 2026, 234 W
Wed Apr  1 20:05:19 IDT 2026, 235 W
Wed Apr  1 20:05:19 IDT 2026, 231 W
Wed Apr  1 20:05:19 IDT 2026, 238 W
Wed Apr  1 20:05:20 IDT 2026, 599 W
Wed Apr  1 20:05:20 IDT 2026, 605 W
Wed Apr  1 20:05:20 IDT 2026, 596 W
Wed Apr  1 20:05:20 IDT 2026, 607 W
Wed Apr  1 20:05:21 IDT 2026, 599 W
Wed Apr  1 20:05:21 IDT 2026, 606 W
Wed Apr  1 20:05:21 IDT 2026, 596 W
Wed Apr  1 20:05:21 IDT 2026, 612 W
Wed Apr  1 20:05:22 IDT 2026, 598 W
Wed Apr  1 20:05:22 IDT 2026, 606 W
Wed Apr  1 20:05:22 IDT 2026, 594 W
Wed Apr  1 20:05:22 IDT 2026, 607 W
Wed Apr  1 20:05:23 IDT 2026, 601 W
Wed Apr  1 20:05:23 IDT 2026, 607 W
Wed Apr  1 20:05:23 IDT 2026, 597 W
Wed Apr  1 20:05:23 IDT 2026, 609 W
Wed Apr  1 20:05:24 IDT 2026, 601 W
Wed Apr  1 20:05:24 IDT 2026, 604 W
Wed Apr  1 20:05:24 IDT 2026, 597 W
Wed Apr  1 20:05:24 IDT 2026, 609 W
Wed Apr  1 20:05:25 IDT 2026, 597 W
Wed Apr  1 20:05:25 IDT 2026, 605 W
Wed Apr  1 20:05:25 IDT 2026, 596 W
Wed Apr  1 20:05:25 IDT 2026, 610 W
Wed Apr  1 20:05:26 IDT 2026, 596 W
Wed Apr  1 20:05:26 IDT 2026, 603 W
Wed Apr  1 20:05:26 IDT 2026, 592 W
Wed Apr  1 20:05:26 IDT 2026, 608 W
Wed Apr  1 20:05:27 IDT 2026, 598 W
Wed Apr  1 20:05:27 IDT 2026, 602 W
Wed Apr  1 20:05:27 IDT 2026, 595 W
Wed Apr  1 20:05:27 IDT 2026, 609 W
Wed Apr  1 20:05:28 IDT 2026, 597 W
Wed Apr  1 20:05:28 IDT 2026, 601 W
Wed Apr  1 20:05:28 IDT 2026, 590 W
Wed Apr  1 20:05:28 IDT 2026, 606 W
Wed Apr  1 20:05:29 IDT 2026, 593 W
Wed Apr  1 20:05:29 IDT 2026, 601 W
Wed Apr  1 20:05:29 IDT 2026, 590 W
Wed Apr  1 20:05:29 IDT 2026, 604 W
Wed Apr  1 20:05:30 IDT 2026, 592 W
Wed Apr  1 20:05:30 IDT 2026, 603 W
Wed Apr  1 20:05:30 IDT 2026, 591 W
Wed Apr  1 20:05:30 IDT 2026, 603 W
Wed Apr  1 20:05:31 IDT 2026, 594 W
Wed Apr  1 20:05:31 IDT 2026, 597 W
Wed Apr  1 20:05:31 IDT 2026, 592 W
Wed Apr  1 20:05:31 IDT 2026, 605 W
Wed Apr  1 20:05:32 IDT 2026, 591 W
Wed Apr  1 20:05:32 IDT 2026, 598 W
Wed Apr  1 20:05:32 IDT 2026, 591 W
Wed Apr  1 20:05:32 IDT 2026, 601 W
Wed Apr  1 20:05:33 IDT 2026, 590 W
Wed Apr  1 20:05:33 IDT 2026, 603 W
Wed Apr  1 20:05:33 IDT 2026, 589 W
Wed Apr  1 20:05:33 IDT 2026, 602 W
Wed Apr  1 20:05:34 IDT 2026, 587 W
Wed Apr  1 20:05:34 IDT 2026, 598 W
Wed Apr  1 20:05:34 IDT 2026, 584 W
Wed Apr  1 20:05:34 IDT 2026, 597 W
Wed Apr  1 20:05:35 IDT 2026, 585 W
Wed Apr  1 20:05:35 IDT 2026, 595 W
Wed Apr  1 20:05:35 IDT 2026, 586 W
Wed Apr  1 20:05:35 IDT 2026, 598 W
Wed Apr  1 20:05:36 IDT 2026, 588 W
Wed Apr  1 20:05:36 IDT 2026, 594 W
Wed Apr  1 20:05:36 IDT 2026, 583 W
Wed Apr  1 20:05:36 IDT 2026, 595 W
Wed Apr  1 20:05:37 IDT 2026, 589 W
Wed Apr  1 20:05:37 IDT 2026, 591 W
Wed Apr  1 20:05:37 IDT 2026, 581 W
Wed Apr  1 20:05:37 IDT 2026, 596 W
Wed Apr  1 20:05:38 IDT 2026, 592 W
Wed Apr  1 20:05:38 IDT 2026, 593 W
Wed Apr  1 20:05:38 IDT 2026, 585 W
Wed Apr  1 20:05:38 IDT 2026, 597 W
Wed Apr  1 20:05:39 IDT 2026, 587 W
Wed Apr  1 20:05:39 IDT 2026, 595 W
Wed Apr  1 20:05:39 IDT 2026, 585 W
Wed Apr  1 20:05:39 IDT 2026, 600 W
Wed Apr  1 20:05:40 IDT 2026, 589 W
Wed Apr  1 20:05:40 IDT 2026, 593 W
Wed Apr  1 20:05:40 IDT 2026, 586 W
Wed Apr  1 20:05:40 IDT 2026, 597 W
Wed Apr  1 20:05:41 IDT 2026, 592 W
Wed Apr  1 20:05:41 IDT 2026, 601 W
Wed Apr  1 20:05:41 IDT 2026, 588 W
Wed Apr  1 20:05:41 IDT 2026, 602 W
Wed Apr  1 20:05:42 IDT 2026, 592 W
Wed Apr  1 20:05:42 IDT 2026, 594 W
Wed Apr  1 20:05:42 IDT 2026, 587 W
Wed Apr  1 20:05:42 IDT 2026, 595 W
Wed Apr  1 20:05:43 IDT 2026, 584 W
Wed Apr  1 20:05:43 IDT 2026, 593 W
Wed Apr  1 20:05:43 IDT 2026, 580 W
Wed Apr  1 20:05:43 IDT 2026, 595 W
Wed Apr  1 20:05:44 IDT 2026, 573 W
Wed Apr  1 20:05:44 IDT 2026, 583 W
Wed Apr  1 20:05:44 IDT 2026, 572 W
Wed Apr  1 20:05:44 IDT 2026, 583 W
Wed Apr  1 20:05:45 IDT 2026, 573 W
Wed Apr  1 20:05:45 IDT 2026, 584 W
Wed Apr  1 20:05:45 IDT 2026, 573 W
Wed Apr  1 20:05:45 IDT 2026, 587 W
Wed Apr  1 20:05:46 IDT 2026, 574 W
Wed Apr  1 20:05:46 IDT 2026, 583 W
Wed Apr  1 20:05:46 IDT 2026, 569 W
Wed Apr  1 20:05:46 IDT 2026, 582 W
Wed Apr  1 20:05:47 IDT 2026, 575 W
Wed Apr  1 20:05:47 IDT 2026, 580 W
Wed Apr  1 20:05:47 IDT 2026, 569 W
Wed Apr  1 20:05:47 IDT 2026, 582 W
Wed Apr  1 20:05:48 IDT 2026, 576 W
Wed Apr  1 20:05:48 IDT 2026, 574 W
Wed Apr  1 20:05:48 IDT 2026, 569 W
Wed Apr  1 20:05:48 IDT 2026, 583 W
Wed Apr  1 20:05:49 IDT 2026, 575 W
Wed Apr  1 20:05:49 IDT 2026, 578 W
Wed Apr  1 20:05:49 IDT 2026, 574 W
Wed Apr  1 20:05:49 IDT 2026, 583 W
Wed Apr  1 20:05:50 IDT 2026, 256 W
Wed Apr  1 20:05:50 IDT 2026, 676 W
Wed Apr  1 20:05:50 IDT 2026, 511 W
Wed Apr  1 20:05:50 IDT 2026, 518 W
Wed Apr  1 20:05:51 IDT 2026, 594 W
Wed Apr  1 20:05:51 IDT 2026, 598 W
Wed Apr  1 20:05:51 IDT 2026, 586 W
Wed Apr  1 20:05:51 IDT 2026, 601 W
Wed Apr  1 20:05:52 IDT 2026, 596 W
Wed Apr  1 20:05:52 IDT 2026, 600 W
Wed Apr  1 20:05:52 IDT 2026, 589 W
Wed Apr  1 20:05:52 IDT 2026, 602 W
Wed Apr  1 20:05:53 IDT 2026, 593 W
Wed Apr  1 20:05:53 IDT 2026, 601 W
Wed Apr  1 20:05:53 IDT 2026, 589 W
Wed Apr  1 20:05:53 IDT 2026, 603 W
Wed Apr  1 20:05:54 IDT 2026, 597 W
Wed Apr  1 20:05:54 IDT 2026, 605 W
Wed Apr  1 20:05:54 IDT 2026, 598 W
Wed Apr  1 20:05:54 IDT 2026, 611 W
Wed Apr  1 20:05:55 IDT 2026, 599 W
Wed Apr  1 20:05:55 IDT 2026, 603 W
Wed Apr  1 20:05:55 IDT 2026, 593 W
Wed Apr  1 20:05:55 IDT 2026, 606 W
Wed Apr  1 20:05:56 IDT 2026, 600 W
Wed Apr  1 20:05:56 IDT 2026, 606 W
Wed Apr  1 20:05:56 IDT 2026, 595 W
Wed Apr  1 20:05:56 IDT 2026, 607 W
Wed Apr  1 20:05:57 IDT 2026, 599 W
Wed Apr  1 20:05:57 IDT 2026, 606 W
Wed Apr  1 20:05:57 IDT 2026, 595 W
Wed Apr  1 20:05:57 IDT 2026, 607 W
Wed Apr  1 20:05:58 IDT 2026, 596 W
Wed Apr  1 20:05:58 IDT 2026, 603 W
Wed Apr  1 20:05:58 IDT 2026, 593 W
Wed Apr  1 20:05:58 IDT 2026, 605 W
Wed Apr  1 20:05:59 IDT 2026, 600 W
Wed Apr  1 20:05:59 IDT 2026, 604 W
Wed Apr  1 20:05:59 IDT 2026, 595 W
Wed Apr  1 20:05:59 IDT 2026, 610 W
Wed Apr  1 20:06:00 IDT 2026, 600 W
Wed Apr  1 20:06:00 IDT 2026, 605 W
Wed Apr  1 20:06:00 IDT 2026, 597 W
Wed Apr  1 20:06:00 IDT 2026, 613 W
Wed Apr  1 20:06:01 IDT 2026, 598 W
Wed Apr  1 20:06:01 IDT 2026, 606 W
Wed Apr  1 20:06:01 IDT 2026, 591 W
Wed Apr  1 20:06:01 IDT 2026, 606 W
Wed Apr  1 20:06:02 IDT 2026, 598 W
Wed Apr  1 20:06:02 IDT 2026, 603 W
Wed Apr  1 20:06:02 IDT 2026, 592 W
Wed Apr  1 20:06:02 IDT 2026, 607 W
Wed Apr  1 20:06:03 IDT 2026, 598 W
Wed Apr  1 20:06:03 IDT 2026, 605 W
Wed Apr  1 20:06:03 IDT 2026, 593 W
Wed Apr  1 20:06:03 IDT 2026, 608 W
Wed Apr  1 20:06:04 IDT 2026, 600 W
Wed Apr  1 20:06:04 IDT 2026, 604 W
Wed Apr  1 20:06:04 IDT 2026, 593 W
Wed Apr  1 20:06:04 IDT 2026, 606 W
Wed Apr  1 20:06:05 IDT 2026, 598 W
Wed Apr  1 20:06:05 IDT 2026, 606 W
Wed Apr  1 20:06:05 IDT 2026, 592 W
Wed Apr  1 20:06:05 IDT 2026, 604 W
Wed Apr  1 20:06:06 IDT 2026, 596 W
Wed Apr  1 20:06:06 IDT 2026, 603 W
Wed Apr  1 20:06:06 IDT 2026, 594 W
Wed Apr  1 20:06:06 IDT 2026, 604 W
Wed Apr  1 20:06:07 IDT 2026, 597 W
Wed Apr  1 20:06:07 IDT 2026, 604 W
Wed Apr  1 20:06:07 IDT 2026, 589 W
Wed Apr  1 20:06:07 IDT 2026, 606 W
Wed Apr  1 20:06:08 IDT 2026, 595 W
Wed Apr  1 20:06:08 IDT 2026, 602 W
Wed Apr  1 20:06:08 IDT 2026, 588 W
Wed Apr  1 20:06:08 IDT 2026, 602 W
Wed Apr  1 20:06:09 IDT 2026, 593 W
Wed Apr  1 20:06:09 IDT 2026, 600 W
Wed Apr  1 20:06:09 IDT 2026, 587 W
Wed Apr  1 20:06:09 IDT 2026, 605 W
Wed Apr  1 20:06:10 IDT 2026, 580 W
Wed Apr  1 20:06:10 IDT 2026, 583 W
Wed Apr  1 20:06:10 IDT 2026, 575 W
Wed Apr  1 20:06:10 IDT 2026, 588 W
Wed Apr  1 20:06:11 IDT 2026, 576 W
Wed Apr  1 20:06:11 IDT 2026, 583 W
Wed Apr  1 20:06:11 IDT 2026, 568 W
Wed Apr  1 20:06:11 IDT 2026, 582 W
Wed Apr  1 20:06:12 IDT 2026, 579 W
Wed Apr  1 20:06:12 IDT 2026, 592 W
Wed Apr  1 20:06:12 IDT 2026, 580 W
Wed Apr  1 20:06:12 IDT 2026, 591 W
Wed Apr  1 20:06:13 IDT 2026, 580 W
Wed Apr  1 20:06:13 IDT 2026, 590 W
Wed Apr  1 20:06:13 IDT 2026, 580 W
Wed Apr  1 20:06:13 IDT 2026, 587 W
Wed Apr  1 20:06:14 IDT 2026, 578 W
Wed Apr  1 20:06:14 IDT 2026, 588 W
Wed Apr  1 20:06:14 IDT 2026, 575 W
Wed Apr  1 20:06:14 IDT 2026, 585 W
Wed Apr  1 20:06:15 IDT 2026, 576 W
Wed Apr  1 20:06:15 IDT 2026, 580 W
Wed Apr  1 20:06:15 IDT 2026, 567 W
Wed Apr  1 20:06:15 IDT 2026, 586 W
Wed Apr  1 20:06:16 IDT 2026, 583 W
Wed Apr  1 20:06:16 IDT 2026, 564 W
Wed Apr  1 20:06:16 IDT 2026, 564 W
Wed Apr  1 20:06:16 IDT 2026, 577 W
Wed Apr  1 20:06:17 IDT 2026, 541 W
Wed Apr  1 20:06:17 IDT 2026, 554 W
Wed Apr  1 20:06:17 IDT 2026, 544 W
Wed Apr  1 20:06:17 IDT 2026, 553 W
Wed Apr  1 20:06:18 IDT 2026, 551 W
Wed Apr  1 20:06:18 IDT 2026, 555 W
Wed Apr  1 20:06:18 IDT 2026, 545 W
Wed Apr  1 20:06:18 IDT 2026, 557 W
Wed Apr  1 20:06:19 IDT 2026, 235 W
Wed Apr  1 20:06:19 IDT 2026, 237 W
Wed Apr  1 20:06:19 IDT 2026, 232 W
Wed Apr  1 20:06:19 IDT 2026, 239 W
Wed Apr  1 20:06:20 IDT 2026, 601 W
Wed Apr  1 20:06:20 IDT 2026, 604 W
Wed Apr  1 20:06:20 IDT 2026, 596 W
Wed Apr  1 20:06:20 IDT 2026, 609 W
Wed Apr  1 20:06:21 IDT 2026, 604 W
Wed Apr  1 20:06:21 IDT 2026, 607 W
Wed Apr  1 20:06:21 IDT 2026, 597 W
Wed Apr  1 20:06:21 IDT 2026, 611 W
Wed Apr  1 20:06:22 IDT 2026, 601 W
Wed Apr  1 20:06:22 IDT 2026, 604 W
Wed Apr  1 20:06:22 IDT 2026, 598 W
Wed Apr  1 20:06:22 IDT 2026, 610 W
Wed Apr  1 20:06:23 IDT 2026, 601 W
Wed Apr  1 20:06:23 IDT 2026, 609 W
Wed Apr  1 20:06:23 IDT 2026, 597 W
Wed Apr  1 20:06:23 IDT 2026, 610 W
Wed Apr  1 20:06:24 IDT 2026, 603 W
Wed Apr  1 20:06:24 IDT 2026, 608 W
Wed Apr  1 20:06:24 IDT 2026, 597 W
Wed Apr  1 20:06:24 IDT 2026, 612 W
Wed Apr  1 20:06:25 IDT 2026, 601 W
Wed Apr  1 20:06:25 IDT 2026, 607 W
Wed Apr  1 20:06:25 IDT 2026, 594 W
Wed Apr  1 20:06:25 IDT 2026, 610 W
Wed Apr  1 20:06:26 IDT 2026, 601 W
Wed Apr  1 20:06:26 IDT 2026, 604 W
Wed Apr  1 20:06:26 IDT 2026, 595 W
Wed Apr  1 20:06:26 IDT 2026, 610 W
Wed Apr  1 20:06:27 IDT 2026, 601 W
Wed Apr  1 20:06:27 IDT 2026, 607 W
Wed Apr  1 20:06:27 IDT 2026, 594 W
Wed Apr  1 20:06:27 IDT 2026, 608 W
Wed Apr  1 20:06:28 IDT 2026, 603 W
Wed Apr  1 20:06:28 IDT 2026, 606 W
Wed Apr  1 20:06:28 IDT 2026, 595 W
Wed Apr  1 20:06:28 IDT 2026, 610 W
Wed Apr  1 20:06:29 IDT 2026, 600 W
Wed Apr  1 20:06:29 IDT 2026, 605 W
Wed Apr  1 20:06:29 IDT 2026, 593 W
Wed Apr  1 20:06:29 IDT 2026, 607 W
Wed Apr  1 20:06:30 IDT 2026, 597 W
Wed Apr  1 20:06:30 IDT 2026, 602 W
Wed Apr  1 20:06:30 IDT 2026, 593 W
Wed Apr  1 20:06:30 IDT 2026, 607 W
Wed Apr  1 20:06:31 IDT 2026, 601 W
Wed Apr  1 20:06:31 IDT 2026, 606 W
Wed Apr  1 20:06:31 IDT 2026, 596 W
Wed Apr  1 20:06:31 IDT 2026, 606 W
Wed Apr  1 20:06:32 IDT 2026, 597 W
Wed Apr  1 20:06:32 IDT 2026, 598 W
Wed Apr  1 20:06:32 IDT 2026, 592 W
Wed Apr  1 20:06:32 IDT 2026, 607 W
Wed Apr  1 20:06:33 IDT 2026, 591 W
Wed Apr  1 20:06:33 IDT 2026, 598 W
Wed Apr  1 20:06:33 IDT 2026, 586 W
Wed Apr  1 20:06:33 IDT 2026, 599 W
Wed Apr  1 20:06:34 IDT 2026, 588 W
Wed Apr  1 20:06:34 IDT 2026, 597 W
Wed Apr  1 20:06:34 IDT 2026, 585 W
Wed Apr  1 20:06:34 IDT 2026, 599 W
Wed Apr  1 20:06:35 IDT 2026, 580 W
Wed Apr  1 20:06:35 IDT 2026, 581 W
Wed Apr  1 20:06:35 IDT 2026, 575 W
Wed Apr  1 20:06:35 IDT 2026, 589 W
Wed Apr  1 20:06:36 IDT 2026, 582 W
Wed Apr  1 20:06:36 IDT 2026, 589 W
Wed Apr  1 20:06:36 IDT 2026, 578 W
Wed Apr  1 20:06:36 IDT 2026, 590 W
Wed Apr  1 20:06:37 IDT 2026, 586 W
Wed Apr  1 20:06:37 IDT 2026, 590 W
Wed Apr  1 20:06:37 IDT 2026, 582 W
Wed Apr  1 20:06:37 IDT 2026, 595 W
Wed Apr  1 20:06:38 IDT 2026, 575 W
Wed Apr  1 20:06:38 IDT 2026, 586 W
Wed Apr  1 20:06:38 IDT 2026, 572 W
Wed Apr  1 20:06:38 IDT 2026, 586 W
Wed Apr  1 20:06:39 IDT 2026, 581 W
Wed Apr  1 20:06:39 IDT 2026, 587 W
Wed Apr  1 20:06:39 IDT 2026, 577 W
Wed Apr  1 20:06:39 IDT 2026, 590 W
Wed Apr  1 20:06:40 IDT 2026, 584 W
Wed Apr  1 20:06:40 IDT 2026, 593 W
Wed Apr  1 20:06:40 IDT 2026, 577 W
Wed Apr  1 20:06:40 IDT 2026, 592 W
Wed Apr  1 20:06:41 IDT 2026, 577 W
Wed Apr  1 20:06:41 IDT 2026, 584 W
Wed Apr  1 20:06:41 IDT 2026, 573 W
Wed Apr  1 20:06:41 IDT 2026, 584 W
Wed Apr  1 20:06:42 IDT 2026, 579 W
Wed Apr  1 20:06:42 IDT 2026, 586 W
Wed Apr  1 20:06:42 IDT 2026, 579 W
Wed Apr  1 20:06:42 IDT 2026, 590 W
Wed Apr  1 20:06:43 IDT 2026, 580 W
Wed Apr  1 20:06:43 IDT 2026, 587 W
Wed Apr  1 20:06:43 IDT 2026, 578 W
Wed Apr  1 20:06:43 IDT 2026, 591 W
Wed Apr  1 20:06:44 IDT 2026, 579 W
Wed Apr  1 20:06:44 IDT 2026, 589 W
Wed Apr  1 20:06:44 IDT 2026, 577 W
Wed Apr  1 20:06:44 IDT 2026, 590 W
Wed Apr  1 20:06:45 IDT 2026, 576 W
Wed Apr  1 20:06:45 IDT 2026, 583 W
Wed Apr  1 20:06:45 IDT 2026, 572 W
Wed Apr  1 20:06:45 IDT 2026, 587 W
Wed Apr  1 20:06:46 IDT 2026, 577 W
Wed Apr  1 20:06:46 IDT 2026, 589 W
Wed Apr  1 20:06:46 IDT 2026, 578 W
Wed Apr  1 20:06:46 IDT 2026, 587 W
Wed Apr  1 20:06:47 IDT 2026, 584 W
Wed Apr  1 20:06:47 IDT 2026, 586 W
Wed Apr  1 20:06:47 IDT 2026, 581 W
Wed Apr  1 20:06:47 IDT 2026, 591 W
Wed Apr  1 20:06:48 IDT 2026, 584 W
Wed Apr  1 20:06:48 IDT 2026, 590 W
Wed Apr  1 20:06:48 IDT 2026, 581 W
Wed Apr  1 20:06:48 IDT 2026, 593 W
Wed Apr  1 20:06:49 IDT 2026, 562 W
Wed Apr  1 20:06:49 IDT 2026, 237 W
Wed Apr  1 20:06:49 IDT 2026, 673 W
Wed Apr  1 20:06:49 IDT 2026, 682 W
Wed Apr  1 20:06:50 IDT 2026, 602 W
Wed Apr  1 20:06:50 IDT 2026, 607 W
Wed Apr  1 20:06:50 IDT 2026, 595 W
Wed Apr  1 20:06:50 IDT 2026, 609 W
Wed Apr  1 20:06:51 IDT 2026, 598 W
Wed Apr  1 20:06:51 IDT 2026, 608 W
Wed Apr  1 20:06:51 IDT 2026, 598 W
Wed Apr  1 20:06:51 IDT 2026, 610 W
Wed Apr  1 20:06:52 IDT 2026, 601 W
Wed Apr  1 20:06:52 IDT 2026, 605 W
Wed Apr  1 20:06:52 IDT 2026, 594 W
Wed Apr  1 20:06:52 IDT 2026, 609 W
Wed Apr  1 20:06:53 IDT 2026, 601 W
Wed Apr  1 20:06:53 IDT 2026, 608 W
Wed Apr  1 20:06:53 IDT 2026, 598 W
Wed Apr  1 20:06:53 IDT 2026, 610 W
Wed Apr  1 20:06:54 IDT 2026, 597 W
Wed Apr  1 20:06:54 IDT 2026, 607 W
Wed Apr  1 20:06:54 IDT 2026, 596 W
Wed Apr  1 20:06:54 IDT 2026, 611 W
Wed Apr  1 20:06:55 IDT 2026, 601 W
Wed Apr  1 20:06:55 IDT 2026, 606 W
Wed Apr  1 20:06:55 IDT 2026, 594 W
Wed Apr  1 20:06:55 IDT 2026, 611 W
Wed Apr  1 20:06:56 IDT 2026, 600 W
Wed Apr  1 20:06:56 IDT 2026, 606 W
Wed Apr  1 20:06:56 IDT 2026, 592 W
Wed Apr  1 20:06:56 IDT 2026, 607 W
Wed Apr  1 20:06:57 IDT 2026, 598 W
Wed Apr  1 20:06:57 IDT 2026, 603 W
Wed Apr  1 20:06:57 IDT 2026, 592 W
Wed Apr  1 20:06:57 IDT 2026, 605 W
Wed Apr  1 20:06:58 IDT 2026, 593 W
Wed Apr  1 20:06:58 IDT 2026, 598 W
Wed Apr  1 20:06:58 IDT 2026, 589 W
Wed Apr  1 20:06:58 IDT 2026, 602 W
Wed Apr  1 20:06:59 IDT 2026, 592 W
Wed Apr  1 20:06:59 IDT 2026, 598 W
Wed Apr  1 20:06:59 IDT 2026, 585 W
Wed Apr  1 20:06:59 IDT 2026, 600 W
Wed Apr  1 20:07:00 IDT 2026, 592 W
Wed Apr  1 20:07:00 IDT 2026, 600 W
Wed Apr  1 20:07:00 IDT 2026, 585 W
Wed Apr  1 20:07:00 IDT 2026, 599 W
Wed Apr  1 20:07:01 IDT 2026, 591 W
Wed Apr  1 20:07:01 IDT 2026, 600 W
Wed Apr  1 20:07:01 IDT 2026, 590 W
Wed Apr  1 20:07:01 IDT 2026, 603 W
Wed Apr  1 20:07:02 IDT 2026, 592 W
Wed Apr  1 20:07:02 IDT 2026, 595 W
Wed Apr  1 20:07:02 IDT 2026, 590 W
Wed Apr  1 20:07:02 IDT 2026, 605 W
Wed Apr  1 20:07:03 IDT 2026, 598 W
Wed Apr  1 20:07:03 IDT 2026, 602 W
Wed Apr  1 20:07:03 IDT 2026, 589 W
Wed Apr  1 20:07:03 IDT 2026, 603 W
Wed Apr  1 20:07:04 IDT 2026, 591 W
Wed Apr  1 20:07:04 IDT 2026, 599 W
Wed Apr  1 20:07:04 IDT 2026, 587 W
Wed Apr  1 20:07:04 IDT 2026, 598 W
Wed Apr  1 20:07:05 IDT 2026, 594 W
Wed Apr  1 20:07:05 IDT 2026, 597 W
Wed Apr  1 20:07:05 IDT 2026, 587 W
Wed Apr  1 20:07:05 IDT 2026, 603 W
Wed Apr  1 20:07:06 IDT 2026, 594 W
Wed Apr  1 20:07:06 IDT 2026, 597 W
Wed Apr  1 20:07:06 IDT 2026, 583 W
Wed Apr  1 20:07:06 IDT 2026, 605 W
Wed Apr  1 20:07:07 IDT 2026, 590 W
Wed Apr  1 20:07:07 IDT 2026, 594 W
Wed Apr  1 20:07:07 IDT 2026, 589 W
Wed Apr  1 20:07:07 IDT 2026, 602 W
Wed Apr  1 20:07:08 IDT 2026, 579 W
Wed Apr  1 20:07:08 IDT 2026, 590 W
Wed Apr  1 20:07:08 IDT 2026, 579 W
Wed Apr  1 20:07:08 IDT 2026, 594 W
Wed Apr  1 20:07:09 IDT 2026, 580 W
Wed Apr  1 20:07:09 IDT 2026, 588 W
Wed Apr  1 20:07:09 IDT 2026, 578 W
Wed Apr  1 20:07:09 IDT 2026, 593 W
Wed Apr  1 20:07:10 IDT 2026, 579 W
Wed Apr  1 20:07:10 IDT 2026, 586 W
Wed Apr  1 20:07:10 IDT 2026, 572 W
Wed Apr  1 20:07:10 IDT 2026, 585 W
Wed Apr  1 20:07:11 IDT 2026, 579 W
Wed Apr  1 20:07:11 IDT 2026, 588 W
Wed Apr  1 20:07:11 IDT 2026, 578 W
Wed Apr  1 20:07:11 IDT 2026, 591 W
Wed Apr  1 20:07:12 IDT 2026, 584 W
Wed Apr  1 20:07:12 IDT 2026, 590 W
Wed Apr  1 20:07:12 IDT 2026, 579 W
Wed Apr  1 20:07:12 IDT 2026, 593 W
Wed Apr  1 20:07:13 IDT 2026, 582 W
Wed Apr  1 20:07:13 IDT 2026, 584 W
Wed Apr  1 20:07:13 IDT 2026, 578 W
Wed Apr  1 20:07:13 IDT 2026, 589 W
Wed Apr  1 20:07:14 IDT 2026, 579 W
Wed Apr  1 20:07:14 IDT 2026, 586 W
Wed Apr  1 20:07:14 IDT 2026, 578 W
Wed Apr  1 20:07:14 IDT 2026, 592 W
Wed Apr  1 20:07:15 IDT 2026, 582 W
Wed Apr  1 20:07:15 IDT 2026, 587 W
Wed Apr  1 20:07:15 IDT 2026, 576 W
Wed Apr  1 20:07:15 IDT 2026, 588 W
Wed Apr  1 20:07:16 IDT 2026, 588 W
Wed Apr  1 20:07:16 IDT 2026, 590 W
Wed Apr  1 20:07:16 IDT 2026, 584 W
Wed Apr  1 20:07:16 IDT 2026, 595 W
Wed Apr  1 20:07:17 IDT 2026, 581 W
Wed Apr  1 20:07:17 IDT 2026, 587 W
Wed Apr  1 20:07:17 IDT 2026, 577 W
Wed Apr  1 20:07:17 IDT 2026, 593 W
Wed Apr  1 20:07:18 IDT 2026, 582 W
Wed Apr  1 20:07:18 IDT 2026, 586 W
Wed Apr  1 20:07:18 IDT 2026, 581 W
Wed Apr  1 20:07:18 IDT 2026, 593 W
Wed Apr  1 20:07:19 IDT 2026, 784 W
Wed Apr  1 20:07:19 IDT 2026, 727 W
Wed Apr  1 20:07:19 IDT 2026, 813 W
Wed Apr  1 20:07:19 IDT 2026, 826 W
Wed Apr  1 20:07:20 IDT 2026, 598 W
Wed Apr  1 20:07:20 IDT 2026, 603 W
Wed Apr  1 20:07:20 IDT 2026, 592 W
Wed Apr  1 20:07:20 IDT 2026, 606 W
Wed Apr  1 20:07:21 IDT 2026, 598 W
Wed Apr  1 20:07:21 IDT 2026, 608 W
Wed Apr  1 20:07:21 IDT 2026, 597 W
Wed Apr  1 20:07:21 IDT 2026, 609 W
Wed Apr  1 20:07:22 IDT 2026, 599 W
Wed Apr  1 20:07:22 IDT 2026, 605 W
Wed Apr  1 20:07:22 IDT 2026, 593 W
Wed Apr  1 20:07:22 IDT 2026, 608 W
Wed Apr  1 20:07:23 IDT 2026, 604 W
Wed Apr  1 20:07:23 IDT 2026, 605 W
Wed Apr  1 20:07:23 IDT 2026, 596 W
Wed Apr  1 20:07:23 IDT 2026, 611 W
Wed Apr  1 20:07:24 IDT 2026, 599 W
Wed Apr  1 20:07:24 IDT 2026, 607 W
Wed Apr  1 20:07:24 IDT 2026, 597 W
Wed Apr  1 20:07:24 IDT 2026, 612 W
Wed Apr  1 20:07:25 IDT 2026, 599 W
Wed Apr  1 20:07:25 IDT 2026, 607 W
Wed Apr  1 20:07:25 IDT 2026, 596 W
Wed Apr  1 20:07:25 IDT 2026, 610 W
Wed Apr  1 20:07:26 IDT 2026, 602 W
Wed Apr  1 20:07:26 IDT 2026, 608 W
Wed Apr  1 20:07:26 IDT 2026, 597 W
Wed Apr  1 20:07:26 IDT 2026, 610 W
Wed Apr  1 20:07:27 IDT 2026, 602 W
Wed Apr  1 20:07:27 IDT 2026, 608 W
Wed Apr  1 20:07:27 IDT 2026, 598 W
Wed Apr  1 20:07:27 IDT 2026, 610 W
Wed Apr  1 20:07:28 IDT 2026, 599 W
Wed Apr  1 20:07:28 IDT 2026, 605 W
Wed Apr  1 20:07:28 IDT 2026, 597 W
Wed Apr  1 20:07:28 IDT 2026, 613 W
Wed Apr  1 20:07:29 IDT 2026, 602 W
Wed Apr  1 20:07:29 IDT 2026, 605 W
Wed Apr  1 20:07:29 IDT 2026, 597 W
Wed Apr  1 20:07:29 IDT 2026, 611 W
Wed Apr  1 20:07:30 IDT 2026, 599 W
Wed Apr  1 20:07:30 IDT 2026, 607 W
Wed Apr  1 20:07:30 IDT 2026, 594 W
Wed Apr  1 20:07:30 IDT 2026, 612 W
Wed Apr  1 20:07:31 IDT 2026, 602 W
Wed Apr  1 20:07:31 IDT 2026, 607 W
Wed Apr  1 20:07:31 IDT 2026, 597 W
Wed Apr  1 20:07:31 IDT 2026, 611 W
Wed Apr  1 20:07:32 IDT 2026, 602 W
Wed Apr  1 20:07:32 IDT 2026, 603 W
Wed Apr  1 20:07:32 IDT 2026, 597 W
Wed Apr  1 20:07:32 IDT 2026, 610 W
Wed Apr  1 20:07:33 IDT 2026, 600 W
Wed Apr  1 20:07:33 IDT 2026, 606 W
Wed Apr  1 20:07:33 IDT 2026, 595 W
Wed Apr  1 20:07:33 IDT 2026, 609 W
Wed Apr  1 20:07:34 IDT 2026, 602 W
Wed Apr  1 20:07:34 IDT 2026, 606 W
Wed Apr  1 20:07:34 IDT 2026, 596 W
Wed Apr  1 20:07:34 IDT 2026, 609 W
Wed Apr  1 20:07:35 IDT 2026, 601 W
Wed Apr  1 20:07:35 IDT 2026, 607 W
Wed Apr  1 20:07:35 IDT 2026, 598 W
Wed Apr  1 20:07:35 IDT 2026, 607 W
Wed Apr  1 20:07:36 IDT 2026, 602 W
Wed Apr  1 20:07:36 IDT 2026, 605 W
Wed Apr  1 20:07:36 IDT 2026, 594 W
Wed Apr  1 20:07:36 IDT 2026, 609 W
Wed Apr  1 20:07:37 IDT 2026, 603 W
Wed Apr  1 20:07:37 IDT 2026, 610 W
Wed Apr  1 20:07:37 IDT 2026, 597 W
Wed Apr  1 20:07:37 IDT 2026, 609 W
Wed Apr  1 20:07:38 IDT 2026, 595 W
Wed Apr  1 20:07:38 IDT 2026, 602 W
Wed Apr  1 20:07:38 IDT 2026, 594 W
Wed Apr  1 20:07:38 IDT 2026, 608 W
Wed Apr  1 20:07:39 IDT 2026, 601 W
Wed Apr  1 20:07:39 IDT 2026, 605 W
Wed Apr  1 20:07:39 IDT 2026, 594 W
Wed Apr  1 20:07:39 IDT 2026, 607 W
Wed Apr  1 20:07:40 IDT 2026, 598 W
Wed Apr  1 20:07:40 IDT 2026, 604 W
Wed Apr  1 20:07:40 IDT 2026, 593 W
Wed Apr  1 20:07:40 IDT 2026, 609 W
Wed Apr  1 20:07:41 IDT 2026, 599 W
Wed Apr  1 20:07:41 IDT 2026, 603 W
Wed Apr  1 20:07:41 IDT 2026, 591 W
Wed Apr  1 20:07:41 IDT 2026, 606 W
Wed Apr  1 20:07:42 IDT 2026, 599 W
Wed Apr  1 20:07:42 IDT 2026, 602 W
Wed Apr  1 20:07:42 IDT 2026, 594 W
Wed Apr  1 20:07:42 IDT 2026, 609 W
Wed Apr  1 20:07:43 IDT 2026, 592 W
Wed Apr  1 20:07:43 IDT 2026, 599 W
Wed Apr  1 20:07:43 IDT 2026, 590 W
Wed Apr  1 20:07:43 IDT 2026, 606 W
Wed Apr  1 20:07:44 IDT 2026, 595 W
Wed Apr  1 20:07:44 IDT 2026, 600 W
Wed Apr  1 20:07:44 IDT 2026, 590 W
Wed Apr  1 20:07:44 IDT 2026, 603 W
Wed Apr  1 20:07:45 IDT 2026, 592 W
Wed Apr  1 20:07:45 IDT 2026, 601 W
Wed Apr  1 20:07:45 IDT 2026, 588 W
Wed Apr  1 20:07:45 IDT 2026, 601 W
Wed Apr  1 20:07:46 IDT 2026, 578 W
Wed Apr  1 20:07:46 IDT 2026, 587 W
Wed Apr  1 20:07:46 IDT 2026, 579 W
Wed Apr  1 20:07:46 IDT 2026, 593 W
Wed Apr  1 20:07:47 IDT 2026, 579 W
Wed Apr  1 20:07:47 IDT 2026, 583 W
Wed Apr  1 20:07:47 IDT 2026, 580 W
Wed Apr  1 20:07:47 IDT 2026, 590 W
Wed Apr  1 20:07:48 IDT 2026, 582 W
Wed Apr  1 20:07:48 IDT 2026, 584 W
Wed Apr  1 20:07:48 IDT 2026, 574 W
Wed Apr  1 20:07:48 IDT 2026, 588 W
Wed Apr  1 20:07:49 IDT 2026, 579 W
Wed Apr  1 20:07:49 IDT 2026, 585 W
Wed Apr  1 20:07:49 IDT 2026, 576 W
Wed Apr  1 20:07:49 IDT 2026, 589 W
Wed Apr  1 20:07:50 IDT 2026, 234 W
Wed Apr  1 20:07:50 IDT 2026, 236 W
Wed Apr  1 20:07:50 IDT 2026, 231 W
Wed Apr  1 20:07:50 IDT 2026, 238 W
Wed Apr  1 20:07:51 IDT 2026, 599 W
Wed Apr  1 20:07:51 IDT 2026, 607 W
Wed Apr  1 20:07:51 IDT 2026, 593 W
Wed Apr  1 20:07:51 IDT 2026, 608 W
Wed Apr  1 20:07:52 IDT 2026, 598 W
Wed Apr  1 20:07:52 IDT 2026, 607 W
Wed Apr  1 20:07:52 IDT 2026, 598 W
Wed Apr  1 20:07:52 IDT 2026, 610 W
Wed Apr  1 20:07:53 IDT 2026, 601 W
Wed Apr  1 20:07:53 IDT 2026, 608 W
Wed Apr  1 20:07:53 IDT 2026, 598 W
Wed Apr  1 20:07:53 IDT 2026, 613 W
Wed Apr  1 20:07:54 IDT 2026, 602 W
Wed Apr  1 20:07:54 IDT 2026, 604 W
Wed Apr  1 20:07:54 IDT 2026, 597 W
Wed Apr  1 20:07:54 IDT 2026, 611 W
Wed Apr  1 20:07:55 IDT 2026, 602 W
Wed Apr  1 20:07:55 IDT 2026, 608 W
Wed Apr  1 20:07:55 IDT 2026, 598 W
Wed Apr  1 20:07:55 IDT 2026, 609 W
Wed Apr  1 20:07:56 IDT 2026, 604 W
Wed Apr  1 20:07:56 IDT 2026, 606 W
Wed Apr  1 20:07:56 IDT 2026, 599 W
Wed Apr  1 20:07:56 IDT 2026, 614 W
Wed Apr  1 20:07:57 IDT 2026, 603 W
Wed Apr  1 20:07:57 IDT 2026, 608 W
Wed Apr  1 20:07:57 IDT 2026, 599 W
Wed Apr  1 20:07:57 IDT 2026, 613 W
Wed Apr  1 20:07:58 IDT 2026, 601 W
Wed Apr  1 20:07:58 IDT 2026, 608 W
Wed Apr  1 20:07:58 IDT 2026, 596 W
Wed Apr  1 20:07:58 IDT 2026, 609 W
Wed Apr  1 20:07:59 IDT 2026, 597 W
Wed Apr  1 20:07:59 IDT 2026, 604 W
Wed Apr  1 20:07:59 IDT 2026, 594 W
Wed Apr  1 20:07:59 IDT 2026, 609 W
Wed Apr  1 20:08:00 IDT 2026, 593 W
Wed Apr  1 20:08:00 IDT 2026, 600 W
Wed Apr  1 20:08:00 IDT 2026, 586 W
Wed Apr  1 20:08:00 IDT 2026, 601 W
Wed Apr  1 20:08:01 IDT 2026, 593 W
Wed Apr  1 20:08:01 IDT 2026, 599 W
Wed Apr  1 20:08:01 IDT 2026, 587 W
Wed Apr  1 20:08:01 IDT 2026, 602 W
Wed Apr  1 20:08:02 IDT 2026, 589 W
Wed Apr  1 20:08:02 IDT 2026, 594 W
Wed Apr  1 20:08:02 IDT 2026, 585 W
Wed Apr  1 20:08:02 IDT 2026, 597 W
Wed Apr  1 20:08:03 IDT 2026, 582 W
Wed Apr  1 20:08:03 IDT 2026, 584 W
Wed Apr  1 20:08:03 IDT 2026, 575 W
Wed Apr  1 20:08:03 IDT 2026, 591 W
Wed Apr  1 20:08:04 IDT 2026, 585 W
Wed Apr  1 20:08:04 IDT 2026, 590 W
Wed Apr  1 20:08:04 IDT 2026, 575 W
Wed Apr  1 20:08:04 IDT 2026, 592 W
Wed Apr  1 20:08:05 IDT 2026, 580 W
Wed Apr  1 20:08:05 IDT 2026, 591 W
Wed Apr  1 20:08:05 IDT 2026, 573 W
Wed Apr  1 20:08:05 IDT 2026, 588 W
Wed Apr  1 20:08:06 IDT 2026, 582 W
Wed Apr  1 20:08:06 IDT 2026, 587 W
Wed Apr  1 20:08:06 IDT 2026, 578 W
Wed Apr  1 20:08:06 IDT 2026, 591 W
Wed Apr  1 20:08:07 IDT 2026, 577 W
Wed Apr  1 20:08:07 IDT 2026, 584 W
Wed Apr  1 20:08:07 IDT 2026, 573 W
Wed Apr  1 20:08:07 IDT 2026, 590 W
Wed Apr  1 20:08:08 IDT 2026, 544 W
Wed Apr  1 20:08:08 IDT 2026, 552 W
Wed Apr  1 20:08:08 IDT 2026, 543 W
Wed Apr  1 20:08:08 IDT 2026, 553 W
Wed Apr  1 20:08:09 IDT 2026, 550 W
Wed Apr  1 20:08:09 IDT 2026, 552 W
Wed Apr  1 20:08:09 IDT 2026, 548 W
Wed Apr  1 20:08:09 IDT 2026, 559 W
Wed Apr  1 20:08:10 IDT 2026, 498 W
Wed Apr  1 20:08:10 IDT 2026, 502 W
Wed Apr  1 20:08:10 IDT 2026, 492 W
Wed Apr  1 20:08:10 IDT 2026, 507 W
Wed Apr  1 20:08:11 IDT 2026, 495 W
Wed Apr  1 20:08:11 IDT 2026, 502 W
Wed Apr  1 20:08:11 IDT 2026, 494 W
Wed Apr  1 20:08:11 IDT 2026, 505 W
Wed Apr  1 20:08:12 IDT 2026, 497 W
Wed Apr  1 20:08:12 IDT 2026, 503 W
Wed Apr  1 20:08:12 IDT 2026, 476 W
Wed Apr  1 20:08:12 IDT 2026, 488 W
Wed Apr  1 20:08:13 IDT 2026, 448 W
Wed Apr  1 20:08:13 IDT 2026, 449 W
Wed Apr  1 20:08:13 IDT 2026, 452 W
Wed Apr  1 20:08:13 IDT 2026, 461 W
Wed Apr  1 20:08:14 IDT 2026, 445 W
Wed Apr  1 20:08:14 IDT 2026, 439 W
Wed Apr  1 20:08:14 IDT 2026, 446 W
Wed Apr  1 20:08:14 IDT 2026, 457 W
Wed Apr  1 20:08:15 IDT 2026, 443 W
Wed Apr  1 20:08:15 IDT 2026, 454 W
Wed Apr  1 20:08:15 IDT 2026, 445 W
Wed Apr  1 20:08:15 IDT 2026, 452 W
Wed Apr  1 20:08:16 IDT 2026, 236 W
Wed Apr  1 20:08:16 IDT 2026, 235 W
Wed Apr  1 20:08:16 IDT 2026, 231 W
Wed Apr  1 20:08:16 IDT 2026, 238 W
Wed Apr  1 20:08:17 IDT 2026, 595 W
Wed Apr  1 20:08:17 IDT 2026, 601 W
Wed Apr  1 20:08:17 IDT 2026, 589 W
Wed Apr  1 20:08:17 IDT 2026, 600 W
Wed Apr  1 20:08:18 IDT 2026, 597 W
Wed Apr  1 20:08:18 IDT 2026, 604 W
Wed Apr  1 20:08:18 IDT 2026, 590 W
Wed Apr  1 20:08:18 IDT 2026, 606 W
Wed Apr  1 20:08:19 IDT 2026, 598 W
Wed Apr  1 20:08:19 IDT 2026, 606 W
Wed Apr  1 20:08:19 IDT 2026, 594 W
Wed Apr  1 20:08:19 IDT 2026, 609 W
Wed Apr  1 20:08:20 IDT 2026, 601 W
Wed Apr  1 20:08:20 IDT 2026, 606 W
Wed Apr  1 20:08:20 IDT 2026, 595 W
Wed Apr  1 20:08:20 IDT 2026, 609 W
Wed Apr  1 20:08:21 IDT 2026, 599 W
Wed Apr  1 20:08:21 IDT 2026, 607 W
Wed Apr  1 20:08:21 IDT 2026, 600 W
Wed Apr  1 20:08:21 IDT 2026, 613 W
Wed Apr  1 20:08:22 IDT 2026, 599 W
Wed Apr  1 20:08:22 IDT 2026, 604 W
Wed Apr  1 20:08:22 IDT 2026, 595 W
Wed Apr  1 20:08:22 IDT 2026, 612 W
Wed Apr  1 20:08:23 IDT 2026, 600 W
Wed Apr  1 20:08:23 IDT 2026, 606 W
Wed Apr  1 20:08:23 IDT 2026, 599 W
Wed Apr  1 20:08:23 IDT 2026, 611 W
Wed Apr  1 20:08:24 IDT 2026, 599 W
Wed Apr  1 20:08:24 IDT 2026, 606 W
Wed Apr  1 20:08:24 IDT 2026, 593 W
Wed Apr  1 20:08:24 IDT 2026, 607 W
Wed Apr  1 20:08:25 IDT 2026, 597 W
Wed Apr  1 20:08:25 IDT 2026, 604 W
Wed Apr  1 20:08:25 IDT 2026, 595 W
Wed Apr  1 20:08:25 IDT 2026, 608 W
Wed Apr  1 20:08:26 IDT 2026, 594 W
Wed Apr  1 20:08:26 IDT 2026, 603 W
Wed Apr  1 20:08:26 IDT 2026, 585 W
Wed Apr  1 20:08:26 IDT 2026, 603 W
Wed Apr  1 20:08:27 IDT 2026, 592 W
Wed Apr  1 20:08:27 IDT 2026, 599 W
Wed Apr  1 20:08:27 IDT 2026, 585 W
Wed Apr  1 20:08:27 IDT 2026, 597 W
Wed Apr  1 20:08:28 IDT 2026, 592 W
Wed Apr  1 20:08:28 IDT 2026, 596 W
Wed Apr  1 20:08:28 IDT 2026, 589 W
Wed Apr  1 20:08:28 IDT 2026, 602 W
Wed Apr  1 20:08:29 IDT 2026, 583 W
Wed Apr  1 20:08:29 IDT 2026, 587 W
Wed Apr  1 20:08:29 IDT 2026, 578 W
Wed Apr  1 20:08:29 IDT 2026, 588 W
Wed Apr  1 20:08:30 IDT 2026, 576 W
Wed Apr  1 20:08:30 IDT 2026, 583 W
Wed Apr  1 20:08:30 IDT 2026, 575 W
Wed Apr  1 20:08:30 IDT 2026, 588 W
Wed Apr  1 20:08:31 IDT 2026, 579 W
Wed Apr  1 20:08:31 IDT 2026, 584 W
Wed Apr  1 20:08:31 IDT 2026, 576 W
Wed Apr  1 20:08:31 IDT 2026, 585 W
Wed Apr  1 20:08:32 IDT 2026, 579 W
Wed Apr  1 20:08:32 IDT 2026, 584 W
Wed Apr  1 20:08:32 IDT 2026, 575 W
Wed Apr  1 20:08:32 IDT 2026, 589 W
Wed Apr  1 20:08:33 IDT 2026, 578 W
Wed Apr  1 20:08:33 IDT 2026, 585 W
Wed Apr  1 20:08:33 IDT 2026, 577 W
Wed Apr  1 20:08:33 IDT 2026, 589 W
Wed Apr  1 20:08:34 IDT 2026, 580 W
Wed Apr  1 20:08:34 IDT 2026, 587 W
Wed Apr  1 20:08:34 IDT 2026, 579 W
Wed Apr  1 20:08:34 IDT 2026, 593 W
Wed Apr  1 20:08:35 IDT 2026, 584 W
Wed Apr  1 20:08:35 IDT 2026, 591 W
Wed Apr  1 20:08:35 IDT 2026, 578 W
Wed Apr  1 20:08:35 IDT 2026, 589 W
Wed Apr  1 20:08:36 IDT 2026, 581 W
Wed Apr  1 20:08:36 IDT 2026, 585 W
Wed Apr  1 20:08:36 IDT 2026, 578 W
Wed Apr  1 20:08:36 IDT 2026, 591 W
Wed Apr  1 20:08:37 IDT 2026, 580 W
Wed Apr  1 20:08:37 IDT 2026, 591 W
Wed Apr  1 20:08:37 IDT 2026, 576 W
Wed Apr  1 20:08:37 IDT 2026, 591 W
Wed Apr  1 20:08:38 IDT 2026, 582 W
Wed Apr  1 20:08:38 IDT 2026, 585 W
Wed Apr  1 20:08:38 IDT 2026, 577 W
Wed Apr  1 20:08:38 IDT 2026, 586 W
Wed Apr  1 20:08:39 IDT 2026, 580 W
Wed Apr  1 20:08:39 IDT 2026, 588 W
Wed Apr  1 20:08:39 IDT 2026, 575 W
Wed Apr  1 20:08:39 IDT 2026, 591 W
Wed Apr  1 20:08:40 IDT 2026, 583 W
Wed Apr  1 20:08:40 IDT 2026, 591 W
Wed Apr  1 20:08:40 IDT 2026, 578 W
Wed Apr  1 20:08:40 IDT 2026, 591 W
Wed Apr  1 20:08:41 IDT 2026, 580 W
Wed Apr  1 20:08:41 IDT 2026, 588 W
Wed Apr  1 20:08:41 IDT 2026, 579 W
Wed Apr  1 20:08:41 IDT 2026, 593 W
Wed Apr  1 20:08:42 IDT 2026, 579 W
Wed Apr  1 20:08:42 IDT 2026, 590 W
Wed Apr  1 20:08:42 IDT 2026, 575 W
Wed Apr  1 20:08:42 IDT 2026, 592 W
Wed Apr  1 20:08:43 IDT 2026, 584 W
Wed Apr  1 20:08:43 IDT 2026, 590 W
Wed Apr  1 20:08:43 IDT 2026, 584 W
Wed Apr  1 20:08:43 IDT 2026, 595 W
Wed Apr  1 20:08:44 IDT 2026, 579 W
Wed Apr  1 20:08:44 IDT 2026, 587 W
Wed Apr  1 20:08:44 IDT 2026, 578 W
Wed Apr  1 20:08:44 IDT 2026, 588 W
Wed Apr  1 20:08:45 IDT 2026, 375 W
Wed Apr  1 20:08:45 IDT 2026, 483 W
Wed Apr  1 20:08:45 IDT 2026, 313 W
Wed Apr  1 20:08:45 IDT 2026, 326 W
Wed Apr  1 20:08:46 IDT 2026, 601 W
Wed Apr  1 20:08:46 IDT 2026, 605 W
Wed Apr  1 20:08:46 IDT 2026, 594 W
Wed Apr  1 20:08:46 IDT 2026, 608 W
Wed Apr  1 20:08:47 IDT 2026, 599 W
Wed Apr  1 20:08:47 IDT 2026, 607 W
Wed Apr  1 20:08:47 IDT 2026, 598 W
Wed Apr  1 20:08:47 IDT 2026, 610 W
Wed Apr  1 20:08:48 IDT 2026, 599 W
Wed Apr  1 20:08:48 IDT 2026, 606 W
Wed Apr  1 20:08:48 IDT 2026, 597 W
Wed Apr  1 20:08:48 IDT 2026, 611 W
Wed Apr  1 20:08:49 IDT 2026, 598 W
Wed Apr  1 20:08:49 IDT 2026, 609 W
Wed Apr  1 20:08:49 IDT 2026, 597 W
Wed Apr  1 20:08:49 IDT 2026, 610 W
Wed Apr  1 20:08:50 IDT 2026, 600 W
Wed Apr  1 20:08:50 IDT 2026, 606 W
Wed Apr  1 20:08:50 IDT 2026, 596 W
Wed Apr  1 20:08:50 IDT 2026, 611 W
Wed Apr  1 20:08:51 IDT 2026, 596 W
Wed Apr  1 20:08:51 IDT 2026, 604 W
Wed Apr  1 20:08:51 IDT 2026, 590 W
Wed Apr  1 20:08:51 IDT 2026, 606 W
Wed Apr  1 20:08:52 IDT 2026, 592 W
Wed Apr  1 20:08:52 IDT 2026, 601 W
Wed Apr  1 20:08:52 IDT 2026, 592 W
Wed Apr  1 20:08:52 IDT 2026, 606 W
Wed Apr  1 20:08:53 IDT 2026, 595 W
Wed Apr  1 20:08:53 IDT 2026, 606 W
Wed Apr  1 20:08:53 IDT 2026, 592 W
Wed Apr  1 20:08:53 IDT 2026, 608 W
Wed Apr  1 20:08:54 IDT 2026, 598 W
Wed Apr  1 20:08:54 IDT 2026, 603 W
Wed Apr  1 20:08:54 IDT 2026, 594 W
Wed Apr  1 20:08:54 IDT 2026, 607 W
Wed Apr  1 20:08:55 IDT 2026, 598 W
Wed Apr  1 20:08:55 IDT 2026, 603 W
Wed Apr  1 20:08:55 IDT 2026, 593 W
Wed Apr  1 20:08:55 IDT 2026, 607 W
Wed Apr  1 20:08:56 IDT 2026, 598 W
Wed Apr  1 20:08:56 IDT 2026, 603 W
Wed Apr  1 20:08:56 IDT 2026, 592 W
Wed Apr  1 20:08:56 IDT 2026, 606 W
Wed Apr  1 20:08:57 IDT 2026, 593 W
Wed Apr  1 20:08:57 IDT 2026, 594 W
Wed Apr  1 20:08:57 IDT 2026, 590 W
Wed Apr  1 20:08:57 IDT 2026, 604 W
Wed Apr  1 20:08:58 IDT 2026, 596 W
Wed Apr  1 20:08:58 IDT 2026, 600 W
Wed Apr  1 20:08:58 IDT 2026, 590 W
Wed Apr  1 20:08:58 IDT 2026, 603 W
Wed Apr  1 20:08:59 IDT 2026, 587 W
Wed Apr  1 20:08:59 IDT 2026, 598 W
Wed Apr  1 20:08:59 IDT 2026, 586 W
Wed Apr  1 20:08:59 IDT 2026, 600 W
Wed Apr  1 20:09:00 IDT 2026, 593 W
Wed Apr  1 20:09:00 IDT 2026, 600 W
Wed Apr  1 20:09:00 IDT 2026, 584 W
Wed Apr  1 20:09:00 IDT 2026, 598 W
Wed Apr  1 20:09:01 IDT 2026, 583 W
Wed Apr  1 20:09:01 IDT 2026, 590 W
Wed Apr  1 20:09:01 IDT 2026, 580 W
Wed Apr  1 20:09:01 IDT 2026, 592 W
Wed Apr  1 20:09:02 IDT 2026, 583 W
Wed Apr  1 20:09:02 IDT 2026, 588 W
Wed Apr  1 20:09:02 IDT 2026, 577 W
Wed Apr  1 20:09:02 IDT 2026, 589 W
Wed Apr  1 20:09:03 IDT 2026, 582 W
Wed Apr  1 20:09:03 IDT 2026, 590 W
Wed Apr  1 20:09:03 IDT 2026, 570 W
Wed Apr  1 20:09:03 IDT 2026, 590 W
Wed Apr  1 20:09:04 IDT 2026, 581 W
Wed Apr  1 20:09:04 IDT 2026, 586 W
Wed Apr  1 20:09:04 IDT 2026, 579 W
Wed Apr  1 20:09:04 IDT 2026, 593 W
Wed Apr  1 20:09:05 IDT 2026, 583 W
Wed Apr  1 20:09:05 IDT 2026, 589 W
Wed Apr  1 20:09:05 IDT 2026, 582 W
Wed Apr  1 20:09:05 IDT 2026, 593 W
Wed Apr  1 20:09:06 IDT 2026, 582 W
Wed Apr  1 20:09:06 IDT 2026, 585 W
Wed Apr  1 20:09:06 IDT 2026, 576 W
Wed Apr  1 20:09:06 IDT 2026, 588 W
Wed Apr  1 20:09:07 IDT 2026, 577 W
Wed Apr  1 20:09:07 IDT 2026, 576 W
Wed Apr  1 20:09:07 IDT 2026, 571 W
Wed Apr  1 20:09:07 IDT 2026, 583 W
Wed Apr  1 20:09:08 IDT 2026, 581 W
Wed Apr  1 20:09:08 IDT 2026, 584 W
Wed Apr  1 20:09:08 IDT 2026, 573 W
Wed Apr  1 20:09:08 IDT 2026, 587 W
Wed Apr  1 20:09:09 IDT 2026, 582 W
Wed Apr  1 20:09:09 IDT 2026, 588 W
Wed Apr  1 20:09:09 IDT 2026, 578 W
Wed Apr  1 20:09:09 IDT 2026, 590 W
Wed Apr  1 20:09:10 IDT 2026, 586 W
Wed Apr  1 20:09:10 IDT 2026, 588 W
Wed Apr  1 20:09:10 IDT 2026, 579 W
Wed Apr  1 20:09:10 IDT 2026, 594 W
Wed Apr  1 20:09:11 IDT 2026, 582 W
Wed Apr  1 20:09:11 IDT 2026, 585 W
Wed Apr  1 20:09:11 IDT 2026, 578 W
Wed Apr  1 20:09:11 IDT 2026, 589 W
Wed Apr  1 20:09:12 IDT 2026, 545 W
Wed Apr  1 20:09:12 IDT 2026, 551 W
Wed Apr  1 20:09:12 IDT 2026, 540 W
Wed Apr  1 20:09:12 IDT 2026, 552 W
Wed Apr  1 20:09:13 IDT 2026, 550 W
Wed Apr  1 20:09:13 IDT 2026, 553 W
Wed Apr  1 20:09:13 IDT 2026, 541 W
Wed Apr  1 20:09:13 IDT 2026, 553 W
Wed Apr  1 20:09:14 IDT 2026, 235 W
Wed Apr  1 20:09:14 IDT 2026, 236 W
Wed Apr  1 20:09:14 IDT 2026, 231 W
Wed Apr  1 20:09:14 IDT 2026, 239 W
Wed Apr  1 20:09:15 IDT 2026, 602 W
Wed Apr  1 20:09:15 IDT 2026, 603 W
Wed Apr  1 20:09:15 IDT 2026, 595 W
Wed Apr  1 20:09:15 IDT 2026, 609 W
Wed Apr  1 20:09:16 IDT 2026, 602 W
Wed Apr  1 20:09:16 IDT 2026, 608 W
Wed Apr  1 20:09:16 IDT 2026, 597 W
Wed Apr  1 20:09:16 IDT 2026, 609 W
Wed Apr  1 20:09:17 IDT 2026, 599 W
Wed Apr  1 20:09:17 IDT 2026, 606 W
Wed Apr  1 20:09:17 IDT 2026, 597 W
Wed Apr  1 20:09:17 IDT 2026, 611 W
Wed Apr  1 20:09:18 IDT 2026, 602 W
Wed Apr  1 20:09:18 IDT 2026, 607 W
Wed Apr  1 20:09:18 IDT 2026, 598 W
Wed Apr  1 20:09:18 IDT 2026, 610 W
Wed Apr  1 20:09:19 IDT 2026, 595 W
Wed Apr  1 20:09:19 IDT 2026, 605 W
Wed Apr  1 20:09:19 IDT 2026, 595 W
Wed Apr  1 20:09:19 IDT 2026, 611 W
Wed Apr  1 20:09:20 IDT 2026, 602 W
Wed Apr  1 20:09:20 IDT 2026, 607 W
Wed Apr  1 20:09:20 IDT 2026, 597 W
Wed Apr  1 20:09:20 IDT 2026, 614 W
Wed Apr  1 20:09:21 IDT 2026, 599 W
Wed Apr  1 20:09:21 IDT 2026, 608 W
Wed Apr  1 20:09:21 IDT 2026, 595 W
Wed Apr  1 20:09:21 IDT 2026, 611 W
Wed Apr  1 20:09:22 IDT 2026, 595 W
Wed Apr  1 20:09:22 IDT 2026, 604 W
Wed Apr  1 20:09:22 IDT 2026, 593 W
Wed Apr  1 20:09:22 IDT 2026, 607 W
Wed Apr  1 20:09:23 IDT 2026, 600 W
Wed Apr  1 20:09:23 IDT 2026, 604 W
Wed Apr  1 20:09:23 IDT 2026, 596 W
Wed Apr  1 20:09:23 IDT 2026, 605 W
Wed Apr  1 20:09:24 IDT 2026, 599 W
Wed Apr  1 20:09:24 IDT 2026, 601 W
Wed Apr  1 20:09:24 IDT 2026, 592 W
Wed Apr  1 20:09:24 IDT 2026, 608 W
Wed Apr  1 20:09:25 IDT 2026, 593 W
Wed Apr  1 20:09:25 IDT 2026, 596 W
Wed Apr  1 20:09:25 IDT 2026, 588 W
Wed Apr  1 20:09:25 IDT 2026, 601 W
Wed Apr  1 20:09:26 IDT 2026, 592 W
Wed Apr  1 20:09:26 IDT 2026, 597 W
Wed Apr  1 20:09:26 IDT 2026, 585 W
Wed Apr  1 20:09:26 IDT 2026, 601 W
Wed Apr  1 20:09:27 IDT 2026, 581 W
Wed Apr  1 20:09:27 IDT 2026, 585 W
Wed Apr  1 20:09:27 IDT 2026, 574 W
Wed Apr  1 20:09:27 IDT 2026, 590 W
Wed Apr  1 20:09:28 IDT 2026, 581 W
Wed Apr  1 20:09:28 IDT 2026, 590 W
Wed Apr  1 20:09:28 IDT 2026, 583 W
Wed Apr  1 20:09:28 IDT 2026, 592 W
Wed Apr  1 20:09:29 IDT 2026, 584 W
Wed Apr  1 20:09:29 IDT 2026, 585 W
Wed Apr  1 20:09:29 IDT 2026, 573 W
Wed Apr  1 20:09:29 IDT 2026, 592 W
Wed Apr  1 20:09:30 IDT 2026, 582 W
Wed Apr  1 20:09:30 IDT 2026, 588 W
Wed Apr  1 20:09:30 IDT 2026, 580 W
Wed Apr  1 20:09:30 IDT 2026, 593 W
Wed Apr  1 20:09:31 IDT 2026, 583 W
Wed Apr  1 20:09:31 IDT 2026, 589 W
Wed Apr  1 20:09:31 IDT 2026, 579 W
Wed Apr  1 20:09:31 IDT 2026, 593 W
Wed Apr  1 20:09:32 IDT 2026, 581 W
Wed Apr  1 20:09:32 IDT 2026, 592 W
Wed Apr  1 20:09:32 IDT 2026, 577 W
Wed Apr  1 20:09:32 IDT 2026, 590 W
Wed Apr  1 20:09:33 IDT 2026, 585 W
Wed Apr  1 20:09:33 IDT 2026, 589 W
Wed Apr  1 20:09:33 IDT 2026, 580 W
Wed Apr  1 20:09:33 IDT 2026, 590 W
Wed Apr  1 20:09:34 IDT 2026, 584 W
Wed Apr  1 20:09:34 IDT 2026, 592 W
Wed Apr  1 20:09:34 IDT 2026, 582 W
Wed Apr  1 20:09:34 IDT 2026, 595 W
Wed Apr  1 20:09:35 IDT 2026, 583 W
Wed Apr  1 20:09:35 IDT 2026, 584 W
Wed Apr  1 20:09:35 IDT 2026, 577 W
Wed Apr  1 20:09:35 IDT 2026, 593 W
Wed Apr  1 20:09:36 IDT 2026, 585 W
Wed Apr  1 20:09:36 IDT 2026, 589 W
Wed Apr  1 20:09:36 IDT 2026, 578 W
Wed Apr  1 20:09:36 IDT 2026, 592 W
Wed Apr  1 20:09:37 IDT 2026, 581 W
Wed Apr  1 20:09:37 IDT 2026, 590 W
Wed Apr  1 20:09:37 IDT 2026, 579 W
Wed Apr  1 20:09:37 IDT 2026, 589 W
Wed Apr  1 20:09:38 IDT 2026, 585 W
Wed Apr  1 20:09:38 IDT 2026, 591 W
Wed Apr  1 20:09:38 IDT 2026, 580 W
Wed Apr  1 20:09:38 IDT 2026, 591 W
Wed Apr  1 20:09:39 IDT 2026, 583 W
Wed Apr  1 20:09:39 IDT 2026, 587 W
Wed Apr  1 20:09:39 IDT 2026, 578 W
Wed Apr  1 20:09:39 IDT 2026, 593 W
Wed Apr  1 20:09:40 IDT 2026, 583 W
Wed Apr  1 20:09:40 IDT 2026, 588 W
Wed Apr  1 20:09:40 IDT 2026, 577 W
Wed Apr  1 20:09:40 IDT 2026, 591 W
Wed Apr  1 20:09:41 IDT 2026, 580 W
Wed Apr  1 20:09:41 IDT 2026, 591 W
Wed Apr  1 20:09:41 IDT 2026, 575 W
Wed Apr  1 20:09:41 IDT 2026, 590 W
Wed Apr  1 20:09:42 IDT 2026, 579 W
Wed Apr  1 20:09:42 IDT 2026, 589 W
Wed Apr  1 20:09:42 IDT 2026, 577 W
Wed Apr  1 20:09:42 IDT 2026, 588 W
Wed Apr  1 20:09:43 IDT 2026, 575 W
Wed Apr  1 20:09:43 IDT 2026, 589 W
Wed Apr  1 20:09:43 IDT 2026, 513 W
Wed Apr  1 20:09:43 IDT 2026, 548 W
Wed Apr  1 20:09:44 IDT 2026, 633 W
Wed Apr  1 20:09:44 IDT 2026, 673 W
Wed Apr  1 20:09:44 IDT 2026, 610 W
Wed Apr  1 20:09:44 IDT 2026, 624 W
Wed Apr  1 20:09:45 IDT 2026, 599 W
Wed Apr  1 20:09:45 IDT 2026, 604 W
Wed Apr  1 20:09:45 IDT 2026, 590 W
Wed Apr  1 20:09:45 IDT 2026, 609 W
Wed Apr  1 20:09:46 IDT 2026, 599 W
Wed Apr  1 20:09:46 IDT 2026, 604 W
Wed Apr  1 20:09:46 IDT 2026, 596 W
Wed Apr  1 20:09:46 IDT 2026, 607 W
Wed Apr  1 20:09:47 IDT 2026, 601 W
Wed Apr  1 20:09:47 IDT 2026, 606 W
Wed Apr  1 20:09:47 IDT 2026, 596 W
Wed Apr  1 20:09:47 IDT 2026, 609 W
Wed Apr  1 20:09:48 IDT 2026, 600 W
Wed Apr  1 20:09:48 IDT 2026, 608 W
Wed Apr  1 20:09:48 IDT 2026, 595 W
Wed Apr  1 20:09:48 IDT 2026, 610 W
Wed Apr  1 20:09:49 IDT 2026, 601 W
Wed Apr  1 20:09:49 IDT 2026, 606 W
Wed Apr  1 20:09:49 IDT 2026, 594 W
Wed Apr  1 20:09:49 IDT 2026, 612 W
Wed Apr  1 20:09:50 IDT 2026, 600 W
Wed Apr  1 20:09:50 IDT 2026, 606 W
Wed Apr  1 20:09:50 IDT 2026, 595 W
Wed Apr  1 20:09:50 IDT 2026, 608 W
Wed Apr  1 20:09:51 IDT 2026, 599 W
Wed Apr  1 20:09:51 IDT 2026, 607 W
Wed Apr  1 20:09:51 IDT 2026, 595 W
Wed Apr  1 20:09:51 IDT 2026, 611 W
Wed Apr  1 20:09:52 IDT 2026, 596 W
Wed Apr  1 20:09:52 IDT 2026, 602 W
Wed Apr  1 20:09:52 IDT 2026, 592 W
Wed Apr  1 20:09:52 IDT 2026, 607 W
Wed Apr  1 20:09:53 IDT 2026, 601 W
Wed Apr  1 20:09:53 IDT 2026, 608 W
Wed Apr  1 20:09:53 IDT 2026, 596 W
Wed Apr  1 20:09:53 IDT 2026, 611 W
Wed Apr  1 20:09:54 IDT 2026, 599 W
Wed Apr  1 20:09:54 IDT 2026, 606 W
Wed Apr  1 20:09:54 IDT 2026, 594 W
Wed Apr  1 20:09:54 IDT 2026, 606 W
Wed Apr  1 20:09:55 IDT 2026, 598 W
Wed Apr  1 20:09:55 IDT 2026, 607 W
Wed Apr  1 20:09:55 IDT 2026, 595 W
Wed Apr  1 20:09:55 IDT 2026, 607 W
Wed Apr  1 20:09:56 IDT 2026, 602 W
Wed Apr  1 20:09:56 IDT 2026, 608 W
Wed Apr  1 20:09:56 IDT 2026, 595 W
Wed Apr  1 20:09:56 IDT 2026, 609 W
Wed Apr  1 20:09:57 IDT 2026, 599 W
Wed Apr  1 20:09:57 IDT 2026, 605 W
Wed Apr  1 20:09:57 IDT 2026, 595 W
Wed Apr  1 20:09:57 IDT 2026, 612 W
Wed Apr  1 20:09:58 IDT 2026, 602 W
Wed Apr  1 20:09:58 IDT 2026, 608 W
Wed Apr  1 20:09:58 IDT 2026, 596 W
Wed Apr  1 20:09:58 IDT 2026, 608 W
Wed Apr  1 20:09:59 IDT 2026, 600 W
Wed Apr  1 20:09:59 IDT 2026, 608 W
Wed Apr  1 20:09:59 IDT 2026, 601 W
Wed Apr  1 20:09:59 IDT 2026, 613 W
Wed Apr  1 20:10:00 IDT 2026, 600 W
Wed Apr  1 20:10:00 IDT 2026, 606 W
Wed Apr  1 20:10:00 IDT 2026, 594 W
Wed Apr  1 20:10:00 IDT 2026, 609 W
Wed Apr  1 20:10:01 IDT 2026, 594 W
Wed Apr  1 20:10:01 IDT 2026, 601 W
Wed Apr  1 20:10:01 IDT 2026, 589 W
Wed Apr  1 20:10:01 IDT 2026, 601 W
Wed Apr  1 20:10:02 IDT 2026, 592 W
Wed Apr  1 20:10:02 IDT 2026, 595 W
Wed Apr  1 20:10:02 IDT 2026, 583 W
Wed Apr  1 20:10:02 IDT 2026, 596 W
Wed Apr  1 20:10:03 IDT 2026, 594 W
Wed Apr  1 20:10:03 IDT 2026, 600 W
Wed Apr  1 20:10:03 IDT 2026, 589 W
Wed Apr  1 20:10:03 IDT 2026, 604 W
Wed Apr  1 20:10:04 IDT 2026, 592 W
Wed Apr  1 20:10:04 IDT 2026, 594 W
Wed Apr  1 20:10:04 IDT 2026, 588 W
Wed Apr  1 20:10:04 IDT 2026, 600 W
Wed Apr  1 20:10:05 IDT 2026, 589 W
Wed Apr  1 20:10:05 IDT 2026, 595 W
Wed Apr  1 20:10:05 IDT 2026, 586 W
Wed Apr  1 20:10:05 IDT 2026, 599 W
Wed Apr  1 20:10:06 IDT 2026, 594 W
Wed Apr  1 20:10:06 IDT 2026, 598 W
Wed Apr  1 20:10:06 IDT 2026, 587 W
Wed Apr  1 20:10:06 IDT 2026, 605 W
Wed Apr  1 20:10:07 IDT 2026, 595 W
Wed Apr  1 20:10:07 IDT 2026, 601 W
Wed Apr  1 20:10:07 IDT 2026, 589 W
Wed Apr  1 20:10:07 IDT 2026, 602 W
Wed Apr  1 20:10:08 IDT 2026, 594 W
Wed Apr  1 20:10:08 IDT 2026, 599 W
Wed Apr  1 20:10:08 IDT 2026, 587 W
Wed Apr  1 20:10:08 IDT 2026, 605 W
Wed Apr  1 20:10:09 IDT 2026, 594 W
Wed Apr  1 20:10:09 IDT 2026, 599 W
Wed Apr  1 20:10:09 IDT 2026, 588 W
Wed Apr  1 20:10:09 IDT 2026, 603 W
Wed Apr  1 20:10:10 IDT 2026, 590 W
Wed Apr  1 20:10:10 IDT 2026, 598 W
Wed Apr  1 20:10:10 IDT 2026, 584 W
Wed Apr  1 20:10:10 IDT 2026, 600 W
Wed Apr  1 20:10:11 IDT 2026, 574 W
Wed Apr  1 20:10:11 IDT 2026, 589 W
Wed Apr  1 20:10:11 IDT 2026, 557 W
Wed Apr  1 20:10:11 IDT 2026, 572 W
Wed Apr  1 20:10:12 IDT 2026, 551 W
Wed Apr  1 20:10:12 IDT 2026, 552 W
Wed Apr  1 20:10:12 IDT 2026, 545 W
Wed Apr  1 20:10:12 IDT 2026, 559 W
Wed Apr  1 20:10:13 IDT 2026, 548 W
Wed Apr  1 20:10:13 IDT 2026, 553 W
Wed Apr  1 20:10:13 IDT 2026, 544 W
Wed Apr  1 20:10:13 IDT 2026, 558 W
Wed Apr  1 20:10:14 IDT 2026, 234 W
Wed Apr  1 20:10:14 IDT 2026, 235 W
Wed Apr  1 20:10:14 IDT 2026, 231 W
Wed Apr  1 20:10:14 IDT 2026, 238 W
Wed Apr  1 20:10:15 IDT 2026, 600 W
Wed Apr  1 20:10:15 IDT 2026, 606 W
Wed Apr  1 20:10:15 IDT 2026, 597 W
Wed Apr  1 20:10:15 IDT 2026, 611 W
Wed Apr  1 20:10:16 IDT 2026, 598 W
Wed Apr  1 20:10:16 IDT 2026, 604 W
Wed Apr  1 20:10:16 IDT 2026, 597 W
Wed Apr  1 20:10:16 IDT 2026, 608 W
Wed Apr  1 20:10:17 IDT 2026, 600 W
Wed Apr  1 20:10:17 IDT 2026, 607 W
Wed Apr  1 20:10:17 IDT 2026, 598 W
Wed Apr  1 20:10:17 IDT 2026, 610 W
Wed Apr  1 20:10:18 IDT 2026, 596 W
Wed Apr  1 20:10:18 IDT 2026, 602 W
Wed Apr  1 20:10:18 IDT 2026, 594 W
Wed Apr  1 20:10:18 IDT 2026, 608 W
Wed Apr  1 20:10:19 IDT 2026, 595 W
Wed Apr  1 20:10:19 IDT 2026, 596 W
Wed Apr  1 20:10:19 IDT 2026, 588 W
Wed Apr  1 20:10:19 IDT 2026, 599 W
Wed Apr  1 20:10:20 IDT 2026, 589 W
Wed Apr  1 20:10:20 IDT 2026, 598 W
Wed Apr  1 20:10:20 IDT 2026, 588 W
Wed Apr  1 20:10:20 IDT 2026, 602 W
Wed Apr  1 20:10:21 IDT 2026, 592 W
Wed Apr  1 20:10:21 IDT 2026, 596 W
Wed Apr  1 20:10:21 IDT 2026, 586 W
Wed Apr  1 20:10:21 IDT 2026, 599 W
Wed Apr  1 20:10:22 IDT 2026, 590 W
Wed Apr  1 20:10:22 IDT 2026, 594 W
Wed Apr  1 20:10:22 IDT 2026, 585 W
Wed Apr  1 20:10:22 IDT 2026, 598 W
Wed Apr  1 20:10:23 IDT 2026, 593 W
Wed Apr  1 20:10:23 IDT 2026, 597 W
Wed Apr  1 20:10:23 IDT 2026, 588 W
Wed Apr  1 20:10:23 IDT 2026, 604 W
Wed Apr  1 20:10:24 IDT 2026, 581 W
Wed Apr  1 20:10:24 IDT 2026, 586 W
Wed Apr  1 20:10:24 IDT 2026, 576 W
Wed Apr  1 20:10:24 IDT 2026, 588 W
Wed Apr  1 20:10:25 IDT 2026, 550 W
Wed Apr  1 20:10:25 IDT 2026, 555 W
Wed Apr  1 20:10:25 IDT 2026, 544 W
Wed Apr  1 20:10:25 IDT 2026, 558 W
Wed Apr  1 20:10:26 IDT 2026, 547 W
Wed Apr  1 20:10:26 IDT 2026, 551 W
Wed Apr  1 20:10:26 IDT 2026, 543 W
Wed Apr  1 20:10:26 IDT 2026, 555 W
Wed Apr  1 20:10:27 IDT 2026, 542 W
Wed Apr  1 20:10:27 IDT 2026, 524 W
Wed Apr  1 20:10:27 IDT 2026, 539 W
Wed Apr  1 20:10:27 IDT 2026, 551 W
Wed Apr  1 20:10:28 IDT 2026, 497 W
Wed Apr  1 20:10:28 IDT 2026, 501 W
Wed Apr  1 20:10:28 IDT 2026, 490 W
Wed Apr  1 20:10:28 IDT 2026, 502 W
Wed Apr  1 20:10:29 IDT 2026, 496 W
Wed Apr  1 20:10:29 IDT 2026, 503 W
Wed Apr  1 20:10:29 IDT 2026, 494 W
Wed Apr  1 20:10:29 IDT 2026, 505 W
Wed Apr  1 20:10:30 IDT 2026, 497 W
Wed Apr  1 20:10:30 IDT 2026, 502 W
Wed Apr  1 20:10:30 IDT 2026, 493 W
Wed Apr  1 20:10:30 IDT 2026, 504 W
Wed Apr  1 20:10:31 IDT 2026, 495 W
Wed Apr  1 20:10:31 IDT 2026, 502 W
Wed Apr  1 20:10:31 IDT 2026, 494 W
Wed Apr  1 20:10:31 IDT 2026, 502 W
Wed Apr  1 20:10:32 IDT 2026, 495 W
Wed Apr  1 20:10:32 IDT 2026, 501 W
Wed Apr  1 20:10:32 IDT 2026, 493 W
Wed Apr  1 20:10:32 IDT 2026, 502 W
Wed Apr  1 20:10:33 IDT 2026, 497 W
Wed Apr  1 20:10:33 IDT 2026, 500 W
Wed Apr  1 20:10:33 IDT 2026, 493 W
Wed Apr  1 20:10:33 IDT 2026, 505 W
Wed Apr  1 20:10:34 IDT 2026, 496 W
Wed Apr  1 20:10:34 IDT 2026, 501 W
Wed Apr  1 20:10:34 IDT 2026, 492 W
Wed Apr  1 20:10:34 IDT 2026, 504 W
Wed Apr  1 20:10:35 IDT 2026, 496 W
Wed Apr  1 20:10:35 IDT 2026, 500 W
Wed Apr  1 20:10:35 IDT 2026, 493 W
Wed Apr  1 20:10:35 IDT 2026, 503 W
Wed Apr  1 20:10:36 IDT 2026, 496 W
Wed Apr  1 20:10:36 IDT 2026, 501 W
Wed Apr  1 20:10:36 IDT 2026, 492 W
Wed Apr  1 20:10:36 IDT 2026, 504 W
Wed Apr  1 20:10:37 IDT 2026, 236 W
Wed Apr  1 20:10:37 IDT 2026, 237 W
Wed Apr  1 20:10:37 IDT 2026, 233 W
Wed Apr  1 20:10:37 IDT 2026, 239 W
Wed Apr  1 20:10:38 IDT 2026, 601 W
Wed Apr  1 20:10:38 IDT 2026, 604 W
Wed Apr  1 20:10:38 IDT 2026, 593 W
Wed Apr  1 20:10:38 IDT 2026, 607 W
Wed Apr  1 20:10:39 IDT 2026, 597 W
Wed Apr  1 20:10:39 IDT 2026, 605 W
Wed Apr  1 20:10:39 IDT 2026, 594 W
Wed Apr  1 20:10:39 IDT 2026, 608 W
Wed Apr  1 20:10:40 IDT 2026, 599 W
Wed Apr  1 20:10:40 IDT 2026, 604 W
Wed Apr  1 20:10:40 IDT 2026, 594 W
Wed Apr  1 20:10:40 IDT 2026, 607 W
Wed Apr  1 20:10:41 IDT 2026, 598 W
Wed Apr  1 20:10:41 IDT 2026, 605 W
Wed Apr  1 20:10:41 IDT 2026, 594 W
Wed Apr  1 20:10:41 IDT 2026, 607 W
Wed Apr  1 20:10:42 IDT 2026, 603 W
Wed Apr  1 20:10:42 IDT 2026, 609 W
Wed Apr  1 20:10:42 IDT 2026, 594 W
Wed Apr  1 20:10:42 IDT 2026, 612 W
Wed Apr  1 20:10:43 IDT 2026, 600 W
Wed Apr  1 20:10:43 IDT 2026, 605 W
Wed Apr  1 20:10:43 IDT 2026, 594 W
Wed Apr  1 20:10:43 IDT 2026, 608 W
Wed Apr  1 20:10:44 IDT 2026, 600 W
Wed Apr  1 20:10:44 IDT 2026, 609 W
Wed Apr  1 20:10:44 IDT 2026, 597 W
Wed Apr  1 20:10:44 IDT 2026, 611 W
Wed Apr  1 20:10:45 IDT 2026, 598 W
Wed Apr  1 20:10:45 IDT 2026, 603 W
Wed Apr  1 20:10:45 IDT 2026, 592 W
Wed Apr  1 20:10:45 IDT 2026, 607 W
Wed Apr  1 20:10:46 IDT 2026, 590 W
Wed Apr  1 20:10:46 IDT 2026, 597 W
Wed Apr  1 20:10:46 IDT 2026, 588 W
Wed Apr  1 20:10:46 IDT 2026, 600 W
Wed Apr  1 20:10:47 IDT 2026, 586 W
Wed Apr  1 20:10:47 IDT 2026, 594 W
Wed Apr  1 20:10:47 IDT 2026, 588 W
Wed Apr  1 20:10:47 IDT 2026, 602 W
Wed Apr  1 20:10:48 IDT 2026, 593 W
Wed Apr  1 20:10:48 IDT 2026, 600 W
Wed Apr  1 20:10:48 IDT 2026, 590 W
Wed Apr  1 20:10:48 IDT 2026, 602 W
Wed Apr  1 20:10:49 IDT 2026, 591 W
Wed Apr  1 20:10:49 IDT 2026, 599 W
Wed Apr  1 20:10:49 IDT 2026, 586 W
Wed Apr  1 20:10:49 IDT 2026, 603 W
Wed Apr  1 20:10:50 IDT 2026, 580 W
Wed Apr  1 20:10:50 IDT 2026, 589 W
Wed Apr  1 20:10:50 IDT 2026, 579 W
Wed Apr  1 20:10:50 IDT 2026, 592 W
Wed Apr  1 20:10:51 IDT 2026, 580 W
Wed Apr  1 20:10:51 IDT 2026, 584 W
Wed Apr  1 20:10:51 IDT 2026, 577 W
Wed Apr  1 20:10:51 IDT 2026, 592 W
Wed Apr  1 20:10:52 IDT 2026, 580 W
Wed Apr  1 20:10:52 IDT 2026, 585 W
Wed Apr  1 20:10:52 IDT 2026, 573 W
Wed Apr  1 20:10:52 IDT 2026, 594 W
Wed Apr  1 20:10:53 IDT 2026, 582 W
Wed Apr  1 20:10:53 IDT 2026, 591 W
Wed Apr  1 20:10:53 IDT 2026, 579 W
Wed Apr  1 20:10:53 IDT 2026, 592 W
Wed Apr  1 20:10:54 IDT 2026, 580 W
Wed Apr  1 20:10:54 IDT 2026, 587 W
Wed Apr  1 20:10:54 IDT 2026, 578 W
Wed Apr  1 20:10:54 IDT 2026, 590 W
Wed Apr  1 20:10:55 IDT 2026, 370 W
Wed Apr  1 20:10:55 IDT 2026, 287 W
Wed Apr  1 20:10:55 IDT 2026, 358 W
Wed Apr  1 20:10:55 IDT 2026, 368 W
Wed Apr  1 20:10:56 IDT 2026, 582 W
Wed Apr  1 20:10:56 IDT 2026, 581 W
Wed Apr  1 20:10:56 IDT 2026, 576 W
Wed Apr  1 20:10:56 IDT 2026, 587 W
Wed Apr  1 20:10:57 IDT 2026, 580 W
Wed Apr  1 20:10:57 IDT 2026, 588 W
Wed Apr  1 20:10:57 IDT 2026, 576 W
Wed Apr  1 20:10:57 IDT 2026, 588 W
Wed Apr  1 20:10:58 IDT 2026, 575 W
Wed Apr  1 20:10:58 IDT 2026, 577 W
Wed Apr  1 20:10:58 IDT 2026, 573 W
Wed Apr  1 20:10:58 IDT 2026, 587 W
Wed Apr  1 20:10:59 IDT 2026, 584 W
Wed Apr  1 20:10:59 IDT 2026, 590 W
Wed Apr  1 20:10:59 IDT 2026, 580 W
Wed Apr  1 20:10:59 IDT 2026, 592 W
Wed Apr  1 20:11:00 IDT 2026, 579 W
Wed Apr  1 20:11:00 IDT 2026, 586 W
Wed Apr  1 20:11:00 IDT 2026, 577 W
Wed Apr  1 20:11:00 IDT 2026, 589 W
Wed Apr  1 20:11:01 IDT 2026, 581 W
Wed Apr  1 20:11:01 IDT 2026, 585 W
Wed Apr  1 20:11:01 IDT 2026, 575 W
Wed Apr  1 20:11:01 IDT 2026, 590 W
Wed Apr  1 20:11:02 IDT 2026, 581 W
Wed Apr  1 20:11:02 IDT 2026, 584 W
Wed Apr  1 20:11:02 IDT 2026, 575 W
Wed Apr  1 20:11:02 IDT 2026, 587 W
Wed Apr  1 20:11:03 IDT 2026, 538 W
Wed Apr  1 20:11:03 IDT 2026, 547 W
Wed Apr  1 20:11:03 IDT 2026, 532 W
Wed Apr  1 20:11:03 IDT 2026, 544 W
Wed Apr  1 20:11:04 IDT 2026, 551 W
Wed Apr  1 20:11:04 IDT 2026, 555 W
Wed Apr  1 20:11:04 IDT 2026, 545 W
Wed Apr  1 20:11:04 IDT 2026, 555 W
Wed Apr  1 20:11:05 IDT 2026, 290 W
Wed Apr  1 20:11:05 IDT 2026, 317 W
Wed Apr  1 20:11:05 IDT 2026, 464 W
Wed Apr  1 20:11:05 IDT 2026, 489 W
Wed Apr  1 20:11:06 IDT 2026, 692 W
Wed Apr  1 20:11:06 IDT 2026, 689 W
Wed Apr  1 20:11:06 IDT 2026, 684 W
Wed Apr  1 20:11:06 IDT 2026, 703 W
Wed Apr  1 20:11:07 IDT 2026, 599 W
Wed Apr  1 20:11:07 IDT 2026, 600 W
Wed Apr  1 20:11:07 IDT 2026, 594 W
Wed Apr  1 20:11:07 IDT 2026, 608 W
Wed Apr  1 20:11:08 IDT 2026, 598 W
Wed Apr  1 20:11:08 IDT 2026, 606 W
Wed Apr  1 20:11:08 IDT 2026, 596 W
Wed Apr  1 20:11:08 IDT 2026, 607 W
Wed Apr  1 20:11:09 IDT 2026, 600 W
Wed Apr  1 20:11:09 IDT 2026, 605 W
Wed Apr  1 20:11:09 IDT 2026, 596 W
Wed Apr  1 20:11:09 IDT 2026, 610 W
Wed Apr  1 20:11:10 IDT 2026, 597 W
Wed Apr  1 20:11:10 IDT 2026, 605 W
Wed Apr  1 20:11:10 IDT 2026, 594 W
Wed Apr  1 20:11:10 IDT 2026, 608 W
Wed Apr  1 20:11:11 IDT 2026, 598 W
Wed Apr  1 20:11:11 IDT 2026, 602 W
Wed Apr  1 20:11:11 IDT 2026, 596 W
Wed Apr  1 20:11:11 IDT 2026, 607 W
Wed Apr  1 20:11:12 IDT 2026, 600 W
Wed Apr  1 20:11:12 IDT 2026, 607 W
Wed Apr  1 20:11:12 IDT 2026, 596 W
Wed Apr  1 20:11:12 IDT 2026, 608 W
Wed Apr  1 20:11:13 IDT 2026, 602 W
Wed Apr  1 20:11:13 IDT 2026, 607 W
Wed Apr  1 20:11:13 IDT 2026, 596 W
Wed Apr  1 20:11:13 IDT 2026, 609 W
Wed Apr  1 20:11:14 IDT 2026, 601 W
Wed Apr  1 20:11:14 IDT 2026, 608 W
Wed Apr  1 20:11:14 IDT 2026, 595 W
Wed Apr  1 20:11:14 IDT 2026, 608 W
Wed Apr  1 20:11:15 IDT 2026, 598 W
Wed Apr  1 20:11:15 IDT 2026, 606 W
Wed Apr  1 20:11:15 IDT 2026, 594 W
Wed Apr  1 20:11:15 IDT 2026, 607 W
Wed Apr  1 20:11:16 IDT 2026, 599 W
Wed Apr  1 20:11:16 IDT 2026, 606 W
Wed Apr  1 20:11:16 IDT 2026, 593 W
Wed Apr  1 20:11:16 IDT 2026, 608 W
Wed Apr  1 20:11:17 IDT 2026, 593 W
Wed Apr  1 20:11:17 IDT 2026, 602 W
Wed Apr  1 20:11:17 IDT 2026, 595 W
Wed Apr  1 20:11:17 IDT 2026, 607 W
Wed Apr  1 20:11:18 IDT 2026, 598 W
Wed Apr  1 20:11:18 IDT 2026, 606 W
Wed Apr  1 20:11:18 IDT 2026, 594 W
Wed Apr  1 20:11:18 IDT 2026, 606 W
Wed Apr  1 20:11:19 IDT 2026, 596 W
Wed Apr  1 20:11:19 IDT 2026, 600 W
Wed Apr  1 20:11:19 IDT 2026, 590 W
Wed Apr  1 20:11:19 IDT 2026, 603 W
Wed Apr  1 20:11:20 IDT 2026, 592 W
Wed Apr  1 20:11:20 IDT 2026, 597 W
Wed Apr  1 20:11:20 IDT 2026, 589 W
Wed Apr  1 20:11:20 IDT 2026, 603 W
Wed Apr  1 20:11:21 IDT 2026, 553 W
Wed Apr  1 20:11:21 IDT 2026, 553 W
Wed Apr  1 20:11:21 IDT 2026, 544 W
Wed Apr  1 20:11:21 IDT 2026, 558 W
Wed Apr  1 20:11:22 IDT 2026, 542 W
Wed Apr  1 20:11:22 IDT 2026, 546 W
Wed Apr  1 20:11:22 IDT 2026, 543 W
Wed Apr  1 20:11:22 IDT 2026, 554 W
Wed Apr  1 20:11:23 IDT 2026, 549 W
Wed Apr  1 20:11:23 IDT 2026, 552 W
Wed Apr  1 20:11:23 IDT 2026, 538 W
Wed Apr  1 20:11:23 IDT 2026, 553 W
Wed Apr  1 20:11:24 IDT 2026, 497 W
Wed Apr  1 20:11:24 IDT 2026, 501 W
Wed Apr  1 20:11:24 IDT 2026, 493 W
Wed Apr  1 20:11:24 IDT 2026, 504 W
Wed Apr  1 20:11:25 IDT 2026, 498 W
Wed Apr  1 20:11:25 IDT 2026, 501 W
Wed Apr  1 20:11:25 IDT 2026, 493 W
Wed Apr  1 20:11:25 IDT 2026, 506 W
Wed Apr  1 20:11:26 IDT 2026, 496 W
Wed Apr  1 20:11:26 IDT 2026, 502 W
Wed Apr  1 20:11:26 IDT 2026, 493 W
Wed Apr  1 20:11:26 IDT 2026, 505 W
Wed Apr  1 20:11:27 IDT 2026, 481 W
Wed Apr  1 20:11:27 IDT 2026, 477 W
Wed Apr  1 20:11:27 IDT 2026, 462 W
Wed Apr  1 20:11:27 IDT 2026, 470 W
Wed Apr  1 20:11:28 IDT 2026, 239 W
Wed Apr  1 20:11:28 IDT 2026, 236 W
Wed Apr  1 20:11:28 IDT 2026, 235 W
Wed Apr  1 20:11:28 IDT 2026, 241 W
Wed Apr  1 20:11:29 IDT 2026, 599 W
Wed Apr  1 20:11:29 IDT 2026, 606 W
Wed Apr  1 20:11:29 IDT 2026, 602 W
Wed Apr  1 20:11:29 IDT 2026, 615 W
Wed Apr  1 20:11:30 IDT 2026, 598 W
Wed Apr  1 20:11:30 IDT 2026, 604 W
Wed Apr  1 20:11:30 IDT 2026, 595 W
Wed Apr  1 20:11:30 IDT 2026, 610 W
Wed Apr  1 20:11:31 IDT 2026, 597 W
Wed Apr  1 20:11:31 IDT 2026, 603 W
Wed Apr  1 20:11:31 IDT 2026, 594 W
Wed Apr  1 20:11:31 IDT 2026, 609 W
Wed Apr  1 20:11:32 IDT 2026, 600 W
Wed Apr  1 20:11:32 IDT 2026, 605 W
Wed Apr  1 20:11:32 IDT 2026, 594 W
Wed Apr  1 20:11:32 IDT 2026, 609 W
Wed Apr  1 20:11:33 IDT 2026, 595 W
Wed Apr  1 20:11:33 IDT 2026, 603 W
Wed Apr  1 20:11:33 IDT 2026, 593 W
Wed Apr  1 20:11:33 IDT 2026, 605 W
Wed Apr  1 20:11:34 IDT 2026, 596 W
Wed Apr  1 20:11:34 IDT 2026, 602 W
Wed Apr  1 20:11:34 IDT 2026, 592 W
Wed Apr  1 20:11:34 IDT 2026, 606 W
Wed Apr  1 20:11:35 IDT 2026, 591 W
Wed Apr  1 20:11:35 IDT 2026, 597 W
Wed Apr  1 20:11:35 IDT 2026, 587 W
Wed Apr  1 20:11:35 IDT 2026, 599 W
Wed Apr  1 20:11:36 IDT 2026, 589 W
Wed Apr  1 20:11:36 IDT 2026, 595 W
Wed Apr  1 20:11:36 IDT 2026, 586 W
Wed Apr  1 20:11:36 IDT 2026, 602 W
Wed Apr  1 20:11:37 IDT 2026, 594 W
Wed Apr  1 20:11:37 IDT 2026, 595 W
Wed Apr  1 20:11:37 IDT 2026, 587 W
Wed Apr  1 20:11:37 IDT 2026, 602 W
Wed Apr  1 20:11:38 IDT 2026, 589 W
Wed Apr  1 20:11:38 IDT 2026, 599 W
Wed Apr  1 20:11:38 IDT 2026, 585 W
Wed Apr  1 20:11:38 IDT 2026, 600 W
Wed Apr  1 20:11:39 IDT 2026, 579 W
Wed Apr  1 20:11:39 IDT 2026, 589 W
Wed Apr  1 20:11:39 IDT 2026, 576 W
Wed Apr  1 20:11:39 IDT 2026, 589 W
Wed Apr  1 20:11:40 IDT 2026, 582 W
Wed Apr  1 20:11:40 IDT 2026, 590 W
Wed Apr  1 20:11:40 IDT 2026, 576 W
Wed Apr  1 20:11:40 IDT 2026, 589 W
Wed Apr  1 20:11:41 IDT 2026, 585 W
Wed Apr  1 20:11:41 IDT 2026, 586 W
Wed Apr  1 20:11:41 IDT 2026, 576 W
Wed Apr  1 20:11:41 IDT 2026, 593 W
Wed Apr  1 20:11:42 IDT 2026, 580 W
Wed Apr  1 20:11:42 IDT 2026, 587 W
Wed Apr  1 20:11:42 IDT 2026, 575 W
Wed Apr  1 20:11:42 IDT 2026, 587 W
Wed Apr  1 20:11:43 IDT 2026, 574 W
Wed Apr  1 20:11:43 IDT 2026, 584 W
Wed Apr  1 20:11:43 IDT 2026, 574 W
Wed Apr  1 20:11:43 IDT 2026, 585 W
Wed Apr  1 20:11:44 IDT 2026, 580 W
Wed Apr  1 20:11:44 IDT 2026, 585 W
Wed Apr  1 20:11:44 IDT 2026, 572 W
Wed Apr  1 20:11:44 IDT 2026, 590 W
Wed Apr  1 20:11:45 IDT 2026, 584 W
Wed Apr  1 20:11:45 IDT 2026, 588 W
Wed Apr  1 20:11:45 IDT 2026, 577 W
Wed Apr  1 20:11:45 IDT 2026, 593 W
Wed Apr  1 20:11:46 IDT 2026, 584 W
Wed Apr  1 20:11:46 IDT 2026, 584 W
Wed Apr  1 20:11:46 IDT 2026, 578 W
Wed Apr  1 20:11:46 IDT 2026, 589 W
Wed Apr  1 20:11:47 IDT 2026, 583 W
Wed Apr  1 20:11:47 IDT 2026, 592 W
Wed Apr  1 20:11:47 IDT 2026, 580 W
Wed Apr  1 20:11:47 IDT 2026, 591 W
Wed Apr  1 20:11:48 IDT 2026, 584 W
Wed Apr  1 20:11:48 IDT 2026, 587 W
Wed Apr  1 20:11:48 IDT 2026, 578 W
Wed Apr  1 20:11:48 IDT 2026, 589 W
Wed Apr  1 20:11:49 IDT 2026, 583 W
Wed Apr  1 20:11:49 IDT 2026, 585 W
Wed Apr  1 20:11:49 IDT 2026, 579 W
Wed Apr  1 20:11:49 IDT 2026, 594 W
Wed Apr  1 20:11:50 IDT 2026, 585 W
Wed Apr  1 20:11:50 IDT 2026, 590 W
Wed Apr  1 20:11:50 IDT 2026, 578 W
Wed Apr  1 20:11:50 IDT 2026, 592 W
Wed Apr  1 20:11:51 IDT 2026, 580 W
Wed Apr  1 20:11:51 IDT 2026, 584 W
Wed Apr  1 20:11:51 IDT 2026, 572 W
Wed Apr  1 20:11:51 IDT 2026, 586 W
Wed Apr  1 20:11:52 IDT 2026, 576 W
Wed Apr  1 20:11:52 IDT 2026, 585 W
Wed Apr  1 20:11:52 IDT 2026, 573 W
Wed Apr  1 20:11:52 IDT 2026, 590 W
Wed Apr  1 20:11:53 IDT 2026, 560 W
Wed Apr  1 20:11:53 IDT 2026, 571 W
Wed Apr  1 20:11:53 IDT 2026, 547 W
Wed Apr  1 20:11:53 IDT 2026, 562 W
Wed Apr  1 20:11:54 IDT 2026, 549 W
Wed Apr  1 20:11:54 IDT 2026, 556 W
Wed Apr  1 20:11:54 IDT 2026, 543 W
Wed Apr  1 20:11:54 IDT 2026, 555 W
Wed Apr  1 20:11:55 IDT 2026, 546 W
Wed Apr  1 20:11:55 IDT 2026, 553 W
Wed Apr  1 20:11:55 IDT 2026, 544 W
Wed Apr  1 20:11:55 IDT 2026, 557 W
Wed Apr  1 20:11:56 IDT 2026, 236 W
Wed Apr  1 20:11:56 IDT 2026, 253 W
Wed Apr  1 20:11:56 IDT 2026, 240 W
Wed Apr  1 20:11:56 IDT 2026, 248 W
Wed Apr  1 20:11:57 IDT 2026, 237 W
Wed Apr  1 20:11:57 IDT 2026, 239 W
Wed Apr  1 20:11:57 IDT 2026, 243 W
Wed Apr  1 20:11:57 IDT 2026, 240 W
Wed Apr  1 20:11:58 IDT 2026, 233 W
Wed Apr  1 20:11:58 IDT 2026, 235 W
Wed Apr  1 20:11:58 IDT 2026, 231 W
Wed Apr  1 20:11:58 IDT 2026, 238 W
Wed Apr  1 20:11:59 IDT 2026, 601 W
Wed Apr  1 20:11:59 IDT 2026, 606 W
Wed Apr  1 20:11:59 IDT 2026, 596 W
Wed Apr  1 20:11:59 IDT 2026, 607 W
Wed Apr  1 20:12:00 IDT 2026, 596 W
Wed Apr  1 20:12:00 IDT 2026, 603 W
Wed Apr  1 20:12:00 IDT 2026, 592 W
Wed Apr  1 20:12:00 IDT 2026, 609 W
Wed Apr  1 20:12:01 IDT 2026, 602 W
Wed Apr  1 20:12:01 IDT 2026, 608 W
Wed Apr  1 20:12:01 IDT 2026, 595 W
Wed Apr  1 20:12:01 IDT 2026, 610 W
Wed Apr  1 20:12:02 IDT 2026, 602 W
Wed Apr  1 20:12:02 IDT 2026, 605 W
Wed Apr  1 20:12:02 IDT 2026, 595 W
Wed Apr  1 20:12:02 IDT 2026, 610 W
Wed Apr  1 20:12:03 IDT 2026, 602 W
Wed Apr  1 20:12:03 IDT 2026, 608 W
Wed Apr  1 20:12:03 IDT 2026, 596 W
Wed Apr  1 20:12:03 IDT 2026, 610 W
Wed Apr  1 20:12:04 IDT 2026, 600 W
Wed Apr  1 20:12:04 IDT 2026, 604 W
Wed Apr  1 20:12:04 IDT 2026, 599 W
Wed Apr  1 20:12:04 IDT 2026, 611 W
Wed Apr  1 20:12:05 IDT 2026, 589 W
Wed Apr  1 20:12:05 IDT 2026, 599 W
Wed Apr  1 20:12:05 IDT 2026, 590 W
Wed Apr  1 20:12:05 IDT 2026, 601 W
Wed Apr  1 20:12:06 IDT 2026, 591 W
Wed Apr  1 20:12:06 IDT 2026, 601 W
Wed Apr  1 20:12:06 IDT 2026, 587 W
Wed Apr  1 20:12:06 IDT 2026, 605 W
Wed Apr  1 20:12:07 IDT 2026, 591 W
Wed Apr  1 20:12:07 IDT 2026, 598 W
Wed Apr  1 20:12:07 IDT 2026, 588 W
Wed Apr  1 20:12:07 IDT 2026, 601 W
Wed Apr  1 20:12:08 IDT 2026, 590 W
Wed Apr  1 20:12:08 IDT 2026, 594 W
Wed Apr  1 20:12:08 IDT 2026, 588 W
Wed Apr  1 20:12:08 IDT 2026, 604 W
Wed Apr  1 20:12:09 IDT 2026, 581 W
Wed Apr  1 20:12:09 IDT 2026, 585 W
Wed Apr  1 20:12:09 IDT 2026, 580 W
Wed Apr  1 20:12:09 IDT 2026, 591 W
Wed Apr  1 20:12:10 IDT 2026, 582 W
Wed Apr  1 20:12:10 IDT 2026, 588 W
Wed Apr  1 20:12:10 IDT 2026, 578 W
Wed Apr  1 20:12:10 IDT 2026, 592 W
Wed Apr  1 20:12:11 IDT 2026, 580 W
Wed Apr  1 20:12:11 IDT 2026, 588 W
Wed Apr  1 20:12:11 IDT 2026, 576 W
Wed Apr  1 20:12:11 IDT 2026, 588 W
Wed Apr  1 20:12:12 IDT 2026, 585 W
Wed Apr  1 20:12:12 IDT 2026, 587 W
Wed Apr  1 20:12:12 IDT 2026, 578 W
Wed Apr  1 20:12:12 IDT 2026, 591 W
Wed Apr  1 20:12:13 IDT 2026, 580 W
Wed Apr  1 20:12:13 IDT 2026, 587 W
Wed Apr  1 20:12:13 IDT 2026, 578 W
Wed Apr  1 20:12:13 IDT 2026, 595 W
Wed Apr  1 20:12:14 IDT 2026, 578 W
Wed Apr  1 20:12:14 IDT 2026, 588 W
Wed Apr  1 20:12:14 IDT 2026, 574 W
Wed Apr  1 20:12:14 IDT 2026, 587 W
Wed Apr  1 20:12:15 IDT 2026, 584 W
Wed Apr  1 20:12:15 IDT 2026, 587 W
Wed Apr  1 20:12:15 IDT 2026, 577 W
Wed Apr  1 20:12:15 IDT 2026, 591 W
Wed Apr  1 20:12:16 IDT 2026, 585 W
Wed Apr  1 20:12:16 IDT 2026, 593 W
Wed Apr  1 20:12:16 IDT 2026, 581 W
Wed Apr  1 20:12:16 IDT 2026, 592 W
Wed Apr  1 20:12:17 IDT 2026, 574 W
Wed Apr  1 20:12:17 IDT 2026, 585 W
Wed Apr  1 20:12:17 IDT 2026, 578 W
Wed Apr  1 20:12:17 IDT 2026, 589 W
Wed Apr  1 20:12:18 IDT 2026, 572 W
Wed Apr  1 20:12:18 IDT 2026, 583 W
Wed Apr  1 20:12:18 IDT 2026, 575 W
Wed Apr  1 20:12:18 IDT 2026, 585 W
Wed Apr  1 20:12:19 IDT 2026, 582 W
Wed Apr  1 20:12:19 IDT 2026, 584 W
Wed Apr  1 20:12:19 IDT 2026, 575 W
Wed Apr  1 20:12:19 IDT 2026, 589 W
Wed Apr  1 20:12:20 IDT 2026, 581 W
Wed Apr  1 20:12:20 IDT 2026, 587 W
Wed Apr  1 20:12:20 IDT 2026, 579 W
Wed Apr  1 20:12:20 IDT 2026, 587 W
Wed Apr  1 20:12:21 IDT 2026, 585 W
Wed Apr  1 20:12:21 IDT 2026, 590 W
Wed Apr  1 20:12:21 IDT 2026, 580 W
Wed Apr  1 20:12:21 IDT 2026, 594 W
Wed Apr  1 20:12:22 IDT 2026, 579 W
Wed Apr  1 20:12:22 IDT 2026, 585 W
Wed Apr  1 20:12:22 IDT 2026, 574 W
Wed Apr  1 20:12:22 IDT 2026, 586 W
Wed Apr  1 20:12:23 IDT 2026, 583 W
Wed Apr  1 20:12:23 IDT 2026, 589 W
Wed Apr  1 20:12:23 IDT 2026, 577 W
Wed Apr  1 20:12:23 IDT 2026, 589 W
Wed Apr  1 20:12:24 IDT 2026, 578 W
Wed Apr  1 20:12:24 IDT 2026, 586 W
Wed Apr  1 20:12:24 IDT 2026, 576 W
Wed Apr  1 20:12:24 IDT 2026, 584 W
Wed Apr  1 20:12:25 IDT 2026, 583 W
Wed Apr  1 20:12:25 IDT 2026, 589 W
Wed Apr  1 20:12:25 IDT 2026, 579 W
Wed Apr  1 20:12:25 IDT 2026, 590 W
Wed Apr  1 20:12:26 IDT 2026, 577 W
Wed Apr  1 20:12:26 IDT 2026, 585 W
Wed Apr  1 20:12:26 IDT 2026, 577 W
Wed Apr  1 20:12:26 IDT 2026, 592 W
