timestamp, power.draw [W]
Fri Aug 22 21:18:27 IDT 2025, 91 W
Fri Aug 22 21:18:27 IDT 2025, 90 W
Fri Aug 22 21:18:27 IDT 2025, 104 W
Fri Aug 22 21:18:27 IDT 2025, 98 W
Fri Aug 22 21:18:27 IDT 2025, 83 W
Fri Aug 22 21:18:27 IDT 2025, 86 W
Fri Aug 22 21:18:27 IDT 2025, 94 W
Fri Aug 22 21:18:27 IDT 2025, 96 W
Fri Aug 22 21:18:28 IDT 2025, 98 W
Fri Aug 22 21:18:28 IDT 2025, 92 W
Fri Aug 22 21:18:28 IDT 2025, 104 W
Fri Aug 22 21:18:28 IDT 2025, 105 W
Fri Aug 22 21:18:28 IDT 2025, 89 W
Fri Aug 22 21:18:28 IDT 2025, 88 W
Fri Aug 22 21:18:28 IDT 2025, 94 W
Fri Aug 22 21:18:28 IDT 2025, 99 W
Fri Aug 22 21:18:29 IDT 2025, 99 W
Fri Aug 22 21:18:29 IDT 2025, 91 W
Fri Aug 22 21:18:29 IDT 2025, 108 W
Fri Aug 22 21:18:29 IDT 2025, 98 W
Fri Aug 22 21:18:29 IDT 2025, 90 W
Fri Aug 22 21:18:29 IDT 2025, 86 W
Fri Aug 22 21:18:29 IDT 2025, 97 W
Fri Aug 22 21:18:29 IDT 2025, 94 W
Fri Aug 22 21:18:30 IDT 2025, 92 W
Fri Aug 22 21:18:30 IDT 2025, 97 W
Fri Aug 22 21:18:30 IDT 2025, 105 W
Fri Aug 22 21:18:30 IDT 2025, 102 W
Fri Aug 22 21:18:30 IDT 2025, 84 W
Fri Aug 22 21:18:30 IDT 2025, 85 W
Fri Aug 22 21:18:30 IDT 2025, 89 W
Fri Aug 22 21:18:30 IDT 2025, 97 W
Fri Aug 22 21:18:31 IDT 2025, 92 W
Fri Aug 22 21:18:31 IDT 2025, 89 W
Fri Aug 22 21:18:31 IDT 2025, 111 W
Fri Aug 22 21:18:31 IDT 2025, 99 W
Fri Aug 22 21:18:31 IDT 2025, 85 W
Fri Aug 22 21:18:31 IDT 2025, 93 W
Fri Aug 22 21:18:31 IDT 2025, 101 W
Fri Aug 22 21:18:31 IDT 2025, 98 W
Fri Aug 22 21:18:32 IDT 2025, 97 W
Fri Aug 22 21:18:32 IDT 2025, 92 W
Fri Aug 22 21:18:32 IDT 2025, 100 W
Fri Aug 22 21:18:32 IDT 2025, 108 W
Fri Aug 22 21:18:32 IDT 2025, 80 W
Fri Aug 22 21:18:32 IDT 2025, 83 W
Fri Aug 22 21:18:32 IDT 2025, 88 W
Fri Aug 22 21:18:32 IDT 2025, 99 W
Fri Aug 22 21:18:33 IDT 2025, 99 W
Fri Aug 22 21:18:33 IDT 2025, 98 W
Fri Aug 22 21:18:33 IDT 2025, 105 W
Fri Aug 22 21:18:33 IDT 2025, 101 W
Fri Aug 22 21:18:33 IDT 2025, 85 W
Fri Aug 22 21:18:33 IDT 2025, 85 W
Fri Aug 22 21:18:33 IDT 2025, 94 W
Fri Aug 22 21:18:33 IDT 2025, 98 W
Fri Aug 22 21:18:34 IDT 2025, 94 W
Fri Aug 22 21:18:34 IDT 2025, 93 W
Fri Aug 22 21:18:34 IDT 2025, 105 W
Fri Aug 22 21:18:34 IDT 2025, 103 W
Fri Aug 22 21:18:34 IDT 2025, 88 W
Fri Aug 22 21:18:34 IDT 2025, 92 W
Fri Aug 22 21:18:34 IDT 2025, 94 W
Fri Aug 22 21:18:34 IDT 2025, 94 W
Fri Aug 22 21:18:35 IDT 2025, 96 W
Fri Aug 22 21:18:35 IDT 2025, 89 W
Fri Aug 22 21:18:35 IDT 2025, 102 W
Fri Aug 22 21:18:35 IDT 2025, 112 W
Fri Aug 22 21:18:35 IDT 2025, 80 W
Fri Aug 22 21:18:35 IDT 2025, 93 W
Fri Aug 22 21:18:35 IDT 2025, 95 W
Fri Aug 22 21:18:35 IDT 2025, 95 W
Fri Aug 22 21:18:36 IDT 2025, 94 W
Fri Aug 22 21:18:36 IDT 2025, 94 W
Fri Aug 22 21:18:36 IDT 2025, 104 W
Fri Aug 22 21:18:36 IDT 2025, 95 W
Fri Aug 22 21:18:36 IDT 2025, 88 W
Fri Aug 22 21:18:36 IDT 2025, 88 W
Fri Aug 22 21:18:36 IDT 2025, 95 W
Fri Aug 22 21:18:36 IDT 2025, 100 W
Fri Aug 22 21:18:37 IDT 2025, 96 W
Fri Aug 22 21:18:37 IDT 2025, 91 W
Fri Aug 22 21:18:37 IDT 2025, 102 W
Fri Aug 22 21:18:37 IDT 2025, 103 W
Fri Aug 22 21:18:37 IDT 2025, 90 W
Fri Aug 22 21:18:37 IDT 2025, 84 W
Fri Aug 22 21:18:37 IDT 2025, 92 W
Fri Aug 22 21:18:37 IDT 2025, 98 W
Fri Aug 22 21:18:38 IDT 2025, 97 W
Fri Aug 22 21:18:38 IDT 2025, 88 W
Fri Aug 22 21:18:38 IDT 2025, 102 W
Fri Aug 22 21:18:38 IDT 2025, 96 W
Fri Aug 22 21:18:38 IDT 2025, 89 W
Fri Aug 22 21:18:38 IDT 2025, 86 W
Fri Aug 22 21:18:38 IDT 2025, 96 W
Fri Aug 22 21:18:38 IDT 2025, 97 W
Fri Aug 22 21:18:39 IDT 2025, 98 W
Fri Aug 22 21:18:39 IDT 2025, 91 W
Fri Aug 22 21:18:39 IDT 2025, 106 W
Fri Aug 22 21:18:39 IDT 2025, 98 W
Fri Aug 22 21:18:39 IDT 2025, 90 W
Fri Aug 22 21:18:39 IDT 2025, 87 W
Fri Aug 22 21:18:39 IDT 2025, 94 W
Fri Aug 22 21:18:39 IDT 2025, 100 W
Fri Aug 22 21:18:40 IDT 2025, 93 W
Fri Aug 22 21:18:40 IDT 2025, 95 W
Fri Aug 22 21:18:40 IDT 2025, 107 W
Fri Aug 22 21:18:40 IDT 2025, 104 W
Fri Aug 22 21:18:40 IDT 2025, 85 W
Fri Aug 22 21:18:40 IDT 2025, 87 W
Fri Aug 22 21:18:40 IDT 2025, 90 W
Fri Aug 22 21:18:40 IDT 2025, 102 W
Fri Aug 22 21:18:41 IDT 2025, 97 W
Fri Aug 22 21:18:41 IDT 2025, 93 W
Fri Aug 22 21:18:41 IDT 2025, 105 W
Fri Aug 22 21:18:41 IDT 2025, 106 W
Fri Aug 22 21:18:41 IDT 2025, 85 W
Fri Aug 22 21:18:41 IDT 2025, 88 W
Fri Aug 22 21:18:41 IDT 2025, 86 W
Fri Aug 22 21:18:41 IDT 2025, 95 W
Fri Aug 22 21:18:42 IDT 2025, 97 W
Fri Aug 22 21:18:42 IDT 2025, 90 W
Fri Aug 22 21:18:42 IDT 2025, 100 W
Fri Aug 22 21:18:42 IDT 2025, 103 W
Fri Aug 22 21:18:42 IDT 2025, 90 W
Fri Aug 22 21:18:42 IDT 2025, 86 W
Fri Aug 22 21:18:42 IDT 2025, 88 W
Fri Aug 22 21:18:42 IDT 2025, 99 W
Fri Aug 22 21:18:43 IDT 2025, 94 W
Fri Aug 22 21:18:43 IDT 2025, 91 W
Fri Aug 22 21:18:43 IDT 2025, 106 W
Fri Aug 22 21:18:43 IDT 2025, 103 W
Fri Aug 22 21:18:43 IDT 2025, 85 W
Fri Aug 22 21:18:43 IDT 2025, 84 W
Fri Aug 22 21:18:43 IDT 2025, 95 W
Fri Aug 22 21:18:43 IDT 2025, 93 W
Fri Aug 22 21:18:44 IDT 2025, 103 W
Fri Aug 22 21:18:44 IDT 2025, 91 W
Fri Aug 22 21:18:44 IDT 2025, 105 W
Fri Aug 22 21:18:44 IDT 2025, 107 W
Fri Aug 22 21:18:44 IDT 2025, 84 W
Fri Aug 22 21:18:44 IDT 2025, 96 W
Fri Aug 22 21:18:44 IDT 2025, 94 W
Fri Aug 22 21:18:44 IDT 2025, 97 W
Fri Aug 22 21:18:45 IDT 2025, 93 W
Fri Aug 22 21:18:45 IDT 2025, 99 W
Fri Aug 22 21:18:45 IDT 2025, 111 W
Fri Aug 22 21:18:45 IDT 2025, 99 W
Fri Aug 22 21:18:45 IDT 2025, 93 W
Fri Aug 22 21:18:45 IDT 2025, 88 W
Fri Aug 22 21:18:45 IDT 2025, 96 W
Fri Aug 22 21:18:45 IDT 2025, 93 W
Fri Aug 22 21:18:46 IDT 2025, 100 W
Fri Aug 22 21:18:46 IDT 2025, 88 W
Fri Aug 22 21:18:46 IDT 2025, 106 W
Fri Aug 22 21:18:46 IDT 2025, 95 W
Fri Aug 22 21:18:46 IDT 2025, 83 W
Fri Aug 22 21:18:46 IDT 2025, 92 W
Fri Aug 22 21:18:46 IDT 2025, 87 W
Fri Aug 22 21:18:46 IDT 2025, 89 W
Fri Aug 22 21:18:47 IDT 2025, 98 W
Fri Aug 22 21:18:47 IDT 2025, 91 W
Fri Aug 22 21:18:47 IDT 2025, 104 W
Fri Aug 22 21:18:47 IDT 2025, 105 W
Fri Aug 22 21:18:47 IDT 2025, 92 W
Fri Aug 22 21:18:47 IDT 2025, 82 W
Fri Aug 22 21:18:47 IDT 2025, 97 W
Fri Aug 22 21:18:47 IDT 2025, 91 W
Fri Aug 22 21:18:48 IDT 2025, 96 W
Fri Aug 22 21:18:48 IDT 2025, 90 W
Fri Aug 22 21:18:48 IDT 2025, 102 W
Fri Aug 22 21:18:48 IDT 2025, 98 W
Fri Aug 22 21:18:48 IDT 2025, 87 W
Fri Aug 22 21:18:48 IDT 2025, 84 W
Fri Aug 22 21:18:48 IDT 2025, 95 W
Fri Aug 22 21:18:48 IDT 2025, 95 W
Fri Aug 22 21:18:49 IDT 2025, 98 W
Fri Aug 22 21:18:49 IDT 2025, 90 W
Fri Aug 22 21:18:49 IDT 2025, 102 W
Fri Aug 22 21:18:49 IDT 2025, 97 W
Fri Aug 22 21:18:49 IDT 2025, 83 W
Fri Aug 22 21:18:49 IDT 2025, 87 W
Fri Aug 22 21:18:49 IDT 2025, 92 W
Fri Aug 22 21:18:49 IDT 2025, 96 W
Fri Aug 22 21:18:50 IDT 2025, 102 W
Fri Aug 22 21:18:50 IDT 2025, 88 W
Fri Aug 22 21:18:50 IDT 2025, 101 W
Fri Aug 22 21:18:50 IDT 2025, 106 W
Fri Aug 22 21:18:50 IDT 2025, 85 W
Fri Aug 22 21:18:50 IDT 2025, 89 W
Fri Aug 22 21:18:50 IDT 2025, 91 W
Fri Aug 22 21:18:50 IDT 2025, 98 W
Fri Aug 22 21:18:51 IDT 2025, 95 W
Fri Aug 22 21:18:51 IDT 2025, 90 W
Fri Aug 22 21:18:51 IDT 2025, 104 W
Fri Aug 22 21:18:51 IDT 2025, 98 W
Fri Aug 22 21:18:51 IDT 2025, 86 W
Fri Aug 22 21:18:51 IDT 2025, 85 W
Fri Aug 22 21:18:51 IDT 2025, 91 W
Fri Aug 22 21:18:51 IDT 2025, 96 W
Fri Aug 22 21:18:52 IDT 2025, 101 W
Fri Aug 22 21:18:52 IDT 2025, 91 W
Fri Aug 22 21:18:52 IDT 2025, 102 W
Fri Aug 22 21:18:52 IDT 2025, 103 W
Fri Aug 22 21:18:52 IDT 2025, 85 W
Fri Aug 22 21:18:52 IDT 2025, 85 W
Fri Aug 22 21:18:52 IDT 2025, 91 W
Fri Aug 22 21:18:52 IDT 2025, 91 W
Fri Aug 22 21:18:53 IDT 2025, 98 W
Fri Aug 22 21:18:53 IDT 2025, 92 W
Fri Aug 22 21:18:53 IDT 2025, 104 W
Fri Aug 22 21:18:53 IDT 2025, 97 W
Fri Aug 22 21:18:53 IDT 2025, 93 W
Fri Aug 22 21:18:53 IDT 2025, 91 W
Fri Aug 22 21:18:53 IDT 2025, 99 W
Fri Aug 22 21:18:53 IDT 2025, 91 W
Fri Aug 22 21:18:54 IDT 2025, 97 W
Fri Aug 22 21:18:54 IDT 2025, 92 W
Fri Aug 22 21:18:54 IDT 2025, 110 W
Fri Aug 22 21:18:54 IDT 2025, 106 W
Fri Aug 22 21:18:54 IDT 2025, 84 W
Fri Aug 22 21:18:54 IDT 2025, 85 W
Fri Aug 22 21:18:54 IDT 2025, 89 W
Fri Aug 22 21:18:54 IDT 2025, 99 W
Fri Aug 22 21:18:55 IDT 2025, 93 W
Fri Aug 22 21:18:55 IDT 2025, 87 W
Fri Aug 22 21:18:55 IDT 2025, 102 W
Fri Aug 22 21:18:55 IDT 2025, 101 W
Fri Aug 22 21:18:55 IDT 2025, 94 W
Fri Aug 22 21:18:55 IDT 2025, 82 W
Fri Aug 22 21:18:55 IDT 2025, 89 W
Fri Aug 22 21:18:55 IDT 2025, 91 W
Fri Aug 22 21:18:56 IDT 2025, 95 W
Fri Aug 22 21:18:56 IDT 2025, 97 W
Fri Aug 22 21:18:56 IDT 2025, 101 W
Fri Aug 22 21:18:56 IDT 2025, 99 W
Fri Aug 22 21:18:56 IDT 2025, 88 W
Fri Aug 22 21:18:56 IDT 2025, 85 W
Fri Aug 22 21:18:56 IDT 2025, 92 W
Fri Aug 22 21:18:56 IDT 2025, 99 W
Fri Aug 22 21:18:57 IDT 2025, 95 W
Fri Aug 22 21:18:57 IDT 2025, 90 W
Fri Aug 22 21:18:57 IDT 2025, 107 W
Fri Aug 22 21:18:57 IDT 2025, 98 W
Fri Aug 22 21:18:57 IDT 2025, 94 W
Fri Aug 22 21:18:57 IDT 2025, 82 W
Fri Aug 22 21:18:57 IDT 2025, 95 W
Fri Aug 22 21:18:57 IDT 2025, 100 W
Fri Aug 22 21:18:58 IDT 2025, 95 W
Fri Aug 22 21:18:58 IDT 2025, 97 W
Fri Aug 22 21:18:58 IDT 2025, 102 W
Fri Aug 22 21:18:58 IDT 2025, 109 W
Fri Aug 22 21:18:58 IDT 2025, 87 W
Fri Aug 22 21:18:58 IDT 2025, 90 W
Fri Aug 22 21:18:58 IDT 2025, 88 W
Fri Aug 22 21:18:58 IDT 2025, 98 W
Fri Aug 22 21:18:59 IDT 2025, 93 W
Fri Aug 22 21:18:59 IDT 2025, 86 W
Fri Aug 22 21:18:59 IDT 2025, 112 W
Fri Aug 22 21:18:59 IDT 2025, 107 W
Fri Aug 22 21:18:59 IDT 2025, 82 W
Fri Aug 22 21:18:59 IDT 2025, 84 W
Fri Aug 22 21:18:59 IDT 2025, 88 W
Fri Aug 22 21:18:59 IDT 2025, 91 W
Fri Aug 22 21:19:00 IDT 2025, 100 W
Fri Aug 22 21:19:00 IDT 2025, 90 W
Fri Aug 22 21:19:00 IDT 2025, 101 W
Fri Aug 22 21:19:00 IDT 2025, 102 W
Fri Aug 22 21:19:00 IDT 2025, 83 W
Fri Aug 22 21:19:00 IDT 2025, 89 W
Fri Aug 22 21:19:00 IDT 2025, 97 W
Fri Aug 22 21:19:00 IDT 2025, 95 W
Fri Aug 22 21:19:01 IDT 2025, 92 W
Fri Aug 22 21:19:01 IDT 2025, 90 W
Fri Aug 22 21:19:01 IDT 2025, 106 W
Fri Aug 22 21:19:01 IDT 2025, 98 W
Fri Aug 22 21:19:01 IDT 2025, 85 W
Fri Aug 22 21:19:01 IDT 2025, 87 W
Fri Aug 22 21:19:01 IDT 2025, 99 W
Fri Aug 22 21:19:01 IDT 2025, 95 W
Fri Aug 22 21:19:02 IDT 2025, 103 W
Fri Aug 22 21:19:02 IDT 2025, 87 W
Fri Aug 22 21:19:02 IDT 2025, 100 W
Fri Aug 22 21:19:02 IDT 2025, 102 W
Fri Aug 22 21:19:02 IDT 2025, 88 W
Fri Aug 22 21:19:02 IDT 2025, 93 W
Fri Aug 22 21:19:02 IDT 2025, 92 W
Fri Aug 22 21:19:02 IDT 2025, 91 W
Fri Aug 22 21:19:03 IDT 2025, 94 W
Fri Aug 22 21:19:03 IDT 2025, 88 W
Fri Aug 22 21:19:03 IDT 2025, 104 W
Fri Aug 22 21:19:03 IDT 2025, 105 W
Fri Aug 22 21:19:03 IDT 2025, 82 W
Fri Aug 22 21:19:03 IDT 2025, 90 W
Fri Aug 22 21:19:03 IDT 2025, 87 W
Fri Aug 22 21:19:03 IDT 2025, 93 W
Fri Aug 22 21:19:04 IDT 2025, 93 W
Fri Aug 22 21:19:04 IDT 2025, 88 W
Fri Aug 22 21:19:04 IDT 2025, 103 W
Fri Aug 22 21:19:04 IDT 2025, 99 W
Fri Aug 22 21:19:04 IDT 2025, 83 W
Fri Aug 22 21:19:04 IDT 2025, 91 W
Fri Aug 22 21:19:04 IDT 2025, 95 W
Fri Aug 22 21:19:04 IDT 2025, 92 W
Fri Aug 22 21:19:05 IDT 2025, 102 W
Fri Aug 22 21:19:05 IDT 2025, 91 W
Fri Aug 22 21:19:05 IDT 2025, 102 W
Fri Aug 22 21:19:05 IDT 2025, 98 W
Fri Aug 22 21:19:05 IDT 2025, 83 W
Fri Aug 22 21:19:05 IDT 2025, 88 W
Fri Aug 22 21:19:05 IDT 2025, 93 W
Fri Aug 22 21:19:05 IDT 2025, 93 W
Fri Aug 22 21:19:06 IDT 2025, 101 W
Fri Aug 22 21:19:06 IDT 2025, 96 W
Fri Aug 22 21:19:06 IDT 2025, 103 W
Fri Aug 22 21:19:06 IDT 2025, 108 W
Fri Aug 22 21:19:06 IDT 2025, 93 W
Fri Aug 22 21:19:06 IDT 2025, 86 W
Fri Aug 22 21:19:06 IDT 2025, 92 W
Fri Aug 22 21:19:06 IDT 2025, 92 W
Fri Aug 22 21:19:07 IDT 2025, 96 W
Fri Aug 22 21:19:07 IDT 2025, 89 W
Fri Aug 22 21:19:07 IDT 2025, 101 W
Fri Aug 22 21:19:07 IDT 2025, 95 W
Fri Aug 22 21:19:07 IDT 2025, 94 W
Fri Aug 22 21:19:07 IDT 2025, 88 W
Fri Aug 22 21:19:07 IDT 2025, 88 W
Fri Aug 22 21:19:07 IDT 2025, 96 W
Fri Aug 22 21:19:08 IDT 2025, 97 W
Fri Aug 22 21:19:08 IDT 2025, 91 W
Fri Aug 22 21:19:08 IDT 2025, 110 W
Fri Aug 22 21:19:08 IDT 2025, 101 W
Fri Aug 22 21:19:08 IDT 2025, 82 W
Fri Aug 22 21:19:08 IDT 2025, 85 W
Fri Aug 22 21:19:08 IDT 2025, 91 W
Fri Aug 22 21:19:08 IDT 2025, 93 W
Fri Aug 22 21:19:09 IDT 2025, 94 W
Fri Aug 22 21:19:09 IDT 2025, 96 W
Fri Aug 22 21:19:09 IDT 2025, 107 W
Fri Aug 22 21:19:09 IDT 2025, 102 W
Fri Aug 22 21:19:09 IDT 2025, 87 W
Fri Aug 22 21:19:09 IDT 2025, 81 W
Fri Aug 22 21:19:09 IDT 2025, 92 W
Fri Aug 22 21:19:09 IDT 2025, 95 W
Fri Aug 22 21:19:10 IDT 2025, 94 W
Fri Aug 22 21:19:10 IDT 2025, 96 W
Fri Aug 22 21:19:10 IDT 2025, 104 W
Fri Aug 22 21:19:10 IDT 2025, 101 W
Fri Aug 22 21:19:10 IDT 2025, 88 W
Fri Aug 22 21:19:10 IDT 2025, 90 W
Fri Aug 22 21:19:10 IDT 2025, 90 W
Fri Aug 22 21:19:10 IDT 2025, 95 W
Fri Aug 22 21:19:11 IDT 2025, 103 W
Fri Aug 22 21:19:11 IDT 2025, 90 W
Fri Aug 22 21:19:11 IDT 2025, 107 W
Fri Aug 22 21:19:11 IDT 2025, 100 W
Fri Aug 22 21:19:11 IDT 2025, 90 W
Fri Aug 22 21:19:11 IDT 2025, 87 W
Fri Aug 22 21:19:11 IDT 2025, 92 W
Fri Aug 22 21:19:11 IDT 2025, 95 W
Fri Aug 22 21:19:12 IDT 2025, 102 W
Fri Aug 22 21:19:12 IDT 2025, 87 W
Fri Aug 22 21:19:12 IDT 2025, 108 W
Fri Aug 22 21:19:12 IDT 2025, 106 W
Fri Aug 22 21:19:12 IDT 2025, 95 W
Fri Aug 22 21:19:12 IDT 2025, 87 W
Fri Aug 22 21:19:12 IDT 2025, 89 W
Fri Aug 22 21:19:12 IDT 2025, 88 W
Fri Aug 22 21:19:13 IDT 2025, 96 W
Fri Aug 22 21:19:13 IDT 2025, 92 W
Fri Aug 22 21:19:13 IDT 2025, 103 W
Fri Aug 22 21:19:13 IDT 2025, 102 W
Fri Aug 22 21:19:13 IDT 2025, 87 W
Fri Aug 22 21:19:13 IDT 2025, 86 W
Fri Aug 22 21:19:13 IDT 2025, 92 W
Fri Aug 22 21:19:13 IDT 2025, 98 W
Fri Aug 22 21:19:14 IDT 2025, 99 W
Fri Aug 22 21:19:14 IDT 2025, 89 W
Fri Aug 22 21:19:14 IDT 2025, 105 W
Fri Aug 22 21:19:14 IDT 2025, 106 W
Fri Aug 22 21:19:14 IDT 2025, 85 W
Fri Aug 22 21:19:14 IDT 2025, 91 W
Fri Aug 22 21:19:14 IDT 2025, 92 W
Fri Aug 22 21:19:14 IDT 2025, 93 W
Fri Aug 22 21:19:15 IDT 2025, 100 W
Fri Aug 22 21:19:15 IDT 2025, 92 W
Fri Aug 22 21:19:15 IDT 2025, 104 W
Fri Aug 22 21:19:15 IDT 2025, 102 W
Fri Aug 22 21:19:15 IDT 2025, 90 W
Fri Aug 22 21:19:15 IDT 2025, 86 W
Fri Aug 22 21:19:15 IDT 2025, 92 W
Fri Aug 22 21:19:15 IDT 2025, 99 W
Fri Aug 22 21:19:16 IDT 2025, 95 W
Fri Aug 22 21:19:16 IDT 2025, 95 W
Fri Aug 22 21:19:16 IDT 2025, 108 W
Fri Aug 22 21:19:16 IDT 2025, 96 W
Fri Aug 22 21:19:16 IDT 2025, 86 W
Fri Aug 22 21:19:16 IDT 2025, 89 W
Fri Aug 22 21:19:16 IDT 2025, 95 W
Fri Aug 22 21:19:16 IDT 2025, 95 W
Fri Aug 22 21:19:17 IDT 2025, 99 W
Fri Aug 22 21:19:17 IDT 2025, 88 W
Fri Aug 22 21:19:17 IDT 2025, 98 W
Fri Aug 22 21:19:17 IDT 2025, 105 W
Fri Aug 22 21:19:17 IDT 2025, 93 W
Fri Aug 22 21:19:17 IDT 2025, 84 W
Fri Aug 22 21:19:17 IDT 2025, 97 W
Fri Aug 22 21:19:17 IDT 2025, 90 W
Fri Aug 22 21:19:18 IDT 2025, 93 W
Fri Aug 22 21:19:18 IDT 2025, 93 W
Fri Aug 22 21:19:18 IDT 2025, 99 W
Fri Aug 22 21:19:18 IDT 2025, 101 W
Fri Aug 22 21:19:18 IDT 2025, 89 W
Fri Aug 22 21:19:18 IDT 2025, 90 W
Fri Aug 22 21:19:18 IDT 2025, 89 W
Fri Aug 22 21:19:18 IDT 2025, 90 W
Fri Aug 22 21:19:19 IDT 2025, 102 W
Fri Aug 22 21:19:19 IDT 2025, 91 W
Fri Aug 22 21:19:19 IDT 2025, 106 W
Fri Aug 22 21:19:19 IDT 2025, 99 W
Fri Aug 22 21:19:19 IDT 2025, 81 W
Fri Aug 22 21:19:19 IDT 2025, 93 W
Fri Aug 22 21:19:19 IDT 2025, 93 W
Fri Aug 22 21:19:19 IDT 2025, 89 W
Fri Aug 22 21:19:20 IDT 2025, 93 W
Fri Aug 22 21:19:20 IDT 2025, 89 W
Fri Aug 22 21:19:20 IDT 2025, 102 W
Fri Aug 22 21:19:20 IDT 2025, 104 W
Fri Aug 22 21:19:20 IDT 2025, 82 W
Fri Aug 22 21:19:20 IDT 2025, 84 W
Fri Aug 22 21:19:20 IDT 2025, 90 W
Fri Aug 22 21:19:20 IDT 2025, 94 W
Fri Aug 22 21:19:21 IDT 2025, 95 W
Fri Aug 22 21:19:21 IDT 2025, 91 W
Fri Aug 22 21:19:21 IDT 2025, 102 W
Fri Aug 22 21:19:21 IDT 2025, 104 W
Fri Aug 22 21:19:21 IDT 2025, 87 W
Fri Aug 22 21:19:21 IDT 2025, 87 W
Fri Aug 22 21:19:21 IDT 2025, 86 W
Fri Aug 22 21:19:21 IDT 2025, 93 W
Fri Aug 22 21:19:22 IDT 2025, 94 W
Fri Aug 22 21:19:22 IDT 2025, 93 W
Fri Aug 22 21:19:22 IDT 2025, 105 W
Fri Aug 22 21:19:22 IDT 2025, 103 W
Fri Aug 22 21:19:22 IDT 2025, 86 W
Fri Aug 22 21:19:22 IDT 2025, 88 W
Fri Aug 22 21:19:22 IDT 2025, 95 W
Fri Aug 22 21:19:22 IDT 2025, 93 W
Fri Aug 22 21:19:23 IDT 2025, 91 W
Fri Aug 22 21:19:23 IDT 2025, 88 W
Fri Aug 22 21:19:23 IDT 2025, 100 W
Fri Aug 22 21:19:23 IDT 2025, 104 W
Fri Aug 22 21:19:23 IDT 2025, 83 W
Fri Aug 22 21:19:23 IDT 2025, 85 W
Fri Aug 22 21:19:23 IDT 2025, 91 W
Fri Aug 22 21:19:23 IDT 2025, 96 W
Fri Aug 22 21:19:24 IDT 2025, 99 W
Fri Aug 22 21:19:24 IDT 2025, 91 W
Fri Aug 22 21:19:24 IDT 2025, 100 W
Fri Aug 22 21:19:24 IDT 2025, 104 W
Fri Aug 22 21:19:24 IDT 2025, 87 W
Fri Aug 22 21:19:24 IDT 2025, 84 W
Fri Aug 22 21:19:24 IDT 2025, 89 W
Fri Aug 22 21:19:24 IDT 2025, 100 W
Fri Aug 22 21:19:25 IDT 2025, 93 W
Fri Aug 22 21:19:25 IDT 2025, 89 W
Fri Aug 22 21:19:25 IDT 2025, 98 W
Fri Aug 22 21:19:25 IDT 2025, 106 W
Fri Aug 22 21:19:25 IDT 2025, 93 W
Fri Aug 22 21:19:25 IDT 2025, 88 W
Fri Aug 22 21:19:25 IDT 2025, 92 W
Fri Aug 22 21:19:25 IDT 2025, 91 W
Fri Aug 22 21:19:26 IDT 2025, 101 W
Fri Aug 22 21:19:26 IDT 2025, 100 W
Fri Aug 22 21:19:26 IDT 2025, 99 W
Fri Aug 22 21:19:26 IDT 2025, 109 W
Fri Aug 22 21:19:26 IDT 2025, 92 W
Fri Aug 22 21:19:26 IDT 2025, 87 W
Fri Aug 22 21:19:26 IDT 2025, 94 W
Fri Aug 22 21:19:26 IDT 2025, 100 W
Fri Aug 22 21:19:27 IDT 2025, 100 W
Fri Aug 22 21:19:27 IDT 2025, 89 W
Fri Aug 22 21:19:27 IDT 2025, 102 W
Fri Aug 22 21:19:27 IDT 2025, 105 W
Fri Aug 22 21:19:27 IDT 2025, 88 W
Fri Aug 22 21:19:27 IDT 2025, 89 W
Fri Aug 22 21:19:27 IDT 2025, 91 W
Fri Aug 22 21:19:27 IDT 2025, 90 W
Fri Aug 22 21:19:28 IDT 2025, 95 W
Fri Aug 22 21:19:28 IDT 2025, 87 W
Fri Aug 22 21:19:28 IDT 2025, 103 W
Fri Aug 22 21:19:28 IDT 2025, 99 W
Fri Aug 22 21:19:28 IDT 2025, 82 W
Fri Aug 22 21:19:28 IDT 2025, 91 W
Fri Aug 22 21:19:28 IDT 2025, 93 W
Fri Aug 22 21:19:28 IDT 2025, 94 W
Fri Aug 22 21:19:29 IDT 2025, 96 W
Fri Aug 22 21:19:29 IDT 2025, 95 W
Fri Aug 22 21:19:29 IDT 2025, 99 W
Fri Aug 22 21:19:29 IDT 2025, 109 W
Fri Aug 22 21:19:29 IDT 2025, 84 W
Fri Aug 22 21:19:29 IDT 2025, 93 W
Fri Aug 22 21:19:29 IDT 2025, 93 W
Fri Aug 22 21:19:29 IDT 2025, 89 W
Fri Aug 22 21:19:30 IDT 2025, 94 W
Fri Aug 22 21:19:30 IDT 2025, 87 W
Fri Aug 22 21:19:30 IDT 2025, 102 W
Fri Aug 22 21:19:30 IDT 2025, 100 W
Fri Aug 22 21:19:30 IDT 2025, 88 W
Fri Aug 22 21:19:30 IDT 2025, 85 W
Fri Aug 22 21:19:30 IDT 2025, 87 W
Fri Aug 22 21:19:30 IDT 2025, 95 W
Fri Aug 22 21:19:31 IDT 2025, 95 W
Fri Aug 22 21:19:31 IDT 2025, 87 W
Fri Aug 22 21:19:31 IDT 2025, 102 W
Fri Aug 22 21:19:31 IDT 2025, 95 W
Fri Aug 22 21:19:31 IDT 2025, 89 W
Fri Aug 22 21:19:31 IDT 2025, 87 W
Fri Aug 22 21:19:31 IDT 2025, 97 W
Fri Aug 22 21:19:31 IDT 2025, 101 W
Fri Aug 22 21:19:32 IDT 2025, 102 W
Fri Aug 22 21:19:32 IDT 2025, 92 W
Fri Aug 22 21:19:32 IDT 2025, 107 W
Fri Aug 22 21:19:32 IDT 2025, 101 W
Fri Aug 22 21:19:32 IDT 2025, 91 W
Fri Aug 22 21:19:32 IDT 2025, 93 W
Fri Aug 22 21:19:32 IDT 2025, 92 W
Fri Aug 22 21:19:32 IDT 2025, 100 W
Fri Aug 22 21:19:33 IDT 2025, 98 W
Fri Aug 22 21:19:33 IDT 2025, 85 W
Fri Aug 22 21:19:33 IDT 2025, 105 W
Fri Aug 22 21:19:33 IDT 2025, 99 W
Fri Aug 22 21:19:33 IDT 2025, 80 W
Fri Aug 22 21:19:33 IDT 2025, 92 W
Fri Aug 22 21:19:33 IDT 2025, 87 W
Fri Aug 22 21:19:33 IDT 2025, 96 W
Fri Aug 22 21:19:34 IDT 2025, 100 W
Fri Aug 22 21:19:34 IDT 2025, 91 W
Fri Aug 22 21:19:34 IDT 2025, 101 W
Fri Aug 22 21:19:34 IDT 2025, 101 W
Fri Aug 22 21:19:34 IDT 2025, 85 W
Fri Aug 22 21:19:34 IDT 2025, 83 W
Fri Aug 22 21:19:34 IDT 2025, 95 W
Fri Aug 22 21:19:34 IDT 2025, 88 W
Fri Aug 22 21:19:35 IDT 2025, 94 W
Fri Aug 22 21:19:35 IDT 2025, 94 W
Fri Aug 22 21:19:35 IDT 2025, 102 W
Fri Aug 22 21:19:35 IDT 2025, 109 W
Fri Aug 22 21:19:35 IDT 2025, 84 W
Fri Aug 22 21:19:35 IDT 2025, 89 W
Fri Aug 22 21:19:35 IDT 2025, 99 W
Fri Aug 22 21:19:35 IDT 2025, 92 W
Fri Aug 22 21:19:36 IDT 2025, 98 W
Fri Aug 22 21:19:36 IDT 2025, 86 W
Fri Aug 22 21:19:36 IDT 2025, 102 W
Fri Aug 22 21:19:36 IDT 2025, 106 W
Fri Aug 22 21:19:36 IDT 2025, 81 W
Fri Aug 22 21:19:36 IDT 2025, 86 W
Fri Aug 22 21:19:36 IDT 2025, 95 W
Fri Aug 22 21:19:36 IDT 2025, 99 W
Fri Aug 22 21:19:37 IDT 2025, 98 W
Fri Aug 22 21:19:37 IDT 2025, 91 W
Fri Aug 22 21:19:37 IDT 2025, 105 W
Fri Aug 22 21:19:37 IDT 2025, 105 W
Fri Aug 22 21:19:37 IDT 2025, 84 W
Fri Aug 22 21:19:37 IDT 2025, 88 W
Fri Aug 22 21:19:37 IDT 2025, 92 W
Fri Aug 22 21:19:37 IDT 2025, 90 W
Fri Aug 22 21:19:38 IDT 2025, 97 W
Fri Aug 22 21:19:38 IDT 2025, 91 W
Fri Aug 22 21:19:38 IDT 2025, 102 W
Fri Aug 22 21:19:38 IDT 2025, 104 W
Fri Aug 22 21:19:38 IDT 2025, 85 W
Fri Aug 22 21:19:38 IDT 2025, 85 W
Fri Aug 22 21:19:38 IDT 2025, 95 W
Fri Aug 22 21:19:38 IDT 2025, 90 W
Fri Aug 22 21:19:39 IDT 2025, 92 W
Fri Aug 22 21:19:39 IDT 2025, 93 W
Fri Aug 22 21:19:39 IDT 2025, 108 W
Fri Aug 22 21:19:39 IDT 2025, 95 W
Fri Aug 22 21:19:39 IDT 2025, 89 W
Fri Aug 22 21:19:39 IDT 2025, 88 W
Fri Aug 22 21:19:39 IDT 2025, 94 W
Fri Aug 22 21:19:39 IDT 2025, 99 W
Fri Aug 22 21:19:40 IDT 2025, 101 W
Fri Aug 22 21:19:40 IDT 2025, 90 W
Fri Aug 22 21:19:40 IDT 2025, 106 W
Fri Aug 22 21:19:40 IDT 2025, 100 W
Fri Aug 22 21:19:40 IDT 2025, 87 W
Fri Aug 22 21:19:40 IDT 2025, 83 W
Fri Aug 22 21:19:40 IDT 2025, 89 W
Fri Aug 22 21:19:40 IDT 2025, 91 W
Fri Aug 22 21:19:41 IDT 2025, 101 W
Fri Aug 22 21:19:41 IDT 2025, 91 W
Fri Aug 22 21:19:41 IDT 2025, 100 W
Fri Aug 22 21:19:41 IDT 2025, 100 W
Fri Aug 22 21:19:41 IDT 2025, 78 W
Fri Aug 22 21:19:41 IDT 2025, 88 W
Fri Aug 22 21:19:41 IDT 2025, 90 W
Fri Aug 22 21:19:41 IDT 2025, 98 W
Fri Aug 22 21:19:42 IDT 2025, 98 W
Fri Aug 22 21:19:42 IDT 2025, 94 W
Fri Aug 22 21:19:42 IDT 2025, 103 W
Fri Aug 22 21:19:42 IDT 2025, 104 W
Fri Aug 22 21:19:42 IDT 2025, 85 W
Fri Aug 22 21:19:42 IDT 2025, 82 W
Fri Aug 22 21:19:42 IDT 2025, 91 W
Fri Aug 22 21:19:42 IDT 2025, 95 W
Fri Aug 22 21:19:43 IDT 2025, 100 W
Fri Aug 22 21:19:43 IDT 2025, 100 W
Fri Aug 22 21:19:43 IDT 2025, 101 W
Fri Aug 22 21:19:43 IDT 2025, 100 W
Fri Aug 22 21:19:43 IDT 2025, 91 W
Fri Aug 22 21:19:43 IDT 2025, 82 W
Fri Aug 22 21:19:43 IDT 2025, 91 W
Fri Aug 22 21:19:43 IDT 2025, 91 W
Fri Aug 22 21:19:44 IDT 2025, 98 W
Fri Aug 22 21:19:44 IDT 2025, 90 W
Fri Aug 22 21:19:44 IDT 2025, 105 W
Fri Aug 22 21:19:44 IDT 2025, 100 W
Fri Aug 22 21:19:44 IDT 2025, 89 W
Fri Aug 22 21:19:44 IDT 2025, 86 W
Fri Aug 22 21:19:44 IDT 2025, 98 W
Fri Aug 22 21:19:44 IDT 2025, 101 W
Fri Aug 22 21:19:45 IDT 2025, 102 W
Fri Aug 22 21:19:45 IDT 2025, 99 W
Fri Aug 22 21:19:45 IDT 2025, 98 W
Fri Aug 22 21:19:45 IDT 2025, 104 W
Fri Aug 22 21:19:45 IDT 2025, 81 W
Fri Aug 22 21:19:45 IDT 2025, 84 W
Fri Aug 22 21:19:45 IDT 2025, 87 W
Fri Aug 22 21:19:45 IDT 2025, 95 W
Fri Aug 22 21:19:46 IDT 2025, 96 W
Fri Aug 22 21:19:46 IDT 2025, 95 W
Fri Aug 22 21:19:46 IDT 2025, 108 W
Fri Aug 22 21:19:46 IDT 2025, 103 W
Fri Aug 22 21:19:46 IDT 2025, 85 W
Fri Aug 22 21:19:46 IDT 2025, 86 W
Fri Aug 22 21:19:46 IDT 2025, 99 W
Fri Aug 22 21:19:46 IDT 2025, 93 W
Fri Aug 22 21:19:47 IDT 2025, 95 W
Fri Aug 22 21:19:47 IDT 2025, 89 W
Fri Aug 22 21:19:47 IDT 2025, 101 W
Fri Aug 22 21:19:47 IDT 2025, 104 W
Fri Aug 22 21:19:47 IDT 2025, 82 W
Fri Aug 22 21:19:47 IDT 2025, 83 W
Fri Aug 22 21:19:47 IDT 2025, 94 W
Fri Aug 22 21:19:47 IDT 2025, 100 W
Fri Aug 22 21:19:48 IDT 2025, 101 W
Fri Aug 22 21:19:48 IDT 2025, 88 W
Fri Aug 22 21:19:48 IDT 2025, 100 W
Fri Aug 22 21:19:48 IDT 2025, 99 W
Fri Aug 22 21:19:48 IDT 2025, 84 W
Fri Aug 22 21:19:48 IDT 2025, 92 W
Fri Aug 22 21:19:48 IDT 2025, 89 W
Fri Aug 22 21:19:48 IDT 2025, 99 W
Fri Aug 22 21:19:49 IDT 2025, 94 W
Fri Aug 22 21:19:49 IDT 2025, 91 W
Fri Aug 22 21:19:49 IDT 2025, 103 W
Fri Aug 22 21:19:49 IDT 2025, 97 W
Fri Aug 22 21:19:49 IDT 2025, 84 W
Fri Aug 22 21:19:49 IDT 2025, 85 W
Fri Aug 22 21:19:49 IDT 2025, 98 W
Fri Aug 22 21:19:49 IDT 2025, 100 W
Fri Aug 22 21:19:50 IDT 2025, 96 W
Fri Aug 22 21:19:50 IDT 2025, 91 W
Fri Aug 22 21:19:50 IDT 2025, 104 W
Fri Aug 22 21:19:50 IDT 2025, 98 W
Fri Aug 22 21:19:50 IDT 2025, 85 W
Fri Aug 22 21:19:50 IDT 2025, 83 W
Fri Aug 22 21:19:50 IDT 2025, 90 W
Fri Aug 22 21:19:50 IDT 2025, 89 W
Fri Aug 22 21:19:51 IDT 2025, 100 W
Fri Aug 22 21:19:51 IDT 2025, 97 W
Fri Aug 22 21:19:51 IDT 2025, 104 W
Fri Aug 22 21:19:51 IDT 2025, 102 W
Fri Aug 22 21:19:51 IDT 2025, 88 W
Fri Aug 22 21:19:51 IDT 2025, 93 W
Fri Aug 22 21:19:51 IDT 2025, 98 W
Fri Aug 22 21:19:51 IDT 2025, 96 W
Fri Aug 22 21:19:52 IDT 2025, 98 W
Fri Aug 22 21:19:52 IDT 2025, 98 W
Fri Aug 22 21:19:52 IDT 2025, 103 W
Fri Aug 22 21:19:52 IDT 2025, 101 W
Fri Aug 22 21:19:52 IDT 2025, 86 W
Fri Aug 22 21:19:52 IDT 2025, 88 W
Fri Aug 22 21:19:52 IDT 2025, 90 W
Fri Aug 22 21:19:52 IDT 2025, 94 W
Fri Aug 22 21:19:53 IDT 2025, 99 W
Fri Aug 22 21:19:53 IDT 2025, 93 W
Fri Aug 22 21:19:53 IDT 2025, 105 W
Fri Aug 22 21:19:53 IDT 2025, 100 W
Fri Aug 22 21:19:53 IDT 2025, 88 W
Fri Aug 22 21:19:53 IDT 2025, 88 W
Fri Aug 22 21:19:53 IDT 2025, 95 W
Fri Aug 22 21:19:53 IDT 2025, 97 W
Fri Aug 22 21:19:54 IDT 2025, 99 W
Fri Aug 22 21:19:54 IDT 2025, 91 W
Fri Aug 22 21:19:54 IDT 2025, 100 W
Fri Aug 22 21:19:54 IDT 2025, 101 W
Fri Aug 22 21:19:54 IDT 2025, 81 W
Fri Aug 22 21:19:54 IDT 2025, 91 W
Fri Aug 22 21:19:54 IDT 2025, 95 W
Fri Aug 22 21:19:54 IDT 2025, 95 W
Fri Aug 22 21:19:55 IDT 2025, 90 W
Fri Aug 22 21:19:55 IDT 2025, 89 W
Fri Aug 22 21:19:55 IDT 2025, 102 W
Fri Aug 22 21:19:55 IDT 2025, 99 W
Fri Aug 22 21:19:55 IDT 2025, 90 W
Fri Aug 22 21:19:55 IDT 2025, 90 W
Fri Aug 22 21:19:55 IDT 2025, 95 W
Fri Aug 22 21:19:55 IDT 2025, 102 W
Fri Aug 22 21:19:56 IDT 2025, 93 W
Fri Aug 22 21:19:56 IDT 2025, 92 W
Fri Aug 22 21:19:56 IDT 2025, 102 W
Fri Aug 22 21:19:56 IDT 2025, 105 W
Fri Aug 22 21:19:56 IDT 2025, 89 W
Fri Aug 22 21:19:56 IDT 2025, 90 W
Fri Aug 22 21:19:56 IDT 2025, 93 W
Fri Aug 22 21:19:56 IDT 2025, 98 W
Fri Aug 22 21:19:57 IDT 2025, 94 W
Fri Aug 22 21:19:57 IDT 2025, 90 W
Fri Aug 22 21:19:57 IDT 2025, 103 W
Fri Aug 22 21:19:57 IDT 2025, 100 W
Fri Aug 22 21:19:57 IDT 2025, 85 W
Fri Aug 22 21:19:57 IDT 2025, 86 W
Fri Aug 22 21:19:57 IDT 2025, 88 W
Fri Aug 22 21:19:57 IDT 2025, 99 W
Fri Aug 22 21:19:58 IDT 2025, 104 W
Fri Aug 22 21:19:58 IDT 2025, 92 W
Fri Aug 22 21:19:58 IDT 2025, 103 W
Fri Aug 22 21:19:58 IDT 2025, 101 W
Fri Aug 22 21:19:58 IDT 2025, 85 W
Fri Aug 22 21:19:58 IDT 2025, 86 W
Fri Aug 22 21:19:58 IDT 2025, 89 W
Fri Aug 22 21:19:58 IDT 2025, 93 W
Fri Aug 22 21:19:59 IDT 2025, 94 W
Fri Aug 22 21:19:59 IDT 2025, 86 W
Fri Aug 22 21:19:59 IDT 2025, 103 W
Fri Aug 22 21:19:59 IDT 2025, 104 W
Fri Aug 22 21:19:59 IDT 2025, 88 W
Fri Aug 22 21:19:59 IDT 2025, 93 W
Fri Aug 22 21:19:59 IDT 2025, 87 W
Fri Aug 22 21:19:59 IDT 2025, 91 W
Fri Aug 22 21:20:00 IDT 2025, 101 W
Fri Aug 22 21:20:00 IDT 2025, 88 W
Fri Aug 22 21:20:00 IDT 2025, 107 W
Fri Aug 22 21:20:00 IDT 2025, 99 W
Fri Aug 22 21:20:00 IDT 2025, 85 W
Fri Aug 22 21:20:00 IDT 2025, 85 W
Fri Aug 22 21:20:00 IDT 2025, 96 W
Fri Aug 22 21:20:00 IDT 2025, 92 W
Fri Aug 22 21:20:01 IDT 2025, 92 W
Fri Aug 22 21:20:01 IDT 2025, 91 W
Fri Aug 22 21:20:01 IDT 2025, 99 W
Fri Aug 22 21:20:01 IDT 2025, 104 W
Fri Aug 22 21:20:01 IDT 2025, 82 W
Fri Aug 22 21:20:01 IDT 2025, 88 W
Fri Aug 22 21:20:01 IDT 2025, 92 W
Fri Aug 22 21:20:01 IDT 2025, 99 W
Fri Aug 22 21:20:02 IDT 2025, 91 W
Fri Aug 22 21:20:02 IDT 2025, 88 W
Fri Aug 22 21:20:02 IDT 2025, 104 W
Fri Aug 22 21:20:02 IDT 2025, 102 W
Fri Aug 22 21:20:02 IDT 2025, 92 W
Fri Aug 22 21:20:02 IDT 2025, 91 W
Fri Aug 22 21:20:02 IDT 2025, 91 W
Fri Aug 22 21:20:02 IDT 2025, 93 W
Fri Aug 22 21:20:03 IDT 2025, 96 W
Fri Aug 22 21:20:03 IDT 2025, 90 W
Fri Aug 22 21:20:03 IDT 2025, 104 W
Fri Aug 22 21:20:03 IDT 2025, 100 W
Fri Aug 22 21:20:03 IDT 2025, 92 W
Fri Aug 22 21:20:03 IDT 2025, 83 W
Fri Aug 22 21:20:03 IDT 2025, 96 W
Fri Aug 22 21:20:03 IDT 2025, 89 W
Fri Aug 22 21:20:04 IDT 2025, 98 W
Fri Aug 22 21:20:04 IDT 2025, 91 W
Fri Aug 22 21:20:04 IDT 2025, 104 W
Fri Aug 22 21:20:04 IDT 2025, 100 W
Fri Aug 22 21:20:04 IDT 2025, 93 W
Fri Aug 22 21:20:04 IDT 2025, 89 W
Fri Aug 22 21:20:04 IDT 2025, 93 W
Fri Aug 22 21:20:04 IDT 2025, 90 W
Fri Aug 22 21:20:05 IDT 2025, 92 W
Fri Aug 22 21:20:05 IDT 2025, 92 W
Fri Aug 22 21:20:05 IDT 2025, 98 W
Fri Aug 22 21:20:05 IDT 2025, 100 W
Fri Aug 22 21:20:05 IDT 2025, 83 W
Fri Aug 22 21:20:05 IDT 2025, 90 W
Fri Aug 22 21:20:05 IDT 2025, 89 W
Fri Aug 22 21:20:05 IDT 2025, 91 W
Fri Aug 22 21:20:06 IDT 2025, 93 W
Fri Aug 22 21:20:06 IDT 2025, 92 W
Fri Aug 22 21:20:06 IDT 2025, 106 W
Fri Aug 22 21:20:06 IDT 2025, 108 W
Fri Aug 22 21:20:06 IDT 2025, 86 W
Fri Aug 22 21:20:06 IDT 2025, 88 W
Fri Aug 22 21:20:06 IDT 2025, 98 W
Fri Aug 22 21:20:06 IDT 2025, 95 W
Fri Aug 22 21:20:07 IDT 2025, 93 W
Fri Aug 22 21:20:07 IDT 2025, 89 W
Fri Aug 22 21:20:07 IDT 2025, 107 W
Fri Aug 22 21:20:07 IDT 2025, 103 W
Fri Aug 22 21:20:07 IDT 2025, 87 W
Fri Aug 22 21:20:07 IDT 2025, 92 W
Fri Aug 22 21:20:07 IDT 2025, 93 W
Fri Aug 22 21:20:07 IDT 2025, 97 W
Fri Aug 22 21:20:08 IDT 2025, 92 W
Fri Aug 22 21:20:08 IDT 2025, 91 W
Fri Aug 22 21:20:08 IDT 2025, 102 W
Fri Aug 22 21:20:08 IDT 2025, 108 W
Fri Aug 22 21:20:08 IDT 2025, 87 W
Fri Aug 22 21:20:08 IDT 2025, 89 W
Fri Aug 22 21:20:08 IDT 2025, 101 W
Fri Aug 22 21:20:08 IDT 2025, 92 W
Fri Aug 22 21:20:09 IDT 2025, 93 W
Fri Aug 22 21:20:09 IDT 2025, 92 W
Fri Aug 22 21:20:09 IDT 2025, 106 W
Fri Aug 22 21:20:09 IDT 2025, 101 W
Fri Aug 22 21:20:09 IDT 2025, 90 W
Fri Aug 22 21:20:09 IDT 2025, 86 W
Fri Aug 22 21:20:09 IDT 2025, 89 W
Fri Aug 22 21:20:09 IDT 2025, 102 W
Fri Aug 22 21:20:10 IDT 2025, 98 W
Fri Aug 22 21:20:10 IDT 2025, 88 W
Fri Aug 22 21:20:10 IDT 2025, 102 W
Fri Aug 22 21:20:10 IDT 2025, 105 W
Fri Aug 22 21:20:10 IDT 2025, 84 W
Fri Aug 22 21:20:10 IDT 2025, 92 W
Fri Aug 22 21:20:10 IDT 2025, 93 W
Fri Aug 22 21:20:10 IDT 2025, 100 W
Fri Aug 22 21:20:11 IDT 2025, 96 W
Fri Aug 22 21:20:11 IDT 2025, 97 W
Fri Aug 22 21:20:11 IDT 2025, 104 W
Fri Aug 22 21:20:11 IDT 2025, 108 W
Fri Aug 22 21:20:11 IDT 2025, 85 W
Fri Aug 22 21:20:11 IDT 2025, 92 W
Fri Aug 22 21:20:11 IDT 2025, 92 W
Fri Aug 22 21:20:11 IDT 2025, 96 W
Fri Aug 22 21:20:12 IDT 2025, 101 W
Fri Aug 22 21:20:12 IDT 2025, 87 W
Fri Aug 22 21:20:12 IDT 2025, 102 W
Fri Aug 22 21:20:12 IDT 2025, 104 W
Fri Aug 22 21:20:12 IDT 2025, 85 W
Fri Aug 22 21:20:12 IDT 2025, 84 W
Fri Aug 22 21:20:12 IDT 2025, 94 W
Fri Aug 22 21:20:12 IDT 2025, 99 W
Fri Aug 22 21:20:13 IDT 2025, 96 W
Fri Aug 22 21:20:13 IDT 2025, 100 W
Fri Aug 22 21:20:13 IDT 2025, 103 W
Fri Aug 22 21:20:13 IDT 2025, 111 W
Fri Aug 22 21:20:13 IDT 2025, 84 W
Fri Aug 22 21:20:13 IDT 2025, 89 W
Fri Aug 22 21:20:13 IDT 2025, 93 W
Fri Aug 22 21:20:13 IDT 2025, 101 W
Fri Aug 22 21:20:14 IDT 2025, 99 W
Fri Aug 22 21:20:14 IDT 2025, 100 W
Fri Aug 22 21:20:14 IDT 2025, 107 W
Fri Aug 22 21:20:14 IDT 2025, 107 W
Fri Aug 22 21:20:14 IDT 2025, 90 W
Fri Aug 22 21:20:14 IDT 2025, 88 W
Fri Aug 22 21:20:14 IDT 2025, 100 W
Fri Aug 22 21:20:14 IDT 2025, 101 W
Fri Aug 22 21:20:15 IDT 2025, 94 W
Fri Aug 22 21:20:15 IDT 2025, 101 W
Fri Aug 22 21:20:15 IDT 2025, 103 W
Fri Aug 22 21:20:15 IDT 2025, 104 W
Fri Aug 22 21:20:15 IDT 2025, 85 W
Fri Aug 22 21:20:15 IDT 2025, 90 W
Fri Aug 22 21:20:15 IDT 2025, 90 W
Fri Aug 22 21:20:15 IDT 2025, 105 W
Fri Aug 22 21:20:16 IDT 2025, 94 W
Fri Aug 22 21:20:16 IDT 2025, 93 W
Fri Aug 22 21:20:16 IDT 2025, 105 W
Fri Aug 22 21:20:16 IDT 2025, 99 W
Fri Aug 22 21:20:16 IDT 2025, 86 W
Fri Aug 22 21:20:16 IDT 2025, 87 W
Fri Aug 22 21:20:16 IDT 2025, 89 W
Fri Aug 22 21:20:16 IDT 2025, 101 W
Fri Aug 22 21:20:17 IDT 2025, 105 W
Fri Aug 22 21:20:17 IDT 2025, 98 W
Fri Aug 22 21:20:17 IDT 2025, 103 W
Fri Aug 22 21:20:17 IDT 2025, 108 W
Fri Aug 22 21:20:17 IDT 2025, 82 W
Fri Aug 22 21:20:17 IDT 2025, 89 W
Fri Aug 22 21:20:17 IDT 2025, 92 W
Fri Aug 22 21:20:17 IDT 2025, 95 W
Fri Aug 22 21:20:18 IDT 2025, 96 W
Fri Aug 22 21:20:18 IDT 2025, 92 W
Fri Aug 22 21:20:18 IDT 2025, 101 W
Fri Aug 22 21:20:18 IDT 2025, 107 W
Fri Aug 22 21:20:18 IDT 2025, 91 W
Fri Aug 22 21:20:18 IDT 2025, 85 W
Fri Aug 22 21:20:18 IDT 2025, 99 W
Fri Aug 22 21:20:18 IDT 2025, 102 W
Fri Aug 22 21:20:19 IDT 2025, 97 W
Fri Aug 22 21:20:19 IDT 2025, 92 W
Fri Aug 22 21:20:19 IDT 2025, 103 W
Fri Aug 22 21:20:19 IDT 2025, 101 W
Fri Aug 22 21:20:19 IDT 2025, 91 W
Fri Aug 22 21:20:19 IDT 2025, 90 W
Fri Aug 22 21:20:19 IDT 2025, 88 W
Fri Aug 22 21:20:19 IDT 2025, 96 W
Fri Aug 22 21:20:20 IDT 2025, 98 W
Fri Aug 22 21:20:20 IDT 2025, 92 W
Fri Aug 22 21:20:20 IDT 2025, 107 W
Fri Aug 22 21:20:20 IDT 2025, 102 W
Fri Aug 22 21:20:20 IDT 2025, 92 W
Fri Aug 22 21:20:20 IDT 2025, 92 W
Fri Aug 22 21:20:20 IDT 2025, 91 W
Fri Aug 22 21:20:20 IDT 2025, 95 W
Fri Aug 22 21:20:21 IDT 2025, 102 W
Fri Aug 22 21:20:21 IDT 2025, 90 W
Fri Aug 22 21:20:21 IDT 2025, 108 W
Fri Aug 22 21:20:21 IDT 2025, 105 W
Fri Aug 22 21:20:21 IDT 2025, 93 W
Fri Aug 22 21:20:21 IDT 2025, 89 W
Fri Aug 22 21:20:21 IDT 2025, 101 W
Fri Aug 22 21:20:21 IDT 2025, 98 W
Fri Aug 22 21:20:22 IDT 2025, 100 W
Fri Aug 22 21:20:22 IDT 2025, 88 W
Fri Aug 22 21:20:22 IDT 2025, 109 W
Fri Aug 22 21:20:22 IDT 2025, 103 W
Fri Aug 22 21:20:22 IDT 2025, 90 W
Fri Aug 22 21:20:22 IDT 2025, 88 W
Fri Aug 22 21:20:22 IDT 2025, 94 W
Fri Aug 22 21:20:22 IDT 2025, 99 W
Fri Aug 22 21:20:23 IDT 2025, 100 W
Fri Aug 22 21:20:23 IDT 2025, 92 W
Fri Aug 22 21:20:23 IDT 2025, 100 W
Fri Aug 22 21:20:23 IDT 2025, 98 W
Fri Aug 22 21:20:23 IDT 2025, 91 W
Fri Aug 22 21:20:23 IDT 2025, 88 W
Fri Aug 22 21:20:23 IDT 2025, 97 W
Fri Aug 22 21:20:23 IDT 2025, 96 W
Fri Aug 22 21:20:24 IDT 2025, 97 W
Fri Aug 22 21:20:24 IDT 2025, 96 W
Fri Aug 22 21:20:24 IDT 2025, 100 W
Fri Aug 22 21:20:24 IDT 2025, 101 W
Fri Aug 22 21:20:24 IDT 2025, 86 W
Fri Aug 22 21:20:24 IDT 2025, 91 W
Fri Aug 22 21:20:24 IDT 2025, 94 W
Fri Aug 22 21:20:24 IDT 2025, 95 W
Fri Aug 22 21:20:25 IDT 2025, 95 W
Fri Aug 22 21:20:25 IDT 2025, 94 W
Fri Aug 22 21:20:25 IDT 2025, 110 W
Fri Aug 22 21:20:25 IDT 2025, 97 W
Fri Aug 22 21:20:25 IDT 2025, 91 W
Fri Aug 22 21:20:25 IDT 2025, 86 W
Fri Aug 22 21:20:25 IDT 2025, 96 W
Fri Aug 22 21:20:25 IDT 2025, 91 W
Fri Aug 22 21:20:26 IDT 2025, 91 W
Fri Aug 22 21:20:26 IDT 2025, 89 W
Fri Aug 22 21:20:26 IDT 2025, 107 W
Fri Aug 22 21:20:26 IDT 2025, 107 W
Fri Aug 22 21:20:26 IDT 2025, 88 W
Fri Aug 22 21:20:26 IDT 2025, 94 W
Fri Aug 22 21:20:26 IDT 2025, 97 W
Fri Aug 22 21:20:26 IDT 2025, 97 W
Fri Aug 22 21:20:27 IDT 2025, 106 W
Fri Aug 22 21:20:27 IDT 2025, 98 W
Fri Aug 22 21:20:27 IDT 2025, 112 W
Fri Aug 22 21:20:27 IDT 2025, 100 W
Fri Aug 22 21:20:27 IDT 2025, 90 W
Fri Aug 22 21:20:27 IDT 2025, 94 W
Fri Aug 22 21:20:27 IDT 2025, 97 W
Fri Aug 22 21:20:27 IDT 2025, 91 W
Fri Aug 22 21:20:28 IDT 2025, 100 W
Fri Aug 22 21:20:28 IDT 2025, 96 W
Fri Aug 22 21:20:28 IDT 2025, 109 W
Fri Aug 22 21:20:28 IDT 2025, 103 W
Fri Aug 22 21:20:28 IDT 2025, 86 W
Fri Aug 22 21:20:28 IDT 2025, 91 W
Fri Aug 22 21:20:28 IDT 2025, 97 W
Fri Aug 22 21:20:28 IDT 2025, 95 W
Fri Aug 22 21:20:29 IDT 2025, 96 W
Fri Aug 22 21:20:29 IDT 2025, 99 W
Fri Aug 22 21:20:29 IDT 2025, 103 W
Fri Aug 22 21:20:29 IDT 2025, 110 W
Fri Aug 22 21:20:29 IDT 2025, 94 W
Fri Aug 22 21:20:29 IDT 2025, 93 W
Fri Aug 22 21:20:29 IDT 2025, 99 W
Fri Aug 22 21:20:29 IDT 2025, 93 W
Fri Aug 22 21:20:30 IDT 2025, 95 W
Fri Aug 22 21:20:30 IDT 2025, 93 W
Fri Aug 22 21:20:30 IDT 2025, 106 W
Fri Aug 22 21:20:30 IDT 2025, 105 W
Fri Aug 22 21:20:30 IDT 2025, 92 W
Fri Aug 22 21:20:30 IDT 2025, 88 W
Fri Aug 22 21:20:30 IDT 2025, 101 W
Fri Aug 22 21:20:30 IDT 2025, 100 W
Fri Aug 22 21:20:31 IDT 2025, 98 W
Fri Aug 22 21:20:31 IDT 2025, 92 W
Fri Aug 22 21:20:31 IDT 2025, 104 W
Fri Aug 22 21:20:31 IDT 2025, 109 W
Fri Aug 22 21:20:31 IDT 2025, 85 W
Fri Aug 22 21:20:31 IDT 2025, 88 W
Fri Aug 22 21:20:31 IDT 2025, 100 W
Fri Aug 22 21:20:31 IDT 2025, 92 W
Fri Aug 22 21:20:32 IDT 2025, 97 W
Fri Aug 22 21:20:32 IDT 2025, 90 W
Fri Aug 22 21:20:32 IDT 2025, 105 W
Fri Aug 22 21:20:32 IDT 2025, 107 W
Fri Aug 22 21:20:32 IDT 2025, 93 W
Fri Aug 22 21:20:32 IDT 2025, 86 W
Fri Aug 22 21:20:32 IDT 2025, 100 W
Fri Aug 22 21:20:32 IDT 2025, 94 W
Fri Aug 22 21:20:33 IDT 2025, 102 W
Fri Aug 22 21:20:33 IDT 2025, 101 W
Fri Aug 22 21:20:33 IDT 2025, 102 W
Fri Aug 22 21:20:33 IDT 2025, 97 W
Fri Aug 22 21:20:33 IDT 2025, 87 W
Fri Aug 22 21:20:33 IDT 2025, 93 W
Fri Aug 22 21:20:33 IDT 2025, 95 W
Fri Aug 22 21:20:33 IDT 2025, 95 W
Fri Aug 22 21:20:34 IDT 2025, 113 W
Fri Aug 22 21:20:34 IDT 2025, 114 W
Fri Aug 22 21:20:34 IDT 2025, 128 W
Fri Aug 22 21:20:34 IDT 2025, 128 W
Fri Aug 22 21:20:34 IDT 2025, 115 W
Fri Aug 22 21:20:34 IDT 2025, 102 W
Fri Aug 22 21:20:34 IDT 2025, 113 W
Fri Aug 22 21:20:34 IDT 2025, 103 W
Fri Aug 22 21:20:35 IDT 2025, 116 W
Fri Aug 22 21:20:35 IDT 2025, 91 W
Fri Aug 22 21:20:35 IDT 2025, 129 W
Fri Aug 22 21:20:35 IDT 2025, 123 W
Fri Aug 22 21:20:35 IDT 2025, 103 W
Fri Aug 22 21:20:35 IDT 2025, 105 W
Fri Aug 22 21:20:35 IDT 2025, 113 W
Fri Aug 22 21:20:35 IDT 2025, 119 W
Fri Aug 22 21:20:36 IDT 2025, 122 W
Fri Aug 22 21:20:36 IDT 2025, 107 W
Fri Aug 22 21:20:36 IDT 2025, 123 W
Fri Aug 22 21:20:36 IDT 2025, 122 W
Fri Aug 22 21:20:36 IDT 2025, 104 W
Fri Aug 22 21:20:36 IDT 2025, 98 W
Fri Aug 22 21:20:36 IDT 2025, 106 W
Fri Aug 22 21:20:36 IDT 2025, 104 W
Fri Aug 22 21:20:37 IDT 2025, 107 W
Fri Aug 22 21:20:37 IDT 2025, 106 W
Fri Aug 22 21:20:37 IDT 2025, 113 W
Fri Aug 22 21:20:37 IDT 2025, 121 W
Fri Aug 22 21:20:37 IDT 2025, 86 W
Fri Aug 22 21:20:37 IDT 2025, 99 W
Fri Aug 22 21:20:37 IDT 2025, 101 W
Fri Aug 22 21:20:37 IDT 2025, 111 W
Fri Aug 22 21:20:38 IDT 2025, 110 W
Fri Aug 22 21:20:38 IDT 2025, 94 W
Fri Aug 22 21:20:38 IDT 2025, 123 W
Fri Aug 22 21:20:38 IDT 2025, 121 W
Fri Aug 22 21:20:38 IDT 2025, 106 W
Fri Aug 22 21:20:38 IDT 2025, 111 W
Fri Aug 22 21:20:38 IDT 2025, 115 W
Fri Aug 22 21:20:38 IDT 2025, 113 W
Fri Aug 22 21:20:39 IDT 2025, 122 W
Fri Aug 22 21:20:39 IDT 2025, 113 W
Fri Aug 22 21:20:39 IDT 2025, 121 W
Fri Aug 22 21:20:39 IDT 2025, 106 W
Fri Aug 22 21:20:39 IDT 2025, 108 W
Fri Aug 22 21:20:39 IDT 2025, 105 W
Fri Aug 22 21:20:39 IDT 2025, 111 W
Fri Aug 22 21:20:39 IDT 2025, 111 W
Fri Aug 22 21:20:40 IDT 2025, 115 W
Fri Aug 22 21:20:40 IDT 2025, 103 W
Fri Aug 22 21:20:40 IDT 2025, 126 W
Fri Aug 22 21:20:40 IDT 2025, 120 W
Fri Aug 22 21:20:40 IDT 2025, 104 W
Fri Aug 22 21:20:40 IDT 2025, 103 W
Fri Aug 22 21:20:40 IDT 2025, 109 W
Fri Aug 22 21:20:40 IDT 2025, 116 W
Fri Aug 22 21:20:41 IDT 2025, 109 W
Fri Aug 22 21:20:41 IDT 2025, 103 W
Fri Aug 22 21:20:41 IDT 2025, 112 W
Fri Aug 22 21:20:41 IDT 2025, 114 W
Fri Aug 22 21:20:41 IDT 2025, 100 W
Fri Aug 22 21:20:41 IDT 2025, 98 W
Fri Aug 22 21:20:41 IDT 2025, 108 W
Fri Aug 22 21:20:41 IDT 2025, 104 W
Fri Aug 22 21:20:42 IDT 2025, 114 W
Fri Aug 22 21:20:42 IDT 2025, 111 W
Fri Aug 22 21:20:42 IDT 2025, 117 W
Fri Aug 22 21:20:42 IDT 2025, 125 W
Fri Aug 22 21:20:42 IDT 2025, 105 W
Fri Aug 22 21:20:42 IDT 2025, 93 W
Fri Aug 22 21:20:42 IDT 2025, 108 W
Fri Aug 22 21:20:42 IDT 2025, 113 W
Fri Aug 22 21:20:43 IDT 2025, 123 W
Fri Aug 22 21:20:43 IDT 2025, 115 W
Fri Aug 22 21:20:43 IDT 2025, 122 W
Fri Aug 22 21:20:43 IDT 2025, 129 W
Fri Aug 22 21:20:43 IDT 2025, 113 W
Fri Aug 22 21:20:43 IDT 2025, 90 W
Fri Aug 22 21:20:43 IDT 2025, 119 W
Fri Aug 22 21:20:43 IDT 2025, 117 W
Fri Aug 22 21:20:44 IDT 2025, 123 W
Fri Aug 22 21:20:44 IDT 2025, 108 W
Fri Aug 22 21:20:44 IDT 2025, 127 W
Fri Aug 22 21:20:44 IDT 2025, 122 W
Fri Aug 22 21:20:44 IDT 2025, 106 W
Fri Aug 22 21:20:44 IDT 2025, 105 W
Fri Aug 22 21:20:44 IDT 2025, 89 W
Fri Aug 22 21:20:44 IDT 2025, 121 W
Fri Aug 22 21:20:45 IDT 2025, 109 W
Fri Aug 22 21:20:45 IDT 2025, 111 W
Fri Aug 22 21:20:45 IDT 2025, 127 W
Fri Aug 22 21:20:45 IDT 2025, 114 W
Fri Aug 22 21:20:45 IDT 2025, 109 W
Fri Aug 22 21:20:45 IDT 2025, 90 W
Fri Aug 22 21:20:45 IDT 2025, 118 W
Fri Aug 22 21:20:45 IDT 2025, 112 W
Fri Aug 22 21:20:46 IDT 2025, 98 W
Fri Aug 22 21:20:46 IDT 2025, 112 W
Fri Aug 22 21:20:46 IDT 2025, 128 W
Fri Aug 22 21:20:46 IDT 2025, 125 W
Fri Aug 22 21:20:46 IDT 2025, 107 W
Fri Aug 22 21:20:46 IDT 2025, 104 W
Fri Aug 22 21:20:46 IDT 2025, 117 W
Fri Aug 22 21:20:46 IDT 2025, 116 W
Fri Aug 22 21:20:47 IDT 2025, 124 W
Fri Aug 22 21:20:47 IDT 2025, 90 W
Fri Aug 22 21:20:47 IDT 2025, 122 W
Fri Aug 22 21:20:47 IDT 2025, 124 W
Fri Aug 22 21:20:47 IDT 2025, 108 W
Fri Aug 22 21:20:47 IDT 2025, 101 W
Fri Aug 22 21:20:47 IDT 2025, 119 W
Fri Aug 22 21:20:47 IDT 2025, 118 W
Fri Aug 22 21:20:48 IDT 2025, 104 W
Fri Aug 22 21:20:48 IDT 2025, 100 W
Fri Aug 22 21:20:48 IDT 2025, 120 W
Fri Aug 22 21:20:48 IDT 2025, 110 W
Fri Aug 22 21:20:48 IDT 2025, 96 W
Fri Aug 22 21:20:48 IDT 2025, 97 W
Fri Aug 22 21:20:48 IDT 2025, 107 W
Fri Aug 22 21:20:48 IDT 2025, 113 W
Fri Aug 22 21:20:49 IDT 2025, 118 W
Fri Aug 22 21:20:49 IDT 2025, 109 W
Fri Aug 22 21:20:49 IDT 2025, 127 W
Fri Aug 22 21:20:49 IDT 2025, 120 W
Fri Aug 22 21:20:49 IDT 2025, 115 W
Fri Aug 22 21:20:49 IDT 2025, 98 W
Fri Aug 22 21:20:49 IDT 2025, 109 W
Fri Aug 22 21:20:49 IDT 2025, 116 W
Fri Aug 22 21:20:50 IDT 2025, 119 W
Fri Aug 22 21:20:50 IDT 2025, 110 W
Fri Aug 22 21:20:50 IDT 2025, 122 W
Fri Aug 22 21:20:50 IDT 2025, 101 W
Fri Aug 22 21:20:50 IDT 2025, 103 W
Fri Aug 22 21:20:50 IDT 2025, 98 W
Fri Aug 22 21:20:50 IDT 2025, 114 W
Fri Aug 22 21:20:50 IDT 2025, 116 W
Fri Aug 22 21:20:51 IDT 2025, 100 W
Fri Aug 22 21:20:51 IDT 2025, 112 W
Fri Aug 22 21:20:51 IDT 2025, 122 W
Fri Aug 22 21:20:51 IDT 2025, 118 W
Fri Aug 22 21:20:51 IDT 2025, 106 W
Fri Aug 22 21:20:51 IDT 2025, 103 W
Fri Aug 22 21:20:51 IDT 2025, 112 W
Fri Aug 22 21:20:51 IDT 2025, 114 W
Fri Aug 22 21:20:52 IDT 2025, 116 W
Fri Aug 22 21:20:52 IDT 2025, 99 W
Fri Aug 22 21:20:52 IDT 2025, 112 W
Fri Aug 22 21:20:52 IDT 2025, 128 W
Fri Aug 22 21:20:52 IDT 2025, 107 W
Fri Aug 22 21:20:52 IDT 2025, 95 W
Fri Aug 22 21:20:52 IDT 2025, 115 W
Fri Aug 22 21:20:52 IDT 2025, 117 W
Fri Aug 22 21:20:53 IDT 2025, 120 W
Fri Aug 22 21:20:53 IDT 2025, 91 W
Fri Aug 22 21:20:53 IDT 2025, 121 W
Fri Aug 22 21:20:53 IDT 2025, 123 W
Fri Aug 22 21:20:53 IDT 2025, 108 W
Fri Aug 22 21:20:53 IDT 2025, 107 W
Fri Aug 22 21:20:53 IDT 2025, 109 W
Fri Aug 22 21:20:53 IDT 2025, 118 W
Fri Aug 22 21:20:54 IDT 2025, 115 W
Fri Aug 22 21:20:54 IDT 2025, 119 W
Fri Aug 22 21:20:54 IDT 2025, 126 W
Fri Aug 22 21:20:54 IDT 2025, 127 W
Fri Aug 22 21:20:54 IDT 2025, 104 W
Fri Aug 22 21:20:54 IDT 2025, 112 W
Fri Aug 22 21:20:54 IDT 2025, 113 W
Fri Aug 22 21:20:54 IDT 2025, 103 W
Fri Aug 22 21:20:55 IDT 2025, 116 W
Fri Aug 22 21:20:55 IDT 2025, 90 W
Fri Aug 22 21:20:55 IDT 2025, 121 W
Fri Aug 22 21:20:55 IDT 2025, 118 W
Fri Aug 22 21:20:55 IDT 2025, 112 W
Fri Aug 22 21:20:55 IDT 2025, 105 W
Fri Aug 22 21:20:55 IDT 2025, 112 W
Fri Aug 22 21:20:55 IDT 2025, 106 W
Fri Aug 22 21:20:56 IDT 2025, 115 W
Fri Aug 22 21:20:56 IDT 2025, 114 W
Fri Aug 22 21:20:56 IDT 2025, 120 W
Fri Aug 22 21:20:56 IDT 2025, 122 W
Fri Aug 22 21:20:56 IDT 2025, 108 W
Fri Aug 22 21:20:56 IDT 2025, 103 W
Fri Aug 22 21:20:56 IDT 2025, 121 W
Fri Aug 22 21:20:56 IDT 2025, 97 W
Fri Aug 22 21:20:57 IDT 2025, 113 W
Fri Aug 22 21:20:57 IDT 2025, 116 W
Fri Aug 22 21:20:57 IDT 2025, 121 W
Fri Aug 22 21:20:57 IDT 2025, 132 W
Fri Aug 22 21:20:57 IDT 2025, 81 W
Fri Aug 22 21:20:57 IDT 2025, 100 W
Fri Aug 22 21:20:57 IDT 2025, 113 W
Fri Aug 22 21:20:57 IDT 2025, 115 W
Fri Aug 22 21:20:58 IDT 2025, 116 W
Fri Aug 22 21:20:58 IDT 2025, 102 W
Fri Aug 22 21:20:58 IDT 2025, 124 W
Fri Aug 22 21:20:58 IDT 2025, 121 W
Fri Aug 22 21:20:58 IDT 2025, 103 W
Fri Aug 22 21:20:58 IDT 2025, 107 W
Fri Aug 22 21:20:58 IDT 2025, 111 W
Fri Aug 22 21:20:58 IDT 2025, 116 W
Fri Aug 22 21:20:59 IDT 2025, 123 W
Fri Aug 22 21:20:59 IDT 2025, 115 W
Fri Aug 22 21:20:59 IDT 2025, 121 W
Fri Aug 22 21:20:59 IDT 2025, 114 W
Fri Aug 22 21:20:59 IDT 2025, 110 W
Fri Aug 22 21:20:59 IDT 2025, 103 W
Fri Aug 22 21:20:59 IDT 2025, 111 W
Fri Aug 22 21:20:59 IDT 2025, 94 W
Fri Aug 22 21:21:00 IDT 2025, 117 W
Fri Aug 22 21:21:00 IDT 2025, 95 W
Fri Aug 22 21:21:00 IDT 2025, 120 W
Fri Aug 22 21:21:00 IDT 2025, 117 W
Fri Aug 22 21:21:00 IDT 2025, 96 W
Fri Aug 22 21:21:00 IDT 2025, 107 W
Fri Aug 22 21:21:00 IDT 2025, 111 W
Fri Aug 22 21:21:00 IDT 2025, 124 W
Fri Aug 22 21:21:01 IDT 2025, 116 W
Fri Aug 22 21:21:01 IDT 2025, 114 W
Fri Aug 22 21:21:01 IDT 2025, 124 W
Fri Aug 22 21:21:01 IDT 2025, 124 W
Fri Aug 22 21:21:01 IDT 2025, 88 W
Fri Aug 22 21:21:01 IDT 2025, 102 W
Fri Aug 22 21:21:01 IDT 2025, 111 W
Fri Aug 22 21:21:01 IDT 2025, 112 W
Fri Aug 22 21:21:02 IDT 2025, 114 W
Fri Aug 22 21:21:02 IDT 2025, 123 W
Fri Aug 22 21:21:02 IDT 2025, 119 W
Fri Aug 22 21:21:02 IDT 2025, 131 W
Fri Aug 22 21:21:02 IDT 2025, 105 W
Fri Aug 22 21:21:02 IDT 2025, 107 W
Fri Aug 22 21:21:02 IDT 2025, 94 W
Fri Aug 22 21:21:02 IDT 2025, 121 W
Fri Aug 22 21:21:03 IDT 2025, 121 W
Fri Aug 22 21:21:03 IDT 2025, 99 W
Fri Aug 22 21:21:03 IDT 2025, 121 W
Fri Aug 22 21:21:03 IDT 2025, 124 W
Fri Aug 22 21:21:03 IDT 2025, 101 W
Fri Aug 22 21:21:03 IDT 2025, 101 W
Fri Aug 22 21:21:03 IDT 2025, 106 W
Fri Aug 22 21:21:03 IDT 2025, 113 W
Fri Aug 22 21:21:04 IDT 2025, 113 W
Fri Aug 22 21:21:04 IDT 2025, 109 W
Fri Aug 22 21:21:04 IDT 2025, 123 W
Fri Aug 22 21:21:04 IDT 2025, 123 W
Fri Aug 22 21:21:04 IDT 2025, 111 W
Fri Aug 22 21:21:04 IDT 2025, 108 W
Fri Aug 22 21:21:04 IDT 2025, 110 W
Fri Aug 22 21:21:04 IDT 2025, 95 W
Fri Aug 22 21:21:05 IDT 2025, 113 W
Fri Aug 22 21:21:05 IDT 2025, 95 W
Fri Aug 22 21:21:05 IDT 2025, 120 W
Fri Aug 22 21:21:05 IDT 2025, 125 W
Fri Aug 22 21:21:05 IDT 2025, 110 W
Fri Aug 22 21:21:05 IDT 2025, 93 W
Fri Aug 22 21:21:05 IDT 2025, 108 W
Fri Aug 22 21:21:05 IDT 2025, 120 W
Fri Aug 22 21:21:06 IDT 2025, 119 W
Fri Aug 22 21:21:06 IDT 2025, 107 W
Fri Aug 22 21:21:06 IDT 2025, 115 W
Fri Aug 22 21:21:06 IDT 2025, 126 W
Fri Aug 22 21:21:06 IDT 2025, 110 W
Fri Aug 22 21:21:06 IDT 2025, 103 W
Fri Aug 22 21:21:06 IDT 2025, 119 W
Fri Aug 22 21:21:06 IDT 2025, 120 W
Fri Aug 22 21:21:07 IDT 2025, 111 W
Fri Aug 22 21:21:07 IDT 2025, 112 W
Fri Aug 22 21:21:07 IDT 2025, 121 W
Fri Aug 22 21:21:07 IDT 2025, 116 W
Fri Aug 22 21:21:07 IDT 2025, 100 W
Fri Aug 22 21:21:07 IDT 2025, 104 W
Fri Aug 22 21:21:07 IDT 2025, 110 W
Fri Aug 22 21:21:07 IDT 2025, 99 W
Fri Aug 22 21:21:08 IDT 2025, 117 W
Fri Aug 22 21:21:08 IDT 2025, 116 W
Fri Aug 22 21:21:08 IDT 2025, 124 W
Fri Aug 22 21:21:08 IDT 2025, 124 W
Fri Aug 22 21:21:08 IDT 2025, 106 W
Fri Aug 22 21:21:08 IDT 2025, 101 W
Fri Aug 22 21:21:08 IDT 2025, 99 W
Fri Aug 22 21:21:08 IDT 2025, 111 W
Fri Aug 22 21:21:09 IDT 2025, 115 W
Fri Aug 22 21:21:09 IDT 2025, 110 W
Fri Aug 22 21:21:09 IDT 2025, 121 W
Fri Aug 22 21:21:09 IDT 2025, 123 W
Fri Aug 22 21:21:09 IDT 2025, 110 W
Fri Aug 22 21:21:09 IDT 2025, 100 W
Fri Aug 22 21:21:09 IDT 2025, 95 W
Fri Aug 22 21:21:09 IDT 2025, 121 W
Fri Aug 22 21:21:10 IDT 2025, 116 W
Fri Aug 22 21:21:10 IDT 2025, 112 W
Fri Aug 22 21:21:10 IDT 2025, 120 W
Fri Aug 22 21:21:10 IDT 2025, 119 W
Fri Aug 22 21:21:10 IDT 2025, 106 W
Fri Aug 22 21:21:10 IDT 2025, 92 W
Fri Aug 22 21:21:10 IDT 2025, 120 W
Fri Aug 22 21:21:10 IDT 2025, 111 W
Fri Aug 22 21:21:11 IDT 2025, 119 W
Fri Aug 22 21:21:11 IDT 2025, 112 W
Fri Aug 22 21:21:11 IDT 2025, 126 W
Fri Aug 22 21:21:11 IDT 2025, 124 W
Fri Aug 22 21:21:11 IDT 2025, 112 W
Fri Aug 22 21:21:11 IDT 2025, 102 W
Fri Aug 22 21:21:11 IDT 2025, 107 W
Fri Aug 22 21:21:11 IDT 2025, 101 W
Fri Aug 22 21:21:12 IDT 2025, 102 W
Fri Aug 22 21:21:12 IDT 2025, 104 W
Fri Aug 22 21:21:12 IDT 2025, 119 W
Fri Aug 22 21:21:12 IDT 2025, 120 W
Fri Aug 22 21:21:12 IDT 2025, 106 W
Fri Aug 22 21:21:12 IDT 2025, 97 W
Fri Aug 22 21:21:12 IDT 2025, 118 W
Fri Aug 22 21:21:12 IDT 2025, 112 W
Fri Aug 22 21:21:13 IDT 2025, 123 W
Fri Aug 22 21:21:13 IDT 2025, 110 W
Fri Aug 22 21:21:13 IDT 2025, 128 W
Fri Aug 22 21:21:13 IDT 2025, 125 W
Fri Aug 22 21:21:13 IDT 2025, 88 W
Fri Aug 22 21:21:13 IDT 2025, 104 W
Fri Aug 22 21:21:13 IDT 2025, 113 W
Fri Aug 22 21:21:13 IDT 2025, 114 W
Fri Aug 22 21:21:14 IDT 2025, 117 W
Fri Aug 22 21:21:14 IDT 2025, 121 W
Fri Aug 22 21:21:14 IDT 2025, 129 W
Fri Aug 22 21:21:14 IDT 2025, 102 W
Fri Aug 22 21:21:14 IDT 2025, 105 W
Fri Aug 22 21:21:14 IDT 2025, 99 W
Fri Aug 22 21:21:14 IDT 2025, 112 W
Fri Aug 22 21:21:14 IDT 2025, 115 W
Fri Aug 22 21:21:15 IDT 2025, 118 W
Fri Aug 22 21:21:15 IDT 2025, 112 W
Fri Aug 22 21:21:15 IDT 2025, 126 W
Fri Aug 22 21:21:15 IDT 2025, 120 W
Fri Aug 22 21:21:15 IDT 2025, 92 W
Fri Aug 22 21:21:15 IDT 2025, 109 W
Fri Aug 22 21:21:15 IDT 2025, 118 W
Fri Aug 22 21:21:15 IDT 2025, 116 W
Fri Aug 22 21:21:16 IDT 2025, 125 W
Fri Aug 22 21:21:16 IDT 2025, 111 W
Fri Aug 22 21:21:16 IDT 2025, 120 W
Fri Aug 22 21:21:16 IDT 2025, 116 W
Fri Aug 22 21:21:16 IDT 2025, 89 W
Fri Aug 22 21:21:16 IDT 2025, 98 W
Fri Aug 22 21:21:16 IDT 2025, 104 W
Fri Aug 22 21:21:16 IDT 2025, 115 W
Fri Aug 22 21:21:17 IDT 2025, 117 W
Fri Aug 22 21:21:17 IDT 2025, 116 W
Fri Aug 22 21:21:17 IDT 2025, 118 W
Fri Aug 22 21:21:17 IDT 2025, 117 W
Fri Aug 22 21:21:17 IDT 2025, 99 W
Fri Aug 22 21:21:17 IDT 2025, 107 W
Fri Aug 22 21:21:17 IDT 2025, 113 W
Fri Aug 22 21:21:17 IDT 2025, 102 W
Fri Aug 22 21:21:18 IDT 2025, 115 W
Fri Aug 22 21:21:18 IDT 2025, 115 W
Fri Aug 22 21:21:18 IDT 2025, 123 W
Fri Aug 22 21:21:18 IDT 2025, 127 W
Fri Aug 22 21:21:18 IDT 2025, 88 W
Fri Aug 22 21:21:18 IDT 2025, 104 W
Fri Aug 22 21:21:18 IDT 2025, 115 W
Fri Aug 22 21:21:18 IDT 2025, 105 W
Fri Aug 22 21:21:19 IDT 2025, 115 W
Fri Aug 22 21:21:19 IDT 2025, 106 W
Fri Aug 22 21:21:19 IDT 2025, 128 W
Fri Aug 22 21:21:19 IDT 2025, 118 W
Fri Aug 22 21:21:19 IDT 2025, 90 W
Fri Aug 22 21:21:19 IDT 2025, 105 W
Fri Aug 22 21:21:19 IDT 2025, 108 W
Fri Aug 22 21:21:19 IDT 2025, 121 W
Fri Aug 22 21:21:20 IDT 2025, 112 W
Fri Aug 22 21:21:20 IDT 2025, 111 W
Fri Aug 22 21:21:20 IDT 2025, 124 W
Fri Aug 22 21:21:20 IDT 2025, 125 W
Fri Aug 22 21:21:20 IDT 2025, 84 W
Fri Aug 22 21:21:20 IDT 2025, 103 W
Fri Aug 22 21:21:20 IDT 2025, 113 W
Fri Aug 22 21:21:20 IDT 2025, 122 W
Fri Aug 22 21:21:21 IDT 2025, 119 W
Fri Aug 22 21:21:21 IDT 2025, 115 W
Fri Aug 22 21:21:21 IDT 2025, 127 W
Fri Aug 22 21:21:21 IDT 2025, 118 W
Fri Aug 22 21:21:21 IDT 2025, 104 W
Fri Aug 22 21:21:21 IDT 2025, 109 W
Fri Aug 22 21:21:21 IDT 2025, 114 W
Fri Aug 22 21:21:21 IDT 2025, 99 W
Fri Aug 22 21:21:22 IDT 2025, 114 W
Fri Aug 22 21:21:22 IDT 2025, 105 W
Fri Aug 22 21:21:22 IDT 2025, 126 W
Fri Aug 22 21:21:22 IDT 2025, 120 W
Fri Aug 22 21:21:22 IDT 2025, 111 W
Fri Aug 22 21:21:22 IDT 2025, 101 W
Fri Aug 22 21:21:22 IDT 2025, 105 W
Fri Aug 22 21:21:22 IDT 2025, 99 W
Fri Aug 22 21:21:23 IDT 2025, 121 W
Fri Aug 22 21:21:23 IDT 2025, 111 W
Fri Aug 22 21:21:23 IDT 2025, 131 W
Fri Aug 22 21:21:23 IDT 2025, 123 W
Fri Aug 22 21:21:23 IDT 2025, 109 W
Fri Aug 22 21:21:23 IDT 2025, 100 W
Fri Aug 22 21:21:23 IDT 2025, 104 W
Fri Aug 22 21:21:23 IDT 2025, 98 W
Fri Aug 22 21:21:24 IDT 2025, 120 W
Fri Aug 22 21:21:24 IDT 2025, 111 W
Fri Aug 22 21:21:24 IDT 2025, 106 W
Fri Aug 22 21:21:24 IDT 2025, 125 W
Fri Aug 22 21:21:24 IDT 2025, 109 W
Fri Aug 22 21:21:24 IDT 2025, 109 W
Fri Aug 22 21:21:24 IDT 2025, 117 W
Fri Aug 22 21:21:24 IDT 2025, 123 W
Fri Aug 22 21:21:25 IDT 2025, 116 W
Fri Aug 22 21:21:25 IDT 2025, 113 W
Fri Aug 22 21:21:25 IDT 2025, 126 W
Fri Aug 22 21:21:25 IDT 2025, 101 W
Fri Aug 22 21:21:25 IDT 2025, 107 W
Fri Aug 22 21:21:25 IDT 2025, 104 W
Fri Aug 22 21:21:25 IDT 2025, 113 W
Fri Aug 22 21:21:25 IDT 2025, 111 W
Fri Aug 22 21:21:26 IDT 2025, 109 W
Fri Aug 22 21:21:26 IDT 2025, 111 W
Fri Aug 22 21:21:26 IDT 2025, 119 W
Fri Aug 22 21:21:26 IDT 2025, 113 W
Fri Aug 22 21:21:26 IDT 2025, 97 W
Fri Aug 22 21:21:26 IDT 2025, 95 W
Fri Aug 22 21:21:26 IDT 2025, 107 W
Fri Aug 22 21:21:26 IDT 2025, 98 W
Fri Aug 22 21:21:27 IDT 2025, 124 W
Fri Aug 22 21:21:27 IDT 2025, 111 W
Fri Aug 22 21:21:27 IDT 2025, 126 W
Fri Aug 22 21:21:27 IDT 2025, 125 W
Fri Aug 22 21:21:27 IDT 2025, 103 W
Fri Aug 22 21:21:27 IDT 2025, 108 W
Fri Aug 22 21:21:27 IDT 2025, 110 W
Fri Aug 22 21:21:27 IDT 2025, 97 W
Fri Aug 22 21:21:28 IDT 2025, 112 W
Fri Aug 22 21:21:28 IDT 2025, 104 W
Fri Aug 22 21:21:28 IDT 2025, 124 W
Fri Aug 22 21:21:28 IDT 2025, 120 W
Fri Aug 22 21:21:28 IDT 2025, 84 W
Fri Aug 22 21:21:28 IDT 2025, 99 W
Fri Aug 22 21:21:28 IDT 2025, 120 W
Fri Aug 22 21:21:28 IDT 2025, 119 W
Fri Aug 22 21:21:29 IDT 2025, 104 W
Fri Aug 22 21:21:29 IDT 2025, 108 W
Fri Aug 22 21:21:29 IDT 2025, 122 W
Fri Aug 22 21:21:29 IDT 2025, 117 W
Fri Aug 22 21:21:29 IDT 2025, 112 W
Fri Aug 22 21:21:29 IDT 2025, 107 W
Fri Aug 22 21:21:29 IDT 2025, 115 W
Fri Aug 22 21:21:29 IDT 2025, 116 W
Fri Aug 22 21:21:30 IDT 2025, 122 W
Fri Aug 22 21:21:30 IDT 2025, 108 W
Fri Aug 22 21:21:30 IDT 2025, 120 W
Fri Aug 22 21:21:30 IDT 2025, 121 W
Fri Aug 22 21:21:30 IDT 2025, 108 W
Fri Aug 22 21:21:30 IDT 2025, 90 W
Fri Aug 22 21:21:30 IDT 2025, 113 W
Fri Aug 22 21:21:30 IDT 2025, 115 W
Fri Aug 22 21:21:31 IDT 2025, 121 W
Fri Aug 22 21:21:31 IDT 2025, 111 W
Fri Aug 22 21:21:31 IDT 2025, 123 W
Fri Aug 22 21:21:31 IDT 2025, 122 W
Fri Aug 22 21:21:31 IDT 2025, 109 W
Fri Aug 22 21:21:31 IDT 2025, 98 W
Fri Aug 22 21:21:31 IDT 2025, 89 W
Fri Aug 22 21:21:31 IDT 2025, 112 W
Fri Aug 22 21:21:32 IDT 2025, 119 W
Fri Aug 22 21:21:32 IDT 2025, 109 W
Fri Aug 22 21:21:32 IDT 2025, 126 W
Fri Aug 22 21:21:32 IDT 2025, 102 W
Fri Aug 22 21:21:32 IDT 2025, 110 W
Fri Aug 22 21:21:32 IDT 2025, 107 W
Fri Aug 22 21:21:32 IDT 2025, 110 W
Fri Aug 22 21:21:32 IDT 2025, 109 W
Fri Aug 22 21:21:33 IDT 2025, 115 W
Fri Aug 22 21:21:33 IDT 2025, 117 W
Fri Aug 22 21:21:33 IDT 2025, 128 W
Fri Aug 22 21:21:33 IDT 2025, 129 W
Fri Aug 22 21:21:33 IDT 2025, 87 W
Fri Aug 22 21:21:33 IDT 2025, 98 W
Fri Aug 22 21:21:33 IDT 2025, 111 W
Fri Aug 22 21:21:33 IDT 2025, 116 W
Fri Aug 22 21:21:34 IDT 2025, 111 W
Fri Aug 22 21:21:34 IDT 2025, 98 W
Fri Aug 22 21:21:34 IDT 2025, 112 W
Fri Aug 22 21:21:34 IDT 2025, 108 W
Fri Aug 22 21:21:34 IDT 2025, 92 W
Fri Aug 22 21:21:34 IDT 2025, 95 W
Fri Aug 22 21:21:34 IDT 2025, 95 W
Fri Aug 22 21:21:34 IDT 2025, 99 W
Fri Aug 22 21:21:35 IDT 2025, 112 W
Fri Aug 22 21:21:35 IDT 2025, 105 W
Fri Aug 22 21:21:35 IDT 2025, 108 W
Fri Aug 22 21:21:35 IDT 2025, 119 W
Fri Aug 22 21:21:35 IDT 2025, 104 W
Fri Aug 22 21:21:35 IDT 2025, 109 W
Fri Aug 22 21:21:35 IDT 2025, 115 W
Fri Aug 22 21:21:35 IDT 2025, 107 W
Fri Aug 22 21:21:36 IDT 2025, 119 W
Fri Aug 22 21:21:36 IDT 2025, 116 W
Fri Aug 22 21:21:36 IDT 2025, 102 W
Fri Aug 22 21:21:36 IDT 2025, 121 W
Fri Aug 22 21:21:36 IDT 2025, 109 W
Fri Aug 22 21:21:36 IDT 2025, 102 W
Fri Aug 22 21:21:36 IDT 2025, 114 W
Fri Aug 22 21:21:36 IDT 2025, 116 W
Fri Aug 22 21:21:37 IDT 2025, 119 W
Fri Aug 22 21:21:37 IDT 2025, 108 W
Fri Aug 22 21:21:37 IDT 2025, 108 W
Fri Aug 22 21:21:37 IDT 2025, 122 W
Fri Aug 22 21:21:37 IDT 2025, 103 W
Fri Aug 22 21:21:37 IDT 2025, 100 W
Fri Aug 22 21:21:37 IDT 2025, 112 W
Fri Aug 22 21:21:37 IDT 2025, 117 W
Fri Aug 22 21:21:38 IDT 2025, 114 W
Fri Aug 22 21:21:38 IDT 2025, 115 W
Fri Aug 22 21:21:38 IDT 2025, 121 W
Fri Aug 22 21:21:38 IDT 2025, 121 W
Fri Aug 22 21:21:38 IDT 2025, 103 W
Fri Aug 22 21:21:38 IDT 2025, 105 W
Fri Aug 22 21:21:38 IDT 2025, 109 W
Fri Aug 22 21:21:38 IDT 2025, 94 W
Fri Aug 22 21:21:39 IDT 2025, 103 W
Fri Aug 22 21:21:39 IDT 2025, 98 W
Fri Aug 22 21:21:39 IDT 2025, 121 W
Fri Aug 22 21:21:39 IDT 2025, 110 W
Fri Aug 22 21:21:39 IDT 2025, 94 W
Fri Aug 22 21:21:39 IDT 2025, 97 W
Fri Aug 22 21:21:39 IDT 2025, 104 W
Fri Aug 22 21:21:39 IDT 2025, 108 W
Fri Aug 22 21:21:40 IDT 2025, 115 W
Fri Aug 22 21:21:40 IDT 2025, 116 W
Fri Aug 22 21:21:40 IDT 2025, 113 W
Fri Aug 22 21:21:40 IDT 2025, 116 W
Fri Aug 22 21:21:40 IDT 2025, 101 W
Fri Aug 22 21:21:40 IDT 2025, 97 W
Fri Aug 22 21:21:40 IDT 2025, 102 W
Fri Aug 22 21:21:40 IDT 2025, 117 W
Fri Aug 22 21:21:41 IDT 2025, 116 W
Fri Aug 22 21:21:41 IDT 2025, 113 W
Fri Aug 22 21:21:41 IDT 2025, 120 W
Fri Aug 22 21:21:41 IDT 2025, 122 W
Fri Aug 22 21:21:41 IDT 2025, 105 W
Fri Aug 22 21:21:41 IDT 2025, 94 W
Fri Aug 22 21:21:41 IDT 2025, 119 W
Fri Aug 22 21:21:41 IDT 2025, 114 W
Fri Aug 22 21:21:42 IDT 2025, 121 W
Fri Aug 22 21:21:42 IDT 2025, 112 W
Fri Aug 22 21:21:42 IDT 2025, 126 W
Fri Aug 22 21:21:42 IDT 2025, 121 W
Fri Aug 22 21:21:42 IDT 2025, 111 W
Fri Aug 22 21:21:42 IDT 2025, 108 W
Fri Aug 22 21:21:42 IDT 2025, 94 W
Fri Aug 22 21:21:42 IDT 2025, 121 W
Fri Aug 22 21:21:43 IDT 2025, 115 W
Fri Aug 22 21:21:43 IDT 2025, 122 W
Fri Aug 22 21:21:43 IDT 2025, 118 W
Fri Aug 22 21:21:43 IDT 2025, 125 W
Fri Aug 22 21:21:43 IDT 2025, 99 W
Fri Aug 22 21:21:43 IDT 2025, 98 W
Fri Aug 22 21:21:43 IDT 2025, 117 W
Fri Aug 22 21:21:43 IDT 2025, 105 W
Fri Aug 22 21:21:44 IDT 2025, 96 W
Fri Aug 22 21:21:44 IDT 2025, 111 W
Fri Aug 22 21:21:44 IDT 2025, 123 W
Fri Aug 22 21:21:44 IDT 2025, 123 W
Fri Aug 22 21:21:44 IDT 2025, 110 W
Fri Aug 22 21:21:44 IDT 2025, 106 W
Fri Aug 22 21:21:44 IDT 2025, 116 W
Fri Aug 22 21:21:44 IDT 2025, 111 W
Fri Aug 22 21:21:45 IDT 2025, 115 W
Fri Aug 22 21:21:45 IDT 2025, 94 W
Fri Aug 22 21:21:45 IDT 2025, 109 W
Fri Aug 22 21:21:45 IDT 2025, 121 W
Fri Aug 22 21:21:45 IDT 2025, 107 W
Fri Aug 22 21:21:45 IDT 2025, 103 W
Fri Aug 22 21:21:45 IDT 2025, 116 W
Fri Aug 22 21:21:45 IDT 2025, 114 W
Fri Aug 22 21:21:46 IDT 2025, 124 W
Fri Aug 22 21:21:46 IDT 2025, 94 W
Fri Aug 22 21:21:46 IDT 2025, 122 W
Fri Aug 22 21:21:46 IDT 2025, 126 W
Fri Aug 22 21:21:46 IDT 2025, 108 W
Fri Aug 22 21:21:46 IDT 2025, 97 W
Fri Aug 22 21:21:46 IDT 2025, 114 W
Fri Aug 22 21:21:46 IDT 2025, 115 W
Fri Aug 22 21:21:47 IDT 2025, 114 W
Fri Aug 22 21:21:47 IDT 2025, 117 W
Fri Aug 22 21:21:47 IDT 2025, 123 W
Fri Aug 22 21:21:47 IDT 2025, 121 W
Fri Aug 22 21:21:47 IDT 2025, 106 W
Fri Aug 22 21:21:47 IDT 2025, 104 W
Fri Aug 22 21:21:47 IDT 2025, 119 W
Fri Aug 22 21:21:47 IDT 2025, 97 W
Fri Aug 22 21:21:48 IDT 2025, 102 W
Fri Aug 22 21:21:48 IDT 2025, 115 W
Fri Aug 22 21:21:48 IDT 2025, 123 W
Fri Aug 22 21:21:48 IDT 2025, 116 W
Fri Aug 22 21:21:48 IDT 2025, 99 W
Fri Aug 22 21:21:48 IDT 2025, 106 W
Fri Aug 22 21:21:48 IDT 2025, 114 W
Fri Aug 22 21:21:48 IDT 2025, 116 W
Fri Aug 22 21:21:49 IDT 2025, 125 W
Fri Aug 22 21:21:49 IDT 2025, 118 W
Fri Aug 22 21:21:49 IDT 2025, 121 W
Fri Aug 22 21:21:49 IDT 2025, 120 W
Fri Aug 22 21:21:49 IDT 2025, 95 W
Fri Aug 22 21:21:49 IDT 2025, 102 W
Fri Aug 22 21:21:49 IDT 2025, 115 W
Fri Aug 22 21:21:49 IDT 2025, 118 W
Fri Aug 22 21:21:50 IDT 2025, 116 W
Fri Aug 22 21:21:50 IDT 2025, 105 W
Fri Aug 22 21:21:50 IDT 2025, 120 W
Fri Aug 22 21:21:50 IDT 2025, 120 W
Fri Aug 22 21:21:50 IDT 2025, 103 W
Fri Aug 22 21:21:50 IDT 2025, 111 W
Fri Aug 22 21:21:50 IDT 2025, 115 W
Fri Aug 22 21:21:50 IDT 2025, 114 W
Fri Aug 22 21:21:51 IDT 2025, 92 W
Fri Aug 22 21:21:51 IDT 2025, 115 W
Fri Aug 22 21:21:51 IDT 2025, 120 W
Fri Aug 22 21:21:51 IDT 2025, 126 W
Fri Aug 22 21:21:51 IDT 2025, 111 W
Fri Aug 22 21:21:51 IDT 2025, 112 W
Fri Aug 22 21:21:51 IDT 2025, 113 W
Fri Aug 22 21:21:51 IDT 2025, 117 W
Fri Aug 22 21:21:52 IDT 2025, 113 W
Fri Aug 22 21:21:52 IDT 2025, 101 W
Fri Aug 22 21:21:52 IDT 2025, 123 W
Fri Aug 22 21:21:52 IDT 2025, 124 W
Fri Aug 22 21:21:52 IDT 2025, 100 W
Fri Aug 22 21:21:52 IDT 2025, 110 W
Fri Aug 22 21:21:52 IDT 2025, 113 W
Fri Aug 22 21:21:52 IDT 2025, 119 W
Fri Aug 22 21:21:53 IDT 2025, 117 W
Fri Aug 22 21:21:53 IDT 2025, 114 W
Fri Aug 22 21:21:53 IDT 2025, 121 W
Fri Aug 22 21:21:53 IDT 2025, 128 W
Fri Aug 22 21:21:53 IDT 2025, 104 W
Fri Aug 22 21:21:53 IDT 2025, 104 W
Fri Aug 22 21:21:53 IDT 2025, 93 W
Fri Aug 22 21:21:53 IDT 2025, 124 W
Fri Aug 22 21:21:54 IDT 2025, 110 W
Fri Aug 22 21:21:54 IDT 2025, 93 W
Fri Aug 22 21:21:54 IDT 2025, 116 W
Fri Aug 22 21:21:54 IDT 2025, 112 W
Fri Aug 22 21:21:54 IDT 2025, 92 W
Fri Aug 22 21:21:54 IDT 2025, 103 W
Fri Aug 22 21:21:54 IDT 2025, 106 W
Fri Aug 22 21:21:54 IDT 2025, 114 W
Fri Aug 22 21:21:55 IDT 2025, 120 W
Fri Aug 22 21:21:55 IDT 2025, 114 W
Fri Aug 22 21:21:55 IDT 2025, 115 W
Fri Aug 22 21:21:55 IDT 2025, 115 W
Fri Aug 22 21:21:55 IDT 2025, 108 W
Fri Aug 22 21:21:55 IDT 2025, 104 W
Fri Aug 22 21:21:55 IDT 2025, 107 W
Fri Aug 22 21:21:55 IDT 2025, 110 W
Fri Aug 22 21:21:56 IDT 2025, 112 W
Fri Aug 22 21:21:56 IDT 2025, 112 W
Fri Aug 22 21:21:56 IDT 2025, 125 W
Fri Aug 22 21:21:56 IDT 2025, 118 W
Fri Aug 22 21:21:56 IDT 2025, 103 W
Fri Aug 22 21:21:56 IDT 2025, 92 W
Fri Aug 22 21:21:56 IDT 2025, 116 W
Fri Aug 22 21:21:56 IDT 2025, 111 W
Fri Aug 22 21:21:57 IDT 2025, 101 W
Fri Aug 22 21:21:57 IDT 2025, 120 W
Fri Aug 22 21:21:57 IDT 2025, 125 W
Fri Aug 22 21:21:57 IDT 2025, 123 W
Fri Aug 22 21:21:57 IDT 2025, 106 W
Fri Aug 22 21:21:57 IDT 2025, 104 W
Fri Aug 22 21:21:57 IDT 2025, 110 W
Fri Aug 22 21:21:57 IDT 2025, 110 W
Fri Aug 22 21:21:58 IDT 2025, 111 W
Fri Aug 22 21:21:58 IDT 2025, 112 W
Fri Aug 22 21:21:58 IDT 2025, 125 W
Fri Aug 22 21:21:58 IDT 2025, 118 W
Fri Aug 22 21:21:58 IDT 2025, 105 W
Fri Aug 22 21:21:58 IDT 2025, 104 W
Fri Aug 22 21:21:58 IDT 2025, 100 W
Fri Aug 22 21:21:58 IDT 2025, 114 W
Fri Aug 22 21:21:59 IDT 2025, 114 W
Fri Aug 22 21:21:59 IDT 2025, 110 W
Fri Aug 22 21:21:59 IDT 2025, 119 W
Fri Aug 22 21:21:59 IDT 2025, 123 W
Fri Aug 22 21:21:59 IDT 2025, 102 W
Fri Aug 22 21:21:59 IDT 2025, 88 W
Fri Aug 22 21:21:59 IDT 2025, 104 W
Fri Aug 22 21:21:59 IDT 2025, 120 W
Fri Aug 22 21:22:00 IDT 2025, 112 W
Fri Aug 22 21:22:00 IDT 2025, 114 W
Fri Aug 22 21:22:00 IDT 2025, 127 W
Fri Aug 22 21:22:00 IDT 2025, 110 W
Fri Aug 22 21:22:00 IDT 2025, 107 W
Fri Aug 22 21:22:00 IDT 2025, 105 W
Fri Aug 22 21:22:00 IDT 2025, 109 W
Fri Aug 22 21:22:00 IDT 2025, 119 W
Fri Aug 22 21:22:01 IDT 2025, 118 W
Fri Aug 22 21:22:01 IDT 2025, 113 W
Fri Aug 22 21:22:01 IDT 2025, 122 W
Fri Aug 22 21:22:01 IDT 2025, 109 W
Fri Aug 22 21:22:01 IDT 2025, 103 W
Fri Aug 22 21:22:01 IDT 2025, 101 W
Fri Aug 22 21:22:01 IDT 2025, 116 W
Fri Aug 22 21:22:01 IDT 2025, 116 W
Fri Aug 22 21:22:02 IDT 2025, 116 W
Fri Aug 22 21:22:02 IDT 2025, 111 W
Fri Aug 22 21:22:02 IDT 2025, 115 W
Fri Aug 22 21:22:02 IDT 2025, 123 W
Fri Aug 22 21:22:02 IDT 2025, 105 W
Fri Aug 22 21:22:02 IDT 2025, 84 W
Fri Aug 22 21:22:02 IDT 2025, 117 W
Fri Aug 22 21:22:02 IDT 2025, 120 W
Fri Aug 22 21:22:03 IDT 2025, 114 W
Fri Aug 22 21:22:03 IDT 2025, 92 W
Fri Aug 22 21:22:03 IDT 2025, 131 W
Fri Aug 22 21:22:03 IDT 2025, 123 W
Fri Aug 22 21:22:03 IDT 2025, 112 W
Fri Aug 22 21:22:03 IDT 2025, 102 W
Fri Aug 22 21:22:03 IDT 2025, 109 W
Fri Aug 22 21:22:03 IDT 2025, 112 W
Fri Aug 22 21:22:04 IDT 2025, 126 W
Fri Aug 22 21:22:04 IDT 2025, 92 W
Fri Aug 22 21:22:04 IDT 2025, 110 W
Fri Aug 22 21:22:04 IDT 2025, 128 W
Fri Aug 22 21:22:04 IDT 2025, 109 W
Fri Aug 22 21:22:04 IDT 2025, 107 W
Fri Aug 22 21:22:04 IDT 2025, 109 W
Fri Aug 22 21:22:04 IDT 2025, 112 W
Fri Aug 22 21:22:05 IDT 2025, 114 W
Fri Aug 22 21:22:05 IDT 2025, 120 W
Fri Aug 22 21:22:05 IDT 2025, 125 W
Fri Aug 22 21:22:05 IDT 2025, 119 W
Fri Aug 22 21:22:05 IDT 2025, 114 W
Fri Aug 22 21:22:05 IDT 2025, 102 W
Fri Aug 22 21:22:05 IDT 2025, 95 W
Fri Aug 22 21:22:05 IDT 2025, 119 W
Fri Aug 22 21:22:06 IDT 2025, 124 W
Fri Aug 22 21:22:06 IDT 2025, 119 W
Fri Aug 22 21:22:06 IDT 2025, 127 W
Fri Aug 22 21:22:06 IDT 2025, 126 W
Fri Aug 22 21:22:06 IDT 2025, 105 W
Fri Aug 22 21:22:06 IDT 2025, 104 W
Fri Aug 22 21:22:06 IDT 2025, 92 W
Fri Aug 22 21:22:06 IDT 2025, 115 W
Fri Aug 22 21:22:07 IDT 2025, 120 W
Fri Aug 22 21:22:07 IDT 2025, 109 W
Fri Aug 22 21:22:07 IDT 2025, 109 W
Fri Aug 22 21:22:07 IDT 2025, 122 W
Fri Aug 22 21:22:07 IDT 2025, 106 W
Fri Aug 22 21:22:07 IDT 2025, 102 W
Fri Aug 22 21:22:07 IDT 2025, 110 W
Fri Aug 22 21:22:07 IDT 2025, 113 W
Fri Aug 22 21:22:08 IDT 2025, 106 W
Fri Aug 22 21:22:08 IDT 2025, 99 W
Fri Aug 22 21:22:08 IDT 2025, 115 W
Fri Aug 22 21:22:08 IDT 2025, 111 W
Fri Aug 22 21:22:08 IDT 2025, 95 W
Fri Aug 22 21:22:08 IDT 2025, 100 W
Fri Aug 22 21:22:08 IDT 2025, 100 W
Fri Aug 22 21:22:08 IDT 2025, 105 W
Fri Aug 22 21:22:09 IDT 2025, 118 W
Fri Aug 22 21:22:09 IDT 2025, 109 W
Fri Aug 22 21:22:09 IDT 2025, 123 W
Fri Aug 22 21:22:09 IDT 2025, 121 W
Fri Aug 22 21:22:09 IDT 2025, 108 W
Fri Aug 22 21:22:09 IDT 2025, 97 W
Fri Aug 22 21:22:09 IDT 2025, 102 W
Fri Aug 22 21:22:09 IDT 2025, 111 W
Fri Aug 22 21:22:10 IDT 2025, 117 W
Fri Aug 22 21:22:10 IDT 2025, 96 W
Fri Aug 22 21:22:10 IDT 2025, 128 W
Fri Aug 22 21:22:10 IDT 2025, 130 W
Fri Aug 22 21:22:10 IDT 2025, 109 W
Fri Aug 22 21:22:10 IDT 2025, 97 W
Fri Aug 22 21:22:10 IDT 2025, 97 W
Fri Aug 22 21:22:10 IDT 2025, 114 W
Fri Aug 22 21:22:11 IDT 2025, 114 W
Fri Aug 22 21:22:11 IDT 2025, 109 W
Fri Aug 22 21:22:11 IDT 2025, 122 W
Fri Aug 22 21:22:11 IDT 2025, 101 W
Fri Aug 22 21:22:11 IDT 2025, 104 W
Fri Aug 22 21:22:11 IDT 2025, 106 W
Fri Aug 22 21:22:11 IDT 2025, 112 W
Fri Aug 22 21:22:11 IDT 2025, 119 W
Fri Aug 22 21:22:12 IDT 2025, 107 W
Fri Aug 22 21:22:12 IDT 2025, 108 W
Fri Aug 22 21:22:12 IDT 2025, 113 W
Fri Aug 22 21:22:12 IDT 2025, 115 W
Fri Aug 22 21:22:12 IDT 2025, 99 W
Fri Aug 22 21:22:12 IDT 2025, 94 W
Fri Aug 22 21:22:12 IDT 2025, 99 W
Fri Aug 22 21:22:12 IDT 2025, 114 W
Fri Aug 22 21:22:13 IDT 2025, 113 W
Fri Aug 22 21:22:13 IDT 2025, 122 W
Fri Aug 22 21:22:13 IDT 2025, 125 W
Fri Aug 22 21:22:13 IDT 2025, 125 W
Fri Aug 22 21:22:13 IDT 2025, 104 W
Fri Aug 22 21:22:13 IDT 2025, 88 W
Fri Aug 22 21:22:13 IDT 2025, 119 W
Fri Aug 22 21:22:13 IDT 2025, 114 W
Fri Aug 22 21:22:14 IDT 2025, 118 W
Fri Aug 22 21:22:14 IDT 2025, 113 W
Fri Aug 22 21:22:14 IDT 2025, 127 W
Fri Aug 22 21:22:14 IDT 2025, 123 W
Fri Aug 22 21:22:14 IDT 2025, 90 W
Fri Aug 22 21:22:14 IDT 2025, 105 W
Fri Aug 22 21:22:14 IDT 2025, 115 W
Fri Aug 22 21:22:14 IDT 2025, 115 W
Fri Aug 22 21:22:15 IDT 2025, 120 W
Fri Aug 22 21:22:15 IDT 2025, 113 W
Fri Aug 22 21:22:15 IDT 2025, 124 W
Fri Aug 22 21:22:15 IDT 2025, 121 W
Fri Aug 22 21:22:15 IDT 2025, 99 W
Fri Aug 22 21:22:15 IDT 2025, 89 W
Fri Aug 22 21:22:15 IDT 2025, 119 W
Fri Aug 22 21:22:15 IDT 2025, 119 W
Fri Aug 22 21:22:16 IDT 2025, 95 W
Fri Aug 22 21:22:16 IDT 2025, 117 W
Fri Aug 22 21:22:16 IDT 2025, 127 W
Fri Aug 22 21:22:16 IDT 2025, 121 W
Fri Aug 22 21:22:16 IDT 2025, 105 W
Fri Aug 22 21:22:16 IDT 2025, 102 W
Fri Aug 22 21:22:16 IDT 2025, 111 W
Fri Aug 22 21:22:16 IDT 2025, 117 W
Fri Aug 22 21:22:17 IDT 2025, 113 W
Fri Aug 22 21:22:17 IDT 2025, 106 W
Fri Aug 22 21:22:17 IDT 2025, 114 W
Fri Aug 22 21:22:17 IDT 2025, 118 W
Fri Aug 22 21:22:17 IDT 2025, 106 W
Fri Aug 22 21:22:17 IDT 2025, 94 W
Fri Aug 22 21:22:17 IDT 2025, 107 W
Fri Aug 22 21:22:17 IDT 2025, 108 W
Fri Aug 22 21:22:18 IDT 2025, 123 W
Fri Aug 22 21:22:18 IDT 2025, 115 W
Fri Aug 22 21:22:18 IDT 2025, 129 W
Fri Aug 22 21:22:18 IDT 2025, 126 W
Fri Aug 22 21:22:18 IDT 2025, 111 W
Fri Aug 22 21:22:18 IDT 2025, 101 W
Fri Aug 22 21:22:18 IDT 2025, 94 W
Fri Aug 22 21:22:18 IDT 2025, 110 W
Fri Aug 22 21:22:19 IDT 2025, 112 W
Fri Aug 22 21:22:19 IDT 2025, 113 W
Fri Aug 22 21:22:19 IDT 2025, 105 W
Fri Aug 22 21:22:19 IDT 2025, 124 W
Fri Aug 22 21:22:19 IDT 2025, 112 W
Fri Aug 22 21:22:19 IDT 2025, 105 W
Fri Aug 22 21:22:19 IDT 2025, 115 W
Fri Aug 22 21:22:19 IDT 2025, 118 W
Fri Aug 22 21:22:20 IDT 2025, 114 W
Fri Aug 22 21:22:20 IDT 2025, 117 W
Fri Aug 22 21:22:20 IDT 2025, 129 W
Fri Aug 22 21:22:20 IDT 2025, 122 W
Fri Aug 22 21:22:20 IDT 2025, 94 W
Fri Aug 22 21:22:20 IDT 2025, 104 W
Fri Aug 22 21:22:20 IDT 2025, 119 W
Fri Aug 22 21:22:20 IDT 2025, 115 W
Fri Aug 22 21:22:21 IDT 2025, 115 W
Fri Aug 22 21:22:21 IDT 2025, 100 W
Fri Aug 22 21:22:21 IDT 2025, 117 W
Fri Aug 22 21:22:21 IDT 2025, 106 W
Fri Aug 22 21:22:21 IDT 2025, 99 W
Fri Aug 22 21:22:21 IDT 2025, 94 W
Fri Aug 22 21:22:21 IDT 2025, 109 W
Fri Aug 22 21:22:21 IDT 2025, 104 W
Fri Aug 22 21:22:22 IDT 2025, 114 W
Fri Aug 22 21:22:22 IDT 2025, 114 W
Fri Aug 22 21:22:22 IDT 2025, 126 W
Fri Aug 22 21:22:22 IDT 2025, 125 W
Fri Aug 22 21:22:22 IDT 2025, 105 W
Fri Aug 22 21:22:22 IDT 2025, 105 W
Fri Aug 22 21:22:22 IDT 2025, 90 W
Fri Aug 22 21:22:22 IDT 2025, 113 W
Fri Aug 22 21:22:23 IDT 2025, 118 W
Fri Aug 22 21:22:23 IDT 2025, 112 W
Fri Aug 22 21:22:23 IDT 2025, 125 W
Fri Aug 22 21:22:23 IDT 2025, 124 W
Fri Aug 22 21:22:23 IDT 2025, 103 W
Fri Aug 22 21:22:23 IDT 2025, 102 W
Fri Aug 22 21:22:23 IDT 2025, 90 W
Fri Aug 22 21:22:23 IDT 2025, 115 W
Fri Aug 22 21:22:24 IDT 2025, 115 W
Fri Aug 22 21:22:24 IDT 2025, 109 W
Fri Aug 22 21:22:24 IDT 2025, 122 W
Fri Aug 22 21:22:24 IDT 2025, 122 W
Fri Aug 22 21:22:24 IDT 2025, 107 W
Fri Aug 22 21:22:24 IDT 2025, 106 W
Fri Aug 22 21:22:24 IDT 2025, 112 W
Fri Aug 22 21:22:24 IDT 2025, 96 W
Fri Aug 22 21:22:25 IDT 2025, 108 W
Fri Aug 22 21:22:25 IDT 2025, 100 W
Fri Aug 22 21:22:25 IDT 2025, 113 W
Fri Aug 22 21:22:25 IDT 2025, 113 W
Fri Aug 22 21:22:25 IDT 2025, 91 W
Fri Aug 22 21:22:25 IDT 2025, 98 W
Fri Aug 22 21:22:25 IDT 2025, 105 W
Fri Aug 22 21:22:25 IDT 2025, 102 W
Fri Aug 22 21:22:26 IDT 2025, 112 W
Fri Aug 22 21:22:26 IDT 2025, 112 W
Fri Aug 22 21:22:26 IDT 2025, 125 W
Fri Aug 22 21:22:26 IDT 2025, 119 W
Fri Aug 22 21:22:26 IDT 2025, 94 W
Fri Aug 22 21:22:26 IDT 2025, 102 W
Fri Aug 22 21:22:26 IDT 2025, 110 W
Fri Aug 22 21:22:26 IDT 2025, 103 W
Fri Aug 22 21:22:27 IDT 2025, 113 W
Fri Aug 22 21:22:27 IDT 2025, 101 W
Fri Aug 22 21:22:27 IDT 2025, 122 W
Fri Aug 22 21:22:27 IDT 2025, 123 W
Fri Aug 22 21:22:27 IDT 2025, 103 W
Fri Aug 22 21:22:27 IDT 2025, 105 W
Fri Aug 22 21:22:27 IDT 2025, 113 W
Fri Aug 22 21:22:27 IDT 2025, 114 W
Fri Aug 22 21:22:28 IDT 2025, 123 W
Fri Aug 22 21:22:28 IDT 2025, 113 W
Fri Aug 22 21:22:28 IDT 2025, 129 W
Fri Aug 22 21:22:28 IDT 2025, 109 W
Fri Aug 22 21:22:28 IDT 2025, 107 W
Fri Aug 22 21:22:28 IDT 2025, 110 W
Fri Aug 22 21:22:28 IDT 2025, 117 W
Fri Aug 22 21:22:28 IDT 2025, 116 W
Fri Aug 22 21:22:29 IDT 2025, 114 W
Fri Aug 22 21:22:29 IDT 2025, 117 W
Fri Aug 22 21:22:29 IDT 2025, 130 W
Fri Aug 22 21:22:29 IDT 2025, 128 W
Fri Aug 22 21:22:29 IDT 2025, 88 W
Fri Aug 22 21:22:29 IDT 2025, 108 W
Fri Aug 22 21:22:29 IDT 2025, 110 W
Fri Aug 22 21:22:29 IDT 2025, 118 W
Fri Aug 22 21:22:30 IDT 2025, 123 W
Fri Aug 22 21:22:30 IDT 2025, 101 W
Fri Aug 22 21:22:30 IDT 2025, 130 W
Fri Aug 22 21:22:30 IDT 2025, 124 W
Fri Aug 22 21:22:30 IDT 2025, 107 W
Fri Aug 22 21:22:30 IDT 2025, 102 W
Fri Aug 22 21:22:30 IDT 2025, 115 W
Fri Aug 22 21:22:30 IDT 2025, 118 W
Fri Aug 22 21:22:31 IDT 2025, 97 W
Fri Aug 22 21:22:31 IDT 2025, 108 W
Fri Aug 22 21:22:31 IDT 2025, 125 W
Fri Aug 22 21:22:31 IDT 2025, 121 W
Fri Aug 22 21:22:31 IDT 2025, 102 W
Fri Aug 22 21:22:31 IDT 2025, 109 W
Fri Aug 22 21:22:31 IDT 2025, 106 W
Fri Aug 22 21:22:31 IDT 2025, 115 W
Fri Aug 22 21:22:32 IDT 2025, 100 W
Fri Aug 22 21:22:32 IDT 2025, 105 W
Fri Aug 22 21:22:32 IDT 2025, 120 W
Fri Aug 22 21:22:32 IDT 2025, 124 W
Fri Aug 22 21:22:32 IDT 2025, 108 W
Fri Aug 22 21:22:32 IDT 2025, 99 W
Fri Aug 22 21:22:32 IDT 2025, 115 W
Fri Aug 22 21:22:32 IDT 2025, 114 W
Fri Aug 22 21:22:33 IDT 2025, 111 W
Fri Aug 22 21:22:33 IDT 2025, 109 W
Fri Aug 22 21:22:33 IDT 2025, 128 W
Fri Aug 22 21:22:33 IDT 2025, 125 W
Fri Aug 22 21:22:33 IDT 2025, 110 W
Fri Aug 22 21:22:33 IDT 2025, 99 W
Fri Aug 22 21:22:33 IDT 2025, 108 W
Fri Aug 22 21:22:33 IDT 2025, 99 W
Fri Aug 22 21:22:34 IDT 2025, 114 W
Fri Aug 22 21:22:34 IDT 2025, 113 W
Fri Aug 22 21:22:34 IDT 2025, 120 W
Fri Aug 22 21:22:34 IDT 2025, 111 W
Fri Aug 22 21:22:34 IDT 2025, 108 W
Fri Aug 22 21:22:34 IDT 2025, 102 W
Fri Aug 22 21:22:34 IDT 2025, 112 W
Fri Aug 22 21:22:34 IDT 2025, 118 W
Fri Aug 22 21:22:35 IDT 2025, 117 W
Fri Aug 22 21:22:35 IDT 2025, 112 W
Fri Aug 22 21:22:35 IDT 2025, 120 W
Fri Aug 22 21:22:35 IDT 2025, 125 W
Fri Aug 22 21:22:35 IDT 2025, 102 W
Fri Aug 22 21:22:35 IDT 2025, 103 W
Fri Aug 22 21:22:35 IDT 2025, 106 W
Fri Aug 22 21:22:35 IDT 2025, 104 W
Fri Aug 22 21:22:36 IDT 2025, 110 W
Fri Aug 22 21:22:36 IDT 2025, 110 W
Fri Aug 22 21:22:36 IDT 2025, 120 W
Fri Aug 22 21:22:36 IDT 2025, 110 W
Fri Aug 22 21:22:36 IDT 2025, 102 W
Fri Aug 22 21:22:36 IDT 2025, 99 W
Fri Aug 22 21:22:36 IDT 2025, 119 W
Fri Aug 22 21:22:36 IDT 2025, 123 W
Fri Aug 22 21:22:37 IDT 2025, 125 W
Fri Aug 22 21:22:37 IDT 2025, 111 W
Fri Aug 22 21:22:37 IDT 2025, 127 W
Fri Aug 22 21:22:37 IDT 2025, 121 W
Fri Aug 22 21:22:37 IDT 2025, 87 W
Fri Aug 22 21:22:37 IDT 2025, 100 W
Fri Aug 22 21:22:37 IDT 2025, 111 W
Fri Aug 22 21:22:37 IDT 2025, 118 W
Fri Aug 22 21:22:38 IDT 2025, 121 W
Fri Aug 22 21:22:38 IDT 2025, 112 W
Fri Aug 22 21:22:38 IDT 2025, 103 W
Fri Aug 22 21:22:38 IDT 2025, 123 W
Fri Aug 22 21:22:38 IDT 2025, 105 W
Fri Aug 22 21:22:38 IDT 2025, 102 W
Fri Aug 22 21:22:38 IDT 2025, 110 W
Fri Aug 22 21:22:38 IDT 2025, 110 W
Fri Aug 22 21:22:39 IDT 2025, 99 W
Fri Aug 22 21:22:39 IDT 2025, 106 W
Fri Aug 22 21:22:39 IDT 2025, 122 W
Fri Aug 22 21:22:39 IDT 2025, 121 W
Fri Aug 22 21:22:39 IDT 2025, 101 W
Fri Aug 22 21:22:39 IDT 2025, 102 W
Fri Aug 22 21:22:39 IDT 2025, 113 W
Fri Aug 22 21:22:39 IDT 2025, 120 W
Fri Aug 22 21:22:40 IDT 2025, 101 W
Fri Aug 22 21:22:40 IDT 2025, 119 W
Fri Aug 22 21:22:40 IDT 2025, 121 W
Fri Aug 22 21:22:40 IDT 2025, 126 W
Fri Aug 22 21:22:40 IDT 2025, 105 W
Fri Aug 22 21:22:40 IDT 2025, 106 W
Fri Aug 22 21:22:40 IDT 2025, 114 W
Fri Aug 22 21:22:40 IDT 2025, 111 W
Fri Aug 22 21:22:41 IDT 2025, 115 W
Fri Aug 22 21:22:41 IDT 2025, 92 W
Fri Aug 22 21:22:41 IDT 2025, 120 W
Fri Aug 22 21:22:41 IDT 2025, 118 W
Fri Aug 22 21:22:41 IDT 2025, 104 W
Fri Aug 22 21:22:41 IDT 2025, 107 W
Fri Aug 22 21:22:41 IDT 2025, 112 W
Fri Aug 22 21:22:41 IDT 2025, 111 W
Fri Aug 22 21:22:42 IDT 2025, 124 W
Fri Aug 22 21:22:42 IDT 2025, 110 W
Fri Aug 22 21:22:42 IDT 2025, 126 W
Fri Aug 22 21:22:42 IDT 2025, 129 W
Fri Aug 22 21:22:42 IDT 2025, 84 W
Fri Aug 22 21:22:42 IDT 2025, 102 W
Fri Aug 22 21:22:42 IDT 2025, 114 W
Fri Aug 22 21:22:42 IDT 2025, 117 W
Fri Aug 22 21:22:43 IDT 2025, 96 W
Fri Aug 22 21:22:43 IDT 2025, 106 W
Fri Aug 22 21:22:43 IDT 2025, 122 W
Fri Aug 22 21:22:43 IDT 2025, 122 W
Fri Aug 22 21:22:43 IDT 2025, 108 W
Fri Aug 22 21:22:43 IDT 2025, 104 W
Fri Aug 22 21:22:43 IDT 2025, 112 W
Fri Aug 22 21:22:43 IDT 2025, 112 W
Fri Aug 22 21:22:44 IDT 2025, 109 W
Fri Aug 22 21:22:44 IDT 2025, 100 W
Fri Aug 22 21:22:44 IDT 2025, 116 W
Fri Aug 22 21:22:44 IDT 2025, 111 W
Fri Aug 22 21:22:44 IDT 2025, 92 W
Fri Aug 22 21:22:44 IDT 2025, 91 W
Fri Aug 22 21:22:44 IDT 2025, 96 W
Fri Aug 22 21:22:44 IDT 2025, 104 W
Fri Aug 22 21:22:45 IDT 2025, 112 W
Fri Aug 22 21:22:45 IDT 2025, 119 W
Fri Aug 22 21:22:45 IDT 2025, 129 W
Fri Aug 22 21:22:45 IDT 2025, 116 W
Fri Aug 22 21:22:45 IDT 2025, 111 W
Fri Aug 22 21:22:45 IDT 2025, 89 W
Fri Aug 22 21:22:45 IDT 2025, 113 W
Fri Aug 22 21:22:45 IDT 2025, 109 W
Fri Aug 22 21:22:46 IDT 2025, 116 W
Fri Aug 22 21:22:46 IDT 2025, 120 W
Fri Aug 22 21:22:46 IDT 2025, 120 W
Fri Aug 22 21:22:46 IDT 2025, 121 W
Fri Aug 22 21:22:46 IDT 2025, 87 W
Fri Aug 22 21:22:46 IDT 2025, 103 W
Fri Aug 22 21:22:46 IDT 2025, 119 W
Fri Aug 22 21:22:46 IDT 2025, 117 W
Fri Aug 22 21:22:47 IDT 2025, 117 W
Fri Aug 22 21:22:47 IDT 2025, 107 W
Fri Aug 22 21:22:47 IDT 2025, 126 W
Fri Aug 22 21:22:47 IDT 2025, 121 W
Fri Aug 22 21:22:47 IDT 2025, 113 W
Fri Aug 22 21:22:47 IDT 2025, 94 W
Fri Aug 22 21:22:47 IDT 2025, 111 W
Fri Aug 22 21:22:47 IDT 2025, 115 W
Fri Aug 22 21:22:48 IDT 2025, 116 W
Fri Aug 22 21:22:48 IDT 2025, 120 W
Fri Aug 22 21:22:48 IDT 2025, 119 W
Fri Aug 22 21:22:48 IDT 2025, 118 W
Fri Aug 22 21:22:48 IDT 2025, 105 W
Fri Aug 22 21:22:48 IDT 2025, 101 W
Fri Aug 22 21:22:48 IDT 2025, 114 W
Fri Aug 22 21:22:48 IDT 2025, 91 W
Fri Aug 22 21:22:49 IDT 2025, 110 W
Fri Aug 22 21:22:49 IDT 2025, 115 W
Fri Aug 22 21:22:49 IDT 2025, 104 W
Fri Aug 22 21:22:49 IDT 2025, 118 W
Fri Aug 22 21:22:49 IDT 2025, 110 W
Fri Aug 22 21:22:49 IDT 2025, 101 W
Fri Aug 22 21:22:49 IDT 2025, 122 W
Fri Aug 22 21:22:49 IDT 2025, 118 W
Fri Aug 22 21:22:50 IDT 2025, 117 W
Fri Aug 22 21:22:50 IDT 2025, 112 W
Fri Aug 22 21:22:50 IDT 2025, 123 W
Fri Aug 22 21:22:50 IDT 2025, 127 W
Fri Aug 22 21:22:50 IDT 2025, 105 W
Fri Aug 22 21:22:50 IDT 2025, 99 W
Fri Aug 22 21:22:50 IDT 2025, 106 W
Fri Aug 22 21:22:50 IDT 2025, 97 W
Fri Aug 22 21:22:51 IDT 2025, 121 W
Fri Aug 22 21:22:51 IDT 2025, 112 W
Fri Aug 22 21:22:51 IDT 2025, 127 W
Fri Aug 22 21:22:51 IDT 2025, 103 W
Fri Aug 22 21:22:51 IDT 2025, 114 W
Fri Aug 22 21:22:51 IDT 2025, 102 W
Fri Aug 22 21:22:51 IDT 2025, 118 W
Fri Aug 22 21:22:51 IDT 2025, 123 W
Fri Aug 22 21:22:52 IDT 2025, 117 W
Fri Aug 22 21:22:52 IDT 2025, 117 W
Fri Aug 22 21:22:52 IDT 2025, 125 W
Fri Aug 22 21:22:52 IDT 2025, 121 W
Fri Aug 22 21:22:52 IDT 2025, 85 W
Fri Aug 22 21:22:52 IDT 2025, 109 W
Fri Aug 22 21:22:52 IDT 2025, 116 W
Fri Aug 22 21:22:52 IDT 2025, 118 W
Fri Aug 22 21:22:53 IDT 2025, 105 W
Fri Aug 22 21:22:53 IDT 2025, 107 W
Fri Aug 22 21:22:53 IDT 2025, 114 W
Fri Aug 22 21:22:53 IDT 2025, 117 W
Fri Aug 22 21:22:53 IDT 2025, 93 W
Fri Aug 22 21:22:53 IDT 2025, 94 W
Fri Aug 22 21:22:53 IDT 2025, 111 W
Fri Aug 22 21:22:53 IDT 2025, 101 W
Fri Aug 22 21:22:54 IDT 2025, 123 W
Fri Aug 22 21:22:54 IDT 2025, 101 W
Fri Aug 22 21:22:54 IDT 2025, 123 W
Fri Aug 22 21:22:54 IDT 2025, 111 W
Fri Aug 22 21:22:54 IDT 2025, 95 W
Fri Aug 22 21:22:54 IDT 2025, 107 W
Fri Aug 22 21:22:54 IDT 2025, 111 W
Fri Aug 22 21:22:54 IDT 2025, 117 W
Fri Aug 22 21:22:55 IDT 2025, 126 W
Fri Aug 22 21:22:55 IDT 2025, 110 W
Fri Aug 22 21:22:55 IDT 2025, 106 W
Fri Aug 22 21:22:55 IDT 2025, 125 W
Fri Aug 22 21:22:55 IDT 2025, 106 W
Fri Aug 22 21:22:55 IDT 2025, 110 W
Fri Aug 22 21:22:55 IDT 2025, 115 W
Fri Aug 22 21:22:55 IDT 2025, 113 W
Fri Aug 22 21:22:56 IDT 2025, 92 W
Fri Aug 22 21:22:56 IDT 2025, 112 W
Fri Aug 22 21:22:56 IDT 2025, 133 W
Fri Aug 22 21:22:56 IDT 2025, 122 W
Fri Aug 22 21:22:56 IDT 2025, 107 W
Fri Aug 22 21:22:56 IDT 2025, 102 W
Fri Aug 22 21:22:56 IDT 2025, 109 W
Fri Aug 22 21:22:56 IDT 2025, 119 W
Fri Aug 22 21:22:57 IDT 2025, 115 W
Fri Aug 22 21:22:57 IDT 2025, 104 W
Fri Aug 22 21:22:57 IDT 2025, 125 W
Fri Aug 22 21:22:57 IDT 2025, 110 W
Fri Aug 22 21:22:57 IDT 2025, 99 W
Fri Aug 22 21:22:57 IDT 2025, 92 W
Fri Aug 22 21:22:57 IDT 2025, 108 W
Fri Aug 22 21:22:57 IDT 2025, 104 W
Fri Aug 22 21:22:58 IDT 2025, 115 W
Fri Aug 22 21:22:58 IDT 2025, 116 W
Fri Aug 22 21:22:58 IDT 2025, 120 W
Fri Aug 22 21:22:58 IDT 2025, 100 W
Fri Aug 22 21:22:58 IDT 2025, 111 W
Fri Aug 22 21:22:58 IDT 2025, 107 W
Fri Aug 22 21:22:58 IDT 2025, 114 W
Fri Aug 22 21:22:58 IDT 2025, 119 W
Fri Aug 22 21:22:59 IDT 2025, 115 W
Fri Aug 22 21:22:59 IDT 2025, 96 W
Fri Aug 22 21:22:59 IDT 2025, 129 W
Fri Aug 22 21:22:59 IDT 2025, 116 W
Fri Aug 22 21:22:59 IDT 2025, 100 W
Fri Aug 22 21:22:59 IDT 2025, 104 W
Fri Aug 22 21:22:59 IDT 2025, 112 W
Fri Aug 22 21:22:59 IDT 2025, 113 W
Fri Aug 22 21:23:00 IDT 2025, 113 W
Fri Aug 22 21:23:00 IDT 2025, 115 W
Fri Aug 22 21:23:00 IDT 2025, 125 W
Fri Aug 22 21:23:00 IDT 2025, 127 W
Fri Aug 22 21:23:00 IDT 2025, 95 W
Fri Aug 22 21:23:00 IDT 2025, 108 W
Fri Aug 22 21:23:00 IDT 2025, 113 W
Fri Aug 22 21:23:00 IDT 2025, 110 W
Fri Aug 22 21:23:01 IDT 2025, 108 W
Fri Aug 22 21:23:01 IDT 2025, 99 W
Fri Aug 22 21:23:01 IDT 2025, 113 W
Fri Aug 22 21:23:01 IDT 2025, 115 W
Fri Aug 22 21:23:01 IDT 2025, 92 W
Fri Aug 22 21:23:01 IDT 2025, 97 W
Fri Aug 22 21:23:01 IDT 2025, 104 W
Fri Aug 22 21:23:01 IDT 2025, 108 W
Fri Aug 22 21:23:02 IDT 2025, 114 W
Fri Aug 22 21:23:02 IDT 2025, 113 W
Fri Aug 22 21:23:02 IDT 2025, 126 W
Fri Aug 22 21:23:02 IDT 2025, 124 W
Fri Aug 22 21:23:02 IDT 2025, 110 W
Fri Aug 22 21:23:02 IDT 2025, 103 W
Fri Aug 22 21:23:02 IDT 2025, 110 W
Fri Aug 22 21:23:02 IDT 2025, 94 W
Fri Aug 22 21:23:03 IDT 2025, 103 W
Fri Aug 22 21:23:03 IDT 2025, 117 W
Fri Aug 22 21:23:03 IDT 2025, 121 W
Fri Aug 22 21:23:03 IDT 2025, 125 W
Fri Aug 22 21:23:03 IDT 2025, 107 W
Fri Aug 22 21:23:03 IDT 2025, 106 W
Fri Aug 22 21:23:03 IDT 2025, 114 W
Fri Aug 22 21:23:03 IDT 2025, 116 W
Fri Aug 22 21:23:04 IDT 2025, 122 W
Fri Aug 22 21:23:04 IDT 2025, 96 W
Fri Aug 22 21:23:04 IDT 2025, 119 W
Fri Aug 22 21:23:04 IDT 2025, 127 W
Fri Aug 22 21:23:04 IDT 2025, 115 W
Fri Aug 22 21:23:04 IDT 2025, 103 W
Fri Aug 22 21:23:04 IDT 2025, 120 W
Fri Aug 22 21:23:04 IDT 2025, 117 W
Fri Aug 22 21:23:05 IDT 2025, 114 W
Fri Aug 22 21:23:05 IDT 2025, 115 W
Fri Aug 22 21:23:05 IDT 2025, 118 W
Fri Aug 22 21:23:05 IDT 2025, 126 W
Fri Aug 22 21:23:05 IDT 2025, 102 W
Fri Aug 22 21:23:05 IDT 2025, 107 W
Fri Aug 22 21:23:05 IDT 2025, 107 W
Fri Aug 22 21:23:05 IDT 2025, 115 W
Fri Aug 22 21:23:06 IDT 2025, 108 W
Fri Aug 22 21:23:06 IDT 2025, 96 W
Fri Aug 22 21:23:06 IDT 2025, 123 W
Fri Aug 22 21:23:06 IDT 2025, 125 W
Fri Aug 22 21:23:06 IDT 2025, 107 W
Fri Aug 22 21:23:06 IDT 2025, 100 W
Fri Aug 22 21:23:06 IDT 2025, 114 W
Fri Aug 22 21:23:06 IDT 2025, 115 W
Fri Aug 22 21:23:07 IDT 2025, 112 W
Fri Aug 22 21:23:07 IDT 2025, 116 W
Fri Aug 22 21:23:07 IDT 2025, 126 W
Fri Aug 22 21:23:07 IDT 2025, 126 W
Fri Aug 22 21:23:07 IDT 2025, 110 W
Fri Aug 22 21:23:07 IDT 2025, 94 W
Fri Aug 22 21:23:07 IDT 2025, 100 W
Fri Aug 22 21:23:07 IDT 2025, 120 W
Fri Aug 22 21:23:08 IDT 2025, 119 W
Fri Aug 22 21:23:08 IDT 2025, 98 W
Fri Aug 22 21:23:08 IDT 2025, 122 W
Fri Aug 22 21:23:08 IDT 2025, 130 W
Fri Aug 22 21:23:08 IDT 2025, 102 W
Fri Aug 22 21:23:08 IDT 2025, 107 W
Fri Aug 22 21:23:08 IDT 2025, 113 W
Fri Aug 22 21:23:08 IDT 2025, 114 W
Fri Aug 22 21:23:09 IDT 2025, 109 W
Fri Aug 22 21:23:09 IDT 2025, 114 W
Fri Aug 22 21:23:09 IDT 2025, 128 W
Fri Aug 22 21:23:09 IDT 2025, 122 W
Fri Aug 22 21:23:09 IDT 2025, 99 W
Fri Aug 22 21:23:09 IDT 2025, 107 W
Fri Aug 22 21:23:09 IDT 2025, 112 W
Fri Aug 22 21:23:09 IDT 2025, 115 W
Fri Aug 22 21:23:10 IDT 2025, 110 W
Fri Aug 22 21:23:10 IDT 2025, 93 W
Fri Aug 22 21:23:10 IDT 2025, 116 W
Fri Aug 22 21:23:10 IDT 2025, 115 W
Fri Aug 22 21:23:10 IDT 2025, 97 W
Fri Aug 22 21:23:10 IDT 2025, 91 W
Fri Aug 22 21:23:10 IDT 2025, 110 W
Fri Aug 22 21:23:10 IDT 2025, 100 W
Fri Aug 22 21:23:11 IDT 2025, 120 W
Fri Aug 22 21:23:11 IDT 2025, 98 W
Fri Aug 22 21:23:11 IDT 2025, 128 W
Fri Aug 22 21:23:11 IDT 2025, 130 W
Fri Aug 22 21:23:11 IDT 2025, 107 W
Fri Aug 22 21:23:11 IDT 2025, 104 W
Fri Aug 22 21:23:11 IDT 2025, 112 W
Fri Aug 22 21:23:11 IDT 2025, 116 W
Fri Aug 22 21:23:12 IDT 2025, 114 W
Fri Aug 22 21:23:12 IDT 2025, 114 W
Fri Aug 22 21:23:12 IDT 2025, 120 W
Fri Aug 22 21:23:12 IDT 2025, 122 W
Fri Aug 22 21:23:12 IDT 2025, 90 W
Fri Aug 22 21:23:12 IDT 2025, 106 W
Fri Aug 22 21:23:12 IDT 2025, 111 W
Fri Aug 22 21:23:12 IDT 2025, 111 W
Fri Aug 22 21:23:13 IDT 2025, 125 W
Fri Aug 22 21:23:13 IDT 2025, 113 W
Fri Aug 22 21:23:13 IDT 2025, 125 W
Fri Aug 22 21:23:13 IDT 2025, 131 W
Fri Aug 22 21:23:13 IDT 2025, 84 W
Fri Aug 22 21:23:13 IDT 2025, 108 W
Fri Aug 22 21:23:13 IDT 2025, 117 W
Fri Aug 22 21:23:13 IDT 2025, 127 W
Fri Aug 22 21:23:14 IDT 2025, 98 W
Fri Aug 22 21:23:14 IDT 2025, 102 W
Fri Aug 22 21:23:14 IDT 2025, 119 W
Fri Aug 22 21:23:14 IDT 2025, 111 W
Fri Aug 22 21:23:14 IDT 2025, 90 W
Fri Aug 22 21:23:14 IDT 2025, 102 W
Fri Aug 22 21:23:14 IDT 2025, 103 W
Fri Aug 22 21:23:14 IDT 2025, 111 W
Fri Aug 22 21:23:15 IDT 2025, 119 W
Fri Aug 22 21:23:15 IDT 2025, 112 W
Fri Aug 22 21:23:15 IDT 2025, 124 W
Fri Aug 22 21:23:15 IDT 2025, 108 W
Fri Aug 22 21:23:15 IDT 2025, 105 W
Fri Aug 22 21:23:15 IDT 2025, 107 W
Fri Aug 22 21:23:15 IDT 2025, 119 W
Fri Aug 22 21:23:15 IDT 2025, 114 W
Fri Aug 22 21:23:16 IDT 2025, 117 W
Fri Aug 22 21:23:16 IDT 2025, 109 W
Fri Aug 22 21:23:16 IDT 2025, 123 W
Fri Aug 22 21:23:16 IDT 2025, 108 W
Fri Aug 22 21:23:16 IDT 2025, 106 W
Fri Aug 22 21:23:16 IDT 2025, 105 W
Fri Aug 22 21:23:16 IDT 2025, 118 W
Fri Aug 22 21:23:16 IDT 2025, 114 W
Fri Aug 22 21:23:17 IDT 2025, 119 W
Fri Aug 22 21:23:17 IDT 2025, 116 W
Fri Aug 22 21:23:17 IDT 2025, 123 W
Fri Aug 22 21:23:17 IDT 2025, 123 W
Fri Aug 22 21:23:17 IDT 2025, 92 W
Fri Aug 22 21:23:17 IDT 2025, 105 W
Fri Aug 22 21:23:17 IDT 2025, 113 W
Fri Aug 22 21:23:17 IDT 2025, 121 W
Fri Aug 22 21:23:18 IDT 2025, 117 W
Fri Aug 22 21:23:18 IDT 2025, 110 W
Fri Aug 22 21:23:18 IDT 2025, 128 W
Fri Aug 22 21:23:18 IDT 2025, 123 W
Fri Aug 22 21:23:18 IDT 2025, 98 W
Fri Aug 22 21:23:18 IDT 2025, 96 W
Fri Aug 22 21:23:18 IDT 2025, 94 W
Fri Aug 22 21:23:18 IDT 2025, 99 W
Fri Aug 22 21:23:19 IDT 2025, 122 W
Fri Aug 22 21:23:19 IDT 2025, 108 W
Fri Aug 22 21:23:19 IDT 2025, 122 W
Fri Aug 22 21:23:19 IDT 2025, 102 W
Fri Aug 22 21:23:19 IDT 2025, 103 W
Fri Aug 22 21:23:19 IDT 2025, 103 W
Fri Aug 22 21:23:19 IDT 2025, 119 W
Fri Aug 22 21:23:19 IDT 2025, 114 W
Fri Aug 22 21:23:20 IDT 2025, 94 W
Fri Aug 22 21:23:20 IDT 2025, 117 W
Fri Aug 22 21:23:20 IDT 2025, 127 W
Fri Aug 22 21:23:20 IDT 2025, 134 W
Fri Aug 22 21:23:20 IDT 2025, 110 W
Fri Aug 22 21:23:20 IDT 2025, 107 W
Fri Aug 22 21:23:20 IDT 2025, 114 W
Fri Aug 22 21:23:20 IDT 2025, 113 W
Fri Aug 22 21:23:21 IDT 2025, 118 W
Fri Aug 22 21:23:21 IDT 2025, 115 W
Fri Aug 22 21:23:21 IDT 2025, 112 W
Fri Aug 22 21:23:21 IDT 2025, 119 W
Fri Aug 22 21:23:21 IDT 2025, 97 W
Fri Aug 22 21:23:21 IDT 2025, 107 W
Fri Aug 22 21:23:21 IDT 2025, 113 W
Fri Aug 22 21:23:21 IDT 2025, 119 W
Fri Aug 22 21:23:22 IDT 2025, 97 W
Fri Aug 22 21:23:22 IDT 2025, 107 W
Fri Aug 22 21:23:22 IDT 2025, 121 W
Fri Aug 22 21:23:22 IDT 2025, 122 W
Fri Aug 22 21:23:22 IDT 2025, 104 W
Fri Aug 22 21:23:22 IDT 2025, 96 W
Fri Aug 22 21:23:22 IDT 2025, 113 W
Fri Aug 22 21:23:22 IDT 2025, 116 W
Fri Aug 22 21:23:23 IDT 2025, 117 W
Fri Aug 22 21:23:23 IDT 2025, 112 W
Fri Aug 22 21:23:23 IDT 2025, 108 W
Fri Aug 22 21:23:23 IDT 2025, 114 W
Fri Aug 22 21:23:23 IDT 2025, 112 W
Fri Aug 22 21:23:23 IDT 2025, 108 W
Fri Aug 22 21:23:23 IDT 2025, 116 W
Fri Aug 22 21:23:23 IDT 2025, 115 W
Fri Aug 22 21:23:24 IDT 2025, 125 W
Fri Aug 22 21:23:24 IDT 2025, 97 W
Fri Aug 22 21:23:24 IDT 2025, 127 W
Fri Aug 22 21:23:24 IDT 2025, 122 W
Fri Aug 22 21:23:24 IDT 2025, 106 W
Fri Aug 22 21:23:24 IDT 2025, 101 W
Fri Aug 22 21:23:24 IDT 2025, 104 W
Fri Aug 22 21:23:24 IDT 2025, 112 W
Fri Aug 22 21:23:25 IDT 2025, 114 W
Fri Aug 22 21:23:25 IDT 2025, 98 W
Fri Aug 22 21:23:25 IDT 2025, 128 W
Fri Aug 22 21:23:25 IDT 2025, 120 W
Fri Aug 22 21:23:25 IDT 2025, 102 W
Fri Aug 22 21:23:25 IDT 2025, 100 W
Fri Aug 22 21:23:25 IDT 2025, 115 W
Fri Aug 22 21:23:25 IDT 2025, 113 W
Fri Aug 22 21:23:26 IDT 2025, 123 W
Fri Aug 22 21:23:26 IDT 2025, 95 W
Fri Aug 22 21:23:26 IDT 2025, 122 W
Fri Aug 22 21:23:26 IDT 2025, 119 W
Fri Aug 22 21:23:26 IDT 2025, 107 W
Fri Aug 22 21:23:26 IDT 2025, 103 W
Fri Aug 22 21:23:26 IDT 2025, 123 W
Fri Aug 22 21:23:26 IDT 2025, 116 W
Fri Aug 22 21:23:27 IDT 2025, 115 W
Fri Aug 22 21:23:27 IDT 2025, 110 W
Fri Aug 22 21:23:27 IDT 2025, 114 W
Fri Aug 22 21:23:27 IDT 2025, 114 W
Fri Aug 22 21:23:27 IDT 2025, 92 W
Fri Aug 22 21:23:27 IDT 2025, 93 W
Fri Aug 22 21:23:27 IDT 2025, 100 W
Fri Aug 22 21:23:27 IDT 2025, 104 W
Fri Aug 22 21:23:28 IDT 2025, 117 W
Fri Aug 22 21:23:28 IDT 2025, 97 W
Fri Aug 22 21:23:28 IDT 2025, 117 W
Fri Aug 22 21:23:28 IDT 2025, 125 W
Fri Aug 22 21:23:28 IDT 2025, 106 W
Fri Aug 22 21:23:28 IDT 2025, 97 W
Fri Aug 22 21:23:28 IDT 2025, 111 W
Fri Aug 22 21:23:28 IDT 2025, 116 W
Fri Aug 22 21:23:29 IDT 2025, 117 W
Fri Aug 22 21:23:29 IDT 2025, 116 W
Fri Aug 22 21:23:29 IDT 2025, 120 W
Fri Aug 22 21:23:29 IDT 2025, 115 W
Fri Aug 22 21:23:29 IDT 2025, 88 W
Fri Aug 22 21:23:29 IDT 2025, 107 W
Fri Aug 22 21:23:29 IDT 2025, 100 W
Fri Aug 22 21:23:29 IDT 2025, 114 W
Fri Aug 22 21:23:30 IDT 2025, 115 W
Fri Aug 22 21:23:30 IDT 2025, 114 W
Fri Aug 22 21:23:30 IDT 2025, 121 W
Fri Aug 22 21:23:30 IDT 2025, 126 W
Fri Aug 22 21:23:30 IDT 2025, 90 W
Fri Aug 22 21:23:30 IDT 2025, 102 W
Fri Aug 22 21:23:30 IDT 2025, 121 W
Fri Aug 22 21:23:30 IDT 2025, 119 W
Fri Aug 22 21:23:31 IDT 2025, 98 W
Fri Aug 22 21:23:31 IDT 2025, 107 W
Fri Aug 22 21:23:31 IDT 2025, 126 W
Fri Aug 22 21:23:31 IDT 2025, 124 W
Fri Aug 22 21:23:31 IDT 2025, 101 W
Fri Aug 22 21:23:31 IDT 2025, 105 W
Fri Aug 22 21:23:31 IDT 2025, 108 W
Fri Aug 22 21:23:31 IDT 2025, 122 W
Fri Aug 22 21:23:32 IDT 2025, 115 W
Fri Aug 22 21:23:32 IDT 2025, 113 W
Fri Aug 22 21:23:32 IDT 2025, 115 W
Fri Aug 22 21:23:32 IDT 2025, 121 W
Fri Aug 22 21:23:32 IDT 2025, 101 W
Fri Aug 22 21:23:32 IDT 2025, 101 W
Fri Aug 22 21:23:32 IDT 2025, 123 W
Fri Aug 22 21:23:32 IDT 2025, 119 W
Fri Aug 22 21:23:33 IDT 2025, 108 W
Fri Aug 22 21:23:33 IDT 2025, 101 W
Fri Aug 22 21:23:33 IDT 2025, 103 W
Fri Aug 22 21:23:33 IDT 2025, 117 W
Fri Aug 22 21:23:33 IDT 2025, 98 W
Fri Aug 22 21:23:33 IDT 2025, 93 W
Fri Aug 22 21:23:33 IDT 2025, 108 W
Fri Aug 22 21:23:33 IDT 2025, 115 W
Fri Aug 22 21:23:34 IDT 2025, 110 W
Fri Aug 22 21:23:34 IDT 2025, 105 W
Fri Aug 22 21:23:34 IDT 2025, 110 W
Fri Aug 22 21:23:34 IDT 2025, 106 W
Fri Aug 22 21:23:34 IDT 2025, 103 W
Fri Aug 22 21:23:34 IDT 2025, 98 W
Fri Aug 22 21:23:34 IDT 2025, 98 W
Fri Aug 22 21:23:34 IDT 2025, 111 W
Fri Aug 22 21:23:35 IDT 2025, 115 W
Fri Aug 22 21:23:35 IDT 2025, 111 W
Fri Aug 22 21:23:35 IDT 2025, 126 W
Fri Aug 22 21:23:35 IDT 2025, 114 W
Fri Aug 22 21:23:35 IDT 2025, 93 W
Fri Aug 22 21:23:35 IDT 2025, 102 W
Fri Aug 22 21:23:35 IDT 2025, 115 W
Fri Aug 22 21:23:35 IDT 2025, 116 W
Fri Aug 22 21:23:36 IDT 2025, 118 W
Fri Aug 22 21:23:36 IDT 2025, 107 W
Fri Aug 22 21:23:36 IDT 2025, 108 W
Fri Aug 22 21:23:36 IDT 2025, 127 W
Fri Aug 22 21:23:36 IDT 2025, 109 W
Fri Aug 22 21:23:36 IDT 2025, 103 W
Fri Aug 22 21:23:36 IDT 2025, 115 W
Fri Aug 22 21:23:36 IDT 2025, 117 W
Fri Aug 22 21:23:37 IDT 2025, 117 W
Fri Aug 22 21:23:37 IDT 2025, 93 W
Fri Aug 22 21:23:37 IDT 2025, 133 W
Fri Aug 22 21:23:37 IDT 2025, 124 W
Fri Aug 22 21:23:37 IDT 2025, 108 W
Fri Aug 22 21:23:37 IDT 2025, 103 W
Fri Aug 22 21:23:37 IDT 2025, 114 W
Fri Aug 22 21:23:37 IDT 2025, 112 W
Fri Aug 22 21:23:38 IDT 2025, 119 W
Fri Aug 22 21:23:38 IDT 2025, 114 W
Fri Aug 22 21:23:38 IDT 2025, 124 W
Fri Aug 22 21:23:38 IDT 2025, 117 W
Fri Aug 22 21:23:38 IDT 2025, 101 W
Fri Aug 22 21:23:38 IDT 2025, 107 W
Fri Aug 22 21:23:38 IDT 2025, 110 W
Fri Aug 22 21:23:38 IDT 2025, 115 W
Fri Aug 22 21:23:39 IDT 2025, 117 W
Fri Aug 22 21:23:39 IDT 2025, 109 W
Fri Aug 22 21:23:39 IDT 2025, 102 W
Fri Aug 22 21:23:39 IDT 2025, 128 W
Fri Aug 22 21:23:39 IDT 2025, 88 W
Fri Aug 22 21:23:39 IDT 2025, 108 W
Fri Aug 22 21:23:39 IDT 2025, 112 W
Fri Aug 22 21:23:39 IDT 2025, 112 W
Fri Aug 22 21:23:40 IDT 2025, 117 W
Fri Aug 22 21:23:40 IDT 2025, 108 W
Fri Aug 22 21:23:40 IDT 2025, 123 W
Fri Aug 22 21:23:40 IDT 2025, 110 W
Fri Aug 22 21:23:40 IDT 2025, 106 W
Fri Aug 22 21:23:40 IDT 2025, 99 W
Fri Aug 22 21:23:40 IDT 2025, 114 W
Fri Aug 22 21:23:40 IDT 2025, 113 W
Fri Aug 22 21:23:41 IDT 2025, 107 W
Fri Aug 22 21:23:41 IDT 2025, 120 W
Fri Aug 22 21:23:41 IDT 2025, 127 W
Fri Aug 22 21:23:41 IDT 2025, 121 W
Fri Aug 22 21:23:41 IDT 2025, 91 W
Fri Aug 22 21:23:41 IDT 2025, 103 W
Fri Aug 22 21:23:41 IDT 2025, 111 W
Fri Aug 22 21:23:41 IDT 2025, 115 W
Fri Aug 22 21:23:42 IDT 2025, 118 W
Fri Aug 22 21:23:42 IDT 2025, 117 W
Fri Aug 22 21:23:42 IDT 2025, 119 W
Fri Aug 22 21:23:42 IDT 2025, 119 W
Fri Aug 22 21:23:42 IDT 2025, 113 W
Fri Aug 22 21:23:42 IDT 2025, 100 W
Fri Aug 22 21:23:42 IDT 2025, 107 W
Fri Aug 22 21:23:42 IDT 2025, 97 W
Fri Aug 22 21:23:43 IDT 2025, 109 W
Fri Aug 22 21:23:43 IDT 2025, 105 W
Fri Aug 22 21:23:43 IDT 2025, 121 W
Fri Aug 22 21:23:43 IDT 2025, 116 W
Fri Aug 22 21:23:43 IDT 2025, 100 W
Fri Aug 22 21:23:43 IDT 2025, 91 W
Fri Aug 22 21:23:43 IDT 2025, 100 W
Fri Aug 22 21:23:43 IDT 2025, 117 W
Fri Aug 22 21:23:44 IDT 2025, 122 W
Fri Aug 22 21:23:44 IDT 2025, 95 W
Fri Aug 22 21:23:44 IDT 2025, 128 W
Fri Aug 22 21:23:44 IDT 2025, 131 W
Fri Aug 22 21:23:44 IDT 2025, 113 W
Fri Aug 22 21:23:44 IDT 2025, 108 W
Fri Aug 22 21:23:44 IDT 2025, 114 W
Fri Aug 22 21:23:44 IDT 2025, 112 W
Fri Aug 22 21:23:45 IDT 2025, 119 W
Fri Aug 22 21:23:45 IDT 2025, 106 W
Fri Aug 22 21:23:45 IDT 2025, 131 W
Fri Aug 22 21:23:45 IDT 2025, 128 W
Fri Aug 22 21:23:45 IDT 2025, 104 W
Fri Aug 22 21:23:45 IDT 2025, 91 W
Fri Aug 22 21:23:45 IDT 2025, 112 W
Fri Aug 22 21:23:45 IDT 2025, 117 W
Fri Aug 22 21:23:46 IDT 2025, 123 W
Fri Aug 22 21:23:46 IDT 2025, 120 W
Fri Aug 22 21:23:46 IDT 2025, 125 W
Fri Aug 22 21:23:46 IDT 2025, 126 W
Fri Aug 22 21:23:46 IDT 2025, 88 W
Fri Aug 22 21:23:46 IDT 2025, 106 W
Fri Aug 22 21:23:46 IDT 2025, 120 W
Fri Aug 22 21:23:46 IDT 2025, 113 W
Fri Aug 22 21:23:47 IDT 2025, 120 W
Fri Aug 22 21:23:47 IDT 2025, 113 W
Fri Aug 22 21:23:47 IDT 2025, 125 W
Fri Aug 22 21:23:47 IDT 2025, 117 W
Fri Aug 22 21:23:47 IDT 2025, 102 W
Fri Aug 22 21:23:47 IDT 2025, 102 W
Fri Aug 22 21:23:47 IDT 2025, 110 W
Fri Aug 22 21:23:47 IDT 2025, 99 W
Fri Aug 22 21:23:48 IDT 2025, 114 W
Fri Aug 22 21:23:48 IDT 2025, 115 W
Fri Aug 22 21:23:48 IDT 2025, 129 W
Fri Aug 22 21:23:48 IDT 2025, 123 W
Fri Aug 22 21:23:48 IDT 2025, 87 W
Fri Aug 22 21:23:48 IDT 2025, 102 W
Fri Aug 22 21:23:48 IDT 2025, 106 W
Fri Aug 22 21:23:48 IDT 2025, 121 W
Fri Aug 22 21:23:49 IDT 2025, 120 W
Fri Aug 22 21:23:49 IDT 2025, 114 W
Fri Aug 22 21:23:49 IDT 2025, 125 W
Fri Aug 22 21:23:49 IDT 2025, 126 W
Fri Aug 22 21:23:49 IDT 2025, 94 W
Fri Aug 22 21:23:49 IDT 2025, 102 W
Fri Aug 22 21:23:49 IDT 2025, 97 W
Fri Aug 22 21:23:49 IDT 2025, 115 W
Fri Aug 22 21:23:50 IDT 2025, 117 W
Fri Aug 22 21:23:50 IDT 2025, 92 W
Fri Aug 22 21:23:50 IDT 2025, 122 W
Fri Aug 22 21:23:50 IDT 2025, 124 W
Fri Aug 22 21:23:50 IDT 2025, 101 W
Fri Aug 22 21:23:50 IDT 2025, 98 W
Fri Aug 22 21:23:50 IDT 2025, 119 W
Fri Aug 22 21:23:50 IDT 2025, 112 W
Fri Aug 22 21:23:51 IDT 2025, 118 W
Fri Aug 22 21:23:51 IDT 2025, 112 W
Fri Aug 22 21:23:51 IDT 2025, 124 W
Fri Aug 22 21:23:51 IDT 2025, 122 W
Fri Aug 22 21:23:51 IDT 2025, 107 W
Fri Aug 22 21:23:51 IDT 2025, 99 W
Fri Aug 22 21:23:51 IDT 2025, 97 W
Fri Aug 22 21:23:51 IDT 2025, 120 W
Fri Aug 22 21:23:52 IDT 2025, 122 W
Fri Aug 22 21:23:52 IDT 2025, 116 W
Fri Aug 22 21:23:52 IDT 2025, 113 W
Fri Aug 22 21:23:52 IDT 2025, 121 W
Fri Aug 22 21:23:52 IDT 2025, 106 W
Fri Aug 22 21:23:52 IDT 2025, 104 W
Fri Aug 22 21:23:52 IDT 2025, 117 W
Fri Aug 22 21:23:52 IDT 2025, 116 W
Fri Aug 22 21:23:53 IDT 2025, 125 W
Fri Aug 22 21:23:53 IDT 2025, 103 W
Fri Aug 22 21:23:53 IDT 2025, 127 W
Fri Aug 22 21:23:53 IDT 2025, 118 W
Fri Aug 22 21:23:53 IDT 2025, 111 W
Fri Aug 22 21:23:53 IDT 2025, 102 W
Fri Aug 22 21:23:53 IDT 2025, 117 W
Fri Aug 22 21:23:53 IDT 2025, 116 W
Fri Aug 22 21:23:54 IDT 2025, 115 W
Fri Aug 22 21:23:54 IDT 2025, 97 W
Fri Aug 22 21:23:54 IDT 2025, 127 W
Fri Aug 22 21:23:54 IDT 2025, 129 W
Fri Aug 22 21:23:54 IDT 2025, 105 W
Fri Aug 22 21:23:54 IDT 2025, 109 W
Fri Aug 22 21:23:54 IDT 2025, 111 W
Fri Aug 22 21:23:54 IDT 2025, 110 W
Fri Aug 22 21:23:55 IDT 2025, 124 W
Fri Aug 22 21:23:55 IDT 2025, 109 W
Fri Aug 22 21:23:55 IDT 2025, 131 W
Fri Aug 22 21:23:55 IDT 2025, 127 W
Fri Aug 22 21:23:55 IDT 2025, 108 W
Fri Aug 22 21:23:55 IDT 2025, 102 W
Fri Aug 22 21:23:55 IDT 2025, 95 W
Fri Aug 22 21:23:55 IDT 2025, 124 W
Fri Aug 22 21:23:56 IDT 2025, 118 W
Fri Aug 22 21:23:56 IDT 2025, 109 W
Fri Aug 22 21:23:56 IDT 2025, 123 W
Fri Aug 22 21:23:56 IDT 2025, 117 W
Fri Aug 22 21:23:56 IDT 2025, 95 W
Fri Aug 22 21:23:56 IDT 2025, 103 W
Fri Aug 22 21:23:56 IDT 2025, 110 W
Fri Aug 22 21:23:56 IDT 2025, 112 W
Fri Aug 22 21:23:57 IDT 2025, 113 W
Fri Aug 22 21:23:57 IDT 2025, 99 W
Fri Aug 22 21:23:57 IDT 2025, 123 W
Fri Aug 22 21:23:57 IDT 2025, 115 W
Fri Aug 22 21:23:57 IDT 2025, 100 W
Fri Aug 22 21:23:57 IDT 2025, 95 W
Fri Aug 22 21:23:57 IDT 2025, 108 W
Fri Aug 22 21:23:57 IDT 2025, 115 W
Fri Aug 22 21:23:58 IDT 2025, 115 W
Fri Aug 22 21:23:58 IDT 2025, 112 W
Fri Aug 22 21:23:58 IDT 2025, 123 W
Fri Aug 22 21:23:58 IDT 2025, 119 W
Fri Aug 22 21:23:58 IDT 2025, 108 W
Fri Aug 22 21:23:58 IDT 2025, 89 W
Fri Aug 22 21:23:58 IDT 2025, 113 W
Fri Aug 22 21:23:58 IDT 2025, 115 W
Fri Aug 22 21:23:59 IDT 2025, 122 W
Fri Aug 22 21:23:59 IDT 2025, 115 W
Fri Aug 22 21:23:59 IDT 2025, 122 W
Fri Aug 22 21:23:59 IDT 2025, 121 W
Fri Aug 22 21:23:59 IDT 2025, 108 W
Fri Aug 22 21:23:59 IDT 2025, 101 W
Fri Aug 22 21:23:59 IDT 2025, 110 W
Fri Aug 22 21:23:59 IDT 2025, 97 W
Fri Aug 22 21:24:00 IDT 2025, 117 W
Fri Aug 22 21:24:00 IDT 2025, 111 W
Fri Aug 22 21:24:00 IDT 2025, 130 W
Fri Aug 22 21:24:00 IDT 2025, 118 W
Fri Aug 22 21:24:00 IDT 2025, 102 W
Fri Aug 22 21:24:00 IDT 2025, 110 W
Fri Aug 22 21:24:00 IDT 2025, 93 W
Fri Aug 22 21:24:00 IDT 2025, 113 W
Fri Aug 22 21:24:01 IDT 2025, 107 W
Fri Aug 22 21:24:01 IDT 2025, 99 W
Fri Aug 22 21:24:01 IDT 2025, 111 W
Fri Aug 22 21:24:01 IDT 2025, 121 W
Fri Aug 22 21:24:01 IDT 2025, 109 W
Fri Aug 22 21:24:01 IDT 2025, 96 W
Fri Aug 22 21:24:01 IDT 2025, 107 W
Fri Aug 22 21:24:01 IDT 2025, 104 W
Fri Aug 22 21:24:02 IDT 2025, 102 W
Fri Aug 22 21:24:02 IDT 2025, 115 W
Fri Aug 22 21:24:02 IDT 2025, 124 W
Fri Aug 22 21:24:02 IDT 2025, 122 W
Fri Aug 22 21:24:02 IDT 2025, 104 W
Fri Aug 22 21:24:02 IDT 2025, 108 W
Fri Aug 22 21:24:02 IDT 2025, 111 W
Fri Aug 22 21:24:02 IDT 2025, 118 W
Fri Aug 22 21:24:03 IDT 2025, 117 W
Fri Aug 22 21:24:03 IDT 2025, 110 W
Fri Aug 22 21:24:03 IDT 2025, 120 W
Fri Aug 22 21:24:03 IDT 2025, 119 W
Fri Aug 22 21:24:03 IDT 2025, 87 W
Fri Aug 22 21:24:03 IDT 2025, 105 W
Fri Aug 22 21:24:03 IDT 2025, 122 W
Fri Aug 22 21:24:03 IDT 2025, 116 W
Fri Aug 22 21:24:04 IDT 2025, 114 W
Fri Aug 22 21:24:04 IDT 2025, 114 W
Fri Aug 22 21:24:04 IDT 2025, 127 W
Fri Aug 22 21:24:04 IDT 2025, 125 W
Fri Aug 22 21:24:04 IDT 2025, 102 W
Fri Aug 22 21:24:04 IDT 2025, 94 W
Fri Aug 22 21:24:04 IDT 2025, 115 W
Fri Aug 22 21:24:04 IDT 2025, 113 W
Fri Aug 22 21:24:05 IDT 2025, 101 W
Fri Aug 22 21:24:05 IDT 2025, 100 W
Fri Aug 22 21:24:05 IDT 2025, 106 W
Fri Aug 22 21:24:05 IDT 2025, 109 W
Fri Aug 22 21:24:05 IDT 2025, 102 W
Fri Aug 22 21:24:05 IDT 2025, 95 W
Fri Aug 22 21:24:05 IDT 2025, 96 W
Fri Aug 22 21:24:05 IDT 2025, 98 W
Fri Aug 22 21:24:06 IDT 2025, 116 W
Fri Aug 22 21:24:06 IDT 2025, 112 W
Fri Aug 22 21:24:06 IDT 2025, 120 W
Fri Aug 22 21:24:06 IDT 2025, 112 W
Fri Aug 22 21:24:06 IDT 2025, 103 W
Fri Aug 22 21:24:06 IDT 2025, 100 W
Fri Aug 22 21:24:06 IDT 2025, 111 W
Fri Aug 22 21:24:06 IDT 2025, 108 W
Fri Aug 22 21:24:07 IDT 2025, 114 W
Fri Aug 22 21:24:07 IDT 2025, 112 W
Fri Aug 22 21:24:07 IDT 2025, 109 W
Fri Aug 22 21:24:07 IDT 2025, 125 W
Fri Aug 22 21:24:07 IDT 2025, 106 W
Fri Aug 22 21:24:07 IDT 2025, 105 W
Fri Aug 22 21:24:07 IDT 2025, 115 W
Fri Aug 22 21:24:07 IDT 2025, 98 W
Fri Aug 22 21:24:08 IDT 2025, 112 W
Fri Aug 22 21:24:08 IDT 2025, 91 W
Fri Aug 22 21:24:08 IDT 2025, 123 W
Fri Aug 22 21:24:08 IDT 2025, 124 W
Fri Aug 22 21:24:08 IDT 2025, 112 W
Fri Aug 22 21:24:08 IDT 2025, 106 W
Fri Aug 22 21:24:08 IDT 2025, 109 W
Fri Aug 22 21:24:08 IDT 2025, 122 W
Fri Aug 22 21:24:09 IDT 2025, 120 W
Fri Aug 22 21:24:09 IDT 2025, 119 W
Fri Aug 22 21:24:09 IDT 2025, 121 W
Fri Aug 22 21:24:09 IDT 2025, 117 W
Fri Aug 22 21:24:09 IDT 2025, 105 W
Fri Aug 22 21:24:09 IDT 2025, 88 W
Fri Aug 22 21:24:09 IDT 2025, 107 W
Fri Aug 22 21:24:09 IDT 2025, 111 W
Fri Aug 22 21:24:10 IDT 2025, 118 W
Fri Aug 22 21:24:10 IDT 2025, 111 W
Fri Aug 22 21:24:10 IDT 2025, 131 W
Fri Aug 22 21:24:10 IDT 2025, 129 W
Fri Aug 22 21:24:10 IDT 2025, 92 W
Fri Aug 22 21:24:10 IDT 2025, 97 W
Fri Aug 22 21:24:10 IDT 2025, 119 W
Fri Aug 22 21:24:10 IDT 2025, 116 W
Fri Aug 22 21:24:11 IDT 2025, 102 W
Fri Aug 22 21:24:11 IDT 2025, 99 W
Fri Aug 22 21:24:11 IDT 2025, 111 W
Fri Aug 22 21:24:11 IDT 2025, 114 W
Fri Aug 22 21:24:11 IDT 2025, 86 W
Fri Aug 22 21:24:11 IDT 2025, 92 W
Fri Aug 22 21:24:11 IDT 2025, 95 W
Fri Aug 22 21:24:11 IDT 2025, 104 W
Fri Aug 22 21:24:12 IDT 2025, 115 W
Fri Aug 22 21:24:12 IDT 2025, 117 W
Fri Aug 22 21:24:12 IDT 2025, 127 W
Fri Aug 22 21:24:12 IDT 2025, 120 W
Fri Aug 22 21:24:12 IDT 2025, 106 W
Fri Aug 22 21:24:12 IDT 2025, 101 W
Fri Aug 22 21:24:12 IDT 2025, 98 W
Fri Aug 22 21:24:12 IDT 2025, 114 W
Fri Aug 22 21:24:13 IDT 2025, 122 W
Fri Aug 22 21:24:13 IDT 2025, 117 W
Fri Aug 22 21:24:13 IDT 2025, 102 W
Fri Aug 22 21:24:13 IDT 2025, 122 W
Fri Aug 22 21:24:13 IDT 2025, 105 W
Fri Aug 22 21:24:13 IDT 2025, 105 W
Fri Aug 22 21:24:13 IDT 2025, 113 W
Fri Aug 22 21:24:13 IDT 2025, 116 W
Fri Aug 22 21:24:14 IDT 2025, 118 W
Fri Aug 22 21:24:14 IDT 2025, 116 W
Fri Aug 22 21:24:14 IDT 2025, 130 W
Fri Aug 22 21:24:14 IDT 2025, 123 W
Fri Aug 22 21:24:14 IDT 2025, 105 W
Fri Aug 22 21:24:14 IDT 2025, 106 W
Fri Aug 22 21:24:14 IDT 2025, 100 W
Fri Aug 22 21:24:14 IDT 2025, 119 W
Fri Aug 22 21:24:15 IDT 2025, 116 W
Fri Aug 22 21:24:15 IDT 2025, 103 W
Fri Aug 22 21:24:15 IDT 2025, 126 W
Fri Aug 22 21:24:15 IDT 2025, 116 W
Fri Aug 22 21:24:15 IDT 2025, 108 W
Fri Aug 22 21:24:15 IDT 2025, 106 W
Fri Aug 22 21:24:15 IDT 2025, 106 W
Fri Aug 22 21:24:15 IDT 2025, 99 W
Fri Aug 22 21:24:16 IDT 2025, 115 W
Fri Aug 22 21:24:16 IDT 2025, 106 W
Fri Aug 22 21:24:16 IDT 2025, 124 W
Fri Aug 22 21:24:16 IDT 2025, 114 W
Fri Aug 22 21:24:16 IDT 2025, 103 W
Fri Aug 22 21:24:16 IDT 2025, 97 W
Fri Aug 22 21:24:16 IDT 2025, 109 W
Fri Aug 22 21:24:16 IDT 2025, 115 W
Fri Aug 22 21:24:17 IDT 2025, 115 W
Fri Aug 22 21:24:17 IDT 2025, 118 W
Fri Aug 22 21:24:17 IDT 2025, 123 W
Fri Aug 22 21:24:17 IDT 2025, 112 W
Fri Aug 22 21:24:17 IDT 2025, 107 W
Fri Aug 22 21:24:17 IDT 2025, 108 W
Fri Aug 22 21:24:17 IDT 2025, 109 W
Fri Aug 22 21:24:17 IDT 2025, 119 W
Fri Aug 22 21:24:18 IDT 2025, 117 W
Fri Aug 22 21:24:18 IDT 2025, 113 W
Fri Aug 22 21:24:18 IDT 2025, 118 W
Fri Aug 22 21:24:18 IDT 2025, 107 W
Fri Aug 22 21:24:18 IDT 2025, 109 W
Fri Aug 22 21:24:18 IDT 2025, 103 W
Fri Aug 22 21:24:18 IDT 2025, 118 W
Fri Aug 22 21:24:18 IDT 2025, 122 W
Fri Aug 22 21:24:19 IDT 2025, 116 W
Fri Aug 22 21:24:19 IDT 2025, 117 W
Fri Aug 22 21:24:19 IDT 2025, 129 W
Fri Aug 22 21:24:19 IDT 2025, 124 W
Fri Aug 22 21:24:19 IDT 2025, 89 W
Fri Aug 22 21:24:19 IDT 2025, 103 W
Fri Aug 22 21:24:19 IDT 2025, 114 W
Fri Aug 22 21:24:19 IDT 2025, 113 W
Fri Aug 22 21:24:20 IDT 2025, 116 W
Fri Aug 22 21:24:20 IDT 2025, 120 W
Fri Aug 22 21:24:20 IDT 2025, 107 W
Fri Aug 22 21:24:20 IDT 2025, 119 W
Fri Aug 22 21:24:20 IDT 2025, 108 W
Fri Aug 22 21:24:20 IDT 2025, 102 W
Fri Aug 22 21:24:20 IDT 2025, 115 W
Fri Aug 22 21:24:20 IDT 2025, 116 W
Fri Aug 22 21:24:21 IDT 2025, 110 W
Fri Aug 22 21:24:21 IDT 2025, 98 W
Fri Aug 22 21:24:21 IDT 2025, 119 W
Fri Aug 22 21:24:21 IDT 2025, 123 W
Fri Aug 22 21:24:21 IDT 2025, 105 W
Fri Aug 22 21:24:21 IDT 2025, 104 W
Fri Aug 22 21:24:21 IDT 2025, 97 W
Fri Aug 22 21:24:21 IDT 2025, 114 W
Fri Aug 22 21:24:22 IDT 2025, 121 W
Fri Aug 22 21:24:22 IDT 2025, 108 W
Fri Aug 22 21:24:22 IDT 2025, 131 W
Fri Aug 22 21:24:22 IDT 2025, 126 W
Fri Aug 22 21:24:22 IDT 2025, 111 W
Fri Aug 22 21:24:22 IDT 2025, 102 W
Fri Aug 22 21:24:22 IDT 2025, 94 W
Fri Aug 22 21:24:22 IDT 2025, 115 W
Fri Aug 22 21:24:23 IDT 2025, 114 W
Fri Aug 22 21:24:23 IDT 2025, 121 W
Fri Aug 22 21:24:23 IDT 2025, 126 W
Fri Aug 22 21:24:23 IDT 2025, 128 W
Fri Aug 22 21:24:23 IDT 2025, 107 W
Fri Aug 22 21:24:23 IDT 2025, 100 W
Fri Aug 22 21:24:23 IDT 2025, 117 W
Fri Aug 22 21:24:23 IDT 2025, 97 W
Fri Aug 22 21:24:24 IDT 2025, 113 W
Fri Aug 22 21:24:24 IDT 2025, 115 W
Fri Aug 22 21:24:24 IDT 2025, 111 W
Fri Aug 22 21:24:24 IDT 2025, 124 W
Fri Aug 22 21:24:24 IDT 2025, 104 W
Fri Aug 22 21:24:24 IDT 2025, 105 W
Fri Aug 22 21:24:24 IDT 2025, 98 W
Fri Aug 22 21:24:24 IDT 2025, 112 W
Fri Aug 22 21:24:25 IDT 2025, 115 W
Fri Aug 22 21:24:25 IDT 2025, 90 W
Fri Aug 22 21:24:25 IDT 2025, 125 W
Fri Aug 22 21:24:25 IDT 2025, 121 W
Fri Aug 22 21:24:25 IDT 2025, 112 W
Fri Aug 22 21:24:25 IDT 2025, 102 W
Fri Aug 22 21:24:25 IDT 2025, 110 W
Fri Aug 22 21:24:25 IDT 2025, 113 W
Fri Aug 22 21:24:26 IDT 2025, 118 W
Fri Aug 22 21:24:26 IDT 2025, 116 W
Fri Aug 22 21:24:26 IDT 2025, 126 W
Fri Aug 22 21:24:26 IDT 2025, 122 W
Fri Aug 22 21:24:26 IDT 2025, 86 W
Fri Aug 22 21:24:26 IDT 2025, 100 W
Fri Aug 22 21:24:26 IDT 2025, 110 W
Fri Aug 22 21:24:26 IDT 2025, 117 W
Fri Aug 22 21:24:27 IDT 2025, 115 W
Fri Aug 22 21:24:27 IDT 2025, 111 W
Fri Aug 22 21:24:27 IDT 2025, 119 W
Fri Aug 22 21:24:27 IDT 2025, 103 W
Fri Aug 22 21:24:27 IDT 2025, 111 W
Fri Aug 22 21:24:27 IDT 2025, 101 W
Fri Aug 22 21:24:27 IDT 2025, 94 W
Fri Aug 22 21:24:27 IDT 2025, 108 W
Fri Aug 22 21:24:28 IDT 2025, 100 W
Fri Aug 22 21:24:28 IDT 2025, 109 W
Fri Aug 22 21:24:28 IDT 2025, 119 W
Fri Aug 22 21:24:28 IDT 2025, 127 W
Fri Aug 22 21:24:28 IDT 2025, 110 W
Fri Aug 22 21:24:28 IDT 2025, 109 W
Fri Aug 22 21:24:28 IDT 2025, 112 W
Fri Aug 22 21:24:28 IDT 2025, 117 W
Fri Aug 22 21:24:29 IDT 2025, 117 W
Fri Aug 22 21:24:29 IDT 2025, 111 W
Fri Aug 22 21:24:29 IDT 2025, 120 W
Fri Aug 22 21:24:29 IDT 2025, 125 W
Fri Aug 22 21:24:29 IDT 2025, 85 W
Fri Aug 22 21:24:29 IDT 2025, 106 W
Fri Aug 22 21:24:29 IDT 2025, 111 W
Fri Aug 22 21:24:29 IDT 2025, 113 W
Fri Aug 22 21:24:30 IDT 2025, 116 W
Fri Aug 22 21:24:30 IDT 2025, 111 W
Fri Aug 22 21:24:30 IDT 2025, 120 W
Fri Aug 22 21:24:30 IDT 2025, 127 W
Fri Aug 22 21:24:30 IDT 2025, 115 W
Fri Aug 22 21:24:30 IDT 2025, 99 W
Fri Aug 22 21:24:30 IDT 2025, 94 W
Fri Aug 22 21:24:30 IDT 2025, 116 W
Fri Aug 22 21:24:31 IDT 2025, 114 W
Fri Aug 22 21:24:31 IDT 2025, 111 W
Fri Aug 22 21:24:31 IDT 2025, 122 W
Fri Aug 22 21:24:31 IDT 2025, 121 W
Fri Aug 22 21:24:31 IDT 2025, 108 W
Fri Aug 22 21:24:31 IDT 2025, 102 W
Fri Aug 22 21:24:31 IDT 2025, 95 W
Fri Aug 22 21:24:31 IDT 2025, 119 W
Fri Aug 22 21:24:32 IDT 2025, 119 W
Fri Aug 22 21:24:32 IDT 2025, 116 W
Fri Aug 22 21:24:32 IDT 2025, 124 W
Fri Aug 22 21:24:32 IDT 2025, 116 W
Fri Aug 22 21:24:32 IDT 2025, 97 W
Fri Aug 22 21:24:32 IDT 2025, 107 W
Fri Aug 22 21:24:32 IDT 2025, 120 W
Fri Aug 22 21:24:32 IDT 2025, 113 W
Fri Aug 22 21:24:33 IDT 2025, 99 W
Fri Aug 22 21:24:33 IDT 2025, 116 W
Fri Aug 22 21:24:33 IDT 2025, 119 W
Fri Aug 22 21:24:33 IDT 2025, 122 W
Fri Aug 22 21:24:33 IDT 2025, 100 W
Fri Aug 22 21:24:33 IDT 2025, 91 W
Fri Aug 22 21:24:33 IDT 2025, 120 W
Fri Aug 22 21:24:33 IDT 2025, 111 W
Fri Aug 22 21:24:34 IDT 2025, 115 W
Fri Aug 22 21:24:34 IDT 2025, 112 W
Fri Aug 22 21:24:34 IDT 2025, 102 W
Fri Aug 22 21:24:34 IDT 2025, 117 W
Fri Aug 22 21:24:34 IDT 2025, 106 W
Fri Aug 22 21:24:34 IDT 2025, 100 W
Fri Aug 22 21:24:34 IDT 2025, 106 W
Fri Aug 22 21:24:34 IDT 2025, 114 W
Fri Aug 22 21:24:35 IDT 2025, 114 W
Fri Aug 22 21:24:35 IDT 2025, 114 W
Fri Aug 22 21:24:35 IDT 2025, 120 W
Fri Aug 22 21:24:35 IDT 2025, 123 W
Fri Aug 22 21:24:35 IDT 2025, 105 W
Fri Aug 22 21:24:35 IDT 2025, 88 W
Fri Aug 22 21:24:35 IDT 2025, 120 W
Fri Aug 22 21:24:35 IDT 2025, 121 W
Fri Aug 22 21:24:36 IDT 2025, 123 W
Fri Aug 22 21:24:36 IDT 2025, 96 W
Fri Aug 22 21:24:36 IDT 2025, 129 W
Fri Aug 22 21:24:36 IDT 2025, 124 W
Fri Aug 22 21:24:36 IDT 2025, 107 W
Fri Aug 22 21:24:36 IDT 2025, 110 W
Fri Aug 22 21:24:36 IDT 2025, 111 W
Fri Aug 22 21:24:36 IDT 2025, 119 W
Fri Aug 22 21:24:37 IDT 2025, 116 W
Fri Aug 22 21:24:37 IDT 2025, 115 W
Fri Aug 22 21:24:37 IDT 2025, 120 W
Fri Aug 22 21:24:37 IDT 2025, 122 W
Fri Aug 22 21:24:37 IDT 2025, 107 W
Fri Aug 22 21:24:37 IDT 2025, 97 W
Fri Aug 22 21:24:37 IDT 2025, 105 W
Fri Aug 22 21:24:37 IDT 2025, 109 W
Fri Aug 22 21:24:38 IDT 2025, 123 W
Fri Aug 22 21:24:38 IDT 2025, 110 W
Fri Aug 22 21:24:38 IDT 2025, 125 W
Fri Aug 22 21:24:38 IDT 2025, 114 W
Fri Aug 22 21:24:38 IDT 2025, 107 W
Fri Aug 22 21:24:38 IDT 2025, 103 W
Fri Aug 22 21:24:38 IDT 2025, 93 W
Fri Aug 22 21:24:38 IDT 2025, 123 W
Fri Aug 22 21:24:39 IDT 2025, 121 W
Fri Aug 22 21:24:39 IDT 2025, 112 W
Fri Aug 22 21:24:39 IDT 2025, 125 W
Fri Aug 22 21:24:39 IDT 2025, 126 W
Fri Aug 22 21:24:39 IDT 2025, 109 W
Fri Aug 22 21:24:39 IDT 2025, 100 W
Fri Aug 22 21:24:39 IDT 2025, 94 W
Fri Aug 22 21:24:39 IDT 2025, 112 W
Fri Aug 22 21:24:40 IDT 2025, 115 W
Fri Aug 22 21:24:40 IDT 2025, 107 W
Fri Aug 22 21:24:40 IDT 2025, 123 W
Fri Aug 22 21:24:40 IDT 2025, 125 W
Fri Aug 22 21:24:40 IDT 2025, 88 W
Fri Aug 22 21:24:40 IDT 2025, 102 W
Fri Aug 22 21:24:40 IDT 2025, 110 W
Fri Aug 22 21:24:40 IDT 2025, 121 W
Fri Aug 22 21:24:41 IDT 2025, 117 W
Fri Aug 22 21:24:41 IDT 2025, 114 W
Fri Aug 22 21:24:41 IDT 2025, 124 W
Fri Aug 22 21:24:41 IDT 2025, 122 W
Fri Aug 22 21:24:41 IDT 2025, 104 W
Fri Aug 22 21:24:41 IDT 2025, 113 W
Fri Aug 22 21:24:41 IDT 2025, 98 W
Fri Aug 22 21:24:41 IDT 2025, 114 W
Fri Aug 22 21:24:42 IDT 2025, 111 W
Fri Aug 22 21:24:42 IDT 2025, 99 W
Fri Aug 22 21:24:42 IDT 2025, 114 W
Fri Aug 22 21:24:42 IDT 2025, 104 W
Fri Aug 22 21:24:42 IDT 2025, 94 W
Fri Aug 22 21:24:42 IDT 2025, 99 W
Fri Aug 22 21:24:42 IDT 2025, 100 W
Fri Aug 22 21:24:42 IDT 2025, 105 W
Fri Aug 22 21:24:43 IDT 2025, 120 W
Fri Aug 22 21:24:43 IDT 2025, 111 W
Fri Aug 22 21:24:43 IDT 2025, 125 W
Fri Aug 22 21:24:43 IDT 2025, 123 W
Fri Aug 22 21:24:43 IDT 2025, 94 W
Fri Aug 22 21:24:43 IDT 2025, 102 W
Fri Aug 22 21:24:43 IDT 2025, 118 W
Fri Aug 22 21:24:43 IDT 2025, 122 W
Fri Aug 22 21:24:44 IDT 2025, 122 W
Fri Aug 22 21:24:44 IDT 2025, 113 W
Fri Aug 22 21:24:44 IDT 2025, 124 W
Fri Aug 22 21:24:44 IDT 2025, 119 W
Fri Aug 22 21:24:44 IDT 2025, 105 W
Fri Aug 22 21:24:44 IDT 2025, 101 W
Fri Aug 22 21:24:44 IDT 2025, 121 W
Fri Aug 22 21:24:44 IDT 2025, 91 W
Fri Aug 22 21:24:45 IDT 2025, 99 W
Fri Aug 22 21:24:45 IDT 2025, 108 W
Fri Aug 22 21:24:45 IDT 2025, 126 W
Fri Aug 22 21:24:45 IDT 2025, 126 W
Fri Aug 22 21:24:45 IDT 2025, 101 W
Fri Aug 22 21:24:45 IDT 2025, 101 W
Fri Aug 22 21:24:45 IDT 2025, 112 W
Fri Aug 22 21:24:45 IDT 2025, 116 W
Fri Aug 22 21:24:46 IDT 2025, 112 W
Fri Aug 22 21:24:46 IDT 2025, 115 W
Fri Aug 22 21:24:46 IDT 2025, 118 W
Fri Aug 22 21:24:46 IDT 2025, 128 W
Fri Aug 22 21:24:46 IDT 2025, 84 W
Fri Aug 22 21:24:46 IDT 2025, 107 W
Fri Aug 22 21:24:46 IDT 2025, 116 W
Fri Aug 22 21:24:46 IDT 2025, 120 W
Fri Aug 22 21:24:47 IDT 2025, 98 W
Fri Aug 22 21:24:47 IDT 2025, 119 W
Fri Aug 22 21:24:47 IDT 2025, 126 W
Fri Aug 22 21:24:47 IDT 2025, 122 W
Fri Aug 22 21:24:47 IDT 2025, 105 W
Fri Aug 22 21:24:47 IDT 2025, 102 W
Fri Aug 22 21:24:47 IDT 2025, 115 W
Fri Aug 22 21:24:47 IDT 2025, 117 W
Fri Aug 22 21:24:48 IDT 2025, 114 W
Fri Aug 22 21:24:48 IDT 2025, 95 W
Fri Aug 22 21:24:48 IDT 2025, 126 W
Fri Aug 22 21:24:48 IDT 2025, 117 W
Fri Aug 22 21:24:48 IDT 2025, 107 W
Fri Aug 22 21:24:48 IDT 2025, 99 W
Fri Aug 22 21:24:48 IDT 2025, 96 W
Fri Aug 22 21:24:48 IDT 2025, 122 W
Fri Aug 22 21:24:49 IDT 2025, 116 W
Fri Aug 22 21:24:49 IDT 2025, 108 W
Fri Aug 22 21:24:49 IDT 2025, 122 W
Fri Aug 22 21:24:49 IDT 2025, 121 W
Fri Aug 22 21:24:49 IDT 2025, 107 W
Fri Aug 22 21:24:49 IDT 2025, 100 W
Fri Aug 22 21:24:49 IDT 2025, 114 W
Fri Aug 22 21:24:49 IDT 2025, 97 W
Fri Aug 22 21:24:50 IDT 2025, 114 W
Fri Aug 22 21:24:50 IDT 2025, 109 W
Fri Aug 22 21:24:50 IDT 2025, 125 W
Fri Aug 22 21:24:50 IDT 2025, 120 W
Fri Aug 22 21:24:50 IDT 2025, 112 W
Fri Aug 22 21:24:50 IDT 2025, 105 W
Fri Aug 22 21:24:50 IDT 2025, 112 W
Fri Aug 22 21:24:50 IDT 2025, 97 W
Fri Aug 22 21:24:51 IDT 2025, 114 W
Fri Aug 22 21:24:51 IDT 2025, 103 W
Fri Aug 22 21:24:51 IDT 2025, 124 W
Fri Aug 22 21:24:51 IDT 2025, 120 W
Fri Aug 22 21:24:51 IDT 2025, 107 W
Fri Aug 22 21:24:51 IDT 2025, 102 W
Fri Aug 22 21:24:51 IDT 2025, 109 W
Fri Aug 22 21:24:51 IDT 2025, 119 W
Fri Aug 22 21:24:52 IDT 2025, 118 W
Fri Aug 22 21:24:52 IDT 2025, 119 W
Fri Aug 22 21:24:52 IDT 2025, 127 W
Fri Aug 22 21:24:52 IDT 2025, 123 W
Fri Aug 22 21:24:52 IDT 2025, 83 W
Fri Aug 22 21:24:52 IDT 2025, 108 W
Fri Aug 22 21:24:52 IDT 2025, 110 W
Fri Aug 22 21:24:52 IDT 2025, 113 W
Fri Aug 22 21:24:53 IDT 2025, 113 W
Fri Aug 22 21:24:53 IDT 2025, 116 W
Fri Aug 22 21:24:53 IDT 2025, 131 W
Fri Aug 22 21:24:53 IDT 2025, 114 W
Fri Aug 22 21:24:53 IDT 2025, 84 W
Fri Aug 22 21:24:53 IDT 2025, 105 W
Fri Aug 22 21:24:53 IDT 2025, 118 W
Fri Aug 22 21:24:53 IDT 2025, 114 W
Fri Aug 22 21:24:54 IDT 2025, 120 W
Fri Aug 22 21:24:54 IDT 2025, 110 W
Fri Aug 22 21:24:54 IDT 2025, 122 W
Fri Aug 22 21:24:54 IDT 2025, 107 W
Fri Aug 22 21:24:54 IDT 2025, 109 W
Fri Aug 22 21:24:54 IDT 2025, 97 W
Fri Aug 22 21:24:54 IDT 2025, 116 W
Fri Aug 22 21:24:54 IDT 2025, 114 W
Fri Aug 22 21:24:55 IDT 2025, 116 W
Fri Aug 22 21:24:55 IDT 2025, 111 W
Fri Aug 22 21:24:55 IDT 2025, 122 W
Fri Aug 22 21:24:55 IDT 2025, 126 W
Fri Aug 22 21:24:55 IDT 2025, 87 W
Fri Aug 22 21:24:55 IDT 2025, 93 W
Fri Aug 22 21:24:55 IDT 2025, 118 W
Fri Aug 22 21:24:55 IDT 2025, 110 W
Fri Aug 22 21:24:56 IDT 2025, 117 W
Fri Aug 22 21:24:56 IDT 2025, 110 W
Fri Aug 22 21:24:56 IDT 2025, 130 W
Fri Aug 22 21:24:56 IDT 2025, 123 W
Fri Aug 22 21:24:56 IDT 2025, 91 W
Fri Aug 22 21:24:56 IDT 2025, 101 W
Fri Aug 22 21:24:56 IDT 2025, 115 W
Fri Aug 22 21:24:56 IDT 2025, 114 W
Fri Aug 22 21:24:57 IDT 2025, 112 W
Fri Aug 22 21:24:57 IDT 2025, 97 W
Fri Aug 22 21:24:57 IDT 2025, 120 W
Fri Aug 22 21:24:57 IDT 2025, 112 W
Fri Aug 22 21:24:57 IDT 2025, 103 W
Fri Aug 22 21:24:57 IDT 2025, 96 W
Fri Aug 22 21:24:57 IDT 2025, 109 W
Fri Aug 22 21:24:57 IDT 2025, 110 W
Fri Aug 22 21:24:58 IDT 2025, 117 W
Fri Aug 22 21:24:58 IDT 2025, 123 W
Fri Aug 22 21:24:58 IDT 2025, 117 W
Fri Aug 22 21:24:58 IDT 2025, 118 W
Fri Aug 22 21:24:58 IDT 2025, 104 W
Fri Aug 22 21:24:58 IDT 2025, 96 W
Fri Aug 22 21:24:58 IDT 2025, 116 W
Fri Aug 22 21:24:58 IDT 2025, 97 W
Fri Aug 22 21:24:59 IDT 2025, 116 W
Fri Aug 22 21:24:59 IDT 2025, 89 W
Fri Aug 22 21:24:59 IDT 2025, 122 W
Fri Aug 22 21:24:59 IDT 2025, 126 W
Fri Aug 22 21:24:59 IDT 2025, 112 W
Fri Aug 22 21:24:59 IDT 2025, 100 W
Fri Aug 22 21:24:59 IDT 2025, 116 W
Fri Aug 22 21:24:59 IDT 2025, 109 W
Fri Aug 22 21:25:00 IDT 2025, 116 W
Fri Aug 22 21:25:00 IDT 2025, 112 W
Fri Aug 22 21:25:00 IDT 2025, 123 W
Fri Aug 22 21:25:00 IDT 2025, 125 W
Fri Aug 22 21:25:00 IDT 2025, 101 W
Fri Aug 22 21:25:00 IDT 2025, 102 W
Fri Aug 22 21:25:00 IDT 2025, 98 W
Fri Aug 22 21:25:00 IDT 2025, 116 W
Fri Aug 22 21:25:01 IDT 2025, 119 W
Fri Aug 22 21:25:01 IDT 2025, 111 W
Fri Aug 22 21:25:01 IDT 2025, 103 W
Fri Aug 22 21:25:01 IDT 2025, 124 W
Fri Aug 22 21:25:01 IDT 2025, 111 W
Fri Aug 22 21:25:01 IDT 2025, 103 W
Fri Aug 22 21:25:01 IDT 2025, 110 W
Fri Aug 22 21:25:01 IDT 2025, 115 W
Fri Aug 22 21:25:02 IDT 2025, 117 W
Fri Aug 22 21:25:02 IDT 2025, 114 W
Fri Aug 22 21:25:02 IDT 2025, 125 W
Fri Aug 22 21:25:02 IDT 2025, 120 W
Fri Aug 22 21:25:02 IDT 2025, 105 W
Fri Aug 22 21:25:02 IDT 2025, 106 W
Fri Aug 22 21:25:02 IDT 2025, 91 W
Fri Aug 22 21:25:02 IDT 2025, 109 W
Fri Aug 22 21:25:03 IDT 2025, 117 W
Fri Aug 22 21:25:03 IDT 2025, 111 W
Fri Aug 22 21:25:03 IDT 2025, 105 W
Fri Aug 22 21:25:03 IDT 2025, 129 W
Fri Aug 22 21:25:03 IDT 2025, 103 W
Fri Aug 22 21:25:03 IDT 2025, 102 W
Fri Aug 22 21:25:03 IDT 2025, 111 W
Fri Aug 22 21:25:03 IDT 2025, 113 W
Fri Aug 22 21:25:04 IDT 2025, 111 W
Fri Aug 22 21:25:04 IDT 2025, 104 W
Fri Aug 22 21:25:04 IDT 2025, 114 W
Fri Aug 22 21:25:04 IDT 2025, 118 W
Fri Aug 22 21:25:04 IDT 2025, 91 W
Fri Aug 22 21:25:04 IDT 2025, 98 W
Fri Aug 22 21:25:04 IDT 2025, 111 W
Fri Aug 22 21:25:04 IDT 2025, 104 W
Fri Aug 22 21:25:05 IDT 2025, 100 W
Fri Aug 22 21:25:05 IDT 2025, 108 W
Fri Aug 22 21:25:05 IDT 2025, 127 W
Fri Aug 22 21:25:05 IDT 2025, 121 W
Fri Aug 22 21:25:05 IDT 2025, 108 W
Fri Aug 22 21:25:05 IDT 2025, 109 W
Fri Aug 22 21:25:05 IDT 2025, 110 W
Fri Aug 22 21:25:05 IDT 2025, 109 W
Fri Aug 22 21:25:06 IDT 2025, 116 W
Fri Aug 22 21:25:06 IDT 2025, 109 W
Fri Aug 22 21:25:06 IDT 2025, 131 W
Fri Aug 22 21:25:06 IDT 2025, 128 W
Fri Aug 22 21:25:06 IDT 2025, 88 W
Fri Aug 22 21:25:06 IDT 2025, 106 W
Fri Aug 22 21:25:06 IDT 2025, 118 W
Fri Aug 22 21:25:06 IDT 2025, 120 W
Fri Aug 22 21:25:07 IDT 2025, 117 W
Fri Aug 22 21:25:07 IDT 2025, 112 W
Fri Aug 22 21:25:07 IDT 2025, 122 W
Fri Aug 22 21:25:07 IDT 2025, 123 W
Fri Aug 22 21:25:07 IDT 2025, 89 W
Fri Aug 22 21:25:07 IDT 2025, 101 W
Fri Aug 22 21:25:07 IDT 2025, 119 W
Fri Aug 22 21:25:07 IDT 2025, 121 W
Fri Aug 22 21:25:08 IDT 2025, 114 W
Fri Aug 22 21:25:08 IDT 2025, 111 W
Fri Aug 22 21:25:08 IDT 2025, 122 W
Fri Aug 22 21:25:08 IDT 2025, 125 W
Fri Aug 22 21:25:08 IDT 2025, 86 W
Fri Aug 22 21:25:08 IDT 2025, 109 W
Fri Aug 22 21:25:08 IDT 2025, 109 W
Fri Aug 22 21:25:08 IDT 2025, 113 W
Fri Aug 22 21:25:09 IDT 2025, 119 W
Fri Aug 22 21:25:09 IDT 2025, 108 W
Fri Aug 22 21:25:09 IDT 2025, 133 W
Fri Aug 22 21:25:09 IDT 2025, 125 W
Fri Aug 22 21:25:09 IDT 2025, 93 W
Fri Aug 22 21:25:09 IDT 2025, 104 W
Fri Aug 22 21:25:09 IDT 2025, 115 W
Fri Aug 22 21:25:09 IDT 2025, 119 W
Fri Aug 22 21:25:10 IDT 2025, 109 W
Fri Aug 22 21:25:10 IDT 2025, 91 W
Fri Aug 22 21:25:10 IDT 2025, 118 W
Fri Aug 22 21:25:10 IDT 2025, 115 W
Fri Aug 22 21:25:10 IDT 2025, 106 W
Fri Aug 22 21:25:10 IDT 2025, 100 W
Fri Aug 22 21:25:10 IDT 2025, 108 W
Fri Aug 22 21:25:10 IDT 2025, 112 W
Fri Aug 22 21:25:11 IDT 2025, 122 W
Fri Aug 22 21:25:11 IDT 2025, 117 W
Fri Aug 22 21:25:11 IDT 2025, 124 W
Fri Aug 22 21:25:11 IDT 2025, 127 W
Fri Aug 22 21:25:11 IDT 2025, 105 W
Fri Aug 22 21:25:11 IDT 2025, 101 W
Fri Aug 22 21:25:11 IDT 2025, 91 W
Fri Aug 22 21:25:11 IDT 2025, 113 W
Fri Aug 22 21:25:12 IDT 2025, 121 W
Fri Aug 22 21:25:12 IDT 2025, 110 W
Fri Aug 22 21:25:12 IDT 2025, 121 W
Fri Aug 22 21:25:12 IDT 2025, 109 W
Fri Aug 22 21:25:12 IDT 2025, 106 W
Fri Aug 22 21:25:12 IDT 2025, 102 W
Fri Aug 22 21:25:12 IDT 2025, 114 W
Fri Aug 22 21:25:12 IDT 2025, 119 W
Fri Aug 22 21:25:13 IDT 2025, 102 W
Fri Aug 22 21:25:13 IDT 2025, 108 W
Fri Aug 22 21:25:13 IDT 2025, 122 W
Fri Aug 22 21:25:13 IDT 2025, 121 W
Fri Aug 22 21:25:13 IDT 2025, 111 W
Fri Aug 22 21:25:13 IDT 2025, 100 W
Fri Aug 22 21:25:13 IDT 2025, 114 W
Fri Aug 22 21:25:13 IDT 2025, 116 W
Fri Aug 22 21:25:14 IDT 2025, 112 W
Fri Aug 22 21:25:14 IDT 2025, 111 W
Fri Aug 22 21:25:14 IDT 2025, 125 W
Fri Aug 22 21:25:14 IDT 2025, 120 W
Fri Aug 22 21:25:14 IDT 2025, 94 W
Fri Aug 22 21:25:14 IDT 2025, 101 W
Fri Aug 22 21:25:14 IDT 2025, 109 W
Fri Aug 22 21:25:14 IDT 2025, 119 W
Fri Aug 22 21:25:15 IDT 2025, 117 W
Fri Aug 22 21:25:15 IDT 2025, 110 W
Fri Aug 22 21:25:15 IDT 2025, 124 W
Fri Aug 22 21:25:15 IDT 2025, 120 W
Fri Aug 22 21:25:15 IDT 2025, 88 W
Fri Aug 22 21:25:15 IDT 2025, 102 W
Fri Aug 22 21:25:15 IDT 2025, 109 W
Fri Aug 22 21:25:15 IDT 2025, 118 W
Fri Aug 22 21:25:16 IDT 2025, 113 W
Fri Aug 22 21:25:16 IDT 2025, 108 W
Fri Aug 22 21:25:16 IDT 2025, 123 W
Fri Aug 22 21:25:16 IDT 2025, 123 W
Fri Aug 22 21:25:16 IDT 2025, 109 W
Fri Aug 22 21:25:16 IDT 2025, 92 W
Fri Aug 22 21:25:16 IDT 2025, 113 W
Fri Aug 22 21:25:16 IDT 2025, 112 W
Fri Aug 22 21:25:17 IDT 2025, 98 W
Fri Aug 22 21:25:17 IDT 2025, 113 W
Fri Aug 22 21:25:17 IDT 2025, 127 W
Fri Aug 22 21:25:17 IDT 2025, 123 W
Fri Aug 22 21:25:17 IDT 2025, 105 W
Fri Aug 22 21:25:17 IDT 2025, 105 W
Fri Aug 22 21:25:17 IDT 2025, 115 W
Fri Aug 22 21:25:17 IDT 2025, 116 W
Fri Aug 22 21:25:18 IDT 2025, 115 W
Fri Aug 22 21:25:18 IDT 2025, 111 W
Fri Aug 22 21:25:18 IDT 2025, 113 W
Fri Aug 22 21:25:18 IDT 2025, 120 W
Fri Aug 22 21:25:18 IDT 2025, 108 W
Fri Aug 22 21:25:18 IDT 2025, 100 W
Fri Aug 22 21:25:18 IDT 2025, 115 W
Fri Aug 22 21:25:18 IDT 2025, 118 W
Fri Aug 22 21:25:19 IDT 2025, 122 W
Fri Aug 22 21:25:19 IDT 2025, 115 W
Fri Aug 22 21:25:19 IDT 2025, 123 W
Fri Aug 22 21:25:19 IDT 2025, 124 W
Fri Aug 22 21:25:19 IDT 2025, 102 W
Fri Aug 22 21:25:19 IDT 2025, 87 W
Fri Aug 22 21:25:19 IDT 2025, 120 W
Fri Aug 22 21:25:19 IDT 2025, 115 W
Fri Aug 22 21:25:20 IDT 2025, 107 W
Fri Aug 22 21:25:20 IDT 2025, 98 W
Fri Aug 22 21:25:20 IDT 2025, 114 W
Fri Aug 22 21:25:20 IDT 2025, 113 W
Fri Aug 22 21:25:20 IDT 2025, 106 W
Fri Aug 22 21:25:20 IDT 2025, 94 W
Fri Aug 22 21:25:20 IDT 2025, 99 W
Fri Aug 22 21:25:20 IDT 2025, 113 W
Fri Aug 22 21:25:21 IDT 2025, 112 W
Fri Aug 22 21:25:21 IDT 2025, 114 W
Fri Aug 22 21:25:21 IDT 2025, 121 W
Fri Aug 22 21:25:21 IDT 2025, 131 W
Fri Aug 22 21:25:21 IDT 2025, 95 W
Fri Aug 22 21:25:21 IDT 2025, 100 W
Fri Aug 22 21:25:21 IDT 2025, 95 W
Fri Aug 22 21:25:21 IDT 2025, 116 W
Fri Aug 22 21:25:22 IDT 2025, 118 W
Fri Aug 22 21:25:22 IDT 2025, 114 W
Fri Aug 22 21:25:22 IDT 2025, 122 W
Fri Aug 22 21:25:22 IDT 2025, 124 W
Fri Aug 22 21:25:22 IDT 2025, 110 W
Fri Aug 22 21:25:22 IDT 2025, 110 W
Fri Aug 22 21:25:22 IDT 2025, 117 W
Fri Aug 22 21:25:22 IDT 2025, 103 W
Fri Aug 22 21:25:23 IDT 2025, 116 W
Fri Aug 22 21:25:23 IDT 2025, 117 W
Fri Aug 22 21:25:23 IDT 2025, 130 W
Fri Aug 22 21:25:23 IDT 2025, 119 W
Fri Aug 22 21:25:23 IDT 2025, 106 W
Fri Aug 22 21:25:23 IDT 2025, 98 W
Fri Aug 22 21:25:23 IDT 2025, 111 W
Fri Aug 22 21:25:23 IDT 2025, 99 W
Fri Aug 22 21:25:24 IDT 2025, 120 W
Fri Aug 22 21:25:24 IDT 2025, 112 W
Fri Aug 22 21:25:24 IDT 2025, 123 W
Fri Aug 22 21:25:24 IDT 2025, 98 W
Fri Aug 22 21:25:24 IDT 2025, 110 W
Fri Aug 22 21:25:24 IDT 2025, 106 W
Fri Aug 22 21:25:24 IDT 2025, 109 W
Fri Aug 22 21:25:24 IDT 2025, 111 W
Fri Aug 22 21:25:25 IDT 2025, 124 W
Fri Aug 22 21:25:25 IDT 2025, 108 W
Fri Aug 22 21:25:25 IDT 2025, 129 W
Fri Aug 22 21:25:25 IDT 2025, 123 W
Fri Aug 22 21:25:25 IDT 2025, 103 W
Fri Aug 22 21:25:25 IDT 2025, 101 W
Fri Aug 22 21:25:25 IDT 2025, 97 W
Fri Aug 22 21:25:25 IDT 2025, 113 W
Fri Aug 22 21:25:26 IDT 2025, 115 W
Fri Aug 22 21:25:26 IDT 2025, 117 W
Fri Aug 22 21:25:26 IDT 2025, 123 W
Fri Aug 22 21:25:26 IDT 2025, 123 W
Fri Aug 22 21:25:26 IDT 2025, 105 W
Fri Aug 22 21:25:26 IDT 2025, 103 W
Fri Aug 22 21:25:26 IDT 2025, 98 W
Fri Aug 22 21:25:26 IDT 2025, 114 W
Fri Aug 22 21:25:27 IDT 2025, 116 W
Fri Aug 22 21:25:27 IDT 2025, 115 W
Fri Aug 22 21:25:27 IDT 2025, 128 W
Fri Aug 22 21:25:27 IDT 2025, 104 W
Fri Aug 22 21:25:27 IDT 2025, 109 W
Fri Aug 22 21:25:27 IDT 2025, 99 W
Fri Aug 22 21:25:27 IDT 2025, 99 W
Fri Aug 22 21:25:27 IDT 2025, 118 W
Fri Aug 22 21:25:28 IDT 2025, 114 W
Fri Aug 22 21:25:28 IDT 2025, 113 W
Fri Aug 22 21:25:28 IDT 2025, 120 W
Fri Aug 22 21:25:28 IDT 2025, 122 W
Fri Aug 22 21:25:28 IDT 2025, 106 W
Fri Aug 22 21:25:28 IDT 2025, 110 W
Fri Aug 22 21:25:28 IDT 2025, 118 W
Fri Aug 22 21:25:28 IDT 2025, 96 W
Fri Aug 22 21:25:29 IDT 2025, 117 W
Fri Aug 22 21:25:29 IDT 2025, 97 W
Fri Aug 22 21:25:29 IDT 2025, 118 W
Fri Aug 22 21:25:29 IDT 2025, 114 W
Fri Aug 22 21:25:29 IDT 2025, 96 W
Fri Aug 22 21:25:29 IDT 2025, 101 W
Fri Aug 22 21:25:29 IDT 2025, 99 W
Fri Aug 22 21:25:29 IDT 2025, 112 W
Fri Aug 22 21:25:30 IDT 2025, 115 W
Fri Aug 22 21:25:30 IDT 2025, 120 W
Fri Aug 22 21:25:30 IDT 2025, 123 W
Fri Aug 22 21:25:30 IDT 2025, 123 W
Fri Aug 22 21:25:30 IDT 2025, 101 W
Fri Aug 22 21:25:30 IDT 2025, 95 W
Fri Aug 22 21:25:30 IDT 2025, 112 W
Fri Aug 22 21:25:30 IDT 2025, 121 W
Fri Aug 22 21:25:31 IDT 2025, 116 W
Fri Aug 22 21:25:31 IDT 2025, 111 W
Fri Aug 22 21:25:31 IDT 2025, 124 W
Fri Aug 22 21:25:31 IDT 2025, 129 W
Fri Aug 22 21:25:31 IDT 2025, 112 W
Fri Aug 22 21:25:31 IDT 2025, 102 W
Fri Aug 22 21:25:31 IDT 2025, 103 W
Fri Aug 22 21:25:31 IDT 2025, 113 W
Fri Aug 22 21:25:32 IDT 2025, 115 W
Fri Aug 22 21:25:32 IDT 2025, 99 W
Fri Aug 22 21:25:32 IDT 2025, 123 W
Fri Aug 22 21:25:32 IDT 2025, 126 W
Fri Aug 22 21:25:32 IDT 2025, 111 W
Fri Aug 22 21:25:32 IDT 2025, 102 W
Fri Aug 22 21:25:32 IDT 2025, 107 W
Fri Aug 22 21:25:32 IDT 2025, 116 W
Fri Aug 22 21:25:33 IDT 2025, 114 W
Fri Aug 22 21:25:33 IDT 2025, 93 W
Fri Aug 22 21:25:33 IDT 2025, 122 W
Fri Aug 22 21:25:33 IDT 2025, 123 W
Fri Aug 22 21:25:33 IDT 2025, 105 W
Fri Aug 22 21:25:33 IDT 2025, 109 W
Fri Aug 22 21:25:33 IDT 2025, 116 W
Fri Aug 22 21:25:33 IDT 2025, 123 W
Fri Aug 22 21:25:34 IDT 2025, 109 W
Fri Aug 22 21:25:34 IDT 2025, 114 W
Fri Aug 22 21:25:34 IDT 2025, 120 W
Fri Aug 22 21:25:34 IDT 2025, 119 W
Fri Aug 22 21:25:34 IDT 2025, 101 W
Fri Aug 22 21:25:34 IDT 2025, 88 W
Fri Aug 22 21:25:34 IDT 2025, 117 W
Fri Aug 22 21:25:34 IDT 2025, 115 W
Fri Aug 22 21:25:35 IDT 2025, 116 W
Fri Aug 22 21:25:35 IDT 2025, 109 W
Fri Aug 22 21:25:35 IDT 2025, 130 W
Fri Aug 22 21:25:35 IDT 2025, 117 W
Fri Aug 22 21:25:35 IDT 2025, 109 W
Fri Aug 22 21:25:35 IDT 2025, 100 W
Fri Aug 22 21:25:35 IDT 2025, 89 W
Fri Aug 22 21:25:35 IDT 2025, 116 W
Fri Aug 22 21:25:36 IDT 2025, 99 W
Fri Aug 22 21:25:36 IDT 2025, 114 W
Fri Aug 22 21:25:36 IDT 2025, 123 W
Fri Aug 22 21:25:36 IDT 2025, 122 W
Fri Aug 22 21:25:36 IDT 2025, 111 W
Fri Aug 22 21:25:36 IDT 2025, 99 W
Fri Aug 22 21:25:36 IDT 2025, 114 W
Fri Aug 22 21:25:36 IDT 2025, 114 W
Fri Aug 22 21:25:37 IDT 2025, 121 W
Fri Aug 22 21:25:37 IDT 2025, 110 W
Fri Aug 22 21:25:37 IDT 2025, 123 W
Fri Aug 22 21:25:37 IDT 2025, 107 W
Fri Aug 22 21:25:37 IDT 2025, 114 W
Fri Aug 22 21:25:37 IDT 2025, 104 W
Fri Aug 22 21:25:37 IDT 2025, 111 W
Fri Aug 22 21:25:37 IDT 2025, 120 W
Fri Aug 22 21:25:38 IDT 2025, 117 W
Fri Aug 22 21:25:38 IDT 2025, 113 W
Fri Aug 22 21:25:38 IDT 2025, 105 W
Fri Aug 22 21:25:38 IDT 2025, 123 W
Fri Aug 22 21:25:38 IDT 2025, 105 W
Fri Aug 22 21:25:38 IDT 2025, 102 W
Fri Aug 22 21:25:38 IDT 2025, 109 W
Fri Aug 22 21:25:38 IDT 2025, 113 W
Fri Aug 22 21:25:39 IDT 2025, 107 W
Fri Aug 22 21:25:39 IDT 2025, 99 W
Fri Aug 22 21:25:39 IDT 2025, 114 W
Fri Aug 22 21:25:39 IDT 2025, 122 W
Fri Aug 22 21:25:39 IDT 2025, 102 W
Fri Aug 22 21:25:39 IDT 2025, 99 W
Fri Aug 22 21:25:39 IDT 2025, 105 W
Fri Aug 22 21:25:39 IDT 2025, 112 W
Fri Aug 22 21:25:40 IDT 2025, 119 W
Fri Aug 22 21:25:40 IDT 2025, 114 W
Fri Aug 22 21:25:40 IDT 2025, 125 W
Fri Aug 22 21:25:40 IDT 2025, 123 W
Fri Aug 22 21:25:40 IDT 2025, 113 W
Fri Aug 22 21:25:40 IDT 2025, 88 W
Fri Aug 22 21:25:40 IDT 2025, 112 W
Fri Aug 22 21:25:40 IDT 2025, 120 W
Fri Aug 22 21:25:41 IDT 2025, 121 W
Fri Aug 22 21:25:41 IDT 2025, 109 W
Fri Aug 22 21:25:41 IDT 2025, 130 W
Fri Aug 22 21:25:41 IDT 2025, 123 W
Fri Aug 22 21:25:41 IDT 2025, 112 W
Fri Aug 22 21:25:41 IDT 2025, 100 W
Fri Aug 22 21:25:41 IDT 2025, 98 W
Fri Aug 22 21:25:41 IDT 2025, 125 W
Fri Aug 22 21:25:42 IDT 2025, 122 W
Fri Aug 22 21:25:42 IDT 2025, 94 W
Fri Aug 22 21:25:42 IDT 2025, 130 W
Fri Aug 22 21:25:42 IDT 2025, 125 W
Fri Aug 22 21:25:42 IDT 2025, 108 W
Fri Aug 22 21:25:42 IDT 2025, 105 W
Fri Aug 22 21:25:42 IDT 2025, 113 W
Fri Aug 22 21:25:42 IDT 2025, 115 W
Fri Aug 22 21:25:43 IDT 2025, 101 W
Fri Aug 22 21:25:43 IDT 2025, 116 W
Fri Aug 22 21:25:43 IDT 2025, 129 W
Fri Aug 22 21:25:43 IDT 2025, 126 W
Fri Aug 22 21:25:43 IDT 2025, 104 W
Fri Aug 22 21:25:43 IDT 2025, 98 W
Fri Aug 22 21:25:43 IDT 2025, 117 W
Fri Aug 22 21:25:43 IDT 2025, 114 W
Fri Aug 22 21:25:44 IDT 2025, 107 W
Fri Aug 22 21:25:44 IDT 2025, 101 W
Fri Aug 22 21:25:44 IDT 2025, 116 W
Fri Aug 22 21:25:44 IDT 2025, 119 W
Fri Aug 22 21:25:44 IDT 2025, 91 W
Fri Aug 22 21:25:44 IDT 2025, 94 W
Fri Aug 22 21:25:44 IDT 2025, 110 W
Fri Aug 22 21:25:44 IDT 2025, 96 W
Fri Aug 22 21:25:45 IDT 2025, 114 W
Fri Aug 22 21:25:45 IDT 2025, 112 W
Fri Aug 22 21:25:45 IDT 2025, 120 W
Fri Aug 22 21:25:45 IDT 2025, 119 W
Fri Aug 22 21:25:45 IDT 2025, 110 W
Fri Aug 22 21:25:45 IDT 2025, 105 W
Fri Aug 22 21:25:45 IDT 2025, 97 W
Fri Aug 22 21:25:45 IDT 2025, 110 W
Fri Aug 22 21:25:46 IDT 2025, 109 W
Fri Aug 22 21:25:46 IDT 2025, 119 W
Fri Aug 22 21:25:46 IDT 2025, 120 W
Fri Aug 22 21:25:46 IDT 2025, 118 W
Fri Aug 22 21:25:46 IDT 2025, 107 W
Fri Aug 22 21:25:46 IDT 2025, 104 W
Fri Aug 22 21:25:46 IDT 2025, 109 W
Fri Aug 22 21:25:46 IDT 2025, 103 W
Fri Aug 22 21:25:47 IDT 2025, 99 W
Fri Aug 22 21:25:47 IDT 2025, 90 W
Fri Aug 22 21:25:47 IDT 2025, 106 W
Fri Aug 22 21:25:47 IDT 2025, 101 W
Fri Aug 22 21:25:47 IDT 2025, 89 W
Fri Aug 22 21:25:47 IDT 2025, 95 W
Fri Aug 22 21:25:47 IDT 2025, 94 W
Fri Aug 22 21:25:47 IDT 2025, 95 W
Fri Aug 22 21:25:48 IDT 2025, 93 W
Fri Aug 22 21:25:48 IDT 2025, 96 W
Fri Aug 22 21:25:48 IDT 2025, 102 W
Fri Aug 22 21:25:48 IDT 2025, 109 W
Fri Aug 22 21:25:48 IDT 2025, 92 W
Fri Aug 22 21:25:48 IDT 2025, 94 W
Fri Aug 22 21:25:48 IDT 2025, 92 W
Fri Aug 22 21:25:48 IDT 2025, 96 W
Fri Aug 22 21:25:49 IDT 2025, 97 W
Fri Aug 22 21:25:49 IDT 2025, 90 W
Fri Aug 22 21:25:49 IDT 2025, 105 W
Fri Aug 22 21:25:49 IDT 2025, 102 W
Fri Aug 22 21:25:49 IDT 2025, 88 W
Fri Aug 22 21:25:49 IDT 2025, 85 W
Fri Aug 22 21:25:49 IDT 2025, 99 W
Fri Aug 22 21:25:49 IDT 2025, 90 W
Fri Aug 22 21:25:50 IDT 2025, 95 W
Fri Aug 22 21:25:50 IDT 2025, 96 W
Fri Aug 22 21:25:50 IDT 2025, 105 W
Fri Aug 22 21:25:50 IDT 2025, 100 W
Fri Aug 22 21:25:50 IDT 2025, 84 W
Fri Aug 22 21:25:50 IDT 2025, 95 W
Fri Aug 22 21:25:50 IDT 2025, 101 W
Fri Aug 22 21:25:50 IDT 2025, 96 W
Fri Aug 22 21:25:51 IDT 2025, 97 W
Fri Aug 22 21:25:51 IDT 2025, 93 W
Fri Aug 22 21:25:51 IDT 2025, 102 W
Fri Aug 22 21:25:51 IDT 2025, 103 W
Fri Aug 22 21:25:51 IDT 2025, 84 W
Fri Aug 22 21:25:51 IDT 2025, 93 W
Fri Aug 22 21:25:51 IDT 2025, 93 W
Fri Aug 22 21:25:51 IDT 2025, 97 W
Fri Aug 22 21:25:52 IDT 2025, 0 W
Fri Aug 22 21:25:52 IDT 2025, 0 W
Fri Aug 22 21:25:52 IDT 2025, 0 W
Fri Aug 22 21:25:52 IDT 2025, 109 W
Fri Aug 22 21:25:52 IDT 2025, 83 W
Fri Aug 22 21:25:52 IDT 2025, 0 W
Fri Aug 22 21:25:52 IDT 2025, 90 W
Fri Aug 22 21:25:52 IDT 2025, 0 W
Fri Aug 22 21:25:53 IDT 2025, 90 W
Fri Aug 22 21:25:53 IDT 2025, 89 W
Fri Aug 22 21:25:53 IDT 2025, 103 W
Fri Aug 22 21:25:53 IDT 2025, 105 W
Fri Aug 22 21:25:53 IDT 2025, 84 W
Fri Aug 22 21:25:53 IDT 2025, 94 W
Fri Aug 22 21:25:53 IDT 2025, 97 W
Fri Aug 22 21:25:53 IDT 2025, 100 W
Fri Aug 22 21:25:54 IDT 2025, 94 W
Fri Aug 22 21:25:54 IDT 2025, 85 W
Fri Aug 22 21:25:54 IDT 2025, 102 W
Fri Aug 22 21:25:54 IDT 2025, 101 W
Fri Aug 22 21:25:54 IDT 2025, 89 W
Fri Aug 22 21:25:54 IDT 2025, 86 W
Fri Aug 22 21:25:54 IDT 2025, 92 W
Fri Aug 22 21:25:54 IDT 2025, 92 W
Fri Aug 22 21:25:55 IDT 2025, 97 W
Fri Aug 22 21:25:55 IDT 2025, 90 W
Fri Aug 22 21:25:55 IDT 2025, 99 W
Fri Aug 22 21:25:55 IDT 2025, 107 W
Fri Aug 22 21:25:55 IDT 2025, 86 W
Fri Aug 22 21:25:55 IDT 2025, 88 W
Fri Aug 22 21:25:55 IDT 2025, 91 W
Fri Aug 22 21:25:55 IDT 2025, 98 W
