timestamp, power.draw [W]
Tue Mar 31 14:33:20 IDT 2026, 227 W
Tue Mar 31 14:33:20 IDT 2026, 233 W
Tue Mar 31 14:33:20 IDT 2026, 227 W
Tue Mar 31 14:33:20 IDT 2026, 227 W
Tue Mar 31 14:33:20 IDT 2026, 229 W
Tue Mar 31 14:33:20 IDT 2026, 231 W
Tue Mar 31 14:33:20 IDT 2026, 231 W
Tue Mar 31 14:33:20 IDT 2026, 228 W
Tue Mar 31 14:33:21 IDT 2026, 227 W
Tue Mar 31 14:33:21 IDT 2026, 233 W
Tue Mar 31 14:33:21 IDT 2026, 227 W
Tue Mar 31 14:33:21 IDT 2026, 227 W
Tue Mar 31 14:33:21 IDT 2026, 229 W
Tue Mar 31 14:33:21 IDT 2026, 231 W
Tue Mar 31 14:33:21 IDT 2026, 231 W
Tue Mar 31 14:33:21 IDT 2026, 228 W
Tue Mar 31 14:33:22 IDT 2026, 227 W
Tue Mar 31 14:33:22 IDT 2026, 233 W
Tue Mar 31 14:33:22 IDT 2026, 227 W
Tue Mar 31 14:33:22 IDT 2026, 227 W
Tue Mar 31 14:33:22 IDT 2026, 229 W
Tue Mar 31 14:33:22 IDT 2026, 231 W
Tue Mar 31 14:33:22 IDT 2026, 231 W
Tue Mar 31 14:33:22 IDT 2026, 229 W
Tue Mar 31 14:33:23 IDT 2026, 227 W
Tue Mar 31 14:33:23 IDT 2026, 233 W
Tue Mar 31 14:33:23 IDT 2026, 227 W
Tue Mar 31 14:33:23 IDT 2026, 227 W
Tue Mar 31 14:33:23 IDT 2026, 229 W
Tue Mar 31 14:33:23 IDT 2026, 231 W
Tue Mar 31 14:33:23 IDT 2026, 231 W
Tue Mar 31 14:33:23 IDT 2026, 228 W
Tue Mar 31 14:33:24 IDT 2026, 227 W
Tue Mar 31 14:33:24 IDT 2026, 233 W
Tue Mar 31 14:33:24 IDT 2026, 227 W
Tue Mar 31 14:33:24 IDT 2026, 227 W
Tue Mar 31 14:33:24 IDT 2026, 230 W
Tue Mar 31 14:33:24 IDT 2026, 231 W
Tue Mar 31 14:33:24 IDT 2026, 231 W
Tue Mar 31 14:33:24 IDT 2026, 229 W
Tue Mar 31 14:33:25 IDT 2026, 227 W
Tue Mar 31 14:33:25 IDT 2026, 233 W
Tue Mar 31 14:33:25 IDT 2026, 227 W
Tue Mar 31 14:33:25 IDT 2026, 227 W
Tue Mar 31 14:33:25 IDT 2026, 230 W
Tue Mar 31 14:33:25 IDT 2026, 231 W
Tue Mar 31 14:33:25 IDT 2026, 231 W
Tue Mar 31 14:33:25 IDT 2026, 227 W
Tue Mar 31 14:33:26 IDT 2026, 227 W
Tue Mar 31 14:33:26 IDT 2026, 233 W
Tue Mar 31 14:33:26 IDT 2026, 227 W
Tue Mar 31 14:33:26 IDT 2026, 227 W
Tue Mar 31 14:33:26 IDT 2026, 229 W
Tue Mar 31 14:33:26 IDT 2026, 231 W
Tue Mar 31 14:33:26 IDT 2026, 231 W
Tue Mar 31 14:33:26 IDT 2026, 229 W
Tue Mar 31 14:33:27 IDT 2026, 227 W
Tue Mar 31 14:33:27 IDT 2026, 234 W
Tue Mar 31 14:33:27 IDT 2026, 228 W
Tue Mar 31 14:33:27 IDT 2026, 227 W
Tue Mar 31 14:33:27 IDT 2026, 232 W
Tue Mar 31 14:33:27 IDT 2026, 231 W
Tue Mar 31 14:33:27 IDT 2026, 232 W
Tue Mar 31 14:33:27 IDT 2026, 228 W
Tue Mar 31 14:33:28 IDT 2026, 234 W
Tue Mar 31 14:33:28 IDT 2026, 240 W
Tue Mar 31 14:33:28 IDT 2026, 232 W
Tue Mar 31 14:33:28 IDT 2026, 237 W
Tue Mar 31 14:33:28 IDT 2026, 247 W
Tue Mar 31 14:33:28 IDT 2026, 236 W
Tue Mar 31 14:33:28 IDT 2026, 239 W
Tue Mar 31 14:33:28 IDT 2026, 248 W
Tue Mar 31 14:33:29 IDT 2026, 229 W
Tue Mar 31 14:33:29 IDT 2026, 236 W
Tue Mar 31 14:33:29 IDT 2026, 228 W
Tue Mar 31 14:33:29 IDT 2026, 229 W
Tue Mar 31 14:33:29 IDT 2026, 231 W
Tue Mar 31 14:33:29 IDT 2026, 233 W
Tue Mar 31 14:33:29 IDT 2026, 233 W
Tue Mar 31 14:33:29 IDT 2026, 231 W
Tue Mar 31 14:33:30 IDT 2026, 229 W
Tue Mar 31 14:33:30 IDT 2026, 235 W
Tue Mar 31 14:33:30 IDT 2026, 228 W
Tue Mar 31 14:33:30 IDT 2026, 228 W
Tue Mar 31 14:33:30 IDT 2026, 232 W
Tue Mar 31 14:33:30 IDT 2026, 233 W
Tue Mar 31 14:33:30 IDT 2026, 233 W
Tue Mar 31 14:33:30 IDT 2026, 230 W
Tue Mar 31 14:33:31 IDT 2026, 230 W
Tue Mar 31 14:33:31 IDT 2026, 235 W
Tue Mar 31 14:33:31 IDT 2026, 229 W
Tue Mar 31 14:33:31 IDT 2026, 228 W
Tue Mar 31 14:33:31 IDT 2026, 232 W
Tue Mar 31 14:33:31 IDT 2026, 233 W
Tue Mar 31 14:33:31 IDT 2026, 232 W
Tue Mar 31 14:33:31 IDT 2026, 229 W
Tue Mar 31 14:33:32 IDT 2026, 524 W
Tue Mar 31 14:33:32 IDT 2026, 529 W
Tue Mar 31 14:33:32 IDT 2026, 521 W
Tue Mar 31 14:33:32 IDT 2026, 523 W
Tue Mar 31 14:33:32 IDT 2026, 523 W
Tue Mar 31 14:33:32 IDT 2026, 527 W
Tue Mar 31 14:33:32 IDT 2026, 524 W
Tue Mar 31 14:33:32 IDT 2026, 527 W
Tue Mar 31 14:33:33 IDT 2026, 526 W
Tue Mar 31 14:33:33 IDT 2026, 531 W
Tue Mar 31 14:33:33 IDT 2026, 522 W
Tue Mar 31 14:33:33 IDT 2026, 526 W
Tue Mar 31 14:33:33 IDT 2026, 524 W
Tue Mar 31 14:33:33 IDT 2026, 527 W
Tue Mar 31 14:33:33 IDT 2026, 527 W
Tue Mar 31 14:33:33 IDT 2026, 524 W
Tue Mar 31 14:33:34 IDT 2026, 523 W
Tue Mar 31 14:33:34 IDT 2026, 533 W
Tue Mar 31 14:33:34 IDT 2026, 523 W
Tue Mar 31 14:33:34 IDT 2026, 527 W
Tue Mar 31 14:33:34 IDT 2026, 527 W
Tue Mar 31 14:33:34 IDT 2026, 525 W
Tue Mar 31 14:33:34 IDT 2026, 529 W
Tue Mar 31 14:33:34 IDT 2026, 524 W
Tue Mar 31 14:33:35 IDT 2026, 527 W
Tue Mar 31 14:33:35 IDT 2026, 531 W
Tue Mar 31 14:33:35 IDT 2026, 524 W
Tue Mar 31 14:33:35 IDT 2026, 527 W
Tue Mar 31 14:33:35 IDT 2026, 525 W
Tue Mar 31 14:33:35 IDT 2026, 531 W
Tue Mar 31 14:33:35 IDT 2026, 530 W
Tue Mar 31 14:33:35 IDT 2026, 529 W
Tue Mar 31 14:33:36 IDT 2026, 525 W
Tue Mar 31 14:33:36 IDT 2026, 533 W
Tue Mar 31 14:33:36 IDT 2026, 520 W
Tue Mar 31 14:33:36 IDT 2026, 527 W
Tue Mar 31 14:33:36 IDT 2026, 527 W
Tue Mar 31 14:33:36 IDT 2026, 527 W
Tue Mar 31 14:33:36 IDT 2026, 525 W
Tue Mar 31 14:33:36 IDT 2026, 526 W
Tue Mar 31 14:33:37 IDT 2026, 521 W
Tue Mar 31 14:33:37 IDT 2026, 534 W
Tue Mar 31 14:33:37 IDT 2026, 523 W
Tue Mar 31 14:33:37 IDT 2026, 521 W
Tue Mar 31 14:33:37 IDT 2026, 526 W
Tue Mar 31 14:33:37 IDT 2026, 528 W
Tue Mar 31 14:33:37 IDT 2026, 522 W
Tue Mar 31 14:33:37 IDT 2026, 528 W
Tue Mar 31 14:33:38 IDT 2026, 525 W
Tue Mar 31 14:33:38 IDT 2026, 529 W
Tue Mar 31 14:33:38 IDT 2026, 525 W
Tue Mar 31 14:33:38 IDT 2026, 526 W
Tue Mar 31 14:33:38 IDT 2026, 527 W
Tue Mar 31 14:33:38 IDT 2026, 529 W
Tue Mar 31 14:33:38 IDT 2026, 532 W
Tue Mar 31 14:33:38 IDT 2026, 524 W
Tue Mar 31 14:33:39 IDT 2026, 525 W
Tue Mar 31 14:33:39 IDT 2026, 529 W
Tue Mar 31 14:33:39 IDT 2026, 522 W
Tue Mar 31 14:33:39 IDT 2026, 525 W
Tue Mar 31 14:33:39 IDT 2026, 525 W
Tue Mar 31 14:33:39 IDT 2026, 531 W
Tue Mar 31 14:33:39 IDT 2026, 530 W
Tue Mar 31 14:33:39 IDT 2026, 527 W
Tue Mar 31 14:33:40 IDT 2026, 524 W
Tue Mar 31 14:33:40 IDT 2026, 533 W
Tue Mar 31 14:33:40 IDT 2026, 524 W
Tue Mar 31 14:33:40 IDT 2026, 523 W
Tue Mar 31 14:33:40 IDT 2026, 528 W
Tue Mar 31 14:33:40 IDT 2026, 527 W
Tue Mar 31 14:33:40 IDT 2026, 528 W
Tue Mar 31 14:33:40 IDT 2026, 526 W
Tue Mar 31 14:33:41 IDT 2026, 523 W
Tue Mar 31 14:33:41 IDT 2026, 529 W
Tue Mar 31 14:33:41 IDT 2026, 517 W
Tue Mar 31 14:33:41 IDT 2026, 523 W
Tue Mar 31 14:33:41 IDT 2026, 519 W
Tue Mar 31 14:33:41 IDT 2026, 526 W
Tue Mar 31 14:33:41 IDT 2026, 525 W
Tue Mar 31 14:33:41 IDT 2026, 522 W
Tue Mar 31 14:33:42 IDT 2026, 522 W
Tue Mar 31 14:33:42 IDT 2026, 533 W
Tue Mar 31 14:33:42 IDT 2026, 522 W
Tue Mar 31 14:33:42 IDT 2026, 527 W
Tue Mar 31 14:33:42 IDT 2026, 522 W
Tue Mar 31 14:33:42 IDT 2026, 527 W
Tue Mar 31 14:33:42 IDT 2026, 528 W
Tue Mar 31 14:33:42 IDT 2026, 524 W
Tue Mar 31 14:33:43 IDT 2026, 251 W
Tue Mar 31 14:33:43 IDT 2026, 286 W
Tue Mar 31 14:33:43 IDT 2026, 242 W
Tue Mar 31 14:33:43 IDT 2026, 256 W
Tue Mar 31 14:33:43 IDT 2026, 294 W
Tue Mar 31 14:33:43 IDT 2026, 249 W
Tue Mar 31 14:33:43 IDT 2026, 260 W
Tue Mar 31 14:33:43 IDT 2026, 242 W
Tue Mar 31 14:33:44 IDT 2026, 231 W
Tue Mar 31 14:33:44 IDT 2026, 236 W
Tue Mar 31 14:33:44 IDT 2026, 230 W
Tue Mar 31 14:33:44 IDT 2026, 231 W
Tue Mar 31 14:33:44 IDT 2026, 234 W
Tue Mar 31 14:33:44 IDT 2026, 235 W
Tue Mar 31 14:33:44 IDT 2026, 235 W
Tue Mar 31 14:33:44 IDT 2026, 233 W
Tue Mar 31 14:33:45 IDT 2026, 421 W
Tue Mar 31 14:33:45 IDT 2026, 496 W
Tue Mar 31 14:33:45 IDT 2026, 479 W
Tue Mar 31 14:33:45 IDT 2026, 465 W
Tue Mar 31 14:33:45 IDT 2026, 485 W
Tue Mar 31 14:33:45 IDT 2026, 470 W
Tue Mar 31 14:33:45 IDT 2026, 470 W
Tue Mar 31 14:33:45 IDT 2026, 483 W
Tue Mar 31 14:33:46 IDT 2026, 504 W
Tue Mar 31 14:33:46 IDT 2026, 511 W
Tue Mar 31 14:33:46 IDT 2026, 502 W
Tue Mar 31 14:33:46 IDT 2026, 504 W
Tue Mar 31 14:33:46 IDT 2026, 503 W
Tue Mar 31 14:33:46 IDT 2026, 507 W
Tue Mar 31 14:33:46 IDT 2026, 506 W
Tue Mar 31 14:33:46 IDT 2026, 503 W
Tue Mar 31 14:33:47 IDT 2026, 500 W
Tue Mar 31 14:33:47 IDT 2026, 513 W
Tue Mar 31 14:33:47 IDT 2026, 499 W
Tue Mar 31 14:33:47 IDT 2026, 502 W
Tue Mar 31 14:33:47 IDT 2026, 504 W
Tue Mar 31 14:33:47 IDT 2026, 509 W
Tue Mar 31 14:33:47 IDT 2026, 509 W
Tue Mar 31 14:33:47 IDT 2026, 503 W
Tue Mar 31 14:33:48 IDT 2026, 230 W
Tue Mar 31 14:33:48 IDT 2026, 235 W
Tue Mar 31 14:33:48 IDT 2026, 229 W
Tue Mar 31 14:33:48 IDT 2026, 229 W
Tue Mar 31 14:33:48 IDT 2026, 233 W
Tue Mar 31 14:33:48 IDT 2026, 234 W
Tue Mar 31 14:33:48 IDT 2026, 234 W
Tue Mar 31 14:33:48 IDT 2026, 231 W
Tue Mar 31 14:33:49 IDT 2026, 334 W
Tue Mar 31 14:33:49 IDT 2026, 297 W
Tue Mar 31 14:33:49 IDT 2026, 277 W
Tue Mar 31 14:33:49 IDT 2026, 340 W
Tue Mar 31 14:33:49 IDT 2026, 302 W
Tue Mar 31 14:33:49 IDT 2026, 233 W
Tue Mar 31 14:33:49 IDT 2026, 306 W
Tue Mar 31 14:33:49 IDT 2026, 310 W
Tue Mar 31 14:33:50 IDT 2026, 471 W
Tue Mar 31 14:33:50 IDT 2026, 478 W
Tue Mar 31 14:33:50 IDT 2026, 470 W
Tue Mar 31 14:33:50 IDT 2026, 472 W
Tue Mar 31 14:33:50 IDT 2026, 474 W
Tue Mar 31 14:33:50 IDT 2026, 477 W
Tue Mar 31 14:33:50 IDT 2026, 473 W
Tue Mar 31 14:33:50 IDT 2026, 472 W
Tue Mar 31 14:33:51 IDT 2026, 472 W
Tue Mar 31 14:33:51 IDT 2026, 480 W
Tue Mar 31 14:33:51 IDT 2026, 471 W
Tue Mar 31 14:33:51 IDT 2026, 472 W
Tue Mar 31 14:33:51 IDT 2026, 474 W
Tue Mar 31 14:33:51 IDT 2026, 477 W
Tue Mar 31 14:33:51 IDT 2026, 474 W
Tue Mar 31 14:33:51 IDT 2026, 472 W
Tue Mar 31 14:33:52 IDT 2026, 472 W
Tue Mar 31 14:33:52 IDT 2026, 478 W
Tue Mar 31 14:33:52 IDT 2026, 472 W
Tue Mar 31 14:33:52 IDT 2026, 474 W
Tue Mar 31 14:33:52 IDT 2026, 473 W
Tue Mar 31 14:33:52 IDT 2026, 477 W
Tue Mar 31 14:33:52 IDT 2026, 477 W
Tue Mar 31 14:33:52 IDT 2026, 473 W
Tue Mar 31 14:33:53 IDT 2026, 453 W
Tue Mar 31 14:33:53 IDT 2026, 447 W
Tue Mar 31 14:33:53 IDT 2026, 450 W
Tue Mar 31 14:33:53 IDT 2026, 462 W
Tue Mar 31 14:33:53 IDT 2026, 432 W
Tue Mar 31 14:33:53 IDT 2026, 471 W
Tue Mar 31 14:33:53 IDT 2026, 463 W
Tue Mar 31 14:33:53 IDT 2026, 434 W
Tue Mar 31 14:33:54 IDT 2026, 474 W
Tue Mar 31 14:33:54 IDT 2026, 480 W
Tue Mar 31 14:33:54 IDT 2026, 470 W
Tue Mar 31 14:33:54 IDT 2026, 478 W
Tue Mar 31 14:33:54 IDT 2026, 473 W
Tue Mar 31 14:33:54 IDT 2026, 476 W
Tue Mar 31 14:33:54 IDT 2026, 476 W
Tue Mar 31 14:33:54 IDT 2026, 470 W
Tue Mar 31 14:33:55 IDT 2026, 427 W
Tue Mar 31 14:33:55 IDT 2026, 471 W
Tue Mar 31 14:33:55 IDT 2026, 454 W
Tue Mar 31 14:33:55 IDT 2026, 444 W
Tue Mar 31 14:33:55 IDT 2026, 461 W
Tue Mar 31 14:33:55 IDT 2026, 460 W
Tue Mar 31 14:33:55 IDT 2026, 448 W
Tue Mar 31 14:33:55 IDT 2026, 460 W
Tue Mar 31 14:33:56 IDT 2026, 532 W
Tue Mar 31 14:33:56 IDT 2026, 550 W
Tue Mar 31 14:33:56 IDT 2026, 528 W
Tue Mar 31 14:33:56 IDT 2026, 535 W
Tue Mar 31 14:33:56 IDT 2026, 529 W
Tue Mar 31 14:33:56 IDT 2026, 535 W
Tue Mar 31 14:33:56 IDT 2026, 537 W
Tue Mar 31 14:33:56 IDT 2026, 531 W
Tue Mar 31 14:33:57 IDT 2026, 528 W
Tue Mar 31 14:33:57 IDT 2026, 535 W
Tue Mar 31 14:33:57 IDT 2026, 523 W
Tue Mar 31 14:33:57 IDT 2026, 530 W
Tue Mar 31 14:33:57 IDT 2026, 528 W
Tue Mar 31 14:33:57 IDT 2026, 532 W
Tue Mar 31 14:33:57 IDT 2026, 532 W
Tue Mar 31 14:33:57 IDT 2026, 528 W
Tue Mar 31 14:33:58 IDT 2026, 524 W
Tue Mar 31 14:33:58 IDT 2026, 529 W
Tue Mar 31 14:33:58 IDT 2026, 525 W
Tue Mar 31 14:33:58 IDT 2026, 526 W
Tue Mar 31 14:33:58 IDT 2026, 523 W
Tue Mar 31 14:33:58 IDT 2026, 528 W
Tue Mar 31 14:33:58 IDT 2026, 529 W
Tue Mar 31 14:33:58 IDT 2026, 526 W
Tue Mar 31 14:33:59 IDT 2026, 527 W
Tue Mar 31 14:33:59 IDT 2026, 534 W
Tue Mar 31 14:33:59 IDT 2026, 526 W
Tue Mar 31 14:33:59 IDT 2026, 530 W
Tue Mar 31 14:33:59 IDT 2026, 527 W
Tue Mar 31 14:33:59 IDT 2026, 534 W
Tue Mar 31 14:33:59 IDT 2026, 532 W
Tue Mar 31 14:33:59 IDT 2026, 527 W
Tue Mar 31 14:34:00 IDT 2026, 528 W
Tue Mar 31 14:34:00 IDT 2026, 536 W
Tue Mar 31 14:34:00 IDT 2026, 529 W
Tue Mar 31 14:34:00 IDT 2026, 528 W
Tue Mar 31 14:34:00 IDT 2026, 530 W
Tue Mar 31 14:34:00 IDT 2026, 533 W
Tue Mar 31 14:34:00 IDT 2026, 529 W
Tue Mar 31 14:34:00 IDT 2026, 529 W
Tue Mar 31 14:34:01 IDT 2026, 511 W
Tue Mar 31 14:34:01 IDT 2026, 519 W
Tue Mar 31 14:34:01 IDT 2026, 506 W
Tue Mar 31 14:34:01 IDT 2026, 512 W
Tue Mar 31 14:34:01 IDT 2026, 513 W
Tue Mar 31 14:34:01 IDT 2026, 509 W
Tue Mar 31 14:34:01 IDT 2026, 516 W
Tue Mar 31 14:34:01 IDT 2026, 509 W
Tue Mar 31 14:34:02 IDT 2026, 514 W
Tue Mar 31 14:34:02 IDT 2026, 527 W
Tue Mar 31 14:34:02 IDT 2026, 520 W
Tue Mar 31 14:34:02 IDT 2026, 519 W
Tue Mar 31 14:34:02 IDT 2026, 519 W
Tue Mar 31 14:34:02 IDT 2026, 518 W
Tue Mar 31 14:34:02 IDT 2026, 520 W
Tue Mar 31 14:34:02 IDT 2026, 519 W
Tue Mar 31 14:34:03 IDT 2026, 491 W
Tue Mar 31 14:34:03 IDT 2026, 511 W
Tue Mar 31 14:34:03 IDT 2026, 500 W
Tue Mar 31 14:34:03 IDT 2026, 498 W
Tue Mar 31 14:34:03 IDT 2026, 504 W
Tue Mar 31 14:34:03 IDT 2026, 510 W
Tue Mar 31 14:34:03 IDT 2026, 502 W
Tue Mar 31 14:34:03 IDT 2026, 505 W
Tue Mar 31 14:34:04 IDT 2026, 229 W
Tue Mar 31 14:34:04 IDT 2026, 236 W
Tue Mar 31 14:34:04 IDT 2026, 229 W
Tue Mar 31 14:34:04 IDT 2026, 230 W
Tue Mar 31 14:34:04 IDT 2026, 231 W
Tue Mar 31 14:34:04 IDT 2026, 233 W
Tue Mar 31 14:34:04 IDT 2026, 233 W
Tue Mar 31 14:34:04 IDT 2026, 231 W
Tue Mar 31 14:34:05 IDT 2026, 229 W
Tue Mar 31 14:34:05 IDT 2026, 346 W
Tue Mar 31 14:34:05 IDT 2026, 327 W
Tue Mar 31 14:34:05 IDT 2026, 339 W
Tue Mar 31 14:34:05 IDT 2026, 339 W
Tue Mar 31 14:34:05 IDT 2026, 233 W
Tue Mar 31 14:34:05 IDT 2026, 340 W
Tue Mar 31 14:34:05 IDT 2026, 339 W
Tue Mar 31 14:34:06 IDT 2026, 426 W
Tue Mar 31 14:34:06 IDT 2026, 436 W
Tue Mar 31 14:34:06 IDT 2026, 425 W
Tue Mar 31 14:34:06 IDT 2026, 428 W
Tue Mar 31 14:34:06 IDT 2026, 428 W
Tue Mar 31 14:34:06 IDT 2026, 432 W
Tue Mar 31 14:34:06 IDT 2026, 430 W
Tue Mar 31 14:34:06 IDT 2026, 428 W
Tue Mar 31 14:34:07 IDT 2026, 408 W
Tue Mar 31 14:34:07 IDT 2026, 418 W
Tue Mar 31 14:34:07 IDT 2026, 407 W
Tue Mar 31 14:34:07 IDT 2026, 409 W
Tue Mar 31 14:34:07 IDT 2026, 409 W
Tue Mar 31 14:34:07 IDT 2026, 380 W
Tue Mar 31 14:34:07 IDT 2026, 410 W
Tue Mar 31 14:34:07 IDT 2026, 408 W
Tue Mar 31 14:34:08 IDT 2026, 424 W
Tue Mar 31 14:34:08 IDT 2026, 433 W
Tue Mar 31 14:34:08 IDT 2026, 426 W
Tue Mar 31 14:34:08 IDT 2026, 424 W
Tue Mar 31 14:34:08 IDT 2026, 429 W
Tue Mar 31 14:34:08 IDT 2026, 428 W
Tue Mar 31 14:34:08 IDT 2026, 423 W
Tue Mar 31 14:34:08 IDT 2026, 428 W
Tue Mar 31 14:34:09 IDT 2026, 413 W
Tue Mar 31 14:34:09 IDT 2026, 428 W
Tue Mar 31 14:34:09 IDT 2026, 417 W
Tue Mar 31 14:34:09 IDT 2026, 415 W
Tue Mar 31 14:34:09 IDT 2026, 420 W
Tue Mar 31 14:34:09 IDT 2026, 422 W
Tue Mar 31 14:34:09 IDT 2026, 415 W
Tue Mar 31 14:34:09 IDT 2026, 422 W
Tue Mar 31 14:34:10 IDT 2026, 395 W
Tue Mar 31 14:34:10 IDT 2026, 405 W
Tue Mar 31 14:34:10 IDT 2026, 392 W
Tue Mar 31 14:34:10 IDT 2026, 385 W
Tue Mar 31 14:34:10 IDT 2026, 392 W
Tue Mar 31 14:34:10 IDT 2026, 398 W
Tue Mar 31 14:34:10 IDT 2026, 395 W
Tue Mar 31 14:34:10 IDT 2026, 399 W
Tue Mar 31 14:34:11 IDT 2026, 411 W
Tue Mar 31 14:34:11 IDT 2026, 420 W
Tue Mar 31 14:34:11 IDT 2026, 412 W
Tue Mar 31 14:34:11 IDT 2026, 410 W
Tue Mar 31 14:34:11 IDT 2026, 415 W
Tue Mar 31 14:34:11 IDT 2026, 417 W
Tue Mar 31 14:34:11 IDT 2026, 416 W
Tue Mar 31 14:34:11 IDT 2026, 418 W
Tue Mar 31 14:34:12 IDT 2026, 388 W
Tue Mar 31 14:34:12 IDT 2026, 394 W
Tue Mar 31 14:34:12 IDT 2026, 391 W
Tue Mar 31 14:34:12 IDT 2026, 352 W
Tue Mar 31 14:34:12 IDT 2026, 392 W
Tue Mar 31 14:34:12 IDT 2026, 392 W
Tue Mar 31 14:34:12 IDT 2026, 386 W
Tue Mar 31 14:34:12 IDT 2026, 389 W
Tue Mar 31 14:34:13 IDT 2026, 384 W
Tue Mar 31 14:34:13 IDT 2026, 395 W
Tue Mar 31 14:34:13 IDT 2026, 386 W
Tue Mar 31 14:34:13 IDT 2026, 356 W
Tue Mar 31 14:34:13 IDT 2026, 387 W
Tue Mar 31 14:34:13 IDT 2026, 396 W
Tue Mar 31 14:34:13 IDT 2026, 391 W
Tue Mar 31 14:34:13 IDT 2026, 396 W
Tue Mar 31 14:34:14 IDT 2026, 389 W
Tue Mar 31 14:34:14 IDT 2026, 399 W
Tue Mar 31 14:34:14 IDT 2026, 390 W
Tue Mar 31 14:34:14 IDT 2026, 374 W
Tue Mar 31 14:34:14 IDT 2026, 389 W
Tue Mar 31 14:34:14 IDT 2026, 395 W
Tue Mar 31 14:34:14 IDT 2026, 397 W
Tue Mar 31 14:34:14 IDT 2026, 384 W
Tue Mar 31 14:34:15 IDT 2026, 389 W
Tue Mar 31 14:34:15 IDT 2026, 396 W
Tue Mar 31 14:34:15 IDT 2026, 384 W
Tue Mar 31 14:34:15 IDT 2026, 356 W
Tue Mar 31 14:34:15 IDT 2026, 389 W
Tue Mar 31 14:34:15 IDT 2026, 392 W
Tue Mar 31 14:34:15 IDT 2026, 389 W
Tue Mar 31 14:34:15 IDT 2026, 387 W
Tue Mar 31 14:34:16 IDT 2026, 400 W
Tue Mar 31 14:34:16 IDT 2026, 396 W
Tue Mar 31 14:34:16 IDT 2026, 388 W
Tue Mar 31 14:34:16 IDT 2026, 379 W
Tue Mar 31 14:34:16 IDT 2026, 393 W
Tue Mar 31 14:34:16 IDT 2026, 401 W
Tue Mar 31 14:34:16 IDT 2026, 393 W
Tue Mar 31 14:34:16 IDT 2026, 388 W
Tue Mar 31 14:34:17 IDT 2026, 408 W
Tue Mar 31 14:34:17 IDT 2026, 421 W
Tue Mar 31 14:34:17 IDT 2026, 408 W
Tue Mar 31 14:34:17 IDT 2026, 412 W
Tue Mar 31 14:34:17 IDT 2026, 413 W
Tue Mar 31 14:34:17 IDT 2026, 378 W
Tue Mar 31 14:34:17 IDT 2026, 413 W
Tue Mar 31 14:34:17 IDT 2026, 409 W
Tue Mar 31 14:34:18 IDT 2026, 231 W
Tue Mar 31 14:34:18 IDT 2026, 238 W
Tue Mar 31 14:34:18 IDT 2026, 232 W
Tue Mar 31 14:34:18 IDT 2026, 231 W
Tue Mar 31 14:34:18 IDT 2026, 234 W
Tue Mar 31 14:34:18 IDT 2026, 236 W
Tue Mar 31 14:34:18 IDT 2026, 234 W
Tue Mar 31 14:34:18 IDT 2026, 232 W
Tue Mar 31 14:34:19 IDT 2026, 229 W
Tue Mar 31 14:34:19 IDT 2026, 235 W
Tue Mar 31 14:34:19 IDT 2026, 230 W
Tue Mar 31 14:34:19 IDT 2026, 229 W
Tue Mar 31 14:34:19 IDT 2026, 231 W
Tue Mar 31 14:34:19 IDT 2026, 233 W
Tue Mar 31 14:34:19 IDT 2026, 234 W
Tue Mar 31 14:34:19 IDT 2026, 231 W
Tue Mar 31 14:34:20 IDT 2026, 229 W
Tue Mar 31 14:34:20 IDT 2026, 310 W
Tue Mar 31 14:34:20 IDT 2026, 230 W
Tue Mar 31 14:34:20 IDT 2026, 229 W
Tue Mar 31 14:34:20 IDT 2026, 263 W
Tue Mar 31 14:34:20 IDT 2026, 233 W
Tue Mar 31 14:34:20 IDT 2026, 232 W
Tue Mar 31 14:34:20 IDT 2026, 280 W
Tue Mar 31 14:34:21 IDT 2026, 230 W
Tue Mar 31 14:34:21 IDT 2026, 235 W
Tue Mar 31 14:34:21 IDT 2026, 229 W
Tue Mar 31 14:34:21 IDT 2026, 230 W
Tue Mar 31 14:34:21 IDT 2026, 231 W
Tue Mar 31 14:34:21 IDT 2026, 233 W
Tue Mar 31 14:34:21 IDT 2026, 234 W
Tue Mar 31 14:34:21 IDT 2026, 230 W
Tue Mar 31 14:34:22 IDT 2026, 386 W
Tue Mar 31 14:34:22 IDT 2026, 507 W
Tue Mar 31 14:34:22 IDT 2026, 480 W
Tue Mar 31 14:34:22 IDT 2026, 474 W
Tue Mar 31 14:34:22 IDT 2026, 492 W
Tue Mar 31 14:34:22 IDT 2026, 476 W
Tue Mar 31 14:34:22 IDT 2026, 402 W
Tue Mar 31 14:34:22 IDT 2026, 488 W
Tue Mar 31 14:34:23 IDT 2026, 523 W
Tue Mar 31 14:34:23 IDT 2026, 533 W
Tue Mar 31 14:34:23 IDT 2026, 524 W
Tue Mar 31 14:34:23 IDT 2026, 527 W
Tue Mar 31 14:34:23 IDT 2026, 526 W
Tue Mar 31 14:34:23 IDT 2026, 529 W
Tue Mar 31 14:34:23 IDT 2026, 530 W
Tue Mar 31 14:34:23 IDT 2026, 525 W
Tue Mar 31 14:34:24 IDT 2026, 527 W
Tue Mar 31 14:34:24 IDT 2026, 537 W
Tue Mar 31 14:34:24 IDT 2026, 527 W
Tue Mar 31 14:34:24 IDT 2026, 532 W
Tue Mar 31 14:34:24 IDT 2026, 530 W
Tue Mar 31 14:34:24 IDT 2026, 536 W
Tue Mar 31 14:34:24 IDT 2026, 533 W
Tue Mar 31 14:34:24 IDT 2026, 531 W
Tue Mar 31 14:34:25 IDT 2026, 521 W
Tue Mar 31 14:34:25 IDT 2026, 535 W
Tue Mar 31 14:34:25 IDT 2026, 524 W
Tue Mar 31 14:34:25 IDT 2026, 526 W
Tue Mar 31 14:34:25 IDT 2026, 528 W
Tue Mar 31 14:34:25 IDT 2026, 530 W
Tue Mar 31 14:34:25 IDT 2026, 528 W
Tue Mar 31 14:34:25 IDT 2026, 528 W
Tue Mar 31 14:34:26 IDT 2026, 525 W
Tue Mar 31 14:34:26 IDT 2026, 533 W
Tue Mar 31 14:34:26 IDT 2026, 521 W
Tue Mar 31 14:34:26 IDT 2026, 525 W
Tue Mar 31 14:34:26 IDT 2026, 525 W
Tue Mar 31 14:34:26 IDT 2026, 527 W
Tue Mar 31 14:34:26 IDT 2026, 530 W
Tue Mar 31 14:34:26 IDT 2026, 523 W
Tue Mar 31 14:34:27 IDT 2026, 496 W
Tue Mar 31 14:34:27 IDT 2026, 517 W
Tue Mar 31 14:34:27 IDT 2026, 374 W
Tue Mar 31 14:34:27 IDT 2026, 515 W
Tue Mar 31 14:34:27 IDT 2026, 403 W
Tue Mar 31 14:34:27 IDT 2026, 456 W
Tue Mar 31 14:34:27 IDT 2026, 518 W
Tue Mar 31 14:34:27 IDT 2026, 412 W
Tue Mar 31 14:34:28 IDT 2026, 518 W
Tue Mar 31 14:34:28 IDT 2026, 526 W
Tue Mar 31 14:34:28 IDT 2026, 517 W
Tue Mar 31 14:34:28 IDT 2026, 520 W
Tue Mar 31 14:34:28 IDT 2026, 519 W
Tue Mar 31 14:34:28 IDT 2026, 522 W
Tue Mar 31 14:34:28 IDT 2026, 524 W
Tue Mar 31 14:34:28 IDT 2026, 518 W
Tue Mar 31 14:34:29 IDT 2026, 516 W
Tue Mar 31 14:34:29 IDT 2026, 527 W
Tue Mar 31 14:34:29 IDT 2026, 514 W
Tue Mar 31 14:34:29 IDT 2026, 523 W
Tue Mar 31 14:34:29 IDT 2026, 520 W
Tue Mar 31 14:34:29 IDT 2026, 521 W
Tue Mar 31 14:34:29 IDT 2026, 521 W
Tue Mar 31 14:34:29 IDT 2026, 523 W
Tue Mar 31 14:34:30 IDT 2026, 515 W
Tue Mar 31 14:34:30 IDT 2026, 522 W
Tue Mar 31 14:34:30 IDT 2026, 514 W
Tue Mar 31 14:34:30 IDT 2026, 517 W
Tue Mar 31 14:34:30 IDT 2026, 513 W
Tue Mar 31 14:34:30 IDT 2026, 521 W
Tue Mar 31 14:34:30 IDT 2026, 521 W
Tue Mar 31 14:34:30 IDT 2026, 515 W
Tue Mar 31 14:34:31 IDT 2026, 516 W
Tue Mar 31 14:34:31 IDT 2026, 526 W
Tue Mar 31 14:34:31 IDT 2026, 518 W
Tue Mar 31 14:34:31 IDT 2026, 520 W
Tue Mar 31 14:34:31 IDT 2026, 520 W
Tue Mar 31 14:34:31 IDT 2026, 523 W
Tue Mar 31 14:34:31 IDT 2026, 525 W
Tue Mar 31 14:34:31 IDT 2026, 522 W
Tue Mar 31 14:34:32 IDT 2026, 518 W
Tue Mar 31 14:34:32 IDT 2026, 528 W
Tue Mar 31 14:34:32 IDT 2026, 517 W
Tue Mar 31 14:34:32 IDT 2026, 518 W
Tue Mar 31 14:34:32 IDT 2026, 520 W
Tue Mar 31 14:34:32 IDT 2026, 525 W
Tue Mar 31 14:34:32 IDT 2026, 520 W
Tue Mar 31 14:34:32 IDT 2026, 520 W
Tue Mar 31 14:34:33 IDT 2026, 520 W
Tue Mar 31 14:34:33 IDT 2026, 524 W
Tue Mar 31 14:34:33 IDT 2026, 509 W
Tue Mar 31 14:34:33 IDT 2026, 518 W
Tue Mar 31 14:34:33 IDT 2026, 516 W
Tue Mar 31 14:34:33 IDT 2026, 517 W
Tue Mar 31 14:34:33 IDT 2026, 522 W
Tue Mar 31 14:34:33 IDT 2026, 513 W
Tue Mar 31 14:34:34 IDT 2026, 516 W
Tue Mar 31 14:34:34 IDT 2026, 522 W
Tue Mar 31 14:34:34 IDT 2026, 516 W
Tue Mar 31 14:34:34 IDT 2026, 512 W
Tue Mar 31 14:34:34 IDT 2026, 514 W
Tue Mar 31 14:34:34 IDT 2026, 524 W
Tue Mar 31 14:34:34 IDT 2026, 516 W
Tue Mar 31 14:34:34 IDT 2026, 517 W
Tue Mar 31 14:34:35 IDT 2026, 519 W
Tue Mar 31 14:34:35 IDT 2026, 528 W
Tue Mar 31 14:34:35 IDT 2026, 517 W
Tue Mar 31 14:34:35 IDT 2026, 520 W
Tue Mar 31 14:34:35 IDT 2026, 520 W
Tue Mar 31 14:34:35 IDT 2026, 522 W
Tue Mar 31 14:34:35 IDT 2026, 518 W
Tue Mar 31 14:34:35 IDT 2026, 521 W
Tue Mar 31 14:34:36 IDT 2026, 502 W
Tue Mar 31 14:34:36 IDT 2026, 513 W
Tue Mar 31 14:34:36 IDT 2026, 500 W
Tue Mar 31 14:34:36 IDT 2026, 507 W
Tue Mar 31 14:34:36 IDT 2026, 503 W
Tue Mar 31 14:34:36 IDT 2026, 508 W
Tue Mar 31 14:34:36 IDT 2026, 509 W
Tue Mar 31 14:34:36 IDT 2026, 507 W
Tue Mar 31 14:34:37 IDT 2026, 501 W
Tue Mar 31 14:34:37 IDT 2026, 511 W
Tue Mar 31 14:34:37 IDT 2026, 498 W
Tue Mar 31 14:34:37 IDT 2026, 503 W
Tue Mar 31 14:34:37 IDT 2026, 502 W
Tue Mar 31 14:34:37 IDT 2026, 508 W
Tue Mar 31 14:34:37 IDT 2026, 507 W
Tue Mar 31 14:34:37 IDT 2026, 501 W
Tue Mar 31 14:34:38 IDT 2026, 502 W
Tue Mar 31 14:34:38 IDT 2026, 511 W
Tue Mar 31 14:34:38 IDT 2026, 504 W
Tue Mar 31 14:34:38 IDT 2026, 503 W
Tue Mar 31 14:34:38 IDT 2026, 507 W
Tue Mar 31 14:34:38 IDT 2026, 507 W
Tue Mar 31 14:34:38 IDT 2026, 504 W
Tue Mar 31 14:34:38 IDT 2026, 506 W
Tue Mar 31 14:34:39 IDT 2026, 500 W
Tue Mar 31 14:34:39 IDT 2026, 511 W
Tue Mar 31 14:34:39 IDT 2026, 501 W
Tue Mar 31 14:34:39 IDT 2026, 505 W
Tue Mar 31 14:34:39 IDT 2026, 505 W
Tue Mar 31 14:34:39 IDT 2026, 506 W
Tue Mar 31 14:34:39 IDT 2026, 504 W
Tue Mar 31 14:34:39 IDT 2026, 503 W
Tue Mar 31 14:34:40 IDT 2026, 481 W
Tue Mar 31 14:34:40 IDT 2026, 502 W
Tue Mar 31 14:34:40 IDT 2026, 493 W
Tue Mar 31 14:34:40 IDT 2026, 496 W
Tue Mar 31 14:34:40 IDT 2026, 492 W
Tue Mar 31 14:34:40 IDT 2026, 502 W
Tue Mar 31 14:34:40 IDT 2026, 497 W
Tue Mar 31 14:34:40 IDT 2026, 497 W
Tue Mar 31 14:34:41 IDT 2026, 501 W
Tue Mar 31 14:34:41 IDT 2026, 508 W
Tue Mar 31 14:34:41 IDT 2026, 502 W
Tue Mar 31 14:34:41 IDT 2026, 503 W
Tue Mar 31 14:34:41 IDT 2026, 502 W
Tue Mar 31 14:34:41 IDT 2026, 507 W
Tue Mar 31 14:34:41 IDT 2026, 505 W
Tue Mar 31 14:34:41 IDT 2026, 502 W
Tue Mar 31 14:34:42 IDT 2026, 497 W
Tue Mar 31 14:34:42 IDT 2026, 509 W
Tue Mar 31 14:34:42 IDT 2026, 498 W
Tue Mar 31 14:34:42 IDT 2026, 502 W
Tue Mar 31 14:34:42 IDT 2026, 502 W
Tue Mar 31 14:34:42 IDT 2026, 505 W
Tue Mar 31 14:34:42 IDT 2026, 504 W
Tue Mar 31 14:34:42 IDT 2026, 501 W
Tue Mar 31 14:34:43 IDT 2026, 251 W
Tue Mar 31 14:34:43 IDT 2026, 245 W
Tue Mar 31 14:34:43 IDT 2026, 243 W
Tue Mar 31 14:34:43 IDT 2026, 235 W
Tue Mar 31 14:34:43 IDT 2026, 242 W
Tue Mar 31 14:34:43 IDT 2026, 251 W
Tue Mar 31 14:34:43 IDT 2026, 238 W
Tue Mar 31 14:34:43 IDT 2026, 242 W
Tue Mar 31 14:34:44 IDT 2026, 523 W
Tue Mar 31 14:34:44 IDT 2026, 533 W
Tue Mar 31 14:34:44 IDT 2026, 524 W
Tue Mar 31 14:34:44 IDT 2026, 528 W
Tue Mar 31 14:34:44 IDT 2026, 525 W
Tue Mar 31 14:34:44 IDT 2026, 532 W
Tue Mar 31 14:34:44 IDT 2026, 531 W
Tue Mar 31 14:34:44 IDT 2026, 528 W
Tue Mar 31 14:34:45 IDT 2026, 527 W
Tue Mar 31 14:34:45 IDT 2026, 536 W
Tue Mar 31 14:34:45 IDT 2026, 525 W
Tue Mar 31 14:34:45 IDT 2026, 531 W
Tue Mar 31 14:34:45 IDT 2026, 528 W
Tue Mar 31 14:34:45 IDT 2026, 532 W
Tue Mar 31 14:34:45 IDT 2026, 533 W
Tue Mar 31 14:34:45 IDT 2026, 529 W
Tue Mar 31 14:34:46 IDT 2026, 526 W
Tue Mar 31 14:34:46 IDT 2026, 532 W
Tue Mar 31 14:34:46 IDT 2026, 525 W
Tue Mar 31 14:34:46 IDT 2026, 528 W
Tue Mar 31 14:34:46 IDT 2026, 529 W
Tue Mar 31 14:34:46 IDT 2026, 532 W
Tue Mar 31 14:34:46 IDT 2026, 527 W
Tue Mar 31 14:34:46 IDT 2026, 524 W
Tue Mar 31 14:34:47 IDT 2026, 528 W
Tue Mar 31 14:34:47 IDT 2026, 535 W
Tue Mar 31 14:34:47 IDT 2026, 526 W
Tue Mar 31 14:34:47 IDT 2026, 532 W
Tue Mar 31 14:34:47 IDT 2026, 527 W
Tue Mar 31 14:34:47 IDT 2026, 533 W
Tue Mar 31 14:34:47 IDT 2026, 532 W
Tue Mar 31 14:34:47 IDT 2026, 525 W
Tue Mar 31 14:34:48 IDT 2026, 522 W
Tue Mar 31 14:34:48 IDT 2026, 534 W
Tue Mar 31 14:34:48 IDT 2026, 524 W
Tue Mar 31 14:34:48 IDT 2026, 526 W
Tue Mar 31 14:34:48 IDT 2026, 525 W
Tue Mar 31 14:34:48 IDT 2026, 528 W
Tue Mar 31 14:34:48 IDT 2026, 529 W
Tue Mar 31 14:34:48 IDT 2026, 524 W
Tue Mar 31 14:34:49 IDT 2026, 524 W
Tue Mar 31 14:34:49 IDT 2026, 530 W
Tue Mar 31 14:34:49 IDT 2026, 524 W
Tue Mar 31 14:34:49 IDT 2026, 530 W
Tue Mar 31 14:34:49 IDT 2026, 523 W
Tue Mar 31 14:34:49 IDT 2026, 529 W
Tue Mar 31 14:34:49 IDT 2026, 530 W
Tue Mar 31 14:34:49 IDT 2026, 522 W
Tue Mar 31 14:34:50 IDT 2026, 518 W
Tue Mar 31 14:34:50 IDT 2026, 528 W
Tue Mar 31 14:34:50 IDT 2026, 516 W
Tue Mar 31 14:34:50 IDT 2026, 519 W
Tue Mar 31 14:34:50 IDT 2026, 517 W
Tue Mar 31 14:34:50 IDT 2026, 521 W
Tue Mar 31 14:34:50 IDT 2026, 526 W
Tue Mar 31 14:34:50 IDT 2026, 517 W
Tue Mar 31 14:34:51 IDT 2026, 517 W
Tue Mar 31 14:34:51 IDT 2026, 525 W
Tue Mar 31 14:34:51 IDT 2026, 519 W
Tue Mar 31 14:34:51 IDT 2026, 523 W
Tue Mar 31 14:34:51 IDT 2026, 519 W
Tue Mar 31 14:34:51 IDT 2026, 523 W
Tue Mar 31 14:34:51 IDT 2026, 527 W
Tue Mar 31 14:34:51 IDT 2026, 519 W
Tue Mar 31 14:34:52 IDT 2026, 522 W
Tue Mar 31 14:34:52 IDT 2026, 528 W
Tue Mar 31 14:34:52 IDT 2026, 517 W
Tue Mar 31 14:34:52 IDT 2026, 521 W
Tue Mar 31 14:34:52 IDT 2026, 522 W
Tue Mar 31 14:34:52 IDT 2026, 525 W
Tue Mar 31 14:34:52 IDT 2026, 523 W
Tue Mar 31 14:34:52 IDT 2026, 520 W
Tue Mar 31 14:34:53 IDT 2026, 502 W
Tue Mar 31 14:34:53 IDT 2026, 512 W
Tue Mar 31 14:34:53 IDT 2026, 502 W
Tue Mar 31 14:34:53 IDT 2026, 508 W
Tue Mar 31 14:34:53 IDT 2026, 502 W
Tue Mar 31 14:34:53 IDT 2026, 510 W
Tue Mar 31 14:34:53 IDT 2026, 508 W
Tue Mar 31 14:34:53 IDT 2026, 504 W
Tue Mar 31 14:34:54 IDT 2026, 503 W
Tue Mar 31 14:34:54 IDT 2026, 513 W
Tue Mar 31 14:34:54 IDT 2026, 504 W
Tue Mar 31 14:34:54 IDT 2026, 504 W
Tue Mar 31 14:34:54 IDT 2026, 506 W
Tue Mar 31 14:34:54 IDT 2026, 509 W
Tue Mar 31 14:34:54 IDT 2026, 505 W
Tue Mar 31 14:34:54 IDT 2026, 505 W
Tue Mar 31 14:34:55 IDT 2026, 501 W
Tue Mar 31 14:34:55 IDT 2026, 509 W
Tue Mar 31 14:34:55 IDT 2026, 502 W
Tue Mar 31 14:34:55 IDT 2026, 505 W
Tue Mar 31 14:34:55 IDT 2026, 504 W
Tue Mar 31 14:34:55 IDT 2026, 507 W
Tue Mar 31 14:34:55 IDT 2026, 508 W
Tue Mar 31 14:34:55 IDT 2026, 503 W
Tue Mar 31 14:34:56 IDT 2026, 427 W
Tue Mar 31 14:34:56 IDT 2026, 436 W
Tue Mar 31 14:34:56 IDT 2026, 423 W
Tue Mar 31 14:34:56 IDT 2026, 404 W
Tue Mar 31 14:34:56 IDT 2026, 434 W
Tue Mar 31 14:34:56 IDT 2026, 433 W
Tue Mar 31 14:34:56 IDT 2026, 431 W
Tue Mar 31 14:34:56 IDT 2026, 432 W
Tue Mar 31 14:34:57 IDT 2026, 381 W
Tue Mar 31 14:34:57 IDT 2026, 437 W
Tue Mar 31 14:34:57 IDT 2026, 378 W
Tue Mar 31 14:34:57 IDT 2026, 388 W
Tue Mar 31 14:34:57 IDT 2026, 435 W
Tue Mar 31 14:34:57 IDT 2026, 412 W
Tue Mar 31 14:34:57 IDT 2026, 394 W
Tue Mar 31 14:34:57 IDT 2026, 430 W
Tue Mar 31 14:34:58 IDT 2026, 473 W
Tue Mar 31 14:34:58 IDT 2026, 481 W
Tue Mar 31 14:34:58 IDT 2026, 472 W
Tue Mar 31 14:34:58 IDT 2026, 475 W
Tue Mar 31 14:34:58 IDT 2026, 472 W
Tue Mar 31 14:34:58 IDT 2026, 480 W
Tue Mar 31 14:34:58 IDT 2026, 480 W
Tue Mar 31 14:34:58 IDT 2026, 472 W
Tue Mar 31 14:34:59 IDT 2026, 466 W
Tue Mar 31 14:34:59 IDT 2026, 481 W
Tue Mar 31 14:34:59 IDT 2026, 468 W
Tue Mar 31 14:34:59 IDT 2026, 467 W
Tue Mar 31 14:34:59 IDT 2026, 475 W
Tue Mar 31 14:34:59 IDT 2026, 475 W
Tue Mar 31 14:34:59 IDT 2026, 469 W
Tue Mar 31 14:34:59 IDT 2026, 471 W
Tue Mar 31 14:35:00 IDT 2026, 469 W
Tue Mar 31 14:35:00 IDT 2026, 481 W
Tue Mar 31 14:35:00 IDT 2026, 452 W
Tue Mar 31 14:35:00 IDT 2026, 475 W
Tue Mar 31 14:35:00 IDT 2026, 473 W
Tue Mar 31 14:35:00 IDT 2026, 465 W
Tue Mar 31 14:35:00 IDT 2026, 475 W
Tue Mar 31 14:35:00 IDT 2026, 474 W
Tue Mar 31 14:35:01 IDT 2026, 423 W
Tue Mar 31 14:35:01 IDT 2026, 415 W
Tue Mar 31 14:35:01 IDT 2026, 425 W
Tue Mar 31 14:35:01 IDT 2026, 422 W
Tue Mar 31 14:35:01 IDT 2026, 402 W
Tue Mar 31 14:35:01 IDT 2026, 428 W
Tue Mar 31 14:35:01 IDT 2026, 424 W
Tue Mar 31 14:35:01 IDT 2026, 405 W
Tue Mar 31 14:35:02 IDT 2026, 386 W
Tue Mar 31 14:35:02 IDT 2026, 401 W
Tue Mar 31 14:35:02 IDT 2026, 370 W
Tue Mar 31 14:35:02 IDT 2026, 390 W
Tue Mar 31 14:35:02 IDT 2026, 385 W
Tue Mar 31 14:35:02 IDT 2026, 384 W
Tue Mar 31 14:35:02 IDT 2026, 405 W
Tue Mar 31 14:35:02 IDT 2026, 389 W
Tue Mar 31 14:35:03 IDT 2026, 232 W
Tue Mar 31 14:35:03 IDT 2026, 239 W
Tue Mar 31 14:35:03 IDT 2026, 232 W
Tue Mar 31 14:35:03 IDT 2026, 232 W
Tue Mar 31 14:35:03 IDT 2026, 234 W
Tue Mar 31 14:35:03 IDT 2026, 238 W
Tue Mar 31 14:35:03 IDT 2026, 237 W
Tue Mar 31 14:35:03 IDT 2026, 233 W
Tue Mar 31 14:35:04 IDT 2026, 525 W
Tue Mar 31 14:35:04 IDT 2026, 532 W
Tue Mar 31 14:35:04 IDT 2026, 523 W
Tue Mar 31 14:35:04 IDT 2026, 526 W
Tue Mar 31 14:35:04 IDT 2026, 528 W
Tue Mar 31 14:35:04 IDT 2026, 531 W
Tue Mar 31 14:35:04 IDT 2026, 529 W
Tue Mar 31 14:35:04 IDT 2026, 527 W
Tue Mar 31 14:35:05 IDT 2026, 526 W
Tue Mar 31 14:35:05 IDT 2026, 533 W
Tue Mar 31 14:35:05 IDT 2026, 521 W
Tue Mar 31 14:35:05 IDT 2026, 525 W
Tue Mar 31 14:35:05 IDT 2026, 523 W
Tue Mar 31 14:35:05 IDT 2026, 529 W
Tue Mar 31 14:35:05 IDT 2026, 526 W
Tue Mar 31 14:35:05 IDT 2026, 524 W
Tue Mar 31 14:35:06 IDT 2026, 527 W
Tue Mar 31 14:35:06 IDT 2026, 534 W
Tue Mar 31 14:35:06 IDT 2026, 528 W
Tue Mar 31 14:35:06 IDT 2026, 532 W
Tue Mar 31 14:35:06 IDT 2026, 530 W
Tue Mar 31 14:35:06 IDT 2026, 533 W
Tue Mar 31 14:35:06 IDT 2026, 530 W
Tue Mar 31 14:35:06 IDT 2026, 527 W
Tue Mar 31 14:35:07 IDT 2026, 526 W
Tue Mar 31 14:35:07 IDT 2026, 536 W
Tue Mar 31 14:35:07 IDT 2026, 525 W
Tue Mar 31 14:35:07 IDT 2026, 530 W
Tue Mar 31 14:35:07 IDT 2026, 530 W
Tue Mar 31 14:35:07 IDT 2026, 534 W
Tue Mar 31 14:35:07 IDT 2026, 533 W
Tue Mar 31 14:35:07 IDT 2026, 529 W
Tue Mar 31 14:35:08 IDT 2026, 522 W
Tue Mar 31 14:35:08 IDT 2026, 528 W
Tue Mar 31 14:35:08 IDT 2026, 521 W
Tue Mar 31 14:35:08 IDT 2026, 529 W
Tue Mar 31 14:35:08 IDT 2026, 521 W
Tue Mar 31 14:35:08 IDT 2026, 528 W
Tue Mar 31 14:35:08 IDT 2026, 528 W
Tue Mar 31 14:35:08 IDT 2026, 521 W
Tue Mar 31 14:35:09 IDT 2026, 503 W
Tue Mar 31 14:35:09 IDT 2026, 521 W
Tue Mar 31 14:35:09 IDT 2026, 506 W
Tue Mar 31 14:35:09 IDT 2026, 501 W
Tue Mar 31 14:35:09 IDT 2026, 512 W
Tue Mar 31 14:35:09 IDT 2026, 513 W
Tue Mar 31 14:35:09 IDT 2026, 506 W
Tue Mar 31 14:35:09 IDT 2026, 512 W
Tue Mar 31 14:35:10 IDT 2026, 517 W
Tue Mar 31 14:35:10 IDT 2026, 526 W
Tue Mar 31 14:35:10 IDT 2026, 516 W
Tue Mar 31 14:35:10 IDT 2026, 521 W
Tue Mar 31 14:35:10 IDT 2026, 518 W
Tue Mar 31 14:35:10 IDT 2026, 525 W
Tue Mar 31 14:35:10 IDT 2026, 520 W
Tue Mar 31 14:35:10 IDT 2026, 520 W
Tue Mar 31 14:35:11 IDT 2026, 518 W
Tue Mar 31 14:35:11 IDT 2026, 530 W
Tue Mar 31 14:35:11 IDT 2026, 516 W
Tue Mar 31 14:35:11 IDT 2026, 521 W
Tue Mar 31 14:35:11 IDT 2026, 519 W
Tue Mar 31 14:35:11 IDT 2026, 525 W
Tue Mar 31 14:35:11 IDT 2026, 521 W
Tue Mar 31 14:35:11 IDT 2026, 520 W
Tue Mar 31 14:35:12 IDT 2026, 521 W
Tue Mar 31 14:35:12 IDT 2026, 525 W
Tue Mar 31 14:35:12 IDT 2026, 516 W
Tue Mar 31 14:35:12 IDT 2026, 521 W
Tue Mar 31 14:35:12 IDT 2026, 518 W
Tue Mar 31 14:35:12 IDT 2026, 523 W
Tue Mar 31 14:35:12 IDT 2026, 519 W
Tue Mar 31 14:35:12 IDT 2026, 522 W
Tue Mar 31 14:35:13 IDT 2026, 517 W
Tue Mar 31 14:35:13 IDT 2026, 518 W
Tue Mar 31 14:35:13 IDT 2026, 517 W
Tue Mar 31 14:35:13 IDT 2026, 514 W
Tue Mar 31 14:35:13 IDT 2026, 516 W
Tue Mar 31 14:35:13 IDT 2026, 520 W
Tue Mar 31 14:35:13 IDT 2026, 517 W
Tue Mar 31 14:35:13 IDT 2026, 516 W
Tue Mar 31 14:35:14 IDT 2026, 517 W
Tue Mar 31 14:35:14 IDT 2026, 527 W
Tue Mar 31 14:35:14 IDT 2026, 519 W
Tue Mar 31 14:35:14 IDT 2026, 521 W
Tue Mar 31 14:35:14 IDT 2026, 516 W
Tue Mar 31 14:35:14 IDT 2026, 521 W
Tue Mar 31 14:35:14 IDT 2026, 523 W
Tue Mar 31 14:35:14 IDT 2026, 520 W
Tue Mar 31 14:35:15 IDT 2026, 520 W
Tue Mar 31 14:35:15 IDT 2026, 527 W
Tue Mar 31 14:35:15 IDT 2026, 519 W
Tue Mar 31 14:35:15 IDT 2026, 520 W
Tue Mar 31 14:35:15 IDT 2026, 520 W
Tue Mar 31 14:35:15 IDT 2026, 527 W
Tue Mar 31 14:35:15 IDT 2026, 523 W
Tue Mar 31 14:35:15 IDT 2026, 519 W
Tue Mar 31 14:35:16 IDT 2026, 517 W
Tue Mar 31 14:35:16 IDT 2026, 526 W
Tue Mar 31 14:35:16 IDT 2026, 515 W
Tue Mar 31 14:35:16 IDT 2026, 520 W
Tue Mar 31 14:35:16 IDT 2026, 518 W
Tue Mar 31 14:35:16 IDT 2026, 520 W
Tue Mar 31 14:35:16 IDT 2026, 521 W
Tue Mar 31 14:35:16 IDT 2026, 518 W
Tue Mar 31 14:35:17 IDT 2026, 446 W
Tue Mar 31 14:35:17 IDT 2026, 465 W
Tue Mar 31 14:35:17 IDT 2026, 453 W
Tue Mar 31 14:35:17 IDT 2026, 433 W
Tue Mar 31 14:35:17 IDT 2026, 447 W
Tue Mar 31 14:35:17 IDT 2026, 446 W
Tue Mar 31 14:35:17 IDT 2026, 439 W
Tue Mar 31 14:35:17 IDT 2026, 431 W
Tue Mar 31 14:35:18 IDT 2026, 461 W
Tue Mar 31 14:35:18 IDT 2026, 494 W
Tue Mar 31 14:35:18 IDT 2026, 496 W
Tue Mar 31 14:35:18 IDT 2026, 481 W
Tue Mar 31 14:35:18 IDT 2026, 502 W
Tue Mar 31 14:35:18 IDT 2026, 503 W
Tue Mar 31 14:35:18 IDT 2026, 484 W
Tue Mar 31 14:35:18 IDT 2026, 498 W
Tue Mar 31 14:35:19 IDT 2026, 488 W
Tue Mar 31 14:35:19 IDT 2026, 499 W
Tue Mar 31 14:35:19 IDT 2026, 502 W
Tue Mar 31 14:35:19 IDT 2026, 489 W
Tue Mar 31 14:35:19 IDT 2026, 493 W
Tue Mar 31 14:35:19 IDT 2026, 511 W
Tue Mar 31 14:35:19 IDT 2026, 492 W
Tue Mar 31 14:35:19 IDT 2026, 506 W
Tue Mar 31 14:35:20 IDT 2026, 501 W
Tue Mar 31 14:35:20 IDT 2026, 513 W
Tue Mar 31 14:35:20 IDT 2026, 503 W
Tue Mar 31 14:35:20 IDT 2026, 504 W
Tue Mar 31 14:35:20 IDT 2026, 505 W
Tue Mar 31 14:35:20 IDT 2026, 513 W
Tue Mar 31 14:35:20 IDT 2026, 508 W
Tue Mar 31 14:35:20 IDT 2026, 507 W
Tue Mar 31 14:35:21 IDT 2026, 476 W
Tue Mar 31 14:35:21 IDT 2026, 491 W
Tue Mar 31 14:35:21 IDT 2026, 481 W
Tue Mar 31 14:35:21 IDT 2026, 472 W
Tue Mar 31 14:35:21 IDT 2026, 480 W
Tue Mar 31 14:35:21 IDT 2026, 485 W
Tue Mar 31 14:35:21 IDT 2026, 480 W
Tue Mar 31 14:35:21 IDT 2026, 477 W
Tue Mar 31 14:35:22 IDT 2026, 503 W
Tue Mar 31 14:35:22 IDT 2026, 510 W
Tue Mar 31 14:35:22 IDT 2026, 501 W
Tue Mar 31 14:35:22 IDT 2026, 507 W
Tue Mar 31 14:35:22 IDT 2026, 502 W
Tue Mar 31 14:35:22 IDT 2026, 507 W
Tue Mar 31 14:35:22 IDT 2026, 507 W
Tue Mar 31 14:35:22 IDT 2026, 502 W
Tue Mar 31 14:35:23 IDT 2026, 507 W
Tue Mar 31 14:35:23 IDT 2026, 513 W
Tue Mar 31 14:35:23 IDT 2026, 506 W
Tue Mar 31 14:35:23 IDT 2026, 507 W
Tue Mar 31 14:35:23 IDT 2026, 504 W
Tue Mar 31 14:35:23 IDT 2026, 512 W
Tue Mar 31 14:35:23 IDT 2026, 511 W
Tue Mar 31 14:35:23 IDT 2026, 503 W
Tue Mar 31 14:35:24 IDT 2026, 508 W
Tue Mar 31 14:35:24 IDT 2026, 513 W
Tue Mar 31 14:35:24 IDT 2026, 503 W
Tue Mar 31 14:35:24 IDT 2026, 509 W
Tue Mar 31 14:35:24 IDT 2026, 506 W
Tue Mar 31 14:35:24 IDT 2026, 512 W
Tue Mar 31 14:35:24 IDT 2026, 512 W
Tue Mar 31 14:35:24 IDT 2026, 503 W
Tue Mar 31 14:35:25 IDT 2026, 231 W
Tue Mar 31 14:35:25 IDT 2026, 237 W
Tue Mar 31 14:35:25 IDT 2026, 231 W
Tue Mar 31 14:35:25 IDT 2026, 231 W
Tue Mar 31 14:35:25 IDT 2026, 233 W
Tue Mar 31 14:35:25 IDT 2026, 235 W
Tue Mar 31 14:35:25 IDT 2026, 235 W
Tue Mar 31 14:35:25 IDT 2026, 232 W
Tue Mar 31 14:35:26 IDT 2026, 529 W
Tue Mar 31 14:35:26 IDT 2026, 535 W
Tue Mar 31 14:35:26 IDT 2026, 528 W
Tue Mar 31 14:35:26 IDT 2026, 531 W
Tue Mar 31 14:35:26 IDT 2026, 530 W
Tue Mar 31 14:35:26 IDT 2026, 536 W
Tue Mar 31 14:35:26 IDT 2026, 531 W
Tue Mar 31 14:35:26 IDT 2026, 529 W
Tue Mar 31 14:35:27 IDT 2026, 526 W
Tue Mar 31 14:35:27 IDT 2026, 532 W
Tue Mar 31 14:35:27 IDT 2026, 524 W
Tue Mar 31 14:35:27 IDT 2026, 529 W
Tue Mar 31 14:35:27 IDT 2026, 525 W
Tue Mar 31 14:35:27 IDT 2026, 533 W
Tue Mar 31 14:35:27 IDT 2026, 528 W
Tue Mar 31 14:35:27 IDT 2026, 523 W
Tue Mar 31 14:35:28 IDT 2026, 528 W
Tue Mar 31 14:35:28 IDT 2026, 537 W
Tue Mar 31 14:35:28 IDT 2026, 526 W
Tue Mar 31 14:35:28 IDT 2026, 532 W
Tue Mar 31 14:35:28 IDT 2026, 529 W
Tue Mar 31 14:35:28 IDT 2026, 535 W
Tue Mar 31 14:35:28 IDT 2026, 529 W
Tue Mar 31 14:35:28 IDT 2026, 528 W
Tue Mar 31 14:35:29 IDT 2026, 525 W
Tue Mar 31 14:35:29 IDT 2026, 533 W
Tue Mar 31 14:35:29 IDT 2026, 523 W
Tue Mar 31 14:35:29 IDT 2026, 527 W
Tue Mar 31 14:35:29 IDT 2026, 526 W
Tue Mar 31 14:35:29 IDT 2026, 531 W
Tue Mar 31 14:35:29 IDT 2026, 527 W
Tue Mar 31 14:35:29 IDT 2026, 525 W
Tue Mar 31 14:35:30 IDT 2026, 527 W
Tue Mar 31 14:35:30 IDT 2026, 536 W
Tue Mar 31 14:35:30 IDT 2026, 525 W
Tue Mar 31 14:35:30 IDT 2026, 531 W
Tue Mar 31 14:35:30 IDT 2026, 527 W
Tue Mar 31 14:35:30 IDT 2026, 532 W
Tue Mar 31 14:35:30 IDT 2026, 533 W
Tue Mar 31 14:35:30 IDT 2026, 528 W
Tue Mar 31 14:35:31 IDT 2026, 519 W
Tue Mar 31 14:35:31 IDT 2026, 531 W
Tue Mar 31 14:35:31 IDT 2026, 525 W
Tue Mar 31 14:35:31 IDT 2026, 524 W
Tue Mar 31 14:35:31 IDT 2026, 522 W
Tue Mar 31 14:35:31 IDT 2026, 529 W
Tue Mar 31 14:35:31 IDT 2026, 526 W
Tue Mar 31 14:35:31 IDT 2026, 524 W
Tue Mar 31 14:35:32 IDT 2026, 499 W
Tue Mar 31 14:35:32 IDT 2026, 512 W
Tue Mar 31 14:35:32 IDT 2026, 505 W
Tue Mar 31 14:35:32 IDT 2026, 503 W
Tue Mar 31 14:35:32 IDT 2026, 506 W
Tue Mar 31 14:35:32 IDT 2026, 513 W
Tue Mar 31 14:35:32 IDT 2026, 506 W
Tue Mar 31 14:35:32 IDT 2026, 508 W
Tue Mar 31 14:35:33 IDT 2026, 504 W
Tue Mar 31 14:35:33 IDT 2026, 513 W
Tue Mar 31 14:35:33 IDT 2026, 503 W
Tue Mar 31 14:35:33 IDT 2026, 505 W
Tue Mar 31 14:35:33 IDT 2026, 505 W
Tue Mar 31 14:35:33 IDT 2026, 509 W
Tue Mar 31 14:35:33 IDT 2026, 508 W
Tue Mar 31 14:35:33 IDT 2026, 502 W
Tue Mar 31 14:35:34 IDT 2026, 502 W
Tue Mar 31 14:35:34 IDT 2026, 504 W
Tue Mar 31 14:35:34 IDT 2026, 493 W
Tue Mar 31 14:35:34 IDT 2026, 507 W
Tue Mar 31 14:35:34 IDT 2026, 498 W
Tue Mar 31 14:35:34 IDT 2026, 499 W
Tue Mar 31 14:35:34 IDT 2026, 506 W
Tue Mar 31 14:35:34 IDT 2026, 498 W
Tue Mar 31 14:35:35 IDT 2026, 503 W
Tue Mar 31 14:35:35 IDT 2026, 513 W
Tue Mar 31 14:35:35 IDT 2026, 500 W
Tue Mar 31 14:35:35 IDT 2026, 505 W
Tue Mar 31 14:35:35 IDT 2026, 504 W
Tue Mar 31 14:35:35 IDT 2026, 507 W
Tue Mar 31 14:35:35 IDT 2026, 511 W
Tue Mar 31 14:35:35 IDT 2026, 501 W
Tue Mar 31 14:35:36 IDT 2026, 505 W
Tue Mar 31 14:35:36 IDT 2026, 516 W
Tue Mar 31 14:35:36 IDT 2026, 506 W
Tue Mar 31 14:35:36 IDT 2026, 508 W
Tue Mar 31 14:35:36 IDT 2026, 508 W
Tue Mar 31 14:35:36 IDT 2026, 512 W
Tue Mar 31 14:35:36 IDT 2026, 509 W
Tue Mar 31 14:35:36 IDT 2026, 507 W
Tue Mar 31 14:35:37 IDT 2026, 505 W
Tue Mar 31 14:35:37 IDT 2026, 512 W
Tue Mar 31 14:35:37 IDT 2026, 503 W
Tue Mar 31 14:35:37 IDT 2026, 508 W
Tue Mar 31 14:35:37 IDT 2026, 506 W
Tue Mar 31 14:35:37 IDT 2026, 511 W
Tue Mar 31 14:35:37 IDT 2026, 509 W
Tue Mar 31 14:35:37 IDT 2026, 503 W
Tue Mar 31 14:35:38 IDT 2026, 506 W
Tue Mar 31 14:35:38 IDT 2026, 517 W
Tue Mar 31 14:35:38 IDT 2026, 505 W
Tue Mar 31 14:35:38 IDT 2026, 506 W
Tue Mar 31 14:35:38 IDT 2026, 509 W
Tue Mar 31 14:35:38 IDT 2026, 515 W
Tue Mar 31 14:35:38 IDT 2026, 509 W
Tue Mar 31 14:35:38 IDT 2026, 509 W
Tue Mar 31 14:35:39 IDT 2026, 499 W
Tue Mar 31 14:35:39 IDT 2026, 511 W
Tue Mar 31 14:35:39 IDT 2026, 501 W
Tue Mar 31 14:35:39 IDT 2026, 503 W
Tue Mar 31 14:35:39 IDT 2026, 505 W
Tue Mar 31 14:35:39 IDT 2026, 507 W
Tue Mar 31 14:35:39 IDT 2026, 503 W
Tue Mar 31 14:35:39 IDT 2026, 503 W
Tue Mar 31 14:35:40 IDT 2026, 490 W
Tue Mar 31 14:35:40 IDT 2026, 501 W
Tue Mar 31 14:35:40 IDT 2026, 480 W
Tue Mar 31 14:35:40 IDT 2026, 487 W
Tue Mar 31 14:35:40 IDT 2026, 488 W
Tue Mar 31 14:35:40 IDT 2026, 484 W
Tue Mar 31 14:35:40 IDT 2026, 488 W
Tue Mar 31 14:35:40 IDT 2026, 487 W
Tue Mar 31 14:35:41 IDT 2026, 503 W
Tue Mar 31 14:35:41 IDT 2026, 501 W
Tue Mar 31 14:35:41 IDT 2026, 504 W
Tue Mar 31 14:35:41 IDT 2026, 507 W
Tue Mar 31 14:35:41 IDT 2026, 505 W
Tue Mar 31 14:35:41 IDT 2026, 512 W
Tue Mar 31 14:35:41 IDT 2026, 504 W
Tue Mar 31 14:35:41 IDT 2026, 506 W
Tue Mar 31 14:35:42 IDT 2026, 483 W
Tue Mar 31 14:35:42 IDT 2026, 480 W
Tue Mar 31 14:35:42 IDT 2026, 498 W
Tue Mar 31 14:35:42 IDT 2026, 491 W
Tue Mar 31 14:35:42 IDT 2026, 500 W
Tue Mar 31 14:35:42 IDT 2026, 499 W
Tue Mar 31 14:35:42 IDT 2026, 491 W
Tue Mar 31 14:35:42 IDT 2026, 498 W
Tue Mar 31 14:35:43 IDT 2026, 501 W
Tue Mar 31 14:35:43 IDT 2026, 510 W
Tue Mar 31 14:35:43 IDT 2026, 500 W
Tue Mar 31 14:35:43 IDT 2026, 505 W
Tue Mar 31 14:35:43 IDT 2026, 502 W
Tue Mar 31 14:35:43 IDT 2026, 506 W
Tue Mar 31 14:35:43 IDT 2026, 506 W
Tue Mar 31 14:35:43 IDT 2026, 503 W
Tue Mar 31 14:35:44 IDT 2026, 506 W
Tue Mar 31 14:35:44 IDT 2026, 515 W
Tue Mar 31 14:35:44 IDT 2026, 506 W
Tue Mar 31 14:35:44 IDT 2026, 509 W
Tue Mar 31 14:35:44 IDT 2026, 504 W
Tue Mar 31 14:35:44 IDT 2026, 512 W
Tue Mar 31 14:35:44 IDT 2026, 511 W
Tue Mar 31 14:35:44 IDT 2026, 507 W
Tue Mar 31 14:35:45 IDT 2026, 503 W
Tue Mar 31 14:35:45 IDT 2026, 511 W
Tue Mar 31 14:35:45 IDT 2026, 502 W
Tue Mar 31 14:35:45 IDT 2026, 504 W
Tue Mar 31 14:35:45 IDT 2026, 504 W
Tue Mar 31 14:35:45 IDT 2026, 509 W
Tue Mar 31 14:35:45 IDT 2026, 508 W
Tue Mar 31 14:35:45 IDT 2026, 503 W
Tue Mar 31 14:35:46 IDT 2026, 231 W
Tue Mar 31 14:35:46 IDT 2026, 238 W
Tue Mar 31 14:35:46 IDT 2026, 232 W
Tue Mar 31 14:35:46 IDT 2026, 231 W
Tue Mar 31 14:35:46 IDT 2026, 233 W
Tue Mar 31 14:35:46 IDT 2026, 236 W
Tue Mar 31 14:35:46 IDT 2026, 234 W
Tue Mar 31 14:35:46 IDT 2026, 233 W
Tue Mar 31 14:35:47 IDT 2026, 523 W
Tue Mar 31 14:35:47 IDT 2026, 532 W
Tue Mar 31 14:35:47 IDT 2026, 523 W
Tue Mar 31 14:35:47 IDT 2026, 525 W
Tue Mar 31 14:35:47 IDT 2026, 527 W
Tue Mar 31 14:35:47 IDT 2026, 534 W
Tue Mar 31 14:35:47 IDT 2026, 528 W
Tue Mar 31 14:35:47 IDT 2026, 524 W
Tue Mar 31 14:35:48 IDT 2026, 525 W
Tue Mar 31 14:35:48 IDT 2026, 535 W
Tue Mar 31 14:35:48 IDT 2026, 527 W
Tue Mar 31 14:35:48 IDT 2026, 529 W
Tue Mar 31 14:35:48 IDT 2026, 528 W
Tue Mar 31 14:35:48 IDT 2026, 533 W
Tue Mar 31 14:35:48 IDT 2026, 530 W
Tue Mar 31 14:35:48 IDT 2026, 528 W
Tue Mar 31 14:35:49 IDT 2026, 527 W
Tue Mar 31 14:35:49 IDT 2026, 537 W
Tue Mar 31 14:35:49 IDT 2026, 528 W
Tue Mar 31 14:35:49 IDT 2026, 527 W
Tue Mar 31 14:35:49 IDT 2026, 528 W
Tue Mar 31 14:35:49 IDT 2026, 533 W
Tue Mar 31 14:35:49 IDT 2026, 530 W
Tue Mar 31 14:35:49 IDT 2026, 528 W
Tue Mar 31 14:35:50 IDT 2026, 526 W
Tue Mar 31 14:35:50 IDT 2026, 536 W
Tue Mar 31 14:35:50 IDT 2026, 525 W
Tue Mar 31 14:35:50 IDT 2026, 532 W
Tue Mar 31 14:35:50 IDT 2026, 527 W
Tue Mar 31 14:35:50 IDT 2026, 532 W
Tue Mar 31 14:35:50 IDT 2026, 533 W
Tue Mar 31 14:35:50 IDT 2026, 527 W
Tue Mar 31 14:35:51 IDT 2026, 523 W
Tue Mar 31 14:35:51 IDT 2026, 532 W
Tue Mar 31 14:35:51 IDT 2026, 523 W
Tue Mar 31 14:35:51 IDT 2026, 528 W
Tue Mar 31 14:35:51 IDT 2026, 526 W
Tue Mar 31 14:35:51 IDT 2026, 531 W
Tue Mar 31 14:35:51 IDT 2026, 529 W
Tue Mar 31 14:35:51 IDT 2026, 525 W
Tue Mar 31 14:35:52 IDT 2026, 521 W
Tue Mar 31 14:35:52 IDT 2026, 532 W
Tue Mar 31 14:35:52 IDT 2026, 522 W
Tue Mar 31 14:35:52 IDT 2026, 528 W
Tue Mar 31 14:35:52 IDT 2026, 526 W
Tue Mar 31 14:35:52 IDT 2026, 529 W
Tue Mar 31 14:35:52 IDT 2026, 528 W
Tue Mar 31 14:35:52 IDT 2026, 524 W
Tue Mar 31 14:35:53 IDT 2026, 497 W
Tue Mar 31 14:35:53 IDT 2026, 514 W
Tue Mar 31 14:35:53 IDT 2026, 502 W
Tue Mar 31 14:35:53 IDT 2026, 500 W
Tue Mar 31 14:35:53 IDT 2026, 507 W
Tue Mar 31 14:35:53 IDT 2026, 506 W
Tue Mar 31 14:35:53 IDT 2026, 498 W
Tue Mar 31 14:35:53 IDT 2026, 504 W
Tue Mar 31 14:35:54 IDT 2026, 475 W
Tue Mar 31 14:35:54 IDT 2026, 483 W
Tue Mar 31 14:35:54 IDT 2026, 472 W
Tue Mar 31 14:35:54 IDT 2026, 479 W
Tue Mar 31 14:35:54 IDT 2026, 473 W
Tue Mar 31 14:35:54 IDT 2026, 479 W
Tue Mar 31 14:35:54 IDT 2026, 478 W
Tue Mar 31 14:35:54 IDT 2026, 471 W
Tue Mar 31 14:35:55 IDT 2026, 473 W
Tue Mar 31 14:35:55 IDT 2026, 477 W
Tue Mar 31 14:35:55 IDT 2026, 470 W
Tue Mar 31 14:35:55 IDT 2026, 476 W
Tue Mar 31 14:35:55 IDT 2026, 470 W
Tue Mar 31 14:35:55 IDT 2026, 479 W
Tue Mar 31 14:35:55 IDT 2026, 477 W
Tue Mar 31 14:35:55 IDT 2026, 471 W
Tue Mar 31 14:35:56 IDT 2026, 474 W
Tue Mar 31 14:35:56 IDT 2026, 480 W
Tue Mar 31 14:35:56 IDT 2026, 474 W
Tue Mar 31 14:35:56 IDT 2026, 477 W
Tue Mar 31 14:35:56 IDT 2026, 475 W
Tue Mar 31 14:35:56 IDT 2026, 480 W
Tue Mar 31 14:35:56 IDT 2026, 477 W
Tue Mar 31 14:35:56 IDT 2026, 472 W
Tue Mar 31 14:35:57 IDT 2026, 476 W
Tue Mar 31 14:35:57 IDT 2026, 485 W
Tue Mar 31 14:35:57 IDT 2026, 472 W
Tue Mar 31 14:35:57 IDT 2026, 478 W
Tue Mar 31 14:35:57 IDT 2026, 472 W
Tue Mar 31 14:35:57 IDT 2026, 477 W
Tue Mar 31 14:35:57 IDT 2026, 480 W
Tue Mar 31 14:35:57 IDT 2026, 474 W
Tue Mar 31 14:35:58 IDT 2026, 471 W
Tue Mar 31 14:35:58 IDT 2026, 481 W
Tue Mar 31 14:35:58 IDT 2026, 471 W
Tue Mar 31 14:35:58 IDT 2026, 475 W
Tue Mar 31 14:35:58 IDT 2026, 470 W
Tue Mar 31 14:35:58 IDT 2026, 479 W
Tue Mar 31 14:35:58 IDT 2026, 478 W
Tue Mar 31 14:35:58 IDT 2026, 474 W
Tue Mar 31 14:35:59 IDT 2026, 447 W
Tue Mar 31 14:35:59 IDT 2026, 463 W
Tue Mar 31 14:35:59 IDT 2026, 442 W
Tue Mar 31 14:35:59 IDT 2026, 447 W
Tue Mar 31 14:35:59 IDT 2026, 455 W
Tue Mar 31 14:35:59 IDT 2026, 453 W
Tue Mar 31 14:35:59 IDT 2026, 458 W
Tue Mar 31 14:35:59 IDT 2026, 458 W
Tue Mar 31 14:36:00 IDT 2026, 474 W
Tue Mar 31 14:36:00 IDT 2026, 483 W
Tue Mar 31 14:36:00 IDT 2026, 476 W
Tue Mar 31 14:36:00 IDT 2026, 477 W
Tue Mar 31 14:36:00 IDT 2026, 476 W
Tue Mar 31 14:36:00 IDT 2026, 480 W
Tue Mar 31 14:36:00 IDT 2026, 478 W
Tue Mar 31 14:36:00 IDT 2026, 473 W
Tue Mar 31 14:36:01 IDT 2026, 449 W
Tue Mar 31 14:36:01 IDT 2026, 441 W
Tue Mar 31 14:36:01 IDT 2026, 470 W
Tue Mar 31 14:36:01 IDT 2026, 451 W
Tue Mar 31 14:36:01 IDT 2026, 452 W
Tue Mar 31 14:36:01 IDT 2026, 465 W
Tue Mar 31 14:36:01 IDT 2026, 449 W
Tue Mar 31 14:36:01 IDT 2026, 464 W
Tue Mar 31 14:36:02 IDT 2026, 470 W
Tue Mar 31 14:36:02 IDT 2026, 478 W
Tue Mar 31 14:36:02 IDT 2026, 467 W
Tue Mar 31 14:36:02 IDT 2026, 473 W
Tue Mar 31 14:36:02 IDT 2026, 471 W
Tue Mar 31 14:36:02 IDT 2026, 473 W
Tue Mar 31 14:36:02 IDT 2026, 472 W
Tue Mar 31 14:36:02 IDT 2026, 467 W
Tue Mar 31 14:36:03 IDT 2026, 403 W
Tue Mar 31 14:36:03 IDT 2026, 414 W
Tue Mar 31 14:36:03 IDT 2026, 408 W
Tue Mar 31 14:36:03 IDT 2026, 390 W
Tue Mar 31 14:36:03 IDT 2026, 411 W
Tue Mar 31 14:36:03 IDT 2026, 429 W
Tue Mar 31 14:36:03 IDT 2026, 410 W
Tue Mar 31 14:36:03 IDT 2026, 414 W
Tue Mar 31 14:36:04 IDT 2026, 441 W
Tue Mar 31 14:36:04 IDT 2026, 434 W
Tue Mar 31 14:36:04 IDT 2026, 431 W
Tue Mar 31 14:36:04 IDT 2026, 438 W
Tue Mar 31 14:36:04 IDT 2026, 415 W
Tue Mar 31 14:36:04 IDT 2026, 435 W
Tue Mar 31 14:36:04 IDT 2026, 439 W
Tue Mar 31 14:36:04 IDT 2026, 433 W
Tue Mar 31 14:36:05 IDT 2026, 231 W
Tue Mar 31 14:36:05 IDT 2026, 237 W
Tue Mar 31 14:36:05 IDT 2026, 231 W
Tue Mar 31 14:36:05 IDT 2026, 231 W
Tue Mar 31 14:36:05 IDT 2026, 233 W
Tue Mar 31 14:36:05 IDT 2026, 236 W
Tue Mar 31 14:36:05 IDT 2026, 234 W
Tue Mar 31 14:36:05 IDT 2026, 232 W
Tue Mar 31 14:36:06 IDT 2026, 527 W
Tue Mar 31 14:36:06 IDT 2026, 532 W
Tue Mar 31 14:36:06 IDT 2026, 525 W
Tue Mar 31 14:36:06 IDT 2026, 527 W
Tue Mar 31 14:36:06 IDT 2026, 526 W
Tue Mar 31 14:36:06 IDT 2026, 531 W
Tue Mar 31 14:36:06 IDT 2026, 529 W
Tue Mar 31 14:36:06 IDT 2026, 526 W
Tue Mar 31 14:36:07 IDT 2026, 527 W
Tue Mar 31 14:36:07 IDT 2026, 539 W
Tue Mar 31 14:36:07 IDT 2026, 527 W
Tue Mar 31 14:36:07 IDT 2026, 530 W
Tue Mar 31 14:36:07 IDT 2026, 529 W
Tue Mar 31 14:36:07 IDT 2026, 535 W
Tue Mar 31 14:36:07 IDT 2026, 531 W
Tue Mar 31 14:36:07 IDT 2026, 531 W
Tue Mar 31 14:36:08 IDT 2026, 530 W
Tue Mar 31 14:36:08 IDT 2026, 538 W
Tue Mar 31 14:36:08 IDT 2026, 529 W
Tue Mar 31 14:36:08 IDT 2026, 532 W
Tue Mar 31 14:36:08 IDT 2026, 528 W
Tue Mar 31 14:36:08 IDT 2026, 534 W
Tue Mar 31 14:36:08 IDT 2026, 534 W
Tue Mar 31 14:36:08 IDT 2026, 529 W
Tue Mar 31 14:36:09 IDT 2026, 525 W
Tue Mar 31 14:36:09 IDT 2026, 534 W
Tue Mar 31 14:36:09 IDT 2026, 526 W
Tue Mar 31 14:36:09 IDT 2026, 529 W
Tue Mar 31 14:36:09 IDT 2026, 529 W
Tue Mar 31 14:36:09 IDT 2026, 530 W
Tue Mar 31 14:36:09 IDT 2026, 532 W
Tue Mar 31 14:36:09 IDT 2026, 527 W
Tue Mar 31 14:36:10 IDT 2026, 529 W
Tue Mar 31 14:36:10 IDT 2026, 539 W
Tue Mar 31 14:36:10 IDT 2026, 530 W
Tue Mar 31 14:36:10 IDT 2026, 532 W
Tue Mar 31 14:36:10 IDT 2026, 531 W
Tue Mar 31 14:36:10 IDT 2026, 535 W
Tue Mar 31 14:36:10 IDT 2026, 535 W
Tue Mar 31 14:36:10 IDT 2026, 529 W
Tue Mar 31 14:36:11 IDT 2026, 525 W
Tue Mar 31 14:36:11 IDT 2026, 531 W
Tue Mar 31 14:36:11 IDT 2026, 523 W
Tue Mar 31 14:36:11 IDT 2026, 527 W
Tue Mar 31 14:36:11 IDT 2026, 525 W
Tue Mar 31 14:36:11 IDT 2026, 531 W
Tue Mar 31 14:36:11 IDT 2026, 523 W
Tue Mar 31 14:36:11 IDT 2026, 527 W
Tue Mar 31 14:36:12 IDT 2026, 478 W
Tue Mar 31 14:36:12 IDT 2026, 531 W
Tue Mar 31 14:36:12 IDT 2026, 496 W
Tue Mar 31 14:36:12 IDT 2026, 476 W
Tue Mar 31 14:36:12 IDT 2026, 494 W
Tue Mar 31 14:36:12 IDT 2026, 498 W
Tue Mar 31 14:36:12 IDT 2026, 489 W
Tue Mar 31 14:36:12 IDT 2026, 504 W
Tue Mar 31 14:36:13 IDT 2026, 524 W
Tue Mar 31 14:36:13 IDT 2026, 533 W
Tue Mar 31 14:36:13 IDT 2026, 523 W
Tue Mar 31 14:36:13 IDT 2026, 527 W
Tue Mar 31 14:36:13 IDT 2026, 527 W
Tue Mar 31 14:36:13 IDT 2026, 532 W
Tue Mar 31 14:36:13 IDT 2026, 529 W
Tue Mar 31 14:36:13 IDT 2026, 527 W
Tue Mar 31 14:36:14 IDT 2026, 519 W
Tue Mar 31 14:36:14 IDT 2026, 528 W
Tue Mar 31 14:36:14 IDT 2026, 520 W
Tue Mar 31 14:36:14 IDT 2026, 519 W
Tue Mar 31 14:36:14 IDT 2026, 522 W
Tue Mar 31 14:36:14 IDT 2026, 528 W
Tue Mar 31 14:36:14 IDT 2026, 521 W
Tue Mar 31 14:36:14 IDT 2026, 524 W
Tue Mar 31 14:36:15 IDT 2026, 522 W
Tue Mar 31 14:36:15 IDT 2026, 531 W
Tue Mar 31 14:36:15 IDT 2026, 517 W
Tue Mar 31 14:36:15 IDT 2026, 524 W
Tue Mar 31 14:36:15 IDT 2026, 521 W
Tue Mar 31 14:36:15 IDT 2026, 526 W
Tue Mar 31 14:36:15 IDT 2026, 524 W
Tue Mar 31 14:36:15 IDT 2026, 518 W
Tue Mar 31 14:36:16 IDT 2026, 521 W
Tue Mar 31 14:36:16 IDT 2026, 532 W
Tue Mar 31 14:36:16 IDT 2026, 517 W
Tue Mar 31 14:36:16 IDT 2026, 523 W
Tue Mar 31 14:36:16 IDT 2026, 522 W
Tue Mar 31 14:36:16 IDT 2026, 525 W
Tue Mar 31 14:36:16 IDT 2026, 527 W
Tue Mar 31 14:36:16 IDT 2026, 520 W
Tue Mar 31 14:36:17 IDT 2026, 522 W
Tue Mar 31 14:36:17 IDT 2026, 527 W
Tue Mar 31 14:36:17 IDT 2026, 518 W
Tue Mar 31 14:36:17 IDT 2026, 522 W
Tue Mar 31 14:36:17 IDT 2026, 523 W
Tue Mar 31 14:36:17 IDT 2026, 525 W
Tue Mar 31 14:36:17 IDT 2026, 526 W
Tue Mar 31 14:36:17 IDT 2026, 520 W
Tue Mar 31 14:36:18 IDT 2026, 521 W
Tue Mar 31 14:36:18 IDT 2026, 528 W
Tue Mar 31 14:36:18 IDT 2026, 516 W
Tue Mar 31 14:36:18 IDT 2026, 526 W
Tue Mar 31 14:36:18 IDT 2026, 519 W
Tue Mar 31 14:36:18 IDT 2026, 526 W
Tue Mar 31 14:36:18 IDT 2026, 527 W
Tue Mar 31 14:36:18 IDT 2026, 519 W
Tue Mar 31 14:36:19 IDT 2026, 520 W
Tue Mar 31 14:36:19 IDT 2026, 530 W
Tue Mar 31 14:36:19 IDT 2026, 520 W
Tue Mar 31 14:36:19 IDT 2026, 523 W
Tue Mar 31 14:36:19 IDT 2026, 521 W
Tue Mar 31 14:36:19 IDT 2026, 527 W
Tue Mar 31 14:36:19 IDT 2026, 526 W
Tue Mar 31 14:36:19 IDT 2026, 521 W
Tue Mar 31 14:36:20 IDT 2026, 504 W
Tue Mar 31 14:36:20 IDT 2026, 511 W
Tue Mar 31 14:36:20 IDT 2026, 506 W
Tue Mar 31 14:36:20 IDT 2026, 506 W
Tue Mar 31 14:36:20 IDT 2026, 503 W
Tue Mar 31 14:36:20 IDT 2026, 512 W
Tue Mar 31 14:36:20 IDT 2026, 509 W
Tue Mar 31 14:36:20 IDT 2026, 504 W
Tue Mar 31 14:36:21 IDT 2026, 506 W
Tue Mar 31 14:36:21 IDT 2026, 516 W
Tue Mar 31 14:36:21 IDT 2026, 507 W
Tue Mar 31 14:36:21 IDT 2026, 509 W
Tue Mar 31 14:36:21 IDT 2026, 507 W
Tue Mar 31 14:36:21 IDT 2026, 514 W
Tue Mar 31 14:36:21 IDT 2026, 511 W
Tue Mar 31 14:36:21 IDT 2026, 510 W
Tue Mar 31 14:36:22 IDT 2026, 506 W
Tue Mar 31 14:36:22 IDT 2026, 516 W
Tue Mar 31 14:36:22 IDT 2026, 507 W
Tue Mar 31 14:36:22 IDT 2026, 512 W
Tue Mar 31 14:36:22 IDT 2026, 509 W
Tue Mar 31 14:36:22 IDT 2026, 515 W
Tue Mar 31 14:36:22 IDT 2026, 511 W
Tue Mar 31 14:36:22 IDT 2026, 506 W
Tue Mar 31 14:36:23 IDT 2026, 502 W
Tue Mar 31 14:36:23 IDT 2026, 514 W
Tue Mar 31 14:36:23 IDT 2026, 502 W
Tue Mar 31 14:36:23 IDT 2026, 504 W
Tue Mar 31 14:36:23 IDT 2026, 504 W
Tue Mar 31 14:36:23 IDT 2026, 506 W
Tue Mar 31 14:36:23 IDT 2026, 507 W
Tue Mar 31 14:36:23 IDT 2026, 505 W
Tue Mar 31 14:36:24 IDT 2026, 506 W
Tue Mar 31 14:36:24 IDT 2026, 515 W
Tue Mar 31 14:36:24 IDT 2026, 505 W
Tue Mar 31 14:36:24 IDT 2026, 509 W
Tue Mar 31 14:36:24 IDT 2026, 507 W
Tue Mar 31 14:36:24 IDT 2026, 513 W
Tue Mar 31 14:36:24 IDT 2026, 511 W
Tue Mar 31 14:36:24 IDT 2026, 508 W
Tue Mar 31 14:36:25 IDT 2026, 504 W
Tue Mar 31 14:36:25 IDT 2026, 517 W
Tue Mar 31 14:36:25 IDT 2026, 505 W
Tue Mar 31 14:36:25 IDT 2026, 511 W
Tue Mar 31 14:36:25 IDT 2026, 509 W
Tue Mar 31 14:36:25 IDT 2026, 512 W
Tue Mar 31 14:36:25 IDT 2026, 511 W
Tue Mar 31 14:36:25 IDT 2026, 507 W
Tue Mar 31 14:36:26 IDT 2026, 407 W
Tue Mar 31 14:36:26 IDT 2026, 510 W
Tue Mar 31 14:36:26 IDT 2026, 329 W
Tue Mar 31 14:36:26 IDT 2026, 430 W
Tue Mar 31 14:36:26 IDT 2026, 301 W
Tue Mar 31 14:36:26 IDT 2026, 351 W
Tue Mar 31 14:36:26 IDT 2026, 460 W
Tue Mar 31 14:36:26 IDT 2026, 312 W
Tue Mar 31 14:36:27 IDT 2026, 529 W
Tue Mar 31 14:36:27 IDT 2026, 544 W
Tue Mar 31 14:36:27 IDT 2026, 525 W
Tue Mar 31 14:36:27 IDT 2026, 531 W
Tue Mar 31 14:36:27 IDT 2026, 525 W
Tue Mar 31 14:36:27 IDT 2026, 534 W
Tue Mar 31 14:36:27 IDT 2026, 533 W
Tue Mar 31 14:36:27 IDT 2026, 526 W
Tue Mar 31 14:36:28 IDT 2026, 527 W
Tue Mar 31 14:36:28 IDT 2026, 538 W
Tue Mar 31 14:36:28 IDT 2026, 527 W
Tue Mar 31 14:36:28 IDT 2026, 531 W
Tue Mar 31 14:36:28 IDT 2026, 530 W
Tue Mar 31 14:36:28 IDT 2026, 535 W
Tue Mar 31 14:36:28 IDT 2026, 531 W
Tue Mar 31 14:36:28 IDT 2026, 532 W
Tue Mar 31 14:36:29 IDT 2026, 528 W
Tue Mar 31 14:36:29 IDT 2026, 535 W
Tue Mar 31 14:36:29 IDT 2026, 527 W
Tue Mar 31 14:36:29 IDT 2026, 529 W
Tue Mar 31 14:36:29 IDT 2026, 527 W
Tue Mar 31 14:36:29 IDT 2026, 533 W
Tue Mar 31 14:36:29 IDT 2026, 529 W
Tue Mar 31 14:36:29 IDT 2026, 530 W
Tue Mar 31 14:36:30 IDT 2026, 531 W
Tue Mar 31 14:36:30 IDT 2026, 537 W
Tue Mar 31 14:36:30 IDT 2026, 530 W
Tue Mar 31 14:36:30 IDT 2026, 533 W
Tue Mar 31 14:36:30 IDT 2026, 527 W
Tue Mar 31 14:36:30 IDT 2026, 536 W
Tue Mar 31 14:36:30 IDT 2026, 533 W
Tue Mar 31 14:36:30 IDT 2026, 527 W
Tue Mar 31 14:36:31 IDT 2026, 528 W
Tue Mar 31 14:36:31 IDT 2026, 538 W
Tue Mar 31 14:36:31 IDT 2026, 531 W
Tue Mar 31 14:36:31 IDT 2026, 533 W
Tue Mar 31 14:36:31 IDT 2026, 531 W
Tue Mar 31 14:36:31 IDT 2026, 535 W
Tue Mar 31 14:36:31 IDT 2026, 531 W
Tue Mar 31 14:36:31 IDT 2026, 525 W
Tue Mar 31 14:36:32 IDT 2026, 505 W
Tue Mar 31 14:36:32 IDT 2026, 520 W
Tue Mar 31 14:36:32 IDT 2026, 514 W
Tue Mar 31 14:36:32 IDT 2026, 509 W
Tue Mar 31 14:36:32 IDT 2026, 513 W
Tue Mar 31 14:36:32 IDT 2026, 527 W
Tue Mar 31 14:36:32 IDT 2026, 509 W
Tue Mar 31 14:36:32 IDT 2026, 515 W
Tue Mar 31 14:36:33 IDT 2026, 501 W
Tue Mar 31 14:36:33 IDT 2026, 504 W
Tue Mar 31 14:36:33 IDT 2026, 488 W
Tue Mar 31 14:36:33 IDT 2026, 505 W
Tue Mar 31 14:36:33 IDT 2026, 493 W
Tue Mar 31 14:36:33 IDT 2026, 493 W
Tue Mar 31 14:36:33 IDT 2026, 506 W
Tue Mar 31 14:36:33 IDT 2026, 491 W
Tue Mar 31 14:36:34 IDT 2026, 509 W
Tue Mar 31 14:36:34 IDT 2026, 519 W
Tue Mar 31 14:36:34 IDT 2026, 506 W
Tue Mar 31 14:36:34 IDT 2026, 511 W
Tue Mar 31 14:36:34 IDT 2026, 508 W
Tue Mar 31 14:36:34 IDT 2026, 514 W
Tue Mar 31 14:36:34 IDT 2026, 509 W
Tue Mar 31 14:36:34 IDT 2026, 509 W
Tue Mar 31 14:36:35 IDT 2026, 474 W
Tue Mar 31 14:36:35 IDT 2026, 485 W
Tue Mar 31 14:36:35 IDT 2026, 474 W
Tue Mar 31 14:36:35 IDT 2026, 475 W
Tue Mar 31 14:36:35 IDT 2026, 475 W
Tue Mar 31 14:36:35 IDT 2026, 483 W
Tue Mar 31 14:36:35 IDT 2026, 476 W
Tue Mar 31 14:36:35 IDT 2026, 476 W
Tue Mar 31 14:36:36 IDT 2026, 473 W
Tue Mar 31 14:36:36 IDT 2026, 483 W
Tue Mar 31 14:36:36 IDT 2026, 473 W
Tue Mar 31 14:36:36 IDT 2026, 476 W
Tue Mar 31 14:36:36 IDT 2026, 475 W
Tue Mar 31 14:36:36 IDT 2026, 480 W
Tue Mar 31 14:36:36 IDT 2026, 477 W
Tue Mar 31 14:36:36 IDT 2026, 473 W
Tue Mar 31 14:36:37 IDT 2026, 474 W
Tue Mar 31 14:36:37 IDT 2026, 483 W
Tue Mar 31 14:36:37 IDT 2026, 473 W
Tue Mar 31 14:36:37 IDT 2026, 475 W
Tue Mar 31 14:36:37 IDT 2026, 474 W
Tue Mar 31 14:36:37 IDT 2026, 480 W
Tue Mar 31 14:36:37 IDT 2026, 479 W
Tue Mar 31 14:36:37 IDT 2026, 474 W
Tue Mar 31 14:36:38 IDT 2026, 475 W
Tue Mar 31 14:36:38 IDT 2026, 479 W
Tue Mar 31 14:36:38 IDT 2026, 473 W
Tue Mar 31 14:36:38 IDT 2026, 477 W
Tue Mar 31 14:36:38 IDT 2026, 470 W
Tue Mar 31 14:36:38 IDT 2026, 479 W
Tue Mar 31 14:36:38 IDT 2026, 479 W
Tue Mar 31 14:36:38 IDT 2026, 470 W
Tue Mar 31 14:36:39 IDT 2026, 416 W
Tue Mar 31 14:36:39 IDT 2026, 425 W
Tue Mar 31 14:36:39 IDT 2026, 420 W
Tue Mar 31 14:36:39 IDT 2026, 429 W
Tue Mar 31 14:36:39 IDT 2026, 437 W
Tue Mar 31 14:36:39 IDT 2026, 420 W
Tue Mar 31 14:36:39 IDT 2026, 443 W
Tue Mar 31 14:36:39 IDT 2026, 430 W
Tue Mar 31 14:36:40 IDT 2026, 445 W
Tue Mar 31 14:36:40 IDT 2026, 475 W
Tue Mar 31 14:36:40 IDT 2026, 458 W
Tue Mar 31 14:36:40 IDT 2026, 443 W
Tue Mar 31 14:36:40 IDT 2026, 464 W
Tue Mar 31 14:36:40 IDT 2026, 463 W
Tue Mar 31 14:36:40 IDT 2026, 439 W
Tue Mar 31 14:36:40 IDT 2026, 461 W
Tue Mar 31 14:36:41 IDT 2026, 472 W
Tue Mar 31 14:36:41 IDT 2026, 469 W
Tue Mar 31 14:36:41 IDT 2026, 464 W
Tue Mar 31 14:36:41 IDT 2026, 475 W
Tue Mar 31 14:36:41 IDT 2026, 437 W
Tue Mar 31 14:36:41 IDT 2026, 472 W
Tue Mar 31 14:36:41 IDT 2026, 476 W
Tue Mar 31 14:36:41 IDT 2026, 460 W
Tue Mar 31 14:36:42 IDT 2026, 467 W
Tue Mar 31 14:36:42 IDT 2026, 478 W
Tue Mar 31 14:36:42 IDT 2026, 469 W
Tue Mar 31 14:36:42 IDT 2026, 470 W
Tue Mar 31 14:36:42 IDT 2026, 469 W
Tue Mar 31 14:36:42 IDT 2026, 475 W
Tue Mar 31 14:36:42 IDT 2026, 472 W
Tue Mar 31 14:36:42 IDT 2026, 473 W
Tue Mar 31 14:36:43 IDT 2026, 387 W
Tue Mar 31 14:36:43 IDT 2026, 460 W
Tue Mar 31 14:36:43 IDT 2026, 397 W
Tue Mar 31 14:36:43 IDT 2026, 396 W
Tue Mar 31 14:36:43 IDT 2026, 471 W
Tue Mar 31 14:36:43 IDT 2026, 318 W
Tue Mar 31 14:36:43 IDT 2026, 404 W
Tue Mar 31 14:36:43 IDT 2026, 413 W
Tue Mar 31 14:36:44 IDT 2026, 473 W
Tue Mar 31 14:36:44 IDT 2026, 485 W
Tue Mar 31 14:36:44 IDT 2026, 469 W
Tue Mar 31 14:36:44 IDT 2026, 476 W
Tue Mar 31 14:36:44 IDT 2026, 477 W
Tue Mar 31 14:36:44 IDT 2026, 479 W
Tue Mar 31 14:36:44 IDT 2026, 479 W
Tue Mar 31 14:36:44 IDT 2026, 477 W
Tue Mar 31 14:36:45 IDT 2026, 238 W
Tue Mar 31 14:36:45 IDT 2026, 241 W
Tue Mar 31 14:36:45 IDT 2026, 236 W
Tue Mar 31 14:36:45 IDT 2026, 240 W
Tue Mar 31 14:36:45 IDT 2026, 237 W
Tue Mar 31 14:36:45 IDT 2026, 242 W
Tue Mar 31 14:36:45 IDT 2026, 245 W
Tue Mar 31 14:36:45 IDT 2026, 236 W
Tue Mar 31 14:36:46 IDT 2026, 524 W
Tue Mar 31 14:36:46 IDT 2026, 535 W
Tue Mar 31 14:36:46 IDT 2026, 523 W
Tue Mar 31 14:36:46 IDT 2026, 528 W
Tue Mar 31 14:36:46 IDT 2026, 528 W
Tue Mar 31 14:36:46 IDT 2026, 530 W
Tue Mar 31 14:36:46 IDT 2026, 528 W
Tue Mar 31 14:36:46 IDT 2026, 526 W
Tue Mar 31 14:36:47 IDT 2026, 529 W
Tue Mar 31 14:36:47 IDT 2026, 538 W
Tue Mar 31 14:36:47 IDT 2026, 527 W
Tue Mar 31 14:36:47 IDT 2026, 531 W
Tue Mar 31 14:36:47 IDT 2026, 529 W
Tue Mar 31 14:36:47 IDT 2026, 534 W
Tue Mar 31 14:36:47 IDT 2026, 532 W
Tue Mar 31 14:36:47 IDT 2026, 530 W
Tue Mar 31 14:36:48 IDT 2026, 527 W
Tue Mar 31 14:36:48 IDT 2026, 535 W
Tue Mar 31 14:36:48 IDT 2026, 527 W
Tue Mar 31 14:36:48 IDT 2026, 528 W
Tue Mar 31 14:36:48 IDT 2026, 528 W
Tue Mar 31 14:36:48 IDT 2026, 534 W
Tue Mar 31 14:36:48 IDT 2026, 529 W
Tue Mar 31 14:36:48 IDT 2026, 527 W
Tue Mar 31 14:36:49 IDT 2026, 525 W
Tue Mar 31 14:36:49 IDT 2026, 533 W
Tue Mar 31 14:36:49 IDT 2026, 520 W
Tue Mar 31 14:36:49 IDT 2026, 527 W
Tue Mar 31 14:36:49 IDT 2026, 523 W
Tue Mar 31 14:36:49 IDT 2026, 527 W
Tue Mar 31 14:36:49 IDT 2026, 528 W
Tue Mar 31 14:36:49 IDT 2026, 524 W
Tue Mar 31 14:36:50 IDT 2026, 521 W
Tue Mar 31 14:36:50 IDT 2026, 532 W
Tue Mar 31 14:36:50 IDT 2026, 516 W
Tue Mar 31 14:36:50 IDT 2026, 523 W
Tue Mar 31 14:36:50 IDT 2026, 522 W
Tue Mar 31 14:36:50 IDT 2026, 527 W
Tue Mar 31 14:36:50 IDT 2026, 528 W
Tue Mar 31 14:36:50 IDT 2026, 524 W
Tue Mar 31 14:36:51 IDT 2026, 519 W
Tue Mar 31 14:36:51 IDT 2026, 532 W
Tue Mar 31 14:36:51 IDT 2026, 517 W
Tue Mar 31 14:36:51 IDT 2026, 522 W
Tue Mar 31 14:36:51 IDT 2026, 520 W
Tue Mar 31 14:36:51 IDT 2026, 522 W
Tue Mar 31 14:36:51 IDT 2026, 525 W
Tue Mar 31 14:36:51 IDT 2026, 523 W
Tue Mar 31 14:36:52 IDT 2026, 496 W
Tue Mar 31 14:36:52 IDT 2026, 509 W
Tue Mar 31 14:36:52 IDT 2026, 501 W
Tue Mar 31 14:36:52 IDT 2026, 503 W
Tue Mar 31 14:36:52 IDT 2026, 502 W
Tue Mar 31 14:36:52 IDT 2026, 506 W
Tue Mar 31 14:36:52 IDT 2026, 504 W
Tue Mar 31 14:36:52 IDT 2026, 503 W
Tue Mar 31 14:36:53 IDT 2026, 506 W
Tue Mar 31 14:36:53 IDT 2026, 520 W
Tue Mar 31 14:36:53 IDT 2026, 506 W
Tue Mar 31 14:36:53 IDT 2026, 509 W
Tue Mar 31 14:36:53 IDT 2026, 511 W
Tue Mar 31 14:36:53 IDT 2026, 512 W
Tue Mar 31 14:36:53 IDT 2026, 508 W
Tue Mar 31 14:36:53 IDT 2026, 506 W
Tue Mar 31 14:36:54 IDT 2026, 502 W
Tue Mar 31 14:36:54 IDT 2026, 511 W
Tue Mar 31 14:36:54 IDT 2026, 502 W
Tue Mar 31 14:36:54 IDT 2026, 507 W
Tue Mar 31 14:36:54 IDT 2026, 505 W
Tue Mar 31 14:36:54 IDT 2026, 509 W
Tue Mar 31 14:36:54 IDT 2026, 509 W
Tue Mar 31 14:36:54 IDT 2026, 504 W
Tue Mar 31 14:36:55 IDT 2026, 506 W
Tue Mar 31 14:36:55 IDT 2026, 516 W
Tue Mar 31 14:36:55 IDT 2026, 504 W
Tue Mar 31 14:36:55 IDT 2026, 508 W
Tue Mar 31 14:36:55 IDT 2026, 506 W
Tue Mar 31 14:36:55 IDT 2026, 508 W
Tue Mar 31 14:36:55 IDT 2026, 506 W
Tue Mar 31 14:36:55 IDT 2026, 509 W
Tue Mar 31 14:36:56 IDT 2026, 502 W
Tue Mar 31 14:36:56 IDT 2026, 513 W
Tue Mar 31 14:36:56 IDT 2026, 505 W
Tue Mar 31 14:36:56 IDT 2026, 508 W
Tue Mar 31 14:36:56 IDT 2026, 507 W
Tue Mar 31 14:36:56 IDT 2026, 511 W
Tue Mar 31 14:36:56 IDT 2026, 508 W
Tue Mar 31 14:36:56 IDT 2026, 506 W
Tue Mar 31 14:36:57 IDT 2026, 506 W
Tue Mar 31 14:36:57 IDT 2026, 514 W
Tue Mar 31 14:36:57 IDT 2026, 505 W
Tue Mar 31 14:36:57 IDT 2026, 509 W
Tue Mar 31 14:36:57 IDT 2026, 505 W
Tue Mar 31 14:36:57 IDT 2026, 511 W
Tue Mar 31 14:36:57 IDT 2026, 509 W
Tue Mar 31 14:36:57 IDT 2026, 505 W
Tue Mar 31 14:36:58 IDT 2026, 502 W
Tue Mar 31 14:36:58 IDT 2026, 512 W
Tue Mar 31 14:36:58 IDT 2026, 446 W
Tue Mar 31 14:36:58 IDT 2026, 505 W
Tue Mar 31 14:36:58 IDT 2026, 418 W
Tue Mar 31 14:36:58 IDT 2026, 467 W
Tue Mar 31 14:36:58 IDT 2026, 508 W
Tue Mar 31 14:36:58 IDT 2026, 377 W
Tue Mar 31 14:36:59 IDT 2026, 504 W
Tue Mar 31 14:36:59 IDT 2026, 511 W
Tue Mar 31 14:36:59 IDT 2026, 503 W
Tue Mar 31 14:36:59 IDT 2026, 508 W
Tue Mar 31 14:36:59 IDT 2026, 505 W
Tue Mar 31 14:36:59 IDT 2026, 510 W
Tue Mar 31 14:36:59 IDT 2026, 504 W
Tue Mar 31 14:36:59 IDT 2026, 504 W
Tue Mar 31 14:37:00 IDT 2026, 506 W
Tue Mar 31 14:37:00 IDT 2026, 513 W
Tue Mar 31 14:37:00 IDT 2026, 505 W
Tue Mar 31 14:37:00 IDT 2026, 510 W
Tue Mar 31 14:37:00 IDT 2026, 504 W
Tue Mar 31 14:37:00 IDT 2026, 511 W
Tue Mar 31 14:37:00 IDT 2026, 509 W
Tue Mar 31 14:37:00 IDT 2026, 506 W
Tue Mar 31 14:37:01 IDT 2026, 508 W
Tue Mar 31 14:37:01 IDT 2026, 514 W
Tue Mar 31 14:37:01 IDT 2026, 505 W
Tue Mar 31 14:37:01 IDT 2026, 513 W
Tue Mar 31 14:37:01 IDT 2026, 509 W
Tue Mar 31 14:37:01 IDT 2026, 513 W
Tue Mar 31 14:37:01 IDT 2026, 515 W
Tue Mar 31 14:37:01 IDT 2026, 507 W
Tue Mar 31 14:37:02 IDT 2026, 509 W
Tue Mar 31 14:37:02 IDT 2026, 515 W
Tue Mar 31 14:37:02 IDT 2026, 503 W
Tue Mar 31 14:37:02 IDT 2026, 509 W
Tue Mar 31 14:37:02 IDT 2026, 507 W
Tue Mar 31 14:37:02 IDT 2026, 511 W
Tue Mar 31 14:37:02 IDT 2026, 509 W
Tue Mar 31 14:37:02 IDT 2026, 505 W
Tue Mar 31 14:37:03 IDT 2026, 505 W
Tue Mar 31 14:37:03 IDT 2026, 517 W
Tue Mar 31 14:37:03 IDT 2026, 509 W
Tue Mar 31 14:37:03 IDT 2026, 511 W
Tue Mar 31 14:37:03 IDT 2026, 509 W
Tue Mar 31 14:37:03 IDT 2026, 513 W
Tue Mar 31 14:37:03 IDT 2026, 514 W
Tue Mar 31 14:37:03 IDT 2026, 511 W
Tue Mar 31 14:37:04 IDT 2026, 506 W
Tue Mar 31 14:37:04 IDT 2026, 512 W
Tue Mar 31 14:37:04 IDT 2026, 504 W
Tue Mar 31 14:37:04 IDT 2026, 508 W
Tue Mar 31 14:37:04 IDT 2026, 505 W
Tue Mar 31 14:37:04 IDT 2026, 509 W
Tue Mar 31 14:37:04 IDT 2026, 511 W
Tue Mar 31 14:37:04 IDT 2026, 503 W
Tue Mar 31 14:37:05 IDT 2026, 505 W
Tue Mar 31 14:37:05 IDT 2026, 513 W
Tue Mar 31 14:37:05 IDT 2026, 502 W
Tue Mar 31 14:37:05 IDT 2026, 507 W
Tue Mar 31 14:37:05 IDT 2026, 504 W
Tue Mar 31 14:37:05 IDT 2026, 511 W
Tue Mar 31 14:37:05 IDT 2026, 505 W
Tue Mar 31 14:37:05 IDT 2026, 506 W
Tue Mar 31 14:37:06 IDT 2026, 233 W
Tue Mar 31 14:37:06 IDT 2026, 244 W
Tue Mar 31 14:37:06 IDT 2026, 239 W
Tue Mar 31 14:37:06 IDT 2026, 234 W
Tue Mar 31 14:37:06 IDT 2026, 240 W
Tue Mar 31 14:37:06 IDT 2026, 239 W
Tue Mar 31 14:37:06 IDT 2026, 237 W
Tue Mar 31 14:37:06 IDT 2026, 240 W
Tue Mar 31 14:37:07 IDT 2026, 526 W
Tue Mar 31 14:37:07 IDT 2026, 535 W
Tue Mar 31 14:37:07 IDT 2026, 523 W
Tue Mar 31 14:37:07 IDT 2026, 529 W
Tue Mar 31 14:37:07 IDT 2026, 526 W
Tue Mar 31 14:37:07 IDT 2026, 533 W
Tue Mar 31 14:37:07 IDT 2026, 534 W
Tue Mar 31 14:37:07 IDT 2026, 526 W
Tue Mar 31 14:37:08 IDT 2026, 526 W
Tue Mar 31 14:37:08 IDT 2026, 538 W
Tue Mar 31 14:37:08 IDT 2026, 529 W
Tue Mar 31 14:37:08 IDT 2026, 532 W
Tue Mar 31 14:37:08 IDT 2026, 527 W
Tue Mar 31 14:37:08 IDT 2026, 531 W
Tue Mar 31 14:37:08 IDT 2026, 529 W
Tue Mar 31 14:37:08 IDT 2026, 526 W
Tue Mar 31 14:37:09 IDT 2026, 526 W
Tue Mar 31 14:37:09 IDT 2026, 532 W
Tue Mar 31 14:37:09 IDT 2026, 526 W
Tue Mar 31 14:37:09 IDT 2026, 533 W
Tue Mar 31 14:37:09 IDT 2026, 527 W
Tue Mar 31 14:37:09 IDT 2026, 534 W
Tue Mar 31 14:37:09 IDT 2026, 531 W
Tue Mar 31 14:37:09 IDT 2026, 525 W
Tue Mar 31 14:37:10 IDT 2026, 526 W
Tue Mar 31 14:37:10 IDT 2026, 538 W
Tue Mar 31 14:37:10 IDT 2026, 528 W
Tue Mar 31 14:37:10 IDT 2026, 528 W
Tue Mar 31 14:37:10 IDT 2026, 526 W
Tue Mar 31 14:37:10 IDT 2026, 533 W
Tue Mar 31 14:37:10 IDT 2026, 526 W
Tue Mar 31 14:37:10 IDT 2026, 526 W
Tue Mar 31 14:37:11 IDT 2026, 524 W
Tue Mar 31 14:37:11 IDT 2026, 536 W
Tue Mar 31 14:37:11 IDT 2026, 527 W
Tue Mar 31 14:37:11 IDT 2026, 530 W
Tue Mar 31 14:37:11 IDT 2026, 529 W
Tue Mar 31 14:37:11 IDT 2026, 535 W
Tue Mar 31 14:37:11 IDT 2026, 532 W
Tue Mar 31 14:37:11 IDT 2026, 528 W
Tue Mar 31 14:37:12 IDT 2026, 527 W
Tue Mar 31 14:37:12 IDT 2026, 541 W
Tue Mar 31 14:37:12 IDT 2026, 530 W
Tue Mar 31 14:37:12 IDT 2026, 532 W
Tue Mar 31 14:37:12 IDT 2026, 532 W
Tue Mar 31 14:37:12 IDT 2026, 536 W
Tue Mar 31 14:37:12 IDT 2026, 533 W
Tue Mar 31 14:37:12 IDT 2026, 530 W
Tue Mar 31 14:37:13 IDT 2026, 526 W
Tue Mar 31 14:37:13 IDT 2026, 535 W
Tue Mar 31 14:37:13 IDT 2026, 528 W
Tue Mar 31 14:37:13 IDT 2026, 529 W
Tue Mar 31 14:37:13 IDT 2026, 531 W
Tue Mar 31 14:37:13 IDT 2026, 537 W
Tue Mar 31 14:37:13 IDT 2026, 531 W
Tue Mar 31 14:37:13 IDT 2026, 530 W
Tue Mar 31 14:37:14 IDT 2026, 525 W
Tue Mar 31 14:37:14 IDT 2026, 533 W
Tue Mar 31 14:37:14 IDT 2026, 525 W
Tue Mar 31 14:37:14 IDT 2026, 525 W
Tue Mar 31 14:37:14 IDT 2026, 528 W
Tue Mar 31 14:37:14 IDT 2026, 531 W
Tue Mar 31 14:37:14 IDT 2026, 530 W
Tue Mar 31 14:37:14 IDT 2026, 525 W
Tue Mar 31 14:37:15 IDT 2026, 525 W
Tue Mar 31 14:37:15 IDT 2026, 533 W
Tue Mar 31 14:37:15 IDT 2026, 522 W
Tue Mar 31 14:37:15 IDT 2026, 528 W
Tue Mar 31 14:37:15 IDT 2026, 525 W
Tue Mar 31 14:37:15 IDT 2026, 531 W
Tue Mar 31 14:37:15 IDT 2026, 527 W
Tue Mar 31 14:37:15 IDT 2026, 527 W
Tue Mar 31 14:37:16 IDT 2026, 504 W
Tue Mar 31 14:37:16 IDT 2026, 520 W
Tue Mar 31 14:37:16 IDT 2026, 514 W
Tue Mar 31 14:37:16 IDT 2026, 508 W
Tue Mar 31 14:37:16 IDT 2026, 511 W
Tue Mar 31 14:37:16 IDT 2026, 509 W
Tue Mar 31 14:37:16 IDT 2026, 513 W
Tue Mar 31 14:37:16 IDT 2026, 512 W
Tue Mar 31 14:37:17 IDT 2026, 508 W
Tue Mar 31 14:37:17 IDT 2026, 513 W
Tue Mar 31 14:37:17 IDT 2026, 503 W
Tue Mar 31 14:37:17 IDT 2026, 509 W
Tue Mar 31 14:37:17 IDT 2026, 504 W
Tue Mar 31 14:37:17 IDT 2026, 510 W
Tue Mar 31 14:37:17 IDT 2026, 509 W
Tue Mar 31 14:37:17 IDT 2026, 504 W
Tue Mar 31 14:37:18 IDT 2026, 475 W
Tue Mar 31 14:37:18 IDT 2026, 485 W
Tue Mar 31 14:37:18 IDT 2026, 477 W
Tue Mar 31 14:37:18 IDT 2026, 478 W
Tue Mar 31 14:37:18 IDT 2026, 475 W
Tue Mar 31 14:37:18 IDT 2026, 483 W
Tue Mar 31 14:37:18 IDT 2026, 477 W
Tue Mar 31 14:37:18 IDT 2026, 476 W
Tue Mar 31 14:37:19 IDT 2026, 434 W
Tue Mar 31 14:37:19 IDT 2026, 482 W
Tue Mar 31 14:37:19 IDT 2026, 471 W
Tue Mar 31 14:37:19 IDT 2026, 459 W
Tue Mar 31 14:37:19 IDT 2026, 473 W
Tue Mar 31 14:37:19 IDT 2026, 475 W
Tue Mar 31 14:37:19 IDT 2026, 468 W
Tue Mar 31 14:37:19 IDT 2026, 471 W
Tue Mar 31 14:37:20 IDT 2026, 402 W
Tue Mar 31 14:37:20 IDT 2026, 416 W
Tue Mar 31 14:37:20 IDT 2026, 410 W
Tue Mar 31 14:37:20 IDT 2026, 415 W
Tue Mar 31 14:37:20 IDT 2026, 414 W
Tue Mar 31 14:37:20 IDT 2026, 418 W
Tue Mar 31 14:37:20 IDT 2026, 419 W
Tue Mar 31 14:37:20 IDT 2026, 412 W
Tue Mar 31 14:37:21 IDT 2026, 429 W
Tue Mar 31 14:37:21 IDT 2026, 439 W
Tue Mar 31 14:37:21 IDT 2026, 430 W
Tue Mar 31 14:37:21 IDT 2026, 395 W
Tue Mar 31 14:37:21 IDT 2026, 432 W
Tue Mar 31 14:37:21 IDT 2026, 437 W
Tue Mar 31 14:37:21 IDT 2026, 418 W
Tue Mar 31 14:37:21 IDT 2026, 432 W
Tue Mar 31 14:37:22 IDT 2026, 430 W
Tue Mar 31 14:37:22 IDT 2026, 441 W
Tue Mar 31 14:37:22 IDT 2026, 432 W
Tue Mar 31 14:37:22 IDT 2026, 433 W
Tue Mar 31 14:37:22 IDT 2026, 432 W
Tue Mar 31 14:37:22 IDT 2026, 436 W
Tue Mar 31 14:37:22 IDT 2026, 435 W
Tue Mar 31 14:37:22 IDT 2026, 430 W
Tue Mar 31 14:37:23 IDT 2026, 431 W
Tue Mar 31 14:37:23 IDT 2026, 441 W
Tue Mar 31 14:37:23 IDT 2026, 431 W
Tue Mar 31 14:37:23 IDT 2026, 433 W
Tue Mar 31 14:37:23 IDT 2026, 432 W
Tue Mar 31 14:37:23 IDT 2026, 436 W
Tue Mar 31 14:37:23 IDT 2026, 433 W
Tue Mar 31 14:37:23 IDT 2026, 432 W
Tue Mar 31 14:37:24 IDT 2026, 431 W
Tue Mar 31 14:37:24 IDT 2026, 442 W
Tue Mar 31 14:37:24 IDT 2026, 432 W
Tue Mar 31 14:37:24 IDT 2026, 433 W
Tue Mar 31 14:37:24 IDT 2026, 430 W
Tue Mar 31 14:37:24 IDT 2026, 437 W
Tue Mar 31 14:37:24 IDT 2026, 436 W
Tue Mar 31 14:37:24 IDT 2026, 431 W
Tue Mar 31 14:37:25 IDT 2026, 427 W
Tue Mar 31 14:37:25 IDT 2026, 440 W
Tue Mar 31 14:37:25 IDT 2026, 429 W
Tue Mar 31 14:37:25 IDT 2026, 430 W
Tue Mar 31 14:37:25 IDT 2026, 432 W
Tue Mar 31 14:37:25 IDT 2026, 435 W
Tue Mar 31 14:37:25 IDT 2026, 433 W
Tue Mar 31 14:37:25 IDT 2026, 430 W
Tue Mar 31 14:37:26 IDT 2026, 546 W
Tue Mar 31 14:37:26 IDT 2026, 544 W
Tue Mar 31 14:37:26 IDT 2026, 537 W
Tue Mar 31 14:37:26 IDT 2026, 554 W
Tue Mar 31 14:37:26 IDT 2026, 534 W
Tue Mar 31 14:37:26 IDT 2026, 545 W
Tue Mar 31 14:37:26 IDT 2026, 561 W
Tue Mar 31 14:37:26 IDT 2026, 536 W
Tue Mar 31 14:37:27 IDT 2026, 529 W
Tue Mar 31 14:37:27 IDT 2026, 536 W
Tue Mar 31 14:37:27 IDT 2026, 524 W
Tue Mar 31 14:37:27 IDT 2026, 531 W
Tue Mar 31 14:37:27 IDT 2026, 522 W
Tue Mar 31 14:37:27 IDT 2026, 533 W
Tue Mar 31 14:37:27 IDT 2026, 529 W
Tue Mar 31 14:37:27 IDT 2026, 524 W
Tue Mar 31 14:37:28 IDT 2026, 527 W
Tue Mar 31 14:37:28 IDT 2026, 535 W
Tue Mar 31 14:37:28 IDT 2026, 528 W
Tue Mar 31 14:37:28 IDT 2026, 530 W
Tue Mar 31 14:37:28 IDT 2026, 528 W
Tue Mar 31 14:37:28 IDT 2026, 536 W
Tue Mar 31 14:37:28 IDT 2026, 535 W
Tue Mar 31 14:37:28 IDT 2026, 530 W
Tue Mar 31 14:37:29 IDT 2026, 523 W
Tue Mar 31 14:37:29 IDT 2026, 537 W
Tue Mar 31 14:37:29 IDT 2026, 529 W
Tue Mar 31 14:37:29 IDT 2026, 530 W
Tue Mar 31 14:37:29 IDT 2026, 530 W
Tue Mar 31 14:37:29 IDT 2026, 534 W
Tue Mar 31 14:37:29 IDT 2026, 530 W
Tue Mar 31 14:37:29 IDT 2026, 528 W
Tue Mar 31 14:37:30 IDT 2026, 529 W
Tue Mar 31 14:37:30 IDT 2026, 539 W
Tue Mar 31 14:37:30 IDT 2026, 528 W
Tue Mar 31 14:37:30 IDT 2026, 532 W
Tue Mar 31 14:37:30 IDT 2026, 529 W
Tue Mar 31 14:37:30 IDT 2026, 534 W
Tue Mar 31 14:37:30 IDT 2026, 536 W
Tue Mar 31 14:37:30 IDT 2026, 529 W
Tue Mar 31 14:37:31 IDT 2026, 522 W
Tue Mar 31 14:37:31 IDT 2026, 529 W
Tue Mar 31 14:37:31 IDT 2026, 521 W
Tue Mar 31 14:37:31 IDT 2026, 528 W
Tue Mar 31 14:37:31 IDT 2026, 522 W
Tue Mar 31 14:37:31 IDT 2026, 529 W
Tue Mar 31 14:37:31 IDT 2026, 525 W
Tue Mar 31 14:37:31 IDT 2026, 522 W
Tue Mar 31 14:37:32 IDT 2026, 503 W
Tue Mar 31 14:37:32 IDT 2026, 507 W
Tue Mar 31 14:37:32 IDT 2026, 498 W
Tue Mar 31 14:37:32 IDT 2026, 505 W
Tue Mar 31 14:37:32 IDT 2026, 501 W
Tue Mar 31 14:37:32 IDT 2026, 511 W
Tue Mar 31 14:37:32 IDT 2026, 509 W
Tue Mar 31 14:37:32 IDT 2026, 500 W
Tue Mar 31 14:37:33 IDT 2026, 504 W
Tue Mar 31 14:37:33 IDT 2026, 512 W
Tue Mar 31 14:37:33 IDT 2026, 502 W
Tue Mar 31 14:37:33 IDT 2026, 508 W
Tue Mar 31 14:37:33 IDT 2026, 507 W
Tue Mar 31 14:37:33 IDT 2026, 510 W
Tue Mar 31 14:37:33 IDT 2026, 509 W
Tue Mar 31 14:37:33 IDT 2026, 504 W
Tue Mar 31 14:37:34 IDT 2026, 507 W
Tue Mar 31 14:37:34 IDT 2026, 517 W
Tue Mar 31 14:37:34 IDT 2026, 505 W
Tue Mar 31 14:37:34 IDT 2026, 511 W
Tue Mar 31 14:37:34 IDT 2026, 508 W
Tue Mar 31 14:37:34 IDT 2026, 510 W
Tue Mar 31 14:37:34 IDT 2026, 512 W
Tue Mar 31 14:37:34 IDT 2026, 506 W
Tue Mar 31 14:37:35 IDT 2026, 427 W
Tue Mar 31 14:37:35 IDT 2026, 447 W
Tue Mar 31 14:37:35 IDT 2026, 445 W
Tue Mar 31 14:37:35 IDT 2026, 416 W
Tue Mar 31 14:37:35 IDT 2026, 432 W
Tue Mar 31 14:37:35 IDT 2026, 449 W
Tue Mar 31 14:37:35 IDT 2026, 418 W
Tue Mar 31 14:37:35 IDT 2026, 430 W
Tue Mar 31 14:37:36 IDT 2026, 431 W
Tue Mar 31 14:37:36 IDT 2026, 441 W
Tue Mar 31 14:37:36 IDT 2026, 431 W
Tue Mar 31 14:37:36 IDT 2026, 434 W
Tue Mar 31 14:37:36 IDT 2026, 433 W
Tue Mar 31 14:37:36 IDT 2026, 439 W
Tue Mar 31 14:37:36 IDT 2026, 434 W
Tue Mar 31 14:37:36 IDT 2026, 433 W
Tue Mar 31 14:37:37 IDT 2026, 431 W
Tue Mar 31 14:37:37 IDT 2026, 439 W
Tue Mar 31 14:37:37 IDT 2026, 431 W
Tue Mar 31 14:37:37 IDT 2026, 434 W
Tue Mar 31 14:37:37 IDT 2026, 433 W
Tue Mar 31 14:37:37 IDT 2026, 436 W
Tue Mar 31 14:37:37 IDT 2026, 436 W
Tue Mar 31 14:37:37 IDT 2026, 433 W
Tue Mar 31 14:37:38 IDT 2026, 230 W
Tue Mar 31 14:37:38 IDT 2026, 237 W
Tue Mar 31 14:37:38 IDT 2026, 231 W
Tue Mar 31 14:37:38 IDT 2026, 231 W
Tue Mar 31 14:37:38 IDT 2026, 233 W
Tue Mar 31 14:37:38 IDT 2026, 235 W
Tue Mar 31 14:37:38 IDT 2026, 232 W
Tue Mar 31 14:37:38 IDT 2026, 232 W
Tue Mar 31 14:37:39 IDT 2026, 523 W
Tue Mar 31 14:37:39 IDT 2026, 534 W
Tue Mar 31 14:37:39 IDT 2026, 524 W
Tue Mar 31 14:37:39 IDT 2026, 528 W
Tue Mar 31 14:37:39 IDT 2026, 526 W
Tue Mar 31 14:37:39 IDT 2026, 533 W
Tue Mar 31 14:37:39 IDT 2026, 530 W
Tue Mar 31 14:37:39 IDT 2026, 524 W
Tue Mar 31 14:37:40 IDT 2026, 524 W
Tue Mar 31 14:37:40 IDT 2026, 536 W
Tue Mar 31 14:37:40 IDT 2026, 526 W
Tue Mar 31 14:37:40 IDT 2026, 526 W
Tue Mar 31 14:37:40 IDT 2026, 527 W
Tue Mar 31 14:37:40 IDT 2026, 533 W
Tue Mar 31 14:37:40 IDT 2026, 527 W
Tue Mar 31 14:37:40 IDT 2026, 527 W
Tue Mar 31 14:37:41 IDT 2026, 527 W
Tue Mar 31 14:37:41 IDT 2026, 535 W
Tue Mar 31 14:37:41 IDT 2026, 527 W
Tue Mar 31 14:37:41 IDT 2026, 530 W
Tue Mar 31 14:37:41 IDT 2026, 530 W
Tue Mar 31 14:37:41 IDT 2026, 532 W
Tue Mar 31 14:37:41 IDT 2026, 532 W
Tue Mar 31 14:37:41 IDT 2026, 527 W
Tue Mar 31 14:37:42 IDT 2026, 529 W
Tue Mar 31 14:37:42 IDT 2026, 538 W
Tue Mar 31 14:37:42 IDT 2026, 530 W
Tue Mar 31 14:37:42 IDT 2026, 533 W
Tue Mar 31 14:37:42 IDT 2026, 529 W
Tue Mar 31 14:37:42 IDT 2026, 534 W
Tue Mar 31 14:37:42 IDT 2026, 533 W
Tue Mar 31 14:37:42 IDT 2026, 531 W
Tue Mar 31 14:37:43 IDT 2026, 523 W
Tue Mar 31 14:37:43 IDT 2026, 533 W
Tue Mar 31 14:37:43 IDT 2026, 526 W
Tue Mar 31 14:37:43 IDT 2026, 527 W
Tue Mar 31 14:37:43 IDT 2026, 527 W
Tue Mar 31 14:37:43 IDT 2026, 532 W
Tue Mar 31 14:37:43 IDT 2026, 530 W
Tue Mar 31 14:37:43 IDT 2026, 527 W
Tue Mar 31 14:37:44 IDT 2026, 526 W
Tue Mar 31 14:37:44 IDT 2026, 536 W
Tue Mar 31 14:37:44 IDT 2026, 527 W
Tue Mar 31 14:37:44 IDT 2026, 533 W
Tue Mar 31 14:37:44 IDT 2026, 529 W
Tue Mar 31 14:37:44 IDT 2026, 533 W
Tue Mar 31 14:37:44 IDT 2026, 531 W
Tue Mar 31 14:37:44 IDT 2026, 528 W
Tue Mar 31 14:37:45 IDT 2026, 523 W
Tue Mar 31 14:37:45 IDT 2026, 535 W
Tue Mar 31 14:37:45 IDT 2026, 522 W
Tue Mar 31 14:37:45 IDT 2026, 529 W
Tue Mar 31 14:37:45 IDT 2026, 526 W
Tue Mar 31 14:37:45 IDT 2026, 528 W
Tue Mar 31 14:37:45 IDT 2026, 529 W
Tue Mar 31 14:37:45 IDT 2026, 527 W
Tue Mar 31 14:37:46 IDT 2026, 524 W
Tue Mar 31 14:37:46 IDT 2026, 535 W
Tue Mar 31 14:37:46 IDT 2026, 525 W
Tue Mar 31 14:37:46 IDT 2026, 529 W
Tue Mar 31 14:37:46 IDT 2026, 525 W
Tue Mar 31 14:37:46 IDT 2026, 533 W
Tue Mar 31 14:37:46 IDT 2026, 531 W
Tue Mar 31 14:37:46 IDT 2026, 524 W
Tue Mar 31 14:37:47 IDT 2026, 525 W
Tue Mar 31 14:37:47 IDT 2026, 532 W
Tue Mar 31 14:37:47 IDT 2026, 526 W
Tue Mar 31 14:37:47 IDT 2026, 530 W
Tue Mar 31 14:37:47 IDT 2026, 525 W
Tue Mar 31 14:37:47 IDT 2026, 531 W
Tue Mar 31 14:37:47 IDT 2026, 530 W
Tue Mar 31 14:37:47 IDT 2026, 525 W
Tue Mar 31 14:37:48 IDT 2026, 499 W
Tue Mar 31 14:37:48 IDT 2026, 510 W
Tue Mar 31 14:37:48 IDT 2026, 500 W
Tue Mar 31 14:37:48 IDT 2026, 502 W
Tue Mar 31 14:37:48 IDT 2026, 499 W
Tue Mar 31 14:37:48 IDT 2026, 508 W
Tue Mar 31 14:37:48 IDT 2026, 501 W
Tue Mar 31 14:37:48 IDT 2026, 498 W
Tue Mar 31 14:37:49 IDT 2026, 508 W
Tue Mar 31 14:37:49 IDT 2026, 511 W
Tue Mar 31 14:37:49 IDT 2026, 502 W
Tue Mar 31 14:37:49 IDT 2026, 505 W
Tue Mar 31 14:37:49 IDT 2026, 503 W
Tue Mar 31 14:37:49 IDT 2026, 509 W
Tue Mar 31 14:37:49 IDT 2026, 511 W
Tue Mar 31 14:37:49 IDT 2026, 503 W
Tue Mar 31 14:37:50 IDT 2026, 507 W
Tue Mar 31 14:37:50 IDT 2026, 516 W
Tue Mar 31 14:37:50 IDT 2026, 508 W
Tue Mar 31 14:37:50 IDT 2026, 508 W
Tue Mar 31 14:37:50 IDT 2026, 509 W
Tue Mar 31 14:37:50 IDT 2026, 514 W
Tue Mar 31 14:37:50 IDT 2026, 509 W
Tue Mar 31 14:37:50 IDT 2026, 507 W
Tue Mar 31 14:37:51 IDT 2026, 506 W
Tue Mar 31 14:37:51 IDT 2026, 513 W
Tue Mar 31 14:37:51 IDT 2026, 506 W
Tue Mar 31 14:37:51 IDT 2026, 506 W
Tue Mar 31 14:37:51 IDT 2026, 508 W
Tue Mar 31 14:37:51 IDT 2026, 513 W
Tue Mar 31 14:37:51 IDT 2026, 507 W
Tue Mar 31 14:37:51 IDT 2026, 508 W
Tue Mar 31 14:37:52 IDT 2026, 506 W
Tue Mar 31 14:37:52 IDT 2026, 514 W
Tue Mar 31 14:37:52 IDT 2026, 506 W
Tue Mar 31 14:37:52 IDT 2026, 510 W
Tue Mar 31 14:37:52 IDT 2026, 506 W
Tue Mar 31 14:37:52 IDT 2026, 512 W
Tue Mar 31 14:37:52 IDT 2026, 508 W
Tue Mar 31 14:37:52 IDT 2026, 506 W
Tue Mar 31 14:37:53 IDT 2026, 506 W
Tue Mar 31 14:37:53 IDT 2026, 515 W
Tue Mar 31 14:37:53 IDT 2026, 503 W
Tue Mar 31 14:37:53 IDT 2026, 510 W
Tue Mar 31 14:37:53 IDT 2026, 507 W
Tue Mar 31 14:37:53 IDT 2026, 510 W
Tue Mar 31 14:37:53 IDT 2026, 513 W
Tue Mar 31 14:37:53 IDT 2026, 507 W
Tue Mar 31 14:37:54 IDT 2026, 503 W
Tue Mar 31 14:37:54 IDT 2026, 513 W
Tue Mar 31 14:37:54 IDT 2026, 501 W
Tue Mar 31 14:37:54 IDT 2026, 505 W
Tue Mar 31 14:37:54 IDT 2026, 500 W
Tue Mar 31 14:37:54 IDT 2026, 508 W
Tue Mar 31 14:37:54 IDT 2026, 505 W
Tue Mar 31 14:37:54 IDT 2026, 501 W
Tue Mar 31 14:37:55 IDT 2026, 507 W
Tue Mar 31 14:37:55 IDT 2026, 515 W
Tue Mar 31 14:37:55 IDT 2026, 505 W
Tue Mar 31 14:37:55 IDT 2026, 509 W
Tue Mar 31 14:37:55 IDT 2026, 508 W
Tue Mar 31 14:37:55 IDT 2026, 512 W
Tue Mar 31 14:37:55 IDT 2026, 509 W
Tue Mar 31 14:37:55 IDT 2026, 508 W
Tue Mar 31 14:37:56 IDT 2026, 474 W
Tue Mar 31 14:37:56 IDT 2026, 482 W
Tue Mar 31 14:37:56 IDT 2026, 472 W
Tue Mar 31 14:37:56 IDT 2026, 478 W
Tue Mar 31 14:37:56 IDT 2026, 475 W
Tue Mar 31 14:37:56 IDT 2026, 478 W
Tue Mar 31 14:37:56 IDT 2026, 480 W
Tue Mar 31 14:37:56 IDT 2026, 473 W
Tue Mar 31 14:37:57 IDT 2026, 470 W
Tue Mar 31 14:37:57 IDT 2026, 477 W
Tue Mar 31 14:37:57 IDT 2026, 464 W
Tue Mar 31 14:37:57 IDT 2026, 473 W
Tue Mar 31 14:37:57 IDT 2026, 461 W
Tue Mar 31 14:37:57 IDT 2026, 478 W
Tue Mar 31 14:37:57 IDT 2026, 477 W
Tue Mar 31 14:37:57 IDT 2026, 466 W
Tue Mar 31 14:37:58 IDT 2026, 476 W
Tue Mar 31 14:37:58 IDT 2026, 485 W
Tue Mar 31 14:37:58 IDT 2026, 476 W
Tue Mar 31 14:37:58 IDT 2026, 478 W
Tue Mar 31 14:37:58 IDT 2026, 476 W
Tue Mar 31 14:37:58 IDT 2026, 481 W
Tue Mar 31 14:37:58 IDT 2026, 479 W
Tue Mar 31 14:37:58 IDT 2026, 477 W
Tue Mar 31 14:37:59 IDT 2026, 545 W
Tue Mar 31 14:37:59 IDT 2026, 578 W
Tue Mar 31 14:37:59 IDT 2026, 530 W
Tue Mar 31 14:37:59 IDT 2026, 546 W
Tue Mar 31 14:37:59 IDT 2026, 577 W
Tue Mar 31 14:37:59 IDT 2026, 540 W
Tue Mar 31 14:37:59 IDT 2026, 553 W
Tue Mar 31 14:37:59 IDT 2026, 534 W
Tue Mar 31 14:38:00 IDT 2026, 526 W
Tue Mar 31 14:38:00 IDT 2026, 535 W
Tue Mar 31 14:38:00 IDT 2026, 523 W
Tue Mar 31 14:38:00 IDT 2026, 526 W
Tue Mar 31 14:38:00 IDT 2026, 523 W
Tue Mar 31 14:38:00 IDT 2026, 531 W
Tue Mar 31 14:38:00 IDT 2026, 530 W
Tue Mar 31 14:38:00 IDT 2026, 521 W
Tue Mar 31 14:38:01 IDT 2026, 526 W
Tue Mar 31 14:38:01 IDT 2026, 537 W
Tue Mar 31 14:38:01 IDT 2026, 525 W
Tue Mar 31 14:38:01 IDT 2026, 531 W
Tue Mar 31 14:38:01 IDT 2026, 528 W
Tue Mar 31 14:38:01 IDT 2026, 532 W
Tue Mar 31 14:38:01 IDT 2026, 531 W
Tue Mar 31 14:38:01 IDT 2026, 531 W
Tue Mar 31 14:38:02 IDT 2026, 527 W
Tue Mar 31 14:38:02 IDT 2026, 539 W
Tue Mar 31 14:38:02 IDT 2026, 525 W
Tue Mar 31 14:38:02 IDT 2026, 532 W
Tue Mar 31 14:38:02 IDT 2026, 527 W
Tue Mar 31 14:38:02 IDT 2026, 532 W
Tue Mar 31 14:38:02 IDT 2026, 530 W
Tue Mar 31 14:38:02 IDT 2026, 529 W
Tue Mar 31 14:38:03 IDT 2026, 528 W
Tue Mar 31 14:38:03 IDT 2026, 535 W
Tue Mar 31 14:38:03 IDT 2026, 527 W
Tue Mar 31 14:38:03 IDT 2026, 531 W
Tue Mar 31 14:38:03 IDT 2026, 531 W
Tue Mar 31 14:38:03 IDT 2026, 532 W
Tue Mar 31 14:38:03 IDT 2026, 532 W
Tue Mar 31 14:38:03 IDT 2026, 529 W
Tue Mar 31 14:38:04 IDT 2026, 485 W
Tue Mar 31 14:38:04 IDT 2026, 511 W
Tue Mar 31 14:38:04 IDT 2026, 501 W
Tue Mar 31 14:38:04 IDT 2026, 485 W
Tue Mar 31 14:38:04 IDT 2026, 495 W
Tue Mar 31 14:38:04 IDT 2026, 501 W
Tue Mar 31 14:38:04 IDT 2026, 489 W
Tue Mar 31 14:38:04 IDT 2026, 492 W
Tue Mar 31 14:38:05 IDT 2026, 521 W
Tue Mar 31 14:38:05 IDT 2026, 529 W
Tue Mar 31 14:38:05 IDT 2026, 521 W
Tue Mar 31 14:38:05 IDT 2026, 523 W
Tue Mar 31 14:38:05 IDT 2026, 522 W
Tue Mar 31 14:38:05 IDT 2026, 525 W
Tue Mar 31 14:38:05 IDT 2026, 523 W
Tue Mar 31 14:38:05 IDT 2026, 523 W
Tue Mar 31 14:38:06 IDT 2026, 523 W
Tue Mar 31 14:38:06 IDT 2026, 530 W
Tue Mar 31 14:38:06 IDT 2026, 516 W
Tue Mar 31 14:38:06 IDT 2026, 523 W
Tue Mar 31 14:38:06 IDT 2026, 519 W
Tue Mar 31 14:38:06 IDT 2026, 523 W
Tue Mar 31 14:38:06 IDT 2026, 526 W
Tue Mar 31 14:38:06 IDT 2026, 519 W
Tue Mar 31 14:38:07 IDT 2026, 508 W
Tue Mar 31 14:38:07 IDT 2026, 516 W
Tue Mar 31 14:38:07 IDT 2026, 504 W
Tue Mar 31 14:38:07 IDT 2026, 511 W
Tue Mar 31 14:38:07 IDT 2026, 508 W
Tue Mar 31 14:38:07 IDT 2026, 509 W
Tue Mar 31 14:38:07 IDT 2026, 511 W
Tue Mar 31 14:38:07 IDT 2026, 508 W
Tue Mar 31 14:38:08 IDT 2026, 504 W
Tue Mar 31 14:38:08 IDT 2026, 513 W
Tue Mar 31 14:38:08 IDT 2026, 504 W
Tue Mar 31 14:38:08 IDT 2026, 504 W
Tue Mar 31 14:38:08 IDT 2026, 503 W
Tue Mar 31 14:38:08 IDT 2026, 513 W
Tue Mar 31 14:38:08 IDT 2026, 509 W
Tue Mar 31 14:38:08 IDT 2026, 504 W
Tue Mar 31 14:38:09 IDT 2026, 505 W
Tue Mar 31 14:38:09 IDT 2026, 513 W
Tue Mar 31 14:38:09 IDT 2026, 504 W
Tue Mar 31 14:38:09 IDT 2026, 505 W
Tue Mar 31 14:38:09 IDT 2026, 505 W
Tue Mar 31 14:38:09 IDT 2026, 510 W
Tue Mar 31 14:38:09 IDT 2026, 508 W
Tue Mar 31 14:38:09 IDT 2026, 504 W
Tue Mar 31 14:38:10 IDT 2026, 489 W
Tue Mar 31 14:38:10 IDT 2026, 487 W
Tue Mar 31 14:38:10 IDT 2026, 483 W
Tue Mar 31 14:38:10 IDT 2026, 493 W
Tue Mar 31 14:38:10 IDT 2026, 480 W
Tue Mar 31 14:38:10 IDT 2026, 491 W
Tue Mar 31 14:38:10 IDT 2026, 497 W
Tue Mar 31 14:38:10 IDT 2026, 480 W
Tue Mar 31 14:38:11 IDT 2026, 472 W
Tue Mar 31 14:38:11 IDT 2026, 481 W
Tue Mar 31 14:38:11 IDT 2026, 467 W
Tue Mar 31 14:38:11 IDT 2026, 474 W
Tue Mar 31 14:38:11 IDT 2026, 473 W
Tue Mar 31 14:38:11 IDT 2026, 474 W
Tue Mar 31 14:38:11 IDT 2026, 475 W
Tue Mar 31 14:38:11 IDT 2026, 464 W
Tue Mar 31 14:38:12 IDT 2026, 454 W
Tue Mar 31 14:38:12 IDT 2026, 456 W
Tue Mar 31 14:38:12 IDT 2026, 437 W
Tue Mar 31 14:38:12 IDT 2026, 459 W
Tue Mar 31 14:38:12 IDT 2026, 460 W
Tue Mar 31 14:38:12 IDT 2026, 458 W
Tue Mar 31 14:38:12 IDT 2026, 465 W
Tue Mar 31 14:38:12 IDT 2026, 456 W
Tue Mar 31 14:38:13 IDT 2026, 465 W
Tue Mar 31 14:38:13 IDT 2026, 482 W
Tue Mar 31 14:38:13 IDT 2026, 467 W
Tue Mar 31 14:38:13 IDT 2026, 468 W
Tue Mar 31 14:38:13 IDT 2026, 473 W
Tue Mar 31 14:38:13 IDT 2026, 474 W
Tue Mar 31 14:38:13 IDT 2026, 468 W
Tue Mar 31 14:38:13 IDT 2026, 468 W
Tue Mar 31 14:38:14 IDT 2026, 472 W
Tue Mar 31 14:38:14 IDT 2026, 483 W
Tue Mar 31 14:38:14 IDT 2026, 472 W
Tue Mar 31 14:38:14 IDT 2026, 473 W
Tue Mar 31 14:38:14 IDT 2026, 475 W
Tue Mar 31 14:38:14 IDT 2026, 478 W
Tue Mar 31 14:38:14 IDT 2026, 475 W
Tue Mar 31 14:38:14 IDT 2026, 472 W
Tue Mar 31 14:38:15 IDT 2026, 472 W
Tue Mar 31 14:38:15 IDT 2026, 481 W
Tue Mar 31 14:38:15 IDT 2026, 472 W
Tue Mar 31 14:38:15 IDT 2026, 475 W
Tue Mar 31 14:38:15 IDT 2026, 472 W
Tue Mar 31 14:38:15 IDT 2026, 477 W
Tue Mar 31 14:38:15 IDT 2026, 475 W
Tue Mar 31 14:38:15 IDT 2026, 471 W
Tue Mar 31 14:38:16 IDT 2026, 474 W
Tue Mar 31 14:38:16 IDT 2026, 485 W
Tue Mar 31 14:38:16 IDT 2026, 475 W
Tue Mar 31 14:38:16 IDT 2026, 477 W
Tue Mar 31 14:38:16 IDT 2026, 477 W
Tue Mar 31 14:38:16 IDT 2026, 479 W
Tue Mar 31 14:38:16 IDT 2026, 479 W
Tue Mar 31 14:38:16 IDT 2026, 476 W
Tue Mar 31 14:38:17 IDT 2026, 472 W
Tue Mar 31 14:38:17 IDT 2026, 483 W
Tue Mar 31 14:38:17 IDT 2026, 475 W
Tue Mar 31 14:38:17 IDT 2026, 476 W
Tue Mar 31 14:38:17 IDT 2026, 475 W
Tue Mar 31 14:38:17 IDT 2026, 478 W
Tue Mar 31 14:38:17 IDT 2026, 478 W
Tue Mar 31 14:38:17 IDT 2026, 476 W
Tue Mar 31 14:38:18 IDT 2026, 231 W
Tue Mar 31 14:38:18 IDT 2026, 238 W
Tue Mar 31 14:38:18 IDT 2026, 233 W
Tue Mar 31 14:38:18 IDT 2026, 232 W
Tue Mar 31 14:38:18 IDT 2026, 234 W
Tue Mar 31 14:38:18 IDT 2026, 236 W
Tue Mar 31 14:38:18 IDT 2026, 235 W
Tue Mar 31 14:38:18 IDT 2026, 233 W
Tue Mar 31 14:38:19 IDT 2026, 526 W
Tue Mar 31 14:38:19 IDT 2026, 537 W
Tue Mar 31 14:38:19 IDT 2026, 525 W
Tue Mar 31 14:38:19 IDT 2026, 528 W
Tue Mar 31 14:38:19 IDT 2026, 528 W
Tue Mar 31 14:38:19 IDT 2026, 533 W
Tue Mar 31 14:38:19 IDT 2026, 532 W
Tue Mar 31 14:38:19 IDT 2026, 528 W
Tue Mar 31 14:38:20 IDT 2026, 529 W
Tue Mar 31 14:38:20 IDT 2026, 538 W
Tue Mar 31 14:38:20 IDT 2026, 524 W
Tue Mar 31 14:38:20 IDT 2026, 530 W
Tue Mar 31 14:38:20 IDT 2026, 527 W
Tue Mar 31 14:38:20 IDT 2026, 531 W
Tue Mar 31 14:38:20 IDT 2026, 531 W
Tue Mar 31 14:38:20 IDT 2026, 528 W
Tue Mar 31 14:38:21 IDT 2026, 524 W
Tue Mar 31 14:38:21 IDT 2026, 537 W
Tue Mar 31 14:38:21 IDT 2026, 525 W
Tue Mar 31 14:38:21 IDT 2026, 530 W
Tue Mar 31 14:38:21 IDT 2026, 527 W
Tue Mar 31 14:38:21 IDT 2026, 532 W
Tue Mar 31 14:38:21 IDT 2026, 529 W
Tue Mar 31 14:38:21 IDT 2026, 529 W
Tue Mar 31 14:38:22 IDT 2026, 518 W
Tue Mar 31 14:38:22 IDT 2026, 518 W
Tue Mar 31 14:38:22 IDT 2026, 511 W
Tue Mar 31 14:38:22 IDT 2026, 522 W
Tue Mar 31 14:38:22 IDT 2026, 511 W
Tue Mar 31 14:38:22 IDT 2026, 519 W
Tue Mar 31 14:38:22 IDT 2026, 524 W
Tue Mar 31 14:38:22 IDT 2026, 513 W
Tue Mar 31 14:38:23 IDT 2026, 505 W
Tue Mar 31 14:38:23 IDT 2026, 515 W
Tue Mar 31 14:38:23 IDT 2026, 507 W
Tue Mar 31 14:38:23 IDT 2026, 507 W
Tue Mar 31 14:38:23 IDT 2026, 509 W
Tue Mar 31 14:38:23 IDT 2026, 511 W
Tue Mar 31 14:38:23 IDT 2026, 513 W
Tue Mar 31 14:38:23 IDT 2026, 505 W
Tue Mar 31 14:38:24 IDT 2026, 457 W
Tue Mar 31 14:38:24 IDT 2026, 450 W
Tue Mar 31 14:38:24 IDT 2026, 462 W
Tue Mar 31 14:38:24 IDT 2026, 451 W
Tue Mar 31 14:38:24 IDT 2026, 458 W
Tue Mar 31 14:38:24 IDT 2026, 462 W
Tue Mar 31 14:38:24 IDT 2026, 451 W
Tue Mar 31 14:38:24 IDT 2026, 450 W
Tue Mar 31 14:38:25 IDT 2026, 479 W
Tue Mar 31 14:38:25 IDT 2026, 487 W
Tue Mar 31 14:38:25 IDT 2026, 477 W
Tue Mar 31 14:38:25 IDT 2026, 484 W
Tue Mar 31 14:38:25 IDT 2026, 479 W
Tue Mar 31 14:38:25 IDT 2026, 483 W
Tue Mar 31 14:38:25 IDT 2026, 484 W
Tue Mar 31 14:38:25 IDT 2026, 477 W
Tue Mar 31 14:38:26 IDT 2026, 473 W
Tue Mar 31 14:38:26 IDT 2026, 482 W
Tue Mar 31 14:38:26 IDT 2026, 473 W
Tue Mar 31 14:38:26 IDT 2026, 474 W
Tue Mar 31 14:38:26 IDT 2026, 472 W
Tue Mar 31 14:38:26 IDT 2026, 480 W
Tue Mar 31 14:38:26 IDT 2026, 476 W
Tue Mar 31 14:38:26 IDT 2026, 472 W
Tue Mar 31 14:38:27 IDT 2026, 475 W
Tue Mar 31 14:38:27 IDT 2026, 482 W
Tue Mar 31 14:38:27 IDT 2026, 472 W
Tue Mar 31 14:38:27 IDT 2026, 476 W
Tue Mar 31 14:38:27 IDT 2026, 474 W
Tue Mar 31 14:38:27 IDT 2026, 483 W
Tue Mar 31 14:38:27 IDT 2026, 479 W
Tue Mar 31 14:38:27 IDT 2026, 471 W
Tue Mar 31 14:38:28 IDT 2026, 465 W
Tue Mar 31 14:38:28 IDT 2026, 479 W
Tue Mar 31 14:38:28 IDT 2026, 455 W
Tue Mar 31 14:38:28 IDT 2026, 468 W
Tue Mar 31 14:38:28 IDT 2026, 469 W
Tue Mar 31 14:38:28 IDT 2026, 471 W
Tue Mar 31 14:38:28 IDT 2026, 472 W
Tue Mar 31 14:38:28 IDT 2026, 467 W
Tue Mar 31 14:38:29 IDT 2026, 462 W
Tue Mar 31 14:38:29 IDT 2026, 457 W
Tue Mar 31 14:38:29 IDT 2026, 467 W
Tue Mar 31 14:38:29 IDT 2026, 465 W
Tue Mar 31 14:38:29 IDT 2026, 466 W
Tue Mar 31 14:38:29 IDT 2026, 474 W
Tue Mar 31 14:38:29 IDT 2026, 465 W
Tue Mar 31 14:38:29 IDT 2026, 469 W
Tue Mar 31 14:38:30 IDT 2026, 476 W
Tue Mar 31 14:38:30 IDT 2026, 483 W
Tue Mar 31 14:38:30 IDT 2026, 472 W
Tue Mar 31 14:38:30 IDT 2026, 477 W
Tue Mar 31 14:38:30 IDT 2026, 476 W
Tue Mar 31 14:38:30 IDT 2026, 478 W
Tue Mar 31 14:38:30 IDT 2026, 476 W
Tue Mar 31 14:38:30 IDT 2026, 473 W
Tue Mar 31 14:38:31 IDT 2026, 470 W
Tue Mar 31 14:38:31 IDT 2026, 480 W
Tue Mar 31 14:38:31 IDT 2026, 472 W
Tue Mar 31 14:38:31 IDT 2026, 474 W
Tue Mar 31 14:38:31 IDT 2026, 471 W
Tue Mar 31 14:38:31 IDT 2026, 479 W
Tue Mar 31 14:38:31 IDT 2026, 475 W
Tue Mar 31 14:38:31 IDT 2026, 472 W
Tue Mar 31 14:38:32 IDT 2026, 471 W
Tue Mar 31 14:38:32 IDT 2026, 481 W
Tue Mar 31 14:38:32 IDT 2026, 472 W
Tue Mar 31 14:38:32 IDT 2026, 473 W
Tue Mar 31 14:38:32 IDT 2026, 475 W
Tue Mar 31 14:38:32 IDT 2026, 481 W
Tue Mar 31 14:38:32 IDT 2026, 475 W
Tue Mar 31 14:38:32 IDT 2026, 472 W
Tue Mar 31 14:38:33 IDT 2026, 392 W
Tue Mar 31 14:38:33 IDT 2026, 390 W
Tue Mar 31 14:38:33 IDT 2026, 390 W
Tue Mar 31 14:38:33 IDT 2026, 381 W
Tue Mar 31 14:38:33 IDT 2026, 386 W
Tue Mar 31 14:38:33 IDT 2026, 389 W
Tue Mar 31 14:38:33 IDT 2026, 391 W
Tue Mar 31 14:38:33 IDT 2026, 381 W
Tue Mar 31 14:38:34 IDT 2026, 423 W
Tue Mar 31 14:38:34 IDT 2026, 427 W
Tue Mar 31 14:38:34 IDT 2026, 410 W
Tue Mar 31 14:38:34 IDT 2026, 426 W
Tue Mar 31 14:38:34 IDT 2026, 387 W
Tue Mar 31 14:38:34 IDT 2026, 417 W
Tue Mar 31 14:38:34 IDT 2026, 428 W
Tue Mar 31 14:38:34 IDT 2026, 415 W
Tue Mar 31 14:38:35 IDT 2026, 378 W
Tue Mar 31 14:38:35 IDT 2026, 396 W
Tue Mar 31 14:38:35 IDT 2026, 423 W
Tue Mar 31 14:38:35 IDT 2026, 364 W
Tue Mar 31 14:38:35 IDT 2026, 401 W
Tue Mar 31 14:38:35 IDT 2026, 427 W
Tue Mar 31 14:38:35 IDT 2026, 399 W
Tue Mar 31 14:38:35 IDT 2026, 418 W
Tue Mar 31 14:38:36 IDT 2026, 231 W
Tue Mar 31 14:38:36 IDT 2026, 238 W
Tue Mar 31 14:38:36 IDT 2026, 234 W
Tue Mar 31 14:38:36 IDT 2026, 232 W
Tue Mar 31 14:38:36 IDT 2026, 234 W
Tue Mar 31 14:38:36 IDT 2026, 237 W
Tue Mar 31 14:38:36 IDT 2026, 235 W
Tue Mar 31 14:38:36 IDT 2026, 233 W
Tue Mar 31 14:38:37 IDT 2026, 527 W
Tue Mar 31 14:38:37 IDT 2026, 536 W
Tue Mar 31 14:38:37 IDT 2026, 527 W
Tue Mar 31 14:38:37 IDT 2026, 530 W
Tue Mar 31 14:38:37 IDT 2026, 527 W
Tue Mar 31 14:38:37 IDT 2026, 534 W
Tue Mar 31 14:38:37 IDT 2026, 531 W
Tue Mar 31 14:38:37 IDT 2026, 528 W
Tue Mar 31 14:38:38 IDT 2026, 526 W
Tue Mar 31 14:38:38 IDT 2026, 537 W
Tue Mar 31 14:38:38 IDT 2026, 526 W
Tue Mar 31 14:38:38 IDT 2026, 531 W
Tue Mar 31 14:38:38 IDT 2026, 529 W
Tue Mar 31 14:38:38 IDT 2026, 535 W
Tue Mar 31 14:38:38 IDT 2026, 534 W
Tue Mar 31 14:38:38 IDT 2026, 529 W
Tue Mar 31 14:38:39 IDT 2026, 527 W
Tue Mar 31 14:38:39 IDT 2026, 534 W
Tue Mar 31 14:38:39 IDT 2026, 527 W
Tue Mar 31 14:38:39 IDT 2026, 529 W
Tue Mar 31 14:38:39 IDT 2026, 527 W
Tue Mar 31 14:38:39 IDT 2026, 534 W
Tue Mar 31 14:38:39 IDT 2026, 531 W
Tue Mar 31 14:38:39 IDT 2026, 527 W
Tue Mar 31 14:38:40 IDT 2026, 529 W
Tue Mar 31 14:38:40 IDT 2026, 538 W
Tue Mar 31 14:38:40 IDT 2026, 529 W
Tue Mar 31 14:38:40 IDT 2026, 533 W
Tue Mar 31 14:38:40 IDT 2026, 530 W
Tue Mar 31 14:38:40 IDT 2026, 535 W
Tue Mar 31 14:38:40 IDT 2026, 536 W
Tue Mar 31 14:38:40 IDT 2026, 531 W
Tue Mar 31 14:38:41 IDT 2026, 528 W
Tue Mar 31 14:38:41 IDT 2026, 537 W
Tue Mar 31 14:38:41 IDT 2026, 531 W
Tue Mar 31 14:38:41 IDT 2026, 530 W
Tue Mar 31 14:38:41 IDT 2026, 530 W
Tue Mar 31 14:38:41 IDT 2026, 533 W
Tue Mar 31 14:38:41 IDT 2026, 533 W
Tue Mar 31 14:38:41 IDT 2026, 529 W
Tue Mar 31 14:38:42 IDT 2026, 523 W
Tue Mar 31 14:38:42 IDT 2026, 530 W
Tue Mar 31 14:38:42 IDT 2026, 523 W
Tue Mar 31 14:38:42 IDT 2026, 526 W
Tue Mar 31 14:38:42 IDT 2026, 523 W
Tue Mar 31 14:38:42 IDT 2026, 531 W
Tue Mar 31 14:38:42 IDT 2026, 525 W
Tue Mar 31 14:38:42 IDT 2026, 521 W
Tue Mar 31 14:38:43 IDT 2026, 525 W
Tue Mar 31 14:38:43 IDT 2026, 534 W
Tue Mar 31 14:38:43 IDT 2026, 528 W
Tue Mar 31 14:38:43 IDT 2026, 528 W
Tue Mar 31 14:38:43 IDT 2026, 526 W
Tue Mar 31 14:38:43 IDT 2026, 534 W
Tue Mar 31 14:38:43 IDT 2026, 532 W
Tue Mar 31 14:38:43 IDT 2026, 528 W
Tue Mar 31 14:38:44 IDT 2026, 524 W
Tue Mar 31 14:38:44 IDT 2026, 536 W
Tue Mar 31 14:38:44 IDT 2026, 525 W
Tue Mar 31 14:38:44 IDT 2026, 531 W
Tue Mar 31 14:38:44 IDT 2026, 526 W
Tue Mar 31 14:38:44 IDT 2026, 533 W
Tue Mar 31 14:38:44 IDT 2026, 529 W
Tue Mar 31 14:38:44 IDT 2026, 525 W
Tue Mar 31 14:38:45 IDT 2026, 519 W
Tue Mar 31 14:38:45 IDT 2026, 534 W
Tue Mar 31 14:38:45 IDT 2026, 519 W
Tue Mar 31 14:38:45 IDT 2026, 524 W
Tue Mar 31 14:38:45 IDT 2026, 524 W
Tue Mar 31 14:38:45 IDT 2026, 526 W
Tue Mar 31 14:38:45 IDT 2026, 527 W
Tue Mar 31 14:38:45 IDT 2026, 526 W
Tue Mar 31 14:38:46 IDT 2026, 503 W
Tue Mar 31 14:38:46 IDT 2026, 514 W
Tue Mar 31 14:38:46 IDT 2026, 507 W
Tue Mar 31 14:38:46 IDT 2026, 507 W
Tue Mar 31 14:38:46 IDT 2026, 505 W
Tue Mar 31 14:38:46 IDT 2026, 511 W
Tue Mar 31 14:38:46 IDT 2026, 510 W
Tue Mar 31 14:38:46 IDT 2026, 504 W
Tue Mar 31 14:38:47 IDT 2026, 506 W
Tue Mar 31 14:38:47 IDT 2026, 514 W
Tue Mar 31 14:38:47 IDT 2026, 506 W
Tue Mar 31 14:38:47 IDT 2026, 508 W
Tue Mar 31 14:38:47 IDT 2026, 507 W
Tue Mar 31 14:38:47 IDT 2026, 512 W
Tue Mar 31 14:38:47 IDT 2026, 508 W
Tue Mar 31 14:38:47 IDT 2026, 506 W
Tue Mar 31 14:38:48 IDT 2026, 496 W
Tue Mar 31 14:38:48 IDT 2026, 493 W
Tue Mar 31 14:38:48 IDT 2026, 505 W
Tue Mar 31 14:38:48 IDT 2026, 499 W
Tue Mar 31 14:38:48 IDT 2026, 483 W
Tue Mar 31 14:38:48 IDT 2026, 511 W
Tue Mar 31 14:38:48 IDT 2026, 497 W
Tue Mar 31 14:38:48 IDT 2026, 489 W
Tue Mar 31 14:38:49 IDT 2026, 474 W
Tue Mar 31 14:38:49 IDT 2026, 482 W
Tue Mar 31 14:38:49 IDT 2026, 467 W
Tue Mar 31 14:38:49 IDT 2026, 474 W
Tue Mar 31 14:38:49 IDT 2026, 482 W
Tue Mar 31 14:38:49 IDT 2026, 469 W
Tue Mar 31 14:38:49 IDT 2026, 489 W
Tue Mar 31 14:38:49 IDT 2026, 479 W
Tue Mar 31 14:38:50 IDT 2026, 504 W
Tue Mar 31 14:38:50 IDT 2026, 515 W
Tue Mar 31 14:38:50 IDT 2026, 505 W
Tue Mar 31 14:38:50 IDT 2026, 507 W
Tue Mar 31 14:38:50 IDT 2026, 506 W
Tue Mar 31 14:38:50 IDT 2026, 513 W
Tue Mar 31 14:38:50 IDT 2026, 512 W
Tue Mar 31 14:38:50 IDT 2026, 505 W
Tue Mar 31 14:38:51 IDT 2026, 503 W
Tue Mar 31 14:38:51 IDT 2026, 513 W
Tue Mar 31 14:38:51 IDT 2026, 503 W
Tue Mar 31 14:38:51 IDT 2026, 507 W
Tue Mar 31 14:38:51 IDT 2026, 506 W
Tue Mar 31 14:38:51 IDT 2026, 510 W
Tue Mar 31 14:38:51 IDT 2026, 510 W
Tue Mar 31 14:38:51 IDT 2026, 504 W
Tue Mar 31 14:38:52 IDT 2026, 504 W
Tue Mar 31 14:38:52 IDT 2026, 514 W
Tue Mar 31 14:38:52 IDT 2026, 506 W
Tue Mar 31 14:38:52 IDT 2026, 511 W
Tue Mar 31 14:38:52 IDT 2026, 507 W
Tue Mar 31 14:38:52 IDT 2026, 512 W
Tue Mar 31 14:38:52 IDT 2026, 513 W
Tue Mar 31 14:38:52 IDT 2026, 507 W
Tue Mar 31 14:38:53 IDT 2026, 503 W
Tue Mar 31 14:38:53 IDT 2026, 518 W
Tue Mar 31 14:38:53 IDT 2026, 503 W
Tue Mar 31 14:38:53 IDT 2026, 508 W
Tue Mar 31 14:38:53 IDT 2026, 506 W
Tue Mar 31 14:38:53 IDT 2026, 511 W
Tue Mar 31 14:38:53 IDT 2026, 509 W
Tue Mar 31 14:38:53 IDT 2026, 505 W
Tue Mar 31 14:38:54 IDT 2026, 503 W
Tue Mar 31 14:38:54 IDT 2026, 514 W
Tue Mar 31 14:38:54 IDT 2026, 502 W
Tue Mar 31 14:38:54 IDT 2026, 508 W
Tue Mar 31 14:38:54 IDT 2026, 503 W
Tue Mar 31 14:38:54 IDT 2026, 510 W
Tue Mar 31 14:38:54 IDT 2026, 511 W
Tue Mar 31 14:38:54 IDT 2026, 505 W
Tue Mar 31 14:38:55 IDT 2026, 504 W
Tue Mar 31 14:38:55 IDT 2026, 515 W
Tue Mar 31 14:38:55 IDT 2026, 506 W
Tue Mar 31 14:38:55 IDT 2026, 506 W
Tue Mar 31 14:38:55 IDT 2026, 506 W
Tue Mar 31 14:38:55 IDT 2026, 512 W
Tue Mar 31 14:38:55 IDT 2026, 511 W
Tue Mar 31 14:38:55 IDT 2026, 506 W
Tue Mar 31 14:38:56 IDT 2026, 501 W
Tue Mar 31 14:38:56 IDT 2026, 503 W
Tue Mar 31 14:38:56 IDT 2026, 501 W
Tue Mar 31 14:38:56 IDT 2026, 501 W
Tue Mar 31 14:38:56 IDT 2026, 493 W
Tue Mar 31 14:38:56 IDT 2026, 508 W
Tue Mar 31 14:38:56 IDT 2026, 503 W
Tue Mar 31 14:38:56 IDT 2026, 503 W
Tue Mar 31 14:38:57 IDT 2026, 490 W
Tue Mar 31 14:38:57 IDT 2026, 315 W
Tue Mar 31 14:38:57 IDT 2026, 364 W
Tue Mar 31 14:38:57 IDT 2026, 499 W
Tue Mar 31 14:38:57 IDT 2026, 323 W
Tue Mar 31 14:38:57 IDT 2026, 386 W
Tue Mar 31 14:38:57 IDT 2026, 503 W
Tue Mar 31 14:38:57 IDT 2026, 335 W
Tue Mar 31 14:38:58 IDT 2026, 524 W
Tue Mar 31 14:38:58 IDT 2026, 535 W
Tue Mar 31 14:38:58 IDT 2026, 526 W
Tue Mar 31 14:38:58 IDT 2026, 528 W
Tue Mar 31 14:38:58 IDT 2026, 527 W
Tue Mar 31 14:38:58 IDT 2026, 533 W
Tue Mar 31 14:38:58 IDT 2026, 528 W
Tue Mar 31 14:38:58 IDT 2026, 527 W
Tue Mar 31 14:38:59 IDT 2026, 527 W
Tue Mar 31 14:38:59 IDT 2026, 535 W
Tue Mar 31 14:38:59 IDT 2026, 527 W
Tue Mar 31 14:38:59 IDT 2026, 530 W
Tue Mar 31 14:38:59 IDT 2026, 527 W
Tue Mar 31 14:38:59 IDT 2026, 533 W
Tue Mar 31 14:38:59 IDT 2026, 531 W
Tue Mar 31 14:38:59 IDT 2026, 528 W
Tue Mar 31 14:39:00 IDT 2026, 526 W
Tue Mar 31 14:39:00 IDT 2026, 539 W
Tue Mar 31 14:39:00 IDT 2026, 527 W
Tue Mar 31 14:39:00 IDT 2026, 531 W
Tue Mar 31 14:39:00 IDT 2026, 528 W
Tue Mar 31 14:39:00 IDT 2026, 533 W
Tue Mar 31 14:39:00 IDT 2026, 532 W
Tue Mar 31 14:39:00 IDT 2026, 530 W
Tue Mar 31 14:39:01 IDT 2026, 524 W
Tue Mar 31 14:39:01 IDT 2026, 536 W
Tue Mar 31 14:39:01 IDT 2026, 525 W
Tue Mar 31 14:39:01 IDT 2026, 531 W
Tue Mar 31 14:39:01 IDT 2026, 526 W
Tue Mar 31 14:39:01 IDT 2026, 533 W
Tue Mar 31 14:39:01 IDT 2026, 530 W
Tue Mar 31 14:39:01 IDT 2026, 528 W
Tue Mar 31 14:39:02 IDT 2026, 527 W
Tue Mar 31 14:39:02 IDT 2026, 535 W
Tue Mar 31 14:39:02 IDT 2026, 526 W
Tue Mar 31 14:39:02 IDT 2026, 530 W
Tue Mar 31 14:39:02 IDT 2026, 531 W
Tue Mar 31 14:39:02 IDT 2026, 535 W
Tue Mar 31 14:39:02 IDT 2026, 532 W
Tue Mar 31 14:39:02 IDT 2026, 529 W
Tue Mar 31 14:39:03 IDT 2026, 520 W
Tue Mar 31 14:39:03 IDT 2026, 529 W
Tue Mar 31 14:39:03 IDT 2026, 521 W
Tue Mar 31 14:39:03 IDT 2026, 525 W
Tue Mar 31 14:39:03 IDT 2026, 519 W
Tue Mar 31 14:39:03 IDT 2026, 524 W
Tue Mar 31 14:39:03 IDT 2026, 524 W
Tue Mar 31 14:39:03 IDT 2026, 523 W
Tue Mar 31 14:39:04 IDT 2026, 519 W
Tue Mar 31 14:39:04 IDT 2026, 529 W
Tue Mar 31 14:39:04 IDT 2026, 520 W
Tue Mar 31 14:39:04 IDT 2026, 523 W
Tue Mar 31 14:39:04 IDT 2026, 520 W
Tue Mar 31 14:39:04 IDT 2026, 526 W
Tue Mar 31 14:39:04 IDT 2026, 524 W
Tue Mar 31 14:39:04 IDT 2026, 517 W
Tue Mar 31 14:39:05 IDT 2026, 503 W
Tue Mar 31 14:39:05 IDT 2026, 513 W
Tue Mar 31 14:39:05 IDT 2026, 504 W
Tue Mar 31 14:39:05 IDT 2026, 506 W
Tue Mar 31 14:39:05 IDT 2026, 505 W
Tue Mar 31 14:39:05 IDT 2026, 513 W
Tue Mar 31 14:39:05 IDT 2026, 509 W
Tue Mar 31 14:39:05 IDT 2026, 505 W
Tue Mar 31 14:39:06 IDT 2026, 503 W
Tue Mar 31 14:39:06 IDT 2026, 514 W
Tue Mar 31 14:39:06 IDT 2026, 501 W
Tue Mar 31 14:39:06 IDT 2026, 506 W
Tue Mar 31 14:39:06 IDT 2026, 506 W
Tue Mar 31 14:39:06 IDT 2026, 510 W
Tue Mar 31 14:39:06 IDT 2026, 508 W
Tue Mar 31 14:39:06 IDT 2026, 503 W
Tue Mar 31 14:39:07 IDT 2026, 505 W
Tue Mar 31 14:39:07 IDT 2026, 514 W
Tue Mar 31 14:39:07 IDT 2026, 506 W
Tue Mar 31 14:39:07 IDT 2026, 508 W
Tue Mar 31 14:39:07 IDT 2026, 506 W
Tue Mar 31 14:39:07 IDT 2026, 513 W
Tue Mar 31 14:39:07 IDT 2026, 513 W
Tue Mar 31 14:39:07 IDT 2026, 507 W
Tue Mar 31 14:39:08 IDT 2026, 472 W
Tue Mar 31 14:39:08 IDT 2026, 484 W
Tue Mar 31 14:39:08 IDT 2026, 475 W
Tue Mar 31 14:39:08 IDT 2026, 476 W
Tue Mar 31 14:39:08 IDT 2026, 475 W
Tue Mar 31 14:39:08 IDT 2026, 481 W
Tue Mar 31 14:39:08 IDT 2026, 477 W
Tue Mar 31 14:39:08 IDT 2026, 473 W
Tue Mar 31 14:39:09 IDT 2026, 473 W
Tue Mar 31 14:39:09 IDT 2026, 480 W
Tue Mar 31 14:39:09 IDT 2026, 472 W
Tue Mar 31 14:39:09 IDT 2026, 477 W
Tue Mar 31 14:39:09 IDT 2026, 472 W
Tue Mar 31 14:39:09 IDT 2026, 478 W
Tue Mar 31 14:39:09 IDT 2026, 478 W
Tue Mar 31 14:39:09 IDT 2026, 471 W
Tue Mar 31 14:39:10 IDT 2026, 470 W
Tue Mar 31 14:39:10 IDT 2026, 479 W
Tue Mar 31 14:39:10 IDT 2026, 469 W
Tue Mar 31 14:39:10 IDT 2026, 475 W
Tue Mar 31 14:39:10 IDT 2026, 473 W
Tue Mar 31 14:39:10 IDT 2026, 477 W
Tue Mar 31 14:39:10 IDT 2026, 476 W
Tue Mar 31 14:39:10 IDT 2026, 471 W
Tue Mar 31 14:39:11 IDT 2026, 428 W
Tue Mar 31 14:39:11 IDT 2026, 468 W
Tue Mar 31 14:39:11 IDT 2026, 449 W
Tue Mar 31 14:39:11 IDT 2026, 388 W
Tue Mar 31 14:39:11 IDT 2026, 460 W
Tue Mar 31 14:39:11 IDT 2026, 454 W
Tue Mar 31 14:39:11 IDT 2026, 423 W
Tue Mar 31 14:39:11 IDT 2026, 457 W
Tue Mar 31 14:39:12 IDT 2026, 471 W
Tue Mar 31 14:39:12 IDT 2026, 478 W
Tue Mar 31 14:39:12 IDT 2026, 471 W
Tue Mar 31 14:39:12 IDT 2026, 474 W
Tue Mar 31 14:39:12 IDT 2026, 473 W
Tue Mar 31 14:39:12 IDT 2026, 477 W
Tue Mar 31 14:39:12 IDT 2026, 475 W
Tue Mar 31 14:39:12 IDT 2026, 472 W
Tue Mar 31 14:39:13 IDT 2026, 471 W
Tue Mar 31 14:39:13 IDT 2026, 484 W
Tue Mar 31 14:39:13 IDT 2026, 471 W
Tue Mar 31 14:39:13 IDT 2026, 476 W
Tue Mar 31 14:39:13 IDT 2026, 472 W
Tue Mar 31 14:39:13 IDT 2026, 477 W
Tue Mar 31 14:39:13 IDT 2026, 476 W
Tue Mar 31 14:39:13 IDT 2026, 471 W
Tue Mar 31 14:39:14 IDT 2026, 472 W
Tue Mar 31 14:39:14 IDT 2026, 480 W
Tue Mar 31 14:39:14 IDT 2026, 471 W
Tue Mar 31 14:39:14 IDT 2026, 476 W
Tue Mar 31 14:39:14 IDT 2026, 475 W
Tue Mar 31 14:39:14 IDT 2026, 477 W
Tue Mar 31 14:39:14 IDT 2026, 479 W
Tue Mar 31 14:39:14 IDT 2026, 469 W
Tue Mar 31 14:39:15 IDT 2026, 474 W
Tue Mar 31 14:39:15 IDT 2026, 485 W
Tue Mar 31 14:39:15 IDT 2026, 472 W
Tue Mar 31 14:39:15 IDT 2026, 478 W
Tue Mar 31 14:39:15 IDT 2026, 474 W
Tue Mar 31 14:39:15 IDT 2026, 478 W
Tue Mar 31 14:39:15 IDT 2026, 480 W
Tue Mar 31 14:39:15 IDT 2026, 472 W
Tue Mar 31 14:39:16 IDT 2026, 472 W
Tue Mar 31 14:39:16 IDT 2026, 483 W
Tue Mar 31 14:39:16 IDT 2026, 471 W
Tue Mar 31 14:39:16 IDT 2026, 475 W
Tue Mar 31 14:39:16 IDT 2026, 475 W
Tue Mar 31 14:39:16 IDT 2026, 476 W
Tue Mar 31 14:39:16 IDT 2026, 480 W
Tue Mar 31 14:39:16 IDT 2026, 473 W
Tue Mar 31 14:39:17 IDT 2026, 587 W
Tue Mar 31 14:39:17 IDT 2026, 323 W
Tue Mar 31 14:39:17 IDT 2026, 234 W
Tue Mar 31 14:39:17 IDT 2026, 588 W
Tue Mar 31 14:39:17 IDT 2026, 248 W
Tue Mar 31 14:39:17 IDT 2026, 239 W
Tue Mar 31 14:39:17 IDT 2026, 538 W
Tue Mar 31 14:39:17 IDT 2026, 235 W
Tue Mar 31 14:39:18 IDT 2026, 525 W
Tue Mar 31 14:39:18 IDT 2026, 536 W
Tue Mar 31 14:39:18 IDT 2026, 526 W
Tue Mar 31 14:39:18 IDT 2026, 529 W
Tue Mar 31 14:39:18 IDT 2026, 529 W
Tue Mar 31 14:39:18 IDT 2026, 533 W
Tue Mar 31 14:39:18 IDT 2026, 531 W
Tue Mar 31 14:39:18 IDT 2026, 529 W
Tue Mar 31 14:39:19 IDT 2026, 251 W
Tue Mar 31 14:39:19 IDT 2026, 282 W
Tue Mar 31 14:39:19 IDT 2026, 305 W
Tue Mar 31 14:39:19 IDT 2026, 355 W
Tue Mar 31 14:39:19 IDT 2026, 283 W
Tue Mar 31 14:39:19 IDT 2026, 318 W
Tue Mar 31 14:39:19 IDT 2026, 260 W
Tue Mar 31 14:39:19 IDT 2026, 288 W
Tue Mar 31 14:39:20 IDT 2026, 526 W
Tue Mar 31 14:39:20 IDT 2026, 536 W
Tue Mar 31 14:39:20 IDT 2026, 524 W
Tue Mar 31 14:39:20 IDT 2026, 531 W
Tue Mar 31 14:39:20 IDT 2026, 528 W
Tue Mar 31 14:39:20 IDT 2026, 535 W
Tue Mar 31 14:39:20 IDT 2026, 532 W
Tue Mar 31 14:39:20 IDT 2026, 527 W
Tue Mar 31 14:39:21 IDT 2026, 526 W
Tue Mar 31 14:39:21 IDT 2026, 539 W
Tue Mar 31 14:39:21 IDT 2026, 528 W
Tue Mar 31 14:39:21 IDT 2026, 530 W
Tue Mar 31 14:39:21 IDT 2026, 529 W
Tue Mar 31 14:39:21 IDT 2026, 532 W
Tue Mar 31 14:39:21 IDT 2026, 533 W
Tue Mar 31 14:39:21 IDT 2026, 528 W
Tue Mar 31 14:39:22 IDT 2026, 522 W
Tue Mar 31 14:39:22 IDT 2026, 534 W
Tue Mar 31 14:39:22 IDT 2026, 519 W
Tue Mar 31 14:39:22 IDT 2026, 528 W
Tue Mar 31 14:39:22 IDT 2026, 524 W
Tue Mar 31 14:39:22 IDT 2026, 528 W
Tue Mar 31 14:39:22 IDT 2026, 526 W
Tue Mar 31 14:39:22 IDT 2026, 523 W
Tue Mar 31 14:39:23 IDT 2026, 525 W
Tue Mar 31 14:39:23 IDT 2026, 531 W
Tue Mar 31 14:39:23 IDT 2026, 522 W
Tue Mar 31 14:39:23 IDT 2026, 527 W
Tue Mar 31 14:39:23 IDT 2026, 522 W
Tue Mar 31 14:39:23 IDT 2026, 530 W
Tue Mar 31 14:39:23 IDT 2026, 527 W
Tue Mar 31 14:39:23 IDT 2026, 523 W
Tue Mar 31 14:39:24 IDT 2026, 525 W
Tue Mar 31 14:39:24 IDT 2026, 534 W
Tue Mar 31 14:39:24 IDT 2026, 523 W
Tue Mar 31 14:39:24 IDT 2026, 529 W
Tue Mar 31 14:39:24 IDT 2026, 525 W
Tue Mar 31 14:39:24 IDT 2026, 531 W
Tue Mar 31 14:39:24 IDT 2026, 527 W
Tue Mar 31 14:39:24 IDT 2026, 524 W
Tue Mar 31 14:39:25 IDT 2026, 523 W
Tue Mar 31 14:39:25 IDT 2026, 534 W
Tue Mar 31 14:39:25 IDT 2026, 523 W
Tue Mar 31 14:39:25 IDT 2026, 529 W
Tue Mar 31 14:39:25 IDT 2026, 528 W
Tue Mar 31 14:39:25 IDT 2026, 530 W
Tue Mar 31 14:39:25 IDT 2026, 529 W
Tue Mar 31 14:39:25 IDT 2026, 525 W
Tue Mar 31 14:39:26 IDT 2026, 522 W
Tue Mar 31 14:39:26 IDT 2026, 533 W
Tue Mar 31 14:39:26 IDT 2026, 523 W
Tue Mar 31 14:39:26 IDT 2026, 525 W
Tue Mar 31 14:39:26 IDT 2026, 527 W
Tue Mar 31 14:39:26 IDT 2026, 530 W
Tue Mar 31 14:39:26 IDT 2026, 524 W
Tue Mar 31 14:39:26 IDT 2026, 524 W
Tue Mar 31 14:39:27 IDT 2026, 523 W
Tue Mar 31 14:39:27 IDT 2026, 533 W
Tue Mar 31 14:39:27 IDT 2026, 523 W
Tue Mar 31 14:39:27 IDT 2026, 527 W
Tue Mar 31 14:39:27 IDT 2026, 524 W
Tue Mar 31 14:39:27 IDT 2026, 528 W
Tue Mar 31 14:39:27 IDT 2026, 524 W
Tue Mar 31 14:39:27 IDT 2026, 526 W
Tue Mar 31 14:39:28 IDT 2026, 499 W
Tue Mar 31 14:39:28 IDT 2026, 508 W
Tue Mar 31 14:39:28 IDT 2026, 499 W
Tue Mar 31 14:39:28 IDT 2026, 504 W
Tue Mar 31 14:39:28 IDT 2026, 501 W
Tue Mar 31 14:39:28 IDT 2026, 504 W
Tue Mar 31 14:39:28 IDT 2026, 503 W
Tue Mar 31 14:39:28 IDT 2026, 498 W
Tue Mar 31 14:39:29 IDT 2026, 498 W
Tue Mar 31 14:39:29 IDT 2026, 513 W
Tue Mar 31 14:39:29 IDT 2026, 500 W
Tue Mar 31 14:39:29 IDT 2026, 502 W
Tue Mar 31 14:39:29 IDT 2026, 504 W
Tue Mar 31 14:39:29 IDT 2026, 507 W
Tue Mar 31 14:39:29 IDT 2026, 502 W
Tue Mar 31 14:39:29 IDT 2026, 500 W
Tue Mar 31 14:39:30 IDT 2026, 505 W
Tue Mar 31 14:39:30 IDT 2026, 512 W
Tue Mar 31 14:39:30 IDT 2026, 504 W
Tue Mar 31 14:39:30 IDT 2026, 509 W
Tue Mar 31 14:39:30 IDT 2026, 503 W
Tue Mar 31 14:39:30 IDT 2026, 511 W
Tue Mar 31 14:39:30 IDT 2026, 506 W
Tue Mar 31 14:39:30 IDT 2026, 503 W
Tue Mar 31 14:39:31 IDT 2026, 505 W
Tue Mar 31 14:39:31 IDT 2026, 513 W
Tue Mar 31 14:39:31 IDT 2026, 502 W
Tue Mar 31 14:39:31 IDT 2026, 509 W
Tue Mar 31 14:39:31 IDT 2026, 506 W
Tue Mar 31 14:39:31 IDT 2026, 507 W
Tue Mar 31 14:39:31 IDT 2026, 514 W
Tue Mar 31 14:39:31 IDT 2026, 506 W
Tue Mar 31 14:39:32 IDT 2026, 505 W
Tue Mar 31 14:39:32 IDT 2026, 516 W
Tue Mar 31 14:39:32 IDT 2026, 506 W
Tue Mar 31 14:39:32 IDT 2026, 510 W
Tue Mar 31 14:39:32 IDT 2026, 505 W
Tue Mar 31 14:39:32 IDT 2026, 508 W
Tue Mar 31 14:39:32 IDT 2026, 508 W
Tue Mar 31 14:39:32 IDT 2026, 507 W
Tue Mar 31 14:39:33 IDT 2026, 507 W
Tue Mar 31 14:39:33 IDT 2026, 515 W
Tue Mar 31 14:39:33 IDT 2026, 505 W
Tue Mar 31 14:39:33 IDT 2026, 511 W
Tue Mar 31 14:39:33 IDT 2026, 507 W
Tue Mar 31 14:39:33 IDT 2026, 510 W
Tue Mar 31 14:39:33 IDT 2026, 513 W
Tue Mar 31 14:39:33 IDT 2026, 505 W
Tue Mar 31 14:39:34 IDT 2026, 506 W
Tue Mar 31 14:39:34 IDT 2026, 517 W
Tue Mar 31 14:39:34 IDT 2026, 505 W
Tue Mar 31 14:39:34 IDT 2026, 510 W
Tue Mar 31 14:39:34 IDT 2026, 507 W
Tue Mar 31 14:39:34 IDT 2026, 511 W
Tue Mar 31 14:39:34 IDT 2026, 509 W
Tue Mar 31 14:39:34 IDT 2026, 507 W
Tue Mar 31 14:39:35 IDT 2026, 505 W
Tue Mar 31 14:39:35 IDT 2026, 513 W
Tue Mar 31 14:39:35 IDT 2026, 505 W
Tue Mar 31 14:39:35 IDT 2026, 509 W
Tue Mar 31 14:39:35 IDT 2026, 506 W
Tue Mar 31 14:39:35 IDT 2026, 511 W
Tue Mar 31 14:39:35 IDT 2026, 509 W
Tue Mar 31 14:39:35 IDT 2026, 508 W
Tue Mar 31 14:39:36 IDT 2026, 507 W
Tue Mar 31 14:39:36 IDT 2026, 513 W
Tue Mar 31 14:39:36 IDT 2026, 506 W
Tue Mar 31 14:39:36 IDT 2026, 508 W
Tue Mar 31 14:39:36 IDT 2026, 507 W
Tue Mar 31 14:39:36 IDT 2026, 512 W
Tue Mar 31 14:39:36 IDT 2026, 509 W
Tue Mar 31 14:39:36 IDT 2026, 509 W
Tue Mar 31 14:39:37 IDT 2026, 509 W
Tue Mar 31 14:39:37 IDT 2026, 517 W
Tue Mar 31 14:39:37 IDT 2026, 507 W
Tue Mar 31 14:39:37 IDT 2026, 511 W
Tue Mar 31 14:39:37 IDT 2026, 506 W
Tue Mar 31 14:39:37 IDT 2026, 511 W
Tue Mar 31 14:39:37 IDT 2026, 511 W
Tue Mar 31 14:39:37 IDT 2026, 507 W
Tue Mar 31 14:39:38 IDT 2026, 232 W
Tue Mar 31 14:39:38 IDT 2026, 238 W
Tue Mar 31 14:39:38 IDT 2026, 233 W
Tue Mar 31 14:39:38 IDT 2026, 233 W
Tue Mar 31 14:39:38 IDT 2026, 234 W
Tue Mar 31 14:39:38 IDT 2026, 237 W
Tue Mar 31 14:39:38 IDT 2026, 235 W
Tue Mar 31 14:39:38 IDT 2026, 233 W
Tue Mar 31 14:39:39 IDT 2026, 524 W
Tue Mar 31 14:39:39 IDT 2026, 535 W
Tue Mar 31 14:39:39 IDT 2026, 520 W
Tue Mar 31 14:39:39 IDT 2026, 527 W
Tue Mar 31 14:39:39 IDT 2026, 523 W
Tue Mar 31 14:39:39 IDT 2026, 527 W
Tue Mar 31 14:39:39 IDT 2026, 531 W
Tue Mar 31 14:39:39 IDT 2026, 523 W
Tue Mar 31 14:39:40 IDT 2026, 529 W
Tue Mar 31 14:39:40 IDT 2026, 537 W
Tue Mar 31 14:39:40 IDT 2026, 531 W
Tue Mar 31 14:39:40 IDT 2026, 533 W
Tue Mar 31 14:39:40 IDT 2026, 529 W
Tue Mar 31 14:39:40 IDT 2026, 536 W
Tue Mar 31 14:39:40 IDT 2026, 534 W
Tue Mar 31 14:39:40 IDT 2026, 528 W
Tue Mar 31 14:39:41 IDT 2026, 521 W
Tue Mar 31 14:39:41 IDT 2026, 525 W
Tue Mar 31 14:39:41 IDT 2026, 517 W
Tue Mar 31 14:39:41 IDT 2026, 519 W
Tue Mar 31 14:39:41 IDT 2026, 521 W
Tue Mar 31 14:39:41 IDT 2026, 523 W
Tue Mar 31 14:39:41 IDT 2026, 526 W
Tue Mar 31 14:39:41 IDT 2026, 520 W
Tue Mar 31 14:39:42 IDT 2026, 525 W
Tue Mar 31 14:39:42 IDT 2026, 533 W
Tue Mar 31 14:39:42 IDT 2026, 524 W
Tue Mar 31 14:39:42 IDT 2026, 529 W
Tue Mar 31 14:39:42 IDT 2026, 526 W
Tue Mar 31 14:39:42 IDT 2026, 532 W
Tue Mar 31 14:39:42 IDT 2026, 529 W
Tue Mar 31 14:39:42 IDT 2026, 526 W
Tue Mar 31 14:39:43 IDT 2026, 524 W
Tue Mar 31 14:39:43 IDT 2026, 531 W
Tue Mar 31 14:39:43 IDT 2026, 525 W
Tue Mar 31 14:39:43 IDT 2026, 526 W
Tue Mar 31 14:39:43 IDT 2026, 527 W
Tue Mar 31 14:39:43 IDT 2026, 530 W
Tue Mar 31 14:39:43 IDT 2026, 525 W
Tue Mar 31 14:39:43 IDT 2026, 526 W
Tue Mar 31 14:39:44 IDT 2026, 516 W
Tue Mar 31 14:39:44 IDT 2026, 531 W
Tue Mar 31 14:39:44 IDT 2026, 522 W
Tue Mar 31 14:39:44 IDT 2026, 523 W
Tue Mar 31 14:39:44 IDT 2026, 522 W
Tue Mar 31 14:39:44 IDT 2026, 528 W
Tue Mar 31 14:39:44 IDT 2026, 524 W
Tue Mar 31 14:39:44 IDT 2026, 521 W
Tue Mar 31 14:39:45 IDT 2026, 519 W
Tue Mar 31 14:39:45 IDT 2026, 530 W
Tue Mar 31 14:39:45 IDT 2026, 523 W
Tue Mar 31 14:39:45 IDT 2026, 522 W
Tue Mar 31 14:39:45 IDT 2026, 522 W
Tue Mar 31 14:39:45 IDT 2026, 527 W
Tue Mar 31 14:39:45 IDT 2026, 524 W
Tue Mar 31 14:39:45 IDT 2026, 523 W
Tue Mar 31 14:39:46 IDT 2026, 521 W
Tue Mar 31 14:39:46 IDT 2026, 527 W
Tue Mar 31 14:39:46 IDT 2026, 520 W
Tue Mar 31 14:39:46 IDT 2026, 525 W
Tue Mar 31 14:39:46 IDT 2026, 519 W
Tue Mar 31 14:39:46 IDT 2026, 524 W
Tue Mar 31 14:39:46 IDT 2026, 527 W
Tue Mar 31 14:39:46 IDT 2026, 519 W
Tue Mar 31 14:39:47 IDT 2026, 520 W
Tue Mar 31 14:39:47 IDT 2026, 530 W
Tue Mar 31 14:39:47 IDT 2026, 518 W
Tue Mar 31 14:39:47 IDT 2026, 526 W
Tue Mar 31 14:39:47 IDT 2026, 522 W
Tue Mar 31 14:39:47 IDT 2026, 527 W
Tue Mar 31 14:39:47 IDT 2026, 526 W
Tue Mar 31 14:39:47 IDT 2026, 522 W
Tue Mar 31 14:39:48 IDT 2026, 519 W
Tue Mar 31 14:39:48 IDT 2026, 533 W
Tue Mar 31 14:39:48 IDT 2026, 519 W
Tue Mar 31 14:39:48 IDT 2026, 527 W
Tue Mar 31 14:39:48 IDT 2026, 522 W
Tue Mar 31 14:39:48 IDT 2026, 527 W
Tue Mar 31 14:39:48 IDT 2026, 524 W
Tue Mar 31 14:39:48 IDT 2026, 524 W
Tue Mar 31 14:39:49 IDT 2026, 508 W
Tue Mar 31 14:39:49 IDT 2026, 517 W
Tue Mar 31 14:39:49 IDT 2026, 506 W
Tue Mar 31 14:39:49 IDT 2026, 511 W
Tue Mar 31 14:39:49 IDT 2026, 508 W
Tue Mar 31 14:39:49 IDT 2026, 511 W
Tue Mar 31 14:39:49 IDT 2026, 508 W
Tue Mar 31 14:39:49 IDT 2026, 504 W
Tue Mar 31 14:39:50 IDT 2026, 505 W
Tue Mar 31 14:39:50 IDT 2026, 517 W
Tue Mar 31 14:39:50 IDT 2026, 506 W
Tue Mar 31 14:39:50 IDT 2026, 510 W
Tue Mar 31 14:39:50 IDT 2026, 507 W
Tue Mar 31 14:39:50 IDT 2026, 513 W
Tue Mar 31 14:39:50 IDT 2026, 511 W
Tue Mar 31 14:39:50 IDT 2026, 506 W
Tue Mar 31 14:39:51 IDT 2026, 505 W
Tue Mar 31 14:39:51 IDT 2026, 518 W
Tue Mar 31 14:39:51 IDT 2026, 508 W
Tue Mar 31 14:39:51 IDT 2026, 509 W
Tue Mar 31 14:39:51 IDT 2026, 510 W
Tue Mar 31 14:39:51 IDT 2026, 510 W
Tue Mar 31 14:39:51 IDT 2026, 511 W
Tue Mar 31 14:39:51 IDT 2026, 506 W
Tue Mar 31 14:39:52 IDT 2026, 413 W
Tue Mar 31 14:39:52 IDT 2026, 480 W
Tue Mar 31 14:39:52 IDT 2026, 447 W
Tue Mar 31 14:39:52 IDT 2026, 415 W
Tue Mar 31 14:39:52 IDT 2026, 436 W
Tue Mar 31 14:39:52 IDT 2026, 448 W
Tue Mar 31 14:39:52 IDT 2026, 490 W
Tue Mar 31 14:39:52 IDT 2026, 462 W
Tue Mar 31 14:39:53 IDT 2026, 507 W
Tue Mar 31 14:39:53 IDT 2026, 513 W
Tue Mar 31 14:39:53 IDT 2026, 506 W
Tue Mar 31 14:39:53 IDT 2026, 510 W
Tue Mar 31 14:39:53 IDT 2026, 506 W
Tue Mar 31 14:39:53 IDT 2026, 514 W
Tue Mar 31 14:39:53 IDT 2026, 512 W
Tue Mar 31 14:39:53 IDT 2026, 505 W
Tue Mar 31 14:39:54 IDT 2026, 501 W
Tue Mar 31 14:39:54 IDT 2026, 506 W
Tue Mar 31 14:39:54 IDT 2026, 496 W
Tue Mar 31 14:39:54 IDT 2026, 505 W
Tue Mar 31 14:39:54 IDT 2026, 499 W
Tue Mar 31 14:39:54 IDT 2026, 506 W
Tue Mar 31 14:39:54 IDT 2026, 503 W
Tue Mar 31 14:39:54 IDT 2026, 501 W
Tue Mar 31 14:39:55 IDT 2026, 506 W
Tue Mar 31 14:39:55 IDT 2026, 514 W
Tue Mar 31 14:39:55 IDT 2026, 507 W
Tue Mar 31 14:39:55 IDT 2026, 509 W
Tue Mar 31 14:39:55 IDT 2026, 506 W
Tue Mar 31 14:39:55 IDT 2026, 513 W
Tue Mar 31 14:39:55 IDT 2026, 507 W
Tue Mar 31 14:39:55 IDT 2026, 506 W
Tue Mar 31 14:39:56 IDT 2026, 507 W
Tue Mar 31 14:39:56 IDT 2026, 511 W
Tue Mar 31 14:39:56 IDT 2026, 507 W
Tue Mar 31 14:39:56 IDT 2026, 509 W
Tue Mar 31 14:39:56 IDT 2026, 503 W
Tue Mar 31 14:39:56 IDT 2026, 511 W
Tue Mar 31 14:39:56 IDT 2026, 511 W
Tue Mar 31 14:39:56 IDT 2026, 504 W
Tue Mar 31 14:39:57 IDT 2026, 503 W
Tue Mar 31 14:39:57 IDT 2026, 513 W
Tue Mar 31 14:39:57 IDT 2026, 506 W
Tue Mar 31 14:39:57 IDT 2026, 507 W
Tue Mar 31 14:39:57 IDT 2026, 509 W
Tue Mar 31 14:39:57 IDT 2026, 511 W
Tue Mar 31 14:39:57 IDT 2026, 507 W
Tue Mar 31 14:39:57 IDT 2026, 507 W
Tue Mar 31 14:39:58 IDT 2026, 500 W
Tue Mar 31 14:39:58 IDT 2026, 497 W
Tue Mar 31 14:39:58 IDT 2026, 483 W
Tue Mar 31 14:39:58 IDT 2026, 502 W
Tue Mar 31 14:39:58 IDT 2026, 470 W
Tue Mar 31 14:39:58 IDT 2026, 488 W
Tue Mar 31 14:39:58 IDT 2026, 501 W
Tue Mar 31 14:39:58 IDT 2026, 466 W
Tue Mar 31 14:39:59 IDT 2026, 231 W
Tue Mar 31 14:39:59 IDT 2026, 240 W
Tue Mar 31 14:39:59 IDT 2026, 232 W
Tue Mar 31 14:39:59 IDT 2026, 233 W
Tue Mar 31 14:39:59 IDT 2026, 236 W
Tue Mar 31 14:39:59 IDT 2026, 237 W
Tue Mar 31 14:39:59 IDT 2026, 235 W
Tue Mar 31 14:39:59 IDT 2026, 233 W
Tue Mar 31 14:40:00 IDT 2026, 525 W
Tue Mar 31 14:40:00 IDT 2026, 533 W
Tue Mar 31 14:40:00 IDT 2026, 523 W
Tue Mar 31 14:40:00 IDT 2026, 527 W
Tue Mar 31 14:40:00 IDT 2026, 526 W
Tue Mar 31 14:40:00 IDT 2026, 531 W
Tue Mar 31 14:40:00 IDT 2026, 527 W
Tue Mar 31 14:40:00 IDT 2026, 522 W
Tue Mar 31 14:40:01 IDT 2026, 527 W
Tue Mar 31 14:40:01 IDT 2026, 539 W
Tue Mar 31 14:40:01 IDT 2026, 528 W
Tue Mar 31 14:40:01 IDT 2026, 530 W
Tue Mar 31 14:40:01 IDT 2026, 528 W
Tue Mar 31 14:40:01 IDT 2026, 536 W
Tue Mar 31 14:40:01 IDT 2026, 531 W
Tue Mar 31 14:40:01 IDT 2026, 529 W
Tue Mar 31 14:40:02 IDT 2026, 528 W
Tue Mar 31 14:40:02 IDT 2026, 539 W
Tue Mar 31 14:40:02 IDT 2026, 528 W
Tue Mar 31 14:40:02 IDT 2026, 533 W
Tue Mar 31 14:40:02 IDT 2026, 531 W
Tue Mar 31 14:40:02 IDT 2026, 533 W
Tue Mar 31 14:40:02 IDT 2026, 533 W
Tue Mar 31 14:40:02 IDT 2026, 530 W
Tue Mar 31 14:40:03 IDT 2026, 528 W
Tue Mar 31 14:40:03 IDT 2026, 538 W
Tue Mar 31 14:40:03 IDT 2026, 526 W
Tue Mar 31 14:40:03 IDT 2026, 531 W
Tue Mar 31 14:40:03 IDT 2026, 529 W
Tue Mar 31 14:40:03 IDT 2026, 535 W
Tue Mar 31 14:40:03 IDT 2026, 532 W
Tue Mar 31 14:40:03 IDT 2026, 530 W
Tue Mar 31 14:40:04 IDT 2026, 526 W
Tue Mar 31 14:40:04 IDT 2026, 537 W
Tue Mar 31 14:40:04 IDT 2026, 527 W
Tue Mar 31 14:40:04 IDT 2026, 531 W
Tue Mar 31 14:40:04 IDT 2026, 531 W
Tue Mar 31 14:40:04 IDT 2026, 534 W
Tue Mar 31 14:40:04 IDT 2026, 533 W
Tue Mar 31 14:40:04 IDT 2026, 529 W
Tue Mar 31 14:40:05 IDT 2026, 528 W
Tue Mar 31 14:40:05 IDT 2026, 535 W
Tue Mar 31 14:40:05 IDT 2026, 524 W
Tue Mar 31 14:40:05 IDT 2026, 532 W
Tue Mar 31 14:40:05 IDT 2026, 528 W
Tue Mar 31 14:40:05 IDT 2026, 532 W
Tue Mar 31 14:40:05 IDT 2026, 531 W
Tue Mar 31 14:40:05 IDT 2026, 529 W
Tue Mar 31 14:40:06 IDT 2026, 529 W
Tue Mar 31 14:40:06 IDT 2026, 540 W
Tue Mar 31 14:40:06 IDT 2026, 529 W
Tue Mar 31 14:40:06 IDT 2026, 532 W
Tue Mar 31 14:40:06 IDT 2026, 531 W
Tue Mar 31 14:40:06 IDT 2026, 536 W
Tue Mar 31 14:40:06 IDT 2026, 534 W
Tue Mar 31 14:40:06 IDT 2026, 530 W
Tue Mar 31 14:40:07 IDT 2026, 527 W
Tue Mar 31 14:40:07 IDT 2026, 534 W
Tue Mar 31 14:40:07 IDT 2026, 524 W
Tue Mar 31 14:40:07 IDT 2026, 531 W
Tue Mar 31 14:40:07 IDT 2026, 526 W
Tue Mar 31 14:40:07 IDT 2026, 532 W
Tue Mar 31 14:40:07 IDT 2026, 529 W
Tue Mar 31 14:40:07 IDT 2026, 527 W
Tue Mar 31 14:40:08 IDT 2026, 523 W
Tue Mar 31 14:40:08 IDT 2026, 529 W
Tue Mar 31 14:40:08 IDT 2026, 518 W
Tue Mar 31 14:40:08 IDT 2026, 524 W
Tue Mar 31 14:40:08 IDT 2026, 523 W
Tue Mar 31 14:40:08 IDT 2026, 527 W
Tue Mar 31 14:40:08 IDT 2026, 527 W
Tue Mar 31 14:40:08 IDT 2026, 521 W
Tue Mar 31 14:40:09 IDT 2026, 511 W
Tue Mar 31 14:40:09 IDT 2026, 515 W
Tue Mar 31 14:40:09 IDT 2026, 509 W
Tue Mar 31 14:40:09 IDT 2026, 515 W
Tue Mar 31 14:40:09 IDT 2026, 508 W
Tue Mar 31 14:40:09 IDT 2026, 516 W
Tue Mar 31 14:40:09 IDT 2026, 519 W
Tue Mar 31 14:40:09 IDT 2026, 508 W
Tue Mar 31 14:40:10 IDT 2026, 507 W
Tue Mar 31 14:40:10 IDT 2026, 516 W
Tue Mar 31 14:40:10 IDT 2026, 506 W
Tue Mar 31 14:40:10 IDT 2026, 510 W
Tue Mar 31 14:40:10 IDT 2026, 510 W
Tue Mar 31 14:40:10 IDT 2026, 513 W
Tue Mar 31 14:40:10 IDT 2026, 513 W
Tue Mar 31 14:40:10 IDT 2026, 507 W
Tue Mar 31 14:40:11 IDT 2026, 502 W
Tue Mar 31 14:40:11 IDT 2026, 512 W
Tue Mar 31 14:40:11 IDT 2026, 500 W
Tue Mar 31 14:40:11 IDT 2026, 507 W
Tue Mar 31 14:40:11 IDT 2026, 503 W
Tue Mar 31 14:40:11 IDT 2026, 508 W
Tue Mar 31 14:40:11 IDT 2026, 508 W
Tue Mar 31 14:40:11 IDT 2026, 501 W
Tue Mar 31 14:40:12 IDT 2026, 505 W
Tue Mar 31 14:40:12 IDT 2026, 516 W
Tue Mar 31 14:40:12 IDT 2026, 505 W
Tue Mar 31 14:40:12 IDT 2026, 509 W
Tue Mar 31 14:40:12 IDT 2026, 508 W
Tue Mar 31 14:40:12 IDT 2026, 513 W
Tue Mar 31 14:40:12 IDT 2026, 508 W
Tue Mar 31 14:40:12 IDT 2026, 507 W
Tue Mar 31 14:40:13 IDT 2026, 499 W
Tue Mar 31 14:40:13 IDT 2026, 508 W
Tue Mar 31 14:40:13 IDT 2026, 498 W
Tue Mar 31 14:40:13 IDT 2026, 502 W
Tue Mar 31 14:40:13 IDT 2026, 501 W
Tue Mar 31 14:40:13 IDT 2026, 507 W
Tue Mar 31 14:40:13 IDT 2026, 505 W
Tue Mar 31 14:40:13 IDT 2026, 498 W
Tue Mar 31 14:40:14 IDT 2026, 504 W
Tue Mar 31 14:40:14 IDT 2026, 513 W
Tue Mar 31 14:40:14 IDT 2026, 503 W
Tue Mar 31 14:40:14 IDT 2026, 508 W
Tue Mar 31 14:40:14 IDT 2026, 509 W
Tue Mar 31 14:40:14 IDT 2026, 509 W
Tue Mar 31 14:40:14 IDT 2026, 509 W
Tue Mar 31 14:40:14 IDT 2026, 504 W
Tue Mar 31 14:40:15 IDT 2026, 506 W
Tue Mar 31 14:40:15 IDT 2026, 516 W
Tue Mar 31 14:40:15 IDT 2026, 505 W
Tue Mar 31 14:40:15 IDT 2026, 510 W
Tue Mar 31 14:40:15 IDT 2026, 508 W
Tue Mar 31 14:40:15 IDT 2026, 512 W
Tue Mar 31 14:40:15 IDT 2026, 509 W
Tue Mar 31 14:40:15 IDT 2026, 509 W
Tue Mar 31 14:40:16 IDT 2026, 498 W
Tue Mar 31 14:40:16 IDT 2026, 513 W
Tue Mar 31 14:40:16 IDT 2026, 503 W
Tue Mar 31 14:40:16 IDT 2026, 503 W
Tue Mar 31 14:40:16 IDT 2026, 503 W
Tue Mar 31 14:40:16 IDT 2026, 510 W
Tue Mar 31 14:40:16 IDT 2026, 502 W
Tue Mar 31 14:40:16 IDT 2026, 504 W
Tue Mar 31 14:40:17 IDT 2026, 507 W
Tue Mar 31 14:40:17 IDT 2026, 514 W
Tue Mar 31 14:40:17 IDT 2026, 503 W
Tue Mar 31 14:40:17 IDT 2026, 511 W
Tue Mar 31 14:40:17 IDT 2026, 506 W
Tue Mar 31 14:40:17 IDT 2026, 512 W
Tue Mar 31 14:40:17 IDT 2026, 510 W
Tue Mar 31 14:40:17 IDT 2026, 509 W
Tue Mar 31 14:40:18 IDT 2026, 509 W
Tue Mar 31 14:40:18 IDT 2026, 517 W
Tue Mar 31 14:40:18 IDT 2026, 510 W
Tue Mar 31 14:40:18 IDT 2026, 513 W
Tue Mar 31 14:40:18 IDT 2026, 515 W
Tue Mar 31 14:40:18 IDT 2026, 517 W
Tue Mar 31 14:40:18 IDT 2026, 514 W
Tue Mar 31 14:40:18 IDT 2026, 511 W
Tue Mar 31 14:40:19 IDT 2026, 504 W
Tue Mar 31 14:40:19 IDT 2026, 516 W
Tue Mar 31 14:40:19 IDT 2026, 506 W
Tue Mar 31 14:40:19 IDT 2026, 510 W
Tue Mar 31 14:40:19 IDT 2026, 508 W
Tue Mar 31 14:40:19 IDT 2026, 513 W
Tue Mar 31 14:40:19 IDT 2026, 512 W
Tue Mar 31 14:40:19 IDT 2026, 507 W
Tue Mar 31 14:40:20 IDT 2026, 239 W
Tue Mar 31 14:40:20 IDT 2026, 253 W
Tue Mar 31 14:40:20 IDT 2026, 236 W
Tue Mar 31 14:40:20 IDT 2026, 239 W
Tue Mar 31 14:40:20 IDT 2026, 251 W
Tue Mar 31 14:40:20 IDT 2026, 241 W
Tue Mar 31 14:40:20 IDT 2026, 243 W
Tue Mar 31 14:40:20 IDT 2026, 251 W
Tue Mar 31 14:40:21 IDT 2026, 524 W
Tue Mar 31 14:40:21 IDT 2026, 533 W
Tue Mar 31 14:40:21 IDT 2026, 523 W
Tue Mar 31 14:40:21 IDT 2026, 527 W
Tue Mar 31 14:40:21 IDT 2026, 525 W
Tue Mar 31 14:40:21 IDT 2026, 529 W
Tue Mar 31 14:40:21 IDT 2026, 527 W
Tue Mar 31 14:40:21 IDT 2026, 525 W
Tue Mar 31 14:40:22 IDT 2026, 442 W
Tue Mar 31 14:40:22 IDT 2026, 506 W
Tue Mar 31 14:40:22 IDT 2026, 527 W
Tue Mar 31 14:40:22 IDT 2026, 478 W
Tue Mar 31 14:40:22 IDT 2026, 525 W
Tue Mar 31 14:40:22 IDT 2026, 534 W
Tue Mar 31 14:40:22 IDT 2026, 465 W
Tue Mar 31 14:40:22 IDT 2026, 529 W
Tue Mar 31 14:40:23 IDT 2026, 528 W
Tue Mar 31 14:40:23 IDT 2026, 538 W
Tue Mar 31 14:40:23 IDT 2026, 528 W
Tue Mar 31 14:40:23 IDT 2026, 529 W
Tue Mar 31 14:40:23 IDT 2026, 526 W
Tue Mar 31 14:40:23 IDT 2026, 533 W
Tue Mar 31 14:40:23 IDT 2026, 531 W
Tue Mar 31 14:40:23 IDT 2026, 529 W
Tue Mar 31 14:40:24 IDT 2026, 528 W
Tue Mar 31 14:40:24 IDT 2026, 535 W
Tue Mar 31 14:40:24 IDT 2026, 528 W
Tue Mar 31 14:40:24 IDT 2026, 531 W
Tue Mar 31 14:40:24 IDT 2026, 529 W
Tue Mar 31 14:40:24 IDT 2026, 535 W
Tue Mar 31 14:40:24 IDT 2026, 530 W
Tue Mar 31 14:40:24 IDT 2026, 530 W
Tue Mar 31 14:40:25 IDT 2026, 526 W
Tue Mar 31 14:40:25 IDT 2026, 538 W
Tue Mar 31 14:40:25 IDT 2026, 526 W
Tue Mar 31 14:40:25 IDT 2026, 530 W
Tue Mar 31 14:40:25 IDT 2026, 528 W
Tue Mar 31 14:40:25 IDT 2026, 532 W
Tue Mar 31 14:40:25 IDT 2026, 531 W
Tue Mar 31 14:40:25 IDT 2026, 526 W
Tue Mar 31 14:40:26 IDT 2026, 522 W
Tue Mar 31 14:40:26 IDT 2026, 534 W
Tue Mar 31 14:40:26 IDT 2026, 525 W
Tue Mar 31 14:40:26 IDT 2026, 525 W
Tue Mar 31 14:40:26 IDT 2026, 524 W
Tue Mar 31 14:40:26 IDT 2026, 531 W
Tue Mar 31 14:40:26 IDT 2026, 526 W
Tue Mar 31 14:40:26 IDT 2026, 526 W
Tue Mar 31 14:40:27 IDT 2026, 521 W
Tue Mar 31 14:40:27 IDT 2026, 529 W
Tue Mar 31 14:40:27 IDT 2026, 519 W
Tue Mar 31 14:40:27 IDT 2026, 527 W
Tue Mar 31 14:40:27 IDT 2026, 521 W
Tue Mar 31 14:40:27 IDT 2026, 528 W
Tue Mar 31 14:40:27 IDT 2026, 529 W
Tue Mar 31 14:40:27 IDT 2026, 523 W
Tue Mar 31 14:40:28 IDT 2026, 513 W
Tue Mar 31 14:40:28 IDT 2026, 494 W
Tue Mar 31 14:40:28 IDT 2026, 505 W
Tue Mar 31 14:40:28 IDT 2026, 518 W
Tue Mar 31 14:40:28 IDT 2026, 492 W
Tue Mar 31 14:40:28 IDT 2026, 510 W
Tue Mar 31 14:40:28 IDT 2026, 517 W
Tue Mar 31 14:40:28 IDT 2026, 487 W
Tue Mar 31 14:40:29 IDT 2026, 473 W
Tue Mar 31 14:40:29 IDT 2026, 497 W
Tue Mar 31 14:40:29 IDT 2026, 476 W
Tue Mar 31 14:40:29 IDT 2026, 479 W
Tue Mar 31 14:40:29 IDT 2026, 483 W
Tue Mar 31 14:40:29 IDT 2026, 479 W
Tue Mar 31 14:40:29 IDT 2026, 469 W
Tue Mar 31 14:40:29 IDT 2026, 482 W
Tue Mar 31 14:40:30 IDT 2026, 503 W
Tue Mar 31 14:40:30 IDT 2026, 513 W
Tue Mar 31 14:40:30 IDT 2026, 503 W
Tue Mar 31 14:40:30 IDT 2026, 509 W
Tue Mar 31 14:40:30 IDT 2026, 506 W
Tue Mar 31 14:40:30 IDT 2026, 511 W
Tue Mar 31 14:40:30 IDT 2026, 509 W
Tue Mar 31 14:40:30 IDT 2026, 507 W
Tue Mar 31 14:40:31 IDT 2026, 472 W
Tue Mar 31 14:40:31 IDT 2026, 483 W
Tue Mar 31 14:40:31 IDT 2026, 474 W
Tue Mar 31 14:40:31 IDT 2026, 476 W
Tue Mar 31 14:40:31 IDT 2026, 474 W
Tue Mar 31 14:40:31 IDT 2026, 479 W
Tue Mar 31 14:40:31 IDT 2026, 477 W
Tue Mar 31 14:40:31 IDT 2026, 475 W
Tue Mar 31 14:40:32 IDT 2026, 459 W
Tue Mar 31 14:40:32 IDT 2026, 465 W
Tue Mar 31 14:40:32 IDT 2026, 461 W
Tue Mar 31 14:40:32 IDT 2026, 462 W
Tue Mar 31 14:40:32 IDT 2026, 461 W
Tue Mar 31 14:40:32 IDT 2026, 463 W
Tue Mar 31 14:40:32 IDT 2026, 463 W
Tue Mar 31 14:40:32 IDT 2026, 462 W
Tue Mar 31 14:40:33 IDT 2026, 397 W
Tue Mar 31 14:40:33 IDT 2026, 397 W
Tue Mar 31 14:40:33 IDT 2026, 407 W
Tue Mar 31 14:40:33 IDT 2026, 398 W
Tue Mar 31 14:40:33 IDT 2026, 392 W
Tue Mar 31 14:40:33 IDT 2026, 412 W
Tue Mar 31 14:40:33 IDT 2026, 399 W
Tue Mar 31 14:40:33 IDT 2026, 390 W
Tue Mar 31 14:40:34 IDT 2026, 415 W
Tue Mar 31 14:40:34 IDT 2026, 420 W
Tue Mar 31 14:40:34 IDT 2026, 415 W
Tue Mar 31 14:40:34 IDT 2026, 411 W
Tue Mar 31 14:40:34 IDT 2026, 417 W
Tue Mar 31 14:40:34 IDT 2026, 418 W
Tue Mar 31 14:40:34 IDT 2026, 416 W
Tue Mar 31 14:40:34 IDT 2026, 413 W
Tue Mar 31 14:40:35 IDT 2026, 415 W
Tue Mar 31 14:40:35 IDT 2026, 423 W
Tue Mar 31 14:40:35 IDT 2026, 416 W
Tue Mar 31 14:40:35 IDT 2026, 418 W
Tue Mar 31 14:40:35 IDT 2026, 415 W
Tue Mar 31 14:40:35 IDT 2026, 421 W
Tue Mar 31 14:40:35 IDT 2026, 421 W
Tue Mar 31 14:40:35 IDT 2026, 418 W
Tue Mar 31 14:40:36 IDT 2026, 424 W
Tue Mar 31 14:40:36 IDT 2026, 427 W
Tue Mar 31 14:40:36 IDT 2026, 408 W
Tue Mar 31 14:40:36 IDT 2026, 427 W
Tue Mar 31 14:40:36 IDT 2026, 415 W
Tue Mar 31 14:40:36 IDT 2026, 379 W
Tue Mar 31 14:40:36 IDT 2026, 428 W
Tue Mar 31 14:40:36 IDT 2026, 415 W
Tue Mar 31 14:40:37 IDT 2026, 393 W
Tue Mar 31 14:40:37 IDT 2026, 410 W
Tue Mar 31 14:40:37 IDT 2026, 420 W
Tue Mar 31 14:40:37 IDT 2026, 368 W
Tue Mar 31 14:40:37 IDT 2026, 415 W
Tue Mar 31 14:40:37 IDT 2026, 411 W
Tue Mar 31 14:40:37 IDT 2026, 398 W
Tue Mar 31 14:40:37 IDT 2026, 416 W
Tue Mar 31 14:40:38 IDT 2026, 386 W
Tue Mar 31 14:40:38 IDT 2026, 403 W
Tue Mar 31 14:40:38 IDT 2026, 403 W
Tue Mar 31 14:40:38 IDT 2026, 376 W
Tue Mar 31 14:40:38 IDT 2026, 400 W
Tue Mar 31 14:40:38 IDT 2026, 405 W
Tue Mar 31 14:40:38 IDT 2026, 393 W
Tue Mar 31 14:40:38 IDT 2026, 397 W
Tue Mar 31 14:40:39 IDT 2026, 426 W
Tue Mar 31 14:40:39 IDT 2026, 430 W
Tue Mar 31 14:40:39 IDT 2026, 423 W
Tue Mar 31 14:40:39 IDT 2026, 431 W
Tue Mar 31 14:40:39 IDT 2026, 419 W
Tue Mar 31 14:40:39 IDT 2026, 429 W
Tue Mar 31 14:40:39 IDT 2026, 424 W
Tue Mar 31 14:40:39 IDT 2026, 424 W
Tue Mar 31 14:40:40 IDT 2026, 230 W
Tue Mar 31 14:40:40 IDT 2026, 238 W
Tue Mar 31 14:40:40 IDT 2026, 231 W
Tue Mar 31 14:40:40 IDT 2026, 231 W
Tue Mar 31 14:40:40 IDT 2026, 234 W
Tue Mar 31 14:40:40 IDT 2026, 236 W
Tue Mar 31 14:40:40 IDT 2026, 233 W
Tue Mar 31 14:40:40 IDT 2026, 232 W
Tue Mar 31 14:40:41 IDT 2026, 526 W
Tue Mar 31 14:40:41 IDT 2026, 535 W
Tue Mar 31 14:40:41 IDT 2026, 525 W
Tue Mar 31 14:40:41 IDT 2026, 528 W
Tue Mar 31 14:40:41 IDT 2026, 528 W
Tue Mar 31 14:40:41 IDT 2026, 531 W
Tue Mar 31 14:40:41 IDT 2026, 531 W
Tue Mar 31 14:40:41 IDT 2026, 528 W
Tue Mar 31 14:40:42 IDT 2026, 526 W
Tue Mar 31 14:40:42 IDT 2026, 537 W
Tue Mar 31 14:40:42 IDT 2026, 524 W
Tue Mar 31 14:40:42 IDT 2026, 532 W
Tue Mar 31 14:40:42 IDT 2026, 526 W
Tue Mar 31 14:40:42 IDT 2026, 532 W
Tue Mar 31 14:40:42 IDT 2026, 530 W
Tue Mar 31 14:40:42 IDT 2026, 528 W
Tue Mar 31 14:40:43 IDT 2026, 525 W
Tue Mar 31 14:40:43 IDT 2026, 536 W
Tue Mar 31 14:40:43 IDT 2026, 526 W
Tue Mar 31 14:40:43 IDT 2026, 529 W
Tue Mar 31 14:40:43 IDT 2026, 528 W
Tue Mar 31 14:40:43 IDT 2026, 532 W
Tue Mar 31 14:40:43 IDT 2026, 528 W
Tue Mar 31 14:40:43 IDT 2026, 530 W
Tue Mar 31 14:40:44 IDT 2026, 524 W
Tue Mar 31 14:40:44 IDT 2026, 533 W
Tue Mar 31 14:40:44 IDT 2026, 524 W
Tue Mar 31 14:40:44 IDT 2026, 529 W
Tue Mar 31 14:40:44 IDT 2026, 527 W
Tue Mar 31 14:40:44 IDT 2026, 532 W
Tue Mar 31 14:40:44 IDT 2026, 529 W
Tue Mar 31 14:40:44 IDT 2026, 527 W
Tue Mar 31 14:40:45 IDT 2026, 525 W
Tue Mar 31 14:40:45 IDT 2026, 534 W
Tue Mar 31 14:40:45 IDT 2026, 527 W
Tue Mar 31 14:40:45 IDT 2026, 529 W
Tue Mar 31 14:40:45 IDT 2026, 528 W
Tue Mar 31 14:40:45 IDT 2026, 532 W
Tue Mar 31 14:40:45 IDT 2026, 531 W
Tue Mar 31 14:40:45 IDT 2026, 527 W
Tue Mar 31 14:40:46 IDT 2026, 519 W
Tue Mar 31 14:40:46 IDT 2026, 526 W
Tue Mar 31 14:40:46 IDT 2026, 521 W
Tue Mar 31 14:40:46 IDT 2026, 524 W
Tue Mar 31 14:40:46 IDT 2026, 516 W
Tue Mar 31 14:40:46 IDT 2026, 524 W
Tue Mar 31 14:40:46 IDT 2026, 519 W
Tue Mar 31 14:40:46 IDT 2026, 515 W
Tue Mar 31 14:40:47 IDT 2026, 481 W
Tue Mar 31 14:40:47 IDT 2026, 504 W
Tue Mar 31 14:40:47 IDT 2026, 478 W
Tue Mar 31 14:40:47 IDT 2026, 483 W
Tue Mar 31 14:40:47 IDT 2026, 502 W
Tue Mar 31 14:40:47 IDT 2026, 486 W
Tue Mar 31 14:40:47 IDT 2026, 490 W
Tue Mar 31 14:40:47 IDT 2026, 502 W
Tue Mar 31 14:40:48 IDT 2026, 471 W
Tue Mar 31 14:40:48 IDT 2026, 478 W
Tue Mar 31 14:40:48 IDT 2026, 472 W
Tue Mar 31 14:40:48 IDT 2026, 475 W
Tue Mar 31 14:40:48 IDT 2026, 470 W
Tue Mar 31 14:40:48 IDT 2026, 481 W
Tue Mar 31 14:40:48 IDT 2026, 476 W
Tue Mar 31 14:40:48 IDT 2026, 467 W
Tue Mar 31 14:40:49 IDT 2026, 474 W
Tue Mar 31 14:40:49 IDT 2026, 481 W
Tue Mar 31 14:40:49 IDT 2026, 472 W
Tue Mar 31 14:40:49 IDT 2026, 478 W
Tue Mar 31 14:40:49 IDT 2026, 474 W
Tue Mar 31 14:40:49 IDT 2026, 480 W
Tue Mar 31 14:40:49 IDT 2026, 479 W
Tue Mar 31 14:40:49 IDT 2026, 472 W
Tue Mar 31 14:40:50 IDT 2026, 471 W
Tue Mar 31 14:40:50 IDT 2026, 473 W
Tue Mar 31 14:40:50 IDT 2026, 464 W
Tue Mar 31 14:40:50 IDT 2026, 474 W
Tue Mar 31 14:40:50 IDT 2026, 468 W
Tue Mar 31 14:40:50 IDT 2026, 470 W
Tue Mar 31 14:40:50 IDT 2026, 474 W
Tue Mar 31 14:40:50 IDT 2026, 467 W
Tue Mar 31 14:40:51 IDT 2026, 425 W
Tue Mar 31 14:40:51 IDT 2026, 421 W
Tue Mar 31 14:40:51 IDT 2026, 427 W
Tue Mar 31 14:40:51 IDT 2026, 403 W
Tue Mar 31 14:40:51 IDT 2026, 433 W
Tue Mar 31 14:40:51 IDT 2026, 419 W
Tue Mar 31 14:40:51 IDT 2026, 420 W
Tue Mar 31 14:40:51 IDT 2026, 426 W
Tue Mar 31 14:40:52 IDT 2026, 472 W
Tue Mar 31 14:40:52 IDT 2026, 474 W
Tue Mar 31 14:40:52 IDT 2026, 464 W
Tue Mar 31 14:40:52 IDT 2026, 475 W
Tue Mar 31 14:40:52 IDT 2026, 465 W
Tue Mar 31 14:40:52 IDT 2026, 450 W
Tue Mar 31 14:40:52 IDT 2026, 477 W
Tue Mar 31 14:40:52 IDT 2026, 469 W
Tue Mar 31 14:40:53 IDT 2026, 464 W
Tue Mar 31 14:40:53 IDT 2026, 467 W
Tue Mar 31 14:40:53 IDT 2026, 455 W
Tue Mar 31 14:40:53 IDT 2026, 465 W
Tue Mar 31 14:40:53 IDT 2026, 456 W
Tue Mar 31 14:40:53 IDT 2026, 446 W
Tue Mar 31 14:40:53 IDT 2026, 467 W
Tue Mar 31 14:40:53 IDT 2026, 462 W
Tue Mar 31 14:40:54 IDT 2026, 472 W
Tue Mar 31 14:40:54 IDT 2026, 482 W
Tue Mar 31 14:40:54 IDT 2026, 474 W
Tue Mar 31 14:40:54 IDT 2026, 477 W
Tue Mar 31 14:40:54 IDT 2026, 474 W
Tue Mar 31 14:40:54 IDT 2026, 479 W
Tue Mar 31 14:40:54 IDT 2026, 476 W
Tue Mar 31 14:40:54 IDT 2026, 471 W
Tue Mar 31 14:40:55 IDT 2026, 471 W
Tue Mar 31 14:40:55 IDT 2026, 480 W
Tue Mar 31 14:40:55 IDT 2026, 474 W
Tue Mar 31 14:40:55 IDT 2026, 473 W
Tue Mar 31 14:40:55 IDT 2026, 472 W
Tue Mar 31 14:40:55 IDT 2026, 479 W
Tue Mar 31 14:40:55 IDT 2026, 476 W
Tue Mar 31 14:40:55 IDT 2026, 473 W
Tue Mar 31 14:40:56 IDT 2026, 422 W
Tue Mar 31 14:40:56 IDT 2026, 432 W
Tue Mar 31 14:40:56 IDT 2026, 422 W
Tue Mar 31 14:40:56 IDT 2026, 426 W
Tue Mar 31 14:40:56 IDT 2026, 423 W
Tue Mar 31 14:40:56 IDT 2026, 428 W
Tue Mar 31 14:40:56 IDT 2026, 426 W
Tue Mar 31 14:40:56 IDT 2026, 424 W
Tue Mar 31 14:40:57 IDT 2026, 425 W
Tue Mar 31 14:40:57 IDT 2026, 438 W
Tue Mar 31 14:40:57 IDT 2026, 428 W
Tue Mar 31 14:40:57 IDT 2026, 430 W
Tue Mar 31 14:40:57 IDT 2026, 430 W
Tue Mar 31 14:40:57 IDT 2026, 435 W
Tue Mar 31 14:40:57 IDT 2026, 428 W
Tue Mar 31 14:40:57 IDT 2026, 430 W
Tue Mar 31 14:40:58 IDT 2026, 427 W
Tue Mar 31 14:40:58 IDT 2026, 439 W
Tue Mar 31 14:40:58 IDT 2026, 429 W
Tue Mar 31 14:40:58 IDT 2026, 428 W
Tue Mar 31 14:40:58 IDT 2026, 432 W
Tue Mar 31 14:40:58 IDT 2026, 434 W
Tue Mar 31 14:40:58 IDT 2026, 429 W
Tue Mar 31 14:40:58 IDT 2026, 431 W
Tue Mar 31 14:40:59 IDT 2026, 231 W
Tue Mar 31 14:40:59 IDT 2026, 238 W
Tue Mar 31 14:40:59 IDT 2026, 231 W
Tue Mar 31 14:40:59 IDT 2026, 231 W
Tue Mar 31 14:40:59 IDT 2026, 233 W
Tue Mar 31 14:40:59 IDT 2026, 235 W
Tue Mar 31 14:40:59 IDT 2026, 236 W
Tue Mar 31 14:40:59 IDT 2026, 232 W
Tue Mar 31 14:41:00 IDT 2026, 527 W
Tue Mar 31 14:41:00 IDT 2026, 537 W
Tue Mar 31 14:41:00 IDT 2026, 529 W
Tue Mar 31 14:41:00 IDT 2026, 530 W
Tue Mar 31 14:41:00 IDT 2026, 530 W
Tue Mar 31 14:41:00 IDT 2026, 535 W
Tue Mar 31 14:41:00 IDT 2026, 531 W
Tue Mar 31 14:41:00 IDT 2026, 532 W
Tue Mar 31 14:41:01 IDT 2026, 526 W
Tue Mar 31 14:41:01 IDT 2026, 535 W
Tue Mar 31 14:41:01 IDT 2026, 526 W
Tue Mar 31 14:41:01 IDT 2026, 530 W
Tue Mar 31 14:41:01 IDT 2026, 526 W
Tue Mar 31 14:41:01 IDT 2026, 535 W
Tue Mar 31 14:41:01 IDT 2026, 529 W
Tue Mar 31 14:41:01 IDT 2026, 525 W
Tue Mar 31 14:41:02 IDT 2026, 524 W
Tue Mar 31 14:41:02 IDT 2026, 534 W
Tue Mar 31 14:41:02 IDT 2026, 525 W
Tue Mar 31 14:41:02 IDT 2026, 529 W
Tue Mar 31 14:41:02 IDT 2026, 527 W
Tue Mar 31 14:41:02 IDT 2026, 535 W
Tue Mar 31 14:41:02 IDT 2026, 530 W
Tue Mar 31 14:41:02 IDT 2026, 526 W
Tue Mar 31 14:41:03 IDT 2026, 525 W
Tue Mar 31 14:41:03 IDT 2026, 537 W
Tue Mar 31 14:41:03 IDT 2026, 525 W
Tue Mar 31 14:41:03 IDT 2026, 530 W
Tue Mar 31 14:41:03 IDT 2026, 526 W
Tue Mar 31 14:41:03 IDT 2026, 535 W
Tue Mar 31 14:41:03 IDT 2026, 531 W
Tue Mar 31 14:41:03 IDT 2026, 528 W
Tue Mar 31 14:41:04 IDT 2026, 519 W
Tue Mar 31 14:41:04 IDT 2026, 531 W
Tue Mar 31 14:41:04 IDT 2026, 524 W
Tue Mar 31 14:41:04 IDT 2026, 526 W
Tue Mar 31 14:41:04 IDT 2026, 523 W
Tue Mar 31 14:41:04 IDT 2026, 527 W
Tue Mar 31 14:41:04 IDT 2026, 528 W
Tue Mar 31 14:41:04 IDT 2026, 523 W
Tue Mar 31 14:41:05 IDT 2026, 515 W
Tue Mar 31 14:41:05 IDT 2026, 522 W
Tue Mar 31 14:41:05 IDT 2026, 509 W
Tue Mar 31 14:41:05 IDT 2026, 520 W
Tue Mar 31 14:41:05 IDT 2026, 517 W
Tue Mar 31 14:41:05 IDT 2026, 514 W
Tue Mar 31 14:41:05 IDT 2026, 519 W
Tue Mar 31 14:41:05 IDT 2026, 513 W
Tue Mar 31 14:41:06 IDT 2026, 519 W
Tue Mar 31 14:41:06 IDT 2026, 533 W
Tue Mar 31 14:41:06 IDT 2026, 522 W
Tue Mar 31 14:41:06 IDT 2026, 524 W
Tue Mar 31 14:41:06 IDT 2026, 524 W
Tue Mar 31 14:41:06 IDT 2026, 527 W
Tue Mar 31 14:41:06 IDT 2026, 527 W
Tue Mar 31 14:41:06 IDT 2026, 521 W
Tue Mar 31 14:41:07 IDT 2026, 471 W
Tue Mar 31 14:41:07 IDT 2026, 505 W
Tue Mar 31 14:41:07 IDT 2026, 489 W
Tue Mar 31 14:41:07 IDT 2026, 470 W
Tue Mar 31 14:41:07 IDT 2026, 497 W
Tue Mar 31 14:41:07 IDT 2026, 496 W
Tue Mar 31 14:41:07 IDT 2026, 491 W
Tue Mar 31 14:41:07 IDT 2026, 494 W
Tue Mar 31 14:41:08 IDT 2026, 507 W
Tue Mar 31 14:41:08 IDT 2026, 517 W
Tue Mar 31 14:41:08 IDT 2026, 508 W
Tue Mar 31 14:41:08 IDT 2026, 509 W
Tue Mar 31 14:41:08 IDT 2026, 510 W
Tue Mar 31 14:41:08 IDT 2026, 514 W
Tue Mar 31 14:41:08 IDT 2026, 494 W
Tue Mar 31 14:41:08 IDT 2026, 510 W
Tue Mar 31 14:41:09 IDT 2026, 506 W
Tue Mar 31 14:41:09 IDT 2026, 515 W
Tue Mar 31 14:41:09 IDT 2026, 503 W
Tue Mar 31 14:41:09 IDT 2026, 508 W
Tue Mar 31 14:41:09 IDT 2026, 506 W
Tue Mar 31 14:41:09 IDT 2026, 510 W
Tue Mar 31 14:41:09 IDT 2026, 506 W
Tue Mar 31 14:41:09 IDT 2026, 505 W
Tue Mar 31 14:41:10 IDT 2026, 504 W
Tue Mar 31 14:41:10 IDT 2026, 514 W
Tue Mar 31 14:41:10 IDT 2026, 504 W
Tue Mar 31 14:41:10 IDT 2026, 508 W
Tue Mar 31 14:41:10 IDT 2026, 506 W
Tue Mar 31 14:41:10 IDT 2026, 512 W
Tue Mar 31 14:41:10 IDT 2026, 509 W
Tue Mar 31 14:41:10 IDT 2026, 506 W
Tue Mar 31 14:41:11 IDT 2026, 503 W
Tue Mar 31 14:41:11 IDT 2026, 517 W
Tue Mar 31 14:41:11 IDT 2026, 503 W
Tue Mar 31 14:41:11 IDT 2026, 507 W
Tue Mar 31 14:41:11 IDT 2026, 508 W
Tue Mar 31 14:41:11 IDT 2026, 509 W
Tue Mar 31 14:41:11 IDT 2026, 511 W
Tue Mar 31 14:41:11 IDT 2026, 506 W
Tue Mar 31 14:41:12 IDT 2026, 500 W
Tue Mar 31 14:41:12 IDT 2026, 516 W
Tue Mar 31 14:41:12 IDT 2026, 505 W
Tue Mar 31 14:41:12 IDT 2026, 506 W
Tue Mar 31 14:41:12 IDT 2026, 506 W
Tue Mar 31 14:41:12 IDT 2026, 510 W
Tue Mar 31 14:41:12 IDT 2026, 507 W
Tue Mar 31 14:41:12 IDT 2026, 505 W
Tue Mar 31 14:41:13 IDT 2026, 504 W
Tue Mar 31 14:41:13 IDT 2026, 512 W
Tue Mar 31 14:41:13 IDT 2026, 503 W
Tue Mar 31 14:41:13 IDT 2026, 508 W
Tue Mar 31 14:41:13 IDT 2026, 505 W
Tue Mar 31 14:41:13 IDT 2026, 511 W
Tue Mar 31 14:41:13 IDT 2026, 508 W
Tue Mar 31 14:41:13 IDT 2026, 505 W
Tue Mar 31 14:41:14 IDT 2026, 486 W
Tue Mar 31 14:41:14 IDT 2026, 510 W
Tue Mar 31 14:41:14 IDT 2026, 493 W
Tue Mar 31 14:41:14 IDT 2026, 493 W
Tue Mar 31 14:41:14 IDT 2026, 499 W
Tue Mar 31 14:41:14 IDT 2026, 498 W
Tue Mar 31 14:41:14 IDT 2026, 498 W
Tue Mar 31 14:41:14 IDT 2026, 498 W
Tue Mar 31 14:41:15 IDT 2026, 494 W
Tue Mar 31 14:41:15 IDT 2026, 500 W
Tue Mar 31 14:41:15 IDT 2026, 497 W
Tue Mar 31 14:41:15 IDT 2026, 493 W
Tue Mar 31 14:41:15 IDT 2026, 500 W
Tue Mar 31 14:41:15 IDT 2026, 500 W
Tue Mar 31 14:41:15 IDT 2026, 496 W
Tue Mar 31 14:41:15 IDT 2026, 499 W
Tue Mar 31 14:41:16 IDT 2026, 506 W
Tue Mar 31 14:41:16 IDT 2026, 513 W
Tue Mar 31 14:41:16 IDT 2026, 506 W
Tue Mar 31 14:41:16 IDT 2026, 508 W
Tue Mar 31 14:41:16 IDT 2026, 503 W
Tue Mar 31 14:41:16 IDT 2026, 512 W
Tue Mar 31 14:41:16 IDT 2026, 509 W
Tue Mar 31 14:41:16 IDT 2026, 506 W
Tue Mar 31 14:41:17 IDT 2026, 504 W
Tue Mar 31 14:41:17 IDT 2026, 512 W
Tue Mar 31 14:41:17 IDT 2026, 507 W
Tue Mar 31 14:41:17 IDT 2026, 510 W
Tue Mar 31 14:41:17 IDT 2026, 505 W
Tue Mar 31 14:41:17 IDT 2026, 514 W
Tue Mar 31 14:41:17 IDT 2026, 508 W
Tue Mar 31 14:41:17 IDT 2026, 505 W
Tue Mar 31 14:41:18 IDT 2026, 507 W
Tue Mar 31 14:41:18 IDT 2026, 516 W
Tue Mar 31 14:41:18 IDT 2026, 507 W
Tue Mar 31 14:41:18 IDT 2026, 511 W
Tue Mar 31 14:41:18 IDT 2026, 505 W
Tue Mar 31 14:41:18 IDT 2026, 511 W
Tue Mar 31 14:41:18 IDT 2026, 512 W
Tue Mar 31 14:41:18 IDT 2026, 507 W
Tue Mar 31 14:41:19 IDT 2026, 506 W
Tue Mar 31 14:41:19 IDT 2026, 513 W
Tue Mar 31 14:41:19 IDT 2026, 506 W
Tue Mar 31 14:41:19 IDT 2026, 510 W
Tue Mar 31 14:41:19 IDT 2026, 506 W
Tue Mar 31 14:41:19 IDT 2026, 512 W
Tue Mar 31 14:41:19 IDT 2026, 509 W
Tue Mar 31 14:41:19 IDT 2026, 509 W
Tue Mar 31 14:41:20 IDT 2026, 231 W
Tue Mar 31 14:41:20 IDT 2026, 238 W
Tue Mar 31 14:41:20 IDT 2026, 232 W
Tue Mar 31 14:41:20 IDT 2026, 232 W
Tue Mar 31 14:41:20 IDT 2026, 234 W
Tue Mar 31 14:41:20 IDT 2026, 236 W
Tue Mar 31 14:41:20 IDT 2026, 234 W
Tue Mar 31 14:41:20 IDT 2026, 233 W
Tue Mar 31 14:41:21 IDT 2026, 520 W
Tue Mar 31 14:41:21 IDT 2026, 531 W
Tue Mar 31 14:41:21 IDT 2026, 522 W
Tue Mar 31 14:41:21 IDT 2026, 526 W
Tue Mar 31 14:41:21 IDT 2026, 524 W
Tue Mar 31 14:41:21 IDT 2026, 527 W
Tue Mar 31 14:41:21 IDT 2026, 524 W
Tue Mar 31 14:41:21 IDT 2026, 526 W
Tue Mar 31 14:41:22 IDT 2026, 525 W
Tue Mar 31 14:41:22 IDT 2026, 537 W
Tue Mar 31 14:41:22 IDT 2026, 525 W
Tue Mar 31 14:41:22 IDT 2026, 528 W
Tue Mar 31 14:41:22 IDT 2026, 528 W
Tue Mar 31 14:41:22 IDT 2026, 533 W
Tue Mar 31 14:41:22 IDT 2026, 532 W
Tue Mar 31 14:41:22 IDT 2026, 529 W
Tue Mar 31 14:41:23 IDT 2026, 524 W
Tue Mar 31 14:41:23 IDT 2026, 535 W
Tue Mar 31 14:41:23 IDT 2026, 525 W
Tue Mar 31 14:41:23 IDT 2026, 530 W
Tue Mar 31 14:41:23 IDT 2026, 529 W
Tue Mar 31 14:41:23 IDT 2026, 533 W
Tue Mar 31 14:41:23 IDT 2026, 530 W
Tue Mar 31 14:41:23 IDT 2026, 526 W
Tue Mar 31 14:41:24 IDT 2026, 529 W
Tue Mar 31 14:41:24 IDT 2026, 541 W
Tue Mar 31 14:41:24 IDT 2026, 529 W
Tue Mar 31 14:41:24 IDT 2026, 531 W
Tue Mar 31 14:41:24 IDT 2026, 530 W
Tue Mar 31 14:41:24 IDT 2026, 535 W
Tue Mar 31 14:41:24 IDT 2026, 531 W
Tue Mar 31 14:41:24 IDT 2026, 530 W
Tue Mar 31 14:41:25 IDT 2026, 526 W
Tue Mar 31 14:41:25 IDT 2026, 536 W
Tue Mar 31 14:41:25 IDT 2026, 526 W
Tue Mar 31 14:41:25 IDT 2026, 531 W
Tue Mar 31 14:41:25 IDT 2026, 528 W
Tue Mar 31 14:41:25 IDT 2026, 534 W
Tue Mar 31 14:41:25 IDT 2026, 531 W
Tue Mar 31 14:41:25 IDT 2026, 527 W
Tue Mar 31 14:41:26 IDT 2026, 528 W
Tue Mar 31 14:41:26 IDT 2026, 540 W
Tue Mar 31 14:41:26 IDT 2026, 529 W
Tue Mar 31 14:41:26 IDT 2026, 532 W
Tue Mar 31 14:41:26 IDT 2026, 530 W
Tue Mar 31 14:41:26 IDT 2026, 537 W
Tue Mar 31 14:41:26 IDT 2026, 533 W
Tue Mar 31 14:41:26 IDT 2026, 528 W
Tue Mar 31 14:41:27 IDT 2026, 519 W
Tue Mar 31 14:41:27 IDT 2026, 532 W
Tue Mar 31 14:41:27 IDT 2026, 524 W
Tue Mar 31 14:41:27 IDT 2026, 519 W
Tue Mar 31 14:41:27 IDT 2026, 524 W
Tue Mar 31 14:41:27 IDT 2026, 527 W
Tue Mar 31 14:41:27 IDT 2026, 521 W
Tue Mar 31 14:41:27 IDT 2026, 524 W
Tue Mar 31 14:41:28 IDT 2026, 521 W
Tue Mar 31 14:41:28 IDT 2026, 536 W
Tue Mar 31 14:41:28 IDT 2026, 526 W
Tue Mar 31 14:41:28 IDT 2026, 531 W
Tue Mar 31 14:41:28 IDT 2026, 528 W
Tue Mar 31 14:41:28 IDT 2026, 529 W
Tue Mar 31 14:41:28 IDT 2026, 525 W
Tue Mar 31 14:41:28 IDT 2026, 524 W
Tue Mar 31 14:41:29 IDT 2026, 525 W
Tue Mar 31 14:41:29 IDT 2026, 535 W
Tue Mar 31 14:41:29 IDT 2026, 526 W
Tue Mar 31 14:41:29 IDT 2026, 531 W
Tue Mar 31 14:41:29 IDT 2026, 528 W
Tue Mar 31 14:41:29 IDT 2026, 534 W
Tue Mar 31 14:41:29 IDT 2026, 530 W
Tue Mar 31 14:41:29 IDT 2026, 529 W
Tue Mar 31 14:41:30 IDT 2026, 524 W
Tue Mar 31 14:41:30 IDT 2026, 536 W
Tue Mar 31 14:41:30 IDT 2026, 527 W
Tue Mar 31 14:41:30 IDT 2026, 529 W
Tue Mar 31 14:41:30 IDT 2026, 527 W
Tue Mar 31 14:41:30 IDT 2026, 533 W
Tue Mar 31 14:41:30 IDT 2026, 527 W
Tue Mar 31 14:41:30 IDT 2026, 527 W
Tue Mar 31 14:41:31 IDT 2026, 520 W
Tue Mar 31 14:41:31 IDT 2026, 532 W
Tue Mar 31 14:41:31 IDT 2026, 519 W
Tue Mar 31 14:41:31 IDT 2026, 521 W
Tue Mar 31 14:41:31 IDT 2026, 521 W
Tue Mar 31 14:41:31 IDT 2026, 525 W
Tue Mar 31 14:41:31 IDT 2026, 523 W
Tue Mar 31 14:41:31 IDT 2026, 523 W
Tue Mar 31 14:41:32 IDT 2026, 520 W
Tue Mar 31 14:41:32 IDT 2026, 528 W
Tue Mar 31 14:41:32 IDT 2026, 522 W
Tue Mar 31 14:41:32 IDT 2026, 523 W
Tue Mar 31 14:41:32 IDT 2026, 522 W
Tue Mar 31 14:41:32 IDT 2026, 527 W
Tue Mar 31 14:41:32 IDT 2026, 529 W
Tue Mar 31 14:41:32 IDT 2026, 522 W
Tue Mar 31 14:41:33 IDT 2026, 506 W
Tue Mar 31 14:41:33 IDT 2026, 509 W
Tue Mar 31 14:41:33 IDT 2026, 502 W
Tue Mar 31 14:41:33 IDT 2026, 510 W
Tue Mar 31 14:41:33 IDT 2026, 500 W
Tue Mar 31 14:41:33 IDT 2026, 509 W
Tue Mar 31 14:41:33 IDT 2026, 509 W
Tue Mar 31 14:41:33 IDT 2026, 502 W
Tue Mar 31 14:41:34 IDT 2026, 505 W
Tue Mar 31 14:41:34 IDT 2026, 511 W
Tue Mar 31 14:41:34 IDT 2026, 502 W
Tue Mar 31 14:41:34 IDT 2026, 507 W
Tue Mar 31 14:41:34 IDT 2026, 502 W
Tue Mar 31 14:41:34 IDT 2026, 509 W
Tue Mar 31 14:41:34 IDT 2026, 508 W
Tue Mar 31 14:41:34 IDT 2026, 499 W
Tue Mar 31 14:41:35 IDT 2026, 508 W
Tue Mar 31 14:41:35 IDT 2026, 518 W
Tue Mar 31 14:41:35 IDT 2026, 508 W
Tue Mar 31 14:41:35 IDT 2026, 510 W
Tue Mar 31 14:41:35 IDT 2026, 509 W
Tue Mar 31 14:41:35 IDT 2026, 518 W
Tue Mar 31 14:41:35 IDT 2026, 512 W
Tue Mar 31 14:41:35 IDT 2026, 511 W
Tue Mar 31 14:41:36 IDT 2026, 508 W
Tue Mar 31 14:41:36 IDT 2026, 514 W
Tue Mar 31 14:41:36 IDT 2026, 504 W
Tue Mar 31 14:41:36 IDT 2026, 509 W
Tue Mar 31 14:41:36 IDT 2026, 506 W
Tue Mar 31 14:41:36 IDT 2026, 510 W
Tue Mar 31 14:41:36 IDT 2026, 509 W
Tue Mar 31 14:41:36 IDT 2026, 508 W
Tue Mar 31 14:41:37 IDT 2026, 506 W
Tue Mar 31 14:41:37 IDT 2026, 515 W
Tue Mar 31 14:41:37 IDT 2026, 505 W
Tue Mar 31 14:41:37 IDT 2026, 511 W
Tue Mar 31 14:41:37 IDT 2026, 509 W
Tue Mar 31 14:41:37 IDT 2026, 512 W
Tue Mar 31 14:41:37 IDT 2026, 510 W
Tue Mar 31 14:41:37 IDT 2026, 508 W
Tue Mar 31 14:41:38 IDT 2026, 489 W
Tue Mar 31 14:41:38 IDT 2026, 516 W
Tue Mar 31 14:41:38 IDT 2026, 509 W
Tue Mar 31 14:41:38 IDT 2026, 495 W
Tue Mar 31 14:41:38 IDT 2026, 506 W
Tue Mar 31 14:41:38 IDT 2026, 513 W
Tue Mar 31 14:41:38 IDT 2026, 493 W
Tue Mar 31 14:41:38 IDT 2026, 507 W
Tue Mar 31 14:41:39 IDT 2026, 504 W
Tue Mar 31 14:41:39 IDT 2026, 514 W
Tue Mar 31 14:41:39 IDT 2026, 508 W
Tue Mar 31 14:41:39 IDT 2026, 511 W
Tue Mar 31 14:41:39 IDT 2026, 507 W
Tue Mar 31 14:41:39 IDT 2026, 514 W
Tue Mar 31 14:41:39 IDT 2026, 509 W
Tue Mar 31 14:41:39 IDT 2026, 509 W
Tue Mar 31 14:41:40 IDT 2026, 451 W
Tue Mar 31 14:41:40 IDT 2026, 458 W
Tue Mar 31 14:41:40 IDT 2026, 449 W
Tue Mar 31 14:41:40 IDT 2026, 456 W
Tue Mar 31 14:41:40 IDT 2026, 448 W
Tue Mar 31 14:41:40 IDT 2026, 461 W
Tue Mar 31 14:41:40 IDT 2026, 454 W
Tue Mar 31 14:41:40 IDT 2026, 453 W
Tue Mar 31 14:41:41 IDT 2026, 231 W
Tue Mar 31 14:41:41 IDT 2026, 239 W
Tue Mar 31 14:41:41 IDT 2026, 233 W
Tue Mar 31 14:41:41 IDT 2026, 232 W
Tue Mar 31 14:41:41 IDT 2026, 234 W
Tue Mar 31 14:41:41 IDT 2026, 237 W
Tue Mar 31 14:41:41 IDT 2026, 236 W
Tue Mar 31 14:41:41 IDT 2026, 233 W
Tue Mar 31 14:41:42 IDT 2026, 528 W
Tue Mar 31 14:41:42 IDT 2026, 536 W
Tue Mar 31 14:41:42 IDT 2026, 526 W
Tue Mar 31 14:41:42 IDT 2026, 528 W
Tue Mar 31 14:41:42 IDT 2026, 526 W
Tue Mar 31 14:41:42 IDT 2026, 533 W
Tue Mar 31 14:41:42 IDT 2026, 529 W
Tue Mar 31 14:41:42 IDT 2026, 526 W
Tue Mar 31 14:41:43 IDT 2026, 529 W
Tue Mar 31 14:41:43 IDT 2026, 539 W
Tue Mar 31 14:41:43 IDT 2026, 526 W
Tue Mar 31 14:41:43 IDT 2026, 533 W
Tue Mar 31 14:41:43 IDT 2026, 528 W
Tue Mar 31 14:41:43 IDT 2026, 533 W
Tue Mar 31 14:41:43 IDT 2026, 532 W
Tue Mar 31 14:41:43 IDT 2026, 531 W
Tue Mar 31 14:41:44 IDT 2026, 527 W
Tue Mar 31 14:41:44 IDT 2026, 536 W
Tue Mar 31 14:41:44 IDT 2026, 530 W
Tue Mar 31 14:41:44 IDT 2026, 531 W
Tue Mar 31 14:41:44 IDT 2026, 532 W
Tue Mar 31 14:41:44 IDT 2026, 537 W
Tue Mar 31 14:41:44 IDT 2026, 533 W
Tue Mar 31 14:41:44 IDT 2026, 530 W
Tue Mar 31 14:41:45 IDT 2026, 530 W
Tue Mar 31 14:41:45 IDT 2026, 535 W
Tue Mar 31 14:41:45 IDT 2026, 529 W
Tue Mar 31 14:41:45 IDT 2026, 529 W
Tue Mar 31 14:41:45 IDT 2026, 527 W
Tue Mar 31 14:41:45 IDT 2026, 533 W
Tue Mar 31 14:41:45 IDT 2026, 530 W
Tue Mar 31 14:41:45 IDT 2026, 528 W
Tue Mar 31 14:41:46 IDT 2026, 529 W
Tue Mar 31 14:41:46 IDT 2026, 538 W
Tue Mar 31 14:41:46 IDT 2026, 530 W
Tue Mar 31 14:41:46 IDT 2026, 533 W
Tue Mar 31 14:41:46 IDT 2026, 528 W
Tue Mar 31 14:41:46 IDT 2026, 535 W
Tue Mar 31 14:41:46 IDT 2026, 533 W
Tue Mar 31 14:41:46 IDT 2026, 531 W
Tue Mar 31 14:41:47 IDT 2026, 529 W
Tue Mar 31 14:41:47 IDT 2026, 537 W
Tue Mar 31 14:41:47 IDT 2026, 529 W
Tue Mar 31 14:41:47 IDT 2026, 531 W
Tue Mar 31 14:41:47 IDT 2026, 529 W
Tue Mar 31 14:41:47 IDT 2026, 536 W
Tue Mar 31 14:41:47 IDT 2026, 532 W
Tue Mar 31 14:41:47 IDT 2026, 528 W
Tue Mar 31 14:41:48 IDT 2026, 529 W
Tue Mar 31 14:41:48 IDT 2026, 536 W
Tue Mar 31 14:41:48 IDT 2026, 528 W
Tue Mar 31 14:41:48 IDT 2026, 530 W
Tue Mar 31 14:41:48 IDT 2026, 529 W
Tue Mar 31 14:41:48 IDT 2026, 535 W
Tue Mar 31 14:41:48 IDT 2026, 532 W
Tue Mar 31 14:41:48 IDT 2026, 530 W
Tue Mar 31 14:41:49 IDT 2026, 527 W
Tue Mar 31 14:41:49 IDT 2026, 538 W
Tue Mar 31 14:41:49 IDT 2026, 527 W
Tue Mar 31 14:41:49 IDT 2026, 532 W
Tue Mar 31 14:41:49 IDT 2026, 532 W
Tue Mar 31 14:41:49 IDT 2026, 537 W
Tue Mar 31 14:41:49 IDT 2026, 533 W
Tue Mar 31 14:41:49 IDT 2026, 530 W
Tue Mar 31 14:41:50 IDT 2026, 526 W
Tue Mar 31 14:41:50 IDT 2026, 535 W
Tue Mar 31 14:41:50 IDT 2026, 527 W
Tue Mar 31 14:41:50 IDT 2026, 530 W
Tue Mar 31 14:41:50 IDT 2026, 528 W
Tue Mar 31 14:41:50 IDT 2026, 535 W
Tue Mar 31 14:41:50 IDT 2026, 529 W
Tue Mar 31 14:41:50 IDT 2026, 528 W
Tue Mar 31 14:41:51 IDT 2026, 524 W
Tue Mar 31 14:41:51 IDT 2026, 537 W
Tue Mar 31 14:41:51 IDT 2026, 523 W
Tue Mar 31 14:41:51 IDT 2026, 524 W
Tue Mar 31 14:41:51 IDT 2026, 528 W
Tue Mar 31 14:41:51 IDT 2026, 534 W
Tue Mar 31 14:41:51 IDT 2026, 531 W
Tue Mar 31 14:41:51 IDT 2026, 524 W
Tue Mar 31 14:41:52 IDT 2026, 527 W
Tue Mar 31 14:41:52 IDT 2026, 536 W
Tue Mar 31 14:41:52 IDT 2026, 526 W
Tue Mar 31 14:41:52 IDT 2026, 529 W
Tue Mar 31 14:41:52 IDT 2026, 529 W
Tue Mar 31 14:41:52 IDT 2026, 532 W
Tue Mar 31 14:41:52 IDT 2026, 532 W
Tue Mar 31 14:41:52 IDT 2026, 528 W
Tue Mar 31 14:41:53 IDT 2026, 522 W
Tue Mar 31 14:41:53 IDT 2026, 529 W
Tue Mar 31 14:41:53 IDT 2026, 523 W
Tue Mar 31 14:41:53 IDT 2026, 526 W
Tue Mar 31 14:41:53 IDT 2026, 526 W
Tue Mar 31 14:41:53 IDT 2026, 532 W
Tue Mar 31 14:41:53 IDT 2026, 524 W
Tue Mar 31 14:41:53 IDT 2026, 523 W
Tue Mar 31 14:41:54 IDT 2026, 529 W
Tue Mar 31 14:41:54 IDT 2026, 533 W
Tue Mar 31 14:41:54 IDT 2026, 524 W
Tue Mar 31 14:41:54 IDT 2026, 529 W
Tue Mar 31 14:41:54 IDT 2026, 524 W
Tue Mar 31 14:41:54 IDT 2026, 535 W
Tue Mar 31 14:41:54 IDT 2026, 528 W
Tue Mar 31 14:41:54 IDT 2026, 528 W
Tue Mar 31 14:41:55 IDT 2026, 523 W
Tue Mar 31 14:41:55 IDT 2026, 534 W
Tue Mar 31 14:41:55 IDT 2026, 526 W
Tue Mar 31 14:41:55 IDT 2026, 525 W
Tue Mar 31 14:41:55 IDT 2026, 527 W
Tue Mar 31 14:41:55 IDT 2026, 528 W
Tue Mar 31 14:41:55 IDT 2026, 526 W
Tue Mar 31 14:41:55 IDT 2026, 525 W
Tue Mar 31 14:41:56 IDT 2026, 525 W
Tue Mar 31 14:41:56 IDT 2026, 533 W
Tue Mar 31 14:41:56 IDT 2026, 527 W
Tue Mar 31 14:41:56 IDT 2026, 526 W
Tue Mar 31 14:41:56 IDT 2026, 523 W
Tue Mar 31 14:41:56 IDT 2026, 528 W
Tue Mar 31 14:41:56 IDT 2026, 530 W
Tue Mar 31 14:41:56 IDT 2026, 528 W
Tue Mar 31 14:41:57 IDT 2026, 524 W
Tue Mar 31 14:41:57 IDT 2026, 534 W
Tue Mar 31 14:41:57 IDT 2026, 525 W
Tue Mar 31 14:41:57 IDT 2026, 527 W
Tue Mar 31 14:41:57 IDT 2026, 526 W
Tue Mar 31 14:41:57 IDT 2026, 531 W
Tue Mar 31 14:41:57 IDT 2026, 527 W
Tue Mar 31 14:41:57 IDT 2026, 525 W
Tue Mar 31 14:41:58 IDT 2026, 523 W
Tue Mar 31 14:41:58 IDT 2026, 534 W
Tue Mar 31 14:41:58 IDT 2026, 524 W
Tue Mar 31 14:41:58 IDT 2026, 531 W
Tue Mar 31 14:41:58 IDT 2026, 522 W
Tue Mar 31 14:41:58 IDT 2026, 530 W
Tue Mar 31 14:41:58 IDT 2026, 528 W
Tue Mar 31 14:41:58 IDT 2026, 525 W
Tue Mar 31 14:41:59 IDT 2026, 526 W
Tue Mar 31 14:41:59 IDT 2026, 537 W
Tue Mar 31 14:41:59 IDT 2026, 522 W
Tue Mar 31 14:41:59 IDT 2026, 527 W
Tue Mar 31 14:41:59 IDT 2026, 526 W
Tue Mar 31 14:41:59 IDT 2026, 530 W
Tue Mar 31 14:41:59 IDT 2026, 530 W
Tue Mar 31 14:41:59 IDT 2026, 528 W
Tue Mar 31 14:42:00 IDT 2026, 524 W
Tue Mar 31 14:42:00 IDT 2026, 535 W
Tue Mar 31 14:42:00 IDT 2026, 527 W
Tue Mar 31 14:42:00 IDT 2026, 531 W
Tue Mar 31 14:42:00 IDT 2026, 529 W
Tue Mar 31 14:42:00 IDT 2026, 532 W
Tue Mar 31 14:42:00 IDT 2026, 529 W
Tue Mar 31 14:42:00 IDT 2026, 526 W
Tue Mar 31 14:42:01 IDT 2026, 520 W
Tue Mar 31 14:42:01 IDT 2026, 530 W
Tue Mar 31 14:42:01 IDT 2026, 521 W
Tue Mar 31 14:42:01 IDT 2026, 523 W
Tue Mar 31 14:42:01 IDT 2026, 523 W
Tue Mar 31 14:42:01 IDT 2026, 527 W
Tue Mar 31 14:42:01 IDT 2026, 525 W
Tue Mar 31 14:42:01 IDT 2026, 523 W
Tue Mar 31 14:42:02 IDT 2026, 519 W
Tue Mar 31 14:42:02 IDT 2026, 529 W
Tue Mar 31 14:42:02 IDT 2026, 520 W
Tue Mar 31 14:42:02 IDT 2026, 526 W
Tue Mar 31 14:42:02 IDT 2026, 522 W
Tue Mar 31 14:42:02 IDT 2026, 527 W
Tue Mar 31 14:42:02 IDT 2026, 525 W
Tue Mar 31 14:42:02 IDT 2026, 520 W
Tue Mar 31 14:42:03 IDT 2026, 233 W
Tue Mar 31 14:42:03 IDT 2026, 242 W
Tue Mar 31 14:42:03 IDT 2026, 235 W
Tue Mar 31 14:42:03 IDT 2026, 234 W
Tue Mar 31 14:42:03 IDT 2026, 237 W
Tue Mar 31 14:42:03 IDT 2026, 241 W
Tue Mar 31 14:42:03 IDT 2026, 237 W
Tue Mar 31 14:42:03 IDT 2026, 236 W
Tue Mar 31 14:42:04 IDT 2026, 531 W
Tue Mar 31 14:42:04 IDT 2026, 536 W
Tue Mar 31 14:42:04 IDT 2026, 527 W
Tue Mar 31 14:42:04 IDT 2026, 536 W
Tue Mar 31 14:42:04 IDT 2026, 528 W
Tue Mar 31 14:42:04 IDT 2026, 536 W
Tue Mar 31 14:42:04 IDT 2026, 533 W
Tue Mar 31 14:42:04 IDT 2026, 528 W
Tue Mar 31 14:42:05 IDT 2026, 529 W
Tue Mar 31 14:42:05 IDT 2026, 538 W
Tue Mar 31 14:42:05 IDT 2026, 530 W
Tue Mar 31 14:42:05 IDT 2026, 534 W
Tue Mar 31 14:42:05 IDT 2026, 532 W
Tue Mar 31 14:42:05 IDT 2026, 535 W
Tue Mar 31 14:42:05 IDT 2026, 535 W
Tue Mar 31 14:42:05 IDT 2026, 528 W
Tue Mar 31 14:42:06 IDT 2026, 526 W
Tue Mar 31 14:42:06 IDT 2026, 536 W
Tue Mar 31 14:42:06 IDT 2026, 527 W
Tue Mar 31 14:42:06 IDT 2026, 530 W
Tue Mar 31 14:42:06 IDT 2026, 528 W
Tue Mar 31 14:42:06 IDT 2026, 537 W
Tue Mar 31 14:42:06 IDT 2026, 533 W
Tue Mar 31 14:42:06 IDT 2026, 529 W
Tue Mar 31 14:42:07 IDT 2026, 530 W
Tue Mar 31 14:42:07 IDT 2026, 539 W
Tue Mar 31 14:42:07 IDT 2026, 528 W
Tue Mar 31 14:42:07 IDT 2026, 532 W
Tue Mar 31 14:42:07 IDT 2026, 529 W
Tue Mar 31 14:42:07 IDT 2026, 535 W
Tue Mar 31 14:42:07 IDT 2026, 532 W
Tue Mar 31 14:42:07 IDT 2026, 530 W
Tue Mar 31 14:42:08 IDT 2026, 525 W
Tue Mar 31 14:42:08 IDT 2026, 533 W
Tue Mar 31 14:42:08 IDT 2026, 528 W
Tue Mar 31 14:42:08 IDT 2026, 529 W
Tue Mar 31 14:42:08 IDT 2026, 524 W
Tue Mar 31 14:42:08 IDT 2026, 533 W
Tue Mar 31 14:42:08 IDT 2026, 527 W
Tue Mar 31 14:42:08 IDT 2026, 526 W
Tue Mar 31 14:42:09 IDT 2026, 523 W
Tue Mar 31 14:42:09 IDT 2026, 531 W
Tue Mar 31 14:42:09 IDT 2026, 523 W
Tue Mar 31 14:42:09 IDT 2026, 530 W
Tue Mar 31 14:42:09 IDT 2026, 526 W
Tue Mar 31 14:42:09 IDT 2026, 527 W
Tue Mar 31 14:42:09 IDT 2026, 528 W
Tue Mar 31 14:42:09 IDT 2026, 524 W
Tue Mar 31 14:42:10 IDT 2026, 527 W
Tue Mar 31 14:42:10 IDT 2026, 532 W
Tue Mar 31 14:42:10 IDT 2026, 519 W
Tue Mar 31 14:42:10 IDT 2026, 524 W
Tue Mar 31 14:42:10 IDT 2026, 521 W
Tue Mar 31 14:42:10 IDT 2026, 529 W
Tue Mar 31 14:42:10 IDT 2026, 531 W
Tue Mar 31 14:42:10 IDT 2026, 520 W
Tue Mar 31 14:42:11 IDT 2026, 524 W
Tue Mar 31 14:42:11 IDT 2026, 537 W
Tue Mar 31 14:42:11 IDT 2026, 526 W
Tue Mar 31 14:42:11 IDT 2026, 528 W
Tue Mar 31 14:42:11 IDT 2026, 526 W
Tue Mar 31 14:42:11 IDT 2026, 533 W
Tue Mar 31 14:42:11 IDT 2026, 528 W
Tue Mar 31 14:42:11 IDT 2026, 528 W
Tue Mar 31 14:42:12 IDT 2026, 529 W
Tue Mar 31 14:42:12 IDT 2026, 537 W
Tue Mar 31 14:42:12 IDT 2026, 523 W
Tue Mar 31 14:42:12 IDT 2026, 530 W
Tue Mar 31 14:42:12 IDT 2026, 527 W
Tue Mar 31 14:42:12 IDT 2026, 533 W
Tue Mar 31 14:42:12 IDT 2026, 532 W
Tue Mar 31 14:42:12 IDT 2026, 526 W
Tue Mar 31 14:42:13 IDT 2026, 525 W
Tue Mar 31 14:42:13 IDT 2026, 536 W
Tue Mar 31 14:42:13 IDT 2026, 528 W
Tue Mar 31 14:42:13 IDT 2026, 529 W
Tue Mar 31 14:42:13 IDT 2026, 526 W
Tue Mar 31 14:42:13 IDT 2026, 532 W
Tue Mar 31 14:42:13 IDT 2026, 531 W
Tue Mar 31 14:42:13 IDT 2026, 525 W
Tue Mar 31 14:42:14 IDT 2026, 520 W
Tue Mar 31 14:42:14 IDT 2026, 528 W
Tue Mar 31 14:42:14 IDT 2026, 518 W
Tue Mar 31 14:42:14 IDT 2026, 523 W
Tue Mar 31 14:42:14 IDT 2026, 520 W
Tue Mar 31 14:42:14 IDT 2026, 524 W
Tue Mar 31 14:42:14 IDT 2026, 527 W
Tue Mar 31 14:42:14 IDT 2026, 520 W
Tue Mar 31 14:42:15 IDT 2026, 518 W
Tue Mar 31 14:42:15 IDT 2026, 530 W
Tue Mar 31 14:42:15 IDT 2026, 519 W
Tue Mar 31 14:42:15 IDT 2026, 520 W
Tue Mar 31 14:42:15 IDT 2026, 520 W
Tue Mar 31 14:42:15 IDT 2026, 527 W
Tue Mar 31 14:42:15 IDT 2026, 519 W
Tue Mar 31 14:42:15 IDT 2026, 520 W
Tue Mar 31 14:42:16 IDT 2026, 524 W
Tue Mar 31 14:42:16 IDT 2026, 532 W
Tue Mar 31 14:42:16 IDT 2026, 524 W
Tue Mar 31 14:42:16 IDT 2026, 524 W
Tue Mar 31 14:42:16 IDT 2026, 520 W
Tue Mar 31 14:42:16 IDT 2026, 532 W
Tue Mar 31 14:42:16 IDT 2026, 527 W
Tue Mar 31 14:42:16 IDT 2026, 524 W
Tue Mar 31 14:42:17 IDT 2026, 520 W
Tue Mar 31 14:42:17 IDT 2026, 526 W
Tue Mar 31 14:42:17 IDT 2026, 522 W
Tue Mar 31 14:42:17 IDT 2026, 528 W
Tue Mar 31 14:42:17 IDT 2026, 520 W
Tue Mar 31 14:42:17 IDT 2026, 530 W
Tue Mar 31 14:42:17 IDT 2026, 523 W
Tue Mar 31 14:42:17 IDT 2026, 520 W
Tue Mar 31 14:42:18 IDT 2026, 514 W
Tue Mar 31 14:42:18 IDT 2026, 526 W
Tue Mar 31 14:42:18 IDT 2026, 518 W
Tue Mar 31 14:42:18 IDT 2026, 523 W
Tue Mar 31 14:42:18 IDT 2026, 516 W
Tue Mar 31 14:42:18 IDT 2026, 527 W
Tue Mar 31 14:42:18 IDT 2026, 524 W
Tue Mar 31 14:42:18 IDT 2026, 517 W
Tue Mar 31 14:42:19 IDT 2026, 522 W
Tue Mar 31 14:42:19 IDT 2026, 530 W
Tue Mar 31 14:42:19 IDT 2026, 520 W
Tue Mar 31 14:42:19 IDT 2026, 525 W
Tue Mar 31 14:42:19 IDT 2026, 521 W
Tue Mar 31 14:42:19 IDT 2026, 530 W
Tue Mar 31 14:42:19 IDT 2026, 528 W
Tue Mar 31 14:42:19 IDT 2026, 517 W
Tue Mar 31 14:42:20 IDT 2026, 510 W
Tue Mar 31 14:42:20 IDT 2026, 520 W
Tue Mar 31 14:42:20 IDT 2026, 516 W
Tue Mar 31 14:42:20 IDT 2026, 507 W
Tue Mar 31 14:42:20 IDT 2026, 514 W
Tue Mar 31 14:42:20 IDT 2026, 522 W
Tue Mar 31 14:42:20 IDT 2026, 512 W
Tue Mar 31 14:42:20 IDT 2026, 514 W
Tue Mar 31 14:42:21 IDT 2026, 520 W
Tue Mar 31 14:42:21 IDT 2026, 528 W
Tue Mar 31 14:42:21 IDT 2026, 518 W
Tue Mar 31 14:42:21 IDT 2026, 523 W
Tue Mar 31 14:42:21 IDT 2026, 523 W
Tue Mar 31 14:42:21 IDT 2026, 527 W
Tue Mar 31 14:42:21 IDT 2026, 523 W
Tue Mar 31 14:42:21 IDT 2026, 523 W
Tue Mar 31 14:42:22 IDT 2026, 517 W
Tue Mar 31 14:42:22 IDT 2026, 526 W
Tue Mar 31 14:42:22 IDT 2026, 520 W
Tue Mar 31 14:42:22 IDT 2026, 523 W
Tue Mar 31 14:42:22 IDT 2026, 520 W
Tue Mar 31 14:42:22 IDT 2026, 526 W
Tue Mar 31 14:42:22 IDT 2026, 522 W
Tue Mar 31 14:42:22 IDT 2026, 518 W
Tue Mar 31 14:42:23 IDT 2026, 519 W
Tue Mar 31 14:42:23 IDT 2026, 527 W
Tue Mar 31 14:42:23 IDT 2026, 519 W
Tue Mar 31 14:42:23 IDT 2026, 526 W
Tue Mar 31 14:42:23 IDT 2026, 521 W
Tue Mar 31 14:42:23 IDT 2026, 528 W
Tue Mar 31 14:42:23 IDT 2026, 524 W
Tue Mar 31 14:42:23 IDT 2026, 522 W
Tue Mar 31 14:42:24 IDT 2026, 524 W
Tue Mar 31 14:42:24 IDT 2026, 531 W
Tue Mar 31 14:42:24 IDT 2026, 519 W
Tue Mar 31 14:42:24 IDT 2026, 528 W
Tue Mar 31 14:42:24 IDT 2026, 521 W
Tue Mar 31 14:42:24 IDT 2026, 527 W
Tue Mar 31 14:42:24 IDT 2026, 524 W
Tue Mar 31 14:42:24 IDT 2026, 523 W
Tue Mar 31 14:42:25 IDT 2026, 238 W
Tue Mar 31 14:42:25 IDT 2026, 242 W
Tue Mar 31 14:42:25 IDT 2026, 235 W
Tue Mar 31 14:42:25 IDT 2026, 238 W
Tue Mar 31 14:42:25 IDT 2026, 237 W
Tue Mar 31 14:42:25 IDT 2026, 242 W
Tue Mar 31 14:42:25 IDT 2026, 243 W
Tue Mar 31 14:42:25 IDT 2026, 237 W
Tue Mar 31 14:42:26 IDT 2026, 526 W
Tue Mar 31 14:42:26 IDT 2026, 536 W
Tue Mar 31 14:42:26 IDT 2026, 528 W
Tue Mar 31 14:42:26 IDT 2026, 534 W
Tue Mar 31 14:42:26 IDT 2026, 529 W
Tue Mar 31 14:42:26 IDT 2026, 534 W
Tue Mar 31 14:42:26 IDT 2026, 533 W
Tue Mar 31 14:42:26 IDT 2026, 529 W
Tue Mar 31 14:42:27 IDT 2026, 527 W
Tue Mar 31 14:42:27 IDT 2026, 535 W
Tue Mar 31 14:42:27 IDT 2026, 524 W
Tue Mar 31 14:42:27 IDT 2026, 529 W
Tue Mar 31 14:42:27 IDT 2026, 526 W
Tue Mar 31 14:42:27 IDT 2026, 531 W
Tue Mar 31 14:42:27 IDT 2026, 531 W
Tue Mar 31 14:42:27 IDT 2026, 525 W
Tue Mar 31 14:42:28 IDT 2026, 526 W
Tue Mar 31 14:42:28 IDT 2026, 537 W
Tue Mar 31 14:42:28 IDT 2026, 523 W
Tue Mar 31 14:42:28 IDT 2026, 532 W
Tue Mar 31 14:42:28 IDT 2026, 528 W
Tue Mar 31 14:42:28 IDT 2026, 531 W
Tue Mar 31 14:42:28 IDT 2026, 532 W
Tue Mar 31 14:42:28 IDT 2026, 525 W
Tue Mar 31 14:42:29 IDT 2026, 530 W
Tue Mar 31 14:42:29 IDT 2026, 541 W
Tue Mar 31 14:42:29 IDT 2026, 530 W
Tue Mar 31 14:42:29 IDT 2026, 533 W
Tue Mar 31 14:42:29 IDT 2026, 532 W
Tue Mar 31 14:42:29 IDT 2026, 538 W
Tue Mar 31 14:42:29 IDT 2026, 536 W
Tue Mar 31 14:42:29 IDT 2026, 529 W
Tue Mar 31 14:42:30 IDT 2026, 524 W
Tue Mar 31 14:42:30 IDT 2026, 537 W
Tue Mar 31 14:42:30 IDT 2026, 524 W
Tue Mar 31 14:42:30 IDT 2026, 532 W
Tue Mar 31 14:42:30 IDT 2026, 526 W
Tue Mar 31 14:42:30 IDT 2026, 532 W
Tue Mar 31 14:42:30 IDT 2026, 533 W
Tue Mar 31 14:42:30 IDT 2026, 522 W
Tue Mar 31 14:42:31 IDT 2026, 526 W
Tue Mar 31 14:42:31 IDT 2026, 537 W
Tue Mar 31 14:42:31 IDT 2026, 525 W
Tue Mar 31 14:42:31 IDT 2026, 528 W
Tue Mar 31 14:42:31 IDT 2026, 527 W
Tue Mar 31 14:42:31 IDT 2026, 531 W
Tue Mar 31 14:42:31 IDT 2026, 528 W
Tue Mar 31 14:42:31 IDT 2026, 527 W
Tue Mar 31 14:42:32 IDT 2026, 522 W
Tue Mar 31 14:42:32 IDT 2026, 537 W
Tue Mar 31 14:42:32 IDT 2026, 525 W
Tue Mar 31 14:42:32 IDT 2026, 529 W
Tue Mar 31 14:42:32 IDT 2026, 525 W
Tue Mar 31 14:42:32 IDT 2026, 532 W
Tue Mar 31 14:42:32 IDT 2026, 528 W
Tue Mar 31 14:42:32 IDT 2026, 526 W
Tue Mar 31 14:42:33 IDT 2026, 524 W
Tue Mar 31 14:42:33 IDT 2026, 534 W
Tue Mar 31 14:42:33 IDT 2026, 527 W
Tue Mar 31 14:42:33 IDT 2026, 530 W
Tue Mar 31 14:42:33 IDT 2026, 526 W
Tue Mar 31 14:42:33 IDT 2026, 534 W
Tue Mar 31 14:42:33 IDT 2026, 531 W
Tue Mar 31 14:42:33 IDT 2026, 528 W
Tue Mar 31 14:42:34 IDT 2026, 526 W
Tue Mar 31 14:42:34 IDT 2026, 535 W
Tue Mar 31 14:42:34 IDT 2026, 527 W
Tue Mar 31 14:42:34 IDT 2026, 527 W
Tue Mar 31 14:42:34 IDT 2026, 527 W
Tue Mar 31 14:42:34 IDT 2026, 530 W
Tue Mar 31 14:42:34 IDT 2026, 527 W
Tue Mar 31 14:42:34 IDT 2026, 525 W
Tue Mar 31 14:42:35 IDT 2026, 525 W
Tue Mar 31 14:42:35 IDT 2026, 533 W
Tue Mar 31 14:42:35 IDT 2026, 526 W
Tue Mar 31 14:42:35 IDT 2026, 530 W
Tue Mar 31 14:42:35 IDT 2026, 530 W
Tue Mar 31 14:42:35 IDT 2026, 531 W
Tue Mar 31 14:42:35 IDT 2026, 530 W
Tue Mar 31 14:42:35 IDT 2026, 526 W
Tue Mar 31 14:42:36 IDT 2026, 522 W
Tue Mar 31 14:42:36 IDT 2026, 531 W
Tue Mar 31 14:42:36 IDT 2026, 519 W
Tue Mar 31 14:42:36 IDT 2026, 523 W
Tue Mar 31 14:42:36 IDT 2026, 520 W
Tue Mar 31 14:42:36 IDT 2026, 527 W
Tue Mar 31 14:42:36 IDT 2026, 529 W
Tue Mar 31 14:42:36 IDT 2026, 523 W
Tue Mar 31 14:42:37 IDT 2026, 502 W
Tue Mar 31 14:42:37 IDT 2026, 510 W
Tue Mar 31 14:42:37 IDT 2026, 501 W
Tue Mar 31 14:42:37 IDT 2026, 506 W
Tue Mar 31 14:42:37 IDT 2026, 502 W
Tue Mar 31 14:42:37 IDT 2026, 509 W
Tue Mar 31 14:42:37 IDT 2026, 507 W
Tue Mar 31 14:42:37 IDT 2026, 501 W
Tue Mar 31 14:42:38 IDT 2026, 488 W
Tue Mar 31 14:42:38 IDT 2026, 507 W
Tue Mar 31 14:42:38 IDT 2026, 481 W
Tue Mar 31 14:42:38 IDT 2026, 477 W
Tue Mar 31 14:42:38 IDT 2026, 497 W
Tue Mar 31 14:42:38 IDT 2026, 485 W
Tue Mar 31 14:42:38 IDT 2026, 493 W
Tue Mar 31 14:42:38 IDT 2026, 497 W
Tue Mar 31 14:42:39 IDT 2026, 504 W
Tue Mar 31 14:42:39 IDT 2026, 519 W
Tue Mar 31 14:42:39 IDT 2026, 509 W
Tue Mar 31 14:42:39 IDT 2026, 510 W
Tue Mar 31 14:42:39 IDT 2026, 510 W
Tue Mar 31 14:42:39 IDT 2026, 517 W
Tue Mar 31 14:42:39 IDT 2026, 512 W
Tue Mar 31 14:42:39 IDT 2026, 508 W
Tue Mar 31 14:42:40 IDT 2026, 511 W
Tue Mar 31 14:42:40 IDT 2026, 519 W
Tue Mar 31 14:42:40 IDT 2026, 506 W
Tue Mar 31 14:42:40 IDT 2026, 512 W
Tue Mar 31 14:42:40 IDT 2026, 508 W
Tue Mar 31 14:42:40 IDT 2026, 514 W
Tue Mar 31 14:42:40 IDT 2026, 515 W
Tue Mar 31 14:42:40 IDT 2026, 508 W
Tue Mar 31 14:42:41 IDT 2026, 505 W
Tue Mar 31 14:42:41 IDT 2026, 517 W
Tue Mar 31 14:42:41 IDT 2026, 509 W
Tue Mar 31 14:42:41 IDT 2026, 511 W
Tue Mar 31 14:42:41 IDT 2026, 506 W
Tue Mar 31 14:42:41 IDT 2026, 514 W
Tue Mar 31 14:42:41 IDT 2026, 511 W
Tue Mar 31 14:42:41 IDT 2026, 508 W
Tue Mar 31 14:42:42 IDT 2026, 506 W
Tue Mar 31 14:42:42 IDT 2026, 515 W
Tue Mar 31 14:42:42 IDT 2026, 503 W
Tue Mar 31 14:42:42 IDT 2026, 510 W
Tue Mar 31 14:42:42 IDT 2026, 506 W
Tue Mar 31 14:42:42 IDT 2026, 513 W
Tue Mar 31 14:42:42 IDT 2026, 508 W
Tue Mar 31 14:42:42 IDT 2026, 506 W
Tue Mar 31 14:42:43 IDT 2026, 505 W
Tue Mar 31 14:42:43 IDT 2026, 513 W
Tue Mar 31 14:42:43 IDT 2026, 505 W
Tue Mar 31 14:42:43 IDT 2026, 510 W
Tue Mar 31 14:42:43 IDT 2026, 504 W
Tue Mar 31 14:42:43 IDT 2026, 512 W
Tue Mar 31 14:42:43 IDT 2026, 507 W
Tue Mar 31 14:42:43 IDT 2026, 503 W
Tue Mar 31 14:42:44 IDT 2026, 506 W
Tue Mar 31 14:42:44 IDT 2026, 515 W
Tue Mar 31 14:42:44 IDT 2026, 507 W
Tue Mar 31 14:42:44 IDT 2026, 509 W
Tue Mar 31 14:42:44 IDT 2026, 506 W
Tue Mar 31 14:42:44 IDT 2026, 513 W
Tue Mar 31 14:42:44 IDT 2026, 509 W
Tue Mar 31 14:42:44 IDT 2026, 505 W
Tue Mar 31 14:42:45 IDT 2026, 472 W
Tue Mar 31 14:42:45 IDT 2026, 483 W
Tue Mar 31 14:42:45 IDT 2026, 473 W
Tue Mar 31 14:42:45 IDT 2026, 477 W
Tue Mar 31 14:42:45 IDT 2026, 476 W
Tue Mar 31 14:42:45 IDT 2026, 481 W
Tue Mar 31 14:42:45 IDT 2026, 479 W
Tue Mar 31 14:42:45 IDT 2026, 476 W
Tue Mar 31 14:42:46 IDT 2026, 234 W
Tue Mar 31 14:42:46 IDT 2026, 242 W
Tue Mar 31 14:42:46 IDT 2026, 238 W
Tue Mar 31 14:42:46 IDT 2026, 242 W
Tue Mar 31 14:42:46 IDT 2026, 238 W
Tue Mar 31 14:42:46 IDT 2026, 244 W
Tue Mar 31 14:42:46 IDT 2026, 237 W
Tue Mar 31 14:42:46 IDT 2026, 237 W
Tue Mar 31 14:42:47 IDT 2026, 527 W
Tue Mar 31 14:42:47 IDT 2026, 538 W
Tue Mar 31 14:42:47 IDT 2026, 527 W
Tue Mar 31 14:42:47 IDT 2026, 529 W
Tue Mar 31 14:42:47 IDT 2026, 528 W
Tue Mar 31 14:42:47 IDT 2026, 534 W
Tue Mar 31 14:42:47 IDT 2026, 530 W
Tue Mar 31 14:42:47 IDT 2026, 528 W
Tue Mar 31 14:42:48 IDT 2026, 527 W
Tue Mar 31 14:42:48 IDT 2026, 537 W
Tue Mar 31 14:42:48 IDT 2026, 527 W
Tue Mar 31 14:42:48 IDT 2026, 532 W
Tue Mar 31 14:42:48 IDT 2026, 530 W
Tue Mar 31 14:42:48 IDT 2026, 536 W
Tue Mar 31 14:42:48 IDT 2026, 532 W
Tue Mar 31 14:42:48 IDT 2026, 531 W
Tue Mar 31 14:42:49 IDT 2026, 526 W
Tue Mar 31 14:42:49 IDT 2026, 538 W
Tue Mar 31 14:42:49 IDT 2026, 531 W
Tue Mar 31 14:42:49 IDT 2026, 533 W
Tue Mar 31 14:42:49 IDT 2026, 531 W
Tue Mar 31 14:42:49 IDT 2026, 535 W
Tue Mar 31 14:42:49 IDT 2026, 532 W
Tue Mar 31 14:42:49 IDT 2026, 531 W
Tue Mar 31 14:42:50 IDT 2026, 530 W
Tue Mar 31 14:42:50 IDT 2026, 539 W
Tue Mar 31 14:42:50 IDT 2026, 531 W
Tue Mar 31 14:42:50 IDT 2026, 532 W
Tue Mar 31 14:42:50 IDT 2026, 533 W
Tue Mar 31 14:42:50 IDT 2026, 537 W
Tue Mar 31 14:42:50 IDT 2026, 532 W
Tue Mar 31 14:42:50 IDT 2026, 532 W
Tue Mar 31 14:42:51 IDT 2026, 526 W
Tue Mar 31 14:42:51 IDT 2026, 534 W
Tue Mar 31 14:42:51 IDT 2026, 527 W
Tue Mar 31 14:42:51 IDT 2026, 528 W
Tue Mar 31 14:42:51 IDT 2026, 527 W
Tue Mar 31 14:42:51 IDT 2026, 533 W
Tue Mar 31 14:42:51 IDT 2026, 532 W
Tue Mar 31 14:42:51 IDT 2026, 526 W
Tue Mar 31 14:42:52 IDT 2026, 518 W
Tue Mar 31 14:42:52 IDT 2026, 529 W
Tue Mar 31 14:42:52 IDT 2026, 521 W
Tue Mar 31 14:42:52 IDT 2026, 525 W
Tue Mar 31 14:42:52 IDT 2026, 520 W
Tue Mar 31 14:42:52 IDT 2026, 526 W
Tue Mar 31 14:42:52 IDT 2026, 525 W
Tue Mar 31 14:42:52 IDT 2026, 520 W
Tue Mar 31 14:42:53 IDT 2026, 522 W
Tue Mar 31 14:42:53 IDT 2026, 529 W
Tue Mar 31 14:42:53 IDT 2026, 519 W
Tue Mar 31 14:42:53 IDT 2026, 521 W
Tue Mar 31 14:42:53 IDT 2026, 519 W
Tue Mar 31 14:42:53 IDT 2026, 526 W
Tue Mar 31 14:42:53 IDT 2026, 522 W
Tue Mar 31 14:42:53 IDT 2026, 518 W
Tue Mar 31 14:42:54 IDT 2026, 519 W
Tue Mar 31 14:42:54 IDT 2026, 529 W
Tue Mar 31 14:42:54 IDT 2026, 518 W
Tue Mar 31 14:42:54 IDT 2026, 524 W
Tue Mar 31 14:42:54 IDT 2026, 522 W
Tue Mar 31 14:42:54 IDT 2026, 526 W
Tue Mar 31 14:42:54 IDT 2026, 519 W
Tue Mar 31 14:42:54 IDT 2026, 520 W
Tue Mar 31 14:42:55 IDT 2026, 502 W
Tue Mar 31 14:42:55 IDT 2026, 510 W
Tue Mar 31 14:42:55 IDT 2026, 501 W
Tue Mar 31 14:42:55 IDT 2026, 506 W
Tue Mar 31 14:42:55 IDT 2026, 504 W
Tue Mar 31 14:42:55 IDT 2026, 508 W
Tue Mar 31 14:42:55 IDT 2026, 506 W
Tue Mar 31 14:42:55 IDT 2026, 503 W
Tue Mar 31 14:42:56 IDT 2026, 499 W
Tue Mar 31 14:42:56 IDT 2026, 514 W
Tue Mar 31 14:42:56 IDT 2026, 507 W
Tue Mar 31 14:42:56 IDT 2026, 506 W
Tue Mar 31 14:42:56 IDT 2026, 503 W
Tue Mar 31 14:42:56 IDT 2026, 514 W
Tue Mar 31 14:42:56 IDT 2026, 502 W
Tue Mar 31 14:42:56 IDT 2026, 505 W
Tue Mar 31 14:42:57 IDT 2026, 504 W
Tue Mar 31 14:42:57 IDT 2026, 516 W
Tue Mar 31 14:42:57 IDT 2026, 507 W
Tue Mar 31 14:42:57 IDT 2026, 510 W
Tue Mar 31 14:42:57 IDT 2026, 510 W
Tue Mar 31 14:42:57 IDT 2026, 514 W
Tue Mar 31 14:42:57 IDT 2026, 513 W
Tue Mar 31 14:42:57 IDT 2026, 507 W
Tue Mar 31 14:42:58 IDT 2026, 508 W
Tue Mar 31 14:42:58 IDT 2026, 515 W
Tue Mar 31 14:42:58 IDT 2026, 506 W
Tue Mar 31 14:42:58 IDT 2026, 510 W
Tue Mar 31 14:42:58 IDT 2026, 507 W
Tue Mar 31 14:42:58 IDT 2026, 513 W
Tue Mar 31 14:42:58 IDT 2026, 510 W
Tue Mar 31 14:42:58 IDT 2026, 502 W
Tue Mar 31 14:42:59 IDT 2026, 507 W
Tue Mar 31 14:42:59 IDT 2026, 515 W
Tue Mar 31 14:42:59 IDT 2026, 506 W
Tue Mar 31 14:42:59 IDT 2026, 507 W
Tue Mar 31 14:42:59 IDT 2026, 508 W
Tue Mar 31 14:42:59 IDT 2026, 512 W
Tue Mar 31 14:42:59 IDT 2026, 508 W
Tue Mar 31 14:42:59 IDT 2026, 505 W
Tue Mar 31 14:43:00 IDT 2026, 503 W
Tue Mar 31 14:43:00 IDT 2026, 514 W
Tue Mar 31 14:43:00 IDT 2026, 506 W
Tue Mar 31 14:43:00 IDT 2026, 510 W
Tue Mar 31 14:43:00 IDT 2026, 507 W
Tue Mar 31 14:43:00 IDT 2026, 514 W
Tue Mar 31 14:43:00 IDT 2026, 506 W
Tue Mar 31 14:43:00 IDT 2026, 506 W
Tue Mar 31 14:43:01 IDT 2026, 505 W
Tue Mar 31 14:43:01 IDT 2026, 513 W
Tue Mar 31 14:43:01 IDT 2026, 505 W
Tue Mar 31 14:43:01 IDT 2026, 509 W
Tue Mar 31 14:43:01 IDT 2026, 510 W
Tue Mar 31 14:43:01 IDT 2026, 512 W
Tue Mar 31 14:43:01 IDT 2026, 510 W
Tue Mar 31 14:43:01 IDT 2026, 508 W
Tue Mar 31 14:43:02 IDT 2026, 475 W
Tue Mar 31 14:43:02 IDT 2026, 467 W
Tue Mar 31 14:43:02 IDT 2026, 467 W
Tue Mar 31 14:43:02 IDT 2026, 477 W
Tue Mar 31 14:43:02 IDT 2026, 466 W
Tue Mar 31 14:43:02 IDT 2026, 472 W
Tue Mar 31 14:43:02 IDT 2026, 482 W
Tue Mar 31 14:43:02 IDT 2026, 463 W
Tue Mar 31 14:43:03 IDT 2026, 473 W
Tue Mar 31 14:43:03 IDT 2026, 483 W
Tue Mar 31 14:43:03 IDT 2026, 476 W
Tue Mar 31 14:43:03 IDT 2026, 477 W
Tue Mar 31 14:43:03 IDT 2026, 475 W
Tue Mar 31 14:43:03 IDT 2026, 481 W
Tue Mar 31 14:43:03 IDT 2026, 476 W
Tue Mar 31 14:43:03 IDT 2026, 474 W
Tue Mar 31 14:43:04 IDT 2026, 473 W
Tue Mar 31 14:43:04 IDT 2026, 481 W
Tue Mar 31 14:43:04 IDT 2026, 474 W
Tue Mar 31 14:43:04 IDT 2026, 477 W
Tue Mar 31 14:43:04 IDT 2026, 474 W
Tue Mar 31 14:43:04 IDT 2026, 480 W
Tue Mar 31 14:43:04 IDT 2026, 478 W
Tue Mar 31 14:43:04 IDT 2026, 477 W
Tue Mar 31 14:43:05 IDT 2026, 475 W
Tue Mar 31 14:43:05 IDT 2026, 482 W
Tue Mar 31 14:43:05 IDT 2026, 471 W
Tue Mar 31 14:43:05 IDT 2026, 476 W
Tue Mar 31 14:43:05 IDT 2026, 473 W
Tue Mar 31 14:43:05 IDT 2026, 480 W
Tue Mar 31 14:43:05 IDT 2026, 480 W
Tue Mar 31 14:43:05 IDT 2026, 473 W
Tue Mar 31 14:43:06 IDT 2026, 351 W
Tue Mar 31 14:43:06 IDT 2026, 424 W
Tue Mar 31 14:43:06 IDT 2026, 291 W
Tue Mar 31 14:43:06 IDT 2026, 312 W
Tue Mar 31 14:43:06 IDT 2026, 431 W
Tue Mar 31 14:43:06 IDT 2026, 299 W
Tue Mar 31 14:43:06 IDT 2026, 374 W
Tue Mar 31 14:43:06 IDT 2026, 429 W
Tue Mar 31 14:43:07 IDT 2026, 530 W
Tue Mar 31 14:43:07 IDT 2026, 548 W
Tue Mar 31 14:43:07 IDT 2026, 530 W
Tue Mar 31 14:43:07 IDT 2026, 533 W
Tue Mar 31 14:43:07 IDT 2026, 539 W
Tue Mar 31 14:43:07 IDT 2026, 535 W
Tue Mar 31 14:43:07 IDT 2026, 535 W
Tue Mar 31 14:43:07 IDT 2026, 541 W
Tue Mar 31 14:43:08 IDT 2026, 530 W
Tue Mar 31 14:43:08 IDT 2026, 535 W
Tue Mar 31 14:43:08 IDT 2026, 528 W
Tue Mar 31 14:43:08 IDT 2026, 530 W
Tue Mar 31 14:43:08 IDT 2026, 529 W
Tue Mar 31 14:43:08 IDT 2026, 531 W
Tue Mar 31 14:43:08 IDT 2026, 533 W
Tue Mar 31 14:43:08 IDT 2026, 529 W
Tue Mar 31 14:43:09 IDT 2026, 528 W
Tue Mar 31 14:43:09 IDT 2026, 534 W
Tue Mar 31 14:43:09 IDT 2026, 529 W
Tue Mar 31 14:43:09 IDT 2026, 529 W
Tue Mar 31 14:43:09 IDT 2026, 527 W
Tue Mar 31 14:43:09 IDT 2026, 536 W
Tue Mar 31 14:43:09 IDT 2026, 532 W
Tue Mar 31 14:43:09 IDT 2026, 528 W
Tue Mar 31 14:43:10 IDT 2026, 528 W
Tue Mar 31 14:43:10 IDT 2026, 540 W
Tue Mar 31 14:43:10 IDT 2026, 530 W
Tue Mar 31 14:43:10 IDT 2026, 529 W
Tue Mar 31 14:43:10 IDT 2026, 530 W
Tue Mar 31 14:43:10 IDT 2026, 535 W
Tue Mar 31 14:43:10 IDT 2026, 534 W
Tue Mar 31 14:43:10 IDT 2026, 530 W
Tue Mar 31 14:43:11 IDT 2026, 529 W
Tue Mar 31 14:43:11 IDT 2026, 539 W
Tue Mar 31 14:43:11 IDT 2026, 527 W
Tue Mar 31 14:43:11 IDT 2026, 530 W
Tue Mar 31 14:43:11 IDT 2026, 531 W
Tue Mar 31 14:43:11 IDT 2026, 535 W
Tue Mar 31 14:43:11 IDT 2026, 534 W
Tue Mar 31 14:43:11 IDT 2026, 531 W
Tue Mar 31 14:43:12 IDT 2026, 526 W
Tue Mar 31 14:43:12 IDT 2026, 538 W
Tue Mar 31 14:43:12 IDT 2026, 532 W
Tue Mar 31 14:43:12 IDT 2026, 530 W
Tue Mar 31 14:43:12 IDT 2026, 531 W
Tue Mar 31 14:43:12 IDT 2026, 536 W
Tue Mar 31 14:43:12 IDT 2026, 533 W
Tue Mar 31 14:43:12 IDT 2026, 529 W
Tue Mar 31 14:43:13 IDT 2026, 505 W
Tue Mar 31 14:43:13 IDT 2026, 516 W
Tue Mar 31 14:43:13 IDT 2026, 506 W
Tue Mar 31 14:43:13 IDT 2026, 509 W
Tue Mar 31 14:43:13 IDT 2026, 508 W
Tue Mar 31 14:43:13 IDT 2026, 514 W
Tue Mar 31 14:43:13 IDT 2026, 508 W
Tue Mar 31 14:43:13 IDT 2026, 507 W
Tue Mar 31 14:43:14 IDT 2026, 474 W
Tue Mar 31 14:43:14 IDT 2026, 482 W
Tue Mar 31 14:43:14 IDT 2026, 474 W
Tue Mar 31 14:43:14 IDT 2026, 475 W
Tue Mar 31 14:43:14 IDT 2026, 473 W
Tue Mar 31 14:43:14 IDT 2026, 482 W
Tue Mar 31 14:43:14 IDT 2026, 476 W
Tue Mar 31 14:43:14 IDT 2026, 472 W
Tue Mar 31 14:43:15 IDT 2026, 468 W
Tue Mar 31 14:43:15 IDT 2026, 480 W
Tue Mar 31 14:43:15 IDT 2026, 473 W
Tue Mar 31 14:43:15 IDT 2026, 474 W
Tue Mar 31 14:43:15 IDT 2026, 475 W
Tue Mar 31 14:43:15 IDT 2026, 479 W
Tue Mar 31 14:43:15 IDT 2026, 474 W
Tue Mar 31 14:43:15 IDT 2026, 474 W
Tue Mar 31 14:43:16 IDT 2026, 454 W
Tue Mar 31 14:43:16 IDT 2026, 473 W
Tue Mar 31 14:43:16 IDT 2026, 464 W
Tue Mar 31 14:43:16 IDT 2026, 463 W
Tue Mar 31 14:43:16 IDT 2026, 469 W
Tue Mar 31 14:43:16 IDT 2026, 468 W
Tue Mar 31 14:43:16 IDT 2026, 459 W
Tue Mar 31 14:43:16 IDT 2026, 458 W
Tue Mar 31 14:43:17 IDT 2026, 472 W
Tue Mar 31 14:43:17 IDT 2026, 472 W
Tue Mar 31 14:43:17 IDT 2026, 472 W
Tue Mar 31 14:43:17 IDT 2026, 474 W
Tue Mar 31 14:43:17 IDT 2026, 467 W
Tue Mar 31 14:43:17 IDT 2026, 479 W
Tue Mar 31 14:43:17 IDT 2026, 474 W
Tue Mar 31 14:43:17 IDT 2026, 460 W
Tue Mar 31 14:43:18 IDT 2026, 473 W
Tue Mar 31 14:43:18 IDT 2026, 485 W
Tue Mar 31 14:43:18 IDT 2026, 473 W
Tue Mar 31 14:43:18 IDT 2026, 477 W
Tue Mar 31 14:43:18 IDT 2026, 476 W
Tue Mar 31 14:43:18 IDT 2026, 479 W
Tue Mar 31 14:43:18 IDT 2026, 476 W
Tue Mar 31 14:43:18 IDT 2026, 475 W
Tue Mar 31 14:43:19 IDT 2026, 467 W
Tue Mar 31 14:43:19 IDT 2026, 475 W
Tue Mar 31 14:43:19 IDT 2026, 470 W
Tue Mar 31 14:43:19 IDT 2026, 471 W
Tue Mar 31 14:43:19 IDT 2026, 471 W
Tue Mar 31 14:43:19 IDT 2026, 478 W
Tue Mar 31 14:43:19 IDT 2026, 474 W
Tue Mar 31 14:43:19 IDT 2026, 471 W
Tue Mar 31 14:43:20 IDT 2026, 420 W
Tue Mar 31 14:43:20 IDT 2026, 431 W
Tue Mar 31 14:43:20 IDT 2026, 427 W
Tue Mar 31 14:43:20 IDT 2026, 402 W
Tue Mar 31 14:43:20 IDT 2026, 427 W
Tue Mar 31 14:43:20 IDT 2026, 430 W
Tue Mar 31 14:43:20 IDT 2026, 431 W
Tue Mar 31 14:43:20 IDT 2026, 423 W
Tue Mar 31 14:43:21 IDT 2026, 473 W
Tue Mar 31 14:43:21 IDT 2026, 482 W
Tue Mar 31 14:43:21 IDT 2026, 474 W
Tue Mar 31 14:43:21 IDT 2026, 477 W
Tue Mar 31 14:43:21 IDT 2026, 474 W
Tue Mar 31 14:43:21 IDT 2026, 479 W
Tue Mar 31 14:43:21 IDT 2026, 478 W
Tue Mar 31 14:43:21 IDT 2026, 474 W
Tue Mar 31 14:43:22 IDT 2026, 469 W
Tue Mar 31 14:43:22 IDT 2026, 479 W
Tue Mar 31 14:43:22 IDT 2026, 472 W
Tue Mar 31 14:43:22 IDT 2026, 475 W
Tue Mar 31 14:43:22 IDT 2026, 471 W
Tue Mar 31 14:43:22 IDT 2026, 478 W
Tue Mar 31 14:43:22 IDT 2026, 475 W
Tue Mar 31 14:43:22 IDT 2026, 469 W
Tue Mar 31 14:43:23 IDT 2026, 458 W
Tue Mar 31 14:43:23 IDT 2026, 458 W
Tue Mar 31 14:43:23 IDT 2026, 416 W
Tue Mar 31 14:43:23 IDT 2026, 464 W
Tue Mar 31 14:43:23 IDT 2026, 453 W
Tue Mar 31 14:43:23 IDT 2026, 457 W
Tue Mar 31 14:43:23 IDT 2026, 461 W
Tue Mar 31 14:43:23 IDT 2026, 450 W
Tue Mar 31 14:43:24 IDT 2026, 445 W
Tue Mar 31 14:43:24 IDT 2026, 451 W
Tue Mar 31 14:43:24 IDT 2026, 414 W
Tue Mar 31 14:43:24 IDT 2026, 444 W
Tue Mar 31 14:43:24 IDT 2026, 447 W
Tue Mar 31 14:43:24 IDT 2026, 456 W
Tue Mar 31 14:43:24 IDT 2026, 451 W
Tue Mar 31 14:43:24 IDT 2026, 446 W
Tue Mar 31 14:43:25 IDT 2026, 333 W
Tue Mar 31 14:43:25 IDT 2026, 450 W
Tue Mar 31 14:43:25 IDT 2026, 471 W
Tue Mar 31 14:43:25 IDT 2026, 312 W
Tue Mar 31 14:43:25 IDT 2026, 472 W
Tue Mar 31 14:43:25 IDT 2026, 480 W
Tue Mar 31 14:43:25 IDT 2026, 354 W
Tue Mar 31 14:43:25 IDT 2026, 470 W
Tue Mar 31 14:43:26 IDT 2026, 529 W
Tue Mar 31 14:43:26 IDT 2026, 538 W
Tue Mar 31 14:43:26 IDT 2026, 532 W
Tue Mar 31 14:43:26 IDT 2026, 531 W
Tue Mar 31 14:43:26 IDT 2026, 530 W
Tue Mar 31 14:43:26 IDT 2026, 539 W
Tue Mar 31 14:43:26 IDT 2026, 533 W
Tue Mar 31 14:43:26 IDT 2026, 532 W
Tue Mar 31 14:43:27 IDT 2026, 527 W
Tue Mar 31 14:43:27 IDT 2026, 539 W
Tue Mar 31 14:43:27 IDT 2026, 530 W
Tue Mar 31 14:43:27 IDT 2026, 533 W
Tue Mar 31 14:43:27 IDT 2026, 529 W
Tue Mar 31 14:43:27 IDT 2026, 535 W
Tue Mar 31 14:43:27 IDT 2026, 535 W
Tue Mar 31 14:43:27 IDT 2026, 530 W
Tue Mar 31 14:43:28 IDT 2026, 527 W
Tue Mar 31 14:43:28 IDT 2026, 540 W
Tue Mar 31 14:43:28 IDT 2026, 529 W
Tue Mar 31 14:43:28 IDT 2026, 533 W
Tue Mar 31 14:43:28 IDT 2026, 530 W
Tue Mar 31 14:43:28 IDT 2026, 536 W
Tue Mar 31 14:43:28 IDT 2026, 532 W
Tue Mar 31 14:43:28 IDT 2026, 530 W
Tue Mar 31 14:43:29 IDT 2026, 528 W
Tue Mar 31 14:43:29 IDT 2026, 537 W
Tue Mar 31 14:43:29 IDT 2026, 529 W
Tue Mar 31 14:43:29 IDT 2026, 534 W
Tue Mar 31 14:43:29 IDT 2026, 530 W
Tue Mar 31 14:43:29 IDT 2026, 535 W
Tue Mar 31 14:43:29 IDT 2026, 531 W
Tue Mar 31 14:43:29 IDT 2026, 529 W
Tue Mar 31 14:43:30 IDT 2026, 528 W
Tue Mar 31 14:43:30 IDT 2026, 539 W
Tue Mar 31 14:43:30 IDT 2026, 526 W
Tue Mar 31 14:43:30 IDT 2026, 531 W
Tue Mar 31 14:43:30 IDT 2026, 529 W
Tue Mar 31 14:43:30 IDT 2026, 532 W
Tue Mar 31 14:43:30 IDT 2026, 531 W
Tue Mar 31 14:43:30 IDT 2026, 528 W
Tue Mar 31 14:43:31 IDT 2026, 527 W
Tue Mar 31 14:43:31 IDT 2026, 536 W
Tue Mar 31 14:43:31 IDT 2026, 528 W
Tue Mar 31 14:43:31 IDT 2026, 531 W
Tue Mar 31 14:43:31 IDT 2026, 528 W
Tue Mar 31 14:43:31 IDT 2026, 534 W
Tue Mar 31 14:43:31 IDT 2026, 536 W
Tue Mar 31 14:43:31 IDT 2026, 527 W
Tue Mar 31 14:43:32 IDT 2026, 522 W
Tue Mar 31 14:43:32 IDT 2026, 536 W
Tue Mar 31 14:43:32 IDT 2026, 521 W
Tue Mar 31 14:43:32 IDT 2026, 527 W
Tue Mar 31 14:43:32 IDT 2026, 527 W
Tue Mar 31 14:43:32 IDT 2026, 533 W
Tue Mar 31 14:43:32 IDT 2026, 530 W
Tue Mar 31 14:43:32 IDT 2026, 527 W
Tue Mar 31 14:43:33 IDT 2026, 526 W
Tue Mar 31 14:43:33 IDT 2026, 539 W
Tue Mar 31 14:43:33 IDT 2026, 525 W
Tue Mar 31 14:43:33 IDT 2026, 528 W
Tue Mar 31 14:43:33 IDT 2026, 528 W
Tue Mar 31 14:43:33 IDT 2026, 534 W
Tue Mar 31 14:43:33 IDT 2026, 532 W
Tue Mar 31 14:43:33 IDT 2026, 529 W
Tue Mar 31 14:43:34 IDT 2026, 520 W
Tue Mar 31 14:43:34 IDT 2026, 531 W
Tue Mar 31 14:43:34 IDT 2026, 521 W
Tue Mar 31 14:43:34 IDT 2026, 526 W
Tue Mar 31 14:43:34 IDT 2026, 521 W
Tue Mar 31 14:43:34 IDT 2026, 527 W
Tue Mar 31 14:43:34 IDT 2026, 525 W
Tue Mar 31 14:43:34 IDT 2026, 523 W
Tue Mar 31 14:43:35 IDT 2026, 522 W
Tue Mar 31 14:43:35 IDT 2026, 530 W
Tue Mar 31 14:43:35 IDT 2026, 522 W
Tue Mar 31 14:43:35 IDT 2026, 528 W
Tue Mar 31 14:43:35 IDT 2026, 524 W
Tue Mar 31 14:43:35 IDT 2026, 530 W
Tue Mar 31 14:43:35 IDT 2026, 526 W
Tue Mar 31 14:43:35 IDT 2026, 523 W
Tue Mar 31 14:43:36 IDT 2026, 484 W
Tue Mar 31 14:43:36 IDT 2026, 481 W
Tue Mar 31 14:43:36 IDT 2026, 496 W
Tue Mar 31 14:43:36 IDT 2026, 495 W
Tue Mar 31 14:43:36 IDT 2026, 468 W
Tue Mar 31 14:43:36 IDT 2026, 503 W
Tue Mar 31 14:43:36 IDT 2026, 490 W
Tue Mar 31 14:43:36 IDT 2026, 465 W
Tue Mar 31 14:43:37 IDT 2026, 490 W
Tue Mar 31 14:43:37 IDT 2026, 503 W
Tue Mar 31 14:43:37 IDT 2026, 496 W
Tue Mar 31 14:43:37 IDT 2026, 490 W
Tue Mar 31 14:43:37 IDT 2026, 495 W
Tue Mar 31 14:43:37 IDT 2026, 501 W
Tue Mar 31 14:43:37 IDT 2026, 496 W
Tue Mar 31 14:43:37 IDT 2026, 493 W
Tue Mar 31 14:43:38 IDT 2026, 505 W
Tue Mar 31 14:43:38 IDT 2026, 515 W
Tue Mar 31 14:43:38 IDT 2026, 507 W
Tue Mar 31 14:43:38 IDT 2026, 509 W
Tue Mar 31 14:43:38 IDT 2026, 505 W
Tue Mar 31 14:43:38 IDT 2026, 512 W
Tue Mar 31 14:43:38 IDT 2026, 508 W
Tue Mar 31 14:43:38 IDT 2026, 506 W
Tue Mar 31 14:43:39 IDT 2026, 456 W
Tue Mar 31 14:43:39 IDT 2026, 446 W
Tue Mar 31 14:43:39 IDT 2026, 445 W
Tue Mar 31 14:43:39 IDT 2026, 451 W
Tue Mar 31 14:43:39 IDT 2026, 459 W
Tue Mar 31 14:43:39 IDT 2026, 456 W
Tue Mar 31 14:43:39 IDT 2026, 454 W
Tue Mar 31 14:43:39 IDT 2026, 458 W
Tue Mar 31 14:43:40 IDT 2026, 508 W
Tue Mar 31 14:43:40 IDT 2026, 518 W
Tue Mar 31 14:43:40 IDT 2026, 510 W
Tue Mar 31 14:43:40 IDT 2026, 510 W
Tue Mar 31 14:43:40 IDT 2026, 510 W
Tue Mar 31 14:43:40 IDT 2026, 517 W
Tue Mar 31 14:43:40 IDT 2026, 512 W
Tue Mar 31 14:43:40 IDT 2026, 509 W
Tue Mar 31 14:43:41 IDT 2026, 506 W
Tue Mar 31 14:43:41 IDT 2026, 513 W
Tue Mar 31 14:43:41 IDT 2026, 508 W
Tue Mar 31 14:43:41 IDT 2026, 511 W
Tue Mar 31 14:43:41 IDT 2026, 508 W
Tue Mar 31 14:43:41 IDT 2026, 518 W
Tue Mar 31 14:43:41 IDT 2026, 508 W
Tue Mar 31 14:43:41 IDT 2026, 509 W
Tue Mar 31 14:43:42 IDT 2026, 505 W
Tue Mar 31 14:43:42 IDT 2026, 515 W
Tue Mar 31 14:43:42 IDT 2026, 501 W
Tue Mar 31 14:43:42 IDT 2026, 505 W
Tue Mar 31 14:43:42 IDT 2026, 504 W
Tue Mar 31 14:43:42 IDT 2026, 509 W
Tue Mar 31 14:43:42 IDT 2026, 506 W
Tue Mar 31 14:43:42 IDT 2026, 504 W
Tue Mar 31 14:43:43 IDT 2026, 505 W
Tue Mar 31 14:43:43 IDT 2026, 511 W
Tue Mar 31 14:43:43 IDT 2026, 507 W
Tue Mar 31 14:43:43 IDT 2026, 509 W
Tue Mar 31 14:43:43 IDT 2026, 504 W
Tue Mar 31 14:43:43 IDT 2026, 512 W
Tue Mar 31 14:43:43 IDT 2026, 510 W
Tue Mar 31 14:43:43 IDT 2026, 505 W
Tue Mar 31 14:43:44 IDT 2026, 428 W
Tue Mar 31 14:43:44 IDT 2026, 445 W
Tue Mar 31 14:43:44 IDT 2026, 387 W
Tue Mar 31 14:43:44 IDT 2026, 411 W
Tue Mar 31 14:43:44 IDT 2026, 424 W
Tue Mar 31 14:43:44 IDT 2026, 395 W
Tue Mar 31 14:43:44 IDT 2026, 469 W
Tue Mar 31 14:43:44 IDT 2026, 364 W
Tue Mar 31 14:43:45 IDT 2026, 494 W
Tue Mar 31 14:43:45 IDT 2026, 513 W
Tue Mar 31 14:43:45 IDT 2026, 502 W
Tue Mar 31 14:43:45 IDT 2026, 502 W
Tue Mar 31 14:43:45 IDT 2026, 504 W
Tue Mar 31 14:43:45 IDT 2026, 509 W
Tue Mar 31 14:43:45 IDT 2026, 498 W
Tue Mar 31 14:43:45 IDT 2026, 504 W
Tue Mar 31 14:43:46 IDT 2026, 504 W
Tue Mar 31 14:43:46 IDT 2026, 516 W
Tue Mar 31 14:43:46 IDT 2026, 504 W
Tue Mar 31 14:43:46 IDT 2026, 508 W
Tue Mar 31 14:43:46 IDT 2026, 505 W
Tue Mar 31 14:43:46 IDT 2026, 511 W
Tue Mar 31 14:43:46 IDT 2026, 506 W
Tue Mar 31 14:43:46 IDT 2026, 504 W
Tue Mar 31 14:43:47 IDT 2026, 231 W
Tue Mar 31 14:43:47 IDT 2026, 239 W
Tue Mar 31 14:43:47 IDT 2026, 232 W
Tue Mar 31 14:43:47 IDT 2026, 232 W
Tue Mar 31 14:43:47 IDT 2026, 234 W
Tue Mar 31 14:43:47 IDT 2026, 237 W
Tue Mar 31 14:43:47 IDT 2026, 236 W
Tue Mar 31 14:43:47 IDT 2026, 233 W
Tue Mar 31 14:43:48 IDT 2026, 527 W
Tue Mar 31 14:43:48 IDT 2026, 534 W
Tue Mar 31 14:43:48 IDT 2026, 526 W
Tue Mar 31 14:43:48 IDT 2026, 529 W
Tue Mar 31 14:43:48 IDT 2026, 527 W
Tue Mar 31 14:43:48 IDT 2026, 533 W
Tue Mar 31 14:43:48 IDT 2026, 532 W
Tue Mar 31 14:43:48 IDT 2026, 529 W
Tue Mar 31 14:43:49 IDT 2026, 527 W
Tue Mar 31 14:43:49 IDT 2026, 536 W
Tue Mar 31 14:43:49 IDT 2026, 529 W
Tue Mar 31 14:43:49 IDT 2026, 531 W
Tue Mar 31 14:43:49 IDT 2026, 529 W
Tue Mar 31 14:43:49 IDT 2026, 536 W
Tue Mar 31 14:43:49 IDT 2026, 533 W
Tue Mar 31 14:43:49 IDT 2026, 528 W
Tue Mar 31 14:43:50 IDT 2026, 527 W
Tue Mar 31 14:43:50 IDT 2026, 536 W
Tue Mar 31 14:43:50 IDT 2026, 527 W
Tue Mar 31 14:43:50 IDT 2026, 531 W
Tue Mar 31 14:43:50 IDT 2026, 530 W
Tue Mar 31 14:43:50 IDT 2026, 533 W
Tue Mar 31 14:43:50 IDT 2026, 531 W
Tue Mar 31 14:43:50 IDT 2026, 527 W
Tue Mar 31 14:43:51 IDT 2026, 527 W
Tue Mar 31 14:43:51 IDT 2026, 538 W
Tue Mar 31 14:43:51 IDT 2026, 530 W
Tue Mar 31 14:43:51 IDT 2026, 533 W
Tue Mar 31 14:43:51 IDT 2026, 528 W
Tue Mar 31 14:43:51 IDT 2026, 537 W
Tue Mar 31 14:43:51 IDT 2026, 533 W
Tue Mar 31 14:43:51 IDT 2026, 529 W
Tue Mar 31 14:43:52 IDT 2026, 530 W
Tue Mar 31 14:43:52 IDT 2026, 540 W
Tue Mar 31 14:43:52 IDT 2026, 531 W
Tue Mar 31 14:43:52 IDT 2026, 532 W
Tue Mar 31 14:43:52 IDT 2026, 532 W
Tue Mar 31 14:43:52 IDT 2026, 535 W
Tue Mar 31 14:43:52 IDT 2026, 530 W
Tue Mar 31 14:43:52 IDT 2026, 532 W
Tue Mar 31 14:43:53 IDT 2026, 518 W
Tue Mar 31 14:43:53 IDT 2026, 525 W
Tue Mar 31 14:43:53 IDT 2026, 519 W
Tue Mar 31 14:43:53 IDT 2026, 521 W
Tue Mar 31 14:43:53 IDT 2026, 519 W
Tue Mar 31 14:43:53 IDT 2026, 525 W
Tue Mar 31 14:43:53 IDT 2026, 520 W
Tue Mar 31 14:43:53 IDT 2026, 517 W
Tue Mar 31 14:43:54 IDT 2026, 509 W
Tue Mar 31 14:43:54 IDT 2026, 505 W
Tue Mar 31 14:43:54 IDT 2026, 481 W
Tue Mar 31 14:43:54 IDT 2026, 513 W
Tue Mar 31 14:43:54 IDT 2026, 495 W
Tue Mar 31 14:43:54 IDT 2026, 459 W
Tue Mar 31 14:43:54 IDT 2026, 508 W
Tue Mar 31 14:43:54 IDT 2026, 494 W
Tue Mar 31 14:43:55 IDT 2026, 524 W
Tue Mar 31 14:43:55 IDT 2026, 531 W
Tue Mar 31 14:43:55 IDT 2026, 524 W
Tue Mar 31 14:43:55 IDT 2026, 524 W
Tue Mar 31 14:43:55 IDT 2026, 525 W
Tue Mar 31 14:43:55 IDT 2026, 530 W
Tue Mar 31 14:43:55 IDT 2026, 524 W
Tue Mar 31 14:43:55 IDT 2026, 526 W
Tue Mar 31 14:43:56 IDT 2026, 520 W
Tue Mar 31 14:43:56 IDT 2026, 529 W
Tue Mar 31 14:43:56 IDT 2026, 523 W
Tue Mar 31 14:43:56 IDT 2026, 526 W
Tue Mar 31 14:43:56 IDT 2026, 522 W
Tue Mar 31 14:43:56 IDT 2026, 530 W
Tue Mar 31 14:43:56 IDT 2026, 523 W
Tue Mar 31 14:43:56 IDT 2026, 522 W
Tue Mar 31 14:43:57 IDT 2026, 520 W
Tue Mar 31 14:43:57 IDT 2026, 532 W
Tue Mar 31 14:43:57 IDT 2026, 522 W
Tue Mar 31 14:43:57 IDT 2026, 521 W
Tue Mar 31 14:43:57 IDT 2026, 523 W
Tue Mar 31 14:43:57 IDT 2026, 527 W
Tue Mar 31 14:43:57 IDT 2026, 526 W
Tue Mar 31 14:43:57 IDT 2026, 524 W
Tue Mar 31 14:43:58 IDT 2026, 504 W
Tue Mar 31 14:43:58 IDT 2026, 513 W
Tue Mar 31 14:43:58 IDT 2026, 507 W
Tue Mar 31 14:43:58 IDT 2026, 506 W
Tue Mar 31 14:43:58 IDT 2026, 505 W
Tue Mar 31 14:43:58 IDT 2026, 511 W
Tue Mar 31 14:43:58 IDT 2026, 511 W
Tue Mar 31 14:43:58 IDT 2026, 504 W
Tue Mar 31 14:43:59 IDT 2026, 503 W
Tue Mar 31 14:43:59 IDT 2026, 515 W
Tue Mar 31 14:43:59 IDT 2026, 501 W
Tue Mar 31 14:43:59 IDT 2026, 507 W
Tue Mar 31 14:43:59 IDT 2026, 505 W
Tue Mar 31 14:43:59 IDT 2026, 509 W
Tue Mar 31 14:43:59 IDT 2026, 511 W
Tue Mar 31 14:43:59 IDT 2026, 506 W
Tue Mar 31 14:44:00 IDT 2026, 504 W
Tue Mar 31 14:44:00 IDT 2026, 516 W
Tue Mar 31 14:44:00 IDT 2026, 506 W
Tue Mar 31 14:44:00 IDT 2026, 509 W
Tue Mar 31 14:44:00 IDT 2026, 506 W
Tue Mar 31 14:44:00 IDT 2026, 510 W
Tue Mar 31 14:44:00 IDT 2026, 513 W
Tue Mar 31 14:44:00 IDT 2026, 505 W
Tue Mar 31 14:44:01 IDT 2026, 503 W
Tue Mar 31 14:44:01 IDT 2026, 515 W
Tue Mar 31 14:44:01 IDT 2026, 504 W
Tue Mar 31 14:44:01 IDT 2026, 509 W
Tue Mar 31 14:44:01 IDT 2026, 505 W
Tue Mar 31 14:44:01 IDT 2026, 510 W
Tue Mar 31 14:44:01 IDT 2026, 507 W
Tue Mar 31 14:44:01 IDT 2026, 506 W
Tue Mar 31 14:44:02 IDT 2026, 470 W
Tue Mar 31 14:44:02 IDT 2026, 454 W
Tue Mar 31 14:44:02 IDT 2026, 471 W
Tue Mar 31 14:44:02 IDT 2026, 474 W
Tue Mar 31 14:44:02 IDT 2026, 467 W
Tue Mar 31 14:44:02 IDT 2026, 476 W
Tue Mar 31 14:44:02 IDT 2026, 473 W
Tue Mar 31 14:44:02 IDT 2026, 465 W
Tue Mar 31 14:44:03 IDT 2026, 470 W
Tue Mar 31 14:44:03 IDT 2026, 484 W
Tue Mar 31 14:44:03 IDT 2026, 474 W
Tue Mar 31 14:44:03 IDT 2026, 474 W
Tue Mar 31 14:44:03 IDT 2026, 475 W
Tue Mar 31 14:44:03 IDT 2026, 480 W
Tue Mar 31 14:44:03 IDT 2026, 473 W
Tue Mar 31 14:44:03 IDT 2026, 472 W
Tue Mar 31 14:44:04 IDT 2026, 473 W
Tue Mar 31 14:44:04 IDT 2026, 484 W
Tue Mar 31 14:44:04 IDT 2026, 472 W
Tue Mar 31 14:44:04 IDT 2026, 476 W
Tue Mar 31 14:44:04 IDT 2026, 474 W
Tue Mar 31 14:44:04 IDT 2026, 481 W
Tue Mar 31 14:44:04 IDT 2026, 479 W
Tue Mar 31 14:44:04 IDT 2026, 475 W
Tue Mar 31 14:44:05 IDT 2026, 473 W
Tue Mar 31 14:44:05 IDT 2026, 482 W
Tue Mar 31 14:44:05 IDT 2026, 476 W
Tue Mar 31 14:44:05 IDT 2026, 476 W
Tue Mar 31 14:44:05 IDT 2026, 471 W
Tue Mar 31 14:44:05 IDT 2026, 480 W
Tue Mar 31 14:44:05 IDT 2026, 476 W
Tue Mar 31 14:44:05 IDT 2026, 470 W
Tue Mar 31 14:44:06 IDT 2026, 454 W
Tue Mar 31 14:44:06 IDT 2026, 457 W
Tue Mar 31 14:44:06 IDT 2026, 460 W
Tue Mar 31 14:44:06 IDT 2026, 455 W
Tue Mar 31 14:44:06 IDT 2026, 452 W
Tue Mar 31 14:44:06 IDT 2026, 464 W
Tue Mar 31 14:44:06 IDT 2026, 457 W
Tue Mar 31 14:44:06 IDT 2026, 452 W
Tue Mar 31 14:44:07 IDT 2026, 442 W
Tue Mar 31 14:44:07 IDT 2026, 481 W
Tue Mar 31 14:44:07 IDT 2026, 335 W
Tue Mar 31 14:44:07 IDT 2026, 395 W
Tue Mar 31 14:44:07 IDT 2026, 473 W
Tue Mar 31 14:44:07 IDT 2026, 345 W
Tue Mar 31 14:44:07 IDT 2026, 459 W
Tue Mar 31 14:44:07 IDT 2026, 472 W
Tue Mar 31 14:44:08 IDT 2026, 526 W
Tue Mar 31 14:44:08 IDT 2026, 538 W
Tue Mar 31 14:44:08 IDT 2026, 532 W
Tue Mar 31 14:44:08 IDT 2026, 531 W
Tue Mar 31 14:44:08 IDT 2026, 528 W
Tue Mar 31 14:44:08 IDT 2026, 539 W
Tue Mar 31 14:44:08 IDT 2026, 531 W
Tue Mar 31 14:44:08 IDT 2026, 532 W
Tue Mar 31 14:44:09 IDT 2026, 528 W
Tue Mar 31 14:44:09 IDT 2026, 538 W
Tue Mar 31 14:44:09 IDT 2026, 529 W
Tue Mar 31 14:44:09 IDT 2026, 531 W
Tue Mar 31 14:44:09 IDT 2026, 526 W
Tue Mar 31 14:44:09 IDT 2026, 533 W
Tue Mar 31 14:44:09 IDT 2026, 531 W
Tue Mar 31 14:44:09 IDT 2026, 526 W
Tue Mar 31 14:44:10 IDT 2026, 529 W
Tue Mar 31 14:44:10 IDT 2026, 538 W
Tue Mar 31 14:44:10 IDT 2026, 528 W
Tue Mar 31 14:44:10 IDT 2026, 533 W
Tue Mar 31 14:44:10 IDT 2026, 529 W
Tue Mar 31 14:44:10 IDT 2026, 534 W
Tue Mar 31 14:44:10 IDT 2026, 530 W
Tue Mar 31 14:44:10 IDT 2026, 530 W
Tue Mar 31 14:44:11 IDT 2026, 528 W
Tue Mar 31 14:44:11 IDT 2026, 539 W
Tue Mar 31 14:44:11 IDT 2026, 531 W
Tue Mar 31 14:44:11 IDT 2026, 532 W
Tue Mar 31 14:44:11 IDT 2026, 529 W
Tue Mar 31 14:44:11 IDT 2026, 535 W
Tue Mar 31 14:44:11 IDT 2026, 532 W
Tue Mar 31 14:44:11 IDT 2026, 529 W
Tue Mar 31 14:44:12 IDT 2026, 527 W
Tue Mar 31 14:44:12 IDT 2026, 538 W
Tue Mar 31 14:44:12 IDT 2026, 529 W
Tue Mar 31 14:44:12 IDT 2026, 532 W
Tue Mar 31 14:44:12 IDT 2026, 531 W
Tue Mar 31 14:44:12 IDT 2026, 535 W
Tue Mar 31 14:44:12 IDT 2026, 533 W
Tue Mar 31 14:44:12 IDT 2026, 531 W
Tue Mar 31 14:44:13 IDT 2026, 530 W
Tue Mar 31 14:44:13 IDT 2026, 540 W
Tue Mar 31 14:44:13 IDT 2026, 528 W
Tue Mar 31 14:44:13 IDT 2026, 535 W
Tue Mar 31 14:44:13 IDT 2026, 530 W
Tue Mar 31 14:44:13 IDT 2026, 536 W
Tue Mar 31 14:44:13 IDT 2026, 534 W
Tue Mar 31 14:44:13 IDT 2026, 530 W
Tue Mar 31 14:44:14 IDT 2026, 527 W
Tue Mar 31 14:44:14 IDT 2026, 538 W
Tue Mar 31 14:44:14 IDT 2026, 528 W
Tue Mar 31 14:44:14 IDT 2026, 534 W
Tue Mar 31 14:44:14 IDT 2026, 531 W
Tue Mar 31 14:44:14 IDT 2026, 537 W
Tue Mar 31 14:44:14 IDT 2026, 536 W
Tue Mar 31 14:44:14 IDT 2026, 530 W
Tue Mar 31 14:44:15 IDT 2026, 526 W
Tue Mar 31 14:44:15 IDT 2026, 532 W
Tue Mar 31 14:44:15 IDT 2026, 525 W
Tue Mar 31 14:44:15 IDT 2026, 529 W
Tue Mar 31 14:44:15 IDT 2026, 526 W
Tue Mar 31 14:44:15 IDT 2026, 530 W
Tue Mar 31 14:44:15 IDT 2026, 530 W
Tue Mar 31 14:44:15 IDT 2026, 523 W
Tue Mar 31 14:44:16 IDT 2026, 517 W
Tue Mar 31 14:44:16 IDT 2026, 529 W
Tue Mar 31 14:44:16 IDT 2026, 518 W
Tue Mar 31 14:44:16 IDT 2026, 517 W
Tue Mar 31 14:44:16 IDT 2026, 517 W
Tue Mar 31 14:44:16 IDT 2026, 523 W
Tue Mar 31 14:44:16 IDT 2026, 521 W
Tue Mar 31 14:44:16 IDT 2026, 518 W
Tue Mar 31 14:44:17 IDT 2026, 515 W
Tue Mar 31 14:44:17 IDT 2026, 402 W
Tue Mar 31 14:44:17 IDT 2026, 432 W
Tue Mar 31 14:44:17 IDT 2026, 484 W
Tue Mar 31 14:44:17 IDT 2026, 334 W
Tue Mar 31 14:44:17 IDT 2026, 444 W
Tue Mar 31 14:44:17 IDT 2026, 518 W
Tue Mar 31 14:44:17 IDT 2026, 407 W
Tue Mar 31 14:44:18 IDT 2026, 512 W
Tue Mar 31 14:44:18 IDT 2026, 528 W
Tue Mar 31 14:44:18 IDT 2026, 514 W
Tue Mar 31 14:44:18 IDT 2026, 520 W
Tue Mar 31 14:44:18 IDT 2026, 444 W
Tue Mar 31 14:44:18 IDT 2026, 521 W
Tue Mar 31 14:44:18 IDT 2026, 520 W
Tue Mar 31 14:44:18 IDT 2026, 481 W
Tue Mar 31 14:44:19 IDT 2026, 519 W
Tue Mar 31 14:44:19 IDT 2026, 528 W
Tue Mar 31 14:44:19 IDT 2026, 522 W
Tue Mar 31 14:44:19 IDT 2026, 523 W
Tue Mar 31 14:44:19 IDT 2026, 519 W
Tue Mar 31 14:44:19 IDT 2026, 526 W
Tue Mar 31 14:44:19 IDT 2026, 525 W
Tue Mar 31 14:44:19 IDT 2026, 520 W
Tue Mar 31 14:44:20 IDT 2026, 523 W
Tue Mar 31 14:44:20 IDT 2026, 531 W
Tue Mar 31 14:44:20 IDT 2026, 519 W
Tue Mar 31 14:44:20 IDT 2026, 525 W
Tue Mar 31 14:44:20 IDT 2026, 520 W
Tue Mar 31 14:44:20 IDT 2026, 528 W
Tue Mar 31 14:44:20 IDT 2026, 524 W
Tue Mar 31 14:44:20 IDT 2026, 520 W
Tue Mar 31 14:44:21 IDT 2026, 507 W
Tue Mar 31 14:44:21 IDT 2026, 517 W
Tue Mar 31 14:44:21 IDT 2026, 506 W
Tue Mar 31 14:44:21 IDT 2026, 512 W
Tue Mar 31 14:44:21 IDT 2026, 510 W
Tue Mar 31 14:44:21 IDT 2026, 514 W
Tue Mar 31 14:44:21 IDT 2026, 512 W
Tue Mar 31 14:44:21 IDT 2026, 508 W
Tue Mar 31 14:44:22 IDT 2026, 473 W
Tue Mar 31 14:44:22 IDT 2026, 483 W
Tue Mar 31 14:44:22 IDT 2026, 475 W
Tue Mar 31 14:44:22 IDT 2026, 477 W
Tue Mar 31 14:44:22 IDT 2026, 473 W
Tue Mar 31 14:44:22 IDT 2026, 478 W
Tue Mar 31 14:44:22 IDT 2026, 480 W
Tue Mar 31 14:44:22 IDT 2026, 473 W
Tue Mar 31 14:44:23 IDT 2026, 469 W
Tue Mar 31 14:44:23 IDT 2026, 480 W
Tue Mar 31 14:44:23 IDT 2026, 470 W
Tue Mar 31 14:44:23 IDT 2026, 476 W
Tue Mar 31 14:44:23 IDT 2026, 472 W
Tue Mar 31 14:44:23 IDT 2026, 475 W
Tue Mar 31 14:44:23 IDT 2026, 476 W
Tue Mar 31 14:44:23 IDT 2026, 473 W
Tue Mar 31 14:44:24 IDT 2026, 466 W
Tue Mar 31 14:44:24 IDT 2026, 471 W
Tue Mar 31 14:44:24 IDT 2026, 465 W
Tue Mar 31 14:44:24 IDT 2026, 466 W
Tue Mar 31 14:44:24 IDT 2026, 465 W
Tue Mar 31 14:44:24 IDT 2026, 468 W
Tue Mar 31 14:44:24 IDT 2026, 468 W
Tue Mar 31 14:44:24 IDT 2026, 465 W
Tue Mar 31 14:44:25 IDT 2026, 421 W
Tue Mar 31 14:44:25 IDT 2026, 390 W
Tue Mar 31 14:44:25 IDT 2026, 422 W
Tue Mar 31 14:44:25 IDT 2026, 427 W
Tue Mar 31 14:44:25 IDT 2026, 417 W
Tue Mar 31 14:44:25 IDT 2026, 422 W
Tue Mar 31 14:44:25 IDT 2026, 425 W
Tue Mar 31 14:44:25 IDT 2026, 420 W
Tue Mar 31 14:44:26 IDT 2026, 415 W
Tue Mar 31 14:44:26 IDT 2026, 434 W
Tue Mar 31 14:44:26 IDT 2026, 430 W
Tue Mar 31 14:44:26 IDT 2026, 434 W
Tue Mar 31 14:44:26 IDT 2026, 430 W
Tue Mar 31 14:44:26 IDT 2026, 438 W
Tue Mar 31 14:44:26 IDT 2026, 425 W
Tue Mar 31 14:44:26 IDT 2026, 429 W
Tue Mar 31 14:44:27 IDT 2026, 431 W
Tue Mar 31 14:44:27 IDT 2026, 437 W
Tue Mar 31 14:44:27 IDT 2026, 432 W
Tue Mar 31 14:44:27 IDT 2026, 434 W
Tue Mar 31 14:44:27 IDT 2026, 432 W
Tue Mar 31 14:44:27 IDT 2026, 439 W
Tue Mar 31 14:44:27 IDT 2026, 434 W
Tue Mar 31 14:44:27 IDT 2026, 432 W
Tue Mar 31 14:44:28 IDT 2026, 230 W
Tue Mar 31 14:44:28 IDT 2026, 238 W
Tue Mar 31 14:44:28 IDT 2026, 231 W
Tue Mar 31 14:44:28 IDT 2026, 232 W
Tue Mar 31 14:44:28 IDT 2026, 233 W
Tue Mar 31 14:44:28 IDT 2026, 236 W
Tue Mar 31 14:44:28 IDT 2026, 235 W
Tue Mar 31 14:44:28 IDT 2026, 232 W
Tue Mar 31 14:44:29 IDT 2026, 528 W
Tue Mar 31 14:44:29 IDT 2026, 537 W
Tue Mar 31 14:44:29 IDT 2026, 528 W
Tue Mar 31 14:44:29 IDT 2026, 531 W
Tue Mar 31 14:44:29 IDT 2026, 531 W
Tue Mar 31 14:44:29 IDT 2026, 535 W
Tue Mar 31 14:44:29 IDT 2026, 533 W
Tue Mar 31 14:44:29 IDT 2026, 525 W
Tue Mar 31 14:44:30 IDT 2026, 527 W
Tue Mar 31 14:44:30 IDT 2026, 538 W
Tue Mar 31 14:44:30 IDT 2026, 528 W
Tue Mar 31 14:44:30 IDT 2026, 533 W
Tue Mar 31 14:44:30 IDT 2026, 528 W
Tue Mar 31 14:44:30 IDT 2026, 533 W
Tue Mar 31 14:44:30 IDT 2026, 533 W
Tue Mar 31 14:44:30 IDT 2026, 527 W
Tue Mar 31 14:44:31 IDT 2026, 521 W
Tue Mar 31 14:44:31 IDT 2026, 534 W
Tue Mar 31 14:44:31 IDT 2026, 525 W
Tue Mar 31 14:44:31 IDT 2026, 525 W
Tue Mar 31 14:44:31 IDT 2026, 525 W
Tue Mar 31 14:44:31 IDT 2026, 529 W
Tue Mar 31 14:44:31 IDT 2026, 527 W
Tue Mar 31 14:44:31 IDT 2026, 526 W
Tue Mar 31 14:44:32 IDT 2026, 528 W
Tue Mar 31 14:44:32 IDT 2026, 538 W
Tue Mar 31 14:44:32 IDT 2026, 529 W
Tue Mar 31 14:44:32 IDT 2026, 528 W
Tue Mar 31 14:44:32 IDT 2026, 529 W
Tue Mar 31 14:44:32 IDT 2026, 535 W
Tue Mar 31 14:44:32 IDT 2026, 531 W
Tue Mar 31 14:44:32 IDT 2026, 529 W
Tue Mar 31 14:44:33 IDT 2026, 527 W
Tue Mar 31 14:44:33 IDT 2026, 538 W
Tue Mar 31 14:44:33 IDT 2026, 527 W
Tue Mar 31 14:44:33 IDT 2026, 531 W
Tue Mar 31 14:44:33 IDT 2026, 528 W
Tue Mar 31 14:44:33 IDT 2026, 536 W
Tue Mar 31 14:44:33 IDT 2026, 533 W
Tue Mar 31 14:44:33 IDT 2026, 526 W
Tue Mar 31 14:44:34 IDT 2026, 520 W
Tue Mar 31 14:44:34 IDT 2026, 530 W
Tue Mar 31 14:44:34 IDT 2026, 521 W
Tue Mar 31 14:44:34 IDT 2026, 523 W
Tue Mar 31 14:44:34 IDT 2026, 520 W
Tue Mar 31 14:44:34 IDT 2026, 527 W
Tue Mar 31 14:44:34 IDT 2026, 522 W
Tue Mar 31 14:44:34 IDT 2026, 517 W
Tue Mar 31 14:44:35 IDT 2026, 518 W
Tue Mar 31 14:44:35 IDT 2026, 531 W
Tue Mar 31 14:44:35 IDT 2026, 518 W
Tue Mar 31 14:44:35 IDT 2026, 523 W
Tue Mar 31 14:44:35 IDT 2026, 521 W
Tue Mar 31 14:44:35 IDT 2026, 526 W
Tue Mar 31 14:44:35 IDT 2026, 525 W
Tue Mar 31 14:44:35 IDT 2026, 519 W
Tue Mar 31 14:44:36 IDT 2026, 523 W
Tue Mar 31 14:44:36 IDT 2026, 532 W
Tue Mar 31 14:44:36 IDT 2026, 521 W
Tue Mar 31 14:44:36 IDT 2026, 527 W
Tue Mar 31 14:44:36 IDT 2026, 521 W
Tue Mar 31 14:44:36 IDT 2026, 528 W
Tue Mar 31 14:44:36 IDT 2026, 525 W
Tue Mar 31 14:44:36 IDT 2026, 523 W
Tue Mar 31 14:44:37 IDT 2026, 522 W
Tue Mar 31 14:44:37 IDT 2026, 530 W
Tue Mar 31 14:44:37 IDT 2026, 523 W
Tue Mar 31 14:44:37 IDT 2026, 526 W
Tue Mar 31 14:44:37 IDT 2026, 520 W
Tue Mar 31 14:44:37 IDT 2026, 528 W
Tue Mar 31 14:44:37 IDT 2026, 528 W
Tue Mar 31 14:44:37 IDT 2026, 523 W
Tue Mar 31 14:44:38 IDT 2026, 520 W
Tue Mar 31 14:44:38 IDT 2026, 527 W
Tue Mar 31 14:44:38 IDT 2026, 523 W
Tue Mar 31 14:44:38 IDT 2026, 522 W
Tue Mar 31 14:44:38 IDT 2026, 520 W
Tue Mar 31 14:44:38 IDT 2026, 531 W
Tue Mar 31 14:44:38 IDT 2026, 523 W
Tue Mar 31 14:44:38 IDT 2026, 519 W
Tue Mar 31 14:44:39 IDT 2026, 509 W
Tue Mar 31 14:44:39 IDT 2026, 517 W
Tue Mar 31 14:44:39 IDT 2026, 506 W
Tue Mar 31 14:44:39 IDT 2026, 509 W
Tue Mar 31 14:44:39 IDT 2026, 506 W
Tue Mar 31 14:44:39 IDT 2026, 512 W
Tue Mar 31 14:44:39 IDT 2026, 509 W
Tue Mar 31 14:44:39 IDT 2026, 509 W
Tue Mar 31 14:44:40 IDT 2026, 501 W
Tue Mar 31 14:44:40 IDT 2026, 516 W
Tue Mar 31 14:44:40 IDT 2026, 506 W
Tue Mar 31 14:44:40 IDT 2026, 508 W
Tue Mar 31 14:44:40 IDT 2026, 508 W
Tue Mar 31 14:44:40 IDT 2026, 514 W
Tue Mar 31 14:44:40 IDT 2026, 505 W
Tue Mar 31 14:44:40 IDT 2026, 506 W
Tue Mar 31 14:44:41 IDT 2026, 500 W
Tue Mar 31 14:44:41 IDT 2026, 511 W
Tue Mar 31 14:44:41 IDT 2026, 500 W
Tue Mar 31 14:44:41 IDT 2026, 511 W
Tue Mar 31 14:44:41 IDT 2026, 502 W
Tue Mar 31 14:44:41 IDT 2026, 512 W
Tue Mar 31 14:44:41 IDT 2026, 504 W
Tue Mar 31 14:44:41 IDT 2026, 502 W
Tue Mar 31 14:44:42 IDT 2026, 501 W
Tue Mar 31 14:44:42 IDT 2026, 506 W
Tue Mar 31 14:44:42 IDT 2026, 491 W
Tue Mar 31 14:44:42 IDT 2026, 498 W
Tue Mar 31 14:44:42 IDT 2026, 499 W
Tue Mar 31 14:44:42 IDT 2026, 499 W
Tue Mar 31 14:44:42 IDT 2026, 501 W
Tue Mar 31 14:44:42 IDT 2026, 495 W
Tue Mar 31 14:44:43 IDT 2026, 505 W
Tue Mar 31 14:44:43 IDT 2026, 510 W
Tue Mar 31 14:44:43 IDT 2026, 503 W
Tue Mar 31 14:44:43 IDT 2026, 504 W
Tue Mar 31 14:44:43 IDT 2026, 502 W
Tue Mar 31 14:44:43 IDT 2026, 510 W
Tue Mar 31 14:44:43 IDT 2026, 506 W
Tue Mar 31 14:44:43 IDT 2026, 501 W
Tue Mar 31 14:44:44 IDT 2026, 503 W
Tue Mar 31 14:44:44 IDT 2026, 509 W
Tue Mar 31 14:44:44 IDT 2026, 506 W
Tue Mar 31 14:44:44 IDT 2026, 508 W
Tue Mar 31 14:44:44 IDT 2026, 502 W
Tue Mar 31 14:44:44 IDT 2026, 512 W
Tue Mar 31 14:44:44 IDT 2026, 508 W
Tue Mar 31 14:44:44 IDT 2026, 498 W
Tue Mar 31 14:44:45 IDT 2026, 506 W
Tue Mar 31 14:44:45 IDT 2026, 515 W
Tue Mar 31 14:44:45 IDT 2026, 505 W
Tue Mar 31 14:44:45 IDT 2026, 509 W
Tue Mar 31 14:44:45 IDT 2026, 504 W
Tue Mar 31 14:44:45 IDT 2026, 512 W
Tue Mar 31 14:44:45 IDT 2026, 513 W
Tue Mar 31 14:44:45 IDT 2026, 504 W
Tue Mar 31 14:44:46 IDT 2026, 507 W
Tue Mar 31 14:44:46 IDT 2026, 515 W
Tue Mar 31 14:44:46 IDT 2026, 504 W
Tue Mar 31 14:44:46 IDT 2026, 510 W
Tue Mar 31 14:44:46 IDT 2026, 508 W
Tue Mar 31 14:44:46 IDT 2026, 511 W
Tue Mar 31 14:44:46 IDT 2026, 509 W
Tue Mar 31 14:44:46 IDT 2026, 507 W
Tue Mar 31 14:44:47 IDT 2026, 475 W
Tue Mar 31 14:44:47 IDT 2026, 485 W
Tue Mar 31 14:44:47 IDT 2026, 475 W
Tue Mar 31 14:44:47 IDT 2026, 480 W
Tue Mar 31 14:44:47 IDT 2026, 475 W
Tue Mar 31 14:44:47 IDT 2026, 480 W
Tue Mar 31 14:44:47 IDT 2026, 476 W
Tue Mar 31 14:44:47 IDT 2026, 474 W
Tue Mar 31 14:44:48 IDT 2026, 473 W
Tue Mar 31 14:44:48 IDT 2026, 483 W
Tue Mar 31 14:44:48 IDT 2026, 474 W
Tue Mar 31 14:44:48 IDT 2026, 478 W
Tue Mar 31 14:44:48 IDT 2026, 477 W
Tue Mar 31 14:44:48 IDT 2026, 482 W
Tue Mar 31 14:44:48 IDT 2026, 477 W
Tue Mar 31 14:44:48 IDT 2026, 475 W
Tue Mar 31 14:44:49 IDT 2026, 233 W
Tue Mar 31 14:44:49 IDT 2026, 240 W
Tue Mar 31 14:44:49 IDT 2026, 234 W
Tue Mar 31 14:44:49 IDT 2026, 234 W
Tue Mar 31 14:44:49 IDT 2026, 314 W
Tue Mar 31 14:44:49 IDT 2026, 238 W
Tue Mar 31 14:44:49 IDT 2026, 238 W
Tue Mar 31 14:44:49 IDT 2026, 293 W
Tue Mar 31 14:44:50 IDT 2026, 529 W
Tue Mar 31 14:44:50 IDT 2026, 537 W
Tue Mar 31 14:44:50 IDT 2026, 530 W
Tue Mar 31 14:44:50 IDT 2026, 532 W
Tue Mar 31 14:44:50 IDT 2026, 529 W
Tue Mar 31 14:44:50 IDT 2026, 537 W
Tue Mar 31 14:44:50 IDT 2026, 531 W
Tue Mar 31 14:44:50 IDT 2026, 531 W
Tue Mar 31 14:44:51 IDT 2026, 526 W
Tue Mar 31 14:44:51 IDT 2026, 539 W
Tue Mar 31 14:44:51 IDT 2026, 526 W
Tue Mar 31 14:44:51 IDT 2026, 529 W
Tue Mar 31 14:44:51 IDT 2026, 529 W
Tue Mar 31 14:44:51 IDT 2026, 531 W
Tue Mar 31 14:44:51 IDT 2026, 532 W
Tue Mar 31 14:44:51 IDT 2026, 528 W
Tue Mar 31 14:44:52 IDT 2026, 527 W
Tue Mar 31 14:44:52 IDT 2026, 539 W
Tue Mar 31 14:44:52 IDT 2026, 529 W
Tue Mar 31 14:44:52 IDT 2026, 532 W
Tue Mar 31 14:44:52 IDT 2026, 529 W
Tue Mar 31 14:44:52 IDT 2026, 532 W
Tue Mar 31 14:44:52 IDT 2026, 530 W
Tue Mar 31 14:44:52 IDT 2026, 529 W
Tue Mar 31 14:44:53 IDT 2026, 526 W
Tue Mar 31 14:44:53 IDT 2026, 537 W
Tue Mar 31 14:44:53 IDT 2026, 527 W
Tue Mar 31 14:44:53 IDT 2026, 529 W
Tue Mar 31 14:44:53 IDT 2026, 528 W
Tue Mar 31 14:44:53 IDT 2026, 532 W
Tue Mar 31 14:44:53 IDT 2026, 529 W
Tue Mar 31 14:44:53 IDT 2026, 527 W
Tue Mar 31 14:44:54 IDT 2026, 520 W
Tue Mar 31 14:44:54 IDT 2026, 530 W
Tue Mar 31 14:44:54 IDT 2026, 522 W
Tue Mar 31 14:44:54 IDT 2026, 523 W
Tue Mar 31 14:44:54 IDT 2026, 522 W
Tue Mar 31 14:44:54 IDT 2026, 528 W
Tue Mar 31 14:44:54 IDT 2026, 525 W
Tue Mar 31 14:44:54 IDT 2026, 523 W
Tue Mar 31 14:44:55 IDT 2026, 520 W
Tue Mar 31 14:44:55 IDT 2026, 529 W
Tue Mar 31 14:44:55 IDT 2026, 518 W
Tue Mar 31 14:44:55 IDT 2026, 525 W
Tue Mar 31 14:44:55 IDT 2026, 521 W
Tue Mar 31 14:44:55 IDT 2026, 527 W
Tue Mar 31 14:44:55 IDT 2026, 526 W
Tue Mar 31 14:44:55 IDT 2026, 523 W
Tue Mar 31 14:44:56 IDT 2026, 518 W
Tue Mar 31 14:44:56 IDT 2026, 526 W
Tue Mar 31 14:44:56 IDT 2026, 516 W
Tue Mar 31 14:44:56 IDT 2026, 520 W
Tue Mar 31 14:44:56 IDT 2026, 516 W
Tue Mar 31 14:44:56 IDT 2026, 520 W
Tue Mar 31 14:44:56 IDT 2026, 519 W
Tue Mar 31 14:44:56 IDT 2026, 515 W
Tue Mar 31 14:44:57 IDT 2026, 520 W
Tue Mar 31 14:44:57 IDT 2026, 531 W
Tue Mar 31 14:44:57 IDT 2026, 524 W
Tue Mar 31 14:44:57 IDT 2026, 524 W
Tue Mar 31 14:44:57 IDT 2026, 524 W
Tue Mar 31 14:44:57 IDT 2026, 531 W
Tue Mar 31 14:44:57 IDT 2026, 526 W
Tue Mar 31 14:44:57 IDT 2026, 524 W
Tue Mar 31 14:44:58 IDT 2026, 504 W
Tue Mar 31 14:44:58 IDT 2026, 514 W
Tue Mar 31 14:44:58 IDT 2026, 506 W
Tue Mar 31 14:44:58 IDT 2026, 508 W
Tue Mar 31 14:44:58 IDT 2026, 507 W
Tue Mar 31 14:44:58 IDT 2026, 513 W
Tue Mar 31 14:44:58 IDT 2026, 509 W
Tue Mar 31 14:44:58 IDT 2026, 506 W
Tue Mar 31 14:44:59 IDT 2026, 502 W
Tue Mar 31 14:44:59 IDT 2026, 513 W
Tue Mar 31 14:44:59 IDT 2026, 504 W
Tue Mar 31 14:44:59 IDT 2026, 507 W
Tue Mar 31 14:44:59 IDT 2026, 503 W
Tue Mar 31 14:44:59 IDT 2026, 511 W
Tue Mar 31 14:44:59 IDT 2026, 506 W
Tue Mar 31 14:44:59 IDT 2026, 503 W
Tue Mar 31 14:45:00 IDT 2026, 507 W
Tue Mar 31 14:45:00 IDT 2026, 513 W
Tue Mar 31 14:45:00 IDT 2026, 503 W
Tue Mar 31 14:45:00 IDT 2026, 509 W
Tue Mar 31 14:45:00 IDT 2026, 503 W
Tue Mar 31 14:45:00 IDT 2026, 508 W
Tue Mar 31 14:45:00 IDT 2026, 510 W
Tue Mar 31 14:45:00 IDT 2026, 503 W
Tue Mar 31 14:45:01 IDT 2026, 505 W
Tue Mar 31 14:45:01 IDT 2026, 515 W
Tue Mar 31 14:45:01 IDT 2026, 507 W
Tue Mar 31 14:45:01 IDT 2026, 509 W
Tue Mar 31 14:45:01 IDT 2026, 507 W
Tue Mar 31 14:45:01 IDT 2026, 513 W
Tue Mar 31 14:45:01 IDT 2026, 507 W
Tue Mar 31 14:45:01 IDT 2026, 507 W
Tue Mar 31 14:45:02 IDT 2026, 431 W
Tue Mar 31 14:45:02 IDT 2026, 455 W
Tue Mar 31 14:45:02 IDT 2026, 453 W
Tue Mar 31 14:45:02 IDT 2026, 444 W
Tue Mar 31 14:45:02 IDT 2026, 449 W
Tue Mar 31 14:45:02 IDT 2026, 460 W
Tue Mar 31 14:45:02 IDT 2026, 428 W
Tue Mar 31 14:45:02 IDT 2026, 459 W
Tue Mar 31 14:45:03 IDT 2026, 393 W
Tue Mar 31 14:45:03 IDT 2026, 401 W
Tue Mar 31 14:45:03 IDT 2026, 389 W
Tue Mar 31 14:45:03 IDT 2026, 377 W
Tue Mar 31 14:45:03 IDT 2026, 387 W
Tue Mar 31 14:45:03 IDT 2026, 395 W
Tue Mar 31 14:45:03 IDT 2026, 402 W
Tue Mar 31 14:45:03 IDT 2026, 382 W
Tue Mar 31 14:45:04 IDT 2026, 388 W
Tue Mar 31 14:45:04 IDT 2026, 426 W
Tue Mar 31 14:45:04 IDT 2026, 376 W
Tue Mar 31 14:45:04 IDT 2026, 367 W
Tue Mar 31 14:45:04 IDT 2026, 382 W
Tue Mar 31 14:45:04 IDT 2026, 384 W
Tue Mar 31 14:45:04 IDT 2026, 393 W
Tue Mar 31 14:45:04 IDT 2026, 388 W
Tue Mar 31 14:45:05 IDT 2026, 231 W
Tue Mar 31 14:45:05 IDT 2026, 238 W
Tue Mar 31 14:45:05 IDT 2026, 232 W
Tue Mar 31 14:45:05 IDT 2026, 232 W
Tue Mar 31 14:45:05 IDT 2026, 234 W
Tue Mar 31 14:45:05 IDT 2026, 236 W
Tue Mar 31 14:45:05 IDT 2026, 234 W
Tue Mar 31 14:45:05 IDT 2026, 233 W
Tue Mar 31 14:45:06 IDT 2026, 526 W
Tue Mar 31 14:45:06 IDT 2026, 536 W
Tue Mar 31 14:45:06 IDT 2026, 530 W
Tue Mar 31 14:45:06 IDT 2026, 532 W
Tue Mar 31 14:45:06 IDT 2026, 527 W
Tue Mar 31 14:45:06 IDT 2026, 532 W
Tue Mar 31 14:45:06 IDT 2026, 530 W
Tue Mar 31 14:45:06 IDT 2026, 529 W
Tue Mar 31 14:45:07 IDT 2026, 530 W
Tue Mar 31 14:45:07 IDT 2026, 537 W
Tue Mar 31 14:45:07 IDT 2026, 529 W
Tue Mar 31 14:45:07 IDT 2026, 533 W
Tue Mar 31 14:45:07 IDT 2026, 529 W
Tue Mar 31 14:45:07 IDT 2026, 534 W
Tue Mar 31 14:45:07 IDT 2026, 532 W
Tue Mar 31 14:45:07 IDT 2026, 528 W
Tue Mar 31 14:45:08 IDT 2026, 526 W
Tue Mar 31 14:45:08 IDT 2026, 534 W
Tue Mar 31 14:45:08 IDT 2026, 527 W
Tue Mar 31 14:45:08 IDT 2026, 528 W
Tue Mar 31 14:45:08 IDT 2026, 528 W
Tue Mar 31 14:45:08 IDT 2026, 535 W
Tue Mar 31 14:45:08 IDT 2026, 528 W
Tue Mar 31 14:45:08 IDT 2026, 530 W
Tue Mar 31 14:45:09 IDT 2026, 526 W
Tue Mar 31 14:45:09 IDT 2026, 539 W
Tue Mar 31 14:45:09 IDT 2026, 531 W
Tue Mar 31 14:45:09 IDT 2026, 530 W
Tue Mar 31 14:45:09 IDT 2026, 532 W
Tue Mar 31 14:45:09 IDT 2026, 537 W
Tue Mar 31 14:45:09 IDT 2026, 535 W
Tue Mar 31 14:45:09 IDT 2026, 530 W
Tue Mar 31 14:45:10 IDT 2026, 528 W
Tue Mar 31 14:45:10 IDT 2026, 538 W
Tue Mar 31 14:45:10 IDT 2026, 528 W
Tue Mar 31 14:45:10 IDT 2026, 531 W
Tue Mar 31 14:45:10 IDT 2026, 528 W
Tue Mar 31 14:45:10 IDT 2026, 534 W
Tue Mar 31 14:45:10 IDT 2026, 533 W
Tue Mar 31 14:45:10 IDT 2026, 529 W
Tue Mar 31 14:45:11 IDT 2026, 528 W
Tue Mar 31 14:45:11 IDT 2026, 538 W
Tue Mar 31 14:45:11 IDT 2026, 529 W
Tue Mar 31 14:45:11 IDT 2026, 531 W
Tue Mar 31 14:45:11 IDT 2026, 530 W
Tue Mar 31 14:45:11 IDT 2026, 534 W
Tue Mar 31 14:45:11 IDT 2026, 533 W
Tue Mar 31 14:45:11 IDT 2026, 529 W
Tue Mar 31 14:45:12 IDT 2026, 528 W
Tue Mar 31 14:45:12 IDT 2026, 535 W
Tue Mar 31 14:45:12 IDT 2026, 527 W
Tue Mar 31 14:45:12 IDT 2026, 528 W
Tue Mar 31 14:45:12 IDT 2026, 528 W
Tue Mar 31 14:45:12 IDT 2026, 533 W
Tue Mar 31 14:45:12 IDT 2026, 531 W
Tue Mar 31 14:45:12 IDT 2026, 525 W
Tue Mar 31 14:45:13 IDT 2026, 527 W
Tue Mar 31 14:45:13 IDT 2026, 535 W
Tue Mar 31 14:45:13 IDT 2026, 526 W
Tue Mar 31 14:45:13 IDT 2026, 527 W
Tue Mar 31 14:45:13 IDT 2026, 526 W
Tue Mar 31 14:45:13 IDT 2026, 531 W
Tue Mar 31 14:45:13 IDT 2026, 529 W
Tue Mar 31 14:45:13 IDT 2026, 529 W
Tue Mar 31 14:45:14 IDT 2026, 530 W
Tue Mar 31 14:45:14 IDT 2026, 536 W
Tue Mar 31 14:45:14 IDT 2026, 526 W
Tue Mar 31 14:45:14 IDT 2026, 529 W
Tue Mar 31 14:45:14 IDT 2026, 527 W
Tue Mar 31 14:45:14 IDT 2026, 536 W
Tue Mar 31 14:45:14 IDT 2026, 532 W
Tue Mar 31 14:45:14 IDT 2026, 524 W
Tue Mar 31 14:45:15 IDT 2026, 530 W
Tue Mar 31 14:45:15 IDT 2026, 536 W
Tue Mar 31 14:45:15 IDT 2026, 529 W
Tue Mar 31 14:45:15 IDT 2026, 530 W
Tue Mar 31 14:45:15 IDT 2026, 530 W
Tue Mar 31 14:45:15 IDT 2026, 536 W
Tue Mar 31 14:45:15 IDT 2026, 534 W
Tue Mar 31 14:45:15 IDT 2026, 529 W
Tue Mar 31 14:45:16 IDT 2026, 527 W
Tue Mar 31 14:45:16 IDT 2026, 537 W
Tue Mar 31 14:45:16 IDT 2026, 527 W
Tue Mar 31 14:45:16 IDT 2026, 530 W
Tue Mar 31 14:45:16 IDT 2026, 528 W
Tue Mar 31 14:45:16 IDT 2026, 535 W
Tue Mar 31 14:45:16 IDT 2026, 533 W
Tue Mar 31 14:45:16 IDT 2026, 528 W
Tue Mar 31 14:45:17 IDT 2026, 525 W
Tue Mar 31 14:45:17 IDT 2026, 534 W
Tue Mar 31 14:45:17 IDT 2026, 525 W
Tue Mar 31 14:45:17 IDT 2026, 530 W
Tue Mar 31 14:45:17 IDT 2026, 526 W
Tue Mar 31 14:45:17 IDT 2026, 530 W
Tue Mar 31 14:45:17 IDT 2026, 531 W
Tue Mar 31 14:45:17 IDT 2026, 524 W
Tue Mar 31 14:45:18 IDT 2026, 493 W
Tue Mar 31 14:45:18 IDT 2026, 522 W
Tue Mar 31 14:45:18 IDT 2026, 506 W
Tue Mar 31 14:45:18 IDT 2026, 501 W
Tue Mar 31 14:45:18 IDT 2026, 501 W
Tue Mar 31 14:45:18 IDT 2026, 513 W
Tue Mar 31 14:45:18 IDT 2026, 517 W
Tue Mar 31 14:45:18 IDT 2026, 508 W
Tue Mar 31 14:45:19 IDT 2026, 526 W
Tue Mar 31 14:45:19 IDT 2026, 534 W
Tue Mar 31 14:45:19 IDT 2026, 528 W
Tue Mar 31 14:45:19 IDT 2026, 530 W
Tue Mar 31 14:45:19 IDT 2026, 526 W
Tue Mar 31 14:45:19 IDT 2026, 533 W
Tue Mar 31 14:45:19 IDT 2026, 530 W
Tue Mar 31 14:45:19 IDT 2026, 525 W
Tue Mar 31 14:45:20 IDT 2026, 526 W
Tue Mar 31 14:45:20 IDT 2026, 536 W
Tue Mar 31 14:45:20 IDT 2026, 526 W
Tue Mar 31 14:45:20 IDT 2026, 530 W
Tue Mar 31 14:45:20 IDT 2026, 528 W
Tue Mar 31 14:45:20 IDT 2026, 532 W
Tue Mar 31 14:45:20 IDT 2026, 531 W
Tue Mar 31 14:45:20 IDT 2026, 528 W
Tue Mar 31 14:45:21 IDT 2026, 526 W
Tue Mar 31 14:45:21 IDT 2026, 537 W
Tue Mar 31 14:45:21 IDT 2026, 525 W
Tue Mar 31 14:45:21 IDT 2026, 529 W
Tue Mar 31 14:45:21 IDT 2026, 527 W
Tue Mar 31 14:45:21 IDT 2026, 532 W
Tue Mar 31 14:45:21 IDT 2026, 527 W
Tue Mar 31 14:45:21 IDT 2026, 530 W
Tue Mar 31 14:45:22 IDT 2026, 521 W
Tue Mar 31 14:45:22 IDT 2026, 534 W
Tue Mar 31 14:45:22 IDT 2026, 525 W
Tue Mar 31 14:45:22 IDT 2026, 526 W
Tue Mar 31 14:45:22 IDT 2026, 526 W
Tue Mar 31 14:45:22 IDT 2026, 532 W
Tue Mar 31 14:45:22 IDT 2026, 528 W
Tue Mar 31 14:45:22 IDT 2026, 526 W
Tue Mar 31 14:45:23 IDT 2026, 517 W
Tue Mar 31 14:45:23 IDT 2026, 526 W
Tue Mar 31 14:45:23 IDT 2026, 517 W
Tue Mar 31 14:45:23 IDT 2026, 521 W
Tue Mar 31 14:45:23 IDT 2026, 519 W
Tue Mar 31 14:45:23 IDT 2026, 523 W
Tue Mar 31 14:45:23 IDT 2026, 520 W
Tue Mar 31 14:45:23 IDT 2026, 520 W
Tue Mar 31 14:45:24 IDT 2026, 519 W
Tue Mar 31 14:45:24 IDT 2026, 528 W
Tue Mar 31 14:45:24 IDT 2026, 520 W
Tue Mar 31 14:45:24 IDT 2026, 523 W
Tue Mar 31 14:45:24 IDT 2026, 518 W
Tue Mar 31 14:45:24 IDT 2026, 526 W
Tue Mar 31 14:45:24 IDT 2026, 524 W
Tue Mar 31 14:45:24 IDT 2026, 520 W
Tue Mar 31 14:45:25 IDT 2026, 522 W
Tue Mar 31 14:45:25 IDT 2026, 531 W
Tue Mar 31 14:45:25 IDT 2026, 519 W
Tue Mar 31 14:45:25 IDT 2026, 522 W
Tue Mar 31 14:45:25 IDT 2026, 522 W
Tue Mar 31 14:45:25 IDT 2026, 527 W
Tue Mar 31 14:45:25 IDT 2026, 525 W
Tue Mar 31 14:45:25 IDT 2026, 523 W
Tue Mar 31 14:45:26 IDT 2026, 518 W
Tue Mar 31 14:45:26 IDT 2026, 528 W
Tue Mar 31 14:45:26 IDT 2026, 521 W
Tue Mar 31 14:45:26 IDT 2026, 521 W
Tue Mar 31 14:45:26 IDT 2026, 521 W
Tue Mar 31 14:45:26 IDT 2026, 527 W
Tue Mar 31 14:45:26 IDT 2026, 525 W
Tue Mar 31 14:45:26 IDT 2026, 526 W
Tue Mar 31 14:45:27 IDT 2026, 518 W
Tue Mar 31 14:45:27 IDT 2026, 533 W
Tue Mar 31 14:45:27 IDT 2026, 521 W
Tue Mar 31 14:45:27 IDT 2026, 521 W
Tue Mar 31 14:45:27 IDT 2026, 523 W
Tue Mar 31 14:45:27 IDT 2026, 527 W
Tue Mar 31 14:45:27 IDT 2026, 524 W
Tue Mar 31 14:45:27 IDT 2026, 521 W
Tue Mar 31 14:45:28 IDT 2026, 531 W
Tue Mar 31 14:45:28 IDT 2026, 543 W
Tue Mar 31 14:45:28 IDT 2026, 537 W
Tue Mar 31 14:45:28 IDT 2026, 532 W
Tue Mar 31 14:45:28 IDT 2026, 535 W
Tue Mar 31 14:45:28 IDT 2026, 545 W
Tue Mar 31 14:45:28 IDT 2026, 535 W
Tue Mar 31 14:45:28 IDT 2026, 536 W
Tue Mar 31 14:45:29 IDT 2026, 529 W
Tue Mar 31 14:45:29 IDT 2026, 537 W
Tue Mar 31 14:45:29 IDT 2026, 528 W
Tue Mar 31 14:45:29 IDT 2026, 534 W
Tue Mar 31 14:45:29 IDT 2026, 531 W
Tue Mar 31 14:45:29 IDT 2026, 536 W
Tue Mar 31 14:45:29 IDT 2026, 532 W
Tue Mar 31 14:45:29 IDT 2026, 530 W
Tue Mar 31 14:45:30 IDT 2026, 523 W
Tue Mar 31 14:45:30 IDT 2026, 538 W
Tue Mar 31 14:45:30 IDT 2026, 527 W
Tue Mar 31 14:45:30 IDT 2026, 527 W
Tue Mar 31 14:45:30 IDT 2026, 526 W
Tue Mar 31 14:45:30 IDT 2026, 535 W
Tue Mar 31 14:45:30 IDT 2026, 529 W
Tue Mar 31 14:45:30 IDT 2026, 529 W
Tue Mar 31 14:45:31 IDT 2026, 527 W
Tue Mar 31 14:45:31 IDT 2026, 536 W
Tue Mar 31 14:45:31 IDT 2026, 527 W
Tue Mar 31 14:45:31 IDT 2026, 530 W
Tue Mar 31 14:45:31 IDT 2026, 525 W
Tue Mar 31 14:45:31 IDT 2026, 532 W
Tue Mar 31 14:45:31 IDT 2026, 532 W
Tue Mar 31 14:45:31 IDT 2026, 526 W
Tue Mar 31 14:45:32 IDT 2026, 486 W
Tue Mar 31 14:45:32 IDT 2026, 510 W
Tue Mar 31 14:45:32 IDT 2026, 496 W
Tue Mar 31 14:45:32 IDT 2026, 494 W
Tue Mar 31 14:45:32 IDT 2026, 501 W
Tue Mar 31 14:45:32 IDT 2026, 504 W
Tue Mar 31 14:45:32 IDT 2026, 490 W
Tue Mar 31 14:45:32 IDT 2026, 499 W
Tue Mar 31 14:45:33 IDT 2026, 502 W
Tue Mar 31 14:45:33 IDT 2026, 513 W
Tue Mar 31 14:45:33 IDT 2026, 505 W
Tue Mar 31 14:45:33 IDT 2026, 503 W
Tue Mar 31 14:45:33 IDT 2026, 507 W
Tue Mar 31 14:45:33 IDT 2026, 509 W
Tue Mar 31 14:45:33 IDT 2026, 504 W
Tue Mar 31 14:45:33 IDT 2026, 504 W
Tue Mar 31 14:45:34 IDT 2026, 498 W
Tue Mar 31 14:45:34 IDT 2026, 512 W
Tue Mar 31 14:45:34 IDT 2026, 498 W
Tue Mar 31 14:45:34 IDT 2026, 500 W
Tue Mar 31 14:45:34 IDT 2026, 490 W
Tue Mar 31 14:45:34 IDT 2026, 505 W
Tue Mar 31 14:45:34 IDT 2026, 505 W
Tue Mar 31 14:45:34 IDT 2026, 490 W
Tue Mar 31 14:45:35 IDT 2026, 470 W
Tue Mar 31 14:45:35 IDT 2026, 483 W
Tue Mar 31 14:45:35 IDT 2026, 473 W
Tue Mar 31 14:45:35 IDT 2026, 476 W
Tue Mar 31 14:45:35 IDT 2026, 474 W
Tue Mar 31 14:45:35 IDT 2026, 480 W
Tue Mar 31 14:45:35 IDT 2026, 478 W
Tue Mar 31 14:45:35 IDT 2026, 472 W
Tue Mar 31 14:45:36 IDT 2026, 473 W
Tue Mar 31 14:45:36 IDT 2026, 484 W
Tue Mar 31 14:45:36 IDT 2026, 473 W
Tue Mar 31 14:45:36 IDT 2026, 477 W
Tue Mar 31 14:45:36 IDT 2026, 474 W
Tue Mar 31 14:45:36 IDT 2026, 481 W
Tue Mar 31 14:45:36 IDT 2026, 476 W
Tue Mar 31 14:45:36 IDT 2026, 475 W
Tue Mar 31 14:45:37 IDT 2026, 473 W
Tue Mar 31 14:45:37 IDT 2026, 480 W
Tue Mar 31 14:45:37 IDT 2026, 470 W
Tue Mar 31 14:45:37 IDT 2026, 480 W
Tue Mar 31 14:45:37 IDT 2026, 471 W
Tue Mar 31 14:45:37 IDT 2026, 476 W
Tue Mar 31 14:45:37 IDT 2026, 476 W
Tue Mar 31 14:45:37 IDT 2026, 471 W
Tue Mar 31 14:45:38 IDT 2026, 473 W
Tue Mar 31 14:45:38 IDT 2026, 480 W
Tue Mar 31 14:45:38 IDT 2026, 475 W
Tue Mar 31 14:45:38 IDT 2026, 476 W
Tue Mar 31 14:45:38 IDT 2026, 472 W
Tue Mar 31 14:45:38 IDT 2026, 480 W
Tue Mar 31 14:45:38 IDT 2026, 478 W
Tue Mar 31 14:45:38 IDT 2026, 474 W
Tue Mar 31 14:45:39 IDT 2026, 475 W
Tue Mar 31 14:45:39 IDT 2026, 485 W
Tue Mar 31 14:45:39 IDT 2026, 474 W
Tue Mar 31 14:45:39 IDT 2026, 477 W
Tue Mar 31 14:45:39 IDT 2026, 474 W
Tue Mar 31 14:45:39 IDT 2026, 481 W
Tue Mar 31 14:45:39 IDT 2026, 479 W
Tue Mar 31 14:45:39 IDT 2026, 475 W
Tue Mar 31 14:45:40 IDT 2026, 462 W
Tue Mar 31 14:45:40 IDT 2026, 473 W
Tue Mar 31 14:45:40 IDT 2026, 457 W
Tue Mar 31 14:45:40 IDT 2026, 464 W
Tue Mar 31 14:45:40 IDT 2026, 466 W
Tue Mar 31 14:45:40 IDT 2026, 462 W
Tue Mar 31 14:45:40 IDT 2026, 470 W
Tue Mar 31 14:45:40 IDT 2026, 451 W
Tue Mar 31 14:45:41 IDT 2026, 461 W
Tue Mar 31 14:45:41 IDT 2026, 470 W
Tue Mar 31 14:45:41 IDT 2026, 456 W
Tue Mar 31 14:45:41 IDT 2026, 450 W
Tue Mar 31 14:45:41 IDT 2026, 460 W
Tue Mar 31 14:45:41 IDT 2026, 465 W
Tue Mar 31 14:45:41 IDT 2026, 474 W
Tue Mar 31 14:45:41 IDT 2026, 458 W
Tue Mar 31 14:45:42 IDT 2026, 467 W
Tue Mar 31 14:45:42 IDT 2026, 482 W
Tue Mar 31 14:45:42 IDT 2026, 473 W
Tue Mar 31 14:45:42 IDT 2026, 479 W
Tue Mar 31 14:45:42 IDT 2026, 475 W
Tue Mar 31 14:45:42 IDT 2026, 480 W
Tue Mar 31 14:45:42 IDT 2026, 471 W
Tue Mar 31 14:45:42 IDT 2026, 473 W
Tue Mar 31 14:45:43 IDT 2026, 473 W
Tue Mar 31 14:45:43 IDT 2026, 481 W
Tue Mar 31 14:45:43 IDT 2026, 474 W
Tue Mar 31 14:45:43 IDT 2026, 473 W
Tue Mar 31 14:45:43 IDT 2026, 474 W
Tue Mar 31 14:45:43 IDT 2026, 479 W
Tue Mar 31 14:45:43 IDT 2026, 476 W
Tue Mar 31 14:45:43 IDT 2026, 473 W
Tue Mar 31 14:45:44 IDT 2026, 473 W
Tue Mar 31 14:45:44 IDT 2026, 483 W
Tue Mar 31 14:45:44 IDT 2026, 471 W
Tue Mar 31 14:45:44 IDT 2026, 478 W
Tue Mar 31 14:45:44 IDT 2026, 475 W
Tue Mar 31 14:45:44 IDT 2026, 480 W
Tue Mar 31 14:45:44 IDT 2026, 477 W
Tue Mar 31 14:45:44 IDT 2026, 473 W
Tue Mar 31 14:45:45 IDT 2026, 473 W
Tue Mar 31 14:45:45 IDT 2026, 485 W
Tue Mar 31 14:45:45 IDT 2026, 475 W
Tue Mar 31 14:45:45 IDT 2026, 476 W
Tue Mar 31 14:45:45 IDT 2026, 475 W
Tue Mar 31 14:45:45 IDT 2026, 481 W
Tue Mar 31 14:45:45 IDT 2026, 476 W
Tue Mar 31 14:45:45 IDT 2026, 476 W
Tue Mar 31 14:45:46 IDT 2026, 235 W
Tue Mar 31 14:45:46 IDT 2026, 240 W
Tue Mar 31 14:45:46 IDT 2026, 234 W
Tue Mar 31 14:45:46 IDT 2026, 235 W
Tue Mar 31 14:45:46 IDT 2026, 235 W
Tue Mar 31 14:45:46 IDT 2026, 240 W
Tue Mar 31 14:45:46 IDT 2026, 235 W
Tue Mar 31 14:45:46 IDT 2026, 234 W
Tue Mar 31 14:45:47 IDT 2026, 528 W
Tue Mar 31 14:45:47 IDT 2026, 536 W
Tue Mar 31 14:45:47 IDT 2026, 531 W
Tue Mar 31 14:45:47 IDT 2026, 533 W
Tue Mar 31 14:45:47 IDT 2026, 528 W
Tue Mar 31 14:45:47 IDT 2026, 533 W
Tue Mar 31 14:45:47 IDT 2026, 530 W
Tue Mar 31 14:45:47 IDT 2026, 526 W
Tue Mar 31 14:45:48 IDT 2026, 529 W
Tue Mar 31 14:45:48 IDT 2026, 535 W
Tue Mar 31 14:45:48 IDT 2026, 525 W
Tue Mar 31 14:45:48 IDT 2026, 526 W
Tue Mar 31 14:45:48 IDT 2026, 527 W
Tue Mar 31 14:45:48 IDT 2026, 534 W
Tue Mar 31 14:45:48 IDT 2026, 533 W
Tue Mar 31 14:45:48 IDT 2026, 527 W
Tue Mar 31 14:45:49 IDT 2026, 529 W
Tue Mar 31 14:45:49 IDT 2026, 538 W
Tue Mar 31 14:45:49 IDT 2026, 529 W
Tue Mar 31 14:45:49 IDT 2026, 533 W
Tue Mar 31 14:45:49 IDT 2026, 531 W
Tue Mar 31 14:45:49 IDT 2026, 534 W
Tue Mar 31 14:45:49 IDT 2026, 532 W
Tue Mar 31 14:45:49 IDT 2026, 528 W
Tue Mar 31 14:45:50 IDT 2026, 528 W
Tue Mar 31 14:45:50 IDT 2026, 537 W
Tue Mar 31 14:45:50 IDT 2026, 529 W
Tue Mar 31 14:45:50 IDT 2026, 531 W
Tue Mar 31 14:45:50 IDT 2026, 524 W
Tue Mar 31 14:45:50 IDT 2026, 533 W
Tue Mar 31 14:45:50 IDT 2026, 530 W
Tue Mar 31 14:45:50 IDT 2026, 530 W
Tue Mar 31 14:45:51 IDT 2026, 523 W
Tue Mar 31 14:45:51 IDT 2026, 533 W
Tue Mar 31 14:45:51 IDT 2026, 519 W
Tue Mar 31 14:45:51 IDT 2026, 523 W
Tue Mar 31 14:45:51 IDT 2026, 523 W
Tue Mar 31 14:45:51 IDT 2026, 526 W
Tue Mar 31 14:45:51 IDT 2026, 526 W
Tue Mar 31 14:45:51 IDT 2026, 523 W
Tue Mar 31 14:45:52 IDT 2026, 511 W
Tue Mar 31 14:45:52 IDT 2026, 520 W
Tue Mar 31 14:45:52 IDT 2026, 511 W
Tue Mar 31 14:45:52 IDT 2026, 515 W
Tue Mar 31 14:45:52 IDT 2026, 509 W
Tue Mar 31 14:45:52 IDT 2026, 515 W
Tue Mar 31 14:45:52 IDT 2026, 516 W
Tue Mar 31 14:45:52 IDT 2026, 510 W
Tue Mar 31 14:45:53 IDT 2026, 504 W
Tue Mar 31 14:45:53 IDT 2026, 511 W
Tue Mar 31 14:45:53 IDT 2026, 502 W
Tue Mar 31 14:45:53 IDT 2026, 506 W
Tue Mar 31 14:45:53 IDT 2026, 504 W
Tue Mar 31 14:45:53 IDT 2026, 510 W
Tue Mar 31 14:45:53 IDT 2026, 511 W
Tue Mar 31 14:45:53 IDT 2026, 503 W
Tue Mar 31 14:45:54 IDT 2026, 501 W
Tue Mar 31 14:45:54 IDT 2026, 510 W
Tue Mar 31 14:45:54 IDT 2026, 499 W
Tue Mar 31 14:45:54 IDT 2026, 500 W
Tue Mar 31 14:45:54 IDT 2026, 504 W
Tue Mar 31 14:45:54 IDT 2026, 505 W
Tue Mar 31 14:45:54 IDT 2026, 503 W
Tue Mar 31 14:45:54 IDT 2026, 500 W
Tue Mar 31 14:45:55 IDT 2026, 506 W
Tue Mar 31 14:45:55 IDT 2026, 511 W
Tue Mar 31 14:45:55 IDT 2026, 506 W
Tue Mar 31 14:45:55 IDT 2026, 507 W
Tue Mar 31 14:45:55 IDT 2026, 503 W
Tue Mar 31 14:45:55 IDT 2026, 511 W
Tue Mar 31 14:45:55 IDT 2026, 508 W
Tue Mar 31 14:45:55 IDT 2026, 504 W
Tue Mar 31 14:45:56 IDT 2026, 493 W
Tue Mar 31 14:45:56 IDT 2026, 490 W
Tue Mar 31 14:45:56 IDT 2026, 497 W
Tue Mar 31 14:45:56 IDT 2026, 510 W
Tue Mar 31 14:45:56 IDT 2026, 478 W
Tue Mar 31 14:45:56 IDT 2026, 502 W
Tue Mar 31 14:45:56 IDT 2026, 494 W
Tue Mar 31 14:45:56 IDT 2026, 487 W
Tue Mar 31 14:45:57 IDT 2026, 507 W
Tue Mar 31 14:45:57 IDT 2026, 515 W
Tue Mar 31 14:45:57 IDT 2026, 507 W
Tue Mar 31 14:45:57 IDT 2026, 511 W
Tue Mar 31 14:45:57 IDT 2026, 508 W
Tue Mar 31 14:45:57 IDT 2026, 515 W
Tue Mar 31 14:45:57 IDT 2026, 511 W
Tue Mar 31 14:45:57 IDT 2026, 507 W
Tue Mar 31 14:45:58 IDT 2026, 503 W
Tue Mar 31 14:45:58 IDT 2026, 508 W
Tue Mar 31 14:45:58 IDT 2026, 501 W
Tue Mar 31 14:45:58 IDT 2026, 506 W
Tue Mar 31 14:45:58 IDT 2026, 500 W
Tue Mar 31 14:45:58 IDT 2026, 509 W
Tue Mar 31 14:45:58 IDT 2026, 505 W
Tue Mar 31 14:45:58 IDT 2026, 499 W
Tue Mar 31 14:45:59 IDT 2026, 504 W
Tue Mar 31 14:45:59 IDT 2026, 511 W
Tue Mar 31 14:45:59 IDT 2026, 502 W
Tue Mar 31 14:45:59 IDT 2026, 507 W
Tue Mar 31 14:45:59 IDT 2026, 500 W
Tue Mar 31 14:45:59 IDT 2026, 509 W
Tue Mar 31 14:45:59 IDT 2026, 508 W
Tue Mar 31 14:45:59 IDT 2026, 501 W
Tue Mar 31 14:46:00 IDT 2026, 506 W
Tue Mar 31 14:46:00 IDT 2026, 518 W
Tue Mar 31 14:46:00 IDT 2026, 509 W
Tue Mar 31 14:46:00 IDT 2026, 509 W
Tue Mar 31 14:46:00 IDT 2026, 511 W
Tue Mar 31 14:46:00 IDT 2026, 514 W
Tue Mar 31 14:46:00 IDT 2026, 510 W
Tue Mar 31 14:46:00 IDT 2026, 509 W
Tue Mar 31 14:46:01 IDT 2026, 503 W
Tue Mar 31 14:46:01 IDT 2026, 512 W
Tue Mar 31 14:46:01 IDT 2026, 506 W
Tue Mar 31 14:46:01 IDT 2026, 510 W
Tue Mar 31 14:46:01 IDT 2026, 505 W
Tue Mar 31 14:46:01 IDT 2026, 512 W
Tue Mar 31 14:46:01 IDT 2026, 509 W
Tue Mar 31 14:46:01 IDT 2026, 505 W
Tue Mar 31 14:46:02 IDT 2026, 506 W
Tue Mar 31 14:46:02 IDT 2026, 514 W
Tue Mar 31 14:46:02 IDT 2026, 506 W
Tue Mar 31 14:46:02 IDT 2026, 512 W
Tue Mar 31 14:46:02 IDT 2026, 506 W
Tue Mar 31 14:46:02 IDT 2026, 514 W
Tue Mar 31 14:46:02 IDT 2026, 513 W
Tue Mar 31 14:46:02 IDT 2026, 505 W
Tue Mar 31 14:46:03 IDT 2026, 505 W
Tue Mar 31 14:46:03 IDT 2026, 514 W
Tue Mar 31 14:46:03 IDT 2026, 506 W
Tue Mar 31 14:46:03 IDT 2026, 509 W
Tue Mar 31 14:46:03 IDT 2026, 506 W
Tue Mar 31 14:46:03 IDT 2026, 512 W
Tue Mar 31 14:46:03 IDT 2026, 509 W
Tue Mar 31 14:46:03 IDT 2026, 504 W
Tue Mar 31 14:46:04 IDT 2026, 502 W
Tue Mar 31 14:46:04 IDT 2026, 513 W
Tue Mar 31 14:46:04 IDT 2026, 503 W
Tue Mar 31 14:46:04 IDT 2026, 506 W
Tue Mar 31 14:46:04 IDT 2026, 504 W
Tue Mar 31 14:46:04 IDT 2026, 509 W
Tue Mar 31 14:46:04 IDT 2026, 509 W
Tue Mar 31 14:46:04 IDT 2026, 503 W
Tue Mar 31 14:46:05 IDT 2026, 502 W
Tue Mar 31 14:46:05 IDT 2026, 514 W
Tue Mar 31 14:46:05 IDT 2026, 500 W
Tue Mar 31 14:46:05 IDT 2026, 507 W
Tue Mar 31 14:46:05 IDT 2026, 503 W
Tue Mar 31 14:46:05 IDT 2026, 508 W
Tue Mar 31 14:46:05 IDT 2026, 507 W
Tue Mar 31 14:46:05 IDT 2026, 500 W
Tue Mar 31 14:46:06 IDT 2026, 506 W
Tue Mar 31 14:46:06 IDT 2026, 516 W
Tue Mar 31 14:46:06 IDT 2026, 505 W
Tue Mar 31 14:46:06 IDT 2026, 508 W
Tue Mar 31 14:46:06 IDT 2026, 507 W
Tue Mar 31 14:46:06 IDT 2026, 510 W
Tue Mar 31 14:46:06 IDT 2026, 509 W
Tue Mar 31 14:46:06 IDT 2026, 505 W
Tue Mar 31 14:46:07 IDT 2026, 231 W
Tue Mar 31 14:46:07 IDT 2026, 238 W
Tue Mar 31 14:46:07 IDT 2026, 232 W
Tue Mar 31 14:46:07 IDT 2026, 232 W
Tue Mar 31 14:46:07 IDT 2026, 233 W
Tue Mar 31 14:46:07 IDT 2026, 236 W
Tue Mar 31 14:46:07 IDT 2026, 235 W
Tue Mar 31 14:46:07 IDT 2026, 233 W
Tue Mar 31 14:46:08 IDT 2026, 525 W
Tue Mar 31 14:46:08 IDT 2026, 537 W
Tue Mar 31 14:46:08 IDT 2026, 526 W
Tue Mar 31 14:46:08 IDT 2026, 531 W
Tue Mar 31 14:46:08 IDT 2026, 527 W
Tue Mar 31 14:46:08 IDT 2026, 531 W
Tue Mar 31 14:46:08 IDT 2026, 530 W
Tue Mar 31 14:46:08 IDT 2026, 528 W
Tue Mar 31 14:46:09 IDT 2026, 529 W
Tue Mar 31 14:46:09 IDT 2026, 539 W
Tue Mar 31 14:46:09 IDT 2026, 527 W
Tue Mar 31 14:46:09 IDT 2026, 534 W
Tue Mar 31 14:46:09 IDT 2026, 530 W
Tue Mar 31 14:46:09 IDT 2026, 534 W
Tue Mar 31 14:46:09 IDT 2026, 534 W
Tue Mar 31 14:46:09 IDT 2026, 526 W
Tue Mar 31 14:46:10 IDT 2026, 529 W
Tue Mar 31 14:46:10 IDT 2026, 538 W
Tue Mar 31 14:46:10 IDT 2026, 529 W
Tue Mar 31 14:46:10 IDT 2026, 531 W
Tue Mar 31 14:46:10 IDT 2026, 531 W
Tue Mar 31 14:46:10 IDT 2026, 536 W
Tue Mar 31 14:46:10 IDT 2026, 534 W
Tue Mar 31 14:46:10 IDT 2026, 530 W
Tue Mar 31 14:46:11 IDT 2026, 530 W
Tue Mar 31 14:46:11 IDT 2026, 538 W
Tue Mar 31 14:46:11 IDT 2026, 526 W
Tue Mar 31 14:46:11 IDT 2026, 530 W
Tue Mar 31 14:46:11 IDT 2026, 526 W
Tue Mar 31 14:46:11 IDT 2026, 532 W
Tue Mar 31 14:46:11 IDT 2026, 535 W
Tue Mar 31 14:46:11 IDT 2026, 529 W
Tue Mar 31 14:46:12 IDT 2026, 527 W
Tue Mar 31 14:46:12 IDT 2026, 535 W
Tue Mar 31 14:46:12 IDT 2026, 524 W
Tue Mar 31 14:46:12 IDT 2026, 529 W
Tue Mar 31 14:46:12 IDT 2026, 528 W
Tue Mar 31 14:46:12 IDT 2026, 529 W
Tue Mar 31 14:46:12 IDT 2026, 534 W
Tue Mar 31 14:46:12 IDT 2026, 527 W
Tue Mar 31 14:46:13 IDT 2026, 527 W
Tue Mar 31 14:46:13 IDT 2026, 535 W
Tue Mar 31 14:46:13 IDT 2026, 524 W
Tue Mar 31 14:46:13 IDT 2026, 531 W
Tue Mar 31 14:46:13 IDT 2026, 526 W
Tue Mar 31 14:46:13 IDT 2026, 532 W
Tue Mar 31 14:46:13 IDT 2026, 528 W
Tue Mar 31 14:46:13 IDT 2026, 527 W
Tue Mar 31 14:46:14 IDT 2026, 508 W
Tue Mar 31 14:46:14 IDT 2026, 511 W
Tue Mar 31 14:46:14 IDT 2026, 503 W
Tue Mar 31 14:46:14 IDT 2026, 510 W
Tue Mar 31 14:46:14 IDT 2026, 504 W
Tue Mar 31 14:46:14 IDT 2026, 510 W
Tue Mar 31 14:46:14 IDT 2026, 510 W
Tue Mar 31 14:46:14 IDT 2026, 502 W
Tue Mar 31 14:46:15 IDT 2026, 503 W
Tue Mar 31 14:46:15 IDT 2026, 515 W
Tue Mar 31 14:46:15 IDT 2026, 504 W
Tue Mar 31 14:46:15 IDT 2026, 509 W
Tue Mar 31 14:46:15 IDT 2026, 504 W
Tue Mar 31 14:46:15 IDT 2026, 513 W
Tue Mar 31 14:46:15 IDT 2026, 505 W
Tue Mar 31 14:46:15 IDT 2026, 505 W
Tue Mar 31 14:46:16 IDT 2026, 502 W
Tue Mar 31 14:46:16 IDT 2026, 513 W
Tue Mar 31 14:46:16 IDT 2026, 504 W
Tue Mar 31 14:46:16 IDT 2026, 505 W
Tue Mar 31 14:46:16 IDT 2026, 506 W
Tue Mar 31 14:46:16 IDT 2026, 509 W
Tue Mar 31 14:46:16 IDT 2026, 507 W
Tue Mar 31 14:46:16 IDT 2026, 505 W
Tue Mar 31 14:46:17 IDT 2026, 479 W
Tue Mar 31 14:46:17 IDT 2026, 509 W
Tue Mar 31 14:46:17 IDT 2026, 485 W
Tue Mar 31 14:46:17 IDT 2026, 492 W
Tue Mar 31 14:46:17 IDT 2026, 500 W
Tue Mar 31 14:46:17 IDT 2026, 500 W
Tue Mar 31 14:46:17 IDT 2026, 483 W
Tue Mar 31 14:46:17 IDT 2026, 501 W
Tue Mar 31 14:46:18 IDT 2026, 509 W
Tue Mar 31 14:46:18 IDT 2026, 519 W
Tue Mar 31 14:46:18 IDT 2026, 508 W
Tue Mar 31 14:46:18 IDT 2026, 509 W
Tue Mar 31 14:46:18 IDT 2026, 507 W
Tue Mar 31 14:46:18 IDT 2026, 515 W
Tue Mar 31 14:46:18 IDT 2026, 513 W
Tue Mar 31 14:46:18 IDT 2026, 507 W
Tue Mar 31 14:46:19 IDT 2026, 505 W
Tue Mar 31 14:46:19 IDT 2026, 513 W
Tue Mar 31 14:46:19 IDT 2026, 506 W
Tue Mar 31 14:46:19 IDT 2026, 509 W
Tue Mar 31 14:46:19 IDT 2026, 508 W
Tue Mar 31 14:46:19 IDT 2026, 513 W
Tue Mar 31 14:46:19 IDT 2026, 509 W
Tue Mar 31 14:46:19 IDT 2026, 507 W
Tue Mar 31 14:46:20 IDT 2026, 506 W
Tue Mar 31 14:46:20 IDT 2026, 519 W
Tue Mar 31 14:46:20 IDT 2026, 503 W
Tue Mar 31 14:46:20 IDT 2026, 505 W
Tue Mar 31 14:46:20 IDT 2026, 508 W
Tue Mar 31 14:46:20 IDT 2026, 510 W
Tue Mar 31 14:46:20 IDT 2026, 509 W
Tue Mar 31 14:46:20 IDT 2026, 508 W
Tue Mar 31 14:46:21 IDT 2026, 504 W
Tue Mar 31 14:46:21 IDT 2026, 512 W
Tue Mar 31 14:46:21 IDT 2026, 503 W
Tue Mar 31 14:46:21 IDT 2026, 505 W
Tue Mar 31 14:46:21 IDT 2026, 503 W
Tue Mar 31 14:46:21 IDT 2026, 509 W
Tue Mar 31 14:46:21 IDT 2026, 509 W
Tue Mar 31 14:46:21 IDT 2026, 505 W
Tue Mar 31 14:46:22 IDT 2026, 505 W
Tue Mar 31 14:46:22 IDT 2026, 513 W
Tue Mar 31 14:46:22 IDT 2026, 502 W
Tue Mar 31 14:46:22 IDT 2026, 508 W
Tue Mar 31 14:46:22 IDT 2026, 509 W
Tue Mar 31 14:46:22 IDT 2026, 509 W
Tue Mar 31 14:46:22 IDT 2026, 507 W
Tue Mar 31 14:46:22 IDT 2026, 506 W
Tue Mar 31 14:46:23 IDT 2026, 505 W
Tue Mar 31 14:46:23 IDT 2026, 516 W
Tue Mar 31 14:46:23 IDT 2026, 508 W
Tue Mar 31 14:46:23 IDT 2026, 508 W
Tue Mar 31 14:46:23 IDT 2026, 507 W
Tue Mar 31 14:46:23 IDT 2026, 512 W
Tue Mar 31 14:46:23 IDT 2026, 511 W
Tue Mar 31 14:46:23 IDT 2026, 506 W
Tue Mar 31 14:46:24 IDT 2026, 504 W
Tue Mar 31 14:46:24 IDT 2026, 514 W
Tue Mar 31 14:46:24 IDT 2026, 507 W
Tue Mar 31 14:46:24 IDT 2026, 511 W
Tue Mar 31 14:46:24 IDT 2026, 507 W
Tue Mar 31 14:46:24 IDT 2026, 512 W
Tue Mar 31 14:46:24 IDT 2026, 508 W
Tue Mar 31 14:46:24 IDT 2026, 507 W
Tue Mar 31 14:46:25 IDT 2026, 503 W
Tue Mar 31 14:46:25 IDT 2026, 513 W
Tue Mar 31 14:46:25 IDT 2026, 504 W
Tue Mar 31 14:46:25 IDT 2026, 508 W
Tue Mar 31 14:46:25 IDT 2026, 505 W
Tue Mar 31 14:46:25 IDT 2026, 511 W
Tue Mar 31 14:46:25 IDT 2026, 504 W
Tue Mar 31 14:46:25 IDT 2026, 503 W
Tue Mar 31 14:46:26 IDT 2026, 497 W
Tue Mar 31 14:46:26 IDT 2026, 508 W
Tue Mar 31 14:46:26 IDT 2026, 506 W
Tue Mar 31 14:46:26 IDT 2026, 507 W
Tue Mar 31 14:46:26 IDT 2026, 501 W
Tue Mar 31 14:46:26 IDT 2026, 512 W
Tue Mar 31 14:46:26 IDT 2026, 501 W
Tue Mar 31 14:46:26 IDT 2026, 502 W
Tue Mar 31 14:46:27 IDT 2026, 493 W
Tue Mar 31 14:46:27 IDT 2026, 505 W
Tue Mar 31 14:46:27 IDT 2026, 495 W
Tue Mar 31 14:46:27 IDT 2026, 497 W
Tue Mar 31 14:46:27 IDT 2026, 496 W
Tue Mar 31 14:46:27 IDT 2026, 501 W
Tue Mar 31 14:46:27 IDT 2026, 496 W
Tue Mar 31 14:46:27 IDT 2026, 495 W
Tue Mar 31 14:46:28 IDT 2026, 593 W
Tue Mar 31 14:46:28 IDT 2026, 702 W
Tue Mar 31 14:46:28 IDT 2026, 721 W
Tue Mar 31 14:46:28 IDT 2026, 575 W
Tue Mar 31 14:46:28 IDT 2026, 713 W
Tue Mar 31 14:46:28 IDT 2026, 726 W
Tue Mar 31 14:46:28 IDT 2026, 611 W
Tue Mar 31 14:46:28 IDT 2026, 718 W
Tue Mar 31 14:46:29 IDT 2026, 525 W
Tue Mar 31 14:46:29 IDT 2026, 537 W
Tue Mar 31 14:46:29 IDT 2026, 527 W
Tue Mar 31 14:46:29 IDT 2026, 532 W
Tue Mar 31 14:46:29 IDT 2026, 530 W
Tue Mar 31 14:46:29 IDT 2026, 534 W
Tue Mar 31 14:46:29 IDT 2026, 529 W
Tue Mar 31 14:46:29 IDT 2026, 527 W
Tue Mar 31 14:46:30 IDT 2026, 528 W
Tue Mar 31 14:46:30 IDT 2026, 537 W
Tue Mar 31 14:46:30 IDT 2026, 529 W
Tue Mar 31 14:46:30 IDT 2026, 532 W
Tue Mar 31 14:46:30 IDT 2026, 528 W
Tue Mar 31 14:46:30 IDT 2026, 535 W
Tue Mar 31 14:46:30 IDT 2026, 532 W
Tue Mar 31 14:46:30 IDT 2026, 529 W
Tue Mar 31 14:46:31 IDT 2026, 525 W
Tue Mar 31 14:46:31 IDT 2026, 536 W
Tue Mar 31 14:46:31 IDT 2026, 527 W
Tue Mar 31 14:46:31 IDT 2026, 529 W
Tue Mar 31 14:46:31 IDT 2026, 527 W
Tue Mar 31 14:46:31 IDT 2026, 531 W
Tue Mar 31 14:46:31 IDT 2026, 529 W
Tue Mar 31 14:46:31 IDT 2026, 529 W
Tue Mar 31 14:46:32 IDT 2026, 501 W
Tue Mar 31 14:46:32 IDT 2026, 511 W
Tue Mar 31 14:46:32 IDT 2026, 496 W
Tue Mar 31 14:46:32 IDT 2026, 506 W
Tue Mar 31 14:46:32 IDT 2026, 500 W
Tue Mar 31 14:46:32 IDT 2026, 500 W
Tue Mar 31 14:46:32 IDT 2026, 500 W
Tue Mar 31 14:46:32 IDT 2026, 498 W
Tue Mar 31 14:46:33 IDT 2026, 528 W
Tue Mar 31 14:46:33 IDT 2026, 536 W
Tue Mar 31 14:46:33 IDT 2026, 527 W
Tue Mar 31 14:46:33 IDT 2026, 532 W
Tue Mar 31 14:46:33 IDT 2026, 527 W
Tue Mar 31 14:46:33 IDT 2026, 536 W
Tue Mar 31 14:46:33 IDT 2026, 533 W
Tue Mar 31 14:46:33 IDT 2026, 529 W
Tue Mar 31 14:46:34 IDT 2026, 525 W
Tue Mar 31 14:46:34 IDT 2026, 536 W
Tue Mar 31 14:46:34 IDT 2026, 526 W
Tue Mar 31 14:46:34 IDT 2026, 530 W
Tue Mar 31 14:46:34 IDT 2026, 526 W
Tue Mar 31 14:46:34 IDT 2026, 533 W
Tue Mar 31 14:46:34 IDT 2026, 533 W
Tue Mar 31 14:46:34 IDT 2026, 529 W
Tue Mar 31 14:46:35 IDT 2026, 520 W
Tue Mar 31 14:46:35 IDT 2026, 534 W
Tue Mar 31 14:46:35 IDT 2026, 522 W
Tue Mar 31 14:46:35 IDT 2026, 526 W
Tue Mar 31 14:46:35 IDT 2026, 527 W
Tue Mar 31 14:46:35 IDT 2026, 530 W
Tue Mar 31 14:46:35 IDT 2026, 522 W
Tue Mar 31 14:46:35 IDT 2026, 525 W
Tue Mar 31 14:46:36 IDT 2026, 526 W
Tue Mar 31 14:46:36 IDT 2026, 535 W
Tue Mar 31 14:46:36 IDT 2026, 522 W
Tue Mar 31 14:46:36 IDT 2026, 527 W
Tue Mar 31 14:46:36 IDT 2026, 526 W
Tue Mar 31 14:46:36 IDT 2026, 527 W
Tue Mar 31 14:46:36 IDT 2026, 527 W
Tue Mar 31 14:46:36 IDT 2026, 523 W
Tue Mar 31 14:46:37 IDT 2026, 527 W
Tue Mar 31 14:46:37 IDT 2026, 536 W
Tue Mar 31 14:46:37 IDT 2026, 526 W
Tue Mar 31 14:46:37 IDT 2026, 530 W
Tue Mar 31 14:46:37 IDT 2026, 528 W
Tue Mar 31 14:46:37 IDT 2026, 533 W
Tue Mar 31 14:46:37 IDT 2026, 528 W
Tue Mar 31 14:46:37 IDT 2026, 527 W
Tue Mar 31 14:46:38 IDT 2026, 507 W
Tue Mar 31 14:46:38 IDT 2026, 512 W
Tue Mar 31 14:46:38 IDT 2026, 505 W
Tue Mar 31 14:46:38 IDT 2026, 508 W
Tue Mar 31 14:46:38 IDT 2026, 505 W
Tue Mar 31 14:46:38 IDT 2026, 511 W
Tue Mar 31 14:46:38 IDT 2026, 508 W
Tue Mar 31 14:46:38 IDT 2026, 506 W
Tue Mar 31 14:46:39 IDT 2026, 502 W
Tue Mar 31 14:46:39 IDT 2026, 512 W
Tue Mar 31 14:46:39 IDT 2026, 505 W
Tue Mar 31 14:46:39 IDT 2026, 504 W
Tue Mar 31 14:46:39 IDT 2026, 505 W
Tue Mar 31 14:46:39 IDT 2026, 514 W
Tue Mar 31 14:46:39 IDT 2026, 505 W
Tue Mar 31 14:46:39 IDT 2026, 506 W
Tue Mar 31 14:46:40 IDT 2026, 507 W
Tue Mar 31 14:46:40 IDT 2026, 516 W
Tue Mar 31 14:46:40 IDT 2026, 504 W
Tue Mar 31 14:46:40 IDT 2026, 508 W
Tue Mar 31 14:46:40 IDT 2026, 506 W
Tue Mar 31 14:46:40 IDT 2026, 511 W
Tue Mar 31 14:46:40 IDT 2026, 507 W
Tue Mar 31 14:46:40 IDT 2026, 505 W
Tue Mar 31 14:46:41 IDT 2026, 505 W
Tue Mar 31 14:46:41 IDT 2026, 515 W
Tue Mar 31 14:46:41 IDT 2026, 504 W
Tue Mar 31 14:46:41 IDT 2026, 509 W
Tue Mar 31 14:46:41 IDT 2026, 507 W
Tue Mar 31 14:46:41 IDT 2026, 511 W
Tue Mar 31 14:46:41 IDT 2026, 509 W
Tue Mar 31 14:46:41 IDT 2026, 506 W
Tue Mar 31 14:46:42 IDT 2026, 467 W
Tue Mar 31 14:46:42 IDT 2026, 476 W
Tue Mar 31 14:46:42 IDT 2026, 468 W
Tue Mar 31 14:46:42 IDT 2026, 467 W
Tue Mar 31 14:46:42 IDT 2026, 484 W
Tue Mar 31 14:46:42 IDT 2026, 474 W
Tue Mar 31 14:46:42 IDT 2026, 483 W
Tue Mar 31 14:46:42 IDT 2026, 476 W
Tue Mar 31 14:46:43 IDT 2026, 480 W
Tue Mar 31 14:46:43 IDT 2026, 490 W
Tue Mar 31 14:46:43 IDT 2026, 506 W
Tue Mar 31 14:46:43 IDT 2026, 511 W
Tue Mar 31 14:46:43 IDT 2026, 500 W
Tue Mar 31 14:46:43 IDT 2026, 512 W
Tue Mar 31 14:46:43 IDT 2026, 481 W
Tue Mar 31 14:46:43 IDT 2026, 510 W
Tue Mar 31 14:46:44 IDT 2026, 503 W
Tue Mar 31 14:46:44 IDT 2026, 515 W
Tue Mar 31 14:46:44 IDT 2026, 505 W
Tue Mar 31 14:46:44 IDT 2026, 508 W
Tue Mar 31 14:46:44 IDT 2026, 508 W
Tue Mar 31 14:46:44 IDT 2026, 510 W
Tue Mar 31 14:46:44 IDT 2026, 511 W
Tue Mar 31 14:46:44 IDT 2026, 506 W
Tue Mar 31 14:46:45 IDT 2026, 501 W
Tue Mar 31 14:46:45 IDT 2026, 517 W
Tue Mar 31 14:46:45 IDT 2026, 507 W
Tue Mar 31 14:46:45 IDT 2026, 509 W
Tue Mar 31 14:46:45 IDT 2026, 506 W
Tue Mar 31 14:46:45 IDT 2026, 515 W
Tue Mar 31 14:46:45 IDT 2026, 505 W
Tue Mar 31 14:46:45 IDT 2026, 507 W
Tue Mar 31 14:46:46 IDT 2026, 505 W
Tue Mar 31 14:46:46 IDT 2026, 514 W
Tue Mar 31 14:46:46 IDT 2026, 503 W
Tue Mar 31 14:46:46 IDT 2026, 506 W
Tue Mar 31 14:46:46 IDT 2026, 505 W
Tue Mar 31 14:46:46 IDT 2026, 510 W
Tue Mar 31 14:46:46 IDT 2026, 508 W
Tue Mar 31 14:46:46 IDT 2026, 505 W
Tue Mar 31 14:46:47 IDT 2026, 496 W
Tue Mar 31 14:46:47 IDT 2026, 510 W
Tue Mar 31 14:46:47 IDT 2026, 502 W
Tue Mar 31 14:46:47 IDT 2026, 503 W
Tue Mar 31 14:46:47 IDT 2026, 502 W
Tue Mar 31 14:46:47 IDT 2026, 507 W
Tue Mar 31 14:46:47 IDT 2026, 503 W
Tue Mar 31 14:46:47 IDT 2026, 503 W
Tue Mar 31 14:46:48 IDT 2026, 503 W
Tue Mar 31 14:46:48 IDT 2026, 515 W
Tue Mar 31 14:46:48 IDT 2026, 507 W
Tue Mar 31 14:46:48 IDT 2026, 508 W
Tue Mar 31 14:46:48 IDT 2026, 508 W
Tue Mar 31 14:46:48 IDT 2026, 514 W
Tue Mar 31 14:46:48 IDT 2026, 508 W
Tue Mar 31 14:46:48 IDT 2026, 507 W
Tue Mar 31 14:46:49 IDT 2026, 231 W
Tue Mar 31 14:46:49 IDT 2026, 238 W
Tue Mar 31 14:46:49 IDT 2026, 232 W
Tue Mar 31 14:46:49 IDT 2026, 232 W
Tue Mar 31 14:46:49 IDT 2026, 234 W
Tue Mar 31 14:46:49 IDT 2026, 236 W
Tue Mar 31 14:46:49 IDT 2026, 235 W
Tue Mar 31 14:46:49 IDT 2026, 233 W
Tue Mar 31 14:46:50 IDT 2026, 499 W
Tue Mar 31 14:46:50 IDT 2026, 483 W
Tue Mar 31 14:46:50 IDT 2026, 513 W
Tue Mar 31 14:46:50 IDT 2026, 514 W
Tue Mar 31 14:46:50 IDT 2026, 519 W
Tue Mar 31 14:46:50 IDT 2026, 514 W
Tue Mar 31 14:46:50 IDT 2026, 502 W
Tue Mar 31 14:46:50 IDT 2026, 519 W
Tue Mar 31 14:46:51 IDT 2026, 529 W
Tue Mar 31 14:46:51 IDT 2026, 536 W
Tue Mar 31 14:46:51 IDT 2026, 528 W
Tue Mar 31 14:46:51 IDT 2026, 532 W
Tue Mar 31 14:46:51 IDT 2026, 527 W
Tue Mar 31 14:46:51 IDT 2026, 534 W
Tue Mar 31 14:46:51 IDT 2026, 531 W
Tue Mar 31 14:46:51 IDT 2026, 528 W
Tue Mar 31 14:46:52 IDT 2026, 527 W
Tue Mar 31 14:46:52 IDT 2026, 535 W
Tue Mar 31 14:46:52 IDT 2026, 526 W
Tue Mar 31 14:46:52 IDT 2026, 528 W
Tue Mar 31 14:46:52 IDT 2026, 528 W
Tue Mar 31 14:46:52 IDT 2026, 530 W
Tue Mar 31 14:46:52 IDT 2026, 532 W
Tue Mar 31 14:46:52 IDT 2026, 528 W
Tue Mar 31 14:46:53 IDT 2026, 528 W
Tue Mar 31 14:46:53 IDT 2026, 540 W
Tue Mar 31 14:46:53 IDT 2026, 531 W
Tue Mar 31 14:46:53 IDT 2026, 531 W
Tue Mar 31 14:46:53 IDT 2026, 530 W
Tue Mar 31 14:46:53 IDT 2026, 538 W
Tue Mar 31 14:46:53 IDT 2026, 535 W
Tue Mar 31 14:46:53 IDT 2026, 530 W
Tue Mar 31 14:46:54 IDT 2026, 524 W
Tue Mar 31 14:46:54 IDT 2026, 538 W
Tue Mar 31 14:46:54 IDT 2026, 529 W
Tue Mar 31 14:46:54 IDT 2026, 531 W
Tue Mar 31 14:46:54 IDT 2026, 528 W
Tue Mar 31 14:46:54 IDT 2026, 534 W
Tue Mar 31 14:46:54 IDT 2026, 530 W
Tue Mar 31 14:46:54 IDT 2026, 528 W
Tue Mar 31 14:46:55 IDT 2026, 526 W
Tue Mar 31 14:46:55 IDT 2026, 539 W
Tue Mar 31 14:46:55 IDT 2026, 529 W
Tue Mar 31 14:46:55 IDT 2026, 527 W
Tue Mar 31 14:46:55 IDT 2026, 530 W
Tue Mar 31 14:46:55 IDT 2026, 534 W
Tue Mar 31 14:46:55 IDT 2026, 534 W
Tue Mar 31 14:46:55 IDT 2026, 531 W
Tue Mar 31 14:46:56 IDT 2026, 486 W
Tue Mar 31 14:46:56 IDT 2026, 536 W
Tue Mar 31 14:46:56 IDT 2026, 526 W
Tue Mar 31 14:46:56 IDT 2026, 527 W
Tue Mar 31 14:46:56 IDT 2026, 528 W
Tue Mar 31 14:46:56 IDT 2026, 532 W
Tue Mar 31 14:46:56 IDT 2026, 506 W
Tue Mar 31 14:46:56 IDT 2026, 529 W
Tue Mar 31 14:46:57 IDT 2026, 521 W
Tue Mar 31 14:46:57 IDT 2026, 540 W
Tue Mar 31 14:46:57 IDT 2026, 527 W
Tue Mar 31 14:46:57 IDT 2026, 533 W
Tue Mar 31 14:46:57 IDT 2026, 529 W
Tue Mar 31 14:46:57 IDT 2026, 534 W
Tue Mar 31 14:46:57 IDT 2026, 526 W
Tue Mar 31 14:46:57 IDT 2026, 531 W
Tue Mar 31 14:46:58 IDT 2026, 530 W
Tue Mar 31 14:46:58 IDT 2026, 537 W
Tue Mar 31 14:46:58 IDT 2026, 528 W
Tue Mar 31 14:46:58 IDT 2026, 530 W
Tue Mar 31 14:46:58 IDT 2026, 532 W
Tue Mar 31 14:46:58 IDT 2026, 534 W
Tue Mar 31 14:46:58 IDT 2026, 531 W
Tue Mar 31 14:46:58 IDT 2026, 530 W
Tue Mar 31 14:46:59 IDT 2026, 525 W
Tue Mar 31 14:46:59 IDT 2026, 534 W
Tue Mar 31 14:46:59 IDT 2026, 524 W
Tue Mar 31 14:46:59 IDT 2026, 527 W
Tue Mar 31 14:46:59 IDT 2026, 525 W
Tue Mar 31 14:46:59 IDT 2026, 532 W
Tue Mar 31 14:46:59 IDT 2026, 530 W
Tue Mar 31 14:46:59 IDT 2026, 524 W
Tue Mar 31 14:47:00 IDT 2026, 523 W
Tue Mar 31 14:47:00 IDT 2026, 531 W
Tue Mar 31 14:47:00 IDT 2026, 523 W
Tue Mar 31 14:47:00 IDT 2026, 525 W
Tue Mar 31 14:47:00 IDT 2026, 525 W
Tue Mar 31 14:47:00 IDT 2026, 529 W
Tue Mar 31 14:47:00 IDT 2026, 530 W
Tue Mar 31 14:47:00 IDT 2026, 524 W
Tue Mar 31 14:47:01 IDT 2026, 525 W
Tue Mar 31 14:47:01 IDT 2026, 532 W
Tue Mar 31 14:47:01 IDT 2026, 525 W
Tue Mar 31 14:47:01 IDT 2026, 529 W
Tue Mar 31 14:47:01 IDT 2026, 523 W
Tue Mar 31 14:47:01 IDT 2026, 530 W
Tue Mar 31 14:47:01 IDT 2026, 525 W
Tue Mar 31 14:47:01 IDT 2026, 525 W
Tue Mar 31 14:47:02 IDT 2026, 517 W
Tue Mar 31 14:47:02 IDT 2026, 527 W
Tue Mar 31 14:47:02 IDT 2026, 514 W
Tue Mar 31 14:47:02 IDT 2026, 522 W
Tue Mar 31 14:47:02 IDT 2026, 519 W
Tue Mar 31 14:47:02 IDT 2026, 523 W
Tue Mar 31 14:47:02 IDT 2026, 519 W
Tue Mar 31 14:47:02 IDT 2026, 518 W
Tue Mar 31 14:47:03 IDT 2026, 498 W
Tue Mar 31 14:47:03 IDT 2026, 514 W
Tue Mar 31 14:47:03 IDT 2026, 500 W
Tue Mar 31 14:47:03 IDT 2026, 504 W
Tue Mar 31 14:47:03 IDT 2026, 507 W
Tue Mar 31 14:47:03 IDT 2026, 509 W
Tue Mar 31 14:47:03 IDT 2026, 503 W
Tue Mar 31 14:47:03 IDT 2026, 504 W
Tue Mar 31 14:47:04 IDT 2026, 505 W
Tue Mar 31 14:47:04 IDT 2026, 515 W
Tue Mar 31 14:47:04 IDT 2026, 504 W
Tue Mar 31 14:47:04 IDT 2026, 507 W
Tue Mar 31 14:47:04 IDT 2026, 506 W
Tue Mar 31 14:47:04 IDT 2026, 510 W
Tue Mar 31 14:47:04 IDT 2026, 507 W
Tue Mar 31 14:47:04 IDT 2026, 505 W
Tue Mar 31 14:47:05 IDT 2026, 505 W
Tue Mar 31 14:47:05 IDT 2026, 512 W
Tue Mar 31 14:47:05 IDT 2026, 501 W
Tue Mar 31 14:47:05 IDT 2026, 506 W
Tue Mar 31 14:47:05 IDT 2026, 504 W
Tue Mar 31 14:47:05 IDT 2026, 508 W
Tue Mar 31 14:47:05 IDT 2026, 508 W
Tue Mar 31 14:47:05 IDT 2026, 501 W
Tue Mar 31 14:47:06 IDT 2026, 471 W
Tue Mar 31 14:47:06 IDT 2026, 486 W
Tue Mar 31 14:47:06 IDT 2026, 475 W
Tue Mar 31 14:47:06 IDT 2026, 478 W
Tue Mar 31 14:47:06 IDT 2026, 477 W
Tue Mar 31 14:47:06 IDT 2026, 482 W
Tue Mar 31 14:47:06 IDT 2026, 476 W
Tue Mar 31 14:47:06 IDT 2026, 476 W
Tue Mar 31 14:47:07 IDT 2026, 426 W
Tue Mar 31 14:47:07 IDT 2026, 406 W
Tue Mar 31 14:47:07 IDT 2026, 428 W
Tue Mar 31 14:47:07 IDT 2026, 429 W
Tue Mar 31 14:47:07 IDT 2026, 421 W
Tue Mar 31 14:47:07 IDT 2026, 434 W
Tue Mar 31 14:47:07 IDT 2026, 426 W
Tue Mar 31 14:47:07 IDT 2026, 421 W
Tue Mar 31 14:47:08 IDT 2026, 431 W
Tue Mar 31 14:47:08 IDT 2026, 437 W
Tue Mar 31 14:47:08 IDT 2026, 432 W
Tue Mar 31 14:47:08 IDT 2026, 434 W
Tue Mar 31 14:47:08 IDT 2026, 432 W
Tue Mar 31 14:47:08 IDT 2026, 439 W
Tue Mar 31 14:47:08 IDT 2026, 437 W
Tue Mar 31 14:47:08 IDT 2026, 431 W
Tue Mar 31 14:47:09 IDT 2026, 406 W
Tue Mar 31 14:47:09 IDT 2026, 402 W
Tue Mar 31 14:47:09 IDT 2026, 396 W
Tue Mar 31 14:47:09 IDT 2026, 411 W
Tue Mar 31 14:47:09 IDT 2026, 392 W
Tue Mar 31 14:47:09 IDT 2026, 400 W
Tue Mar 31 14:47:09 IDT 2026, 404 W
Tue Mar 31 14:47:09 IDT 2026, 391 W
Tue Mar 31 14:47:10 IDT 2026, 597 W
Tue Mar 31 14:47:10 IDT 2026, 497 W
Tue Mar 31 14:47:10 IDT 2026, 290 W
Tue Mar 31 14:47:10 IDT 2026, 252 W
Tue Mar 31 14:47:10 IDT 2026, 423 W
Tue Mar 31 14:47:10 IDT 2026, 284 W
Tue Mar 31 14:47:10 IDT 2026, 608 W
Tue Mar 31 14:47:10 IDT 2026, 393 W
Tue Mar 31 14:47:11 IDT 2026, 526 W
Tue Mar 31 14:47:11 IDT 2026, 537 W
Tue Mar 31 14:47:11 IDT 2026, 525 W
Tue Mar 31 14:47:11 IDT 2026, 529 W
Tue Mar 31 14:47:11 IDT 2026, 527 W
Tue Mar 31 14:47:11 IDT 2026, 531 W
Tue Mar 31 14:47:11 IDT 2026, 531 W
Tue Mar 31 14:47:11 IDT 2026, 526 W
Tue Mar 31 14:47:12 IDT 2026, 527 W
Tue Mar 31 14:47:12 IDT 2026, 540 W
Tue Mar 31 14:47:12 IDT 2026, 527 W
Tue Mar 31 14:47:12 IDT 2026, 532 W
Tue Mar 31 14:47:12 IDT 2026, 531 W
Tue Mar 31 14:47:12 IDT 2026, 536 W
Tue Mar 31 14:47:12 IDT 2026, 533 W
Tue Mar 31 14:47:12 IDT 2026, 528 W
Tue Mar 31 14:47:13 IDT 2026, 528 W
Tue Mar 31 14:47:13 IDT 2026, 538 W
Tue Mar 31 14:47:13 IDT 2026, 530 W
Tue Mar 31 14:47:13 IDT 2026, 530 W
Tue Mar 31 14:47:13 IDT 2026, 528 W
Tue Mar 31 14:47:13 IDT 2026, 536 W
Tue Mar 31 14:47:13 IDT 2026, 530 W
Tue Mar 31 14:47:13 IDT 2026, 528 W
Tue Mar 31 14:47:14 IDT 2026, 527 W
Tue Mar 31 14:47:14 IDT 2026, 538 W
Tue Mar 31 14:47:14 IDT 2026, 530 W
Tue Mar 31 14:47:14 IDT 2026, 529 W
Tue Mar 31 14:47:14 IDT 2026, 529 W
Tue Mar 31 14:47:14 IDT 2026, 535 W
Tue Mar 31 14:47:14 IDT 2026, 529 W
Tue Mar 31 14:47:14 IDT 2026, 527 W
Tue Mar 31 14:47:15 IDT 2026, 525 W
Tue Mar 31 14:47:15 IDT 2026, 534 W
Tue Mar 31 14:47:15 IDT 2026, 522 W
Tue Mar 31 14:47:15 IDT 2026, 526 W
Tue Mar 31 14:47:15 IDT 2026, 525 W
Tue Mar 31 14:47:15 IDT 2026, 528 W
Tue Mar 31 14:47:15 IDT 2026, 530 W
Tue Mar 31 14:47:15 IDT 2026, 525 W
Tue Mar 31 14:47:16 IDT 2026, 516 W
Tue Mar 31 14:47:16 IDT 2026, 528 W
Tue Mar 31 14:47:16 IDT 2026, 521 W
Tue Mar 31 14:47:16 IDT 2026, 520 W
Tue Mar 31 14:47:16 IDT 2026, 518 W
Tue Mar 31 14:47:16 IDT 2026, 525 W
Tue Mar 31 14:47:16 IDT 2026, 522 W
Tue Mar 31 14:47:16 IDT 2026, 519 W
Tue Mar 31 14:47:17 IDT 2026, 516 W
Tue Mar 31 14:47:17 IDT 2026, 533 W
Tue Mar 31 14:47:17 IDT 2026, 519 W
Tue Mar 31 14:47:17 IDT 2026, 522 W
Tue Mar 31 14:47:17 IDT 2026, 522 W
Tue Mar 31 14:47:17 IDT 2026, 525 W
Tue Mar 31 14:47:17 IDT 2026, 525 W
Tue Mar 31 14:47:17 IDT 2026, 520 W
Tue Mar 31 14:47:18 IDT 2026, 519 W
Tue Mar 31 14:47:18 IDT 2026, 530 W
Tue Mar 31 14:47:18 IDT 2026, 519 W
Tue Mar 31 14:47:18 IDT 2026, 523 W
Tue Mar 31 14:47:18 IDT 2026, 520 W
Tue Mar 31 14:47:18 IDT 2026, 528 W
Tue Mar 31 14:47:18 IDT 2026, 521 W
Tue Mar 31 14:47:18 IDT 2026, 520 W
Tue Mar 31 14:47:19 IDT 2026, 506 W
Tue Mar 31 14:47:19 IDT 2026, 515 W
Tue Mar 31 14:47:19 IDT 2026, 505 W
Tue Mar 31 14:47:19 IDT 2026, 507 W
Tue Mar 31 14:47:19 IDT 2026, 505 W
Tue Mar 31 14:47:19 IDT 2026, 508 W
Tue Mar 31 14:47:19 IDT 2026, 512 W
Tue Mar 31 14:47:19 IDT 2026, 505 W
Tue Mar 31 14:47:20 IDT 2026, 507 W
Tue Mar 31 14:47:20 IDT 2026, 516 W
Tue Mar 31 14:47:20 IDT 2026, 504 W
Tue Mar 31 14:47:20 IDT 2026, 506 W
Tue Mar 31 14:47:20 IDT 2026, 504 W
Tue Mar 31 14:47:20 IDT 2026, 511 W
Tue Mar 31 14:47:20 IDT 2026, 510 W
Tue Mar 31 14:47:20 IDT 2026, 504 W
Tue Mar 31 14:47:21 IDT 2026, 505 W
Tue Mar 31 14:47:21 IDT 2026, 516 W
Tue Mar 31 14:47:21 IDT 2026, 505 W
Tue Mar 31 14:47:21 IDT 2026, 509 W
Tue Mar 31 14:47:21 IDT 2026, 506 W
Tue Mar 31 14:47:21 IDT 2026, 511 W
Tue Mar 31 14:47:21 IDT 2026, 511 W
Tue Mar 31 14:47:21 IDT 2026, 508 W
Tue Mar 31 14:47:22 IDT 2026, 502 W
Tue Mar 31 14:47:22 IDT 2026, 511 W
Tue Mar 31 14:47:22 IDT 2026, 505 W
Tue Mar 31 14:47:22 IDT 2026, 508 W
Tue Mar 31 14:47:22 IDT 2026, 503 W
Tue Mar 31 14:47:22 IDT 2026, 511 W
Tue Mar 31 14:47:22 IDT 2026, 504 W
Tue Mar 31 14:47:22 IDT 2026, 503 W
Tue Mar 31 14:47:23 IDT 2026, 503 W
Tue Mar 31 14:47:23 IDT 2026, 513 W
Tue Mar 31 14:47:23 IDT 2026, 503 W
Tue Mar 31 14:47:23 IDT 2026, 506 W
Tue Mar 31 14:47:23 IDT 2026, 506 W
Tue Mar 31 14:47:23 IDT 2026, 509 W
Tue Mar 31 14:47:23 IDT 2026, 507 W
Tue Mar 31 14:47:23 IDT 2026, 506 W
Tue Mar 31 14:47:24 IDT 2026, 505 W
Tue Mar 31 14:47:24 IDT 2026, 516 W
Tue Mar 31 14:47:24 IDT 2026, 507 W
Tue Mar 31 14:47:24 IDT 2026, 507 W
Tue Mar 31 14:47:24 IDT 2026, 508 W
Tue Mar 31 14:47:24 IDT 2026, 513 W
Tue Mar 31 14:47:24 IDT 2026, 508 W
Tue Mar 31 14:47:24 IDT 2026, 509 W
Tue Mar 31 14:47:25 IDT 2026, 462 W
Tue Mar 31 14:47:25 IDT 2026, 467 W
Tue Mar 31 14:47:25 IDT 2026, 459 W
Tue Mar 31 14:47:25 IDT 2026, 469 W
Tue Mar 31 14:47:25 IDT 2026, 457 W
Tue Mar 31 14:47:25 IDT 2026, 467 W
Tue Mar 31 14:47:25 IDT 2026, 451 W
Tue Mar 31 14:47:25 IDT 2026, 456 W
Tue Mar 31 14:47:26 IDT 2026, 458 W
Tue Mar 31 14:47:26 IDT 2026, 467 W
Tue Mar 31 14:47:26 IDT 2026, 462 W
Tue Mar 31 14:47:26 IDT 2026, 470 W
Tue Mar 31 14:47:26 IDT 2026, 456 W
Tue Mar 31 14:47:26 IDT 2026, 469 W
Tue Mar 31 14:47:26 IDT 2026, 440 W
Tue Mar 31 14:47:26 IDT 2026, 457 W
Tue Mar 31 14:47:27 IDT 2026, 437 W
Tue Mar 31 14:47:27 IDT 2026, 455 W
Tue Mar 31 14:47:27 IDT 2026, 463 W
Tue Mar 31 14:47:27 IDT 2026, 468 W
Tue Mar 31 14:47:27 IDT 2026, 451 W
Tue Mar 31 14:47:27 IDT 2026, 471 W
Tue Mar 31 14:47:27 IDT 2026, 407 W
Tue Mar 31 14:47:27 IDT 2026, 452 W
Tue Mar 31 14:47:28 IDT 2026, 462 W
Tue Mar 31 14:47:28 IDT 2026, 484 W
Tue Mar 31 14:47:28 IDT 2026, 473 W
Tue Mar 31 14:47:28 IDT 2026, 461 W
Tue Mar 31 14:47:28 IDT 2026, 476 W
Tue Mar 31 14:47:28 IDT 2026, 478 W
Tue Mar 31 14:47:28 IDT 2026, 459 W
Tue Mar 31 14:47:28 IDT 2026, 476 W
Tue Mar 31 14:47:29 IDT 2026, 470 W
Tue Mar 31 14:47:29 IDT 2026, 486 W
Tue Mar 31 14:47:29 IDT 2026, 473 W
Tue Mar 31 14:47:29 IDT 2026, 476 W
Tue Mar 31 14:47:29 IDT 2026, 477 W
Tue Mar 31 14:47:29 IDT 2026, 479 W
Tue Mar 31 14:47:29 IDT 2026, 480 W
Tue Mar 31 14:47:29 IDT 2026, 475 W
Tue Mar 31 14:47:30 IDT 2026, 231 W
Tue Mar 31 14:47:30 IDT 2026, 238 W
Tue Mar 31 14:47:30 IDT 2026, 232 W
Tue Mar 31 14:47:30 IDT 2026, 232 W
Tue Mar 31 14:47:30 IDT 2026, 233 W
Tue Mar 31 14:47:30 IDT 2026, 236 W
Tue Mar 31 14:47:30 IDT 2026, 235 W
Tue Mar 31 14:47:30 IDT 2026, 233 W
Tue Mar 31 14:47:31 IDT 2026, 525 W
Tue Mar 31 14:47:31 IDT 2026, 536 W
Tue Mar 31 14:47:31 IDT 2026, 526 W
Tue Mar 31 14:47:31 IDT 2026, 529 W
Tue Mar 31 14:47:31 IDT 2026, 530 W
Tue Mar 31 14:47:31 IDT 2026, 532 W
Tue Mar 31 14:47:31 IDT 2026, 531 W
Tue Mar 31 14:47:31 IDT 2026, 529 W
Tue Mar 31 14:47:32 IDT 2026, 469 W
Tue Mar 31 14:47:32 IDT 2026, 416 W
Tue Mar 31 14:47:32 IDT 2026, 417 W
Tue Mar 31 14:47:32 IDT 2026, 440 W
Tue Mar 31 14:47:32 IDT 2026, 395 W
Tue Mar 31 14:47:32 IDT 2026, 425 W
Tue Mar 31 14:47:32 IDT 2026, 516 W
Tue Mar 31 14:47:32 IDT 2026, 397 W
Tue Mar 31 14:47:33 IDT 2026, 527 W
Tue Mar 31 14:47:33 IDT 2026, 536 W
Tue Mar 31 14:47:33 IDT 2026, 526 W
Tue Mar 31 14:47:33 IDT 2026, 533 W
Tue Mar 31 14:47:33 IDT 2026, 529 W
Tue Mar 31 14:47:33 IDT 2026, 534 W
Tue Mar 31 14:47:33 IDT 2026, 533 W
Tue Mar 31 14:47:33 IDT 2026, 528 W
Tue Mar 31 14:47:34 IDT 2026, 527 W
Tue Mar 31 14:47:34 IDT 2026, 535 W
Tue Mar 31 14:47:34 IDT 2026, 524 W
Tue Mar 31 14:47:34 IDT 2026, 528 W
Tue Mar 31 14:47:34 IDT 2026, 526 W
Tue Mar 31 14:47:34 IDT 2026, 534 W
Tue Mar 31 14:47:34 IDT 2026, 532 W
Tue Mar 31 14:47:34 IDT 2026, 525 W
Tue Mar 31 14:47:35 IDT 2026, 528 W
Tue Mar 31 14:47:35 IDT 2026, 536 W
Tue Mar 31 14:47:35 IDT 2026, 526 W
Tue Mar 31 14:47:35 IDT 2026, 530 W
Tue Mar 31 14:47:35 IDT 2026, 526 W
Tue Mar 31 14:47:35 IDT 2026, 534 W
Tue Mar 31 14:47:35 IDT 2026, 531 W
Tue Mar 31 14:47:35 IDT 2026, 526 W
Tue Mar 31 14:47:36 IDT 2026, 524 W
Tue Mar 31 14:47:36 IDT 2026, 532 W
Tue Mar 31 14:47:36 IDT 2026, 525 W
Tue Mar 31 14:47:36 IDT 2026, 528 W
Tue Mar 31 14:47:36 IDT 2026, 526 W
Tue Mar 31 14:47:36 IDT 2026, 531 W
Tue Mar 31 14:47:36 IDT 2026, 527 W
Tue Mar 31 14:47:36 IDT 2026, 529 W
Tue Mar 31 14:47:37 IDT 2026, 504 W
Tue Mar 31 14:47:37 IDT 2026, 512 W
Tue Mar 31 14:47:37 IDT 2026, 504 W
Tue Mar 31 14:47:37 IDT 2026, 512 W
Tue Mar 31 14:47:37 IDT 2026, 504 W
Tue Mar 31 14:47:37 IDT 2026, 510 W
Tue Mar 31 14:47:37 IDT 2026, 508 W
Tue Mar 31 14:47:37 IDT 2026, 504 W
Tue Mar 31 14:47:38 IDT 2026, 509 W
Tue Mar 31 14:47:38 IDT 2026, 517 W
Tue Mar 31 14:47:38 IDT 2026, 510 W
Tue Mar 31 14:47:38 IDT 2026, 512 W
Tue Mar 31 14:47:38 IDT 2026, 507 W
Tue Mar 31 14:47:38 IDT 2026, 514 W
Tue Mar 31 14:47:38 IDT 2026, 512 W
Tue Mar 31 14:47:38 IDT 2026, 508 W
Tue Mar 31 14:47:39 IDT 2026, 506 W
Tue Mar 31 14:47:39 IDT 2026, 516 W
Tue Mar 31 14:47:39 IDT 2026, 506 W
Tue Mar 31 14:47:39 IDT 2026, 512 W
Tue Mar 31 14:47:39 IDT 2026, 509 W
Tue Mar 31 14:47:39 IDT 2026, 511 W
Tue Mar 31 14:47:39 IDT 2026, 511 W
Tue Mar 31 14:47:39 IDT 2026, 507 W
Tue Mar 31 14:47:40 IDT 2026, 473 W
Tue Mar 31 14:47:40 IDT 2026, 482 W
Tue Mar 31 14:47:40 IDT 2026, 470 W
Tue Mar 31 14:47:40 IDT 2026, 470 W
Tue Mar 31 14:47:40 IDT 2026, 475 W
Tue Mar 31 14:47:40 IDT 2026, 480 W
Tue Mar 31 14:47:40 IDT 2026, 477 W
Tue Mar 31 14:47:40 IDT 2026, 472 W
Tue Mar 31 14:47:41 IDT 2026, 476 W
Tue Mar 31 14:47:41 IDT 2026, 484 W
Tue Mar 31 14:47:41 IDT 2026, 475 W
Tue Mar 31 14:47:41 IDT 2026, 478 W
Tue Mar 31 14:47:41 IDT 2026, 478 W
Tue Mar 31 14:47:41 IDT 2026, 484 W
Tue Mar 31 14:47:41 IDT 2026, 479 W
Tue Mar 31 14:47:41 IDT 2026, 475 W
Tue Mar 31 14:47:42 IDT 2026, 456 W
Tue Mar 31 14:47:42 IDT 2026, 449 W
Tue Mar 31 14:47:42 IDT 2026, 416 W
Tue Mar 31 14:47:42 IDT 2026, 402 W
Tue Mar 31 14:47:42 IDT 2026, 433 W
Tue Mar 31 14:47:42 IDT 2026, 419 W
Tue Mar 31 14:47:42 IDT 2026, 457 W
Tue Mar 31 14:47:42 IDT 2026, 395 W
Tue Mar 31 14:47:43 IDT 2026, 475 W
Tue Mar 31 14:47:43 IDT 2026, 484 W
Tue Mar 31 14:47:43 IDT 2026, 473 W
Tue Mar 31 14:47:43 IDT 2026, 477 W
Tue Mar 31 14:47:43 IDT 2026, 476 W
Tue Mar 31 14:47:43 IDT 2026, 480 W
Tue Mar 31 14:47:43 IDT 2026, 479 W
Tue Mar 31 14:47:43 IDT 2026, 474 W
Tue Mar 31 14:47:44 IDT 2026, 473 W
Tue Mar 31 14:47:44 IDT 2026, 478 W
Tue Mar 31 14:47:44 IDT 2026, 470 W
Tue Mar 31 14:47:44 IDT 2026, 475 W
Tue Mar 31 14:47:44 IDT 2026, 471 W
Tue Mar 31 14:47:44 IDT 2026, 477 W
Tue Mar 31 14:47:44 IDT 2026, 475 W
Tue Mar 31 14:47:44 IDT 2026, 470 W
Tue Mar 31 14:47:45 IDT 2026, 473 W
Tue Mar 31 14:47:45 IDT 2026, 482 W
Tue Mar 31 14:47:45 IDT 2026, 474 W
Tue Mar 31 14:47:45 IDT 2026, 479 W
Tue Mar 31 14:47:45 IDT 2026, 476 W
Tue Mar 31 14:47:45 IDT 2026, 480 W
Tue Mar 31 14:47:45 IDT 2026, 475 W
Tue Mar 31 14:47:45 IDT 2026, 474 W
Tue Mar 31 14:47:46 IDT 2026, 472 W
Tue Mar 31 14:47:46 IDT 2026, 482 W
Tue Mar 31 14:47:46 IDT 2026, 473 W
Tue Mar 31 14:47:46 IDT 2026, 476 W
Tue Mar 31 14:47:46 IDT 2026, 475 W
Tue Mar 31 14:47:46 IDT 2026, 479 W
Tue Mar 31 14:47:46 IDT 2026, 479 W
Tue Mar 31 14:47:46 IDT 2026, 476 W
Tue Mar 31 14:47:47 IDT 2026, 473 W
Tue Mar 31 14:47:47 IDT 2026, 482 W
Tue Mar 31 14:47:47 IDT 2026, 471 W
Tue Mar 31 14:47:47 IDT 2026, 476 W
Tue Mar 31 14:47:47 IDT 2026, 474 W
Tue Mar 31 14:47:47 IDT 2026, 477 W
Tue Mar 31 14:47:47 IDT 2026, 477 W
Tue Mar 31 14:47:47 IDT 2026, 473 W
Tue Mar 31 14:47:48 IDT 2026, 473 W
Tue Mar 31 14:47:48 IDT 2026, 482 W
Tue Mar 31 14:47:48 IDT 2026, 473 W
Tue Mar 31 14:47:48 IDT 2026, 477 W
Tue Mar 31 14:47:48 IDT 2026, 474 W
Tue Mar 31 14:47:48 IDT 2026, 480 W
Tue Mar 31 14:47:48 IDT 2026, 478 W
Tue Mar 31 14:47:48 IDT 2026, 474 W
Tue Mar 31 14:47:49 IDT 2026, 279 W
Tue Mar 31 14:47:49 IDT 2026, 341 W
Tue Mar 31 14:47:49 IDT 2026, 256 W
Tue Mar 31 14:47:49 IDT 2026, 260 W
Tue Mar 31 14:47:49 IDT 2026, 251 W
Tue Mar 31 14:47:49 IDT 2026, 261 W
Tue Mar 31 14:47:49 IDT 2026, 289 W
Tue Mar 31 14:47:49 IDT 2026, 249 W
Tue Mar 31 14:47:50 IDT 2026, 526 W
Tue Mar 31 14:47:50 IDT 2026, 535 W
Tue Mar 31 14:47:50 IDT 2026, 527 W
Tue Mar 31 14:47:50 IDT 2026, 529 W
Tue Mar 31 14:47:50 IDT 2026, 529 W
Tue Mar 31 14:47:50 IDT 2026, 532 W
Tue Mar 31 14:47:50 IDT 2026, 534 W
Tue Mar 31 14:47:50 IDT 2026, 529 W
Tue Mar 31 14:47:51 IDT 2026, 527 W
Tue Mar 31 14:47:51 IDT 2026, 536 W
Tue Mar 31 14:47:51 IDT 2026, 526 W
Tue Mar 31 14:47:51 IDT 2026, 531 W
Tue Mar 31 14:47:51 IDT 2026, 530 W
Tue Mar 31 14:47:51 IDT 2026, 533 W
Tue Mar 31 14:47:51 IDT 2026, 532 W
Tue Mar 31 14:47:51 IDT 2026, 529 W
Tue Mar 31 14:47:52 IDT 2026, 522 W
Tue Mar 31 14:47:52 IDT 2026, 536 W
Tue Mar 31 14:47:52 IDT 2026, 525 W
Tue Mar 31 14:47:52 IDT 2026, 528 W
Tue Mar 31 14:47:52 IDT 2026, 526 W
Tue Mar 31 14:47:52 IDT 2026, 534 W
Tue Mar 31 14:47:52 IDT 2026, 528 W
Tue Mar 31 14:47:52 IDT 2026, 526 W
Tue Mar 31 14:47:53 IDT 2026, 527 W
Tue Mar 31 14:47:53 IDT 2026, 537 W
Tue Mar 31 14:47:53 IDT 2026, 527 W
Tue Mar 31 14:47:53 IDT 2026, 532 W
Tue Mar 31 14:47:53 IDT 2026, 528 W
Tue Mar 31 14:47:53 IDT 2026, 534 W
Tue Mar 31 14:47:53 IDT 2026, 532 W
Tue Mar 31 14:47:53 IDT 2026, 527 W
Tue Mar 31 14:47:54 IDT 2026, 529 W
Tue Mar 31 14:47:54 IDT 2026, 538 W
Tue Mar 31 14:47:54 IDT 2026, 529 W
Tue Mar 31 14:47:54 IDT 2026, 534 W
Tue Mar 31 14:47:54 IDT 2026, 529 W
Tue Mar 31 14:47:54 IDT 2026, 536 W
Tue Mar 31 14:47:54 IDT 2026, 533 W
Tue Mar 31 14:47:54 IDT 2026, 528 W
Tue Mar 31 14:47:55 IDT 2026, 528 W
Tue Mar 31 14:47:55 IDT 2026, 539 W
Tue Mar 31 14:47:55 IDT 2026, 528 W
Tue Mar 31 14:47:55 IDT 2026, 531 W
Tue Mar 31 14:47:55 IDT 2026, 528 W
Tue Mar 31 14:47:55 IDT 2026, 534 W
Tue Mar 31 14:47:55 IDT 2026, 531 W
Tue Mar 31 14:47:55 IDT 2026, 529 W
Tue Mar 31 14:47:56 IDT 2026, 523 W
Tue Mar 31 14:47:56 IDT 2026, 535 W
Tue Mar 31 14:47:56 IDT 2026, 526 W
Tue Mar 31 14:47:56 IDT 2026, 528 W
Tue Mar 31 14:47:56 IDT 2026, 529 W
Tue Mar 31 14:47:56 IDT 2026, 531 W
Tue Mar 31 14:47:56 IDT 2026, 531 W
Tue Mar 31 14:47:56 IDT 2026, 527 W
Tue Mar 31 14:47:57 IDT 2026, 521 W
Tue Mar 31 14:47:57 IDT 2026, 532 W
Tue Mar 31 14:47:57 IDT 2026, 525 W
Tue Mar 31 14:47:57 IDT 2026, 526 W
Tue Mar 31 14:47:57 IDT 2026, 527 W
Tue Mar 31 14:47:57 IDT 2026, 529 W
Tue Mar 31 14:47:57 IDT 2026, 527 W
Tue Mar 31 14:47:57 IDT 2026, 526 W
Tue Mar 31 14:47:58 IDT 2026, 525 W
Tue Mar 31 14:47:58 IDT 2026, 537 W
Tue Mar 31 14:47:58 IDT 2026, 526 W
Tue Mar 31 14:47:58 IDT 2026, 528 W
Tue Mar 31 14:47:58 IDT 2026, 526 W
Tue Mar 31 14:47:58 IDT 2026, 533 W
Tue Mar 31 14:47:58 IDT 2026, 528 W
Tue Mar 31 14:47:58 IDT 2026, 529 W
Tue Mar 31 14:47:59 IDT 2026, 523 W
Tue Mar 31 14:47:59 IDT 2026, 534 W
Tue Mar 31 14:47:59 IDT 2026, 525 W
Tue Mar 31 14:47:59 IDT 2026, 530 W
Tue Mar 31 14:47:59 IDT 2026, 525 W
Tue Mar 31 14:47:59 IDT 2026, 530 W
Tue Mar 31 14:47:59 IDT 2026, 528 W
Tue Mar 31 14:47:59 IDT 2026, 524 W
Tue Mar 31 14:48:00 IDT 2026, 527 W
Tue Mar 31 14:48:00 IDT 2026, 538 W
Tue Mar 31 14:48:00 IDT 2026, 525 W
Tue Mar 31 14:48:00 IDT 2026, 531 W
Tue Mar 31 14:48:00 IDT 2026, 528 W
Tue Mar 31 14:48:00 IDT 2026, 534 W
Tue Mar 31 14:48:00 IDT 2026, 528 W
Tue Mar 31 14:48:00 IDT 2026, 527 W
Tue Mar 31 14:48:01 IDT 2026, 522 W
Tue Mar 31 14:48:01 IDT 2026, 532 W
Tue Mar 31 14:48:01 IDT 2026, 517 W
Tue Mar 31 14:48:01 IDT 2026, 524 W
Tue Mar 31 14:48:01 IDT 2026, 524 W
Tue Mar 31 14:48:01 IDT 2026, 527 W
Tue Mar 31 14:48:01 IDT 2026, 526 W
Tue Mar 31 14:48:01 IDT 2026, 523 W
Tue Mar 31 14:48:02 IDT 2026, 519 W
Tue Mar 31 14:48:02 IDT 2026, 528 W
Tue Mar 31 14:48:02 IDT 2026, 518 W
Tue Mar 31 14:48:02 IDT 2026, 522 W
Tue Mar 31 14:48:02 IDT 2026, 520 W
Tue Mar 31 14:48:02 IDT 2026, 525 W
Tue Mar 31 14:48:02 IDT 2026, 525 W
Tue Mar 31 14:48:02 IDT 2026, 520 W
Tue Mar 31 14:48:03 IDT 2026, 519 W
Tue Mar 31 14:48:03 IDT 2026, 529 W
Tue Mar 31 14:48:03 IDT 2026, 522 W
Tue Mar 31 14:48:03 IDT 2026, 524 W
Tue Mar 31 14:48:03 IDT 2026, 521 W
Tue Mar 31 14:48:03 IDT 2026, 529 W
Tue Mar 31 14:48:03 IDT 2026, 525 W
Tue Mar 31 14:48:03 IDT 2026, 521 W
Tue Mar 31 14:48:04 IDT 2026, 520 W
Tue Mar 31 14:48:04 IDT 2026, 531 W
Tue Mar 31 14:48:04 IDT 2026, 518 W
Tue Mar 31 14:48:04 IDT 2026, 522 W
Tue Mar 31 14:48:04 IDT 2026, 518 W
Tue Mar 31 14:48:04 IDT 2026, 525 W
Tue Mar 31 14:48:04 IDT 2026, 523 W
Tue Mar 31 14:48:04 IDT 2026, 517 W
Tue Mar 31 14:48:05 IDT 2026, 521 W
Tue Mar 31 14:48:05 IDT 2026, 531 W
Tue Mar 31 14:48:05 IDT 2026, 516 W
Tue Mar 31 14:48:05 IDT 2026, 525 W
Tue Mar 31 14:48:05 IDT 2026, 520 W
Tue Mar 31 14:48:05 IDT 2026, 528 W
Tue Mar 31 14:48:05 IDT 2026, 524 W
Tue Mar 31 14:48:05 IDT 2026, 517 W
Tue Mar 31 14:48:06 IDT 2026, 516 W
Tue Mar 31 14:48:06 IDT 2026, 530 W
Tue Mar 31 14:48:06 IDT 2026, 516 W
Tue Mar 31 14:48:06 IDT 2026, 520 W
Tue Mar 31 14:48:06 IDT 2026, 521 W
Tue Mar 31 14:48:06 IDT 2026, 523 W
Tue Mar 31 14:48:06 IDT 2026, 520 W
Tue Mar 31 14:48:06 IDT 2026, 521 W
Tue Mar 31 14:48:07 IDT 2026, 520 W
Tue Mar 31 14:48:07 IDT 2026, 527 W
Tue Mar 31 14:48:07 IDT 2026, 521 W
Tue Mar 31 14:48:07 IDT 2026, 523 W
Tue Mar 31 14:48:07 IDT 2026, 522 W
Tue Mar 31 14:48:07 IDT 2026, 525 W
Tue Mar 31 14:48:07 IDT 2026, 524 W
Tue Mar 31 14:48:07 IDT 2026, 523 W
Tue Mar 31 14:48:08 IDT 2026, 520 W
Tue Mar 31 14:48:08 IDT 2026, 531 W
Tue Mar 31 14:48:08 IDT 2026, 521 W
Tue Mar 31 14:48:08 IDT 2026, 523 W
Tue Mar 31 14:48:08 IDT 2026, 523 W
Tue Mar 31 14:48:08 IDT 2026, 528 W
Tue Mar 31 14:48:08 IDT 2026, 523 W
Tue Mar 31 14:48:08 IDT 2026, 521 W
Tue Mar 31 14:48:09 IDT 2026, 521 W
Tue Mar 31 14:48:09 IDT 2026, 527 W
Tue Mar 31 14:48:09 IDT 2026, 518 W
Tue Mar 31 14:48:09 IDT 2026, 526 W
Tue Mar 31 14:48:09 IDT 2026, 519 W
Tue Mar 31 14:48:09 IDT 2026, 526 W
Tue Mar 31 14:48:09 IDT 2026, 524 W
Tue Mar 31 14:48:09 IDT 2026, 520 W
Tue Mar 31 14:48:10 IDT 2026, 518 W
Tue Mar 31 14:48:10 IDT 2026, 532 W
Tue Mar 31 14:48:10 IDT 2026, 520 W
Tue Mar 31 14:48:10 IDT 2026, 527 W
Tue Mar 31 14:48:10 IDT 2026, 521 W
Tue Mar 31 14:48:10 IDT 2026, 526 W
Tue Mar 31 14:48:10 IDT 2026, 522 W
Tue Mar 31 14:48:10 IDT 2026, 519 W
Tue Mar 31 14:48:11 IDT 2026, 524 W
Tue Mar 31 14:48:11 IDT 2026, 527 W
Tue Mar 31 14:48:11 IDT 2026, 514 W
Tue Mar 31 14:48:11 IDT 2026, 520 W
Tue Mar 31 14:48:11 IDT 2026, 520 W
Tue Mar 31 14:48:11 IDT 2026, 522 W
Tue Mar 31 14:48:11 IDT 2026, 525 W
Tue Mar 31 14:48:11 IDT 2026, 515 W
Tue Mar 31 14:48:12 IDT 2026, 528 W
Tue Mar 31 14:48:12 IDT 2026, 538 W
Tue Mar 31 14:48:12 IDT 2026, 527 W
Tue Mar 31 14:48:12 IDT 2026, 533 W
Tue Mar 31 14:48:12 IDT 2026, 530 W
Tue Mar 31 14:48:12 IDT 2026, 536 W
Tue Mar 31 14:48:12 IDT 2026, 532 W
Tue Mar 31 14:48:12 IDT 2026, 530 W
Tue Mar 31 14:48:13 IDT 2026, 526 W
Tue Mar 31 14:48:13 IDT 2026, 536 W
Tue Mar 31 14:48:13 IDT 2026, 530 W
Tue Mar 31 14:48:13 IDT 2026, 529 W
Tue Mar 31 14:48:13 IDT 2026, 526 W
Tue Mar 31 14:48:13 IDT 2026, 533 W
Tue Mar 31 14:48:13 IDT 2026, 533 W
Tue Mar 31 14:48:13 IDT 2026, 528 W
Tue Mar 31 14:48:14 IDT 2026, 529 W
Tue Mar 31 14:48:14 IDT 2026, 538 W
Tue Mar 31 14:48:14 IDT 2026, 527 W
Tue Mar 31 14:48:14 IDT 2026, 533 W
Tue Mar 31 14:48:14 IDT 2026, 532 W
Tue Mar 31 14:48:14 IDT 2026, 536 W
Tue Mar 31 14:48:14 IDT 2026, 533 W
Tue Mar 31 14:48:14 IDT 2026, 531 W
Tue Mar 31 14:48:15 IDT 2026, 526 W
Tue Mar 31 14:48:15 IDT 2026, 537 W
Tue Mar 31 14:48:15 IDT 2026, 528 W
Tue Mar 31 14:48:15 IDT 2026, 532 W
Tue Mar 31 14:48:15 IDT 2026, 528 W
Tue Mar 31 14:48:15 IDT 2026, 533 W
Tue Mar 31 14:48:15 IDT 2026, 531 W
Tue Mar 31 14:48:15 IDT 2026, 528 W
Tue Mar 31 14:48:16 IDT 2026, 526 W
Tue Mar 31 14:48:16 IDT 2026, 536 W
Tue Mar 31 14:48:16 IDT 2026, 527 W
Tue Mar 31 14:48:16 IDT 2026, 531 W
Tue Mar 31 14:48:16 IDT 2026, 531 W
Tue Mar 31 14:48:16 IDT 2026, 535 W
Tue Mar 31 14:48:16 IDT 2026, 534 W
Tue Mar 31 14:48:16 IDT 2026, 527 W
Tue Mar 31 14:48:17 IDT 2026, 526 W
Tue Mar 31 14:48:17 IDT 2026, 533 W
Tue Mar 31 14:48:17 IDT 2026, 520 W
Tue Mar 31 14:48:17 IDT 2026, 528 W
Tue Mar 31 14:48:17 IDT 2026, 523 W
Tue Mar 31 14:48:17 IDT 2026, 529 W
Tue Mar 31 14:48:17 IDT 2026, 527 W
Tue Mar 31 14:48:17 IDT 2026, 526 W
Tue Mar 31 14:48:18 IDT 2026, 521 W
Tue Mar 31 14:48:18 IDT 2026, 527 W
Tue Mar 31 14:48:18 IDT 2026, 520 W
Tue Mar 31 14:48:18 IDT 2026, 525 W
Tue Mar 31 14:48:18 IDT 2026, 520 W
Tue Mar 31 14:48:18 IDT 2026, 526 W
Tue Mar 31 14:48:18 IDT 2026, 527 W
Tue Mar 31 14:48:18 IDT 2026, 521 W
Tue Mar 31 14:48:19 IDT 2026, 501 W
Tue Mar 31 14:48:19 IDT 2026, 503 W
Tue Mar 31 14:48:19 IDT 2026, 502 W
Tue Mar 31 14:48:19 IDT 2026, 505 W
Tue Mar 31 14:48:19 IDT 2026, 504 W
Tue Mar 31 14:48:19 IDT 2026, 509 W
Tue Mar 31 14:48:19 IDT 2026, 506 W
Tue Mar 31 14:48:19 IDT 2026, 504 W
Tue Mar 31 14:48:20 IDT 2026, 505 W
Tue Mar 31 14:48:20 IDT 2026, 515 W
Tue Mar 31 14:48:20 IDT 2026, 505 W
Tue Mar 31 14:48:20 IDT 2026, 509 W
Tue Mar 31 14:48:20 IDT 2026, 506 W
Tue Mar 31 14:48:20 IDT 2026, 511 W
Tue Mar 31 14:48:20 IDT 2026, 510 W
Tue Mar 31 14:48:20 IDT 2026, 504 W
Tue Mar 31 14:48:21 IDT 2026, 510 W
Tue Mar 31 14:48:21 IDT 2026, 518 W
Tue Mar 31 14:48:21 IDT 2026, 509 W
Tue Mar 31 14:48:21 IDT 2026, 512 W
Tue Mar 31 14:48:21 IDT 2026, 508 W
Tue Mar 31 14:48:21 IDT 2026, 515 W
Tue Mar 31 14:48:21 IDT 2026, 511 W
Tue Mar 31 14:48:21 IDT 2026, 507 W
Tue Mar 31 14:48:22 IDT 2026, 504 W
Tue Mar 31 14:48:22 IDT 2026, 517 W
Tue Mar 31 14:48:22 IDT 2026, 506 W
Tue Mar 31 14:48:22 IDT 2026, 511 W
Tue Mar 31 14:48:22 IDT 2026, 511 W
Tue Mar 31 14:48:22 IDT 2026, 514 W
Tue Mar 31 14:48:22 IDT 2026, 512 W
Tue Mar 31 14:48:22 IDT 2026, 508 W
Tue Mar 31 14:48:23 IDT 2026, 508 W
Tue Mar 31 14:48:23 IDT 2026, 520 W
Tue Mar 31 14:48:23 IDT 2026, 507 W
Tue Mar 31 14:48:23 IDT 2026, 514 W
Tue Mar 31 14:48:23 IDT 2026, 509 W
Tue Mar 31 14:48:23 IDT 2026, 515 W
Tue Mar 31 14:48:23 IDT 2026, 512 W
Tue Mar 31 14:48:23 IDT 2026, 507 W
Tue Mar 31 14:48:24 IDT 2026, 500 W
Tue Mar 31 14:48:24 IDT 2026, 511 W
Tue Mar 31 14:48:24 IDT 2026, 502 W
Tue Mar 31 14:48:24 IDT 2026, 507 W
Tue Mar 31 14:48:24 IDT 2026, 503 W
Tue Mar 31 14:48:24 IDT 2026, 507 W
Tue Mar 31 14:48:24 IDT 2026, 508 W
Tue Mar 31 14:48:24 IDT 2026, 501 W
Tue Mar 31 14:48:25 IDT 2026, 499 W
Tue Mar 31 14:48:25 IDT 2026, 515 W
Tue Mar 31 14:48:25 IDT 2026, 503 W
Tue Mar 31 14:48:25 IDT 2026, 507 W
Tue Mar 31 14:48:25 IDT 2026, 506 W
Tue Mar 31 14:48:25 IDT 2026, 510 W
Tue Mar 31 14:48:25 IDT 2026, 505 W
Tue Mar 31 14:48:25 IDT 2026, 504 W
Tue Mar 31 14:48:26 IDT 2026, 500 W
Tue Mar 31 14:48:26 IDT 2026, 513 W
Tue Mar 31 14:48:26 IDT 2026, 504 W
Tue Mar 31 14:48:26 IDT 2026, 507 W
Tue Mar 31 14:48:26 IDT 2026, 504 W
Tue Mar 31 14:48:26 IDT 2026, 512 W
Tue Mar 31 14:48:26 IDT 2026, 508 W
Tue Mar 31 14:48:26 IDT 2026, 506 W
Tue Mar 31 14:48:27 IDT 2026, 501 W
Tue Mar 31 14:48:27 IDT 2026, 510 W
Tue Mar 31 14:48:27 IDT 2026, 503 W
Tue Mar 31 14:48:27 IDT 2026, 507 W
Tue Mar 31 14:48:27 IDT 2026, 505 W
Tue Mar 31 14:48:27 IDT 2026, 510 W
Tue Mar 31 14:48:27 IDT 2026, 508 W
Tue Mar 31 14:48:27 IDT 2026, 504 W
Tue Mar 31 14:48:28 IDT 2026, 477 W
Tue Mar 31 14:48:28 IDT 2026, 513 W
Tue Mar 31 14:48:28 IDT 2026, 505 W
Tue Mar 31 14:48:28 IDT 2026, 510 W
Tue Mar 31 14:48:28 IDT 2026, 504 W
Tue Mar 31 14:48:28 IDT 2026, 512 W
Tue Mar 31 14:48:28 IDT 2026, 482 W
Tue Mar 31 14:48:28 IDT 2026, 504 W
Tue Mar 31 14:48:29 IDT 2026, 465 W
Tue Mar 31 14:48:29 IDT 2026, 477 W
Tue Mar 31 14:48:29 IDT 2026, 458 W
Tue Mar 31 14:48:29 IDT 2026, 471 W
Tue Mar 31 14:48:29 IDT 2026, 459 W
Tue Mar 31 14:48:29 IDT 2026, 461 W
Tue Mar 31 14:48:29 IDT 2026, 459 W
Tue Mar 31 14:48:29 IDT 2026, 458 W
Tue Mar 31 14:48:30 IDT 2026, 503 W
Tue Mar 31 14:48:30 IDT 2026, 517 W
Tue Mar 31 14:48:30 IDT 2026, 503 W
Tue Mar 31 14:48:30 IDT 2026, 505 W
Tue Mar 31 14:48:30 IDT 2026, 507 W
Tue Mar 31 14:48:30 IDT 2026, 511 W
Tue Mar 31 14:48:30 IDT 2026, 508 W
Tue Mar 31 14:48:30 IDT 2026, 507 W
Tue Mar 31 14:48:31 IDT 2026, 506 W
Tue Mar 31 14:48:31 IDT 2026, 517 W
Tue Mar 31 14:48:31 IDT 2026, 506 W
Tue Mar 31 14:48:31 IDT 2026, 511 W
Tue Mar 31 14:48:31 IDT 2026, 510 W
Tue Mar 31 14:48:31 IDT 2026, 515 W
Tue Mar 31 14:48:31 IDT 2026, 511 W
Tue Mar 31 14:48:31 IDT 2026, 509 W
Tue Mar 31 14:48:32 IDT 2026, 507 W
Tue Mar 31 14:48:32 IDT 2026, 516 W
Tue Mar 31 14:48:32 IDT 2026, 507 W
Tue Mar 31 14:48:32 IDT 2026, 510 W
Tue Mar 31 14:48:32 IDT 2026, 510 W
Tue Mar 31 14:48:32 IDT 2026, 513 W
Tue Mar 31 14:48:32 IDT 2026, 511 W
Tue Mar 31 14:48:32 IDT 2026, 508 W
Tue Mar 31 14:48:33 IDT 2026, 603 W
Tue Mar 31 14:48:33 IDT 2026, 586 W
Tue Mar 31 14:48:33 IDT 2026, 603 W
Tue Mar 31 14:48:33 IDT 2026, 595 W
Tue Mar 31 14:48:33 IDT 2026, 585 W
Tue Mar 31 14:48:33 IDT 2026, 610 W
Tue Mar 31 14:48:33 IDT 2026, 619 W
Tue Mar 31 14:48:33 IDT 2026, 589 W
Tue Mar 31 14:48:34 IDT 2026, 527 W
Tue Mar 31 14:48:34 IDT 2026, 536 W
Tue Mar 31 14:48:34 IDT 2026, 529 W
Tue Mar 31 14:48:34 IDT 2026, 530 W
Tue Mar 31 14:48:34 IDT 2026, 528 W
Tue Mar 31 14:48:34 IDT 2026, 534 W
Tue Mar 31 14:48:34 IDT 2026, 532 W
Tue Mar 31 14:48:34 IDT 2026, 527 W
Tue Mar 31 14:48:35 IDT 2026, 526 W
Tue Mar 31 14:48:35 IDT 2026, 538 W
Tue Mar 31 14:48:35 IDT 2026, 528 W
Tue Mar 31 14:48:35 IDT 2026, 532 W
Tue Mar 31 14:48:35 IDT 2026, 531 W
Tue Mar 31 14:48:35 IDT 2026, 535 W
Tue Mar 31 14:48:35 IDT 2026, 532 W
Tue Mar 31 14:48:35 IDT 2026, 528 W
Tue Mar 31 14:48:36 IDT 2026, 529 W
Tue Mar 31 14:48:36 IDT 2026, 535 W
Tue Mar 31 14:48:36 IDT 2026, 523 W
Tue Mar 31 14:48:36 IDT 2026, 526 W
Tue Mar 31 14:48:36 IDT 2026, 529 W
Tue Mar 31 14:48:36 IDT 2026, 529 W
Tue Mar 31 14:48:36 IDT 2026, 533 W
Tue Mar 31 14:48:36 IDT 2026, 528 W
Tue Mar 31 14:48:37 IDT 2026, 524 W
Tue Mar 31 14:48:37 IDT 2026, 532 W
Tue Mar 31 14:48:37 IDT 2026, 525 W
Tue Mar 31 14:48:37 IDT 2026, 529 W
Tue Mar 31 14:48:37 IDT 2026, 524 W
Tue Mar 31 14:48:37 IDT 2026, 532 W
Tue Mar 31 14:48:37 IDT 2026, 528 W
Tue Mar 31 14:48:37 IDT 2026, 525 W
Tue Mar 31 14:48:38 IDT 2026, 525 W
Tue Mar 31 14:48:38 IDT 2026, 533 W
Tue Mar 31 14:48:38 IDT 2026, 522 W
Tue Mar 31 14:48:38 IDT 2026, 529 W
Tue Mar 31 14:48:38 IDT 2026, 523 W
Tue Mar 31 14:48:38 IDT 2026, 533 W
Tue Mar 31 14:48:38 IDT 2026, 532 W
Tue Mar 31 14:48:38 IDT 2026, 524 W
Tue Mar 31 14:48:39 IDT 2026, 524 W
Tue Mar 31 14:48:39 IDT 2026, 534 W
Tue Mar 31 14:48:39 IDT 2026, 527 W
Tue Mar 31 14:48:39 IDT 2026, 525 W
Tue Mar 31 14:48:39 IDT 2026, 525 W
Tue Mar 31 14:48:39 IDT 2026, 533 W
Tue Mar 31 14:48:39 IDT 2026, 529 W
Tue Mar 31 14:48:39 IDT 2026, 528 W
Tue Mar 31 14:48:40 IDT 2026, 525 W
Tue Mar 31 14:48:40 IDT 2026, 535 W
Tue Mar 31 14:48:40 IDT 2026, 525 W
Tue Mar 31 14:48:40 IDT 2026, 529 W
Tue Mar 31 14:48:40 IDT 2026, 527 W
Tue Mar 31 14:48:40 IDT 2026, 532 W
Tue Mar 31 14:48:40 IDT 2026, 528 W
Tue Mar 31 14:48:40 IDT 2026, 526 W
Tue Mar 31 14:48:41 IDT 2026, 528 W
Tue Mar 31 14:48:41 IDT 2026, 537 W
Tue Mar 31 14:48:41 IDT 2026, 525 W
Tue Mar 31 14:48:41 IDT 2026, 530 W
Tue Mar 31 14:48:41 IDT 2026, 526 W
Tue Mar 31 14:48:41 IDT 2026, 532 W
Tue Mar 31 14:48:41 IDT 2026, 529 W
Tue Mar 31 14:48:41 IDT 2026, 524 W
Tue Mar 31 14:48:42 IDT 2026, 528 W
Tue Mar 31 14:48:42 IDT 2026, 537 W
Tue Mar 31 14:48:42 IDT 2026, 523 W
Tue Mar 31 14:48:42 IDT 2026, 526 W
Tue Mar 31 14:48:42 IDT 2026, 525 W
Tue Mar 31 14:48:42 IDT 2026, 529 W
Tue Mar 31 14:48:42 IDT 2026, 529 W
Tue Mar 31 14:48:42 IDT 2026, 526 W
Tue Mar 31 14:48:43 IDT 2026, 519 W
Tue Mar 31 14:48:43 IDT 2026, 529 W
Tue Mar 31 14:48:43 IDT 2026, 518 W
Tue Mar 31 14:48:43 IDT 2026, 525 W
Tue Mar 31 14:48:43 IDT 2026, 523 W
Tue Mar 31 14:48:43 IDT 2026, 527 W
Tue Mar 31 14:48:43 IDT 2026, 524 W
Tue Mar 31 14:48:43 IDT 2026, 521 W
Tue Mar 31 14:48:44 IDT 2026, 503 W
Tue Mar 31 14:48:44 IDT 2026, 516 W
Tue Mar 31 14:48:44 IDT 2026, 503 W
Tue Mar 31 14:48:44 IDT 2026, 507 W
Tue Mar 31 14:48:44 IDT 2026, 507 W
Tue Mar 31 14:48:44 IDT 2026, 508 W
Tue Mar 31 14:48:44 IDT 2026, 508 W
Tue Mar 31 14:48:44 IDT 2026, 505 W
Tue Mar 31 14:48:45 IDT 2026, 502 W
Tue Mar 31 14:48:45 IDT 2026, 517 W
Tue Mar 31 14:48:45 IDT 2026, 506 W
Tue Mar 31 14:48:45 IDT 2026, 507 W
Tue Mar 31 14:48:45 IDT 2026, 508 W
Tue Mar 31 14:48:45 IDT 2026, 510 W
Tue Mar 31 14:48:45 IDT 2026, 508 W
Tue Mar 31 14:48:45 IDT 2026, 505 W
Tue Mar 31 14:48:46 IDT 2026, 502 W
Tue Mar 31 14:48:46 IDT 2026, 514 W
Tue Mar 31 14:48:46 IDT 2026, 507 W
Tue Mar 31 14:48:46 IDT 2026, 508 W
Tue Mar 31 14:48:46 IDT 2026, 508 W
Tue Mar 31 14:48:46 IDT 2026, 512 W
Tue Mar 31 14:48:46 IDT 2026, 507 W
Tue Mar 31 14:48:46 IDT 2026, 508 W
Tue Mar 31 14:48:47 IDT 2026, 496 W
Tue Mar 31 14:48:47 IDT 2026, 514 W
Tue Mar 31 14:48:47 IDT 2026, 499 W
Tue Mar 31 14:48:47 IDT 2026, 503 W
Tue Mar 31 14:48:47 IDT 2026, 503 W
Tue Mar 31 14:48:47 IDT 2026, 506 W
Tue Mar 31 14:48:47 IDT 2026, 501 W
Tue Mar 31 14:48:47 IDT 2026, 502 W
Tue Mar 31 14:48:48 IDT 2026, 497 W
Tue Mar 31 14:48:48 IDT 2026, 512 W
Tue Mar 31 14:48:48 IDT 2026, 503 W
Tue Mar 31 14:48:48 IDT 2026, 503 W
Tue Mar 31 14:48:48 IDT 2026, 505 W
Tue Mar 31 14:48:48 IDT 2026, 507 W
Tue Mar 31 14:48:48 IDT 2026, 498 W
Tue Mar 31 14:48:48 IDT 2026, 501 W
Tue Mar 31 14:48:49 IDT 2026, 505 W
Tue Mar 31 14:48:49 IDT 2026, 511 W
Tue Mar 31 14:48:49 IDT 2026, 508 W
Tue Mar 31 14:48:49 IDT 2026, 510 W
Tue Mar 31 14:48:49 IDT 2026, 510 W
Tue Mar 31 14:48:49 IDT 2026, 513 W
Tue Mar 31 14:48:49 IDT 2026, 508 W
Tue Mar 31 14:48:49 IDT 2026, 508 W
Tue Mar 31 14:48:50 IDT 2026, 505 W
Tue Mar 31 14:48:50 IDT 2026, 518 W
Tue Mar 31 14:48:50 IDT 2026, 505 W
Tue Mar 31 14:48:50 IDT 2026, 507 W
Tue Mar 31 14:48:50 IDT 2026, 508 W
Tue Mar 31 14:48:50 IDT 2026, 510 W
Tue Mar 31 14:48:50 IDT 2026, 511 W
Tue Mar 31 14:48:50 IDT 2026, 505 W
Tue Mar 31 14:48:51 IDT 2026, 502 W
Tue Mar 31 14:48:51 IDT 2026, 512 W
Tue Mar 31 14:48:51 IDT 2026, 468 W
Tue Mar 31 14:48:51 IDT 2026, 500 W
Tue Mar 31 14:48:51 IDT 2026, 507 W
Tue Mar 31 14:48:51 IDT 2026, 478 W
Tue Mar 31 14:48:51 IDT 2026, 508 W
Tue Mar 31 14:48:51 IDT 2026, 503 W
Tue Mar 31 14:48:52 IDT 2026, 506 W
Tue Mar 31 14:48:52 IDT 2026, 518 W
Tue Mar 31 14:48:52 IDT 2026, 506 W
Tue Mar 31 14:48:52 IDT 2026, 510 W
Tue Mar 31 14:48:52 IDT 2026, 507 W
Tue Mar 31 14:48:52 IDT 2026, 513 W
Tue Mar 31 14:48:52 IDT 2026, 511 W
Tue Mar 31 14:48:52 IDT 2026, 507 W
Tue Mar 31 14:48:53 IDT 2026, 499 W
Tue Mar 31 14:48:53 IDT 2026, 509 W
Tue Mar 31 14:48:53 IDT 2026, 499 W
Tue Mar 31 14:48:53 IDT 2026, 506 W
Tue Mar 31 14:48:53 IDT 2026, 500 W
Tue Mar 31 14:48:53 IDT 2026, 509 W
Tue Mar 31 14:48:53 IDT 2026, 505 W
Tue Mar 31 14:48:53 IDT 2026, 497 W
Tue Mar 31 14:48:54 IDT 2026, 231 W
Tue Mar 31 14:48:54 IDT 2026, 238 W
Tue Mar 31 14:48:54 IDT 2026, 232 W
Tue Mar 31 14:48:54 IDT 2026, 232 W
Tue Mar 31 14:48:54 IDT 2026, 233 W
Tue Mar 31 14:48:54 IDT 2026, 236 W
Tue Mar 31 14:48:54 IDT 2026, 234 W
Tue Mar 31 14:48:54 IDT 2026, 233 W
Tue Mar 31 14:48:55 IDT 2026, 526 W
Tue Mar 31 14:48:55 IDT 2026, 535 W
Tue Mar 31 14:48:55 IDT 2026, 526 W
Tue Mar 31 14:48:55 IDT 2026, 528 W
Tue Mar 31 14:48:55 IDT 2026, 528 W
Tue Mar 31 14:48:55 IDT 2026, 532 W
Tue Mar 31 14:48:55 IDT 2026, 529 W
Tue Mar 31 14:48:55 IDT 2026, 527 W
Tue Mar 31 14:48:56 IDT 2026, 526 W
Tue Mar 31 14:48:56 IDT 2026, 534 W
Tue Mar 31 14:48:56 IDT 2026, 526 W
Tue Mar 31 14:48:56 IDT 2026, 528 W
Tue Mar 31 14:48:56 IDT 2026, 527 W
Tue Mar 31 14:48:56 IDT 2026, 529 W
Tue Mar 31 14:48:56 IDT 2026, 530 W
Tue Mar 31 14:48:56 IDT 2026, 526 W
Tue Mar 31 14:48:57 IDT 2026, 529 W
Tue Mar 31 14:48:57 IDT 2026, 537 W
Tue Mar 31 14:48:57 IDT 2026, 527 W
Tue Mar 31 14:48:57 IDT 2026, 530 W
Tue Mar 31 14:48:57 IDT 2026, 530 W
Tue Mar 31 14:48:57 IDT 2026, 536 W
Tue Mar 31 14:48:57 IDT 2026, 535 W
Tue Mar 31 14:48:57 IDT 2026, 528 W
Tue Mar 31 14:48:58 IDT 2026, 528 W
Tue Mar 31 14:48:58 IDT 2026, 540 W
Tue Mar 31 14:48:58 IDT 2026, 530 W
Tue Mar 31 14:48:58 IDT 2026, 535 W
Tue Mar 31 14:48:58 IDT 2026, 529 W
Tue Mar 31 14:48:58 IDT 2026, 536 W
Tue Mar 31 14:48:58 IDT 2026, 534 W
Tue Mar 31 14:48:58 IDT 2026, 529 W
Tue Mar 31 14:48:59 IDT 2026, 495 W
Tue Mar 31 14:48:59 IDT 2026, 524 W
Tue Mar 31 14:48:59 IDT 2026, 508 W
Tue Mar 31 14:48:59 IDT 2026, 509 W
Tue Mar 31 14:48:59 IDT 2026, 506 W
Tue Mar 31 14:48:59 IDT 2026, 515 W
Tue Mar 31 14:48:59 IDT 2026, 525 W
Tue Mar 31 14:48:59 IDT 2026, 513 W
Tue Mar 31 14:49:00 IDT 2026, 526 W
Tue Mar 31 14:49:00 IDT 2026, 537 W
Tue Mar 31 14:49:00 IDT 2026, 526 W
Tue Mar 31 14:49:00 IDT 2026, 530 W
Tue Mar 31 14:49:00 IDT 2026, 528 W
Tue Mar 31 14:49:00 IDT 2026, 533 W
Tue Mar 31 14:49:00 IDT 2026, 530 W
Tue Mar 31 14:49:00 IDT 2026, 526 W
Tue Mar 31 14:49:01 IDT 2026, 520 W
Tue Mar 31 14:49:01 IDT 2026, 531 W
Tue Mar 31 14:49:01 IDT 2026, 521 W
Tue Mar 31 14:49:01 IDT 2026, 525 W
Tue Mar 31 14:49:01 IDT 2026, 522 W
Tue Mar 31 14:49:01 IDT 2026, 525 W
Tue Mar 31 14:49:01 IDT 2026, 521 W
Tue Mar 31 14:49:01 IDT 2026, 522 W
Tue Mar 31 14:49:02 IDT 2026, 501 W
Tue Mar 31 14:49:02 IDT 2026, 513 W
Tue Mar 31 14:49:02 IDT 2026, 504 W
Tue Mar 31 14:49:02 IDT 2026, 506 W
Tue Mar 31 14:49:02 IDT 2026, 504 W
Tue Mar 31 14:49:02 IDT 2026, 510 W
Tue Mar 31 14:49:02 IDT 2026, 508 W
Tue Mar 31 14:49:02 IDT 2026, 504 W
Tue Mar 31 14:49:03 IDT 2026, 478 W
Tue Mar 31 14:49:03 IDT 2026, 483 W
Tue Mar 31 14:49:03 IDT 2026, 475 W
Tue Mar 31 14:49:03 IDT 2026, 481 W
Tue Mar 31 14:49:03 IDT 2026, 476 W
Tue Mar 31 14:49:03 IDT 2026, 485 W
Tue Mar 31 14:49:03 IDT 2026, 483 W
Tue Mar 31 14:49:03 IDT 2026, 474 W
Tue Mar 31 14:49:04 IDT 2026, 460 W
Tue Mar 31 14:49:04 IDT 2026, 477 W
Tue Mar 31 14:49:04 IDT 2026, 458 W
Tue Mar 31 14:49:04 IDT 2026, 462 W
Tue Mar 31 14:49:04 IDT 2026, 456 W
Tue Mar 31 14:49:04 IDT 2026, 467 W
Tue Mar 31 14:49:04 IDT 2026, 468 W
Tue Mar 31 14:49:04 IDT 2026, 457 W
Tue Mar 31 14:49:05 IDT 2026, 452 W
Tue Mar 31 14:49:05 IDT 2026, 482 W
Tue Mar 31 14:49:05 IDT 2026, 451 W
Tue Mar 31 14:49:05 IDT 2026, 464 W
Tue Mar 31 14:49:05 IDT 2026, 474 W
Tue Mar 31 14:49:05 IDT 2026, 467 W
Tue Mar 31 14:49:05 IDT 2026, 463 W
Tue Mar 31 14:49:05 IDT 2026, 463 W
Tue Mar 31 14:49:06 IDT 2026, 473 W
Tue Mar 31 14:49:06 IDT 2026, 483 W
Tue Mar 31 14:49:06 IDT 2026, 470 W
Tue Mar 31 14:49:06 IDT 2026, 474 W
Tue Mar 31 14:49:06 IDT 2026, 474 W
Tue Mar 31 14:49:06 IDT 2026, 477 W
Tue Mar 31 14:49:06 IDT 2026, 476 W
Tue Mar 31 14:49:06 IDT 2026, 474 W
Tue Mar 31 14:49:07 IDT 2026, 401 W
Tue Mar 31 14:49:07 IDT 2026, 438 W
Tue Mar 31 14:49:07 IDT 2026, 385 W
Tue Mar 31 14:49:07 IDT 2026, 376 W
Tue Mar 31 14:49:07 IDT 2026, 431 W
Tue Mar 31 14:49:07 IDT 2026, 395 W
Tue Mar 31 14:49:07 IDT 2026, 410 W
Tue Mar 31 14:49:07 IDT 2026, 430 W
Tue Mar 31 14:49:08 IDT 2026, 427 W
Tue Mar 31 14:49:08 IDT 2026, 435 W
Tue Mar 31 14:49:08 IDT 2026, 428 W
Tue Mar 31 14:49:08 IDT 2026, 429 W
Tue Mar 31 14:49:08 IDT 2026, 426 W
Tue Mar 31 14:49:08 IDT 2026, 434 W
Tue Mar 31 14:49:08 IDT 2026, 429 W
Tue Mar 31 14:49:08 IDT 2026, 429 W
Tue Mar 31 14:49:09 IDT 2026, 431 W
Tue Mar 31 14:49:09 IDT 2026, 440 W
Tue Mar 31 14:49:09 IDT 2026, 431 W
Tue Mar 31 14:49:09 IDT 2026, 433 W
Tue Mar 31 14:49:09 IDT 2026, 433 W
Tue Mar 31 14:49:09 IDT 2026, 437 W
Tue Mar 31 14:49:09 IDT 2026, 436 W
Tue Mar 31 14:49:09 IDT 2026, 432 W
Tue Mar 31 14:49:10 IDT 2026, 431 W
Tue Mar 31 14:49:10 IDT 2026, 440 W
Tue Mar 31 14:49:10 IDT 2026, 432 W
Tue Mar 31 14:49:10 IDT 2026, 434 W
Tue Mar 31 14:49:10 IDT 2026, 433 W
Tue Mar 31 14:49:10 IDT 2026, 437 W
Tue Mar 31 14:49:10 IDT 2026, 435 W
Tue Mar 31 14:49:10 IDT 2026, 431 W
Tue Mar 31 14:49:11 IDT 2026, 424 W
Tue Mar 31 14:49:11 IDT 2026, 433 W
Tue Mar 31 14:49:11 IDT 2026, 424 W
Tue Mar 31 14:49:11 IDT 2026, 427 W
Tue Mar 31 14:49:11 IDT 2026, 422 W
Tue Mar 31 14:49:11 IDT 2026, 433 W
Tue Mar 31 14:49:11 IDT 2026, 425 W
Tue Mar 31 14:49:11 IDT 2026, 424 W
Tue Mar 31 14:49:12 IDT 2026, 399 W
Tue Mar 31 14:49:12 IDT 2026, 412 W
Tue Mar 31 14:49:12 IDT 2026, 382 W
Tue Mar 31 14:49:12 IDT 2026, 392 W
Tue Mar 31 14:49:12 IDT 2026, 400 W
Tue Mar 31 14:49:12 IDT 2026, 392 W
Tue Mar 31 14:49:12 IDT 2026, 405 W
Tue Mar 31 14:49:12 IDT 2026, 392 W
Tue Mar 31 14:49:13 IDT 2026, 231 W
Tue Mar 31 14:49:13 IDT 2026, 237 W
Tue Mar 31 14:49:13 IDT 2026, 231 W
Tue Mar 31 14:49:13 IDT 2026, 232 W
Tue Mar 31 14:49:13 IDT 2026, 233 W
Tue Mar 31 14:49:13 IDT 2026, 236 W
Tue Mar 31 14:49:13 IDT 2026, 234 W
Tue Mar 31 14:49:13 IDT 2026, 232 W
Tue Mar 31 14:49:14 IDT 2026, 525 W
Tue Mar 31 14:49:14 IDT 2026, 534 W
Tue Mar 31 14:49:14 IDT 2026, 526 W
Tue Mar 31 14:49:14 IDT 2026, 528 W
Tue Mar 31 14:49:14 IDT 2026, 524 W
Tue Mar 31 14:49:14 IDT 2026, 531 W
Tue Mar 31 14:49:14 IDT 2026, 529 W
Tue Mar 31 14:49:14 IDT 2026, 524 W
Tue Mar 31 14:49:15 IDT 2026, 529 W
Tue Mar 31 14:49:15 IDT 2026, 539 W
Tue Mar 31 14:49:15 IDT 2026, 531 W
Tue Mar 31 14:49:15 IDT 2026, 531 W
Tue Mar 31 14:49:15 IDT 2026, 529 W
Tue Mar 31 14:49:15 IDT 2026, 535 W
Tue Mar 31 14:49:15 IDT 2026, 533 W
Tue Mar 31 14:49:15 IDT 2026, 531 W
Tue Mar 31 14:49:16 IDT 2026, 528 W
Tue Mar 31 14:49:16 IDT 2026, 540 W
Tue Mar 31 14:49:16 IDT 2026, 528 W
Tue Mar 31 14:49:16 IDT 2026, 532 W
Tue Mar 31 14:49:16 IDT 2026, 528 W
Tue Mar 31 14:49:16 IDT 2026, 534 W
Tue Mar 31 14:49:16 IDT 2026, 531 W
Tue Mar 31 14:49:16 IDT 2026, 531 W
Tue Mar 31 14:49:17 IDT 2026, 526 W
Tue Mar 31 14:49:17 IDT 2026, 538 W
Tue Mar 31 14:49:17 IDT 2026, 528 W
Tue Mar 31 14:49:17 IDT 2026, 530 W
Tue Mar 31 14:49:17 IDT 2026, 530 W
Tue Mar 31 14:49:17 IDT 2026, 533 W
Tue Mar 31 14:49:17 IDT 2026, 533 W
Tue Mar 31 14:49:17 IDT 2026, 529 W
Tue Mar 31 14:49:18 IDT 2026, 531 W
Tue Mar 31 14:49:18 IDT 2026, 539 W
Tue Mar 31 14:49:18 IDT 2026, 529 W
Tue Mar 31 14:49:18 IDT 2026, 532 W
Tue Mar 31 14:49:18 IDT 2026, 529 W
Tue Mar 31 14:49:18 IDT 2026, 536 W
Tue Mar 31 14:49:18 IDT 2026, 532 W
Tue Mar 31 14:49:18 IDT 2026, 531 W
Tue Mar 31 14:49:19 IDT 2026, 527 W
Tue Mar 31 14:49:19 IDT 2026, 537 W
Tue Mar 31 14:49:19 IDT 2026, 529 W
Tue Mar 31 14:49:19 IDT 2026, 528 W
Tue Mar 31 14:49:19 IDT 2026, 529 W
Tue Mar 31 14:49:19 IDT 2026, 532 W
Tue Mar 31 14:49:19 IDT 2026, 530 W
Tue Mar 31 14:49:19 IDT 2026, 527 W
Tue Mar 31 14:49:20 IDT 2026, 529 W
Tue Mar 31 14:49:20 IDT 2026, 540 W
Tue Mar 31 14:49:20 IDT 2026, 527 W
Tue Mar 31 14:49:20 IDT 2026, 533 W
Tue Mar 31 14:49:20 IDT 2026, 531 W
Tue Mar 31 14:49:20 IDT 2026, 534 W
Tue Mar 31 14:49:20 IDT 2026, 533 W
Tue Mar 31 14:49:20 IDT 2026, 530 W
Tue Mar 31 14:49:21 IDT 2026, 528 W
Tue Mar 31 14:49:21 IDT 2026, 535 W
Tue Mar 31 14:49:21 IDT 2026, 530 W
Tue Mar 31 14:49:21 IDT 2026, 532 W
Tue Mar 31 14:49:21 IDT 2026, 531 W
Tue Mar 31 14:49:21 IDT 2026, 537 W
Tue Mar 31 14:49:21 IDT 2026, 533 W
Tue Mar 31 14:49:21 IDT 2026, 529 W
Tue Mar 31 14:49:22 IDT 2026, 530 W
Tue Mar 31 14:49:22 IDT 2026, 538 W
Tue Mar 31 14:49:22 IDT 2026, 527 W
Tue Mar 31 14:49:22 IDT 2026, 532 W
Tue Mar 31 14:49:22 IDT 2026, 529 W
Tue Mar 31 14:49:22 IDT 2026, 536 W
Tue Mar 31 14:49:22 IDT 2026, 532 W
Tue Mar 31 14:49:22 IDT 2026, 529 W
Tue Mar 31 14:49:23 IDT 2026, 530 W
Tue Mar 31 14:49:23 IDT 2026, 537 W
Tue Mar 31 14:49:23 IDT 2026, 525 W
Tue Mar 31 14:49:23 IDT 2026, 527 W
Tue Mar 31 14:49:23 IDT 2026, 527 W
Tue Mar 31 14:49:23 IDT 2026, 531 W
Tue Mar 31 14:49:23 IDT 2026, 532 W
Tue Mar 31 14:49:23 IDT 2026, 525 W
Tue Mar 31 14:49:24 IDT 2026, 525 W
Tue Mar 31 14:49:24 IDT 2026, 536 W
Tue Mar 31 14:49:24 IDT 2026, 522 W
Tue Mar 31 14:49:24 IDT 2026, 527 W
Tue Mar 31 14:49:24 IDT 2026, 525 W
Tue Mar 31 14:49:24 IDT 2026, 529 W
Tue Mar 31 14:49:24 IDT 2026, 529 W
Tue Mar 31 14:49:24 IDT 2026, 526 W
Tue Mar 31 14:49:25 IDT 2026, 526 W
Tue Mar 31 14:49:25 IDT 2026, 536 W
Tue Mar 31 14:49:25 IDT 2026, 529 W
Tue Mar 31 14:49:25 IDT 2026, 528 W
Tue Mar 31 14:49:25 IDT 2026, 524 W
Tue Mar 31 14:49:25 IDT 2026, 531 W
Tue Mar 31 14:49:25 IDT 2026, 531 W
Tue Mar 31 14:49:25 IDT 2026, 528 W
Tue Mar 31 14:49:26 IDT 2026, 521 W
Tue Mar 31 14:49:26 IDT 2026, 530 W
Tue Mar 31 14:49:26 IDT 2026, 519 W
Tue Mar 31 14:49:26 IDT 2026, 526 W
Tue Mar 31 14:49:26 IDT 2026, 522 W
Tue Mar 31 14:49:26 IDT 2026, 528 W
Tue Mar 31 14:49:26 IDT 2026, 528 W
Tue Mar 31 14:49:26 IDT 2026, 522 W
Tue Mar 31 14:49:27 IDT 2026, 520 W
Tue Mar 31 14:49:27 IDT 2026, 533 W
Tue Mar 31 14:49:27 IDT 2026, 525 W
Tue Mar 31 14:49:27 IDT 2026, 524 W
Tue Mar 31 14:49:27 IDT 2026, 524 W
Tue Mar 31 14:49:27 IDT 2026, 529 W
Tue Mar 31 14:49:27 IDT 2026, 526 W
Tue Mar 31 14:49:27 IDT 2026, 524 W
Tue Mar 31 14:49:28 IDT 2026, 521 W
Tue Mar 31 14:49:28 IDT 2026, 532 W
Tue Mar 31 14:49:28 IDT 2026, 521 W
Tue Mar 31 14:49:28 IDT 2026, 525 W
Tue Mar 31 14:49:28 IDT 2026, 521 W
Tue Mar 31 14:49:28 IDT 2026, 526 W
Tue Mar 31 14:49:28 IDT 2026, 523 W
Tue Mar 31 14:49:28 IDT 2026, 519 W
Tue Mar 31 14:49:29 IDT 2026, 514 W
Tue Mar 31 14:49:29 IDT 2026, 529 W
Tue Mar 31 14:49:29 IDT 2026, 520 W
Tue Mar 31 14:49:29 IDT 2026, 520 W
Tue Mar 31 14:49:29 IDT 2026, 518 W
Tue Mar 31 14:49:29 IDT 2026, 525 W
Tue Mar 31 14:49:29 IDT 2026, 518 W
Tue Mar 31 14:49:29 IDT 2026, 518 W
Tue Mar 31 14:49:30 IDT 2026, 520 W
Tue Mar 31 14:49:30 IDT 2026, 530 W
Tue Mar 31 14:49:30 IDT 2026, 520 W
Tue Mar 31 14:49:30 IDT 2026, 526 W
Tue Mar 31 14:49:30 IDT 2026, 519 W
Tue Mar 31 14:49:30 IDT 2026, 525 W
Tue Mar 31 14:49:30 IDT 2026, 522 W
Tue Mar 31 14:49:30 IDT 2026, 520 W
Tue Mar 31 14:49:31 IDT 2026, 518 W
Tue Mar 31 14:49:31 IDT 2026, 527 W
Tue Mar 31 14:49:31 IDT 2026, 518 W
Tue Mar 31 14:49:31 IDT 2026, 521 W
Tue Mar 31 14:49:31 IDT 2026, 519 W
Tue Mar 31 14:49:31 IDT 2026, 525 W
Tue Mar 31 14:49:31 IDT 2026, 523 W
Tue Mar 31 14:49:31 IDT 2026, 521 W
Tue Mar 31 14:49:32 IDT 2026, 520 W
Tue Mar 31 14:49:32 IDT 2026, 527 W
Tue Mar 31 14:49:32 IDT 2026, 519 W
Tue Mar 31 14:49:32 IDT 2026, 520 W
Tue Mar 31 14:49:32 IDT 2026, 519 W
Tue Mar 31 14:49:32 IDT 2026, 522 W
Tue Mar 31 14:49:32 IDT 2026, 525 W
Tue Mar 31 14:49:32 IDT 2026, 521 W
Tue Mar 31 14:49:33 IDT 2026, 519 W
Tue Mar 31 14:49:33 IDT 2026, 533 W
Tue Mar 31 14:49:33 IDT 2026, 522 W
Tue Mar 31 14:49:33 IDT 2026, 523 W
Tue Mar 31 14:49:33 IDT 2026, 524 W
Tue Mar 31 14:49:33 IDT 2026, 527 W
Tue Mar 31 14:49:33 IDT 2026, 522 W
Tue Mar 31 14:49:33 IDT 2026, 519 W
Tue Mar 31 14:49:34 IDT 2026, 520 W
Tue Mar 31 14:49:34 IDT 2026, 528 W
Tue Mar 31 14:49:34 IDT 2026, 520 W
Tue Mar 31 14:49:34 IDT 2026, 522 W
Tue Mar 31 14:49:34 IDT 2026, 519 W
Tue Mar 31 14:49:34 IDT 2026, 525 W
Tue Mar 31 14:49:34 IDT 2026, 523 W
Tue Mar 31 14:49:34 IDT 2026, 523 W
Tue Mar 31 14:49:35 IDT 2026, 245 W
Tue Mar 31 14:49:35 IDT 2026, 243 W
Tue Mar 31 14:49:35 IDT 2026, 239 W
Tue Mar 31 14:49:35 IDT 2026, 241 W
Tue Mar 31 14:49:35 IDT 2026, 239 W
Tue Mar 31 14:49:35 IDT 2026, 245 W
Tue Mar 31 14:49:35 IDT 2026, 250 W
Tue Mar 31 14:49:35 IDT 2026, 238 W
Tue Mar 31 14:49:36 IDT 2026, 526 W
Tue Mar 31 14:49:36 IDT 2026, 535 W
Tue Mar 31 14:49:36 IDT 2026, 527 W
Tue Mar 31 14:49:36 IDT 2026, 529 W
Tue Mar 31 14:49:36 IDT 2026, 529 W
Tue Mar 31 14:49:36 IDT 2026, 531 W
Tue Mar 31 14:49:36 IDT 2026, 532 W
Tue Mar 31 14:49:36 IDT 2026, 528 W
Tue Mar 31 14:49:37 IDT 2026, 527 W
Tue Mar 31 14:49:37 IDT 2026, 536 W
Tue Mar 31 14:49:37 IDT 2026, 524 W
Tue Mar 31 14:49:37 IDT 2026, 528 W
Tue Mar 31 14:49:37 IDT 2026, 530 W
Tue Mar 31 14:49:37 IDT 2026, 531 W
Tue Mar 31 14:49:37 IDT 2026, 532 W
Tue Mar 31 14:49:37 IDT 2026, 527 W
Tue Mar 31 14:49:38 IDT 2026, 527 W
Tue Mar 31 14:49:38 IDT 2026, 539 W
Tue Mar 31 14:49:38 IDT 2026, 529 W
Tue Mar 31 14:49:38 IDT 2026, 532 W
Tue Mar 31 14:49:38 IDT 2026, 531 W
Tue Mar 31 14:49:38 IDT 2026, 534 W
Tue Mar 31 14:49:38 IDT 2026, 530 W
Tue Mar 31 14:49:38 IDT 2026, 528 W
Tue Mar 31 14:49:39 IDT 2026, 528 W
Tue Mar 31 14:49:39 IDT 2026, 540 W
Tue Mar 31 14:49:39 IDT 2026, 528 W
Tue Mar 31 14:49:39 IDT 2026, 531 W
Tue Mar 31 14:49:39 IDT 2026, 529 W
Tue Mar 31 14:49:39 IDT 2026, 536 W
Tue Mar 31 14:49:39 IDT 2026, 530 W
Tue Mar 31 14:49:39 IDT 2026, 530 W
Tue Mar 31 14:49:40 IDT 2026, 529 W
Tue Mar 31 14:49:40 IDT 2026, 538 W
Tue Mar 31 14:49:40 IDT 2026, 523 W
Tue Mar 31 14:49:40 IDT 2026, 526 W
Tue Mar 31 14:49:40 IDT 2026, 527 W
Tue Mar 31 14:49:40 IDT 2026, 532 W
Tue Mar 31 14:49:40 IDT 2026, 531 W
Tue Mar 31 14:49:40 IDT 2026, 527 W
Tue Mar 31 14:49:41 IDT 2026, 529 W
Tue Mar 31 14:49:41 IDT 2026, 538 W
Tue Mar 31 14:49:41 IDT 2026, 530 W
Tue Mar 31 14:49:41 IDT 2026, 534 W
Tue Mar 31 14:49:41 IDT 2026, 531 W
Tue Mar 31 14:49:41 IDT 2026, 535 W
Tue Mar 31 14:49:41 IDT 2026, 533 W
Tue Mar 31 14:49:41 IDT 2026, 528 W
Tue Mar 31 14:49:42 IDT 2026, 522 W
Tue Mar 31 14:49:42 IDT 2026, 533 W
Tue Mar 31 14:49:42 IDT 2026, 524 W
Tue Mar 31 14:49:42 IDT 2026, 525 W
Tue Mar 31 14:49:42 IDT 2026, 524 W
Tue Mar 31 14:49:42 IDT 2026, 529 W
Tue Mar 31 14:49:42 IDT 2026, 531 W
Tue Mar 31 14:49:42 IDT 2026, 525 W
Tue Mar 31 14:49:43 IDT 2026, 521 W
Tue Mar 31 14:49:43 IDT 2026, 528 W
Tue Mar 31 14:49:43 IDT 2026, 520 W
Tue Mar 31 14:49:43 IDT 2026, 525 W
Tue Mar 31 14:49:43 IDT 2026, 523 W
Tue Mar 31 14:49:43 IDT 2026, 526 W
Tue Mar 31 14:49:43 IDT 2026, 524 W
Tue Mar 31 14:49:43 IDT 2026, 518 W
Tue Mar 31 14:49:44 IDT 2026, 519 W
Tue Mar 31 14:49:44 IDT 2026, 528 W
Tue Mar 31 14:49:44 IDT 2026, 518 W
Tue Mar 31 14:49:44 IDT 2026, 523 W
Tue Mar 31 14:49:44 IDT 2026, 518 W
Tue Mar 31 14:49:44 IDT 2026, 526 W
Tue Mar 31 14:49:44 IDT 2026, 525 W
Tue Mar 31 14:49:44 IDT 2026, 523 W
Tue Mar 31 14:49:45 IDT 2026, 506 W
Tue Mar 31 14:49:45 IDT 2026, 519 W
Tue Mar 31 14:49:45 IDT 2026, 508 W
Tue Mar 31 14:49:45 IDT 2026, 512 W
Tue Mar 31 14:49:45 IDT 2026, 511 W
Tue Mar 31 14:49:45 IDT 2026, 516 W
Tue Mar 31 14:49:45 IDT 2026, 510 W
Tue Mar 31 14:49:45 IDT 2026, 509 W
Tue Mar 31 14:49:46 IDT 2026, 504 W
Tue Mar 31 14:49:46 IDT 2026, 513 W
Tue Mar 31 14:49:46 IDT 2026, 506 W
Tue Mar 31 14:49:46 IDT 2026, 507 W
Tue Mar 31 14:49:46 IDT 2026, 505 W
Tue Mar 31 14:49:46 IDT 2026, 511 W
Tue Mar 31 14:49:46 IDT 2026, 506 W
Tue Mar 31 14:49:46 IDT 2026, 506 W
Tue Mar 31 14:49:47 IDT 2026, 504 W
Tue Mar 31 14:49:47 IDT 2026, 516 W
Tue Mar 31 14:49:47 IDT 2026, 504 W
Tue Mar 31 14:49:47 IDT 2026, 510 W
Tue Mar 31 14:49:47 IDT 2026, 507 W
Tue Mar 31 14:49:47 IDT 2026, 514 W
Tue Mar 31 14:49:47 IDT 2026, 507 W
Tue Mar 31 14:49:47 IDT 2026, 506 W
Tue Mar 31 14:49:48 IDT 2026, 505 W
Tue Mar 31 14:49:48 IDT 2026, 514 W
Tue Mar 31 14:49:48 IDT 2026, 505 W
Tue Mar 31 14:49:48 IDT 2026, 509 W
Tue Mar 31 14:49:48 IDT 2026, 508 W
Tue Mar 31 14:49:48 IDT 2026, 512 W
Tue Mar 31 14:49:48 IDT 2026, 509 W
Tue Mar 31 14:49:48 IDT 2026, 508 W
Tue Mar 31 14:49:49 IDT 2026, 505 W
Tue Mar 31 14:49:49 IDT 2026, 515 W
Tue Mar 31 14:49:49 IDT 2026, 504 W
Tue Mar 31 14:49:49 IDT 2026, 507 W
Tue Mar 31 14:49:49 IDT 2026, 506 W
Tue Mar 31 14:49:49 IDT 2026, 514 W
Tue Mar 31 14:49:49 IDT 2026, 508 W
Tue Mar 31 14:49:49 IDT 2026, 507 W
Tue Mar 31 14:49:50 IDT 2026, 503 W
Tue Mar 31 14:49:50 IDT 2026, 514 W
Tue Mar 31 14:49:50 IDT 2026, 506 W
Tue Mar 31 14:49:50 IDT 2026, 507 W
Tue Mar 31 14:49:50 IDT 2026, 507 W
Tue Mar 31 14:49:50 IDT 2026, 511 W
Tue Mar 31 14:49:50 IDT 2026, 509 W
Tue Mar 31 14:49:50 IDT 2026, 507 W
Tue Mar 31 14:49:51 IDT 2026, 507 W
Tue Mar 31 14:49:51 IDT 2026, 516 W
Tue Mar 31 14:49:51 IDT 2026, 505 W
Tue Mar 31 14:49:51 IDT 2026, 508 W
Tue Mar 31 14:49:51 IDT 2026, 508 W
Tue Mar 31 14:49:51 IDT 2026, 512 W
Tue Mar 31 14:49:51 IDT 2026, 513 W
Tue Mar 31 14:49:51 IDT 2026, 505 W
Tue Mar 31 14:49:52 IDT 2026, 507 W
Tue Mar 31 14:49:52 IDT 2026, 512 W
Tue Mar 31 14:49:52 IDT 2026, 506 W
Tue Mar 31 14:49:52 IDT 2026, 510 W
Tue Mar 31 14:49:52 IDT 2026, 505 W
Tue Mar 31 14:49:52 IDT 2026, 513 W
Tue Mar 31 14:49:52 IDT 2026, 513 W
Tue Mar 31 14:49:52 IDT 2026, 500 W
Tue Mar 31 14:49:53 IDT 2026, 504 W
Tue Mar 31 14:49:53 IDT 2026, 515 W
Tue Mar 31 14:49:53 IDT 2026, 504 W
Tue Mar 31 14:49:53 IDT 2026, 506 W
Tue Mar 31 14:49:53 IDT 2026, 504 W
Tue Mar 31 14:49:53 IDT 2026, 511 W
Tue Mar 31 14:49:53 IDT 2026, 508 W
Tue Mar 31 14:49:53 IDT 2026, 505 W
Tue Mar 31 14:49:54 IDT 2026, 504 W
Tue Mar 31 14:49:54 IDT 2026, 515 W
Tue Mar 31 14:49:54 IDT 2026, 506 W
Tue Mar 31 14:49:54 IDT 2026, 507 W
Tue Mar 31 14:49:54 IDT 2026, 508 W
Tue Mar 31 14:49:54 IDT 2026, 512 W
Tue Mar 31 14:49:54 IDT 2026, 506 W
Tue Mar 31 14:49:54 IDT 2026, 507 W
Tue Mar 31 14:49:55 IDT 2026, 505 W
Tue Mar 31 14:49:55 IDT 2026, 514 W
Tue Mar 31 14:49:55 IDT 2026, 507 W
Tue Mar 31 14:49:55 IDT 2026, 511 W
Tue Mar 31 14:49:55 IDT 2026, 507 W
Tue Mar 31 14:49:55 IDT 2026, 515 W
Tue Mar 31 14:49:55 IDT 2026, 508 W
Tue Mar 31 14:49:55 IDT 2026, 503 W
Tue Mar 31 14:49:56 IDT 2026, 235 W
Tue Mar 31 14:49:56 IDT 2026, 248 W
Tue Mar 31 14:49:56 IDT 2026, 234 W
Tue Mar 31 14:49:56 IDT 2026, 235 W
Tue Mar 31 14:49:56 IDT 2026, 246 W
Tue Mar 31 14:49:56 IDT 2026, 240 W
Tue Mar 31 14:49:56 IDT 2026, 240 W
Tue Mar 31 14:49:56 IDT 2026, 235 W
Tue Mar 31 14:49:57 IDT 2026, 527 W
Tue Mar 31 14:49:57 IDT 2026, 536 W
Tue Mar 31 14:49:57 IDT 2026, 529 W
Tue Mar 31 14:49:57 IDT 2026, 531 W
Tue Mar 31 14:49:57 IDT 2026, 532 W
Tue Mar 31 14:49:57 IDT 2026, 533 W
Tue Mar 31 14:49:57 IDT 2026, 533 W
Tue Mar 31 14:49:57 IDT 2026, 529 W
Tue Mar 31 14:49:58 IDT 2026, 530 W
Tue Mar 31 14:49:58 IDT 2026, 535 W
Tue Mar 31 14:49:58 IDT 2026, 526 W
Tue Mar 31 14:49:58 IDT 2026, 530 W
Tue Mar 31 14:49:58 IDT 2026, 529 W
Tue Mar 31 14:49:58 IDT 2026, 533 W
Tue Mar 31 14:49:58 IDT 2026, 530 W
Tue Mar 31 14:49:58 IDT 2026, 524 W
Tue Mar 31 14:49:59 IDT 2026, 527 W
Tue Mar 31 14:49:59 IDT 2026, 537 W
Tue Mar 31 14:49:59 IDT 2026, 528 W
Tue Mar 31 14:49:59 IDT 2026, 531 W
Tue Mar 31 14:49:59 IDT 2026, 528 W
Tue Mar 31 14:49:59 IDT 2026, 535 W
Tue Mar 31 14:49:59 IDT 2026, 529 W
Tue Mar 31 14:49:59 IDT 2026, 528 W
Tue Mar 31 14:50:00 IDT 2026, 503 W
Tue Mar 31 14:50:00 IDT 2026, 512 W
Tue Mar 31 14:50:00 IDT 2026, 503 W
Tue Mar 31 14:50:00 IDT 2026, 509 W
Tue Mar 31 14:50:00 IDT 2026, 503 W
Tue Mar 31 14:50:00 IDT 2026, 511 W
Tue Mar 31 14:50:00 IDT 2026, 507 W
Tue Mar 31 14:50:00 IDT 2026, 503 W
Tue Mar 31 14:50:01 IDT 2026, 505 W
Tue Mar 31 14:50:01 IDT 2026, 515 W
Tue Mar 31 14:50:01 IDT 2026, 506 W
Tue Mar 31 14:50:01 IDT 2026, 510 W
Tue Mar 31 14:50:01 IDT 2026, 507 W
Tue Mar 31 14:50:01 IDT 2026, 514 W
Tue Mar 31 14:50:01 IDT 2026, 509 W
Tue Mar 31 14:50:01 IDT 2026, 507 W
Tue Mar 31 14:50:02 IDT 2026, 501 W
Tue Mar 31 14:50:02 IDT 2026, 514 W
Tue Mar 31 14:50:02 IDT 2026, 507 W
Tue Mar 31 14:50:02 IDT 2026, 509 W
Tue Mar 31 14:50:02 IDT 2026, 508 W
Tue Mar 31 14:50:02 IDT 2026, 512 W
Tue Mar 31 14:50:02 IDT 2026, 507 W
Tue Mar 31 14:50:02 IDT 2026, 507 W
Tue Mar 31 14:50:03 IDT 2026, 505 W
Tue Mar 31 14:50:03 IDT 2026, 515 W
Tue Mar 31 14:50:03 IDT 2026, 506 W
Tue Mar 31 14:50:03 IDT 2026, 508 W
Tue Mar 31 14:50:03 IDT 2026, 507 W
Tue Mar 31 14:50:03 IDT 2026, 511 W
Tue Mar 31 14:50:03 IDT 2026, 510 W
Tue Mar 31 14:50:03 IDT 2026, 506 W
Tue Mar 31 14:50:04 IDT 2026, 503 W
Tue Mar 31 14:50:04 IDT 2026, 514 W
Tue Mar 31 14:50:04 IDT 2026, 504 W
Tue Mar 31 14:50:04 IDT 2026, 510 W
Tue Mar 31 14:50:04 IDT 2026, 505 W
Tue Mar 31 14:50:04 IDT 2026, 511 W
Tue Mar 31 14:50:04 IDT 2026, 512 W
Tue Mar 31 14:50:04 IDT 2026, 507 W
Tue Mar 31 14:50:05 IDT 2026, 472 W
Tue Mar 31 14:50:05 IDT 2026, 486 W
Tue Mar 31 14:50:05 IDT 2026, 474 W
Tue Mar 31 14:50:05 IDT 2026, 478 W
Tue Mar 31 14:50:05 IDT 2026, 475 W
Tue Mar 31 14:50:05 IDT 2026, 479 W
Tue Mar 31 14:50:05 IDT 2026, 477 W
Tue Mar 31 14:50:05 IDT 2026, 475 W
Tue Mar 31 14:50:06 IDT 2026, 430 W
Tue Mar 31 14:50:06 IDT 2026, 460 W
Tue Mar 31 14:50:06 IDT 2026, 408 W
Tue Mar 31 14:50:06 IDT 2026, 416 W
Tue Mar 31 14:50:06 IDT 2026, 446 W
Tue Mar 31 14:50:06 IDT 2026, 425 W
Tue Mar 31 14:50:06 IDT 2026, 428 W
Tue Mar 31 14:50:06 IDT 2026, 419 W
Tue Mar 31 14:50:07 IDT 2026, 429 W
Tue Mar 31 14:50:07 IDT 2026, 438 W
Tue Mar 31 14:50:07 IDT 2026, 443 W
Tue Mar 31 14:50:07 IDT 2026, 446 W
Tue Mar 31 14:50:07 IDT 2026, 452 W
Tue Mar 31 14:50:07 IDT 2026, 452 W
Tue Mar 31 14:50:07 IDT 2026, 436 W
Tue Mar 31 14:50:07 IDT 2026, 448 W
Tue Mar 31 14:50:08 IDT 2026, 473 W
Tue Mar 31 14:50:08 IDT 2026, 483 W
Tue Mar 31 14:50:08 IDT 2026, 476 W
Tue Mar 31 14:50:08 IDT 2026, 476 W
Tue Mar 31 14:50:08 IDT 2026, 476 W
Tue Mar 31 14:50:08 IDT 2026, 481 W
Tue Mar 31 14:50:08 IDT 2026, 479 W
Tue Mar 31 14:50:08 IDT 2026, 474 W
Tue Mar 31 14:50:09 IDT 2026, 475 W
Tue Mar 31 14:50:09 IDT 2026, 483 W
Tue Mar 31 14:50:09 IDT 2026, 474 W
Tue Mar 31 14:50:09 IDT 2026, 478 W
Tue Mar 31 14:50:09 IDT 2026, 477 W
Tue Mar 31 14:50:09 IDT 2026, 481 W
Tue Mar 31 14:50:09 IDT 2026, 480 W
Tue Mar 31 14:50:09 IDT 2026, 474 W
Tue Mar 31 14:50:10 IDT 2026, 472 W
Tue Mar 31 14:50:10 IDT 2026, 480 W
Tue Mar 31 14:50:10 IDT 2026, 469 W
Tue Mar 31 14:50:10 IDT 2026, 471 W
Tue Mar 31 14:50:10 IDT 2026, 471 W
Tue Mar 31 14:50:10 IDT 2026, 474 W
Tue Mar 31 14:50:10 IDT 2026, 475 W
Tue Mar 31 14:50:10 IDT 2026, 467 W
Tue Mar 31 14:50:11 IDT 2026, 468 W
Tue Mar 31 14:50:11 IDT 2026, 480 W
Tue Mar 31 14:50:11 IDT 2026, 472 W
Tue Mar 31 14:50:11 IDT 2026, 475 W
Tue Mar 31 14:50:11 IDT 2026, 469 W
Tue Mar 31 14:50:11 IDT 2026, 475 W
Tue Mar 31 14:50:11 IDT 2026, 473 W
Tue Mar 31 14:50:11 IDT 2026, 468 W
Tue Mar 31 14:50:12 IDT 2026, 471 W
Tue Mar 31 14:50:12 IDT 2026, 483 W
Tue Mar 31 14:50:12 IDT 2026, 474 W
Tue Mar 31 14:50:12 IDT 2026, 477 W
Tue Mar 31 14:50:12 IDT 2026, 477 W
Tue Mar 31 14:50:12 IDT 2026, 482 W
Tue Mar 31 14:50:12 IDT 2026, 476 W
Tue Mar 31 14:50:12 IDT 2026, 477 W
Tue Mar 31 14:50:13 IDT 2026, 420 W
Tue Mar 31 14:50:13 IDT 2026, 451 W
Tue Mar 31 14:50:13 IDT 2026, 436 W
Tue Mar 31 14:50:13 IDT 2026, 439 W
Tue Mar 31 14:50:13 IDT 2026, 440 W
Tue Mar 31 14:50:13 IDT 2026, 440 W
Tue Mar 31 14:50:13 IDT 2026, 458 W
Tue Mar 31 14:50:13 IDT 2026, 438 W
Tue Mar 31 14:50:14 IDT 2026, 466 W
Tue Mar 31 14:50:14 IDT 2026, 463 W
Tue Mar 31 14:50:14 IDT 2026, 466 W
Tue Mar 31 14:50:14 IDT 2026, 469 W
Tue Mar 31 14:50:14 IDT 2026, 456 W
Tue Mar 31 14:50:14 IDT 2026, 471 W
Tue Mar 31 14:50:14 IDT 2026, 458 W
Tue Mar 31 14:50:14 IDT 2026, 463 W
Tue Mar 31 14:50:15 IDT 2026, 232 W
Tue Mar 31 14:50:15 IDT 2026, 242 W
Tue Mar 31 14:50:15 IDT 2026, 233 W
Tue Mar 31 14:50:15 IDT 2026, 233 W
Tue Mar 31 14:50:15 IDT 2026, 238 W
Tue Mar 31 14:50:15 IDT 2026, 237 W
Tue Mar 31 14:50:15 IDT 2026, 237 W
Tue Mar 31 14:50:15 IDT 2026, 236 W
Tue Mar 31 14:50:16 IDT 2026, 524 W
Tue Mar 31 14:50:16 IDT 2026, 534 W
Tue Mar 31 14:50:16 IDT 2026, 523 W
Tue Mar 31 14:50:16 IDT 2026, 530 W
Tue Mar 31 14:50:16 IDT 2026, 525 W
Tue Mar 31 14:50:16 IDT 2026, 528 W
Tue Mar 31 14:50:16 IDT 2026, 528 W
Tue Mar 31 14:50:16 IDT 2026, 524 W
Tue Mar 31 14:50:17 IDT 2026, 528 W
Tue Mar 31 14:50:17 IDT 2026, 538 W
Tue Mar 31 14:50:17 IDT 2026, 526 W
Tue Mar 31 14:50:17 IDT 2026, 530 W
Tue Mar 31 14:50:17 IDT 2026, 530 W
Tue Mar 31 14:50:17 IDT 2026, 533 W
Tue Mar 31 14:50:17 IDT 2026, 531 W
Tue Mar 31 14:50:17 IDT 2026, 529 W
Tue Mar 31 14:50:18 IDT 2026, 527 W
Tue Mar 31 14:50:18 IDT 2026, 538 W
Tue Mar 31 14:50:18 IDT 2026, 526 W
Tue Mar 31 14:50:18 IDT 2026, 529 W
Tue Mar 31 14:50:18 IDT 2026, 528 W
Tue Mar 31 14:50:18 IDT 2026, 534 W
Tue Mar 31 14:50:18 IDT 2026, 530 W
Tue Mar 31 14:50:18 IDT 2026, 528 W
Tue Mar 31 14:50:19 IDT 2026, 524 W
Tue Mar 31 14:50:19 IDT 2026, 535 W
Tue Mar 31 14:50:19 IDT 2026, 528 W
Tue Mar 31 14:50:19 IDT 2026, 529 W
Tue Mar 31 14:50:19 IDT 2026, 526 W
Tue Mar 31 14:50:19 IDT 2026, 532 W
Tue Mar 31 14:50:19 IDT 2026, 528 W
Tue Mar 31 14:50:19 IDT 2026, 526 W
Tue Mar 31 14:50:20 IDT 2026, 519 W
Tue Mar 31 14:50:20 IDT 2026, 519 W
Tue Mar 31 14:50:20 IDT 2026, 513 W
Tue Mar 31 14:50:20 IDT 2026, 520 W
Tue Mar 31 14:50:20 IDT 2026, 511 W
Tue Mar 31 14:50:20 IDT 2026, 519 W
Tue Mar 31 14:50:20 IDT 2026, 523 W
Tue Mar 31 14:50:20 IDT 2026, 511 W
Tue Mar 31 14:50:21 IDT 2026, 488 W
Tue Mar 31 14:50:21 IDT 2026, 478 W
Tue Mar 31 14:50:21 IDT 2026, 493 W
Tue Mar 31 14:50:21 IDT 2026, 498 W
Tue Mar 31 14:50:21 IDT 2026, 493 W
Tue Mar 31 14:50:21 IDT 2026, 501 W
Tue Mar 31 14:50:21 IDT 2026, 487 W
Tue Mar 31 14:50:21 IDT 2026, 494 W
Tue Mar 31 14:50:22 IDT 2026, 503 W
Tue Mar 31 14:50:22 IDT 2026, 514 W
Tue Mar 31 14:50:22 IDT 2026, 505 W
Tue Mar 31 14:50:22 IDT 2026, 506 W
Tue Mar 31 14:50:22 IDT 2026, 504 W
Tue Mar 31 14:50:22 IDT 2026, 511 W
Tue Mar 31 14:50:22 IDT 2026, 509 W
Tue Mar 31 14:50:22 IDT 2026, 503 W
Tue Mar 31 14:50:23 IDT 2026, 509 W
Tue Mar 31 14:50:23 IDT 2026, 516 W
Tue Mar 31 14:50:23 IDT 2026, 507 W
Tue Mar 31 14:50:23 IDT 2026, 512 W
Tue Mar 31 14:50:23 IDT 2026, 506 W
Tue Mar 31 14:50:23 IDT 2026, 513 W
Tue Mar 31 14:50:23 IDT 2026, 509 W
Tue Mar 31 14:50:23 IDT 2026, 506 W
Tue Mar 31 14:50:24 IDT 2026, 485 W
Tue Mar 31 14:50:24 IDT 2026, 492 W
Tue Mar 31 14:50:24 IDT 2026, 481 W
Tue Mar 31 14:50:24 IDT 2026, 475 W
Tue Mar 31 14:50:24 IDT 2026, 484 W
Tue Mar 31 14:50:24 IDT 2026, 487 W
Tue Mar 31 14:50:24 IDT 2026, 487 W
Tue Mar 31 14:50:24 IDT 2026, 481 W
Tue Mar 31 14:50:25 IDT 2026, 507 W
Tue Mar 31 14:50:25 IDT 2026, 515 W
Tue Mar 31 14:50:25 IDT 2026, 503 W
Tue Mar 31 14:50:25 IDT 2026, 508 W
Tue Mar 31 14:50:25 IDT 2026, 506 W
Tue Mar 31 14:50:25 IDT 2026, 511 W
Tue Mar 31 14:50:25 IDT 2026, 506 W
Tue Mar 31 14:50:25 IDT 2026, 506 W
Tue Mar 31 14:50:26 IDT 2026, 501 W
Tue Mar 31 14:50:26 IDT 2026, 512 W
Tue Mar 31 14:50:26 IDT 2026, 506 W
Tue Mar 31 14:50:26 IDT 2026, 510 W
Tue Mar 31 14:50:26 IDT 2026, 504 W
Tue Mar 31 14:50:26 IDT 2026, 511 W
Tue Mar 31 14:50:26 IDT 2026, 505 W
Tue Mar 31 14:50:26 IDT 2026, 504 W
Tue Mar 31 14:50:27 IDT 2026, 504 W
Tue Mar 31 14:50:27 IDT 2026, 514 W
Tue Mar 31 14:50:27 IDT 2026, 503 W
Tue Mar 31 14:50:27 IDT 2026, 504 W
Tue Mar 31 14:50:27 IDT 2026, 507 W
Tue Mar 31 14:50:27 IDT 2026, 510 W
Tue Mar 31 14:50:27 IDT 2026, 510 W
Tue Mar 31 14:50:27 IDT 2026, 505 W
Tue Mar 31 14:50:28 IDT 2026, 506 W
Tue Mar 31 14:50:28 IDT 2026, 515 W
Tue Mar 31 14:50:28 IDT 2026, 504 W
Tue Mar 31 14:50:28 IDT 2026, 510 W
Tue Mar 31 14:50:28 IDT 2026, 506 W
Tue Mar 31 14:50:28 IDT 2026, 513 W
Tue Mar 31 14:50:28 IDT 2026, 512 W
Tue Mar 31 14:50:28 IDT 2026, 506 W
Tue Mar 31 14:50:29 IDT 2026, 477 W
Tue Mar 31 14:50:29 IDT 2026, 482 W
Tue Mar 31 14:50:29 IDT 2026, 474 W
Tue Mar 31 14:50:29 IDT 2026, 477 W
Tue Mar 31 14:50:29 IDT 2026, 475 W
Tue Mar 31 14:50:29 IDT 2026, 481 W
Tue Mar 31 14:50:29 IDT 2026, 479 W
Tue Mar 31 14:50:29 IDT 2026, 473 W
Tue Mar 31 14:50:30 IDT 2026, 474 W
Tue Mar 31 14:50:30 IDT 2026, 468 W
Tue Mar 31 14:50:30 IDT 2026, 476 W
Tue Mar 31 14:50:30 IDT 2026, 479 W
Tue Mar 31 14:50:30 IDT 2026, 467 W
Tue Mar 31 14:50:30 IDT 2026, 483 W
Tue Mar 31 14:50:30 IDT 2026, 459 W
Tue Mar 31 14:50:30 IDT 2026, 466 W
Tue Mar 31 14:50:31 IDT 2026, 415 W
Tue Mar 31 14:50:31 IDT 2026, 457 W
Tue Mar 31 14:50:31 IDT 2026, 430 W
Tue Mar 31 14:50:31 IDT 2026, 405 W
Tue Mar 31 14:50:31 IDT 2026, 445 W
Tue Mar 31 14:50:31 IDT 2026, 436 W
Tue Mar 31 14:50:31 IDT 2026, 424 W
Tue Mar 31 14:50:31 IDT 2026, 442 W
Tue Mar 31 14:50:32 IDT 2026, 437 W
Tue Mar 31 14:50:32 IDT 2026, 438 W
Tue Mar 31 14:50:32 IDT 2026, 426 W
Tue Mar 31 14:50:32 IDT 2026, 432 W
Tue Mar 31 14:50:32 IDT 2026, 427 W
Tue Mar 31 14:50:32 IDT 2026, 440 W
Tue Mar 31 14:50:32 IDT 2026, 436 W
Tue Mar 31 14:50:32 IDT 2026, 428 W
Tue Mar 31 14:50:33 IDT 2026, 472 W
Tue Mar 31 14:50:33 IDT 2026, 485 W
Tue Mar 31 14:50:33 IDT 2026, 474 W
Tue Mar 31 14:50:33 IDT 2026, 477 W
Tue Mar 31 14:50:33 IDT 2026, 475 W
Tue Mar 31 14:50:33 IDT 2026, 482 W
Tue Mar 31 14:50:33 IDT 2026, 477 W
Tue Mar 31 14:50:33 IDT 2026, 473 W
Tue Mar 31 14:50:34 IDT 2026, 471 W
Tue Mar 31 14:50:34 IDT 2026, 481 W
Tue Mar 31 14:50:34 IDT 2026, 472 W
Tue Mar 31 14:50:34 IDT 2026, 476 W
Tue Mar 31 14:50:34 IDT 2026, 474 W
Tue Mar 31 14:50:34 IDT 2026, 480 W
Tue Mar 31 14:50:34 IDT 2026, 475 W
Tue Mar 31 14:50:34 IDT 2026, 473 W
Tue Mar 31 14:50:35 IDT 2026, 232 W
Tue Mar 31 14:50:35 IDT 2026, 239 W
Tue Mar 31 14:50:35 IDT 2026, 233 W
Tue Mar 31 14:50:35 IDT 2026, 233 W
Tue Mar 31 14:50:35 IDT 2026, 235 W
Tue Mar 31 14:50:35 IDT 2026, 238 W
Tue Mar 31 14:50:35 IDT 2026, 237 W
Tue Mar 31 14:50:35 IDT 2026, 233 W
Tue Mar 31 14:50:36 IDT 2026, 528 W
Tue Mar 31 14:50:36 IDT 2026, 537 W
Tue Mar 31 14:50:36 IDT 2026, 527 W
Tue Mar 31 14:50:36 IDT 2026, 532 W
Tue Mar 31 14:50:36 IDT 2026, 527 W
Tue Mar 31 14:50:36 IDT 2026, 534 W
Tue Mar 31 14:50:36 IDT 2026, 530 W
Tue Mar 31 14:50:36 IDT 2026, 529 W
Tue Mar 31 14:50:37 IDT 2026, 528 W
Tue Mar 31 14:50:37 IDT 2026, 538 W
Tue Mar 31 14:50:37 IDT 2026, 531 W
Tue Mar 31 14:50:37 IDT 2026, 533 W
Tue Mar 31 14:50:37 IDT 2026, 531 W
Tue Mar 31 14:50:37 IDT 2026, 535 W
Tue Mar 31 14:50:37 IDT 2026, 532 W
Tue Mar 31 14:50:37 IDT 2026, 530 W
Tue Mar 31 14:50:38 IDT 2026, 528 W
Tue Mar 31 14:50:38 IDT 2026, 538 W
Tue Mar 31 14:50:38 IDT 2026, 526 W
Tue Mar 31 14:50:38 IDT 2026, 532 W
Tue Mar 31 14:50:38 IDT 2026, 528 W
Tue Mar 31 14:50:38 IDT 2026, 534 W
Tue Mar 31 14:50:38 IDT 2026, 532 W
Tue Mar 31 14:50:38 IDT 2026, 529 W
Tue Mar 31 14:50:39 IDT 2026, 530 W
Tue Mar 31 14:50:39 IDT 2026, 532 W
Tue Mar 31 14:50:39 IDT 2026, 527 W
Tue Mar 31 14:50:39 IDT 2026, 531 W
Tue Mar 31 14:50:39 IDT 2026, 528 W
Tue Mar 31 14:50:39 IDT 2026, 533 W
Tue Mar 31 14:50:39 IDT 2026, 533 W
Tue Mar 31 14:50:39 IDT 2026, 524 W
Tue Mar 31 14:50:40 IDT 2026, 527 W
Tue Mar 31 14:50:40 IDT 2026, 538 W
Tue Mar 31 14:50:40 IDT 2026, 527 W
Tue Mar 31 14:50:40 IDT 2026, 533 W
Tue Mar 31 14:50:40 IDT 2026, 529 W
Tue Mar 31 14:50:40 IDT 2026, 534 W
Tue Mar 31 14:50:40 IDT 2026, 535 W
Tue Mar 31 14:50:40 IDT 2026, 529 W
Tue Mar 31 14:50:41 IDT 2026, 529 W
Tue Mar 31 14:50:41 IDT 2026, 538 W
Tue Mar 31 14:50:41 IDT 2026, 529 W
Tue Mar 31 14:50:41 IDT 2026, 532 W
Tue Mar 31 14:50:41 IDT 2026, 529 W
Tue Mar 31 14:50:41 IDT 2026, 537 W
Tue Mar 31 14:50:41 IDT 2026, 533 W
Tue Mar 31 14:50:41 IDT 2026, 531 W
Tue Mar 31 14:50:42 IDT 2026, 528 W
Tue Mar 31 14:50:42 IDT 2026, 538 W
Tue Mar 31 14:50:42 IDT 2026, 530 W
Tue Mar 31 14:50:42 IDT 2026, 533 W
Tue Mar 31 14:50:42 IDT 2026, 528 W
Tue Mar 31 14:50:42 IDT 2026, 537 W
Tue Mar 31 14:50:42 IDT 2026, 530 W
Tue Mar 31 14:50:42 IDT 2026, 528 W
Tue Mar 31 14:50:43 IDT 2026, 507 W
Tue Mar 31 14:50:43 IDT 2026, 519 W
Tue Mar 31 14:50:43 IDT 2026, 509 W
Tue Mar 31 14:50:43 IDT 2026, 517 W
Tue Mar 31 14:50:43 IDT 2026, 512 W
Tue Mar 31 14:50:43 IDT 2026, 517 W
Tue Mar 31 14:50:43 IDT 2026, 511 W
Tue Mar 31 14:50:43 IDT 2026, 512 W
Tue Mar 31 14:50:44 IDT 2026, 507 W
Tue Mar 31 14:50:44 IDT 2026, 513 W
Tue Mar 31 14:50:44 IDT 2026, 506 W
Tue Mar 31 14:50:44 IDT 2026, 510 W
Tue Mar 31 14:50:44 IDT 2026, 505 W
Tue Mar 31 14:50:44 IDT 2026, 512 W
Tue Mar 31 14:50:44 IDT 2026, 479 W
Tue Mar 31 14:50:44 IDT 2026, 505 W
Tue Mar 31 14:50:45 IDT 2026, 503 W
Tue Mar 31 14:50:45 IDT 2026, 514 W
Tue Mar 31 14:50:45 IDT 2026, 505 W
Tue Mar 31 14:50:45 IDT 2026, 508 W
Tue Mar 31 14:50:45 IDT 2026, 506 W
Tue Mar 31 14:50:45 IDT 2026, 514 W
Tue Mar 31 14:50:45 IDT 2026, 507 W
Tue Mar 31 14:50:45 IDT 2026, 507 W
Tue Mar 31 14:50:46 IDT 2026, 485 W
Tue Mar 31 14:50:46 IDT 2026, 488 W
Tue Mar 31 14:50:46 IDT 2026, 480 W
Tue Mar 31 14:50:46 IDT 2026, 483 W
Tue Mar 31 14:50:46 IDT 2026, 482 W
Tue Mar 31 14:50:46 IDT 2026, 487 W
Tue Mar 31 14:50:46 IDT 2026, 490 W
Tue Mar 31 14:50:46 IDT 2026, 481 W
Tue Mar 31 14:50:47 IDT 2026, 474 W
Tue Mar 31 14:50:47 IDT 2026, 481 W
Tue Mar 31 14:50:47 IDT 2026, 474 W
Tue Mar 31 14:50:47 IDT 2026, 478 W
Tue Mar 31 14:50:47 IDT 2026, 472 W
Tue Mar 31 14:50:47 IDT 2026, 481 W
Tue Mar 31 14:50:47 IDT 2026, 479 W
Tue Mar 31 14:50:47 IDT 2026, 472 W
Tue Mar 31 14:50:48 IDT 2026, 470 W
Tue Mar 31 14:50:48 IDT 2026, 482 W
Tue Mar 31 14:50:48 IDT 2026, 469 W
Tue Mar 31 14:50:48 IDT 2026, 472 W
Tue Mar 31 14:50:48 IDT 2026, 473 W
Tue Mar 31 14:50:48 IDT 2026, 475 W
Tue Mar 31 14:50:48 IDT 2026, 475 W
Tue Mar 31 14:50:48 IDT 2026, 471 W
Tue Mar 31 14:50:49 IDT 2026, 462 W
Tue Mar 31 14:50:49 IDT 2026, 480 W
Tue Mar 31 14:50:49 IDT 2026, 466 W
Tue Mar 31 14:50:49 IDT 2026, 469 W
Tue Mar 31 14:50:49 IDT 2026, 470 W
Tue Mar 31 14:50:49 IDT 2026, 473 W
Tue Mar 31 14:50:49 IDT 2026, 459 W
Tue Mar 31 14:50:49 IDT 2026, 471 W
Tue Mar 31 14:50:50 IDT 2026, 473 W
Tue Mar 31 14:50:50 IDT 2026, 482 W
Tue Mar 31 14:50:50 IDT 2026, 475 W
Tue Mar 31 14:50:50 IDT 2026, 479 W
Tue Mar 31 14:50:50 IDT 2026, 475 W
Tue Mar 31 14:50:50 IDT 2026, 481 W
Tue Mar 31 14:50:50 IDT 2026, 481 W
Tue Mar 31 14:50:50 IDT 2026, 474 W
Tue Mar 31 14:50:51 IDT 2026, 424 W
Tue Mar 31 14:50:51 IDT 2026, 461 W
Tue Mar 31 14:50:51 IDT 2026, 454 W
Tue Mar 31 14:50:51 IDT 2026, 457 W
Tue Mar 31 14:50:51 IDT 2026, 461 W
Tue Mar 31 14:50:51 IDT 2026, 460 W
Tue Mar 31 14:50:51 IDT 2026, 460 W
Tue Mar 31 14:50:51 IDT 2026, 459 W
Tue Mar 31 14:50:52 IDT 2026, 416 W
Tue Mar 31 14:50:52 IDT 2026, 456 W
Tue Mar 31 14:50:52 IDT 2026, 432 W
Tue Mar 31 14:50:52 IDT 2026, 430 W
Tue Mar 31 14:50:52 IDT 2026, 449 W
Tue Mar 31 14:50:52 IDT 2026, 437 W
Tue Mar 31 14:50:52 IDT 2026, 431 W
Tue Mar 31 14:50:52 IDT 2026, 456 W
Tue Mar 31 14:50:53 IDT 2026, 430 W
Tue Mar 31 14:50:53 IDT 2026, 468 W
Tue Mar 31 14:50:53 IDT 2026, 447 W
Tue Mar 31 14:50:53 IDT 2026, 451 W
Tue Mar 31 14:50:53 IDT 2026, 471 W
Tue Mar 31 14:50:53 IDT 2026, 455 W
Tue Mar 31 14:50:53 IDT 2026, 458 W
Tue Mar 31 14:50:53 IDT 2026, 466 W
Tue Mar 31 14:50:54 IDT 2026, 472 W
Tue Mar 31 14:50:54 IDT 2026, 479 W
Tue Mar 31 14:50:54 IDT 2026, 471 W
Tue Mar 31 14:50:54 IDT 2026, 476 W
Tue Mar 31 14:50:54 IDT 2026, 472 W
Tue Mar 31 14:50:54 IDT 2026, 480 W
Tue Mar 31 14:50:54 IDT 2026, 475 W
Tue Mar 31 14:50:54 IDT 2026, 471 W
Tue Mar 31 14:50:55 IDT 2026, 441 W
Tue Mar 31 14:50:55 IDT 2026, 240 W
Tue Mar 31 14:50:55 IDT 2026, 233 W
Tue Mar 31 14:50:55 IDT 2026, 445 W
Tue Mar 31 14:50:55 IDT 2026, 236 W
Tue Mar 31 14:50:55 IDT 2026, 457 W
Tue Mar 31 14:50:55 IDT 2026, 437 W
Tue Mar 31 14:50:55 IDT 2026, 235 W
Tue Mar 31 14:50:56 IDT 2026, 527 W
Tue Mar 31 14:50:56 IDT 2026, 537 W
Tue Mar 31 14:50:56 IDT 2026, 526 W
Tue Mar 31 14:50:56 IDT 2026, 532 W
Tue Mar 31 14:50:56 IDT 2026, 528 W
Tue Mar 31 14:50:56 IDT 2026, 535 W
Tue Mar 31 14:50:56 IDT 2026, 532 W
Tue Mar 31 14:50:56 IDT 2026, 528 W
Tue Mar 31 14:50:57 IDT 2026, 525 W
Tue Mar 31 14:50:57 IDT 2026, 537 W
Tue Mar 31 14:50:57 IDT 2026, 527 W
Tue Mar 31 14:50:57 IDT 2026, 532 W
Tue Mar 31 14:50:57 IDT 2026, 528 W
Tue Mar 31 14:50:57 IDT 2026, 533 W
Tue Mar 31 14:50:57 IDT 2026, 531 W
Tue Mar 31 14:50:57 IDT 2026, 531 W
Tue Mar 31 14:50:58 IDT 2026, 527 W
Tue Mar 31 14:50:58 IDT 2026, 536 W
Tue Mar 31 14:50:58 IDT 2026, 526 W
Tue Mar 31 14:50:58 IDT 2026, 531 W
Tue Mar 31 14:50:58 IDT 2026, 529 W
Tue Mar 31 14:50:58 IDT 2026, 533 W
Tue Mar 31 14:50:58 IDT 2026, 532 W
Tue Mar 31 14:50:58 IDT 2026, 529 W
Tue Mar 31 14:50:59 IDT 2026, 527 W
Tue Mar 31 14:50:59 IDT 2026, 535 W
Tue Mar 31 14:50:59 IDT 2026, 526 W
Tue Mar 31 14:50:59 IDT 2026, 531 W
Tue Mar 31 14:50:59 IDT 2026, 531 W
Tue Mar 31 14:50:59 IDT 2026, 532 W
Tue Mar 31 14:50:59 IDT 2026, 532 W
Tue Mar 31 14:50:59 IDT 2026, 528 W
Tue Mar 31 14:51:00 IDT 2026, 529 W
Tue Mar 31 14:51:00 IDT 2026, 535 W
Tue Mar 31 14:51:00 IDT 2026, 528 W
Tue Mar 31 14:51:00 IDT 2026, 530 W
Tue Mar 31 14:51:00 IDT 2026, 527 W
Tue Mar 31 14:51:00 IDT 2026, 533 W
Tue Mar 31 14:51:00 IDT 2026, 532 W
Tue Mar 31 14:51:00 IDT 2026, 525 W
Tue Mar 31 14:51:01 IDT 2026, 525 W
Tue Mar 31 14:51:01 IDT 2026, 535 W
Tue Mar 31 14:51:01 IDT 2026, 525 W
Tue Mar 31 14:51:01 IDT 2026, 527 W
Tue Mar 31 14:51:01 IDT 2026, 525 W
Tue Mar 31 14:51:01 IDT 2026, 532 W
Tue Mar 31 14:51:01 IDT 2026, 530 W
Tue Mar 31 14:51:01 IDT 2026, 525 W
Tue Mar 31 14:51:02 IDT 2026, 522 W
Tue Mar 31 14:51:02 IDT 2026, 534 W
Tue Mar 31 14:51:02 IDT 2026, 527 W
Tue Mar 31 14:51:02 IDT 2026, 526 W
Tue Mar 31 14:51:02 IDT 2026, 526 W
Tue Mar 31 14:51:02 IDT 2026, 531 W
Tue Mar 31 14:51:02 IDT 2026, 524 W
Tue Mar 31 14:51:02 IDT 2026, 523 W
Tue Mar 31 14:51:03 IDT 2026, 524 W
Tue Mar 31 14:51:03 IDT 2026, 536 W
Tue Mar 31 14:51:03 IDT 2026, 526 W
Tue Mar 31 14:51:03 IDT 2026, 530 W
Tue Mar 31 14:51:03 IDT 2026, 527 W
Tue Mar 31 14:51:03 IDT 2026, 533 W
Tue Mar 31 14:51:03 IDT 2026, 528 W
Tue Mar 31 14:51:03 IDT 2026, 528 W
Tue Mar 31 14:51:04 IDT 2026, 524 W
Tue Mar 31 14:51:04 IDT 2026, 531 W
Tue Mar 31 14:51:04 IDT 2026, 526 W
Tue Mar 31 14:51:04 IDT 2026, 527 W
Tue Mar 31 14:51:04 IDT 2026, 524 W
Tue Mar 31 14:51:04 IDT 2026, 530 W
Tue Mar 31 14:51:04 IDT 2026, 530 W
Tue Mar 31 14:51:04 IDT 2026, 525 W
Tue Mar 31 14:51:05 IDT 2026, 525 W
Tue Mar 31 14:51:05 IDT 2026, 537 W
Tue Mar 31 14:51:05 IDT 2026, 527 W
Tue Mar 31 14:51:05 IDT 2026, 526 W
Tue Mar 31 14:51:05 IDT 2026, 527 W
Tue Mar 31 14:51:05 IDT 2026, 532 W
Tue Mar 31 14:51:05 IDT 2026, 530 W
Tue Mar 31 14:51:05 IDT 2026, 527 W
Tue Mar 31 14:51:06 IDT 2026, 528 W
Tue Mar 31 14:51:06 IDT 2026, 534 W
Tue Mar 31 14:51:06 IDT 2026, 528 W
Tue Mar 31 14:51:06 IDT 2026, 533 W
Tue Mar 31 14:51:06 IDT 2026, 530 W
Tue Mar 31 14:51:06 IDT 2026, 536 W
Tue Mar 31 14:51:06 IDT 2026, 532 W
Tue Mar 31 14:51:06 IDT 2026, 530 W
Tue Mar 31 14:51:07 IDT 2026, 525 W
Tue Mar 31 14:51:07 IDT 2026, 535 W
Tue Mar 31 14:51:07 IDT 2026, 526 W
Tue Mar 31 14:51:07 IDT 2026, 529 W
Tue Mar 31 14:51:07 IDT 2026, 525 W
Tue Mar 31 14:51:07 IDT 2026, 533 W
Tue Mar 31 14:51:07 IDT 2026, 525 W
Tue Mar 31 14:51:07 IDT 2026, 527 W
Tue Mar 31 14:51:08 IDT 2026, 520 W
Tue Mar 31 14:51:08 IDT 2026, 530 W
Tue Mar 31 14:51:08 IDT 2026, 520 W
Tue Mar 31 14:51:08 IDT 2026, 524 W
Tue Mar 31 14:51:08 IDT 2026, 521 W
Tue Mar 31 14:51:08 IDT 2026, 530 W
Tue Mar 31 14:51:08 IDT 2026, 524 W
Tue Mar 31 14:51:08 IDT 2026, 523 W
Tue Mar 31 14:51:09 IDT 2026, 498 W
Tue Mar 31 14:51:09 IDT 2026, 513 W
Tue Mar 31 14:51:09 IDT 2026, 499 W
Tue Mar 31 14:51:09 IDT 2026, 502 W
Tue Mar 31 14:51:09 IDT 2026, 503 W
Tue Mar 31 14:51:09 IDT 2026, 506 W
Tue Mar 31 14:51:09 IDT 2026, 509 W
Tue Mar 31 14:51:09 IDT 2026, 503 W
Tue Mar 31 14:51:10 IDT 2026, 506 W
Tue Mar 31 14:51:10 IDT 2026, 517 W
Tue Mar 31 14:51:10 IDT 2026, 507 W
Tue Mar 31 14:51:10 IDT 2026, 512 W
Tue Mar 31 14:51:10 IDT 2026, 509 W
Tue Mar 31 14:51:10 IDT 2026, 514 W
Tue Mar 31 14:51:10 IDT 2026, 509 W
Tue Mar 31 14:51:10 IDT 2026, 510 W
Tue Mar 31 14:51:11 IDT 2026, 503 W
Tue Mar 31 14:51:11 IDT 2026, 513 W
Tue Mar 31 14:51:11 IDT 2026, 504 W
Tue Mar 31 14:51:11 IDT 2026, 508 W
Tue Mar 31 14:51:11 IDT 2026, 507 W
Tue Mar 31 14:51:11 IDT 2026, 511 W
Tue Mar 31 14:51:11 IDT 2026, 507 W
Tue Mar 31 14:51:11 IDT 2026, 506 W
Tue Mar 31 14:51:12 IDT 2026, 505 W
Tue Mar 31 14:51:12 IDT 2026, 513 W
Tue Mar 31 14:51:12 IDT 2026, 505 W
Tue Mar 31 14:51:12 IDT 2026, 509 W
Tue Mar 31 14:51:12 IDT 2026, 505 W
Tue Mar 31 14:51:12 IDT 2026, 514 W
Tue Mar 31 14:51:12 IDT 2026, 509 W
Tue Mar 31 14:51:12 IDT 2026, 503 W
Tue Mar 31 14:51:13 IDT 2026, 505 W
Tue Mar 31 14:51:13 IDT 2026, 514 W
Tue Mar 31 14:51:13 IDT 2026, 504 W
Tue Mar 31 14:51:13 IDT 2026, 509 W
Tue Mar 31 14:51:13 IDT 2026, 504 W
Tue Mar 31 14:51:13 IDT 2026, 512 W
Tue Mar 31 14:51:13 IDT 2026, 511 W
Tue Mar 31 14:51:13 IDT 2026, 507 W
Tue Mar 31 14:51:14 IDT 2026, 504 W
Tue Mar 31 14:51:14 IDT 2026, 514 W
Tue Mar 31 14:51:14 IDT 2026, 504 W
Tue Mar 31 14:51:14 IDT 2026, 507 W
Tue Mar 31 14:51:14 IDT 2026, 507 W
Tue Mar 31 14:51:14 IDT 2026, 510 W
Tue Mar 31 14:51:14 IDT 2026, 509 W
Tue Mar 31 14:51:14 IDT 2026, 506 W
Tue Mar 31 14:51:15 IDT 2026, 457 W
Tue Mar 31 14:51:15 IDT 2026, 497 W
Tue Mar 31 14:51:15 IDT 2026, 486 W
Tue Mar 31 14:51:15 IDT 2026, 488 W
Tue Mar 31 14:51:15 IDT 2026, 494 W
Tue Mar 31 14:51:15 IDT 2026, 492 W
Tue Mar 31 14:51:15 IDT 2026, 474 W
Tue Mar 31 14:51:15 IDT 2026, 493 W
Tue Mar 31 14:51:16 IDT 2026, 260 W
Tue Mar 31 14:51:16 IDT 2026, 248 W
Tue Mar 31 14:51:16 IDT 2026, 249 W
Tue Mar 31 14:51:16 IDT 2026, 251 W
Tue Mar 31 14:51:16 IDT 2026, 246 W
Tue Mar 31 14:51:16 IDT 2026, 256 W
Tue Mar 31 14:51:16 IDT 2026, 240 W
Tue Mar 31 14:51:16 IDT 2026, 245 W
Tue Mar 31 14:51:17 IDT 2026, 528 W
Tue Mar 31 14:51:17 IDT 2026, 537 W
Tue Mar 31 14:51:17 IDT 2026, 529 W
Tue Mar 31 14:51:17 IDT 2026, 532 W
Tue Mar 31 14:51:17 IDT 2026, 529 W
Tue Mar 31 14:51:17 IDT 2026, 534 W
Tue Mar 31 14:51:17 IDT 2026, 533 W
Tue Mar 31 14:51:17 IDT 2026, 528 W
Tue Mar 31 14:51:18 IDT 2026, 529 W
Tue Mar 31 14:51:18 IDT 2026, 536 W
Tue Mar 31 14:51:18 IDT 2026, 528 W
Tue Mar 31 14:51:18 IDT 2026, 530 W
Tue Mar 31 14:51:18 IDT 2026, 527 W
Tue Mar 31 14:51:18 IDT 2026, 534 W
Tue Mar 31 14:51:18 IDT 2026, 533 W
Tue Mar 31 14:51:18 IDT 2026, 526 W
Tue Mar 31 14:51:19 IDT 2026, 524 W
Tue Mar 31 14:51:19 IDT 2026, 536 W
Tue Mar 31 14:51:19 IDT 2026, 528 W
Tue Mar 31 14:51:19 IDT 2026, 531 W
Tue Mar 31 14:51:19 IDT 2026, 528 W
Tue Mar 31 14:51:19 IDT 2026, 531 W
Tue Mar 31 14:51:19 IDT 2026, 531 W
Tue Mar 31 14:51:19 IDT 2026, 531 W
Tue Mar 31 14:51:20 IDT 2026, 528 W
Tue Mar 31 14:51:20 IDT 2026, 539 W
Tue Mar 31 14:51:20 IDT 2026, 525 W
Tue Mar 31 14:51:20 IDT 2026, 527 W
Tue Mar 31 14:51:20 IDT 2026, 524 W
Tue Mar 31 14:51:20 IDT 2026, 533 W
Tue Mar 31 14:51:20 IDT 2026, 531 W
Tue Mar 31 14:51:20 IDT 2026, 522 W
Tue Mar 31 14:51:21 IDT 2026, 527 W
Tue Mar 31 14:51:21 IDT 2026, 538 W
Tue Mar 31 14:51:21 IDT 2026, 527 W
Tue Mar 31 14:51:21 IDT 2026, 530 W
Tue Mar 31 14:51:21 IDT 2026, 530 W
Tue Mar 31 14:51:21 IDT 2026, 535 W
Tue Mar 31 14:51:21 IDT 2026, 530 W
Tue Mar 31 14:51:21 IDT 2026, 526 W
Tue Mar 31 14:51:22 IDT 2026, 526 W
Tue Mar 31 14:51:22 IDT 2026, 540 W
Tue Mar 31 14:51:22 IDT 2026, 526 W
Tue Mar 31 14:51:22 IDT 2026, 529 W
Tue Mar 31 14:51:22 IDT 2026, 530 W
Tue Mar 31 14:51:22 IDT 2026, 533 W
Tue Mar 31 14:51:22 IDT 2026, 533 W
Tue Mar 31 14:51:22 IDT 2026, 530 W
Tue Mar 31 14:51:23 IDT 2026, 518 W
Tue Mar 31 14:51:23 IDT 2026, 528 W
Tue Mar 31 14:51:23 IDT 2026, 521 W
Tue Mar 31 14:51:23 IDT 2026, 523 W
Tue Mar 31 14:51:23 IDT 2026, 518 W
Tue Mar 31 14:51:23 IDT 2026, 527 W
Tue Mar 31 14:51:23 IDT 2026, 522 W
Tue Mar 31 14:51:23 IDT 2026, 520 W
Tue Mar 31 14:51:24 IDT 2026, 519 W
Tue Mar 31 14:51:24 IDT 2026, 529 W
Tue Mar 31 14:51:24 IDT 2026, 518 W
Tue Mar 31 14:51:24 IDT 2026, 523 W
Tue Mar 31 14:51:24 IDT 2026, 521 W
Tue Mar 31 14:51:24 IDT 2026, 526 W
Tue Mar 31 14:51:24 IDT 2026, 525 W
Tue Mar 31 14:51:24 IDT 2026, 523 W
Tue Mar 31 14:51:25 IDT 2026, 503 W
Tue Mar 31 14:51:25 IDT 2026, 515 W
Tue Mar 31 14:51:25 IDT 2026, 504 W
Tue Mar 31 14:51:25 IDT 2026, 510 W
Tue Mar 31 14:51:25 IDT 2026, 509 W
Tue Mar 31 14:51:25 IDT 2026, 511 W
Tue Mar 31 14:51:25 IDT 2026, 509 W
Tue Mar 31 14:51:25 IDT 2026, 507 W
Tue Mar 31 14:51:26 IDT 2026, 505 W
Tue Mar 31 14:51:26 IDT 2026, 509 W
Tue Mar 31 14:51:26 IDT 2026, 501 W
Tue Mar 31 14:51:26 IDT 2026, 503 W
Tue Mar 31 14:51:26 IDT 2026, 501 W
Tue Mar 31 14:51:26 IDT 2026, 506 W
Tue Mar 31 14:51:26 IDT 2026, 511 W
Tue Mar 31 14:51:26 IDT 2026, 502 W
Tue Mar 31 14:51:27 IDT 2026, 506 W
Tue Mar 31 14:51:27 IDT 2026, 515 W
Tue Mar 31 14:51:27 IDT 2026, 504 W
Tue Mar 31 14:51:27 IDT 2026, 505 W
Tue Mar 31 14:51:27 IDT 2026, 506 W
Tue Mar 31 14:51:27 IDT 2026, 509 W
Tue Mar 31 14:51:27 IDT 2026, 507 W
Tue Mar 31 14:51:27 IDT 2026, 505 W
Tue Mar 31 14:51:28 IDT 2026, 505 W
Tue Mar 31 14:51:28 IDT 2026, 514 W
Tue Mar 31 14:51:28 IDT 2026, 502 W
Tue Mar 31 14:51:28 IDT 2026, 506 W
Tue Mar 31 14:51:28 IDT 2026, 504 W
Tue Mar 31 14:51:28 IDT 2026, 509 W
Tue Mar 31 14:51:28 IDT 2026, 505 W
Tue Mar 31 14:51:28 IDT 2026, 504 W
Tue Mar 31 14:51:29 IDT 2026, 459 W
Tue Mar 31 14:51:29 IDT 2026, 475 W
Tue Mar 31 14:51:29 IDT 2026, 457 W
Tue Mar 31 14:51:29 IDT 2026, 463 W
Tue Mar 31 14:51:29 IDT 2026, 458 W
Tue Mar 31 14:51:29 IDT 2026, 472 W
Tue Mar 31 14:51:29 IDT 2026, 464 W
Tue Mar 31 14:51:29 IDT 2026, 467 W
Tue Mar 31 14:51:30 IDT 2026, 494 W
Tue Mar 31 14:51:30 IDT 2026, 476 W
Tue Mar 31 14:51:30 IDT 2026, 487 W
Tue Mar 31 14:51:30 IDT 2026, 486 W
Tue Mar 31 14:51:30 IDT 2026, 463 W
Tue Mar 31 14:51:30 IDT 2026, 494 W
Tue Mar 31 14:51:30 IDT 2026, 460 W
Tue Mar 31 14:51:30 IDT 2026, 464 W
Tue Mar 31 14:51:31 IDT 2026, 505 W
Tue Mar 31 14:51:31 IDT 2026, 506 W
Tue Mar 31 14:51:31 IDT 2026, 505 W
Tue Mar 31 14:51:31 IDT 2026, 508 W
Tue Mar 31 14:51:31 IDT 2026, 496 W
Tue Mar 31 14:51:31 IDT 2026, 511 W
Tue Mar 31 14:51:31 IDT 2026, 510 W
Tue Mar 31 14:51:31 IDT 2026, 494 W
Tue Mar 31 14:51:32 IDT 2026, 505 W
Tue Mar 31 14:51:32 IDT 2026, 512 W
Tue Mar 31 14:51:32 IDT 2026, 503 W
Tue Mar 31 14:51:32 IDT 2026, 508 W
Tue Mar 31 14:51:32 IDT 2026, 505 W
Tue Mar 31 14:51:32 IDT 2026, 512 W
Tue Mar 31 14:51:32 IDT 2026, 506 W
Tue Mar 31 14:51:32 IDT 2026, 503 W
Tue Mar 31 14:51:33 IDT 2026, 506 W
Tue Mar 31 14:51:33 IDT 2026, 515 W
Tue Mar 31 14:51:33 IDT 2026, 507 W
Tue Mar 31 14:51:33 IDT 2026, 510 W
Tue Mar 31 14:51:33 IDT 2026, 509 W
Tue Mar 31 14:51:33 IDT 2026, 514 W
Tue Mar 31 14:51:33 IDT 2026, 511 W
Tue Mar 31 14:51:33 IDT 2026, 508 W
Tue Mar 31 14:51:34 IDT 2026, 502 W
Tue Mar 31 14:51:34 IDT 2026, 516 W
Tue Mar 31 14:51:34 IDT 2026, 505 W
Tue Mar 31 14:51:34 IDT 2026, 508 W
Tue Mar 31 14:51:34 IDT 2026, 506 W
Tue Mar 31 14:51:34 IDT 2026, 510 W
Tue Mar 31 14:51:34 IDT 2026, 507 W
Tue Mar 31 14:51:34 IDT 2026, 503 W
Tue Mar 31 14:51:35 IDT 2026, 504 W
Tue Mar 31 14:51:35 IDT 2026, 513 W
Tue Mar 31 14:51:35 IDT 2026, 502 W
Tue Mar 31 14:51:35 IDT 2026, 504 W
Tue Mar 31 14:51:35 IDT 2026, 504 W
Tue Mar 31 14:51:35 IDT 2026, 508 W
Tue Mar 31 14:51:35 IDT 2026, 507 W
Tue Mar 31 14:51:35 IDT 2026, 503 W
Tue Mar 31 14:51:36 IDT 2026, 452 W
Tue Mar 31 14:51:36 IDT 2026, 470 W
Tue Mar 31 14:51:36 IDT 2026, 445 W
Tue Mar 31 14:51:36 IDT 2026, 449 W
Tue Mar 31 14:51:36 IDT 2026, 441 W
Tue Mar 31 14:51:36 IDT 2026, 453 W
Tue Mar 31 14:51:36 IDT 2026, 465 W
Tue Mar 31 14:51:36 IDT 2026, 441 W
Tue Mar 31 14:51:37 IDT 2026, 231 W
Tue Mar 31 14:51:37 IDT 2026, 240 W
Tue Mar 31 14:51:37 IDT 2026, 232 W
Tue Mar 31 14:51:37 IDT 2026, 232 W
Tue Mar 31 14:51:37 IDT 2026, 235 W
Tue Mar 31 14:51:37 IDT 2026, 237 W
Tue Mar 31 14:51:37 IDT 2026, 237 W
Tue Mar 31 14:51:37 IDT 2026, 234 W
Tue Mar 31 14:51:38 IDT 2026, 526 W
Tue Mar 31 14:51:38 IDT 2026, 537 W
Tue Mar 31 14:51:38 IDT 2026, 526 W
Tue Mar 31 14:51:38 IDT 2026, 531 W
Tue Mar 31 14:51:38 IDT 2026, 528 W
Tue Mar 31 14:51:38 IDT 2026, 531 W
Tue Mar 31 14:51:38 IDT 2026, 530 W
Tue Mar 31 14:51:38 IDT 2026, 528 W
Tue Mar 31 14:51:39 IDT 2026, 531 W
Tue Mar 31 14:51:39 IDT 2026, 539 W
Tue Mar 31 14:51:39 IDT 2026, 529 W
Tue Mar 31 14:51:39 IDT 2026, 535 W
Tue Mar 31 14:51:39 IDT 2026, 530 W
Tue Mar 31 14:51:39 IDT 2026, 535 W
Tue Mar 31 14:51:39 IDT 2026, 535 W
Tue Mar 31 14:51:39 IDT 2026, 529 W
Tue Mar 31 14:51:40 IDT 2026, 529 W
Tue Mar 31 14:51:40 IDT 2026, 539 W
Tue Mar 31 14:51:40 IDT 2026, 530 W
Tue Mar 31 14:51:40 IDT 2026, 531 W
Tue Mar 31 14:51:40 IDT 2026, 530 W
Tue Mar 31 14:51:40 IDT 2026, 535 W
Tue Mar 31 14:51:40 IDT 2026, 534 W
Tue Mar 31 14:51:40 IDT 2026, 529 W
Tue Mar 31 14:51:41 IDT 2026, 530 W
Tue Mar 31 14:51:41 IDT 2026, 541 W
Tue Mar 31 14:51:41 IDT 2026, 530 W
Tue Mar 31 14:51:41 IDT 2026, 535 W
Tue Mar 31 14:51:41 IDT 2026, 528 W
Tue Mar 31 14:51:41 IDT 2026, 538 W
Tue Mar 31 14:51:41 IDT 2026, 532 W
Tue Mar 31 14:51:41 IDT 2026, 530 W
Tue Mar 31 14:51:42 IDT 2026, 528 W
Tue Mar 31 14:51:42 IDT 2026, 536 W
Tue Mar 31 14:51:42 IDT 2026, 526 W
Tue Mar 31 14:51:42 IDT 2026, 532 W
Tue Mar 31 14:51:42 IDT 2026, 530 W
Tue Mar 31 14:51:42 IDT 2026, 534 W
Tue Mar 31 14:51:42 IDT 2026, 533 W
Tue Mar 31 14:51:42 IDT 2026, 528 W
Tue Mar 31 14:51:43 IDT 2026, 531 W
Tue Mar 31 14:51:43 IDT 2026, 539 W
Tue Mar 31 14:51:43 IDT 2026, 531 W
Tue Mar 31 14:51:43 IDT 2026, 534 W
Tue Mar 31 14:51:43 IDT 2026, 532 W
Tue Mar 31 14:51:43 IDT 2026, 537 W
Tue Mar 31 14:51:43 IDT 2026, 533 W
Tue Mar 31 14:51:43 IDT 2026, 529 W
Tue Mar 31 14:51:44 IDT 2026, 530 W
Tue Mar 31 14:51:44 IDT 2026, 540 W
Tue Mar 31 14:51:44 IDT 2026, 530 W
Tue Mar 31 14:51:44 IDT 2026, 532 W
Tue Mar 31 14:51:44 IDT 2026, 531 W
Tue Mar 31 14:51:44 IDT 2026, 535 W
Tue Mar 31 14:51:44 IDT 2026, 532 W
Tue Mar 31 14:51:44 IDT 2026, 530 W
Tue Mar 31 14:51:45 IDT 2026, 527 W
Tue Mar 31 14:51:45 IDT 2026, 539 W
Tue Mar 31 14:51:45 IDT 2026, 529 W
Tue Mar 31 14:51:45 IDT 2026, 531 W
Tue Mar 31 14:51:45 IDT 2026, 529 W
Tue Mar 31 14:51:45 IDT 2026, 532 W
Tue Mar 31 14:51:45 IDT 2026, 532 W
Tue Mar 31 14:51:45 IDT 2026, 529 W
Tue Mar 31 14:51:46 IDT 2026, 526 W
Tue Mar 31 14:51:46 IDT 2026, 536 W
Tue Mar 31 14:51:46 IDT 2026, 525 W
Tue Mar 31 14:51:46 IDT 2026, 527 W
Tue Mar 31 14:51:46 IDT 2026, 527 W
Tue Mar 31 14:51:46 IDT 2026, 533 W
Tue Mar 31 14:51:46 IDT 2026, 531 W
Tue Mar 31 14:51:46 IDT 2026, 528 W
Tue Mar 31 14:51:47 IDT 2026, 522 W
Tue Mar 31 14:51:47 IDT 2026, 537 W
Tue Mar 31 14:51:47 IDT 2026, 526 W
Tue Mar 31 14:51:47 IDT 2026, 528 W
Tue Mar 31 14:51:47 IDT 2026, 526 W
Tue Mar 31 14:51:47 IDT 2026, 530 W
Tue Mar 31 14:51:47 IDT 2026, 528 W
Tue Mar 31 14:51:47 IDT 2026, 527 W
Tue Mar 31 14:51:48 IDT 2026, 524 W
Tue Mar 31 14:51:48 IDT 2026, 534 W
Tue Mar 31 14:51:48 IDT 2026, 523 W
Tue Mar 31 14:51:48 IDT 2026, 526 W
Tue Mar 31 14:51:48 IDT 2026, 524 W
Tue Mar 31 14:51:48 IDT 2026, 529 W
Tue Mar 31 14:51:48 IDT 2026, 527 W
Tue Mar 31 14:51:48 IDT 2026, 524 W
Tue Mar 31 14:51:49 IDT 2026, 521 W
Tue Mar 31 14:51:49 IDT 2026, 531 W
Tue Mar 31 14:51:49 IDT 2026, 520 W
Tue Mar 31 14:51:49 IDT 2026, 523 W
Tue Mar 31 14:51:49 IDT 2026, 522 W
Tue Mar 31 14:51:49 IDT 2026, 530 W
Tue Mar 31 14:51:49 IDT 2026, 525 W
Tue Mar 31 14:51:49 IDT 2026, 520 W
Tue Mar 31 14:51:50 IDT 2026, 520 W
Tue Mar 31 14:51:50 IDT 2026, 532 W
Tue Mar 31 14:51:50 IDT 2026, 521 W
Tue Mar 31 14:51:50 IDT 2026, 525 W
Tue Mar 31 14:51:50 IDT 2026, 521 W
Tue Mar 31 14:51:50 IDT 2026, 525 W
Tue Mar 31 14:51:50 IDT 2026, 528 W
Tue Mar 31 14:51:50 IDT 2026, 520 W
Tue Mar 31 14:51:51 IDT 2026, 519 W
Tue Mar 31 14:51:51 IDT 2026, 532 W
Tue Mar 31 14:51:51 IDT 2026, 523 W
Tue Mar 31 14:51:51 IDT 2026, 523 W
Tue Mar 31 14:51:51 IDT 2026, 525 W
Tue Mar 31 14:51:51 IDT 2026, 527 W
Tue Mar 31 14:51:51 IDT 2026, 527 W
Tue Mar 31 14:51:51 IDT 2026, 523 W
Tue Mar 31 14:51:52 IDT 2026, 518 W
Tue Mar 31 14:51:52 IDT 2026, 529 W
Tue Mar 31 14:51:52 IDT 2026, 522 W
Tue Mar 31 14:51:52 IDT 2026, 524 W
Tue Mar 31 14:51:52 IDT 2026, 522 W
Tue Mar 31 14:51:52 IDT 2026, 528 W
Tue Mar 31 14:51:52 IDT 2026, 522 W
Tue Mar 31 14:51:52 IDT 2026, 523 W
Tue Mar 31 14:51:53 IDT 2026, 521 W
Tue Mar 31 14:51:53 IDT 2026, 529 W
Tue Mar 31 14:51:53 IDT 2026, 520 W
Tue Mar 31 14:51:53 IDT 2026, 525 W
Tue Mar 31 14:51:53 IDT 2026, 521 W
Tue Mar 31 14:51:53 IDT 2026, 526 W
Tue Mar 31 14:51:53 IDT 2026, 521 W
Tue Mar 31 14:51:53 IDT 2026, 522 W
Tue Mar 31 14:51:54 IDT 2026, 520 W
Tue Mar 31 14:51:54 IDT 2026, 529 W
Tue Mar 31 14:51:54 IDT 2026, 522 W
Tue Mar 31 14:51:54 IDT 2026, 524 W
Tue Mar 31 14:51:54 IDT 2026, 520 W
Tue Mar 31 14:51:54 IDT 2026, 524 W
Tue Mar 31 14:51:54 IDT 2026, 524 W
Tue Mar 31 14:51:54 IDT 2026, 520 W
Tue Mar 31 14:51:55 IDT 2026, 506 W
Tue Mar 31 14:51:55 IDT 2026, 515 W
Tue Mar 31 14:51:55 IDT 2026, 507 W
Tue Mar 31 14:51:55 IDT 2026, 511 W
Tue Mar 31 14:51:55 IDT 2026, 507 W
Tue Mar 31 14:51:55 IDT 2026, 514 W
Tue Mar 31 14:51:55 IDT 2026, 509 W
Tue Mar 31 14:51:55 IDT 2026, 507 W
Tue Mar 31 14:51:56 IDT 2026, 503 W
Tue Mar 31 14:51:56 IDT 2026, 514 W
Tue Mar 31 14:51:56 IDT 2026, 501 W
Tue Mar 31 14:51:56 IDT 2026, 505 W
Tue Mar 31 14:51:56 IDT 2026, 505 W
Tue Mar 31 14:51:56 IDT 2026, 508 W
Tue Mar 31 14:51:56 IDT 2026, 509 W
Tue Mar 31 14:51:56 IDT 2026, 504 W
Tue Mar 31 14:51:57 IDT 2026, 508 W
Tue Mar 31 14:51:57 IDT 2026, 515 W
Tue Mar 31 14:51:57 IDT 2026, 507 W
Tue Mar 31 14:51:57 IDT 2026, 510 W
Tue Mar 31 14:51:57 IDT 2026, 507 W
Tue Mar 31 14:51:57 IDT 2026, 513 W
Tue Mar 31 14:51:57 IDT 2026, 510 W
Tue Mar 31 14:51:57 IDT 2026, 507 W
Tue Mar 31 14:51:58 IDT 2026, 501 W
Tue Mar 31 14:51:58 IDT 2026, 510 W
Tue Mar 31 14:51:58 IDT 2026, 503 W
Tue Mar 31 14:51:58 IDT 2026, 505 W
Tue Mar 31 14:51:58 IDT 2026, 502 W
Tue Mar 31 14:51:58 IDT 2026, 508 W
Tue Mar 31 14:51:58 IDT 2026, 508 W
Tue Mar 31 14:51:58 IDT 2026, 501 W
Tue Mar 31 14:51:59 IDT 2026, 231 W
Tue Mar 31 14:51:59 IDT 2026, 238 W
Tue Mar 31 14:51:59 IDT 2026, 232 W
Tue Mar 31 14:51:59 IDT 2026, 231 W
Tue Mar 31 14:51:59 IDT 2026, 233 W
Tue Mar 31 14:51:59 IDT 2026, 236 W
Tue Mar 31 14:51:59 IDT 2026, 234 W
Tue Mar 31 14:51:59 IDT 2026, 232 W
Tue Mar 31 14:52:00 IDT 2026, 526 W
Tue Mar 31 14:52:00 IDT 2026, 534 W
Tue Mar 31 14:52:00 IDT 2026, 526 W
Tue Mar 31 14:52:00 IDT 2026, 534 W
Tue Mar 31 14:52:00 IDT 2026, 527 W
Tue Mar 31 14:52:00 IDT 2026, 535 W
Tue Mar 31 14:52:00 IDT 2026, 532 W
Tue Mar 31 14:52:00 IDT 2026, 528 W
Tue Mar 31 14:52:01 IDT 2026, 528 W
Tue Mar 31 14:52:01 IDT 2026, 534 W
Tue Mar 31 14:52:01 IDT 2026, 526 W
Tue Mar 31 14:52:01 IDT 2026, 532 W
Tue Mar 31 14:52:01 IDT 2026, 528 W
Tue Mar 31 14:52:01 IDT 2026, 533 W
Tue Mar 31 14:52:01 IDT 2026, 533 W
Tue Mar 31 14:52:01 IDT 2026, 525 W
Tue Mar 31 14:52:02 IDT 2026, 529 W
Tue Mar 31 14:52:02 IDT 2026, 535 W
Tue Mar 31 14:52:02 IDT 2026, 527 W
Tue Mar 31 14:52:02 IDT 2026, 529 W
Tue Mar 31 14:52:02 IDT 2026, 530 W
Tue Mar 31 14:52:02 IDT 2026, 534 W
Tue Mar 31 14:52:02 IDT 2026, 527 W
Tue Mar 31 14:52:02 IDT 2026, 530 W
Tue Mar 31 14:52:03 IDT 2026, 527 W
Tue Mar 31 14:52:03 IDT 2026, 535 W
Tue Mar 31 14:52:03 IDT 2026, 528 W
Tue Mar 31 14:52:03 IDT 2026, 530 W
Tue Mar 31 14:52:03 IDT 2026, 527 W
Tue Mar 31 14:52:03 IDT 2026, 532 W
Tue Mar 31 14:52:03 IDT 2026, 526 W
Tue Mar 31 14:52:03 IDT 2026, 529 W
Tue Mar 31 14:52:04 IDT 2026, 526 W
Tue Mar 31 14:52:04 IDT 2026, 538 W
Tue Mar 31 14:52:04 IDT 2026, 527 W
Tue Mar 31 14:52:04 IDT 2026, 530 W
Tue Mar 31 14:52:04 IDT 2026, 530 W
Tue Mar 31 14:52:04 IDT 2026, 535 W
Tue Mar 31 14:52:04 IDT 2026, 532 W
Tue Mar 31 14:52:04 IDT 2026, 528 W
Tue Mar 31 14:52:05 IDT 2026, 529 W
Tue Mar 31 14:52:05 IDT 2026, 536 W
Tue Mar 31 14:52:05 IDT 2026, 528 W
Tue Mar 31 14:52:05 IDT 2026, 532 W
Tue Mar 31 14:52:05 IDT 2026, 526 W
Tue Mar 31 14:52:05 IDT 2026, 535 W
Tue Mar 31 14:52:05 IDT 2026, 530 W
Tue Mar 31 14:52:05 IDT 2026, 527 W
Tue Mar 31 14:52:06 IDT 2026, 530 W
Tue Mar 31 14:52:06 IDT 2026, 540 W
Tue Mar 31 14:52:06 IDT 2026, 529 W
Tue Mar 31 14:52:06 IDT 2026, 534 W
Tue Mar 31 14:52:06 IDT 2026, 531 W
Tue Mar 31 14:52:06 IDT 2026, 534 W
Tue Mar 31 14:52:06 IDT 2026, 535 W
Tue Mar 31 14:52:06 IDT 2026, 528 W
Tue Mar 31 14:52:07 IDT 2026, 526 W
Tue Mar 31 14:52:07 IDT 2026, 535 W
Tue Mar 31 14:52:07 IDT 2026, 522 W
Tue Mar 31 14:52:07 IDT 2026, 530 W
Tue Mar 31 14:52:07 IDT 2026, 527 W
Tue Mar 31 14:52:07 IDT 2026, 533 W
Tue Mar 31 14:52:07 IDT 2026, 530 W
Tue Mar 31 14:52:07 IDT 2026, 527 W
Tue Mar 31 14:52:08 IDT 2026, 520 W
Tue Mar 31 14:52:08 IDT 2026, 529 W
Tue Mar 31 14:52:08 IDT 2026, 518 W
Tue Mar 31 14:52:08 IDT 2026, 526 W
Tue Mar 31 14:52:08 IDT 2026, 518 W
Tue Mar 31 14:52:08 IDT 2026, 526 W
Tue Mar 31 14:52:08 IDT 2026, 525 W
Tue Mar 31 14:52:08 IDT 2026, 519 W
Tue Mar 31 14:52:09 IDT 2026, 523 W
Tue Mar 31 14:52:09 IDT 2026, 532 W
Tue Mar 31 14:52:09 IDT 2026, 519 W
Tue Mar 31 14:52:09 IDT 2026, 524 W
Tue Mar 31 14:52:09 IDT 2026, 522 W
Tue Mar 31 14:52:09 IDT 2026, 528 W
Tue Mar 31 14:52:09 IDT 2026, 528 W
Tue Mar 31 14:52:09 IDT 2026, 520 W
Tue Mar 31 14:52:10 IDT 2026, 519 W
Tue Mar 31 14:52:10 IDT 2026, 531 W
Tue Mar 31 14:52:10 IDT 2026, 521 W
Tue Mar 31 14:52:10 IDT 2026, 524 W
Tue Mar 31 14:52:10 IDT 2026, 522 W
Tue Mar 31 14:52:10 IDT 2026, 528 W
Tue Mar 31 14:52:10 IDT 2026, 528 W
Tue Mar 31 14:52:10 IDT 2026, 521 W
Tue Mar 31 14:52:11 IDT 2026, 513 W
Tue Mar 31 14:52:11 IDT 2026, 530 W
Tue Mar 31 14:52:11 IDT 2026, 519 W
Tue Mar 31 14:52:11 IDT 2026, 523 W
Tue Mar 31 14:52:11 IDT 2026, 520 W
Tue Mar 31 14:52:11 IDT 2026, 526 W
Tue Mar 31 14:52:11 IDT 2026, 518 W
Tue Mar 31 14:52:11 IDT 2026, 521 W
Tue Mar 31 14:52:12 IDT 2026, 506 W
Tue Mar 31 14:52:12 IDT 2026, 514 W
Tue Mar 31 14:52:12 IDT 2026, 506 W
Tue Mar 31 14:52:12 IDT 2026, 507 W
Tue Mar 31 14:52:12 IDT 2026, 506 W
Tue Mar 31 14:52:12 IDT 2026, 512 W
Tue Mar 31 14:52:12 IDT 2026, 508 W
Tue Mar 31 14:52:12 IDT 2026, 506 W
Tue Mar 31 14:52:13 IDT 2026, 502 W
Tue Mar 31 14:52:13 IDT 2026, 513 W
Tue Mar 31 14:52:13 IDT 2026, 504 W
Tue Mar 31 14:52:13 IDT 2026, 506 W
Tue Mar 31 14:52:13 IDT 2026, 504 W
Tue Mar 31 14:52:13 IDT 2026, 507 W
Tue Mar 31 14:52:13 IDT 2026, 505 W
Tue Mar 31 14:52:13 IDT 2026, 505 W
Tue Mar 31 14:52:14 IDT 2026, 509 W
Tue Mar 31 14:52:14 IDT 2026, 518 W
Tue Mar 31 14:52:14 IDT 2026, 508 W
Tue Mar 31 14:52:14 IDT 2026, 512 W
Tue Mar 31 14:52:14 IDT 2026, 509 W
Tue Mar 31 14:52:14 IDT 2026, 515 W
Tue Mar 31 14:52:14 IDT 2026, 513 W
Tue Mar 31 14:52:14 IDT 2026, 510 W
Tue Mar 31 14:52:15 IDT 2026, 508 W
Tue Mar 31 14:52:15 IDT 2026, 516 W
Tue Mar 31 14:52:15 IDT 2026, 509 W
Tue Mar 31 14:52:15 IDT 2026, 510 W
Tue Mar 31 14:52:15 IDT 2026, 509 W
Tue Mar 31 14:52:15 IDT 2026, 514 W
Tue Mar 31 14:52:15 IDT 2026, 510 W
Tue Mar 31 14:52:15 IDT 2026, 508 W
Tue Mar 31 14:52:16 IDT 2026, 504 W
Tue Mar 31 14:52:16 IDT 2026, 513 W
Tue Mar 31 14:52:16 IDT 2026, 506 W
Tue Mar 31 14:52:16 IDT 2026, 507 W
Tue Mar 31 14:52:16 IDT 2026, 504 W
Tue Mar 31 14:52:16 IDT 2026, 512 W
Tue Mar 31 14:52:16 IDT 2026, 509 W
Tue Mar 31 14:52:16 IDT 2026, 506 W
Tue Mar 31 14:52:17 IDT 2026, 504 W
Tue Mar 31 14:52:17 IDT 2026, 509 W
Tue Mar 31 14:52:17 IDT 2026, 502 W
Tue Mar 31 14:52:17 IDT 2026, 504 W
Tue Mar 31 14:52:17 IDT 2026, 502 W
Tue Mar 31 14:52:17 IDT 2026, 509 W
Tue Mar 31 14:52:17 IDT 2026, 507 W
Tue Mar 31 14:52:17 IDT 2026, 501 W
Tue Mar 31 14:52:18 IDT 2026, 508 W
Tue Mar 31 14:52:18 IDT 2026, 517 W
Tue Mar 31 14:52:18 IDT 2026, 509 W
Tue Mar 31 14:52:18 IDT 2026, 512 W
Tue Mar 31 14:52:18 IDT 2026, 508 W
Tue Mar 31 14:52:18 IDT 2026, 514 W
Tue Mar 31 14:52:18 IDT 2026, 509 W
Tue Mar 31 14:52:18 IDT 2026, 508 W
Tue Mar 31 14:52:19 IDT 2026, 504 W
Tue Mar 31 14:52:19 IDT 2026, 516 W
Tue Mar 31 14:52:19 IDT 2026, 506 W
Tue Mar 31 14:52:19 IDT 2026, 507 W
Tue Mar 31 14:52:19 IDT 2026, 505 W
Tue Mar 31 14:52:19 IDT 2026, 511 W
Tue Mar 31 14:52:19 IDT 2026, 510 W
Tue Mar 31 14:52:19 IDT 2026, 506 W
Tue Mar 31 14:52:20 IDT 2026, 252 W
Tue Mar 31 14:52:20 IDT 2026, 242 W
Tue Mar 31 14:52:20 IDT 2026, 234 W
Tue Mar 31 14:52:20 IDT 2026, 235 W
Tue Mar 31 14:52:20 IDT 2026, 236 W
Tue Mar 31 14:52:20 IDT 2026, 240 W
Tue Mar 31 14:52:20 IDT 2026, 240 W
Tue Mar 31 14:52:20 IDT 2026, 235 W
Tue Mar 31 14:52:21 IDT 2026, 514 W
Tue Mar 31 14:52:21 IDT 2026, 538 W
Tue Mar 31 14:52:21 IDT 2026, 520 W
Tue Mar 31 14:52:21 IDT 2026, 520 W
Tue Mar 31 14:52:21 IDT 2026, 529 W
Tue Mar 31 14:52:21 IDT 2026, 526 W
Tue Mar 31 14:52:21 IDT 2026, 503 W
Tue Mar 31 14:52:21 IDT 2026, 523 W
Tue Mar 31 14:52:22 IDT 2026, 527 W
Tue Mar 31 14:52:22 IDT 2026, 537 W
Tue Mar 31 14:52:22 IDT 2026, 528 W
Tue Mar 31 14:52:22 IDT 2026, 532 W
Tue Mar 31 14:52:22 IDT 2026, 530 W
Tue Mar 31 14:52:22 IDT 2026, 535 W
Tue Mar 31 14:52:22 IDT 2026, 531 W
Tue Mar 31 14:52:22 IDT 2026, 527 W
Tue Mar 31 14:52:23 IDT 2026, 527 W
Tue Mar 31 14:52:23 IDT 2026, 539 W
Tue Mar 31 14:52:23 IDT 2026, 528 W
Tue Mar 31 14:52:23 IDT 2026, 533 W
Tue Mar 31 14:52:23 IDT 2026, 531 W
Tue Mar 31 14:52:23 IDT 2026, 535 W
Tue Mar 31 14:52:23 IDT 2026, 532 W
Tue Mar 31 14:52:23 IDT 2026, 528 W
Tue Mar 31 14:52:24 IDT 2026, 528 W
Tue Mar 31 14:52:24 IDT 2026, 539 W
Tue Mar 31 14:52:24 IDT 2026, 528 W
Tue Mar 31 14:52:24 IDT 2026, 531 W
Tue Mar 31 14:52:24 IDT 2026, 530 W
Tue Mar 31 14:52:24 IDT 2026, 535 W
Tue Mar 31 14:52:24 IDT 2026, 533 W
Tue Mar 31 14:52:24 IDT 2026, 529 W
Tue Mar 31 14:52:25 IDT 2026, 530 W
Tue Mar 31 14:52:25 IDT 2026, 541 W
Tue Mar 31 14:52:25 IDT 2026, 528 W
Tue Mar 31 14:52:25 IDT 2026, 535 W
Tue Mar 31 14:52:25 IDT 2026, 530 W
Tue Mar 31 14:52:25 IDT 2026, 539 W
Tue Mar 31 14:52:25 IDT 2026, 535 W
Tue Mar 31 14:52:25 IDT 2026, 529 W
Tue Mar 31 14:52:26 IDT 2026, 528 W
Tue Mar 31 14:52:26 IDT 2026, 539 W
Tue Mar 31 14:52:26 IDT 2026, 529 W
Tue Mar 31 14:52:26 IDT 2026, 533 W
Tue Mar 31 14:52:26 IDT 2026, 531 W
Tue Mar 31 14:52:26 IDT 2026, 534 W
Tue Mar 31 14:52:26 IDT 2026, 535 W
Tue Mar 31 14:52:26 IDT 2026, 530 W
Tue Mar 31 14:52:27 IDT 2026, 526 W
Tue Mar 31 14:52:27 IDT 2026, 531 W
Tue Mar 31 14:52:27 IDT 2026, 521 W
Tue Mar 31 14:52:27 IDT 2026, 526 W
Tue Mar 31 14:52:27 IDT 2026, 525 W
Tue Mar 31 14:52:27 IDT 2026, 529 W
Tue Mar 31 14:52:27 IDT 2026, 527 W
Tue Mar 31 14:52:27 IDT 2026, 522 W
Tue Mar 31 14:52:28 IDT 2026, 527 W
Tue Mar 31 14:52:28 IDT 2026, 535 W
Tue Mar 31 14:52:28 IDT 2026, 526 W
Tue Mar 31 14:52:28 IDT 2026, 527 W
Tue Mar 31 14:52:28 IDT 2026, 527 W
Tue Mar 31 14:52:28 IDT 2026, 532 W
Tue Mar 31 14:52:28 IDT 2026, 531 W
Tue Mar 31 14:52:28 IDT 2026, 526 W
Tue Mar 31 14:52:29 IDT 2026, 526 W
Tue Mar 31 14:52:29 IDT 2026, 536 W
Tue Mar 31 14:52:29 IDT 2026, 526 W
Tue Mar 31 14:52:29 IDT 2026, 528 W
Tue Mar 31 14:52:29 IDT 2026, 527 W
Tue Mar 31 14:52:29 IDT 2026, 532 W
Tue Mar 31 14:52:29 IDT 2026, 531 W
Tue Mar 31 14:52:29 IDT 2026, 528 W
Tue Mar 31 14:52:30 IDT 2026, 519 W
Tue Mar 31 14:52:30 IDT 2026, 528 W
Tue Mar 31 14:52:30 IDT 2026, 518 W
Tue Mar 31 14:52:30 IDT 2026, 524 W
Tue Mar 31 14:52:30 IDT 2026, 520 W
Tue Mar 31 14:52:30 IDT 2026, 525 W
Tue Mar 31 14:52:30 IDT 2026, 524 W
Tue Mar 31 14:52:30 IDT 2026, 517 W
Tue Mar 31 14:52:31 IDT 2026, 520 W
Tue Mar 31 14:52:31 IDT 2026, 524 W
Tue Mar 31 14:52:31 IDT 2026, 522 W
Tue Mar 31 14:52:31 IDT 2026, 524 W
Tue Mar 31 14:52:31 IDT 2026, 520 W
Tue Mar 31 14:52:31 IDT 2026, 527 W
Tue Mar 31 14:52:31 IDT 2026, 528 W
Tue Mar 31 14:52:31 IDT 2026, 520 W
Tue Mar 31 14:52:32 IDT 2026, 523 W
Tue Mar 31 14:52:32 IDT 2026, 532 W
Tue Mar 31 14:52:32 IDT 2026, 525 W
Tue Mar 31 14:52:32 IDT 2026, 526 W
Tue Mar 31 14:52:32 IDT 2026, 524 W
Tue Mar 31 14:52:32 IDT 2026, 531 W
Tue Mar 31 14:52:32 IDT 2026, 526 W
Tue Mar 31 14:52:32 IDT 2026, 520 W
Tue Mar 31 14:52:33 IDT 2026, 522 W
Tue Mar 31 14:52:33 IDT 2026, 531 W
Tue Mar 31 14:52:33 IDT 2026, 520 W
Tue Mar 31 14:52:33 IDT 2026, 525 W
Tue Mar 31 14:52:33 IDT 2026, 522 W
Tue Mar 31 14:52:33 IDT 2026, 530 W
Tue Mar 31 14:52:33 IDT 2026, 523 W
Tue Mar 31 14:52:33 IDT 2026, 524 W
Tue Mar 31 14:52:34 IDT 2026, 521 W
Tue Mar 31 14:52:34 IDT 2026, 529 W
Tue Mar 31 14:52:34 IDT 2026, 518 W
Tue Mar 31 14:52:34 IDT 2026, 522 W
Tue Mar 31 14:52:34 IDT 2026, 517 W
Tue Mar 31 14:52:34 IDT 2026, 528 W
Tue Mar 31 14:52:34 IDT 2026, 523 W
Tue Mar 31 14:52:34 IDT 2026, 519 W
Tue Mar 31 14:52:35 IDT 2026, 517 W
Tue Mar 31 14:52:35 IDT 2026, 529 W
Tue Mar 31 14:52:35 IDT 2026, 516 W
Tue Mar 31 14:52:35 IDT 2026, 521 W
Tue Mar 31 14:52:35 IDT 2026, 520 W
Tue Mar 31 14:52:35 IDT 2026, 522 W
Tue Mar 31 14:52:35 IDT 2026, 520 W
Tue Mar 31 14:52:35 IDT 2026, 516 W
Tue Mar 31 14:52:36 IDT 2026, 523 W
Tue Mar 31 14:52:36 IDT 2026, 529 W
Tue Mar 31 14:52:36 IDT 2026, 516 W
Tue Mar 31 14:52:36 IDT 2026, 524 W
Tue Mar 31 14:52:36 IDT 2026, 519 W
Tue Mar 31 14:52:36 IDT 2026, 527 W
Tue Mar 31 14:52:36 IDT 2026, 526 W
Tue Mar 31 14:52:36 IDT 2026, 521 W
Tue Mar 31 14:52:37 IDT 2026, 518 W
Tue Mar 31 14:52:37 IDT 2026, 532 W
Tue Mar 31 14:52:37 IDT 2026, 520 W
Tue Mar 31 14:52:37 IDT 2026, 525 W
Tue Mar 31 14:52:37 IDT 2026, 523 W
Tue Mar 31 14:52:37 IDT 2026, 524 W
Tue Mar 31 14:52:37 IDT 2026, 526 W
Tue Mar 31 14:52:37 IDT 2026, 524 W
Tue Mar 31 14:52:38 IDT 2026, 496 W
Tue Mar 31 14:52:38 IDT 2026, 500 W
Tue Mar 31 14:52:38 IDT 2026, 488 W
Tue Mar 31 14:52:38 IDT 2026, 495 W
Tue Mar 31 14:52:38 IDT 2026, 494 W
Tue Mar 31 14:52:38 IDT 2026, 497 W
Tue Mar 31 14:52:38 IDT 2026, 496 W
Tue Mar 31 14:52:38 IDT 2026, 492 W
Tue Mar 31 14:52:39 IDT 2026, 515 W
Tue Mar 31 14:52:39 IDT 2026, 527 W
Tue Mar 31 14:52:39 IDT 2026, 514 W
Tue Mar 31 14:52:39 IDT 2026, 518 W
Tue Mar 31 14:52:39 IDT 2026, 518 W
Tue Mar 31 14:52:39 IDT 2026, 520 W
Tue Mar 31 14:52:39 IDT 2026, 520 W
Tue Mar 31 14:52:39 IDT 2026, 516 W
Tue Mar 31 14:52:40 IDT 2026, 522 W
Tue Mar 31 14:52:40 IDT 2026, 531 W
Tue Mar 31 14:52:40 IDT 2026, 520 W
Tue Mar 31 14:52:40 IDT 2026, 523 W
Tue Mar 31 14:52:40 IDT 2026, 521 W
Tue Mar 31 14:52:40 IDT 2026, 528 W
Tue Mar 31 14:52:40 IDT 2026, 524 W
Tue Mar 31 14:52:40 IDT 2026, 519 W
Tue Mar 31 14:52:41 IDT 2026, 519 W
Tue Mar 31 14:52:41 IDT 2026, 529 W
Tue Mar 31 14:52:41 IDT 2026, 520 W
Tue Mar 31 14:52:41 IDT 2026, 522 W
Tue Mar 31 14:52:41 IDT 2026, 522 W
Tue Mar 31 14:52:41 IDT 2026, 529 W
Tue Mar 31 14:52:41 IDT 2026, 524 W
Tue Mar 31 14:52:41 IDT 2026, 520 W
Tue Mar 31 14:52:42 IDT 2026, 256 W
Tue Mar 31 14:52:42 IDT 2026, 304 W
Tue Mar 31 14:52:42 IDT 2026, 349 W
Tue Mar 31 14:52:42 IDT 2026, 350 W
Tue Mar 31 14:52:42 IDT 2026, 313 W
Tue Mar 31 14:52:42 IDT 2026, 363 W
Tue Mar 31 14:52:42 IDT 2026, 268 W
Tue Mar 31 14:52:42 IDT 2026, 314 W
Tue Mar 31 14:52:43 IDT 2026, 530 W
Tue Mar 31 14:52:43 IDT 2026, 538 W
Tue Mar 31 14:52:43 IDT 2026, 529 W
Tue Mar 31 14:52:43 IDT 2026, 532 W
Tue Mar 31 14:52:43 IDT 2026, 529 W
Tue Mar 31 14:52:43 IDT 2026, 537 W
Tue Mar 31 14:52:43 IDT 2026, 534 W
Tue Mar 31 14:52:43 IDT 2026, 528 W
Tue Mar 31 14:52:44 IDT 2026, 528 W
Tue Mar 31 14:52:44 IDT 2026, 534 W
Tue Mar 31 14:52:44 IDT 2026, 528 W
Tue Mar 31 14:52:44 IDT 2026, 531 W
Tue Mar 31 14:52:44 IDT 2026, 531 W
Tue Mar 31 14:52:44 IDT 2026, 538 W
Tue Mar 31 14:52:44 IDT 2026, 534 W
Tue Mar 31 14:52:44 IDT 2026, 529 W
Tue Mar 31 14:52:45 IDT 2026, 526 W
Tue Mar 31 14:52:45 IDT 2026, 536 W
Tue Mar 31 14:52:45 IDT 2026, 528 W
Tue Mar 31 14:52:45 IDT 2026, 532 W
Tue Mar 31 14:52:45 IDT 2026, 529 W
Tue Mar 31 14:52:45 IDT 2026, 533 W
Tue Mar 31 14:52:45 IDT 2026, 532 W
Tue Mar 31 14:52:45 IDT 2026, 528 W
Tue Mar 31 14:52:46 IDT 2026, 524 W
Tue Mar 31 14:52:46 IDT 2026, 531 W
Tue Mar 31 14:52:46 IDT 2026, 525 W
Tue Mar 31 14:52:46 IDT 2026, 530 W
Tue Mar 31 14:52:46 IDT 2026, 524 W
Tue Mar 31 14:52:46 IDT 2026, 533 W
Tue Mar 31 14:52:46 IDT 2026, 530 W
Tue Mar 31 14:52:46 IDT 2026, 526 W
Tue Mar 31 14:52:47 IDT 2026, 520 W
Tue Mar 31 14:52:47 IDT 2026, 534 W
Tue Mar 31 14:52:47 IDT 2026, 521 W
Tue Mar 31 14:52:47 IDT 2026, 524 W
Tue Mar 31 14:52:47 IDT 2026, 522 W
Tue Mar 31 14:52:47 IDT 2026, 527 W
Tue Mar 31 14:52:47 IDT 2026, 526 W
Tue Mar 31 14:52:47 IDT 2026, 518 W
Tue Mar 31 14:52:48 IDT 2026, 524 W
Tue Mar 31 14:52:48 IDT 2026, 527 W
Tue Mar 31 14:52:48 IDT 2026, 518 W
Tue Mar 31 14:52:48 IDT 2026, 523 W
Tue Mar 31 14:52:48 IDT 2026, 520 W
Tue Mar 31 14:52:48 IDT 2026, 528 W
Tue Mar 31 14:52:48 IDT 2026, 527 W
Tue Mar 31 14:52:48 IDT 2026, 520 W
Tue Mar 31 14:52:49 IDT 2026, 518 W
Tue Mar 31 14:52:49 IDT 2026, 532 W
Tue Mar 31 14:52:49 IDT 2026, 521 W
Tue Mar 31 14:52:49 IDT 2026, 525 W
Tue Mar 31 14:52:49 IDT 2026, 520 W
Tue Mar 31 14:52:49 IDT 2026, 527 W
Tue Mar 31 14:52:49 IDT 2026, 522 W
Tue Mar 31 14:52:49 IDT 2026, 523 W
Tue Mar 31 14:52:50 IDT 2026, 506 W
Tue Mar 31 14:52:50 IDT 2026, 515 W
Tue Mar 31 14:52:50 IDT 2026, 507 W
Tue Mar 31 14:52:50 IDT 2026, 510 W
Tue Mar 31 14:52:50 IDT 2026, 509 W
Tue Mar 31 14:52:50 IDT 2026, 512 W
Tue Mar 31 14:52:50 IDT 2026, 509 W
Tue Mar 31 14:52:50 IDT 2026, 509 W
Tue Mar 31 14:52:51 IDT 2026, 509 W
Tue Mar 31 14:52:51 IDT 2026, 517 W
Tue Mar 31 14:52:51 IDT 2026, 505 W
Tue Mar 31 14:52:51 IDT 2026, 509 W
Tue Mar 31 14:52:51 IDT 2026, 508 W
Tue Mar 31 14:52:51 IDT 2026, 514 W
Tue Mar 31 14:52:51 IDT 2026, 511 W
Tue Mar 31 14:52:51 IDT 2026, 504 W
Tue Mar 31 14:52:52 IDT 2026, 498 W
Tue Mar 31 14:52:52 IDT 2026, 500 W
Tue Mar 31 14:52:52 IDT 2026, 501 W
Tue Mar 31 14:52:52 IDT 2026, 502 W
Tue Mar 31 14:52:52 IDT 2026, 503 W
Tue Mar 31 14:52:52 IDT 2026, 507 W
Tue Mar 31 14:52:52 IDT 2026, 496 W
Tue Mar 31 14:52:52 IDT 2026, 505 W
Tue Mar 31 14:52:53 IDT 2026, 505 W
Tue Mar 31 14:52:53 IDT 2026, 516 W
Tue Mar 31 14:52:53 IDT 2026, 504 W
Tue Mar 31 14:52:53 IDT 2026, 507 W
Tue Mar 31 14:52:53 IDT 2026, 506 W
Tue Mar 31 14:52:53 IDT 2026, 510 W
Tue Mar 31 14:52:53 IDT 2026, 510 W
Tue Mar 31 14:52:53 IDT 2026, 504 W
Tue Mar 31 14:52:54 IDT 2026, 507 W
Tue Mar 31 14:52:54 IDT 2026, 516 W
Tue Mar 31 14:52:54 IDT 2026, 505 W
Tue Mar 31 14:52:54 IDT 2026, 508 W
Tue Mar 31 14:52:54 IDT 2026, 507 W
Tue Mar 31 14:52:54 IDT 2026, 515 W
Tue Mar 31 14:52:54 IDT 2026, 511 W
Tue Mar 31 14:52:54 IDT 2026, 506 W
Tue Mar 31 14:52:55 IDT 2026, 508 W
Tue Mar 31 14:52:55 IDT 2026, 515 W
Tue Mar 31 14:52:55 IDT 2026, 506 W
Tue Mar 31 14:52:55 IDT 2026, 510 W
Tue Mar 31 14:52:55 IDT 2026, 506 W
Tue Mar 31 14:52:55 IDT 2026, 512 W
Tue Mar 31 14:52:55 IDT 2026, 513 W
Tue Mar 31 14:52:55 IDT 2026, 507 W
Tue Mar 31 14:52:56 IDT 2026, 507 W
Tue Mar 31 14:52:56 IDT 2026, 516 W
Tue Mar 31 14:52:56 IDT 2026, 508 W
Tue Mar 31 14:52:56 IDT 2026, 512 W
Tue Mar 31 14:52:56 IDT 2026, 507 W
Tue Mar 31 14:52:56 IDT 2026, 513 W
Tue Mar 31 14:52:56 IDT 2026, 512 W
Tue Mar 31 14:52:56 IDT 2026, 506 W
Tue Mar 31 14:52:57 IDT 2026, 505 W
Tue Mar 31 14:52:57 IDT 2026, 517 W
Tue Mar 31 14:52:57 IDT 2026, 506 W
Tue Mar 31 14:52:57 IDT 2026, 509 W
Tue Mar 31 14:52:57 IDT 2026, 506 W
Tue Mar 31 14:52:57 IDT 2026, 511 W
Tue Mar 31 14:52:57 IDT 2026, 509 W
Tue Mar 31 14:52:57 IDT 2026, 504 W
Tue Mar 31 14:52:58 IDT 2026, 505 W
Tue Mar 31 14:52:58 IDT 2026, 512 W
Tue Mar 31 14:52:58 IDT 2026, 504 W
Tue Mar 31 14:52:58 IDT 2026, 510 W
Tue Mar 31 14:52:58 IDT 2026, 507 W
Tue Mar 31 14:52:58 IDT 2026, 511 W
Tue Mar 31 14:52:58 IDT 2026, 509 W
Tue Mar 31 14:52:58 IDT 2026, 509 W
Tue Mar 31 14:52:59 IDT 2026, 470 W
Tue Mar 31 14:52:59 IDT 2026, 482 W
Tue Mar 31 14:52:59 IDT 2026, 475 W
Tue Mar 31 14:52:59 IDT 2026, 478 W
Tue Mar 31 14:52:59 IDT 2026, 476 W
Tue Mar 31 14:52:59 IDT 2026, 481 W
Tue Mar 31 14:52:59 IDT 2026, 477 W
Tue Mar 31 14:52:59 IDT 2026, 474 W
Tue Mar 31 14:53:00 IDT 2026, 464 W
Tue Mar 31 14:53:00 IDT 2026, 474 W
Tue Mar 31 14:53:00 IDT 2026, 466 W
Tue Mar 31 14:53:00 IDT 2026, 470 W
Tue Mar 31 14:53:00 IDT 2026, 467 W
Tue Mar 31 14:53:00 IDT 2026, 473 W
Tue Mar 31 14:53:00 IDT 2026, 457 W
Tue Mar 31 14:53:00 IDT 2026, 466 W
Tue Mar 31 14:53:01 IDT 2026, 471 W
Tue Mar 31 14:53:01 IDT 2026, 483 W
Tue Mar 31 14:53:01 IDT 2026, 470 W
Tue Mar 31 14:53:01 IDT 2026, 473 W
Tue Mar 31 14:53:01 IDT 2026, 473 W
Tue Mar 31 14:53:01 IDT 2026, 476 W
Tue Mar 31 14:53:01 IDT 2026, 480 W
Tue Mar 31 14:53:01 IDT 2026, 474 W
Tue Mar 31 14:53:02 IDT 2026, 431 W
Tue Mar 31 14:53:02 IDT 2026, 378 W
Tue Mar 31 14:53:02 IDT 2026, 417 W
Tue Mar 31 14:53:02 IDT 2026, 419 W
Tue Mar 31 14:53:02 IDT 2026, 404 W
Tue Mar 31 14:53:02 IDT 2026, 431 W
Tue Mar 31 14:53:02 IDT 2026, 437 W
Tue Mar 31 14:53:02 IDT 2026, 404 W
Tue Mar 31 14:53:03 IDT 2026, 531 W
Tue Mar 31 14:53:03 IDT 2026, 538 W
Tue Mar 31 14:53:03 IDT 2026, 529 W
Tue Mar 31 14:53:03 IDT 2026, 534 W
Tue Mar 31 14:53:03 IDT 2026, 529 W
Tue Mar 31 14:53:03 IDT 2026, 537 W
Tue Mar 31 14:53:03 IDT 2026, 537 W
Tue Mar 31 14:53:03 IDT 2026, 531 W
Tue Mar 31 14:53:04 IDT 2026, 527 W
Tue Mar 31 14:53:04 IDT 2026, 539 W
Tue Mar 31 14:53:04 IDT 2026, 529 W
Tue Mar 31 14:53:04 IDT 2026, 532 W
Tue Mar 31 14:53:04 IDT 2026, 530 W
Tue Mar 31 14:53:04 IDT 2026, 535 W
Tue Mar 31 14:53:04 IDT 2026, 532 W
Tue Mar 31 14:53:04 IDT 2026, 530 W
Tue Mar 31 14:53:05 IDT 2026, 528 W
Tue Mar 31 14:53:05 IDT 2026, 540 W
Tue Mar 31 14:53:05 IDT 2026, 526 W
Tue Mar 31 14:53:05 IDT 2026, 531 W
Tue Mar 31 14:53:05 IDT 2026, 529 W
Tue Mar 31 14:53:05 IDT 2026, 533 W
Tue Mar 31 14:53:05 IDT 2026, 533 W
Tue Mar 31 14:53:05 IDT 2026, 526 W
Tue Mar 31 14:53:06 IDT 2026, 529 W
Tue Mar 31 14:53:06 IDT 2026, 538 W
Tue Mar 31 14:53:06 IDT 2026, 529 W
Tue Mar 31 14:53:06 IDT 2026, 534 W
Tue Mar 31 14:53:06 IDT 2026, 528 W
Tue Mar 31 14:53:06 IDT 2026, 534 W
Tue Mar 31 14:53:06 IDT 2026, 533 W
Tue Mar 31 14:53:06 IDT 2026, 527 W
Tue Mar 31 14:53:07 IDT 2026, 528 W
Tue Mar 31 14:53:07 IDT 2026, 536 W
Tue Mar 31 14:53:07 IDT 2026, 525 W
Tue Mar 31 14:53:07 IDT 2026, 529 W
Tue Mar 31 14:53:07 IDT 2026, 526 W
Tue Mar 31 14:53:07 IDT 2026, 534 W
Tue Mar 31 14:53:07 IDT 2026, 527 W
Tue Mar 31 14:53:07 IDT 2026, 529 W
Tue Mar 31 14:53:08 IDT 2026, 527 W
Tue Mar 31 14:53:08 IDT 2026, 536 W
Tue Mar 31 14:53:08 IDT 2026, 528 W
Tue Mar 31 14:53:08 IDT 2026, 530 W
Tue Mar 31 14:53:08 IDT 2026, 525 W
Tue Mar 31 14:53:08 IDT 2026, 534 W
Tue Mar 31 14:53:08 IDT 2026, 533 W
Tue Mar 31 14:53:08 IDT 2026, 524 W
Tue Mar 31 14:53:09 IDT 2026, 527 W
Tue Mar 31 14:53:09 IDT 2026, 536 W
Tue Mar 31 14:53:09 IDT 2026, 525 W
Tue Mar 31 14:53:09 IDT 2026, 530 W
Tue Mar 31 14:53:09 IDT 2026, 525 W
Tue Mar 31 14:53:09 IDT 2026, 534 W
Tue Mar 31 14:53:09 IDT 2026, 535 W
Tue Mar 31 14:53:09 IDT 2026, 526 W
Tue Mar 31 14:53:10 IDT 2026, 526 W
Tue Mar 31 14:53:10 IDT 2026, 532 W
Tue Mar 31 14:53:10 IDT 2026, 526 W
Tue Mar 31 14:53:10 IDT 2026, 527 W
Tue Mar 31 14:53:10 IDT 2026, 524 W
Tue Mar 31 14:53:10 IDT 2026, 531 W
Tue Mar 31 14:53:10 IDT 2026, 527 W
Tue Mar 31 14:53:10 IDT 2026, 524 W
Tue Mar 31 14:53:11 IDT 2026, 524 W
Tue Mar 31 14:53:11 IDT 2026, 532 W
Tue Mar 31 14:53:11 IDT 2026, 524 W
Tue Mar 31 14:53:11 IDT 2026, 528 W
Tue Mar 31 14:53:11 IDT 2026, 529 W
Tue Mar 31 14:53:11 IDT 2026, 530 W
Tue Mar 31 14:53:11 IDT 2026, 528 W
Tue Mar 31 14:53:11 IDT 2026, 527 W
Tue Mar 31 14:53:12 IDT 2026, 505 W
Tue Mar 31 14:53:12 IDT 2026, 511 W
Tue Mar 31 14:53:12 IDT 2026, 505 W
Tue Mar 31 14:53:12 IDT 2026, 507 W
Tue Mar 31 14:53:12 IDT 2026, 504 W
Tue Mar 31 14:53:12 IDT 2026, 511 W
Tue Mar 31 14:53:12 IDT 2026, 507 W
Tue Mar 31 14:53:12 IDT 2026, 504 W
Tue Mar 31 14:53:13 IDT 2026, 505 W
Tue Mar 31 14:53:13 IDT 2026, 515 W
Tue Mar 31 14:53:13 IDT 2026, 506 W
Tue Mar 31 14:53:13 IDT 2026, 508 W
Tue Mar 31 14:53:13 IDT 2026, 507 W
Tue Mar 31 14:53:13 IDT 2026, 512 W
Tue Mar 31 14:53:13 IDT 2026, 509 W
Tue Mar 31 14:53:13 IDT 2026, 507 W
Tue Mar 31 14:53:14 IDT 2026, 503 W
Tue Mar 31 14:53:14 IDT 2026, 512 W
Tue Mar 31 14:53:14 IDT 2026, 505 W
Tue Mar 31 14:53:14 IDT 2026, 507 W
Tue Mar 31 14:53:14 IDT 2026, 504 W
Tue Mar 31 14:53:14 IDT 2026, 510 W
Tue Mar 31 14:53:14 IDT 2026, 508 W
Tue Mar 31 14:53:14 IDT 2026, 504 W
Tue Mar 31 14:53:15 IDT 2026, 504 W
Tue Mar 31 14:53:15 IDT 2026, 514 W
Tue Mar 31 14:53:15 IDT 2026, 505 W
Tue Mar 31 14:53:15 IDT 2026, 509 W
Tue Mar 31 14:53:15 IDT 2026, 505 W
Tue Mar 31 14:53:15 IDT 2026, 512 W
Tue Mar 31 14:53:15 IDT 2026, 509 W
Tue Mar 31 14:53:15 IDT 2026, 505 W
Tue Mar 31 14:53:16 IDT 2026, 507 W
Tue Mar 31 14:53:16 IDT 2026, 517 W
Tue Mar 31 14:53:16 IDT 2026, 507 W
Tue Mar 31 14:53:16 IDT 2026, 509 W
Tue Mar 31 14:53:16 IDT 2026, 510 W
Tue Mar 31 14:53:16 IDT 2026, 510 W
Tue Mar 31 14:53:16 IDT 2026, 511 W
Tue Mar 31 14:53:16 IDT 2026, 506 W
Tue Mar 31 14:53:17 IDT 2026, 505 W
Tue Mar 31 14:53:17 IDT 2026, 515 W
Tue Mar 31 14:53:17 IDT 2026, 508 W
Tue Mar 31 14:53:17 IDT 2026, 510 W
Tue Mar 31 14:53:17 IDT 2026, 507 W
Tue Mar 31 14:53:17 IDT 2026, 516 W
Tue Mar 31 14:53:17 IDT 2026, 508 W
Tue Mar 31 14:53:17 IDT 2026, 509 W
Tue Mar 31 14:53:18 IDT 2026, 507 W
Tue Mar 31 14:53:18 IDT 2026, 516 W
Tue Mar 31 14:53:18 IDT 2026, 506 W
Tue Mar 31 14:53:18 IDT 2026, 511 W
Tue Mar 31 14:53:18 IDT 2026, 506 W
Tue Mar 31 14:53:18 IDT 2026, 511 W
Tue Mar 31 14:53:18 IDT 2026, 509 W
Tue Mar 31 14:53:18 IDT 2026, 508 W
Tue Mar 31 14:53:19 IDT 2026, 504 W
Tue Mar 31 14:53:19 IDT 2026, 518 W
Tue Mar 31 14:53:19 IDT 2026, 505 W
Tue Mar 31 14:53:19 IDT 2026, 510 W
Tue Mar 31 14:53:19 IDT 2026, 509 W
Tue Mar 31 14:53:19 IDT 2026, 510 W
Tue Mar 31 14:53:19 IDT 2026, 507 W
Tue Mar 31 14:53:19 IDT 2026, 508 W
Tue Mar 31 14:53:20 IDT 2026, 507 W
Tue Mar 31 14:53:20 IDT 2026, 514 W
Tue Mar 31 14:53:20 IDT 2026, 506 W
Tue Mar 31 14:53:20 IDT 2026, 510 W
Tue Mar 31 14:53:20 IDT 2026, 508 W
Tue Mar 31 14:53:20 IDT 2026, 514 W
Tue Mar 31 14:53:20 IDT 2026, 512 W
Tue Mar 31 14:53:20 IDT 2026, 505 W
Tue Mar 31 14:53:21 IDT 2026, 468 W
Tue Mar 31 14:53:21 IDT 2026, 482 W
Tue Mar 31 14:53:21 IDT 2026, 470 W
Tue Mar 31 14:53:21 IDT 2026, 473 W
Tue Mar 31 14:53:21 IDT 2026, 472 W
Tue Mar 31 14:53:21 IDT 2026, 475 W
Tue Mar 31 14:53:21 IDT 2026, 476 W
Tue Mar 31 14:53:21 IDT 2026, 472 W
Tue Mar 31 14:53:22 IDT 2026, 473 W
Tue Mar 31 14:53:22 IDT 2026, 477 W
Tue Mar 31 14:53:22 IDT 2026, 464 W
Tue Mar 31 14:53:22 IDT 2026, 469 W
Tue Mar 31 14:53:22 IDT 2026, 472 W
Tue Mar 31 14:53:22 IDT 2026, 473 W
Tue Mar 31 14:53:22 IDT 2026, 476 W
Tue Mar 31 14:53:22 IDT 2026, 470 W
Tue Mar 31 14:53:23 IDT 2026, 231 W
Tue Mar 31 14:53:23 IDT 2026, 238 W
Tue Mar 31 14:53:23 IDT 2026, 232 W
Tue Mar 31 14:53:23 IDT 2026, 232 W
Tue Mar 31 14:53:23 IDT 2026, 234 W
Tue Mar 31 14:53:23 IDT 2026, 237 W
Tue Mar 31 14:53:23 IDT 2026, 235 W
Tue Mar 31 14:53:23 IDT 2026, 233 W
Tue Mar 31 14:53:24 IDT 2026, 524 W
Tue Mar 31 14:53:24 IDT 2026, 538 W
Tue Mar 31 14:53:24 IDT 2026, 528 W
Tue Mar 31 14:53:24 IDT 2026, 531 W
Tue Mar 31 14:53:24 IDT 2026, 527 W
Tue Mar 31 14:53:24 IDT 2026, 532 W
Tue Mar 31 14:53:24 IDT 2026, 531 W
Tue Mar 31 14:53:24 IDT 2026, 528 W
Tue Mar 31 14:53:25 IDT 2026, 529 W
Tue Mar 31 14:53:25 IDT 2026, 537 W
Tue Mar 31 14:53:25 IDT 2026, 527 W
Tue Mar 31 14:53:25 IDT 2026, 532 W
Tue Mar 31 14:53:25 IDT 2026, 531 W
Tue Mar 31 14:53:25 IDT 2026, 536 W
Tue Mar 31 14:53:25 IDT 2026, 532 W
Tue Mar 31 14:53:25 IDT 2026, 529 W
Tue Mar 31 14:53:26 IDT 2026, 529 W
Tue Mar 31 14:53:26 IDT 2026, 535 W
Tue Mar 31 14:53:26 IDT 2026, 529 W
Tue Mar 31 14:53:26 IDT 2026, 532 W
Tue Mar 31 14:53:26 IDT 2026, 527 W
Tue Mar 31 14:53:26 IDT 2026, 536 W
Tue Mar 31 14:53:26 IDT 2026, 533 W
Tue Mar 31 14:53:26 IDT 2026, 525 W
Tue Mar 31 14:53:27 IDT 2026, 528 W
Tue Mar 31 14:53:27 IDT 2026, 541 W
Tue Mar 31 14:53:27 IDT 2026, 531 W
Tue Mar 31 14:53:27 IDT 2026, 532 W
Tue Mar 31 14:53:27 IDT 2026, 532 W
Tue Mar 31 14:53:27 IDT 2026, 538 W
Tue Mar 31 14:53:27 IDT 2026, 531 W
Tue Mar 31 14:53:27 IDT 2026, 531 W
Tue Mar 31 14:53:28 IDT 2026, 530 W
Tue Mar 31 14:53:28 IDT 2026, 537 W
Tue Mar 31 14:53:28 IDT 2026, 529 W
Tue Mar 31 14:53:28 IDT 2026, 535 W
Tue Mar 31 14:53:28 IDT 2026, 533 W
Tue Mar 31 14:53:28 IDT 2026, 536 W
Tue Mar 31 14:53:28 IDT 2026, 535 W
Tue Mar 31 14:53:28 IDT 2026, 530 W
Tue Mar 31 14:53:29 IDT 2026, 528 W
Tue Mar 31 14:53:29 IDT 2026, 537 W
Tue Mar 31 14:53:29 IDT 2026, 526 W
Tue Mar 31 14:53:29 IDT 2026, 533 W
Tue Mar 31 14:53:29 IDT 2026, 530 W
Tue Mar 31 14:53:29 IDT 2026, 537 W
Tue Mar 31 14:53:29 IDT 2026, 530 W
Tue Mar 31 14:53:29 IDT 2026, 528 W
Tue Mar 31 14:53:30 IDT 2026, 527 W
Tue Mar 31 14:53:30 IDT 2026, 537 W
Tue Mar 31 14:53:30 IDT 2026, 525 W
Tue Mar 31 14:53:30 IDT 2026, 529 W
Tue Mar 31 14:53:30 IDT 2026, 529 W
Tue Mar 31 14:53:30 IDT 2026, 533 W
Tue Mar 31 14:53:30 IDT 2026, 531 W
Tue Mar 31 14:53:30 IDT 2026, 529 W
Tue Mar 31 14:53:31 IDT 2026, 526 W
Tue Mar 31 14:53:31 IDT 2026, 538 W
Tue Mar 31 14:53:31 IDT 2026, 531 W
Tue Mar 31 14:53:31 IDT 2026, 534 W
Tue Mar 31 14:53:31 IDT 2026, 532 W
Tue Mar 31 14:53:31 IDT 2026, 537 W
Tue Mar 31 14:53:31 IDT 2026, 532 W
Tue Mar 31 14:53:31 IDT 2026, 531 W
Tue Mar 31 14:53:32 IDT 2026, 513 W
Tue Mar 31 14:53:32 IDT 2026, 531 W
Tue Mar 31 14:53:32 IDT 2026, 516 W
Tue Mar 31 14:53:32 IDT 2026, 520 W
Tue Mar 31 14:53:32 IDT 2026, 522 W
Tue Mar 31 14:53:32 IDT 2026, 520 W
Tue Mar 31 14:53:32 IDT 2026, 513 W
Tue Mar 31 14:53:32 IDT 2026, 521 W
Tue Mar 31 14:53:33 IDT 2026, 522 W
Tue Mar 31 14:53:33 IDT 2026, 532 W
Tue Mar 31 14:53:33 IDT 2026, 522 W
Tue Mar 31 14:53:33 IDT 2026, 528 W
Tue Mar 31 14:53:33 IDT 2026, 521 W
Tue Mar 31 14:53:33 IDT 2026, 529 W
Tue Mar 31 14:53:33 IDT 2026, 527 W
Tue Mar 31 14:53:33 IDT 2026, 520 W
Tue Mar 31 14:53:34 IDT 2026, 521 W
Tue Mar 31 14:53:34 IDT 2026, 533 W
Tue Mar 31 14:53:34 IDT 2026, 527 W
Tue Mar 31 14:53:34 IDT 2026, 530 W
Tue Mar 31 14:53:34 IDT 2026, 525 W
Tue Mar 31 14:53:34 IDT 2026, 530 W
Tue Mar 31 14:53:34 IDT 2026, 528 W
Tue Mar 31 14:53:34 IDT 2026, 521 W
Tue Mar 31 14:53:35 IDT 2026, 521 W
Tue Mar 31 14:53:35 IDT 2026, 531 W
Tue Mar 31 14:53:35 IDT 2026, 520 W
Tue Mar 31 14:53:35 IDT 2026, 524 W
Tue Mar 31 14:53:35 IDT 2026, 520 W
Tue Mar 31 14:53:35 IDT 2026, 526 W
Tue Mar 31 14:53:35 IDT 2026, 525 W
Tue Mar 31 14:53:35 IDT 2026, 523 W
Tue Mar 31 14:53:36 IDT 2026, 523 W
Tue Mar 31 14:53:36 IDT 2026, 530 W
Tue Mar 31 14:53:36 IDT 2026, 523 W
Tue Mar 31 14:53:36 IDT 2026, 527 W
Tue Mar 31 14:53:36 IDT 2026, 523 W
Tue Mar 31 14:53:36 IDT 2026, 529 W
Tue Mar 31 14:53:36 IDT 2026, 526 W
Tue Mar 31 14:53:36 IDT 2026, 525 W
Tue Mar 31 14:53:37 IDT 2026, 523 W
Tue Mar 31 14:53:37 IDT 2026, 528 W
Tue Mar 31 14:53:37 IDT 2026, 520 W
Tue Mar 31 14:53:37 IDT 2026, 523 W
Tue Mar 31 14:53:37 IDT 2026, 523 W
Tue Mar 31 14:53:37 IDT 2026, 526 W
Tue Mar 31 14:53:37 IDT 2026, 526 W
Tue Mar 31 14:53:37 IDT 2026, 527 W
Tue Mar 31 14:53:38 IDT 2026, 507 W
Tue Mar 31 14:53:38 IDT 2026, 516 W
Tue Mar 31 14:53:38 IDT 2026, 507 W
Tue Mar 31 14:53:38 IDT 2026, 510 W
Tue Mar 31 14:53:38 IDT 2026, 505 W
Tue Mar 31 14:53:38 IDT 2026, 513 W
Tue Mar 31 14:53:38 IDT 2026, 510 W
Tue Mar 31 14:53:38 IDT 2026, 506 W
Tue Mar 31 14:53:39 IDT 2026, 505 W
Tue Mar 31 14:53:39 IDT 2026, 514 W
Tue Mar 31 14:53:39 IDT 2026, 502 W
Tue Mar 31 14:53:39 IDT 2026, 508 W
Tue Mar 31 14:53:39 IDT 2026, 506 W
Tue Mar 31 14:53:39 IDT 2026, 509 W
Tue Mar 31 14:53:39 IDT 2026, 509 W
Tue Mar 31 14:53:39 IDT 2026, 504 W
Tue Mar 31 14:53:40 IDT 2026, 506 W
Tue Mar 31 14:53:40 IDT 2026, 515 W
Tue Mar 31 14:53:40 IDT 2026, 506 W
Tue Mar 31 14:53:40 IDT 2026, 507 W
Tue Mar 31 14:53:40 IDT 2026, 507 W
Tue Mar 31 14:53:40 IDT 2026, 512 W
Tue Mar 31 14:53:40 IDT 2026, 508 W
Tue Mar 31 14:53:40 IDT 2026, 508 W
Tue Mar 31 14:53:41 IDT 2026, 509 W
Tue Mar 31 14:53:41 IDT 2026, 514 W
Tue Mar 31 14:53:41 IDT 2026, 503 W
Tue Mar 31 14:53:41 IDT 2026, 507 W
Tue Mar 31 14:53:41 IDT 2026, 505 W
Tue Mar 31 14:53:41 IDT 2026, 509 W
Tue Mar 31 14:53:41 IDT 2026, 512 W
Tue Mar 31 14:53:41 IDT 2026, 503 W
Tue Mar 31 14:53:42 IDT 2026, 509 W
Tue Mar 31 14:53:42 IDT 2026, 519 W
Tue Mar 31 14:53:42 IDT 2026, 509 W
Tue Mar 31 14:53:42 IDT 2026, 513 W
Tue Mar 31 14:53:42 IDT 2026, 512 W
Tue Mar 31 14:53:42 IDT 2026, 514 W
Tue Mar 31 14:53:42 IDT 2026, 514 W
Tue Mar 31 14:53:42 IDT 2026, 508 W
Tue Mar 31 14:53:43 IDT 2026, 505 W
Tue Mar 31 14:53:43 IDT 2026, 513 W
Tue Mar 31 14:53:43 IDT 2026, 501 W
Tue Mar 31 14:53:43 IDT 2026, 507 W
Tue Mar 31 14:53:43 IDT 2026, 505 W
Tue Mar 31 14:53:43 IDT 2026, 510 W
Tue Mar 31 14:53:43 IDT 2026, 510 W
Tue Mar 31 14:53:43 IDT 2026, 504 W
Tue Mar 31 14:53:44 IDT 2026, 506 W
Tue Mar 31 14:53:44 IDT 2026, 514 W
Tue Mar 31 14:53:44 IDT 2026, 505 W
Tue Mar 31 14:53:44 IDT 2026, 508 W
Tue Mar 31 14:53:44 IDT 2026, 508 W
Tue Mar 31 14:53:44 IDT 2026, 511 W
Tue Mar 31 14:53:44 IDT 2026, 510 W
Tue Mar 31 14:53:44 IDT 2026, 505 W
Tue Mar 31 14:53:45 IDT 2026, 555 W
Tue Mar 31 14:53:45 IDT 2026, 547 W
Tue Mar 31 14:53:45 IDT 2026, 546 W
Tue Mar 31 14:53:45 IDT 2026, 550 W
Tue Mar 31 14:53:45 IDT 2026, 540 W
Tue Mar 31 14:53:45 IDT 2026, 553 W
Tue Mar 31 14:53:45 IDT 2026, 534 W
Tue Mar 31 14:53:45 IDT 2026, 539 W
Tue Mar 31 14:53:46 IDT 2026, 528 W
Tue Mar 31 14:53:46 IDT 2026, 539 W
Tue Mar 31 14:53:46 IDT 2026, 529 W
Tue Mar 31 14:53:46 IDT 2026, 531 W
Tue Mar 31 14:53:46 IDT 2026, 527 W
Tue Mar 31 14:53:46 IDT 2026, 535 W
Tue Mar 31 14:53:46 IDT 2026, 532 W
Tue Mar 31 14:53:46 IDT 2026, 528 W
Tue Mar 31 14:53:47 IDT 2026, 527 W
Tue Mar 31 14:53:47 IDT 2026, 537 W
Tue Mar 31 14:53:47 IDT 2026, 530 W
Tue Mar 31 14:53:47 IDT 2026, 533 W
Tue Mar 31 14:53:47 IDT 2026, 530 W
Tue Mar 31 14:53:47 IDT 2026, 535 W
Tue Mar 31 14:53:47 IDT 2026, 531 W
Tue Mar 31 14:53:47 IDT 2026, 529 W
Tue Mar 31 14:53:48 IDT 2026, 529 W
Tue Mar 31 14:53:48 IDT 2026, 540 W
Tue Mar 31 14:53:48 IDT 2026, 529 W
Tue Mar 31 14:53:48 IDT 2026, 534 W
Tue Mar 31 14:53:48 IDT 2026, 529 W
Tue Mar 31 14:53:48 IDT 2026, 537 W
Tue Mar 31 14:53:48 IDT 2026, 537 W
Tue Mar 31 14:53:48 IDT 2026, 528 W
Tue Mar 31 14:53:49 IDT 2026, 531 W
Tue Mar 31 14:53:49 IDT 2026, 537 W
Tue Mar 31 14:53:49 IDT 2026, 529 W
Tue Mar 31 14:53:49 IDT 2026, 532 W
Tue Mar 31 14:53:49 IDT 2026, 529 W
Tue Mar 31 14:53:49 IDT 2026, 535 W
Tue Mar 31 14:53:49 IDT 2026, 535 W
Tue Mar 31 14:53:49 IDT 2026, 529 W
Tue Mar 31 14:53:50 IDT 2026, 527 W
Tue Mar 31 14:53:50 IDT 2026, 539 W
Tue Mar 31 14:53:50 IDT 2026, 529 W
Tue Mar 31 14:53:50 IDT 2026, 532 W
Tue Mar 31 14:53:50 IDT 2026, 528 W
Tue Mar 31 14:53:50 IDT 2026, 534 W
Tue Mar 31 14:53:50 IDT 2026, 534 W
Tue Mar 31 14:53:50 IDT 2026, 530 W
Tue Mar 31 14:53:51 IDT 2026, 523 W
Tue Mar 31 14:53:51 IDT 2026, 530 W
Tue Mar 31 14:53:51 IDT 2026, 525 W
Tue Mar 31 14:53:51 IDT 2026, 526 W
Tue Mar 31 14:53:51 IDT 2026, 525 W
Tue Mar 31 14:53:51 IDT 2026, 530 W
Tue Mar 31 14:53:51 IDT 2026, 527 W
Tue Mar 31 14:53:51 IDT 2026, 524 W
Tue Mar 31 14:53:52 IDT 2026, 516 W
Tue Mar 31 14:53:52 IDT 2026, 528 W
Tue Mar 31 14:53:52 IDT 2026, 516 W
Tue Mar 31 14:53:52 IDT 2026, 519 W
Tue Mar 31 14:53:52 IDT 2026, 522 W
Tue Mar 31 14:53:52 IDT 2026, 526 W
Tue Mar 31 14:53:52 IDT 2026, 522 W
Tue Mar 31 14:53:52 IDT 2026, 520 W
Tue Mar 31 14:53:53 IDT 2026, 518 W
Tue Mar 31 14:53:53 IDT 2026, 527 W
Tue Mar 31 14:53:53 IDT 2026, 518 W
Tue Mar 31 14:53:53 IDT 2026, 520 W
Tue Mar 31 14:53:53 IDT 2026, 521 W
Tue Mar 31 14:53:53 IDT 2026, 522 W
Tue Mar 31 14:53:53 IDT 2026, 525 W
Tue Mar 31 14:53:53 IDT 2026, 519 W
Tue Mar 31 14:53:54 IDT 2026, 521 W
Tue Mar 31 14:53:54 IDT 2026, 527 W
Tue Mar 31 14:53:54 IDT 2026, 518 W
Tue Mar 31 14:53:54 IDT 2026, 522 W
Tue Mar 31 14:53:54 IDT 2026, 518 W
Tue Mar 31 14:53:54 IDT 2026, 528 W
Tue Mar 31 14:53:54 IDT 2026, 524 W
Tue Mar 31 14:53:54 IDT 2026, 523 W
Tue Mar 31 14:53:55 IDT 2026, 524 W
Tue Mar 31 14:53:55 IDT 2026, 532 W
Tue Mar 31 14:53:55 IDT 2026, 524 W
Tue Mar 31 14:53:55 IDT 2026, 524 W
Tue Mar 31 14:53:55 IDT 2026, 521 W
Tue Mar 31 14:53:55 IDT 2026, 531 W
Tue Mar 31 14:53:55 IDT 2026, 523 W
Tue Mar 31 14:53:55 IDT 2026, 521 W
Tue Mar 31 14:53:56 IDT 2026, 522 W
Tue Mar 31 14:53:56 IDT 2026, 529 W
Tue Mar 31 14:53:56 IDT 2026, 522 W
Tue Mar 31 14:53:56 IDT 2026, 522 W
Tue Mar 31 14:53:56 IDT 2026, 522 W
Tue Mar 31 14:53:56 IDT 2026, 524 W
Tue Mar 31 14:53:56 IDT 2026, 526 W
Tue Mar 31 14:53:56 IDT 2026, 520 W
Tue Mar 31 14:53:57 IDT 2026, 520 W
Tue Mar 31 14:53:57 IDT 2026, 530 W
Tue Mar 31 14:53:57 IDT 2026, 519 W
Tue Mar 31 14:53:57 IDT 2026, 521 W
Tue Mar 31 14:53:57 IDT 2026, 522 W
Tue Mar 31 14:53:57 IDT 2026, 528 W
Tue Mar 31 14:53:57 IDT 2026, 525 W
Tue Mar 31 14:53:57 IDT 2026, 520 W
Tue Mar 31 14:53:58 IDT 2026, 522 W
Tue Mar 31 14:53:58 IDT 2026, 528 W
Tue Mar 31 14:53:58 IDT 2026, 523 W
Tue Mar 31 14:53:58 IDT 2026, 523 W
Tue Mar 31 14:53:58 IDT 2026, 520 W
Tue Mar 31 14:53:58 IDT 2026, 530 W
Tue Mar 31 14:53:58 IDT 2026, 525 W
Tue Mar 31 14:53:58 IDT 2026, 523 W
Tue Mar 31 14:53:59 IDT 2026, 521 W
Tue Mar 31 14:53:59 IDT 2026, 530 W
Tue Mar 31 14:53:59 IDT 2026, 523 W
Tue Mar 31 14:53:59 IDT 2026, 526 W
Tue Mar 31 14:53:59 IDT 2026, 524 W
Tue Mar 31 14:53:59 IDT 2026, 529 W
Tue Mar 31 14:53:59 IDT 2026, 526 W
Tue Mar 31 14:53:59 IDT 2026, 523 W
Tue Mar 31 14:54:00 IDT 2026, 504 W
Tue Mar 31 14:54:00 IDT 2026, 516 W
Tue Mar 31 14:54:00 IDT 2026, 509 W
Tue Mar 31 14:54:00 IDT 2026, 512 W
Tue Mar 31 14:54:00 IDT 2026, 508 W
Tue Mar 31 14:54:00 IDT 2026, 513 W
Tue Mar 31 14:54:00 IDT 2026, 505 W
Tue Mar 31 14:54:00 IDT 2026, 509 W
Tue Mar 31 14:54:01 IDT 2026, 504 W
Tue Mar 31 14:54:01 IDT 2026, 515 W
Tue Mar 31 14:54:01 IDT 2026, 500 W
Tue Mar 31 14:54:01 IDT 2026, 503 W
Tue Mar 31 14:54:01 IDT 2026, 505 W
Tue Mar 31 14:54:01 IDT 2026, 509 W
Tue Mar 31 14:54:01 IDT 2026, 504 W
Tue Mar 31 14:54:01 IDT 2026, 505 W
Tue Mar 31 14:54:02 IDT 2026, 506 W
Tue Mar 31 14:54:02 IDT 2026, 515 W
Tue Mar 31 14:54:02 IDT 2026, 506 W
Tue Mar 31 14:54:02 IDT 2026, 509 W
Tue Mar 31 14:54:02 IDT 2026, 510 W
Tue Mar 31 14:54:02 IDT 2026, 515 W
Tue Mar 31 14:54:02 IDT 2026, 512 W
Tue Mar 31 14:54:02 IDT 2026, 508 W
Tue Mar 31 14:54:03 IDT 2026, 351 W
Tue Mar 31 14:54:03 IDT 2026, 402 W
Tue Mar 31 14:54:03 IDT 2026, 350 W
Tue Mar 31 14:54:03 IDT 2026, 242 W
Tue Mar 31 14:54:03 IDT 2026, 364 W
Tue Mar 31 14:54:03 IDT 2026, 357 W
Tue Mar 31 14:54:03 IDT 2026, 358 W
Tue Mar 31 14:54:03 IDT 2026, 365 W
Tue Mar 31 14:54:04 IDT 2026, 481 W
Tue Mar 31 14:54:04 IDT 2026, 405 W
Tue Mar 31 14:54:04 IDT 2026, 439 W
Tue Mar 31 14:54:04 IDT 2026, 435 W
Tue Mar 31 14:54:04 IDT 2026, 412 W
Tue Mar 31 14:54:04 IDT 2026, 408 W
Tue Mar 31 14:54:04 IDT 2026, 508 W
Tue Mar 31 14:54:04 IDT 2026, 411 W
Tue Mar 31 14:54:05 IDT 2026, 474 W
Tue Mar 31 14:54:05 IDT 2026, 483 W
Tue Mar 31 14:54:05 IDT 2026, 473 W
Tue Mar 31 14:54:05 IDT 2026, 475 W
Tue Mar 31 14:54:05 IDT 2026, 473 W
Tue Mar 31 14:54:05 IDT 2026, 480 W
Tue Mar 31 14:54:05 IDT 2026, 477 W
Tue Mar 31 14:54:05 IDT 2026, 472 W
Tue Mar 31 14:54:06 IDT 2026, 237 W
Tue Mar 31 14:54:06 IDT 2026, 240 W
Tue Mar 31 14:54:06 IDT 2026, 236 W
Tue Mar 31 14:54:06 IDT 2026, 236 W
Tue Mar 31 14:54:06 IDT 2026, 236 W
Tue Mar 31 14:54:06 IDT 2026, 240 W
Tue Mar 31 14:54:06 IDT 2026, 242 W
Tue Mar 31 14:54:06 IDT 2026, 235 W
Tue Mar 31 14:54:07 IDT 2026, 514 W
Tue Mar 31 14:54:07 IDT 2026, 497 W
Tue Mar 31 14:54:07 IDT 2026, 516 W
Tue Mar 31 14:54:07 IDT 2026, 523 W
Tue Mar 31 14:54:07 IDT 2026, 523 W
Tue Mar 31 14:54:07 IDT 2026, 519 W
Tue Mar 31 14:54:07 IDT 2026, 514 W
Tue Mar 31 14:54:07 IDT 2026, 519 W
Tue Mar 31 14:54:08 IDT 2026, 526 W
Tue Mar 31 14:54:08 IDT 2026, 540 W
Tue Mar 31 14:54:08 IDT 2026, 525 W
Tue Mar 31 14:54:08 IDT 2026, 530 W
Tue Mar 31 14:54:08 IDT 2026, 526 W
Tue Mar 31 14:54:08 IDT 2026, 532 W
Tue Mar 31 14:54:08 IDT 2026, 533 W
Tue Mar 31 14:54:08 IDT 2026, 527 W
Tue Mar 31 14:54:09 IDT 2026, 529 W
Tue Mar 31 14:54:09 IDT 2026, 538 W
Tue Mar 31 14:54:09 IDT 2026, 529 W
Tue Mar 31 14:54:09 IDT 2026, 533 W
Tue Mar 31 14:54:09 IDT 2026, 529 W
Tue Mar 31 14:54:09 IDT 2026, 536 W
Tue Mar 31 14:54:09 IDT 2026, 534 W
Tue Mar 31 14:54:09 IDT 2026, 530 W
Tue Mar 31 14:54:10 IDT 2026, 527 W
Tue Mar 31 14:54:10 IDT 2026, 540 W
Tue Mar 31 14:54:10 IDT 2026, 525 W
Tue Mar 31 14:54:10 IDT 2026, 534 W
Tue Mar 31 14:54:10 IDT 2026, 530 W
Tue Mar 31 14:54:10 IDT 2026, 536 W
Tue Mar 31 14:54:10 IDT 2026, 533 W
Tue Mar 31 14:54:10 IDT 2026, 531 W
Tue Mar 31 14:54:11 IDT 2026, 525 W
Tue Mar 31 14:54:11 IDT 2026, 532 W
Tue Mar 31 14:54:11 IDT 2026, 524 W
Tue Mar 31 14:54:11 IDT 2026, 528 W
Tue Mar 31 14:54:11 IDT 2026, 526 W
Tue Mar 31 14:54:11 IDT 2026, 531 W
Tue Mar 31 14:54:11 IDT 2026, 528 W
Tue Mar 31 14:54:11 IDT 2026, 524 W
Tue Mar 31 14:54:12 IDT 2026, 519 W
Tue Mar 31 14:54:12 IDT 2026, 533 W
Tue Mar 31 14:54:12 IDT 2026, 525 W
Tue Mar 31 14:54:12 IDT 2026, 530 W
Tue Mar 31 14:54:12 IDT 2026, 527 W
Tue Mar 31 14:54:12 IDT 2026, 530 W
Tue Mar 31 14:54:12 IDT 2026, 528 W
Tue Mar 31 14:54:12 IDT 2026, 524 W
Tue Mar 31 14:54:13 IDT 2026, 520 W
Tue Mar 31 14:54:13 IDT 2026, 530 W
Tue Mar 31 14:54:13 IDT 2026, 519 W
Tue Mar 31 14:54:13 IDT 2026, 522 W
Tue Mar 31 14:54:13 IDT 2026, 518 W
Tue Mar 31 14:54:13 IDT 2026, 526 W
Tue Mar 31 14:54:13 IDT 2026, 523 W
Tue Mar 31 14:54:13 IDT 2026, 520 W
Tue Mar 31 14:54:14 IDT 2026, 504 W
Tue Mar 31 14:54:14 IDT 2026, 514 W
Tue Mar 31 14:54:14 IDT 2026, 505 W
Tue Mar 31 14:54:14 IDT 2026, 510 W
Tue Mar 31 14:54:14 IDT 2026, 506 W
Tue Mar 31 14:54:14 IDT 2026, 510 W
Tue Mar 31 14:54:14 IDT 2026, 510 W
Tue Mar 31 14:54:14 IDT 2026, 504 W
Tue Mar 31 14:54:15 IDT 2026, 502 W
Tue Mar 31 14:54:15 IDT 2026, 513 W
Tue Mar 31 14:54:15 IDT 2026, 506 W
Tue Mar 31 14:54:15 IDT 2026, 507 W
Tue Mar 31 14:54:15 IDT 2026, 506 W
Tue Mar 31 14:54:15 IDT 2026, 512 W
Tue Mar 31 14:54:15 IDT 2026, 507 W
Tue Mar 31 14:54:15 IDT 2026, 506 W
Tue Mar 31 14:54:16 IDT 2026, 494 W
Tue Mar 31 14:54:16 IDT 2026, 510 W
Tue Mar 31 14:54:16 IDT 2026, 497 W
Tue Mar 31 14:54:16 IDT 2026, 499 W
Tue Mar 31 14:54:16 IDT 2026, 500 W
Tue Mar 31 14:54:16 IDT 2026, 503 W
Tue Mar 31 14:54:16 IDT 2026, 490 W
Tue Mar 31 14:54:16 IDT 2026, 501 W
Tue Mar 31 14:54:17 IDT 2026, 506 W
Tue Mar 31 14:54:17 IDT 2026, 515 W
Tue Mar 31 14:54:17 IDT 2026, 507 W
Tue Mar 31 14:54:17 IDT 2026, 508 W
Tue Mar 31 14:54:17 IDT 2026, 505 W
Tue Mar 31 14:54:17 IDT 2026, 512 W
Tue Mar 31 14:54:17 IDT 2026, 512 W
Tue Mar 31 14:54:17 IDT 2026, 507 W
Tue Mar 31 14:54:18 IDT 2026, 481 W
Tue Mar 31 14:54:18 IDT 2026, 484 W
Tue Mar 31 14:54:18 IDT 2026, 475 W
Tue Mar 31 14:54:18 IDT 2026, 478 W
Tue Mar 31 14:54:18 IDT 2026, 474 W
Tue Mar 31 14:54:18 IDT 2026, 484 W
Tue Mar 31 14:54:18 IDT 2026, 482 W
Tue Mar 31 14:54:18 IDT 2026, 474 W
Tue Mar 31 14:54:19 IDT 2026, 469 W
Tue Mar 31 14:54:19 IDT 2026, 478 W
Tue Mar 31 14:54:19 IDT 2026, 469 W
Tue Mar 31 14:54:19 IDT 2026, 470 W
Tue Mar 31 14:54:19 IDT 2026, 470 W
Tue Mar 31 14:54:19 IDT 2026, 476 W
Tue Mar 31 14:54:19 IDT 2026, 474 W
Tue Mar 31 14:54:19 IDT 2026, 468 W
Tue Mar 31 14:54:20 IDT 2026, 472 W
Tue Mar 31 14:54:20 IDT 2026, 485 W
Tue Mar 31 14:54:20 IDT 2026, 475 W
Tue Mar 31 14:54:20 IDT 2026, 476 W
Tue Mar 31 14:54:20 IDT 2026, 476 W
Tue Mar 31 14:54:20 IDT 2026, 482 W
Tue Mar 31 14:54:20 IDT 2026, 476 W
Tue Mar 31 14:54:20 IDT 2026, 475 W
Tue Mar 31 14:54:21 IDT 2026, 471 W
Tue Mar 31 14:54:21 IDT 2026, 476 W
Tue Mar 31 14:54:21 IDT 2026, 472 W
Tue Mar 31 14:54:21 IDT 2026, 476 W
Tue Mar 31 14:54:21 IDT 2026, 476 W
Tue Mar 31 14:54:21 IDT 2026, 477 W
Tue Mar 31 14:54:21 IDT 2026, 473 W
Tue Mar 31 14:54:21 IDT 2026, 474 W
Tue Mar 31 14:54:22 IDT 2026, 471 W
Tue Mar 31 14:54:22 IDT 2026, 479 W
Tue Mar 31 14:54:22 IDT 2026, 472 W
Tue Mar 31 14:54:22 IDT 2026, 475 W
Tue Mar 31 14:54:22 IDT 2026, 472 W
Tue Mar 31 14:54:22 IDT 2026, 476 W
Tue Mar 31 14:54:22 IDT 2026, 475 W
Tue Mar 31 14:54:22 IDT 2026, 472 W
Tue Mar 31 14:54:23 IDT 2026, 468 W
Tue Mar 31 14:54:23 IDT 2026, 473 W
Tue Mar 31 14:54:23 IDT 2026, 471 W
Tue Mar 31 14:54:23 IDT 2026, 477 W
Tue Mar 31 14:54:23 IDT 2026, 459 W
Tue Mar 31 14:54:23 IDT 2026, 477 W
Tue Mar 31 14:54:23 IDT 2026, 473 W
Tue Mar 31 14:54:23 IDT 2026, 462 W
Tue Mar 31 14:54:24 IDT 2026, 414 W
Tue Mar 31 14:54:24 IDT 2026, 434 W
Tue Mar 31 14:54:24 IDT 2026, 415 W
Tue Mar 31 14:54:24 IDT 2026, 406 W
Tue Mar 31 14:54:24 IDT 2026, 414 W
Tue Mar 31 14:54:24 IDT 2026, 436 W
Tue Mar 31 14:54:24 IDT 2026, 428 W
Tue Mar 31 14:54:24 IDT 2026, 424 W
Tue Mar 31 14:54:25 IDT 2026, 386 W
Tue Mar 31 14:54:25 IDT 2026, 395 W
Tue Mar 31 14:54:25 IDT 2026, 398 W
Tue Mar 31 14:54:25 IDT 2026, 373 W
Tue Mar 31 14:54:25 IDT 2026, 399 W
Tue Mar 31 14:54:25 IDT 2026, 391 W
Tue Mar 31 14:54:25 IDT 2026, 412 W
Tue Mar 31 14:54:25 IDT 2026, 401 W
Tue Mar 31 14:54:26 IDT 2026, 231 W
Tue Mar 31 14:54:26 IDT 2026, 238 W
Tue Mar 31 14:54:26 IDT 2026, 232 W
Tue Mar 31 14:54:26 IDT 2026, 232 W
Tue Mar 31 14:54:26 IDT 2026, 234 W
Tue Mar 31 14:54:26 IDT 2026, 237 W
Tue Mar 31 14:54:26 IDT 2026, 234 W
Tue Mar 31 14:54:26 IDT 2026, 233 W
Tue Mar 31 14:54:27 IDT 2026, 526 W
Tue Mar 31 14:54:27 IDT 2026, 537 W
Tue Mar 31 14:54:27 IDT 2026, 529 W
Tue Mar 31 14:54:27 IDT 2026, 529 W
Tue Mar 31 14:54:27 IDT 2026, 529 W
Tue Mar 31 14:54:27 IDT 2026, 533 W
Tue Mar 31 14:54:27 IDT 2026, 531 W
Tue Mar 31 14:54:27 IDT 2026, 527 W
Tue Mar 31 14:54:28 IDT 2026, 529 W
Tue Mar 31 14:54:28 IDT 2026, 537 W
Tue Mar 31 14:54:28 IDT 2026, 527 W
Tue Mar 31 14:54:28 IDT 2026, 532 W
Tue Mar 31 14:54:28 IDT 2026, 529 W
Tue Mar 31 14:54:28 IDT 2026, 535 W
Tue Mar 31 14:54:28 IDT 2026, 532 W
Tue Mar 31 14:54:28 IDT 2026, 529 W
Tue Mar 31 14:54:29 IDT 2026, 527 W
Tue Mar 31 14:54:29 IDT 2026, 530 W
Tue Mar 31 14:54:29 IDT 2026, 526 W
Tue Mar 31 14:54:29 IDT 2026, 527 W
Tue Mar 31 14:54:29 IDT 2026, 523 W
Tue Mar 31 14:54:29 IDT 2026, 530 W
Tue Mar 31 14:54:29 IDT 2026, 527 W
Tue Mar 31 14:54:29 IDT 2026, 523 W
Tue Mar 31 14:54:30 IDT 2026, 521 W
Tue Mar 31 14:54:30 IDT 2026, 531 W
Tue Mar 31 14:54:30 IDT 2026, 524 W
Tue Mar 31 14:54:30 IDT 2026, 526 W
Tue Mar 31 14:54:30 IDT 2026, 521 W
Tue Mar 31 14:54:30 IDT 2026, 528 W
Tue Mar 31 14:54:30 IDT 2026, 525 W
Tue Mar 31 14:54:30 IDT 2026, 521 W
Tue Mar 31 14:54:31 IDT 2026, 499 W
Tue Mar 31 14:54:31 IDT 2026, 510 W
Tue Mar 31 14:54:31 IDT 2026, 499 W
Tue Mar 31 14:54:31 IDT 2026, 502 W
Tue Mar 31 14:54:31 IDT 2026, 503 W
Tue Mar 31 14:54:31 IDT 2026, 504 W
Tue Mar 31 14:54:31 IDT 2026, 498 W
Tue Mar 31 14:54:31 IDT 2026, 502 W
Tue Mar 31 14:54:32 IDT 2026, 504 W
Tue Mar 31 14:54:32 IDT 2026, 517 W
Tue Mar 31 14:54:32 IDT 2026, 507 W
Tue Mar 31 14:54:32 IDT 2026, 511 W
Tue Mar 31 14:54:32 IDT 2026, 508 W
Tue Mar 31 14:54:32 IDT 2026, 516 W
Tue Mar 31 14:54:32 IDT 2026, 510 W
Tue Mar 31 14:54:32 IDT 2026, 508 W
Tue Mar 31 14:54:33 IDT 2026, 509 W
Tue Mar 31 14:54:33 IDT 2026, 517 W
Tue Mar 31 14:54:33 IDT 2026, 509 W
Tue Mar 31 14:54:33 IDT 2026, 513 W
Tue Mar 31 14:54:33 IDT 2026, 510 W
Tue Mar 31 14:54:33 IDT 2026, 515 W
Tue Mar 31 14:54:33 IDT 2026, 511 W
Tue Mar 31 14:54:33 IDT 2026, 509 W
Tue Mar 31 14:54:34 IDT 2026, 503 W
Tue Mar 31 14:54:34 IDT 2026, 516 W
Tue Mar 31 14:54:34 IDT 2026, 504 W
Tue Mar 31 14:54:34 IDT 2026, 509 W
Tue Mar 31 14:54:34 IDT 2026, 506 W
Tue Mar 31 14:54:34 IDT 2026, 508 W
Tue Mar 31 14:54:34 IDT 2026, 509 W
Tue Mar 31 14:54:34 IDT 2026, 505 W
Tue Mar 31 14:54:35 IDT 2026, 504 W
Tue Mar 31 14:54:35 IDT 2026, 515 W
Tue Mar 31 14:54:35 IDT 2026, 504 W
Tue Mar 31 14:54:35 IDT 2026, 508 W
Tue Mar 31 14:54:35 IDT 2026, 506 W
Tue Mar 31 14:54:35 IDT 2026, 511 W
Tue Mar 31 14:54:35 IDT 2026, 509 W
Tue Mar 31 14:54:35 IDT 2026, 504 W
Tue Mar 31 14:54:36 IDT 2026, 506 W
Tue Mar 31 14:54:36 IDT 2026, 514 W
Tue Mar 31 14:54:36 IDT 2026, 504 W
Tue Mar 31 14:54:36 IDT 2026, 508 W
Tue Mar 31 14:54:36 IDT 2026, 506 W
Tue Mar 31 14:54:36 IDT 2026, 510 W
Tue Mar 31 14:54:36 IDT 2026, 512 W
Tue Mar 31 14:54:36 IDT 2026, 505 W
Tue Mar 31 14:54:37 IDT 2026, 506 W
Tue Mar 31 14:54:37 IDT 2026, 517 W
Tue Mar 31 14:54:37 IDT 2026, 508 W
Tue Mar 31 14:54:37 IDT 2026, 510 W
Tue Mar 31 14:54:37 IDT 2026, 507 W
Tue Mar 31 14:54:37 IDT 2026, 513 W
Tue Mar 31 14:54:37 IDT 2026, 513 W
Tue Mar 31 14:54:37 IDT 2026, 508 W
Tue Mar 31 14:54:38 IDT 2026, 503 W
Tue Mar 31 14:54:38 IDT 2026, 515 W
Tue Mar 31 14:54:38 IDT 2026, 503 W
Tue Mar 31 14:54:38 IDT 2026, 505 W
Tue Mar 31 14:54:38 IDT 2026, 504 W
Tue Mar 31 14:54:38 IDT 2026, 508 W
Tue Mar 31 14:54:38 IDT 2026, 508 W
Tue Mar 31 14:54:38 IDT 2026, 504 W
Tue Mar 31 14:54:39 IDT 2026, 499 W
Tue Mar 31 14:54:39 IDT 2026, 502 W
Tue Mar 31 14:54:39 IDT 2026, 502 W
Tue Mar 31 14:54:39 IDT 2026, 505 W
Tue Mar 31 14:54:39 IDT 2026, 493 W
Tue Mar 31 14:54:39 IDT 2026, 508 W
Tue Mar 31 14:54:39 IDT 2026, 505 W
Tue Mar 31 14:54:39 IDT 2026, 493 W
Tue Mar 31 14:54:40 IDT 2026, 491 W
Tue Mar 31 14:54:40 IDT 2026, 512 W
Tue Mar 31 14:54:40 IDT 2026, 508 W
Tue Mar 31 14:54:40 IDT 2026, 510 W
Tue Mar 31 14:54:40 IDT 2026, 510 W
Tue Mar 31 14:54:40 IDT 2026, 496 W
Tue Mar 31 14:54:40 IDT 2026, 503 W
Tue Mar 31 14:54:40 IDT 2026, 506 W
Tue Mar 31 14:54:41 IDT 2026, 472 W
Tue Mar 31 14:54:41 IDT 2026, 480 W
Tue Mar 31 14:54:41 IDT 2026, 468 W
Tue Mar 31 14:54:41 IDT 2026, 472 W
Tue Mar 31 14:54:41 IDT 2026, 471 W
Tue Mar 31 14:54:41 IDT 2026, 477 W
Tue Mar 31 14:54:41 IDT 2026, 478 W
Tue Mar 31 14:54:41 IDT 2026, 469 W
Tue Mar 31 14:54:42 IDT 2026, 394 W
Tue Mar 31 14:54:42 IDT 2026, 441 W
Tue Mar 31 14:54:42 IDT 2026, 432 W
Tue Mar 31 14:54:42 IDT 2026, 435 W
Tue Mar 31 14:54:42 IDT 2026, 434 W
Tue Mar 31 14:54:42 IDT 2026, 439 W
Tue Mar 31 14:54:42 IDT 2026, 427 W
Tue Mar 31 14:54:42 IDT 2026, 433 W
Tue Mar 31 14:54:43 IDT 2026, 395 W
Tue Mar 31 14:54:43 IDT 2026, 404 W
Tue Mar 31 14:54:43 IDT 2026, 404 W
Tue Mar 31 14:54:43 IDT 2026, 398 W
Tue Mar 31 14:54:43 IDT 2026, 406 W
Tue Mar 31 14:54:43 IDT 2026, 413 W
Tue Mar 31 14:54:43 IDT 2026, 398 W
Tue Mar 31 14:54:43 IDT 2026, 404 W
Tue Mar 31 14:54:44 IDT 2026, 430 W
Tue Mar 31 14:54:44 IDT 2026, 437 W
Tue Mar 31 14:54:44 IDT 2026, 432 W
Tue Mar 31 14:54:44 IDT 2026, 435 W
Tue Mar 31 14:54:44 IDT 2026, 433 W
Tue Mar 31 14:54:44 IDT 2026, 437 W
Tue Mar 31 14:54:44 IDT 2026, 435 W
Tue Mar 31 14:54:44 IDT 2026, 432 W
Tue Mar 31 14:54:45 IDT 2026, 231 W
Tue Mar 31 14:54:45 IDT 2026, 238 W
Tue Mar 31 14:54:45 IDT 2026, 232 W
Tue Mar 31 14:54:45 IDT 2026, 231 W
Tue Mar 31 14:54:45 IDT 2026, 233 W
Tue Mar 31 14:54:45 IDT 2026, 236 W
Tue Mar 31 14:54:45 IDT 2026, 234 W
Tue Mar 31 14:54:45 IDT 2026, 233 W
Tue Mar 31 14:54:46 IDT 2026, 506 W
Tue Mar 31 14:54:46 IDT 2026, 521 W
Tue Mar 31 14:54:46 IDT 2026, 512 W
Tue Mar 31 14:54:46 IDT 2026, 518 W
Tue Mar 31 14:54:46 IDT 2026, 516 W
Tue Mar 31 14:54:46 IDT 2026, 515 W
Tue Mar 31 14:54:46 IDT 2026, 527 W
Tue Mar 31 14:54:46 IDT 2026, 516 W
Tue Mar 31 14:54:47 IDT 2026, 525 W
Tue Mar 31 14:54:47 IDT 2026, 535 W
Tue Mar 31 14:54:47 IDT 2026, 525 W
Tue Mar 31 14:54:47 IDT 2026, 530 W
Tue Mar 31 14:54:47 IDT 2026, 526 W
Tue Mar 31 14:54:47 IDT 2026, 532 W
Tue Mar 31 14:54:47 IDT 2026, 531 W
Tue Mar 31 14:54:47 IDT 2026, 526 W
Tue Mar 31 14:54:48 IDT 2026, 528 W
Tue Mar 31 14:54:48 IDT 2026, 537 W
Tue Mar 31 14:54:48 IDT 2026, 527 W
Tue Mar 31 14:54:48 IDT 2026, 530 W
Tue Mar 31 14:54:48 IDT 2026, 528 W
Tue Mar 31 14:54:48 IDT 2026, 534 W
Tue Mar 31 14:54:48 IDT 2026, 533 W
Tue Mar 31 14:54:48 IDT 2026, 529 W
Tue Mar 31 14:54:49 IDT 2026, 528 W
Tue Mar 31 14:54:49 IDT 2026, 538 W
Tue Mar 31 14:54:49 IDT 2026, 530 W
Tue Mar 31 14:54:49 IDT 2026, 532 W
Tue Mar 31 14:54:49 IDT 2026, 529 W
Tue Mar 31 14:54:49 IDT 2026, 536 W
Tue Mar 31 14:54:49 IDT 2026, 532 W
Tue Mar 31 14:54:49 IDT 2026, 530 W
Tue Mar 31 14:54:50 IDT 2026, 528 W
Tue Mar 31 14:54:50 IDT 2026, 535 W
Tue Mar 31 14:54:50 IDT 2026, 525 W
Tue Mar 31 14:54:50 IDT 2026, 529 W
Tue Mar 31 14:54:50 IDT 2026, 527 W
Tue Mar 31 14:54:50 IDT 2026, 533 W
Tue Mar 31 14:54:50 IDT 2026, 533 W
Tue Mar 31 14:54:50 IDT 2026, 525 W
Tue Mar 31 14:54:51 IDT 2026, 524 W
Tue Mar 31 14:54:51 IDT 2026, 537 W
Tue Mar 31 14:54:51 IDT 2026, 523 W
Tue Mar 31 14:54:51 IDT 2026, 531 W
Tue Mar 31 14:54:51 IDT 2026, 529 W
Tue Mar 31 14:54:51 IDT 2026, 530 W
Tue Mar 31 14:54:51 IDT 2026, 532 W
Tue Mar 31 14:54:51 IDT 2026, 527 W
Tue Mar 31 14:54:52 IDT 2026, 527 W
Tue Mar 31 14:54:52 IDT 2026, 532 W
Tue Mar 31 14:54:52 IDT 2026, 526 W
Tue Mar 31 14:54:52 IDT 2026, 530 W
Tue Mar 31 14:54:52 IDT 2026, 527 W
Tue Mar 31 14:54:52 IDT 2026, 532 W
Tue Mar 31 14:54:52 IDT 2026, 530 W
Tue Mar 31 14:54:52 IDT 2026, 527 W
Tue Mar 31 14:54:53 IDT 2026, 524 W
Tue Mar 31 14:54:53 IDT 2026, 532 W
Tue Mar 31 14:54:53 IDT 2026, 522 W
Tue Mar 31 14:54:53 IDT 2026, 527 W
Tue Mar 31 14:54:53 IDT 2026, 524 W
Tue Mar 31 14:54:53 IDT 2026, 529 W
Tue Mar 31 14:54:53 IDT 2026, 529 W
Tue Mar 31 14:54:53 IDT 2026, 525 W
Tue Mar 31 14:54:54 IDT 2026, 529 W
Tue Mar 31 14:54:54 IDT 2026, 539 W
Tue Mar 31 14:54:54 IDT 2026, 530 W
Tue Mar 31 14:54:54 IDT 2026, 534 W
Tue Mar 31 14:54:54 IDT 2026, 530 W
Tue Mar 31 14:54:54 IDT 2026, 534 W
Tue Mar 31 14:54:54 IDT 2026, 536 W
Tue Mar 31 14:54:54 IDT 2026, 529 W
Tue Mar 31 14:54:55 IDT 2026, 520 W
Tue Mar 31 14:54:55 IDT 2026, 532 W
Tue Mar 31 14:54:55 IDT 2026, 522 W
Tue Mar 31 14:54:55 IDT 2026, 529 W
Tue Mar 31 14:54:55 IDT 2026, 531 W
Tue Mar 31 14:54:55 IDT 2026, 525 W
Tue Mar 31 14:54:55 IDT 2026, 525 W
Tue Mar 31 14:54:55 IDT 2026, 527 W
Tue Mar 31 14:54:56 IDT 2026, 506 W
Tue Mar 31 14:54:56 IDT 2026, 517 W
Tue Mar 31 14:54:56 IDT 2026, 505 W
Tue Mar 31 14:54:56 IDT 2026, 509 W
Tue Mar 31 14:54:56 IDT 2026, 505 W
Tue Mar 31 14:54:56 IDT 2026, 513 W
Tue Mar 31 14:54:56 IDT 2026, 510 W
Tue Mar 31 14:54:56 IDT 2026, 506 W
Tue Mar 31 14:54:57 IDT 2026, 507 W
Tue Mar 31 14:54:57 IDT 2026, 516 W
Tue Mar 31 14:54:57 IDT 2026, 500 W
Tue Mar 31 14:54:57 IDT 2026, 507 W
Tue Mar 31 14:54:57 IDT 2026, 505 W
Tue Mar 31 14:54:57 IDT 2026, 507 W
Tue Mar 31 14:54:57 IDT 2026, 508 W
Tue Mar 31 14:54:57 IDT 2026, 503 W
Tue Mar 31 14:54:58 IDT 2026, 502 W
Tue Mar 31 14:54:58 IDT 2026, 517 W
Tue Mar 31 14:54:58 IDT 2026, 502 W
Tue Mar 31 14:54:58 IDT 2026, 509 W
Tue Mar 31 14:54:58 IDT 2026, 507 W
Tue Mar 31 14:54:58 IDT 2026, 509 W
Tue Mar 31 14:54:58 IDT 2026, 513 W
Tue Mar 31 14:54:58 IDT 2026, 504 W
Tue Mar 31 14:54:59 IDT 2026, 504 W
Tue Mar 31 14:54:59 IDT 2026, 517 W
Tue Mar 31 14:54:59 IDT 2026, 503 W
Tue Mar 31 14:54:59 IDT 2026, 510 W
Tue Mar 31 14:54:59 IDT 2026, 506 W
Tue Mar 31 14:54:59 IDT 2026, 510 W
Tue Mar 31 14:54:59 IDT 2026, 508 W
Tue Mar 31 14:54:59 IDT 2026, 506 W
Tue Mar 31 14:55:00 IDT 2026, 505 W
Tue Mar 31 14:55:00 IDT 2026, 515 W
Tue Mar 31 14:55:00 IDT 2026, 504 W
Tue Mar 31 14:55:00 IDT 2026, 508 W
Tue Mar 31 14:55:00 IDT 2026, 504 W
Tue Mar 31 14:55:00 IDT 2026, 511 W
Tue Mar 31 14:55:00 IDT 2026, 510 W
Tue Mar 31 14:55:00 IDT 2026, 504 W
Tue Mar 31 14:55:01 IDT 2026, 506 W
Tue Mar 31 14:55:01 IDT 2026, 517 W
Tue Mar 31 14:55:01 IDT 2026, 508 W
Tue Mar 31 14:55:01 IDT 2026, 512 W
Tue Mar 31 14:55:01 IDT 2026, 506 W
Tue Mar 31 14:55:01 IDT 2026, 514 W
Tue Mar 31 14:55:01 IDT 2026, 509 W
Tue Mar 31 14:55:01 IDT 2026, 506 W
Tue Mar 31 14:55:02 IDT 2026, 504 W
Tue Mar 31 14:55:02 IDT 2026, 511 W
Tue Mar 31 14:55:02 IDT 2026, 502 W
Tue Mar 31 14:55:02 IDT 2026, 506 W
Tue Mar 31 14:55:02 IDT 2026, 503 W
Tue Mar 31 14:55:02 IDT 2026, 510 W
Tue Mar 31 14:55:02 IDT 2026, 508 W
Tue Mar 31 14:55:02 IDT 2026, 503 W
Tue Mar 31 14:55:03 IDT 2026, 507 W
Tue Mar 31 14:55:03 IDT 2026, 516 W
Tue Mar 31 14:55:03 IDT 2026, 506 W
Tue Mar 31 14:55:03 IDT 2026, 511 W
Tue Mar 31 14:55:03 IDT 2026, 510 W
Tue Mar 31 14:55:03 IDT 2026, 513 W
Tue Mar 31 14:55:03 IDT 2026, 512 W
Tue Mar 31 14:55:03 IDT 2026, 509 W
Tue Mar 31 14:55:04 IDT 2026, 505 W
Tue Mar 31 14:55:04 IDT 2026, 512 W
Tue Mar 31 14:55:04 IDT 2026, 507 W
Tue Mar 31 14:55:04 IDT 2026, 505 W
Tue Mar 31 14:55:04 IDT 2026, 503 W
Tue Mar 31 14:55:04 IDT 2026, 514 W
Tue Mar 31 14:55:04 IDT 2026, 510 W
Tue Mar 31 14:55:04 IDT 2026, 505 W
Tue Mar 31 14:55:05 IDT 2026, 504 W
Tue Mar 31 14:55:05 IDT 2026, 510 W
Tue Mar 31 14:55:05 IDT 2026, 504 W
Tue Mar 31 14:55:05 IDT 2026, 506 W
Tue Mar 31 14:55:05 IDT 2026, 500 W
Tue Mar 31 14:55:05 IDT 2026, 512 W
Tue Mar 31 14:55:05 IDT 2026, 509 W
Tue Mar 31 14:55:05 IDT 2026, 502 W
Tue Mar 31 14:55:06 IDT 2026, 264 W
Tue Mar 31 14:55:06 IDT 2026, 332 W
Tue Mar 31 14:55:06 IDT 2026, 255 W
Tue Mar 31 14:55:06 IDT 2026, 253 W
Tue Mar 31 14:55:06 IDT 2026, 251 W
Tue Mar 31 14:55:06 IDT 2026, 261 W
Tue Mar 31 14:55:06 IDT 2026, 281 W
Tue Mar 31 14:55:06 IDT 2026, 249 W
Tue Mar 31 14:55:07 IDT 2026, 524 W
Tue Mar 31 14:55:07 IDT 2026, 536 W
Tue Mar 31 14:55:07 IDT 2026, 527 W
Tue Mar 31 14:55:07 IDT 2026, 531 W
Tue Mar 31 14:55:07 IDT 2026, 528 W
Tue Mar 31 14:55:07 IDT 2026, 532 W
Tue Mar 31 14:55:07 IDT 2026, 527 W
Tue Mar 31 14:55:07 IDT 2026, 527 W
Tue Mar 31 14:55:08 IDT 2026, 525 W
Tue Mar 31 14:55:08 IDT 2026, 537 W
Tue Mar 31 14:55:08 IDT 2026, 527 W
Tue Mar 31 14:55:08 IDT 2026, 528 W
Tue Mar 31 14:55:08 IDT 2026, 523 W
Tue Mar 31 14:55:08 IDT 2026, 533 W
Tue Mar 31 14:55:08 IDT 2026, 528 W
Tue Mar 31 14:55:08 IDT 2026, 527 W
Tue Mar 31 14:55:09 IDT 2026, 526 W
Tue Mar 31 14:55:09 IDT 2026, 538 W
Tue Mar 31 14:55:09 IDT 2026, 526 W
Tue Mar 31 14:55:09 IDT 2026, 528 W
Tue Mar 31 14:55:09 IDT 2026, 530 W
Tue Mar 31 14:55:09 IDT 2026, 534 W
Tue Mar 31 14:55:09 IDT 2026, 529 W
Tue Mar 31 14:55:09 IDT 2026, 528 W
Tue Mar 31 14:55:10 IDT 2026, 527 W
Tue Mar 31 14:55:10 IDT 2026, 536 W
Tue Mar 31 14:55:10 IDT 2026, 528 W
Tue Mar 31 14:55:10 IDT 2026, 526 W
Tue Mar 31 14:55:10 IDT 2026, 528 W
Tue Mar 31 14:55:10 IDT 2026, 531 W
Tue Mar 31 14:55:10 IDT 2026, 532 W
Tue Mar 31 14:55:10 IDT 2026, 531 W
Tue Mar 31 14:55:11 IDT 2026, 510 W
Tue Mar 31 14:55:11 IDT 2026, 518 W
Tue Mar 31 14:55:11 IDT 2026, 508 W
Tue Mar 31 14:55:11 IDT 2026, 511 W
Tue Mar 31 14:55:11 IDT 2026, 507 W
Tue Mar 31 14:55:11 IDT 2026, 512 W
Tue Mar 31 14:55:11 IDT 2026, 515 W
Tue Mar 31 14:55:11 IDT 2026, 508 W
Tue Mar 31 14:55:12 IDT 2026, 501 W
Tue Mar 31 14:55:12 IDT 2026, 508 W
Tue Mar 31 14:55:12 IDT 2026, 503 W
Tue Mar 31 14:55:12 IDT 2026, 508 W
Tue Mar 31 14:55:12 IDT 2026, 502 W
Tue Mar 31 14:55:12 IDT 2026, 510 W
Tue Mar 31 14:55:12 IDT 2026, 509 W
Tue Mar 31 14:55:12 IDT 2026, 501 W
Tue Mar 31 14:55:13 IDT 2026, 504 W
Tue Mar 31 14:55:13 IDT 2026, 510 W
Tue Mar 31 14:55:13 IDT 2026, 499 W
Tue Mar 31 14:55:13 IDT 2026, 503 W
Tue Mar 31 14:55:13 IDT 2026, 501 W
Tue Mar 31 14:55:13 IDT 2026, 503 W
Tue Mar 31 14:55:13 IDT 2026, 507 W
Tue Mar 31 14:55:13 IDT 2026, 503 W
Tue Mar 31 14:55:14 IDT 2026, 503 W
Tue Mar 31 14:55:14 IDT 2026, 513 W
Tue Mar 31 14:55:14 IDT 2026, 500 W
Tue Mar 31 14:55:14 IDT 2026, 504 W
Tue Mar 31 14:55:14 IDT 2026, 503 W
Tue Mar 31 14:55:14 IDT 2026, 505 W
Tue Mar 31 14:55:14 IDT 2026, 509 W
Tue Mar 31 14:55:14 IDT 2026, 501 W
Tue Mar 31 14:55:15 IDT 2026, 505 W
Tue Mar 31 14:55:15 IDT 2026, 513 W
Tue Mar 31 14:55:15 IDT 2026, 506 W
Tue Mar 31 14:55:15 IDT 2026, 507 W
Tue Mar 31 14:55:15 IDT 2026, 504 W
Tue Mar 31 14:55:15 IDT 2026, 511 W
Tue Mar 31 14:55:15 IDT 2026, 508 W
Tue Mar 31 14:55:15 IDT 2026, 502 W
Tue Mar 31 14:55:16 IDT 2026, 508 W
Tue Mar 31 14:55:16 IDT 2026, 515 W
Tue Mar 31 14:55:16 IDT 2026, 507 W
Tue Mar 31 14:55:16 IDT 2026, 510 W
Tue Mar 31 14:55:16 IDT 2026, 508 W
Tue Mar 31 14:55:16 IDT 2026, 515 W
Tue Mar 31 14:55:16 IDT 2026, 507 W
Tue Mar 31 14:55:16 IDT 2026, 507 W
Tue Mar 31 14:55:17 IDT 2026, 483 W
Tue Mar 31 14:55:17 IDT 2026, 495 W
Tue Mar 31 14:55:17 IDT 2026, 472 W
Tue Mar 31 14:55:17 IDT 2026, 479 W
Tue Mar 31 14:55:17 IDT 2026, 482 W
Tue Mar 31 14:55:17 IDT 2026, 490 W
Tue Mar 31 14:55:17 IDT 2026, 501 W
Tue Mar 31 14:55:17 IDT 2026, 482 W
Tue Mar 31 14:55:18 IDT 2026, 507 W
Tue Mar 31 14:55:18 IDT 2026, 513 W
Tue Mar 31 14:55:18 IDT 2026, 505 W
Tue Mar 31 14:55:18 IDT 2026, 507 W
Tue Mar 31 14:55:18 IDT 2026, 504 W
Tue Mar 31 14:55:18 IDT 2026, 512 W
Tue Mar 31 14:55:18 IDT 2026, 510 W
Tue Mar 31 14:55:18 IDT 2026, 502 W
Tue Mar 31 14:55:19 IDT 2026, 508 W
Tue Mar 31 14:55:19 IDT 2026, 519 W
Tue Mar 31 14:55:19 IDT 2026, 509 W
Tue Mar 31 14:55:19 IDT 2026, 511 W
Tue Mar 31 14:55:19 IDT 2026, 510 W
Tue Mar 31 14:55:19 IDT 2026, 513 W
Tue Mar 31 14:55:19 IDT 2026, 509 W
Tue Mar 31 14:55:19 IDT 2026, 508 W
Tue Mar 31 14:55:20 IDT 2026, 503 W
Tue Mar 31 14:55:20 IDT 2026, 512 W
Tue Mar 31 14:55:20 IDT 2026, 503 W
Tue Mar 31 14:55:20 IDT 2026, 506 W
Tue Mar 31 14:55:20 IDT 2026, 507 W
Tue Mar 31 14:55:20 IDT 2026, 512 W
Tue Mar 31 14:55:20 IDT 2026, 509 W
Tue Mar 31 14:55:20 IDT 2026, 506 W
Tue Mar 31 14:55:21 IDT 2026, 506 W
Tue Mar 31 14:55:21 IDT 2026, 515 W
Tue Mar 31 14:55:21 IDT 2026, 507 W
Tue Mar 31 14:55:21 IDT 2026, 512 W
Tue Mar 31 14:55:21 IDT 2026, 507 W
Tue Mar 31 14:55:21 IDT 2026, 513 W
Tue Mar 31 14:55:21 IDT 2026, 510 W
Tue Mar 31 14:55:21 IDT 2026, 506 W
Tue Mar 31 14:55:22 IDT 2026, 506 W
Tue Mar 31 14:55:22 IDT 2026, 517 W
Tue Mar 31 14:55:22 IDT 2026, 507 W
Tue Mar 31 14:55:22 IDT 2026, 508 W
Tue Mar 31 14:55:22 IDT 2026, 507 W
Tue Mar 31 14:55:22 IDT 2026, 512 W
Tue Mar 31 14:55:22 IDT 2026, 510 W
Tue Mar 31 14:55:22 IDT 2026, 508 W
Tue Mar 31 14:55:23 IDT 2026, 438 W
Tue Mar 31 14:55:23 IDT 2026, 459 W
Tue Mar 31 14:55:23 IDT 2026, 437 W
Tue Mar 31 14:55:23 IDT 2026, 439 W
Tue Mar 31 14:55:23 IDT 2026, 455 W
Tue Mar 31 14:55:23 IDT 2026, 443 W
Tue Mar 31 14:55:23 IDT 2026, 444 W
Tue Mar 31 14:55:23 IDT 2026, 456 W
Tue Mar 31 14:55:24 IDT 2026, 432 W
Tue Mar 31 14:55:24 IDT 2026, 442 W
Tue Mar 31 14:55:24 IDT 2026, 432 W
Tue Mar 31 14:55:24 IDT 2026, 434 W
Tue Mar 31 14:55:24 IDT 2026, 434 W
Tue Mar 31 14:55:24 IDT 2026, 438 W
Tue Mar 31 14:55:24 IDT 2026, 436 W
Tue Mar 31 14:55:24 IDT 2026, 432 W
Tue Mar 31 14:55:25 IDT 2026, 415 W
Tue Mar 31 14:55:25 IDT 2026, 424 W
Tue Mar 31 14:55:25 IDT 2026, 422 W
Tue Mar 31 14:55:25 IDT 2026, 431 W
Tue Mar 31 14:55:25 IDT 2026, 422 W
Tue Mar 31 14:55:25 IDT 2026, 429 W
Tue Mar 31 14:55:25 IDT 2026, 421 W
Tue Mar 31 14:55:25 IDT 2026, 421 W
Tue Mar 31 14:55:26 IDT 2026, 231 W
Tue Mar 31 14:55:26 IDT 2026, 238 W
Tue Mar 31 14:55:26 IDT 2026, 232 W
Tue Mar 31 14:55:26 IDT 2026, 232 W
Tue Mar 31 14:55:26 IDT 2026, 233 W
Tue Mar 31 14:55:26 IDT 2026, 236 W
Tue Mar 31 14:55:26 IDT 2026, 234 W
Tue Mar 31 14:55:26 IDT 2026, 232 W
Tue Mar 31 14:55:27 IDT 2026, 230 W
Tue Mar 31 14:55:27 IDT 2026, 238 W
Tue Mar 31 14:55:27 IDT 2026, 232 W
Tue Mar 31 14:55:27 IDT 2026, 232 W
Tue Mar 31 14:55:27 IDT 2026, 235 W
Tue Mar 31 14:55:27 IDT 2026, 236 W
Tue Mar 31 14:55:27 IDT 2026, 235 W
Tue Mar 31 14:55:27 IDT 2026, 233 W
Tue Mar 31 14:55:28 IDT 2026, 625 W
Tue Mar 31 14:55:28 IDT 2026, 590 W
Tue Mar 31 14:55:28 IDT 2026, 244 W
Tue Mar 31 14:55:28 IDT 2026, 366 W
Tue Mar 31 14:55:28 IDT 2026, 442 W
Tue Mar 31 14:55:28 IDT 2026, 651 W
Tue Mar 31 14:55:28 IDT 2026, 715 W
Tue Mar 31 14:55:28 IDT 2026, 486 W
Tue Mar 31 14:55:29 IDT 2026, 528 W
Tue Mar 31 14:55:29 IDT 2026, 538 W
Tue Mar 31 14:55:29 IDT 2026, 526 W
Tue Mar 31 14:55:29 IDT 2026, 529 W
Tue Mar 31 14:55:29 IDT 2026, 527 W
Tue Mar 31 14:55:29 IDT 2026, 532 W
Tue Mar 31 14:55:29 IDT 2026, 534 W
Tue Mar 31 14:55:29 IDT 2026, 528 W
Tue Mar 31 14:55:30 IDT 2026, 528 W
Tue Mar 31 14:55:30 IDT 2026, 538 W
Tue Mar 31 14:55:30 IDT 2026, 528 W
Tue Mar 31 14:55:30 IDT 2026, 533 W
Tue Mar 31 14:55:30 IDT 2026, 528 W
Tue Mar 31 14:55:30 IDT 2026, 532 W
Tue Mar 31 14:55:30 IDT 2026, 529 W
Tue Mar 31 14:55:30 IDT 2026, 529 W
Tue Mar 31 14:55:31 IDT 2026, 528 W
Tue Mar 31 14:55:31 IDT 2026, 538 W
Tue Mar 31 14:55:31 IDT 2026, 527 W
Tue Mar 31 14:55:31 IDT 2026, 532 W
Tue Mar 31 14:55:31 IDT 2026, 529 W
Tue Mar 31 14:55:31 IDT 2026, 535 W
Tue Mar 31 14:55:31 IDT 2026, 533 W
Tue Mar 31 14:55:31 IDT 2026, 527 W
Tue Mar 31 14:55:32 IDT 2026, 524 W
Tue Mar 31 14:55:32 IDT 2026, 536 W
Tue Mar 31 14:55:32 IDT 2026, 528 W
Tue Mar 31 14:55:32 IDT 2026, 532 W
Tue Mar 31 14:55:32 IDT 2026, 531 W
Tue Mar 31 14:55:32 IDT 2026, 534 W
Tue Mar 31 14:55:32 IDT 2026, 532 W
Tue Mar 31 14:55:32 IDT 2026, 528 W
Tue Mar 31 14:55:33 IDT 2026, 529 W
Tue Mar 31 14:55:33 IDT 2026, 535 W
Tue Mar 31 14:55:33 IDT 2026, 528 W
Tue Mar 31 14:55:33 IDT 2026, 531 W
Tue Mar 31 14:55:33 IDT 2026, 529 W
Tue Mar 31 14:55:33 IDT 2026, 535 W
Tue Mar 31 14:55:33 IDT 2026, 536 W
Tue Mar 31 14:55:33 IDT 2026, 528 W
Tue Mar 31 14:55:34 IDT 2026, 527 W
Tue Mar 31 14:55:34 IDT 2026, 538 W
Tue Mar 31 14:55:34 IDT 2026, 530 W
Tue Mar 31 14:55:34 IDT 2026, 529 W
Tue Mar 31 14:55:34 IDT 2026, 530 W
Tue Mar 31 14:55:34 IDT 2026, 535 W
Tue Mar 31 14:55:34 IDT 2026, 530 W
Tue Mar 31 14:55:34 IDT 2026, 529 W
Tue Mar 31 14:55:35 IDT 2026, 529 W
Tue Mar 31 14:55:35 IDT 2026, 537 W
Tue Mar 31 14:55:35 IDT 2026, 525 W
Tue Mar 31 14:55:35 IDT 2026, 532 W
Tue Mar 31 14:55:35 IDT 2026, 528 W
Tue Mar 31 14:55:35 IDT 2026, 537 W
Tue Mar 31 14:55:35 IDT 2026, 536 W
Tue Mar 31 14:55:35 IDT 2026, 529 W
Tue Mar 31 14:55:36 IDT 2026, 526 W
Tue Mar 31 14:55:36 IDT 2026, 536 W
Tue Mar 31 14:55:36 IDT 2026, 530 W
Tue Mar 31 14:55:36 IDT 2026, 527 W
Tue Mar 31 14:55:36 IDT 2026, 525 W
Tue Mar 31 14:55:36 IDT 2026, 535 W
Tue Mar 31 14:55:36 IDT 2026, 532 W
Tue Mar 31 14:55:36 IDT 2026, 528 W
Tue Mar 31 14:55:37 IDT 2026, 519 W
Tue Mar 31 14:55:37 IDT 2026, 529 W
Tue Mar 31 14:55:37 IDT 2026, 522 W
Tue Mar 31 14:55:37 IDT 2026, 522 W
Tue Mar 31 14:55:37 IDT 2026, 521 W
Tue Mar 31 14:55:37 IDT 2026, 529 W
Tue Mar 31 14:55:37 IDT 2026, 521 W
Tue Mar 31 14:55:37 IDT 2026, 520 W
Tue Mar 31 14:55:38 IDT 2026, 507 W
Tue Mar 31 14:55:38 IDT 2026, 520 W
Tue Mar 31 14:55:38 IDT 2026, 506 W
Tue Mar 31 14:55:38 IDT 2026, 511 W
Tue Mar 31 14:55:38 IDT 2026, 508 W
Tue Mar 31 14:55:38 IDT 2026, 514 W
Tue Mar 31 14:55:38 IDT 2026, 509 W
Tue Mar 31 14:55:38 IDT 2026, 508 W
Tue Mar 31 14:55:39 IDT 2026, 457 W
Tue Mar 31 14:55:39 IDT 2026, 514 W
Tue Mar 31 14:55:39 IDT 2026, 473 W
Tue Mar 31 14:55:39 IDT 2026, 505 W
Tue Mar 31 14:55:39 IDT 2026, 503 W
Tue Mar 31 14:55:39 IDT 2026, 452 W
Tue Mar 31 14:55:39 IDT 2026, 439 W
Tue Mar 31 14:55:39 IDT 2026, 506 W
Tue Mar 31 14:55:40 IDT 2026, 465 W
Tue Mar 31 14:55:40 IDT 2026, 493 W
Tue Mar 31 14:55:40 IDT 2026, 499 W
Tue Mar 31 14:55:40 IDT 2026, 502 W
Tue Mar 31 14:55:40 IDT 2026, 501 W
Tue Mar 31 14:55:40 IDT 2026, 482 W
Tue Mar 31 14:55:40 IDT 2026, 483 W
Tue Mar 31 14:55:40 IDT 2026, 501 W
Tue Mar 31 14:55:41 IDT 2026, 506 W
Tue Mar 31 14:55:41 IDT 2026, 515 W
Tue Mar 31 14:55:41 IDT 2026, 506 W
Tue Mar 31 14:55:41 IDT 2026, 510 W
Tue Mar 31 14:55:41 IDT 2026, 506 W
Tue Mar 31 14:55:41 IDT 2026, 513 W
Tue Mar 31 14:55:41 IDT 2026, 510 W
Tue Mar 31 14:55:41 IDT 2026, 508 W
Tue Mar 31 14:55:42 IDT 2026, 502 W
Tue Mar 31 14:55:42 IDT 2026, 513 W
Tue Mar 31 14:55:42 IDT 2026, 504 W
Tue Mar 31 14:55:42 IDT 2026, 508 W
Tue Mar 31 14:55:42 IDT 2026, 508 W
Tue Mar 31 14:55:42 IDT 2026, 513 W
Tue Mar 31 14:55:42 IDT 2026, 509 W
Tue Mar 31 14:55:42 IDT 2026, 508 W
Tue Mar 31 14:55:43 IDT 2026, 504 W
Tue Mar 31 14:55:43 IDT 2026, 514 W
Tue Mar 31 14:55:43 IDT 2026, 503 W
Tue Mar 31 14:55:43 IDT 2026, 508 W
Tue Mar 31 14:55:43 IDT 2026, 504 W
Tue Mar 31 14:55:43 IDT 2026, 510 W
Tue Mar 31 14:55:43 IDT 2026, 509 W
Tue Mar 31 14:55:43 IDT 2026, 504 W
Tue Mar 31 14:55:44 IDT 2026, 504 W
Tue Mar 31 14:55:44 IDT 2026, 514 W
Tue Mar 31 14:55:44 IDT 2026, 502 W
Tue Mar 31 14:55:44 IDT 2026, 506 W
Tue Mar 31 14:55:44 IDT 2026, 505 W
Tue Mar 31 14:55:44 IDT 2026, 510 W
Tue Mar 31 14:55:44 IDT 2026, 511 W
Tue Mar 31 14:55:44 IDT 2026, 505 W
Tue Mar 31 14:55:45 IDT 2026, 507 W
Tue Mar 31 14:55:45 IDT 2026, 515 W
Tue Mar 31 14:55:45 IDT 2026, 507 W
Tue Mar 31 14:55:45 IDT 2026, 509 W
Tue Mar 31 14:55:45 IDT 2026, 508 W
Tue Mar 31 14:55:45 IDT 2026, 511 W
Tue Mar 31 14:55:45 IDT 2026, 508 W
Tue Mar 31 14:55:45 IDT 2026, 507 W
Tue Mar 31 14:55:46 IDT 2026, 506 W
Tue Mar 31 14:55:46 IDT 2026, 516 W
Tue Mar 31 14:55:46 IDT 2026, 507 W
Tue Mar 31 14:55:46 IDT 2026, 508 W
Tue Mar 31 14:55:46 IDT 2026, 508 W
Tue Mar 31 14:55:46 IDT 2026, 512 W
Tue Mar 31 14:55:46 IDT 2026, 513 W
Tue Mar 31 14:55:46 IDT 2026, 506 W
Tue Mar 31 14:55:47 IDT 2026, 450 W
Tue Mar 31 14:55:47 IDT 2026, 458 W
Tue Mar 31 14:55:47 IDT 2026, 448 W
Tue Mar 31 14:55:47 IDT 2026, 442 W
Tue Mar 31 14:55:47 IDT 2026, 449 W
Tue Mar 31 14:55:47 IDT 2026, 454 W
Tue Mar 31 14:55:47 IDT 2026, 462 W
Tue Mar 31 14:55:47 IDT 2026, 448 W
Tue Mar 31 14:55:48 IDT 2026, 466 W
Tue Mar 31 14:55:48 IDT 2026, 476 W
Tue Mar 31 14:55:48 IDT 2026, 468 W
Tue Mar 31 14:55:48 IDT 2026, 473 W
Tue Mar 31 14:55:48 IDT 2026, 473 W
Tue Mar 31 14:55:48 IDT 2026, 474 W
Tue Mar 31 14:55:48 IDT 2026, 469 W
Tue Mar 31 14:55:48 IDT 2026, 471 W
