timestamp, power.draw [W]
Wed Apr  1 20:17:45 IDT 2026, 231 W
Wed Apr  1 20:17:45 IDT 2026, 234 W
Wed Apr  1 20:17:45 IDT 2026, 228 W
Wed Apr  1 20:17:45 IDT 2026, 233 W
Wed Apr  1 20:17:46 IDT 2026, 231 W
Wed Apr  1 20:17:46 IDT 2026, 234 W
Wed Apr  1 20:17:46 IDT 2026, 228 W
Wed Apr  1 20:17:46 IDT 2026, 233 W
Wed Apr  1 20:17:47 IDT 2026, 231 W
Wed Apr  1 20:17:47 IDT 2026, 234 W
Wed Apr  1 20:17:47 IDT 2026, 228 W
Wed Apr  1 20:17:47 IDT 2026, 233 W
Wed Apr  1 20:17:48 IDT 2026, 231 W
Wed Apr  1 20:17:48 IDT 2026, 234 W
Wed Apr  1 20:17:48 IDT 2026, 228 W
Wed Apr  1 20:17:48 IDT 2026, 233 W
Wed Apr  1 20:17:49 IDT 2026, 231 W
Wed Apr  1 20:17:49 IDT 2026, 234 W
Wed Apr  1 20:17:49 IDT 2026, 228 W
Wed Apr  1 20:17:49 IDT 2026, 233 W
Wed Apr  1 20:17:50 IDT 2026, 231 W
Wed Apr  1 20:17:50 IDT 2026, 234 W
Wed Apr  1 20:17:50 IDT 2026, 228 W
Wed Apr  1 20:17:50 IDT 2026, 233 W
Wed Apr  1 20:17:51 IDT 2026, 231 W
Wed Apr  1 20:17:51 IDT 2026, 234 W
Wed Apr  1 20:17:51 IDT 2026, 228 W
Wed Apr  1 20:17:51 IDT 2026, 233 W
Wed Apr  1 20:17:52 IDT 2026, 232 W
Wed Apr  1 20:17:52 IDT 2026, 236 W
Wed Apr  1 20:17:52 IDT 2026, 230 W
Wed Apr  1 20:17:52 IDT 2026, 234 W
Wed Apr  1 20:17:53 IDT 2026, 688 W
Wed Apr  1 20:17:53 IDT 2026, 482 W
Wed Apr  1 20:17:53 IDT 2026, 637 W
Wed Apr  1 20:17:53 IDT 2026, 527 W
Wed Apr  1 20:17:54 IDT 2026, 232 W
Wed Apr  1 20:17:54 IDT 2026, 252 W
Wed Apr  1 20:17:54 IDT 2026, 228 W
Wed Apr  1 20:17:54 IDT 2026, 245 W
Wed Apr  1 20:17:55 IDT 2026, 235 W
Wed Apr  1 20:17:55 IDT 2026, 237 W
Wed Apr  1 20:17:55 IDT 2026, 234 W
Wed Apr  1 20:17:55 IDT 2026, 238 W
Wed Apr  1 20:17:56 IDT 2026, 233 W
Wed Apr  1 20:17:56 IDT 2026, 236 W
Wed Apr  1 20:17:56 IDT 2026, 230 W
Wed Apr  1 20:17:56 IDT 2026, 237 W
Wed Apr  1 20:17:57 IDT 2026, 605 W
Wed Apr  1 20:17:57 IDT 2026, 610 W
Wed Apr  1 20:17:57 IDT 2026, 603 W
Wed Apr  1 20:17:57 IDT 2026, 606 W
Wed Apr  1 20:17:58 IDT 2026, 609 W
Wed Apr  1 20:17:58 IDT 2026, 616 W
Wed Apr  1 20:17:58 IDT 2026, 604 W
Wed Apr  1 20:17:58 IDT 2026, 610 W
Wed Apr  1 20:17:59 IDT 2026, 609 W
Wed Apr  1 20:17:59 IDT 2026, 615 W
Wed Apr  1 20:17:59 IDT 2026, 603 W
Wed Apr  1 20:17:59 IDT 2026, 609 W
Wed Apr  1 20:18:00 IDT 2026, 610 W
Wed Apr  1 20:18:00 IDT 2026, 614 W
Wed Apr  1 20:18:00 IDT 2026, 605 W
Wed Apr  1 20:18:00 IDT 2026, 614 W
Wed Apr  1 20:18:01 IDT 2026, 607 W
Wed Apr  1 20:18:01 IDT 2026, 613 W
Wed Apr  1 20:18:01 IDT 2026, 606 W
Wed Apr  1 20:18:01 IDT 2026, 613 W
Wed Apr  1 20:18:02 IDT 2026, 608 W
Wed Apr  1 20:18:02 IDT 2026, 613 W
Wed Apr  1 20:18:02 IDT 2026, 606 W
Wed Apr  1 20:18:02 IDT 2026, 611 W
Wed Apr  1 20:18:03 IDT 2026, 609 W
Wed Apr  1 20:18:03 IDT 2026, 613 W
Wed Apr  1 20:18:03 IDT 2026, 603 W
Wed Apr  1 20:18:03 IDT 2026, 613 W
Wed Apr  1 20:18:04 IDT 2026, 609 W
Wed Apr  1 20:18:04 IDT 2026, 613 W
Wed Apr  1 20:18:04 IDT 2026, 606 W
Wed Apr  1 20:18:04 IDT 2026, 615 W
Wed Apr  1 20:18:05 IDT 2026, 611 W
Wed Apr  1 20:18:05 IDT 2026, 617 W
Wed Apr  1 20:18:05 IDT 2026, 605 W
Wed Apr  1 20:18:05 IDT 2026, 616 W
Wed Apr  1 20:18:06 IDT 2026, 608 W
Wed Apr  1 20:18:06 IDT 2026, 616 W
Wed Apr  1 20:18:06 IDT 2026, 606 W
Wed Apr  1 20:18:06 IDT 2026, 612 W
Wed Apr  1 20:18:07 IDT 2026, 610 W
Wed Apr  1 20:18:07 IDT 2026, 616 W
Wed Apr  1 20:18:07 IDT 2026, 606 W
Wed Apr  1 20:18:07 IDT 2026, 613 W
Wed Apr  1 20:18:08 IDT 2026, 607 W
Wed Apr  1 20:18:08 IDT 2026, 615 W
Wed Apr  1 20:18:08 IDT 2026, 606 W
Wed Apr  1 20:18:08 IDT 2026, 613 W
Wed Apr  1 20:18:09 IDT 2026, 608 W
Wed Apr  1 20:18:09 IDT 2026, 616 W
Wed Apr  1 20:18:09 IDT 2026, 603 W
Wed Apr  1 20:18:09 IDT 2026, 611 W
Wed Apr  1 20:18:10 IDT 2026, 607 W
Wed Apr  1 20:18:10 IDT 2026, 614 W
Wed Apr  1 20:18:10 IDT 2026, 600 W
Wed Apr  1 20:18:10 IDT 2026, 609 W
Wed Apr  1 20:18:11 IDT 2026, 234 W
Wed Apr  1 20:18:11 IDT 2026, 238 W
Wed Apr  1 20:18:11 IDT 2026, 231 W
Wed Apr  1 20:18:11 IDT 2026, 239 W
Wed Apr  1 20:18:12 IDT 2026, 235 W
Wed Apr  1 20:18:12 IDT 2026, 237 W
Wed Apr  1 20:18:12 IDT 2026, 231 W
Wed Apr  1 20:18:12 IDT 2026, 237 W
Wed Apr  1 20:18:13 IDT 2026, 598 W
Wed Apr  1 20:18:13 IDT 2026, 606 W
Wed Apr  1 20:18:13 IDT 2026, 595 W
Wed Apr  1 20:18:13 IDT 2026, 603 W
Wed Apr  1 20:18:14 IDT 2026, 601 W
Wed Apr  1 20:18:14 IDT 2026, 607 W
Wed Apr  1 20:18:14 IDT 2026, 596 W
Wed Apr  1 20:18:14 IDT 2026, 603 W
Wed Apr  1 20:18:15 IDT 2026, 598 W
Wed Apr  1 20:18:15 IDT 2026, 605 W
Wed Apr  1 20:18:15 IDT 2026, 591 W
Wed Apr  1 20:18:15 IDT 2026, 606 W
Wed Apr  1 20:18:16 IDT 2026, 598 W
Wed Apr  1 20:18:16 IDT 2026, 609 W
Wed Apr  1 20:18:16 IDT 2026, 594 W
Wed Apr  1 20:18:16 IDT 2026, 605 W
Wed Apr  1 20:18:17 IDT 2026, 598 W
Wed Apr  1 20:18:17 IDT 2026, 604 W
Wed Apr  1 20:18:17 IDT 2026, 594 W
Wed Apr  1 20:18:17 IDT 2026, 602 W
Wed Apr  1 20:18:18 IDT 2026, 591 W
Wed Apr  1 20:18:18 IDT 2026, 598 W
Wed Apr  1 20:18:18 IDT 2026, 588 W
Wed Apr  1 20:18:18 IDT 2026, 597 W
Wed Apr  1 20:18:19 IDT 2026, 594 W
Wed Apr  1 20:18:19 IDT 2026, 598 W
Wed Apr  1 20:18:19 IDT 2026, 589 W
Wed Apr  1 20:18:19 IDT 2026, 599 W
Wed Apr  1 20:18:20 IDT 2026, 592 W
Wed Apr  1 20:18:20 IDT 2026, 600 W
Wed Apr  1 20:18:20 IDT 2026, 587 W
Wed Apr  1 20:18:20 IDT 2026, 600 W
Wed Apr  1 20:18:21 IDT 2026, 594 W
Wed Apr  1 20:18:21 IDT 2026, 598 W
Wed Apr  1 20:18:21 IDT 2026, 589 W
Wed Apr  1 20:18:21 IDT 2026, 599 W
Wed Apr  1 20:18:22 IDT 2026, 592 W
Wed Apr  1 20:18:22 IDT 2026, 598 W
Wed Apr  1 20:18:22 IDT 2026, 588 W
Wed Apr  1 20:18:22 IDT 2026, 594 W
Wed Apr  1 20:18:23 IDT 2026, 235 W
Wed Apr  1 20:18:23 IDT 2026, 237 W
Wed Apr  1 20:18:23 IDT 2026, 230 W
Wed Apr  1 20:18:23 IDT 2026, 237 W
Wed Apr  1 20:18:24 IDT 2026, 254 W
Wed Apr  1 20:18:24 IDT 2026, 284 W
Wed Apr  1 20:18:24 IDT 2026, 306 W
Wed Apr  1 20:18:24 IDT 2026, 346 W
Wed Apr  1 20:18:25 IDT 2026, 580 W
Wed Apr  1 20:18:25 IDT 2026, 582 W
Wed Apr  1 20:18:25 IDT 2026, 571 W
Wed Apr  1 20:18:25 IDT 2026, 581 W
Wed Apr  1 20:18:26 IDT 2026, 581 W
Wed Apr  1 20:18:26 IDT 2026, 584 W
Wed Apr  1 20:18:26 IDT 2026, 577 W
Wed Apr  1 20:18:26 IDT 2026, 587 W
Wed Apr  1 20:18:27 IDT 2026, 583 W
Wed Apr  1 20:18:27 IDT 2026, 589 W
Wed Apr  1 20:18:27 IDT 2026, 577 W
Wed Apr  1 20:18:27 IDT 2026, 585 W
Wed Apr  1 20:18:28 IDT 2026, 584 W
Wed Apr  1 20:18:28 IDT 2026, 587 W
Wed Apr  1 20:18:28 IDT 2026, 579 W
Wed Apr  1 20:18:28 IDT 2026, 586 W
Wed Apr  1 20:18:29 IDT 2026, 582 W
Wed Apr  1 20:18:29 IDT 2026, 582 W
Wed Apr  1 20:18:29 IDT 2026, 577 W
Wed Apr  1 20:18:29 IDT 2026, 579 W
Wed Apr  1 20:18:30 IDT 2026, 588 W
Wed Apr  1 20:18:30 IDT 2026, 590 W
Wed Apr  1 20:18:30 IDT 2026, 580 W
Wed Apr  1 20:18:30 IDT 2026, 588 W
Wed Apr  1 20:18:31 IDT 2026, 579 W
Wed Apr  1 20:18:31 IDT 2026, 582 W
Wed Apr  1 20:18:31 IDT 2026, 569 W
Wed Apr  1 20:18:31 IDT 2026, 585 W
Wed Apr  1 20:18:32 IDT 2026, 769 W
Wed Apr  1 20:18:32 IDT 2026, 822 W
Wed Apr  1 20:18:32 IDT 2026, 833 W
Wed Apr  1 20:18:32 IDT 2026, 805 W
Wed Apr  1 20:18:33 IDT 2026, 235 W
Wed Apr  1 20:18:33 IDT 2026, 238 W
Wed Apr  1 20:18:33 IDT 2026, 231 W
Wed Apr  1 20:18:33 IDT 2026, 238 W
Wed Apr  1 20:18:34 IDT 2026, 235 W
Wed Apr  1 20:18:34 IDT 2026, 236 W
Wed Apr  1 20:18:34 IDT 2026, 231 W
Wed Apr  1 20:18:34 IDT 2026, 238 W
Wed Apr  1 20:18:35 IDT 2026, 519 W
Wed Apr  1 20:18:35 IDT 2026, 437 W
Wed Apr  1 20:18:35 IDT 2026, 423 W
Wed Apr  1 20:18:35 IDT 2026, 476 W
Wed Apr  1 20:18:36 IDT 2026, 609 W
Wed Apr  1 20:18:36 IDT 2026, 617 W
Wed Apr  1 20:18:36 IDT 2026, 605 W
Wed Apr  1 20:18:36 IDT 2026, 618 W
Wed Apr  1 20:18:37 IDT 2026, 609 W
Wed Apr  1 20:18:37 IDT 2026, 617 W
Wed Apr  1 20:18:37 IDT 2026, 606 W
Wed Apr  1 20:18:37 IDT 2026, 614 W
Wed Apr  1 20:18:38 IDT 2026, 610 W
Wed Apr  1 20:18:38 IDT 2026, 618 W
Wed Apr  1 20:18:38 IDT 2026, 609 W
Wed Apr  1 20:18:38 IDT 2026, 615 W
Wed Apr  1 20:18:39 IDT 2026, 612 W
Wed Apr  1 20:18:39 IDT 2026, 619 W
Wed Apr  1 20:18:39 IDT 2026, 607 W
Wed Apr  1 20:18:39 IDT 2026, 615 W
Wed Apr  1 20:18:40 IDT 2026, 610 W
Wed Apr  1 20:18:40 IDT 2026, 620 W
Wed Apr  1 20:18:40 IDT 2026, 608 W
Wed Apr  1 20:18:40 IDT 2026, 616 W
Wed Apr  1 20:18:41 IDT 2026, 611 W
Wed Apr  1 20:18:41 IDT 2026, 617 W
Wed Apr  1 20:18:41 IDT 2026, 608 W
Wed Apr  1 20:18:41 IDT 2026, 617 W
Wed Apr  1 20:18:42 IDT 2026, 612 W
Wed Apr  1 20:18:42 IDT 2026, 620 W
Wed Apr  1 20:18:42 IDT 2026, 607 W
Wed Apr  1 20:18:42 IDT 2026, 616 W
Wed Apr  1 20:18:43 IDT 2026, 610 W
Wed Apr  1 20:18:43 IDT 2026, 619 W
Wed Apr  1 20:18:43 IDT 2026, 608 W
Wed Apr  1 20:18:43 IDT 2026, 617 W
Wed Apr  1 20:18:44 IDT 2026, 608 W
Wed Apr  1 20:18:44 IDT 2026, 616 W
Wed Apr  1 20:18:44 IDT 2026, 607 W
Wed Apr  1 20:18:44 IDT 2026, 616 W
Wed Apr  1 20:18:45 IDT 2026, 608 W
Wed Apr  1 20:18:45 IDT 2026, 617 W
Wed Apr  1 20:18:45 IDT 2026, 605 W
Wed Apr  1 20:18:45 IDT 2026, 614 W
Wed Apr  1 20:18:46 IDT 2026, 610 W
Wed Apr  1 20:18:46 IDT 2026, 615 W
Wed Apr  1 20:18:46 IDT 2026, 605 W
Wed Apr  1 20:18:46 IDT 2026, 616 W
Wed Apr  1 20:18:47 IDT 2026, 611 W
Wed Apr  1 20:18:47 IDT 2026, 618 W
Wed Apr  1 20:18:47 IDT 2026, 606 W
Wed Apr  1 20:18:47 IDT 2026, 615 W
Wed Apr  1 20:18:48 IDT 2026, 609 W
Wed Apr  1 20:18:48 IDT 2026, 617 W
Wed Apr  1 20:18:48 IDT 2026, 605 W
Wed Apr  1 20:18:48 IDT 2026, 615 W
Wed Apr  1 20:18:49 IDT 2026, 602 W
Wed Apr  1 20:18:49 IDT 2026, 609 W
Wed Apr  1 20:18:49 IDT 2026, 599 W
Wed Apr  1 20:18:49 IDT 2026, 610 W
Wed Apr  1 20:18:50 IDT 2026, 598 W
Wed Apr  1 20:18:50 IDT 2026, 603 W
Wed Apr  1 20:18:50 IDT 2026, 590 W
Wed Apr  1 20:18:50 IDT 2026, 606 W
Wed Apr  1 20:18:51 IDT 2026, 597 W
Wed Apr  1 20:18:51 IDT 2026, 604 W
Wed Apr  1 20:18:51 IDT 2026, 591 W
Wed Apr  1 20:18:51 IDT 2026, 603 W
Wed Apr  1 20:18:52 IDT 2026, 601 W
Wed Apr  1 20:18:52 IDT 2026, 605 W
Wed Apr  1 20:18:52 IDT 2026, 594 W
Wed Apr  1 20:18:52 IDT 2026, 606 W
Wed Apr  1 20:18:53 IDT 2026, 600 W
Wed Apr  1 20:18:53 IDT 2026, 606 W
Wed Apr  1 20:18:53 IDT 2026, 593 W
Wed Apr  1 20:18:53 IDT 2026, 604 W
Wed Apr  1 20:18:54 IDT 2026, 595 W
Wed Apr  1 20:18:54 IDT 2026, 602 W
Wed Apr  1 20:18:54 IDT 2026, 589 W
Wed Apr  1 20:18:54 IDT 2026, 600 W
Wed Apr  1 20:18:55 IDT 2026, 575 W
Wed Apr  1 20:18:55 IDT 2026, 588 W
Wed Apr  1 20:18:55 IDT 2026, 575 W
Wed Apr  1 20:18:55 IDT 2026, 580 W
Wed Apr  1 20:18:56 IDT 2026, 587 W
Wed Apr  1 20:18:56 IDT 2026, 590 W
Wed Apr  1 20:18:56 IDT 2026, 581 W
Wed Apr  1 20:18:56 IDT 2026, 591 W
Wed Apr  1 20:18:57 IDT 2026, 582 W
Wed Apr  1 20:18:57 IDT 2026, 590 W
Wed Apr  1 20:18:57 IDT 2026, 579 W
Wed Apr  1 20:18:57 IDT 2026, 589 W
Wed Apr  1 20:18:58 IDT 2026, 583 W
Wed Apr  1 20:18:58 IDT 2026, 588 W
Wed Apr  1 20:18:58 IDT 2026, 580 W
Wed Apr  1 20:18:58 IDT 2026, 588 W
Wed Apr  1 20:18:59 IDT 2026, 586 W
Wed Apr  1 20:18:59 IDT 2026, 588 W
Wed Apr  1 20:18:59 IDT 2026, 575 W
Wed Apr  1 20:18:59 IDT 2026, 592 W
Wed Apr  1 20:19:00 IDT 2026, 584 W
Wed Apr  1 20:19:00 IDT 2026, 590 W
Wed Apr  1 20:19:00 IDT 2026, 580 W
Wed Apr  1 20:19:00 IDT 2026, 590 W
Wed Apr  1 20:19:01 IDT 2026, 236 W
Wed Apr  1 20:19:01 IDT 2026, 239 W
Wed Apr  1 20:19:01 IDT 2026, 231 W
Wed Apr  1 20:19:01 IDT 2026, 240 W
Wed Apr  1 20:19:02 IDT 2026, 234 W
Wed Apr  1 20:19:02 IDT 2026, 237 W
Wed Apr  1 20:19:02 IDT 2026, 231 W
Wed Apr  1 20:19:02 IDT 2026, 238 W
Wed Apr  1 20:19:03 IDT 2026, 544 W
Wed Apr  1 20:19:03 IDT 2026, 551 W
Wed Apr  1 20:19:03 IDT 2026, 542 W
Wed Apr  1 20:19:03 IDT 2026, 553 W
Wed Apr  1 20:19:04 IDT 2026, 545 W
Wed Apr  1 20:19:04 IDT 2026, 553 W
Wed Apr  1 20:19:04 IDT 2026, 534 W
Wed Apr  1 20:19:04 IDT 2026, 550 W
Wed Apr  1 20:19:05 IDT 2026, 550 W
Wed Apr  1 20:19:05 IDT 2026, 549 W
Wed Apr  1 20:19:05 IDT 2026, 546 W
Wed Apr  1 20:19:05 IDT 2026, 552 W
Wed Apr  1 20:19:06 IDT 2026, 236 W
Wed Apr  1 20:19:06 IDT 2026, 239 W
Wed Apr  1 20:19:06 IDT 2026, 231 W
Wed Apr  1 20:19:06 IDT 2026, 241 W
Wed Apr  1 20:19:07 IDT 2026, 234 W
Wed Apr  1 20:19:07 IDT 2026, 238 W
Wed Apr  1 20:19:07 IDT 2026, 231 W
Wed Apr  1 20:19:07 IDT 2026, 238 W
Wed Apr  1 20:19:08 IDT 2026, 235 W
Wed Apr  1 20:19:08 IDT 2026, 238 W
Wed Apr  1 20:19:08 IDT 2026, 231 W
Wed Apr  1 20:19:08 IDT 2026, 240 W
Wed Apr  1 20:19:09 IDT 2026, 236 W
Wed Apr  1 20:19:09 IDT 2026, 237 W
Wed Apr  1 20:19:09 IDT 2026, 231 W
Wed Apr  1 20:19:09 IDT 2026, 240 W
Wed Apr  1 20:19:10 IDT 2026, 233 W
Wed Apr  1 20:19:10 IDT 2026, 237 W
Wed Apr  1 20:19:10 IDT 2026, 230 W
Wed Apr  1 20:19:10 IDT 2026, 237 W
Wed Apr  1 20:19:11 IDT 2026, 614 W
Wed Apr  1 20:19:11 IDT 2026, 620 W
Wed Apr  1 20:19:11 IDT 2026, 609 W
Wed Apr  1 20:19:11 IDT 2026, 619 W
Wed Apr  1 20:19:12 IDT 2026, 614 W
Wed Apr  1 20:19:12 IDT 2026, 619 W
Wed Apr  1 20:19:12 IDT 2026, 609 W
Wed Apr  1 20:19:12 IDT 2026, 617 W
Wed Apr  1 20:19:13 IDT 2026, 612 W
Wed Apr  1 20:19:13 IDT 2026, 618 W
Wed Apr  1 20:19:13 IDT 2026, 605 W
Wed Apr  1 20:19:13 IDT 2026, 617 W
Wed Apr  1 20:19:14 IDT 2026, 611 W
Wed Apr  1 20:19:14 IDT 2026, 619 W
Wed Apr  1 20:19:14 IDT 2026, 608 W
Wed Apr  1 20:19:14 IDT 2026, 617 W
Wed Apr  1 20:19:15 IDT 2026, 613 W
Wed Apr  1 20:19:15 IDT 2026, 619 W
Wed Apr  1 20:19:15 IDT 2026, 607 W
Wed Apr  1 20:19:15 IDT 2026, 619 W
Wed Apr  1 20:19:16 IDT 2026, 612 W
Wed Apr  1 20:19:16 IDT 2026, 620 W
Wed Apr  1 20:19:16 IDT 2026, 609 W
Wed Apr  1 20:19:16 IDT 2026, 618 W
Wed Apr  1 20:19:17 IDT 2026, 613 W
Wed Apr  1 20:19:17 IDT 2026, 618 W
Wed Apr  1 20:19:17 IDT 2026, 604 W
Wed Apr  1 20:19:17 IDT 2026, 618 W
Wed Apr  1 20:19:18 IDT 2026, 612 W
Wed Apr  1 20:19:18 IDT 2026, 620 W
Wed Apr  1 20:19:18 IDT 2026, 605 W
Wed Apr  1 20:19:18 IDT 2026, 619 W
Wed Apr  1 20:19:19 IDT 2026, 612 W
Wed Apr  1 20:19:19 IDT 2026, 619 W
Wed Apr  1 20:19:19 IDT 2026, 607 W
Wed Apr  1 20:19:19 IDT 2026, 619 W
Wed Apr  1 20:19:20 IDT 2026, 614 W
Wed Apr  1 20:19:20 IDT 2026, 618 W
Wed Apr  1 20:19:20 IDT 2026, 606 W
Wed Apr  1 20:19:20 IDT 2026, 618 W
Wed Apr  1 20:19:21 IDT 2026, 613 W
Wed Apr  1 20:19:21 IDT 2026, 620 W
Wed Apr  1 20:19:21 IDT 2026, 606 W
Wed Apr  1 20:19:21 IDT 2026, 619 W
Wed Apr  1 20:19:22 IDT 2026, 610 W
Wed Apr  1 20:19:22 IDT 2026, 614 W
Wed Apr  1 20:19:22 IDT 2026, 609 W
Wed Apr  1 20:19:22 IDT 2026, 619 W
Wed Apr  1 20:19:23 IDT 2026, 610 W
Wed Apr  1 20:19:23 IDT 2026, 619 W
Wed Apr  1 20:19:23 IDT 2026, 607 W
Wed Apr  1 20:19:23 IDT 2026, 620 W
Wed Apr  1 20:19:24 IDT 2026, 611 W
Wed Apr  1 20:19:24 IDT 2026, 615 W
Wed Apr  1 20:19:24 IDT 2026, 605 W
Wed Apr  1 20:19:24 IDT 2026, 617 W
Wed Apr  1 20:19:25 IDT 2026, 606 W
Wed Apr  1 20:19:25 IDT 2026, 615 W
Wed Apr  1 20:19:25 IDT 2026, 607 W
Wed Apr  1 20:19:25 IDT 2026, 618 W
Wed Apr  1 20:19:26 IDT 2026, 609 W
Wed Apr  1 20:19:26 IDT 2026, 614 W
Wed Apr  1 20:19:26 IDT 2026, 603 W
Wed Apr  1 20:19:26 IDT 2026, 615 W
Wed Apr  1 20:19:27 IDT 2026, 608 W
Wed Apr  1 20:19:27 IDT 2026, 616 W
Wed Apr  1 20:19:27 IDT 2026, 605 W
Wed Apr  1 20:19:27 IDT 2026, 618 W
Wed Apr  1 20:19:28 IDT 2026, 611 W
Wed Apr  1 20:19:28 IDT 2026, 617 W
Wed Apr  1 20:19:28 IDT 2026, 605 W
Wed Apr  1 20:19:28 IDT 2026, 615 W
Wed Apr  1 20:19:29 IDT 2026, 608 W
Wed Apr  1 20:19:29 IDT 2026, 615 W
Wed Apr  1 20:19:29 IDT 2026, 607 W
Wed Apr  1 20:19:29 IDT 2026, 619 W
Wed Apr  1 20:19:30 IDT 2026, 609 W
Wed Apr  1 20:19:30 IDT 2026, 616 W
Wed Apr  1 20:19:30 IDT 2026, 606 W
Wed Apr  1 20:19:30 IDT 2026, 615 W
Wed Apr  1 20:19:31 IDT 2026, 606 W
Wed Apr  1 20:19:31 IDT 2026, 615 W
Wed Apr  1 20:19:31 IDT 2026, 606 W
Wed Apr  1 20:19:31 IDT 2026, 618 W
Wed Apr  1 20:19:32 IDT 2026, 609 W
Wed Apr  1 20:19:32 IDT 2026, 615 W
Wed Apr  1 20:19:32 IDT 2026, 608 W
Wed Apr  1 20:19:32 IDT 2026, 617 W
Wed Apr  1 20:19:33 IDT 2026, 611 W
Wed Apr  1 20:19:33 IDT 2026, 617 W
Wed Apr  1 20:19:33 IDT 2026, 608 W
Wed Apr  1 20:19:33 IDT 2026, 617 W
Wed Apr  1 20:19:34 IDT 2026, 612 W
Wed Apr  1 20:19:34 IDT 2026, 617 W
Wed Apr  1 20:19:34 IDT 2026, 604 W
Wed Apr  1 20:19:34 IDT 2026, 615 W
Wed Apr  1 20:19:35 IDT 2026, 609 W
Wed Apr  1 20:19:35 IDT 2026, 615 W
Wed Apr  1 20:19:35 IDT 2026, 603 W
Wed Apr  1 20:19:35 IDT 2026, 616 W
Wed Apr  1 20:19:36 IDT 2026, 609 W
Wed Apr  1 20:19:36 IDT 2026, 616 W
Wed Apr  1 20:19:36 IDT 2026, 604 W
Wed Apr  1 20:19:36 IDT 2026, 615 W
Wed Apr  1 20:19:37 IDT 2026, 608 W
Wed Apr  1 20:19:37 IDT 2026, 616 W
Wed Apr  1 20:19:37 IDT 2026, 606 W
Wed Apr  1 20:19:37 IDT 2026, 621 W
Wed Apr  1 20:19:38 IDT 2026, 604 W
Wed Apr  1 20:19:38 IDT 2026, 611 W
Wed Apr  1 20:19:38 IDT 2026, 599 W
Wed Apr  1 20:19:38 IDT 2026, 611 W
Wed Apr  1 20:19:39 IDT 2026, 604 W
Wed Apr  1 20:19:39 IDT 2026, 612 W
Wed Apr  1 20:19:39 IDT 2026, 596 W
Wed Apr  1 20:19:39 IDT 2026, 609 W
Wed Apr  1 20:19:40 IDT 2026, 598 W
Wed Apr  1 20:19:40 IDT 2026, 607 W
Wed Apr  1 20:19:40 IDT 2026, 594 W
Wed Apr  1 20:19:40 IDT 2026, 609 W
Wed Apr  1 20:19:41 IDT 2026, 599 W
Wed Apr  1 20:19:41 IDT 2026, 611 W
Wed Apr  1 20:19:41 IDT 2026, 596 W
Wed Apr  1 20:19:41 IDT 2026, 609 W
Wed Apr  1 20:19:42 IDT 2026, 604 W
Wed Apr  1 20:19:42 IDT 2026, 611 W
Wed Apr  1 20:19:42 IDT 2026, 600 W
Wed Apr  1 20:19:42 IDT 2026, 613 W
Wed Apr  1 20:19:43 IDT 2026, 250 W
Wed Apr  1 20:19:43 IDT 2026, 285 W
Wed Apr  1 20:19:43 IDT 2026, 251 W
Wed Apr  1 20:19:43 IDT 2026, 302 W
Wed Apr  1 20:19:44 IDT 2026, 774 W
Wed Apr  1 20:19:44 IDT 2026, 837 W
Wed Apr  1 20:19:44 IDT 2026, 833 W
Wed Apr  1 20:19:44 IDT 2026, 826 W
Wed Apr  1 20:19:45 IDT 2026, 615 W
Wed Apr  1 20:19:45 IDT 2026, 620 W
Wed Apr  1 20:19:45 IDT 2026, 609 W
Wed Apr  1 20:19:45 IDT 2026, 621 W
Wed Apr  1 20:19:46 IDT 2026, 614 W
Wed Apr  1 20:19:46 IDT 2026, 622 W
Wed Apr  1 20:19:46 IDT 2026, 608 W
Wed Apr  1 20:19:46 IDT 2026, 622 W
Wed Apr  1 20:19:47 IDT 2026, 612 W
Wed Apr  1 20:19:47 IDT 2026, 620 W
Wed Apr  1 20:19:47 IDT 2026, 609 W
Wed Apr  1 20:19:47 IDT 2026, 623 W
Wed Apr  1 20:19:48 IDT 2026, 613 W
Wed Apr  1 20:19:48 IDT 2026, 620 W
Wed Apr  1 20:19:48 IDT 2026, 607 W
Wed Apr  1 20:19:48 IDT 2026, 621 W
Wed Apr  1 20:19:49 IDT 2026, 610 W
Wed Apr  1 20:19:49 IDT 2026, 619 W
Wed Apr  1 20:19:49 IDT 2026, 611 W
Wed Apr  1 20:19:49 IDT 2026, 620 W
Wed Apr  1 20:19:50 IDT 2026, 616 W
Wed Apr  1 20:19:50 IDT 2026, 621 W
Wed Apr  1 20:19:50 IDT 2026, 611 W
Wed Apr  1 20:19:50 IDT 2026, 623 W
Wed Apr  1 20:19:51 IDT 2026, 614 W
Wed Apr  1 20:19:51 IDT 2026, 621 W
Wed Apr  1 20:19:51 IDT 2026, 611 W
Wed Apr  1 20:19:51 IDT 2026, 623 W
Wed Apr  1 20:19:52 IDT 2026, 611 W
Wed Apr  1 20:19:52 IDT 2026, 621 W
Wed Apr  1 20:19:52 IDT 2026, 606 W
Wed Apr  1 20:19:52 IDT 2026, 621 W
Wed Apr  1 20:19:53 IDT 2026, 612 W
Wed Apr  1 20:19:53 IDT 2026, 616 W
Wed Apr  1 20:19:53 IDT 2026, 609 W
Wed Apr  1 20:19:53 IDT 2026, 620 W
Wed Apr  1 20:19:54 IDT 2026, 608 W
Wed Apr  1 20:19:54 IDT 2026, 616 W
Wed Apr  1 20:19:54 IDT 2026, 602 W
Wed Apr  1 20:19:54 IDT 2026, 617 W
Wed Apr  1 20:19:55 IDT 2026, 605 W
Wed Apr  1 20:19:55 IDT 2026, 613 W
Wed Apr  1 20:19:55 IDT 2026, 600 W
Wed Apr  1 20:19:55 IDT 2026, 608 W
Wed Apr  1 20:19:56 IDT 2026, 603 W
Wed Apr  1 20:19:56 IDT 2026, 611 W
Wed Apr  1 20:19:56 IDT 2026, 598 W
Wed Apr  1 20:19:56 IDT 2026, 615 W
Wed Apr  1 20:19:57 IDT 2026, 603 W
Wed Apr  1 20:19:57 IDT 2026, 609 W
Wed Apr  1 20:19:57 IDT 2026, 599 W
Wed Apr  1 20:19:57 IDT 2026, 613 W
Wed Apr  1 20:19:58 IDT 2026, 600 W
Wed Apr  1 20:19:58 IDT 2026, 604 W
Wed Apr  1 20:19:58 IDT 2026, 596 W
Wed Apr  1 20:19:58 IDT 2026, 609 W
Wed Apr  1 20:19:59 IDT 2026, 585 W
Wed Apr  1 20:19:59 IDT 2026, 586 W
Wed Apr  1 20:19:59 IDT 2026, 580 W
Wed Apr  1 20:19:59 IDT 2026, 588 W
Wed Apr  1 20:20:00 IDT 2026, 585 W
Wed Apr  1 20:20:00 IDT 2026, 588 W
Wed Apr  1 20:20:00 IDT 2026, 581 W
Wed Apr  1 20:20:00 IDT 2026, 594 W
Wed Apr  1 20:20:01 IDT 2026, 585 W
Wed Apr  1 20:20:01 IDT 2026, 591 W
Wed Apr  1 20:20:01 IDT 2026, 580 W
Wed Apr  1 20:20:01 IDT 2026, 595 W
Wed Apr  1 20:20:02 IDT 2026, 584 W
Wed Apr  1 20:20:02 IDT 2026, 594 W
Wed Apr  1 20:20:02 IDT 2026, 575 W
Wed Apr  1 20:20:02 IDT 2026, 595 W
Wed Apr  1 20:20:03 IDT 2026, 579 W
Wed Apr  1 20:20:03 IDT 2026, 587 W
Wed Apr  1 20:20:03 IDT 2026, 568 W
Wed Apr  1 20:20:03 IDT 2026, 587 W
Wed Apr  1 20:20:04 IDT 2026, 580 W
Wed Apr  1 20:20:04 IDT 2026, 587 W
Wed Apr  1 20:20:04 IDT 2026, 576 W
Wed Apr  1 20:20:04 IDT 2026, 586 W
Wed Apr  1 20:20:05 IDT 2026, 587 W
Wed Apr  1 20:20:05 IDT 2026, 592 W
Wed Apr  1 20:20:05 IDT 2026, 581 W
Wed Apr  1 20:20:05 IDT 2026, 596 W
Wed Apr  1 20:20:06 IDT 2026, 582 W
Wed Apr  1 20:20:06 IDT 2026, 588 W
Wed Apr  1 20:20:06 IDT 2026, 580 W
Wed Apr  1 20:20:06 IDT 2026, 589 W
Wed Apr  1 20:20:07 IDT 2026, 586 W
Wed Apr  1 20:20:07 IDT 2026, 586 W
Wed Apr  1 20:20:07 IDT 2026, 578 W
Wed Apr  1 20:20:07 IDT 2026, 589 W
Wed Apr  1 20:20:08 IDT 2026, 586 W
Wed Apr  1 20:20:08 IDT 2026, 591 W
Wed Apr  1 20:20:08 IDT 2026, 585 W
Wed Apr  1 20:20:08 IDT 2026, 594 W
Wed Apr  1 20:20:09 IDT 2026, 587 W
Wed Apr  1 20:20:09 IDT 2026, 587 W
Wed Apr  1 20:20:09 IDT 2026, 582 W
Wed Apr  1 20:20:09 IDT 2026, 594 W
Wed Apr  1 20:20:10 IDT 2026, 578 W
Wed Apr  1 20:20:10 IDT 2026, 587 W
Wed Apr  1 20:20:10 IDT 2026, 580 W
Wed Apr  1 20:20:10 IDT 2026, 590 W
Wed Apr  1 20:20:11 IDT 2026, 585 W
Wed Apr  1 20:20:11 IDT 2026, 591 W
Wed Apr  1 20:20:11 IDT 2026, 583 W
Wed Apr  1 20:20:11 IDT 2026, 598 W
Wed Apr  1 20:20:12 IDT 2026, 584 W
Wed Apr  1 20:20:12 IDT 2026, 591 W
Wed Apr  1 20:20:12 IDT 2026, 579 W
Wed Apr  1 20:20:12 IDT 2026, 587 W
Wed Apr  1 20:20:13 IDT 2026, 583 W
Wed Apr  1 20:20:13 IDT 2026, 588 W
Wed Apr  1 20:20:13 IDT 2026, 577 W
Wed Apr  1 20:20:13 IDT 2026, 592 W
Wed Apr  1 20:20:14 IDT 2026, 236 W
Wed Apr  1 20:20:14 IDT 2026, 239 W
Wed Apr  1 20:20:14 IDT 2026, 232 W
Wed Apr  1 20:20:14 IDT 2026, 242 W
Wed Apr  1 20:20:15 IDT 2026, 616 W
Wed Apr  1 20:20:15 IDT 2026, 618 W
Wed Apr  1 20:20:15 IDT 2026, 610 W
Wed Apr  1 20:20:15 IDT 2026, 624 W
Wed Apr  1 20:20:16 IDT 2026, 618 W
Wed Apr  1 20:20:16 IDT 2026, 621 W
Wed Apr  1 20:20:16 IDT 2026, 609 W
Wed Apr  1 20:20:16 IDT 2026, 623 W
Wed Apr  1 20:20:17 IDT 2026, 614 W
Wed Apr  1 20:20:17 IDT 2026, 620 W
Wed Apr  1 20:20:17 IDT 2026, 609 W
Wed Apr  1 20:20:17 IDT 2026, 624 W
Wed Apr  1 20:20:18 IDT 2026, 616 W
Wed Apr  1 20:20:18 IDT 2026, 619 W
Wed Apr  1 20:20:18 IDT 2026, 610 W
Wed Apr  1 20:20:18 IDT 2026, 622 W
Wed Apr  1 20:20:19 IDT 2026, 616 W
Wed Apr  1 20:20:19 IDT 2026, 621 W
Wed Apr  1 20:20:19 IDT 2026, 609 W
Wed Apr  1 20:20:19 IDT 2026, 622 W
Wed Apr  1 20:20:20 IDT 2026, 614 W
Wed Apr  1 20:20:20 IDT 2026, 620 W
Wed Apr  1 20:20:20 IDT 2026, 610 W
Wed Apr  1 20:20:20 IDT 2026, 623 W
Wed Apr  1 20:20:21 IDT 2026, 615 W
Wed Apr  1 20:20:21 IDT 2026, 619 W
Wed Apr  1 20:20:21 IDT 2026, 608 W
Wed Apr  1 20:20:21 IDT 2026, 624 W
Wed Apr  1 20:20:22 IDT 2026, 613 W
Wed Apr  1 20:20:22 IDT 2026, 619 W
Wed Apr  1 20:20:22 IDT 2026, 610 W
Wed Apr  1 20:20:22 IDT 2026, 623 W
Wed Apr  1 20:20:23 IDT 2026, 614 W
Wed Apr  1 20:20:23 IDT 2026, 622 W
Wed Apr  1 20:20:23 IDT 2026, 608 W
Wed Apr  1 20:20:23 IDT 2026, 621 W
Wed Apr  1 20:20:24 IDT 2026, 612 W
Wed Apr  1 20:20:24 IDT 2026, 618 W
Wed Apr  1 20:20:24 IDT 2026, 606 W
Wed Apr  1 20:20:24 IDT 2026, 619 W
Wed Apr  1 20:20:25 IDT 2026, 611 W
Wed Apr  1 20:20:25 IDT 2026, 615 W
Wed Apr  1 20:20:25 IDT 2026, 607 W
Wed Apr  1 20:20:25 IDT 2026, 618 W
Wed Apr  1 20:20:26 IDT 2026, 602 W
Wed Apr  1 20:20:26 IDT 2026, 607 W
Wed Apr  1 20:20:26 IDT 2026, 599 W
Wed Apr  1 20:20:26 IDT 2026, 612 W
Wed Apr  1 20:20:27 IDT 2026, 601 W
Wed Apr  1 20:20:27 IDT 2026, 608 W
Wed Apr  1 20:20:27 IDT 2026, 596 W
Wed Apr  1 20:20:27 IDT 2026, 611 W
Wed Apr  1 20:20:28 IDT 2026, 602 W
Wed Apr  1 20:20:28 IDT 2026, 609 W
Wed Apr  1 20:20:28 IDT 2026, 595 W
Wed Apr  1 20:20:28 IDT 2026, 612 W
Wed Apr  1 20:20:29 IDT 2026, 597 W
Wed Apr  1 20:20:29 IDT 2026, 602 W
Wed Apr  1 20:20:29 IDT 2026, 590 W
Wed Apr  1 20:20:29 IDT 2026, 607 W
Wed Apr  1 20:20:30 IDT 2026, 595 W
Wed Apr  1 20:20:30 IDT 2026, 603 W
Wed Apr  1 20:20:30 IDT 2026, 591 W
Wed Apr  1 20:20:30 IDT 2026, 603 W
Wed Apr  1 20:20:31 IDT 2026, 590 W
Wed Apr  1 20:20:31 IDT 2026, 603 W
Wed Apr  1 20:20:31 IDT 2026, 591 W
Wed Apr  1 20:20:31 IDT 2026, 603 W
Wed Apr  1 20:20:32 IDT 2026, 583 W
Wed Apr  1 20:20:32 IDT 2026, 591 W
Wed Apr  1 20:20:32 IDT 2026, 579 W
Wed Apr  1 20:20:32 IDT 2026, 591 W
Wed Apr  1 20:20:33 IDT 2026, 576 W
Wed Apr  1 20:20:33 IDT 2026, 583 W
Wed Apr  1 20:20:33 IDT 2026, 572 W
Wed Apr  1 20:20:33 IDT 2026, 582 W
Wed Apr  1 20:20:34 IDT 2026, 578 W
Wed Apr  1 20:20:34 IDT 2026, 591 W
Wed Apr  1 20:20:34 IDT 2026, 575 W
Wed Apr  1 20:20:34 IDT 2026, 590 W
Wed Apr  1 20:20:35 IDT 2026, 584 W
Wed Apr  1 20:20:35 IDT 2026, 589 W
Wed Apr  1 20:20:35 IDT 2026, 578 W
Wed Apr  1 20:20:35 IDT 2026, 590 W
Wed Apr  1 20:20:36 IDT 2026, 583 W
Wed Apr  1 20:20:36 IDT 2026, 588 W
Wed Apr  1 20:20:36 IDT 2026, 578 W
Wed Apr  1 20:20:36 IDT 2026, 593 W
Wed Apr  1 20:20:37 IDT 2026, 587 W
Wed Apr  1 20:20:37 IDT 2026, 592 W
Wed Apr  1 20:20:37 IDT 2026, 581 W
Wed Apr  1 20:20:37 IDT 2026, 596 W
Wed Apr  1 20:20:38 IDT 2026, 587 W
Wed Apr  1 20:20:38 IDT 2026, 594 W
Wed Apr  1 20:20:38 IDT 2026, 579 W
Wed Apr  1 20:20:38 IDT 2026, 598 W
Wed Apr  1 20:20:39 IDT 2026, 584 W
Wed Apr  1 20:20:39 IDT 2026, 597 W
Wed Apr  1 20:20:39 IDT 2026, 582 W
Wed Apr  1 20:20:39 IDT 2026, 598 W
Wed Apr  1 20:20:40 IDT 2026, 550 W
Wed Apr  1 20:20:40 IDT 2026, 552 W
Wed Apr  1 20:20:40 IDT 2026, 546 W
Wed Apr  1 20:20:40 IDT 2026, 558 W
Wed Apr  1 20:20:41 IDT 2026, 552 W
Wed Apr  1 20:20:41 IDT 2026, 554 W
Wed Apr  1 20:20:41 IDT 2026, 549 W
Wed Apr  1 20:20:41 IDT 2026, 558 W
Wed Apr  1 20:20:42 IDT 2026, 551 W
Wed Apr  1 20:20:42 IDT 2026, 554 W
Wed Apr  1 20:20:42 IDT 2026, 547 W
Wed Apr  1 20:20:42 IDT 2026, 558 W
Wed Apr  1 20:20:43 IDT 2026, 548 W
Wed Apr  1 20:20:43 IDT 2026, 558 W
Wed Apr  1 20:20:43 IDT 2026, 545 W
Wed Apr  1 20:20:43 IDT 2026, 561 W
Wed Apr  1 20:20:44 IDT 2026, 310 W
Wed Apr  1 20:20:44 IDT 2026, 605 W
Wed Apr  1 20:20:44 IDT 2026, 734 W
Wed Apr  1 20:20:44 IDT 2026, 515 W
Wed Apr  1 20:20:45 IDT 2026, 612 W
Wed Apr  1 20:20:45 IDT 2026, 622 W
Wed Apr  1 20:20:45 IDT 2026, 609 W
Wed Apr  1 20:20:45 IDT 2026, 622 W
Wed Apr  1 20:20:46 IDT 2026, 613 W
Wed Apr  1 20:20:46 IDT 2026, 619 W
Wed Apr  1 20:20:46 IDT 2026, 609 W
Wed Apr  1 20:20:46 IDT 2026, 622 W
Wed Apr  1 20:20:47 IDT 2026, 613 W
Wed Apr  1 20:20:47 IDT 2026, 621 W
Wed Apr  1 20:20:47 IDT 2026, 608 W
Wed Apr  1 20:20:47 IDT 2026, 623 W
Wed Apr  1 20:20:48 IDT 2026, 617 W
Wed Apr  1 20:20:48 IDT 2026, 620 W
Wed Apr  1 20:20:48 IDT 2026, 608 W
Wed Apr  1 20:20:48 IDT 2026, 626 W
Wed Apr  1 20:20:49 IDT 2026, 616 W
Wed Apr  1 20:20:49 IDT 2026, 620 W
Wed Apr  1 20:20:49 IDT 2026, 608 W
Wed Apr  1 20:20:49 IDT 2026, 625 W
Wed Apr  1 20:20:50 IDT 2026, 613 W
Wed Apr  1 20:20:50 IDT 2026, 620 W
Wed Apr  1 20:20:50 IDT 2026, 608 W
Wed Apr  1 20:20:50 IDT 2026, 622 W
Wed Apr  1 20:20:51 IDT 2026, 609 W
Wed Apr  1 20:20:51 IDT 2026, 620 W
Wed Apr  1 20:20:51 IDT 2026, 603 W
Wed Apr  1 20:20:51 IDT 2026, 620 W
Wed Apr  1 20:20:52 IDT 2026, 611 W
Wed Apr  1 20:20:52 IDT 2026, 615 W
Wed Apr  1 20:20:52 IDT 2026, 605 W
Wed Apr  1 20:20:52 IDT 2026, 622 W
Wed Apr  1 20:20:53 IDT 2026, 614 W
Wed Apr  1 20:20:53 IDT 2026, 617 W
Wed Apr  1 20:20:53 IDT 2026, 607 W
Wed Apr  1 20:20:53 IDT 2026, 620 W
Wed Apr  1 20:20:54 IDT 2026, 609 W
Wed Apr  1 20:20:54 IDT 2026, 617 W
Wed Apr  1 20:20:54 IDT 2026, 606 W
Wed Apr  1 20:20:54 IDT 2026, 617 W
Wed Apr  1 20:20:55 IDT 2026, 603 W
Wed Apr  1 20:20:55 IDT 2026, 613 W
Wed Apr  1 20:20:55 IDT 2026, 597 W
Wed Apr  1 20:20:55 IDT 2026, 612 W
Wed Apr  1 20:20:56 IDT 2026, 603 W
Wed Apr  1 20:20:56 IDT 2026, 614 W
Wed Apr  1 20:20:56 IDT 2026, 597 W
Wed Apr  1 20:20:56 IDT 2026, 611 W
Wed Apr  1 20:20:57 IDT 2026, 600 W
Wed Apr  1 20:20:57 IDT 2026, 613 W
Wed Apr  1 20:20:57 IDT 2026, 602 W
Wed Apr  1 20:20:57 IDT 2026, 616 W
Wed Apr  1 20:20:58 IDT 2026, 604 W
Wed Apr  1 20:20:58 IDT 2026, 613 W
Wed Apr  1 20:20:58 IDT 2026, 603 W
Wed Apr  1 20:20:58 IDT 2026, 613 W
Wed Apr  1 20:20:59 IDT 2026, 605 W
Wed Apr  1 20:20:59 IDT 2026, 611 W
Wed Apr  1 20:20:59 IDT 2026, 599 W
Wed Apr  1 20:20:59 IDT 2026, 611 W
Wed Apr  1 20:21:00 IDT 2026, 599 W
Wed Apr  1 20:21:00 IDT 2026, 612 W
Wed Apr  1 20:21:00 IDT 2026, 599 W
Wed Apr  1 20:21:00 IDT 2026, 609 W
Wed Apr  1 20:21:01 IDT 2026, 603 W
Wed Apr  1 20:21:01 IDT 2026, 610 W
Wed Apr  1 20:21:01 IDT 2026, 599 W
Wed Apr  1 20:21:01 IDT 2026, 612 W
Wed Apr  1 20:21:02 IDT 2026, 603 W
Wed Apr  1 20:21:02 IDT 2026, 608 W
Wed Apr  1 20:21:02 IDT 2026, 596 W
Wed Apr  1 20:21:02 IDT 2026, 612 W
Wed Apr  1 20:21:03 IDT 2026, 599 W
Wed Apr  1 20:21:03 IDT 2026, 605 W
Wed Apr  1 20:21:03 IDT 2026, 597 W
Wed Apr  1 20:21:03 IDT 2026, 607 W
Wed Apr  1 20:21:04 IDT 2026, 586 W
Wed Apr  1 20:21:04 IDT 2026, 591 W
Wed Apr  1 20:21:04 IDT 2026, 584 W
Wed Apr  1 20:21:04 IDT 2026, 594 W
Wed Apr  1 20:21:05 IDT 2026, 583 W
Wed Apr  1 20:21:05 IDT 2026, 594 W
Wed Apr  1 20:21:05 IDT 2026, 582 W
Wed Apr  1 20:21:05 IDT 2026, 593 W
Wed Apr  1 20:21:06 IDT 2026, 587 W
Wed Apr  1 20:21:06 IDT 2026, 592 W
Wed Apr  1 20:21:06 IDT 2026, 580 W
Wed Apr  1 20:21:06 IDT 2026, 596 W
Wed Apr  1 20:21:07 IDT 2026, 590 W
Wed Apr  1 20:21:07 IDT 2026, 595 W
Wed Apr  1 20:21:07 IDT 2026, 585 W
Wed Apr  1 20:21:07 IDT 2026, 597 W
Wed Apr  1 20:21:08 IDT 2026, 588 W
Wed Apr  1 20:21:08 IDT 2026, 592 W
Wed Apr  1 20:21:08 IDT 2026, 584 W
Wed Apr  1 20:21:08 IDT 2026, 593 W
Wed Apr  1 20:21:09 IDT 2026, 588 W
Wed Apr  1 20:21:09 IDT 2026, 590 W
Wed Apr  1 20:21:09 IDT 2026, 581 W
Wed Apr  1 20:21:09 IDT 2026, 591 W
Wed Apr  1 20:21:10 IDT 2026, 586 W
Wed Apr  1 20:21:10 IDT 2026, 596 W
Wed Apr  1 20:21:10 IDT 2026, 585 W
Wed Apr  1 20:21:10 IDT 2026, 597 W
Wed Apr  1 20:21:11 IDT 2026, 583 W
Wed Apr  1 20:21:11 IDT 2026, 586 W
Wed Apr  1 20:21:11 IDT 2026, 578 W
Wed Apr  1 20:21:11 IDT 2026, 594 W
Wed Apr  1 20:21:12 IDT 2026, 586 W
Wed Apr  1 20:21:12 IDT 2026, 594 W
Wed Apr  1 20:21:12 IDT 2026, 577 W
Wed Apr  1 20:21:12 IDT 2026, 595 W
Wed Apr  1 20:21:13 IDT 2026, 586 W
Wed Apr  1 20:21:13 IDT 2026, 591 W
Wed Apr  1 20:21:13 IDT 2026, 581 W
Wed Apr  1 20:21:13 IDT 2026, 594 W
Wed Apr  1 20:21:14 IDT 2026, 587 W
Wed Apr  1 20:21:14 IDT 2026, 591 W
Wed Apr  1 20:21:14 IDT 2026, 585 W
Wed Apr  1 20:21:14 IDT 2026, 595 W
Wed Apr  1 20:21:15 IDT 2026, 371 W
Wed Apr  1 20:21:15 IDT 2026, 603 W
Wed Apr  1 20:21:15 IDT 2026, 234 W
Wed Apr  1 20:21:15 IDT 2026, 533 W
Wed Apr  1 20:21:16 IDT 2026, 615 W
Wed Apr  1 20:21:16 IDT 2026, 621 W
Wed Apr  1 20:21:16 IDT 2026, 608 W
Wed Apr  1 20:21:16 IDT 2026, 622 W
Wed Apr  1 20:21:17 IDT 2026, 615 W
Wed Apr  1 20:21:17 IDT 2026, 622 W
Wed Apr  1 20:21:17 IDT 2026, 609 W
Wed Apr  1 20:21:17 IDT 2026, 623 W
Wed Apr  1 20:21:18 IDT 2026, 616 W
Wed Apr  1 20:21:18 IDT 2026, 623 W
Wed Apr  1 20:21:18 IDT 2026, 609 W
Wed Apr  1 20:21:18 IDT 2026, 625 W
Wed Apr  1 20:21:19 IDT 2026, 613 W
Wed Apr  1 20:21:19 IDT 2026, 621 W
Wed Apr  1 20:21:19 IDT 2026, 609 W
Wed Apr  1 20:21:19 IDT 2026, 623 W
Wed Apr  1 20:21:20 IDT 2026, 613 W
Wed Apr  1 20:21:20 IDT 2026, 622 W
Wed Apr  1 20:21:20 IDT 2026, 608 W
Wed Apr  1 20:21:20 IDT 2026, 622 W
Wed Apr  1 20:21:21 IDT 2026, 615 W
Wed Apr  1 20:21:21 IDT 2026, 621 W
Wed Apr  1 20:21:21 IDT 2026, 605 W
Wed Apr  1 20:21:21 IDT 2026, 624 W
Wed Apr  1 20:21:22 IDT 2026, 614 W
Wed Apr  1 20:21:22 IDT 2026, 620 W
Wed Apr  1 20:21:22 IDT 2026, 608 W
Wed Apr  1 20:21:22 IDT 2026, 622 W
Wed Apr  1 20:21:23 IDT 2026, 613 W
Wed Apr  1 20:21:23 IDT 2026, 619 W
Wed Apr  1 20:21:23 IDT 2026, 609 W
Wed Apr  1 20:21:23 IDT 2026, 620 W
Wed Apr  1 20:21:24 IDT 2026, 609 W
Wed Apr  1 20:21:24 IDT 2026, 617 W
Wed Apr  1 20:21:24 IDT 2026, 607 W
Wed Apr  1 20:21:24 IDT 2026, 621 W
Wed Apr  1 20:21:25 IDT 2026, 609 W
Wed Apr  1 20:21:25 IDT 2026, 617 W
Wed Apr  1 20:21:25 IDT 2026, 604 W
Wed Apr  1 20:21:25 IDT 2026, 619 W
Wed Apr  1 20:21:26 IDT 2026, 611 W
Wed Apr  1 20:21:26 IDT 2026, 617 W
Wed Apr  1 20:21:26 IDT 2026, 608 W
Wed Apr  1 20:21:26 IDT 2026, 619 W
Wed Apr  1 20:21:27 IDT 2026, 605 W
Wed Apr  1 20:21:27 IDT 2026, 610 W
Wed Apr  1 20:21:27 IDT 2026, 603 W
Wed Apr  1 20:21:27 IDT 2026, 613 W
Wed Apr  1 20:21:28 IDT 2026, 605 W
Wed Apr  1 20:21:28 IDT 2026, 615 W
Wed Apr  1 20:21:28 IDT 2026, 602 W
Wed Apr  1 20:21:28 IDT 2026, 614 W
Wed Apr  1 20:21:29 IDT 2026, 603 W
Wed Apr  1 20:21:29 IDT 2026, 612 W
Wed Apr  1 20:21:29 IDT 2026, 597 W
Wed Apr  1 20:21:29 IDT 2026, 614 W
Wed Apr  1 20:21:30 IDT 2026, 604 W
Wed Apr  1 20:21:30 IDT 2026, 606 W
Wed Apr  1 20:21:30 IDT 2026, 593 W
Wed Apr  1 20:21:30 IDT 2026, 613 W
Wed Apr  1 20:21:31 IDT 2026, 602 W
Wed Apr  1 20:21:31 IDT 2026, 610 W
Wed Apr  1 20:21:31 IDT 2026, 598 W
Wed Apr  1 20:21:31 IDT 2026, 609 W
Wed Apr  1 20:21:32 IDT 2026, 596 W
Wed Apr  1 20:21:32 IDT 2026, 602 W
Wed Apr  1 20:21:32 IDT 2026, 591 W
Wed Apr  1 20:21:32 IDT 2026, 606 W
Wed Apr  1 20:21:33 IDT 2026, 598 W
Wed Apr  1 20:21:33 IDT 2026, 602 W
Wed Apr  1 20:21:33 IDT 2026, 594 W
Wed Apr  1 20:21:33 IDT 2026, 605 W
Wed Apr  1 20:21:34 IDT 2026, 597 W
Wed Apr  1 20:21:34 IDT 2026, 603 W
Wed Apr  1 20:21:34 IDT 2026, 592 W
Wed Apr  1 20:21:34 IDT 2026, 606 W
Wed Apr  1 20:21:35 IDT 2026, 594 W
Wed Apr  1 20:21:35 IDT 2026, 598 W
Wed Apr  1 20:21:35 IDT 2026, 592 W
Wed Apr  1 20:21:35 IDT 2026, 606 W
Wed Apr  1 20:21:36 IDT 2026, 595 W
Wed Apr  1 20:21:36 IDT 2026, 600 W
Wed Apr  1 20:21:36 IDT 2026, 591 W
Wed Apr  1 20:21:36 IDT 2026, 606 W
Wed Apr  1 20:21:37 IDT 2026, 600 W
Wed Apr  1 20:21:37 IDT 2026, 605 W
Wed Apr  1 20:21:37 IDT 2026, 595 W
Wed Apr  1 20:21:37 IDT 2026, 607 W
Wed Apr  1 20:21:38 IDT 2026, 596 W
Wed Apr  1 20:21:38 IDT 2026, 606 W
Wed Apr  1 20:21:38 IDT 2026, 595 W
Wed Apr  1 20:21:38 IDT 2026, 608 W
Wed Apr  1 20:21:39 IDT 2026, 593 W
Wed Apr  1 20:21:39 IDT 2026, 599 W
Wed Apr  1 20:21:39 IDT 2026, 592 W
Wed Apr  1 20:21:39 IDT 2026, 600 W
Wed Apr  1 20:21:40 IDT 2026, 595 W
Wed Apr  1 20:21:40 IDT 2026, 604 W
Wed Apr  1 20:21:40 IDT 2026, 594 W
Wed Apr  1 20:21:40 IDT 2026, 605 W
Wed Apr  1 20:21:41 IDT 2026, 592 W
Wed Apr  1 20:21:41 IDT 2026, 598 W
Wed Apr  1 20:21:41 IDT 2026, 593 W
Wed Apr  1 20:21:41 IDT 2026, 607 W
Wed Apr  1 20:21:42 IDT 2026, 599 W
Wed Apr  1 20:21:42 IDT 2026, 604 W
Wed Apr  1 20:21:42 IDT 2026, 592 W
Wed Apr  1 20:21:42 IDT 2026, 607 W
Wed Apr  1 20:21:43 IDT 2026, 594 W
Wed Apr  1 20:21:43 IDT 2026, 591 W
Wed Apr  1 20:21:43 IDT 2026, 580 W
Wed Apr  1 20:21:43 IDT 2026, 599 W
Wed Apr  1 20:21:44 IDT 2026, 586 W
Wed Apr  1 20:21:44 IDT 2026, 590 W
Wed Apr  1 20:21:44 IDT 2026, 583 W
Wed Apr  1 20:21:44 IDT 2026, 594 W
Wed Apr  1 20:21:45 IDT 2026, 587 W
Wed Apr  1 20:21:45 IDT 2026, 591 W
Wed Apr  1 20:21:45 IDT 2026, 579 W
Wed Apr  1 20:21:45 IDT 2026, 592 W
Wed Apr  1 20:21:46 IDT 2026, 586 W
Wed Apr  1 20:21:46 IDT 2026, 596 W
Wed Apr  1 20:21:46 IDT 2026, 581 W
Wed Apr  1 20:21:46 IDT 2026, 599 W
Wed Apr  1 20:21:47 IDT 2026, 784 W
Wed Apr  1 20:21:47 IDT 2026, 797 W
Wed Apr  1 20:21:47 IDT 2026, 771 W
Wed Apr  1 20:21:47 IDT 2026, 799 W
Wed Apr  1 20:21:48 IDT 2026, 615 W
Wed Apr  1 20:21:48 IDT 2026, 621 W
Wed Apr  1 20:21:48 IDT 2026, 609 W
Wed Apr  1 20:21:48 IDT 2026, 626 W
Wed Apr  1 20:21:49 IDT 2026, 613 W
Wed Apr  1 20:21:49 IDT 2026, 622 W
Wed Apr  1 20:21:49 IDT 2026, 610 W
Wed Apr  1 20:21:49 IDT 2026, 626 W
Wed Apr  1 20:21:50 IDT 2026, 615 W
Wed Apr  1 20:21:50 IDT 2026, 619 W
Wed Apr  1 20:21:50 IDT 2026, 609 W
Wed Apr  1 20:21:50 IDT 2026, 625 W
Wed Apr  1 20:21:51 IDT 2026, 616 W
Wed Apr  1 20:21:51 IDT 2026, 621 W
Wed Apr  1 20:21:51 IDT 2026, 611 W
Wed Apr  1 20:21:51 IDT 2026, 626 W
Wed Apr  1 20:21:52 IDT 2026, 617 W
Wed Apr  1 20:21:52 IDT 2026, 620 W
Wed Apr  1 20:21:52 IDT 2026, 609 W
Wed Apr  1 20:21:52 IDT 2026, 623 W
Wed Apr  1 20:21:53 IDT 2026, 614 W
Wed Apr  1 20:21:53 IDT 2026, 620 W
Wed Apr  1 20:21:53 IDT 2026, 612 W
Wed Apr  1 20:21:53 IDT 2026, 627 W
Wed Apr  1 20:21:54 IDT 2026, 617 W
Wed Apr  1 20:21:54 IDT 2026, 619 W
Wed Apr  1 20:21:54 IDT 2026, 610 W
Wed Apr  1 20:21:54 IDT 2026, 626 W
Wed Apr  1 20:21:55 IDT 2026, 613 W
Wed Apr  1 20:21:55 IDT 2026, 621 W
Wed Apr  1 20:21:55 IDT 2026, 610 W
Wed Apr  1 20:21:55 IDT 2026, 627 W
Wed Apr  1 20:21:56 IDT 2026, 613 W
Wed Apr  1 20:21:56 IDT 2026, 622 W
Wed Apr  1 20:21:56 IDT 2026, 610 W
Wed Apr  1 20:21:56 IDT 2026, 626 W
Wed Apr  1 20:21:57 IDT 2026, 612 W
Wed Apr  1 20:21:57 IDT 2026, 623 W
Wed Apr  1 20:21:57 IDT 2026, 610 W
Wed Apr  1 20:21:57 IDT 2026, 626 W
Wed Apr  1 20:21:58 IDT 2026, 612 W
Wed Apr  1 20:21:58 IDT 2026, 623 W
Wed Apr  1 20:21:58 IDT 2026, 612 W
Wed Apr  1 20:21:58 IDT 2026, 628 W
Wed Apr  1 20:21:59 IDT 2026, 615 W
Wed Apr  1 20:21:59 IDT 2026, 622 W
Wed Apr  1 20:21:59 IDT 2026, 608 W
Wed Apr  1 20:21:59 IDT 2026, 624 W
Wed Apr  1 20:22:00 IDT 2026, 614 W
Wed Apr  1 20:22:00 IDT 2026, 622 W
Wed Apr  1 20:22:00 IDT 2026, 607 W
Wed Apr  1 20:22:00 IDT 2026, 623 W
Wed Apr  1 20:22:01 IDT 2026, 613 W
Wed Apr  1 20:22:01 IDT 2026, 620 W
Wed Apr  1 20:22:01 IDT 2026, 609 W
Wed Apr  1 20:22:01 IDT 2026, 625 W
Wed Apr  1 20:22:02 IDT 2026, 609 W
Wed Apr  1 20:22:02 IDT 2026, 620 W
Wed Apr  1 20:22:02 IDT 2026, 605 W
Wed Apr  1 20:22:02 IDT 2026, 624 W
Wed Apr  1 20:22:03 IDT 2026, 615 W
Wed Apr  1 20:22:03 IDT 2026, 620 W
Wed Apr  1 20:22:03 IDT 2026, 609 W
Wed Apr  1 20:22:03 IDT 2026, 625 W
Wed Apr  1 20:22:04 IDT 2026, 611 W
Wed Apr  1 20:22:04 IDT 2026, 620 W
Wed Apr  1 20:22:04 IDT 2026, 607 W
Wed Apr  1 20:22:04 IDT 2026, 622 W
Wed Apr  1 20:22:05 IDT 2026, 610 W
Wed Apr  1 20:22:05 IDT 2026, 618 W
Wed Apr  1 20:22:05 IDT 2026, 608 W
Wed Apr  1 20:22:05 IDT 2026, 624 W
Wed Apr  1 20:22:06 IDT 2026, 611 W
Wed Apr  1 20:22:06 IDT 2026, 620 W
Wed Apr  1 20:22:06 IDT 2026, 605 W
Wed Apr  1 20:22:06 IDT 2026, 622 W
Wed Apr  1 20:22:07 IDT 2026, 613 W
Wed Apr  1 20:22:07 IDT 2026, 617 W
Wed Apr  1 20:22:07 IDT 2026, 607 W
Wed Apr  1 20:22:07 IDT 2026, 624 W
Wed Apr  1 20:22:08 IDT 2026, 614 W
Wed Apr  1 20:22:08 IDT 2026, 619 W
Wed Apr  1 20:22:08 IDT 2026, 606 W
Wed Apr  1 20:22:08 IDT 2026, 622 W
Wed Apr  1 20:22:09 IDT 2026, 613 W
Wed Apr  1 20:22:09 IDT 2026, 619 W
Wed Apr  1 20:22:09 IDT 2026, 607 W
Wed Apr  1 20:22:09 IDT 2026, 620 W
Wed Apr  1 20:22:10 IDT 2026, 609 W
Wed Apr  1 20:22:10 IDT 2026, 616 W
Wed Apr  1 20:22:10 IDT 2026, 607 W
Wed Apr  1 20:22:10 IDT 2026, 621 W
Wed Apr  1 20:22:11 IDT 2026, 607 W
Wed Apr  1 20:22:11 IDT 2026, 612 W
Wed Apr  1 20:22:11 IDT 2026, 602 W
Wed Apr  1 20:22:11 IDT 2026, 616 W
Wed Apr  1 20:22:12 IDT 2026, 601 W
Wed Apr  1 20:22:12 IDT 2026, 610 W
Wed Apr  1 20:22:12 IDT 2026, 604 W
Wed Apr  1 20:22:12 IDT 2026, 611 W
Wed Apr  1 20:22:13 IDT 2026, 603 W
Wed Apr  1 20:22:13 IDT 2026, 610 W
Wed Apr  1 20:22:13 IDT 2026, 601 W
Wed Apr  1 20:22:13 IDT 2026, 613 W
Wed Apr  1 20:22:14 IDT 2026, 603 W
Wed Apr  1 20:22:14 IDT 2026, 614 W
Wed Apr  1 20:22:14 IDT 2026, 604 W
Wed Apr  1 20:22:14 IDT 2026, 616 W
Wed Apr  1 20:22:15 IDT 2026, 606 W
Wed Apr  1 20:22:15 IDT 2026, 613 W
Wed Apr  1 20:22:15 IDT 2026, 603 W
Wed Apr  1 20:22:15 IDT 2026, 617 W
Wed Apr  1 20:22:16 IDT 2026, 605 W
Wed Apr  1 20:22:16 IDT 2026, 613 W
Wed Apr  1 20:22:16 IDT 2026, 600 W
Wed Apr  1 20:22:16 IDT 2026, 616 W
Wed Apr  1 20:22:17 IDT 2026, 604 W
Wed Apr  1 20:22:17 IDT 2026, 613 W
Wed Apr  1 20:22:17 IDT 2026, 600 W
Wed Apr  1 20:22:17 IDT 2026, 609 W
Wed Apr  1 20:22:18 IDT 2026, 600 W
Wed Apr  1 20:22:18 IDT 2026, 595 W
Wed Apr  1 20:22:18 IDT 2026, 593 W
Wed Apr  1 20:22:18 IDT 2026, 613 W
Wed Apr  1 20:22:19 IDT 2026, 605 W
Wed Apr  1 20:22:19 IDT 2026, 609 W
Wed Apr  1 20:22:19 IDT 2026, 597 W
Wed Apr  1 20:22:19 IDT 2026, 616 W
Wed Apr  1 20:22:20 IDT 2026, 236 W
Wed Apr  1 20:22:20 IDT 2026, 240 W
Wed Apr  1 20:22:20 IDT 2026, 233 W
Wed Apr  1 20:22:20 IDT 2026, 244 W
Wed Apr  1 20:22:21 IDT 2026, 628 W
Wed Apr  1 20:22:21 IDT 2026, 665 W
Wed Apr  1 20:22:21 IDT 2026, 630 W
Wed Apr  1 20:22:21 IDT 2026, 684 W
Wed Apr  1 20:22:22 IDT 2026, 615 W
Wed Apr  1 20:22:22 IDT 2026, 624 W
Wed Apr  1 20:22:22 IDT 2026, 610 W
Wed Apr  1 20:22:22 IDT 2026, 624 W
Wed Apr  1 20:22:23 IDT 2026, 616 W
Wed Apr  1 20:22:23 IDT 2026, 622 W
Wed Apr  1 20:22:23 IDT 2026, 612 W
Wed Apr  1 20:22:23 IDT 2026, 626 W
Wed Apr  1 20:22:24 IDT 2026, 616 W
Wed Apr  1 20:22:24 IDT 2026, 623 W
Wed Apr  1 20:22:24 IDT 2026, 611 W
Wed Apr  1 20:22:24 IDT 2026, 624 W
Wed Apr  1 20:22:25 IDT 2026, 617 W
Wed Apr  1 20:22:25 IDT 2026, 623 W
Wed Apr  1 20:22:25 IDT 2026, 614 W
Wed Apr  1 20:22:25 IDT 2026, 624 W
Wed Apr  1 20:22:26 IDT 2026, 617 W
Wed Apr  1 20:22:26 IDT 2026, 621 W
Wed Apr  1 20:22:26 IDT 2026, 613 W
Wed Apr  1 20:22:26 IDT 2026, 625 W
Wed Apr  1 20:22:27 IDT 2026, 615 W
Wed Apr  1 20:22:27 IDT 2026, 623 W
Wed Apr  1 20:22:27 IDT 2026, 611 W
Wed Apr  1 20:22:27 IDT 2026, 624 W
Wed Apr  1 20:22:28 IDT 2026, 616 W
Wed Apr  1 20:22:28 IDT 2026, 623 W
Wed Apr  1 20:22:28 IDT 2026, 612 W
Wed Apr  1 20:22:28 IDT 2026, 624 W
Wed Apr  1 20:22:29 IDT 2026, 616 W
Wed Apr  1 20:22:29 IDT 2026, 621 W
Wed Apr  1 20:22:29 IDT 2026, 612 W
Wed Apr  1 20:22:29 IDT 2026, 625 W
Wed Apr  1 20:22:30 IDT 2026, 616 W
Wed Apr  1 20:22:30 IDT 2026, 623 W
Wed Apr  1 20:22:30 IDT 2026, 612 W
Wed Apr  1 20:22:30 IDT 2026, 623 W
Wed Apr  1 20:22:31 IDT 2026, 617 W
Wed Apr  1 20:22:31 IDT 2026, 620 W
Wed Apr  1 20:22:31 IDT 2026, 612 W
Wed Apr  1 20:22:31 IDT 2026, 626 W
Wed Apr  1 20:22:32 IDT 2026, 615 W
Wed Apr  1 20:22:32 IDT 2026, 624 W
Wed Apr  1 20:22:32 IDT 2026, 612 W
Wed Apr  1 20:22:32 IDT 2026, 627 W
Wed Apr  1 20:22:33 IDT 2026, 616 W
Wed Apr  1 20:22:33 IDT 2026, 622 W
Wed Apr  1 20:22:33 IDT 2026, 613 W
Wed Apr  1 20:22:33 IDT 2026, 629 W
Wed Apr  1 20:22:34 IDT 2026, 613 W
Wed Apr  1 20:22:34 IDT 2026, 620 W
Wed Apr  1 20:22:34 IDT 2026, 610 W
Wed Apr  1 20:22:34 IDT 2026, 625 W
Wed Apr  1 20:22:35 IDT 2026, 617 W
Wed Apr  1 20:22:35 IDT 2026, 621 W
Wed Apr  1 20:22:35 IDT 2026, 612 W
Wed Apr  1 20:22:35 IDT 2026, 625 W
Wed Apr  1 20:22:36 IDT 2026, 617 W
Wed Apr  1 20:22:36 IDT 2026, 623 W
Wed Apr  1 20:22:36 IDT 2026, 612 W
Wed Apr  1 20:22:36 IDT 2026, 625 W
Wed Apr  1 20:22:37 IDT 2026, 615 W
Wed Apr  1 20:22:37 IDT 2026, 621 W
Wed Apr  1 20:22:37 IDT 2026, 610 W
Wed Apr  1 20:22:37 IDT 2026, 625 W
Wed Apr  1 20:22:38 IDT 2026, 616 W
Wed Apr  1 20:22:38 IDT 2026, 622 W
Wed Apr  1 20:22:38 IDT 2026, 611 W
Wed Apr  1 20:22:38 IDT 2026, 624 W
Wed Apr  1 20:22:39 IDT 2026, 615 W
Wed Apr  1 20:22:39 IDT 2026, 623 W
Wed Apr  1 20:22:39 IDT 2026, 611 W
Wed Apr  1 20:22:39 IDT 2026, 625 W
Wed Apr  1 20:22:40 IDT 2026, 616 W
Wed Apr  1 20:22:40 IDT 2026, 619 W
Wed Apr  1 20:22:40 IDT 2026, 612 W
Wed Apr  1 20:22:40 IDT 2026, 627 W
Wed Apr  1 20:22:41 IDT 2026, 613 W
Wed Apr  1 20:22:41 IDT 2026, 621 W
Wed Apr  1 20:22:41 IDT 2026, 612 W
Wed Apr  1 20:22:41 IDT 2026, 627 W
Wed Apr  1 20:22:42 IDT 2026, 615 W
Wed Apr  1 20:22:42 IDT 2026, 620 W
Wed Apr  1 20:22:42 IDT 2026, 609 W
Wed Apr  1 20:22:42 IDT 2026, 627 W
Wed Apr  1 20:22:43 IDT 2026, 614 W
Wed Apr  1 20:22:43 IDT 2026, 623 W
Wed Apr  1 20:22:43 IDT 2026, 612 W
Wed Apr  1 20:22:43 IDT 2026, 628 W
Wed Apr  1 20:22:44 IDT 2026, 616 W
Wed Apr  1 20:22:44 IDT 2026, 622 W
Wed Apr  1 20:22:44 IDT 2026, 612 W
Wed Apr  1 20:22:44 IDT 2026, 626 W
Wed Apr  1 20:22:45 IDT 2026, 617 W
Wed Apr  1 20:22:45 IDT 2026, 623 W
Wed Apr  1 20:22:45 IDT 2026, 612 W
Wed Apr  1 20:22:45 IDT 2026, 625 W
Wed Apr  1 20:22:46 IDT 2026, 615 W
Wed Apr  1 20:22:46 IDT 2026, 623 W
Wed Apr  1 20:22:46 IDT 2026, 609 W
Wed Apr  1 20:22:46 IDT 2026, 625 W
Wed Apr  1 20:22:47 IDT 2026, 617 W
Wed Apr  1 20:22:47 IDT 2026, 623 W
Wed Apr  1 20:22:47 IDT 2026, 611 W
Wed Apr  1 20:22:47 IDT 2026, 625 W
Wed Apr  1 20:22:48 IDT 2026, 613 W
Wed Apr  1 20:22:48 IDT 2026, 621 W
Wed Apr  1 20:22:48 IDT 2026, 611 W
Wed Apr  1 20:22:48 IDT 2026, 626 W
Wed Apr  1 20:22:49 IDT 2026, 614 W
Wed Apr  1 20:22:49 IDT 2026, 617 W
Wed Apr  1 20:22:49 IDT 2026, 607 W
Wed Apr  1 20:22:49 IDT 2026, 624 W
Wed Apr  1 20:22:50 IDT 2026, 611 W
Wed Apr  1 20:22:50 IDT 2026, 621 W
Wed Apr  1 20:22:50 IDT 2026, 608 W
Wed Apr  1 20:22:50 IDT 2026, 624 W
Wed Apr  1 20:22:51 IDT 2026, 612 W
Wed Apr  1 20:22:51 IDT 2026, 619 W
Wed Apr  1 20:22:51 IDT 2026, 606 W
Wed Apr  1 20:22:51 IDT 2026, 624 W
Wed Apr  1 20:22:52 IDT 2026, 610 W
Wed Apr  1 20:22:52 IDT 2026, 616 W
Wed Apr  1 20:22:52 IDT 2026, 609 W
Wed Apr  1 20:22:52 IDT 2026, 623 W
Wed Apr  1 20:22:53 IDT 2026, 613 W
Wed Apr  1 20:22:53 IDT 2026, 620 W
Wed Apr  1 20:22:53 IDT 2026, 610 W
Wed Apr  1 20:22:53 IDT 2026, 624 W
Wed Apr  1 20:22:54 IDT 2026, 443 W
Wed Apr  1 20:22:54 IDT 2026, 612 W
Wed Apr  1 20:22:54 IDT 2026, 533 W
Wed Apr  1 20:22:54 IDT 2026, 615 W
Wed Apr  1 20:22:55 IDT 2026, 249 W
Wed Apr  1 20:22:55 IDT 2026, 575 W
Wed Apr  1 20:22:55 IDT 2026, 715 W
Wed Apr  1 20:22:55 IDT 2026, 452 W
Wed Apr  1 20:22:56 IDT 2026, 616 W
Wed Apr  1 20:22:56 IDT 2026, 622 W
Wed Apr  1 20:22:56 IDT 2026, 611 W
Wed Apr  1 20:22:56 IDT 2026, 625 W
Wed Apr  1 20:22:57 IDT 2026, 616 W
Wed Apr  1 20:22:57 IDT 2026, 621 W
Wed Apr  1 20:22:57 IDT 2026, 613 W
Wed Apr  1 20:22:57 IDT 2026, 627 W
Wed Apr  1 20:22:58 IDT 2026, 614 W
Wed Apr  1 20:22:58 IDT 2026, 625 W
Wed Apr  1 20:22:58 IDT 2026, 611 W
Wed Apr  1 20:22:58 IDT 2026, 628 W
Wed Apr  1 20:22:59 IDT 2026, 617 W
Wed Apr  1 20:22:59 IDT 2026, 622 W
Wed Apr  1 20:22:59 IDT 2026, 613 W
Wed Apr  1 20:22:59 IDT 2026, 625 W
Wed Apr  1 20:23:00 IDT 2026, 615 W
Wed Apr  1 20:23:00 IDT 2026, 622 W
Wed Apr  1 20:23:00 IDT 2026, 611 W
Wed Apr  1 20:23:00 IDT 2026, 625 W
Wed Apr  1 20:23:01 IDT 2026, 612 W
Wed Apr  1 20:23:01 IDT 2026, 621 W
Wed Apr  1 20:23:01 IDT 2026, 610 W
Wed Apr  1 20:23:01 IDT 2026, 623 W
Wed Apr  1 20:23:02 IDT 2026, 610 W
Wed Apr  1 20:23:02 IDT 2026, 617 W
Wed Apr  1 20:23:02 IDT 2026, 608 W
Wed Apr  1 20:23:02 IDT 2026, 623 W
Wed Apr  1 20:23:03 IDT 2026, 614 W
Wed Apr  1 20:23:03 IDT 2026, 619 W
Wed Apr  1 20:23:03 IDT 2026, 611 W
Wed Apr  1 20:23:03 IDT 2026, 622 W
Wed Apr  1 20:23:04 IDT 2026, 614 W
Wed Apr  1 20:23:04 IDT 2026, 619 W
Wed Apr  1 20:23:04 IDT 2026, 606 W
Wed Apr  1 20:23:04 IDT 2026, 625 W
Wed Apr  1 20:23:05 IDT 2026, 615 W
Wed Apr  1 20:23:05 IDT 2026, 622 W
Wed Apr  1 20:23:05 IDT 2026, 612 W
Wed Apr  1 20:23:05 IDT 2026, 624 W
Wed Apr  1 20:23:06 IDT 2026, 613 W
Wed Apr  1 20:23:06 IDT 2026, 618 W
Wed Apr  1 20:23:06 IDT 2026, 609 W
Wed Apr  1 20:23:06 IDT 2026, 624 W
Wed Apr  1 20:23:07 IDT 2026, 616 W
Wed Apr  1 20:23:07 IDT 2026, 621 W
Wed Apr  1 20:23:07 IDT 2026, 609 W
Wed Apr  1 20:23:07 IDT 2026, 621 W
Wed Apr  1 20:23:08 IDT 2026, 612 W
Wed Apr  1 20:23:08 IDT 2026, 617 W
Wed Apr  1 20:23:08 IDT 2026, 606 W
Wed Apr  1 20:23:08 IDT 2026, 624 W
Wed Apr  1 20:23:09 IDT 2026, 611 W
Wed Apr  1 20:23:09 IDT 2026, 617 W
Wed Apr  1 20:23:09 IDT 2026, 608 W
Wed Apr  1 20:23:09 IDT 2026, 624 W
Wed Apr  1 20:23:10 IDT 2026, 612 W
Wed Apr  1 20:23:10 IDT 2026, 620 W
Wed Apr  1 20:23:10 IDT 2026, 603 W
Wed Apr  1 20:23:10 IDT 2026, 624 W
Wed Apr  1 20:23:11 IDT 2026, 604 W
Wed Apr  1 20:23:11 IDT 2026, 612 W
Wed Apr  1 20:23:11 IDT 2026, 600 W
Wed Apr  1 20:23:11 IDT 2026, 615 W
Wed Apr  1 20:23:12 IDT 2026, 602 W
Wed Apr  1 20:23:12 IDT 2026, 610 W
Wed Apr  1 20:23:12 IDT 2026, 601 W
Wed Apr  1 20:23:12 IDT 2026, 614 W
Wed Apr  1 20:23:13 IDT 2026, 605 W
Wed Apr  1 20:23:13 IDT 2026, 612 W
Wed Apr  1 20:23:13 IDT 2026, 602 W
Wed Apr  1 20:23:13 IDT 2026, 613 W
Wed Apr  1 20:23:14 IDT 2026, 604 W
Wed Apr  1 20:23:14 IDT 2026, 609 W
Wed Apr  1 20:23:14 IDT 2026, 600 W
Wed Apr  1 20:23:14 IDT 2026, 612 W
Wed Apr  1 20:23:15 IDT 2026, 607 W
Wed Apr  1 20:23:15 IDT 2026, 614 W
Wed Apr  1 20:23:15 IDT 2026, 601 W
Wed Apr  1 20:23:15 IDT 2026, 616 W
Wed Apr  1 20:23:16 IDT 2026, 604 W
Wed Apr  1 20:23:16 IDT 2026, 610 W
Wed Apr  1 20:23:16 IDT 2026, 596 W
Wed Apr  1 20:23:16 IDT 2026, 614 W
Wed Apr  1 20:23:17 IDT 2026, 602 W
Wed Apr  1 20:23:17 IDT 2026, 608 W
Wed Apr  1 20:23:17 IDT 2026, 594 W
Wed Apr  1 20:23:17 IDT 2026, 611 W
Wed Apr  1 20:23:18 IDT 2026, 603 W
Wed Apr  1 20:23:18 IDT 2026, 608 W
Wed Apr  1 20:23:18 IDT 2026, 596 W
Wed Apr  1 20:23:18 IDT 2026, 613 W
Wed Apr  1 20:23:19 IDT 2026, 597 W
Wed Apr  1 20:23:19 IDT 2026, 599 W
Wed Apr  1 20:23:19 IDT 2026, 596 W
Wed Apr  1 20:23:19 IDT 2026, 608 W
Wed Apr  1 20:23:20 IDT 2026, 596 W
Wed Apr  1 20:23:20 IDT 2026, 607 W
Wed Apr  1 20:23:20 IDT 2026, 593 W
Wed Apr  1 20:23:20 IDT 2026, 608 W
Wed Apr  1 20:23:21 IDT 2026, 596 W
Wed Apr  1 20:23:21 IDT 2026, 602 W
Wed Apr  1 20:23:21 IDT 2026, 594 W
Wed Apr  1 20:23:21 IDT 2026, 607 W
Wed Apr  1 20:23:22 IDT 2026, 596 W
Wed Apr  1 20:23:22 IDT 2026, 601 W
Wed Apr  1 20:23:22 IDT 2026, 595 W
Wed Apr  1 20:23:22 IDT 2026, 606 W
Wed Apr  1 20:23:23 IDT 2026, 599 W
Wed Apr  1 20:23:23 IDT 2026, 605 W
Wed Apr  1 20:23:23 IDT 2026, 590 W
Wed Apr  1 20:23:23 IDT 2026, 608 W
Wed Apr  1 20:23:24 IDT 2026, 591 W
Wed Apr  1 20:23:24 IDT 2026, 599 W
Wed Apr  1 20:23:24 IDT 2026, 588 W
Wed Apr  1 20:23:24 IDT 2026, 605 W
Wed Apr  1 20:23:25 IDT 2026, 593 W
Wed Apr  1 20:23:25 IDT 2026, 602 W
Wed Apr  1 20:23:25 IDT 2026, 593 W
Wed Apr  1 20:23:25 IDT 2026, 604 W
Wed Apr  1 20:23:26 IDT 2026, 597 W
Wed Apr  1 20:23:26 IDT 2026, 604 W
Wed Apr  1 20:23:26 IDT 2026, 592 W
Wed Apr  1 20:23:26 IDT 2026, 607 W
Wed Apr  1 20:23:27 IDT 2026, 237 W
Wed Apr  1 20:23:27 IDT 2026, 242 W
Wed Apr  1 20:23:27 IDT 2026, 235 W
Wed Apr  1 20:23:27 IDT 2026, 247 W
Wed Apr  1 20:23:28 IDT 2026, 661 W
Wed Apr  1 20:23:28 IDT 2026, 639 W
Wed Apr  1 20:23:28 IDT 2026, 673 W
Wed Apr  1 20:23:28 IDT 2026, 655 W
Wed Apr  1 20:23:29 IDT 2026, 616 W
Wed Apr  1 20:23:29 IDT 2026, 621 W
Wed Apr  1 20:23:29 IDT 2026, 612 W
Wed Apr  1 20:23:29 IDT 2026, 628 W
Wed Apr  1 20:23:30 IDT 2026, 616 W
Wed Apr  1 20:23:30 IDT 2026, 621 W
Wed Apr  1 20:23:30 IDT 2026, 611 W
Wed Apr  1 20:23:30 IDT 2026, 628 W
Wed Apr  1 20:23:31 IDT 2026, 617 W
Wed Apr  1 20:23:31 IDT 2026, 624 W
Wed Apr  1 20:23:31 IDT 2026, 612 W
Wed Apr  1 20:23:31 IDT 2026, 629 W
Wed Apr  1 20:23:32 IDT 2026, 613 W
Wed Apr  1 20:23:32 IDT 2026, 622 W
Wed Apr  1 20:23:32 IDT 2026, 612 W
Wed Apr  1 20:23:32 IDT 2026, 624 W
Wed Apr  1 20:23:33 IDT 2026, 615 W
Wed Apr  1 20:23:33 IDT 2026, 623 W
Wed Apr  1 20:23:33 IDT 2026, 612 W
Wed Apr  1 20:23:33 IDT 2026, 629 W
Wed Apr  1 20:23:34 IDT 2026, 615 W
Wed Apr  1 20:23:34 IDT 2026, 624 W
Wed Apr  1 20:23:34 IDT 2026, 613 W
Wed Apr  1 20:23:34 IDT 2026, 630 W
Wed Apr  1 20:23:35 IDT 2026, 615 W
Wed Apr  1 20:23:35 IDT 2026, 623 W
Wed Apr  1 20:23:35 IDT 2026, 611 W
Wed Apr  1 20:23:35 IDT 2026, 629 W
Wed Apr  1 20:23:36 IDT 2026, 614 W
Wed Apr  1 20:23:36 IDT 2026, 621 W
Wed Apr  1 20:23:36 IDT 2026, 612 W
Wed Apr  1 20:23:36 IDT 2026, 622 W
Wed Apr  1 20:23:37 IDT 2026, 613 W
Wed Apr  1 20:23:37 IDT 2026, 620 W
Wed Apr  1 20:23:37 IDT 2026, 610 W
Wed Apr  1 20:23:37 IDT 2026, 625 W
Wed Apr  1 20:23:38 IDT 2026, 614 W
Wed Apr  1 20:23:38 IDT 2026, 621 W
Wed Apr  1 20:23:38 IDT 2026, 608 W
Wed Apr  1 20:23:38 IDT 2026, 621 W
Wed Apr  1 20:23:39 IDT 2026, 605 W
Wed Apr  1 20:23:39 IDT 2026, 610 W
Wed Apr  1 20:23:39 IDT 2026, 599 W
Wed Apr  1 20:23:39 IDT 2026, 618 W
Wed Apr  1 20:23:40 IDT 2026, 606 W
Wed Apr  1 20:23:40 IDT 2026, 610 W
Wed Apr  1 20:23:40 IDT 2026, 600 W
Wed Apr  1 20:23:40 IDT 2026, 614 W
Wed Apr  1 20:23:41 IDT 2026, 597 W
Wed Apr  1 20:23:41 IDT 2026, 607 W
Wed Apr  1 20:23:41 IDT 2026, 594 W
Wed Apr  1 20:23:41 IDT 2026, 608 W
Wed Apr  1 20:23:42 IDT 2026, 599 W
Wed Apr  1 20:23:42 IDT 2026, 606 W
Wed Apr  1 20:23:42 IDT 2026, 592 W
Wed Apr  1 20:23:42 IDT 2026, 610 W
Wed Apr  1 20:23:43 IDT 2026, 594 W
Wed Apr  1 20:23:43 IDT 2026, 604 W
Wed Apr  1 20:23:43 IDT 2026, 593 W
Wed Apr  1 20:23:43 IDT 2026, 605 W
Wed Apr  1 20:23:44 IDT 2026, 586 W
Wed Apr  1 20:23:44 IDT 2026, 589 W
Wed Apr  1 20:23:44 IDT 2026, 584 W
Wed Apr  1 20:23:44 IDT 2026, 595 W
Wed Apr  1 20:23:45 IDT 2026, 583 W
Wed Apr  1 20:23:45 IDT 2026, 593 W
Wed Apr  1 20:23:45 IDT 2026, 578 W
Wed Apr  1 20:23:45 IDT 2026, 592 W
Wed Apr  1 20:23:46 IDT 2026, 587 W
Wed Apr  1 20:23:46 IDT 2026, 592 W
Wed Apr  1 20:23:46 IDT 2026, 583 W
Wed Apr  1 20:23:46 IDT 2026, 595 W
Wed Apr  1 20:23:47 IDT 2026, 587 W
Wed Apr  1 20:23:47 IDT 2026, 596 W
Wed Apr  1 20:23:47 IDT 2026, 584 W
Wed Apr  1 20:23:47 IDT 2026, 597 W
Wed Apr  1 20:23:48 IDT 2026, 586 W
Wed Apr  1 20:23:48 IDT 2026, 591 W
Wed Apr  1 20:23:48 IDT 2026, 582 W
Wed Apr  1 20:23:48 IDT 2026, 594 W
Wed Apr  1 20:23:49 IDT 2026, 578 W
Wed Apr  1 20:23:49 IDT 2026, 588 W
Wed Apr  1 20:23:49 IDT 2026, 577 W
Wed Apr  1 20:23:49 IDT 2026, 587 W
Wed Apr  1 20:23:50 IDT 2026, 552 W
Wed Apr  1 20:23:50 IDT 2026, 557 W
Wed Apr  1 20:23:50 IDT 2026, 549 W
Wed Apr  1 20:23:50 IDT 2026, 562 W
Wed Apr  1 20:23:51 IDT 2026, 551 W
Wed Apr  1 20:23:51 IDT 2026, 558 W
Wed Apr  1 20:23:51 IDT 2026, 545 W
Wed Apr  1 20:23:51 IDT 2026, 562 W
Wed Apr  1 20:23:52 IDT 2026, 550 W
Wed Apr  1 20:23:52 IDT 2026, 554 W
Wed Apr  1 20:23:52 IDT 2026, 544 W
Wed Apr  1 20:23:52 IDT 2026, 557 W
Wed Apr  1 20:23:53 IDT 2026, 556 W
Wed Apr  1 20:23:53 IDT 2026, 559 W
Wed Apr  1 20:23:53 IDT 2026, 547 W
Wed Apr  1 20:23:53 IDT 2026, 564 W
Wed Apr  1 20:23:54 IDT 2026, 552 W
Wed Apr  1 20:23:54 IDT 2026, 560 W
Wed Apr  1 20:23:54 IDT 2026, 549 W
Wed Apr  1 20:23:54 IDT 2026, 565 W
Wed Apr  1 20:23:55 IDT 2026, 547 W
Wed Apr  1 20:23:55 IDT 2026, 555 W
Wed Apr  1 20:23:55 IDT 2026, 549 W
Wed Apr  1 20:23:55 IDT 2026, 560 W
Wed Apr  1 20:23:56 IDT 2026, 237 W
Wed Apr  1 20:23:56 IDT 2026, 239 W
Wed Apr  1 20:23:56 IDT 2026, 234 W
Wed Apr  1 20:23:56 IDT 2026, 243 W
Wed Apr  1 20:23:57 IDT 2026, 616 W
Wed Apr  1 20:23:57 IDT 2026, 620 W
Wed Apr  1 20:23:57 IDT 2026, 611 W
Wed Apr  1 20:23:57 IDT 2026, 626 W
Wed Apr  1 20:23:58 IDT 2026, 617 W
Wed Apr  1 20:23:58 IDT 2026, 622 W
Wed Apr  1 20:23:58 IDT 2026, 612 W
Wed Apr  1 20:23:58 IDT 2026, 626 W
Wed Apr  1 20:23:59 IDT 2026, 615 W
Wed Apr  1 20:23:59 IDT 2026, 623 W
Wed Apr  1 20:23:59 IDT 2026, 613 W
Wed Apr  1 20:23:59 IDT 2026, 625 W
Wed Apr  1 20:24:00 IDT 2026, 616 W
Wed Apr  1 20:24:00 IDT 2026, 622 W
Wed Apr  1 20:24:00 IDT 2026, 609 W
Wed Apr  1 20:24:00 IDT 2026, 628 W
Wed Apr  1 20:24:01 IDT 2026, 615 W
Wed Apr  1 20:24:01 IDT 2026, 623 W
Wed Apr  1 20:24:01 IDT 2026, 610 W
Wed Apr  1 20:24:01 IDT 2026, 626 W
Wed Apr  1 20:24:02 IDT 2026, 612 W
Wed Apr  1 20:24:02 IDT 2026, 622 W
Wed Apr  1 20:24:02 IDT 2026, 610 W
Wed Apr  1 20:24:02 IDT 2026, 627 W
Wed Apr  1 20:24:03 IDT 2026, 615 W
Wed Apr  1 20:24:03 IDT 2026, 624 W
Wed Apr  1 20:24:03 IDT 2026, 611 W
Wed Apr  1 20:24:03 IDT 2026, 625 W
Wed Apr  1 20:24:04 IDT 2026, 615 W
Wed Apr  1 20:24:04 IDT 2026, 623 W
Wed Apr  1 20:24:04 IDT 2026, 613 W
Wed Apr  1 20:24:04 IDT 2026, 625 W
Wed Apr  1 20:24:05 IDT 2026, 615 W
Wed Apr  1 20:24:05 IDT 2026, 622 W
Wed Apr  1 20:24:05 IDT 2026, 608 W
Wed Apr  1 20:24:05 IDT 2026, 627 W
Wed Apr  1 20:24:06 IDT 2026, 612 W
Wed Apr  1 20:24:06 IDT 2026, 620 W
Wed Apr  1 20:24:06 IDT 2026, 607 W
Wed Apr  1 20:24:06 IDT 2026, 624 W
Wed Apr  1 20:24:07 IDT 2026, 614 W
Wed Apr  1 20:24:07 IDT 2026, 622 W
Wed Apr  1 20:24:07 IDT 2026, 609 W
Wed Apr  1 20:24:07 IDT 2026, 625 W
Wed Apr  1 20:24:08 IDT 2026, 614 W
Wed Apr  1 20:24:08 IDT 2026, 621 W
Wed Apr  1 20:24:08 IDT 2026, 610 W
Wed Apr  1 20:24:08 IDT 2026, 626 W
Wed Apr  1 20:24:09 IDT 2026, 611 W
Wed Apr  1 20:24:09 IDT 2026, 620 W
Wed Apr  1 20:24:09 IDT 2026, 609 W
Wed Apr  1 20:24:09 IDT 2026, 621 W
Wed Apr  1 20:24:10 IDT 2026, 613 W
Wed Apr  1 20:24:10 IDT 2026, 620 W
Wed Apr  1 20:24:10 IDT 2026, 609 W
Wed Apr  1 20:24:10 IDT 2026, 625 W
Wed Apr  1 20:24:11 IDT 2026, 606 W
Wed Apr  1 20:24:11 IDT 2026, 613 W
Wed Apr  1 20:24:11 IDT 2026, 601 W
Wed Apr  1 20:24:11 IDT 2026, 617 W
Wed Apr  1 20:24:12 IDT 2026, 606 W
Wed Apr  1 20:24:12 IDT 2026, 610 W
Wed Apr  1 20:24:12 IDT 2026, 601 W
Wed Apr  1 20:24:12 IDT 2026, 613 W
Wed Apr  1 20:24:13 IDT 2026, 607 W
Wed Apr  1 20:24:13 IDT 2026, 612 W
Wed Apr  1 20:24:13 IDT 2026, 600 W
Wed Apr  1 20:24:13 IDT 2026, 618 W
Wed Apr  1 20:24:14 IDT 2026, 608 W
Wed Apr  1 20:24:14 IDT 2026, 613 W
Wed Apr  1 20:24:14 IDT 2026, 605 W
Wed Apr  1 20:24:14 IDT 2026, 618 W
Wed Apr  1 20:24:15 IDT 2026, 606 W
Wed Apr  1 20:24:15 IDT 2026, 614 W
Wed Apr  1 20:24:15 IDT 2026, 601 W
Wed Apr  1 20:24:15 IDT 2026, 616 W
Wed Apr  1 20:24:16 IDT 2026, 599 W
Wed Apr  1 20:24:16 IDT 2026, 609 W
Wed Apr  1 20:24:16 IDT 2026, 597 W
Wed Apr  1 20:24:16 IDT 2026, 607 W
Wed Apr  1 20:24:17 IDT 2026, 604 W
Wed Apr  1 20:24:17 IDT 2026, 608 W
Wed Apr  1 20:24:17 IDT 2026, 600 W
Wed Apr  1 20:24:17 IDT 2026, 612 W
Wed Apr  1 20:24:18 IDT 2026, 602 W
Wed Apr  1 20:24:18 IDT 2026, 610 W
Wed Apr  1 20:24:18 IDT 2026, 599 W
Wed Apr  1 20:24:18 IDT 2026, 615 W
Wed Apr  1 20:24:19 IDT 2026, 604 W
Wed Apr  1 20:24:19 IDT 2026, 611 W
Wed Apr  1 20:24:19 IDT 2026, 600 W
Wed Apr  1 20:24:19 IDT 2026, 614 W
Wed Apr  1 20:24:20 IDT 2026, 602 W
Wed Apr  1 20:24:20 IDT 2026, 614 W
Wed Apr  1 20:24:20 IDT 2026, 598 W
Wed Apr  1 20:24:20 IDT 2026, 614 W
Wed Apr  1 20:24:21 IDT 2026, 600 W
Wed Apr  1 20:24:21 IDT 2026, 608 W
Wed Apr  1 20:24:21 IDT 2026, 594 W
Wed Apr  1 20:24:21 IDT 2026, 612 W
Wed Apr  1 20:24:22 IDT 2026, 604 W
Wed Apr  1 20:24:22 IDT 2026, 606 W
Wed Apr  1 20:24:22 IDT 2026, 598 W
Wed Apr  1 20:24:22 IDT 2026, 617 W
Wed Apr  1 20:24:23 IDT 2026, 601 W
Wed Apr  1 20:24:23 IDT 2026, 606 W
Wed Apr  1 20:24:23 IDT 2026, 598 W
Wed Apr  1 20:24:23 IDT 2026, 611 W
Wed Apr  1 20:24:24 IDT 2026, 598 W
Wed Apr  1 20:24:24 IDT 2026, 605 W
Wed Apr  1 20:24:24 IDT 2026, 596 W
Wed Apr  1 20:24:24 IDT 2026, 611 W
Wed Apr  1 20:24:25 IDT 2026, 596 W
Wed Apr  1 20:24:25 IDT 2026, 601 W
Wed Apr  1 20:24:25 IDT 2026, 592 W
Wed Apr  1 20:24:25 IDT 2026, 606 W
Wed Apr  1 20:24:26 IDT 2026, 600 W
Wed Apr  1 20:24:26 IDT 2026, 606 W
Wed Apr  1 20:24:26 IDT 2026, 593 W
Wed Apr  1 20:24:26 IDT 2026, 612 W
Wed Apr  1 20:24:27 IDT 2026, 596 W
Wed Apr  1 20:24:27 IDT 2026, 608 W
Wed Apr  1 20:24:27 IDT 2026, 596 W
Wed Apr  1 20:24:27 IDT 2026, 608 W
Wed Apr  1 20:24:28 IDT 2026, 596 W
Wed Apr  1 20:24:28 IDT 2026, 604 W
Wed Apr  1 20:24:28 IDT 2026, 592 W
Wed Apr  1 20:24:28 IDT 2026, 607 W
Wed Apr  1 20:24:29 IDT 2026, 236 W
Wed Apr  1 20:24:29 IDT 2026, 239 W
Wed Apr  1 20:24:29 IDT 2026, 233 W
Wed Apr  1 20:24:29 IDT 2026, 243 W
Wed Apr  1 20:24:30 IDT 2026, 613 W
Wed Apr  1 20:24:30 IDT 2026, 624 W
Wed Apr  1 20:24:30 IDT 2026, 612 W
Wed Apr  1 20:24:30 IDT 2026, 626 W
Wed Apr  1 20:24:31 IDT 2026, 613 W
Wed Apr  1 20:24:31 IDT 2026, 622 W
Wed Apr  1 20:24:31 IDT 2026, 612 W
Wed Apr  1 20:24:31 IDT 2026, 625 W
Wed Apr  1 20:24:32 IDT 2026, 617 W
Wed Apr  1 20:24:32 IDT 2026, 621 W
Wed Apr  1 20:24:32 IDT 2026, 611 W
Wed Apr  1 20:24:32 IDT 2026, 622 W
Wed Apr  1 20:24:33 IDT 2026, 616 W
Wed Apr  1 20:24:33 IDT 2026, 624 W
Wed Apr  1 20:24:33 IDT 2026, 613 W
Wed Apr  1 20:24:33 IDT 2026, 627 W
Wed Apr  1 20:24:34 IDT 2026, 617 W
Wed Apr  1 20:24:34 IDT 2026, 622 W
Wed Apr  1 20:24:34 IDT 2026, 612 W
Wed Apr  1 20:24:34 IDT 2026, 627 W
Wed Apr  1 20:24:35 IDT 2026, 617 W
Wed Apr  1 20:24:35 IDT 2026, 623 W
Wed Apr  1 20:24:35 IDT 2026, 614 W
Wed Apr  1 20:24:35 IDT 2026, 628 W
Wed Apr  1 20:24:36 IDT 2026, 616 W
Wed Apr  1 20:24:36 IDT 2026, 624 W
Wed Apr  1 20:24:36 IDT 2026, 614 W
Wed Apr  1 20:24:36 IDT 2026, 626 W
Wed Apr  1 20:24:37 IDT 2026, 616 W
Wed Apr  1 20:24:37 IDT 2026, 623 W
Wed Apr  1 20:24:37 IDT 2026, 610 W
Wed Apr  1 20:24:37 IDT 2026, 629 W
Wed Apr  1 20:24:38 IDT 2026, 617 W
Wed Apr  1 20:24:38 IDT 2026, 622 W
Wed Apr  1 20:24:38 IDT 2026, 614 W
Wed Apr  1 20:24:38 IDT 2026, 627 W
Wed Apr  1 20:24:39 IDT 2026, 615 W
Wed Apr  1 20:24:39 IDT 2026, 624 W
Wed Apr  1 20:24:39 IDT 2026, 611 W
Wed Apr  1 20:24:39 IDT 2026, 626 W
Wed Apr  1 20:24:40 IDT 2026, 613 W
Wed Apr  1 20:24:40 IDT 2026, 624 W
Wed Apr  1 20:24:40 IDT 2026, 608 W
Wed Apr  1 20:24:40 IDT 2026, 623 W
Wed Apr  1 20:24:41 IDT 2026, 612 W
Wed Apr  1 20:24:41 IDT 2026, 621 W
Wed Apr  1 20:24:41 IDT 2026, 608 W
Wed Apr  1 20:24:41 IDT 2026, 625 W
Wed Apr  1 20:24:42 IDT 2026, 612 W
Wed Apr  1 20:24:42 IDT 2026, 622 W
Wed Apr  1 20:24:42 IDT 2026, 607 W
Wed Apr  1 20:24:42 IDT 2026, 619 W
Wed Apr  1 20:24:43 IDT 2026, 614 W
Wed Apr  1 20:24:43 IDT 2026, 619 W
Wed Apr  1 20:24:43 IDT 2026, 607 W
Wed Apr  1 20:24:43 IDT 2026, 623 W
Wed Apr  1 20:24:44 IDT 2026, 609 W
Wed Apr  1 20:24:44 IDT 2026, 617 W
Wed Apr  1 20:24:44 IDT 2026, 605 W
Wed Apr  1 20:24:44 IDT 2026, 619 W
Wed Apr  1 20:24:45 IDT 2026, 613 W
Wed Apr  1 20:24:45 IDT 2026, 619 W
Wed Apr  1 20:24:45 IDT 2026, 605 W
Wed Apr  1 20:24:45 IDT 2026, 625 W
Wed Apr  1 20:24:46 IDT 2026, 609 W
Wed Apr  1 20:24:46 IDT 2026, 618 W
Wed Apr  1 20:24:46 IDT 2026, 606 W
Wed Apr  1 20:24:46 IDT 2026, 621 W
Wed Apr  1 20:24:47 IDT 2026, 610 W
Wed Apr  1 20:24:47 IDT 2026, 617 W
Wed Apr  1 20:24:47 IDT 2026, 609 W
Wed Apr  1 20:24:47 IDT 2026, 622 W
Wed Apr  1 20:24:48 IDT 2026, 614 W
Wed Apr  1 20:24:48 IDT 2026, 619 W
Wed Apr  1 20:24:48 IDT 2026, 606 W
Wed Apr  1 20:24:48 IDT 2026, 623 W
Wed Apr  1 20:24:49 IDT 2026, 611 W
Wed Apr  1 20:24:49 IDT 2026, 622 W
Wed Apr  1 20:24:49 IDT 2026, 608 W
Wed Apr  1 20:24:49 IDT 2026, 623 W
Wed Apr  1 20:24:50 IDT 2026, 610 W
Wed Apr  1 20:24:50 IDT 2026, 618 W
Wed Apr  1 20:24:50 IDT 2026, 607 W
Wed Apr  1 20:24:50 IDT 2026, 622 W
Wed Apr  1 20:24:51 IDT 2026, 612 W
Wed Apr  1 20:24:51 IDT 2026, 614 W
Wed Apr  1 20:24:51 IDT 2026, 602 W
Wed Apr  1 20:24:51 IDT 2026, 621 W
Wed Apr  1 20:24:52 IDT 2026, 608 W
Wed Apr  1 20:24:52 IDT 2026, 611 W
Wed Apr  1 20:24:52 IDT 2026, 602 W
Wed Apr  1 20:24:52 IDT 2026, 617 W
Wed Apr  1 20:24:53 IDT 2026, 604 W
Wed Apr  1 20:24:53 IDT 2026, 612 W
Wed Apr  1 20:24:53 IDT 2026, 600 W
Wed Apr  1 20:24:53 IDT 2026, 616 W
Wed Apr  1 20:24:54 IDT 2026, 607 W
Wed Apr  1 20:24:54 IDT 2026, 613 W
Wed Apr  1 20:24:54 IDT 2026, 601 W
Wed Apr  1 20:24:54 IDT 2026, 618 W
Wed Apr  1 20:24:55 IDT 2026, 605 W
Wed Apr  1 20:24:55 IDT 2026, 612 W
Wed Apr  1 20:24:55 IDT 2026, 601 W
Wed Apr  1 20:24:55 IDT 2026, 618 W
Wed Apr  1 20:24:56 IDT 2026, 603 W
Wed Apr  1 20:24:56 IDT 2026, 609 W
Wed Apr  1 20:24:56 IDT 2026, 597 W
Wed Apr  1 20:24:56 IDT 2026, 615 W
Wed Apr  1 20:24:57 IDT 2026, 604 W
Wed Apr  1 20:24:57 IDT 2026, 610 W
Wed Apr  1 20:24:57 IDT 2026, 599 W
Wed Apr  1 20:24:57 IDT 2026, 614 W
Wed Apr  1 20:24:58 IDT 2026, 605 W
Wed Apr  1 20:24:58 IDT 2026, 613 W
Wed Apr  1 20:24:58 IDT 2026, 601 W
Wed Apr  1 20:24:58 IDT 2026, 616 W
Wed Apr  1 20:24:59 IDT 2026, 607 W
Wed Apr  1 20:24:59 IDT 2026, 613 W
Wed Apr  1 20:24:59 IDT 2026, 605 W
Wed Apr  1 20:24:59 IDT 2026, 615 W
Wed Apr  1 20:25:00 IDT 2026, 604 W
Wed Apr  1 20:25:00 IDT 2026, 612 W
Wed Apr  1 20:25:00 IDT 2026, 602 W
Wed Apr  1 20:25:00 IDT 2026, 615 W
Wed Apr  1 20:25:01 IDT 2026, 605 W
Wed Apr  1 20:25:01 IDT 2026, 610 W
Wed Apr  1 20:25:01 IDT 2026, 600 W
Wed Apr  1 20:25:01 IDT 2026, 617 W
Wed Apr  1 20:25:02 IDT 2026, 237 W
Wed Apr  1 20:25:02 IDT 2026, 240 W
Wed Apr  1 20:25:02 IDT 2026, 234 W
Wed Apr  1 20:25:02 IDT 2026, 244 W
Wed Apr  1 20:25:03 IDT 2026, 618 W
Wed Apr  1 20:25:03 IDT 2026, 625 W
Wed Apr  1 20:25:03 IDT 2026, 615 W
Wed Apr  1 20:25:03 IDT 2026, 626 W
Wed Apr  1 20:25:04 IDT 2026, 617 W
Wed Apr  1 20:25:04 IDT 2026, 622 W
Wed Apr  1 20:25:04 IDT 2026, 611 W
Wed Apr  1 20:25:04 IDT 2026, 625 W
Wed Apr  1 20:25:05 IDT 2026, 615 W
Wed Apr  1 20:25:05 IDT 2026, 622 W
Wed Apr  1 20:25:05 IDT 2026, 610 W
Wed Apr  1 20:25:05 IDT 2026, 625 W
Wed Apr  1 20:25:06 IDT 2026, 614 W
Wed Apr  1 20:25:06 IDT 2026, 623 W
Wed Apr  1 20:25:06 IDT 2026, 612 W
Wed Apr  1 20:25:06 IDT 2026, 628 W
Wed Apr  1 20:25:07 IDT 2026, 616 W
Wed Apr  1 20:25:07 IDT 2026, 621 W
Wed Apr  1 20:25:07 IDT 2026, 608 W
Wed Apr  1 20:25:07 IDT 2026, 625 W
Wed Apr  1 20:25:08 IDT 2026, 618 W
Wed Apr  1 20:25:08 IDT 2026, 621 W
Wed Apr  1 20:25:08 IDT 2026, 610 W
Wed Apr  1 20:25:08 IDT 2026, 629 W
Wed Apr  1 20:25:09 IDT 2026, 612 W
Wed Apr  1 20:25:09 IDT 2026, 623 W
Wed Apr  1 20:25:09 IDT 2026, 609 W
Wed Apr  1 20:25:09 IDT 2026, 626 W
Wed Apr  1 20:25:10 IDT 2026, 614 W
Wed Apr  1 20:25:10 IDT 2026, 615 W
Wed Apr  1 20:25:10 IDT 2026, 607 W
Wed Apr  1 20:25:10 IDT 2026, 620 W
Wed Apr  1 20:25:11 IDT 2026, 607 W
Wed Apr  1 20:25:11 IDT 2026, 612 W
Wed Apr  1 20:25:11 IDT 2026, 602 W
Wed Apr  1 20:25:11 IDT 2026, 616 W
Wed Apr  1 20:25:12 IDT 2026, 607 W
Wed Apr  1 20:25:12 IDT 2026, 614 W
Wed Apr  1 20:25:12 IDT 2026, 602 W
Wed Apr  1 20:25:12 IDT 2026, 617 W
Wed Apr  1 20:25:13 IDT 2026, 605 W
Wed Apr  1 20:25:13 IDT 2026, 611 W
Wed Apr  1 20:25:13 IDT 2026, 601 W
Wed Apr  1 20:25:13 IDT 2026, 616 W
Wed Apr  1 20:25:14 IDT 2026, 605 W
Wed Apr  1 20:25:14 IDT 2026, 614 W
Wed Apr  1 20:25:14 IDT 2026, 599 W
Wed Apr  1 20:25:14 IDT 2026, 615 W
Wed Apr  1 20:25:15 IDT 2026, 604 W
Wed Apr  1 20:25:15 IDT 2026, 609 W
Wed Apr  1 20:25:15 IDT 2026, 600 W
Wed Apr  1 20:25:15 IDT 2026, 615 W
Wed Apr  1 20:25:16 IDT 2026, 601 W
Wed Apr  1 20:25:16 IDT 2026, 605 W
Wed Apr  1 20:25:16 IDT 2026, 594 W
Wed Apr  1 20:25:16 IDT 2026, 612 W
Wed Apr  1 20:25:17 IDT 2026, 587 W
Wed Apr  1 20:25:17 IDT 2026, 594 W
Wed Apr  1 20:25:17 IDT 2026, 580 W
Wed Apr  1 20:25:17 IDT 2026, 594 W
Wed Apr  1 20:25:18 IDT 2026, 580 W
Wed Apr  1 20:25:18 IDT 2026, 588 W
Wed Apr  1 20:25:18 IDT 2026, 573 W
Wed Apr  1 20:25:18 IDT 2026, 591 W
Wed Apr  1 20:25:19 IDT 2026, 587 W
Wed Apr  1 20:25:19 IDT 2026, 595 W
Wed Apr  1 20:25:19 IDT 2026, 580 W
Wed Apr  1 20:25:19 IDT 2026, 599 W
Wed Apr  1 20:25:20 IDT 2026, 590 W
Wed Apr  1 20:25:20 IDT 2026, 592 W
Wed Apr  1 20:25:20 IDT 2026, 582 W
Wed Apr  1 20:25:20 IDT 2026, 594 W
Wed Apr  1 20:25:21 IDT 2026, 582 W
Wed Apr  1 20:25:21 IDT 2026, 587 W
Wed Apr  1 20:25:21 IDT 2026, 580 W
Wed Apr  1 20:25:21 IDT 2026, 589 W
Wed Apr  1 20:25:22 IDT 2026, 591 W
Wed Apr  1 20:25:22 IDT 2026, 599 W
Wed Apr  1 20:25:22 IDT 2026, 582 W
Wed Apr  1 20:25:22 IDT 2026, 597 W
Wed Apr  1 20:25:23 IDT 2026, 582 W
Wed Apr  1 20:25:23 IDT 2026, 589 W
Wed Apr  1 20:25:23 IDT 2026, 572 W
Wed Apr  1 20:25:23 IDT 2026, 593 W
Wed Apr  1 20:25:24 IDT 2026, 584 W
Wed Apr  1 20:25:24 IDT 2026, 585 W
Wed Apr  1 20:25:24 IDT 2026, 576 W
Wed Apr  1 20:25:24 IDT 2026, 592 W
Wed Apr  1 20:25:25 IDT 2026, 585 W
Wed Apr  1 20:25:25 IDT 2026, 588 W
Wed Apr  1 20:25:25 IDT 2026, 582 W
Wed Apr  1 20:25:25 IDT 2026, 590 W
Wed Apr  1 20:25:26 IDT 2026, 584 W
Wed Apr  1 20:25:26 IDT 2026, 593 W
Wed Apr  1 20:25:26 IDT 2026, 582 W
Wed Apr  1 20:25:26 IDT 2026, 597 W
Wed Apr  1 20:25:27 IDT 2026, 580 W
Wed Apr  1 20:25:27 IDT 2026, 590 W
Wed Apr  1 20:25:27 IDT 2026, 581 W
Wed Apr  1 20:25:27 IDT 2026, 594 W
Wed Apr  1 20:25:28 IDT 2026, 586 W
Wed Apr  1 20:25:28 IDT 2026, 590 W
Wed Apr  1 20:25:28 IDT 2026, 582 W
Wed Apr  1 20:25:28 IDT 2026, 596 W
Wed Apr  1 20:25:29 IDT 2026, 586 W
Wed Apr  1 20:25:29 IDT 2026, 594 W
Wed Apr  1 20:25:29 IDT 2026, 581 W
Wed Apr  1 20:25:29 IDT 2026, 598 W
Wed Apr  1 20:25:30 IDT 2026, 587 W
Wed Apr  1 20:25:30 IDT 2026, 594 W
Wed Apr  1 20:25:30 IDT 2026, 587 W
Wed Apr  1 20:25:30 IDT 2026, 597 W
Wed Apr  1 20:25:31 IDT 2026, 585 W
Wed Apr  1 20:25:31 IDT 2026, 594 W
Wed Apr  1 20:25:31 IDT 2026, 585 W
Wed Apr  1 20:25:31 IDT 2026, 598 W
Wed Apr  1 20:25:32 IDT 2026, 237 W
Wed Apr  1 20:25:32 IDT 2026, 240 W
Wed Apr  1 20:25:32 IDT 2026, 236 W
Wed Apr  1 20:25:32 IDT 2026, 245 W
Wed Apr  1 20:25:33 IDT 2026, 840 W
Wed Apr  1 20:25:33 IDT 2026, 822 W
Wed Apr  1 20:25:33 IDT 2026, 824 W
Wed Apr  1 20:25:33 IDT 2026, 856 W
Wed Apr  1 20:25:34 IDT 2026, 617 W
Wed Apr  1 20:25:34 IDT 2026, 620 W
Wed Apr  1 20:25:34 IDT 2026, 611 W
Wed Apr  1 20:25:34 IDT 2026, 626 W
Wed Apr  1 20:25:35 IDT 2026, 616 W
Wed Apr  1 20:25:35 IDT 2026, 622 W
Wed Apr  1 20:25:35 IDT 2026, 612 W
Wed Apr  1 20:25:35 IDT 2026, 625 W
Wed Apr  1 20:25:36 IDT 2026, 617 W
Wed Apr  1 20:25:36 IDT 2026, 622 W
Wed Apr  1 20:25:36 IDT 2026, 610 W
Wed Apr  1 20:25:36 IDT 2026, 627 W
Wed Apr  1 20:25:37 IDT 2026, 618 W
Wed Apr  1 20:25:37 IDT 2026, 620 W
Wed Apr  1 20:25:37 IDT 2026, 610 W
Wed Apr  1 20:25:37 IDT 2026, 626 W
Wed Apr  1 20:25:38 IDT 2026, 618 W
Wed Apr  1 20:25:38 IDT 2026, 623 W
Wed Apr  1 20:25:38 IDT 2026, 612 W
Wed Apr  1 20:25:38 IDT 2026, 627 W
Wed Apr  1 20:25:39 IDT 2026, 616 W
Wed Apr  1 20:25:39 IDT 2026, 624 W
Wed Apr  1 20:25:39 IDT 2026, 608 W
Wed Apr  1 20:25:39 IDT 2026, 625 W
Wed Apr  1 20:25:40 IDT 2026, 614 W
Wed Apr  1 20:25:40 IDT 2026, 620 W
Wed Apr  1 20:25:40 IDT 2026, 611 W
Wed Apr  1 20:25:40 IDT 2026, 627 W
Wed Apr  1 20:25:41 IDT 2026, 616 W
Wed Apr  1 20:25:41 IDT 2026, 621 W
Wed Apr  1 20:25:41 IDT 2026, 609 W
Wed Apr  1 20:25:41 IDT 2026, 629 W
Wed Apr  1 20:25:42 IDT 2026, 615 W
Wed Apr  1 20:25:42 IDT 2026, 620 W
Wed Apr  1 20:25:42 IDT 2026, 610 W
Wed Apr  1 20:25:42 IDT 2026, 625 W
Wed Apr  1 20:25:43 IDT 2026, 616 W
Wed Apr  1 20:25:43 IDT 2026, 622 W
Wed Apr  1 20:25:43 IDT 2026, 609 W
Wed Apr  1 20:25:43 IDT 2026, 625 W
Wed Apr  1 20:25:44 IDT 2026, 615 W
Wed Apr  1 20:25:44 IDT 2026, 620 W
Wed Apr  1 20:25:44 IDT 2026, 607 W
Wed Apr  1 20:25:44 IDT 2026, 626 W
Wed Apr  1 20:25:45 IDT 2026, 612 W
Wed Apr  1 20:25:45 IDT 2026, 621 W
Wed Apr  1 20:25:45 IDT 2026, 608 W
Wed Apr  1 20:25:45 IDT 2026, 624 W
Wed Apr  1 20:25:46 IDT 2026, 609 W
Wed Apr  1 20:25:46 IDT 2026, 616 W
Wed Apr  1 20:25:46 IDT 2026, 606 W
Wed Apr  1 20:25:46 IDT 2026, 619 W
Wed Apr  1 20:25:47 IDT 2026, 609 W
Wed Apr  1 20:25:47 IDT 2026, 618 W
Wed Apr  1 20:25:47 IDT 2026, 608 W
Wed Apr  1 20:25:47 IDT 2026, 620 W
Wed Apr  1 20:25:48 IDT 2026, 608 W
Wed Apr  1 20:25:48 IDT 2026, 616 W
Wed Apr  1 20:25:48 IDT 2026, 606 W
Wed Apr  1 20:25:48 IDT 2026, 620 W
Wed Apr  1 20:25:49 IDT 2026, 608 W
Wed Apr  1 20:25:49 IDT 2026, 611 W
Wed Apr  1 20:25:49 IDT 2026, 602 W
Wed Apr  1 20:25:49 IDT 2026, 618 W
Wed Apr  1 20:25:50 IDT 2026, 607 W
Wed Apr  1 20:25:50 IDT 2026, 610 W
Wed Apr  1 20:25:50 IDT 2026, 604 W
Wed Apr  1 20:25:50 IDT 2026, 615 W
Wed Apr  1 20:25:51 IDT 2026, 605 W
Wed Apr  1 20:25:51 IDT 2026, 613 W
Wed Apr  1 20:25:51 IDT 2026, 602 W
Wed Apr  1 20:25:51 IDT 2026, 617 W
Wed Apr  1 20:25:52 IDT 2026, 605 W
Wed Apr  1 20:25:52 IDT 2026, 611 W
Wed Apr  1 20:25:52 IDT 2026, 600 W
Wed Apr  1 20:25:52 IDT 2026, 614 W
Wed Apr  1 20:25:53 IDT 2026, 604 W
Wed Apr  1 20:25:53 IDT 2026, 611 W
Wed Apr  1 20:25:53 IDT 2026, 603 W
Wed Apr  1 20:25:53 IDT 2026, 616 W
Wed Apr  1 20:25:54 IDT 2026, 601 W
Wed Apr  1 20:25:54 IDT 2026, 608 W
Wed Apr  1 20:25:54 IDT 2026, 593 W
Wed Apr  1 20:25:54 IDT 2026, 610 W
Wed Apr  1 20:25:55 IDT 2026, 601 W
Wed Apr  1 20:25:55 IDT 2026, 604 W
Wed Apr  1 20:25:55 IDT 2026, 597 W
Wed Apr  1 20:25:55 IDT 2026, 609 W
Wed Apr  1 20:25:56 IDT 2026, 598 W
Wed Apr  1 20:25:56 IDT 2026, 604 W
Wed Apr  1 20:25:56 IDT 2026, 598 W
Wed Apr  1 20:25:56 IDT 2026, 606 W
Wed Apr  1 20:25:57 IDT 2026, 594 W
Wed Apr  1 20:25:57 IDT 2026, 605 W
Wed Apr  1 20:25:57 IDT 2026, 592 W
Wed Apr  1 20:25:57 IDT 2026, 609 W
Wed Apr  1 20:25:58 IDT 2026, 584 W
Wed Apr  1 20:25:58 IDT 2026, 591 W
Wed Apr  1 20:25:58 IDT 2026, 580 W
Wed Apr  1 20:25:58 IDT 2026, 599 W
Wed Apr  1 20:25:59 IDT 2026, 580 W
Wed Apr  1 20:25:59 IDT 2026, 593 W
Wed Apr  1 20:25:59 IDT 2026, 579 W
Wed Apr  1 20:25:59 IDT 2026, 592 W
Wed Apr  1 20:26:00 IDT 2026, 585 W
Wed Apr  1 20:26:00 IDT 2026, 598 W
Wed Apr  1 20:26:00 IDT 2026, 580 W
Wed Apr  1 20:26:00 IDT 2026, 598 W
Wed Apr  1 20:26:01 IDT 2026, 585 W
Wed Apr  1 20:26:01 IDT 2026, 591 W
Wed Apr  1 20:26:01 IDT 2026, 582 W
Wed Apr  1 20:26:01 IDT 2026, 596 W
Wed Apr  1 20:26:02 IDT 2026, 582 W
Wed Apr  1 20:26:02 IDT 2026, 592 W
Wed Apr  1 20:26:02 IDT 2026, 582 W
Wed Apr  1 20:26:02 IDT 2026, 596 W
Wed Apr  1 20:26:03 IDT 2026, 587 W
Wed Apr  1 20:26:03 IDT 2026, 594 W
Wed Apr  1 20:26:03 IDT 2026, 585 W
Wed Apr  1 20:26:03 IDT 2026, 598 W
Wed Apr  1 20:26:04 IDT 2026, 266 W
Wed Apr  1 20:26:04 IDT 2026, 321 W
Wed Apr  1 20:26:04 IDT 2026, 274 W
Wed Apr  1 20:26:04 IDT 2026, 263 W
Wed Apr  1 20:26:05 IDT 2026, 850 W
Wed Apr  1 20:26:05 IDT 2026, 854 W
Wed Apr  1 20:26:05 IDT 2026, 846 W
Wed Apr  1 20:26:05 IDT 2026, 850 W
Wed Apr  1 20:26:06 IDT 2026, 616 W
Wed Apr  1 20:26:06 IDT 2026, 622 W
Wed Apr  1 20:26:06 IDT 2026, 611 W
Wed Apr  1 20:26:06 IDT 2026, 628 W
Wed Apr  1 20:26:07 IDT 2026, 615 W
Wed Apr  1 20:26:07 IDT 2026, 621 W
Wed Apr  1 20:26:07 IDT 2026, 611 W
Wed Apr  1 20:26:07 IDT 2026, 626 W
Wed Apr  1 20:26:08 IDT 2026, 617 W
Wed Apr  1 20:26:08 IDT 2026, 621 W
Wed Apr  1 20:26:08 IDT 2026, 611 W
Wed Apr  1 20:26:08 IDT 2026, 626 W
Wed Apr  1 20:26:09 IDT 2026, 618 W
Wed Apr  1 20:26:09 IDT 2026, 623 W
Wed Apr  1 20:26:09 IDT 2026, 612 W
Wed Apr  1 20:26:09 IDT 2026, 626 W
Wed Apr  1 20:26:10 IDT 2026, 618 W
Wed Apr  1 20:26:10 IDT 2026, 623 W
Wed Apr  1 20:26:10 IDT 2026, 611 W
Wed Apr  1 20:26:10 IDT 2026, 628 W
Wed Apr  1 20:26:11 IDT 2026, 617 W
Wed Apr  1 20:26:11 IDT 2026, 621 W
Wed Apr  1 20:26:11 IDT 2026, 611 W
Wed Apr  1 20:26:11 IDT 2026, 627 W
Wed Apr  1 20:26:12 IDT 2026, 617 W
Wed Apr  1 20:26:12 IDT 2026, 623 W
Wed Apr  1 20:26:12 IDT 2026, 612 W
Wed Apr  1 20:26:12 IDT 2026, 627 W
Wed Apr  1 20:26:13 IDT 2026, 613 W
Wed Apr  1 20:26:13 IDT 2026, 621 W
Wed Apr  1 20:26:13 IDT 2026, 611 W
Wed Apr  1 20:26:13 IDT 2026, 627 W
Wed Apr  1 20:26:14 IDT 2026, 613 W
Wed Apr  1 20:26:14 IDT 2026, 622 W
Wed Apr  1 20:26:14 IDT 2026, 612 W
Wed Apr  1 20:26:14 IDT 2026, 628 W
Wed Apr  1 20:26:15 IDT 2026, 614 W
Wed Apr  1 20:26:15 IDT 2026, 621 W
Wed Apr  1 20:26:15 IDT 2026, 610 W
Wed Apr  1 20:26:15 IDT 2026, 625 W
Wed Apr  1 20:26:16 IDT 2026, 616 W
Wed Apr  1 20:26:16 IDT 2026, 619 W
Wed Apr  1 20:26:16 IDT 2026, 611 W
Wed Apr  1 20:26:16 IDT 2026, 625 W
Wed Apr  1 20:26:17 IDT 2026, 610 W
Wed Apr  1 20:26:17 IDT 2026, 619 W
Wed Apr  1 20:26:17 IDT 2026, 604 W
Wed Apr  1 20:26:17 IDT 2026, 619 W
Wed Apr  1 20:26:18 IDT 2026, 608 W
Wed Apr  1 20:26:18 IDT 2026, 614 W
Wed Apr  1 20:26:18 IDT 2026, 602 W
Wed Apr  1 20:26:18 IDT 2026, 618 W
Wed Apr  1 20:26:19 IDT 2026, 607 W
Wed Apr  1 20:26:19 IDT 2026, 611 W
Wed Apr  1 20:26:19 IDT 2026, 602 W
Wed Apr  1 20:26:19 IDT 2026, 619 W
Wed Apr  1 20:26:20 IDT 2026, 598 W
Wed Apr  1 20:26:20 IDT 2026, 607 W
Wed Apr  1 20:26:20 IDT 2026, 596 W
Wed Apr  1 20:26:20 IDT 2026, 615 W
Wed Apr  1 20:26:21 IDT 2026, 601 W
Wed Apr  1 20:26:21 IDT 2026, 608 W
Wed Apr  1 20:26:21 IDT 2026, 597 W
Wed Apr  1 20:26:21 IDT 2026, 612 W
Wed Apr  1 20:26:22 IDT 2026, 603 W
Wed Apr  1 20:26:22 IDT 2026, 612 W
Wed Apr  1 20:26:22 IDT 2026, 595 W
Wed Apr  1 20:26:22 IDT 2026, 617 W
Wed Apr  1 20:26:23 IDT 2026, 603 W
Wed Apr  1 20:26:23 IDT 2026, 612 W
Wed Apr  1 20:26:23 IDT 2026, 598 W
Wed Apr  1 20:26:23 IDT 2026, 614 W
Wed Apr  1 20:26:24 IDT 2026, 601 W
Wed Apr  1 20:26:24 IDT 2026, 601 W
Wed Apr  1 20:26:24 IDT 2026, 592 W
Wed Apr  1 20:26:24 IDT 2026, 608 W
Wed Apr  1 20:26:25 IDT 2026, 601 W
Wed Apr  1 20:26:25 IDT 2026, 607 W
Wed Apr  1 20:26:25 IDT 2026, 598 W
Wed Apr  1 20:26:25 IDT 2026, 608 W
Wed Apr  1 20:26:26 IDT 2026, 602 W
Wed Apr  1 20:26:26 IDT 2026, 605 W
Wed Apr  1 20:26:26 IDT 2026, 595 W
Wed Apr  1 20:26:26 IDT 2026, 608 W
Wed Apr  1 20:26:27 IDT 2026, 595 W
Wed Apr  1 20:26:27 IDT 2026, 605 W
Wed Apr  1 20:26:27 IDT 2026, 591 W
Wed Apr  1 20:26:27 IDT 2026, 609 W
Wed Apr  1 20:26:28 IDT 2026, 604 W
Wed Apr  1 20:26:28 IDT 2026, 608 W
Wed Apr  1 20:26:28 IDT 2026, 599 W
Wed Apr  1 20:26:28 IDT 2026, 611 W
Wed Apr  1 20:26:29 IDT 2026, 600 W
Wed Apr  1 20:26:29 IDT 2026, 610 W
Wed Apr  1 20:26:29 IDT 2026, 597 W
Wed Apr  1 20:26:29 IDT 2026, 613 W
Wed Apr  1 20:26:30 IDT 2026, 600 W
Wed Apr  1 20:26:30 IDT 2026, 609 W
Wed Apr  1 20:26:30 IDT 2026, 595 W
Wed Apr  1 20:26:30 IDT 2026, 611 W
Wed Apr  1 20:26:31 IDT 2026, 605 W
Wed Apr  1 20:26:31 IDT 2026, 611 W
Wed Apr  1 20:26:31 IDT 2026, 598 W
Wed Apr  1 20:26:31 IDT 2026, 615 W
Wed Apr  1 20:26:32 IDT 2026, 598 W
Wed Apr  1 20:26:32 IDT 2026, 609 W
Wed Apr  1 20:26:32 IDT 2026, 595 W
Wed Apr  1 20:26:32 IDT 2026, 611 W
Wed Apr  1 20:26:33 IDT 2026, 597 W
Wed Apr  1 20:26:33 IDT 2026, 607 W
Wed Apr  1 20:26:33 IDT 2026, 590 W
Wed Apr  1 20:26:33 IDT 2026, 610 W
Wed Apr  1 20:26:34 IDT 2026, 595 W
Wed Apr  1 20:26:34 IDT 2026, 602 W
Wed Apr  1 20:26:34 IDT 2026, 593 W
Wed Apr  1 20:26:34 IDT 2026, 611 W
Wed Apr  1 20:26:35 IDT 2026, 601 W
Wed Apr  1 20:26:35 IDT 2026, 601 W
Wed Apr  1 20:26:35 IDT 2026, 594 W
Wed Apr  1 20:26:35 IDT 2026, 607 W
Wed Apr  1 20:26:36 IDT 2026, 596 W
Wed Apr  1 20:26:36 IDT 2026, 601 W
Wed Apr  1 20:26:36 IDT 2026, 591 W
Wed Apr  1 20:26:36 IDT 2026, 605 W
Wed Apr  1 20:26:37 IDT 2026, 237 W
Wed Apr  1 20:26:37 IDT 2026, 240 W
Wed Apr  1 20:26:37 IDT 2026, 234 W
Wed Apr  1 20:26:37 IDT 2026, 245 W
Wed Apr  1 20:26:38 IDT 2026, 627 W
Wed Apr  1 20:26:38 IDT 2026, 626 W
Wed Apr  1 20:26:38 IDT 2026, 613 W
Wed Apr  1 20:26:38 IDT 2026, 632 W
Wed Apr  1 20:26:39 IDT 2026, 616 W
Wed Apr  1 20:26:39 IDT 2026, 625 W
Wed Apr  1 20:26:39 IDT 2026, 614 W
Wed Apr  1 20:26:39 IDT 2026, 627 W
Wed Apr  1 20:26:40 IDT 2026, 615 W
Wed Apr  1 20:26:40 IDT 2026, 621 W
Wed Apr  1 20:26:40 IDT 2026, 609 W
Wed Apr  1 20:26:40 IDT 2026, 628 W
Wed Apr  1 20:26:41 IDT 2026, 614 W
Wed Apr  1 20:26:41 IDT 2026, 623 W
Wed Apr  1 20:26:41 IDT 2026, 612 W
Wed Apr  1 20:26:41 IDT 2026, 626 W
Wed Apr  1 20:26:42 IDT 2026, 615 W
Wed Apr  1 20:26:42 IDT 2026, 625 W
Wed Apr  1 20:26:42 IDT 2026, 612 W
Wed Apr  1 20:26:42 IDT 2026, 627 W
Wed Apr  1 20:26:43 IDT 2026, 617 W
Wed Apr  1 20:26:43 IDT 2026, 623 W
Wed Apr  1 20:26:43 IDT 2026, 612 W
Wed Apr  1 20:26:43 IDT 2026, 629 W
Wed Apr  1 20:26:44 IDT 2026, 619 W
Wed Apr  1 20:26:44 IDT 2026, 624 W
Wed Apr  1 20:26:44 IDT 2026, 612 W
Wed Apr  1 20:26:44 IDT 2026, 629 W
Wed Apr  1 20:26:45 IDT 2026, 616 W
Wed Apr  1 20:26:45 IDT 2026, 621 W
Wed Apr  1 20:26:45 IDT 2026, 612 W
Wed Apr  1 20:26:45 IDT 2026, 628 W
Wed Apr  1 20:26:46 IDT 2026, 615 W
Wed Apr  1 20:26:46 IDT 2026, 618 W
Wed Apr  1 20:26:46 IDT 2026, 610 W
Wed Apr  1 20:26:46 IDT 2026, 627 W
Wed Apr  1 20:26:47 IDT 2026, 614 W
Wed Apr  1 20:26:47 IDT 2026, 623 W
Wed Apr  1 20:26:47 IDT 2026, 610 W
Wed Apr  1 20:26:47 IDT 2026, 626 W
Wed Apr  1 20:26:48 IDT 2026, 615 W
Wed Apr  1 20:26:48 IDT 2026, 622 W
Wed Apr  1 20:26:48 IDT 2026, 609 W
Wed Apr  1 20:26:48 IDT 2026, 622 W
Wed Apr  1 20:26:49 IDT 2026, 607 W
Wed Apr  1 20:26:49 IDT 2026, 611 W
Wed Apr  1 20:26:49 IDT 2026, 601 W
Wed Apr  1 20:26:49 IDT 2026, 615 W
Wed Apr  1 20:26:50 IDT 2026, 600 W
Wed Apr  1 20:26:50 IDT 2026, 614 W
Wed Apr  1 20:26:50 IDT 2026, 599 W
Wed Apr  1 20:26:50 IDT 2026, 619 W
Wed Apr  1 20:26:51 IDT 2026, 595 W
Wed Apr  1 20:26:51 IDT 2026, 601 W
Wed Apr  1 20:26:51 IDT 2026, 594 W
Wed Apr  1 20:26:51 IDT 2026, 606 W
Wed Apr  1 20:26:52 IDT 2026, 593 W
Wed Apr  1 20:26:52 IDT 2026, 604 W
Wed Apr  1 20:26:52 IDT 2026, 591 W
Wed Apr  1 20:26:52 IDT 2026, 606 W
Wed Apr  1 20:26:53 IDT 2026, 596 W
Wed Apr  1 20:26:53 IDT 2026, 602 W
Wed Apr  1 20:26:53 IDT 2026, 592 W
Wed Apr  1 20:26:53 IDT 2026, 610 W
Wed Apr  1 20:26:54 IDT 2026, 594 W
Wed Apr  1 20:26:54 IDT 2026, 602 W
Wed Apr  1 20:26:54 IDT 2026, 594 W
Wed Apr  1 20:26:54 IDT 2026, 605 W
Wed Apr  1 20:26:55 IDT 2026, 596 W
Wed Apr  1 20:26:55 IDT 2026, 604 W
Wed Apr  1 20:26:55 IDT 2026, 591 W
Wed Apr  1 20:26:55 IDT 2026, 607 W
Wed Apr  1 20:26:56 IDT 2026, 600 W
Wed Apr  1 20:26:56 IDT 2026, 607 W
Wed Apr  1 20:26:56 IDT 2026, 595 W
Wed Apr  1 20:26:56 IDT 2026, 610 W
Wed Apr  1 20:26:57 IDT 2026, 597 W
Wed Apr  1 20:26:57 IDT 2026, 604 W
Wed Apr  1 20:26:57 IDT 2026, 591 W
Wed Apr  1 20:26:57 IDT 2026, 609 W
Wed Apr  1 20:26:58 IDT 2026, 593 W
Wed Apr  1 20:26:58 IDT 2026, 605 W
Wed Apr  1 20:26:58 IDT 2026, 588 W
Wed Apr  1 20:26:58 IDT 2026, 606 W
Wed Apr  1 20:26:59 IDT 2026, 595 W
Wed Apr  1 20:26:59 IDT 2026, 604 W
Wed Apr  1 20:26:59 IDT 2026, 587 W
Wed Apr  1 20:26:59 IDT 2026, 606 W
Wed Apr  1 20:27:00 IDT 2026, 589 W
Wed Apr  1 20:27:00 IDT 2026, 593 W
Wed Apr  1 20:27:00 IDT 2026, 586 W
Wed Apr  1 20:27:00 IDT 2026, 602 W
Wed Apr  1 20:27:01 IDT 2026, 590 W
Wed Apr  1 20:27:01 IDT 2026, 597 W
Wed Apr  1 20:27:01 IDT 2026, 582 W
Wed Apr  1 20:27:01 IDT 2026, 601 W
Wed Apr  1 20:27:02 IDT 2026, 580 W
Wed Apr  1 20:27:02 IDT 2026, 590 W
Wed Apr  1 20:27:02 IDT 2026, 577 W
Wed Apr  1 20:27:02 IDT 2026, 598 W
Wed Apr  1 20:27:03 IDT 2026, 584 W
Wed Apr  1 20:27:03 IDT 2026, 594 W
Wed Apr  1 20:27:03 IDT 2026, 581 W
Wed Apr  1 20:27:03 IDT 2026, 599 W
Wed Apr  1 20:27:04 IDT 2026, 577 W
Wed Apr  1 20:27:04 IDT 2026, 589 W
Wed Apr  1 20:27:04 IDT 2026, 580 W
Wed Apr  1 20:27:04 IDT 2026, 593 W
Wed Apr  1 20:27:05 IDT 2026, 550 W
Wed Apr  1 20:27:05 IDT 2026, 559 W
Wed Apr  1 20:27:05 IDT 2026, 548 W
Wed Apr  1 20:27:05 IDT 2026, 561 W
Wed Apr  1 20:27:06 IDT 2026, 555 W
Wed Apr  1 20:27:06 IDT 2026, 555 W
Wed Apr  1 20:27:06 IDT 2026, 547 W
Wed Apr  1 20:27:06 IDT 2026, 558 W
Wed Apr  1 20:27:07 IDT 2026, 551 W
Wed Apr  1 20:27:07 IDT 2026, 557 W
Wed Apr  1 20:27:07 IDT 2026, 423 W
Wed Apr  1 20:27:07 IDT 2026, 561 W
Wed Apr  1 20:27:08 IDT 2026, 629 W
Wed Apr  1 20:27:08 IDT 2026, 628 W
Wed Apr  1 20:27:08 IDT 2026, 569 W
Wed Apr  1 20:27:08 IDT 2026, 651 W
Wed Apr  1 20:27:09 IDT 2026, 612 W
Wed Apr  1 20:27:09 IDT 2026, 623 W
Wed Apr  1 20:27:09 IDT 2026, 612 W
Wed Apr  1 20:27:09 IDT 2026, 626 W
Wed Apr  1 20:27:10 IDT 2026, 616 W
Wed Apr  1 20:27:10 IDT 2026, 623 W
Wed Apr  1 20:27:10 IDT 2026, 610 W
Wed Apr  1 20:27:10 IDT 2026, 626 W
Wed Apr  1 20:27:11 IDT 2026, 614 W
Wed Apr  1 20:27:11 IDT 2026, 621 W
Wed Apr  1 20:27:11 IDT 2026, 612 W
Wed Apr  1 20:27:11 IDT 2026, 625 W
Wed Apr  1 20:27:12 IDT 2026, 615 W
Wed Apr  1 20:27:12 IDT 2026, 622 W
Wed Apr  1 20:27:12 IDT 2026, 610 W
Wed Apr  1 20:27:12 IDT 2026, 626 W
Wed Apr  1 20:27:13 IDT 2026, 617 W
Wed Apr  1 20:27:13 IDT 2026, 623 W
Wed Apr  1 20:27:13 IDT 2026, 612 W
Wed Apr  1 20:27:13 IDT 2026, 627 W
Wed Apr  1 20:27:14 IDT 2026, 614 W
Wed Apr  1 20:27:14 IDT 2026, 621 W
Wed Apr  1 20:27:14 IDT 2026, 611 W
Wed Apr  1 20:27:14 IDT 2026, 627 W
Wed Apr  1 20:27:15 IDT 2026, 614 W
Wed Apr  1 20:27:15 IDT 2026, 623 W
Wed Apr  1 20:27:15 IDT 2026, 613 W
Wed Apr  1 20:27:15 IDT 2026, 629 W
Wed Apr  1 20:27:16 IDT 2026, 612 W
Wed Apr  1 20:27:16 IDT 2026, 622 W
Wed Apr  1 20:27:16 IDT 2026, 605 W
Wed Apr  1 20:27:16 IDT 2026, 621 W
Wed Apr  1 20:27:17 IDT 2026, 612 W
Wed Apr  1 20:27:17 IDT 2026, 618 W
Wed Apr  1 20:27:17 IDT 2026, 607 W
Wed Apr  1 20:27:17 IDT 2026, 622 W
Wed Apr  1 20:27:18 IDT 2026, 605 W
Wed Apr  1 20:27:18 IDT 2026, 612 W
Wed Apr  1 20:27:18 IDT 2026, 603 W
Wed Apr  1 20:27:18 IDT 2026, 618 W
Wed Apr  1 20:27:19 IDT 2026, 606 W
Wed Apr  1 20:27:19 IDT 2026, 609 W
Wed Apr  1 20:27:19 IDT 2026, 600 W
Wed Apr  1 20:27:19 IDT 2026, 615 W
Wed Apr  1 20:27:20 IDT 2026, 605 W
Wed Apr  1 20:27:20 IDT 2026, 609 W
Wed Apr  1 20:27:20 IDT 2026, 597 W
Wed Apr  1 20:27:20 IDT 2026, 613 W
Wed Apr  1 20:27:21 IDT 2026, 607 W
Wed Apr  1 20:27:21 IDT 2026, 615 W
Wed Apr  1 20:27:21 IDT 2026, 602 W
Wed Apr  1 20:27:21 IDT 2026, 618 W
Wed Apr  1 20:27:22 IDT 2026, 609 W
Wed Apr  1 20:27:22 IDT 2026, 612 W
Wed Apr  1 20:27:22 IDT 2026, 601 W
Wed Apr  1 20:27:22 IDT 2026, 616 W
Wed Apr  1 20:27:23 IDT 2026, 605 W
Wed Apr  1 20:27:23 IDT 2026, 615 W
Wed Apr  1 20:27:23 IDT 2026, 603 W
Wed Apr  1 20:27:23 IDT 2026, 617 W
Wed Apr  1 20:27:24 IDT 2026, 603 W
Wed Apr  1 20:27:24 IDT 2026, 611 W
Wed Apr  1 20:27:24 IDT 2026, 597 W
Wed Apr  1 20:27:24 IDT 2026, 614 W
Wed Apr  1 20:27:25 IDT 2026, 601 W
Wed Apr  1 20:27:25 IDT 2026, 611 W
Wed Apr  1 20:27:25 IDT 2026, 598 W
Wed Apr  1 20:27:25 IDT 2026, 613 W
Wed Apr  1 20:27:26 IDT 2026, 601 W
Wed Apr  1 20:27:26 IDT 2026, 609 W
Wed Apr  1 20:27:26 IDT 2026, 598 W
Wed Apr  1 20:27:26 IDT 2026, 611 W
Wed Apr  1 20:27:27 IDT 2026, 604 W
Wed Apr  1 20:27:27 IDT 2026, 609 W
Wed Apr  1 20:27:27 IDT 2026, 599 W
Wed Apr  1 20:27:27 IDT 2026, 613 W
Wed Apr  1 20:27:28 IDT 2026, 603 W
Wed Apr  1 20:27:28 IDT 2026, 607 W
Wed Apr  1 20:27:28 IDT 2026, 598 W
Wed Apr  1 20:27:28 IDT 2026, 615 W
Wed Apr  1 20:27:29 IDT 2026, 600 W
Wed Apr  1 20:27:29 IDT 2026, 608 W
Wed Apr  1 20:27:29 IDT 2026, 595 W
Wed Apr  1 20:27:29 IDT 2026, 610 W
Wed Apr  1 20:27:30 IDT 2026, 597 W
Wed Apr  1 20:27:30 IDT 2026, 605 W
Wed Apr  1 20:27:30 IDT 2026, 594 W
Wed Apr  1 20:27:30 IDT 2026, 606 W
Wed Apr  1 20:27:31 IDT 2026, 598 W
Wed Apr  1 20:27:31 IDT 2026, 603 W
Wed Apr  1 20:27:31 IDT 2026, 592 W
Wed Apr  1 20:27:31 IDT 2026, 610 W
Wed Apr  1 20:27:32 IDT 2026, 587 W
Wed Apr  1 20:27:32 IDT 2026, 597 W
Wed Apr  1 20:27:32 IDT 2026, 584 W
Wed Apr  1 20:27:32 IDT 2026, 600 W
Wed Apr  1 20:27:33 IDT 2026, 582 W
Wed Apr  1 20:27:33 IDT 2026, 589 W
Wed Apr  1 20:27:33 IDT 2026, 582 W
Wed Apr  1 20:27:33 IDT 2026, 597 W
Wed Apr  1 20:27:34 IDT 2026, 585 W
Wed Apr  1 20:27:34 IDT 2026, 595 W
Wed Apr  1 20:27:34 IDT 2026, 575 W
Wed Apr  1 20:27:34 IDT 2026, 596 W
Wed Apr  1 20:27:35 IDT 2026, 549 W
Wed Apr  1 20:27:35 IDT 2026, 559 W
Wed Apr  1 20:27:35 IDT 2026, 545 W
Wed Apr  1 20:27:35 IDT 2026, 558 W
Wed Apr  1 20:27:36 IDT 2026, 549 W
Wed Apr  1 20:27:36 IDT 2026, 558 W
Wed Apr  1 20:27:36 IDT 2026, 546 W
Wed Apr  1 20:27:36 IDT 2026, 559 W
Wed Apr  1 20:27:37 IDT 2026, 548 W
Wed Apr  1 20:27:37 IDT 2026, 554 W
Wed Apr  1 20:27:37 IDT 2026, 539 W
Wed Apr  1 20:27:37 IDT 2026, 563 W
Wed Apr  1 20:27:38 IDT 2026, 237 W
Wed Apr  1 20:27:38 IDT 2026, 240 W
Wed Apr  1 20:27:38 IDT 2026, 234 W
Wed Apr  1 20:27:38 IDT 2026, 244 W
Wed Apr  1 20:27:39 IDT 2026, 711 W
Wed Apr  1 20:27:39 IDT 2026, 663 W
Wed Apr  1 20:27:39 IDT 2026, 628 W
Wed Apr  1 20:27:39 IDT 2026, 690 W
Wed Apr  1 20:27:40 IDT 2026, 615 W
Wed Apr  1 20:27:40 IDT 2026, 619 W
Wed Apr  1 20:27:40 IDT 2026, 609 W
Wed Apr  1 20:27:40 IDT 2026, 624 W
Wed Apr  1 20:27:41 IDT 2026, 619 W
Wed Apr  1 20:27:41 IDT 2026, 623 W
Wed Apr  1 20:27:41 IDT 2026, 610 W
Wed Apr  1 20:27:41 IDT 2026, 627 W
Wed Apr  1 20:27:42 IDT 2026, 617 W
Wed Apr  1 20:27:42 IDT 2026, 624 W
Wed Apr  1 20:27:42 IDT 2026, 611 W
Wed Apr  1 20:27:42 IDT 2026, 628 W
Wed Apr  1 20:27:43 IDT 2026, 616 W
Wed Apr  1 20:27:43 IDT 2026, 625 W
Wed Apr  1 20:27:43 IDT 2026, 609 W
Wed Apr  1 20:27:43 IDT 2026, 623 W
Wed Apr  1 20:27:44 IDT 2026, 616 W
Wed Apr  1 20:27:44 IDT 2026, 623 W
Wed Apr  1 20:27:44 IDT 2026, 609 W
Wed Apr  1 20:27:44 IDT 2026, 624 W
Wed Apr  1 20:27:45 IDT 2026, 615 W
Wed Apr  1 20:27:45 IDT 2026, 625 W
Wed Apr  1 20:27:45 IDT 2026, 610 W
Wed Apr  1 20:27:45 IDT 2026, 623 W
Wed Apr  1 20:27:46 IDT 2026, 611 W
Wed Apr  1 20:27:46 IDT 2026, 620 W
Wed Apr  1 20:27:46 IDT 2026, 610 W
Wed Apr  1 20:27:46 IDT 2026, 624 W
Wed Apr  1 20:27:47 IDT 2026, 616 W
Wed Apr  1 20:27:47 IDT 2026, 623 W
Wed Apr  1 20:27:47 IDT 2026, 611 W
Wed Apr  1 20:27:47 IDT 2026, 628 W
Wed Apr  1 20:27:48 IDT 2026, 616 W
Wed Apr  1 20:27:48 IDT 2026, 621 W
Wed Apr  1 20:27:48 IDT 2026, 608 W
Wed Apr  1 20:27:48 IDT 2026, 625 W
Wed Apr  1 20:27:49 IDT 2026, 613 W
Wed Apr  1 20:27:49 IDT 2026, 621 W
Wed Apr  1 20:27:49 IDT 2026, 610 W
Wed Apr  1 20:27:49 IDT 2026, 625 W
Wed Apr  1 20:27:50 IDT 2026, 609 W
Wed Apr  1 20:27:50 IDT 2026, 618 W
Wed Apr  1 20:27:50 IDT 2026, 607 W
Wed Apr  1 20:27:50 IDT 2026, 621 W
Wed Apr  1 20:27:51 IDT 2026, 606 W
Wed Apr  1 20:27:51 IDT 2026, 610 W
Wed Apr  1 20:27:51 IDT 2026, 602 W
Wed Apr  1 20:27:51 IDT 2026, 616 W
Wed Apr  1 20:27:52 IDT 2026, 608 W
Wed Apr  1 20:27:52 IDT 2026, 612 W
Wed Apr  1 20:27:52 IDT 2026, 604 W
Wed Apr  1 20:27:52 IDT 2026, 617 W
Wed Apr  1 20:27:53 IDT 2026, 607 W
Wed Apr  1 20:27:53 IDT 2026, 610 W
Wed Apr  1 20:27:53 IDT 2026, 598 W
Wed Apr  1 20:27:53 IDT 2026, 616 W
Wed Apr  1 20:27:54 IDT 2026, 604 W
Wed Apr  1 20:27:54 IDT 2026, 610 W
Wed Apr  1 20:27:54 IDT 2026, 596 W
Wed Apr  1 20:27:54 IDT 2026, 617 W
Wed Apr  1 20:27:55 IDT 2026, 598 W
Wed Apr  1 20:27:55 IDT 2026, 605 W
Wed Apr  1 20:27:55 IDT 2026, 597 W
Wed Apr  1 20:27:55 IDT 2026, 610 W
Wed Apr  1 20:27:56 IDT 2026, 604 W
Wed Apr  1 20:27:56 IDT 2026, 610 W
Wed Apr  1 20:27:56 IDT 2026, 599 W
Wed Apr  1 20:27:56 IDT 2026, 615 W
Wed Apr  1 20:27:57 IDT 2026, 600 W
Wed Apr  1 20:27:57 IDT 2026, 606 W
Wed Apr  1 20:27:57 IDT 2026, 597 W
Wed Apr  1 20:27:57 IDT 2026, 614 W
Wed Apr  1 20:27:58 IDT 2026, 601 W
Wed Apr  1 20:27:58 IDT 2026, 609 W
Wed Apr  1 20:27:58 IDT 2026, 598 W
Wed Apr  1 20:27:58 IDT 2026, 610 W
Wed Apr  1 20:27:59 IDT 2026, 602 W
Wed Apr  1 20:27:59 IDT 2026, 612 W
Wed Apr  1 20:27:59 IDT 2026, 599 W
Wed Apr  1 20:27:59 IDT 2026, 615 W
Wed Apr  1 20:28:00 IDT 2026, 601 W
Wed Apr  1 20:28:00 IDT 2026, 607 W
Wed Apr  1 20:28:00 IDT 2026, 594 W
Wed Apr  1 20:28:00 IDT 2026, 613 W
Wed Apr  1 20:28:01 IDT 2026, 599 W
Wed Apr  1 20:28:01 IDT 2026, 608 W
Wed Apr  1 20:28:01 IDT 2026, 596 W
Wed Apr  1 20:28:01 IDT 2026, 610 W
Wed Apr  1 20:28:02 IDT 2026, 605 W
Wed Apr  1 20:28:02 IDT 2026, 606 W
Wed Apr  1 20:28:02 IDT 2026, 599 W
Wed Apr  1 20:28:02 IDT 2026, 616 W
Wed Apr  1 20:28:03 IDT 2026, 603 W
Wed Apr  1 20:28:03 IDT 2026, 612 W
Wed Apr  1 20:28:03 IDT 2026, 601 W
Wed Apr  1 20:28:03 IDT 2026, 615 W
Wed Apr  1 20:28:04 IDT 2026, 585 W
Wed Apr  1 20:28:04 IDT 2026, 591 W
Wed Apr  1 20:28:04 IDT 2026, 578 W
Wed Apr  1 20:28:04 IDT 2026, 591 W
Wed Apr  1 20:28:05 IDT 2026, 585 W
Wed Apr  1 20:28:05 IDT 2026, 589 W
Wed Apr  1 20:28:05 IDT 2026, 580 W
Wed Apr  1 20:28:05 IDT 2026, 592 W
Wed Apr  1 20:28:06 IDT 2026, 587 W
Wed Apr  1 20:28:06 IDT 2026, 595 W
Wed Apr  1 20:28:06 IDT 2026, 579 W
Wed Apr  1 20:28:06 IDT 2026, 598 W
Wed Apr  1 20:28:07 IDT 2026, 586 W
Wed Apr  1 20:28:07 IDT 2026, 592 W
Wed Apr  1 20:28:07 IDT 2026, 584 W
Wed Apr  1 20:28:07 IDT 2026, 596 W
Wed Apr  1 20:28:08 IDT 2026, 584 W
Wed Apr  1 20:28:08 IDT 2026, 589 W
Wed Apr  1 20:28:08 IDT 2026, 583 W
Wed Apr  1 20:28:08 IDT 2026, 593 W
Wed Apr  1 20:28:09 IDT 2026, 586 W
Wed Apr  1 20:28:09 IDT 2026, 591 W
Wed Apr  1 20:28:09 IDT 2026, 581 W
Wed Apr  1 20:28:09 IDT 2026, 595 W
Wed Apr  1 20:28:10 IDT 2026, 237 W
Wed Apr  1 20:28:10 IDT 2026, 240 W
Wed Apr  1 20:28:10 IDT 2026, 234 W
Wed Apr  1 20:28:10 IDT 2026, 245 W
Wed Apr  1 20:28:11 IDT 2026, 660 W
Wed Apr  1 20:28:11 IDT 2026, 639 W
Wed Apr  1 20:28:11 IDT 2026, 676 W
Wed Apr  1 20:28:11 IDT 2026, 655 W
Wed Apr  1 20:28:12 IDT 2026, 617 W
Wed Apr  1 20:28:12 IDT 2026, 623 W
Wed Apr  1 20:28:12 IDT 2026, 611 W
Wed Apr  1 20:28:12 IDT 2026, 624 W
Wed Apr  1 20:28:13 IDT 2026, 617 W
Wed Apr  1 20:28:13 IDT 2026, 622 W
Wed Apr  1 20:28:13 IDT 2026, 610 W
Wed Apr  1 20:28:13 IDT 2026, 627 W
Wed Apr  1 20:28:14 IDT 2026, 617 W
Wed Apr  1 20:28:14 IDT 2026, 622 W
Wed Apr  1 20:28:14 IDT 2026, 611 W
Wed Apr  1 20:28:14 IDT 2026, 628 W
Wed Apr  1 20:28:15 IDT 2026, 616 W
Wed Apr  1 20:28:15 IDT 2026, 621 W
Wed Apr  1 20:28:15 IDT 2026, 610 W
Wed Apr  1 20:28:15 IDT 2026, 625 W
Wed Apr  1 20:28:16 IDT 2026, 619 W
Wed Apr  1 20:28:16 IDT 2026, 623 W
Wed Apr  1 20:28:16 IDT 2026, 610 W
Wed Apr  1 20:28:16 IDT 2026, 628 W
Wed Apr  1 20:28:17 IDT 2026, 617 W
Wed Apr  1 20:28:17 IDT 2026, 621 W
Wed Apr  1 20:28:17 IDT 2026, 611 W
Wed Apr  1 20:28:17 IDT 2026, 627 W
Wed Apr  1 20:28:18 IDT 2026, 614 W
Wed Apr  1 20:28:18 IDT 2026, 622 W
Wed Apr  1 20:28:18 IDT 2026, 612 W
Wed Apr  1 20:28:18 IDT 2026, 628 W
Wed Apr  1 20:28:19 IDT 2026, 614 W
Wed Apr  1 20:28:19 IDT 2026, 626 W
Wed Apr  1 20:28:19 IDT 2026, 609 W
Wed Apr  1 20:28:19 IDT 2026, 627 W
Wed Apr  1 20:28:20 IDT 2026, 615 W
Wed Apr  1 20:28:20 IDT 2026, 620 W
Wed Apr  1 20:28:20 IDT 2026, 610 W
Wed Apr  1 20:28:20 IDT 2026, 624 W
Wed Apr  1 20:28:21 IDT 2026, 611 W
Wed Apr  1 20:28:21 IDT 2026, 616 W
Wed Apr  1 20:28:21 IDT 2026, 604 W
Wed Apr  1 20:28:21 IDT 2026, 623 W
Wed Apr  1 20:28:22 IDT 2026, 611 W
Wed Apr  1 20:28:22 IDT 2026, 620 W
Wed Apr  1 20:28:22 IDT 2026, 608 W
Wed Apr  1 20:28:22 IDT 2026, 622 W
Wed Apr  1 20:28:23 IDT 2026, 613 W
Wed Apr  1 20:28:23 IDT 2026, 621 W
Wed Apr  1 20:28:23 IDT 2026, 610 W
Wed Apr  1 20:28:23 IDT 2026, 625 W
Wed Apr  1 20:28:24 IDT 2026, 606 W
Wed Apr  1 20:28:24 IDT 2026, 612 W
Wed Apr  1 20:28:24 IDT 2026, 600 W
Wed Apr  1 20:28:24 IDT 2026, 613 W
Wed Apr  1 20:28:25 IDT 2026, 609 W
Wed Apr  1 20:28:25 IDT 2026, 615 W
Wed Apr  1 20:28:25 IDT 2026, 602 W
Wed Apr  1 20:28:25 IDT 2026, 618 W
Wed Apr  1 20:28:26 IDT 2026, 603 W
Wed Apr  1 20:28:26 IDT 2026, 609 W
Wed Apr  1 20:28:26 IDT 2026, 600 W
Wed Apr  1 20:28:26 IDT 2026, 614 W
Wed Apr  1 20:28:27 IDT 2026, 604 W
Wed Apr  1 20:28:27 IDT 2026, 611 W
Wed Apr  1 20:28:27 IDT 2026, 600 W
Wed Apr  1 20:28:27 IDT 2026, 615 W
Wed Apr  1 20:28:28 IDT 2026, 584 W
Wed Apr  1 20:28:28 IDT 2026, 592 W
Wed Apr  1 20:28:28 IDT 2026, 582 W
Wed Apr  1 20:28:28 IDT 2026, 597 W
Wed Apr  1 20:28:29 IDT 2026, 588 W
Wed Apr  1 20:28:29 IDT 2026, 591 W
Wed Apr  1 20:28:29 IDT 2026, 582 W
Wed Apr  1 20:28:29 IDT 2026, 600 W
Wed Apr  1 20:28:30 IDT 2026, 587 W
Wed Apr  1 20:28:30 IDT 2026, 593 W
Wed Apr  1 20:28:30 IDT 2026, 585 W
Wed Apr  1 20:28:30 IDT 2026, 603 W
Wed Apr  1 20:28:31 IDT 2026, 586 W
Wed Apr  1 20:28:31 IDT 2026, 592 W
Wed Apr  1 20:28:31 IDT 2026, 582 W
Wed Apr  1 20:28:31 IDT 2026, 598 W
Wed Apr  1 20:28:32 IDT 2026, 587 W
Wed Apr  1 20:28:32 IDT 2026, 596 W
Wed Apr  1 20:28:32 IDT 2026, 582 W
Wed Apr  1 20:28:32 IDT 2026, 595 W
Wed Apr  1 20:28:33 IDT 2026, 586 W
Wed Apr  1 20:28:33 IDT 2026, 588 W
Wed Apr  1 20:28:33 IDT 2026, 579 W
Wed Apr  1 20:28:33 IDT 2026, 591 W
Wed Apr  1 20:28:34 IDT 2026, 586 W
Wed Apr  1 20:28:34 IDT 2026, 591 W
Wed Apr  1 20:28:34 IDT 2026, 580 W
Wed Apr  1 20:28:34 IDT 2026, 599 W
Wed Apr  1 20:28:35 IDT 2026, 584 W
Wed Apr  1 20:28:35 IDT 2026, 593 W
Wed Apr  1 20:28:35 IDT 2026, 582 W
Wed Apr  1 20:28:35 IDT 2026, 595 W
Wed Apr  1 20:28:36 IDT 2026, 587 W
Wed Apr  1 20:28:36 IDT 2026, 588 W
Wed Apr  1 20:28:36 IDT 2026, 580 W
Wed Apr  1 20:28:36 IDT 2026, 589 W
Wed Apr  1 20:28:37 IDT 2026, 590 W
Wed Apr  1 20:28:37 IDT 2026, 597 W
Wed Apr  1 20:28:37 IDT 2026, 583 W
Wed Apr  1 20:28:37 IDT 2026, 597 W
Wed Apr  1 20:28:38 IDT 2026, 584 W
Wed Apr  1 20:28:38 IDT 2026, 594 W
Wed Apr  1 20:28:38 IDT 2026, 582 W
Wed Apr  1 20:28:38 IDT 2026, 596 W
Wed Apr  1 20:28:39 IDT 2026, 588 W
Wed Apr  1 20:28:39 IDT 2026, 591 W
Wed Apr  1 20:28:39 IDT 2026, 577 W
Wed Apr  1 20:28:39 IDT 2026, 595 W
Wed Apr  1 20:28:40 IDT 2026, 583 W
Wed Apr  1 20:28:40 IDT 2026, 590 W
Wed Apr  1 20:28:40 IDT 2026, 581 W
Wed Apr  1 20:28:40 IDT 2026, 596 W
Wed Apr  1 20:28:41 IDT 2026, 237 W
Wed Apr  1 20:28:41 IDT 2026, 240 W
Wed Apr  1 20:28:41 IDT 2026, 234 W
Wed Apr  1 20:28:41 IDT 2026, 244 W
Wed Apr  1 20:28:42 IDT 2026, 617 W
Wed Apr  1 20:28:42 IDT 2026, 624 W
Wed Apr  1 20:28:42 IDT 2026, 614 W
Wed Apr  1 20:28:42 IDT 2026, 627 W
Wed Apr  1 20:28:43 IDT 2026, 615 W
Wed Apr  1 20:28:43 IDT 2026, 624 W
Wed Apr  1 20:28:43 IDT 2026, 612 W
Wed Apr  1 20:28:43 IDT 2026, 628 W
Wed Apr  1 20:28:44 IDT 2026, 616 W
Wed Apr  1 20:28:44 IDT 2026, 623 W
Wed Apr  1 20:28:44 IDT 2026, 613 W
Wed Apr  1 20:28:44 IDT 2026, 630 W
Wed Apr  1 20:28:45 IDT 2026, 614 W
Wed Apr  1 20:28:45 IDT 2026, 625 W
Wed Apr  1 20:28:45 IDT 2026, 613 W
Wed Apr  1 20:28:45 IDT 2026, 629 W
Wed Apr  1 20:28:46 IDT 2026, 614 W
Wed Apr  1 20:28:46 IDT 2026, 624 W
Wed Apr  1 20:28:46 IDT 2026, 612 W
Wed Apr  1 20:28:46 IDT 2026, 627 W
Wed Apr  1 20:28:47 IDT 2026, 618 W
Wed Apr  1 20:28:47 IDT 2026, 621 W
Wed Apr  1 20:28:47 IDT 2026, 614 W
Wed Apr  1 20:28:47 IDT 2026, 628 W
Wed Apr  1 20:28:48 IDT 2026, 615 W
Wed Apr  1 20:28:48 IDT 2026, 620 W
Wed Apr  1 20:28:48 IDT 2026, 608 W
Wed Apr  1 20:28:48 IDT 2026, 622 W
Wed Apr  1 20:28:49 IDT 2026, 613 W
Wed Apr  1 20:28:49 IDT 2026, 622 W
Wed Apr  1 20:28:49 IDT 2026, 611 W
Wed Apr  1 20:28:49 IDT 2026, 628 W
Wed Apr  1 20:28:50 IDT 2026, 616 W
Wed Apr  1 20:28:50 IDT 2026, 621 W
Wed Apr  1 20:28:50 IDT 2026, 612 W
Wed Apr  1 20:28:50 IDT 2026, 627 W
Wed Apr  1 20:28:51 IDT 2026, 612 W
Wed Apr  1 20:28:51 IDT 2026, 622 W
Wed Apr  1 20:28:51 IDT 2026, 612 W
Wed Apr  1 20:28:51 IDT 2026, 626 W
Wed Apr  1 20:28:52 IDT 2026, 613 W
Wed Apr  1 20:28:52 IDT 2026, 620 W
Wed Apr  1 20:28:52 IDT 2026, 608 W
Wed Apr  1 20:28:52 IDT 2026, 624 W
Wed Apr  1 20:28:53 IDT 2026, 618 W
Wed Apr  1 20:28:53 IDT 2026, 621 W
Wed Apr  1 20:28:53 IDT 2026, 611 W
Wed Apr  1 20:28:53 IDT 2026, 626 W
Wed Apr  1 20:28:54 IDT 2026, 614 W
Wed Apr  1 20:28:54 IDT 2026, 617 W
Wed Apr  1 20:28:54 IDT 2026, 608 W
Wed Apr  1 20:28:54 IDT 2026, 623 W
Wed Apr  1 20:28:55 IDT 2026, 612 W
Wed Apr  1 20:28:55 IDT 2026, 622 W
Wed Apr  1 20:28:55 IDT 2026, 607 W
Wed Apr  1 20:28:55 IDT 2026, 624 W
Wed Apr  1 20:28:56 IDT 2026, 616 W
Wed Apr  1 20:28:56 IDT 2026, 620 W
Wed Apr  1 20:28:56 IDT 2026, 608 W
Wed Apr  1 20:28:56 IDT 2026, 624 W
Wed Apr  1 20:28:57 IDT 2026, 613 W
Wed Apr  1 20:28:57 IDT 2026, 623 W
Wed Apr  1 20:28:57 IDT 2026, 612 W
Wed Apr  1 20:28:57 IDT 2026, 623 W
Wed Apr  1 20:28:58 IDT 2026, 606 W
Wed Apr  1 20:28:58 IDT 2026, 618 W
Wed Apr  1 20:28:58 IDT 2026, 606 W
Wed Apr  1 20:28:58 IDT 2026, 616 W
Wed Apr  1 20:28:59 IDT 2026, 605 W
Wed Apr  1 20:28:59 IDT 2026, 612 W
Wed Apr  1 20:28:59 IDT 2026, 601 W
Wed Apr  1 20:28:59 IDT 2026, 617 W
Wed Apr  1 20:29:00 IDT 2026, 608 W
Wed Apr  1 20:29:00 IDT 2026, 613 W
Wed Apr  1 20:29:00 IDT 2026, 599 W
Wed Apr  1 20:29:00 IDT 2026, 617 W
Wed Apr  1 20:29:01 IDT 2026, 607 W
Wed Apr  1 20:29:01 IDT 2026, 616 W
Wed Apr  1 20:29:01 IDT 2026, 605 W
Wed Apr  1 20:29:01 IDT 2026, 615 W
Wed Apr  1 20:29:02 IDT 2026, 604 W
Wed Apr  1 20:29:02 IDT 2026, 608 W
Wed Apr  1 20:29:02 IDT 2026, 600 W
Wed Apr  1 20:29:02 IDT 2026, 617 W
Wed Apr  1 20:29:03 IDT 2026, 597 W
Wed Apr  1 20:29:03 IDT 2026, 603 W
Wed Apr  1 20:29:03 IDT 2026, 593 W
Wed Apr  1 20:29:03 IDT 2026, 608 W
Wed Apr  1 20:29:04 IDT 2026, 598 W
Wed Apr  1 20:29:04 IDT 2026, 601 W
Wed Apr  1 20:29:04 IDT 2026, 591 W
Wed Apr  1 20:29:04 IDT 2026, 604 W
Wed Apr  1 20:29:05 IDT 2026, 599 W
Wed Apr  1 20:29:05 IDT 2026, 606 W
Wed Apr  1 20:29:05 IDT 2026, 594 W
Wed Apr  1 20:29:05 IDT 2026, 612 W
Wed Apr  1 20:29:06 IDT 2026, 584 W
Wed Apr  1 20:29:06 IDT 2026, 591 W
Wed Apr  1 20:29:06 IDT 2026, 579 W
Wed Apr  1 20:29:06 IDT 2026, 594 W
Wed Apr  1 20:29:07 IDT 2026, 588 W
Wed Apr  1 20:29:07 IDT 2026, 594 W
Wed Apr  1 20:29:07 IDT 2026, 581 W
Wed Apr  1 20:29:07 IDT 2026, 597 W
Wed Apr  1 20:29:08 IDT 2026, 581 W
Wed Apr  1 20:29:08 IDT 2026, 590 W
Wed Apr  1 20:29:08 IDT 2026, 581 W
Wed Apr  1 20:29:08 IDT 2026, 593 W
Wed Apr  1 20:29:09 IDT 2026, 582 W
Wed Apr  1 20:29:09 IDT 2026, 591 W
Wed Apr  1 20:29:09 IDT 2026, 581 W
Wed Apr  1 20:29:09 IDT 2026, 589 W
Wed Apr  1 20:29:10 IDT 2026, 579 W
Wed Apr  1 20:29:10 IDT 2026, 591 W
Wed Apr  1 20:29:10 IDT 2026, 582 W
Wed Apr  1 20:29:10 IDT 2026, 594 W
Wed Apr  1 20:29:11 IDT 2026, 585 W
Wed Apr  1 20:29:11 IDT 2026, 594 W
Wed Apr  1 20:29:11 IDT 2026, 585 W
Wed Apr  1 20:29:11 IDT 2026, 596 W
Wed Apr  1 20:29:12 IDT 2026, 585 W
Wed Apr  1 20:29:12 IDT 2026, 593 W
Wed Apr  1 20:29:12 IDT 2026, 578 W
Wed Apr  1 20:29:12 IDT 2026, 598 W
Wed Apr  1 20:29:13 IDT 2026, 237 W
Wed Apr  1 20:29:13 IDT 2026, 240 W
Wed Apr  1 20:29:13 IDT 2026, 234 W
Wed Apr  1 20:29:13 IDT 2026, 243 W
Wed Apr  1 20:29:14 IDT 2026, 615 W
Wed Apr  1 20:29:14 IDT 2026, 620 W
Wed Apr  1 20:29:14 IDT 2026, 610 W
Wed Apr  1 20:29:14 IDT 2026, 627 W
Wed Apr  1 20:29:15 IDT 2026, 617 W
Wed Apr  1 20:29:15 IDT 2026, 622 W
Wed Apr  1 20:29:15 IDT 2026, 611 W
Wed Apr  1 20:29:15 IDT 2026, 627 W
Wed Apr  1 20:29:16 IDT 2026, 617 W
Wed Apr  1 20:29:16 IDT 2026, 623 W
Wed Apr  1 20:29:16 IDT 2026, 613 W
Wed Apr  1 20:29:16 IDT 2026, 626 W
Wed Apr  1 20:29:17 IDT 2026, 615 W
Wed Apr  1 20:29:17 IDT 2026, 620 W
Wed Apr  1 20:29:17 IDT 2026, 609 W
Wed Apr  1 20:29:17 IDT 2026, 623 W
Wed Apr  1 20:29:18 IDT 2026, 617 W
Wed Apr  1 20:29:18 IDT 2026, 623 W
Wed Apr  1 20:29:18 IDT 2026, 613 W
Wed Apr  1 20:29:18 IDT 2026, 624 W
Wed Apr  1 20:29:19 IDT 2026, 615 W
Wed Apr  1 20:29:19 IDT 2026, 624 W
Wed Apr  1 20:29:19 IDT 2026, 611 W
Wed Apr  1 20:29:19 IDT 2026, 627 W
Wed Apr  1 20:29:20 IDT 2026, 617 W
Wed Apr  1 20:29:20 IDT 2026, 625 W
Wed Apr  1 20:29:20 IDT 2026, 609 W
Wed Apr  1 20:29:20 IDT 2026, 623 W
Wed Apr  1 20:29:21 IDT 2026, 617 W
Wed Apr  1 20:29:21 IDT 2026, 621 W
Wed Apr  1 20:29:21 IDT 2026, 608 W
Wed Apr  1 20:29:21 IDT 2026, 624 W
Wed Apr  1 20:29:22 IDT 2026, 613 W
Wed Apr  1 20:29:22 IDT 2026, 617 W
Wed Apr  1 20:29:22 IDT 2026, 608 W
Wed Apr  1 20:29:22 IDT 2026, 625 W
Wed Apr  1 20:29:23 IDT 2026, 612 W
Wed Apr  1 20:29:23 IDT 2026, 624 W
Wed Apr  1 20:29:23 IDT 2026, 611 W
Wed Apr  1 20:29:23 IDT 2026, 626 W
Wed Apr  1 20:29:24 IDT 2026, 614 W
Wed Apr  1 20:29:24 IDT 2026, 625 W
Wed Apr  1 20:29:24 IDT 2026, 611 W
Wed Apr  1 20:29:24 IDT 2026, 623 W
Wed Apr  1 20:29:25 IDT 2026, 614 W
Wed Apr  1 20:29:25 IDT 2026, 621 W
Wed Apr  1 20:29:25 IDT 2026, 609 W
Wed Apr  1 20:29:25 IDT 2026, 626 W
Wed Apr  1 20:29:26 IDT 2026, 611 W
Wed Apr  1 20:29:26 IDT 2026, 621 W
Wed Apr  1 20:29:26 IDT 2026, 607 W
Wed Apr  1 20:29:26 IDT 2026, 624 W
Wed Apr  1 20:29:27 IDT 2026, 611 W
Wed Apr  1 20:29:27 IDT 2026, 618 W
Wed Apr  1 20:29:27 IDT 2026, 611 W
Wed Apr  1 20:29:27 IDT 2026, 623 W
Wed Apr  1 20:29:28 IDT 2026, 613 W
Wed Apr  1 20:29:28 IDT 2026, 621 W
Wed Apr  1 20:29:28 IDT 2026, 607 W
Wed Apr  1 20:29:28 IDT 2026, 622 W
Wed Apr  1 20:29:29 IDT 2026, 612 W
Wed Apr  1 20:29:29 IDT 2026, 617 W
Wed Apr  1 20:29:29 IDT 2026, 610 W
Wed Apr  1 20:29:29 IDT 2026, 623 W
Wed Apr  1 20:29:30 IDT 2026, 613 W
Wed Apr  1 20:29:30 IDT 2026, 619 W
Wed Apr  1 20:29:30 IDT 2026, 606 W
Wed Apr  1 20:29:30 IDT 2026, 622 W
Wed Apr  1 20:29:31 IDT 2026, 605 W
Wed Apr  1 20:29:31 IDT 2026, 612 W
Wed Apr  1 20:29:31 IDT 2026, 601 W
Wed Apr  1 20:29:31 IDT 2026, 619 W
Wed Apr  1 20:29:32 IDT 2026, 607 W
Wed Apr  1 20:29:32 IDT 2026, 608 W
Wed Apr  1 20:29:32 IDT 2026, 601 W
Wed Apr  1 20:29:32 IDT 2026, 613 W
Wed Apr  1 20:29:33 IDT 2026, 604 W
Wed Apr  1 20:29:33 IDT 2026, 605 W
Wed Apr  1 20:29:33 IDT 2026, 598 W
Wed Apr  1 20:29:33 IDT 2026, 614 W
Wed Apr  1 20:29:34 IDT 2026, 595 W
Wed Apr  1 20:29:34 IDT 2026, 600 W
Wed Apr  1 20:29:34 IDT 2026, 587 W
Wed Apr  1 20:29:34 IDT 2026, 606 W
Wed Apr  1 20:29:35 IDT 2026, 594 W
Wed Apr  1 20:29:35 IDT 2026, 604 W
Wed Apr  1 20:29:35 IDT 2026, 595 W
Wed Apr  1 20:29:35 IDT 2026, 608 W
Wed Apr  1 20:29:36 IDT 2026, 585 W
Wed Apr  1 20:29:36 IDT 2026, 596 W
Wed Apr  1 20:29:36 IDT 2026, 583 W
Wed Apr  1 20:29:36 IDT 2026, 600 W
Wed Apr  1 20:29:37 IDT 2026, 584 W
Wed Apr  1 20:29:37 IDT 2026, 593 W
Wed Apr  1 20:29:37 IDT 2026, 577 W
Wed Apr  1 20:29:37 IDT 2026, 594 W
Wed Apr  1 20:29:38 IDT 2026, 581 W
Wed Apr  1 20:29:38 IDT 2026, 590 W
Wed Apr  1 20:29:38 IDT 2026, 578 W
Wed Apr  1 20:29:38 IDT 2026, 594 W
Wed Apr  1 20:29:39 IDT 2026, 545 W
Wed Apr  1 20:29:39 IDT 2026, 556 W
Wed Apr  1 20:29:39 IDT 2026, 544 W
Wed Apr  1 20:29:39 IDT 2026, 556 W
Wed Apr  1 20:29:40 IDT 2026, 551 W
Wed Apr  1 20:29:40 IDT 2026, 554 W
Wed Apr  1 20:29:40 IDT 2026, 547 W
Wed Apr  1 20:29:40 IDT 2026, 563 W
Wed Apr  1 20:29:41 IDT 2026, 552 W
Wed Apr  1 20:29:41 IDT 2026, 555 W
Wed Apr  1 20:29:41 IDT 2026, 546 W
Wed Apr  1 20:29:41 IDT 2026, 563 W
Wed Apr  1 20:29:42 IDT 2026, 502 W
Wed Apr  1 20:29:42 IDT 2026, 508 W
Wed Apr  1 20:29:42 IDT 2026, 498 W
Wed Apr  1 20:29:42 IDT 2026, 512 W
Wed Apr  1 20:29:43 IDT 2026, 237 W
Wed Apr  1 20:29:43 IDT 2026, 240 W
Wed Apr  1 20:29:43 IDT 2026, 234 W
Wed Apr  1 20:29:43 IDT 2026, 244 W
Wed Apr  1 20:29:44 IDT 2026, 612 W
Wed Apr  1 20:29:44 IDT 2026, 624 W
Wed Apr  1 20:29:44 IDT 2026, 611 W
Wed Apr  1 20:29:44 IDT 2026, 625 W
Wed Apr  1 20:29:45 IDT 2026, 617 W
Wed Apr  1 20:29:45 IDT 2026, 624 W
Wed Apr  1 20:29:45 IDT 2026, 614 W
Wed Apr  1 20:29:45 IDT 2026, 625 W
Wed Apr  1 20:29:46 IDT 2026, 618 W
Wed Apr  1 20:29:46 IDT 2026, 624 W
Wed Apr  1 20:29:46 IDT 2026, 615 W
Wed Apr  1 20:29:46 IDT 2026, 626 W
Wed Apr  1 20:29:47 IDT 2026, 616 W
Wed Apr  1 20:29:47 IDT 2026, 624 W
Wed Apr  1 20:29:47 IDT 2026, 613 W
Wed Apr  1 20:29:47 IDT 2026, 628 W
Wed Apr  1 20:29:48 IDT 2026, 617 W
Wed Apr  1 20:29:48 IDT 2026, 623 W
Wed Apr  1 20:29:48 IDT 2026, 612 W
Wed Apr  1 20:29:48 IDT 2026, 629 W
Wed Apr  1 20:29:49 IDT 2026, 612 W
Wed Apr  1 20:29:49 IDT 2026, 625 W
Wed Apr  1 20:29:49 IDT 2026, 613 W
Wed Apr  1 20:29:49 IDT 2026, 627 W
Wed Apr  1 20:29:50 IDT 2026, 616 W
Wed Apr  1 20:29:50 IDT 2026, 620 W
Wed Apr  1 20:29:50 IDT 2026, 610 W
Wed Apr  1 20:29:50 IDT 2026, 625 W
Wed Apr  1 20:29:51 IDT 2026, 615 W
Wed Apr  1 20:29:51 IDT 2026, 622 W
Wed Apr  1 20:29:51 IDT 2026, 607 W
Wed Apr  1 20:29:51 IDT 2026, 625 W
Wed Apr  1 20:29:52 IDT 2026, 607 W
Wed Apr  1 20:29:52 IDT 2026, 613 W
Wed Apr  1 20:29:52 IDT 2026, 599 W
Wed Apr  1 20:29:52 IDT 2026, 616 W
Wed Apr  1 20:29:53 IDT 2026, 607 W
Wed Apr  1 20:29:53 IDT 2026, 610 W
Wed Apr  1 20:29:53 IDT 2026, 602 W
Wed Apr  1 20:29:53 IDT 2026, 618 W
Wed Apr  1 20:29:54 IDT 2026, 604 W
Wed Apr  1 20:29:54 IDT 2026, 611 W
Wed Apr  1 20:29:54 IDT 2026, 602 W
Wed Apr  1 20:29:54 IDT 2026, 613 W
Wed Apr  1 20:29:55 IDT 2026, 608 W
Wed Apr  1 20:29:55 IDT 2026, 611 W
Wed Apr  1 20:29:55 IDT 2026, 602 W
Wed Apr  1 20:29:55 IDT 2026, 615 W
Wed Apr  1 20:29:56 IDT 2026, 604 W
Wed Apr  1 20:29:56 IDT 2026, 611 W
Wed Apr  1 20:29:56 IDT 2026, 597 W
Wed Apr  1 20:29:56 IDT 2026, 615 W
Wed Apr  1 20:29:57 IDT 2026, 605 W
Wed Apr  1 20:29:57 IDT 2026, 612 W
Wed Apr  1 20:29:57 IDT 2026, 600 W
Wed Apr  1 20:29:57 IDT 2026, 615 W
Wed Apr  1 20:29:58 IDT 2026, 607 W
Wed Apr  1 20:29:58 IDT 2026, 610 W
Wed Apr  1 20:29:58 IDT 2026, 599 W
Wed Apr  1 20:29:58 IDT 2026, 617 W
Wed Apr  1 20:29:59 IDT 2026, 604 W
Wed Apr  1 20:29:59 IDT 2026, 608 W
Wed Apr  1 20:29:59 IDT 2026, 596 W
Wed Apr  1 20:29:59 IDT 2026, 611 W
Wed Apr  1 20:30:00 IDT 2026, 603 W
Wed Apr  1 20:30:00 IDT 2026, 607 W
Wed Apr  1 20:30:00 IDT 2026, 597 W
Wed Apr  1 20:30:00 IDT 2026, 611 W
Wed Apr  1 20:30:01 IDT 2026, 605 W
Wed Apr  1 20:30:01 IDT 2026, 609 W
Wed Apr  1 20:30:01 IDT 2026, 600 W
Wed Apr  1 20:30:01 IDT 2026, 618 W
Wed Apr  1 20:30:02 IDT 2026, 604 W
Wed Apr  1 20:30:02 IDT 2026, 611 W
Wed Apr  1 20:30:02 IDT 2026, 599 W
Wed Apr  1 20:30:02 IDT 2026, 612 W
Wed Apr  1 20:30:03 IDT 2026, 599 W
Wed Apr  1 20:30:03 IDT 2026, 612 W
Wed Apr  1 20:30:03 IDT 2026, 595 W
Wed Apr  1 20:30:03 IDT 2026, 613 W
Wed Apr  1 20:30:04 IDT 2026, 606 W
Wed Apr  1 20:30:04 IDT 2026, 608 W
Wed Apr  1 20:30:04 IDT 2026, 599 W
Wed Apr  1 20:30:04 IDT 2026, 616 W
Wed Apr  1 20:30:05 IDT 2026, 601 W
Wed Apr  1 20:30:05 IDT 2026, 610 W
Wed Apr  1 20:30:05 IDT 2026, 599 W
Wed Apr  1 20:30:05 IDT 2026, 614 W
Wed Apr  1 20:30:06 IDT 2026, 605 W
Wed Apr  1 20:30:06 IDT 2026, 611 W
Wed Apr  1 20:30:06 IDT 2026, 599 W
Wed Apr  1 20:30:06 IDT 2026, 614 W
Wed Apr  1 20:30:07 IDT 2026, 589 W
Wed Apr  1 20:30:07 IDT 2026, 595 W
Wed Apr  1 20:30:07 IDT 2026, 586 W
Wed Apr  1 20:30:07 IDT 2026, 599 W
Wed Apr  1 20:30:08 IDT 2026, 587 W
Wed Apr  1 20:30:08 IDT 2026, 590 W
Wed Apr  1 20:30:08 IDT 2026, 579 W
Wed Apr  1 20:30:08 IDT 2026, 598 W
Wed Apr  1 20:30:09 IDT 2026, 585 W
Wed Apr  1 20:30:09 IDT 2026, 592 W
Wed Apr  1 20:30:09 IDT 2026, 579 W
Wed Apr  1 20:30:09 IDT 2026, 595 W
Wed Apr  1 20:30:10 IDT 2026, 552 W
Wed Apr  1 20:30:10 IDT 2026, 555 W
Wed Apr  1 20:30:10 IDT 2026, 549 W
Wed Apr  1 20:30:10 IDT 2026, 559 W
Wed Apr  1 20:30:11 IDT 2026, 549 W
Wed Apr  1 20:30:11 IDT 2026, 559 W
Wed Apr  1 20:30:11 IDT 2026, 548 W
Wed Apr  1 20:30:11 IDT 2026, 560 W
Wed Apr  1 20:30:12 IDT 2026, 550 W
Wed Apr  1 20:30:12 IDT 2026, 555 W
Wed Apr  1 20:30:12 IDT 2026, 547 W
Wed Apr  1 20:30:12 IDT 2026, 561 W
Wed Apr  1 20:30:13 IDT 2026, 554 W
Wed Apr  1 20:30:13 IDT 2026, 558 W
Wed Apr  1 20:30:13 IDT 2026, 552 W
Wed Apr  1 20:30:13 IDT 2026, 560 W
Wed Apr  1 20:30:14 IDT 2026, 747 W
Wed Apr  1 20:30:14 IDT 2026, 545 W
Wed Apr  1 20:30:14 IDT 2026, 694 W
Wed Apr  1 20:30:14 IDT 2026, 336 W
Wed Apr  1 20:30:15 IDT 2026, 616 W
Wed Apr  1 20:30:15 IDT 2026, 623 W
Wed Apr  1 20:30:15 IDT 2026, 612 W
Wed Apr  1 20:30:15 IDT 2026, 629 W
Wed Apr  1 20:30:16 IDT 2026, 614 W
Wed Apr  1 20:30:16 IDT 2026, 622 W
Wed Apr  1 20:30:16 IDT 2026, 612 W
Wed Apr  1 20:30:16 IDT 2026, 627 W
Wed Apr  1 20:30:17 IDT 2026, 619 W
Wed Apr  1 20:30:17 IDT 2026, 623 W
Wed Apr  1 20:30:17 IDT 2026, 611 W
Wed Apr  1 20:30:17 IDT 2026, 627 W
Wed Apr  1 20:30:18 IDT 2026, 617 W
Wed Apr  1 20:30:18 IDT 2026, 622 W
Wed Apr  1 20:30:18 IDT 2026, 612 W
Wed Apr  1 20:30:18 IDT 2026, 629 W
Wed Apr  1 20:30:19 IDT 2026, 615 W
Wed Apr  1 20:30:19 IDT 2026, 622 W
Wed Apr  1 20:30:19 IDT 2026, 610 W
Wed Apr  1 20:30:19 IDT 2026, 626 W
Wed Apr  1 20:30:20 IDT 2026, 615 W
Wed Apr  1 20:30:20 IDT 2026, 623 W
Wed Apr  1 20:30:20 IDT 2026, 610 W
Wed Apr  1 20:30:20 IDT 2026, 623 W
Wed Apr  1 20:30:21 IDT 2026, 615 W
Wed Apr  1 20:30:21 IDT 2026, 621 W
Wed Apr  1 20:30:21 IDT 2026, 608 W
Wed Apr  1 20:30:21 IDT 2026, 626 W
Wed Apr  1 20:30:22 IDT 2026, 612 W
Wed Apr  1 20:30:22 IDT 2026, 616 W
Wed Apr  1 20:30:22 IDT 2026, 607 W
Wed Apr  1 20:30:22 IDT 2026, 622 W
Wed Apr  1 20:30:23 IDT 2026, 614 W
Wed Apr  1 20:30:23 IDT 2026, 617 W
Wed Apr  1 20:30:23 IDT 2026, 609 W
Wed Apr  1 20:30:23 IDT 2026, 622 W
Wed Apr  1 20:30:24 IDT 2026, 612 W
Wed Apr  1 20:30:24 IDT 2026, 620 W
Wed Apr  1 20:30:24 IDT 2026, 608 W
Wed Apr  1 20:30:24 IDT 2026, 624 W
Wed Apr  1 20:30:25 IDT 2026, 613 W
Wed Apr  1 20:30:25 IDT 2026, 619 W
Wed Apr  1 20:30:25 IDT 2026, 609 W
Wed Apr  1 20:30:25 IDT 2026, 625 W
Wed Apr  1 20:30:26 IDT 2026, 611 W
Wed Apr  1 20:30:26 IDT 2026, 619 W
Wed Apr  1 20:30:26 IDT 2026, 606 W
Wed Apr  1 20:30:26 IDT 2026, 619 W
Wed Apr  1 20:30:27 IDT 2026, 603 W
Wed Apr  1 20:30:27 IDT 2026, 615 W
Wed Apr  1 20:30:27 IDT 2026, 600 W
Wed Apr  1 20:30:27 IDT 2026, 618 W
Wed Apr  1 20:30:28 IDT 2026, 605 W
Wed Apr  1 20:30:28 IDT 2026, 610 W
Wed Apr  1 20:30:28 IDT 2026, 601 W
Wed Apr  1 20:30:28 IDT 2026, 613 W
Wed Apr  1 20:30:29 IDT 2026, 605 W
Wed Apr  1 20:30:29 IDT 2026, 608 W
Wed Apr  1 20:30:29 IDT 2026, 600 W
Wed Apr  1 20:30:29 IDT 2026, 617 W
Wed Apr  1 20:30:30 IDT 2026, 606 W
Wed Apr  1 20:30:30 IDT 2026, 613 W
Wed Apr  1 20:30:30 IDT 2026, 600 W
Wed Apr  1 20:30:30 IDT 2026, 617 W
Wed Apr  1 20:30:31 IDT 2026, 602 W
Wed Apr  1 20:30:31 IDT 2026, 610 W
Wed Apr  1 20:30:31 IDT 2026, 598 W
Wed Apr  1 20:30:31 IDT 2026, 617 W
Wed Apr  1 20:30:32 IDT 2026, 604 W
Wed Apr  1 20:30:32 IDT 2026, 617 W
Wed Apr  1 20:30:32 IDT 2026, 604 W
Wed Apr  1 20:30:32 IDT 2026, 616 W
Wed Apr  1 20:30:33 IDT 2026, 607 W
Wed Apr  1 20:30:33 IDT 2026, 612 W
Wed Apr  1 20:30:33 IDT 2026, 600 W
Wed Apr  1 20:30:33 IDT 2026, 617 W
Wed Apr  1 20:30:34 IDT 2026, 605 W
Wed Apr  1 20:30:34 IDT 2026, 612 W
Wed Apr  1 20:30:34 IDT 2026, 601 W
Wed Apr  1 20:30:34 IDT 2026, 616 W
Wed Apr  1 20:30:35 IDT 2026, 606 W
Wed Apr  1 20:30:35 IDT 2026, 613 W
Wed Apr  1 20:30:35 IDT 2026, 603 W
Wed Apr  1 20:30:35 IDT 2026, 618 W
Wed Apr  1 20:30:36 IDT 2026, 603 W
Wed Apr  1 20:30:36 IDT 2026, 610 W
Wed Apr  1 20:30:36 IDT 2026, 601 W
Wed Apr  1 20:30:36 IDT 2026, 618 W
Wed Apr  1 20:30:37 IDT 2026, 609 W
Wed Apr  1 20:30:37 IDT 2026, 615 W
Wed Apr  1 20:30:37 IDT 2026, 603 W
Wed Apr  1 20:30:37 IDT 2026, 620 W
Wed Apr  1 20:30:38 IDT 2026, 605 W
Wed Apr  1 20:30:38 IDT 2026, 608 W
Wed Apr  1 20:30:38 IDT 2026, 598 W
Wed Apr  1 20:30:38 IDT 2026, 614 W
Wed Apr  1 20:30:39 IDT 2026, 605 W
Wed Apr  1 20:30:39 IDT 2026, 613 W
Wed Apr  1 20:30:39 IDT 2026, 602 W
Wed Apr  1 20:30:39 IDT 2026, 618 W
Wed Apr  1 20:30:40 IDT 2026, 598 W
Wed Apr  1 20:30:40 IDT 2026, 610 W
Wed Apr  1 20:30:40 IDT 2026, 595 W
Wed Apr  1 20:30:40 IDT 2026, 608 W
Wed Apr  1 20:30:41 IDT 2026, 600 W
Wed Apr  1 20:30:41 IDT 2026, 609 W
Wed Apr  1 20:30:41 IDT 2026, 597 W
Wed Apr  1 20:30:41 IDT 2026, 615 W
Wed Apr  1 20:30:42 IDT 2026, 605 W
Wed Apr  1 20:30:42 IDT 2026, 606 W
Wed Apr  1 20:30:42 IDT 2026, 597 W
Wed Apr  1 20:30:42 IDT 2026, 614 W
Wed Apr  1 20:30:43 IDT 2026, 598 W
Wed Apr  1 20:30:43 IDT 2026, 603 W
Wed Apr  1 20:30:43 IDT 2026, 592 W
Wed Apr  1 20:30:43 IDT 2026, 607 W
Wed Apr  1 20:30:44 IDT 2026, 601 W
Wed Apr  1 20:30:44 IDT 2026, 607 W
Wed Apr  1 20:30:44 IDT 2026, 593 W
Wed Apr  1 20:30:44 IDT 2026, 614 W
Wed Apr  1 20:30:45 IDT 2026, 598 W
Wed Apr  1 20:30:45 IDT 2026, 605 W
Wed Apr  1 20:30:45 IDT 2026, 593 W
Wed Apr  1 20:30:45 IDT 2026, 608 W
Wed Apr  1 20:30:46 IDT 2026, 237 W
Wed Apr  1 20:30:46 IDT 2026, 240 W
Wed Apr  1 20:30:46 IDT 2026, 235 W
Wed Apr  1 20:30:46 IDT 2026, 244 W
Wed Apr  1 20:30:47 IDT 2026, 651 W
Wed Apr  1 20:30:47 IDT 2026, 636 W
Wed Apr  1 20:30:47 IDT 2026, 618 W
Wed Apr  1 20:30:47 IDT 2026, 652 W
Wed Apr  1 20:30:48 IDT 2026, 616 W
Wed Apr  1 20:30:48 IDT 2026, 623 W
Wed Apr  1 20:30:48 IDT 2026, 612 W
Wed Apr  1 20:30:48 IDT 2026, 626 W
Wed Apr  1 20:30:49 IDT 2026, 617 W
Wed Apr  1 20:30:49 IDT 2026, 622 W
Wed Apr  1 20:30:49 IDT 2026, 612 W
Wed Apr  1 20:30:49 IDT 2026, 627 W
Wed Apr  1 20:30:50 IDT 2026, 617 W
Wed Apr  1 20:30:50 IDT 2026, 623 W
Wed Apr  1 20:30:50 IDT 2026, 611 W
Wed Apr  1 20:30:50 IDT 2026, 625 W
Wed Apr  1 20:30:51 IDT 2026, 614 W
Wed Apr  1 20:30:51 IDT 2026, 624 W
Wed Apr  1 20:30:51 IDT 2026, 611 W
Wed Apr  1 20:30:51 IDT 2026, 627 W
Wed Apr  1 20:30:52 IDT 2026, 618 W
Wed Apr  1 20:30:52 IDT 2026, 622 W
Wed Apr  1 20:30:52 IDT 2026, 614 W
Wed Apr  1 20:30:52 IDT 2026, 625 W
Wed Apr  1 20:30:53 IDT 2026, 616 W
Wed Apr  1 20:30:53 IDT 2026, 620 W
Wed Apr  1 20:30:53 IDT 2026, 609 W
Wed Apr  1 20:30:53 IDT 2026, 625 W
Wed Apr  1 20:30:54 IDT 2026, 616 W
Wed Apr  1 20:30:54 IDT 2026, 622 W
Wed Apr  1 20:30:54 IDT 2026, 611 W
Wed Apr  1 20:30:54 IDT 2026, 625 W
Wed Apr  1 20:30:55 IDT 2026, 618 W
Wed Apr  1 20:30:55 IDT 2026, 621 W
Wed Apr  1 20:30:55 IDT 2026, 610 W
Wed Apr  1 20:30:55 IDT 2026, 626 W
Wed Apr  1 20:30:56 IDT 2026, 616 W
Wed Apr  1 20:30:56 IDT 2026, 620 W
Wed Apr  1 20:30:56 IDT 2026, 609 W
Wed Apr  1 20:30:56 IDT 2026, 624 W
Wed Apr  1 20:30:57 IDT 2026, 611 W
Wed Apr  1 20:30:57 IDT 2026, 619 W
Wed Apr  1 20:30:57 IDT 2026, 608 W
Wed Apr  1 20:30:57 IDT 2026, 624 W
Wed Apr  1 20:30:58 IDT 2026, 613 W
Wed Apr  1 20:30:58 IDT 2026, 619 W
Wed Apr  1 20:30:58 IDT 2026, 609 W
Wed Apr  1 20:30:58 IDT 2026, 624 W
Wed Apr  1 20:30:59 IDT 2026, 613 W
Wed Apr  1 20:30:59 IDT 2026, 619 W
Wed Apr  1 20:30:59 IDT 2026, 609 W
Wed Apr  1 20:30:59 IDT 2026, 623 W
Wed Apr  1 20:31:00 IDT 2026, 613 W
Wed Apr  1 20:31:00 IDT 2026, 620 W
Wed Apr  1 20:31:00 IDT 2026, 608 W
Wed Apr  1 20:31:00 IDT 2026, 625 W
Wed Apr  1 20:31:01 IDT 2026, 608 W
Wed Apr  1 20:31:01 IDT 2026, 618 W
Wed Apr  1 20:31:01 IDT 2026, 604 W
Wed Apr  1 20:31:01 IDT 2026, 623 W
Wed Apr  1 20:31:02 IDT 2026, 615 W
Wed Apr  1 20:31:02 IDT 2026, 620 W
Wed Apr  1 20:31:02 IDT 2026, 610 W
Wed Apr  1 20:31:02 IDT 2026, 623 W
Wed Apr  1 20:31:03 IDT 2026, 612 W
Wed Apr  1 20:31:03 IDT 2026, 617 W
Wed Apr  1 20:31:03 IDT 2026, 605 W
Wed Apr  1 20:31:03 IDT 2026, 621 W
Wed Apr  1 20:31:04 IDT 2026, 605 W
Wed Apr  1 20:31:04 IDT 2026, 611 W
Wed Apr  1 20:31:04 IDT 2026, 601 W
Wed Apr  1 20:31:04 IDT 2026, 616 W
Wed Apr  1 20:31:05 IDT 2026, 604 W
Wed Apr  1 20:31:05 IDT 2026, 616 W
Wed Apr  1 20:31:05 IDT 2026, 599 W
Wed Apr  1 20:31:05 IDT 2026, 616 W
Wed Apr  1 20:31:06 IDT 2026, 607 W
Wed Apr  1 20:31:06 IDT 2026, 611 W
Wed Apr  1 20:31:06 IDT 2026, 600 W
Wed Apr  1 20:31:06 IDT 2026, 614 W
Wed Apr  1 20:31:07 IDT 2026, 608 W
Wed Apr  1 20:31:07 IDT 2026, 613 W
Wed Apr  1 20:31:07 IDT 2026, 600 W
Wed Apr  1 20:31:07 IDT 2026, 616 W
Wed Apr  1 20:31:08 IDT 2026, 607 W
Wed Apr  1 20:31:08 IDT 2026, 612 W
Wed Apr  1 20:31:08 IDT 2026, 600 W
Wed Apr  1 20:31:08 IDT 2026, 616 W
Wed Apr  1 20:31:09 IDT 2026, 604 W
Wed Apr  1 20:31:09 IDT 2026, 612 W
Wed Apr  1 20:31:09 IDT 2026, 600 W
Wed Apr  1 20:31:09 IDT 2026, 618 W
Wed Apr  1 20:31:10 IDT 2026, 606 W
Wed Apr  1 20:31:10 IDT 2026, 613 W
Wed Apr  1 20:31:10 IDT 2026, 604 W
Wed Apr  1 20:31:10 IDT 2026, 617 W
Wed Apr  1 20:31:11 IDT 2026, 601 W
Wed Apr  1 20:31:11 IDT 2026, 607 W
Wed Apr  1 20:31:11 IDT 2026, 598 W
Wed Apr  1 20:31:11 IDT 2026, 614 W
Wed Apr  1 20:31:12 IDT 2026, 595 W
Wed Apr  1 20:31:12 IDT 2026, 605 W
Wed Apr  1 20:31:12 IDT 2026, 588 W
Wed Apr  1 20:31:12 IDT 2026, 604 W
Wed Apr  1 20:31:13 IDT 2026, 599 W
Wed Apr  1 20:31:13 IDT 2026, 604 W
Wed Apr  1 20:31:13 IDT 2026, 594 W
Wed Apr  1 20:31:13 IDT 2026, 608 W
Wed Apr  1 20:31:14 IDT 2026, 598 W
Wed Apr  1 20:31:14 IDT 2026, 607 W
Wed Apr  1 20:31:14 IDT 2026, 593 W
Wed Apr  1 20:31:14 IDT 2026, 607 W
Wed Apr  1 20:31:15 IDT 2026, 599 W
Wed Apr  1 20:31:15 IDT 2026, 604 W
Wed Apr  1 20:31:15 IDT 2026, 597 W
Wed Apr  1 20:31:15 IDT 2026, 610 W
Wed Apr  1 20:31:16 IDT 2026, 600 W
Wed Apr  1 20:31:16 IDT 2026, 604 W
Wed Apr  1 20:31:16 IDT 2026, 595 W
Wed Apr  1 20:31:16 IDT 2026, 608 W
Wed Apr  1 20:31:17 IDT 2026, 597 W
Wed Apr  1 20:31:17 IDT 2026, 603 W
Wed Apr  1 20:31:17 IDT 2026, 591 W
Wed Apr  1 20:31:17 IDT 2026, 609 W
Wed Apr  1 20:31:18 IDT 2026, 599 W
Wed Apr  1 20:31:18 IDT 2026, 605 W
Wed Apr  1 20:31:18 IDT 2026, 595 W
Wed Apr  1 20:31:18 IDT 2026, 609 W
Wed Apr  1 20:31:19 IDT 2026, 237 W
Wed Apr  1 20:31:19 IDT 2026, 240 W
Wed Apr  1 20:31:19 IDT 2026, 234 W
Wed Apr  1 20:31:19 IDT 2026, 245 W
Wed Apr  1 20:31:20 IDT 2026, 621 W
Wed Apr  1 20:31:20 IDT 2026, 623 W
Wed Apr  1 20:31:20 IDT 2026, 610 W
Wed Apr  1 20:31:20 IDT 2026, 632 W
Wed Apr  1 20:31:21 IDT 2026, 616 W
Wed Apr  1 20:31:21 IDT 2026, 623 W
Wed Apr  1 20:31:21 IDT 2026, 612 W
Wed Apr  1 20:31:21 IDT 2026, 627 W
Wed Apr  1 20:31:22 IDT 2026, 614 W
Wed Apr  1 20:31:22 IDT 2026, 624 W
Wed Apr  1 20:31:22 IDT 2026, 612 W
Wed Apr  1 20:31:22 IDT 2026, 628 W
Wed Apr  1 20:31:23 IDT 2026, 611 W
Wed Apr  1 20:31:23 IDT 2026, 623 W
Wed Apr  1 20:31:23 IDT 2026, 610 W
Wed Apr  1 20:31:23 IDT 2026, 628 W
Wed Apr  1 20:31:24 IDT 2026, 615 W
Wed Apr  1 20:31:24 IDT 2026, 625 W
Wed Apr  1 20:31:24 IDT 2026, 613 W
Wed Apr  1 20:31:24 IDT 2026, 626 W
Wed Apr  1 20:31:25 IDT 2026, 616 W
Wed Apr  1 20:31:25 IDT 2026, 624 W
Wed Apr  1 20:31:25 IDT 2026, 612 W
Wed Apr  1 20:31:25 IDT 2026, 628 W
Wed Apr  1 20:31:26 IDT 2026, 612 W
Wed Apr  1 20:31:26 IDT 2026, 623 W
Wed Apr  1 20:31:26 IDT 2026, 611 W
Wed Apr  1 20:31:26 IDT 2026, 624 W
Wed Apr  1 20:31:27 IDT 2026, 612 W
Wed Apr  1 20:31:27 IDT 2026, 618 W
Wed Apr  1 20:31:27 IDT 2026, 608 W
Wed Apr  1 20:31:27 IDT 2026, 620 W
Wed Apr  1 20:31:28 IDT 2026, 614 W
Wed Apr  1 20:31:28 IDT 2026, 619 W
Wed Apr  1 20:31:28 IDT 2026, 611 W
Wed Apr  1 20:31:28 IDT 2026, 623 W
Wed Apr  1 20:31:29 IDT 2026, 610 W
Wed Apr  1 20:31:29 IDT 2026, 621 W
Wed Apr  1 20:31:29 IDT 2026, 607 W
Wed Apr  1 20:31:29 IDT 2026, 622 W
Wed Apr  1 20:31:30 IDT 2026, 601 W
Wed Apr  1 20:31:30 IDT 2026, 609 W
Wed Apr  1 20:31:30 IDT 2026, 593 W
Wed Apr  1 20:31:30 IDT 2026, 613 W
Wed Apr  1 20:31:31 IDT 2026, 605 W
Wed Apr  1 20:31:31 IDT 2026, 607 W
Wed Apr  1 20:31:31 IDT 2026, 601 W
Wed Apr  1 20:31:31 IDT 2026, 611 W
Wed Apr  1 20:31:32 IDT 2026, 603 W
Wed Apr  1 20:31:32 IDT 2026, 613 W
Wed Apr  1 20:31:32 IDT 2026, 604 W
Wed Apr  1 20:31:32 IDT 2026, 615 W
Wed Apr  1 20:31:33 IDT 2026, 607 W
Wed Apr  1 20:31:33 IDT 2026, 615 W
Wed Apr  1 20:31:33 IDT 2026, 602 W
Wed Apr  1 20:31:33 IDT 2026, 618 W
Wed Apr  1 20:31:34 IDT 2026, 602 W
Wed Apr  1 20:31:34 IDT 2026, 611 W
Wed Apr  1 20:31:34 IDT 2026, 600 W
Wed Apr  1 20:31:34 IDT 2026, 613 W
Wed Apr  1 20:31:35 IDT 2026, 602 W
Wed Apr  1 20:31:35 IDT 2026, 607 W
Wed Apr  1 20:31:35 IDT 2026, 595 W
Wed Apr  1 20:31:35 IDT 2026, 612 W
Wed Apr  1 20:31:36 IDT 2026, 603 W
Wed Apr  1 20:31:36 IDT 2026, 612 W
Wed Apr  1 20:31:36 IDT 2026, 601 W
Wed Apr  1 20:31:36 IDT 2026, 612 W
Wed Apr  1 20:31:37 IDT 2026, 601 W
Wed Apr  1 20:31:37 IDT 2026, 610 W
Wed Apr  1 20:31:37 IDT 2026, 600 W
Wed Apr  1 20:31:37 IDT 2026, 615 W
Wed Apr  1 20:31:38 IDT 2026, 604 W
Wed Apr  1 20:31:38 IDT 2026, 611 W
Wed Apr  1 20:31:38 IDT 2026, 600 W
Wed Apr  1 20:31:38 IDT 2026, 613 W
Wed Apr  1 20:31:39 IDT 2026, 605 W
Wed Apr  1 20:31:39 IDT 2026, 607 W
Wed Apr  1 20:31:39 IDT 2026, 597 W
Wed Apr  1 20:31:39 IDT 2026, 615 W
Wed Apr  1 20:31:40 IDT 2026, 600 W
Wed Apr  1 20:31:40 IDT 2026, 607 W
Wed Apr  1 20:31:40 IDT 2026, 599 W
Wed Apr  1 20:31:40 IDT 2026, 609 W
Wed Apr  1 20:31:41 IDT 2026, 598 W
Wed Apr  1 20:31:41 IDT 2026, 611 W
Wed Apr  1 20:31:41 IDT 2026, 597 W
Wed Apr  1 20:31:41 IDT 2026, 611 W
Wed Apr  1 20:31:42 IDT 2026, 602 W
Wed Apr  1 20:31:42 IDT 2026, 610 W
Wed Apr  1 20:31:42 IDT 2026, 596 W
Wed Apr  1 20:31:42 IDT 2026, 613 W
Wed Apr  1 20:31:43 IDT 2026, 598 W
Wed Apr  1 20:31:43 IDT 2026, 602 W
Wed Apr  1 20:31:43 IDT 2026, 598 W
Wed Apr  1 20:31:43 IDT 2026, 609 W
Wed Apr  1 20:31:44 IDT 2026, 592 W
Wed Apr  1 20:31:44 IDT 2026, 604 W
Wed Apr  1 20:31:44 IDT 2026, 591 W
Wed Apr  1 20:31:44 IDT 2026, 602 W
Wed Apr  1 20:31:45 IDT 2026, 593 W
Wed Apr  1 20:31:45 IDT 2026, 603 W
Wed Apr  1 20:31:45 IDT 2026, 592 W
Wed Apr  1 20:31:45 IDT 2026, 609 W
Wed Apr  1 20:31:46 IDT 2026, 592 W
Wed Apr  1 20:31:46 IDT 2026, 603 W
Wed Apr  1 20:31:46 IDT 2026, 590 W
Wed Apr  1 20:31:46 IDT 2026, 609 W
Wed Apr  1 20:31:47 IDT 2026, 592 W
Wed Apr  1 20:31:47 IDT 2026, 601 W
Wed Apr  1 20:31:47 IDT 2026, 593 W
Wed Apr  1 20:31:47 IDT 2026, 603 W
Wed Apr  1 20:31:48 IDT 2026, 598 W
Wed Apr  1 20:31:48 IDT 2026, 607 W
Wed Apr  1 20:31:48 IDT 2026, 591 W
Wed Apr  1 20:31:48 IDT 2026, 608 W
Wed Apr  1 20:31:49 IDT 2026, 598 W
Wed Apr  1 20:31:49 IDT 2026, 601 W
Wed Apr  1 20:31:49 IDT 2026, 595 W
Wed Apr  1 20:31:49 IDT 2026, 607 W
Wed Apr  1 20:31:50 IDT 2026, 597 W
Wed Apr  1 20:31:50 IDT 2026, 606 W
Wed Apr  1 20:31:50 IDT 2026, 595 W
Wed Apr  1 20:31:50 IDT 2026, 610 W
Wed Apr  1 20:31:51 IDT 2026, 302 W
Wed Apr  1 20:31:51 IDT 2026, 264 W
Wed Apr  1 20:31:51 IDT 2026, 324 W
Wed Apr  1 20:31:51 IDT 2026, 292 W
Wed Apr  1 20:31:52 IDT 2026, 846 W
Wed Apr  1 20:31:52 IDT 2026, 866 W
Wed Apr  1 20:31:52 IDT 2026, 833 W
Wed Apr  1 20:31:52 IDT 2026, 862 W
Wed Apr  1 20:31:53 IDT 2026, 616 W
Wed Apr  1 20:31:53 IDT 2026, 623 W
Wed Apr  1 20:31:53 IDT 2026, 611 W
Wed Apr  1 20:31:53 IDT 2026, 624 W
Wed Apr  1 20:31:54 IDT 2026, 619 W
Wed Apr  1 20:31:54 IDT 2026, 623 W
Wed Apr  1 20:31:54 IDT 2026, 611 W
Wed Apr  1 20:31:54 IDT 2026, 627 W
Wed Apr  1 20:31:55 IDT 2026, 617 W
Wed Apr  1 20:31:55 IDT 2026, 625 W
Wed Apr  1 20:31:55 IDT 2026, 612 W
Wed Apr  1 20:31:55 IDT 2026, 624 W
Wed Apr  1 20:31:56 IDT 2026, 618 W
Wed Apr  1 20:31:56 IDT 2026, 623 W
Wed Apr  1 20:31:56 IDT 2026, 611 W
Wed Apr  1 20:31:56 IDT 2026, 627 W
Wed Apr  1 20:31:57 IDT 2026, 616 W
Wed Apr  1 20:31:57 IDT 2026, 626 W
Wed Apr  1 20:31:57 IDT 2026, 611 W
Wed Apr  1 20:31:57 IDT 2026, 627 W
Wed Apr  1 20:31:58 IDT 2026, 617 W
Wed Apr  1 20:31:58 IDT 2026, 625 W
Wed Apr  1 20:31:58 IDT 2026, 613 W
Wed Apr  1 20:31:58 IDT 2026, 626 W
Wed Apr  1 20:31:59 IDT 2026, 616 W
Wed Apr  1 20:31:59 IDT 2026, 619 W
Wed Apr  1 20:31:59 IDT 2026, 610 W
Wed Apr  1 20:31:59 IDT 2026, 625 W
Wed Apr  1 20:32:00 IDT 2026, 618 W
Wed Apr  1 20:32:00 IDT 2026, 622 W
Wed Apr  1 20:32:00 IDT 2026, 611 W
Wed Apr  1 20:32:00 IDT 2026, 622 W
Wed Apr  1 20:32:01 IDT 2026, 618 W
Wed Apr  1 20:32:01 IDT 2026, 620 W
Wed Apr  1 20:32:01 IDT 2026, 608 W
Wed Apr  1 20:32:01 IDT 2026, 626 W
Wed Apr  1 20:32:02 IDT 2026, 617 W
Wed Apr  1 20:32:02 IDT 2026, 623 W
Wed Apr  1 20:32:02 IDT 2026, 610 W
Wed Apr  1 20:32:02 IDT 2026, 626 W
Wed Apr  1 20:32:03 IDT 2026, 617 W
Wed Apr  1 20:32:03 IDT 2026, 622 W
Wed Apr  1 20:32:03 IDT 2026, 609 W
Wed Apr  1 20:32:03 IDT 2026, 628 W
Wed Apr  1 20:32:04 IDT 2026, 615 W
Wed Apr  1 20:32:04 IDT 2026, 625 W
Wed Apr  1 20:32:04 IDT 2026, 614 W
Wed Apr  1 20:32:04 IDT 2026, 627 W
Wed Apr  1 20:32:05 IDT 2026, 618 W
Wed Apr  1 20:32:05 IDT 2026, 623 W
Wed Apr  1 20:32:05 IDT 2026, 611 W
Wed Apr  1 20:32:05 IDT 2026, 626 W
Wed Apr  1 20:32:06 IDT 2026, 615 W
Wed Apr  1 20:32:06 IDT 2026, 617 W
Wed Apr  1 20:32:06 IDT 2026, 610 W
Wed Apr  1 20:32:06 IDT 2026, 622 W
Wed Apr  1 20:32:07 IDT 2026, 616 W
Wed Apr  1 20:32:07 IDT 2026, 623 W
Wed Apr  1 20:32:07 IDT 2026, 611 W
Wed Apr  1 20:32:07 IDT 2026, 625 W
Wed Apr  1 20:32:08 IDT 2026, 618 W
Wed Apr  1 20:32:08 IDT 2026, 623 W
Wed Apr  1 20:32:08 IDT 2026, 609 W
Wed Apr  1 20:32:08 IDT 2026, 628 W
Wed Apr  1 20:32:09 IDT 2026, 619 W
Wed Apr  1 20:32:09 IDT 2026, 624 W
Wed Apr  1 20:32:09 IDT 2026, 609 W
Wed Apr  1 20:32:09 IDT 2026, 628 W
Wed Apr  1 20:32:10 IDT 2026, 614 W
Wed Apr  1 20:32:10 IDT 2026, 620 W
Wed Apr  1 20:32:10 IDT 2026, 610 W
Wed Apr  1 20:32:10 IDT 2026, 626 W
Wed Apr  1 20:32:11 IDT 2026, 614 W
Wed Apr  1 20:32:11 IDT 2026, 623 W
Wed Apr  1 20:32:11 IDT 2026, 608 W
Wed Apr  1 20:32:11 IDT 2026, 625 W
Wed Apr  1 20:32:12 IDT 2026, 615 W
Wed Apr  1 20:32:12 IDT 2026, 624 W
Wed Apr  1 20:32:12 IDT 2026, 611 W
Wed Apr  1 20:32:12 IDT 2026, 624 W
Wed Apr  1 20:32:13 IDT 2026, 615 W
Wed Apr  1 20:32:13 IDT 2026, 620 W
Wed Apr  1 20:32:13 IDT 2026, 608 W
Wed Apr  1 20:32:13 IDT 2026, 629 W
Wed Apr  1 20:32:14 IDT 2026, 614 W
Wed Apr  1 20:32:14 IDT 2026, 621 W
Wed Apr  1 20:32:14 IDT 2026, 606 W
Wed Apr  1 20:32:14 IDT 2026, 622 W
Wed Apr  1 20:32:15 IDT 2026, 615 W
Wed Apr  1 20:32:15 IDT 2026, 620 W
Wed Apr  1 20:32:15 IDT 2026, 608 W
Wed Apr  1 20:32:15 IDT 2026, 620 W
Wed Apr  1 20:32:16 IDT 2026, 611 W
Wed Apr  1 20:32:16 IDT 2026, 618 W
Wed Apr  1 20:32:16 IDT 2026, 608 W
Wed Apr  1 20:32:16 IDT 2026, 621 W
Wed Apr  1 20:32:17 IDT 2026, 612 W
Wed Apr  1 20:32:17 IDT 2026, 620 W
Wed Apr  1 20:32:17 IDT 2026, 608 W
Wed Apr  1 20:32:17 IDT 2026, 623 W
Wed Apr  1 20:32:18 IDT 2026, 610 W
Wed Apr  1 20:32:18 IDT 2026, 618 W
Wed Apr  1 20:32:18 IDT 2026, 610 W
Wed Apr  1 20:32:18 IDT 2026, 624 W
Wed Apr  1 20:32:19 IDT 2026, 613 W
Wed Apr  1 20:32:19 IDT 2026, 617 W
Wed Apr  1 20:32:19 IDT 2026, 605 W
Wed Apr  1 20:32:19 IDT 2026, 621 W
Wed Apr  1 20:32:20 IDT 2026, 613 W
Wed Apr  1 20:32:20 IDT 2026, 617 W
Wed Apr  1 20:32:20 IDT 2026, 605 W
Wed Apr  1 20:32:20 IDT 2026, 620 W
Wed Apr  1 20:32:21 IDT 2026, 606 W
Wed Apr  1 20:32:21 IDT 2026, 615 W
Wed Apr  1 20:32:21 IDT 2026, 602 W
Wed Apr  1 20:32:21 IDT 2026, 617 W
Wed Apr  1 20:32:22 IDT 2026, 607 W
Wed Apr  1 20:32:22 IDT 2026, 614 W
Wed Apr  1 20:32:22 IDT 2026, 601 W
Wed Apr  1 20:32:22 IDT 2026, 615 W
Wed Apr  1 20:32:23 IDT 2026, 603 W
Wed Apr  1 20:32:23 IDT 2026, 614 W
Wed Apr  1 20:32:23 IDT 2026, 598 W
Wed Apr  1 20:32:23 IDT 2026, 616 W
Wed Apr  1 20:32:24 IDT 2026, 604 W
Wed Apr  1 20:32:24 IDT 2026, 611 W
Wed Apr  1 20:32:24 IDT 2026, 600 W
Wed Apr  1 20:32:24 IDT 2026, 616 W
Wed Apr  1 20:32:25 IDT 2026, 240 W
Wed Apr  1 20:32:25 IDT 2026, 241 W
Wed Apr  1 20:32:25 IDT 2026, 234 W
Wed Apr  1 20:32:25 IDT 2026, 248 W
Wed Apr  1 20:32:26 IDT 2026, 617 W
Wed Apr  1 20:32:26 IDT 2026, 630 W
Wed Apr  1 20:32:26 IDT 2026, 613 W
Wed Apr  1 20:32:26 IDT 2026, 629 W
Wed Apr  1 20:32:27 IDT 2026, 617 W
Wed Apr  1 20:32:27 IDT 2026, 624 W
Wed Apr  1 20:32:27 IDT 2026, 612 W
Wed Apr  1 20:32:27 IDT 2026, 628 W
Wed Apr  1 20:32:28 IDT 2026, 615 W
Wed Apr  1 20:32:28 IDT 2026, 621 W
Wed Apr  1 20:32:28 IDT 2026, 611 W
Wed Apr  1 20:32:28 IDT 2026, 624 W
Wed Apr  1 20:32:29 IDT 2026, 615 W
Wed Apr  1 20:32:29 IDT 2026, 623 W
Wed Apr  1 20:32:29 IDT 2026, 612 W
Wed Apr  1 20:32:29 IDT 2026, 624 W
Wed Apr  1 20:32:30 IDT 2026, 617 W
Wed Apr  1 20:32:30 IDT 2026, 625 W
Wed Apr  1 20:32:30 IDT 2026, 614 W
Wed Apr  1 20:32:30 IDT 2026, 628 W
Wed Apr  1 20:32:31 IDT 2026, 616 W
Wed Apr  1 20:32:31 IDT 2026, 623 W
Wed Apr  1 20:32:31 IDT 2026, 609 W
Wed Apr  1 20:32:31 IDT 2026, 629 W
Wed Apr  1 20:32:32 IDT 2026, 614 W
Wed Apr  1 20:32:32 IDT 2026, 618 W
Wed Apr  1 20:32:32 IDT 2026, 607 W
Wed Apr  1 20:32:32 IDT 2026, 622 W
Wed Apr  1 20:32:33 IDT 2026, 613 W
Wed Apr  1 20:32:33 IDT 2026, 622 W
Wed Apr  1 20:32:33 IDT 2026, 609 W
Wed Apr  1 20:32:33 IDT 2026, 627 W
Wed Apr  1 20:32:34 IDT 2026, 614 W
Wed Apr  1 20:32:34 IDT 2026, 622 W
Wed Apr  1 20:32:34 IDT 2026, 610 W
Wed Apr  1 20:32:34 IDT 2026, 626 W
Wed Apr  1 20:32:35 IDT 2026, 612 W
Wed Apr  1 20:32:35 IDT 2026, 622 W
Wed Apr  1 20:32:35 IDT 2026, 604 W
Wed Apr  1 20:32:35 IDT 2026, 623 W
Wed Apr  1 20:32:36 IDT 2026, 615 W
Wed Apr  1 20:32:36 IDT 2026, 618 W
Wed Apr  1 20:32:36 IDT 2026, 610 W
Wed Apr  1 20:32:36 IDT 2026, 624 W
Wed Apr  1 20:32:37 IDT 2026, 612 W
Wed Apr  1 20:32:37 IDT 2026, 620 W
Wed Apr  1 20:32:37 IDT 2026, 611 W
Wed Apr  1 20:32:37 IDT 2026, 624 W
Wed Apr  1 20:32:38 IDT 2026, 614 W
Wed Apr  1 20:32:38 IDT 2026, 622 W
Wed Apr  1 20:32:38 IDT 2026, 609 W
Wed Apr  1 20:32:38 IDT 2026, 625 W
Wed Apr  1 20:32:39 IDT 2026, 613 W
Wed Apr  1 20:32:39 IDT 2026, 621 W
Wed Apr  1 20:32:39 IDT 2026, 607 W
Wed Apr  1 20:32:39 IDT 2026, 625 W
Wed Apr  1 20:32:40 IDT 2026, 615 W
Wed Apr  1 20:32:40 IDT 2026, 619 W
Wed Apr  1 20:32:40 IDT 2026, 607 W
Wed Apr  1 20:32:40 IDT 2026, 623 W
Wed Apr  1 20:32:41 IDT 2026, 613 W
Wed Apr  1 20:32:41 IDT 2026, 622 W
Wed Apr  1 20:32:41 IDT 2026, 607 W
Wed Apr  1 20:32:41 IDT 2026, 624 W
Wed Apr  1 20:32:42 IDT 2026, 615 W
Wed Apr  1 20:32:42 IDT 2026, 619 W
Wed Apr  1 20:32:42 IDT 2026, 607 W
Wed Apr  1 20:32:42 IDT 2026, 624 W
Wed Apr  1 20:32:43 IDT 2026, 610 W
Wed Apr  1 20:32:43 IDT 2026, 619 W
Wed Apr  1 20:32:43 IDT 2026, 607 W
Wed Apr  1 20:32:43 IDT 2026, 624 W
Wed Apr  1 20:32:44 IDT 2026, 612 W
Wed Apr  1 20:32:44 IDT 2026, 618 W
Wed Apr  1 20:32:44 IDT 2026, 608 W
Wed Apr  1 20:32:44 IDT 2026, 624 W
Wed Apr  1 20:32:45 IDT 2026, 605 W
Wed Apr  1 20:32:45 IDT 2026, 612 W
Wed Apr  1 20:32:45 IDT 2026, 600 W
Wed Apr  1 20:32:45 IDT 2026, 620 W
Wed Apr  1 20:32:46 IDT 2026, 608 W
Wed Apr  1 20:32:46 IDT 2026, 612 W
Wed Apr  1 20:32:46 IDT 2026, 601 W
Wed Apr  1 20:32:46 IDT 2026, 619 W
Wed Apr  1 20:32:47 IDT 2026, 608 W
Wed Apr  1 20:32:47 IDT 2026, 612 W
Wed Apr  1 20:32:47 IDT 2026, 601 W
Wed Apr  1 20:32:47 IDT 2026, 617 W
Wed Apr  1 20:32:48 IDT 2026, 603 W
Wed Apr  1 20:32:48 IDT 2026, 608 W
Wed Apr  1 20:32:48 IDT 2026, 598 W
Wed Apr  1 20:32:48 IDT 2026, 614 W
Wed Apr  1 20:32:49 IDT 2026, 604 W
Wed Apr  1 20:32:49 IDT 2026, 611 W
Wed Apr  1 20:32:49 IDT 2026, 598 W
Wed Apr  1 20:32:49 IDT 2026, 615 W
Wed Apr  1 20:32:50 IDT 2026, 604 W
Wed Apr  1 20:32:50 IDT 2026, 611 W
Wed Apr  1 20:32:50 IDT 2026, 599 W
Wed Apr  1 20:32:50 IDT 2026, 614 W
Wed Apr  1 20:32:51 IDT 2026, 605 W
Wed Apr  1 20:32:51 IDT 2026, 608 W
Wed Apr  1 20:32:51 IDT 2026, 597 W
Wed Apr  1 20:32:51 IDT 2026, 615 W
Wed Apr  1 20:32:52 IDT 2026, 603 W
Wed Apr  1 20:32:52 IDT 2026, 609 W
Wed Apr  1 20:32:52 IDT 2026, 597 W
Wed Apr  1 20:32:52 IDT 2026, 613 W
Wed Apr  1 20:32:53 IDT 2026, 602 W
Wed Apr  1 20:32:53 IDT 2026, 609 W
Wed Apr  1 20:32:53 IDT 2026, 599 W
Wed Apr  1 20:32:53 IDT 2026, 613 W
Wed Apr  1 20:32:54 IDT 2026, 602 W
Wed Apr  1 20:32:54 IDT 2026, 610 W
Wed Apr  1 20:32:54 IDT 2026, 598 W
Wed Apr  1 20:32:54 IDT 2026, 616 W
Wed Apr  1 20:32:55 IDT 2026, 605 W
Wed Apr  1 20:32:55 IDT 2026, 607 W
Wed Apr  1 20:32:55 IDT 2026, 600 W
Wed Apr  1 20:32:55 IDT 2026, 618 W
Wed Apr  1 20:32:56 IDT 2026, 602 W
Wed Apr  1 20:32:56 IDT 2026, 609 W
Wed Apr  1 20:32:56 IDT 2026, 601 W
Wed Apr  1 20:32:56 IDT 2026, 613 W
Wed Apr  1 20:32:57 IDT 2026, 602 W
Wed Apr  1 20:32:57 IDT 2026, 611 W
Wed Apr  1 20:32:57 IDT 2026, 599 W
Wed Apr  1 20:32:57 IDT 2026, 614 W
Wed Apr  1 20:32:58 IDT 2026, 238 W
Wed Apr  1 20:32:58 IDT 2026, 240 W
Wed Apr  1 20:32:58 IDT 2026, 235 W
Wed Apr  1 20:32:58 IDT 2026, 245 W
Wed Apr  1 20:32:59 IDT 2026, 642 W
Wed Apr  1 20:32:59 IDT 2026, 700 W
Wed Apr  1 20:32:59 IDT 2026, 649 W
Wed Apr  1 20:32:59 IDT 2026, 648 W
Wed Apr  1 20:33:00 IDT 2026, 615 W
Wed Apr  1 20:33:00 IDT 2026, 624 W
Wed Apr  1 20:33:00 IDT 2026, 612 W
Wed Apr  1 20:33:00 IDT 2026, 628 W
Wed Apr  1 20:33:01 IDT 2026, 614 W
Wed Apr  1 20:33:01 IDT 2026, 623 W
Wed Apr  1 20:33:01 IDT 2026, 612 W
Wed Apr  1 20:33:01 IDT 2026, 626 W
Wed Apr  1 20:33:02 IDT 2026, 617 W
Wed Apr  1 20:33:02 IDT 2026, 622 W
Wed Apr  1 20:33:02 IDT 2026, 610 W
Wed Apr  1 20:33:02 IDT 2026, 628 W
Wed Apr  1 20:33:03 IDT 2026, 617 W
Wed Apr  1 20:33:03 IDT 2026, 621 W
Wed Apr  1 20:33:03 IDT 2026, 613 W
Wed Apr  1 20:33:03 IDT 2026, 627 W
Wed Apr  1 20:33:04 IDT 2026, 617 W
Wed Apr  1 20:33:04 IDT 2026, 624 W
Wed Apr  1 20:33:04 IDT 2026, 615 W
Wed Apr  1 20:33:04 IDT 2026, 627 W
Wed Apr  1 20:33:05 IDT 2026, 616 W
Wed Apr  1 20:33:05 IDT 2026, 622 W
Wed Apr  1 20:33:05 IDT 2026, 611 W
Wed Apr  1 20:33:05 IDT 2026, 628 W
Wed Apr  1 20:33:06 IDT 2026, 617 W
Wed Apr  1 20:33:06 IDT 2026, 624 W
Wed Apr  1 20:33:06 IDT 2026, 612 W
Wed Apr  1 20:33:06 IDT 2026, 628 W
Wed Apr  1 20:33:07 IDT 2026, 614 W
Wed Apr  1 20:33:07 IDT 2026, 623 W
Wed Apr  1 20:33:07 IDT 2026, 611 W
Wed Apr  1 20:33:07 IDT 2026, 628 W
Wed Apr  1 20:33:08 IDT 2026, 617 W
Wed Apr  1 20:33:08 IDT 2026, 624 W
Wed Apr  1 20:33:08 IDT 2026, 613 W
Wed Apr  1 20:33:08 IDT 2026, 627 W
Wed Apr  1 20:33:09 IDT 2026, 612 W
Wed Apr  1 20:33:09 IDT 2026, 619 W
Wed Apr  1 20:33:09 IDT 2026, 610 W
Wed Apr  1 20:33:09 IDT 2026, 623 W
Wed Apr  1 20:33:10 IDT 2026, 615 W
Wed Apr  1 20:33:10 IDT 2026, 621 W
Wed Apr  1 20:33:10 IDT 2026, 609 W
Wed Apr  1 20:33:10 IDT 2026, 624 W
Wed Apr  1 20:33:11 IDT 2026, 612 W
Wed Apr  1 20:33:11 IDT 2026, 621 W
Wed Apr  1 20:33:11 IDT 2026, 611 W
Wed Apr  1 20:33:11 IDT 2026, 626 W
Wed Apr  1 20:33:12 IDT 2026, 613 W
Wed Apr  1 20:33:12 IDT 2026, 621 W
Wed Apr  1 20:33:12 IDT 2026, 609 W
Wed Apr  1 20:33:12 IDT 2026, 623 W
Wed Apr  1 20:33:13 IDT 2026, 611 W
Wed Apr  1 20:33:13 IDT 2026, 617 W
Wed Apr  1 20:33:13 IDT 2026, 607 W
Wed Apr  1 20:33:13 IDT 2026, 622 W
Wed Apr  1 20:33:14 IDT 2026, 606 W
Wed Apr  1 20:33:14 IDT 2026, 612 W
Wed Apr  1 20:33:14 IDT 2026, 600 W
Wed Apr  1 20:33:14 IDT 2026, 615 W
Wed Apr  1 20:33:15 IDT 2026, 605 W
Wed Apr  1 20:33:15 IDT 2026, 609 W
Wed Apr  1 20:33:15 IDT 2026, 602 W
Wed Apr  1 20:33:15 IDT 2026, 617 W
Wed Apr  1 20:33:16 IDT 2026, 599 W
Wed Apr  1 20:33:16 IDT 2026, 606 W
Wed Apr  1 20:33:16 IDT 2026, 596 W
Wed Apr  1 20:33:16 IDT 2026, 615 W
Wed Apr  1 20:33:17 IDT 2026, 604 W
Wed Apr  1 20:33:17 IDT 2026, 611 W
Wed Apr  1 20:33:17 IDT 2026, 600 W
Wed Apr  1 20:33:17 IDT 2026, 614 W
Wed Apr  1 20:33:18 IDT 2026, 599 W
Wed Apr  1 20:33:18 IDT 2026, 606 W
Wed Apr  1 20:33:18 IDT 2026, 595 W
Wed Apr  1 20:33:18 IDT 2026, 609 W
Wed Apr  1 20:33:19 IDT 2026, 598 W
Wed Apr  1 20:33:19 IDT 2026, 607 W
Wed Apr  1 20:33:19 IDT 2026, 592 W
Wed Apr  1 20:33:19 IDT 2026, 609 W
Wed Apr  1 20:33:20 IDT 2026, 598 W
Wed Apr  1 20:33:20 IDT 2026, 607 W
Wed Apr  1 20:33:20 IDT 2026, 591 W
Wed Apr  1 20:33:20 IDT 2026, 605 W
Wed Apr  1 20:33:21 IDT 2026, 596 W
Wed Apr  1 20:33:21 IDT 2026, 599 W
Wed Apr  1 20:33:21 IDT 2026, 587 W
Wed Apr  1 20:33:21 IDT 2026, 606 W
Wed Apr  1 20:33:22 IDT 2026, 585 W
Wed Apr  1 20:33:22 IDT 2026, 588 W
Wed Apr  1 20:33:22 IDT 2026, 582 W
Wed Apr  1 20:33:22 IDT 2026, 597 W
Wed Apr  1 20:33:23 IDT 2026, 584 W
Wed Apr  1 20:33:23 IDT 2026, 590 W
Wed Apr  1 20:33:23 IDT 2026, 583 W
Wed Apr  1 20:33:23 IDT 2026, 595 W
Wed Apr  1 20:33:24 IDT 2026, 584 W
Wed Apr  1 20:33:24 IDT 2026, 590 W
Wed Apr  1 20:33:24 IDT 2026, 575 W
Wed Apr  1 20:33:24 IDT 2026, 594 W
Wed Apr  1 20:33:25 IDT 2026, 588 W
Wed Apr  1 20:33:25 IDT 2026, 588 W
Wed Apr  1 20:33:25 IDT 2026, 587 W
Wed Apr  1 20:33:25 IDT 2026, 596 W
Wed Apr  1 20:33:26 IDT 2026, 579 W
Wed Apr  1 20:33:26 IDT 2026, 595 W
Wed Apr  1 20:33:26 IDT 2026, 581 W
Wed Apr  1 20:33:26 IDT 2026, 591 W
Wed Apr  1 20:33:27 IDT 2026, 585 W
Wed Apr  1 20:33:27 IDT 2026, 596 W
Wed Apr  1 20:33:27 IDT 2026, 583 W
Wed Apr  1 20:33:27 IDT 2026, 596 W
Wed Apr  1 20:33:28 IDT 2026, 582 W
Wed Apr  1 20:33:28 IDT 2026, 591 W
Wed Apr  1 20:33:28 IDT 2026, 579 W
Wed Apr  1 20:33:28 IDT 2026, 593 W
Wed Apr  1 20:33:29 IDT 2026, 583 W
Wed Apr  1 20:33:29 IDT 2026, 591 W
Wed Apr  1 20:33:29 IDT 2026, 580 W
Wed Apr  1 20:33:29 IDT 2026, 597 W
Wed Apr  1 20:33:30 IDT 2026, 237 W
Wed Apr  1 20:33:30 IDT 2026, 240 W
Wed Apr  1 20:33:30 IDT 2026, 234 W
Wed Apr  1 20:33:30 IDT 2026, 244 W
Wed Apr  1 20:33:31 IDT 2026, 615 W
Wed Apr  1 20:33:31 IDT 2026, 621 W
Wed Apr  1 20:33:31 IDT 2026, 610 W
Wed Apr  1 20:33:31 IDT 2026, 624 W
Wed Apr  1 20:33:32 IDT 2026, 617 W
Wed Apr  1 20:33:32 IDT 2026, 622 W
Wed Apr  1 20:33:32 IDT 2026, 610 W
Wed Apr  1 20:33:32 IDT 2026, 623 W
Wed Apr  1 20:33:33 IDT 2026, 616 W
Wed Apr  1 20:33:33 IDT 2026, 624 W
Wed Apr  1 20:33:33 IDT 2026, 611 W
Wed Apr  1 20:33:33 IDT 2026, 624 W
Wed Apr  1 20:33:34 IDT 2026, 616 W
Wed Apr  1 20:33:34 IDT 2026, 622 W
Wed Apr  1 20:33:34 IDT 2026, 611 W
Wed Apr  1 20:33:34 IDT 2026, 626 W
Wed Apr  1 20:33:35 IDT 2026, 617 W
Wed Apr  1 20:33:35 IDT 2026, 624 W
Wed Apr  1 20:33:35 IDT 2026, 611 W
Wed Apr  1 20:33:35 IDT 2026, 629 W
Wed Apr  1 20:33:36 IDT 2026, 617 W
Wed Apr  1 20:33:36 IDT 2026, 624 W
Wed Apr  1 20:33:36 IDT 2026, 609 W
Wed Apr  1 20:33:36 IDT 2026, 625 W
Wed Apr  1 20:33:37 IDT 2026, 617 W
Wed Apr  1 20:33:37 IDT 2026, 624 W
Wed Apr  1 20:33:37 IDT 2026, 611 W
Wed Apr  1 20:33:37 IDT 2026, 628 W
Wed Apr  1 20:33:38 IDT 2026, 616 W
Wed Apr  1 20:33:38 IDT 2026, 623 W
Wed Apr  1 20:33:38 IDT 2026, 610 W
Wed Apr  1 20:33:38 IDT 2026, 627 W
Wed Apr  1 20:33:39 IDT 2026, 616 W
Wed Apr  1 20:33:39 IDT 2026, 623 W
Wed Apr  1 20:33:39 IDT 2026, 612 W
Wed Apr  1 20:33:39 IDT 2026, 625 W
Wed Apr  1 20:33:40 IDT 2026, 615 W
Wed Apr  1 20:33:40 IDT 2026, 621 W
Wed Apr  1 20:33:40 IDT 2026, 611 W
Wed Apr  1 20:33:40 IDT 2026, 625 W
Wed Apr  1 20:33:41 IDT 2026, 615 W
Wed Apr  1 20:33:41 IDT 2026, 623 W
Wed Apr  1 20:33:41 IDT 2026, 609 W
Wed Apr  1 20:33:41 IDT 2026, 626 W
Wed Apr  1 20:33:42 IDT 2026, 615 W
Wed Apr  1 20:33:42 IDT 2026, 622 W
Wed Apr  1 20:33:42 IDT 2026, 612 W
Wed Apr  1 20:33:42 IDT 2026, 626 W
Wed Apr  1 20:33:43 IDT 2026, 615 W
Wed Apr  1 20:33:43 IDT 2026, 621 W
Wed Apr  1 20:33:43 IDT 2026, 607 W
Wed Apr  1 20:33:43 IDT 2026, 624 W
Wed Apr  1 20:33:44 IDT 2026, 616 W
Wed Apr  1 20:33:44 IDT 2026, 617 W
Wed Apr  1 20:33:44 IDT 2026, 608 W
Wed Apr  1 20:33:44 IDT 2026, 627 W
Wed Apr  1 20:33:45 IDT 2026, 612 W
Wed Apr  1 20:33:45 IDT 2026, 622 W
Wed Apr  1 20:33:45 IDT 2026, 610 W
Wed Apr  1 20:33:45 IDT 2026, 624 W
Wed Apr  1 20:33:46 IDT 2026, 613 W
Wed Apr  1 20:33:46 IDT 2026, 619 W
Wed Apr  1 20:33:46 IDT 2026, 609 W
Wed Apr  1 20:33:46 IDT 2026, 622 W
Wed Apr  1 20:33:47 IDT 2026, 603 W
Wed Apr  1 20:33:47 IDT 2026, 613 W
Wed Apr  1 20:33:47 IDT 2026, 598 W
Wed Apr  1 20:33:47 IDT 2026, 616 W
Wed Apr  1 20:33:48 IDT 2026, 604 W
Wed Apr  1 20:33:48 IDT 2026, 607 W
Wed Apr  1 20:33:48 IDT 2026, 601 W
Wed Apr  1 20:33:48 IDT 2026, 615 W
Wed Apr  1 20:33:49 IDT 2026, 606 W
Wed Apr  1 20:33:49 IDT 2026, 611 W
Wed Apr  1 20:33:49 IDT 2026, 604 W
Wed Apr  1 20:33:49 IDT 2026, 618 W
Wed Apr  1 20:33:50 IDT 2026, 608 W
Wed Apr  1 20:33:50 IDT 2026, 613 W
Wed Apr  1 20:33:50 IDT 2026, 605 W
Wed Apr  1 20:33:50 IDT 2026, 619 W
Wed Apr  1 20:33:51 IDT 2026, 604 W
Wed Apr  1 20:33:51 IDT 2026, 613 W
Wed Apr  1 20:33:51 IDT 2026, 602 W
Wed Apr  1 20:33:51 IDT 2026, 619 W
Wed Apr  1 20:33:52 IDT 2026, 605 W
Wed Apr  1 20:33:52 IDT 2026, 614 W
Wed Apr  1 20:33:52 IDT 2026, 601 W
Wed Apr  1 20:33:52 IDT 2026, 617 W
Wed Apr  1 20:33:53 IDT 2026, 606 W
Wed Apr  1 20:33:53 IDT 2026, 612 W
Wed Apr  1 20:33:53 IDT 2026, 602 W
Wed Apr  1 20:33:53 IDT 2026, 620 W
Wed Apr  1 20:33:54 IDT 2026, 605 W
Wed Apr  1 20:33:54 IDT 2026, 617 W
Wed Apr  1 20:33:54 IDT 2026, 604 W
Wed Apr  1 20:33:54 IDT 2026, 616 W
Wed Apr  1 20:33:55 IDT 2026, 607 W
Wed Apr  1 20:33:55 IDT 2026, 612 W
Wed Apr  1 20:33:55 IDT 2026, 601 W
Wed Apr  1 20:33:55 IDT 2026, 619 W
Wed Apr  1 20:33:56 IDT 2026, 607 W
Wed Apr  1 20:33:56 IDT 2026, 613 W
Wed Apr  1 20:33:56 IDT 2026, 602 W
Wed Apr  1 20:33:56 IDT 2026, 613 W
Wed Apr  1 20:33:57 IDT 2026, 602 W
Wed Apr  1 20:33:57 IDT 2026, 616 W
Wed Apr  1 20:33:57 IDT 2026, 603 W
Wed Apr  1 20:33:57 IDT 2026, 614 W
Wed Apr  1 20:33:58 IDT 2026, 605 W
Wed Apr  1 20:33:58 IDT 2026, 610 W
Wed Apr  1 20:33:58 IDT 2026, 597 W
Wed Apr  1 20:33:58 IDT 2026, 616 W
Wed Apr  1 20:33:59 IDT 2026, 602 W
Wed Apr  1 20:33:59 IDT 2026, 613 W
Wed Apr  1 20:33:59 IDT 2026, 604 W
Wed Apr  1 20:33:59 IDT 2026, 615 W
Wed Apr  1 20:34:00 IDT 2026, 595 W
Wed Apr  1 20:34:00 IDT 2026, 605 W
Wed Apr  1 20:34:00 IDT 2026, 592 W
Wed Apr  1 20:34:00 IDT 2026, 611 W
Wed Apr  1 20:34:01 IDT 2026, 600 W
Wed Apr  1 20:34:01 IDT 2026, 600 W
Wed Apr  1 20:34:01 IDT 2026, 594 W
Wed Apr  1 20:34:01 IDT 2026, 606 W
Wed Apr  1 20:34:02 IDT 2026, 601 W
Wed Apr  1 20:34:02 IDT 2026, 607 W
Wed Apr  1 20:34:02 IDT 2026, 595 W
Wed Apr  1 20:34:02 IDT 2026, 611 W
Wed Apr  1 20:34:03 IDT 2026, 272 W
Wed Apr  1 20:34:03 IDT 2026, 252 W
Wed Apr  1 20:34:03 IDT 2026, 280 W
Wed Apr  1 20:34:03 IDT 2026, 271 W
Wed Apr  1 20:34:04 IDT 2026, 773 W
Wed Apr  1 20:34:04 IDT 2026, 678 W
Wed Apr  1 20:34:04 IDT 2026, 821 W
Wed Apr  1 20:34:04 IDT 2026, 739 W
Wed Apr  1 20:34:05 IDT 2026, 615 W
Wed Apr  1 20:34:05 IDT 2026, 622 W
Wed Apr  1 20:34:05 IDT 2026, 613 W
Wed Apr  1 20:34:05 IDT 2026, 629 W
Wed Apr  1 20:34:06 IDT 2026, 618 W
Wed Apr  1 20:34:06 IDT 2026, 624 W
Wed Apr  1 20:34:06 IDT 2026, 611 W
Wed Apr  1 20:34:06 IDT 2026, 627 W
Wed Apr  1 20:34:07 IDT 2026, 619 W
Wed Apr  1 20:34:07 IDT 2026, 622 W
Wed Apr  1 20:34:07 IDT 2026, 614 W
Wed Apr  1 20:34:07 IDT 2026, 626 W
Wed Apr  1 20:34:08 IDT 2026, 616 W
Wed Apr  1 20:34:08 IDT 2026, 622 W
Wed Apr  1 20:34:08 IDT 2026, 610 W
Wed Apr  1 20:34:08 IDT 2026, 627 W
Wed Apr  1 20:34:09 IDT 2026, 617 W
Wed Apr  1 20:34:09 IDT 2026, 623 W
Wed Apr  1 20:34:09 IDT 2026, 612 W
Wed Apr  1 20:34:09 IDT 2026, 628 W
Wed Apr  1 20:34:10 IDT 2026, 617 W
Wed Apr  1 20:34:10 IDT 2026, 623 W
Wed Apr  1 20:34:10 IDT 2026, 611 W
Wed Apr  1 20:34:10 IDT 2026, 627 W
Wed Apr  1 20:34:11 IDT 2026, 616 W
Wed Apr  1 20:34:11 IDT 2026, 623 W
Wed Apr  1 20:34:11 IDT 2026, 611 W
Wed Apr  1 20:34:11 IDT 2026, 625 W
Wed Apr  1 20:34:12 IDT 2026, 616 W
Wed Apr  1 20:34:12 IDT 2026, 623 W
Wed Apr  1 20:34:12 IDT 2026, 611 W
Wed Apr  1 20:34:12 IDT 2026, 626 W
Wed Apr  1 20:34:13 IDT 2026, 615 W
Wed Apr  1 20:34:13 IDT 2026, 621 W
Wed Apr  1 20:34:13 IDT 2026, 611 W
Wed Apr  1 20:34:13 IDT 2026, 625 W
Wed Apr  1 20:34:14 IDT 2026, 610 W
Wed Apr  1 20:34:14 IDT 2026, 622 W
Wed Apr  1 20:34:14 IDT 2026, 610 W
Wed Apr  1 20:34:14 IDT 2026, 626 W
Wed Apr  1 20:34:15 IDT 2026, 602 W
Wed Apr  1 20:34:15 IDT 2026, 613 W
Wed Apr  1 20:34:15 IDT 2026, 599 W
Wed Apr  1 20:34:15 IDT 2026, 614 W
Wed Apr  1 20:34:16 IDT 2026, 606 W
Wed Apr  1 20:34:16 IDT 2026, 613 W
Wed Apr  1 20:34:16 IDT 2026, 601 W
Wed Apr  1 20:34:16 IDT 2026, 618 W
Wed Apr  1 20:34:17 IDT 2026, 602 W
Wed Apr  1 20:34:17 IDT 2026, 607 W
Wed Apr  1 20:34:17 IDT 2026, 603 W
Wed Apr  1 20:34:17 IDT 2026, 617 W
Wed Apr  1 20:34:18 IDT 2026, 597 W
Wed Apr  1 20:34:18 IDT 2026, 607 W
Wed Apr  1 20:34:18 IDT 2026, 595 W
Wed Apr  1 20:34:18 IDT 2026, 609 W
Wed Apr  1 20:34:19 IDT 2026, 596 W
Wed Apr  1 20:34:19 IDT 2026, 601 W
Wed Apr  1 20:34:19 IDT 2026, 592 W
Wed Apr  1 20:34:19 IDT 2026, 611 W
Wed Apr  1 20:34:20 IDT 2026, 599 W
Wed Apr  1 20:34:20 IDT 2026, 607 W
Wed Apr  1 20:34:20 IDT 2026, 597 W
Wed Apr  1 20:34:20 IDT 2026, 611 W
Wed Apr  1 20:34:21 IDT 2026, 600 W
Wed Apr  1 20:34:21 IDT 2026, 605 W
Wed Apr  1 20:34:21 IDT 2026, 593 W
Wed Apr  1 20:34:21 IDT 2026, 607 W
Wed Apr  1 20:34:22 IDT 2026, 596 W
Wed Apr  1 20:34:22 IDT 2026, 599 W
Wed Apr  1 20:34:22 IDT 2026, 596 W
Wed Apr  1 20:34:22 IDT 2026, 608 W
Wed Apr  1 20:34:23 IDT 2026, 588 W
Wed Apr  1 20:34:23 IDT 2026, 596 W
Wed Apr  1 20:34:23 IDT 2026, 584 W
Wed Apr  1 20:34:23 IDT 2026, 597 W
Wed Apr  1 20:34:24 IDT 2026, 583 W
Wed Apr  1 20:34:24 IDT 2026, 589 W
Wed Apr  1 20:34:24 IDT 2026, 580 W
Wed Apr  1 20:34:24 IDT 2026, 590 W
Wed Apr  1 20:34:25 IDT 2026, 588 W
Wed Apr  1 20:34:25 IDT 2026, 582 W
Wed Apr  1 20:34:25 IDT 2026, 577 W
Wed Apr  1 20:34:25 IDT 2026, 595 W
Wed Apr  1 20:34:26 IDT 2026, 583 W
Wed Apr  1 20:34:26 IDT 2026, 591 W
Wed Apr  1 20:34:26 IDT 2026, 581 W
Wed Apr  1 20:34:26 IDT 2026, 597 W
Wed Apr  1 20:34:27 IDT 2026, 586 W
Wed Apr  1 20:34:27 IDT 2026, 591 W
Wed Apr  1 20:34:27 IDT 2026, 583 W
Wed Apr  1 20:34:27 IDT 2026, 596 W
Wed Apr  1 20:34:28 IDT 2026, 589 W
Wed Apr  1 20:34:28 IDT 2026, 591 W
Wed Apr  1 20:34:28 IDT 2026, 581 W
Wed Apr  1 20:34:28 IDT 2026, 595 W
Wed Apr  1 20:34:29 IDT 2026, 579 W
Wed Apr  1 20:34:29 IDT 2026, 590 W
Wed Apr  1 20:34:29 IDT 2026, 578 W
Wed Apr  1 20:34:29 IDT 2026, 590 W
Wed Apr  1 20:34:30 IDT 2026, 588 W
Wed Apr  1 20:34:30 IDT 2026, 593 W
Wed Apr  1 20:34:30 IDT 2026, 581 W
Wed Apr  1 20:34:30 IDT 2026, 598 W
Wed Apr  1 20:34:31 IDT 2026, 588 W
Wed Apr  1 20:34:31 IDT 2026, 596 W
Wed Apr  1 20:34:31 IDT 2026, 585 W
Wed Apr  1 20:34:31 IDT 2026, 599 W
Wed Apr  1 20:34:32 IDT 2026, 586 W
Wed Apr  1 20:34:32 IDT 2026, 591 W
Wed Apr  1 20:34:32 IDT 2026, 582 W
Wed Apr  1 20:34:32 IDT 2026, 597 W
Wed Apr  1 20:34:33 IDT 2026, 590 W
Wed Apr  1 20:34:33 IDT 2026, 600 W
Wed Apr  1 20:34:33 IDT 2026, 581 W
Wed Apr  1 20:34:33 IDT 2026, 597 W
Wed Apr  1 20:34:34 IDT 2026, 238 W
Wed Apr  1 20:34:34 IDT 2026, 240 W
Wed Apr  1 20:34:34 IDT 2026, 235 W
Wed Apr  1 20:34:34 IDT 2026, 245 W
Wed Apr  1 20:34:35 IDT 2026, 617 W
Wed Apr  1 20:34:35 IDT 2026, 626 W
Wed Apr  1 20:34:35 IDT 2026, 611 W
Wed Apr  1 20:34:35 IDT 2026, 627 W
Wed Apr  1 20:34:36 IDT 2026, 618 W
Wed Apr  1 20:34:36 IDT 2026, 621 W
Wed Apr  1 20:34:36 IDT 2026, 611 W
Wed Apr  1 20:34:36 IDT 2026, 627 W
Wed Apr  1 20:34:37 IDT 2026, 616 W
Wed Apr  1 20:34:37 IDT 2026, 623 W
Wed Apr  1 20:34:37 IDT 2026, 613 W
Wed Apr  1 20:34:37 IDT 2026, 626 W
Wed Apr  1 20:34:38 IDT 2026, 617 W
Wed Apr  1 20:34:38 IDT 2026, 624 W
Wed Apr  1 20:34:38 IDT 2026, 610 W
Wed Apr  1 20:34:38 IDT 2026, 626 W
Wed Apr  1 20:34:39 IDT 2026, 616 W
Wed Apr  1 20:34:39 IDT 2026, 622 W
Wed Apr  1 20:34:39 IDT 2026, 609 W
Wed Apr  1 20:34:39 IDT 2026, 627 W
Wed Apr  1 20:34:40 IDT 2026, 615 W
Wed Apr  1 20:34:40 IDT 2026, 622 W
Wed Apr  1 20:34:40 IDT 2026, 609 W
Wed Apr  1 20:34:40 IDT 2026, 623 W
Wed Apr  1 20:34:41 IDT 2026, 615 W
Wed Apr  1 20:34:41 IDT 2026, 622 W
Wed Apr  1 20:34:41 IDT 2026, 610 W
Wed Apr  1 20:34:41 IDT 2026, 625 W
Wed Apr  1 20:34:42 IDT 2026, 615 W
Wed Apr  1 20:34:42 IDT 2026, 621 W
Wed Apr  1 20:34:42 IDT 2026, 609 W
Wed Apr  1 20:34:42 IDT 2026, 628 W
Wed Apr  1 20:34:43 IDT 2026, 616 W
Wed Apr  1 20:34:43 IDT 2026, 624 W
Wed Apr  1 20:34:43 IDT 2026, 612 W
Wed Apr  1 20:34:43 IDT 2026, 629 W
Wed Apr  1 20:34:44 IDT 2026, 614 W
Wed Apr  1 20:34:44 IDT 2026, 620 W
Wed Apr  1 20:34:44 IDT 2026, 606 W
Wed Apr  1 20:34:44 IDT 2026, 622 W
Wed Apr  1 20:34:45 IDT 2026, 612 W
Wed Apr  1 20:34:45 IDT 2026, 618 W
Wed Apr  1 20:34:45 IDT 2026, 612 W
Wed Apr  1 20:34:45 IDT 2026, 621 W
Wed Apr  1 20:34:46 IDT 2026, 608 W
Wed Apr  1 20:34:46 IDT 2026, 609 W
Wed Apr  1 20:34:46 IDT 2026, 604 W
Wed Apr  1 20:34:46 IDT 2026, 614 W
Wed Apr  1 20:34:47 IDT 2026, 604 W
Wed Apr  1 20:34:47 IDT 2026, 611 W
Wed Apr  1 20:34:47 IDT 2026, 599 W
Wed Apr  1 20:34:47 IDT 2026, 617 W
Wed Apr  1 20:34:48 IDT 2026, 605 W
Wed Apr  1 20:34:48 IDT 2026, 612 W
Wed Apr  1 20:34:48 IDT 2026, 601 W
Wed Apr  1 20:34:48 IDT 2026, 616 W
Wed Apr  1 20:34:49 IDT 2026, 606 W
Wed Apr  1 20:34:49 IDT 2026, 613 W
Wed Apr  1 20:34:49 IDT 2026, 602 W
Wed Apr  1 20:34:49 IDT 2026, 616 W
Wed Apr  1 20:34:50 IDT 2026, 604 W
Wed Apr  1 20:34:50 IDT 2026, 615 W
Wed Apr  1 20:34:50 IDT 2026, 600 W
Wed Apr  1 20:34:50 IDT 2026, 619 W
Wed Apr  1 20:34:51 IDT 2026, 600 W
Wed Apr  1 20:34:51 IDT 2026, 611 W
Wed Apr  1 20:34:51 IDT 2026, 598 W
Wed Apr  1 20:34:51 IDT 2026, 613 W
Wed Apr  1 20:34:52 IDT 2026, 597 W
Wed Apr  1 20:34:52 IDT 2026, 601 W
Wed Apr  1 20:34:52 IDT 2026, 591 W
Wed Apr  1 20:34:52 IDT 2026, 609 W
Wed Apr  1 20:34:53 IDT 2026, 595 W
Wed Apr  1 20:34:53 IDT 2026, 603 W
Wed Apr  1 20:34:53 IDT 2026, 591 W
Wed Apr  1 20:34:53 IDT 2026, 606 W
Wed Apr  1 20:34:54 IDT 2026, 598 W
Wed Apr  1 20:34:54 IDT 2026, 605 W
Wed Apr  1 20:34:54 IDT 2026, 592 W
Wed Apr  1 20:34:54 IDT 2026, 611 W
Wed Apr  1 20:34:55 IDT 2026, 588 W
Wed Apr  1 20:34:55 IDT 2026, 597 W
Wed Apr  1 20:34:55 IDT 2026, 581 W
Wed Apr  1 20:34:55 IDT 2026, 600 W
Wed Apr  1 20:34:56 IDT 2026, 585 W
Wed Apr  1 20:34:56 IDT 2026, 588 W
Wed Apr  1 20:34:56 IDT 2026, 579 W
Wed Apr  1 20:34:56 IDT 2026, 592 W
Wed Apr  1 20:34:57 IDT 2026, 582 W
Wed Apr  1 20:34:57 IDT 2026, 590 W
Wed Apr  1 20:34:57 IDT 2026, 580 W
Wed Apr  1 20:34:57 IDT 2026, 595 W
Wed Apr  1 20:34:58 IDT 2026, 587 W
Wed Apr  1 20:34:58 IDT 2026, 590 W
Wed Apr  1 20:34:58 IDT 2026, 583 W
Wed Apr  1 20:34:58 IDT 2026, 595 W
Wed Apr  1 20:34:59 IDT 2026, 586 W
Wed Apr  1 20:34:59 IDT 2026, 596 W
Wed Apr  1 20:34:59 IDT 2026, 579 W
Wed Apr  1 20:34:59 IDT 2026, 599 W
Wed Apr  1 20:35:00 IDT 2026, 587 W
Wed Apr  1 20:35:00 IDT 2026, 590 W
Wed Apr  1 20:35:00 IDT 2026, 584 W
Wed Apr  1 20:35:00 IDT 2026, 598 W
Wed Apr  1 20:35:01 IDT 2026, 586 W
Wed Apr  1 20:35:01 IDT 2026, 590 W
Wed Apr  1 20:35:01 IDT 2026, 581 W
Wed Apr  1 20:35:01 IDT 2026, 597 W
Wed Apr  1 20:35:02 IDT 2026, 583 W
Wed Apr  1 20:35:02 IDT 2026, 588 W
Wed Apr  1 20:35:02 IDT 2026, 573 W
Wed Apr  1 20:35:02 IDT 2026, 593 W
Wed Apr  1 20:35:03 IDT 2026, 558 W
Wed Apr  1 20:35:03 IDT 2026, 553 W
Wed Apr  1 20:35:03 IDT 2026, 550 W
Wed Apr  1 20:35:03 IDT 2026, 561 W
Wed Apr  1 20:35:04 IDT 2026, 539 W
Wed Apr  1 20:35:04 IDT 2026, 557 W
Wed Apr  1 20:35:04 IDT 2026, 541 W
Wed Apr  1 20:35:04 IDT 2026, 550 W
Wed Apr  1 20:35:05 IDT 2026, 239 W
Wed Apr  1 20:35:05 IDT 2026, 241 W
Wed Apr  1 20:35:05 IDT 2026, 235 W
Wed Apr  1 20:35:05 IDT 2026, 246 W
Wed Apr  1 20:35:06 IDT 2026, 235 W
Wed Apr  1 20:35:06 IDT 2026, 239 W
Wed Apr  1 20:35:06 IDT 2026, 232 W
Wed Apr  1 20:35:06 IDT 2026, 241 W
Wed Apr  1 20:35:07 IDT 2026, 606 W
Wed Apr  1 20:35:07 IDT 2026, 613 W
Wed Apr  1 20:35:07 IDT 2026, 601 W
Wed Apr  1 20:35:07 IDT 2026, 610 W
Wed Apr  1 20:35:08 IDT 2026, 602 W
Wed Apr  1 20:35:08 IDT 2026, 611 W
Wed Apr  1 20:35:08 IDT 2026, 601 W
Wed Apr  1 20:35:08 IDT 2026, 614 W
Wed Apr  1 20:35:09 IDT 2026, 607 W
Wed Apr  1 20:35:09 IDT 2026, 612 W
Wed Apr  1 20:35:09 IDT 2026, 602 W
Wed Apr  1 20:35:09 IDT 2026, 617 W
Wed Apr  1 20:35:10 IDT 2026, 608 W
Wed Apr  1 20:35:10 IDT 2026, 616 W
Wed Apr  1 20:35:10 IDT 2026, 604 W
Wed Apr  1 20:35:10 IDT 2026, 618 W
Wed Apr  1 20:35:11 IDT 2026, 605 W
Wed Apr  1 20:35:11 IDT 2026, 607 W
Wed Apr  1 20:35:11 IDT 2026, 596 W
Wed Apr  1 20:35:11 IDT 2026, 613 W
Wed Apr  1 20:35:12 IDT 2026, 599 W
Wed Apr  1 20:35:12 IDT 2026, 604 W
Wed Apr  1 20:35:12 IDT 2026, 597 W
Wed Apr  1 20:35:12 IDT 2026, 610 W
Wed Apr  1 20:35:13 IDT 2026, 603 W
Wed Apr  1 20:35:13 IDT 2026, 612 W
Wed Apr  1 20:35:13 IDT 2026, 592 W
Wed Apr  1 20:35:13 IDT 2026, 609 W
Wed Apr  1 20:35:14 IDT 2026, 605 W
Wed Apr  1 20:35:14 IDT 2026, 609 W
Wed Apr  1 20:35:14 IDT 2026, 598 W
Wed Apr  1 20:35:14 IDT 2026, 612 W
Wed Apr  1 20:35:15 IDT 2026, 602 W
Wed Apr  1 20:35:15 IDT 2026, 608 W
Wed Apr  1 20:35:15 IDT 2026, 596 W
Wed Apr  1 20:35:15 IDT 2026, 612 W
Wed Apr  1 20:35:16 IDT 2026, 584 W
Wed Apr  1 20:35:16 IDT 2026, 588 W
Wed Apr  1 20:35:16 IDT 2026, 582 W
Wed Apr  1 20:35:16 IDT 2026, 594 W
Wed Apr  1 20:35:17 IDT 2026, 584 W
Wed Apr  1 20:35:17 IDT 2026, 586 W
Wed Apr  1 20:35:17 IDT 2026, 575 W
Wed Apr  1 20:35:17 IDT 2026, 593 W
Wed Apr  1 20:35:18 IDT 2026, 583 W
Wed Apr  1 20:35:18 IDT 2026, 591 W
Wed Apr  1 20:35:18 IDT 2026, 580 W
Wed Apr  1 20:35:18 IDT 2026, 596 W
Wed Apr  1 20:35:19 IDT 2026, 587 W
Wed Apr  1 20:35:19 IDT 2026, 597 W
Wed Apr  1 20:35:19 IDT 2026, 589 W
Wed Apr  1 20:35:19 IDT 2026, 596 W
Wed Apr  1 20:35:20 IDT 2026, 584 W
Wed Apr  1 20:35:20 IDT 2026, 588 W
Wed Apr  1 20:35:20 IDT 2026, 581 W
Wed Apr  1 20:35:20 IDT 2026, 595 W
Wed Apr  1 20:35:21 IDT 2026, 582 W
Wed Apr  1 20:35:21 IDT 2026, 590 W
Wed Apr  1 20:35:21 IDT 2026, 579 W
Wed Apr  1 20:35:21 IDT 2026, 588 W
Wed Apr  1 20:35:22 IDT 2026, 553 W
Wed Apr  1 20:35:22 IDT 2026, 561 W
Wed Apr  1 20:35:22 IDT 2026, 546 W
Wed Apr  1 20:35:22 IDT 2026, 564 W
Wed Apr  1 20:35:23 IDT 2026, 554 W
Wed Apr  1 20:35:23 IDT 2026, 553 W
Wed Apr  1 20:35:23 IDT 2026, 546 W
Wed Apr  1 20:35:23 IDT 2026, 561 W
Wed Apr  1 20:35:24 IDT 2026, 549 W
Wed Apr  1 20:35:24 IDT 2026, 557 W
Wed Apr  1 20:35:24 IDT 2026, 545 W
Wed Apr  1 20:35:24 IDT 2026, 561 W
Wed Apr  1 20:35:25 IDT 2026, 502 W
Wed Apr  1 20:35:25 IDT 2026, 506 W
Wed Apr  1 20:35:25 IDT 2026, 497 W
Wed Apr  1 20:35:25 IDT 2026, 512 W
Wed Apr  1 20:35:26 IDT 2026, 494 W
Wed Apr  1 20:35:26 IDT 2026, 504 W
Wed Apr  1 20:35:26 IDT 2026, 490 W
Wed Apr  1 20:35:26 IDT 2026, 497 W
Wed Apr  1 20:35:27 IDT 2026, 492 W
Wed Apr  1 20:35:27 IDT 2026, 502 W
Wed Apr  1 20:35:27 IDT 2026, 494 W
Wed Apr  1 20:35:27 IDT 2026, 495 W
Wed Apr  1 20:35:28 IDT 2026, 497 W
Wed Apr  1 20:35:28 IDT 2026, 502 W
Wed Apr  1 20:35:28 IDT 2026, 496 W
Wed Apr  1 20:35:28 IDT 2026, 495 W
Wed Apr  1 20:35:29 IDT 2026, 466 W
Wed Apr  1 20:35:29 IDT 2026, 451 W
Wed Apr  1 20:35:29 IDT 2026, 460 W
Wed Apr  1 20:35:29 IDT 2026, 472 W
Wed Apr  1 20:35:30 IDT 2026, 501 W
Wed Apr  1 20:35:30 IDT 2026, 505 W
Wed Apr  1 20:35:30 IDT 2026, 497 W
Wed Apr  1 20:35:30 IDT 2026, 507 W
