timestamp, power.draw [W]
Thu Aug 28 20:42:41 IDT 2025, 112 W
Thu Aug 28 20:42:41 IDT 2025, 98 W
Thu Aug 28 20:42:41 IDT 2025, 99 W
Thu Aug 28 20:42:41 IDT 2025, 95 W
Thu Aug 28 20:42:41 IDT 2025, 120 W
Thu Aug 28 20:42:41 IDT 2025, 104 W
Thu Aug 28 20:42:41 IDT 2025, 110 W
Thu Aug 28 20:42:41 IDT 2025, 88 W
Thu Aug 28 20:42:42 IDT 2025, 108 W
Thu Aug 28 20:42:42 IDT 2025, 103 W
Thu Aug 28 20:42:42 IDT 2025, 98 W
Thu Aug 28 20:42:42 IDT 2025, 88 W
Thu Aug 28 20:42:42 IDT 2025, 122 W
Thu Aug 28 20:42:42 IDT 2025, 106 W
Thu Aug 28 20:42:42 IDT 2025, 110 W
Thu Aug 28 20:42:42 IDT 2025, 93 W
Thu Aug 28 20:42:43 IDT 2025, 110 W
Thu Aug 28 20:42:43 IDT 2025, 103 W
Thu Aug 28 20:42:43 IDT 2025, 94 W
Thu Aug 28 20:42:43 IDT 2025, 91 W
Thu Aug 28 20:42:43 IDT 2025, 117 W
Thu Aug 28 20:42:43 IDT 2025, 102 W
Thu Aug 28 20:42:43 IDT 2025, 97 W
Thu Aug 28 20:42:43 IDT 2025, 88 W
Thu Aug 28 20:42:44 IDT 2025, 106 W
Thu Aug 28 20:42:44 IDT 2025, 107 W
Thu Aug 28 20:42:44 IDT 2025, 94 W
Thu Aug 28 20:42:44 IDT 2025, 96 W
Thu Aug 28 20:42:44 IDT 2025, 112 W
Thu Aug 28 20:42:44 IDT 2025, 101 W
Thu Aug 28 20:42:44 IDT 2025, 108 W
Thu Aug 28 20:42:44 IDT 2025, 87 W
Thu Aug 28 20:42:45 IDT 2025, 107 W
Thu Aug 28 20:42:45 IDT 2025, 103 W
Thu Aug 28 20:42:45 IDT 2025, 94 W
Thu Aug 28 20:42:45 IDT 2025, 91 W
Thu Aug 28 20:42:45 IDT 2025, 117 W
Thu Aug 28 20:42:45 IDT 2025, 102 W
Thu Aug 28 20:42:45 IDT 2025, 103 W
Thu Aug 28 20:42:45 IDT 2025, 90 W
Thu Aug 28 20:42:46 IDT 2025, 107 W
Thu Aug 28 20:42:46 IDT 2025, 106 W
Thu Aug 28 20:42:46 IDT 2025, 92 W
Thu Aug 28 20:42:46 IDT 2025, 96 W
Thu Aug 28 20:42:46 IDT 2025, 115 W
Thu Aug 28 20:42:46 IDT 2025, 97 W
Thu Aug 28 20:42:46 IDT 2025, 101 W
Thu Aug 28 20:42:46 IDT 2025, 91 W
Thu Aug 28 20:42:47 IDT 2025, 108 W
Thu Aug 28 20:42:47 IDT 2025, 112 W
Thu Aug 28 20:42:47 IDT 2025, 93 W
Thu Aug 28 20:42:47 IDT 2025, 97 W
Thu Aug 28 20:42:47 IDT 2025, 118 W
Thu Aug 28 20:42:47 IDT 2025, 100 W
Thu Aug 28 20:42:47 IDT 2025, 100 W
Thu Aug 28 20:42:47 IDT 2025, 93 W
Thu Aug 28 20:42:48 IDT 2025, 109 W
Thu Aug 28 20:42:48 IDT 2025, 107 W
Thu Aug 28 20:42:48 IDT 2025, 90 W
Thu Aug 28 20:42:48 IDT 2025, 92 W
Thu Aug 28 20:42:48 IDT 2025, 124 W
Thu Aug 28 20:42:48 IDT 2025, 102 W
Thu Aug 28 20:42:48 IDT 2025, 106 W
Thu Aug 28 20:42:48 IDT 2025, 94 W
Thu Aug 28 20:42:49 IDT 2025, 115 W
Thu Aug 28 20:42:49 IDT 2025, 104 W
Thu Aug 28 20:42:49 IDT 2025, 93 W
Thu Aug 28 20:42:49 IDT 2025, 93 W
Thu Aug 28 20:42:49 IDT 2025, 113 W
Thu Aug 28 20:42:49 IDT 2025, 98 W
Thu Aug 28 20:42:49 IDT 2025, 99 W
Thu Aug 28 20:42:49 IDT 2025, 86 W
Thu Aug 28 20:42:50 IDT 2025, 105 W
Thu Aug 28 20:42:50 IDT 2025, 99 W
Thu Aug 28 20:42:50 IDT 2025, 101 W
Thu Aug 28 20:42:50 IDT 2025, 93 W
Thu Aug 28 20:42:50 IDT 2025, 113 W
Thu Aug 28 20:42:50 IDT 2025, 95 W
Thu Aug 28 20:42:50 IDT 2025, 98 W
Thu Aug 28 20:42:50 IDT 2025, 96 W
Thu Aug 28 20:42:51 IDT 2025, 106 W
Thu Aug 28 20:42:51 IDT 2025, 106 W
Thu Aug 28 20:42:51 IDT 2025, 95 W
Thu Aug 28 20:42:51 IDT 2025, 95 W
Thu Aug 28 20:42:51 IDT 2025, 113 W
Thu Aug 28 20:42:51 IDT 2025, 96 W
Thu Aug 28 20:42:51 IDT 2025, 104 W
Thu Aug 28 20:42:51 IDT 2025, 90 W
Thu Aug 28 20:42:52 IDT 2025, 107 W
Thu Aug 28 20:42:52 IDT 2025, 107 W
Thu Aug 28 20:42:52 IDT 2025, 94 W
Thu Aug 28 20:42:52 IDT 2025, 98 W
Thu Aug 28 20:42:52 IDT 2025, 114 W
Thu Aug 28 20:42:52 IDT 2025, 94 W
Thu Aug 28 20:42:52 IDT 2025, 105 W
Thu Aug 28 20:42:52 IDT 2025, 87 W
Thu Aug 28 20:42:53 IDT 2025, 117 W
Thu Aug 28 20:42:53 IDT 2025, 106 W
Thu Aug 28 20:42:53 IDT 2025, 97 W
Thu Aug 28 20:42:53 IDT 2025, 95 W
Thu Aug 28 20:42:53 IDT 2025, 114 W
Thu Aug 28 20:42:53 IDT 2025, 101 W
Thu Aug 28 20:42:53 IDT 2025, 105 W
Thu Aug 28 20:42:53 IDT 2025, 88 W
Thu Aug 28 20:42:54 IDT 2025, 109 W
Thu Aug 28 20:42:54 IDT 2025, 97 W
Thu Aug 28 20:42:54 IDT 2025, 96 W
Thu Aug 28 20:42:54 IDT 2025, 92 W
Thu Aug 28 20:42:54 IDT 2025, 116 W
Thu Aug 28 20:42:54 IDT 2025, 95 W
Thu Aug 28 20:42:54 IDT 2025, 96 W
Thu Aug 28 20:42:54 IDT 2025, 90 W
Thu Aug 28 20:42:55 IDT 2025, 102 W
Thu Aug 28 20:42:55 IDT 2025, 106 W
Thu Aug 28 20:42:55 IDT 2025, 93 W
Thu Aug 28 20:42:55 IDT 2025, 88 W
Thu Aug 28 20:42:55 IDT 2025, 115 W
Thu Aug 28 20:42:55 IDT 2025, 95 W
Thu Aug 28 20:42:55 IDT 2025, 102 W
Thu Aug 28 20:42:55 IDT 2025, 89 W
Thu Aug 28 20:42:56 IDT 2025, 110 W
Thu Aug 28 20:42:56 IDT 2025, 107 W
Thu Aug 28 20:42:56 IDT 2025, 98 W
Thu Aug 28 20:42:56 IDT 2025, 91 W
Thu Aug 28 20:42:56 IDT 2025, 119 W
Thu Aug 28 20:42:56 IDT 2025, 93 W
Thu Aug 28 20:42:56 IDT 2025, 103 W
Thu Aug 28 20:42:56 IDT 2025, 96 W
Thu Aug 28 20:42:57 IDT 2025, 112 W
Thu Aug 28 20:42:57 IDT 2025, 103 W
Thu Aug 28 20:42:57 IDT 2025, 94 W
Thu Aug 28 20:42:57 IDT 2025, 89 W
Thu Aug 28 20:42:57 IDT 2025, 118 W
Thu Aug 28 20:42:57 IDT 2025, 94 W
Thu Aug 28 20:42:57 IDT 2025, 103 W
Thu Aug 28 20:42:57 IDT 2025, 93 W
Thu Aug 28 20:42:58 IDT 2025, 102 W
Thu Aug 28 20:42:58 IDT 2025, 98 W
Thu Aug 28 20:42:58 IDT 2025, 104 W
Thu Aug 28 20:42:58 IDT 2025, 89 W
Thu Aug 28 20:42:58 IDT 2025, 116 W
Thu Aug 28 20:42:58 IDT 2025, 102 W
Thu Aug 28 20:42:58 IDT 2025, 99 W
Thu Aug 28 20:42:58 IDT 2025, 88 W
Thu Aug 28 20:42:59 IDT 2025, 110 W
Thu Aug 28 20:42:59 IDT 2025, 100 W
Thu Aug 28 20:42:59 IDT 2025, 93 W
Thu Aug 28 20:42:59 IDT 2025, 93 W
Thu Aug 28 20:42:59 IDT 2025, 121 W
Thu Aug 28 20:42:59 IDT 2025, 99 W
Thu Aug 28 20:42:59 IDT 2025, 109 W
Thu Aug 28 20:42:59 IDT 2025, 89 W
Thu Aug 28 20:43:00 IDT 2025, 109 W
Thu Aug 28 20:43:00 IDT 2025, 100 W
Thu Aug 28 20:43:00 IDT 2025, 95 W
Thu Aug 28 20:43:00 IDT 2025, 90 W
Thu Aug 28 20:43:00 IDT 2025, 118 W
Thu Aug 28 20:43:00 IDT 2025, 96 W
Thu Aug 28 20:43:00 IDT 2025, 104 W
Thu Aug 28 20:43:00 IDT 2025, 90 W
Thu Aug 28 20:43:01 IDT 2025, 105 W
Thu Aug 28 20:43:01 IDT 2025, 105 W
Thu Aug 28 20:43:01 IDT 2025, 97 W
Thu Aug 28 20:43:01 IDT 2025, 89 W
Thu Aug 28 20:43:01 IDT 2025, 112 W
Thu Aug 28 20:43:01 IDT 2025, 100 W
Thu Aug 28 20:43:01 IDT 2025, 101 W
Thu Aug 28 20:43:01 IDT 2025, 90 W
Thu Aug 28 20:43:02 IDT 2025, 105 W
Thu Aug 28 20:43:02 IDT 2025, 105 W
Thu Aug 28 20:43:02 IDT 2025, 88 W
Thu Aug 28 20:43:02 IDT 2025, 93 W
Thu Aug 28 20:43:02 IDT 2025, 122 W
Thu Aug 28 20:43:02 IDT 2025, 103 W
Thu Aug 28 20:43:02 IDT 2025, 105 W
Thu Aug 28 20:43:02 IDT 2025, 87 W
Thu Aug 28 20:43:03 IDT 2025, 109 W
Thu Aug 28 20:43:03 IDT 2025, 100 W
Thu Aug 28 20:43:03 IDT 2025, 94 W
Thu Aug 28 20:43:03 IDT 2025, 98 W
Thu Aug 28 20:43:03 IDT 2025, 115 W
Thu Aug 28 20:43:03 IDT 2025, 98 W
Thu Aug 28 20:43:03 IDT 2025, 101 W
Thu Aug 28 20:43:03 IDT 2025, 84 W
Thu Aug 28 20:43:04 IDT 2025, 107 W
Thu Aug 28 20:43:04 IDT 2025, 106 W
Thu Aug 28 20:43:04 IDT 2025, 89 W
Thu Aug 28 20:43:04 IDT 2025, 94 W
Thu Aug 28 20:43:04 IDT 2025, 114 W
Thu Aug 28 20:43:04 IDT 2025, 92 W
Thu Aug 28 20:43:04 IDT 2025, 95 W
Thu Aug 28 20:43:04 IDT 2025, 96 W
Thu Aug 28 20:43:05 IDT 2025, 107 W
Thu Aug 28 20:43:05 IDT 2025, 112 W
Thu Aug 28 20:43:05 IDT 2025, 97 W
Thu Aug 28 20:43:05 IDT 2025, 97 W
Thu Aug 28 20:43:05 IDT 2025, 112 W
Thu Aug 28 20:43:05 IDT 2025, 101 W
Thu Aug 28 20:43:05 IDT 2025, 101 W
Thu Aug 28 20:43:05 IDT 2025, 85 W
Thu Aug 28 20:43:06 IDT 2025, 107 W
Thu Aug 28 20:43:06 IDT 2025, 105 W
Thu Aug 28 20:43:06 IDT 2025, 92 W
Thu Aug 28 20:43:06 IDT 2025, 91 W
Thu Aug 28 20:43:06 IDT 2025, 116 W
Thu Aug 28 20:43:06 IDT 2025, 94 W
Thu Aug 28 20:43:06 IDT 2025, 97 W
Thu Aug 28 20:43:06 IDT 2025, 86 W
Thu Aug 28 20:43:07 IDT 2025, 106 W
Thu Aug 28 20:43:07 IDT 2025, 101 W
Thu Aug 28 20:43:07 IDT 2025, 99 W
Thu Aug 28 20:43:07 IDT 2025, 98 W
Thu Aug 28 20:43:07 IDT 2025, 117 W
Thu Aug 28 20:43:07 IDT 2025, 97 W
Thu Aug 28 20:43:07 IDT 2025, 103 W
Thu Aug 28 20:43:07 IDT 2025, 90 W
Thu Aug 28 20:43:08 IDT 2025, 109 W
Thu Aug 28 20:43:08 IDT 2025, 102 W
Thu Aug 28 20:43:08 IDT 2025, 92 W
Thu Aug 28 20:43:08 IDT 2025, 93 W
Thu Aug 28 20:43:08 IDT 2025, 123 W
Thu Aug 28 20:43:08 IDT 2025, 94 W
Thu Aug 28 20:43:08 IDT 2025, 100 W
Thu Aug 28 20:43:08 IDT 2025, 93 W
Thu Aug 28 20:43:09 IDT 2025, 105 W
Thu Aug 28 20:43:09 IDT 2025, 105 W
Thu Aug 28 20:43:09 IDT 2025, 98 W
Thu Aug 28 20:43:09 IDT 2025, 90 W
Thu Aug 28 20:43:09 IDT 2025, 114 W
Thu Aug 28 20:43:09 IDT 2025, 99 W
Thu Aug 28 20:43:09 IDT 2025, 98 W
Thu Aug 28 20:43:09 IDT 2025, 92 W
Thu Aug 28 20:43:10 IDT 2025, 106 W
Thu Aug 28 20:43:10 IDT 2025, 100 W
Thu Aug 28 20:43:10 IDT 2025, 99 W
Thu Aug 28 20:43:10 IDT 2025, 93 W
Thu Aug 28 20:43:10 IDT 2025, 115 W
Thu Aug 28 20:43:10 IDT 2025, 97 W
Thu Aug 28 20:43:10 IDT 2025, 105 W
Thu Aug 28 20:43:10 IDT 2025, 86 W
Thu Aug 28 20:43:11 IDT 2025, 104 W
Thu Aug 28 20:43:11 IDT 2025, 109 W
Thu Aug 28 20:43:11 IDT 2025, 102 W
Thu Aug 28 20:43:11 IDT 2025, 89 W
Thu Aug 28 20:43:11 IDT 2025, 121 W
Thu Aug 28 20:43:11 IDT 2025, 99 W
Thu Aug 28 20:43:11 IDT 2025, 104 W
Thu Aug 28 20:43:11 IDT 2025, 99 W
Thu Aug 28 20:43:12 IDT 2025, 105 W
Thu Aug 28 20:43:12 IDT 2025, 107 W
Thu Aug 28 20:43:12 IDT 2025, 101 W
Thu Aug 28 20:43:12 IDT 2025, 90 W
Thu Aug 28 20:43:12 IDT 2025, 116 W
Thu Aug 28 20:43:12 IDT 2025, 101 W
Thu Aug 28 20:43:12 IDT 2025, 102 W
Thu Aug 28 20:43:12 IDT 2025, 95 W
Thu Aug 28 20:43:13 IDT 2025, 113 W
Thu Aug 28 20:43:13 IDT 2025, 102 W
Thu Aug 28 20:43:13 IDT 2025, 93 W
Thu Aug 28 20:43:13 IDT 2025, 89 W
Thu Aug 28 20:43:13 IDT 2025, 115 W
Thu Aug 28 20:43:13 IDT 2025, 97 W
Thu Aug 28 20:43:13 IDT 2025, 104 W
Thu Aug 28 20:43:13 IDT 2025, 89 W
Thu Aug 28 20:43:14 IDT 2025, 109 W
Thu Aug 28 20:43:14 IDT 2025, 102 W
Thu Aug 28 20:43:14 IDT 2025, 94 W
Thu Aug 28 20:43:14 IDT 2025, 96 W
Thu Aug 28 20:43:14 IDT 2025, 120 W
Thu Aug 28 20:43:14 IDT 2025, 92 W
Thu Aug 28 20:43:14 IDT 2025, 98 W
Thu Aug 28 20:43:14 IDT 2025, 94 W
Thu Aug 28 20:43:15 IDT 2025, 106 W
Thu Aug 28 20:43:15 IDT 2025, 101 W
Thu Aug 28 20:43:15 IDT 2025, 93 W
Thu Aug 28 20:43:15 IDT 2025, 92 W
Thu Aug 28 20:43:15 IDT 2025, 116 W
Thu Aug 28 20:43:15 IDT 2025, 95 W
Thu Aug 28 20:43:15 IDT 2025, 100 W
Thu Aug 28 20:43:15 IDT 2025, 86 W
Thu Aug 28 20:43:16 IDT 2025, 103 W
Thu Aug 28 20:43:16 IDT 2025, 100 W
Thu Aug 28 20:43:16 IDT 2025, 95 W
Thu Aug 28 20:43:16 IDT 2025, 93 W
Thu Aug 28 20:43:16 IDT 2025, 122 W
Thu Aug 28 20:43:16 IDT 2025, 98 W
Thu Aug 28 20:43:16 IDT 2025, 104 W
Thu Aug 28 20:43:16 IDT 2025, 90 W
Thu Aug 28 20:43:17 IDT 2025, 106 W
Thu Aug 28 20:43:17 IDT 2025, 105 W
Thu Aug 28 20:43:17 IDT 2025, 97 W
Thu Aug 28 20:43:17 IDT 2025, 95 W
Thu Aug 28 20:43:17 IDT 2025, 112 W
Thu Aug 28 20:43:17 IDT 2025, 102 W
Thu Aug 28 20:43:17 IDT 2025, 110 W
Thu Aug 28 20:43:17 IDT 2025, 90 W
Thu Aug 28 20:43:18 IDT 2025, 103 W
Thu Aug 28 20:43:18 IDT 2025, 101 W
Thu Aug 28 20:43:18 IDT 2025, 96 W
Thu Aug 28 20:43:18 IDT 2025, 91 W
Thu Aug 28 20:43:18 IDT 2025, 115 W
Thu Aug 28 20:43:18 IDT 2025, 106 W
Thu Aug 28 20:43:18 IDT 2025, 100 W
Thu Aug 28 20:43:18 IDT 2025, 88 W
Thu Aug 28 20:43:19 IDT 2025, 106 W
Thu Aug 28 20:43:19 IDT 2025, 108 W
Thu Aug 28 20:43:19 IDT 2025, 89 W
Thu Aug 28 20:43:19 IDT 2025, 98 W
Thu Aug 28 20:43:19 IDT 2025, 123 W
Thu Aug 28 20:43:19 IDT 2025, 93 W
Thu Aug 28 20:43:19 IDT 2025, 105 W
Thu Aug 28 20:43:19 IDT 2025, 85 W
Thu Aug 28 20:43:20 IDT 2025, 106 W
Thu Aug 28 20:43:20 IDT 2025, 106 W
Thu Aug 28 20:43:20 IDT 2025, 97 W
Thu Aug 28 20:43:20 IDT 2025, 91 W
Thu Aug 28 20:43:20 IDT 2025, 113 W
Thu Aug 28 20:43:20 IDT 2025, 105 W
Thu Aug 28 20:43:20 IDT 2025, 104 W
Thu Aug 28 20:43:20 IDT 2025, 95 W
Thu Aug 28 20:43:21 IDT 2025, 104 W
Thu Aug 28 20:43:21 IDT 2025, 100 W
Thu Aug 28 20:43:21 IDT 2025, 100 W
Thu Aug 28 20:43:21 IDT 2025, 95 W
Thu Aug 28 20:43:21 IDT 2025, 113 W
Thu Aug 28 20:43:21 IDT 2025, 101 W
Thu Aug 28 20:43:21 IDT 2025, 108 W
Thu Aug 28 20:43:21 IDT 2025, 93 W
Thu Aug 28 20:43:22 IDT 2025, 112 W
Thu Aug 28 20:43:22 IDT 2025, 111 W
Thu Aug 28 20:43:22 IDT 2025, 98 W
Thu Aug 28 20:43:22 IDT 2025, 92 W
Thu Aug 28 20:43:22 IDT 2025, 124 W
Thu Aug 28 20:43:22 IDT 2025, 94 W
Thu Aug 28 20:43:22 IDT 2025, 96 W
Thu Aug 28 20:43:22 IDT 2025, 87 W
Thu Aug 28 20:43:23 IDT 2025, 111 W
Thu Aug 28 20:43:23 IDT 2025, 104 W
Thu Aug 28 20:43:23 IDT 2025, 90 W
Thu Aug 28 20:43:23 IDT 2025, 92 W
Thu Aug 28 20:43:23 IDT 2025, 118 W
Thu Aug 28 20:43:23 IDT 2025, 99 W
Thu Aug 28 20:43:23 IDT 2025, 100 W
Thu Aug 28 20:43:23 IDT 2025, 89 W
Thu Aug 28 20:43:24 IDT 2025, 109 W
Thu Aug 28 20:43:24 IDT 2025, 99 W
Thu Aug 28 20:43:24 IDT 2025, 87 W
Thu Aug 28 20:43:24 IDT 2025, 98 W
Thu Aug 28 20:43:24 IDT 2025, 121 W
Thu Aug 28 20:43:24 IDT 2025, 98 W
Thu Aug 28 20:43:24 IDT 2025, 101 W
Thu Aug 28 20:43:24 IDT 2025, 97 W
Thu Aug 28 20:43:25 IDT 2025, 104 W
Thu Aug 28 20:43:25 IDT 2025, 108 W
Thu Aug 28 20:43:25 IDT 2025, 103 W
Thu Aug 28 20:43:25 IDT 2025, 95 W
Thu Aug 28 20:43:25 IDT 2025, 117 W
Thu Aug 28 20:43:25 IDT 2025, 94 W
Thu Aug 28 20:43:25 IDT 2025, 102 W
Thu Aug 28 20:43:25 IDT 2025, 94 W
Thu Aug 28 20:43:26 IDT 2025, 104 W
Thu Aug 28 20:43:26 IDT 2025, 112 W
Thu Aug 28 20:43:26 IDT 2025, 99 W
Thu Aug 28 20:43:26 IDT 2025, 95 W
Thu Aug 28 20:43:26 IDT 2025, 128 W
Thu Aug 28 20:43:26 IDT 2025, 97 W
Thu Aug 28 20:43:26 IDT 2025, 101 W
Thu Aug 28 20:43:26 IDT 2025, 95 W
Thu Aug 28 20:43:27 IDT 2025, 111 W
Thu Aug 28 20:43:27 IDT 2025, 106 W
Thu Aug 28 20:43:27 IDT 2025, 100 W
Thu Aug 28 20:43:27 IDT 2025, 98 W
Thu Aug 28 20:43:27 IDT 2025, 120 W
Thu Aug 28 20:43:27 IDT 2025, 108 W
Thu Aug 28 20:43:27 IDT 2025, 104 W
Thu Aug 28 20:43:27 IDT 2025, 95 W
Thu Aug 28 20:43:28 IDT 2025, 104 W
Thu Aug 28 20:43:28 IDT 2025, 102 W
Thu Aug 28 20:43:28 IDT 2025, 93 W
Thu Aug 28 20:43:28 IDT 2025, 95 W
Thu Aug 28 20:43:28 IDT 2025, 117 W
Thu Aug 28 20:43:28 IDT 2025, 107 W
Thu Aug 28 20:43:28 IDT 2025, 104 W
Thu Aug 28 20:43:28 IDT 2025, 92 W
Thu Aug 28 20:43:29 IDT 2025, 103 W
Thu Aug 28 20:43:29 IDT 2025, 110 W
Thu Aug 28 20:43:29 IDT 2025, 93 W
Thu Aug 28 20:43:29 IDT 2025, 93 W
Thu Aug 28 20:43:29 IDT 2025, 113 W
Thu Aug 28 20:43:29 IDT 2025, 108 W
Thu Aug 28 20:43:29 IDT 2025, 103 W
Thu Aug 28 20:43:29 IDT 2025, 88 W
Thu Aug 28 20:43:30 IDT 2025, 109 W
Thu Aug 28 20:43:30 IDT 2025, 105 W
Thu Aug 28 20:43:30 IDT 2025, 98 W
Thu Aug 28 20:43:30 IDT 2025, 105 W
Thu Aug 28 20:43:30 IDT 2025, 123 W
Thu Aug 28 20:43:30 IDT 2025, 106 W
Thu Aug 28 20:43:30 IDT 2025, 103 W
Thu Aug 28 20:43:30 IDT 2025, 100 W
Thu Aug 28 20:43:31 IDT 2025, 125 W
Thu Aug 28 20:43:31 IDT 2025, 122 W
Thu Aug 28 20:43:31 IDT 2025, 110 W
Thu Aug 28 20:43:31 IDT 2025, 93 W
Thu Aug 28 20:43:31 IDT 2025, 136 W
Thu Aug 28 20:43:31 IDT 2025, 121 W
Thu Aug 28 20:43:31 IDT 2025, 124 W
Thu Aug 28 20:43:31 IDT 2025, 107 W
Thu Aug 28 20:43:32 IDT 2025, 117 W
Thu Aug 28 20:43:32 IDT 2025, 120 W
Thu Aug 28 20:43:32 IDT 2025, 113 W
Thu Aug 28 20:43:32 IDT 2025, 111 W
Thu Aug 28 20:43:32 IDT 2025, 127 W
Thu Aug 28 20:43:32 IDT 2025, 126 W
Thu Aug 28 20:43:32 IDT 2025, 127 W
Thu Aug 28 20:43:32 IDT 2025, 109 W
Thu Aug 28 20:43:33 IDT 2025, 119 W
Thu Aug 28 20:43:33 IDT 2025, 120 W
Thu Aug 28 20:43:33 IDT 2025, 105 W
Thu Aug 28 20:43:33 IDT 2025, 107 W
Thu Aug 28 20:43:33 IDT 2025, 131 W
Thu Aug 28 20:43:33 IDT 2025, 121 W
Thu Aug 28 20:43:33 IDT 2025, 116 W
Thu Aug 28 20:43:33 IDT 2025, 101 W
Thu Aug 28 20:43:34 IDT 2025, 108 W
Thu Aug 28 20:43:34 IDT 2025, 124 W
Thu Aug 28 20:43:34 IDT 2025, 105 W
Thu Aug 28 20:43:34 IDT 2025, 115 W
Thu Aug 28 20:43:34 IDT 2025, 133 W
Thu Aug 28 20:43:34 IDT 2025, 111 W
Thu Aug 28 20:43:34 IDT 2025, 122 W
Thu Aug 28 20:43:34 IDT 2025, 111 W
Thu Aug 28 20:43:35 IDT 2025, 117 W
Thu Aug 28 20:43:35 IDT 2025, 125 W
Thu Aug 28 20:43:35 IDT 2025, 109 W
Thu Aug 28 20:43:35 IDT 2025, 113 W
Thu Aug 28 20:43:35 IDT 2025, 126 W
Thu Aug 28 20:43:35 IDT 2025, 109 W
Thu Aug 28 20:43:35 IDT 2025, 118 W
Thu Aug 28 20:43:35 IDT 2025, 98 W
Thu Aug 28 20:43:36 IDT 2025, 126 W
Thu Aug 28 20:43:36 IDT 2025, 122 W
Thu Aug 28 20:43:36 IDT 2025, 99 W
Thu Aug 28 20:43:36 IDT 2025, 112 W
Thu Aug 28 20:43:36 IDT 2025, 142 W
Thu Aug 28 20:43:36 IDT 2025, 126 W
Thu Aug 28 20:43:36 IDT 2025, 123 W
Thu Aug 28 20:43:36 IDT 2025, 116 W
Thu Aug 28 20:43:37 IDT 2025, 119 W
Thu Aug 28 20:43:37 IDT 2025, 120 W
Thu Aug 28 20:43:37 IDT 2025, 102 W
Thu Aug 28 20:43:37 IDT 2025, 110 W
Thu Aug 28 20:43:37 IDT 2025, 127 W
Thu Aug 28 20:43:37 IDT 2025, 113 W
Thu Aug 28 20:43:37 IDT 2025, 111 W
Thu Aug 28 20:43:37 IDT 2025, 107 W
Thu Aug 28 20:43:38 IDT 2025, 127 W
Thu Aug 28 20:43:38 IDT 2025, 122 W
Thu Aug 28 20:43:38 IDT 2025, 112 W
Thu Aug 28 20:43:38 IDT 2025, 100 W
Thu Aug 28 20:43:38 IDT 2025, 140 W
Thu Aug 28 20:43:38 IDT 2025, 126 W
Thu Aug 28 20:43:38 IDT 2025, 124 W
Thu Aug 28 20:43:38 IDT 2025, 108 W
Thu Aug 28 20:43:39 IDT 2025, 130 W
Thu Aug 28 20:43:39 IDT 2025, 133 W
Thu Aug 28 20:43:39 IDT 2025, 93 W
Thu Aug 28 20:43:39 IDT 2025, 112 W
Thu Aug 28 20:43:39 IDT 2025, 137 W
Thu Aug 28 20:43:39 IDT 2025, 116 W
Thu Aug 28 20:43:39 IDT 2025, 124 W
Thu Aug 28 20:43:39 IDT 2025, 111 W
Thu Aug 28 20:43:40 IDT 2025, 129 W
Thu Aug 28 20:43:40 IDT 2025, 126 W
Thu Aug 28 20:43:40 IDT 2025, 102 W
Thu Aug 28 20:43:40 IDT 2025, 102 W
Thu Aug 28 20:43:40 IDT 2025, 138 W
Thu Aug 28 20:43:40 IDT 2025, 105 W
Thu Aug 28 20:43:40 IDT 2025, 122 W
Thu Aug 28 20:43:40 IDT 2025, 114 W
Thu Aug 28 20:43:41 IDT 2025, 129 W
Thu Aug 28 20:43:41 IDT 2025, 129 W
Thu Aug 28 20:43:41 IDT 2025, 112 W
Thu Aug 28 20:43:41 IDT 2025, 111 W
Thu Aug 28 20:43:41 IDT 2025, 134 W
Thu Aug 28 20:43:41 IDT 2025, 122 W
Thu Aug 28 20:43:41 IDT 2025, 121 W
Thu Aug 28 20:43:41 IDT 2025, 96 W
Thu Aug 28 20:43:42 IDT 2025, 131 W
Thu Aug 28 20:43:42 IDT 2025, 108 W
Thu Aug 28 20:43:42 IDT 2025, 110 W
Thu Aug 28 20:43:42 IDT 2025, 115 W
Thu Aug 28 20:43:42 IDT 2025, 134 W
Thu Aug 28 20:43:42 IDT 2025, 121 W
Thu Aug 28 20:43:42 IDT 2025, 122 W
Thu Aug 28 20:43:42 IDT 2025, 101 W
Thu Aug 28 20:43:43 IDT 2025, 134 W
Thu Aug 28 20:43:43 IDT 2025, 131 W
Thu Aug 28 20:43:43 IDT 2025, 114 W
Thu Aug 28 20:43:43 IDT 2025, 116 W
Thu Aug 28 20:43:43 IDT 2025, 122 W
Thu Aug 28 20:43:43 IDT 2025, 114 W
Thu Aug 28 20:43:43 IDT 2025, 117 W
Thu Aug 28 20:43:43 IDT 2025, 115 W
Thu Aug 28 20:43:44 IDT 2025, 126 W
Thu Aug 28 20:43:44 IDT 2025, 125 W
Thu Aug 28 20:43:44 IDT 2025, 101 W
Thu Aug 28 20:43:44 IDT 2025, 111 W
Thu Aug 28 20:43:44 IDT 2025, 136 W
Thu Aug 28 20:43:44 IDT 2025, 117 W
Thu Aug 28 20:43:44 IDT 2025, 116 W
Thu Aug 28 20:43:44 IDT 2025, 107 W
Thu Aug 28 20:43:45 IDT 2025, 126 W
Thu Aug 28 20:43:45 IDT 2025, 135 W
Thu Aug 28 20:43:45 IDT 2025, 113 W
Thu Aug 28 20:43:45 IDT 2025, 107 W
Thu Aug 28 20:43:45 IDT 2025, 120 W
Thu Aug 28 20:43:45 IDT 2025, 122 W
Thu Aug 28 20:43:45 IDT 2025, 117 W
Thu Aug 28 20:43:45 IDT 2025, 120 W
Thu Aug 28 20:43:46 IDT 2025, 111 W
Thu Aug 28 20:43:46 IDT 2025, 127 W
Thu Aug 28 20:43:46 IDT 2025, 100 W
Thu Aug 28 20:43:46 IDT 2025, 108 W
Thu Aug 28 20:43:46 IDT 2025, 138 W
Thu Aug 28 20:43:46 IDT 2025, 118 W
Thu Aug 28 20:43:46 IDT 2025, 110 W
Thu Aug 28 20:43:46 IDT 2025, 109 W
Thu Aug 28 20:43:47 IDT 2025, 128 W
Thu Aug 28 20:43:47 IDT 2025, 128 W
Thu Aug 28 20:43:47 IDT 2025, 111 W
Thu Aug 28 20:43:47 IDT 2025, 117 W
Thu Aug 28 20:43:47 IDT 2025, 125 W
Thu Aug 28 20:43:47 IDT 2025, 116 W
Thu Aug 28 20:43:47 IDT 2025, 117 W
Thu Aug 28 20:43:47 IDT 2025, 110 W
Thu Aug 28 20:43:48 IDT 2025, 127 W
Thu Aug 28 20:43:48 IDT 2025, 115 W
Thu Aug 28 20:43:48 IDT 2025, 101 W
Thu Aug 28 20:43:48 IDT 2025, 116 W
Thu Aug 28 20:43:48 IDT 2025, 131 W
Thu Aug 28 20:43:48 IDT 2025, 115 W
Thu Aug 28 20:43:48 IDT 2025, 121 W
Thu Aug 28 20:43:48 IDT 2025, 107 W
Thu Aug 28 20:43:49 IDT 2025, 135 W
Thu Aug 28 20:43:49 IDT 2025, 126 W
Thu Aug 28 20:43:49 IDT 2025, 111 W
Thu Aug 28 20:43:49 IDT 2025, 100 W
Thu Aug 28 20:43:49 IDT 2025, 143 W
Thu Aug 28 20:43:49 IDT 2025, 119 W
Thu Aug 28 20:43:49 IDT 2025, 116 W
Thu Aug 28 20:43:49 IDT 2025, 109 W
Thu Aug 28 20:43:50 IDT 2025, 121 W
Thu Aug 28 20:43:50 IDT 2025, 125 W
Thu Aug 28 20:43:50 IDT 2025, 117 W
Thu Aug 28 20:43:50 IDT 2025, 108 W
Thu Aug 28 20:43:50 IDT 2025, 134 W
Thu Aug 28 20:43:50 IDT 2025, 116 W
Thu Aug 28 20:43:50 IDT 2025, 114 W
Thu Aug 28 20:43:50 IDT 2025, 108 W
Thu Aug 28 20:43:51 IDT 2025, 127 W
Thu Aug 28 20:43:51 IDT 2025, 128 W
Thu Aug 28 20:43:51 IDT 2025, 117 W
Thu Aug 28 20:43:51 IDT 2025, 97 W
Thu Aug 28 20:43:51 IDT 2025, 135 W
Thu Aug 28 20:43:51 IDT 2025, 127 W
Thu Aug 28 20:43:51 IDT 2025, 116 W
Thu Aug 28 20:43:51 IDT 2025, 111 W
Thu Aug 28 20:43:52 IDT 2025, 136 W
Thu Aug 28 20:43:52 IDT 2025, 119 W
Thu Aug 28 20:43:52 IDT 2025, 115 W
Thu Aug 28 20:43:52 IDT 2025, 112 W
Thu Aug 28 20:43:52 IDT 2025, 139 W
Thu Aug 28 20:43:52 IDT 2025, 117 W
Thu Aug 28 20:43:52 IDT 2025, 119 W
Thu Aug 28 20:43:52 IDT 2025, 98 W
Thu Aug 28 20:43:53 IDT 2025, 122 W
Thu Aug 28 20:43:53 IDT 2025, 119 W
Thu Aug 28 20:43:53 IDT 2025, 115 W
Thu Aug 28 20:43:53 IDT 2025, 94 W
Thu Aug 28 20:43:53 IDT 2025, 133 W
Thu Aug 28 20:43:53 IDT 2025, 114 W
Thu Aug 28 20:43:53 IDT 2025, 120 W
Thu Aug 28 20:43:53 IDT 2025, 107 W
Thu Aug 28 20:43:54 IDT 2025, 131 W
Thu Aug 28 20:43:54 IDT 2025, 126 W
Thu Aug 28 20:43:54 IDT 2025, 116 W
Thu Aug 28 20:43:54 IDT 2025, 109 W
Thu Aug 28 20:43:54 IDT 2025, 142 W
Thu Aug 28 20:43:54 IDT 2025, 114 W
Thu Aug 28 20:43:54 IDT 2025, 118 W
Thu Aug 28 20:43:54 IDT 2025, 92 W
Thu Aug 28 20:43:55 IDT 2025, 126 W
Thu Aug 28 20:43:55 IDT 2025, 117 W
Thu Aug 28 20:43:55 IDT 2025, 98 W
Thu Aug 28 20:43:55 IDT 2025, 113 W
Thu Aug 28 20:43:55 IDT 2025, 140 W
Thu Aug 28 20:43:55 IDT 2025, 113 W
Thu Aug 28 20:43:55 IDT 2025, 112 W
Thu Aug 28 20:43:55 IDT 2025, 112 W
Thu Aug 28 20:43:56 IDT 2025, 122 W
Thu Aug 28 20:43:56 IDT 2025, 104 W
Thu Aug 28 20:43:56 IDT 2025, 117 W
Thu Aug 28 20:43:56 IDT 2025, 110 W
Thu Aug 28 20:43:56 IDT 2025, 137 W
Thu Aug 28 20:43:56 IDT 2025, 128 W
Thu Aug 28 20:43:56 IDT 2025, 129 W
Thu Aug 28 20:43:56 IDT 2025, 112 W
Thu Aug 28 20:43:57 IDT 2025, 125 W
Thu Aug 28 20:43:57 IDT 2025, 123 W
Thu Aug 28 20:43:57 IDT 2025, 117 W
Thu Aug 28 20:43:57 IDT 2025, 98 W
Thu Aug 28 20:43:57 IDT 2025, 126 W
Thu Aug 28 20:43:57 IDT 2025, 118 W
Thu Aug 28 20:43:57 IDT 2025, 118 W
Thu Aug 28 20:43:57 IDT 2025, 104 W
Thu Aug 28 20:43:58 IDT 2025, 127 W
Thu Aug 28 20:43:58 IDT 2025, 130 W
Thu Aug 28 20:43:58 IDT 2025, 93 W
Thu Aug 28 20:43:58 IDT 2025, 114 W
Thu Aug 28 20:43:58 IDT 2025, 135 W
Thu Aug 28 20:43:58 IDT 2025, 125 W
Thu Aug 28 20:43:58 IDT 2025, 129 W
Thu Aug 28 20:43:58 IDT 2025, 118 W
Thu Aug 28 20:43:59 IDT 2025, 119 W
Thu Aug 28 20:43:59 IDT 2025, 108 W
Thu Aug 28 20:43:59 IDT 2025, 104 W
Thu Aug 28 20:43:59 IDT 2025, 100 W
Thu Aug 28 20:43:59 IDT 2025, 124 W
Thu Aug 28 20:43:59 IDT 2025, 105 W
Thu Aug 28 20:43:59 IDT 2025, 108 W
Thu Aug 28 20:43:59 IDT 2025, 103 W
Thu Aug 28 20:44:00 IDT 2025, 132 W
Thu Aug 28 20:44:00 IDT 2025, 126 W
Thu Aug 28 20:44:00 IDT 2025, 110 W
Thu Aug 28 20:44:00 IDT 2025, 97 W
Thu Aug 28 20:44:00 IDT 2025, 136 W
Thu Aug 28 20:44:00 IDT 2025, 119 W
Thu Aug 28 20:44:00 IDT 2025, 120 W
Thu Aug 28 20:44:00 IDT 2025, 106 W
Thu Aug 28 20:44:01 IDT 2025, 111 W
Thu Aug 28 20:44:01 IDT 2025, 122 W
Thu Aug 28 20:44:01 IDT 2025, 120 W
Thu Aug 28 20:44:01 IDT 2025, 112 W
Thu Aug 28 20:44:01 IDT 2025, 144 W
Thu Aug 28 20:44:01 IDT 2025, 120 W
Thu Aug 28 20:44:01 IDT 2025, 118 W
Thu Aug 28 20:44:01 IDT 2025, 111 W
Thu Aug 28 20:44:02 IDT 2025, 125 W
Thu Aug 28 20:44:02 IDT 2025, 122 W
Thu Aug 28 20:44:02 IDT 2025, 104 W
Thu Aug 28 20:44:02 IDT 2025, 108 W
Thu Aug 28 20:44:02 IDT 2025, 144 W
Thu Aug 28 20:44:02 IDT 2025, 116 W
Thu Aug 28 20:44:02 IDT 2025, 120 W
Thu Aug 28 20:44:02 IDT 2025, 111 W
Thu Aug 28 20:44:03 IDT 2025, 113 W
Thu Aug 28 20:44:03 IDT 2025, 126 W
Thu Aug 28 20:44:03 IDT 2025, 112 W
Thu Aug 28 20:44:03 IDT 2025, 117 W
Thu Aug 28 20:44:03 IDT 2025, 137 W
Thu Aug 28 20:44:03 IDT 2025, 118 W
Thu Aug 28 20:44:03 IDT 2025, 124 W
Thu Aug 28 20:44:03 IDT 2025, 109 W
Thu Aug 28 20:44:04 IDT 2025, 133 W
Thu Aug 28 20:44:04 IDT 2025, 124 W
Thu Aug 28 20:44:04 IDT 2025, 115 W
Thu Aug 28 20:44:04 IDT 2025, 100 W
Thu Aug 28 20:44:04 IDT 2025, 133 W
Thu Aug 28 20:44:04 IDT 2025, 121 W
Thu Aug 28 20:44:04 IDT 2025, 105 W
Thu Aug 28 20:44:04 IDT 2025, 110 W
Thu Aug 28 20:44:05 IDT 2025, 124 W
Thu Aug 28 20:44:05 IDT 2025, 126 W
Thu Aug 28 20:44:05 IDT 2025, 108 W
Thu Aug 28 20:44:05 IDT 2025, 96 W
Thu Aug 28 20:44:05 IDT 2025, 140 W
Thu Aug 28 20:44:05 IDT 2025, 116 W
Thu Aug 28 20:44:05 IDT 2025, 122 W
Thu Aug 28 20:44:05 IDT 2025, 112 W
Thu Aug 28 20:44:06 IDT 2025, 124 W
Thu Aug 28 20:44:06 IDT 2025, 120 W
Thu Aug 28 20:44:06 IDT 2025, 104 W
Thu Aug 28 20:44:06 IDT 2025, 98 W
Thu Aug 28 20:44:06 IDT 2025, 133 W
Thu Aug 28 20:44:06 IDT 2025, 113 W
Thu Aug 28 20:44:06 IDT 2025, 112 W
Thu Aug 28 20:44:06 IDT 2025, 109 W
Thu Aug 28 20:44:07 IDT 2025, 136 W
Thu Aug 28 20:44:07 IDT 2025, 130 W
Thu Aug 28 20:44:07 IDT 2025, 110 W
Thu Aug 28 20:44:07 IDT 2025, 119 W
Thu Aug 28 20:44:07 IDT 2025, 122 W
Thu Aug 28 20:44:07 IDT 2025, 119 W
Thu Aug 28 20:44:07 IDT 2025, 127 W
Thu Aug 28 20:44:07 IDT 2025, 117 W
Thu Aug 28 20:44:08 IDT 2025, 110 W
Thu Aug 28 20:44:08 IDT 2025, 112 W
Thu Aug 28 20:44:08 IDT 2025, 107 W
Thu Aug 28 20:44:08 IDT 2025, 103 W
Thu Aug 28 20:44:08 IDT 2025, 131 W
Thu Aug 28 20:44:08 IDT 2025, 117 W
Thu Aug 28 20:44:08 IDT 2025, 112 W
Thu Aug 28 20:44:08 IDT 2025, 95 W
Thu Aug 28 20:44:09 IDT 2025, 126 W
Thu Aug 28 20:44:09 IDT 2025, 129 W
Thu Aug 28 20:44:09 IDT 2025, 111 W
Thu Aug 28 20:44:09 IDT 2025, 100 W
Thu Aug 28 20:44:09 IDT 2025, 135 W
Thu Aug 28 20:44:09 IDT 2025, 128 W
Thu Aug 28 20:44:09 IDT 2025, 122 W
Thu Aug 28 20:44:09 IDT 2025, 105 W
Thu Aug 28 20:44:10 IDT 2025, 134 W
Thu Aug 28 20:44:10 IDT 2025, 109 W
Thu Aug 28 20:44:10 IDT 2025, 116 W
Thu Aug 28 20:44:10 IDT 2025, 110 W
Thu Aug 28 20:44:10 IDT 2025, 139 W
Thu Aug 28 20:44:10 IDT 2025, 121 W
Thu Aug 28 20:44:10 IDT 2025, 121 W
Thu Aug 28 20:44:10 IDT 2025, 113 W
Thu Aug 28 20:44:11 IDT 2025, 127 W
Thu Aug 28 20:44:11 IDT 2025, 125 W
Thu Aug 28 20:44:11 IDT 2025, 117 W
Thu Aug 28 20:44:11 IDT 2025, 94 W
Thu Aug 28 20:44:11 IDT 2025, 135 W
Thu Aug 28 20:44:11 IDT 2025, 120 W
Thu Aug 28 20:44:11 IDT 2025, 128 W
Thu Aug 28 20:44:11 IDT 2025, 113 W
Thu Aug 28 20:44:12 IDT 2025, 106 W
Thu Aug 28 20:44:12 IDT 2025, 124 W
Thu Aug 28 20:44:12 IDT 2025, 111 W
Thu Aug 28 20:44:12 IDT 2025, 115 W
Thu Aug 28 20:44:12 IDT 2025, 131 W
Thu Aug 28 20:44:12 IDT 2025, 117 W
Thu Aug 28 20:44:12 IDT 2025, 119 W
Thu Aug 28 20:44:12 IDT 2025, 121 W
Thu Aug 28 20:44:13 IDT 2025, 127 W
Thu Aug 28 20:44:13 IDT 2025, 119 W
Thu Aug 28 20:44:13 IDT 2025, 110 W
Thu Aug 28 20:44:13 IDT 2025, 107 W
Thu Aug 28 20:44:13 IDT 2025, 131 W
Thu Aug 28 20:44:13 IDT 2025, 115 W
Thu Aug 28 20:44:13 IDT 2025, 113 W
Thu Aug 28 20:44:13 IDT 2025, 102 W
Thu Aug 28 20:44:14 IDT 2025, 130 W
Thu Aug 28 20:44:14 IDT 2025, 125 W
Thu Aug 28 20:44:14 IDT 2025, 113 W
Thu Aug 28 20:44:14 IDT 2025, 106 W
Thu Aug 28 20:44:14 IDT 2025, 119 W
Thu Aug 28 20:44:14 IDT 2025, 116 W
Thu Aug 28 20:44:14 IDT 2025, 115 W
Thu Aug 28 20:44:14 IDT 2025, 112 W
Thu Aug 28 20:44:15 IDT 2025, 133 W
Thu Aug 28 20:44:15 IDT 2025, 101 W
Thu Aug 28 20:44:15 IDT 2025, 117 W
Thu Aug 28 20:44:15 IDT 2025, 110 W
Thu Aug 28 20:44:15 IDT 2025, 140 W
Thu Aug 28 20:44:15 IDT 2025, 119 W
Thu Aug 28 20:44:15 IDT 2025, 122 W
Thu Aug 28 20:44:15 IDT 2025, 113 W
Thu Aug 28 20:44:16 IDT 2025, 128 W
Thu Aug 28 20:44:16 IDT 2025, 125 W
Thu Aug 28 20:44:16 IDT 2025, 93 W
Thu Aug 28 20:44:16 IDT 2025, 115 W
Thu Aug 28 20:44:16 IDT 2025, 136 W
Thu Aug 28 20:44:16 IDT 2025, 117 W
Thu Aug 28 20:44:16 IDT 2025, 118 W
Thu Aug 28 20:44:16 IDT 2025, 112 W
Thu Aug 28 20:44:17 IDT 2025, 132 W
Thu Aug 28 20:44:17 IDT 2025, 123 W
Thu Aug 28 20:44:17 IDT 2025, 111 W
Thu Aug 28 20:44:17 IDT 2025, 92 W
Thu Aug 28 20:44:17 IDT 2025, 132 W
Thu Aug 28 20:44:17 IDT 2025, 120 W
Thu Aug 28 20:44:17 IDT 2025, 117 W
Thu Aug 28 20:44:17 IDT 2025, 105 W
Thu Aug 28 20:44:18 IDT 2025, 127 W
Thu Aug 28 20:44:18 IDT 2025, 126 W
Thu Aug 28 20:44:18 IDT 2025, 98 W
Thu Aug 28 20:44:18 IDT 2025, 112 W
Thu Aug 28 20:44:18 IDT 2025, 135 W
Thu Aug 28 20:44:18 IDT 2025, 121 W
Thu Aug 28 20:44:18 IDT 2025, 122 W
Thu Aug 28 20:44:18 IDT 2025, 111 W
Thu Aug 28 20:44:19 IDT 2025, 117 W
Thu Aug 28 20:44:19 IDT 2025, 125 W
Thu Aug 28 20:44:19 IDT 2025, 105 W
Thu Aug 28 20:44:19 IDT 2025, 99 W
Thu Aug 28 20:44:19 IDT 2025, 136 W
Thu Aug 28 20:44:19 IDT 2025, 115 W
Thu Aug 28 20:44:19 IDT 2025, 122 W
Thu Aug 28 20:44:19 IDT 2025, 95 W
Thu Aug 28 20:44:20 IDT 2025, 130 W
Thu Aug 28 20:44:20 IDT 2025, 121 W
Thu Aug 28 20:44:20 IDT 2025, 103 W
Thu Aug 28 20:44:20 IDT 2025, 112 W
Thu Aug 28 20:44:20 IDT 2025, 141 W
Thu Aug 28 20:44:20 IDT 2025, 121 W
Thu Aug 28 20:44:20 IDT 2025, 119 W
Thu Aug 28 20:44:20 IDT 2025, 108 W
Thu Aug 28 20:44:21 IDT 2025, 126 W
Thu Aug 28 20:44:21 IDT 2025, 123 W
Thu Aug 28 20:44:21 IDT 2025, 111 W
Thu Aug 28 20:44:21 IDT 2025, 111 W
Thu Aug 28 20:44:21 IDT 2025, 136 W
Thu Aug 28 20:44:21 IDT 2025, 120 W
Thu Aug 28 20:44:21 IDT 2025, 101 W
Thu Aug 28 20:44:21 IDT 2025, 110 W
Thu Aug 28 20:44:22 IDT 2025, 117 W
Thu Aug 28 20:44:22 IDT 2025, 128 W
Thu Aug 28 20:44:22 IDT 2025, 107 W
Thu Aug 28 20:44:22 IDT 2025, 121 W
Thu Aug 28 20:44:22 IDT 2025, 129 W
Thu Aug 28 20:44:22 IDT 2025, 120 W
Thu Aug 28 20:44:22 IDT 2025, 110 W
Thu Aug 28 20:44:22 IDT 2025, 104 W
Thu Aug 28 20:44:23 IDT 2025, 124 W
Thu Aug 28 20:44:23 IDT 2025, 121 W
Thu Aug 28 20:44:23 IDT 2025, 93 W
Thu Aug 28 20:44:23 IDT 2025, 122 W
Thu Aug 28 20:44:23 IDT 2025, 133 W
Thu Aug 28 20:44:23 IDT 2025, 115 W
Thu Aug 28 20:44:23 IDT 2025, 118 W
Thu Aug 28 20:44:23 IDT 2025, 119 W
Thu Aug 28 20:44:24 IDT 2025, 131 W
Thu Aug 28 20:44:24 IDT 2025, 119 W
Thu Aug 28 20:44:24 IDT 2025, 108 W
Thu Aug 28 20:44:24 IDT 2025, 109 W
Thu Aug 28 20:44:24 IDT 2025, 132 W
Thu Aug 28 20:44:24 IDT 2025, 116 W
Thu Aug 28 20:44:24 IDT 2025, 108 W
Thu Aug 28 20:44:24 IDT 2025, 112 W
Thu Aug 28 20:44:25 IDT 2025, 125 W
Thu Aug 28 20:44:25 IDT 2025, 130 W
Thu Aug 28 20:44:25 IDT 2025, 99 W
Thu Aug 28 20:44:25 IDT 2025, 112 W
Thu Aug 28 20:44:25 IDT 2025, 133 W
Thu Aug 28 20:44:25 IDT 2025, 124 W
Thu Aug 28 20:44:25 IDT 2025, 115 W
Thu Aug 28 20:44:25 IDT 2025, 110 W
Thu Aug 28 20:44:26 IDT 2025, 131 W
Thu Aug 28 20:44:26 IDT 2025, 128 W
Thu Aug 28 20:44:26 IDT 2025, 109 W
Thu Aug 28 20:44:26 IDT 2025, 119 W
Thu Aug 28 20:44:26 IDT 2025, 121 W
Thu Aug 28 20:44:26 IDT 2025, 125 W
Thu Aug 28 20:44:26 IDT 2025, 116 W
Thu Aug 28 20:44:26 IDT 2025, 113 W
Thu Aug 28 20:44:27 IDT 2025, 110 W
Thu Aug 28 20:44:27 IDT 2025, 111 W
Thu Aug 28 20:44:27 IDT 2025, 109 W
Thu Aug 28 20:44:27 IDT 2025, 110 W
Thu Aug 28 20:44:27 IDT 2025, 134 W
Thu Aug 28 20:44:27 IDT 2025, 120 W
Thu Aug 28 20:44:27 IDT 2025, 114 W
Thu Aug 28 20:44:27 IDT 2025, 115 W
Thu Aug 28 20:44:28 IDT 2025, 126 W
Thu Aug 28 20:44:28 IDT 2025, 103 W
Thu Aug 28 20:44:28 IDT 2025, 113 W
Thu Aug 28 20:44:28 IDT 2025, 113 W
Thu Aug 28 20:44:28 IDT 2025, 136 W
Thu Aug 28 20:44:28 IDT 2025, 120 W
Thu Aug 28 20:44:28 IDT 2025, 121 W
Thu Aug 28 20:44:28 IDT 2025, 112 W
Thu Aug 28 20:44:29 IDT 2025, 129 W
Thu Aug 28 20:44:29 IDT 2025, 124 W
Thu Aug 28 20:44:29 IDT 2025, 110 W
Thu Aug 28 20:44:29 IDT 2025, 116 W
Thu Aug 28 20:44:29 IDT 2025, 120 W
Thu Aug 28 20:44:29 IDT 2025, 123 W
Thu Aug 28 20:44:29 IDT 2025, 127 W
Thu Aug 28 20:44:29 IDT 2025, 107 W
Thu Aug 28 20:44:30 IDT 2025, 133 W
Thu Aug 28 20:44:30 IDT 2025, 132 W
Thu Aug 28 20:44:30 IDT 2025, 108 W
Thu Aug 28 20:44:30 IDT 2025, 95 W
Thu Aug 28 20:44:30 IDT 2025, 132 W
Thu Aug 28 20:44:30 IDT 2025, 128 W
Thu Aug 28 20:44:30 IDT 2025, 120 W
Thu Aug 28 20:44:30 IDT 2025, 118 W
Thu Aug 28 20:44:31 IDT 2025, 126 W
Thu Aug 28 20:44:31 IDT 2025, 129 W
Thu Aug 28 20:44:31 IDT 2025, 114 W
Thu Aug 28 20:44:31 IDT 2025, 115 W
Thu Aug 28 20:44:31 IDT 2025, 122 W
Thu Aug 28 20:44:31 IDT 2025, 123 W
Thu Aug 28 20:44:31 IDT 2025, 129 W
Thu Aug 28 20:44:31 IDT 2025, 109 W
Thu Aug 28 20:44:32 IDT 2025, 126 W
Thu Aug 28 20:44:32 IDT 2025, 104 W
Thu Aug 28 20:44:32 IDT 2025, 115 W
Thu Aug 28 20:44:32 IDT 2025, 107 W
Thu Aug 28 20:44:32 IDT 2025, 131 W
Thu Aug 28 20:44:32 IDT 2025, 123 W
Thu Aug 28 20:44:32 IDT 2025, 118 W
Thu Aug 28 20:44:32 IDT 2025, 112 W
Thu Aug 28 20:44:33 IDT 2025, 126 W
Thu Aug 28 20:44:33 IDT 2025, 121 W
Thu Aug 28 20:44:33 IDT 2025, 120 W
Thu Aug 28 20:44:33 IDT 2025, 96 W
Thu Aug 28 20:44:33 IDT 2025, 139 W
Thu Aug 28 20:44:33 IDT 2025, 122 W
Thu Aug 28 20:44:33 IDT 2025, 124 W
Thu Aug 28 20:44:33 IDT 2025, 112 W
Thu Aug 28 20:44:34 IDT 2025, 126 W
Thu Aug 28 20:44:34 IDT 2025, 113 W
Thu Aug 28 20:44:34 IDT 2025, 100 W
Thu Aug 28 20:44:34 IDT 2025, 107 W
Thu Aug 28 20:44:34 IDT 2025, 122 W
Thu Aug 28 20:44:34 IDT 2025, 107 W
Thu Aug 28 20:44:34 IDT 2025, 116 W
Thu Aug 28 20:44:34 IDT 2025, 116 W
Thu Aug 28 20:44:35 IDT 2025, 127 W
Thu Aug 28 20:44:35 IDT 2025, 125 W
Thu Aug 28 20:44:35 IDT 2025, 97 W
Thu Aug 28 20:44:35 IDT 2025, 113 W
Thu Aug 28 20:44:35 IDT 2025, 135 W
Thu Aug 28 20:44:35 IDT 2025, 119 W
Thu Aug 28 20:44:35 IDT 2025, 115 W
Thu Aug 28 20:44:35 IDT 2025, 97 W
Thu Aug 28 20:44:36 IDT 2025, 110 W
Thu Aug 28 20:44:36 IDT 2025, 129 W
Thu Aug 28 20:44:36 IDT 2025, 118 W
Thu Aug 28 20:44:36 IDT 2025, 114 W
Thu Aug 28 20:44:36 IDT 2025, 142 W
Thu Aug 28 20:44:36 IDT 2025, 121 W
Thu Aug 28 20:44:36 IDT 2025, 128 W
Thu Aug 28 20:44:36 IDT 2025, 112 W
Thu Aug 28 20:44:37 IDT 2025, 130 W
Thu Aug 28 20:44:37 IDT 2025, 123 W
Thu Aug 28 20:44:37 IDT 2025, 107 W
Thu Aug 28 20:44:37 IDT 2025, 106 W
Thu Aug 28 20:44:37 IDT 2025, 123 W
Thu Aug 28 20:44:37 IDT 2025, 113 W
Thu Aug 28 20:44:37 IDT 2025, 114 W
Thu Aug 28 20:44:37 IDT 2025, 107 W
Thu Aug 28 20:44:38 IDT 2025, 128 W
Thu Aug 28 20:44:38 IDT 2025, 110 W
Thu Aug 28 20:44:38 IDT 2025, 117 W
Thu Aug 28 20:44:38 IDT 2025, 116 W
Thu Aug 28 20:44:38 IDT 2025, 135 W
Thu Aug 28 20:44:38 IDT 2025, 117 W
Thu Aug 28 20:44:38 IDT 2025, 121 W
Thu Aug 28 20:44:38 IDT 2025, 116 W
Thu Aug 28 20:44:39 IDT 2025, 114 W
Thu Aug 28 20:44:39 IDT 2025, 112 W
Thu Aug 28 20:44:39 IDT 2025, 110 W
Thu Aug 28 20:44:39 IDT 2025, 115 W
Thu Aug 28 20:44:39 IDT 2025, 130 W
Thu Aug 28 20:44:39 IDT 2025, 112 W
Thu Aug 28 20:44:39 IDT 2025, 120 W
Thu Aug 28 20:44:39 IDT 2025, 107 W
Thu Aug 28 20:44:40 IDT 2025, 132 W
Thu Aug 28 20:44:40 IDT 2025, 106 W
Thu Aug 28 20:44:40 IDT 2025, 113 W
Thu Aug 28 20:44:40 IDT 2025, 106 W
Thu Aug 28 20:44:40 IDT 2025, 140 W
Thu Aug 28 20:44:40 IDT 2025, 122 W
Thu Aug 28 20:44:40 IDT 2025, 114 W
Thu Aug 28 20:44:40 IDT 2025, 111 W
Thu Aug 28 20:44:41 IDT 2025, 128 W
Thu Aug 28 20:44:41 IDT 2025, 125 W
Thu Aug 28 20:44:41 IDT 2025, 114 W
Thu Aug 28 20:44:41 IDT 2025, 94 W
Thu Aug 28 20:44:41 IDT 2025, 135 W
Thu Aug 28 20:44:41 IDT 2025, 122 W
Thu Aug 28 20:44:41 IDT 2025, 126 W
Thu Aug 28 20:44:41 IDT 2025, 112 W
Thu Aug 28 20:44:42 IDT 2025, 125 W
Thu Aug 28 20:44:42 IDT 2025, 127 W
Thu Aug 28 20:44:42 IDT 2025, 100 W
Thu Aug 28 20:44:42 IDT 2025, 118 W
Thu Aug 28 20:44:42 IDT 2025, 142 W
Thu Aug 28 20:44:42 IDT 2025, 121 W
Thu Aug 28 20:44:42 IDT 2025, 112 W
Thu Aug 28 20:44:42 IDT 2025, 114 W
Thu Aug 28 20:44:43 IDT 2025, 124 W
Thu Aug 28 20:44:43 IDT 2025, 123 W
Thu Aug 28 20:44:43 IDT 2025, 111 W
Thu Aug 28 20:44:43 IDT 2025, 101 W
Thu Aug 28 20:44:43 IDT 2025, 118 W
Thu Aug 28 20:44:43 IDT 2025, 122 W
Thu Aug 28 20:44:43 IDT 2025, 124 W
Thu Aug 28 20:44:43 IDT 2025, 102 W
Thu Aug 28 20:44:44 IDT 2025, 129 W
Thu Aug 28 20:44:44 IDT 2025, 122 W
Thu Aug 28 20:44:44 IDT 2025, 111 W
Thu Aug 28 20:44:44 IDT 2025, 109 W
Thu Aug 28 20:44:44 IDT 2025, 134 W
Thu Aug 28 20:44:44 IDT 2025, 106 W
Thu Aug 28 20:44:44 IDT 2025, 116 W
Thu Aug 28 20:44:44 IDT 2025, 114 W
Thu Aug 28 20:44:45 IDT 2025, 135 W
Thu Aug 28 20:44:45 IDT 2025, 127 W
Thu Aug 28 20:44:45 IDT 2025, 114 W
Thu Aug 28 20:44:45 IDT 2025, 111 W
Thu Aug 28 20:44:45 IDT 2025, 145 W
Thu Aug 28 20:44:45 IDT 2025, 121 W
Thu Aug 28 20:44:45 IDT 2025, 124 W
Thu Aug 28 20:44:45 IDT 2025, 97 W
Thu Aug 28 20:44:46 IDT 2025, 123 W
Thu Aug 28 20:44:46 IDT 2025, 119 W
Thu Aug 28 20:44:46 IDT 2025, 103 W
Thu Aug 28 20:44:46 IDT 2025, 103 W
Thu Aug 28 20:44:46 IDT 2025, 134 W
Thu Aug 28 20:44:46 IDT 2025, 126 W
Thu Aug 28 20:44:46 IDT 2025, 122 W
Thu Aug 28 20:44:46 IDT 2025, 108 W
Thu Aug 28 20:44:47 IDT 2025, 127 W
Thu Aug 28 20:44:47 IDT 2025, 119 W
Thu Aug 28 20:44:47 IDT 2025, 112 W
Thu Aug 28 20:44:47 IDT 2025, 112 W
Thu Aug 28 20:44:47 IDT 2025, 120 W
Thu Aug 28 20:44:47 IDT 2025, 119 W
Thu Aug 28 20:44:47 IDT 2025, 118 W
Thu Aug 28 20:44:47 IDT 2025, 114 W
Thu Aug 28 20:44:48 IDT 2025, 109 W
Thu Aug 28 20:44:48 IDT 2025, 125 W
Thu Aug 28 20:44:48 IDT 2025, 114 W
Thu Aug 28 20:44:48 IDT 2025, 111 W
Thu Aug 28 20:44:48 IDT 2025, 139 W
Thu Aug 28 20:44:48 IDT 2025, 123 W
Thu Aug 28 20:44:48 IDT 2025, 121 W
Thu Aug 28 20:44:48 IDT 2025, 109 W
Thu Aug 28 20:44:49 IDT 2025, 121 W
Thu Aug 28 20:44:49 IDT 2025, 113 W
Thu Aug 28 20:44:49 IDT 2025, 110 W
Thu Aug 28 20:44:49 IDT 2025, 110 W
Thu Aug 28 20:44:49 IDT 2025, 143 W
Thu Aug 28 20:44:49 IDT 2025, 120 W
Thu Aug 28 20:44:49 IDT 2025, 121 W
Thu Aug 28 20:44:49 IDT 2025, 117 W
Thu Aug 28 20:44:50 IDT 2025, 112 W
Thu Aug 28 20:44:50 IDT 2025, 122 W
Thu Aug 28 20:44:50 IDT 2025, 110 W
Thu Aug 28 20:44:50 IDT 2025, 112 W
Thu Aug 28 20:44:50 IDT 2025, 135 W
Thu Aug 28 20:44:50 IDT 2025, 122 W
Thu Aug 28 20:44:50 IDT 2025, 126 W
Thu Aug 28 20:44:50 IDT 2025, 108 W
Thu Aug 28 20:44:51 IDT 2025, 127 W
Thu Aug 28 20:44:51 IDT 2025, 103 W
Thu Aug 28 20:44:51 IDT 2025, 102 W
Thu Aug 28 20:44:51 IDT 2025, 112 W
Thu Aug 28 20:44:51 IDT 2025, 138 W
Thu Aug 28 20:44:51 IDT 2025, 118 W
Thu Aug 28 20:44:51 IDT 2025, 116 W
Thu Aug 28 20:44:51 IDT 2025, 108 W
Thu Aug 28 20:44:52 IDT 2025, 134 W
Thu Aug 28 20:44:52 IDT 2025, 122 W
Thu Aug 28 20:44:52 IDT 2025, 120 W
Thu Aug 28 20:44:52 IDT 2025, 109 W
Thu Aug 28 20:44:52 IDT 2025, 140 W
Thu Aug 28 20:44:52 IDT 2025, 116 W
Thu Aug 28 20:44:52 IDT 2025, 126 W
Thu Aug 28 20:44:52 IDT 2025, 92 W
Thu Aug 28 20:44:53 IDT 2025, 117 W
Thu Aug 28 20:44:53 IDT 2025, 125 W
Thu Aug 28 20:44:53 IDT 2025, 106 W
Thu Aug 28 20:44:53 IDT 2025, 102 W
Thu Aug 28 20:44:53 IDT 2025, 125 W
Thu Aug 28 20:44:53 IDT 2025, 110 W
Thu Aug 28 20:44:53 IDT 2025, 112 W
Thu Aug 28 20:44:53 IDT 2025, 102 W
Thu Aug 28 20:44:54 IDT 2025, 133 W
Thu Aug 28 20:44:54 IDT 2025, 132 W
Thu Aug 28 20:44:54 IDT 2025, 108 W
Thu Aug 28 20:44:54 IDT 2025, 110 W
Thu Aug 28 20:44:54 IDT 2025, 124 W
Thu Aug 28 20:44:54 IDT 2025, 119 W
Thu Aug 28 20:44:54 IDT 2025, 120 W
Thu Aug 28 20:44:54 IDT 2025, 113 W
Thu Aug 28 20:44:55 IDT 2025, 128 W
Thu Aug 28 20:44:55 IDT 2025, 128 W
Thu Aug 28 20:44:55 IDT 2025, 107 W
Thu Aug 28 20:44:55 IDT 2025, 112 W
Thu Aug 28 20:44:55 IDT 2025, 141 W
Thu Aug 28 20:44:55 IDT 2025, 123 W
Thu Aug 28 20:44:55 IDT 2025, 106 W
Thu Aug 28 20:44:55 IDT 2025, 113 W
Thu Aug 28 20:44:56 IDT 2025, 124 W
Thu Aug 28 20:44:56 IDT 2025, 120 W
Thu Aug 28 20:44:56 IDT 2025, 120 W
Thu Aug 28 20:44:56 IDT 2025, 115 W
Thu Aug 28 20:44:56 IDT 2025, 124 W
Thu Aug 28 20:44:56 IDT 2025, 121 W
Thu Aug 28 20:44:56 IDT 2025, 114 W
Thu Aug 28 20:44:56 IDT 2025, 110 W
Thu Aug 28 20:44:57 IDT 2025, 127 W
Thu Aug 28 20:44:57 IDT 2025, 125 W
Thu Aug 28 20:44:57 IDT 2025, 116 W
Thu Aug 28 20:44:57 IDT 2025, 114 W
Thu Aug 28 20:44:57 IDT 2025, 138 W
Thu Aug 28 20:44:57 IDT 2025, 116 W
Thu Aug 28 20:44:57 IDT 2025, 107 W
Thu Aug 28 20:44:57 IDT 2025, 106 W
Thu Aug 28 20:44:58 IDT 2025, 119 W
Thu Aug 28 20:44:58 IDT 2025, 114 W
Thu Aug 28 20:44:58 IDT 2025, 105 W
Thu Aug 28 20:44:58 IDT 2025, 96 W
Thu Aug 28 20:44:58 IDT 2025, 126 W
Thu Aug 28 20:44:58 IDT 2025, 114 W
Thu Aug 28 20:44:58 IDT 2025, 106 W
Thu Aug 28 20:44:58 IDT 2025, 105 W
Thu Aug 28 20:44:59 IDT 2025, 120 W
Thu Aug 28 20:44:59 IDT 2025, 121 W
Thu Aug 28 20:44:59 IDT 2025, 110 W
Thu Aug 28 20:44:59 IDT 2025, 107 W
Thu Aug 28 20:44:59 IDT 2025, 132 W
Thu Aug 28 20:44:59 IDT 2025, 115 W
Thu Aug 28 20:44:59 IDT 2025, 107 W
Thu Aug 28 20:44:59 IDT 2025, 105 W
Thu Aug 28 20:45:00 IDT 2025, 131 W
Thu Aug 28 20:45:00 IDT 2025, 120 W
Thu Aug 28 20:45:00 IDT 2025, 116 W
Thu Aug 28 20:45:00 IDT 2025, 93 W
Thu Aug 28 20:45:00 IDT 2025, 141 W
Thu Aug 28 20:45:00 IDT 2025, 122 W
Thu Aug 28 20:45:00 IDT 2025, 124 W
Thu Aug 28 20:45:00 IDT 2025, 116 W
Thu Aug 28 20:45:01 IDT 2025, 126 W
Thu Aug 28 20:45:01 IDT 2025, 128 W
Thu Aug 28 20:45:01 IDT 2025, 111 W
Thu Aug 28 20:45:01 IDT 2025, 118 W
Thu Aug 28 20:45:01 IDT 2025, 140 W
Thu Aug 28 20:45:01 IDT 2025, 114 W
Thu Aug 28 20:45:01 IDT 2025, 121 W
Thu Aug 28 20:45:01 IDT 2025, 94 W
Thu Aug 28 20:45:02 IDT 2025, 137 W
Thu Aug 28 20:45:02 IDT 2025, 132 W
Thu Aug 28 20:45:02 IDT 2025, 117 W
Thu Aug 28 20:45:02 IDT 2025, 114 W
Thu Aug 28 20:45:02 IDT 2025, 120 W
Thu Aug 28 20:45:02 IDT 2025, 119 W
Thu Aug 28 20:45:02 IDT 2025, 129 W
Thu Aug 28 20:45:02 IDT 2025, 111 W
Thu Aug 28 20:45:03 IDT 2025, 136 W
Thu Aug 28 20:45:03 IDT 2025, 126 W
Thu Aug 28 20:45:03 IDT 2025, 101 W
Thu Aug 28 20:45:03 IDT 2025, 115 W
Thu Aug 28 20:45:03 IDT 2025, 137 W
Thu Aug 28 20:45:03 IDT 2025, 125 W
Thu Aug 28 20:45:03 IDT 2025, 119 W
Thu Aug 28 20:45:03 IDT 2025, 113 W
Thu Aug 28 20:45:04 IDT 2025, 116 W
Thu Aug 28 20:45:04 IDT 2025, 118 W
Thu Aug 28 20:45:04 IDT 2025, 103 W
Thu Aug 28 20:45:04 IDT 2025, 97 W
Thu Aug 28 20:45:04 IDT 2025, 120 W
Thu Aug 28 20:45:04 IDT 2025, 110 W
Thu Aug 28 20:45:04 IDT 2025, 108 W
Thu Aug 28 20:45:04 IDT 2025, 91 W
Thu Aug 28 20:45:05 IDT 2025, 129 W
Thu Aug 28 20:45:05 IDT 2025, 124 W
Thu Aug 28 20:45:05 IDT 2025, 99 W
Thu Aug 28 20:45:05 IDT 2025, 112 W
Thu Aug 28 20:45:05 IDT 2025, 137 W
Thu Aug 28 20:45:05 IDT 2025, 118 W
Thu Aug 28 20:45:05 IDT 2025, 121 W
Thu Aug 28 20:45:05 IDT 2025, 115 W
Thu Aug 28 20:45:06 IDT 2025, 133 W
Thu Aug 28 20:45:06 IDT 2025, 102 W
Thu Aug 28 20:45:06 IDT 2025, 113 W
Thu Aug 28 20:45:06 IDT 2025, 110 W
Thu Aug 28 20:45:06 IDT 2025, 137 W
Thu Aug 28 20:45:06 IDT 2025, 121 W
Thu Aug 28 20:45:06 IDT 2025, 119 W
Thu Aug 28 20:45:06 IDT 2025, 109 W
Thu Aug 28 20:45:07 IDT 2025, 122 W
Thu Aug 28 20:45:07 IDT 2025, 118 W
Thu Aug 28 20:45:07 IDT 2025, 109 W
Thu Aug 28 20:45:07 IDT 2025, 121 W
Thu Aug 28 20:45:07 IDT 2025, 124 W
Thu Aug 28 20:45:07 IDT 2025, 111 W
Thu Aug 28 20:45:07 IDT 2025, 118 W
Thu Aug 28 20:45:07 IDT 2025, 110 W
Thu Aug 28 20:45:08 IDT 2025, 131 W
Thu Aug 28 20:45:08 IDT 2025, 125 W
Thu Aug 28 20:45:08 IDT 2025, 115 W
Thu Aug 28 20:45:08 IDT 2025, 110 W
Thu Aug 28 20:45:08 IDT 2025, 135 W
Thu Aug 28 20:45:08 IDT 2025, 118 W
Thu Aug 28 20:45:08 IDT 2025, 120 W
Thu Aug 28 20:45:08 IDT 2025, 88 W
Thu Aug 28 20:45:09 IDT 2025, 130 W
Thu Aug 28 20:45:09 IDT 2025, 124 W
Thu Aug 28 20:45:09 IDT 2025, 116 W
Thu Aug 28 20:45:09 IDT 2025, 108 W
Thu Aug 28 20:45:09 IDT 2025, 137 W
Thu Aug 28 20:45:09 IDT 2025, 117 W
Thu Aug 28 20:45:09 IDT 2025, 120 W
Thu Aug 28 20:45:09 IDT 2025, 95 W
Thu Aug 28 20:45:10 IDT 2025, 127 W
Thu Aug 28 20:45:10 IDT 2025, 126 W
Thu Aug 28 20:45:10 IDT 2025, 107 W
Thu Aug 28 20:45:10 IDT 2025, 109 W
Thu Aug 28 20:45:10 IDT 2025, 134 W
Thu Aug 28 20:45:10 IDT 2025, 122 W
Thu Aug 28 20:45:10 IDT 2025, 121 W
Thu Aug 28 20:45:10 IDT 2025, 102 W
Thu Aug 28 20:45:11 IDT 2025, 132 W
Thu Aug 28 20:45:11 IDT 2025, 125 W
Thu Aug 28 20:45:11 IDT 2025, 109 W
Thu Aug 28 20:45:11 IDT 2025, 105 W
Thu Aug 28 20:45:11 IDT 2025, 137 W
Thu Aug 28 20:45:11 IDT 2025, 110 W
Thu Aug 28 20:45:11 IDT 2025, 122 W
Thu Aug 28 20:45:11 IDT 2025, 119 W
Thu Aug 28 20:45:12 IDT 2025, 120 W
Thu Aug 28 20:45:12 IDT 2025, 119 W
Thu Aug 28 20:45:12 IDT 2025, 110 W
Thu Aug 28 20:45:12 IDT 2025, 96 W
Thu Aug 28 20:45:12 IDT 2025, 121 W
Thu Aug 28 20:45:12 IDT 2025, 115 W
Thu Aug 28 20:45:12 IDT 2025, 112 W
Thu Aug 28 20:45:12 IDT 2025, 105 W
Thu Aug 28 20:45:13 IDT 2025, 129 W
Thu Aug 28 20:45:13 IDT 2025, 114 W
Thu Aug 28 20:45:13 IDT 2025, 109 W
Thu Aug 28 20:45:13 IDT 2025, 119 W
Thu Aug 28 20:45:13 IDT 2025, 131 W
Thu Aug 28 20:45:13 IDT 2025, 130 W
Thu Aug 28 20:45:13 IDT 2025, 119 W
Thu Aug 28 20:45:13 IDT 2025, 119 W
Thu Aug 28 20:45:14 IDT 2025, 131 W
Thu Aug 28 20:45:14 IDT 2025, 122 W
Thu Aug 28 20:45:14 IDT 2025, 101 W
Thu Aug 28 20:45:14 IDT 2025, 108 W
Thu Aug 28 20:45:14 IDT 2025, 137 W
Thu Aug 28 20:45:14 IDT 2025, 121 W
Thu Aug 28 20:45:14 IDT 2025, 121 W
Thu Aug 28 20:45:14 IDT 2025, 112 W
Thu Aug 28 20:45:15 IDT 2025, 127 W
Thu Aug 28 20:45:15 IDT 2025, 126 W
Thu Aug 28 20:45:15 IDT 2025, 98 W
Thu Aug 28 20:45:15 IDT 2025, 107 W
Thu Aug 28 20:45:15 IDT 2025, 136 W
Thu Aug 28 20:45:15 IDT 2025, 117 W
Thu Aug 28 20:45:15 IDT 2025, 122 W
Thu Aug 28 20:45:15 IDT 2025, 113 W
Thu Aug 28 20:45:16 IDT 2025, 103 W
Thu Aug 28 20:45:16 IDT 2025, 131 W
Thu Aug 28 20:45:16 IDT 2025, 111 W
Thu Aug 28 20:45:16 IDT 2025, 107 W
Thu Aug 28 20:45:16 IDT 2025, 140 W
Thu Aug 28 20:45:16 IDT 2025, 125 W
Thu Aug 28 20:45:16 IDT 2025, 128 W
Thu Aug 28 20:45:16 IDT 2025, 110 W
Thu Aug 28 20:45:17 IDT 2025, 128 W
Thu Aug 28 20:45:17 IDT 2025, 122 W
Thu Aug 28 20:45:17 IDT 2025, 100 W
Thu Aug 28 20:45:17 IDT 2025, 119 W
Thu Aug 28 20:45:17 IDT 2025, 128 W
Thu Aug 28 20:45:17 IDT 2025, 121 W
Thu Aug 28 20:45:17 IDT 2025, 115 W
Thu Aug 28 20:45:17 IDT 2025, 108 W
Thu Aug 28 20:45:18 IDT 2025, 127 W
Thu Aug 28 20:45:18 IDT 2025, 130 W
Thu Aug 28 20:45:18 IDT 2025, 97 W
Thu Aug 28 20:45:18 IDT 2025, 96 W
Thu Aug 28 20:45:18 IDT 2025, 139 W
Thu Aug 28 20:45:18 IDT 2025, 117 W
Thu Aug 28 20:45:18 IDT 2025, 122 W
Thu Aug 28 20:45:18 IDT 2025, 114 W
Thu Aug 28 20:45:19 IDT 2025, 126 W
Thu Aug 28 20:45:19 IDT 2025, 131 W
Thu Aug 28 20:45:19 IDT 2025, 99 W
Thu Aug 28 20:45:19 IDT 2025, 115 W
Thu Aug 28 20:45:19 IDT 2025, 142 W
Thu Aug 28 20:45:19 IDT 2025, 120 W
Thu Aug 28 20:45:19 IDT 2025, 128 W
Thu Aug 28 20:45:19 IDT 2025, 112 W
Thu Aug 28 20:45:20 IDT 2025, 127 W
Thu Aug 28 20:45:20 IDT 2025, 125 W
Thu Aug 28 20:45:20 IDT 2025, 101 W
Thu Aug 28 20:45:20 IDT 2025, 109 W
Thu Aug 28 20:45:20 IDT 2025, 133 W
Thu Aug 28 20:45:20 IDT 2025, 127 W
Thu Aug 28 20:45:20 IDT 2025, 117 W
Thu Aug 28 20:45:20 IDT 2025, 105 W
Thu Aug 28 20:45:21 IDT 2025, 129 W
Thu Aug 28 20:45:21 IDT 2025, 125 W
Thu Aug 28 20:45:21 IDT 2025, 94 W
Thu Aug 28 20:45:21 IDT 2025, 115 W
Thu Aug 28 20:45:21 IDT 2025, 139 W
Thu Aug 28 20:45:21 IDT 2025, 123 W
Thu Aug 28 20:45:21 IDT 2025, 117 W
Thu Aug 28 20:45:21 IDT 2025, 115 W
Thu Aug 28 20:45:22 IDT 2025, 127 W
Thu Aug 28 20:45:22 IDT 2025, 121 W
Thu Aug 28 20:45:22 IDT 2025, 113 W
Thu Aug 28 20:45:22 IDT 2025, 115 W
Thu Aug 28 20:45:22 IDT 2025, 117 W
Thu Aug 28 20:45:22 IDT 2025, 119 W
Thu Aug 28 20:45:22 IDT 2025, 121 W
Thu Aug 28 20:45:22 IDT 2025, 117 W
Thu Aug 28 20:45:23 IDT 2025, 134 W
Thu Aug 28 20:45:23 IDT 2025, 121 W
Thu Aug 28 20:45:23 IDT 2025, 113 W
Thu Aug 28 20:45:23 IDT 2025, 110 W
Thu Aug 28 20:45:23 IDT 2025, 119 W
Thu Aug 28 20:45:23 IDT 2025, 114 W
Thu Aug 28 20:45:23 IDT 2025, 125 W
Thu Aug 28 20:45:23 IDT 2025, 115 W
Thu Aug 28 20:45:24 IDT 2025, 133 W
Thu Aug 28 20:45:24 IDT 2025, 127 W
Thu Aug 28 20:45:24 IDT 2025, 94 W
Thu Aug 28 20:45:24 IDT 2025, 109 W
Thu Aug 28 20:45:24 IDT 2025, 135 W
Thu Aug 28 20:45:24 IDT 2025, 122 W
Thu Aug 28 20:45:24 IDT 2025, 124 W
Thu Aug 28 20:45:24 IDT 2025, 110 W
Thu Aug 28 20:45:25 IDT 2025, 112 W
Thu Aug 28 20:45:25 IDT 2025, 125 W
Thu Aug 28 20:45:25 IDT 2025, 112 W
Thu Aug 28 20:45:25 IDT 2025, 113 W
Thu Aug 28 20:45:25 IDT 2025, 130 W
Thu Aug 28 20:45:25 IDT 2025, 109 W
Thu Aug 28 20:45:25 IDT 2025, 104 W
Thu Aug 28 20:45:25 IDT 2025, 112 W
Thu Aug 28 20:45:26 IDT 2025, 113 W
Thu Aug 28 20:45:26 IDT 2025, 133 W
Thu Aug 28 20:45:26 IDT 2025, 117 W
Thu Aug 28 20:45:26 IDT 2025, 112 W
Thu Aug 28 20:45:26 IDT 2025, 140 W
Thu Aug 28 20:45:26 IDT 2025, 114 W
Thu Aug 28 20:45:26 IDT 2025, 127 W
Thu Aug 28 20:45:26 IDT 2025, 119 W
Thu Aug 28 20:45:27 IDT 2025, 127 W
Thu Aug 28 20:45:27 IDT 2025, 121 W
Thu Aug 28 20:45:27 IDT 2025, 108 W
Thu Aug 28 20:45:27 IDT 2025, 110 W
Thu Aug 28 20:45:27 IDT 2025, 143 W
Thu Aug 28 20:45:27 IDT 2025, 125 W
Thu Aug 28 20:45:27 IDT 2025, 119 W
Thu Aug 28 20:45:27 IDT 2025, 103 W
Thu Aug 28 20:45:28 IDT 2025, 132 W
Thu Aug 28 20:45:28 IDT 2025, 123 W
Thu Aug 28 20:45:28 IDT 2025, 105 W
Thu Aug 28 20:45:28 IDT 2025, 110 W
Thu Aug 28 20:45:28 IDT 2025, 131 W
Thu Aug 28 20:45:28 IDT 2025, 103 W
Thu Aug 28 20:45:28 IDT 2025, 117 W
Thu Aug 28 20:45:28 IDT 2025, 106 W
Thu Aug 28 20:45:29 IDT 2025, 130 W
Thu Aug 28 20:45:29 IDT 2025, 105 W
Thu Aug 28 20:45:29 IDT 2025, 111 W
Thu Aug 28 20:45:29 IDT 2025, 111 W
Thu Aug 28 20:45:29 IDT 2025, 145 W
Thu Aug 28 20:45:29 IDT 2025, 117 W
Thu Aug 28 20:45:29 IDT 2025, 124 W
Thu Aug 28 20:45:29 IDT 2025, 110 W
Thu Aug 28 20:45:30 IDT 2025, 125 W
Thu Aug 28 20:45:30 IDT 2025, 122 W
Thu Aug 28 20:45:30 IDT 2025, 113 W
Thu Aug 28 20:45:30 IDT 2025, 112 W
Thu Aug 28 20:45:30 IDT 2025, 137 W
Thu Aug 28 20:45:30 IDT 2025, 114 W
Thu Aug 28 20:45:30 IDT 2025, 111 W
Thu Aug 28 20:45:30 IDT 2025, 114 W
Thu Aug 28 20:45:31 IDT 2025, 129 W
Thu Aug 28 20:45:31 IDT 2025, 107 W
Thu Aug 28 20:45:31 IDT 2025, 120 W
Thu Aug 28 20:45:31 IDT 2025, 112 W
Thu Aug 28 20:45:31 IDT 2025, 139 W
Thu Aug 28 20:45:31 IDT 2025, 102 W
Thu Aug 28 20:45:31 IDT 2025, 123 W
Thu Aug 28 20:45:31 IDT 2025, 117 W
Thu Aug 28 20:45:32 IDT 2025, 114 W
Thu Aug 28 20:45:32 IDT 2025, 124 W
Thu Aug 28 20:45:32 IDT 2025, 98 W
Thu Aug 28 20:45:32 IDT 2025, 101 W
Thu Aug 28 20:45:32 IDT 2025, 128 W
Thu Aug 28 20:45:32 IDT 2025, 110 W
Thu Aug 28 20:45:32 IDT 2025, 116 W
Thu Aug 28 20:45:32 IDT 2025, 104 W
Thu Aug 28 20:45:33 IDT 2025, 123 W
Thu Aug 28 20:45:33 IDT 2025, 117 W
Thu Aug 28 20:45:33 IDT 2025, 109 W
Thu Aug 28 20:45:33 IDT 2025, 102 W
Thu Aug 28 20:45:33 IDT 2025, 137 W
Thu Aug 28 20:45:33 IDT 2025, 118 W
Thu Aug 28 20:45:33 IDT 2025, 109 W
Thu Aug 28 20:45:33 IDT 2025, 107 W
Thu Aug 28 20:45:34 IDT 2025, 128 W
Thu Aug 28 20:45:34 IDT 2025, 122 W
Thu Aug 28 20:45:34 IDT 2025, 113 W
Thu Aug 28 20:45:34 IDT 2025, 114 W
Thu Aug 28 20:45:34 IDT 2025, 119 W
Thu Aug 28 20:45:34 IDT 2025, 120 W
Thu Aug 28 20:45:34 IDT 2025, 120 W
Thu Aug 28 20:45:34 IDT 2025, 116 W
Thu Aug 28 20:45:35 IDT 2025, 124 W
Thu Aug 28 20:45:35 IDT 2025, 115 W
Thu Aug 28 20:45:35 IDT 2025, 99 W
Thu Aug 28 20:45:35 IDT 2025, 118 W
Thu Aug 28 20:45:35 IDT 2025, 139 W
Thu Aug 28 20:45:35 IDT 2025, 125 W
Thu Aug 28 20:45:35 IDT 2025, 110 W
Thu Aug 28 20:45:35 IDT 2025, 103 W
Thu Aug 28 20:45:36 IDT 2025, 127 W
Thu Aug 28 20:45:36 IDT 2025, 128 W
Thu Aug 28 20:45:36 IDT 2025, 102 W
Thu Aug 28 20:45:36 IDT 2025, 113 W
Thu Aug 28 20:45:36 IDT 2025, 130 W
Thu Aug 28 20:45:36 IDT 2025, 115 W
Thu Aug 28 20:45:36 IDT 2025, 117 W
Thu Aug 28 20:45:36 IDT 2025, 106 W
Thu Aug 28 20:45:37 IDT 2025, 111 W
Thu Aug 28 20:45:37 IDT 2025, 123 W
Thu Aug 28 20:45:37 IDT 2025, 106 W
Thu Aug 28 20:45:37 IDT 2025, 116 W
Thu Aug 28 20:45:37 IDT 2025, 134 W
Thu Aug 28 20:45:37 IDT 2025, 114 W
Thu Aug 28 20:45:37 IDT 2025, 118 W
Thu Aug 28 20:45:37 IDT 2025, 109 W
Thu Aug 28 20:45:38 IDT 2025, 122 W
Thu Aug 28 20:45:38 IDT 2025, 124 W
Thu Aug 28 20:45:38 IDT 2025, 113 W
Thu Aug 28 20:45:38 IDT 2025, 100 W
Thu Aug 28 20:45:38 IDT 2025, 133 W
Thu Aug 28 20:45:38 IDT 2025, 121 W
Thu Aug 28 20:45:38 IDT 2025, 123 W
Thu Aug 28 20:45:38 IDT 2025, 112 W
Thu Aug 28 20:45:39 IDT 2025, 130 W
Thu Aug 28 20:45:39 IDT 2025, 124 W
Thu Aug 28 20:45:39 IDT 2025, 110 W
Thu Aug 28 20:45:39 IDT 2025, 115 W
Thu Aug 28 20:45:39 IDT 2025, 120 W
Thu Aug 28 20:45:39 IDT 2025, 118 W
Thu Aug 28 20:45:39 IDT 2025, 130 W
Thu Aug 28 20:45:39 IDT 2025, 118 W
Thu Aug 28 20:45:40 IDT 2025, 127 W
Thu Aug 28 20:45:40 IDT 2025, 124 W
Thu Aug 28 20:45:40 IDT 2025, 109 W
Thu Aug 28 20:45:40 IDT 2025, 109 W
Thu Aug 28 20:45:40 IDT 2025, 120 W
Thu Aug 28 20:45:40 IDT 2025, 115 W
Thu Aug 28 20:45:40 IDT 2025, 116 W
Thu Aug 28 20:45:40 IDT 2025, 107 W
Thu Aug 28 20:45:41 IDT 2025, 128 W
Thu Aug 28 20:45:41 IDT 2025, 127 W
Thu Aug 28 20:45:41 IDT 2025, 107 W
Thu Aug 28 20:45:41 IDT 2025, 93 W
Thu Aug 28 20:45:41 IDT 2025, 141 W
Thu Aug 28 20:45:41 IDT 2025, 127 W
Thu Aug 28 20:45:41 IDT 2025, 118 W
Thu Aug 28 20:45:41 IDT 2025, 114 W
Thu Aug 28 20:45:42 IDT 2025, 125 W
Thu Aug 28 20:45:42 IDT 2025, 123 W
Thu Aug 28 20:45:42 IDT 2025, 104 W
Thu Aug 28 20:45:42 IDT 2025, 107 W
Thu Aug 28 20:45:42 IDT 2025, 130 W
Thu Aug 28 20:45:42 IDT 2025, 104 W
Thu Aug 28 20:45:42 IDT 2025, 126 W
Thu Aug 28 20:45:42 IDT 2025, 97 W
Thu Aug 28 20:45:43 IDT 2025, 134 W
Thu Aug 28 20:45:43 IDT 2025, 126 W
Thu Aug 28 20:45:43 IDT 2025, 111 W
Thu Aug 28 20:45:43 IDT 2025, 115 W
Thu Aug 28 20:45:43 IDT 2025, 141 W
Thu Aug 28 20:45:43 IDT 2025, 102 W
Thu Aug 28 20:45:43 IDT 2025, 126 W
Thu Aug 28 20:45:43 IDT 2025, 110 W
Thu Aug 28 20:45:44 IDT 2025, 125 W
Thu Aug 28 20:45:44 IDT 2025, 123 W
Thu Aug 28 20:45:44 IDT 2025, 114 W
Thu Aug 28 20:45:44 IDT 2025, 111 W
Thu Aug 28 20:45:44 IDT 2025, 119 W
Thu Aug 28 20:45:44 IDT 2025, 121 W
Thu Aug 28 20:45:44 IDT 2025, 129 W
Thu Aug 28 20:45:44 IDT 2025, 117 W
Thu Aug 28 20:45:45 IDT 2025, 126 W
Thu Aug 28 20:45:45 IDT 2025, 127 W
Thu Aug 28 20:45:45 IDT 2025, 101 W
Thu Aug 28 20:45:45 IDT 2025, 108 W
Thu Aug 28 20:45:45 IDT 2025, 135 W
Thu Aug 28 20:45:45 IDT 2025, 108 W
Thu Aug 28 20:45:45 IDT 2025, 124 W
Thu Aug 28 20:45:45 IDT 2025, 116 W
Thu Aug 28 20:45:46 IDT 2025, 131 W
Thu Aug 28 20:45:46 IDT 2025, 102 W
Thu Aug 28 20:45:46 IDT 2025, 111 W
Thu Aug 28 20:45:46 IDT 2025, 114 W
Thu Aug 28 20:45:46 IDT 2025, 140 W
Thu Aug 28 20:45:46 IDT 2025, 116 W
Thu Aug 28 20:45:46 IDT 2025, 125 W
Thu Aug 28 20:45:46 IDT 2025, 114 W
Thu Aug 28 20:45:47 IDT 2025, 124 W
Thu Aug 28 20:45:47 IDT 2025, 120 W
Thu Aug 28 20:45:47 IDT 2025, 113 W
Thu Aug 28 20:45:47 IDT 2025, 113 W
Thu Aug 28 20:45:47 IDT 2025, 127 W
Thu Aug 28 20:45:47 IDT 2025, 115 W
Thu Aug 28 20:45:47 IDT 2025, 122 W
Thu Aug 28 20:45:47 IDT 2025, 98 W
Thu Aug 28 20:45:48 IDT 2025, 126 W
Thu Aug 28 20:45:48 IDT 2025, 127 W
Thu Aug 28 20:45:48 IDT 2025, 94 W
Thu Aug 28 20:45:48 IDT 2025, 110 W
Thu Aug 28 20:45:48 IDT 2025, 141 W
Thu Aug 28 20:45:48 IDT 2025, 123 W
Thu Aug 28 20:45:48 IDT 2025, 119 W
Thu Aug 28 20:45:48 IDT 2025, 112 W
Thu Aug 28 20:45:49 IDT 2025, 132 W
Thu Aug 28 20:45:49 IDT 2025, 127 W
Thu Aug 28 20:45:49 IDT 2025, 121 W
Thu Aug 28 20:45:49 IDT 2025, 94 W
Thu Aug 28 20:45:49 IDT 2025, 136 W
Thu Aug 28 20:45:49 IDT 2025, 118 W
Thu Aug 28 20:45:49 IDT 2025, 122 W
Thu Aug 28 20:45:49 IDT 2025, 116 W
Thu Aug 28 20:45:50 IDT 2025, 132 W
Thu Aug 28 20:45:50 IDT 2025, 122 W
Thu Aug 28 20:45:50 IDT 2025, 117 W
Thu Aug 28 20:45:50 IDT 2025, 93 W
Thu Aug 28 20:45:50 IDT 2025, 142 W
Thu Aug 28 20:45:50 IDT 2025, 123 W
Thu Aug 28 20:45:50 IDT 2025, 123 W
Thu Aug 28 20:45:50 IDT 2025, 110 W
Thu Aug 28 20:45:51 IDT 2025, 130 W
Thu Aug 28 20:45:51 IDT 2025, 128 W
Thu Aug 28 20:45:51 IDT 2025, 115 W
Thu Aug 28 20:45:51 IDT 2025, 99 W
Thu Aug 28 20:45:51 IDT 2025, 147 W
Thu Aug 28 20:45:51 IDT 2025, 114 W
Thu Aug 28 20:45:51 IDT 2025, 122 W
Thu Aug 28 20:45:51 IDT 2025, 113 W
Thu Aug 28 20:45:52 IDT 2025, 118 W
Thu Aug 28 20:45:52 IDT 2025, 129 W
Thu Aug 28 20:45:52 IDT 2025, 115 W
Thu Aug 28 20:45:52 IDT 2025, 120 W
Thu Aug 28 20:45:52 IDT 2025, 136 W
Thu Aug 28 20:45:52 IDT 2025, 116 W
Thu Aug 28 20:45:52 IDT 2025, 124 W
Thu Aug 28 20:45:52 IDT 2025, 114 W
Thu Aug 28 20:45:53 IDT 2025, 133 W
Thu Aug 28 20:45:53 IDT 2025, 113 W
Thu Aug 28 20:45:53 IDT 2025, 105 W
Thu Aug 28 20:45:53 IDT 2025, 114 W
Thu Aug 28 20:45:53 IDT 2025, 132 W
Thu Aug 28 20:45:53 IDT 2025, 121 W
Thu Aug 28 20:45:53 IDT 2025, 121 W
Thu Aug 28 20:45:53 IDT 2025, 113 W
Thu Aug 28 20:45:54 IDT 2025, 123 W
Thu Aug 28 20:45:54 IDT 2025, 126 W
Thu Aug 28 20:45:54 IDT 2025, 113 W
Thu Aug 28 20:45:54 IDT 2025, 93 W
Thu Aug 28 20:45:54 IDT 2025, 141 W
Thu Aug 28 20:45:54 IDT 2025, 121 W
Thu Aug 28 20:45:54 IDT 2025, 122 W
Thu Aug 28 20:45:54 IDT 2025, 110 W
Thu Aug 28 20:45:55 IDT 2025, 111 W
Thu Aug 28 20:45:55 IDT 2025, 127 W
Thu Aug 28 20:45:55 IDT 2025, 105 W
Thu Aug 28 20:45:55 IDT 2025, 118 W
Thu Aug 28 20:45:55 IDT 2025, 138 W
Thu Aug 28 20:45:55 IDT 2025, 113 W
Thu Aug 28 20:45:55 IDT 2025, 115 W
Thu Aug 28 20:45:55 IDT 2025, 103 W
Thu Aug 28 20:45:56 IDT 2025, 134 W
Thu Aug 28 20:45:56 IDT 2025, 125 W
Thu Aug 28 20:45:56 IDT 2025, 114 W
Thu Aug 28 20:45:56 IDT 2025, 117 W
Thu Aug 28 20:45:56 IDT 2025, 139 W
Thu Aug 28 20:45:56 IDT 2025, 123 W
Thu Aug 28 20:45:56 IDT 2025, 106 W
Thu Aug 28 20:45:56 IDT 2025, 110 W
Thu Aug 28 20:45:57 IDT 2025, 126 W
Thu Aug 28 20:45:57 IDT 2025, 127 W
Thu Aug 28 20:45:57 IDT 2025, 110 W
Thu Aug 28 20:45:57 IDT 2025, 101 W
Thu Aug 28 20:45:57 IDT 2025, 139 W
Thu Aug 28 20:45:57 IDT 2025, 124 W
Thu Aug 28 20:45:57 IDT 2025, 119 W
Thu Aug 28 20:45:57 IDT 2025, 121 W
Thu Aug 28 20:45:58 IDT 2025, 137 W
Thu Aug 28 20:45:58 IDT 2025, 127 W
Thu Aug 28 20:45:58 IDT 2025, 98 W
Thu Aug 28 20:45:58 IDT 2025, 112 W
Thu Aug 28 20:45:58 IDT 2025, 132 W
Thu Aug 28 20:45:58 IDT 2025, 114 W
Thu Aug 28 20:45:58 IDT 2025, 122 W
Thu Aug 28 20:45:58 IDT 2025, 109 W
Thu Aug 28 20:45:59 IDT 2025, 127 W
Thu Aug 28 20:45:59 IDT 2025, 126 W
Thu Aug 28 20:45:59 IDT 2025, 119 W
Thu Aug 28 20:45:59 IDT 2025, 113 W
Thu Aug 28 20:45:59 IDT 2025, 138 W
Thu Aug 28 20:45:59 IDT 2025, 118 W
Thu Aug 28 20:45:59 IDT 2025, 114 W
Thu Aug 28 20:45:59 IDT 2025, 87 W
Thu Aug 28 20:46:00 IDT 2025, 127 W
Thu Aug 28 20:46:00 IDT 2025, 124 W
Thu Aug 28 20:46:00 IDT 2025, 107 W
Thu Aug 28 20:46:00 IDT 2025, 116 W
Thu Aug 28 20:46:00 IDT 2025, 125 W
Thu Aug 28 20:46:00 IDT 2025, 120 W
Thu Aug 28 20:46:00 IDT 2025, 122 W
Thu Aug 28 20:46:00 IDT 2025, 115 W
Thu Aug 28 20:46:01 IDT 2025, 125 W
Thu Aug 28 20:46:01 IDT 2025, 129 W
Thu Aug 28 20:46:01 IDT 2025, 114 W
Thu Aug 28 20:46:01 IDT 2025, 118 W
Thu Aug 28 20:46:01 IDT 2025, 134 W
Thu Aug 28 20:46:01 IDT 2025, 102 W
Thu Aug 28 20:46:01 IDT 2025, 122 W
Thu Aug 28 20:46:01 IDT 2025, 110 W
Thu Aug 28 20:46:02 IDT 2025, 128 W
Thu Aug 28 20:46:02 IDT 2025, 123 W
Thu Aug 28 20:46:02 IDT 2025, 106 W
Thu Aug 28 20:46:02 IDT 2025, 109 W
Thu Aug 28 20:46:02 IDT 2025, 131 W
Thu Aug 28 20:46:02 IDT 2025, 102 W
Thu Aug 28 20:46:02 IDT 2025, 115 W
Thu Aug 28 20:46:02 IDT 2025, 97 W
Thu Aug 28 20:46:03 IDT 2025, 134 W
Thu Aug 28 20:46:03 IDT 2025, 123 W
Thu Aug 28 20:46:03 IDT 2025, 113 W
Thu Aug 28 20:46:03 IDT 2025, 117 W
Thu Aug 28 20:46:03 IDT 2025, 136 W
Thu Aug 28 20:46:03 IDT 2025, 114 W
Thu Aug 28 20:46:03 IDT 2025, 119 W
Thu Aug 28 20:46:03 IDT 2025, 96 W
Thu Aug 28 20:46:04 IDT 2025, 129 W
Thu Aug 28 20:46:04 IDT 2025, 129 W
Thu Aug 28 20:46:04 IDT 2025, 115 W
Thu Aug 28 20:46:04 IDT 2025, 91 W
Thu Aug 28 20:46:04 IDT 2025, 136 W
Thu Aug 28 20:46:04 IDT 2025, 125 W
Thu Aug 28 20:46:04 IDT 2025, 125 W
Thu Aug 28 20:46:04 IDT 2025, 105 W
Thu Aug 28 20:46:05 IDT 2025, 123 W
Thu Aug 28 20:46:05 IDT 2025, 120 W
Thu Aug 28 20:46:05 IDT 2025, 119 W
Thu Aug 28 20:46:05 IDT 2025, 115 W
Thu Aug 28 20:46:05 IDT 2025, 127 W
Thu Aug 28 20:46:05 IDT 2025, 115 W
Thu Aug 28 20:46:05 IDT 2025, 119 W
Thu Aug 28 20:46:05 IDT 2025, 120 W
Thu Aug 28 20:46:06 IDT 2025, 135 W
Thu Aug 28 20:46:06 IDT 2025, 124 W
Thu Aug 28 20:46:06 IDT 2025, 112 W
Thu Aug 28 20:46:06 IDT 2025, 111 W
Thu Aug 28 20:46:06 IDT 2025, 137 W
Thu Aug 28 20:46:06 IDT 2025, 124 W
Thu Aug 28 20:46:06 IDT 2025, 130 W
Thu Aug 28 20:46:06 IDT 2025, 90 W
Thu Aug 28 20:46:07 IDT 2025, 127 W
Thu Aug 28 20:46:07 IDT 2025, 117 W
Thu Aug 28 20:46:07 IDT 2025, 101 W
Thu Aug 28 20:46:07 IDT 2025, 111 W
Thu Aug 28 20:46:07 IDT 2025, 119 W
Thu Aug 28 20:46:07 IDT 2025, 112 W
Thu Aug 28 20:46:07 IDT 2025, 119 W
Thu Aug 28 20:46:07 IDT 2025, 107 W
Thu Aug 28 20:46:08 IDT 2025, 130 W
Thu Aug 28 20:46:08 IDT 2025, 132 W
Thu Aug 28 20:46:08 IDT 2025, 95 W
Thu Aug 28 20:46:08 IDT 2025, 107 W
Thu Aug 28 20:46:08 IDT 2025, 135 W
Thu Aug 28 20:46:08 IDT 2025, 122 W
Thu Aug 28 20:46:08 IDT 2025, 122 W
Thu Aug 28 20:46:08 IDT 2025, 113 W
Thu Aug 28 20:46:09 IDT 2025, 122 W
Thu Aug 28 20:46:09 IDT 2025, 122 W
Thu Aug 28 20:46:09 IDT 2025, 103 W
Thu Aug 28 20:46:09 IDT 2025, 119 W
Thu Aug 28 20:46:09 IDT 2025, 136 W
Thu Aug 28 20:46:09 IDT 2025, 110 W
Thu Aug 28 20:46:09 IDT 2025, 122 W
Thu Aug 28 20:46:09 IDT 2025, 95 W
Thu Aug 28 20:46:10 IDT 2025, 122 W
Thu Aug 28 20:46:10 IDT 2025, 125 W
Thu Aug 28 20:46:10 IDT 2025, 102 W
Thu Aug 28 20:46:10 IDT 2025, 120 W
Thu Aug 28 20:46:10 IDT 2025, 135 W
Thu Aug 28 20:46:10 IDT 2025, 109 W
Thu Aug 28 20:46:10 IDT 2025, 117 W
Thu Aug 28 20:46:10 IDT 2025, 96 W
Thu Aug 28 20:46:11 IDT 2025, 128 W
Thu Aug 28 20:46:11 IDT 2025, 129 W
Thu Aug 28 20:46:11 IDT 2025, 109 W
Thu Aug 28 20:46:11 IDT 2025, 111 W
Thu Aug 28 20:46:11 IDT 2025, 121 W
Thu Aug 28 20:46:11 IDT 2025, 120 W
Thu Aug 28 20:46:11 IDT 2025, 121 W
Thu Aug 28 20:46:11 IDT 2025, 114 W
Thu Aug 28 20:46:12 IDT 2025, 124 W
Thu Aug 28 20:46:12 IDT 2025, 121 W
Thu Aug 28 20:46:12 IDT 2025, 110 W
Thu Aug 28 20:46:12 IDT 2025, 113 W
Thu Aug 28 20:46:12 IDT 2025, 136 W
Thu Aug 28 20:46:12 IDT 2025, 112 W
Thu Aug 28 20:46:12 IDT 2025, 120 W
Thu Aug 28 20:46:12 IDT 2025, 96 W
Thu Aug 28 20:46:13 IDT 2025, 132 W
Thu Aug 28 20:46:13 IDT 2025, 130 W
Thu Aug 28 20:46:13 IDT 2025, 112 W
Thu Aug 28 20:46:13 IDT 2025, 97 W
Thu Aug 28 20:46:13 IDT 2025, 135 W
Thu Aug 28 20:46:13 IDT 2025, 117 W
Thu Aug 28 20:46:13 IDT 2025, 129 W
Thu Aug 28 20:46:13 IDT 2025, 109 W
Thu Aug 28 20:46:14 IDT 2025, 117 W
Thu Aug 28 20:46:14 IDT 2025, 123 W
Thu Aug 28 20:46:14 IDT 2025, 105 W
Thu Aug 28 20:46:14 IDT 2025, 108 W
Thu Aug 28 20:46:14 IDT 2025, 134 W
Thu Aug 28 20:46:14 IDT 2025, 108 W
Thu Aug 28 20:46:14 IDT 2025, 108 W
Thu Aug 28 20:46:14 IDT 2025, 97 W
Thu Aug 28 20:46:15 IDT 2025, 125 W
Thu Aug 28 20:46:15 IDT 2025, 122 W
Thu Aug 28 20:46:15 IDT 2025, 98 W
Thu Aug 28 20:46:15 IDT 2025, 108 W
Thu Aug 28 20:46:15 IDT 2025, 141 W
Thu Aug 28 20:46:15 IDT 2025, 114 W
Thu Aug 28 20:46:15 IDT 2025, 130 W
Thu Aug 28 20:46:15 IDT 2025, 106 W
Thu Aug 28 20:46:16 IDT 2025, 112 W
Thu Aug 28 20:46:16 IDT 2025, 134 W
Thu Aug 28 20:46:16 IDT 2025, 116 W
Thu Aug 28 20:46:16 IDT 2025, 119 W
Thu Aug 28 20:46:16 IDT 2025, 141 W
Thu Aug 28 20:46:16 IDT 2025, 117 W
Thu Aug 28 20:46:16 IDT 2025, 122 W
Thu Aug 28 20:46:16 IDT 2025, 114 W
Thu Aug 28 20:46:17 IDT 2025, 127 W
Thu Aug 28 20:46:17 IDT 2025, 131 W
Thu Aug 28 20:46:17 IDT 2025, 117 W
Thu Aug 28 20:46:17 IDT 2025, 113 W
Thu Aug 28 20:46:17 IDT 2025, 122 W
Thu Aug 28 20:46:17 IDT 2025, 118 W
Thu Aug 28 20:46:17 IDT 2025, 115 W
Thu Aug 28 20:46:17 IDT 2025, 110 W
Thu Aug 28 20:46:18 IDT 2025, 133 W
Thu Aug 28 20:46:18 IDT 2025, 130 W
Thu Aug 28 20:46:18 IDT 2025, 109 W
Thu Aug 28 20:46:18 IDT 2025, 115 W
Thu Aug 28 20:46:18 IDT 2025, 142 W
Thu Aug 28 20:46:18 IDT 2025, 118 W
Thu Aug 28 20:46:18 IDT 2025, 117 W
Thu Aug 28 20:46:18 IDT 2025, 99 W
Thu Aug 28 20:46:19 IDT 2025, 128 W
Thu Aug 28 20:46:19 IDT 2025, 124 W
Thu Aug 28 20:46:19 IDT 2025, 114 W
Thu Aug 28 20:46:19 IDT 2025, 113 W
Thu Aug 28 20:46:19 IDT 2025, 124 W
Thu Aug 28 20:46:19 IDT 2025, 118 W
Thu Aug 28 20:46:19 IDT 2025, 112 W
Thu Aug 28 20:46:19 IDT 2025, 117 W
Thu Aug 28 20:46:20 IDT 2025, 134 W
Thu Aug 28 20:46:20 IDT 2025, 125 W
Thu Aug 28 20:46:20 IDT 2025, 108 W
Thu Aug 28 20:46:20 IDT 2025, 115 W
Thu Aug 28 20:46:20 IDT 2025, 136 W
Thu Aug 28 20:46:20 IDT 2025, 124 W
Thu Aug 28 20:46:20 IDT 2025, 121 W
Thu Aug 28 20:46:20 IDT 2025, 101 W
Thu Aug 28 20:46:21 IDT 2025, 133 W
Thu Aug 28 20:46:21 IDT 2025, 127 W
Thu Aug 28 20:46:21 IDT 2025, 113 W
Thu Aug 28 20:46:21 IDT 2025, 98 W
Thu Aug 28 20:46:21 IDT 2025, 140 W
Thu Aug 28 20:46:21 IDT 2025, 116 W
Thu Aug 28 20:46:21 IDT 2025, 113 W
Thu Aug 28 20:46:21 IDT 2025, 109 W
Thu Aug 28 20:46:22 IDT 2025, 124 W
Thu Aug 28 20:46:22 IDT 2025, 128 W
Thu Aug 28 20:46:22 IDT 2025, 108 W
Thu Aug 28 20:46:22 IDT 2025, 119 W
Thu Aug 28 20:46:22 IDT 2025, 136 W
Thu Aug 28 20:46:22 IDT 2025, 123 W
Thu Aug 28 20:46:22 IDT 2025, 118 W
Thu Aug 28 20:46:22 IDT 2025, 95 W
Thu Aug 28 20:46:23 IDT 2025, 124 W
Thu Aug 28 20:46:23 IDT 2025, 125 W
Thu Aug 28 20:46:23 IDT 2025, 107 W
Thu Aug 28 20:46:23 IDT 2025, 104 W
Thu Aug 28 20:46:23 IDT 2025, 130 W
Thu Aug 28 20:46:23 IDT 2025, 119 W
Thu Aug 28 20:46:23 IDT 2025, 123 W
Thu Aug 28 20:46:23 IDT 2025, 104 W
Thu Aug 28 20:46:24 IDT 2025, 126 W
Thu Aug 28 20:46:24 IDT 2025, 129 W
Thu Aug 28 20:46:24 IDT 2025, 94 W
Thu Aug 28 20:46:24 IDT 2025, 116 W
Thu Aug 28 20:46:24 IDT 2025, 141 W
Thu Aug 28 20:46:24 IDT 2025, 119 W
Thu Aug 28 20:46:24 IDT 2025, 117 W
Thu Aug 28 20:46:24 IDT 2025, 113 W
Thu Aug 28 20:46:25 IDT 2025, 121 W
Thu Aug 28 20:46:25 IDT 2025, 128 W
Thu Aug 28 20:46:25 IDT 2025, 109 W
Thu Aug 28 20:46:25 IDT 2025, 109 W
Thu Aug 28 20:46:25 IDT 2025, 141 W
Thu Aug 28 20:46:25 IDT 2025, 107 W
Thu Aug 28 20:46:25 IDT 2025, 118 W
Thu Aug 28 20:46:25 IDT 2025, 118 W
Thu Aug 28 20:46:26 IDT 2025, 130 W
Thu Aug 28 20:46:26 IDT 2025, 124 W
Thu Aug 28 20:46:26 IDT 2025, 98 W
Thu Aug 28 20:46:26 IDT 2025, 115 W
Thu Aug 28 20:46:26 IDT 2025, 134 W
Thu Aug 28 20:46:26 IDT 2025, 124 W
Thu Aug 28 20:46:26 IDT 2025, 116 W
Thu Aug 28 20:46:26 IDT 2025, 110 W
Thu Aug 28 20:46:27 IDT 2025, 132 W
Thu Aug 28 20:46:27 IDT 2025, 131 W
Thu Aug 28 20:46:27 IDT 2025, 112 W
Thu Aug 28 20:46:27 IDT 2025, 121 W
Thu Aug 28 20:46:27 IDT 2025, 144 W
Thu Aug 28 20:46:27 IDT 2025, 100 W
Thu Aug 28 20:46:27 IDT 2025, 118 W
Thu Aug 28 20:46:27 IDT 2025, 110 W
Thu Aug 28 20:46:28 IDT 2025, 133 W
Thu Aug 28 20:46:28 IDT 2025, 131 W
Thu Aug 28 20:46:28 IDT 2025, 111 W
Thu Aug 28 20:46:28 IDT 2025, 119 W
Thu Aug 28 20:46:28 IDT 2025, 138 W
Thu Aug 28 20:46:28 IDT 2025, 117 W
Thu Aug 28 20:46:28 IDT 2025, 114 W
Thu Aug 28 20:46:28 IDT 2025, 94 W
Thu Aug 28 20:46:29 IDT 2025, 131 W
Thu Aug 28 20:46:29 IDT 2025, 122 W
Thu Aug 28 20:46:29 IDT 2025, 115 W
Thu Aug 28 20:46:29 IDT 2025, 115 W
Thu Aug 28 20:46:29 IDT 2025, 119 W
Thu Aug 28 20:46:29 IDT 2025, 114 W
Thu Aug 28 20:46:29 IDT 2025, 119 W
Thu Aug 28 20:46:29 IDT 2025, 113 W
Thu Aug 28 20:46:30 IDT 2025, 119 W
Thu Aug 28 20:46:30 IDT 2025, 115 W
Thu Aug 28 20:46:30 IDT 2025, 106 W
Thu Aug 28 20:46:30 IDT 2025, 109 W
Thu Aug 28 20:46:30 IDT 2025, 128 W
Thu Aug 28 20:46:30 IDT 2025, 113 W
Thu Aug 28 20:46:30 IDT 2025, 110 W
Thu Aug 28 20:46:30 IDT 2025, 98 W
Thu Aug 28 20:46:31 IDT 2025, 114 W
Thu Aug 28 20:46:31 IDT 2025, 127 W
Thu Aug 28 20:46:31 IDT 2025, 116 W
Thu Aug 28 20:46:31 IDT 2025, 116 W
Thu Aug 28 20:46:31 IDT 2025, 137 W
Thu Aug 28 20:46:31 IDT 2025, 116 W
Thu Aug 28 20:46:31 IDT 2025, 122 W
Thu Aug 28 20:46:31 IDT 2025, 115 W
Thu Aug 28 20:46:32 IDT 2025, 130 W
Thu Aug 28 20:46:32 IDT 2025, 128 W
Thu Aug 28 20:46:32 IDT 2025, 115 W
Thu Aug 28 20:46:32 IDT 2025, 111 W
Thu Aug 28 20:46:32 IDT 2025, 139 W
Thu Aug 28 20:46:32 IDT 2025, 120 W
Thu Aug 28 20:46:32 IDT 2025, 108 W
Thu Aug 28 20:46:32 IDT 2025, 113 W
Thu Aug 28 20:46:33 IDT 2025, 133 W
Thu Aug 28 20:46:33 IDT 2025, 128 W
Thu Aug 28 20:46:33 IDT 2025, 114 W
Thu Aug 28 20:46:33 IDT 2025, 106 W
Thu Aug 28 20:46:33 IDT 2025, 133 W
Thu Aug 28 20:46:33 IDT 2025, 99 W
Thu Aug 28 20:46:33 IDT 2025, 123 W
Thu Aug 28 20:46:33 IDT 2025, 113 W
Thu Aug 28 20:46:34 IDT 2025, 133 W
Thu Aug 28 20:46:34 IDT 2025, 134 W
Thu Aug 28 20:46:34 IDT 2025, 98 W
Thu Aug 28 20:46:34 IDT 2025, 114 W
Thu Aug 28 20:46:34 IDT 2025, 140 W
Thu Aug 28 20:46:34 IDT 2025, 118 W
Thu Aug 28 20:46:34 IDT 2025, 120 W
Thu Aug 28 20:46:34 IDT 2025, 107 W
Thu Aug 28 20:46:35 IDT 2025, 130 W
Thu Aug 28 20:46:35 IDT 2025, 126 W
Thu Aug 28 20:46:35 IDT 2025, 109 W
Thu Aug 28 20:46:35 IDT 2025, 95 W
Thu Aug 28 20:46:35 IDT 2025, 123 W
Thu Aug 28 20:46:35 IDT 2025, 114 W
Thu Aug 28 20:46:35 IDT 2025, 122 W
Thu Aug 28 20:46:35 IDT 2025, 99 W
Thu Aug 28 20:46:36 IDT 2025, 123 W
Thu Aug 28 20:46:36 IDT 2025, 124 W
Thu Aug 28 20:46:36 IDT 2025, 107 W
Thu Aug 28 20:46:36 IDT 2025, 113 W
Thu Aug 28 20:46:36 IDT 2025, 140 W
Thu Aug 28 20:46:36 IDT 2025, 120 W
Thu Aug 28 20:46:36 IDT 2025, 127 W
Thu Aug 28 20:46:36 IDT 2025, 95 W
Thu Aug 28 20:46:37 IDT 2025, 131 W
Thu Aug 28 20:46:37 IDT 2025, 124 W
Thu Aug 28 20:46:37 IDT 2025, 119 W
Thu Aug 28 20:46:37 IDT 2025, 111 W
Thu Aug 28 20:46:37 IDT 2025, 122 W
Thu Aug 28 20:46:37 IDT 2025, 124 W
Thu Aug 28 20:46:37 IDT 2025, 120 W
Thu Aug 28 20:46:37 IDT 2025, 109 W
Thu Aug 28 20:46:38 IDT 2025, 130 W
Thu Aug 28 20:46:38 IDT 2025, 123 W
Thu Aug 28 20:46:38 IDT 2025, 118 W
Thu Aug 28 20:46:38 IDT 2025, 95 W
Thu Aug 28 20:46:38 IDT 2025, 138 W
Thu Aug 28 20:46:38 IDT 2025, 130 W
Thu Aug 28 20:46:38 IDT 2025, 123 W
Thu Aug 28 20:46:38 IDT 2025, 115 W
Thu Aug 28 20:46:39 IDT 2025, 126 W
Thu Aug 28 20:46:39 IDT 2025, 116 W
Thu Aug 28 20:46:39 IDT 2025, 108 W
Thu Aug 28 20:46:39 IDT 2025, 96 W
Thu Aug 28 20:46:39 IDT 2025, 139 W
Thu Aug 28 20:46:39 IDT 2025, 119 W
Thu Aug 28 20:46:39 IDT 2025, 127 W
Thu Aug 28 20:46:39 IDT 2025, 116 W
Thu Aug 28 20:46:40 IDT 2025, 127 W
Thu Aug 28 20:46:40 IDT 2025, 120 W
Thu Aug 28 20:46:40 IDT 2025, 107 W
Thu Aug 28 20:46:40 IDT 2025, 114 W
Thu Aug 28 20:46:40 IDT 2025, 137 W
Thu Aug 28 20:46:40 IDT 2025, 103 W
Thu Aug 28 20:46:40 IDT 2025, 106 W
Thu Aug 28 20:46:40 IDT 2025, 113 W
Thu Aug 28 20:46:41 IDT 2025, 135 W
Thu Aug 28 20:46:41 IDT 2025, 105 W
Thu Aug 28 20:46:41 IDT 2025, 108 W
Thu Aug 28 20:46:41 IDT 2025, 116 W
Thu Aug 28 20:46:41 IDT 2025, 143 W
Thu Aug 28 20:46:41 IDT 2025, 115 W
Thu Aug 28 20:46:41 IDT 2025, 121 W
Thu Aug 28 20:46:41 IDT 2025, 115 W
Thu Aug 28 20:46:42 IDT 2025, 114 W
Thu Aug 28 20:46:42 IDT 2025, 131 W
Thu Aug 28 20:46:42 IDT 2025, 110 W
Thu Aug 28 20:46:42 IDT 2025, 115 W
Thu Aug 28 20:46:42 IDT 2025, 138 W
Thu Aug 28 20:46:42 IDT 2025, 127 W
Thu Aug 28 20:46:42 IDT 2025, 118 W
Thu Aug 28 20:46:42 IDT 2025, 111 W
Thu Aug 28 20:46:43 IDT 2025, 129 W
Thu Aug 28 20:46:43 IDT 2025, 112 W
Thu Aug 28 20:46:43 IDT 2025, 111 W
Thu Aug 28 20:46:43 IDT 2025, 112 W
Thu Aug 28 20:46:43 IDT 2025, 134 W
Thu Aug 28 20:46:43 IDT 2025, 108 W
Thu Aug 28 20:46:43 IDT 2025, 125 W
Thu Aug 28 20:46:43 IDT 2025, 113 W
Thu Aug 28 20:46:44 IDT 2025, 123 W
Thu Aug 28 20:46:44 IDT 2025, 124 W
Thu Aug 28 20:46:44 IDT 2025, 107 W
Thu Aug 28 20:46:44 IDT 2025, 118 W
Thu Aug 28 20:46:44 IDT 2025, 124 W
Thu Aug 28 20:46:44 IDT 2025, 129 W
Thu Aug 28 20:46:44 IDT 2025, 122 W
Thu Aug 28 20:46:44 IDT 2025, 119 W
Thu Aug 28 20:46:45 IDT 2025, 121 W
Thu Aug 28 20:46:45 IDT 2025, 115 W
Thu Aug 28 20:46:45 IDT 2025, 103 W
Thu Aug 28 20:46:45 IDT 2025, 100 W
Thu Aug 28 20:46:45 IDT 2025, 126 W
Thu Aug 28 20:46:45 IDT 2025, 110 W
Thu Aug 28 20:46:45 IDT 2025, 112 W
Thu Aug 28 20:46:45 IDT 2025, 104 W
Thu Aug 28 20:46:46 IDT 2025, 114 W
Thu Aug 28 20:46:46 IDT 2025, 122 W
Thu Aug 28 20:46:46 IDT 2025, 107 W
Thu Aug 28 20:46:46 IDT 2025, 112 W
Thu Aug 28 20:46:46 IDT 2025, 143 W
Thu Aug 28 20:46:46 IDT 2025, 122 W
Thu Aug 28 20:46:46 IDT 2025, 123 W
Thu Aug 28 20:46:46 IDT 2025, 107 W
Thu Aug 28 20:46:47 IDT 2025, 129 W
Thu Aug 28 20:46:47 IDT 2025, 121 W
Thu Aug 28 20:46:47 IDT 2025, 98 W
Thu Aug 28 20:46:47 IDT 2025, 111 W
Thu Aug 28 20:46:47 IDT 2025, 134 W
Thu Aug 28 20:46:47 IDT 2025, 120 W
Thu Aug 28 20:46:47 IDT 2025, 120 W
Thu Aug 28 20:46:47 IDT 2025, 110 W
Thu Aug 28 20:46:48 IDT 2025, 113 W
Thu Aug 28 20:46:48 IDT 2025, 130 W
Thu Aug 28 20:46:48 IDT 2025, 111 W
Thu Aug 28 20:46:48 IDT 2025, 106 W
Thu Aug 28 20:46:48 IDT 2025, 144 W
Thu Aug 28 20:46:48 IDT 2025, 113 W
Thu Aug 28 20:46:48 IDT 2025, 123 W
Thu Aug 28 20:46:48 IDT 2025, 104 W
Thu Aug 28 20:46:49 IDT 2025, 129 W
Thu Aug 28 20:46:49 IDT 2025, 132 W
Thu Aug 28 20:46:49 IDT 2025, 116 W
Thu Aug 28 20:46:49 IDT 2025, 109 W
Thu Aug 28 20:46:49 IDT 2025, 120 W
Thu Aug 28 20:46:49 IDT 2025, 119 W
Thu Aug 28 20:46:49 IDT 2025, 127 W
Thu Aug 28 20:46:49 IDT 2025, 108 W
Thu Aug 28 20:46:50 IDT 2025, 116 W
Thu Aug 28 20:46:50 IDT 2025, 122 W
Thu Aug 28 20:46:50 IDT 2025, 105 W
Thu Aug 28 20:46:50 IDT 2025, 96 W
Thu Aug 28 20:46:50 IDT 2025, 121 W
Thu Aug 28 20:46:50 IDT 2025, 110 W
Thu Aug 28 20:46:50 IDT 2025, 119 W
Thu Aug 28 20:46:50 IDT 2025, 107 W
Thu Aug 28 20:46:51 IDT 2025, 131 W
Thu Aug 28 20:46:51 IDT 2025, 126 W
Thu Aug 28 20:46:51 IDT 2025, 99 W
Thu Aug 28 20:46:51 IDT 2025, 110 W
Thu Aug 28 20:46:51 IDT 2025, 137 W
Thu Aug 28 20:46:51 IDT 2025, 117 W
Thu Aug 28 20:46:51 IDT 2025, 122 W
Thu Aug 28 20:46:51 IDT 2025, 114 W
Thu Aug 28 20:46:52 IDT 2025, 127 W
Thu Aug 28 20:46:52 IDT 2025, 125 W
Thu Aug 28 20:46:52 IDT 2025, 110 W
Thu Aug 28 20:46:52 IDT 2025, 117 W
Thu Aug 28 20:46:52 IDT 2025, 137 W
Thu Aug 28 20:46:52 IDT 2025, 118 W
Thu Aug 28 20:46:52 IDT 2025, 119 W
Thu Aug 28 20:46:52 IDT 2025, 92 W
Thu Aug 28 20:46:53 IDT 2025, 108 W
Thu Aug 28 20:46:53 IDT 2025, 130 W
Thu Aug 28 20:46:53 IDT 2025, 107 W
Thu Aug 28 20:46:53 IDT 2025, 114 W
Thu Aug 28 20:46:53 IDT 2025, 137 W
Thu Aug 28 20:46:53 IDT 2025, 117 W
Thu Aug 28 20:46:53 IDT 2025, 121 W
Thu Aug 28 20:46:53 IDT 2025, 109 W
Thu Aug 28 20:46:54 IDT 2025, 121 W
Thu Aug 28 20:46:54 IDT 2025, 127 W
Thu Aug 28 20:46:54 IDT 2025, 109 W
Thu Aug 28 20:46:54 IDT 2025, 91 W
Thu Aug 28 20:46:54 IDT 2025, 136 W
Thu Aug 28 20:46:54 IDT 2025, 118 W
Thu Aug 28 20:46:54 IDT 2025, 122 W
Thu Aug 28 20:46:54 IDT 2025, 106 W
Thu Aug 28 20:46:55 IDT 2025, 115 W
Thu Aug 28 20:46:55 IDT 2025, 124 W
Thu Aug 28 20:46:55 IDT 2025, 108 W
Thu Aug 28 20:46:55 IDT 2025, 112 W
Thu Aug 28 20:46:55 IDT 2025, 135 W
Thu Aug 28 20:46:55 IDT 2025, 120 W
Thu Aug 28 20:46:55 IDT 2025, 117 W
Thu Aug 28 20:46:55 IDT 2025, 121 W
Thu Aug 28 20:46:56 IDT 2025, 130 W
Thu Aug 28 20:46:56 IDT 2025, 126 W
Thu Aug 28 20:46:56 IDT 2025, 97 W
Thu Aug 28 20:46:56 IDT 2025, 118 W
Thu Aug 28 20:46:56 IDT 2025, 136 W
Thu Aug 28 20:46:56 IDT 2025, 118 W
Thu Aug 28 20:46:56 IDT 2025, 127 W
Thu Aug 28 20:46:56 IDT 2025, 113 W
Thu Aug 28 20:46:57 IDT 2025, 112 W
Thu Aug 28 20:46:57 IDT 2025, 115 W
Thu Aug 28 20:46:57 IDT 2025, 108 W
Thu Aug 28 20:46:57 IDT 2025, 106 W
Thu Aug 28 20:46:57 IDT 2025, 137 W
Thu Aug 28 20:46:57 IDT 2025, 120 W
Thu Aug 28 20:46:57 IDT 2025, 121 W
Thu Aug 28 20:46:57 IDT 2025, 113 W
Thu Aug 28 20:46:58 IDT 2025, 123 W
Thu Aug 28 20:46:58 IDT 2025, 116 W
Thu Aug 28 20:46:58 IDT 2025, 109 W
Thu Aug 28 20:46:58 IDT 2025, 114 W
Thu Aug 28 20:46:58 IDT 2025, 134 W
Thu Aug 28 20:46:58 IDT 2025, 129 W
Thu Aug 28 20:46:58 IDT 2025, 124 W
Thu Aug 28 20:46:58 IDT 2025, 108 W
Thu Aug 28 20:46:59 IDT 2025, 126 W
Thu Aug 28 20:46:59 IDT 2025, 119 W
Thu Aug 28 20:46:59 IDT 2025, 113 W
Thu Aug 28 20:46:59 IDT 2025, 115 W
Thu Aug 28 20:46:59 IDT 2025, 135 W
Thu Aug 28 20:46:59 IDT 2025, 115 W
Thu Aug 28 20:46:59 IDT 2025, 103 W
Thu Aug 28 20:46:59 IDT 2025, 119 W
Thu Aug 28 20:47:00 IDT 2025, 116 W
Thu Aug 28 20:47:00 IDT 2025, 129 W
Thu Aug 28 20:47:00 IDT 2025, 109 W
Thu Aug 28 20:47:00 IDT 2025, 110 W
Thu Aug 28 20:47:00 IDT 2025, 128 W
Thu Aug 28 20:47:00 IDT 2025, 119 W
Thu Aug 28 20:47:00 IDT 2025, 111 W
Thu Aug 28 20:47:00 IDT 2025, 106 W
Thu Aug 28 20:47:01 IDT 2025, 129 W
Thu Aug 28 20:47:01 IDT 2025, 107 W
Thu Aug 28 20:47:01 IDT 2025, 107 W
Thu Aug 28 20:47:01 IDT 2025, 97 W
Thu Aug 28 20:47:01 IDT 2025, 134 W
Thu Aug 28 20:47:01 IDT 2025, 117 W
Thu Aug 28 20:47:01 IDT 2025, 130 W
Thu Aug 28 20:47:01 IDT 2025, 108 W
Thu Aug 28 20:47:02 IDT 2025, 133 W
Thu Aug 28 20:47:02 IDT 2025, 126 W
Thu Aug 28 20:47:02 IDT 2025, 110 W
Thu Aug 28 20:47:02 IDT 2025, 97 W
Thu Aug 28 20:47:02 IDT 2025, 129 W
Thu Aug 28 20:47:02 IDT 2025, 116 W
Thu Aug 28 20:47:02 IDT 2025, 113 W
Thu Aug 28 20:47:02 IDT 2025, 99 W
Thu Aug 28 20:47:03 IDT 2025, 108 W
Thu Aug 28 20:47:03 IDT 2025, 133 W
Thu Aug 28 20:47:03 IDT 2025, 110 W
Thu Aug 28 20:47:03 IDT 2025, 114 W
Thu Aug 28 20:47:03 IDT 2025, 140 W
Thu Aug 28 20:47:03 IDT 2025, 122 W
Thu Aug 28 20:47:03 IDT 2025, 123 W
Thu Aug 28 20:47:03 IDT 2025, 112 W
Thu Aug 28 20:47:04 IDT 2025, 124 W
Thu Aug 28 20:47:04 IDT 2025, 118 W
Thu Aug 28 20:47:04 IDT 2025, 101 W
Thu Aug 28 20:47:04 IDT 2025, 106 W
Thu Aug 28 20:47:04 IDT 2025, 127 W
Thu Aug 28 20:47:04 IDT 2025, 120 W
Thu Aug 28 20:47:04 IDT 2025, 112 W
Thu Aug 28 20:47:04 IDT 2025, 102 W
Thu Aug 28 20:47:05 IDT 2025, 128 W
Thu Aug 28 20:47:05 IDT 2025, 125 W
Thu Aug 28 20:47:05 IDT 2025, 111 W
Thu Aug 28 20:47:05 IDT 2025, 119 W
Thu Aug 28 20:47:05 IDT 2025, 142 W
Thu Aug 28 20:47:05 IDT 2025, 125 W
Thu Aug 28 20:47:05 IDT 2025, 118 W
Thu Aug 28 20:47:05 IDT 2025, 97 W
Thu Aug 28 20:47:06 IDT 2025, 106 W
Thu Aug 28 20:47:06 IDT 2025, 134 W
Thu Aug 28 20:47:06 IDT 2025, 110 W
Thu Aug 28 20:47:06 IDT 2025, 122 W
Thu Aug 28 20:47:06 IDT 2025, 137 W
Thu Aug 28 20:47:06 IDT 2025, 122 W
Thu Aug 28 20:47:06 IDT 2025, 126 W
Thu Aug 28 20:47:06 IDT 2025, 109 W
Thu Aug 28 20:47:07 IDT 2025, 129 W
Thu Aug 28 20:47:07 IDT 2025, 108 W
Thu Aug 28 20:47:07 IDT 2025, 113 W
Thu Aug 28 20:47:07 IDT 2025, 113 W
Thu Aug 28 20:47:07 IDT 2025, 138 W
Thu Aug 28 20:47:07 IDT 2025, 116 W
Thu Aug 28 20:47:07 IDT 2025, 115 W
Thu Aug 28 20:47:07 IDT 2025, 102 W
Thu Aug 28 20:47:08 IDT 2025, 128 W
Thu Aug 28 20:47:08 IDT 2025, 122 W
Thu Aug 28 20:47:08 IDT 2025, 110 W
Thu Aug 28 20:47:08 IDT 2025, 100 W
Thu Aug 28 20:47:08 IDT 2025, 145 W
Thu Aug 28 20:47:08 IDT 2025, 128 W
Thu Aug 28 20:47:08 IDT 2025, 125 W
Thu Aug 28 20:47:08 IDT 2025, 111 W
Thu Aug 28 20:47:09 IDT 2025, 110 W
Thu Aug 28 20:47:09 IDT 2025, 119 W
Thu Aug 28 20:47:09 IDT 2025, 102 W
Thu Aug 28 20:47:09 IDT 2025, 102 W
Thu Aug 28 20:47:09 IDT 2025, 125 W
Thu Aug 28 20:47:09 IDT 2025, 111 W
Thu Aug 28 20:47:09 IDT 2025, 121 W
Thu Aug 28 20:47:09 IDT 2025, 98 W
Thu Aug 28 20:47:10 IDT 2025, 127 W
Thu Aug 28 20:47:10 IDT 2025, 130 W
Thu Aug 28 20:47:10 IDT 2025, 104 W
Thu Aug 28 20:47:10 IDT 2025, 115 W
Thu Aug 28 20:47:10 IDT 2025, 135 W
Thu Aug 28 20:47:10 IDT 2025, 128 W
Thu Aug 28 20:47:10 IDT 2025, 120 W
Thu Aug 28 20:47:10 IDT 2025, 112 W
Thu Aug 28 20:47:11 IDT 2025, 128 W
Thu Aug 28 20:47:11 IDT 2025, 129 W
Thu Aug 28 20:47:11 IDT 2025, 119 W
Thu Aug 28 20:47:11 IDT 2025, 117 W
Thu Aug 28 20:47:11 IDT 2025, 125 W
Thu Aug 28 20:47:11 IDT 2025, 121 W
Thu Aug 28 20:47:11 IDT 2025, 124 W
Thu Aug 28 20:47:11 IDT 2025, 115 W
Thu Aug 28 20:47:12 IDT 2025, 108 W
Thu Aug 28 20:47:12 IDT 2025, 127 W
Thu Aug 28 20:47:12 IDT 2025, 118 W
Thu Aug 28 20:47:12 IDT 2025, 123 W
Thu Aug 28 20:47:12 IDT 2025, 136 W
Thu Aug 28 20:47:12 IDT 2025, 119 W
Thu Aug 28 20:47:12 IDT 2025, 131 W
Thu Aug 28 20:47:12 IDT 2025, 120 W
Thu Aug 28 20:47:13 IDT 2025, 133 W
Thu Aug 28 20:47:13 IDT 2025, 117 W
Thu Aug 28 20:47:13 IDT 2025, 99 W
Thu Aug 28 20:47:13 IDT 2025, 110 W
Thu Aug 28 20:47:13 IDT 2025, 138 W
Thu Aug 28 20:47:13 IDT 2025, 116 W
Thu Aug 28 20:47:13 IDT 2025, 120 W
Thu Aug 28 20:47:13 IDT 2025, 109 W
Thu Aug 28 20:47:14 IDT 2025, 127 W
Thu Aug 28 20:47:14 IDT 2025, 125 W
Thu Aug 28 20:47:14 IDT 2025, 110 W
Thu Aug 28 20:47:14 IDT 2025, 116 W
Thu Aug 28 20:47:14 IDT 2025, 126 W
Thu Aug 28 20:47:14 IDT 2025, 123 W
Thu Aug 28 20:47:14 IDT 2025, 106 W
Thu Aug 28 20:47:14 IDT 2025, 109 W
Thu Aug 28 20:47:15 IDT 2025, 120 W
Thu Aug 28 20:47:15 IDT 2025, 116 W
Thu Aug 28 20:47:15 IDT 2025, 108 W
Thu Aug 28 20:47:15 IDT 2025, 105 W
Thu Aug 28 20:47:15 IDT 2025, 135 W
Thu Aug 28 20:47:15 IDT 2025, 113 W
Thu Aug 28 20:47:15 IDT 2025, 119 W
Thu Aug 28 20:47:15 IDT 2025, 110 W
Thu Aug 28 20:47:16 IDT 2025, 123 W
Thu Aug 28 20:47:16 IDT 2025, 131 W
Thu Aug 28 20:47:16 IDT 2025, 111 W
Thu Aug 28 20:47:16 IDT 2025, 115 W
Thu Aug 28 20:47:16 IDT 2025, 134 W
Thu Aug 28 20:47:16 IDT 2025, 120 W
Thu Aug 28 20:47:16 IDT 2025, 124 W
Thu Aug 28 20:47:16 IDT 2025, 94 W
Thu Aug 28 20:47:17 IDT 2025, 125 W
Thu Aug 28 20:47:17 IDT 2025, 116 W
Thu Aug 28 20:47:17 IDT 2025, 107 W
Thu Aug 28 20:47:17 IDT 2025, 121 W
Thu Aug 28 20:47:17 IDT 2025, 137 W
Thu Aug 28 20:47:17 IDT 2025, 121 W
Thu Aug 28 20:47:17 IDT 2025, 107 W
Thu Aug 28 20:47:17 IDT 2025, 114 W
Thu Aug 28 20:47:18 IDT 2025, 130 W
Thu Aug 28 20:47:18 IDT 2025, 127 W
Thu Aug 28 20:47:18 IDT 2025, 107 W
Thu Aug 28 20:47:18 IDT 2025, 115 W
Thu Aug 28 20:47:18 IDT 2025, 138 W
Thu Aug 28 20:47:18 IDT 2025, 119 W
Thu Aug 28 20:47:18 IDT 2025, 101 W
Thu Aug 28 20:47:18 IDT 2025, 109 W
Thu Aug 28 20:47:19 IDT 2025, 134 W
Thu Aug 28 20:47:19 IDT 2025, 124 W
Thu Aug 28 20:47:19 IDT 2025, 120 W
Thu Aug 28 20:47:19 IDT 2025, 112 W
Thu Aug 28 20:47:19 IDT 2025, 143 W
Thu Aug 28 20:47:19 IDT 2025, 102 W
Thu Aug 28 20:47:19 IDT 2025, 117 W
Thu Aug 28 20:47:19 IDT 2025, 114 W
Thu Aug 28 20:47:20 IDT 2025, 127 W
Thu Aug 28 20:47:20 IDT 2025, 122 W
Thu Aug 28 20:47:20 IDT 2025, 93 W
Thu Aug 28 20:47:20 IDT 2025, 115 W
Thu Aug 28 20:47:20 IDT 2025, 138 W
Thu Aug 28 20:47:20 IDT 2025, 118 W
Thu Aug 28 20:47:20 IDT 2025, 129 W
Thu Aug 28 20:47:20 IDT 2025, 119 W
Thu Aug 28 20:47:21 IDT 2025, 124 W
Thu Aug 28 20:47:21 IDT 2025, 105 W
Thu Aug 28 20:47:21 IDT 2025, 106 W
Thu Aug 28 20:47:21 IDT 2025, 110 W
Thu Aug 28 20:47:21 IDT 2025, 140 W
Thu Aug 28 20:47:21 IDT 2025, 119 W
Thu Aug 28 20:47:21 IDT 2025, 127 W
Thu Aug 28 20:47:21 IDT 2025, 114 W
Thu Aug 28 20:47:22 IDT 2025, 121 W
Thu Aug 28 20:47:22 IDT 2025, 117 W
Thu Aug 28 20:47:22 IDT 2025, 94 W
Thu Aug 28 20:47:22 IDT 2025, 111 W
Thu Aug 28 20:47:22 IDT 2025, 127 W
Thu Aug 28 20:47:22 IDT 2025, 117 W
Thu Aug 28 20:47:22 IDT 2025, 115 W
Thu Aug 28 20:47:22 IDT 2025, 111 W
Thu Aug 28 20:47:23 IDT 2025, 117 W
Thu Aug 28 20:47:23 IDT 2025, 125 W
Thu Aug 28 20:47:23 IDT 2025, 107 W
Thu Aug 28 20:47:23 IDT 2025, 97 W
Thu Aug 28 20:47:23 IDT 2025, 142 W
Thu Aug 28 20:47:23 IDT 2025, 115 W
Thu Aug 28 20:47:23 IDT 2025, 125 W
Thu Aug 28 20:47:23 IDT 2025, 109 W
Thu Aug 28 20:47:24 IDT 2025, 131 W
Thu Aug 28 20:47:24 IDT 2025, 124 W
Thu Aug 28 20:47:24 IDT 2025, 91 W
Thu Aug 28 20:47:24 IDT 2025, 114 W
Thu Aug 28 20:47:24 IDT 2025, 140 W
Thu Aug 28 20:47:24 IDT 2025, 125 W
Thu Aug 28 20:47:24 IDT 2025, 125 W
Thu Aug 28 20:47:24 IDT 2025, 114 W
Thu Aug 28 20:47:25 IDT 2025, 127 W
Thu Aug 28 20:47:25 IDT 2025, 129 W
Thu Aug 28 20:47:25 IDT 2025, 108 W
Thu Aug 28 20:47:25 IDT 2025, 110 W
Thu Aug 28 20:47:25 IDT 2025, 131 W
Thu Aug 28 20:47:25 IDT 2025, 124 W
Thu Aug 28 20:47:25 IDT 2025, 123 W
Thu Aug 28 20:47:25 IDT 2025, 95 W
Thu Aug 28 20:47:26 IDT 2025, 130 W
Thu Aug 28 20:47:26 IDT 2025, 126 W
Thu Aug 28 20:47:26 IDT 2025, 109 W
Thu Aug 28 20:47:26 IDT 2025, 111 W
Thu Aug 28 20:47:26 IDT 2025, 121 W
Thu Aug 28 20:47:26 IDT 2025, 124 W
Thu Aug 28 20:47:26 IDT 2025, 118 W
Thu Aug 28 20:47:26 IDT 2025, 111 W
Thu Aug 28 20:47:27 IDT 2025, 136 W
Thu Aug 28 20:47:27 IDT 2025, 122 W
Thu Aug 28 20:47:27 IDT 2025, 98 W
Thu Aug 28 20:47:27 IDT 2025, 116 W
Thu Aug 28 20:47:27 IDT 2025, 140 W
Thu Aug 28 20:47:27 IDT 2025, 119 W
Thu Aug 28 20:47:27 IDT 2025, 124 W
Thu Aug 28 20:47:27 IDT 2025, 112 W
Thu Aug 28 20:47:28 IDT 2025, 129 W
Thu Aug 28 20:47:28 IDT 2025, 130 W
Thu Aug 28 20:47:28 IDT 2025, 117 W
Thu Aug 28 20:47:28 IDT 2025, 99 W
Thu Aug 28 20:47:28 IDT 2025, 142 W
Thu Aug 28 20:47:28 IDT 2025, 119 W
Thu Aug 28 20:47:28 IDT 2025, 122 W
Thu Aug 28 20:47:28 IDT 2025, 114 W
Thu Aug 28 20:47:29 IDT 2025, 127 W
Thu Aug 28 20:47:29 IDT 2025, 122 W
Thu Aug 28 20:47:29 IDT 2025, 113 W
Thu Aug 28 20:47:29 IDT 2025, 117 W
Thu Aug 28 20:47:29 IDT 2025, 140 W
Thu Aug 28 20:47:29 IDT 2025, 128 W
Thu Aug 28 20:47:29 IDT 2025, 118 W
Thu Aug 28 20:47:29 IDT 2025, 95 W
Thu Aug 28 20:47:30 IDT 2025, 137 W
Thu Aug 28 20:47:30 IDT 2025, 121 W
Thu Aug 28 20:47:30 IDT 2025, 117 W
Thu Aug 28 20:47:30 IDT 2025, 111 W
Thu Aug 28 20:47:30 IDT 2025, 135 W
Thu Aug 28 20:47:30 IDT 2025, 126 W
Thu Aug 28 20:47:30 IDT 2025, 121 W
Thu Aug 28 20:47:30 IDT 2025, 93 W
Thu Aug 28 20:47:31 IDT 2025, 118 W
Thu Aug 28 20:47:31 IDT 2025, 125 W
Thu Aug 28 20:47:31 IDT 2025, 113 W
Thu Aug 28 20:47:31 IDT 2025, 100 W
Thu Aug 28 20:47:31 IDT 2025, 135 W
Thu Aug 28 20:47:31 IDT 2025, 118 W
Thu Aug 28 20:47:31 IDT 2025, 127 W
Thu Aug 28 20:47:31 IDT 2025, 108 W
Thu Aug 28 20:47:32 IDT 2025, 109 W
Thu Aug 28 20:47:32 IDT 2025, 121 W
Thu Aug 28 20:47:32 IDT 2025, 108 W
Thu Aug 28 20:47:32 IDT 2025, 115 W
Thu Aug 28 20:47:32 IDT 2025, 135 W
Thu Aug 28 20:47:32 IDT 2025, 123 W
Thu Aug 28 20:47:32 IDT 2025, 123 W
Thu Aug 28 20:47:32 IDT 2025, 109 W
Thu Aug 28 20:47:33 IDT 2025, 129 W
Thu Aug 28 20:47:33 IDT 2025, 124 W
Thu Aug 28 20:47:33 IDT 2025, 114 W
Thu Aug 28 20:47:33 IDT 2025, 103 W
Thu Aug 28 20:47:33 IDT 2025, 137 W
Thu Aug 28 20:47:33 IDT 2025, 109 W
Thu Aug 28 20:47:33 IDT 2025, 113 W
Thu Aug 28 20:47:33 IDT 2025, 93 W
Thu Aug 28 20:47:34 IDT 2025, 128 W
Thu Aug 28 20:47:34 IDT 2025, 132 W
Thu Aug 28 20:47:34 IDT 2025, 94 W
Thu Aug 28 20:47:34 IDT 2025, 111 W
Thu Aug 28 20:47:34 IDT 2025, 135 W
Thu Aug 28 20:47:34 IDT 2025, 119 W
Thu Aug 28 20:47:34 IDT 2025, 127 W
Thu Aug 28 20:47:34 IDT 2025, 120 W
Thu Aug 28 20:47:35 IDT 2025, 131 W
Thu Aug 28 20:47:35 IDT 2025, 133 W
Thu Aug 28 20:47:35 IDT 2025, 97 W
Thu Aug 28 20:47:35 IDT 2025, 119 W
Thu Aug 28 20:47:35 IDT 2025, 138 W
Thu Aug 28 20:47:35 IDT 2025, 128 W
Thu Aug 28 20:47:35 IDT 2025, 123 W
Thu Aug 28 20:47:35 IDT 2025, 113 W
Thu Aug 28 20:47:36 IDT 2025, 136 W
Thu Aug 28 20:47:36 IDT 2025, 131 W
Thu Aug 28 20:47:36 IDT 2025, 114 W
Thu Aug 28 20:47:36 IDT 2025, 110 W
Thu Aug 28 20:47:36 IDT 2025, 139 W
Thu Aug 28 20:47:36 IDT 2025, 104 W
Thu Aug 28 20:47:36 IDT 2025, 117 W
Thu Aug 28 20:47:36 IDT 2025, 95 W
Thu Aug 28 20:47:37 IDT 2025, 129 W
Thu Aug 28 20:47:37 IDT 2025, 123 W
Thu Aug 28 20:47:37 IDT 2025, 103 W
Thu Aug 28 20:47:37 IDT 2025, 112 W
Thu Aug 28 20:47:37 IDT 2025, 137 W
Thu Aug 28 20:47:37 IDT 2025, 121 W
Thu Aug 28 20:47:37 IDT 2025, 129 W
Thu Aug 28 20:47:37 IDT 2025, 114 W
Thu Aug 28 20:47:38 IDT 2025, 129 W
Thu Aug 28 20:47:38 IDT 2025, 131 W
Thu Aug 28 20:47:38 IDT 2025, 121 W
Thu Aug 28 20:47:38 IDT 2025, 122 W
Thu Aug 28 20:47:38 IDT 2025, 133 W
Thu Aug 28 20:47:38 IDT 2025, 115 W
Thu Aug 28 20:47:38 IDT 2025, 119 W
Thu Aug 28 20:47:38 IDT 2025, 98 W
Thu Aug 28 20:47:39 IDT 2025, 122 W
Thu Aug 28 20:47:39 IDT 2025, 122 W
Thu Aug 28 20:47:39 IDT 2025, 107 W
Thu Aug 28 20:47:39 IDT 2025, 108 W
Thu Aug 28 20:47:39 IDT 2025, 135 W
Thu Aug 28 20:47:39 IDT 2025, 119 W
Thu Aug 28 20:47:39 IDT 2025, 124 W
Thu Aug 28 20:47:39 IDT 2025, 118 W
Thu Aug 28 20:47:40 IDT 2025, 127 W
Thu Aug 28 20:47:40 IDT 2025, 125 W
Thu Aug 28 20:47:40 IDT 2025, 116 W
Thu Aug 28 20:47:40 IDT 2025, 115 W
Thu Aug 28 20:47:40 IDT 2025, 145 W
Thu Aug 28 20:47:40 IDT 2025, 121 W
Thu Aug 28 20:47:40 IDT 2025, 106 W
Thu Aug 28 20:47:40 IDT 2025, 109 W
Thu Aug 28 20:47:41 IDT 2025, 124 W
Thu Aug 28 20:47:41 IDT 2025, 116 W
Thu Aug 28 20:47:41 IDT 2025, 115 W
Thu Aug 28 20:47:41 IDT 2025, 118 W
Thu Aug 28 20:47:41 IDT 2025, 143 W
Thu Aug 28 20:47:41 IDT 2025, 119 W
Thu Aug 28 20:47:41 IDT 2025, 110 W
Thu Aug 28 20:47:41 IDT 2025, 113 W
Thu Aug 28 20:47:42 IDT 2025, 127 W
Thu Aug 28 20:47:42 IDT 2025, 128 W
Thu Aug 28 20:47:42 IDT 2025, 111 W
Thu Aug 28 20:47:42 IDT 2025, 101 W
Thu Aug 28 20:47:42 IDT 2025, 139 W
Thu Aug 28 20:47:42 IDT 2025, 125 W
Thu Aug 28 20:47:42 IDT 2025, 120 W
Thu Aug 28 20:47:42 IDT 2025, 117 W
Thu Aug 28 20:47:43 IDT 2025, 125 W
Thu Aug 28 20:47:43 IDT 2025, 125 W
Thu Aug 28 20:47:43 IDT 2025, 115 W
Thu Aug 28 20:47:43 IDT 2025, 110 W
Thu Aug 28 20:47:43 IDT 2025, 135 W
Thu Aug 28 20:47:43 IDT 2025, 111 W
Thu Aug 28 20:47:43 IDT 2025, 118 W
Thu Aug 28 20:47:43 IDT 2025, 102 W
Thu Aug 28 20:47:44 IDT 2025, 129 W
Thu Aug 28 20:47:44 IDT 2025, 124 W
Thu Aug 28 20:47:44 IDT 2025, 111 W
Thu Aug 28 20:47:44 IDT 2025, 109 W
Thu Aug 28 20:47:44 IDT 2025, 135 W
Thu Aug 28 20:47:44 IDT 2025, 121 W
Thu Aug 28 20:47:44 IDT 2025, 120 W
Thu Aug 28 20:47:44 IDT 2025, 92 W
Thu Aug 28 20:47:45 IDT 2025, 128 W
Thu Aug 28 20:47:45 IDT 2025, 135 W
Thu Aug 28 20:47:45 IDT 2025, 113 W
Thu Aug 28 20:47:45 IDT 2025, 108 W
Thu Aug 28 20:47:45 IDT 2025, 135 W
Thu Aug 28 20:47:45 IDT 2025, 127 W
Thu Aug 28 20:47:45 IDT 2025, 118 W
Thu Aug 28 20:47:45 IDT 2025, 93 W
Thu Aug 28 20:47:46 IDT 2025, 131 W
Thu Aug 28 20:47:46 IDT 2025, 130 W
Thu Aug 28 20:47:46 IDT 2025, 104 W
Thu Aug 28 20:47:46 IDT 2025, 112 W
Thu Aug 28 20:47:46 IDT 2025, 139 W
Thu Aug 28 20:47:46 IDT 2025, 122 W
Thu Aug 28 20:47:46 IDT 2025, 118 W
Thu Aug 28 20:47:46 IDT 2025, 110 W
Thu Aug 28 20:47:47 IDT 2025, 109 W
Thu Aug 28 20:47:47 IDT 2025, 133 W
Thu Aug 28 20:47:47 IDT 2025, 117 W
Thu Aug 28 20:47:47 IDT 2025, 121 W
Thu Aug 28 20:47:47 IDT 2025, 141 W
Thu Aug 28 20:47:47 IDT 2025, 120 W
Thu Aug 28 20:47:47 IDT 2025, 121 W
Thu Aug 28 20:47:47 IDT 2025, 114 W
Thu Aug 28 20:47:48 IDT 2025, 125 W
Thu Aug 28 20:47:48 IDT 2025, 135 W
Thu Aug 28 20:47:48 IDT 2025, 113 W
Thu Aug 28 20:47:48 IDT 2025, 119 W
Thu Aug 28 20:47:48 IDT 2025, 122 W
Thu Aug 28 20:47:48 IDT 2025, 118 W
Thu Aug 28 20:47:48 IDT 2025, 115 W
Thu Aug 28 20:47:48 IDT 2025, 115 W
Thu Aug 28 20:47:49 IDT 2025, 123 W
Thu Aug 28 20:47:49 IDT 2025, 113 W
Thu Aug 28 20:47:49 IDT 2025, 116 W
Thu Aug 28 20:47:49 IDT 2025, 110 W
Thu Aug 28 20:47:49 IDT 2025, 137 W
Thu Aug 28 20:47:49 IDT 2025, 122 W
Thu Aug 28 20:47:49 IDT 2025, 121 W
Thu Aug 28 20:47:49 IDT 2025, 116 W
Thu Aug 28 20:47:50 IDT 2025, 114 W
Thu Aug 28 20:47:50 IDT 2025, 121 W
Thu Aug 28 20:47:50 IDT 2025, 109 W
Thu Aug 28 20:47:50 IDT 2025, 120 W
Thu Aug 28 20:47:50 IDT 2025, 142 W
Thu Aug 28 20:47:50 IDT 2025, 121 W
Thu Aug 28 20:47:50 IDT 2025, 118 W
Thu Aug 28 20:47:50 IDT 2025, 101 W
Thu Aug 28 20:47:51 IDT 2025, 135 W
Thu Aug 28 20:47:51 IDT 2025, 125 W
Thu Aug 28 20:47:51 IDT 2025, 111 W
Thu Aug 28 20:47:51 IDT 2025, 111 W
Thu Aug 28 20:47:51 IDT 2025, 124 W
Thu Aug 28 20:47:51 IDT 2025, 128 W
Thu Aug 28 20:47:51 IDT 2025, 119 W
Thu Aug 28 20:47:51 IDT 2025, 119 W
Thu Aug 28 20:47:52 IDT 2025, 126 W
Thu Aug 28 20:47:52 IDT 2025, 130 W
Thu Aug 28 20:47:52 IDT 2025, 113 W
Thu Aug 28 20:47:52 IDT 2025, 117 W
Thu Aug 28 20:47:52 IDT 2025, 121 W
Thu Aug 28 20:47:52 IDT 2025, 117 W
Thu Aug 28 20:47:52 IDT 2025, 124 W
Thu Aug 28 20:47:52 IDT 2025, 112 W
Thu Aug 28 20:47:53 IDT 2025, 129 W
Thu Aug 28 20:47:53 IDT 2025, 122 W
Thu Aug 28 20:47:53 IDT 2025, 111 W
Thu Aug 28 20:47:53 IDT 2025, 117 W
Thu Aug 28 20:47:53 IDT 2025, 121 W
Thu Aug 28 20:47:53 IDT 2025, 121 W
Thu Aug 28 20:47:53 IDT 2025, 122 W
Thu Aug 28 20:47:53 IDT 2025, 110 W
Thu Aug 28 20:47:54 IDT 2025, 115 W
Thu Aug 28 20:47:54 IDT 2025, 121 W
Thu Aug 28 20:47:54 IDT 2025, 112 W
Thu Aug 28 20:47:54 IDT 2025, 111 W
Thu Aug 28 20:47:54 IDT 2025, 144 W
Thu Aug 28 20:47:54 IDT 2025, 121 W
Thu Aug 28 20:47:54 IDT 2025, 123 W
Thu Aug 28 20:47:54 IDT 2025, 114 W
Thu Aug 28 20:47:55 IDT 2025, 120 W
Thu Aug 28 20:47:55 IDT 2025, 113 W
Thu Aug 28 20:47:55 IDT 2025, 109 W
Thu Aug 28 20:47:55 IDT 2025, 96 W
Thu Aug 28 20:47:55 IDT 2025, 135 W
Thu Aug 28 20:47:55 IDT 2025, 110 W
Thu Aug 28 20:47:55 IDT 2025, 113 W
Thu Aug 28 20:47:55 IDT 2025, 103 W
Thu Aug 28 20:47:56 IDT 2025, 130 W
Thu Aug 28 20:47:56 IDT 2025, 124 W
Thu Aug 28 20:47:56 IDT 2025, 109 W
Thu Aug 28 20:47:56 IDT 2025, 113 W
Thu Aug 28 20:47:56 IDT 2025, 142 W
Thu Aug 28 20:47:56 IDT 2025, 124 W
Thu Aug 28 20:47:56 IDT 2025, 121 W
Thu Aug 28 20:47:56 IDT 2025, 96 W
Thu Aug 28 20:47:57 IDT 2025, 119 W
Thu Aug 28 20:47:57 IDT 2025, 128 W
Thu Aug 28 20:47:57 IDT 2025, 115 W
Thu Aug 28 20:47:57 IDT 2025, 119 W
Thu Aug 28 20:47:57 IDT 2025, 147 W
Thu Aug 28 20:47:57 IDT 2025, 128 W
Thu Aug 28 20:47:57 IDT 2025, 130 W
Thu Aug 28 20:47:57 IDT 2025, 116 W
Thu Aug 28 20:47:58 IDT 2025, 128 W
Thu Aug 28 20:47:58 IDT 2025, 131 W
Thu Aug 28 20:47:58 IDT 2025, 117 W
Thu Aug 28 20:47:58 IDT 2025, 109 W
Thu Aug 28 20:47:58 IDT 2025, 139 W
Thu Aug 28 20:47:58 IDT 2025, 121 W
Thu Aug 28 20:47:58 IDT 2025, 103 W
Thu Aug 28 20:47:58 IDT 2025, 118 W
Thu Aug 28 20:47:59 IDT 2025, 111 W
Thu Aug 28 20:47:59 IDT 2025, 133 W
Thu Aug 28 20:47:59 IDT 2025, 121 W
Thu Aug 28 20:47:59 IDT 2025, 110 W
Thu Aug 28 20:47:59 IDT 2025, 143 W
Thu Aug 28 20:47:59 IDT 2025, 119 W
Thu Aug 28 20:47:59 IDT 2025, 119 W
Thu Aug 28 20:47:59 IDT 2025, 111 W
Thu Aug 28 20:48:00 IDT 2025, 130 W
Thu Aug 28 20:48:00 IDT 2025, 124 W
Thu Aug 28 20:48:00 IDT 2025, 112 W
Thu Aug 28 20:48:00 IDT 2025, 92 W
Thu Aug 28 20:48:00 IDT 2025, 141 W
Thu Aug 28 20:48:00 IDT 2025, 117 W
Thu Aug 28 20:48:00 IDT 2025, 125 W
Thu Aug 28 20:48:00 IDT 2025, 112 W
Thu Aug 28 20:48:01 IDT 2025, 128 W
Thu Aug 28 20:48:01 IDT 2025, 124 W
Thu Aug 28 20:48:01 IDT 2025, 113 W
Thu Aug 28 20:48:01 IDT 2025, 116 W
Thu Aug 28 20:48:01 IDT 2025, 128 W
Thu Aug 28 20:48:01 IDT 2025, 123 W
Thu Aug 28 20:48:01 IDT 2025, 121 W
Thu Aug 28 20:48:01 IDT 2025, 106 W
Thu Aug 28 20:48:02 IDT 2025, 124 W
Thu Aug 28 20:48:02 IDT 2025, 119 W
Thu Aug 28 20:48:02 IDT 2025, 108 W
Thu Aug 28 20:48:02 IDT 2025, 113 W
Thu Aug 28 20:48:02 IDT 2025, 128 W
Thu Aug 28 20:48:02 IDT 2025, 112 W
Thu Aug 28 20:48:02 IDT 2025, 122 W
Thu Aug 28 20:48:02 IDT 2025, 109 W
Thu Aug 28 20:48:03 IDT 2025, 122 W
Thu Aug 28 20:48:03 IDT 2025, 106 W
Thu Aug 28 20:48:03 IDT 2025, 103 W
Thu Aug 28 20:48:03 IDT 2025, 93 W
Thu Aug 28 20:48:03 IDT 2025, 124 W
Thu Aug 28 20:48:03 IDT 2025, 106 W
Thu Aug 28 20:48:03 IDT 2025, 116 W
Thu Aug 28 20:48:03 IDT 2025, 105 W
Thu Aug 28 20:48:04 IDT 2025, 135 W
Thu Aug 28 20:48:04 IDT 2025, 124 W
Thu Aug 28 20:48:04 IDT 2025, 111 W
Thu Aug 28 20:48:04 IDT 2025, 112 W
Thu Aug 28 20:48:04 IDT 2025, 125 W
Thu Aug 28 20:48:04 IDT 2025, 119 W
Thu Aug 28 20:48:04 IDT 2025, 121 W
Thu Aug 28 20:48:04 IDT 2025, 111 W
Thu Aug 28 20:48:05 IDT 2025, 129 W
Thu Aug 28 20:48:05 IDT 2025, 125 W
Thu Aug 28 20:48:05 IDT 2025, 114 W
Thu Aug 28 20:48:05 IDT 2025, 119 W
Thu Aug 28 20:48:05 IDT 2025, 141 W
Thu Aug 28 20:48:05 IDT 2025, 120 W
Thu Aug 28 20:48:05 IDT 2025, 102 W
Thu Aug 28 20:48:05 IDT 2025, 116 W
Thu Aug 28 20:48:06 IDT 2025, 125 W
Thu Aug 28 20:48:06 IDT 2025, 109 W
Thu Aug 28 20:48:06 IDT 2025, 106 W
Thu Aug 28 20:48:06 IDT 2025, 110 W
Thu Aug 28 20:48:06 IDT 2025, 139 W
Thu Aug 28 20:48:06 IDT 2025, 118 W
Thu Aug 28 20:48:06 IDT 2025, 119 W
Thu Aug 28 20:48:06 IDT 2025, 113 W
Thu Aug 28 20:48:07 IDT 2025, 128 W
Thu Aug 28 20:48:07 IDT 2025, 130 W
Thu Aug 28 20:48:07 IDT 2025, 115 W
Thu Aug 28 20:48:07 IDT 2025, 112 W
Thu Aug 28 20:48:07 IDT 2025, 116 W
Thu Aug 28 20:48:07 IDT 2025, 120 W
Thu Aug 28 20:48:07 IDT 2025, 128 W
Thu Aug 28 20:48:07 IDT 2025, 111 W
Thu Aug 28 20:48:08 IDT 2025, 124 W
Thu Aug 28 20:48:08 IDT 2025, 121 W
Thu Aug 28 20:48:08 IDT 2025, 113 W
Thu Aug 28 20:48:08 IDT 2025, 118 W
Thu Aug 28 20:48:08 IDT 2025, 121 W
Thu Aug 28 20:48:08 IDT 2025, 115 W
Thu Aug 28 20:48:08 IDT 2025, 118 W
Thu Aug 28 20:48:08 IDT 2025, 96 W
Thu Aug 28 20:48:09 IDT 2025, 128 W
Thu Aug 28 20:48:09 IDT 2025, 127 W
Thu Aug 28 20:48:09 IDT 2025, 96 W
Thu Aug 28 20:48:09 IDT 2025, 115 W
Thu Aug 28 20:48:09 IDT 2025, 135 W
Thu Aug 28 20:48:09 IDT 2025, 124 W
Thu Aug 28 20:48:09 IDT 2025, 124 W
Thu Aug 28 20:48:09 IDT 2025, 112 W
Thu Aug 28 20:48:10 IDT 2025, 122 W
Thu Aug 28 20:48:10 IDT 2025, 111 W
Thu Aug 28 20:48:10 IDT 2025, 104 W
Thu Aug 28 20:48:10 IDT 2025, 109 W
Thu Aug 28 20:48:10 IDT 2025, 129 W
Thu Aug 28 20:48:10 IDT 2025, 104 W
Thu Aug 28 20:48:10 IDT 2025, 119 W
Thu Aug 28 20:48:10 IDT 2025, 94 W
Thu Aug 28 20:48:11 IDT 2025, 120 W
Thu Aug 28 20:48:11 IDT 2025, 124 W
Thu Aug 28 20:48:11 IDT 2025, 108 W
Thu Aug 28 20:48:11 IDT 2025, 119 W
Thu Aug 28 20:48:11 IDT 2025, 129 W
Thu Aug 28 20:48:11 IDT 2025, 118 W
Thu Aug 28 20:48:11 IDT 2025, 121 W
Thu Aug 28 20:48:11 IDT 2025, 111 W
Thu Aug 28 20:48:12 IDT 2025, 126 W
Thu Aug 28 20:48:12 IDT 2025, 126 W
Thu Aug 28 20:48:12 IDT 2025, 121 W
Thu Aug 28 20:48:12 IDT 2025, 116 W
Thu Aug 28 20:48:12 IDT 2025, 123 W
Thu Aug 28 20:48:12 IDT 2025, 117 W
Thu Aug 28 20:48:12 IDT 2025, 126 W
Thu Aug 28 20:48:12 IDT 2025, 116 W
Thu Aug 28 20:48:13 IDT 2025, 132 W
Thu Aug 28 20:48:13 IDT 2025, 131 W
Thu Aug 28 20:48:13 IDT 2025, 116 W
Thu Aug 28 20:48:13 IDT 2025, 100 W
Thu Aug 28 20:48:13 IDT 2025, 143 W
Thu Aug 28 20:48:13 IDT 2025, 123 W
Thu Aug 28 20:48:13 IDT 2025, 125 W
Thu Aug 28 20:48:13 IDT 2025, 113 W
Thu Aug 28 20:48:14 IDT 2025, 135 W
Thu Aug 28 20:48:14 IDT 2025, 131 W
Thu Aug 28 20:48:14 IDT 2025, 120 W
Thu Aug 28 20:48:14 IDT 2025, 117 W
Thu Aug 28 20:48:14 IDT 2025, 144 W
Thu Aug 28 20:48:14 IDT 2025, 122 W
Thu Aug 28 20:48:14 IDT 2025, 120 W
Thu Aug 28 20:48:14 IDT 2025, 99 W
Thu Aug 28 20:48:15 IDT 2025, 125 W
Thu Aug 28 20:48:15 IDT 2025, 120 W
Thu Aug 28 20:48:15 IDT 2025, 110 W
Thu Aug 28 20:48:15 IDT 2025, 109 W
Thu Aug 28 20:48:15 IDT 2025, 122 W
Thu Aug 28 20:48:15 IDT 2025, 117 W
Thu Aug 28 20:48:15 IDT 2025, 120 W
Thu Aug 28 20:48:15 IDT 2025, 112 W
Thu Aug 28 20:48:16 IDT 2025, 131 W
Thu Aug 28 20:48:16 IDT 2025, 126 W
Thu Aug 28 20:48:16 IDT 2025, 109 W
Thu Aug 28 20:48:16 IDT 2025, 113 W
Thu Aug 28 20:48:16 IDT 2025, 118 W
Thu Aug 28 20:48:16 IDT 2025, 119 W
Thu Aug 28 20:48:16 IDT 2025, 117 W
Thu Aug 28 20:48:16 IDT 2025, 118 W
Thu Aug 28 20:48:17 IDT 2025, 115 W
Thu Aug 28 20:48:17 IDT 2025, 116 W
Thu Aug 28 20:48:17 IDT 2025, 112 W
Thu Aug 28 20:48:17 IDT 2025, 109 W
Thu Aug 28 20:48:17 IDT 2025, 134 W
Thu Aug 28 20:48:17 IDT 2025, 107 W
Thu Aug 28 20:48:17 IDT 2025, 111 W
Thu Aug 28 20:48:17 IDT 2025, 106 W
Thu Aug 28 20:48:18 IDT 2025, 132 W
Thu Aug 28 20:48:18 IDT 2025, 116 W
Thu Aug 28 20:48:18 IDT 2025, 110 W
Thu Aug 28 20:48:18 IDT 2025, 112 W
Thu Aug 28 20:48:18 IDT 2025, 138 W
Thu Aug 28 20:48:18 IDT 2025, 116 W
Thu Aug 28 20:48:18 IDT 2025, 124 W
Thu Aug 28 20:48:18 IDT 2025, 118 W
Thu Aug 28 20:48:19 IDT 2025, 110 W
Thu Aug 28 20:48:19 IDT 2025, 121 W
Thu Aug 28 20:48:19 IDT 2025, 111 W
Thu Aug 28 20:48:19 IDT 2025, 116 W
Thu Aug 28 20:48:19 IDT 2025, 141 W
Thu Aug 28 20:48:19 IDT 2025, 122 W
Thu Aug 28 20:48:19 IDT 2025, 120 W
Thu Aug 28 20:48:19 IDT 2025, 117 W
Thu Aug 28 20:48:20 IDT 2025, 134 W
Thu Aug 28 20:48:20 IDT 2025, 134 W
Thu Aug 28 20:48:20 IDT 2025, 98 W
Thu Aug 28 20:48:20 IDT 2025, 114 W
Thu Aug 28 20:48:20 IDT 2025, 135 W
Thu Aug 28 20:48:20 IDT 2025, 118 W
Thu Aug 28 20:48:20 IDT 2025, 123 W
Thu Aug 28 20:48:20 IDT 2025, 111 W
Thu Aug 28 20:48:21 IDT 2025, 130 W
Thu Aug 28 20:48:21 IDT 2025, 128 W
Thu Aug 28 20:48:21 IDT 2025, 114 W
Thu Aug 28 20:48:21 IDT 2025, 111 W
Thu Aug 28 20:48:21 IDT 2025, 120 W
Thu Aug 28 20:48:21 IDT 2025, 121 W
Thu Aug 28 20:48:21 IDT 2025, 129 W
Thu Aug 28 20:48:21 IDT 2025, 117 W
Thu Aug 28 20:48:22 IDT 2025, 122 W
Thu Aug 28 20:48:22 IDT 2025, 116 W
Thu Aug 28 20:48:22 IDT 2025, 109 W
Thu Aug 28 20:48:22 IDT 2025, 99 W
Thu Aug 28 20:48:22 IDT 2025, 133 W
Thu Aug 28 20:48:22 IDT 2025, 115 W
Thu Aug 28 20:48:22 IDT 2025, 113 W
Thu Aug 28 20:48:22 IDT 2025, 103 W
Thu Aug 28 20:48:23 IDT 2025, 124 W
Thu Aug 28 20:48:23 IDT 2025, 130 W
Thu Aug 28 20:48:23 IDT 2025, 119 W
Thu Aug 28 20:48:23 IDT 2025, 95 W
Thu Aug 28 20:48:23 IDT 2025, 139 W
Thu Aug 28 20:48:23 IDT 2025, 120 W
Thu Aug 28 20:48:23 IDT 2025, 117 W
Thu Aug 28 20:48:23 IDT 2025, 109 W
Thu Aug 28 20:48:24 IDT 2025, 133 W
Thu Aug 28 20:48:24 IDT 2025, 107 W
Thu Aug 28 20:48:24 IDT 2025, 118 W
Thu Aug 28 20:48:24 IDT 2025, 116 W
Thu Aug 28 20:48:24 IDT 2025, 139 W
Thu Aug 28 20:48:24 IDT 2025, 124 W
Thu Aug 28 20:48:24 IDT 2025, 128 W
Thu Aug 28 20:48:24 IDT 2025, 116 W
Thu Aug 28 20:48:25 IDT 2025, 112 W
Thu Aug 28 20:48:25 IDT 2025, 105 W
Thu Aug 28 20:48:25 IDT 2025, 94 W
Thu Aug 28 20:48:25 IDT 2025, 94 W
Thu Aug 28 20:48:25 IDT 2025, 114 W
Thu Aug 28 20:48:25 IDT 2025, 97 W
Thu Aug 28 20:48:25 IDT 2025, 101 W
Thu Aug 28 20:48:25 IDT 2025, 98 W
Thu Aug 28 20:48:26 IDT 2025, 104 W
Thu Aug 28 20:48:26 IDT 2025, 103 W
Thu Aug 28 20:48:26 IDT 2025, 91 W
Thu Aug 28 20:48:26 IDT 2025, 93 W
Thu Aug 28 20:48:26 IDT 2025, 117 W
Thu Aug 28 20:48:26 IDT 2025, 94 W
Thu Aug 28 20:48:26 IDT 2025, 103 W
Thu Aug 28 20:48:26 IDT 2025, 92 W
Thu Aug 28 20:48:27 IDT 2025, 110 W
Thu Aug 28 20:48:27 IDT 2025, 110 W
Thu Aug 28 20:48:27 IDT 2025, 95 W
Thu Aug 28 20:48:27 IDT 2025, 94 W
Thu Aug 28 20:48:27 IDT 2025, 118 W
Thu Aug 28 20:48:27 IDT 2025, 100 W
Thu Aug 28 20:48:27 IDT 2025, 105 W
Thu Aug 28 20:48:27 IDT 2025, 91 W
Thu Aug 28 20:48:28 IDT 2025, 105 W
Thu Aug 28 20:48:28 IDT 2025, 112 W
Thu Aug 28 20:48:28 IDT 2025, 96 W
Thu Aug 28 20:48:28 IDT 2025, 95 W
Thu Aug 28 20:48:28 IDT 2025, 120 W
Thu Aug 28 20:48:28 IDT 2025, 97 W
Thu Aug 28 20:48:28 IDT 2025, 100 W
Thu Aug 28 20:48:28 IDT 2025, 88 W
Thu Aug 28 20:48:29 IDT 2025, 108 W
Thu Aug 28 20:48:29 IDT 2025, 103 W
Thu Aug 28 20:48:29 IDT 2025, 95 W
Thu Aug 28 20:48:29 IDT 2025, 96 W
Thu Aug 28 20:48:29 IDT 2025, 114 W
Thu Aug 28 20:48:29 IDT 2025, 103 W
Thu Aug 28 20:48:29 IDT 2025, 99 W
Thu Aug 28 20:48:29 IDT 2025, 97 W
Thu Aug 28 20:48:30 IDT 2025, 107 W
Thu Aug 28 20:48:30 IDT 2025, 101 W
Thu Aug 28 20:48:30 IDT 2025, 96 W
Thu Aug 28 20:48:30 IDT 2025, 100 W
Thu Aug 28 20:48:30 IDT 2025, 117 W
Thu Aug 28 20:48:30 IDT 2025, 98 W
Thu Aug 28 20:48:30 IDT 2025, 104 W
Thu Aug 28 20:48:30 IDT 2025, 88 W
Thu Aug 28 20:48:31 IDT 2025, 106 W
Thu Aug 28 20:48:31 IDT 2025, 98 W
Thu Aug 28 20:48:31 IDT 2025, 99 W
Thu Aug 28 20:48:31 IDT 2025, 91 W
Thu Aug 28 20:48:31 IDT 2025, 118 W
Thu Aug 28 20:48:31 IDT 2025, 105 W
Thu Aug 28 20:48:31 IDT 2025, 96 W
Thu Aug 28 20:48:31 IDT 2025, 95 W
Thu Aug 28 20:48:32 IDT 2025, 108 W
Thu Aug 28 20:48:32 IDT 2025, 96 W
Thu Aug 28 20:48:32 IDT 2025, 96 W
Thu Aug 28 20:48:32 IDT 2025, 96 W
Thu Aug 28 20:48:32 IDT 2025, 119 W
Thu Aug 28 20:48:32 IDT 2025, 93 W
Thu Aug 28 20:48:32 IDT 2025, 95 W
Thu Aug 28 20:48:32 IDT 2025, 92 W
Thu Aug 28 20:48:33 IDT 2025, 108 W
Thu Aug 28 20:48:33 IDT 2025, 101 W
Thu Aug 28 20:48:33 IDT 2025, 95 W
Thu Aug 28 20:48:33 IDT 2025, 95 W
Thu Aug 28 20:48:33 IDT 2025, 115 W
Thu Aug 28 20:48:33 IDT 2025, 95 W
Thu Aug 28 20:48:33 IDT 2025, 100 W
Thu Aug 28 20:48:33 IDT 2025, 86 W
