timestamp, power.draw [W]
Sat Mar  7 17:13:03 IST 2026, 228 W
Sat Mar  7 17:13:03 IST 2026, 229 W
Sat Mar  7 17:13:03 IST 2026, 226 W
Sat Mar  7 17:13:03 IST 2026, 229 W
Sat Mar  7 17:13:03 IST 2026, 231 W
Sat Mar  7 17:13:03 IST 2026, 228 W
Sat Mar  7 17:13:03 IST 2026, 226 W
Sat Mar  7 17:13:03 IST 2026, 229 W
Sat Mar  7 17:13:04 IST 2026, 227 W
Sat Mar  7 17:13:04 IST 2026, 229 W
Sat Mar  7 17:13:04 IST 2026, 226 W
Sat Mar  7 17:13:04 IST 2026, 229 W
Sat Mar  7 17:13:04 IST 2026, 231 W
Sat Mar  7 17:13:04 IST 2026, 228 W
Sat Mar  7 17:13:04 IST 2026, 226 W
Sat Mar  7 17:13:04 IST 2026, 228 W
Sat Mar  7 17:13:05 IST 2026, 227 W
Sat Mar  7 17:13:05 IST 2026, 229 W
Sat Mar  7 17:13:05 IST 2026, 226 W
Sat Mar  7 17:13:05 IST 2026, 229 W
Sat Mar  7 17:13:05 IST 2026, 231 W
Sat Mar  7 17:13:05 IST 2026, 228 W
Sat Mar  7 17:13:05 IST 2026, 226 W
Sat Mar  7 17:13:05 IST 2026, 229 W
Sat Mar  7 17:13:06 IST 2026, 228 W
Sat Mar  7 17:13:06 IST 2026, 229 W
Sat Mar  7 17:13:06 IST 2026, 226 W
Sat Mar  7 17:13:06 IST 2026, 229 W
Sat Mar  7 17:13:06 IST 2026, 231 W
Sat Mar  7 17:13:06 IST 2026, 228 W
Sat Mar  7 17:13:06 IST 2026, 226 W
Sat Mar  7 17:13:06 IST 2026, 228 W
Sat Mar  7 17:13:07 IST 2026, 228 W
Sat Mar  7 17:13:07 IST 2026, 229 W
Sat Mar  7 17:13:07 IST 2026, 226 W
Sat Mar  7 17:13:07 IST 2026, 229 W
Sat Mar  7 17:13:07 IST 2026, 231 W
Sat Mar  7 17:13:07 IST 2026, 228 W
Sat Mar  7 17:13:07 IST 2026, 226 W
Sat Mar  7 17:13:07 IST 2026, 228 W
Sat Mar  7 17:13:08 IST 2026, 227 W
Sat Mar  7 17:13:08 IST 2026, 229 W
Sat Mar  7 17:13:08 IST 2026, 226 W
Sat Mar  7 17:13:08 IST 2026, 229 W
Sat Mar  7 17:13:08 IST 2026, 231 W
Sat Mar  7 17:13:08 IST 2026, 228 W
Sat Mar  7 17:13:08 IST 2026, 226 W
Sat Mar  7 17:13:08 IST 2026, 228 W
Sat Mar  7 17:13:09 IST 2026, 227 W
Sat Mar  7 17:13:09 IST 2026, 229 W
Sat Mar  7 17:13:09 IST 2026, 226 W
Sat Mar  7 17:13:09 IST 2026, 229 W
Sat Mar  7 17:13:09 IST 2026, 231 W
Sat Mar  7 17:13:09 IST 2026, 228 W
Sat Mar  7 17:13:09 IST 2026, 226 W
Sat Mar  7 17:13:09 IST 2026, 228 W
Sat Mar  7 17:13:10 IST 2026, 227 W
Sat Mar  7 17:13:10 IST 2026, 229 W
Sat Mar  7 17:13:10 IST 2026, 226 W
Sat Mar  7 17:13:10 IST 2026, 229 W
Sat Mar  7 17:13:10 IST 2026, 231 W
Sat Mar  7 17:13:10 IST 2026, 228 W
Sat Mar  7 17:13:10 IST 2026, 226 W
Sat Mar  7 17:13:10 IST 2026, 228 W
Sat Mar  7 17:13:11 IST 2026, 227 W
Sat Mar  7 17:13:11 IST 2026, 229 W
Sat Mar  7 17:13:11 IST 2026, 226 W
Sat Mar  7 17:13:11 IST 2026, 229 W
Sat Mar  7 17:13:11 IST 2026, 231 W
Sat Mar  7 17:13:11 IST 2026, 228 W
Sat Mar  7 17:13:11 IST 2026, 226 W
Sat Mar  7 17:13:11 IST 2026, 228 W
Sat Mar  7 17:13:12 IST 2026, 227 W
Sat Mar  7 17:13:12 IST 2026, 229 W
Sat Mar  7 17:13:12 IST 2026, 226 W
Sat Mar  7 17:13:12 IST 2026, 231 W
Sat Mar  7 17:13:12 IST 2026, 231 W
Sat Mar  7 17:13:12 IST 2026, 229 W
Sat Mar  7 17:13:12 IST 2026, 227 W
Sat Mar  7 17:13:12 IST 2026, 228 W
Sat Mar  7 17:13:13 IST 2026, 229 W
Sat Mar  7 17:13:13 IST 2026, 231 W
Sat Mar  7 17:13:13 IST 2026, 227 W
Sat Mar  7 17:13:13 IST 2026, 230 W
Sat Mar  7 17:13:13 IST 2026, 233 W
Sat Mar  7 17:13:13 IST 2026, 229 W
Sat Mar  7 17:13:13 IST 2026, 227 W
Sat Mar  7 17:13:13 IST 2026, 231 W
Sat Mar  7 17:13:14 IST 2026, 320 W
Sat Mar  7 17:13:14 IST 2026, 229 W
Sat Mar  7 17:13:14 IST 2026, 226 W
Sat Mar  7 17:13:14 IST 2026, 229 W
Sat Mar  7 17:13:14 IST 2026, 232 W
Sat Mar  7 17:13:14 IST 2026, 229 W
Sat Mar  7 17:13:14 IST 2026, 335 W
Sat Mar  7 17:13:14 IST 2026, 320 W
Sat Mar  7 17:13:15 IST 2026, 228 W
Sat Mar  7 17:13:15 IST 2026, 230 W
Sat Mar  7 17:13:15 IST 2026, 226 W
Sat Mar  7 17:13:15 IST 2026, 229 W
Sat Mar  7 17:13:15 IST 2026, 232 W
Sat Mar  7 17:13:15 IST 2026, 229 W
Sat Mar  7 17:13:15 IST 2026, 227 W
Sat Mar  7 17:13:15 IST 2026, 229 W
Sat Mar  7 17:13:16 IST 2026, 229 W
Sat Mar  7 17:13:16 IST 2026, 230 W
Sat Mar  7 17:13:16 IST 2026, 227 W
Sat Mar  7 17:13:16 IST 2026, 230 W
Sat Mar  7 17:13:16 IST 2026, 233 W
Sat Mar  7 17:13:16 IST 2026, 229 W
Sat Mar  7 17:13:16 IST 2026, 337 W
Sat Mar  7 17:13:16 IST 2026, 230 W
Sat Mar  7 17:13:17 IST 2026, 382 W
Sat Mar  7 17:13:17 IST 2026, 385 W
Sat Mar  7 17:13:17 IST 2026, 381 W
Sat Mar  7 17:13:17 IST 2026, 300 W
Sat Mar  7 17:13:17 IST 2026, 394 W
Sat Mar  7 17:13:17 IST 2026, 394 W
Sat Mar  7 17:13:17 IST 2026, 393 W
Sat Mar  7 17:13:17 IST 2026, 378 W
Sat Mar  7 17:13:18 IST 2026, 448 W
Sat Mar  7 17:13:18 IST 2026, 444 W
Sat Mar  7 17:13:18 IST 2026, 447 W
Sat Mar  7 17:13:18 IST 2026, 441 W
Sat Mar  7 17:13:18 IST 2026, 448 W
Sat Mar  7 17:13:18 IST 2026, 424 W
Sat Mar  7 17:13:18 IST 2026, 442 W
Sat Mar  7 17:13:18 IST 2026, 449 W
Sat Mar  7 17:13:19 IST 2026, 229 W
Sat Mar  7 17:13:19 IST 2026, 231 W
Sat Mar  7 17:13:19 IST 2026, 227 W
Sat Mar  7 17:13:19 IST 2026, 231 W
Sat Mar  7 17:13:19 IST 2026, 233 W
Sat Mar  7 17:13:19 IST 2026, 231 W
Sat Mar  7 17:13:19 IST 2026, 228 W
Sat Mar  7 17:13:19 IST 2026, 231 W
Sat Mar  7 17:13:20 IST 2026, 229 W
Sat Mar  7 17:13:20 IST 2026, 231 W
Sat Mar  7 17:13:20 IST 2026, 227 W
Sat Mar  7 17:13:20 IST 2026, 230 W
Sat Mar  7 17:13:20 IST 2026, 232 W
Sat Mar  7 17:13:20 IST 2026, 229 W
Sat Mar  7 17:13:20 IST 2026, 228 W
Sat Mar  7 17:13:20 IST 2026, 230 W
Sat Mar  7 17:13:21 IST 2026, 362 W
Sat Mar  7 17:13:21 IST 2026, 348 W
Sat Mar  7 17:13:21 IST 2026, 344 W
Sat Mar  7 17:13:21 IST 2026, 244 W
Sat Mar  7 17:13:21 IST 2026, 366 W
Sat Mar  7 17:13:21 IST 2026, 361 W
Sat Mar  7 17:13:21 IST 2026, 361 W
Sat Mar  7 17:13:21 IST 2026, 367 W
Sat Mar  7 17:13:22 IST 2026, 421 W
Sat Mar  7 17:13:22 IST 2026, 423 W
Sat Mar  7 17:13:22 IST 2026, 421 W
Sat Mar  7 17:13:22 IST 2026, 419 W
Sat Mar  7 17:13:22 IST 2026, 423 W
Sat Mar  7 17:13:22 IST 2026, 422 W
Sat Mar  7 17:13:22 IST 2026, 422 W
Sat Mar  7 17:13:22 IST 2026, 419 W
Sat Mar  7 17:13:23 IST 2026, 229 W
Sat Mar  7 17:13:23 IST 2026, 231 W
Sat Mar  7 17:13:23 IST 2026, 227 W
Sat Mar  7 17:13:23 IST 2026, 231 W
Sat Mar  7 17:13:23 IST 2026, 233 W
Sat Mar  7 17:13:23 IST 2026, 231 W
Sat Mar  7 17:13:23 IST 2026, 228 W
Sat Mar  7 17:13:23 IST 2026, 231 W
Sat Mar  7 17:13:24 IST 2026, 229 W
Sat Mar  7 17:13:24 IST 2026, 231 W
Sat Mar  7 17:13:24 IST 2026, 227 W
Sat Mar  7 17:13:24 IST 2026, 230 W
Sat Mar  7 17:13:24 IST 2026, 232 W
Sat Mar  7 17:13:24 IST 2026, 230 W
Sat Mar  7 17:13:24 IST 2026, 227 W
Sat Mar  7 17:13:24 IST 2026, 230 W
Sat Mar  7 17:13:25 IST 2026, 378 W
Sat Mar  7 17:13:25 IST 2026, 382 W
Sat Mar  7 17:13:25 IST 2026, 382 W
Sat Mar  7 17:13:25 IST 2026, 384 W
Sat Mar  7 17:13:25 IST 2026, 386 W
Sat Mar  7 17:13:25 IST 2026, 383 W
Sat Mar  7 17:13:25 IST 2026, 385 W
Sat Mar  7 17:13:25 IST 2026, 380 W
Sat Mar  7 17:13:26 IST 2026, 228 W
Sat Mar  7 17:13:26 IST 2026, 230 W
Sat Mar  7 17:13:26 IST 2026, 227 W
Sat Mar  7 17:13:26 IST 2026, 230 W
Sat Mar  7 17:13:26 IST 2026, 232 W
Sat Mar  7 17:13:26 IST 2026, 229 W
Sat Mar  7 17:13:26 IST 2026, 227 W
Sat Mar  7 17:13:26 IST 2026, 230 W
Sat Mar  7 17:13:27 IST 2026, 229 W
Sat Mar  7 17:13:27 IST 2026, 230 W
Sat Mar  7 17:13:27 IST 2026, 227 W
Sat Mar  7 17:13:27 IST 2026, 230 W
Sat Mar  7 17:13:27 IST 2026, 232 W
Sat Mar  7 17:13:27 IST 2026, 229 W
Sat Mar  7 17:13:27 IST 2026, 227 W
Sat Mar  7 17:13:27 IST 2026, 230 W
Sat Mar  7 17:13:28 IST 2026, 348 W
Sat Mar  7 17:13:28 IST 2026, 348 W
Sat Mar  7 17:13:28 IST 2026, 336 W
Sat Mar  7 17:13:28 IST 2026, 349 W
Sat Mar  7 17:13:28 IST 2026, 355 W
Sat Mar  7 17:13:28 IST 2026, 351 W
Sat Mar  7 17:13:28 IST 2026, 354 W
Sat Mar  7 17:13:28 IST 2026, 352 W
Sat Mar  7 17:13:29 IST 2026, 228 W
Sat Mar  7 17:13:29 IST 2026, 230 W
Sat Mar  7 17:13:29 IST 2026, 226 W
Sat Mar  7 17:13:29 IST 2026, 230 W
Sat Mar  7 17:13:29 IST 2026, 231 W
Sat Mar  7 17:13:29 IST 2026, 230 W
Sat Mar  7 17:13:29 IST 2026, 227 W
Sat Mar  7 17:13:29 IST 2026, 229 W
Sat Mar  7 17:13:30 IST 2026, 229 W
Sat Mar  7 17:13:30 IST 2026, 230 W
Sat Mar  7 17:13:30 IST 2026, 226 W
Sat Mar  7 17:13:30 IST 2026, 229 W
Sat Mar  7 17:13:30 IST 2026, 231 W
Sat Mar  7 17:13:30 IST 2026, 228 W
Sat Mar  7 17:13:30 IST 2026, 226 W
Sat Mar  7 17:13:30 IST 2026, 229 W
Sat Mar  7 17:13:31 IST 2026, 449 W
Sat Mar  7 17:13:31 IST 2026, 458 W
Sat Mar  7 17:13:31 IST 2026, 450 W
Sat Mar  7 17:13:31 IST 2026, 458 W
Sat Mar  7 17:13:31 IST 2026, 454 W
Sat Mar  7 17:13:31 IST 2026, 446 W
Sat Mar  7 17:13:31 IST 2026, 450 W
Sat Mar  7 17:13:31 IST 2026, 449 W
Sat Mar  7 17:13:32 IST 2026, 383 W
Sat Mar  7 17:13:32 IST 2026, 402 W
Sat Mar  7 17:13:32 IST 2026, 367 W
Sat Mar  7 17:13:32 IST 2026, 392 W
Sat Mar  7 17:13:32 IST 2026, 384 W
Sat Mar  7 17:13:32 IST 2026, 378 W
Sat Mar  7 17:13:32 IST 2026, 379 W
Sat Mar  7 17:13:32 IST 2026, 387 W
Sat Mar  7 17:13:33 IST 2026, 392 W
Sat Mar  7 17:13:33 IST 2026, 384 W
Sat Mar  7 17:13:33 IST 2026, 382 W
Sat Mar  7 17:13:33 IST 2026, 393 W
Sat Mar  7 17:13:33 IST 2026, 401 W
Sat Mar  7 17:13:33 IST 2026, 397 W
Sat Mar  7 17:13:33 IST 2026, 400 W
Sat Mar  7 17:13:33 IST 2026, 392 W
Sat Mar  7 17:13:34 IST 2026, 390 W
Sat Mar  7 17:13:34 IST 2026, 412 W
Sat Mar  7 17:13:34 IST 2026, 404 W
Sat Mar  7 17:13:34 IST 2026, 370 W
Sat Mar  7 17:13:34 IST 2026, 392 W
Sat Mar  7 17:13:34 IST 2026, 384 W
Sat Mar  7 17:13:34 IST 2026, 384 W
Sat Mar  7 17:13:34 IST 2026, 396 W
Sat Mar  7 17:13:35 IST 2026, 377 W
Sat Mar  7 17:13:35 IST 2026, 372 W
Sat Mar  7 17:13:35 IST 2026, 375 W
Sat Mar  7 17:13:35 IST 2026, 370 W
Sat Mar  7 17:13:35 IST 2026, 376 W
Sat Mar  7 17:13:35 IST 2026, 373 W
Sat Mar  7 17:13:35 IST 2026, 374 W
Sat Mar  7 17:13:35 IST 2026, 376 W
Sat Mar  7 17:13:36 IST 2026, 352 W
Sat Mar  7 17:13:36 IST 2026, 360 W
Sat Mar  7 17:13:36 IST 2026, 360 W
Sat Mar  7 17:13:36 IST 2026, 362 W
Sat Mar  7 17:13:36 IST 2026, 356 W
Sat Mar  7 17:13:36 IST 2026, 348 W
Sat Mar  7 17:13:36 IST 2026, 323 W
Sat Mar  7 17:13:36 IST 2026, 364 W
Sat Mar  7 17:13:37 IST 2026, 340 W
Sat Mar  7 17:13:37 IST 2026, 363 W
Sat Mar  7 17:13:37 IST 2026, 364 W
Sat Mar  7 17:13:37 IST 2026, 342 W
Sat Mar  7 17:13:37 IST 2026, 345 W
Sat Mar  7 17:13:37 IST 2026, 347 W
Sat Mar  7 17:13:37 IST 2026, 339 W
Sat Mar  7 17:13:37 IST 2026, 344 W
Sat Mar  7 17:13:38 IST 2026, 370 W
Sat Mar  7 17:13:38 IST 2026, 374 W
Sat Mar  7 17:13:38 IST 2026, 369 W
Sat Mar  7 17:13:38 IST 2026, 361 W
Sat Mar  7 17:13:38 IST 2026, 377 W
Sat Mar  7 17:13:38 IST 2026, 371 W
Sat Mar  7 17:13:38 IST 2026, 372 W
Sat Mar  7 17:13:38 IST 2026, 315 W
Sat Mar  7 17:13:39 IST 2026, 229 W
Sat Mar  7 17:13:39 IST 2026, 231 W
Sat Mar  7 17:13:39 IST 2026, 227 W
Sat Mar  7 17:13:39 IST 2026, 231 W
Sat Mar  7 17:13:39 IST 2026, 233 W
Sat Mar  7 17:13:39 IST 2026, 230 W
Sat Mar  7 17:13:39 IST 2026, 227 W
Sat Mar  7 17:13:39 IST 2026, 230 W
Sat Mar  7 17:13:40 IST 2026, 229 W
Sat Mar  7 17:13:40 IST 2026, 231 W
Sat Mar  7 17:13:40 IST 2026, 228 W
Sat Mar  7 17:13:40 IST 2026, 231 W
Sat Mar  7 17:13:40 IST 2026, 233 W
Sat Mar  7 17:13:40 IST 2026, 231 W
Sat Mar  7 17:13:40 IST 2026, 228 W
Sat Mar  7 17:13:40 IST 2026, 231 W
Sat Mar  7 17:13:41 IST 2026, 228 W
Sat Mar  7 17:13:41 IST 2026, 289 W
Sat Mar  7 17:13:41 IST 2026, 226 W
Sat Mar  7 17:13:41 IST 2026, 229 W
Sat Mar  7 17:13:41 IST 2026, 315 W
Sat Mar  7 17:13:41 IST 2026, 314 W
Sat Mar  7 17:13:41 IST 2026, 331 W
Sat Mar  7 17:13:41 IST 2026, 297 W
Sat Mar  7 17:13:42 IST 2026, 401 W
Sat Mar  7 17:13:42 IST 2026, 407 W
Sat Mar  7 17:13:42 IST 2026, 393 W
Sat Mar  7 17:13:42 IST 2026, 400 W
Sat Mar  7 17:13:42 IST 2026, 411 W
Sat Mar  7 17:13:42 IST 2026, 413 W
Sat Mar  7 17:13:42 IST 2026, 406 W
Sat Mar  7 17:13:42 IST 2026, 405 W
Sat Mar  7 17:13:43 IST 2026, 379 W
Sat Mar  7 17:13:43 IST 2026, 399 W
Sat Mar  7 17:13:43 IST 2026, 391 W
Sat Mar  7 17:13:43 IST 2026, 319 W
Sat Mar  7 17:13:43 IST 2026, 386 W
Sat Mar  7 17:13:43 IST 2026, 390 W
Sat Mar  7 17:13:43 IST 2026, 388 W
Sat Mar  7 17:13:43 IST 2026, 384 W
Sat Mar  7 17:13:44 IST 2026, 439 W
Sat Mar  7 17:13:44 IST 2026, 442 W
Sat Mar  7 17:13:44 IST 2026, 440 W
Sat Mar  7 17:13:44 IST 2026, 437 W
Sat Mar  7 17:13:44 IST 2026, 448 W
Sat Mar  7 17:13:44 IST 2026, 444 W
Sat Mar  7 17:13:44 IST 2026, 443 W
Sat Mar  7 17:13:44 IST 2026, 445 W
Sat Mar  7 17:13:45 IST 2026, 422 W
Sat Mar  7 17:13:45 IST 2026, 423 W
Sat Mar  7 17:13:45 IST 2026, 426 W
Sat Mar  7 17:13:45 IST 2026, 428 W
Sat Mar  7 17:13:45 IST 2026, 429 W
Sat Mar  7 17:13:45 IST 2026, 427 W
Sat Mar  7 17:13:45 IST 2026, 426 W
Sat Mar  7 17:13:45 IST 2026, 422 W
Sat Mar  7 17:13:46 IST 2026, 425 W
Sat Mar  7 17:13:46 IST 2026, 423 W
Sat Mar  7 17:13:46 IST 2026, 423 W
Sat Mar  7 17:13:46 IST 2026, 429 W
Sat Mar  7 17:13:46 IST 2026, 435 W
Sat Mar  7 17:13:46 IST 2026, 427 W
Sat Mar  7 17:13:46 IST 2026, 429 W
Sat Mar  7 17:13:46 IST 2026, 430 W
Sat Mar  7 17:13:47 IST 2026, 328 W
Sat Mar  7 17:13:47 IST 2026, 334 W
Sat Mar  7 17:13:47 IST 2026, 331 W
Sat Mar  7 17:13:47 IST 2026, 344 W
Sat Mar  7 17:13:47 IST 2026, 332 W
Sat Mar  7 17:13:47 IST 2026, 342 W
Sat Mar  7 17:13:47 IST 2026, 312 W
Sat Mar  7 17:13:47 IST 2026, 328 W
Sat Mar  7 17:13:48 IST 2026, 341 W
Sat Mar  7 17:13:48 IST 2026, 335 W
Sat Mar  7 17:13:48 IST 2026, 342 W
Sat Mar  7 17:13:48 IST 2026, 318 W
Sat Mar  7 17:13:48 IST 2026, 346 W
Sat Mar  7 17:13:48 IST 2026, 343 W
Sat Mar  7 17:13:48 IST 2026, 341 W
Sat Mar  7 17:13:48 IST 2026, 345 W
Sat Mar  7 17:13:49 IST 2026, 348 W
Sat Mar  7 17:13:49 IST 2026, 349 W
Sat Mar  7 17:13:49 IST 2026, 348 W
Sat Mar  7 17:13:49 IST 2026, 349 W
Sat Mar  7 17:13:49 IST 2026, 351 W
Sat Mar  7 17:13:49 IST 2026, 347 W
Sat Mar  7 17:13:49 IST 2026, 347 W
Sat Mar  7 17:13:49 IST 2026, 353 W
Sat Mar  7 17:13:50 IST 2026, 336 W
Sat Mar  7 17:13:50 IST 2026, 371 W
Sat Mar  7 17:13:50 IST 2026, 371 W
Sat Mar  7 17:13:50 IST 2026, 376 W
Sat Mar  7 17:13:50 IST 2026, 385 W
Sat Mar  7 17:13:50 IST 2026, 379 W
Sat Mar  7 17:13:50 IST 2026, 380 W
Sat Mar  7 17:13:50 IST 2026, 378 W
Sat Mar  7 17:13:51 IST 2026, 229 W
Sat Mar  7 17:13:51 IST 2026, 231 W
Sat Mar  7 17:13:51 IST 2026, 227 W
Sat Mar  7 17:13:51 IST 2026, 230 W
Sat Mar  7 17:13:51 IST 2026, 233 W
Sat Mar  7 17:13:51 IST 2026, 231 W
Sat Mar  7 17:13:51 IST 2026, 227 W
Sat Mar  7 17:13:51 IST 2026, 231 W
Sat Mar  7 17:13:52 IST 2026, 464 W
Sat Mar  7 17:13:52 IST 2026, 464 W
Sat Mar  7 17:13:52 IST 2026, 448 W
Sat Mar  7 17:13:52 IST 2026, 426 W
Sat Mar  7 17:13:52 IST 2026, 471 W
Sat Mar  7 17:13:52 IST 2026, 462 W
Sat Mar  7 17:13:52 IST 2026, 464 W
Sat Mar  7 17:13:52 IST 2026, 467 W
Sat Mar  7 17:13:53 IST 2026, 448 W
Sat Mar  7 17:13:53 IST 2026, 447 W
Sat Mar  7 17:13:53 IST 2026, 442 W
Sat Mar  7 17:13:53 IST 2026, 453 W
Sat Mar  7 17:13:53 IST 2026, 456 W
Sat Mar  7 17:13:53 IST 2026, 451 W
Sat Mar  7 17:13:53 IST 2026, 457 W
Sat Mar  7 17:13:53 IST 2026, 453 W
Sat Mar  7 17:13:54 IST 2026, 419 W
Sat Mar  7 17:13:54 IST 2026, 417 W
Sat Mar  7 17:13:54 IST 2026, 418 W
Sat Mar  7 17:13:54 IST 2026, 390 W
Sat Mar  7 17:13:54 IST 2026, 426 W
Sat Mar  7 17:13:54 IST 2026, 420 W
Sat Mar  7 17:13:54 IST 2026, 420 W
Sat Mar  7 17:13:54 IST 2026, 425 W
Sat Mar  7 17:13:55 IST 2026, 423 W
Sat Mar  7 17:13:55 IST 2026, 426 W
Sat Mar  7 17:13:55 IST 2026, 419 W
Sat Mar  7 17:13:55 IST 2026, 427 W
Sat Mar  7 17:13:55 IST 2026, 429 W
Sat Mar  7 17:13:55 IST 2026, 421 W
Sat Mar  7 17:13:55 IST 2026, 423 W
Sat Mar  7 17:13:55 IST 2026, 424 W
Sat Mar  7 17:13:56 IST 2026, 419 W
Sat Mar  7 17:13:56 IST 2026, 420 W
Sat Mar  7 17:13:56 IST 2026, 423 W
Sat Mar  7 17:13:56 IST 2026, 422 W
Sat Mar  7 17:13:56 IST 2026, 424 W
Sat Mar  7 17:13:56 IST 2026, 422 W
Sat Mar  7 17:13:56 IST 2026, 422 W
Sat Mar  7 17:13:56 IST 2026, 425 W
Sat Mar  7 17:13:57 IST 2026, 345 W
Sat Mar  7 17:13:57 IST 2026, 346 W
Sat Mar  7 17:13:57 IST 2026, 348 W
Sat Mar  7 17:13:57 IST 2026, 348 W
Sat Mar  7 17:13:57 IST 2026, 349 W
Sat Mar  7 17:13:57 IST 2026, 349 W
Sat Mar  7 17:13:57 IST 2026, 349 W
Sat Mar  7 17:13:57 IST 2026, 349 W
Sat Mar  7 17:13:58 IST 2026, 350 W
Sat Mar  7 17:13:58 IST 2026, 349 W
Sat Mar  7 17:13:58 IST 2026, 346 W
Sat Mar  7 17:13:58 IST 2026, 353 W
Sat Mar  7 17:13:58 IST 2026, 355 W
Sat Mar  7 17:13:58 IST 2026, 350 W
Sat Mar  7 17:13:58 IST 2026, 349 W
Sat Mar  7 17:13:58 IST 2026, 346 W
Sat Mar  7 17:13:59 IST 2026, 349 W
Sat Mar  7 17:13:59 IST 2026, 344 W
Sat Mar  7 17:13:59 IST 2026, 346 W
Sat Mar  7 17:13:59 IST 2026, 349 W
Sat Mar  7 17:13:59 IST 2026, 350 W
Sat Mar  7 17:13:59 IST 2026, 349 W
Sat Mar  7 17:13:59 IST 2026, 348 W
Sat Mar  7 17:13:59 IST 2026, 354 W
Sat Mar  7 17:14:00 IST 2026, 356 W
Sat Mar  7 17:14:00 IST 2026, 360 W
Sat Mar  7 17:14:00 IST 2026, 344 W
Sat Mar  7 17:14:00 IST 2026, 346 W
Sat Mar  7 17:14:00 IST 2026, 361 W
Sat Mar  7 17:14:00 IST 2026, 359 W
Sat Mar  7 17:14:00 IST 2026, 357 W
Sat Mar  7 17:14:00 IST 2026, 356 W
Sat Mar  7 17:14:01 IST 2026, 354 W
Sat Mar  7 17:14:01 IST 2026, 355 W
Sat Mar  7 17:14:01 IST 2026, 354 W
Sat Mar  7 17:14:01 IST 2026, 358 W
Sat Mar  7 17:14:01 IST 2026, 361 W
Sat Mar  7 17:14:01 IST 2026, 358 W
Sat Mar  7 17:14:01 IST 2026, 361 W
Sat Mar  7 17:14:01 IST 2026, 338 W
Sat Mar  7 17:14:02 IST 2026, 344 W
Sat Mar  7 17:14:02 IST 2026, 345 W
Sat Mar  7 17:14:02 IST 2026, 342 W
Sat Mar  7 17:14:02 IST 2026, 346 W
Sat Mar  7 17:14:02 IST 2026, 351 W
Sat Mar  7 17:14:02 IST 2026, 344 W
Sat Mar  7 17:14:02 IST 2026, 341 W
Sat Mar  7 17:14:02 IST 2026, 343 W
Sat Mar  7 17:14:03 IST 2026, 243 W
Sat Mar  7 17:14:03 IST 2026, 253 W
Sat Mar  7 17:14:03 IST 2026, 247 W
Sat Mar  7 17:14:03 IST 2026, 248 W
Sat Mar  7 17:14:03 IST 2026, 249 W
Sat Mar  7 17:14:03 IST 2026, 243 W
Sat Mar  7 17:14:03 IST 2026, 240 W
Sat Mar  7 17:14:03 IST 2026, 243 W
Sat Mar  7 17:14:04 IST 2026, 459 W
Sat Mar  7 17:14:04 IST 2026, 464 W
Sat Mar  7 17:14:04 IST 2026, 461 W
Sat Mar  7 17:14:04 IST 2026, 466 W
Sat Mar  7 17:14:04 IST 2026, 460 W
Sat Mar  7 17:14:04 IST 2026, 443 W
Sat Mar  7 17:14:04 IST 2026, 453 W
Sat Mar  7 17:14:04 IST 2026, 460 W
Sat Mar  7 17:14:05 IST 2026, 463 W
Sat Mar  7 17:14:05 IST 2026, 465 W
Sat Mar  7 17:14:05 IST 2026, 462 W
Sat Mar  7 17:14:05 IST 2026, 468 W
Sat Mar  7 17:14:05 IST 2026, 466 W
Sat Mar  7 17:14:05 IST 2026, 461 W
Sat Mar  7 17:14:05 IST 2026, 464 W
Sat Mar  7 17:14:05 IST 2026, 462 W
Sat Mar  7 17:14:06 IST 2026, 418 W
Sat Mar  7 17:14:06 IST 2026, 424 W
Sat Mar  7 17:14:06 IST 2026, 427 W
Sat Mar  7 17:14:06 IST 2026, 429 W
Sat Mar  7 17:14:06 IST 2026, 427 W
Sat Mar  7 17:14:06 IST 2026, 420 W
Sat Mar  7 17:14:06 IST 2026, 422 W
Sat Mar  7 17:14:06 IST 2026, 428 W
Sat Mar  7 17:14:07 IST 2026, 436 W
Sat Mar  7 17:14:07 IST 2026, 442 W
Sat Mar  7 17:14:07 IST 2026, 439 W
Sat Mar  7 17:14:07 IST 2026, 438 W
Sat Mar  7 17:14:07 IST 2026, 440 W
Sat Mar  7 17:14:07 IST 2026, 435 W
Sat Mar  7 17:14:07 IST 2026, 437 W
Sat Mar  7 17:14:07 IST 2026, 435 W
Sat Mar  7 17:14:08 IST 2026, 387 W
Sat Mar  7 17:14:08 IST 2026, 391 W
Sat Mar  7 17:14:08 IST 2026, 381 W
Sat Mar  7 17:14:08 IST 2026, 387 W
Sat Mar  7 17:14:08 IST 2026, 389 W
Sat Mar  7 17:14:08 IST 2026, 386 W
Sat Mar  7 17:14:08 IST 2026, 386 W
Sat Mar  7 17:14:08 IST 2026, 387 W
Sat Mar  7 17:14:09 IST 2026, 373 W
Sat Mar  7 17:14:09 IST 2026, 368 W
Sat Mar  7 17:14:09 IST 2026, 368 W
Sat Mar  7 17:14:09 IST 2026, 369 W
Sat Mar  7 17:14:09 IST 2026, 371 W
Sat Mar  7 17:14:09 IST 2026, 369 W
Sat Mar  7 17:14:09 IST 2026, 368 W
Sat Mar  7 17:14:09 IST 2026, 373 W
Sat Mar  7 17:14:10 IST 2026, 355 W
Sat Mar  7 17:14:10 IST 2026, 355 W
Sat Mar  7 17:14:10 IST 2026, 346 W
Sat Mar  7 17:14:10 IST 2026, 357 W
Sat Mar  7 17:14:10 IST 2026, 356 W
Sat Mar  7 17:14:10 IST 2026, 356 W
Sat Mar  7 17:14:10 IST 2026, 357 W
Sat Mar  7 17:14:10 IST 2026, 355 W
Sat Mar  7 17:14:11 IST 2026, 342 W
Sat Mar  7 17:14:11 IST 2026, 294 W
Sat Mar  7 17:14:11 IST 2026, 308 W
Sat Mar  7 17:14:11 IST 2026, 322 W
Sat Mar  7 17:14:11 IST 2026, 347 W
Sat Mar  7 17:14:11 IST 2026, 334 W
Sat Mar  7 17:14:11 IST 2026, 332 W
Sat Mar  7 17:14:11 IST 2026, 342 W
Sat Mar  7 17:14:12 IST 2026, 398 W
Sat Mar  7 17:14:12 IST 2026, 402 W
Sat Mar  7 17:14:12 IST 2026, 399 W
Sat Mar  7 17:14:12 IST 2026, 410 W
Sat Mar  7 17:14:12 IST 2026, 404 W
Sat Mar  7 17:14:12 IST 2026, 404 W
Sat Mar  7 17:14:12 IST 2026, 386 W
Sat Mar  7 17:14:12 IST 2026, 398 W
Sat Mar  7 17:14:13 IST 2026, 427 W
Sat Mar  7 17:14:13 IST 2026, 430 W
Sat Mar  7 17:14:13 IST 2026, 432 W
Sat Mar  7 17:14:13 IST 2026, 431 W
Sat Mar  7 17:14:13 IST 2026, 432 W
Sat Mar  7 17:14:13 IST 2026, 431 W
Sat Mar  7 17:14:13 IST 2026, 433 W
Sat Mar  7 17:14:13 IST 2026, 433 W
Sat Mar  7 17:14:14 IST 2026, 433 W
Sat Mar  7 17:14:14 IST 2026, 428 W
Sat Mar  7 17:14:14 IST 2026, 428 W
Sat Mar  7 17:14:14 IST 2026, 435 W
Sat Mar  7 17:14:14 IST 2026, 439 W
Sat Mar  7 17:14:14 IST 2026, 434 W
Sat Mar  7 17:14:14 IST 2026, 437 W
Sat Mar  7 17:14:14 IST 2026, 435 W
Sat Mar  7 17:14:15 IST 2026, 385 W
Sat Mar  7 17:14:15 IST 2026, 383 W
Sat Mar  7 17:14:15 IST 2026, 379 W
Sat Mar  7 17:14:15 IST 2026, 388 W
Sat Mar  7 17:14:15 IST 2026, 391 W
Sat Mar  7 17:14:15 IST 2026, 391 W
Sat Mar  7 17:14:15 IST 2026, 389 W
Sat Mar  7 17:14:15 IST 2026, 391 W
Sat Mar  7 17:14:16 IST 2026, 353 W
Sat Mar  7 17:14:16 IST 2026, 355 W
Sat Mar  7 17:14:16 IST 2026, 353 W
Sat Mar  7 17:14:16 IST 2026, 357 W
Sat Mar  7 17:14:16 IST 2026, 362 W
Sat Mar  7 17:14:16 IST 2026, 358 W
Sat Mar  7 17:14:16 IST 2026, 320 W
Sat Mar  7 17:14:16 IST 2026, 355 W
Sat Mar  7 17:14:17 IST 2026, 351 W
Sat Mar  7 17:14:17 IST 2026, 356 W
Sat Mar  7 17:14:17 IST 2026, 359 W
Sat Mar  7 17:14:17 IST 2026, 358 W
Sat Mar  7 17:14:17 IST 2026, 358 W
Sat Mar  7 17:14:17 IST 2026, 354 W
Sat Mar  7 17:14:17 IST 2026, 358 W
Sat Mar  7 17:14:17 IST 2026, 350 W
Sat Mar  7 17:14:18 IST 2026, 229 W
Sat Mar  7 17:14:18 IST 2026, 231 W
Sat Mar  7 17:14:18 IST 2026, 228 W
Sat Mar  7 17:14:18 IST 2026, 231 W
Sat Mar  7 17:14:18 IST 2026, 233 W
Sat Mar  7 17:14:18 IST 2026, 230 W
Sat Mar  7 17:14:18 IST 2026, 228 W
Sat Mar  7 17:14:18 IST 2026, 231 W
Sat Mar  7 17:14:19 IST 2026, 458 W
Sat Mar  7 17:14:19 IST 2026, 439 W
Sat Mar  7 17:14:19 IST 2026, 454 W
Sat Mar  7 17:14:19 IST 2026, 460 W
Sat Mar  7 17:14:19 IST 2026, 461 W
Sat Mar  7 17:14:19 IST 2026, 454 W
Sat Mar  7 17:14:19 IST 2026, 454 W
Sat Mar  7 17:14:19 IST 2026, 457 W
Sat Mar  7 17:14:20 IST 2026, 399 W
Sat Mar  7 17:14:20 IST 2026, 361 W
Sat Mar  7 17:14:20 IST 2026, 400 W
Sat Mar  7 17:14:20 IST 2026, 404 W
Sat Mar  7 17:14:20 IST 2026, 406 W
Sat Mar  7 17:14:20 IST 2026, 402 W
Sat Mar  7 17:14:20 IST 2026, 398 W
Sat Mar  7 17:14:20 IST 2026, 400 W
Sat Mar  7 17:14:21 IST 2026, 396 W
Sat Mar  7 17:14:21 IST 2026, 368 W
Sat Mar  7 17:14:21 IST 2026, 399 W
Sat Mar  7 17:14:21 IST 2026, 406 W
Sat Mar  7 17:14:21 IST 2026, 401 W
Sat Mar  7 17:14:21 IST 2026, 365 W
Sat Mar  7 17:14:21 IST 2026, 394 W
Sat Mar  7 17:14:21 IST 2026, 401 W
Sat Mar  7 17:14:22 IST 2026, 375 W
Sat Mar  7 17:14:22 IST 2026, 328 W
Sat Mar  7 17:14:22 IST 2026, 376 W
Sat Mar  7 17:14:22 IST 2026, 379 W
Sat Mar  7 17:14:22 IST 2026, 380 W
Sat Mar  7 17:14:22 IST 2026, 377 W
Sat Mar  7 17:14:22 IST 2026, 375 W
Sat Mar  7 17:14:22 IST 2026, 379 W
Sat Mar  7 17:14:23 IST 2026, 335 W
Sat Mar  7 17:14:23 IST 2026, 342 W
Sat Mar  7 17:14:23 IST 2026, 335 W
Sat Mar  7 17:14:23 IST 2026, 340 W
Sat Mar  7 17:14:23 IST 2026, 341 W
Sat Mar  7 17:14:23 IST 2026, 343 W
Sat Mar  7 17:14:23 IST 2026, 333 W
Sat Mar  7 17:14:23 IST 2026, 340 W
Sat Mar  7 17:14:24 IST 2026, 336 W
Sat Mar  7 17:14:24 IST 2026, 347 W
Sat Mar  7 17:14:24 IST 2026, 337 W
Sat Mar  7 17:14:24 IST 2026, 343 W
Sat Mar  7 17:14:24 IST 2026, 344 W
Sat Mar  7 17:14:24 IST 2026, 344 W
Sat Mar  7 17:14:24 IST 2026, 330 W
Sat Mar  7 17:14:24 IST 2026, 340 W
Sat Mar  7 17:14:25 IST 2026, 346 W
Sat Mar  7 17:14:25 IST 2026, 351 W
Sat Mar  7 17:14:25 IST 2026, 349 W
Sat Mar  7 17:14:25 IST 2026, 349 W
Sat Mar  7 17:14:25 IST 2026, 353 W
Sat Mar  7 17:14:25 IST 2026, 351 W
Sat Mar  7 17:14:25 IST 2026, 352 W
Sat Mar  7 17:14:25 IST 2026, 352 W
Sat Mar  7 17:14:26 IST 2026, 359 W
Sat Mar  7 17:14:26 IST 2026, 358 W
Sat Mar  7 17:14:26 IST 2026, 339 W
Sat Mar  7 17:14:26 IST 2026, 361 W
Sat Mar  7 17:14:26 IST 2026, 359 W
Sat Mar  7 17:14:26 IST 2026, 359 W
Sat Mar  7 17:14:26 IST 2026, 361 W
Sat Mar  7 17:14:26 IST 2026, 362 W
Sat Mar  7 17:14:27 IST 2026, 346 W
Sat Mar  7 17:14:27 IST 2026, 349 W
Sat Mar  7 17:14:27 IST 2026, 349 W
Sat Mar  7 17:14:27 IST 2026, 351 W
Sat Mar  7 17:14:27 IST 2026, 352 W
Sat Mar  7 17:14:27 IST 2026, 354 W
Sat Mar  7 17:14:27 IST 2026, 350 W
Sat Mar  7 17:14:27 IST 2026, 350 W
Sat Mar  7 17:14:28 IST 2026, 341 W
Sat Mar  7 17:14:28 IST 2026, 342 W
Sat Mar  7 17:14:28 IST 2026, 344 W
Sat Mar  7 17:14:28 IST 2026, 347 W
Sat Mar  7 17:14:28 IST 2026, 353 W
Sat Mar  7 17:14:28 IST 2026, 352 W
Sat Mar  7 17:14:28 IST 2026, 346 W
Sat Mar  7 17:14:28 IST 2026, 349 W
Sat Mar  7 17:14:29 IST 2026, 229 W
Sat Mar  7 17:14:29 IST 2026, 231 W
Sat Mar  7 17:14:29 IST 2026, 228 W
Sat Mar  7 17:14:29 IST 2026, 231 W
Sat Mar  7 17:14:29 IST 2026, 234 W
Sat Mar  7 17:14:29 IST 2026, 231 W
Sat Mar  7 17:14:29 IST 2026, 228 W
Sat Mar  7 17:14:29 IST 2026, 231 W
Sat Mar  7 17:14:30 IST 2026, 433 W
Sat Mar  7 17:14:30 IST 2026, 452 W
Sat Mar  7 17:14:30 IST 2026, 432 W
Sat Mar  7 17:14:30 IST 2026, 440 W
Sat Mar  7 17:14:30 IST 2026, 429 W
Sat Mar  7 17:14:30 IST 2026, 425 W
Sat Mar  7 17:14:30 IST 2026, 418 W
Sat Mar  7 17:14:30 IST 2026, 428 W
Sat Mar  7 17:14:31 IST 2026, 391 W
Sat Mar  7 17:14:31 IST 2026, 398 W
Sat Mar  7 17:14:31 IST 2026, 391 W
Sat Mar  7 17:14:31 IST 2026, 397 W
Sat Mar  7 17:14:31 IST 2026, 397 W
Sat Mar  7 17:14:31 IST 2026, 388 W
Sat Mar  7 17:14:31 IST 2026, 386 W
Sat Mar  7 17:14:31 IST 2026, 384 W
Sat Mar  7 17:14:32 IST 2026, 362 W
Sat Mar  7 17:14:32 IST 2026, 356 W
Sat Mar  7 17:14:32 IST 2026, 360 W
Sat Mar  7 17:14:32 IST 2026, 363 W
Sat Mar  7 17:14:32 IST 2026, 371 W
Sat Mar  7 17:14:32 IST 2026, 367 W
Sat Mar  7 17:14:32 IST 2026, 365 W
Sat Mar  7 17:14:32 IST 2026, 330 W
Sat Mar  7 17:14:33 IST 2026, 310 W
Sat Mar  7 17:14:33 IST 2026, 346 W
Sat Mar  7 17:14:33 IST 2026, 331 W
Sat Mar  7 17:14:33 IST 2026, 327 W
Sat Mar  7 17:14:33 IST 2026, 312 W
Sat Mar  7 17:14:33 IST 2026, 301 W
Sat Mar  7 17:14:33 IST 2026, 298 W
Sat Mar  7 17:14:33 IST 2026, 314 W
Sat Mar  7 17:14:34 IST 2026, 452 W
Sat Mar  7 17:14:34 IST 2026, 449 W
Sat Mar  7 17:14:34 IST 2026, 451 W
Sat Mar  7 17:14:34 IST 2026, 452 W
Sat Mar  7 17:14:34 IST 2026, 460 W
Sat Mar  7 17:14:34 IST 2026, 457 W
Sat Mar  7 17:14:34 IST 2026, 457 W
Sat Mar  7 17:14:34 IST 2026, 445 W
Sat Mar  7 17:14:35 IST 2026, 438 W
Sat Mar  7 17:14:35 IST 2026, 442 W
Sat Mar  7 17:14:35 IST 2026, 441 W
Sat Mar  7 17:14:35 IST 2026, 439 W
Sat Mar  7 17:14:35 IST 2026, 444 W
Sat Mar  7 17:14:35 IST 2026, 435 W
Sat Mar  7 17:14:35 IST 2026, 437 W
Sat Mar  7 17:14:35 IST 2026, 440 W
Sat Mar  7 17:14:36 IST 2026, 416 W
Sat Mar  7 17:14:36 IST 2026, 422 W
Sat Mar  7 17:14:36 IST 2026, 422 W
Sat Mar  7 17:14:36 IST 2026, 423 W
Sat Mar  7 17:14:36 IST 2026, 412 W
Sat Mar  7 17:14:36 IST 2026, 405 W
Sat Mar  7 17:14:36 IST 2026, 403 W
Sat Mar  7 17:14:36 IST 2026, 424 W
Sat Mar  7 17:14:37 IST 2026, 433 W
Sat Mar  7 17:14:37 IST 2026, 443 W
Sat Mar  7 17:14:37 IST 2026, 438 W
Sat Mar  7 17:14:37 IST 2026, 445 W
Sat Mar  7 17:14:37 IST 2026, 438 W
Sat Mar  7 17:14:37 IST 2026, 436 W
Sat Mar  7 17:14:37 IST 2026, 439 W
Sat Mar  7 17:14:37 IST 2026, 435 W
Sat Mar  7 17:14:38 IST 2026, 374 W
Sat Mar  7 17:14:38 IST 2026, 377 W
Sat Mar  7 17:14:38 IST 2026, 380 W
Sat Mar  7 17:14:38 IST 2026, 380 W
Sat Mar  7 17:14:38 IST 2026, 383 W
Sat Mar  7 17:14:38 IST 2026, 383 W
Sat Mar  7 17:14:38 IST 2026, 384 W
Sat Mar  7 17:14:38 IST 2026, 382 W
Sat Mar  7 17:14:39 IST 2026, 342 W
Sat Mar  7 17:14:39 IST 2026, 349 W
Sat Mar  7 17:14:39 IST 2026, 343 W
Sat Mar  7 17:14:39 IST 2026, 350 W
Sat Mar  7 17:14:39 IST 2026, 354 W
Sat Mar  7 17:14:39 IST 2026, 349 W
Sat Mar  7 17:14:39 IST 2026, 340 W
Sat Mar  7 17:14:39 IST 2026, 345 W
Sat Mar  7 17:14:40 IST 2026, 329 W
Sat Mar  7 17:14:40 IST 2026, 375 W
Sat Mar  7 17:14:40 IST 2026, 375 W
Sat Mar  7 17:14:40 IST 2026, 383 W
Sat Mar  7 17:14:40 IST 2026, 380 W
Sat Mar  7 17:14:40 IST 2026, 371 W
Sat Mar  7 17:14:40 IST 2026, 379 W
Sat Mar  7 17:14:40 IST 2026, 379 W
Sat Mar  7 17:14:41 IST 2026, 348 W
Sat Mar  7 17:14:41 IST 2026, 348 W
Sat Mar  7 17:14:41 IST 2026, 346 W
Sat Mar  7 17:14:41 IST 2026, 349 W
Sat Mar  7 17:14:41 IST 2026, 354 W
Sat Mar  7 17:14:41 IST 2026, 345 W
Sat Mar  7 17:14:41 IST 2026, 347 W
Sat Mar  7 17:14:41 IST 2026, 335 W
Sat Mar  7 17:14:42 IST 2026, 341 W
Sat Mar  7 17:14:42 IST 2026, 344 W
Sat Mar  7 17:14:42 IST 2026, 342 W
Sat Mar  7 17:14:42 IST 2026, 348 W
Sat Mar  7 17:14:42 IST 2026, 351 W
Sat Mar  7 17:14:42 IST 2026, 339 W
Sat Mar  7 17:14:42 IST 2026, 337 W
Sat Mar  7 17:14:42 IST 2026, 343 W
Sat Mar  7 17:14:43 IST 2026, 341 W
Sat Mar  7 17:14:43 IST 2026, 343 W
Sat Mar  7 17:14:43 IST 2026, 341 W
Sat Mar  7 17:14:43 IST 2026, 346 W
Sat Mar  7 17:14:43 IST 2026, 348 W
Sat Mar  7 17:14:43 IST 2026, 337 W
Sat Mar  7 17:14:43 IST 2026, 325 W
Sat Mar  7 17:14:43 IST 2026, 343 W
Sat Mar  7 17:14:44 IST 2026, 347 W
Sat Mar  7 17:14:44 IST 2026, 348 W
Sat Mar  7 17:14:44 IST 2026, 350 W
Sat Mar  7 17:14:44 IST 2026, 349 W
Sat Mar  7 17:14:44 IST 2026, 352 W
Sat Mar  7 17:14:44 IST 2026, 349 W
Sat Mar  7 17:14:44 IST 2026, 350 W
Sat Mar  7 17:14:44 IST 2026, 352 W
Sat Mar  7 17:14:45 IST 2026, 358 W
Sat Mar  7 17:14:45 IST 2026, 346 W
Sat Mar  7 17:14:45 IST 2026, 354 W
Sat Mar  7 17:14:45 IST 2026, 354 W
Sat Mar  7 17:14:45 IST 2026, 358 W
Sat Mar  7 17:14:45 IST 2026, 353 W
Sat Mar  7 17:14:45 IST 2026, 358 W
Sat Mar  7 17:14:45 IST 2026, 359 W
Sat Mar  7 17:14:46 IST 2026, 435 W
Sat Mar  7 17:14:46 IST 2026, 446 W
Sat Mar  7 17:14:46 IST 2026, 442 W
Sat Mar  7 17:14:46 IST 2026, 444 W
Sat Mar  7 17:14:46 IST 2026, 410 W
Sat Mar  7 17:14:46 IST 2026, 442 W
Sat Mar  7 17:14:46 IST 2026, 441 W
Sat Mar  7 17:14:46 IST 2026, 446 W
Sat Mar  7 17:14:47 IST 2026, 457 W
Sat Mar  7 17:14:47 IST 2026, 457 W
Sat Mar  7 17:14:47 IST 2026, 455 W
Sat Mar  7 17:14:47 IST 2026, 460 W
Sat Mar  7 17:14:47 IST 2026, 463 W
Sat Mar  7 17:14:47 IST 2026, 460 W
Sat Mar  7 17:14:47 IST 2026, 457 W
Sat Mar  7 17:14:47 IST 2026, 456 W
Sat Mar  7 17:14:48 IST 2026, 425 W
Sat Mar  7 17:14:48 IST 2026, 406 W
Sat Mar  7 17:14:48 IST 2026, 422 W
Sat Mar  7 17:14:48 IST 2026, 427 W
Sat Mar  7 17:14:48 IST 2026, 428 W
Sat Mar  7 17:14:48 IST 2026, 427 W
Sat Mar  7 17:14:48 IST 2026, 428 W
Sat Mar  7 17:14:48 IST 2026, 428 W
Sat Mar  7 17:14:49 IST 2026, 390 W
Sat Mar  7 17:14:49 IST 2026, 389 W
Sat Mar  7 17:14:49 IST 2026, 387 W
Sat Mar  7 17:14:49 IST 2026, 393 W
Sat Mar  7 17:14:49 IST 2026, 395 W
Sat Mar  7 17:14:49 IST 2026, 386 W
Sat Mar  7 17:14:49 IST 2026, 389 W
Sat Mar  7 17:14:49 IST 2026, 387 W
Sat Mar  7 17:14:50 IST 2026, 381 W
Sat Mar  7 17:14:50 IST 2026, 390 W
Sat Mar  7 17:14:50 IST 2026, 381 W
Sat Mar  7 17:14:50 IST 2026, 386 W
Sat Mar  7 17:14:50 IST 2026, 389 W
Sat Mar  7 17:14:50 IST 2026, 387 W
Sat Mar  7 17:14:50 IST 2026, 384 W
Sat Mar  7 17:14:50 IST 2026, 383 W
Sat Mar  7 17:14:51 IST 2026, 385 W
Sat Mar  7 17:14:51 IST 2026, 389 W
Sat Mar  7 17:14:51 IST 2026, 386 W
Sat Mar  7 17:14:51 IST 2026, 389 W
Sat Mar  7 17:14:51 IST 2026, 393 W
Sat Mar  7 17:14:51 IST 2026, 392 W
Sat Mar  7 17:14:51 IST 2026, 392 W
Sat Mar  7 17:14:51 IST 2026, 387 W
Sat Mar  7 17:14:52 IST 2026, 372 W
Sat Mar  7 17:14:52 IST 2026, 375 W
Sat Mar  7 17:14:52 IST 2026, 377 W
Sat Mar  7 17:14:52 IST 2026, 376 W
Sat Mar  7 17:14:52 IST 2026, 374 W
Sat Mar  7 17:14:52 IST 2026, 368 W
Sat Mar  7 17:14:52 IST 2026, 367 W
Sat Mar  7 17:14:52 IST 2026, 357 W
Sat Mar  7 17:14:53 IST 2026, 358 W
Sat Mar  7 17:14:53 IST 2026, 359 W
Sat Mar  7 17:14:53 IST 2026, 339 W
Sat Mar  7 17:14:53 IST 2026, 367 W
Sat Mar  7 17:14:53 IST 2026, 364 W
Sat Mar  7 17:14:53 IST 2026, 367 W
Sat Mar  7 17:14:53 IST 2026, 365 W
Sat Mar  7 17:14:53 IST 2026, 360 W
Sat Mar  7 17:14:54 IST 2026, 355 W
Sat Mar  7 17:14:54 IST 2026, 359 W
Sat Mar  7 17:14:54 IST 2026, 351 W
Sat Mar  7 17:14:54 IST 2026, 352 W
Sat Mar  7 17:14:54 IST 2026, 348 W
Sat Mar  7 17:14:54 IST 2026, 352 W
Sat Mar  7 17:14:54 IST 2026, 356 W
Sat Mar  7 17:14:54 IST 2026, 359 W
Sat Mar  7 17:14:55 IST 2026, 337 W
Sat Mar  7 17:14:55 IST 2026, 348 W
Sat Mar  7 17:14:55 IST 2026, 336 W
Sat Mar  7 17:14:55 IST 2026, 345 W
Sat Mar  7 17:14:55 IST 2026, 344 W
Sat Mar  7 17:14:55 IST 2026, 343 W
Sat Mar  7 17:14:55 IST 2026, 335 W
Sat Mar  7 17:14:55 IST 2026, 338 W
Sat Mar  7 17:14:56 IST 2026, 346 W
Sat Mar  7 17:14:56 IST 2026, 353 W
Sat Mar  7 17:14:56 IST 2026, 352 W
Sat Mar  7 17:14:56 IST 2026, 354 W
Sat Mar  7 17:14:56 IST 2026, 352 W
Sat Mar  7 17:14:56 IST 2026, 353 W
Sat Mar  7 17:14:56 IST 2026, 356 W
Sat Mar  7 17:14:56 IST 2026, 353 W
Sat Mar  7 17:14:57 IST 2026, 267 W
Sat Mar  7 17:14:57 IST 2026, 286 W
Sat Mar  7 17:14:57 IST 2026, 280 W
Sat Mar  7 17:14:57 IST 2026, 277 W
Sat Mar  7 17:14:57 IST 2026, 265 W
Sat Mar  7 17:14:57 IST 2026, 265 W
Sat Mar  7 17:14:57 IST 2026, 263 W
Sat Mar  7 17:14:57 IST 2026, 271 W
Sat Mar  7 17:14:58 IST 2026, 471 W
Sat Mar  7 17:14:58 IST 2026, 473 W
Sat Mar  7 17:14:58 IST 2026, 469 W
Sat Mar  7 17:14:58 IST 2026, 472 W
Sat Mar  7 17:14:58 IST 2026, 476 W
Sat Mar  7 17:14:58 IST 2026, 470 W
Sat Mar  7 17:14:58 IST 2026, 472 W
Sat Mar  7 17:14:58 IST 2026, 472 W
Sat Mar  7 17:14:59 IST 2026, 365 W
Sat Mar  7 17:14:59 IST 2026, 302 W
Sat Mar  7 17:14:59 IST 2026, 372 W
Sat Mar  7 17:14:59 IST 2026, 375 W
Sat Mar  7 17:14:59 IST 2026, 371 W
Sat Mar  7 17:14:59 IST 2026, 365 W
Sat Mar  7 17:14:59 IST 2026, 365 W
Sat Mar  7 17:14:59 IST 2026, 370 W
Sat Mar  7 17:15:00 IST 2026, 426 W
Sat Mar  7 17:15:00 IST 2026, 414 W
Sat Mar  7 17:15:00 IST 2026, 417 W
Sat Mar  7 17:15:00 IST 2026, 427 W
Sat Mar  7 17:15:00 IST 2026, 423 W
Sat Mar  7 17:15:00 IST 2026, 411 W
Sat Mar  7 17:15:00 IST 2026, 399 W
Sat Mar  7 17:15:00 IST 2026, 426 W
Sat Mar  7 17:15:01 IST 2026, 459 W
Sat Mar  7 17:15:01 IST 2026, 437 W
Sat Mar  7 17:15:01 IST 2026, 456 W
Sat Mar  7 17:15:01 IST 2026, 460 W
Sat Mar  7 17:15:01 IST 2026, 464 W
Sat Mar  7 17:15:01 IST 2026, 462 W
Sat Mar  7 17:15:01 IST 2026, 461 W
Sat Mar  7 17:15:01 IST 2026, 461 W
Sat Mar  7 17:15:02 IST 2026, 431 W
Sat Mar  7 17:15:02 IST 2026, 434 W
Sat Mar  7 17:15:02 IST 2026, 429 W
Sat Mar  7 17:15:02 IST 2026, 437 W
Sat Mar  7 17:15:02 IST 2026, 436 W
Sat Mar  7 17:15:02 IST 2026, 433 W
Sat Mar  7 17:15:02 IST 2026, 436 W
Sat Mar  7 17:15:02 IST 2026, 430 W
Sat Mar  7 17:15:03 IST 2026, 398 W
Sat Mar  7 17:15:03 IST 2026, 403 W
Sat Mar  7 17:15:03 IST 2026, 397 W
Sat Mar  7 17:15:03 IST 2026, 397 W
Sat Mar  7 17:15:03 IST 2026, 407 W
Sat Mar  7 17:15:03 IST 2026, 402 W
Sat Mar  7 17:15:03 IST 2026, 401 W
Sat Mar  7 17:15:03 IST 2026, 400 W
Sat Mar  7 17:15:04 IST 2026, 368 W
Sat Mar  7 17:15:04 IST 2026, 369 W
Sat Mar  7 17:15:04 IST 2026, 373 W
Sat Mar  7 17:15:04 IST 2026, 374 W
Sat Mar  7 17:15:04 IST 2026, 376 W
Sat Mar  7 17:15:04 IST 2026, 376 W
Sat Mar  7 17:15:04 IST 2026, 373 W
Sat Mar  7 17:15:04 IST 2026, 375 W
Sat Mar  7 17:15:05 IST 2026, 355 W
Sat Mar  7 17:15:05 IST 2026, 254 W
Sat Mar  7 17:15:05 IST 2026, 340 W
Sat Mar  7 17:15:05 IST 2026, 351 W
Sat Mar  7 17:15:05 IST 2026, 356 W
Sat Mar  7 17:15:05 IST 2026, 353 W
Sat Mar  7 17:15:05 IST 2026, 351 W
Sat Mar  7 17:15:05 IST 2026, 356 W
Sat Mar  7 17:15:06 IST 2026, 327 W
Sat Mar  7 17:15:06 IST 2026, 351 W
Sat Mar  7 17:15:06 IST 2026, 357 W
Sat Mar  7 17:15:06 IST 2026, 363 W
Sat Mar  7 17:15:06 IST 2026, 368 W
Sat Mar  7 17:15:06 IST 2026, 367 W
Sat Mar  7 17:15:06 IST 2026, 366 W
Sat Mar  7 17:15:06 IST 2026, 365 W
Sat Mar  7 17:15:07 IST 2026, 349 W
Sat Mar  7 17:15:07 IST 2026, 350 W
Sat Mar  7 17:15:07 IST 2026, 351 W
Sat Mar  7 17:15:07 IST 2026, 353 W
Sat Mar  7 17:15:07 IST 2026, 354 W
Sat Mar  7 17:15:07 IST 2026, 351 W
Sat Mar  7 17:15:07 IST 2026, 353 W
Sat Mar  7 17:15:07 IST 2026, 353 W
Sat Mar  7 17:15:08 IST 2026, 230 W
Sat Mar  7 17:15:08 IST 2026, 232 W
Sat Mar  7 17:15:08 IST 2026, 229 W
Sat Mar  7 17:15:08 IST 2026, 232 W
Sat Mar  7 17:15:08 IST 2026, 236 W
Sat Mar  7 17:15:08 IST 2026, 232 W
Sat Mar  7 17:15:08 IST 2026, 228 W
Sat Mar  7 17:15:08 IST 2026, 232 W
Sat Mar  7 17:15:09 IST 2026, 426 W
Sat Mar  7 17:15:09 IST 2026, 415 W
Sat Mar  7 17:15:09 IST 2026, 412 W
Sat Mar  7 17:15:09 IST 2026, 424 W
Sat Mar  7 17:15:09 IST 2026, 432 W
Sat Mar  7 17:15:09 IST 2026, 432 W
Sat Mar  7 17:15:09 IST 2026, 424 W
Sat Mar  7 17:15:09 IST 2026, 425 W
Sat Mar  7 17:15:10 IST 2026, 443 W
Sat Mar  7 17:15:10 IST 2026, 446 W
Sat Mar  7 17:15:10 IST 2026, 425 W
Sat Mar  7 17:15:10 IST 2026, 452 W
Sat Mar  7 17:15:10 IST 2026, 453 W
Sat Mar  7 17:15:10 IST 2026, 446 W
Sat Mar  7 17:15:10 IST 2026, 448 W
Sat Mar  7 17:15:10 IST 2026, 449 W
Sat Mar  7 17:15:11 IST 2026, 376 W
Sat Mar  7 17:15:11 IST 2026, 386 W
Sat Mar  7 17:15:11 IST 2026, 383 W
Sat Mar  7 17:15:11 IST 2026, 387 W
Sat Mar  7 17:15:11 IST 2026, 390 W
Sat Mar  7 17:15:11 IST 2026, 384 W
Sat Mar  7 17:15:11 IST 2026, 391 W
Sat Mar  7 17:15:11 IST 2026, 380 W
Sat Mar  7 17:15:12 IST 2026, 351 W
Sat Mar  7 17:15:12 IST 2026, 359 W
Sat Mar  7 17:15:12 IST 2026, 359 W
Sat Mar  7 17:15:12 IST 2026, 361 W
Sat Mar  7 17:15:12 IST 2026, 364 W
Sat Mar  7 17:15:12 IST 2026, 354 W
Sat Mar  7 17:15:12 IST 2026, 364 W
Sat Mar  7 17:15:12 IST 2026, 349 W
Sat Mar  7 17:15:13 IST 2026, 352 W
Sat Mar  7 17:15:13 IST 2026, 349 W
Sat Mar  7 17:15:13 IST 2026, 348 W
Sat Mar  7 17:15:13 IST 2026, 351 W
Sat Mar  7 17:15:13 IST 2026, 347 W
Sat Mar  7 17:15:13 IST 2026, 356 W
Sat Mar  7 17:15:13 IST 2026, 358 W
Sat Mar  7 17:15:13 IST 2026, 353 W
Sat Mar  7 17:15:14 IST 2026, 230 W
Sat Mar  7 17:15:14 IST 2026, 233 W
Sat Mar  7 17:15:14 IST 2026, 228 W
Sat Mar  7 17:15:14 IST 2026, 232 W
Sat Mar  7 17:15:14 IST 2026, 235 W
Sat Mar  7 17:15:14 IST 2026, 231 W
Sat Mar  7 17:15:14 IST 2026, 229 W
Sat Mar  7 17:15:14 IST 2026, 232 W
Sat Mar  7 17:15:15 IST 2026, 449 W
Sat Mar  7 17:15:15 IST 2026, 458 W
Sat Mar  7 17:15:15 IST 2026, 452 W
Sat Mar  7 17:15:15 IST 2026, 454 W
Sat Mar  7 17:15:15 IST 2026, 456 W
Sat Mar  7 17:15:15 IST 2026, 454 W
Sat Mar  7 17:15:15 IST 2026, 454 W
Sat Mar  7 17:15:15 IST 2026, 428 W
Sat Mar  7 17:15:16 IST 2026, 426 W
Sat Mar  7 17:15:16 IST 2026, 427 W
Sat Mar  7 17:15:16 IST 2026, 427 W
Sat Mar  7 17:15:16 IST 2026, 429 W
Sat Mar  7 17:15:16 IST 2026, 428 W
Sat Mar  7 17:15:16 IST 2026, 422 W
Sat Mar  7 17:15:16 IST 2026, 425 W
Sat Mar  7 17:15:16 IST 2026, 386 W
Sat Mar  7 17:15:17 IST 2026, 387 W
Sat Mar  7 17:15:17 IST 2026, 389 W
Sat Mar  7 17:15:17 IST 2026, 380 W
Sat Mar  7 17:15:17 IST 2026, 390 W
Sat Mar  7 17:15:17 IST 2026, 388 W
Sat Mar  7 17:15:17 IST 2026, 383 W
Sat Mar  7 17:15:17 IST 2026, 385 W
Sat Mar  7 17:15:17 IST 2026, 387 W
Sat Mar  7 17:15:18 IST 2026, 328 W
Sat Mar  7 17:15:18 IST 2026, 360 W
Sat Mar  7 17:15:18 IST 2026, 359 W
Sat Mar  7 17:15:18 IST 2026, 362 W
Sat Mar  7 17:15:18 IST 2026, 367 W
Sat Mar  7 17:15:18 IST 2026, 365 W
Sat Mar  7 17:15:18 IST 2026, 367 W
Sat Mar  7 17:15:18 IST 2026, 358 W
Sat Mar  7 17:15:19 IST 2026, 351 W
Sat Mar  7 17:15:19 IST 2026, 349 W
Sat Mar  7 17:15:19 IST 2026, 346 W
Sat Mar  7 17:15:19 IST 2026, 352 W
Sat Mar  7 17:15:19 IST 2026, 354 W
Sat Mar  7 17:15:19 IST 2026, 347 W
Sat Mar  7 17:15:19 IST 2026, 348 W
Sat Mar  7 17:15:19 IST 2026, 351 W
Sat Mar  7 17:15:20 IST 2026, 338 W
Sat Mar  7 17:15:20 IST 2026, 347 W
Sat Mar  7 17:15:20 IST 2026, 339 W
Sat Mar  7 17:15:20 IST 2026, 350 W
Sat Mar  7 17:15:20 IST 2026, 351 W
Sat Mar  7 17:15:20 IST 2026, 340 W
Sat Mar  7 17:15:20 IST 2026, 342 W
Sat Mar  7 17:15:20 IST 2026, 347 W
Sat Mar  7 17:15:21 IST 2026, 378 W
Sat Mar  7 17:15:21 IST 2026, 359 W
Sat Mar  7 17:15:21 IST 2026, 375 W
Sat Mar  7 17:15:21 IST 2026, 381 W
Sat Mar  7 17:15:21 IST 2026, 367 W
Sat Mar  7 17:15:21 IST 2026, 362 W
Sat Mar  7 17:15:21 IST 2026, 364 W
Sat Mar  7 17:15:21 IST 2026, 345 W
Sat Mar  7 17:15:22 IST 2026, 377 W
Sat Mar  7 17:15:22 IST 2026, 379 W
Sat Mar  7 17:15:22 IST 2026, 375 W
Sat Mar  7 17:15:22 IST 2026, 378 W
Sat Mar  7 17:15:22 IST 2026, 379 W
Sat Mar  7 17:15:22 IST 2026, 377 W
Sat Mar  7 17:15:22 IST 2026, 378 W
Sat Mar  7 17:15:22 IST 2026, 349 W
Sat Mar  7 17:15:23 IST 2026, 232 W
Sat Mar  7 17:15:23 IST 2026, 235 W
Sat Mar  7 17:15:23 IST 2026, 231 W
Sat Mar  7 17:15:23 IST 2026, 234 W
Sat Mar  7 17:15:23 IST 2026, 236 W
Sat Mar  7 17:15:23 IST 2026, 234 W
Sat Mar  7 17:15:23 IST 2026, 231 W
Sat Mar  7 17:15:23 IST 2026, 233 W
Sat Mar  7 17:15:24 IST 2026, 454 W
Sat Mar  7 17:15:24 IST 2026, 465 W
Sat Mar  7 17:15:24 IST 2026, 459 W
Sat Mar  7 17:15:24 IST 2026, 466 W
Sat Mar  7 17:15:24 IST 2026, 464 W
Sat Mar  7 17:15:24 IST 2026, 452 W
Sat Mar  7 17:15:24 IST 2026, 455 W
Sat Mar  7 17:15:24 IST 2026, 451 W
Sat Mar  7 17:15:25 IST 2026, 442 W
Sat Mar  7 17:15:25 IST 2026, 442 W
Sat Mar  7 17:15:25 IST 2026, 440 W
Sat Mar  7 17:15:25 IST 2026, 444 W
Sat Mar  7 17:15:25 IST 2026, 445 W
Sat Mar  7 17:15:25 IST 2026, 429 W
Sat Mar  7 17:15:25 IST 2026, 441 W
Sat Mar  7 17:15:25 IST 2026, 444 W
Sat Mar  7 17:15:26 IST 2026, 362 W
Sat Mar  7 17:15:26 IST 2026, 359 W
Sat Mar  7 17:15:26 IST 2026, 352 W
Sat Mar  7 17:15:26 IST 2026, 364 W
Sat Mar  7 17:15:26 IST 2026, 370 W
Sat Mar  7 17:15:26 IST 2026, 366 W
Sat Mar  7 17:15:26 IST 2026, 364 W
Sat Mar  7 17:15:26 IST 2026, 324 W
Sat Mar  7 17:15:27 IST 2026, 378 W
Sat Mar  7 17:15:27 IST 2026, 381 W
Sat Mar  7 17:15:27 IST 2026, 340 W
Sat Mar  7 17:15:27 IST 2026, 380 W
Sat Mar  7 17:15:27 IST 2026, 383 W
Sat Mar  7 17:15:27 IST 2026, 379 W
Sat Mar  7 17:15:27 IST 2026, 379 W
Sat Mar  7 17:15:27 IST 2026, 373 W
Sat Mar  7 17:15:28 IST 2026, 358 W
Sat Mar  7 17:15:28 IST 2026, 361 W
Sat Mar  7 17:15:28 IST 2026, 352 W
Sat Mar  7 17:15:28 IST 2026, 358 W
Sat Mar  7 17:15:28 IST 2026, 362 W
Sat Mar  7 17:15:28 IST 2026, 360 W
Sat Mar  7 17:15:28 IST 2026, 359 W
Sat Mar  7 17:15:28 IST 2026, 362 W
Sat Mar  7 17:15:29 IST 2026, 364 W
Sat Mar  7 17:15:29 IST 2026, 360 W
Sat Mar  7 17:15:29 IST 2026, 357 W
Sat Mar  7 17:15:29 IST 2026, 365 W
Sat Mar  7 17:15:29 IST 2026, 351 W
Sat Mar  7 17:15:29 IST 2026, 361 W
Sat Mar  7 17:15:29 IST 2026, 366 W
Sat Mar  7 17:15:29 IST 2026, 364 W
Sat Mar  7 17:15:30 IST 2026, 344 W
Sat Mar  7 17:15:30 IST 2026, 341 W
Sat Mar  7 17:15:30 IST 2026, 339 W
Sat Mar  7 17:15:30 IST 2026, 338 W
Sat Mar  7 17:15:30 IST 2026, 341 W
Sat Mar  7 17:15:30 IST 2026, 337 W
Sat Mar  7 17:15:30 IST 2026, 337 W
Sat Mar  7 17:15:30 IST 2026, 320 W
Sat Mar  7 17:15:31 IST 2026, 363 W
Sat Mar  7 17:15:31 IST 2026, 366 W
Sat Mar  7 17:15:31 IST 2026, 365 W
Sat Mar  7 17:15:31 IST 2026, 364 W
Sat Mar  7 17:15:31 IST 2026, 366 W
Sat Mar  7 17:15:31 IST 2026, 369 W
Sat Mar  7 17:15:31 IST 2026, 366 W
Sat Mar  7 17:15:31 IST 2026, 339 W
Sat Mar  7 17:15:32 IST 2026, 229 W
Sat Mar  7 17:15:32 IST 2026, 232 W
Sat Mar  7 17:15:32 IST 2026, 228 W
Sat Mar  7 17:15:32 IST 2026, 232 W
Sat Mar  7 17:15:32 IST 2026, 235 W
Sat Mar  7 17:15:32 IST 2026, 231 W
Sat Mar  7 17:15:32 IST 2026, 228 W
Sat Mar  7 17:15:32 IST 2026, 231 W
Sat Mar  7 17:15:33 IST 2026, 391 W
Sat Mar  7 17:15:33 IST 2026, 386 W
Sat Mar  7 17:15:33 IST 2026, 375 W
Sat Mar  7 17:15:33 IST 2026, 389 W
Sat Mar  7 17:15:33 IST 2026, 391 W
Sat Mar  7 17:15:33 IST 2026, 386 W
Sat Mar  7 17:15:33 IST 2026, 390 W
Sat Mar  7 17:15:33 IST 2026, 390 W
Sat Mar  7 17:15:34 IST 2026, 379 W
Sat Mar  7 17:15:34 IST 2026, 376 W
Sat Mar  7 17:15:34 IST 2026, 374 W
Sat Mar  7 17:15:34 IST 2026, 383 W
Sat Mar  7 17:15:34 IST 2026, 383 W
Sat Mar  7 17:15:34 IST 2026, 375 W
Sat Mar  7 17:15:34 IST 2026, 378 W
Sat Mar  7 17:15:34 IST 2026, 378 W
Sat Mar  7 17:15:35 IST 2026, 344 W
Sat Mar  7 17:15:35 IST 2026, 354 W
Sat Mar  7 17:15:35 IST 2026, 345 W
Sat Mar  7 17:15:35 IST 2026, 347 W
Sat Mar  7 17:15:35 IST 2026, 348 W
Sat Mar  7 17:15:35 IST 2026, 348 W
Sat Mar  7 17:15:35 IST 2026, 332 W
Sat Mar  7 17:15:35 IST 2026, 351 W
Sat Mar  7 17:15:36 IST 2026, 362 W
Sat Mar  7 17:15:36 IST 2026, 372 W
Sat Mar  7 17:15:36 IST 2026, 348 W
Sat Mar  7 17:15:36 IST 2026, 362 W
Sat Mar  7 17:15:36 IST 2026, 370 W
Sat Mar  7 17:15:36 IST 2026, 366 W
Sat Mar  7 17:15:36 IST 2026, 367 W
Sat Mar  7 17:15:36 IST 2026, 373 W
Sat Mar  7 17:15:37 IST 2026, 416 W
Sat Mar  7 17:15:37 IST 2026, 411 W
Sat Mar  7 17:15:37 IST 2026, 402 W
Sat Mar  7 17:15:37 IST 2026, 423 W
Sat Mar  7 17:15:37 IST 2026, 425 W
Sat Mar  7 17:15:37 IST 2026, 421 W
Sat Mar  7 17:15:37 IST 2026, 399 W
Sat Mar  7 17:15:37 IST 2026, 416 W
Sat Mar  7 17:15:38 IST 2026, 428 W
Sat Mar  7 17:15:38 IST 2026, 319 W
Sat Mar  7 17:15:38 IST 2026, 379 W
Sat Mar  7 17:15:38 IST 2026, 427 W
Sat Mar  7 17:15:38 IST 2026, 435 W
Sat Mar  7 17:15:38 IST 2026, 405 W
Sat Mar  7 17:15:38 IST 2026, 433 W
Sat Mar  7 17:15:38 IST 2026, 433 W
Sat Mar  7 17:15:39 IST 2026, 337 W
Sat Mar  7 17:15:39 IST 2026, 346 W
Sat Mar  7 17:15:39 IST 2026, 342 W
Sat Mar  7 17:15:39 IST 2026, 347 W
Sat Mar  7 17:15:39 IST 2026, 347 W
Sat Mar  7 17:15:39 IST 2026, 344 W
Sat Mar  7 17:15:39 IST 2026, 318 W
Sat Mar  7 17:15:39 IST 2026, 343 W
Sat Mar  7 17:15:40 IST 2026, 364 W
Sat Mar  7 17:15:40 IST 2026, 361 W
Sat Mar  7 17:15:40 IST 2026, 335 W
Sat Mar  7 17:15:40 IST 2026, 367 W
Sat Mar  7 17:15:40 IST 2026, 363 W
Sat Mar  7 17:15:40 IST 2026, 367 W
Sat Mar  7 17:15:40 IST 2026, 363 W
Sat Mar  7 17:15:40 IST 2026, 357 W
Sat Mar  7 17:15:41 IST 2026, 231 W
Sat Mar  7 17:15:41 IST 2026, 234 W
Sat Mar  7 17:15:41 IST 2026, 229 W
Sat Mar  7 17:15:41 IST 2026, 233 W
Sat Mar  7 17:15:41 IST 2026, 235 W
Sat Mar  7 17:15:41 IST 2026, 232 W
Sat Mar  7 17:15:41 IST 2026, 229 W
Sat Mar  7 17:15:41 IST 2026, 232 W
Sat Mar  7 17:15:42 IST 2026, 411 W
Sat Mar  7 17:15:42 IST 2026, 412 W
Sat Mar  7 17:15:42 IST 2026, 409 W
Sat Mar  7 17:15:42 IST 2026, 422 W
Sat Mar  7 17:15:42 IST 2026, 417 W
Sat Mar  7 17:15:42 IST 2026, 419 W
Sat Mar  7 17:15:42 IST 2026, 414 W
Sat Mar  7 17:15:42 IST 2026, 409 W
Sat Mar  7 17:15:43 IST 2026, 424 W
Sat Mar  7 17:15:43 IST 2026, 430 W
Sat Mar  7 17:15:43 IST 2026, 423 W
Sat Mar  7 17:15:43 IST 2026, 431 W
Sat Mar  7 17:15:43 IST 2026, 430 W
Sat Mar  7 17:15:43 IST 2026, 426 W
Sat Mar  7 17:15:43 IST 2026, 433 W
Sat Mar  7 17:15:43 IST 2026, 429 W
Sat Mar  7 17:15:44 IST 2026, 389 W
Sat Mar  7 17:15:44 IST 2026, 395 W
Sat Mar  7 17:15:44 IST 2026, 372 W
Sat Mar  7 17:15:44 IST 2026, 395 W
Sat Mar  7 17:15:44 IST 2026, 400 W
Sat Mar  7 17:15:44 IST 2026, 395 W
Sat Mar  7 17:15:44 IST 2026, 396 W
Sat Mar  7 17:15:44 IST 2026, 396 W
Sat Mar  7 17:15:45 IST 2026, 231 W
Sat Mar  7 17:15:45 IST 2026, 234 W
Sat Mar  7 17:15:45 IST 2026, 230 W
Sat Mar  7 17:15:45 IST 2026, 234 W
Sat Mar  7 17:15:45 IST 2026, 236 W
Sat Mar  7 17:15:45 IST 2026, 233 W
Sat Mar  7 17:15:45 IST 2026, 230 W
Sat Mar  7 17:15:45 IST 2026, 233 W
Sat Mar  7 17:15:46 IST 2026, 445 W
Sat Mar  7 17:15:46 IST 2026, 437 W
Sat Mar  7 17:15:46 IST 2026, 436 W
Sat Mar  7 17:15:46 IST 2026, 445 W
Sat Mar  7 17:15:46 IST 2026, 452 W
Sat Mar  7 17:15:46 IST 2026, 446 W
Sat Mar  7 17:15:46 IST 2026, 444 W
Sat Mar  7 17:15:46 IST 2026, 447 W
Sat Mar  7 17:15:47 IST 2026, 444 W
Sat Mar  7 17:15:47 IST 2026, 444 W
Sat Mar  7 17:15:47 IST 2026, 443 W
Sat Mar  7 17:15:47 IST 2026, 449 W
Sat Mar  7 17:15:47 IST 2026, 452 W
Sat Mar  7 17:15:47 IST 2026, 446 W
Sat Mar  7 17:15:47 IST 2026, 447 W
Sat Mar  7 17:15:47 IST 2026, 448 W
Sat Mar  7 17:15:48 IST 2026, 448 W
Sat Mar  7 17:15:48 IST 2026, 455 W
Sat Mar  7 17:15:48 IST 2026, 451 W
Sat Mar  7 17:15:48 IST 2026, 453 W
Sat Mar  7 17:15:48 IST 2026, 453 W
Sat Mar  7 17:15:48 IST 2026, 452 W
Sat Mar  7 17:15:48 IST 2026, 451 W
Sat Mar  7 17:15:48 IST 2026, 450 W
Sat Mar  7 17:15:49 IST 2026, 432 W
Sat Mar  7 17:15:49 IST 2026, 433 W
Sat Mar  7 17:15:49 IST 2026, 401 W
Sat Mar  7 17:15:49 IST 2026, 441 W
Sat Mar  7 17:15:49 IST 2026, 438 W
Sat Mar  7 17:15:49 IST 2026, 432 W
Sat Mar  7 17:15:49 IST 2026, 431 W
Sat Mar  7 17:15:49 IST 2026, 434 W
Sat Mar  7 17:15:50 IST 2026, 433 W
Sat Mar  7 17:15:50 IST 2026, 428 W
Sat Mar  7 17:15:50 IST 2026, 433 W
Sat Mar  7 17:15:50 IST 2026, 435 W
Sat Mar  7 17:15:50 IST 2026, 432 W
Sat Mar  7 17:15:50 IST 2026, 429 W
Sat Mar  7 17:15:50 IST 2026, 434 W
Sat Mar  7 17:15:50 IST 2026, 436 W
Sat Mar  7 17:15:51 IST 2026, 422 W
Sat Mar  7 17:15:51 IST 2026, 418 W
Sat Mar  7 17:15:51 IST 2026, 424 W
Sat Mar  7 17:15:51 IST 2026, 426 W
Sat Mar  7 17:15:51 IST 2026, 427 W
Sat Mar  7 17:15:51 IST 2026, 429 W
Sat Mar  7 17:15:51 IST 2026, 432 W
Sat Mar  7 17:15:51 IST 2026, 430 W
Sat Mar  7 17:15:52 IST 2026, 423 W
Sat Mar  7 17:15:52 IST 2026, 430 W
Sat Mar  7 17:15:52 IST 2026, 431 W
Sat Mar  7 17:15:52 IST 2026, 429 W
Sat Mar  7 17:15:52 IST 2026, 431 W
Sat Mar  7 17:15:52 IST 2026, 424 W
Sat Mar  7 17:15:52 IST 2026, 425 W
Sat Mar  7 17:15:52 IST 2026, 424 W
Sat Mar  7 17:15:53 IST 2026, 433 W
Sat Mar  7 17:15:53 IST 2026, 423 W
Sat Mar  7 17:15:53 IST 2026, 422 W
Sat Mar  7 17:15:53 IST 2026, 431 W
Sat Mar  7 17:15:53 IST 2026, 436 W
Sat Mar  7 17:15:53 IST 2026, 412 W
Sat Mar  7 17:15:53 IST 2026, 437 W
Sat Mar  7 17:15:53 IST 2026, 436 W
Sat Mar  7 17:15:54 IST 2026, 421 W
Sat Mar  7 17:15:54 IST 2026, 422 W
Sat Mar  7 17:15:54 IST 2026, 423 W
Sat Mar  7 17:15:54 IST 2026, 423 W
Sat Mar  7 17:15:54 IST 2026, 425 W
Sat Mar  7 17:15:54 IST 2026, 423 W
Sat Mar  7 17:15:54 IST 2026, 425 W
Sat Mar  7 17:15:54 IST 2026, 426 W
Sat Mar  7 17:15:55 IST 2026, 416 W
Sat Mar  7 17:15:55 IST 2026, 413 W
Sat Mar  7 17:15:55 IST 2026, 411 W
Sat Mar  7 17:15:55 IST 2026, 417 W
Sat Mar  7 17:15:55 IST 2026, 422 W
Sat Mar  7 17:15:55 IST 2026, 420 W
Sat Mar  7 17:15:55 IST 2026, 423 W
Sat Mar  7 17:15:55 IST 2026, 420 W
Sat Mar  7 17:15:56 IST 2026, 430 W
Sat Mar  7 17:15:56 IST 2026, 431 W
Sat Mar  7 17:15:56 IST 2026, 432 W
Sat Mar  7 17:15:56 IST 2026, 434 W
Sat Mar  7 17:15:56 IST 2026, 436 W
Sat Mar  7 17:15:56 IST 2026, 434 W
Sat Mar  7 17:15:56 IST 2026, 436 W
Sat Mar  7 17:15:56 IST 2026, 434 W
Sat Mar  7 17:15:57 IST 2026, 230 W
Sat Mar  7 17:15:57 IST 2026, 232 W
Sat Mar  7 17:15:57 IST 2026, 229 W
Sat Mar  7 17:15:57 IST 2026, 233 W
Sat Mar  7 17:15:57 IST 2026, 235 W
Sat Mar  7 17:15:57 IST 2026, 232 W
Sat Mar  7 17:15:57 IST 2026, 230 W
Sat Mar  7 17:15:57 IST 2026, 232 W
Sat Mar  7 17:15:58 IST 2026, 460 W
Sat Mar  7 17:15:58 IST 2026, 442 W
Sat Mar  7 17:15:58 IST 2026, 456 W
Sat Mar  7 17:15:58 IST 2026, 464 W
Sat Mar  7 17:15:58 IST 2026, 464 W
Sat Mar  7 17:15:58 IST 2026, 461 W
Sat Mar  7 17:15:58 IST 2026, 463 W
Sat Mar  7 17:15:58 IST 2026, 463 W
Sat Mar  7 17:15:59 IST 2026, 445 W
Sat Mar  7 17:15:59 IST 2026, 440 W
Sat Mar  7 17:15:59 IST 2026, 443 W
Sat Mar  7 17:15:59 IST 2026, 452 W
Sat Mar  7 17:15:59 IST 2026, 456 W
Sat Mar  7 17:15:59 IST 2026, 447 W
Sat Mar  7 17:15:59 IST 2026, 448 W
Sat Mar  7 17:15:59 IST 2026, 451 W
Sat Mar  7 17:16:00 IST 2026, 439 W
Sat Mar  7 17:16:00 IST 2026, 440 W
Sat Mar  7 17:16:00 IST 2026, 440 W
Sat Mar  7 17:16:00 IST 2026, 435 W
Sat Mar  7 17:16:00 IST 2026, 443 W
Sat Mar  7 17:16:00 IST 2026, 441 W
Sat Mar  7 17:16:00 IST 2026, 438 W
Sat Mar  7 17:16:00 IST 2026, 440 W
Sat Mar  7 17:16:01 IST 2026, 428 W
Sat Mar  7 17:16:01 IST 2026, 438 W
Sat Mar  7 17:16:01 IST 2026, 438 W
Sat Mar  7 17:16:01 IST 2026, 438 W
Sat Mar  7 17:16:01 IST 2026, 436 W
Sat Mar  7 17:16:01 IST 2026, 434 W
Sat Mar  7 17:16:01 IST 2026, 435 W
Sat Mar  7 17:16:01 IST 2026, 440 W
Sat Mar  7 17:16:02 IST 2026, 424 W
Sat Mar  7 17:16:02 IST 2026, 430 W
Sat Mar  7 17:16:02 IST 2026, 430 W
Sat Mar  7 17:16:02 IST 2026, 431 W
Sat Mar  7 17:16:02 IST 2026, 430 W
Sat Mar  7 17:16:02 IST 2026, 428 W
Sat Mar  7 17:16:02 IST 2026, 431 W
Sat Mar  7 17:16:02 IST 2026, 433 W
Sat Mar  7 17:16:03 IST 2026, 350 W
Sat Mar  7 17:16:03 IST 2026, 351 W
Sat Mar  7 17:16:03 IST 2026, 352 W
Sat Mar  7 17:16:03 IST 2026, 352 W
Sat Mar  7 17:16:03 IST 2026, 353 W
Sat Mar  7 17:16:03 IST 2026, 348 W
Sat Mar  7 17:16:03 IST 2026, 350 W
Sat Mar  7 17:16:03 IST 2026, 341 W
Sat Mar  7 17:16:04 IST 2026, 438 W
Sat Mar  7 17:16:04 IST 2026, 405 W
Sat Mar  7 17:16:04 IST 2026, 427 W
Sat Mar  7 17:16:04 IST 2026, 436 W
Sat Mar  7 17:16:04 IST 2026, 447 W
Sat Mar  7 17:16:04 IST 2026, 441 W
Sat Mar  7 17:16:04 IST 2026, 440 W
Sat Mar  7 17:16:04 IST 2026, 437 W
Sat Mar  7 17:16:05 IST 2026, 461 W
Sat Mar  7 17:16:05 IST 2026, 462 W
Sat Mar  7 17:16:05 IST 2026, 458 W
Sat Mar  7 17:16:05 IST 2026, 463 W
Sat Mar  7 17:16:05 IST 2026, 466 W
Sat Mar  7 17:16:05 IST 2026, 462 W
Sat Mar  7 17:16:05 IST 2026, 465 W
Sat Mar  7 17:16:05 IST 2026, 465 W
Sat Mar  7 17:16:06 IST 2026, 459 W
Sat Mar  7 17:16:06 IST 2026, 463 W
Sat Mar  7 17:16:06 IST 2026, 462 W
Sat Mar  7 17:16:06 IST 2026, 467 W
Sat Mar  7 17:16:06 IST 2026, 468 W
Sat Mar  7 17:16:06 IST 2026, 460 W
Sat Mar  7 17:16:06 IST 2026, 445 W
Sat Mar  7 17:16:06 IST 2026, 464 W
Sat Mar  7 17:16:07 IST 2026, 463 W
Sat Mar  7 17:16:07 IST 2026, 462 W
Sat Mar  7 17:16:07 IST 2026, 458 W
Sat Mar  7 17:16:07 IST 2026, 465 W
Sat Mar  7 17:16:07 IST 2026, 467 W
Sat Mar  7 17:16:07 IST 2026, 457 W
Sat Mar  7 17:16:07 IST 2026, 460 W
Sat Mar  7 17:16:07 IST 2026, 466 W
Sat Mar  7 17:16:08 IST 2026, 424 W
Sat Mar  7 17:16:08 IST 2026, 421 W
Sat Mar  7 17:16:08 IST 2026, 422 W
Sat Mar  7 17:16:08 IST 2026, 423 W
Sat Mar  7 17:16:08 IST 2026, 428 W
Sat Mar  7 17:16:08 IST 2026, 425 W
Sat Mar  7 17:16:08 IST 2026, 419 W
Sat Mar  7 17:16:08 IST 2026, 424 W
Sat Mar  7 17:16:09 IST 2026, 397 W
Sat Mar  7 17:16:09 IST 2026, 435 W
Sat Mar  7 17:16:09 IST 2026, 439 W
Sat Mar  7 17:16:09 IST 2026, 428 W
Sat Mar  7 17:16:09 IST 2026, 438 W
Sat Mar  7 17:16:09 IST 2026, 430 W
Sat Mar  7 17:16:09 IST 2026, 429 W
Sat Mar  7 17:16:09 IST 2026, 428 W
Sat Mar  7 17:16:10 IST 2026, 387 W
Sat Mar  7 17:16:10 IST 2026, 387 W
Sat Mar  7 17:16:10 IST 2026, 371 W
Sat Mar  7 17:16:10 IST 2026, 401 W
Sat Mar  7 17:16:10 IST 2026, 392 W
Sat Mar  7 17:16:10 IST 2026, 387 W
Sat Mar  7 17:16:10 IST 2026, 385 W
Sat Mar  7 17:16:10 IST 2026, 394 W
Sat Mar  7 17:16:11 IST 2026, 413 W
Sat Mar  7 17:16:11 IST 2026, 421 W
Sat Mar  7 17:16:11 IST 2026, 410 W
Sat Mar  7 17:16:11 IST 2026, 421 W
Sat Mar  7 17:16:11 IST 2026, 419 W
Sat Mar  7 17:16:11 IST 2026, 415 W
Sat Mar  7 17:16:11 IST 2026, 418 W
Sat Mar  7 17:16:11 IST 2026, 413 W
Sat Mar  7 17:16:12 IST 2026, 404 W
Sat Mar  7 17:16:12 IST 2026, 414 W
Sat Mar  7 17:16:12 IST 2026, 403 W
Sat Mar  7 17:16:12 IST 2026, 409 W
Sat Mar  7 17:16:12 IST 2026, 407 W
Sat Mar  7 17:16:12 IST 2026, 405 W
Sat Mar  7 17:16:12 IST 2026, 408 W
Sat Mar  7 17:16:12 IST 2026, 404 W
Sat Mar  7 17:16:13 IST 2026, 376 W
Sat Mar  7 17:16:13 IST 2026, 389 W
Sat Mar  7 17:16:13 IST 2026, 382 W
Sat Mar  7 17:16:13 IST 2026, 388 W
Sat Mar  7 17:16:13 IST 2026, 386 W
Sat Mar  7 17:16:13 IST 2026, 382 W
Sat Mar  7 17:16:13 IST 2026, 388 W
Sat Mar  7 17:16:13 IST 2026, 387 W
Sat Mar  7 17:16:14 IST 2026, 383 W
Sat Mar  7 17:16:14 IST 2026, 389 W
Sat Mar  7 17:16:14 IST 2026, 382 W
Sat Mar  7 17:16:14 IST 2026, 390 W
Sat Mar  7 17:16:14 IST 2026, 391 W
Sat Mar  7 17:16:14 IST 2026, 387 W
Sat Mar  7 17:16:14 IST 2026, 385 W
Sat Mar  7 17:16:14 IST 2026, 384 W
Sat Mar  7 17:16:15 IST 2026, 351 W
Sat Mar  7 17:16:15 IST 2026, 356 W
Sat Mar  7 17:16:15 IST 2026, 357 W
Sat Mar  7 17:16:15 IST 2026, 361 W
Sat Mar  7 17:16:15 IST 2026, 360 W
Sat Mar  7 17:16:15 IST 2026, 357 W
Sat Mar  7 17:16:15 IST 2026, 358 W
Sat Mar  7 17:16:15 IST 2026, 354 W
Sat Mar  7 17:16:16 IST 2026, 230 W
Sat Mar  7 17:16:16 IST 2026, 233 W
Sat Mar  7 17:16:16 IST 2026, 228 W
Sat Mar  7 17:16:16 IST 2026, 233 W
Sat Mar  7 17:16:16 IST 2026, 234 W
Sat Mar  7 17:16:16 IST 2026, 231 W
Sat Mar  7 17:16:16 IST 2026, 229 W
Sat Mar  7 17:16:16 IST 2026, 231 W
Sat Mar  7 17:16:17 IST 2026, 430 W
Sat Mar  7 17:16:17 IST 2026, 444 W
Sat Mar  7 17:16:17 IST 2026, 444 W
Sat Mar  7 17:16:17 IST 2026, 411 W
Sat Mar  7 17:16:17 IST 2026, 439 W
Sat Mar  7 17:16:17 IST 2026, 424 W
Sat Mar  7 17:16:17 IST 2026, 420 W
Sat Mar  7 17:16:17 IST 2026, 443 W
Sat Mar  7 17:16:18 IST 2026, 390 W
Sat Mar  7 17:16:18 IST 2026, 416 W
Sat Mar  7 17:16:18 IST 2026, 410 W
Sat Mar  7 17:16:18 IST 2026, 406 W
Sat Mar  7 17:16:18 IST 2026, 396 W
Sat Mar  7 17:16:18 IST 2026, 323 W
Sat Mar  7 17:16:18 IST 2026, 388 W
Sat Mar  7 17:16:18 IST 2026, 396 W
Sat Mar  7 17:16:19 IST 2026, 407 W
Sat Mar  7 17:16:19 IST 2026, 440 W
Sat Mar  7 17:16:19 IST 2026, 410 W
Sat Mar  7 17:16:19 IST 2026, 427 W
Sat Mar  7 17:16:19 IST 2026, 413 W
Sat Mar  7 17:16:19 IST 2026, 405 W
Sat Mar  7 17:16:19 IST 2026, 404 W
Sat Mar  7 17:16:19 IST 2026, 416 W
Sat Mar  7 17:16:20 IST 2026, 456 W
Sat Mar  7 17:16:20 IST 2026, 462 W
Sat Mar  7 17:16:20 IST 2026, 459 W
Sat Mar  7 17:16:20 IST 2026, 467 W
Sat Mar  7 17:16:20 IST 2026, 462 W
Sat Mar  7 17:16:20 IST 2026, 455 W
Sat Mar  7 17:16:20 IST 2026, 454 W
Sat Mar  7 17:16:20 IST 2026, 455 W
Sat Mar  7 17:16:21 IST 2026, 428 W
Sat Mar  7 17:16:21 IST 2026, 434 W
Sat Mar  7 17:16:21 IST 2026, 432 W
Sat Mar  7 17:16:21 IST 2026, 440 W
Sat Mar  7 17:16:21 IST 2026, 436 W
Sat Mar  7 17:16:21 IST 2026, 422 W
Sat Mar  7 17:16:21 IST 2026, 427 W
Sat Mar  7 17:16:21 IST 2026, 431 W
Sat Mar  7 17:16:22 IST 2026, 339 W
Sat Mar  7 17:16:22 IST 2026, 293 W
Sat Mar  7 17:16:22 IST 2026, 339 W
Sat Mar  7 17:16:22 IST 2026, 344 W
Sat Mar  7 17:16:22 IST 2026, 346 W
Sat Mar  7 17:16:22 IST 2026, 341 W
Sat Mar  7 17:16:22 IST 2026, 340 W
Sat Mar  7 17:16:22 IST 2026, 342 W
Sat Mar  7 17:16:23 IST 2026, 343 W
Sat Mar  7 17:16:23 IST 2026, 351 W
Sat Mar  7 17:16:23 IST 2026, 345 W
Sat Mar  7 17:16:23 IST 2026, 352 W
Sat Mar  7 17:16:23 IST 2026, 349 W
Sat Mar  7 17:16:23 IST 2026, 259 W
Sat Mar  7 17:16:23 IST 2026, 348 W
Sat Mar  7 17:16:23 IST 2026, 346 W
Sat Mar  7 17:16:24 IST 2026, 352 W
Sat Mar  7 17:16:24 IST 2026, 348 W
Sat Mar  7 17:16:24 IST 2026, 350 W
Sat Mar  7 17:16:24 IST 2026, 354 W
Sat Mar  7 17:16:24 IST 2026, 356 W
Sat Mar  7 17:16:24 IST 2026, 340 W
Sat Mar  7 17:16:24 IST 2026, 358 W
Sat Mar  7 17:16:24 IST 2026, 357 W
Sat Mar  7 17:16:25 IST 2026, 351 W
Sat Mar  7 17:16:25 IST 2026, 352 W
Sat Mar  7 17:16:25 IST 2026, 349 W
Sat Mar  7 17:16:25 IST 2026, 352 W
Sat Mar  7 17:16:25 IST 2026, 357 W
Sat Mar  7 17:16:25 IST 2026, 338 W
Sat Mar  7 17:16:25 IST 2026, 355 W
Sat Mar  7 17:16:25 IST 2026, 353 W
Sat Mar  7 17:16:26 IST 2026, 351 W
Sat Mar  7 17:16:26 IST 2026, 352 W
Sat Mar  7 17:16:26 IST 2026, 352 W
Sat Mar  7 17:16:26 IST 2026, 353 W
Sat Mar  7 17:16:26 IST 2026, 358 W
Sat Mar  7 17:16:26 IST 2026, 353 W
Sat Mar  7 17:16:26 IST 2026, 357 W
Sat Mar  7 17:16:26 IST 2026, 357 W
Sat Mar  7 17:16:27 IST 2026, 334 W
Sat Mar  7 17:16:27 IST 2026, 322 W
Sat Mar  7 17:16:27 IST 2026, 329 W
Sat Mar  7 17:16:27 IST 2026, 335 W
Sat Mar  7 17:16:27 IST 2026, 342 W
Sat Mar  7 17:16:27 IST 2026, 336 W
Sat Mar  7 17:16:27 IST 2026, 272 W
Sat Mar  7 17:16:27 IST 2026, 337 W
Sat Mar  7 17:16:28 IST 2026, 230 W
Sat Mar  7 17:16:28 IST 2026, 232 W
Sat Mar  7 17:16:28 IST 2026, 228 W
Sat Mar  7 17:16:28 IST 2026, 232 W
Sat Mar  7 17:16:28 IST 2026, 235 W
Sat Mar  7 17:16:28 IST 2026, 232 W
Sat Mar  7 17:16:28 IST 2026, 230 W
Sat Mar  7 17:16:28 IST 2026, 233 W
Sat Mar  7 17:16:29 IST 2026, 438 W
Sat Mar  7 17:16:29 IST 2026, 441 W
Sat Mar  7 17:16:29 IST 2026, 435 W
Sat Mar  7 17:16:29 IST 2026, 444 W
Sat Mar  7 17:16:29 IST 2026, 443 W
Sat Mar  7 17:16:29 IST 2026, 435 W
Sat Mar  7 17:16:29 IST 2026, 437 W
Sat Mar  7 17:16:29 IST 2026, 439 W
Sat Mar  7 17:16:30 IST 2026, 403 W
Sat Mar  7 17:16:30 IST 2026, 402 W
Sat Mar  7 17:16:30 IST 2026, 351 W
Sat Mar  7 17:16:30 IST 2026, 406 W
Sat Mar  7 17:16:30 IST 2026, 407 W
Sat Mar  7 17:16:30 IST 2026, 405 W
Sat Mar  7 17:16:30 IST 2026, 400 W
Sat Mar  7 17:16:30 IST 2026, 401 W
Sat Mar  7 17:16:31 IST 2026, 373 W
Sat Mar  7 17:16:31 IST 2026, 373 W
Sat Mar  7 17:16:31 IST 2026, 340 W
Sat Mar  7 17:16:31 IST 2026, 377 W
Sat Mar  7 17:16:31 IST 2026, 376 W
Sat Mar  7 17:16:31 IST 2026, 376 W
Sat Mar  7 17:16:31 IST 2026, 377 W
Sat Mar  7 17:16:31 IST 2026, 375 W
Sat Mar  7 17:16:32 IST 2026, 343 W
Sat Mar  7 17:16:32 IST 2026, 343 W
Sat Mar  7 17:16:32 IST 2026, 342 W
Sat Mar  7 17:16:32 IST 2026, 349 W
Sat Mar  7 17:16:32 IST 2026, 347 W
Sat Mar  7 17:16:32 IST 2026, 344 W
Sat Mar  7 17:16:32 IST 2026, 341 W
Sat Mar  7 17:16:32 IST 2026, 351 W
Sat Mar  7 17:16:33 IST 2026, 346 W
Sat Mar  7 17:16:33 IST 2026, 353 W
Sat Mar  7 17:16:33 IST 2026, 306 W
Sat Mar  7 17:16:33 IST 2026, 352 W
Sat Mar  7 17:16:33 IST 2026, 353 W
Sat Mar  7 17:16:33 IST 2026, 347 W
Sat Mar  7 17:16:33 IST 2026, 349 W
Sat Mar  7 17:16:33 IST 2026, 349 W
Sat Mar  7 17:16:34 IST 2026, 339 W
Sat Mar  7 17:16:34 IST 2026, 347 W
Sat Mar  7 17:16:34 IST 2026, 344 W
Sat Mar  7 17:16:34 IST 2026, 343 W
Sat Mar  7 17:16:34 IST 2026, 343 W
Sat Mar  7 17:16:34 IST 2026, 339 W
Sat Mar  7 17:16:34 IST 2026, 342 W
Sat Mar  7 17:16:34 IST 2026, 348 W
Sat Mar  7 17:16:35 IST 2026, 355 W
Sat Mar  7 17:16:35 IST 2026, 354 W
Sat Mar  7 17:16:35 IST 2026, 345 W
Sat Mar  7 17:16:35 IST 2026, 360 W
Sat Mar  7 17:16:35 IST 2026, 358 W
Sat Mar  7 17:16:35 IST 2026, 356 W
Sat Mar  7 17:16:35 IST 2026, 356 W
Sat Mar  7 17:16:35 IST 2026, 357 W
Sat Mar  7 17:16:36 IST 2026, 341 W
Sat Mar  7 17:16:36 IST 2026, 344 W
Sat Mar  7 17:16:36 IST 2026, 341 W
Sat Mar  7 17:16:36 IST 2026, 346 W
Sat Mar  7 17:16:36 IST 2026, 347 W
Sat Mar  7 17:16:36 IST 2026, 342 W
Sat Mar  7 17:16:36 IST 2026, 278 W
Sat Mar  7 17:16:36 IST 2026, 344 W
Sat Mar  7 17:16:37 IST 2026, 359 W
Sat Mar  7 17:16:37 IST 2026, 348 W
Sat Mar  7 17:16:37 IST 2026, 308 W
Sat Mar  7 17:16:37 IST 2026, 355 W
Sat Mar  7 17:16:37 IST 2026, 363 W
Sat Mar  7 17:16:37 IST 2026, 360 W
Sat Mar  7 17:16:37 IST 2026, 359 W
Sat Mar  7 17:16:37 IST 2026, 357 W
Sat Mar  7 17:16:38 IST 2026, 309 W
Sat Mar  7 17:16:38 IST 2026, 398 W
Sat Mar  7 17:16:38 IST 2026, 391 W
Sat Mar  7 17:16:38 IST 2026, 409 W
Sat Mar  7 17:16:38 IST 2026, 317 W
Sat Mar  7 17:16:38 IST 2026, 312 W
Sat Mar  7 17:16:38 IST 2026, 310 W
Sat Mar  7 17:16:38 IST 2026, 294 W
Sat Mar  7 17:16:39 IST 2026, 411 W
Sat Mar  7 17:16:39 IST 2026, 395 W
Sat Mar  7 17:16:39 IST 2026, 370 W
Sat Mar  7 17:16:39 IST 2026, 405 W
Sat Mar  7 17:16:39 IST 2026, 418 W
Sat Mar  7 17:16:39 IST 2026, 389 W
Sat Mar  7 17:16:39 IST 2026, 413 W
Sat Mar  7 17:16:39 IST 2026, 394 W
Sat Mar  7 17:16:40 IST 2026, 360 W
Sat Mar  7 17:16:40 IST 2026, 360 W
Sat Mar  7 17:16:40 IST 2026, 358 W
Sat Mar  7 17:16:40 IST 2026, 365 W
Sat Mar  7 17:16:40 IST 2026, 368 W
Sat Mar  7 17:16:40 IST 2026, 340 W
Sat Mar  7 17:16:40 IST 2026, 367 W
Sat Mar  7 17:16:40 IST 2026, 365 W
Sat Mar  7 17:16:41 IST 2026, 369 W
Sat Mar  7 17:16:41 IST 2026, 372 W
Sat Mar  7 17:16:41 IST 2026, 368 W
Sat Mar  7 17:16:41 IST 2026, 373 W
Sat Mar  7 17:16:41 IST 2026, 377 W
Sat Mar  7 17:16:41 IST 2026, 327 W
Sat Mar  7 17:16:41 IST 2026, 372 W
Sat Mar  7 17:16:41 IST 2026, 375 W
Sat Mar  7 17:16:42 IST 2026, 343 W
Sat Mar  7 17:16:42 IST 2026, 350 W
Sat Mar  7 17:16:42 IST 2026, 345 W
Sat Mar  7 17:16:42 IST 2026, 349 W
Sat Mar  7 17:16:42 IST 2026, 348 W
Sat Mar  7 17:16:42 IST 2026, 348 W
Sat Mar  7 17:16:42 IST 2026, 303 W
Sat Mar  7 17:16:42 IST 2026, 346 W
Sat Mar  7 17:16:43 IST 2026, 343 W
Sat Mar  7 17:16:43 IST 2026, 348 W
Sat Mar  7 17:16:43 IST 2026, 341 W
Sat Mar  7 17:16:43 IST 2026, 351 W
Sat Mar  7 17:16:43 IST 2026, 349 W
Sat Mar  7 17:16:43 IST 2026, 347 W
Sat Mar  7 17:16:43 IST 2026, 342 W
Sat Mar  7 17:16:43 IST 2026, 341 W
Sat Mar  7 17:16:44 IST 2026, 230 W
Sat Mar  7 17:16:44 IST 2026, 233 W
Sat Mar  7 17:16:44 IST 2026, 230 W
Sat Mar  7 17:16:44 IST 2026, 233 W
Sat Mar  7 17:16:44 IST 2026, 236 W
Sat Mar  7 17:16:44 IST 2026, 233 W
Sat Mar  7 17:16:44 IST 2026, 230 W
Sat Mar  7 17:16:44 IST 2026, 233 W
Sat Mar  7 17:16:45 IST 2026, 406 W
Sat Mar  7 17:16:45 IST 2026, 409 W
Sat Mar  7 17:16:45 IST 2026, 401 W
Sat Mar  7 17:16:45 IST 2026, 411 W
Sat Mar  7 17:16:45 IST 2026, 410 W
Sat Mar  7 17:16:45 IST 2026, 409 W
Sat Mar  7 17:16:45 IST 2026, 410 W
Sat Mar  7 17:16:45 IST 2026, 404 W
Sat Mar  7 17:16:46 IST 2026, 368 W
Sat Mar  7 17:16:46 IST 2026, 376 W
Sat Mar  7 17:16:46 IST 2026, 375 W
Sat Mar  7 17:16:46 IST 2026, 376 W
Sat Mar  7 17:16:46 IST 2026, 372 W
Sat Mar  7 17:16:46 IST 2026, 373 W
Sat Mar  7 17:16:46 IST 2026, 371 W
Sat Mar  7 17:16:46 IST 2026, 373 W
Sat Mar  7 17:16:47 IST 2026, 353 W
Sat Mar  7 17:16:47 IST 2026, 356 W
Sat Mar  7 17:16:47 IST 2026, 340 W
Sat Mar  7 17:16:47 IST 2026, 359 W
Sat Mar  7 17:16:47 IST 2026, 357 W
Sat Mar  7 17:16:47 IST 2026, 354 W
Sat Mar  7 17:16:47 IST 2026, 355 W
Sat Mar  7 17:16:47 IST 2026, 336 W
Sat Mar  7 17:16:48 IST 2026, 346 W
Sat Mar  7 17:16:48 IST 2026, 336 W
Sat Mar  7 17:16:48 IST 2026, 338 W
Sat Mar  7 17:16:48 IST 2026, 346 W
Sat Mar  7 17:16:48 IST 2026, 354 W
Sat Mar  7 17:16:48 IST 2026, 345 W
Sat Mar  7 17:16:48 IST 2026, 338 W
Sat Mar  7 17:16:48 IST 2026, 343 W
Sat Mar  7 17:16:49 IST 2026, 340 W
Sat Mar  7 17:16:49 IST 2026, 339 W
Sat Mar  7 17:16:49 IST 2026, 344 W
Sat Mar  7 17:16:49 IST 2026, 345 W
Sat Mar  7 17:16:49 IST 2026, 341 W
Sat Mar  7 17:16:49 IST 2026, 344 W
Sat Mar  7 17:16:49 IST 2026, 338 W
Sat Mar  7 17:16:49 IST 2026, 344 W
Sat Mar  7 17:16:50 IST 2026, 334 W
Sat Mar  7 17:16:50 IST 2026, 342 W
Sat Mar  7 17:16:50 IST 2026, 337 W
Sat Mar  7 17:16:50 IST 2026, 346 W
Sat Mar  7 17:16:50 IST 2026, 338 W
Sat Mar  7 17:16:50 IST 2026, 326 W
Sat Mar  7 17:16:50 IST 2026, 299 W
Sat Mar  7 17:16:50 IST 2026, 343 W
Sat Mar  7 17:16:51 IST 2026, 361 W
Sat Mar  7 17:16:51 IST 2026, 358 W
Sat Mar  7 17:16:51 IST 2026, 351 W
Sat Mar  7 17:16:51 IST 2026, 360 W
Sat Mar  7 17:16:51 IST 2026, 366 W
Sat Mar  7 17:16:51 IST 2026, 357 W
Sat Mar  7 17:16:51 IST 2026, 360 W
Sat Mar  7 17:16:51 IST 2026, 360 W
Sat Mar  7 17:16:52 IST 2026, 354 W
Sat Mar  7 17:16:52 IST 2026, 360 W
Sat Mar  7 17:16:52 IST 2026, 350 W
Sat Mar  7 17:16:52 IST 2026, 363 W
Sat Mar  7 17:16:52 IST 2026, 360 W
Sat Mar  7 17:16:52 IST 2026, 353 W
Sat Mar  7 17:16:52 IST 2026, 353 W
Sat Mar  7 17:16:52 IST 2026, 323 W
Sat Mar  7 17:16:53 IST 2026, 367 W
Sat Mar  7 17:16:53 IST 2026, 359 W
Sat Mar  7 17:16:53 IST 2026, 359 W
Sat Mar  7 17:16:53 IST 2026, 373 W
Sat Mar  7 17:16:53 IST 2026, 357 W
Sat Mar  7 17:16:53 IST 2026, 336 W
Sat Mar  7 17:16:53 IST 2026, 366 W
Sat Mar  7 17:16:53 IST 2026, 368 W
Sat Mar  7 17:16:54 IST 2026, 349 W
Sat Mar  7 17:16:54 IST 2026, 343 W
Sat Mar  7 17:16:54 IST 2026, 332 W
Sat Mar  7 17:16:54 IST 2026, 351 W
Sat Mar  7 17:16:54 IST 2026, 352 W
Sat Mar  7 17:16:54 IST 2026, 338 W
Sat Mar  7 17:16:54 IST 2026, 348 W
Sat Mar  7 17:16:54 IST 2026, 353 W
Sat Mar  7 17:16:55 IST 2026, 341 W
Sat Mar  7 17:16:55 IST 2026, 342 W
Sat Mar  7 17:16:55 IST 2026, 339 W
Sat Mar  7 17:16:55 IST 2026, 347 W
Sat Mar  7 17:16:55 IST 2026, 346 W
Sat Mar  7 17:16:55 IST 2026, 345 W
Sat Mar  7 17:16:55 IST 2026, 338 W
Sat Mar  7 17:16:55 IST 2026, 342 W
Sat Mar  7 17:16:56 IST 2026, 341 W
Sat Mar  7 17:16:56 IST 2026, 348 W
Sat Mar  7 17:16:56 IST 2026, 340 W
Sat Mar  7 17:16:56 IST 2026, 350 W
Sat Mar  7 17:16:56 IST 2026, 351 W
Sat Mar  7 17:16:56 IST 2026, 344 W
Sat Mar  7 17:16:56 IST 2026, 344 W
Sat Mar  7 17:16:56 IST 2026, 343 W
Sat Mar  7 17:16:57 IST 2026, 374 W
Sat Mar  7 17:16:57 IST 2026, 328 W
Sat Mar  7 17:16:57 IST 2026, 350 W
Sat Mar  7 17:16:57 IST 2026, 363 W
Sat Mar  7 17:16:57 IST 2026, 378 W
Sat Mar  7 17:16:57 IST 2026, 383 W
Sat Mar  7 17:16:57 IST 2026, 377 W
Sat Mar  7 17:16:57 IST 2026, 369 W
Sat Mar  7 17:16:58 IST 2026, 460 W
Sat Mar  7 17:16:58 IST 2026, 463 W
Sat Mar  7 17:16:58 IST 2026, 463 W
Sat Mar  7 17:16:58 IST 2026, 466 W
Sat Mar  7 17:16:58 IST 2026, 470 W
Sat Mar  7 17:16:58 IST 2026, 459 W
Sat Mar  7 17:16:58 IST 2026, 462 W
Sat Mar  7 17:16:58 IST 2026, 463 W
Sat Mar  7 17:16:59 IST 2026, 448 W
Sat Mar  7 17:16:59 IST 2026, 449 W
Sat Mar  7 17:16:59 IST 2026, 447 W
Sat Mar  7 17:16:59 IST 2026, 456 W
Sat Mar  7 17:16:59 IST 2026, 451 W
Sat Mar  7 17:16:59 IST 2026, 448 W
Sat Mar  7 17:16:59 IST 2026, 450 W
Sat Mar  7 17:16:59 IST 2026, 448 W
Sat Mar  7 17:17:00 IST 2026, 391 W
Sat Mar  7 17:17:00 IST 2026, 403 W
Sat Mar  7 17:17:00 IST 2026, 398 W
Sat Mar  7 17:17:00 IST 2026, 401 W
Sat Mar  7 17:17:00 IST 2026, 400 W
Sat Mar  7 17:17:00 IST 2026, 401 W
Sat Mar  7 17:17:00 IST 2026, 396 W
Sat Mar  7 17:17:00 IST 2026, 400 W
Sat Mar  7 17:17:01 IST 2026, 375 W
Sat Mar  7 17:17:01 IST 2026, 375 W
Sat Mar  7 17:17:01 IST 2026, 374 W
Sat Mar  7 17:17:01 IST 2026, 377 W
Sat Mar  7 17:17:01 IST 2026, 379 W
Sat Mar  7 17:17:01 IST 2026, 377 W
Sat Mar  7 17:17:01 IST 2026, 373 W
Sat Mar  7 17:17:01 IST 2026, 378 W
Sat Mar  7 17:17:02 IST 2026, 349 W
Sat Mar  7 17:17:02 IST 2026, 345 W
Sat Mar  7 17:17:02 IST 2026, 349 W
Sat Mar  7 17:17:02 IST 2026, 356 W
Sat Mar  7 17:17:02 IST 2026, 357 W
Sat Mar  7 17:17:02 IST 2026, 349 W
Sat Mar  7 17:17:02 IST 2026, 357 W
Sat Mar  7 17:17:02 IST 2026, 357 W
Sat Mar  7 17:17:03 IST 2026, 376 W
Sat Mar  7 17:17:03 IST 2026, 324 W
Sat Mar  7 17:17:03 IST 2026, 378 W
Sat Mar  7 17:17:03 IST 2026, 380 W
Sat Mar  7 17:17:03 IST 2026, 381 W
Sat Mar  7 17:17:03 IST 2026, 379 W
Sat Mar  7 17:17:03 IST 2026, 380 W
Sat Mar  7 17:17:03 IST 2026, 378 W
Sat Mar  7 17:17:04 IST 2026, 353 W
Sat Mar  7 17:17:04 IST 2026, 351 W
Sat Mar  7 17:17:04 IST 2026, 348 W
Sat Mar  7 17:17:04 IST 2026, 354 W
Sat Mar  7 17:17:04 IST 2026, 355 W
Sat Mar  7 17:17:04 IST 2026, 351 W
Sat Mar  7 17:17:04 IST 2026, 351 W
Sat Mar  7 17:17:04 IST 2026, 355 W
Sat Mar  7 17:17:05 IST 2026, 351 W
Sat Mar  7 17:17:05 IST 2026, 356 W
Sat Mar  7 17:17:05 IST 2026, 356 W
Sat Mar  7 17:17:05 IST 2026, 357 W
Sat Mar  7 17:17:05 IST 2026, 357 W
Sat Mar  7 17:17:05 IST 2026, 358 W
Sat Mar  7 17:17:05 IST 2026, 358 W
Sat Mar  7 17:17:05 IST 2026, 358 W
Sat Mar  7 17:17:06 IST 2026, 370 W
Sat Mar  7 17:17:06 IST 2026, 369 W
Sat Mar  7 17:17:06 IST 2026, 366 W
Sat Mar  7 17:17:06 IST 2026, 368 W
Sat Mar  7 17:17:06 IST 2026, 369 W
Sat Mar  7 17:17:06 IST 2026, 368 W
Sat Mar  7 17:17:06 IST 2026, 372 W
Sat Mar  7 17:17:06 IST 2026, 350 W
Sat Mar  7 17:17:07 IST 2026, 231 W
Sat Mar  7 17:17:07 IST 2026, 234 W
Sat Mar  7 17:17:07 IST 2026, 229 W
Sat Mar  7 17:17:07 IST 2026, 233 W
Sat Mar  7 17:17:07 IST 2026, 235 W
Sat Mar  7 17:17:07 IST 2026, 232 W
Sat Mar  7 17:17:07 IST 2026, 229 W
Sat Mar  7 17:17:07 IST 2026, 232 W
Sat Mar  7 17:17:08 IST 2026, 426 W
Sat Mar  7 17:17:08 IST 2026, 448 W
Sat Mar  7 17:17:08 IST 2026, 445 W
Sat Mar  7 17:17:08 IST 2026, 452 W
Sat Mar  7 17:17:08 IST 2026, 430 W
Sat Mar  7 17:17:08 IST 2026, 423 W
Sat Mar  7 17:17:08 IST 2026, 425 W
Sat Mar  7 17:17:08 IST 2026, 424 W
Sat Mar  7 17:17:09 IST 2026, 444 W
Sat Mar  7 17:17:09 IST 2026, 453 W
Sat Mar  7 17:17:09 IST 2026, 450 W
Sat Mar  7 17:17:09 IST 2026, 453 W
Sat Mar  7 17:17:09 IST 2026, 456 W
Sat Mar  7 17:17:09 IST 2026, 445 W
Sat Mar  7 17:17:09 IST 2026, 452 W
Sat Mar  7 17:17:09 IST 2026, 453 W
Sat Mar  7 17:17:10 IST 2026, 420 W
Sat Mar  7 17:17:10 IST 2026, 398 W
Sat Mar  7 17:17:10 IST 2026, 388 W
Sat Mar  7 17:17:10 IST 2026, 395 W
Sat Mar  7 17:17:10 IST 2026, 425 W
Sat Mar  7 17:17:10 IST 2026, 425 W
Sat Mar  7 17:17:10 IST 2026, 422 W
Sat Mar  7 17:17:10 IST 2026, 393 W
Sat Mar  7 17:17:11 IST 2026, 320 W
Sat Mar  7 17:17:11 IST 2026, 356 W
Sat Mar  7 17:17:11 IST 2026, 355 W
Sat Mar  7 17:17:11 IST 2026, 365 W
Sat Mar  7 17:17:11 IST 2026, 362 W
Sat Mar  7 17:17:11 IST 2026, 355 W
Sat Mar  7 17:17:11 IST 2026, 361 W
Sat Mar  7 17:17:11 IST 2026, 362 W
Sat Mar  7 17:17:12 IST 2026, 362 W
Sat Mar  7 17:17:12 IST 2026, 362 W
Sat Mar  7 17:17:12 IST 2026, 360 W
Sat Mar  7 17:17:12 IST 2026, 363 W
Sat Mar  7 17:17:12 IST 2026, 363 W
Sat Mar  7 17:17:12 IST 2026, 341 W
Sat Mar  7 17:17:12 IST 2026, 360 W
Sat Mar  7 17:17:12 IST 2026, 359 W
Sat Mar  7 17:17:13 IST 2026, 229 W
Sat Mar  7 17:17:13 IST 2026, 233 W
Sat Mar  7 17:17:13 IST 2026, 228 W
Sat Mar  7 17:17:13 IST 2026, 233 W
Sat Mar  7 17:17:13 IST 2026, 235 W
Sat Mar  7 17:17:13 IST 2026, 232 W
Sat Mar  7 17:17:13 IST 2026, 229 W
Sat Mar  7 17:17:13 IST 2026, 231 W
Sat Mar  7 17:17:14 IST 2026, 442 W
Sat Mar  7 17:17:14 IST 2026, 446 W
Sat Mar  7 17:17:14 IST 2026, 439 W
Sat Mar  7 17:17:14 IST 2026, 449 W
Sat Mar  7 17:17:14 IST 2026, 448 W
Sat Mar  7 17:17:14 IST 2026, 444 W
Sat Mar  7 17:17:14 IST 2026, 447 W
Sat Mar  7 17:17:14 IST 2026, 441 W
Sat Mar  7 17:17:15 IST 2026, 367 W
Sat Mar  7 17:17:15 IST 2026, 424 W
Sat Mar  7 17:17:15 IST 2026, 420 W
Sat Mar  7 17:17:15 IST 2026, 412 W
Sat Mar  7 17:17:15 IST 2026, 403 W
Sat Mar  7 17:17:15 IST 2026, 395 W
Sat Mar  7 17:17:15 IST 2026, 397 W
Sat Mar  7 17:17:15 IST 2026, 405 W
Sat Mar  7 17:17:16 IST 2026, 395 W
Sat Mar  7 17:17:16 IST 2026, 397 W
Sat Mar  7 17:17:16 IST 2026, 397 W
Sat Mar  7 17:17:16 IST 2026, 400 W
Sat Mar  7 17:17:16 IST 2026, 401 W
Sat Mar  7 17:17:16 IST 2026, 397 W
Sat Mar  7 17:17:16 IST 2026, 399 W
Sat Mar  7 17:17:16 IST 2026, 397 W
Sat Mar  7 17:17:17 IST 2026, 232 W
Sat Mar  7 17:17:17 IST 2026, 237 W
Sat Mar  7 17:17:17 IST 2026, 231 W
Sat Mar  7 17:17:17 IST 2026, 235 W
Sat Mar  7 17:17:17 IST 2026, 237 W
Sat Mar  7 17:17:17 IST 2026, 234 W
Sat Mar  7 17:17:17 IST 2026, 231 W
Sat Mar  7 17:17:17 IST 2026, 234 W
Sat Mar  7 17:17:18 IST 2026, 415 W
Sat Mar  7 17:17:18 IST 2026, 399 W
Sat Mar  7 17:17:18 IST 2026, 400 W
Sat Mar  7 17:17:18 IST 2026, 411 W
Sat Mar  7 17:17:18 IST 2026, 425 W
Sat Mar  7 17:17:18 IST 2026, 384 W
Sat Mar  7 17:17:18 IST 2026, 422 W
Sat Mar  7 17:17:18 IST 2026, 416 W
Sat Mar  7 17:17:19 IST 2026, 416 W
Sat Mar  7 17:17:19 IST 2026, 427 W
Sat Mar  7 17:17:19 IST 2026, 419 W
Sat Mar  7 17:17:19 IST 2026, 427 W
Sat Mar  7 17:17:19 IST 2026, 423 W
Sat Mar  7 17:17:19 IST 2026, 422 W
Sat Mar  7 17:17:19 IST 2026, 422 W
Sat Mar  7 17:17:19 IST 2026, 415 W
Sat Mar  7 17:17:20 IST 2026, 375 W
Sat Mar  7 17:17:20 IST 2026, 377 W
Sat Mar  7 17:17:20 IST 2026, 379 W
Sat Mar  7 17:17:20 IST 2026, 384 W
Sat Mar  7 17:17:20 IST 2026, 388 W
Sat Mar  7 17:17:20 IST 2026, 387 W
Sat Mar  7 17:17:20 IST 2026, 385 W
Sat Mar  7 17:17:20 IST 2026, 375 W
Sat Mar  7 17:17:21 IST 2026, 386 W
Sat Mar  7 17:17:21 IST 2026, 392 W
Sat Mar  7 17:17:21 IST 2026, 384 W
Sat Mar  7 17:17:21 IST 2026, 393 W
Sat Mar  7 17:17:21 IST 2026, 394 W
Sat Mar  7 17:17:21 IST 2026, 386 W
Sat Mar  7 17:17:21 IST 2026, 383 W
Sat Mar  7 17:17:21 IST 2026, 386 W
Sat Mar  7 17:17:22 IST 2026, 344 W
Sat Mar  7 17:17:22 IST 2026, 373 W
Sat Mar  7 17:17:22 IST 2026, 370 W
Sat Mar  7 17:17:22 IST 2026, 375 W
Sat Mar  7 17:17:22 IST 2026, 377 W
Sat Mar  7 17:17:22 IST 2026, 369 W
Sat Mar  7 17:17:22 IST 2026, 374 W
Sat Mar  7 17:17:22 IST 2026, 373 W
Sat Mar  7 17:17:23 IST 2026, 355 W
Sat Mar  7 17:17:23 IST 2026, 359 W
Sat Mar  7 17:17:23 IST 2026, 357 W
Sat Mar  7 17:17:23 IST 2026, 356 W
Sat Mar  7 17:17:23 IST 2026, 360 W
Sat Mar  7 17:17:23 IST 2026, 349 W
Sat Mar  7 17:17:23 IST 2026, 351 W
Sat Mar  7 17:17:23 IST 2026, 352 W
Sat Mar  7 17:17:24 IST 2026, 230 W
Sat Mar  7 17:17:24 IST 2026, 234 W
Sat Mar  7 17:17:24 IST 2026, 229 W
Sat Mar  7 17:17:24 IST 2026, 233 W
Sat Mar  7 17:17:24 IST 2026, 235 W
Sat Mar  7 17:17:24 IST 2026, 232 W
Sat Mar  7 17:17:24 IST 2026, 230 W
Sat Mar  7 17:17:24 IST 2026, 232 W
Sat Mar  7 17:17:25 IST 2026, 450 W
Sat Mar  7 17:17:25 IST 2026, 452 W
Sat Mar  7 17:17:25 IST 2026, 445 W
Sat Mar  7 17:17:25 IST 2026, 454 W
Sat Mar  7 17:17:25 IST 2026, 439 W
Sat Mar  7 17:17:25 IST 2026, 453 W
Sat Mar  7 17:17:25 IST 2026, 451 W
Sat Mar  7 17:17:25 IST 2026, 454 W
Sat Mar  7 17:17:26 IST 2026, 433 W
Sat Mar  7 17:17:26 IST 2026, 432 W
Sat Mar  7 17:17:26 IST 2026, 439 W
Sat Mar  7 17:17:26 IST 2026, 440 W
Sat Mar  7 17:17:26 IST 2026, 440 W
Sat Mar  7 17:17:26 IST 2026, 436 W
Sat Mar  7 17:17:26 IST 2026, 439 W
Sat Mar  7 17:17:26 IST 2026, 439 W
Sat Mar  7 17:17:27 IST 2026, 355 W
Sat Mar  7 17:17:27 IST 2026, 356 W
Sat Mar  7 17:17:27 IST 2026, 354 W
Sat Mar  7 17:17:27 IST 2026, 355 W
Sat Mar  7 17:17:27 IST 2026, 357 W
Sat Mar  7 17:17:27 IST 2026, 353 W
Sat Mar  7 17:17:27 IST 2026, 356 W
Sat Mar  7 17:17:27 IST 2026, 358 W
Sat Mar  7 17:17:28 IST 2026, 277 W
Sat Mar  7 17:17:28 IST 2026, 304 W
Sat Mar  7 17:17:28 IST 2026, 295 W
Sat Mar  7 17:17:28 IST 2026, 289 W
Sat Mar  7 17:17:28 IST 2026, 283 W
Sat Mar  7 17:17:28 IST 2026, 266 W
Sat Mar  7 17:17:28 IST 2026, 276 W
Sat Mar  7 17:17:28 IST 2026, 285 W
Sat Mar  7 17:17:29 IST 2026, 466 W
Sat Mar  7 17:17:29 IST 2026, 470 W
Sat Mar  7 17:17:29 IST 2026, 464 W
Sat Mar  7 17:17:29 IST 2026, 473 W
Sat Mar  7 17:17:29 IST 2026, 473 W
Sat Mar  7 17:17:29 IST 2026, 468 W
Sat Mar  7 17:17:29 IST 2026, 467 W
Sat Mar  7 17:17:29 IST 2026, 469 W
Sat Mar  7 17:17:30 IST 2026, 452 W
Sat Mar  7 17:17:30 IST 2026, 451 W
Sat Mar  7 17:17:30 IST 2026, 458 W
Sat Mar  7 17:17:30 IST 2026, 454 W
Sat Mar  7 17:17:30 IST 2026, 456 W
Sat Mar  7 17:17:30 IST 2026, 435 W
Sat Mar  7 17:17:30 IST 2026, 433 W
Sat Mar  7 17:17:30 IST 2026, 455 W
Sat Mar  7 17:17:31 IST 2026, 382 W
Sat Mar  7 17:17:31 IST 2026, 406 W
Sat Mar  7 17:17:31 IST 2026, 399 W
Sat Mar  7 17:17:31 IST 2026, 394 W
Sat Mar  7 17:17:31 IST 2026, 388 W
Sat Mar  7 17:17:31 IST 2026, 336 W
Sat Mar  7 17:17:31 IST 2026, 381 W
Sat Mar  7 17:17:31 IST 2026, 389 W
Sat Mar  7 17:17:32 IST 2026, 334 W
Sat Mar  7 17:17:32 IST 2026, 363 W
Sat Mar  7 17:17:32 IST 2026, 366 W
Sat Mar  7 17:17:32 IST 2026, 373 W
Sat Mar  7 17:17:32 IST 2026, 377 W
Sat Mar  7 17:17:32 IST 2026, 372 W
Sat Mar  7 17:17:32 IST 2026, 371 W
Sat Mar  7 17:17:32 IST 2026, 370 W
Sat Mar  7 17:17:33 IST 2026, 352 W
Sat Mar  7 17:17:33 IST 2026, 347 W
Sat Mar  7 17:17:33 IST 2026, 358 W
Sat Mar  7 17:17:33 IST 2026, 359 W
Sat Mar  7 17:17:33 IST 2026, 361 W
Sat Mar  7 17:17:33 IST 2026, 357 W
Sat Mar  7 17:17:33 IST 2026, 360 W
Sat Mar  7 17:17:33 IST 2026, 362 W
Sat Mar  7 17:17:34 IST 2026, 397 W
Sat Mar  7 17:17:34 IST 2026, 416 W
Sat Mar  7 17:17:34 IST 2026, 416 W
Sat Mar  7 17:17:34 IST 2026, 428 W
Sat Mar  7 17:17:34 IST 2026, 437 W
Sat Mar  7 17:17:34 IST 2026, 435 W
Sat Mar  7 17:17:34 IST 2026, 435 W
Sat Mar  7 17:17:34 IST 2026, 433 W
Sat Mar  7 17:17:35 IST 2026, 392 W
Sat Mar  7 17:17:35 IST 2026, 377 W
Sat Mar  7 17:17:35 IST 2026, 378 W
Sat Mar  7 17:17:35 IST 2026, 385 W
Sat Mar  7 17:17:35 IST 2026, 398 W
Sat Mar  7 17:17:35 IST 2026, 387 W
Sat Mar  7 17:17:35 IST 2026, 381 W
Sat Mar  7 17:17:35 IST 2026, 391 W
Sat Mar  7 17:17:36 IST 2026, 385 W
Sat Mar  7 17:17:36 IST 2026, 378 W
Sat Mar  7 17:17:36 IST 2026, 379 W
Sat Mar  7 17:17:36 IST 2026, 382 W
Sat Mar  7 17:17:36 IST 2026, 384 W
Sat Mar  7 17:17:36 IST 2026, 383 W
Sat Mar  7 17:17:36 IST 2026, 381 W
Sat Mar  7 17:17:36 IST 2026, 384 W
Sat Mar  7 17:17:37 IST 2026, 352 W
Sat Mar  7 17:17:37 IST 2026, 354 W
Sat Mar  7 17:17:37 IST 2026, 348 W
Sat Mar  7 17:17:37 IST 2026, 355 W
Sat Mar  7 17:17:37 IST 2026, 356 W
Sat Mar  7 17:17:37 IST 2026, 346 W
Sat Mar  7 17:17:37 IST 2026, 348 W
Sat Mar  7 17:17:37 IST 2026, 351 W
Sat Mar  7 17:17:38 IST 2026, 330 W
Sat Mar  7 17:17:38 IST 2026, 335 W
Sat Mar  7 17:17:38 IST 2026, 335 W
Sat Mar  7 17:17:38 IST 2026, 333 W
Sat Mar  7 17:17:38 IST 2026, 337 W
Sat Mar  7 17:17:38 IST 2026, 333 W
Sat Mar  7 17:17:38 IST 2026, 331 W
Sat Mar  7 17:17:38 IST 2026, 328 W
Sat Mar  7 17:17:39 IST 2026, 349 W
Sat Mar  7 17:17:39 IST 2026, 352 W
Sat Mar  7 17:17:39 IST 2026, 343 W
Sat Mar  7 17:17:39 IST 2026, 351 W
Sat Mar  7 17:17:39 IST 2026, 356 W
Sat Mar  7 17:17:39 IST 2026, 355 W
Sat Mar  7 17:17:39 IST 2026, 354 W
Sat Mar  7 17:17:39 IST 2026, 327 W
Sat Mar  7 17:17:40 IST 2026, 339 W
Sat Mar  7 17:17:40 IST 2026, 346 W
Sat Mar  7 17:17:40 IST 2026, 344 W
Sat Mar  7 17:17:40 IST 2026, 341 W
Sat Mar  7 17:17:40 IST 2026, 346 W
Sat Mar  7 17:17:40 IST 2026, 343 W
Sat Mar  7 17:17:40 IST 2026, 346 W
Sat Mar  7 17:17:40 IST 2026, 349 W
Sat Mar  7 17:17:41 IST 2026, 329 W
Sat Mar  7 17:17:41 IST 2026, 360 W
Sat Mar  7 17:17:41 IST 2026, 357 W
Sat Mar  7 17:17:41 IST 2026, 358 W
Sat Mar  7 17:17:41 IST 2026, 362 W
Sat Mar  7 17:17:41 IST 2026, 353 W
Sat Mar  7 17:17:41 IST 2026, 359 W
Sat Mar  7 17:17:41 IST 2026, 358 W
Sat Mar  7 17:17:42 IST 2026, 335 W
Sat Mar  7 17:17:42 IST 2026, 336 W
Sat Mar  7 17:17:42 IST 2026, 332 W
Sat Mar  7 17:17:42 IST 2026, 338 W
Sat Mar  7 17:17:42 IST 2026, 342 W
Sat Mar  7 17:17:42 IST 2026, 349 W
Sat Mar  7 17:17:42 IST 2026, 356 W
Sat Mar  7 17:17:42 IST 2026, 232 W
Sat Mar  7 17:17:43 IST 2026, 457 W
Sat Mar  7 17:17:43 IST 2026, 464 W
Sat Mar  7 17:17:43 IST 2026, 462 W
Sat Mar  7 17:17:43 IST 2026, 461 W
Sat Mar  7 17:17:43 IST 2026, 457 W
Sat Mar  7 17:17:43 IST 2026, 458 W
Sat Mar  7 17:17:43 IST 2026, 459 W
Sat Mar  7 17:17:43 IST 2026, 461 W
Sat Mar  7 17:17:44 IST 2026, 422 W
Sat Mar  7 17:17:44 IST 2026, 423 W
Sat Mar  7 17:17:44 IST 2026, 425 W
Sat Mar  7 17:17:44 IST 2026, 426 W
Sat Mar  7 17:17:44 IST 2026, 429 W
Sat Mar  7 17:17:44 IST 2026, 427 W
Sat Mar  7 17:17:44 IST 2026, 428 W
Sat Mar  7 17:17:44 IST 2026, 421 W
Sat Mar  7 17:17:45 IST 2026, 428 W
Sat Mar  7 17:17:45 IST 2026, 431 W
Sat Mar  7 17:17:45 IST 2026, 428 W
Sat Mar  7 17:17:45 IST 2026, 431 W
Sat Mar  7 17:17:45 IST 2026, 434 W
Sat Mar  7 17:17:45 IST 2026, 430 W
Sat Mar  7 17:17:45 IST 2026, 431 W
Sat Mar  7 17:17:45 IST 2026, 427 W
Sat Mar  7 17:17:46 IST 2026, 371 W
Sat Mar  7 17:17:46 IST 2026, 372 W
Sat Mar  7 17:17:46 IST 2026, 373 W
Sat Mar  7 17:17:46 IST 2026, 376 W
Sat Mar  7 17:17:46 IST 2026, 377 W
Sat Mar  7 17:17:46 IST 2026, 320 W
Sat Mar  7 17:17:46 IST 2026, 372 W
Sat Mar  7 17:17:46 IST 2026, 373 W
Sat Mar  7 17:17:47 IST 2026, 433 W
Sat Mar  7 17:17:47 IST 2026, 442 W
Sat Mar  7 17:17:47 IST 2026, 434 W
Sat Mar  7 17:17:47 IST 2026, 444 W
Sat Mar  7 17:17:47 IST 2026, 443 W
Sat Mar  7 17:17:47 IST 2026, 435 W
Sat Mar  7 17:17:47 IST 2026, 440 W
Sat Mar  7 17:17:47 IST 2026, 432 W
Sat Mar  7 17:17:48 IST 2026, 458 W
Sat Mar  7 17:17:48 IST 2026, 462 W
Sat Mar  7 17:17:48 IST 2026, 459 W
Sat Mar  7 17:17:48 IST 2026, 462 W
Sat Mar  7 17:17:48 IST 2026, 458 W
Sat Mar  7 17:17:48 IST 2026, 456 W
Sat Mar  7 17:17:48 IST 2026, 457 W
Sat Mar  7 17:17:48 IST 2026, 457 W
Sat Mar  7 17:17:49 IST 2026, 430 W
Sat Mar  7 17:17:49 IST 2026, 445 W
Sat Mar  7 17:17:49 IST 2026, 446 W
Sat Mar  7 17:17:49 IST 2026, 450 W
Sat Mar  7 17:17:49 IST 2026, 448 W
Sat Mar  7 17:17:49 IST 2026, 451 W
Sat Mar  7 17:17:49 IST 2026, 450 W
Sat Mar  7 17:17:49 IST 2026, 449 W
Sat Mar  7 17:17:50 IST 2026, 422 W
Sat Mar  7 17:17:50 IST 2026, 419 W
Sat Mar  7 17:17:50 IST 2026, 418 W
Sat Mar  7 17:17:50 IST 2026, 428 W
Sat Mar  7 17:17:50 IST 2026, 430 W
Sat Mar  7 17:17:50 IST 2026, 428 W
Sat Mar  7 17:17:50 IST 2026, 428 W
Sat Mar  7 17:17:50 IST 2026, 400 W
Sat Mar  7 17:17:51 IST 2026, 428 W
Sat Mar  7 17:17:51 IST 2026, 430 W
Sat Mar  7 17:17:51 IST 2026, 430 W
Sat Mar  7 17:17:51 IST 2026, 435 W
Sat Mar  7 17:17:51 IST 2026, 436 W
Sat Mar  7 17:17:51 IST 2026, 433 W
Sat Mar  7 17:17:51 IST 2026, 433 W
Sat Mar  7 17:17:51 IST 2026, 434 W
Sat Mar  7 17:17:52 IST 2026, 408 W
Sat Mar  7 17:17:52 IST 2026, 416 W
Sat Mar  7 17:17:52 IST 2026, 413 W
Sat Mar  7 17:17:52 IST 2026, 412 W
Sat Mar  7 17:17:52 IST 2026, 415 W
Sat Mar  7 17:17:52 IST 2026, 419 W
Sat Mar  7 17:17:52 IST 2026, 419 W
Sat Mar  7 17:17:52 IST 2026, 410 W
Sat Mar  7 17:17:53 IST 2026, 389 W
Sat Mar  7 17:17:53 IST 2026, 387 W
Sat Mar  7 17:17:53 IST 2026, 384 W
Sat Mar  7 17:17:53 IST 2026, 394 W
Sat Mar  7 17:17:53 IST 2026, 380 W
Sat Mar  7 17:17:53 IST 2026, 371 W
Sat Mar  7 17:17:53 IST 2026, 372 W
Sat Mar  7 17:17:53 IST 2026, 392 W
Sat Mar  7 17:17:54 IST 2026, 265 W
Sat Mar  7 17:17:54 IST 2026, 242 W
Sat Mar  7 17:17:54 IST 2026, 235 W
Sat Mar  7 17:17:54 IST 2026, 238 W
Sat Mar  7 17:17:54 IST 2026, 269 W
Sat Mar  7 17:17:54 IST 2026, 263 W
Sat Mar  7 17:17:54 IST 2026, 262 W
Sat Mar  7 17:17:54 IST 2026, 268 W
Sat Mar  7 17:17:55 IST 2026, 436 W
Sat Mar  7 17:17:55 IST 2026, 436 W
Sat Mar  7 17:17:55 IST 2026, 432 W
Sat Mar  7 17:17:55 IST 2026, 442 W
Sat Mar  7 17:17:55 IST 2026, 440 W
Sat Mar  7 17:17:55 IST 2026, 436 W
Sat Mar  7 17:17:55 IST 2026, 435 W
Sat Mar  7 17:17:55 IST 2026, 394 W
Sat Mar  7 17:17:56 IST 2026, 405 W
Sat Mar  7 17:17:56 IST 2026, 418 W
Sat Mar  7 17:17:56 IST 2026, 417 W
Sat Mar  7 17:17:56 IST 2026, 418 W
Sat Mar  7 17:17:56 IST 2026, 414 W
Sat Mar  7 17:17:56 IST 2026, 410 W
Sat Mar  7 17:17:56 IST 2026, 401 W
Sat Mar  7 17:17:56 IST 2026, 406 W
Sat Mar  7 17:17:57 IST 2026, 365 W
Sat Mar  7 17:17:57 IST 2026, 432 W
Sat Mar  7 17:17:57 IST 2026, 422 W
Sat Mar  7 17:17:57 IST 2026, 414 W
Sat Mar  7 17:17:57 IST 2026, 404 W
Sat Mar  7 17:17:57 IST 2026, 381 W
Sat Mar  7 17:17:57 IST 2026, 395 W
Sat Mar  7 17:17:57 IST 2026, 409 W
Sat Mar  7 17:17:58 IST 2026, 426 W
Sat Mar  7 17:17:58 IST 2026, 439 W
Sat Mar  7 17:17:58 IST 2026, 438 W
Sat Mar  7 17:17:58 IST 2026, 440 W
Sat Mar  7 17:17:58 IST 2026, 437 W
Sat Mar  7 17:17:58 IST 2026, 432 W
Sat Mar  7 17:17:58 IST 2026, 435 W
Sat Mar  7 17:17:58 IST 2026, 438 W
Sat Mar  7 17:17:59 IST 2026, 384 W
Sat Mar  7 17:17:59 IST 2026, 393 W
Sat Mar  7 17:17:59 IST 2026, 389 W
Sat Mar  7 17:17:59 IST 2026, 393 W
Sat Mar  7 17:17:59 IST 2026, 391 W
Sat Mar  7 17:17:59 IST 2026, 385 W
Sat Mar  7 17:17:59 IST 2026, 383 W
Sat Mar  7 17:17:59 IST 2026, 385 W
Sat Mar  7 17:18:00 IST 2026, 390 W
Sat Mar  7 17:18:00 IST 2026, 392 W
Sat Mar  7 17:18:00 IST 2026, 393 W
Sat Mar  7 17:18:00 IST 2026, 395 W
Sat Mar  7 17:18:00 IST 2026, 393 W
Sat Mar  7 17:18:00 IST 2026, 395 W
Sat Mar  7 17:18:00 IST 2026, 395 W
Sat Mar  7 17:18:00 IST 2026, 396 W
Sat Mar  7 17:18:01 IST 2026, 230 W
Sat Mar  7 17:18:01 IST 2026, 233 W
Sat Mar  7 17:18:01 IST 2026, 229 W
Sat Mar  7 17:18:01 IST 2026, 232 W
Sat Mar  7 17:18:01 IST 2026, 235 W
Sat Mar  7 17:18:01 IST 2026, 231 W
Sat Mar  7 17:18:01 IST 2026, 229 W
Sat Mar  7 17:18:01 IST 2026, 232 W
Sat Mar  7 17:18:02 IST 2026, 472 W
Sat Mar  7 17:18:02 IST 2026, 472 W
Sat Mar  7 17:18:02 IST 2026, 470 W
Sat Mar  7 17:18:02 IST 2026, 474 W
Sat Mar  7 17:18:02 IST 2026, 478 W
Sat Mar  7 17:18:02 IST 2026, 473 W
Sat Mar  7 17:18:02 IST 2026, 473 W
Sat Mar  7 17:18:02 IST 2026, 475 W
Sat Mar  7 17:18:03 IST 2026, 409 W
Sat Mar  7 17:18:03 IST 2026, 416 W
Sat Mar  7 17:18:03 IST 2026, 405 W
Sat Mar  7 17:18:03 IST 2026, 415 W
Sat Mar  7 17:18:03 IST 2026, 414 W
Sat Mar  7 17:18:03 IST 2026, 413 W
Sat Mar  7 17:18:03 IST 2026, 409 W
Sat Mar  7 17:18:03 IST 2026, 404 W
Sat Mar  7 17:18:04 IST 2026, 410 W
Sat Mar  7 17:18:04 IST 2026, 410 W
Sat Mar  7 17:18:04 IST 2026, 408 W
Sat Mar  7 17:18:04 IST 2026, 417 W
Sat Mar  7 17:18:04 IST 2026, 416 W
Sat Mar  7 17:18:04 IST 2026, 415 W
Sat Mar  7 17:18:04 IST 2026, 417 W
Sat Mar  7 17:18:04 IST 2026, 415 W
Sat Mar  7 17:18:05 IST 2026, 387 W
Sat Mar  7 17:18:05 IST 2026, 377 W
Sat Mar  7 17:18:05 IST 2026, 381 W
Sat Mar  7 17:18:05 IST 2026, 383 W
Sat Mar  7 17:18:05 IST 2026, 386 W
Sat Mar  7 17:18:05 IST 2026, 382 W
Sat Mar  7 17:18:05 IST 2026, 385 W
Sat Mar  7 17:18:05 IST 2026, 380 W
Sat Mar  7 17:18:06 IST 2026, 363 W
Sat Mar  7 17:18:06 IST 2026, 411 W
Sat Mar  7 17:18:06 IST 2026, 408 W
Sat Mar  7 17:18:06 IST 2026, 408 W
Sat Mar  7 17:18:06 IST 2026, 406 W
Sat Mar  7 17:18:06 IST 2026, 408 W
Sat Mar  7 17:18:06 IST 2026, 401 W
Sat Mar  7 17:18:06 IST 2026, 408 W
Sat Mar  7 17:18:07 IST 2026, 372 W
Sat Mar  7 17:18:07 IST 2026, 381 W
Sat Mar  7 17:18:07 IST 2026, 381 W
Sat Mar  7 17:18:07 IST 2026, 382 W
Sat Mar  7 17:18:07 IST 2026, 376 W
Sat Mar  7 17:18:07 IST 2026, 372 W
Sat Mar  7 17:18:07 IST 2026, 373 W
Sat Mar  7 17:18:07 IST 2026, 383 W
Sat Mar  7 17:18:08 IST 2026, 400 W
Sat Mar  7 17:18:08 IST 2026, 396 W
Sat Mar  7 17:18:08 IST 2026, 389 W
Sat Mar  7 17:18:08 IST 2026, 395 W
Sat Mar  7 17:18:08 IST 2026, 406 W
Sat Mar  7 17:18:08 IST 2026, 379 W
Sat Mar  7 17:18:08 IST 2026, 399 W
Sat Mar  7 17:18:08 IST 2026, 388 W
Sat Mar  7 17:18:09 IST 2026, 348 W
Sat Mar  7 17:18:09 IST 2026, 356 W
Sat Mar  7 17:18:09 IST 2026, 348 W
Sat Mar  7 17:18:09 IST 2026, 351 W
Sat Mar  7 17:18:09 IST 2026, 355 W
Sat Mar  7 17:18:09 IST 2026, 356 W
Sat Mar  7 17:18:09 IST 2026, 358 W
Sat Mar  7 17:18:09 IST 2026, 355 W
Sat Mar  7 17:18:10 IST 2026, 352 W
Sat Mar  7 17:18:10 IST 2026, 343 W
Sat Mar  7 17:18:10 IST 2026, 344 W
Sat Mar  7 17:18:10 IST 2026, 352 W
Sat Mar  7 17:18:10 IST 2026, 335 W
Sat Mar  7 17:18:10 IST 2026, 347 W
Sat Mar  7 17:18:10 IST 2026, 342 W
Sat Mar  7 17:18:10 IST 2026, 346 W
Sat Mar  7 17:18:11 IST 2026, 348 W
Sat Mar  7 17:18:11 IST 2026, 349 W
Sat Mar  7 17:18:11 IST 2026, 349 W
Sat Mar  7 17:18:11 IST 2026, 352 W
Sat Mar  7 17:18:11 IST 2026, 354 W
Sat Mar  7 17:18:11 IST 2026, 353 W
Sat Mar  7 17:18:11 IST 2026, 356 W
Sat Mar  7 17:18:11 IST 2026, 346 W
Sat Mar  7 17:18:12 IST 2026, 343 W
Sat Mar  7 17:18:12 IST 2026, 356 W
Sat Mar  7 17:18:12 IST 2026, 356 W
Sat Mar  7 17:18:12 IST 2026, 358 W
Sat Mar  7 17:18:12 IST 2026, 360 W
Sat Mar  7 17:18:12 IST 2026, 359 W
Sat Mar  7 17:18:12 IST 2026, 358 W
Sat Mar  7 17:18:12 IST 2026, 356 W
Sat Mar  7 17:18:13 IST 2026, 256 W
Sat Mar  7 17:18:13 IST 2026, 271 W
Sat Mar  7 17:18:13 IST 2026, 264 W
Sat Mar  7 17:18:13 IST 2026, 262 W
Sat Mar  7 17:18:13 IST 2026, 258 W
Sat Mar  7 17:18:13 IST 2026, 255 W
Sat Mar  7 17:18:13 IST 2026, 253 W
Sat Mar  7 17:18:13 IST 2026, 259 W
Sat Mar  7 17:18:14 IST 2026, 437 W
Sat Mar  7 17:18:14 IST 2026, 442 W
Sat Mar  7 17:18:14 IST 2026, 438 W
Sat Mar  7 17:18:14 IST 2026, 442 W
Sat Mar  7 17:18:14 IST 2026, 442 W
Sat Mar  7 17:18:14 IST 2026, 405 W
Sat Mar  7 17:18:14 IST 2026, 431 W
Sat Mar  7 17:18:14 IST 2026, 439 W
Sat Mar  7 17:18:15 IST 2026, 331 W
Sat Mar  7 17:18:15 IST 2026, 337 W
Sat Mar  7 17:18:15 IST 2026, 335 W
Sat Mar  7 17:18:15 IST 2026, 339 W
Sat Mar  7 17:18:15 IST 2026, 339 W
Sat Mar  7 17:18:15 IST 2026, 340 W
Sat Mar  7 17:18:15 IST 2026, 340 W
Sat Mar  7 17:18:15 IST 2026, 336 W
Sat Mar  7 17:18:16 IST 2026, 370 W
Sat Mar  7 17:18:16 IST 2026, 372 W
Sat Mar  7 17:18:16 IST 2026, 368 W
Sat Mar  7 17:18:16 IST 2026, 372 W
Sat Mar  7 17:18:16 IST 2026, 349 W
Sat Mar  7 17:18:16 IST 2026, 369 W
Sat Mar  7 17:18:16 IST 2026, 371 W
Sat Mar  7 17:18:16 IST 2026, 372 W
Sat Mar  7 17:18:17 IST 2026, 339 W
Sat Mar  7 17:18:17 IST 2026, 343 W
Sat Mar  7 17:18:17 IST 2026, 343 W
Sat Mar  7 17:18:17 IST 2026, 347 W
Sat Mar  7 17:18:17 IST 2026, 346 W
Sat Mar  7 17:18:17 IST 2026, 347 W
Sat Mar  7 17:18:17 IST 2026, 345 W
Sat Mar  7 17:18:17 IST 2026, 351 W
Sat Mar  7 17:18:18 IST 2026, 375 W
Sat Mar  7 17:18:18 IST 2026, 379 W
Sat Mar  7 17:18:18 IST 2026, 374 W
Sat Mar  7 17:18:18 IST 2026, 380 W
Sat Mar  7 17:18:18 IST 2026, 337 W
Sat Mar  7 17:18:18 IST 2026, 377 W
Sat Mar  7 17:18:18 IST 2026, 378 W
Sat Mar  7 17:18:18 IST 2026, 377 W
Sat Mar  7 17:18:19 IST 2026, 338 W
Sat Mar  7 17:18:19 IST 2026, 354 W
Sat Mar  7 17:18:19 IST 2026, 360 W
Sat Mar  7 17:18:19 IST 2026, 361 W
Sat Mar  7 17:18:19 IST 2026, 361 W
Sat Mar  7 17:18:19 IST 2026, 360 W
Sat Mar  7 17:18:19 IST 2026, 363 W
Sat Mar  7 17:18:19 IST 2026, 360 W
Sat Mar  7 17:18:20 IST 2026, 230 W
Sat Mar  7 17:18:20 IST 2026, 234 W
Sat Mar  7 17:18:20 IST 2026, 229 W
Sat Mar  7 17:18:20 IST 2026, 233 W
Sat Mar  7 17:18:20 IST 2026, 235 W
Sat Mar  7 17:18:20 IST 2026, 232 W
Sat Mar  7 17:18:20 IST 2026, 229 W
Sat Mar  7 17:18:20 IST 2026, 232 W
Sat Mar  7 17:18:21 IST 2026, 418 W
Sat Mar  7 17:18:21 IST 2026, 378 W
Sat Mar  7 17:18:21 IST 2026, 419 W
Sat Mar  7 17:18:21 IST 2026, 425 W
Sat Mar  7 17:18:21 IST 2026, 423 W
Sat Mar  7 17:18:21 IST 2026, 420 W
Sat Mar  7 17:18:21 IST 2026, 420 W
Sat Mar  7 17:18:21 IST 2026, 421 W
Sat Mar  7 17:18:22 IST 2026, 387 W
Sat Mar  7 17:18:22 IST 2026, 389 W
Sat Mar  7 17:18:22 IST 2026, 380 W
Sat Mar  7 17:18:22 IST 2026, 385 W
Sat Mar  7 17:18:22 IST 2026, 392 W
Sat Mar  7 17:18:22 IST 2026, 384 W
Sat Mar  7 17:18:22 IST 2026, 383 W
Sat Mar  7 17:18:22 IST 2026, 385 W
Sat Mar  7 17:18:23 IST 2026, 474 W
Sat Mar  7 17:18:23 IST 2026, 471 W
Sat Mar  7 17:18:23 IST 2026, 489 W
Sat Mar  7 17:18:23 IST 2026, 494 W
Sat Mar  7 17:18:23 IST 2026, 476 W
Sat Mar  7 17:18:23 IST 2026, 474 W
Sat Mar  7 17:18:23 IST 2026, 474 W
Sat Mar  7 17:18:23 IST 2026, 484 W
Sat Mar  7 17:18:24 IST 2026, 439 W
Sat Mar  7 17:18:24 IST 2026, 448 W
Sat Mar  7 17:18:24 IST 2026, 445 W
Sat Mar  7 17:18:24 IST 2026, 449 W
Sat Mar  7 17:18:24 IST 2026, 438 W
Sat Mar  7 17:18:24 IST 2026, 435 W
Sat Mar  7 17:18:24 IST 2026, 430 W
Sat Mar  7 17:18:24 IST 2026, 449 W
Sat Mar  7 17:18:25 IST 2026, 419 W
Sat Mar  7 17:18:25 IST 2026, 417 W
Sat Mar  7 17:18:25 IST 2026, 420 W
Sat Mar  7 17:18:25 IST 2026, 420 W
Sat Mar  7 17:18:25 IST 2026, 426 W
Sat Mar  7 17:18:25 IST 2026, 417 W
Sat Mar  7 17:18:25 IST 2026, 418 W
Sat Mar  7 17:18:25 IST 2026, 419 W
Sat Mar  7 17:18:26 IST 2026, 360 W
Sat Mar  7 17:18:26 IST 2026, 365 W
Sat Mar  7 17:18:26 IST 2026, 362 W
Sat Mar  7 17:18:26 IST 2026, 354 W
Sat Mar  7 17:18:26 IST 2026, 367 W
Sat Mar  7 17:18:26 IST 2026, 355 W
Sat Mar  7 17:18:26 IST 2026, 345 W
Sat Mar  7 17:18:26 IST 2026, 362 W
Sat Mar  7 17:18:27 IST 2026, 341 W
Sat Mar  7 17:18:27 IST 2026, 350 W
Sat Mar  7 17:18:27 IST 2026, 346 W
Sat Mar  7 17:18:27 IST 2026, 345 W
Sat Mar  7 17:18:27 IST 2026, 347 W
Sat Mar  7 17:18:27 IST 2026, 347 W
Sat Mar  7 17:18:27 IST 2026, 346 W
Sat Mar  7 17:18:27 IST 2026, 343 W
Sat Mar  7 17:18:28 IST 2026, 347 W
Sat Mar  7 17:18:28 IST 2026, 344 W
Sat Mar  7 17:18:28 IST 2026, 341 W
Sat Mar  7 17:18:28 IST 2026, 342 W
Sat Mar  7 17:18:28 IST 2026, 351 W
Sat Mar  7 17:18:28 IST 2026, 339 W
Sat Mar  7 17:18:28 IST 2026, 340 W
Sat Mar  7 17:18:28 IST 2026, 347 W
Sat Mar  7 17:18:29 IST 2026, 230 W
Sat Mar  7 17:18:29 IST 2026, 235 W
Sat Mar  7 17:18:29 IST 2026, 229 W
Sat Mar  7 17:18:29 IST 2026, 232 W
Sat Mar  7 17:18:29 IST 2026, 236 W
Sat Mar  7 17:18:29 IST 2026, 231 W
Sat Mar  7 17:18:29 IST 2026, 231 W
Sat Mar  7 17:18:29 IST 2026, 232 W
Sat Mar  7 17:18:30 IST 2026, 462 W
Sat Mar  7 17:18:30 IST 2026, 464 W
Sat Mar  7 17:18:30 IST 2026, 462 W
Sat Mar  7 17:18:30 IST 2026, 462 W
Sat Mar  7 17:18:30 IST 2026, 469 W
Sat Mar  7 17:18:30 IST 2026, 459 W
Sat Mar  7 17:18:30 IST 2026, 461 W
Sat Mar  7 17:18:30 IST 2026, 461 W
Sat Mar  7 17:18:31 IST 2026, 441 W
Sat Mar  7 17:18:31 IST 2026, 442 W
Sat Mar  7 17:18:31 IST 2026, 443 W
Sat Mar  7 17:18:31 IST 2026, 447 W
Sat Mar  7 17:18:31 IST 2026, 447 W
Sat Mar  7 17:18:31 IST 2026, 443 W
Sat Mar  7 17:18:31 IST 2026, 443 W
Sat Mar  7 17:18:31 IST 2026, 444 W
Sat Mar  7 17:18:32 IST 2026, 384 W
Sat Mar  7 17:18:32 IST 2026, 380 W
Sat Mar  7 17:18:32 IST 2026, 376 W
Sat Mar  7 17:18:32 IST 2026, 349 W
Sat Mar  7 17:18:32 IST 2026, 388 W
Sat Mar  7 17:18:32 IST 2026, 381 W
Sat Mar  7 17:18:32 IST 2026, 377 W
Sat Mar  7 17:18:32 IST 2026, 377 W
Sat Mar  7 17:18:33 IST 2026, 389 W
Sat Mar  7 17:18:33 IST 2026, 393 W
Sat Mar  7 17:18:33 IST 2026, 386 W
Sat Mar  7 17:18:33 IST 2026, 391 W
Sat Mar  7 17:18:33 IST 2026, 395 W
Sat Mar  7 17:18:33 IST 2026, 367 W
Sat Mar  7 17:18:33 IST 2026, 390 W
Sat Mar  7 17:18:33 IST 2026, 386 W
Sat Mar  7 17:18:34 IST 2026, 347 W
Sat Mar  7 17:18:34 IST 2026, 350 W
Sat Mar  7 17:18:34 IST 2026, 350 W
Sat Mar  7 17:18:34 IST 2026, 354 W
Sat Mar  7 17:18:34 IST 2026, 358 W
Sat Mar  7 17:18:34 IST 2026, 352 W
Sat Mar  7 17:18:34 IST 2026, 353 W
Sat Mar  7 17:18:34 IST 2026, 355 W
Sat Mar  7 17:18:35 IST 2026, 343 W
Sat Mar  7 17:18:35 IST 2026, 354 W
Sat Mar  7 17:18:35 IST 2026, 349 W
Sat Mar  7 17:18:35 IST 2026, 355 W
Sat Mar  7 17:18:35 IST 2026, 357 W
Sat Mar  7 17:18:35 IST 2026, 350 W
Sat Mar  7 17:18:35 IST 2026, 347 W
Sat Mar  7 17:18:35 IST 2026, 349 W
Sat Mar  7 17:18:36 IST 2026, 230 W
Sat Mar  7 17:18:36 IST 2026, 233 W
Sat Mar  7 17:18:36 IST 2026, 228 W
Sat Mar  7 17:18:36 IST 2026, 232 W
Sat Mar  7 17:18:36 IST 2026, 234 W
Sat Mar  7 17:18:36 IST 2026, 231 W
Sat Mar  7 17:18:36 IST 2026, 229 W
Sat Mar  7 17:18:36 IST 2026, 231 W
Sat Mar  7 17:18:37 IST 2026, 446 W
Sat Mar  7 17:18:37 IST 2026, 452 W
Sat Mar  7 17:18:37 IST 2026, 452 W
Sat Mar  7 17:18:37 IST 2026, 453 W
Sat Mar  7 17:18:37 IST 2026, 453 W
Sat Mar  7 17:18:37 IST 2026, 450 W
Sat Mar  7 17:18:37 IST 2026, 448 W
Sat Mar  7 17:18:37 IST 2026, 455 W
Sat Mar  7 17:18:38 IST 2026, 470 W
Sat Mar  7 17:18:38 IST 2026, 465 W
Sat Mar  7 17:18:38 IST 2026, 466 W
Sat Mar  7 17:18:38 IST 2026, 471 W
Sat Mar  7 17:18:38 IST 2026, 472 W
Sat Mar  7 17:18:38 IST 2026, 462 W
Sat Mar  7 17:18:38 IST 2026, 462 W
Sat Mar  7 17:18:38 IST 2026, 472 W
Sat Mar  7 17:18:39 IST 2026, 420 W
Sat Mar  7 17:18:39 IST 2026, 425 W
Sat Mar  7 17:18:39 IST 2026, 424 W
Sat Mar  7 17:18:39 IST 2026, 427 W
Sat Mar  7 17:18:39 IST 2026, 441 W
Sat Mar  7 17:18:39 IST 2026, 432 W
Sat Mar  7 17:18:39 IST 2026, 433 W
Sat Mar  7 17:18:39 IST 2026, 428 W
Sat Mar  7 17:18:40 IST 2026, 364 W
Sat Mar  7 17:18:40 IST 2026, 365 W
Sat Mar  7 17:18:40 IST 2026, 369 W
Sat Mar  7 17:18:40 IST 2026, 371 W
Sat Mar  7 17:18:40 IST 2026, 357 W
Sat Mar  7 17:18:40 IST 2026, 359 W
Sat Mar  7 17:18:40 IST 2026, 339 W
Sat Mar  7 17:18:40 IST 2026, 367 W
Sat Mar  7 17:18:41 IST 2026, 230 W
Sat Mar  7 17:18:41 IST 2026, 232 W
Sat Mar  7 17:18:41 IST 2026, 228 W
Sat Mar  7 17:18:41 IST 2026, 232 W
Sat Mar  7 17:18:41 IST 2026, 235 W
Sat Mar  7 17:18:41 IST 2026, 231 W
Sat Mar  7 17:18:41 IST 2026, 229 W
Sat Mar  7 17:18:41 IST 2026, 232 W
Sat Mar  7 17:18:42 IST 2026, 407 W
Sat Mar  7 17:18:42 IST 2026, 407 W
Sat Mar  7 17:18:42 IST 2026, 407 W
Sat Mar  7 17:18:42 IST 2026, 409 W
Sat Mar  7 17:18:42 IST 2026, 416 W
Sat Mar  7 17:18:42 IST 2026, 413 W
Sat Mar  7 17:18:42 IST 2026, 395 W
Sat Mar  7 17:18:42 IST 2026, 405 W
Sat Mar  7 17:18:43 IST 2026, 427 W
Sat Mar  7 17:18:43 IST 2026, 437 W
Sat Mar  7 17:18:43 IST 2026, 431 W
Sat Mar  7 17:18:43 IST 2026, 443 W
Sat Mar  7 17:18:43 IST 2026, 434 W
Sat Mar  7 17:18:43 IST 2026, 432 W
Sat Mar  7 17:18:43 IST 2026, 433 W
Sat Mar  7 17:18:43 IST 2026, 433 W
Sat Mar  7 17:18:44 IST 2026, 461 W
Sat Mar  7 17:18:44 IST 2026, 462 W
Sat Mar  7 17:18:44 IST 2026, 459 W
Sat Mar  7 17:18:44 IST 2026, 467 W
Sat Mar  7 17:18:44 IST 2026, 467 W
Sat Mar  7 17:18:44 IST 2026, 459 W
Sat Mar  7 17:18:44 IST 2026, 459 W
Sat Mar  7 17:18:44 IST 2026, 462 W
Sat Mar  7 17:18:45 IST 2026, 418 W
Sat Mar  7 17:18:45 IST 2026, 411 W
Sat Mar  7 17:18:45 IST 2026, 414 W
Sat Mar  7 17:18:45 IST 2026, 417 W
Sat Mar  7 17:18:45 IST 2026, 415 W
Sat Mar  7 17:18:45 IST 2026, 410 W
Sat Mar  7 17:18:45 IST 2026, 412 W
Sat Mar  7 17:18:45 IST 2026, 415 W
Sat Mar  7 17:18:46 IST 2026, 403 W
Sat Mar  7 17:18:46 IST 2026, 417 W
Sat Mar  7 17:18:46 IST 2026, 411 W
Sat Mar  7 17:18:46 IST 2026, 409 W
Sat Mar  7 17:18:46 IST 2026, 410 W
Sat Mar  7 17:18:46 IST 2026, 400 W
Sat Mar  7 17:18:46 IST 2026, 402 W
Sat Mar  7 17:18:46 IST 2026, 407 W
Sat Mar  7 17:18:47 IST 2026, 349 W
Sat Mar  7 17:18:47 IST 2026, 361 W
Sat Mar  7 17:18:47 IST 2026, 349 W
Sat Mar  7 17:18:47 IST 2026, 355 W
Sat Mar  7 17:18:47 IST 2026, 353 W
Sat Mar  7 17:18:47 IST 2026, 337 W
Sat Mar  7 17:18:47 IST 2026, 349 W
Sat Mar  7 17:18:47 IST 2026, 353 W
Sat Mar  7 17:18:48 IST 2026, 375 W
Sat Mar  7 17:18:48 IST 2026, 378 W
Sat Mar  7 17:18:48 IST 2026, 375 W
Sat Mar  7 17:18:48 IST 2026, 380 W
Sat Mar  7 17:18:48 IST 2026, 380 W
Sat Mar  7 17:18:48 IST 2026, 323 W
Sat Mar  7 17:18:48 IST 2026, 376 W
Sat Mar  7 17:18:48 IST 2026, 376 W
Sat Mar  7 17:18:49 IST 2026, 229 W
Sat Mar  7 17:18:49 IST 2026, 233 W
Sat Mar  7 17:18:49 IST 2026, 228 W
Sat Mar  7 17:18:49 IST 2026, 232 W
Sat Mar  7 17:18:49 IST 2026, 235 W
Sat Mar  7 17:18:49 IST 2026, 231 W
Sat Mar  7 17:18:49 IST 2026, 229 W
Sat Mar  7 17:18:49 IST 2026, 231 W
Sat Mar  7 17:18:50 IST 2026, 402 W
Sat Mar  7 17:18:50 IST 2026, 411 W
Sat Mar  7 17:18:50 IST 2026, 415 W
Sat Mar  7 17:18:50 IST 2026, 399 W
Sat Mar  7 17:18:50 IST 2026, 411 W
Sat Mar  7 17:18:50 IST 2026, 388 W
Sat Mar  7 17:18:50 IST 2026, 400 W
Sat Mar  7 17:18:50 IST 2026, 402 W
Sat Mar  7 17:18:51 IST 2026, 392 W
Sat Mar  7 17:18:51 IST 2026, 282 W
Sat Mar  7 17:18:51 IST 2026, 366 W
Sat Mar  7 17:18:51 IST 2026, 388 W
Sat Mar  7 17:18:51 IST 2026, 400 W
Sat Mar  7 17:18:51 IST 2026, 397 W
Sat Mar  7 17:18:51 IST 2026, 398 W
Sat Mar  7 17:18:51 IST 2026, 387 W
Sat Mar  7 17:18:52 IST 2026, 317 W
Sat Mar  7 17:18:52 IST 2026, 401 W
Sat Mar  7 17:18:52 IST 2026, 397 W
Sat Mar  7 17:18:52 IST 2026, 392 W
Sat Mar  7 17:18:52 IST 2026, 391 W
Sat Mar  7 17:18:52 IST 2026, 390 W
Sat Mar  7 17:18:52 IST 2026, 392 W
Sat Mar  7 17:18:52 IST 2026, 388 W
Sat Mar  7 17:18:53 IST 2026, 393 W
Sat Mar  7 17:18:53 IST 2026, 400 W
Sat Mar  7 17:18:53 IST 2026, 393 W
Sat Mar  7 17:18:53 IST 2026, 394 W
Sat Mar  7 17:18:53 IST 2026, 401 W
Sat Mar  7 17:18:53 IST 2026, 388 W
Sat Mar  7 17:18:53 IST 2026, 388 W
Sat Mar  7 17:18:53 IST 2026, 389 W
Sat Mar  7 17:18:54 IST 2026, 362 W
Sat Mar  7 17:18:54 IST 2026, 365 W
Sat Mar  7 17:18:54 IST 2026, 363 W
Sat Mar  7 17:18:54 IST 2026, 373 W
Sat Mar  7 17:18:54 IST 2026, 371 W
Sat Mar  7 17:18:54 IST 2026, 355 W
Sat Mar  7 17:18:54 IST 2026, 351 W
Sat Mar  7 17:18:54 IST 2026, 369 W
Sat Mar  7 17:18:55 IST 2026, 378 W
Sat Mar  7 17:18:55 IST 2026, 395 W
Sat Mar  7 17:18:55 IST 2026, 390 W
Sat Mar  7 17:18:55 IST 2026, 385 W
Sat Mar  7 17:18:55 IST 2026, 382 W
Sat Mar  7 17:18:55 IST 2026, 375 W
Sat Mar  7 17:18:55 IST 2026, 377 W
Sat Mar  7 17:18:55 IST 2026, 380 W
Sat Mar  7 17:18:56 IST 2026, 348 W
Sat Mar  7 17:18:56 IST 2026, 358 W
Sat Mar  7 17:18:56 IST 2026, 361 W
Sat Mar  7 17:18:56 IST 2026, 361 W
Sat Mar  7 17:18:56 IST 2026, 354 W
Sat Mar  7 17:18:56 IST 2026, 353 W
Sat Mar  7 17:18:56 IST 2026, 321 W
Sat Mar  7 17:18:56 IST 2026, 354 W
Sat Mar  7 17:18:57 IST 2026, 389 W
Sat Mar  7 17:18:57 IST 2026, 384 W
Sat Mar  7 17:18:57 IST 2026, 382 W
Sat Mar  7 17:18:57 IST 2026, 377 W
Sat Mar  7 17:18:57 IST 2026, 388 W
Sat Mar  7 17:18:57 IST 2026, 384 W
Sat Mar  7 17:18:57 IST 2026, 384 W
Sat Mar  7 17:18:57 IST 2026, 387 W
Sat Mar  7 17:18:58 IST 2026, 229 W
Sat Mar  7 17:18:58 IST 2026, 232 W
Sat Mar  7 17:18:58 IST 2026, 228 W
Sat Mar  7 17:18:58 IST 2026, 232 W
Sat Mar  7 17:18:58 IST 2026, 235 W
Sat Mar  7 17:18:58 IST 2026, 231 W
Sat Mar  7 17:18:58 IST 2026, 229 W
Sat Mar  7 17:18:58 IST 2026, 231 W
Sat Mar  7 17:18:59 IST 2026, 462 W
Sat Mar  7 17:18:59 IST 2026, 459 W
Sat Mar  7 17:18:59 IST 2026, 463 W
Sat Mar  7 17:18:59 IST 2026, 469 W
Sat Mar  7 17:18:59 IST 2026, 468 W
Sat Mar  7 17:18:59 IST 2026, 465 W
Sat Mar  7 17:18:59 IST 2026, 463 W
Sat Mar  7 17:18:59 IST 2026, 462 W
Sat Mar  7 17:19:00 IST 2026, 459 W
Sat Mar  7 17:19:00 IST 2026, 460 W
Sat Mar  7 17:19:00 IST 2026, 461 W
Sat Mar  7 17:19:00 IST 2026, 462 W
Sat Mar  7 17:19:00 IST 2026, 464 W
Sat Mar  7 17:19:00 IST 2026, 461 W
Sat Mar  7 17:19:00 IST 2026, 458 W
Sat Mar  7 17:19:00 IST 2026, 459 W
Sat Mar  7 17:19:01 IST 2026, 436 W
Sat Mar  7 17:19:01 IST 2026, 389 W
Sat Mar  7 17:19:01 IST 2026, 424 W
Sat Mar  7 17:19:01 IST 2026, 439 W
Sat Mar  7 17:19:01 IST 2026, 440 W
Sat Mar  7 17:19:01 IST 2026, 435 W
Sat Mar  7 17:19:01 IST 2026, 437 W
Sat Mar  7 17:19:01 IST 2026, 432 W
Sat Mar  7 17:19:02 IST 2026, 440 W
Sat Mar  7 17:19:02 IST 2026, 440 W
Sat Mar  7 17:19:02 IST 2026, 441 W
Sat Mar  7 17:19:02 IST 2026, 443 W
Sat Mar  7 17:19:02 IST 2026, 442 W
Sat Mar  7 17:19:02 IST 2026, 437 W
Sat Mar  7 17:19:02 IST 2026, 440 W
Sat Mar  7 17:19:02 IST 2026, 444 W
Sat Mar  7 17:19:03 IST 2026, 384 W
Sat Mar  7 17:19:03 IST 2026, 400 W
Sat Mar  7 17:19:03 IST 2026, 397 W
Sat Mar  7 17:19:03 IST 2026, 409 W
Sat Mar  7 17:19:03 IST 2026, 410 W
Sat Mar  7 17:19:03 IST 2026, 405 W
Sat Mar  7 17:19:03 IST 2026, 410 W
Sat Mar  7 17:19:03 IST 2026, 403 W
Sat Mar  7 17:19:04 IST 2026, 230 W
Sat Mar  7 17:19:04 IST 2026, 233 W
Sat Mar  7 17:19:04 IST 2026, 228 W
Sat Mar  7 17:19:04 IST 2026, 233 W
Sat Mar  7 17:19:04 IST 2026, 235 W
Sat Mar  7 17:19:04 IST 2026, 231 W
Sat Mar  7 17:19:04 IST 2026, 229 W
Sat Mar  7 17:19:04 IST 2026, 231 W
Sat Mar  7 17:19:05 IST 2026, 453 W
Sat Mar  7 17:19:05 IST 2026, 459 W
Sat Mar  7 17:19:05 IST 2026, 454 W
Sat Mar  7 17:19:05 IST 2026, 458 W
Sat Mar  7 17:19:05 IST 2026, 454 W
Sat Mar  7 17:19:05 IST 2026, 448 W
Sat Mar  7 17:19:05 IST 2026, 447 W
Sat Mar  7 17:19:05 IST 2026, 426 W
Sat Mar  7 17:19:06 IST 2026, 371 W
Sat Mar  7 17:19:06 IST 2026, 412 W
Sat Mar  7 17:19:06 IST 2026, 403 W
Sat Mar  7 17:19:06 IST 2026, 399 W
Sat Mar  7 17:19:06 IST 2026, 395 W
Sat Mar  7 17:19:06 IST 2026, 383 W
Sat Mar  7 17:19:06 IST 2026, 383 W
Sat Mar  7 17:19:06 IST 2026, 345 W
Sat Mar  7 17:19:07 IST 2026, 450 W
Sat Mar  7 17:19:07 IST 2026, 453 W
Sat Mar  7 17:19:07 IST 2026, 451 W
Sat Mar  7 17:19:07 IST 2026, 454 W
Sat Mar  7 17:19:07 IST 2026, 442 W
Sat Mar  7 17:19:07 IST 2026, 450 W
Sat Mar  7 17:19:07 IST 2026, 448 W
Sat Mar  7 17:19:07 IST 2026, 451 W
Sat Mar  7 17:19:08 IST 2026, 418 W
Sat Mar  7 17:19:08 IST 2026, 423 W
Sat Mar  7 17:19:08 IST 2026, 414 W
Sat Mar  7 17:19:08 IST 2026, 428 W
Sat Mar  7 17:19:08 IST 2026, 426 W
Sat Mar  7 17:19:08 IST 2026, 422 W
Sat Mar  7 17:19:08 IST 2026, 423 W
Sat Mar  7 17:19:08 IST 2026, 416 W
Sat Mar  7 17:19:09 IST 2026, 420 W
Sat Mar  7 17:19:09 IST 2026, 419 W
Sat Mar  7 17:19:09 IST 2026, 422 W
Sat Mar  7 17:19:09 IST 2026, 420 W
Sat Mar  7 17:19:09 IST 2026, 419 W
Sat Mar  7 17:19:09 IST 2026, 415 W
Sat Mar  7 17:19:09 IST 2026, 415 W
Sat Mar  7 17:19:09 IST 2026, 422 W
Sat Mar  7 17:19:10 IST 2026, 387 W
Sat Mar  7 17:19:10 IST 2026, 390 W
Sat Mar  7 17:19:10 IST 2026, 389 W
Sat Mar  7 17:19:10 IST 2026, 395 W
Sat Mar  7 17:19:10 IST 2026, 373 W
Sat Mar  7 17:19:10 IST 2026, 374 W
Sat Mar  7 17:19:10 IST 2026, 373 W
Sat Mar  7 17:19:10 IST 2026, 391 W
Sat Mar  7 17:19:11 IST 2026, 342 W
Sat Mar  7 17:19:11 IST 2026, 339 W
Sat Mar  7 17:19:11 IST 2026, 338 W
Sat Mar  7 17:19:11 IST 2026, 340 W
Sat Mar  7 17:19:11 IST 2026, 351 W
Sat Mar  7 17:19:11 IST 2026, 339 W
Sat Mar  7 17:19:11 IST 2026, 334 W
Sat Mar  7 17:19:11 IST 2026, 341 W
Sat Mar  7 17:19:12 IST 2026, 361 W
Sat Mar  7 17:19:12 IST 2026, 348 W
Sat Mar  7 17:19:12 IST 2026, 354 W
Sat Mar  7 17:19:12 IST 2026, 366 W
Sat Mar  7 17:19:12 IST 2026, 367 W
Sat Mar  7 17:19:12 IST 2026, 366 W
Sat Mar  7 17:19:12 IST 2026, 367 W
Sat Mar  7 17:19:12 IST 2026, 365 W
Sat Mar  7 17:19:13 IST 2026, 348 W
Sat Mar  7 17:19:13 IST 2026, 351 W
Sat Mar  7 17:19:13 IST 2026, 344 W
Sat Mar  7 17:19:13 IST 2026, 355 W
Sat Mar  7 17:19:13 IST 2026, 335 W
Sat Mar  7 17:19:13 IST 2026, 352 W
Sat Mar  7 17:19:13 IST 2026, 351 W
Sat Mar  7 17:19:13 IST 2026, 348 W
Sat Mar  7 17:19:14 IST 2026, 497 W
Sat Mar  7 17:19:14 IST 2026, 516 W
Sat Mar  7 17:19:14 IST 2026, 511 W
Sat Mar  7 17:19:14 IST 2026, 509 W
Sat Mar  7 17:19:14 IST 2026, 499 W
Sat Mar  7 17:19:14 IST 2026, 471 W
Sat Mar  7 17:19:14 IST 2026, 493 W
Sat Mar  7 17:19:14 IST 2026, 499 W
Sat Mar  7 17:19:15 IST 2026, 461 W
Sat Mar  7 17:19:15 IST 2026, 465 W
Sat Mar  7 17:19:15 IST 2026, 460 W
Sat Mar  7 17:19:15 IST 2026, 466 W
Sat Mar  7 17:19:15 IST 2026, 464 W
Sat Mar  7 17:19:15 IST 2026, 461 W
Sat Mar  7 17:19:15 IST 2026, 460 W
Sat Mar  7 17:19:15 IST 2026, 461 W
Sat Mar  7 17:19:16 IST 2026, 425 W
Sat Mar  7 17:19:16 IST 2026, 438 W
Sat Mar  7 17:19:16 IST 2026, 430 W
Sat Mar  7 17:19:16 IST 2026, 432 W
Sat Mar  7 17:19:16 IST 2026, 424 W
Sat Mar  7 17:19:16 IST 2026, 419 W
Sat Mar  7 17:19:16 IST 2026, 424 W
Sat Mar  7 17:19:16 IST 2026, 428 W
Sat Mar  7 17:19:17 IST 2026, 233 W
Sat Mar  7 17:19:17 IST 2026, 234 W
Sat Mar  7 17:19:17 IST 2026, 229 W
Sat Mar  7 17:19:17 IST 2026, 237 W
Sat Mar  7 17:19:17 IST 2026, 235 W
Sat Mar  7 17:19:17 IST 2026, 235 W
Sat Mar  7 17:19:17 IST 2026, 232 W
Sat Mar  7 17:19:17 IST 2026, 232 W
Sat Mar  7 17:19:18 IST 2026, 452 W
Sat Mar  7 17:19:18 IST 2026, 440 W
Sat Mar  7 17:19:18 IST 2026, 441 W
Sat Mar  7 17:19:18 IST 2026, 451 W
Sat Mar  7 17:19:18 IST 2026, 438 W
Sat Mar  7 17:19:18 IST 2026, 451 W
Sat Mar  7 17:19:18 IST 2026, 452 W
Sat Mar  7 17:19:18 IST 2026, 449 W
Sat Mar  7 17:19:19 IST 2026, 440 W
Sat Mar  7 17:19:19 IST 2026, 443 W
Sat Mar  7 17:19:19 IST 2026, 444 W
Sat Mar  7 17:19:19 IST 2026, 449 W
Sat Mar  7 17:19:19 IST 2026, 446 W
Sat Mar  7 17:19:19 IST 2026, 449 W
Sat Mar  7 17:19:19 IST 2026, 448 W
Sat Mar  7 17:19:19 IST 2026, 452 W
Sat Mar  7 17:19:20 IST 2026, 401 W
Sat Mar  7 17:19:20 IST 2026, 423 W
Sat Mar  7 17:19:20 IST 2026, 398 W
Sat Mar  7 17:19:20 IST 2026, 408 W
Sat Mar  7 17:19:20 IST 2026, 411 W
Sat Mar  7 17:19:20 IST 2026, 411 W
Sat Mar  7 17:19:20 IST 2026, 406 W
Sat Mar  7 17:19:20 IST 2026, 403 W
Sat Mar  7 17:19:21 IST 2026, 395 W
Sat Mar  7 17:19:21 IST 2026, 404 W
Sat Mar  7 17:19:21 IST 2026, 402 W
Sat Mar  7 17:19:21 IST 2026, 400 W
Sat Mar  7 17:19:21 IST 2026, 402 W
Sat Mar  7 17:19:21 IST 2026, 394 W
Sat Mar  7 17:19:21 IST 2026, 393 W
Sat Mar  7 17:19:21 IST 2026, 395 W
Sat Mar  7 17:19:22 IST 2026, 377 W
Sat Mar  7 17:19:22 IST 2026, 372 W
Sat Mar  7 17:19:22 IST 2026, 376 W
Sat Mar  7 17:19:22 IST 2026, 382 W
Sat Mar  7 17:19:22 IST 2026, 386 W
Sat Mar  7 17:19:22 IST 2026, 382 W
Sat Mar  7 17:19:22 IST 2026, 383 W
Sat Mar  7 17:19:22 IST 2026, 376 W
Sat Mar  7 17:19:23 IST 2026, 369 W
Sat Mar  7 17:19:23 IST 2026, 377 W
Sat Mar  7 17:19:23 IST 2026, 378 W
Sat Mar  7 17:19:23 IST 2026, 381 W
Sat Mar  7 17:19:23 IST 2026, 376 W
Sat Mar  7 17:19:23 IST 2026, 376 W
Sat Mar  7 17:19:23 IST 2026, 375 W
Sat Mar  7 17:19:23 IST 2026, 381 W
Sat Mar  7 17:19:24 IST 2026, 390 W
Sat Mar  7 17:19:24 IST 2026, 395 W
Sat Mar  7 17:19:24 IST 2026, 387 W
Sat Mar  7 17:19:24 IST 2026, 392 W
Sat Mar  7 17:19:24 IST 2026, 393 W
Sat Mar  7 17:19:24 IST 2026, 386 W
Sat Mar  7 17:19:24 IST 2026, 391 W
Sat Mar  7 17:19:24 IST 2026, 392 W
Sat Mar  7 17:19:25 IST 2026, 355 W
Sat Mar  7 17:19:25 IST 2026, 361 W
Sat Mar  7 17:19:25 IST 2026, 364 W
Sat Mar  7 17:19:25 IST 2026, 366 W
Sat Mar  7 17:19:25 IST 2026, 361 W
Sat Mar  7 17:19:25 IST 2026, 359 W
Sat Mar  7 17:19:25 IST 2026, 361 W
Sat Mar  7 17:19:25 IST 2026, 363 W
Sat Mar  7 17:19:26 IST 2026, 349 W
Sat Mar  7 17:19:26 IST 2026, 351 W
Sat Mar  7 17:19:26 IST 2026, 352 W
Sat Mar  7 17:19:26 IST 2026, 357 W
Sat Mar  7 17:19:26 IST 2026, 355 W
Sat Mar  7 17:19:26 IST 2026, 352 W
Sat Mar  7 17:19:26 IST 2026, 356 W
Sat Mar  7 17:19:26 IST 2026, 349 W
Sat Mar  7 17:19:27 IST 2026, 353 W
Sat Mar  7 17:19:27 IST 2026, 361 W
Sat Mar  7 17:19:27 IST 2026, 355 W
Sat Mar  7 17:19:27 IST 2026, 346 W
Sat Mar  7 17:19:27 IST 2026, 357 W
Sat Mar  7 17:19:27 IST 2026, 353 W
Sat Mar  7 17:19:27 IST 2026, 353 W
Sat Mar  7 17:19:27 IST 2026, 351 W
Sat Mar  7 17:19:28 IST 2026, 350 W
Sat Mar  7 17:19:28 IST 2026, 351 W
Sat Mar  7 17:19:28 IST 2026, 350 W
Sat Mar  7 17:19:28 IST 2026, 350 W
Sat Mar  7 17:19:28 IST 2026, 351 W
Sat Mar  7 17:19:28 IST 2026, 346 W
Sat Mar  7 17:19:28 IST 2026, 347 W
Sat Mar  7 17:19:28 IST 2026, 351 W
Sat Mar  7 17:19:29 IST 2026, 230 W
Sat Mar  7 17:19:29 IST 2026, 235 W
Sat Mar  7 17:19:29 IST 2026, 229 W
Sat Mar  7 17:19:29 IST 2026, 233 W
Sat Mar  7 17:19:29 IST 2026, 236 W
Sat Mar  7 17:19:29 IST 2026, 231 W
Sat Mar  7 17:19:29 IST 2026, 229 W
Sat Mar  7 17:19:29 IST 2026, 232 W
Sat Mar  7 17:19:30 IST 2026, 462 W
Sat Mar  7 17:19:30 IST 2026, 467 W
Sat Mar  7 17:19:30 IST 2026, 465 W
Sat Mar  7 17:19:30 IST 2026, 467 W
Sat Mar  7 17:19:30 IST 2026, 470 W
Sat Mar  7 17:19:30 IST 2026, 462 W
Sat Mar  7 17:19:30 IST 2026, 465 W
Sat Mar  7 17:19:30 IST 2026, 466 W
Sat Mar  7 17:19:31 IST 2026, 467 W
Sat Mar  7 17:19:31 IST 2026, 468 W
Sat Mar  7 17:19:31 IST 2026, 466 W
Sat Mar  7 17:19:31 IST 2026, 469 W
Sat Mar  7 17:19:31 IST 2026, 471 W
Sat Mar  7 17:19:31 IST 2026, 466 W
Sat Mar  7 17:19:31 IST 2026, 469 W
Sat Mar  7 17:19:31 IST 2026, 468 W
Sat Mar  7 17:19:32 IST 2026, 446 W
Sat Mar  7 17:19:32 IST 2026, 450 W
Sat Mar  7 17:19:32 IST 2026, 450 W
Sat Mar  7 17:19:32 IST 2026, 454 W
Sat Mar  7 17:19:32 IST 2026, 453 W
Sat Mar  7 17:19:32 IST 2026, 447 W
Sat Mar  7 17:19:32 IST 2026, 454 W
Sat Mar  7 17:19:32 IST 2026, 445 W
Sat Mar  7 17:19:33 IST 2026, 427 W
Sat Mar  7 17:19:33 IST 2026, 426 W
Sat Mar  7 17:19:33 IST 2026, 421 W
Sat Mar  7 17:19:33 IST 2026, 427 W
Sat Mar  7 17:19:33 IST 2026, 431 W
Sat Mar  7 17:19:33 IST 2026, 423 W
Sat Mar  7 17:19:33 IST 2026, 426 W
Sat Mar  7 17:19:33 IST 2026, 427 W
Sat Mar  7 17:19:34 IST 2026, 347 W
Sat Mar  7 17:19:34 IST 2026, 358 W
Sat Mar  7 17:19:34 IST 2026, 358 W
Sat Mar  7 17:19:34 IST 2026, 358 W
Sat Mar  7 17:19:34 IST 2026, 351 W
Sat Mar  7 17:19:34 IST 2026, 354 W
Sat Mar  7 17:19:34 IST 2026, 357 W
Sat Mar  7 17:19:34 IST 2026, 360 W
Sat Mar  7 17:19:35 IST 2026, 231 W
Sat Mar  7 17:19:35 IST 2026, 236 W
Sat Mar  7 17:19:35 IST 2026, 230 W
Sat Mar  7 17:19:35 IST 2026, 234 W
Sat Mar  7 17:19:35 IST 2026, 242 W
Sat Mar  7 17:19:35 IST 2026, 233 W
Sat Mar  7 17:19:35 IST 2026, 236 W
Sat Mar  7 17:19:35 IST 2026, 232 W
Sat Mar  7 17:19:36 IST 2026, 407 W
Sat Mar  7 17:19:36 IST 2026, 422 W
Sat Mar  7 17:19:36 IST 2026, 418 W
Sat Mar  7 17:19:36 IST 2026, 434 W
Sat Mar  7 17:19:36 IST 2026, 444 W
Sat Mar  7 17:19:36 IST 2026, 439 W
Sat Mar  7 17:19:36 IST 2026, 437 W
Sat Mar  7 17:19:36 IST 2026, 435 W
Sat Mar  7 17:19:37 IST 2026, 364 W
Sat Mar  7 17:19:37 IST 2026, 399 W
Sat Mar  7 17:19:37 IST 2026, 390 W
Sat Mar  7 17:19:37 IST 2026, 408 W
Sat Mar  7 17:19:37 IST 2026, 420 W
Sat Mar  7 17:19:37 IST 2026, 416 W
Sat Mar  7 17:19:37 IST 2026, 421 W
Sat Mar  7 17:19:37 IST 2026, 409 W
Sat Mar  7 17:19:38 IST 2026, 427 W
Sat Mar  7 17:19:38 IST 2026, 433 W
Sat Mar  7 17:19:38 IST 2026, 428 W
Sat Mar  7 17:19:38 IST 2026, 433 W
Sat Mar  7 17:19:38 IST 2026, 434 W
Sat Mar  7 17:19:38 IST 2026, 429 W
Sat Mar  7 17:19:38 IST 2026, 426 W
Sat Mar  7 17:19:38 IST 2026, 426 W
Sat Mar  7 17:19:39 IST 2026, 354 W
Sat Mar  7 17:19:39 IST 2026, 361 W
Sat Mar  7 17:19:39 IST 2026, 350 W
Sat Mar  7 17:19:39 IST 2026, 357 W
Sat Mar  7 17:19:39 IST 2026, 356 W
Sat Mar  7 17:19:39 IST 2026, 353 W
Sat Mar  7 17:19:39 IST 2026, 354 W
Sat Mar  7 17:19:39 IST 2026, 357 W
Sat Mar  7 17:19:40 IST 2026, 378 W
Sat Mar  7 17:19:40 IST 2026, 382 W
Sat Mar  7 17:19:40 IST 2026, 375 W
Sat Mar  7 17:19:40 IST 2026, 377 W
Sat Mar  7 17:19:40 IST 2026, 382 W
Sat Mar  7 17:19:40 IST 2026, 324 W
Sat Mar  7 17:19:40 IST 2026, 378 W
Sat Mar  7 17:19:40 IST 2026, 378 W
Sat Mar  7 17:19:41 IST 2026, 346 W
Sat Mar  7 17:19:41 IST 2026, 371 W
Sat Mar  7 17:19:41 IST 2026, 370 W
Sat Mar  7 17:19:41 IST 2026, 376 W
Sat Mar  7 17:19:41 IST 2026, 374 W
Sat Mar  7 17:19:41 IST 2026, 370 W
Sat Mar  7 17:19:41 IST 2026, 372 W
Sat Mar  7 17:19:41 IST 2026, 371 W
Sat Mar  7 17:19:42 IST 2026, 367 W
Sat Mar  7 17:19:42 IST 2026, 381 W
Sat Mar  7 17:19:42 IST 2026, 380 W
Sat Mar  7 17:19:42 IST 2026, 384 W
Sat Mar  7 17:19:42 IST 2026, 377 W
Sat Mar  7 17:19:42 IST 2026, 333 W
Sat Mar  7 17:19:42 IST 2026, 373 W
Sat Mar  7 17:19:42 IST 2026, 383 W
Sat Mar  7 17:19:43 IST 2026, 431 W
Sat Mar  7 17:19:43 IST 2026, 464 W
Sat Mar  7 17:19:43 IST 2026, 462 W
Sat Mar  7 17:19:43 IST 2026, 428 W
Sat Mar  7 17:19:43 IST 2026, 436 W
Sat Mar  7 17:19:43 IST 2026, 431 W
Sat Mar  7 17:19:43 IST 2026, 437 W
Sat Mar  7 17:19:43 IST 2026, 428 W
Sat Mar  7 17:19:44 IST 2026, 437 W
Sat Mar  7 17:19:44 IST 2026, 465 W
Sat Mar  7 17:19:44 IST 2026, 441 W
Sat Mar  7 17:19:44 IST 2026, 453 W
Sat Mar  7 17:19:44 IST 2026, 477 W
Sat Mar  7 17:19:44 IST 2026, 455 W
Sat Mar  7 17:19:44 IST 2026, 455 W
Sat Mar  7 17:19:44 IST 2026, 451 W
Sat Mar  7 17:19:45 IST 2026, 437 W
Sat Mar  7 17:19:45 IST 2026, 437 W
Sat Mar  7 17:19:45 IST 2026, 436 W
Sat Mar  7 17:19:45 IST 2026, 442 W
Sat Mar  7 17:19:45 IST 2026, 443 W
Sat Mar  7 17:19:45 IST 2026, 436 W
Sat Mar  7 17:19:45 IST 2026, 439 W
Sat Mar  7 17:19:45 IST 2026, 437 W
Sat Mar  7 17:19:46 IST 2026, 388 W
Sat Mar  7 17:19:46 IST 2026, 384 W
Sat Mar  7 17:19:46 IST 2026, 384 W
Sat Mar  7 17:19:46 IST 2026, 371 W
Sat Mar  7 17:19:46 IST 2026, 394 W
Sat Mar  7 17:19:46 IST 2026, 386 W
Sat Mar  7 17:19:46 IST 2026, 392 W
Sat Mar  7 17:19:46 IST 2026, 390 W
Sat Mar  7 17:19:47 IST 2026, 230 W
Sat Mar  7 17:19:47 IST 2026, 233 W
Sat Mar  7 17:19:47 IST 2026, 229 W
Sat Mar  7 17:19:47 IST 2026, 232 W
Sat Mar  7 17:19:47 IST 2026, 235 W
Sat Mar  7 17:19:47 IST 2026, 232 W
Sat Mar  7 17:19:47 IST 2026, 229 W
Sat Mar  7 17:19:47 IST 2026, 232 W
Sat Mar  7 17:19:48 IST 2026, 452 W
Sat Mar  7 17:19:48 IST 2026, 454 W
Sat Mar  7 17:19:48 IST 2026, 448 W
Sat Mar  7 17:19:48 IST 2026, 449 W
Sat Mar  7 17:19:48 IST 2026, 455 W
Sat Mar  7 17:19:48 IST 2026, 450 W
Sat Mar  7 17:19:48 IST 2026, 453 W
Sat Mar  7 17:19:48 IST 2026, 450 W
Sat Mar  7 17:19:49 IST 2026, 392 W
Sat Mar  7 17:19:49 IST 2026, 380 W
Sat Mar  7 17:19:49 IST 2026, 382 W
Sat Mar  7 17:19:49 IST 2026, 396 W
Sat Mar  7 17:19:49 IST 2026, 399 W
Sat Mar  7 17:19:49 IST 2026, 394 W
Sat Mar  7 17:19:49 IST 2026, 378 W
Sat Mar  7 17:19:49 IST 2026, 390 W
Sat Mar  7 17:19:50 IST 2026, 461 W
Sat Mar  7 17:19:50 IST 2026, 468 W
Sat Mar  7 17:19:50 IST 2026, 460 W
Sat Mar  7 17:19:50 IST 2026, 462 W
Sat Mar  7 17:19:50 IST 2026, 452 W
Sat Mar  7 17:19:50 IST 2026, 462 W
Sat Mar  7 17:19:50 IST 2026, 456 W
Sat Mar  7 17:19:50 IST 2026, 459 W
Sat Mar  7 17:19:51 IST 2026, 458 W
Sat Mar  7 17:19:51 IST 2026, 463 W
Sat Mar  7 17:19:51 IST 2026, 458 W
Sat Mar  7 17:19:51 IST 2026, 460 W
Sat Mar  7 17:19:51 IST 2026, 459 W
Sat Mar  7 17:19:51 IST 2026, 456 W
Sat Mar  7 17:19:51 IST 2026, 456 W
Sat Mar  7 17:19:51 IST 2026, 456 W
Sat Mar  7 17:19:52 IST 2026, 450 W
Sat Mar  7 17:19:52 IST 2026, 454 W
Sat Mar  7 17:19:52 IST 2026, 451 W
Sat Mar  7 17:19:52 IST 2026, 453 W
Sat Mar  7 17:19:52 IST 2026, 452 W
Sat Mar  7 17:19:52 IST 2026, 450 W
Sat Mar  7 17:19:52 IST 2026, 449 W
Sat Mar  7 17:19:52 IST 2026, 448 W
Sat Mar  7 17:19:53 IST 2026, 439 W
Sat Mar  7 17:19:53 IST 2026, 444 W
Sat Mar  7 17:19:53 IST 2026, 436 W
Sat Mar  7 17:19:53 IST 2026, 444 W
Sat Mar  7 17:19:53 IST 2026, 448 W
Sat Mar  7 17:19:53 IST 2026, 442 W
Sat Mar  7 17:19:53 IST 2026, 438 W
Sat Mar  7 17:19:53 IST 2026, 436 W
Sat Mar  7 17:19:54 IST 2026, 430 W
Sat Mar  7 17:19:54 IST 2026, 429 W
Sat Mar  7 17:19:54 IST 2026, 426 W
Sat Mar  7 17:19:54 IST 2026, 430 W
Sat Mar  7 17:19:54 IST 2026, 434 W
Sat Mar  7 17:19:54 IST 2026, 427 W
Sat Mar  7 17:19:54 IST 2026, 426 W
Sat Mar  7 17:19:54 IST 2026, 428 W
Sat Mar  7 17:19:55 IST 2026, 375 W
Sat Mar  7 17:19:55 IST 2026, 372 W
Sat Mar  7 17:19:55 IST 2026, 374 W
Sat Mar  7 17:19:55 IST 2026, 385 W
Sat Mar  7 17:19:55 IST 2026, 383 W
Sat Mar  7 17:19:55 IST 2026, 379 W
Sat Mar  7 17:19:55 IST 2026, 377 W
Sat Mar  7 17:19:55 IST 2026, 376 W
Sat Mar  7 17:19:56 IST 2026, 390 W
Sat Mar  7 17:19:56 IST 2026, 379 W
Sat Mar  7 17:19:56 IST 2026, 377 W
Sat Mar  7 17:19:56 IST 2026, 389 W
Sat Mar  7 17:19:56 IST 2026, 394 W
Sat Mar  7 17:19:56 IST 2026, 388 W
Sat Mar  7 17:19:56 IST 2026, 385 W
Sat Mar  7 17:19:56 IST 2026, 339 W
Sat Mar  7 17:19:57 IST 2026, 354 W
Sat Mar  7 17:19:57 IST 2026, 363 W
Sat Mar  7 17:19:57 IST 2026, 364 W
Sat Mar  7 17:19:57 IST 2026, 364 W
Sat Mar  7 17:19:57 IST 2026, 357 W
Sat Mar  7 17:19:57 IST 2026, 353 W
Sat Mar  7 17:19:57 IST 2026, 356 W
Sat Mar  7 17:19:57 IST 2026, 365 W
Sat Mar  7 17:19:58 IST 2026, 392 W
Sat Mar  7 17:19:58 IST 2026, 395 W
Sat Mar  7 17:19:58 IST 2026, 393 W
Sat Mar  7 17:19:58 IST 2026, 393 W
Sat Mar  7 17:19:58 IST 2026, 396 W
Sat Mar  7 17:19:58 IST 2026, 391 W
Sat Mar  7 17:19:58 IST 2026, 395 W
Sat Mar  7 17:19:58 IST 2026, 395 W
Sat Mar  7 17:19:59 IST 2026, 385 W
Sat Mar  7 17:19:59 IST 2026, 366 W
Sat Mar  7 17:19:59 IST 2026, 361 W
Sat Mar  7 17:19:59 IST 2026, 386 W
Sat Mar  7 17:19:59 IST 2026, 386 W
Sat Mar  7 17:19:59 IST 2026, 380 W
Sat Mar  7 17:19:59 IST 2026, 387 W
Sat Mar  7 17:19:59 IST 2026, 387 W
Sat Mar  7 17:20:00 IST 2026, 346 W
Sat Mar  7 17:20:00 IST 2026, 360 W
Sat Mar  7 17:20:00 IST 2026, 349 W
Sat Mar  7 17:20:00 IST 2026, 352 W
Sat Mar  7 17:20:00 IST 2026, 353 W
Sat Mar  7 17:20:00 IST 2026, 348 W
Sat Mar  7 17:20:00 IST 2026, 347 W
Sat Mar  7 17:20:00 IST 2026, 299 W
Sat Mar  7 17:20:01 IST 2026, 353 W
Sat Mar  7 17:20:01 IST 2026, 354 W
Sat Mar  7 17:20:01 IST 2026, 347 W
Sat Mar  7 17:20:01 IST 2026, 352 W
Sat Mar  7 17:20:01 IST 2026, 354 W
Sat Mar  7 17:20:01 IST 2026, 350 W
Sat Mar  7 17:20:01 IST 2026, 348 W
Sat Mar  7 17:20:01 IST 2026, 350 W
Sat Mar  7 17:20:02 IST 2026, 230 W
Sat Mar  7 17:20:02 IST 2026, 234 W
Sat Mar  7 17:20:02 IST 2026, 228 W
Sat Mar  7 17:20:02 IST 2026, 232 W
Sat Mar  7 17:20:02 IST 2026, 235 W
Sat Mar  7 17:20:02 IST 2026, 230 W
Sat Mar  7 17:20:02 IST 2026, 229 W
Sat Mar  7 17:20:02 IST 2026, 232 W
Sat Mar  7 17:20:03 IST 2026, 461 W
Sat Mar  7 17:20:03 IST 2026, 466 W
Sat Mar  7 17:20:03 IST 2026, 464 W
Sat Mar  7 17:20:03 IST 2026, 467 W
Sat Mar  7 17:20:03 IST 2026, 464 W
Sat Mar  7 17:20:03 IST 2026, 460 W
Sat Mar  7 17:20:03 IST 2026, 463 W
Sat Mar  7 17:20:03 IST 2026, 463 W
Sat Mar  7 17:20:04 IST 2026, 400 W
Sat Mar  7 17:20:04 IST 2026, 415 W
Sat Mar  7 17:20:04 IST 2026, 407 W
Sat Mar  7 17:20:04 IST 2026, 409 W
Sat Mar  7 17:20:04 IST 2026, 407 W
Sat Mar  7 17:20:04 IST 2026, 402 W
Sat Mar  7 17:20:04 IST 2026, 406 W
Sat Mar  7 17:20:04 IST 2026, 392 W
Sat Mar  7 17:20:05 IST 2026, 230 W
Sat Mar  7 17:20:05 IST 2026, 232 W
Sat Mar  7 17:20:05 IST 2026, 228 W
Sat Mar  7 17:20:05 IST 2026, 233 W
Sat Mar  7 17:20:05 IST 2026, 235 W
Sat Mar  7 17:20:05 IST 2026, 231 W
Sat Mar  7 17:20:05 IST 2026, 229 W
Sat Mar  7 17:20:05 IST 2026, 232 W
Sat Mar  7 17:20:06 IST 2026, 450 W
Sat Mar  7 17:20:06 IST 2026, 452 W
Sat Mar  7 17:20:06 IST 2026, 447 W
Sat Mar  7 17:20:06 IST 2026, 456 W
Sat Mar  7 17:20:06 IST 2026, 457 W
Sat Mar  7 17:20:06 IST 2026, 452 W
Sat Mar  7 17:20:06 IST 2026, 448 W
Sat Mar  7 17:20:06 IST 2026, 450 W
Sat Mar  7 17:20:07 IST 2026, 448 W
Sat Mar  7 17:20:07 IST 2026, 453 W
Sat Mar  7 17:20:07 IST 2026, 453 W
Sat Mar  7 17:20:07 IST 2026, 455 W
Sat Mar  7 17:20:07 IST 2026, 455 W
Sat Mar  7 17:20:07 IST 2026, 451 W
Sat Mar  7 17:20:07 IST 2026, 453 W
Sat Mar  7 17:20:07 IST 2026, 456 W
Sat Mar  7 17:20:08 IST 2026, 439 W
Sat Mar  7 17:20:08 IST 2026, 446 W
Sat Mar  7 17:20:08 IST 2026, 448 W
Sat Mar  7 17:20:08 IST 2026, 450 W
Sat Mar  7 17:20:08 IST 2026, 448 W
Sat Mar  7 17:20:08 IST 2026, 440 W
Sat Mar  7 17:20:08 IST 2026, 443 W
Sat Mar  7 17:20:08 IST 2026, 445 W
Sat Mar  7 17:20:09 IST 2026, 447 W
Sat Mar  7 17:20:09 IST 2026, 451 W
Sat Mar  7 17:20:09 IST 2026, 456 W
Sat Mar  7 17:20:09 IST 2026, 451 W
Sat Mar  7 17:20:09 IST 2026, 454 W
Sat Mar  7 17:20:09 IST 2026, 448 W
Sat Mar  7 17:20:09 IST 2026, 451 W
Sat Mar  7 17:20:09 IST 2026, 451 W
Sat Mar  7 17:20:10 IST 2026, 404 W
Sat Mar  7 17:20:10 IST 2026, 403 W
Sat Mar  7 17:20:10 IST 2026, 407 W
Sat Mar  7 17:20:10 IST 2026, 411 W
Sat Mar  7 17:20:10 IST 2026, 412 W
Sat Mar  7 17:20:10 IST 2026, 408 W
Sat Mar  7 17:20:10 IST 2026, 408 W
Sat Mar  7 17:20:10 IST 2026, 411 W
Sat Mar  7 17:20:11 IST 2026, 374 W
Sat Mar  7 17:20:11 IST 2026, 378 W
Sat Mar  7 17:20:11 IST 2026, 373 W
Sat Mar  7 17:20:11 IST 2026, 382 W
Sat Mar  7 17:20:11 IST 2026, 383 W
Sat Mar  7 17:20:11 IST 2026, 378 W
Sat Mar  7 17:20:11 IST 2026, 371 W
Sat Mar  7 17:20:11 IST 2026, 376 W
Sat Mar  7 17:20:12 IST 2026, 345 W
Sat Mar  7 17:20:12 IST 2026, 343 W
Sat Mar  7 17:20:12 IST 2026, 341 W
Sat Mar  7 17:20:12 IST 2026, 341 W
Sat Mar  7 17:20:12 IST 2026, 346 W
Sat Mar  7 17:20:12 IST 2026, 352 W
Sat Mar  7 17:20:12 IST 2026, 355 W
Sat Mar  7 17:20:12 IST 2026, 341 W
Sat Mar  7 17:20:13 IST 2026, 426 W
Sat Mar  7 17:20:13 IST 2026, 333 W
Sat Mar  7 17:20:13 IST 2026, 392 W
Sat Mar  7 17:20:13 IST 2026, 410 W
Sat Mar  7 17:20:13 IST 2026, 413 W
Sat Mar  7 17:20:13 IST 2026, 428 W
Sat Mar  7 17:20:13 IST 2026, 426 W
Sat Mar  7 17:20:13 IST 2026, 412 W
Sat Mar  7 17:20:14 IST 2026, 435 W
Sat Mar  7 17:20:14 IST 2026, 440 W
Sat Mar  7 17:20:14 IST 2026, 440 W
Sat Mar  7 17:20:14 IST 2026, 439 W
Sat Mar  7 17:20:14 IST 2026, 429 W
Sat Mar  7 17:20:14 IST 2026, 437 W
Sat Mar  7 17:20:14 IST 2026, 431 W
Sat Mar  7 17:20:14 IST 2026, 431 W
Sat Mar  7 17:20:15 IST 2026, 433 W
Sat Mar  7 17:20:15 IST 2026, 439 W
Sat Mar  7 17:20:15 IST 2026, 439 W
Sat Mar  7 17:20:15 IST 2026, 442 W
Sat Mar  7 17:20:15 IST 2026, 441 W
Sat Mar  7 17:20:15 IST 2026, 436 W
Sat Mar  7 17:20:15 IST 2026, 438 W
Sat Mar  7 17:20:15 IST 2026, 437 W
Sat Mar  7 17:20:16 IST 2026, 412 W
Sat Mar  7 17:20:16 IST 2026, 416 W
Sat Mar  7 17:20:16 IST 2026, 415 W
Sat Mar  7 17:20:16 IST 2026, 419 W
Sat Mar  7 17:20:16 IST 2026, 417 W
Sat Mar  7 17:20:16 IST 2026, 414 W
Sat Mar  7 17:20:16 IST 2026, 419 W
Sat Mar  7 17:20:16 IST 2026, 419 W
Sat Mar  7 17:20:17 IST 2026, 419 W
Sat Mar  7 17:20:17 IST 2026, 422 W
Sat Mar  7 17:20:17 IST 2026, 423 W
Sat Mar  7 17:20:17 IST 2026, 428 W
Sat Mar  7 17:20:17 IST 2026, 424 W
Sat Mar  7 17:20:17 IST 2026, 419 W
Sat Mar  7 17:20:17 IST 2026, 425 W
Sat Mar  7 17:20:17 IST 2026, 426 W
Sat Mar  7 17:20:18 IST 2026, 405 W
Sat Mar  7 17:20:18 IST 2026, 415 W
Sat Mar  7 17:20:18 IST 2026, 410 W
Sat Mar  7 17:20:18 IST 2026, 408 W
Sat Mar  7 17:20:18 IST 2026, 403 W
Sat Mar  7 17:20:18 IST 2026, 397 W
Sat Mar  7 17:20:18 IST 2026, 398 W
Sat Mar  7 17:20:18 IST 2026, 404 W
Sat Mar  7 17:20:19 IST 2026, 381 W
Sat Mar  7 17:20:19 IST 2026, 378 W
Sat Mar  7 17:20:19 IST 2026, 379 W
Sat Mar  7 17:20:19 IST 2026, 386 W
Sat Mar  7 17:20:19 IST 2026, 387 W
Sat Mar  7 17:20:19 IST 2026, 383 W
Sat Mar  7 17:20:19 IST 2026, 378 W
Sat Mar  7 17:20:19 IST 2026, 386 W
Sat Mar  7 17:20:20 IST 2026, 397 W
Sat Mar  7 17:20:20 IST 2026, 407 W
Sat Mar  7 17:20:20 IST 2026, 402 W
Sat Mar  7 17:20:20 IST 2026, 402 W
Sat Mar  7 17:20:20 IST 2026, 362 W
Sat Mar  7 17:20:20 IST 2026, 400 W
Sat Mar  7 17:20:20 IST 2026, 397 W
Sat Mar  7 17:20:20 IST 2026, 403 W
Sat Mar  7 17:20:21 IST 2026, 395 W
Sat Mar  7 17:20:21 IST 2026, 399 W
Sat Mar  7 17:20:21 IST 2026, 397 W
Sat Mar  7 17:20:21 IST 2026, 401 W
Sat Mar  7 17:20:21 IST 2026, 366 W
Sat Mar  7 17:20:21 IST 2026, 389 W
Sat Mar  7 17:20:21 IST 2026, 388 W
Sat Mar  7 17:20:21 IST 2026, 399 W
Sat Mar  7 17:20:22 IST 2026, 373 W
Sat Mar  7 17:20:22 IST 2026, 393 W
Sat Mar  7 17:20:22 IST 2026, 389 W
Sat Mar  7 17:20:22 IST 2026, 394 W
Sat Mar  7 17:20:22 IST 2026, 397 W
Sat Mar  7 17:20:22 IST 2026, 390 W
Sat Mar  7 17:20:22 IST 2026, 398 W
Sat Mar  7 17:20:22 IST 2026, 393 W
Sat Mar  7 17:20:23 IST 2026, 385 W
Sat Mar  7 17:20:23 IST 2026, 377 W
Sat Mar  7 17:20:23 IST 2026, 381 W
Sat Mar  7 17:20:23 IST 2026, 384 W
Sat Mar  7 17:20:23 IST 2026, 385 W
Sat Mar  7 17:20:23 IST 2026, 383 W
Sat Mar  7 17:20:23 IST 2026, 382 W
Sat Mar  7 17:20:23 IST 2026, 379 W
Sat Mar  7 17:20:24 IST 2026, 377 W
Sat Mar  7 17:20:24 IST 2026, 378 W
Sat Mar  7 17:20:24 IST 2026, 380 W
Sat Mar  7 17:20:24 IST 2026, 384 W
Sat Mar  7 17:20:24 IST 2026, 385 W
Sat Mar  7 17:20:24 IST 2026, 378 W
Sat Mar  7 17:20:24 IST 2026, 376 W
Sat Mar  7 17:20:24 IST 2026, 379 W
Sat Mar  7 17:20:25 IST 2026, 230 W
Sat Mar  7 17:20:25 IST 2026, 233 W
Sat Mar  7 17:20:25 IST 2026, 229 W
Sat Mar  7 17:20:25 IST 2026, 233 W
Sat Mar  7 17:20:25 IST 2026, 235 W
Sat Mar  7 17:20:25 IST 2026, 232 W
Sat Mar  7 17:20:25 IST 2026, 229 W
Sat Mar  7 17:20:25 IST 2026, 232 W
Sat Mar  7 17:20:26 IST 2026, 442 W
Sat Mar  7 17:20:26 IST 2026, 445 W
Sat Mar  7 17:20:26 IST 2026, 447 W
Sat Mar  7 17:20:26 IST 2026, 454 W
Sat Mar  7 17:20:26 IST 2026, 449 W
Sat Mar  7 17:20:26 IST 2026, 446 W
Sat Mar  7 17:20:26 IST 2026, 450 W
Sat Mar  7 17:20:26 IST 2026, 452 W
Sat Mar  7 17:20:27 IST 2026, 452 W
Sat Mar  7 17:20:27 IST 2026, 448 W
Sat Mar  7 17:20:27 IST 2026, 448 W
Sat Mar  7 17:20:27 IST 2026, 454 W
Sat Mar  7 17:20:27 IST 2026, 458 W
Sat Mar  7 17:20:27 IST 2026, 453 W
Sat Mar  7 17:20:27 IST 2026, 429 W
Sat Mar  7 17:20:27 IST 2026, 453 W
Sat Mar  7 17:20:28 IST 2026, 436 W
Sat Mar  7 17:20:28 IST 2026, 431 W
Sat Mar  7 17:20:28 IST 2026, 433 W
Sat Mar  7 17:20:28 IST 2026, 432 W
Sat Mar  7 17:20:28 IST 2026, 442 W
Sat Mar  7 17:20:28 IST 2026, 436 W
Sat Mar  7 17:20:28 IST 2026, 446 W
Sat Mar  7 17:20:28 IST 2026, 430 W
Sat Mar  7 17:20:29 IST 2026, 357 W
Sat Mar  7 17:20:29 IST 2026, 359 W
Sat Mar  7 17:20:29 IST 2026, 361 W
Sat Mar  7 17:20:29 IST 2026, 367 W
Sat Mar  7 17:20:29 IST 2026, 365 W
Sat Mar  7 17:20:29 IST 2026, 360 W
Sat Mar  7 17:20:29 IST 2026, 359 W
Sat Mar  7 17:20:29 IST 2026, 367 W
Sat Mar  7 17:20:30 IST 2026, 370 W
Sat Mar  7 17:20:30 IST 2026, 353 W
Sat Mar  7 17:20:30 IST 2026, 358 W
Sat Mar  7 17:20:30 IST 2026, 372 W
Sat Mar  7 17:20:30 IST 2026, 372 W
Sat Mar  7 17:20:30 IST 2026, 370 W
Sat Mar  7 17:20:30 IST 2026, 360 W
Sat Mar  7 17:20:30 IST 2026, 369 W
Sat Mar  7 17:20:31 IST 2026, 344 W
Sat Mar  7 17:20:31 IST 2026, 339 W
Sat Mar  7 17:20:31 IST 2026, 337 W
Sat Mar  7 17:20:31 IST 2026, 339 W
Sat Mar  7 17:20:31 IST 2026, 344 W
Sat Mar  7 17:20:31 IST 2026, 343 W
Sat Mar  7 17:20:31 IST 2026, 320 W
Sat Mar  7 17:20:31 IST 2026, 337 W
Sat Mar  7 17:20:32 IST 2026, 375 W
Sat Mar  7 17:20:32 IST 2026, 373 W
Sat Mar  7 17:20:32 IST 2026, 372 W
Sat Mar  7 17:20:32 IST 2026, 376 W
Sat Mar  7 17:20:32 IST 2026, 381 W
Sat Mar  7 17:20:32 IST 2026, 377 W
Sat Mar  7 17:20:32 IST 2026, 372 W
Sat Mar  7 17:20:32 IST 2026, 332 W
Sat Mar  7 17:20:33 IST 2026, 364 W
Sat Mar  7 17:20:33 IST 2026, 354 W
Sat Mar  7 17:20:33 IST 2026, 353 W
Sat Mar  7 17:20:33 IST 2026, 361 W
Sat Mar  7 17:20:33 IST 2026, 372 W
Sat Mar  7 17:20:33 IST 2026, 366 W
Sat Mar  7 17:20:33 IST 2026, 359 W
Sat Mar  7 17:20:33 IST 2026, 322 W
Sat Mar  7 17:20:34 IST 2026, 374 W
Sat Mar  7 17:20:34 IST 2026, 381 W
Sat Mar  7 17:20:34 IST 2026, 376 W
Sat Mar  7 17:20:34 IST 2026, 383 W
Sat Mar  7 17:20:34 IST 2026, 385 W
Sat Mar  7 17:20:34 IST 2026, 378 W
Sat Mar  7 17:20:34 IST 2026, 380 W
Sat Mar  7 17:20:34 IST 2026, 334 W
Sat Mar  7 17:20:35 IST 2026, 365 W
Sat Mar  7 17:20:35 IST 2026, 374 W
Sat Mar  7 17:20:35 IST 2026, 368 W
Sat Mar  7 17:20:35 IST 2026, 352 W
Sat Mar  7 17:20:35 IST 2026, 366 W
Sat Mar  7 17:20:35 IST 2026, 364 W
Sat Mar  7 17:20:35 IST 2026, 365 W
Sat Mar  7 17:20:35 IST 2026, 364 W
Sat Mar  7 17:20:36 IST 2026, 351 W
Sat Mar  7 17:20:36 IST 2026, 355 W
Sat Mar  7 17:20:36 IST 2026, 354 W
Sat Mar  7 17:20:36 IST 2026, 354 W
Sat Mar  7 17:20:36 IST 2026, 359 W
Sat Mar  7 17:20:36 IST 2026, 354 W
Sat Mar  7 17:20:36 IST 2026, 350 W
Sat Mar  7 17:20:36 IST 2026, 357 W
Sat Mar  7 17:20:37 IST 2026, 351 W
Sat Mar  7 17:20:37 IST 2026, 349 W
Sat Mar  7 17:20:37 IST 2026, 349 W
Sat Mar  7 17:20:37 IST 2026, 355 W
Sat Mar  7 17:20:37 IST 2026, 350 W
Sat Mar  7 17:20:37 IST 2026, 352 W
Sat Mar  7 17:20:37 IST 2026, 347 W
Sat Mar  7 17:20:37 IST 2026, 350 W
Sat Mar  7 17:20:38 IST 2026, 437 W
Sat Mar  7 17:20:38 IST 2026, 439 W
Sat Mar  7 17:20:38 IST 2026, 442 W
Sat Mar  7 17:20:38 IST 2026, 446 W
Sat Mar  7 17:20:38 IST 2026, 415 W
Sat Mar  7 17:20:38 IST 2026, 437 W
Sat Mar  7 17:20:38 IST 2026, 441 W
Sat Mar  7 17:20:38 IST 2026, 443 W
Sat Mar  7 17:20:39 IST 2026, 468 W
Sat Mar  7 17:20:39 IST 2026, 470 W
Sat Mar  7 17:20:39 IST 2026, 467 W
Sat Mar  7 17:20:39 IST 2026, 472 W
Sat Mar  7 17:20:39 IST 2026, 474 W
Sat Mar  7 17:20:39 IST 2026, 468 W
Sat Mar  7 17:20:39 IST 2026, 471 W
Sat Mar  7 17:20:39 IST 2026, 470 W
Sat Mar  7 17:20:40 IST 2026, 392 W
Sat Mar  7 17:20:40 IST 2026, 425 W
Sat Mar  7 17:20:40 IST 2026, 415 W
Sat Mar  7 17:20:40 IST 2026, 427 W
Sat Mar  7 17:20:40 IST 2026, 432 W
Sat Mar  7 17:20:40 IST 2026, 427 W
Sat Mar  7 17:20:40 IST 2026, 432 W
Sat Mar  7 17:20:40 IST 2026, 424 W
Sat Mar  7 17:20:41 IST 2026, 431 W
Sat Mar  7 17:20:41 IST 2026, 428 W
Sat Mar  7 17:20:41 IST 2026, 422 W
Sat Mar  7 17:20:41 IST 2026, 427 W
Sat Mar  7 17:20:41 IST 2026, 432 W
Sat Mar  7 17:20:41 IST 2026, 426 W
Sat Mar  7 17:20:41 IST 2026, 432 W
Sat Mar  7 17:20:41 IST 2026, 425 W
Sat Mar  7 17:20:42 IST 2026, 426 W
Sat Mar  7 17:20:42 IST 2026, 431 W
Sat Mar  7 17:20:42 IST 2026, 432 W
Sat Mar  7 17:20:42 IST 2026, 437 W
Sat Mar  7 17:20:42 IST 2026, 445 W
Sat Mar  7 17:20:42 IST 2026, 447 W
Sat Mar  7 17:20:42 IST 2026, 444 W
Sat Mar  7 17:20:42 IST 2026, 435 W
Sat Mar  7 17:20:43 IST 2026, 369 W
Sat Mar  7 17:20:43 IST 2026, 382 W
Sat Mar  7 17:20:43 IST 2026, 378 W
Sat Mar  7 17:20:43 IST 2026, 378 W
Sat Mar  7 17:20:43 IST 2026, 357 W
Sat Mar  7 17:20:43 IST 2026, 371 W
Sat Mar  7 17:20:43 IST 2026, 373 W
Sat Mar  7 17:20:43 IST 2026, 374 W
Sat Mar  7 17:20:44 IST 2026, 231 W
Sat Mar  7 17:20:44 IST 2026, 234 W
Sat Mar  7 17:20:44 IST 2026, 230 W
Sat Mar  7 17:20:44 IST 2026, 234 W
Sat Mar  7 17:20:44 IST 2026, 236 W
Sat Mar  7 17:20:44 IST 2026, 233 W
Sat Mar  7 17:20:44 IST 2026, 229 W
Sat Mar  7 17:20:44 IST 2026, 233 W
Sat Mar  7 17:20:45 IST 2026, 471 W
Sat Mar  7 17:20:45 IST 2026, 470 W
Sat Mar  7 17:20:45 IST 2026, 472 W
Sat Mar  7 17:20:45 IST 2026, 477 W
Sat Mar  7 17:20:45 IST 2026, 479 W
Sat Mar  7 17:20:45 IST 2026, 475 W
Sat Mar  7 17:20:45 IST 2026, 471 W
Sat Mar  7 17:20:45 IST 2026, 474 W
Sat Mar  7 17:20:46 IST 2026, 419 W
Sat Mar  7 17:20:46 IST 2026, 422 W
Sat Mar  7 17:20:46 IST 2026, 422 W
Sat Mar  7 17:20:46 IST 2026, 422 W
Sat Mar  7 17:20:46 IST 2026, 427 W
Sat Mar  7 17:20:46 IST 2026, 425 W
Sat Mar  7 17:20:46 IST 2026, 427 W
Sat Mar  7 17:20:46 IST 2026, 418 W
Sat Mar  7 17:20:47 IST 2026, 424 W
Sat Mar  7 17:20:47 IST 2026, 429 W
Sat Mar  7 17:20:47 IST 2026, 429 W
Sat Mar  7 17:20:47 IST 2026, 432 W
Sat Mar  7 17:20:47 IST 2026, 431 W
Sat Mar  7 17:20:47 IST 2026, 425 W
Sat Mar  7 17:20:47 IST 2026, 421 W
Sat Mar  7 17:20:47 IST 2026, 430 W
Sat Mar  7 17:20:48 IST 2026, 375 W
Sat Mar  7 17:20:48 IST 2026, 377 W
Sat Mar  7 17:20:48 IST 2026, 380 W
Sat Mar  7 17:20:48 IST 2026, 384 W
Sat Mar  7 17:20:48 IST 2026, 384 W
Sat Mar  7 17:20:48 IST 2026, 379 W
Sat Mar  7 17:20:48 IST 2026, 376 W
Sat Mar  7 17:20:48 IST 2026, 382 W
Sat Mar  7 17:20:49 IST 2026, 351 W
Sat Mar  7 17:20:49 IST 2026, 353 W
Sat Mar  7 17:20:49 IST 2026, 355 W
Sat Mar  7 17:20:49 IST 2026, 358 W
Sat Mar  7 17:20:49 IST 2026, 358 W
Sat Mar  7 17:20:49 IST 2026, 355 W
Sat Mar  7 17:20:49 IST 2026, 353 W
Sat Mar  7 17:20:49 IST 2026, 359 W
Sat Mar  7 17:20:50 IST 2026, 336 W
Sat Mar  7 17:20:50 IST 2026, 340 W
Sat Mar  7 17:20:50 IST 2026, 337 W
Sat Mar  7 17:20:50 IST 2026, 341 W
Sat Mar  7 17:20:50 IST 2026, 345 W
Sat Mar  7 17:20:50 IST 2026, 340 W
Sat Mar  7 17:20:50 IST 2026, 326 W
Sat Mar  7 17:20:50 IST 2026, 344 W
Sat Mar  7 17:20:51 IST 2026, 351 W
Sat Mar  7 17:20:51 IST 2026, 338 W
Sat Mar  7 17:20:51 IST 2026, 353 W
Sat Mar  7 17:20:51 IST 2026, 357 W
Sat Mar  7 17:20:51 IST 2026, 359 W
Sat Mar  7 17:20:51 IST 2026, 353 W
Sat Mar  7 17:20:51 IST 2026, 350 W
Sat Mar  7 17:20:51 IST 2026, 354 W
Sat Mar  7 17:20:52 IST 2026, 338 W
Sat Mar  7 17:20:52 IST 2026, 342 W
Sat Mar  7 17:20:52 IST 2026, 342 W
Sat Mar  7 17:20:52 IST 2026, 347 W
Sat Mar  7 17:20:52 IST 2026, 347 W
Sat Mar  7 17:20:52 IST 2026, 342 W
Sat Mar  7 17:20:52 IST 2026, 340 W
Sat Mar  7 17:20:52 IST 2026, 347 W
Sat Mar  7 17:20:53 IST 2026, 352 W
Sat Mar  7 17:20:53 IST 2026, 354 W
Sat Mar  7 17:20:53 IST 2026, 353 W
Sat Mar  7 17:20:53 IST 2026, 359 W
Sat Mar  7 17:20:53 IST 2026, 353 W
Sat Mar  7 17:20:53 IST 2026, 356 W
Sat Mar  7 17:20:53 IST 2026, 361 W
Sat Mar  7 17:20:53 IST 2026, 358 W
Sat Mar  7 17:20:54 IST 2026, 354 W
Sat Mar  7 17:20:54 IST 2026, 356 W
Sat Mar  7 17:20:54 IST 2026, 349 W
Sat Mar  7 17:20:54 IST 2026, 355 W
Sat Mar  7 17:20:54 IST 2026, 340 W
Sat Mar  7 17:20:54 IST 2026, 351 W
Sat Mar  7 17:20:54 IST 2026, 357 W
Sat Mar  7 17:20:54 IST 2026, 355 W
Sat Mar  7 17:20:55 IST 2026, 347 W
Sat Mar  7 17:20:55 IST 2026, 358 W
Sat Mar  7 17:20:55 IST 2026, 349 W
Sat Mar  7 17:20:55 IST 2026, 353 W
Sat Mar  7 17:20:55 IST 2026, 354 W
Sat Mar  7 17:20:55 IST 2026, 349 W
Sat Mar  7 17:20:55 IST 2026, 352 W
Sat Mar  7 17:20:55 IST 2026, 352 W
Sat Mar  7 17:20:56 IST 2026, 230 W
Sat Mar  7 17:20:56 IST 2026, 234 W
Sat Mar  7 17:20:56 IST 2026, 228 W
Sat Mar  7 17:20:56 IST 2026, 233 W
Sat Mar  7 17:20:56 IST 2026, 235 W
Sat Mar  7 17:20:56 IST 2026, 232 W
Sat Mar  7 17:20:56 IST 2026, 229 W
Sat Mar  7 17:20:56 IST 2026, 232 W
Sat Mar  7 17:20:57 IST 2026, 465 W
Sat Mar  7 17:20:57 IST 2026, 470 W
Sat Mar  7 17:20:57 IST 2026, 468 W
Sat Mar  7 17:20:57 IST 2026, 474 W
Sat Mar  7 17:20:57 IST 2026, 473 W
Sat Mar  7 17:20:57 IST 2026, 466 W
Sat Mar  7 17:20:57 IST 2026, 468 W
Sat Mar  7 17:20:57 IST 2026, 470 W
Sat Mar  7 17:20:58 IST 2026, 440 W
Sat Mar  7 17:20:58 IST 2026, 451 W
Sat Mar  7 17:20:58 IST 2026, 448 W
Sat Mar  7 17:20:58 IST 2026, 451 W
Sat Mar  7 17:20:58 IST 2026, 451 W
Sat Mar  7 17:20:58 IST 2026, 446 W
Sat Mar  7 17:20:58 IST 2026, 443 W
Sat Mar  7 17:20:58 IST 2026, 452 W
Sat Mar  7 17:20:59 IST 2026, 465 W
Sat Mar  7 17:20:59 IST 2026, 462 W
Sat Mar  7 17:20:59 IST 2026, 462 W
Sat Mar  7 17:20:59 IST 2026, 464 W
Sat Mar  7 17:20:59 IST 2026, 467 W
Sat Mar  7 17:20:59 IST 2026, 463 W
Sat Mar  7 17:20:59 IST 2026, 465 W
Sat Mar  7 17:20:59 IST 2026, 463 W
Sat Mar  7 17:21:00 IST 2026, 456 W
Sat Mar  7 17:21:00 IST 2026, 439 W
Sat Mar  7 17:21:00 IST 2026, 423 W
Sat Mar  7 17:21:00 IST 2026, 459 W
Sat Mar  7 17:21:00 IST 2026, 460 W
Sat Mar  7 17:21:00 IST 2026, 455 W
Sat Mar  7 17:21:00 IST 2026, 458 W
Sat Mar  7 17:21:00 IST 2026, 454 W
Sat Mar  7 17:21:01 IST 2026, 418 W
Sat Mar  7 17:21:01 IST 2026, 423 W
Sat Mar  7 17:21:01 IST 2026, 422 W
Sat Mar  7 17:21:01 IST 2026, 429 W
Sat Mar  7 17:21:01 IST 2026, 423 W
Sat Mar  7 17:21:01 IST 2026, 420 W
Sat Mar  7 17:21:01 IST 2026, 424 W
Sat Mar  7 17:21:01 IST 2026, 426 W
Sat Mar  7 17:21:02 IST 2026, 378 W
Sat Mar  7 17:21:02 IST 2026, 381 W
Sat Mar  7 17:21:02 IST 2026, 381 W
Sat Mar  7 17:21:02 IST 2026, 382 W
Sat Mar  7 17:21:02 IST 2026, 389 W
Sat Mar  7 17:21:02 IST 2026, 381 W
Sat Mar  7 17:21:02 IST 2026, 378 W
Sat Mar  7 17:21:02 IST 2026, 381 W
Sat Mar  7 17:21:03 IST 2026, 367 W
Sat Mar  7 17:21:03 IST 2026, 381 W
Sat Mar  7 17:21:03 IST 2026, 377 W
Sat Mar  7 17:21:03 IST 2026, 383 W
Sat Mar  7 17:21:03 IST 2026, 372 W
Sat Mar  7 17:21:03 IST 2026, 368 W
Sat Mar  7 17:21:03 IST 2026, 369 W
Sat Mar  7 17:21:03 IST 2026, 379 W
Sat Mar  7 17:21:04 IST 2026, 306 W
Sat Mar  7 17:21:04 IST 2026, 351 W
Sat Mar  7 17:21:04 IST 2026, 352 W
Sat Mar  7 17:21:04 IST 2026, 337 W
Sat Mar  7 17:21:04 IST 2026, 320 W
Sat Mar  7 17:21:04 IST 2026, 317 W
Sat Mar  7 17:21:04 IST 2026, 309 W
Sat Mar  7 17:21:04 IST 2026, 333 W
Sat Mar  7 17:21:05 IST 2026, 415 W
Sat Mar  7 17:21:05 IST 2026, 416 W
Sat Mar  7 17:21:05 IST 2026, 422 W
Sat Mar  7 17:21:05 IST 2026, 425 W
Sat Mar  7 17:21:05 IST 2026, 423 W
Sat Mar  7 17:21:05 IST 2026, 417 W
Sat Mar  7 17:21:05 IST 2026, 421 W
Sat Mar  7 17:21:05 IST 2026, 425 W
Sat Mar  7 17:21:06 IST 2026, 450 W
Sat Mar  7 17:21:06 IST 2026, 452 W
Sat Mar  7 17:21:06 IST 2026, 453 W
Sat Mar  7 17:21:06 IST 2026, 454 W
Sat Mar  7 17:21:06 IST 2026, 455 W
Sat Mar  7 17:21:06 IST 2026, 450 W
Sat Mar  7 17:21:06 IST 2026, 451 W
Sat Mar  7 17:21:06 IST 2026, 453 W
Sat Mar  7 17:21:07 IST 2026, 416 W
Sat Mar  7 17:21:07 IST 2026, 418 W
Sat Mar  7 17:21:07 IST 2026, 419 W
Sat Mar  7 17:21:07 IST 2026, 425 W
Sat Mar  7 17:21:07 IST 2026, 423 W
Sat Mar  7 17:21:07 IST 2026, 419 W
Sat Mar  7 17:21:07 IST 2026, 417 W
Sat Mar  7 17:21:07 IST 2026, 418 W
Sat Mar  7 17:21:08 IST 2026, 430 W
Sat Mar  7 17:21:08 IST 2026, 430 W
Sat Mar  7 17:21:08 IST 2026, 429 W
Sat Mar  7 17:21:08 IST 2026, 431 W
Sat Mar  7 17:21:08 IST 2026, 434 W
Sat Mar  7 17:21:08 IST 2026, 433 W
Sat Mar  7 17:21:08 IST 2026, 431 W
Sat Mar  7 17:21:08 IST 2026, 432 W
Sat Mar  7 17:21:09 IST 2026, 430 W
Sat Mar  7 17:21:09 IST 2026, 431 W
Sat Mar  7 17:21:09 IST 2026, 430 W
Sat Mar  7 17:21:09 IST 2026, 434 W
Sat Mar  7 17:21:09 IST 2026, 436 W
Sat Mar  7 17:21:09 IST 2026, 430 W
Sat Mar  7 17:21:09 IST 2026, 433 W
Sat Mar  7 17:21:09 IST 2026, 433 W
Sat Mar  7 17:21:10 IST 2026, 338 W
Sat Mar  7 17:21:10 IST 2026, 341 W
Sat Mar  7 17:21:10 IST 2026, 343 W
Sat Mar  7 17:21:10 IST 2026, 346 W
Sat Mar  7 17:21:10 IST 2026, 345 W
Sat Mar  7 17:21:10 IST 2026, 338 W
Sat Mar  7 17:21:10 IST 2026, 337 W
Sat Mar  7 17:21:10 IST 2026, 346 W
Sat Mar  7 17:21:11 IST 2026, 350 W
Sat Mar  7 17:21:11 IST 2026, 355 W
Sat Mar  7 17:21:11 IST 2026, 349 W
Sat Mar  7 17:21:11 IST 2026, 350 W
Sat Mar  7 17:21:11 IST 2026, 351 W
Sat Mar  7 17:21:11 IST 2026, 350 W
Sat Mar  7 17:21:11 IST 2026, 340 W
Sat Mar  7 17:21:11 IST 2026, 346 W
Sat Mar  7 17:21:12 IST 2026, 355 W
Sat Mar  7 17:21:12 IST 2026, 347 W
Sat Mar  7 17:21:12 IST 2026, 356 W
Sat Mar  7 17:21:12 IST 2026, 360 W
Sat Mar  7 17:21:12 IST 2026, 362 W
Sat Mar  7 17:21:12 IST 2026, 356 W
Sat Mar  7 17:21:12 IST 2026, 361 W
Sat Mar  7 17:21:12 IST 2026, 357 W
Sat Mar  7 17:21:13 IST 2026, 359 W
Sat Mar  7 17:21:13 IST 2026, 354 W
Sat Mar  7 17:21:13 IST 2026, 358 W
Sat Mar  7 17:21:13 IST 2026, 365 W
Sat Mar  7 17:21:13 IST 2026, 362 W
Sat Mar  7 17:21:13 IST 2026, 363 W
Sat Mar  7 17:21:13 IST 2026, 365 W
Sat Mar  7 17:21:13 IST 2026, 361 W
Sat Mar  7 17:21:14 IST 2026, 364 W
Sat Mar  7 17:21:14 IST 2026, 336 W
Sat Mar  7 17:21:14 IST 2026, 339 W
Sat Mar  7 17:21:14 IST 2026, 367 W
Sat Mar  7 17:21:14 IST 2026, 366 W
Sat Mar  7 17:21:14 IST 2026, 366 W
Sat Mar  7 17:21:14 IST 2026, 363 W
Sat Mar  7 17:21:14 IST 2026, 365 W
Sat Mar  7 17:21:15 IST 2026, 351 W
Sat Mar  7 17:21:15 IST 2026, 354 W
Sat Mar  7 17:21:15 IST 2026, 359 W
Sat Mar  7 17:21:15 IST 2026, 361 W
Sat Mar  7 17:21:15 IST 2026, 355 W
Sat Mar  7 17:21:15 IST 2026, 357 W
Sat Mar  7 17:21:15 IST 2026, 354 W
Sat Mar  7 17:21:15 IST 2026, 337 W
Sat Mar  7 17:21:16 IST 2026, 357 W
Sat Mar  7 17:21:16 IST 2026, 364 W
Sat Mar  7 17:21:16 IST 2026, 362 W
Sat Mar  7 17:21:16 IST 2026, 365 W
Sat Mar  7 17:21:16 IST 2026, 352 W
Sat Mar  7 17:21:16 IST 2026, 363 W
Sat Mar  7 17:21:16 IST 2026, 366 W
Sat Mar  7 17:21:16 IST 2026, 364 W
Sat Mar  7 17:21:17 IST 2026, 469 W
Sat Mar  7 17:21:17 IST 2026, 470 W
Sat Mar  7 17:21:17 IST 2026, 470 W
Sat Mar  7 17:21:17 IST 2026, 473 W
Sat Mar  7 17:21:17 IST 2026, 478 W
Sat Mar  7 17:21:17 IST 2026, 471 W
Sat Mar  7 17:21:17 IST 2026, 473 W
Sat Mar  7 17:21:17 IST 2026, 471 W
Sat Mar  7 17:21:18 IST 2026, 432 W
Sat Mar  7 17:21:18 IST 2026, 446 W
Sat Mar  7 17:21:18 IST 2026, 448 W
Sat Mar  7 17:21:18 IST 2026, 432 W
Sat Mar  7 17:21:18 IST 2026, 438 W
Sat Mar  7 17:21:18 IST 2026, 431 W
Sat Mar  7 17:21:18 IST 2026, 433 W
Sat Mar  7 17:21:18 IST 2026, 412 W
Sat Mar  7 17:21:19 IST 2026, 445 W
Sat Mar  7 17:21:19 IST 2026, 448 W
Sat Mar  7 17:21:19 IST 2026, 448 W
Sat Mar  7 17:21:19 IST 2026, 455 W
Sat Mar  7 17:21:19 IST 2026, 450 W
Sat Mar  7 17:21:19 IST 2026, 449 W
Sat Mar  7 17:21:19 IST 2026, 452 W
Sat Mar  7 17:21:19 IST 2026, 434 W
Sat Mar  7 17:21:20 IST 2026, 442 W
Sat Mar  7 17:21:20 IST 2026, 444 W
Sat Mar  7 17:21:20 IST 2026, 443 W
Sat Mar  7 17:21:20 IST 2026, 448 W
Sat Mar  7 17:21:20 IST 2026, 450 W
Sat Mar  7 17:21:20 IST 2026, 443 W
Sat Mar  7 17:21:20 IST 2026, 445 W
Sat Mar  7 17:21:20 IST 2026, 427 W
Sat Mar  7 17:21:21 IST 2026, 443 W
Sat Mar  7 17:21:21 IST 2026, 445 W
Sat Mar  7 17:21:21 IST 2026, 442 W
Sat Mar  7 17:21:21 IST 2026, 449 W
Sat Mar  7 17:21:21 IST 2026, 451 W
Sat Mar  7 17:21:21 IST 2026, 444 W
Sat Mar  7 17:21:21 IST 2026, 446 W
Sat Mar  7 17:21:21 IST 2026, 430 W
Sat Mar  7 17:21:22 IST 2026, 438 W
Sat Mar  7 17:21:22 IST 2026, 438 W
Sat Mar  7 17:21:22 IST 2026, 440 W
Sat Mar  7 17:21:22 IST 2026, 443 W
Sat Mar  7 17:21:22 IST 2026, 443 W
Sat Mar  7 17:21:22 IST 2026, 440 W
Sat Mar  7 17:21:22 IST 2026, 443 W
Sat Mar  7 17:21:22 IST 2026, 443 W
Sat Mar  7 17:21:23 IST 2026, 386 W
Sat Mar  7 17:21:23 IST 2026, 384 W
Sat Mar  7 17:21:23 IST 2026, 387 W
Sat Mar  7 17:21:23 IST 2026, 392 W
Sat Mar  7 17:21:23 IST 2026, 392 W
Sat Mar  7 17:21:23 IST 2026, 385 W
Sat Mar  7 17:21:23 IST 2026, 390 W
Sat Mar  7 17:21:23 IST 2026, 389 W
Sat Mar  7 17:21:24 IST 2026, 386 W
Sat Mar  7 17:21:24 IST 2026, 382 W
Sat Mar  7 17:21:24 IST 2026, 389 W
Sat Mar  7 17:21:24 IST 2026, 390 W
Sat Mar  7 17:21:24 IST 2026, 392 W
Sat Mar  7 17:21:24 IST 2026, 387 W
Sat Mar  7 17:21:24 IST 2026, 386 W
Sat Mar  7 17:21:24 IST 2026, 389 W
Sat Mar  7 17:21:25 IST 2026, 386 W
Sat Mar  7 17:21:25 IST 2026, 386 W
Sat Mar  7 17:21:25 IST 2026, 385 W
Sat Mar  7 17:21:25 IST 2026, 393 W
Sat Mar  7 17:21:25 IST 2026, 394 W
Sat Mar  7 17:21:25 IST 2026, 386 W
Sat Mar  7 17:21:25 IST 2026, 390 W
Sat Mar  7 17:21:25 IST 2026, 385 W
Sat Mar  7 17:21:26 IST 2026, 352 W
Sat Mar  7 17:21:26 IST 2026, 356 W
Sat Mar  7 17:21:26 IST 2026, 347 W
Sat Mar  7 17:21:26 IST 2026, 352 W
Sat Mar  7 17:21:26 IST 2026, 356 W
Sat Mar  7 17:21:26 IST 2026, 353 W
Sat Mar  7 17:21:26 IST 2026, 352 W
Sat Mar  7 17:21:26 IST 2026, 352 W
Sat Mar  7 17:21:27 IST 2026, 344 W
Sat Mar  7 17:21:27 IST 2026, 361 W
Sat Mar  7 17:21:27 IST 2026, 354 W
Sat Mar  7 17:21:27 IST 2026, 356 W
Sat Mar  7 17:21:27 IST 2026, 349 W
Sat Mar  7 17:21:27 IST 2026, 345 W
Sat Mar  7 17:21:27 IST 2026, 344 W
Sat Mar  7 17:21:27 IST 2026, 320 W
Sat Mar  7 17:21:28 IST 2026, 234 W
Sat Mar  7 17:21:28 IST 2026, 238 W
Sat Mar  7 17:21:28 IST 2026, 234 W
Sat Mar  7 17:21:28 IST 2026, 237 W
Sat Mar  7 17:21:28 IST 2026, 238 W
Sat Mar  7 17:21:28 IST 2026, 236 W
Sat Mar  7 17:21:28 IST 2026, 233 W
Sat Mar  7 17:21:28 IST 2026, 236 W
Sat Mar  7 17:21:29 IST 2026, 433 W
Sat Mar  7 17:21:29 IST 2026, 435 W
Sat Mar  7 17:21:29 IST 2026, 435 W
Sat Mar  7 17:21:29 IST 2026, 419 W
Sat Mar  7 17:21:29 IST 2026, 437 W
Sat Mar  7 17:21:29 IST 2026, 427 W
Sat Mar  7 17:21:29 IST 2026, 434 W
Sat Mar  7 17:21:29 IST 2026, 438 W
Sat Mar  7 17:21:30 IST 2026, 462 W
Sat Mar  7 17:21:30 IST 2026, 412 W
Sat Mar  7 17:21:30 IST 2026, 466 W
Sat Mar  7 17:21:30 IST 2026, 466 W
Sat Mar  7 17:21:30 IST 2026, 469 W
Sat Mar  7 17:21:30 IST 2026, 466 W
Sat Mar  7 17:21:30 IST 2026, 461 W
Sat Mar  7 17:21:30 IST 2026, 462 W
Sat Mar  7 17:21:31 IST 2026, 356 W
Sat Mar  7 17:21:31 IST 2026, 351 W
Sat Mar  7 17:21:31 IST 2026, 346 W
Sat Mar  7 17:21:31 IST 2026, 340 W
Sat Mar  7 17:21:31 IST 2026, 362 W
Sat Mar  7 17:21:31 IST 2026, 356 W
Sat Mar  7 17:21:31 IST 2026, 360 W
Sat Mar  7 17:21:31 IST 2026, 351 W
Sat Mar  7 17:21:32 IST 2026, 350 W
Sat Mar  7 17:21:32 IST 2026, 354 W
Sat Mar  7 17:21:32 IST 2026, 354 W
Sat Mar  7 17:21:32 IST 2026, 355 W
Sat Mar  7 17:21:32 IST 2026, 355 W
Sat Mar  7 17:21:32 IST 2026, 351 W
Sat Mar  7 17:21:32 IST 2026, 356 W
Sat Mar  7 17:21:32 IST 2026, 353 W
Sat Mar  7 17:21:33 IST 2026, 229 W
Sat Mar  7 17:21:33 IST 2026, 232 W
Sat Mar  7 17:21:33 IST 2026, 228 W
Sat Mar  7 17:21:33 IST 2026, 232 W
Sat Mar  7 17:21:33 IST 2026, 234 W
Sat Mar  7 17:21:33 IST 2026, 231 W
Sat Mar  7 17:21:33 IST 2026, 229 W
Sat Mar  7 17:21:33 IST 2026, 231 W
Sat Mar  7 17:21:34 IST 2026, 448 W
Sat Mar  7 17:21:34 IST 2026, 451 W
Sat Mar  7 17:21:34 IST 2026, 446 W
Sat Mar  7 17:21:34 IST 2026, 453 W
Sat Mar  7 17:21:34 IST 2026, 455 W
Sat Mar  7 17:21:34 IST 2026, 441 W
Sat Mar  7 17:21:34 IST 2026, 452 W
Sat Mar  7 17:21:34 IST 2026, 453 W
Sat Mar  7 17:21:35 IST 2026, 380 W
Sat Mar  7 17:21:35 IST 2026, 385 W
Sat Mar  7 17:21:35 IST 2026, 383 W
Sat Mar  7 17:21:35 IST 2026, 386 W
Sat Mar  7 17:21:35 IST 2026, 388 W
Sat Mar  7 17:21:35 IST 2026, 382 W
Sat Mar  7 17:21:35 IST 2026, 385 W
Sat Mar  7 17:21:35 IST 2026, 388 W
Sat Mar  7 17:21:36 IST 2026, 347 W
Sat Mar  7 17:21:36 IST 2026, 347 W
Sat Mar  7 17:21:36 IST 2026, 338 W
Sat Mar  7 17:21:36 IST 2026, 343 W
Sat Mar  7 17:21:36 IST 2026, 351 W
Sat Mar  7 17:21:36 IST 2026, 347 W
Sat Mar  7 17:21:36 IST 2026, 324 W
Sat Mar  7 17:21:36 IST 2026, 342 W
Sat Mar  7 17:21:37 IST 2026, 339 W
Sat Mar  7 17:21:37 IST 2026, 233 W
Sat Mar  7 17:21:37 IST 2026, 229 W
Sat Mar  7 17:21:37 IST 2026, 272 W
Sat Mar  7 17:21:37 IST 2026, 348 W
Sat Mar  7 17:21:37 IST 2026, 342 W
Sat Mar  7 17:21:37 IST 2026, 362 W
Sat Mar  7 17:21:37 IST 2026, 272 W
Sat Mar  7 17:21:38 IST 2026, 345 W
Sat Mar  7 17:21:38 IST 2026, 365 W
Sat Mar  7 17:21:38 IST 2026, 364 W
Sat Mar  7 17:21:38 IST 2026, 392 W
Sat Mar  7 17:21:38 IST 2026, 402 W
Sat Mar  7 17:21:38 IST 2026, 400 W
Sat Mar  7 17:21:38 IST 2026, 401 W
Sat Mar  7 17:21:38 IST 2026, 392 W
Sat Mar  7 17:21:39 IST 2026, 333 W
Sat Mar  7 17:21:39 IST 2026, 400 W
Sat Mar  7 17:21:39 IST 2026, 394 W
Sat Mar  7 17:21:39 IST 2026, 388 W
Sat Mar  7 17:21:39 IST 2026, 401 W
Sat Mar  7 17:21:39 IST 2026, 398 W
Sat Mar  7 17:21:39 IST 2026, 405 W
Sat Mar  7 17:21:39 IST 2026, 387 W
Sat Mar  7 17:21:40 IST 2026, 443 W
Sat Mar  7 17:21:40 IST 2026, 440 W
Sat Mar  7 17:21:40 IST 2026, 441 W
Sat Mar  7 17:21:40 IST 2026, 451 W
Sat Mar  7 17:21:40 IST 2026, 447 W
Sat Mar  7 17:21:40 IST 2026, 420 W
Sat Mar  7 17:21:40 IST 2026, 447 W
Sat Mar  7 17:21:40 IST 2026, 446 W
Sat Mar  7 17:21:41 IST 2026, 427 W
Sat Mar  7 17:21:41 IST 2026, 432 W
Sat Mar  7 17:21:41 IST 2026, 425 W
Sat Mar  7 17:21:41 IST 2026, 429 W
Sat Mar  7 17:21:41 IST 2026, 433 W
Sat Mar  7 17:21:41 IST 2026, 428 W
Sat Mar  7 17:21:41 IST 2026, 430 W
Sat Mar  7 17:21:41 IST 2026, 429 W
Sat Mar  7 17:21:42 IST 2026, 381 W
Sat Mar  7 17:21:42 IST 2026, 387 W
Sat Mar  7 17:21:42 IST 2026, 386 W
Sat Mar  7 17:21:42 IST 2026, 392 W
Sat Mar  7 17:21:42 IST 2026, 389 W
Sat Mar  7 17:21:42 IST 2026, 385 W
Sat Mar  7 17:21:42 IST 2026, 388 W
Sat Mar  7 17:21:42 IST 2026, 389 W
Sat Mar  7 17:21:43 IST 2026, 344 W
Sat Mar  7 17:21:43 IST 2026, 351 W
Sat Mar  7 17:21:43 IST 2026, 346 W
Sat Mar  7 17:21:43 IST 2026, 348 W
Sat Mar  7 17:21:43 IST 2026, 349 W
Sat Mar  7 17:21:43 IST 2026, 346 W
Sat Mar  7 17:21:43 IST 2026, 349 W
Sat Mar  7 17:21:43 IST 2026, 347 W
Sat Mar  7 17:21:44 IST 2026, 347 W
Sat Mar  7 17:21:44 IST 2026, 353 W
Sat Mar  7 17:21:44 IST 2026, 342 W
Sat Mar  7 17:21:44 IST 2026, 354 W
Sat Mar  7 17:21:44 IST 2026, 352 W
Sat Mar  7 17:21:44 IST 2026, 349 W
Sat Mar  7 17:21:44 IST 2026, 350 W
Sat Mar  7 17:21:44 IST 2026, 351 W
Sat Mar  7 17:21:45 IST 2026, 342 W
Sat Mar  7 17:21:45 IST 2026, 347 W
Sat Mar  7 17:21:45 IST 2026, 346 W
Sat Mar  7 17:21:45 IST 2026, 348 W
Sat Mar  7 17:21:45 IST 2026, 345 W
Sat Mar  7 17:21:45 IST 2026, 342 W
Sat Mar  7 17:21:45 IST 2026, 336 W
Sat Mar  7 17:21:45 IST 2026, 349 W
Sat Mar  7 17:21:46 IST 2026, 355 W
Sat Mar  7 17:21:46 IST 2026, 364 W
Sat Mar  7 17:21:46 IST 2026, 362 W
Sat Mar  7 17:21:46 IST 2026, 358 W
Sat Mar  7 17:21:46 IST 2026, 315 W
Sat Mar  7 17:21:46 IST 2026, 354 W
Sat Mar  7 17:21:46 IST 2026, 355 W
Sat Mar  7 17:21:46 IST 2026, 351 W
Sat Mar  7 17:21:47 IST 2026, 357 W
Sat Mar  7 17:21:47 IST 2026, 357 W
Sat Mar  7 17:21:47 IST 2026, 355 W
Sat Mar  7 17:21:47 IST 2026, 363 W
Sat Mar  7 17:21:47 IST 2026, 363 W
Sat Mar  7 17:21:47 IST 2026, 356 W
Sat Mar  7 17:21:47 IST 2026, 360 W
Sat Mar  7 17:21:47 IST 2026, 359 W
Sat Mar  7 17:21:48 IST 2026, 360 W
Sat Mar  7 17:21:48 IST 2026, 365 W
Sat Mar  7 17:21:48 IST 2026, 359 W
Sat Mar  7 17:21:48 IST 2026, 366 W
Sat Mar  7 17:21:48 IST 2026, 364 W
Sat Mar  7 17:21:48 IST 2026, 361 W
Sat Mar  7 17:21:48 IST 2026, 365 W
Sat Mar  7 17:21:48 IST 2026, 337 W
Sat Mar  7 17:21:49 IST 2026, 288 W
Sat Mar  7 17:21:49 IST 2026, 327 W
Sat Mar  7 17:21:49 IST 2026, 314 W
Sat Mar  7 17:21:49 IST 2026, 268 W
Sat Mar  7 17:21:49 IST 2026, 293 W
Sat Mar  7 17:21:49 IST 2026, 291 W
Sat Mar  7 17:21:49 IST 2026, 284 W
Sat Mar  7 17:21:49 IST 2026, 300 W
Sat Mar  7 17:21:50 IST 2026, 457 W
Sat Mar  7 17:21:50 IST 2026, 459 W
Sat Mar  7 17:21:50 IST 2026, 452 W
Sat Mar  7 17:21:50 IST 2026, 460 W
Sat Mar  7 17:21:50 IST 2026, 459 W
Sat Mar  7 17:21:50 IST 2026, 454 W
Sat Mar  7 17:21:50 IST 2026, 452 W
Sat Mar  7 17:21:50 IST 2026, 459 W
Sat Mar  7 17:21:51 IST 2026, 432 W
Sat Mar  7 17:21:51 IST 2026, 437 W
Sat Mar  7 17:21:51 IST 2026, 434 W
Sat Mar  7 17:21:51 IST 2026, 437 W
Sat Mar  7 17:21:51 IST 2026, 436 W
Sat Mar  7 17:21:51 IST 2026, 433 W
Sat Mar  7 17:21:51 IST 2026, 436 W
Sat Mar  7 17:21:51 IST 2026, 434 W
Sat Mar  7 17:21:52 IST 2026, 453 W
Sat Mar  7 17:21:52 IST 2026, 455 W
Sat Mar  7 17:21:52 IST 2026, 454 W
Sat Mar  7 17:21:52 IST 2026, 460 W
Sat Mar  7 17:21:52 IST 2026, 445 W
Sat Mar  7 17:21:52 IST 2026, 454 W
Sat Mar  7 17:21:52 IST 2026, 453 W
Sat Mar  7 17:21:52 IST 2026, 456 W
Sat Mar  7 17:21:53 IST 2026, 357 W
Sat Mar  7 17:21:53 IST 2026, 368 W
Sat Mar  7 17:21:53 IST 2026, 370 W
Sat Mar  7 17:21:53 IST 2026, 372 W
Sat Mar  7 17:21:53 IST 2026, 357 W
Sat Mar  7 17:21:53 IST 2026, 369 W
Sat Mar  7 17:21:53 IST 2026, 368 W
Sat Mar  7 17:21:53 IST 2026, 368 W
Sat Mar  7 17:21:54 IST 2026, 379 W
Sat Mar  7 17:21:54 IST 2026, 380 W
Sat Mar  7 17:21:54 IST 2026, 379 W
Sat Mar  7 17:21:54 IST 2026, 387 W
Sat Mar  7 17:21:54 IST 2026, 350 W
Sat Mar  7 17:21:54 IST 2026, 378 W
Sat Mar  7 17:21:54 IST 2026, 378 W
Sat Mar  7 17:21:54 IST 2026, 384 W
Sat Mar  7 17:21:55 IST 2026, 237 W
Sat Mar  7 17:21:55 IST 2026, 244 W
Sat Mar  7 17:21:55 IST 2026, 238 W
Sat Mar  7 17:21:55 IST 2026, 241 W
Sat Mar  7 17:21:55 IST 2026, 242 W
Sat Mar  7 17:21:55 IST 2026, 239 W
Sat Mar  7 17:21:55 IST 2026, 235 W
Sat Mar  7 17:21:55 IST 2026, 239 W
Sat Mar  7 17:21:56 IST 2026, 229 W
Sat Mar  7 17:21:56 IST 2026, 232 W
Sat Mar  7 17:21:56 IST 2026, 228 W
Sat Mar  7 17:21:56 IST 2026, 232 W
Sat Mar  7 17:21:56 IST 2026, 234 W
Sat Mar  7 17:21:56 IST 2026, 231 W
Sat Mar  7 17:21:56 IST 2026, 229 W
Sat Mar  7 17:21:56 IST 2026, 230 W
Sat Mar  7 17:21:57 IST 2026, 229 W
Sat Mar  7 17:21:57 IST 2026, 230 W
Sat Mar  7 17:21:57 IST 2026, 226 W
Sat Mar  7 17:21:57 IST 2026, 230 W
Sat Mar  7 17:21:57 IST 2026, 232 W
Sat Mar  7 17:21:57 IST 2026, 229 W
Sat Mar  7 17:21:57 IST 2026, 228 W
Sat Mar  7 17:21:57 IST 2026, 229 W
Sat Mar  7 17:21:58 IST 2026, 466 W
Sat Mar  7 17:21:58 IST 2026, 377 W
Sat Mar  7 17:21:58 IST 2026, 370 W
Sat Mar  7 17:21:58 IST 2026, 369 W
Sat Mar  7 17:21:58 IST 2026, 470 W
Sat Mar  7 17:21:58 IST 2026, 468 W
Sat Mar  7 17:21:58 IST 2026, 469 W
Sat Mar  7 17:21:58 IST 2026, 368 W
Sat Mar  7 17:21:59 IST 2026, 447 W
Sat Mar  7 17:21:59 IST 2026, 438 W
Sat Mar  7 17:21:59 IST 2026, 431 W
Sat Mar  7 17:21:59 IST 2026, 440 W
Sat Mar  7 17:21:59 IST 2026, 455 W
Sat Mar  7 17:21:59 IST 2026, 451 W
Sat Mar  7 17:21:59 IST 2026, 452 W
Sat Mar  7 17:21:59 IST 2026, 438 W
Sat Mar  7 17:22:00 IST 2026, 402 W
Sat Mar  7 17:22:00 IST 2026, 408 W
Sat Mar  7 17:22:00 IST 2026, 396 W
Sat Mar  7 17:22:00 IST 2026, 416 W
Sat Mar  7 17:22:00 IST 2026, 413 W
Sat Mar  7 17:22:00 IST 2026, 407 W
Sat Mar  7 17:22:00 IST 2026, 409 W
Sat Mar  7 17:22:00 IST 2026, 415 W
Sat Mar  7 17:22:01 IST 2026, 348 W
Sat Mar  7 17:22:01 IST 2026, 400 W
Sat Mar  7 17:22:01 IST 2026, 396 W
Sat Mar  7 17:22:01 IST 2026, 401 W
Sat Mar  7 17:22:01 IST 2026, 402 W
Sat Mar  7 17:22:01 IST 2026, 398 W
Sat Mar  7 17:22:01 IST 2026, 396 W
Sat Mar  7 17:22:01 IST 2026, 398 W
Sat Mar  7 17:22:02 IST 2026, 347 W
Sat Mar  7 17:22:02 IST 2026, 351 W
Sat Mar  7 17:22:02 IST 2026, 347 W
Sat Mar  7 17:22:02 IST 2026, 349 W
Sat Mar  7 17:22:02 IST 2026, 352 W
Sat Mar  7 17:22:02 IST 2026, 347 W
Sat Mar  7 17:22:02 IST 2026, 341 W
Sat Mar  7 17:22:02 IST 2026, 347 W
