timestamp, power.draw [W]
Wed Feb 18 18:22:12 IST 2026, 88 W
Wed Feb 18 18:22:12 IST 2026, 84 W
Wed Feb 18 18:22:12 IST 2026, 99 W
Wed Feb 18 18:22:12 IST 2026, 94 W
Wed Feb 18 18:22:12 IST 2026, 77 W
Wed Feb 18 18:22:12 IST 2026, 92 W
Wed Feb 18 18:22:12 IST 2026, 90 W
Wed Feb 18 18:22:12 IST 2026, 102 W
Wed Feb 18 18:22:13 IST 2026, 84 W
Wed Feb 18 18:22:13 IST 2026, 86 W
Wed Feb 18 18:22:13 IST 2026, 100 W
Wed Feb 18 18:22:13 IST 2026, 92 W
Wed Feb 18 18:22:13 IST 2026, 78 W
Wed Feb 18 18:22:13 IST 2026, 94 W
Wed Feb 18 18:22:13 IST 2026, 87 W
Wed Feb 18 18:22:13 IST 2026, 100 W
Wed Feb 18 18:22:14 IST 2026, 85 W
Wed Feb 18 18:22:14 IST 2026, 88 W
Wed Feb 18 18:22:14 IST 2026, 95 W
Wed Feb 18 18:22:14 IST 2026, 92 W
Wed Feb 18 18:22:14 IST 2026, 75 W
Wed Feb 18 18:22:14 IST 2026, 92 W
Wed Feb 18 18:22:14 IST 2026, 89 W
Wed Feb 18 18:22:14 IST 2026, 100 W
Wed Feb 18 18:22:15 IST 2026, 87 W
Wed Feb 18 18:22:15 IST 2026, 88 W
Wed Feb 18 18:22:15 IST 2026, 97 W
Wed Feb 18 18:22:15 IST 2026, 97 W
Wed Feb 18 18:22:15 IST 2026, 75 W
Wed Feb 18 18:22:15 IST 2026, 94 W
Wed Feb 18 18:22:15 IST 2026, 90 W
Wed Feb 18 18:22:15 IST 2026, 104 W
Wed Feb 18 18:22:16 IST 2026, 210 W
Wed Feb 18 18:22:16 IST 2026, 204 W
Wed Feb 18 18:22:16 IST 2026, 206 W
Wed Feb 18 18:22:16 IST 2026, 203 W
Wed Feb 18 18:22:16 IST 2026, 193 W
Wed Feb 18 18:22:16 IST 2026, 202 W
Wed Feb 18 18:22:16 IST 2026, 193 W
Wed Feb 18 18:22:16 IST 2026, 208 W
Wed Feb 18 18:22:17 IST 2026, 85 W
Wed Feb 18 18:22:17 IST 2026, 88 W
Wed Feb 18 18:22:17 IST 2026, 98 W
Wed Feb 18 18:22:17 IST 2026, 93 W
Wed Feb 18 18:22:17 IST 2026, 77 W
Wed Feb 18 18:22:17 IST 2026, 92 W
Wed Feb 18 18:22:17 IST 2026, 89 W
Wed Feb 18 18:22:17 IST 2026, 103 W
Wed Feb 18 18:22:18 IST 2026, 86 W
Wed Feb 18 18:22:18 IST 2026, 88 W
Wed Feb 18 18:22:18 IST 2026, 99 W
Wed Feb 18 18:22:18 IST 2026, 92 W
Wed Feb 18 18:22:18 IST 2026, 80 W
Wed Feb 18 18:22:18 IST 2026, 91 W
Wed Feb 18 18:22:18 IST 2026, 86 W
Wed Feb 18 18:22:18 IST 2026, 98 W
Wed Feb 18 18:22:19 IST 2026, 119 W
Wed Feb 18 18:22:19 IST 2026, 113 W
Wed Feb 18 18:22:19 IST 2026, 125 W
Wed Feb 18 18:22:19 IST 2026, 112 W
Wed Feb 18 18:22:19 IST 2026, 104 W
Wed Feb 18 18:22:19 IST 2026, 113 W
Wed Feb 18 18:22:19 IST 2026, 118 W
Wed Feb 18 18:22:19 IST 2026, 137 W
Wed Feb 18 18:22:20 IST 2026, 126 W
Wed Feb 18 18:22:20 IST 2026, 121 W
Wed Feb 18 18:22:20 IST 2026, 125 W
Wed Feb 18 18:22:20 IST 2026, 120 W
Wed Feb 18 18:22:20 IST 2026, 111 W
Wed Feb 18 18:22:20 IST 2026, 118 W
Wed Feb 18 18:22:20 IST 2026, 119 W
Wed Feb 18 18:22:20 IST 2026, 134 W
Wed Feb 18 18:22:21 IST 2026, 111 W
Wed Feb 18 18:22:21 IST 2026, 114 W
Wed Feb 18 18:22:21 IST 2026, 130 W
Wed Feb 18 18:22:21 IST 2026, 119 W
Wed Feb 18 18:22:21 IST 2026, 107 W
Wed Feb 18 18:22:21 IST 2026, 125 W
Wed Feb 18 18:22:21 IST 2026, 122 W
Wed Feb 18 18:22:21 IST 2026, 140 W
Wed Feb 18 18:22:22 IST 2026, 120 W
Wed Feb 18 18:22:22 IST 2026, 116 W
Wed Feb 18 18:22:22 IST 2026, 127 W
Wed Feb 18 18:22:22 IST 2026, 117 W
Wed Feb 18 18:22:22 IST 2026, 107 W
Wed Feb 18 18:22:22 IST 2026, 128 W
Wed Feb 18 18:22:22 IST 2026, 117 W
Wed Feb 18 18:22:22 IST 2026, 138 W
Wed Feb 18 18:22:23 IST 2026, 116 W
Wed Feb 18 18:22:23 IST 2026, 114 W
Wed Feb 18 18:22:23 IST 2026, 124 W
Wed Feb 18 18:22:23 IST 2026, 118 W
Wed Feb 18 18:22:23 IST 2026, 108 W
Wed Feb 18 18:22:23 IST 2026, 123 W
Wed Feb 18 18:22:23 IST 2026, 115 W
Wed Feb 18 18:22:23 IST 2026, 132 W
Wed Feb 18 18:22:24 IST 2026, 117 W
Wed Feb 18 18:22:24 IST 2026, 117 W
Wed Feb 18 18:22:24 IST 2026, 127 W
Wed Feb 18 18:22:24 IST 2026, 120 W
Wed Feb 18 18:22:24 IST 2026, 114 W
Wed Feb 18 18:22:24 IST 2026, 120 W
Wed Feb 18 18:22:24 IST 2026, 114 W
Wed Feb 18 18:22:24 IST 2026, 139 W
Wed Feb 18 18:22:25 IST 2026, 121 W
Wed Feb 18 18:22:25 IST 2026, 115 W
Wed Feb 18 18:22:25 IST 2026, 125 W
Wed Feb 18 18:22:25 IST 2026, 120 W
Wed Feb 18 18:22:25 IST 2026, 110 W
Wed Feb 18 18:22:25 IST 2026, 125 W
Wed Feb 18 18:22:25 IST 2026, 123 W
Wed Feb 18 18:22:25 IST 2026, 143 W
Wed Feb 18 18:22:26 IST 2026, 121 W
Wed Feb 18 18:22:26 IST 2026, 117 W
Wed Feb 18 18:22:26 IST 2026, 131 W
Wed Feb 18 18:22:26 IST 2026, 116 W
Wed Feb 18 18:22:26 IST 2026, 109 W
Wed Feb 18 18:22:26 IST 2026, 126 W
Wed Feb 18 18:22:26 IST 2026, 124 W
Wed Feb 18 18:22:26 IST 2026, 135 W
Wed Feb 18 18:22:27 IST 2026, 124 W
Wed Feb 18 18:22:27 IST 2026, 120 W
Wed Feb 18 18:22:27 IST 2026, 136 W
Wed Feb 18 18:22:27 IST 2026, 118 W
Wed Feb 18 18:22:27 IST 2026, 107 W
Wed Feb 18 18:22:27 IST 2026, 124 W
Wed Feb 18 18:22:27 IST 2026, 126 W
Wed Feb 18 18:22:27 IST 2026, 136 W
Wed Feb 18 18:22:28 IST 2026, 111 W
Wed Feb 18 18:22:28 IST 2026, 113 W
Wed Feb 18 18:22:28 IST 2026, 123 W
Wed Feb 18 18:22:28 IST 2026, 111 W
Wed Feb 18 18:22:28 IST 2026, 102 W
Wed Feb 18 18:22:28 IST 2026, 116 W
Wed Feb 18 18:22:28 IST 2026, 110 W
Wed Feb 18 18:22:28 IST 2026, 129 W
Wed Feb 18 18:22:29 IST 2026, 115 W
Wed Feb 18 18:22:29 IST 2026, 112 W
Wed Feb 18 18:22:29 IST 2026, 122 W
Wed Feb 18 18:22:29 IST 2026, 113 W
Wed Feb 18 18:22:29 IST 2026, 105 W
Wed Feb 18 18:22:29 IST 2026, 120 W
Wed Feb 18 18:22:29 IST 2026, 110 W
Wed Feb 18 18:22:29 IST 2026, 129 W
Wed Feb 18 18:22:30 IST 2026, 117 W
Wed Feb 18 18:22:30 IST 2026, 113 W
Wed Feb 18 18:22:30 IST 2026, 125 W
Wed Feb 18 18:22:30 IST 2026, 119 W
Wed Feb 18 18:22:30 IST 2026, 106 W
Wed Feb 18 18:22:30 IST 2026, 123 W
Wed Feb 18 18:22:30 IST 2026, 110 W
Wed Feb 18 18:22:30 IST 2026, 128 W
Wed Feb 18 18:22:31 IST 2026, 118 W
Wed Feb 18 18:22:31 IST 2026, 116 W
Wed Feb 18 18:22:31 IST 2026, 127 W
Wed Feb 18 18:22:31 IST 2026, 119 W
Wed Feb 18 18:22:31 IST 2026, 108 W
Wed Feb 18 18:22:31 IST 2026, 122 W
Wed Feb 18 18:22:31 IST 2026, 121 W
Wed Feb 18 18:22:31 IST 2026, 128 W
Wed Feb 18 18:22:32 IST 2026, 114 W
Wed Feb 18 18:22:32 IST 2026, 113 W
Wed Feb 18 18:22:32 IST 2026, 132 W
Wed Feb 18 18:22:32 IST 2026, 125 W
Wed Feb 18 18:22:32 IST 2026, 105 W
Wed Feb 18 18:22:32 IST 2026, 122 W
Wed Feb 18 18:22:32 IST 2026, 118 W
Wed Feb 18 18:22:32 IST 2026, 132 W
Wed Feb 18 18:22:33 IST 2026, 121 W
Wed Feb 18 18:22:33 IST 2026, 121 W
Wed Feb 18 18:22:33 IST 2026, 131 W
Wed Feb 18 18:22:33 IST 2026, 119 W
Wed Feb 18 18:22:33 IST 2026, 111 W
Wed Feb 18 18:22:33 IST 2026, 127 W
Wed Feb 18 18:22:33 IST 2026, 119 W
Wed Feb 18 18:22:33 IST 2026, 140 W
Wed Feb 18 18:22:34 IST 2026, 120 W
Wed Feb 18 18:22:34 IST 2026, 122 W
Wed Feb 18 18:22:34 IST 2026, 129 W
Wed Feb 18 18:22:34 IST 2026, 120 W
Wed Feb 18 18:22:34 IST 2026, 110 W
Wed Feb 18 18:22:34 IST 2026, 126 W
Wed Feb 18 18:22:34 IST 2026, 121 W
Wed Feb 18 18:22:34 IST 2026, 142 W
Wed Feb 18 18:22:35 IST 2026, 117 W
Wed Feb 18 18:22:35 IST 2026, 116 W
Wed Feb 18 18:22:35 IST 2026, 123 W
Wed Feb 18 18:22:35 IST 2026, 118 W
Wed Feb 18 18:22:35 IST 2026, 107 W
Wed Feb 18 18:22:35 IST 2026, 125 W
Wed Feb 18 18:22:35 IST 2026, 125 W
Wed Feb 18 18:22:35 IST 2026, 138 W
Wed Feb 18 18:22:36 IST 2026, 119 W
Wed Feb 18 18:22:36 IST 2026, 115 W
Wed Feb 18 18:22:36 IST 2026, 129 W
Wed Feb 18 18:22:36 IST 2026, 115 W
Wed Feb 18 18:22:36 IST 2026, 105 W
Wed Feb 18 18:22:36 IST 2026, 123 W
Wed Feb 18 18:22:36 IST 2026, 115 W
Wed Feb 18 18:22:36 IST 2026, 133 W
Wed Feb 18 18:22:37 IST 2026, 115 W
Wed Feb 18 18:22:37 IST 2026, 119 W
Wed Feb 18 18:22:37 IST 2026, 131 W
Wed Feb 18 18:22:37 IST 2026, 116 W
Wed Feb 18 18:22:37 IST 2026, 106 W
Wed Feb 18 18:22:37 IST 2026, 120 W
Wed Feb 18 18:22:37 IST 2026, 121 W
Wed Feb 18 18:22:37 IST 2026, 141 W
Wed Feb 18 18:22:38 IST 2026, 119 W
Wed Feb 18 18:22:38 IST 2026, 125 W
Wed Feb 18 18:22:38 IST 2026, 128 W
Wed Feb 18 18:22:38 IST 2026, 121 W
Wed Feb 18 18:22:38 IST 2026, 110 W
Wed Feb 18 18:22:38 IST 2026, 128 W
Wed Feb 18 18:22:38 IST 2026, 128 W
Wed Feb 18 18:22:38 IST 2026, 139 W
Wed Feb 18 18:22:39 IST 2026, 119 W
Wed Feb 18 18:22:39 IST 2026, 111 W
Wed Feb 18 18:22:39 IST 2026, 121 W
Wed Feb 18 18:22:39 IST 2026, 115 W
Wed Feb 18 18:22:39 IST 2026, 108 W
Wed Feb 18 18:22:39 IST 2026, 118 W
Wed Feb 18 18:22:39 IST 2026, 112 W
Wed Feb 18 18:22:39 IST 2026, 135 W
Wed Feb 18 18:22:40 IST 2026, 125 W
Wed Feb 18 18:22:40 IST 2026, 123 W
Wed Feb 18 18:22:40 IST 2026, 137 W
Wed Feb 18 18:22:40 IST 2026, 117 W
Wed Feb 18 18:22:40 IST 2026, 107 W
Wed Feb 18 18:22:40 IST 2026, 125 W
Wed Feb 18 18:22:40 IST 2026, 115 W
Wed Feb 18 18:22:40 IST 2026, 131 W
Wed Feb 18 18:22:41 IST 2026, 123 W
Wed Feb 18 18:22:41 IST 2026, 118 W
Wed Feb 18 18:22:41 IST 2026, 135 W
Wed Feb 18 18:22:41 IST 2026, 120 W
Wed Feb 18 18:22:41 IST 2026, 108 W
Wed Feb 18 18:22:41 IST 2026, 119 W
Wed Feb 18 18:22:41 IST 2026, 118 W
Wed Feb 18 18:22:41 IST 2026, 136 W
Wed Feb 18 18:22:42 IST 2026, 113 W
Wed Feb 18 18:22:42 IST 2026, 115 W
Wed Feb 18 18:22:42 IST 2026, 126 W
Wed Feb 18 18:22:42 IST 2026, 115 W
Wed Feb 18 18:22:42 IST 2026, 105 W
Wed Feb 18 18:22:42 IST 2026, 120 W
Wed Feb 18 18:22:42 IST 2026, 112 W
Wed Feb 18 18:22:42 IST 2026, 138 W
Wed Feb 18 18:22:43 IST 2026, 122 W
Wed Feb 18 18:22:43 IST 2026, 118 W
Wed Feb 18 18:22:43 IST 2026, 138 W
Wed Feb 18 18:22:43 IST 2026, 120 W
Wed Feb 18 18:22:43 IST 2026, 108 W
Wed Feb 18 18:22:43 IST 2026, 126 W
Wed Feb 18 18:22:43 IST 2026, 114 W
Wed Feb 18 18:22:43 IST 2026, 142 W
Wed Feb 18 18:22:44 IST 2026, 116 W
Wed Feb 18 18:22:44 IST 2026, 110 W
Wed Feb 18 18:22:44 IST 2026, 124 W
Wed Feb 18 18:22:44 IST 2026, 114 W
Wed Feb 18 18:22:44 IST 2026, 104 W
Wed Feb 18 18:22:44 IST 2026, 114 W
Wed Feb 18 18:22:44 IST 2026, 109 W
Wed Feb 18 18:22:44 IST 2026, 127 W
Wed Feb 18 18:22:45 IST 2026, 123 W
Wed Feb 18 18:22:45 IST 2026, 119 W
Wed Feb 18 18:22:45 IST 2026, 129 W
Wed Feb 18 18:22:45 IST 2026, 118 W
Wed Feb 18 18:22:45 IST 2026, 108 W
Wed Feb 18 18:22:45 IST 2026, 122 W
Wed Feb 18 18:22:45 IST 2026, 118 W
Wed Feb 18 18:22:45 IST 2026, 137 W
Wed Feb 18 18:22:46 IST 2026, 115 W
Wed Feb 18 18:22:46 IST 2026, 113 W
Wed Feb 18 18:22:46 IST 2026, 133 W
Wed Feb 18 18:22:46 IST 2026, 113 W
Wed Feb 18 18:22:46 IST 2026, 107 W
Wed Feb 18 18:22:46 IST 2026, 120 W
Wed Feb 18 18:22:46 IST 2026, 113 W
Wed Feb 18 18:22:46 IST 2026, 138 W
Wed Feb 18 18:22:47 IST 2026, 113 W
Wed Feb 18 18:22:47 IST 2026, 110 W
Wed Feb 18 18:22:47 IST 2026, 122 W
Wed Feb 18 18:22:47 IST 2026, 115 W
Wed Feb 18 18:22:47 IST 2026, 109 W
Wed Feb 18 18:22:47 IST 2026, 117 W
Wed Feb 18 18:22:47 IST 2026, 112 W
Wed Feb 18 18:22:47 IST 2026, 137 W
Wed Feb 18 18:22:48 IST 2026, 116 W
Wed Feb 18 18:22:48 IST 2026, 114 W
Wed Feb 18 18:22:48 IST 2026, 122 W
Wed Feb 18 18:22:48 IST 2026, 112 W
Wed Feb 18 18:22:48 IST 2026, 102 W
Wed Feb 18 18:22:48 IST 2026, 119 W
Wed Feb 18 18:22:48 IST 2026, 111 W
Wed Feb 18 18:22:48 IST 2026, 136 W
Wed Feb 18 18:22:49 IST 2026, 116 W
Wed Feb 18 18:22:49 IST 2026, 114 W
Wed Feb 18 18:22:49 IST 2026, 122 W
Wed Feb 18 18:22:49 IST 2026, 112 W
Wed Feb 18 18:22:49 IST 2026, 105 W
Wed Feb 18 18:22:49 IST 2026, 121 W
Wed Feb 18 18:22:49 IST 2026, 116 W
Wed Feb 18 18:22:49 IST 2026, 130 W
Wed Feb 18 18:22:50 IST 2026, 117 W
Wed Feb 18 18:22:50 IST 2026, 116 W
Wed Feb 18 18:22:50 IST 2026, 127 W
Wed Feb 18 18:22:50 IST 2026, 121 W
Wed Feb 18 18:22:50 IST 2026, 104 W
Wed Feb 18 18:22:50 IST 2026, 128 W
Wed Feb 18 18:22:50 IST 2026, 120 W
Wed Feb 18 18:22:50 IST 2026, 132 W
Wed Feb 18 18:22:51 IST 2026, 121 W
Wed Feb 18 18:22:51 IST 2026, 113 W
Wed Feb 18 18:22:51 IST 2026, 131 W
Wed Feb 18 18:22:51 IST 2026, 117 W
Wed Feb 18 18:22:51 IST 2026, 111 W
Wed Feb 18 18:22:51 IST 2026, 126 W
Wed Feb 18 18:22:51 IST 2026, 126 W
Wed Feb 18 18:22:51 IST 2026, 139 W
Wed Feb 18 18:22:52 IST 2026, 118 W
Wed Feb 18 18:22:52 IST 2026, 118 W
Wed Feb 18 18:22:52 IST 2026, 124 W
Wed Feb 18 18:22:52 IST 2026, 119 W
Wed Feb 18 18:22:52 IST 2026, 105 W
Wed Feb 18 18:22:52 IST 2026, 126 W
Wed Feb 18 18:22:52 IST 2026, 122 W
Wed Feb 18 18:22:52 IST 2026, 134 W
Wed Feb 18 18:22:53 IST 2026, 121 W
Wed Feb 18 18:22:53 IST 2026, 115 W
Wed Feb 18 18:22:53 IST 2026, 128 W
Wed Feb 18 18:22:53 IST 2026, 118 W
Wed Feb 18 18:22:53 IST 2026, 105 W
Wed Feb 18 18:22:53 IST 2026, 122 W
Wed Feb 18 18:22:53 IST 2026, 116 W
Wed Feb 18 18:22:53 IST 2026, 135 W
Wed Feb 18 18:22:54 IST 2026, 116 W
Wed Feb 18 18:22:54 IST 2026, 119 W
Wed Feb 18 18:22:54 IST 2026, 133 W
Wed Feb 18 18:22:54 IST 2026, 121 W
Wed Feb 18 18:22:54 IST 2026, 112 W
Wed Feb 18 18:22:54 IST 2026, 126 W
Wed Feb 18 18:22:54 IST 2026, 124 W
Wed Feb 18 18:22:54 IST 2026, 146 W
Wed Feb 18 18:22:55 IST 2026, 117 W
Wed Feb 18 18:22:55 IST 2026, 115 W
Wed Feb 18 18:22:55 IST 2026, 136 W
Wed Feb 18 18:22:55 IST 2026, 120 W
Wed Feb 18 18:22:55 IST 2026, 108 W
Wed Feb 18 18:22:55 IST 2026, 125 W
Wed Feb 18 18:22:55 IST 2026, 127 W
Wed Feb 18 18:22:55 IST 2026, 133 W
Wed Feb 18 18:22:56 IST 2026, 115 W
Wed Feb 18 18:22:56 IST 2026, 113 W
Wed Feb 18 18:22:56 IST 2026, 128 W
Wed Feb 18 18:22:56 IST 2026, 118 W
Wed Feb 18 18:22:56 IST 2026, 105 W
Wed Feb 18 18:22:56 IST 2026, 123 W
Wed Feb 18 18:22:56 IST 2026, 118 W
Wed Feb 18 18:22:56 IST 2026, 137 W
Wed Feb 18 18:22:57 IST 2026, 121 W
Wed Feb 18 18:22:57 IST 2026, 121 W
Wed Feb 18 18:22:57 IST 2026, 135 W
Wed Feb 18 18:22:57 IST 2026, 120 W
Wed Feb 18 18:22:57 IST 2026, 109 W
Wed Feb 18 18:22:57 IST 2026, 127 W
Wed Feb 18 18:22:57 IST 2026, 119 W
Wed Feb 18 18:22:57 IST 2026, 146 W
Wed Feb 18 18:22:58 IST 2026, 109 W
Wed Feb 18 18:22:58 IST 2026, 116 W
Wed Feb 18 18:22:58 IST 2026, 127 W
Wed Feb 18 18:22:58 IST 2026, 121 W
Wed Feb 18 18:22:58 IST 2026, 109 W
Wed Feb 18 18:22:58 IST 2026, 123 W
Wed Feb 18 18:22:58 IST 2026, 114 W
Wed Feb 18 18:22:58 IST 2026, 133 W
Wed Feb 18 18:22:59 IST 2026, 115 W
Wed Feb 18 18:22:59 IST 2026, 115 W
Wed Feb 18 18:22:59 IST 2026, 125 W
Wed Feb 18 18:22:59 IST 2026, 120 W
Wed Feb 18 18:22:59 IST 2026, 105 W
Wed Feb 18 18:22:59 IST 2026, 121 W
Wed Feb 18 18:22:59 IST 2026, 122 W
Wed Feb 18 18:22:59 IST 2026, 138 W
Wed Feb 18 18:23:00 IST 2026, 117 W
Wed Feb 18 18:23:00 IST 2026, 116 W
Wed Feb 18 18:23:00 IST 2026, 128 W
Wed Feb 18 18:23:00 IST 2026, 114 W
Wed Feb 18 18:23:00 IST 2026, 107 W
Wed Feb 18 18:23:00 IST 2026, 121 W
Wed Feb 18 18:23:00 IST 2026, 118 W
Wed Feb 18 18:23:00 IST 2026, 135 W
Wed Feb 18 18:23:01 IST 2026, 117 W
Wed Feb 18 18:23:01 IST 2026, 120 W
Wed Feb 18 18:23:01 IST 2026, 142 W
Wed Feb 18 18:23:01 IST 2026, 118 W
Wed Feb 18 18:23:01 IST 2026, 113 W
Wed Feb 18 18:23:01 IST 2026, 130 W
Wed Feb 18 18:23:01 IST 2026, 124 W
Wed Feb 18 18:23:01 IST 2026, 140 W
Wed Feb 18 18:23:02 IST 2026, 118 W
Wed Feb 18 18:23:02 IST 2026, 120 W
Wed Feb 18 18:23:02 IST 2026, 135 W
Wed Feb 18 18:23:02 IST 2026, 122 W
Wed Feb 18 18:23:02 IST 2026, 108 W
Wed Feb 18 18:23:02 IST 2026, 124 W
Wed Feb 18 18:23:02 IST 2026, 127 W
Wed Feb 18 18:23:02 IST 2026, 132 W
Wed Feb 18 18:23:03 IST 2026, 123 W
Wed Feb 18 18:23:03 IST 2026, 121 W
Wed Feb 18 18:23:03 IST 2026, 135 W
Wed Feb 18 18:23:03 IST 2026, 120 W
Wed Feb 18 18:23:03 IST 2026, 112 W
Wed Feb 18 18:23:03 IST 2026, 129 W
Wed Feb 18 18:23:03 IST 2026, 129 W
Wed Feb 18 18:23:03 IST 2026, 144 W
Wed Feb 18 18:23:04 IST 2026, 117 W
Wed Feb 18 18:23:04 IST 2026, 118 W
Wed Feb 18 18:23:04 IST 2026, 138 W
Wed Feb 18 18:23:04 IST 2026, 119 W
Wed Feb 18 18:23:04 IST 2026, 108 W
Wed Feb 18 18:23:04 IST 2026, 127 W
Wed Feb 18 18:23:04 IST 2026, 128 W
Wed Feb 18 18:23:04 IST 2026, 144 W
Wed Feb 18 18:23:05 IST 2026, 119 W
Wed Feb 18 18:23:05 IST 2026, 123 W
Wed Feb 18 18:23:05 IST 2026, 134 W
Wed Feb 18 18:23:05 IST 2026, 122 W
Wed Feb 18 18:23:05 IST 2026, 113 W
Wed Feb 18 18:23:05 IST 2026, 127 W
Wed Feb 18 18:23:05 IST 2026, 130 W
Wed Feb 18 18:23:05 IST 2026, 137 W
Wed Feb 18 18:23:06 IST 2026, 116 W
Wed Feb 18 18:23:06 IST 2026, 122 W
Wed Feb 18 18:23:06 IST 2026, 134 W
Wed Feb 18 18:23:06 IST 2026, 124 W
Wed Feb 18 18:23:06 IST 2026, 110 W
Wed Feb 18 18:23:06 IST 2026, 126 W
Wed Feb 18 18:23:06 IST 2026, 126 W
Wed Feb 18 18:23:06 IST 2026, 140 W
Wed Feb 18 18:23:07 IST 2026, 116 W
Wed Feb 18 18:23:07 IST 2026, 125 W
Wed Feb 18 18:23:07 IST 2026, 137 W
Wed Feb 18 18:23:07 IST 2026, 126 W
Wed Feb 18 18:23:07 IST 2026, 113 W
Wed Feb 18 18:23:07 IST 2026, 127 W
Wed Feb 18 18:23:07 IST 2026, 129 W
Wed Feb 18 18:23:07 IST 2026, 134 W
Wed Feb 18 18:23:08 IST 2026, 114 W
Wed Feb 18 18:23:08 IST 2026, 117 W
Wed Feb 18 18:23:08 IST 2026, 135 W
Wed Feb 18 18:23:08 IST 2026, 118 W
Wed Feb 18 18:23:08 IST 2026, 108 W
Wed Feb 18 18:23:08 IST 2026, 121 W
Wed Feb 18 18:23:08 IST 2026, 127 W
Wed Feb 18 18:23:08 IST 2026, 142 W
Wed Feb 18 18:23:09 IST 2026, 124 W
Wed Feb 18 18:23:09 IST 2026, 124 W
Wed Feb 18 18:23:09 IST 2026, 136 W
Wed Feb 18 18:23:09 IST 2026, 124 W
Wed Feb 18 18:23:09 IST 2026, 109 W
Wed Feb 18 18:23:09 IST 2026, 131 W
Wed Feb 18 18:23:09 IST 2026, 129 W
Wed Feb 18 18:23:09 IST 2026, 151 W
Wed Feb 18 18:23:10 IST 2026, 111 W
Wed Feb 18 18:23:10 IST 2026, 115 W
Wed Feb 18 18:23:10 IST 2026, 130 W
Wed Feb 18 18:23:10 IST 2026, 112 W
Wed Feb 18 18:23:10 IST 2026, 104 W
Wed Feb 18 18:23:10 IST 2026, 124 W
Wed Feb 18 18:23:10 IST 2026, 119 W
Wed Feb 18 18:23:10 IST 2026, 134 W
Wed Feb 18 18:23:11 IST 2026, 115 W
Wed Feb 18 18:23:11 IST 2026, 119 W
Wed Feb 18 18:23:11 IST 2026, 129 W
Wed Feb 18 18:23:11 IST 2026, 119 W
Wed Feb 18 18:23:11 IST 2026, 109 W
Wed Feb 18 18:23:11 IST 2026, 120 W
Wed Feb 18 18:23:11 IST 2026, 120 W
Wed Feb 18 18:23:11 IST 2026, 140 W
Wed Feb 18 18:23:12 IST 2026, 114 W
Wed Feb 18 18:23:12 IST 2026, 119 W
Wed Feb 18 18:23:12 IST 2026, 130 W
Wed Feb 18 18:23:12 IST 2026, 118 W
Wed Feb 18 18:23:12 IST 2026, 111 W
Wed Feb 18 18:23:12 IST 2026, 125 W
Wed Feb 18 18:23:12 IST 2026, 122 W
Wed Feb 18 18:23:12 IST 2026, 140 W
Wed Feb 18 18:23:13 IST 2026, 115 W
Wed Feb 18 18:23:13 IST 2026, 121 W
Wed Feb 18 18:23:13 IST 2026, 134 W
Wed Feb 18 18:23:13 IST 2026, 118 W
Wed Feb 18 18:23:13 IST 2026, 110 W
Wed Feb 18 18:23:13 IST 2026, 126 W
Wed Feb 18 18:23:13 IST 2026, 126 W
Wed Feb 18 18:23:13 IST 2026, 140 W
Wed Feb 18 18:23:14 IST 2026, 123 W
Wed Feb 18 18:23:14 IST 2026, 125 W
Wed Feb 18 18:23:14 IST 2026, 134 W
Wed Feb 18 18:23:14 IST 2026, 123 W
Wed Feb 18 18:23:14 IST 2026, 114 W
Wed Feb 18 18:23:14 IST 2026, 126 W
Wed Feb 18 18:23:14 IST 2026, 123 W
Wed Feb 18 18:23:14 IST 2026, 143 W
Wed Feb 18 18:23:15 IST 2026, 119 W
Wed Feb 18 18:23:15 IST 2026, 114 W
Wed Feb 18 18:23:15 IST 2026, 127 W
Wed Feb 18 18:23:15 IST 2026, 112 W
Wed Feb 18 18:23:15 IST 2026, 105 W
Wed Feb 18 18:23:15 IST 2026, 118 W
Wed Feb 18 18:23:15 IST 2026, 109 W
Wed Feb 18 18:23:15 IST 2026, 138 W
Wed Feb 18 18:23:16 IST 2026, 111 W
Wed Feb 18 18:23:16 IST 2026, 117 W
Wed Feb 18 18:23:16 IST 2026, 129 W
Wed Feb 18 18:23:16 IST 2026, 111 W
Wed Feb 18 18:23:16 IST 2026, 102 W
Wed Feb 18 18:23:16 IST 2026, 118 W
Wed Feb 18 18:23:16 IST 2026, 119 W
Wed Feb 18 18:23:16 IST 2026, 137 W
Wed Feb 18 18:23:17 IST 2026, 121 W
Wed Feb 18 18:23:17 IST 2026, 115 W
Wed Feb 18 18:23:17 IST 2026, 139 W
Wed Feb 18 18:23:17 IST 2026, 117 W
Wed Feb 18 18:23:17 IST 2026, 101 W
Wed Feb 18 18:23:17 IST 2026, 125 W
Wed Feb 18 18:23:17 IST 2026, 120 W
Wed Feb 18 18:23:17 IST 2026, 141 W
Wed Feb 18 18:23:18 IST 2026, 114 W
Wed Feb 18 18:23:18 IST 2026, 113 W
Wed Feb 18 18:23:18 IST 2026, 135 W
Wed Feb 18 18:23:18 IST 2026, 116 W
Wed Feb 18 18:23:18 IST 2026, 113 W
Wed Feb 18 18:23:18 IST 2026, 121 W
Wed Feb 18 18:23:18 IST 2026, 125 W
Wed Feb 18 18:23:18 IST 2026, 139 W
Wed Feb 18 18:23:19 IST 2026, 122 W
Wed Feb 18 18:23:19 IST 2026, 120 W
Wed Feb 18 18:23:19 IST 2026, 136 W
Wed Feb 18 18:23:19 IST 2026, 120 W
Wed Feb 18 18:23:19 IST 2026, 107 W
Wed Feb 18 18:23:19 IST 2026, 128 W
Wed Feb 18 18:23:19 IST 2026, 126 W
Wed Feb 18 18:23:19 IST 2026, 132 W
Wed Feb 18 18:23:20 IST 2026, 127 W
Wed Feb 18 18:23:20 IST 2026, 121 W
Wed Feb 18 18:23:20 IST 2026, 139 W
Wed Feb 18 18:23:20 IST 2026, 121 W
Wed Feb 18 18:23:20 IST 2026, 113 W
Wed Feb 18 18:23:20 IST 2026, 129 W
Wed Feb 18 18:23:20 IST 2026, 126 W
Wed Feb 18 18:23:20 IST 2026, 133 W
Wed Feb 18 18:23:21 IST 2026, 130 W
Wed Feb 18 18:23:21 IST 2026, 121 W
Wed Feb 18 18:23:21 IST 2026, 139 W
Wed Feb 18 18:23:21 IST 2026, 119 W
Wed Feb 18 18:23:21 IST 2026, 110 W
Wed Feb 18 18:23:21 IST 2026, 131 W
Wed Feb 18 18:23:21 IST 2026, 125 W
Wed Feb 18 18:23:21 IST 2026, 141 W
Wed Feb 18 18:23:22 IST 2026, 129 W
Wed Feb 18 18:23:22 IST 2026, 127 W
Wed Feb 18 18:23:22 IST 2026, 120 W
Wed Feb 18 18:23:22 IST 2026, 123 W
Wed Feb 18 18:23:22 IST 2026, 113 W
Wed Feb 18 18:23:22 IST 2026, 127 W
Wed Feb 18 18:23:22 IST 2026, 130 W
Wed Feb 18 18:23:22 IST 2026, 147 W
Wed Feb 18 18:23:23 IST 2026, 120 W
Wed Feb 18 18:23:23 IST 2026, 118 W
Wed Feb 18 18:23:23 IST 2026, 134 W
Wed Feb 18 18:23:23 IST 2026, 119 W
Wed Feb 18 18:23:23 IST 2026, 111 W
Wed Feb 18 18:23:23 IST 2026, 116 W
Wed Feb 18 18:23:23 IST 2026, 121 W
Wed Feb 18 18:23:23 IST 2026, 133 W
Wed Feb 18 18:23:24 IST 2026, 123 W
Wed Feb 18 18:23:24 IST 2026, 123 W
Wed Feb 18 18:23:24 IST 2026, 130 W
Wed Feb 18 18:23:24 IST 2026, 119 W
Wed Feb 18 18:23:24 IST 2026, 107 W
Wed Feb 18 18:23:24 IST 2026, 121 W
Wed Feb 18 18:23:24 IST 2026, 125 W
Wed Feb 18 18:23:24 IST 2026, 139 W
Wed Feb 18 18:23:25 IST 2026, 113 W
Wed Feb 18 18:23:25 IST 2026, 111 W
Wed Feb 18 18:23:25 IST 2026, 126 W
Wed Feb 18 18:23:25 IST 2026, 115 W
Wed Feb 18 18:23:25 IST 2026, 102 W
Wed Feb 18 18:23:25 IST 2026, 117 W
Wed Feb 18 18:23:25 IST 2026, 116 W
Wed Feb 18 18:23:25 IST 2026, 141 W
Wed Feb 18 18:23:26 IST 2026, 122 W
Wed Feb 18 18:23:26 IST 2026, 117 W
Wed Feb 18 18:23:26 IST 2026, 132 W
Wed Feb 18 18:23:26 IST 2026, 119 W
Wed Feb 18 18:23:26 IST 2026, 110 W
Wed Feb 18 18:23:26 IST 2026, 121 W
Wed Feb 18 18:23:26 IST 2026, 125 W
Wed Feb 18 18:23:26 IST 2026, 135 W
Wed Feb 18 18:23:27 IST 2026, 119 W
Wed Feb 18 18:23:27 IST 2026, 113 W
Wed Feb 18 18:23:27 IST 2026, 129 W
Wed Feb 18 18:23:27 IST 2026, 115 W
Wed Feb 18 18:23:27 IST 2026, 99 W
Wed Feb 18 18:23:27 IST 2026, 120 W
Wed Feb 18 18:23:27 IST 2026, 115 W
Wed Feb 18 18:23:27 IST 2026, 133 W
Wed Feb 18 18:23:28 IST 2026, 128 W
Wed Feb 18 18:23:28 IST 2026, 118 W
Wed Feb 18 18:23:28 IST 2026, 141 W
Wed Feb 18 18:23:28 IST 2026, 120 W
Wed Feb 18 18:23:28 IST 2026, 110 W
Wed Feb 18 18:23:28 IST 2026, 128 W
Wed Feb 18 18:23:28 IST 2026, 128 W
Wed Feb 18 18:23:28 IST 2026, 135 W
Wed Feb 18 18:23:29 IST 2026, 120 W
Wed Feb 18 18:23:29 IST 2026, 114 W
Wed Feb 18 18:23:29 IST 2026, 123 W
Wed Feb 18 18:23:29 IST 2026, 116 W
Wed Feb 18 18:23:29 IST 2026, 104 W
Wed Feb 18 18:23:29 IST 2026, 118 W
Wed Feb 18 18:23:29 IST 2026, 113 W
Wed Feb 18 18:23:29 IST 2026, 137 W
Wed Feb 18 18:23:30 IST 2026, 119 W
Wed Feb 18 18:23:30 IST 2026, 116 W
Wed Feb 18 18:23:30 IST 2026, 135 W
Wed Feb 18 18:23:30 IST 2026, 118 W
Wed Feb 18 18:23:30 IST 2026, 111 W
Wed Feb 18 18:23:30 IST 2026, 122 W
Wed Feb 18 18:23:30 IST 2026, 111 W
Wed Feb 18 18:23:30 IST 2026, 139 W
Wed Feb 18 18:23:31 IST 2026, 126 W
Wed Feb 18 18:23:31 IST 2026, 123 W
Wed Feb 18 18:23:31 IST 2026, 131 W
Wed Feb 18 18:23:31 IST 2026, 122 W
Wed Feb 18 18:23:31 IST 2026, 103 W
Wed Feb 18 18:23:31 IST 2026, 127 W
Wed Feb 18 18:23:31 IST 2026, 125 W
Wed Feb 18 18:23:31 IST 2026, 134 W
Wed Feb 18 18:23:32 IST 2026, 113 W
Wed Feb 18 18:23:32 IST 2026, 117 W
Wed Feb 18 18:23:32 IST 2026, 132 W
Wed Feb 18 18:23:32 IST 2026, 119 W
Wed Feb 18 18:23:32 IST 2026, 107 W
Wed Feb 18 18:23:32 IST 2026, 126 W
Wed Feb 18 18:23:32 IST 2026, 120 W
Wed Feb 18 18:23:32 IST 2026, 141 W
Wed Feb 18 18:23:33 IST 2026, 124 W
Wed Feb 18 18:23:33 IST 2026, 121 W
Wed Feb 18 18:23:33 IST 2026, 132 W
Wed Feb 18 18:23:33 IST 2026, 120 W
Wed Feb 18 18:23:33 IST 2026, 110 W
Wed Feb 18 18:23:33 IST 2026, 126 W
Wed Feb 18 18:23:33 IST 2026, 122 W
Wed Feb 18 18:23:33 IST 2026, 132 W
Wed Feb 18 18:23:34 IST 2026, 114 W
Wed Feb 18 18:23:34 IST 2026, 114 W
Wed Feb 18 18:23:34 IST 2026, 128 W
Wed Feb 18 18:23:34 IST 2026, 119 W
Wed Feb 18 18:23:34 IST 2026, 104 W
Wed Feb 18 18:23:34 IST 2026, 122 W
Wed Feb 18 18:23:34 IST 2026, 121 W
Wed Feb 18 18:23:34 IST 2026, 134 W
Wed Feb 18 18:23:35 IST 2026, 118 W
Wed Feb 18 18:23:35 IST 2026, 117 W
Wed Feb 18 18:23:35 IST 2026, 132 W
Wed Feb 18 18:23:35 IST 2026, 118 W
Wed Feb 18 18:23:35 IST 2026, 106 W
Wed Feb 18 18:23:35 IST 2026, 127 W
Wed Feb 18 18:23:35 IST 2026, 126 W
Wed Feb 18 18:23:35 IST 2026, 134 W
Wed Feb 18 18:23:36 IST 2026, 126 W
Wed Feb 18 18:23:36 IST 2026, 128 W
Wed Feb 18 18:23:36 IST 2026, 136 W
Wed Feb 18 18:23:36 IST 2026, 124 W
Wed Feb 18 18:23:36 IST 2026, 113 W
Wed Feb 18 18:23:36 IST 2026, 131 W
Wed Feb 18 18:23:36 IST 2026, 127 W
Wed Feb 18 18:23:36 IST 2026, 138 W
Wed Feb 18 18:23:37 IST 2026, 123 W
Wed Feb 18 18:23:37 IST 2026, 116 W
Wed Feb 18 18:23:37 IST 2026, 133 W
Wed Feb 18 18:23:37 IST 2026, 119 W
Wed Feb 18 18:23:37 IST 2026, 115 W
Wed Feb 18 18:23:37 IST 2026, 128 W
Wed Feb 18 18:23:37 IST 2026, 129 W
Wed Feb 18 18:23:37 IST 2026, 142 W
Wed Feb 18 18:23:38 IST 2026, 123 W
Wed Feb 18 18:23:38 IST 2026, 119 W
Wed Feb 18 18:23:38 IST 2026, 142 W
Wed Feb 18 18:23:38 IST 2026, 124 W
Wed Feb 18 18:23:38 IST 2026, 117 W
Wed Feb 18 18:23:38 IST 2026, 129 W
Wed Feb 18 18:23:38 IST 2026, 133 W
Wed Feb 18 18:23:38 IST 2026, 148 W
Wed Feb 18 18:23:39 IST 2026, 122 W
Wed Feb 18 18:23:39 IST 2026, 121 W
Wed Feb 18 18:23:39 IST 2026, 133 W
Wed Feb 18 18:23:39 IST 2026, 124 W
Wed Feb 18 18:23:39 IST 2026, 111 W
Wed Feb 18 18:23:39 IST 2026, 128 W
Wed Feb 18 18:23:39 IST 2026, 128 W
Wed Feb 18 18:23:39 IST 2026, 146 W
Wed Feb 18 18:23:40 IST 2026, 121 W
Wed Feb 18 18:23:40 IST 2026, 122 W
Wed Feb 18 18:23:40 IST 2026, 130 W
Wed Feb 18 18:23:40 IST 2026, 125 W
Wed Feb 18 18:23:40 IST 2026, 110 W
Wed Feb 18 18:23:40 IST 2026, 131 W
Wed Feb 18 18:23:40 IST 2026, 128 W
Wed Feb 18 18:23:40 IST 2026, 146 W
Wed Feb 18 18:23:41 IST 2026, 116 W
Wed Feb 18 18:23:41 IST 2026, 119 W
Wed Feb 18 18:23:41 IST 2026, 131 W
Wed Feb 18 18:23:41 IST 2026, 118 W
Wed Feb 18 18:23:41 IST 2026, 112 W
Wed Feb 18 18:23:41 IST 2026, 123 W
Wed Feb 18 18:23:41 IST 2026, 127 W
Wed Feb 18 18:23:41 IST 2026, 136 W
Wed Feb 18 18:23:42 IST 2026, 130 W
Wed Feb 18 18:23:42 IST 2026, 124 W
Wed Feb 18 18:23:42 IST 2026, 138 W
Wed Feb 18 18:23:42 IST 2026, 122 W
Wed Feb 18 18:23:42 IST 2026, 117 W
Wed Feb 18 18:23:42 IST 2026, 130 W
Wed Feb 18 18:23:42 IST 2026, 132 W
Wed Feb 18 18:23:42 IST 2026, 139 W
Wed Feb 18 18:23:43 IST 2026, 120 W
Wed Feb 18 18:23:43 IST 2026, 119 W
Wed Feb 18 18:23:43 IST 2026, 134 W
Wed Feb 18 18:23:43 IST 2026, 123 W
Wed Feb 18 18:23:43 IST 2026, 112 W
Wed Feb 18 18:23:43 IST 2026, 127 W
Wed Feb 18 18:23:43 IST 2026, 123 W
Wed Feb 18 18:23:43 IST 2026, 145 W
Wed Feb 18 18:23:44 IST 2026, 117 W
Wed Feb 18 18:23:44 IST 2026, 116 W
Wed Feb 18 18:23:44 IST 2026, 126 W
Wed Feb 18 18:23:44 IST 2026, 117 W
Wed Feb 18 18:23:44 IST 2026, 106 W
Wed Feb 18 18:23:44 IST 2026, 127 W
Wed Feb 18 18:23:44 IST 2026, 127 W
Wed Feb 18 18:23:44 IST 2026, 133 W
Wed Feb 18 18:23:45 IST 2026, 120 W
Wed Feb 18 18:23:45 IST 2026, 125 W
Wed Feb 18 18:23:45 IST 2026, 128 W
Wed Feb 18 18:23:45 IST 2026, 119 W
Wed Feb 18 18:23:45 IST 2026, 109 W
Wed Feb 18 18:23:45 IST 2026, 123 W
Wed Feb 18 18:23:45 IST 2026, 131 W
Wed Feb 18 18:23:45 IST 2026, 142 W
Wed Feb 18 18:23:46 IST 2026, 121 W
Wed Feb 18 18:23:46 IST 2026, 121 W
Wed Feb 18 18:23:46 IST 2026, 129 W
Wed Feb 18 18:23:46 IST 2026, 123 W
Wed Feb 18 18:23:46 IST 2026, 112 W
Wed Feb 18 18:23:46 IST 2026, 124 W
Wed Feb 18 18:23:46 IST 2026, 128 W
Wed Feb 18 18:23:46 IST 2026, 143 W
Wed Feb 18 18:23:47 IST 2026, 116 W
Wed Feb 18 18:23:47 IST 2026, 116 W
Wed Feb 18 18:23:47 IST 2026, 134 W
Wed Feb 18 18:23:47 IST 2026, 119 W
Wed Feb 18 18:23:47 IST 2026, 108 W
Wed Feb 18 18:23:47 IST 2026, 127 W
Wed Feb 18 18:23:47 IST 2026, 123 W
Wed Feb 18 18:23:47 IST 2026, 143 W
Wed Feb 18 18:23:48 IST 2026, 118 W
Wed Feb 18 18:23:48 IST 2026, 115 W
Wed Feb 18 18:23:48 IST 2026, 123 W
Wed Feb 18 18:23:48 IST 2026, 117 W
Wed Feb 18 18:23:48 IST 2026, 105 W
Wed Feb 18 18:23:48 IST 2026, 124 W
Wed Feb 18 18:23:48 IST 2026, 126 W
Wed Feb 18 18:23:48 IST 2026, 142 W
Wed Feb 18 18:23:49 IST 2026, 127 W
Wed Feb 18 18:23:49 IST 2026, 122 W
Wed Feb 18 18:23:49 IST 2026, 127 W
Wed Feb 18 18:23:49 IST 2026, 125 W
Wed Feb 18 18:23:49 IST 2026, 107 W
Wed Feb 18 18:23:49 IST 2026, 131 W
Wed Feb 18 18:23:49 IST 2026, 129 W
Wed Feb 18 18:23:49 IST 2026, 139 W
Wed Feb 18 18:23:50 IST 2026, 125 W
Wed Feb 18 18:23:50 IST 2026, 120 W
Wed Feb 18 18:23:50 IST 2026, 131 W
Wed Feb 18 18:23:50 IST 2026, 124 W
Wed Feb 18 18:23:50 IST 2026, 109 W
Wed Feb 18 18:23:50 IST 2026, 128 W
Wed Feb 18 18:23:50 IST 2026, 127 W
Wed Feb 18 18:23:50 IST 2026, 148 W
Wed Feb 18 18:23:51 IST 2026, 123 W
Wed Feb 18 18:23:51 IST 2026, 122 W
Wed Feb 18 18:23:51 IST 2026, 134 W
Wed Feb 18 18:23:51 IST 2026, 121 W
Wed Feb 18 18:23:51 IST 2026, 116 W
Wed Feb 18 18:23:51 IST 2026, 125 W
Wed Feb 18 18:23:51 IST 2026, 128 W
Wed Feb 18 18:23:51 IST 2026, 141 W
Wed Feb 18 18:23:52 IST 2026, 124 W
Wed Feb 18 18:23:52 IST 2026, 116 W
Wed Feb 18 18:23:52 IST 2026, 129 W
Wed Feb 18 18:23:52 IST 2026, 121 W
Wed Feb 18 18:23:52 IST 2026, 108 W
Wed Feb 18 18:23:52 IST 2026, 125 W
Wed Feb 18 18:23:52 IST 2026, 124 W
Wed Feb 18 18:23:52 IST 2026, 141 W
Wed Feb 18 18:23:53 IST 2026, 119 W
Wed Feb 18 18:23:53 IST 2026, 117 W
Wed Feb 18 18:23:53 IST 2026, 118 W
Wed Feb 18 18:23:53 IST 2026, 119 W
Wed Feb 18 18:23:53 IST 2026, 107 W
Wed Feb 18 18:23:53 IST 2026, 128 W
Wed Feb 18 18:23:53 IST 2026, 126 W
Wed Feb 18 18:23:53 IST 2026, 135 W
Wed Feb 18 18:23:54 IST 2026, 125 W
Wed Feb 18 18:23:54 IST 2026, 118 W
Wed Feb 18 18:23:54 IST 2026, 136 W
Wed Feb 18 18:23:54 IST 2026, 122 W
Wed Feb 18 18:23:54 IST 2026, 107 W
Wed Feb 18 18:23:54 IST 2026, 118 W
Wed Feb 18 18:23:54 IST 2026, 122 W
Wed Feb 18 18:23:54 IST 2026, 136 W
Wed Feb 18 18:23:55 IST 2026, 123 W
Wed Feb 18 18:23:55 IST 2026, 117 W
Wed Feb 18 18:23:55 IST 2026, 129 W
Wed Feb 18 18:23:55 IST 2026, 118 W
Wed Feb 18 18:23:55 IST 2026, 110 W
Wed Feb 18 18:23:55 IST 2026, 117 W
Wed Feb 18 18:23:55 IST 2026, 124 W
Wed Feb 18 18:23:55 IST 2026, 142 W
Wed Feb 18 18:23:56 IST 2026, 121 W
Wed Feb 18 18:23:56 IST 2026, 118 W
Wed Feb 18 18:23:56 IST 2026, 133 W
Wed Feb 18 18:23:56 IST 2026, 132 W
Wed Feb 18 18:23:56 IST 2026, 110 W
Wed Feb 18 18:23:56 IST 2026, 125 W
Wed Feb 18 18:23:56 IST 2026, 126 W
Wed Feb 18 18:23:56 IST 2026, 143 W
Wed Feb 18 18:23:57 IST 2026, 122 W
Wed Feb 18 18:23:57 IST 2026, 116 W
Wed Feb 18 18:23:57 IST 2026, 134 W
Wed Feb 18 18:23:57 IST 2026, 118 W
Wed Feb 18 18:23:57 IST 2026, 110 W
Wed Feb 18 18:23:57 IST 2026, 122 W
Wed Feb 18 18:23:57 IST 2026, 117 W
Wed Feb 18 18:23:57 IST 2026, 143 W
Wed Feb 18 18:23:58 IST 2026, 126 W
Wed Feb 18 18:23:58 IST 2026, 118 W
Wed Feb 18 18:23:58 IST 2026, 133 W
Wed Feb 18 18:23:58 IST 2026, 122 W
Wed Feb 18 18:23:58 IST 2026, 109 W
Wed Feb 18 18:23:58 IST 2026, 127 W
Wed Feb 18 18:23:58 IST 2026, 123 W
Wed Feb 18 18:23:58 IST 2026, 137 W
Wed Feb 18 18:23:59 IST 2026, 129 W
Wed Feb 18 18:23:59 IST 2026, 124 W
Wed Feb 18 18:23:59 IST 2026, 135 W
Wed Feb 18 18:23:59 IST 2026, 123 W
Wed Feb 18 18:23:59 IST 2026, 114 W
Wed Feb 18 18:23:59 IST 2026, 127 W
Wed Feb 18 18:23:59 IST 2026, 128 W
Wed Feb 18 18:23:59 IST 2026, 142 W
Wed Feb 18 18:24:00 IST 2026, 123 W
Wed Feb 18 18:24:00 IST 2026, 117 W
Wed Feb 18 18:24:00 IST 2026, 130 W
Wed Feb 18 18:24:00 IST 2026, 119 W
Wed Feb 18 18:24:00 IST 2026, 115 W
Wed Feb 18 18:24:00 IST 2026, 127 W
Wed Feb 18 18:24:00 IST 2026, 127 W
Wed Feb 18 18:24:00 IST 2026, 146 W
Wed Feb 18 18:24:01 IST 2026, 118 W
Wed Feb 18 18:24:01 IST 2026, 114 W
Wed Feb 18 18:24:01 IST 2026, 125 W
Wed Feb 18 18:24:01 IST 2026, 112 W
Wed Feb 18 18:24:01 IST 2026, 101 W
Wed Feb 18 18:24:01 IST 2026, 120 W
Wed Feb 18 18:24:01 IST 2026, 110 W
Wed Feb 18 18:24:01 IST 2026, 133 W
Wed Feb 18 18:24:02 IST 2026, 116 W
Wed Feb 18 18:24:02 IST 2026, 110 W
Wed Feb 18 18:24:02 IST 2026, 136 W
Wed Feb 18 18:24:02 IST 2026, 123 W
Wed Feb 18 18:24:02 IST 2026, 105 W
Wed Feb 18 18:24:02 IST 2026, 123 W
Wed Feb 18 18:24:02 IST 2026, 120 W
Wed Feb 18 18:24:02 IST 2026, 138 W
Wed Feb 18 18:24:03 IST 2026, 123 W
Wed Feb 18 18:24:03 IST 2026, 125 W
Wed Feb 18 18:24:03 IST 2026, 132 W
Wed Feb 18 18:24:03 IST 2026, 122 W
Wed Feb 18 18:24:03 IST 2026, 109 W
Wed Feb 18 18:24:03 IST 2026, 120 W
Wed Feb 18 18:24:03 IST 2026, 124 W
Wed Feb 18 18:24:03 IST 2026, 136 W
Wed Feb 18 18:24:04 IST 2026, 124 W
Wed Feb 18 18:24:04 IST 2026, 112 W
Wed Feb 18 18:24:04 IST 2026, 134 W
Wed Feb 18 18:24:04 IST 2026, 118 W
Wed Feb 18 18:24:04 IST 2026, 106 W
Wed Feb 18 18:24:04 IST 2026, 125 W
Wed Feb 18 18:24:04 IST 2026, 128 W
Wed Feb 18 18:24:04 IST 2026, 143 W
Wed Feb 18 18:24:05 IST 2026, 121 W
Wed Feb 18 18:24:05 IST 2026, 118 W
Wed Feb 18 18:24:05 IST 2026, 136 W
Wed Feb 18 18:24:05 IST 2026, 124 W
Wed Feb 18 18:24:05 IST 2026, 106 W
Wed Feb 18 18:24:05 IST 2026, 122 W
Wed Feb 18 18:24:05 IST 2026, 127 W
Wed Feb 18 18:24:05 IST 2026, 135 W
Wed Feb 18 18:24:06 IST 2026, 123 W
Wed Feb 18 18:24:06 IST 2026, 122 W
Wed Feb 18 18:24:06 IST 2026, 134 W
Wed Feb 18 18:24:06 IST 2026, 122 W
Wed Feb 18 18:24:06 IST 2026, 109 W
Wed Feb 18 18:24:06 IST 2026, 126 W
Wed Feb 18 18:24:06 IST 2026, 129 W
Wed Feb 18 18:24:06 IST 2026, 143 W
Wed Feb 18 18:24:07 IST 2026, 121 W
Wed Feb 18 18:24:07 IST 2026, 119 W
Wed Feb 18 18:24:07 IST 2026, 127 W
Wed Feb 18 18:24:07 IST 2026, 124 W
Wed Feb 18 18:24:07 IST 2026, 111 W
Wed Feb 18 18:24:07 IST 2026, 123 W
Wed Feb 18 18:24:07 IST 2026, 124 W
Wed Feb 18 18:24:07 IST 2026, 136 W
Wed Feb 18 18:24:08 IST 2026, 125 W
Wed Feb 18 18:24:08 IST 2026, 122 W
Wed Feb 18 18:24:08 IST 2026, 136 W
Wed Feb 18 18:24:08 IST 2026, 127 W
Wed Feb 18 18:24:08 IST 2026, 114 W
Wed Feb 18 18:24:08 IST 2026, 126 W
Wed Feb 18 18:24:08 IST 2026, 125 W
Wed Feb 18 18:24:08 IST 2026, 150 W
Wed Feb 18 18:24:09 IST 2026, 125 W
Wed Feb 18 18:24:09 IST 2026, 120 W
Wed Feb 18 18:24:09 IST 2026, 132 W
Wed Feb 18 18:24:09 IST 2026, 117 W
Wed Feb 18 18:24:09 IST 2026, 108 W
Wed Feb 18 18:24:09 IST 2026, 120 W
Wed Feb 18 18:24:09 IST 2026, 118 W
Wed Feb 18 18:24:09 IST 2026, 136 W
Wed Feb 18 18:24:10 IST 2026, 127 W
Wed Feb 18 18:24:10 IST 2026, 121 W
Wed Feb 18 18:24:10 IST 2026, 124 W
Wed Feb 18 18:24:10 IST 2026, 123 W
Wed Feb 18 18:24:10 IST 2026, 112 W
Wed Feb 18 18:24:10 IST 2026, 127 W
Wed Feb 18 18:24:10 IST 2026, 126 W
Wed Feb 18 18:24:10 IST 2026, 140 W
Wed Feb 18 18:24:11 IST 2026, 117 W
Wed Feb 18 18:24:11 IST 2026, 114 W
Wed Feb 18 18:24:11 IST 2026, 121 W
Wed Feb 18 18:24:11 IST 2026, 120 W
Wed Feb 18 18:24:11 IST 2026, 108 W
Wed Feb 18 18:24:11 IST 2026, 120 W
Wed Feb 18 18:24:11 IST 2026, 124 W
Wed Feb 18 18:24:11 IST 2026, 140 W
Wed Feb 18 18:24:12 IST 2026, 120 W
Wed Feb 18 18:24:12 IST 2026, 113 W
Wed Feb 18 18:24:12 IST 2026, 135 W
Wed Feb 18 18:24:12 IST 2026, 117 W
Wed Feb 18 18:24:12 IST 2026, 114 W
Wed Feb 18 18:24:12 IST 2026, 125 W
Wed Feb 18 18:24:12 IST 2026, 124 W
Wed Feb 18 18:24:12 IST 2026, 140 W
Wed Feb 18 18:24:13 IST 2026, 117 W
Wed Feb 18 18:24:13 IST 2026, 116 W
Wed Feb 18 18:24:13 IST 2026, 127 W
Wed Feb 18 18:24:13 IST 2026, 118 W
Wed Feb 18 18:24:13 IST 2026, 109 W
Wed Feb 18 18:24:13 IST 2026, 124 W
Wed Feb 18 18:24:13 IST 2026, 117 W
Wed Feb 18 18:24:13 IST 2026, 141 W
Wed Feb 18 18:24:14 IST 2026, 116 W
Wed Feb 18 18:24:14 IST 2026, 113 W
Wed Feb 18 18:24:14 IST 2026, 127 W
Wed Feb 18 18:24:14 IST 2026, 116 W
Wed Feb 18 18:24:14 IST 2026, 108 W
Wed Feb 18 18:24:14 IST 2026, 124 W
Wed Feb 18 18:24:14 IST 2026, 118 W
Wed Feb 18 18:24:14 IST 2026, 144 W
Wed Feb 18 18:24:15 IST 2026, 123 W
Wed Feb 18 18:24:15 IST 2026, 114 W
Wed Feb 18 18:24:15 IST 2026, 123 W
Wed Feb 18 18:24:15 IST 2026, 117 W
Wed Feb 18 18:24:15 IST 2026, 105 W
Wed Feb 18 18:24:15 IST 2026, 118 W
Wed Feb 18 18:24:15 IST 2026, 121 W
Wed Feb 18 18:24:15 IST 2026, 126 W
Wed Feb 18 18:24:16 IST 2026, 124 W
Wed Feb 18 18:24:16 IST 2026, 118 W
Wed Feb 18 18:24:16 IST 2026, 131 W
Wed Feb 18 18:24:16 IST 2026, 125 W
Wed Feb 18 18:24:16 IST 2026, 114 W
Wed Feb 18 18:24:16 IST 2026, 128 W
Wed Feb 18 18:24:16 IST 2026, 124 W
Wed Feb 18 18:24:16 IST 2026, 150 W
Wed Feb 18 18:24:17 IST 2026, 126 W
Wed Feb 18 18:24:17 IST 2026, 118 W
Wed Feb 18 18:24:17 IST 2026, 138 W
Wed Feb 18 18:24:17 IST 2026, 120 W
Wed Feb 18 18:24:17 IST 2026, 107 W
Wed Feb 18 18:24:17 IST 2026, 123 W
Wed Feb 18 18:24:17 IST 2026, 123 W
Wed Feb 18 18:24:17 IST 2026, 141 W
Wed Feb 18 18:24:18 IST 2026, 123 W
Wed Feb 18 18:24:18 IST 2026, 114 W
Wed Feb 18 18:24:18 IST 2026, 124 W
Wed Feb 18 18:24:18 IST 2026, 121 W
Wed Feb 18 18:24:18 IST 2026, 104 W
Wed Feb 18 18:24:18 IST 2026, 122 W
Wed Feb 18 18:24:18 IST 2026, 124 W
Wed Feb 18 18:24:18 IST 2026, 138 W
Wed Feb 18 18:24:19 IST 2026, 119 W
Wed Feb 18 18:24:19 IST 2026, 120 W
Wed Feb 18 18:24:19 IST 2026, 134 W
Wed Feb 18 18:24:19 IST 2026, 119 W
Wed Feb 18 18:24:19 IST 2026, 105 W
Wed Feb 18 18:24:19 IST 2026, 122 W
Wed Feb 18 18:24:19 IST 2026, 120 W
Wed Feb 18 18:24:19 IST 2026, 139 W
Wed Feb 18 18:24:20 IST 2026, 124 W
Wed Feb 18 18:24:20 IST 2026, 112 W
Wed Feb 18 18:24:20 IST 2026, 123 W
Wed Feb 18 18:24:20 IST 2026, 120 W
Wed Feb 18 18:24:20 IST 2026, 106 W
Wed Feb 18 18:24:20 IST 2026, 119 W
Wed Feb 18 18:24:20 IST 2026, 113 W
Wed Feb 18 18:24:20 IST 2026, 138 W
Wed Feb 18 18:24:21 IST 2026, 117 W
Wed Feb 18 18:24:21 IST 2026, 115 W
Wed Feb 18 18:24:21 IST 2026, 131 W
Wed Feb 18 18:24:21 IST 2026, 112 W
Wed Feb 18 18:24:21 IST 2026, 102 W
Wed Feb 18 18:24:21 IST 2026, 121 W
Wed Feb 18 18:24:21 IST 2026, 108 W
Wed Feb 18 18:24:21 IST 2026, 133 W
Wed Feb 18 18:24:22 IST 2026, 122 W
Wed Feb 18 18:24:22 IST 2026, 121 W
Wed Feb 18 18:24:22 IST 2026, 130 W
Wed Feb 18 18:24:22 IST 2026, 119 W
Wed Feb 18 18:24:22 IST 2026, 110 W
Wed Feb 18 18:24:22 IST 2026, 125 W
Wed Feb 18 18:24:22 IST 2026, 117 W
Wed Feb 18 18:24:22 IST 2026, 137 W
Wed Feb 18 18:24:23 IST 2026, 124 W
Wed Feb 18 18:24:23 IST 2026, 120 W
Wed Feb 18 18:24:23 IST 2026, 134 W
Wed Feb 18 18:24:23 IST 2026, 117 W
Wed Feb 18 18:24:23 IST 2026, 109 W
Wed Feb 18 18:24:23 IST 2026, 118 W
Wed Feb 18 18:24:23 IST 2026, 125 W
Wed Feb 18 18:24:23 IST 2026, 141 W
Wed Feb 18 18:24:24 IST 2026, 120 W
Wed Feb 18 18:24:24 IST 2026, 118 W
Wed Feb 18 18:24:24 IST 2026, 126 W
Wed Feb 18 18:24:24 IST 2026, 120 W
Wed Feb 18 18:24:24 IST 2026, 101 W
Wed Feb 18 18:24:24 IST 2026, 111 W
Wed Feb 18 18:24:24 IST 2026, 119 W
Wed Feb 18 18:24:24 IST 2026, 128 W
Wed Feb 18 18:24:25 IST 2026, 126 W
Wed Feb 18 18:24:25 IST 2026, 124 W
Wed Feb 18 18:24:25 IST 2026, 133 W
Wed Feb 18 18:24:25 IST 2026, 125 W
Wed Feb 18 18:24:25 IST 2026, 113 W
Wed Feb 18 18:24:25 IST 2026, 124 W
Wed Feb 18 18:24:25 IST 2026, 130 W
Wed Feb 18 18:24:25 IST 2026, 142 W
Wed Feb 18 18:24:26 IST 2026, 117 W
Wed Feb 18 18:24:26 IST 2026, 114 W
Wed Feb 18 18:24:26 IST 2026, 126 W
Wed Feb 18 18:24:26 IST 2026, 116 W
Wed Feb 18 18:24:26 IST 2026, 106 W
Wed Feb 18 18:24:26 IST 2026, 120 W
Wed Feb 18 18:24:26 IST 2026, 123 W
Wed Feb 18 18:24:26 IST 2026, 128 W
Wed Feb 18 18:24:27 IST 2026, 120 W
Wed Feb 18 18:24:27 IST 2026, 121 W
Wed Feb 18 18:24:27 IST 2026, 124 W
Wed Feb 18 18:24:27 IST 2026, 123 W
Wed Feb 18 18:24:27 IST 2026, 112 W
Wed Feb 18 18:24:27 IST 2026, 130 W
Wed Feb 18 18:24:27 IST 2026, 128 W
Wed Feb 18 18:24:27 IST 2026, 138 W
Wed Feb 18 18:24:28 IST 2026, 124 W
Wed Feb 18 18:24:28 IST 2026, 120 W
Wed Feb 18 18:24:28 IST 2026, 133 W
Wed Feb 18 18:24:28 IST 2026, 125 W
Wed Feb 18 18:24:28 IST 2026, 107 W
Wed Feb 18 18:24:28 IST 2026, 122 W
Wed Feb 18 18:24:28 IST 2026, 128 W
Wed Feb 18 18:24:28 IST 2026, 130 W
Wed Feb 18 18:24:29 IST 2026, 118 W
Wed Feb 18 18:24:29 IST 2026, 119 W
Wed Feb 18 18:24:29 IST 2026, 128 W
Wed Feb 18 18:24:29 IST 2026, 119 W
Wed Feb 18 18:24:29 IST 2026, 111 W
Wed Feb 18 18:24:29 IST 2026, 122 W
Wed Feb 18 18:24:29 IST 2026, 123 W
Wed Feb 18 18:24:29 IST 2026, 128 W
Wed Feb 18 18:24:30 IST 2026, 121 W
Wed Feb 18 18:24:30 IST 2026, 123 W
Wed Feb 18 18:24:30 IST 2026, 134 W
Wed Feb 18 18:24:30 IST 2026, 124 W
Wed Feb 18 18:24:30 IST 2026, 112 W
Wed Feb 18 18:24:30 IST 2026, 126 W
Wed Feb 18 18:24:30 IST 2026, 121 W
Wed Feb 18 18:24:30 IST 2026, 140 W
Wed Feb 18 18:24:31 IST 2026, 119 W
Wed Feb 18 18:24:31 IST 2026, 120 W
Wed Feb 18 18:24:31 IST 2026, 127 W
Wed Feb 18 18:24:31 IST 2026, 124 W
Wed Feb 18 18:24:31 IST 2026, 111 W
Wed Feb 18 18:24:31 IST 2026, 124 W
Wed Feb 18 18:24:31 IST 2026, 126 W
Wed Feb 18 18:24:31 IST 2026, 141 W
Wed Feb 18 18:24:32 IST 2026, 112 W
Wed Feb 18 18:24:32 IST 2026, 116 W
Wed Feb 18 18:24:32 IST 2026, 135 W
Wed Feb 18 18:24:32 IST 2026, 120 W
Wed Feb 18 18:24:32 IST 2026, 110 W
Wed Feb 18 18:24:32 IST 2026, 123 W
Wed Feb 18 18:24:32 IST 2026, 128 W
Wed Feb 18 18:24:32 IST 2026, 136 W
Wed Feb 18 18:24:33 IST 2026, 112 W
Wed Feb 18 18:24:33 IST 2026, 118 W
Wed Feb 18 18:24:33 IST 2026, 136 W
Wed Feb 18 18:24:33 IST 2026, 118 W
Wed Feb 18 18:24:33 IST 2026, 116 W
Wed Feb 18 18:24:33 IST 2026, 127 W
Wed Feb 18 18:24:33 IST 2026, 127 W
Wed Feb 18 18:24:33 IST 2026, 146 W
Wed Feb 18 18:24:34 IST 2026, 116 W
Wed Feb 18 18:24:34 IST 2026, 119 W
Wed Feb 18 18:24:34 IST 2026, 133 W
Wed Feb 18 18:24:34 IST 2026, 115 W
Wed Feb 18 18:24:34 IST 2026, 108 W
Wed Feb 18 18:24:34 IST 2026, 123 W
Wed Feb 18 18:24:34 IST 2026, 117 W
Wed Feb 18 18:24:34 IST 2026, 135 W
Wed Feb 18 18:24:35 IST 2026, 121 W
Wed Feb 18 18:24:35 IST 2026, 123 W
Wed Feb 18 18:24:35 IST 2026, 138 W
Wed Feb 18 18:24:35 IST 2026, 123 W
Wed Feb 18 18:24:35 IST 2026, 108 W
Wed Feb 18 18:24:35 IST 2026, 127 W
Wed Feb 18 18:24:35 IST 2026, 124 W
Wed Feb 18 18:24:35 IST 2026, 145 W
Wed Feb 18 18:24:36 IST 2026, 117 W
Wed Feb 18 18:24:36 IST 2026, 120 W
Wed Feb 18 18:24:36 IST 2026, 130 W
Wed Feb 18 18:24:36 IST 2026, 118 W
Wed Feb 18 18:24:36 IST 2026, 109 W
Wed Feb 18 18:24:36 IST 2026, 122 W
Wed Feb 18 18:24:36 IST 2026, 120 W
Wed Feb 18 18:24:36 IST 2026, 139 W
Wed Feb 18 18:24:37 IST 2026, 120 W
Wed Feb 18 18:24:37 IST 2026, 114 W
Wed Feb 18 18:24:37 IST 2026, 127 W
Wed Feb 18 18:24:37 IST 2026, 115 W
Wed Feb 18 18:24:37 IST 2026, 109 W
Wed Feb 18 18:24:37 IST 2026, 121 W
Wed Feb 18 18:24:37 IST 2026, 119 W
Wed Feb 18 18:24:37 IST 2026, 133 W
Wed Feb 18 18:24:38 IST 2026, 124 W
Wed Feb 18 18:24:38 IST 2026, 121 W
Wed Feb 18 18:24:38 IST 2026, 134 W
Wed Feb 18 18:24:38 IST 2026, 118 W
Wed Feb 18 18:24:38 IST 2026, 112 W
Wed Feb 18 18:24:38 IST 2026, 126 W
Wed Feb 18 18:24:38 IST 2026, 123 W
Wed Feb 18 18:24:38 IST 2026, 137 W
Wed Feb 18 18:24:39 IST 2026, 126 W
Wed Feb 18 18:24:39 IST 2026, 118 W
Wed Feb 18 18:24:39 IST 2026, 140 W
Wed Feb 18 18:24:39 IST 2026, 121 W
Wed Feb 18 18:24:39 IST 2026, 107 W
Wed Feb 18 18:24:39 IST 2026, 121 W
Wed Feb 18 18:24:39 IST 2026, 122 W
Wed Feb 18 18:24:39 IST 2026, 140 W
Wed Feb 18 18:24:40 IST 2026, 125 W
Wed Feb 18 18:24:40 IST 2026, 123 W
Wed Feb 18 18:24:40 IST 2026, 135 W
Wed Feb 18 18:24:40 IST 2026, 124 W
Wed Feb 18 18:24:40 IST 2026, 110 W
Wed Feb 18 18:24:40 IST 2026, 128 W
Wed Feb 18 18:24:40 IST 2026, 128 W
Wed Feb 18 18:24:40 IST 2026, 134 W
Wed Feb 18 18:24:41 IST 2026, 122 W
Wed Feb 18 18:24:41 IST 2026, 120 W
Wed Feb 18 18:24:41 IST 2026, 126 W
Wed Feb 18 18:24:41 IST 2026, 128 W
Wed Feb 18 18:24:41 IST 2026, 113 W
Wed Feb 18 18:24:41 IST 2026, 117 W
Wed Feb 18 18:24:41 IST 2026, 121 W
Wed Feb 18 18:24:41 IST 2026, 137 W
Wed Feb 18 18:24:42 IST 2026, 118 W
Wed Feb 18 18:24:42 IST 2026, 120 W
Wed Feb 18 18:24:42 IST 2026, 128 W
Wed Feb 18 18:24:42 IST 2026, 116 W
Wed Feb 18 18:24:42 IST 2026, 111 W
Wed Feb 18 18:24:42 IST 2026, 128 W
Wed Feb 18 18:24:42 IST 2026, 123 W
Wed Feb 18 18:24:42 IST 2026, 141 W
Wed Feb 18 18:24:43 IST 2026, 118 W
Wed Feb 18 18:24:43 IST 2026, 114 W
Wed Feb 18 18:24:43 IST 2026, 127 W
Wed Feb 18 18:24:43 IST 2026, 115 W
Wed Feb 18 18:24:43 IST 2026, 111 W
Wed Feb 18 18:24:43 IST 2026, 119 W
Wed Feb 18 18:24:43 IST 2026, 122 W
Wed Feb 18 18:24:43 IST 2026, 132 W
Wed Feb 18 18:24:44 IST 2026, 118 W
Wed Feb 18 18:24:44 IST 2026, 122 W
Wed Feb 18 18:24:44 IST 2026, 134 W
Wed Feb 18 18:24:44 IST 2026, 125 W
Wed Feb 18 18:24:44 IST 2026, 115 W
Wed Feb 18 18:24:44 IST 2026, 128 W
Wed Feb 18 18:24:44 IST 2026, 133 W
Wed Feb 18 18:24:44 IST 2026, 140 W
Wed Feb 18 18:24:45 IST 2026, 125 W
Wed Feb 18 18:24:45 IST 2026, 121 W
Wed Feb 18 18:24:45 IST 2026, 130 W
Wed Feb 18 18:24:45 IST 2026, 118 W
Wed Feb 18 18:24:45 IST 2026, 110 W
Wed Feb 18 18:24:45 IST 2026, 127 W
Wed Feb 18 18:24:45 IST 2026, 126 W
Wed Feb 18 18:24:45 IST 2026, 141 W
Wed Feb 18 18:24:46 IST 2026, 116 W
Wed Feb 18 18:24:46 IST 2026, 119 W
Wed Feb 18 18:24:46 IST 2026, 129 W
Wed Feb 18 18:24:46 IST 2026, 122 W
Wed Feb 18 18:24:46 IST 2026, 107 W
Wed Feb 18 18:24:46 IST 2026, 128 W
Wed Feb 18 18:24:46 IST 2026, 122 W
Wed Feb 18 18:24:46 IST 2026, 148 W
Wed Feb 18 18:24:47 IST 2026, 117 W
Wed Feb 18 18:24:47 IST 2026, 116 W
Wed Feb 18 18:24:47 IST 2026, 128 W
Wed Feb 18 18:24:47 IST 2026, 126 W
Wed Feb 18 18:24:47 IST 2026, 111 W
Wed Feb 18 18:24:47 IST 2026, 121 W
Wed Feb 18 18:24:47 IST 2026, 125 W
Wed Feb 18 18:24:47 IST 2026, 141 W
Wed Feb 18 18:24:48 IST 2026, 121 W
Wed Feb 18 18:24:48 IST 2026, 114 W
Wed Feb 18 18:24:48 IST 2026, 129 W
Wed Feb 18 18:24:48 IST 2026, 120 W
Wed Feb 18 18:24:48 IST 2026, 103 W
Wed Feb 18 18:24:48 IST 2026, 120 W
Wed Feb 18 18:24:48 IST 2026, 121 W
Wed Feb 18 18:24:48 IST 2026, 136 W
Wed Feb 18 18:24:49 IST 2026, 116 W
Wed Feb 18 18:24:49 IST 2026, 121 W
Wed Feb 18 18:24:49 IST 2026, 134 W
Wed Feb 18 18:24:49 IST 2026, 124 W
Wed Feb 18 18:24:49 IST 2026, 114 W
Wed Feb 18 18:24:49 IST 2026, 128 W
Wed Feb 18 18:24:49 IST 2026, 122 W
Wed Feb 18 18:24:49 IST 2026, 139 W
Wed Feb 18 18:24:50 IST 2026, 122 W
Wed Feb 18 18:24:50 IST 2026, 117 W
Wed Feb 18 18:24:50 IST 2026, 127 W
Wed Feb 18 18:24:50 IST 2026, 117 W
Wed Feb 18 18:24:50 IST 2026, 108 W
Wed Feb 18 18:24:50 IST 2026, 124 W
Wed Feb 18 18:24:50 IST 2026, 121 W
Wed Feb 18 18:24:50 IST 2026, 142 W
Wed Feb 18 18:24:51 IST 2026, 115 W
Wed Feb 18 18:24:51 IST 2026, 113 W
Wed Feb 18 18:24:51 IST 2026, 128 W
Wed Feb 18 18:24:51 IST 2026, 112 W
Wed Feb 18 18:24:51 IST 2026, 101 W
Wed Feb 18 18:24:51 IST 2026, 122 W
Wed Feb 18 18:24:51 IST 2026, 117 W
Wed Feb 18 18:24:51 IST 2026, 135 W
Wed Feb 18 18:24:52 IST 2026, 120 W
Wed Feb 18 18:24:52 IST 2026, 119 W
Wed Feb 18 18:24:52 IST 2026, 138 W
Wed Feb 18 18:24:52 IST 2026, 119 W
Wed Feb 18 18:24:52 IST 2026, 109 W
Wed Feb 18 18:24:52 IST 2026, 122 W
Wed Feb 18 18:24:52 IST 2026, 124 W
Wed Feb 18 18:24:52 IST 2026, 125 W
Wed Feb 18 18:24:53 IST 2026, 118 W
Wed Feb 18 18:24:53 IST 2026, 119 W
Wed Feb 18 18:24:53 IST 2026, 130 W
Wed Feb 18 18:24:53 IST 2026, 119 W
Wed Feb 18 18:24:53 IST 2026, 106 W
Wed Feb 18 18:24:53 IST 2026, 124 W
Wed Feb 18 18:24:53 IST 2026, 113 W
Wed Feb 18 18:24:53 IST 2026, 131 W
Wed Feb 18 18:24:54 IST 2026, 128 W
Wed Feb 18 18:24:54 IST 2026, 124 W
Wed Feb 18 18:24:54 IST 2026, 138 W
Wed Feb 18 18:24:54 IST 2026, 126 W
Wed Feb 18 18:24:54 IST 2026, 117 W
Wed Feb 18 18:24:54 IST 2026, 130 W
Wed Feb 18 18:24:54 IST 2026, 129 W
Wed Feb 18 18:24:54 IST 2026, 140 W
Wed Feb 18 18:24:55 IST 2026, 125 W
Wed Feb 18 18:24:55 IST 2026, 120 W
Wed Feb 18 18:24:55 IST 2026, 135 W
Wed Feb 18 18:24:55 IST 2026, 123 W
Wed Feb 18 18:24:55 IST 2026, 112 W
Wed Feb 18 18:24:55 IST 2026, 129 W
Wed Feb 18 18:24:55 IST 2026, 131 W
Wed Feb 18 18:24:55 IST 2026, 135 W
Wed Feb 18 18:24:56 IST 2026, 116 W
Wed Feb 18 18:24:56 IST 2026, 114 W
Wed Feb 18 18:24:56 IST 2026, 118 W
Wed Feb 18 18:24:56 IST 2026, 118 W
Wed Feb 18 18:24:56 IST 2026, 105 W
Wed Feb 18 18:24:56 IST 2026, 121 W
Wed Feb 18 18:24:56 IST 2026, 117 W
Wed Feb 18 18:24:56 IST 2026, 134 W
Wed Feb 18 18:24:57 IST 2026, 118 W
Wed Feb 18 18:24:57 IST 2026, 113 W
Wed Feb 18 18:24:57 IST 2026, 122 W
Wed Feb 18 18:24:57 IST 2026, 116 W
Wed Feb 18 18:24:57 IST 2026, 109 W
Wed Feb 18 18:24:57 IST 2026, 126 W
Wed Feb 18 18:24:57 IST 2026, 118 W
Wed Feb 18 18:24:57 IST 2026, 135 W
Wed Feb 18 18:24:58 IST 2026, 128 W
Wed Feb 18 18:24:58 IST 2026, 122 W
Wed Feb 18 18:24:58 IST 2026, 137 W
Wed Feb 18 18:24:58 IST 2026, 122 W
Wed Feb 18 18:24:58 IST 2026, 114 W
Wed Feb 18 18:24:58 IST 2026, 128 W
Wed Feb 18 18:24:58 IST 2026, 129 W
Wed Feb 18 18:24:58 IST 2026, 146 W
Wed Feb 18 18:24:59 IST 2026, 121 W
Wed Feb 18 18:24:59 IST 2026, 117 W
Wed Feb 18 18:24:59 IST 2026, 130 W
Wed Feb 18 18:24:59 IST 2026, 122 W
Wed Feb 18 18:24:59 IST 2026, 112 W
Wed Feb 18 18:24:59 IST 2026, 124 W
Wed Feb 18 18:24:59 IST 2026, 124 W
Wed Feb 18 18:24:59 IST 2026, 132 W
Wed Feb 18 18:25:00 IST 2026, 122 W
Wed Feb 18 18:25:00 IST 2026, 118 W
Wed Feb 18 18:25:00 IST 2026, 130 W
Wed Feb 18 18:25:00 IST 2026, 124 W
Wed Feb 18 18:25:00 IST 2026, 109 W
Wed Feb 18 18:25:00 IST 2026, 122 W
Wed Feb 18 18:25:00 IST 2026, 125 W
Wed Feb 18 18:25:00 IST 2026, 140 W
Wed Feb 18 18:25:01 IST 2026, 121 W
Wed Feb 18 18:25:01 IST 2026, 116 W
Wed Feb 18 18:25:01 IST 2026, 134 W
Wed Feb 18 18:25:01 IST 2026, 123 W
Wed Feb 18 18:25:01 IST 2026, 108 W
Wed Feb 18 18:25:01 IST 2026, 121 W
Wed Feb 18 18:25:01 IST 2026, 123 W
Wed Feb 18 18:25:01 IST 2026, 141 W
Wed Feb 18 18:25:02 IST 2026, 124 W
Wed Feb 18 18:25:02 IST 2026, 119 W
Wed Feb 18 18:25:02 IST 2026, 125 W
Wed Feb 18 18:25:02 IST 2026, 125 W
Wed Feb 18 18:25:02 IST 2026, 115 W
Wed Feb 18 18:25:02 IST 2026, 126 W
Wed Feb 18 18:25:02 IST 2026, 127 W
Wed Feb 18 18:25:02 IST 2026, 139 W
Wed Feb 18 18:25:03 IST 2026, 120 W
Wed Feb 18 18:25:03 IST 2026, 121 W
Wed Feb 18 18:25:03 IST 2026, 130 W
Wed Feb 18 18:25:03 IST 2026, 124 W
Wed Feb 18 18:25:03 IST 2026, 109 W
Wed Feb 18 18:25:03 IST 2026, 124 W
Wed Feb 18 18:25:03 IST 2026, 126 W
Wed Feb 18 18:25:03 IST 2026, 137 W
Wed Feb 18 18:25:04 IST 2026, 124 W
Wed Feb 18 18:25:04 IST 2026, 122 W
Wed Feb 18 18:25:04 IST 2026, 129 W
Wed Feb 18 18:25:04 IST 2026, 120 W
Wed Feb 18 18:25:04 IST 2026, 112 W
Wed Feb 18 18:25:04 IST 2026, 126 W
Wed Feb 18 18:25:04 IST 2026, 127 W
Wed Feb 18 18:25:04 IST 2026, 138 W
Wed Feb 18 18:25:05 IST 2026, 128 W
Wed Feb 18 18:25:05 IST 2026, 122 W
Wed Feb 18 18:25:05 IST 2026, 134 W
Wed Feb 18 18:25:05 IST 2026, 126 W
Wed Feb 18 18:25:05 IST 2026, 109 W
Wed Feb 18 18:25:05 IST 2026, 131 W
Wed Feb 18 18:25:05 IST 2026, 129 W
Wed Feb 18 18:25:05 IST 2026, 143 W
Wed Feb 18 18:25:06 IST 2026, 115 W
Wed Feb 18 18:25:06 IST 2026, 122 W
Wed Feb 18 18:25:06 IST 2026, 141 W
Wed Feb 18 18:25:06 IST 2026, 120 W
Wed Feb 18 18:25:06 IST 2026, 118 W
Wed Feb 18 18:25:06 IST 2026, 130 W
Wed Feb 18 18:25:06 IST 2026, 131 W
Wed Feb 18 18:25:06 IST 2026, 142 W
Wed Feb 18 18:25:07 IST 2026, 125 W
Wed Feb 18 18:25:07 IST 2026, 120 W
Wed Feb 18 18:25:07 IST 2026, 141 W
Wed Feb 18 18:25:07 IST 2026, 119 W
Wed Feb 18 18:25:07 IST 2026, 113 W
Wed Feb 18 18:25:07 IST 2026, 125 W
Wed Feb 18 18:25:07 IST 2026, 131 W
Wed Feb 18 18:25:07 IST 2026, 134 W
Wed Feb 18 18:25:08 IST 2026, 124 W
Wed Feb 18 18:25:08 IST 2026, 117 W
Wed Feb 18 18:25:08 IST 2026, 129 W
Wed Feb 18 18:25:08 IST 2026, 118 W
Wed Feb 18 18:25:08 IST 2026, 113 W
Wed Feb 18 18:25:08 IST 2026, 124 W
Wed Feb 18 18:25:08 IST 2026, 130 W
Wed Feb 18 18:25:08 IST 2026, 132 W
Wed Feb 18 18:25:09 IST 2026, 116 W
Wed Feb 18 18:25:09 IST 2026, 118 W
Wed Feb 18 18:25:09 IST 2026, 127 W
Wed Feb 18 18:25:09 IST 2026, 113 W
Wed Feb 18 18:25:09 IST 2026, 106 W
Wed Feb 18 18:25:09 IST 2026, 120 W
Wed Feb 18 18:25:09 IST 2026, 117 W
Wed Feb 18 18:25:09 IST 2026, 126 W
Wed Feb 18 18:25:10 IST 2026, 123 W
Wed Feb 18 18:25:10 IST 2026, 121 W
Wed Feb 18 18:25:10 IST 2026, 130 W
Wed Feb 18 18:25:10 IST 2026, 123 W
Wed Feb 18 18:25:10 IST 2026, 110 W
Wed Feb 18 18:25:10 IST 2026, 125 W
Wed Feb 18 18:25:10 IST 2026, 123 W
Wed Feb 18 18:25:10 IST 2026, 132 W
Wed Feb 18 18:25:11 IST 2026, 123 W
Wed Feb 18 18:25:11 IST 2026, 121 W
Wed Feb 18 18:25:11 IST 2026, 137 W
Wed Feb 18 18:25:11 IST 2026, 120 W
Wed Feb 18 18:25:11 IST 2026, 107 W
Wed Feb 18 18:25:11 IST 2026, 123 W
Wed Feb 18 18:25:11 IST 2026, 117 W
Wed Feb 18 18:25:11 IST 2026, 137 W
Wed Feb 18 18:25:12 IST 2026, 126 W
Wed Feb 18 18:25:12 IST 2026, 121 W
Wed Feb 18 18:25:12 IST 2026, 132 W
Wed Feb 18 18:25:12 IST 2026, 123 W
Wed Feb 18 18:25:12 IST 2026, 110 W
Wed Feb 18 18:25:12 IST 2026, 121 W
Wed Feb 18 18:25:12 IST 2026, 125 W
Wed Feb 18 18:25:12 IST 2026, 135 W
Wed Feb 18 18:25:13 IST 2026, 116 W
Wed Feb 18 18:25:13 IST 2026, 117 W
Wed Feb 18 18:25:13 IST 2026, 131 W
Wed Feb 18 18:25:13 IST 2026, 114 W
Wed Feb 18 18:25:13 IST 2026, 109 W
Wed Feb 18 18:25:13 IST 2026, 117 W
Wed Feb 18 18:25:13 IST 2026, 115 W
Wed Feb 18 18:25:13 IST 2026, 139 W
Wed Feb 18 18:25:14 IST 2026, 118 W
Wed Feb 18 18:25:14 IST 2026, 120 W
Wed Feb 18 18:25:14 IST 2026, 130 W
Wed Feb 18 18:25:14 IST 2026, 121 W
Wed Feb 18 18:25:14 IST 2026, 106 W
Wed Feb 18 18:25:14 IST 2026, 117 W
Wed Feb 18 18:25:14 IST 2026, 120 W
Wed Feb 18 18:25:14 IST 2026, 134 W
Wed Feb 18 18:25:15 IST 2026, 115 W
Wed Feb 18 18:25:15 IST 2026, 122 W
Wed Feb 18 18:25:15 IST 2026, 130 W
Wed Feb 18 18:25:15 IST 2026, 120 W
Wed Feb 18 18:25:15 IST 2026, 110 W
Wed Feb 18 18:25:15 IST 2026, 124 W
Wed Feb 18 18:25:15 IST 2026, 124 W
Wed Feb 18 18:25:15 IST 2026, 140 W
Wed Feb 18 18:25:16 IST 2026, 122 W
Wed Feb 18 18:25:16 IST 2026, 125 W
Wed Feb 18 18:25:16 IST 2026, 132 W
Wed Feb 18 18:25:16 IST 2026, 121 W
Wed Feb 18 18:25:16 IST 2026, 113 W
Wed Feb 18 18:25:16 IST 2026, 130 W
Wed Feb 18 18:25:16 IST 2026, 131 W
Wed Feb 18 18:25:16 IST 2026, 140 W
Wed Feb 18 18:25:17 IST 2026, 127 W
Wed Feb 18 18:25:17 IST 2026, 120 W
Wed Feb 18 18:25:17 IST 2026, 139 W
Wed Feb 18 18:25:17 IST 2026, 121 W
Wed Feb 18 18:25:17 IST 2026, 106 W
Wed Feb 18 18:25:17 IST 2026, 127 W
Wed Feb 18 18:25:17 IST 2026, 130 W
Wed Feb 18 18:25:17 IST 2026, 133 W
Wed Feb 18 18:25:18 IST 2026, 132 W
Wed Feb 18 18:25:18 IST 2026, 124 W
Wed Feb 18 18:25:18 IST 2026, 127 W
Wed Feb 18 18:25:18 IST 2026, 126 W
Wed Feb 18 18:25:18 IST 2026, 112 W
Wed Feb 18 18:25:18 IST 2026, 128 W
Wed Feb 18 18:25:18 IST 2026, 131 W
Wed Feb 18 18:25:18 IST 2026, 139 W
Wed Feb 18 18:25:19 IST 2026, 120 W
Wed Feb 18 18:25:19 IST 2026, 115 W
Wed Feb 18 18:25:19 IST 2026, 130 W
Wed Feb 18 18:25:19 IST 2026, 119 W
Wed Feb 18 18:25:19 IST 2026, 106 W
Wed Feb 18 18:25:19 IST 2026, 121 W
Wed Feb 18 18:25:19 IST 2026, 120 W
Wed Feb 18 18:25:19 IST 2026, 134 W
Wed Feb 18 18:25:20 IST 2026, 129 W
Wed Feb 18 18:25:20 IST 2026, 115 W
Wed Feb 18 18:25:20 IST 2026, 124 W
Wed Feb 18 18:25:20 IST 2026, 122 W
Wed Feb 18 18:25:20 IST 2026, 114 W
Wed Feb 18 18:25:20 IST 2026, 130 W
Wed Feb 18 18:25:20 IST 2026, 130 W
Wed Feb 18 18:25:20 IST 2026, 136 W
Wed Feb 18 18:25:21 IST 2026, 115 W
Wed Feb 18 18:25:21 IST 2026, 113 W
Wed Feb 18 18:25:21 IST 2026, 125 W
Wed Feb 18 18:25:21 IST 2026, 113 W
Wed Feb 18 18:25:21 IST 2026, 104 W
Wed Feb 18 18:25:21 IST 2026, 117 W
Wed Feb 18 18:25:21 IST 2026, 108 W
Wed Feb 18 18:25:21 IST 2026, 133 W
Wed Feb 18 18:25:22 IST 2026, 122 W
Wed Feb 18 18:25:22 IST 2026, 117 W
Wed Feb 18 18:25:22 IST 2026, 127 W
Wed Feb 18 18:25:22 IST 2026, 118 W
Wed Feb 18 18:25:22 IST 2026, 105 W
Wed Feb 18 18:25:22 IST 2026, 127 W
Wed Feb 18 18:25:22 IST 2026, 116 W
Wed Feb 18 18:25:22 IST 2026, 140 W
Wed Feb 18 18:25:23 IST 2026, 113 W
Wed Feb 18 18:25:23 IST 2026, 122 W
Wed Feb 18 18:25:23 IST 2026, 131 W
Wed Feb 18 18:25:23 IST 2026, 120 W
Wed Feb 18 18:25:23 IST 2026, 114 W
Wed Feb 18 18:25:23 IST 2026, 125 W
Wed Feb 18 18:25:23 IST 2026, 129 W
Wed Feb 18 18:25:23 IST 2026, 141 W
Wed Feb 18 18:25:24 IST 2026, 122 W
Wed Feb 18 18:25:24 IST 2026, 117 W
Wed Feb 18 18:25:24 IST 2026, 127 W
Wed Feb 18 18:25:24 IST 2026, 117 W
Wed Feb 18 18:25:24 IST 2026, 110 W
Wed Feb 18 18:25:24 IST 2026, 120 W
Wed Feb 18 18:25:24 IST 2026, 126 W
Wed Feb 18 18:25:24 IST 2026, 124 W
Wed Feb 18 18:25:25 IST 2026, 124 W
Wed Feb 18 18:25:25 IST 2026, 114 W
Wed Feb 18 18:25:25 IST 2026, 124 W
Wed Feb 18 18:25:25 IST 2026, 122 W
Wed Feb 18 18:25:25 IST 2026, 107 W
Wed Feb 18 18:25:25 IST 2026, 122 W
Wed Feb 18 18:25:25 IST 2026, 126 W
Wed Feb 18 18:25:25 IST 2026, 139 W
Wed Feb 18 18:25:26 IST 2026, 118 W
Wed Feb 18 18:25:26 IST 2026, 120 W
Wed Feb 18 18:25:26 IST 2026, 134 W
Wed Feb 18 18:25:26 IST 2026, 122 W
Wed Feb 18 18:25:26 IST 2026, 107 W
Wed Feb 18 18:25:26 IST 2026, 126 W
Wed Feb 18 18:25:26 IST 2026, 123 W
Wed Feb 18 18:25:26 IST 2026, 135 W
Wed Feb 18 18:25:27 IST 2026, 120 W
Wed Feb 18 18:25:27 IST 2026, 118 W
Wed Feb 18 18:25:27 IST 2026, 123 W
Wed Feb 18 18:25:27 IST 2026, 121 W
Wed Feb 18 18:25:27 IST 2026, 109 W
Wed Feb 18 18:25:27 IST 2026, 126 W
Wed Feb 18 18:25:27 IST 2026, 119 W
Wed Feb 18 18:25:27 IST 2026, 136 W
Wed Feb 18 18:25:28 IST 2026, 140 W
Wed Feb 18 18:25:28 IST 2026, 136 W
Wed Feb 18 18:25:28 IST 2026, 146 W
Wed Feb 18 18:25:28 IST 2026, 137 W
Wed Feb 18 18:25:28 IST 2026, 125 W
Wed Feb 18 18:25:28 IST 2026, 141 W
Wed Feb 18 18:25:28 IST 2026, 142 W
Wed Feb 18 18:25:28 IST 2026, 148 W
Wed Feb 18 18:25:29 IST 2026, 119 W
Wed Feb 18 18:25:29 IST 2026, 119 W
Wed Feb 18 18:25:29 IST 2026, 132 W
Wed Feb 18 18:25:29 IST 2026, 119 W
Wed Feb 18 18:25:29 IST 2026, 108 W
Wed Feb 18 18:25:29 IST 2026, 120 W
Wed Feb 18 18:25:29 IST 2026, 125 W
Wed Feb 18 18:25:29 IST 2026, 135 W
Wed Feb 18 18:25:30 IST 2026, 125 W
Wed Feb 18 18:25:30 IST 2026, 123 W
Wed Feb 18 18:25:30 IST 2026, 137 W
Wed Feb 18 18:25:30 IST 2026, 121 W
Wed Feb 18 18:25:30 IST 2026, 114 W
Wed Feb 18 18:25:30 IST 2026, 127 W
Wed Feb 18 18:25:30 IST 2026, 126 W
Wed Feb 18 18:25:30 IST 2026, 140 W
Wed Feb 18 18:25:31 IST 2026, 117 W
Wed Feb 18 18:25:31 IST 2026, 118 W
Wed Feb 18 18:25:31 IST 2026, 128 W
Wed Feb 18 18:25:31 IST 2026, 119 W
Wed Feb 18 18:25:31 IST 2026, 107 W
Wed Feb 18 18:25:31 IST 2026, 120 W
Wed Feb 18 18:25:31 IST 2026, 124 W
Wed Feb 18 18:25:31 IST 2026, 143 W
Wed Feb 18 18:25:32 IST 2026, 123 W
Wed Feb 18 18:25:32 IST 2026, 120 W
Wed Feb 18 18:25:32 IST 2026, 125 W
Wed Feb 18 18:25:32 IST 2026, 120 W
Wed Feb 18 18:25:32 IST 2026, 112 W
Wed Feb 18 18:25:32 IST 2026, 126 W
Wed Feb 18 18:25:32 IST 2026, 128 W
Wed Feb 18 18:25:32 IST 2026, 143 W
Wed Feb 18 18:25:33 IST 2026, 120 W
Wed Feb 18 18:25:33 IST 2026, 122 W
Wed Feb 18 18:25:33 IST 2026, 129 W
Wed Feb 18 18:25:33 IST 2026, 121 W
Wed Feb 18 18:25:33 IST 2026, 109 W
Wed Feb 18 18:25:33 IST 2026, 127 W
Wed Feb 18 18:25:33 IST 2026, 118 W
Wed Feb 18 18:25:33 IST 2026, 135 W
Wed Feb 18 18:25:34 IST 2026, 126 W
Wed Feb 18 18:25:34 IST 2026, 111 W
Wed Feb 18 18:25:34 IST 2026, 141 W
Wed Feb 18 18:25:34 IST 2026, 125 W
Wed Feb 18 18:25:34 IST 2026, 111 W
Wed Feb 18 18:25:34 IST 2026, 127 W
Wed Feb 18 18:25:34 IST 2026, 129 W
Wed Feb 18 18:25:34 IST 2026, 143 W
Wed Feb 18 18:25:35 IST 2026, 118 W
Wed Feb 18 18:25:35 IST 2026, 122 W
Wed Feb 18 18:25:35 IST 2026, 135 W
Wed Feb 18 18:25:35 IST 2026, 121 W
Wed Feb 18 18:25:35 IST 2026, 111 W
Wed Feb 18 18:25:35 IST 2026, 129 W
Wed Feb 18 18:25:35 IST 2026, 125 W
Wed Feb 18 18:25:35 IST 2026, 138 W
Wed Feb 18 18:25:36 IST 2026, 126 W
Wed Feb 18 18:25:36 IST 2026, 117 W
Wed Feb 18 18:25:36 IST 2026, 134 W
Wed Feb 18 18:25:36 IST 2026, 122 W
Wed Feb 18 18:25:36 IST 2026, 104 W
Wed Feb 18 18:25:36 IST 2026, 126 W
Wed Feb 18 18:25:36 IST 2026, 122 W
Wed Feb 18 18:25:36 IST 2026, 143 W
Wed Feb 18 18:25:37 IST 2026, 119 W
Wed Feb 18 18:25:37 IST 2026, 112 W
Wed Feb 18 18:25:37 IST 2026, 120 W
Wed Feb 18 18:25:37 IST 2026, 119 W
Wed Feb 18 18:25:37 IST 2026, 105 W
Wed Feb 18 18:25:37 IST 2026, 121 W
Wed Feb 18 18:25:37 IST 2026, 117 W
Wed Feb 18 18:25:37 IST 2026, 135 W
Wed Feb 18 18:25:38 IST 2026, 120 W
Wed Feb 18 18:25:38 IST 2026, 116 W
Wed Feb 18 18:25:38 IST 2026, 126 W
Wed Feb 18 18:25:38 IST 2026, 115 W
Wed Feb 18 18:25:38 IST 2026, 103 W
Wed Feb 18 18:25:38 IST 2026, 120 W
Wed Feb 18 18:25:38 IST 2026, 115 W
Wed Feb 18 18:25:38 IST 2026, 135 W
Wed Feb 18 18:25:39 IST 2026, 122 W
Wed Feb 18 18:25:39 IST 2026, 117 W
Wed Feb 18 18:25:39 IST 2026, 125 W
Wed Feb 18 18:25:39 IST 2026, 117 W
Wed Feb 18 18:25:39 IST 2026, 110 W
Wed Feb 18 18:25:39 IST 2026, 122 W
Wed Feb 18 18:25:39 IST 2026, 118 W
Wed Feb 18 18:25:39 IST 2026, 133 W
Wed Feb 18 18:25:40 IST 2026, 123 W
Wed Feb 18 18:25:40 IST 2026, 119 W
Wed Feb 18 18:25:40 IST 2026, 128 W
Wed Feb 18 18:25:40 IST 2026, 119 W
Wed Feb 18 18:25:40 IST 2026, 107 W
Wed Feb 18 18:25:40 IST 2026, 124 W
Wed Feb 18 18:25:40 IST 2026, 129 W
Wed Feb 18 18:25:40 IST 2026, 141 W
Wed Feb 18 18:25:41 IST 2026, 124 W
Wed Feb 18 18:25:41 IST 2026, 120 W
Wed Feb 18 18:25:41 IST 2026, 128 W
Wed Feb 18 18:25:41 IST 2026, 121 W
Wed Feb 18 18:25:41 IST 2026, 111 W
Wed Feb 18 18:25:41 IST 2026, 123 W
Wed Feb 18 18:25:41 IST 2026, 124 W
Wed Feb 18 18:25:41 IST 2026, 142 W
Wed Feb 18 18:25:42 IST 2026, 125 W
Wed Feb 18 18:25:42 IST 2026, 120 W
Wed Feb 18 18:25:42 IST 2026, 132 W
Wed Feb 18 18:25:42 IST 2026, 120 W
Wed Feb 18 18:25:42 IST 2026, 101 W
Wed Feb 18 18:25:42 IST 2026, 126 W
Wed Feb 18 18:25:42 IST 2026, 127 W
Wed Feb 18 18:25:42 IST 2026, 139 W
Wed Feb 18 18:25:43 IST 2026, 119 W
Wed Feb 18 18:25:43 IST 2026, 117 W
Wed Feb 18 18:25:43 IST 2026, 125 W
Wed Feb 18 18:25:43 IST 2026, 120 W
Wed Feb 18 18:25:43 IST 2026, 107 W
Wed Feb 18 18:25:43 IST 2026, 120 W
Wed Feb 18 18:25:43 IST 2026, 122 W
Wed Feb 18 18:25:43 IST 2026, 135 W
Wed Feb 18 18:25:44 IST 2026, 118 W
Wed Feb 18 18:25:44 IST 2026, 124 W
Wed Feb 18 18:25:44 IST 2026, 137 W
Wed Feb 18 18:25:44 IST 2026, 119 W
Wed Feb 18 18:25:44 IST 2026, 107 W
Wed Feb 18 18:25:44 IST 2026, 119 W
Wed Feb 18 18:25:44 IST 2026, 122 W
Wed Feb 18 18:25:44 IST 2026, 133 W
Wed Feb 18 18:25:45 IST 2026, 123 W
Wed Feb 18 18:25:45 IST 2026, 122 W
Wed Feb 18 18:25:45 IST 2026, 132 W
Wed Feb 18 18:25:45 IST 2026, 123 W
Wed Feb 18 18:25:45 IST 2026, 113 W
Wed Feb 18 18:25:45 IST 2026, 125 W
Wed Feb 18 18:25:45 IST 2026, 118 W
Wed Feb 18 18:25:45 IST 2026, 139 W
Wed Feb 18 18:25:46 IST 2026, 120 W
Wed Feb 18 18:25:46 IST 2026, 112 W
Wed Feb 18 18:25:46 IST 2026, 127 W
Wed Feb 18 18:25:46 IST 2026, 119 W
Wed Feb 18 18:25:46 IST 2026, 107 W
Wed Feb 18 18:25:46 IST 2026, 122 W
Wed Feb 18 18:25:46 IST 2026, 122 W
Wed Feb 18 18:25:46 IST 2026, 141 W
Wed Feb 18 18:25:47 IST 2026, 122 W
Wed Feb 18 18:25:47 IST 2026, 115 W
Wed Feb 18 18:25:47 IST 2026, 129 W
Wed Feb 18 18:25:47 IST 2026, 124 W
Wed Feb 18 18:25:47 IST 2026, 105 W
Wed Feb 18 18:25:47 IST 2026, 127 W
Wed Feb 18 18:25:47 IST 2026, 126 W
Wed Feb 18 18:25:47 IST 2026, 140 W
Wed Feb 18 18:25:48 IST 2026, 124 W
Wed Feb 18 18:25:48 IST 2026, 112 W
Wed Feb 18 18:25:48 IST 2026, 134 W
Wed Feb 18 18:25:48 IST 2026, 116 W
Wed Feb 18 18:25:48 IST 2026, 101 W
Wed Feb 18 18:25:48 IST 2026, 119 W
Wed Feb 18 18:25:48 IST 2026, 122 W
Wed Feb 18 18:25:48 IST 2026, 136 W
Wed Feb 18 18:25:49 IST 2026, 125 W
Wed Feb 18 18:25:49 IST 2026, 117 W
Wed Feb 18 18:25:49 IST 2026, 132 W
Wed Feb 18 18:25:49 IST 2026, 122 W
Wed Feb 18 18:25:49 IST 2026, 110 W
Wed Feb 18 18:25:49 IST 2026, 123 W
Wed Feb 18 18:25:49 IST 2026, 125 W
Wed Feb 18 18:25:49 IST 2026, 141 W
Wed Feb 18 18:25:50 IST 2026, 115 W
Wed Feb 18 18:25:50 IST 2026, 112 W
Wed Feb 18 18:25:50 IST 2026, 126 W
Wed Feb 18 18:25:50 IST 2026, 112 W
Wed Feb 18 18:25:50 IST 2026, 101 W
Wed Feb 18 18:25:50 IST 2026, 117 W
Wed Feb 18 18:25:50 IST 2026, 112 W
Wed Feb 18 18:25:50 IST 2026, 133 W
Wed Feb 18 18:25:51 IST 2026, 125 W
Wed Feb 18 18:25:51 IST 2026, 122 W
Wed Feb 18 18:25:51 IST 2026, 130 W
Wed Feb 18 18:25:51 IST 2026, 122 W
Wed Feb 18 18:25:51 IST 2026, 108 W
Wed Feb 18 18:25:51 IST 2026, 128 W
Wed Feb 18 18:25:51 IST 2026, 122 W
Wed Feb 18 18:25:51 IST 2026, 138 W
Wed Feb 18 18:25:52 IST 2026, 124 W
Wed Feb 18 18:25:52 IST 2026, 119 W
Wed Feb 18 18:25:52 IST 2026, 128 W
Wed Feb 18 18:25:52 IST 2026, 119 W
Wed Feb 18 18:25:52 IST 2026, 107 W
Wed Feb 18 18:25:52 IST 2026, 123 W
Wed Feb 18 18:25:52 IST 2026, 121 W
Wed Feb 18 18:25:52 IST 2026, 138 W
Wed Feb 18 18:25:53 IST 2026, 123 W
Wed Feb 18 18:25:53 IST 2026, 114 W
Wed Feb 18 18:25:53 IST 2026, 131 W
Wed Feb 18 18:25:53 IST 2026, 121 W
Wed Feb 18 18:25:53 IST 2026, 112 W
Wed Feb 18 18:25:53 IST 2026, 123 W
Wed Feb 18 18:25:53 IST 2026, 126 W
Wed Feb 18 18:25:53 IST 2026, 147 W
Wed Feb 18 18:25:54 IST 2026, 117 W
Wed Feb 18 18:25:54 IST 2026, 114 W
Wed Feb 18 18:25:54 IST 2026, 126 W
Wed Feb 18 18:25:54 IST 2026, 113 W
Wed Feb 18 18:25:54 IST 2026, 104 W
Wed Feb 18 18:25:54 IST 2026, 119 W
Wed Feb 18 18:25:54 IST 2026, 113 W
Wed Feb 18 18:25:54 IST 2026, 134 W
Wed Feb 18 18:25:55 IST 2026, 119 W
Wed Feb 18 18:25:55 IST 2026, 116 W
Wed Feb 18 18:25:55 IST 2026, 132 W
Wed Feb 18 18:25:55 IST 2026, 125 W
Wed Feb 18 18:25:55 IST 2026, 107 W
Wed Feb 18 18:25:55 IST 2026, 122 W
Wed Feb 18 18:25:55 IST 2026, 123 W
Wed Feb 18 18:25:55 IST 2026, 136 W
Wed Feb 18 18:25:56 IST 2026, 117 W
Wed Feb 18 18:25:56 IST 2026, 116 W
Wed Feb 18 18:25:56 IST 2026, 130 W
Wed Feb 18 18:25:56 IST 2026, 121 W
Wed Feb 18 18:25:56 IST 2026, 110 W
Wed Feb 18 18:25:56 IST 2026, 122 W
Wed Feb 18 18:25:56 IST 2026, 119 W
Wed Feb 18 18:25:56 IST 2026, 133 W
Wed Feb 18 18:25:57 IST 2026, 117 W
Wed Feb 18 18:25:57 IST 2026, 114 W
Wed Feb 18 18:25:57 IST 2026, 126 W
Wed Feb 18 18:25:57 IST 2026, 119 W
Wed Feb 18 18:25:57 IST 2026, 106 W
Wed Feb 18 18:25:57 IST 2026, 119 W
Wed Feb 18 18:25:57 IST 2026, 118 W
Wed Feb 18 18:25:57 IST 2026, 136 W
Wed Feb 18 18:25:58 IST 2026, 123 W
Wed Feb 18 18:25:58 IST 2026, 121 W
Wed Feb 18 18:25:58 IST 2026, 128 W
Wed Feb 18 18:25:58 IST 2026, 121 W
Wed Feb 18 18:25:58 IST 2026, 114 W
Wed Feb 18 18:25:58 IST 2026, 128 W
Wed Feb 18 18:25:58 IST 2026, 126 W
Wed Feb 18 18:25:58 IST 2026, 137 W
Wed Feb 18 18:25:59 IST 2026, 117 W
Wed Feb 18 18:25:59 IST 2026, 113 W
Wed Feb 18 18:25:59 IST 2026, 121 W
Wed Feb 18 18:25:59 IST 2026, 115 W
Wed Feb 18 18:25:59 IST 2026, 109 W
Wed Feb 18 18:25:59 IST 2026, 119 W
Wed Feb 18 18:25:59 IST 2026, 111 W
Wed Feb 18 18:25:59 IST 2026, 131 W
Wed Feb 18 18:26:00 IST 2026, 111 W
Wed Feb 18 18:26:00 IST 2026, 118 W
Wed Feb 18 18:26:00 IST 2026, 122 W
Wed Feb 18 18:26:00 IST 2026, 114 W
Wed Feb 18 18:26:00 IST 2026, 106 W
Wed Feb 18 18:26:00 IST 2026, 119 W
Wed Feb 18 18:26:00 IST 2026, 116 W
Wed Feb 18 18:26:00 IST 2026, 137 W
Wed Feb 18 18:26:01 IST 2026, 124 W
Wed Feb 18 18:26:01 IST 2026, 119 W
Wed Feb 18 18:26:01 IST 2026, 131 W
Wed Feb 18 18:26:01 IST 2026, 118 W
Wed Feb 18 18:26:01 IST 2026, 107 W
Wed Feb 18 18:26:01 IST 2026, 128 W
Wed Feb 18 18:26:01 IST 2026, 116 W
Wed Feb 18 18:26:01 IST 2026, 139 W
Wed Feb 18 18:26:02 IST 2026, 121 W
Wed Feb 18 18:26:02 IST 2026, 118 W
Wed Feb 18 18:26:02 IST 2026, 135 W
Wed Feb 18 18:26:02 IST 2026, 123 W
Wed Feb 18 18:26:02 IST 2026, 109 W
Wed Feb 18 18:26:02 IST 2026, 118 W
Wed Feb 18 18:26:02 IST 2026, 124 W
Wed Feb 18 18:26:02 IST 2026, 143 W
Wed Feb 18 18:26:03 IST 2026, 113 W
Wed Feb 18 18:26:03 IST 2026, 115 W
Wed Feb 18 18:26:03 IST 2026, 133 W
Wed Feb 18 18:26:03 IST 2026, 128 W
Wed Feb 18 18:26:03 IST 2026, 109 W
Wed Feb 18 18:26:03 IST 2026, 125 W
Wed Feb 18 18:26:03 IST 2026, 124 W
Wed Feb 18 18:26:03 IST 2026, 138 W
Wed Feb 18 18:26:04 IST 2026, 118 W
Wed Feb 18 18:26:04 IST 2026, 118 W
Wed Feb 18 18:26:04 IST 2026, 118 W
Wed Feb 18 18:26:04 IST 2026, 116 W
Wed Feb 18 18:26:04 IST 2026, 107 W
Wed Feb 18 18:26:04 IST 2026, 120 W
Wed Feb 18 18:26:04 IST 2026, 122 W
Wed Feb 18 18:26:04 IST 2026, 129 W
Wed Feb 18 18:26:05 IST 2026, 118 W
Wed Feb 18 18:26:05 IST 2026, 118 W
Wed Feb 18 18:26:05 IST 2026, 131 W
Wed Feb 18 18:26:05 IST 2026, 122 W
Wed Feb 18 18:26:05 IST 2026, 107 W
Wed Feb 18 18:26:05 IST 2026, 122 W
Wed Feb 18 18:26:05 IST 2026, 118 W
Wed Feb 18 18:26:05 IST 2026, 137 W
Wed Feb 18 18:26:06 IST 2026, 116 W
Wed Feb 18 18:26:06 IST 2026, 125 W
Wed Feb 18 18:26:06 IST 2026, 131 W
Wed Feb 18 18:26:06 IST 2026, 117 W
Wed Feb 18 18:26:06 IST 2026, 107 W
Wed Feb 18 18:26:06 IST 2026, 124 W
Wed Feb 18 18:26:06 IST 2026, 124 W
Wed Feb 18 18:26:06 IST 2026, 135 W
Wed Feb 18 18:26:07 IST 2026, 112 W
Wed Feb 18 18:26:07 IST 2026, 118 W
Wed Feb 18 18:26:07 IST 2026, 126 W
Wed Feb 18 18:26:07 IST 2026, 119 W
Wed Feb 18 18:26:07 IST 2026, 111 W
Wed Feb 18 18:26:07 IST 2026, 125 W
Wed Feb 18 18:26:07 IST 2026, 127 W
Wed Feb 18 18:26:07 IST 2026, 133 W
Wed Feb 18 18:26:08 IST 2026, 117 W
Wed Feb 18 18:26:08 IST 2026, 119 W
Wed Feb 18 18:26:08 IST 2026, 128 W
Wed Feb 18 18:26:08 IST 2026, 119 W
Wed Feb 18 18:26:08 IST 2026, 107 W
Wed Feb 18 18:26:08 IST 2026, 124 W
Wed Feb 18 18:26:08 IST 2026, 126 W
Wed Feb 18 18:26:08 IST 2026, 144 W
Wed Feb 18 18:26:09 IST 2026, 130 W
Wed Feb 18 18:26:09 IST 2026, 122 W
Wed Feb 18 18:26:09 IST 2026, 138 W
Wed Feb 18 18:26:09 IST 2026, 123 W
Wed Feb 18 18:26:09 IST 2026, 112 W
Wed Feb 18 18:26:09 IST 2026, 131 W
Wed Feb 18 18:26:09 IST 2026, 130 W
Wed Feb 18 18:26:09 IST 2026, 136 W
Wed Feb 18 18:26:10 IST 2026, 119 W
Wed Feb 18 18:26:10 IST 2026, 118 W
Wed Feb 18 18:26:10 IST 2026, 130 W
Wed Feb 18 18:26:10 IST 2026, 119 W
Wed Feb 18 18:26:10 IST 2026, 104 W
Wed Feb 18 18:26:10 IST 2026, 118 W
Wed Feb 18 18:26:10 IST 2026, 121 W
Wed Feb 18 18:26:10 IST 2026, 136 W
Wed Feb 18 18:26:11 IST 2026, 125 W
Wed Feb 18 18:26:11 IST 2026, 123 W
Wed Feb 18 18:26:11 IST 2026, 141 W
Wed Feb 18 18:26:11 IST 2026, 129 W
Wed Feb 18 18:26:11 IST 2026, 113 W
Wed Feb 18 18:26:11 IST 2026, 122 W
Wed Feb 18 18:26:11 IST 2026, 124 W
Wed Feb 18 18:26:11 IST 2026, 139 W
Wed Feb 18 18:26:12 IST 2026, 136 W
Wed Feb 18 18:26:12 IST 2026, 127 W
Wed Feb 18 18:26:12 IST 2026, 142 W
Wed Feb 18 18:26:12 IST 2026, 128 W
Wed Feb 18 18:26:12 IST 2026, 109 W
Wed Feb 18 18:26:12 IST 2026, 136 W
Wed Feb 18 18:26:12 IST 2026, 135 W
Wed Feb 18 18:26:12 IST 2026, 150 W
Wed Feb 18 18:26:13 IST 2026, 123 W
Wed Feb 18 18:26:13 IST 2026, 120 W
Wed Feb 18 18:26:13 IST 2026, 128 W
Wed Feb 18 18:26:13 IST 2026, 117 W
Wed Feb 18 18:26:13 IST 2026, 113 W
Wed Feb 18 18:26:13 IST 2026, 119 W
Wed Feb 18 18:26:13 IST 2026, 125 W
Wed Feb 18 18:26:13 IST 2026, 146 W
Wed Feb 18 18:26:14 IST 2026, 118 W
Wed Feb 18 18:26:14 IST 2026, 122 W
Wed Feb 18 18:26:14 IST 2026, 133 W
Wed Feb 18 18:26:14 IST 2026, 122 W
Wed Feb 18 18:26:14 IST 2026, 109 W
Wed Feb 18 18:26:14 IST 2026, 126 W
Wed Feb 18 18:26:14 IST 2026, 125 W
Wed Feb 18 18:26:14 IST 2026, 135 W
Wed Feb 18 18:26:15 IST 2026, 114 W
Wed Feb 18 18:26:15 IST 2026, 112 W
Wed Feb 18 18:26:15 IST 2026, 125 W
Wed Feb 18 18:26:15 IST 2026, 119 W
Wed Feb 18 18:26:15 IST 2026, 104 W
Wed Feb 18 18:26:15 IST 2026, 115 W
Wed Feb 18 18:26:15 IST 2026, 116 W
Wed Feb 18 18:26:15 IST 2026, 133 W
Wed Feb 18 18:26:16 IST 2026, 126 W
Wed Feb 18 18:26:16 IST 2026, 120 W
Wed Feb 18 18:26:16 IST 2026, 132 W
Wed Feb 18 18:26:16 IST 2026, 123 W
Wed Feb 18 18:26:16 IST 2026, 111 W
Wed Feb 18 18:26:16 IST 2026, 123 W
Wed Feb 18 18:26:16 IST 2026, 127 W
Wed Feb 18 18:26:16 IST 2026, 138 W
Wed Feb 18 18:26:17 IST 2026, 128 W
Wed Feb 18 18:26:17 IST 2026, 120 W
Wed Feb 18 18:26:17 IST 2026, 134 W
Wed Feb 18 18:26:17 IST 2026, 125 W
Wed Feb 18 18:26:17 IST 2026, 111 W
Wed Feb 18 18:26:17 IST 2026, 128 W
Wed Feb 18 18:26:17 IST 2026, 129 W
Wed Feb 18 18:26:17 IST 2026, 140 W
Wed Feb 18 18:26:18 IST 2026, 118 W
Wed Feb 18 18:26:18 IST 2026, 115 W
Wed Feb 18 18:26:18 IST 2026, 130 W
Wed Feb 18 18:26:18 IST 2026, 120 W
Wed Feb 18 18:26:18 IST 2026, 109 W
Wed Feb 18 18:26:18 IST 2026, 118 W
Wed Feb 18 18:26:18 IST 2026, 122 W
Wed Feb 18 18:26:18 IST 2026, 142 W
Wed Feb 18 18:26:19 IST 2026, 94 W
Wed Feb 18 18:26:19 IST 2026, 106 W
Wed Feb 18 18:26:19 IST 2026, 114 W
Wed Feb 18 18:26:19 IST 2026, 104 W
Wed Feb 18 18:26:19 IST 2026, 89 W
Wed Feb 18 18:26:19 IST 2026, 101 W
Wed Feb 18 18:26:19 IST 2026, 99 W
Wed Feb 18 18:26:19 IST 2026, 117 W
Wed Feb 18 18:26:20 IST 2026, 117 W
Wed Feb 18 18:26:20 IST 2026, 115 W
Wed Feb 18 18:26:20 IST 2026, 124 W
Wed Feb 18 18:26:20 IST 2026, 119 W
Wed Feb 18 18:26:20 IST 2026, 106 W
Wed Feb 18 18:26:20 IST 2026, 121 W
Wed Feb 18 18:26:20 IST 2026, 126 W
Wed Feb 18 18:26:20 IST 2026, 125 W
Wed Feb 18 18:26:21 IST 2026, 125 W
Wed Feb 18 18:26:21 IST 2026, 119 W
Wed Feb 18 18:26:21 IST 2026, 122 W
Wed Feb 18 18:26:21 IST 2026, 117 W
Wed Feb 18 18:26:21 IST 2026, 107 W
Wed Feb 18 18:26:21 IST 2026, 122 W
Wed Feb 18 18:26:21 IST 2026, 114 W
Wed Feb 18 18:26:21 IST 2026, 135 W
Wed Feb 18 18:26:22 IST 2026, 118 W
Wed Feb 18 18:26:22 IST 2026, 118 W
Wed Feb 18 18:26:22 IST 2026, 129 W
Wed Feb 18 18:26:22 IST 2026, 117 W
Wed Feb 18 18:26:22 IST 2026, 102 W
Wed Feb 18 18:26:22 IST 2026, 121 W
Wed Feb 18 18:26:22 IST 2026, 114 W
Wed Feb 18 18:26:22 IST 2026, 140 W
Wed Feb 18 18:26:23 IST 2026, 118 W
Wed Feb 18 18:26:23 IST 2026, 120 W
Wed Feb 18 18:26:23 IST 2026, 124 W
Wed Feb 18 18:26:23 IST 2026, 115 W
Wed Feb 18 18:26:23 IST 2026, 102 W
Wed Feb 18 18:26:23 IST 2026, 122 W
Wed Feb 18 18:26:23 IST 2026, 119 W
Wed Feb 18 18:26:23 IST 2026, 134 W
Wed Feb 18 18:26:24 IST 2026, 118 W
Wed Feb 18 18:26:24 IST 2026, 113 W
Wed Feb 18 18:26:24 IST 2026, 124 W
Wed Feb 18 18:26:24 IST 2026, 119 W
Wed Feb 18 18:26:24 IST 2026, 105 W
Wed Feb 18 18:26:24 IST 2026, 128 W
Wed Feb 18 18:26:24 IST 2026, 116 W
Wed Feb 18 18:26:24 IST 2026, 133 W
Wed Feb 18 18:26:25 IST 2026, 119 W
Wed Feb 18 18:26:25 IST 2026, 114 W
Wed Feb 18 18:26:25 IST 2026, 126 W
Wed Feb 18 18:26:25 IST 2026, 117 W
Wed Feb 18 18:26:25 IST 2026, 105 W
Wed Feb 18 18:26:25 IST 2026, 122 W
Wed Feb 18 18:26:25 IST 2026, 116 W
Wed Feb 18 18:26:25 IST 2026, 138 W
Wed Feb 18 18:26:26 IST 2026, 124 W
Wed Feb 18 18:26:26 IST 2026, 121 W
Wed Feb 18 18:26:26 IST 2026, 130 W
Wed Feb 18 18:26:26 IST 2026, 121 W
Wed Feb 18 18:26:26 IST 2026, 111 W
Wed Feb 18 18:26:26 IST 2026, 123 W
Wed Feb 18 18:26:26 IST 2026, 116 W
Wed Feb 18 18:26:26 IST 2026, 136 W
Wed Feb 18 18:26:27 IST 2026, 122 W
Wed Feb 18 18:26:27 IST 2026, 119 W
Wed Feb 18 18:26:27 IST 2026, 126 W
Wed Feb 18 18:26:27 IST 2026, 122 W
Wed Feb 18 18:26:27 IST 2026, 114 W
Wed Feb 18 18:26:27 IST 2026, 128 W
Wed Feb 18 18:26:27 IST 2026, 116 W
Wed Feb 18 18:26:27 IST 2026, 143 W
Wed Feb 18 18:26:28 IST 2026, 122 W
Wed Feb 18 18:26:28 IST 2026, 121 W
Wed Feb 18 18:26:28 IST 2026, 136 W
Wed Feb 18 18:26:28 IST 2026, 119 W
Wed Feb 18 18:26:28 IST 2026, 108 W
Wed Feb 18 18:26:28 IST 2026, 127 W
Wed Feb 18 18:26:28 IST 2026, 118 W
Wed Feb 18 18:26:28 IST 2026, 137 W
Wed Feb 18 18:26:29 IST 2026, 122 W
Wed Feb 18 18:26:29 IST 2026, 120 W
Wed Feb 18 18:26:29 IST 2026, 131 W
Wed Feb 18 18:26:29 IST 2026, 121 W
Wed Feb 18 18:26:29 IST 2026, 110 W
Wed Feb 18 18:26:29 IST 2026, 123 W
Wed Feb 18 18:26:29 IST 2026, 123 W
Wed Feb 18 18:26:29 IST 2026, 130 W
Wed Feb 18 18:26:30 IST 2026, 125 W
Wed Feb 18 18:26:30 IST 2026, 118 W
Wed Feb 18 18:26:30 IST 2026, 133 W
Wed Feb 18 18:26:30 IST 2026, 124 W
Wed Feb 18 18:26:30 IST 2026, 109 W
Wed Feb 18 18:26:30 IST 2026, 126 W
Wed Feb 18 18:26:30 IST 2026, 119 W
Wed Feb 18 18:26:30 IST 2026, 134 W
Wed Feb 18 18:26:31 IST 2026, 127 W
Wed Feb 18 18:26:31 IST 2026, 121 W
Wed Feb 18 18:26:31 IST 2026, 131 W
Wed Feb 18 18:26:31 IST 2026, 122 W
Wed Feb 18 18:26:31 IST 2026, 113 W
Wed Feb 18 18:26:31 IST 2026, 123 W
Wed Feb 18 18:26:31 IST 2026, 116 W
Wed Feb 18 18:26:31 IST 2026, 146 W
Wed Feb 18 18:26:32 IST 2026, 126 W
Wed Feb 18 18:26:32 IST 2026, 121 W
Wed Feb 18 18:26:32 IST 2026, 122 W
Wed Feb 18 18:26:32 IST 2026, 121 W
Wed Feb 18 18:26:32 IST 2026, 113 W
Wed Feb 18 18:26:32 IST 2026, 127 W
Wed Feb 18 18:26:32 IST 2026, 124 W
Wed Feb 18 18:26:32 IST 2026, 141 W
Wed Feb 18 18:26:33 IST 2026, 123 W
Wed Feb 18 18:26:33 IST 2026, 123 W
Wed Feb 18 18:26:33 IST 2026, 121 W
Wed Feb 18 18:26:33 IST 2026, 121 W
Wed Feb 18 18:26:33 IST 2026, 112 W
Wed Feb 18 18:26:33 IST 2026, 123 W
Wed Feb 18 18:26:33 IST 2026, 125 W
Wed Feb 18 18:26:33 IST 2026, 140 W
Wed Feb 18 18:26:34 IST 2026, 123 W
Wed Feb 18 18:26:34 IST 2026, 118 W
Wed Feb 18 18:26:34 IST 2026, 134 W
Wed Feb 18 18:26:34 IST 2026, 131 W
Wed Feb 18 18:26:34 IST 2026, 108 W
Wed Feb 18 18:26:34 IST 2026, 125 W
Wed Feb 18 18:26:34 IST 2026, 120 W
Wed Feb 18 18:26:34 IST 2026, 139 W
Wed Feb 18 18:26:35 IST 2026, 118 W
Wed Feb 18 18:26:35 IST 2026, 110 W
Wed Feb 18 18:26:35 IST 2026, 123 W
Wed Feb 18 18:26:35 IST 2026, 111 W
Wed Feb 18 18:26:35 IST 2026, 103 W
Wed Feb 18 18:26:35 IST 2026, 120 W
Wed Feb 18 18:26:35 IST 2026, 113 W
Wed Feb 18 18:26:35 IST 2026, 132 W
Wed Feb 18 18:26:36 IST 2026, 119 W
Wed Feb 18 18:26:36 IST 2026, 117 W
Wed Feb 18 18:26:36 IST 2026, 129 W
Wed Feb 18 18:26:36 IST 2026, 119 W
Wed Feb 18 18:26:36 IST 2026, 107 W
Wed Feb 18 18:26:36 IST 2026, 124 W
Wed Feb 18 18:26:36 IST 2026, 123 W
Wed Feb 18 18:26:36 IST 2026, 142 W
Wed Feb 18 18:26:37 IST 2026, 114 W
Wed Feb 18 18:26:37 IST 2026, 117 W
Wed Feb 18 18:26:37 IST 2026, 126 W
Wed Feb 18 18:26:37 IST 2026, 115 W
Wed Feb 18 18:26:37 IST 2026, 108 W
Wed Feb 18 18:26:37 IST 2026, 120 W
Wed Feb 18 18:26:37 IST 2026, 112 W
Wed Feb 18 18:26:37 IST 2026, 133 W
Wed Feb 18 18:26:38 IST 2026, 121 W
Wed Feb 18 18:26:38 IST 2026, 115 W
Wed Feb 18 18:26:38 IST 2026, 131 W
Wed Feb 18 18:26:38 IST 2026, 124 W
Wed Feb 18 18:26:38 IST 2026, 111 W
Wed Feb 18 18:26:38 IST 2026, 124 W
Wed Feb 18 18:26:38 IST 2026, 117 W
Wed Feb 18 18:26:38 IST 2026, 137 W
Wed Feb 18 18:26:39 IST 2026, 123 W
Wed Feb 18 18:26:39 IST 2026, 117 W
Wed Feb 18 18:26:39 IST 2026, 130 W
Wed Feb 18 18:26:39 IST 2026, 121 W
Wed Feb 18 18:26:39 IST 2026, 110 W
Wed Feb 18 18:26:39 IST 2026, 122 W
Wed Feb 18 18:26:39 IST 2026, 117 W
Wed Feb 18 18:26:39 IST 2026, 138 W
Wed Feb 18 18:26:40 IST 2026, 121 W
Wed Feb 18 18:26:40 IST 2026, 113 W
Wed Feb 18 18:26:40 IST 2026, 123 W
Wed Feb 18 18:26:40 IST 2026, 119 W
Wed Feb 18 18:26:40 IST 2026, 107 W
Wed Feb 18 18:26:40 IST 2026, 119 W
Wed Feb 18 18:26:40 IST 2026, 117 W
Wed Feb 18 18:26:40 IST 2026, 133 W
Wed Feb 18 18:26:41 IST 2026, 124 W
Wed Feb 18 18:26:41 IST 2026, 116 W
Wed Feb 18 18:26:41 IST 2026, 127 W
Wed Feb 18 18:26:41 IST 2026, 120 W
Wed Feb 18 18:26:41 IST 2026, 107 W
Wed Feb 18 18:26:41 IST 2026, 126 W
Wed Feb 18 18:26:41 IST 2026, 115 W
Wed Feb 18 18:26:41 IST 2026, 134 W
Wed Feb 18 18:26:42 IST 2026, 121 W
Wed Feb 18 18:26:42 IST 2026, 119 W
Wed Feb 18 18:26:42 IST 2026, 130 W
Wed Feb 18 18:26:42 IST 2026, 122 W
Wed Feb 18 18:26:42 IST 2026, 114 W
Wed Feb 18 18:26:42 IST 2026, 126 W
Wed Feb 18 18:26:42 IST 2026, 128 W
Wed Feb 18 18:26:42 IST 2026, 139 W
Wed Feb 18 18:26:43 IST 2026, 126 W
Wed Feb 18 18:26:43 IST 2026, 119 W
Wed Feb 18 18:26:43 IST 2026, 128 W
Wed Feb 18 18:26:43 IST 2026, 123 W
Wed Feb 18 18:26:43 IST 2026, 113 W
Wed Feb 18 18:26:43 IST 2026, 123 W
Wed Feb 18 18:26:43 IST 2026, 127 W
Wed Feb 18 18:26:43 IST 2026, 142 W
Wed Feb 18 18:26:44 IST 2026, 119 W
Wed Feb 18 18:26:44 IST 2026, 119 W
Wed Feb 18 18:26:44 IST 2026, 132 W
Wed Feb 18 18:26:44 IST 2026, 116 W
Wed Feb 18 18:26:44 IST 2026, 105 W
Wed Feb 18 18:26:44 IST 2026, 128 W
Wed Feb 18 18:26:44 IST 2026, 121 W
Wed Feb 18 18:26:44 IST 2026, 139 W
Wed Feb 18 18:26:45 IST 2026, 118 W
Wed Feb 18 18:26:45 IST 2026, 119 W
Wed Feb 18 18:26:45 IST 2026, 137 W
Wed Feb 18 18:26:45 IST 2026, 115 W
Wed Feb 18 18:26:45 IST 2026, 105 W
Wed Feb 18 18:26:45 IST 2026, 127 W
Wed Feb 18 18:26:45 IST 2026, 120 W
Wed Feb 18 18:26:45 IST 2026, 147 W
Wed Feb 18 18:26:46 IST 2026, 126 W
Wed Feb 18 18:26:46 IST 2026, 119 W
Wed Feb 18 18:26:46 IST 2026, 128 W
Wed Feb 18 18:26:46 IST 2026, 120 W
Wed Feb 18 18:26:46 IST 2026, 110 W
Wed Feb 18 18:26:46 IST 2026, 126 W
Wed Feb 18 18:26:46 IST 2026, 120 W
Wed Feb 18 18:26:46 IST 2026, 145 W
Wed Feb 18 18:26:47 IST 2026, 121 W
Wed Feb 18 18:26:47 IST 2026, 117 W
Wed Feb 18 18:26:47 IST 2026, 137 W
Wed Feb 18 18:26:47 IST 2026, 119 W
Wed Feb 18 18:26:47 IST 2026, 102 W
Wed Feb 18 18:26:47 IST 2026, 125 W
Wed Feb 18 18:26:47 IST 2026, 115 W
Wed Feb 18 18:26:47 IST 2026, 139 W
Wed Feb 18 18:26:48 IST 2026, 116 W
Wed Feb 18 18:26:48 IST 2026, 118 W
Wed Feb 18 18:26:48 IST 2026, 121 W
Wed Feb 18 18:26:48 IST 2026, 113 W
Wed Feb 18 18:26:48 IST 2026, 106 W
Wed Feb 18 18:26:48 IST 2026, 118 W
Wed Feb 18 18:26:48 IST 2026, 111 W
Wed Feb 18 18:26:48 IST 2026, 130 W
Wed Feb 18 18:26:49 IST 2026, 119 W
Wed Feb 18 18:26:49 IST 2026, 115 W
Wed Feb 18 18:26:49 IST 2026, 132 W
Wed Feb 18 18:26:49 IST 2026, 115 W
Wed Feb 18 18:26:49 IST 2026, 105 W
Wed Feb 18 18:26:49 IST 2026, 123 W
Wed Feb 18 18:26:49 IST 2026, 115 W
Wed Feb 18 18:26:49 IST 2026, 129 W
Wed Feb 18 18:26:50 IST 2026, 125 W
Wed Feb 18 18:26:50 IST 2026, 119 W
Wed Feb 18 18:26:50 IST 2026, 128 W
Wed Feb 18 18:26:50 IST 2026, 118 W
Wed Feb 18 18:26:50 IST 2026, 105 W
Wed Feb 18 18:26:50 IST 2026, 124 W
Wed Feb 18 18:26:50 IST 2026, 114 W
Wed Feb 18 18:26:50 IST 2026, 135 W
Wed Feb 18 18:26:51 IST 2026, 120 W
Wed Feb 18 18:26:51 IST 2026, 118 W
Wed Feb 18 18:26:51 IST 2026, 124 W
Wed Feb 18 18:26:51 IST 2026, 117 W
Wed Feb 18 18:26:51 IST 2026, 106 W
Wed Feb 18 18:26:51 IST 2026, 123 W
Wed Feb 18 18:26:51 IST 2026, 113 W
Wed Feb 18 18:26:51 IST 2026, 136 W
Wed Feb 18 18:26:52 IST 2026, 121 W
Wed Feb 18 18:26:52 IST 2026, 119 W
Wed Feb 18 18:26:52 IST 2026, 126 W
Wed Feb 18 18:26:52 IST 2026, 119 W
Wed Feb 18 18:26:52 IST 2026, 112 W
Wed Feb 18 18:26:52 IST 2026, 125 W
Wed Feb 18 18:26:52 IST 2026, 116 W
Wed Feb 18 18:26:52 IST 2026, 139 W
Wed Feb 18 18:26:53 IST 2026, 119 W
Wed Feb 18 18:26:53 IST 2026, 111 W
Wed Feb 18 18:26:53 IST 2026, 131 W
Wed Feb 18 18:26:53 IST 2026, 118 W
Wed Feb 18 18:26:53 IST 2026, 102 W
Wed Feb 18 18:26:53 IST 2026, 115 W
Wed Feb 18 18:26:53 IST 2026, 117 W
Wed Feb 18 18:26:53 IST 2026, 138 W
Wed Feb 18 18:26:54 IST 2026, 125 W
Wed Feb 18 18:26:54 IST 2026, 120 W
Wed Feb 18 18:26:54 IST 2026, 132 W
Wed Feb 18 18:26:54 IST 2026, 124 W
Wed Feb 18 18:26:54 IST 2026, 114 W
Wed Feb 18 18:26:54 IST 2026, 129 W
Wed Feb 18 18:26:54 IST 2026, 132 W
Wed Feb 18 18:26:54 IST 2026, 133 W
Wed Feb 18 18:26:55 IST 2026, 128 W
Wed Feb 18 18:26:55 IST 2026, 120 W
Wed Feb 18 18:26:55 IST 2026, 123 W
Wed Feb 18 18:26:55 IST 2026, 127 W
Wed Feb 18 18:26:55 IST 2026, 113 W
Wed Feb 18 18:26:55 IST 2026, 128 W
Wed Feb 18 18:26:55 IST 2026, 130 W
Wed Feb 18 18:26:55 IST 2026, 145 W
Wed Feb 18 18:26:56 IST 2026, 113 W
Wed Feb 18 18:26:56 IST 2026, 119 W
Wed Feb 18 18:26:56 IST 2026, 123 W
Wed Feb 18 18:26:56 IST 2026, 118 W
Wed Feb 18 18:26:56 IST 2026, 103 W
Wed Feb 18 18:26:56 IST 2026, 124 W
Wed Feb 18 18:26:56 IST 2026, 122 W
Wed Feb 18 18:26:56 IST 2026, 137 W
Wed Feb 18 18:26:57 IST 2026, 121 W
Wed Feb 18 18:26:57 IST 2026, 121 W
Wed Feb 18 18:26:57 IST 2026, 133 W
Wed Feb 18 18:26:57 IST 2026, 123 W
Wed Feb 18 18:26:57 IST 2026, 109 W
Wed Feb 18 18:26:57 IST 2026, 127 W
Wed Feb 18 18:26:57 IST 2026, 124 W
Wed Feb 18 18:26:57 IST 2026, 136 W
Wed Feb 18 18:26:58 IST 2026, 112 W
Wed Feb 18 18:26:58 IST 2026, 110 W
Wed Feb 18 18:26:58 IST 2026, 127 W
Wed Feb 18 18:26:58 IST 2026, 112 W
Wed Feb 18 18:26:58 IST 2026, 99 W
Wed Feb 18 18:26:58 IST 2026, 119 W
Wed Feb 18 18:26:58 IST 2026, 109 W
Wed Feb 18 18:26:58 IST 2026, 131 W
Wed Feb 18 18:26:59 IST 2026, 124 W
Wed Feb 18 18:26:59 IST 2026, 123 W
Wed Feb 18 18:26:59 IST 2026, 133 W
Wed Feb 18 18:26:59 IST 2026, 123 W
Wed Feb 18 18:26:59 IST 2026, 113 W
Wed Feb 18 18:26:59 IST 2026, 130 W
Wed Feb 18 18:26:59 IST 2026, 128 W
Wed Feb 18 18:26:59 IST 2026, 131 W
Wed Feb 18 18:27:00 IST 2026, 125 W
Wed Feb 18 18:27:00 IST 2026, 120 W
Wed Feb 18 18:27:00 IST 2026, 133 W
Wed Feb 18 18:27:00 IST 2026, 121 W
Wed Feb 18 18:27:00 IST 2026, 110 W
Wed Feb 18 18:27:00 IST 2026, 129 W
Wed Feb 18 18:27:00 IST 2026, 127 W
Wed Feb 18 18:27:00 IST 2026, 144 W
Wed Feb 18 18:27:01 IST 2026, 129 W
Wed Feb 18 18:27:01 IST 2026, 120 W
Wed Feb 18 18:27:01 IST 2026, 135 W
Wed Feb 18 18:27:01 IST 2026, 122 W
Wed Feb 18 18:27:01 IST 2026, 111 W
Wed Feb 18 18:27:01 IST 2026, 128 W
Wed Feb 18 18:27:01 IST 2026, 130 W
Wed Feb 18 18:27:01 IST 2026, 144 W
Wed Feb 18 18:27:02 IST 2026, 128 W
Wed Feb 18 18:27:02 IST 2026, 125 W
Wed Feb 18 18:27:02 IST 2026, 140 W
Wed Feb 18 18:27:02 IST 2026, 122 W
Wed Feb 18 18:27:02 IST 2026, 113 W
Wed Feb 18 18:27:02 IST 2026, 137 W
Wed Feb 18 18:27:02 IST 2026, 128 W
Wed Feb 18 18:27:02 IST 2026, 136 W
Wed Feb 18 18:27:03 IST 2026, 128 W
Wed Feb 18 18:27:03 IST 2026, 119 W
Wed Feb 18 18:27:03 IST 2026, 132 W
Wed Feb 18 18:27:03 IST 2026, 124 W
Wed Feb 18 18:27:03 IST 2026, 110 W
Wed Feb 18 18:27:03 IST 2026, 132 W
Wed Feb 18 18:27:03 IST 2026, 128 W
Wed Feb 18 18:27:03 IST 2026, 143 W
Wed Feb 18 18:27:04 IST 2026, 129 W
Wed Feb 18 18:27:04 IST 2026, 116 W
Wed Feb 18 18:27:04 IST 2026, 139 W
Wed Feb 18 18:27:04 IST 2026, 122 W
Wed Feb 18 18:27:04 IST 2026, 111 W
Wed Feb 18 18:27:04 IST 2026, 123 W
Wed Feb 18 18:27:04 IST 2026, 123 W
Wed Feb 18 18:27:04 IST 2026, 138 W
Wed Feb 18 18:27:05 IST 2026, 126 W
Wed Feb 18 18:27:05 IST 2026, 120 W
Wed Feb 18 18:27:05 IST 2026, 136 W
Wed Feb 18 18:27:05 IST 2026, 124 W
Wed Feb 18 18:27:05 IST 2026, 113 W
Wed Feb 18 18:27:05 IST 2026, 125 W
Wed Feb 18 18:27:05 IST 2026, 128 W
Wed Feb 18 18:27:05 IST 2026, 139 W
Wed Feb 18 18:27:06 IST 2026, 112 W
Wed Feb 18 18:27:06 IST 2026, 115 W
Wed Feb 18 18:27:06 IST 2026, 125 W
Wed Feb 18 18:27:06 IST 2026, 122 W
Wed Feb 18 18:27:06 IST 2026, 103 W
Wed Feb 18 18:27:06 IST 2026, 119 W
Wed Feb 18 18:27:06 IST 2026, 125 W
Wed Feb 18 18:27:06 IST 2026, 133 W
Wed Feb 18 18:27:07 IST 2026, 125 W
Wed Feb 18 18:27:07 IST 2026, 120 W
Wed Feb 18 18:27:07 IST 2026, 127 W
Wed Feb 18 18:27:07 IST 2026, 124 W
Wed Feb 18 18:27:07 IST 2026, 116 W
Wed Feb 18 18:27:07 IST 2026, 130 W
Wed Feb 18 18:27:07 IST 2026, 127 W
Wed Feb 18 18:27:07 IST 2026, 139 W
Wed Feb 18 18:27:08 IST 2026, 116 W
Wed Feb 18 18:27:08 IST 2026, 115 W
Wed Feb 18 18:27:08 IST 2026, 128 W
Wed Feb 18 18:27:08 IST 2026, 119 W
Wed Feb 18 18:27:08 IST 2026, 109 W
Wed Feb 18 18:27:08 IST 2026, 123 W
Wed Feb 18 18:27:08 IST 2026, 121 W
Wed Feb 18 18:27:08 IST 2026, 142 W
Wed Feb 18 18:27:09 IST 2026, 119 W
Wed Feb 18 18:27:09 IST 2026, 111 W
Wed Feb 18 18:27:09 IST 2026, 127 W
Wed Feb 18 18:27:09 IST 2026, 119 W
Wed Feb 18 18:27:09 IST 2026, 103 W
Wed Feb 18 18:27:09 IST 2026, 123 W
Wed Feb 18 18:27:09 IST 2026, 114 W
Wed Feb 18 18:27:09 IST 2026, 135 W
Wed Feb 18 18:27:10 IST 2026, 122 W
Wed Feb 18 18:27:10 IST 2026, 117 W
Wed Feb 18 18:27:10 IST 2026, 133 W
Wed Feb 18 18:27:10 IST 2026, 121 W
Wed Feb 18 18:27:10 IST 2026, 112 W
Wed Feb 18 18:27:10 IST 2026, 124 W
Wed Feb 18 18:27:10 IST 2026, 128 W
Wed Feb 18 18:27:10 IST 2026, 134 W
Wed Feb 18 18:27:11 IST 2026, 126 W
Wed Feb 18 18:27:11 IST 2026, 115 W
Wed Feb 18 18:27:11 IST 2026, 141 W
Wed Feb 18 18:27:11 IST 2026, 118 W
Wed Feb 18 18:27:11 IST 2026, 112 W
Wed Feb 18 18:27:11 IST 2026, 128 W
Wed Feb 18 18:27:11 IST 2026, 125 W
Wed Feb 18 18:27:11 IST 2026, 143 W
Wed Feb 18 18:27:12 IST 2026, 121 W
Wed Feb 18 18:27:12 IST 2026, 116 W
Wed Feb 18 18:27:12 IST 2026, 127 W
Wed Feb 18 18:27:12 IST 2026, 122 W
Wed Feb 18 18:27:12 IST 2026, 110 W
Wed Feb 18 18:27:12 IST 2026, 121 W
Wed Feb 18 18:27:12 IST 2026, 113 W
Wed Feb 18 18:27:12 IST 2026, 133 W
Wed Feb 18 18:27:13 IST 2026, 121 W
Wed Feb 18 18:27:13 IST 2026, 117 W
Wed Feb 18 18:27:13 IST 2026, 125 W
Wed Feb 18 18:27:13 IST 2026, 121 W
Wed Feb 18 18:27:13 IST 2026, 109 W
Wed Feb 18 18:27:13 IST 2026, 124 W
Wed Feb 18 18:27:13 IST 2026, 120 W
Wed Feb 18 18:27:13 IST 2026, 144 W
Wed Feb 18 18:27:14 IST 2026, 114 W
Wed Feb 18 18:27:14 IST 2026, 113 W
Wed Feb 18 18:27:14 IST 2026, 124 W
Wed Feb 18 18:27:14 IST 2026, 119 W
Wed Feb 18 18:27:14 IST 2026, 102 W
Wed Feb 18 18:27:14 IST 2026, 118 W
Wed Feb 18 18:27:14 IST 2026, 120 W
Wed Feb 18 18:27:14 IST 2026, 136 W
Wed Feb 18 18:27:15 IST 2026, 119 W
Wed Feb 18 18:27:15 IST 2026, 114 W
Wed Feb 18 18:27:15 IST 2026, 134 W
Wed Feb 18 18:27:15 IST 2026, 120 W
Wed Feb 18 18:27:15 IST 2026, 107 W
Wed Feb 18 18:27:15 IST 2026, 124 W
Wed Feb 18 18:27:15 IST 2026, 125 W
Wed Feb 18 18:27:15 IST 2026, 136 W
Wed Feb 18 18:27:16 IST 2026, 126 W
Wed Feb 18 18:27:16 IST 2026, 122 W
Wed Feb 18 18:27:16 IST 2026, 135 W
Wed Feb 18 18:27:16 IST 2026, 121 W
Wed Feb 18 18:27:16 IST 2026, 111 W
Wed Feb 18 18:27:16 IST 2026, 128 W
Wed Feb 18 18:27:16 IST 2026, 127 W
Wed Feb 18 18:27:16 IST 2026, 137 W
Wed Feb 18 18:27:17 IST 2026, 115 W
Wed Feb 18 18:27:17 IST 2026, 114 W
Wed Feb 18 18:27:17 IST 2026, 122 W
Wed Feb 18 18:27:17 IST 2026, 115 W
Wed Feb 18 18:27:17 IST 2026, 104 W
Wed Feb 18 18:27:17 IST 2026, 119 W
Wed Feb 18 18:27:17 IST 2026, 116 W
Wed Feb 18 18:27:17 IST 2026, 142 W
Wed Feb 18 18:27:18 IST 2026, 125 W
Wed Feb 18 18:27:18 IST 2026, 122 W
Wed Feb 18 18:27:18 IST 2026, 126 W
Wed Feb 18 18:27:18 IST 2026, 117 W
Wed Feb 18 18:27:18 IST 2026, 110 W
Wed Feb 18 18:27:18 IST 2026, 115 W
Wed Feb 18 18:27:18 IST 2026, 130 W
Wed Feb 18 18:27:18 IST 2026, 139 W
Wed Feb 18 18:27:19 IST 2026, 120 W
Wed Feb 18 18:27:19 IST 2026, 112 W
Wed Feb 18 18:27:19 IST 2026, 126 W
Wed Feb 18 18:27:19 IST 2026, 119 W
Wed Feb 18 18:27:19 IST 2026, 105 W
Wed Feb 18 18:27:19 IST 2026, 124 W
Wed Feb 18 18:27:19 IST 2026, 119 W
Wed Feb 18 18:27:19 IST 2026, 127 W
Wed Feb 18 18:27:20 IST 2026, 120 W
Wed Feb 18 18:27:20 IST 2026, 123 W
Wed Feb 18 18:27:20 IST 2026, 128 W
Wed Feb 18 18:27:20 IST 2026, 120 W
Wed Feb 18 18:27:20 IST 2026, 105 W
Wed Feb 18 18:27:20 IST 2026, 127 W
Wed Feb 18 18:27:20 IST 2026, 120 W
Wed Feb 18 18:27:20 IST 2026, 136 W
Wed Feb 18 18:27:21 IST 2026, 124 W
Wed Feb 18 18:27:21 IST 2026, 121 W
Wed Feb 18 18:27:21 IST 2026, 138 W
Wed Feb 18 18:27:21 IST 2026, 120 W
Wed Feb 18 18:27:21 IST 2026, 110 W
Wed Feb 18 18:27:21 IST 2026, 128 W
Wed Feb 18 18:27:21 IST 2026, 127 W
Wed Feb 18 18:27:21 IST 2026, 135 W
Wed Feb 18 18:27:22 IST 2026, 124 W
Wed Feb 18 18:27:22 IST 2026, 127 W
Wed Feb 18 18:27:22 IST 2026, 147 W
Wed Feb 18 18:27:22 IST 2026, 128 W
Wed Feb 18 18:27:22 IST 2026, 119 W
Wed Feb 18 18:27:22 IST 2026, 135 W
Wed Feb 18 18:27:22 IST 2026, 137 W
Wed Feb 18 18:27:22 IST 2026, 145 W
Wed Feb 18 18:27:23 IST 2026, 118 W
Wed Feb 18 18:27:23 IST 2026, 120 W
Wed Feb 18 18:27:23 IST 2026, 126 W
Wed Feb 18 18:27:23 IST 2026, 120 W
Wed Feb 18 18:27:23 IST 2026, 110 W
Wed Feb 18 18:27:23 IST 2026, 126 W
Wed Feb 18 18:27:23 IST 2026, 120 W
Wed Feb 18 18:27:23 IST 2026, 138 W
Wed Feb 18 18:27:24 IST 2026, 119 W
Wed Feb 18 18:27:24 IST 2026, 121 W
Wed Feb 18 18:27:24 IST 2026, 133 W
Wed Feb 18 18:27:24 IST 2026, 125 W
Wed Feb 18 18:27:24 IST 2026, 109 W
Wed Feb 18 18:27:24 IST 2026, 124 W
Wed Feb 18 18:27:24 IST 2026, 126 W
Wed Feb 18 18:27:24 IST 2026, 147 W
Wed Feb 18 18:27:25 IST 2026, 138 W
Wed Feb 18 18:27:25 IST 2026, 135 W
Wed Feb 18 18:27:25 IST 2026, 140 W
Wed Feb 18 18:27:25 IST 2026, 134 W
Wed Feb 18 18:27:25 IST 2026, 128 W
Wed Feb 18 18:27:25 IST 2026, 139 W
Wed Feb 18 18:27:25 IST 2026, 144 W
Wed Feb 18 18:27:25 IST 2026, 152 W
Wed Feb 18 18:27:26 IST 2026, 124 W
Wed Feb 18 18:27:26 IST 2026, 121 W
Wed Feb 18 18:27:26 IST 2026, 126 W
Wed Feb 18 18:27:26 IST 2026, 124 W
Wed Feb 18 18:27:26 IST 2026, 108 W
Wed Feb 18 18:27:26 IST 2026, 124 W
Wed Feb 18 18:27:26 IST 2026, 111 W
Wed Feb 18 18:27:26 IST 2026, 139 W
Wed Feb 18 18:27:27 IST 2026, 115 W
Wed Feb 18 18:27:27 IST 2026, 115 W
Wed Feb 18 18:27:27 IST 2026, 127 W
Wed Feb 18 18:27:27 IST 2026, 114 W
Wed Feb 18 18:27:27 IST 2026, 106 W
Wed Feb 18 18:27:27 IST 2026, 124 W
Wed Feb 18 18:27:27 IST 2026, 118 W
Wed Feb 18 18:27:27 IST 2026, 140 W
Wed Feb 18 18:27:28 IST 2026, 122 W
Wed Feb 18 18:27:28 IST 2026, 117 W
Wed Feb 18 18:27:28 IST 2026, 128 W
Wed Feb 18 18:27:28 IST 2026, 118 W
Wed Feb 18 18:27:28 IST 2026, 108 W
Wed Feb 18 18:27:28 IST 2026, 125 W
Wed Feb 18 18:27:28 IST 2026, 120 W
Wed Feb 18 18:27:28 IST 2026, 134 W
Wed Feb 18 18:27:29 IST 2026, 119 W
Wed Feb 18 18:27:29 IST 2026, 121 W
Wed Feb 18 18:27:29 IST 2026, 135 W
Wed Feb 18 18:27:29 IST 2026, 123 W
Wed Feb 18 18:27:29 IST 2026, 111 W
Wed Feb 18 18:27:29 IST 2026, 126 W
Wed Feb 18 18:27:29 IST 2026, 122 W
Wed Feb 18 18:27:29 IST 2026, 142 W
Wed Feb 18 18:27:30 IST 2026, 123 W
Wed Feb 18 18:27:30 IST 2026, 115 W
Wed Feb 18 18:27:30 IST 2026, 135 W
Wed Feb 18 18:27:30 IST 2026, 119 W
Wed Feb 18 18:27:30 IST 2026, 108 W
Wed Feb 18 18:27:30 IST 2026, 123 W
Wed Feb 18 18:27:30 IST 2026, 122 W
Wed Feb 18 18:27:30 IST 2026, 141 W
Wed Feb 18 18:27:31 IST 2026, 128 W
Wed Feb 18 18:27:31 IST 2026, 122 W
Wed Feb 18 18:27:31 IST 2026, 129 W
Wed Feb 18 18:27:31 IST 2026, 129 W
Wed Feb 18 18:27:31 IST 2026, 113 W
Wed Feb 18 18:27:31 IST 2026, 123 W
Wed Feb 18 18:27:31 IST 2026, 124 W
Wed Feb 18 18:27:31 IST 2026, 137 W
Wed Feb 18 18:27:32 IST 2026, 123 W
Wed Feb 18 18:27:32 IST 2026, 116 W
Wed Feb 18 18:27:32 IST 2026, 131 W
Wed Feb 18 18:27:32 IST 2026, 122 W
Wed Feb 18 18:27:32 IST 2026, 102 W
Wed Feb 18 18:27:32 IST 2026, 131 W
Wed Feb 18 18:27:32 IST 2026, 122 W
Wed Feb 18 18:27:32 IST 2026, 146 W
Wed Feb 18 18:27:33 IST 2026, 130 W
Wed Feb 18 18:27:33 IST 2026, 122 W
Wed Feb 18 18:27:33 IST 2026, 133 W
Wed Feb 18 18:27:33 IST 2026, 120 W
Wed Feb 18 18:27:33 IST 2026, 115 W
Wed Feb 18 18:27:33 IST 2026, 120 W
Wed Feb 18 18:27:33 IST 2026, 128 W
Wed Feb 18 18:27:33 IST 2026, 147 W
Wed Feb 18 18:27:34 IST 2026, 122 W
Wed Feb 18 18:27:34 IST 2026, 120 W
Wed Feb 18 18:27:34 IST 2026, 132 W
Wed Feb 18 18:27:34 IST 2026, 124 W
Wed Feb 18 18:27:34 IST 2026, 110 W
Wed Feb 18 18:27:34 IST 2026, 122 W
Wed Feb 18 18:27:34 IST 2026, 122 W
Wed Feb 18 18:27:34 IST 2026, 145 W
Wed Feb 18 18:27:35 IST 2026, 122 W
Wed Feb 18 18:27:35 IST 2026, 118 W
Wed Feb 18 18:27:35 IST 2026, 122 W
Wed Feb 18 18:27:35 IST 2026, 123 W
Wed Feb 18 18:27:35 IST 2026, 110 W
Wed Feb 18 18:27:35 IST 2026, 121 W
Wed Feb 18 18:27:35 IST 2026, 119 W
Wed Feb 18 18:27:35 IST 2026, 131 W
Wed Feb 18 18:27:36 IST 2026, 117 W
Wed Feb 18 18:27:36 IST 2026, 115 W
Wed Feb 18 18:27:36 IST 2026, 125 W
Wed Feb 18 18:27:36 IST 2026, 120 W
Wed Feb 18 18:27:36 IST 2026, 109 W
Wed Feb 18 18:27:36 IST 2026, 118 W
Wed Feb 18 18:27:36 IST 2026, 112 W
Wed Feb 18 18:27:36 IST 2026, 135 W
Wed Feb 18 18:27:37 IST 2026, 121 W
Wed Feb 18 18:27:37 IST 2026, 118 W
Wed Feb 18 18:27:37 IST 2026, 123 W
Wed Feb 18 18:27:37 IST 2026, 116 W
Wed Feb 18 18:27:37 IST 2026, 106 W
Wed Feb 18 18:27:37 IST 2026, 123 W
Wed Feb 18 18:27:37 IST 2026, 130 W
Wed Feb 18 18:27:37 IST 2026, 138 W
Wed Feb 18 18:27:38 IST 2026, 122 W
Wed Feb 18 18:27:38 IST 2026, 121 W
Wed Feb 18 18:27:38 IST 2026, 126 W
Wed Feb 18 18:27:38 IST 2026, 117 W
Wed Feb 18 18:27:38 IST 2026, 109 W
Wed Feb 18 18:27:38 IST 2026, 124 W
Wed Feb 18 18:27:38 IST 2026, 120 W
Wed Feb 18 18:27:38 IST 2026, 142 W
Wed Feb 18 18:27:39 IST 2026, 122 W
Wed Feb 18 18:27:39 IST 2026, 117 W
Wed Feb 18 18:27:39 IST 2026, 123 W
Wed Feb 18 18:27:39 IST 2026, 121 W
Wed Feb 18 18:27:39 IST 2026, 112 W
Wed Feb 18 18:27:39 IST 2026, 121 W
Wed Feb 18 18:27:39 IST 2026, 117 W
Wed Feb 18 18:27:39 IST 2026, 134 W
Wed Feb 18 18:27:40 IST 2026, 124 W
Wed Feb 18 18:27:40 IST 2026, 115 W
Wed Feb 18 18:27:40 IST 2026, 134 W
Wed Feb 18 18:27:40 IST 2026, 121 W
Wed Feb 18 18:27:40 IST 2026, 107 W
Wed Feb 18 18:27:40 IST 2026, 130 W
Wed Feb 18 18:27:40 IST 2026, 120 W
Wed Feb 18 18:27:40 IST 2026, 139 W
Wed Feb 18 18:27:41 IST 2026, 113 W
Wed Feb 18 18:27:41 IST 2026, 113 W
Wed Feb 18 18:27:41 IST 2026, 128 W
Wed Feb 18 18:27:41 IST 2026, 116 W
Wed Feb 18 18:27:41 IST 2026, 109 W
Wed Feb 18 18:27:41 IST 2026, 123 W
Wed Feb 18 18:27:41 IST 2026, 116 W
Wed Feb 18 18:27:41 IST 2026, 133 W
Wed Feb 18 18:27:42 IST 2026, 127 W
Wed Feb 18 18:27:42 IST 2026, 122 W
Wed Feb 18 18:27:42 IST 2026, 133 W
Wed Feb 18 18:27:42 IST 2026, 121 W
Wed Feb 18 18:27:42 IST 2026, 107 W
Wed Feb 18 18:27:42 IST 2026, 126 W
Wed Feb 18 18:27:42 IST 2026, 124 W
Wed Feb 18 18:27:42 IST 2026, 141 W
Wed Feb 18 18:27:43 IST 2026, 126 W
Wed Feb 18 18:27:43 IST 2026, 124 W
Wed Feb 18 18:27:43 IST 2026, 134 W
Wed Feb 18 18:27:43 IST 2026, 128 W
Wed Feb 18 18:27:43 IST 2026, 111 W
Wed Feb 18 18:27:43 IST 2026, 129 W
Wed Feb 18 18:27:43 IST 2026, 132 W
Wed Feb 18 18:27:43 IST 2026, 130 W
Wed Feb 18 18:27:44 IST 2026, 115 W
Wed Feb 18 18:27:44 IST 2026, 117 W
Wed Feb 18 18:27:44 IST 2026, 128 W
Wed Feb 18 18:27:44 IST 2026, 126 W
Wed Feb 18 18:27:44 IST 2026, 108 W
Wed Feb 18 18:27:44 IST 2026, 117 W
Wed Feb 18 18:27:44 IST 2026, 119 W
Wed Feb 18 18:27:44 IST 2026, 134 W
Wed Feb 18 18:27:45 IST 2026, 125 W
Wed Feb 18 18:27:45 IST 2026, 120 W
Wed Feb 18 18:27:45 IST 2026, 134 W
Wed Feb 18 18:27:45 IST 2026, 125 W
Wed Feb 18 18:27:45 IST 2026, 111 W
Wed Feb 18 18:27:45 IST 2026, 127 W
Wed Feb 18 18:27:45 IST 2026, 125 W
Wed Feb 18 18:27:45 IST 2026, 138 W
Wed Feb 18 18:27:46 IST 2026, 114 W
Wed Feb 18 18:27:46 IST 2026, 115 W
Wed Feb 18 18:27:46 IST 2026, 132 W
Wed Feb 18 18:27:46 IST 2026, 116 W
Wed Feb 18 18:27:46 IST 2026, 108 W
Wed Feb 18 18:27:46 IST 2026, 119 W
Wed Feb 18 18:27:46 IST 2026, 120 W
Wed Feb 18 18:27:46 IST 2026, 133 W
Wed Feb 18 18:27:47 IST 2026, 120 W
Wed Feb 18 18:27:47 IST 2026, 119 W
Wed Feb 18 18:27:47 IST 2026, 128 W
Wed Feb 18 18:27:47 IST 2026, 122 W
Wed Feb 18 18:27:47 IST 2026, 111 W
Wed Feb 18 18:27:47 IST 2026, 126 W
Wed Feb 18 18:27:47 IST 2026, 127 W
Wed Feb 18 18:27:47 IST 2026, 140 W
Wed Feb 18 18:27:48 IST 2026, 120 W
Wed Feb 18 18:27:48 IST 2026, 119 W
Wed Feb 18 18:27:48 IST 2026, 129 W
Wed Feb 18 18:27:48 IST 2026, 120 W
Wed Feb 18 18:27:48 IST 2026, 104 W
Wed Feb 18 18:27:48 IST 2026, 123 W
Wed Feb 18 18:27:48 IST 2026, 123 W
Wed Feb 18 18:27:48 IST 2026, 144 W
Wed Feb 18 18:27:49 IST 2026, 119 W
Wed Feb 18 18:27:49 IST 2026, 119 W
Wed Feb 18 18:27:49 IST 2026, 126 W
Wed Feb 18 18:27:49 IST 2026, 128 W
Wed Feb 18 18:27:49 IST 2026, 103 W
Wed Feb 18 18:27:49 IST 2026, 122 W
Wed Feb 18 18:27:49 IST 2026, 122 W
Wed Feb 18 18:27:49 IST 2026, 138 W
Wed Feb 18 18:27:50 IST 2026, 128 W
Wed Feb 18 18:27:50 IST 2026, 122 W
Wed Feb 18 18:27:50 IST 2026, 130 W
Wed Feb 18 18:27:50 IST 2026, 126 W
Wed Feb 18 18:27:50 IST 2026, 112 W
Wed Feb 18 18:27:50 IST 2026, 128 W
Wed Feb 18 18:27:50 IST 2026, 128 W
Wed Feb 18 18:27:50 IST 2026, 142 W
Wed Feb 18 18:27:51 IST 2026, 117 W
Wed Feb 18 18:27:51 IST 2026, 115 W
Wed Feb 18 18:27:51 IST 2026, 123 W
Wed Feb 18 18:27:51 IST 2026, 119 W
Wed Feb 18 18:27:51 IST 2026, 105 W
Wed Feb 18 18:27:51 IST 2026, 122 W
Wed Feb 18 18:27:51 IST 2026, 125 W
Wed Feb 18 18:27:51 IST 2026, 137 W
Wed Feb 18 18:27:52 IST 2026, 116 W
Wed Feb 18 18:27:52 IST 2026, 121 W
Wed Feb 18 18:27:52 IST 2026, 135 W
Wed Feb 18 18:27:52 IST 2026, 122 W
Wed Feb 18 18:27:52 IST 2026, 112 W
Wed Feb 18 18:27:52 IST 2026, 128 W
Wed Feb 18 18:27:52 IST 2026, 121 W
Wed Feb 18 18:27:52 IST 2026, 145 W
Wed Feb 18 18:27:53 IST 2026, 116 W
Wed Feb 18 18:27:53 IST 2026, 121 W
Wed Feb 18 18:27:53 IST 2026, 132 W
Wed Feb 18 18:27:53 IST 2026, 119 W
Wed Feb 18 18:27:53 IST 2026, 112 W
Wed Feb 18 18:27:53 IST 2026, 127 W
Wed Feb 18 18:27:53 IST 2026, 124 W
Wed Feb 18 18:27:53 IST 2026, 140 W
Wed Feb 18 18:27:54 IST 2026, 115 W
Wed Feb 18 18:27:54 IST 2026, 118 W
Wed Feb 18 18:27:54 IST 2026, 129 W
Wed Feb 18 18:27:54 IST 2026, 119 W
Wed Feb 18 18:27:54 IST 2026, 112 W
Wed Feb 18 18:27:54 IST 2026, 126 W
Wed Feb 18 18:27:54 IST 2026, 123 W
Wed Feb 18 18:27:54 IST 2026, 137 W
Wed Feb 18 18:27:55 IST 2026, 119 W
Wed Feb 18 18:27:55 IST 2026, 124 W
Wed Feb 18 18:27:55 IST 2026, 131 W
Wed Feb 18 18:27:55 IST 2026, 122 W
Wed Feb 18 18:27:55 IST 2026, 112 W
Wed Feb 18 18:27:55 IST 2026, 125 W
Wed Feb 18 18:27:55 IST 2026, 121 W
Wed Feb 18 18:27:55 IST 2026, 139 W
Wed Feb 18 18:27:56 IST 2026, 131 W
Wed Feb 18 18:27:56 IST 2026, 124 W
Wed Feb 18 18:27:56 IST 2026, 124 W
Wed Feb 18 18:27:56 IST 2026, 119 W
Wed Feb 18 18:27:56 IST 2026, 116 W
Wed Feb 18 18:27:56 IST 2026, 127 W
Wed Feb 18 18:27:56 IST 2026, 131 W
Wed Feb 18 18:27:56 IST 2026, 140 W
Wed Feb 18 18:27:57 IST 2026, 126 W
Wed Feb 18 18:27:57 IST 2026, 122 W
Wed Feb 18 18:27:57 IST 2026, 126 W
Wed Feb 18 18:27:57 IST 2026, 118 W
Wed Feb 18 18:27:57 IST 2026, 108 W
Wed Feb 18 18:27:57 IST 2026, 129 W
Wed Feb 18 18:27:57 IST 2026, 131 W
Wed Feb 18 18:27:57 IST 2026, 140 W
Wed Feb 18 18:27:58 IST 2026, 121 W
Wed Feb 18 18:27:58 IST 2026, 120 W
Wed Feb 18 18:27:58 IST 2026, 126 W
Wed Feb 18 18:27:58 IST 2026, 118 W
Wed Feb 18 18:27:58 IST 2026, 107 W
Wed Feb 18 18:27:58 IST 2026, 124 W
Wed Feb 18 18:27:58 IST 2026, 125 W
Wed Feb 18 18:27:58 IST 2026, 136 W
Wed Feb 18 18:27:59 IST 2026, 121 W
Wed Feb 18 18:27:59 IST 2026, 117 W
Wed Feb 18 18:27:59 IST 2026, 126 W
Wed Feb 18 18:27:59 IST 2026, 123 W
Wed Feb 18 18:27:59 IST 2026, 109 W
Wed Feb 18 18:27:59 IST 2026, 126 W
Wed Feb 18 18:27:59 IST 2026, 126 W
Wed Feb 18 18:27:59 IST 2026, 141 W
Wed Feb 18 18:28:00 IST 2026, 122 W
Wed Feb 18 18:28:00 IST 2026, 122 W
Wed Feb 18 18:28:00 IST 2026, 139 W
Wed Feb 18 18:28:00 IST 2026, 125 W
Wed Feb 18 18:28:00 IST 2026, 111 W
Wed Feb 18 18:28:00 IST 2026, 126 W
Wed Feb 18 18:28:00 IST 2026, 126 W
Wed Feb 18 18:28:00 IST 2026, 142 W
Wed Feb 18 18:28:01 IST 2026, 119 W
Wed Feb 18 18:28:01 IST 2026, 115 W
Wed Feb 18 18:28:01 IST 2026, 128 W
Wed Feb 18 18:28:01 IST 2026, 122 W
Wed Feb 18 18:28:01 IST 2026, 107 W
Wed Feb 18 18:28:01 IST 2026, 123 W
Wed Feb 18 18:28:01 IST 2026, 123 W
Wed Feb 18 18:28:01 IST 2026, 132 W
Wed Feb 18 18:28:02 IST 2026, 119 W
Wed Feb 18 18:28:02 IST 2026, 118 W
Wed Feb 18 18:28:02 IST 2026, 131 W
Wed Feb 18 18:28:02 IST 2026, 118 W
Wed Feb 18 18:28:02 IST 2026, 106 W
Wed Feb 18 18:28:02 IST 2026, 120 W
Wed Feb 18 18:28:02 IST 2026, 118 W
Wed Feb 18 18:28:02 IST 2026, 134 W
Wed Feb 18 18:28:03 IST 2026, 120 W
Wed Feb 18 18:28:03 IST 2026, 116 W
Wed Feb 18 18:28:03 IST 2026, 124 W
Wed Feb 18 18:28:03 IST 2026, 117 W
Wed Feb 18 18:28:03 IST 2026, 103 W
Wed Feb 18 18:28:03 IST 2026, 120 W
Wed Feb 18 18:28:03 IST 2026, 120 W
Wed Feb 18 18:28:03 IST 2026, 130 W
Wed Feb 18 18:28:04 IST 2026, 123 W
Wed Feb 18 18:28:04 IST 2026, 124 W
Wed Feb 18 18:28:04 IST 2026, 126 W
Wed Feb 18 18:28:04 IST 2026, 128 W
Wed Feb 18 18:28:04 IST 2026, 112 W
Wed Feb 18 18:28:04 IST 2026, 127 W
Wed Feb 18 18:28:04 IST 2026, 128 W
Wed Feb 18 18:28:04 IST 2026, 145 W
Wed Feb 18 18:28:05 IST 2026, 118 W
Wed Feb 18 18:28:05 IST 2026, 121 W
Wed Feb 18 18:28:05 IST 2026, 127 W
Wed Feb 18 18:28:05 IST 2026, 121 W
Wed Feb 18 18:28:05 IST 2026, 104 W
Wed Feb 18 18:28:05 IST 2026, 121 W
Wed Feb 18 18:28:05 IST 2026, 125 W
Wed Feb 18 18:28:05 IST 2026, 145 W
Wed Feb 18 18:28:06 IST 2026, 128 W
Wed Feb 18 18:28:06 IST 2026, 122 W
Wed Feb 18 18:28:06 IST 2026, 139 W
Wed Feb 18 18:28:06 IST 2026, 126 W
Wed Feb 18 18:28:06 IST 2026, 107 W
Wed Feb 18 18:28:06 IST 2026, 130 W
Wed Feb 18 18:28:06 IST 2026, 130 W
Wed Feb 18 18:28:06 IST 2026, 140 W
Wed Feb 18 18:28:07 IST 2026, 120 W
Wed Feb 18 18:28:07 IST 2026, 121 W
Wed Feb 18 18:28:07 IST 2026, 128 W
Wed Feb 18 18:28:07 IST 2026, 126 W
Wed Feb 18 18:28:07 IST 2026, 110 W
Wed Feb 18 18:28:07 IST 2026, 122 W
Wed Feb 18 18:28:07 IST 2026, 121 W
Wed Feb 18 18:28:07 IST 2026, 148 W
Wed Feb 18 18:28:08 IST 2026, 114 W
Wed Feb 18 18:28:08 IST 2026, 109 W
Wed Feb 18 18:28:08 IST 2026, 125 W
Wed Feb 18 18:28:08 IST 2026, 110 W
Wed Feb 18 18:28:08 IST 2026, 102 W
Wed Feb 18 18:28:08 IST 2026, 119 W
Wed Feb 18 18:28:08 IST 2026, 108 W
Wed Feb 18 18:28:08 IST 2026, 133 W
Wed Feb 18 18:28:09 IST 2026, 116 W
Wed Feb 18 18:28:09 IST 2026, 123 W
Wed Feb 18 18:28:09 IST 2026, 138 W
Wed Feb 18 18:28:09 IST 2026, 123 W
Wed Feb 18 18:28:09 IST 2026, 110 W
Wed Feb 18 18:28:09 IST 2026, 128 W
Wed Feb 18 18:28:09 IST 2026, 129 W
Wed Feb 18 18:28:09 IST 2026, 137 W
Wed Feb 18 18:28:10 IST 2026, 119 W
Wed Feb 18 18:28:10 IST 2026, 121 W
Wed Feb 18 18:28:10 IST 2026, 123 W
Wed Feb 18 18:28:10 IST 2026, 118 W
Wed Feb 18 18:28:10 IST 2026, 107 W
Wed Feb 18 18:28:10 IST 2026, 130 W
Wed Feb 18 18:28:10 IST 2026, 129 W
Wed Feb 18 18:28:10 IST 2026, 135 W
Wed Feb 18 18:28:11 IST 2026, 112 W
Wed Feb 18 18:28:11 IST 2026, 115 W
Wed Feb 18 18:28:11 IST 2026, 123 W
Wed Feb 18 18:28:11 IST 2026, 120 W
Wed Feb 18 18:28:11 IST 2026, 106 W
Wed Feb 18 18:28:11 IST 2026, 123 W
Wed Feb 18 18:28:11 IST 2026, 120 W
Wed Feb 18 18:28:11 IST 2026, 140 W
Wed Feb 18 18:28:12 IST 2026, 119 W
Wed Feb 18 18:28:12 IST 2026, 117 W
Wed Feb 18 18:28:12 IST 2026, 128 W
Wed Feb 18 18:28:12 IST 2026, 119 W
Wed Feb 18 18:28:12 IST 2026, 110 W
Wed Feb 18 18:28:12 IST 2026, 128 W
Wed Feb 18 18:28:12 IST 2026, 128 W
Wed Feb 18 18:28:12 IST 2026, 139 W
Wed Feb 18 18:28:13 IST 2026, 119 W
Wed Feb 18 18:28:13 IST 2026, 120 W
Wed Feb 18 18:28:13 IST 2026, 122 W
Wed Feb 18 18:28:13 IST 2026, 114 W
Wed Feb 18 18:28:13 IST 2026, 109 W
Wed Feb 18 18:28:13 IST 2026, 125 W
Wed Feb 18 18:28:13 IST 2026, 118 W
Wed Feb 18 18:28:13 IST 2026, 140 W
Wed Feb 18 18:28:14 IST 2026, 121 W
Wed Feb 18 18:28:14 IST 2026, 114 W
Wed Feb 18 18:28:14 IST 2026, 124 W
Wed Feb 18 18:28:14 IST 2026, 117 W
Wed Feb 18 18:28:14 IST 2026, 102 W
Wed Feb 18 18:28:14 IST 2026, 124 W
Wed Feb 18 18:28:14 IST 2026, 121 W
Wed Feb 18 18:28:14 IST 2026, 134 W
Wed Feb 18 18:28:15 IST 2026, 116 W
Wed Feb 18 18:28:15 IST 2026, 113 W
Wed Feb 18 18:28:15 IST 2026, 123 W
Wed Feb 18 18:28:15 IST 2026, 118 W
Wed Feb 18 18:28:15 IST 2026, 100 W
Wed Feb 18 18:28:15 IST 2026, 122 W
Wed Feb 18 18:28:15 IST 2026, 113 W
Wed Feb 18 18:28:15 IST 2026, 136 W
Wed Feb 18 18:28:16 IST 2026, 115 W
Wed Feb 18 18:28:16 IST 2026, 115 W
Wed Feb 18 18:28:16 IST 2026, 128 W
Wed Feb 18 18:28:16 IST 2026, 126 W
Wed Feb 18 18:28:16 IST 2026, 98 W
Wed Feb 18 18:28:16 IST 2026, 118 W
Wed Feb 18 18:28:16 IST 2026, 120 W
Wed Feb 18 18:28:16 IST 2026, 135 W
Wed Feb 18 18:28:17 IST 2026, 123 W
Wed Feb 18 18:28:17 IST 2026, 121 W
Wed Feb 18 18:28:17 IST 2026, 134 W
Wed Feb 18 18:28:17 IST 2026, 119 W
Wed Feb 18 18:28:17 IST 2026, 103 W
Wed Feb 18 18:28:17 IST 2026, 125 W
Wed Feb 18 18:28:17 IST 2026, 124 W
Wed Feb 18 18:28:17 IST 2026, 137 W
Wed Feb 18 18:28:18 IST 2026, 126 W
Wed Feb 18 18:28:18 IST 2026, 129 W
Wed Feb 18 18:28:18 IST 2026, 132 W
Wed Feb 18 18:28:18 IST 2026, 122 W
Wed Feb 18 18:28:18 IST 2026, 107 W
Wed Feb 18 18:28:18 IST 2026, 129 W
Wed Feb 18 18:28:18 IST 2026, 126 W
Wed Feb 18 18:28:18 IST 2026, 143 W
Wed Feb 18 18:28:19 IST 2026, 122 W
Wed Feb 18 18:28:19 IST 2026, 116 W
Wed Feb 18 18:28:19 IST 2026, 125 W
Wed Feb 18 18:28:19 IST 2026, 116 W
Wed Feb 18 18:28:19 IST 2026, 107 W
Wed Feb 18 18:28:19 IST 2026, 119 W
Wed Feb 18 18:28:19 IST 2026, 120 W
Wed Feb 18 18:28:19 IST 2026, 139 W
Wed Feb 18 18:28:20 IST 2026, 116 W
Wed Feb 18 18:28:20 IST 2026, 118 W
Wed Feb 18 18:28:20 IST 2026, 133 W
Wed Feb 18 18:28:20 IST 2026, 123 W
Wed Feb 18 18:28:20 IST 2026, 112 W
Wed Feb 18 18:28:20 IST 2026, 130 W
Wed Feb 18 18:28:20 IST 2026, 127 W
Wed Feb 18 18:28:20 IST 2026, 139 W
Wed Feb 18 18:28:21 IST 2026, 119 W
Wed Feb 18 18:28:21 IST 2026, 118 W
Wed Feb 18 18:28:21 IST 2026, 134 W
Wed Feb 18 18:28:21 IST 2026, 126 W
Wed Feb 18 18:28:21 IST 2026, 107 W
Wed Feb 18 18:28:21 IST 2026, 122 W
Wed Feb 18 18:28:21 IST 2026, 121 W
Wed Feb 18 18:28:21 IST 2026, 142 W
Wed Feb 18 18:28:22 IST 2026, 124 W
Wed Feb 18 18:28:22 IST 2026, 122 W
Wed Feb 18 18:28:22 IST 2026, 133 W
Wed Feb 18 18:28:22 IST 2026, 121 W
Wed Feb 18 18:28:22 IST 2026, 112 W
Wed Feb 18 18:28:22 IST 2026, 127 W
Wed Feb 18 18:28:22 IST 2026, 118 W
Wed Feb 18 18:28:22 IST 2026, 146 W
Wed Feb 18 18:28:23 IST 2026, 125 W
Wed Feb 18 18:28:23 IST 2026, 123 W
Wed Feb 18 18:28:23 IST 2026, 127 W
Wed Feb 18 18:28:23 IST 2026, 126 W
Wed Feb 18 18:28:23 IST 2026, 111 W
Wed Feb 18 18:28:23 IST 2026, 124 W
Wed Feb 18 18:28:23 IST 2026, 120 W
Wed Feb 18 18:28:23 IST 2026, 136 W
Wed Feb 18 18:28:24 IST 2026, 123 W
Wed Feb 18 18:28:24 IST 2026, 115 W
Wed Feb 18 18:28:24 IST 2026, 133 W
Wed Feb 18 18:28:24 IST 2026, 120 W
Wed Feb 18 18:28:24 IST 2026, 104 W
Wed Feb 18 18:28:24 IST 2026, 120 W
Wed Feb 18 18:28:24 IST 2026, 127 W
Wed Feb 18 18:28:24 IST 2026, 134 W
Wed Feb 18 18:28:25 IST 2026, 117 W
Wed Feb 18 18:28:25 IST 2026, 122 W
Wed Feb 18 18:28:25 IST 2026, 138 W
Wed Feb 18 18:28:25 IST 2026, 124 W
Wed Feb 18 18:28:25 IST 2026, 105 W
Wed Feb 18 18:28:25 IST 2026, 127 W
Wed Feb 18 18:28:25 IST 2026, 129 W
Wed Feb 18 18:28:25 IST 2026, 141 W
Wed Feb 18 18:28:26 IST 2026, 125 W
Wed Feb 18 18:28:26 IST 2026, 119 W
Wed Feb 18 18:28:26 IST 2026, 133 W
Wed Feb 18 18:28:26 IST 2026, 121 W
Wed Feb 18 18:28:26 IST 2026, 111 W
Wed Feb 18 18:28:26 IST 2026, 126 W
Wed Feb 18 18:28:26 IST 2026, 123 W
Wed Feb 18 18:28:26 IST 2026, 135 W
Wed Feb 18 18:28:27 IST 2026, 124 W
Wed Feb 18 18:28:27 IST 2026, 125 W
Wed Feb 18 18:28:27 IST 2026, 132 W
Wed Feb 18 18:28:27 IST 2026, 124 W
Wed Feb 18 18:28:27 IST 2026, 112 W
Wed Feb 18 18:28:27 IST 2026, 126 W
Wed Feb 18 18:28:27 IST 2026, 129 W
Wed Feb 18 18:28:27 IST 2026, 134 W
Wed Feb 18 18:28:28 IST 2026, 170 W
Wed Feb 18 18:28:28 IST 2026, 161 W
Wed Feb 18 18:28:28 IST 2026, 168 W
Wed Feb 18 18:28:28 IST 2026, 166 W
Wed Feb 18 18:28:28 IST 2026, 156 W
Wed Feb 18 18:28:28 IST 2026, 172 W
Wed Feb 18 18:28:28 IST 2026, 163 W
Wed Feb 18 18:28:28 IST 2026, 185 W
Wed Feb 18 18:28:29 IST 2026, 133 W
Wed Feb 18 18:28:29 IST 2026, 118 W
Wed Feb 18 18:28:29 IST 2026, 141 W
Wed Feb 18 18:28:29 IST 2026, 126 W
Wed Feb 18 18:28:29 IST 2026, 116 W
Wed Feb 18 18:28:29 IST 2026, 132 W
Wed Feb 18 18:28:29 IST 2026, 129 W
Wed Feb 18 18:28:29 IST 2026, 151 W
Wed Feb 18 18:28:30 IST 2026, 123 W
Wed Feb 18 18:28:30 IST 2026, 114 W
Wed Feb 18 18:28:30 IST 2026, 130 W
Wed Feb 18 18:28:30 IST 2026, 120 W
Wed Feb 18 18:28:30 IST 2026, 111 W
Wed Feb 18 18:28:30 IST 2026, 124 W
Wed Feb 18 18:28:30 IST 2026, 125 W
Wed Feb 18 18:28:30 IST 2026, 144 W
Wed Feb 18 18:28:31 IST 2026, 117 W
Wed Feb 18 18:28:31 IST 2026, 123 W
Wed Feb 18 18:28:31 IST 2026, 141 W
Wed Feb 18 18:28:31 IST 2026, 123 W
Wed Feb 18 18:28:31 IST 2026, 112 W
Wed Feb 18 18:28:31 IST 2026, 130 W
Wed Feb 18 18:28:31 IST 2026, 129 W
Wed Feb 18 18:28:31 IST 2026, 137 W
Wed Feb 18 18:28:32 IST 2026, 127 W
Wed Feb 18 18:28:32 IST 2026, 126 W
Wed Feb 18 18:28:32 IST 2026, 142 W
Wed Feb 18 18:28:32 IST 2026, 121 W
Wed Feb 18 18:28:32 IST 2026, 116 W
Wed Feb 18 18:28:32 IST 2026, 138 W
Wed Feb 18 18:28:32 IST 2026, 129 W
Wed Feb 18 18:28:32 IST 2026, 142 W
Wed Feb 18 18:28:33 IST 2026, 129 W
Wed Feb 18 18:28:33 IST 2026, 112 W
Wed Feb 18 18:28:33 IST 2026, 130 W
Wed Feb 18 18:28:33 IST 2026, 128 W
Wed Feb 18 18:28:33 IST 2026, 113 W
Wed Feb 18 18:28:33 IST 2026, 128 W
Wed Feb 18 18:28:33 IST 2026, 128 W
Wed Feb 18 18:28:33 IST 2026, 140 W
Wed Feb 18 18:28:34 IST 2026, 121 W
Wed Feb 18 18:28:34 IST 2026, 115 W
Wed Feb 18 18:28:34 IST 2026, 130 W
Wed Feb 18 18:28:34 IST 2026, 122 W
Wed Feb 18 18:28:34 IST 2026, 108 W
Wed Feb 18 18:28:34 IST 2026, 123 W
Wed Feb 18 18:28:34 IST 2026, 120 W
Wed Feb 18 18:28:34 IST 2026, 133 W
Wed Feb 18 18:28:35 IST 2026, 121 W
Wed Feb 18 18:28:35 IST 2026, 122 W
Wed Feb 18 18:28:35 IST 2026, 134 W
Wed Feb 18 18:28:35 IST 2026, 122 W
Wed Feb 18 18:28:35 IST 2026, 110 W
Wed Feb 18 18:28:35 IST 2026, 131 W
Wed Feb 18 18:28:35 IST 2026, 127 W
Wed Feb 18 18:28:35 IST 2026, 142 W
Wed Feb 18 18:28:36 IST 2026, 123 W
Wed Feb 18 18:28:36 IST 2026, 116 W
Wed Feb 18 18:28:36 IST 2026, 136 W
Wed Feb 18 18:28:36 IST 2026, 120 W
Wed Feb 18 18:28:36 IST 2026, 106 W
Wed Feb 18 18:28:36 IST 2026, 125 W
Wed Feb 18 18:28:36 IST 2026, 115 W
Wed Feb 18 18:28:36 IST 2026, 137 W
Wed Feb 18 18:28:37 IST 2026, 121 W
Wed Feb 18 18:28:37 IST 2026, 118 W
Wed Feb 18 18:28:37 IST 2026, 133 W
Wed Feb 18 18:28:37 IST 2026, 116 W
Wed Feb 18 18:28:37 IST 2026, 101 W
Wed Feb 18 18:28:37 IST 2026, 122 W
Wed Feb 18 18:28:37 IST 2026, 119 W
Wed Feb 18 18:28:37 IST 2026, 133 W
Wed Feb 18 18:28:38 IST 2026, 112 W
Wed Feb 18 18:28:38 IST 2026, 120 W
Wed Feb 18 18:28:38 IST 2026, 128 W
Wed Feb 18 18:28:38 IST 2026, 116 W
Wed Feb 18 18:28:38 IST 2026, 105 W
Wed Feb 18 18:28:38 IST 2026, 126 W
Wed Feb 18 18:28:38 IST 2026, 123 W
Wed Feb 18 18:28:38 IST 2026, 136 W
Wed Feb 18 18:28:39 IST 2026, 120 W
Wed Feb 18 18:28:39 IST 2026, 119 W
Wed Feb 18 18:28:39 IST 2026, 132 W
Wed Feb 18 18:28:39 IST 2026, 125 W
Wed Feb 18 18:28:39 IST 2026, 108 W
Wed Feb 18 18:28:39 IST 2026, 120 W
Wed Feb 18 18:28:39 IST 2026, 118 W
Wed Feb 18 18:28:39 IST 2026, 135 W
Wed Feb 18 18:28:40 IST 2026, 118 W
Wed Feb 18 18:28:40 IST 2026, 116 W
Wed Feb 18 18:28:40 IST 2026, 127 W
Wed Feb 18 18:28:40 IST 2026, 119 W
Wed Feb 18 18:28:40 IST 2026, 108 W
Wed Feb 18 18:28:40 IST 2026, 124 W
Wed Feb 18 18:28:40 IST 2026, 121 W
Wed Feb 18 18:28:40 IST 2026, 133 W
Wed Feb 18 18:28:41 IST 2026, 113 W
Wed Feb 18 18:28:41 IST 2026, 117 W
Wed Feb 18 18:28:41 IST 2026, 127 W
Wed Feb 18 18:28:41 IST 2026, 118 W
Wed Feb 18 18:28:41 IST 2026, 106 W
Wed Feb 18 18:28:41 IST 2026, 122 W
Wed Feb 18 18:28:41 IST 2026, 122 W
Wed Feb 18 18:28:41 IST 2026, 133 W
Wed Feb 18 18:28:42 IST 2026, 126 W
Wed Feb 18 18:28:42 IST 2026, 122 W
Wed Feb 18 18:28:42 IST 2026, 130 W
Wed Feb 18 18:28:42 IST 2026, 125 W
Wed Feb 18 18:28:42 IST 2026, 112 W
Wed Feb 18 18:28:42 IST 2026, 133 W
Wed Feb 18 18:28:42 IST 2026, 127 W
Wed Feb 18 18:28:42 IST 2026, 133 W
Wed Feb 18 18:28:43 IST 2026, 123 W
Wed Feb 18 18:28:43 IST 2026, 121 W
Wed Feb 18 18:28:43 IST 2026, 133 W
Wed Feb 18 18:28:43 IST 2026, 126 W
Wed Feb 18 18:28:43 IST 2026, 108 W
Wed Feb 18 18:28:43 IST 2026, 126 W
Wed Feb 18 18:28:43 IST 2026, 125 W
Wed Feb 18 18:28:43 IST 2026, 135 W
Wed Feb 18 18:28:44 IST 2026, 123 W
Wed Feb 18 18:28:44 IST 2026, 118 W
Wed Feb 18 18:28:44 IST 2026, 128 W
Wed Feb 18 18:28:44 IST 2026, 119 W
Wed Feb 18 18:28:44 IST 2026, 107 W
Wed Feb 18 18:28:44 IST 2026, 126 W
Wed Feb 18 18:28:44 IST 2026, 115 W
Wed Feb 18 18:28:44 IST 2026, 140 W
Wed Feb 18 18:28:45 IST 2026, 120 W
Wed Feb 18 18:28:45 IST 2026, 116 W
Wed Feb 18 18:28:45 IST 2026, 135 W
Wed Feb 18 18:28:45 IST 2026, 125 W
Wed Feb 18 18:28:45 IST 2026, 104 W
Wed Feb 18 18:28:45 IST 2026, 120 W
Wed Feb 18 18:28:45 IST 2026, 122 W
Wed Feb 18 18:28:45 IST 2026, 132 W
Wed Feb 18 18:28:46 IST 2026, 120 W
Wed Feb 18 18:28:46 IST 2026, 125 W
Wed Feb 18 18:28:46 IST 2026, 132 W
Wed Feb 18 18:28:46 IST 2026, 123 W
Wed Feb 18 18:28:46 IST 2026, 111 W
Wed Feb 18 18:28:46 IST 2026, 126 W
Wed Feb 18 18:28:46 IST 2026, 126 W
Wed Feb 18 18:28:46 IST 2026, 138 W
Wed Feb 18 18:28:47 IST 2026, 124 W
Wed Feb 18 18:28:47 IST 2026, 122 W
Wed Feb 18 18:28:47 IST 2026, 134 W
Wed Feb 18 18:28:47 IST 2026, 121 W
Wed Feb 18 18:28:47 IST 2026, 110 W
Wed Feb 18 18:28:47 IST 2026, 128 W
Wed Feb 18 18:28:47 IST 2026, 124 W
Wed Feb 18 18:28:47 IST 2026, 141 W
Wed Feb 18 18:28:48 IST 2026, 121 W
Wed Feb 18 18:28:48 IST 2026, 122 W
Wed Feb 18 18:28:48 IST 2026, 134 W
Wed Feb 18 18:28:48 IST 2026, 124 W
Wed Feb 18 18:28:48 IST 2026, 109 W
Wed Feb 18 18:28:48 IST 2026, 124 W
Wed Feb 18 18:28:48 IST 2026, 124 W
Wed Feb 18 18:28:48 IST 2026, 140 W
Wed Feb 18 18:28:49 IST 2026, 122 W
Wed Feb 18 18:28:49 IST 2026, 119 W
Wed Feb 18 18:28:49 IST 2026, 129 W
Wed Feb 18 18:28:49 IST 2026, 117 W
Wed Feb 18 18:28:49 IST 2026, 111 W
Wed Feb 18 18:28:49 IST 2026, 120 W
Wed Feb 18 18:28:49 IST 2026, 118 W
Wed Feb 18 18:28:49 IST 2026, 139 W
Wed Feb 18 18:28:50 IST 2026, 118 W
Wed Feb 18 18:28:50 IST 2026, 121 W
Wed Feb 18 18:28:50 IST 2026, 135 W
Wed Feb 18 18:28:50 IST 2026, 121 W
Wed Feb 18 18:28:50 IST 2026, 110 W
Wed Feb 18 18:28:50 IST 2026, 126 W
Wed Feb 18 18:28:50 IST 2026, 125 W
Wed Feb 18 18:28:50 IST 2026, 138 W
Wed Feb 18 18:28:51 IST 2026, 117 W
Wed Feb 18 18:28:51 IST 2026, 115 W
Wed Feb 18 18:28:51 IST 2026, 131 W
Wed Feb 18 18:28:51 IST 2026, 122 W
Wed Feb 18 18:28:51 IST 2026, 105 W
Wed Feb 18 18:28:51 IST 2026, 122 W
Wed Feb 18 18:28:51 IST 2026, 117 W
Wed Feb 18 18:28:51 IST 2026, 136 W
Wed Feb 18 18:28:52 IST 2026, 116 W
Wed Feb 18 18:28:52 IST 2026, 118 W
Wed Feb 18 18:28:52 IST 2026, 127 W
Wed Feb 18 18:28:52 IST 2026, 128 W
Wed Feb 18 18:28:52 IST 2026, 100 W
Wed Feb 18 18:28:52 IST 2026, 118 W
Wed Feb 18 18:28:52 IST 2026, 112 W
Wed Feb 18 18:28:52 IST 2026, 129 W
Wed Feb 18 18:28:53 IST 2026, 123 W
Wed Feb 18 18:28:53 IST 2026, 120 W
Wed Feb 18 18:28:53 IST 2026, 137 W
Wed Feb 18 18:28:53 IST 2026, 120 W
Wed Feb 18 18:28:53 IST 2026, 110 W
Wed Feb 18 18:28:53 IST 2026, 125 W
Wed Feb 18 18:28:53 IST 2026, 125 W
Wed Feb 18 18:28:53 IST 2026, 137 W
Wed Feb 18 18:28:54 IST 2026, 116 W
Wed Feb 18 18:28:54 IST 2026, 113 W
Wed Feb 18 18:28:54 IST 2026, 125 W
Wed Feb 18 18:28:54 IST 2026, 118 W
Wed Feb 18 18:28:54 IST 2026, 107 W
Wed Feb 18 18:28:54 IST 2026, 123 W
Wed Feb 18 18:28:54 IST 2026, 119 W
Wed Feb 18 18:28:54 IST 2026, 130 W
Wed Feb 18 18:28:55 IST 2026, 123 W
Wed Feb 18 18:28:55 IST 2026, 120 W
Wed Feb 18 18:28:55 IST 2026, 122 W
Wed Feb 18 18:28:55 IST 2026, 116 W
Wed Feb 18 18:28:55 IST 2026, 110 W
Wed Feb 18 18:28:55 IST 2026, 124 W
Wed Feb 18 18:28:55 IST 2026, 123 W
Wed Feb 18 18:28:55 IST 2026, 134 W
Wed Feb 18 18:28:56 IST 2026, 117 W
Wed Feb 18 18:28:56 IST 2026, 113 W
Wed Feb 18 18:28:56 IST 2026, 129 W
Wed Feb 18 18:28:56 IST 2026, 112 W
Wed Feb 18 18:28:56 IST 2026, 104 W
Wed Feb 18 18:28:56 IST 2026, 119 W
Wed Feb 18 18:28:56 IST 2026, 115 W
Wed Feb 18 18:28:56 IST 2026, 128 W
Wed Feb 18 18:28:57 IST 2026, 123 W
Wed Feb 18 18:28:57 IST 2026, 117 W
Wed Feb 18 18:28:57 IST 2026, 133 W
Wed Feb 18 18:28:57 IST 2026, 122 W
Wed Feb 18 18:28:57 IST 2026, 112 W
Wed Feb 18 18:28:57 IST 2026, 129 W
Wed Feb 18 18:28:57 IST 2026, 126 W
Wed Feb 18 18:28:57 IST 2026, 132 W
Wed Feb 18 18:28:58 IST 2026, 121 W
Wed Feb 18 18:28:58 IST 2026, 117 W
Wed Feb 18 18:28:58 IST 2026, 136 W
Wed Feb 18 18:28:58 IST 2026, 119 W
Wed Feb 18 18:28:58 IST 2026, 112 W
Wed Feb 18 18:28:58 IST 2026, 127 W
Wed Feb 18 18:28:58 IST 2026, 120 W
Wed Feb 18 18:28:58 IST 2026, 140 W
Wed Feb 18 18:28:59 IST 2026, 115 W
Wed Feb 18 18:28:59 IST 2026, 119 W
Wed Feb 18 18:28:59 IST 2026, 132 W
Wed Feb 18 18:28:59 IST 2026, 123 W
Wed Feb 18 18:28:59 IST 2026, 107 W
Wed Feb 18 18:28:59 IST 2026, 126 W
Wed Feb 18 18:28:59 IST 2026, 129 W
Wed Feb 18 18:28:59 IST 2026, 135 W
Wed Feb 18 18:29:00 IST 2026, 126 W
Wed Feb 18 18:29:00 IST 2026, 114 W
Wed Feb 18 18:29:00 IST 2026, 131 W
Wed Feb 18 18:29:00 IST 2026, 122 W
Wed Feb 18 18:29:00 IST 2026, 107 W
Wed Feb 18 18:29:00 IST 2026, 120 W
Wed Feb 18 18:29:00 IST 2026, 125 W
Wed Feb 18 18:29:00 IST 2026, 145 W
Wed Feb 18 18:29:01 IST 2026, 123 W
Wed Feb 18 18:29:01 IST 2026, 125 W
Wed Feb 18 18:29:01 IST 2026, 136 W
Wed Feb 18 18:29:01 IST 2026, 126 W
Wed Feb 18 18:29:01 IST 2026, 114 W
Wed Feb 18 18:29:01 IST 2026, 128 W
Wed Feb 18 18:29:01 IST 2026, 128 W
Wed Feb 18 18:29:01 IST 2026, 145 W
Wed Feb 18 18:29:02 IST 2026, 113 W
Wed Feb 18 18:29:02 IST 2026, 115 W
Wed Feb 18 18:29:02 IST 2026, 128 W
Wed Feb 18 18:29:02 IST 2026, 120 W
Wed Feb 18 18:29:02 IST 2026, 105 W
Wed Feb 18 18:29:02 IST 2026, 121 W
Wed Feb 18 18:29:02 IST 2026, 124 W
Wed Feb 18 18:29:02 IST 2026, 135 W
Wed Feb 18 18:29:03 IST 2026, 122 W
Wed Feb 18 18:29:03 IST 2026, 122 W
Wed Feb 18 18:29:03 IST 2026, 141 W
Wed Feb 18 18:29:03 IST 2026, 121 W
Wed Feb 18 18:29:03 IST 2026, 111 W
Wed Feb 18 18:29:03 IST 2026, 129 W
Wed Feb 18 18:29:03 IST 2026, 125 W
Wed Feb 18 18:29:03 IST 2026, 144 W
Wed Feb 18 18:29:04 IST 2026, 128 W
Wed Feb 18 18:29:04 IST 2026, 121 W
Wed Feb 18 18:29:04 IST 2026, 132 W
Wed Feb 18 18:29:04 IST 2026, 124 W
Wed Feb 18 18:29:04 IST 2026, 112 W
Wed Feb 18 18:29:04 IST 2026, 132 W
Wed Feb 18 18:29:04 IST 2026, 132 W
Wed Feb 18 18:29:04 IST 2026, 144 W
Wed Feb 18 18:29:05 IST 2026, 130 W
Wed Feb 18 18:29:05 IST 2026, 122 W
Wed Feb 18 18:29:05 IST 2026, 131 W
Wed Feb 18 18:29:05 IST 2026, 122 W
Wed Feb 18 18:29:05 IST 2026, 109 W
Wed Feb 18 18:29:05 IST 2026, 130 W
Wed Feb 18 18:29:05 IST 2026, 125 W
Wed Feb 18 18:29:05 IST 2026, 129 W
Wed Feb 18 18:29:06 IST 2026, 123 W
Wed Feb 18 18:29:06 IST 2026, 115 W
Wed Feb 18 18:29:06 IST 2026, 132 W
Wed Feb 18 18:29:06 IST 2026, 125 W
Wed Feb 18 18:29:06 IST 2026, 107 W
Wed Feb 18 18:29:06 IST 2026, 122 W
Wed Feb 18 18:29:06 IST 2026, 126 W
Wed Feb 18 18:29:06 IST 2026, 137 W
Wed Feb 18 18:29:07 IST 2026, 124 W
Wed Feb 18 18:29:07 IST 2026, 115 W
Wed Feb 18 18:29:07 IST 2026, 126 W
Wed Feb 18 18:29:07 IST 2026, 121 W
Wed Feb 18 18:29:07 IST 2026, 110 W
Wed Feb 18 18:29:07 IST 2026, 126 W
Wed Feb 18 18:29:07 IST 2026, 122 W
Wed Feb 18 18:29:07 IST 2026, 131 W
Wed Feb 18 18:29:08 IST 2026, 126 W
Wed Feb 18 18:29:08 IST 2026, 122 W
Wed Feb 18 18:29:08 IST 2026, 135 W
Wed Feb 18 18:29:08 IST 2026, 120 W
Wed Feb 18 18:29:08 IST 2026, 107 W
Wed Feb 18 18:29:08 IST 2026, 129 W
Wed Feb 18 18:29:08 IST 2026, 125 W
Wed Feb 18 18:29:08 IST 2026, 138 W
Wed Feb 18 18:29:09 IST 2026, 123 W
Wed Feb 18 18:29:09 IST 2026, 121 W
Wed Feb 18 18:29:09 IST 2026, 136 W
Wed Feb 18 18:29:09 IST 2026, 123 W
Wed Feb 18 18:29:09 IST 2026, 111 W
Wed Feb 18 18:29:09 IST 2026, 125 W
Wed Feb 18 18:29:09 IST 2026, 124 W
Wed Feb 18 18:29:09 IST 2026, 140 W
Wed Feb 18 18:29:10 IST 2026, 123 W
Wed Feb 18 18:29:10 IST 2026, 119 W
Wed Feb 18 18:29:10 IST 2026, 129 W
Wed Feb 18 18:29:10 IST 2026, 123 W
Wed Feb 18 18:29:10 IST 2026, 107 W
Wed Feb 18 18:29:10 IST 2026, 127 W
Wed Feb 18 18:29:10 IST 2026, 127 W
Wed Feb 18 18:29:10 IST 2026, 142 W
Wed Feb 18 18:29:11 IST 2026, 121 W
Wed Feb 18 18:29:11 IST 2026, 119 W
Wed Feb 18 18:29:11 IST 2026, 132 W
Wed Feb 18 18:29:11 IST 2026, 124 W
Wed Feb 18 18:29:11 IST 2026, 104 W
Wed Feb 18 18:29:11 IST 2026, 124 W
Wed Feb 18 18:29:11 IST 2026, 127 W
Wed Feb 18 18:29:11 IST 2026, 139 W
Wed Feb 18 18:29:12 IST 2026, 115 W
Wed Feb 18 18:29:12 IST 2026, 117 W
Wed Feb 18 18:29:12 IST 2026, 123 W
Wed Feb 18 18:29:12 IST 2026, 116 W
Wed Feb 18 18:29:12 IST 2026, 104 W
Wed Feb 18 18:29:12 IST 2026, 123 W
Wed Feb 18 18:29:12 IST 2026, 119 W
Wed Feb 18 18:29:12 IST 2026, 126 W
Wed Feb 18 18:29:13 IST 2026, 127 W
Wed Feb 18 18:29:13 IST 2026, 125 W
Wed Feb 18 18:29:13 IST 2026, 133 W
Wed Feb 18 18:29:13 IST 2026, 125 W
Wed Feb 18 18:29:13 IST 2026, 111 W
Wed Feb 18 18:29:13 IST 2026, 129 W
Wed Feb 18 18:29:13 IST 2026, 132 W
Wed Feb 18 18:29:13 IST 2026, 136 W
Wed Feb 18 18:29:14 IST 2026, 115 W
Wed Feb 18 18:29:14 IST 2026, 118 W
Wed Feb 18 18:29:14 IST 2026, 133 W
Wed Feb 18 18:29:14 IST 2026, 114 W
Wed Feb 18 18:29:14 IST 2026, 109 W
Wed Feb 18 18:29:14 IST 2026, 122 W
Wed Feb 18 18:29:14 IST 2026, 122 W
Wed Feb 18 18:29:14 IST 2026, 137 W
Wed Feb 18 18:29:15 IST 2026, 118 W
Wed Feb 18 18:29:15 IST 2026, 122 W
Wed Feb 18 18:29:15 IST 2026, 128 W
Wed Feb 18 18:29:15 IST 2026, 121 W
Wed Feb 18 18:29:15 IST 2026, 113 W
Wed Feb 18 18:29:15 IST 2026, 129 W
Wed Feb 18 18:29:15 IST 2026, 125 W
Wed Feb 18 18:29:15 IST 2026, 138 W
Wed Feb 18 18:29:16 IST 2026, 120 W
Wed Feb 18 18:29:16 IST 2026, 119 W
Wed Feb 18 18:29:16 IST 2026, 127 W
Wed Feb 18 18:29:16 IST 2026, 119 W
Wed Feb 18 18:29:16 IST 2026, 108 W
Wed Feb 18 18:29:16 IST 2026, 117 W
Wed Feb 18 18:29:16 IST 2026, 119 W
Wed Feb 18 18:29:16 IST 2026, 133 W
Wed Feb 18 18:29:17 IST 2026, 119 W
Wed Feb 18 18:29:17 IST 2026, 115 W
Wed Feb 18 18:29:17 IST 2026, 126 W
Wed Feb 18 18:29:17 IST 2026, 116 W
Wed Feb 18 18:29:17 IST 2026, 104 W
Wed Feb 18 18:29:17 IST 2026, 118 W
Wed Feb 18 18:29:17 IST 2026, 116 W
Wed Feb 18 18:29:17 IST 2026, 135 W
Wed Feb 18 18:29:18 IST 2026, 123 W
Wed Feb 18 18:29:18 IST 2026, 124 W
Wed Feb 18 18:29:18 IST 2026, 133 W
Wed Feb 18 18:29:18 IST 2026, 120 W
Wed Feb 18 18:29:18 IST 2026, 107 W
Wed Feb 18 18:29:18 IST 2026, 127 W
Wed Feb 18 18:29:18 IST 2026, 124 W
Wed Feb 18 18:29:18 IST 2026, 135 W
Wed Feb 18 18:29:19 IST 2026, 126 W
Wed Feb 18 18:29:19 IST 2026, 123 W
Wed Feb 18 18:29:19 IST 2026, 138 W
Wed Feb 18 18:29:19 IST 2026, 120 W
Wed Feb 18 18:29:19 IST 2026, 110 W
Wed Feb 18 18:29:19 IST 2026, 122 W
Wed Feb 18 18:29:19 IST 2026, 123 W
Wed Feb 18 18:29:19 IST 2026, 134 W
Wed Feb 18 18:29:20 IST 2026, 118 W
Wed Feb 18 18:29:20 IST 2026, 113 W
Wed Feb 18 18:29:20 IST 2026, 133 W
Wed Feb 18 18:29:20 IST 2026, 119 W
Wed Feb 18 18:29:20 IST 2026, 107 W
Wed Feb 18 18:29:20 IST 2026, 120 W
Wed Feb 18 18:29:20 IST 2026, 124 W
Wed Feb 18 18:29:20 IST 2026, 133 W
Wed Feb 18 18:29:21 IST 2026, 117 W
Wed Feb 18 18:29:21 IST 2026, 123 W
Wed Feb 18 18:29:21 IST 2026, 128 W
Wed Feb 18 18:29:21 IST 2026, 122 W
Wed Feb 18 18:29:21 IST 2026, 112 W
Wed Feb 18 18:29:21 IST 2026, 126 W
Wed Feb 18 18:29:21 IST 2026, 129 W
Wed Feb 18 18:29:21 IST 2026, 148 W
Wed Feb 18 18:29:22 IST 2026, 122 W
Wed Feb 18 18:29:22 IST 2026, 115 W
Wed Feb 18 18:29:22 IST 2026, 134 W
Wed Feb 18 18:29:22 IST 2026, 128 W
Wed Feb 18 18:29:22 IST 2026, 111 W
Wed Feb 18 18:29:22 IST 2026, 125 W
Wed Feb 18 18:29:22 IST 2026, 128 W
Wed Feb 18 18:29:22 IST 2026, 135 W
Wed Feb 18 18:29:23 IST 2026, 124 W
Wed Feb 18 18:29:23 IST 2026, 118 W
Wed Feb 18 18:29:23 IST 2026, 127 W
Wed Feb 18 18:29:23 IST 2026, 121 W
Wed Feb 18 18:29:23 IST 2026, 108 W
Wed Feb 18 18:29:23 IST 2026, 125 W
Wed Feb 18 18:29:23 IST 2026, 133 W
Wed Feb 18 18:29:23 IST 2026, 133 W
Wed Feb 18 18:29:24 IST 2026, 127 W
Wed Feb 18 18:29:24 IST 2026, 119 W
Wed Feb 18 18:29:24 IST 2026, 127 W
Wed Feb 18 18:29:24 IST 2026, 124 W
Wed Feb 18 18:29:24 IST 2026, 110 W
Wed Feb 18 18:29:24 IST 2026, 129 W
Wed Feb 18 18:29:24 IST 2026, 127 W
Wed Feb 18 18:29:24 IST 2026, 140 W
Wed Feb 18 18:29:25 IST 2026, 115 W
Wed Feb 18 18:29:25 IST 2026, 119 W
Wed Feb 18 18:29:25 IST 2026, 134 W
Wed Feb 18 18:29:25 IST 2026, 117 W
Wed Feb 18 18:29:25 IST 2026, 109 W
Wed Feb 18 18:29:25 IST 2026, 118 W
Wed Feb 18 18:29:25 IST 2026, 122 W
Wed Feb 18 18:29:25 IST 2026, 136 W
Wed Feb 18 18:29:26 IST 2026, 120 W
Wed Feb 18 18:29:26 IST 2026, 117 W
Wed Feb 18 18:29:26 IST 2026, 129 W
Wed Feb 18 18:29:26 IST 2026, 121 W
Wed Feb 18 18:29:26 IST 2026, 114 W
Wed Feb 18 18:29:26 IST 2026, 120 W
Wed Feb 18 18:29:26 IST 2026, 118 W
Wed Feb 18 18:29:26 IST 2026, 138 W
Wed Feb 18 18:29:27 IST 2026, 119 W
Wed Feb 18 18:29:27 IST 2026, 121 W
Wed Feb 18 18:29:27 IST 2026, 139 W
Wed Feb 18 18:29:27 IST 2026, 121 W
Wed Feb 18 18:29:27 IST 2026, 112 W
Wed Feb 18 18:29:27 IST 2026, 129 W
Wed Feb 18 18:29:27 IST 2026, 127 W
Wed Feb 18 18:29:27 IST 2026, 140 W
Wed Feb 18 18:29:28 IST 2026, 126 W
Wed Feb 18 18:29:28 IST 2026, 125 W
Wed Feb 18 18:29:28 IST 2026, 129 W
Wed Feb 18 18:29:28 IST 2026, 121 W
Wed Feb 18 18:29:28 IST 2026, 113 W
Wed Feb 18 18:29:28 IST 2026, 130 W
Wed Feb 18 18:29:28 IST 2026, 129 W
Wed Feb 18 18:29:28 IST 2026, 140 W
Wed Feb 18 18:29:29 IST 2026, 125 W
Wed Feb 18 18:29:29 IST 2026, 120 W
Wed Feb 18 18:29:29 IST 2026, 136 W
Wed Feb 18 18:29:29 IST 2026, 125 W
Wed Feb 18 18:29:29 IST 2026, 115 W
Wed Feb 18 18:29:29 IST 2026, 126 W
Wed Feb 18 18:29:29 IST 2026, 127 W
Wed Feb 18 18:29:29 IST 2026, 142 W
Wed Feb 18 18:29:30 IST 2026, 121 W
Wed Feb 18 18:29:30 IST 2026, 119 W
Wed Feb 18 18:29:30 IST 2026, 130 W
Wed Feb 18 18:29:30 IST 2026, 125 W
Wed Feb 18 18:29:30 IST 2026, 108 W
Wed Feb 18 18:29:30 IST 2026, 126 W
Wed Feb 18 18:29:30 IST 2026, 119 W
Wed Feb 18 18:29:30 IST 2026, 139 W
Wed Feb 18 18:29:31 IST 2026, 118 W
Wed Feb 18 18:29:31 IST 2026, 118 W
Wed Feb 18 18:29:31 IST 2026, 129 W
Wed Feb 18 18:29:31 IST 2026, 124 W
Wed Feb 18 18:29:31 IST 2026, 111 W
Wed Feb 18 18:29:31 IST 2026, 131 W
Wed Feb 18 18:29:31 IST 2026, 128 W
Wed Feb 18 18:29:31 IST 2026, 139 W
Wed Feb 18 18:29:32 IST 2026, 124 W
Wed Feb 18 18:29:32 IST 2026, 122 W
Wed Feb 18 18:29:32 IST 2026, 133 W
Wed Feb 18 18:29:32 IST 2026, 123 W
Wed Feb 18 18:29:32 IST 2026, 109 W
Wed Feb 18 18:29:32 IST 2026, 127 W
Wed Feb 18 18:29:32 IST 2026, 120 W
Wed Feb 18 18:29:32 IST 2026, 130 W
Wed Feb 18 18:29:33 IST 2026, 121 W
Wed Feb 18 18:29:33 IST 2026, 121 W
Wed Feb 18 18:29:33 IST 2026, 132 W
Wed Feb 18 18:29:33 IST 2026, 127 W
Wed Feb 18 18:29:33 IST 2026, 113 W
Wed Feb 18 18:29:33 IST 2026, 127 W
Wed Feb 18 18:29:33 IST 2026, 125 W
Wed Feb 18 18:29:33 IST 2026, 138 W
Wed Feb 18 18:29:34 IST 2026, 123 W
Wed Feb 18 18:29:34 IST 2026, 115 W
Wed Feb 18 18:29:34 IST 2026, 131 W
Wed Feb 18 18:29:34 IST 2026, 120 W
Wed Feb 18 18:29:34 IST 2026, 112 W
Wed Feb 18 18:29:34 IST 2026, 120 W
Wed Feb 18 18:29:34 IST 2026, 119 W
Wed Feb 18 18:29:34 IST 2026, 136 W
Wed Feb 18 18:29:35 IST 2026, 124 W
Wed Feb 18 18:29:35 IST 2026, 123 W
Wed Feb 18 18:29:35 IST 2026, 137 W
Wed Feb 18 18:29:35 IST 2026, 119 W
Wed Feb 18 18:29:35 IST 2026, 110 W
Wed Feb 18 18:29:35 IST 2026, 123 W
Wed Feb 18 18:29:35 IST 2026, 127 W
Wed Feb 18 18:29:35 IST 2026, 142 W
Wed Feb 18 18:29:36 IST 2026, 123 W
Wed Feb 18 18:29:36 IST 2026, 122 W
Wed Feb 18 18:29:36 IST 2026, 134 W
Wed Feb 18 18:29:36 IST 2026, 123 W
Wed Feb 18 18:29:36 IST 2026, 110 W
Wed Feb 18 18:29:36 IST 2026, 128 W
Wed Feb 18 18:29:36 IST 2026, 128 W
Wed Feb 18 18:29:36 IST 2026, 135 W
Wed Feb 18 18:29:37 IST 2026, 126 W
Wed Feb 18 18:29:37 IST 2026, 125 W
Wed Feb 18 18:29:37 IST 2026, 136 W
Wed Feb 18 18:29:37 IST 2026, 121 W
Wed Feb 18 18:29:37 IST 2026, 112 W
Wed Feb 18 18:29:37 IST 2026, 128 W
Wed Feb 18 18:29:37 IST 2026, 131 W
Wed Feb 18 18:29:37 IST 2026, 143 W
Wed Feb 18 18:29:38 IST 2026, 124 W
Wed Feb 18 18:29:38 IST 2026, 117 W
Wed Feb 18 18:29:38 IST 2026, 139 W
Wed Feb 18 18:29:38 IST 2026, 120 W
Wed Feb 18 18:29:38 IST 2026, 114 W
Wed Feb 18 18:29:38 IST 2026, 127 W
Wed Feb 18 18:29:38 IST 2026, 126 W
Wed Feb 18 18:29:38 IST 2026, 144 W
Wed Feb 18 18:29:39 IST 2026, 119 W
Wed Feb 18 18:29:39 IST 2026, 118 W
Wed Feb 18 18:29:39 IST 2026, 128 W
Wed Feb 18 18:29:39 IST 2026, 121 W
Wed Feb 18 18:29:39 IST 2026, 111 W
Wed Feb 18 18:29:39 IST 2026, 122 W
Wed Feb 18 18:29:39 IST 2026, 119 W
Wed Feb 18 18:29:39 IST 2026, 136 W
Wed Feb 18 18:29:40 IST 2026, 112 W
Wed Feb 18 18:29:40 IST 2026, 115 W
Wed Feb 18 18:29:40 IST 2026, 131 W
Wed Feb 18 18:29:40 IST 2026, 120 W
Wed Feb 18 18:29:40 IST 2026, 104 W
Wed Feb 18 18:29:40 IST 2026, 122 W
Wed Feb 18 18:29:40 IST 2026, 118 W
Wed Feb 18 18:29:40 IST 2026, 131 W
Wed Feb 18 18:29:41 IST 2026, 115 W
Wed Feb 18 18:29:41 IST 2026, 120 W
Wed Feb 18 18:29:41 IST 2026, 136 W
Wed Feb 18 18:29:41 IST 2026, 117 W
Wed Feb 18 18:29:41 IST 2026, 105 W
Wed Feb 18 18:29:41 IST 2026, 123 W
Wed Feb 18 18:29:41 IST 2026, 126 W
Wed Feb 18 18:29:41 IST 2026, 139 W
Wed Feb 18 18:29:42 IST 2026, 128 W
Wed Feb 18 18:29:42 IST 2026, 123 W
Wed Feb 18 18:29:42 IST 2026, 137 W
Wed Feb 18 18:29:42 IST 2026, 124 W
Wed Feb 18 18:29:42 IST 2026, 114 W
Wed Feb 18 18:29:42 IST 2026, 125 W
Wed Feb 18 18:29:42 IST 2026, 130 W
Wed Feb 18 18:29:42 IST 2026, 140 W
Wed Feb 18 18:29:43 IST 2026, 119 W
Wed Feb 18 18:29:43 IST 2026, 118 W
Wed Feb 18 18:29:43 IST 2026, 131 W
Wed Feb 18 18:29:43 IST 2026, 123 W
Wed Feb 18 18:29:43 IST 2026, 115 W
Wed Feb 18 18:29:43 IST 2026, 122 W
Wed Feb 18 18:29:43 IST 2026, 121 W
Wed Feb 18 18:29:43 IST 2026, 139 W
Wed Feb 18 18:29:44 IST 2026, 125 W
Wed Feb 18 18:29:44 IST 2026, 123 W
Wed Feb 18 18:29:44 IST 2026, 135 W
Wed Feb 18 18:29:44 IST 2026, 121 W
Wed Feb 18 18:29:44 IST 2026, 102 W
Wed Feb 18 18:29:44 IST 2026, 126 W
Wed Feb 18 18:29:44 IST 2026, 132 W
Wed Feb 18 18:29:44 IST 2026, 146 W
Wed Feb 18 18:29:45 IST 2026, 115 W
Wed Feb 18 18:29:45 IST 2026, 121 W
Wed Feb 18 18:29:45 IST 2026, 136 W
Wed Feb 18 18:29:45 IST 2026, 125 W
Wed Feb 18 18:29:45 IST 2026, 109 W
Wed Feb 18 18:29:45 IST 2026, 125 W
Wed Feb 18 18:29:45 IST 2026, 123 W
Wed Feb 18 18:29:45 IST 2026, 137 W
Wed Feb 18 18:29:46 IST 2026, 113 W
Wed Feb 18 18:29:46 IST 2026, 124 W
Wed Feb 18 18:29:46 IST 2026, 140 W
Wed Feb 18 18:29:46 IST 2026, 121 W
Wed Feb 18 18:29:46 IST 2026, 112 W
Wed Feb 18 18:29:46 IST 2026, 127 W
Wed Feb 18 18:29:46 IST 2026, 130 W
Wed Feb 18 18:29:46 IST 2026, 141 W
Wed Feb 18 18:29:47 IST 2026, 122 W
Wed Feb 18 18:29:47 IST 2026, 118 W
Wed Feb 18 18:29:47 IST 2026, 132 W
Wed Feb 18 18:29:47 IST 2026, 119 W
Wed Feb 18 18:29:47 IST 2026, 110 W
Wed Feb 18 18:29:47 IST 2026, 122 W
Wed Feb 18 18:29:47 IST 2026, 124 W
Wed Feb 18 18:29:47 IST 2026, 131 W
Wed Feb 18 18:29:48 IST 2026, 120 W
Wed Feb 18 18:29:48 IST 2026, 123 W
Wed Feb 18 18:29:48 IST 2026, 133 W
Wed Feb 18 18:29:48 IST 2026, 123 W
Wed Feb 18 18:29:48 IST 2026, 109 W
Wed Feb 18 18:29:48 IST 2026, 122 W
Wed Feb 18 18:29:48 IST 2026, 126 W
Wed Feb 18 18:29:48 IST 2026, 137 W
Wed Feb 18 18:29:49 IST 2026, 114 W
Wed Feb 18 18:29:49 IST 2026, 117 W
Wed Feb 18 18:29:49 IST 2026, 126 W
Wed Feb 18 18:29:49 IST 2026, 113 W
Wed Feb 18 18:29:49 IST 2026, 108 W
Wed Feb 18 18:29:49 IST 2026, 125 W
Wed Feb 18 18:29:49 IST 2026, 115 W
Wed Feb 18 18:29:49 IST 2026, 133 W
Wed Feb 18 18:29:50 IST 2026, 119 W
Wed Feb 18 18:29:50 IST 2026, 117 W
Wed Feb 18 18:29:50 IST 2026, 135 W
Wed Feb 18 18:29:50 IST 2026, 112 W
Wed Feb 18 18:29:50 IST 2026, 106 W
Wed Feb 18 18:29:50 IST 2026, 121 W
Wed Feb 18 18:29:50 IST 2026, 123 W
Wed Feb 18 18:29:50 IST 2026, 125 W
Wed Feb 18 18:29:51 IST 2026, 109 W
Wed Feb 18 18:29:51 IST 2026, 111 W
Wed Feb 18 18:29:51 IST 2026, 123 W
Wed Feb 18 18:29:51 IST 2026, 116 W
Wed Feb 18 18:29:51 IST 2026, 105 W
Wed Feb 18 18:29:51 IST 2026, 120 W
Wed Feb 18 18:29:51 IST 2026, 117 W
Wed Feb 18 18:29:51 IST 2026, 136 W
Wed Feb 18 18:29:52 IST 2026, 120 W
Wed Feb 18 18:29:52 IST 2026, 116 W
Wed Feb 18 18:29:52 IST 2026, 131 W
Wed Feb 18 18:29:52 IST 2026, 118 W
Wed Feb 18 18:29:52 IST 2026, 104 W
Wed Feb 18 18:29:52 IST 2026, 124 W
Wed Feb 18 18:29:52 IST 2026, 118 W
Wed Feb 18 18:29:52 IST 2026, 128 W
Wed Feb 18 18:29:53 IST 2026, 118 W
Wed Feb 18 18:29:53 IST 2026, 113 W
Wed Feb 18 18:29:53 IST 2026, 132 W
Wed Feb 18 18:29:53 IST 2026, 116 W
Wed Feb 18 18:29:53 IST 2026, 106 W
Wed Feb 18 18:29:53 IST 2026, 129 W
Wed Feb 18 18:29:53 IST 2026, 120 W
Wed Feb 18 18:29:53 IST 2026, 137 W
Wed Feb 18 18:29:54 IST 2026, 124 W
Wed Feb 18 18:29:54 IST 2026, 120 W
Wed Feb 18 18:29:54 IST 2026, 134 W
Wed Feb 18 18:29:54 IST 2026, 127 W
Wed Feb 18 18:29:54 IST 2026, 110 W
Wed Feb 18 18:29:54 IST 2026, 128 W
Wed Feb 18 18:29:54 IST 2026, 125 W
Wed Feb 18 18:29:54 IST 2026, 136 W
Wed Feb 18 18:29:55 IST 2026, 120 W
Wed Feb 18 18:29:55 IST 2026, 110 W
Wed Feb 18 18:29:55 IST 2026, 131 W
Wed Feb 18 18:29:55 IST 2026, 118 W
Wed Feb 18 18:29:55 IST 2026, 110 W
Wed Feb 18 18:29:55 IST 2026, 128 W
Wed Feb 18 18:29:55 IST 2026, 127 W
Wed Feb 18 18:29:55 IST 2026, 146 W
Wed Feb 18 18:29:56 IST 2026, 121 W
Wed Feb 18 18:29:56 IST 2026, 116 W
Wed Feb 18 18:29:56 IST 2026, 128 W
Wed Feb 18 18:29:56 IST 2026, 124 W
Wed Feb 18 18:29:56 IST 2026, 111 W
Wed Feb 18 18:29:56 IST 2026, 122 W
Wed Feb 18 18:29:56 IST 2026, 124 W
Wed Feb 18 18:29:56 IST 2026, 135 W
Wed Feb 18 18:29:57 IST 2026, 121 W
Wed Feb 18 18:29:57 IST 2026, 117 W
Wed Feb 18 18:29:57 IST 2026, 138 W
Wed Feb 18 18:29:57 IST 2026, 120 W
Wed Feb 18 18:29:57 IST 2026, 116 W
Wed Feb 18 18:29:57 IST 2026, 125 W
Wed Feb 18 18:29:57 IST 2026, 125 W
Wed Feb 18 18:29:57 IST 2026, 137 W
Wed Feb 18 18:29:58 IST 2026, 115 W
Wed Feb 18 18:29:58 IST 2026, 124 W
Wed Feb 18 18:29:58 IST 2026, 134 W
Wed Feb 18 18:29:58 IST 2026, 124 W
Wed Feb 18 18:29:58 IST 2026, 111 W
Wed Feb 18 18:29:58 IST 2026, 128 W
Wed Feb 18 18:29:58 IST 2026, 124 W
Wed Feb 18 18:29:58 IST 2026, 146 W
Wed Feb 18 18:29:59 IST 2026, 125 W
Wed Feb 18 18:29:59 IST 2026, 120 W
Wed Feb 18 18:29:59 IST 2026, 126 W
Wed Feb 18 18:29:59 IST 2026, 120 W
Wed Feb 18 18:29:59 IST 2026, 104 W
Wed Feb 18 18:29:59 IST 2026, 126 W
Wed Feb 18 18:29:59 IST 2026, 128 W
Wed Feb 18 18:29:59 IST 2026, 141 W
Wed Feb 18 18:30:00 IST 2026, 122 W
Wed Feb 18 18:30:00 IST 2026, 118 W
Wed Feb 18 18:30:00 IST 2026, 128 W
Wed Feb 18 18:30:00 IST 2026, 124 W
Wed Feb 18 18:30:00 IST 2026, 112 W
Wed Feb 18 18:30:00 IST 2026, 132 W
Wed Feb 18 18:30:00 IST 2026, 124 W
Wed Feb 18 18:30:00 IST 2026, 136 W
Wed Feb 18 18:30:01 IST 2026, 124 W
Wed Feb 18 18:30:01 IST 2026, 121 W
Wed Feb 18 18:30:01 IST 2026, 125 W
Wed Feb 18 18:30:01 IST 2026, 114 W
Wed Feb 18 18:30:01 IST 2026, 110 W
Wed Feb 18 18:30:01 IST 2026, 126 W
Wed Feb 18 18:30:01 IST 2026, 121 W
Wed Feb 18 18:30:01 IST 2026, 149 W
Wed Feb 18 18:30:02 IST 2026, 127 W
Wed Feb 18 18:30:02 IST 2026, 116 W
Wed Feb 18 18:30:02 IST 2026, 130 W
Wed Feb 18 18:30:02 IST 2026, 126 W
Wed Feb 18 18:30:02 IST 2026, 110 W
Wed Feb 18 18:30:02 IST 2026, 129 W
Wed Feb 18 18:30:02 IST 2026, 132 W
Wed Feb 18 18:30:02 IST 2026, 148 W
Wed Feb 18 18:30:03 IST 2026, 125 W
Wed Feb 18 18:30:03 IST 2026, 116 W
Wed Feb 18 18:30:03 IST 2026, 134 W
Wed Feb 18 18:30:03 IST 2026, 124 W
Wed Feb 18 18:30:03 IST 2026, 108 W
Wed Feb 18 18:30:03 IST 2026, 122 W
Wed Feb 18 18:30:03 IST 2026, 125 W
Wed Feb 18 18:30:03 IST 2026, 140 W
Wed Feb 18 18:30:04 IST 2026, 116 W
Wed Feb 18 18:30:04 IST 2026, 114 W
Wed Feb 18 18:30:04 IST 2026, 119 W
Wed Feb 18 18:30:04 IST 2026, 116 W
Wed Feb 18 18:30:04 IST 2026, 103 W
Wed Feb 18 18:30:04 IST 2026, 117 W
Wed Feb 18 18:30:04 IST 2026, 113 W
Wed Feb 18 18:30:04 IST 2026, 132 W
Wed Feb 18 18:30:05 IST 2026, 117 W
Wed Feb 18 18:30:05 IST 2026, 111 W
Wed Feb 18 18:30:05 IST 2026, 126 W
Wed Feb 18 18:30:05 IST 2026, 112 W
Wed Feb 18 18:30:05 IST 2026, 100 W
Wed Feb 18 18:30:05 IST 2026, 117 W
Wed Feb 18 18:30:05 IST 2026, 112 W
Wed Feb 18 18:30:05 IST 2026, 133 W
Wed Feb 18 18:30:06 IST 2026, 115 W
Wed Feb 18 18:30:06 IST 2026, 119 W
Wed Feb 18 18:30:06 IST 2026, 131 W
Wed Feb 18 18:30:06 IST 2026, 118 W
Wed Feb 18 18:30:06 IST 2026, 103 W
Wed Feb 18 18:30:06 IST 2026, 126 W
Wed Feb 18 18:30:06 IST 2026, 119 W
Wed Feb 18 18:30:06 IST 2026, 132 W
Wed Feb 18 18:30:07 IST 2026, 112 W
Wed Feb 18 18:30:07 IST 2026, 118 W
Wed Feb 18 18:30:07 IST 2026, 128 W
Wed Feb 18 18:30:07 IST 2026, 117 W
Wed Feb 18 18:30:07 IST 2026, 109 W
Wed Feb 18 18:30:07 IST 2026, 124 W
Wed Feb 18 18:30:07 IST 2026, 123 W
Wed Feb 18 18:30:07 IST 2026, 142 W
Wed Feb 18 18:30:08 IST 2026, 105 W
Wed Feb 18 18:30:08 IST 2026, 118 W
Wed Feb 18 18:30:08 IST 2026, 125 W
Wed Feb 18 18:30:08 IST 2026, 117 W
Wed Feb 18 18:30:08 IST 2026, 101 W
Wed Feb 18 18:30:08 IST 2026, 122 W
Wed Feb 18 18:30:08 IST 2026, 123 W
Wed Feb 18 18:30:08 IST 2026, 137 W
Wed Feb 18 18:30:09 IST 2026, 115 W
Wed Feb 18 18:30:09 IST 2026, 111 W
Wed Feb 18 18:30:09 IST 2026, 128 W
Wed Feb 18 18:30:09 IST 2026, 113 W
Wed Feb 18 18:30:09 IST 2026, 101 W
Wed Feb 18 18:30:09 IST 2026, 118 W
Wed Feb 18 18:30:09 IST 2026, 109 W
Wed Feb 18 18:30:09 IST 2026, 138 W
Wed Feb 18 18:30:10 IST 2026, 124 W
Wed Feb 18 18:30:10 IST 2026, 117 W
Wed Feb 18 18:30:10 IST 2026, 132 W
Wed Feb 18 18:30:10 IST 2026, 118 W
Wed Feb 18 18:30:10 IST 2026, 111 W
Wed Feb 18 18:30:10 IST 2026, 124 W
Wed Feb 18 18:30:10 IST 2026, 119 W
Wed Feb 18 18:30:10 IST 2026, 137 W
Wed Feb 18 18:30:11 IST 2026, 122 W
Wed Feb 18 18:30:11 IST 2026, 117 W
Wed Feb 18 18:30:11 IST 2026, 128 W
Wed Feb 18 18:30:11 IST 2026, 119 W
Wed Feb 18 18:30:11 IST 2026, 111 W
Wed Feb 18 18:30:11 IST 2026, 126 W
Wed Feb 18 18:30:11 IST 2026, 120 W
Wed Feb 18 18:30:11 IST 2026, 136 W
Wed Feb 18 18:30:12 IST 2026, 110 W
Wed Feb 18 18:30:12 IST 2026, 117 W
Wed Feb 18 18:30:12 IST 2026, 133 W
Wed Feb 18 18:30:12 IST 2026, 120 W
Wed Feb 18 18:30:12 IST 2026, 111 W
Wed Feb 18 18:30:12 IST 2026, 126 W
Wed Feb 18 18:30:12 IST 2026, 127 W
Wed Feb 18 18:30:12 IST 2026, 137 W
Wed Feb 18 18:30:13 IST 2026, 117 W
Wed Feb 18 18:30:13 IST 2026, 115 W
Wed Feb 18 18:30:13 IST 2026, 123 W
Wed Feb 18 18:30:13 IST 2026, 116 W
Wed Feb 18 18:30:13 IST 2026, 107 W
Wed Feb 18 18:30:13 IST 2026, 119 W
Wed Feb 18 18:30:13 IST 2026, 117 W
Wed Feb 18 18:30:13 IST 2026, 138 W
Wed Feb 18 18:30:14 IST 2026, 119 W
Wed Feb 18 18:30:14 IST 2026, 119 W
Wed Feb 18 18:30:14 IST 2026, 126 W
Wed Feb 18 18:30:14 IST 2026, 119 W
Wed Feb 18 18:30:14 IST 2026, 108 W
Wed Feb 18 18:30:14 IST 2026, 121 W
Wed Feb 18 18:30:14 IST 2026, 121 W
Wed Feb 18 18:30:14 IST 2026, 136 W
Wed Feb 18 18:30:15 IST 2026, 113 W
Wed Feb 18 18:30:15 IST 2026, 113 W
Wed Feb 18 18:30:15 IST 2026, 125 W
Wed Feb 18 18:30:15 IST 2026, 114 W
Wed Feb 18 18:30:15 IST 2026, 98 W
Wed Feb 18 18:30:15 IST 2026, 117 W
Wed Feb 18 18:30:15 IST 2026, 109 W
Wed Feb 18 18:30:15 IST 2026, 135 W
Wed Feb 18 18:30:16 IST 2026, 122 W
Wed Feb 18 18:30:16 IST 2026, 119 W
Wed Feb 18 18:30:16 IST 2026, 130 W
Wed Feb 18 18:30:16 IST 2026, 117 W
Wed Feb 18 18:30:16 IST 2026, 102 W
Wed Feb 18 18:30:16 IST 2026, 118 W
Wed Feb 18 18:30:16 IST 2026, 116 W
Wed Feb 18 18:30:16 IST 2026, 140 W
Wed Feb 18 18:30:17 IST 2026, 123 W
Wed Feb 18 18:30:17 IST 2026, 121 W
Wed Feb 18 18:30:17 IST 2026, 128 W
Wed Feb 18 18:30:17 IST 2026, 119 W
Wed Feb 18 18:30:17 IST 2026, 112 W
Wed Feb 18 18:30:17 IST 2026, 126 W
Wed Feb 18 18:30:17 IST 2026, 121 W
Wed Feb 18 18:30:17 IST 2026, 141 W
Wed Feb 18 18:30:18 IST 2026, 115 W
Wed Feb 18 18:30:18 IST 2026, 113 W
Wed Feb 18 18:30:18 IST 2026, 123 W
Wed Feb 18 18:30:18 IST 2026, 116 W
Wed Feb 18 18:30:18 IST 2026, 105 W
Wed Feb 18 18:30:18 IST 2026, 119 W
Wed Feb 18 18:30:18 IST 2026, 109 W
Wed Feb 18 18:30:18 IST 2026, 129 W
Wed Feb 18 18:30:19 IST 2026, 116 W
Wed Feb 18 18:30:19 IST 2026, 116 W
Wed Feb 18 18:30:19 IST 2026, 125 W
Wed Feb 18 18:30:19 IST 2026, 118 W
Wed Feb 18 18:30:19 IST 2026, 104 W
Wed Feb 18 18:30:19 IST 2026, 113 W
Wed Feb 18 18:30:19 IST 2026, 113 W
Wed Feb 18 18:30:19 IST 2026, 129 W
Wed Feb 18 18:30:20 IST 2026, 119 W
Wed Feb 18 18:30:20 IST 2026, 124 W
Wed Feb 18 18:30:20 IST 2026, 133 W
Wed Feb 18 18:30:20 IST 2026, 121 W
Wed Feb 18 18:30:20 IST 2026, 113 W
Wed Feb 18 18:30:20 IST 2026, 128 W
Wed Feb 18 18:30:20 IST 2026, 128 W
Wed Feb 18 18:30:20 IST 2026, 136 W
Wed Feb 18 18:30:21 IST 2026, 119 W
Wed Feb 18 18:30:21 IST 2026, 112 W
Wed Feb 18 18:30:21 IST 2026, 127 W
Wed Feb 18 18:30:21 IST 2026, 115 W
Wed Feb 18 18:30:21 IST 2026, 108 W
Wed Feb 18 18:30:21 IST 2026, 123 W
Wed Feb 18 18:30:21 IST 2026, 123 W
Wed Feb 18 18:30:21 IST 2026, 138 W
Wed Feb 18 18:30:22 IST 2026, 114 W
Wed Feb 18 18:30:22 IST 2026, 115 W
Wed Feb 18 18:30:22 IST 2026, 125 W
Wed Feb 18 18:30:22 IST 2026, 118 W
Wed Feb 18 18:30:22 IST 2026, 105 W
Wed Feb 18 18:30:22 IST 2026, 122 W
Wed Feb 18 18:30:22 IST 2026, 123 W
Wed Feb 18 18:30:22 IST 2026, 147 W
Wed Feb 18 18:30:23 IST 2026, 118 W
Wed Feb 18 18:30:23 IST 2026, 119 W
Wed Feb 18 18:30:23 IST 2026, 133 W
Wed Feb 18 18:30:23 IST 2026, 121 W
Wed Feb 18 18:30:23 IST 2026, 111 W
Wed Feb 18 18:30:23 IST 2026, 129 W
Wed Feb 18 18:30:23 IST 2026, 126 W
Wed Feb 18 18:30:23 IST 2026, 141 W
Wed Feb 18 18:30:24 IST 2026, 120 W
Wed Feb 18 18:30:24 IST 2026, 121 W
Wed Feb 18 18:30:24 IST 2026, 128 W
Wed Feb 18 18:30:24 IST 2026, 120 W
Wed Feb 18 18:30:24 IST 2026, 111 W
Wed Feb 18 18:30:24 IST 2026, 125 W
Wed Feb 18 18:30:24 IST 2026, 125 W
Wed Feb 18 18:30:24 IST 2026, 139 W
Wed Feb 18 18:30:25 IST 2026, 125 W
Wed Feb 18 18:30:25 IST 2026, 124 W
Wed Feb 18 18:30:25 IST 2026, 136 W
Wed Feb 18 18:30:25 IST 2026, 124 W
Wed Feb 18 18:30:25 IST 2026, 114 W
Wed Feb 18 18:30:25 IST 2026, 119 W
Wed Feb 18 18:30:25 IST 2026, 125 W
Wed Feb 18 18:30:25 IST 2026, 138 W
Wed Feb 18 18:30:26 IST 2026, 121 W
Wed Feb 18 18:30:26 IST 2026, 122 W
Wed Feb 18 18:30:26 IST 2026, 136 W
Wed Feb 18 18:30:26 IST 2026, 123 W
Wed Feb 18 18:30:26 IST 2026, 113 W
Wed Feb 18 18:30:26 IST 2026, 123 W
Wed Feb 18 18:30:26 IST 2026, 129 W
Wed Feb 18 18:30:26 IST 2026, 149 W
Wed Feb 18 18:30:27 IST 2026, 112 W
Wed Feb 18 18:30:27 IST 2026, 125 W
Wed Feb 18 18:30:27 IST 2026, 135 W
Wed Feb 18 18:30:27 IST 2026, 118 W
Wed Feb 18 18:30:27 IST 2026, 110 W
Wed Feb 18 18:30:27 IST 2026, 125 W
Wed Feb 18 18:30:27 IST 2026, 129 W
Wed Feb 18 18:30:27 IST 2026, 138 W
Wed Feb 18 18:30:28 IST 2026, 130 W
Wed Feb 18 18:30:28 IST 2026, 127 W
Wed Feb 18 18:30:28 IST 2026, 137 W
Wed Feb 18 18:30:28 IST 2026, 127 W
Wed Feb 18 18:30:28 IST 2026, 113 W
Wed Feb 18 18:30:28 IST 2026, 130 W
Wed Feb 18 18:30:28 IST 2026, 133 W
Wed Feb 18 18:30:28 IST 2026, 143 W
Wed Feb 18 18:30:29 IST 2026, 127 W
Wed Feb 18 18:30:29 IST 2026, 121 W
Wed Feb 18 18:30:29 IST 2026, 136 W
Wed Feb 18 18:30:29 IST 2026, 122 W
Wed Feb 18 18:30:29 IST 2026, 110 W
Wed Feb 18 18:30:29 IST 2026, 127 W
Wed Feb 18 18:30:29 IST 2026, 128 W
Wed Feb 18 18:30:29 IST 2026, 139 W
Wed Feb 18 18:30:30 IST 2026, 118 W
Wed Feb 18 18:30:30 IST 2026, 116 W
Wed Feb 18 18:30:30 IST 2026, 131 W
Wed Feb 18 18:30:30 IST 2026, 119 W
Wed Feb 18 18:30:30 IST 2026, 107 W
Wed Feb 18 18:30:30 IST 2026, 122 W
Wed Feb 18 18:30:30 IST 2026, 122 W
Wed Feb 18 18:30:30 IST 2026, 140 W
Wed Feb 18 18:30:31 IST 2026, 119 W
Wed Feb 18 18:30:31 IST 2026, 111 W
Wed Feb 18 18:30:31 IST 2026, 125 W
Wed Feb 18 18:30:31 IST 2026, 115 W
Wed Feb 18 18:30:31 IST 2026, 109 W
Wed Feb 18 18:30:31 IST 2026, 122 W
Wed Feb 18 18:30:31 IST 2026, 124 W
Wed Feb 18 18:30:31 IST 2026, 145 W
Wed Feb 18 18:30:32 IST 2026, 126 W
Wed Feb 18 18:30:32 IST 2026, 122 W
Wed Feb 18 18:30:32 IST 2026, 127 W
Wed Feb 18 18:30:32 IST 2026, 120 W
Wed Feb 18 18:30:32 IST 2026, 112 W
Wed Feb 18 18:30:32 IST 2026, 126 W
Wed Feb 18 18:30:32 IST 2026, 130 W
Wed Feb 18 18:30:32 IST 2026, 140 W
Wed Feb 18 18:30:33 IST 2026, 116 W
Wed Feb 18 18:30:33 IST 2026, 117 W
Wed Feb 18 18:30:33 IST 2026, 125 W
Wed Feb 18 18:30:33 IST 2026, 119 W
Wed Feb 18 18:30:33 IST 2026, 109 W
Wed Feb 18 18:30:33 IST 2026, 123 W
Wed Feb 18 18:30:33 IST 2026, 122 W
Wed Feb 18 18:30:33 IST 2026, 138 W
Wed Feb 18 18:30:34 IST 2026, 116 W
Wed Feb 18 18:30:34 IST 2026, 119 W
Wed Feb 18 18:30:34 IST 2026, 133 W
Wed Feb 18 18:30:34 IST 2026, 125 W
Wed Feb 18 18:30:34 IST 2026, 110 W
Wed Feb 18 18:30:34 IST 2026, 128 W
Wed Feb 18 18:30:34 IST 2026, 127 W
Wed Feb 18 18:30:34 IST 2026, 139 W
Wed Feb 18 18:30:35 IST 2026, 124 W
Wed Feb 18 18:30:35 IST 2026, 120 W
Wed Feb 18 18:30:35 IST 2026, 129 W
Wed Feb 18 18:30:35 IST 2026, 121 W
Wed Feb 18 18:30:35 IST 2026, 111 W
Wed Feb 18 18:30:35 IST 2026, 132 W
Wed Feb 18 18:30:35 IST 2026, 127 W
Wed Feb 18 18:30:35 IST 2026, 145 W
Wed Feb 18 18:30:36 IST 2026, 125 W
Wed Feb 18 18:30:36 IST 2026, 119 W
Wed Feb 18 18:30:36 IST 2026, 135 W
Wed Feb 18 18:30:36 IST 2026, 118 W
Wed Feb 18 18:30:36 IST 2026, 112 W
Wed Feb 18 18:30:36 IST 2026, 128 W
Wed Feb 18 18:30:36 IST 2026, 128 W
Wed Feb 18 18:30:36 IST 2026, 139 W
Wed Feb 18 18:30:37 IST 2026, 113 W
Wed Feb 18 18:30:37 IST 2026, 120 W
Wed Feb 18 18:30:37 IST 2026, 135 W
Wed Feb 18 18:30:37 IST 2026, 119 W
Wed Feb 18 18:30:37 IST 2026, 106 W
Wed Feb 18 18:30:37 IST 2026, 126 W
Wed Feb 18 18:30:37 IST 2026, 123 W
Wed Feb 18 18:30:37 IST 2026, 137 W
Wed Feb 18 18:30:38 IST 2026, 119 W
Wed Feb 18 18:30:38 IST 2026, 122 W
Wed Feb 18 18:30:38 IST 2026, 129 W
Wed Feb 18 18:30:38 IST 2026, 121 W
Wed Feb 18 18:30:38 IST 2026, 108 W
Wed Feb 18 18:30:38 IST 2026, 124 W
Wed Feb 18 18:30:38 IST 2026, 125 W
Wed Feb 18 18:30:38 IST 2026, 143 W
Wed Feb 18 18:30:39 IST 2026, 120 W
Wed Feb 18 18:30:39 IST 2026, 118 W
Wed Feb 18 18:30:39 IST 2026, 133 W
Wed Feb 18 18:30:39 IST 2026, 127 W
Wed Feb 18 18:30:39 IST 2026, 113 W
Wed Feb 18 18:30:39 IST 2026, 130 W
Wed Feb 18 18:30:39 IST 2026, 125 W
Wed Feb 18 18:30:39 IST 2026, 139 W
Wed Feb 18 18:30:40 IST 2026, 120 W
Wed Feb 18 18:30:40 IST 2026, 113 W
Wed Feb 18 18:30:40 IST 2026, 129 W
Wed Feb 18 18:30:40 IST 2026, 113 W
Wed Feb 18 18:30:40 IST 2026, 103 W
Wed Feb 18 18:30:40 IST 2026, 120 W
Wed Feb 18 18:30:40 IST 2026, 107 W
Wed Feb 18 18:30:40 IST 2026, 135 W
Wed Feb 18 18:30:41 IST 2026, 125 W
Wed Feb 18 18:30:41 IST 2026, 119 W
Wed Feb 18 18:30:41 IST 2026, 134 W
Wed Feb 18 18:30:41 IST 2026, 123 W
Wed Feb 18 18:30:41 IST 2026, 112 W
Wed Feb 18 18:30:41 IST 2026, 126 W
Wed Feb 18 18:30:41 IST 2026, 126 W
Wed Feb 18 18:30:41 IST 2026, 130 W
Wed Feb 18 18:30:42 IST 2026, 117 W
Wed Feb 18 18:30:42 IST 2026, 115 W
Wed Feb 18 18:30:42 IST 2026, 136 W
Wed Feb 18 18:30:42 IST 2026, 117 W
Wed Feb 18 18:30:42 IST 2026, 110 W
Wed Feb 18 18:30:42 IST 2026, 123 W
Wed Feb 18 18:30:42 IST 2026, 122 W
Wed Feb 18 18:30:42 IST 2026, 138 W
Wed Feb 18 18:30:43 IST 2026, 126 W
Wed Feb 18 18:30:43 IST 2026, 114 W
Wed Feb 18 18:30:43 IST 2026, 131 W
Wed Feb 18 18:30:43 IST 2026, 121 W
Wed Feb 18 18:30:43 IST 2026, 110 W
Wed Feb 18 18:30:43 IST 2026, 130 W
Wed Feb 18 18:30:43 IST 2026, 128 W
Wed Feb 18 18:30:43 IST 2026, 139 W
Wed Feb 18 18:30:44 IST 2026, 121 W
Wed Feb 18 18:30:44 IST 2026, 118 W
Wed Feb 18 18:30:44 IST 2026, 121 W
Wed Feb 18 18:30:44 IST 2026, 117 W
Wed Feb 18 18:30:44 IST 2026, 106 W
Wed Feb 18 18:30:44 IST 2026, 123 W
Wed Feb 18 18:30:44 IST 2026, 125 W
Wed Feb 18 18:30:44 IST 2026, 131 W
Wed Feb 18 18:30:45 IST 2026, 128 W
Wed Feb 18 18:30:45 IST 2026, 118 W
Wed Feb 18 18:30:45 IST 2026, 134 W
Wed Feb 18 18:30:45 IST 2026, 124 W
Wed Feb 18 18:30:45 IST 2026, 113 W
Wed Feb 18 18:30:45 IST 2026, 127 W
Wed Feb 18 18:30:45 IST 2026, 127 W
Wed Feb 18 18:30:45 IST 2026, 139 W
Wed Feb 18 18:30:46 IST 2026, 126 W
Wed Feb 18 18:30:46 IST 2026, 118 W
Wed Feb 18 18:30:46 IST 2026, 129 W
Wed Feb 18 18:30:46 IST 2026, 122 W
Wed Feb 18 18:30:46 IST 2026, 103 W
Wed Feb 18 18:30:46 IST 2026, 128 W
Wed Feb 18 18:30:46 IST 2026, 127 W
Wed Feb 18 18:30:46 IST 2026, 146 W
Wed Feb 18 18:30:47 IST 2026, 121 W
Wed Feb 18 18:30:47 IST 2026, 120 W
Wed Feb 18 18:30:47 IST 2026, 132 W
Wed Feb 18 18:30:47 IST 2026, 122 W
Wed Feb 18 18:30:47 IST 2026, 111 W
Wed Feb 18 18:30:47 IST 2026, 128 W
Wed Feb 18 18:30:47 IST 2026, 121 W
Wed Feb 18 18:30:47 IST 2026, 143 W
Wed Feb 18 18:30:48 IST 2026, 120 W
Wed Feb 18 18:30:48 IST 2026, 119 W
Wed Feb 18 18:30:48 IST 2026, 129 W
Wed Feb 18 18:30:48 IST 2026, 117 W
Wed Feb 18 18:30:48 IST 2026, 112 W
Wed Feb 18 18:30:48 IST 2026, 124 W
Wed Feb 18 18:30:48 IST 2026, 124 W
Wed Feb 18 18:30:48 IST 2026, 139 W
Wed Feb 18 18:30:49 IST 2026, 112 W
Wed Feb 18 18:30:49 IST 2026, 123 W
Wed Feb 18 18:30:49 IST 2026, 134 W
Wed Feb 18 18:30:49 IST 2026, 122 W
Wed Feb 18 18:30:49 IST 2026, 106 W
Wed Feb 18 18:30:49 IST 2026, 127 W
Wed Feb 18 18:30:49 IST 2026, 125 W
Wed Feb 18 18:30:49 IST 2026, 136 W
Wed Feb 18 18:30:50 IST 2026, 119 W
Wed Feb 18 18:30:50 IST 2026, 116 W
Wed Feb 18 18:30:50 IST 2026, 131 W
Wed Feb 18 18:30:50 IST 2026, 123 W
Wed Feb 18 18:30:50 IST 2026, 112 W
Wed Feb 18 18:30:50 IST 2026, 125 W
Wed Feb 18 18:30:50 IST 2026, 125 W
Wed Feb 18 18:30:50 IST 2026, 143 W
Wed Feb 18 18:30:51 IST 2026, 126 W
Wed Feb 18 18:30:51 IST 2026, 121 W
Wed Feb 18 18:30:51 IST 2026, 130 W
Wed Feb 18 18:30:51 IST 2026, 120 W
Wed Feb 18 18:30:51 IST 2026, 116 W
Wed Feb 18 18:30:51 IST 2026, 125 W
Wed Feb 18 18:30:51 IST 2026, 130 W
Wed Feb 18 18:30:51 IST 2026, 141 W
Wed Feb 18 18:30:52 IST 2026, 119 W
Wed Feb 18 18:30:52 IST 2026, 122 W
Wed Feb 18 18:30:52 IST 2026, 126 W
Wed Feb 18 18:30:52 IST 2026, 119 W
Wed Feb 18 18:30:52 IST 2026, 108 W
Wed Feb 18 18:30:52 IST 2026, 122 W
Wed Feb 18 18:30:52 IST 2026, 122 W
Wed Feb 18 18:30:52 IST 2026, 134 W
Wed Feb 18 18:30:53 IST 2026, 121 W
Wed Feb 18 18:30:53 IST 2026, 115 W
Wed Feb 18 18:30:53 IST 2026, 125 W
Wed Feb 18 18:30:53 IST 2026, 120 W
Wed Feb 18 18:30:53 IST 2026, 108 W
Wed Feb 18 18:30:53 IST 2026, 120 W
Wed Feb 18 18:30:53 IST 2026, 123 W
Wed Feb 18 18:30:53 IST 2026, 139 W
Wed Feb 18 18:30:54 IST 2026, 130 W
Wed Feb 18 18:30:54 IST 2026, 106 W
Wed Feb 18 18:30:54 IST 2026, 127 W
Wed Feb 18 18:30:54 IST 2026, 117 W
Wed Feb 18 18:30:54 IST 2026, 110 W
Wed Feb 18 18:30:54 IST 2026, 128 W
Wed Feb 18 18:30:54 IST 2026, 127 W
Wed Feb 18 18:30:54 IST 2026, 141 W
Wed Feb 18 18:30:55 IST 2026, 125 W
Wed Feb 18 18:30:55 IST 2026, 119 W
Wed Feb 18 18:30:55 IST 2026, 135 W
Wed Feb 18 18:30:55 IST 2026, 123 W
Wed Feb 18 18:30:55 IST 2026, 114 W
Wed Feb 18 18:30:55 IST 2026, 127 W
Wed Feb 18 18:30:55 IST 2026, 130 W
Wed Feb 18 18:30:55 IST 2026, 134 W
Wed Feb 18 18:30:56 IST 2026, 119 W
Wed Feb 18 18:30:56 IST 2026, 124 W
Wed Feb 18 18:30:56 IST 2026, 135 W
Wed Feb 18 18:30:56 IST 2026, 120 W
Wed Feb 18 18:30:56 IST 2026, 112 W
Wed Feb 18 18:30:56 IST 2026, 128 W
Wed Feb 18 18:30:56 IST 2026, 127 W
Wed Feb 18 18:30:56 IST 2026, 144 W
Wed Feb 18 18:30:57 IST 2026, 120 W
Wed Feb 18 18:30:57 IST 2026, 123 W
Wed Feb 18 18:30:57 IST 2026, 143 W
Wed Feb 18 18:30:57 IST 2026, 122 W
Wed Feb 18 18:30:57 IST 2026, 110 W
Wed Feb 18 18:30:57 IST 2026, 133 W
Wed Feb 18 18:30:57 IST 2026, 129 W
Wed Feb 18 18:30:57 IST 2026, 148 W
Wed Feb 18 18:30:58 IST 2026, 116 W
Wed Feb 18 18:30:58 IST 2026, 123 W
Wed Feb 18 18:30:58 IST 2026, 130 W
Wed Feb 18 18:30:58 IST 2026, 122 W
Wed Feb 18 18:30:58 IST 2026, 110 W
Wed Feb 18 18:30:58 IST 2026, 130 W
Wed Feb 18 18:30:58 IST 2026, 129 W
Wed Feb 18 18:30:58 IST 2026, 137 W
Wed Feb 18 18:30:59 IST 2026, 127 W
Wed Feb 18 18:30:59 IST 2026, 122 W
Wed Feb 18 18:30:59 IST 2026, 136 W
Wed Feb 18 18:30:59 IST 2026, 124 W
Wed Feb 18 18:30:59 IST 2026, 109 W
Wed Feb 18 18:30:59 IST 2026, 128 W
Wed Feb 18 18:30:59 IST 2026, 124 W
Wed Feb 18 18:30:59 IST 2026, 142 W
Wed Feb 18 18:31:00 IST 2026, 118 W
Wed Feb 18 18:31:00 IST 2026, 117 W
Wed Feb 18 18:31:00 IST 2026, 125 W
Wed Feb 18 18:31:00 IST 2026, 113 W
Wed Feb 18 18:31:00 IST 2026, 103 W
Wed Feb 18 18:31:00 IST 2026, 117 W
Wed Feb 18 18:31:00 IST 2026, 115 W
Wed Feb 18 18:31:00 IST 2026, 130 W
Wed Feb 18 18:31:01 IST 2026, 122 W
Wed Feb 18 18:31:01 IST 2026, 117 W
Wed Feb 18 18:31:01 IST 2026, 123 W
Wed Feb 18 18:31:01 IST 2026, 123 W
Wed Feb 18 18:31:01 IST 2026, 108 W
Wed Feb 18 18:31:01 IST 2026, 124 W
Wed Feb 18 18:31:01 IST 2026, 124 W
Wed Feb 18 18:31:01 IST 2026, 136 W
Wed Feb 18 18:31:02 IST 2026, 128 W
Wed Feb 18 18:31:02 IST 2026, 124 W
Wed Feb 18 18:31:02 IST 2026, 136 W
Wed Feb 18 18:31:02 IST 2026, 126 W
Wed Feb 18 18:31:02 IST 2026, 118 W
Wed Feb 18 18:31:02 IST 2026, 137 W
Wed Feb 18 18:31:02 IST 2026, 131 W
Wed Feb 18 18:31:02 IST 2026, 147 W
Wed Feb 18 18:31:03 IST 2026, 116 W
Wed Feb 18 18:31:03 IST 2026, 116 W
Wed Feb 18 18:31:03 IST 2026, 122 W
Wed Feb 18 18:31:03 IST 2026, 121 W
Wed Feb 18 18:31:03 IST 2026, 108 W
Wed Feb 18 18:31:03 IST 2026, 129 W
Wed Feb 18 18:31:03 IST 2026, 118 W
Wed Feb 18 18:31:03 IST 2026, 142 W
Wed Feb 18 18:31:04 IST 2026, 117 W
Wed Feb 18 18:31:04 IST 2026, 119 W
Wed Feb 18 18:31:04 IST 2026, 127 W
Wed Feb 18 18:31:04 IST 2026, 116 W
Wed Feb 18 18:31:04 IST 2026, 108 W
Wed Feb 18 18:31:04 IST 2026, 121 W
Wed Feb 18 18:31:04 IST 2026, 115 W
Wed Feb 18 18:31:04 IST 2026, 138 W
Wed Feb 18 18:31:05 IST 2026, 118 W
Wed Feb 18 18:31:05 IST 2026, 112 W
Wed Feb 18 18:31:05 IST 2026, 124 W
Wed Feb 18 18:31:05 IST 2026, 114 W
Wed Feb 18 18:31:05 IST 2026, 102 W
Wed Feb 18 18:31:05 IST 2026, 119 W
Wed Feb 18 18:31:05 IST 2026, 110 W
Wed Feb 18 18:31:05 IST 2026, 133 W
Wed Feb 18 18:31:06 IST 2026, 109 W
Wed Feb 18 18:31:06 IST 2026, 116 W
Wed Feb 18 18:31:06 IST 2026, 130 W
Wed Feb 18 18:31:06 IST 2026, 115 W
Wed Feb 18 18:31:06 IST 2026, 107 W
Wed Feb 18 18:31:06 IST 2026, 118 W
Wed Feb 18 18:31:06 IST 2026, 111 W
Wed Feb 18 18:31:06 IST 2026, 128 W
Wed Feb 18 18:31:07 IST 2026, 118 W
Wed Feb 18 18:31:07 IST 2026, 116 W
Wed Feb 18 18:31:07 IST 2026, 133 W
Wed Feb 18 18:31:07 IST 2026, 121 W
Wed Feb 18 18:31:07 IST 2026, 110 W
Wed Feb 18 18:31:07 IST 2026, 115 W
Wed Feb 18 18:31:07 IST 2026, 118 W
Wed Feb 18 18:31:07 IST 2026, 135 W
Wed Feb 18 18:31:08 IST 2026, 118 W
Wed Feb 18 18:31:08 IST 2026, 110 W
Wed Feb 18 18:31:08 IST 2026, 126 W
Wed Feb 18 18:31:08 IST 2026, 117 W
Wed Feb 18 18:31:08 IST 2026, 103 W
Wed Feb 18 18:31:08 IST 2026, 120 W
Wed Feb 18 18:31:08 IST 2026, 110 W
Wed Feb 18 18:31:08 IST 2026, 127 W
Wed Feb 18 18:31:09 IST 2026, 121 W
Wed Feb 18 18:31:09 IST 2026, 122 W
Wed Feb 18 18:31:09 IST 2026, 135 W
Wed Feb 18 18:31:09 IST 2026, 121 W
Wed Feb 18 18:31:09 IST 2026, 108 W
Wed Feb 18 18:31:09 IST 2026, 127 W
Wed Feb 18 18:31:09 IST 2026, 127 W
Wed Feb 18 18:31:09 IST 2026, 137 W
Wed Feb 18 18:31:10 IST 2026, 118 W
Wed Feb 18 18:31:10 IST 2026, 124 W
Wed Feb 18 18:31:10 IST 2026, 135 W
Wed Feb 18 18:31:10 IST 2026, 122 W
Wed Feb 18 18:31:10 IST 2026, 112 W
Wed Feb 18 18:31:10 IST 2026, 128 W
Wed Feb 18 18:31:10 IST 2026, 129 W
Wed Feb 18 18:31:10 IST 2026, 137 W
Wed Feb 18 18:31:11 IST 2026, 128 W
Wed Feb 18 18:31:11 IST 2026, 122 W
Wed Feb 18 18:31:11 IST 2026, 130 W
Wed Feb 18 18:31:11 IST 2026, 126 W
Wed Feb 18 18:31:11 IST 2026, 112 W
Wed Feb 18 18:31:11 IST 2026, 128 W
Wed Feb 18 18:31:11 IST 2026, 124 W
Wed Feb 18 18:31:11 IST 2026, 144 W
Wed Feb 18 18:31:12 IST 2026, 123 W
Wed Feb 18 18:31:12 IST 2026, 124 W
Wed Feb 18 18:31:12 IST 2026, 134 W
Wed Feb 18 18:31:12 IST 2026, 119 W
Wed Feb 18 18:31:12 IST 2026, 106 W
Wed Feb 18 18:31:12 IST 2026, 122 W
Wed Feb 18 18:31:12 IST 2026, 128 W
Wed Feb 18 18:31:12 IST 2026, 144 W
Wed Feb 18 18:31:13 IST 2026, 123 W
Wed Feb 18 18:31:13 IST 2026, 118 W
Wed Feb 18 18:31:13 IST 2026, 131 W
Wed Feb 18 18:31:13 IST 2026, 117 W
Wed Feb 18 18:31:13 IST 2026, 110 W
Wed Feb 18 18:31:13 IST 2026, 125 W
Wed Feb 18 18:31:13 IST 2026, 123 W
Wed Feb 18 18:31:13 IST 2026, 139 W
Wed Feb 18 18:31:14 IST 2026, 112 W
Wed Feb 18 18:31:14 IST 2026, 120 W
Wed Feb 18 18:31:14 IST 2026, 129 W
Wed Feb 18 18:31:14 IST 2026, 113 W
Wed Feb 18 18:31:14 IST 2026, 101 W
Wed Feb 18 18:31:14 IST 2026, 120 W
Wed Feb 18 18:31:14 IST 2026, 121 W
Wed Feb 18 18:31:14 IST 2026, 131 W
Wed Feb 18 18:31:15 IST 2026, 125 W
Wed Feb 18 18:31:15 IST 2026, 120 W
Wed Feb 18 18:31:15 IST 2026, 127 W
Wed Feb 18 18:31:15 IST 2026, 121 W
Wed Feb 18 18:31:15 IST 2026, 109 W
Wed Feb 18 18:31:15 IST 2026, 118 W
Wed Feb 18 18:31:15 IST 2026, 121 W
Wed Feb 18 18:31:15 IST 2026, 136 W
Wed Feb 18 18:31:16 IST 2026, 127 W
Wed Feb 18 18:31:16 IST 2026, 119 W
Wed Feb 18 18:31:16 IST 2026, 128 W
Wed Feb 18 18:31:16 IST 2026, 124 W
Wed Feb 18 18:31:16 IST 2026, 108 W
Wed Feb 18 18:31:16 IST 2026, 123 W
Wed Feb 18 18:31:16 IST 2026, 127 W
Wed Feb 18 18:31:16 IST 2026, 143 W
Wed Feb 18 18:31:17 IST 2026, 122 W
Wed Feb 18 18:31:17 IST 2026, 126 W
Wed Feb 18 18:31:17 IST 2026, 140 W
Wed Feb 18 18:31:17 IST 2026, 124 W
Wed Feb 18 18:31:17 IST 2026, 110 W
Wed Feb 18 18:31:17 IST 2026, 123 W
Wed Feb 18 18:31:17 IST 2026, 128 W
Wed Feb 18 18:31:17 IST 2026, 144 W
Wed Feb 18 18:31:18 IST 2026, 118 W
Wed Feb 18 18:31:18 IST 2026, 118 W
Wed Feb 18 18:31:18 IST 2026, 130 W
Wed Feb 18 18:31:18 IST 2026, 114 W
Wed Feb 18 18:31:18 IST 2026, 104 W
Wed Feb 18 18:31:18 IST 2026, 119 W
Wed Feb 18 18:31:18 IST 2026, 112 W
Wed Feb 18 18:31:18 IST 2026, 133 W
Wed Feb 18 18:31:19 IST 2026, 120 W
Wed Feb 18 18:31:19 IST 2026, 118 W
Wed Feb 18 18:31:19 IST 2026, 125 W
Wed Feb 18 18:31:19 IST 2026, 121 W
Wed Feb 18 18:31:19 IST 2026, 112 W
Wed Feb 18 18:31:19 IST 2026, 122 W
Wed Feb 18 18:31:19 IST 2026, 122 W
Wed Feb 18 18:31:19 IST 2026, 143 W
Wed Feb 18 18:31:20 IST 2026, 115 W
Wed Feb 18 18:31:20 IST 2026, 120 W
Wed Feb 18 18:31:20 IST 2026, 128 W
Wed Feb 18 18:31:20 IST 2026, 125 W
Wed Feb 18 18:31:20 IST 2026, 106 W
Wed Feb 18 18:31:20 IST 2026, 126 W
Wed Feb 18 18:31:20 IST 2026, 126 W
Wed Feb 18 18:31:20 IST 2026, 137 W
Wed Feb 18 18:31:21 IST 2026, 119 W
Wed Feb 18 18:31:21 IST 2026, 124 W
Wed Feb 18 18:31:21 IST 2026, 133 W
Wed Feb 18 18:31:21 IST 2026, 129 W
Wed Feb 18 18:31:21 IST 2026, 111 W
Wed Feb 18 18:31:21 IST 2026, 131 W
Wed Feb 18 18:31:21 IST 2026, 126 W
Wed Feb 18 18:31:21 IST 2026, 140 W
Wed Feb 18 18:31:22 IST 2026, 123 W
Wed Feb 18 18:31:22 IST 2026, 118 W
Wed Feb 18 18:31:22 IST 2026, 119 W
Wed Feb 18 18:31:22 IST 2026, 119 W
Wed Feb 18 18:31:22 IST 2026, 110 W
Wed Feb 18 18:31:22 IST 2026, 123 W
Wed Feb 18 18:31:22 IST 2026, 127 W
Wed Feb 18 18:31:22 IST 2026, 143 W
Wed Feb 18 18:31:23 IST 2026, 122 W
Wed Feb 18 18:31:23 IST 2026, 119 W
Wed Feb 18 18:31:23 IST 2026, 119 W
Wed Feb 18 18:31:23 IST 2026, 120 W
Wed Feb 18 18:31:23 IST 2026, 105 W
Wed Feb 18 18:31:23 IST 2026, 124 W
Wed Feb 18 18:31:23 IST 2026, 127 W
Wed Feb 18 18:31:23 IST 2026, 139 W
Wed Feb 18 18:31:24 IST 2026, 121 W
Wed Feb 18 18:31:24 IST 2026, 109 W
Wed Feb 18 18:31:24 IST 2026, 119 W
Wed Feb 18 18:31:24 IST 2026, 113 W
Wed Feb 18 18:31:24 IST 2026, 104 W
Wed Feb 18 18:31:24 IST 2026, 120 W
Wed Feb 18 18:31:24 IST 2026, 116 W
Wed Feb 18 18:31:24 IST 2026, 132 W
Wed Feb 18 18:31:25 IST 2026, 121 W
Wed Feb 18 18:31:25 IST 2026, 117 W
Wed Feb 18 18:31:25 IST 2026, 123 W
Wed Feb 18 18:31:25 IST 2026, 118 W
Wed Feb 18 18:31:25 IST 2026, 107 W
Wed Feb 18 18:31:25 IST 2026, 119 W
Wed Feb 18 18:31:25 IST 2026, 119 W
Wed Feb 18 18:31:25 IST 2026, 127 W
Wed Feb 18 18:31:26 IST 2026, 121 W
Wed Feb 18 18:31:26 IST 2026, 119 W
Wed Feb 18 18:31:26 IST 2026, 128 W
Wed Feb 18 18:31:26 IST 2026, 117 W
Wed Feb 18 18:31:26 IST 2026, 111 W
Wed Feb 18 18:31:26 IST 2026, 125 W
Wed Feb 18 18:31:26 IST 2026, 114 W
Wed Feb 18 18:31:26 IST 2026, 135 W
Wed Feb 18 18:31:27 IST 2026, 120 W
Wed Feb 18 18:31:27 IST 2026, 118 W
Wed Feb 18 18:31:27 IST 2026, 126 W
Wed Feb 18 18:31:27 IST 2026, 121 W
Wed Feb 18 18:31:27 IST 2026, 106 W
Wed Feb 18 18:31:27 IST 2026, 125 W
Wed Feb 18 18:31:27 IST 2026, 120 W
Wed Feb 18 18:31:27 IST 2026, 139 W
Wed Feb 18 18:31:28 IST 2026, 120 W
Wed Feb 18 18:31:28 IST 2026, 121 W
Wed Feb 18 18:31:28 IST 2026, 129 W
Wed Feb 18 18:31:28 IST 2026, 117 W
Wed Feb 18 18:31:28 IST 2026, 110 W
Wed Feb 18 18:31:28 IST 2026, 127 W
Wed Feb 18 18:31:28 IST 2026, 118 W
Wed Feb 18 18:31:28 IST 2026, 143 W
Wed Feb 18 18:31:29 IST 2026, 123 W
Wed Feb 18 18:31:29 IST 2026, 120 W
Wed Feb 18 18:31:29 IST 2026, 124 W
Wed Feb 18 18:31:29 IST 2026, 119 W
Wed Feb 18 18:31:29 IST 2026, 109 W
Wed Feb 18 18:31:29 IST 2026, 125 W
Wed Feb 18 18:31:29 IST 2026, 122 W
Wed Feb 18 18:31:29 IST 2026, 131 W
Wed Feb 18 18:31:30 IST 2026, 116 W
Wed Feb 18 18:31:30 IST 2026, 118 W
Wed Feb 18 18:31:30 IST 2026, 129 W
Wed Feb 18 18:31:30 IST 2026, 120 W
Wed Feb 18 18:31:30 IST 2026, 108 W
Wed Feb 18 18:31:30 IST 2026, 128 W
Wed Feb 18 18:31:30 IST 2026, 122 W
Wed Feb 18 18:31:30 IST 2026, 141 W
Wed Feb 18 18:31:31 IST 2026, 112 W
Wed Feb 18 18:31:31 IST 2026, 116 W
Wed Feb 18 18:31:31 IST 2026, 126 W
Wed Feb 18 18:31:31 IST 2026, 116 W
Wed Feb 18 18:31:31 IST 2026, 104 W
Wed Feb 18 18:31:31 IST 2026, 124 W
Wed Feb 18 18:31:31 IST 2026, 123 W
Wed Feb 18 18:31:31 IST 2026, 138 W
Wed Feb 18 18:31:32 IST 2026, 131 W
Wed Feb 18 18:31:32 IST 2026, 125 W
Wed Feb 18 18:31:32 IST 2026, 142 W
Wed Feb 18 18:31:32 IST 2026, 122 W
Wed Feb 18 18:31:32 IST 2026, 113 W
Wed Feb 18 18:31:32 IST 2026, 127 W
Wed Feb 18 18:31:32 IST 2026, 128 W
Wed Feb 18 18:31:32 IST 2026, 146 W
Wed Feb 18 18:31:33 IST 2026, 119 W
Wed Feb 18 18:31:33 IST 2026, 123 W
Wed Feb 18 18:31:33 IST 2026, 135 W
Wed Feb 18 18:31:33 IST 2026, 114 W
Wed Feb 18 18:31:33 IST 2026, 106 W
Wed Feb 18 18:31:33 IST 2026, 125 W
Wed Feb 18 18:31:33 IST 2026, 121 W
Wed Feb 18 18:31:33 IST 2026, 133 W
Wed Feb 18 18:31:34 IST 2026, 119 W
Wed Feb 18 18:31:34 IST 2026, 116 W
Wed Feb 18 18:31:34 IST 2026, 123 W
Wed Feb 18 18:31:34 IST 2026, 116 W
Wed Feb 18 18:31:34 IST 2026, 108 W
Wed Feb 18 18:31:34 IST 2026, 120 W
Wed Feb 18 18:31:34 IST 2026, 126 W
Wed Feb 18 18:31:34 IST 2026, 126 W
Wed Feb 18 18:31:35 IST 2026, 119 W
Wed Feb 18 18:31:35 IST 2026, 119 W
Wed Feb 18 18:31:35 IST 2026, 137 W
Wed Feb 18 18:31:35 IST 2026, 123 W
Wed Feb 18 18:31:35 IST 2026, 107 W
Wed Feb 18 18:31:35 IST 2026, 128 W
Wed Feb 18 18:31:35 IST 2026, 125 W
Wed Feb 18 18:31:35 IST 2026, 141 W
Wed Feb 18 18:31:36 IST 2026, 120 W
Wed Feb 18 18:31:36 IST 2026, 120 W
Wed Feb 18 18:31:36 IST 2026, 131 W
Wed Feb 18 18:31:36 IST 2026, 126 W
Wed Feb 18 18:31:36 IST 2026, 104 W
Wed Feb 18 18:31:36 IST 2026, 125 W
Wed Feb 18 18:31:36 IST 2026, 129 W
Wed Feb 18 18:31:36 IST 2026, 129 W
Wed Feb 18 18:31:37 IST 2026, 129 W
Wed Feb 18 18:31:37 IST 2026, 122 W
Wed Feb 18 18:31:37 IST 2026, 130 W
Wed Feb 18 18:31:37 IST 2026, 128 W
Wed Feb 18 18:31:37 IST 2026, 111 W
Wed Feb 18 18:31:37 IST 2026, 127 W
Wed Feb 18 18:31:37 IST 2026, 128 W
Wed Feb 18 18:31:37 IST 2026, 137 W
Wed Feb 18 18:31:38 IST 2026, 120 W
Wed Feb 18 18:31:38 IST 2026, 122 W
Wed Feb 18 18:31:38 IST 2026, 136 W
Wed Feb 18 18:31:38 IST 2026, 121 W
Wed Feb 18 18:31:38 IST 2026, 112 W
Wed Feb 18 18:31:38 IST 2026, 124 W
Wed Feb 18 18:31:38 IST 2026, 126 W
Wed Feb 18 18:31:38 IST 2026, 140 W
Wed Feb 18 18:31:39 IST 2026, 126 W
Wed Feb 18 18:31:39 IST 2026, 126 W
Wed Feb 18 18:31:39 IST 2026, 132 W
Wed Feb 18 18:31:39 IST 2026, 130 W
Wed Feb 18 18:31:39 IST 2026, 110 W
Wed Feb 18 18:31:39 IST 2026, 127 W
Wed Feb 18 18:31:39 IST 2026, 128 W
Wed Feb 18 18:31:39 IST 2026, 143 W
Wed Feb 18 18:31:40 IST 2026, 126 W
Wed Feb 18 18:31:40 IST 2026, 120 W
Wed Feb 18 18:31:40 IST 2026, 133 W
Wed Feb 18 18:31:40 IST 2026, 123 W
Wed Feb 18 18:31:40 IST 2026, 113 W
Wed Feb 18 18:31:40 IST 2026, 125 W
Wed Feb 18 18:31:40 IST 2026, 129 W
Wed Feb 18 18:31:40 IST 2026, 146 W
Wed Feb 18 18:31:41 IST 2026, 121 W
Wed Feb 18 18:31:41 IST 2026, 118 W
Wed Feb 18 18:31:41 IST 2026, 137 W
Wed Feb 18 18:31:41 IST 2026, 120 W
Wed Feb 18 18:31:41 IST 2026, 110 W
Wed Feb 18 18:31:41 IST 2026, 120 W
Wed Feb 18 18:31:41 IST 2026, 121 W
Wed Feb 18 18:31:41 IST 2026, 138 W
Wed Feb 18 18:31:42 IST 2026, 119 W
Wed Feb 18 18:31:42 IST 2026, 114 W
Wed Feb 18 18:31:42 IST 2026, 130 W
Wed Feb 18 18:31:42 IST 2026, 116 W
Wed Feb 18 18:31:42 IST 2026, 97 W
Wed Feb 18 18:31:42 IST 2026, 120 W
Wed Feb 18 18:31:42 IST 2026, 118 W
Wed Feb 18 18:31:42 IST 2026, 142 W
Wed Feb 18 18:31:43 IST 2026, 120 W
Wed Feb 18 18:31:43 IST 2026, 117 W
Wed Feb 18 18:31:43 IST 2026, 138 W
Wed Feb 18 18:31:43 IST 2026, 116 W
Wed Feb 18 18:31:43 IST 2026, 106 W
Wed Feb 18 18:31:43 IST 2026, 122 W
Wed Feb 18 18:31:43 IST 2026, 114 W
Wed Feb 18 18:31:43 IST 2026, 138 W
Wed Feb 18 18:31:44 IST 2026, 119 W
Wed Feb 18 18:31:44 IST 2026, 117 W
Wed Feb 18 18:31:44 IST 2026, 130 W
Wed Feb 18 18:31:44 IST 2026, 114 W
Wed Feb 18 18:31:44 IST 2026, 107 W
Wed Feb 18 18:31:44 IST 2026, 120 W
Wed Feb 18 18:31:44 IST 2026, 119 W
Wed Feb 18 18:31:44 IST 2026, 138 W
Wed Feb 18 18:31:45 IST 2026, 118 W
Wed Feb 18 18:31:45 IST 2026, 119 W
Wed Feb 18 18:31:45 IST 2026, 131 W
Wed Feb 18 18:31:45 IST 2026, 118 W
Wed Feb 18 18:31:45 IST 2026, 110 W
Wed Feb 18 18:31:45 IST 2026, 120 W
Wed Feb 18 18:31:45 IST 2026, 117 W
Wed Feb 18 18:31:45 IST 2026, 133 W
Wed Feb 18 18:31:46 IST 2026, 116 W
Wed Feb 18 18:31:46 IST 2026, 109 W
Wed Feb 18 18:31:46 IST 2026, 128 W
Wed Feb 18 18:31:46 IST 2026, 115 W
Wed Feb 18 18:31:46 IST 2026, 104 W
Wed Feb 18 18:31:46 IST 2026, 123 W
Wed Feb 18 18:31:46 IST 2026, 118 W
Wed Feb 18 18:31:46 IST 2026, 131 W
Wed Feb 18 18:31:47 IST 2026, 118 W
Wed Feb 18 18:31:47 IST 2026, 117 W
Wed Feb 18 18:31:47 IST 2026, 128 W
Wed Feb 18 18:31:47 IST 2026, 123 W
Wed Feb 18 18:31:47 IST 2026, 114 W
Wed Feb 18 18:31:47 IST 2026, 127 W
Wed Feb 18 18:31:47 IST 2026, 122 W
Wed Feb 18 18:31:47 IST 2026, 135 W
Wed Feb 18 18:31:48 IST 2026, 126 W
Wed Feb 18 18:31:48 IST 2026, 116 W
Wed Feb 18 18:31:48 IST 2026, 133 W
Wed Feb 18 18:31:48 IST 2026, 123 W
Wed Feb 18 18:31:48 IST 2026, 113 W
Wed Feb 18 18:31:48 IST 2026, 127 W
Wed Feb 18 18:31:48 IST 2026, 127 W
Wed Feb 18 18:31:48 IST 2026, 141 W
Wed Feb 18 18:31:49 IST 2026, 120 W
Wed Feb 18 18:31:49 IST 2026, 114 W
Wed Feb 18 18:31:49 IST 2026, 131 W
Wed Feb 18 18:31:49 IST 2026, 118 W
Wed Feb 18 18:31:49 IST 2026, 105 W
Wed Feb 18 18:31:49 IST 2026, 122 W
Wed Feb 18 18:31:49 IST 2026, 120 W
Wed Feb 18 18:31:49 IST 2026, 135 W
Wed Feb 18 18:31:50 IST 2026, 121 W
Wed Feb 18 18:31:50 IST 2026, 118 W
Wed Feb 18 18:31:50 IST 2026, 132 W
Wed Feb 18 18:31:50 IST 2026, 122 W
Wed Feb 18 18:31:50 IST 2026, 107 W
Wed Feb 18 18:31:50 IST 2026, 125 W
Wed Feb 18 18:31:50 IST 2026, 123 W
Wed Feb 18 18:31:50 IST 2026, 138 W
Wed Feb 18 18:31:51 IST 2026, 122 W
Wed Feb 18 18:31:51 IST 2026, 124 W
Wed Feb 18 18:31:51 IST 2026, 127 W
Wed Feb 18 18:31:51 IST 2026, 123 W
Wed Feb 18 18:31:51 IST 2026, 110 W
Wed Feb 18 18:31:51 IST 2026, 126 W
Wed Feb 18 18:31:51 IST 2026, 125 W
Wed Feb 18 18:31:51 IST 2026, 141 W
Wed Feb 18 18:31:52 IST 2026, 123 W
Wed Feb 18 18:31:52 IST 2026, 120 W
Wed Feb 18 18:31:52 IST 2026, 126 W
Wed Feb 18 18:31:52 IST 2026, 123 W
Wed Feb 18 18:31:52 IST 2026, 108 W
Wed Feb 18 18:31:52 IST 2026, 127 W
Wed Feb 18 18:31:52 IST 2026, 128 W
Wed Feb 18 18:31:52 IST 2026, 132 W
Wed Feb 18 18:31:53 IST 2026, 118 W
Wed Feb 18 18:31:53 IST 2026, 118 W
Wed Feb 18 18:31:53 IST 2026, 129 W
Wed Feb 18 18:31:53 IST 2026, 122 W
Wed Feb 18 18:31:53 IST 2026, 103 W
Wed Feb 18 18:31:53 IST 2026, 122 W
Wed Feb 18 18:31:53 IST 2026, 122 W
Wed Feb 18 18:31:53 IST 2026, 134 W
Wed Feb 18 18:31:54 IST 2026, 122 W
Wed Feb 18 18:31:54 IST 2026, 117 W
Wed Feb 18 18:31:54 IST 2026, 123 W
Wed Feb 18 18:31:54 IST 2026, 123 W
Wed Feb 18 18:31:54 IST 2026, 109 W
Wed Feb 18 18:31:54 IST 2026, 122 W
Wed Feb 18 18:31:54 IST 2026, 125 W
Wed Feb 18 18:31:54 IST 2026, 139 W
Wed Feb 18 18:31:55 IST 2026, 131 W
Wed Feb 18 18:31:55 IST 2026, 115 W
Wed Feb 18 18:31:55 IST 2026, 128 W
Wed Feb 18 18:31:55 IST 2026, 124 W
Wed Feb 18 18:31:55 IST 2026, 110 W
Wed Feb 18 18:31:55 IST 2026, 131 W
Wed Feb 18 18:31:55 IST 2026, 127 W
Wed Feb 18 18:31:55 IST 2026, 142 W
Wed Feb 18 18:31:56 IST 2026, 120 W
Wed Feb 18 18:31:56 IST 2026, 121 W
Wed Feb 18 18:31:56 IST 2026, 133 W
Wed Feb 18 18:31:56 IST 2026, 121 W
Wed Feb 18 18:31:56 IST 2026, 112 W
Wed Feb 18 18:31:56 IST 2026, 127 W
Wed Feb 18 18:31:56 IST 2026, 125 W
Wed Feb 18 18:31:56 IST 2026, 138 W
Wed Feb 18 18:31:57 IST 2026, 115 W
Wed Feb 18 18:31:57 IST 2026, 117 W
Wed Feb 18 18:31:57 IST 2026, 128 W
Wed Feb 18 18:31:57 IST 2026, 123 W
Wed Feb 18 18:31:57 IST 2026, 110 W
Wed Feb 18 18:31:57 IST 2026, 122 W
Wed Feb 18 18:31:57 IST 2026, 123 W
Wed Feb 18 18:31:57 IST 2026, 136 W
Wed Feb 18 18:31:58 IST 2026, 126 W
Wed Feb 18 18:31:58 IST 2026, 118 W
Wed Feb 18 18:31:58 IST 2026, 124 W
Wed Feb 18 18:31:58 IST 2026, 118 W
Wed Feb 18 18:31:58 IST 2026, 108 W
Wed Feb 18 18:31:58 IST 2026, 128 W
Wed Feb 18 18:31:58 IST 2026, 122 W
Wed Feb 18 18:31:58 IST 2026, 146 W
Wed Feb 18 18:31:59 IST 2026, 115 W
Wed Feb 18 18:31:59 IST 2026, 115 W
Wed Feb 18 18:31:59 IST 2026, 132 W
Wed Feb 18 18:31:59 IST 2026, 117 W
Wed Feb 18 18:31:59 IST 2026, 104 W
Wed Feb 18 18:31:59 IST 2026, 123 W
Wed Feb 18 18:31:59 IST 2026, 122 W
Wed Feb 18 18:31:59 IST 2026, 135 W
Wed Feb 18 18:32:00 IST 2026, 125 W
Wed Feb 18 18:32:00 IST 2026, 125 W
Wed Feb 18 18:32:00 IST 2026, 133 W
Wed Feb 18 18:32:00 IST 2026, 124 W
Wed Feb 18 18:32:00 IST 2026, 115 W
Wed Feb 18 18:32:00 IST 2026, 128 W
Wed Feb 18 18:32:00 IST 2026, 128 W
Wed Feb 18 18:32:00 IST 2026, 136 W
Wed Feb 18 18:32:01 IST 2026, 120 W
Wed Feb 18 18:32:01 IST 2026, 119 W
Wed Feb 18 18:32:01 IST 2026, 133 W
Wed Feb 18 18:32:01 IST 2026, 120 W
Wed Feb 18 18:32:01 IST 2026, 110 W
Wed Feb 18 18:32:01 IST 2026, 127 W
Wed Feb 18 18:32:01 IST 2026, 124 W
Wed Feb 18 18:32:01 IST 2026, 129 W
Wed Feb 18 18:32:02 IST 2026, 122 W
Wed Feb 18 18:32:02 IST 2026, 119 W
Wed Feb 18 18:32:02 IST 2026, 125 W
Wed Feb 18 18:32:02 IST 2026, 119 W
Wed Feb 18 18:32:02 IST 2026, 106 W
Wed Feb 18 18:32:02 IST 2026, 125 W
Wed Feb 18 18:32:02 IST 2026, 121 W
Wed Feb 18 18:32:02 IST 2026, 131 W
Wed Feb 18 18:32:03 IST 2026, 126 W
Wed Feb 18 18:32:03 IST 2026, 120 W
Wed Feb 18 18:32:03 IST 2026, 127 W
Wed Feb 18 18:32:03 IST 2026, 118 W
Wed Feb 18 18:32:03 IST 2026, 110 W
Wed Feb 18 18:32:03 IST 2026, 128 W
Wed Feb 18 18:32:03 IST 2026, 125 W
Wed Feb 18 18:32:03 IST 2026, 132 W
Wed Feb 18 18:32:04 IST 2026, 117 W
Wed Feb 18 18:32:04 IST 2026, 114 W
Wed Feb 18 18:32:04 IST 2026, 132 W
Wed Feb 18 18:32:04 IST 2026, 118 W
Wed Feb 18 18:32:04 IST 2026, 108 W
Wed Feb 18 18:32:04 IST 2026, 119 W
Wed Feb 18 18:32:04 IST 2026, 120 W
Wed Feb 18 18:32:04 IST 2026, 142 W
Wed Feb 18 18:32:05 IST 2026, 128 W
Wed Feb 18 18:32:05 IST 2026, 122 W
Wed Feb 18 18:32:05 IST 2026, 134 W
Wed Feb 18 18:32:05 IST 2026, 121 W
Wed Feb 18 18:32:05 IST 2026, 109 W
Wed Feb 18 18:32:05 IST 2026, 127 W
Wed Feb 18 18:32:05 IST 2026, 128 W
Wed Feb 18 18:32:05 IST 2026, 133 W
Wed Feb 18 18:32:06 IST 2026, 114 W
Wed Feb 18 18:32:06 IST 2026, 114 W
Wed Feb 18 18:32:06 IST 2026, 123 W
Wed Feb 18 18:32:06 IST 2026, 120 W
Wed Feb 18 18:32:06 IST 2026, 105 W
Wed Feb 18 18:32:06 IST 2026, 119 W
Wed Feb 18 18:32:06 IST 2026, 117 W
Wed Feb 18 18:32:06 IST 2026, 131 W
Wed Feb 18 18:32:07 IST 2026, 125 W
Wed Feb 18 18:32:07 IST 2026, 122 W
Wed Feb 18 18:32:07 IST 2026, 131 W
Wed Feb 18 18:32:07 IST 2026, 120 W
Wed Feb 18 18:32:07 IST 2026, 108 W
Wed Feb 18 18:32:07 IST 2026, 122 W
Wed Feb 18 18:32:07 IST 2026, 118 W
Wed Feb 18 18:32:07 IST 2026, 140 W
Wed Feb 18 18:32:08 IST 2026, 121 W
Wed Feb 18 18:32:08 IST 2026, 123 W
Wed Feb 18 18:32:08 IST 2026, 128 W
Wed Feb 18 18:32:08 IST 2026, 121 W
Wed Feb 18 18:32:08 IST 2026, 110 W
Wed Feb 18 18:32:08 IST 2026, 125 W
Wed Feb 18 18:32:08 IST 2026, 123 W
Wed Feb 18 18:32:08 IST 2026, 136 W
Wed Feb 18 18:32:09 IST 2026, 122 W
Wed Feb 18 18:32:09 IST 2026, 117 W
Wed Feb 18 18:32:09 IST 2026, 133 W
Wed Feb 18 18:32:09 IST 2026, 123 W
Wed Feb 18 18:32:09 IST 2026, 114 W
Wed Feb 18 18:32:09 IST 2026, 120 W
Wed Feb 18 18:32:09 IST 2026, 129 W
Wed Feb 18 18:32:09 IST 2026, 144 W
Wed Feb 18 18:32:10 IST 2026, 124 W
Wed Feb 18 18:32:10 IST 2026, 123 W
Wed Feb 18 18:32:10 IST 2026, 130 W
Wed Feb 18 18:32:10 IST 2026, 118 W
Wed Feb 18 18:32:10 IST 2026, 112 W
Wed Feb 18 18:32:10 IST 2026, 125 W
Wed Feb 18 18:32:10 IST 2026, 120 W
Wed Feb 18 18:32:10 IST 2026, 140 W
Wed Feb 18 18:32:11 IST 2026, 115 W
Wed Feb 18 18:32:11 IST 2026, 112 W
Wed Feb 18 18:32:11 IST 2026, 121 W
Wed Feb 18 18:32:11 IST 2026, 116 W
Wed Feb 18 18:32:11 IST 2026, 100 W
Wed Feb 18 18:32:11 IST 2026, 121 W
Wed Feb 18 18:32:11 IST 2026, 115 W
Wed Feb 18 18:32:11 IST 2026, 134 W
Wed Feb 18 18:32:12 IST 2026, 121 W
Wed Feb 18 18:32:12 IST 2026, 113 W
Wed Feb 18 18:32:12 IST 2026, 135 W
Wed Feb 18 18:32:12 IST 2026, 116 W
Wed Feb 18 18:32:12 IST 2026, 105 W
Wed Feb 18 18:32:12 IST 2026, 119 W
Wed Feb 18 18:32:12 IST 2026, 113 W
Wed Feb 18 18:32:12 IST 2026, 137 W
Wed Feb 18 18:32:13 IST 2026, 122 W
Wed Feb 18 18:32:13 IST 2026, 119 W
Wed Feb 18 18:32:13 IST 2026, 125 W
Wed Feb 18 18:32:13 IST 2026, 120 W
Wed Feb 18 18:32:13 IST 2026, 115 W
Wed Feb 18 18:32:13 IST 2026, 125 W
Wed Feb 18 18:32:13 IST 2026, 128 W
Wed Feb 18 18:32:13 IST 2026, 146 W
Wed Feb 18 18:32:14 IST 2026, 125 W
Wed Feb 18 18:32:14 IST 2026, 118 W
Wed Feb 18 18:32:14 IST 2026, 126 W
Wed Feb 18 18:32:14 IST 2026, 120 W
Wed Feb 18 18:32:14 IST 2026, 109 W
Wed Feb 18 18:32:14 IST 2026, 128 W
Wed Feb 18 18:32:14 IST 2026, 119 W
Wed Feb 18 18:32:14 IST 2026, 146 W
Wed Feb 18 18:32:15 IST 2026, 116 W
Wed Feb 18 18:32:15 IST 2026, 114 W
Wed Feb 18 18:32:15 IST 2026, 125 W
Wed Feb 18 18:32:15 IST 2026, 114 W
Wed Feb 18 18:32:15 IST 2026, 103 W
Wed Feb 18 18:32:15 IST 2026, 119 W
Wed Feb 18 18:32:15 IST 2026, 111 W
Wed Feb 18 18:32:15 IST 2026, 134 W
Wed Feb 18 18:32:16 IST 2026, 120 W
Wed Feb 18 18:32:16 IST 2026, 116 W
Wed Feb 18 18:32:16 IST 2026, 127 W
Wed Feb 18 18:32:16 IST 2026, 118 W
Wed Feb 18 18:32:16 IST 2026, 106 W
Wed Feb 18 18:32:16 IST 2026, 121 W
Wed Feb 18 18:32:16 IST 2026, 116 W
Wed Feb 18 18:32:16 IST 2026, 127 W
Wed Feb 18 18:32:17 IST 2026, 124 W
Wed Feb 18 18:32:17 IST 2026, 120 W
Wed Feb 18 18:32:17 IST 2026, 132 W
Wed Feb 18 18:32:17 IST 2026, 123 W
Wed Feb 18 18:32:17 IST 2026, 112 W
Wed Feb 18 18:32:17 IST 2026, 125 W
Wed Feb 18 18:32:17 IST 2026, 127 W
Wed Feb 18 18:32:17 IST 2026, 128 W
Wed Feb 18 18:32:18 IST 2026, 154 W
Wed Feb 18 18:32:18 IST 2026, 155 W
Wed Feb 18 18:32:18 IST 2026, 168 W
Wed Feb 18 18:32:18 IST 2026, 150 W
Wed Feb 18 18:32:18 IST 2026, 148 W
Wed Feb 18 18:32:18 IST 2026, 156 W
Wed Feb 18 18:32:18 IST 2026, 155 W
Wed Feb 18 18:32:18 IST 2026, 166 W
Wed Feb 18 18:32:19 IST 2026, 126 W
Wed Feb 18 18:32:19 IST 2026, 120 W
Wed Feb 18 18:32:19 IST 2026, 124 W
Wed Feb 18 18:32:19 IST 2026, 119 W
Wed Feb 18 18:32:19 IST 2026, 113 W
Wed Feb 18 18:32:19 IST 2026, 127 W
Wed Feb 18 18:32:19 IST 2026, 127 W
Wed Feb 18 18:32:19 IST 2026, 147 W
Wed Feb 18 18:32:20 IST 2026, 126 W
Wed Feb 18 18:32:20 IST 2026, 122 W
Wed Feb 18 18:32:20 IST 2026, 135 W
Wed Feb 18 18:32:20 IST 2026, 121 W
Wed Feb 18 18:32:20 IST 2026, 110 W
Wed Feb 18 18:32:20 IST 2026, 123 W
Wed Feb 18 18:32:20 IST 2026, 121 W
Wed Feb 18 18:32:20 IST 2026, 140 W
Wed Feb 18 18:32:21 IST 2026, 125 W
Wed Feb 18 18:32:21 IST 2026, 113 W
Wed Feb 18 18:32:21 IST 2026, 133 W
Wed Feb 18 18:32:21 IST 2026, 123 W
Wed Feb 18 18:32:21 IST 2026, 109 W
Wed Feb 18 18:32:21 IST 2026, 122 W
Wed Feb 18 18:32:21 IST 2026, 119 W
Wed Feb 18 18:32:21 IST 2026, 142 W
Wed Feb 18 18:32:22 IST 2026, 112 W
Wed Feb 18 18:32:22 IST 2026, 115 W
Wed Feb 18 18:32:22 IST 2026, 121 W
Wed Feb 18 18:32:22 IST 2026, 119 W
Wed Feb 18 18:32:22 IST 2026, 98 W
Wed Feb 18 18:32:22 IST 2026, 118 W
Wed Feb 18 18:32:22 IST 2026, 109 W
Wed Feb 18 18:32:22 IST 2026, 131 W
Wed Feb 18 18:32:23 IST 2026, 120 W
Wed Feb 18 18:32:23 IST 2026, 123 W
Wed Feb 18 18:32:23 IST 2026, 136 W
Wed Feb 18 18:32:23 IST 2026, 125 W
Wed Feb 18 18:32:23 IST 2026, 105 W
Wed Feb 18 18:32:23 IST 2026, 129 W
Wed Feb 18 18:32:23 IST 2026, 130 W
Wed Feb 18 18:32:23 IST 2026, 143 W
Wed Feb 18 18:32:24 IST 2026, 122 W
Wed Feb 18 18:32:24 IST 2026, 121 W
Wed Feb 18 18:32:24 IST 2026, 138 W
Wed Feb 18 18:32:24 IST 2026, 124 W
Wed Feb 18 18:32:24 IST 2026, 109 W
Wed Feb 18 18:32:24 IST 2026, 132 W
Wed Feb 18 18:32:24 IST 2026, 128 W
Wed Feb 18 18:32:24 IST 2026, 144 W
Wed Feb 18 18:32:25 IST 2026, 122 W
Wed Feb 18 18:32:25 IST 2026, 119 W
Wed Feb 18 18:32:25 IST 2026, 126 W
Wed Feb 18 18:32:25 IST 2026, 118 W
Wed Feb 18 18:32:25 IST 2026, 107 W
Wed Feb 18 18:32:25 IST 2026, 124 W
Wed Feb 18 18:32:25 IST 2026, 116 W
Wed Feb 18 18:32:25 IST 2026, 136 W
Wed Feb 18 18:32:26 IST 2026, 117 W
Wed Feb 18 18:32:26 IST 2026, 115 W
Wed Feb 18 18:32:26 IST 2026, 123 W
Wed Feb 18 18:32:26 IST 2026, 115 W
Wed Feb 18 18:32:26 IST 2026, 104 W
Wed Feb 18 18:32:26 IST 2026, 117 W
Wed Feb 18 18:32:26 IST 2026, 117 W
Wed Feb 18 18:32:26 IST 2026, 128 W
Wed Feb 18 18:32:27 IST 2026, 118 W
Wed Feb 18 18:32:27 IST 2026, 122 W
Wed Feb 18 18:32:27 IST 2026, 129 W
Wed Feb 18 18:32:27 IST 2026, 123 W
Wed Feb 18 18:32:27 IST 2026, 109 W
Wed Feb 18 18:32:27 IST 2026, 127 W
Wed Feb 18 18:32:27 IST 2026, 124 W
Wed Feb 18 18:32:27 IST 2026, 141 W
Wed Feb 18 18:32:28 IST 2026, 118 W
Wed Feb 18 18:32:28 IST 2026, 117 W
Wed Feb 18 18:32:28 IST 2026, 130 W
Wed Feb 18 18:32:28 IST 2026, 125 W
Wed Feb 18 18:32:28 IST 2026, 106 W
Wed Feb 18 18:32:28 IST 2026, 126 W
Wed Feb 18 18:32:28 IST 2026, 122 W
Wed Feb 18 18:32:28 IST 2026, 140 W
Wed Feb 18 18:32:29 IST 2026, 115 W
Wed Feb 18 18:32:29 IST 2026, 119 W
Wed Feb 18 18:32:29 IST 2026, 130 W
Wed Feb 18 18:32:29 IST 2026, 120 W
Wed Feb 18 18:32:29 IST 2026, 106 W
Wed Feb 18 18:32:29 IST 2026, 122 W
Wed Feb 18 18:32:29 IST 2026, 123 W
Wed Feb 18 18:32:29 IST 2026, 134 W
Wed Feb 18 18:32:30 IST 2026, 114 W
Wed Feb 18 18:32:30 IST 2026, 116 W
Wed Feb 18 18:32:30 IST 2026, 127 W
Wed Feb 18 18:32:30 IST 2026, 122 W
Wed Feb 18 18:32:30 IST 2026, 107 W
Wed Feb 18 18:32:30 IST 2026, 126 W
Wed Feb 18 18:32:30 IST 2026, 125 W
Wed Feb 18 18:32:30 IST 2026, 145 W
Wed Feb 18 18:32:31 IST 2026, 120 W
Wed Feb 18 18:32:31 IST 2026, 120 W
Wed Feb 18 18:32:31 IST 2026, 136 W
Wed Feb 18 18:32:31 IST 2026, 121 W
Wed Feb 18 18:32:31 IST 2026, 112 W
Wed Feb 18 18:32:31 IST 2026, 123 W
Wed Feb 18 18:32:31 IST 2026, 126 W
Wed Feb 18 18:32:31 IST 2026, 142 W
Wed Feb 18 18:32:32 IST 2026, 122 W
Wed Feb 18 18:32:32 IST 2026, 123 W
Wed Feb 18 18:32:32 IST 2026, 128 W
Wed Feb 18 18:32:32 IST 2026, 123 W
Wed Feb 18 18:32:32 IST 2026, 109 W
Wed Feb 18 18:32:32 IST 2026, 129 W
Wed Feb 18 18:32:32 IST 2026, 130 W
Wed Feb 18 18:32:32 IST 2026, 146 W
Wed Feb 18 18:32:33 IST 2026, 122 W
Wed Feb 18 18:32:33 IST 2026, 121 W
Wed Feb 18 18:32:33 IST 2026, 129 W
Wed Feb 18 18:32:33 IST 2026, 122 W
Wed Feb 18 18:32:33 IST 2026, 114 W
Wed Feb 18 18:32:33 IST 2026, 129 W
Wed Feb 18 18:32:33 IST 2026, 130 W
Wed Feb 18 18:32:33 IST 2026, 142 W
Wed Feb 18 18:32:34 IST 2026, 124 W
Wed Feb 18 18:32:34 IST 2026, 120 W
Wed Feb 18 18:32:34 IST 2026, 133 W
Wed Feb 18 18:32:34 IST 2026, 128 W
Wed Feb 18 18:32:34 IST 2026, 114 W
Wed Feb 18 18:32:34 IST 2026, 129 W
Wed Feb 18 18:32:34 IST 2026, 129 W
Wed Feb 18 18:32:34 IST 2026, 138 W
Wed Feb 18 18:32:35 IST 2026, 121 W
Wed Feb 18 18:32:35 IST 2026, 118 W
Wed Feb 18 18:32:35 IST 2026, 129 W
Wed Feb 18 18:32:35 IST 2026, 117 W
Wed Feb 18 18:32:35 IST 2026, 108 W
Wed Feb 18 18:32:35 IST 2026, 123 W
Wed Feb 18 18:32:35 IST 2026, 122 W
Wed Feb 18 18:32:35 IST 2026, 130 W
Wed Feb 18 18:32:36 IST 2026, 129 W
Wed Feb 18 18:32:36 IST 2026, 122 W
Wed Feb 18 18:32:36 IST 2026, 131 W
Wed Feb 18 18:32:36 IST 2026, 123 W
Wed Feb 18 18:32:36 IST 2026, 110 W
Wed Feb 18 18:32:36 IST 2026, 120 W
Wed Feb 18 18:32:36 IST 2026, 126 W
Wed Feb 18 18:32:36 IST 2026, 139 W
Wed Feb 18 18:32:37 IST 2026, 125 W
Wed Feb 18 18:32:37 IST 2026, 120 W
Wed Feb 18 18:32:37 IST 2026, 127 W
Wed Feb 18 18:32:37 IST 2026, 120 W
Wed Feb 18 18:32:37 IST 2026, 112 W
Wed Feb 18 18:32:37 IST 2026, 124 W
Wed Feb 18 18:32:37 IST 2026, 118 W
Wed Feb 18 18:32:37 IST 2026, 144 W
Wed Feb 18 18:32:38 IST 2026, 118 W
Wed Feb 18 18:32:38 IST 2026, 113 W
Wed Feb 18 18:32:38 IST 2026, 123 W
Wed Feb 18 18:32:38 IST 2026, 118 W
Wed Feb 18 18:32:38 IST 2026, 106 W
Wed Feb 18 18:32:38 IST 2026, 124 W
Wed Feb 18 18:32:38 IST 2026, 115 W
Wed Feb 18 18:32:38 IST 2026, 137 W
Wed Feb 18 18:32:39 IST 2026, 119 W
Wed Feb 18 18:32:39 IST 2026, 121 W
Wed Feb 18 18:32:39 IST 2026, 131 W
Wed Feb 18 18:32:39 IST 2026, 118 W
Wed Feb 18 18:32:39 IST 2026, 110 W
Wed Feb 18 18:32:39 IST 2026, 120 W
Wed Feb 18 18:32:39 IST 2026, 127 W
Wed Feb 18 18:32:39 IST 2026, 138 W
Wed Feb 18 18:32:40 IST 2026, 117 W
Wed Feb 18 18:32:40 IST 2026, 113 W
Wed Feb 18 18:32:40 IST 2026, 128 W
Wed Feb 18 18:32:40 IST 2026, 112 W
Wed Feb 18 18:32:40 IST 2026, 105 W
Wed Feb 18 18:32:40 IST 2026, 117 W
Wed Feb 18 18:32:40 IST 2026, 115 W
Wed Feb 18 18:32:40 IST 2026, 130 W
Wed Feb 18 18:32:41 IST 2026, 123 W
Wed Feb 18 18:32:41 IST 2026, 122 W
Wed Feb 18 18:32:41 IST 2026, 128 W
Wed Feb 18 18:32:41 IST 2026, 117 W
Wed Feb 18 18:32:41 IST 2026, 102 W
Wed Feb 18 18:32:41 IST 2026, 122 W
Wed Feb 18 18:32:41 IST 2026, 120 W
Wed Feb 18 18:32:41 IST 2026, 142 W
Wed Feb 18 18:32:42 IST 2026, 127 W
Wed Feb 18 18:32:42 IST 2026, 119 W
Wed Feb 18 18:32:42 IST 2026, 138 W
Wed Feb 18 18:32:42 IST 2026, 123 W
Wed Feb 18 18:32:42 IST 2026, 111 W
Wed Feb 18 18:32:42 IST 2026, 127 W
Wed Feb 18 18:32:42 IST 2026, 128 W
Wed Feb 18 18:32:42 IST 2026, 140 W
Wed Feb 18 18:32:43 IST 2026, 117 W
Wed Feb 18 18:32:43 IST 2026, 117 W
Wed Feb 18 18:32:43 IST 2026, 133 W
Wed Feb 18 18:32:43 IST 2026, 119 W
Wed Feb 18 18:32:43 IST 2026, 111 W
Wed Feb 18 18:32:43 IST 2026, 117 W
Wed Feb 18 18:32:43 IST 2026, 128 W
Wed Feb 18 18:32:43 IST 2026, 143 W
Wed Feb 18 18:32:44 IST 2026, 131 W
Wed Feb 18 18:32:44 IST 2026, 121 W
Wed Feb 18 18:32:44 IST 2026, 129 W
Wed Feb 18 18:32:44 IST 2026, 121 W
Wed Feb 18 18:32:44 IST 2026, 117 W
Wed Feb 18 18:32:44 IST 2026, 132 W
Wed Feb 18 18:32:44 IST 2026, 130 W
Wed Feb 18 18:32:44 IST 2026, 143 W
Wed Feb 18 18:32:45 IST 2026, 126 W
Wed Feb 18 18:32:45 IST 2026, 119 W
Wed Feb 18 18:32:45 IST 2026, 128 W
Wed Feb 18 18:32:45 IST 2026, 124 W
Wed Feb 18 18:32:45 IST 2026, 109 W
Wed Feb 18 18:32:45 IST 2026, 127 W
Wed Feb 18 18:32:45 IST 2026, 122 W
Wed Feb 18 18:32:45 IST 2026, 143 W
Wed Feb 18 18:32:46 IST 2026, 122 W
Wed Feb 18 18:32:46 IST 2026, 124 W
Wed Feb 18 18:32:46 IST 2026, 130 W
Wed Feb 18 18:32:46 IST 2026, 126 W
Wed Feb 18 18:32:46 IST 2026, 108 W
Wed Feb 18 18:32:46 IST 2026, 127 W
Wed Feb 18 18:32:46 IST 2026, 125 W
Wed Feb 18 18:32:46 IST 2026, 142 W
Wed Feb 18 18:32:47 IST 2026, 128 W
Wed Feb 18 18:32:47 IST 2026, 126 W
Wed Feb 18 18:32:47 IST 2026, 136 W
Wed Feb 18 18:32:47 IST 2026, 123 W
Wed Feb 18 18:32:47 IST 2026, 107 W
Wed Feb 18 18:32:47 IST 2026, 123 W
Wed Feb 18 18:32:47 IST 2026, 130 W
Wed Feb 18 18:32:47 IST 2026, 142 W
Wed Feb 18 18:32:48 IST 2026, 121 W
Wed Feb 18 18:32:48 IST 2026, 124 W
Wed Feb 18 18:32:48 IST 2026, 127 W
Wed Feb 18 18:32:48 IST 2026, 123 W
Wed Feb 18 18:32:48 IST 2026, 112 W
Wed Feb 18 18:32:48 IST 2026, 126 W
Wed Feb 18 18:32:48 IST 2026, 124 W
Wed Feb 18 18:32:48 IST 2026, 139 W
Wed Feb 18 18:32:49 IST 2026, 118 W
Wed Feb 18 18:32:49 IST 2026, 112 W
Wed Feb 18 18:32:49 IST 2026, 122 W
Wed Feb 18 18:32:49 IST 2026, 122 W
Wed Feb 18 18:32:49 IST 2026, 106 W
Wed Feb 18 18:32:49 IST 2026, 126 W
Wed Feb 18 18:32:49 IST 2026, 114 W
Wed Feb 18 18:32:49 IST 2026, 140 W
Wed Feb 18 18:32:50 IST 2026, 123 W
Wed Feb 18 18:32:50 IST 2026, 117 W
Wed Feb 18 18:32:50 IST 2026, 132 W
Wed Feb 18 18:32:50 IST 2026, 124 W
Wed Feb 18 18:32:50 IST 2026, 115 W
Wed Feb 18 18:32:50 IST 2026, 123 W
Wed Feb 18 18:32:50 IST 2026, 123 W
Wed Feb 18 18:32:50 IST 2026, 137 W
Wed Feb 18 18:32:51 IST 2026, 126 W
Wed Feb 18 18:32:51 IST 2026, 122 W
Wed Feb 18 18:32:51 IST 2026, 130 W
Wed Feb 18 18:32:51 IST 2026, 124 W
Wed Feb 18 18:32:51 IST 2026, 114 W
Wed Feb 18 18:32:51 IST 2026, 124 W
Wed Feb 18 18:32:51 IST 2026, 128 W
Wed Feb 18 18:32:51 IST 2026, 144 W
Wed Feb 18 18:32:52 IST 2026, 121 W
Wed Feb 18 18:32:52 IST 2026, 124 W
Wed Feb 18 18:32:52 IST 2026, 134 W
Wed Feb 18 18:32:52 IST 2026, 119 W
Wed Feb 18 18:32:52 IST 2026, 110 W
Wed Feb 18 18:32:52 IST 2026, 120 W
Wed Feb 18 18:32:52 IST 2026, 131 W
Wed Feb 18 18:32:52 IST 2026, 136 W
Wed Feb 18 18:32:53 IST 2026, 126 W
Wed Feb 18 18:32:53 IST 2026, 126 W
Wed Feb 18 18:32:53 IST 2026, 140 W
Wed Feb 18 18:32:53 IST 2026, 122 W
Wed Feb 18 18:32:53 IST 2026, 113 W
Wed Feb 18 18:32:53 IST 2026, 123 W
Wed Feb 18 18:32:53 IST 2026, 131 W
Wed Feb 18 18:32:53 IST 2026, 148 W
Wed Feb 18 18:32:54 IST 2026, 124 W
Wed Feb 18 18:32:54 IST 2026, 119 W
Wed Feb 18 18:32:54 IST 2026, 132 W
Wed Feb 18 18:32:54 IST 2026, 119 W
Wed Feb 18 18:32:54 IST 2026, 104 W
Wed Feb 18 18:32:54 IST 2026, 122 W
Wed Feb 18 18:32:54 IST 2026, 121 W
Wed Feb 18 18:32:54 IST 2026, 138 W
Wed Feb 18 18:32:55 IST 2026, 124 W
Wed Feb 18 18:32:55 IST 2026, 118 W
Wed Feb 18 18:32:55 IST 2026, 128 W
Wed Feb 18 18:32:55 IST 2026, 122 W
Wed Feb 18 18:32:55 IST 2026, 110 W
Wed Feb 18 18:32:55 IST 2026, 123 W
Wed Feb 18 18:32:55 IST 2026, 125 W
Wed Feb 18 18:32:55 IST 2026, 141 W
Wed Feb 18 18:32:56 IST 2026, 118 W
Wed Feb 18 18:32:56 IST 2026, 118 W
Wed Feb 18 18:32:56 IST 2026, 118 W
Wed Feb 18 18:32:56 IST 2026, 114 W
Wed Feb 18 18:32:56 IST 2026, 101 W
Wed Feb 18 18:32:56 IST 2026, 121 W
Wed Feb 18 18:32:56 IST 2026, 113 W
Wed Feb 18 18:32:56 IST 2026, 134 W
Wed Feb 18 18:32:57 IST 2026, 118 W
Wed Feb 18 18:32:57 IST 2026, 117 W
Wed Feb 18 18:32:57 IST 2026, 122 W
Wed Feb 18 18:32:57 IST 2026, 116 W
Wed Feb 18 18:32:57 IST 2026, 106 W
Wed Feb 18 18:32:57 IST 2026, 120 W
Wed Feb 18 18:32:57 IST 2026, 113 W
Wed Feb 18 18:32:57 IST 2026, 135 W
Wed Feb 18 18:32:58 IST 2026, 122 W
Wed Feb 18 18:32:58 IST 2026, 120 W
Wed Feb 18 18:32:58 IST 2026, 133 W
Wed Feb 18 18:32:58 IST 2026, 120 W
Wed Feb 18 18:32:58 IST 2026, 109 W
Wed Feb 18 18:32:58 IST 2026, 124 W
Wed Feb 18 18:32:58 IST 2026, 116 W
Wed Feb 18 18:32:58 IST 2026, 139 W
Wed Feb 18 18:32:59 IST 2026, 127 W
Wed Feb 18 18:32:59 IST 2026, 122 W
Wed Feb 18 18:32:59 IST 2026, 133 W
Wed Feb 18 18:32:59 IST 2026, 124 W
Wed Feb 18 18:32:59 IST 2026, 112 W
Wed Feb 18 18:32:59 IST 2026, 123 W
Wed Feb 18 18:32:59 IST 2026, 125 W
Wed Feb 18 18:32:59 IST 2026, 145 W
Wed Feb 18 18:33:00 IST 2026, 123 W
Wed Feb 18 18:33:00 IST 2026, 120 W
Wed Feb 18 18:33:00 IST 2026, 130 W
Wed Feb 18 18:33:00 IST 2026, 124 W
Wed Feb 18 18:33:00 IST 2026, 112 W
Wed Feb 18 18:33:00 IST 2026, 125 W
Wed Feb 18 18:33:00 IST 2026, 125 W
Wed Feb 18 18:33:00 IST 2026, 139 W
Wed Feb 18 18:33:01 IST 2026, 125 W
Wed Feb 18 18:33:01 IST 2026, 125 W
Wed Feb 18 18:33:01 IST 2026, 131 W
Wed Feb 18 18:33:01 IST 2026, 123 W
Wed Feb 18 18:33:01 IST 2026, 113 W
Wed Feb 18 18:33:01 IST 2026, 126 W
Wed Feb 18 18:33:01 IST 2026, 126 W
Wed Feb 18 18:33:01 IST 2026, 143 W
Wed Feb 18 18:33:02 IST 2026, 124 W
Wed Feb 18 18:33:02 IST 2026, 124 W
Wed Feb 18 18:33:02 IST 2026, 126 W
Wed Feb 18 18:33:02 IST 2026, 127 W
Wed Feb 18 18:33:02 IST 2026, 110 W
Wed Feb 18 18:33:02 IST 2026, 128 W
Wed Feb 18 18:33:02 IST 2026, 126 W
Wed Feb 18 18:33:02 IST 2026, 148 W
Wed Feb 18 18:33:03 IST 2026, 119 W
Wed Feb 18 18:33:03 IST 2026, 120 W
Wed Feb 18 18:33:03 IST 2026, 130 W
Wed Feb 18 18:33:03 IST 2026, 119 W
Wed Feb 18 18:33:03 IST 2026, 101 W
Wed Feb 18 18:33:03 IST 2026, 121 W
Wed Feb 18 18:33:03 IST 2026, 122 W
Wed Feb 18 18:33:03 IST 2026, 135 W
Wed Feb 18 18:33:04 IST 2026, 122 W
Wed Feb 18 18:33:04 IST 2026, 115 W
Wed Feb 18 18:33:04 IST 2026, 134 W
Wed Feb 18 18:33:04 IST 2026, 123 W
Wed Feb 18 18:33:04 IST 2026, 107 W
Wed Feb 18 18:33:04 IST 2026, 128 W
Wed Feb 18 18:33:04 IST 2026, 122 W
Wed Feb 18 18:33:04 IST 2026, 142 W
Wed Feb 18 18:33:05 IST 2026, 123 W
Wed Feb 18 18:33:05 IST 2026, 119 W
Wed Feb 18 18:33:05 IST 2026, 128 W
Wed Feb 18 18:33:05 IST 2026, 124 W
Wed Feb 18 18:33:05 IST 2026, 112 W
Wed Feb 18 18:33:05 IST 2026, 126 W
Wed Feb 18 18:33:05 IST 2026, 125 W
Wed Feb 18 18:33:05 IST 2026, 147 W
Wed Feb 18 18:33:06 IST 2026, 130 W
Wed Feb 18 18:33:06 IST 2026, 124 W
Wed Feb 18 18:33:06 IST 2026, 133 W
Wed Feb 18 18:33:06 IST 2026, 129 W
Wed Feb 18 18:33:06 IST 2026, 104 W
Wed Feb 18 18:33:06 IST 2026, 121 W
Wed Feb 18 18:33:06 IST 2026, 127 W
Wed Feb 18 18:33:06 IST 2026, 144 W
Wed Feb 18 18:33:07 IST 2026, 115 W
Wed Feb 18 18:33:07 IST 2026, 117 W
Wed Feb 18 18:33:07 IST 2026, 130 W
Wed Feb 18 18:33:07 IST 2026, 119 W
Wed Feb 18 18:33:07 IST 2026, 106 W
Wed Feb 18 18:33:07 IST 2026, 125 W
Wed Feb 18 18:33:07 IST 2026, 123 W
Wed Feb 18 18:33:07 IST 2026, 131 W
Wed Feb 18 18:33:08 IST 2026, 119 W
Wed Feb 18 18:33:08 IST 2026, 122 W
Wed Feb 18 18:33:08 IST 2026, 127 W
Wed Feb 18 18:33:08 IST 2026, 123 W
Wed Feb 18 18:33:08 IST 2026, 107 W
Wed Feb 18 18:33:08 IST 2026, 126 W
Wed Feb 18 18:33:08 IST 2026, 126 W
Wed Feb 18 18:33:08 IST 2026, 142 W
Wed Feb 18 18:33:09 IST 2026, 123 W
Wed Feb 18 18:33:09 IST 2026, 122 W
Wed Feb 18 18:33:09 IST 2026, 129 W
Wed Feb 18 18:33:09 IST 2026, 119 W
Wed Feb 18 18:33:09 IST 2026, 113 W
Wed Feb 18 18:33:09 IST 2026, 127 W
Wed Feb 18 18:33:09 IST 2026, 121 W
Wed Feb 18 18:33:09 IST 2026, 135 W
Wed Feb 18 18:33:10 IST 2026, 117 W
Wed Feb 18 18:33:10 IST 2026, 120 W
Wed Feb 18 18:33:10 IST 2026, 132 W
Wed Feb 18 18:33:10 IST 2026, 120 W
Wed Feb 18 18:33:10 IST 2026, 112 W
Wed Feb 18 18:33:10 IST 2026, 128 W
Wed Feb 18 18:33:10 IST 2026, 120 W
Wed Feb 18 18:33:10 IST 2026, 137 W
Wed Feb 18 18:33:11 IST 2026, 110 W
Wed Feb 18 18:33:11 IST 2026, 118 W
Wed Feb 18 18:33:11 IST 2026, 124 W
Wed Feb 18 18:33:11 IST 2026, 115 W
Wed Feb 18 18:33:11 IST 2026, 106 W
Wed Feb 18 18:33:11 IST 2026, 117 W
Wed Feb 18 18:33:11 IST 2026, 118 W
Wed Feb 18 18:33:11 IST 2026, 130 W
Wed Feb 18 18:33:12 IST 2026, 126 W
Wed Feb 18 18:33:12 IST 2026, 124 W
Wed Feb 18 18:33:12 IST 2026, 132 W
Wed Feb 18 18:33:12 IST 2026, 124 W
Wed Feb 18 18:33:12 IST 2026, 114 W
Wed Feb 18 18:33:12 IST 2026, 130 W
Wed Feb 18 18:33:12 IST 2026, 131 W
Wed Feb 18 18:33:12 IST 2026, 138 W
Wed Feb 18 18:33:13 IST 2026, 121 W
Wed Feb 18 18:33:13 IST 2026, 115 W
Wed Feb 18 18:33:13 IST 2026, 124 W
Wed Feb 18 18:33:13 IST 2026, 116 W
Wed Feb 18 18:33:13 IST 2026, 110 W
Wed Feb 18 18:33:13 IST 2026, 126 W
Wed Feb 18 18:33:13 IST 2026, 123 W
Wed Feb 18 18:33:13 IST 2026, 140 W
Wed Feb 18 18:33:14 IST 2026, 117 W
Wed Feb 18 18:33:14 IST 2026, 114 W
Wed Feb 18 18:33:14 IST 2026, 129 W
Wed Feb 18 18:33:14 IST 2026, 116 W
Wed Feb 18 18:33:14 IST 2026, 108 W
Wed Feb 18 18:33:14 IST 2026, 120 W
Wed Feb 18 18:33:14 IST 2026, 121 W
Wed Feb 18 18:33:14 IST 2026, 132 W
Wed Feb 18 18:33:15 IST 2026, 127 W
Wed Feb 18 18:33:15 IST 2026, 124 W
Wed Feb 18 18:33:15 IST 2026, 135 W
Wed Feb 18 18:33:15 IST 2026, 122 W
Wed Feb 18 18:33:15 IST 2026, 113 W
Wed Feb 18 18:33:15 IST 2026, 129 W
Wed Feb 18 18:33:15 IST 2026, 128 W
Wed Feb 18 18:33:15 IST 2026, 132 W
Wed Feb 18 18:33:16 IST 2026, 125 W
Wed Feb 18 18:33:16 IST 2026, 124 W
Wed Feb 18 18:33:16 IST 2026, 123 W
Wed Feb 18 18:33:16 IST 2026, 121 W
Wed Feb 18 18:33:16 IST 2026, 107 W
Wed Feb 18 18:33:16 IST 2026, 130 W
Wed Feb 18 18:33:16 IST 2026, 130 W
Wed Feb 18 18:33:16 IST 2026, 145 W
Wed Feb 18 18:33:17 IST 2026, 174 W
Wed Feb 18 18:33:17 IST 2026, 165 W
Wed Feb 18 18:33:17 IST 2026, 176 W
Wed Feb 18 18:33:17 IST 2026, 169 W
Wed Feb 18 18:33:17 IST 2026, 149 W
Wed Feb 18 18:33:17 IST 2026, 158 W
Wed Feb 18 18:33:17 IST 2026, 178 W
Wed Feb 18 18:33:17 IST 2026, 184 W
Wed Feb 18 18:33:18 IST 2026, 118 W
Wed Feb 18 18:33:18 IST 2026, 123 W
Wed Feb 18 18:33:18 IST 2026, 138 W
Wed Feb 18 18:33:18 IST 2026, 122 W
Wed Feb 18 18:33:18 IST 2026, 114 W
Wed Feb 18 18:33:18 IST 2026, 131 W
Wed Feb 18 18:33:18 IST 2026, 125 W
Wed Feb 18 18:33:18 IST 2026, 138 W
Wed Feb 18 18:33:19 IST 2026, 120 W
Wed Feb 18 18:33:19 IST 2026, 116 W
Wed Feb 18 18:33:19 IST 2026, 125 W
Wed Feb 18 18:33:19 IST 2026, 124 W
Wed Feb 18 18:33:19 IST 2026, 102 W
Wed Feb 18 18:33:19 IST 2026, 125 W
Wed Feb 18 18:33:19 IST 2026, 119 W
Wed Feb 18 18:33:19 IST 2026, 138 W
Wed Feb 18 18:33:20 IST 2026, 121 W
Wed Feb 18 18:33:20 IST 2026, 121 W
Wed Feb 18 18:33:20 IST 2026, 133 W
Wed Feb 18 18:33:20 IST 2026, 123 W
Wed Feb 18 18:33:20 IST 2026, 108 W
Wed Feb 18 18:33:20 IST 2026, 126 W
Wed Feb 18 18:33:20 IST 2026, 127 W
Wed Feb 18 18:33:20 IST 2026, 137 W
Wed Feb 18 18:33:21 IST 2026, 118 W
Wed Feb 18 18:33:21 IST 2026, 120 W
Wed Feb 18 18:33:21 IST 2026, 131 W
Wed Feb 18 18:33:21 IST 2026, 121 W
Wed Feb 18 18:33:21 IST 2026, 112 W
Wed Feb 18 18:33:21 IST 2026, 123 W
Wed Feb 18 18:33:21 IST 2026, 123 W
Wed Feb 18 18:33:21 IST 2026, 134 W
Wed Feb 18 18:33:22 IST 2026, 122 W
Wed Feb 18 18:33:22 IST 2026, 120 W
Wed Feb 18 18:33:22 IST 2026, 126 W
Wed Feb 18 18:33:22 IST 2026, 123 W
Wed Feb 18 18:33:22 IST 2026, 112 W
Wed Feb 18 18:33:22 IST 2026, 126 W
Wed Feb 18 18:33:22 IST 2026, 129 W
Wed Feb 18 18:33:22 IST 2026, 143 W
Wed Feb 18 18:33:23 IST 2026, 114 W
Wed Feb 18 18:33:23 IST 2026, 114 W
Wed Feb 18 18:33:23 IST 2026, 125 W
Wed Feb 18 18:33:23 IST 2026, 115 W
Wed Feb 18 18:33:23 IST 2026, 109 W
Wed Feb 18 18:33:23 IST 2026, 120 W
Wed Feb 18 18:33:23 IST 2026, 121 W
Wed Feb 18 18:33:23 IST 2026, 133 W
Wed Feb 18 18:33:24 IST 2026, 114 W
Wed Feb 18 18:33:24 IST 2026, 118 W
Wed Feb 18 18:33:24 IST 2026, 125 W
Wed Feb 18 18:33:24 IST 2026, 122 W
Wed Feb 18 18:33:24 IST 2026, 104 W
Wed Feb 18 18:33:24 IST 2026, 127 W
Wed Feb 18 18:33:24 IST 2026, 123 W
Wed Feb 18 18:33:24 IST 2026, 140 W
Wed Feb 18 18:33:25 IST 2026, 121 W
Wed Feb 18 18:33:25 IST 2026, 125 W
Wed Feb 18 18:33:25 IST 2026, 130 W
Wed Feb 18 18:33:25 IST 2026, 119 W
Wed Feb 18 18:33:25 IST 2026, 113 W
Wed Feb 18 18:33:25 IST 2026, 131 W
Wed Feb 18 18:33:25 IST 2026, 126 W
Wed Feb 18 18:33:25 IST 2026, 139 W
Wed Feb 18 18:33:26 IST 2026, 124 W
Wed Feb 18 18:33:26 IST 2026, 112 W
Wed Feb 18 18:33:26 IST 2026, 130 W
Wed Feb 18 18:33:26 IST 2026, 119 W
Wed Feb 18 18:33:26 IST 2026, 107 W
Wed Feb 18 18:33:26 IST 2026, 127 W
Wed Feb 18 18:33:26 IST 2026, 123 W
Wed Feb 18 18:33:26 IST 2026, 136 W
Wed Feb 18 18:33:27 IST 2026, 123 W
Wed Feb 18 18:33:27 IST 2026, 122 W
Wed Feb 18 18:33:27 IST 2026, 124 W
Wed Feb 18 18:33:27 IST 2026, 124 W
Wed Feb 18 18:33:27 IST 2026, 112 W
Wed Feb 18 18:33:27 IST 2026, 126 W
Wed Feb 18 18:33:27 IST 2026, 127 W
Wed Feb 18 18:33:27 IST 2026, 137 W
Wed Feb 18 18:33:28 IST 2026, 115 W
Wed Feb 18 18:33:28 IST 2026, 118 W
Wed Feb 18 18:33:28 IST 2026, 135 W
Wed Feb 18 18:33:28 IST 2026, 120 W
Wed Feb 18 18:33:28 IST 2026, 106 W
Wed Feb 18 18:33:28 IST 2026, 126 W
Wed Feb 18 18:33:28 IST 2026, 128 W
Wed Feb 18 18:33:28 IST 2026, 137 W
Wed Feb 18 18:33:29 IST 2026, 127 W
Wed Feb 18 18:33:29 IST 2026, 122 W
Wed Feb 18 18:33:29 IST 2026, 132 W
Wed Feb 18 18:33:29 IST 2026, 127 W
Wed Feb 18 18:33:29 IST 2026, 114 W
Wed Feb 18 18:33:29 IST 2026, 127 W
Wed Feb 18 18:33:29 IST 2026, 131 W
Wed Feb 18 18:33:29 IST 2026, 140 W
Wed Feb 18 18:33:30 IST 2026, 139 W
Wed Feb 18 18:33:30 IST 2026, 135 W
Wed Feb 18 18:33:30 IST 2026, 150 W
Wed Feb 18 18:33:30 IST 2026, 132 W
Wed Feb 18 18:33:30 IST 2026, 116 W
Wed Feb 18 18:33:30 IST 2026, 140 W
Wed Feb 18 18:33:30 IST 2026, 140 W
Wed Feb 18 18:33:30 IST 2026, 149 W
Wed Feb 18 18:33:31 IST 2026, 123 W
Wed Feb 18 18:33:31 IST 2026, 122 W
Wed Feb 18 18:33:31 IST 2026, 135 W
Wed Feb 18 18:33:31 IST 2026, 120 W
Wed Feb 18 18:33:31 IST 2026, 101 W
Wed Feb 18 18:33:31 IST 2026, 120 W
Wed Feb 18 18:33:31 IST 2026, 126 W
Wed Feb 18 18:33:31 IST 2026, 141 W
Wed Feb 18 18:33:32 IST 2026, 114 W
Wed Feb 18 18:33:32 IST 2026, 116 W
Wed Feb 18 18:33:32 IST 2026, 127 W
Wed Feb 18 18:33:32 IST 2026, 121 W
Wed Feb 18 18:33:32 IST 2026, 110 W
Wed Feb 18 18:33:32 IST 2026, 122 W
Wed Feb 18 18:33:32 IST 2026, 121 W
Wed Feb 18 18:33:32 IST 2026, 137 W
Wed Feb 18 18:33:33 IST 2026, 121 W
Wed Feb 18 18:33:33 IST 2026, 125 W
Wed Feb 18 18:33:33 IST 2026, 134 W
Wed Feb 18 18:33:33 IST 2026, 127 W
Wed Feb 18 18:33:33 IST 2026, 114 W
Wed Feb 18 18:33:33 IST 2026, 128 W
Wed Feb 18 18:33:33 IST 2026, 129 W
Wed Feb 18 18:33:33 IST 2026, 148 W
Wed Feb 18 18:33:34 IST 2026, 125 W
Wed Feb 18 18:33:34 IST 2026, 123 W
Wed Feb 18 18:33:34 IST 2026, 134 W
Wed Feb 18 18:33:34 IST 2026, 123 W
Wed Feb 18 18:33:34 IST 2026, 107 W
Wed Feb 18 18:33:34 IST 2026, 127 W
Wed Feb 18 18:33:34 IST 2026, 128 W
Wed Feb 18 18:33:34 IST 2026, 136 W
Wed Feb 18 18:33:35 IST 2026, 125 W
Wed Feb 18 18:33:35 IST 2026, 124 W
Wed Feb 18 18:33:35 IST 2026, 130 W
Wed Feb 18 18:33:35 IST 2026, 132 W
Wed Feb 18 18:33:35 IST 2026, 108 W
Wed Feb 18 18:33:35 IST 2026, 129 W
Wed Feb 18 18:33:35 IST 2026, 130 W
Wed Feb 18 18:33:35 IST 2026, 140 W
Wed Feb 18 18:33:36 IST 2026, 118 W
Wed Feb 18 18:33:36 IST 2026, 121 W
Wed Feb 18 18:33:36 IST 2026, 136 W
Wed Feb 18 18:33:36 IST 2026, 119 W
Wed Feb 18 18:33:36 IST 2026, 112 W
Wed Feb 18 18:33:36 IST 2026, 128 W
Wed Feb 18 18:33:36 IST 2026, 128 W
Wed Feb 18 18:33:36 IST 2026, 143 W
Wed Feb 18 18:33:37 IST 2026, 123 W
Wed Feb 18 18:33:37 IST 2026, 126 W
Wed Feb 18 18:33:37 IST 2026, 134 W
Wed Feb 18 18:33:37 IST 2026, 127 W
Wed Feb 18 18:33:37 IST 2026, 114 W
Wed Feb 18 18:33:37 IST 2026, 133 W
Wed Feb 18 18:33:37 IST 2026, 132 W
Wed Feb 18 18:33:37 IST 2026, 144 W
Wed Feb 18 18:33:38 IST 2026, 115 W
Wed Feb 18 18:33:38 IST 2026, 120 W
Wed Feb 18 18:33:38 IST 2026, 134 W
Wed Feb 18 18:33:38 IST 2026, 122 W
Wed Feb 18 18:33:38 IST 2026, 112 W
Wed Feb 18 18:33:38 IST 2026, 127 W
Wed Feb 18 18:33:38 IST 2026, 127 W
Wed Feb 18 18:33:38 IST 2026, 141 W
Wed Feb 18 18:33:39 IST 2026, 112 W
Wed Feb 18 18:33:39 IST 2026, 120 W
Wed Feb 18 18:33:39 IST 2026, 129 W
Wed Feb 18 18:33:39 IST 2026, 118 W
Wed Feb 18 18:33:39 IST 2026, 108 W
Wed Feb 18 18:33:39 IST 2026, 121 W
Wed Feb 18 18:33:39 IST 2026, 124 W
Wed Feb 18 18:33:39 IST 2026, 143 W
Wed Feb 18 18:33:40 IST 2026, 111 W
Wed Feb 18 18:33:40 IST 2026, 116 W
Wed Feb 18 18:33:40 IST 2026, 130 W
Wed Feb 18 18:33:40 IST 2026, 118 W
Wed Feb 18 18:33:40 IST 2026, 112 W
Wed Feb 18 18:33:40 IST 2026, 127 W
Wed Feb 18 18:33:40 IST 2026, 127 W
Wed Feb 18 18:33:40 IST 2026, 142 W
Wed Feb 18 18:33:41 IST 2026, 119 W
Wed Feb 18 18:33:41 IST 2026, 123 W
Wed Feb 18 18:33:41 IST 2026, 130 W
Wed Feb 18 18:33:41 IST 2026, 123 W
Wed Feb 18 18:33:41 IST 2026, 108 W
Wed Feb 18 18:33:41 IST 2026, 130 W
Wed Feb 18 18:33:41 IST 2026, 130 W
Wed Feb 18 18:33:41 IST 2026, 150 W
Wed Feb 18 18:33:42 IST 2026, 119 W
Wed Feb 18 18:33:42 IST 2026, 122 W
Wed Feb 18 18:33:42 IST 2026, 127 W
Wed Feb 18 18:33:42 IST 2026, 122 W
Wed Feb 18 18:33:42 IST 2026, 109 W
Wed Feb 18 18:33:42 IST 2026, 127 W
Wed Feb 18 18:33:42 IST 2026, 128 W
Wed Feb 18 18:33:42 IST 2026, 141 W
Wed Feb 18 18:33:43 IST 2026, 118 W
Wed Feb 18 18:33:43 IST 2026, 116 W
Wed Feb 18 18:33:43 IST 2026, 127 W
Wed Feb 18 18:33:43 IST 2026, 120 W
Wed Feb 18 18:33:43 IST 2026, 103 W
Wed Feb 18 18:33:43 IST 2026, 122 W
Wed Feb 18 18:33:43 IST 2026, 115 W
Wed Feb 18 18:33:43 IST 2026, 133 W
Wed Feb 18 18:33:44 IST 2026, 115 W
Wed Feb 18 18:33:44 IST 2026, 118 W
Wed Feb 18 18:33:44 IST 2026, 127 W
Wed Feb 18 18:33:44 IST 2026, 119 W
Wed Feb 18 18:33:44 IST 2026, 109 W
Wed Feb 18 18:33:44 IST 2026, 121 W
Wed Feb 18 18:33:44 IST 2026, 126 W
Wed Feb 18 18:33:44 IST 2026, 130 W
Wed Feb 18 18:33:45 IST 2026, 112 W
Wed Feb 18 18:33:45 IST 2026, 118 W
Wed Feb 18 18:33:45 IST 2026, 125 W
Wed Feb 18 18:33:45 IST 2026, 118 W
Wed Feb 18 18:33:45 IST 2026, 109 W
Wed Feb 18 18:33:45 IST 2026, 126 W
Wed Feb 18 18:33:45 IST 2026, 122 W
Wed Feb 18 18:33:45 IST 2026, 142 W
Wed Feb 18 18:33:46 IST 2026, 110 W
Wed Feb 18 18:33:46 IST 2026, 116 W
Wed Feb 18 18:33:46 IST 2026, 124 W
Wed Feb 18 18:33:46 IST 2026, 122 W
Wed Feb 18 18:33:46 IST 2026, 106 W
Wed Feb 18 18:33:46 IST 2026, 121 W
Wed Feb 18 18:33:46 IST 2026, 117 W
Wed Feb 18 18:33:46 IST 2026, 140 W
Wed Feb 18 18:33:47 IST 2026, 121 W
Wed Feb 18 18:33:47 IST 2026, 118 W
Wed Feb 18 18:33:47 IST 2026, 129 W
Wed Feb 18 18:33:47 IST 2026, 122 W
Wed Feb 18 18:33:47 IST 2026, 110 W
Wed Feb 18 18:33:47 IST 2026, 128 W
Wed Feb 18 18:33:47 IST 2026, 124 W
Wed Feb 18 18:33:47 IST 2026, 134 W
Wed Feb 18 18:33:48 IST 2026, 115 W
Wed Feb 18 18:33:48 IST 2026, 116 W
Wed Feb 18 18:33:48 IST 2026, 138 W
Wed Feb 18 18:33:48 IST 2026, 120 W
Wed Feb 18 18:33:48 IST 2026, 108 W
Wed Feb 18 18:33:48 IST 2026, 125 W
Wed Feb 18 18:33:48 IST 2026, 119 W
Wed Feb 18 18:33:48 IST 2026, 133 W
Wed Feb 18 18:33:49 IST 2026, 114 W
Wed Feb 18 18:33:49 IST 2026, 118 W
Wed Feb 18 18:33:49 IST 2026, 129 W
Wed Feb 18 18:33:49 IST 2026, 115 W
Wed Feb 18 18:33:49 IST 2026, 108 W
Wed Feb 18 18:33:49 IST 2026, 120 W
Wed Feb 18 18:33:49 IST 2026, 117 W
Wed Feb 18 18:33:49 IST 2026, 131 W
Wed Feb 18 18:33:50 IST 2026, 117 W
Wed Feb 18 18:33:50 IST 2026, 119 W
Wed Feb 18 18:33:50 IST 2026, 136 W
Wed Feb 18 18:33:50 IST 2026, 119 W
Wed Feb 18 18:33:50 IST 2026, 110 W
Wed Feb 18 18:33:50 IST 2026, 128 W
Wed Feb 18 18:33:50 IST 2026, 118 W
Wed Feb 18 18:33:50 IST 2026, 136 W
Wed Feb 18 18:33:51 IST 2026, 119 W
Wed Feb 18 18:33:51 IST 2026, 126 W
Wed Feb 18 18:33:51 IST 2026, 132 W
Wed Feb 18 18:33:51 IST 2026, 118 W
Wed Feb 18 18:33:51 IST 2026, 111 W
Wed Feb 18 18:33:51 IST 2026, 127 W
Wed Feb 18 18:33:51 IST 2026, 127 W
Wed Feb 18 18:33:51 IST 2026, 140 W
Wed Feb 18 18:33:52 IST 2026, 122 W
Wed Feb 18 18:33:52 IST 2026, 123 W
Wed Feb 18 18:33:52 IST 2026, 130 W
Wed Feb 18 18:33:52 IST 2026, 124 W
Wed Feb 18 18:33:52 IST 2026, 107 W
Wed Feb 18 18:33:52 IST 2026, 125 W
Wed Feb 18 18:33:52 IST 2026, 127 W
Wed Feb 18 18:33:52 IST 2026, 143 W
Wed Feb 18 18:33:53 IST 2026, 118 W
Wed Feb 18 18:33:53 IST 2026, 125 W
Wed Feb 18 18:33:53 IST 2026, 139 W
Wed Feb 18 18:33:53 IST 2026, 119 W
Wed Feb 18 18:33:53 IST 2026, 111 W
Wed Feb 18 18:33:53 IST 2026, 130 W
Wed Feb 18 18:33:53 IST 2026, 125 W
Wed Feb 18 18:33:53 IST 2026, 146 W
Wed Feb 18 18:33:54 IST 2026, 117 W
Wed Feb 18 18:33:54 IST 2026, 126 W
Wed Feb 18 18:33:54 IST 2026, 129 W
Wed Feb 18 18:33:54 IST 2026, 122 W
Wed Feb 18 18:33:54 IST 2026, 114 W
Wed Feb 18 18:33:54 IST 2026, 128 W
Wed Feb 18 18:33:54 IST 2026, 130 W
Wed Feb 18 18:33:54 IST 2026, 141 W
Wed Feb 18 18:33:55 IST 2026, 110 W
Wed Feb 18 18:33:55 IST 2026, 118 W
Wed Feb 18 18:33:55 IST 2026, 132 W
Wed Feb 18 18:33:55 IST 2026, 113 W
Wed Feb 18 18:33:55 IST 2026, 103 W
Wed Feb 18 18:33:55 IST 2026, 119 W
Wed Feb 18 18:33:55 IST 2026, 115 W
Wed Feb 18 18:33:55 IST 2026, 139 W
Wed Feb 18 18:33:56 IST 2026, 117 W
Wed Feb 18 18:33:56 IST 2026, 122 W
Wed Feb 18 18:33:56 IST 2026, 132 W
Wed Feb 18 18:33:56 IST 2026, 121 W
Wed Feb 18 18:33:56 IST 2026, 114 W
Wed Feb 18 18:33:56 IST 2026, 127 W
Wed Feb 18 18:33:56 IST 2026, 131 W
Wed Feb 18 18:33:56 IST 2026, 143 W
Wed Feb 18 18:33:57 IST 2026, 121 W
Wed Feb 18 18:33:57 IST 2026, 123 W
Wed Feb 18 18:33:57 IST 2026, 136 W
Wed Feb 18 18:33:57 IST 2026, 121 W
Wed Feb 18 18:33:57 IST 2026, 112 W
Wed Feb 18 18:33:57 IST 2026, 127 W
Wed Feb 18 18:33:57 IST 2026, 128 W
Wed Feb 18 18:33:57 IST 2026, 143 W
Wed Feb 18 18:33:58 IST 2026, 115 W
Wed Feb 18 18:33:58 IST 2026, 122 W
Wed Feb 18 18:33:58 IST 2026, 136 W
Wed Feb 18 18:33:58 IST 2026, 123 W
Wed Feb 18 18:33:58 IST 2026, 115 W
Wed Feb 18 18:33:58 IST 2026, 129 W
Wed Feb 18 18:33:58 IST 2026, 127 W
Wed Feb 18 18:33:58 IST 2026, 144 W
Wed Feb 18 18:33:59 IST 2026, 116 W
Wed Feb 18 18:33:59 IST 2026, 119 W
Wed Feb 18 18:33:59 IST 2026, 135 W
Wed Feb 18 18:33:59 IST 2026, 121 W
Wed Feb 18 18:33:59 IST 2026, 112 W
Wed Feb 18 18:33:59 IST 2026, 123 W
Wed Feb 18 18:33:59 IST 2026, 126 W
Wed Feb 18 18:33:59 IST 2026, 137 W
Wed Feb 18 18:34:00 IST 2026, 116 W
Wed Feb 18 18:34:00 IST 2026, 121 W
Wed Feb 18 18:34:00 IST 2026, 138 W
Wed Feb 18 18:34:00 IST 2026, 120 W
Wed Feb 18 18:34:00 IST 2026, 115 W
Wed Feb 18 18:34:00 IST 2026, 127 W
Wed Feb 18 18:34:00 IST 2026, 126 W
Wed Feb 18 18:34:00 IST 2026, 143 W
Wed Feb 18 18:34:01 IST 2026, 115 W
Wed Feb 18 18:34:01 IST 2026, 122 W
Wed Feb 18 18:34:01 IST 2026, 133 W
Wed Feb 18 18:34:01 IST 2026, 119 W
Wed Feb 18 18:34:01 IST 2026, 109 W
Wed Feb 18 18:34:01 IST 2026, 126 W
Wed Feb 18 18:34:01 IST 2026, 126 W
Wed Feb 18 18:34:01 IST 2026, 141 W
Wed Feb 18 18:34:02 IST 2026, 111 W
Wed Feb 18 18:34:02 IST 2026, 115 W
Wed Feb 18 18:34:02 IST 2026, 132 W
Wed Feb 18 18:34:02 IST 2026, 114 W
Wed Feb 18 18:34:02 IST 2026, 107 W
Wed Feb 18 18:34:02 IST 2026, 129 W
Wed Feb 18 18:34:02 IST 2026, 123 W
Wed Feb 18 18:34:02 IST 2026, 140 W
Wed Feb 18 18:34:03 IST 2026, 121 W
Wed Feb 18 18:34:03 IST 2026, 121 W
Wed Feb 18 18:34:03 IST 2026, 131 W
Wed Feb 18 18:34:03 IST 2026, 122 W
Wed Feb 18 18:34:03 IST 2026, 112 W
Wed Feb 18 18:34:03 IST 2026, 126 W
Wed Feb 18 18:34:03 IST 2026, 131 W
Wed Feb 18 18:34:03 IST 2026, 149 W
Wed Feb 18 18:34:04 IST 2026, 120 W
Wed Feb 18 18:34:04 IST 2026, 115 W
Wed Feb 18 18:34:04 IST 2026, 130 W
Wed Feb 18 18:34:04 IST 2026, 117 W
Wed Feb 18 18:34:04 IST 2026, 104 W
Wed Feb 18 18:34:04 IST 2026, 126 W
Wed Feb 18 18:34:04 IST 2026, 124 W
Wed Feb 18 18:34:04 IST 2026, 140 W
Wed Feb 18 18:34:05 IST 2026, 113 W
Wed Feb 18 18:34:05 IST 2026, 115 W
Wed Feb 18 18:34:05 IST 2026, 122 W
Wed Feb 18 18:34:05 IST 2026, 117 W
Wed Feb 18 18:34:05 IST 2026, 103 W
Wed Feb 18 18:34:05 IST 2026, 119 W
Wed Feb 18 18:34:05 IST 2026, 112 W
Wed Feb 18 18:34:05 IST 2026, 132 W
Wed Feb 18 18:34:06 IST 2026, 119 W
Wed Feb 18 18:34:06 IST 2026, 117 W
Wed Feb 18 18:34:06 IST 2026, 128 W
Wed Feb 18 18:34:06 IST 2026, 112 W
Wed Feb 18 18:34:06 IST 2026, 105 W
Wed Feb 18 18:34:06 IST 2026, 124 W
Wed Feb 18 18:34:06 IST 2026, 112 W
Wed Feb 18 18:34:06 IST 2026, 133 W
Wed Feb 18 18:34:07 IST 2026, 124 W
Wed Feb 18 18:34:07 IST 2026, 118 W
Wed Feb 18 18:34:07 IST 2026, 131 W
Wed Feb 18 18:34:07 IST 2026, 119 W
Wed Feb 18 18:34:07 IST 2026, 110 W
Wed Feb 18 18:34:07 IST 2026, 126 W
Wed Feb 18 18:34:07 IST 2026, 116 W
Wed Feb 18 18:34:07 IST 2026, 139 W
Wed Feb 18 18:34:08 IST 2026, 116 W
Wed Feb 18 18:34:08 IST 2026, 112 W
Wed Feb 18 18:34:08 IST 2026, 120 W
Wed Feb 18 18:34:08 IST 2026, 117 W
Wed Feb 18 18:34:08 IST 2026, 100 W
Wed Feb 18 18:34:08 IST 2026, 117 W
Wed Feb 18 18:34:08 IST 2026, 110 W
Wed Feb 18 18:34:08 IST 2026, 129 W
Wed Feb 18 18:34:09 IST 2026, 118 W
Wed Feb 18 18:34:09 IST 2026, 114 W
Wed Feb 18 18:34:09 IST 2026, 130 W
Wed Feb 18 18:34:09 IST 2026, 119 W
Wed Feb 18 18:34:09 IST 2026, 103 W
Wed Feb 18 18:34:09 IST 2026, 119 W
Wed Feb 18 18:34:09 IST 2026, 113 W
Wed Feb 18 18:34:09 IST 2026, 133 W
Wed Feb 18 18:34:10 IST 2026, 116 W
Wed Feb 18 18:34:10 IST 2026, 117 W
Wed Feb 18 18:34:10 IST 2026, 131 W
Wed Feb 18 18:34:10 IST 2026, 114 W
Wed Feb 18 18:34:10 IST 2026, 105 W
Wed Feb 18 18:34:10 IST 2026, 119 W
Wed Feb 18 18:34:10 IST 2026, 110 W
Wed Feb 18 18:34:10 IST 2026, 136 W
Wed Feb 18 18:34:11 IST 2026, 115 W
Wed Feb 18 18:34:11 IST 2026, 120 W
Wed Feb 18 18:34:11 IST 2026, 127 W
Wed Feb 18 18:34:11 IST 2026, 118 W
Wed Feb 18 18:34:11 IST 2026, 100 W
Wed Feb 18 18:34:11 IST 2026, 117 W
Wed Feb 18 18:34:11 IST 2026, 117 W
Wed Feb 18 18:34:11 IST 2026, 133 W
Wed Feb 18 18:34:12 IST 2026, 121 W
Wed Feb 18 18:34:12 IST 2026, 122 W
Wed Feb 18 18:34:12 IST 2026, 129 W
Wed Feb 18 18:34:12 IST 2026, 118 W
Wed Feb 18 18:34:12 IST 2026, 108 W
Wed Feb 18 18:34:12 IST 2026, 129 W
Wed Feb 18 18:34:12 IST 2026, 130 W
Wed Feb 18 18:34:12 IST 2026, 137 W
Wed Feb 18 18:34:13 IST 2026, 122 W
Wed Feb 18 18:34:13 IST 2026, 116 W
Wed Feb 18 18:34:13 IST 2026, 125 W
Wed Feb 18 18:34:13 IST 2026, 118 W
Wed Feb 18 18:34:13 IST 2026, 112 W
Wed Feb 18 18:34:13 IST 2026, 127 W
Wed Feb 18 18:34:13 IST 2026, 128 W
Wed Feb 18 18:34:13 IST 2026, 147 W
Wed Feb 18 18:34:14 IST 2026, 116 W
Wed Feb 18 18:34:14 IST 2026, 114 W
Wed Feb 18 18:34:14 IST 2026, 132 W
Wed Feb 18 18:34:14 IST 2026, 115 W
Wed Feb 18 18:34:14 IST 2026, 102 W
Wed Feb 18 18:34:14 IST 2026, 119 W
Wed Feb 18 18:34:14 IST 2026, 124 W
Wed Feb 18 18:34:14 IST 2026, 136 W
Wed Feb 18 18:34:15 IST 2026, 120 W
Wed Feb 18 18:34:15 IST 2026, 122 W
Wed Feb 18 18:34:15 IST 2026, 129 W
Wed Feb 18 18:34:15 IST 2026, 120 W
Wed Feb 18 18:34:15 IST 2026, 103 W
Wed Feb 18 18:34:15 IST 2026, 127 W
Wed Feb 18 18:34:15 IST 2026, 118 W
Wed Feb 18 18:34:15 IST 2026, 136 W
Wed Feb 18 18:34:16 IST 2026, 119 W
Wed Feb 18 18:34:16 IST 2026, 119 W
Wed Feb 18 18:34:16 IST 2026, 131 W
Wed Feb 18 18:34:16 IST 2026, 117 W
Wed Feb 18 18:34:16 IST 2026, 102 W
Wed Feb 18 18:34:16 IST 2026, 121 W
Wed Feb 18 18:34:16 IST 2026, 122 W
Wed Feb 18 18:34:16 IST 2026, 141 W
Wed Feb 18 18:34:17 IST 2026, 114 W
Wed Feb 18 18:34:17 IST 2026, 122 W
Wed Feb 18 18:34:17 IST 2026, 131 W
Wed Feb 18 18:34:17 IST 2026, 121 W
Wed Feb 18 18:34:17 IST 2026, 113 W
Wed Feb 18 18:34:17 IST 2026, 127 W
Wed Feb 18 18:34:17 IST 2026, 127 W
Wed Feb 18 18:34:17 IST 2026, 145 W
Wed Feb 18 18:34:18 IST 2026, 112 W
Wed Feb 18 18:34:18 IST 2026, 113 W
Wed Feb 18 18:34:18 IST 2026, 127 W
Wed Feb 18 18:34:18 IST 2026, 115 W
Wed Feb 18 18:34:18 IST 2026, 102 W
Wed Feb 18 18:34:18 IST 2026, 120 W
Wed Feb 18 18:34:18 IST 2026, 116 W
Wed Feb 18 18:34:18 IST 2026, 139 W
Wed Feb 18 18:34:19 IST 2026, 120 W
Wed Feb 18 18:34:19 IST 2026, 124 W
Wed Feb 18 18:34:19 IST 2026, 139 W
Wed Feb 18 18:34:19 IST 2026, 122 W
Wed Feb 18 18:34:19 IST 2026, 112 W
Wed Feb 18 18:34:19 IST 2026, 128 W
Wed Feb 18 18:34:19 IST 2026, 124 W
Wed Feb 18 18:34:19 IST 2026, 140 W
Wed Feb 18 18:34:20 IST 2026, 112 W
Wed Feb 18 18:34:20 IST 2026, 121 W
Wed Feb 18 18:34:20 IST 2026, 129 W
Wed Feb 18 18:34:20 IST 2026, 118 W
Wed Feb 18 18:34:20 IST 2026, 112 W
Wed Feb 18 18:34:20 IST 2026, 128 W
Wed Feb 18 18:34:20 IST 2026, 122 W
Wed Feb 18 18:34:20 IST 2026, 142 W
Wed Feb 18 18:34:21 IST 2026, 122 W
Wed Feb 18 18:34:21 IST 2026, 116 W
Wed Feb 18 18:34:21 IST 2026, 132 W
Wed Feb 18 18:34:21 IST 2026, 120 W
Wed Feb 18 18:34:21 IST 2026, 106 W
Wed Feb 18 18:34:21 IST 2026, 125 W
Wed Feb 18 18:34:21 IST 2026, 113 W
Wed Feb 18 18:34:21 IST 2026, 133 W
Wed Feb 18 18:34:22 IST 2026, 117 W
Wed Feb 18 18:34:22 IST 2026, 121 W
Wed Feb 18 18:34:22 IST 2026, 132 W
Wed Feb 18 18:34:22 IST 2026, 121 W
Wed Feb 18 18:34:22 IST 2026, 111 W
Wed Feb 18 18:34:22 IST 2026, 123 W
Wed Feb 18 18:34:22 IST 2026, 124 W
Wed Feb 18 18:34:22 IST 2026, 134 W
Wed Feb 18 18:34:23 IST 2026, 121 W
Wed Feb 18 18:34:23 IST 2026, 113 W
Wed Feb 18 18:34:23 IST 2026, 132 W
Wed Feb 18 18:34:23 IST 2026, 114 W
Wed Feb 18 18:34:23 IST 2026, 107 W
Wed Feb 18 18:34:23 IST 2026, 117 W
Wed Feb 18 18:34:23 IST 2026, 118 W
Wed Feb 18 18:34:23 IST 2026, 137 W
Wed Feb 18 18:34:24 IST 2026, 183 W
Wed Feb 18 18:34:24 IST 2026, 170 W
Wed Feb 18 18:34:24 IST 2026, 190 W
Wed Feb 18 18:34:24 IST 2026, 166 W
Wed Feb 18 18:34:24 IST 2026, 170 W
Wed Feb 18 18:34:24 IST 2026, 175 W
Wed Feb 18 18:34:24 IST 2026, 181 W
Wed Feb 18 18:34:24 IST 2026, 205 W
Wed Feb 18 18:34:25 IST 2026, 107 W
Wed Feb 18 18:34:25 IST 2026, 115 W
Wed Feb 18 18:34:25 IST 2026, 126 W
Wed Feb 18 18:34:25 IST 2026, 115 W
Wed Feb 18 18:34:25 IST 2026, 108 W
Wed Feb 18 18:34:25 IST 2026, 122 W
Wed Feb 18 18:34:25 IST 2026, 124 W
Wed Feb 18 18:34:25 IST 2026, 137 W
Wed Feb 18 18:34:26 IST 2026, 120 W
Wed Feb 18 18:34:26 IST 2026, 120 W
Wed Feb 18 18:34:26 IST 2026, 136 W
Wed Feb 18 18:34:26 IST 2026, 118 W
Wed Feb 18 18:34:26 IST 2026, 108 W
Wed Feb 18 18:34:26 IST 2026, 124 W
Wed Feb 18 18:34:26 IST 2026, 116 W
Wed Feb 18 18:34:26 IST 2026, 136 W
Wed Feb 18 18:34:27 IST 2026, 120 W
Wed Feb 18 18:34:27 IST 2026, 120 W
Wed Feb 18 18:34:27 IST 2026, 126 W
Wed Feb 18 18:34:27 IST 2026, 120 W
Wed Feb 18 18:34:27 IST 2026, 110 W
Wed Feb 18 18:34:27 IST 2026, 126 W
Wed Feb 18 18:34:27 IST 2026, 120 W
Wed Feb 18 18:34:27 IST 2026, 140 W
Wed Feb 18 18:34:28 IST 2026, 121 W
Wed Feb 18 18:34:28 IST 2026, 118 W
Wed Feb 18 18:34:28 IST 2026, 122 W
Wed Feb 18 18:34:28 IST 2026, 119 W
Wed Feb 18 18:34:28 IST 2026, 108 W
Wed Feb 18 18:34:28 IST 2026, 121 W
Wed Feb 18 18:34:28 IST 2026, 111 W
Wed Feb 18 18:34:28 IST 2026, 133 W
Wed Feb 18 18:34:29 IST 2026, 115 W
Wed Feb 18 18:34:29 IST 2026, 110 W
Wed Feb 18 18:34:29 IST 2026, 126 W
Wed Feb 18 18:34:29 IST 2026, 113 W
Wed Feb 18 18:34:29 IST 2026, 106 W
Wed Feb 18 18:34:29 IST 2026, 118 W
Wed Feb 18 18:34:29 IST 2026, 112 W
Wed Feb 18 18:34:29 IST 2026, 131 W
Wed Feb 18 18:34:30 IST 2026, 122 W
Wed Feb 18 18:34:30 IST 2026, 119 W
Wed Feb 18 18:34:30 IST 2026, 137 W
Wed Feb 18 18:34:30 IST 2026, 121 W
Wed Feb 18 18:34:30 IST 2026, 110 W
Wed Feb 18 18:34:30 IST 2026, 124 W
Wed Feb 18 18:34:30 IST 2026, 111 W
Wed Feb 18 18:34:30 IST 2026, 139 W
Wed Feb 18 18:34:31 IST 2026, 114 W
Wed Feb 18 18:34:31 IST 2026, 116 W
Wed Feb 18 18:34:31 IST 2026, 124 W
Wed Feb 18 18:34:31 IST 2026, 113 W
Wed Feb 18 18:34:31 IST 2026, 102 W
Wed Feb 18 18:34:31 IST 2026, 119 W
Wed Feb 18 18:34:31 IST 2026, 109 W
Wed Feb 18 18:34:31 IST 2026, 129 W
Wed Feb 18 18:34:32 IST 2026, 124 W
Wed Feb 18 18:34:32 IST 2026, 120 W
Wed Feb 18 18:34:32 IST 2026, 137 W
Wed Feb 18 18:34:32 IST 2026, 117 W
Wed Feb 18 18:34:32 IST 2026, 106 W
Wed Feb 18 18:34:32 IST 2026, 126 W
Wed Feb 18 18:34:32 IST 2026, 121 W
Wed Feb 18 18:34:32 IST 2026, 142 W
Wed Feb 18 18:34:33 IST 2026, 120 W
Wed Feb 18 18:34:33 IST 2026, 121 W
Wed Feb 18 18:34:33 IST 2026, 128 W
Wed Feb 18 18:34:33 IST 2026, 126 W
Wed Feb 18 18:34:33 IST 2026, 108 W
Wed Feb 18 18:34:33 IST 2026, 125 W
Wed Feb 18 18:34:33 IST 2026, 117 W
Wed Feb 18 18:34:33 IST 2026, 148 W
Wed Feb 18 18:34:34 IST 2026, 126 W
Wed Feb 18 18:34:34 IST 2026, 119 W
Wed Feb 18 18:34:34 IST 2026, 131 W
Wed Feb 18 18:34:34 IST 2026, 119 W
Wed Feb 18 18:34:34 IST 2026, 109 W
Wed Feb 18 18:34:34 IST 2026, 126 W
Wed Feb 18 18:34:34 IST 2026, 118 W
Wed Feb 18 18:34:34 IST 2026, 137 W
Wed Feb 18 18:34:35 IST 2026, 117 W
Wed Feb 18 18:34:35 IST 2026, 116 W
Wed Feb 18 18:34:35 IST 2026, 128 W
Wed Feb 18 18:34:35 IST 2026, 116 W
Wed Feb 18 18:34:35 IST 2026, 106 W
Wed Feb 18 18:34:35 IST 2026, 121 W
Wed Feb 18 18:34:35 IST 2026, 118 W
Wed Feb 18 18:34:35 IST 2026, 132 W
Wed Feb 18 18:34:36 IST 2026, 124 W
Wed Feb 18 18:34:36 IST 2026, 117 W
Wed Feb 18 18:34:36 IST 2026, 134 W
Wed Feb 18 18:34:36 IST 2026, 123 W
Wed Feb 18 18:34:36 IST 2026, 110 W
Wed Feb 18 18:34:36 IST 2026, 125 W
Wed Feb 18 18:34:36 IST 2026, 121 W
Wed Feb 18 18:34:36 IST 2026, 138 W
Wed Feb 18 18:34:37 IST 2026, 121 W
Wed Feb 18 18:34:37 IST 2026, 121 W
Wed Feb 18 18:34:37 IST 2026, 127 W
Wed Feb 18 18:34:37 IST 2026, 119 W
Wed Feb 18 18:34:37 IST 2026, 111 W
Wed Feb 18 18:34:37 IST 2026, 126 W
Wed Feb 18 18:34:37 IST 2026, 125 W
Wed Feb 18 18:34:37 IST 2026, 136 W
Wed Feb 18 18:34:38 IST 2026, 121 W
Wed Feb 18 18:34:38 IST 2026, 121 W
Wed Feb 18 18:34:38 IST 2026, 131 W
Wed Feb 18 18:34:38 IST 2026, 122 W
Wed Feb 18 18:34:38 IST 2026, 108 W
Wed Feb 18 18:34:38 IST 2026, 120 W
Wed Feb 18 18:34:38 IST 2026, 123 W
Wed Feb 18 18:34:38 IST 2026, 133 W
Wed Feb 18 18:34:39 IST 2026, 114 W
Wed Feb 18 18:34:39 IST 2026, 117 W
Wed Feb 18 18:34:39 IST 2026, 130 W
Wed Feb 18 18:34:39 IST 2026, 119 W
Wed Feb 18 18:34:39 IST 2026, 107 W
Wed Feb 18 18:34:39 IST 2026, 122 W
Wed Feb 18 18:34:39 IST 2026, 116 W
Wed Feb 18 18:34:39 IST 2026, 131 W
Wed Feb 18 18:34:40 IST 2026, 122 W
Wed Feb 18 18:34:40 IST 2026, 118 W
Wed Feb 18 18:34:40 IST 2026, 129 W
Wed Feb 18 18:34:40 IST 2026, 129 W
Wed Feb 18 18:34:40 IST 2026, 113 W
Wed Feb 18 18:34:40 IST 2026, 117 W
Wed Feb 18 18:34:40 IST 2026, 121 W
Wed Feb 18 18:34:40 IST 2026, 140 W
Wed Feb 18 18:34:41 IST 2026, 129 W
Wed Feb 18 18:34:41 IST 2026, 122 W
Wed Feb 18 18:34:41 IST 2026, 136 W
Wed Feb 18 18:34:41 IST 2026, 122 W
Wed Feb 18 18:34:41 IST 2026, 112 W
Wed Feb 18 18:34:41 IST 2026, 121 W
Wed Feb 18 18:34:41 IST 2026, 130 W
Wed Feb 18 18:34:41 IST 2026, 145 W
Wed Feb 18 18:34:42 IST 2026, 124 W
Wed Feb 18 18:34:42 IST 2026, 118 W
Wed Feb 18 18:34:42 IST 2026, 134 W
Wed Feb 18 18:34:42 IST 2026, 125 W
Wed Feb 18 18:34:42 IST 2026, 114 W
Wed Feb 18 18:34:42 IST 2026, 126 W
Wed Feb 18 18:34:42 IST 2026, 127 W
Wed Feb 18 18:34:42 IST 2026, 139 W
Wed Feb 18 18:34:43 IST 2026, 121 W
Wed Feb 18 18:34:43 IST 2026, 120 W
Wed Feb 18 18:34:43 IST 2026, 129 W
Wed Feb 18 18:34:43 IST 2026, 121 W
Wed Feb 18 18:34:43 IST 2026, 104 W
Wed Feb 18 18:34:43 IST 2026, 124 W
Wed Feb 18 18:34:43 IST 2026, 121 W
Wed Feb 18 18:34:43 IST 2026, 137 W
Wed Feb 18 18:34:44 IST 2026, 119 W
Wed Feb 18 18:34:44 IST 2026, 118 W
Wed Feb 18 18:34:44 IST 2026, 132 W
Wed Feb 18 18:34:44 IST 2026, 120 W
Wed Feb 18 18:34:44 IST 2026, 109 W
Wed Feb 18 18:34:44 IST 2026, 127 W
Wed Feb 18 18:34:44 IST 2026, 125 W
Wed Feb 18 18:34:44 IST 2026, 137 W
Wed Feb 18 18:34:45 IST 2026, 121 W
Wed Feb 18 18:34:45 IST 2026, 117 W
Wed Feb 18 18:34:45 IST 2026, 131 W
Wed Feb 18 18:34:45 IST 2026, 130 W
Wed Feb 18 18:34:45 IST 2026, 108 W
Wed Feb 18 18:34:45 IST 2026, 124 W
Wed Feb 18 18:34:45 IST 2026, 115 W
Wed Feb 18 18:34:45 IST 2026, 142 W
Wed Feb 18 18:34:46 IST 2026, 125 W
Wed Feb 18 18:34:46 IST 2026, 121 W
Wed Feb 18 18:34:46 IST 2026, 138 W
Wed Feb 18 18:34:46 IST 2026, 126 W
Wed Feb 18 18:34:46 IST 2026, 109 W
Wed Feb 18 18:34:46 IST 2026, 129 W
Wed Feb 18 18:34:46 IST 2026, 130 W
Wed Feb 18 18:34:46 IST 2026, 139 W
Wed Feb 18 18:34:47 IST 2026, 119 W
Wed Feb 18 18:34:47 IST 2026, 116 W
Wed Feb 18 18:34:47 IST 2026, 135 W
Wed Feb 18 18:34:47 IST 2026, 123 W
Wed Feb 18 18:34:47 IST 2026, 102 W
Wed Feb 18 18:34:47 IST 2026, 124 W
Wed Feb 18 18:34:47 IST 2026, 117 W
Wed Feb 18 18:34:47 IST 2026, 136 W
Wed Feb 18 18:34:48 IST 2026, 124 W
Wed Feb 18 18:34:48 IST 2026, 115 W
Wed Feb 18 18:34:48 IST 2026, 132 W
Wed Feb 18 18:34:48 IST 2026, 124 W
Wed Feb 18 18:34:48 IST 2026, 105 W
Wed Feb 18 18:34:48 IST 2026, 122 W
Wed Feb 18 18:34:48 IST 2026, 117 W
Wed Feb 18 18:34:48 IST 2026, 138 W
Wed Feb 18 18:34:49 IST 2026, 116 W
Wed Feb 18 18:34:49 IST 2026, 114 W
Wed Feb 18 18:34:49 IST 2026, 125 W
Wed Feb 18 18:34:49 IST 2026, 115 W
Wed Feb 18 18:34:49 IST 2026, 99 W
Wed Feb 18 18:34:49 IST 2026, 118 W
Wed Feb 18 18:34:49 IST 2026, 119 W
Wed Feb 18 18:34:49 IST 2026, 139 W
Wed Feb 18 18:34:50 IST 2026, 120 W
Wed Feb 18 18:34:50 IST 2026, 119 W
Wed Feb 18 18:34:50 IST 2026, 126 W
Wed Feb 18 18:34:50 IST 2026, 121 W
Wed Feb 18 18:34:50 IST 2026, 105 W
Wed Feb 18 18:34:50 IST 2026, 123 W
Wed Feb 18 18:34:50 IST 2026, 122 W
Wed Feb 18 18:34:50 IST 2026, 137 W
Wed Feb 18 18:34:51 IST 2026, 119 W
Wed Feb 18 18:34:51 IST 2026, 122 W
Wed Feb 18 18:34:51 IST 2026, 128 W
Wed Feb 18 18:34:51 IST 2026, 115 W
Wed Feb 18 18:34:51 IST 2026, 108 W
Wed Feb 18 18:34:51 IST 2026, 123 W
Wed Feb 18 18:34:51 IST 2026, 127 W
Wed Feb 18 18:34:51 IST 2026, 143 W
Wed Feb 18 18:34:52 IST 2026, 119 W
Wed Feb 18 18:34:52 IST 2026, 117 W
Wed Feb 18 18:34:52 IST 2026, 137 W
Wed Feb 18 18:34:52 IST 2026, 120 W
Wed Feb 18 18:34:52 IST 2026, 109 W
Wed Feb 18 18:34:52 IST 2026, 129 W
Wed Feb 18 18:34:52 IST 2026, 128 W
Wed Feb 18 18:34:52 IST 2026, 138 W
Wed Feb 18 18:34:53 IST 2026, 114 W
Wed Feb 18 18:34:53 IST 2026, 122 W
Wed Feb 18 18:34:53 IST 2026, 130 W
Wed Feb 18 18:34:53 IST 2026, 120 W
Wed Feb 18 18:34:53 IST 2026, 112 W
Wed Feb 18 18:34:53 IST 2026, 128 W
Wed Feb 18 18:34:53 IST 2026, 125 W
Wed Feb 18 18:34:53 IST 2026, 141 W
Wed Feb 18 18:34:54 IST 2026, 116 W
Wed Feb 18 18:34:54 IST 2026, 119 W
Wed Feb 18 18:34:54 IST 2026, 139 W
Wed Feb 18 18:34:54 IST 2026, 121 W
Wed Feb 18 18:34:54 IST 2026, 113 W
Wed Feb 18 18:34:54 IST 2026, 127 W
Wed Feb 18 18:34:54 IST 2026, 131 W
Wed Feb 18 18:34:54 IST 2026, 144 W
Wed Feb 18 18:34:55 IST 2026, 119 W
Wed Feb 18 18:34:55 IST 2026, 122 W
Wed Feb 18 18:34:55 IST 2026, 130 W
Wed Feb 18 18:34:55 IST 2026, 126 W
Wed Feb 18 18:34:55 IST 2026, 107 W
Wed Feb 18 18:34:55 IST 2026, 128 W
Wed Feb 18 18:34:55 IST 2026, 128 W
Wed Feb 18 18:34:55 IST 2026, 142 W
Wed Feb 18 18:34:56 IST 2026, 114 W
Wed Feb 18 18:34:56 IST 2026, 118 W
Wed Feb 18 18:34:56 IST 2026, 141 W
Wed Feb 18 18:34:56 IST 2026, 118 W
Wed Feb 18 18:34:56 IST 2026, 109 W
Wed Feb 18 18:34:56 IST 2026, 121 W
Wed Feb 18 18:34:56 IST 2026, 126 W
Wed Feb 18 18:34:56 IST 2026, 139 W
Wed Feb 18 18:34:57 IST 2026, 119 W
Wed Feb 18 18:34:57 IST 2026, 123 W
Wed Feb 18 18:34:57 IST 2026, 142 W
Wed Feb 18 18:34:57 IST 2026, 122 W
Wed Feb 18 18:34:57 IST 2026, 108 W
Wed Feb 18 18:34:57 IST 2026, 128 W
Wed Feb 18 18:34:57 IST 2026, 129 W
Wed Feb 18 18:34:57 IST 2026, 144 W
Wed Feb 18 18:34:58 IST 2026, 115 W
Wed Feb 18 18:34:58 IST 2026, 120 W
Wed Feb 18 18:34:58 IST 2026, 137 W
Wed Feb 18 18:34:58 IST 2026, 124 W
Wed Feb 18 18:34:58 IST 2026, 110 W
Wed Feb 18 18:34:58 IST 2026, 128 W
Wed Feb 18 18:34:58 IST 2026, 129 W
Wed Feb 18 18:34:58 IST 2026, 142 W
Wed Feb 18 18:34:59 IST 2026, 118 W
Wed Feb 18 18:34:59 IST 2026, 122 W
Wed Feb 18 18:34:59 IST 2026, 136 W
Wed Feb 18 18:34:59 IST 2026, 123 W
Wed Feb 18 18:34:59 IST 2026, 113 W
Wed Feb 18 18:34:59 IST 2026, 128 W
Wed Feb 18 18:34:59 IST 2026, 128 W
Wed Feb 18 18:34:59 IST 2026, 141 W
Wed Feb 18 18:35:00 IST 2026, 111 W
Wed Feb 18 18:35:00 IST 2026, 115 W
Wed Feb 18 18:35:00 IST 2026, 123 W
Wed Feb 18 18:35:00 IST 2026, 115 W
Wed Feb 18 18:35:00 IST 2026, 102 W
Wed Feb 18 18:35:00 IST 2026, 122 W
Wed Feb 18 18:35:00 IST 2026, 120 W
Wed Feb 18 18:35:00 IST 2026, 141 W
Wed Feb 18 18:35:01 IST 2026, 114 W
Wed Feb 18 18:35:01 IST 2026, 114 W
Wed Feb 18 18:35:01 IST 2026, 125 W
Wed Feb 18 18:35:01 IST 2026, 120 W
Wed Feb 18 18:35:01 IST 2026, 107 W
Wed Feb 18 18:35:01 IST 2026, 124 W
Wed Feb 18 18:35:01 IST 2026, 124 W
Wed Feb 18 18:35:01 IST 2026, 134 W
Wed Feb 18 18:35:02 IST 2026, 118 W
Wed Feb 18 18:35:02 IST 2026, 118 W
Wed Feb 18 18:35:02 IST 2026, 132 W
Wed Feb 18 18:35:02 IST 2026, 115 W
Wed Feb 18 18:35:02 IST 2026, 107 W
Wed Feb 18 18:35:02 IST 2026, 125 W
Wed Feb 18 18:35:02 IST 2026, 113 W
Wed Feb 18 18:35:02 IST 2026, 140 W
Wed Feb 18 18:35:03 IST 2026, 119 W
Wed Feb 18 18:35:03 IST 2026, 118 W
Wed Feb 18 18:35:03 IST 2026, 127 W
Wed Feb 18 18:35:03 IST 2026, 121 W
Wed Feb 18 18:35:03 IST 2026, 112 W
Wed Feb 18 18:35:03 IST 2026, 129 W
Wed Feb 18 18:35:03 IST 2026, 124 W
Wed Feb 18 18:35:03 IST 2026, 139 W
Wed Feb 18 18:35:04 IST 2026, 118 W
Wed Feb 18 18:35:04 IST 2026, 121 W
Wed Feb 18 18:35:04 IST 2026, 128 W
Wed Feb 18 18:35:04 IST 2026, 122 W
Wed Feb 18 18:35:04 IST 2026, 108 W
Wed Feb 18 18:35:04 IST 2026, 124 W
Wed Feb 18 18:35:04 IST 2026, 121 W
Wed Feb 18 18:35:04 IST 2026, 138 W
Wed Feb 18 18:35:05 IST 2026, 123 W
Wed Feb 18 18:35:05 IST 2026, 117 W
Wed Feb 18 18:35:05 IST 2026, 126 W
Wed Feb 18 18:35:05 IST 2026, 123 W
Wed Feb 18 18:35:05 IST 2026, 110 W
Wed Feb 18 18:35:05 IST 2026, 125 W
Wed Feb 18 18:35:05 IST 2026, 118 W
Wed Feb 18 18:35:05 IST 2026, 139 W
Wed Feb 18 18:35:06 IST 2026, 120 W
Wed Feb 18 18:35:06 IST 2026, 112 W
Wed Feb 18 18:35:06 IST 2026, 126 W
Wed Feb 18 18:35:06 IST 2026, 117 W
Wed Feb 18 18:35:06 IST 2026, 104 W
Wed Feb 18 18:35:06 IST 2026, 123 W
Wed Feb 18 18:35:06 IST 2026, 116 W
Wed Feb 18 18:35:06 IST 2026, 135 W
Wed Feb 18 18:35:07 IST 2026, 127 W
Wed Feb 18 18:35:07 IST 2026, 123 W
Wed Feb 18 18:35:07 IST 2026, 139 W
Wed Feb 18 18:35:07 IST 2026, 121 W
Wed Feb 18 18:35:07 IST 2026, 107 W
Wed Feb 18 18:35:07 IST 2026, 130 W
Wed Feb 18 18:35:07 IST 2026, 127 W
Wed Feb 18 18:35:07 IST 2026, 138 W
Wed Feb 18 18:35:08 IST 2026, 124 W
Wed Feb 18 18:35:08 IST 2026, 122 W
Wed Feb 18 18:35:08 IST 2026, 134 W
Wed Feb 18 18:35:08 IST 2026, 118 W
Wed Feb 18 18:35:08 IST 2026, 115 W
Wed Feb 18 18:35:08 IST 2026, 122 W
Wed Feb 18 18:35:08 IST 2026, 118 W
Wed Feb 18 18:35:08 IST 2026, 132 W
Wed Feb 18 18:35:09 IST 2026, 111 W
Wed Feb 18 18:35:09 IST 2026, 120 W
Wed Feb 18 18:35:09 IST 2026, 127 W
Wed Feb 18 18:35:09 IST 2026, 119 W
Wed Feb 18 18:35:09 IST 2026, 107 W
Wed Feb 18 18:35:09 IST 2026, 125 W
Wed Feb 18 18:35:09 IST 2026, 118 W
Wed Feb 18 18:35:09 IST 2026, 139 W
Wed Feb 18 18:35:10 IST 2026, 121 W
Wed Feb 18 18:35:10 IST 2026, 122 W
Wed Feb 18 18:35:10 IST 2026, 134 W
Wed Feb 18 18:35:10 IST 2026, 121 W
Wed Feb 18 18:35:10 IST 2026, 111 W
Wed Feb 18 18:35:10 IST 2026, 126 W
Wed Feb 18 18:35:10 IST 2026, 121 W
Wed Feb 18 18:35:10 IST 2026, 138 W
Wed Feb 18 18:35:11 IST 2026, 125 W
Wed Feb 18 18:35:11 IST 2026, 119 W
Wed Feb 18 18:35:11 IST 2026, 131 W
Wed Feb 18 18:35:11 IST 2026, 123 W
Wed Feb 18 18:35:11 IST 2026, 107 W
Wed Feb 18 18:35:11 IST 2026, 123 W
Wed Feb 18 18:35:11 IST 2026, 119 W
Wed Feb 18 18:35:11 IST 2026, 144 W
Wed Feb 18 18:35:12 IST 2026, 188 W
Wed Feb 18 18:35:12 IST 2026, 178 W
Wed Feb 18 18:35:12 IST 2026, 190 W
Wed Feb 18 18:35:12 IST 2026, 181 W
Wed Feb 18 18:35:12 IST 2026, 176 W
Wed Feb 18 18:35:12 IST 2026, 195 W
Wed Feb 18 18:35:12 IST 2026, 193 W
Wed Feb 18 18:35:12 IST 2026, 208 W
Wed Feb 18 18:35:13 IST 2026, 119 W
Wed Feb 18 18:35:13 IST 2026, 116 W
Wed Feb 18 18:35:13 IST 2026, 124 W
Wed Feb 18 18:35:13 IST 2026, 118 W
Wed Feb 18 18:35:13 IST 2026, 100 W
Wed Feb 18 18:35:13 IST 2026, 122 W
Wed Feb 18 18:35:13 IST 2026, 119 W
Wed Feb 18 18:35:13 IST 2026, 136 W
Wed Feb 18 18:35:14 IST 2026, 119 W
Wed Feb 18 18:35:14 IST 2026, 118 W
Wed Feb 18 18:35:14 IST 2026, 132 W
Wed Feb 18 18:35:14 IST 2026, 120 W
Wed Feb 18 18:35:14 IST 2026, 109 W
Wed Feb 18 18:35:14 IST 2026, 128 W
Wed Feb 18 18:35:14 IST 2026, 125 W
Wed Feb 18 18:35:14 IST 2026, 134 W
Wed Feb 18 18:35:15 IST 2026, 117 W
Wed Feb 18 18:35:15 IST 2026, 117 W
Wed Feb 18 18:35:15 IST 2026, 128 W
Wed Feb 18 18:35:15 IST 2026, 117 W
Wed Feb 18 18:35:15 IST 2026, 107 W
Wed Feb 18 18:35:15 IST 2026, 125 W
Wed Feb 18 18:35:15 IST 2026, 119 W
Wed Feb 18 18:35:15 IST 2026, 132 W
Wed Feb 18 18:35:16 IST 2026, 118 W
Wed Feb 18 18:35:16 IST 2026, 116 W
Wed Feb 18 18:35:16 IST 2026, 126 W
Wed Feb 18 18:35:16 IST 2026, 118 W
Wed Feb 18 18:35:16 IST 2026, 100 W
Wed Feb 18 18:35:16 IST 2026, 121 W
Wed Feb 18 18:35:16 IST 2026, 114 W
Wed Feb 18 18:35:16 IST 2026, 132 W
Wed Feb 18 18:35:17 IST 2026, 125 W
Wed Feb 18 18:35:17 IST 2026, 121 W
Wed Feb 18 18:35:17 IST 2026, 137 W
Wed Feb 18 18:35:17 IST 2026, 120 W
Wed Feb 18 18:35:17 IST 2026, 113 W
Wed Feb 18 18:35:17 IST 2026, 126 W
Wed Feb 18 18:35:17 IST 2026, 120 W
Wed Feb 18 18:35:17 IST 2026, 140 W
Wed Feb 18 18:35:18 IST 2026, 126 W
Wed Feb 18 18:35:18 IST 2026, 120 W
Wed Feb 18 18:35:18 IST 2026, 129 W
Wed Feb 18 18:35:18 IST 2026, 118 W
Wed Feb 18 18:35:18 IST 2026, 103 W
Wed Feb 18 18:35:18 IST 2026, 126 W
Wed Feb 18 18:35:18 IST 2026, 126 W
Wed Feb 18 18:35:18 IST 2026, 144 W
Wed Feb 18 18:35:19 IST 2026, 113 W
Wed Feb 18 18:35:19 IST 2026, 121 W
Wed Feb 18 18:35:19 IST 2026, 139 W
Wed Feb 18 18:35:19 IST 2026, 120 W
Wed Feb 18 18:35:19 IST 2026, 114 W
Wed Feb 18 18:35:19 IST 2026, 124 W
Wed Feb 18 18:35:19 IST 2026, 125 W
Wed Feb 18 18:35:19 IST 2026, 135 W
Wed Feb 18 18:35:20 IST 2026, 123 W
Wed Feb 18 18:35:20 IST 2026, 117 W
Wed Feb 18 18:35:20 IST 2026, 133 W
Wed Feb 18 18:35:20 IST 2026, 122 W
Wed Feb 18 18:35:20 IST 2026, 107 W
Wed Feb 18 18:35:20 IST 2026, 125 W
Wed Feb 18 18:35:20 IST 2026, 116 W
Wed Feb 18 18:35:20 IST 2026, 135 W
Wed Feb 18 18:35:21 IST 2026, 120 W
Wed Feb 18 18:35:21 IST 2026, 115 W
Wed Feb 18 18:35:21 IST 2026, 132 W
Wed Feb 18 18:35:21 IST 2026, 116 W
Wed Feb 18 18:35:21 IST 2026, 107 W
Wed Feb 18 18:35:21 IST 2026, 121 W
Wed Feb 18 18:35:21 IST 2026, 111 W
Wed Feb 18 18:35:21 IST 2026, 132 W
Wed Feb 18 18:35:22 IST 2026, 118 W
Wed Feb 18 18:35:22 IST 2026, 114 W
Wed Feb 18 18:35:22 IST 2026, 132 W
Wed Feb 18 18:35:22 IST 2026, 116 W
Wed Feb 18 18:35:22 IST 2026, 103 W
Wed Feb 18 18:35:22 IST 2026, 121 W
Wed Feb 18 18:35:22 IST 2026, 118 W
Wed Feb 18 18:35:22 IST 2026, 127 W
Wed Feb 18 18:35:23 IST 2026, 118 W
Wed Feb 18 18:35:23 IST 2026, 113 W
Wed Feb 18 18:35:23 IST 2026, 120 W
Wed Feb 18 18:35:23 IST 2026, 118 W
Wed Feb 18 18:35:23 IST 2026, 103 W
Wed Feb 18 18:35:23 IST 2026, 121 W
Wed Feb 18 18:35:23 IST 2026, 113 W
Wed Feb 18 18:35:23 IST 2026, 134 W
Wed Feb 18 18:35:24 IST 2026, 127 W
Wed Feb 18 18:35:24 IST 2026, 120 W
Wed Feb 18 18:35:24 IST 2026, 141 W
Wed Feb 18 18:35:24 IST 2026, 118 W
Wed Feb 18 18:35:24 IST 2026, 112 W
Wed Feb 18 18:35:24 IST 2026, 129 W
Wed Feb 18 18:35:24 IST 2026, 123 W
Wed Feb 18 18:35:24 IST 2026, 131 W
Wed Feb 18 18:35:25 IST 2026, 117 W
Wed Feb 18 18:35:25 IST 2026, 113 W
Wed Feb 18 18:35:25 IST 2026, 127 W
Wed Feb 18 18:35:25 IST 2026, 120 W
Wed Feb 18 18:35:25 IST 2026, 111 W
Wed Feb 18 18:35:25 IST 2026, 126 W
Wed Feb 18 18:35:25 IST 2026, 121 W
Wed Feb 18 18:35:25 IST 2026, 145 W
Wed Feb 18 18:35:26 IST 2026, 127 W
Wed Feb 18 18:35:26 IST 2026, 125 W
Wed Feb 18 18:35:26 IST 2026, 136 W
Wed Feb 18 18:35:26 IST 2026, 127 W
Wed Feb 18 18:35:26 IST 2026, 111 W
Wed Feb 18 18:35:26 IST 2026, 127 W
Wed Feb 18 18:35:26 IST 2026, 122 W
Wed Feb 18 18:35:26 IST 2026, 141 W
Wed Feb 18 18:35:27 IST 2026, 121 W
Wed Feb 18 18:35:27 IST 2026, 115 W
Wed Feb 18 18:35:27 IST 2026, 123 W
Wed Feb 18 18:35:27 IST 2026, 122 W
Wed Feb 18 18:35:27 IST 2026, 104 W
Wed Feb 18 18:35:27 IST 2026, 123 W
Wed Feb 18 18:35:27 IST 2026, 122 W
Wed Feb 18 18:35:27 IST 2026, 133 W
Wed Feb 18 18:35:28 IST 2026, 117 W
Wed Feb 18 18:35:28 IST 2026, 117 W
Wed Feb 18 18:35:28 IST 2026, 125 W
Wed Feb 18 18:35:28 IST 2026, 115 W
Wed Feb 18 18:35:28 IST 2026, 103 W
Wed Feb 18 18:35:28 IST 2026, 120 W
Wed Feb 18 18:35:28 IST 2026, 115 W
Wed Feb 18 18:35:28 IST 2026, 132 W
Wed Feb 18 18:35:29 IST 2026, 119 W
Wed Feb 18 18:35:29 IST 2026, 119 W
Wed Feb 18 18:35:29 IST 2026, 129 W
Wed Feb 18 18:35:29 IST 2026, 122 W
Wed Feb 18 18:35:29 IST 2026, 102 W
Wed Feb 18 18:35:29 IST 2026, 125 W
Wed Feb 18 18:35:29 IST 2026, 122 W
Wed Feb 18 18:35:29 IST 2026, 141 W
Wed Feb 18 18:35:30 IST 2026, 118 W
Wed Feb 18 18:35:30 IST 2026, 116 W
Wed Feb 18 18:35:30 IST 2026, 130 W
Wed Feb 18 18:35:30 IST 2026, 122 W
Wed Feb 18 18:35:30 IST 2026, 107 W
Wed Feb 18 18:35:30 IST 2026, 126 W
Wed Feb 18 18:35:30 IST 2026, 117 W
Wed Feb 18 18:35:30 IST 2026, 130 W
Wed Feb 18 18:35:31 IST 2026, 114 W
Wed Feb 18 18:35:31 IST 2026, 114 W
Wed Feb 18 18:35:31 IST 2026, 126 W
Wed Feb 18 18:35:31 IST 2026, 116 W
Wed Feb 18 18:35:31 IST 2026, 99 W
Wed Feb 18 18:35:31 IST 2026, 117 W
Wed Feb 18 18:35:31 IST 2026, 113 W
Wed Feb 18 18:35:31 IST 2026, 133 W
Wed Feb 18 18:35:32 IST 2026, 135 W
Wed Feb 18 18:35:32 IST 2026, 120 W
Wed Feb 18 18:35:32 IST 2026, 142 W
Wed Feb 18 18:35:32 IST 2026, 129 W
Wed Feb 18 18:35:32 IST 2026, 120 W
Wed Feb 18 18:35:32 IST 2026, 135 W
Wed Feb 18 18:35:32 IST 2026, 137 W
Wed Feb 18 18:35:32 IST 2026, 150 W
Wed Feb 18 18:35:33 IST 2026, 125 W
Wed Feb 18 18:35:33 IST 2026, 121 W
Wed Feb 18 18:35:33 IST 2026, 131 W
Wed Feb 18 18:35:33 IST 2026, 121 W
Wed Feb 18 18:35:33 IST 2026, 109 W
Wed Feb 18 18:35:33 IST 2026, 125 W
Wed Feb 18 18:35:33 IST 2026, 124 W
Wed Feb 18 18:35:33 IST 2026, 134 W
Wed Feb 18 18:35:34 IST 2026, 122 W
Wed Feb 18 18:35:34 IST 2026, 121 W
Wed Feb 18 18:35:34 IST 2026, 129 W
Wed Feb 18 18:35:34 IST 2026, 123 W
Wed Feb 18 18:35:34 IST 2026, 112 W
Wed Feb 18 18:35:34 IST 2026, 126 W
Wed Feb 18 18:35:34 IST 2026, 118 W
Wed Feb 18 18:35:34 IST 2026, 138 W
Wed Feb 18 18:35:35 IST 2026, 124 W
Wed Feb 18 18:35:35 IST 2026, 120 W
Wed Feb 18 18:35:35 IST 2026, 127 W
Wed Feb 18 18:35:35 IST 2026, 118 W
Wed Feb 18 18:35:35 IST 2026, 109 W
Wed Feb 18 18:35:35 IST 2026, 126 W
Wed Feb 18 18:35:35 IST 2026, 118 W
Wed Feb 18 18:35:35 IST 2026, 139 W
Wed Feb 18 18:35:36 IST 2026, 126 W
Wed Feb 18 18:35:36 IST 2026, 121 W
Wed Feb 18 18:35:36 IST 2026, 135 W
Wed Feb 18 18:35:36 IST 2026, 119 W
Wed Feb 18 18:35:36 IST 2026, 113 W
Wed Feb 18 18:35:36 IST 2026, 116 W
Wed Feb 18 18:35:36 IST 2026, 127 W
Wed Feb 18 18:35:36 IST 2026, 144 W
Wed Feb 18 18:35:37 IST 2026, 125 W
Wed Feb 18 18:35:37 IST 2026, 119 W
Wed Feb 18 18:35:37 IST 2026, 136 W
Wed Feb 18 18:35:37 IST 2026, 121 W
Wed Feb 18 18:35:37 IST 2026, 109 W
Wed Feb 18 18:35:37 IST 2026, 126 W
Wed Feb 18 18:35:37 IST 2026, 127 W
Wed Feb 18 18:35:37 IST 2026, 134 W
Wed Feb 18 18:35:38 IST 2026, 118 W
Wed Feb 18 18:35:38 IST 2026, 121 W
Wed Feb 18 18:35:38 IST 2026, 129 W
Wed Feb 18 18:35:38 IST 2026, 120 W
Wed Feb 18 18:35:38 IST 2026, 111 W
Wed Feb 18 18:35:38 IST 2026, 126 W
Wed Feb 18 18:35:38 IST 2026, 129 W
Wed Feb 18 18:35:38 IST 2026, 139 W
Wed Feb 18 18:35:39 IST 2026, 121 W
Wed Feb 18 18:35:39 IST 2026, 123 W
Wed Feb 18 18:35:39 IST 2026, 128 W
Wed Feb 18 18:35:39 IST 2026, 117 W
Wed Feb 18 18:35:39 IST 2026, 108 W
Wed Feb 18 18:35:39 IST 2026, 129 W
Wed Feb 18 18:35:39 IST 2026, 121 W
Wed Feb 18 18:35:39 IST 2026, 146 W
Wed Feb 18 18:35:40 IST 2026, 118 W
Wed Feb 18 18:35:40 IST 2026, 113 W
Wed Feb 18 18:35:40 IST 2026, 125 W
Wed Feb 18 18:35:40 IST 2026, 122 W
Wed Feb 18 18:35:40 IST 2026, 104 W
Wed Feb 18 18:35:40 IST 2026, 121 W
Wed Feb 18 18:35:40 IST 2026, 117 W
Wed Feb 18 18:35:40 IST 2026, 134 W
Wed Feb 18 18:35:41 IST 2026, 123 W
Wed Feb 18 18:35:41 IST 2026, 118 W
Wed Feb 18 18:35:41 IST 2026, 130 W
Wed Feb 18 18:35:41 IST 2026, 118 W
Wed Feb 18 18:35:41 IST 2026, 111 W
Wed Feb 18 18:35:41 IST 2026, 123 W
Wed Feb 18 18:35:41 IST 2026, 124 W
Wed Feb 18 18:35:41 IST 2026, 131 W
Wed Feb 18 18:35:42 IST 2026, 126 W
Wed Feb 18 18:35:42 IST 2026, 113 W
Wed Feb 18 18:35:42 IST 2026, 128 W
Wed Feb 18 18:35:42 IST 2026, 116 W
Wed Feb 18 18:35:42 IST 2026, 103 W
Wed Feb 18 18:35:42 IST 2026, 123 W
Wed Feb 18 18:35:42 IST 2026, 112 W
Wed Feb 18 18:35:42 IST 2026, 136 W
Wed Feb 18 18:35:43 IST 2026, 122 W
Wed Feb 18 18:35:43 IST 2026, 118 W
Wed Feb 18 18:35:43 IST 2026, 123 W
Wed Feb 18 18:35:43 IST 2026, 116 W
Wed Feb 18 18:35:43 IST 2026, 109 W
Wed Feb 18 18:35:43 IST 2026, 122 W
Wed Feb 18 18:35:43 IST 2026, 117 W
Wed Feb 18 18:35:43 IST 2026, 134 W
Wed Feb 18 18:35:44 IST 2026, 116 W
Wed Feb 18 18:35:44 IST 2026, 116 W
Wed Feb 18 18:35:44 IST 2026, 129 W
Wed Feb 18 18:35:44 IST 2026, 117 W
Wed Feb 18 18:35:44 IST 2026, 100 W
Wed Feb 18 18:35:44 IST 2026, 120 W
Wed Feb 18 18:35:44 IST 2026, 110 W
Wed Feb 18 18:35:44 IST 2026, 135 W
Wed Feb 18 18:35:45 IST 2026, 125 W
Wed Feb 18 18:35:45 IST 2026, 124 W
Wed Feb 18 18:35:45 IST 2026, 133 W
Wed Feb 18 18:35:45 IST 2026, 123 W
Wed Feb 18 18:35:45 IST 2026, 111 W
Wed Feb 18 18:35:45 IST 2026, 125 W
Wed Feb 18 18:35:45 IST 2026, 117 W
Wed Feb 18 18:35:45 IST 2026, 136 W
Wed Feb 18 18:35:46 IST 2026, 111 W
Wed Feb 18 18:35:46 IST 2026, 116 W
Wed Feb 18 18:35:46 IST 2026, 128 W
Wed Feb 18 18:35:46 IST 2026, 126 W
Wed Feb 18 18:35:46 IST 2026, 108 W
Wed Feb 18 18:35:46 IST 2026, 126 W
Wed Feb 18 18:35:46 IST 2026, 126 W
Wed Feb 18 18:35:46 IST 2026, 134 W
Wed Feb 18 18:35:47 IST 2026, 117 W
Wed Feb 18 18:35:47 IST 2026, 117 W
Wed Feb 18 18:35:47 IST 2026, 126 W
Wed Feb 18 18:35:47 IST 2026, 121 W
Wed Feb 18 18:35:47 IST 2026, 112 W
Wed Feb 18 18:35:47 IST 2026, 124 W
Wed Feb 18 18:35:47 IST 2026, 123 W
Wed Feb 18 18:35:47 IST 2026, 139 W
Wed Feb 18 18:35:48 IST 2026, 113 W
Wed Feb 18 18:35:48 IST 2026, 123 W
Wed Feb 18 18:35:48 IST 2026, 135 W
Wed Feb 18 18:35:48 IST 2026, 122 W
Wed Feb 18 18:35:48 IST 2026, 112 W
Wed Feb 18 18:35:48 IST 2026, 128 W
Wed Feb 18 18:35:48 IST 2026, 135 W
Wed Feb 18 18:35:48 IST 2026, 146 W
Wed Feb 18 18:35:49 IST 2026, 134 W
Wed Feb 18 18:35:49 IST 2026, 124 W
Wed Feb 18 18:35:49 IST 2026, 137 W
Wed Feb 18 18:35:49 IST 2026, 132 W
Wed Feb 18 18:35:49 IST 2026, 121 W
Wed Feb 18 18:35:49 IST 2026, 131 W
Wed Feb 18 18:35:49 IST 2026, 139 W
Wed Feb 18 18:35:49 IST 2026, 139 W
Wed Feb 18 18:35:50 IST 2026, 114 W
Wed Feb 18 18:35:50 IST 2026, 109 W
Wed Feb 18 18:35:50 IST 2026, 124 W
Wed Feb 18 18:35:50 IST 2026, 112 W
Wed Feb 18 18:35:50 IST 2026, 100 W
Wed Feb 18 18:35:50 IST 2026, 117 W
Wed Feb 18 18:35:50 IST 2026, 111 W
Wed Feb 18 18:35:50 IST 2026, 127 W
Wed Feb 18 18:35:51 IST 2026, 127 W
Wed Feb 18 18:35:51 IST 2026, 121 W
Wed Feb 18 18:35:51 IST 2026, 138 W
Wed Feb 18 18:35:51 IST 2026, 120 W
Wed Feb 18 18:35:51 IST 2026, 112 W
Wed Feb 18 18:35:51 IST 2026, 119 W
Wed Feb 18 18:35:51 IST 2026, 130 W
Wed Feb 18 18:35:51 IST 2026, 139 W
Wed Feb 18 18:35:52 IST 2026, 116 W
Wed Feb 18 18:35:52 IST 2026, 118 W
Wed Feb 18 18:35:52 IST 2026, 125 W
Wed Feb 18 18:35:52 IST 2026, 123 W
Wed Feb 18 18:35:52 IST 2026, 107 W
Wed Feb 18 18:35:52 IST 2026, 124 W
Wed Feb 18 18:35:52 IST 2026, 123 W
Wed Feb 18 18:35:52 IST 2026, 137 W
Wed Feb 18 18:35:53 IST 2026, 123 W
Wed Feb 18 18:35:53 IST 2026, 118 W
Wed Feb 18 18:35:53 IST 2026, 139 W
Wed Feb 18 18:35:53 IST 2026, 122 W
Wed Feb 18 18:35:53 IST 2026, 110 W
Wed Feb 18 18:35:53 IST 2026, 128 W
Wed Feb 18 18:35:53 IST 2026, 128 W
Wed Feb 18 18:35:53 IST 2026, 132 W
Wed Feb 18 18:35:54 IST 2026, 126 W
Wed Feb 18 18:35:54 IST 2026, 122 W
Wed Feb 18 18:35:54 IST 2026, 133 W
Wed Feb 18 18:35:54 IST 2026, 122 W
Wed Feb 18 18:35:54 IST 2026, 109 W
Wed Feb 18 18:35:54 IST 2026, 126 W
Wed Feb 18 18:35:54 IST 2026, 126 W
Wed Feb 18 18:35:54 IST 2026, 136 W
Wed Feb 18 18:35:55 IST 2026, 120 W
Wed Feb 18 18:35:55 IST 2026, 116 W
Wed Feb 18 18:35:55 IST 2026, 126 W
Wed Feb 18 18:35:55 IST 2026, 119 W
Wed Feb 18 18:35:55 IST 2026, 106 W
Wed Feb 18 18:35:55 IST 2026, 122 W
Wed Feb 18 18:35:55 IST 2026, 124 W
Wed Feb 18 18:35:55 IST 2026, 129 W
Wed Feb 18 18:35:56 IST 2026, 122 W
Wed Feb 18 18:35:56 IST 2026, 121 W
Wed Feb 18 18:35:56 IST 2026, 127 W
Wed Feb 18 18:35:56 IST 2026, 120 W
Wed Feb 18 18:35:56 IST 2026, 103 W
Wed Feb 18 18:35:56 IST 2026, 128 W
Wed Feb 18 18:35:56 IST 2026, 126 W
Wed Feb 18 18:35:56 IST 2026, 138 W
Wed Feb 18 18:35:57 IST 2026, 129 W
Wed Feb 18 18:35:57 IST 2026, 123 W
Wed Feb 18 18:35:57 IST 2026, 141 W
Wed Feb 18 18:35:57 IST 2026, 119 W
Wed Feb 18 18:35:57 IST 2026, 113 W
Wed Feb 18 18:35:57 IST 2026, 133 W
Wed Feb 18 18:35:57 IST 2026, 130 W
Wed Feb 18 18:35:57 IST 2026, 132 W
Wed Feb 18 18:35:58 IST 2026, 118 W
Wed Feb 18 18:35:58 IST 2026, 116 W
Wed Feb 18 18:35:58 IST 2026, 123 W
Wed Feb 18 18:35:58 IST 2026, 117 W
Wed Feb 18 18:35:58 IST 2026, 105 W
Wed Feb 18 18:35:58 IST 2026, 118 W
Wed Feb 18 18:35:58 IST 2026, 113 W
Wed Feb 18 18:35:58 IST 2026, 127 W
Wed Feb 18 18:35:59 IST 2026, 122 W
Wed Feb 18 18:35:59 IST 2026, 120 W
Wed Feb 18 18:35:59 IST 2026, 133 W
Wed Feb 18 18:35:59 IST 2026, 123 W
Wed Feb 18 18:35:59 IST 2026, 115 W
Wed Feb 18 18:35:59 IST 2026, 127 W
Wed Feb 18 18:35:59 IST 2026, 128 W
Wed Feb 18 18:35:59 IST 2026, 133 W
Wed Feb 18 18:36:00 IST 2026, 116 W
Wed Feb 18 18:36:00 IST 2026, 111 W
Wed Feb 18 18:36:00 IST 2026, 128 W
Wed Feb 18 18:36:00 IST 2026, 117 W
Wed Feb 18 18:36:00 IST 2026, 105 W
Wed Feb 18 18:36:00 IST 2026, 121 W
Wed Feb 18 18:36:00 IST 2026, 112 W
Wed Feb 18 18:36:00 IST 2026, 139 W
Wed Feb 18 18:36:01 IST 2026, 120 W
Wed Feb 18 18:36:01 IST 2026, 116 W
Wed Feb 18 18:36:01 IST 2026, 130 W
Wed Feb 18 18:36:01 IST 2026, 127 W
Wed Feb 18 18:36:01 IST 2026, 109 W
Wed Feb 18 18:36:01 IST 2026, 122 W
Wed Feb 18 18:36:01 IST 2026, 113 W
Wed Feb 18 18:36:01 IST 2026, 130 W
Wed Feb 18 18:36:02 IST 2026, 121 W
Wed Feb 18 18:36:02 IST 2026, 120 W
Wed Feb 18 18:36:02 IST 2026, 126 W
Wed Feb 18 18:36:02 IST 2026, 119 W
Wed Feb 18 18:36:02 IST 2026, 105 W
Wed Feb 18 18:36:02 IST 2026, 122 W
Wed Feb 18 18:36:02 IST 2026, 122 W
Wed Feb 18 18:36:02 IST 2026, 130 W
Wed Feb 18 18:36:03 IST 2026, 121 W
Wed Feb 18 18:36:03 IST 2026, 123 W
Wed Feb 18 18:36:03 IST 2026, 127 W
Wed Feb 18 18:36:03 IST 2026, 122 W
Wed Feb 18 18:36:03 IST 2026, 114 W
Wed Feb 18 18:36:03 IST 2026, 126 W
Wed Feb 18 18:36:03 IST 2026, 129 W
Wed Feb 18 18:36:03 IST 2026, 142 W
Wed Feb 18 18:36:04 IST 2026, 117 W
Wed Feb 18 18:36:04 IST 2026, 120 W
Wed Feb 18 18:36:04 IST 2026, 137 W
Wed Feb 18 18:36:04 IST 2026, 122 W
Wed Feb 18 18:36:04 IST 2026, 108 W
Wed Feb 18 18:36:04 IST 2026, 123 W
Wed Feb 18 18:36:04 IST 2026, 122 W
Wed Feb 18 18:36:04 IST 2026, 139 W
Wed Feb 18 18:36:05 IST 2026, 115 W
Wed Feb 18 18:36:05 IST 2026, 123 W
Wed Feb 18 18:36:05 IST 2026, 132 W
Wed Feb 18 18:36:05 IST 2026, 121 W
Wed Feb 18 18:36:05 IST 2026, 112 W
Wed Feb 18 18:36:05 IST 2026, 128 W
Wed Feb 18 18:36:05 IST 2026, 127 W
Wed Feb 18 18:36:05 IST 2026, 141 W
Wed Feb 18 18:36:06 IST 2026, 118 W
Wed Feb 18 18:36:06 IST 2026, 120 W
Wed Feb 18 18:36:06 IST 2026, 124 W
Wed Feb 18 18:36:06 IST 2026, 119 W
Wed Feb 18 18:36:06 IST 2026, 108 W
Wed Feb 18 18:36:06 IST 2026, 126 W
Wed Feb 18 18:36:06 IST 2026, 125 W
Wed Feb 18 18:36:06 IST 2026, 140 W
Wed Feb 18 18:36:07 IST 2026, 117 W
Wed Feb 18 18:36:07 IST 2026, 126 W
Wed Feb 18 18:36:07 IST 2026, 129 W
Wed Feb 18 18:36:07 IST 2026, 118 W
Wed Feb 18 18:36:07 IST 2026, 109 W
Wed Feb 18 18:36:07 IST 2026, 123 W
Wed Feb 18 18:36:07 IST 2026, 112 W
Wed Feb 18 18:36:07 IST 2026, 135 W
Wed Feb 18 18:36:08 IST 2026, 120 W
Wed Feb 18 18:36:08 IST 2026, 112 W
Wed Feb 18 18:36:08 IST 2026, 132 W
Wed Feb 18 18:36:08 IST 2026, 119 W
Wed Feb 18 18:36:08 IST 2026, 108 W
Wed Feb 18 18:36:08 IST 2026, 121 W
Wed Feb 18 18:36:08 IST 2026, 114 W
Wed Feb 18 18:36:08 IST 2026, 134 W
Wed Feb 18 18:36:09 IST 2026, 122 W
Wed Feb 18 18:36:09 IST 2026, 120 W
Wed Feb 18 18:36:09 IST 2026, 133 W
Wed Feb 18 18:36:09 IST 2026, 119 W
Wed Feb 18 18:36:09 IST 2026, 110 W
Wed Feb 18 18:36:09 IST 2026, 124 W
Wed Feb 18 18:36:09 IST 2026, 119 W
Wed Feb 18 18:36:09 IST 2026, 139 W
Wed Feb 18 18:36:10 IST 2026, 117 W
Wed Feb 18 18:36:10 IST 2026, 112 W
Wed Feb 18 18:36:10 IST 2026, 127 W
Wed Feb 18 18:36:10 IST 2026, 112 W
Wed Feb 18 18:36:10 IST 2026, 106 W
Wed Feb 18 18:36:10 IST 2026, 119 W
Wed Feb 18 18:36:10 IST 2026, 109 W
Wed Feb 18 18:36:10 IST 2026, 132 W
Wed Feb 18 18:36:11 IST 2026, 121 W
Wed Feb 18 18:36:11 IST 2026, 118 W
Wed Feb 18 18:36:11 IST 2026, 128 W
Wed Feb 18 18:36:11 IST 2026, 122 W
Wed Feb 18 18:36:11 IST 2026, 106 W
Wed Feb 18 18:36:11 IST 2026, 122 W
Wed Feb 18 18:36:11 IST 2026, 112 W
Wed Feb 18 18:36:11 IST 2026, 133 W
Wed Feb 18 18:36:12 IST 2026, 121 W
Wed Feb 18 18:36:12 IST 2026, 117 W
Wed Feb 18 18:36:12 IST 2026, 133 W
Wed Feb 18 18:36:12 IST 2026, 118 W
Wed Feb 18 18:36:12 IST 2026, 109 W
Wed Feb 18 18:36:12 IST 2026, 121 W
Wed Feb 18 18:36:12 IST 2026, 115 W
Wed Feb 18 18:36:12 IST 2026, 134 W
Wed Feb 18 18:36:13 IST 2026, 125 W
Wed Feb 18 18:36:13 IST 2026, 122 W
Wed Feb 18 18:36:13 IST 2026, 132 W
Wed Feb 18 18:36:13 IST 2026, 123 W
Wed Feb 18 18:36:13 IST 2026, 109 W
Wed Feb 18 18:36:13 IST 2026, 126 W
Wed Feb 18 18:36:13 IST 2026, 123 W
Wed Feb 18 18:36:13 IST 2026, 130 W
Wed Feb 18 18:36:14 IST 2026, 127 W
Wed Feb 18 18:36:14 IST 2026, 124 W
Wed Feb 18 18:36:14 IST 2026, 137 W
Wed Feb 18 18:36:14 IST 2026, 123 W
Wed Feb 18 18:36:14 IST 2026, 111 W
Wed Feb 18 18:36:14 IST 2026, 128 W
Wed Feb 18 18:36:14 IST 2026, 128 W
Wed Feb 18 18:36:14 IST 2026, 136 W
Wed Feb 18 18:36:15 IST 2026, 121 W
Wed Feb 18 18:36:15 IST 2026, 117 W
Wed Feb 18 18:36:15 IST 2026, 128 W
Wed Feb 18 18:36:15 IST 2026, 120 W
Wed Feb 18 18:36:15 IST 2026, 106 W
Wed Feb 18 18:36:15 IST 2026, 122 W
Wed Feb 18 18:36:15 IST 2026, 125 W
Wed Feb 18 18:36:15 IST 2026, 132 W
Wed Feb 18 18:36:16 IST 2026, 129 W
Wed Feb 18 18:36:16 IST 2026, 122 W
Wed Feb 18 18:36:16 IST 2026, 136 W
Wed Feb 18 18:36:16 IST 2026, 126 W
Wed Feb 18 18:36:16 IST 2026, 109 W
Wed Feb 18 18:36:16 IST 2026, 125 W
Wed Feb 18 18:36:16 IST 2026, 123 W
Wed Feb 18 18:36:16 IST 2026, 133 W
Wed Feb 18 18:36:17 IST 2026, 126 W
Wed Feb 18 18:36:17 IST 2026, 118 W
Wed Feb 18 18:36:17 IST 2026, 127 W
Wed Feb 18 18:36:17 IST 2026, 118 W
Wed Feb 18 18:36:17 IST 2026, 112 W
Wed Feb 18 18:36:17 IST 2026, 124 W
Wed Feb 18 18:36:17 IST 2026, 124 W
Wed Feb 18 18:36:17 IST 2026, 133 W
Wed Feb 18 18:36:18 IST 2026, 126 W
Wed Feb 18 18:36:18 IST 2026, 114 W
Wed Feb 18 18:36:18 IST 2026, 135 W
Wed Feb 18 18:36:18 IST 2026, 123 W
Wed Feb 18 18:36:18 IST 2026, 110 W
Wed Feb 18 18:36:18 IST 2026, 128 W
Wed Feb 18 18:36:18 IST 2026, 119 W
Wed Feb 18 18:36:18 IST 2026, 133 W
Wed Feb 18 18:36:19 IST 2026, 122 W
Wed Feb 18 18:36:19 IST 2026, 120 W
Wed Feb 18 18:36:19 IST 2026, 134 W
Wed Feb 18 18:36:19 IST 2026, 118 W
Wed Feb 18 18:36:19 IST 2026, 107 W
Wed Feb 18 18:36:19 IST 2026, 125 W
Wed Feb 18 18:36:19 IST 2026, 125 W
Wed Feb 18 18:36:19 IST 2026, 130 W
Wed Feb 18 18:36:20 IST 2026, 124 W
Wed Feb 18 18:36:20 IST 2026, 121 W
Wed Feb 18 18:36:20 IST 2026, 131 W
Wed Feb 18 18:36:20 IST 2026, 120 W
Wed Feb 18 18:36:20 IST 2026, 110 W
Wed Feb 18 18:36:20 IST 2026, 128 W
Wed Feb 18 18:36:20 IST 2026, 124 W
Wed Feb 18 18:36:20 IST 2026, 129 W
Wed Feb 18 18:36:22 IST 2026, 132 W
Wed Feb 18 18:36:22 IST 2026, 124 W
Wed Feb 18 18:36:22 IST 2026, 137 W
Wed Feb 18 18:36:22 IST 2026, 125 W
Wed Feb 18 18:36:22 IST 2026, 112 W
Wed Feb 18 18:36:22 IST 2026, 129 W
Wed Feb 18 18:36:22 IST 2026, 129 W
Wed Feb 18 18:36:22 IST 2026, 140 W
Wed Feb 18 18:36:22 IST 2026, 114 W
Wed Feb 18 18:36:22 IST 2026, 116 W
Wed Feb 18 18:36:22 IST 2026, 139 W
Wed Feb 18 18:36:22 IST 2026, 119 W
Wed Feb 18 18:36:22 IST 2026, 106 W
Wed Feb 18 18:36:22 IST 2026, 123 W
Wed Feb 18 18:36:22 IST 2026, 125 W
Wed Feb 18 18:36:22 IST 2026, 137 W
Wed Feb 18 18:36:23 IST 2026, 120 W
Wed Feb 18 18:36:23 IST 2026, 122 W
Wed Feb 18 18:36:23 IST 2026, 132 W
Wed Feb 18 18:36:23 IST 2026, 125 W
Wed Feb 18 18:36:23 IST 2026, 113 W
Wed Feb 18 18:36:23 IST 2026, 128 W
Wed Feb 18 18:36:23 IST 2026, 133 W
Wed Feb 18 18:36:23 IST 2026, 135 W
Wed Feb 18 18:36:24 IST 2026, 120 W
Wed Feb 18 18:36:24 IST 2026, 125 W
Wed Feb 18 18:36:24 IST 2026, 141 W
Wed Feb 18 18:36:24 IST 2026, 121 W
Wed Feb 18 18:36:24 IST 2026, 110 W
Wed Feb 18 18:36:24 IST 2026, 126 W
Wed Feb 18 18:36:24 IST 2026, 134 W
Wed Feb 18 18:36:24 IST 2026, 138 W
Wed Feb 18 18:36:25 IST 2026, 117 W
Wed Feb 18 18:36:25 IST 2026, 119 W
Wed Feb 18 18:36:25 IST 2026, 132 W
Wed Feb 18 18:36:25 IST 2026, 120 W
Wed Feb 18 18:36:25 IST 2026, 109 W
Wed Feb 18 18:36:25 IST 2026, 127 W
Wed Feb 18 18:36:25 IST 2026, 126 W
Wed Feb 18 18:36:25 IST 2026, 134 W
Wed Feb 18 18:36:26 IST 2026, 123 W
Wed Feb 18 18:36:26 IST 2026, 121 W
Wed Feb 18 18:36:26 IST 2026, 133 W
Wed Feb 18 18:36:26 IST 2026, 119 W
Wed Feb 18 18:36:26 IST 2026, 110 W
Wed Feb 18 18:36:26 IST 2026, 123 W
Wed Feb 18 18:36:26 IST 2026, 120 W
Wed Feb 18 18:36:26 IST 2026, 131 W
Wed Feb 18 18:36:27 IST 2026, 122 W
Wed Feb 18 18:36:27 IST 2026, 116 W
Wed Feb 18 18:36:27 IST 2026, 129 W
Wed Feb 18 18:36:27 IST 2026, 115 W
Wed Feb 18 18:36:27 IST 2026, 108 W
Wed Feb 18 18:36:27 IST 2026, 124 W
Wed Feb 18 18:36:27 IST 2026, 117 W
Wed Feb 18 18:36:27 IST 2026, 139 W
Wed Feb 18 18:36:28 IST 2026, 125 W
Wed Feb 18 18:36:28 IST 2026, 119 W
Wed Feb 18 18:36:28 IST 2026, 128 W
Wed Feb 18 18:36:28 IST 2026, 119 W
Wed Feb 18 18:36:28 IST 2026, 109 W
Wed Feb 18 18:36:28 IST 2026, 126 W
Wed Feb 18 18:36:28 IST 2026, 118 W
Wed Feb 18 18:36:28 IST 2026, 135 W
Wed Feb 18 18:36:29 IST 2026, 121 W
Wed Feb 18 18:36:29 IST 2026, 115 W
Wed Feb 18 18:36:29 IST 2026, 134 W
Wed Feb 18 18:36:29 IST 2026, 121 W
Wed Feb 18 18:36:29 IST 2026, 111 W
Wed Feb 18 18:36:29 IST 2026, 123 W
Wed Feb 18 18:36:29 IST 2026, 124 W
Wed Feb 18 18:36:29 IST 2026, 138 W
Wed Feb 18 18:36:30 IST 2026, 117 W
Wed Feb 18 18:36:30 IST 2026, 118 W
Wed Feb 18 18:36:30 IST 2026, 136 W
Wed Feb 18 18:36:30 IST 2026, 121 W
Wed Feb 18 18:36:30 IST 2026, 109 W
Wed Feb 18 18:36:30 IST 2026, 126 W
Wed Feb 18 18:36:30 IST 2026, 129 W
Wed Feb 18 18:36:30 IST 2026, 133 W
Wed Feb 18 18:36:31 IST 2026, 122 W
Wed Feb 18 18:36:31 IST 2026, 121 W
Wed Feb 18 18:36:31 IST 2026, 130 W
Wed Feb 18 18:36:31 IST 2026, 125 W
Wed Feb 18 18:36:31 IST 2026, 114 W
Wed Feb 18 18:36:31 IST 2026, 127 W
Wed Feb 18 18:36:31 IST 2026, 120 W
Wed Feb 18 18:36:31 IST 2026, 136 W
Wed Feb 18 18:36:32 IST 2026, 122 W
Wed Feb 18 18:36:32 IST 2026, 125 W
Wed Feb 18 18:36:32 IST 2026, 128 W
Wed Feb 18 18:36:32 IST 2026, 120 W
Wed Feb 18 18:36:32 IST 2026, 112 W
Wed Feb 18 18:36:32 IST 2026, 129 W
Wed Feb 18 18:36:32 IST 2026, 123 W
Wed Feb 18 18:36:32 IST 2026, 143 W
Wed Feb 18 18:36:33 IST 2026, 121 W
Wed Feb 18 18:36:33 IST 2026, 117 W
Wed Feb 18 18:36:33 IST 2026, 123 W
Wed Feb 18 18:36:33 IST 2026, 118 W
Wed Feb 18 18:36:33 IST 2026, 105 W
Wed Feb 18 18:36:33 IST 2026, 119 W
Wed Feb 18 18:36:33 IST 2026, 127 W
Wed Feb 18 18:36:33 IST 2026, 132 W
Wed Feb 18 18:36:34 IST 2026, 128 W
Wed Feb 18 18:36:34 IST 2026, 123 W
Wed Feb 18 18:36:34 IST 2026, 137 W
Wed Feb 18 18:36:34 IST 2026, 124 W
Wed Feb 18 18:36:34 IST 2026, 109 W
Wed Feb 18 18:36:34 IST 2026, 130 W
Wed Feb 18 18:36:34 IST 2026, 131 W
Wed Feb 18 18:36:34 IST 2026, 133 W
Wed Feb 18 18:36:35 IST 2026, 129 W
Wed Feb 18 18:36:35 IST 2026, 120 W
Wed Feb 18 18:36:35 IST 2026, 133 W
Wed Feb 18 18:36:35 IST 2026, 125 W
Wed Feb 18 18:36:35 IST 2026, 113 W
Wed Feb 18 18:36:35 IST 2026, 129 W
Wed Feb 18 18:36:35 IST 2026, 131 W
Wed Feb 18 18:36:35 IST 2026, 129 W
Wed Feb 18 18:36:36 IST 2026, 124 W
Wed Feb 18 18:36:36 IST 2026, 118 W
Wed Feb 18 18:36:36 IST 2026, 133 W
Wed Feb 18 18:36:36 IST 2026, 124 W
Wed Feb 18 18:36:36 IST 2026, 109 W
Wed Feb 18 18:36:36 IST 2026, 128 W
Wed Feb 18 18:36:36 IST 2026, 123 W
Wed Feb 18 18:36:36 IST 2026, 131 W
Wed Feb 18 18:36:37 IST 2026, 127 W
Wed Feb 18 18:36:37 IST 2026, 122 W
Wed Feb 18 18:36:37 IST 2026, 133 W
Wed Feb 18 18:36:37 IST 2026, 121 W
Wed Feb 18 18:36:37 IST 2026, 109 W
Wed Feb 18 18:36:37 IST 2026, 128 W
Wed Feb 18 18:36:37 IST 2026, 124 W
Wed Feb 18 18:36:37 IST 2026, 134 W
Wed Feb 18 18:36:38 IST 2026, 120 W
Wed Feb 18 18:36:38 IST 2026, 119 W
Wed Feb 18 18:36:38 IST 2026, 130 W
Wed Feb 18 18:36:38 IST 2026, 117 W
Wed Feb 18 18:36:38 IST 2026, 110 W
Wed Feb 18 18:36:38 IST 2026, 124 W
Wed Feb 18 18:36:38 IST 2026, 125 W
Wed Feb 18 18:36:38 IST 2026, 127 W
Wed Feb 18 18:36:39 IST 2026, 114 W
Wed Feb 18 18:36:39 IST 2026, 116 W
Wed Feb 18 18:36:39 IST 2026, 129 W
Wed Feb 18 18:36:39 IST 2026, 116 W
Wed Feb 18 18:36:39 IST 2026, 108 W
Wed Feb 18 18:36:39 IST 2026, 121 W
Wed Feb 18 18:36:39 IST 2026, 119 W
Wed Feb 18 18:36:39 IST 2026, 134 W
Wed Feb 18 18:36:40 IST 2026, 120 W
Wed Feb 18 18:36:40 IST 2026, 117 W
Wed Feb 18 18:36:40 IST 2026, 134 W
Wed Feb 18 18:36:40 IST 2026, 121 W
Wed Feb 18 18:36:40 IST 2026, 106 W
Wed Feb 18 18:36:40 IST 2026, 131 W
Wed Feb 18 18:36:40 IST 2026, 123 W
Wed Feb 18 18:36:40 IST 2026, 137 W
Wed Feb 18 18:36:41 IST 2026, 120 W
Wed Feb 18 18:36:41 IST 2026, 121 W
Wed Feb 18 18:36:41 IST 2026, 135 W
Wed Feb 18 18:36:41 IST 2026, 121 W
Wed Feb 18 18:36:41 IST 2026, 114 W
Wed Feb 18 18:36:41 IST 2026, 131 W
Wed Feb 18 18:36:41 IST 2026, 128 W
Wed Feb 18 18:36:41 IST 2026, 147 W
Wed Feb 18 18:36:42 IST 2026, 124 W
Wed Feb 18 18:36:42 IST 2026, 123 W
Wed Feb 18 18:36:42 IST 2026, 132 W
Wed Feb 18 18:36:42 IST 2026, 126 W
Wed Feb 18 18:36:42 IST 2026, 111 W
Wed Feb 18 18:36:42 IST 2026, 130 W
Wed Feb 18 18:36:42 IST 2026, 126 W
Wed Feb 18 18:36:42 IST 2026, 130 W
Wed Feb 18 18:36:43 IST 2026, 122 W
Wed Feb 18 18:36:43 IST 2026, 121 W
Wed Feb 18 18:36:43 IST 2026, 135 W
Wed Feb 18 18:36:43 IST 2026, 125 W
Wed Feb 18 18:36:43 IST 2026, 111 W
Wed Feb 18 18:36:43 IST 2026, 128 W
Wed Feb 18 18:36:43 IST 2026, 126 W
Wed Feb 18 18:36:43 IST 2026, 136 W
Wed Feb 18 18:36:44 IST 2026, 122 W
Wed Feb 18 18:36:44 IST 2026, 119 W
Wed Feb 18 18:36:44 IST 2026, 138 W
Wed Feb 18 18:36:44 IST 2026, 124 W
Wed Feb 18 18:36:44 IST 2026, 106 W
Wed Feb 18 18:36:44 IST 2026, 124 W
Wed Feb 18 18:36:44 IST 2026, 123 W
Wed Feb 18 18:36:44 IST 2026, 138 W
Wed Feb 18 18:36:45 IST 2026, 116 W
Wed Feb 18 18:36:45 IST 2026, 116 W
Wed Feb 18 18:36:45 IST 2026, 134 W
Wed Feb 18 18:36:45 IST 2026, 118 W
Wed Feb 18 18:36:45 IST 2026, 109 W
Wed Feb 18 18:36:45 IST 2026, 119 W
Wed Feb 18 18:36:45 IST 2026, 119 W
Wed Feb 18 18:36:45 IST 2026, 126 W
Wed Feb 18 18:36:46 IST 2026, 121 W
Wed Feb 18 18:36:46 IST 2026, 115 W
Wed Feb 18 18:36:46 IST 2026, 126 W
Wed Feb 18 18:36:46 IST 2026, 117 W
Wed Feb 18 18:36:46 IST 2026, 103 W
Wed Feb 18 18:36:46 IST 2026, 122 W
Wed Feb 18 18:36:46 IST 2026, 118 W
Wed Feb 18 18:36:46 IST 2026, 131 W
Wed Feb 18 18:36:47 IST 2026, 126 W
Wed Feb 18 18:36:47 IST 2026, 117 W
Wed Feb 18 18:36:47 IST 2026, 131 W
Wed Feb 18 18:36:47 IST 2026, 117 W
Wed Feb 18 18:36:47 IST 2026, 105 W
Wed Feb 18 18:36:47 IST 2026, 124 W
Wed Feb 18 18:36:47 IST 2026, 124 W
Wed Feb 18 18:36:47 IST 2026, 132 W
Wed Feb 18 18:36:48 IST 2026, 115 W
Wed Feb 18 18:36:48 IST 2026, 123 W
Wed Feb 18 18:36:48 IST 2026, 124 W
Wed Feb 18 18:36:48 IST 2026, 117 W
Wed Feb 18 18:36:48 IST 2026, 114 W
Wed Feb 18 18:36:48 IST 2026, 125 W
Wed Feb 18 18:36:48 IST 2026, 119 W
Wed Feb 18 18:36:48 IST 2026, 132 W
Wed Feb 18 18:36:49 IST 2026, 121 W
Wed Feb 18 18:36:49 IST 2026, 121 W
Wed Feb 18 18:36:49 IST 2026, 131 W
Wed Feb 18 18:36:49 IST 2026, 123 W
Wed Feb 18 18:36:49 IST 2026, 114 W
Wed Feb 18 18:36:49 IST 2026, 128 W
Wed Feb 18 18:36:49 IST 2026, 127 W
Wed Feb 18 18:36:49 IST 2026, 135 W
Wed Feb 18 18:36:50 IST 2026, 124 W
Wed Feb 18 18:36:50 IST 2026, 123 W
Wed Feb 18 18:36:50 IST 2026, 134 W
Wed Feb 18 18:36:50 IST 2026, 122 W
Wed Feb 18 18:36:50 IST 2026, 114 W
Wed Feb 18 18:36:50 IST 2026, 132 W
Wed Feb 18 18:36:50 IST 2026, 130 W
Wed Feb 18 18:36:50 IST 2026, 133 W
Wed Feb 18 18:36:51 IST 2026, 126 W
Wed Feb 18 18:36:51 IST 2026, 122 W
Wed Feb 18 18:36:51 IST 2026, 135 W
Wed Feb 18 18:36:51 IST 2026, 125 W
Wed Feb 18 18:36:51 IST 2026, 111 W
Wed Feb 18 18:36:51 IST 2026, 128 W
Wed Feb 18 18:36:51 IST 2026, 126 W
Wed Feb 18 18:36:51 IST 2026, 141 W
Wed Feb 18 18:36:52 IST 2026, 120 W
Wed Feb 18 18:36:52 IST 2026, 119 W
Wed Feb 18 18:36:52 IST 2026, 125 W
Wed Feb 18 18:36:52 IST 2026, 123 W
Wed Feb 18 18:36:52 IST 2026, 104 W
Wed Feb 18 18:36:52 IST 2026, 121 W
Wed Feb 18 18:36:52 IST 2026, 111 W
Wed Feb 18 18:36:52 IST 2026, 137 W
Wed Feb 18 18:36:53 IST 2026, 121 W
Wed Feb 18 18:36:53 IST 2026, 120 W
Wed Feb 18 18:36:53 IST 2026, 129 W
Wed Feb 18 18:36:53 IST 2026, 121 W
Wed Feb 18 18:36:53 IST 2026, 109 W
Wed Feb 18 18:36:53 IST 2026, 127 W
Wed Feb 18 18:36:53 IST 2026, 117 W
Wed Feb 18 18:36:53 IST 2026, 134 W
Wed Feb 18 18:36:54 IST 2026, 124 W
Wed Feb 18 18:36:54 IST 2026, 120 W
Wed Feb 18 18:36:54 IST 2026, 130 W
Wed Feb 18 18:36:54 IST 2026, 121 W
Wed Feb 18 18:36:54 IST 2026, 105 W
Wed Feb 18 18:36:54 IST 2026, 125 W
Wed Feb 18 18:36:54 IST 2026, 123 W
Wed Feb 18 18:36:54 IST 2026, 141 W
Wed Feb 18 18:36:55 IST 2026, 124 W
Wed Feb 18 18:36:55 IST 2026, 120 W
Wed Feb 18 18:36:55 IST 2026, 141 W
Wed Feb 18 18:36:55 IST 2026, 127 W
Wed Feb 18 18:36:55 IST 2026, 117 W
Wed Feb 18 18:36:55 IST 2026, 125 W
Wed Feb 18 18:36:55 IST 2026, 127 W
Wed Feb 18 18:36:55 IST 2026, 142 W
Wed Feb 18 18:36:56 IST 2026, 120 W
Wed Feb 18 18:36:56 IST 2026, 123 W
Wed Feb 18 18:36:56 IST 2026, 131 W
Wed Feb 18 18:36:56 IST 2026, 121 W
Wed Feb 18 18:36:56 IST 2026, 109 W
Wed Feb 18 18:36:56 IST 2026, 128 W
Wed Feb 18 18:36:56 IST 2026, 123 W
Wed Feb 18 18:36:56 IST 2026, 144 W
Wed Feb 18 18:36:57 IST 2026, 126 W
Wed Feb 18 18:36:57 IST 2026, 123 W
Wed Feb 18 18:36:57 IST 2026, 126 W
Wed Feb 18 18:36:57 IST 2026, 121 W
Wed Feb 18 18:36:57 IST 2026, 112 W
Wed Feb 18 18:36:57 IST 2026, 127 W
Wed Feb 18 18:36:57 IST 2026, 128 W
Wed Feb 18 18:36:57 IST 2026, 144 W
Wed Feb 18 18:36:58 IST 2026, 119 W
Wed Feb 18 18:36:58 IST 2026, 115 W
Wed Feb 18 18:36:58 IST 2026, 130 W
Wed Feb 18 18:36:58 IST 2026, 122 W
Wed Feb 18 18:36:58 IST 2026, 115 W
Wed Feb 18 18:36:58 IST 2026, 124 W
Wed Feb 18 18:36:58 IST 2026, 124 W
Wed Feb 18 18:36:58 IST 2026, 134 W
Wed Feb 18 18:36:59 IST 2026, 112 W
Wed Feb 18 18:36:59 IST 2026, 116 W
Wed Feb 18 18:36:59 IST 2026, 129 W
Wed Feb 18 18:36:59 IST 2026, 122 W
Wed Feb 18 18:36:59 IST 2026, 105 W
Wed Feb 18 18:36:59 IST 2026, 122 W
Wed Feb 18 18:36:59 IST 2026, 124 W
Wed Feb 18 18:36:59 IST 2026, 136 W
Wed Feb 18 18:37:00 IST 2026, 118 W
Wed Feb 18 18:37:00 IST 2026, 114 W
Wed Feb 18 18:37:00 IST 2026, 124 W
Wed Feb 18 18:37:00 IST 2026, 115 W
Wed Feb 18 18:37:00 IST 2026, 102 W
Wed Feb 18 18:37:00 IST 2026, 118 W
Wed Feb 18 18:37:00 IST 2026, 113 W
Wed Feb 18 18:37:00 IST 2026, 133 W
Wed Feb 18 18:37:01 IST 2026, 120 W
Wed Feb 18 18:37:01 IST 2026, 116 W
Wed Feb 18 18:37:01 IST 2026, 132 W
Wed Feb 18 18:37:01 IST 2026, 120 W
Wed Feb 18 18:37:01 IST 2026, 105 W
Wed Feb 18 18:37:01 IST 2026, 126 W
Wed Feb 18 18:37:01 IST 2026, 114 W
Wed Feb 18 18:37:01 IST 2026, 141 W
Wed Feb 18 18:37:02 IST 2026, 117 W
Wed Feb 18 18:37:02 IST 2026, 112 W
Wed Feb 18 18:37:02 IST 2026, 121 W
Wed Feb 18 18:37:02 IST 2026, 129 W
Wed Feb 18 18:37:02 IST 2026, 106 W
Wed Feb 18 18:37:02 IST 2026, 118 W
Wed Feb 18 18:37:02 IST 2026, 114 W
Wed Feb 18 18:37:02 IST 2026, 131 W
Wed Feb 18 18:37:03 IST 2026, 113 W
Wed Feb 18 18:37:03 IST 2026, 114 W
Wed Feb 18 18:37:03 IST 2026, 120 W
Wed Feb 18 18:37:03 IST 2026, 114 W
Wed Feb 18 18:37:03 IST 2026, 106 W
Wed Feb 18 18:37:03 IST 2026, 116 W
Wed Feb 18 18:37:03 IST 2026, 110 W
Wed Feb 18 18:37:03 IST 2026, 135 W
Wed Feb 18 18:37:04 IST 2026, 119 W
Wed Feb 18 18:37:04 IST 2026, 118 W
Wed Feb 18 18:37:04 IST 2026, 133 W
Wed Feb 18 18:37:04 IST 2026, 121 W
Wed Feb 18 18:37:04 IST 2026, 109 W
Wed Feb 18 18:37:04 IST 2026, 124 W
Wed Feb 18 18:37:04 IST 2026, 124 W
Wed Feb 18 18:37:04 IST 2026, 144 W
Wed Feb 18 18:37:05 IST 2026, 124 W
Wed Feb 18 18:37:05 IST 2026, 122 W
Wed Feb 18 18:37:05 IST 2026, 128 W
Wed Feb 18 18:37:05 IST 2026, 123 W
Wed Feb 18 18:37:05 IST 2026, 111 W
Wed Feb 18 18:37:05 IST 2026, 126 W
Wed Feb 18 18:37:05 IST 2026, 132 W
Wed Feb 18 18:37:05 IST 2026, 139 W
Wed Feb 18 18:37:06 IST 2026, 121 W
Wed Feb 18 18:37:06 IST 2026, 121 W
Wed Feb 18 18:37:06 IST 2026, 127 W
Wed Feb 18 18:37:06 IST 2026, 123 W
Wed Feb 18 18:37:06 IST 2026, 108 W
Wed Feb 18 18:37:06 IST 2026, 119 W
Wed Feb 18 18:37:06 IST 2026, 125 W
Wed Feb 18 18:37:06 IST 2026, 132 W
Wed Feb 18 18:37:07 IST 2026, 120 W
Wed Feb 18 18:37:07 IST 2026, 116 W
Wed Feb 18 18:37:07 IST 2026, 131 W
Wed Feb 18 18:37:07 IST 2026, 121 W
Wed Feb 18 18:37:07 IST 2026, 105 W
Wed Feb 18 18:37:07 IST 2026, 120 W
Wed Feb 18 18:37:07 IST 2026, 126 W
Wed Feb 18 18:37:07 IST 2026, 137 W
Wed Feb 18 18:37:08 IST 2026, 123 W
Wed Feb 18 18:37:08 IST 2026, 118 W
Wed Feb 18 18:37:08 IST 2026, 132 W
Wed Feb 18 18:37:08 IST 2026, 122 W
Wed Feb 18 18:37:08 IST 2026, 109 W
Wed Feb 18 18:37:08 IST 2026, 127 W
Wed Feb 18 18:37:08 IST 2026, 125 W
Wed Feb 18 18:37:08 IST 2026, 142 W
Wed Feb 18 18:37:09 IST 2026, 124 W
Wed Feb 18 18:37:09 IST 2026, 121 W
Wed Feb 18 18:37:09 IST 2026, 130 W
Wed Feb 18 18:37:09 IST 2026, 125 W
Wed Feb 18 18:37:09 IST 2026, 108 W
Wed Feb 18 18:37:09 IST 2026, 129 W
Wed Feb 18 18:37:09 IST 2026, 128 W
Wed Feb 18 18:37:09 IST 2026, 138 W
Wed Feb 18 18:37:10 IST 2026, 124 W
Wed Feb 18 18:37:10 IST 2026, 122 W
Wed Feb 18 18:37:10 IST 2026, 132 W
Wed Feb 18 18:37:10 IST 2026, 128 W
Wed Feb 18 18:37:10 IST 2026, 115 W
Wed Feb 18 18:37:10 IST 2026, 129 W
Wed Feb 18 18:37:10 IST 2026, 128 W
Wed Feb 18 18:37:10 IST 2026, 143 W
Wed Feb 18 18:37:11 IST 2026, 128 W
Wed Feb 18 18:37:11 IST 2026, 119 W
Wed Feb 18 18:37:11 IST 2026, 138 W
Wed Feb 18 18:37:11 IST 2026, 127 W
Wed Feb 18 18:37:11 IST 2026, 115 W
Wed Feb 18 18:37:11 IST 2026, 131 W
Wed Feb 18 18:37:11 IST 2026, 133 W
Wed Feb 18 18:37:11 IST 2026, 145 W
Wed Feb 18 18:37:12 IST 2026, 129 W
Wed Feb 18 18:37:12 IST 2026, 127 W
Wed Feb 18 18:37:12 IST 2026, 139 W
Wed Feb 18 18:37:12 IST 2026, 125 W
Wed Feb 18 18:37:12 IST 2026, 111 W
Wed Feb 18 18:37:12 IST 2026, 132 W
Wed Feb 18 18:37:12 IST 2026, 130 W
Wed Feb 18 18:37:12 IST 2026, 144 W
Wed Feb 18 18:37:13 IST 2026, 123 W
Wed Feb 18 18:37:13 IST 2026, 118 W
Wed Feb 18 18:37:13 IST 2026, 132 W
Wed Feb 18 18:37:13 IST 2026, 123 W
Wed Feb 18 18:37:13 IST 2026, 107 W
Wed Feb 18 18:37:13 IST 2026, 124 W
Wed Feb 18 18:37:13 IST 2026, 128 W
Wed Feb 18 18:37:13 IST 2026, 142 W
Wed Feb 18 18:37:14 IST 2026, 121 W
Wed Feb 18 18:37:14 IST 2026, 119 W
Wed Feb 18 18:37:14 IST 2026, 138 W
Wed Feb 18 18:37:14 IST 2026, 121 W
Wed Feb 18 18:37:14 IST 2026, 102 W
Wed Feb 18 18:37:14 IST 2026, 124 W
Wed Feb 18 18:37:14 IST 2026, 132 W
Wed Feb 18 18:37:14 IST 2026, 141 W
Wed Feb 18 18:37:15 IST 2026, 129 W
Wed Feb 18 18:37:15 IST 2026, 121 W
Wed Feb 18 18:37:15 IST 2026, 132 W
Wed Feb 18 18:37:15 IST 2026, 121 W
Wed Feb 18 18:37:15 IST 2026, 100 W
Wed Feb 18 18:37:15 IST 2026, 126 W
Wed Feb 18 18:37:15 IST 2026, 128 W
Wed Feb 18 18:37:15 IST 2026, 147 W
Wed Feb 18 18:37:16 IST 2026, 127 W
Wed Feb 18 18:37:16 IST 2026, 119 W
Wed Feb 18 18:37:16 IST 2026, 127 W
Wed Feb 18 18:37:16 IST 2026, 117 W
Wed Feb 18 18:37:16 IST 2026, 102 W
Wed Feb 18 18:37:16 IST 2026, 127 W
Wed Feb 18 18:37:16 IST 2026, 125 W
Wed Feb 18 18:37:16 IST 2026, 138 W
Wed Feb 18 18:37:17 IST 2026, 127 W
Wed Feb 18 18:37:17 IST 2026, 122 W
Wed Feb 18 18:37:17 IST 2026, 124 W
Wed Feb 18 18:37:17 IST 2026, 122 W
Wed Feb 18 18:37:17 IST 2026, 109 W
Wed Feb 18 18:37:17 IST 2026, 125 W
Wed Feb 18 18:37:17 IST 2026, 126 W
Wed Feb 18 18:37:17 IST 2026, 139 W
Wed Feb 18 18:37:18 IST 2026, 121 W
Wed Feb 18 18:37:18 IST 2026, 117 W
Wed Feb 18 18:37:18 IST 2026, 139 W
Wed Feb 18 18:37:18 IST 2026, 121 W
Wed Feb 18 18:37:18 IST 2026, 106 W
Wed Feb 18 18:37:18 IST 2026, 126 W
Wed Feb 18 18:37:18 IST 2026, 127 W
Wed Feb 18 18:37:18 IST 2026, 130 W
Wed Feb 18 18:37:19 IST 2026, 128 W
Wed Feb 18 18:37:19 IST 2026, 123 W
Wed Feb 18 18:37:19 IST 2026, 141 W
Wed Feb 18 18:37:19 IST 2026, 126 W
Wed Feb 18 18:37:19 IST 2026, 111 W
Wed Feb 18 18:37:19 IST 2026, 125 W
Wed Feb 18 18:37:19 IST 2026, 129 W
Wed Feb 18 18:37:19 IST 2026, 142 W
Wed Feb 18 18:37:20 IST 2026, 129 W
Wed Feb 18 18:37:20 IST 2026, 121 W
Wed Feb 18 18:37:20 IST 2026, 134 W
Wed Feb 18 18:37:20 IST 2026, 123 W
Wed Feb 18 18:37:20 IST 2026, 108 W
Wed Feb 18 18:37:20 IST 2026, 128 W
Wed Feb 18 18:37:20 IST 2026, 131 W
Wed Feb 18 18:37:20 IST 2026, 144 W
Wed Feb 18 18:37:21 IST 2026, 124 W
Wed Feb 18 18:37:21 IST 2026, 126 W
Wed Feb 18 18:37:21 IST 2026, 133 W
Wed Feb 18 18:37:21 IST 2026, 126 W
Wed Feb 18 18:37:21 IST 2026, 109 W
Wed Feb 18 18:37:21 IST 2026, 129 W
Wed Feb 18 18:37:21 IST 2026, 131 W
Wed Feb 18 18:37:21 IST 2026, 142 W
Wed Feb 18 18:37:22 IST 2026, 109 W
Wed Feb 18 18:37:22 IST 2026, 121 W
Wed Feb 18 18:37:22 IST 2026, 130 W
Wed Feb 18 18:37:22 IST 2026, 118 W
Wed Feb 18 18:37:22 IST 2026, 109 W
Wed Feb 18 18:37:22 IST 2026, 124 W
Wed Feb 18 18:37:22 IST 2026, 128 W
Wed Feb 18 18:37:22 IST 2026, 139 W
Wed Feb 18 18:37:23 IST 2026, 123 W
Wed Feb 18 18:37:23 IST 2026, 121 W
Wed Feb 18 18:37:23 IST 2026, 132 W
Wed Feb 18 18:37:23 IST 2026, 123 W
Wed Feb 18 18:37:23 IST 2026, 107 W
Wed Feb 18 18:37:23 IST 2026, 129 W
Wed Feb 18 18:37:23 IST 2026, 128 W
Wed Feb 18 18:37:23 IST 2026, 142 W
Wed Feb 18 18:37:24 IST 2026, 121 W
Wed Feb 18 18:37:24 IST 2026, 128 W
Wed Feb 18 18:37:24 IST 2026, 146 W
Wed Feb 18 18:37:24 IST 2026, 128 W
Wed Feb 18 18:37:24 IST 2026, 115 W
Wed Feb 18 18:37:24 IST 2026, 133 W
Wed Feb 18 18:37:24 IST 2026, 135 W
Wed Feb 18 18:37:24 IST 2026, 152 W
Wed Feb 18 18:37:25 IST 2026, 117 W
Wed Feb 18 18:37:25 IST 2026, 119 W
Wed Feb 18 18:37:25 IST 2026, 134 W
Wed Feb 18 18:37:25 IST 2026, 121 W
Wed Feb 18 18:37:25 IST 2026, 101 W
Wed Feb 18 18:37:25 IST 2026, 125 W
Wed Feb 18 18:37:25 IST 2026, 125 W
Wed Feb 18 18:37:25 IST 2026, 138 W
Wed Feb 18 18:37:26 IST 2026, 131 W
Wed Feb 18 18:37:26 IST 2026, 119 W
Wed Feb 18 18:37:26 IST 2026, 133 W
Wed Feb 18 18:37:26 IST 2026, 122 W
Wed Feb 18 18:37:26 IST 2026, 104 W
Wed Feb 18 18:37:26 IST 2026, 130 W
Wed Feb 18 18:37:26 IST 2026, 131 W
Wed Feb 18 18:37:26 IST 2026, 137 W
Wed Feb 18 18:37:27 IST 2026, 124 W
Wed Feb 18 18:37:27 IST 2026, 120 W
Wed Feb 18 18:37:27 IST 2026, 135 W
Wed Feb 18 18:37:27 IST 2026, 121 W
Wed Feb 18 18:37:27 IST 2026, 102 W
Wed Feb 18 18:37:27 IST 2026, 131 W
Wed Feb 18 18:37:27 IST 2026, 126 W
Wed Feb 18 18:37:27 IST 2026, 143 W
Wed Feb 18 18:37:28 IST 2026, 122 W
Wed Feb 18 18:37:28 IST 2026, 119 W
Wed Feb 18 18:37:28 IST 2026, 130 W
Wed Feb 18 18:37:28 IST 2026, 120 W
Wed Feb 18 18:37:28 IST 2026, 102 W
Wed Feb 18 18:37:28 IST 2026, 124 W
Wed Feb 18 18:37:28 IST 2026, 126 W
Wed Feb 18 18:37:28 IST 2026, 141 W
Wed Feb 18 18:37:29 IST 2026, 124 W
Wed Feb 18 18:37:29 IST 2026, 123 W
Wed Feb 18 18:37:29 IST 2026, 129 W
Wed Feb 18 18:37:29 IST 2026, 122 W
Wed Feb 18 18:37:29 IST 2026, 106 W
Wed Feb 18 18:37:29 IST 2026, 122 W
Wed Feb 18 18:37:29 IST 2026, 125 W
Wed Feb 18 18:37:29 IST 2026, 144 W
Wed Feb 18 18:37:30 IST 2026, 118 W
Wed Feb 18 18:37:30 IST 2026, 120 W
Wed Feb 18 18:37:30 IST 2026, 130 W
Wed Feb 18 18:37:30 IST 2026, 115 W
Wed Feb 18 18:37:30 IST 2026, 104 W
Wed Feb 18 18:37:30 IST 2026, 120 W
Wed Feb 18 18:37:30 IST 2026, 120 W
Wed Feb 18 18:37:30 IST 2026, 139 W
Wed Feb 18 18:37:31 IST 2026, 120 W
Wed Feb 18 18:37:31 IST 2026, 119 W
Wed Feb 18 18:37:31 IST 2026, 125 W
Wed Feb 18 18:37:31 IST 2026, 116 W
Wed Feb 18 18:37:31 IST 2026, 101 W
Wed Feb 18 18:37:31 IST 2026, 121 W
Wed Feb 18 18:37:31 IST 2026, 121 W
Wed Feb 18 18:37:31 IST 2026, 131 W
Wed Feb 18 18:37:32 IST 2026, 119 W
Wed Feb 18 18:37:32 IST 2026, 117 W
Wed Feb 18 18:37:32 IST 2026, 127 W
Wed Feb 18 18:37:32 IST 2026, 121 W
Wed Feb 18 18:37:32 IST 2026, 103 W
Wed Feb 18 18:37:32 IST 2026, 127 W
Wed Feb 18 18:37:32 IST 2026, 124 W
Wed Feb 18 18:37:32 IST 2026, 132 W
Wed Feb 18 18:37:33 IST 2026, 122 W
Wed Feb 18 18:37:33 IST 2026, 123 W
Wed Feb 18 18:37:33 IST 2026, 130 W
Wed Feb 18 18:37:33 IST 2026, 117 W
Wed Feb 18 18:37:33 IST 2026, 100 W
Wed Feb 18 18:37:33 IST 2026, 126 W
Wed Feb 18 18:37:33 IST 2026, 124 W
Wed Feb 18 18:37:33 IST 2026, 137 W
Wed Feb 18 18:37:34 IST 2026, 125 W
Wed Feb 18 18:37:34 IST 2026, 123 W
Wed Feb 18 18:37:34 IST 2026, 144 W
Wed Feb 18 18:37:34 IST 2026, 126 W
Wed Feb 18 18:37:34 IST 2026, 110 W
Wed Feb 18 18:37:34 IST 2026, 119 W
Wed Feb 18 18:37:34 IST 2026, 131 W
Wed Feb 18 18:37:34 IST 2026, 144 W
Wed Feb 18 18:37:35 IST 2026, 124 W
Wed Feb 18 18:37:35 IST 2026, 124 W
Wed Feb 18 18:37:35 IST 2026, 127 W
Wed Feb 18 18:37:35 IST 2026, 120 W
Wed Feb 18 18:37:35 IST 2026, 105 W
Wed Feb 18 18:37:35 IST 2026, 125 W
Wed Feb 18 18:37:35 IST 2026, 129 W
Wed Feb 18 18:37:35 IST 2026, 144 W
Wed Feb 18 18:37:36 IST 2026, 110 W
Wed Feb 18 18:37:36 IST 2026, 115 W
Wed Feb 18 18:37:36 IST 2026, 125 W
Wed Feb 18 18:37:36 IST 2026, 112 W
Wed Feb 18 18:37:36 IST 2026, 100 W
Wed Feb 18 18:37:36 IST 2026, 116 W
Wed Feb 18 18:37:36 IST 2026, 110 W
Wed Feb 18 18:37:36 IST 2026, 133 W
Wed Feb 18 18:37:37 IST 2026, 122 W
Wed Feb 18 18:37:37 IST 2026, 121 W
Wed Feb 18 18:37:37 IST 2026, 126 W
Wed Feb 18 18:37:37 IST 2026, 120 W
Wed Feb 18 18:37:37 IST 2026, 110 W
Wed Feb 18 18:37:37 IST 2026, 129 W
Wed Feb 18 18:37:37 IST 2026, 128 W
Wed Feb 18 18:37:37 IST 2026, 129 W
Wed Feb 18 18:37:38 IST 2026, 109 W
Wed Feb 18 18:37:38 IST 2026, 125 W
Wed Feb 18 18:37:38 IST 2026, 133 W
Wed Feb 18 18:37:38 IST 2026, 120 W
Wed Feb 18 18:37:38 IST 2026, 111 W
Wed Feb 18 18:37:38 IST 2026, 127 W
Wed Feb 18 18:37:38 IST 2026, 129 W
Wed Feb 18 18:37:38 IST 2026, 142 W
Wed Feb 18 18:37:39 IST 2026, 118 W
Wed Feb 18 18:37:39 IST 2026, 122 W
Wed Feb 18 18:37:39 IST 2026, 135 W
Wed Feb 18 18:37:39 IST 2026, 118 W
Wed Feb 18 18:37:39 IST 2026, 111 W
Wed Feb 18 18:37:39 IST 2026, 127 W
Wed Feb 18 18:37:39 IST 2026, 125 W
Wed Feb 18 18:37:39 IST 2026, 144 W
Wed Feb 18 18:37:40 IST 2026, 116 W
Wed Feb 18 18:37:40 IST 2026, 120 W
Wed Feb 18 18:37:40 IST 2026, 134 W
Wed Feb 18 18:37:40 IST 2026, 118 W
Wed Feb 18 18:37:40 IST 2026, 109 W
Wed Feb 18 18:37:40 IST 2026, 125 W
Wed Feb 18 18:37:40 IST 2026, 118 W
Wed Feb 18 18:37:40 IST 2026, 143 W
Wed Feb 18 18:37:41 IST 2026, 121 W
Wed Feb 18 18:37:41 IST 2026, 122 W
Wed Feb 18 18:37:41 IST 2026, 132 W
Wed Feb 18 18:37:41 IST 2026, 122 W
Wed Feb 18 18:37:41 IST 2026, 107 W
Wed Feb 18 18:37:41 IST 2026, 125 W
Wed Feb 18 18:37:41 IST 2026, 128 W
Wed Feb 18 18:37:41 IST 2026, 137 W
Wed Feb 18 18:37:42 IST 2026, 128 W
Wed Feb 18 18:37:42 IST 2026, 132 W
Wed Feb 18 18:37:42 IST 2026, 140 W
Wed Feb 18 18:37:42 IST 2026, 123 W
Wed Feb 18 18:37:42 IST 2026, 106 W
Wed Feb 18 18:37:42 IST 2026, 128 W
Wed Feb 18 18:37:42 IST 2026, 131 W
Wed Feb 18 18:37:42 IST 2026, 142 W
Wed Feb 18 18:37:43 IST 2026, 125 W
Wed Feb 18 18:37:43 IST 2026, 123 W
Wed Feb 18 18:37:43 IST 2026, 135 W
Wed Feb 18 18:37:43 IST 2026, 117 W
Wed Feb 18 18:37:43 IST 2026, 106 W
Wed Feb 18 18:37:43 IST 2026, 129 W
Wed Feb 18 18:37:43 IST 2026, 126 W
Wed Feb 18 18:37:43 IST 2026, 144 W
Wed Feb 18 18:37:44 IST 2026, 123 W
Wed Feb 18 18:37:44 IST 2026, 120 W
Wed Feb 18 18:37:44 IST 2026, 124 W
Wed Feb 18 18:37:44 IST 2026, 117 W
Wed Feb 18 18:37:44 IST 2026, 113 W
Wed Feb 18 18:37:44 IST 2026, 124 W
Wed Feb 18 18:37:44 IST 2026, 118 W
Wed Feb 18 18:37:44 IST 2026, 146 W
Wed Feb 18 18:37:45 IST 2026, 114 W
Wed Feb 18 18:37:45 IST 2026, 115 W
Wed Feb 18 18:37:45 IST 2026, 122 W
Wed Feb 18 18:37:45 IST 2026, 117 W
Wed Feb 18 18:37:45 IST 2026, 99 W
Wed Feb 18 18:37:45 IST 2026, 117 W
Wed Feb 18 18:37:45 IST 2026, 112 W
Wed Feb 18 18:37:45 IST 2026, 129 W
Wed Feb 18 18:37:46 IST 2026, 120 W
Wed Feb 18 18:37:46 IST 2026, 119 W
Wed Feb 18 18:37:46 IST 2026, 126 W
Wed Feb 18 18:37:46 IST 2026, 115 W
Wed Feb 18 18:37:46 IST 2026, 110 W
Wed Feb 18 18:37:46 IST 2026, 125 W
Wed Feb 18 18:37:46 IST 2026, 117 W
Wed Feb 18 18:37:46 IST 2026, 137 W
Wed Feb 18 18:37:47 IST 2026, 117 W
Wed Feb 18 18:37:47 IST 2026, 118 W
Wed Feb 18 18:37:47 IST 2026, 129 W
Wed Feb 18 18:37:47 IST 2026, 120 W
Wed Feb 18 18:37:47 IST 2026, 97 W
Wed Feb 18 18:37:47 IST 2026, 122 W
Wed Feb 18 18:37:47 IST 2026, 127 W
Wed Feb 18 18:37:47 IST 2026, 134 W
Wed Feb 18 18:37:48 IST 2026, 121 W
Wed Feb 18 18:37:48 IST 2026, 120 W
Wed Feb 18 18:37:48 IST 2026, 134 W
Wed Feb 18 18:37:48 IST 2026, 121 W
Wed Feb 18 18:37:48 IST 2026, 105 W
Wed Feb 18 18:37:48 IST 2026, 127 W
Wed Feb 18 18:37:48 IST 2026, 124 W
Wed Feb 18 18:37:48 IST 2026, 137 W
Wed Feb 18 18:37:49 IST 2026, 122 W
Wed Feb 18 18:37:49 IST 2026, 117 W
Wed Feb 18 18:37:49 IST 2026, 128 W
Wed Feb 18 18:37:49 IST 2026, 118 W
Wed Feb 18 18:37:49 IST 2026, 104 W
Wed Feb 18 18:37:49 IST 2026, 123 W
Wed Feb 18 18:37:49 IST 2026, 125 W
Wed Feb 18 18:37:49 IST 2026, 140 W
Wed Feb 18 18:37:50 IST 2026, 121 W
Wed Feb 18 18:37:50 IST 2026, 118 W
Wed Feb 18 18:37:50 IST 2026, 132 W
Wed Feb 18 18:37:50 IST 2026, 121 W
Wed Feb 18 18:37:50 IST 2026, 104 W
Wed Feb 18 18:37:50 IST 2026, 126 W
Wed Feb 18 18:37:50 IST 2026, 121 W
Wed Feb 18 18:37:50 IST 2026, 137 W
Wed Feb 18 18:37:51 IST 2026, 116 W
Wed Feb 18 18:37:51 IST 2026, 117 W
Wed Feb 18 18:37:51 IST 2026, 126 W
Wed Feb 18 18:37:51 IST 2026, 118 W
Wed Feb 18 18:37:51 IST 2026, 103 W
Wed Feb 18 18:37:51 IST 2026, 122 W
Wed Feb 18 18:37:51 IST 2026, 113 W
Wed Feb 18 18:37:51 IST 2026, 135 W
Wed Feb 18 18:37:52 IST 2026, 125 W
Wed Feb 18 18:37:52 IST 2026, 121 W
Wed Feb 18 18:37:52 IST 2026, 134 W
Wed Feb 18 18:37:52 IST 2026, 119 W
Wed Feb 18 18:37:52 IST 2026, 111 W
Wed Feb 18 18:37:52 IST 2026, 114 W
Wed Feb 18 18:37:52 IST 2026, 126 W
Wed Feb 18 18:37:52 IST 2026, 139 W
Wed Feb 18 18:37:53 IST 2026, 119 W
Wed Feb 18 18:37:53 IST 2026, 118 W
Wed Feb 18 18:37:53 IST 2026, 133 W
Wed Feb 18 18:37:53 IST 2026, 121 W
Wed Feb 18 18:37:53 IST 2026, 109 W
Wed Feb 18 18:37:53 IST 2026, 122 W
Wed Feb 18 18:37:53 IST 2026, 122 W
Wed Feb 18 18:37:53 IST 2026, 139 W
Wed Feb 18 18:37:54 IST 2026, 122 W
Wed Feb 18 18:37:54 IST 2026, 123 W
Wed Feb 18 18:37:54 IST 2026, 136 W
Wed Feb 18 18:37:54 IST 2026, 120 W
Wed Feb 18 18:37:54 IST 2026, 108 W
Wed Feb 18 18:37:54 IST 2026, 125 W
Wed Feb 18 18:37:54 IST 2026, 122 W
Wed Feb 18 18:37:54 IST 2026, 140 W
Wed Feb 18 18:37:55 IST 2026, 122 W
Wed Feb 18 18:37:55 IST 2026, 116 W
Wed Feb 18 18:37:55 IST 2026, 135 W
Wed Feb 18 18:37:55 IST 2026, 121 W
Wed Feb 18 18:37:55 IST 2026, 113 W
Wed Feb 18 18:37:55 IST 2026, 124 W
Wed Feb 18 18:37:55 IST 2026, 129 W
Wed Feb 18 18:37:55 IST 2026, 148 W
Wed Feb 18 18:37:56 IST 2026, 117 W
Wed Feb 18 18:37:56 IST 2026, 117 W
Wed Feb 18 18:37:56 IST 2026, 130 W
Wed Feb 18 18:37:56 IST 2026, 120 W
Wed Feb 18 18:37:56 IST 2026, 108 W
Wed Feb 18 18:37:56 IST 2026, 125 W
Wed Feb 18 18:37:56 IST 2026, 124 W
Wed Feb 18 18:37:56 IST 2026, 137 W
Wed Feb 18 18:37:57 IST 2026, 115 W
Wed Feb 18 18:37:57 IST 2026, 115 W
Wed Feb 18 18:37:57 IST 2026, 128 W
Wed Feb 18 18:37:57 IST 2026, 117 W
Wed Feb 18 18:37:57 IST 2026, 106 W
Wed Feb 18 18:37:57 IST 2026, 121 W
Wed Feb 18 18:37:57 IST 2026, 116 W
Wed Feb 18 18:37:57 IST 2026, 127 W
Wed Feb 18 18:37:58 IST 2026, 118 W
Wed Feb 18 18:37:58 IST 2026, 114 W
Wed Feb 18 18:37:58 IST 2026, 132 W
Wed Feb 18 18:37:58 IST 2026, 120 W
Wed Feb 18 18:37:58 IST 2026, 107 W
Wed Feb 18 18:37:58 IST 2026, 121 W
Wed Feb 18 18:37:58 IST 2026, 124 W
Wed Feb 18 18:37:58 IST 2026, 141 W
Wed Feb 18 18:37:59 IST 2026, 109 W
Wed Feb 18 18:37:59 IST 2026, 117 W
Wed Feb 18 18:37:59 IST 2026, 132 W
Wed Feb 18 18:37:59 IST 2026, 117 W
Wed Feb 18 18:37:59 IST 2026, 106 W
Wed Feb 18 18:37:59 IST 2026, 121 W
Wed Feb 18 18:37:59 IST 2026, 124 W
Wed Feb 18 18:37:59 IST 2026, 132 W
Wed Feb 18 18:38:00 IST 2026, 120 W
Wed Feb 18 18:38:00 IST 2026, 121 W
Wed Feb 18 18:38:00 IST 2026, 125 W
Wed Feb 18 18:38:00 IST 2026, 115 W
Wed Feb 18 18:38:00 IST 2026, 105 W
Wed Feb 18 18:38:00 IST 2026, 117 W
Wed Feb 18 18:38:00 IST 2026, 122 W
Wed Feb 18 18:38:00 IST 2026, 141 W
Wed Feb 18 18:38:01 IST 2026, 124 W
Wed Feb 18 18:38:01 IST 2026, 119 W
Wed Feb 18 18:38:01 IST 2026, 131 W
Wed Feb 18 18:38:01 IST 2026, 119 W
Wed Feb 18 18:38:01 IST 2026, 104 W
Wed Feb 18 18:38:01 IST 2026, 125 W
Wed Feb 18 18:38:01 IST 2026, 125 W
Wed Feb 18 18:38:01 IST 2026, 141 W
Wed Feb 18 18:38:02 IST 2026, 123 W
Wed Feb 18 18:38:02 IST 2026, 117 W
Wed Feb 18 18:38:02 IST 2026, 126 W
Wed Feb 18 18:38:02 IST 2026, 120 W
Wed Feb 18 18:38:02 IST 2026, 105 W
Wed Feb 18 18:38:02 IST 2026, 122 W
Wed Feb 18 18:38:02 IST 2026, 124 W
Wed Feb 18 18:38:02 IST 2026, 139 W
Wed Feb 18 18:38:03 IST 2026, 121 W
Wed Feb 18 18:38:03 IST 2026, 119 W
Wed Feb 18 18:38:03 IST 2026, 132 W
Wed Feb 18 18:38:03 IST 2026, 119 W
Wed Feb 18 18:38:03 IST 2026, 107 W
Wed Feb 18 18:38:03 IST 2026, 124 W
Wed Feb 18 18:38:03 IST 2026, 115 W
Wed Feb 18 18:38:03 IST 2026, 142 W
Wed Feb 18 18:38:04 IST 2026, 121 W
Wed Feb 18 18:38:04 IST 2026, 112 W
Wed Feb 18 18:38:04 IST 2026, 131 W
Wed Feb 18 18:38:04 IST 2026, 115 W
Wed Feb 18 18:38:04 IST 2026, 105 W
Wed Feb 18 18:38:04 IST 2026, 119 W
Wed Feb 18 18:38:04 IST 2026, 115 W
Wed Feb 18 18:38:04 IST 2026, 141 W
Wed Feb 18 18:38:05 IST 2026, 114 W
Wed Feb 18 18:38:05 IST 2026, 126 W
Wed Feb 18 18:38:05 IST 2026, 134 W
Wed Feb 18 18:38:05 IST 2026, 121 W
Wed Feb 18 18:38:05 IST 2026, 114 W
Wed Feb 18 18:38:05 IST 2026, 130 W
Wed Feb 18 18:38:05 IST 2026, 133 W
Wed Feb 18 18:38:05 IST 2026, 143 W
Wed Feb 18 18:38:06 IST 2026, 123 W
Wed Feb 18 18:38:06 IST 2026, 122 W
Wed Feb 18 18:38:06 IST 2026, 136 W
Wed Feb 18 18:38:06 IST 2026, 120 W
Wed Feb 18 18:38:06 IST 2026, 108 W
Wed Feb 18 18:38:06 IST 2026, 126 W
Wed Feb 18 18:38:06 IST 2026, 126 W
Wed Feb 18 18:38:06 IST 2026, 137 W
Wed Feb 18 18:38:07 IST 2026, 124 W
Wed Feb 18 18:38:07 IST 2026, 120 W
Wed Feb 18 18:38:07 IST 2026, 139 W
Wed Feb 18 18:38:07 IST 2026, 120 W
Wed Feb 18 18:38:07 IST 2026, 112 W
Wed Feb 18 18:38:07 IST 2026, 123 W
Wed Feb 18 18:38:07 IST 2026, 132 W
Wed Feb 18 18:38:07 IST 2026, 136 W
Wed Feb 18 18:38:08 IST 2026, 123 W
Wed Feb 18 18:38:08 IST 2026, 121 W
Wed Feb 18 18:38:08 IST 2026, 128 W
Wed Feb 18 18:38:08 IST 2026, 120 W
Wed Feb 18 18:38:08 IST 2026, 105 W
Wed Feb 18 18:38:08 IST 2026, 126 W
Wed Feb 18 18:38:08 IST 2026, 126 W
Wed Feb 18 18:38:08 IST 2026, 137 W
Wed Feb 18 18:38:09 IST 2026, 117 W
Wed Feb 18 18:38:09 IST 2026, 114 W
Wed Feb 18 18:38:09 IST 2026, 134 W
Wed Feb 18 18:38:09 IST 2026, 134 W
Wed Feb 18 18:38:09 IST 2026, 106 W
Wed Feb 18 18:38:09 IST 2026, 122 W
Wed Feb 18 18:38:09 IST 2026, 119 W
Wed Feb 18 18:38:09 IST 2026, 137 W
Wed Feb 18 18:38:10 IST 2026, 121 W
Wed Feb 18 18:38:10 IST 2026, 119 W
Wed Feb 18 18:38:10 IST 2026, 134 W
Wed Feb 18 18:38:10 IST 2026, 118 W
Wed Feb 18 18:38:10 IST 2026, 107 W
Wed Feb 18 18:38:10 IST 2026, 127 W
Wed Feb 18 18:38:10 IST 2026, 126 W
Wed Feb 18 18:38:10 IST 2026, 142 W
Wed Feb 18 18:38:11 IST 2026, 119 W
Wed Feb 18 18:38:11 IST 2026, 113 W
Wed Feb 18 18:38:11 IST 2026, 124 W
Wed Feb 18 18:38:11 IST 2026, 115 W
Wed Feb 18 18:38:11 IST 2026, 105 W
Wed Feb 18 18:38:11 IST 2026, 116 W
Wed Feb 18 18:38:11 IST 2026, 119 W
Wed Feb 18 18:38:11 IST 2026, 132 W
Wed Feb 18 18:38:12 IST 2026, 124 W
Wed Feb 18 18:38:12 IST 2026, 122 W
Wed Feb 18 18:38:12 IST 2026, 135 W
Wed Feb 18 18:38:12 IST 2026, 122 W
Wed Feb 18 18:38:12 IST 2026, 109 W
Wed Feb 18 18:38:12 IST 2026, 127 W
Wed Feb 18 18:38:12 IST 2026, 123 W
Wed Feb 18 18:38:12 IST 2026, 131 W
Wed Feb 18 18:38:13 IST 2026, 113 W
Wed Feb 18 18:38:13 IST 2026, 112 W
Wed Feb 18 18:38:13 IST 2026, 133 W
Wed Feb 18 18:38:13 IST 2026, 117 W
Wed Feb 18 18:38:13 IST 2026, 105 W
Wed Feb 18 18:38:13 IST 2026, 126 W
Wed Feb 18 18:38:13 IST 2026, 120 W
Wed Feb 18 18:38:13 IST 2026, 135 W
Wed Feb 18 18:38:14 IST 2026, 119 W
Wed Feb 18 18:38:14 IST 2026, 120 W
Wed Feb 18 18:38:14 IST 2026, 133 W
Wed Feb 18 18:38:14 IST 2026, 120 W
Wed Feb 18 18:38:14 IST 2026, 108 W
Wed Feb 18 18:38:14 IST 2026, 127 W
Wed Feb 18 18:38:14 IST 2026, 126 W
Wed Feb 18 18:38:14 IST 2026, 142 W
Wed Feb 18 18:38:15 IST 2026, 116 W
Wed Feb 18 18:38:15 IST 2026, 119 W
Wed Feb 18 18:38:15 IST 2026, 132 W
Wed Feb 18 18:38:15 IST 2026, 119 W
Wed Feb 18 18:38:15 IST 2026, 105 W
Wed Feb 18 18:38:15 IST 2026, 123 W
Wed Feb 18 18:38:15 IST 2026, 120 W
Wed Feb 18 18:38:15 IST 2026, 138 W
Wed Feb 18 18:38:16 IST 2026, 123 W
Wed Feb 18 18:38:16 IST 2026, 114 W
Wed Feb 18 18:38:16 IST 2026, 123 W
Wed Feb 18 18:38:16 IST 2026, 123 W
Wed Feb 18 18:38:16 IST 2026, 100 W
Wed Feb 18 18:38:16 IST 2026, 122 W
Wed Feb 18 18:38:16 IST 2026, 114 W
Wed Feb 18 18:38:16 IST 2026, 138 W
Wed Feb 18 18:38:17 IST 2026, 123 W
Wed Feb 18 18:38:17 IST 2026, 116 W
Wed Feb 18 18:38:17 IST 2026, 129 W
Wed Feb 18 18:38:17 IST 2026, 119 W
Wed Feb 18 18:38:17 IST 2026, 108 W
Wed Feb 18 18:38:17 IST 2026, 124 W
Wed Feb 18 18:38:17 IST 2026, 118 W
Wed Feb 18 18:38:17 IST 2026, 137 W
Wed Feb 18 18:38:18 IST 2026, 125 W
Wed Feb 18 18:38:18 IST 2026, 117 W
Wed Feb 18 18:38:18 IST 2026, 128 W
Wed Feb 18 18:38:18 IST 2026, 122 W
Wed Feb 18 18:38:18 IST 2026, 112 W
Wed Feb 18 18:38:18 IST 2026, 126 W
Wed Feb 18 18:38:18 IST 2026, 129 W
Wed Feb 18 18:38:18 IST 2026, 142 W
Wed Feb 18 18:38:19 IST 2026, 116 W
Wed Feb 18 18:38:19 IST 2026, 115 W
Wed Feb 18 18:38:19 IST 2026, 128 W
Wed Feb 18 18:38:19 IST 2026, 113 W
Wed Feb 18 18:38:19 IST 2026, 105 W
Wed Feb 18 18:38:19 IST 2026, 121 W
Wed Feb 18 18:38:19 IST 2026, 117 W
Wed Feb 18 18:38:19 IST 2026, 135 W
Wed Feb 18 18:38:20 IST 2026, 125 W
Wed Feb 18 18:38:20 IST 2026, 120 W
Wed Feb 18 18:38:20 IST 2026, 129 W
Wed Feb 18 18:38:20 IST 2026, 120 W
Wed Feb 18 18:38:20 IST 2026, 110 W
Wed Feb 18 18:38:20 IST 2026, 124 W
Wed Feb 18 18:38:20 IST 2026, 128 W
Wed Feb 18 18:38:20 IST 2026, 126 W
Wed Feb 18 18:38:21 IST 2026, 123 W
Wed Feb 18 18:38:21 IST 2026, 118 W
Wed Feb 18 18:38:21 IST 2026, 127 W
Wed Feb 18 18:38:21 IST 2026, 130 W
Wed Feb 18 18:38:21 IST 2026, 103 W
Wed Feb 18 18:38:21 IST 2026, 124 W
Wed Feb 18 18:38:21 IST 2026, 120 W
Wed Feb 18 18:38:21 IST 2026, 137 W
Wed Feb 18 18:38:22 IST 2026, 125 W
Wed Feb 18 18:38:22 IST 2026, 119 W
Wed Feb 18 18:38:22 IST 2026, 136 W
Wed Feb 18 18:38:22 IST 2026, 118 W
Wed Feb 18 18:38:22 IST 2026, 106 W
Wed Feb 18 18:38:22 IST 2026, 124 W
Wed Feb 18 18:38:22 IST 2026, 123 W
Wed Feb 18 18:38:22 IST 2026, 139 W
Wed Feb 18 18:38:23 IST 2026, 146 W
Wed Feb 18 18:38:23 IST 2026, 142 W
Wed Feb 18 18:38:23 IST 2026, 152 W
Wed Feb 18 18:38:23 IST 2026, 144 W
Wed Feb 18 18:38:23 IST 2026, 132 W
Wed Feb 18 18:38:23 IST 2026, 145 W
Wed Feb 18 18:38:23 IST 2026, 145 W
Wed Feb 18 18:38:23 IST 2026, 164 W
Wed Feb 18 18:38:24 IST 2026, 124 W
Wed Feb 18 18:38:24 IST 2026, 117 W
Wed Feb 18 18:38:24 IST 2026, 119 W
Wed Feb 18 18:38:24 IST 2026, 125 W
Wed Feb 18 18:38:24 IST 2026, 109 W
Wed Feb 18 18:38:24 IST 2026, 125 W
Wed Feb 18 18:38:24 IST 2026, 129 W
Wed Feb 18 18:38:24 IST 2026, 140 W
Wed Feb 18 18:38:25 IST 2026, 120 W
Wed Feb 18 18:38:25 IST 2026, 122 W
Wed Feb 18 18:38:25 IST 2026, 128 W
Wed Feb 18 18:38:25 IST 2026, 119 W
Wed Feb 18 18:38:25 IST 2026, 103 W
Wed Feb 18 18:38:25 IST 2026, 125 W
Wed Feb 18 18:38:25 IST 2026, 117 W
Wed Feb 18 18:38:25 IST 2026, 136 W
Wed Feb 18 18:38:26 IST 2026, 123 W
Wed Feb 18 18:38:26 IST 2026, 117 W
Wed Feb 18 18:38:26 IST 2026, 121 W
Wed Feb 18 18:38:26 IST 2026, 118 W
Wed Feb 18 18:38:26 IST 2026, 103 W
Wed Feb 18 18:38:26 IST 2026, 121 W
Wed Feb 18 18:38:26 IST 2026, 115 W
Wed Feb 18 18:38:26 IST 2026, 142 W
Wed Feb 18 18:38:27 IST 2026, 121 W
Wed Feb 18 18:38:27 IST 2026, 123 W
Wed Feb 18 18:38:27 IST 2026, 125 W
Wed Feb 18 18:38:27 IST 2026, 118 W
Wed Feb 18 18:38:27 IST 2026, 110 W
Wed Feb 18 18:38:27 IST 2026, 121 W
Wed Feb 18 18:38:27 IST 2026, 118 W
Wed Feb 18 18:38:27 IST 2026, 135 W
Wed Feb 18 18:38:28 IST 2026, 115 W
Wed Feb 18 18:38:28 IST 2026, 114 W
Wed Feb 18 18:38:28 IST 2026, 123 W
Wed Feb 18 18:38:28 IST 2026, 115 W
Wed Feb 18 18:38:28 IST 2026, 103 W
Wed Feb 18 18:38:28 IST 2026, 117 W
Wed Feb 18 18:38:28 IST 2026, 114 W
Wed Feb 18 18:38:28 IST 2026, 135 W
Wed Feb 18 18:38:29 IST 2026, 116 W
Wed Feb 18 18:38:29 IST 2026, 115 W
Wed Feb 18 18:38:29 IST 2026, 129 W
Wed Feb 18 18:38:29 IST 2026, 121 W
Wed Feb 18 18:38:29 IST 2026, 109 W
Wed Feb 18 18:38:29 IST 2026, 121 W
Wed Feb 18 18:38:29 IST 2026, 130 W
Wed Feb 18 18:38:29 IST 2026, 140 W
Wed Feb 18 18:38:30 IST 2026, 119 W
Wed Feb 18 18:38:30 IST 2026, 121 W
Wed Feb 18 18:38:30 IST 2026, 131 W
Wed Feb 18 18:38:30 IST 2026, 118 W
Wed Feb 18 18:38:30 IST 2026, 110 W
Wed Feb 18 18:38:30 IST 2026, 127 W
Wed Feb 18 18:38:30 IST 2026, 119 W
Wed Feb 18 18:38:30 IST 2026, 142 W
Wed Feb 18 18:38:31 IST 2026, 118 W
Wed Feb 18 18:38:31 IST 2026, 112 W
Wed Feb 18 18:38:31 IST 2026, 130 W
Wed Feb 18 18:38:31 IST 2026, 116 W
Wed Feb 18 18:38:31 IST 2026, 104 W
Wed Feb 18 18:38:31 IST 2026, 119 W
Wed Feb 18 18:38:31 IST 2026, 115 W
Wed Feb 18 18:38:31 IST 2026, 129 W
Wed Feb 18 18:38:32 IST 2026, 114 W
Wed Feb 18 18:38:32 IST 2026, 112 W
Wed Feb 18 18:38:32 IST 2026, 120 W
Wed Feb 18 18:38:32 IST 2026, 116 W
Wed Feb 18 18:38:32 IST 2026, 101 W
Wed Feb 18 18:38:32 IST 2026, 120 W
Wed Feb 18 18:38:32 IST 2026, 124 W
Wed Feb 18 18:38:32 IST 2026, 141 W
Wed Feb 18 18:38:33 IST 2026, 120 W
Wed Feb 18 18:38:33 IST 2026, 119 W
Wed Feb 18 18:38:33 IST 2026, 131 W
Wed Feb 18 18:38:33 IST 2026, 122 W
Wed Feb 18 18:38:33 IST 2026, 109 W
Wed Feb 18 18:38:33 IST 2026, 128 W
Wed Feb 18 18:38:33 IST 2026, 124 W
Wed Feb 18 18:38:33 IST 2026, 140 W
Wed Feb 18 18:38:34 IST 2026, 121 W
Wed Feb 18 18:38:34 IST 2026, 119 W
Wed Feb 18 18:38:34 IST 2026, 128 W
Wed Feb 18 18:38:34 IST 2026, 120 W
Wed Feb 18 18:38:34 IST 2026, 106 W
Wed Feb 18 18:38:34 IST 2026, 125 W
Wed Feb 18 18:38:34 IST 2026, 124 W
Wed Feb 18 18:38:34 IST 2026, 135 W
Wed Feb 18 18:38:35 IST 2026, 121 W
Wed Feb 18 18:38:35 IST 2026, 119 W
Wed Feb 18 18:38:35 IST 2026, 133 W
Wed Feb 18 18:38:35 IST 2026, 122 W
Wed Feb 18 18:38:35 IST 2026, 110 W
Wed Feb 18 18:38:35 IST 2026, 126 W
Wed Feb 18 18:38:35 IST 2026, 120 W
Wed Feb 18 18:38:35 IST 2026, 144 W
Wed Feb 18 18:38:36 IST 2026, 115 W
Wed Feb 18 18:38:36 IST 2026, 115 W
Wed Feb 18 18:38:36 IST 2026, 127 W
Wed Feb 18 18:38:36 IST 2026, 114 W
Wed Feb 18 18:38:36 IST 2026, 107 W
Wed Feb 18 18:38:36 IST 2026, 121 W
Wed Feb 18 18:38:36 IST 2026, 120 W
Wed Feb 18 18:38:36 IST 2026, 141 W
Wed Feb 18 18:38:37 IST 2026, 118 W
Wed Feb 18 18:38:37 IST 2026, 117 W
Wed Feb 18 18:38:37 IST 2026, 125 W
Wed Feb 18 18:38:37 IST 2026, 119 W
Wed Feb 18 18:38:37 IST 2026, 105 W
Wed Feb 18 18:38:37 IST 2026, 124 W
Wed Feb 18 18:38:37 IST 2026, 122 W
Wed Feb 18 18:38:37 IST 2026, 136 W
Wed Feb 18 18:38:38 IST 2026, 119 W
Wed Feb 18 18:38:38 IST 2026, 118 W
Wed Feb 18 18:38:38 IST 2026, 122 W
Wed Feb 18 18:38:38 IST 2026, 113 W
Wed Feb 18 18:38:38 IST 2026, 104 W
Wed Feb 18 18:38:38 IST 2026, 119 W
Wed Feb 18 18:38:38 IST 2026, 115 W
Wed Feb 18 18:38:38 IST 2026, 136 W
Wed Feb 18 18:38:39 IST 2026, 119 W
Wed Feb 18 18:38:39 IST 2026, 119 W
Wed Feb 18 18:38:39 IST 2026, 127 W
Wed Feb 18 18:38:39 IST 2026, 121 W
Wed Feb 18 18:38:39 IST 2026, 110 W
Wed Feb 18 18:38:39 IST 2026, 123 W
Wed Feb 18 18:38:39 IST 2026, 117 W
Wed Feb 18 18:38:39 IST 2026, 148 W
Wed Feb 18 18:38:40 IST 2026, 117 W
Wed Feb 18 18:38:40 IST 2026, 119 W
Wed Feb 18 18:38:40 IST 2026, 128 W
Wed Feb 18 18:38:40 IST 2026, 122 W
Wed Feb 18 18:38:40 IST 2026, 108 W
Wed Feb 18 18:38:40 IST 2026, 121 W
Wed Feb 18 18:38:40 IST 2026, 118 W
Wed Feb 18 18:38:40 IST 2026, 137 W
Wed Feb 18 18:38:41 IST 2026, 114 W
Wed Feb 18 18:38:41 IST 2026, 112 W
Wed Feb 18 18:38:41 IST 2026, 120 W
Wed Feb 18 18:38:41 IST 2026, 114 W
Wed Feb 18 18:38:41 IST 2026, 99 W
Wed Feb 18 18:38:41 IST 2026, 120 W
Wed Feb 18 18:38:41 IST 2026, 110 W
Wed Feb 18 18:38:41 IST 2026, 133 W
Wed Feb 18 18:38:42 IST 2026, 115 W
Wed Feb 18 18:38:42 IST 2026, 119 W
Wed Feb 18 18:38:42 IST 2026, 134 W
Wed Feb 18 18:38:42 IST 2026, 123 W
Wed Feb 18 18:38:42 IST 2026, 116 W
Wed Feb 18 18:38:42 IST 2026, 126 W
Wed Feb 18 18:38:42 IST 2026, 129 W
Wed Feb 18 18:38:42 IST 2026, 137 W
Wed Feb 18 18:38:43 IST 2026, 115 W
Wed Feb 18 18:38:43 IST 2026, 117 W
Wed Feb 18 18:38:43 IST 2026, 125 W
Wed Feb 18 18:38:43 IST 2026, 122 W
Wed Feb 18 18:38:43 IST 2026, 104 W
Wed Feb 18 18:38:43 IST 2026, 119 W
Wed Feb 18 18:38:43 IST 2026, 122 W
Wed Feb 18 18:38:43 IST 2026, 137 W
Wed Feb 18 18:38:44 IST 2026, 115 W
Wed Feb 18 18:38:44 IST 2026, 113 W
Wed Feb 18 18:38:44 IST 2026, 128 W
Wed Feb 18 18:38:44 IST 2026, 120 W
Wed Feb 18 18:38:44 IST 2026, 107 W
Wed Feb 18 18:38:44 IST 2026, 119 W
Wed Feb 18 18:38:44 IST 2026, 119 W
Wed Feb 18 18:38:44 IST 2026, 137 W
Wed Feb 18 18:38:45 IST 2026, 122 W
Wed Feb 18 18:38:45 IST 2026, 122 W
Wed Feb 18 18:38:45 IST 2026, 129 W
Wed Feb 18 18:38:45 IST 2026, 122 W
Wed Feb 18 18:38:45 IST 2026, 103 W
Wed Feb 18 18:38:45 IST 2026, 128 W
Wed Feb 18 18:38:45 IST 2026, 119 W
Wed Feb 18 18:38:45 IST 2026, 141 W
Wed Feb 18 18:38:46 IST 2026, 125 W
Wed Feb 18 18:38:46 IST 2026, 118 W
Wed Feb 18 18:38:46 IST 2026, 132 W
Wed Feb 18 18:38:46 IST 2026, 125 W
Wed Feb 18 18:38:46 IST 2026, 111 W
Wed Feb 18 18:38:46 IST 2026, 122 W
Wed Feb 18 18:38:46 IST 2026, 129 W
Wed Feb 18 18:38:46 IST 2026, 139 W
Wed Feb 18 18:38:47 IST 2026, 121 W
Wed Feb 18 18:38:47 IST 2026, 118 W
Wed Feb 18 18:38:47 IST 2026, 129 W
Wed Feb 18 18:38:47 IST 2026, 116 W
Wed Feb 18 18:38:47 IST 2026, 105 W
Wed Feb 18 18:38:47 IST 2026, 123 W
Wed Feb 18 18:38:47 IST 2026, 112 W
Wed Feb 18 18:38:47 IST 2026, 132 W
Wed Feb 18 18:38:48 IST 2026, 119 W
Wed Feb 18 18:38:48 IST 2026, 118 W
Wed Feb 18 18:38:48 IST 2026, 132 W
Wed Feb 18 18:38:48 IST 2026, 120 W
Wed Feb 18 18:38:48 IST 2026, 109 W
Wed Feb 18 18:38:48 IST 2026, 121 W
Wed Feb 18 18:38:48 IST 2026, 124 W
Wed Feb 18 18:38:48 IST 2026, 144 W
Wed Feb 18 18:38:49 IST 2026, 126 W
Wed Feb 18 18:38:49 IST 2026, 123 W
Wed Feb 18 18:38:49 IST 2026, 131 W
Wed Feb 18 18:38:49 IST 2026, 121 W
Wed Feb 18 18:38:49 IST 2026, 111 W
Wed Feb 18 18:38:49 IST 2026, 123 W
Wed Feb 18 18:38:49 IST 2026, 126 W
Wed Feb 18 18:38:49 IST 2026, 144 W
Wed Feb 18 18:38:50 IST 2026, 117 W
Wed Feb 18 18:38:50 IST 2026, 114 W
Wed Feb 18 18:38:50 IST 2026, 135 W
Wed Feb 18 18:38:50 IST 2026, 121 W
Wed Feb 18 18:38:50 IST 2026, 111 W
Wed Feb 18 18:38:50 IST 2026, 117 W
Wed Feb 18 18:38:50 IST 2026, 123 W
Wed Feb 18 18:38:50 IST 2026, 134 W
Wed Feb 18 18:38:51 IST 2026, 115 W
Wed Feb 18 18:38:51 IST 2026, 115 W
Wed Feb 18 18:38:51 IST 2026, 130 W
Wed Feb 18 18:38:51 IST 2026, 122 W
Wed Feb 18 18:38:51 IST 2026, 105 W
Wed Feb 18 18:38:51 IST 2026, 124 W
Wed Feb 18 18:38:51 IST 2026, 122 W
Wed Feb 18 18:38:51 IST 2026, 134 W
Wed Feb 18 18:38:52 IST 2026, 120 W
Wed Feb 18 18:38:52 IST 2026, 122 W
Wed Feb 18 18:38:52 IST 2026, 132 W
Wed Feb 18 18:38:52 IST 2026, 121 W
Wed Feb 18 18:38:52 IST 2026, 105 W
Wed Feb 18 18:38:52 IST 2026, 125 W
Wed Feb 18 18:38:52 IST 2026, 124 W
Wed Feb 18 18:38:52 IST 2026, 133 W
Wed Feb 18 18:38:53 IST 2026, 117 W
Wed Feb 18 18:38:53 IST 2026, 116 W
Wed Feb 18 18:38:53 IST 2026, 130 W
Wed Feb 18 18:38:53 IST 2026, 119 W
Wed Feb 18 18:38:53 IST 2026, 107 W
Wed Feb 18 18:38:53 IST 2026, 125 W
Wed Feb 18 18:38:53 IST 2026, 115 W
Wed Feb 18 18:38:53 IST 2026, 129 W
Wed Feb 18 18:38:54 IST 2026, 116 W
Wed Feb 18 18:38:54 IST 2026, 113 W
Wed Feb 18 18:38:54 IST 2026, 130 W
Wed Feb 18 18:38:54 IST 2026, 124 W
Wed Feb 18 18:38:54 IST 2026, 113 W
Wed Feb 18 18:38:54 IST 2026, 127 W
Wed Feb 18 18:38:54 IST 2026, 125 W
Wed Feb 18 18:38:54 IST 2026, 147 W
Wed Feb 18 18:38:55 IST 2026, 122 W
Wed Feb 18 18:38:55 IST 2026, 119 W
Wed Feb 18 18:38:55 IST 2026, 131 W
Wed Feb 18 18:38:55 IST 2026, 118 W
Wed Feb 18 18:38:55 IST 2026, 108 W
Wed Feb 18 18:38:55 IST 2026, 127 W
Wed Feb 18 18:38:55 IST 2026, 121 W
Wed Feb 18 18:38:55 IST 2026, 139 W
Wed Feb 18 18:38:56 IST 2026, 118 W
Wed Feb 18 18:38:56 IST 2026, 118 W
Wed Feb 18 18:38:56 IST 2026, 136 W
Wed Feb 18 18:38:56 IST 2026, 117 W
Wed Feb 18 18:38:56 IST 2026, 101 W
Wed Feb 18 18:38:56 IST 2026, 121 W
Wed Feb 18 18:38:56 IST 2026, 119 W
Wed Feb 18 18:38:56 IST 2026, 133 W
Wed Feb 18 18:38:57 IST 2026, 123 W
Wed Feb 18 18:38:57 IST 2026, 115 W
Wed Feb 18 18:38:57 IST 2026, 136 W
Wed Feb 18 18:38:57 IST 2026, 120 W
Wed Feb 18 18:38:57 IST 2026, 105 W
Wed Feb 18 18:38:57 IST 2026, 122 W
Wed Feb 18 18:38:57 IST 2026, 124 W
Wed Feb 18 18:38:57 IST 2026, 141 W
Wed Feb 18 18:38:58 IST 2026, 122 W
Wed Feb 18 18:38:58 IST 2026, 123 W
Wed Feb 18 18:38:58 IST 2026, 134 W
Wed Feb 18 18:38:58 IST 2026, 120 W
Wed Feb 18 18:38:58 IST 2026, 112 W
Wed Feb 18 18:38:58 IST 2026, 129 W
Wed Feb 18 18:38:58 IST 2026, 125 W
Wed Feb 18 18:38:58 IST 2026, 146 W
Wed Feb 18 18:38:59 IST 2026, 130 W
Wed Feb 18 18:38:59 IST 2026, 121 W
Wed Feb 18 18:38:59 IST 2026, 129 W
Wed Feb 18 18:38:59 IST 2026, 120 W
Wed Feb 18 18:38:59 IST 2026, 109 W
Wed Feb 18 18:38:59 IST 2026, 130 W
Wed Feb 18 18:38:59 IST 2026, 130 W
Wed Feb 18 18:38:59 IST 2026, 145 W
Wed Feb 18 18:39:00 IST 2026, 121 W
Wed Feb 18 18:39:00 IST 2026, 114 W
Wed Feb 18 18:39:00 IST 2026, 131 W
Wed Feb 18 18:39:00 IST 2026, 119 W
Wed Feb 18 18:39:00 IST 2026, 104 W
Wed Feb 18 18:39:00 IST 2026, 118 W
Wed Feb 18 18:39:00 IST 2026, 116 W
Wed Feb 18 18:39:00 IST 2026, 132 W
Wed Feb 18 18:39:01 IST 2026, 121 W
Wed Feb 18 18:39:01 IST 2026, 119 W
Wed Feb 18 18:39:01 IST 2026, 132 W
Wed Feb 18 18:39:01 IST 2026, 130 W
Wed Feb 18 18:39:01 IST 2026, 106 W
Wed Feb 18 18:39:01 IST 2026, 123 W
Wed Feb 18 18:39:01 IST 2026, 123 W
Wed Feb 18 18:39:01 IST 2026, 138 W
Wed Feb 18 18:39:02 IST 2026, 122 W
Wed Feb 18 18:39:02 IST 2026, 119 W
Wed Feb 18 18:39:02 IST 2026, 134 W
Wed Feb 18 18:39:02 IST 2026, 112 W
Wed Feb 18 18:39:02 IST 2026, 109 W
Wed Feb 18 18:39:02 IST 2026, 123 W
Wed Feb 18 18:39:02 IST 2026, 115 W
Wed Feb 18 18:39:02 IST 2026, 139 W
Wed Feb 18 18:39:03 IST 2026, 123 W
Wed Feb 18 18:39:03 IST 2026, 117 W
Wed Feb 18 18:39:03 IST 2026, 133 W
Wed Feb 18 18:39:03 IST 2026, 117 W
Wed Feb 18 18:39:03 IST 2026, 108 W
Wed Feb 18 18:39:03 IST 2026, 127 W
Wed Feb 18 18:39:03 IST 2026, 125 W
Wed Feb 18 18:39:03 IST 2026, 134 W
Wed Feb 18 18:39:04 IST 2026, 129 W
Wed Feb 18 18:39:04 IST 2026, 121 W
Wed Feb 18 18:39:04 IST 2026, 133 W
Wed Feb 18 18:39:04 IST 2026, 126 W
Wed Feb 18 18:39:04 IST 2026, 112 W
Wed Feb 18 18:39:04 IST 2026, 128 W
Wed Feb 18 18:39:04 IST 2026, 125 W
Wed Feb 18 18:39:04 IST 2026, 139 W
Wed Feb 18 18:39:05 IST 2026, 117 W
Wed Feb 18 18:39:05 IST 2026, 115 W
Wed Feb 18 18:39:05 IST 2026, 132 W
Wed Feb 18 18:39:05 IST 2026, 125 W
Wed Feb 18 18:39:05 IST 2026, 116 W
Wed Feb 18 18:39:05 IST 2026, 125 W
Wed Feb 18 18:39:05 IST 2026, 125 W
Wed Feb 18 18:39:05 IST 2026, 146 W
Wed Feb 18 18:39:06 IST 2026, 117 W
Wed Feb 18 18:39:06 IST 2026, 119 W
Wed Feb 18 18:39:06 IST 2026, 136 W
Wed Feb 18 18:39:06 IST 2026, 122 W
Wed Feb 18 18:39:06 IST 2026, 112 W
Wed Feb 18 18:39:06 IST 2026, 129 W
Wed Feb 18 18:39:06 IST 2026, 126 W
Wed Feb 18 18:39:06 IST 2026, 145 W
Wed Feb 18 18:39:07 IST 2026, 114 W
Wed Feb 18 18:39:07 IST 2026, 121 W
Wed Feb 18 18:39:07 IST 2026, 131 W
Wed Feb 18 18:39:07 IST 2026, 119 W
Wed Feb 18 18:39:07 IST 2026, 108 W
Wed Feb 18 18:39:07 IST 2026, 127 W
Wed Feb 18 18:39:07 IST 2026, 123 W
Wed Feb 18 18:39:07 IST 2026, 136 W
Wed Feb 18 18:39:08 IST 2026, 116 W
Wed Feb 18 18:39:08 IST 2026, 118 W
Wed Feb 18 18:39:08 IST 2026, 130 W
Wed Feb 18 18:39:08 IST 2026, 122 W
Wed Feb 18 18:39:08 IST 2026, 109 W
Wed Feb 18 18:39:08 IST 2026, 127 W
Wed Feb 18 18:39:08 IST 2026, 124 W
Wed Feb 18 18:39:08 IST 2026, 140 W
Wed Feb 18 18:39:09 IST 2026, 117 W
Wed Feb 18 18:39:09 IST 2026, 113 W
Wed Feb 18 18:39:09 IST 2026, 131 W
Wed Feb 18 18:39:09 IST 2026, 109 W
Wed Feb 18 18:39:09 IST 2026, 102 W
Wed Feb 18 18:39:09 IST 2026, 119 W
Wed Feb 18 18:39:09 IST 2026, 118 W
Wed Feb 18 18:39:09 IST 2026, 133 W
Wed Feb 18 18:39:10 IST 2026, 121 W
Wed Feb 18 18:39:10 IST 2026, 121 W
Wed Feb 18 18:39:10 IST 2026, 128 W
Wed Feb 18 18:39:10 IST 2026, 115 W
Wed Feb 18 18:39:10 IST 2026, 111 W
Wed Feb 18 18:39:10 IST 2026, 125 W
Wed Feb 18 18:39:10 IST 2026, 119 W
Wed Feb 18 18:39:10 IST 2026, 135 W
Wed Feb 18 18:39:11 IST 2026, 124 W
Wed Feb 18 18:39:11 IST 2026, 118 W
Wed Feb 18 18:39:11 IST 2026, 135 W
Wed Feb 18 18:39:11 IST 2026, 124 W
Wed Feb 18 18:39:11 IST 2026, 113 W
Wed Feb 18 18:39:11 IST 2026, 125 W
Wed Feb 18 18:39:11 IST 2026, 123 W
Wed Feb 18 18:39:11 IST 2026, 137 W
Wed Feb 18 18:39:12 IST 2026, 127 W
Wed Feb 18 18:39:12 IST 2026, 120 W
Wed Feb 18 18:39:12 IST 2026, 133 W
Wed Feb 18 18:39:12 IST 2026, 127 W
Wed Feb 18 18:39:12 IST 2026, 109 W
Wed Feb 18 18:39:12 IST 2026, 128 W
Wed Feb 18 18:39:12 IST 2026, 127 W
Wed Feb 18 18:39:12 IST 2026, 129 W
Wed Feb 18 18:39:13 IST 2026, 116 W
Wed Feb 18 18:39:13 IST 2026, 118 W
Wed Feb 18 18:39:13 IST 2026, 128 W
Wed Feb 18 18:39:13 IST 2026, 120 W
Wed Feb 18 18:39:13 IST 2026, 112 W
Wed Feb 18 18:39:13 IST 2026, 126 W
Wed Feb 18 18:39:13 IST 2026, 126 W
Wed Feb 18 18:39:13 IST 2026, 143 W
Wed Feb 18 18:39:14 IST 2026, 117 W
Wed Feb 18 18:39:14 IST 2026, 119 W
Wed Feb 18 18:39:14 IST 2026, 138 W
Wed Feb 18 18:39:14 IST 2026, 118 W
Wed Feb 18 18:39:14 IST 2026, 108 W
Wed Feb 18 18:39:14 IST 2026, 118 W
Wed Feb 18 18:39:14 IST 2026, 123 W
Wed Feb 18 18:39:14 IST 2026, 131 W
Wed Feb 18 18:39:15 IST 2026, 126 W
Wed Feb 18 18:39:15 IST 2026, 121 W
Wed Feb 18 18:39:15 IST 2026, 129 W
Wed Feb 18 18:39:15 IST 2026, 125 W
Wed Feb 18 18:39:15 IST 2026, 108 W
Wed Feb 18 18:39:15 IST 2026, 128 W
Wed Feb 18 18:39:15 IST 2026, 128 W
Wed Feb 18 18:39:15 IST 2026, 141 W
Wed Feb 18 18:39:16 IST 2026, 120 W
Wed Feb 18 18:39:16 IST 2026, 111 W
Wed Feb 18 18:39:16 IST 2026, 123 W
Wed Feb 18 18:39:16 IST 2026, 112 W
Wed Feb 18 18:39:16 IST 2026, 103 W
Wed Feb 18 18:39:16 IST 2026, 115 W
Wed Feb 18 18:39:16 IST 2026, 108 W
Wed Feb 18 18:39:16 IST 2026, 130 W
Wed Feb 18 18:39:17 IST 2026, 113 W
Wed Feb 18 18:39:17 IST 2026, 114 W
Wed Feb 18 18:39:17 IST 2026, 132 W
Wed Feb 18 18:39:17 IST 2026, 114 W
Wed Feb 18 18:39:17 IST 2026, 101 W
Wed Feb 18 18:39:17 IST 2026, 118 W
Wed Feb 18 18:39:17 IST 2026, 110 W
Wed Feb 18 18:39:17 IST 2026, 136 W
Wed Feb 18 18:39:18 IST 2026, 118 W
Wed Feb 18 18:39:18 IST 2026, 114 W
Wed Feb 18 18:39:18 IST 2026, 125 W
Wed Feb 18 18:39:18 IST 2026, 122 W
Wed Feb 18 18:39:18 IST 2026, 109 W
Wed Feb 18 18:39:18 IST 2026, 123 W
Wed Feb 18 18:39:18 IST 2026, 125 W
Wed Feb 18 18:39:18 IST 2026, 141 W
Wed Feb 18 18:39:19 IST 2026, 118 W
Wed Feb 18 18:39:19 IST 2026, 116 W
Wed Feb 18 18:39:19 IST 2026, 124 W
Wed Feb 18 18:39:19 IST 2026, 124 W
Wed Feb 18 18:39:19 IST 2026, 102 W
Wed Feb 18 18:39:19 IST 2026, 118 W
Wed Feb 18 18:39:19 IST 2026, 120 W
Wed Feb 18 18:39:19 IST 2026, 139 W
Wed Feb 18 18:39:20 IST 2026, 122 W
Wed Feb 18 18:39:20 IST 2026, 121 W
Wed Feb 18 18:39:20 IST 2026, 130 W
Wed Feb 18 18:39:20 IST 2026, 120 W
Wed Feb 18 18:39:20 IST 2026, 107 W
Wed Feb 18 18:39:20 IST 2026, 126 W
Wed Feb 18 18:39:20 IST 2026, 120 W
Wed Feb 18 18:39:20 IST 2026, 136 W
Wed Feb 18 18:39:21 IST 2026, 123 W
Wed Feb 18 18:39:21 IST 2026, 117 W
Wed Feb 18 18:39:21 IST 2026, 126 W
Wed Feb 18 18:39:21 IST 2026, 126 W
Wed Feb 18 18:39:21 IST 2026, 111 W
Wed Feb 18 18:39:21 IST 2026, 128 W
Wed Feb 18 18:39:21 IST 2026, 135 W
Wed Feb 18 18:39:21 IST 2026, 144 W
Wed Feb 18 18:39:22 IST 2026, 118 W
Wed Feb 18 18:39:22 IST 2026, 119 W
Wed Feb 18 18:39:22 IST 2026, 127 W
Wed Feb 18 18:39:22 IST 2026, 121 W
Wed Feb 18 18:39:22 IST 2026, 104 W
Wed Feb 18 18:39:22 IST 2026, 121 W
Wed Feb 18 18:39:22 IST 2026, 117 W
Wed Feb 18 18:39:22 IST 2026, 130 W
Wed Feb 18 18:39:23 IST 2026, 126 W
Wed Feb 18 18:39:23 IST 2026, 123 W
Wed Feb 18 18:39:23 IST 2026, 136 W
Wed Feb 18 18:39:23 IST 2026, 124 W
Wed Feb 18 18:39:23 IST 2026, 108 W
Wed Feb 18 18:39:23 IST 2026, 125 W
Wed Feb 18 18:39:23 IST 2026, 127 W
Wed Feb 18 18:39:23 IST 2026, 139 W
Wed Feb 18 18:39:24 IST 2026, 123 W
Wed Feb 18 18:39:24 IST 2026, 114 W
Wed Feb 18 18:39:24 IST 2026, 136 W
Wed Feb 18 18:39:24 IST 2026, 123 W
Wed Feb 18 18:39:24 IST 2026, 115 W
Wed Feb 18 18:39:24 IST 2026, 126 W
Wed Feb 18 18:39:24 IST 2026, 127 W
Wed Feb 18 18:39:24 IST 2026, 146 W
Wed Feb 18 18:39:25 IST 2026, 118 W
Wed Feb 18 18:39:25 IST 2026, 121 W
Wed Feb 18 18:39:25 IST 2026, 132 W
Wed Feb 18 18:39:25 IST 2026, 123 W
Wed Feb 18 18:39:25 IST 2026, 112 W
Wed Feb 18 18:39:25 IST 2026, 133 W
Wed Feb 18 18:39:25 IST 2026, 126 W
Wed Feb 18 18:39:25 IST 2026, 139 W
Wed Feb 18 18:39:26 IST 2026, 120 W
Wed Feb 18 18:39:26 IST 2026, 125 W
Wed Feb 18 18:39:26 IST 2026, 124 W
Wed Feb 18 18:39:26 IST 2026, 119 W
Wed Feb 18 18:39:26 IST 2026, 109 W
Wed Feb 18 18:39:26 IST 2026, 130 W
Wed Feb 18 18:39:26 IST 2026, 126 W
Wed Feb 18 18:39:26 IST 2026, 140 W
Wed Feb 18 18:39:27 IST 2026, 118 W
Wed Feb 18 18:39:27 IST 2026, 115 W
Wed Feb 18 18:39:27 IST 2026, 127 W
Wed Feb 18 18:39:27 IST 2026, 117 W
Wed Feb 18 18:39:27 IST 2026, 110 W
Wed Feb 18 18:39:27 IST 2026, 122 W
Wed Feb 18 18:39:27 IST 2026, 115 W
Wed Feb 18 18:39:27 IST 2026, 132 W
Wed Feb 18 18:39:28 IST 2026, 119 W
Wed Feb 18 18:39:28 IST 2026, 120 W
Wed Feb 18 18:39:28 IST 2026, 129 W
Wed Feb 18 18:39:28 IST 2026, 121 W
Wed Feb 18 18:39:28 IST 2026, 111 W
Wed Feb 18 18:39:28 IST 2026, 130 W
Wed Feb 18 18:39:28 IST 2026, 124 W
Wed Feb 18 18:39:28 IST 2026, 143 W
Wed Feb 18 18:39:29 IST 2026, 118 W
Wed Feb 18 18:39:29 IST 2026, 118 W
Wed Feb 18 18:39:29 IST 2026, 128 W
Wed Feb 18 18:39:29 IST 2026, 121 W
Wed Feb 18 18:39:29 IST 2026, 108 W
Wed Feb 18 18:39:29 IST 2026, 126 W
Wed Feb 18 18:39:29 IST 2026, 121 W
Wed Feb 18 18:39:29 IST 2026, 139 W
Wed Feb 18 18:39:30 IST 2026, 114 W
Wed Feb 18 18:39:30 IST 2026, 117 W
Wed Feb 18 18:39:30 IST 2026, 128 W
Wed Feb 18 18:39:30 IST 2026, 115 W
Wed Feb 18 18:39:30 IST 2026, 110 W
Wed Feb 18 18:39:30 IST 2026, 122 W
Wed Feb 18 18:39:30 IST 2026, 123 W
Wed Feb 18 18:39:30 IST 2026, 142 W
Wed Feb 18 18:39:31 IST 2026, 115 W
Wed Feb 18 18:39:31 IST 2026, 116 W
Wed Feb 18 18:39:31 IST 2026, 132 W
Wed Feb 18 18:39:31 IST 2026, 116 W
Wed Feb 18 18:39:31 IST 2026, 101 W
Wed Feb 18 18:39:31 IST 2026, 117 W
Wed Feb 18 18:39:31 IST 2026, 117 W
Wed Feb 18 18:39:31 IST 2026, 131 W
Wed Feb 18 18:39:32 IST 2026, 122 W
Wed Feb 18 18:39:32 IST 2026, 125 W
Wed Feb 18 18:39:32 IST 2026, 141 W
Wed Feb 18 18:39:32 IST 2026, 127 W
Wed Feb 18 18:39:32 IST 2026, 116 W
Wed Feb 18 18:39:32 IST 2026, 130 W
Wed Feb 18 18:39:32 IST 2026, 129 W
Wed Feb 18 18:39:32 IST 2026, 143 W
Wed Feb 18 18:39:33 IST 2026, 121 W
Wed Feb 18 18:39:33 IST 2026, 120 W
Wed Feb 18 18:39:33 IST 2026, 126 W
Wed Feb 18 18:39:33 IST 2026, 128 W
Wed Feb 18 18:39:33 IST 2026, 109 W
Wed Feb 18 18:39:33 IST 2026, 126 W
Wed Feb 18 18:39:33 IST 2026, 126 W
Wed Feb 18 18:39:33 IST 2026, 142 W
Wed Feb 18 18:39:34 IST 2026, 115 W
Wed Feb 18 18:39:34 IST 2026, 119 W
Wed Feb 18 18:39:34 IST 2026, 130 W
Wed Feb 18 18:39:34 IST 2026, 121 W
Wed Feb 18 18:39:34 IST 2026, 112 W
Wed Feb 18 18:39:34 IST 2026, 129 W
Wed Feb 18 18:39:34 IST 2026, 129 W
Wed Feb 18 18:39:34 IST 2026, 142 W
Wed Feb 18 18:39:35 IST 2026, 117 W
Wed Feb 18 18:39:35 IST 2026, 121 W
Wed Feb 18 18:39:35 IST 2026, 129 W
Wed Feb 18 18:39:35 IST 2026, 117 W
Wed Feb 18 18:39:35 IST 2026, 105 W
Wed Feb 18 18:39:35 IST 2026, 121 W
Wed Feb 18 18:39:35 IST 2026, 120 W
Wed Feb 18 18:39:35 IST 2026, 133 W
Wed Feb 18 18:39:36 IST 2026, 117 W
Wed Feb 18 18:39:36 IST 2026, 116 W
Wed Feb 18 18:39:36 IST 2026, 135 W
Wed Feb 18 18:39:36 IST 2026, 119 W
Wed Feb 18 18:39:36 IST 2026, 107 W
Wed Feb 18 18:39:36 IST 2026, 123 W
Wed Feb 18 18:39:36 IST 2026, 123 W
Wed Feb 18 18:39:36 IST 2026, 142 W
Wed Feb 18 18:39:37 IST 2026, 117 W
Wed Feb 18 18:39:37 IST 2026, 116 W
Wed Feb 18 18:39:37 IST 2026, 127 W
Wed Feb 18 18:39:37 IST 2026, 115 W
Wed Feb 18 18:39:37 IST 2026, 104 W
Wed Feb 18 18:39:37 IST 2026, 122 W
Wed Feb 18 18:39:37 IST 2026, 115 W
Wed Feb 18 18:39:37 IST 2026, 144 W
Wed Feb 18 18:39:38 IST 2026, 117 W
Wed Feb 18 18:39:38 IST 2026, 124 W
Wed Feb 18 18:39:38 IST 2026, 126 W
Wed Feb 18 18:39:38 IST 2026, 124 W
Wed Feb 18 18:39:38 IST 2026, 106 W
Wed Feb 18 18:39:38 IST 2026, 122 W
Wed Feb 18 18:39:38 IST 2026, 121 W
Wed Feb 18 18:39:38 IST 2026, 134 W
Wed Feb 18 18:39:39 IST 2026, 123 W
Wed Feb 18 18:39:39 IST 2026, 122 W
Wed Feb 18 18:39:39 IST 2026, 135 W
Wed Feb 18 18:39:39 IST 2026, 119 W
Wed Feb 18 18:39:39 IST 2026, 112 W
Wed Feb 18 18:39:39 IST 2026, 123 W
Wed Feb 18 18:39:39 IST 2026, 122 W
Wed Feb 18 18:39:39 IST 2026, 141 W
Wed Feb 18 18:39:40 IST 2026, 126 W
Wed Feb 18 18:39:40 IST 2026, 122 W
Wed Feb 18 18:39:40 IST 2026, 134 W
Wed Feb 18 18:39:40 IST 2026, 120 W
Wed Feb 18 18:39:40 IST 2026, 114 W
Wed Feb 18 18:39:40 IST 2026, 129 W
Wed Feb 18 18:39:40 IST 2026, 123 W
Wed Feb 18 18:39:40 IST 2026, 141 W
Wed Feb 18 18:39:41 IST 2026, 123 W
Wed Feb 18 18:39:41 IST 2026, 120 W
Wed Feb 18 18:39:41 IST 2026, 127 W
Wed Feb 18 18:39:41 IST 2026, 121 W
Wed Feb 18 18:39:41 IST 2026, 106 W
Wed Feb 18 18:39:41 IST 2026, 121 W
Wed Feb 18 18:39:41 IST 2026, 115 W
Wed Feb 18 18:39:41 IST 2026, 137 W
Wed Feb 18 18:39:42 IST 2026, 124 W
Wed Feb 18 18:39:42 IST 2026, 123 W
Wed Feb 18 18:39:42 IST 2026, 137 W
Wed Feb 18 18:39:42 IST 2026, 119 W
Wed Feb 18 18:39:42 IST 2026, 112 W
Wed Feb 18 18:39:42 IST 2026, 129 W
Wed Feb 18 18:39:42 IST 2026, 128 W
Wed Feb 18 18:39:42 IST 2026, 134 W
Wed Feb 18 18:39:43 IST 2026, 129 W
Wed Feb 18 18:39:43 IST 2026, 125 W
Wed Feb 18 18:39:43 IST 2026, 130 W
Wed Feb 18 18:39:43 IST 2026, 127 W
Wed Feb 18 18:39:43 IST 2026, 116 W
Wed Feb 18 18:39:43 IST 2026, 127 W
Wed Feb 18 18:39:43 IST 2026, 127 W
Wed Feb 18 18:39:43 IST 2026, 138 W
Wed Feb 18 18:39:44 IST 2026, 131 W
Wed Feb 18 18:39:44 IST 2026, 130 W
Wed Feb 18 18:39:44 IST 2026, 139 W
Wed Feb 18 18:39:44 IST 2026, 123 W
Wed Feb 18 18:39:44 IST 2026, 115 W
Wed Feb 18 18:39:44 IST 2026, 132 W
Wed Feb 18 18:39:44 IST 2026, 138 W
Wed Feb 18 18:39:44 IST 2026, 134 W
Wed Feb 18 18:39:45 IST 2026, 116 W
Wed Feb 18 18:39:45 IST 2026, 123 W
Wed Feb 18 18:39:45 IST 2026, 135 W
Wed Feb 18 18:39:45 IST 2026, 123 W
Wed Feb 18 18:39:45 IST 2026, 112 W
Wed Feb 18 18:39:45 IST 2026, 132 W
Wed Feb 18 18:39:45 IST 2026, 129 W
Wed Feb 18 18:39:45 IST 2026, 145 W
Wed Feb 18 18:39:46 IST 2026, 115 W
Wed Feb 18 18:39:46 IST 2026, 123 W
Wed Feb 18 18:39:46 IST 2026, 131 W
Wed Feb 18 18:39:46 IST 2026, 124 W
Wed Feb 18 18:39:46 IST 2026, 113 W
Wed Feb 18 18:39:46 IST 2026, 134 W
Wed Feb 18 18:39:46 IST 2026, 129 W
Wed Feb 18 18:39:46 IST 2026, 142 W
Wed Feb 18 18:39:47 IST 2026, 121 W
Wed Feb 18 18:39:47 IST 2026, 124 W
Wed Feb 18 18:39:47 IST 2026, 136 W
Wed Feb 18 18:39:47 IST 2026, 124 W
Wed Feb 18 18:39:47 IST 2026, 111 W
Wed Feb 18 18:39:47 IST 2026, 128 W
Wed Feb 18 18:39:47 IST 2026, 129 W
Wed Feb 18 18:39:47 IST 2026, 141 W
Wed Feb 18 18:39:48 IST 2026, 116 W
Wed Feb 18 18:39:48 IST 2026, 124 W
Wed Feb 18 18:39:48 IST 2026, 134 W
Wed Feb 18 18:39:48 IST 2026, 123 W
Wed Feb 18 18:39:48 IST 2026, 110 W
Wed Feb 18 18:39:48 IST 2026, 129 W
Wed Feb 18 18:39:48 IST 2026, 121 W
Wed Feb 18 18:39:48 IST 2026, 136 W
Wed Feb 18 18:39:49 IST 2026, 118 W
Wed Feb 18 18:39:49 IST 2026, 124 W
Wed Feb 18 18:39:49 IST 2026, 134 W
Wed Feb 18 18:39:49 IST 2026, 123 W
Wed Feb 18 18:39:49 IST 2026, 113 W
Wed Feb 18 18:39:49 IST 2026, 126 W
Wed Feb 18 18:39:49 IST 2026, 128 W
Wed Feb 18 18:39:49 IST 2026, 139 W
Wed Feb 18 18:39:50 IST 2026, 114 W
Wed Feb 18 18:39:50 IST 2026, 120 W
Wed Feb 18 18:39:50 IST 2026, 125 W
Wed Feb 18 18:39:50 IST 2026, 120 W
Wed Feb 18 18:39:50 IST 2026, 107 W
Wed Feb 18 18:39:50 IST 2026, 126 W
Wed Feb 18 18:39:50 IST 2026, 127 W
Wed Feb 18 18:39:50 IST 2026, 138 W
Wed Feb 18 18:39:51 IST 2026, 120 W
Wed Feb 18 18:39:51 IST 2026, 113 W
Wed Feb 18 18:39:51 IST 2026, 128 W
Wed Feb 18 18:39:51 IST 2026, 119 W
Wed Feb 18 18:39:51 IST 2026, 107 W
Wed Feb 18 18:39:51 IST 2026, 126 W
Wed Feb 18 18:39:51 IST 2026, 124 W
Wed Feb 18 18:39:51 IST 2026, 138 W
Wed Feb 18 18:39:52 IST 2026, 114 W
Wed Feb 18 18:39:52 IST 2026, 120 W
Wed Feb 18 18:39:52 IST 2026, 130 W
Wed Feb 18 18:39:52 IST 2026, 116 W
Wed Feb 18 18:39:52 IST 2026, 108 W
Wed Feb 18 18:39:52 IST 2026, 122 W
Wed Feb 18 18:39:52 IST 2026, 124 W
Wed Feb 18 18:39:52 IST 2026, 129 W
Wed Feb 18 18:39:53 IST 2026, 118 W
Wed Feb 18 18:39:53 IST 2026, 118 W
Wed Feb 18 18:39:53 IST 2026, 123 W
Wed Feb 18 18:39:53 IST 2026, 119 W
Wed Feb 18 18:39:53 IST 2026, 106 W
Wed Feb 18 18:39:53 IST 2026, 124 W
Wed Feb 18 18:39:53 IST 2026, 124 W
Wed Feb 18 18:39:53 IST 2026, 136 W
Wed Feb 18 18:39:54 IST 2026, 120 W
Wed Feb 18 18:39:54 IST 2026, 120 W
Wed Feb 18 18:39:54 IST 2026, 130 W
Wed Feb 18 18:39:54 IST 2026, 120 W
Wed Feb 18 18:39:54 IST 2026, 111 W
Wed Feb 18 18:39:54 IST 2026, 125 W
Wed Feb 18 18:39:54 IST 2026, 128 W
Wed Feb 18 18:39:54 IST 2026, 135 W
Wed Feb 18 18:39:55 IST 2026, 111 W
Wed Feb 18 18:39:55 IST 2026, 123 W
Wed Feb 18 18:39:55 IST 2026, 128 W
Wed Feb 18 18:39:55 IST 2026, 124 W
Wed Feb 18 18:39:55 IST 2026, 112 W
Wed Feb 18 18:39:55 IST 2026, 128 W
Wed Feb 18 18:39:55 IST 2026, 129 W
Wed Feb 18 18:39:55 IST 2026, 144 W
Wed Feb 18 18:39:56 IST 2026, 121 W
Wed Feb 18 18:39:56 IST 2026, 116 W
Wed Feb 18 18:39:56 IST 2026, 134 W
Wed Feb 18 18:39:56 IST 2026, 125 W
Wed Feb 18 18:39:56 IST 2026, 110 W
Wed Feb 18 18:39:56 IST 2026, 119 W
Wed Feb 18 18:39:56 IST 2026, 130 W
Wed Feb 18 18:39:56 IST 2026, 142 W
Wed Feb 18 18:39:57 IST 2026, 120 W
Wed Feb 18 18:39:57 IST 2026, 120 W
Wed Feb 18 18:39:57 IST 2026, 134 W
Wed Feb 18 18:39:57 IST 2026, 122 W
Wed Feb 18 18:39:57 IST 2026, 108 W
Wed Feb 18 18:39:57 IST 2026, 126 W
Wed Feb 18 18:39:57 IST 2026, 125 W
Wed Feb 18 18:39:57 IST 2026, 140 W
Wed Feb 18 18:39:58 IST 2026, 118 W
Wed Feb 18 18:39:58 IST 2026, 120 W
Wed Feb 18 18:39:58 IST 2026, 130 W
Wed Feb 18 18:39:58 IST 2026, 123 W
Wed Feb 18 18:39:58 IST 2026, 114 W
Wed Feb 18 18:39:58 IST 2026, 128 W
Wed Feb 18 18:39:58 IST 2026, 127 W
Wed Feb 18 18:39:58 IST 2026, 136 W
Wed Feb 18 18:39:59 IST 2026, 126 W
Wed Feb 18 18:39:59 IST 2026, 115 W
Wed Feb 18 18:39:59 IST 2026, 125 W
Wed Feb 18 18:39:59 IST 2026, 119 W
Wed Feb 18 18:39:59 IST 2026, 106 W
Wed Feb 18 18:39:59 IST 2026, 125 W
Wed Feb 18 18:39:59 IST 2026, 122 W
Wed Feb 18 18:39:59 IST 2026, 137 W
Wed Feb 18 18:40:00 IST 2026, 110 W
Wed Feb 18 18:40:00 IST 2026, 121 W
Wed Feb 18 18:40:00 IST 2026, 132 W
Wed Feb 18 18:40:00 IST 2026, 118 W
Wed Feb 18 18:40:00 IST 2026, 112 W
Wed Feb 18 18:40:00 IST 2026, 123 W
Wed Feb 18 18:40:00 IST 2026, 122 W
Wed Feb 18 18:40:00 IST 2026, 129 W
Wed Feb 18 18:40:01 IST 2026, 119 W
Wed Feb 18 18:40:01 IST 2026, 124 W
Wed Feb 18 18:40:01 IST 2026, 136 W
Wed Feb 18 18:40:01 IST 2026, 126 W
Wed Feb 18 18:40:01 IST 2026, 116 W
Wed Feb 18 18:40:01 IST 2026, 132 W
Wed Feb 18 18:40:01 IST 2026, 133 W
Wed Feb 18 18:40:01 IST 2026, 145 W
Wed Feb 18 18:40:02 IST 2026, 129 W
Wed Feb 18 18:40:02 IST 2026, 126 W
Wed Feb 18 18:40:02 IST 2026, 132 W
Wed Feb 18 18:40:02 IST 2026, 121 W
Wed Feb 18 18:40:02 IST 2026, 114 W
Wed Feb 18 18:40:02 IST 2026, 133 W
Wed Feb 18 18:40:02 IST 2026, 133 W
Wed Feb 18 18:40:02 IST 2026, 146 W
Wed Feb 18 18:40:03 IST 2026, 124 W
Wed Feb 18 18:40:03 IST 2026, 122 W
Wed Feb 18 18:40:03 IST 2026, 132 W
Wed Feb 18 18:40:03 IST 2026, 121 W
Wed Feb 18 18:40:03 IST 2026, 105 W
Wed Feb 18 18:40:03 IST 2026, 127 W
Wed Feb 18 18:40:03 IST 2026, 127 W
Wed Feb 18 18:40:03 IST 2026, 140 W
Wed Feb 18 18:40:04 IST 2026, 122 W
Wed Feb 18 18:40:04 IST 2026, 116 W
Wed Feb 18 18:40:04 IST 2026, 128 W
Wed Feb 18 18:40:04 IST 2026, 120 W
Wed Feb 18 18:40:04 IST 2026, 106 W
Wed Feb 18 18:40:04 IST 2026, 126 W
Wed Feb 18 18:40:04 IST 2026, 121 W
Wed Feb 18 18:40:04 IST 2026, 134 W
Wed Feb 18 18:40:05 IST 2026, 120 W
Wed Feb 18 18:40:05 IST 2026, 117 W
Wed Feb 18 18:40:05 IST 2026, 130 W
Wed Feb 18 18:40:05 IST 2026, 121 W
Wed Feb 18 18:40:05 IST 2026, 108 W
Wed Feb 18 18:40:05 IST 2026, 123 W
Wed Feb 18 18:40:05 IST 2026, 117 W
Wed Feb 18 18:40:05 IST 2026, 136 W
Wed Feb 18 18:40:06 IST 2026, 111 W
Wed Feb 18 18:40:06 IST 2026, 115 W
Wed Feb 18 18:40:06 IST 2026, 137 W
Wed Feb 18 18:40:06 IST 2026, 122 W
Wed Feb 18 18:40:06 IST 2026, 107 W
Wed Feb 18 18:40:06 IST 2026, 123 W
Wed Feb 18 18:40:06 IST 2026, 123 W
Wed Feb 18 18:40:06 IST 2026, 136 W
Wed Feb 18 18:40:07 IST 2026, 126 W
Wed Feb 18 18:40:07 IST 2026, 121 W
Wed Feb 18 18:40:07 IST 2026, 130 W
Wed Feb 18 18:40:07 IST 2026, 132 W
Wed Feb 18 18:40:07 IST 2026, 114 W
Wed Feb 18 18:40:07 IST 2026, 129 W
Wed Feb 18 18:40:07 IST 2026, 128 W
Wed Feb 18 18:40:07 IST 2026, 147 W
Wed Feb 18 18:40:08 IST 2026, 124 W
Wed Feb 18 18:40:08 IST 2026, 123 W
Wed Feb 18 18:40:08 IST 2026, 136 W
Wed Feb 18 18:40:08 IST 2026, 130 W
Wed Feb 18 18:40:08 IST 2026, 112 W
Wed Feb 18 18:40:08 IST 2026, 127 W
Wed Feb 18 18:40:08 IST 2026, 130 W
Wed Feb 18 18:40:08 IST 2026, 143 W
Wed Feb 18 18:40:09 IST 2026, 117 W
Wed Feb 18 18:40:09 IST 2026, 123 W
Wed Feb 18 18:40:09 IST 2026, 132 W
Wed Feb 18 18:40:09 IST 2026, 122 W
Wed Feb 18 18:40:09 IST 2026, 109 W
Wed Feb 18 18:40:09 IST 2026, 131 W
Wed Feb 18 18:40:09 IST 2026, 131 W
Wed Feb 18 18:40:09 IST 2026, 144 W
Wed Feb 18 18:40:10 IST 2026, 124 W
Wed Feb 18 18:40:10 IST 2026, 116 W
Wed Feb 18 18:40:10 IST 2026, 137 W
Wed Feb 18 18:40:10 IST 2026, 124 W
Wed Feb 18 18:40:10 IST 2026, 106 W
Wed Feb 18 18:40:10 IST 2026, 124 W
Wed Feb 18 18:40:10 IST 2026, 125 W
Wed Feb 18 18:40:10 IST 2026, 134 W
Wed Feb 18 18:40:11 IST 2026, 120 W
Wed Feb 18 18:40:11 IST 2026, 115 W
Wed Feb 18 18:40:11 IST 2026, 118 W
Wed Feb 18 18:40:11 IST 2026, 119 W
Wed Feb 18 18:40:11 IST 2026, 103 W
Wed Feb 18 18:40:11 IST 2026, 116 W
Wed Feb 18 18:40:11 IST 2026, 108 W
Wed Feb 18 18:40:11 IST 2026, 131 W
Wed Feb 18 18:40:12 IST 2026, 125 W
Wed Feb 18 18:40:12 IST 2026, 119 W
Wed Feb 18 18:40:12 IST 2026, 124 W
Wed Feb 18 18:40:12 IST 2026, 116 W
Wed Feb 18 18:40:12 IST 2026, 106 W
Wed Feb 18 18:40:12 IST 2026, 112 W
Wed Feb 18 18:40:12 IST 2026, 127 W
Wed Feb 18 18:40:12 IST 2026, 139 W
Wed Feb 18 18:40:13 IST 2026, 122 W
Wed Feb 18 18:40:13 IST 2026, 113 W
Wed Feb 18 18:40:13 IST 2026, 137 W
Wed Feb 18 18:40:13 IST 2026, 121 W
Wed Feb 18 18:40:13 IST 2026, 111 W
Wed Feb 18 18:40:13 IST 2026, 125 W
Wed Feb 18 18:40:13 IST 2026, 127 W
Wed Feb 18 18:40:13 IST 2026, 147 W
Wed Feb 18 18:40:14 IST 2026, 119 W
Wed Feb 18 18:40:14 IST 2026, 113 W
Wed Feb 18 18:40:14 IST 2026, 128 W
Wed Feb 18 18:40:14 IST 2026, 123 W
Wed Feb 18 18:40:14 IST 2026, 111 W
Wed Feb 18 18:40:14 IST 2026, 122 W
Wed Feb 18 18:40:14 IST 2026, 120 W
Wed Feb 18 18:40:14 IST 2026, 136 W
Wed Feb 18 18:40:15 IST 2026, 126 W
Wed Feb 18 18:40:15 IST 2026, 117 W
Wed Feb 18 18:40:15 IST 2026, 131 W
Wed Feb 18 18:40:15 IST 2026, 124 W
Wed Feb 18 18:40:15 IST 2026, 114 W
Wed Feb 18 18:40:15 IST 2026, 128 W
Wed Feb 18 18:40:15 IST 2026, 129 W
Wed Feb 18 18:40:15 IST 2026, 146 W
Wed Feb 18 18:40:16 IST 2026, 125 W
Wed Feb 18 18:40:16 IST 2026, 121 W
Wed Feb 18 18:40:16 IST 2026, 128 W
Wed Feb 18 18:40:16 IST 2026, 125 W
Wed Feb 18 18:40:16 IST 2026, 112 W
Wed Feb 18 18:40:16 IST 2026, 128 W
Wed Feb 18 18:40:16 IST 2026, 127 W
Wed Feb 18 18:40:16 IST 2026, 141 W
Wed Feb 18 18:40:17 IST 2026, 117 W
Wed Feb 18 18:40:17 IST 2026, 116 W
Wed Feb 18 18:40:17 IST 2026, 127 W
Wed Feb 18 18:40:17 IST 2026, 119 W
Wed Feb 18 18:40:17 IST 2026, 108 W
Wed Feb 18 18:40:17 IST 2026, 121 W
Wed Feb 18 18:40:17 IST 2026, 116 W
Wed Feb 18 18:40:17 IST 2026, 136 W
Wed Feb 18 18:40:18 IST 2026, 114 W
Wed Feb 18 18:40:18 IST 2026, 114 W
Wed Feb 18 18:40:18 IST 2026, 137 W
Wed Feb 18 18:40:18 IST 2026, 121 W
Wed Feb 18 18:40:18 IST 2026, 107 W
Wed Feb 18 18:40:18 IST 2026, 126 W
Wed Feb 18 18:40:18 IST 2026, 122 W
Wed Feb 18 18:40:18 IST 2026, 138 W
Wed Feb 18 18:40:19 IST 2026, 119 W
Wed Feb 18 18:40:19 IST 2026, 120 W
Wed Feb 18 18:40:19 IST 2026, 130 W
Wed Feb 18 18:40:19 IST 2026, 115 W
Wed Feb 18 18:40:19 IST 2026, 107 W
Wed Feb 18 18:40:19 IST 2026, 123 W
Wed Feb 18 18:40:19 IST 2026, 119 W
Wed Feb 18 18:40:19 IST 2026, 138 W
Wed Feb 18 18:40:20 IST 2026, 127 W
Wed Feb 18 18:40:20 IST 2026, 119 W
Wed Feb 18 18:40:20 IST 2026, 140 W
Wed Feb 18 18:40:20 IST 2026, 122 W
Wed Feb 18 18:40:20 IST 2026, 111 W
Wed Feb 18 18:40:20 IST 2026, 125 W
Wed Feb 18 18:40:20 IST 2026, 125 W
Wed Feb 18 18:40:20 IST 2026, 140 W
Wed Feb 18 18:40:21 IST 2026, 120 W
Wed Feb 18 18:40:21 IST 2026, 121 W
Wed Feb 18 18:40:21 IST 2026, 133 W
Wed Feb 18 18:40:21 IST 2026, 123 W
Wed Feb 18 18:40:21 IST 2026, 112 W
Wed Feb 18 18:40:21 IST 2026, 124 W
Wed Feb 18 18:40:21 IST 2026, 127 W
Wed Feb 18 18:40:21 IST 2026, 141 W
Wed Feb 18 18:40:22 IST 2026, 124 W
Wed Feb 18 18:40:22 IST 2026, 119 W
Wed Feb 18 18:40:22 IST 2026, 130 W
Wed Feb 18 18:40:22 IST 2026, 116 W
Wed Feb 18 18:40:22 IST 2026, 115 W
Wed Feb 18 18:40:22 IST 2026, 122 W
Wed Feb 18 18:40:22 IST 2026, 126 W
Wed Feb 18 18:40:22 IST 2026, 134 W
Wed Feb 18 18:40:23 IST 2026, 118 W
Wed Feb 18 18:40:23 IST 2026, 119 W
Wed Feb 18 18:40:23 IST 2026, 128 W
Wed Feb 18 18:40:23 IST 2026, 120 W
Wed Feb 18 18:40:23 IST 2026, 111 W
Wed Feb 18 18:40:23 IST 2026, 121 W
Wed Feb 18 18:40:23 IST 2026, 123 W
Wed Feb 18 18:40:23 IST 2026, 134 W
Wed Feb 18 18:40:24 IST 2026, 114 W
Wed Feb 18 18:40:24 IST 2026, 120 W
Wed Feb 18 18:40:24 IST 2026, 129 W
Wed Feb 18 18:40:24 IST 2026, 120 W
Wed Feb 18 18:40:24 IST 2026, 105 W
Wed Feb 18 18:40:24 IST 2026, 123 W
Wed Feb 18 18:40:24 IST 2026, 123 W
Wed Feb 18 18:40:24 IST 2026, 132 W
Wed Feb 18 18:40:25 IST 2026, 119 W
Wed Feb 18 18:40:25 IST 2026, 111 W
Wed Feb 18 18:40:25 IST 2026, 134 W
Wed Feb 18 18:40:25 IST 2026, 119 W
Wed Feb 18 18:40:25 IST 2026, 107 W
Wed Feb 18 18:40:25 IST 2026, 121 W
Wed Feb 18 18:40:25 IST 2026, 119 W
Wed Feb 18 18:40:25 IST 2026, 128 W
Wed Feb 18 18:40:26 IST 2026, 115 W
Wed Feb 18 18:40:26 IST 2026, 115 W
Wed Feb 18 18:40:26 IST 2026, 133 W
Wed Feb 18 18:40:26 IST 2026, 119 W
Wed Feb 18 18:40:26 IST 2026, 112 W
Wed Feb 18 18:40:26 IST 2026, 123 W
Wed Feb 18 18:40:26 IST 2026, 128 W
Wed Feb 18 18:40:26 IST 2026, 144 W
Wed Feb 18 18:40:27 IST 2026, 127 W
Wed Feb 18 18:40:27 IST 2026, 116 W
Wed Feb 18 18:40:27 IST 2026, 129 W
Wed Feb 18 18:40:27 IST 2026, 123 W
Wed Feb 18 18:40:27 IST 2026, 111 W
Wed Feb 18 18:40:27 IST 2026, 127 W
Wed Feb 18 18:40:27 IST 2026, 129 W
Wed Feb 18 18:40:27 IST 2026, 146 W
Wed Feb 18 18:40:28 IST 2026, 112 W
Wed Feb 18 18:40:28 IST 2026, 110 W
Wed Feb 18 18:40:28 IST 2026, 124 W
Wed Feb 18 18:40:28 IST 2026, 116 W
Wed Feb 18 18:40:28 IST 2026, 99 W
Wed Feb 18 18:40:28 IST 2026, 114 W
Wed Feb 18 18:40:28 IST 2026, 110 W
Wed Feb 18 18:40:28 IST 2026, 132 W
Wed Feb 18 18:40:29 IST 2026, 114 W
Wed Feb 18 18:40:29 IST 2026, 112 W
Wed Feb 18 18:40:29 IST 2026, 121 W
Wed Feb 18 18:40:29 IST 2026, 115 W
Wed Feb 18 18:40:29 IST 2026, 101 W
Wed Feb 18 18:40:29 IST 2026, 117 W
Wed Feb 18 18:40:29 IST 2026, 110 W
Wed Feb 18 18:40:29 IST 2026, 132 W
Wed Feb 18 18:40:30 IST 2026, 114 W
Wed Feb 18 18:40:30 IST 2026, 110 W
Wed Feb 18 18:40:30 IST 2026, 128 W
Wed Feb 18 18:40:30 IST 2026, 116 W
Wed Feb 18 18:40:30 IST 2026, 100 W
Wed Feb 18 18:40:30 IST 2026, 117 W
Wed Feb 18 18:40:30 IST 2026, 113 W
Wed Feb 18 18:40:30 IST 2026, 137 W
Wed Feb 18 18:40:31 IST 2026, 116 W
Wed Feb 18 18:40:31 IST 2026, 113 W
Wed Feb 18 18:40:31 IST 2026, 117 W
Wed Feb 18 18:40:31 IST 2026, 117 W
Wed Feb 18 18:40:31 IST 2026, 101 W
Wed Feb 18 18:40:31 IST 2026, 124 W
Wed Feb 18 18:40:31 IST 2026, 117 W
Wed Feb 18 18:40:31 IST 2026, 133 W
Wed Feb 18 18:40:32 IST 2026, 116 W
Wed Feb 18 18:40:32 IST 2026, 117 W
Wed Feb 18 18:40:32 IST 2026, 122 W
Wed Feb 18 18:40:32 IST 2026, 114 W
Wed Feb 18 18:40:32 IST 2026, 100 W
Wed Feb 18 18:40:32 IST 2026, 118 W
Wed Feb 18 18:40:32 IST 2026, 114 W
Wed Feb 18 18:40:32 IST 2026, 137 W
Wed Feb 18 18:40:33 IST 2026, 123 W
Wed Feb 18 18:40:33 IST 2026, 117 W
Wed Feb 18 18:40:33 IST 2026, 130 W
Wed Feb 18 18:40:33 IST 2026, 119 W
Wed Feb 18 18:40:33 IST 2026, 109 W
Wed Feb 18 18:40:33 IST 2026, 126 W
Wed Feb 18 18:40:33 IST 2026, 120 W
Wed Feb 18 18:40:33 IST 2026, 141 W
Wed Feb 18 18:40:34 IST 2026, 113 W
Wed Feb 18 18:40:34 IST 2026, 119 W
Wed Feb 18 18:40:34 IST 2026, 136 W
Wed Feb 18 18:40:34 IST 2026, 121 W
Wed Feb 18 18:40:34 IST 2026, 113 W
Wed Feb 18 18:40:34 IST 2026, 124 W
Wed Feb 18 18:40:34 IST 2026, 129 W
Wed Feb 18 18:40:34 IST 2026, 139 W
Wed Feb 18 18:40:35 IST 2026, 112 W
Wed Feb 18 18:40:35 IST 2026, 119 W
Wed Feb 18 18:40:35 IST 2026, 125 W
Wed Feb 18 18:40:35 IST 2026, 114 W
Wed Feb 18 18:40:35 IST 2026, 102 W
Wed Feb 18 18:40:35 IST 2026, 120 W
Wed Feb 18 18:40:35 IST 2026, 114 W
Wed Feb 18 18:40:35 IST 2026, 138 W
Wed Feb 18 18:40:36 IST 2026, 115 W
Wed Feb 18 18:40:36 IST 2026, 123 W
Wed Feb 18 18:40:36 IST 2026, 134 W
Wed Feb 18 18:40:36 IST 2026, 122 W
Wed Feb 18 18:40:36 IST 2026, 108 W
Wed Feb 18 18:40:36 IST 2026, 119 W
Wed Feb 18 18:40:36 IST 2026, 122 W
Wed Feb 18 18:40:36 IST 2026, 138 W
Wed Feb 18 18:40:37 IST 2026, 113 W
Wed Feb 18 18:40:37 IST 2026, 122 W
Wed Feb 18 18:40:37 IST 2026, 132 W
Wed Feb 18 18:40:37 IST 2026, 123 W
Wed Feb 18 18:40:37 IST 2026, 113 W
Wed Feb 18 18:40:37 IST 2026, 128 W
Wed Feb 18 18:40:37 IST 2026, 125 W
Wed Feb 18 18:40:37 IST 2026, 142 W
Wed Feb 18 18:40:38 IST 2026, 113 W
Wed Feb 18 18:40:38 IST 2026, 118 W
Wed Feb 18 18:40:38 IST 2026, 123 W
Wed Feb 18 18:40:38 IST 2026, 117 W
Wed Feb 18 18:40:38 IST 2026, 107 W
Wed Feb 18 18:40:38 IST 2026, 120 W
Wed Feb 18 18:40:38 IST 2026, 118 W
Wed Feb 18 18:40:38 IST 2026, 134 W
Wed Feb 18 18:40:39 IST 2026, 122 W
Wed Feb 18 18:40:39 IST 2026, 123 W
Wed Feb 18 18:40:39 IST 2026, 127 W
Wed Feb 18 18:40:39 IST 2026, 124 W
Wed Feb 18 18:40:39 IST 2026, 111 W
Wed Feb 18 18:40:39 IST 2026, 120 W
Wed Feb 18 18:40:39 IST 2026, 126 W
Wed Feb 18 18:40:39 IST 2026, 138 W
Wed Feb 18 18:40:40 IST 2026, 118 W
Wed Feb 18 18:40:40 IST 2026, 120 W
Wed Feb 18 18:40:40 IST 2026, 131 W
Wed Feb 18 18:40:40 IST 2026, 124 W
Wed Feb 18 18:40:40 IST 2026, 111 W
Wed Feb 18 18:40:40 IST 2026, 123 W
Wed Feb 18 18:40:40 IST 2026, 124 W
Wed Feb 18 18:40:40 IST 2026, 138 W
Wed Feb 18 18:40:41 IST 2026, 110 W
Wed Feb 18 18:40:41 IST 2026, 114 W
Wed Feb 18 18:40:41 IST 2026, 128 W
Wed Feb 18 18:40:41 IST 2026, 118 W
Wed Feb 18 18:40:41 IST 2026, 103 W
Wed Feb 18 18:40:41 IST 2026, 116 W
Wed Feb 18 18:40:41 IST 2026, 121 W
Wed Feb 18 18:40:41 IST 2026, 142 W
Wed Feb 18 18:40:42 IST 2026, 123 W
Wed Feb 18 18:40:42 IST 2026, 119 W
Wed Feb 18 18:40:42 IST 2026, 131 W
Wed Feb 18 18:40:42 IST 2026, 119 W
Wed Feb 18 18:40:42 IST 2026, 112 W
Wed Feb 18 18:40:42 IST 2026, 125 W
Wed Feb 18 18:40:42 IST 2026, 118 W
Wed Feb 18 18:40:42 IST 2026, 140 W
Wed Feb 18 18:40:43 IST 2026, 113 W
Wed Feb 18 18:40:43 IST 2026, 124 W
Wed Feb 18 18:40:43 IST 2026, 129 W
Wed Feb 18 18:40:43 IST 2026, 123 W
Wed Feb 18 18:40:43 IST 2026, 114 W
Wed Feb 18 18:40:43 IST 2026, 127 W
Wed Feb 18 18:40:43 IST 2026, 126 W
Wed Feb 18 18:40:43 IST 2026, 141 W
Wed Feb 18 18:40:44 IST 2026, 120 W
Wed Feb 18 18:40:44 IST 2026, 119 W
Wed Feb 18 18:40:44 IST 2026, 136 W
Wed Feb 18 18:40:44 IST 2026, 122 W
Wed Feb 18 18:40:44 IST 2026, 106 W
Wed Feb 18 18:40:44 IST 2026, 124 W
Wed Feb 18 18:40:44 IST 2026, 114 W
Wed Feb 18 18:40:44 IST 2026, 140 W
Wed Feb 18 18:40:45 IST 2026, 120 W
Wed Feb 18 18:40:45 IST 2026, 114 W
Wed Feb 18 18:40:45 IST 2026, 128 W
Wed Feb 18 18:40:45 IST 2026, 119 W
Wed Feb 18 18:40:45 IST 2026, 107 W
Wed Feb 18 18:40:45 IST 2026, 123 W
Wed Feb 18 18:40:45 IST 2026, 113 W
Wed Feb 18 18:40:45 IST 2026, 133 W
Wed Feb 18 18:40:46 IST 2026, 111 W
Wed Feb 18 18:40:46 IST 2026, 116 W
Wed Feb 18 18:40:46 IST 2026, 123 W
Wed Feb 18 18:40:46 IST 2026, 113 W
Wed Feb 18 18:40:46 IST 2026, 102 W
Wed Feb 18 18:40:46 IST 2026, 119 W
Wed Feb 18 18:40:46 IST 2026, 111 W
Wed Feb 18 18:40:46 IST 2026, 132 W
Wed Feb 18 18:40:47 IST 2026, 121 W
Wed Feb 18 18:40:47 IST 2026, 118 W
Wed Feb 18 18:40:47 IST 2026, 125 W
Wed Feb 18 18:40:47 IST 2026, 117 W
Wed Feb 18 18:40:47 IST 2026, 107 W
Wed Feb 18 18:40:47 IST 2026, 123 W
Wed Feb 18 18:40:47 IST 2026, 116 W
Wed Feb 18 18:40:47 IST 2026, 135 W
Wed Feb 18 18:40:48 IST 2026, 118 W
Wed Feb 18 18:40:48 IST 2026, 116 W
Wed Feb 18 18:40:48 IST 2026, 126 W
Wed Feb 18 18:40:48 IST 2026, 115 W
Wed Feb 18 18:40:48 IST 2026, 108 W
Wed Feb 18 18:40:48 IST 2026, 124 W
Wed Feb 18 18:40:48 IST 2026, 113 W
Wed Feb 18 18:40:48 IST 2026, 134 W
Wed Feb 18 18:40:49 IST 2026, 114 W
Wed Feb 18 18:40:49 IST 2026, 113 W
Wed Feb 18 18:40:49 IST 2026, 127 W
Wed Feb 18 18:40:49 IST 2026, 113 W
Wed Feb 18 18:40:49 IST 2026, 114 W
Wed Feb 18 18:40:49 IST 2026, 120 W
Wed Feb 18 18:40:49 IST 2026, 113 W
Wed Feb 18 18:40:49 IST 2026, 131 W
Wed Feb 18 18:40:50 IST 2026, 123 W
Wed Feb 18 18:40:50 IST 2026, 118 W
Wed Feb 18 18:40:50 IST 2026, 128 W
Wed Feb 18 18:40:50 IST 2026, 121 W
Wed Feb 18 18:40:50 IST 2026, 113 W
Wed Feb 18 18:40:50 IST 2026, 124 W
Wed Feb 18 18:40:50 IST 2026, 120 W
Wed Feb 18 18:40:50 IST 2026, 126 W
Wed Feb 18 18:40:51 IST 2026, 120 W
Wed Feb 18 18:40:51 IST 2026, 112 W
Wed Feb 18 18:40:51 IST 2026, 127 W
Wed Feb 18 18:40:51 IST 2026, 116 W
Wed Feb 18 18:40:51 IST 2026, 102 W
Wed Feb 18 18:40:51 IST 2026, 121 W
Wed Feb 18 18:40:51 IST 2026, 112 W
Wed Feb 18 18:40:51 IST 2026, 128 W
Wed Feb 18 18:40:52 IST 2026, 121 W
Wed Feb 18 18:40:52 IST 2026, 115 W
Wed Feb 18 18:40:52 IST 2026, 127 W
Wed Feb 18 18:40:52 IST 2026, 117 W
Wed Feb 18 18:40:52 IST 2026, 107 W
Wed Feb 18 18:40:52 IST 2026, 123 W
Wed Feb 18 18:40:52 IST 2026, 117 W
Wed Feb 18 18:40:52 IST 2026, 132 W
Wed Feb 18 18:40:53 IST 2026, 122 W
Wed Feb 18 18:40:53 IST 2026, 118 W
Wed Feb 18 18:40:53 IST 2026, 129 W
Wed Feb 18 18:40:53 IST 2026, 118 W
Wed Feb 18 18:40:53 IST 2026, 112 W
Wed Feb 18 18:40:53 IST 2026, 122 W
Wed Feb 18 18:40:53 IST 2026, 126 W
Wed Feb 18 18:40:53 IST 2026, 137 W
Wed Feb 18 18:40:54 IST 2026, 129 W
Wed Feb 18 18:40:54 IST 2026, 123 W
Wed Feb 18 18:40:54 IST 2026, 136 W
Wed Feb 18 18:40:54 IST 2026, 123 W
Wed Feb 18 18:40:54 IST 2026, 106 W
Wed Feb 18 18:40:54 IST 2026, 129 W
Wed Feb 18 18:40:54 IST 2026, 133 W
Wed Feb 18 18:40:54 IST 2026, 153 W
Wed Feb 18 18:40:55 IST 2026, 121 W
Wed Feb 18 18:40:55 IST 2026, 114 W
Wed Feb 18 18:40:55 IST 2026, 133 W
Wed Feb 18 18:40:55 IST 2026, 122 W
Wed Feb 18 18:40:55 IST 2026, 110 W
Wed Feb 18 18:40:55 IST 2026, 124 W
Wed Feb 18 18:40:55 IST 2026, 116 W
Wed Feb 18 18:40:55 IST 2026, 136 W
Wed Feb 18 18:40:56 IST 2026, 117 W
Wed Feb 18 18:40:56 IST 2026, 109 W
Wed Feb 18 18:40:56 IST 2026, 120 W
Wed Feb 18 18:40:56 IST 2026, 114 W
Wed Feb 18 18:40:56 IST 2026, 106 W
Wed Feb 18 18:40:56 IST 2026, 119 W
Wed Feb 18 18:40:56 IST 2026, 116 W
Wed Feb 18 18:40:56 IST 2026, 130 W
Wed Feb 18 18:40:57 IST 2026, 120 W
Wed Feb 18 18:40:57 IST 2026, 124 W
Wed Feb 18 18:40:57 IST 2026, 126 W
Wed Feb 18 18:40:57 IST 2026, 119 W
Wed Feb 18 18:40:57 IST 2026, 106 W
Wed Feb 18 18:40:57 IST 2026, 127 W
Wed Feb 18 18:40:57 IST 2026, 122 W
Wed Feb 18 18:40:57 IST 2026, 136 W
Wed Feb 18 18:40:58 IST 2026, 126 W
Wed Feb 18 18:40:58 IST 2026, 117 W
Wed Feb 18 18:40:58 IST 2026, 131 W
Wed Feb 18 18:40:58 IST 2026, 118 W
Wed Feb 18 18:40:58 IST 2026, 107 W
Wed Feb 18 18:40:58 IST 2026, 124 W
Wed Feb 18 18:40:58 IST 2026, 120 W
Wed Feb 18 18:40:58 IST 2026, 139 W
Wed Feb 18 18:40:59 IST 2026, 114 W
Wed Feb 18 18:40:59 IST 2026, 125 W
Wed Feb 18 18:40:59 IST 2026, 125 W
Wed Feb 18 18:40:59 IST 2026, 118 W
Wed Feb 18 18:40:59 IST 2026, 111 W
Wed Feb 18 18:40:59 IST 2026, 122 W
Wed Feb 18 18:40:59 IST 2026, 123 W
Wed Feb 18 18:40:59 IST 2026, 136 W
Wed Feb 18 18:41:00 IST 2026, 119 W
Wed Feb 18 18:41:00 IST 2026, 121 W
Wed Feb 18 18:41:00 IST 2026, 137 W
Wed Feb 18 18:41:00 IST 2026, 124 W
Wed Feb 18 18:41:00 IST 2026, 109 W
Wed Feb 18 18:41:00 IST 2026, 127 W
Wed Feb 18 18:41:00 IST 2026, 126 W
Wed Feb 18 18:41:00 IST 2026, 138 W
Wed Feb 18 18:41:01 IST 2026, 126 W
Wed Feb 18 18:41:01 IST 2026, 118 W
Wed Feb 18 18:41:01 IST 2026, 130 W
Wed Feb 18 18:41:01 IST 2026, 124 W
Wed Feb 18 18:41:01 IST 2026, 107 W
Wed Feb 18 18:41:01 IST 2026, 126 W
Wed Feb 18 18:41:01 IST 2026, 127 W
Wed Feb 18 18:41:01 IST 2026, 140 W
Wed Feb 18 18:41:02 IST 2026, 127 W
Wed Feb 18 18:41:02 IST 2026, 125 W
Wed Feb 18 18:41:02 IST 2026, 133 W
Wed Feb 18 18:41:02 IST 2026, 123 W
Wed Feb 18 18:41:02 IST 2026, 115 W
Wed Feb 18 18:41:02 IST 2026, 132 W
Wed Feb 18 18:41:02 IST 2026, 130 W
Wed Feb 18 18:41:02 IST 2026, 142 W
Wed Feb 18 18:41:03 IST 2026, 116 W
Wed Feb 18 18:41:03 IST 2026, 121 W
Wed Feb 18 18:41:03 IST 2026, 130 W
Wed Feb 18 18:41:03 IST 2026, 116 W
Wed Feb 18 18:41:03 IST 2026, 106 W
Wed Feb 18 18:41:03 IST 2026, 119 W
Wed Feb 18 18:41:03 IST 2026, 121 W
Wed Feb 18 18:41:03 IST 2026, 132 W
Wed Feb 18 18:41:04 IST 2026, 122 W
Wed Feb 18 18:41:04 IST 2026, 124 W
Wed Feb 18 18:41:04 IST 2026, 141 W
Wed Feb 18 18:41:04 IST 2026, 123 W
Wed Feb 18 18:41:04 IST 2026, 110 W
Wed Feb 18 18:41:04 IST 2026, 128 W
Wed Feb 18 18:41:04 IST 2026, 128 W
Wed Feb 18 18:41:04 IST 2026, 141 W
Wed Feb 18 18:41:05 IST 2026, 121 W
Wed Feb 18 18:41:05 IST 2026, 122 W
Wed Feb 18 18:41:05 IST 2026, 132 W
Wed Feb 18 18:41:05 IST 2026, 121 W
Wed Feb 18 18:41:05 IST 2026, 116 W
Wed Feb 18 18:41:05 IST 2026, 126 W
Wed Feb 18 18:41:05 IST 2026, 122 W
Wed Feb 18 18:41:05 IST 2026, 141 W
Wed Feb 18 18:41:06 IST 2026, 119 W
Wed Feb 18 18:41:06 IST 2026, 122 W
Wed Feb 18 18:41:06 IST 2026, 137 W
Wed Feb 18 18:41:06 IST 2026, 121 W
Wed Feb 18 18:41:06 IST 2026, 109 W
Wed Feb 18 18:41:06 IST 2026, 129 W
Wed Feb 18 18:41:06 IST 2026, 125 W
Wed Feb 18 18:41:06 IST 2026, 139 W
Wed Feb 18 18:41:07 IST 2026, 117 W
Wed Feb 18 18:41:07 IST 2026, 120 W
Wed Feb 18 18:41:07 IST 2026, 138 W
Wed Feb 18 18:41:07 IST 2026, 121 W
Wed Feb 18 18:41:07 IST 2026, 111 W
Wed Feb 18 18:41:07 IST 2026, 126 W
Wed Feb 18 18:41:07 IST 2026, 127 W
Wed Feb 18 18:41:07 IST 2026, 140 W
Wed Feb 18 18:41:08 IST 2026, 123 W
Wed Feb 18 18:41:08 IST 2026, 120 W
Wed Feb 18 18:41:08 IST 2026, 125 W
Wed Feb 18 18:41:08 IST 2026, 121 W
Wed Feb 18 18:41:08 IST 2026, 112 W
Wed Feb 18 18:41:08 IST 2026, 125 W
Wed Feb 18 18:41:08 IST 2026, 126 W
Wed Feb 18 18:41:08 IST 2026, 142 W
Wed Feb 18 18:41:09 IST 2026, 125 W
Wed Feb 18 18:41:09 IST 2026, 116 W
Wed Feb 18 18:41:09 IST 2026, 130 W
Wed Feb 18 18:41:09 IST 2026, 121 W
Wed Feb 18 18:41:09 IST 2026, 115 W
Wed Feb 18 18:41:09 IST 2026, 126 W
Wed Feb 18 18:41:09 IST 2026, 124 W
Wed Feb 18 18:41:09 IST 2026, 141 W
Wed Feb 18 18:41:10 IST 2026, 110 W
Wed Feb 18 18:41:10 IST 2026, 115 W
Wed Feb 18 18:41:10 IST 2026, 123 W
Wed Feb 18 18:41:10 IST 2026, 117 W
Wed Feb 18 18:41:10 IST 2026, 104 W
Wed Feb 18 18:41:10 IST 2026, 120 W
Wed Feb 18 18:41:10 IST 2026, 116 W
Wed Feb 18 18:41:10 IST 2026, 129 W
Wed Feb 18 18:41:11 IST 2026, 120 W
Wed Feb 18 18:41:11 IST 2026, 117 W
Wed Feb 18 18:41:11 IST 2026, 126 W
Wed Feb 18 18:41:11 IST 2026, 119 W
Wed Feb 18 18:41:11 IST 2026, 104 W
Wed Feb 18 18:41:11 IST 2026, 127 W
Wed Feb 18 18:41:11 IST 2026, 121 W
Wed Feb 18 18:41:11 IST 2026, 136 W
Wed Feb 18 18:41:12 IST 2026, 124 W
Wed Feb 18 18:41:12 IST 2026, 123 W
Wed Feb 18 18:41:12 IST 2026, 135 W
Wed Feb 18 18:41:12 IST 2026, 123 W
Wed Feb 18 18:41:12 IST 2026, 117 W
Wed Feb 18 18:41:12 IST 2026, 129 W
Wed Feb 18 18:41:12 IST 2026, 129 W
Wed Feb 18 18:41:12 IST 2026, 142 W
Wed Feb 18 18:41:13 IST 2026, 118 W
Wed Feb 18 18:41:13 IST 2026, 122 W
Wed Feb 18 18:41:13 IST 2026, 131 W
Wed Feb 18 18:41:13 IST 2026, 124 W
Wed Feb 18 18:41:13 IST 2026, 112 W
Wed Feb 18 18:41:13 IST 2026, 129 W
Wed Feb 18 18:41:13 IST 2026, 128 W
Wed Feb 18 18:41:13 IST 2026, 140 W
Wed Feb 18 18:41:14 IST 2026, 124 W
Wed Feb 18 18:41:14 IST 2026, 118 W
Wed Feb 18 18:41:14 IST 2026, 125 W
Wed Feb 18 18:41:14 IST 2026, 122 W
Wed Feb 18 18:41:14 IST 2026, 106 W
Wed Feb 18 18:41:14 IST 2026, 125 W
Wed Feb 18 18:41:14 IST 2026, 122 W
Wed Feb 18 18:41:14 IST 2026, 143 W
Wed Feb 18 18:41:15 IST 2026, 116 W
Wed Feb 18 18:41:15 IST 2026, 117 W
Wed Feb 18 18:41:15 IST 2026, 134 W
Wed Feb 18 18:41:15 IST 2026, 122 W
Wed Feb 18 18:41:15 IST 2026, 112 W
Wed Feb 18 18:41:15 IST 2026, 122 W
Wed Feb 18 18:41:15 IST 2026, 124 W
Wed Feb 18 18:41:15 IST 2026, 140 W
Wed Feb 18 18:41:16 IST 2026, 117 W
Wed Feb 18 18:41:16 IST 2026, 123 W
Wed Feb 18 18:41:16 IST 2026, 131 W
Wed Feb 18 18:41:16 IST 2026, 125 W
Wed Feb 18 18:41:16 IST 2026, 112 W
Wed Feb 18 18:41:16 IST 2026, 128 W
Wed Feb 18 18:41:16 IST 2026, 125 W
Wed Feb 18 18:41:16 IST 2026, 140 W
Wed Feb 18 18:41:17 IST 2026, 111 W
Wed Feb 18 18:41:17 IST 2026, 116 W
Wed Feb 18 18:41:17 IST 2026, 127 W
Wed Feb 18 18:41:17 IST 2026, 121 W
Wed Feb 18 18:41:17 IST 2026, 112 W
Wed Feb 18 18:41:17 IST 2026, 128 W
Wed Feb 18 18:41:17 IST 2026, 122 W
Wed Feb 18 18:41:17 IST 2026, 136 W
Wed Feb 18 18:41:18 IST 2026, 124 W
Wed Feb 18 18:41:18 IST 2026, 119 W
Wed Feb 18 18:41:18 IST 2026, 134 W
Wed Feb 18 18:41:18 IST 2026, 119 W
Wed Feb 18 18:41:18 IST 2026, 106 W
Wed Feb 18 18:41:18 IST 2026, 112 W
Wed Feb 18 18:41:18 IST 2026, 127 W
Wed Feb 18 18:41:18 IST 2026, 137 W
Wed Feb 18 18:41:19 IST 2026, 125 W
Wed Feb 18 18:41:19 IST 2026, 120 W
Wed Feb 18 18:41:19 IST 2026, 135 W
Wed Feb 18 18:41:19 IST 2026, 119 W
Wed Feb 18 18:41:19 IST 2026, 109 W
Wed Feb 18 18:41:19 IST 2026, 122 W
Wed Feb 18 18:41:19 IST 2026, 127 W
Wed Feb 18 18:41:19 IST 2026, 137 W
Wed Feb 18 18:41:20 IST 2026, 125 W
Wed Feb 18 18:41:20 IST 2026, 122 W
Wed Feb 18 18:41:20 IST 2026, 139 W
Wed Feb 18 18:41:20 IST 2026, 123 W
Wed Feb 18 18:41:20 IST 2026, 115 W
Wed Feb 18 18:41:20 IST 2026, 121 W
Wed Feb 18 18:41:20 IST 2026, 128 W
Wed Feb 18 18:41:20 IST 2026, 143 W
Wed Feb 18 18:41:21 IST 2026, 125 W
Wed Feb 18 18:41:21 IST 2026, 124 W
Wed Feb 18 18:41:21 IST 2026, 127 W
Wed Feb 18 18:41:21 IST 2026, 119 W
Wed Feb 18 18:41:21 IST 2026, 108 W
Wed Feb 18 18:41:21 IST 2026, 123 W
Wed Feb 18 18:41:21 IST 2026, 127 W
Wed Feb 18 18:41:21 IST 2026, 139 W
Wed Feb 18 18:41:22 IST 2026, 126 W
Wed Feb 18 18:41:22 IST 2026, 121 W
Wed Feb 18 18:41:22 IST 2026, 139 W
Wed Feb 18 18:41:22 IST 2026, 119 W
Wed Feb 18 18:41:22 IST 2026, 113 W
Wed Feb 18 18:41:22 IST 2026, 121 W
Wed Feb 18 18:41:22 IST 2026, 128 W
Wed Feb 18 18:41:22 IST 2026, 142 W
Wed Feb 18 18:41:23 IST 2026, 123 W
Wed Feb 18 18:41:23 IST 2026, 118 W
Wed Feb 18 18:41:23 IST 2026, 132 W
Wed Feb 18 18:41:23 IST 2026, 122 W
Wed Feb 18 18:41:23 IST 2026, 107 W
Wed Feb 18 18:41:23 IST 2026, 117 W
Wed Feb 18 18:41:23 IST 2026, 125 W
Wed Feb 18 18:41:23 IST 2026, 142 W
Wed Feb 18 18:41:24 IST 2026, 122 W
Wed Feb 18 18:41:24 IST 2026, 123 W
Wed Feb 18 18:41:24 IST 2026, 135 W
Wed Feb 18 18:41:24 IST 2026, 123 W
Wed Feb 18 18:41:24 IST 2026, 111 W
Wed Feb 18 18:41:24 IST 2026, 131 W
Wed Feb 18 18:41:24 IST 2026, 129 W
Wed Feb 18 18:41:24 IST 2026, 147 W
Wed Feb 18 18:41:25 IST 2026, 113 W
Wed Feb 18 18:41:25 IST 2026, 120 W
Wed Feb 18 18:41:25 IST 2026, 125 W
Wed Feb 18 18:41:25 IST 2026, 122 W
Wed Feb 18 18:41:25 IST 2026, 110 W
Wed Feb 18 18:41:25 IST 2026, 127 W
Wed Feb 18 18:41:25 IST 2026, 127 W
Wed Feb 18 18:41:25 IST 2026, 144 W
Wed Feb 18 18:41:26 IST 2026, 131 W
Wed Feb 18 18:41:26 IST 2026, 115 W
Wed Feb 18 18:41:26 IST 2026, 135 W
Wed Feb 18 18:41:26 IST 2026, 125 W
Wed Feb 18 18:41:26 IST 2026, 114 W
Wed Feb 18 18:41:26 IST 2026, 131 W
Wed Feb 18 18:41:26 IST 2026, 131 W
Wed Feb 18 18:41:26 IST 2026, 150 W
Wed Feb 18 18:41:27 IST 2026, 123 W
Wed Feb 18 18:41:27 IST 2026, 124 W
Wed Feb 18 18:41:27 IST 2026, 136 W
Wed Feb 18 18:41:27 IST 2026, 126 W
Wed Feb 18 18:41:27 IST 2026, 112 W
Wed Feb 18 18:41:27 IST 2026, 128 W
Wed Feb 18 18:41:27 IST 2026, 127 W
Wed Feb 18 18:41:27 IST 2026, 140 W
Wed Feb 18 18:41:28 IST 2026, 119 W
Wed Feb 18 18:41:28 IST 2026, 113 W
Wed Feb 18 18:41:28 IST 2026, 124 W
Wed Feb 18 18:41:28 IST 2026, 109 W
Wed Feb 18 18:41:28 IST 2026, 102 W
Wed Feb 18 18:41:28 IST 2026, 118 W
Wed Feb 18 18:41:28 IST 2026, 110 W
Wed Feb 18 18:41:28 IST 2026, 133 W
Wed Feb 18 18:41:29 IST 2026, 118 W
Wed Feb 18 18:41:29 IST 2026, 126 W
Wed Feb 18 18:41:29 IST 2026, 135 W
Wed Feb 18 18:41:29 IST 2026, 126 W
Wed Feb 18 18:41:29 IST 2026, 113 W
Wed Feb 18 18:41:29 IST 2026, 127 W
Wed Feb 18 18:41:29 IST 2026, 125 W
Wed Feb 18 18:41:29 IST 2026, 141 W
Wed Feb 18 18:41:30 IST 2026, 126 W
Wed Feb 18 18:41:30 IST 2026, 122 W
Wed Feb 18 18:41:30 IST 2026, 136 W
Wed Feb 18 18:41:30 IST 2026, 125 W
Wed Feb 18 18:41:30 IST 2026, 106 W
Wed Feb 18 18:41:30 IST 2026, 126 W
Wed Feb 18 18:41:30 IST 2026, 127 W
Wed Feb 18 18:41:30 IST 2026, 141 W
Wed Feb 18 18:41:31 IST 2026, 116 W
Wed Feb 18 18:41:31 IST 2026, 113 W
Wed Feb 18 18:41:31 IST 2026, 128 W
Wed Feb 18 18:41:31 IST 2026, 121 W
Wed Feb 18 18:41:31 IST 2026, 111 W
Wed Feb 18 18:41:31 IST 2026, 124 W
Wed Feb 18 18:41:31 IST 2026, 114 W
Wed Feb 18 18:41:31 IST 2026, 135 W
Wed Feb 18 18:41:32 IST 2026, 122 W
Wed Feb 18 18:41:32 IST 2026, 118 W
Wed Feb 18 18:41:32 IST 2026, 126 W
Wed Feb 18 18:41:32 IST 2026, 119 W
Wed Feb 18 18:41:32 IST 2026, 106 W
Wed Feb 18 18:41:32 IST 2026, 123 W
Wed Feb 18 18:41:32 IST 2026, 126 W
Wed Feb 18 18:41:32 IST 2026, 138 W
Wed Feb 18 18:41:33 IST 2026, 128 W
Wed Feb 18 18:41:33 IST 2026, 124 W
Wed Feb 18 18:41:33 IST 2026, 132 W
Wed Feb 18 18:41:33 IST 2026, 127 W
Wed Feb 18 18:41:33 IST 2026, 114 W
Wed Feb 18 18:41:33 IST 2026, 123 W
Wed Feb 18 18:41:33 IST 2026, 129 W
Wed Feb 18 18:41:33 IST 2026, 135 W
Wed Feb 18 18:41:34 IST 2026, 122 W
Wed Feb 18 18:41:34 IST 2026, 118 W
Wed Feb 18 18:41:34 IST 2026, 137 W
Wed Feb 18 18:41:34 IST 2026, 127 W
Wed Feb 18 18:41:34 IST 2026, 107 W
Wed Feb 18 18:41:34 IST 2026, 128 W
Wed Feb 18 18:41:34 IST 2026, 127 W
Wed Feb 18 18:41:34 IST 2026, 142 W
Wed Feb 18 18:41:35 IST 2026, 122 W
Wed Feb 18 18:41:35 IST 2026, 118 W
Wed Feb 18 18:41:35 IST 2026, 131 W
Wed Feb 18 18:41:35 IST 2026, 120 W
Wed Feb 18 18:41:35 IST 2026, 105 W
Wed Feb 18 18:41:35 IST 2026, 124 W
Wed Feb 18 18:41:35 IST 2026, 124 W
Wed Feb 18 18:41:35 IST 2026, 135 W
Wed Feb 18 18:41:36 IST 2026, 115 W
Wed Feb 18 18:41:36 IST 2026, 117 W
Wed Feb 18 18:41:36 IST 2026, 123 W
Wed Feb 18 18:41:36 IST 2026, 117 W
Wed Feb 18 18:41:36 IST 2026, 107 W
Wed Feb 18 18:41:36 IST 2026, 119 W
Wed Feb 18 18:41:36 IST 2026, 120 W
Wed Feb 18 18:41:36 IST 2026, 131 W
Wed Feb 18 18:41:37 IST 2026, 118 W
Wed Feb 18 18:41:37 IST 2026, 119 W
Wed Feb 18 18:41:37 IST 2026, 128 W
Wed Feb 18 18:41:37 IST 2026, 117 W
Wed Feb 18 18:41:37 IST 2026, 109 W
Wed Feb 18 18:41:37 IST 2026, 126 W
Wed Feb 18 18:41:37 IST 2026, 124 W
Wed Feb 18 18:41:37 IST 2026, 132 W
Wed Feb 18 18:41:38 IST 2026, 125 W
Wed Feb 18 18:41:38 IST 2026, 125 W
Wed Feb 18 18:41:38 IST 2026, 124 W
Wed Feb 18 18:41:38 IST 2026, 121 W
Wed Feb 18 18:41:38 IST 2026, 111 W
Wed Feb 18 18:41:38 IST 2026, 125 W
Wed Feb 18 18:41:38 IST 2026, 131 W
Wed Feb 18 18:41:38 IST 2026, 145 W
Wed Feb 18 18:41:39 IST 2026, 119 W
Wed Feb 18 18:41:39 IST 2026, 124 W
Wed Feb 18 18:41:39 IST 2026, 132 W
Wed Feb 18 18:41:39 IST 2026, 123 W
Wed Feb 18 18:41:39 IST 2026, 110 W
Wed Feb 18 18:41:39 IST 2026, 127 W
Wed Feb 18 18:41:39 IST 2026, 128 W
Wed Feb 18 18:41:39 IST 2026, 143 W
Wed Feb 18 18:41:40 IST 2026, 115 W
Wed Feb 18 18:41:40 IST 2026, 117 W
Wed Feb 18 18:41:40 IST 2026, 132 W
Wed Feb 18 18:41:40 IST 2026, 113 W
Wed Feb 18 18:41:40 IST 2026, 108 W
Wed Feb 18 18:41:40 IST 2026, 127 W
Wed Feb 18 18:41:40 IST 2026, 123 W
Wed Feb 18 18:41:40 IST 2026, 137 W
Wed Feb 18 18:41:41 IST 2026, 112 W
Wed Feb 18 18:41:41 IST 2026, 117 W
Wed Feb 18 18:41:41 IST 2026, 128 W
Wed Feb 18 18:41:41 IST 2026, 120 W
Wed Feb 18 18:41:41 IST 2026, 106 W
Wed Feb 18 18:41:41 IST 2026, 124 W
Wed Feb 18 18:41:41 IST 2026, 123 W
Wed Feb 18 18:41:41 IST 2026, 142 W
Wed Feb 18 18:41:42 IST 2026, 121 W
Wed Feb 18 18:41:42 IST 2026, 120 W
Wed Feb 18 18:41:42 IST 2026, 133 W
Wed Feb 18 18:41:42 IST 2026, 118 W
Wed Feb 18 18:41:42 IST 2026, 108 W
Wed Feb 18 18:41:42 IST 2026, 123 W
Wed Feb 18 18:41:42 IST 2026, 124 W
Wed Feb 18 18:41:42 IST 2026, 148 W
Wed Feb 18 18:41:43 IST 2026, 124 W
Wed Feb 18 18:41:43 IST 2026, 121 W
Wed Feb 18 18:41:43 IST 2026, 125 W
Wed Feb 18 18:41:43 IST 2026, 120 W
Wed Feb 18 18:41:43 IST 2026, 112 W
Wed Feb 18 18:41:43 IST 2026, 125 W
Wed Feb 18 18:41:43 IST 2026, 121 W
Wed Feb 18 18:41:43 IST 2026, 143 W
Wed Feb 18 18:41:44 IST 2026, 121 W
Wed Feb 18 18:41:44 IST 2026, 117 W
Wed Feb 18 18:41:44 IST 2026, 129 W
Wed Feb 18 18:41:44 IST 2026, 126 W
Wed Feb 18 18:41:44 IST 2026, 106 W
Wed Feb 18 18:41:44 IST 2026, 125 W
Wed Feb 18 18:41:44 IST 2026, 119 W
Wed Feb 18 18:41:44 IST 2026, 136 W
Wed Feb 18 18:41:45 IST 2026, 128 W
Wed Feb 18 18:41:45 IST 2026, 123 W
Wed Feb 18 18:41:45 IST 2026, 130 W
Wed Feb 18 18:41:45 IST 2026, 121 W
Wed Feb 18 18:41:45 IST 2026, 108 W
Wed Feb 18 18:41:45 IST 2026, 127 W
Wed Feb 18 18:41:45 IST 2026, 125 W
Wed Feb 18 18:41:45 IST 2026, 144 W
Wed Feb 18 18:41:46 IST 2026, 124 W
Wed Feb 18 18:41:46 IST 2026, 123 W
Wed Feb 18 18:41:46 IST 2026, 129 W
Wed Feb 18 18:41:46 IST 2026, 126 W
Wed Feb 18 18:41:46 IST 2026, 110 W
Wed Feb 18 18:41:46 IST 2026, 128 W
Wed Feb 18 18:41:46 IST 2026, 127 W
Wed Feb 18 18:41:46 IST 2026, 138 W
Wed Feb 18 18:41:47 IST 2026, 120 W
Wed Feb 18 18:41:47 IST 2026, 114 W
Wed Feb 18 18:41:47 IST 2026, 123 W
Wed Feb 18 18:41:47 IST 2026, 114 W
Wed Feb 18 18:41:47 IST 2026, 103 W
Wed Feb 18 18:41:47 IST 2026, 121 W
Wed Feb 18 18:41:47 IST 2026, 114 W
Wed Feb 18 18:41:47 IST 2026, 138 W
Wed Feb 18 18:41:48 IST 2026, 125 W
Wed Feb 18 18:41:48 IST 2026, 114 W
Wed Feb 18 18:41:48 IST 2026, 134 W
Wed Feb 18 18:41:48 IST 2026, 123 W
Wed Feb 18 18:41:48 IST 2026, 112 W
Wed Feb 18 18:41:48 IST 2026, 128 W
Wed Feb 18 18:41:48 IST 2026, 122 W
Wed Feb 18 18:41:48 IST 2026, 137 W
Wed Feb 18 18:41:49 IST 2026, 123 W
Wed Feb 18 18:41:49 IST 2026, 117 W
Wed Feb 18 18:41:49 IST 2026, 132 W
Wed Feb 18 18:41:49 IST 2026, 118 W
Wed Feb 18 18:41:49 IST 2026, 109 W
Wed Feb 18 18:41:49 IST 2026, 125 W
Wed Feb 18 18:41:49 IST 2026, 120 W
Wed Feb 18 18:41:49 IST 2026, 140 W
Wed Feb 18 18:41:50 IST 2026, 118 W
Wed Feb 18 18:41:50 IST 2026, 117 W
Wed Feb 18 18:41:50 IST 2026, 129 W
Wed Feb 18 18:41:50 IST 2026, 117 W
Wed Feb 18 18:41:50 IST 2026, 108 W
Wed Feb 18 18:41:50 IST 2026, 120 W
Wed Feb 18 18:41:50 IST 2026, 111 W
Wed Feb 18 18:41:50 IST 2026, 133 W
Wed Feb 18 18:41:51 IST 2026, 124 W
Wed Feb 18 18:41:51 IST 2026, 119 W
Wed Feb 18 18:41:51 IST 2026, 130 W
Wed Feb 18 18:41:51 IST 2026, 119 W
Wed Feb 18 18:41:51 IST 2026, 107 W
Wed Feb 18 18:41:51 IST 2026, 121 W
Wed Feb 18 18:41:51 IST 2026, 117 W
Wed Feb 18 18:41:51 IST 2026, 143 W
Wed Feb 18 18:41:52 IST 2026, 120 W
Wed Feb 18 18:41:52 IST 2026, 117 W
Wed Feb 18 18:41:52 IST 2026, 120 W
Wed Feb 18 18:41:52 IST 2026, 114 W
Wed Feb 18 18:41:52 IST 2026, 104 W
Wed Feb 18 18:41:52 IST 2026, 119 W
Wed Feb 18 18:41:52 IST 2026, 112 W
Wed Feb 18 18:41:52 IST 2026, 129 W
Wed Feb 18 18:41:53 IST 2026, 124 W
Wed Feb 18 18:41:53 IST 2026, 117 W
Wed Feb 18 18:41:53 IST 2026, 128 W
Wed Feb 18 18:41:53 IST 2026, 120 W
Wed Feb 18 18:41:53 IST 2026, 104 W
Wed Feb 18 18:41:53 IST 2026, 122 W
Wed Feb 18 18:41:53 IST 2026, 118 W
Wed Feb 18 18:41:53 IST 2026, 135 W
Wed Feb 18 18:41:54 IST 2026, 121 W
Wed Feb 18 18:41:54 IST 2026, 120 W
Wed Feb 18 18:41:54 IST 2026, 131 W
Wed Feb 18 18:41:54 IST 2026, 119 W
Wed Feb 18 18:41:54 IST 2026, 112 W
Wed Feb 18 18:41:54 IST 2026, 126 W
Wed Feb 18 18:41:54 IST 2026, 119 W
Wed Feb 18 18:41:54 IST 2026, 146 W
Wed Feb 18 18:41:55 IST 2026, 122 W
Wed Feb 18 18:41:55 IST 2026, 124 W
Wed Feb 18 18:41:55 IST 2026, 128 W
Wed Feb 18 18:41:55 IST 2026, 120 W
Wed Feb 18 18:41:55 IST 2026, 107 W
Wed Feb 18 18:41:55 IST 2026, 121 W
Wed Feb 18 18:41:55 IST 2026, 123 W
Wed Feb 18 18:41:55 IST 2026, 141 W
Wed Feb 18 18:41:56 IST 2026, 121 W
Wed Feb 18 18:41:56 IST 2026, 117 W
Wed Feb 18 18:41:56 IST 2026, 133 W
Wed Feb 18 18:41:56 IST 2026, 122 W
Wed Feb 18 18:41:56 IST 2026, 106 W
Wed Feb 18 18:41:56 IST 2026, 122 W
Wed Feb 18 18:41:56 IST 2026, 113 W
Wed Feb 18 18:41:56 IST 2026, 136 W
Wed Feb 18 18:41:57 IST 2026, 121 W
Wed Feb 18 18:41:57 IST 2026, 117 W
Wed Feb 18 18:41:57 IST 2026, 123 W
Wed Feb 18 18:41:57 IST 2026, 120 W
Wed Feb 18 18:41:57 IST 2026, 106 W
Wed Feb 18 18:41:57 IST 2026, 127 W
Wed Feb 18 18:41:57 IST 2026, 117 W
Wed Feb 18 18:41:57 IST 2026, 137 W
Wed Feb 18 18:41:58 IST 2026, 124 W
Wed Feb 18 18:41:58 IST 2026, 114 W
Wed Feb 18 18:41:58 IST 2026, 126 W
Wed Feb 18 18:41:58 IST 2026, 119 W
Wed Feb 18 18:41:58 IST 2026, 113 W
Wed Feb 18 18:41:58 IST 2026, 126 W
Wed Feb 18 18:41:58 IST 2026, 116 W
Wed Feb 18 18:41:58 IST 2026, 133 W
Wed Feb 18 18:41:59 IST 2026, 122 W
Wed Feb 18 18:41:59 IST 2026, 119 W
Wed Feb 18 18:41:59 IST 2026, 135 W
Wed Feb 18 18:41:59 IST 2026, 123 W
Wed Feb 18 18:41:59 IST 2026, 110 W
Wed Feb 18 18:41:59 IST 2026, 127 W
Wed Feb 18 18:41:59 IST 2026, 117 W
Wed Feb 18 18:41:59 IST 2026, 132 W
Wed Feb 18 18:42:00 IST 2026, 116 W
Wed Feb 18 18:42:00 IST 2026, 116 W
Wed Feb 18 18:42:00 IST 2026, 119 W
Wed Feb 18 18:42:00 IST 2026, 117 W
Wed Feb 18 18:42:00 IST 2026, 104 W
Wed Feb 18 18:42:00 IST 2026, 118 W
Wed Feb 18 18:42:00 IST 2026, 110 W
Wed Feb 18 18:42:00 IST 2026, 134 W
Wed Feb 18 18:42:01 IST 2026, 122 W
Wed Feb 18 18:42:01 IST 2026, 120 W
Wed Feb 18 18:42:01 IST 2026, 124 W
Wed Feb 18 18:42:01 IST 2026, 122 W
Wed Feb 18 18:42:01 IST 2026, 114 W
Wed Feb 18 18:42:01 IST 2026, 122 W
Wed Feb 18 18:42:01 IST 2026, 122 W
Wed Feb 18 18:42:01 IST 2026, 142 W
Wed Feb 18 18:42:02 IST 2026, 114 W
Wed Feb 18 18:42:02 IST 2026, 115 W
Wed Feb 18 18:42:02 IST 2026, 131 W
Wed Feb 18 18:42:02 IST 2026, 116 W
Wed Feb 18 18:42:02 IST 2026, 108 W
Wed Feb 18 18:42:02 IST 2026, 122 W
Wed Feb 18 18:42:02 IST 2026, 114 W
Wed Feb 18 18:42:02 IST 2026, 140 W
Wed Feb 18 18:42:03 IST 2026, 111 W
Wed Feb 18 18:42:03 IST 2026, 116 W
Wed Feb 18 18:42:03 IST 2026, 133 W
Wed Feb 18 18:42:03 IST 2026, 115 W
Wed Feb 18 18:42:03 IST 2026, 102 W
Wed Feb 18 18:42:03 IST 2026, 118 W
Wed Feb 18 18:42:03 IST 2026, 112 W
Wed Feb 18 18:42:03 IST 2026, 146 W
Wed Feb 18 18:42:04 IST 2026, 114 W
Wed Feb 18 18:42:04 IST 2026, 111 W
Wed Feb 18 18:42:04 IST 2026, 128 W
Wed Feb 18 18:42:04 IST 2026, 128 W
Wed Feb 18 18:42:04 IST 2026, 104 W
Wed Feb 18 18:42:04 IST 2026, 120 W
Wed Feb 18 18:42:04 IST 2026, 108 W
Wed Feb 18 18:42:04 IST 2026, 134 W
Wed Feb 18 18:42:05 IST 2026, 147 W
Wed Feb 18 18:42:05 IST 2026, 148 W
Wed Feb 18 18:42:05 IST 2026, 156 W
Wed Feb 18 18:42:05 IST 2026, 146 W
Wed Feb 18 18:42:05 IST 2026, 139 W
Wed Feb 18 18:42:05 IST 2026, 154 W
Wed Feb 18 18:42:05 IST 2026, 136 W
Wed Feb 18 18:42:05 IST 2026, 160 W
Wed Feb 18 18:42:06 IST 2026, 125 W
Wed Feb 18 18:42:06 IST 2026, 122 W
Wed Feb 18 18:42:06 IST 2026, 135 W
Wed Feb 18 18:42:06 IST 2026, 125 W
Wed Feb 18 18:42:06 IST 2026, 110 W
Wed Feb 18 18:42:06 IST 2026, 127 W
Wed Feb 18 18:42:06 IST 2026, 128 W
Wed Feb 18 18:42:06 IST 2026, 132 W
Wed Feb 18 18:42:07 IST 2026, 124 W
Wed Feb 18 18:42:07 IST 2026, 118 W
Wed Feb 18 18:42:07 IST 2026, 124 W
Wed Feb 18 18:42:07 IST 2026, 121 W
Wed Feb 18 18:42:07 IST 2026, 105 W
Wed Feb 18 18:42:07 IST 2026, 126 W
Wed Feb 18 18:42:07 IST 2026, 113 W
Wed Feb 18 18:42:07 IST 2026, 135 W
Wed Feb 18 18:42:08 IST 2026, 116 W
Wed Feb 18 18:42:08 IST 2026, 113 W
Wed Feb 18 18:42:08 IST 2026, 128 W
Wed Feb 18 18:42:08 IST 2026, 114 W
Wed Feb 18 18:42:08 IST 2026, 108 W
Wed Feb 18 18:42:08 IST 2026, 121 W
Wed Feb 18 18:42:08 IST 2026, 117 W
Wed Feb 18 18:42:08 IST 2026, 141 W
Wed Feb 18 18:42:09 IST 2026, 116 W
Wed Feb 18 18:42:09 IST 2026, 119 W
Wed Feb 18 18:42:09 IST 2026, 128 W
Wed Feb 18 18:42:09 IST 2026, 118 W
Wed Feb 18 18:42:09 IST 2026, 104 W
Wed Feb 18 18:42:09 IST 2026, 122 W
Wed Feb 18 18:42:09 IST 2026, 118 W
Wed Feb 18 18:42:09 IST 2026, 129 W
Wed Feb 18 18:42:10 IST 2026, 120 W
Wed Feb 18 18:42:10 IST 2026, 111 W
Wed Feb 18 18:42:10 IST 2026, 130 W
Wed Feb 18 18:42:10 IST 2026, 117 W
Wed Feb 18 18:42:10 IST 2026, 109 W
Wed Feb 18 18:42:10 IST 2026, 119 W
Wed Feb 18 18:42:10 IST 2026, 114 W
Wed Feb 18 18:42:10 IST 2026, 130 W
Wed Feb 18 18:42:11 IST 2026, 124 W
Wed Feb 18 18:42:11 IST 2026, 117 W
Wed Feb 18 18:42:11 IST 2026, 129 W
Wed Feb 18 18:42:11 IST 2026, 124 W
Wed Feb 18 18:42:11 IST 2026, 106 W
Wed Feb 18 18:42:11 IST 2026, 129 W
Wed Feb 18 18:42:11 IST 2026, 121 W
Wed Feb 18 18:42:11 IST 2026, 136 W
Wed Feb 18 18:42:12 IST 2026, 112 W
Wed Feb 18 18:42:12 IST 2026, 117 W
Wed Feb 18 18:42:12 IST 2026, 133 W
Wed Feb 18 18:42:12 IST 2026, 120 W
Wed Feb 18 18:42:12 IST 2026, 109 W
Wed Feb 18 18:42:12 IST 2026, 124 W
Wed Feb 18 18:42:12 IST 2026, 126 W
Wed Feb 18 18:42:12 IST 2026, 136 W
Wed Feb 18 18:42:13 IST 2026, 120 W
Wed Feb 18 18:42:13 IST 2026, 115 W
Wed Feb 18 18:42:13 IST 2026, 123 W
Wed Feb 18 18:42:13 IST 2026, 118 W
Wed Feb 18 18:42:13 IST 2026, 105 W
Wed Feb 18 18:42:13 IST 2026, 121 W
Wed Feb 18 18:42:13 IST 2026, 122 W
Wed Feb 18 18:42:13 IST 2026, 137 W
Wed Feb 18 18:42:14 IST 2026, 123 W
Wed Feb 18 18:42:14 IST 2026, 118 W
Wed Feb 18 18:42:14 IST 2026, 127 W
Wed Feb 18 18:42:14 IST 2026, 122 W
Wed Feb 18 18:42:14 IST 2026, 110 W
Wed Feb 18 18:42:14 IST 2026, 122 W
Wed Feb 18 18:42:14 IST 2026, 120 W
Wed Feb 18 18:42:14 IST 2026, 135 W
Wed Feb 18 18:42:15 IST 2026, 116 W
Wed Feb 18 18:42:15 IST 2026, 121 W
Wed Feb 18 18:42:15 IST 2026, 134 W
Wed Feb 18 18:42:15 IST 2026, 116 W
Wed Feb 18 18:42:15 IST 2026, 108 W
Wed Feb 18 18:42:15 IST 2026, 119 W
Wed Feb 18 18:42:15 IST 2026, 118 W
Wed Feb 18 18:42:15 IST 2026, 143 W
Wed Feb 18 18:42:16 IST 2026, 121 W
Wed Feb 18 18:42:16 IST 2026, 120 W
Wed Feb 18 18:42:16 IST 2026, 129 W
Wed Feb 18 18:42:16 IST 2026, 120 W
Wed Feb 18 18:42:16 IST 2026, 106 W
Wed Feb 18 18:42:16 IST 2026, 124 W
Wed Feb 18 18:42:16 IST 2026, 114 W
Wed Feb 18 18:42:16 IST 2026, 136 W
Wed Feb 18 18:42:17 IST 2026, 125 W
Wed Feb 18 18:42:17 IST 2026, 122 W
Wed Feb 18 18:42:17 IST 2026, 131 W
Wed Feb 18 18:42:17 IST 2026, 125 W
Wed Feb 18 18:42:17 IST 2026, 112 W
Wed Feb 18 18:42:17 IST 2026, 129 W
Wed Feb 18 18:42:17 IST 2026, 128 W
Wed Feb 18 18:42:17 IST 2026, 143 W
Wed Feb 18 18:42:18 IST 2026, 121 W
Wed Feb 18 18:42:18 IST 2026, 118 W
Wed Feb 18 18:42:18 IST 2026, 126 W
Wed Feb 18 18:42:18 IST 2026, 117 W
Wed Feb 18 18:42:18 IST 2026, 108 W
Wed Feb 18 18:42:18 IST 2026, 124 W
Wed Feb 18 18:42:18 IST 2026, 128 W
Wed Feb 18 18:42:18 IST 2026, 135 W
Wed Feb 18 18:42:19 IST 2026, 117 W
Wed Feb 18 18:42:19 IST 2026, 122 W
Wed Feb 18 18:42:19 IST 2026, 131 W
Wed Feb 18 18:42:19 IST 2026, 122 W
Wed Feb 18 18:42:19 IST 2026, 107 W
Wed Feb 18 18:42:19 IST 2026, 126 W
Wed Feb 18 18:42:19 IST 2026, 130 W
Wed Feb 18 18:42:19 IST 2026, 138 W
Wed Feb 18 18:42:20 IST 2026, 122 W
Wed Feb 18 18:42:20 IST 2026, 120 W
Wed Feb 18 18:42:20 IST 2026, 128 W
Wed Feb 18 18:42:20 IST 2026, 119 W
Wed Feb 18 18:42:20 IST 2026, 108 W
Wed Feb 18 18:42:20 IST 2026, 124 W
Wed Feb 18 18:42:20 IST 2026, 120 W
Wed Feb 18 18:42:20 IST 2026, 130 W
Wed Feb 18 18:42:21 IST 2026, 124 W
Wed Feb 18 18:42:21 IST 2026, 118 W
Wed Feb 18 18:42:21 IST 2026, 128 W
Wed Feb 18 18:42:21 IST 2026, 123 W
Wed Feb 18 18:42:21 IST 2026, 108 W
Wed Feb 18 18:42:21 IST 2026, 124 W
Wed Feb 18 18:42:21 IST 2026, 129 W
Wed Feb 18 18:42:21 IST 2026, 139 W
Wed Feb 18 18:42:22 IST 2026, 123 W
Wed Feb 18 18:42:22 IST 2026, 124 W
Wed Feb 18 18:42:22 IST 2026, 135 W
Wed Feb 18 18:42:22 IST 2026, 121 W
Wed Feb 18 18:42:22 IST 2026, 110 W
Wed Feb 18 18:42:22 IST 2026, 126 W
Wed Feb 18 18:42:22 IST 2026, 125 W
Wed Feb 18 18:42:22 IST 2026, 147 W
Wed Feb 18 18:42:23 IST 2026, 119 W
Wed Feb 18 18:42:23 IST 2026, 124 W
Wed Feb 18 18:42:23 IST 2026, 139 W
Wed Feb 18 18:42:23 IST 2026, 127 W
Wed Feb 18 18:42:23 IST 2026, 114 W
Wed Feb 18 18:42:23 IST 2026, 128 W
Wed Feb 18 18:42:23 IST 2026, 131 W
Wed Feb 18 18:42:23 IST 2026, 145 W
Wed Feb 18 18:42:24 IST 2026, 117 W
Wed Feb 18 18:42:24 IST 2026, 123 W
Wed Feb 18 18:42:24 IST 2026, 125 W
Wed Feb 18 18:42:24 IST 2026, 125 W
Wed Feb 18 18:42:24 IST 2026, 107 W
Wed Feb 18 18:42:24 IST 2026, 127 W
Wed Feb 18 18:42:24 IST 2026, 130 W
Wed Feb 18 18:42:24 IST 2026, 138 W
Wed Feb 18 18:42:25 IST 2026, 117 W
Wed Feb 18 18:42:25 IST 2026, 124 W
Wed Feb 18 18:42:25 IST 2026, 137 W
Wed Feb 18 18:42:25 IST 2026, 127 W
Wed Feb 18 18:42:25 IST 2026, 115 W
Wed Feb 18 18:42:25 IST 2026, 128 W
Wed Feb 18 18:42:25 IST 2026, 126 W
Wed Feb 18 18:42:25 IST 2026, 137 W
Wed Feb 18 18:42:26 IST 2026, 130 W
Wed Feb 18 18:42:26 IST 2026, 121 W
Wed Feb 18 18:42:26 IST 2026, 132 W
Wed Feb 18 18:42:26 IST 2026, 124 W
Wed Feb 18 18:42:26 IST 2026, 111 W
Wed Feb 18 18:42:26 IST 2026, 129 W
Wed Feb 18 18:42:26 IST 2026, 131 W
Wed Feb 18 18:42:26 IST 2026, 142 W
Wed Feb 18 18:42:27 IST 2026, 115 W
Wed Feb 18 18:42:27 IST 2026, 117 W
Wed Feb 18 18:42:27 IST 2026, 130 W
Wed Feb 18 18:42:27 IST 2026, 117 W
Wed Feb 18 18:42:27 IST 2026, 102 W
Wed Feb 18 18:42:27 IST 2026, 121 W
Wed Feb 18 18:42:27 IST 2026, 112 W
Wed Feb 18 18:42:27 IST 2026, 126 W
Wed Feb 18 18:42:28 IST 2026, 121 W
Wed Feb 18 18:42:28 IST 2026, 120 W
Wed Feb 18 18:42:28 IST 2026, 129 W
Wed Feb 18 18:42:28 IST 2026, 118 W
Wed Feb 18 18:42:28 IST 2026, 110 W
Wed Feb 18 18:42:28 IST 2026, 125 W
Wed Feb 18 18:42:28 IST 2026, 123 W
Wed Feb 18 18:42:28 IST 2026, 131 W
Wed Feb 18 18:42:29 IST 2026, 126 W
Wed Feb 18 18:42:29 IST 2026, 122 W
Wed Feb 18 18:42:29 IST 2026, 140 W
Wed Feb 18 18:42:29 IST 2026, 117 W
Wed Feb 18 18:42:29 IST 2026, 111 W
Wed Feb 18 18:42:29 IST 2026, 126 W
Wed Feb 18 18:42:29 IST 2026, 123 W
Wed Feb 18 18:42:29 IST 2026, 137 W
Wed Feb 18 18:42:30 IST 2026, 129 W
Wed Feb 18 18:42:30 IST 2026, 123 W
Wed Feb 18 18:42:30 IST 2026, 134 W
Wed Feb 18 18:42:30 IST 2026, 126 W
Wed Feb 18 18:42:30 IST 2026, 114 W
Wed Feb 18 18:42:30 IST 2026, 132 W
Wed Feb 18 18:42:30 IST 2026, 129 W
Wed Feb 18 18:42:30 IST 2026, 139 W
Wed Feb 18 18:42:31 IST 2026, 122 W
Wed Feb 18 18:42:31 IST 2026, 119 W
Wed Feb 18 18:42:31 IST 2026, 129 W
Wed Feb 18 18:42:31 IST 2026, 123 W
Wed Feb 18 18:42:31 IST 2026, 107 W
Wed Feb 18 18:42:31 IST 2026, 127 W
Wed Feb 18 18:42:31 IST 2026, 122 W
Wed Feb 18 18:42:31 IST 2026, 140 W
Wed Feb 18 18:42:32 IST 2026, 122 W
Wed Feb 18 18:42:32 IST 2026, 119 W
Wed Feb 18 18:42:32 IST 2026, 127 W
Wed Feb 18 18:42:32 IST 2026, 123 W
Wed Feb 18 18:42:32 IST 2026, 110 W
Wed Feb 18 18:42:32 IST 2026, 128 W
Wed Feb 18 18:42:32 IST 2026, 127 W
Wed Feb 18 18:42:32 IST 2026, 137 W
Wed Feb 18 18:42:33 IST 2026, 122 W
Wed Feb 18 18:42:33 IST 2026, 117 W
Wed Feb 18 18:42:33 IST 2026, 126 W
Wed Feb 18 18:42:33 IST 2026, 116 W
Wed Feb 18 18:42:33 IST 2026, 112 W
Wed Feb 18 18:42:33 IST 2026, 125 W
Wed Feb 18 18:42:33 IST 2026, 122 W
Wed Feb 18 18:42:33 IST 2026, 135 W
Wed Feb 18 18:42:34 IST 2026, 123 W
Wed Feb 18 18:42:34 IST 2026, 125 W
Wed Feb 18 18:42:34 IST 2026, 135 W
Wed Feb 18 18:42:34 IST 2026, 120 W
Wed Feb 18 18:42:34 IST 2026, 109 W
Wed Feb 18 18:42:34 IST 2026, 124 W
Wed Feb 18 18:42:34 IST 2026, 124 W
Wed Feb 18 18:42:34 IST 2026, 143 W
Wed Feb 18 18:42:35 IST 2026, 124 W
Wed Feb 18 18:42:35 IST 2026, 118 W
Wed Feb 18 18:42:35 IST 2026, 136 W
Wed Feb 18 18:42:35 IST 2026, 121 W
Wed Feb 18 18:42:35 IST 2026, 105 W
Wed Feb 18 18:42:35 IST 2026, 121 W
Wed Feb 18 18:42:35 IST 2026, 122 W
Wed Feb 18 18:42:35 IST 2026, 133 W
Wed Feb 18 18:42:36 IST 2026, 137 W
Wed Feb 18 18:42:36 IST 2026, 132 W
Wed Feb 18 18:42:36 IST 2026, 143 W
Wed Feb 18 18:42:36 IST 2026, 134 W
Wed Feb 18 18:42:36 IST 2026, 125 W
Wed Feb 18 18:42:36 IST 2026, 136 W
Wed Feb 18 18:42:36 IST 2026, 140 W
Wed Feb 18 18:42:36 IST 2026, 155 W
Wed Feb 18 18:42:37 IST 2026, 118 W
Wed Feb 18 18:42:37 IST 2026, 123 W
Wed Feb 18 18:42:37 IST 2026, 140 W
Wed Feb 18 18:42:37 IST 2026, 122 W
Wed Feb 18 18:42:37 IST 2026, 111 W
Wed Feb 18 18:42:37 IST 2026, 130 W
Wed Feb 18 18:42:37 IST 2026, 129 W
Wed Feb 18 18:42:37 IST 2026, 144 W
Wed Feb 18 18:42:38 IST 2026, 133 W
Wed Feb 18 18:42:38 IST 2026, 133 W
Wed Feb 18 18:42:38 IST 2026, 140 W
Wed Feb 18 18:42:38 IST 2026, 136 W
Wed Feb 18 18:42:38 IST 2026, 122 W
Wed Feb 18 18:42:38 IST 2026, 141 W
Wed Feb 18 18:42:38 IST 2026, 138 W
Wed Feb 18 18:42:38 IST 2026, 145 W
Wed Feb 18 18:42:39 IST 2026, 127 W
Wed Feb 18 18:42:39 IST 2026, 122 W
Wed Feb 18 18:42:39 IST 2026, 130 W
Wed Feb 18 18:42:39 IST 2026, 128 W
Wed Feb 18 18:42:39 IST 2026, 112 W
Wed Feb 18 18:42:39 IST 2026, 128 W
Wed Feb 18 18:42:39 IST 2026, 125 W
Wed Feb 18 18:42:39 IST 2026, 139 W
Wed Feb 18 18:42:40 IST 2026, 122 W
Wed Feb 18 18:42:40 IST 2026, 117 W
Wed Feb 18 18:42:40 IST 2026, 131 W
Wed Feb 18 18:42:40 IST 2026, 118 W
Wed Feb 18 18:42:40 IST 2026, 109 W
Wed Feb 18 18:42:40 IST 2026, 124 W
Wed Feb 18 18:42:40 IST 2026, 126 W
Wed Feb 18 18:42:40 IST 2026, 139 W
Wed Feb 18 18:42:41 IST 2026, 122 W
Wed Feb 18 18:42:41 IST 2026, 124 W
Wed Feb 18 18:42:41 IST 2026, 132 W
Wed Feb 18 18:42:41 IST 2026, 123 W
Wed Feb 18 18:42:41 IST 2026, 110 W
Wed Feb 18 18:42:41 IST 2026, 130 W
Wed Feb 18 18:42:41 IST 2026, 124 W
Wed Feb 18 18:42:41 IST 2026, 142 W
Wed Feb 18 18:42:42 IST 2026, 117 W
Wed Feb 18 18:42:42 IST 2026, 111 W
Wed Feb 18 18:42:42 IST 2026, 122 W
Wed Feb 18 18:42:42 IST 2026, 114 W
Wed Feb 18 18:42:42 IST 2026, 106 W
Wed Feb 18 18:42:42 IST 2026, 120 W
Wed Feb 18 18:42:42 IST 2026, 116 W
Wed Feb 18 18:42:42 IST 2026, 133 W
Wed Feb 18 18:42:43 IST 2026, 118 W
Wed Feb 18 18:42:43 IST 2026, 113 W
Wed Feb 18 18:42:43 IST 2026, 127 W
Wed Feb 18 18:42:43 IST 2026, 119 W
Wed Feb 18 18:42:43 IST 2026, 105 W
Wed Feb 18 18:42:43 IST 2026, 121 W
Wed Feb 18 18:42:43 IST 2026, 115 W
Wed Feb 18 18:42:43 IST 2026, 131 W
Wed Feb 18 18:42:44 IST 2026, 122 W
Wed Feb 18 18:42:44 IST 2026, 123 W
Wed Feb 18 18:42:44 IST 2026, 139 W
Wed Feb 18 18:42:44 IST 2026, 122 W
Wed Feb 18 18:42:44 IST 2026, 110 W
Wed Feb 18 18:42:44 IST 2026, 130 W
Wed Feb 18 18:42:44 IST 2026, 118 W
Wed Feb 18 18:42:44 IST 2026, 136 W
Wed Feb 18 18:42:45 IST 2026, 125 W
Wed Feb 18 18:42:45 IST 2026, 116 W
Wed Feb 18 18:42:45 IST 2026, 130 W
Wed Feb 18 18:42:45 IST 2026, 120 W
Wed Feb 18 18:42:45 IST 2026, 109 W
Wed Feb 18 18:42:45 IST 2026, 125 W
Wed Feb 18 18:42:45 IST 2026, 118 W
Wed Feb 18 18:42:45 IST 2026, 145 W
Wed Feb 18 18:42:46 IST 2026, 116 W
Wed Feb 18 18:42:46 IST 2026, 118 W
Wed Feb 18 18:42:46 IST 2026, 122 W
Wed Feb 18 18:42:46 IST 2026, 117 W
Wed Feb 18 18:42:46 IST 2026, 106 W
Wed Feb 18 18:42:46 IST 2026, 124 W
Wed Feb 18 18:42:46 IST 2026, 116 W
Wed Feb 18 18:42:46 IST 2026, 130 W
Wed Feb 18 18:42:47 IST 2026, 116 W
Wed Feb 18 18:42:47 IST 2026, 118 W
Wed Feb 18 18:42:47 IST 2026, 133 W
Wed Feb 18 18:42:47 IST 2026, 120 W
Wed Feb 18 18:42:47 IST 2026, 109 W
Wed Feb 18 18:42:47 IST 2026, 125 W
Wed Feb 18 18:42:47 IST 2026, 120 W
Wed Feb 18 18:42:47 IST 2026, 136 W
Wed Feb 18 18:42:48 IST 2026, 127 W
Wed Feb 18 18:42:48 IST 2026, 120 W
Wed Feb 18 18:42:48 IST 2026, 131 W
Wed Feb 18 18:42:48 IST 2026, 121 W
Wed Feb 18 18:42:48 IST 2026, 110 W
Wed Feb 18 18:42:48 IST 2026, 127 W
Wed Feb 18 18:42:48 IST 2026, 127 W
Wed Feb 18 18:42:48 IST 2026, 143 W
Wed Feb 18 18:42:49 IST 2026, 126 W
Wed Feb 18 18:42:49 IST 2026, 122 W
Wed Feb 18 18:42:49 IST 2026, 125 W
Wed Feb 18 18:42:49 IST 2026, 122 W
Wed Feb 18 18:42:49 IST 2026, 110 W
Wed Feb 18 18:42:49 IST 2026, 124 W
Wed Feb 18 18:42:49 IST 2026, 127 W
Wed Feb 18 18:42:49 IST 2026, 143 W
Wed Feb 18 18:42:50 IST 2026, 127 W
Wed Feb 18 18:42:50 IST 2026, 122 W
Wed Feb 18 18:42:50 IST 2026, 133 W
Wed Feb 18 18:42:50 IST 2026, 127 W
Wed Feb 18 18:42:50 IST 2026, 112 W
Wed Feb 18 18:42:50 IST 2026, 122 W
Wed Feb 18 18:42:50 IST 2026, 129 W
Wed Feb 18 18:42:50 IST 2026, 141 W
Wed Feb 18 18:42:51 IST 2026, 122 W
Wed Feb 18 18:42:51 IST 2026, 120 W
Wed Feb 18 18:42:51 IST 2026, 128 W
Wed Feb 18 18:42:51 IST 2026, 120 W
Wed Feb 18 18:42:51 IST 2026, 113 W
Wed Feb 18 18:42:51 IST 2026, 117 W
Wed Feb 18 18:42:51 IST 2026, 128 W
Wed Feb 18 18:42:51 IST 2026, 145 W
Wed Feb 18 18:42:52 IST 2026, 119 W
Wed Feb 18 18:42:52 IST 2026, 116 W
Wed Feb 18 18:42:52 IST 2026, 131 W
Wed Feb 18 18:42:52 IST 2026, 128 W
Wed Feb 18 18:42:52 IST 2026, 102 W
Wed Feb 18 18:42:52 IST 2026, 122 W
Wed Feb 18 18:42:52 IST 2026, 120 W
Wed Feb 18 18:42:52 IST 2026, 140 W
Wed Feb 18 18:42:53 IST 2026, 123 W
Wed Feb 18 18:42:53 IST 2026, 123 W
Wed Feb 18 18:42:53 IST 2026, 132 W
Wed Feb 18 18:42:53 IST 2026, 118 W
Wed Feb 18 18:42:53 IST 2026, 107 W
Wed Feb 18 18:42:53 IST 2026, 122 W
Wed Feb 18 18:42:53 IST 2026, 128 W
Wed Feb 18 18:42:53 IST 2026, 137 W
Wed Feb 18 18:42:54 IST 2026, 123 W
Wed Feb 18 18:42:54 IST 2026, 121 W
Wed Feb 18 18:42:54 IST 2026, 133 W
Wed Feb 18 18:42:54 IST 2026, 118 W
Wed Feb 18 18:42:54 IST 2026, 111 W
Wed Feb 18 18:42:54 IST 2026, 117 W
Wed Feb 18 18:42:54 IST 2026, 129 W
Wed Feb 18 18:42:54 IST 2026, 136 W
Wed Feb 18 18:42:55 IST 2026, 130 W
Wed Feb 18 18:42:55 IST 2026, 122 W
Wed Feb 18 18:42:55 IST 2026, 130 W
Wed Feb 18 18:42:55 IST 2026, 126 W
Wed Feb 18 18:42:55 IST 2026, 114 W
Wed Feb 18 18:42:55 IST 2026, 120 W
Wed Feb 18 18:42:55 IST 2026, 132 W
Wed Feb 18 18:42:55 IST 2026, 143 W
Wed Feb 18 18:42:56 IST 2026, 129 W
Wed Feb 18 18:42:56 IST 2026, 122 W
Wed Feb 18 18:42:56 IST 2026, 140 W
Wed Feb 18 18:42:56 IST 2026, 125 W
Wed Feb 18 18:42:56 IST 2026, 117 W
Wed Feb 18 18:42:56 IST 2026, 124 W
Wed Feb 18 18:42:56 IST 2026, 127 W
Wed Feb 18 18:42:56 IST 2026, 141 W
Wed Feb 18 18:42:57 IST 2026, 128 W
Wed Feb 18 18:42:57 IST 2026, 125 W
Wed Feb 18 18:42:57 IST 2026, 138 W
Wed Feb 18 18:42:57 IST 2026, 125 W
Wed Feb 18 18:42:57 IST 2026, 115 W
Wed Feb 18 18:42:57 IST 2026, 119 W
Wed Feb 18 18:42:57 IST 2026, 131 W
Wed Feb 18 18:42:57 IST 2026, 144 W
Wed Feb 18 18:42:58 IST 2026, 131 W
Wed Feb 18 18:42:58 IST 2026, 122 W
Wed Feb 18 18:42:58 IST 2026, 138 W
Wed Feb 18 18:42:58 IST 2026, 125 W
Wed Feb 18 18:42:58 IST 2026, 109 W
Wed Feb 18 18:42:58 IST 2026, 123 W
Wed Feb 18 18:42:58 IST 2026, 130 W
Wed Feb 18 18:42:58 IST 2026, 142 W
Wed Feb 18 18:42:59 IST 2026, 127 W
Wed Feb 18 18:42:59 IST 2026, 125 W
Wed Feb 18 18:42:59 IST 2026, 128 W
Wed Feb 18 18:42:59 IST 2026, 119 W
Wed Feb 18 18:42:59 IST 2026, 113 W
Wed Feb 18 18:42:59 IST 2026, 119 W
Wed Feb 18 18:42:59 IST 2026, 134 W
Wed Feb 18 18:42:59 IST 2026, 141 W
Wed Feb 18 18:43:00 IST 2026, 127 W
Wed Feb 18 18:43:00 IST 2026, 122 W
Wed Feb 18 18:43:00 IST 2026, 134 W
Wed Feb 18 18:43:00 IST 2026, 123 W
Wed Feb 18 18:43:00 IST 2026, 112 W
Wed Feb 18 18:43:00 IST 2026, 121 W
Wed Feb 18 18:43:00 IST 2026, 125 W
Wed Feb 18 18:43:00 IST 2026, 145 W
Wed Feb 18 18:43:01 IST 2026, 123 W
Wed Feb 18 18:43:01 IST 2026, 119 W
Wed Feb 18 18:43:01 IST 2026, 129 W
Wed Feb 18 18:43:01 IST 2026, 122 W
Wed Feb 18 18:43:01 IST 2026, 111 W
Wed Feb 18 18:43:01 IST 2026, 116 W
Wed Feb 18 18:43:01 IST 2026, 125 W
Wed Feb 18 18:43:01 IST 2026, 136 W
Wed Feb 18 18:43:02 IST 2026, 123 W
Wed Feb 18 18:43:02 IST 2026, 119 W
Wed Feb 18 18:43:02 IST 2026, 131 W
Wed Feb 18 18:43:02 IST 2026, 118 W
Wed Feb 18 18:43:02 IST 2026, 108 W
Wed Feb 18 18:43:02 IST 2026, 119 W
Wed Feb 18 18:43:02 IST 2026, 126 W
Wed Feb 18 18:43:02 IST 2026, 139 W
Wed Feb 18 18:43:03 IST 2026, 112 W
Wed Feb 18 18:43:03 IST 2026, 114 W
Wed Feb 18 18:43:03 IST 2026, 128 W
Wed Feb 18 18:43:03 IST 2026, 120 W
Wed Feb 18 18:43:03 IST 2026, 104 W
Wed Feb 18 18:43:03 IST 2026, 118 W
Wed Feb 18 18:43:03 IST 2026, 122 W
Wed Feb 18 18:43:03 IST 2026, 136 W
Wed Feb 18 18:43:04 IST 2026, 124 W
Wed Feb 18 18:43:04 IST 2026, 121 W
Wed Feb 18 18:43:04 IST 2026, 126 W
Wed Feb 18 18:43:04 IST 2026, 116 W
Wed Feb 18 18:43:04 IST 2026, 106 W
Wed Feb 18 18:43:04 IST 2026, 123 W
Wed Feb 18 18:43:04 IST 2026, 119 W
Wed Feb 18 18:43:04 IST 2026, 137 W
Wed Feb 18 18:43:05 IST 2026, 126 W
Wed Feb 18 18:43:05 IST 2026, 117 W
Wed Feb 18 18:43:05 IST 2026, 131 W
Wed Feb 18 18:43:05 IST 2026, 120 W
Wed Feb 18 18:43:05 IST 2026, 107 W
Wed Feb 18 18:43:05 IST 2026, 128 W
Wed Feb 18 18:43:05 IST 2026, 126 W
Wed Feb 18 18:43:05 IST 2026, 143 W
Wed Feb 18 18:43:06 IST 2026, 120 W
Wed Feb 18 18:43:06 IST 2026, 121 W
Wed Feb 18 18:43:06 IST 2026, 129 W
Wed Feb 18 18:43:06 IST 2026, 122 W
Wed Feb 18 18:43:06 IST 2026, 106 W
Wed Feb 18 18:43:06 IST 2026, 116 W
Wed Feb 18 18:43:06 IST 2026, 119 W
Wed Feb 18 18:43:06 IST 2026, 131 W
Wed Feb 18 18:43:07 IST 2026, 125 W
Wed Feb 18 18:43:07 IST 2026, 118 W
Wed Feb 18 18:43:07 IST 2026, 139 W
Wed Feb 18 18:43:07 IST 2026, 122 W
Wed Feb 18 18:43:07 IST 2026, 112 W
Wed Feb 18 18:43:07 IST 2026, 125 W
Wed Feb 18 18:43:07 IST 2026, 124 W
Wed Feb 18 18:43:07 IST 2026, 131 W
Wed Feb 18 18:43:08 IST 2026, 126 W
Wed Feb 18 18:43:08 IST 2026, 119 W
Wed Feb 18 18:43:08 IST 2026, 140 W
Wed Feb 18 18:43:08 IST 2026, 123 W
Wed Feb 18 18:43:08 IST 2026, 116 W
Wed Feb 18 18:43:08 IST 2026, 131 W
Wed Feb 18 18:43:08 IST 2026, 128 W
Wed Feb 18 18:43:08 IST 2026, 138 W
Wed Feb 18 18:43:09 IST 2026, 121 W
Wed Feb 18 18:43:09 IST 2026, 122 W
Wed Feb 18 18:43:09 IST 2026, 139 W
Wed Feb 18 18:43:09 IST 2026, 120 W
Wed Feb 18 18:43:09 IST 2026, 109 W
Wed Feb 18 18:43:09 IST 2026, 125 W
Wed Feb 18 18:43:09 IST 2026, 127 W
Wed Feb 18 18:43:09 IST 2026, 140 W
Wed Feb 18 18:43:10 IST 2026, 121 W
Wed Feb 18 18:43:10 IST 2026, 115 W
Wed Feb 18 18:43:10 IST 2026, 134 W
Wed Feb 18 18:43:10 IST 2026, 113 W
Wed Feb 18 18:43:10 IST 2026, 104 W
Wed Feb 18 18:43:10 IST 2026, 120 W
Wed Feb 18 18:43:10 IST 2026, 111 W
Wed Feb 18 18:43:10 IST 2026, 136 W
Wed Feb 18 18:43:11 IST 2026, 120 W
Wed Feb 18 18:43:11 IST 2026, 121 W
Wed Feb 18 18:43:11 IST 2026, 136 W
Wed Feb 18 18:43:11 IST 2026, 122 W
Wed Feb 18 18:43:11 IST 2026, 111 W
Wed Feb 18 18:43:11 IST 2026, 129 W
Wed Feb 18 18:43:11 IST 2026, 122 W
Wed Feb 18 18:43:11 IST 2026, 138 W
Wed Feb 18 18:43:12 IST 2026, 125 W
Wed Feb 18 18:43:12 IST 2026, 121 W
Wed Feb 18 18:43:12 IST 2026, 139 W
Wed Feb 18 18:43:12 IST 2026, 125 W
Wed Feb 18 18:43:12 IST 2026, 109 W
Wed Feb 18 18:43:12 IST 2026, 123 W
Wed Feb 18 18:43:12 IST 2026, 131 W
Wed Feb 18 18:43:12 IST 2026, 135 W
Wed Feb 18 18:43:13 IST 2026, 115 W
Wed Feb 18 18:43:13 IST 2026, 113 W
Wed Feb 18 18:43:13 IST 2026, 127 W
Wed Feb 18 18:43:13 IST 2026, 118 W
Wed Feb 18 18:43:13 IST 2026, 104 W
Wed Feb 18 18:43:13 IST 2026, 120 W
Wed Feb 18 18:43:13 IST 2026, 115 W
Wed Feb 18 18:43:13 IST 2026, 127 W
Wed Feb 18 18:43:14 IST 2026, 112 W
Wed Feb 18 18:43:14 IST 2026, 119 W
Wed Feb 18 18:43:14 IST 2026, 131 W
Wed Feb 18 18:43:14 IST 2026, 118 W
Wed Feb 18 18:43:14 IST 2026, 104 W
Wed Feb 18 18:43:14 IST 2026, 120 W
Wed Feb 18 18:43:14 IST 2026, 118 W
Wed Feb 18 18:43:14 IST 2026, 135 W
Wed Feb 18 18:43:15 IST 2026, 109 W
Wed Feb 18 18:43:15 IST 2026, 117 W
Wed Feb 18 18:43:15 IST 2026, 122 W
Wed Feb 18 18:43:15 IST 2026, 117 W
Wed Feb 18 18:43:15 IST 2026, 107 W
Wed Feb 18 18:43:15 IST 2026, 119 W
Wed Feb 18 18:43:15 IST 2026, 114 W
Wed Feb 18 18:43:15 IST 2026, 137 W
Wed Feb 18 18:43:16 IST 2026, 114 W
Wed Feb 18 18:43:16 IST 2026, 117 W
Wed Feb 18 18:43:16 IST 2026, 124 W
Wed Feb 18 18:43:16 IST 2026, 113 W
Wed Feb 18 18:43:16 IST 2026, 106 W
Wed Feb 18 18:43:16 IST 2026, 121 W
Wed Feb 18 18:43:16 IST 2026, 122 W
Wed Feb 18 18:43:16 IST 2026, 139 W
Wed Feb 18 18:43:17 IST 2026, 119 W
Wed Feb 18 18:43:17 IST 2026, 125 W
Wed Feb 18 18:43:17 IST 2026, 132 W
Wed Feb 18 18:43:17 IST 2026, 124 W
Wed Feb 18 18:43:17 IST 2026, 112 W
Wed Feb 18 18:43:17 IST 2026, 124 W
Wed Feb 18 18:43:17 IST 2026, 130 W
Wed Feb 18 18:43:17 IST 2026, 150 W
Wed Feb 18 18:43:18 IST 2026, 122 W
Wed Feb 18 18:43:18 IST 2026, 118 W
Wed Feb 18 18:43:18 IST 2026, 127 W
Wed Feb 18 18:43:18 IST 2026, 115 W
Wed Feb 18 18:43:18 IST 2026, 110 W
Wed Feb 18 18:43:18 IST 2026, 127 W
Wed Feb 18 18:43:18 IST 2026, 120 W
Wed Feb 18 18:43:18 IST 2026, 134 W
Wed Feb 18 18:43:19 IST 2026, 125 W
Wed Feb 18 18:43:19 IST 2026, 121 W
Wed Feb 18 18:43:19 IST 2026, 133 W
Wed Feb 18 18:43:19 IST 2026, 123 W
Wed Feb 18 18:43:19 IST 2026, 115 W
Wed Feb 18 18:43:19 IST 2026, 130 W
Wed Feb 18 18:43:19 IST 2026, 125 W
Wed Feb 18 18:43:19 IST 2026, 143 W
Wed Feb 18 18:43:20 IST 2026, 125 W
Wed Feb 18 18:43:20 IST 2026, 120 W
Wed Feb 18 18:43:20 IST 2026, 137 W
Wed Feb 18 18:43:20 IST 2026, 123 W
Wed Feb 18 18:43:20 IST 2026, 112 W
Wed Feb 18 18:43:20 IST 2026, 129 W
Wed Feb 18 18:43:20 IST 2026, 130 W
Wed Feb 18 18:43:20 IST 2026, 136 W
Wed Feb 18 18:43:21 IST 2026, 117 W
Wed Feb 18 18:43:21 IST 2026, 122 W
Wed Feb 18 18:43:21 IST 2026, 128 W
Wed Feb 18 18:43:21 IST 2026, 119 W
Wed Feb 18 18:43:21 IST 2026, 109 W
Wed Feb 18 18:43:21 IST 2026, 121 W
Wed Feb 18 18:43:21 IST 2026, 121 W
Wed Feb 18 18:43:21 IST 2026, 135 W
Wed Feb 18 18:43:22 IST 2026, 117 W
Wed Feb 18 18:43:22 IST 2026, 119 W
Wed Feb 18 18:43:22 IST 2026, 126 W
Wed Feb 18 18:43:22 IST 2026, 118 W
Wed Feb 18 18:43:22 IST 2026, 106 W
Wed Feb 18 18:43:22 IST 2026, 120 W
Wed Feb 18 18:43:22 IST 2026, 117 W
Wed Feb 18 18:43:22 IST 2026, 139 W
Wed Feb 18 18:43:23 IST 2026, 125 W
Wed Feb 18 18:43:23 IST 2026, 122 W
Wed Feb 18 18:43:23 IST 2026, 135 W
Wed Feb 18 18:43:23 IST 2026, 121 W
Wed Feb 18 18:43:23 IST 2026, 106 W
Wed Feb 18 18:43:23 IST 2026, 130 W
Wed Feb 18 18:43:23 IST 2026, 126 W
Wed Feb 18 18:43:23 IST 2026, 136 W
Wed Feb 18 18:43:24 IST 2026, 116 W
Wed Feb 18 18:43:24 IST 2026, 111 W
Wed Feb 18 18:43:24 IST 2026, 140 W
Wed Feb 18 18:43:24 IST 2026, 124 W
Wed Feb 18 18:43:24 IST 2026, 114 W
Wed Feb 18 18:43:24 IST 2026, 125 W
Wed Feb 18 18:43:24 IST 2026, 124 W
Wed Feb 18 18:43:24 IST 2026, 131 W
Wed Feb 18 18:43:25 IST 2026, 123 W
Wed Feb 18 18:43:25 IST 2026, 118 W
Wed Feb 18 18:43:25 IST 2026, 134 W
Wed Feb 18 18:43:25 IST 2026, 118 W
Wed Feb 18 18:43:25 IST 2026, 110 W
Wed Feb 18 18:43:25 IST 2026, 125 W
Wed Feb 18 18:43:25 IST 2026, 121 W
Wed Feb 18 18:43:25 IST 2026, 133 W
Wed Feb 18 18:43:26 IST 2026, 122 W
Wed Feb 18 18:43:26 IST 2026, 126 W
Wed Feb 18 18:43:26 IST 2026, 133 W
Wed Feb 18 18:43:26 IST 2026, 121 W
Wed Feb 18 18:43:26 IST 2026, 113 W
Wed Feb 18 18:43:26 IST 2026, 132 W
Wed Feb 18 18:43:26 IST 2026, 130 W
Wed Feb 18 18:43:26 IST 2026, 143 W
Wed Feb 18 18:43:27 IST 2026, 115 W
Wed Feb 18 18:43:27 IST 2026, 109 W
Wed Feb 18 18:43:27 IST 2026, 132 W
Wed Feb 18 18:43:27 IST 2026, 115 W
Wed Feb 18 18:43:27 IST 2026, 106 W
Wed Feb 18 18:43:27 IST 2026, 117 W
Wed Feb 18 18:43:27 IST 2026, 119 W
Wed Feb 18 18:43:27 IST 2026, 129 W
Wed Feb 18 18:43:28 IST 2026, 124 W
Wed Feb 18 18:43:28 IST 2026, 113 W
Wed Feb 18 18:43:28 IST 2026, 134 W
Wed Feb 18 18:43:28 IST 2026, 119 W
Wed Feb 18 18:43:28 IST 2026, 107 W
Wed Feb 18 18:43:28 IST 2026, 120 W
Wed Feb 18 18:43:28 IST 2026, 117 W
Wed Feb 18 18:43:28 IST 2026, 134 W
Wed Feb 18 18:43:29 IST 2026, 120 W
Wed Feb 18 18:43:29 IST 2026, 111 W
Wed Feb 18 18:43:29 IST 2026, 133 W
Wed Feb 18 18:43:29 IST 2026, 118 W
Wed Feb 18 18:43:29 IST 2026, 104 W
Wed Feb 18 18:43:29 IST 2026, 122 W
Wed Feb 18 18:43:29 IST 2026, 115 W
Wed Feb 18 18:43:29 IST 2026, 138 W
Wed Feb 18 18:43:30 IST 2026, 121 W
Wed Feb 18 18:43:30 IST 2026, 116 W
Wed Feb 18 18:43:30 IST 2026, 130 W
Wed Feb 18 18:43:30 IST 2026, 119 W
Wed Feb 18 18:43:30 IST 2026, 108 W
Wed Feb 18 18:43:30 IST 2026, 129 W
Wed Feb 18 18:43:30 IST 2026, 124 W
Wed Feb 18 18:43:30 IST 2026, 135 W
Wed Feb 18 18:43:31 IST 2026, 121 W
Wed Feb 18 18:43:31 IST 2026, 115 W
Wed Feb 18 18:43:31 IST 2026, 129 W
Wed Feb 18 18:43:31 IST 2026, 115 W
Wed Feb 18 18:43:31 IST 2026, 111 W
Wed Feb 18 18:43:31 IST 2026, 130 W
Wed Feb 18 18:43:31 IST 2026, 122 W
Wed Feb 18 18:43:31 IST 2026, 139 W
Wed Feb 18 18:43:32 IST 2026, 127 W
Wed Feb 18 18:43:32 IST 2026, 113 W
Wed Feb 18 18:43:32 IST 2026, 135 W
Wed Feb 18 18:43:32 IST 2026, 121 W
Wed Feb 18 18:43:32 IST 2026, 114 W
Wed Feb 18 18:43:32 IST 2026, 132 W
Wed Feb 18 18:43:32 IST 2026, 129 W
Wed Feb 18 18:43:32 IST 2026, 147 W
Wed Feb 18 18:43:33 IST 2026, 129 W
Wed Feb 18 18:43:33 IST 2026, 114 W
Wed Feb 18 18:43:33 IST 2026, 139 W
Wed Feb 18 18:43:33 IST 2026, 126 W
Wed Feb 18 18:43:33 IST 2026, 116 W
Wed Feb 18 18:43:33 IST 2026, 132 W
Wed Feb 18 18:43:33 IST 2026, 131 W
Wed Feb 18 18:43:33 IST 2026, 145 W
Wed Feb 18 18:43:34 IST 2026, 112 W
Wed Feb 18 18:43:34 IST 2026, 114 W
Wed Feb 18 18:43:34 IST 2026, 122 W
Wed Feb 18 18:43:34 IST 2026, 112 W
Wed Feb 18 18:43:34 IST 2026, 104 W
Wed Feb 18 18:43:34 IST 2026, 121 W
Wed Feb 18 18:43:34 IST 2026, 112 W
Wed Feb 18 18:43:34 IST 2026, 132 W
Wed Feb 18 18:43:35 IST 2026, 123 W
Wed Feb 18 18:43:35 IST 2026, 118 W
Wed Feb 18 18:43:35 IST 2026, 123 W
Wed Feb 18 18:43:35 IST 2026, 120 W
Wed Feb 18 18:43:35 IST 2026, 109 W
Wed Feb 18 18:43:35 IST 2026, 126 W
Wed Feb 18 18:43:35 IST 2026, 113 W
Wed Feb 18 18:43:35 IST 2026, 133 W
Wed Feb 18 18:43:36 IST 2026, 123 W
Wed Feb 18 18:43:36 IST 2026, 120 W
Wed Feb 18 18:43:36 IST 2026, 127 W
Wed Feb 18 18:43:36 IST 2026, 120 W
Wed Feb 18 18:43:36 IST 2026, 111 W
Wed Feb 18 18:43:36 IST 2026, 126 W
Wed Feb 18 18:43:36 IST 2026, 121 W
Wed Feb 18 18:43:36 IST 2026, 136 W
Wed Feb 18 18:43:37 IST 2026, 124 W
Wed Feb 18 18:43:37 IST 2026, 121 W
Wed Feb 18 18:43:37 IST 2026, 133 W
Wed Feb 18 18:43:37 IST 2026, 123 W
Wed Feb 18 18:43:37 IST 2026, 111 W
Wed Feb 18 18:43:37 IST 2026, 127 W
Wed Feb 18 18:43:37 IST 2026, 120 W
Wed Feb 18 18:43:37 IST 2026, 140 W
Wed Feb 18 18:43:38 IST 2026, 119 W
Wed Feb 18 18:43:38 IST 2026, 116 W
Wed Feb 18 18:43:38 IST 2026, 124 W
Wed Feb 18 18:43:38 IST 2026, 116 W
Wed Feb 18 18:43:38 IST 2026, 108 W
Wed Feb 18 18:43:38 IST 2026, 119 W
Wed Feb 18 18:43:38 IST 2026, 112 W
Wed Feb 18 18:43:38 IST 2026, 137 W
Wed Feb 18 18:43:39 IST 2026, 116 W
Wed Feb 18 18:43:39 IST 2026, 110 W
Wed Feb 18 18:43:39 IST 2026, 120 W
Wed Feb 18 18:43:39 IST 2026, 116 W
Wed Feb 18 18:43:39 IST 2026, 101 W
Wed Feb 18 18:43:39 IST 2026, 120 W
Wed Feb 18 18:43:39 IST 2026, 112 W
Wed Feb 18 18:43:39 IST 2026, 133 W
Wed Feb 18 18:43:40 IST 2026, 115 W
Wed Feb 18 18:43:40 IST 2026, 118 W
Wed Feb 18 18:43:40 IST 2026, 129 W
Wed Feb 18 18:43:40 IST 2026, 119 W
Wed Feb 18 18:43:40 IST 2026, 107 W
Wed Feb 18 18:43:40 IST 2026, 124 W
Wed Feb 18 18:43:40 IST 2026, 128 W
Wed Feb 18 18:43:40 IST 2026, 141 W
Wed Feb 18 18:43:41 IST 2026, 119 W
Wed Feb 18 18:43:41 IST 2026, 121 W
Wed Feb 18 18:43:41 IST 2026, 135 W
Wed Feb 18 18:43:41 IST 2026, 121 W
Wed Feb 18 18:43:41 IST 2026, 113 W
Wed Feb 18 18:43:41 IST 2026, 125 W
Wed Feb 18 18:43:41 IST 2026, 129 W
Wed Feb 18 18:43:41 IST 2026, 142 W
Wed Feb 18 18:43:42 IST 2026, 119 W
Wed Feb 18 18:43:42 IST 2026, 114 W
Wed Feb 18 18:43:42 IST 2026, 123 W
Wed Feb 18 18:43:42 IST 2026, 114 W
Wed Feb 18 18:43:42 IST 2026, 102 W
Wed Feb 18 18:43:42 IST 2026, 118 W
Wed Feb 18 18:43:42 IST 2026, 110 W
Wed Feb 18 18:43:42 IST 2026, 131 W
Wed Feb 18 18:43:43 IST 2026, 120 W
Wed Feb 18 18:43:43 IST 2026, 116 W
Wed Feb 18 18:43:43 IST 2026, 133 W
Wed Feb 18 18:43:43 IST 2026, 117 W
Wed Feb 18 18:43:43 IST 2026, 105 W
Wed Feb 18 18:43:43 IST 2026, 124 W
Wed Feb 18 18:43:43 IST 2026, 114 W
Wed Feb 18 18:43:43 IST 2026, 135 W
Wed Feb 18 18:43:44 IST 2026, 121 W
Wed Feb 18 18:43:44 IST 2026, 112 W
Wed Feb 18 18:43:44 IST 2026, 133 W
Wed Feb 18 18:43:44 IST 2026, 116 W
Wed Feb 18 18:43:44 IST 2026, 106 W
Wed Feb 18 18:43:44 IST 2026, 125 W
Wed Feb 18 18:43:44 IST 2026, 122 W
Wed Feb 18 18:43:44 IST 2026, 137 W
Wed Feb 18 18:43:45 IST 2026, 123 W
Wed Feb 18 18:43:45 IST 2026, 113 W
Wed Feb 18 18:43:45 IST 2026, 135 W
Wed Feb 18 18:43:45 IST 2026, 123 W
Wed Feb 18 18:43:45 IST 2026, 106 W
Wed Feb 18 18:43:45 IST 2026, 119 W
Wed Feb 18 18:43:45 IST 2026, 120 W
Wed Feb 18 18:43:45 IST 2026, 135 W
Wed Feb 18 18:43:46 IST 2026, 125 W
Wed Feb 18 18:43:46 IST 2026, 117 W
Wed Feb 18 18:43:46 IST 2026, 135 W
Wed Feb 18 18:43:46 IST 2026, 121 W
Wed Feb 18 18:43:46 IST 2026, 104 W
Wed Feb 18 18:43:46 IST 2026, 126 W
Wed Feb 18 18:43:46 IST 2026, 123 W
Wed Feb 18 18:43:46 IST 2026, 140 W
Wed Feb 18 18:43:47 IST 2026, 121 W
Wed Feb 18 18:43:47 IST 2026, 117 W
Wed Feb 18 18:43:47 IST 2026, 129 W
Wed Feb 18 18:43:47 IST 2026, 116 W
Wed Feb 18 18:43:47 IST 2026, 107 W
Wed Feb 18 18:43:47 IST 2026, 127 W
Wed Feb 18 18:43:47 IST 2026, 122 W
Wed Feb 18 18:43:47 IST 2026, 129 W
Wed Feb 18 18:43:48 IST 2026, 125 W
Wed Feb 18 18:43:48 IST 2026, 120 W
Wed Feb 18 18:43:48 IST 2026, 132 W
Wed Feb 18 18:43:48 IST 2026, 129 W
Wed Feb 18 18:43:48 IST 2026, 109 W
Wed Feb 18 18:43:48 IST 2026, 125 W
Wed Feb 18 18:43:48 IST 2026, 125 W
Wed Feb 18 18:43:48 IST 2026, 136 W
Wed Feb 18 18:43:49 IST 2026, 116 W
Wed Feb 18 18:43:49 IST 2026, 115 W
Wed Feb 18 18:43:49 IST 2026, 132 W
Wed Feb 18 18:43:49 IST 2026, 124 W
Wed Feb 18 18:43:49 IST 2026, 109 W
Wed Feb 18 18:43:49 IST 2026, 128 W
Wed Feb 18 18:43:49 IST 2026, 125 W
Wed Feb 18 18:43:49 IST 2026, 141 W
Wed Feb 18 18:43:50 IST 2026, 120 W
Wed Feb 18 18:43:50 IST 2026, 119 W
Wed Feb 18 18:43:50 IST 2026, 131 W
Wed Feb 18 18:43:50 IST 2026, 126 W
Wed Feb 18 18:43:50 IST 2026, 106 W
Wed Feb 18 18:43:50 IST 2026, 127 W
Wed Feb 18 18:43:50 IST 2026, 124 W
Wed Feb 18 18:43:50 IST 2026, 143 W
Wed Feb 18 18:43:51 IST 2026, 114 W
Wed Feb 18 18:43:51 IST 2026, 115 W
Wed Feb 18 18:43:51 IST 2026, 136 W
Wed Feb 18 18:43:51 IST 2026, 119 W
Wed Feb 18 18:43:51 IST 2026, 113 W
Wed Feb 18 18:43:51 IST 2026, 126 W
Wed Feb 18 18:43:51 IST 2026, 120 W
Wed Feb 18 18:43:51 IST 2026, 140 W
Wed Feb 18 18:43:52 IST 2026, 118 W
Wed Feb 18 18:43:52 IST 2026, 124 W
Wed Feb 18 18:43:52 IST 2026, 139 W
Wed Feb 18 18:43:52 IST 2026, 120 W
Wed Feb 18 18:43:52 IST 2026, 115 W
Wed Feb 18 18:43:52 IST 2026, 129 W
Wed Feb 18 18:43:52 IST 2026, 128 W
Wed Feb 18 18:43:52 IST 2026, 140 W
Wed Feb 18 18:43:53 IST 2026, 123 W
Wed Feb 18 18:43:53 IST 2026, 119 W
Wed Feb 18 18:43:53 IST 2026, 135 W
Wed Feb 18 18:43:53 IST 2026, 118 W
Wed Feb 18 18:43:53 IST 2026, 104 W
Wed Feb 18 18:43:53 IST 2026, 122 W
Wed Feb 18 18:43:53 IST 2026, 112 W
Wed Feb 18 18:43:53 IST 2026, 138 W
Wed Feb 18 18:43:54 IST 2026, 120 W
Wed Feb 18 18:43:54 IST 2026, 114 W
Wed Feb 18 18:43:54 IST 2026, 131 W
Wed Feb 18 18:43:54 IST 2026, 119 W
Wed Feb 18 18:43:54 IST 2026, 107 W
Wed Feb 18 18:43:54 IST 2026, 127 W
Wed Feb 18 18:43:54 IST 2026, 123 W
Wed Feb 18 18:43:54 IST 2026, 136 W
Wed Feb 18 18:43:55 IST 2026, 115 W
Wed Feb 18 18:43:55 IST 2026, 120 W
Wed Feb 18 18:43:55 IST 2026, 129 W
Wed Feb 18 18:43:55 IST 2026, 121 W
Wed Feb 18 18:43:55 IST 2026, 105 W
Wed Feb 18 18:43:55 IST 2026, 119 W
Wed Feb 18 18:43:55 IST 2026, 115 W
Wed Feb 18 18:43:55 IST 2026, 135 W
Wed Feb 18 18:43:56 IST 2026, 121 W
Wed Feb 18 18:43:56 IST 2026, 124 W
Wed Feb 18 18:43:56 IST 2026, 134 W
Wed Feb 18 18:43:56 IST 2026, 126 W
Wed Feb 18 18:43:56 IST 2026, 111 W
Wed Feb 18 18:43:56 IST 2026, 130 W
Wed Feb 18 18:43:56 IST 2026, 129 W
Wed Feb 18 18:43:56 IST 2026, 140 W
Wed Feb 18 18:43:57 IST 2026, 119 W
Wed Feb 18 18:43:57 IST 2026, 122 W
Wed Feb 18 18:43:57 IST 2026, 133 W
Wed Feb 18 18:43:57 IST 2026, 125 W
Wed Feb 18 18:43:57 IST 2026, 114 W
Wed Feb 18 18:43:57 IST 2026, 125 W
Wed Feb 18 18:43:57 IST 2026, 122 W
Wed Feb 18 18:43:57 IST 2026, 139 W
Wed Feb 18 18:43:58 IST 2026, 118 W
Wed Feb 18 18:43:58 IST 2026, 119 W
Wed Feb 18 18:43:58 IST 2026, 126 W
Wed Feb 18 18:43:58 IST 2026, 117 W
Wed Feb 18 18:43:58 IST 2026, 110 W
Wed Feb 18 18:43:58 IST 2026, 120 W
Wed Feb 18 18:43:58 IST 2026, 121 W
Wed Feb 18 18:43:58 IST 2026, 133 W
Wed Feb 18 18:43:59 IST 2026, 116 W
Wed Feb 18 18:43:59 IST 2026, 112 W
Wed Feb 18 18:43:59 IST 2026, 131 W
Wed Feb 18 18:43:59 IST 2026, 118 W
Wed Feb 18 18:43:59 IST 2026, 104 W
Wed Feb 18 18:43:59 IST 2026, 126 W
Wed Feb 18 18:43:59 IST 2026, 124 W
Wed Feb 18 18:43:59 IST 2026, 139 W
Wed Feb 18 18:44:00 IST 2026, 128 W
Wed Feb 18 18:44:00 IST 2026, 129 W
Wed Feb 18 18:44:00 IST 2026, 137 W
Wed Feb 18 18:44:00 IST 2026, 123 W
Wed Feb 18 18:44:00 IST 2026, 116 W
Wed Feb 18 18:44:00 IST 2026, 133 W
Wed Feb 18 18:44:00 IST 2026, 129 W
Wed Feb 18 18:44:00 IST 2026, 126 W
Wed Feb 18 18:44:01 IST 2026, 120 W
Wed Feb 18 18:44:01 IST 2026, 123 W
Wed Feb 18 18:44:01 IST 2026, 134 W
Wed Feb 18 18:44:01 IST 2026, 124 W
Wed Feb 18 18:44:01 IST 2026, 107 W
Wed Feb 18 18:44:01 IST 2026, 127 W
Wed Feb 18 18:44:01 IST 2026, 132 W
Wed Feb 18 18:44:01 IST 2026, 142 W
Wed Feb 18 18:44:02 IST 2026, 124 W
Wed Feb 18 18:44:02 IST 2026, 117 W
Wed Feb 18 18:44:02 IST 2026, 118 W
Wed Feb 18 18:44:02 IST 2026, 117 W
Wed Feb 18 18:44:02 IST 2026, 110 W
Wed Feb 18 18:44:02 IST 2026, 124 W
Wed Feb 18 18:44:02 IST 2026, 122 W
Wed Feb 18 18:44:02 IST 2026, 139 W
Wed Feb 18 18:44:03 IST 2026, 119 W
Wed Feb 18 18:44:03 IST 2026, 118 W
Wed Feb 18 18:44:03 IST 2026, 122 W
Wed Feb 18 18:44:03 IST 2026, 120 W
Wed Feb 18 18:44:03 IST 2026, 108 W
Wed Feb 18 18:44:03 IST 2026, 128 W
Wed Feb 18 18:44:03 IST 2026, 127 W
Wed Feb 18 18:44:03 IST 2026, 139 W
Wed Feb 18 18:44:04 IST 2026, 116 W
Wed Feb 18 18:44:04 IST 2026, 123 W
Wed Feb 18 18:44:04 IST 2026, 129 W
Wed Feb 18 18:44:04 IST 2026, 125 W
Wed Feb 18 18:44:04 IST 2026, 112 W
Wed Feb 18 18:44:04 IST 2026, 129 W
Wed Feb 18 18:44:04 IST 2026, 129 W
Wed Feb 18 18:44:04 IST 2026, 147 W
Wed Feb 18 18:44:05 IST 2026, 118 W
Wed Feb 18 18:44:05 IST 2026, 111 W
Wed Feb 18 18:44:05 IST 2026, 118 W
Wed Feb 18 18:44:05 IST 2026, 117 W
Wed Feb 18 18:44:05 IST 2026, 101 W
Wed Feb 18 18:44:05 IST 2026, 120 W
Wed Feb 18 18:44:05 IST 2026, 112 W
Wed Feb 18 18:44:05 IST 2026, 134 W
Wed Feb 18 18:44:06 IST 2026, 129 W
Wed Feb 18 18:44:06 IST 2026, 124 W
Wed Feb 18 18:44:06 IST 2026, 134 W
Wed Feb 18 18:44:06 IST 2026, 119 W
Wed Feb 18 18:44:06 IST 2026, 114 W
Wed Feb 18 18:44:06 IST 2026, 130 W
Wed Feb 18 18:44:06 IST 2026, 129 W
Wed Feb 18 18:44:06 IST 2026, 131 W
Wed Feb 18 18:44:07 IST 2026, 126 W
Wed Feb 18 18:44:07 IST 2026, 121 W
Wed Feb 18 18:44:07 IST 2026, 135 W
Wed Feb 18 18:44:07 IST 2026, 122 W
Wed Feb 18 18:44:07 IST 2026, 111 W
Wed Feb 18 18:44:07 IST 2026, 119 W
Wed Feb 18 18:44:07 IST 2026, 127 W
Wed Feb 18 18:44:07 IST 2026, 143 W
Wed Feb 18 18:44:08 IST 2026, 120 W
Wed Feb 18 18:44:08 IST 2026, 115 W
Wed Feb 18 18:44:08 IST 2026, 133 W
Wed Feb 18 18:44:08 IST 2026, 116 W
Wed Feb 18 18:44:08 IST 2026, 108 W
Wed Feb 18 18:44:08 IST 2026, 120 W
Wed Feb 18 18:44:08 IST 2026, 121 W
Wed Feb 18 18:44:08 IST 2026, 131 W
Wed Feb 18 18:44:09 IST 2026, 127 W
Wed Feb 18 18:44:09 IST 2026, 119 W
Wed Feb 18 18:44:09 IST 2026, 130 W
Wed Feb 18 18:44:09 IST 2026, 119 W
Wed Feb 18 18:44:09 IST 2026, 111 W
Wed Feb 18 18:44:09 IST 2026, 130 W
Wed Feb 18 18:44:09 IST 2026, 125 W
Wed Feb 18 18:44:09 IST 2026, 137 W
Wed Feb 18 18:44:10 IST 2026, 116 W
Wed Feb 18 18:44:10 IST 2026, 121 W
Wed Feb 18 18:44:10 IST 2026, 124 W
Wed Feb 18 18:44:10 IST 2026, 123 W
Wed Feb 18 18:44:10 IST 2026, 109 W
Wed Feb 18 18:44:10 IST 2026, 125 W
Wed Feb 18 18:44:10 IST 2026, 126 W
Wed Feb 18 18:44:10 IST 2026, 141 W
Wed Feb 18 18:44:11 IST 2026, 116 W
Wed Feb 18 18:44:11 IST 2026, 119 W
Wed Feb 18 18:44:11 IST 2026, 131 W
Wed Feb 18 18:44:11 IST 2026, 118 W
Wed Feb 18 18:44:11 IST 2026, 107 W
Wed Feb 18 18:44:11 IST 2026, 121 W
Wed Feb 18 18:44:11 IST 2026, 122 W
Wed Feb 18 18:44:11 IST 2026, 134 W
Wed Feb 18 18:44:12 IST 2026, 125 W
Wed Feb 18 18:44:12 IST 2026, 118 W
Wed Feb 18 18:44:12 IST 2026, 133 W
Wed Feb 18 18:44:12 IST 2026, 127 W
Wed Feb 18 18:44:12 IST 2026, 111 W
Wed Feb 18 18:44:12 IST 2026, 124 W
Wed Feb 18 18:44:12 IST 2026, 119 W
Wed Feb 18 18:44:12 IST 2026, 138 W
Wed Feb 18 18:44:13 IST 2026, 117 W
Wed Feb 18 18:44:13 IST 2026, 120 W
Wed Feb 18 18:44:13 IST 2026, 127 W
Wed Feb 18 18:44:13 IST 2026, 120 W
Wed Feb 18 18:44:13 IST 2026, 107 W
Wed Feb 18 18:44:13 IST 2026, 123 W
Wed Feb 18 18:44:13 IST 2026, 125 W
Wed Feb 18 18:44:13 IST 2026, 135 W
Wed Feb 18 18:44:14 IST 2026, 121 W
Wed Feb 18 18:44:14 IST 2026, 120 W
Wed Feb 18 18:44:14 IST 2026, 134 W
Wed Feb 18 18:44:14 IST 2026, 119 W
Wed Feb 18 18:44:14 IST 2026, 106 W
Wed Feb 18 18:44:14 IST 2026, 121 W
Wed Feb 18 18:44:14 IST 2026, 123 W
Wed Feb 18 18:44:14 IST 2026, 136 W
Wed Feb 18 18:44:15 IST 2026, 125 W
Wed Feb 18 18:44:15 IST 2026, 124 W
Wed Feb 18 18:44:15 IST 2026, 135 W
Wed Feb 18 18:44:15 IST 2026, 124 W
Wed Feb 18 18:44:15 IST 2026, 106 W
Wed Feb 18 18:44:15 IST 2026, 127 W
Wed Feb 18 18:44:15 IST 2026, 127 W
Wed Feb 18 18:44:15 IST 2026, 143 W
Wed Feb 18 18:44:16 IST 2026, 119 W
Wed Feb 18 18:44:16 IST 2026, 121 W
Wed Feb 18 18:44:16 IST 2026, 128 W
Wed Feb 18 18:44:16 IST 2026, 120 W
Wed Feb 18 18:44:16 IST 2026, 105 W
Wed Feb 18 18:44:16 IST 2026, 126 W
Wed Feb 18 18:44:16 IST 2026, 127 W
Wed Feb 18 18:44:16 IST 2026, 142 W
Wed Feb 18 18:44:17 IST 2026, 118 W
Wed Feb 18 18:44:17 IST 2026, 111 W
Wed Feb 18 18:44:17 IST 2026, 130 W
Wed Feb 18 18:44:17 IST 2026, 110 W
Wed Feb 18 18:44:17 IST 2026, 102 W
Wed Feb 18 18:44:17 IST 2026, 119 W
Wed Feb 18 18:44:17 IST 2026, 114 W
Wed Feb 18 18:44:17 IST 2026, 129 W
Wed Feb 18 18:44:18 IST 2026, 122 W
Wed Feb 18 18:44:18 IST 2026, 117 W
Wed Feb 18 18:44:18 IST 2026, 129 W
Wed Feb 18 18:44:18 IST 2026, 122 W
Wed Feb 18 18:44:18 IST 2026, 104 W
Wed Feb 18 18:44:18 IST 2026, 124 W
Wed Feb 18 18:44:18 IST 2026, 117 W
Wed Feb 18 18:44:18 IST 2026, 132 W
Wed Feb 18 18:44:19 IST 2026, 116 W
Wed Feb 18 18:44:19 IST 2026, 109 W
Wed Feb 18 18:44:19 IST 2026, 121 W
Wed Feb 18 18:44:19 IST 2026, 110 W
Wed Feb 18 18:44:19 IST 2026, 103 W
Wed Feb 18 18:44:19 IST 2026, 118 W
Wed Feb 18 18:44:19 IST 2026, 118 W
Wed Feb 18 18:44:19 IST 2026, 129 W
Wed Feb 18 18:44:20 IST 2026, 130 W
Wed Feb 18 18:44:20 IST 2026, 124 W
Wed Feb 18 18:44:20 IST 2026, 132 W
Wed Feb 18 18:44:20 IST 2026, 127 W
Wed Feb 18 18:44:20 IST 2026, 114 W
Wed Feb 18 18:44:20 IST 2026, 130 W
Wed Feb 18 18:44:20 IST 2026, 133 W
Wed Feb 18 18:44:20 IST 2026, 142 W
Wed Feb 18 18:44:21 IST 2026, 129 W
Wed Feb 18 18:44:21 IST 2026, 127 W
Wed Feb 18 18:44:21 IST 2026, 125 W
Wed Feb 18 18:44:21 IST 2026, 126 W
Wed Feb 18 18:44:21 IST 2026, 113 W
Wed Feb 18 18:44:21 IST 2026, 130 W
Wed Feb 18 18:44:21 IST 2026, 127 W
Wed Feb 18 18:44:21 IST 2026, 143 W
Wed Feb 18 18:44:22 IST 2026, 116 W
Wed Feb 18 18:44:22 IST 2026, 124 W
Wed Feb 18 18:44:22 IST 2026, 139 W
Wed Feb 18 18:44:22 IST 2026, 122 W
Wed Feb 18 18:44:22 IST 2026, 107 W
Wed Feb 18 18:44:22 IST 2026, 128 W
Wed Feb 18 18:44:22 IST 2026, 127 W
Wed Feb 18 18:44:22 IST 2026, 137 W
Wed Feb 18 18:44:23 IST 2026, 115 W
Wed Feb 18 18:44:23 IST 2026, 115 W
Wed Feb 18 18:44:23 IST 2026, 128 W
Wed Feb 18 18:44:23 IST 2026, 115 W
Wed Feb 18 18:44:23 IST 2026, 103 W
Wed Feb 18 18:44:23 IST 2026, 121 W
Wed Feb 18 18:44:23 IST 2026, 118 W
Wed Feb 18 18:44:23 IST 2026, 139 W
Wed Feb 18 18:44:24 IST 2026, 122 W
Wed Feb 18 18:44:24 IST 2026, 111 W
Wed Feb 18 18:44:24 IST 2026, 131 W
Wed Feb 18 18:44:24 IST 2026, 120 W
Wed Feb 18 18:44:24 IST 2026, 110 W
Wed Feb 18 18:44:24 IST 2026, 128 W
Wed Feb 18 18:44:24 IST 2026, 128 W
Wed Feb 18 18:44:24 IST 2026, 144 W
Wed Feb 18 18:44:25 IST 2026, 122 W
Wed Feb 18 18:44:25 IST 2026, 118 W
Wed Feb 18 18:44:25 IST 2026, 127 W
Wed Feb 18 18:44:25 IST 2026, 122 W
Wed Feb 18 18:44:25 IST 2026, 107 W
Wed Feb 18 18:44:25 IST 2026, 124 W
Wed Feb 18 18:44:25 IST 2026, 119 W
Wed Feb 18 18:44:25 IST 2026, 144 W
Wed Feb 18 18:44:26 IST 2026, 116 W
Wed Feb 18 18:44:26 IST 2026, 117 W
Wed Feb 18 18:44:26 IST 2026, 131 W
Wed Feb 18 18:44:26 IST 2026, 125 W
Wed Feb 18 18:44:26 IST 2026, 107 W
Wed Feb 18 18:44:26 IST 2026, 119 W
Wed Feb 18 18:44:26 IST 2026, 118 W
Wed Feb 18 18:44:26 IST 2026, 135 W
Wed Feb 18 18:44:27 IST 2026, 124 W
Wed Feb 18 18:44:27 IST 2026, 115 W
Wed Feb 18 18:44:27 IST 2026, 131 W
Wed Feb 18 18:44:27 IST 2026, 120 W
Wed Feb 18 18:44:27 IST 2026, 107 W
Wed Feb 18 18:44:27 IST 2026, 125 W
Wed Feb 18 18:44:27 IST 2026, 124 W
Wed Feb 18 18:44:27 IST 2026, 138 W
Wed Feb 18 18:44:28 IST 2026, 110 W
Wed Feb 18 18:44:28 IST 2026, 120 W
Wed Feb 18 18:44:28 IST 2026, 131 W
Wed Feb 18 18:44:28 IST 2026, 120 W
Wed Feb 18 18:44:28 IST 2026, 108 W
Wed Feb 18 18:44:28 IST 2026, 125 W
Wed Feb 18 18:44:28 IST 2026, 127 W
Wed Feb 18 18:44:28 IST 2026, 149 W
Wed Feb 18 18:44:29 IST 2026, 128 W
Wed Feb 18 18:44:29 IST 2026, 122 W
Wed Feb 18 18:44:29 IST 2026, 133 W
Wed Feb 18 18:44:29 IST 2026, 122 W
Wed Feb 18 18:44:29 IST 2026, 103 W
Wed Feb 18 18:44:29 IST 2026, 124 W
Wed Feb 18 18:44:29 IST 2026, 123 W
Wed Feb 18 18:44:29 IST 2026, 130 W
Wed Feb 18 18:44:30 IST 2026, 117 W
Wed Feb 18 18:44:30 IST 2026, 130 W
Wed Feb 18 18:44:30 IST 2026, 133 W
Wed Feb 18 18:44:30 IST 2026, 124 W
Wed Feb 18 18:44:30 IST 2026, 112 W
Wed Feb 18 18:44:30 IST 2026, 131 W
Wed Feb 18 18:44:30 IST 2026, 130 W
Wed Feb 18 18:44:30 IST 2026, 140 W
Wed Feb 18 18:44:31 IST 2026, 121 W
Wed Feb 18 18:44:31 IST 2026, 120 W
Wed Feb 18 18:44:31 IST 2026, 131 W
Wed Feb 18 18:44:31 IST 2026, 115 W
Wed Feb 18 18:44:31 IST 2026, 101 W
Wed Feb 18 18:44:31 IST 2026, 123 W
Wed Feb 18 18:44:31 IST 2026, 121 W
Wed Feb 18 18:44:31 IST 2026, 133 W
Wed Feb 18 18:44:32 IST 2026, 112 W
Wed Feb 18 18:44:32 IST 2026, 111 W
Wed Feb 18 18:44:32 IST 2026, 128 W
Wed Feb 18 18:44:32 IST 2026, 113 W
Wed Feb 18 18:44:32 IST 2026, 98 W
Wed Feb 18 18:44:32 IST 2026, 116 W
Wed Feb 18 18:44:32 IST 2026, 113 W
Wed Feb 18 18:44:32 IST 2026, 132 W
Wed Feb 18 18:44:33 IST 2026, 123 W
Wed Feb 18 18:44:33 IST 2026, 117 W
Wed Feb 18 18:44:33 IST 2026, 131 W
Wed Feb 18 18:44:33 IST 2026, 122 W
Wed Feb 18 18:44:33 IST 2026, 109 W
Wed Feb 18 18:44:33 IST 2026, 129 W
Wed Feb 18 18:44:33 IST 2026, 120 W
Wed Feb 18 18:44:33 IST 2026, 137 W
Wed Feb 18 18:44:34 IST 2026, 124 W
Wed Feb 18 18:44:34 IST 2026, 114 W
Wed Feb 18 18:44:34 IST 2026, 130 W
Wed Feb 18 18:44:34 IST 2026, 125 W
Wed Feb 18 18:44:34 IST 2026, 113 W
Wed Feb 18 18:44:34 IST 2026, 126 W
Wed Feb 18 18:44:34 IST 2026, 127 W
Wed Feb 18 18:44:34 IST 2026, 137 W
Wed Feb 18 18:44:35 IST 2026, 120 W
Wed Feb 18 18:44:35 IST 2026, 113 W
Wed Feb 18 18:44:35 IST 2026, 132 W
Wed Feb 18 18:44:35 IST 2026, 116 W
Wed Feb 18 18:44:35 IST 2026, 111 W
Wed Feb 18 18:44:35 IST 2026, 127 W
Wed Feb 18 18:44:35 IST 2026, 125 W
Wed Feb 18 18:44:35 IST 2026, 141 W
Wed Feb 18 18:44:36 IST 2026, 123 W
Wed Feb 18 18:44:36 IST 2026, 116 W
Wed Feb 18 18:44:36 IST 2026, 133 W
Wed Feb 18 18:44:36 IST 2026, 118 W
Wed Feb 18 18:44:36 IST 2026, 107 W
Wed Feb 18 18:44:36 IST 2026, 123 W
Wed Feb 18 18:44:36 IST 2026, 115 W
Wed Feb 18 18:44:36 IST 2026, 131 W
Wed Feb 18 18:44:37 IST 2026, 124 W
Wed Feb 18 18:44:37 IST 2026, 116 W
Wed Feb 18 18:44:37 IST 2026, 130 W
Wed Feb 18 18:44:37 IST 2026, 123 W
Wed Feb 18 18:44:37 IST 2026, 115 W
Wed Feb 18 18:44:37 IST 2026, 130 W
Wed Feb 18 18:44:37 IST 2026, 125 W
Wed Feb 18 18:44:37 IST 2026, 141 W
Wed Feb 18 18:44:38 IST 2026, 117 W
Wed Feb 18 18:44:38 IST 2026, 116 W
Wed Feb 18 18:44:38 IST 2026, 127 W
Wed Feb 18 18:44:38 IST 2026, 119 W
Wed Feb 18 18:44:38 IST 2026, 104 W
Wed Feb 18 18:44:38 IST 2026, 118 W
Wed Feb 18 18:44:38 IST 2026, 118 W
Wed Feb 18 18:44:38 IST 2026, 132 W
Wed Feb 18 18:44:39 IST 2026, 116 W
Wed Feb 18 18:44:39 IST 2026, 113 W
Wed Feb 18 18:44:39 IST 2026, 132 W
Wed Feb 18 18:44:39 IST 2026, 113 W
Wed Feb 18 18:44:39 IST 2026, 109 W
Wed Feb 18 18:44:39 IST 2026, 121 W
Wed Feb 18 18:44:39 IST 2026, 115 W
Wed Feb 18 18:44:39 IST 2026, 135 W
Wed Feb 18 18:44:40 IST 2026, 128 W
Wed Feb 18 18:44:40 IST 2026, 115 W
Wed Feb 18 18:44:40 IST 2026, 129 W
Wed Feb 18 18:44:40 IST 2026, 120 W
Wed Feb 18 18:44:40 IST 2026, 107 W
Wed Feb 18 18:44:40 IST 2026, 125 W
Wed Feb 18 18:44:40 IST 2026, 123 W
Wed Feb 18 18:44:40 IST 2026, 134 W
Wed Feb 18 18:44:41 IST 2026, 123 W
Wed Feb 18 18:44:41 IST 2026, 119 W
Wed Feb 18 18:44:41 IST 2026, 131 W
Wed Feb 18 18:44:41 IST 2026, 123 W
Wed Feb 18 18:44:41 IST 2026, 110 W
Wed Feb 18 18:44:41 IST 2026, 126 W
Wed Feb 18 18:44:41 IST 2026, 120 W
Wed Feb 18 18:44:41 IST 2026, 138 W
Wed Feb 18 18:44:42 IST 2026, 122 W
Wed Feb 18 18:44:42 IST 2026, 121 W
Wed Feb 18 18:44:42 IST 2026, 125 W
Wed Feb 18 18:44:42 IST 2026, 119 W
Wed Feb 18 18:44:42 IST 2026, 112 W
Wed Feb 18 18:44:42 IST 2026, 124 W
Wed Feb 18 18:44:42 IST 2026, 130 W
Wed Feb 18 18:44:42 IST 2026, 142 W
Wed Feb 18 18:44:43 IST 2026, 124 W
Wed Feb 18 18:44:43 IST 2026, 124 W
Wed Feb 18 18:44:43 IST 2026, 126 W
Wed Feb 18 18:44:43 IST 2026, 119 W
Wed Feb 18 18:44:43 IST 2026, 108 W
Wed Feb 18 18:44:43 IST 2026, 125 W
Wed Feb 18 18:44:43 IST 2026, 124 W
Wed Feb 18 18:44:43 IST 2026, 142 W
Wed Feb 18 18:44:44 IST 2026, 119 W
Wed Feb 18 18:44:44 IST 2026, 116 W
Wed Feb 18 18:44:44 IST 2026, 131 W
Wed Feb 18 18:44:44 IST 2026, 123 W
Wed Feb 18 18:44:44 IST 2026, 102 W
Wed Feb 18 18:44:44 IST 2026, 124 W
Wed Feb 18 18:44:44 IST 2026, 128 W
Wed Feb 18 18:44:44 IST 2026, 136 W
Wed Feb 18 18:44:45 IST 2026, 123 W
Wed Feb 18 18:44:45 IST 2026, 109 W
Wed Feb 18 18:44:45 IST 2026, 133 W
Wed Feb 18 18:44:45 IST 2026, 118 W
Wed Feb 18 18:44:45 IST 2026, 106 W
Wed Feb 18 18:44:45 IST 2026, 123 W
Wed Feb 18 18:44:45 IST 2026, 122 W
Wed Feb 18 18:44:45 IST 2026, 141 W
Wed Feb 18 18:44:46 IST 2026, 125 W
Wed Feb 18 18:44:46 IST 2026, 122 W
Wed Feb 18 18:44:46 IST 2026, 131 W
Wed Feb 18 18:44:46 IST 2026, 121 W
Wed Feb 18 18:44:46 IST 2026, 102 W
Wed Feb 18 18:44:46 IST 2026, 127 W
Wed Feb 18 18:44:46 IST 2026, 124 W
Wed Feb 18 18:44:46 IST 2026, 136 W
Wed Feb 18 18:44:47 IST 2026, 125 W
Wed Feb 18 18:44:47 IST 2026, 127 W
Wed Feb 18 18:44:47 IST 2026, 138 W
Wed Feb 18 18:44:47 IST 2026, 119 W
Wed Feb 18 18:44:47 IST 2026, 111 W
Wed Feb 18 18:44:47 IST 2026, 129 W
Wed Feb 18 18:44:47 IST 2026, 130 W
Wed Feb 18 18:44:47 IST 2026, 135 W
Wed Feb 18 18:44:48 IST 2026, 121 W
Wed Feb 18 18:44:48 IST 2026, 116 W
Wed Feb 18 18:44:48 IST 2026, 132 W
Wed Feb 18 18:44:48 IST 2026, 116 W
Wed Feb 18 18:44:48 IST 2026, 104 W
Wed Feb 18 18:44:48 IST 2026, 121 W
Wed Feb 18 18:44:48 IST 2026, 121 W
Wed Feb 18 18:44:48 IST 2026, 130 W
Wed Feb 18 18:44:49 IST 2026, 127 W
Wed Feb 18 18:44:49 IST 2026, 115 W
Wed Feb 18 18:44:49 IST 2026, 128 W
Wed Feb 18 18:44:49 IST 2026, 118 W
Wed Feb 18 18:44:49 IST 2026, 106 W
Wed Feb 18 18:44:49 IST 2026, 130 W
Wed Feb 18 18:44:49 IST 2026, 123 W
Wed Feb 18 18:44:49 IST 2026, 134 W
Wed Feb 18 18:44:50 IST 2026, 118 W
Wed Feb 18 18:44:50 IST 2026, 119 W
Wed Feb 18 18:44:50 IST 2026, 136 W
Wed Feb 18 18:44:50 IST 2026, 127 W
Wed Feb 18 18:44:50 IST 2026, 117 W
Wed Feb 18 18:44:50 IST 2026, 129 W
Wed Feb 18 18:44:50 IST 2026, 129 W
Wed Feb 18 18:44:50 IST 2026, 145 W
Wed Feb 18 18:44:51 IST 2026, 123 W
Wed Feb 18 18:44:51 IST 2026, 123 W
Wed Feb 18 18:44:51 IST 2026, 134 W
Wed Feb 18 18:44:51 IST 2026, 121 W
Wed Feb 18 18:44:51 IST 2026, 109 W
Wed Feb 18 18:44:51 IST 2026, 128 W
Wed Feb 18 18:44:51 IST 2026, 129 W
Wed Feb 18 18:44:51 IST 2026, 135 W
Wed Feb 18 18:44:52 IST 2026, 121 W
Wed Feb 18 18:44:52 IST 2026, 127 W
Wed Feb 18 18:44:52 IST 2026, 128 W
Wed Feb 18 18:44:52 IST 2026, 120 W
Wed Feb 18 18:44:52 IST 2026, 111 W
Wed Feb 18 18:44:52 IST 2026, 126 W
Wed Feb 18 18:44:52 IST 2026, 130 W
Wed Feb 18 18:44:52 IST 2026, 136 W
Wed Feb 18 18:44:53 IST 2026, 122 W
Wed Feb 18 18:44:53 IST 2026, 119 W
Wed Feb 18 18:44:53 IST 2026, 128 W
Wed Feb 18 18:44:53 IST 2026, 120 W
Wed Feb 18 18:44:53 IST 2026, 105 W
Wed Feb 18 18:44:53 IST 2026, 127 W
Wed Feb 18 18:44:53 IST 2026, 110 W
Wed Feb 18 18:44:53 IST 2026, 130 W
Wed Feb 18 18:44:54 IST 2026, 123 W
Wed Feb 18 18:44:54 IST 2026, 122 W
Wed Feb 18 18:44:54 IST 2026, 129 W
Wed Feb 18 18:44:54 IST 2026, 127 W
Wed Feb 18 18:44:54 IST 2026, 109 W
Wed Feb 18 18:44:54 IST 2026, 120 W
Wed Feb 18 18:44:54 IST 2026, 125 W
Wed Feb 18 18:44:54 IST 2026, 129 W
Wed Feb 18 18:44:55 IST 2026, 118 W
Wed Feb 18 18:44:55 IST 2026, 116 W
Wed Feb 18 18:44:55 IST 2026, 125 W
Wed Feb 18 18:44:55 IST 2026, 129 W
Wed Feb 18 18:44:55 IST 2026, 110 W
Wed Feb 18 18:44:55 IST 2026, 124 W
Wed Feb 18 18:44:55 IST 2026, 120 W
Wed Feb 18 18:44:55 IST 2026, 137 W
Wed Feb 18 18:44:56 IST 2026, 128 W
Wed Feb 18 18:44:56 IST 2026, 121 W
Wed Feb 18 18:44:56 IST 2026, 126 W
Wed Feb 18 18:44:56 IST 2026, 121 W
Wed Feb 18 18:44:56 IST 2026, 116 W
Wed Feb 18 18:44:56 IST 2026, 126 W
Wed Feb 18 18:44:56 IST 2026, 129 W
Wed Feb 18 18:44:56 IST 2026, 140 W
Wed Feb 18 18:44:57 IST 2026, 122 W
Wed Feb 18 18:44:57 IST 2026, 123 W
Wed Feb 18 18:44:57 IST 2026, 133 W
Wed Feb 18 18:44:57 IST 2026, 123 W
Wed Feb 18 18:44:57 IST 2026, 111 W
Wed Feb 18 18:44:57 IST 2026, 125 W
Wed Feb 18 18:44:57 IST 2026, 121 W
Wed Feb 18 18:44:57 IST 2026, 142 W
Wed Feb 18 18:44:58 IST 2026, 124 W
Wed Feb 18 18:44:58 IST 2026, 119 W
Wed Feb 18 18:44:58 IST 2026, 124 W
Wed Feb 18 18:44:58 IST 2026, 120 W
Wed Feb 18 18:44:58 IST 2026, 109 W
Wed Feb 18 18:44:58 IST 2026, 126 W
Wed Feb 18 18:44:58 IST 2026, 120 W
Wed Feb 18 18:44:58 IST 2026, 132 W
Wed Feb 18 18:44:59 IST 2026, 120 W
Wed Feb 18 18:44:59 IST 2026, 124 W
Wed Feb 18 18:44:59 IST 2026, 121 W
Wed Feb 18 18:44:59 IST 2026, 119 W
Wed Feb 18 18:44:59 IST 2026, 110 W
Wed Feb 18 18:44:59 IST 2026, 124 W
Wed Feb 18 18:44:59 IST 2026, 126 W
Wed Feb 18 18:44:59 IST 2026, 139 W
Wed Feb 18 18:45:00 IST 2026, 123 W
Wed Feb 18 18:45:00 IST 2026, 122 W
Wed Feb 18 18:45:00 IST 2026, 133 W
Wed Feb 18 18:45:00 IST 2026, 127 W
Wed Feb 18 18:45:00 IST 2026, 115 W
Wed Feb 18 18:45:00 IST 2026, 126 W
Wed Feb 18 18:45:00 IST 2026, 127 W
Wed Feb 18 18:45:00 IST 2026, 146 W
Wed Feb 18 18:45:01 IST 2026, 122 W
Wed Feb 18 18:45:01 IST 2026, 121 W
Wed Feb 18 18:45:01 IST 2026, 127 W
Wed Feb 18 18:45:01 IST 2026, 120 W
Wed Feb 18 18:45:01 IST 2026, 111 W
Wed Feb 18 18:45:01 IST 2026, 126 W
Wed Feb 18 18:45:01 IST 2026, 124 W
Wed Feb 18 18:45:01 IST 2026, 138 W
Wed Feb 18 18:45:02 IST 2026, 125 W
Wed Feb 18 18:45:02 IST 2026, 111 W
Wed Feb 18 18:45:02 IST 2026, 132 W
Wed Feb 18 18:45:02 IST 2026, 124 W
Wed Feb 18 18:45:02 IST 2026, 109 W
Wed Feb 18 18:45:02 IST 2026, 125 W
Wed Feb 18 18:45:02 IST 2026, 126 W
Wed Feb 18 18:45:02 IST 2026, 135 W
Wed Feb 18 18:45:03 IST 2026, 124 W
Wed Feb 18 18:45:03 IST 2026, 114 W
Wed Feb 18 18:45:03 IST 2026, 128 W
Wed Feb 18 18:45:03 IST 2026, 124 W
Wed Feb 18 18:45:03 IST 2026, 109 W
Wed Feb 18 18:45:03 IST 2026, 123 W
Wed Feb 18 18:45:03 IST 2026, 127 W
Wed Feb 18 18:45:03 IST 2026, 140 W
Wed Feb 18 18:45:04 IST 2026, 127 W
Wed Feb 18 18:45:04 IST 2026, 122 W
Wed Feb 18 18:45:04 IST 2026, 128 W
Wed Feb 18 18:45:04 IST 2026, 117 W
Wed Feb 18 18:45:04 IST 2026, 109 W
Wed Feb 18 18:45:04 IST 2026, 125 W
Wed Feb 18 18:45:04 IST 2026, 123 W
Wed Feb 18 18:45:04 IST 2026, 138 W
Wed Feb 18 18:45:05 IST 2026, 128 W
Wed Feb 18 18:45:05 IST 2026, 117 W
Wed Feb 18 18:45:05 IST 2026, 131 W
Wed Feb 18 18:45:05 IST 2026, 117 W
Wed Feb 18 18:45:05 IST 2026, 111 W
Wed Feb 18 18:45:05 IST 2026, 126 W
Wed Feb 18 18:45:05 IST 2026, 124 W
Wed Feb 18 18:45:05 IST 2026, 137 W
Wed Feb 18 18:45:06 IST 2026, 122 W
Wed Feb 18 18:45:06 IST 2026, 118 W
Wed Feb 18 18:45:06 IST 2026, 129 W
Wed Feb 18 18:45:06 IST 2026, 122 W
Wed Feb 18 18:45:06 IST 2026, 112 W
Wed Feb 18 18:45:06 IST 2026, 122 W
Wed Feb 18 18:45:06 IST 2026, 117 W
Wed Feb 18 18:45:06 IST 2026, 139 W
Wed Feb 18 18:45:07 IST 2026, 128 W
Wed Feb 18 18:45:07 IST 2026, 116 W
Wed Feb 18 18:45:07 IST 2026, 124 W
Wed Feb 18 18:45:07 IST 2026, 124 W
Wed Feb 18 18:45:07 IST 2026, 110 W
Wed Feb 18 18:45:07 IST 2026, 129 W
Wed Feb 18 18:45:07 IST 2026, 133 W
Wed Feb 18 18:45:07 IST 2026, 140 W
Wed Feb 18 18:45:08 IST 2026, 127 W
Wed Feb 18 18:45:08 IST 2026, 121 W
Wed Feb 18 18:45:08 IST 2026, 130 W
Wed Feb 18 18:45:08 IST 2026, 121 W
Wed Feb 18 18:45:08 IST 2026, 113 W
Wed Feb 18 18:45:08 IST 2026, 127 W
Wed Feb 18 18:45:08 IST 2026, 129 W
Wed Feb 18 18:45:08 IST 2026, 135 W
Wed Feb 18 18:45:09 IST 2026, 126 W
Wed Feb 18 18:45:09 IST 2026, 116 W
Wed Feb 18 18:45:09 IST 2026, 127 W
Wed Feb 18 18:45:09 IST 2026, 123 W
Wed Feb 18 18:45:09 IST 2026, 110 W
Wed Feb 18 18:45:09 IST 2026, 126 W
Wed Feb 18 18:45:09 IST 2026, 125 W
Wed Feb 18 18:45:09 IST 2026, 147 W
Wed Feb 18 18:45:10 IST 2026, 124 W
Wed Feb 18 18:45:10 IST 2026, 119 W
Wed Feb 18 18:45:10 IST 2026, 137 W
Wed Feb 18 18:45:10 IST 2026, 123 W
Wed Feb 18 18:45:10 IST 2026, 103 W
Wed Feb 18 18:45:10 IST 2026, 126 W
Wed Feb 18 18:45:10 IST 2026, 123 W
Wed Feb 18 18:45:10 IST 2026, 137 W
Wed Feb 18 18:45:11 IST 2026, 119 W
Wed Feb 18 18:45:11 IST 2026, 119 W
Wed Feb 18 18:45:11 IST 2026, 125 W
Wed Feb 18 18:45:11 IST 2026, 117 W
Wed Feb 18 18:45:11 IST 2026, 106 W
Wed Feb 18 18:45:11 IST 2026, 123 W
Wed Feb 18 18:45:11 IST 2026, 126 W
Wed Feb 18 18:45:11 IST 2026, 135 W
Wed Feb 18 18:45:12 IST 2026, 124 W
Wed Feb 18 18:45:12 IST 2026, 122 W
Wed Feb 18 18:45:12 IST 2026, 130 W
Wed Feb 18 18:45:12 IST 2026, 128 W
Wed Feb 18 18:45:12 IST 2026, 115 W
Wed Feb 18 18:45:12 IST 2026, 128 W
Wed Feb 18 18:45:12 IST 2026, 127 W
Wed Feb 18 18:45:12 IST 2026, 145 W
Wed Feb 18 18:45:13 IST 2026, 133 W
Wed Feb 18 18:45:13 IST 2026, 120 W
Wed Feb 18 18:45:13 IST 2026, 124 W
Wed Feb 18 18:45:13 IST 2026, 119 W
Wed Feb 18 18:45:13 IST 2026, 110 W
Wed Feb 18 18:45:13 IST 2026, 123 W
Wed Feb 18 18:45:13 IST 2026, 126 W
Wed Feb 18 18:45:13 IST 2026, 138 W
Wed Feb 18 18:45:14 IST 2026, 122 W
Wed Feb 18 18:45:14 IST 2026, 118 W
Wed Feb 18 18:45:14 IST 2026, 119 W
Wed Feb 18 18:45:14 IST 2026, 131 W
Wed Feb 18 18:45:14 IST 2026, 106 W
Wed Feb 18 18:45:14 IST 2026, 123 W
Wed Feb 18 18:45:14 IST 2026, 124 W
Wed Feb 18 18:45:14 IST 2026, 138 W
Wed Feb 18 18:45:15 IST 2026, 125 W
Wed Feb 18 18:45:15 IST 2026, 117 W
Wed Feb 18 18:45:15 IST 2026, 123 W
Wed Feb 18 18:45:15 IST 2026, 120 W
Wed Feb 18 18:45:15 IST 2026, 109 W
Wed Feb 18 18:45:15 IST 2026, 126 W
Wed Feb 18 18:45:15 IST 2026, 128 W
Wed Feb 18 18:45:15 IST 2026, 141 W
Wed Feb 18 18:45:16 IST 2026, 132 W
Wed Feb 18 18:45:16 IST 2026, 121 W
Wed Feb 18 18:45:16 IST 2026, 125 W
Wed Feb 18 18:45:16 IST 2026, 125 W
Wed Feb 18 18:45:16 IST 2026, 115 W
Wed Feb 18 18:45:16 IST 2026, 126 W
Wed Feb 18 18:45:16 IST 2026, 128 W
Wed Feb 18 18:45:16 IST 2026, 142 W
Wed Feb 18 18:45:17 IST 2026, 125 W
Wed Feb 18 18:45:17 IST 2026, 121 W
Wed Feb 18 18:45:17 IST 2026, 125 W
Wed Feb 18 18:45:17 IST 2026, 128 W
Wed Feb 18 18:45:17 IST 2026, 115 W
Wed Feb 18 18:45:17 IST 2026, 127 W
Wed Feb 18 18:45:17 IST 2026, 131 W
Wed Feb 18 18:45:17 IST 2026, 142 W
Wed Feb 18 18:45:18 IST 2026, 127 W
Wed Feb 18 18:45:18 IST 2026, 119 W
Wed Feb 18 18:45:18 IST 2026, 119 W
Wed Feb 18 18:45:18 IST 2026, 121 W
Wed Feb 18 18:45:18 IST 2026, 111 W
Wed Feb 18 18:45:18 IST 2026, 126 W
Wed Feb 18 18:45:18 IST 2026, 124 W
Wed Feb 18 18:45:18 IST 2026, 136 W
Wed Feb 18 18:45:19 IST 2026, 122 W
Wed Feb 18 18:45:19 IST 2026, 120 W
Wed Feb 18 18:45:19 IST 2026, 126 W
Wed Feb 18 18:45:19 IST 2026, 121 W
Wed Feb 18 18:45:19 IST 2026, 109 W
Wed Feb 18 18:45:19 IST 2026, 127 W
Wed Feb 18 18:45:19 IST 2026, 129 W
Wed Feb 18 18:45:19 IST 2026, 139 W
Wed Feb 18 18:45:20 IST 2026, 123 W
Wed Feb 18 18:45:20 IST 2026, 119 W
Wed Feb 18 18:45:20 IST 2026, 133 W
Wed Feb 18 18:45:20 IST 2026, 118 W
Wed Feb 18 18:45:20 IST 2026, 112 W
Wed Feb 18 18:45:20 IST 2026, 118 W
Wed Feb 18 18:45:20 IST 2026, 127 W
Wed Feb 18 18:45:20 IST 2026, 137 W
Wed Feb 18 18:45:21 IST 2026, 125 W
Wed Feb 18 18:45:21 IST 2026, 125 W
Wed Feb 18 18:45:21 IST 2026, 127 W
Wed Feb 18 18:45:21 IST 2026, 122 W
Wed Feb 18 18:45:21 IST 2026, 114 W
Wed Feb 18 18:45:21 IST 2026, 125 W
Wed Feb 18 18:45:21 IST 2026, 130 W
Wed Feb 18 18:45:21 IST 2026, 146 W
Wed Feb 18 18:45:22 IST 2026, 123 W
Wed Feb 18 18:45:22 IST 2026, 124 W
Wed Feb 18 18:45:22 IST 2026, 130 W
Wed Feb 18 18:45:22 IST 2026, 125 W
Wed Feb 18 18:45:22 IST 2026, 112 W
Wed Feb 18 18:45:22 IST 2026, 117 W
Wed Feb 18 18:45:22 IST 2026, 127 W
Wed Feb 18 18:45:22 IST 2026, 144 W
Wed Feb 18 18:45:23 IST 2026, 123 W
Wed Feb 18 18:45:23 IST 2026, 118 W
Wed Feb 18 18:45:23 IST 2026, 131 W
Wed Feb 18 18:45:23 IST 2026, 118 W
Wed Feb 18 18:45:23 IST 2026, 112 W
Wed Feb 18 18:45:23 IST 2026, 121 W
Wed Feb 18 18:45:23 IST 2026, 123 W
Wed Feb 18 18:45:23 IST 2026, 140 W
Wed Feb 18 18:45:24 IST 2026, 124 W
Wed Feb 18 18:45:24 IST 2026, 120 W
Wed Feb 18 18:45:24 IST 2026, 130 W
Wed Feb 18 18:45:24 IST 2026, 125 W
Wed Feb 18 18:45:24 IST 2026, 112 W
Wed Feb 18 18:45:24 IST 2026, 126 W
Wed Feb 18 18:45:24 IST 2026, 128 W
Wed Feb 18 18:45:24 IST 2026, 139 W
Wed Feb 18 18:45:25 IST 2026, 122 W
Wed Feb 18 18:45:25 IST 2026, 119 W
Wed Feb 18 18:45:25 IST 2026, 119 W
Wed Feb 18 18:45:25 IST 2026, 120 W
Wed Feb 18 18:45:25 IST 2026, 110 W
Wed Feb 18 18:45:25 IST 2026, 124 W
Wed Feb 18 18:45:25 IST 2026, 121 W
Wed Feb 18 18:45:25 IST 2026, 131 W
Wed Feb 18 18:45:26 IST 2026, 128 W
Wed Feb 18 18:45:26 IST 2026, 125 W
Wed Feb 18 18:45:26 IST 2026, 133 W
Wed Feb 18 18:45:26 IST 2026, 123 W
Wed Feb 18 18:45:26 IST 2026, 116 W
Wed Feb 18 18:45:26 IST 2026, 131 W
Wed Feb 18 18:45:26 IST 2026, 134 W
Wed Feb 18 18:45:26 IST 2026, 129 W
Wed Feb 18 18:45:27 IST 2026, 117 W
Wed Feb 18 18:45:27 IST 2026, 124 W
Wed Feb 18 18:45:27 IST 2026, 128 W
Wed Feb 18 18:45:27 IST 2026, 122 W
Wed Feb 18 18:45:27 IST 2026, 113 W
Wed Feb 18 18:45:27 IST 2026, 128 W
Wed Feb 18 18:45:27 IST 2026, 125 W
Wed Feb 18 18:45:27 IST 2026, 140 W
Wed Feb 18 18:45:28 IST 2026, 123 W
Wed Feb 18 18:45:28 IST 2026, 118 W
Wed Feb 18 18:45:28 IST 2026, 131 W
Wed Feb 18 18:45:28 IST 2026, 116 W
Wed Feb 18 18:45:28 IST 2026, 109 W
Wed Feb 18 18:45:28 IST 2026, 123 W
Wed Feb 18 18:45:28 IST 2026, 126 W
Wed Feb 18 18:45:28 IST 2026, 128 W
Wed Feb 18 18:45:29 IST 2026, 123 W
Wed Feb 18 18:45:29 IST 2026, 118 W
Wed Feb 18 18:45:29 IST 2026, 129 W
Wed Feb 18 18:45:29 IST 2026, 118 W
Wed Feb 18 18:45:29 IST 2026, 105 W
Wed Feb 18 18:45:29 IST 2026, 122 W
Wed Feb 18 18:45:29 IST 2026, 122 W
Wed Feb 18 18:45:29 IST 2026, 130 W
Wed Feb 18 18:45:30 IST 2026, 123 W
Wed Feb 18 18:45:30 IST 2026, 117 W
Wed Feb 18 18:45:30 IST 2026, 136 W
Wed Feb 18 18:45:30 IST 2026, 122 W
Wed Feb 18 18:45:30 IST 2026, 111 W
Wed Feb 18 18:45:30 IST 2026, 125 W
Wed Feb 18 18:45:30 IST 2026, 128 W
Wed Feb 18 18:45:30 IST 2026, 132 W
Wed Feb 18 18:45:31 IST 2026, 128 W
Wed Feb 18 18:45:31 IST 2026, 121 W
Wed Feb 18 18:45:31 IST 2026, 133 W
Wed Feb 18 18:45:31 IST 2026, 123 W
Wed Feb 18 18:45:31 IST 2026, 114 W
Wed Feb 18 18:45:31 IST 2026, 121 W
Wed Feb 18 18:45:31 IST 2026, 128 W
Wed Feb 18 18:45:31 IST 2026, 141 W
Wed Feb 18 18:45:32 IST 2026, 122 W
Wed Feb 18 18:45:32 IST 2026, 118 W
Wed Feb 18 18:45:32 IST 2026, 133 W
Wed Feb 18 18:45:32 IST 2026, 117 W
Wed Feb 18 18:45:32 IST 2026, 111 W
Wed Feb 18 18:45:32 IST 2026, 116 W
Wed Feb 18 18:45:32 IST 2026, 123 W
Wed Feb 18 18:45:32 IST 2026, 142 W
Wed Feb 18 18:45:33 IST 2026, 121 W
Wed Feb 18 18:45:33 IST 2026, 123 W
Wed Feb 18 18:45:33 IST 2026, 135 W
Wed Feb 18 18:45:33 IST 2026, 118 W
Wed Feb 18 18:45:33 IST 2026, 111 W
Wed Feb 18 18:45:33 IST 2026, 124 W
Wed Feb 18 18:45:33 IST 2026, 124 W
Wed Feb 18 18:45:33 IST 2026, 141 W
Wed Feb 18 18:45:34 IST 2026, 118 W
Wed Feb 18 18:45:34 IST 2026, 120 W
Wed Feb 18 18:45:34 IST 2026, 130 W
Wed Feb 18 18:45:34 IST 2026, 119 W
Wed Feb 18 18:45:34 IST 2026, 110 W
Wed Feb 18 18:45:34 IST 2026, 124 W
Wed Feb 18 18:45:34 IST 2026, 124 W
Wed Feb 18 18:45:34 IST 2026, 139 W
Wed Feb 18 18:45:35 IST 2026, 121 W
Wed Feb 18 18:45:35 IST 2026, 120 W
Wed Feb 18 18:45:35 IST 2026, 136 W
Wed Feb 18 18:45:35 IST 2026, 119 W
Wed Feb 18 18:45:35 IST 2026, 102 W
Wed Feb 18 18:45:35 IST 2026, 128 W
Wed Feb 18 18:45:35 IST 2026, 117 W
Wed Feb 18 18:45:35 IST 2026, 130 W
Wed Feb 18 18:45:36 IST 2026, 112 W
Wed Feb 18 18:45:36 IST 2026, 122 W
Wed Feb 18 18:45:36 IST 2026, 125 W
Wed Feb 18 18:45:36 IST 2026, 119 W
Wed Feb 18 18:45:36 IST 2026, 111 W
Wed Feb 18 18:45:36 IST 2026, 124 W
Wed Feb 18 18:45:36 IST 2026, 121 W
Wed Feb 18 18:45:36 IST 2026, 144 W
Wed Feb 18 18:45:37 IST 2026, 127 W
Wed Feb 18 18:45:37 IST 2026, 124 W
Wed Feb 18 18:45:37 IST 2026, 133 W
Wed Feb 18 18:45:37 IST 2026, 124 W
Wed Feb 18 18:45:37 IST 2026, 110 W
Wed Feb 18 18:45:37 IST 2026, 128 W
Wed Feb 18 18:45:37 IST 2026, 129 W
Wed Feb 18 18:45:37 IST 2026, 141 W
Wed Feb 18 18:45:38 IST 2026, 114 W
Wed Feb 18 18:45:38 IST 2026, 116 W
Wed Feb 18 18:45:38 IST 2026, 124 W
Wed Feb 18 18:45:38 IST 2026, 119 W
Wed Feb 18 18:45:38 IST 2026, 108 W
Wed Feb 18 18:45:38 IST 2026, 125 W
Wed Feb 18 18:45:38 IST 2026, 122 W
Wed Feb 18 18:45:38 IST 2026, 136 W
Wed Feb 18 18:45:39 IST 2026, 120 W
Wed Feb 18 18:45:39 IST 2026, 117 W
Wed Feb 18 18:45:39 IST 2026, 129 W
Wed Feb 18 18:45:39 IST 2026, 123 W
Wed Feb 18 18:45:39 IST 2026, 112 W
Wed Feb 18 18:45:39 IST 2026, 126 W
Wed Feb 18 18:45:39 IST 2026, 123 W
Wed Feb 18 18:45:39 IST 2026, 140 W
Wed Feb 18 18:45:40 IST 2026, 124 W
Wed Feb 18 18:45:40 IST 2026, 121 W
Wed Feb 18 18:45:40 IST 2026, 131 W
Wed Feb 18 18:45:40 IST 2026, 124 W
Wed Feb 18 18:45:40 IST 2026, 113 W
Wed Feb 18 18:45:40 IST 2026, 130 W
Wed Feb 18 18:45:40 IST 2026, 131 W
Wed Feb 18 18:45:40 IST 2026, 146 W
Wed Feb 18 18:45:41 IST 2026, 127 W
Wed Feb 18 18:45:41 IST 2026, 117 W
Wed Feb 18 18:45:41 IST 2026, 131 W
Wed Feb 18 18:45:41 IST 2026, 124 W
Wed Feb 18 18:45:41 IST 2026, 113 W
Wed Feb 18 18:45:41 IST 2026, 128 W
Wed Feb 18 18:45:41 IST 2026, 126 W
Wed Feb 18 18:45:41 IST 2026, 137 W
Wed Feb 18 18:45:42 IST 2026, 126 W
Wed Feb 18 18:45:42 IST 2026, 109 W
Wed Feb 18 18:45:42 IST 2026, 133 W
Wed Feb 18 18:45:42 IST 2026, 121 W
Wed Feb 18 18:45:42 IST 2026, 113 W
Wed Feb 18 18:45:42 IST 2026, 126 W
Wed Feb 18 18:45:42 IST 2026, 127 W
Wed Feb 18 18:45:42 IST 2026, 142 W
Wed Feb 18 18:45:43 IST 2026, 124 W
Wed Feb 18 18:45:43 IST 2026, 118 W
Wed Feb 18 18:45:43 IST 2026, 127 W
Wed Feb 18 18:45:43 IST 2026, 118 W
Wed Feb 18 18:45:43 IST 2026, 106 W
Wed Feb 18 18:45:43 IST 2026, 124 W
Wed Feb 18 18:45:43 IST 2026, 127 W
Wed Feb 18 18:45:43 IST 2026, 142 W
Wed Feb 18 18:45:44 IST 2026, 129 W
Wed Feb 18 18:45:44 IST 2026, 112 W
Wed Feb 18 18:45:44 IST 2026, 123 W
Wed Feb 18 18:45:44 IST 2026, 118 W
Wed Feb 18 18:45:44 IST 2026, 110 W
Wed Feb 18 18:45:44 IST 2026, 122 W
Wed Feb 18 18:45:44 IST 2026, 122 W
Wed Feb 18 18:45:44 IST 2026, 137 W
Wed Feb 18 18:45:45 IST 2026, 120 W
Wed Feb 18 18:45:45 IST 2026, 116 W
Wed Feb 18 18:45:45 IST 2026, 126 W
Wed Feb 18 18:45:45 IST 2026, 124 W
Wed Feb 18 18:45:45 IST 2026, 114 W
Wed Feb 18 18:45:45 IST 2026, 122 W
Wed Feb 18 18:45:45 IST 2026, 123 W
Wed Feb 18 18:45:45 IST 2026, 146 W
Wed Feb 18 18:45:46 IST 2026, 123 W
Wed Feb 18 18:45:46 IST 2026, 120 W
Wed Feb 18 18:45:46 IST 2026, 126 W
Wed Feb 18 18:45:46 IST 2026, 125 W
Wed Feb 18 18:45:46 IST 2026, 114 W
Wed Feb 18 18:45:46 IST 2026, 130 W
Wed Feb 18 18:45:46 IST 2026, 131 W
Wed Feb 18 18:45:46 IST 2026, 142 W
Wed Feb 18 18:45:47 IST 2026, 124 W
Wed Feb 18 18:45:47 IST 2026, 121 W
Wed Feb 18 18:45:47 IST 2026, 140 W
Wed Feb 18 18:45:47 IST 2026, 139 W
Wed Feb 18 18:45:47 IST 2026, 113 W
Wed Feb 18 18:45:47 IST 2026, 129 W
Wed Feb 18 18:45:47 IST 2026, 129 W
Wed Feb 18 18:45:47 IST 2026, 141 W
Wed Feb 18 18:45:48 IST 2026, 121 W
Wed Feb 18 18:45:48 IST 2026, 117 W
Wed Feb 18 18:45:48 IST 2026, 130 W
Wed Feb 18 18:45:48 IST 2026, 120 W
Wed Feb 18 18:45:48 IST 2026, 105 W
Wed Feb 18 18:45:48 IST 2026, 124 W
Wed Feb 18 18:45:48 IST 2026, 114 W
Wed Feb 18 18:45:48 IST 2026, 136 W
Wed Feb 18 18:45:49 IST 2026, 124 W
Wed Feb 18 18:45:49 IST 2026, 120 W
Wed Feb 18 18:45:49 IST 2026, 130 W
Wed Feb 18 18:45:49 IST 2026, 126 W
Wed Feb 18 18:45:49 IST 2026, 113 W
Wed Feb 18 18:45:49 IST 2026, 128 W
Wed Feb 18 18:45:49 IST 2026, 131 W
Wed Feb 18 18:45:49 IST 2026, 134 W
Wed Feb 18 18:45:50 IST 2026, 116 W
Wed Feb 18 18:45:50 IST 2026, 124 W
Wed Feb 18 18:45:50 IST 2026, 132 W
Wed Feb 18 18:45:50 IST 2026, 125 W
Wed Feb 18 18:45:50 IST 2026, 113 W
Wed Feb 18 18:45:50 IST 2026, 129 W
Wed Feb 18 18:45:50 IST 2026, 128 W
Wed Feb 18 18:45:50 IST 2026, 142 W
Wed Feb 18 18:45:51 IST 2026, 126 W
Wed Feb 18 18:45:51 IST 2026, 122 W
Wed Feb 18 18:45:51 IST 2026, 128 W
Wed Feb 18 18:45:51 IST 2026, 122 W
Wed Feb 18 18:45:51 IST 2026, 113 W
Wed Feb 18 18:45:51 IST 2026, 130 W
Wed Feb 18 18:45:51 IST 2026, 125 W
Wed Feb 18 18:45:51 IST 2026, 139 W
Wed Feb 18 18:45:52 IST 2026, 124 W
Wed Feb 18 18:45:52 IST 2026, 124 W
Wed Feb 18 18:45:52 IST 2026, 139 W
Wed Feb 18 18:45:52 IST 2026, 124 W
Wed Feb 18 18:45:52 IST 2026, 108 W
Wed Feb 18 18:45:52 IST 2026, 123 W
Wed Feb 18 18:45:52 IST 2026, 128 W
Wed Feb 18 18:45:52 IST 2026, 139 W
Wed Feb 18 18:45:53 IST 2026, 120 W
Wed Feb 18 18:45:53 IST 2026, 113 W
Wed Feb 18 18:45:53 IST 2026, 131 W
Wed Feb 18 18:45:53 IST 2026, 118 W
Wed Feb 18 18:45:53 IST 2026, 113 W
Wed Feb 18 18:45:53 IST 2026, 127 W
Wed Feb 18 18:45:53 IST 2026, 122 W
Wed Feb 18 18:45:53 IST 2026, 139 W
Wed Feb 18 18:45:54 IST 2026, 123 W
Wed Feb 18 18:45:54 IST 2026, 121 W
Wed Feb 18 18:45:54 IST 2026, 132 W
Wed Feb 18 18:45:54 IST 2026, 128 W
Wed Feb 18 18:45:54 IST 2026, 111 W
Wed Feb 18 18:45:54 IST 2026, 127 W
Wed Feb 18 18:45:54 IST 2026, 130 W
Wed Feb 18 18:45:54 IST 2026, 141 W
Wed Feb 18 18:45:55 IST 2026, 123 W
Wed Feb 18 18:45:55 IST 2026, 121 W
Wed Feb 18 18:45:55 IST 2026, 135 W
Wed Feb 18 18:45:55 IST 2026, 128 W
Wed Feb 18 18:45:55 IST 2026, 112 W
Wed Feb 18 18:45:55 IST 2026, 130 W
Wed Feb 18 18:45:55 IST 2026, 126 W
Wed Feb 18 18:45:55 IST 2026, 139 W
Wed Feb 18 18:45:56 IST 2026, 123 W
Wed Feb 18 18:45:56 IST 2026, 116 W
Wed Feb 18 18:45:56 IST 2026, 131 W
Wed Feb 18 18:45:56 IST 2026, 122 W
Wed Feb 18 18:45:56 IST 2026, 105 W
Wed Feb 18 18:45:56 IST 2026, 120 W
Wed Feb 18 18:45:56 IST 2026, 120 W
Wed Feb 18 18:45:56 IST 2026, 141 W
