timestamp, power.draw [W]
Wed Mar 18 18:35:03 IST 2026, 95 W
Wed Mar 18 18:35:03 IST 2026, 89 W
Wed Mar 18 18:35:03 IST 2026, 89 W
Wed Mar 18 18:35:03 IST 2026, 88 W
Wed Mar 18 18:35:04 IST 2026, 97 W
Wed Mar 18 18:35:04 IST 2026, 88 W
Wed Mar 18 18:35:04 IST 2026, 88 W
Wed Mar 18 18:35:04 IST 2026, 88 W
Wed Mar 18 18:35:05 IST 2026, 96 W
Wed Mar 18 18:35:05 IST 2026, 89 W
Wed Mar 18 18:35:05 IST 2026, 86 W
Wed Mar 18 18:35:05 IST 2026, 91 W
Wed Mar 18 18:35:06 IST 2026, 93 W
Wed Mar 18 18:35:06 IST 2026, 89 W
Wed Mar 18 18:35:06 IST 2026, 86 W
Wed Mar 18 18:35:06 IST 2026, 89 W
Wed Mar 18 18:35:07 IST 2026, 96 W
Wed Mar 18 18:35:07 IST 2026, 86 W
Wed Mar 18 18:35:07 IST 2026, 90 W
Wed Mar 18 18:35:07 IST 2026, 84 W
Wed Mar 18 18:35:08 IST 2026, 97 W
Wed Mar 18 18:35:08 IST 2026, 88 W
Wed Mar 18 18:35:08 IST 2026, 87 W
Wed Mar 18 18:35:08 IST 2026, 88 W
Wed Mar 18 18:35:09 IST 2026, 93 W
Wed Mar 18 18:35:09 IST 2026, 92 W
Wed Mar 18 18:35:09 IST 2026, 91 W
Wed Mar 18 18:35:09 IST 2026, 86 W
Wed Mar 18 18:35:10 IST 2026, 95 W
Wed Mar 18 18:35:10 IST 2026, 91 W
Wed Mar 18 18:35:10 IST 2026, 94 W
Wed Mar 18 18:35:10 IST 2026, 89 W
Wed Mar 18 18:35:11 IST 2026, 96 W
Wed Mar 18 18:35:11 IST 2026, 90 W
Wed Mar 18 18:35:11 IST 2026, 92 W
Wed Mar 18 18:35:11 IST 2026, 89 W
Wed Mar 18 18:35:12 IST 2026, 94 W
Wed Mar 18 18:35:12 IST 2026, 90 W
Wed Mar 18 18:35:12 IST 2026, 86 W
Wed Mar 18 18:35:12 IST 2026, 92 W
Wed Mar 18 18:35:13 IST 2026, 91 W
Wed Mar 18 18:35:13 IST 2026, 86 W
Wed Mar 18 18:35:13 IST 2026, 87 W
Wed Mar 18 18:35:13 IST 2026, 87 W
Wed Mar 18 18:35:14 IST 2026, 92 W
Wed Mar 18 18:35:14 IST 2026, 93 W
Wed Mar 18 18:35:14 IST 2026, 0 W
Wed Mar 18 18:35:14 IST 2026, 91 W
Wed Mar 18 18:35:15 IST 2026, 97 W
Wed Mar 18 18:35:15 IST 2026, 89 W
Wed Mar 18 18:35:15 IST 2026, 0 W
Wed Mar 18 18:35:15 IST 2026, 88 W
Wed Mar 18 18:35:16 IST 2026, 95 W
Wed Mar 18 18:35:16 IST 2026, 94 W
Wed Mar 18 18:35:16 IST 2026, 0 W
Wed Mar 18 18:35:16 IST 2026, 94 W
Wed Mar 18 18:35:17 IST 2026, 93 W
Wed Mar 18 18:35:17 IST 2026, 88 W
Wed Mar 18 18:35:17 IST 2026, 0 W
Wed Mar 18 18:35:17 IST 2026, 91 W
Wed Mar 18 18:35:18 IST 2026, 101 W
Wed Mar 18 18:35:18 IST 2026, 88 W
Wed Mar 18 18:35:18 IST 2026, 0 W
Wed Mar 18 18:35:18 IST 2026, 83 W
Wed Mar 18 18:35:19 IST 2026, 97 W
Wed Mar 18 18:35:19 IST 2026, 93 W
Wed Mar 18 18:35:19 IST 2026, 0 W
Wed Mar 18 18:35:19 IST 2026, 91 W
Wed Mar 18 18:35:20 IST 2026, 98 W
Wed Mar 18 18:35:20 IST 2026, 95 W
Wed Mar 18 18:35:20 IST 2026, 0 W
Wed Mar 18 18:35:20 IST 2026, 93 W
Wed Mar 18 18:35:21 IST 2026, 95 W
Wed Mar 18 18:35:21 IST 2026, 88 W
Wed Mar 18 18:35:21 IST 2026, 0 W
Wed Mar 18 18:35:21 IST 2026, 90 W
Wed Mar 18 18:35:22 IST 2026, 98 W
Wed Mar 18 18:35:22 IST 2026, 91 W
Wed Mar 18 18:35:22 IST 2026, 0 W
Wed Mar 18 18:35:22 IST 2026, 87 W
Wed Mar 18 18:35:23 IST 2026, 93 W
Wed Mar 18 18:35:23 IST 2026, 90 W
Wed Mar 18 18:35:23 IST 2026, 0 W
Wed Mar 18 18:35:23 IST 2026, 93 W
Wed Mar 18 18:35:24 IST 2026, 96 W
Wed Mar 18 18:35:24 IST 2026, 96 W
Wed Mar 18 18:35:24 IST 2026, 0 W
Wed Mar 18 18:35:24 IST 2026, 87 W
Wed Mar 18 18:35:25 IST 2026, 96 W
Wed Mar 18 18:35:25 IST 2026, 89 W
Wed Mar 18 18:35:25 IST 2026, 0 W
Wed Mar 18 18:35:25 IST 2026, 90 W
Wed Mar 18 18:35:26 IST 2026, 95 W
Wed Mar 18 18:35:26 IST 2026, 95 W
Wed Mar 18 18:35:26 IST 2026, 0 W
Wed Mar 18 18:35:26 IST 2026, 90 W
Wed Mar 18 18:35:27 IST 2026, 100 W
Wed Mar 18 18:35:27 IST 2026, 88 W
Wed Mar 18 18:35:27 IST 2026, 0 W
Wed Mar 18 18:35:27 IST 2026, 93 W
Wed Mar 18 18:35:28 IST 2026, 99 W
Wed Mar 18 18:35:28 IST 2026, 94 W
Wed Mar 18 18:35:28 IST 2026, 0 W
Wed Mar 18 18:35:28 IST 2026, 89 W
Wed Mar 18 18:35:29 IST 2026, 90 W
Wed Mar 18 18:35:29 IST 2026, 94 W
Wed Mar 18 18:35:29 IST 2026, 0 W
Wed Mar 18 18:35:29 IST 2026, 86 W
Wed Mar 18 18:35:30 IST 2026, 94 W
Wed Mar 18 18:35:30 IST 2026, 87 W
Wed Mar 18 18:35:30 IST 2026, 0 W
Wed Mar 18 18:35:30 IST 2026, 90 W
Wed Mar 18 18:35:31 IST 2026, 98 W
Wed Mar 18 18:35:31 IST 2026, 91 W
Wed Mar 18 18:35:31 IST 2026, 0 W
Wed Mar 18 18:35:31 IST 2026, 86 W
Wed Mar 18 18:35:32 IST 2026, 97 W
Wed Mar 18 18:35:32 IST 2026, 91 W
Wed Mar 18 18:35:32 IST 2026, 0 W
Wed Mar 18 18:35:32 IST 2026, 89 W
Wed Mar 18 18:35:33 IST 2026, 95 W
Wed Mar 18 18:35:33 IST 2026, 87 W
Wed Mar 18 18:35:33 IST 2026, 0 W
Wed Mar 18 18:35:33 IST 2026, 94 W
Wed Mar 18 18:35:34 IST 2026, 90 W
Wed Mar 18 18:35:34 IST 2026, 96 W
Wed Mar 18 18:35:34 IST 2026, 0 W
Wed Mar 18 18:35:34 IST 2026, 86 W
Wed Mar 18 18:35:35 IST 2026, 96 W
Wed Mar 18 18:35:35 IST 2026, 91 W
Wed Mar 18 18:35:35 IST 2026, 0 W
Wed Mar 18 18:35:35 IST 2026, 89 W
Wed Mar 18 18:35:36 IST 2026, 95 W
Wed Mar 18 18:35:36 IST 2026, 89 W
Wed Mar 18 18:35:36 IST 2026, 0 W
Wed Mar 18 18:35:36 IST 2026, 93 W
Wed Mar 18 18:35:37 IST 2026, 98 W
Wed Mar 18 18:35:37 IST 2026, 87 W
Wed Mar 18 18:35:37 IST 2026, 0 W
Wed Mar 18 18:35:37 IST 2026, 92 W
Wed Mar 18 18:35:38 IST 2026, 96 W
Wed Mar 18 18:35:38 IST 2026, 92 W
Wed Mar 18 18:35:38 IST 2026, 0 W
Wed Mar 18 18:35:38 IST 2026, 89 W
Wed Mar 18 18:35:39 IST 2026, 95 W
Wed Mar 18 18:35:39 IST 2026, 90 W
Wed Mar 18 18:35:39 IST 2026, 0 W
Wed Mar 18 18:35:39 IST 2026, 90 W
Wed Mar 18 18:35:40 IST 2026, 97 W
Wed Mar 18 18:35:40 IST 2026, 89 W
Wed Mar 18 18:35:40 IST 2026, 0 W
Wed Mar 18 18:35:40 IST 2026, 83 W
Wed Mar 18 18:35:41 IST 2026, 95 W
Wed Mar 18 18:35:41 IST 2026, 91 W
Wed Mar 18 18:35:41 IST 2026, 0 W
Wed Mar 18 18:35:41 IST 2026, 96 W
Wed Mar 18 18:35:42 IST 2026, 97 W
Wed Mar 18 18:35:42 IST 2026, 99 W
Wed Mar 18 18:35:42 IST 2026, 0 W
Wed Mar 18 18:35:42 IST 2026, 90 W
Wed Mar 18 18:35:43 IST 2026, 99 W
Wed Mar 18 18:35:43 IST 2026, 97 W
Wed Mar 18 18:35:43 IST 2026, 0 W
Wed Mar 18 18:35:43 IST 2026, 96 W
Wed Mar 18 18:35:44 IST 2026, 98 W
Wed Mar 18 18:35:44 IST 2026, 91 W
Wed Mar 18 18:35:44 IST 2026, 0 W
Wed Mar 18 18:35:44 IST 2026, 86 W
Wed Mar 18 18:35:45 IST 2026, 94 W
Wed Mar 18 18:35:45 IST 2026, 92 W
Wed Mar 18 18:35:45 IST 2026, 0 W
Wed Mar 18 18:35:45 IST 2026, 94 W
Wed Mar 18 18:35:46 IST 2026, 99 W
Wed Mar 18 18:35:46 IST 2026, 95 W
Wed Mar 18 18:35:46 IST 2026, 0 W
Wed Mar 18 18:35:46 IST 2026, 90 W
Wed Mar 18 18:35:47 IST 2026, 97 W
Wed Mar 18 18:35:47 IST 2026, 92 W
Wed Mar 18 18:35:47 IST 2026, 0 W
Wed Mar 18 18:35:47 IST 2026, 87 W
Wed Mar 18 18:35:48 IST 2026, 92 W
Wed Mar 18 18:35:48 IST 2026, 89 W
Wed Mar 18 18:35:48 IST 2026, 0 W
Wed Mar 18 18:35:48 IST 2026, 94 W
Wed Mar 18 18:35:49 IST 2026, 103 W
Wed Mar 18 18:35:49 IST 2026, 90 W
Wed Mar 18 18:35:49 IST 2026, 0 W
Wed Mar 18 18:35:49 IST 2026, 85 W
Wed Mar 18 18:35:50 IST 2026, 98 W
Wed Mar 18 18:35:50 IST 2026, 96 W
Wed Mar 18 18:35:50 IST 2026, 0 W
Wed Mar 18 18:35:50 IST 2026, 90 W
Wed Mar 18 18:35:51 IST 2026, 96 W
Wed Mar 18 18:35:51 IST 2026, 96 W
Wed Mar 18 18:35:51 IST 2026, 0 W
Wed Mar 18 18:35:51 IST 2026, 96 W
Wed Mar 18 18:35:52 IST 2026, 95 W
Wed Mar 18 18:35:52 IST 2026, 94 W
Wed Mar 18 18:35:52 IST 2026, 0 W
Wed Mar 18 18:35:52 IST 2026, 84 W
Wed Mar 18 18:35:53 IST 2026, 97 W
Wed Mar 18 18:35:53 IST 2026, 86 W
Wed Mar 18 18:35:53 IST 2026, 0 W
Wed Mar 18 18:35:53 IST 2026, 90 W
Wed Mar 18 18:35:54 IST 2026, 101 W
Wed Mar 18 18:35:54 IST 2026, 90 W
Wed Mar 18 18:35:54 IST 2026, 0 W
Wed Mar 18 18:35:54 IST 2026, 93 W
Wed Mar 18 18:35:55 IST 2026, 102 W
Wed Mar 18 18:35:55 IST 2026, 93 W
Wed Mar 18 18:35:55 IST 2026, 0 W
Wed Mar 18 18:35:55 IST 2026, 96 W
Wed Mar 18 18:35:56 IST 2026, 95 W
Wed Mar 18 18:35:56 IST 2026, 94 W
Wed Mar 18 18:35:56 IST 2026, 96 W
Wed Mar 18 18:35:56 IST 2026, 89 W
Wed Mar 18 18:35:57 IST 2026, 101 W
Wed Mar 18 18:35:57 IST 2026, 92 W
Wed Mar 18 18:35:57 IST 2026, 92 W
Wed Mar 18 18:35:57 IST 2026, 93 W
Wed Mar 18 18:35:58 IST 2026, 98 W
Wed Mar 18 18:35:58 IST 2026, 89 W
Wed Mar 18 18:35:58 IST 2026, 88 W
Wed Mar 18 18:35:58 IST 2026, 92 W
Wed Mar 18 18:35:59 IST 2026, 97 W
Wed Mar 18 18:35:59 IST 2026, 96 W
Wed Mar 18 18:35:59 IST 2026, 87 W
Wed Mar 18 18:35:59 IST 2026, 92 W
Wed Mar 18 18:36:00 IST 2026, 93 W
Wed Mar 18 18:36:00 IST 2026, 92 W
Wed Mar 18 18:36:00 IST 2026, 90 W
Wed Mar 18 18:36:00 IST 2026, 85 W
Wed Mar 18 18:36:01 IST 2026, 92 W
Wed Mar 18 18:36:01 IST 2026, 88 W
Wed Mar 18 18:36:01 IST 2026, 89 W
Wed Mar 18 18:36:01 IST 2026, 90 W
Wed Mar 18 18:36:02 IST 2026, 95 W
Wed Mar 18 18:36:02 IST 2026, 93 W
Wed Mar 18 18:36:02 IST 2026, 87 W
Wed Mar 18 18:36:02 IST 2026, 93 W
Wed Mar 18 18:36:03 IST 2026, 95 W
Wed Mar 18 18:36:03 IST 2026, 93 W
Wed Mar 18 18:36:03 IST 2026, 92 W
Wed Mar 18 18:36:03 IST 2026, 96 W
Wed Mar 18 18:36:04 IST 2026, 97 W
Wed Mar 18 18:36:04 IST 2026, 91 W
Wed Mar 18 18:36:04 IST 2026, 92 W
Wed Mar 18 18:36:04 IST 2026, 87 W
Wed Mar 18 18:36:05 IST 2026, 99 W
Wed Mar 18 18:36:05 IST 2026, 91 W
Wed Mar 18 18:36:05 IST 2026, 88 W
Wed Mar 18 18:36:05 IST 2026, 96 W
Wed Mar 18 18:36:06 IST 2026, 93 W
Wed Mar 18 18:36:06 IST 2026, 90 W
Wed Mar 18 18:36:06 IST 2026, 86 W
Wed Mar 18 18:36:06 IST 2026, 91 W
Wed Mar 18 18:36:07 IST 2026, 100 W
Wed Mar 18 18:36:07 IST 2026, 89 W
Wed Mar 18 18:36:07 IST 2026, 86 W
Wed Mar 18 18:36:07 IST 2026, 91 W
Wed Mar 18 18:36:08 IST 2026, 98 W
Wed Mar 18 18:36:08 IST 2026, 90 W
Wed Mar 18 18:36:08 IST 2026, 91 W
Wed Mar 18 18:36:08 IST 2026, 88 W
Wed Mar 18 18:36:09 IST 2026, 98 W
Wed Mar 18 18:36:09 IST 2026, 89 W
Wed Mar 18 18:36:09 IST 2026, 92 W
Wed Mar 18 18:36:09 IST 2026, 87 W
Wed Mar 18 18:36:10 IST 2026, 93 W
Wed Mar 18 18:36:10 IST 2026, 89 W
Wed Mar 18 18:36:10 IST 2026, 95 W
Wed Mar 18 18:36:10 IST 2026, 90 W
Wed Mar 18 18:36:11 IST 2026, 95 W
Wed Mar 18 18:36:11 IST 2026, 93 W
Wed Mar 18 18:36:11 IST 2026, 91 W
Wed Mar 18 18:36:11 IST 2026, 97 W
Wed Mar 18 18:36:12 IST 2026, 98 W
Wed Mar 18 18:36:12 IST 2026, 89 W
Wed Mar 18 18:36:12 IST 2026, 85 W
Wed Mar 18 18:36:12 IST 2026, 93 W
Wed Mar 18 18:36:13 IST 2026, 102 W
Wed Mar 18 18:36:13 IST 2026, 94 W
Wed Mar 18 18:36:13 IST 2026, 86 W
Wed Mar 18 18:36:13 IST 2026, 90 W
Wed Mar 18 18:36:14 IST 2026, 93 W
Wed Mar 18 18:36:14 IST 2026, 93 W
Wed Mar 18 18:36:14 IST 2026, 96 W
Wed Mar 18 18:36:14 IST 2026, 90 W
Wed Mar 18 18:36:15 IST 2026, 95 W
Wed Mar 18 18:36:15 IST 2026, 90 W
Wed Mar 18 18:36:15 IST 2026, 90 W
Wed Mar 18 18:36:15 IST 2026, 91 W
Wed Mar 18 18:36:16 IST 2026, 94 W
Wed Mar 18 18:36:16 IST 2026, 94 W
Wed Mar 18 18:36:16 IST 2026, 98 W
Wed Mar 18 18:36:16 IST 2026, 90 W
Wed Mar 18 18:36:17 IST 2026, 98 W
Wed Mar 18 18:36:17 IST 2026, 92 W
Wed Mar 18 18:36:17 IST 2026, 96 W
Wed Mar 18 18:36:17 IST 2026, 93 W
Wed Mar 18 18:36:18 IST 2026, 98 W
Wed Mar 18 18:36:18 IST 2026, 87 W
Wed Mar 18 18:36:18 IST 2026, 88 W
Wed Mar 18 18:36:18 IST 2026, 96 W
Wed Mar 18 18:36:19 IST 2026, 94 W
Wed Mar 18 18:36:19 IST 2026, 90 W
Wed Mar 18 18:36:19 IST 2026, 87 W
Wed Mar 18 18:36:19 IST 2026, 95 W
Wed Mar 18 18:36:20 IST 2026, 94 W
Wed Mar 18 18:36:20 IST 2026, 87 W
Wed Mar 18 18:36:20 IST 2026, 93 W
Wed Mar 18 18:36:20 IST 2026, 96 W
Wed Mar 18 18:36:21 IST 2026, 99 W
Wed Mar 18 18:36:21 IST 2026, 86 W
Wed Mar 18 18:36:21 IST 2026, 87 W
Wed Mar 18 18:36:21 IST 2026, 91 W
Wed Mar 18 18:36:22 IST 2026, 94 W
Wed Mar 18 18:36:22 IST 2026, 89 W
Wed Mar 18 18:36:22 IST 2026, 89 W
Wed Mar 18 18:36:22 IST 2026, 94 W
Wed Mar 18 18:36:23 IST 2026, 95 W
Wed Mar 18 18:36:23 IST 2026, 93 W
Wed Mar 18 18:36:23 IST 2026, 90 W
Wed Mar 18 18:36:23 IST 2026, 87 W
Wed Mar 18 18:36:24 IST 2026, 99 W
Wed Mar 18 18:36:24 IST 2026, 94 W
Wed Mar 18 18:36:24 IST 2026, 89 W
Wed Mar 18 18:36:24 IST 2026, 93 W
Wed Mar 18 18:36:25 IST 2026, 97 W
Wed Mar 18 18:36:25 IST 2026, 90 W
Wed Mar 18 18:36:25 IST 2026, 92 W
Wed Mar 18 18:36:25 IST 2026, 90 W
Wed Mar 18 18:36:26 IST 2026, 99 W
Wed Mar 18 18:36:26 IST 2026, 90 W
Wed Mar 18 18:36:26 IST 2026, 92 W
Wed Mar 18 18:36:26 IST 2026, 93 W
Wed Mar 18 18:36:27 IST 2026, 102 W
Wed Mar 18 18:36:27 IST 2026, 91 W
Wed Mar 18 18:36:27 IST 2026, 91 W
Wed Mar 18 18:36:27 IST 2026, 87 W
Wed Mar 18 18:36:28 IST 2026, 94 W
Wed Mar 18 18:36:28 IST 2026, 88 W
Wed Mar 18 18:36:28 IST 2026, 95 W
Wed Mar 18 18:36:28 IST 2026, 93 W
Wed Mar 18 18:36:29 IST 2026, 98 W
Wed Mar 18 18:36:29 IST 2026, 92 W
Wed Mar 18 18:36:29 IST 2026, 86 W
Wed Mar 18 18:36:29 IST 2026, 94 W
Wed Mar 18 18:36:30 IST 2026, 98 W
Wed Mar 18 18:36:30 IST 2026, 87 W
Wed Mar 18 18:36:30 IST 2026, 92 W
Wed Mar 18 18:36:30 IST 2026, 91 W
Wed Mar 18 18:36:31 IST 2026, 98 W
Wed Mar 18 18:36:31 IST 2026, 91 W
Wed Mar 18 18:36:31 IST 2026, 92 W
Wed Mar 18 18:36:31 IST 2026, 90 W
Wed Mar 18 18:36:32 IST 2026, 95 W
Wed Mar 18 18:36:32 IST 2026, 90 W
Wed Mar 18 18:36:32 IST 2026, 92 W
Wed Mar 18 18:36:32 IST 2026, 91 W
Wed Mar 18 18:36:33 IST 2026, 99 W
Wed Mar 18 18:36:33 IST 2026, 99 W
Wed Mar 18 18:36:33 IST 2026, 90 W
Wed Mar 18 18:36:33 IST 2026, 90 W
Wed Mar 18 18:36:34 IST 2026, 95 W
Wed Mar 18 18:36:34 IST 2026, 98 W
Wed Mar 18 18:36:34 IST 2026, 90 W
Wed Mar 18 18:36:34 IST 2026, 88 W
Wed Mar 18 18:36:35 IST 2026, 96 W
Wed Mar 18 18:36:35 IST 2026, 91 W
Wed Mar 18 18:36:35 IST 2026, 90 W
Wed Mar 18 18:36:35 IST 2026, 88 W
Wed Mar 18 18:36:36 IST 2026, 103 W
Wed Mar 18 18:36:36 IST 2026, 88 W
Wed Mar 18 18:36:36 IST 2026, 89 W
Wed Mar 18 18:36:36 IST 2026, 95 W
Wed Mar 18 18:36:37 IST 2026, 94 W
Wed Mar 18 18:36:37 IST 2026, 87 W
Wed Mar 18 18:36:37 IST 2026, 90 W
Wed Mar 18 18:36:37 IST 2026, 97 W
Wed Mar 18 18:36:38 IST 2026, 96 W
Wed Mar 18 18:36:38 IST 2026, 90 W
Wed Mar 18 18:36:38 IST 2026, 88 W
Wed Mar 18 18:36:38 IST 2026, 88 W
Wed Mar 18 18:36:39 IST 2026, 97 W
Wed Mar 18 18:36:39 IST 2026, 89 W
Wed Mar 18 18:36:39 IST 2026, 88 W
Wed Mar 18 18:36:39 IST 2026, 89 W
Wed Mar 18 18:36:40 IST 2026, 102 W
Wed Mar 18 18:36:40 IST 2026, 94 W
Wed Mar 18 18:36:40 IST 2026, 90 W
Wed Mar 18 18:36:40 IST 2026, 96 W
Wed Mar 18 18:36:41 IST 2026, 100 W
Wed Mar 18 18:36:41 IST 2026, 87 W
Wed Mar 18 18:36:41 IST 2026, 95 W
Wed Mar 18 18:36:41 IST 2026, 93 W
Wed Mar 18 18:36:42 IST 2026, 97 W
Wed Mar 18 18:36:42 IST 2026, 90 W
Wed Mar 18 18:36:42 IST 2026, 91 W
Wed Mar 18 18:36:42 IST 2026, 95 W
Wed Mar 18 18:36:43 IST 2026, 97 W
Wed Mar 18 18:36:43 IST 2026, 94 W
Wed Mar 18 18:36:43 IST 2026, 89 W
Wed Mar 18 18:36:43 IST 2026, 91 W
Wed Mar 18 18:36:44 IST 2026, 96 W
Wed Mar 18 18:36:44 IST 2026, 90 W
Wed Mar 18 18:36:44 IST 2026, 89 W
Wed Mar 18 18:36:44 IST 2026, 94 W
Wed Mar 18 18:36:45 IST 2026, 98 W
Wed Mar 18 18:36:45 IST 2026, 94 W
Wed Mar 18 18:36:45 IST 2026, 89 W
Wed Mar 18 18:36:45 IST 2026, 90 W
Wed Mar 18 18:36:46 IST 2026, 101 W
Wed Mar 18 18:36:46 IST 2026, 91 W
Wed Mar 18 18:36:46 IST 2026, 88 W
Wed Mar 18 18:36:46 IST 2026, 95 W
Wed Mar 18 18:36:47 IST 2026, 95 W
Wed Mar 18 18:36:47 IST 2026, 90 W
Wed Mar 18 18:36:47 IST 2026, 89 W
Wed Mar 18 18:36:47 IST 2026, 87 W
Wed Mar 18 18:36:48 IST 2026, 96 W
Wed Mar 18 18:36:48 IST 2026, 92 W
Wed Mar 18 18:36:48 IST 2026, 87 W
Wed Mar 18 18:36:48 IST 2026, 89 W
Wed Mar 18 18:36:49 IST 2026, 96 W
Wed Mar 18 18:36:49 IST 2026, 91 W
Wed Mar 18 18:36:49 IST 2026, 91 W
Wed Mar 18 18:36:49 IST 2026, 91 W
Wed Mar 18 18:36:50 IST 2026, 100 W
Wed Mar 18 18:36:50 IST 2026, 97 W
Wed Mar 18 18:36:50 IST 2026, 88 W
Wed Mar 18 18:36:50 IST 2026, 95 W
Wed Mar 18 18:36:51 IST 2026, 92 W
Wed Mar 18 18:36:51 IST 2026, 94 W
Wed Mar 18 18:36:51 IST 2026, 89 W
Wed Mar 18 18:36:51 IST 2026, 93 W
Wed Mar 18 18:36:52 IST 2026, 103 W
Wed Mar 18 18:36:52 IST 2026, 91 W
Wed Mar 18 18:36:52 IST 2026, 90 W
Wed Mar 18 18:36:52 IST 2026, 86 W
Wed Mar 18 18:36:53 IST 2026, 94 W
Wed Mar 18 18:36:53 IST 2026, 88 W
Wed Mar 18 18:36:53 IST 2026, 87 W
Wed Mar 18 18:36:53 IST 2026, 95 W
Wed Mar 18 18:36:54 IST 2026, 99 W
Wed Mar 18 18:36:54 IST 2026, 89 W
Wed Mar 18 18:36:54 IST 2026, 89 W
Wed Mar 18 18:36:54 IST 2026, 93 W
Wed Mar 18 18:36:55 IST 2026, 99 W
Wed Mar 18 18:36:55 IST 2026, 93 W
Wed Mar 18 18:36:55 IST 2026, 94 W
Wed Mar 18 18:36:55 IST 2026, 88 W
Wed Mar 18 18:36:56 IST 2026, 102 W
Wed Mar 18 18:36:56 IST 2026, 94 W
Wed Mar 18 18:36:56 IST 2026, 94 W
Wed Mar 18 18:36:56 IST 2026, 93 W
Wed Mar 18 18:36:57 IST 2026, 101 W
Wed Mar 18 18:36:57 IST 2026, 95 W
Wed Mar 18 18:36:57 IST 2026, 94 W
Wed Mar 18 18:36:57 IST 2026, 95 W
Wed Mar 18 18:36:58 IST 2026, 98 W
Wed Mar 18 18:36:58 IST 2026, 89 W
Wed Mar 18 18:36:58 IST 2026, 96 W
Wed Mar 18 18:36:58 IST 2026, 87 W
Wed Mar 18 18:36:59 IST 2026, 99 W
Wed Mar 18 18:36:59 IST 2026, 98 W
Wed Mar 18 18:36:59 IST 2026, 88 W
Wed Mar 18 18:36:59 IST 2026, 95 W
Wed Mar 18 18:37:00 IST 2026, 93 W
Wed Mar 18 18:37:00 IST 2026, 94 W
Wed Mar 18 18:37:00 IST 2026, 96 W
Wed Mar 18 18:37:00 IST 2026, 86 W
Wed Mar 18 18:37:01 IST 2026, 97 W
Wed Mar 18 18:37:01 IST 2026, 87 W
Wed Mar 18 18:37:01 IST 2026, 94 W
Wed Mar 18 18:37:01 IST 2026, 92 W
Wed Mar 18 18:37:02 IST 2026, 99 W
Wed Mar 18 18:37:02 IST 2026, 92 W
Wed Mar 18 18:37:02 IST 2026, 87 W
Wed Mar 18 18:37:02 IST 2026, 97 W
Wed Mar 18 18:37:03 IST 2026, 96 W
Wed Mar 18 18:37:03 IST 2026, 87 W
Wed Mar 18 18:37:03 IST 2026, 94 W
Wed Mar 18 18:37:03 IST 2026, 94 W
Wed Mar 18 18:37:04 IST 2026, 101 W
Wed Mar 18 18:37:04 IST 2026, 87 W
Wed Mar 18 18:37:04 IST 2026, 91 W
Wed Mar 18 18:37:04 IST 2026, 93 W
Wed Mar 18 18:37:05 IST 2026, 102 W
Wed Mar 18 18:37:05 IST 2026, 93 W
Wed Mar 18 18:37:05 IST 2026, 89 W
Wed Mar 18 18:37:05 IST 2026, 85 W
Wed Mar 18 18:37:06 IST 2026, 95 W
Wed Mar 18 18:37:06 IST 2026, 88 W
Wed Mar 18 18:37:06 IST 2026, 94 W
Wed Mar 18 18:37:06 IST 2026, 87 W
Wed Mar 18 18:37:07 IST 2026, 104 W
Wed Mar 18 18:37:07 IST 2026, 93 W
Wed Mar 18 18:37:07 IST 2026, 91 W
Wed Mar 18 18:37:07 IST 2026, 93 W
Wed Mar 18 18:37:08 IST 2026, 101 W
Wed Mar 18 18:37:08 IST 2026, 91 W
Wed Mar 18 18:37:08 IST 2026, 95 W
Wed Mar 18 18:37:08 IST 2026, 92 W
Wed Mar 18 18:37:09 IST 2026, 98 W
Wed Mar 18 18:37:09 IST 2026, 90 W
Wed Mar 18 18:37:09 IST 2026, 92 W
Wed Mar 18 18:37:09 IST 2026, 95 W
Wed Mar 18 18:37:10 IST 2026, 96 W
Wed Mar 18 18:37:10 IST 2026, 95 W
Wed Mar 18 18:37:10 IST 2026, 93 W
Wed Mar 18 18:37:10 IST 2026, 88 W
Wed Mar 18 18:37:11 IST 2026, 98 W
Wed Mar 18 18:37:11 IST 2026, 93 W
Wed Mar 18 18:37:11 IST 2026, 91 W
Wed Mar 18 18:37:11 IST 2026, 96 W
Wed Mar 18 18:37:12 IST 2026, 101 W
Wed Mar 18 18:37:12 IST 2026, 89 W
Wed Mar 18 18:37:12 IST 2026, 93 W
Wed Mar 18 18:37:12 IST 2026, 90 W
Wed Mar 18 18:37:13 IST 2026, 93 W
Wed Mar 18 18:37:13 IST 2026, 94 W
Wed Mar 18 18:37:13 IST 2026, 93 W
Wed Mar 18 18:37:13 IST 2026, 93 W
Wed Mar 18 18:37:14 IST 2026, 98 W
Wed Mar 18 18:37:14 IST 2026, 92 W
Wed Mar 18 18:37:14 IST 2026, 94 W
Wed Mar 18 18:37:14 IST 2026, 88 W
Wed Mar 18 18:37:15 IST 2026, 92 W
Wed Mar 18 18:37:15 IST 2026, 87 W
Wed Mar 18 18:37:15 IST 2026, 91 W
Wed Mar 18 18:37:15 IST 2026, 87 W
Wed Mar 18 18:37:16 IST 2026, 95 W
Wed Mar 18 18:37:16 IST 2026, 94 W
Wed Mar 18 18:37:16 IST 2026, 87 W
Wed Mar 18 18:37:16 IST 2026, 94 W
Wed Mar 18 18:37:17 IST 2026, 98 W
Wed Mar 18 18:37:17 IST 2026, 89 W
Wed Mar 18 18:37:17 IST 2026, 87 W
Wed Mar 18 18:37:17 IST 2026, 85 W
Wed Mar 18 18:37:18 IST 2026, 97 W
Wed Mar 18 18:37:18 IST 2026, 91 W
Wed Mar 18 18:37:18 IST 2026, 96 W
Wed Mar 18 18:37:18 IST 2026, 87 W
Wed Mar 18 18:37:19 IST 2026, 102 W
Wed Mar 18 18:37:19 IST 2026, 91 W
Wed Mar 18 18:37:19 IST 2026, 91 W
Wed Mar 18 18:37:19 IST 2026, 96 W
Wed Mar 18 18:37:20 IST 2026, 91 W
Wed Mar 18 18:37:20 IST 2026, 95 W
Wed Mar 18 18:37:20 IST 2026, 97 W
Wed Mar 18 18:37:20 IST 2026, 93 W
Wed Mar 18 18:37:21 IST 2026, 99 W
Wed Mar 18 18:37:21 IST 2026, 88 W
Wed Mar 18 18:37:21 IST 2026, 92 W
Wed Mar 18 18:37:21 IST 2026, 90 W
Wed Mar 18 18:37:22 IST 2026, 102 W
Wed Mar 18 18:37:22 IST 2026, 90 W
Wed Mar 18 18:37:22 IST 2026, 86 W
Wed Mar 18 18:37:22 IST 2026, 88 W
Wed Mar 18 18:37:23 IST 2026, 101 W
Wed Mar 18 18:37:23 IST 2026, 91 W
Wed Mar 18 18:37:23 IST 2026, 87 W
Wed Mar 18 18:37:23 IST 2026, 94 W
Wed Mar 18 18:37:24 IST 2026, 96 W
Wed Mar 18 18:37:24 IST 2026, 93 W
Wed Mar 18 18:37:24 IST 2026, 90 W
Wed Mar 18 18:37:24 IST 2026, 94 W
Wed Mar 18 18:37:25 IST 2026, 94 W
Wed Mar 18 18:37:25 IST 2026, 95 W
Wed Mar 18 18:37:25 IST 2026, 88 W
Wed Mar 18 18:37:25 IST 2026, 99 W
Wed Mar 18 18:37:26 IST 2026, 93 W
Wed Mar 18 18:37:26 IST 2026, 97 W
Wed Mar 18 18:37:26 IST 2026, 90 W
Wed Mar 18 18:37:26 IST 2026, 93 W
Wed Mar 18 18:37:27 IST 2026, 102 W
Wed Mar 18 18:37:27 IST 2026, 94 W
Wed Mar 18 18:37:27 IST 2026, 90 W
Wed Mar 18 18:37:27 IST 2026, 86 W
Wed Mar 18 18:37:28 IST 2026, 95 W
Wed Mar 18 18:37:28 IST 2026, 92 W
Wed Mar 18 18:37:28 IST 2026, 90 W
Wed Mar 18 18:37:28 IST 2026, 91 W
Wed Mar 18 18:37:29 IST 2026, 95 W
Wed Mar 18 18:37:29 IST 2026, 89 W
Wed Mar 18 18:37:29 IST 2026, 94 W
Wed Mar 18 18:37:29 IST 2026, 89 W
Wed Mar 18 18:37:30 IST 2026, 96 W
Wed Mar 18 18:37:30 IST 2026, 91 W
Wed Mar 18 18:37:30 IST 2026, 95 W
Wed Mar 18 18:37:30 IST 2026, 90 W
Wed Mar 18 18:37:31 IST 2026, 94 W
Wed Mar 18 18:37:31 IST 2026, 92 W
Wed Mar 18 18:37:31 IST 2026, 93 W
Wed Mar 18 18:37:31 IST 2026, 92 W
Wed Mar 18 18:37:32 IST 2026, 96 W
Wed Mar 18 18:37:32 IST 2026, 96 W
Wed Mar 18 18:37:32 IST 2026, 87 W
Wed Mar 18 18:37:32 IST 2026, 90 W
Wed Mar 18 18:37:33 IST 2026, 98 W
Wed Mar 18 18:37:33 IST 2026, 88 W
Wed Mar 18 18:37:33 IST 2026, 97 W
Wed Mar 18 18:37:33 IST 2026, 89 W
Wed Mar 18 18:37:34 IST 2026, 97 W
Wed Mar 18 18:37:34 IST 2026, 93 W
Wed Mar 18 18:37:34 IST 2026, 95 W
Wed Mar 18 18:37:34 IST 2026, 92 W
Wed Mar 18 18:37:35 IST 2026, 102 W
Wed Mar 18 18:37:35 IST 2026, 89 W
Wed Mar 18 18:37:35 IST 2026, 88 W
Wed Mar 18 18:37:35 IST 2026, 85 W
Wed Mar 18 18:37:36 IST 2026, 98 W
Wed Mar 18 18:37:36 IST 2026, 89 W
Wed Mar 18 18:37:36 IST 2026, 90 W
Wed Mar 18 18:37:36 IST 2026, 95 W
Wed Mar 18 18:37:37 IST 2026, 99 W
Wed Mar 18 18:37:37 IST 2026, 91 W
Wed Mar 18 18:37:37 IST 2026, 87 W
Wed Mar 18 18:37:37 IST 2026, 96 W
Wed Mar 18 18:37:38 IST 2026, 100 W
Wed Mar 18 18:37:38 IST 2026, 92 W
Wed Mar 18 18:37:38 IST 2026, 93 W
Wed Mar 18 18:37:38 IST 2026, 93 W
Wed Mar 18 18:37:39 IST 2026, 96 W
Wed Mar 18 18:37:39 IST 2026, 87 W
Wed Mar 18 18:37:39 IST 2026, 96 W
Wed Mar 18 18:37:39 IST 2026, 93 W
Wed Mar 18 18:37:40 IST 2026, 93 W
Wed Mar 18 18:37:40 IST 2026, 93 W
Wed Mar 18 18:37:40 IST 2026, 96 W
Wed Mar 18 18:37:40 IST 2026, 92 W
Wed Mar 18 18:37:41 IST 2026, 99 W
Wed Mar 18 18:37:41 IST 2026, 88 W
Wed Mar 18 18:37:41 IST 2026, 94 W
Wed Mar 18 18:37:41 IST 2026, 94 W
Wed Mar 18 18:37:42 IST 2026, 96 W
Wed Mar 18 18:37:42 IST 2026, 87 W
Wed Mar 18 18:37:42 IST 2026, 92 W
Wed Mar 18 18:37:42 IST 2026, 90 W
Wed Mar 18 18:37:43 IST 2026, 101 W
Wed Mar 18 18:37:43 IST 2026, 89 W
Wed Mar 18 18:37:43 IST 2026, 88 W
Wed Mar 18 18:37:43 IST 2026, 89 W
Wed Mar 18 18:37:44 IST 2026, 101 W
Wed Mar 18 18:37:44 IST 2026, 85 W
Wed Mar 18 18:37:44 IST 2026, 97 W
Wed Mar 18 18:37:44 IST 2026, 95 W
Wed Mar 18 18:37:45 IST 2026, 97 W
Wed Mar 18 18:37:45 IST 2026, 93 W
Wed Mar 18 18:37:45 IST 2026, 93 W
Wed Mar 18 18:37:45 IST 2026, 91 W
Wed Mar 18 18:37:46 IST 2026, 97 W
Wed Mar 18 18:37:46 IST 2026, 91 W
Wed Mar 18 18:37:46 IST 2026, 93 W
Wed Mar 18 18:37:46 IST 2026, 91 W
Wed Mar 18 18:37:47 IST 2026, 102 W
Wed Mar 18 18:37:47 IST 2026, 92 W
Wed Mar 18 18:37:47 IST 2026, 94 W
Wed Mar 18 18:37:47 IST 2026, 90 W
Wed Mar 18 18:37:48 IST 2026, 102 W
Wed Mar 18 18:37:48 IST 2026, 90 W
Wed Mar 18 18:37:48 IST 2026, 94 W
Wed Mar 18 18:37:48 IST 2026, 91 W
Wed Mar 18 18:37:49 IST 2026, 93 W
Wed Mar 18 18:37:49 IST 2026, 87 W
Wed Mar 18 18:37:49 IST 2026, 92 W
Wed Mar 18 18:37:49 IST 2026, 90 W
Wed Mar 18 18:37:50 IST 2026, 98 W
Wed Mar 18 18:37:50 IST 2026, 88 W
Wed Mar 18 18:37:50 IST 2026, 94 W
Wed Mar 18 18:37:50 IST 2026, 88 W
Wed Mar 18 18:37:51 IST 2026, 95 W
Wed Mar 18 18:37:51 IST 2026, 96 W
Wed Mar 18 18:37:51 IST 2026, 91 W
Wed Mar 18 18:37:51 IST 2026, 89 W
Wed Mar 18 18:37:52 IST 2026, 100 W
Wed Mar 18 18:37:52 IST 2026, 93 W
Wed Mar 18 18:37:52 IST 2026, 98 W
Wed Mar 18 18:37:52 IST 2026, 97 W
Wed Mar 18 18:37:53 IST 2026, 100 W
Wed Mar 18 18:37:53 IST 2026, 89 W
Wed Mar 18 18:37:53 IST 2026, 89 W
Wed Mar 18 18:37:53 IST 2026, 97 W
Wed Mar 18 18:37:54 IST 2026, 97 W
Wed Mar 18 18:37:54 IST 2026, 92 W
Wed Mar 18 18:37:54 IST 2026, 89 W
Wed Mar 18 18:37:54 IST 2026, 93 W
Wed Mar 18 18:37:55 IST 2026, 103 W
Wed Mar 18 18:37:55 IST 2026, 86 W
Wed Mar 18 18:37:55 IST 2026, 94 W
Wed Mar 18 18:37:55 IST 2026, 98 W
Wed Mar 18 18:37:56 IST 2026, 101 W
Wed Mar 18 18:37:56 IST 2026, 94 W
Wed Mar 18 18:37:56 IST 2026, 89 W
Wed Mar 18 18:37:56 IST 2026, 91 W
Wed Mar 18 18:37:57 IST 2026, 97 W
Wed Mar 18 18:37:57 IST 2026, 90 W
Wed Mar 18 18:37:57 IST 2026, 91 W
Wed Mar 18 18:37:57 IST 2026, 91 W
Wed Mar 18 18:37:58 IST 2026, 96 W
Wed Mar 18 18:37:58 IST 2026, 97 W
Wed Mar 18 18:37:58 IST 2026, 87 W
Wed Mar 18 18:37:58 IST 2026, 90 W
Wed Mar 18 18:37:59 IST 2026, 94 W
Wed Mar 18 18:37:59 IST 2026, 93 W
Wed Mar 18 18:37:59 IST 2026, 91 W
Wed Mar 18 18:37:59 IST 2026, 94 W
Wed Mar 18 18:38:00 IST 2026, 100 W
Wed Mar 18 18:38:00 IST 2026, 94 W
Wed Mar 18 18:38:00 IST 2026, 88 W
Wed Mar 18 18:38:00 IST 2026, 92 W
Wed Mar 18 18:38:01 IST 2026, 101 W
Wed Mar 18 18:38:01 IST 2026, 88 W
Wed Mar 18 18:38:01 IST 2026, 91 W
Wed Mar 18 18:38:01 IST 2026, 89 W
Wed Mar 18 18:38:02 IST 2026, 100 W
Wed Mar 18 18:38:02 IST 2026, 90 W
Wed Mar 18 18:38:02 IST 2026, 97 W
Wed Mar 18 18:38:02 IST 2026, 91 W
Wed Mar 18 18:38:03 IST 2026, 92 W
Wed Mar 18 18:38:03 IST 2026, 86 W
Wed Mar 18 18:38:03 IST 2026, 89 W
Wed Mar 18 18:38:03 IST 2026, 87 W
Wed Mar 18 18:38:04 IST 2026, 97 W
Wed Mar 18 18:38:04 IST 2026, 87 W
Wed Mar 18 18:38:04 IST 2026, 92 W
Wed Mar 18 18:38:04 IST 2026, 94 W
Wed Mar 18 18:38:05 IST 2026, 101 W
Wed Mar 18 18:38:05 IST 2026, 88 W
Wed Mar 18 18:38:05 IST 2026, 89 W
Wed Mar 18 18:38:05 IST 2026, 93 W
Wed Mar 18 18:38:06 IST 2026, 93 W
Wed Mar 18 18:38:06 IST 2026, 98 W
Wed Mar 18 18:38:06 IST 2026, 91 W
Wed Mar 18 18:38:06 IST 2026, 89 W
Wed Mar 18 18:38:07 IST 2026, 95 W
Wed Mar 18 18:38:07 IST 2026, 87 W
Wed Mar 18 18:38:07 IST 2026, 99 W
Wed Mar 18 18:38:07 IST 2026, 97 W
Wed Mar 18 18:38:08 IST 2026, 99 W
Wed Mar 18 18:38:08 IST 2026, 92 W
Wed Mar 18 18:38:08 IST 2026, 95 W
Wed Mar 18 18:38:08 IST 2026, 90 W
Wed Mar 18 18:38:09 IST 2026, 99 W
Wed Mar 18 18:38:09 IST 2026, 96 W
Wed Mar 18 18:38:09 IST 2026, 92 W
Wed Mar 18 18:38:09 IST 2026, 94 W
Wed Mar 18 18:38:10 IST 2026, 99 W
Wed Mar 18 18:38:10 IST 2026, 90 W
Wed Mar 18 18:38:10 IST 2026, 93 W
Wed Mar 18 18:38:10 IST 2026, 96 W
Wed Mar 18 18:38:11 IST 2026, 100 W
Wed Mar 18 18:38:11 IST 2026, 92 W
Wed Mar 18 18:38:11 IST 2026, 93 W
Wed Mar 18 18:38:11 IST 2026, 88 W
Wed Mar 18 18:38:12 IST 2026, 102 W
Wed Mar 18 18:38:12 IST 2026, 93 W
Wed Mar 18 18:38:12 IST 2026, 90 W
Wed Mar 18 18:38:12 IST 2026, 91 W
Wed Mar 18 18:38:13 IST 2026, 99 W
Wed Mar 18 18:38:13 IST 2026, 90 W
Wed Mar 18 18:38:13 IST 2026, 88 W
Wed Mar 18 18:38:13 IST 2026, 90 W
Wed Mar 18 18:38:14 IST 2026, 95 W
Wed Mar 18 18:38:14 IST 2026, 93 W
Wed Mar 18 18:38:14 IST 2026, 94 W
Wed Mar 18 18:38:14 IST 2026, 92 W
Wed Mar 18 18:38:15 IST 2026, 99 W
Wed Mar 18 18:38:15 IST 2026, 92 W
Wed Mar 18 18:38:15 IST 2026, 91 W
Wed Mar 18 18:38:15 IST 2026, 95 W
Wed Mar 18 18:38:16 IST 2026, 97 W
Wed Mar 18 18:38:16 IST 2026, 89 W
Wed Mar 18 18:38:16 IST 2026, 91 W
Wed Mar 18 18:38:16 IST 2026, 91 W
Wed Mar 18 18:38:17 IST 2026, 97 W
Wed Mar 18 18:38:17 IST 2026, 92 W
Wed Mar 18 18:38:17 IST 2026, 97 W
Wed Mar 18 18:38:17 IST 2026, 92 W
Wed Mar 18 18:38:18 IST 2026, 101 W
Wed Mar 18 18:38:18 IST 2026, 90 W
Wed Mar 18 18:38:18 IST 2026, 89 W
Wed Mar 18 18:38:18 IST 2026, 91 W
Wed Mar 18 18:38:19 IST 2026, 94 W
Wed Mar 18 18:38:19 IST 2026, 92 W
Wed Mar 18 18:38:19 IST 2026, 95 W
Wed Mar 18 18:38:19 IST 2026, 90 W
Wed Mar 18 18:38:20 IST 2026, 104 W
Wed Mar 18 18:38:20 IST 2026, 93 W
Wed Mar 18 18:38:20 IST 2026, 90 W
Wed Mar 18 18:38:20 IST 2026, 95 W
Wed Mar 18 18:38:21 IST 2026, 98 W
Wed Mar 18 18:38:21 IST 2026, 98 W
Wed Mar 18 18:38:21 IST 2026, 93 W
Wed Mar 18 18:38:21 IST 2026, 92 W
Wed Mar 18 18:38:22 IST 2026, 99 W
Wed Mar 18 18:38:22 IST 2026, 91 W
Wed Mar 18 18:38:22 IST 2026, 90 W
Wed Mar 18 18:38:22 IST 2026, 98 W
Wed Mar 18 18:38:23 IST 2026, 96 W
Wed Mar 18 18:38:23 IST 2026, 90 W
Wed Mar 18 18:38:23 IST 2026, 97 W
Wed Mar 18 18:38:23 IST 2026, 88 W
Wed Mar 18 18:38:24 IST 2026, 94 W
Wed Mar 18 18:38:24 IST 2026, 93 W
Wed Mar 18 18:38:24 IST 2026, 92 W
Wed Mar 18 18:38:24 IST 2026, 94 W
Wed Mar 18 18:38:25 IST 2026, 103 W
Wed Mar 18 18:38:25 IST 2026, 92 W
Wed Mar 18 18:38:25 IST 2026, 91 W
Wed Mar 18 18:38:25 IST 2026, 94 W
Wed Mar 18 18:38:26 IST 2026, 94 W
Wed Mar 18 18:38:26 IST 2026, 90 W
Wed Mar 18 18:38:26 IST 2026, 95 W
Wed Mar 18 18:38:26 IST 2026, 90 W
Wed Mar 18 18:38:27 IST 2026, 101 W
Wed Mar 18 18:38:27 IST 2026, 94 W
Wed Mar 18 18:38:27 IST 2026, 88 W
Wed Mar 18 18:38:27 IST 2026, 92 W
Wed Mar 18 18:38:28 IST 2026, 98 W
Wed Mar 18 18:38:28 IST 2026, 91 W
Wed Mar 18 18:38:28 IST 2026, 88 W
Wed Mar 18 18:38:28 IST 2026, 92 W
Wed Mar 18 18:38:29 IST 2026, 96 W
Wed Mar 18 18:38:29 IST 2026, 97 W
Wed Mar 18 18:38:29 IST 2026, 89 W
Wed Mar 18 18:38:29 IST 2026, 94 W
Wed Mar 18 18:38:30 IST 2026, 93 W
Wed Mar 18 18:38:30 IST 2026, 91 W
Wed Mar 18 18:38:30 IST 2026, 90 W
Wed Mar 18 18:38:30 IST 2026, 90 W
Wed Mar 18 18:38:31 IST 2026, 98 W
Wed Mar 18 18:38:31 IST 2026, 90 W
Wed Mar 18 18:38:31 IST 2026, 88 W
Wed Mar 18 18:38:31 IST 2026, 90 W
Wed Mar 18 18:38:32 IST 2026, 97 W
Wed Mar 18 18:38:32 IST 2026, 98 W
Wed Mar 18 18:38:32 IST 2026, 90 W
Wed Mar 18 18:38:32 IST 2026, 96 W
Wed Mar 18 18:38:33 IST 2026, 95 W
Wed Mar 18 18:38:33 IST 2026, 90 W
Wed Mar 18 18:38:33 IST 2026, 85 W
Wed Mar 18 18:38:33 IST 2026, 92 W
Wed Mar 18 18:38:34 IST 2026, 96 W
Wed Mar 18 18:38:34 IST 2026, 96 W
Wed Mar 18 18:38:34 IST 2026, 94 W
Wed Mar 18 18:38:34 IST 2026, 92 W
Wed Mar 18 18:38:35 IST 2026, 99 W
Wed Mar 18 18:38:35 IST 2026, 92 W
Wed Mar 18 18:38:35 IST 2026, 92 W
Wed Mar 18 18:38:35 IST 2026, 87 W
Wed Mar 18 18:38:36 IST 2026, 97 W
Wed Mar 18 18:38:36 IST 2026, 91 W
Wed Mar 18 18:38:36 IST 2026, 88 W
Wed Mar 18 18:38:36 IST 2026, 97 W
Wed Mar 18 18:38:37 IST 2026, 98 W
Wed Mar 18 18:38:37 IST 2026, 95 W
Wed Mar 18 18:38:37 IST 2026, 89 W
Wed Mar 18 18:38:37 IST 2026, 90 W
Wed Mar 18 18:38:38 IST 2026, 98 W
Wed Mar 18 18:38:38 IST 2026, 90 W
Wed Mar 18 18:38:38 IST 2026, 88 W
Wed Mar 18 18:38:38 IST 2026, 89 W
Wed Mar 18 18:38:39 IST 2026, 94 W
Wed Mar 18 18:38:39 IST 2026, 92 W
Wed Mar 18 18:38:39 IST 2026, 90 W
Wed Mar 18 18:38:39 IST 2026, 89 W
Wed Mar 18 18:38:40 IST 2026, 101 W
Wed Mar 18 18:38:40 IST 2026, 93 W
Wed Mar 18 18:38:40 IST 2026, 95 W
Wed Mar 18 18:38:40 IST 2026, 89 W
Wed Mar 18 18:38:41 IST 2026, 94 W
Wed Mar 18 18:38:41 IST 2026, 90 W
Wed Mar 18 18:38:41 IST 2026, 93 W
Wed Mar 18 18:38:41 IST 2026, 92 W
Wed Mar 18 18:38:42 IST 2026, 92 W
Wed Mar 18 18:38:42 IST 2026, 88 W
Wed Mar 18 18:38:42 IST 2026, 97 W
Wed Mar 18 18:38:42 IST 2026, 94 W
Wed Mar 18 18:38:43 IST 2026, 100 W
Wed Mar 18 18:38:43 IST 2026, 94 W
Wed Mar 18 18:38:43 IST 2026, 93 W
Wed Mar 18 18:38:43 IST 2026, 93 W
Wed Mar 18 18:38:44 IST 2026, 94 W
Wed Mar 18 18:38:44 IST 2026, 94 W
Wed Mar 18 18:38:44 IST 2026, 93 W
Wed Mar 18 18:38:44 IST 2026, 96 W
Wed Mar 18 18:38:45 IST 2026, 94 W
Wed Mar 18 18:38:45 IST 2026, 90 W
Wed Mar 18 18:38:45 IST 2026, 90 W
Wed Mar 18 18:38:45 IST 2026, 96 W
Wed Mar 18 18:38:46 IST 2026, 94 W
Wed Mar 18 18:38:46 IST 2026, 99 W
Wed Mar 18 18:38:46 IST 2026, 88 W
Wed Mar 18 18:38:46 IST 2026, 97 W
Wed Mar 18 18:38:47 IST 2026, 96 W
Wed Mar 18 18:38:47 IST 2026, 91 W
Wed Mar 18 18:38:47 IST 2026, 90 W
Wed Mar 18 18:38:47 IST 2026, 91 W
Wed Mar 18 18:38:48 IST 2026, 93 W
Wed Mar 18 18:38:48 IST 2026, 92 W
Wed Mar 18 18:38:48 IST 2026, 89 W
Wed Mar 18 18:38:48 IST 2026, 91 W
Wed Mar 18 18:38:49 IST 2026, 99 W
Wed Mar 18 18:38:49 IST 2026, 91 W
Wed Mar 18 18:38:49 IST 2026, 91 W
Wed Mar 18 18:38:49 IST 2026, 93 W
Wed Mar 18 18:38:50 IST 2026, 94 W
Wed Mar 18 18:38:50 IST 2026, 92 W
Wed Mar 18 18:38:50 IST 2026, 94 W
Wed Mar 18 18:38:50 IST 2026, 94 W
Wed Mar 18 18:38:51 IST 2026, 95 W
Wed Mar 18 18:38:51 IST 2026, 88 W
Wed Mar 18 18:38:51 IST 2026, 90 W
Wed Mar 18 18:38:51 IST 2026, 89 W
Wed Mar 18 18:38:52 IST 2026, 102 W
Wed Mar 18 18:38:52 IST 2026, 90 W
Wed Mar 18 18:38:52 IST 2026, 85 W
Wed Mar 18 18:38:52 IST 2026, 93 W
Wed Mar 18 18:38:53 IST 2026, 102 W
Wed Mar 18 18:38:53 IST 2026, 94 W
Wed Mar 18 18:38:53 IST 2026, 90 W
Wed Mar 18 18:38:53 IST 2026, 95 W
Wed Mar 18 18:38:54 IST 2026, 101 W
Wed Mar 18 18:38:54 IST 2026, 91 W
Wed Mar 18 18:38:54 IST 2026, 86 W
Wed Mar 18 18:38:54 IST 2026, 89 W
Wed Mar 18 18:38:55 IST 2026, 96 W
Wed Mar 18 18:38:55 IST 2026, 88 W
Wed Mar 18 18:38:55 IST 2026, 93 W
Wed Mar 18 18:38:55 IST 2026, 98 W
Wed Mar 18 18:38:56 IST 2026, 96 W
Wed Mar 18 18:38:56 IST 2026, 87 W
Wed Mar 18 18:38:56 IST 2026, 89 W
Wed Mar 18 18:38:56 IST 2026, 90 W
Wed Mar 18 18:38:57 IST 2026, 96 W
Wed Mar 18 18:38:57 IST 2026, 86 W
Wed Mar 18 18:38:57 IST 2026, 90 W
Wed Mar 18 18:38:57 IST 2026, 86 W
Wed Mar 18 18:38:58 IST 2026, 98 W
Wed Mar 18 18:38:58 IST 2026, 92 W
Wed Mar 18 18:38:58 IST 2026, 88 W
Wed Mar 18 18:38:58 IST 2026, 94 W
Wed Mar 18 18:38:59 IST 2026, 100 W
Wed Mar 18 18:38:59 IST 2026, 94 W
Wed Mar 18 18:38:59 IST 2026, 92 W
Wed Mar 18 18:38:59 IST 2026, 96 W
Wed Mar 18 18:39:00 IST 2026, 100 W
Wed Mar 18 18:39:00 IST 2026, 90 W
Wed Mar 18 18:39:00 IST 2026, 92 W
Wed Mar 18 18:39:00 IST 2026, 92 W
Wed Mar 18 18:39:02 IST 2026, 95 W
Wed Mar 18 18:39:02 IST 2026, 87 W
Wed Mar 18 18:39:02 IST 2026, 92 W
Wed Mar 18 18:39:02 IST 2026, 93 W
Wed Mar 18 18:39:02 IST 2026, 94 W
Wed Mar 18 18:39:02 IST 2026, 97 W
Wed Mar 18 18:39:02 IST 2026, 87 W
Wed Mar 18 18:39:02 IST 2026, 90 W
Wed Mar 18 18:39:03 IST 2026, 101 W
Wed Mar 18 18:39:03 IST 2026, 92 W
Wed Mar 18 18:39:03 IST 2026, 89 W
Wed Mar 18 18:39:03 IST 2026, 89 W
Wed Mar 18 18:39:04 IST 2026, 97 W
Wed Mar 18 18:39:04 IST 2026, 90 W
Wed Mar 18 18:39:04 IST 2026, 89 W
Wed Mar 18 18:39:04 IST 2026, 94 W
Wed Mar 18 18:39:05 IST 2026, 97 W
Wed Mar 18 18:39:05 IST 2026, 93 W
Wed Mar 18 18:39:05 IST 2026, 88 W
Wed Mar 18 18:39:05 IST 2026, 96 W
Wed Mar 18 18:39:06 IST 2026, 94 W
Wed Mar 18 18:39:06 IST 2026, 96 W
Wed Mar 18 18:39:06 IST 2026, 93 W
Wed Mar 18 18:39:06 IST 2026, 92 W
Wed Mar 18 18:39:07 IST 2026, 97 W
Wed Mar 18 18:39:07 IST 2026, 89 W
Wed Mar 18 18:39:07 IST 2026, 90 W
Wed Mar 18 18:39:07 IST 2026, 88 W
Wed Mar 18 18:39:08 IST 2026, 94 W
Wed Mar 18 18:39:08 IST 2026, 92 W
Wed Mar 18 18:39:08 IST 2026, 90 W
Wed Mar 18 18:39:08 IST 2026, 89 W
Wed Mar 18 18:39:09 IST 2026, 102 W
Wed Mar 18 18:39:09 IST 2026, 92 W
Wed Mar 18 18:39:09 IST 2026, 90 W
Wed Mar 18 18:39:09 IST 2026, 89 W
Wed Mar 18 18:39:10 IST 2026, 93 W
Wed Mar 18 18:39:10 IST 2026, 91 W
Wed Mar 18 18:39:10 IST 2026, 87 W
Wed Mar 18 18:39:10 IST 2026, 99 W
Wed Mar 18 18:39:11 IST 2026, 98 W
Wed Mar 18 18:39:11 IST 2026, 96 W
Wed Mar 18 18:39:11 IST 2026, 94 W
Wed Mar 18 18:39:11 IST 2026, 89 W
Wed Mar 18 18:39:12 IST 2026, 100 W
Wed Mar 18 18:39:12 IST 2026, 96 W
Wed Mar 18 18:39:12 IST 2026, 90 W
Wed Mar 18 18:39:12 IST 2026, 93 W
Wed Mar 18 18:39:13 IST 2026, 95 W
Wed Mar 18 18:39:13 IST 2026, 93 W
Wed Mar 18 18:39:13 IST 2026, 88 W
Wed Mar 18 18:39:13 IST 2026, 88 W
Wed Mar 18 18:39:14 IST 2026, 100 W
Wed Mar 18 18:39:14 IST 2026, 98 W
Wed Mar 18 18:39:14 IST 2026, 87 W
Wed Mar 18 18:39:14 IST 2026, 88 W
Wed Mar 18 18:39:15 IST 2026, 96 W
Wed Mar 18 18:39:15 IST 2026, 87 W
Wed Mar 18 18:39:15 IST 2026, 93 W
Wed Mar 18 18:39:15 IST 2026, 91 W
Wed Mar 18 18:39:16 IST 2026, 95 W
Wed Mar 18 18:39:16 IST 2026, 90 W
Wed Mar 18 18:39:16 IST 2026, 97 W
Wed Mar 18 18:39:16 IST 2026, 86 W
Wed Mar 18 18:39:17 IST 2026, 100 W
Wed Mar 18 18:39:17 IST 2026, 91 W
Wed Mar 18 18:39:17 IST 2026, 94 W
Wed Mar 18 18:39:17 IST 2026, 87 W
Wed Mar 18 18:39:18 IST 2026, 93 W
Wed Mar 18 18:39:18 IST 2026, 92 W
Wed Mar 18 18:39:18 IST 2026, 85 W
Wed Mar 18 18:39:18 IST 2026, 93 W
Wed Mar 18 18:39:19 IST 2026, 98 W
Wed Mar 18 18:39:19 IST 2026, 90 W
Wed Mar 18 18:39:19 IST 2026, 93 W
Wed Mar 18 18:39:19 IST 2026, 89 W
Wed Mar 18 18:39:20 IST 2026, 103 W
Wed Mar 18 18:39:20 IST 2026, 93 W
Wed Mar 18 18:39:20 IST 2026, 97 W
Wed Mar 18 18:39:20 IST 2026, 91 W
Wed Mar 18 18:39:21 IST 2026, 102 W
Wed Mar 18 18:39:21 IST 2026, 88 W
Wed Mar 18 18:39:21 IST 2026, 97 W
Wed Mar 18 18:39:21 IST 2026, 90 W
Wed Mar 18 18:39:22 IST 2026, 94 W
Wed Mar 18 18:39:22 IST 2026, 90 W
Wed Mar 18 18:39:22 IST 2026, 93 W
Wed Mar 18 18:39:22 IST 2026, 94 W
Wed Mar 18 18:39:23 IST 2026, 93 W
Wed Mar 18 18:39:23 IST 2026, 96 W
Wed Mar 18 18:39:23 IST 2026, 88 W
Wed Mar 18 18:39:23 IST 2026, 90 W
Wed Mar 18 18:39:24 IST 2026, 96 W
Wed Mar 18 18:39:24 IST 2026, 95 W
Wed Mar 18 18:39:24 IST 2026, 87 W
Wed Mar 18 18:39:24 IST 2026, 93 W
Wed Mar 18 18:39:25 IST 2026, 95 W
Wed Mar 18 18:39:25 IST 2026, 89 W
Wed Mar 18 18:39:25 IST 2026, 87 W
Wed Mar 18 18:39:25 IST 2026, 96 W
Wed Mar 18 18:39:26 IST 2026, 96 W
Wed Mar 18 18:39:26 IST 2026, 93 W
Wed Mar 18 18:39:26 IST 2026, 91 W
Wed Mar 18 18:39:26 IST 2026, 89 W
Wed Mar 18 18:39:27 IST 2026, 101 W
Wed Mar 18 18:39:27 IST 2026, 94 W
Wed Mar 18 18:39:27 IST 2026, 89 W
Wed Mar 18 18:39:27 IST 2026, 98 W
Wed Mar 18 18:39:28 IST 2026, 102 W
Wed Mar 18 18:39:28 IST 2026, 93 W
Wed Mar 18 18:39:28 IST 2026, 91 W
Wed Mar 18 18:39:28 IST 2026, 87 W
Wed Mar 18 18:39:29 IST 2026, 99 W
Wed Mar 18 18:39:29 IST 2026, 93 W
Wed Mar 18 18:39:29 IST 2026, 92 W
Wed Mar 18 18:39:29 IST 2026, 91 W
Wed Mar 18 18:39:30 IST 2026, 103 W
Wed Mar 18 18:39:30 IST 2026, 91 W
Wed Mar 18 18:39:30 IST 2026, 95 W
Wed Mar 18 18:39:30 IST 2026, 90 W
Wed Mar 18 18:39:31 IST 2026, 101 W
Wed Mar 18 18:39:31 IST 2026, 93 W
Wed Mar 18 18:39:31 IST 2026, 87 W
Wed Mar 18 18:39:31 IST 2026, 89 W
Wed Mar 18 18:39:32 IST 2026, 96 W
Wed Mar 18 18:39:32 IST 2026, 91 W
Wed Mar 18 18:39:32 IST 2026, 88 W
Wed Mar 18 18:39:32 IST 2026, 88 W
Wed Mar 18 18:39:33 IST 2026, 94 W
Wed Mar 18 18:39:33 IST 2026, 97 W
Wed Mar 18 18:39:33 IST 2026, 92 W
Wed Mar 18 18:39:33 IST 2026, 91 W
Wed Mar 18 18:39:34 IST 2026, 94 W
Wed Mar 18 18:39:34 IST 2026, 88 W
Wed Mar 18 18:39:34 IST 2026, 93 W
Wed Mar 18 18:39:34 IST 2026, 86 W
Wed Mar 18 18:39:35 IST 2026, 93 W
Wed Mar 18 18:39:35 IST 2026, 87 W
Wed Mar 18 18:39:35 IST 2026, 90 W
Wed Mar 18 18:39:35 IST 2026, 86 W
Wed Mar 18 18:39:36 IST 2026, 92 W
Wed Mar 18 18:39:36 IST 2026, 89 W
Wed Mar 18 18:39:36 IST 2026, 96 W
Wed Mar 18 18:39:36 IST 2026, 94 W
Wed Mar 18 18:39:37 IST 2026, 97 W
Wed Mar 18 18:39:37 IST 2026, 89 W
Wed Mar 18 18:39:37 IST 2026, 86 W
Wed Mar 18 18:39:37 IST 2026, 86 W
Wed Mar 18 18:39:38 IST 2026, 96 W
Wed Mar 18 18:39:38 IST 2026, 90 W
Wed Mar 18 18:39:38 IST 2026, 91 W
Wed Mar 18 18:39:38 IST 2026, 91 W
Wed Mar 18 18:39:39 IST 2026, 97 W
Wed Mar 18 18:39:39 IST 2026, 93 W
Wed Mar 18 18:39:39 IST 2026, 90 W
Wed Mar 18 18:39:39 IST 2026, 90 W
Wed Mar 18 18:39:40 IST 2026, 97 W
Wed Mar 18 18:39:40 IST 2026, 91 W
Wed Mar 18 18:39:40 IST 2026, 94 W
Wed Mar 18 18:39:40 IST 2026, 98 W
Wed Mar 18 18:39:41 IST 2026, 97 W
Wed Mar 18 18:39:41 IST 2026, 90 W
Wed Mar 18 18:39:41 IST 2026, 94 W
Wed Mar 18 18:39:41 IST 2026, 88 W
Wed Mar 18 18:39:42 IST 2026, 100 W
Wed Mar 18 18:39:42 IST 2026, 89 W
Wed Mar 18 18:39:42 IST 2026, 90 W
Wed Mar 18 18:39:42 IST 2026, 90 W
Wed Mar 18 18:39:43 IST 2026, 101 W
Wed Mar 18 18:39:43 IST 2026, 89 W
Wed Mar 18 18:39:43 IST 2026, 89 W
Wed Mar 18 18:39:43 IST 2026, 92 W
Wed Mar 18 18:39:45 IST 2026, 97 W
Wed Mar 18 18:39:45 IST 2026, 87 W
Wed Mar 18 18:39:45 IST 2026, 91 W
Wed Mar 18 18:39:45 IST 2026, 96 W
Wed Mar 18 18:39:46 IST 2026, 99 W
Wed Mar 18 18:39:46 IST 2026, 91 W
Wed Mar 18 18:39:46 IST 2026, 86 W
Wed Mar 18 18:39:46 IST 2026, 93 W
Wed Mar 18 18:39:46 IST 2026, 98 W
Wed Mar 18 18:39:46 IST 2026, 90 W
Wed Mar 18 18:39:46 IST 2026, 94 W
Wed Mar 18 18:39:46 IST 2026, 92 W
Wed Mar 18 18:39:47 IST 2026, 98 W
Wed Mar 18 18:39:47 IST 2026, 92 W
Wed Mar 18 18:39:47 IST 2026, 90 W
Wed Mar 18 18:39:47 IST 2026, 94 W
Wed Mar 18 18:39:48 IST 2026, 94 W
Wed Mar 18 18:39:48 IST 2026, 97 W
Wed Mar 18 18:39:48 IST 2026, 98 W
Wed Mar 18 18:39:48 IST 2026, 94 W
Wed Mar 18 18:39:49 IST 2026, 98 W
Wed Mar 18 18:39:49 IST 2026, 95 W
Wed Mar 18 18:39:49 IST 2026, 87 W
Wed Mar 18 18:39:49 IST 2026, 91 W
Wed Mar 18 18:39:50 IST 2026, 99 W
Wed Mar 18 18:39:50 IST 2026, 90 W
Wed Mar 18 18:39:50 IST 2026, 95 W
Wed Mar 18 18:39:50 IST 2026, 85 W
Wed Mar 18 18:39:51 IST 2026, 99 W
Wed Mar 18 18:39:51 IST 2026, 92 W
Wed Mar 18 18:39:51 IST 2026, 87 W
Wed Mar 18 18:39:51 IST 2026, 90 W
Wed Mar 18 18:39:52 IST 2026, 93 W
Wed Mar 18 18:39:52 IST 2026, 93 W
Wed Mar 18 18:39:52 IST 2026, 90 W
Wed Mar 18 18:39:52 IST 2026, 87 W
Wed Mar 18 18:39:53 IST 2026, 96 W
Wed Mar 18 18:39:53 IST 2026, 88 W
Wed Mar 18 18:39:53 IST 2026, 88 W
Wed Mar 18 18:39:53 IST 2026, 93 W
Wed Mar 18 18:39:54 IST 2026, 99 W
Wed Mar 18 18:39:54 IST 2026, 98 W
Wed Mar 18 18:39:54 IST 2026, 90 W
Wed Mar 18 18:39:54 IST 2026, 94 W
Wed Mar 18 18:39:55 IST 2026, 94 W
Wed Mar 18 18:39:55 IST 2026, 94 W
Wed Mar 18 18:39:55 IST 2026, 92 W
Wed Mar 18 18:39:55 IST 2026, 88 W
Wed Mar 18 18:39:56 IST 2026, 102 W
Wed Mar 18 18:39:56 IST 2026, 91 W
Wed Mar 18 18:39:56 IST 2026, 88 W
Wed Mar 18 18:39:56 IST 2026, 91 W
Wed Mar 18 18:39:57 IST 2026, 98 W
Wed Mar 18 18:39:57 IST 2026, 86 W
Wed Mar 18 18:39:57 IST 2026, 87 W
Wed Mar 18 18:39:57 IST 2026, 87 W
Wed Mar 18 18:39:58 IST 2026, 99 W
Wed Mar 18 18:39:58 IST 2026, 87 W
Wed Mar 18 18:39:58 IST 2026, 90 W
Wed Mar 18 18:39:58 IST 2026, 88 W
Wed Mar 18 18:39:59 IST 2026, 100 W
Wed Mar 18 18:39:59 IST 2026, 89 W
Wed Mar 18 18:39:59 IST 2026, 94 W
Wed Mar 18 18:39:59 IST 2026, 93 W
Wed Mar 18 18:40:00 IST 2026, 98 W
Wed Mar 18 18:40:00 IST 2026, 91 W
Wed Mar 18 18:40:00 IST 2026, 86 W
Wed Mar 18 18:40:00 IST 2026, 93 W
Wed Mar 18 18:40:01 IST 2026, 102 W
Wed Mar 18 18:40:01 IST 2026, 94 W
Wed Mar 18 18:40:01 IST 2026, 91 W
Wed Mar 18 18:40:01 IST 2026, 85 W
Wed Mar 18 18:40:02 IST 2026, 95 W
Wed Mar 18 18:40:02 IST 2026, 91 W
Wed Mar 18 18:40:02 IST 2026, 91 W
Wed Mar 18 18:40:02 IST 2026, 89 W
Wed Mar 18 18:40:03 IST 2026, 96 W
Wed Mar 18 18:40:03 IST 2026, 97 W
Wed Mar 18 18:40:03 IST 2026, 92 W
Wed Mar 18 18:40:03 IST 2026, 89 W
Wed Mar 18 18:40:04 IST 2026, 100 W
Wed Mar 18 18:40:04 IST 2026, 96 W
Wed Mar 18 18:40:04 IST 2026, 91 W
Wed Mar 18 18:40:04 IST 2026, 94 W
Wed Mar 18 18:40:05 IST 2026, 95 W
Wed Mar 18 18:40:05 IST 2026, 91 W
Wed Mar 18 18:40:05 IST 2026, 86 W
Wed Mar 18 18:40:05 IST 2026, 89 W
Wed Mar 18 18:40:06 IST 2026, 100 W
Wed Mar 18 18:40:06 IST 2026, 96 W
Wed Mar 18 18:40:06 IST 2026, 93 W
Wed Mar 18 18:40:06 IST 2026, 93 W
Wed Mar 18 18:40:07 IST 2026, 97 W
Wed Mar 18 18:40:07 IST 2026, 87 W
Wed Mar 18 18:40:07 IST 2026, 88 W
Wed Mar 18 18:40:07 IST 2026, 92 W
Wed Mar 18 18:40:08 IST 2026, 97 W
Wed Mar 18 18:40:08 IST 2026, 93 W
Wed Mar 18 18:40:08 IST 2026, 93 W
Wed Mar 18 18:40:08 IST 2026, 91 W
Wed Mar 18 18:40:09 IST 2026, 96 W
Wed Mar 18 18:40:09 IST 2026, 92 W
Wed Mar 18 18:40:09 IST 2026, 92 W
Wed Mar 18 18:40:09 IST 2026, 91 W
Wed Mar 18 18:40:10 IST 2026, 96 W
Wed Mar 18 18:40:10 IST 2026, 94 W
Wed Mar 18 18:40:10 IST 2026, 90 W
Wed Mar 18 18:40:10 IST 2026, 88 W
Wed Mar 18 18:40:11 IST 2026, 97 W
Wed Mar 18 18:40:11 IST 2026, 93 W
Wed Mar 18 18:40:11 IST 2026, 91 W
Wed Mar 18 18:40:11 IST 2026, 94 W
Wed Mar 18 18:40:12 IST 2026, 93 W
Wed Mar 18 18:40:12 IST 2026, 94 W
Wed Mar 18 18:40:12 IST 2026, 87 W
Wed Mar 18 18:40:12 IST 2026, 86 W
Wed Mar 18 18:40:13 IST 2026, 98 W
Wed Mar 18 18:40:13 IST 2026, 94 W
Wed Mar 18 18:40:13 IST 2026, 91 W
Wed Mar 18 18:40:13 IST 2026, 96 W
Wed Mar 18 18:40:14 IST 2026, 101 W
Wed Mar 18 18:40:14 IST 2026, 93 W
Wed Mar 18 18:40:14 IST 2026, 87 W
Wed Mar 18 18:40:14 IST 2026, 94 W
Wed Mar 18 18:40:15 IST 2026, 100 W
Wed Mar 18 18:40:15 IST 2026, 89 W
Wed Mar 18 18:40:15 IST 2026, 92 W
Wed Mar 18 18:40:15 IST 2026, 85 W
Wed Mar 18 18:40:16 IST 2026, 95 W
Wed Mar 18 18:40:16 IST 2026, 85 W
Wed Mar 18 18:40:16 IST 2026, 88 W
Wed Mar 18 18:40:16 IST 2026, 92 W
Wed Mar 18 18:40:17 IST 2026, 99 W
Wed Mar 18 18:40:17 IST 2026, 89 W
Wed Mar 18 18:40:17 IST 2026, 88 W
Wed Mar 18 18:40:17 IST 2026, 93 W
Wed Mar 18 18:40:18 IST 2026, 93 W
Wed Mar 18 18:40:18 IST 2026, 95 W
Wed Mar 18 18:40:18 IST 2026, 95 W
Wed Mar 18 18:40:18 IST 2026, 94 W
Wed Mar 18 18:40:19 IST 2026, 98 W
Wed Mar 18 18:40:19 IST 2026, 96 W
Wed Mar 18 18:40:19 IST 2026, 93 W
Wed Mar 18 18:40:19 IST 2026, 89 W
Wed Mar 18 18:40:20 IST 2026, 93 W
Wed Mar 18 18:40:20 IST 2026, 92 W
Wed Mar 18 18:40:20 IST 2026, 88 W
Wed Mar 18 18:40:20 IST 2026, 92 W
Wed Mar 18 18:40:21 IST 2026, 98 W
Wed Mar 18 18:40:21 IST 2026, 93 W
Wed Mar 18 18:40:21 IST 2026, 91 W
Wed Mar 18 18:40:21 IST 2026, 95 W
Wed Mar 18 18:40:22 IST 2026, 98 W
Wed Mar 18 18:40:22 IST 2026, 91 W
Wed Mar 18 18:40:22 IST 2026, 90 W
Wed Mar 18 18:40:22 IST 2026, 92 W
Wed Mar 18 18:40:23 IST 2026, 96 W
Wed Mar 18 18:40:23 IST 2026, 99 W
Wed Mar 18 18:40:23 IST 2026, 96 W
Wed Mar 18 18:40:23 IST 2026, 88 W
Wed Mar 18 18:40:24 IST 2026, 98 W
Wed Mar 18 18:40:24 IST 2026, 91 W
Wed Mar 18 18:40:24 IST 2026, 94 W
Wed Mar 18 18:40:24 IST 2026, 85 W
Wed Mar 18 18:40:25 IST 2026, 99 W
Wed Mar 18 18:40:25 IST 2026, 91 W
Wed Mar 18 18:40:25 IST 2026, 96 W
Wed Mar 18 18:40:25 IST 2026, 92 W
Wed Mar 18 18:40:26 IST 2026, 98 W
Wed Mar 18 18:40:26 IST 2026, 90 W
Wed Mar 18 18:40:26 IST 2026, 89 W
Wed Mar 18 18:40:26 IST 2026, 91 W
Wed Mar 18 18:40:27 IST 2026, 103 W
Wed Mar 18 18:40:27 IST 2026, 91 W
Wed Mar 18 18:40:27 IST 2026, 88 W
Wed Mar 18 18:40:27 IST 2026, 92 W
Wed Mar 18 18:40:28 IST 2026, 99 W
Wed Mar 18 18:40:28 IST 2026, 90 W
Wed Mar 18 18:40:28 IST 2026, 95 W
Wed Mar 18 18:40:28 IST 2026, 95 W
Wed Mar 18 18:40:29 IST 2026, 101 W
Wed Mar 18 18:40:29 IST 2026, 88 W
Wed Mar 18 18:40:29 IST 2026, 89 W
Wed Mar 18 18:40:29 IST 2026, 91 W
Wed Mar 18 18:40:30 IST 2026, 97 W
Wed Mar 18 18:40:30 IST 2026, 90 W
Wed Mar 18 18:40:30 IST 2026, 88 W
Wed Mar 18 18:40:30 IST 2026, 85 W
Wed Mar 18 18:40:31 IST 2026, 102 W
Wed Mar 18 18:40:31 IST 2026, 88 W
Wed Mar 18 18:40:31 IST 2026, 94 W
Wed Mar 18 18:40:31 IST 2026, 87 W
Wed Mar 18 18:40:32 IST 2026, 97 W
Wed Mar 18 18:40:32 IST 2026, 89 W
Wed Mar 18 18:40:32 IST 2026, 95 W
Wed Mar 18 18:40:32 IST 2026, 87 W
Wed Mar 18 18:40:33 IST 2026, 102 W
Wed Mar 18 18:40:33 IST 2026, 92 W
Wed Mar 18 18:40:33 IST 2026, 91 W
Wed Mar 18 18:40:33 IST 2026, 94 W
Wed Mar 18 18:40:34 IST 2026, 96 W
Wed Mar 18 18:40:34 IST 2026, 89 W
Wed Mar 18 18:40:34 IST 2026, 93 W
Wed Mar 18 18:40:34 IST 2026, 92 W
Wed Mar 18 18:40:35 IST 2026, 92 W
Wed Mar 18 18:40:35 IST 2026, 91 W
Wed Mar 18 18:40:35 IST 2026, 91 W
Wed Mar 18 18:40:35 IST 2026, 91 W
Wed Mar 18 18:40:36 IST 2026, 98 W
Wed Mar 18 18:40:36 IST 2026, 92 W
Wed Mar 18 18:40:36 IST 2026, 90 W
Wed Mar 18 18:40:36 IST 2026, 93 W
Wed Mar 18 18:40:37 IST 2026, 95 W
Wed Mar 18 18:40:37 IST 2026, 94 W
Wed Mar 18 18:40:37 IST 2026, 86 W
Wed Mar 18 18:40:37 IST 2026, 88 W
Wed Mar 18 18:40:38 IST 2026, 100 W
Wed Mar 18 18:40:38 IST 2026, 98 W
Wed Mar 18 18:40:38 IST 2026, 84 W
Wed Mar 18 18:40:38 IST 2026, 90 W
Wed Mar 18 18:40:39 IST 2026, 98 W
Wed Mar 18 18:40:39 IST 2026, 91 W
Wed Mar 18 18:40:39 IST 2026, 93 W
Wed Mar 18 18:40:39 IST 2026, 90 W
Wed Mar 18 18:40:40 IST 2026, 96 W
Wed Mar 18 18:40:40 IST 2026, 88 W
Wed Mar 18 18:40:40 IST 2026, 86 W
Wed Mar 18 18:40:40 IST 2026, 91 W
Wed Mar 18 18:40:41 IST 2026, 95 W
Wed Mar 18 18:40:41 IST 2026, 91 W
Wed Mar 18 18:40:41 IST 2026, 86 W
Wed Mar 18 18:40:41 IST 2026, 96 W
Wed Mar 18 18:40:42 IST 2026, 100 W
Wed Mar 18 18:40:42 IST 2026, 89 W
Wed Mar 18 18:40:42 IST 2026, 86 W
Wed Mar 18 18:40:42 IST 2026, 94 W
Wed Mar 18 18:40:43 IST 2026, 95 W
Wed Mar 18 18:40:43 IST 2026, 89 W
Wed Mar 18 18:40:43 IST 2026, 91 W
Wed Mar 18 18:40:43 IST 2026, 87 W
Wed Mar 18 18:40:44 IST 2026, 102 W
Wed Mar 18 18:40:44 IST 2026, 94 W
Wed Mar 18 18:40:44 IST 2026, 89 W
Wed Mar 18 18:40:44 IST 2026, 93 W
Wed Mar 18 18:40:45 IST 2026, 102 W
Wed Mar 18 18:40:45 IST 2026, 91 W
Wed Mar 18 18:40:45 IST 2026, 90 W
Wed Mar 18 18:40:45 IST 2026, 94 W
Wed Mar 18 18:40:46 IST 2026, 98 W
Wed Mar 18 18:40:46 IST 2026, 88 W
Wed Mar 18 18:40:46 IST 2026, 94 W
Wed Mar 18 18:40:46 IST 2026, 98 W
Wed Mar 18 18:40:47 IST 2026, 103 W
Wed Mar 18 18:40:47 IST 2026, 89 W
Wed Mar 18 18:40:47 IST 2026, 89 W
Wed Mar 18 18:40:47 IST 2026, 92 W
Wed Mar 18 18:40:48 IST 2026, 96 W
Wed Mar 18 18:40:48 IST 2026, 85 W
Wed Mar 18 18:40:48 IST 2026, 88 W
Wed Mar 18 18:40:48 IST 2026, 92 W
Wed Mar 18 18:40:49 IST 2026, 101 W
Wed Mar 18 18:40:49 IST 2026, 91 W
Wed Mar 18 18:40:49 IST 2026, 88 W
Wed Mar 18 18:40:49 IST 2026, 88 W
Wed Mar 18 18:40:50 IST 2026, 95 W
Wed Mar 18 18:40:50 IST 2026, 91 W
Wed Mar 18 18:40:50 IST 2026, 95 W
Wed Mar 18 18:40:50 IST 2026, 92 W
Wed Mar 18 18:40:51 IST 2026, 93 W
Wed Mar 18 18:40:51 IST 2026, 92 W
Wed Mar 18 18:40:51 IST 2026, 94 W
Wed Mar 18 18:40:51 IST 2026, 94 W
Wed Mar 18 18:40:52 IST 2026, 101 W
Wed Mar 18 18:40:52 IST 2026, 87 W
Wed Mar 18 18:40:52 IST 2026, 90 W
Wed Mar 18 18:40:52 IST 2026, 90 W
Wed Mar 18 18:40:53 IST 2026, 97 W
Wed Mar 18 18:40:53 IST 2026, 90 W
Wed Mar 18 18:40:53 IST 2026, 95 W
Wed Mar 18 18:40:53 IST 2026, 95 W
Wed Mar 18 18:40:54 IST 2026, 93 W
Wed Mar 18 18:40:54 IST 2026, 92 W
Wed Mar 18 18:40:54 IST 2026, 93 W
Wed Mar 18 18:40:54 IST 2026, 93 W
Wed Mar 18 18:40:55 IST 2026, 95 W
Wed Mar 18 18:40:55 IST 2026, 92 W
Wed Mar 18 18:40:55 IST 2026, 87 W
Wed Mar 18 18:40:55 IST 2026, 92 W
Wed Mar 18 18:40:56 IST 2026, 100 W
Wed Mar 18 18:40:56 IST 2026, 89 W
Wed Mar 18 18:40:56 IST 2026, 97 W
Wed Mar 18 18:40:56 IST 2026, 91 W
Wed Mar 18 18:40:57 IST 2026, 95 W
Wed Mar 18 18:40:57 IST 2026, 90 W
Wed Mar 18 18:40:57 IST 2026, 87 W
Wed Mar 18 18:40:57 IST 2026, 95 W
Wed Mar 18 18:40:58 IST 2026, 96 W
Wed Mar 18 18:40:58 IST 2026, 88 W
Wed Mar 18 18:40:58 IST 2026, 89 W
Wed Mar 18 18:40:58 IST 2026, 92 W
Wed Mar 18 18:40:59 IST 2026, 103 W
Wed Mar 18 18:40:59 IST 2026, 89 W
Wed Mar 18 18:40:59 IST 2026, 87 W
Wed Mar 18 18:40:59 IST 2026, 96 W
Wed Mar 18 18:41:00 IST 2026, 94 W
Wed Mar 18 18:41:00 IST 2026, 94 W
Wed Mar 18 18:41:00 IST 2026, 93 W
Wed Mar 18 18:41:00 IST 2026, 89 W
Wed Mar 18 18:41:01 IST 2026, 100 W
Wed Mar 18 18:41:01 IST 2026, 94 W
Wed Mar 18 18:41:01 IST 2026, 92 W
Wed Mar 18 18:41:01 IST 2026, 91 W
Wed Mar 18 18:41:02 IST 2026, 96 W
Wed Mar 18 18:41:02 IST 2026, 92 W
Wed Mar 18 18:41:02 IST 2026, 93 W
Wed Mar 18 18:41:02 IST 2026, 89 W
Wed Mar 18 18:41:04 IST 2026, 102 W
Wed Mar 18 18:41:04 IST 2026, 96 W
Wed Mar 18 18:41:04 IST 2026, 97 W
Wed Mar 18 18:41:04 IST 2026, 92 W
Wed Mar 18 18:41:04 IST 2026, 96 W
Wed Mar 18 18:41:04 IST 2026, 91 W
Wed Mar 18 18:41:04 IST 2026, 92 W
Wed Mar 18 18:41:04 IST 2026, 96 W
Wed Mar 18 18:41:05 IST 2026, 101 W
Wed Mar 18 18:41:05 IST 2026, 94 W
Wed Mar 18 18:41:05 IST 2026, 89 W
Wed Mar 18 18:41:05 IST 2026, 90 W
Wed Mar 18 18:41:06 IST 2026, 95 W
Wed Mar 18 18:41:06 IST 2026, 90 W
Wed Mar 18 18:41:06 IST 2026, 92 W
Wed Mar 18 18:41:06 IST 2026, 92 W
Wed Mar 18 18:41:07 IST 2026, 97 W
Wed Mar 18 18:41:07 IST 2026, 97 W
Wed Mar 18 18:41:07 IST 2026, 89 W
Wed Mar 18 18:41:07 IST 2026, 93 W
Wed Mar 18 18:41:08 IST 2026, 97 W
Wed Mar 18 18:41:08 IST 2026, 90 W
Wed Mar 18 18:41:08 IST 2026, 91 W
Wed Mar 18 18:41:08 IST 2026, 88 W
Wed Mar 18 18:41:09 IST 2026, 100 W
Wed Mar 18 18:41:09 IST 2026, 90 W
Wed Mar 18 18:41:09 IST 2026, 94 W
Wed Mar 18 18:41:09 IST 2026, 94 W
Wed Mar 18 18:41:10 IST 2026, 101 W
Wed Mar 18 18:41:10 IST 2026, 93 W
Wed Mar 18 18:41:10 IST 2026, 93 W
Wed Mar 18 18:41:10 IST 2026, 94 W
Wed Mar 18 18:41:11 IST 2026, 98 W
Wed Mar 18 18:41:11 IST 2026, 92 W
Wed Mar 18 18:41:11 IST 2026, 90 W
Wed Mar 18 18:41:11 IST 2026, 93 W
Wed Mar 18 18:41:12 IST 2026, 93 W
Wed Mar 18 18:41:12 IST 2026, 88 W
Wed Mar 18 18:41:12 IST 2026, 90 W
Wed Mar 18 18:41:12 IST 2026, 93 W
Wed Mar 18 18:41:13 IST 2026, 95 W
Wed Mar 18 18:41:13 IST 2026, 94 W
Wed Mar 18 18:41:13 IST 2026, 86 W
Wed Mar 18 18:41:13 IST 2026, 92 W
Wed Mar 18 18:41:14 IST 2026, 95 W
Wed Mar 18 18:41:14 IST 2026, 94 W
Wed Mar 18 18:41:14 IST 2026, 93 W
Wed Mar 18 18:41:14 IST 2026, 94 W
Wed Mar 18 18:41:15 IST 2026, 102 W
Wed Mar 18 18:41:15 IST 2026, 97 W
Wed Mar 18 18:41:15 IST 2026, 89 W
Wed Mar 18 18:41:15 IST 2026, 90 W
Wed Mar 18 18:41:16 IST 2026, 94 W
Wed Mar 18 18:41:16 IST 2026, 86 W
Wed Mar 18 18:41:16 IST 2026, 93 W
Wed Mar 18 18:41:16 IST 2026, 94 W
Wed Mar 18 18:41:17 IST 2026, 96 W
Wed Mar 18 18:41:17 IST 2026, 97 W
Wed Mar 18 18:41:17 IST 2026, 88 W
Wed Mar 18 18:41:17 IST 2026, 88 W
Wed Mar 18 18:41:18 IST 2026, 98 W
Wed Mar 18 18:41:18 IST 2026, 94 W
Wed Mar 18 18:41:18 IST 2026, 89 W
Wed Mar 18 18:41:18 IST 2026, 87 W
Wed Mar 18 18:41:19 IST 2026, 98 W
Wed Mar 18 18:41:19 IST 2026, 93 W
Wed Mar 18 18:41:19 IST 2026, 92 W
Wed Mar 18 18:41:19 IST 2026, 89 W
Wed Mar 18 18:41:20 IST 2026, 99 W
Wed Mar 18 18:41:20 IST 2026, 90 W
Wed Mar 18 18:41:20 IST 2026, 93 W
Wed Mar 18 18:41:20 IST 2026, 91 W
Wed Mar 18 18:41:21 IST 2026, 94 W
Wed Mar 18 18:41:21 IST 2026, 91 W
Wed Mar 18 18:41:21 IST 2026, 92 W
Wed Mar 18 18:41:21 IST 2026, 92 W
Wed Mar 18 18:41:22 IST 2026, 94 W
Wed Mar 18 18:41:22 IST 2026, 89 W
Wed Mar 18 18:41:22 IST 2026, 92 W
Wed Mar 18 18:41:22 IST 2026, 90 W
Wed Mar 18 18:41:23 IST 2026, 94 W
Wed Mar 18 18:41:23 IST 2026, 95 W
Wed Mar 18 18:41:23 IST 2026, 90 W
Wed Mar 18 18:41:23 IST 2026, 88 W
Wed Mar 18 18:41:24 IST 2026, 91 W
Wed Mar 18 18:41:24 IST 2026, 92 W
Wed Mar 18 18:41:24 IST 2026, 90 W
Wed Mar 18 18:41:24 IST 2026, 96 W
Wed Mar 18 18:41:25 IST 2026, 93 W
Wed Mar 18 18:41:25 IST 2026, 97 W
Wed Mar 18 18:41:25 IST 2026, 90 W
Wed Mar 18 18:41:25 IST 2026, 91 W
Wed Mar 18 18:41:26 IST 2026, 97 W
Wed Mar 18 18:41:26 IST 2026, 93 W
Wed Mar 18 18:41:26 IST 2026, 89 W
Wed Mar 18 18:41:26 IST 2026, 89 W
Wed Mar 18 18:41:27 IST 2026, 102 W
Wed Mar 18 18:41:27 IST 2026, 97 W
Wed Mar 18 18:41:27 IST 2026, 97 W
Wed Mar 18 18:41:27 IST 2026, 91 W
Wed Mar 18 18:41:28 IST 2026, 98 W
Wed Mar 18 18:41:28 IST 2026, 95 W
Wed Mar 18 18:41:28 IST 2026, 89 W
Wed Mar 18 18:41:28 IST 2026, 98 W
Wed Mar 18 18:41:29 IST 2026, 96 W
Wed Mar 18 18:41:29 IST 2026, 92 W
Wed Mar 18 18:41:29 IST 2026, 93 W
Wed Mar 18 18:41:29 IST 2026, 90 W
Wed Mar 18 18:41:30 IST 2026, 98 W
Wed Mar 18 18:41:30 IST 2026, 91 W
Wed Mar 18 18:41:30 IST 2026, 95 W
Wed Mar 18 18:41:30 IST 2026, 87 W
Wed Mar 18 18:41:31 IST 2026, 92 W
Wed Mar 18 18:41:31 IST 2026, 90 W
Wed Mar 18 18:41:31 IST 2026, 88 W
Wed Mar 18 18:41:31 IST 2026, 96 W
Wed Mar 18 18:41:32 IST 2026, 104 W
Wed Mar 18 18:41:32 IST 2026, 85 W
Wed Mar 18 18:41:32 IST 2026, 94 W
Wed Mar 18 18:41:32 IST 2026, 92 W
Wed Mar 18 18:41:33 IST 2026, 99 W
Wed Mar 18 18:41:33 IST 2026, 90 W
Wed Mar 18 18:41:33 IST 2026, 95 W
Wed Mar 18 18:41:33 IST 2026, 90 W
Wed Mar 18 18:41:34 IST 2026, 99 W
Wed Mar 18 18:41:34 IST 2026, 95 W
Wed Mar 18 18:41:34 IST 2026, 95 W
Wed Mar 18 18:41:34 IST 2026, 93 W
Wed Mar 18 18:41:35 IST 2026, 96 W
Wed Mar 18 18:41:35 IST 2026, 95 W
Wed Mar 18 18:41:35 IST 2026, 90 W
Wed Mar 18 18:41:35 IST 2026, 89 W
Wed Mar 18 18:41:36 IST 2026, 97 W
Wed Mar 18 18:41:36 IST 2026, 92 W
Wed Mar 18 18:41:36 IST 2026, 88 W
Wed Mar 18 18:41:36 IST 2026, 94 W
Wed Mar 18 18:41:37 IST 2026, 99 W
Wed Mar 18 18:41:37 IST 2026, 88 W
Wed Mar 18 18:41:37 IST 2026, 90 W
Wed Mar 18 18:41:37 IST 2026, 91 W
Wed Mar 18 18:41:38 IST 2026, 94 W
Wed Mar 18 18:41:38 IST 2026, 98 W
Wed Mar 18 18:41:38 IST 2026, 90 W
Wed Mar 18 18:41:38 IST 2026, 91 W
Wed Mar 18 18:41:39 IST 2026, 96 W
Wed Mar 18 18:41:39 IST 2026, 97 W
Wed Mar 18 18:41:39 IST 2026, 85 W
Wed Mar 18 18:41:39 IST 2026, 88 W
Wed Mar 18 18:41:40 IST 2026, 97 W
Wed Mar 18 18:41:40 IST 2026, 91 W
Wed Mar 18 18:41:40 IST 2026, 93 W
Wed Mar 18 18:41:40 IST 2026, 93 W
Wed Mar 18 18:41:41 IST 2026, 97 W
Wed Mar 18 18:41:41 IST 2026, 97 W
Wed Mar 18 18:41:41 IST 2026, 90 W
Wed Mar 18 18:41:41 IST 2026, 89 W
Wed Mar 18 18:41:42 IST 2026, 93 W
Wed Mar 18 18:41:42 IST 2026, 96 W
Wed Mar 18 18:41:42 IST 2026, 93 W
Wed Mar 18 18:41:42 IST 2026, 89 W
Wed Mar 18 18:41:43 IST 2026, 97 W
Wed Mar 18 18:41:43 IST 2026, 93 W
Wed Mar 18 18:41:43 IST 2026, 88 W
Wed Mar 18 18:41:43 IST 2026, 91 W
Wed Mar 18 18:41:44 IST 2026, 99 W
Wed Mar 18 18:41:44 IST 2026, 93 W
Wed Mar 18 18:41:44 IST 2026, 92 W
Wed Mar 18 18:41:44 IST 2026, 89 W
Wed Mar 18 18:41:45 IST 2026, 101 W
Wed Mar 18 18:41:45 IST 2026, 89 W
Wed Mar 18 18:41:45 IST 2026, 91 W
Wed Mar 18 18:41:45 IST 2026, 90 W
Wed Mar 18 18:41:46 IST 2026, 98 W
Wed Mar 18 18:41:46 IST 2026, 89 W
Wed Mar 18 18:41:46 IST 2026, 89 W
Wed Mar 18 18:41:46 IST 2026, 93 W
Wed Mar 18 18:41:47 IST 2026, 100 W
Wed Mar 18 18:41:47 IST 2026, 92 W
Wed Mar 18 18:41:47 IST 2026, 95 W
Wed Mar 18 18:41:47 IST 2026, 96 W
Wed Mar 18 18:41:48 IST 2026, 96 W
Wed Mar 18 18:41:48 IST 2026, 98 W
Wed Mar 18 18:41:48 IST 2026, 89 W
Wed Mar 18 18:41:48 IST 2026, 86 W
Wed Mar 18 18:41:49 IST 2026, 99 W
Wed Mar 18 18:41:49 IST 2026, 91 W
Wed Mar 18 18:41:49 IST 2026, 91 W
Wed Mar 18 18:41:49 IST 2026, 92 W
Wed Mar 18 18:41:50 IST 2026, 93 W
Wed Mar 18 18:41:50 IST 2026, 93 W
Wed Mar 18 18:41:50 IST 2026, 86 W
Wed Mar 18 18:41:50 IST 2026, 91 W
Wed Mar 18 18:41:51 IST 2026, 94 W
Wed Mar 18 18:41:51 IST 2026, 91 W
Wed Mar 18 18:41:51 IST 2026, 96 W
Wed Mar 18 18:41:51 IST 2026, 92 W
Wed Mar 18 18:41:52 IST 2026, 100 W
Wed Mar 18 18:41:52 IST 2026, 89 W
Wed Mar 18 18:41:52 IST 2026, 92 W
Wed Mar 18 18:41:52 IST 2026, 86 W
Wed Mar 18 18:41:53 IST 2026, 94 W
Wed Mar 18 18:41:53 IST 2026, 96 W
Wed Mar 18 18:41:53 IST 2026, 91 W
Wed Mar 18 18:41:53 IST 2026, 91 W
Wed Mar 18 18:41:54 IST 2026, 96 W
Wed Mar 18 18:41:54 IST 2026, 92 W
Wed Mar 18 18:41:54 IST 2026, 89 W
Wed Mar 18 18:41:54 IST 2026, 90 W
Wed Mar 18 18:41:55 IST 2026, 97 W
Wed Mar 18 18:41:55 IST 2026, 88 W
Wed Mar 18 18:41:55 IST 2026, 88 W
Wed Mar 18 18:41:55 IST 2026, 89 W
Wed Mar 18 18:41:56 IST 2026, 97 W
Wed Mar 18 18:41:56 IST 2026, 96 W
Wed Mar 18 18:41:56 IST 2026, 91 W
Wed Mar 18 18:41:56 IST 2026, 93 W
Wed Mar 18 18:41:57 IST 2026, 101 W
Wed Mar 18 18:41:57 IST 2026, 97 W
Wed Mar 18 18:41:57 IST 2026, 88 W
Wed Mar 18 18:41:57 IST 2026, 87 W
Wed Mar 18 18:41:58 IST 2026, 99 W
Wed Mar 18 18:41:58 IST 2026, 95 W
Wed Mar 18 18:41:58 IST 2026, 89 W
Wed Mar 18 18:41:58 IST 2026, 91 W
Wed Mar 18 18:41:59 IST 2026, 101 W
Wed Mar 18 18:41:59 IST 2026, 87 W
Wed Mar 18 18:41:59 IST 2026, 83 W
Wed Mar 18 18:41:59 IST 2026, 86 W
Wed Mar 18 18:42:00 IST 2026, 97 W
Wed Mar 18 18:42:00 IST 2026, 94 W
Wed Mar 18 18:42:00 IST 2026, 93 W
Wed Mar 18 18:42:00 IST 2026, 90 W
Wed Mar 18 18:42:01 IST 2026, 98 W
Wed Mar 18 18:42:01 IST 2026, 92 W
Wed Mar 18 18:42:01 IST 2026, 90 W
Wed Mar 18 18:42:01 IST 2026, 89 W
Wed Mar 18 18:42:02 IST 2026, 95 W
Wed Mar 18 18:42:02 IST 2026, 88 W
Wed Mar 18 18:42:02 IST 2026, 91 W
Wed Mar 18 18:42:02 IST 2026, 92 W
Wed Mar 18 18:42:03 IST 2026, 96 W
Wed Mar 18 18:42:03 IST 2026, 95 W
Wed Mar 18 18:42:03 IST 2026, 88 W
Wed Mar 18 18:42:03 IST 2026, 91 W
Wed Mar 18 18:42:04 IST 2026, 102 W
Wed Mar 18 18:42:04 IST 2026, 95 W
Wed Mar 18 18:42:04 IST 2026, 93 W
Wed Mar 18 18:42:04 IST 2026, 88 W
Wed Mar 18 18:42:05 IST 2026, 95 W
Wed Mar 18 18:42:05 IST 2026, 91 W
Wed Mar 18 18:42:05 IST 2026, 90 W
Wed Mar 18 18:42:05 IST 2026, 89 W
Wed Mar 18 18:42:06 IST 2026, 94 W
Wed Mar 18 18:42:06 IST 2026, 90 W
Wed Mar 18 18:42:06 IST 2026, 88 W
Wed Mar 18 18:42:06 IST 2026, 90 W
Wed Mar 18 18:42:07 IST 2026, 99 W
Wed Mar 18 18:42:07 IST 2026, 86 W
Wed Mar 18 18:42:07 IST 2026, 90 W
Wed Mar 18 18:42:07 IST 2026, 91 W
Wed Mar 18 18:42:08 IST 2026, 101 W
Wed Mar 18 18:42:08 IST 2026, 89 W
Wed Mar 18 18:42:08 IST 2026, 86 W
Wed Mar 18 18:42:08 IST 2026, 90 W
Wed Mar 18 18:42:09 IST 2026, 94 W
Wed Mar 18 18:42:09 IST 2026, 91 W
Wed Mar 18 18:42:09 IST 2026, 88 W
Wed Mar 18 18:42:09 IST 2026, 89 W
Wed Mar 18 18:42:10 IST 2026, 102 W
Wed Mar 18 18:42:10 IST 2026, 93 W
Wed Mar 18 18:42:10 IST 2026, 91 W
Wed Mar 18 18:42:10 IST 2026, 89 W
Wed Mar 18 18:42:11 IST 2026, 93 W
Wed Mar 18 18:42:11 IST 2026, 93 W
Wed Mar 18 18:42:11 IST 2026, 88 W
Wed Mar 18 18:42:11 IST 2026, 91 W
Wed Mar 18 18:42:12 IST 2026, 102 W
Wed Mar 18 18:42:12 IST 2026, 91 W
Wed Mar 18 18:42:12 IST 2026, 95 W
Wed Mar 18 18:42:12 IST 2026, 85 W
Wed Mar 18 18:42:13 IST 2026, 101 W
Wed Mar 18 18:42:13 IST 2026, 87 W
Wed Mar 18 18:42:13 IST 2026, 91 W
Wed Mar 18 18:42:13 IST 2026, 91 W
Wed Mar 18 18:42:14 IST 2026, 99 W
Wed Mar 18 18:42:14 IST 2026, 91 W
Wed Mar 18 18:42:14 IST 2026, 92 W
Wed Mar 18 18:42:14 IST 2026, 87 W
Wed Mar 18 18:42:15 IST 2026, 92 W
Wed Mar 18 18:42:15 IST 2026, 91 W
Wed Mar 18 18:42:15 IST 2026, 92 W
Wed Mar 18 18:42:15 IST 2026, 94 W
Wed Mar 18 18:42:16 IST 2026, 97 W
Wed Mar 18 18:42:16 IST 2026, 98 W
Wed Mar 18 18:42:16 IST 2026, 92 W
Wed Mar 18 18:42:16 IST 2026, 87 W
Wed Mar 18 18:42:17 IST 2026, 102 W
Wed Mar 18 18:42:17 IST 2026, 95 W
Wed Mar 18 18:42:17 IST 2026, 91 W
Wed Mar 18 18:42:17 IST 2026, 96 W
Wed Mar 18 18:42:18 IST 2026, 99 W
Wed Mar 18 18:42:18 IST 2026, 94 W
Wed Mar 18 18:42:18 IST 2026, 94 W
Wed Mar 18 18:42:18 IST 2026, 85 W
Wed Mar 18 18:42:19 IST 2026, 98 W
Wed Mar 18 18:42:19 IST 2026, 85 W
Wed Mar 18 18:42:19 IST 2026, 93 W
Wed Mar 18 18:42:19 IST 2026, 88 W
Wed Mar 18 18:42:20 IST 2026, 94 W
Wed Mar 18 18:42:20 IST 2026, 88 W
Wed Mar 18 18:42:20 IST 2026, 89 W
Wed Mar 18 18:42:20 IST 2026, 93 W
Wed Mar 18 18:42:21 IST 2026, 97 W
Wed Mar 18 18:42:21 IST 2026, 92 W
Wed Mar 18 18:42:21 IST 2026, 90 W
Wed Mar 18 18:42:21 IST 2026, 96 W
Wed Mar 18 18:42:22 IST 2026, 101 W
Wed Mar 18 18:42:22 IST 2026, 88 W
Wed Mar 18 18:42:22 IST 2026, 94 W
Wed Mar 18 18:42:22 IST 2026, 93 W
Wed Mar 18 18:42:23 IST 2026, 98 W
Wed Mar 18 18:42:23 IST 2026, 97 W
Wed Mar 18 18:42:23 IST 2026, 92 W
Wed Mar 18 18:42:23 IST 2026, 87 W
Wed Mar 18 18:42:24 IST 2026, 102 W
Wed Mar 18 18:42:24 IST 2026, 87 W
Wed Mar 18 18:42:24 IST 2026, 89 W
Wed Mar 18 18:42:24 IST 2026, 87 W
Wed Mar 18 18:42:25 IST 2026, 99 W
Wed Mar 18 18:42:25 IST 2026, 93 W
Wed Mar 18 18:42:25 IST 2026, 91 W
Wed Mar 18 18:42:25 IST 2026, 98 W
Wed Mar 18 18:42:26 IST 2026, 94 W
Wed Mar 18 18:42:26 IST 2026, 88 W
Wed Mar 18 18:42:26 IST 2026, 89 W
Wed Mar 18 18:42:26 IST 2026, 88 W
Wed Mar 18 18:42:27 IST 2026, 98 W
Wed Mar 18 18:42:27 IST 2026, 88 W
Wed Mar 18 18:42:27 IST 2026, 89 W
Wed Mar 18 18:42:27 IST 2026, 94 W
Wed Mar 18 18:42:28 IST 2026, 98 W
Wed Mar 18 18:42:28 IST 2026, 86 W
Wed Mar 18 18:42:28 IST 2026, 94 W
Wed Mar 18 18:42:28 IST 2026, 88 W
Wed Mar 18 18:42:29 IST 2026, 99 W
Wed Mar 18 18:42:29 IST 2026, 96 W
Wed Mar 18 18:42:29 IST 2026, 86 W
Wed Mar 18 18:42:29 IST 2026, 87 W
Wed Mar 18 18:42:30 IST 2026, 93 W
Wed Mar 18 18:42:30 IST 2026, 91 W
Wed Mar 18 18:42:30 IST 2026, 93 W
Wed Mar 18 18:42:30 IST 2026, 88 W
Wed Mar 18 18:42:31 IST 2026, 99 W
Wed Mar 18 18:42:31 IST 2026, 90 W
Wed Mar 18 18:42:31 IST 2026, 92 W
Wed Mar 18 18:42:31 IST 2026, 90 W
Wed Mar 18 18:42:32 IST 2026, 101 W
Wed Mar 18 18:42:32 IST 2026, 86 W
Wed Mar 18 18:42:32 IST 2026, 92 W
Wed Mar 18 18:42:32 IST 2026, 93 W
Wed Mar 18 18:42:33 IST 2026, 98 W
Wed Mar 18 18:42:33 IST 2026, 93 W
Wed Mar 18 18:42:33 IST 2026, 93 W
Wed Mar 18 18:42:33 IST 2026, 90 W
Wed Mar 18 18:42:34 IST 2026, 94 W
Wed Mar 18 18:42:34 IST 2026, 92 W
Wed Mar 18 18:42:34 IST 2026, 97 W
Wed Mar 18 18:42:34 IST 2026, 90 W
Wed Mar 18 18:42:35 IST 2026, 99 W
Wed Mar 18 18:42:35 IST 2026, 94 W
Wed Mar 18 18:42:35 IST 2026, 85 W
Wed Mar 18 18:42:35 IST 2026, 93 W
Wed Mar 18 18:42:36 IST 2026, 100 W
Wed Mar 18 18:42:36 IST 2026, 92 W
Wed Mar 18 18:42:36 IST 2026, 91 W
Wed Mar 18 18:42:36 IST 2026, 87 W
Wed Mar 18 18:42:37 IST 2026, 93 W
Wed Mar 18 18:42:37 IST 2026, 93 W
Wed Mar 18 18:42:37 IST 2026, 91 W
Wed Mar 18 18:42:37 IST 2026, 93 W
Wed Mar 18 18:42:38 IST 2026, 95 W
Wed Mar 18 18:42:38 IST 2026, 94 W
Wed Mar 18 18:42:38 IST 2026, 92 W
Wed Mar 18 18:42:38 IST 2026, 90 W
Wed Mar 18 18:42:39 IST 2026, 94 W
Wed Mar 18 18:42:39 IST 2026, 86 W
Wed Mar 18 18:42:39 IST 2026, 92 W
Wed Mar 18 18:42:39 IST 2026, 95 W
Wed Mar 18 18:42:40 IST 2026, 96 W
Wed Mar 18 18:42:40 IST 2026, 88 W
Wed Mar 18 18:42:40 IST 2026, 89 W
Wed Mar 18 18:42:40 IST 2026, 95 W
Wed Mar 18 18:42:41 IST 2026, 94 W
Wed Mar 18 18:42:41 IST 2026, 89 W
Wed Mar 18 18:42:41 IST 2026, 88 W
Wed Mar 18 18:42:41 IST 2026, 93 W
Wed Mar 18 18:42:42 IST 2026, 97 W
Wed Mar 18 18:42:42 IST 2026, 91 W
Wed Mar 18 18:42:42 IST 2026, 85 W
Wed Mar 18 18:42:42 IST 2026, 90 W
Wed Mar 18 18:42:43 IST 2026, 98 W
Wed Mar 18 18:42:43 IST 2026, 90 W
Wed Mar 18 18:42:43 IST 2026, 92 W
Wed Mar 18 18:42:43 IST 2026, 94 W
Wed Mar 18 18:42:44 IST 2026, 95 W
Wed Mar 18 18:42:44 IST 2026, 89 W
Wed Mar 18 18:42:44 IST 2026, 89 W
Wed Mar 18 18:42:44 IST 2026, 91 W
Wed Mar 18 18:42:45 IST 2026, 95 W
Wed Mar 18 18:42:45 IST 2026, 91 W
Wed Mar 18 18:42:45 IST 2026, 92 W
Wed Mar 18 18:42:45 IST 2026, 90 W
Wed Mar 18 18:42:46 IST 2026, 95 W
Wed Mar 18 18:42:46 IST 2026, 87 W
Wed Mar 18 18:42:46 IST 2026, 92 W
Wed Mar 18 18:42:46 IST 2026, 87 W
Wed Mar 18 18:42:47 IST 2026, 93 W
Wed Mar 18 18:42:47 IST 2026, 90 W
Wed Mar 18 18:42:47 IST 2026, 93 W
Wed Mar 18 18:42:47 IST 2026, 95 W
Wed Mar 18 18:42:48 IST 2026, 94 W
Wed Mar 18 18:42:48 IST 2026, 95 W
Wed Mar 18 18:42:48 IST 2026, 94 W
Wed Mar 18 18:42:48 IST 2026, 93 W
Wed Mar 18 18:42:49 IST 2026, 100 W
Wed Mar 18 18:42:49 IST 2026, 91 W
Wed Mar 18 18:42:49 IST 2026, 88 W
Wed Mar 18 18:42:49 IST 2026, 94 W
Wed Mar 18 18:42:50 IST 2026, 93 W
Wed Mar 18 18:42:50 IST 2026, 94 W
Wed Mar 18 18:42:50 IST 2026, 89 W
Wed Mar 18 18:42:50 IST 2026, 94 W
Wed Mar 18 18:42:51 IST 2026, 98 W
Wed Mar 18 18:42:51 IST 2026, 89 W
Wed Mar 18 18:42:51 IST 2026, 91 W
Wed Mar 18 18:42:51 IST 2026, 91 W
Wed Mar 18 18:42:52 IST 2026, 99 W
Wed Mar 18 18:42:52 IST 2026, 89 W
Wed Mar 18 18:42:52 IST 2026, 88 W
Wed Mar 18 18:42:52 IST 2026, 91 W
Wed Mar 18 18:42:53 IST 2026, 96 W
Wed Mar 18 18:42:53 IST 2026, 91 W
Wed Mar 18 18:42:53 IST 2026, 89 W
Wed Mar 18 18:42:53 IST 2026, 88 W
Wed Mar 18 18:42:54 IST 2026, 93 W
Wed Mar 18 18:42:54 IST 2026, 92 W
Wed Mar 18 18:42:54 IST 2026, 92 W
Wed Mar 18 18:42:54 IST 2026, 89 W
Wed Mar 18 18:42:55 IST 2026, 99 W
Wed Mar 18 18:42:55 IST 2026, 90 W
Wed Mar 18 18:42:55 IST 2026, 91 W
Wed Mar 18 18:42:55 IST 2026, 91 W
Wed Mar 18 18:42:56 IST 2026, 97 W
Wed Mar 18 18:42:56 IST 2026, 89 W
Wed Mar 18 18:42:56 IST 2026, 93 W
Wed Mar 18 18:42:56 IST 2026, 87 W
Wed Mar 18 18:42:57 IST 2026, 93 W
Wed Mar 18 18:42:57 IST 2026, 92 W
Wed Mar 18 18:42:57 IST 2026, 89 W
Wed Mar 18 18:42:57 IST 2026, 84 W
Wed Mar 18 18:42:58 IST 2026, 99 W
Wed Mar 18 18:42:58 IST 2026, 94 W
Wed Mar 18 18:42:58 IST 2026, 88 W
Wed Mar 18 18:42:58 IST 2026, 94 W
Wed Mar 18 18:42:59 IST 2026, 95 W
Wed Mar 18 18:42:59 IST 2026, 92 W
Wed Mar 18 18:42:59 IST 2026, 90 W
Wed Mar 18 18:42:59 IST 2026, 95 W
Wed Mar 18 18:43:00 IST 2026, 101 W
Wed Mar 18 18:43:00 IST 2026, 88 W
Wed Mar 18 18:43:00 IST 2026, 91 W
Wed Mar 18 18:43:00 IST 2026, 89 W
Wed Mar 18 18:43:01 IST 2026, 96 W
Wed Mar 18 18:43:01 IST 2026, 87 W
Wed Mar 18 18:43:01 IST 2026, 88 W
Wed Mar 18 18:43:01 IST 2026, 91 W
Wed Mar 18 18:43:02 IST 2026, 101 W
Wed Mar 18 18:43:02 IST 2026, 89 W
Wed Mar 18 18:43:02 IST 2026, 97 W
Wed Mar 18 18:43:02 IST 2026, 94 W
Wed Mar 18 18:43:03 IST 2026, 95 W
Wed Mar 18 18:43:03 IST 2026, 94 W
Wed Mar 18 18:43:03 IST 2026, 93 W
Wed Mar 18 18:43:03 IST 2026, 88 W
Wed Mar 18 18:43:05 IST 2026, 100 W
Wed Mar 18 18:43:05 IST 2026, 95 W
Wed Mar 18 18:43:05 IST 2026, 89 W
Wed Mar 18 18:43:05 IST 2026, 95 W
Wed Mar 18 18:43:05 IST 2026, 101 W
Wed Mar 18 18:43:05 IST 2026, 88 W
Wed Mar 18 18:43:05 IST 2026, 90 W
Wed Mar 18 18:43:05 IST 2026, 91 W
Wed Mar 18 18:43:06 IST 2026, 95 W
Wed Mar 18 18:43:06 IST 2026, 96 W
Wed Mar 18 18:43:06 IST 2026, 91 W
Wed Mar 18 18:43:06 IST 2026, 89 W
Wed Mar 18 18:43:07 IST 2026, 96 W
Wed Mar 18 18:43:07 IST 2026, 86 W
Wed Mar 18 18:43:07 IST 2026, 91 W
Wed Mar 18 18:43:07 IST 2026, 87 W
Wed Mar 18 18:43:08 IST 2026, 94 W
Wed Mar 18 18:43:08 IST 2026, 90 W
Wed Mar 18 18:43:08 IST 2026, 89 W
Wed Mar 18 18:43:08 IST 2026, 89 W
Wed Mar 18 18:43:09 IST 2026, 95 W
Wed Mar 18 18:43:09 IST 2026, 87 W
Wed Mar 18 18:43:09 IST 2026, 88 W
Wed Mar 18 18:43:09 IST 2026, 96 W
Wed Mar 18 18:43:10 IST 2026, 97 W
Wed Mar 18 18:43:10 IST 2026, 89 W
Wed Mar 18 18:43:10 IST 2026, 86 W
Wed Mar 18 18:43:10 IST 2026, 91 W
Wed Mar 18 18:43:11 IST 2026, 97 W
Wed Mar 18 18:43:11 IST 2026, 93 W
Wed Mar 18 18:43:11 IST 2026, 91 W
Wed Mar 18 18:43:11 IST 2026, 87 W
Wed Mar 18 18:43:12 IST 2026, 97 W
Wed Mar 18 18:43:12 IST 2026, 93 W
Wed Mar 18 18:43:12 IST 2026, 87 W
Wed Mar 18 18:43:12 IST 2026, 92 W
Wed Mar 18 18:43:13 IST 2026, 91 W
Wed Mar 18 18:43:13 IST 2026, 90 W
Wed Mar 18 18:43:13 IST 2026, 91 W
Wed Mar 18 18:43:13 IST 2026, 94 W
Wed Mar 18 18:43:14 IST 2026, 94 W
Wed Mar 18 18:43:14 IST 2026, 90 W
Wed Mar 18 18:43:14 IST 2026, 89 W
Wed Mar 18 18:43:14 IST 2026, 94 W
Wed Mar 18 18:43:15 IST 2026, 102 W
Wed Mar 18 18:43:15 IST 2026, 96 W
Wed Mar 18 18:43:15 IST 2026, 91 W
Wed Mar 18 18:43:15 IST 2026, 93 W
Wed Mar 18 18:43:16 IST 2026, 99 W
Wed Mar 18 18:43:16 IST 2026, 93 W
Wed Mar 18 18:43:16 IST 2026, 89 W
Wed Mar 18 18:43:16 IST 2026, 86 W
Wed Mar 18 18:43:17 IST 2026, 98 W
Wed Mar 18 18:43:17 IST 2026, 89 W
Wed Mar 18 18:43:17 IST 2026, 89 W
Wed Mar 18 18:43:17 IST 2026, 88 W
Wed Mar 18 18:43:18 IST 2026, 97 W
Wed Mar 18 18:43:18 IST 2026, 90 W
Wed Mar 18 18:43:18 IST 2026, 88 W
Wed Mar 18 18:43:18 IST 2026, 86 W
Wed Mar 18 18:43:19 IST 2026, 97 W
Wed Mar 18 18:43:19 IST 2026, 92 W
Wed Mar 18 18:43:19 IST 2026, 93 W
Wed Mar 18 18:43:19 IST 2026, 93 W
Wed Mar 18 18:43:20 IST 2026, 100 W
Wed Mar 18 18:43:20 IST 2026, 91 W
Wed Mar 18 18:43:20 IST 2026, 89 W
Wed Mar 18 18:43:20 IST 2026, 96 W
Wed Mar 18 18:43:21 IST 2026, 98 W
Wed Mar 18 18:43:21 IST 2026, 95 W
Wed Mar 18 18:43:21 IST 2026, 94 W
Wed Mar 18 18:43:21 IST 2026, 94 W
Wed Mar 18 18:43:22 IST 2026, 95 W
Wed Mar 18 18:43:22 IST 2026, 96 W
Wed Mar 18 18:43:22 IST 2026, 91 W
Wed Mar 18 18:43:22 IST 2026, 86 W
Wed Mar 18 18:43:23 IST 2026, 101 W
Wed Mar 18 18:43:23 IST 2026, 89 W
Wed Mar 18 18:43:23 IST 2026, 89 W
Wed Mar 18 18:43:23 IST 2026, 94 W
Wed Mar 18 18:43:24 IST 2026, 93 W
Wed Mar 18 18:43:24 IST 2026, 89 W
Wed Mar 18 18:43:24 IST 2026, 91 W
Wed Mar 18 18:43:24 IST 2026, 91 W
Wed Mar 18 18:43:25 IST 2026, 92 W
Wed Mar 18 18:43:25 IST 2026, 91 W
Wed Mar 18 18:43:25 IST 2026, 87 W
Wed Mar 18 18:43:25 IST 2026, 93 W
Wed Mar 18 18:43:26 IST 2026, 92 W
Wed Mar 18 18:43:26 IST 2026, 91 W
Wed Mar 18 18:43:26 IST 2026, 91 W
Wed Mar 18 18:43:26 IST 2026, 89 W
Wed Mar 18 18:43:27 IST 2026, 94 W
Wed Mar 18 18:43:27 IST 2026, 89 W
Wed Mar 18 18:43:27 IST 2026, 94 W
Wed Mar 18 18:43:27 IST 2026, 89 W
Wed Mar 18 18:43:28 IST 2026, 101 W
Wed Mar 18 18:43:28 IST 2026, 96 W
Wed Mar 18 18:43:28 IST 2026, 93 W
Wed Mar 18 18:43:28 IST 2026, 94 W
Wed Mar 18 18:43:29 IST 2026, 93 W
Wed Mar 18 18:43:29 IST 2026, 93 W
Wed Mar 18 18:43:29 IST 2026, 92 W
Wed Mar 18 18:43:29 IST 2026, 94 W
Wed Mar 18 18:43:30 IST 2026, 97 W
Wed Mar 18 18:43:30 IST 2026, 92 W
Wed Mar 18 18:43:30 IST 2026, 92 W
Wed Mar 18 18:43:30 IST 2026, 91 W
Wed Mar 18 18:43:31 IST 2026, 98 W
Wed Mar 18 18:43:31 IST 2026, 92 W
Wed Mar 18 18:43:31 IST 2026, 91 W
Wed Mar 18 18:43:31 IST 2026, 92 W
Wed Mar 18 18:43:32 IST 2026, 93 W
Wed Mar 18 18:43:32 IST 2026, 96 W
Wed Mar 18 18:43:32 IST 2026, 88 W
Wed Mar 18 18:43:32 IST 2026, 91 W
Wed Mar 18 18:43:33 IST 2026, 98 W
Wed Mar 18 18:43:33 IST 2026, 87 W
Wed Mar 18 18:43:33 IST 2026, 94 W
Wed Mar 18 18:43:33 IST 2026, 92 W
Wed Mar 18 18:43:34 IST 2026, 96 W
Wed Mar 18 18:43:34 IST 2026, 96 W
Wed Mar 18 18:43:34 IST 2026, 94 W
Wed Mar 18 18:43:34 IST 2026, 86 W
Wed Mar 18 18:43:35 IST 2026, 99 W
Wed Mar 18 18:43:35 IST 2026, 88 W
Wed Mar 18 18:43:35 IST 2026, 88 W
Wed Mar 18 18:43:35 IST 2026, 94 W
Wed Mar 18 18:43:36 IST 2026, 94 W
Wed Mar 18 18:43:36 IST 2026, 94 W
Wed Mar 18 18:43:36 IST 2026, 94 W
Wed Mar 18 18:43:36 IST 2026, 90 W
Wed Mar 18 18:43:37 IST 2026, 101 W
Wed Mar 18 18:43:37 IST 2026, 91 W
Wed Mar 18 18:43:37 IST 2026, 91 W
Wed Mar 18 18:43:37 IST 2026, 90 W
Wed Mar 18 18:43:38 IST 2026, 97 W
Wed Mar 18 18:43:38 IST 2026, 88 W
Wed Mar 18 18:43:38 IST 2026, 88 W
Wed Mar 18 18:43:38 IST 2026, 85 W
Wed Mar 18 18:43:39 IST 2026, 92 W
Wed Mar 18 18:43:39 IST 2026, 95 W
Wed Mar 18 18:43:39 IST 2026, 96 W
Wed Mar 18 18:43:39 IST 2026, 89 W
Wed Mar 18 18:43:40 IST 2026, 98 W
Wed Mar 18 18:43:40 IST 2026, 90 W
Wed Mar 18 18:43:40 IST 2026, 96 W
Wed Mar 18 18:43:40 IST 2026, 90 W
Wed Mar 18 18:43:41 IST 2026, 101 W
Wed Mar 18 18:43:41 IST 2026, 87 W
Wed Mar 18 18:43:41 IST 2026, 90 W
Wed Mar 18 18:43:41 IST 2026, 89 W
Wed Mar 18 18:43:42 IST 2026, 98 W
Wed Mar 18 18:43:42 IST 2026, 94 W
Wed Mar 18 18:43:42 IST 2026, 92 W
Wed Mar 18 18:43:42 IST 2026, 88 W
Wed Mar 18 18:43:43 IST 2026, 102 W
Wed Mar 18 18:43:43 IST 2026, 94 W
Wed Mar 18 18:43:43 IST 2026, 95 W
Wed Mar 18 18:43:43 IST 2026, 91 W
Wed Mar 18 18:43:44 IST 2026, 102 W
Wed Mar 18 18:43:44 IST 2026, 95 W
Wed Mar 18 18:43:44 IST 2026, 86 W
Wed Mar 18 18:43:44 IST 2026, 91 W
Wed Mar 18 18:43:45 IST 2026, 98 W
Wed Mar 18 18:43:45 IST 2026, 91 W
Wed Mar 18 18:43:45 IST 2026, 92 W
Wed Mar 18 18:43:45 IST 2026, 93 W
Wed Mar 18 18:43:46 IST 2026, 92 W
Wed Mar 18 18:43:46 IST 2026, 91 W
Wed Mar 18 18:43:46 IST 2026, 90 W
Wed Mar 18 18:43:46 IST 2026, 93 W
Wed Mar 18 18:43:47 IST 2026, 103 W
Wed Mar 18 18:43:47 IST 2026, 92 W
Wed Mar 18 18:43:47 IST 2026, 89 W
Wed Mar 18 18:43:47 IST 2026, 88 W
Wed Mar 18 18:43:48 IST 2026, 95 W
Wed Mar 18 18:43:48 IST 2026, 92 W
Wed Mar 18 18:43:48 IST 2026, 88 W
Wed Mar 18 18:43:48 IST 2026, 90 W
Wed Mar 18 18:43:49 IST 2026, 98 W
Wed Mar 18 18:43:49 IST 2026, 92 W
Wed Mar 18 18:43:49 IST 2026, 89 W
Wed Mar 18 18:43:49 IST 2026, 91 W
Wed Mar 18 18:43:50 IST 2026, 97 W
Wed Mar 18 18:43:50 IST 2026, 92 W
Wed Mar 18 18:43:50 IST 2026, 87 W
Wed Mar 18 18:43:50 IST 2026, 90 W
Wed Mar 18 18:43:51 IST 2026, 97 W
Wed Mar 18 18:43:51 IST 2026, 95 W
Wed Mar 18 18:43:51 IST 2026, 88 W
Wed Mar 18 18:43:51 IST 2026, 95 W
Wed Mar 18 18:43:52 IST 2026, 96 W
Wed Mar 18 18:43:52 IST 2026, 91 W
Wed Mar 18 18:43:52 IST 2026, 93 W
Wed Mar 18 18:43:52 IST 2026, 93 W
Wed Mar 18 18:43:53 IST 2026, 96 W
Wed Mar 18 18:43:53 IST 2026, 96 W
Wed Mar 18 18:43:53 IST 2026, 91 W
Wed Mar 18 18:43:53 IST 2026, 86 W
Wed Mar 18 18:43:54 IST 2026, 95 W
Wed Mar 18 18:43:54 IST 2026, 94 W
Wed Mar 18 18:43:54 IST 2026, 88 W
Wed Mar 18 18:43:54 IST 2026, 88 W
Wed Mar 18 18:43:55 IST 2026, 99 W
Wed Mar 18 18:43:55 IST 2026, 97 W
Wed Mar 18 18:43:55 IST 2026, 92 W
Wed Mar 18 18:43:55 IST 2026, 95 W
Wed Mar 18 18:43:56 IST 2026, 96 W
Wed Mar 18 18:43:56 IST 2026, 91 W
Wed Mar 18 18:43:56 IST 2026, 89 W
Wed Mar 18 18:43:56 IST 2026, 96 W
Wed Mar 18 18:43:57 IST 2026, 93 W
Wed Mar 18 18:43:57 IST 2026, 94 W
Wed Mar 18 18:43:57 IST 2026, 88 W
Wed Mar 18 18:43:57 IST 2026, 91 W
Wed Mar 18 18:43:58 IST 2026, 98 W
Wed Mar 18 18:43:58 IST 2026, 88 W
Wed Mar 18 18:43:58 IST 2026, 88 W
Wed Mar 18 18:43:58 IST 2026, 91 W
Wed Mar 18 18:43:59 IST 2026, 100 W
Wed Mar 18 18:43:59 IST 2026, 99 W
Wed Mar 18 18:43:59 IST 2026, 88 W
Wed Mar 18 18:43:59 IST 2026, 93 W
Wed Mar 18 18:44:00 IST 2026, 98 W
Wed Mar 18 18:44:00 IST 2026, 90 W
Wed Mar 18 18:44:00 IST 2026, 92 W
Wed Mar 18 18:44:00 IST 2026, 91 W
Wed Mar 18 18:44:01 IST 2026, 97 W
Wed Mar 18 18:44:01 IST 2026, 92 W
Wed Mar 18 18:44:01 IST 2026, 87 W
Wed Mar 18 18:44:01 IST 2026, 90 W
Wed Mar 18 18:44:02 IST 2026, 99 W
Wed Mar 18 18:44:02 IST 2026, 90 W
Wed Mar 18 18:44:02 IST 2026, 97 W
Wed Mar 18 18:44:02 IST 2026, 89 W
Wed Mar 18 18:44:03 IST 2026, 102 W
Wed Mar 18 18:44:03 IST 2026, 90 W
Wed Mar 18 18:44:03 IST 2026, 94 W
Wed Mar 18 18:44:03 IST 2026, 97 W
Wed Mar 18 18:44:04 IST 2026, 94 W
Wed Mar 18 18:44:04 IST 2026, 89 W
Wed Mar 18 18:44:04 IST 2026, 90 W
Wed Mar 18 18:44:04 IST 2026, 90 W
Wed Mar 18 18:44:05 IST 2026, 94 W
Wed Mar 18 18:44:05 IST 2026, 89 W
Wed Mar 18 18:44:05 IST 2026, 91 W
Wed Mar 18 18:44:05 IST 2026, 89 W
Wed Mar 18 18:44:06 IST 2026, 99 W
Wed Mar 18 18:44:06 IST 2026, 91 W
Wed Mar 18 18:44:06 IST 2026, 89 W
Wed Mar 18 18:44:06 IST 2026, 90 W
Wed Mar 18 18:44:07 IST 2026, 95 W
Wed Mar 18 18:44:07 IST 2026, 91 W
Wed Mar 18 18:44:07 IST 2026, 90 W
Wed Mar 18 18:44:07 IST 2026, 90 W
Wed Mar 18 18:44:08 IST 2026, 94 W
Wed Mar 18 18:44:08 IST 2026, 87 W
Wed Mar 18 18:44:08 IST 2026, 87 W
Wed Mar 18 18:44:08 IST 2026, 93 W
Wed Mar 18 18:44:09 IST 2026, 101 W
Wed Mar 18 18:44:09 IST 2026, 91 W
Wed Mar 18 18:44:09 IST 2026, 89 W
Wed Mar 18 18:44:09 IST 2026, 90 W
Wed Mar 18 18:44:10 IST 2026, 103 W
Wed Mar 18 18:44:10 IST 2026, 89 W
Wed Mar 18 18:44:10 IST 2026, 91 W
Wed Mar 18 18:44:10 IST 2026, 88 W
Wed Mar 18 18:44:11 IST 2026, 94 W
Wed Mar 18 18:44:11 IST 2026, 96 W
Wed Mar 18 18:44:11 IST 2026, 88 W
Wed Mar 18 18:44:11 IST 2026, 91 W
Wed Mar 18 18:44:12 IST 2026, 99 W
Wed Mar 18 18:44:12 IST 2026, 90 W
Wed Mar 18 18:44:12 IST 2026, 92 W
Wed Mar 18 18:44:12 IST 2026, 90 W
Wed Mar 18 18:44:13 IST 2026, 98 W
Wed Mar 18 18:44:13 IST 2026, 89 W
Wed Mar 18 18:44:13 IST 2026, 91 W
Wed Mar 18 18:44:13 IST 2026, 89 W
Wed Mar 18 18:44:14 IST 2026, 96 W
Wed Mar 18 18:44:14 IST 2026, 87 W
Wed Mar 18 18:44:14 IST 2026, 99 W
Wed Mar 18 18:44:14 IST 2026, 88 W
Wed Mar 18 18:44:15 IST 2026, 97 W
Wed Mar 18 18:44:15 IST 2026, 88 W
Wed Mar 18 18:44:15 IST 2026, 95 W
Wed Mar 18 18:44:15 IST 2026, 94 W
Wed Mar 18 18:44:16 IST 2026, 98 W
Wed Mar 18 18:44:16 IST 2026, 94 W
Wed Mar 18 18:44:16 IST 2026, 95 W
Wed Mar 18 18:44:16 IST 2026, 92 W
Wed Mar 18 18:44:17 IST 2026, 99 W
Wed Mar 18 18:44:17 IST 2026, 91 W
Wed Mar 18 18:44:17 IST 2026, 94 W
Wed Mar 18 18:44:17 IST 2026, 87 W
Wed Mar 18 18:44:18 IST 2026, 97 W
Wed Mar 18 18:44:18 IST 2026, 92 W
Wed Mar 18 18:44:18 IST 2026, 85 W
Wed Mar 18 18:44:18 IST 2026, 92 W
Wed Mar 18 18:44:19 IST 2026, 98 W
Wed Mar 18 18:44:19 IST 2026, 90 W
Wed Mar 18 18:44:19 IST 2026, 90 W
Wed Mar 18 18:44:19 IST 2026, 90 W
Wed Mar 18 18:44:20 IST 2026, 96 W
Wed Mar 18 18:44:20 IST 2026, 90 W
Wed Mar 18 18:44:20 IST 2026, 90 W
Wed Mar 18 18:44:20 IST 2026, 88 W
Wed Mar 18 18:44:21 IST 2026, 97 W
Wed Mar 18 18:44:21 IST 2026, 91 W
Wed Mar 18 18:44:21 IST 2026, 91 W
Wed Mar 18 18:44:21 IST 2026, 87 W
Wed Mar 18 18:44:22 IST 2026, 101 W
Wed Mar 18 18:44:22 IST 2026, 91 W
Wed Mar 18 18:44:22 IST 2026, 93 W
Wed Mar 18 18:44:22 IST 2026, 90 W
Wed Mar 18 18:44:23 IST 2026, 98 W
Wed Mar 18 18:44:23 IST 2026, 91 W
Wed Mar 18 18:44:23 IST 2026, 90 W
Wed Mar 18 18:44:23 IST 2026, 94 W
Wed Mar 18 18:44:24 IST 2026, 94 W
Wed Mar 18 18:44:24 IST 2026, 89 W
Wed Mar 18 18:44:24 IST 2026, 89 W
Wed Mar 18 18:44:24 IST 2026, 92 W
Wed Mar 18 18:44:25 IST 2026, 94 W
Wed Mar 18 18:44:25 IST 2026, 91 W
Wed Mar 18 18:44:25 IST 2026, 91 W
Wed Mar 18 18:44:25 IST 2026, 90 W
Wed Mar 18 18:44:26 IST 2026, 99 W
Wed Mar 18 18:44:26 IST 2026, 92 W
Wed Mar 18 18:44:26 IST 2026, 87 W
Wed Mar 18 18:44:26 IST 2026, 97 W
Wed Mar 18 18:44:27 IST 2026, 94 W
Wed Mar 18 18:44:27 IST 2026, 94 W
Wed Mar 18 18:44:27 IST 2026, 90 W
Wed Mar 18 18:44:27 IST 2026, 89 W
Wed Mar 18 18:44:28 IST 2026, 100 W
Wed Mar 18 18:44:28 IST 2026, 89 W
Wed Mar 18 18:44:28 IST 2026, 87 W
Wed Mar 18 18:44:28 IST 2026, 91 W
Wed Mar 18 18:44:29 IST 2026, 100 W
Wed Mar 18 18:44:29 IST 2026, 94 W
Wed Mar 18 18:44:29 IST 2026, 90 W
Wed Mar 18 18:44:29 IST 2026, 95 W
Wed Mar 18 18:44:30 IST 2026, 100 W
Wed Mar 18 18:44:30 IST 2026, 91 W
Wed Mar 18 18:44:30 IST 2026, 85 W
Wed Mar 18 18:44:30 IST 2026, 97 W
Wed Mar 18 18:44:31 IST 2026, 95 W
Wed Mar 18 18:44:31 IST 2026, 91 W
Wed Mar 18 18:44:31 IST 2026, 90 W
Wed Mar 18 18:44:31 IST 2026, 93 W
Wed Mar 18 18:44:32 IST 2026, 97 W
Wed Mar 18 18:44:32 IST 2026, 97 W
Wed Mar 18 18:44:32 IST 2026, 89 W
Wed Mar 18 18:44:32 IST 2026, 92 W
Wed Mar 18 18:44:33 IST 2026, 94 W
Wed Mar 18 18:44:33 IST 2026, 96 W
Wed Mar 18 18:44:33 IST 2026, 90 W
Wed Mar 18 18:44:33 IST 2026, 91 W
Wed Mar 18 18:44:34 IST 2026, 100 W
Wed Mar 18 18:44:34 IST 2026, 89 W
Wed Mar 18 18:44:34 IST 2026, 89 W
Wed Mar 18 18:44:34 IST 2026, 94 W
Wed Mar 18 18:44:35 IST 2026, 96 W
Wed Mar 18 18:44:35 IST 2026, 93 W
Wed Mar 18 18:44:35 IST 2026, 89 W
Wed Mar 18 18:44:35 IST 2026, 95 W
Wed Mar 18 18:44:36 IST 2026, 92 W
Wed Mar 18 18:44:36 IST 2026, 92 W
Wed Mar 18 18:44:36 IST 2026, 92 W
Wed Mar 18 18:44:36 IST 2026, 90 W
Wed Mar 18 18:44:37 IST 2026, 97 W
Wed Mar 18 18:44:37 IST 2026, 96 W
Wed Mar 18 18:44:37 IST 2026, 92 W
Wed Mar 18 18:44:37 IST 2026, 88 W
Wed Mar 18 18:44:38 IST 2026, 96 W
Wed Mar 18 18:44:38 IST 2026, 89 W
Wed Mar 18 18:44:38 IST 2026, 87 W
Wed Mar 18 18:44:38 IST 2026, 87 W
Wed Mar 18 18:44:39 IST 2026, 98 W
Wed Mar 18 18:44:39 IST 2026, 93 W
Wed Mar 18 18:44:39 IST 2026, 93 W
Wed Mar 18 18:44:39 IST 2026, 97 W
Wed Mar 18 18:44:40 IST 2026, 97 W
Wed Mar 18 18:44:40 IST 2026, 92 W
Wed Mar 18 18:44:40 IST 2026, 89 W
Wed Mar 18 18:44:40 IST 2026, 89 W
Wed Mar 18 18:44:41 IST 2026, 103 W
Wed Mar 18 18:44:41 IST 2026, 91 W
Wed Mar 18 18:44:41 IST 2026, 85 W
Wed Mar 18 18:44:41 IST 2026, 90 W
Wed Mar 18 18:44:42 IST 2026, 102 W
Wed Mar 18 18:44:42 IST 2026, 93 W
Wed Mar 18 18:44:42 IST 2026, 90 W
Wed Mar 18 18:44:42 IST 2026, 89 W
Wed Mar 18 18:44:43 IST 2026, 100 W
Wed Mar 18 18:44:43 IST 2026, 95 W
Wed Mar 18 18:44:43 IST 2026, 87 W
Wed Mar 18 18:44:43 IST 2026, 89 W
Wed Mar 18 18:44:44 IST 2026, 97 W
Wed Mar 18 18:44:44 IST 2026, 91 W
Wed Mar 18 18:44:44 IST 2026, 88 W
Wed Mar 18 18:44:44 IST 2026, 86 W
Wed Mar 18 18:44:45 IST 2026, 99 W
Wed Mar 18 18:44:45 IST 2026, 90 W
Wed Mar 18 18:44:45 IST 2026, 85 W
Wed Mar 18 18:44:45 IST 2026, 89 W
Wed Mar 18 18:44:46 IST 2026, 97 W
Wed Mar 18 18:44:46 IST 2026, 86 W
Wed Mar 18 18:44:46 IST 2026, 86 W
Wed Mar 18 18:44:46 IST 2026, 90 W
Wed Mar 18 18:44:47 IST 2026, 102 W
Wed Mar 18 18:44:47 IST 2026, 89 W
Wed Mar 18 18:44:47 IST 2026, 90 W
Wed Mar 18 18:44:47 IST 2026, 88 W
Wed Mar 18 18:44:48 IST 2026, 97 W
Wed Mar 18 18:44:48 IST 2026, 90 W
Wed Mar 18 18:44:48 IST 2026, 93 W
Wed Mar 18 18:44:48 IST 2026, 92 W
Wed Mar 18 18:44:49 IST 2026, 96 W
Wed Mar 18 18:44:49 IST 2026, 93 W
Wed Mar 18 18:44:49 IST 2026, 96 W
Wed Mar 18 18:44:49 IST 2026, 91 W
Wed Mar 18 18:44:50 IST 2026, 98 W
Wed Mar 18 18:44:50 IST 2026, 95 W
Wed Mar 18 18:44:50 IST 2026, 94 W
Wed Mar 18 18:44:50 IST 2026, 88 W
Wed Mar 18 18:44:51 IST 2026, 98 W
Wed Mar 18 18:44:51 IST 2026, 96 W
Wed Mar 18 18:44:51 IST 2026, 86 W
Wed Mar 18 18:44:51 IST 2026, 92 W
Wed Mar 18 18:44:52 IST 2026, 101 W
Wed Mar 18 18:44:52 IST 2026, 96 W
Wed Mar 18 18:44:52 IST 2026, 95 W
Wed Mar 18 18:44:52 IST 2026, 90 W
Wed Mar 18 18:44:53 IST 2026, 98 W
Wed Mar 18 18:44:53 IST 2026, 89 W
Wed Mar 18 18:44:53 IST 2026, 89 W
Wed Mar 18 18:44:53 IST 2026, 92 W
Wed Mar 18 18:44:54 IST 2026, 103 W
Wed Mar 18 18:44:54 IST 2026, 87 W
Wed Mar 18 18:44:54 IST 2026, 93 W
Wed Mar 18 18:44:54 IST 2026, 98 W
Wed Mar 18 18:44:55 IST 2026, 93 W
Wed Mar 18 18:44:55 IST 2026, 89 W
Wed Mar 18 18:44:55 IST 2026, 90 W
Wed Mar 18 18:44:55 IST 2026, 93 W
Wed Mar 18 18:44:56 IST 2026, 93 W
Wed Mar 18 18:44:56 IST 2026, 89 W
Wed Mar 18 18:44:56 IST 2026, 93 W
Wed Mar 18 18:44:56 IST 2026, 90 W
Wed Mar 18 18:44:57 IST 2026, 94 W
Wed Mar 18 18:44:57 IST 2026, 94 W
Wed Mar 18 18:44:57 IST 2026, 91 W
Wed Mar 18 18:44:57 IST 2026, 91 W
Wed Mar 18 18:44:58 IST 2026, 92 W
Wed Mar 18 18:44:58 IST 2026, 85 W
Wed Mar 18 18:44:58 IST 2026, 94 W
Wed Mar 18 18:44:58 IST 2026, 89 W
Wed Mar 18 18:44:59 IST 2026, 98 W
Wed Mar 18 18:44:59 IST 2026, 87 W
Wed Mar 18 18:44:59 IST 2026, 92 W
Wed Mar 18 18:44:59 IST 2026, 97 W
Wed Mar 18 18:45:00 IST 2026, 98 W
Wed Mar 18 18:45:00 IST 2026, 91 W
Wed Mar 18 18:45:00 IST 2026, 92 W
Wed Mar 18 18:45:00 IST 2026, 92 W
Wed Mar 18 18:45:01 IST 2026, 99 W
Wed Mar 18 18:45:01 IST 2026, 89 W
Wed Mar 18 18:45:01 IST 2026, 92 W
Wed Mar 18 18:45:01 IST 2026, 92 W
Wed Mar 18 18:45:02 IST 2026, 96 W
Wed Mar 18 18:45:02 IST 2026, 90 W
Wed Mar 18 18:45:02 IST 2026, 89 W
Wed Mar 18 18:45:02 IST 2026, 91 W
Wed Mar 18 18:45:03 IST 2026, 94 W
Wed Mar 18 18:45:03 IST 2026, 88 W
Wed Mar 18 18:45:03 IST 2026, 87 W
Wed Mar 18 18:45:03 IST 2026, 87 W
Wed Mar 18 18:45:04 IST 2026, 97 W
Wed Mar 18 18:45:04 IST 2026, 90 W
Wed Mar 18 18:45:04 IST 2026, 91 W
Wed Mar 18 18:45:04 IST 2026, 98 W
Wed Mar 18 18:45:05 IST 2026, 94 W
Wed Mar 18 18:45:05 IST 2026, 86 W
Wed Mar 18 18:45:05 IST 2026, 92 W
Wed Mar 18 18:45:05 IST 2026, 90 W
Wed Mar 18 18:45:06 IST 2026, 97 W
Wed Mar 18 18:45:06 IST 2026, 93 W
Wed Mar 18 18:45:06 IST 2026, 91 W
Wed Mar 18 18:45:06 IST 2026, 94 W
Wed Mar 18 18:45:07 IST 2026, 96 W
Wed Mar 18 18:45:07 IST 2026, 89 W
Wed Mar 18 18:45:07 IST 2026, 95 W
Wed Mar 18 18:45:07 IST 2026, 95 W
Wed Mar 18 18:45:08 IST 2026, 92 W
Wed Mar 18 18:45:08 IST 2026, 90 W
Wed Mar 18 18:45:08 IST 2026, 92 W
Wed Mar 18 18:45:08 IST 2026, 93 W
Wed Mar 18 18:45:09 IST 2026, 95 W
Wed Mar 18 18:45:09 IST 2026, 91 W
Wed Mar 18 18:45:09 IST 2026, 92 W
Wed Mar 18 18:45:09 IST 2026, 96 W
Wed Mar 18 18:45:10 IST 2026, 102 W
Wed Mar 18 18:45:10 IST 2026, 94 W
Wed Mar 18 18:45:10 IST 2026, 93 W
Wed Mar 18 18:45:10 IST 2026, 92 W
Wed Mar 18 18:45:11 IST 2026, 96 W
Wed Mar 18 18:45:11 IST 2026, 95 W
Wed Mar 18 18:45:11 IST 2026, 87 W
Wed Mar 18 18:45:11 IST 2026, 91 W
Wed Mar 18 18:45:12 IST 2026, 93 W
Wed Mar 18 18:45:12 IST 2026, 89 W
Wed Mar 18 18:45:12 IST 2026, 90 W
Wed Mar 18 18:45:12 IST 2026, 94 W
Wed Mar 18 18:45:13 IST 2026, 99 W
Wed Mar 18 18:45:13 IST 2026, 91 W
Wed Mar 18 18:45:13 IST 2026, 88 W
Wed Mar 18 18:45:13 IST 2026, 91 W
Wed Mar 18 18:45:14 IST 2026, 94 W
Wed Mar 18 18:45:14 IST 2026, 90 W
Wed Mar 18 18:45:14 IST 2026, 89 W
Wed Mar 18 18:45:14 IST 2026, 93 W
Wed Mar 18 18:45:15 IST 2026, 101 W
Wed Mar 18 18:45:15 IST 2026, 91 W
Wed Mar 18 18:45:15 IST 2026, 90 W
Wed Mar 18 18:45:15 IST 2026, 85 W
Wed Mar 18 18:45:16 IST 2026, 96 W
Wed Mar 18 18:45:16 IST 2026, 94 W
Wed Mar 18 18:45:16 IST 2026, 88 W
Wed Mar 18 18:45:16 IST 2026, 93 W
Wed Mar 18 18:45:17 IST 2026, 95 W
Wed Mar 18 18:45:17 IST 2026, 94 W
Wed Mar 18 18:45:17 IST 2026, 90 W
Wed Mar 18 18:45:17 IST 2026, 92 W
Wed Mar 18 18:45:18 IST 2026, 100 W
Wed Mar 18 18:45:18 IST 2026, 93 W
Wed Mar 18 18:45:18 IST 2026, 96 W
Wed Mar 18 18:45:18 IST 2026, 90 W
Wed Mar 18 18:45:19 IST 2026, 94 W
Wed Mar 18 18:45:19 IST 2026, 91 W
Wed Mar 18 18:45:19 IST 2026, 89 W
Wed Mar 18 18:45:19 IST 2026, 91 W
Wed Mar 18 18:45:20 IST 2026, 95 W
Wed Mar 18 18:45:20 IST 2026, 93 W
Wed Mar 18 18:45:20 IST 2026, 96 W
Wed Mar 18 18:45:20 IST 2026, 95 W
Wed Mar 18 18:45:21 IST 2026, 100 W
Wed Mar 18 18:45:21 IST 2026, 93 W
Wed Mar 18 18:45:21 IST 2026, 93 W
Wed Mar 18 18:45:21 IST 2026, 85 W
Wed Mar 18 18:45:22 IST 2026, 95 W
Wed Mar 18 18:45:22 IST 2026, 92 W
Wed Mar 18 18:45:22 IST 2026, 92 W
Wed Mar 18 18:45:22 IST 2026, 90 W
Wed Mar 18 18:45:23 IST 2026, 96 W
Wed Mar 18 18:45:23 IST 2026, 91 W
Wed Mar 18 18:45:23 IST 2026, 91 W
Wed Mar 18 18:45:23 IST 2026, 90 W
Wed Mar 18 18:45:24 IST 2026, 94 W
Wed Mar 18 18:45:24 IST 2026, 89 W
Wed Mar 18 18:45:24 IST 2026, 85 W
Wed Mar 18 18:45:24 IST 2026, 88 W
Wed Mar 18 18:45:25 IST 2026, 98 W
Wed Mar 18 18:45:25 IST 2026, 94 W
Wed Mar 18 18:45:25 IST 2026, 91 W
Wed Mar 18 18:45:25 IST 2026, 87 W
Wed Mar 18 18:45:26 IST 2026, 99 W
Wed Mar 18 18:45:26 IST 2026, 94 W
Wed Mar 18 18:45:26 IST 2026, 92 W
Wed Mar 18 18:45:26 IST 2026, 89 W
Wed Mar 18 18:45:27 IST 2026, 94 W
Wed Mar 18 18:45:27 IST 2026, 95 W
Wed Mar 18 18:45:27 IST 2026, 91 W
Wed Mar 18 18:45:27 IST 2026, 90 W
Wed Mar 18 18:45:28 IST 2026, 95 W
Wed Mar 18 18:45:28 IST 2026, 86 W
Wed Mar 18 18:45:28 IST 2026, 91 W
Wed Mar 18 18:45:28 IST 2026, 90 W
Wed Mar 18 18:45:29 IST 2026, 92 W
Wed Mar 18 18:45:29 IST 2026, 88 W
Wed Mar 18 18:45:29 IST 2026, 91 W
Wed Mar 18 18:45:29 IST 2026, 86 W
Wed Mar 18 18:45:30 IST 2026, 97 W
Wed Mar 18 18:45:30 IST 2026, 90 W
Wed Mar 18 18:45:30 IST 2026, 90 W
Wed Mar 18 18:45:30 IST 2026, 97 W
Wed Mar 18 18:45:31 IST 2026, 99 W
Wed Mar 18 18:45:31 IST 2026, 92 W
Wed Mar 18 18:45:31 IST 2026, 89 W
Wed Mar 18 18:45:31 IST 2026, 91 W
Wed Mar 18 18:45:32 IST 2026, 97 W
Wed Mar 18 18:45:32 IST 2026, 90 W
Wed Mar 18 18:45:32 IST 2026, 94 W
Wed Mar 18 18:45:32 IST 2026, 96 W
Wed Mar 18 18:45:33 IST 2026, 97 W
Wed Mar 18 18:45:33 IST 2026, 88 W
Wed Mar 18 18:45:33 IST 2026, 91 W
Wed Mar 18 18:45:33 IST 2026, 92 W
Wed Mar 18 18:45:34 IST 2026, 92 W
Wed Mar 18 18:45:34 IST 2026, 86 W
Wed Mar 18 18:45:34 IST 2026, 88 W
Wed Mar 18 18:45:34 IST 2026, 88 W
Wed Mar 18 18:45:35 IST 2026, 99 W
Wed Mar 18 18:45:35 IST 2026, 90 W
Wed Mar 18 18:45:35 IST 2026, 90 W
Wed Mar 18 18:45:35 IST 2026, 91 W
Wed Mar 18 18:45:36 IST 2026, 94 W
Wed Mar 18 18:45:36 IST 2026, 90 W
Wed Mar 18 18:45:36 IST 2026, 87 W
Wed Mar 18 18:45:36 IST 2026, 91 W
Wed Mar 18 18:45:37 IST 2026, 94 W
Wed Mar 18 18:45:37 IST 2026, 90 W
Wed Mar 18 18:45:37 IST 2026, 90 W
Wed Mar 18 18:45:37 IST 2026, 90 W
Wed Mar 18 18:45:38 IST 2026, 97 W
Wed Mar 18 18:45:38 IST 2026, 90 W
Wed Mar 18 18:45:38 IST 2026, 94 W
Wed Mar 18 18:45:38 IST 2026, 89 W
Wed Mar 18 18:45:39 IST 2026, 97 W
Wed Mar 18 18:45:39 IST 2026, 90 W
Wed Mar 18 18:45:39 IST 2026, 93 W
Wed Mar 18 18:45:39 IST 2026, 86 W
Wed Mar 18 18:45:40 IST 2026, 95 W
Wed Mar 18 18:45:40 IST 2026, 92 W
Wed Mar 18 18:45:40 IST 2026, 93 W
Wed Mar 18 18:45:40 IST 2026, 87 W
Wed Mar 18 18:45:41 IST 2026, 99 W
Wed Mar 18 18:45:41 IST 2026, 91 W
Wed Mar 18 18:45:41 IST 2026, 88 W
Wed Mar 18 18:45:41 IST 2026, 97 W
Wed Mar 18 18:45:42 IST 2026, 97 W
Wed Mar 18 18:45:42 IST 2026, 89 W
Wed Mar 18 18:45:42 IST 2026, 87 W
Wed Mar 18 18:45:42 IST 2026, 92 W
Wed Mar 18 18:45:43 IST 2026, 96 W
Wed Mar 18 18:45:43 IST 2026, 93 W
Wed Mar 18 18:45:43 IST 2026, 92 W
Wed Mar 18 18:45:43 IST 2026, 88 W
Wed Mar 18 18:45:44 IST 2026, 94 W
Wed Mar 18 18:45:44 IST 2026, 93 W
Wed Mar 18 18:45:44 IST 2026, 96 W
Wed Mar 18 18:45:44 IST 2026, 88 W
Wed Mar 18 18:45:45 IST 2026, 95 W
Wed Mar 18 18:45:45 IST 2026, 92 W
Wed Mar 18 18:45:45 IST 2026, 92 W
Wed Mar 18 18:45:45 IST 2026, 94 W
Wed Mar 18 18:45:46 IST 2026, 92 W
Wed Mar 18 18:45:46 IST 2026, 91 W
Wed Mar 18 18:45:46 IST 2026, 92 W
Wed Mar 18 18:45:46 IST 2026, 94 W
Wed Mar 18 18:45:47 IST 2026, 99 W
Wed Mar 18 18:45:47 IST 2026, 88 W
Wed Mar 18 18:45:47 IST 2026, 93 W
Wed Mar 18 18:45:47 IST 2026, 92 W
Wed Mar 18 18:45:48 IST 2026, 103 W
Wed Mar 18 18:45:48 IST 2026, 93 W
Wed Mar 18 18:45:48 IST 2026, 89 W
Wed Mar 18 18:45:48 IST 2026, 84 W
Wed Mar 18 18:45:49 IST 2026, 97 W
Wed Mar 18 18:45:49 IST 2026, 92 W
Wed Mar 18 18:45:49 IST 2026, 89 W
Wed Mar 18 18:45:49 IST 2026, 87 W
Wed Mar 18 18:45:50 IST 2026, 101 W
Wed Mar 18 18:45:50 IST 2026, 90 W
Wed Mar 18 18:45:50 IST 2026, 90 W
Wed Mar 18 18:45:50 IST 2026, 94 W
Wed Mar 18 18:45:52 IST 2026, 94 W
Wed Mar 18 18:45:52 IST 2026, 90 W
Wed Mar 18 18:45:52 IST 2026, 93 W
Wed Mar 18 18:45:52 IST 2026, 86 W
Wed Mar 18 18:45:52 IST 2026, 101 W
Wed Mar 18 18:45:52 IST 2026, 90 W
Wed Mar 18 18:45:52 IST 2026, 96 W
Wed Mar 18 18:45:52 IST 2026, 94 W
Wed Mar 18 18:45:53 IST 2026, 95 W
Wed Mar 18 18:45:53 IST 2026, 90 W
Wed Mar 18 18:45:53 IST 2026, 93 W
Wed Mar 18 18:45:53 IST 2026, 90 W
Wed Mar 18 18:45:54 IST 2026, 101 W
Wed Mar 18 18:45:54 IST 2026, 89 W
Wed Mar 18 18:45:54 IST 2026, 96 W
Wed Mar 18 18:45:54 IST 2026, 92 W
Wed Mar 18 18:45:55 IST 2026, 94 W
Wed Mar 18 18:45:55 IST 2026, 88 W
Wed Mar 18 18:45:55 IST 2026, 88 W
Wed Mar 18 18:45:55 IST 2026, 93 W
Wed Mar 18 18:45:56 IST 2026, 98 W
Wed Mar 18 18:45:56 IST 2026, 91 W
Wed Mar 18 18:45:56 IST 2026, 91 W
Wed Mar 18 18:45:56 IST 2026, 91 W
Wed Mar 18 18:45:57 IST 2026, 93 W
Wed Mar 18 18:45:57 IST 2026, 91 W
Wed Mar 18 18:45:57 IST 2026, 90 W
Wed Mar 18 18:45:57 IST 2026, 95 W
Wed Mar 18 18:45:58 IST 2026, 102 W
Wed Mar 18 18:45:58 IST 2026, 93 W
Wed Mar 18 18:45:58 IST 2026, 91 W
Wed Mar 18 18:45:58 IST 2026, 90 W
Wed Mar 18 18:45:59 IST 2026, 102 W
Wed Mar 18 18:45:59 IST 2026, 89 W
Wed Mar 18 18:45:59 IST 2026, 91 W
Wed Mar 18 18:45:59 IST 2026, 95 W
Wed Mar 18 18:46:00 IST 2026, 98 W
Wed Mar 18 18:46:00 IST 2026, 93 W
Wed Mar 18 18:46:00 IST 2026, 90 W
Wed Mar 18 18:46:00 IST 2026, 93 W
Wed Mar 18 18:46:01 IST 2026, 93 W
Wed Mar 18 18:46:01 IST 2026, 88 W
Wed Mar 18 18:46:01 IST 2026, 88 W
Wed Mar 18 18:46:01 IST 2026, 89 W
Wed Mar 18 18:46:02 IST 2026, 103 W
Wed Mar 18 18:46:02 IST 2026, 94 W
Wed Mar 18 18:46:02 IST 2026, 88 W
Wed Mar 18 18:46:02 IST 2026, 94 W
Wed Mar 18 18:46:03 IST 2026, 94 W
Wed Mar 18 18:46:03 IST 2026, 90 W
Wed Mar 18 18:46:03 IST 2026, 97 W
Wed Mar 18 18:46:03 IST 2026, 87 W
Wed Mar 18 18:46:04 IST 2026, 97 W
Wed Mar 18 18:46:04 IST 2026, 88 W
Wed Mar 18 18:46:04 IST 2026, 92 W
Wed Mar 18 18:46:04 IST 2026, 90 W
Wed Mar 18 18:46:05 IST 2026, 101 W
Wed Mar 18 18:46:05 IST 2026, 95 W
Wed Mar 18 18:46:05 IST 2026, 94 W
Wed Mar 18 18:46:05 IST 2026, 93 W
Wed Mar 18 18:46:06 IST 2026, 95 W
Wed Mar 18 18:46:06 IST 2026, 90 W
Wed Mar 18 18:46:06 IST 2026, 92 W
Wed Mar 18 18:46:06 IST 2026, 92 W
Wed Mar 18 18:46:07 IST 2026, 93 W
Wed Mar 18 18:46:07 IST 2026, 96 W
Wed Mar 18 18:46:07 IST 2026, 88 W
Wed Mar 18 18:46:07 IST 2026, 90 W
Wed Mar 18 18:46:08 IST 2026, 102 W
Wed Mar 18 18:46:08 IST 2026, 91 W
Wed Mar 18 18:46:08 IST 2026, 88 W
Wed Mar 18 18:46:08 IST 2026, 94 W
Wed Mar 18 18:46:09 IST 2026, 95 W
Wed Mar 18 18:46:09 IST 2026, 90 W
Wed Mar 18 18:46:09 IST 2026, 92 W
Wed Mar 18 18:46:09 IST 2026, 94 W
Wed Mar 18 18:46:10 IST 2026, 98 W
Wed Mar 18 18:46:10 IST 2026, 90 W
Wed Mar 18 18:46:10 IST 2026, 91 W
Wed Mar 18 18:46:10 IST 2026, 90 W
Wed Mar 18 18:46:11 IST 2026, 102 W
Wed Mar 18 18:46:11 IST 2026, 92 W
Wed Mar 18 18:46:11 IST 2026, 93 W
Wed Mar 18 18:46:11 IST 2026, 93 W
Wed Mar 18 18:46:12 IST 2026, 100 W
Wed Mar 18 18:46:12 IST 2026, 92 W
Wed Mar 18 18:46:12 IST 2026, 93 W
Wed Mar 18 18:46:12 IST 2026, 90 W
Wed Mar 18 18:46:13 IST 2026, 94 W
Wed Mar 18 18:46:13 IST 2026, 91 W
Wed Mar 18 18:46:13 IST 2026, 89 W
Wed Mar 18 18:46:13 IST 2026, 91 W
Wed Mar 18 18:46:14 IST 2026, 97 W
Wed Mar 18 18:46:14 IST 2026, 93 W
Wed Mar 18 18:46:14 IST 2026, 89 W
Wed Mar 18 18:46:14 IST 2026, 93 W
Wed Mar 18 18:46:15 IST 2026, 98 W
Wed Mar 18 18:46:15 IST 2026, 89 W
Wed Mar 18 18:46:15 IST 2026, 91 W
Wed Mar 18 18:46:15 IST 2026, 90 W
Wed Mar 18 18:46:16 IST 2026, 94 W
Wed Mar 18 18:46:16 IST 2026, 88 W
Wed Mar 18 18:46:16 IST 2026, 90 W
Wed Mar 18 18:46:16 IST 2026, 86 W
Wed Mar 18 18:46:17 IST 2026, 96 W
Wed Mar 18 18:46:17 IST 2026, 94 W
Wed Mar 18 18:46:17 IST 2026, 90 W
Wed Mar 18 18:46:17 IST 2026, 94 W
Wed Mar 18 18:46:18 IST 2026, 95 W
Wed Mar 18 18:46:18 IST 2026, 89 W
Wed Mar 18 18:46:18 IST 2026, 92 W
Wed Mar 18 18:46:18 IST 2026, 88 W
Wed Mar 18 18:46:19 IST 2026, 97 W
Wed Mar 18 18:46:19 IST 2026, 90 W
Wed Mar 18 18:46:19 IST 2026, 89 W
Wed Mar 18 18:46:19 IST 2026, 91 W
Wed Mar 18 18:46:20 IST 2026, 96 W
Wed Mar 18 18:46:20 IST 2026, 96 W
Wed Mar 18 18:46:20 IST 2026, 94 W
Wed Mar 18 18:46:20 IST 2026, 88 W
Wed Mar 18 18:46:21 IST 2026, 100 W
Wed Mar 18 18:46:21 IST 2026, 94 W
Wed Mar 18 18:46:21 IST 2026, 90 W
Wed Mar 18 18:46:21 IST 2026, 88 W
Wed Mar 18 18:46:22 IST 2026, 94 W
Wed Mar 18 18:46:22 IST 2026, 88 W
Wed Mar 18 18:46:22 IST 2026, 89 W
Wed Mar 18 18:46:22 IST 2026, 96 W
Wed Mar 18 18:46:23 IST 2026, 96 W
Wed Mar 18 18:46:23 IST 2026, 91 W
Wed Mar 18 18:46:23 IST 2026, 93 W
Wed Mar 18 18:46:23 IST 2026, 99 W
Wed Mar 18 18:46:24 IST 2026, 102 W
Wed Mar 18 18:46:24 IST 2026, 93 W
Wed Mar 18 18:46:24 IST 2026, 92 W
Wed Mar 18 18:46:24 IST 2026, 90 W
Wed Mar 18 18:46:25 IST 2026, 98 W
Wed Mar 18 18:46:25 IST 2026, 96 W
Wed Mar 18 18:46:25 IST 2026, 92 W
Wed Mar 18 18:46:25 IST 2026, 87 W
Wed Mar 18 18:46:26 IST 2026, 102 W
Wed Mar 18 18:46:26 IST 2026, 95 W
Wed Mar 18 18:46:26 IST 2026, 90 W
Wed Mar 18 18:46:26 IST 2026, 92 W
Wed Mar 18 18:46:27 IST 2026, 102 W
Wed Mar 18 18:46:27 IST 2026, 94 W
Wed Mar 18 18:46:27 IST 2026, 93 W
Wed Mar 18 18:46:27 IST 2026, 92 W
Wed Mar 18 18:46:28 IST 2026, 96 W
Wed Mar 18 18:46:28 IST 2026, 86 W
Wed Mar 18 18:46:28 IST 2026, 90 W
Wed Mar 18 18:46:28 IST 2026, 98 W
Wed Mar 18 18:46:29 IST 2026, 96 W
Wed Mar 18 18:46:29 IST 2026, 94 W
Wed Mar 18 18:46:29 IST 2026, 90 W
Wed Mar 18 18:46:29 IST 2026, 95 W
Wed Mar 18 18:46:30 IST 2026, 103 W
Wed Mar 18 18:46:30 IST 2026, 90 W
Wed Mar 18 18:46:30 IST 2026, 91 W
Wed Mar 18 18:46:30 IST 2026, 87 W
Wed Mar 18 18:46:31 IST 2026, 99 W
Wed Mar 18 18:46:31 IST 2026, 92 W
Wed Mar 18 18:46:31 IST 2026, 95 W
Wed Mar 18 18:46:31 IST 2026, 90 W
Wed Mar 18 18:46:32 IST 2026, 98 W
Wed Mar 18 18:46:32 IST 2026, 88 W
Wed Mar 18 18:46:32 IST 2026, 87 W
Wed Mar 18 18:46:32 IST 2026, 95 W
Wed Mar 18 18:46:33 IST 2026, 99 W
Wed Mar 18 18:46:33 IST 2026, 98 W
Wed Mar 18 18:46:33 IST 2026, 88 W
Wed Mar 18 18:46:33 IST 2026, 88 W
Wed Mar 18 18:46:34 IST 2026, 93 W
Wed Mar 18 18:46:34 IST 2026, 89 W
Wed Mar 18 18:46:34 IST 2026, 90 W
Wed Mar 18 18:46:34 IST 2026, 94 W
Wed Mar 18 18:46:35 IST 2026, 93 W
Wed Mar 18 18:46:35 IST 2026, 90 W
Wed Mar 18 18:46:35 IST 2026, 91 W
Wed Mar 18 18:46:35 IST 2026, 90 W
Wed Mar 18 18:46:36 IST 2026, 93 W
Wed Mar 18 18:46:36 IST 2026, 95 W
Wed Mar 18 18:46:36 IST 2026, 91 W
Wed Mar 18 18:46:36 IST 2026, 90 W
Wed Mar 18 18:46:37 IST 2026, 96 W
Wed Mar 18 18:46:37 IST 2026, 93 W
Wed Mar 18 18:46:37 IST 2026, 90 W
Wed Mar 18 18:46:37 IST 2026, 85 W
Wed Mar 18 18:46:38 IST 2026, 102 W
Wed Mar 18 18:46:38 IST 2026, 95 W
Wed Mar 18 18:46:38 IST 2026, 94 W
Wed Mar 18 18:46:38 IST 2026, 95 W
Wed Mar 18 18:46:39 IST 2026, 101 W
Wed Mar 18 18:46:39 IST 2026, 94 W
Wed Mar 18 18:46:39 IST 2026, 90 W
Wed Mar 18 18:46:39 IST 2026, 86 W
Wed Mar 18 18:46:40 IST 2026, 100 W
Wed Mar 18 18:46:40 IST 2026, 92 W
Wed Mar 18 18:46:40 IST 2026, 95 W
Wed Mar 18 18:46:40 IST 2026, 89 W
Wed Mar 18 18:46:41 IST 2026, 92 W
Wed Mar 18 18:46:41 IST 2026, 92 W
Wed Mar 18 18:46:41 IST 2026, 92 W
Wed Mar 18 18:46:41 IST 2026, 92 W
Wed Mar 18 18:46:42 IST 2026, 97 W
Wed Mar 18 18:46:42 IST 2026, 93 W
Wed Mar 18 18:46:42 IST 2026, 90 W
Wed Mar 18 18:46:42 IST 2026, 93 W
Wed Mar 18 18:46:43 IST 2026, 100 W
Wed Mar 18 18:46:43 IST 2026, 89 W
Wed Mar 18 18:46:43 IST 2026, 90 W
Wed Mar 18 18:46:43 IST 2026, 89 W
Wed Mar 18 18:46:44 IST 2026, 96 W
Wed Mar 18 18:46:44 IST 2026, 91 W
Wed Mar 18 18:46:44 IST 2026, 85 W
Wed Mar 18 18:46:44 IST 2026, 98 W
Wed Mar 18 18:46:45 IST 2026, 96 W
Wed Mar 18 18:46:45 IST 2026, 89 W
Wed Mar 18 18:46:45 IST 2026, 86 W
Wed Mar 18 18:46:45 IST 2026, 93 W
Wed Mar 18 18:46:46 IST 2026, 96 W
Wed Mar 18 18:46:46 IST 2026, 89 W
Wed Mar 18 18:46:46 IST 2026, 86 W
Wed Mar 18 18:46:46 IST 2026, 94 W
Wed Mar 18 18:46:47 IST 2026, 94 W
Wed Mar 18 18:46:47 IST 2026, 89 W
Wed Mar 18 18:46:47 IST 2026, 91 W
Wed Mar 18 18:46:47 IST 2026, 90 W
Wed Mar 18 18:46:48 IST 2026, 99 W
Wed Mar 18 18:46:48 IST 2026, 91 W
Wed Mar 18 18:46:48 IST 2026, 88 W
Wed Mar 18 18:46:48 IST 2026, 90 W
Wed Mar 18 18:46:49 IST 2026, 98 W
Wed Mar 18 18:46:49 IST 2026, 93 W
Wed Mar 18 18:46:49 IST 2026, 89 W
Wed Mar 18 18:46:49 IST 2026, 84 W
Wed Mar 18 18:46:50 IST 2026, 101 W
Wed Mar 18 18:46:50 IST 2026, 89 W
Wed Mar 18 18:46:50 IST 2026, 87 W
Wed Mar 18 18:46:50 IST 2026, 93 W
Wed Mar 18 18:46:51 IST 2026, 97 W
Wed Mar 18 18:46:51 IST 2026, 91 W
Wed Mar 18 18:46:51 IST 2026, 90 W
Wed Mar 18 18:46:51 IST 2026, 92 W
Wed Mar 18 18:46:52 IST 2026, 96 W
Wed Mar 18 18:46:52 IST 2026, 93 W
Wed Mar 18 18:46:52 IST 2026, 96 W
Wed Mar 18 18:46:52 IST 2026, 87 W
Wed Mar 18 18:46:53 IST 2026, 100 W
Wed Mar 18 18:46:53 IST 2026, 98 W
Wed Mar 18 18:46:53 IST 2026, 87 W
Wed Mar 18 18:46:53 IST 2026, 97 W
Wed Mar 18 18:46:54 IST 2026, 96 W
Wed Mar 18 18:46:54 IST 2026, 93 W
Wed Mar 18 18:46:54 IST 2026, 90 W
Wed Mar 18 18:46:54 IST 2026, 93 W
Wed Mar 18 18:46:55 IST 2026, 96 W
Wed Mar 18 18:46:55 IST 2026, 89 W
Wed Mar 18 18:46:55 IST 2026, 88 W
Wed Mar 18 18:46:55 IST 2026, 95 W
Wed Mar 18 18:46:56 IST 2026, 95 W
Wed Mar 18 18:46:56 IST 2026, 90 W
Wed Mar 18 18:46:56 IST 2026, 90 W
Wed Mar 18 18:46:56 IST 2026, 91 W
Wed Mar 18 18:46:57 IST 2026, 102 W
Wed Mar 18 18:46:57 IST 2026, 92 W
Wed Mar 18 18:46:57 IST 2026, 92 W
Wed Mar 18 18:46:57 IST 2026, 87 W
Wed Mar 18 18:46:58 IST 2026, 94 W
Wed Mar 18 18:46:58 IST 2026, 90 W
Wed Mar 18 18:46:58 IST 2026, 89 W
Wed Mar 18 18:46:58 IST 2026, 93 W
Wed Mar 18 18:46:59 IST 2026, 97 W
Wed Mar 18 18:46:59 IST 2026, 91 W
Wed Mar 18 18:46:59 IST 2026, 89 W
Wed Mar 18 18:46:59 IST 2026, 93 W
Wed Mar 18 18:47:00 IST 2026, 98 W
Wed Mar 18 18:47:00 IST 2026, 91 W
Wed Mar 18 18:47:00 IST 2026, 92 W
Wed Mar 18 18:47:00 IST 2026, 92 W
Wed Mar 18 18:47:01 IST 2026, 94 W
Wed Mar 18 18:47:01 IST 2026, 98 W
Wed Mar 18 18:47:01 IST 2026, 91 W
Wed Mar 18 18:47:01 IST 2026, 86 W
Wed Mar 18 18:47:02 IST 2026, 97 W
Wed Mar 18 18:47:02 IST 2026, 92 W
Wed Mar 18 18:47:02 IST 2026, 92 W
Wed Mar 18 18:47:02 IST 2026, 92 W
Wed Mar 18 18:47:03 IST 2026, 98 W
Wed Mar 18 18:47:03 IST 2026, 89 W
Wed Mar 18 18:47:03 IST 2026, 95 W
Wed Mar 18 18:47:03 IST 2026, 87 W
Wed Mar 18 18:47:04 IST 2026, 93 W
Wed Mar 18 18:47:04 IST 2026, 87 W
Wed Mar 18 18:47:04 IST 2026, 91 W
Wed Mar 18 18:47:04 IST 2026, 91 W
Wed Mar 18 18:47:05 IST 2026, 94 W
Wed Mar 18 18:47:05 IST 2026, 89 W
Wed Mar 18 18:47:05 IST 2026, 91 W
Wed Mar 18 18:47:05 IST 2026, 88 W
Wed Mar 18 18:47:06 IST 2026, 97 W
Wed Mar 18 18:47:06 IST 2026, 90 W
Wed Mar 18 18:47:06 IST 2026, 96 W
Wed Mar 18 18:47:06 IST 2026, 89 W
Wed Mar 18 18:47:07 IST 2026, 96 W
Wed Mar 18 18:47:07 IST 2026, 95 W
Wed Mar 18 18:47:07 IST 2026, 92 W
Wed Mar 18 18:47:07 IST 2026, 91 W
Wed Mar 18 18:47:08 IST 2026, 98 W
Wed Mar 18 18:47:08 IST 2026, 90 W
Wed Mar 18 18:47:08 IST 2026, 90 W
Wed Mar 18 18:47:08 IST 2026, 90 W
Wed Mar 18 18:47:09 IST 2026, 99 W
Wed Mar 18 18:47:09 IST 2026, 90 W
Wed Mar 18 18:47:09 IST 2026, 89 W
Wed Mar 18 18:47:09 IST 2026, 94 W
Wed Mar 18 18:47:10 IST 2026, 95 W
Wed Mar 18 18:47:10 IST 2026, 89 W
Wed Mar 18 18:47:10 IST 2026, 89 W
Wed Mar 18 18:47:10 IST 2026, 87 W
Wed Mar 18 18:47:11 IST 2026, 97 W
Wed Mar 18 18:47:11 IST 2026, 97 W
Wed Mar 18 18:47:11 IST 2026, 90 W
Wed Mar 18 18:47:11 IST 2026, 93 W
Wed Mar 18 18:47:12 IST 2026, 98 W
Wed Mar 18 18:47:12 IST 2026, 85 W
Wed Mar 18 18:47:12 IST 2026, 88 W
Wed Mar 18 18:47:12 IST 2026, 93 W
Wed Mar 18 18:47:13 IST 2026, 95 W
Wed Mar 18 18:47:13 IST 2026, 88 W
Wed Mar 18 18:47:13 IST 2026, 90 W
Wed Mar 18 18:47:13 IST 2026, 94 W
Wed Mar 18 18:47:14 IST 2026, 101 W
Wed Mar 18 18:47:14 IST 2026, 92 W
Wed Mar 18 18:47:14 IST 2026, 90 W
Wed Mar 18 18:47:14 IST 2026, 92 W
Wed Mar 18 18:47:15 IST 2026, 95 W
Wed Mar 18 18:47:15 IST 2026, 87 W
Wed Mar 18 18:47:15 IST 2026, 89 W
Wed Mar 18 18:47:15 IST 2026, 95 W
Wed Mar 18 18:47:16 IST 2026, 99 W
Wed Mar 18 18:47:16 IST 2026, 97 W
Wed Mar 18 18:47:16 IST 2026, 88 W
Wed Mar 18 18:47:16 IST 2026, 96 W
Wed Mar 18 18:47:17 IST 2026, 101 W
Wed Mar 18 18:47:17 IST 2026, 93 W
Wed Mar 18 18:47:17 IST 2026, 93 W
Wed Mar 18 18:47:17 IST 2026, 87 W
Wed Mar 18 18:47:18 IST 2026, 93 W
Wed Mar 18 18:47:18 IST 2026, 87 W
Wed Mar 18 18:47:18 IST 2026, 90 W
Wed Mar 18 18:47:18 IST 2026, 90 W
Wed Mar 18 18:47:19 IST 2026, 99 W
Wed Mar 18 18:47:19 IST 2026, 88 W
Wed Mar 18 18:47:19 IST 2026, 95 W
Wed Mar 18 18:47:19 IST 2026, 94 W
Wed Mar 18 18:47:20 IST 2026, 96 W
Wed Mar 18 18:47:20 IST 2026, 89 W
Wed Mar 18 18:47:20 IST 2026, 93 W
Wed Mar 18 18:47:20 IST 2026, 91 W
Wed Mar 18 18:47:21 IST 2026, 98 W
Wed Mar 18 18:47:21 IST 2026, 97 W
Wed Mar 18 18:47:21 IST 2026, 93 W
Wed Mar 18 18:47:21 IST 2026, 95 W
Wed Mar 18 18:47:22 IST 2026, 94 W
Wed Mar 18 18:47:22 IST 2026, 93 W
Wed Mar 18 18:47:22 IST 2026, 86 W
Wed Mar 18 18:47:22 IST 2026, 89 W
Wed Mar 18 18:47:23 IST 2026, 99 W
Wed Mar 18 18:47:23 IST 2026, 96 W
Wed Mar 18 18:47:23 IST 2026, 89 W
Wed Mar 18 18:47:23 IST 2026, 92 W
Wed Mar 18 18:47:24 IST 2026, 96 W
Wed Mar 18 18:47:24 IST 2026, 93 W
Wed Mar 18 18:47:24 IST 2026, 89 W
Wed Mar 18 18:47:24 IST 2026, 91 W
Wed Mar 18 18:47:25 IST 2026, 94 W
Wed Mar 18 18:47:25 IST 2026, 88 W
Wed Mar 18 18:47:25 IST 2026, 93 W
Wed Mar 18 18:47:25 IST 2026, 86 W
Wed Mar 18 18:47:26 IST 2026, 103 W
Wed Mar 18 18:47:26 IST 2026, 96 W
Wed Mar 18 18:47:26 IST 2026, 91 W
Wed Mar 18 18:47:26 IST 2026, 93 W
Wed Mar 18 18:47:27 IST 2026, 100 W
Wed Mar 18 18:47:27 IST 2026, 89 W
Wed Mar 18 18:47:27 IST 2026, 89 W
Wed Mar 18 18:47:27 IST 2026, 94 W
Wed Mar 18 18:47:28 IST 2026, 98 W
Wed Mar 18 18:47:28 IST 2026, 93 W
Wed Mar 18 18:47:28 IST 2026, 91 W
Wed Mar 18 18:47:28 IST 2026, 87 W
Wed Mar 18 18:47:29 IST 2026, 98 W
Wed Mar 18 18:47:29 IST 2026, 93 W
Wed Mar 18 18:47:29 IST 2026, 90 W
Wed Mar 18 18:47:29 IST 2026, 91 W
Wed Mar 18 18:47:30 IST 2026, 96 W
Wed Mar 18 18:47:30 IST 2026, 93 W
Wed Mar 18 18:47:30 IST 2026, 85 W
Wed Mar 18 18:47:30 IST 2026, 85 W
Wed Mar 18 18:47:31 IST 2026, 99 W
Wed Mar 18 18:47:31 IST 2026, 86 W
Wed Mar 18 18:47:31 IST 2026, 90 W
Wed Mar 18 18:47:31 IST 2026, 92 W
Wed Mar 18 18:47:32 IST 2026, 101 W
Wed Mar 18 18:47:32 IST 2026, 94 W
Wed Mar 18 18:47:32 IST 2026, 90 W
Wed Mar 18 18:47:32 IST 2026, 96 W
Wed Mar 18 18:47:33 IST 2026, 93 W
Wed Mar 18 18:47:33 IST 2026, 92 W
Wed Mar 18 18:47:33 IST 2026, 88 W
Wed Mar 18 18:47:33 IST 2026, 91 W
Wed Mar 18 18:47:34 IST 2026, 95 W
Wed Mar 18 18:47:34 IST 2026, 93 W
Wed Mar 18 18:47:34 IST 2026, 94 W
Wed Mar 18 18:47:34 IST 2026, 88 W
Wed Mar 18 18:47:35 IST 2026, 95 W
Wed Mar 18 18:47:35 IST 2026, 90 W
Wed Mar 18 18:47:35 IST 2026, 88 W
Wed Mar 18 18:47:35 IST 2026, 95 W
Wed Mar 18 18:47:36 IST 2026, 94 W
Wed Mar 18 18:47:36 IST 2026, 91 W
Wed Mar 18 18:47:36 IST 2026, 92 W
Wed Mar 18 18:47:36 IST 2026, 87 W
Wed Mar 18 18:47:37 IST 2026, 99 W
Wed Mar 18 18:47:37 IST 2026, 95 W
Wed Mar 18 18:47:37 IST 2026, 92 W
Wed Mar 18 18:47:37 IST 2026, 90 W
Wed Mar 18 18:47:38 IST 2026, 96 W
Wed Mar 18 18:47:38 IST 2026, 92 W
Wed Mar 18 18:47:38 IST 2026, 89 W
Wed Mar 18 18:47:38 IST 2026, 86 W
Wed Mar 18 18:47:39 IST 2026, 95 W
Wed Mar 18 18:47:39 IST 2026, 91 W
Wed Mar 18 18:47:39 IST 2026, 89 W
Wed Mar 18 18:47:39 IST 2026, 91 W
Wed Mar 18 18:47:40 IST 2026, 101 W
Wed Mar 18 18:47:40 IST 2026, 87 W
Wed Mar 18 18:47:40 IST 2026, 88 W
Wed Mar 18 18:47:40 IST 2026, 92 W
Wed Mar 18 18:47:41 IST 2026, 97 W
Wed Mar 18 18:47:41 IST 2026, 88 W
Wed Mar 18 18:47:41 IST 2026, 88 W
Wed Mar 18 18:47:41 IST 2026, 91 W
Wed Mar 18 18:47:42 IST 2026, 95 W
Wed Mar 18 18:47:42 IST 2026, 88 W
Wed Mar 18 18:47:42 IST 2026, 91 W
Wed Mar 18 18:47:42 IST 2026, 89 W
Wed Mar 18 18:47:43 IST 2026, 102 W
Wed Mar 18 18:47:43 IST 2026, 94 W
Wed Mar 18 18:47:43 IST 2026, 87 W
Wed Mar 18 18:47:43 IST 2026, 99 W
Wed Mar 18 18:47:44 IST 2026, 95 W
Wed Mar 18 18:47:44 IST 2026, 94 W
Wed Mar 18 18:47:44 IST 2026, 86 W
Wed Mar 18 18:47:44 IST 2026, 93 W
Wed Mar 18 18:47:45 IST 2026, 95 W
Wed Mar 18 18:47:45 IST 2026, 87 W
Wed Mar 18 18:47:45 IST 2026, 92 W
Wed Mar 18 18:47:45 IST 2026, 90 W
Wed Mar 18 18:47:46 IST 2026, 93 W
Wed Mar 18 18:47:46 IST 2026, 94 W
Wed Mar 18 18:47:46 IST 2026, 93 W
Wed Mar 18 18:47:46 IST 2026, 88 W
Wed Mar 18 18:47:47 IST 2026, 95 W
Wed Mar 18 18:47:47 IST 2026, 97 W
Wed Mar 18 18:47:47 IST 2026, 97 W
Wed Mar 18 18:47:47 IST 2026, 90 W
Wed Mar 18 18:47:48 IST 2026, 100 W
Wed Mar 18 18:47:48 IST 2026, 93 W
Wed Mar 18 18:47:48 IST 2026, 85 W
Wed Mar 18 18:47:48 IST 2026, 94 W
Wed Mar 18 18:47:49 IST 2026, 95 W
Wed Mar 18 18:47:49 IST 2026, 91 W
Wed Mar 18 18:47:49 IST 2026, 86 W
Wed Mar 18 18:47:49 IST 2026, 92 W
Wed Mar 18 18:47:50 IST 2026, 96 W
Wed Mar 18 18:47:50 IST 2026, 93 W
Wed Mar 18 18:47:50 IST 2026, 95 W
Wed Mar 18 18:47:50 IST 2026, 90 W
Wed Mar 18 18:47:51 IST 2026, 96 W
Wed Mar 18 18:47:51 IST 2026, 93 W
Wed Mar 18 18:47:51 IST 2026, 96 W
Wed Mar 18 18:47:51 IST 2026, 89 W
Wed Mar 18 18:47:52 IST 2026, 97 W
Wed Mar 18 18:47:52 IST 2026, 89 W
Wed Mar 18 18:47:52 IST 2026, 90 W
Wed Mar 18 18:47:52 IST 2026, 89 W
Wed Mar 18 18:47:53 IST 2026, 97 W
Wed Mar 18 18:47:53 IST 2026, 94 W
Wed Mar 18 18:47:53 IST 2026, 91 W
Wed Mar 18 18:47:53 IST 2026, 87 W
Wed Mar 18 18:47:54 IST 2026, 95 W
Wed Mar 18 18:47:54 IST 2026, 89 W
Wed Mar 18 18:47:54 IST 2026, 90 W
Wed Mar 18 18:47:54 IST 2026, 94 W
Wed Mar 18 18:47:55 IST 2026, 95 W
Wed Mar 18 18:47:55 IST 2026, 95 W
Wed Mar 18 18:47:55 IST 2026, 96 W
Wed Mar 18 18:47:55 IST 2026, 91 W
Wed Mar 18 18:47:56 IST 2026, 96 W
Wed Mar 18 18:47:56 IST 2026, 94 W
Wed Mar 18 18:47:56 IST 2026, 88 W
Wed Mar 18 18:47:56 IST 2026, 93 W
Wed Mar 18 18:47:57 IST 2026, 96 W
Wed Mar 18 18:47:57 IST 2026, 92 W
Wed Mar 18 18:47:57 IST 2026, 96 W
Wed Mar 18 18:47:57 IST 2026, 92 W
Wed Mar 18 18:47:58 IST 2026, 95 W
Wed Mar 18 18:47:58 IST 2026, 91 W
Wed Mar 18 18:47:58 IST 2026, 96 W
Wed Mar 18 18:47:58 IST 2026, 87 W
Wed Mar 18 18:47:59 IST 2026, 103 W
Wed Mar 18 18:47:59 IST 2026, 97 W
Wed Mar 18 18:47:59 IST 2026, 93 W
Wed Mar 18 18:47:59 IST 2026, 91 W
Wed Mar 18 18:48:00 IST 2026, 100 W
Wed Mar 18 18:48:00 IST 2026, 97 W
Wed Mar 18 18:48:00 IST 2026, 94 W
Wed Mar 18 18:48:00 IST 2026, 98 W
Wed Mar 18 18:48:01 IST 2026, 100 W
Wed Mar 18 18:48:01 IST 2026, 90 W
Wed Mar 18 18:48:01 IST 2026, 90 W
Wed Mar 18 18:48:01 IST 2026, 90 W
Wed Mar 18 18:48:02 IST 2026, 93 W
Wed Mar 18 18:48:02 IST 2026, 86 W
Wed Mar 18 18:48:02 IST 2026, 90 W
Wed Mar 18 18:48:02 IST 2026, 97 W
Wed Mar 18 18:48:03 IST 2026, 101 W
Wed Mar 18 18:48:03 IST 2026, 92 W
Wed Mar 18 18:48:03 IST 2026, 88 W
Wed Mar 18 18:48:03 IST 2026, 91 W
Wed Mar 18 18:48:04 IST 2026, 99 W
Wed Mar 18 18:48:04 IST 2026, 91 W
Wed Mar 18 18:48:04 IST 2026, 91 W
Wed Mar 18 18:48:04 IST 2026, 85 W
Wed Mar 18 18:48:05 IST 2026, 100 W
Wed Mar 18 18:48:05 IST 2026, 90 W
Wed Mar 18 18:48:05 IST 2026, 89 W
Wed Mar 18 18:48:05 IST 2026, 90 W
Wed Mar 18 18:48:06 IST 2026, 96 W
Wed Mar 18 18:48:06 IST 2026, 97 W
Wed Mar 18 18:48:06 IST 2026, 93 W
Wed Mar 18 18:48:06 IST 2026, 87 W
Wed Mar 18 18:48:07 IST 2026, 96 W
Wed Mar 18 18:48:07 IST 2026, 92 W
Wed Mar 18 18:48:07 IST 2026, 89 W
Wed Mar 18 18:48:07 IST 2026, 87 W
Wed Mar 18 18:48:08 IST 2026, 93 W
Wed Mar 18 18:48:08 IST 2026, 92 W
Wed Mar 18 18:48:08 IST 2026, 91 W
Wed Mar 18 18:48:08 IST 2026, 87 W
Wed Mar 18 18:48:09 IST 2026, 93 W
Wed Mar 18 18:48:09 IST 2026, 89 W
Wed Mar 18 18:48:09 IST 2026, 89 W
Wed Mar 18 18:48:09 IST 2026, 88 W
Wed Mar 18 18:48:10 IST 2026, 99 W
Wed Mar 18 18:48:10 IST 2026, 93 W
Wed Mar 18 18:48:10 IST 2026, 90 W
Wed Mar 18 18:48:10 IST 2026, 90 W
Wed Mar 18 18:48:11 IST 2026, 96 W
Wed Mar 18 18:48:11 IST 2026, 95 W
Wed Mar 18 18:48:11 IST 2026, 91 W
Wed Mar 18 18:48:11 IST 2026, 90 W
Wed Mar 18 18:48:12 IST 2026, 94 W
Wed Mar 18 18:48:12 IST 2026, 89 W
Wed Mar 18 18:48:12 IST 2026, 90 W
Wed Mar 18 18:48:12 IST 2026, 94 W
Wed Mar 18 18:48:13 IST 2026, 100 W
Wed Mar 18 18:48:13 IST 2026, 92 W
Wed Mar 18 18:48:13 IST 2026, 93 W
Wed Mar 18 18:48:13 IST 2026, 88 W
Wed Mar 18 18:48:14 IST 2026, 97 W
Wed Mar 18 18:48:14 IST 2026, 92 W
Wed Mar 18 18:48:14 IST 2026, 94 W
Wed Mar 18 18:48:14 IST 2026, 92 W
Wed Mar 18 18:48:15 IST 2026, 95 W
Wed Mar 18 18:48:15 IST 2026, 93 W
Wed Mar 18 18:48:15 IST 2026, 92 W
Wed Mar 18 18:48:15 IST 2026, 91 W
Wed Mar 18 18:48:16 IST 2026, 95 W
Wed Mar 18 18:48:16 IST 2026, 93 W
Wed Mar 18 18:48:16 IST 2026, 94 W
Wed Mar 18 18:48:16 IST 2026, 88 W
Wed Mar 18 18:48:17 IST 2026, 100 W
Wed Mar 18 18:48:17 IST 2026, 98 W
Wed Mar 18 18:48:17 IST 2026, 88 W
Wed Mar 18 18:48:17 IST 2026, 91 W
Wed Mar 18 18:48:18 IST 2026, 94 W
Wed Mar 18 18:48:18 IST 2026, 95 W
Wed Mar 18 18:48:18 IST 2026, 94 W
Wed Mar 18 18:48:18 IST 2026, 93 W
Wed Mar 18 18:48:19 IST 2026, 102 W
Wed Mar 18 18:48:19 IST 2026, 89 W
Wed Mar 18 18:48:19 IST 2026, 90 W
Wed Mar 18 18:48:19 IST 2026, 90 W
Wed Mar 18 18:48:20 IST 2026, 97 W
Wed Mar 18 18:48:20 IST 2026, 90 W
Wed Mar 18 18:48:20 IST 2026, 92 W
Wed Mar 18 18:48:20 IST 2026, 89 W
Wed Mar 18 18:48:21 IST 2026, 97 W
Wed Mar 18 18:48:21 IST 2026, 93 W
Wed Mar 18 18:48:21 IST 2026, 85 W
Wed Mar 18 18:48:21 IST 2026, 91 W
Wed Mar 18 18:48:22 IST 2026, 99 W
Wed Mar 18 18:48:22 IST 2026, 93 W
Wed Mar 18 18:48:22 IST 2026, 94 W
Wed Mar 18 18:48:22 IST 2026, 91 W
Wed Mar 18 18:48:23 IST 2026, 98 W
Wed Mar 18 18:48:23 IST 2026, 90 W
Wed Mar 18 18:48:23 IST 2026, 87 W
Wed Mar 18 18:48:23 IST 2026, 93 W
Wed Mar 18 18:48:24 IST 2026, 103 W
Wed Mar 18 18:48:24 IST 2026, 91 W
Wed Mar 18 18:48:24 IST 2026, 90 W
Wed Mar 18 18:48:24 IST 2026, 95 W
Wed Mar 18 18:48:25 IST 2026, 95 W
Wed Mar 18 18:48:25 IST 2026, 90 W
Wed Mar 18 18:48:25 IST 2026, 94 W
Wed Mar 18 18:48:25 IST 2026, 88 W
Wed Mar 18 18:48:26 IST 2026, 95 W
Wed Mar 18 18:48:26 IST 2026, 92 W
Wed Mar 18 18:48:26 IST 2026, 90 W
Wed Mar 18 18:48:26 IST 2026, 91 W
Wed Mar 18 18:48:27 IST 2026, 99 W
Wed Mar 18 18:48:27 IST 2026, 91 W
Wed Mar 18 18:48:27 IST 2026, 92 W
Wed Mar 18 18:48:27 IST 2026, 90 W
Wed Mar 18 18:48:28 IST 2026, 101 W
Wed Mar 18 18:48:28 IST 2026, 95 W
Wed Mar 18 18:48:28 IST 2026, 87 W
Wed Mar 18 18:48:28 IST 2026, 87 W
Wed Mar 18 18:48:29 IST 2026, 93 W
Wed Mar 18 18:48:29 IST 2026, 88 W
Wed Mar 18 18:48:29 IST 2026, 96 W
Wed Mar 18 18:48:29 IST 2026, 94 W
Wed Mar 18 18:48:30 IST 2026, 95 W
Wed Mar 18 18:48:30 IST 2026, 96 W
Wed Mar 18 18:48:30 IST 2026, 90 W
Wed Mar 18 18:48:30 IST 2026, 94 W
Wed Mar 18 18:48:31 IST 2026, 100 W
Wed Mar 18 18:48:31 IST 2026, 88 W
Wed Mar 18 18:48:31 IST 2026, 90 W
Wed Mar 18 18:48:31 IST 2026, 90 W
Wed Mar 18 18:48:32 IST 2026, 96 W
Wed Mar 18 18:48:32 IST 2026, 93 W
Wed Mar 18 18:48:32 IST 2026, 88 W
Wed Mar 18 18:48:32 IST 2026, 97 W
Wed Mar 18 18:48:33 IST 2026, 102 W
Wed Mar 18 18:48:33 IST 2026, 95 W
Wed Mar 18 18:48:33 IST 2026, 86 W
Wed Mar 18 18:48:33 IST 2026, 95 W
Wed Mar 18 18:48:34 IST 2026, 100 W
Wed Mar 18 18:48:34 IST 2026, 94 W
Wed Mar 18 18:48:34 IST 2026, 96 W
Wed Mar 18 18:48:34 IST 2026, 92 W
Wed Mar 18 18:48:35 IST 2026, 95 W
Wed Mar 18 18:48:35 IST 2026, 91 W
Wed Mar 18 18:48:35 IST 2026, 88 W
Wed Mar 18 18:48:35 IST 2026, 90 W
Wed Mar 18 18:48:36 IST 2026, 101 W
Wed Mar 18 18:48:36 IST 2026, 91 W
Wed Mar 18 18:48:36 IST 2026, 93 W
Wed Mar 18 18:48:36 IST 2026, 89 W
Wed Mar 18 18:48:37 IST 2026, 98 W
Wed Mar 18 18:48:37 IST 2026, 92 W
Wed Mar 18 18:48:37 IST 2026, 90 W
Wed Mar 18 18:48:37 IST 2026, 88 W
Wed Mar 18 18:48:38 IST 2026, 102 W
Wed Mar 18 18:48:38 IST 2026, 91 W
Wed Mar 18 18:48:38 IST 2026, 88 W
Wed Mar 18 18:48:38 IST 2026, 92 W
Wed Mar 18 18:48:39 IST 2026, 101 W
Wed Mar 18 18:48:39 IST 2026, 96 W
Wed Mar 18 18:48:39 IST 2026, 91 W
Wed Mar 18 18:48:39 IST 2026, 90 W
Wed Mar 18 18:48:40 IST 2026, 90 W
Wed Mar 18 18:48:40 IST 2026, 95 W
Wed Mar 18 18:48:40 IST 2026, 87 W
Wed Mar 18 18:48:40 IST 2026, 90 W
Wed Mar 18 18:48:41 IST 2026, 96 W
Wed Mar 18 18:48:41 IST 2026, 93 W
Wed Mar 18 18:48:41 IST 2026, 95 W
Wed Mar 18 18:48:41 IST 2026, 91 W
Wed Mar 18 18:48:42 IST 2026, 96 W
Wed Mar 18 18:48:42 IST 2026, 93 W
Wed Mar 18 18:48:42 IST 2026, 85 W
Wed Mar 18 18:48:42 IST 2026, 90 W
Wed Mar 18 18:48:43 IST 2026, 103 W
Wed Mar 18 18:48:43 IST 2026, 91 W
Wed Mar 18 18:48:43 IST 2026, 91 W
Wed Mar 18 18:48:43 IST 2026, 90 W
Wed Mar 18 18:48:44 IST 2026, 96 W
Wed Mar 18 18:48:44 IST 2026, 92 W
Wed Mar 18 18:48:44 IST 2026, 91 W
Wed Mar 18 18:48:44 IST 2026, 91 W
Wed Mar 18 18:48:45 IST 2026, 102 W
Wed Mar 18 18:48:45 IST 2026, 89 W
Wed Mar 18 18:48:45 IST 2026, 88 W
Wed Mar 18 18:48:45 IST 2026, 92 W
Wed Mar 18 18:48:46 IST 2026, 92 W
Wed Mar 18 18:48:46 IST 2026, 88 W
Wed Mar 18 18:48:46 IST 2026, 94 W
Wed Mar 18 18:48:46 IST 2026, 85 W
Wed Mar 18 18:48:47 IST 2026, 96 W
Wed Mar 18 18:48:47 IST 2026, 93 W
Wed Mar 18 18:48:47 IST 2026, 95 W
Wed Mar 18 18:48:47 IST 2026, 92 W
Wed Mar 18 18:48:48 IST 2026, 101 W
Wed Mar 18 18:48:48 IST 2026, 92 W
Wed Mar 18 18:48:48 IST 2026, 88 W
Wed Mar 18 18:48:48 IST 2026, 93 W
Wed Mar 18 18:48:49 IST 2026, 99 W
Wed Mar 18 18:48:49 IST 2026, 91 W
Wed Mar 18 18:48:49 IST 2026, 88 W
Wed Mar 18 18:48:49 IST 2026, 89 W
Wed Mar 18 18:48:50 IST 2026, 99 W
Wed Mar 18 18:48:50 IST 2026, 88 W
Wed Mar 18 18:48:50 IST 2026, 90 W
Wed Mar 18 18:48:50 IST 2026, 93 W
Wed Mar 18 18:48:51 IST 2026, 97 W
Wed Mar 18 18:48:51 IST 2026, 92 W
Wed Mar 18 18:48:51 IST 2026, 88 W
Wed Mar 18 18:48:51 IST 2026, 93 W
Wed Mar 18 18:48:52 IST 2026, 94 W
Wed Mar 18 18:48:52 IST 2026, 95 W
Wed Mar 18 18:48:52 IST 2026, 88 W
Wed Mar 18 18:48:52 IST 2026, 97 W
Wed Mar 18 18:48:53 IST 2026, 98 W
Wed Mar 18 18:48:53 IST 2026, 88 W
Wed Mar 18 18:48:53 IST 2026, 87 W
Wed Mar 18 18:48:53 IST 2026, 92 W
Wed Mar 18 18:48:54 IST 2026, 95 W
Wed Mar 18 18:48:54 IST 2026, 92 W
Wed Mar 18 18:48:54 IST 2026, 92 W
Wed Mar 18 18:48:54 IST 2026, 84 W
Wed Mar 18 18:48:55 IST 2026, 93 W
Wed Mar 18 18:48:55 IST 2026, 93 W
Wed Mar 18 18:48:55 IST 2026, 88 W
Wed Mar 18 18:48:55 IST 2026, 97 W
Wed Mar 18 18:48:57 IST 2026, 92 W
Wed Mar 18 18:48:57 IST 2026, 88 W
Wed Mar 18 18:48:57 IST 2026, 94 W
Wed Mar 18 18:48:57 IST 2026, 92 W
Wed Mar 18 18:48:57 IST 2026, 100 W
Wed Mar 18 18:48:57 IST 2026, 94 W
Wed Mar 18 18:48:57 IST 2026, 95 W
Wed Mar 18 18:48:57 IST 2026, 89 W
Wed Mar 18 18:48:58 IST 2026, 96 W
Wed Mar 18 18:48:58 IST 2026, 93 W
Wed Mar 18 18:48:58 IST 2026, 88 W
Wed Mar 18 18:48:58 IST 2026, 89 W
Wed Mar 18 18:48:59 IST 2026, 96 W
Wed Mar 18 18:48:59 IST 2026, 88 W
Wed Mar 18 18:48:59 IST 2026, 90 W
Wed Mar 18 18:48:59 IST 2026, 88 W
Wed Mar 18 18:49:00 IST 2026, 96 W
Wed Mar 18 18:49:00 IST 2026, 94 W
Wed Mar 18 18:49:00 IST 2026, 89 W
Wed Mar 18 18:49:00 IST 2026, 89 W
Wed Mar 18 18:49:01 IST 2026, 94 W
Wed Mar 18 18:49:01 IST 2026, 91 W
Wed Mar 18 18:49:01 IST 2026, 92 W
Wed Mar 18 18:49:01 IST 2026, 91 W
Wed Mar 18 18:49:02 IST 2026, 97 W
Wed Mar 18 18:49:02 IST 2026, 99 W
Wed Mar 18 18:49:02 IST 2026, 97 W
Wed Mar 18 18:49:02 IST 2026, 94 W
Wed Mar 18 18:49:03 IST 2026, 92 W
Wed Mar 18 18:49:03 IST 2026, 92 W
Wed Mar 18 18:49:03 IST 2026, 87 W
Wed Mar 18 18:49:03 IST 2026, 93 W
Wed Mar 18 18:49:04 IST 2026, 98 W
Wed Mar 18 18:49:04 IST 2026, 91 W
Wed Mar 18 18:49:04 IST 2026, 95 W
Wed Mar 18 18:49:04 IST 2026, 97 W
Wed Mar 18 18:49:05 IST 2026, 96 W
Wed Mar 18 18:49:05 IST 2026, 94 W
Wed Mar 18 18:49:05 IST 2026, 90 W
Wed Mar 18 18:49:05 IST 2026, 89 W
Wed Mar 18 18:49:06 IST 2026, 102 W
Wed Mar 18 18:49:06 IST 2026, 97 W
Wed Mar 18 18:49:06 IST 2026, 93 W
Wed Mar 18 18:49:06 IST 2026, 94 W
Wed Mar 18 18:49:07 IST 2026, 92 W
Wed Mar 18 18:49:07 IST 2026, 90 W
Wed Mar 18 18:49:07 IST 2026, 88 W
Wed Mar 18 18:49:07 IST 2026, 88 W
Wed Mar 18 18:49:08 IST 2026, 93 W
Wed Mar 18 18:49:08 IST 2026, 93 W
Wed Mar 18 18:49:08 IST 2026, 90 W
Wed Mar 18 18:49:08 IST 2026, 93 W
Wed Mar 18 18:49:09 IST 2026, 93 W
Wed Mar 18 18:49:09 IST 2026, 88 W
Wed Mar 18 18:49:09 IST 2026, 93 W
Wed Mar 18 18:49:09 IST 2026, 96 W
Wed Mar 18 18:49:10 IST 2026, 97 W
Wed Mar 18 18:49:10 IST 2026, 93 W
Wed Mar 18 18:49:10 IST 2026, 89 W
Wed Mar 18 18:49:10 IST 2026, 90 W
Wed Mar 18 18:49:11 IST 2026, 95 W
Wed Mar 18 18:49:11 IST 2026, 89 W
Wed Mar 18 18:49:11 IST 2026, 89 W
Wed Mar 18 18:49:11 IST 2026, 93 W
Wed Mar 18 18:49:12 IST 2026, 99 W
Wed Mar 18 18:49:12 IST 2026, 97 W
Wed Mar 18 18:49:12 IST 2026, 95 W
Wed Mar 18 18:49:12 IST 2026, 94 W
Wed Mar 18 18:49:13 IST 2026, 99 W
Wed Mar 18 18:49:13 IST 2026, 93 W
Wed Mar 18 18:49:13 IST 2026, 90 W
Wed Mar 18 18:49:13 IST 2026, 92 W
Wed Mar 18 18:49:14 IST 2026, 92 W
Wed Mar 18 18:49:14 IST 2026, 92 W
Wed Mar 18 18:49:14 IST 2026, 87 W
Wed Mar 18 18:49:14 IST 2026, 93 W
Wed Mar 18 18:49:15 IST 2026, 93 W
Wed Mar 18 18:49:15 IST 2026, 87 W
Wed Mar 18 18:49:15 IST 2026, 89 W
Wed Mar 18 18:49:15 IST 2026, 95 W
Wed Mar 18 18:49:16 IST 2026, 100 W
Wed Mar 18 18:49:16 IST 2026, 92 W
Wed Mar 18 18:49:16 IST 2026, 86 W
Wed Mar 18 18:49:16 IST 2026, 92 W
Wed Mar 18 18:49:17 IST 2026, 94 W
Wed Mar 18 18:49:17 IST 2026, 90 W
Wed Mar 18 18:49:17 IST 2026, 92 W
Wed Mar 18 18:49:17 IST 2026, 91 W
Wed Mar 18 18:49:18 IST 2026, 97 W
Wed Mar 18 18:49:18 IST 2026, 87 W
Wed Mar 18 18:49:18 IST 2026, 93 W
Wed Mar 18 18:49:18 IST 2026, 89 W
Wed Mar 18 18:49:19 IST 2026, 100 W
Wed Mar 18 18:49:19 IST 2026, 90 W
Wed Mar 18 18:49:19 IST 2026, 94 W
Wed Mar 18 18:49:19 IST 2026, 92 W
Wed Mar 18 18:49:20 IST 2026, 102 W
Wed Mar 18 18:49:20 IST 2026, 95 W
Wed Mar 18 18:49:20 IST 2026, 87 W
Wed Mar 18 18:49:20 IST 2026, 90 W
Wed Mar 18 18:49:21 IST 2026, 96 W
Wed Mar 18 18:49:21 IST 2026, 93 W
Wed Mar 18 18:49:21 IST 2026, 91 W
Wed Mar 18 18:49:21 IST 2026, 86 W
Wed Mar 18 18:49:22 IST 2026, 99 W
Wed Mar 18 18:49:22 IST 2026, 94 W
Wed Mar 18 18:49:22 IST 2026, 89 W
Wed Mar 18 18:49:22 IST 2026, 95 W
Wed Mar 18 18:49:23 IST 2026, 97 W
Wed Mar 18 18:49:23 IST 2026, 90 W
Wed Mar 18 18:49:23 IST 2026, 93 W
Wed Mar 18 18:49:23 IST 2026, 89 W
Wed Mar 18 18:49:24 IST 2026, 103 W
Wed Mar 18 18:49:24 IST 2026, 93 W
Wed Mar 18 18:49:24 IST 2026, 92 W
Wed Mar 18 18:49:24 IST 2026, 87 W
Wed Mar 18 18:49:25 IST 2026, 95 W
Wed Mar 18 18:49:25 IST 2026, 87 W
Wed Mar 18 18:49:25 IST 2026, 89 W
Wed Mar 18 18:49:25 IST 2026, 88 W
Wed Mar 18 18:49:26 IST 2026, 96 W
Wed Mar 18 18:49:26 IST 2026, 93 W
Wed Mar 18 18:49:26 IST 2026, 92 W
Wed Mar 18 18:49:26 IST 2026, 90 W
Wed Mar 18 18:49:27 IST 2026, 99 W
Wed Mar 18 18:49:27 IST 2026, 94 W
Wed Mar 18 18:49:27 IST 2026, 93 W
Wed Mar 18 18:49:27 IST 2026, 90 W
Wed Mar 18 18:49:28 IST 2026, 103 W
Wed Mar 18 18:49:28 IST 2026, 91 W
Wed Mar 18 18:49:28 IST 2026, 93 W
Wed Mar 18 18:49:28 IST 2026, 88 W
Wed Mar 18 18:49:29 IST 2026, 96 W
Wed Mar 18 18:49:29 IST 2026, 88 W
Wed Mar 18 18:49:29 IST 2026, 91 W
Wed Mar 18 18:49:29 IST 2026, 90 W
Wed Mar 18 18:49:30 IST 2026, 97 W
Wed Mar 18 18:49:30 IST 2026, 93 W
Wed Mar 18 18:49:30 IST 2026, 91 W
Wed Mar 18 18:49:30 IST 2026, 96 W
Wed Mar 18 18:49:31 IST 2026, 97 W
Wed Mar 18 18:49:31 IST 2026, 94 W
Wed Mar 18 18:49:31 IST 2026, 93 W
Wed Mar 18 18:49:31 IST 2026, 91 W
Wed Mar 18 18:49:32 IST 2026, 98 W
Wed Mar 18 18:49:32 IST 2026, 90 W
Wed Mar 18 18:49:32 IST 2026, 89 W
Wed Mar 18 18:49:32 IST 2026, 92 W
Wed Mar 18 18:49:33 IST 2026, 101 W
Wed Mar 18 18:49:33 IST 2026, 89 W
Wed Mar 18 18:49:33 IST 2026, 87 W
Wed Mar 18 18:49:33 IST 2026, 91 W
Wed Mar 18 18:49:34 IST 2026, 93 W
Wed Mar 18 18:49:34 IST 2026, 93 W
Wed Mar 18 18:49:34 IST 2026, 88 W
Wed Mar 18 18:49:34 IST 2026, 97 W
Wed Mar 18 18:49:35 IST 2026, 99 W
Wed Mar 18 18:49:35 IST 2026, 86 W
Wed Mar 18 18:49:35 IST 2026, 93 W
Wed Mar 18 18:49:35 IST 2026, 99 W
Wed Mar 18 18:49:36 IST 2026, 97 W
Wed Mar 18 18:49:36 IST 2026, 93 W
Wed Mar 18 18:49:36 IST 2026, 91 W
Wed Mar 18 18:49:36 IST 2026, 91 W
Wed Mar 18 18:49:37 IST 2026, 94 W
Wed Mar 18 18:49:37 IST 2026, 93 W
Wed Mar 18 18:49:37 IST 2026, 89 W
Wed Mar 18 18:49:37 IST 2026, 91 W
Wed Mar 18 18:49:38 IST 2026, 97 W
Wed Mar 18 18:49:38 IST 2026, 86 W
Wed Mar 18 18:49:38 IST 2026, 92 W
Wed Mar 18 18:49:38 IST 2026, 93 W
Wed Mar 18 18:49:39 IST 2026, 100 W
Wed Mar 18 18:49:39 IST 2026, 90 W
Wed Mar 18 18:49:39 IST 2026, 93 W
Wed Mar 18 18:49:39 IST 2026, 88 W
Wed Mar 18 18:49:40 IST 2026, 94 W
Wed Mar 18 18:49:40 IST 2026, 93 W
Wed Mar 18 18:49:40 IST 2026, 88 W
Wed Mar 18 18:49:40 IST 2026, 93 W
Wed Mar 18 18:49:41 IST 2026, 97 W
Wed Mar 18 18:49:41 IST 2026, 90 W
Wed Mar 18 18:49:41 IST 2026, 98 W
Wed Mar 18 18:49:41 IST 2026, 92 W
Wed Mar 18 18:49:42 IST 2026, 97 W
Wed Mar 18 18:49:42 IST 2026, 89 W
Wed Mar 18 18:49:42 IST 2026, 91 W
Wed Mar 18 18:49:42 IST 2026, 93 W
Wed Mar 18 18:49:43 IST 2026, 102 W
Wed Mar 18 18:49:43 IST 2026, 93 W
Wed Mar 18 18:49:43 IST 2026, 87 W
Wed Mar 18 18:49:43 IST 2026, 98 W
Wed Mar 18 18:49:44 IST 2026, 92 W
Wed Mar 18 18:49:44 IST 2026, 89 W
Wed Mar 18 18:49:44 IST 2026, 91 W
Wed Mar 18 18:49:44 IST 2026, 92 W
Wed Mar 18 18:49:45 IST 2026, 91 W
Wed Mar 18 18:49:45 IST 2026, 88 W
Wed Mar 18 18:49:45 IST 2026, 92 W
Wed Mar 18 18:49:45 IST 2026, 92 W
Wed Mar 18 18:49:46 IST 2026, 99 W
Wed Mar 18 18:49:46 IST 2026, 87 W
Wed Mar 18 18:49:46 IST 2026, 89 W
Wed Mar 18 18:49:46 IST 2026, 89 W
Wed Mar 18 18:49:47 IST 2026, 96 W
Wed Mar 18 18:49:47 IST 2026, 92 W
Wed Mar 18 18:49:47 IST 2026, 89 W
Wed Mar 18 18:49:47 IST 2026, 95 W
Wed Mar 18 18:49:48 IST 2026, 97 W
Wed Mar 18 18:49:48 IST 2026, 88 W
Wed Mar 18 18:49:48 IST 2026, 89 W
Wed Mar 18 18:49:48 IST 2026, 93 W
Wed Mar 18 18:49:49 IST 2026, 101 W
Wed Mar 18 18:49:49 IST 2026, 96 W
Wed Mar 18 18:49:49 IST 2026, 88 W
Wed Mar 18 18:49:49 IST 2026, 91 W
Wed Mar 18 18:49:50 IST 2026, 101 W
Wed Mar 18 18:49:50 IST 2026, 90 W
Wed Mar 18 18:49:50 IST 2026, 97 W
Wed Mar 18 18:49:50 IST 2026, 88 W
Wed Mar 18 18:49:51 IST 2026, 93 W
Wed Mar 18 18:49:51 IST 2026, 88 W
Wed Mar 18 18:49:51 IST 2026, 91 W
Wed Mar 18 18:49:51 IST 2026, 93 W
Wed Mar 18 18:49:52 IST 2026, 94 W
Wed Mar 18 18:49:52 IST 2026, 95 W
Wed Mar 18 18:49:52 IST 2026, 89 W
Wed Mar 18 18:49:52 IST 2026, 87 W
Wed Mar 18 18:49:53 IST 2026, 98 W
Wed Mar 18 18:49:53 IST 2026, 90 W
Wed Mar 18 18:49:53 IST 2026, 94 W
Wed Mar 18 18:49:53 IST 2026, 89 W
Wed Mar 18 18:49:54 IST 2026, 92 W
Wed Mar 18 18:49:54 IST 2026, 95 W
Wed Mar 18 18:49:54 IST 2026, 87 W
Wed Mar 18 18:49:54 IST 2026, 89 W
Wed Mar 18 18:49:55 IST 2026, 93 W
Wed Mar 18 18:49:55 IST 2026, 88 W
Wed Mar 18 18:49:55 IST 2026, 89 W
Wed Mar 18 18:49:55 IST 2026, 88 W
Wed Mar 18 18:49:56 IST 2026, 92 W
Wed Mar 18 18:49:56 IST 2026, 89 W
Wed Mar 18 18:49:56 IST 2026, 91 W
Wed Mar 18 18:49:56 IST 2026, 88 W
Wed Mar 18 18:49:57 IST 2026, 100 W
Wed Mar 18 18:49:57 IST 2026, 92 W
Wed Mar 18 18:49:57 IST 2026, 93 W
Wed Mar 18 18:49:57 IST 2026, 91 W
Wed Mar 18 18:49:58 IST 2026, 99 W
Wed Mar 18 18:49:58 IST 2026, 91 W
Wed Mar 18 18:49:58 IST 2026, 92 W
Wed Mar 18 18:49:58 IST 2026, 88 W
Wed Mar 18 18:49:59 IST 2026, 94 W
Wed Mar 18 18:49:59 IST 2026, 89 W
Wed Mar 18 18:49:59 IST 2026, 91 W
Wed Mar 18 18:49:59 IST 2026, 95 W
Wed Mar 18 18:50:00 IST 2026, 93 W
Wed Mar 18 18:50:00 IST 2026, 88 W
Wed Mar 18 18:50:00 IST 2026, 88 W
Wed Mar 18 18:50:00 IST 2026, 91 W
Wed Mar 18 18:50:01 IST 2026, 95 W
Wed Mar 18 18:50:01 IST 2026, 97 W
Wed Mar 18 18:50:01 IST 2026, 90 W
Wed Mar 18 18:50:01 IST 2026, 88 W
Wed Mar 18 18:50:02 IST 2026, 94 W
Wed Mar 18 18:50:02 IST 2026, 86 W
Wed Mar 18 18:50:02 IST 2026, 87 W
Wed Mar 18 18:50:02 IST 2026, 90 W
Wed Mar 18 18:50:03 IST 2026, 97 W
Wed Mar 18 18:50:03 IST 2026, 89 W
Wed Mar 18 18:50:03 IST 2026, 89 W
Wed Mar 18 18:50:03 IST 2026, 98 W
Wed Mar 18 18:50:04 IST 2026, 97 W
Wed Mar 18 18:50:04 IST 2026, 95 W
Wed Mar 18 18:50:04 IST 2026, 90 W
Wed Mar 18 18:50:04 IST 2026, 91 W
Wed Mar 18 18:50:05 IST 2026, 97 W
Wed Mar 18 18:50:05 IST 2026, 87 W
Wed Mar 18 18:50:05 IST 2026, 91 W
Wed Mar 18 18:50:05 IST 2026, 91 W
Wed Mar 18 18:50:06 IST 2026, 96 W
Wed Mar 18 18:50:06 IST 2026, 90 W
Wed Mar 18 18:50:06 IST 2026, 92 W
Wed Mar 18 18:50:06 IST 2026, 90 W
Wed Mar 18 18:50:07 IST 2026, 98 W
Wed Mar 18 18:50:07 IST 2026, 95 W
Wed Mar 18 18:50:07 IST 2026, 94 W
Wed Mar 18 18:50:07 IST 2026, 89 W
Wed Mar 18 18:50:08 IST 2026, 96 W
Wed Mar 18 18:50:08 IST 2026, 95 W
Wed Mar 18 18:50:08 IST 2026, 88 W
Wed Mar 18 18:50:08 IST 2026, 95 W
Wed Mar 18 18:50:09 IST 2026, 97 W
Wed Mar 18 18:50:09 IST 2026, 91 W
Wed Mar 18 18:50:09 IST 2026, 89 W
Wed Mar 18 18:50:09 IST 2026, 89 W
Wed Mar 18 18:50:10 IST 2026, 97 W
Wed Mar 18 18:50:10 IST 2026, 90 W
Wed Mar 18 18:50:10 IST 2026, 88 W
Wed Mar 18 18:50:10 IST 2026, 89 W
Wed Mar 18 18:50:11 IST 2026, 97 W
Wed Mar 18 18:50:11 IST 2026, 94 W
Wed Mar 18 18:50:11 IST 2026, 90 W
Wed Mar 18 18:50:11 IST 2026, 86 W
Wed Mar 18 18:50:12 IST 2026, 97 W
Wed Mar 18 18:50:12 IST 2026, 97 W
Wed Mar 18 18:50:12 IST 2026, 93 W
Wed Mar 18 18:50:12 IST 2026, 89 W
Wed Mar 18 18:50:13 IST 2026, 97 W
Wed Mar 18 18:50:13 IST 2026, 92 W
Wed Mar 18 18:50:13 IST 2026, 92 W
Wed Mar 18 18:50:13 IST 2026, 95 W
Wed Mar 18 18:50:14 IST 2026, 101 W
Wed Mar 18 18:50:14 IST 2026, 91 W
Wed Mar 18 18:50:14 IST 2026, 94 W
Wed Mar 18 18:50:14 IST 2026, 93 W
Wed Mar 18 18:50:15 IST 2026, 102 W
Wed Mar 18 18:50:15 IST 2026, 97 W
Wed Mar 18 18:50:15 IST 2026, 91 W
Wed Mar 18 18:50:15 IST 2026, 90 W
Wed Mar 18 18:50:16 IST 2026, 102 W
Wed Mar 18 18:50:16 IST 2026, 96 W
Wed Mar 18 18:50:16 IST 2026, 97 W
Wed Mar 18 18:50:16 IST 2026, 89 W
Wed Mar 18 18:50:17 IST 2026, 97 W
Wed Mar 18 18:50:17 IST 2026, 91 W
Wed Mar 18 18:50:17 IST 2026, 85 W
Wed Mar 18 18:50:17 IST 2026, 89 W
Wed Mar 18 18:50:18 IST 2026, 97 W
Wed Mar 18 18:50:18 IST 2026, 87 W
Wed Mar 18 18:50:18 IST 2026, 92 W
Wed Mar 18 18:50:18 IST 2026, 95 W
Wed Mar 18 18:50:19 IST 2026, 98 W
Wed Mar 18 18:50:19 IST 2026, 92 W
Wed Mar 18 18:50:19 IST 2026, 93 W
Wed Mar 18 18:50:19 IST 2026, 91 W
Wed Mar 18 18:50:20 IST 2026, 95 W
Wed Mar 18 18:50:20 IST 2026, 88 W
Wed Mar 18 18:50:20 IST 2026, 88 W
Wed Mar 18 18:50:20 IST 2026, 90 W
Wed Mar 18 18:50:21 IST 2026, 92 W
Wed Mar 18 18:50:21 IST 2026, 91 W
Wed Mar 18 18:50:21 IST 2026, 96 W
Wed Mar 18 18:50:21 IST 2026, 95 W
Wed Mar 18 18:50:22 IST 2026, 95 W
Wed Mar 18 18:50:22 IST 2026, 91 W
Wed Mar 18 18:50:22 IST 2026, 96 W
Wed Mar 18 18:50:22 IST 2026, 93 W
Wed Mar 18 18:50:23 IST 2026, 96 W
Wed Mar 18 18:50:23 IST 2026, 91 W
Wed Mar 18 18:50:23 IST 2026, 93 W
Wed Mar 18 18:50:23 IST 2026, 93 W
Wed Mar 18 18:50:24 IST 2026, 96 W
Wed Mar 18 18:50:24 IST 2026, 89 W
Wed Mar 18 18:50:24 IST 2026, 88 W
Wed Mar 18 18:50:24 IST 2026, 91 W
Wed Mar 18 18:50:25 IST 2026, 102 W
Wed Mar 18 18:50:25 IST 2026, 95 W
Wed Mar 18 18:50:25 IST 2026, 87 W
Wed Mar 18 18:50:25 IST 2026, 86 W
Wed Mar 18 18:50:26 IST 2026, 94 W
Wed Mar 18 18:50:26 IST 2026, 94 W
Wed Mar 18 18:50:26 IST 2026, 88 W
Wed Mar 18 18:50:26 IST 2026, 88 W
Wed Mar 18 18:50:27 IST 2026, 101 W
Wed Mar 18 18:50:27 IST 2026, 92 W
Wed Mar 18 18:50:27 IST 2026, 93 W
Wed Mar 18 18:50:27 IST 2026, 90 W
Wed Mar 18 18:50:28 IST 2026, 95 W
Wed Mar 18 18:50:28 IST 2026, 93 W
Wed Mar 18 18:50:28 IST 2026, 91 W
Wed Mar 18 18:50:28 IST 2026, 90 W
Wed Mar 18 18:50:29 IST 2026, 98 W
Wed Mar 18 18:50:29 IST 2026, 89 W
Wed Mar 18 18:50:29 IST 2026, 93 W
Wed Mar 18 18:50:29 IST 2026, 90 W
Wed Mar 18 18:50:30 IST 2026, 93 W
Wed Mar 18 18:50:30 IST 2026, 93 W
Wed Mar 18 18:50:30 IST 2026, 95 W
Wed Mar 18 18:50:30 IST 2026, 87 W
Wed Mar 18 18:50:31 IST 2026, 98 W
Wed Mar 18 18:50:31 IST 2026, 91 W
Wed Mar 18 18:50:31 IST 2026, 93 W
Wed Mar 18 18:50:31 IST 2026, 90 W
Wed Mar 18 18:50:32 IST 2026, 93 W
Wed Mar 18 18:50:32 IST 2026, 90 W
Wed Mar 18 18:50:32 IST 2026, 85 W
Wed Mar 18 18:50:32 IST 2026, 93 W
Wed Mar 18 18:50:33 IST 2026, 94 W
Wed Mar 18 18:50:33 IST 2026, 92 W
Wed Mar 18 18:50:33 IST 2026, 86 W
Wed Mar 18 18:50:33 IST 2026, 89 W
Wed Mar 18 18:50:34 IST 2026, 100 W
Wed Mar 18 18:50:34 IST 2026, 92 W
Wed Mar 18 18:50:34 IST 2026, 91 W
Wed Mar 18 18:50:34 IST 2026, 89 W
Wed Mar 18 18:50:35 IST 2026, 98 W
Wed Mar 18 18:50:35 IST 2026, 98 W
Wed Mar 18 18:50:35 IST 2026, 90 W
Wed Mar 18 18:50:35 IST 2026, 96 W
Wed Mar 18 18:50:36 IST 2026, 98 W
Wed Mar 18 18:50:36 IST 2026, 91 W
Wed Mar 18 18:50:36 IST 2026, 90 W
Wed Mar 18 18:50:36 IST 2026, 90 W
Wed Mar 18 18:50:37 IST 2026, 102 W
Wed Mar 18 18:50:37 IST 2026, 97 W
Wed Mar 18 18:50:37 IST 2026, 85 W
Wed Mar 18 18:50:37 IST 2026, 89 W
Wed Mar 18 18:50:38 IST 2026, 99 W
Wed Mar 18 18:50:38 IST 2026, 92 W
Wed Mar 18 18:50:38 IST 2026, 96 W
Wed Mar 18 18:50:38 IST 2026, 90 W
Wed Mar 18 18:50:39 IST 2026, 96 W
Wed Mar 18 18:50:39 IST 2026, 93 W
Wed Mar 18 18:50:39 IST 2026, 92 W
Wed Mar 18 18:50:39 IST 2026, 96 W
Wed Mar 18 18:50:40 IST 2026, 93 W
Wed Mar 18 18:50:40 IST 2026, 89 W
Wed Mar 18 18:50:40 IST 2026, 92 W
Wed Mar 18 18:50:40 IST 2026, 93 W
Wed Mar 18 18:50:41 IST 2026, 100 W
Wed Mar 18 18:50:41 IST 2026, 89 W
Wed Mar 18 18:50:41 IST 2026, 91 W
Wed Mar 18 18:50:41 IST 2026, 90 W
Wed Mar 18 18:50:42 IST 2026, 96 W
Wed Mar 18 18:50:42 IST 2026, 89 W
Wed Mar 18 18:50:42 IST 2026, 89 W
Wed Mar 18 18:50:42 IST 2026, 91 W
Wed Mar 18 18:50:43 IST 2026, 96 W
Wed Mar 18 18:50:43 IST 2026, 95 W
Wed Mar 18 18:50:43 IST 2026, 88 W
Wed Mar 18 18:50:43 IST 2026, 94 W
Wed Mar 18 18:50:44 IST 2026, 93 W
Wed Mar 18 18:50:44 IST 2026, 96 W
Wed Mar 18 18:50:44 IST 2026, 91 W
Wed Mar 18 18:50:44 IST 2026, 96 W
Wed Mar 18 18:50:45 IST 2026, 99 W
Wed Mar 18 18:50:45 IST 2026, 85 W
Wed Mar 18 18:50:45 IST 2026, 88 W
Wed Mar 18 18:50:45 IST 2026, 87 W
Wed Mar 18 18:50:46 IST 2026, 94 W
Wed Mar 18 18:50:46 IST 2026, 93 W
Wed Mar 18 18:50:46 IST 2026, 91 W
Wed Mar 18 18:50:46 IST 2026, 92 W
Wed Mar 18 18:50:47 IST 2026, 99 W
Wed Mar 18 18:50:47 IST 2026, 87 W
Wed Mar 18 18:50:47 IST 2026, 93 W
Wed Mar 18 18:50:47 IST 2026, 94 W
Wed Mar 18 18:50:48 IST 2026, 96 W
Wed Mar 18 18:50:48 IST 2026, 94 W
Wed Mar 18 18:50:48 IST 2026, 92 W
Wed Mar 18 18:50:48 IST 2026, 91 W
Wed Mar 18 18:50:49 IST 2026, 96 W
Wed Mar 18 18:50:49 IST 2026, 90 W
Wed Mar 18 18:50:49 IST 2026, 93 W
Wed Mar 18 18:50:49 IST 2026, 88 W
Wed Mar 18 18:50:50 IST 2026, 93 W
Wed Mar 18 18:50:50 IST 2026, 92 W
Wed Mar 18 18:50:50 IST 2026, 91 W
Wed Mar 18 18:50:50 IST 2026, 91 W
Wed Mar 18 18:50:52 IST 2026, 93 W
Wed Mar 18 18:50:52 IST 2026, 94 W
Wed Mar 18 18:50:52 IST 2026, 93 W
Wed Mar 18 18:50:52 IST 2026, 92 W
Wed Mar 18 18:50:52 IST 2026, 101 W
Wed Mar 18 18:50:52 IST 2026, 93 W
Wed Mar 18 18:50:52 IST 2026, 85 W
Wed Mar 18 18:50:52 IST 2026, 85 W
Wed Mar 18 18:50:53 IST 2026, 90 W
Wed Mar 18 18:50:53 IST 2026, 91 W
Wed Mar 18 18:50:53 IST 2026, 97 W
Wed Mar 18 18:50:53 IST 2026, 90 W
Wed Mar 18 18:50:54 IST 2026, 97 W
Wed Mar 18 18:50:54 IST 2026, 92 W
Wed Mar 18 18:50:54 IST 2026, 91 W
Wed Mar 18 18:50:54 IST 2026, 88 W
Wed Mar 18 18:50:55 IST 2026, 95 W
Wed Mar 18 18:50:55 IST 2026, 88 W
Wed Mar 18 18:50:55 IST 2026, 89 W
Wed Mar 18 18:50:55 IST 2026, 94 W
Wed Mar 18 18:50:56 IST 2026, 101 W
Wed Mar 18 18:50:56 IST 2026, 91 W
Wed Mar 18 18:50:56 IST 2026, 93 W
Wed Mar 18 18:50:56 IST 2026, 90 W
Wed Mar 18 18:50:57 IST 2026, 101 W
Wed Mar 18 18:50:57 IST 2026, 94 W
Wed Mar 18 18:50:57 IST 2026, 93 W
Wed Mar 18 18:50:57 IST 2026, 91 W
Wed Mar 18 18:50:58 IST 2026, 98 W
Wed Mar 18 18:50:58 IST 2026, 88 W
Wed Mar 18 18:50:58 IST 2026, 91 W
Wed Mar 18 18:50:58 IST 2026, 91 W
Wed Mar 18 18:50:59 IST 2026, 99 W
Wed Mar 18 18:50:59 IST 2026, 92 W
Wed Mar 18 18:50:59 IST 2026, 91 W
Wed Mar 18 18:50:59 IST 2026, 89 W
Wed Mar 18 18:51:00 IST 2026, 96 W
Wed Mar 18 18:51:00 IST 2026, 92 W
Wed Mar 18 18:51:00 IST 2026, 95 W
Wed Mar 18 18:51:00 IST 2026, 93 W
Wed Mar 18 18:51:01 IST 2026, 102 W
Wed Mar 18 18:51:01 IST 2026, 93 W
Wed Mar 18 18:51:01 IST 2026, 90 W
Wed Mar 18 18:51:01 IST 2026, 92 W
Wed Mar 18 18:51:02 IST 2026, 94 W
Wed Mar 18 18:51:02 IST 2026, 97 W
Wed Mar 18 18:51:02 IST 2026, 93 W
Wed Mar 18 18:51:02 IST 2026, 92 W
Wed Mar 18 18:51:03 IST 2026, 93 W
Wed Mar 18 18:51:03 IST 2026, 92 W
Wed Mar 18 18:51:03 IST 2026, 98 W
Wed Mar 18 18:51:03 IST 2026, 91 W
Wed Mar 18 18:51:04 IST 2026, 99 W
Wed Mar 18 18:51:04 IST 2026, 86 W
Wed Mar 18 18:51:04 IST 2026, 93 W
Wed Mar 18 18:51:04 IST 2026, 91 W
Wed Mar 18 18:51:05 IST 2026, 93 W
Wed Mar 18 18:51:05 IST 2026, 96 W
Wed Mar 18 18:51:05 IST 2026, 97 W
Wed Mar 18 18:51:05 IST 2026, 90 W
Wed Mar 18 18:51:06 IST 2026, 99 W
Wed Mar 18 18:51:06 IST 2026, 91 W
Wed Mar 18 18:51:06 IST 2026, 87 W
Wed Mar 18 18:51:06 IST 2026, 93 W
Wed Mar 18 18:51:07 IST 2026, 99 W
Wed Mar 18 18:51:07 IST 2026, 94 W
Wed Mar 18 18:51:07 IST 2026, 92 W
Wed Mar 18 18:51:07 IST 2026, 94 W
Wed Mar 18 18:51:08 IST 2026, 94 W
Wed Mar 18 18:51:08 IST 2026, 94 W
Wed Mar 18 18:51:08 IST 2026, 87 W
Wed Mar 18 18:51:08 IST 2026, 90 W
Wed Mar 18 18:51:09 IST 2026, 99 W
Wed Mar 18 18:51:09 IST 2026, 92 W
Wed Mar 18 18:51:09 IST 2026, 87 W
Wed Mar 18 18:51:09 IST 2026, 89 W
Wed Mar 18 18:51:10 IST 2026, 96 W
Wed Mar 18 18:51:10 IST 2026, 93 W
Wed Mar 18 18:51:10 IST 2026, 97 W
Wed Mar 18 18:51:10 IST 2026, 91 W
Wed Mar 18 18:51:11 IST 2026, 97 W
Wed Mar 18 18:51:11 IST 2026, 87 W
Wed Mar 18 18:51:11 IST 2026, 88 W
Wed Mar 18 18:51:11 IST 2026, 85 W
Wed Mar 18 18:51:12 IST 2026, 100 W
Wed Mar 18 18:51:12 IST 2026, 96 W
Wed Mar 18 18:51:12 IST 2026, 92 W
Wed Mar 18 18:51:12 IST 2026, 91 W
Wed Mar 18 18:51:13 IST 2026, 102 W
Wed Mar 18 18:51:13 IST 2026, 89 W
Wed Mar 18 18:51:13 IST 2026, 91 W
Wed Mar 18 18:51:13 IST 2026, 91 W
Wed Mar 18 18:51:14 IST 2026, 94 W
Wed Mar 18 18:51:14 IST 2026, 92 W
Wed Mar 18 18:51:14 IST 2026, 92 W
Wed Mar 18 18:51:14 IST 2026, 95 W
Wed Mar 18 18:51:15 IST 2026, 94 W
Wed Mar 18 18:51:15 IST 2026, 90 W
Wed Mar 18 18:51:15 IST 2026, 91 W
Wed Mar 18 18:51:15 IST 2026, 90 W
Wed Mar 18 18:51:16 IST 2026, 93 W
Wed Mar 18 18:51:16 IST 2026, 85 W
Wed Mar 18 18:51:16 IST 2026, 87 W
Wed Mar 18 18:51:16 IST 2026, 91 W
Wed Mar 18 18:51:17 IST 2026, 100 W
Wed Mar 18 18:51:17 IST 2026, 97 W
Wed Mar 18 18:51:17 IST 2026, 90 W
Wed Mar 18 18:51:17 IST 2026, 87 W
Wed Mar 18 18:51:18 IST 2026, 98 W
Wed Mar 18 18:51:18 IST 2026, 93 W
Wed Mar 18 18:51:18 IST 2026, 86 W
Wed Mar 18 18:51:18 IST 2026, 89 W
Wed Mar 18 18:51:19 IST 2026, 99 W
Wed Mar 18 18:51:19 IST 2026, 92 W
Wed Mar 18 18:51:19 IST 2026, 91 W
Wed Mar 18 18:51:19 IST 2026, 89 W
Wed Mar 18 18:51:20 IST 2026, 102 W
Wed Mar 18 18:51:20 IST 2026, 93 W
Wed Mar 18 18:51:20 IST 2026, 93 W
Wed Mar 18 18:51:20 IST 2026, 94 W
Wed Mar 18 18:51:21 IST 2026, 92 W
Wed Mar 18 18:51:21 IST 2026, 96 W
Wed Mar 18 18:51:21 IST 2026, 91 W
Wed Mar 18 18:51:21 IST 2026, 93 W
Wed Mar 18 18:51:22 IST 2026, 96 W
Wed Mar 18 18:51:22 IST 2026, 90 W
Wed Mar 18 18:51:22 IST 2026, 87 W
Wed Mar 18 18:51:22 IST 2026, 93 W
Wed Mar 18 18:51:23 IST 2026, 98 W
Wed Mar 18 18:51:23 IST 2026, 85 W
Wed Mar 18 18:51:23 IST 2026, 87 W
Wed Mar 18 18:51:23 IST 2026, 91 W
Wed Mar 18 18:51:24 IST 2026, 98 W
Wed Mar 18 18:51:24 IST 2026, 87 W
Wed Mar 18 18:51:24 IST 2026, 86 W
Wed Mar 18 18:51:24 IST 2026, 94 W
Wed Mar 18 18:51:25 IST 2026, 98 W
Wed Mar 18 18:51:25 IST 2026, 97 W
Wed Mar 18 18:51:25 IST 2026, 92 W
Wed Mar 18 18:51:25 IST 2026, 89 W
Wed Mar 18 18:51:26 IST 2026, 101 W
Wed Mar 18 18:51:26 IST 2026, 88 W
Wed Mar 18 18:51:26 IST 2026, 90 W
Wed Mar 18 18:51:26 IST 2026, 97 W
Wed Mar 18 18:51:27 IST 2026, 97 W
Wed Mar 18 18:51:27 IST 2026, 95 W
Wed Mar 18 18:51:27 IST 2026, 92 W
Wed Mar 18 18:51:27 IST 2026, 98 W
Wed Mar 18 18:51:28 IST 2026, 99 W
Wed Mar 18 18:51:28 IST 2026, 88 W
Wed Mar 18 18:51:28 IST 2026, 87 W
Wed Mar 18 18:51:28 IST 2026, 92 W
Wed Mar 18 18:51:29 IST 2026, 99 W
Wed Mar 18 18:51:29 IST 2026, 97 W
Wed Mar 18 18:51:29 IST 2026, 90 W
Wed Mar 18 18:51:29 IST 2026, 91 W
Wed Mar 18 18:51:30 IST 2026, 96 W
Wed Mar 18 18:51:30 IST 2026, 94 W
Wed Mar 18 18:51:30 IST 2026, 92 W
Wed Mar 18 18:51:30 IST 2026, 96 W
Wed Mar 18 18:51:31 IST 2026, 102 W
Wed Mar 18 18:51:31 IST 2026, 95 W
Wed Mar 18 18:51:31 IST 2026, 89 W
Wed Mar 18 18:51:31 IST 2026, 98 W
Wed Mar 18 18:51:32 IST 2026, 99 W
Wed Mar 18 18:51:32 IST 2026, 89 W
Wed Mar 18 18:51:32 IST 2026, 94 W
Wed Mar 18 18:51:32 IST 2026, 93 W
Wed Mar 18 18:51:33 IST 2026, 97 W
Wed Mar 18 18:51:33 IST 2026, 87 W
Wed Mar 18 18:51:33 IST 2026, 86 W
Wed Mar 18 18:51:33 IST 2026, 96 W
Wed Mar 18 18:51:34 IST 2026, 97 W
Wed Mar 18 18:51:34 IST 2026, 93 W
Wed Mar 18 18:51:34 IST 2026, 93 W
Wed Mar 18 18:51:34 IST 2026, 95 W
Wed Mar 18 18:51:35 IST 2026, 94 W
Wed Mar 18 18:51:35 IST 2026, 93 W
Wed Mar 18 18:51:35 IST 2026, 88 W
Wed Mar 18 18:51:35 IST 2026, 97 W
Wed Mar 18 18:51:36 IST 2026, 95 W
Wed Mar 18 18:51:36 IST 2026, 95 W
Wed Mar 18 18:51:36 IST 2026, 94 W
Wed Mar 18 18:51:36 IST 2026, 92 W
Wed Mar 18 18:51:37 IST 2026, 98 W
Wed Mar 18 18:51:37 IST 2026, 93 W
Wed Mar 18 18:51:37 IST 2026, 87 W
Wed Mar 18 18:51:37 IST 2026, 93 W
Wed Mar 18 18:51:38 IST 2026, 98 W
Wed Mar 18 18:51:38 IST 2026, 91 W
Wed Mar 18 18:51:38 IST 2026, 91 W
Wed Mar 18 18:51:38 IST 2026, 88 W
Wed Mar 18 18:51:39 IST 2026, 93 W
Wed Mar 18 18:51:39 IST 2026, 94 W
Wed Mar 18 18:51:39 IST 2026, 98 W
Wed Mar 18 18:51:39 IST 2026, 94 W
Wed Mar 18 18:51:40 IST 2026, 94 W
Wed Mar 18 18:51:40 IST 2026, 95 W
Wed Mar 18 18:51:40 IST 2026, 89 W
Wed Mar 18 18:51:40 IST 2026, 88 W
Wed Mar 18 18:51:41 IST 2026, 97 W
Wed Mar 18 18:51:41 IST 2026, 86 W
Wed Mar 18 18:51:41 IST 2026, 93 W
Wed Mar 18 18:51:41 IST 2026, 90 W
Wed Mar 18 18:51:42 IST 2026, 99 W
Wed Mar 18 18:51:42 IST 2026, 88 W
Wed Mar 18 18:51:42 IST 2026, 94 W
Wed Mar 18 18:51:42 IST 2026, 99 W
Wed Mar 18 18:51:43 IST 2026, 101 W
Wed Mar 18 18:51:43 IST 2026, 91 W
Wed Mar 18 18:51:43 IST 2026, 94 W
Wed Mar 18 18:51:43 IST 2026, 92 W
Wed Mar 18 18:51:44 IST 2026, 93 W
Wed Mar 18 18:51:44 IST 2026, 96 W
Wed Mar 18 18:51:44 IST 2026, 94 W
Wed Mar 18 18:51:44 IST 2026, 86 W
Wed Mar 18 18:51:45 IST 2026, 96 W
Wed Mar 18 18:51:45 IST 2026, 91 W
Wed Mar 18 18:51:45 IST 2026, 93 W
Wed Mar 18 18:51:45 IST 2026, 88 W
Wed Mar 18 18:51:46 IST 2026, 99 W
Wed Mar 18 18:51:46 IST 2026, 95 W
Wed Mar 18 18:51:46 IST 2026, 90 W
Wed Mar 18 18:51:46 IST 2026, 90 W
Wed Mar 18 18:51:47 IST 2026, 94 W
Wed Mar 18 18:51:47 IST 2026, 88 W
Wed Mar 18 18:51:47 IST 2026, 85 W
Wed Mar 18 18:51:47 IST 2026, 91 W
Wed Mar 18 18:51:48 IST 2026, 93 W
Wed Mar 18 18:51:48 IST 2026, 87 W
Wed Mar 18 18:51:48 IST 2026, 97 W
Wed Mar 18 18:51:48 IST 2026, 90 W
Wed Mar 18 18:51:49 IST 2026, 94 W
Wed Mar 18 18:51:49 IST 2026, 91 W
Wed Mar 18 18:51:49 IST 2026, 92 W
Wed Mar 18 18:51:49 IST 2026, 87 W
Wed Mar 18 18:51:50 IST 2026, 99 W
Wed Mar 18 18:51:50 IST 2026, 92 W
Wed Mar 18 18:51:50 IST 2026, 96 W
Wed Mar 18 18:51:50 IST 2026, 90 W
Wed Mar 18 18:51:51 IST 2026, 95 W
Wed Mar 18 18:51:51 IST 2026, 88 W
Wed Mar 18 18:51:51 IST 2026, 89 W
Wed Mar 18 18:51:51 IST 2026, 92 W
Wed Mar 18 18:51:52 IST 2026, 94 W
Wed Mar 18 18:51:52 IST 2026, 94 W
Wed Mar 18 18:51:52 IST 2026, 97 W
Wed Mar 18 18:51:52 IST 2026, 90 W
Wed Mar 18 18:51:53 IST 2026, 100 W
Wed Mar 18 18:51:53 IST 2026, 95 W
Wed Mar 18 18:51:53 IST 2026, 94 W
Wed Mar 18 18:51:53 IST 2026, 91 W
Wed Mar 18 18:51:54 IST 2026, 96 W
Wed Mar 18 18:51:54 IST 2026, 92 W
Wed Mar 18 18:51:54 IST 2026, 88 W
Wed Mar 18 18:51:54 IST 2026, 92 W
Wed Mar 18 18:51:55 IST 2026, 97 W
Wed Mar 18 18:51:55 IST 2026, 94 W
Wed Mar 18 18:51:55 IST 2026, 88 W
Wed Mar 18 18:51:55 IST 2026, 90 W
Wed Mar 18 18:51:56 IST 2026, 98 W
Wed Mar 18 18:51:56 IST 2026, 91 W
Wed Mar 18 18:51:56 IST 2026, 89 W
Wed Mar 18 18:51:56 IST 2026, 95 W
Wed Mar 18 18:51:57 IST 2026, 92 W
Wed Mar 18 18:51:57 IST 2026, 89 W
Wed Mar 18 18:51:57 IST 2026, 89 W
Wed Mar 18 18:51:57 IST 2026, 85 W
Wed Mar 18 18:51:58 IST 2026, 97 W
Wed Mar 18 18:51:58 IST 2026, 92 W
Wed Mar 18 18:51:58 IST 2026, 94 W
Wed Mar 18 18:51:58 IST 2026, 91 W
Wed Mar 18 18:51:59 IST 2026, 99 W
Wed Mar 18 18:51:59 IST 2026, 94 W
Wed Mar 18 18:51:59 IST 2026, 87 W
Wed Mar 18 18:51:59 IST 2026, 87 W
Wed Mar 18 18:52:00 IST 2026, 99 W
Wed Mar 18 18:52:00 IST 2026, 90 W
Wed Mar 18 18:52:00 IST 2026, 92 W
Wed Mar 18 18:52:00 IST 2026, 88 W
Wed Mar 18 18:52:01 IST 2026, 102 W
Wed Mar 18 18:52:01 IST 2026, 91 W
Wed Mar 18 18:52:01 IST 2026, 97 W
Wed Mar 18 18:52:01 IST 2026, 89 W
Wed Mar 18 18:52:03 IST 2026, 100 W
Wed Mar 18 18:52:03 IST 2026, 89 W
Wed Mar 18 18:52:03 IST 2026, 87 W
Wed Mar 18 18:52:03 IST 2026, 93 W
Wed Mar 18 18:52:03 IST 2026, 96 W
Wed Mar 18 18:52:03 IST 2026, 92 W
Wed Mar 18 18:52:03 IST 2026, 96 W
Wed Mar 18 18:52:03 IST 2026, 85 W
Wed Mar 18 18:52:04 IST 2026, 98 W
Wed Mar 18 18:52:04 IST 2026, 90 W
Wed Mar 18 18:52:04 IST 2026, 88 W
Wed Mar 18 18:52:04 IST 2026, 89 W
Wed Mar 18 18:52:05 IST 2026, 98 W
Wed Mar 18 18:52:05 IST 2026, 90 W
Wed Mar 18 18:52:05 IST 2026, 90 W
Wed Mar 18 18:52:05 IST 2026, 90 W
Wed Mar 18 18:52:06 IST 2026, 94 W
Wed Mar 18 18:52:06 IST 2026, 95 W
Wed Mar 18 18:52:06 IST 2026, 94 W
Wed Mar 18 18:52:06 IST 2026, 88 W
Wed Mar 18 18:52:07 IST 2026, 95 W
Wed Mar 18 18:52:07 IST 2026, 93 W
Wed Mar 18 18:52:07 IST 2026, 91 W
Wed Mar 18 18:52:07 IST 2026, 93 W
Wed Mar 18 18:52:08 IST 2026, 94 W
Wed Mar 18 18:52:08 IST 2026, 88 W
Wed Mar 18 18:52:08 IST 2026, 89 W
Wed Mar 18 18:52:08 IST 2026, 92 W
Wed Mar 18 18:52:09 IST 2026, 96 W
Wed Mar 18 18:52:09 IST 2026, 94 W
Wed Mar 18 18:52:09 IST 2026, 89 W
Wed Mar 18 18:52:09 IST 2026, 92 W
Wed Mar 18 18:52:10 IST 2026, 96 W
Wed Mar 18 18:52:10 IST 2026, 87 W
Wed Mar 18 18:52:10 IST 2026, 88 W
Wed Mar 18 18:52:10 IST 2026, 90 W
Wed Mar 18 18:52:11 IST 2026, 101 W
Wed Mar 18 18:52:11 IST 2026, 91 W
Wed Mar 18 18:52:11 IST 2026, 87 W
Wed Mar 18 18:52:11 IST 2026, 91 W
Wed Mar 18 18:52:12 IST 2026, 99 W
Wed Mar 18 18:52:12 IST 2026, 98 W
Wed Mar 18 18:52:12 IST 2026, 92 W
Wed Mar 18 18:52:12 IST 2026, 88 W
Wed Mar 18 18:52:13 IST 2026, 94 W
Wed Mar 18 18:52:13 IST 2026, 94 W
Wed Mar 18 18:52:13 IST 2026, 88 W
Wed Mar 18 18:52:13 IST 2026, 90 W
Wed Mar 18 18:52:14 IST 2026, 101 W
Wed Mar 18 18:52:14 IST 2026, 92 W
Wed Mar 18 18:52:14 IST 2026, 90 W
Wed Mar 18 18:52:14 IST 2026, 87 W
Wed Mar 18 18:52:15 IST 2026, 96 W
Wed Mar 18 18:52:15 IST 2026, 91 W
Wed Mar 18 18:52:15 IST 2026, 89 W
Wed Mar 18 18:52:15 IST 2026, 86 W
Wed Mar 18 18:52:16 IST 2026, 98 W
Wed Mar 18 18:52:16 IST 2026, 93 W
Wed Mar 18 18:52:16 IST 2026, 89 W
Wed Mar 18 18:52:16 IST 2026, 96 W
Wed Mar 18 18:52:17 IST 2026, 101 W
Wed Mar 18 18:52:17 IST 2026, 93 W
Wed Mar 18 18:52:17 IST 2026, 94 W
Wed Mar 18 18:52:17 IST 2026, 89 W
Wed Mar 18 18:52:18 IST 2026, 95 W
Wed Mar 18 18:52:18 IST 2026, 91 W
Wed Mar 18 18:52:18 IST 2026, 92 W
Wed Mar 18 18:52:18 IST 2026, 91 W
Wed Mar 18 18:52:19 IST 2026, 99 W
Wed Mar 18 18:52:19 IST 2026, 89 W
Wed Mar 18 18:52:19 IST 2026, 91 W
Wed Mar 18 18:52:19 IST 2026, 89 W
Wed Mar 18 18:52:20 IST 2026, 102 W
Wed Mar 18 18:52:20 IST 2026, 91 W
Wed Mar 18 18:52:20 IST 2026, 93 W
Wed Mar 18 18:52:20 IST 2026, 92 W
Wed Mar 18 18:52:21 IST 2026, 95 W
Wed Mar 18 18:52:21 IST 2026, 94 W
Wed Mar 18 18:52:21 IST 2026, 91 W
Wed Mar 18 18:52:21 IST 2026, 92 W
Wed Mar 18 18:52:22 IST 2026, 97 W
Wed Mar 18 18:52:22 IST 2026, 91 W
Wed Mar 18 18:52:22 IST 2026, 87 W
Wed Mar 18 18:52:22 IST 2026, 96 W
Wed Mar 18 18:52:23 IST 2026, 99 W
Wed Mar 18 18:52:23 IST 2026, 91 W
Wed Mar 18 18:52:23 IST 2026, 93 W
Wed Mar 18 18:52:23 IST 2026, 92 W
Wed Mar 18 18:52:24 IST 2026, 98 W
Wed Mar 18 18:52:24 IST 2026, 89 W
Wed Mar 18 18:52:24 IST 2026, 95 W
Wed Mar 18 18:52:24 IST 2026, 91 W
Wed Mar 18 18:52:25 IST 2026, 95 W
Wed Mar 18 18:52:25 IST 2026, 89 W
Wed Mar 18 18:52:25 IST 2026, 93 W
Wed Mar 18 18:52:25 IST 2026, 86 W
Wed Mar 18 18:52:26 IST 2026, 92 W
Wed Mar 18 18:52:26 IST 2026, 91 W
Wed Mar 18 18:52:26 IST 2026, 89 W
Wed Mar 18 18:52:26 IST 2026, 94 W
Wed Mar 18 18:52:27 IST 2026, 98 W
Wed Mar 18 18:52:27 IST 2026, 93 W
Wed Mar 18 18:52:27 IST 2026, 94 W
Wed Mar 18 18:52:27 IST 2026, 89 W
Wed Mar 18 18:52:28 IST 2026, 99 W
Wed Mar 18 18:52:28 IST 2026, 91 W
Wed Mar 18 18:52:28 IST 2026, 95 W
Wed Mar 18 18:52:28 IST 2026, 86 W
Wed Mar 18 18:52:29 IST 2026, 104 W
Wed Mar 18 18:52:29 IST 2026, 91 W
Wed Mar 18 18:52:29 IST 2026, 89 W
Wed Mar 18 18:52:29 IST 2026, 91 W
Wed Mar 18 18:52:30 IST 2026, 102 W
Wed Mar 18 18:52:30 IST 2026, 93 W
Wed Mar 18 18:52:30 IST 2026, 91 W
Wed Mar 18 18:52:30 IST 2026, 93 W
Wed Mar 18 18:52:31 IST 2026, 98 W
Wed Mar 18 18:52:31 IST 2026, 93 W
Wed Mar 18 18:52:31 IST 2026, 88 W
Wed Mar 18 18:52:31 IST 2026, 93 W
Wed Mar 18 18:52:32 IST 2026, 99 W
Wed Mar 18 18:52:32 IST 2026, 98 W
Wed Mar 18 18:52:32 IST 2026, 92 W
Wed Mar 18 18:52:32 IST 2026, 88 W
Wed Mar 18 18:52:33 IST 2026, 96 W
Wed Mar 18 18:52:33 IST 2026, 88 W
Wed Mar 18 18:52:33 IST 2026, 90 W
Wed Mar 18 18:52:33 IST 2026, 92 W
Wed Mar 18 18:52:34 IST 2026, 92 W
Wed Mar 18 18:52:34 IST 2026, 92 W
Wed Mar 18 18:52:34 IST 2026, 91 W
Wed Mar 18 18:52:34 IST 2026, 89 W
Wed Mar 18 18:52:35 IST 2026, 100 W
Wed Mar 18 18:52:35 IST 2026, 89 W
Wed Mar 18 18:52:35 IST 2026, 91 W
Wed Mar 18 18:52:35 IST 2026, 96 W
Wed Mar 18 18:52:36 IST 2026, 97 W
Wed Mar 18 18:52:36 IST 2026, 90 W
Wed Mar 18 18:52:36 IST 2026, 95 W
Wed Mar 18 18:52:36 IST 2026, 90 W
Wed Mar 18 18:52:37 IST 2026, 100 W
Wed Mar 18 18:52:37 IST 2026, 90 W
Wed Mar 18 18:52:37 IST 2026, 88 W
Wed Mar 18 18:52:37 IST 2026, 93 W
Wed Mar 18 18:52:38 IST 2026, 98 W
Wed Mar 18 18:52:38 IST 2026, 93 W
Wed Mar 18 18:52:38 IST 2026, 88 W
Wed Mar 18 18:52:38 IST 2026, 90 W
Wed Mar 18 18:52:39 IST 2026, 95 W
Wed Mar 18 18:52:39 IST 2026, 89 W
Wed Mar 18 18:52:39 IST 2026, 90 W
Wed Mar 18 18:52:39 IST 2026, 96 W
Wed Mar 18 18:52:40 IST 2026, 96 W
Wed Mar 18 18:52:40 IST 2026, 87 W
Wed Mar 18 18:52:40 IST 2026, 90 W
Wed Mar 18 18:52:40 IST 2026, 95 W
Wed Mar 18 18:52:41 IST 2026, 98 W
Wed Mar 18 18:52:41 IST 2026, 92 W
Wed Mar 18 18:52:41 IST 2026, 88 W
Wed Mar 18 18:52:41 IST 2026, 91 W
Wed Mar 18 18:52:42 IST 2026, 98 W
Wed Mar 18 18:52:42 IST 2026, 88 W
Wed Mar 18 18:52:42 IST 2026, 90 W
Wed Mar 18 18:52:42 IST 2026, 92 W
Wed Mar 18 18:52:43 IST 2026, 93 W
Wed Mar 18 18:52:43 IST 2026, 88 W
Wed Mar 18 18:52:43 IST 2026, 95 W
Wed Mar 18 18:52:43 IST 2026, 95 W
Wed Mar 18 18:52:44 IST 2026, 97 W
Wed Mar 18 18:52:44 IST 2026, 95 W
Wed Mar 18 18:52:44 IST 2026, 89 W
Wed Mar 18 18:52:44 IST 2026, 90 W
Wed Mar 18 18:52:45 IST 2026, 101 W
Wed Mar 18 18:52:45 IST 2026, 93 W
Wed Mar 18 18:52:45 IST 2026, 90 W
Wed Mar 18 18:52:45 IST 2026, 94 W
Wed Mar 18 18:52:46 IST 2026, 98 W
Wed Mar 18 18:52:46 IST 2026, 90 W
Wed Mar 18 18:52:46 IST 2026, 91 W
Wed Mar 18 18:52:46 IST 2026, 86 W
Wed Mar 18 18:52:47 IST 2026, 96 W
Wed Mar 18 18:52:47 IST 2026, 95 W
Wed Mar 18 18:52:47 IST 2026, 86 W
Wed Mar 18 18:52:47 IST 2026, 87 W
Wed Mar 18 18:52:48 IST 2026, 93 W
Wed Mar 18 18:52:48 IST 2026, 96 W
Wed Mar 18 18:52:48 IST 2026, 85 W
Wed Mar 18 18:52:48 IST 2026, 93 W
Wed Mar 18 18:52:49 IST 2026, 96 W
Wed Mar 18 18:52:49 IST 2026, 87 W
Wed Mar 18 18:52:49 IST 2026, 91 W
Wed Mar 18 18:52:49 IST 2026, 90 W
Wed Mar 18 18:52:50 IST 2026, 101 W
Wed Mar 18 18:52:50 IST 2026, 96 W
Wed Mar 18 18:52:50 IST 2026, 93 W
Wed Mar 18 18:52:50 IST 2026, 88 W
Wed Mar 18 18:52:51 IST 2026, 102 W
Wed Mar 18 18:52:51 IST 2026, 91 W
Wed Mar 18 18:52:51 IST 2026, 89 W
Wed Mar 18 18:52:51 IST 2026, 87 W
Wed Mar 18 18:52:52 IST 2026, 92 W
Wed Mar 18 18:52:52 IST 2026, 88 W
Wed Mar 18 18:52:52 IST 2026, 90 W
Wed Mar 18 18:52:52 IST 2026, 87 W
Wed Mar 18 18:52:53 IST 2026, 98 W
Wed Mar 18 18:52:53 IST 2026, 92 W
Wed Mar 18 18:52:53 IST 2026, 93 W
Wed Mar 18 18:52:53 IST 2026, 92 W
Wed Mar 18 18:52:54 IST 2026, 101 W
Wed Mar 18 18:52:54 IST 2026, 98 W
Wed Mar 18 18:52:54 IST 2026, 93 W
Wed Mar 18 18:52:54 IST 2026, 92 W
Wed Mar 18 18:52:55 IST 2026, 99 W
Wed Mar 18 18:52:55 IST 2026, 92 W
Wed Mar 18 18:52:55 IST 2026, 94 W
Wed Mar 18 18:52:55 IST 2026, 86 W
Wed Mar 18 18:52:56 IST 2026, 96 W
Wed Mar 18 18:52:56 IST 2026, 93 W
Wed Mar 18 18:52:56 IST 2026, 90 W
Wed Mar 18 18:52:56 IST 2026, 97 W
Wed Mar 18 18:52:57 IST 2026, 98 W
Wed Mar 18 18:52:57 IST 2026, 91 W
Wed Mar 18 18:52:57 IST 2026, 85 W
Wed Mar 18 18:52:57 IST 2026, 90 W
Wed Mar 18 18:52:58 IST 2026, 99 W
Wed Mar 18 18:52:58 IST 2026, 96 W
Wed Mar 18 18:52:58 IST 2026, 95 W
Wed Mar 18 18:52:58 IST 2026, 96 W
Wed Mar 18 18:52:59 IST 2026, 94 W
Wed Mar 18 18:52:59 IST 2026, 93 W
Wed Mar 18 18:52:59 IST 2026, 94 W
Wed Mar 18 18:52:59 IST 2026, 89 W
Wed Mar 18 18:53:00 IST 2026, 97 W
Wed Mar 18 18:53:00 IST 2026, 94 W
Wed Mar 18 18:53:00 IST 2026, 95 W
Wed Mar 18 18:53:00 IST 2026, 93 W
Wed Mar 18 18:53:01 IST 2026, 99 W
Wed Mar 18 18:53:01 IST 2026, 93 W
Wed Mar 18 18:53:01 IST 2026, 86 W
Wed Mar 18 18:53:01 IST 2026, 93 W
Wed Mar 18 18:53:02 IST 2026, 97 W
Wed Mar 18 18:53:02 IST 2026, 90 W
Wed Mar 18 18:53:02 IST 2026, 92 W
Wed Mar 18 18:53:02 IST 2026, 91 W
Wed Mar 18 18:53:03 IST 2026, 95 W
Wed Mar 18 18:53:03 IST 2026, 86 W
Wed Mar 18 18:53:03 IST 2026, 90 W
Wed Mar 18 18:53:03 IST 2026, 90 W
Wed Mar 18 18:53:04 IST 2026, 94 W
Wed Mar 18 18:53:04 IST 2026, 86 W
Wed Mar 18 18:53:04 IST 2026, 90 W
Wed Mar 18 18:53:04 IST 2026, 95 W
Wed Mar 18 18:53:05 IST 2026, 98 W
Wed Mar 18 18:53:05 IST 2026, 92 W
Wed Mar 18 18:53:05 IST 2026, 90 W
Wed Mar 18 18:53:05 IST 2026, 88 W
Wed Mar 18 18:53:06 IST 2026, 96 W
Wed Mar 18 18:53:06 IST 2026, 91 W
Wed Mar 18 18:53:06 IST 2026, 89 W
Wed Mar 18 18:53:06 IST 2026, 89 W
Wed Mar 18 18:53:07 IST 2026, 95 W
Wed Mar 18 18:53:07 IST 2026, 93 W
Wed Mar 18 18:53:07 IST 2026, 92 W
Wed Mar 18 18:53:07 IST 2026, 94 W
Wed Mar 18 18:53:08 IST 2026, 98 W
Wed Mar 18 18:53:08 IST 2026, 94 W
Wed Mar 18 18:53:08 IST 2026, 92 W
Wed Mar 18 18:53:08 IST 2026, 88 W
Wed Mar 18 18:53:09 IST 2026, 93 W
Wed Mar 18 18:53:09 IST 2026, 98 W
Wed Mar 18 18:53:09 IST 2026, 93 W
Wed Mar 18 18:53:09 IST 2026, 99 W
Wed Mar 18 18:53:10 IST 2026, 94 W
Wed Mar 18 18:53:10 IST 2026, 98 W
Wed Mar 18 18:53:10 IST 2026, 92 W
Wed Mar 18 18:53:10 IST 2026, 88 W
Wed Mar 18 18:53:11 IST 2026, 93 W
Wed Mar 18 18:53:11 IST 2026, 93 W
Wed Mar 18 18:53:11 IST 2026, 94 W
Wed Mar 18 18:53:11 IST 2026, 89 W
Wed Mar 18 18:53:12 IST 2026, 99 W
Wed Mar 18 18:53:12 IST 2026, 96 W
Wed Mar 18 18:53:12 IST 2026, 96 W
Wed Mar 18 18:53:12 IST 2026, 89 W
Wed Mar 18 18:53:13 IST 2026, 99 W
Wed Mar 18 18:53:13 IST 2026, 89 W
Wed Mar 18 18:53:13 IST 2026, 91 W
Wed Mar 18 18:53:13 IST 2026, 94 W
Wed Mar 18 18:53:14 IST 2026, 102 W
Wed Mar 18 18:53:14 IST 2026, 91 W
Wed Mar 18 18:53:14 IST 2026, 90 W
Wed Mar 18 18:53:14 IST 2026, 89 W
Wed Mar 18 18:53:15 IST 2026, 94 W
Wed Mar 18 18:53:15 IST 2026, 91 W
Wed Mar 18 18:53:15 IST 2026, 89 W
Wed Mar 18 18:53:15 IST 2026, 94 W
Wed Mar 18 18:53:16 IST 2026, 103 W
Wed Mar 18 18:53:16 IST 2026, 92 W
Wed Mar 18 18:53:16 IST 2026, 89 W
Wed Mar 18 18:53:16 IST 2026, 97 W
Wed Mar 18 18:53:17 IST 2026, 94 W
Wed Mar 18 18:53:17 IST 2026, 96 W
Wed Mar 18 18:53:17 IST 2026, 96 W
Wed Mar 18 18:53:17 IST 2026, 89 W
Wed Mar 18 18:53:18 IST 2026, 94 W
Wed Mar 18 18:53:18 IST 2026, 92 W
Wed Mar 18 18:53:18 IST 2026, 96 W
Wed Mar 18 18:53:18 IST 2026, 89 W
Wed Mar 18 18:53:19 IST 2026, 97 W
Wed Mar 18 18:53:19 IST 2026, 91 W
Wed Mar 18 18:53:19 IST 2026, 88 W
Wed Mar 18 18:53:19 IST 2026, 89 W
Wed Mar 18 18:53:20 IST 2026, 93 W
Wed Mar 18 18:53:20 IST 2026, 97 W
Wed Mar 18 18:53:20 IST 2026, 97 W
Wed Mar 18 18:53:20 IST 2026, 97 W
Wed Mar 18 18:53:21 IST 2026, 95 W
Wed Mar 18 18:53:21 IST 2026, 89 W
Wed Mar 18 18:53:21 IST 2026, 90 W
Wed Mar 18 18:53:21 IST 2026, 90 W
Wed Mar 18 18:53:22 IST 2026, 94 W
Wed Mar 18 18:53:22 IST 2026, 93 W
Wed Mar 18 18:53:22 IST 2026, 92 W
Wed Mar 18 18:53:22 IST 2026, 90 W
Wed Mar 18 18:53:23 IST 2026, 97 W
Wed Mar 18 18:53:23 IST 2026, 91 W
Wed Mar 18 18:53:23 IST 2026, 90 W
Wed Mar 18 18:53:23 IST 2026, 95 W
Wed Mar 18 18:53:24 IST 2026, 97 W
Wed Mar 18 18:53:24 IST 2026, 93 W
Wed Mar 18 18:53:24 IST 2026, 96 W
Wed Mar 18 18:53:24 IST 2026, 91 W
Wed Mar 18 18:53:25 IST 2026, 96 W
Wed Mar 18 18:53:25 IST 2026, 86 W
Wed Mar 18 18:53:25 IST 2026, 93 W
Wed Mar 18 18:53:25 IST 2026, 99 W
Wed Mar 18 18:53:26 IST 2026, 93 W
Wed Mar 18 18:53:26 IST 2026, 90 W
Wed Mar 18 18:53:26 IST 2026, 85 W
Wed Mar 18 18:53:26 IST 2026, 91 W
Wed Mar 18 18:53:27 IST 2026, 98 W
Wed Mar 18 18:53:27 IST 2026, 91 W
Wed Mar 18 18:53:27 IST 2026, 94 W
Wed Mar 18 18:53:27 IST 2026, 93 W
Wed Mar 18 18:53:28 IST 2026, 95 W
Wed Mar 18 18:53:28 IST 2026, 98 W
Wed Mar 18 18:53:28 IST 2026, 89 W
Wed Mar 18 18:53:28 IST 2026, 87 W
Wed Mar 18 18:53:29 IST 2026, 95 W
Wed Mar 18 18:53:29 IST 2026, 96 W
Wed Mar 18 18:53:29 IST 2026, 89 W
Wed Mar 18 18:53:29 IST 2026, 92 W
Wed Mar 18 18:53:30 IST 2026, 100 W
Wed Mar 18 18:53:30 IST 2026, 88 W
Wed Mar 18 18:53:30 IST 2026, 93 W
Wed Mar 18 18:53:30 IST 2026, 90 W
Wed Mar 18 18:53:31 IST 2026, 98 W
Wed Mar 18 18:53:31 IST 2026, 87 W
Wed Mar 18 18:53:31 IST 2026, 92 W
Wed Mar 18 18:53:31 IST 2026, 92 W
Wed Mar 18 18:53:32 IST 2026, 97 W
Wed Mar 18 18:53:32 IST 2026, 91 W
Wed Mar 18 18:53:32 IST 2026, 89 W
Wed Mar 18 18:53:32 IST 2026, 90 W
Wed Mar 18 18:53:33 IST 2026, 95 W
Wed Mar 18 18:53:33 IST 2026, 97 W
Wed Mar 18 18:53:33 IST 2026, 84 W
Wed Mar 18 18:53:33 IST 2026, 85 W
Wed Mar 18 18:53:34 IST 2026, 101 W
Wed Mar 18 18:53:34 IST 2026, 88 W
Wed Mar 18 18:53:34 IST 2026, 90 W
Wed Mar 18 18:53:34 IST 2026, 89 W
Wed Mar 18 18:53:35 IST 2026, 92 W
Wed Mar 18 18:53:35 IST 2026, 88 W
Wed Mar 18 18:53:35 IST 2026, 90 W
Wed Mar 18 18:53:35 IST 2026, 89 W
Wed Mar 18 18:53:36 IST 2026, 100 W
Wed Mar 18 18:53:36 IST 2026, 96 W
Wed Mar 18 18:53:36 IST 2026, 94 W
Wed Mar 18 18:53:36 IST 2026, 91 W
Wed Mar 18 18:53:37 IST 2026, 97 W
Wed Mar 18 18:53:37 IST 2026, 90 W
Wed Mar 18 18:53:37 IST 2026, 96 W
Wed Mar 18 18:53:37 IST 2026, 98 W
Wed Mar 18 18:53:38 IST 2026, 103 W
Wed Mar 18 18:53:38 IST 2026, 97 W
Wed Mar 18 18:53:38 IST 2026, 91 W
Wed Mar 18 18:53:38 IST 2026, 87 W
Wed Mar 18 18:53:39 IST 2026, 100 W
Wed Mar 18 18:53:39 IST 2026, 96 W
Wed Mar 18 18:53:39 IST 2026, 90 W
Wed Mar 18 18:53:39 IST 2026, 89 W
Wed Mar 18 18:53:40 IST 2026, 97 W
Wed Mar 18 18:53:40 IST 2026, 92 W
Wed Mar 18 18:53:40 IST 2026, 88 W
Wed Mar 18 18:53:40 IST 2026, 87 W
Wed Mar 18 18:53:41 IST 2026, 94 W
Wed Mar 18 18:53:41 IST 2026, 91 W
Wed Mar 18 18:53:41 IST 2026, 89 W
Wed Mar 18 18:53:41 IST 2026, 91 W
Wed Mar 18 18:53:42 IST 2026, 101 W
Wed Mar 18 18:53:42 IST 2026, 94 W
Wed Mar 18 18:53:42 IST 2026, 93 W
Wed Mar 18 18:53:42 IST 2026, 93 W
Wed Mar 18 18:53:43 IST 2026, 100 W
Wed Mar 18 18:53:43 IST 2026, 89 W
Wed Mar 18 18:53:43 IST 2026, 89 W
Wed Mar 18 18:53:43 IST 2026, 92 W
Wed Mar 18 18:53:44 IST 2026, 103 W
Wed Mar 18 18:53:44 IST 2026, 94 W
Wed Mar 18 18:53:44 IST 2026, 92 W
Wed Mar 18 18:53:44 IST 2026, 91 W
Wed Mar 18 18:53:45 IST 2026, 93 W
Wed Mar 18 18:53:45 IST 2026, 91 W
Wed Mar 18 18:53:45 IST 2026, 89 W
Wed Mar 18 18:53:45 IST 2026, 91 W
Wed Mar 18 18:53:46 IST 2026, 93 W
Wed Mar 18 18:53:46 IST 2026, 89 W
Wed Mar 18 18:53:46 IST 2026, 88 W
Wed Mar 18 18:53:46 IST 2026, 86 W
Wed Mar 18 18:53:47 IST 2026, 101 W
Wed Mar 18 18:53:47 IST 2026, 93 W
Wed Mar 18 18:53:47 IST 2026, 92 W
Wed Mar 18 18:53:47 IST 2026, 96 W
Wed Mar 18 18:53:48 IST 2026, 97 W
Wed Mar 18 18:53:48 IST 2026, 90 W
Wed Mar 18 18:53:48 IST 2026, 91 W
Wed Mar 18 18:53:48 IST 2026, 93 W
Wed Mar 18 18:53:49 IST 2026, 93 W
Wed Mar 18 18:53:49 IST 2026, 93 W
Wed Mar 18 18:53:49 IST 2026, 93 W
Wed Mar 18 18:53:49 IST 2026, 90 W
Wed Mar 18 18:53:50 IST 2026, 102 W
Wed Mar 18 18:53:50 IST 2026, 95 W
Wed Mar 18 18:53:50 IST 2026, 89 W
Wed Mar 18 18:53:50 IST 2026, 98 W
Wed Mar 18 18:53:51 IST 2026, 97 W
Wed Mar 18 18:53:51 IST 2026, 88 W
Wed Mar 18 18:53:51 IST 2026, 88 W
Wed Mar 18 18:53:51 IST 2026, 89 W
Wed Mar 18 18:53:52 IST 2026, 100 W
Wed Mar 18 18:53:52 IST 2026, 92 W
Wed Mar 18 18:53:52 IST 2026, 93 W
Wed Mar 18 18:53:52 IST 2026, 94 W
Wed Mar 18 18:53:53 IST 2026, 95 W
Wed Mar 18 18:53:53 IST 2026, 89 W
Wed Mar 18 18:53:53 IST 2026, 87 W
Wed Mar 18 18:53:53 IST 2026, 92 W
Wed Mar 18 18:53:54 IST 2026, 99 W
Wed Mar 18 18:53:54 IST 2026, 94 W
Wed Mar 18 18:53:54 IST 2026, 87 W
Wed Mar 18 18:53:54 IST 2026, 95 W
Wed Mar 18 18:53:55 IST 2026, 96 W
Wed Mar 18 18:53:55 IST 2026, 98 W
Wed Mar 18 18:53:55 IST 2026, 98 W
Wed Mar 18 18:53:55 IST 2026, 91 W
Wed Mar 18 18:53:56 IST 2026, 93 W
Wed Mar 18 18:53:56 IST 2026, 95 W
Wed Mar 18 18:53:56 IST 2026, 91 W
Wed Mar 18 18:53:56 IST 2026, 92 W
Wed Mar 18 18:53:57 IST 2026, 93 W
Wed Mar 18 18:53:57 IST 2026, 91 W
Wed Mar 18 18:53:57 IST 2026, 96 W
Wed Mar 18 18:53:57 IST 2026, 89 W
Wed Mar 18 18:53:58 IST 2026, 98 W
Wed Mar 18 18:53:58 IST 2026, 98 W
Wed Mar 18 18:53:58 IST 2026, 91 W
Wed Mar 18 18:53:58 IST 2026, 90 W
Wed Mar 18 18:53:59 IST 2026, 99 W
Wed Mar 18 18:53:59 IST 2026, 92 W
Wed Mar 18 18:53:59 IST 2026, 93 W
Wed Mar 18 18:53:59 IST 2026, 87 W
Wed Mar 18 18:54:00 IST 2026, 94 W
Wed Mar 18 18:54:00 IST 2026, 96 W
Wed Mar 18 18:54:00 IST 2026, 91 W
Wed Mar 18 18:54:00 IST 2026, 94 W
Wed Mar 18 18:54:01 IST 2026, 99 W
Wed Mar 18 18:54:01 IST 2026, 94 W
Wed Mar 18 18:54:01 IST 2026, 89 W
Wed Mar 18 18:54:01 IST 2026, 90 W
Wed Mar 18 18:54:02 IST 2026, 93 W
Wed Mar 18 18:54:02 IST 2026, 92 W
Wed Mar 18 18:54:02 IST 2026, 92 W
Wed Mar 18 18:54:02 IST 2026, 86 W
Wed Mar 18 18:54:03 IST 2026, 99 W
Wed Mar 18 18:54:03 IST 2026, 89 W
Wed Mar 18 18:54:03 IST 2026, 87 W
Wed Mar 18 18:54:03 IST 2026, 94 W
Wed Mar 18 18:54:04 IST 2026, 101 W
Wed Mar 18 18:54:04 IST 2026, 97 W
Wed Mar 18 18:54:04 IST 2026, 86 W
Wed Mar 18 18:54:04 IST 2026, 89 W
Wed Mar 18 18:54:05 IST 2026, 102 W
Wed Mar 18 18:54:05 IST 2026, 92 W
Wed Mar 18 18:54:05 IST 2026, 89 W
Wed Mar 18 18:54:05 IST 2026, 91 W
Wed Mar 18 18:54:06 IST 2026, 95 W
Wed Mar 18 18:54:06 IST 2026, 93 W
Wed Mar 18 18:54:06 IST 2026, 94 W
Wed Mar 18 18:54:06 IST 2026, 89 W
Wed Mar 18 18:54:07 IST 2026, 95 W
Wed Mar 18 18:54:07 IST 2026, 92 W
Wed Mar 18 18:54:07 IST 2026, 90 W
Wed Mar 18 18:54:07 IST 2026, 94 W
Wed Mar 18 18:54:08 IST 2026, 94 W
Wed Mar 18 18:54:08 IST 2026, 94 W
Wed Mar 18 18:54:08 IST 2026, 88 W
Wed Mar 18 18:54:08 IST 2026, 85 W
Wed Mar 18 18:54:09 IST 2026, 99 W
Wed Mar 18 18:54:09 IST 2026, 93 W
Wed Mar 18 18:54:09 IST 2026, 87 W
Wed Mar 18 18:54:09 IST 2026, 89 W
Wed Mar 18 18:54:10 IST 2026, 99 W
Wed Mar 18 18:54:10 IST 2026, 86 W
Wed Mar 18 18:54:10 IST 2026, 85 W
Wed Mar 18 18:54:10 IST 2026, 95 W
Wed Mar 18 18:54:11 IST 2026, 92 W
Wed Mar 18 18:54:11 IST 2026, 94 W
Wed Mar 18 18:54:11 IST 2026, 93 W
Wed Mar 18 18:54:11 IST 2026, 92 W
Wed Mar 18 18:54:12 IST 2026, 94 W
Wed Mar 18 18:54:12 IST 2026, 90 W
Wed Mar 18 18:54:12 IST 2026, 95 W
Wed Mar 18 18:54:12 IST 2026, 89 W
Wed Mar 18 18:54:13 IST 2026, 95 W
Wed Mar 18 18:54:13 IST 2026, 91 W
Wed Mar 18 18:54:13 IST 2026, 90 W
Wed Mar 18 18:54:13 IST 2026, 88 W
Wed Mar 18 18:54:14 IST 2026, 97 W
Wed Mar 18 18:54:14 IST 2026, 89 W
Wed Mar 18 18:54:14 IST 2026, 90 W
Wed Mar 18 18:54:14 IST 2026, 93 W
Wed Mar 18 18:54:15 IST 2026, 103 W
Wed Mar 18 18:54:15 IST 2026, 91 W
Wed Mar 18 18:54:15 IST 2026, 96 W
Wed Mar 18 18:54:15 IST 2026, 91 W
Wed Mar 18 18:54:16 IST 2026, 98 W
Wed Mar 18 18:54:16 IST 2026, 95 W
Wed Mar 18 18:54:16 IST 2026, 94 W
Wed Mar 18 18:54:16 IST 2026, 91 W
Wed Mar 18 18:54:17 IST 2026, 95 W
Wed Mar 18 18:54:17 IST 2026, 98 W
Wed Mar 18 18:54:17 IST 2026, 86 W
Wed Mar 18 18:54:17 IST 2026, 90 W
Wed Mar 18 18:54:18 IST 2026, 100 W
Wed Mar 18 18:54:18 IST 2026, 87 W
Wed Mar 18 18:54:18 IST 2026, 95 W
Wed Mar 18 18:54:18 IST 2026, 88 W
Wed Mar 18 18:54:19 IST 2026, 98 W
Wed Mar 18 18:54:19 IST 2026, 91 W
Wed Mar 18 18:54:19 IST 2026, 86 W
Wed Mar 18 18:54:19 IST 2026, 93 W
Wed Mar 18 18:54:20 IST 2026, 95 W
Wed Mar 18 18:54:20 IST 2026, 94 W
Wed Mar 18 18:54:20 IST 2026, 95 W
Wed Mar 18 18:54:20 IST 2026, 91 W
Wed Mar 18 18:54:21 IST 2026, 96 W
Wed Mar 18 18:54:21 IST 2026, 86 W
Wed Mar 18 18:54:21 IST 2026, 96 W
Wed Mar 18 18:54:21 IST 2026, 93 W
Wed Mar 18 18:54:22 IST 2026, 100 W
Wed Mar 18 18:54:22 IST 2026, 89 W
Wed Mar 18 18:54:22 IST 2026, 88 W
Wed Mar 18 18:54:22 IST 2026, 87 W
Wed Mar 18 18:54:23 IST 2026, 98 W
Wed Mar 18 18:54:23 IST 2026, 94 W
Wed Mar 18 18:54:23 IST 2026, 90 W
Wed Mar 18 18:54:23 IST 2026, 98 W
Wed Mar 18 18:54:24 IST 2026, 97 W
Wed Mar 18 18:54:24 IST 2026, 90 W
Wed Mar 18 18:54:24 IST 2026, 91 W
Wed Mar 18 18:54:24 IST 2026, 87 W
Wed Mar 18 18:54:25 IST 2026, 104 W
Wed Mar 18 18:54:25 IST 2026, 88 W
Wed Mar 18 18:54:25 IST 2026, 96 W
Wed Mar 18 18:54:25 IST 2026, 89 W
Wed Mar 18 18:54:26 IST 2026, 100 W
Wed Mar 18 18:54:26 IST 2026, 92 W
Wed Mar 18 18:54:26 IST 2026, 90 W
Wed Mar 18 18:54:26 IST 2026, 89 W
Wed Mar 18 18:54:27 IST 2026, 95 W
Wed Mar 18 18:54:27 IST 2026, 94 W
Wed Mar 18 18:54:27 IST 2026, 94 W
Wed Mar 18 18:54:27 IST 2026, 90 W
Wed Mar 18 18:54:28 IST 2026, 95 W
Wed Mar 18 18:54:28 IST 2026, 88 W
Wed Mar 18 18:54:28 IST 2026, 92 W
Wed Mar 18 18:54:28 IST 2026, 91 W
Wed Mar 18 18:54:29 IST 2026, 92 W
Wed Mar 18 18:54:29 IST 2026, 93 W
Wed Mar 18 18:54:29 IST 2026, 92 W
Wed Mar 18 18:54:29 IST 2026, 90 W
Wed Mar 18 18:54:30 IST 2026, 97 W
Wed Mar 18 18:54:30 IST 2026, 97 W
Wed Mar 18 18:54:30 IST 2026, 94 W
Wed Mar 18 18:54:30 IST 2026, 96 W
Wed Mar 18 18:54:31 IST 2026, 94 W
Wed Mar 18 18:54:31 IST 2026, 90 W
Wed Mar 18 18:54:31 IST 2026, 91 W
Wed Mar 18 18:54:31 IST 2026, 90 W
Wed Mar 18 18:54:32 IST 2026, 102 W
Wed Mar 18 18:54:32 IST 2026, 90 W
Wed Mar 18 18:54:32 IST 2026, 89 W
Wed Mar 18 18:54:32 IST 2026, 87 W
Wed Mar 18 18:54:33 IST 2026, 103 W
Wed Mar 18 18:54:33 IST 2026, 88 W
Wed Mar 18 18:54:33 IST 2026, 93 W
Wed Mar 18 18:54:33 IST 2026, 88 W
Wed Mar 18 18:54:34 IST 2026, 97 W
Wed Mar 18 18:54:34 IST 2026, 88 W
Wed Mar 18 18:54:34 IST 2026, 92 W
Wed Mar 18 18:54:34 IST 2026, 95 W
Wed Mar 18 18:54:35 IST 2026, 95 W
Wed Mar 18 18:54:35 IST 2026, 91 W
Wed Mar 18 18:54:35 IST 2026, 87 W
Wed Mar 18 18:54:35 IST 2026, 94 W
Wed Mar 18 18:54:36 IST 2026, 96 W
Wed Mar 18 18:54:36 IST 2026, 89 W
Wed Mar 18 18:54:36 IST 2026, 89 W
Wed Mar 18 18:54:36 IST 2026, 92 W
Wed Mar 18 18:54:37 IST 2026, 98 W
Wed Mar 18 18:54:37 IST 2026, 95 W
Wed Mar 18 18:54:37 IST 2026, 91 W
Wed Mar 18 18:54:37 IST 2026, 93 W
Wed Mar 18 18:54:38 IST 2026, 91 W
Wed Mar 18 18:54:38 IST 2026, 89 W
Wed Mar 18 18:54:38 IST 2026, 93 W
Wed Mar 18 18:54:38 IST 2026, 94 W
Wed Mar 18 18:54:39 IST 2026, 93 W
Wed Mar 18 18:54:39 IST 2026, 99 W
Wed Mar 18 18:54:39 IST 2026, 97 W
Wed Mar 18 18:54:39 IST 2026, 90 W
Wed Mar 18 18:54:40 IST 2026, 103 W
Wed Mar 18 18:54:40 IST 2026, 93 W
Wed Mar 18 18:54:40 IST 2026, 89 W
Wed Mar 18 18:54:40 IST 2026, 89 W
Wed Mar 18 18:54:41 IST 2026, 94 W
Wed Mar 18 18:54:41 IST 2026, 91 W
Wed Mar 18 18:54:41 IST 2026, 86 W
Wed Mar 18 18:54:41 IST 2026, 94 W
Wed Mar 18 18:54:42 IST 2026, 99 W
Wed Mar 18 18:54:42 IST 2026, 92 W
Wed Mar 18 18:54:42 IST 2026, 89 W
Wed Mar 18 18:54:42 IST 2026, 97 W
Wed Mar 18 18:54:43 IST 2026, 100 W
Wed Mar 18 18:54:43 IST 2026, 93 W
Wed Mar 18 18:54:43 IST 2026, 88 W
Wed Mar 18 18:54:43 IST 2026, 91 W
Wed Mar 18 18:54:44 IST 2026, 99 W
Wed Mar 18 18:54:44 IST 2026, 98 W
Wed Mar 18 18:54:44 IST 2026, 92 W
Wed Mar 18 18:54:44 IST 2026, 89 W
Wed Mar 18 18:54:45 IST 2026, 95 W
Wed Mar 18 18:54:45 IST 2026, 89 W
Wed Mar 18 18:54:45 IST 2026, 90 W
Wed Mar 18 18:54:45 IST 2026, 89 W
Wed Mar 18 18:54:46 IST 2026, 98 W
Wed Mar 18 18:54:46 IST 2026, 95 W
Wed Mar 18 18:54:46 IST 2026, 88 W
Wed Mar 18 18:54:46 IST 2026, 89 W
Wed Mar 18 18:54:47 IST 2026, 98 W
Wed Mar 18 18:54:47 IST 2026, 94 W
Wed Mar 18 18:54:47 IST 2026, 89 W
Wed Mar 18 18:54:47 IST 2026, 88 W
Wed Mar 18 18:54:48 IST 2026, 94 W
Wed Mar 18 18:54:48 IST 2026, 90 W
Wed Mar 18 18:54:48 IST 2026, 90 W
Wed Mar 18 18:54:48 IST 2026, 94 W
Wed Mar 18 18:54:49 IST 2026, 96 W
Wed Mar 18 18:54:49 IST 2026, 92 W
Wed Mar 18 18:54:49 IST 2026, 92 W
Wed Mar 18 18:54:49 IST 2026, 88 W
Wed Mar 18 18:54:50 IST 2026, 99 W
Wed Mar 18 18:54:50 IST 2026, 90 W
Wed Mar 18 18:54:50 IST 2026, 94 W
Wed Mar 18 18:54:50 IST 2026, 86 W
Wed Mar 18 18:54:51 IST 2026, 98 W
Wed Mar 18 18:54:51 IST 2026, 90 W
Wed Mar 18 18:54:51 IST 2026, 93 W
Wed Mar 18 18:54:51 IST 2026, 91 W
Wed Mar 18 18:54:52 IST 2026, 102 W
Wed Mar 18 18:54:52 IST 2026, 87 W
Wed Mar 18 18:54:52 IST 2026, 88 W
Wed Mar 18 18:54:52 IST 2026, 85 W
Wed Mar 18 18:54:53 IST 2026, 96 W
Wed Mar 18 18:54:53 IST 2026, 92 W
Wed Mar 18 18:54:53 IST 2026, 93 W
Wed Mar 18 18:54:53 IST 2026, 84 W
Wed Mar 18 18:54:54 IST 2026, 98 W
Wed Mar 18 18:54:54 IST 2026, 87 W
Wed Mar 18 18:54:54 IST 2026, 89 W
Wed Mar 18 18:54:54 IST 2026, 98 W
Wed Mar 18 18:54:55 IST 2026, 96 W
Wed Mar 18 18:54:55 IST 2026, 96 W
Wed Mar 18 18:54:55 IST 2026, 89 W
Wed Mar 18 18:54:55 IST 2026, 90 W
Wed Mar 18 18:54:56 IST 2026, 99 W
Wed Mar 18 18:54:56 IST 2026, 88 W
Wed Mar 18 18:54:56 IST 2026, 89 W
Wed Mar 18 18:54:56 IST 2026, 89 W
Wed Mar 18 18:54:57 IST 2026, 99 W
Wed Mar 18 18:54:57 IST 2026, 89 W
Wed Mar 18 18:54:57 IST 2026, 93 W
Wed Mar 18 18:54:57 IST 2026, 89 W
Wed Mar 18 18:54:58 IST 2026, 95 W
Wed Mar 18 18:54:58 IST 2026, 91 W
Wed Mar 18 18:54:58 IST 2026, 90 W
Wed Mar 18 18:54:58 IST 2026, 98 W
Wed Mar 18 18:54:59 IST 2026, 96 W
Wed Mar 18 18:54:59 IST 2026, 90 W
Wed Mar 18 18:54:59 IST 2026, 93 W
Wed Mar 18 18:54:59 IST 2026, 91 W
Wed Mar 18 18:55:00 IST 2026, 98 W
Wed Mar 18 18:55:00 IST 2026, 91 W
Wed Mar 18 18:55:00 IST 2026, 91 W
Wed Mar 18 18:55:00 IST 2026, 90 W
Wed Mar 18 18:55:01 IST 2026, 99 W
Wed Mar 18 18:55:01 IST 2026, 95 W
Wed Mar 18 18:55:01 IST 2026, 86 W
Wed Mar 18 18:55:01 IST 2026, 92 W
Wed Mar 18 18:55:02 IST 2026, 95 W
Wed Mar 18 18:55:02 IST 2026, 93 W
Wed Mar 18 18:55:02 IST 2026, 90 W
Wed Mar 18 18:55:02 IST 2026, 92 W
Wed Mar 18 18:55:03 IST 2026, 93 W
Wed Mar 18 18:55:03 IST 2026, 89 W
Wed Mar 18 18:55:03 IST 2026, 86 W
Wed Mar 18 18:55:03 IST 2026, 91 W
Wed Mar 18 18:55:04 IST 2026, 102 W
Wed Mar 18 18:55:04 IST 2026, 92 W
Wed Mar 18 18:55:04 IST 2026, 91 W
Wed Mar 18 18:55:04 IST 2026, 93 W
Wed Mar 18 18:55:05 IST 2026, 96 W
Wed Mar 18 18:55:05 IST 2026, 89 W
Wed Mar 18 18:55:05 IST 2026, 97 W
Wed Mar 18 18:55:05 IST 2026, 92 W
Wed Mar 18 18:55:06 IST 2026, 93 W
Wed Mar 18 18:55:06 IST 2026, 92 W
Wed Mar 18 18:55:06 IST 2026, 88 W
Wed Mar 18 18:55:06 IST 2026, 89 W
Wed Mar 18 18:55:07 IST 2026, 97 W
Wed Mar 18 18:55:07 IST 2026, 90 W
Wed Mar 18 18:55:07 IST 2026, 88 W
Wed Mar 18 18:55:07 IST 2026, 89 W
Wed Mar 18 18:55:08 IST 2026, 94 W
Wed Mar 18 18:55:08 IST 2026, 91 W
Wed Mar 18 18:55:08 IST 2026, 91 W
Wed Mar 18 18:55:08 IST 2026, 95 W
Wed Mar 18 18:55:09 IST 2026, 100 W
Wed Mar 18 18:55:09 IST 2026, 89 W
Wed Mar 18 18:55:09 IST 2026, 95 W
Wed Mar 18 18:55:09 IST 2026, 87 W
Wed Mar 18 18:55:10 IST 2026, 97 W
Wed Mar 18 18:55:10 IST 2026, 93 W
Wed Mar 18 18:55:10 IST 2026, 86 W
Wed Mar 18 18:55:10 IST 2026, 93 W
Wed Mar 18 18:55:11 IST 2026, 103 W
Wed Mar 18 18:55:11 IST 2026, 96 W
Wed Mar 18 18:55:11 IST 2026, 88 W
Wed Mar 18 18:55:11 IST 2026, 87 W
Wed Mar 18 18:55:12 IST 2026, 97 W
Wed Mar 18 18:55:12 IST 2026, 90 W
Wed Mar 18 18:55:12 IST 2026, 94 W
Wed Mar 18 18:55:12 IST 2026, 95 W
Wed Mar 18 18:55:13 IST 2026, 94 W
Wed Mar 18 18:55:13 IST 2026, 91 W
Wed Mar 18 18:55:13 IST 2026, 90 W
Wed Mar 18 18:55:13 IST 2026, 90 W
Wed Mar 18 18:55:14 IST 2026, 98 W
Wed Mar 18 18:55:14 IST 2026, 85 W
Wed Mar 18 18:55:14 IST 2026, 88 W
Wed Mar 18 18:55:14 IST 2026, 90 W
Wed Mar 18 18:55:15 IST 2026, 94 W
Wed Mar 18 18:55:15 IST 2026, 93 W
Wed Mar 18 18:55:15 IST 2026, 90 W
Wed Mar 18 18:55:15 IST 2026, 88 W
Wed Mar 18 18:55:16 IST 2026, 98 W
Wed Mar 18 18:55:16 IST 2026, 94 W
Wed Mar 18 18:55:16 IST 2026, 86 W
Wed Mar 18 18:55:16 IST 2026, 87 W
Wed Mar 18 18:55:17 IST 2026, 97 W
Wed Mar 18 18:55:17 IST 2026, 92 W
Wed Mar 18 18:55:17 IST 2026, 93 W
Wed Mar 18 18:55:17 IST 2026, 96 W
Wed Mar 18 18:55:18 IST 2026, 96 W
Wed Mar 18 18:55:18 IST 2026, 91 W
Wed Mar 18 18:55:18 IST 2026, 89 W
Wed Mar 18 18:55:18 IST 2026, 88 W
Wed Mar 18 18:55:19 IST 2026, 100 W
Wed Mar 18 18:55:19 IST 2026, 96 W
Wed Mar 18 18:55:19 IST 2026, 88 W
Wed Mar 18 18:55:19 IST 2026, 92 W
Wed Mar 18 18:55:20 IST 2026, 95 W
Wed Mar 18 18:55:20 IST 2026, 96 W
Wed Mar 18 18:55:20 IST 2026, 87 W
Wed Mar 18 18:55:20 IST 2026, 95 W
Wed Mar 18 18:55:21 IST 2026, 96 W
Wed Mar 18 18:55:21 IST 2026, 94 W
Wed Mar 18 18:55:21 IST 2026, 93 W
Wed Mar 18 18:55:21 IST 2026, 93 W
Wed Mar 18 18:55:22 IST 2026, 100 W
Wed Mar 18 18:55:22 IST 2026, 95 W
Wed Mar 18 18:55:22 IST 2026, 92 W
Wed Mar 18 18:55:22 IST 2026, 86 W
Wed Mar 18 18:55:23 IST 2026, 102 W
Wed Mar 18 18:55:23 IST 2026, 94 W
Wed Mar 18 18:55:23 IST 2026, 96 W
Wed Mar 18 18:55:23 IST 2026, 97 W
Wed Mar 18 18:55:24 IST 2026, 97 W
Wed Mar 18 18:55:24 IST 2026, 89 W
Wed Mar 18 18:55:24 IST 2026, 93 W
Wed Mar 18 18:55:24 IST 2026, 95 W
Wed Mar 18 18:55:25 IST 2026, 97 W
Wed Mar 18 18:55:25 IST 2026, 97 W
Wed Mar 18 18:55:25 IST 2026, 88 W
Wed Mar 18 18:55:25 IST 2026, 89 W
Wed Mar 18 18:55:26 IST 2026, 99 W
Wed Mar 18 18:55:26 IST 2026, 91 W
Wed Mar 18 18:55:26 IST 2026, 92 W
Wed Mar 18 18:55:26 IST 2026, 90 W
Wed Mar 18 18:55:27 IST 2026, 96 W
Wed Mar 18 18:55:27 IST 2026, 90 W
Wed Mar 18 18:55:27 IST 2026, 92 W
Wed Mar 18 18:55:27 IST 2026, 86 W
Wed Mar 18 18:55:28 IST 2026, 97 W
Wed Mar 18 18:55:28 IST 2026, 92 W
Wed Mar 18 18:55:28 IST 2026, 94 W
Wed Mar 18 18:55:28 IST 2026, 94 W
Wed Mar 18 18:55:29 IST 2026, 99 W
Wed Mar 18 18:55:29 IST 2026, 91 W
Wed Mar 18 18:55:29 IST 2026, 89 W
Wed Mar 18 18:55:29 IST 2026, 85 W
Wed Mar 18 18:55:30 IST 2026, 96 W
Wed Mar 18 18:55:30 IST 2026, 92 W
Wed Mar 18 18:55:30 IST 2026, 90 W
Wed Mar 18 18:55:30 IST 2026, 90 W
Wed Mar 18 18:55:31 IST 2026, 99 W
Wed Mar 18 18:55:31 IST 2026, 91 W
Wed Mar 18 18:55:31 IST 2026, 89 W
Wed Mar 18 18:55:31 IST 2026, 92 W
Wed Mar 18 18:55:32 IST 2026, 97 W
Wed Mar 18 18:55:32 IST 2026, 87 W
Wed Mar 18 18:55:32 IST 2026, 95 W
Wed Mar 18 18:55:32 IST 2026, 90 W
Wed Mar 18 18:55:33 IST 2026, 93 W
Wed Mar 18 18:55:33 IST 2026, 93 W
Wed Mar 18 18:55:33 IST 2026, 87 W
Wed Mar 18 18:55:33 IST 2026, 89 W
Wed Mar 18 18:55:34 IST 2026, 94 W
Wed Mar 18 18:55:34 IST 2026, 86 W
Wed Mar 18 18:55:34 IST 2026, 90 W
Wed Mar 18 18:55:34 IST 2026, 93 W
Wed Mar 18 18:55:35 IST 2026, 100 W
Wed Mar 18 18:55:35 IST 2026, 88 W
Wed Mar 18 18:55:35 IST 2026, 96 W
Wed Mar 18 18:55:35 IST 2026, 85 W
Wed Mar 18 18:55:36 IST 2026, 95 W
Wed Mar 18 18:55:36 IST 2026, 88 W
Wed Mar 18 18:55:36 IST 2026, 97 W
Wed Mar 18 18:55:36 IST 2026, 90 W
Wed Mar 18 18:55:37 IST 2026, 98 W
Wed Mar 18 18:55:37 IST 2026, 89 W
Wed Mar 18 18:55:37 IST 2026, 92 W
Wed Mar 18 18:55:37 IST 2026, 92 W
Wed Mar 18 18:55:38 IST 2026, 93 W
Wed Mar 18 18:55:38 IST 2026, 90 W
Wed Mar 18 18:55:38 IST 2026, 91 W
Wed Mar 18 18:55:38 IST 2026, 90 W
Wed Mar 18 18:55:39 IST 2026, 98 W
Wed Mar 18 18:55:39 IST 2026, 88 W
Wed Mar 18 18:55:39 IST 2026, 89 W
Wed Mar 18 18:55:39 IST 2026, 88 W
Wed Mar 18 18:55:40 IST 2026, 100 W
Wed Mar 18 18:55:40 IST 2026, 92 W
Wed Mar 18 18:55:40 IST 2026, 90 W
Wed Mar 18 18:55:40 IST 2026, 87 W
Wed Mar 18 18:55:41 IST 2026, 92 W
Wed Mar 18 18:55:41 IST 2026, 93 W
Wed Mar 18 18:55:41 IST 2026, 95 W
Wed Mar 18 18:55:41 IST 2026, 90 W
Wed Mar 18 18:55:42 IST 2026, 98 W
Wed Mar 18 18:55:42 IST 2026, 88 W
Wed Mar 18 18:55:42 IST 2026, 93 W
Wed Mar 18 18:55:42 IST 2026, 87 W
Wed Mar 18 18:55:43 IST 2026, 96 W
Wed Mar 18 18:55:43 IST 2026, 91 W
Wed Mar 18 18:55:43 IST 2026, 91 W
Wed Mar 18 18:55:43 IST 2026, 90 W
Wed Mar 18 18:55:44 IST 2026, 96 W
Wed Mar 18 18:55:44 IST 2026, 94 W
Wed Mar 18 18:55:44 IST 2026, 96 W
Wed Mar 18 18:55:44 IST 2026, 91 W
Wed Mar 18 18:55:45 IST 2026, 96 W
Wed Mar 18 18:55:45 IST 2026, 88 W
Wed Mar 18 18:55:45 IST 2026, 87 W
Wed Mar 18 18:55:45 IST 2026, 94 W
Wed Mar 18 18:55:46 IST 2026, 100 W
Wed Mar 18 18:55:46 IST 2026, 89 W
Wed Mar 18 18:55:46 IST 2026, 90 W
Wed Mar 18 18:55:46 IST 2026, 97 W
Wed Mar 18 18:55:47 IST 2026, 99 W
Wed Mar 18 18:55:47 IST 2026, 90 W
Wed Mar 18 18:55:47 IST 2026, 90 W
Wed Mar 18 18:55:47 IST 2026, 94 W
Wed Mar 18 18:55:48 IST 2026, 93 W
Wed Mar 18 18:55:48 IST 2026, 94 W
Wed Mar 18 18:55:48 IST 2026, 97 W
Wed Mar 18 18:55:48 IST 2026, 89 W
Wed Mar 18 18:55:49 IST 2026, 97 W
Wed Mar 18 18:55:49 IST 2026, 87 W
Wed Mar 18 18:55:49 IST 2026, 96 W
Wed Mar 18 18:55:49 IST 2026, 95 W
Wed Mar 18 18:55:50 IST 2026, 100 W
Wed Mar 18 18:55:50 IST 2026, 89 W
Wed Mar 18 18:55:50 IST 2026, 88 W
Wed Mar 18 18:55:50 IST 2026, 90 W
Wed Mar 18 18:55:51 IST 2026, 96 W
Wed Mar 18 18:55:51 IST 2026, 89 W
Wed Mar 18 18:55:51 IST 2026, 90 W
Wed Mar 18 18:55:51 IST 2026, 85 W
Wed Mar 18 18:55:52 IST 2026, 99 W
Wed Mar 18 18:55:52 IST 2026, 91 W
Wed Mar 18 18:55:52 IST 2026, 88 W
Wed Mar 18 18:55:52 IST 2026, 95 W
Wed Mar 18 18:55:53 IST 2026, 99 W
Wed Mar 18 18:55:53 IST 2026, 93 W
Wed Mar 18 18:55:53 IST 2026, 86 W
Wed Mar 18 18:55:53 IST 2026, 89 W
Wed Mar 18 18:55:54 IST 2026, 97 W
Wed Mar 18 18:55:54 IST 2026, 93 W
Wed Mar 18 18:55:54 IST 2026, 91 W
Wed Mar 18 18:55:54 IST 2026, 94 W
Wed Mar 18 18:55:55 IST 2026, 92 W
Wed Mar 18 18:55:55 IST 2026, 97 W
Wed Mar 18 18:55:55 IST 2026, 89 W
Wed Mar 18 18:55:55 IST 2026, 92 W
Wed Mar 18 18:55:56 IST 2026, 96 W
Wed Mar 18 18:55:56 IST 2026, 95 W
Wed Mar 18 18:55:56 IST 2026, 89 W
Wed Mar 18 18:55:56 IST 2026, 91 W
Wed Mar 18 18:55:57 IST 2026, 99 W
Wed Mar 18 18:55:57 IST 2026, 93 W
Wed Mar 18 18:55:57 IST 2026, 97 W
Wed Mar 18 18:55:57 IST 2026, 85 W
Wed Mar 18 18:55:58 IST 2026, 97 W
Wed Mar 18 18:55:58 IST 2026, 89 W
Wed Mar 18 18:55:58 IST 2026, 89 W
Wed Mar 18 18:55:58 IST 2026, 91 W
Wed Mar 18 18:55:59 IST 2026, 96 W
Wed Mar 18 18:55:59 IST 2026, 91 W
Wed Mar 18 18:55:59 IST 2026, 88 W
Wed Mar 18 18:55:59 IST 2026, 89 W
Wed Mar 18 18:56:00 IST 2026, 94 W
Wed Mar 18 18:56:00 IST 2026, 94 W
Wed Mar 18 18:56:00 IST 2026, 90 W
Wed Mar 18 18:56:00 IST 2026, 90 W
Wed Mar 18 18:56:01 IST 2026, 97 W
Wed Mar 18 18:56:01 IST 2026, 92 W
Wed Mar 18 18:56:01 IST 2026, 90 W
Wed Mar 18 18:56:01 IST 2026, 90 W
Wed Mar 18 18:56:02 IST 2026, 98 W
Wed Mar 18 18:56:02 IST 2026, 93 W
Wed Mar 18 18:56:02 IST 2026, 86 W
Wed Mar 18 18:56:02 IST 2026, 90 W
Wed Mar 18 18:56:03 IST 2026, 98 W
Wed Mar 18 18:56:03 IST 2026, 96 W
Wed Mar 18 18:56:03 IST 2026, 90 W
Wed Mar 18 18:56:03 IST 2026, 95 W
Wed Mar 18 18:56:04 IST 2026, 97 W
Wed Mar 18 18:56:04 IST 2026, 92 W
Wed Mar 18 18:56:04 IST 2026, 91 W
Wed Mar 18 18:56:04 IST 2026, 89 W
Wed Mar 18 18:56:05 IST 2026, 94 W
Wed Mar 18 18:56:05 IST 2026, 89 W
Wed Mar 18 18:56:05 IST 2026, 95 W
Wed Mar 18 18:56:05 IST 2026, 90 W
Wed Mar 18 18:56:06 IST 2026, 94 W
Wed Mar 18 18:56:06 IST 2026, 95 W
Wed Mar 18 18:56:06 IST 2026, 91 W
Wed Mar 18 18:56:06 IST 2026, 90 W
Wed Mar 18 18:56:07 IST 2026, 96 W
Wed Mar 18 18:56:07 IST 2026, 88 W
Wed Mar 18 18:56:07 IST 2026, 88 W
Wed Mar 18 18:56:07 IST 2026, 94 W
Wed Mar 18 18:56:08 IST 2026, 93 W
Wed Mar 18 18:56:08 IST 2026, 88 W
Wed Mar 18 18:56:08 IST 2026, 89 W
Wed Mar 18 18:56:08 IST 2026, 93 W
Wed Mar 18 18:56:09 IST 2026, 98 W
Wed Mar 18 18:56:09 IST 2026, 92 W
Wed Mar 18 18:56:09 IST 2026, 87 W
Wed Mar 18 18:56:09 IST 2026, 88 W
Wed Mar 18 18:56:10 IST 2026, 96 W
Wed Mar 18 18:56:10 IST 2026, 94 W
Wed Mar 18 18:56:10 IST 2026, 87 W
Wed Mar 18 18:56:10 IST 2026, 87 W
Wed Mar 18 18:56:12 IST 2026, 93 W
Wed Mar 18 18:56:12 IST 2026, 89 W
Wed Mar 18 18:56:12 IST 2026, 87 W
Wed Mar 18 18:56:12 IST 2026, 89 W
Wed Mar 18 18:56:12 IST 2026, 100 W
Wed Mar 18 18:56:12 IST 2026, 92 W
Wed Mar 18 18:56:12 IST 2026, 92 W
Wed Mar 18 18:56:12 IST 2026, 89 W
Wed Mar 18 18:56:13 IST 2026, 98 W
Wed Mar 18 18:56:13 IST 2026, 91 W
Wed Mar 18 18:56:13 IST 2026, 88 W
Wed Mar 18 18:56:13 IST 2026, 92 W
Wed Mar 18 18:56:14 IST 2026, 95 W
Wed Mar 18 18:56:14 IST 2026, 97 W
Wed Mar 18 18:56:14 IST 2026, 91 W
Wed Mar 18 18:56:14 IST 2026, 89 W
Wed Mar 18 18:56:15 IST 2026, 95 W
Wed Mar 18 18:56:15 IST 2026, 89 W
Wed Mar 18 18:56:15 IST 2026, 91 W
Wed Mar 18 18:56:15 IST 2026, 98 W
Wed Mar 18 18:56:16 IST 2026, 96 W
Wed Mar 18 18:56:16 IST 2026, 93 W
Wed Mar 18 18:56:16 IST 2026, 87 W
Wed Mar 18 18:56:16 IST 2026, 88 W
Wed Mar 18 18:56:17 IST 2026, 95 W
Wed Mar 18 18:56:17 IST 2026, 93 W
Wed Mar 18 18:56:17 IST 2026, 90 W
Wed Mar 18 18:56:17 IST 2026, 91 W
Wed Mar 18 18:56:18 IST 2026, 98 W
Wed Mar 18 18:56:18 IST 2026, 95 W
Wed Mar 18 18:56:18 IST 2026, 93 W
Wed Mar 18 18:56:18 IST 2026, 92 W
Wed Mar 18 18:56:19 IST 2026, 99 W
Wed Mar 18 18:56:19 IST 2026, 89 W
Wed Mar 18 18:56:19 IST 2026, 97 W
Wed Mar 18 18:56:19 IST 2026, 86 W
Wed Mar 18 18:56:20 IST 2026, 101 W
Wed Mar 18 18:56:20 IST 2026, 92 W
Wed Mar 18 18:56:20 IST 2026, 95 W
Wed Mar 18 18:56:20 IST 2026, 92 W
Wed Mar 18 18:56:21 IST 2026, 96 W
Wed Mar 18 18:56:21 IST 2026, 90 W
Wed Mar 18 18:56:21 IST 2026, 87 W
Wed Mar 18 18:56:21 IST 2026, 91 W
Wed Mar 18 18:56:23 IST 2026, 93 W
Wed Mar 18 18:56:23 IST 2026, 87 W
Wed Mar 18 18:56:23 IST 2026, 91 W
Wed Mar 18 18:56:23 IST 2026, 89 W
Wed Mar 18 18:56:23 IST 2026, 93 W
Wed Mar 18 18:56:23 IST 2026, 93 W
Wed Mar 18 18:56:23 IST 2026, 85 W
Wed Mar 18 18:56:23 IST 2026, 93 W
Wed Mar 18 18:56:24 IST 2026, 100 W
Wed Mar 18 18:56:24 IST 2026, 94 W
Wed Mar 18 18:56:24 IST 2026, 89 W
Wed Mar 18 18:56:24 IST 2026, 89 W
Wed Mar 18 18:56:25 IST 2026, 100 W
Wed Mar 18 18:56:25 IST 2026, 95 W
Wed Mar 18 18:56:25 IST 2026, 93 W
Wed Mar 18 18:56:25 IST 2026, 90 W
Wed Mar 18 18:56:26 IST 2026, 101 W
Wed Mar 18 18:56:26 IST 2026, 92 W
Wed Mar 18 18:56:26 IST 2026, 91 W
Wed Mar 18 18:56:26 IST 2026, 96 W
Wed Mar 18 18:56:27 IST 2026, 97 W
Wed Mar 18 18:56:27 IST 2026, 92 W
Wed Mar 18 18:56:27 IST 2026, 89 W
Wed Mar 18 18:56:27 IST 2026, 90 W
Wed Mar 18 18:56:28 IST 2026, 100 W
Wed Mar 18 18:56:28 IST 2026, 90 W
Wed Mar 18 18:56:28 IST 2026, 87 W
Wed Mar 18 18:56:28 IST 2026, 92 W
Wed Mar 18 18:56:29 IST 2026, 97 W
Wed Mar 18 18:56:29 IST 2026, 89 W
Wed Mar 18 18:56:29 IST 2026, 92 W
Wed Mar 18 18:56:29 IST 2026, 90 W
Wed Mar 18 18:56:30 IST 2026, 101 W
Wed Mar 18 18:56:30 IST 2026, 91 W
Wed Mar 18 18:56:30 IST 2026, 88 W
Wed Mar 18 18:56:30 IST 2026, 91 W
Wed Mar 18 18:56:31 IST 2026, 98 W
Wed Mar 18 18:56:31 IST 2026, 95 W
Wed Mar 18 18:56:31 IST 2026, 93 W
Wed Mar 18 18:56:31 IST 2026, 93 W
Wed Mar 18 18:56:32 IST 2026, 98 W
Wed Mar 18 18:56:32 IST 2026, 93 W
Wed Mar 18 18:56:32 IST 2026, 92 W
Wed Mar 18 18:56:32 IST 2026, 91 W
Wed Mar 18 18:56:33 IST 2026, 101 W
Wed Mar 18 18:56:33 IST 2026, 97 W
Wed Mar 18 18:56:33 IST 2026, 93 W
Wed Mar 18 18:56:33 IST 2026, 92 W
Wed Mar 18 18:56:34 IST 2026, 101 W
Wed Mar 18 18:56:34 IST 2026, 91 W
Wed Mar 18 18:56:34 IST 2026, 91 W
Wed Mar 18 18:56:34 IST 2026, 93 W
Wed Mar 18 18:56:35 IST 2026, 99 W
Wed Mar 18 18:56:35 IST 2026, 94 W
Wed Mar 18 18:56:35 IST 2026, 97 W
Wed Mar 18 18:56:35 IST 2026, 95 W
Wed Mar 18 18:56:36 IST 2026, 101 W
Wed Mar 18 18:56:36 IST 2026, 86 W
Wed Mar 18 18:56:36 IST 2026, 90 W
Wed Mar 18 18:56:36 IST 2026, 87 W
Wed Mar 18 18:56:37 IST 2026, 93 W
Wed Mar 18 18:56:37 IST 2026, 92 W
Wed Mar 18 18:56:37 IST 2026, 86 W
Wed Mar 18 18:56:37 IST 2026, 93 W
Wed Mar 18 18:56:38 IST 2026, 96 W
Wed Mar 18 18:56:38 IST 2026, 93 W
Wed Mar 18 18:56:38 IST 2026, 89 W
Wed Mar 18 18:56:38 IST 2026, 94 W
Wed Mar 18 18:56:39 IST 2026, 97 W
Wed Mar 18 18:56:39 IST 2026, 93 W
Wed Mar 18 18:56:39 IST 2026, 90 W
Wed Mar 18 18:56:39 IST 2026, 97 W
Wed Mar 18 18:56:40 IST 2026, 91 W
Wed Mar 18 18:56:40 IST 2026, 93 W
Wed Mar 18 18:56:40 IST 2026, 91 W
Wed Mar 18 18:56:40 IST 2026, 93 W
Wed Mar 18 18:56:41 IST 2026, 100 W
Wed Mar 18 18:56:41 IST 2026, 95 W
Wed Mar 18 18:56:41 IST 2026, 89 W
Wed Mar 18 18:56:41 IST 2026, 88 W
Wed Mar 18 18:56:42 IST 2026, 98 W
Wed Mar 18 18:56:42 IST 2026, 92 W
Wed Mar 18 18:56:42 IST 2026, 93 W
Wed Mar 18 18:56:42 IST 2026, 92 W
Wed Mar 18 18:56:43 IST 2026, 100 W
Wed Mar 18 18:56:43 IST 2026, 95 W
Wed Mar 18 18:56:43 IST 2026, 92 W
Wed Mar 18 18:56:43 IST 2026, 94 W
Wed Mar 18 18:56:44 IST 2026, 94 W
Wed Mar 18 18:56:44 IST 2026, 89 W
Wed Mar 18 18:56:44 IST 2026, 89 W
Wed Mar 18 18:56:44 IST 2026, 93 W
Wed Mar 18 18:56:45 IST 2026, 101 W
Wed Mar 18 18:56:45 IST 2026, 94 W
Wed Mar 18 18:56:45 IST 2026, 93 W
Wed Mar 18 18:56:45 IST 2026, 88 W
Wed Mar 18 18:56:46 IST 2026, 94 W
Wed Mar 18 18:56:46 IST 2026, 90 W
Wed Mar 18 18:56:46 IST 2026, 94 W
Wed Mar 18 18:56:46 IST 2026, 96 W
Wed Mar 18 18:56:47 IST 2026, 99 W
Wed Mar 18 18:56:47 IST 2026, 91 W
Wed Mar 18 18:56:47 IST 2026, 88 W
Wed Mar 18 18:56:47 IST 2026, 91 W
Wed Mar 18 18:56:48 IST 2026, 90 W
Wed Mar 18 18:56:48 IST 2026, 86 W
Wed Mar 18 18:56:48 IST 2026, 89 W
Wed Mar 18 18:56:48 IST 2026, 87 W
Wed Mar 18 18:56:49 IST 2026, 101 W
Wed Mar 18 18:56:49 IST 2026, 92 W
Wed Mar 18 18:56:49 IST 2026, 96 W
Wed Mar 18 18:56:49 IST 2026, 90 W
Wed Mar 18 18:56:50 IST 2026, 97 W
Wed Mar 18 18:56:50 IST 2026, 91 W
Wed Mar 18 18:56:50 IST 2026, 96 W
Wed Mar 18 18:56:50 IST 2026, 97 W
Wed Mar 18 18:56:51 IST 2026, 95 W
Wed Mar 18 18:56:51 IST 2026, 90 W
Wed Mar 18 18:56:51 IST 2026, 90 W
Wed Mar 18 18:56:51 IST 2026, 89 W
Wed Mar 18 18:56:52 IST 2026, 98 W
Wed Mar 18 18:56:52 IST 2026, 87 W
Wed Mar 18 18:56:52 IST 2026, 90 W
Wed Mar 18 18:56:52 IST 2026, 89 W
Wed Mar 18 18:56:53 IST 2026, 93 W
Wed Mar 18 18:56:53 IST 2026, 87 W
Wed Mar 18 18:56:53 IST 2026, 86 W
Wed Mar 18 18:56:53 IST 2026, 88 W
Wed Mar 18 18:56:54 IST 2026, 99 W
Wed Mar 18 18:56:54 IST 2026, 90 W
Wed Mar 18 18:56:54 IST 2026, 93 W
Wed Mar 18 18:56:54 IST 2026, 90 W
Wed Mar 18 18:56:55 IST 2026, 101 W
Wed Mar 18 18:56:55 IST 2026, 87 W
Wed Mar 18 18:56:55 IST 2026, 89 W
Wed Mar 18 18:56:55 IST 2026, 97 W
Wed Mar 18 18:56:56 IST 2026, 97 W
Wed Mar 18 18:56:56 IST 2026, 90 W
Wed Mar 18 18:56:56 IST 2026, 90 W
Wed Mar 18 18:56:56 IST 2026, 88 W
Wed Mar 18 18:56:57 IST 2026, 98 W
Wed Mar 18 18:56:57 IST 2026, 93 W
Wed Mar 18 18:56:57 IST 2026, 87 W
Wed Mar 18 18:56:57 IST 2026, 94 W
Wed Mar 18 18:56:58 IST 2026, 96 W
Wed Mar 18 18:56:58 IST 2026, 90 W
Wed Mar 18 18:56:58 IST 2026, 93 W
Wed Mar 18 18:56:58 IST 2026, 91 W
Wed Mar 18 18:56:59 IST 2026, 98 W
Wed Mar 18 18:56:59 IST 2026, 85 W
Wed Mar 18 18:56:59 IST 2026, 93 W
Wed Mar 18 18:56:59 IST 2026, 93 W
Wed Mar 18 18:57:00 IST 2026, 100 W
Wed Mar 18 18:57:00 IST 2026, 90 W
Wed Mar 18 18:57:00 IST 2026, 90 W
Wed Mar 18 18:57:00 IST 2026, 92 W
Wed Mar 18 18:57:01 IST 2026, 96 W
Wed Mar 18 18:57:01 IST 2026, 92 W
Wed Mar 18 18:57:01 IST 2026, 90 W
Wed Mar 18 18:57:01 IST 2026, 89 W
Wed Mar 18 18:57:03 IST 2026, 103 W
Wed Mar 18 18:57:03 IST 2026, 91 W
Wed Mar 18 18:57:03 IST 2026, 93 W
Wed Mar 18 18:57:03 IST 2026, 88 W
Wed Mar 18 18:57:03 IST 2026, 98 W
Wed Mar 18 18:57:03 IST 2026, 96 W
Wed Mar 18 18:57:03 IST 2026, 92 W
Wed Mar 18 18:57:03 IST 2026, 87 W
Wed Mar 18 18:57:04 IST 2026, 97 W
Wed Mar 18 18:57:04 IST 2026, 88 W
Wed Mar 18 18:57:04 IST 2026, 85 W
Wed Mar 18 18:57:04 IST 2026, 89 W
Wed Mar 18 18:57:05 IST 2026, 93 W
Wed Mar 18 18:57:05 IST 2026, 91 W
Wed Mar 18 18:57:05 IST 2026, 91 W
Wed Mar 18 18:57:05 IST 2026, 90 W
Wed Mar 18 18:57:06 IST 2026, 101 W
Wed Mar 18 18:57:06 IST 2026, 90 W
Wed Mar 18 18:57:06 IST 2026, 91 W
Wed Mar 18 18:57:06 IST 2026, 91 W
Wed Mar 18 18:57:07 IST 2026, 92 W
Wed Mar 18 18:57:07 IST 2026, 93 W
Wed Mar 18 18:57:07 IST 2026, 98 W
Wed Mar 18 18:57:07 IST 2026, 92 W
Wed Mar 18 18:57:08 IST 2026, 93 W
Wed Mar 18 18:57:08 IST 2026, 88 W
Wed Mar 18 18:57:08 IST 2026, 89 W
Wed Mar 18 18:57:08 IST 2026, 91 W
Wed Mar 18 18:57:09 IST 2026, 99 W
Wed Mar 18 18:57:09 IST 2026, 91 W
Wed Mar 18 18:57:09 IST 2026, 89 W
Wed Mar 18 18:57:09 IST 2026, 92 W
Wed Mar 18 18:57:10 IST 2026, 99 W
Wed Mar 18 18:57:10 IST 2026, 92 W
Wed Mar 18 18:57:10 IST 2026, 88 W
Wed Mar 18 18:57:10 IST 2026, 92 W
Wed Mar 18 18:57:11 IST 2026, 96 W
Wed Mar 18 18:57:11 IST 2026, 87 W
Wed Mar 18 18:57:11 IST 2026, 94 W
Wed Mar 18 18:57:11 IST 2026, 93 W
Wed Mar 18 18:57:12 IST 2026, 102 W
Wed Mar 18 18:57:12 IST 2026, 94 W
Wed Mar 18 18:57:12 IST 2026, 94 W
Wed Mar 18 18:57:12 IST 2026, 88 W
Wed Mar 18 18:57:13 IST 2026, 97 W
Wed Mar 18 18:57:13 IST 2026, 89 W
Wed Mar 18 18:57:13 IST 2026, 88 W
Wed Mar 18 18:57:13 IST 2026, 91 W
Wed Mar 18 18:57:14 IST 2026, 94 W
Wed Mar 18 18:57:14 IST 2026, 90 W
Wed Mar 18 18:57:14 IST 2026, 89 W
Wed Mar 18 18:57:14 IST 2026, 87 W
Wed Mar 18 18:57:15 IST 2026, 95 W
Wed Mar 18 18:57:15 IST 2026, 88 W
Wed Mar 18 18:57:15 IST 2026, 89 W
Wed Mar 18 18:57:15 IST 2026, 90 W
Wed Mar 18 18:57:16 IST 2026, 98 W
Wed Mar 18 18:57:16 IST 2026, 98 W
Wed Mar 18 18:57:16 IST 2026, 91 W
Wed Mar 18 18:57:16 IST 2026, 94 W
Wed Mar 18 18:57:17 IST 2026, 98 W
Wed Mar 18 18:57:17 IST 2026, 97 W
Wed Mar 18 18:57:17 IST 2026, 85 W
Wed Mar 18 18:57:17 IST 2026, 98 W
Wed Mar 18 18:57:18 IST 2026, 94 W
Wed Mar 18 18:57:18 IST 2026, 87 W
Wed Mar 18 18:57:18 IST 2026, 90 W
Wed Mar 18 18:57:18 IST 2026, 86 W
Wed Mar 18 18:57:19 IST 2026, 96 W
Wed Mar 18 18:57:19 IST 2026, 96 W
Wed Mar 18 18:57:19 IST 2026, 95 W
Wed Mar 18 18:57:19 IST 2026, 91 W
Wed Mar 18 18:57:20 IST 2026, 98 W
Wed Mar 18 18:57:20 IST 2026, 87 W
Wed Mar 18 18:57:20 IST 2026, 93 W
Wed Mar 18 18:57:20 IST 2026, 90 W
Wed Mar 18 18:57:21 IST 2026, 95 W
Wed Mar 18 18:57:21 IST 2026, 93 W
Wed Mar 18 18:57:21 IST 2026, 91 W
Wed Mar 18 18:57:21 IST 2026, 91 W
Wed Mar 18 18:57:22 IST 2026, 93 W
Wed Mar 18 18:57:22 IST 2026, 92 W
Wed Mar 18 18:57:22 IST 2026, 90 W
Wed Mar 18 18:57:22 IST 2026, 89 W
Wed Mar 18 18:57:23 IST 2026, 97 W
Wed Mar 18 18:57:23 IST 2026, 96 W
Wed Mar 18 18:57:23 IST 2026, 89 W
Wed Mar 18 18:57:23 IST 2026, 92 W
Wed Mar 18 18:57:24 IST 2026, 100 W
Wed Mar 18 18:57:24 IST 2026, 92 W
Wed Mar 18 18:57:24 IST 2026, 90 W
Wed Mar 18 18:57:24 IST 2026, 91 W
Wed Mar 18 18:57:25 IST 2026, 97 W
Wed Mar 18 18:57:25 IST 2026, 89 W
Wed Mar 18 18:57:25 IST 2026, 90 W
Wed Mar 18 18:57:25 IST 2026, 92 W
Wed Mar 18 18:57:26 IST 2026, 97 W
Wed Mar 18 18:57:26 IST 2026, 97 W
Wed Mar 18 18:57:26 IST 2026, 88 W
Wed Mar 18 18:57:26 IST 2026, 94 W
Wed Mar 18 18:57:27 IST 2026, 102 W
Wed Mar 18 18:57:27 IST 2026, 90 W
Wed Mar 18 18:57:27 IST 2026, 89 W
Wed Mar 18 18:57:27 IST 2026, 92 W
Wed Mar 18 18:57:28 IST 2026, 95 W
Wed Mar 18 18:57:28 IST 2026, 87 W
Wed Mar 18 18:57:28 IST 2026, 89 W
Wed Mar 18 18:57:28 IST 2026, 92 W
Wed Mar 18 18:57:29 IST 2026, 102 W
Wed Mar 18 18:57:29 IST 2026, 92 W
Wed Mar 18 18:57:29 IST 2026, 89 W
Wed Mar 18 18:57:29 IST 2026, 88 W
Wed Mar 18 18:57:30 IST 2026, 96 W
Wed Mar 18 18:57:30 IST 2026, 93 W
Wed Mar 18 18:57:30 IST 2026, 93 W
Wed Mar 18 18:57:30 IST 2026, 94 W
Wed Mar 18 18:57:31 IST 2026, 97 W
Wed Mar 18 18:57:31 IST 2026, 90 W
Wed Mar 18 18:57:31 IST 2026, 90 W
Wed Mar 18 18:57:31 IST 2026, 92 W
Wed Mar 18 18:57:32 IST 2026, 98 W
Wed Mar 18 18:57:32 IST 2026, 85 W
Wed Mar 18 18:57:32 IST 2026, 88 W
Wed Mar 18 18:57:32 IST 2026, 90 W
Wed Mar 18 18:57:33 IST 2026, 103 W
Wed Mar 18 18:57:33 IST 2026, 98 W
Wed Mar 18 18:57:33 IST 2026, 89 W
Wed Mar 18 18:57:33 IST 2026, 91 W
Wed Mar 18 18:57:34 IST 2026, 98 W
Wed Mar 18 18:57:34 IST 2026, 93 W
Wed Mar 18 18:57:34 IST 2026, 92 W
Wed Mar 18 18:57:34 IST 2026, 90 W
Wed Mar 18 18:57:35 IST 2026, 96 W
Wed Mar 18 18:57:35 IST 2026, 96 W
Wed Mar 18 18:57:35 IST 2026, 92 W
Wed Mar 18 18:57:35 IST 2026, 95 W
Wed Mar 18 18:57:36 IST 2026, 96 W
Wed Mar 18 18:57:36 IST 2026, 94 W
Wed Mar 18 18:57:36 IST 2026, 90 W
Wed Mar 18 18:57:36 IST 2026, 91 W
Wed Mar 18 18:57:37 IST 2026, 94 W
Wed Mar 18 18:57:37 IST 2026, 90 W
Wed Mar 18 18:57:37 IST 2026, 93 W
Wed Mar 18 18:57:37 IST 2026, 87 W
Wed Mar 18 18:57:38 IST 2026, 94 W
Wed Mar 18 18:57:38 IST 2026, 94 W
Wed Mar 18 18:57:38 IST 2026, 90 W
Wed Mar 18 18:57:38 IST 2026, 85 W
Wed Mar 18 18:57:39 IST 2026, 96 W
Wed Mar 18 18:57:39 IST 2026, 92 W
Wed Mar 18 18:57:39 IST 2026, 87 W
Wed Mar 18 18:57:39 IST 2026, 94 W
Wed Mar 18 18:57:40 IST 2026, 97 W
Wed Mar 18 18:57:40 IST 2026, 86 W
Wed Mar 18 18:57:40 IST 2026, 90 W
Wed Mar 18 18:57:40 IST 2026, 91 W
Wed Mar 18 18:57:41 IST 2026, 97 W
Wed Mar 18 18:57:41 IST 2026, 93 W
Wed Mar 18 18:57:41 IST 2026, 92 W
Wed Mar 18 18:57:41 IST 2026, 91 W
Wed Mar 18 18:57:42 IST 2026, 97 W
Wed Mar 18 18:57:42 IST 2026, 93 W
Wed Mar 18 18:57:42 IST 2026, 88 W
Wed Mar 18 18:57:42 IST 2026, 88 W
Wed Mar 18 18:57:43 IST 2026, 94 W
Wed Mar 18 18:57:43 IST 2026, 91 W
Wed Mar 18 18:57:43 IST 2026, 91 W
Wed Mar 18 18:57:43 IST 2026, 91 W
Wed Mar 18 18:57:44 IST 2026, 99 W
Wed Mar 18 18:57:44 IST 2026, 90 W
Wed Mar 18 18:57:44 IST 2026, 93 W
Wed Mar 18 18:57:44 IST 2026, 90 W
Wed Mar 18 18:57:45 IST 2026, 103 W
Wed Mar 18 18:57:45 IST 2026, 89 W
Wed Mar 18 18:57:45 IST 2026, 89 W
Wed Mar 18 18:57:45 IST 2026, 88 W
Wed Mar 18 18:57:46 IST 2026, 97 W
Wed Mar 18 18:57:46 IST 2026, 94 W
Wed Mar 18 18:57:46 IST 2026, 94 W
Wed Mar 18 18:57:46 IST 2026, 92 W
Wed Mar 18 18:57:47 IST 2026, 95 W
Wed Mar 18 18:57:47 IST 2026, 89 W
Wed Mar 18 18:57:47 IST 2026, 87 W
Wed Mar 18 18:57:47 IST 2026, 97 W
Wed Mar 18 18:57:48 IST 2026, 95 W
Wed Mar 18 18:57:48 IST 2026, 92 W
Wed Mar 18 18:57:48 IST 2026, 86 W
Wed Mar 18 18:57:48 IST 2026, 96 W
Wed Mar 18 18:57:49 IST 2026, 96 W
Wed Mar 18 18:57:49 IST 2026, 91 W
Wed Mar 18 18:57:49 IST 2026, 91 W
Wed Mar 18 18:57:49 IST 2026, 87 W
Wed Mar 18 18:57:50 IST 2026, 101 W
Wed Mar 18 18:57:50 IST 2026, 89 W
Wed Mar 18 18:57:50 IST 2026, 93 W
Wed Mar 18 18:57:50 IST 2026, 94 W
Wed Mar 18 18:57:51 IST 2026, 98 W
Wed Mar 18 18:57:51 IST 2026, 90 W
Wed Mar 18 18:57:51 IST 2026, 93 W
Wed Mar 18 18:57:51 IST 2026, 89 W
Wed Mar 18 18:57:52 IST 2026, 97 W
Wed Mar 18 18:57:52 IST 2026, 88 W
Wed Mar 18 18:57:52 IST 2026, 96 W
Wed Mar 18 18:57:52 IST 2026, 95 W
Wed Mar 18 18:57:53 IST 2026, 98 W
Wed Mar 18 18:57:53 IST 2026, 89 W
Wed Mar 18 18:57:53 IST 2026, 90 W
Wed Mar 18 18:57:53 IST 2026, 90 W
Wed Mar 18 18:57:54 IST 2026, 101 W
Wed Mar 18 18:57:54 IST 2026, 95 W
Wed Mar 18 18:57:54 IST 2026, 97 W
Wed Mar 18 18:57:54 IST 2026, 94 W
Wed Mar 18 18:57:55 IST 2026, 93 W
Wed Mar 18 18:57:55 IST 2026, 85 W
Wed Mar 18 18:57:55 IST 2026, 95 W
Wed Mar 18 18:57:55 IST 2026, 97 W
Wed Mar 18 18:57:56 IST 2026, 95 W
Wed Mar 18 18:57:56 IST 2026, 89 W
Wed Mar 18 18:57:56 IST 2026, 84 W
Wed Mar 18 18:57:56 IST 2026, 88 W
Wed Mar 18 18:57:57 IST 2026, 98 W
Wed Mar 18 18:57:57 IST 2026, 97 W
Wed Mar 18 18:57:57 IST 2026, 96 W
Wed Mar 18 18:57:57 IST 2026, 86 W
Wed Mar 18 18:57:58 IST 2026, 102 W
Wed Mar 18 18:57:58 IST 2026, 93 W
Wed Mar 18 18:57:58 IST 2026, 93 W
Wed Mar 18 18:57:58 IST 2026, 89 W
Wed Mar 18 18:57:59 IST 2026, 99 W
Wed Mar 18 18:57:59 IST 2026, 91 W
Wed Mar 18 18:57:59 IST 2026, 94 W
Wed Mar 18 18:57:59 IST 2026, 91 W
Wed Mar 18 18:58:00 IST 2026, 96 W
Wed Mar 18 18:58:00 IST 2026, 89 W
Wed Mar 18 18:58:00 IST 2026, 93 W
Wed Mar 18 18:58:00 IST 2026, 87 W
Wed Mar 18 18:58:01 IST 2026, 98 W
Wed Mar 18 18:58:01 IST 2026, 87 W
Wed Mar 18 18:58:01 IST 2026, 88 W
Wed Mar 18 18:58:01 IST 2026, 93 W
Wed Mar 18 18:58:02 IST 2026, 96 W
Wed Mar 18 18:58:02 IST 2026, 89 W
Wed Mar 18 18:58:02 IST 2026, 87 W
Wed Mar 18 18:58:02 IST 2026, 98 W
Wed Mar 18 18:58:03 IST 2026, 101 W
Wed Mar 18 18:58:03 IST 2026, 91 W
Wed Mar 18 18:58:03 IST 2026, 90 W
Wed Mar 18 18:58:03 IST 2026, 90 W
Wed Mar 18 18:58:04 IST 2026, 100 W
Wed Mar 18 18:58:04 IST 2026, 96 W
Wed Mar 18 18:58:04 IST 2026, 89 W
Wed Mar 18 18:58:04 IST 2026, 87 W
Wed Mar 18 18:58:05 IST 2026, 97 W
Wed Mar 18 18:58:05 IST 2026, 92 W
Wed Mar 18 18:58:05 IST 2026, 96 W
Wed Mar 18 18:58:05 IST 2026, 86 W
Wed Mar 18 18:58:06 IST 2026, 95 W
Wed Mar 18 18:58:06 IST 2026, 94 W
Wed Mar 18 18:58:06 IST 2026, 93 W
Wed Mar 18 18:58:06 IST 2026, 91 W
Wed Mar 18 18:58:07 IST 2026, 102 W
Wed Mar 18 18:58:07 IST 2026, 91 W
Wed Mar 18 18:58:07 IST 2026, 94 W
Wed Mar 18 18:58:07 IST 2026, 95 W
Wed Mar 18 18:58:08 IST 2026, 97 W
Wed Mar 18 18:58:08 IST 2026, 88 W
Wed Mar 18 18:58:08 IST 2026, 92 W
Wed Mar 18 18:58:08 IST 2026, 91 W
Wed Mar 18 18:58:09 IST 2026, 93 W
Wed Mar 18 18:58:09 IST 2026, 89 W
Wed Mar 18 18:58:09 IST 2026, 91 W
Wed Mar 18 18:58:09 IST 2026, 87 W
Wed Mar 18 18:58:10 IST 2026, 95 W
Wed Mar 18 18:58:10 IST 2026, 98 W
Wed Mar 18 18:58:10 IST 2026, 91 W
Wed Mar 18 18:58:10 IST 2026, 96 W
Wed Mar 18 18:58:11 IST 2026, 94 W
Wed Mar 18 18:58:11 IST 2026, 95 W
Wed Mar 18 18:58:11 IST 2026, 90 W
Wed Mar 18 18:58:11 IST 2026, 92 W
Wed Mar 18 18:58:12 IST 2026, 96 W
Wed Mar 18 18:58:12 IST 2026, 92 W
Wed Mar 18 18:58:12 IST 2026, 89 W
Wed Mar 18 18:58:12 IST 2026, 97 W
Wed Mar 18 18:58:13 IST 2026, 96 W
Wed Mar 18 18:58:13 IST 2026, 91 W
Wed Mar 18 18:58:13 IST 2026, 93 W
Wed Mar 18 18:58:13 IST 2026, 84 W
Wed Mar 18 18:58:14 IST 2026, 97 W
Wed Mar 18 18:58:14 IST 2026, 96 W
Wed Mar 18 18:58:14 IST 2026, 90 W
Wed Mar 18 18:58:14 IST 2026, 89 W
Wed Mar 18 18:58:15 IST 2026, 95 W
Wed Mar 18 18:58:15 IST 2026, 97 W
Wed Mar 18 18:58:15 IST 2026, 91 W
Wed Mar 18 18:58:15 IST 2026, 90 W
Wed Mar 18 18:58:16 IST 2026, 100 W
Wed Mar 18 18:58:16 IST 2026, 97 W
Wed Mar 18 18:58:16 IST 2026, 91 W
Wed Mar 18 18:58:16 IST 2026, 93 W
Wed Mar 18 18:58:17 IST 2026, 101 W
Wed Mar 18 18:58:17 IST 2026, 96 W
Wed Mar 18 18:58:17 IST 2026, 86 W
Wed Mar 18 18:58:17 IST 2026, 97 W
Wed Mar 18 18:58:18 IST 2026, 99 W
Wed Mar 18 18:58:18 IST 2026, 90 W
Wed Mar 18 18:58:18 IST 2026, 88 W
Wed Mar 18 18:58:18 IST 2026, 86 W
Wed Mar 18 18:58:19 IST 2026, 95 W
Wed Mar 18 18:58:19 IST 2026, 91 W
Wed Mar 18 18:58:19 IST 2026, 87 W
Wed Mar 18 18:58:19 IST 2026, 97 W
Wed Mar 18 18:58:20 IST 2026, 97 W
Wed Mar 18 18:58:20 IST 2026, 86 W
Wed Mar 18 18:58:20 IST 2026, 89 W
Wed Mar 18 18:58:20 IST 2026, 94 W
Wed Mar 18 18:58:21 IST 2026, 96 W
Wed Mar 18 18:58:21 IST 2026, 93 W
Wed Mar 18 18:58:21 IST 2026, 93 W
Wed Mar 18 18:58:21 IST 2026, 88 W
Wed Mar 18 18:58:22 IST 2026, 102 W
Wed Mar 18 18:58:22 IST 2026, 93 W
Wed Mar 18 18:58:22 IST 2026, 93 W
Wed Mar 18 18:58:22 IST 2026, 88 W
Wed Mar 18 18:58:23 IST 2026, 95 W
Wed Mar 18 18:58:23 IST 2026, 90 W
Wed Mar 18 18:58:23 IST 2026, 89 W
Wed Mar 18 18:58:23 IST 2026, 89 W
Wed Mar 18 18:58:24 IST 2026, 94 W
Wed Mar 18 18:58:24 IST 2026, 88 W
Wed Mar 18 18:58:24 IST 2026, 87 W
Wed Mar 18 18:58:24 IST 2026, 89 W
Wed Mar 18 18:58:25 IST 2026, 101 W
Wed Mar 18 18:58:25 IST 2026, 95 W
Wed Mar 18 18:58:25 IST 2026, 88 W
Wed Mar 18 18:58:25 IST 2026, 92 W
Wed Mar 18 18:58:26 IST 2026, 94 W
Wed Mar 18 18:58:26 IST 2026, 92 W
Wed Mar 18 18:58:26 IST 2026, 89 W
Wed Mar 18 18:58:26 IST 2026, 91 W
Wed Mar 18 18:58:27 IST 2026, 94 W
Wed Mar 18 18:58:27 IST 2026, 95 W
Wed Mar 18 18:58:27 IST 2026, 91 W
Wed Mar 18 18:58:27 IST 2026, 90 W
Wed Mar 18 18:58:28 IST 2026, 93 W
Wed Mar 18 18:58:28 IST 2026, 88 W
Wed Mar 18 18:58:28 IST 2026, 90 W
Wed Mar 18 18:58:28 IST 2026, 91 W
Wed Mar 18 18:58:29 IST 2026, 99 W
Wed Mar 18 18:58:29 IST 2026, 90 W
Wed Mar 18 18:58:29 IST 2026, 89 W
Wed Mar 18 18:58:29 IST 2026, 88 W
Wed Mar 18 18:58:30 IST 2026, 99 W
Wed Mar 18 18:58:30 IST 2026, 95 W
Wed Mar 18 18:58:30 IST 2026, 86 W
Wed Mar 18 18:58:30 IST 2026, 94 W
Wed Mar 18 18:58:31 IST 2026, 98 W
Wed Mar 18 18:58:31 IST 2026, 89 W
Wed Mar 18 18:58:31 IST 2026, 90 W
Wed Mar 18 18:58:31 IST 2026, 99 W
Wed Mar 18 18:58:32 IST 2026, 99 W
Wed Mar 18 18:58:32 IST 2026, 97 W
Wed Mar 18 18:58:32 IST 2026, 98 W
Wed Mar 18 18:58:32 IST 2026, 89 W
Wed Mar 18 18:58:33 IST 2026, 99 W
Wed Mar 18 18:58:33 IST 2026, 91 W
Wed Mar 18 18:58:33 IST 2026, 87 W
Wed Mar 18 18:58:33 IST 2026, 92 W
Wed Mar 18 18:58:34 IST 2026, 102 W
Wed Mar 18 18:58:34 IST 2026, 89 W
Wed Mar 18 18:58:34 IST 2026, 92 W
Wed Mar 18 18:58:34 IST 2026, 98 W
Wed Mar 18 18:58:35 IST 2026, 99 W
Wed Mar 18 18:58:35 IST 2026, 91 W
Wed Mar 18 18:58:35 IST 2026, 95 W
Wed Mar 18 18:58:35 IST 2026, 89 W
Wed Mar 18 18:58:36 IST 2026, 97 W
Wed Mar 18 18:58:36 IST 2026, 97 W
Wed Mar 18 18:58:36 IST 2026, 95 W
Wed Mar 18 18:58:36 IST 2026, 89 W
Wed Mar 18 18:58:37 IST 2026, 96 W
Wed Mar 18 18:58:37 IST 2026, 95 W
Wed Mar 18 18:58:37 IST 2026, 96 W
Wed Mar 18 18:58:37 IST 2026, 89 W
Wed Mar 18 18:58:38 IST 2026, 95 W
Wed Mar 18 18:58:38 IST 2026, 88 W
Wed Mar 18 18:58:38 IST 2026, 99 W
Wed Mar 18 18:58:38 IST 2026, 95 W
Wed Mar 18 18:58:39 IST 2026, 96 W
Wed Mar 18 18:58:39 IST 2026, 92 W
Wed Mar 18 18:58:39 IST 2026, 93 W
Wed Mar 18 18:58:39 IST 2026, 94 W
Wed Mar 18 18:58:40 IST 2026, 92 W
Wed Mar 18 18:58:40 IST 2026, 92 W
Wed Mar 18 18:58:40 IST 2026, 85 W
Wed Mar 18 18:58:40 IST 2026, 87 W
Wed Mar 18 18:58:41 IST 2026, 98 W
Wed Mar 18 18:58:41 IST 2026, 91 W
Wed Mar 18 18:58:41 IST 2026, 89 W
Wed Mar 18 18:58:41 IST 2026, 93 W
Wed Mar 18 18:58:42 IST 2026, 98 W
Wed Mar 18 18:58:42 IST 2026, 94 W
Wed Mar 18 18:58:42 IST 2026, 86 W
Wed Mar 18 18:58:42 IST 2026, 87 W
Wed Mar 18 18:58:43 IST 2026, 101 W
Wed Mar 18 18:58:43 IST 2026, 91 W
Wed Mar 18 18:58:43 IST 2026, 93 W
Wed Mar 18 18:58:43 IST 2026, 94 W
Wed Mar 18 18:58:44 IST 2026, 95 W
Wed Mar 18 18:58:44 IST 2026, 88 W
Wed Mar 18 18:58:44 IST 2026, 91 W
Wed Mar 18 18:58:44 IST 2026, 92 W
Wed Mar 18 18:58:45 IST 2026, 98 W
Wed Mar 18 18:58:45 IST 2026, 91 W
Wed Mar 18 18:58:45 IST 2026, 92 W
Wed Mar 18 18:58:45 IST 2026, 88 W
Wed Mar 18 18:58:46 IST 2026, 100 W
Wed Mar 18 18:58:46 IST 2026, 95 W
Wed Mar 18 18:58:46 IST 2026, 91 W
Wed Mar 18 18:58:46 IST 2026, 93 W
Wed Mar 18 18:58:47 IST 2026, 97 W
Wed Mar 18 18:58:47 IST 2026, 90 W
Wed Mar 18 18:58:47 IST 2026, 88 W
Wed Mar 18 18:58:47 IST 2026, 91 W
Wed Mar 18 18:58:48 IST 2026, 101 W
Wed Mar 18 18:58:48 IST 2026, 95 W
Wed Mar 18 18:58:48 IST 2026, 93 W
Wed Mar 18 18:58:48 IST 2026, 86 W
Wed Mar 18 18:58:49 IST 2026, 96 W
Wed Mar 18 18:58:49 IST 2026, 91 W
Wed Mar 18 18:58:49 IST 2026, 90 W
Wed Mar 18 18:58:49 IST 2026, 86 W
Wed Mar 18 18:58:50 IST 2026, 96 W
Wed Mar 18 18:58:50 IST 2026, 92 W
Wed Mar 18 18:58:50 IST 2026, 88 W
Wed Mar 18 18:58:50 IST 2026, 88 W
Wed Mar 18 18:58:51 IST 2026, 98 W
Wed Mar 18 18:58:51 IST 2026, 89 W
Wed Mar 18 18:58:51 IST 2026, 86 W
Wed Mar 18 18:58:51 IST 2026, 91 W
Wed Mar 18 18:58:52 IST 2026, 98 W
Wed Mar 18 18:58:52 IST 2026, 90 W
Wed Mar 18 18:58:52 IST 2026, 96 W
Wed Mar 18 18:58:52 IST 2026, 92 W
Wed Mar 18 18:58:53 IST 2026, 95 W
Wed Mar 18 18:58:53 IST 2026, 93 W
Wed Mar 18 18:58:53 IST 2026, 88 W
Wed Mar 18 18:58:53 IST 2026, 91 W
Wed Mar 18 18:58:54 IST 2026, 100 W
Wed Mar 18 18:58:54 IST 2026, 93 W
Wed Mar 18 18:58:54 IST 2026, 93 W
Wed Mar 18 18:58:54 IST 2026, 94 W
Wed Mar 18 18:58:55 IST 2026, 98 W
Wed Mar 18 18:58:55 IST 2026, 92 W
Wed Mar 18 18:58:55 IST 2026, 93 W
Wed Mar 18 18:58:55 IST 2026, 89 W
Wed Mar 18 18:58:56 IST 2026, 97 W
Wed Mar 18 18:58:56 IST 2026, 92 W
Wed Mar 18 18:58:56 IST 2026, 89 W
Wed Mar 18 18:58:56 IST 2026, 89 W
Wed Mar 18 18:58:57 IST 2026, 101 W
Wed Mar 18 18:58:57 IST 2026, 91 W
Wed Mar 18 18:58:57 IST 2026, 90 W
Wed Mar 18 18:58:57 IST 2026, 93 W
Wed Mar 18 18:58:58 IST 2026, 98 W
Wed Mar 18 18:58:58 IST 2026, 91 W
Wed Mar 18 18:58:58 IST 2026, 94 W
Wed Mar 18 18:58:58 IST 2026, 90 W
Wed Mar 18 18:58:59 IST 2026, 92 W
Wed Mar 18 18:58:59 IST 2026, 90 W
Wed Mar 18 18:58:59 IST 2026, 85 W
Wed Mar 18 18:58:59 IST 2026, 93 W
Wed Mar 18 18:59:00 IST 2026, 94 W
Wed Mar 18 18:59:00 IST 2026, 91 W
Wed Mar 18 18:59:00 IST 2026, 92 W
Wed Mar 18 18:59:00 IST 2026, 94 W
Wed Mar 18 18:59:01 IST 2026, 96 W
Wed Mar 18 18:59:01 IST 2026, 95 W
Wed Mar 18 18:59:01 IST 2026, 94 W
Wed Mar 18 18:59:01 IST 2026, 94 W
Wed Mar 18 18:59:02 IST 2026, 96 W
Wed Mar 18 18:59:02 IST 2026, 98 W
Wed Mar 18 18:59:02 IST 2026, 90 W
Wed Mar 18 18:59:02 IST 2026, 88 W
Wed Mar 18 18:59:03 IST 2026, 98 W
Wed Mar 18 18:59:03 IST 2026, 92 W
Wed Mar 18 18:59:03 IST 2026, 92 W
Wed Mar 18 18:59:03 IST 2026, 88 W
Wed Mar 18 18:59:04 IST 2026, 97 W
Wed Mar 18 18:59:04 IST 2026, 90 W
Wed Mar 18 18:59:04 IST 2026, 89 W
Wed Mar 18 18:59:04 IST 2026, 89 W
Wed Mar 18 18:59:05 IST 2026, 102 W
Wed Mar 18 18:59:05 IST 2026, 86 W
Wed Mar 18 18:59:05 IST 2026, 92 W
Wed Mar 18 18:59:05 IST 2026, 96 W
Wed Mar 18 18:59:06 IST 2026, 96 W
Wed Mar 18 18:59:06 IST 2026, 91 W
Wed Mar 18 18:59:06 IST 2026, 92 W
Wed Mar 18 18:59:06 IST 2026, 88 W
Wed Mar 18 18:59:07 IST 2026, 100 W
Wed Mar 18 18:59:07 IST 2026, 88 W
Wed Mar 18 18:59:07 IST 2026, 90 W
Wed Mar 18 18:59:07 IST 2026, 96 W
Wed Mar 18 18:59:08 IST 2026, 101 W
Wed Mar 18 18:59:08 IST 2026, 93 W
Wed Mar 18 18:59:08 IST 2026, 87 W
Wed Mar 18 18:59:08 IST 2026, 91 W
Wed Mar 18 18:59:09 IST 2026, 101 W
Wed Mar 18 18:59:09 IST 2026, 92 W
Wed Mar 18 18:59:09 IST 2026, 88 W
Wed Mar 18 18:59:09 IST 2026, 100 W
Wed Mar 18 18:59:10 IST 2026, 102 W
Wed Mar 18 18:59:10 IST 2026, 92 W
Wed Mar 18 18:59:10 IST 2026, 92 W
Wed Mar 18 18:59:10 IST 2026, 91 W
Wed Mar 18 18:59:11 IST 2026, 102 W
Wed Mar 18 18:59:11 IST 2026, 91 W
Wed Mar 18 18:59:11 IST 2026, 91 W
Wed Mar 18 18:59:11 IST 2026, 88 W
Wed Mar 18 18:59:12 IST 2026, 99 W
Wed Mar 18 18:59:12 IST 2026, 90 W
Wed Mar 18 18:59:12 IST 2026, 88 W
Wed Mar 18 18:59:12 IST 2026, 87 W
Wed Mar 18 18:59:13 IST 2026, 94 W
Wed Mar 18 18:59:13 IST 2026, 93 W
Wed Mar 18 18:59:13 IST 2026, 96 W
Wed Mar 18 18:59:13 IST 2026, 86 W
Wed Mar 18 18:59:14 IST 2026, 95 W
Wed Mar 18 18:59:14 IST 2026, 89 W
Wed Mar 18 18:59:14 IST 2026, 92 W
Wed Mar 18 18:59:14 IST 2026, 92 W
Wed Mar 18 18:59:15 IST 2026, 98 W
Wed Mar 18 18:59:15 IST 2026, 92 W
Wed Mar 18 18:59:15 IST 2026, 88 W
Wed Mar 18 18:59:15 IST 2026, 90 W
Wed Mar 18 18:59:16 IST 2026, 98 W
Wed Mar 18 18:59:16 IST 2026, 96 W
Wed Mar 18 18:59:16 IST 2026, 87 W
Wed Mar 18 18:59:16 IST 2026, 91 W
Wed Mar 18 18:59:17 IST 2026, 94 W
Wed Mar 18 18:59:17 IST 2026, 89 W
Wed Mar 18 18:59:17 IST 2026, 91 W
Wed Mar 18 18:59:17 IST 2026, 86 W
Wed Mar 18 18:59:18 IST 2026, 93 W
Wed Mar 18 18:59:18 IST 2026, 93 W
Wed Mar 18 18:59:18 IST 2026, 86 W
Wed Mar 18 18:59:18 IST 2026, 88 W
Wed Mar 18 18:59:19 IST 2026, 95 W
Wed Mar 18 18:59:19 IST 2026, 93 W
Wed Mar 18 18:59:19 IST 2026, 89 W
Wed Mar 18 18:59:19 IST 2026, 90 W
Wed Mar 18 18:59:20 IST 2026, 100 W
Wed Mar 18 18:59:20 IST 2026, 94 W
Wed Mar 18 18:59:20 IST 2026, 91 W
Wed Mar 18 18:59:20 IST 2026, 95 W
Wed Mar 18 18:59:21 IST 2026, 99 W
Wed Mar 18 18:59:21 IST 2026, 93 W
Wed Mar 18 18:59:21 IST 2026, 89 W
Wed Mar 18 18:59:21 IST 2026, 97 W
Wed Mar 18 18:59:22 IST 2026, 103 W
Wed Mar 18 18:59:22 IST 2026, 94 W
Wed Mar 18 18:59:22 IST 2026, 92 W
Wed Mar 18 18:59:22 IST 2026, 92 W
Wed Mar 18 18:59:23 IST 2026, 102 W
Wed Mar 18 18:59:23 IST 2026, 95 W
Wed Mar 18 18:59:23 IST 2026, 87 W
Wed Mar 18 18:59:23 IST 2026, 89 W
Wed Mar 18 18:59:24 IST 2026, 92 W
Wed Mar 18 18:59:24 IST 2026, 89 W
Wed Mar 18 18:59:24 IST 2026, 97 W
Wed Mar 18 18:59:24 IST 2026, 85 W
Wed Mar 18 18:59:25 IST 2026, 103 W
Wed Mar 18 18:59:25 IST 2026, 92 W
Wed Mar 18 18:59:25 IST 2026, 94 W
Wed Mar 18 18:59:25 IST 2026, 84 W
Wed Mar 18 18:59:26 IST 2026, 96 W
Wed Mar 18 18:59:26 IST 2026, 95 W
Wed Mar 18 18:59:26 IST 2026, 88 W
Wed Mar 18 18:59:26 IST 2026, 88 W
Wed Mar 18 18:59:27 IST 2026, 97 W
Wed Mar 18 18:59:27 IST 2026, 94 W
Wed Mar 18 18:59:27 IST 2026, 95 W
Wed Mar 18 18:59:27 IST 2026, 87 W
Wed Mar 18 18:59:28 IST 2026, 98 W
Wed Mar 18 18:59:28 IST 2026, 90 W
Wed Mar 18 18:59:28 IST 2026, 90 W
Wed Mar 18 18:59:28 IST 2026, 88 W
Wed Mar 18 18:59:29 IST 2026, 100 W
Wed Mar 18 18:59:29 IST 2026, 88 W
Wed Mar 18 18:59:29 IST 2026, 93 W
Wed Mar 18 18:59:29 IST 2026, 96 W
Wed Mar 18 18:59:30 IST 2026, 100 W
Wed Mar 18 18:59:30 IST 2026, 87 W
Wed Mar 18 18:59:30 IST 2026, 92 W
Wed Mar 18 18:59:30 IST 2026, 97 W
Wed Mar 18 18:59:31 IST 2026, 92 W
Wed Mar 18 18:59:31 IST 2026, 93 W
Wed Mar 18 18:59:31 IST 2026, 86 W
Wed Mar 18 18:59:31 IST 2026, 92 W
Wed Mar 18 18:59:33 IST 2026, 100 W
Wed Mar 18 18:59:33 IST 2026, 90 W
Wed Mar 18 18:59:33 IST 2026, 87 W
Wed Mar 18 18:59:33 IST 2026, 89 W
Wed Mar 18 18:59:33 IST 2026, 101 W
Wed Mar 18 18:59:33 IST 2026, 94 W
Wed Mar 18 18:59:33 IST 2026, 91 W
Wed Mar 18 18:59:33 IST 2026, 99 W
Wed Mar 18 18:59:34 IST 2026, 99 W
Wed Mar 18 18:59:34 IST 2026, 94 W
Wed Mar 18 18:59:34 IST 2026, 94 W
Wed Mar 18 18:59:34 IST 2026, 85 W
Wed Mar 18 18:59:35 IST 2026, 99 W
Wed Mar 18 18:59:35 IST 2026, 92 W
Wed Mar 18 18:59:35 IST 2026, 92 W
Wed Mar 18 18:59:35 IST 2026, 92 W
Wed Mar 18 18:59:36 IST 2026, 94 W
Wed Mar 18 18:59:36 IST 2026, 95 W
Wed Mar 18 18:59:36 IST 2026, 89 W
Wed Mar 18 18:59:36 IST 2026, 92 W
Wed Mar 18 18:59:37 IST 2026, 98 W
Wed Mar 18 18:59:37 IST 2026, 88 W
Wed Mar 18 18:59:37 IST 2026, 90 W
Wed Mar 18 18:59:37 IST 2026, 88 W
Wed Mar 18 18:59:38 IST 2026, 98 W
Wed Mar 18 18:59:38 IST 2026, 93 W
Wed Mar 18 18:59:38 IST 2026, 96 W
Wed Mar 18 18:59:38 IST 2026, 90 W
Wed Mar 18 18:59:39 IST 2026, 97 W
Wed Mar 18 18:59:39 IST 2026, 90 W
Wed Mar 18 18:59:39 IST 2026, 86 W
Wed Mar 18 18:59:39 IST 2026, 90 W
Wed Mar 18 18:59:40 IST 2026, 95 W
Wed Mar 18 18:59:40 IST 2026, 97 W
Wed Mar 18 18:59:40 IST 2026, 90 W
Wed Mar 18 18:59:40 IST 2026, 90 W
Wed Mar 18 18:59:41 IST 2026, 101 W
Wed Mar 18 18:59:41 IST 2026, 91 W
Wed Mar 18 18:59:41 IST 2026, 94 W
Wed Mar 18 18:59:41 IST 2026, 90 W
Wed Mar 18 18:59:42 IST 2026, 97 W
Wed Mar 18 18:59:42 IST 2026, 91 W
Wed Mar 18 18:59:42 IST 2026, 88 W
Wed Mar 18 18:59:42 IST 2026, 93 W
Wed Mar 18 18:59:43 IST 2026, 104 W
Wed Mar 18 18:59:43 IST 2026, 91 W
Wed Mar 18 18:59:43 IST 2026, 91 W
Wed Mar 18 18:59:43 IST 2026, 92 W
Wed Mar 18 18:59:44 IST 2026, 94 W
Wed Mar 18 18:59:44 IST 2026, 97 W
Wed Mar 18 18:59:44 IST 2026, 97 W
Wed Mar 18 18:59:44 IST 2026, 90 W
Wed Mar 18 18:59:45 IST 2026, 96 W
Wed Mar 18 18:59:45 IST 2026, 94 W
Wed Mar 18 18:59:45 IST 2026, 96 W
Wed Mar 18 18:59:45 IST 2026, 88 W
Wed Mar 18 18:59:46 IST 2026, 97 W
Wed Mar 18 18:59:46 IST 2026, 95 W
Wed Mar 18 18:59:46 IST 2026, 87 W
Wed Mar 18 18:59:46 IST 2026, 93 W
Wed Mar 18 18:59:47 IST 2026, 97 W
Wed Mar 18 18:59:47 IST 2026, 91 W
Wed Mar 18 18:59:47 IST 2026, 91 W
Wed Mar 18 18:59:47 IST 2026, 85 W
Wed Mar 18 18:59:48 IST 2026, 95 W
Wed Mar 18 18:59:48 IST 2026, 89 W
Wed Mar 18 18:59:48 IST 2026, 93 W
Wed Mar 18 18:59:48 IST 2026, 93 W
Wed Mar 18 18:59:49 IST 2026, 94 W
Wed Mar 18 18:59:49 IST 2026, 89 W
Wed Mar 18 18:59:49 IST 2026, 90 W
Wed Mar 18 18:59:49 IST 2026, 92 W
Wed Mar 18 18:59:50 IST 2026, 96 W
Wed Mar 18 18:59:50 IST 2026, 97 W
Wed Mar 18 18:59:50 IST 2026, 86 W
Wed Mar 18 18:59:50 IST 2026, 86 W
Wed Mar 18 18:59:51 IST 2026, 100 W
Wed Mar 18 18:59:51 IST 2026, 90 W
Wed Mar 18 18:59:51 IST 2026, 90 W
Wed Mar 18 18:59:51 IST 2026, 87 W
Wed Mar 18 18:59:52 IST 2026, 98 W
Wed Mar 18 18:59:52 IST 2026, 90 W
Wed Mar 18 18:59:52 IST 2026, 95 W
Wed Mar 18 18:59:52 IST 2026, 88 W
Wed Mar 18 18:59:53 IST 2026, 97 W
Wed Mar 18 18:59:53 IST 2026, 92 W
Wed Mar 18 18:59:53 IST 2026, 97 W
Wed Mar 18 18:59:53 IST 2026, 90 W
Wed Mar 18 18:59:54 IST 2026, 92 W
Wed Mar 18 18:59:54 IST 2026, 93 W
Wed Mar 18 18:59:54 IST 2026, 88 W
Wed Mar 18 18:59:54 IST 2026, 87 W
Wed Mar 18 18:59:55 IST 2026, 99 W
Wed Mar 18 18:59:55 IST 2026, 86 W
Wed Mar 18 18:59:55 IST 2026, 90 W
Wed Mar 18 18:59:55 IST 2026, 95 W
Wed Mar 18 18:59:56 IST 2026, 95 W
Wed Mar 18 18:59:56 IST 2026, 96 W
Wed Mar 18 18:59:56 IST 2026, 88 W
Wed Mar 18 18:59:56 IST 2026, 86 W
Wed Mar 18 18:59:57 IST 2026, 102 W
Wed Mar 18 18:59:57 IST 2026, 94 W
Wed Mar 18 18:59:57 IST 2026, 91 W
Wed Mar 18 18:59:57 IST 2026, 94 W
Wed Mar 18 18:59:59 IST 2026, 101 W
Wed Mar 18 18:59:59 IST 2026, 93 W
Wed Mar 18 18:59:59 IST 2026, 92 W
Wed Mar 18 18:59:59 IST 2026, 86 W
Wed Mar 18 18:59:59 IST 2026, 94 W
Wed Mar 18 18:59:59 IST 2026, 95 W
Wed Mar 18 18:59:59 IST 2026, 93 W
Wed Mar 18 18:59:59 IST 2026, 96 W
Wed Mar 18 19:00:00 IST 2026, 98 W
Wed Mar 18 19:00:00 IST 2026, 96 W
Wed Mar 18 19:00:00 IST 2026, 87 W
Wed Mar 18 19:00:00 IST 2026, 89 W
Wed Mar 18 19:00:01 IST 2026, 96 W
Wed Mar 18 19:00:01 IST 2026, 93 W
Wed Mar 18 19:00:01 IST 2026, 87 W
Wed Mar 18 19:00:01 IST 2026, 92 W
Wed Mar 18 19:00:02 IST 2026, 98 W
Wed Mar 18 19:00:02 IST 2026, 96 W
Wed Mar 18 19:00:02 IST 2026, 91 W
Wed Mar 18 19:00:02 IST 2026, 93 W
Wed Mar 18 19:00:03 IST 2026, 102 W
Wed Mar 18 19:00:03 IST 2026, 89 W
Wed Mar 18 19:00:03 IST 2026, 94 W
Wed Mar 18 19:00:03 IST 2026, 98 W
Wed Mar 18 19:00:04 IST 2026, 94 W
Wed Mar 18 19:00:04 IST 2026, 92 W
Wed Mar 18 19:00:04 IST 2026, 95 W
Wed Mar 18 19:00:04 IST 2026, 88 W
Wed Mar 18 19:00:05 IST 2026, 99 W
Wed Mar 18 19:00:05 IST 2026, 88 W
Wed Mar 18 19:00:05 IST 2026, 88 W
Wed Mar 18 19:00:05 IST 2026, 96 W
Wed Mar 18 19:00:06 IST 2026, 99 W
Wed Mar 18 19:00:06 IST 2026, 93 W
Wed Mar 18 19:00:06 IST 2026, 92 W
Wed Mar 18 19:00:06 IST 2026, 93 W
Wed Mar 18 19:00:07 IST 2026, 98 W
Wed Mar 18 19:00:07 IST 2026, 95 W
Wed Mar 18 19:00:07 IST 2026, 95 W
Wed Mar 18 19:00:07 IST 2026, 93 W
Wed Mar 18 19:00:08 IST 2026, 100 W
Wed Mar 18 19:00:08 IST 2026, 93 W
Wed Mar 18 19:00:08 IST 2026, 95 W
Wed Mar 18 19:00:08 IST 2026, 93 W
Wed Mar 18 19:00:09 IST 2026, 103 W
Wed Mar 18 19:00:09 IST 2026, 93 W
Wed Mar 18 19:00:09 IST 2026, 89 W
Wed Mar 18 19:00:09 IST 2026, 91 W
Wed Mar 18 19:00:10 IST 2026, 98 W
Wed Mar 18 19:00:10 IST 2026, 90 W
Wed Mar 18 19:00:10 IST 2026, 91 W
Wed Mar 18 19:00:10 IST 2026, 90 W
Wed Mar 18 19:00:11 IST 2026, 97 W
Wed Mar 18 19:00:11 IST 2026, 94 W
Wed Mar 18 19:00:11 IST 2026, 90 W
Wed Mar 18 19:00:11 IST 2026, 90 W
Wed Mar 18 19:00:12 IST 2026, 101 W
Wed Mar 18 19:00:12 IST 2026, 91 W
Wed Mar 18 19:00:12 IST 2026, 88 W
Wed Mar 18 19:00:12 IST 2026, 91 W
Wed Mar 18 19:00:13 IST 2026, 97 W
Wed Mar 18 19:00:13 IST 2026, 91 W
Wed Mar 18 19:00:13 IST 2026, 92 W
Wed Mar 18 19:00:13 IST 2026, 87 W
Wed Mar 18 19:00:14 IST 2026, 98 W
Wed Mar 18 19:00:14 IST 2026, 92 W
Wed Mar 18 19:00:14 IST 2026, 93 W
Wed Mar 18 19:00:14 IST 2026, 90 W
Wed Mar 18 19:00:15 IST 2026, 94 W
Wed Mar 18 19:00:15 IST 2026, 93 W
Wed Mar 18 19:00:15 IST 2026, 97 W
Wed Mar 18 19:00:15 IST 2026, 93 W
Wed Mar 18 19:00:16 IST 2026, 101 W
Wed Mar 18 19:00:16 IST 2026, 89 W
Wed Mar 18 19:00:16 IST 2026, 89 W
Wed Mar 18 19:00:16 IST 2026, 92 W
Wed Mar 18 19:00:17 IST 2026, 97 W
Wed Mar 18 19:00:17 IST 2026, 94 W
Wed Mar 18 19:00:17 IST 2026, 91 W
Wed Mar 18 19:00:17 IST 2026, 88 W
Wed Mar 18 19:00:18 IST 2026, 102 W
Wed Mar 18 19:00:18 IST 2026, 88 W
Wed Mar 18 19:00:18 IST 2026, 88 W
Wed Mar 18 19:00:18 IST 2026, 91 W
Wed Mar 18 19:00:19 IST 2026, 99 W
Wed Mar 18 19:00:19 IST 2026, 89 W
Wed Mar 18 19:00:19 IST 2026, 92 W
Wed Mar 18 19:00:19 IST 2026, 90 W
Wed Mar 18 19:00:20 IST 2026, 97 W
Wed Mar 18 19:00:20 IST 2026, 89 W
Wed Mar 18 19:00:20 IST 2026, 88 W
Wed Mar 18 19:00:20 IST 2026, 95 W
Wed Mar 18 19:00:21 IST 2026, 96 W
Wed Mar 18 19:00:21 IST 2026, 87 W
Wed Mar 18 19:00:21 IST 2026, 87 W
Wed Mar 18 19:00:21 IST 2026, 92 W
Wed Mar 18 19:00:22 IST 2026, 98 W
Wed Mar 18 19:00:22 IST 2026, 89 W
Wed Mar 18 19:00:22 IST 2026, 87 W
Wed Mar 18 19:00:22 IST 2026, 94 W
Wed Mar 18 19:00:23 IST 2026, 93 W
Wed Mar 18 19:00:23 IST 2026, 88 W
Wed Mar 18 19:00:23 IST 2026, 92 W
Wed Mar 18 19:00:23 IST 2026, 94 W
Wed Mar 18 19:00:24 IST 2026, 102 W
Wed Mar 18 19:00:24 IST 2026, 92 W
Wed Mar 18 19:00:24 IST 2026, 94 W
Wed Mar 18 19:00:24 IST 2026, 95 W
Wed Mar 18 19:00:25 IST 2026, 99 W
Wed Mar 18 19:00:25 IST 2026, 95 W
Wed Mar 18 19:00:25 IST 2026, 92 W
Wed Mar 18 19:00:25 IST 2026, 89 W
Wed Mar 18 19:00:26 IST 2026, 95 W
Wed Mar 18 19:00:26 IST 2026, 89 W
Wed Mar 18 19:00:26 IST 2026, 91 W
Wed Mar 18 19:00:26 IST 2026, 90 W
Wed Mar 18 19:00:27 IST 2026, 98 W
Wed Mar 18 19:00:27 IST 2026, 87 W
Wed Mar 18 19:00:27 IST 2026, 92 W
Wed Mar 18 19:00:27 IST 2026, 88 W
Wed Mar 18 19:00:28 IST 2026, 93 W
Wed Mar 18 19:00:28 IST 2026, 90 W
Wed Mar 18 19:00:28 IST 2026, 91 W
Wed Mar 18 19:00:28 IST 2026, 93 W
Wed Mar 18 19:00:29 IST 2026, 99 W
Wed Mar 18 19:00:29 IST 2026, 88 W
Wed Mar 18 19:00:29 IST 2026, 91 W
Wed Mar 18 19:00:29 IST 2026, 87 W
Wed Mar 18 19:00:30 IST 2026, 93 W
Wed Mar 18 19:00:30 IST 2026, 85 W
Wed Mar 18 19:00:30 IST 2026, 96 W
Wed Mar 18 19:00:30 IST 2026, 93 W
Wed Mar 18 19:00:31 IST 2026, 99 W
Wed Mar 18 19:00:31 IST 2026, 97 W
Wed Mar 18 19:00:31 IST 2026, 90 W
Wed Mar 18 19:00:31 IST 2026, 94 W
Wed Mar 18 19:00:32 IST 2026, 102 W
Wed Mar 18 19:00:32 IST 2026, 85 W
Wed Mar 18 19:00:32 IST 2026, 89 W
Wed Mar 18 19:00:32 IST 2026, 87 W
Wed Mar 18 19:00:33 IST 2026, 101 W
Wed Mar 18 19:00:33 IST 2026, 89 W
Wed Mar 18 19:00:33 IST 2026, 94 W
Wed Mar 18 19:00:33 IST 2026, 88 W
Wed Mar 18 19:00:34 IST 2026, 95 W
Wed Mar 18 19:00:34 IST 2026, 89 W
Wed Mar 18 19:00:34 IST 2026, 86 W
Wed Mar 18 19:00:34 IST 2026, 88 W
Wed Mar 18 19:00:35 IST 2026, 99 W
Wed Mar 18 19:00:35 IST 2026, 90 W
Wed Mar 18 19:00:35 IST 2026, 88 W
Wed Mar 18 19:00:35 IST 2026, 91 W
Wed Mar 18 19:00:36 IST 2026, 96 W
Wed Mar 18 19:00:36 IST 2026, 91 W
Wed Mar 18 19:00:36 IST 2026, 91 W
Wed Mar 18 19:00:36 IST 2026, 93 W
Wed Mar 18 19:00:37 IST 2026, 99 W
Wed Mar 18 19:00:37 IST 2026, 88 W
Wed Mar 18 19:00:37 IST 2026, 91 W
Wed Mar 18 19:00:37 IST 2026, 90 W
Wed Mar 18 19:00:38 IST 2026, 97 W
Wed Mar 18 19:00:38 IST 2026, 91 W
Wed Mar 18 19:00:38 IST 2026, 93 W
Wed Mar 18 19:00:38 IST 2026, 90 W
Wed Mar 18 19:00:39 IST 2026, 98 W
Wed Mar 18 19:00:39 IST 2026, 88 W
Wed Mar 18 19:00:39 IST 2026, 89 W
Wed Mar 18 19:00:39 IST 2026, 93 W
Wed Mar 18 19:00:40 IST 2026, 91 W
Wed Mar 18 19:00:40 IST 2026, 91 W
Wed Mar 18 19:00:40 IST 2026, 85 W
Wed Mar 18 19:00:40 IST 2026, 92 W
Wed Mar 18 19:00:41 IST 2026, 97 W
Wed Mar 18 19:00:41 IST 2026, 96 W
Wed Mar 18 19:00:41 IST 2026, 88 W
Wed Mar 18 19:00:41 IST 2026, 90 W
Wed Mar 18 19:00:42 IST 2026, 98 W
Wed Mar 18 19:00:42 IST 2026, 89 W
Wed Mar 18 19:00:42 IST 2026, 94 W
Wed Mar 18 19:00:42 IST 2026, 90 W
Wed Mar 18 19:00:43 IST 2026, 102 W
Wed Mar 18 19:00:43 IST 2026, 96 W
Wed Mar 18 19:00:43 IST 2026, 87 W
Wed Mar 18 19:00:43 IST 2026, 91 W
Wed Mar 18 19:00:44 IST 2026, 94 W
Wed Mar 18 19:00:44 IST 2026, 95 W
Wed Mar 18 19:00:44 IST 2026, 99 W
Wed Mar 18 19:00:44 IST 2026, 88 W
Wed Mar 18 19:00:45 IST 2026, 93 W
Wed Mar 18 19:00:45 IST 2026, 90 W
Wed Mar 18 19:00:45 IST 2026, 92 W
Wed Mar 18 19:00:45 IST 2026, 89 W
Wed Mar 18 19:00:46 IST 2026, 99 W
Wed Mar 18 19:00:46 IST 2026, 92 W
Wed Mar 18 19:00:46 IST 2026, 87 W
Wed Mar 18 19:00:46 IST 2026, 89 W
Wed Mar 18 19:00:47 IST 2026, 94 W
Wed Mar 18 19:00:47 IST 2026, 90 W
Wed Mar 18 19:00:47 IST 2026, 94 W
Wed Mar 18 19:00:47 IST 2026, 87 W
Wed Mar 18 19:00:48 IST 2026, 99 W
Wed Mar 18 19:00:48 IST 2026, 89 W
Wed Mar 18 19:00:48 IST 2026, 86 W
Wed Mar 18 19:00:48 IST 2026, 90 W
Wed Mar 18 19:00:49 IST 2026, 99 W
Wed Mar 18 19:00:49 IST 2026, 98 W
Wed Mar 18 19:00:49 IST 2026, 92 W
Wed Mar 18 19:00:49 IST 2026, 88 W
Wed Mar 18 19:00:50 IST 2026, 98 W
Wed Mar 18 19:00:50 IST 2026, 93 W
Wed Mar 18 19:00:50 IST 2026, 95 W
Wed Mar 18 19:00:50 IST 2026, 88 W
Wed Mar 18 19:00:51 IST 2026, 98 W
Wed Mar 18 19:00:51 IST 2026, 90 W
Wed Mar 18 19:00:51 IST 2026, 98 W
Wed Mar 18 19:00:51 IST 2026, 86 W
Wed Mar 18 19:00:52 IST 2026, 102 W
Wed Mar 18 19:00:52 IST 2026, 92 W
Wed Mar 18 19:00:52 IST 2026, 93 W
Wed Mar 18 19:00:52 IST 2026, 84 W
Wed Mar 18 19:00:53 IST 2026, 98 W
Wed Mar 18 19:00:53 IST 2026, 88 W
Wed Mar 18 19:00:53 IST 2026, 94 W
Wed Mar 18 19:00:53 IST 2026, 94 W
Wed Mar 18 19:00:54 IST 2026, 93 W
Wed Mar 18 19:00:54 IST 2026, 95 W
Wed Mar 18 19:00:54 IST 2026, 93 W
Wed Mar 18 19:00:54 IST 2026, 95 W
Wed Mar 18 19:00:55 IST 2026, 97 W
Wed Mar 18 19:00:55 IST 2026, 91 W
Wed Mar 18 19:00:55 IST 2026, 92 W
Wed Mar 18 19:00:55 IST 2026, 86 W
Wed Mar 18 19:00:56 IST 2026, 99 W
Wed Mar 18 19:00:56 IST 2026, 92 W
Wed Mar 18 19:00:56 IST 2026, 94 W
Wed Mar 18 19:00:56 IST 2026, 90 W
Wed Mar 18 19:00:57 IST 2026, 96 W
Wed Mar 18 19:00:57 IST 2026, 89 W
Wed Mar 18 19:00:57 IST 2026, 90 W
Wed Mar 18 19:00:57 IST 2026, 87 W
Wed Mar 18 19:00:58 IST 2026, 101 W
Wed Mar 18 19:00:58 IST 2026, 98 W
Wed Mar 18 19:00:58 IST 2026, 86 W
Wed Mar 18 19:00:58 IST 2026, 92 W
Wed Mar 18 19:00:59 IST 2026, 100 W
Wed Mar 18 19:00:59 IST 2026, 92 W
Wed Mar 18 19:00:59 IST 2026, 87 W
Wed Mar 18 19:00:59 IST 2026, 92 W
Wed Mar 18 19:01:00 IST 2026, 101 W
Wed Mar 18 19:01:00 IST 2026, 90 W
Wed Mar 18 19:01:00 IST 2026, 90 W
Wed Mar 18 19:01:00 IST 2026, 94 W
Wed Mar 18 19:01:01 IST 2026, 98 W
Wed Mar 18 19:01:01 IST 2026, 92 W
Wed Mar 18 19:01:01 IST 2026, 88 W
Wed Mar 18 19:01:01 IST 2026, 96 W
Wed Mar 18 19:01:02 IST 2026, 93 W
Wed Mar 18 19:01:02 IST 2026, 95 W
Wed Mar 18 19:01:02 IST 2026, 85 W
Wed Mar 18 19:01:02 IST 2026, 97 W
Wed Mar 18 19:01:03 IST 2026, 95 W
Wed Mar 18 19:01:03 IST 2026, 90 W
Wed Mar 18 19:01:03 IST 2026, 90 W
Wed Mar 18 19:01:03 IST 2026, 88 W
Wed Mar 18 19:01:04 IST 2026, 95 W
Wed Mar 18 19:01:04 IST 2026, 98 W
Wed Mar 18 19:01:04 IST 2026, 92 W
Wed Mar 18 19:01:04 IST 2026, 92 W
Wed Mar 18 19:01:05 IST 2026, 95 W
Wed Mar 18 19:01:05 IST 2026, 87 W
Wed Mar 18 19:01:05 IST 2026, 86 W
Wed Mar 18 19:01:05 IST 2026, 87 W
Wed Mar 18 19:01:06 IST 2026, 95 W
Wed Mar 18 19:01:06 IST 2026, 89 W
Wed Mar 18 19:01:06 IST 2026, 88 W
Wed Mar 18 19:01:06 IST 2026, 91 W
Wed Mar 18 19:01:07 IST 2026, 99 W
Wed Mar 18 19:01:07 IST 2026, 95 W
Wed Mar 18 19:01:07 IST 2026, 91 W
Wed Mar 18 19:01:07 IST 2026, 89 W
Wed Mar 18 19:01:08 IST 2026, 93 W
Wed Mar 18 19:01:08 IST 2026, 87 W
Wed Mar 18 19:01:08 IST 2026, 90 W
Wed Mar 18 19:01:08 IST 2026, 87 W
Wed Mar 18 19:01:09 IST 2026, 100 W
Wed Mar 18 19:01:09 IST 2026, 93 W
Wed Mar 18 19:01:09 IST 2026, 90 W
Wed Mar 18 19:01:09 IST 2026, 93 W
Wed Mar 18 19:01:10 IST 2026, 101 W
Wed Mar 18 19:01:10 IST 2026, 89 W
Wed Mar 18 19:01:10 IST 2026, 92 W
Wed Mar 18 19:01:10 IST 2026, 90 W
Wed Mar 18 19:01:11 IST 2026, 94 W
Wed Mar 18 19:01:11 IST 2026, 91 W
Wed Mar 18 19:01:11 IST 2026, 97 W
Wed Mar 18 19:01:11 IST 2026, 84 W
Wed Mar 18 19:01:12 IST 2026, 99 W
Wed Mar 18 19:01:12 IST 2026, 90 W
Wed Mar 18 19:01:12 IST 2026, 89 W
Wed Mar 18 19:01:12 IST 2026, 88 W
Wed Mar 18 19:01:13 IST 2026, 94 W
Wed Mar 18 19:01:13 IST 2026, 90 W
Wed Mar 18 19:01:13 IST 2026, 94 W
Wed Mar 18 19:01:13 IST 2026, 90 W
Wed Mar 18 19:01:14 IST 2026, 97 W
Wed Mar 18 19:01:14 IST 2026, 91 W
Wed Mar 18 19:01:14 IST 2026, 94 W
Wed Mar 18 19:01:14 IST 2026, 94 W
Wed Mar 18 19:01:15 IST 2026, 98 W
Wed Mar 18 19:01:15 IST 2026, 90 W
Wed Mar 18 19:01:15 IST 2026, 93 W
Wed Mar 18 19:01:15 IST 2026, 86 W
Wed Mar 18 19:01:16 IST 2026, 98 W
Wed Mar 18 19:01:16 IST 2026, 87 W
Wed Mar 18 19:01:16 IST 2026, 92 W
Wed Mar 18 19:01:16 IST 2026, 92 W
Wed Mar 18 19:01:17 IST 2026, 93 W
Wed Mar 18 19:01:17 IST 2026, 90 W
Wed Mar 18 19:01:17 IST 2026, 90 W
Wed Mar 18 19:01:17 IST 2026, 85 W
Wed Mar 18 19:01:18 IST 2026, 97 W
Wed Mar 18 19:01:18 IST 2026, 94 W
Wed Mar 18 19:01:18 IST 2026, 89 W
Wed Mar 18 19:01:18 IST 2026, 90 W
Wed Mar 18 19:01:19 IST 2026, 100 W
Wed Mar 18 19:01:19 IST 2026, 92 W
Wed Mar 18 19:01:19 IST 2026, 87 W
Wed Mar 18 19:01:19 IST 2026, 94 W
Wed Mar 18 19:01:20 IST 2026, 98 W
Wed Mar 18 19:01:20 IST 2026, 89 W
Wed Mar 18 19:01:20 IST 2026, 87 W
Wed Mar 18 19:01:20 IST 2026, 93 W
Wed Mar 18 19:01:21 IST 2026, 94 W
Wed Mar 18 19:01:21 IST 2026, 89 W
Wed Mar 18 19:01:21 IST 2026, 91 W
Wed Mar 18 19:01:21 IST 2026, 91 W
Wed Mar 18 19:01:22 IST 2026, 102 W
Wed Mar 18 19:01:22 IST 2026, 95 W
Wed Mar 18 19:01:22 IST 2026, 98 W
Wed Mar 18 19:01:22 IST 2026, 94 W
Wed Mar 18 19:01:23 IST 2026, 98 W
Wed Mar 18 19:01:23 IST 2026, 97 W
Wed Mar 18 19:01:23 IST 2026, 94 W
Wed Mar 18 19:01:23 IST 2026, 88 W
Wed Mar 18 19:01:24 IST 2026, 98 W
Wed Mar 18 19:01:24 IST 2026, 88 W
Wed Mar 18 19:01:24 IST 2026, 90 W
Wed Mar 18 19:01:24 IST 2026, 90 W
Wed Mar 18 19:01:25 IST 2026, 98 W
Wed Mar 18 19:01:25 IST 2026, 99 W
Wed Mar 18 19:01:25 IST 2026, 89 W
Wed Mar 18 19:01:25 IST 2026, 93 W
Wed Mar 18 19:01:26 IST 2026, 96 W
Wed Mar 18 19:01:26 IST 2026, 90 W
Wed Mar 18 19:01:26 IST 2026, 89 W
Wed Mar 18 19:01:26 IST 2026, 88 W
Wed Mar 18 19:01:27 IST 2026, 95 W
Wed Mar 18 19:01:27 IST 2026, 93 W
Wed Mar 18 19:01:27 IST 2026, 90 W
Wed Mar 18 19:01:27 IST 2026, 91 W
Wed Mar 18 19:01:28 IST 2026, 99 W
Wed Mar 18 19:01:28 IST 2026, 87 W
Wed Mar 18 19:01:28 IST 2026, 91 W
Wed Mar 18 19:01:28 IST 2026, 93 W
Wed Mar 18 19:01:29 IST 2026, 92 W
Wed Mar 18 19:01:29 IST 2026, 88 W
Wed Mar 18 19:01:29 IST 2026, 89 W
Wed Mar 18 19:01:29 IST 2026, 95 W
Wed Mar 18 19:01:30 IST 2026, 94 W
Wed Mar 18 19:01:30 IST 2026, 93 W
Wed Mar 18 19:01:30 IST 2026, 88 W
Wed Mar 18 19:01:30 IST 2026, 91 W
Wed Mar 18 19:01:31 IST 2026, 97 W
Wed Mar 18 19:01:31 IST 2026, 91 W
Wed Mar 18 19:01:31 IST 2026, 89 W
Wed Mar 18 19:01:31 IST 2026, 96 W
Wed Mar 18 19:01:32 IST 2026, 93 W
Wed Mar 18 19:01:32 IST 2026, 89 W
Wed Mar 18 19:01:32 IST 2026, 89 W
Wed Mar 18 19:01:32 IST 2026, 90 W
Wed Mar 18 19:01:33 IST 2026, 100 W
Wed Mar 18 19:01:33 IST 2026, 93 W
Wed Mar 18 19:01:33 IST 2026, 94 W
Wed Mar 18 19:01:33 IST 2026, 94 W
Wed Mar 18 19:01:34 IST 2026, 96 W
Wed Mar 18 19:01:34 IST 2026, 99 W
Wed Mar 18 19:01:34 IST 2026, 93 W
Wed Mar 18 19:01:34 IST 2026, 90 W
Wed Mar 18 19:01:35 IST 2026, 102 W
Wed Mar 18 19:01:35 IST 2026, 92 W
Wed Mar 18 19:01:35 IST 2026, 92 W
Wed Mar 18 19:01:35 IST 2026, 96 W
Wed Mar 18 19:01:36 IST 2026, 94 W
Wed Mar 18 19:01:36 IST 2026, 94 W
Wed Mar 18 19:01:36 IST 2026, 88 W
Wed Mar 18 19:01:36 IST 2026, 89 W
Wed Mar 18 19:01:37 IST 2026, 100 W
Wed Mar 18 19:01:37 IST 2026, 90 W
Wed Mar 18 19:01:37 IST 2026, 88 W
Wed Mar 18 19:01:37 IST 2026, 90 W
Wed Mar 18 19:01:38 IST 2026, 93 W
Wed Mar 18 19:01:38 IST 2026, 87 W
Wed Mar 18 19:01:38 IST 2026, 93 W
Wed Mar 18 19:01:38 IST 2026, 90 W
Wed Mar 18 19:01:39 IST 2026, 101 W
Wed Mar 18 19:01:39 IST 2026, 91 W
Wed Mar 18 19:01:39 IST 2026, 88 W
Wed Mar 18 19:01:39 IST 2026, 93 W
Wed Mar 18 19:01:40 IST 2026, 100 W
Wed Mar 18 19:01:40 IST 2026, 94 W
Wed Mar 18 19:01:40 IST 2026, 88 W
Wed Mar 18 19:01:40 IST 2026, 90 W
Wed Mar 18 19:01:41 IST 2026, 94 W
Wed Mar 18 19:01:41 IST 2026, 91 W
Wed Mar 18 19:01:41 IST 2026, 84 W
Wed Mar 18 19:01:41 IST 2026, 91 W
Wed Mar 18 19:01:42 IST 2026, 102 W
Wed Mar 18 19:01:42 IST 2026, 88 W
Wed Mar 18 19:01:42 IST 2026, 91 W
Wed Mar 18 19:01:42 IST 2026, 91 W
Wed Mar 18 19:01:43 IST 2026, 95 W
Wed Mar 18 19:01:43 IST 2026, 92 W
Wed Mar 18 19:01:43 IST 2026, 91 W
Wed Mar 18 19:01:43 IST 2026, 95 W
Wed Mar 18 19:01:44 IST 2026, 97 W
Wed Mar 18 19:01:44 IST 2026, 87 W
Wed Mar 18 19:01:44 IST 2026, 90 W
Wed Mar 18 19:01:44 IST 2026, 89 W
Wed Mar 18 19:01:45 IST 2026, 98 W
Wed Mar 18 19:01:45 IST 2026, 90 W
Wed Mar 18 19:01:45 IST 2026, 93 W
Wed Mar 18 19:01:45 IST 2026, 92 W
Wed Mar 18 19:01:46 IST 2026, 98 W
Wed Mar 18 19:01:46 IST 2026, 90 W
Wed Mar 18 19:01:46 IST 2026, 91 W
Wed Mar 18 19:01:46 IST 2026, 87 W
Wed Mar 18 19:01:47 IST 2026, 94 W
Wed Mar 18 19:01:47 IST 2026, 95 W
Wed Mar 18 19:01:47 IST 2026, 92 W
Wed Mar 18 19:01:47 IST 2026, 87 W
Wed Mar 18 19:01:48 IST 2026, 91 W
Wed Mar 18 19:01:48 IST 2026, 93 W
Wed Mar 18 19:01:48 IST 2026, 89 W
Wed Mar 18 19:01:48 IST 2026, 94 W
Wed Mar 18 19:01:49 IST 2026, 97 W
Wed Mar 18 19:01:49 IST 2026, 92 W
Wed Mar 18 19:01:49 IST 2026, 93 W
Wed Mar 18 19:01:49 IST 2026, 93 W
Wed Mar 18 19:01:50 IST 2026, 94 W
Wed Mar 18 19:01:50 IST 2026, 89 W
Wed Mar 18 19:01:50 IST 2026, 87 W
Wed Mar 18 19:01:50 IST 2026, 88 W
Wed Mar 18 19:01:51 IST 2026, 96 W
Wed Mar 18 19:01:51 IST 2026, 96 W
Wed Mar 18 19:01:51 IST 2026, 88 W
Wed Mar 18 19:01:51 IST 2026, 89 W
Wed Mar 18 19:01:52 IST 2026, 93 W
Wed Mar 18 19:01:52 IST 2026, 89 W
Wed Mar 18 19:01:52 IST 2026, 88 W
Wed Mar 18 19:01:52 IST 2026, 89 W
Wed Mar 18 19:01:53 IST 2026, 96 W
Wed Mar 18 19:01:53 IST 2026, 91 W
Wed Mar 18 19:01:53 IST 2026, 93 W
Wed Mar 18 19:01:53 IST 2026, 98 W
Wed Mar 18 19:01:54 IST 2026, 103 W
Wed Mar 18 19:01:54 IST 2026, 91 W
Wed Mar 18 19:01:54 IST 2026, 92 W
Wed Mar 18 19:01:54 IST 2026, 99 W
Wed Mar 18 19:01:55 IST 2026, 95 W
Wed Mar 18 19:01:55 IST 2026, 94 W
Wed Mar 18 19:01:55 IST 2026, 91 W
Wed Mar 18 19:01:55 IST 2026, 97 W
Wed Mar 18 19:01:56 IST 2026, 93 W
Wed Mar 18 19:01:56 IST 2026, 86 W
Wed Mar 18 19:01:56 IST 2026, 92 W
Wed Mar 18 19:01:56 IST 2026, 90 W
Wed Mar 18 19:01:57 IST 2026, 92 W
Wed Mar 18 19:01:57 IST 2026, 95 W
Wed Mar 18 19:01:57 IST 2026, 94 W
Wed Mar 18 19:01:57 IST 2026, 90 W
Wed Mar 18 19:01:58 IST 2026, 97 W
Wed Mar 18 19:01:58 IST 2026, 90 W
Wed Mar 18 19:01:58 IST 2026, 90 W
Wed Mar 18 19:01:58 IST 2026, 96 W
Wed Mar 18 19:01:59 IST 2026, 95 W
Wed Mar 18 19:01:59 IST 2026, 92 W
Wed Mar 18 19:01:59 IST 2026, 89 W
Wed Mar 18 19:01:59 IST 2026, 85 W
Wed Mar 18 19:02:00 IST 2026, 96 W
Wed Mar 18 19:02:00 IST 2026, 88 W
Wed Mar 18 19:02:00 IST 2026, 89 W
Wed Mar 18 19:02:00 IST 2026, 91 W
Wed Mar 18 19:02:01 IST 2026, 93 W
Wed Mar 18 19:02:01 IST 2026, 89 W
Wed Mar 18 19:02:01 IST 2026, 91 W
Wed Mar 18 19:02:01 IST 2026, 88 W
Wed Mar 18 19:02:02 IST 2026, 98 W
Wed Mar 18 19:02:02 IST 2026, 89 W
Wed Mar 18 19:02:02 IST 2026, 84 W
Wed Mar 18 19:02:02 IST 2026, 86 W
Wed Mar 18 19:02:03 IST 2026, 103 W
Wed Mar 18 19:02:03 IST 2026, 91 W
Wed Mar 18 19:02:03 IST 2026, 88 W
Wed Mar 18 19:02:03 IST 2026, 92 W
Wed Mar 18 19:02:04 IST 2026, 98 W
Wed Mar 18 19:02:04 IST 2026, 93 W
Wed Mar 18 19:02:04 IST 2026, 85 W
Wed Mar 18 19:02:04 IST 2026, 94 W
Wed Mar 18 19:02:05 IST 2026, 102 W
Wed Mar 18 19:02:05 IST 2026, 87 W
Wed Mar 18 19:02:05 IST 2026, 88 W
Wed Mar 18 19:02:05 IST 2026, 89 W
Wed Mar 18 19:02:06 IST 2026, 99 W
Wed Mar 18 19:02:06 IST 2026, 89 W
Wed Mar 18 19:02:06 IST 2026, 91 W
Wed Mar 18 19:02:06 IST 2026, 92 W
Wed Mar 18 19:02:07 IST 2026, 99 W
Wed Mar 18 19:02:07 IST 2026, 93 W
Wed Mar 18 19:02:07 IST 2026, 89 W
Wed Mar 18 19:02:07 IST 2026, 90 W
Wed Mar 18 19:02:08 IST 2026, 97 W
Wed Mar 18 19:02:08 IST 2026, 90 W
Wed Mar 18 19:02:08 IST 2026, 88 W
Wed Mar 18 19:02:08 IST 2026, 88 W
Wed Mar 18 19:02:09 IST 2026, 96 W
Wed Mar 18 19:02:09 IST 2026, 91 W
Wed Mar 18 19:02:09 IST 2026, 90 W
Wed Mar 18 19:02:09 IST 2026, 88 W
Wed Mar 18 19:02:10 IST 2026, 98 W
Wed Mar 18 19:02:10 IST 2026, 92 W
Wed Mar 18 19:02:10 IST 2026, 97 W
Wed Mar 18 19:02:10 IST 2026, 87 W
Wed Mar 18 19:02:11 IST 2026, 101 W
Wed Mar 18 19:02:11 IST 2026, 87 W
Wed Mar 18 19:02:11 IST 2026, 89 W
Wed Mar 18 19:02:11 IST 2026, 90 W
Wed Mar 18 19:02:12 IST 2026, 95 W
Wed Mar 18 19:02:12 IST 2026, 95 W
Wed Mar 18 19:02:12 IST 2026, 92 W
Wed Mar 18 19:02:12 IST 2026, 94 W
Wed Mar 18 19:02:13 IST 2026, 97 W
Wed Mar 18 19:02:13 IST 2026, 94 W
Wed Mar 18 19:02:13 IST 2026, 88 W
Wed Mar 18 19:02:13 IST 2026, 87 W
Wed Mar 18 19:02:14 IST 2026, 99 W
Wed Mar 18 19:02:14 IST 2026, 93 W
Wed Mar 18 19:02:14 IST 2026, 90 W
Wed Mar 18 19:02:14 IST 2026, 87 W
Wed Mar 18 19:02:15 IST 2026, 98 W
Wed Mar 18 19:02:15 IST 2026, 86 W
Wed Mar 18 19:02:15 IST 2026, 87 W
Wed Mar 18 19:02:15 IST 2026, 94 W
Wed Mar 18 19:02:16 IST 2026, 100 W
Wed Mar 18 19:02:16 IST 2026, 88 W
Wed Mar 18 19:02:16 IST 2026, 94 W
Wed Mar 18 19:02:16 IST 2026, 87 W
Wed Mar 18 19:02:17 IST 2026, 96 W
Wed Mar 18 19:02:17 IST 2026, 88 W
Wed Mar 18 19:02:17 IST 2026, 91 W
Wed Mar 18 19:02:17 IST 2026, 92 W
Wed Mar 18 19:02:18 IST 2026, 102 W
Wed Mar 18 19:02:18 IST 2026, 89 W
Wed Mar 18 19:02:18 IST 2026, 91 W
Wed Mar 18 19:02:18 IST 2026, 91 W
Wed Mar 18 19:02:19 IST 2026, 99 W
Wed Mar 18 19:02:19 IST 2026, 86 W
Wed Mar 18 19:02:19 IST 2026, 91 W
Wed Mar 18 19:02:19 IST 2026, 91 W
Wed Mar 18 19:02:20 IST 2026, 94 W
Wed Mar 18 19:02:20 IST 2026, 89 W
Wed Mar 18 19:02:20 IST 2026, 88 W
Wed Mar 18 19:02:20 IST 2026, 89 W
Wed Mar 18 19:02:21 IST 2026, 98 W
Wed Mar 18 19:02:21 IST 2026, 93 W
Wed Mar 18 19:02:21 IST 2026, 87 W
Wed Mar 18 19:02:21 IST 2026, 94 W
Wed Mar 18 19:02:22 IST 2026, 95 W
Wed Mar 18 19:02:22 IST 2026, 91 W
Wed Mar 18 19:02:22 IST 2026, 92 W
Wed Mar 18 19:02:22 IST 2026, 95 W
Wed Mar 18 19:02:23 IST 2026, 96 W
Wed Mar 18 19:02:23 IST 2026, 92 W
Wed Mar 18 19:02:23 IST 2026, 92 W
Wed Mar 18 19:02:23 IST 2026, 89 W
Wed Mar 18 19:02:24 IST 2026, 102 W
Wed Mar 18 19:02:24 IST 2026, 91 W
Wed Mar 18 19:02:24 IST 2026, 87 W
Wed Mar 18 19:02:24 IST 2026, 92 W
Wed Mar 18 19:02:25 IST 2026, 101 W
Wed Mar 18 19:02:25 IST 2026, 89 W
Wed Mar 18 19:02:25 IST 2026, 91 W
Wed Mar 18 19:02:25 IST 2026, 95 W
Wed Mar 18 19:02:26 IST 2026, 96 W
Wed Mar 18 19:02:26 IST 2026, 92 W
Wed Mar 18 19:02:26 IST 2026, 90 W
Wed Mar 18 19:02:26 IST 2026, 89 W
Wed Mar 18 19:02:27 IST 2026, 93 W
Wed Mar 18 19:02:27 IST 2026, 90 W
Wed Mar 18 19:02:27 IST 2026, 88 W
Wed Mar 18 19:02:27 IST 2026, 92 W
Wed Mar 18 19:02:28 IST 2026, 97 W
Wed Mar 18 19:02:28 IST 2026, 91 W
Wed Mar 18 19:02:28 IST 2026, 91 W
Wed Mar 18 19:02:28 IST 2026, 96 W
Wed Mar 18 19:02:29 IST 2026, 100 W
Wed Mar 18 19:02:29 IST 2026, 93 W
Wed Mar 18 19:02:29 IST 2026, 93 W
Wed Mar 18 19:02:29 IST 2026, 89 W
Wed Mar 18 19:02:30 IST 2026, 92 W
Wed Mar 18 19:02:30 IST 2026, 90 W
Wed Mar 18 19:02:30 IST 2026, 86 W
Wed Mar 18 19:02:30 IST 2026, 94 W
Wed Mar 18 19:02:31 IST 2026, 96 W
Wed Mar 18 19:02:31 IST 2026, 92 W
Wed Mar 18 19:02:31 IST 2026, 94 W
Wed Mar 18 19:02:31 IST 2026, 90 W
Wed Mar 18 19:02:32 IST 2026, 102 W
Wed Mar 18 19:02:32 IST 2026, 92 W
Wed Mar 18 19:02:32 IST 2026, 90 W
Wed Mar 18 19:02:32 IST 2026, 88 W
Wed Mar 18 19:02:33 IST 2026, 101 W
Wed Mar 18 19:02:33 IST 2026, 86 W
Wed Mar 18 19:02:33 IST 2026, 91 W
Wed Mar 18 19:02:33 IST 2026, 91 W
Wed Mar 18 19:02:34 IST 2026, 98 W
Wed Mar 18 19:02:34 IST 2026, 86 W
Wed Mar 18 19:02:34 IST 2026, 89 W
Wed Mar 18 19:02:34 IST 2026, 94 W
Wed Mar 18 19:02:35 IST 2026, 100 W
Wed Mar 18 19:02:35 IST 2026, 87 W
Wed Mar 18 19:02:35 IST 2026, 94 W
Wed Mar 18 19:02:35 IST 2026, 90 W
Wed Mar 18 19:02:36 IST 2026, 93 W
Wed Mar 18 19:02:36 IST 2026, 90 W
Wed Mar 18 19:02:36 IST 2026, 92 W
Wed Mar 18 19:02:36 IST 2026, 94 W
Wed Mar 18 19:02:37 IST 2026, 99 W
Wed Mar 18 19:02:37 IST 2026, 98 W
Wed Mar 18 19:02:37 IST 2026, 93 W
Wed Mar 18 19:02:37 IST 2026, 87 W
Wed Mar 18 19:02:38 IST 2026, 97 W
Wed Mar 18 19:02:38 IST 2026, 87 W
Wed Mar 18 19:02:38 IST 2026, 86 W
Wed Mar 18 19:02:38 IST 2026, 86 W
Wed Mar 18 19:02:39 IST 2026, 93 W
Wed Mar 18 19:02:39 IST 2026, 95 W
Wed Mar 18 19:02:39 IST 2026, 94 W
Wed Mar 18 19:02:39 IST 2026, 89 W
Wed Mar 18 19:02:40 IST 2026, 96 W
Wed Mar 18 19:02:40 IST 2026, 89 W
Wed Mar 18 19:02:40 IST 2026, 91 W
Wed Mar 18 19:02:40 IST 2026, 96 W
Wed Mar 18 19:02:41 IST 2026, 101 W
Wed Mar 18 19:02:41 IST 2026, 94 W
Wed Mar 18 19:02:41 IST 2026, 88 W
Wed Mar 18 19:02:41 IST 2026, 99 W
Wed Mar 18 19:02:42 IST 2026, 94 W
Wed Mar 18 19:02:42 IST 2026, 91 W
Wed Mar 18 19:02:42 IST 2026, 89 W
Wed Mar 18 19:02:42 IST 2026, 88 W
Wed Mar 18 19:02:43 IST 2026, 101 W
Wed Mar 18 19:02:43 IST 2026, 95 W
Wed Mar 18 19:02:43 IST 2026, 88 W
Wed Mar 18 19:02:43 IST 2026, 95 W
Wed Mar 18 19:02:44 IST 2026, 100 W
Wed Mar 18 19:02:44 IST 2026, 94 W
Wed Mar 18 19:02:44 IST 2026, 87 W
Wed Mar 18 19:02:44 IST 2026, 96 W
Wed Mar 18 19:02:45 IST 2026, 96 W
Wed Mar 18 19:02:45 IST 2026, 98 W
Wed Mar 18 19:02:45 IST 2026, 87 W
Wed Mar 18 19:02:45 IST 2026, 94 W
Wed Mar 18 19:02:46 IST 2026, 99 W
Wed Mar 18 19:02:46 IST 2026, 88 W
Wed Mar 18 19:02:46 IST 2026, 93 W
Wed Mar 18 19:02:46 IST 2026, 91 W
Wed Mar 18 19:02:47 IST 2026, 101 W
Wed Mar 18 19:02:47 IST 2026, 88 W
Wed Mar 18 19:02:47 IST 2026, 95 W
Wed Mar 18 19:02:47 IST 2026, 93 W
Wed Mar 18 19:02:48 IST 2026, 99 W
Wed Mar 18 19:02:48 IST 2026, 93 W
Wed Mar 18 19:02:48 IST 2026, 93 W
Wed Mar 18 19:02:48 IST 2026, 95 W
Wed Mar 18 19:02:49 IST 2026, 94 W
Wed Mar 18 19:02:49 IST 2026, 94 W
Wed Mar 18 19:02:49 IST 2026, 96 W
Wed Mar 18 19:02:49 IST 2026, 92 W
Wed Mar 18 19:02:50 IST 2026, 98 W
Wed Mar 18 19:02:50 IST 2026, 86 W
Wed Mar 18 19:02:50 IST 2026, 95 W
Wed Mar 18 19:02:50 IST 2026, 91 W
Wed Mar 18 19:02:51 IST 2026, 103 W
Wed Mar 18 19:02:51 IST 2026, 86 W
Wed Mar 18 19:02:51 IST 2026, 88 W
Wed Mar 18 19:02:51 IST 2026, 89 W
Wed Mar 18 19:02:52 IST 2026, 94 W
Wed Mar 18 19:02:52 IST 2026, 95 W
Wed Mar 18 19:02:52 IST 2026, 94 W
Wed Mar 18 19:02:52 IST 2026, 87 W
Wed Mar 18 19:02:53 IST 2026, 97 W
Wed Mar 18 19:02:53 IST 2026, 92 W
Wed Mar 18 19:02:53 IST 2026, 88 W
Wed Mar 18 19:02:53 IST 2026, 92 W
Wed Mar 18 19:02:54 IST 2026, 94 W
Wed Mar 18 19:02:54 IST 2026, 89 W
Wed Mar 18 19:02:54 IST 2026, 86 W
Wed Mar 18 19:02:54 IST 2026, 92 W
Wed Mar 18 19:02:55 IST 2026, 100 W
Wed Mar 18 19:02:55 IST 2026, 92 W
Wed Mar 18 19:02:55 IST 2026, 94 W
Wed Mar 18 19:02:55 IST 2026, 87 W
Wed Mar 18 19:02:56 IST 2026, 94 W
Wed Mar 18 19:02:56 IST 2026, 92 W
Wed Mar 18 19:02:56 IST 2026, 88 W
Wed Mar 18 19:02:56 IST 2026, 86 W
Wed Mar 18 19:02:57 IST 2026, 98 W
Wed Mar 18 19:02:57 IST 2026, 91 W
Wed Mar 18 19:02:57 IST 2026, 88 W
Wed Mar 18 19:02:57 IST 2026, 88 W
Wed Mar 18 19:02:58 IST 2026, 96 W
Wed Mar 18 19:02:58 IST 2026, 86 W
Wed Mar 18 19:02:58 IST 2026, 93 W
Wed Mar 18 19:02:58 IST 2026, 94 W
Wed Mar 18 19:02:59 IST 2026, 94 W
Wed Mar 18 19:02:59 IST 2026, 91 W
Wed Mar 18 19:02:59 IST 2026, 88 W
Wed Mar 18 19:02:59 IST 2026, 92 W
Wed Mar 18 19:03:00 IST 2026, 93 W
Wed Mar 18 19:03:00 IST 2026, 93 W
Wed Mar 18 19:03:00 IST 2026, 88 W
Wed Mar 18 19:03:00 IST 2026, 94 W
Wed Mar 18 19:03:01 IST 2026, 94 W
Wed Mar 18 19:03:01 IST 2026, 93 W
Wed Mar 18 19:03:01 IST 2026, 87 W
Wed Mar 18 19:03:01 IST 2026, 91 W
Wed Mar 18 19:03:02 IST 2026, 101 W
Wed Mar 18 19:03:02 IST 2026, 89 W
Wed Mar 18 19:03:02 IST 2026, 87 W
Wed Mar 18 19:03:02 IST 2026, 93 W
Wed Mar 18 19:03:03 IST 2026, 99 W
Wed Mar 18 19:03:03 IST 2026, 89 W
Wed Mar 18 19:03:03 IST 2026, 96 W
Wed Mar 18 19:03:03 IST 2026, 92 W
Wed Mar 18 19:03:04 IST 2026, 97 W
Wed Mar 18 19:03:04 IST 2026, 91 W
Wed Mar 18 19:03:04 IST 2026, 88 W
Wed Mar 18 19:03:04 IST 2026, 88 W
Wed Mar 18 19:03:05 IST 2026, 103 W
Wed Mar 18 19:03:05 IST 2026, 92 W
Wed Mar 18 19:03:05 IST 2026, 86 W
Wed Mar 18 19:03:05 IST 2026, 86 W
Wed Mar 18 19:03:06 IST 2026, 100 W
Wed Mar 18 19:03:06 IST 2026, 92 W
Wed Mar 18 19:03:06 IST 2026, 88 W
Wed Mar 18 19:03:06 IST 2026, 91 W
Wed Mar 18 19:03:07 IST 2026, 101 W
Wed Mar 18 19:03:07 IST 2026, 92 W
Wed Mar 18 19:03:07 IST 2026, 91 W
Wed Mar 18 19:03:07 IST 2026, 93 W
Wed Mar 18 19:03:08 IST 2026, 97 W
Wed Mar 18 19:03:08 IST 2026, 91 W
Wed Mar 18 19:03:08 IST 2026, 92 W
Wed Mar 18 19:03:08 IST 2026, 94 W
Wed Mar 18 19:03:09 IST 2026, 94 W
Wed Mar 18 19:03:09 IST 2026, 93 W
Wed Mar 18 19:03:09 IST 2026, 91 W
Wed Mar 18 19:03:09 IST 2026, 92 W
Wed Mar 18 19:03:10 IST 2026, 100 W
Wed Mar 18 19:03:10 IST 2026, 91 W
Wed Mar 18 19:03:10 IST 2026, 91 W
Wed Mar 18 19:03:10 IST 2026, 86 W
Wed Mar 18 19:03:12 IST 2026, 101 W
Wed Mar 18 19:03:12 IST 2026, 93 W
Wed Mar 18 19:03:12 IST 2026, 92 W
Wed Mar 18 19:03:12 IST 2026, 87 W
Wed Mar 18 19:03:12 IST 2026, 103 W
Wed Mar 18 19:03:12 IST 2026, 93 W
Wed Mar 18 19:03:12 IST 2026, 90 W
Wed Mar 18 19:03:12 IST 2026, 87 W
Wed Mar 18 19:03:13 IST 2026, 102 W
Wed Mar 18 19:03:13 IST 2026, 98 W
Wed Mar 18 19:03:13 IST 2026, 93 W
Wed Mar 18 19:03:13 IST 2026, 91 W
Wed Mar 18 19:03:14 IST 2026, 96 W
Wed Mar 18 19:03:14 IST 2026, 93 W
Wed Mar 18 19:03:14 IST 2026, 90 W
Wed Mar 18 19:03:14 IST 2026, 97 W
Wed Mar 18 19:03:15 IST 2026, 98 W
Wed Mar 18 19:03:15 IST 2026, 89 W
Wed Mar 18 19:03:15 IST 2026, 91 W
Wed Mar 18 19:03:15 IST 2026, 86 W
Wed Mar 18 19:03:16 IST 2026, 100 W
Wed Mar 18 19:03:16 IST 2026, 94 W
Wed Mar 18 19:03:16 IST 2026, 89 W
Wed Mar 18 19:03:16 IST 2026, 92 W
Wed Mar 18 19:03:17 IST 2026, 98 W
Wed Mar 18 19:03:17 IST 2026, 95 W
Wed Mar 18 19:03:17 IST 2026, 97 W
Wed Mar 18 19:03:17 IST 2026, 91 W
Wed Mar 18 19:03:18 IST 2026, 99 W
Wed Mar 18 19:03:18 IST 2026, 93 W
Wed Mar 18 19:03:18 IST 2026, 88 W
Wed Mar 18 19:03:18 IST 2026, 93 W
Wed Mar 18 19:03:19 IST 2026, 93 W
Wed Mar 18 19:03:19 IST 2026, 88 W
Wed Mar 18 19:03:19 IST 2026, 88 W
Wed Mar 18 19:03:19 IST 2026, 88 W
Wed Mar 18 19:03:20 IST 2026, 98 W
Wed Mar 18 19:03:20 IST 2026, 89 W
Wed Mar 18 19:03:20 IST 2026, 91 W
Wed Mar 18 19:03:20 IST 2026, 89 W
Wed Mar 18 19:03:21 IST 2026, 94 W
Wed Mar 18 19:03:21 IST 2026, 88 W
Wed Mar 18 19:03:21 IST 2026, 93 W
Wed Mar 18 19:03:21 IST 2026, 87 W
Wed Mar 18 19:03:22 IST 2026, 98 W
Wed Mar 18 19:03:22 IST 2026, 96 W
Wed Mar 18 19:03:22 IST 2026, 92 W
Wed Mar 18 19:03:22 IST 2026, 90 W
Wed Mar 18 19:03:23 IST 2026, 95 W
Wed Mar 18 19:03:23 IST 2026, 93 W
Wed Mar 18 19:03:23 IST 2026, 90 W
Wed Mar 18 19:03:23 IST 2026, 97 W
Wed Mar 18 19:03:24 IST 2026, 96 W
Wed Mar 18 19:03:24 IST 2026, 90 W
Wed Mar 18 19:03:24 IST 2026, 87 W
Wed Mar 18 19:03:24 IST 2026, 87 W
Wed Mar 18 19:03:25 IST 2026, 99 W
Wed Mar 18 19:03:25 IST 2026, 97 W
Wed Mar 18 19:03:25 IST 2026, 91 W
Wed Mar 18 19:03:25 IST 2026, 87 W
Wed Mar 18 19:03:26 IST 2026, 96 W
Wed Mar 18 19:03:26 IST 2026, 87 W
Wed Mar 18 19:03:26 IST 2026, 90 W
Wed Mar 18 19:03:26 IST 2026, 86 W
Wed Mar 18 19:03:27 IST 2026, 98 W
Wed Mar 18 19:03:27 IST 2026, 90 W
Wed Mar 18 19:03:27 IST 2026, 92 W
Wed Mar 18 19:03:27 IST 2026, 94 W
Wed Mar 18 19:03:28 IST 2026, 94 W
Wed Mar 18 19:03:28 IST 2026, 91 W
Wed Mar 18 19:03:28 IST 2026, 92 W
Wed Mar 18 19:03:28 IST 2026, 93 W
Wed Mar 18 19:03:29 IST 2026, 101 W
Wed Mar 18 19:03:29 IST 2026, 89 W
Wed Mar 18 19:03:29 IST 2026, 95 W
Wed Mar 18 19:03:29 IST 2026, 88 W
Wed Mar 18 19:03:30 IST 2026, 101 W
Wed Mar 18 19:03:30 IST 2026, 93 W
Wed Mar 18 19:03:30 IST 2026, 91 W
Wed Mar 18 19:03:30 IST 2026, 90 W
Wed Mar 18 19:03:31 IST 2026, 98 W
Wed Mar 18 19:03:31 IST 2026, 96 W
Wed Mar 18 19:03:31 IST 2026, 88 W
Wed Mar 18 19:03:31 IST 2026, 91 W
Wed Mar 18 19:03:32 IST 2026, 96 W
Wed Mar 18 19:03:32 IST 2026, 87 W
Wed Mar 18 19:03:32 IST 2026, 85 W
Wed Mar 18 19:03:32 IST 2026, 89 W
Wed Mar 18 19:03:33 IST 2026, 102 W
Wed Mar 18 19:03:33 IST 2026, 91 W
Wed Mar 18 19:03:33 IST 2026, 88 W
Wed Mar 18 19:03:33 IST 2026, 89 W
Wed Mar 18 19:03:34 IST 2026, 98 W
Wed Mar 18 19:03:34 IST 2026, 88 W
Wed Mar 18 19:03:34 IST 2026, 89 W
Wed Mar 18 19:03:34 IST 2026, 86 W
Wed Mar 18 19:03:35 IST 2026, 100 W
Wed Mar 18 19:03:35 IST 2026, 89 W
Wed Mar 18 19:03:35 IST 2026, 95 W
Wed Mar 18 19:03:35 IST 2026, 90 W
Wed Mar 18 19:03:36 IST 2026, 99 W
Wed Mar 18 19:03:36 IST 2026, 92 W
Wed Mar 18 19:03:36 IST 2026, 95 W
Wed Mar 18 19:03:36 IST 2026, 89 W
Wed Mar 18 19:03:37 IST 2026, 96 W
Wed Mar 18 19:03:37 IST 2026, 93 W
Wed Mar 18 19:03:37 IST 2026, 95 W
Wed Mar 18 19:03:37 IST 2026, 91 W
Wed Mar 18 19:03:38 IST 2026, 98 W
Wed Mar 18 19:03:38 IST 2026, 94 W
Wed Mar 18 19:03:38 IST 2026, 94 W
Wed Mar 18 19:03:38 IST 2026, 90 W
Wed Mar 18 19:03:39 IST 2026, 93 W
Wed Mar 18 19:03:39 IST 2026, 90 W
Wed Mar 18 19:03:39 IST 2026, 91 W
Wed Mar 18 19:03:39 IST 2026, 86 W
Wed Mar 18 19:03:40 IST 2026, 92 W
Wed Mar 18 19:03:40 IST 2026, 88 W
Wed Mar 18 19:03:40 IST 2026, 89 W
Wed Mar 18 19:03:40 IST 2026, 87 W
Wed Mar 18 19:03:41 IST 2026, 97 W
Wed Mar 18 19:03:41 IST 2026, 93 W
Wed Mar 18 19:03:41 IST 2026, 93 W
Wed Mar 18 19:03:41 IST 2026, 87 W
Wed Mar 18 19:03:42 IST 2026, 96 W
Wed Mar 18 19:03:42 IST 2026, 91 W
Wed Mar 18 19:03:42 IST 2026, 93 W
Wed Mar 18 19:03:42 IST 2026, 94 W
Wed Mar 18 19:03:43 IST 2026, 93 W
Wed Mar 18 19:03:43 IST 2026, 90 W
Wed Mar 18 19:03:43 IST 2026, 91 W
Wed Mar 18 19:03:43 IST 2026, 92 W
Wed Mar 18 19:03:44 IST 2026, 98 W
Wed Mar 18 19:03:44 IST 2026, 95 W
Wed Mar 18 19:03:44 IST 2026, 92 W
Wed Mar 18 19:03:44 IST 2026, 87 W
Wed Mar 18 19:03:45 IST 2026, 100 W
Wed Mar 18 19:03:45 IST 2026, 91 W
Wed Mar 18 19:03:45 IST 2026, 86 W
Wed Mar 18 19:03:45 IST 2026, 95 W
Wed Mar 18 19:03:46 IST 2026, 99 W
Wed Mar 18 19:03:46 IST 2026, 86 W
Wed Mar 18 19:03:46 IST 2026, 89 W
Wed Mar 18 19:03:46 IST 2026, 90 W
Wed Mar 18 19:03:47 IST 2026, 93 W
Wed Mar 18 19:03:47 IST 2026, 98 W
Wed Mar 18 19:03:47 IST 2026, 92 W
Wed Mar 18 19:03:47 IST 2026, 92 W
Wed Mar 18 19:03:48 IST 2026, 103 W
Wed Mar 18 19:03:48 IST 2026, 95 W
Wed Mar 18 19:03:48 IST 2026, 89 W
Wed Mar 18 19:03:48 IST 2026, 88 W
Wed Mar 18 19:03:49 IST 2026, 93 W
Wed Mar 18 19:03:49 IST 2026, 91 W
Wed Mar 18 19:03:49 IST 2026, 95 W
Wed Mar 18 19:03:49 IST 2026, 88 W
Wed Mar 18 19:03:50 IST 2026, 97 W
Wed Mar 18 19:03:50 IST 2026, 92 W
Wed Mar 18 19:03:50 IST 2026, 93 W
Wed Mar 18 19:03:50 IST 2026, 94 W
Wed Mar 18 19:03:51 IST 2026, 92 W
Wed Mar 18 19:03:51 IST 2026, 88 W
Wed Mar 18 19:03:51 IST 2026, 94 W
Wed Mar 18 19:03:51 IST 2026, 88 W
Wed Mar 18 19:03:52 IST 2026, 100 W
Wed Mar 18 19:03:52 IST 2026, 88 W
Wed Mar 18 19:03:52 IST 2026, 88 W
Wed Mar 18 19:03:52 IST 2026, 94 W
Wed Mar 18 19:03:53 IST 2026, 95 W
Wed Mar 18 19:03:53 IST 2026, 87 W
Wed Mar 18 19:03:53 IST 2026, 90 W
Wed Mar 18 19:03:53 IST 2026, 92 W
Wed Mar 18 19:03:54 IST 2026, 100 W
Wed Mar 18 19:03:54 IST 2026, 89 W
Wed Mar 18 19:03:54 IST 2026, 87 W
Wed Mar 18 19:03:54 IST 2026, 92 W
Wed Mar 18 19:03:55 IST 2026, 100 W
Wed Mar 18 19:03:55 IST 2026, 91 W
Wed Mar 18 19:03:55 IST 2026, 92 W
Wed Mar 18 19:03:55 IST 2026, 93 W
Wed Mar 18 19:03:56 IST 2026, 99 W
Wed Mar 18 19:03:56 IST 2026, 92 W
Wed Mar 18 19:03:56 IST 2026, 90 W
Wed Mar 18 19:03:56 IST 2026, 96 W
Wed Mar 18 19:03:57 IST 2026, 97 W
Wed Mar 18 19:03:57 IST 2026, 95 W
Wed Mar 18 19:03:57 IST 2026, 87 W
Wed Mar 18 19:03:57 IST 2026, 93 W
Wed Mar 18 19:03:58 IST 2026, 96 W
Wed Mar 18 19:03:58 IST 2026, 89 W
Wed Mar 18 19:03:58 IST 2026, 90 W
Wed Mar 18 19:03:58 IST 2026, 97 W
Wed Mar 18 19:03:59 IST 2026, 99 W
Wed Mar 18 19:03:59 IST 2026, 89 W
Wed Mar 18 19:03:59 IST 2026, 96 W
Wed Mar 18 19:03:59 IST 2026, 95 W
Wed Mar 18 19:04:00 IST 2026, 98 W
Wed Mar 18 19:04:00 IST 2026, 93 W
Wed Mar 18 19:04:00 IST 2026, 94 W
Wed Mar 18 19:04:00 IST 2026, 88 W
Wed Mar 18 19:04:01 IST 2026, 98 W
Wed Mar 18 19:04:01 IST 2026, 90 W
Wed Mar 18 19:04:01 IST 2026, 93 W
Wed Mar 18 19:04:01 IST 2026, 92 W
Wed Mar 18 19:04:02 IST 2026, 95 W
Wed Mar 18 19:04:02 IST 2026, 90 W
Wed Mar 18 19:04:02 IST 2026, 95 W
Wed Mar 18 19:04:02 IST 2026, 88 W
Wed Mar 18 19:04:03 IST 2026, 91 W
Wed Mar 18 19:04:03 IST 2026, 93 W
Wed Mar 18 19:04:03 IST 2026, 89 W
Wed Mar 18 19:04:03 IST 2026, 91 W
Wed Mar 18 19:04:04 IST 2026, 98 W
Wed Mar 18 19:04:04 IST 2026, 90 W
Wed Mar 18 19:04:04 IST 2026, 90 W
Wed Mar 18 19:04:04 IST 2026, 95 W
Wed Mar 18 19:04:05 IST 2026, 96 W
Wed Mar 18 19:04:05 IST 2026, 93 W
Wed Mar 18 19:04:05 IST 2026, 85 W
Wed Mar 18 19:04:05 IST 2026, 95 W
Wed Mar 18 19:04:06 IST 2026, 98 W
Wed Mar 18 19:04:06 IST 2026, 93 W
Wed Mar 18 19:04:06 IST 2026, 95 W
Wed Mar 18 19:04:06 IST 2026, 96 W
Wed Mar 18 19:04:07 IST 2026, 96 W
Wed Mar 18 19:04:07 IST 2026, 94 W
Wed Mar 18 19:04:07 IST 2026, 92 W
Wed Mar 18 19:04:07 IST 2026, 90 W
Wed Mar 18 19:04:08 IST 2026, 97 W
Wed Mar 18 19:04:08 IST 2026, 90 W
Wed Mar 18 19:04:08 IST 2026, 89 W
Wed Mar 18 19:04:08 IST 2026, 96 W
Wed Mar 18 19:04:09 IST 2026, 98 W
Wed Mar 18 19:04:09 IST 2026, 97 W
Wed Mar 18 19:04:09 IST 2026, 89 W
Wed Mar 18 19:04:09 IST 2026, 93 W
Wed Mar 18 19:04:10 IST 2026, 102 W
Wed Mar 18 19:04:10 IST 2026, 88 W
Wed Mar 18 19:04:10 IST 2026, 92 W
Wed Mar 18 19:04:10 IST 2026, 91 W
Wed Mar 18 19:04:11 IST 2026, 98 W
Wed Mar 18 19:04:11 IST 2026, 93 W
Wed Mar 18 19:04:11 IST 2026, 86 W
Wed Mar 18 19:04:11 IST 2026, 92 W
Wed Mar 18 19:04:12 IST 2026, 99 W
Wed Mar 18 19:04:12 IST 2026, 92 W
Wed Mar 18 19:04:12 IST 2026, 89 W
Wed Mar 18 19:04:12 IST 2026, 93 W
Wed Mar 18 19:04:13 IST 2026, 98 W
Wed Mar 18 19:04:13 IST 2026, 89 W
Wed Mar 18 19:04:13 IST 2026, 91 W
Wed Mar 18 19:04:13 IST 2026, 93 W
Wed Mar 18 19:04:14 IST 2026, 93 W
Wed Mar 18 19:04:14 IST 2026, 94 W
Wed Mar 18 19:04:14 IST 2026, 94 W
Wed Mar 18 19:04:14 IST 2026, 95 W
Wed Mar 18 19:04:15 IST 2026, 97 W
Wed Mar 18 19:04:15 IST 2026, 97 W
Wed Mar 18 19:04:15 IST 2026, 93 W
Wed Mar 18 19:04:15 IST 2026, 92 W
Wed Mar 18 19:04:16 IST 2026, 99 W
Wed Mar 18 19:04:16 IST 2026, 88 W
Wed Mar 18 19:04:16 IST 2026, 93 W
Wed Mar 18 19:04:16 IST 2026, 90 W
Wed Mar 18 19:04:17 IST 2026, 94 W
Wed Mar 18 19:04:17 IST 2026, 91 W
Wed Mar 18 19:04:17 IST 2026, 94 W
Wed Mar 18 19:04:17 IST 2026, 92 W
Wed Mar 18 19:04:18 IST 2026, 96 W
Wed Mar 18 19:04:18 IST 2026, 97 W
Wed Mar 18 19:04:18 IST 2026, 92 W
Wed Mar 18 19:04:18 IST 2026, 88 W
Wed Mar 18 19:04:19 IST 2026, 97 W
Wed Mar 18 19:04:19 IST 2026, 91 W
Wed Mar 18 19:04:19 IST 2026, 93 W
Wed Mar 18 19:04:19 IST 2026, 92 W
Wed Mar 18 19:04:20 IST 2026, 99 W
Wed Mar 18 19:04:20 IST 2026, 88 W
Wed Mar 18 19:04:20 IST 2026, 88 W
Wed Mar 18 19:04:20 IST 2026, 90 W
Wed Mar 18 19:04:21 IST 2026, 101 W
Wed Mar 18 19:04:21 IST 2026, 91 W
Wed Mar 18 19:04:21 IST 2026, 89 W
Wed Mar 18 19:04:21 IST 2026, 89 W
Wed Mar 18 19:04:22 IST 2026, 102 W
Wed Mar 18 19:04:22 IST 2026, 91 W
Wed Mar 18 19:04:22 IST 2026, 88 W
Wed Mar 18 19:04:22 IST 2026, 94 W
Wed Mar 18 19:04:23 IST 2026, 92 W
Wed Mar 18 19:04:23 IST 2026, 98 W
Wed Mar 18 19:04:23 IST 2026, 88 W
Wed Mar 18 19:04:23 IST 2026, 92 W
Wed Mar 18 19:04:24 IST 2026, 98 W
Wed Mar 18 19:04:24 IST 2026, 93 W
Wed Mar 18 19:04:24 IST 2026, 86 W
Wed Mar 18 19:04:24 IST 2026, 92 W
Wed Mar 18 19:04:25 IST 2026, 100 W
Wed Mar 18 19:04:25 IST 2026, 92 W
Wed Mar 18 19:04:25 IST 2026, 91 W
Wed Mar 18 19:04:25 IST 2026, 88 W
Wed Mar 18 19:04:26 IST 2026, 102 W
Wed Mar 18 19:04:26 IST 2026, 91 W
Wed Mar 18 19:04:26 IST 2026, 87 W
Wed Mar 18 19:04:26 IST 2026, 93 W
Wed Mar 18 19:04:27 IST 2026, 94 W
Wed Mar 18 19:04:27 IST 2026, 87 W
Wed Mar 18 19:04:27 IST 2026, 98 W
Wed Mar 18 19:04:27 IST 2026, 90 W
Wed Mar 18 19:04:28 IST 2026, 100 W
Wed Mar 18 19:04:28 IST 2026, 93 W
Wed Mar 18 19:04:28 IST 2026, 98 W
Wed Mar 18 19:04:28 IST 2026, 91 W
Wed Mar 18 19:04:29 IST 2026, 99 W
Wed Mar 18 19:04:29 IST 2026, 89 W
Wed Mar 18 19:04:29 IST 2026, 92 W
Wed Mar 18 19:04:29 IST 2026, 88 W
Wed Mar 18 19:04:30 IST 2026, 93 W
Wed Mar 18 19:04:30 IST 2026, 97 W
Wed Mar 18 19:04:30 IST 2026, 91 W
Wed Mar 18 19:04:30 IST 2026, 89 W
Wed Mar 18 19:04:31 IST 2026, 91 W
Wed Mar 18 19:04:31 IST 2026, 89 W
Wed Mar 18 19:04:31 IST 2026, 93 W
Wed Mar 18 19:04:31 IST 2026, 90 W
Wed Mar 18 19:04:32 IST 2026, 98 W
Wed Mar 18 19:04:32 IST 2026, 88 W
Wed Mar 18 19:04:32 IST 2026, 92 W
Wed Mar 18 19:04:32 IST 2026, 93 W
Wed Mar 18 19:04:33 IST 2026, 96 W
Wed Mar 18 19:04:33 IST 2026, 88 W
Wed Mar 18 19:04:33 IST 2026, 93 W
Wed Mar 18 19:04:33 IST 2026, 95 W
Wed Mar 18 19:04:34 IST 2026, 96 W
Wed Mar 18 19:04:34 IST 2026, 88 W
Wed Mar 18 19:04:34 IST 2026, 88 W
Wed Mar 18 19:04:34 IST 2026, 93 W
Wed Mar 18 19:04:35 IST 2026, 96 W
Wed Mar 18 19:04:35 IST 2026, 91 W
Wed Mar 18 19:04:35 IST 2026, 89 W
Wed Mar 18 19:04:35 IST 2026, 88 W
Wed Mar 18 19:04:36 IST 2026, 98 W
Wed Mar 18 19:04:36 IST 2026, 90 W
Wed Mar 18 19:04:36 IST 2026, 91 W
Wed Mar 18 19:04:36 IST 2026, 95 W
Wed Mar 18 19:04:37 IST 2026, 95 W
Wed Mar 18 19:04:37 IST 2026, 90 W
Wed Mar 18 19:04:37 IST 2026, 89 W
Wed Mar 18 19:04:37 IST 2026, 94 W
Wed Mar 18 19:04:38 IST 2026, 94 W
Wed Mar 18 19:04:38 IST 2026, 96 W
Wed Mar 18 19:04:38 IST 2026, 93 W
Wed Mar 18 19:04:38 IST 2026, 93 W
Wed Mar 18 19:04:39 IST 2026, 103 W
Wed Mar 18 19:04:39 IST 2026, 85 W
Wed Mar 18 19:04:39 IST 2026, 91 W
Wed Mar 18 19:04:39 IST 2026, 92 W
Wed Mar 18 19:04:40 IST 2026, 97 W
Wed Mar 18 19:04:40 IST 2026, 96 W
Wed Mar 18 19:04:40 IST 2026, 92 W
Wed Mar 18 19:04:40 IST 2026, 95 W
Wed Mar 18 19:04:41 IST 2026, 99 W
Wed Mar 18 19:04:41 IST 2026, 90 W
Wed Mar 18 19:04:41 IST 2026, 88 W
Wed Mar 18 19:04:41 IST 2026, 87 W
Wed Mar 18 19:04:42 IST 2026, 95 W
Wed Mar 18 19:04:42 IST 2026, 94 W
Wed Mar 18 19:04:42 IST 2026, 91 W
Wed Mar 18 19:04:42 IST 2026, 94 W
Wed Mar 18 19:04:43 IST 2026, 98 W
Wed Mar 18 19:04:43 IST 2026, 87 W
Wed Mar 18 19:04:43 IST 2026, 93 W
Wed Mar 18 19:04:43 IST 2026, 93 W
Wed Mar 18 19:04:44 IST 2026, 93 W
Wed Mar 18 19:04:44 IST 2026, 90 W
Wed Mar 18 19:04:44 IST 2026, 90 W
Wed Mar 18 19:04:44 IST 2026, 92 W
Wed Mar 18 19:04:45 IST 2026, 97 W
Wed Mar 18 19:04:45 IST 2026, 89 W
Wed Mar 18 19:04:45 IST 2026, 92 W
Wed Mar 18 19:04:45 IST 2026, 91 W
Wed Mar 18 19:04:46 IST 2026, 101 W
Wed Mar 18 19:04:46 IST 2026, 95 W
Wed Mar 18 19:04:46 IST 2026, 93 W
Wed Mar 18 19:04:46 IST 2026, 93 W
Wed Mar 18 19:04:47 IST 2026, 102 W
Wed Mar 18 19:04:47 IST 2026, 91 W
Wed Mar 18 19:04:47 IST 2026, 89 W
Wed Mar 18 19:04:47 IST 2026, 86 W
Wed Mar 18 19:04:48 IST 2026, 102 W
Wed Mar 18 19:04:48 IST 2026, 92 W
Wed Mar 18 19:04:48 IST 2026, 94 W
Wed Mar 18 19:04:48 IST 2026, 90 W
Wed Mar 18 19:04:49 IST 2026, 98 W
Wed Mar 18 19:04:49 IST 2026, 88 W
Wed Mar 18 19:04:49 IST 2026, 87 W
Wed Mar 18 19:04:49 IST 2026, 89 W
Wed Mar 18 19:04:50 IST 2026, 92 W
Wed Mar 18 19:04:50 IST 2026, 93 W
Wed Mar 18 19:04:50 IST 2026, 91 W
Wed Mar 18 19:04:50 IST 2026, 92 W
Wed Mar 18 19:04:51 IST 2026, 93 W
Wed Mar 18 19:04:51 IST 2026, 94 W
Wed Mar 18 19:04:51 IST 2026, 89 W
Wed Mar 18 19:04:51 IST 2026, 97 W
Wed Mar 18 19:04:52 IST 2026, 94 W
Wed Mar 18 19:04:52 IST 2026, 89 W
Wed Mar 18 19:04:52 IST 2026, 92 W
Wed Mar 18 19:04:52 IST 2026, 91 W
Wed Mar 18 19:04:53 IST 2026, 94 W
Wed Mar 18 19:04:53 IST 2026, 91 W
Wed Mar 18 19:04:53 IST 2026, 92 W
Wed Mar 18 19:04:53 IST 2026, 92 W
Wed Mar 18 19:04:54 IST 2026, 97 W
Wed Mar 18 19:04:54 IST 2026, 89 W
Wed Mar 18 19:04:54 IST 2026, 87 W
Wed Mar 18 19:04:54 IST 2026, 95 W
Wed Mar 18 19:04:55 IST 2026, 100 W
Wed Mar 18 19:04:55 IST 2026, 87 W
Wed Mar 18 19:04:55 IST 2026, 89 W
Wed Mar 18 19:04:55 IST 2026, 90 W
Wed Mar 18 19:04:56 IST 2026, 96 W
Wed Mar 18 19:04:56 IST 2026, 91 W
Wed Mar 18 19:04:56 IST 2026, 93 W
Wed Mar 18 19:04:56 IST 2026, 95 W
Wed Mar 18 19:04:57 IST 2026, 96 W
Wed Mar 18 19:04:57 IST 2026, 91 W
Wed Mar 18 19:04:57 IST 2026, 93 W
Wed Mar 18 19:04:57 IST 2026, 93 W
Wed Mar 18 19:04:58 IST 2026, 94 W
Wed Mar 18 19:04:58 IST 2026, 91 W
Wed Mar 18 19:04:58 IST 2026, 89 W
Wed Mar 18 19:04:58 IST 2026, 90 W
Wed Mar 18 19:04:59 IST 2026, 96 W
Wed Mar 18 19:04:59 IST 2026, 85 W
Wed Mar 18 19:04:59 IST 2026, 93 W
Wed Mar 18 19:04:59 IST 2026, 89 W
Wed Mar 18 19:05:00 IST 2026, 100 W
Wed Mar 18 19:05:00 IST 2026, 88 W
Wed Mar 18 19:05:00 IST 2026, 92 W
Wed Mar 18 19:05:00 IST 2026, 87 W
Wed Mar 18 19:05:01 IST 2026, 99 W
Wed Mar 18 19:05:01 IST 2026, 91 W
Wed Mar 18 19:05:01 IST 2026, 97 W
Wed Mar 18 19:05:01 IST 2026, 90 W
Wed Mar 18 19:05:02 IST 2026, 93 W
Wed Mar 18 19:05:02 IST 2026, 90 W
Wed Mar 18 19:05:02 IST 2026, 93 W
Wed Mar 18 19:05:02 IST 2026, 89 W
Wed Mar 18 19:05:03 IST 2026, 98 W
Wed Mar 18 19:05:03 IST 2026, 89 W
Wed Mar 18 19:05:03 IST 2026, 89 W
Wed Mar 18 19:05:03 IST 2026, 90 W
Wed Mar 18 19:05:04 IST 2026, 97 W
Wed Mar 18 19:05:04 IST 2026, 90 W
Wed Mar 18 19:05:04 IST 2026, 94 W
Wed Mar 18 19:05:04 IST 2026, 97 W
Wed Mar 18 19:05:05 IST 2026, 103 W
Wed Mar 18 19:05:05 IST 2026, 87 W
Wed Mar 18 19:05:05 IST 2026, 90 W
Wed Mar 18 19:05:05 IST 2026, 98 W
Wed Mar 18 19:05:06 IST 2026, 91 W
Wed Mar 18 19:05:06 IST 2026, 91 W
Wed Mar 18 19:05:06 IST 2026, 88 W
Wed Mar 18 19:05:06 IST 2026, 95 W
Wed Mar 18 19:05:07 IST 2026, 92 W
Wed Mar 18 19:05:07 IST 2026, 95 W
Wed Mar 18 19:05:07 IST 2026, 90 W
Wed Mar 18 19:05:07 IST 2026, 96 W
Wed Mar 18 19:05:08 IST 2026, 100 W
Wed Mar 18 19:05:08 IST 2026, 85 W
Wed Mar 18 19:05:08 IST 2026, 92 W
Wed Mar 18 19:05:08 IST 2026, 89 W
Wed Mar 18 19:05:09 IST 2026, 99 W
Wed Mar 18 19:05:09 IST 2026, 95 W
Wed Mar 18 19:05:09 IST 2026, 89 W
Wed Mar 18 19:05:09 IST 2026, 97 W
Wed Mar 18 19:05:10 IST 2026, 98 W
Wed Mar 18 19:05:10 IST 2026, 93 W
Wed Mar 18 19:05:10 IST 2026, 92 W
Wed Mar 18 19:05:10 IST 2026, 88 W
Wed Mar 18 19:05:11 IST 2026, 96 W
Wed Mar 18 19:05:11 IST 2026, 93 W
Wed Mar 18 19:05:11 IST 2026, 95 W
Wed Mar 18 19:05:11 IST 2026, 91 W
Wed Mar 18 19:05:12 IST 2026, 103 W
Wed Mar 18 19:05:12 IST 2026, 97 W
Wed Mar 18 19:05:12 IST 2026, 97 W
Wed Mar 18 19:05:12 IST 2026, 89 W
Wed Mar 18 19:05:13 IST 2026, 98 W
Wed Mar 18 19:05:13 IST 2026, 89 W
Wed Mar 18 19:05:13 IST 2026, 94 W
Wed Mar 18 19:05:13 IST 2026, 92 W
Wed Mar 18 19:05:14 IST 2026, 95 W
Wed Mar 18 19:05:14 IST 2026, 94 W
Wed Mar 18 19:05:14 IST 2026, 92 W
Wed Mar 18 19:05:14 IST 2026, 92 W
Wed Mar 18 19:05:15 IST 2026, 100 W
Wed Mar 18 19:05:15 IST 2026, 88 W
Wed Mar 18 19:05:15 IST 2026, 89 W
Wed Mar 18 19:05:15 IST 2026, 96 W
Wed Mar 18 19:05:16 IST 2026, 94 W
Wed Mar 18 19:05:16 IST 2026, 91 W
Wed Mar 18 19:05:16 IST 2026, 93 W
Wed Mar 18 19:05:16 IST 2026, 97 W
Wed Mar 18 19:05:17 IST 2026, 99 W
Wed Mar 18 19:05:17 IST 2026, 89 W
Wed Mar 18 19:05:17 IST 2026, 93 W
Wed Mar 18 19:05:17 IST 2026, 97 W
Wed Mar 18 19:05:18 IST 2026, 101 W
Wed Mar 18 19:05:18 IST 2026, 92 W
Wed Mar 18 19:05:18 IST 2026, 91 W
Wed Mar 18 19:05:18 IST 2026, 90 W
Wed Mar 18 19:05:19 IST 2026, 94 W
Wed Mar 18 19:05:19 IST 2026, 90 W
Wed Mar 18 19:05:19 IST 2026, 91 W
Wed Mar 18 19:05:19 IST 2026, 94 W
Wed Mar 18 19:05:20 IST 2026, 96 W
Wed Mar 18 19:05:20 IST 2026, 95 W
Wed Mar 18 19:05:20 IST 2026, 89 W
Wed Mar 18 19:05:20 IST 2026, 97 W
Wed Mar 18 19:05:21 IST 2026, 102 W
Wed Mar 18 19:05:21 IST 2026, 92 W
Wed Mar 18 19:05:21 IST 2026, 90 W
Wed Mar 18 19:05:21 IST 2026, 91 W
Wed Mar 18 19:05:22 IST 2026, 96 W
Wed Mar 18 19:05:22 IST 2026, 97 W
Wed Mar 18 19:05:22 IST 2026, 88 W
Wed Mar 18 19:05:22 IST 2026, 95 W
Wed Mar 18 19:05:23 IST 2026, 97 W
Wed Mar 18 19:05:23 IST 2026, 91 W
Wed Mar 18 19:05:23 IST 2026, 90 W
Wed Mar 18 19:05:23 IST 2026, 92 W
Wed Mar 18 19:05:24 IST 2026, 103 W
Wed Mar 18 19:05:24 IST 2026, 90 W
Wed Mar 18 19:05:24 IST 2026, 96 W
Wed Mar 18 19:05:24 IST 2026, 94 W
Wed Mar 18 19:05:25 IST 2026, 93 W
Wed Mar 18 19:05:25 IST 2026, 97 W
Wed Mar 18 19:05:25 IST 2026, 92 W
Wed Mar 18 19:05:25 IST 2026, 94 W
Wed Mar 18 19:05:26 IST 2026, 95 W
Wed Mar 18 19:05:26 IST 2026, 91 W
Wed Mar 18 19:05:26 IST 2026, 87 W
Wed Mar 18 19:05:26 IST 2026, 89 W
Wed Mar 18 19:05:27 IST 2026, 93 W
Wed Mar 18 19:05:27 IST 2026, 91 W
Wed Mar 18 19:05:27 IST 2026, 92 W
Wed Mar 18 19:05:27 IST 2026, 91 W
Wed Mar 18 19:05:28 IST 2026, 99 W
Wed Mar 18 19:05:28 IST 2026, 93 W
Wed Mar 18 19:05:28 IST 2026, 92 W
Wed Mar 18 19:05:28 IST 2026, 89 W
Wed Mar 18 19:05:29 IST 2026, 97 W
Wed Mar 18 19:05:29 IST 2026, 93 W
Wed Mar 18 19:05:29 IST 2026, 97 W
Wed Mar 18 19:05:29 IST 2026, 93 W
Wed Mar 18 19:05:30 IST 2026, 96 W
Wed Mar 18 19:05:30 IST 2026, 95 W
Wed Mar 18 19:05:30 IST 2026, 88 W
Wed Mar 18 19:05:30 IST 2026, 92 W
Wed Mar 18 19:05:31 IST 2026, 94 W
Wed Mar 18 19:05:31 IST 2026, 90 W
Wed Mar 18 19:05:31 IST 2026, 94 W
Wed Mar 18 19:05:31 IST 2026, 97 W
Wed Mar 18 19:05:32 IST 2026, 94 W
Wed Mar 18 19:05:32 IST 2026, 95 W
Wed Mar 18 19:05:32 IST 2026, 90 W
Wed Mar 18 19:05:32 IST 2026, 89 W
Wed Mar 18 19:05:33 IST 2026, 97 W
Wed Mar 18 19:05:33 IST 2026, 97 W
Wed Mar 18 19:05:33 IST 2026, 89 W
Wed Mar 18 19:05:33 IST 2026, 91 W
Wed Mar 18 19:05:34 IST 2026, 96 W
Wed Mar 18 19:05:34 IST 2026, 91 W
Wed Mar 18 19:05:34 IST 2026, 89 W
Wed Mar 18 19:05:34 IST 2026, 91 W
Wed Mar 18 19:05:35 IST 2026, 95 W
Wed Mar 18 19:05:35 IST 2026, 97 W
Wed Mar 18 19:05:35 IST 2026, 91 W
Wed Mar 18 19:05:35 IST 2026, 93 W
Wed Mar 18 19:05:36 IST 2026, 96 W
Wed Mar 18 19:05:36 IST 2026, 97 W
Wed Mar 18 19:05:36 IST 2026, 93 W
Wed Mar 18 19:05:36 IST 2026, 92 W
Wed Mar 18 19:05:37 IST 2026, 97 W
Wed Mar 18 19:05:37 IST 2026, 94 W
Wed Mar 18 19:05:37 IST 2026, 88 W
Wed Mar 18 19:05:37 IST 2026, 97 W
Wed Mar 18 19:05:38 IST 2026, 101 W
Wed Mar 18 19:05:38 IST 2026, 91 W
Wed Mar 18 19:05:38 IST 2026, 94 W
Wed Mar 18 19:05:38 IST 2026, 90 W
Wed Mar 18 19:05:39 IST 2026, 99 W
Wed Mar 18 19:05:39 IST 2026, 88 W
Wed Mar 18 19:05:39 IST 2026, 95 W
Wed Mar 18 19:05:39 IST 2026, 93 W
Wed Mar 18 19:05:40 IST 2026, 97 W
Wed Mar 18 19:05:40 IST 2026, 91 W
Wed Mar 18 19:05:40 IST 2026, 88 W
Wed Mar 18 19:05:40 IST 2026, 94 W
Wed Mar 18 19:05:41 IST 2026, 94 W
Wed Mar 18 19:05:41 IST 2026, 87 W
Wed Mar 18 19:05:41 IST 2026, 88 W
Wed Mar 18 19:05:41 IST 2026, 96 W
Wed Mar 18 19:05:42 IST 2026, 98 W
Wed Mar 18 19:05:42 IST 2026, 90 W
Wed Mar 18 19:05:42 IST 2026, 91 W
Wed Mar 18 19:05:42 IST 2026, 90 W
Wed Mar 18 19:05:43 IST 2026, 93 W
Wed Mar 18 19:05:43 IST 2026, 88 W
Wed Mar 18 19:05:43 IST 2026, 87 W
Wed Mar 18 19:05:43 IST 2026, 97 W
Wed Mar 18 19:05:44 IST 2026, 99 W
Wed Mar 18 19:05:44 IST 2026, 90 W
Wed Mar 18 19:05:44 IST 2026, 89 W
Wed Mar 18 19:05:44 IST 2026, 87 W
Wed Mar 18 19:05:45 IST 2026, 93 W
Wed Mar 18 19:05:45 IST 2026, 86 W
Wed Mar 18 19:05:45 IST 2026, 91 W
Wed Mar 18 19:05:45 IST 2026, 95 W
Wed Mar 18 19:05:46 IST 2026, 92 W
Wed Mar 18 19:05:46 IST 2026, 91 W
Wed Mar 18 19:05:46 IST 2026, 87 W
Wed Mar 18 19:05:46 IST 2026, 87 W
Wed Mar 18 19:05:47 IST 2026, 95 W
Wed Mar 18 19:05:47 IST 2026, 92 W
Wed Mar 18 19:05:47 IST 2026, 89 W
Wed Mar 18 19:05:47 IST 2026, 89 W
Wed Mar 18 19:05:48 IST 2026, 101 W
Wed Mar 18 19:05:48 IST 2026, 89 W
Wed Mar 18 19:05:48 IST 2026, 95 W
Wed Mar 18 19:05:48 IST 2026, 92 W
Wed Mar 18 19:05:49 IST 2026, 103 W
Wed Mar 18 19:05:49 IST 2026, 89 W
Wed Mar 18 19:05:49 IST 2026, 90 W
Wed Mar 18 19:05:49 IST 2026, 95 W
Wed Mar 18 19:05:50 IST 2026, 91 W
Wed Mar 18 19:05:50 IST 2026, 90 W
Wed Mar 18 19:05:50 IST 2026, 91 W
Wed Mar 18 19:05:50 IST 2026, 96 W
Wed Mar 18 19:05:51 IST 2026, 95 W
Wed Mar 18 19:05:51 IST 2026, 90 W
Wed Mar 18 19:05:51 IST 2026, 87 W
Wed Mar 18 19:05:51 IST 2026, 91 W
Wed Mar 18 19:05:52 IST 2026, 98 W
Wed Mar 18 19:05:52 IST 2026, 91 W
Wed Mar 18 19:05:52 IST 2026, 92 W
Wed Mar 18 19:05:52 IST 2026, 89 W
Wed Mar 18 19:05:53 IST 2026, 100 W
Wed Mar 18 19:05:53 IST 2026, 93 W
Wed Mar 18 19:05:53 IST 2026, 87 W
Wed Mar 18 19:05:53 IST 2026, 89 W
Wed Mar 18 19:05:54 IST 2026, 98 W
Wed Mar 18 19:05:54 IST 2026, 88 W
Wed Mar 18 19:05:54 IST 2026, 90 W
Wed Mar 18 19:05:54 IST 2026, 98 W
Wed Mar 18 19:05:55 IST 2026, 97 W
Wed Mar 18 19:05:55 IST 2026, 91 W
Wed Mar 18 19:05:55 IST 2026, 94 W
Wed Mar 18 19:05:55 IST 2026, 87 W
Wed Mar 18 19:05:56 IST 2026, 102 W
Wed Mar 18 19:05:56 IST 2026, 88 W
Wed Mar 18 19:05:56 IST 2026, 92 W
Wed Mar 18 19:05:56 IST 2026, 88 W
Wed Mar 18 19:05:57 IST 2026, 98 W
Wed Mar 18 19:05:57 IST 2026, 91 W
Wed Mar 18 19:05:57 IST 2026, 95 W
Wed Mar 18 19:05:57 IST 2026, 91 W
Wed Mar 18 19:05:58 IST 2026, 98 W
Wed Mar 18 19:05:58 IST 2026, 95 W
Wed Mar 18 19:05:58 IST 2026, 90 W
Wed Mar 18 19:05:58 IST 2026, 91 W
Wed Mar 18 19:05:59 IST 2026, 103 W
Wed Mar 18 19:05:59 IST 2026, 91 W
Wed Mar 18 19:05:59 IST 2026, 90 W
Wed Mar 18 19:05:59 IST 2026, 94 W
Wed Mar 18 19:06:00 IST 2026, 100 W
Wed Mar 18 19:06:00 IST 2026, 93 W
Wed Mar 18 19:06:00 IST 2026, 90 W
Wed Mar 18 19:06:00 IST 2026, 90 W
Wed Mar 18 19:06:01 IST 2026, 96 W
Wed Mar 18 19:06:01 IST 2026, 92 W
Wed Mar 18 19:06:01 IST 2026, 90 W
Wed Mar 18 19:06:01 IST 2026, 91 W
Wed Mar 18 19:06:02 IST 2026, 101 W
Wed Mar 18 19:06:02 IST 2026, 92 W
Wed Mar 18 19:06:02 IST 2026, 93 W
Wed Mar 18 19:06:02 IST 2026, 92 W
Wed Mar 18 19:06:03 IST 2026, 96 W
Wed Mar 18 19:06:03 IST 2026, 90 W
Wed Mar 18 19:06:03 IST 2026, 86 W
Wed Mar 18 19:06:03 IST 2026, 100 W
Wed Mar 18 19:06:04 IST 2026, 101 W
Wed Mar 18 19:06:04 IST 2026, 97 W
Wed Mar 18 19:06:04 IST 2026, 92 W
Wed Mar 18 19:06:04 IST 2026, 89 W
Wed Mar 18 19:06:05 IST 2026, 99 W
Wed Mar 18 19:06:05 IST 2026, 88 W
Wed Mar 18 19:06:05 IST 2026, 84 W
Wed Mar 18 19:06:05 IST 2026, 88 W
Wed Mar 18 19:06:06 IST 2026, 98 W
Wed Mar 18 19:06:06 IST 2026, 95 W
Wed Mar 18 19:06:06 IST 2026, 89 W
Wed Mar 18 19:06:06 IST 2026, 89 W
Wed Mar 18 19:06:07 IST 2026, 96 W
Wed Mar 18 19:06:07 IST 2026, 85 W
Wed Mar 18 19:06:07 IST 2026, 91 W
Wed Mar 18 19:06:07 IST 2026, 91 W
Wed Mar 18 19:06:08 IST 2026, 96 W
Wed Mar 18 19:06:08 IST 2026, 91 W
Wed Mar 18 19:06:08 IST 2026, 95 W
Wed Mar 18 19:06:08 IST 2026, 89 W
Wed Mar 18 19:06:09 IST 2026, 94 W
Wed Mar 18 19:06:09 IST 2026, 85 W
Wed Mar 18 19:06:09 IST 2026, 93 W
Wed Mar 18 19:06:09 IST 2026, 97 W
Wed Mar 18 19:06:10 IST 2026, 99 W
Wed Mar 18 19:06:10 IST 2026, 90 W
Wed Mar 18 19:06:10 IST 2026, 90 W
Wed Mar 18 19:06:10 IST 2026, 93 W
Wed Mar 18 19:06:11 IST 2026, 100 W
Wed Mar 18 19:06:11 IST 2026, 89 W
Wed Mar 18 19:06:11 IST 2026, 90 W
Wed Mar 18 19:06:11 IST 2026, 97 W
Wed Mar 18 19:06:12 IST 2026, 101 W
Wed Mar 18 19:06:12 IST 2026, 88 W
Wed Mar 18 19:06:12 IST 2026, 86 W
Wed Mar 18 19:06:12 IST 2026, 94 W
Wed Mar 18 19:06:13 IST 2026, 102 W
Wed Mar 18 19:06:13 IST 2026, 89 W
Wed Mar 18 19:06:13 IST 2026, 87 W
Wed Mar 18 19:06:13 IST 2026, 97 W
Wed Mar 18 19:06:14 IST 2026, 96 W
Wed Mar 18 19:06:14 IST 2026, 89 W
Wed Mar 18 19:06:14 IST 2026, 89 W
Wed Mar 18 19:06:14 IST 2026, 90 W
Wed Mar 18 19:06:15 IST 2026, 94 W
Wed Mar 18 19:06:15 IST 2026, 89 W
Wed Mar 18 19:06:15 IST 2026, 89 W
Wed Mar 18 19:06:15 IST 2026, 96 W
Wed Mar 18 19:06:16 IST 2026, 99 W
Wed Mar 18 19:06:16 IST 2026, 93 W
Wed Mar 18 19:06:16 IST 2026, 97 W
Wed Mar 18 19:06:16 IST 2026, 96 W
Wed Mar 18 19:06:17 IST 2026, 98 W
Wed Mar 18 19:06:17 IST 2026, 96 W
Wed Mar 18 19:06:17 IST 2026, 97 W
Wed Mar 18 19:06:17 IST 2026, 95 W
Wed Mar 18 19:06:18 IST 2026, 94 W
Wed Mar 18 19:06:18 IST 2026, 86 W
Wed Mar 18 19:06:18 IST 2026, 88 W
Wed Mar 18 19:06:18 IST 2026, 92 W
Wed Mar 18 19:06:19 IST 2026, 102 W
Wed Mar 18 19:06:19 IST 2026, 96 W
Wed Mar 18 19:06:19 IST 2026, 88 W
Wed Mar 18 19:06:19 IST 2026, 86 W
Wed Mar 18 19:06:20 IST 2026, 94 W
Wed Mar 18 19:06:20 IST 2026, 97 W
Wed Mar 18 19:06:20 IST 2026, 95 W
Wed Mar 18 19:06:20 IST 2026, 89 W
Wed Mar 18 19:06:21 IST 2026, 96 W
Wed Mar 18 19:06:21 IST 2026, 94 W
Wed Mar 18 19:06:21 IST 2026, 97 W
Wed Mar 18 19:06:21 IST 2026, 90 W
Wed Mar 18 19:06:22 IST 2026, 99 W
Wed Mar 18 19:06:22 IST 2026, 94 W
Wed Mar 18 19:06:22 IST 2026, 91 W
Wed Mar 18 19:06:22 IST 2026, 89 W
Wed Mar 18 19:06:23 IST 2026, 100 W
Wed Mar 18 19:06:23 IST 2026, 93 W
Wed Mar 18 19:06:23 IST 2026, 89 W
Wed Mar 18 19:06:23 IST 2026, 94 W
Wed Mar 18 19:06:24 IST 2026, 95 W
Wed Mar 18 19:06:24 IST 2026, 95 W
Wed Mar 18 19:06:24 IST 2026, 96 W
Wed Mar 18 19:06:24 IST 2026, 92 W
Wed Mar 18 19:06:25 IST 2026, 95 W
Wed Mar 18 19:06:25 IST 2026, 86 W
Wed Mar 18 19:06:25 IST 2026, 92 W
Wed Mar 18 19:06:25 IST 2026, 88 W
Wed Mar 18 19:06:26 IST 2026, 101 W
Wed Mar 18 19:06:26 IST 2026, 97 W
Wed Mar 18 19:06:26 IST 2026, 87 W
Wed Mar 18 19:06:26 IST 2026, 90 W
Wed Mar 18 19:06:27 IST 2026, 98 W
Wed Mar 18 19:06:27 IST 2026, 91 W
Wed Mar 18 19:06:27 IST 2026, 94 W
Wed Mar 18 19:06:27 IST 2026, 88 W
Wed Mar 18 19:06:28 IST 2026, 94 W
Wed Mar 18 19:06:28 IST 2026, 91 W
Wed Mar 18 19:06:28 IST 2026, 89 W
Wed Mar 18 19:06:28 IST 2026, 94 W
Wed Mar 18 19:06:29 IST 2026, 97 W
Wed Mar 18 19:06:29 IST 2026, 93 W
Wed Mar 18 19:06:29 IST 2026, 87 W
Wed Mar 18 19:06:29 IST 2026, 91 W
Wed Mar 18 19:06:30 IST 2026, 93 W
Wed Mar 18 19:06:30 IST 2026, 95 W
Wed Mar 18 19:06:30 IST 2026, 98 W
Wed Mar 18 19:06:30 IST 2026, 86 W
Wed Mar 18 19:06:31 IST 2026, 93 W
Wed Mar 18 19:06:31 IST 2026, 97 W
Wed Mar 18 19:06:31 IST 2026, 90 W
Wed Mar 18 19:06:31 IST 2026, 89 W
Wed Mar 18 19:06:32 IST 2026, 93 W
Wed Mar 18 19:06:32 IST 2026, 88 W
Wed Mar 18 19:06:32 IST 2026, 90 W
Wed Mar 18 19:06:32 IST 2026, 87 W
Wed Mar 18 19:06:33 IST 2026, 95 W
Wed Mar 18 19:06:33 IST 2026, 91 W
Wed Mar 18 19:06:33 IST 2026, 91 W
Wed Mar 18 19:06:33 IST 2026, 93 W
Wed Mar 18 19:06:34 IST 2026, 93 W
Wed Mar 18 19:06:34 IST 2026, 88 W
Wed Mar 18 19:06:34 IST 2026, 92 W
Wed Mar 18 19:06:34 IST 2026, 94 W
Wed Mar 18 19:06:35 IST 2026, 101 W
Wed Mar 18 19:06:35 IST 2026, 90 W
Wed Mar 18 19:06:35 IST 2026, 89 W
Wed Mar 18 19:06:35 IST 2026, 94 W
Wed Mar 18 19:06:36 IST 2026, 95 W
Wed Mar 18 19:06:36 IST 2026, 90 W
Wed Mar 18 19:06:36 IST 2026, 90 W
Wed Mar 18 19:06:36 IST 2026, 91 W
Wed Mar 18 19:06:37 IST 2026, 99 W
Wed Mar 18 19:06:37 IST 2026, 93 W
Wed Mar 18 19:06:37 IST 2026, 92 W
Wed Mar 18 19:06:37 IST 2026, 92 W
Wed Mar 18 19:06:38 IST 2026, 101 W
Wed Mar 18 19:06:38 IST 2026, 90 W
Wed Mar 18 19:06:38 IST 2026, 94 W
Wed Mar 18 19:06:38 IST 2026, 92 W
Wed Mar 18 19:06:39 IST 2026, 96 W
Wed Mar 18 19:06:39 IST 2026, 93 W
Wed Mar 18 19:06:39 IST 2026, 96 W
Wed Mar 18 19:06:39 IST 2026, 91 W
Wed Mar 18 19:06:40 IST 2026, 101 W
Wed Mar 18 19:06:40 IST 2026, 91 W
Wed Mar 18 19:06:40 IST 2026, 88 W
Wed Mar 18 19:06:40 IST 2026, 87 W
Wed Mar 18 19:06:41 IST 2026, 95 W
Wed Mar 18 19:06:41 IST 2026, 90 W
Wed Mar 18 19:06:41 IST 2026, 90 W
Wed Mar 18 19:06:41 IST 2026, 94 W
Wed Mar 18 19:06:42 IST 2026, 95 W
Wed Mar 18 19:06:42 IST 2026, 92 W
Wed Mar 18 19:06:42 IST 2026, 87 W
Wed Mar 18 19:06:42 IST 2026, 91 W
Wed Mar 18 19:06:43 IST 2026, 102 W
Wed Mar 18 19:06:43 IST 2026, 90 W
Wed Mar 18 19:06:43 IST 2026, 92 W
Wed Mar 18 19:06:43 IST 2026, 88 W
Wed Mar 18 19:06:44 IST 2026, 102 W
Wed Mar 18 19:06:44 IST 2026, 95 W
Wed Mar 18 19:06:44 IST 2026, 97 W
Wed Mar 18 19:06:44 IST 2026, 86 W
Wed Mar 18 19:06:45 IST 2026, 96 W
Wed Mar 18 19:06:45 IST 2026, 91 W
Wed Mar 18 19:06:45 IST 2026, 88 W
Wed Mar 18 19:06:45 IST 2026, 92 W
Wed Mar 18 19:06:46 IST 2026, 103 W
Wed Mar 18 19:06:46 IST 2026, 91 W
Wed Mar 18 19:06:46 IST 2026, 88 W
Wed Mar 18 19:06:46 IST 2026, 87 W
Wed Mar 18 19:06:47 IST 2026, 99 W
Wed Mar 18 19:06:47 IST 2026, 87 W
Wed Mar 18 19:06:47 IST 2026, 96 W
Wed Mar 18 19:06:47 IST 2026, 84 W
Wed Mar 18 19:06:48 IST 2026, 96 W
Wed Mar 18 19:06:48 IST 2026, 96 W
Wed Mar 18 19:06:48 IST 2026, 90 W
Wed Mar 18 19:06:48 IST 2026, 92 W
Wed Mar 18 19:06:49 IST 2026, 96 W
Wed Mar 18 19:06:49 IST 2026, 94 W
Wed Mar 18 19:06:49 IST 2026, 91 W
Wed Mar 18 19:06:49 IST 2026, 92 W
Wed Mar 18 19:06:50 IST 2026, 93 W
Wed Mar 18 19:06:50 IST 2026, 88 W
Wed Mar 18 19:06:50 IST 2026, 89 W
Wed Mar 18 19:06:50 IST 2026, 90 W
Wed Mar 18 19:06:51 IST 2026, 102 W
Wed Mar 18 19:06:51 IST 2026, 95 W
Wed Mar 18 19:06:51 IST 2026, 96 W
Wed Mar 18 19:06:51 IST 2026, 89 W
Wed Mar 18 19:06:52 IST 2026, 100 W
Wed Mar 18 19:06:52 IST 2026, 92 W
Wed Mar 18 19:06:52 IST 2026, 88 W
Wed Mar 18 19:06:52 IST 2026, 90 W
Wed Mar 18 19:06:53 IST 2026, 97 W
Wed Mar 18 19:06:53 IST 2026, 89 W
Wed Mar 18 19:06:53 IST 2026, 91 W
Wed Mar 18 19:06:53 IST 2026, 92 W
Wed Mar 18 19:06:54 IST 2026, 98 W
Wed Mar 18 19:06:54 IST 2026, 94 W
Wed Mar 18 19:06:54 IST 2026, 87 W
Wed Mar 18 19:06:54 IST 2026, 90 W
Wed Mar 18 19:06:55 IST 2026, 98 W
Wed Mar 18 19:06:55 IST 2026, 89 W
Wed Mar 18 19:06:55 IST 2026, 87 W
Wed Mar 18 19:06:55 IST 2026, 90 W
Wed Mar 18 19:06:56 IST 2026, 94 W
Wed Mar 18 19:06:56 IST 2026, 88 W
Wed Mar 18 19:06:56 IST 2026, 88 W
Wed Mar 18 19:06:56 IST 2026, 92 W
Wed Mar 18 19:06:57 IST 2026, 100 W
Wed Mar 18 19:06:57 IST 2026, 90 W
Wed Mar 18 19:06:57 IST 2026, 88 W
Wed Mar 18 19:06:57 IST 2026, 92 W
Wed Mar 18 19:06:58 IST 2026, 94 W
Wed Mar 18 19:06:58 IST 2026, 95 W
Wed Mar 18 19:06:58 IST 2026, 89 W
Wed Mar 18 19:06:58 IST 2026, 93 W
Wed Mar 18 19:06:59 IST 2026, 98 W
Wed Mar 18 19:06:59 IST 2026, 91 W
Wed Mar 18 19:06:59 IST 2026, 89 W
Wed Mar 18 19:06:59 IST 2026, 89 W
Wed Mar 18 19:07:00 IST 2026, 98 W
Wed Mar 18 19:07:00 IST 2026, 89 W
Wed Mar 18 19:07:00 IST 2026, 91 W
Wed Mar 18 19:07:00 IST 2026, 97 W
Wed Mar 18 19:07:01 IST 2026, 96 W
Wed Mar 18 19:07:01 IST 2026, 94 W
Wed Mar 18 19:07:01 IST 2026, 94 W
Wed Mar 18 19:07:01 IST 2026, 93 W
Wed Mar 18 19:07:02 IST 2026, 103 W
Wed Mar 18 19:07:02 IST 2026, 97 W
Wed Mar 18 19:07:02 IST 2026, 93 W
Wed Mar 18 19:07:02 IST 2026, 96 W
Wed Mar 18 19:07:03 IST 2026, 100 W
Wed Mar 18 19:07:03 IST 2026, 87 W
Wed Mar 18 19:07:03 IST 2026, 97 W
Wed Mar 18 19:07:03 IST 2026, 91 W
Wed Mar 18 19:07:04 IST 2026, 96 W
Wed Mar 18 19:07:04 IST 2026, 96 W
Wed Mar 18 19:07:04 IST 2026, 90 W
Wed Mar 18 19:07:04 IST 2026, 88 W
Wed Mar 18 19:07:05 IST 2026, 95 W
Wed Mar 18 19:07:05 IST 2026, 91 W
Wed Mar 18 19:07:05 IST 2026, 97 W
Wed Mar 18 19:07:05 IST 2026, 89 W
Wed Mar 18 19:07:06 IST 2026, 93 W
Wed Mar 18 19:07:06 IST 2026, 88 W
Wed Mar 18 19:07:06 IST 2026, 93 W
Wed Mar 18 19:07:06 IST 2026, 89 W
Wed Mar 18 19:07:07 IST 2026, 99 W
Wed Mar 18 19:07:07 IST 2026, 86 W
Wed Mar 18 19:07:07 IST 2026, 88 W
Wed Mar 18 19:07:07 IST 2026, 89 W
Wed Mar 18 19:07:08 IST 2026, 94 W
Wed Mar 18 19:07:08 IST 2026, 92 W
Wed Mar 18 19:07:08 IST 2026, 89 W
Wed Mar 18 19:07:08 IST 2026, 98 W
Wed Mar 18 19:07:09 IST 2026, 97 W
Wed Mar 18 19:07:09 IST 2026, 93 W
Wed Mar 18 19:07:09 IST 2026, 89 W
Wed Mar 18 19:07:09 IST 2026, 93 W
Wed Mar 18 19:07:10 IST 2026, 98 W
Wed Mar 18 19:07:10 IST 2026, 87 W
Wed Mar 18 19:07:10 IST 2026, 86 W
Wed Mar 18 19:07:10 IST 2026, 89 W
Wed Mar 18 19:07:11 IST 2026, 96 W
Wed Mar 18 19:07:11 IST 2026, 91 W
Wed Mar 18 19:07:11 IST 2026, 90 W
Wed Mar 18 19:07:11 IST 2026, 92 W
Wed Mar 18 19:07:12 IST 2026, 97 W
Wed Mar 18 19:07:12 IST 2026, 94 W
Wed Mar 18 19:07:12 IST 2026, 92 W
Wed Mar 18 19:07:12 IST 2026, 90 W
Wed Mar 18 19:07:13 IST 2026, 94 W
Wed Mar 18 19:07:13 IST 2026, 91 W
Wed Mar 18 19:07:13 IST 2026, 87 W
Wed Mar 18 19:07:13 IST 2026, 93 W
Wed Mar 18 19:07:14 IST 2026, 102 W
Wed Mar 18 19:07:14 IST 2026, 88 W
Wed Mar 18 19:07:14 IST 2026, 93 W
Wed Mar 18 19:07:14 IST 2026, 92 W
Wed Mar 18 19:07:15 IST 2026, 95 W
Wed Mar 18 19:07:15 IST 2026, 93 W
Wed Mar 18 19:07:15 IST 2026, 91 W
Wed Mar 18 19:07:15 IST 2026, 92 W
Wed Mar 18 19:07:16 IST 2026, 101 W
Wed Mar 18 19:07:16 IST 2026, 89 W
Wed Mar 18 19:07:16 IST 2026, 94 W
Wed Mar 18 19:07:16 IST 2026, 96 W
Wed Mar 18 19:07:17 IST 2026, 93 W
Wed Mar 18 19:07:17 IST 2026, 94 W
Wed Mar 18 19:07:17 IST 2026, 88 W
Wed Mar 18 19:07:17 IST 2026, 86 W
Wed Mar 18 19:07:18 IST 2026, 94 W
Wed Mar 18 19:07:18 IST 2026, 90 W
Wed Mar 18 19:07:18 IST 2026, 88 W
Wed Mar 18 19:07:18 IST 2026, 88 W
Wed Mar 18 19:07:19 IST 2026, 94 W
Wed Mar 18 19:07:19 IST 2026, 98 W
Wed Mar 18 19:07:19 IST 2026, 88 W
Wed Mar 18 19:07:19 IST 2026, 92 W
Wed Mar 18 19:07:20 IST 2026, 92 W
Wed Mar 18 19:07:20 IST 2026, 87 W
Wed Mar 18 19:07:20 IST 2026, 88 W
Wed Mar 18 19:07:20 IST 2026, 87 W
Wed Mar 18 19:07:21 IST 2026, 102 W
Wed Mar 18 19:07:21 IST 2026, 87 W
Wed Mar 18 19:07:21 IST 2026, 94 W
Wed Mar 18 19:07:21 IST 2026, 96 W
Wed Mar 18 19:07:22 IST 2026, 92 W
Wed Mar 18 19:07:22 IST 2026, 94 W
Wed Mar 18 19:07:22 IST 2026, 90 W
Wed Mar 18 19:07:22 IST 2026, 89 W
Wed Mar 18 19:07:23 IST 2026, 99 W
Wed Mar 18 19:07:23 IST 2026, 98 W
Wed Mar 18 19:07:23 IST 2026, 86 W
Wed Mar 18 19:07:23 IST 2026, 87 W
Wed Mar 18 19:07:24 IST 2026, 96 W
Wed Mar 18 19:07:24 IST 2026, 97 W
Wed Mar 18 19:07:24 IST 2026, 89 W
Wed Mar 18 19:07:24 IST 2026, 96 W
Wed Mar 18 19:07:25 IST 2026, 94 W
Wed Mar 18 19:07:25 IST 2026, 90 W
Wed Mar 18 19:07:25 IST 2026, 87 W
Wed Mar 18 19:07:25 IST 2026, 86 W
Wed Mar 18 19:07:26 IST 2026, 94 W
Wed Mar 18 19:07:26 IST 2026, 97 W
Wed Mar 18 19:07:26 IST 2026, 95 W
Wed Mar 18 19:07:26 IST 2026, 93 W
Wed Mar 18 19:07:27 IST 2026, 92 W
Wed Mar 18 19:07:27 IST 2026, 95 W
Wed Mar 18 19:07:27 IST 2026, 86 W
Wed Mar 18 19:07:27 IST 2026, 90 W
Wed Mar 18 19:07:28 IST 2026, 93 W
Wed Mar 18 19:07:28 IST 2026, 87 W
Wed Mar 18 19:07:28 IST 2026, 90 W
Wed Mar 18 19:07:28 IST 2026, 92 W
Wed Mar 18 19:07:29 IST 2026, 96 W
Wed Mar 18 19:07:29 IST 2026, 96 W
Wed Mar 18 19:07:29 IST 2026, 88 W
Wed Mar 18 19:07:29 IST 2026, 92 W
Wed Mar 18 19:07:30 IST 2026, 94 W
Wed Mar 18 19:07:30 IST 2026, 90 W
Wed Mar 18 19:07:30 IST 2026, 94 W
Wed Mar 18 19:07:30 IST 2026, 90 W
Wed Mar 18 19:07:31 IST 2026, 96 W
Wed Mar 18 19:07:31 IST 2026, 91 W
Wed Mar 18 19:07:31 IST 2026, 87 W
Wed Mar 18 19:07:31 IST 2026, 97 W
Wed Mar 18 19:07:32 IST 2026, 95 W
Wed Mar 18 19:07:32 IST 2026, 94 W
Wed Mar 18 19:07:32 IST 2026, 96 W
Wed Mar 18 19:07:32 IST 2026, 87 W
Wed Mar 18 19:07:33 IST 2026, 92 W
Wed Mar 18 19:07:33 IST 2026, 88 W
Wed Mar 18 19:07:33 IST 2026, 89 W
Wed Mar 18 19:07:33 IST 2026, 91 W
Wed Mar 18 19:07:34 IST 2026, 103 W
Wed Mar 18 19:07:34 IST 2026, 95 W
Wed Mar 18 19:07:34 IST 2026, 97 W
Wed Mar 18 19:07:34 IST 2026, 95 W
Wed Mar 18 19:07:35 IST 2026, 94 W
Wed Mar 18 19:07:35 IST 2026, 94 W
Wed Mar 18 19:07:35 IST 2026, 88 W
Wed Mar 18 19:07:35 IST 2026, 92 W
Wed Mar 18 19:07:36 IST 2026, 100 W
Wed Mar 18 19:07:36 IST 2026, 96 W
Wed Mar 18 19:07:36 IST 2026, 90 W
Wed Mar 18 19:07:36 IST 2026, 89 W
Wed Mar 18 19:07:37 IST 2026, 101 W
Wed Mar 18 19:07:37 IST 2026, 96 W
Wed Mar 18 19:07:37 IST 2026, 96 W
Wed Mar 18 19:07:37 IST 2026, 92 W
Wed Mar 18 19:07:38 IST 2026, 101 W
Wed Mar 18 19:07:38 IST 2026, 87 W
Wed Mar 18 19:07:38 IST 2026, 86 W
Wed Mar 18 19:07:38 IST 2026, 92 W
Wed Mar 18 19:07:39 IST 2026, 98 W
Wed Mar 18 19:07:39 IST 2026, 92 W
Wed Mar 18 19:07:39 IST 2026, 85 W
Wed Mar 18 19:07:39 IST 2026, 97 W
Wed Mar 18 19:07:40 IST 2026, 96 W
Wed Mar 18 19:07:40 IST 2026, 87 W
Wed Mar 18 19:07:40 IST 2026, 87 W
Wed Mar 18 19:07:40 IST 2026, 91 W
Wed Mar 18 19:07:41 IST 2026, 96 W
Wed Mar 18 19:07:41 IST 2026, 87 W
Wed Mar 18 19:07:41 IST 2026, 93 W
Wed Mar 18 19:07:41 IST 2026, 89 W
Wed Mar 18 19:07:42 IST 2026, 97 W
Wed Mar 18 19:07:42 IST 2026, 92 W
Wed Mar 18 19:07:42 IST 2026, 90 W
Wed Mar 18 19:07:42 IST 2026, 90 W
Wed Mar 18 19:07:43 IST 2026, 96 W
Wed Mar 18 19:07:43 IST 2026, 93 W
Wed Mar 18 19:07:43 IST 2026, 87 W
Wed Mar 18 19:07:43 IST 2026, 92 W
Wed Mar 18 19:07:44 IST 2026, 101 W
Wed Mar 18 19:07:44 IST 2026, 92 W
Wed Mar 18 19:07:44 IST 2026, 93 W
Wed Mar 18 19:07:44 IST 2026, 90 W
Wed Mar 18 19:07:45 IST 2026, 101 W
Wed Mar 18 19:07:45 IST 2026, 86 W
Wed Mar 18 19:07:45 IST 2026, 90 W
Wed Mar 18 19:07:45 IST 2026, 91 W
Wed Mar 18 19:07:46 IST 2026, 99 W
Wed Mar 18 19:07:46 IST 2026, 95 W
Wed Mar 18 19:07:46 IST 2026, 96 W
Wed Mar 18 19:07:46 IST 2026, 97 W
Wed Mar 18 19:07:47 IST 2026, 99 W
Wed Mar 18 19:07:47 IST 2026, 90 W
Wed Mar 18 19:07:47 IST 2026, 93 W
Wed Mar 18 19:07:47 IST 2026, 95 W
Wed Mar 18 19:07:48 IST 2026, 96 W
Wed Mar 18 19:07:48 IST 2026, 88 W
Wed Mar 18 19:07:48 IST 2026, 91 W
Wed Mar 18 19:07:48 IST 2026, 94 W
Wed Mar 18 19:07:49 IST 2026, 93 W
Wed Mar 18 19:07:49 IST 2026, 90 W
Wed Mar 18 19:07:49 IST 2026, 94 W
Wed Mar 18 19:07:49 IST 2026, 90 W
Wed Mar 18 19:07:50 IST 2026, 97 W
Wed Mar 18 19:07:50 IST 2026, 94 W
Wed Mar 18 19:07:50 IST 2026, 88 W
Wed Mar 18 19:07:50 IST 2026, 92 W
Wed Mar 18 19:07:51 IST 2026, 102 W
Wed Mar 18 19:07:51 IST 2026, 92 W
Wed Mar 18 19:07:51 IST 2026, 89 W
Wed Mar 18 19:07:51 IST 2026, 89 W
Wed Mar 18 19:07:52 IST 2026, 99 W
Wed Mar 18 19:07:52 IST 2026, 89 W
Wed Mar 18 19:07:52 IST 2026, 90 W
Wed Mar 18 19:07:52 IST 2026, 93 W
Wed Mar 18 19:07:53 IST 2026, 93 W
Wed Mar 18 19:07:53 IST 2026, 88 W
Wed Mar 18 19:07:53 IST 2026, 87 W
Wed Mar 18 19:07:53 IST 2026, 85 W
Wed Mar 18 19:07:54 IST 2026, 95 W
Wed Mar 18 19:07:54 IST 2026, 92 W
Wed Mar 18 19:07:54 IST 2026, 90 W
Wed Mar 18 19:07:54 IST 2026, 88 W
Wed Mar 18 19:07:55 IST 2026, 97 W
Wed Mar 18 19:07:55 IST 2026, 96 W
Wed Mar 18 19:07:55 IST 2026, 89 W
Wed Mar 18 19:07:55 IST 2026, 91 W
Wed Mar 18 19:07:56 IST 2026, 94 W
Wed Mar 18 19:07:56 IST 2026, 95 W
Wed Mar 18 19:07:56 IST 2026, 86 W
Wed Mar 18 19:07:56 IST 2026, 91 W
Wed Mar 18 19:07:57 IST 2026, 103 W
Wed Mar 18 19:07:57 IST 2026, 89 W
Wed Mar 18 19:07:57 IST 2026, 90 W
Wed Mar 18 19:07:57 IST 2026, 89 W
Wed Mar 18 19:07:58 IST 2026, 94 W
Wed Mar 18 19:07:58 IST 2026, 93 W
Wed Mar 18 19:07:58 IST 2026, 84 W
Wed Mar 18 19:07:58 IST 2026, 97 W
Wed Mar 18 19:07:59 IST 2026, 93 W
Wed Mar 18 19:07:59 IST 2026, 96 W
Wed Mar 18 19:07:59 IST 2026, 90 W
Wed Mar 18 19:07:59 IST 2026, 88 W
Wed Mar 18 19:08:00 IST 2026, 98 W
Wed Mar 18 19:08:00 IST 2026, 89 W
Wed Mar 18 19:08:00 IST 2026, 86 W
Wed Mar 18 19:08:00 IST 2026, 99 W
Wed Mar 18 19:08:01 IST 2026, 94 W
Wed Mar 18 19:08:01 IST 2026, 87 W
Wed Mar 18 19:08:01 IST 2026, 88 W
Wed Mar 18 19:08:01 IST 2026, 86 W
Wed Mar 18 19:08:02 IST 2026, 98 W
Wed Mar 18 19:08:02 IST 2026, 91 W
Wed Mar 18 19:08:02 IST 2026, 90 W
Wed Mar 18 19:08:02 IST 2026, 90 W
Wed Mar 18 19:08:03 IST 2026, 92 W
Wed Mar 18 19:08:03 IST 2026, 86 W
Wed Mar 18 19:08:03 IST 2026, 88 W
Wed Mar 18 19:08:03 IST 2026, 92 W
Wed Mar 18 19:08:04 IST 2026, 99 W
Wed Mar 18 19:08:04 IST 2026, 87 W
Wed Mar 18 19:08:04 IST 2026, 90 W
Wed Mar 18 19:08:04 IST 2026, 95 W
Wed Mar 18 19:08:05 IST 2026, 96 W
Wed Mar 18 19:08:05 IST 2026, 97 W
Wed Mar 18 19:08:05 IST 2026, 87 W
Wed Mar 18 19:08:05 IST 2026, 88 W
Wed Mar 18 19:08:06 IST 2026, 97 W
Wed Mar 18 19:08:06 IST 2026, 88 W
Wed Mar 18 19:08:06 IST 2026, 91 W
Wed Mar 18 19:08:06 IST 2026, 91 W
Wed Mar 18 19:08:07 IST 2026, 97 W
Wed Mar 18 19:08:07 IST 2026, 90 W
Wed Mar 18 19:08:07 IST 2026, 86 W
Wed Mar 18 19:08:07 IST 2026, 95 W
Wed Mar 18 19:08:08 IST 2026, 94 W
Wed Mar 18 19:08:08 IST 2026, 93 W
Wed Mar 18 19:08:08 IST 2026, 88 W
Wed Mar 18 19:08:08 IST 2026, 86 W
Wed Mar 18 19:08:09 IST 2026, 99 W
Wed Mar 18 19:08:09 IST 2026, 91 W
Wed Mar 18 19:08:09 IST 2026, 90 W
Wed Mar 18 19:08:09 IST 2026, 92 W
Wed Mar 18 19:08:10 IST 2026, 92 W
Wed Mar 18 19:08:10 IST 2026, 89 W
Wed Mar 18 19:08:10 IST 2026, 92 W
Wed Mar 18 19:08:10 IST 2026, 90 W
Wed Mar 18 19:08:11 IST 2026, 99 W
Wed Mar 18 19:08:11 IST 2026, 90 W
Wed Mar 18 19:08:11 IST 2026, 93 W
Wed Mar 18 19:08:11 IST 2026, 97 W
Wed Mar 18 19:08:12 IST 2026, 98 W
Wed Mar 18 19:08:12 IST 2026, 88 W
Wed Mar 18 19:08:12 IST 2026, 89 W
Wed Mar 18 19:08:12 IST 2026, 85 W
Wed Mar 18 19:08:13 IST 2026, 98 W
Wed Mar 18 19:08:13 IST 2026, 94 W
Wed Mar 18 19:08:13 IST 2026, 89 W
Wed Mar 18 19:08:13 IST 2026, 90 W
Wed Mar 18 19:08:14 IST 2026, 96 W
Wed Mar 18 19:08:14 IST 2026, 93 W
Wed Mar 18 19:08:14 IST 2026, 89 W
Wed Mar 18 19:08:14 IST 2026, 93 W
Wed Mar 18 19:08:15 IST 2026, 96 W
Wed Mar 18 19:08:15 IST 2026, 90 W
Wed Mar 18 19:08:15 IST 2026, 87 W
Wed Mar 18 19:08:15 IST 2026, 94 W
Wed Mar 18 19:08:16 IST 2026, 100 W
Wed Mar 18 19:08:16 IST 2026, 92 W
Wed Mar 18 19:08:16 IST 2026, 92 W
Wed Mar 18 19:08:16 IST 2026, 95 W
Wed Mar 18 19:08:17 IST 2026, 96 W
Wed Mar 18 19:08:17 IST 2026, 86 W
Wed Mar 18 19:08:17 IST 2026, 92 W
Wed Mar 18 19:08:17 IST 2026, 91 W
Wed Mar 18 19:08:18 IST 2026, 95 W
Wed Mar 18 19:08:18 IST 2026, 94 W
Wed Mar 18 19:08:18 IST 2026, 89 W
Wed Mar 18 19:08:18 IST 2026, 87 W
Wed Mar 18 19:08:19 IST 2026, 99 W
Wed Mar 18 19:08:19 IST 2026, 88 W
Wed Mar 18 19:08:19 IST 2026, 91 W
Wed Mar 18 19:08:19 IST 2026, 96 W
Wed Mar 18 19:08:20 IST 2026, 92 W
Wed Mar 18 19:08:20 IST 2026, 91 W
Wed Mar 18 19:08:20 IST 2026, 91 W
Wed Mar 18 19:08:20 IST 2026, 91 W
Wed Mar 18 19:08:21 IST 2026, 95 W
Wed Mar 18 19:08:21 IST 2026, 93 W
Wed Mar 18 19:08:21 IST 2026, 85 W
Wed Mar 18 19:08:21 IST 2026, 89 W
Wed Mar 18 19:08:22 IST 2026, 100 W
Wed Mar 18 19:08:22 IST 2026, 88 W
Wed Mar 18 19:08:22 IST 2026, 90 W
Wed Mar 18 19:08:22 IST 2026, 87 W
Wed Mar 18 19:08:23 IST 2026, 95 W
Wed Mar 18 19:08:23 IST 2026, 92 W
Wed Mar 18 19:08:23 IST 2026, 91 W
Wed Mar 18 19:08:23 IST 2026, 99 W
Wed Mar 18 19:08:24 IST 2026, 97 W
Wed Mar 18 19:08:24 IST 2026, 90 W
Wed Mar 18 19:08:24 IST 2026, 89 W
Wed Mar 18 19:08:24 IST 2026, 92 W
Wed Mar 18 19:08:25 IST 2026, 101 W
Wed Mar 18 19:08:25 IST 2026, 94 W
Wed Mar 18 19:08:25 IST 2026, 91 W
Wed Mar 18 19:08:25 IST 2026, 86 W
Wed Mar 18 19:08:26 IST 2026, 94 W
Wed Mar 18 19:08:26 IST 2026, 90 W
Wed Mar 18 19:08:26 IST 2026, 95 W
Wed Mar 18 19:08:26 IST 2026, 89 W
Wed Mar 18 19:08:27 IST 2026, 101 W
Wed Mar 18 19:08:27 IST 2026, 96 W
Wed Mar 18 19:08:27 IST 2026, 87 W
Wed Mar 18 19:08:27 IST 2026, 90 W
Wed Mar 18 19:08:28 IST 2026, 102 W
Wed Mar 18 19:08:28 IST 2026, 89 W
Wed Mar 18 19:08:28 IST 2026, 91 W
Wed Mar 18 19:08:28 IST 2026, 88 W
Wed Mar 18 19:08:29 IST 2026, 99 W
Wed Mar 18 19:08:29 IST 2026, 89 W
Wed Mar 18 19:08:29 IST 2026, 89 W
Wed Mar 18 19:08:29 IST 2026, 94 W
Wed Mar 18 19:08:30 IST 2026, 101 W
Wed Mar 18 19:08:30 IST 2026, 90 W
Wed Mar 18 19:08:30 IST 2026, 88 W
Wed Mar 18 19:08:30 IST 2026, 89 W
Wed Mar 18 19:08:31 IST 2026, 95 W
Wed Mar 18 19:08:31 IST 2026, 93 W
Wed Mar 18 19:08:31 IST 2026, 87 W
Wed Mar 18 19:08:31 IST 2026, 93 W
Wed Mar 18 19:08:32 IST 2026, 99 W
Wed Mar 18 19:08:32 IST 2026, 91 W
Wed Mar 18 19:08:32 IST 2026, 90 W
Wed Mar 18 19:08:32 IST 2026, 88 W
Wed Mar 18 19:08:33 IST 2026, 93 W
Wed Mar 18 19:08:33 IST 2026, 93 W
Wed Mar 18 19:08:33 IST 2026, 87 W
Wed Mar 18 19:08:33 IST 2026, 89 W
Wed Mar 18 19:08:34 IST 2026, 94 W
Wed Mar 18 19:08:34 IST 2026, 92 W
Wed Mar 18 19:08:34 IST 2026, 92 W
Wed Mar 18 19:08:34 IST 2026, 93 W
Wed Mar 18 19:08:35 IST 2026, 97 W
Wed Mar 18 19:08:35 IST 2026, 93 W
Wed Mar 18 19:08:35 IST 2026, 88 W
Wed Mar 18 19:08:35 IST 2026, 88 W
Wed Mar 18 19:08:36 IST 2026, 99 W
Wed Mar 18 19:08:36 IST 2026, 90 W
Wed Mar 18 19:08:36 IST 2026, 94 W
Wed Mar 18 19:08:36 IST 2026, 87 W
Wed Mar 18 19:08:37 IST 2026, 99 W
Wed Mar 18 19:08:37 IST 2026, 93 W
Wed Mar 18 19:08:37 IST 2026, 92 W
Wed Mar 18 19:08:37 IST 2026, 89 W
Wed Mar 18 19:08:38 IST 2026, 96 W
Wed Mar 18 19:08:38 IST 2026, 93 W
Wed Mar 18 19:08:38 IST 2026, 94 W
Wed Mar 18 19:08:38 IST 2026, 97 W
Wed Mar 18 19:08:39 IST 2026, 94 W
Wed Mar 18 19:08:39 IST 2026, 96 W
Wed Mar 18 19:08:39 IST 2026, 93 W
Wed Mar 18 19:08:39 IST 2026, 94 W
Wed Mar 18 19:08:40 IST 2026, 97 W
Wed Mar 18 19:08:40 IST 2026, 88 W
Wed Mar 18 19:08:40 IST 2026, 91 W
Wed Mar 18 19:08:40 IST 2026, 87 W
Wed Mar 18 19:08:41 IST 2026, 97 W
Wed Mar 18 19:08:41 IST 2026, 95 W
Wed Mar 18 19:08:41 IST 2026, 90 W
Wed Mar 18 19:08:41 IST 2026, 96 W
Wed Mar 18 19:08:42 IST 2026, 102 W
Wed Mar 18 19:08:42 IST 2026, 89 W
Wed Mar 18 19:08:42 IST 2026, 92 W
Wed Mar 18 19:08:42 IST 2026, 88 W
Wed Mar 18 19:08:43 IST 2026, 99 W
Wed Mar 18 19:08:43 IST 2026, 97 W
Wed Mar 18 19:08:43 IST 2026, 88 W
Wed Mar 18 19:08:43 IST 2026, 85 W
Wed Mar 18 19:08:44 IST 2026, 96 W
Wed Mar 18 19:08:44 IST 2026, 95 W
Wed Mar 18 19:08:44 IST 2026, 91 W
Wed Mar 18 19:08:44 IST 2026, 90 W
Wed Mar 18 19:08:45 IST 2026, 98 W
Wed Mar 18 19:08:45 IST 2026, 91 W
Wed Mar 18 19:08:45 IST 2026, 89 W
Wed Mar 18 19:08:45 IST 2026, 96 W
Wed Mar 18 19:08:46 IST 2026, 90 W
Wed Mar 18 19:08:46 IST 2026, 94 W
Wed Mar 18 19:08:46 IST 2026, 94 W
Wed Mar 18 19:08:46 IST 2026, 85 W
Wed Mar 18 19:08:47 IST 2026, 95 W
Wed Mar 18 19:08:47 IST 2026, 89 W
Wed Mar 18 19:08:47 IST 2026, 91 W
Wed Mar 18 19:08:47 IST 2026, 89 W
Wed Mar 18 19:08:48 IST 2026, 95 W
Wed Mar 18 19:08:48 IST 2026, 97 W
Wed Mar 18 19:08:48 IST 2026, 93 W
Wed Mar 18 19:08:48 IST 2026, 95 W
Wed Mar 18 19:08:49 IST 2026, 97 W
Wed Mar 18 19:08:49 IST 2026, 92 W
Wed Mar 18 19:08:49 IST 2026, 92 W
Wed Mar 18 19:08:49 IST 2026, 91 W
Wed Mar 18 19:08:50 IST 2026, 100 W
Wed Mar 18 19:08:50 IST 2026, 92 W
Wed Mar 18 19:08:50 IST 2026, 87 W
Wed Mar 18 19:08:50 IST 2026, 96 W
Wed Mar 18 19:08:51 IST 2026, 97 W
Wed Mar 18 19:08:51 IST 2026, 91 W
Wed Mar 18 19:08:51 IST 2026, 86 W
Wed Mar 18 19:08:51 IST 2026, 97 W
Wed Mar 18 19:08:52 IST 2026, 96 W
Wed Mar 18 19:08:52 IST 2026, 91 W
Wed Mar 18 19:08:52 IST 2026, 94 W
Wed Mar 18 19:08:52 IST 2026, 92 W
Wed Mar 18 19:08:53 IST 2026, 98 W
Wed Mar 18 19:08:53 IST 2026, 95 W
Wed Mar 18 19:08:53 IST 2026, 88 W
Wed Mar 18 19:08:53 IST 2026, 92 W
Wed Mar 18 19:08:54 IST 2026, 96 W
Wed Mar 18 19:08:54 IST 2026, 91 W
Wed Mar 18 19:08:54 IST 2026, 87 W
Wed Mar 18 19:08:54 IST 2026, 94 W
Wed Mar 18 19:08:55 IST 2026, 98 W
Wed Mar 18 19:08:55 IST 2026, 90 W
Wed Mar 18 19:08:55 IST 2026, 93 W
Wed Mar 18 19:08:55 IST 2026, 88 W
Wed Mar 18 19:08:56 IST 2026, 95 W
Wed Mar 18 19:08:56 IST 2026, 92 W
Wed Mar 18 19:08:56 IST 2026, 95 W
Wed Mar 18 19:08:56 IST 2026, 92 W
Wed Mar 18 19:08:57 IST 2026, 99 W
Wed Mar 18 19:08:57 IST 2026, 93 W
Wed Mar 18 19:08:57 IST 2026, 91 W
Wed Mar 18 19:08:57 IST 2026, 96 W
Wed Mar 18 19:08:58 IST 2026, 102 W
Wed Mar 18 19:08:58 IST 2026, 96 W
Wed Mar 18 19:08:58 IST 2026, 90 W
Wed Mar 18 19:08:58 IST 2026, 86 W
Wed Mar 18 19:08:59 IST 2026, 93 W
Wed Mar 18 19:08:59 IST 2026, 92 W
Wed Mar 18 19:08:59 IST 2026, 93 W
Wed Mar 18 19:08:59 IST 2026, 97 W
Wed Mar 18 19:09:00 IST 2026, 91 W
Wed Mar 18 19:09:00 IST 2026, 88 W
Wed Mar 18 19:09:00 IST 2026, 88 W
Wed Mar 18 19:09:00 IST 2026, 89 W
Wed Mar 18 19:09:01 IST 2026, 99 W
Wed Mar 18 19:09:01 IST 2026, 93 W
Wed Mar 18 19:09:01 IST 2026, 90 W
Wed Mar 18 19:09:01 IST 2026, 87 W
Wed Mar 18 19:09:02 IST 2026, 99 W
Wed Mar 18 19:09:02 IST 2026, 89 W
Wed Mar 18 19:09:02 IST 2026, 92 W
Wed Mar 18 19:09:02 IST 2026, 93 W
Wed Mar 18 19:09:03 IST 2026, 98 W
Wed Mar 18 19:09:03 IST 2026, 93 W
Wed Mar 18 19:09:03 IST 2026, 91 W
Wed Mar 18 19:09:03 IST 2026, 91 W
Wed Mar 18 19:09:04 IST 2026, 93 W
Wed Mar 18 19:09:04 IST 2026, 90 W
Wed Mar 18 19:09:04 IST 2026, 91 W
Wed Mar 18 19:09:04 IST 2026, 98 W
Wed Mar 18 19:09:05 IST 2026, 92 W
Wed Mar 18 19:09:05 IST 2026, 93 W
Wed Mar 18 19:09:05 IST 2026, 91 W
Wed Mar 18 19:09:05 IST 2026, 98 W
Wed Mar 18 19:09:06 IST 2026, 98 W
Wed Mar 18 19:09:06 IST 2026, 94 W
Wed Mar 18 19:09:06 IST 2026, 90 W
Wed Mar 18 19:09:06 IST 2026, 88 W
Wed Mar 18 19:09:07 IST 2026, 97 W
Wed Mar 18 19:09:07 IST 2026, 94 W
Wed Mar 18 19:09:07 IST 2026, 94 W
Wed Mar 18 19:09:07 IST 2026, 99 W
Wed Mar 18 19:09:08 IST 2026, 101 W
Wed Mar 18 19:09:08 IST 2026, 91 W
Wed Mar 18 19:09:08 IST 2026, 90 W
Wed Mar 18 19:09:08 IST 2026, 94 W
Wed Mar 18 19:09:09 IST 2026, 99 W
Wed Mar 18 19:09:09 IST 2026, 94 W
Wed Mar 18 19:09:09 IST 2026, 88 W
Wed Mar 18 19:09:09 IST 2026, 89 W
Wed Mar 18 19:09:10 IST 2026, 102 W
Wed Mar 18 19:09:10 IST 2026, 96 W
Wed Mar 18 19:09:10 IST 2026, 89 W
Wed Mar 18 19:09:10 IST 2026, 85 W
Wed Mar 18 19:09:11 IST 2026, 94 W
Wed Mar 18 19:09:11 IST 2026, 96 W
Wed Mar 18 19:09:11 IST 2026, 87 W
Wed Mar 18 19:09:11 IST 2026, 91 W
Wed Mar 18 19:09:12 IST 2026, 94 W
Wed Mar 18 19:09:12 IST 2026, 89 W
Wed Mar 18 19:09:12 IST 2026, 87 W
Wed Mar 18 19:09:12 IST 2026, 87 W
Wed Mar 18 19:09:13 IST 2026, 97 W
Wed Mar 18 19:09:13 IST 2026, 89 W
Wed Mar 18 19:09:13 IST 2026, 92 W
Wed Mar 18 19:09:13 IST 2026, 86 W
Wed Mar 18 19:09:14 IST 2026, 98 W
Wed Mar 18 19:09:14 IST 2026, 90 W
Wed Mar 18 19:09:14 IST 2026, 89 W
Wed Mar 18 19:09:14 IST 2026, 93 W
Wed Mar 18 19:09:15 IST 2026, 104 W
Wed Mar 18 19:09:15 IST 2026, 96 W
Wed Mar 18 19:09:15 IST 2026, 94 W
Wed Mar 18 19:09:15 IST 2026, 89 W
Wed Mar 18 19:09:16 IST 2026, 97 W
Wed Mar 18 19:09:16 IST 2026, 88 W
Wed Mar 18 19:09:16 IST 2026, 92 W
Wed Mar 18 19:09:16 IST 2026, 87 W
Wed Mar 18 19:09:17 IST 2026, 99 W
Wed Mar 18 19:09:17 IST 2026, 88 W
Wed Mar 18 19:09:17 IST 2026, 88 W
Wed Mar 18 19:09:17 IST 2026, 88 W
Wed Mar 18 19:09:18 IST 2026, 100 W
Wed Mar 18 19:09:18 IST 2026, 96 W
Wed Mar 18 19:09:18 IST 2026, 94 W
Wed Mar 18 19:09:18 IST 2026, 93 W
Wed Mar 18 19:09:19 IST 2026, 99 W
Wed Mar 18 19:09:19 IST 2026, 93 W
Wed Mar 18 19:09:19 IST 2026, 94 W
Wed Mar 18 19:09:19 IST 2026, 94 W
Wed Mar 18 19:09:20 IST 2026, 98 W
Wed Mar 18 19:09:20 IST 2026, 90 W
Wed Mar 18 19:09:20 IST 2026, 88 W
Wed Mar 18 19:09:20 IST 2026, 96 W
Wed Mar 18 19:09:21 IST 2026, 96 W
Wed Mar 18 19:09:21 IST 2026, 91 W
Wed Mar 18 19:09:21 IST 2026, 88 W
Wed Mar 18 19:09:21 IST 2026, 92 W
Wed Mar 18 19:09:22 IST 2026, 101 W
Wed Mar 18 19:09:22 IST 2026, 94 W
Wed Mar 18 19:09:22 IST 2026, 95 W
Wed Mar 18 19:09:22 IST 2026, 88 W
Wed Mar 18 19:09:23 IST 2026, 101 W
Wed Mar 18 19:09:23 IST 2026, 89 W
Wed Mar 18 19:09:23 IST 2026, 88 W
Wed Mar 18 19:09:23 IST 2026, 86 W
Wed Mar 18 19:09:24 IST 2026, 97 W
Wed Mar 18 19:09:24 IST 2026, 89 W
Wed Mar 18 19:09:24 IST 2026, 94 W
Wed Mar 18 19:09:24 IST 2026, 91 W
Wed Mar 18 19:09:25 IST 2026, 101 W
Wed Mar 18 19:09:25 IST 2026, 95 W
Wed Mar 18 19:09:25 IST 2026, 89 W
Wed Mar 18 19:09:25 IST 2026, 88 W
Wed Mar 18 19:09:26 IST 2026, 96 W
Wed Mar 18 19:09:26 IST 2026, 89 W
Wed Mar 18 19:09:26 IST 2026, 87 W
Wed Mar 18 19:09:26 IST 2026, 90 W
Wed Mar 18 19:09:27 IST 2026, 100 W
Wed Mar 18 19:09:27 IST 2026, 87 W
Wed Mar 18 19:09:27 IST 2026, 88 W
Wed Mar 18 19:09:27 IST 2026, 94 W
Wed Mar 18 19:09:28 IST 2026, 96 W
Wed Mar 18 19:09:28 IST 2026, 97 W
Wed Mar 18 19:09:28 IST 2026, 96 W
Wed Mar 18 19:09:28 IST 2026, 92 W
Wed Mar 18 19:09:29 IST 2026, 98 W
Wed Mar 18 19:09:29 IST 2026, 89 W
Wed Mar 18 19:09:29 IST 2026, 90 W
Wed Mar 18 19:09:29 IST 2026, 89 W
Wed Mar 18 19:09:30 IST 2026, 96 W
Wed Mar 18 19:09:30 IST 2026, 90 W
Wed Mar 18 19:09:30 IST 2026, 93 W
Wed Mar 18 19:09:30 IST 2026, 96 W
Wed Mar 18 19:09:31 IST 2026, 99 W
Wed Mar 18 19:09:31 IST 2026, 96 W
Wed Mar 18 19:09:31 IST 2026, 90 W
Wed Mar 18 19:09:31 IST 2026, 93 W
Wed Mar 18 19:09:32 IST 2026, 94 W
Wed Mar 18 19:09:32 IST 2026, 92 W
Wed Mar 18 19:09:32 IST 2026, 89 W
Wed Mar 18 19:09:32 IST 2026, 89 W
Wed Mar 18 19:09:33 IST 2026, 101 W
Wed Mar 18 19:09:33 IST 2026, 90 W
Wed Mar 18 19:09:33 IST 2026, 90 W
Wed Mar 18 19:09:33 IST 2026, 90 W
Wed Mar 18 19:09:34 IST 2026, 93 W
Wed Mar 18 19:09:34 IST 2026, 92 W
Wed Mar 18 19:09:34 IST 2026, 87 W
Wed Mar 18 19:09:34 IST 2026, 93 W
Wed Mar 18 19:09:35 IST 2026, 97 W
Wed Mar 18 19:09:35 IST 2026, 89 W
Wed Mar 18 19:09:35 IST 2026, 90 W
Wed Mar 18 19:09:35 IST 2026, 96 W
Wed Mar 18 19:09:36 IST 2026, 95 W
Wed Mar 18 19:09:36 IST 2026, 95 W
Wed Mar 18 19:09:36 IST 2026, 91 W
Wed Mar 18 19:09:36 IST 2026, 89 W
Wed Mar 18 19:09:37 IST 2026, 103 W
Wed Mar 18 19:09:37 IST 2026, 96 W
Wed Mar 18 19:09:37 IST 2026, 92 W
Wed Mar 18 19:09:37 IST 2026, 92 W
Wed Mar 18 19:09:38 IST 2026, 96 W
Wed Mar 18 19:09:38 IST 2026, 94 W
Wed Mar 18 19:09:38 IST 2026, 87 W
Wed Mar 18 19:09:38 IST 2026, 91 W
Wed Mar 18 19:09:39 IST 2026, 99 W
Wed Mar 18 19:09:39 IST 2026, 92 W
Wed Mar 18 19:09:39 IST 2026, 90 W
Wed Mar 18 19:09:39 IST 2026, 90 W
Wed Mar 18 19:09:41 IST 2026, 93 W
Wed Mar 18 19:09:41 IST 2026, 88 W
Wed Mar 18 19:09:41 IST 2026, 92 W
Wed Mar 18 19:09:41 IST 2026, 92 W
Wed Mar 18 19:09:41 IST 2026, 100 W
Wed Mar 18 19:09:41 IST 2026, 92 W
Wed Mar 18 19:09:41 IST 2026, 84 W
Wed Mar 18 19:09:41 IST 2026, 94 W
Wed Mar 18 19:09:42 IST 2026, 102 W
Wed Mar 18 19:09:42 IST 2026, 92 W
Wed Mar 18 19:09:42 IST 2026, 88 W
Wed Mar 18 19:09:42 IST 2026, 85 W
Wed Mar 18 19:09:43 IST 2026, 96 W
Wed Mar 18 19:09:43 IST 2026, 94 W
Wed Mar 18 19:09:43 IST 2026, 90 W
Wed Mar 18 19:09:43 IST 2026, 91 W
Wed Mar 18 19:09:44 IST 2026, 98 W
Wed Mar 18 19:09:44 IST 2026, 94 W
Wed Mar 18 19:09:44 IST 2026, 89 W
Wed Mar 18 19:09:44 IST 2026, 91 W
Wed Mar 18 19:09:45 IST 2026, 94 W
Wed Mar 18 19:09:45 IST 2026, 91 W
Wed Mar 18 19:09:45 IST 2026, 90 W
Wed Mar 18 19:09:45 IST 2026, 90 W
Wed Mar 18 19:09:46 IST 2026, 97 W
Wed Mar 18 19:09:46 IST 2026, 89 W
Wed Mar 18 19:09:46 IST 2026, 91 W
Wed Mar 18 19:09:46 IST 2026, 88 W
Wed Mar 18 19:09:47 IST 2026, 101 W
Wed Mar 18 19:09:47 IST 2026, 89 W
Wed Mar 18 19:09:47 IST 2026, 90 W
Wed Mar 18 19:09:47 IST 2026, 92 W
Wed Mar 18 19:09:48 IST 2026, 99 W
Wed Mar 18 19:09:48 IST 2026, 90 W
Wed Mar 18 19:09:48 IST 2026, 90 W
Wed Mar 18 19:09:48 IST 2026, 92 W
Wed Mar 18 19:09:49 IST 2026, 96 W
Wed Mar 18 19:09:49 IST 2026, 93 W
Wed Mar 18 19:09:49 IST 2026, 93 W
Wed Mar 18 19:09:49 IST 2026, 87 W
Wed Mar 18 19:09:50 IST 2026, 95 W
Wed Mar 18 19:09:50 IST 2026, 95 W
Wed Mar 18 19:09:50 IST 2026, 91 W
Wed Mar 18 19:09:50 IST 2026, 94 W
Wed Mar 18 19:09:51 IST 2026, 94 W
Wed Mar 18 19:09:51 IST 2026, 90 W
Wed Mar 18 19:09:51 IST 2026, 90 W
Wed Mar 18 19:09:51 IST 2026, 98 W
Wed Mar 18 19:09:52 IST 2026, 97 W
Wed Mar 18 19:09:52 IST 2026, 96 W
Wed Mar 18 19:09:52 IST 2026, 89 W
Wed Mar 18 19:09:52 IST 2026, 88 W
Wed Mar 18 19:09:53 IST 2026, 93 W
Wed Mar 18 19:09:53 IST 2026, 90 W
Wed Mar 18 19:09:53 IST 2026, 97 W
Wed Mar 18 19:09:53 IST 2026, 94 W
Wed Mar 18 19:09:54 IST 2026, 92 W
Wed Mar 18 19:09:54 IST 2026, 94 W
Wed Mar 18 19:09:54 IST 2026, 86 W
Wed Mar 18 19:09:54 IST 2026, 89 W
Wed Mar 18 19:09:55 IST 2026, 95 W
Wed Mar 18 19:09:55 IST 2026, 90 W
Wed Mar 18 19:09:55 IST 2026, 86 W
Wed Mar 18 19:09:55 IST 2026, 93 W
Wed Mar 18 19:09:56 IST 2026, 94 W
Wed Mar 18 19:09:56 IST 2026, 92 W
Wed Mar 18 19:09:56 IST 2026, 85 W
Wed Mar 18 19:09:56 IST 2026, 87 W
Wed Mar 18 19:09:57 IST 2026, 97 W
Wed Mar 18 19:09:57 IST 2026, 89 W
Wed Mar 18 19:09:57 IST 2026, 92 W
Wed Mar 18 19:09:57 IST 2026, 91 W
Wed Mar 18 19:09:58 IST 2026, 95 W
Wed Mar 18 19:09:58 IST 2026, 93 W
Wed Mar 18 19:09:58 IST 2026, 90 W
Wed Mar 18 19:09:58 IST 2026, 93 W
Wed Mar 18 19:09:59 IST 2026, 98 W
Wed Mar 18 19:09:59 IST 2026, 90 W
Wed Mar 18 19:09:59 IST 2026, 91 W
Wed Mar 18 19:09:59 IST 2026, 94 W
Wed Mar 18 19:10:00 IST 2026, 99 W
Wed Mar 18 19:10:00 IST 2026, 91 W
Wed Mar 18 19:10:00 IST 2026, 90 W
Wed Mar 18 19:10:00 IST 2026, 90 W
Wed Mar 18 19:10:02 IST 2026, 99 W
Wed Mar 18 19:10:02 IST 2026, 90 W
Wed Mar 18 19:10:02 IST 2026, 96 W
Wed Mar 18 19:10:02 IST 2026, 89 W
Wed Mar 18 19:10:03 IST 2026, 99 W
Wed Mar 18 19:10:03 IST 2026, 95 W
Wed Mar 18 19:10:03 IST 2026, 93 W
Wed Mar 18 19:10:03 IST 2026, 94 W
Wed Mar 18 19:10:03 IST 2026, 96 W
Wed Mar 18 19:10:03 IST 2026, 90 W
Wed Mar 18 19:10:03 IST 2026, 93 W
Wed Mar 18 19:10:03 IST 2026, 87 W
Wed Mar 18 19:10:04 IST 2026, 101 W
Wed Mar 18 19:10:04 IST 2026, 91 W
Wed Mar 18 19:10:04 IST 2026, 94 W
Wed Mar 18 19:10:04 IST 2026, 90 W
Wed Mar 18 19:10:05 IST 2026, 99 W
Wed Mar 18 19:10:05 IST 2026, 90 W
Wed Mar 18 19:10:05 IST 2026, 88 W
Wed Mar 18 19:10:05 IST 2026, 96 W
Wed Mar 18 19:10:06 IST 2026, 99 W
Wed Mar 18 19:10:06 IST 2026, 91 W
Wed Mar 18 19:10:06 IST 2026, 91 W
Wed Mar 18 19:10:06 IST 2026, 91 W
Wed Mar 18 19:10:07 IST 2026, 102 W
Wed Mar 18 19:10:07 IST 2026, 88 W
Wed Mar 18 19:10:07 IST 2026, 92 W
Wed Mar 18 19:10:07 IST 2026, 93 W
Wed Mar 18 19:10:08 IST 2026, 98 W
Wed Mar 18 19:10:08 IST 2026, 90 W
Wed Mar 18 19:10:08 IST 2026, 94 W
Wed Mar 18 19:10:08 IST 2026, 86 W
Wed Mar 18 19:10:09 IST 2026, 91 W
Wed Mar 18 19:10:09 IST 2026, 90 W
Wed Mar 18 19:10:09 IST 2026, 90 W
Wed Mar 18 19:10:09 IST 2026, 91 W
Wed Mar 18 19:10:10 IST 2026, 100 W
Wed Mar 18 19:10:10 IST 2026, 90 W
Wed Mar 18 19:10:10 IST 2026, 89 W
Wed Mar 18 19:10:10 IST 2026, 97 W
Wed Mar 18 19:10:11 IST 2026, 100 W
Wed Mar 18 19:10:11 IST 2026, 91 W
Wed Mar 18 19:10:11 IST 2026, 90 W
Wed Mar 18 19:10:11 IST 2026, 89 W
Wed Mar 18 19:10:12 IST 2026, 100 W
Wed Mar 18 19:10:12 IST 2026, 92 W
Wed Mar 18 19:10:12 IST 2026, 89 W
Wed Mar 18 19:10:12 IST 2026, 99 W
Wed Mar 18 19:10:13 IST 2026, 97 W
Wed Mar 18 19:10:13 IST 2026, 87 W
Wed Mar 18 19:10:13 IST 2026, 89 W
Wed Mar 18 19:10:13 IST 2026, 97 W
Wed Mar 18 19:10:14 IST 2026, 101 W
Wed Mar 18 19:10:14 IST 2026, 91 W
Wed Mar 18 19:10:14 IST 2026, 93 W
Wed Mar 18 19:10:14 IST 2026, 92 W
Wed Mar 18 19:10:15 IST 2026, 94 W
Wed Mar 18 19:10:15 IST 2026, 88 W
Wed Mar 18 19:10:15 IST 2026, 89 W
Wed Mar 18 19:10:15 IST 2026, 96 W
Wed Mar 18 19:10:16 IST 2026, 92 W
Wed Mar 18 19:10:16 IST 2026, 99 W
Wed Mar 18 19:10:16 IST 2026, 86 W
Wed Mar 18 19:10:16 IST 2026, 88 W
Wed Mar 18 19:10:17 IST 2026, 93 W
Wed Mar 18 19:10:17 IST 2026, 91 W
Wed Mar 18 19:10:17 IST 2026, 94 W
Wed Mar 18 19:10:17 IST 2026, 95 W
Wed Mar 18 19:10:18 IST 2026, 92 W
Wed Mar 18 19:10:18 IST 2026, 89 W
Wed Mar 18 19:10:18 IST 2026, 92 W
Wed Mar 18 19:10:18 IST 2026, 89 W
Wed Mar 18 19:10:19 IST 2026, 99 W
Wed Mar 18 19:10:19 IST 2026, 91 W
Wed Mar 18 19:10:19 IST 2026, 86 W
Wed Mar 18 19:10:19 IST 2026, 95 W
Wed Mar 18 19:10:20 IST 2026, 98 W
Wed Mar 18 19:10:20 IST 2026, 92 W
Wed Mar 18 19:10:20 IST 2026, 88 W
Wed Mar 18 19:10:20 IST 2026, 87 W
Wed Mar 18 19:10:21 IST 2026, 97 W
Wed Mar 18 19:10:21 IST 2026, 91 W
Wed Mar 18 19:10:21 IST 2026, 87 W
Wed Mar 18 19:10:21 IST 2026, 90 W
Wed Mar 18 19:10:22 IST 2026, 99 W
Wed Mar 18 19:10:22 IST 2026, 88 W
Wed Mar 18 19:10:22 IST 2026, 88 W
Wed Mar 18 19:10:22 IST 2026, 91 W
Wed Mar 18 19:10:23 IST 2026, 95 W
Wed Mar 18 19:10:23 IST 2026, 91 W
Wed Mar 18 19:10:23 IST 2026, 89 W
Wed Mar 18 19:10:23 IST 2026, 95 W
Wed Mar 18 19:10:24 IST 2026, 94 W
Wed Mar 18 19:10:24 IST 2026, 90 W
Wed Mar 18 19:10:24 IST 2026, 91 W
Wed Mar 18 19:10:24 IST 2026, 91 W
Wed Mar 18 19:10:25 IST 2026, 103 W
Wed Mar 18 19:10:25 IST 2026, 95 W
Wed Mar 18 19:10:25 IST 2026, 95 W
Wed Mar 18 19:10:25 IST 2026, 87 W
Wed Mar 18 19:10:26 IST 2026, 93 W
Wed Mar 18 19:10:26 IST 2026, 87 W
Wed Mar 18 19:10:26 IST 2026, 95 W
Wed Mar 18 19:10:26 IST 2026, 93 W
Wed Mar 18 19:10:27 IST 2026, 93 W
Wed Mar 18 19:10:27 IST 2026, 87 W
Wed Mar 18 19:10:27 IST 2026, 90 W
Wed Mar 18 19:10:27 IST 2026, 88 W
Wed Mar 18 19:10:28 IST 2026, 98 W
Wed Mar 18 19:10:28 IST 2026, 85 W
Wed Mar 18 19:10:28 IST 2026, 87 W
Wed Mar 18 19:10:28 IST 2026, 86 W
Wed Mar 18 19:10:29 IST 2026, 97 W
Wed Mar 18 19:10:29 IST 2026, 92 W
Wed Mar 18 19:10:29 IST 2026, 85 W
Wed Mar 18 19:10:29 IST 2026, 91 W
Wed Mar 18 19:10:30 IST 2026, 97 W
Wed Mar 18 19:10:30 IST 2026, 92 W
Wed Mar 18 19:10:30 IST 2026, 91 W
Wed Mar 18 19:10:30 IST 2026, 92 W
Wed Mar 18 19:10:31 IST 2026, 94 W
Wed Mar 18 19:10:31 IST 2026, 86 W
Wed Mar 18 19:10:31 IST 2026, 88 W
Wed Mar 18 19:10:31 IST 2026, 89 W
Wed Mar 18 19:10:32 IST 2026, 96 W
Wed Mar 18 19:10:32 IST 2026, 94 W
Wed Mar 18 19:10:32 IST 2026, 92 W
Wed Mar 18 19:10:32 IST 2026, 94 W
Wed Mar 18 19:10:33 IST 2026, 103 W
Wed Mar 18 19:10:33 IST 2026, 88 W
Wed Mar 18 19:10:33 IST 2026, 88 W
Wed Mar 18 19:10:33 IST 2026, 87 W
Wed Mar 18 19:10:34 IST 2026, 93 W
Wed Mar 18 19:10:34 IST 2026, 89 W
Wed Mar 18 19:10:34 IST 2026, 91 W
Wed Mar 18 19:10:34 IST 2026, 91 W
Wed Mar 18 19:10:35 IST 2026, 96 W
Wed Mar 18 19:10:35 IST 2026, 85 W
Wed Mar 18 19:10:35 IST 2026, 91 W
Wed Mar 18 19:10:35 IST 2026, 90 W
Wed Mar 18 19:10:36 IST 2026, 103 W
Wed Mar 18 19:10:36 IST 2026, 94 W
Wed Mar 18 19:10:36 IST 2026, 91 W
Wed Mar 18 19:10:36 IST 2026, 94 W
Wed Mar 18 19:10:37 IST 2026, 100 W
Wed Mar 18 19:10:37 IST 2026, 91 W
Wed Mar 18 19:10:37 IST 2026, 92 W
Wed Mar 18 19:10:37 IST 2026, 89 W
Wed Mar 18 19:10:38 IST 2026, 93 W
Wed Mar 18 19:10:38 IST 2026, 91 W
Wed Mar 18 19:10:38 IST 2026, 89 W
Wed Mar 18 19:10:38 IST 2026, 89 W
Wed Mar 18 19:10:39 IST 2026, 99 W
Wed Mar 18 19:10:39 IST 2026, 89 W
Wed Mar 18 19:10:39 IST 2026, 95 W
Wed Mar 18 19:10:39 IST 2026, 96 W
Wed Mar 18 19:10:40 IST 2026, 101 W
Wed Mar 18 19:10:40 IST 2026, 89 W
Wed Mar 18 19:10:40 IST 2026, 94 W
Wed Mar 18 19:10:40 IST 2026, 90 W
Wed Mar 18 19:10:41 IST 2026, 101 W
Wed Mar 18 19:10:41 IST 2026, 92 W
Wed Mar 18 19:10:41 IST 2026, 94 W
Wed Mar 18 19:10:41 IST 2026, 90 W
Wed Mar 18 19:10:42 IST 2026, 101 W
Wed Mar 18 19:10:42 IST 2026, 94 W
Wed Mar 18 19:10:42 IST 2026, 91 W
Wed Mar 18 19:10:42 IST 2026, 88 W
Wed Mar 18 19:10:43 IST 2026, 93 W
Wed Mar 18 19:10:43 IST 2026, 89 W
Wed Mar 18 19:10:43 IST 2026, 88 W
Wed Mar 18 19:10:43 IST 2026, 91 W
Wed Mar 18 19:10:44 IST 2026, 96 W
Wed Mar 18 19:10:44 IST 2026, 93 W
Wed Mar 18 19:10:44 IST 2026, 91 W
Wed Mar 18 19:10:44 IST 2026, 91 W
Wed Mar 18 19:10:45 IST 2026, 102 W
Wed Mar 18 19:10:45 IST 2026, 91 W
Wed Mar 18 19:10:45 IST 2026, 94 W
Wed Mar 18 19:10:45 IST 2026, 93 W
Wed Mar 18 19:10:46 IST 2026, 96 W
Wed Mar 18 19:10:46 IST 2026, 90 W
Wed Mar 18 19:10:46 IST 2026, 91 W
Wed Mar 18 19:10:46 IST 2026, 88 W
Wed Mar 18 19:10:47 IST 2026, 97 W
Wed Mar 18 19:10:47 IST 2026, 97 W
Wed Mar 18 19:10:47 IST 2026, 98 W
Wed Mar 18 19:10:47 IST 2026, 88 W
Wed Mar 18 19:10:48 IST 2026, 94 W
Wed Mar 18 19:10:48 IST 2026, 94 W
Wed Mar 18 19:10:48 IST 2026, 94 W
Wed Mar 18 19:10:48 IST 2026, 96 W
Wed Mar 18 19:10:49 IST 2026, 92 W
Wed Mar 18 19:10:49 IST 2026, 88 W
Wed Mar 18 19:10:49 IST 2026, 92 W
Wed Mar 18 19:10:49 IST 2026, 89 W
Wed Mar 18 19:10:50 IST 2026, 93 W
Wed Mar 18 19:10:50 IST 2026, 93 W
Wed Mar 18 19:10:50 IST 2026, 89 W
Wed Mar 18 19:10:50 IST 2026, 97 W
Wed Mar 18 19:10:51 IST 2026, 93 W
Wed Mar 18 19:10:51 IST 2026, 92 W
Wed Mar 18 19:10:51 IST 2026, 93 W
Wed Mar 18 19:10:51 IST 2026, 90 W
Wed Mar 18 19:10:52 IST 2026, 97 W
Wed Mar 18 19:10:52 IST 2026, 87 W
Wed Mar 18 19:10:52 IST 2026, 89 W
Wed Mar 18 19:10:52 IST 2026, 90 W
Wed Mar 18 19:10:53 IST 2026, 96 W
Wed Mar 18 19:10:53 IST 2026, 92 W
Wed Mar 18 19:10:53 IST 2026, 97 W
Wed Mar 18 19:10:53 IST 2026, 95 W
Wed Mar 18 19:10:54 IST 2026, 101 W
Wed Mar 18 19:10:54 IST 2026, 96 W
Wed Mar 18 19:10:54 IST 2026, 87 W
Wed Mar 18 19:10:54 IST 2026, 97 W
Wed Mar 18 19:10:55 IST 2026, 93 W
Wed Mar 18 19:10:55 IST 2026, 93 W
Wed Mar 18 19:10:55 IST 2026, 89 W
Wed Mar 18 19:10:55 IST 2026, 91 W
Wed Mar 18 19:10:56 IST 2026, 101 W
Wed Mar 18 19:10:56 IST 2026, 87 W
Wed Mar 18 19:10:56 IST 2026, 89 W
Wed Mar 18 19:10:56 IST 2026, 90 W
Wed Mar 18 19:10:57 IST 2026, 103 W
Wed Mar 18 19:10:57 IST 2026, 93 W
Wed Mar 18 19:10:57 IST 2026, 92 W
Wed Mar 18 19:10:57 IST 2026, 92 W
Wed Mar 18 19:10:58 IST 2026, 97 W
Wed Mar 18 19:10:58 IST 2026, 88 W
Wed Mar 18 19:10:58 IST 2026, 90 W
Wed Mar 18 19:10:58 IST 2026, 90 W
Wed Mar 18 19:10:59 IST 2026, 97 W
Wed Mar 18 19:10:59 IST 2026, 88 W
Wed Mar 18 19:10:59 IST 2026, 94 W
Wed Mar 18 19:10:59 IST 2026, 90 W
Wed Mar 18 19:11:00 IST 2026, 99 W
Wed Mar 18 19:11:00 IST 2026, 90 W
Wed Mar 18 19:11:00 IST 2026, 95 W
Wed Mar 18 19:11:00 IST 2026, 94 W
Wed Mar 18 19:11:01 IST 2026, 103 W
Wed Mar 18 19:11:01 IST 2026, 95 W
Wed Mar 18 19:11:01 IST 2026, 85 W
Wed Mar 18 19:11:01 IST 2026, 89 W
Wed Mar 18 19:11:02 IST 2026, 93 W
Wed Mar 18 19:11:02 IST 2026, 93 W
Wed Mar 18 19:11:02 IST 2026, 94 W
Wed Mar 18 19:11:02 IST 2026, 94 W
Wed Mar 18 19:11:03 IST 2026, 97 W
Wed Mar 18 19:11:03 IST 2026, 92 W
Wed Mar 18 19:11:03 IST 2026, 92 W
Wed Mar 18 19:11:03 IST 2026, 92 W
Wed Mar 18 19:11:04 IST 2026, 93 W
Wed Mar 18 19:11:04 IST 2026, 94 W
Wed Mar 18 19:11:04 IST 2026, 95 W
Wed Mar 18 19:11:04 IST 2026, 93 W
Wed Mar 18 19:11:05 IST 2026, 94 W
Wed Mar 18 19:11:05 IST 2026, 89 W
Wed Mar 18 19:11:05 IST 2026, 90 W
Wed Mar 18 19:11:05 IST 2026, 97 W
Wed Mar 18 19:11:06 IST 2026, 93 W
Wed Mar 18 19:11:06 IST 2026, 92 W
Wed Mar 18 19:11:06 IST 2026, 87 W
Wed Mar 18 19:11:06 IST 2026, 86 W
Wed Mar 18 19:11:07 IST 2026, 99 W
Wed Mar 18 19:11:07 IST 2026, 93 W
Wed Mar 18 19:11:07 IST 2026, 89 W
Wed Mar 18 19:11:07 IST 2026, 96 W
Wed Mar 18 19:11:08 IST 2026, 100 W
Wed Mar 18 19:11:08 IST 2026, 91 W
Wed Mar 18 19:11:08 IST 2026, 88 W
Wed Mar 18 19:11:08 IST 2026, 92 W
Wed Mar 18 19:11:09 IST 2026, 102 W
Wed Mar 18 19:11:09 IST 2026, 88 W
Wed Mar 18 19:11:09 IST 2026, 95 W
Wed Mar 18 19:11:09 IST 2026, 87 W
Wed Mar 18 19:11:10 IST 2026, 96 W
Wed Mar 18 19:11:10 IST 2026, 95 W
Wed Mar 18 19:11:10 IST 2026, 95 W
Wed Mar 18 19:11:10 IST 2026, 88 W
Wed Mar 18 19:11:11 IST 2026, 96 W
Wed Mar 18 19:11:11 IST 2026, 95 W
Wed Mar 18 19:11:11 IST 2026, 90 W
Wed Mar 18 19:11:11 IST 2026, 90 W
Wed Mar 18 19:11:12 IST 2026, 96 W
Wed Mar 18 19:11:12 IST 2026, 93 W
Wed Mar 18 19:11:12 IST 2026, 89 W
Wed Mar 18 19:11:12 IST 2026, 91 W
Wed Mar 18 19:11:13 IST 2026, 97 W
Wed Mar 18 19:11:13 IST 2026, 89 W
Wed Mar 18 19:11:13 IST 2026, 88 W
Wed Mar 18 19:11:13 IST 2026, 94 W
Wed Mar 18 19:11:14 IST 2026, 94 W
Wed Mar 18 19:11:14 IST 2026, 90 W
Wed Mar 18 19:11:14 IST 2026, 90 W
Wed Mar 18 19:11:14 IST 2026, 89 W
Wed Mar 18 19:11:15 IST 2026, 98 W
Wed Mar 18 19:11:15 IST 2026, 93 W
Wed Mar 18 19:11:15 IST 2026, 90 W
Wed Mar 18 19:11:15 IST 2026, 95 W
Wed Mar 18 19:11:16 IST 2026, 99 W
Wed Mar 18 19:11:16 IST 2026, 92 W
Wed Mar 18 19:11:16 IST 2026, 88 W
Wed Mar 18 19:11:16 IST 2026, 87 W
Wed Mar 18 19:11:17 IST 2026, 95 W
Wed Mar 18 19:11:17 IST 2026, 95 W
Wed Mar 18 19:11:17 IST 2026, 91 W
Wed Mar 18 19:11:17 IST 2026, 87 W
Wed Mar 18 19:11:18 IST 2026, 92 W
Wed Mar 18 19:11:18 IST 2026, 93 W
Wed Mar 18 19:11:18 IST 2026, 92 W
Wed Mar 18 19:11:18 IST 2026, 92 W
Wed Mar 18 19:11:19 IST 2026, 95 W
Wed Mar 18 19:11:19 IST 2026, 93 W
Wed Mar 18 19:11:19 IST 2026, 87 W
Wed Mar 18 19:11:19 IST 2026, 90 W
Wed Mar 18 19:11:20 IST 2026, 95 W
Wed Mar 18 19:11:20 IST 2026, 96 W
Wed Mar 18 19:11:20 IST 2026, 95 W
Wed Mar 18 19:11:20 IST 2026, 90 W
Wed Mar 18 19:11:21 IST 2026, 96 W
Wed Mar 18 19:11:21 IST 2026, 90 W
Wed Mar 18 19:11:21 IST 2026, 87 W
Wed Mar 18 19:11:21 IST 2026, 89 W
Wed Mar 18 19:11:22 IST 2026, 96 W
Wed Mar 18 19:11:22 IST 2026, 91 W
Wed Mar 18 19:11:22 IST 2026, 89 W
Wed Mar 18 19:11:22 IST 2026, 95 W
Wed Mar 18 19:11:23 IST 2026, 96 W
Wed Mar 18 19:11:23 IST 2026, 90 W
Wed Mar 18 19:11:23 IST 2026, 90 W
Wed Mar 18 19:11:23 IST 2026, 91 W
Wed Mar 18 19:11:24 IST 2026, 94 W
Wed Mar 18 19:11:24 IST 2026, 92 W
Wed Mar 18 19:11:24 IST 2026, 90 W
Wed Mar 18 19:11:24 IST 2026, 91 W
Wed Mar 18 19:11:25 IST 2026, 98 W
Wed Mar 18 19:11:25 IST 2026, 93 W
Wed Mar 18 19:11:25 IST 2026, 89 W
Wed Mar 18 19:11:25 IST 2026, 93 W
Wed Mar 18 19:11:26 IST 2026, 97 W
Wed Mar 18 19:11:26 IST 2026, 96 W
Wed Mar 18 19:11:26 IST 2026, 88 W
Wed Mar 18 19:11:26 IST 2026, 90 W
Wed Mar 18 19:11:27 IST 2026, 97 W
Wed Mar 18 19:11:27 IST 2026, 93 W
Wed Mar 18 19:11:27 IST 2026, 86 W
Wed Mar 18 19:11:27 IST 2026, 91 W
Wed Mar 18 19:11:28 IST 2026, 93 W
Wed Mar 18 19:11:28 IST 2026, 91 W
Wed Mar 18 19:11:28 IST 2026, 86 W
Wed Mar 18 19:11:28 IST 2026, 94 W
Wed Mar 18 19:11:29 IST 2026, 95 W
Wed Mar 18 19:11:29 IST 2026, 95 W
Wed Mar 18 19:11:29 IST 2026, 96 W
Wed Mar 18 19:11:29 IST 2026, 88 W
Wed Mar 18 19:11:30 IST 2026, 101 W
Wed Mar 18 19:11:30 IST 2026, 87 W
Wed Mar 18 19:11:30 IST 2026, 93 W
Wed Mar 18 19:11:30 IST 2026, 92 W
Wed Mar 18 19:11:31 IST 2026, 95 W
Wed Mar 18 19:11:31 IST 2026, 87 W
Wed Mar 18 19:11:31 IST 2026, 91 W
Wed Mar 18 19:11:31 IST 2026, 89 W
Wed Mar 18 19:11:32 IST 2026, 98 W
Wed Mar 18 19:11:32 IST 2026, 89 W
Wed Mar 18 19:11:32 IST 2026, 90 W
Wed Mar 18 19:11:32 IST 2026, 88 W
Wed Mar 18 19:11:33 IST 2026, 95 W
Wed Mar 18 19:11:33 IST 2026, 94 W
Wed Mar 18 19:11:33 IST 2026, 92 W
Wed Mar 18 19:11:33 IST 2026, 91 W
Wed Mar 18 19:11:34 IST 2026, 99 W
Wed Mar 18 19:11:34 IST 2026, 90 W
Wed Mar 18 19:11:34 IST 2026, 89 W
Wed Mar 18 19:11:34 IST 2026, 96 W
Wed Mar 18 19:11:35 IST 2026, 96 W
Wed Mar 18 19:11:35 IST 2026, 92 W
Wed Mar 18 19:11:35 IST 2026, 88 W
Wed Mar 18 19:11:35 IST 2026, 94 W
Wed Mar 18 19:11:36 IST 2026, 95 W
Wed Mar 18 19:11:36 IST 2026, 94 W
Wed Mar 18 19:11:36 IST 2026, 90 W
Wed Mar 18 19:11:36 IST 2026, 89 W
Wed Mar 18 19:11:37 IST 2026, 100 W
Wed Mar 18 19:11:37 IST 2026, 95 W
Wed Mar 18 19:11:37 IST 2026, 89 W
Wed Mar 18 19:11:37 IST 2026, 93 W
Wed Mar 18 19:11:38 IST 2026, 96 W
Wed Mar 18 19:11:38 IST 2026, 93 W
Wed Mar 18 19:11:38 IST 2026, 94 W
Wed Mar 18 19:11:38 IST 2026, 89 W
Wed Mar 18 19:11:39 IST 2026, 99 W
Wed Mar 18 19:11:39 IST 2026, 89 W
Wed Mar 18 19:11:39 IST 2026, 85 W
Wed Mar 18 19:11:39 IST 2026, 90 W
Wed Mar 18 19:11:40 IST 2026, 97 W
Wed Mar 18 19:11:40 IST 2026, 88 W
Wed Mar 18 19:11:40 IST 2026, 87 W
Wed Mar 18 19:11:40 IST 2026, 96 W
Wed Mar 18 19:11:41 IST 2026, 98 W
Wed Mar 18 19:11:41 IST 2026, 94 W
Wed Mar 18 19:11:41 IST 2026, 89 W
Wed Mar 18 19:11:41 IST 2026, 90 W
Wed Mar 18 19:11:42 IST 2026, 97 W
Wed Mar 18 19:11:42 IST 2026, 91 W
Wed Mar 18 19:11:42 IST 2026, 90 W
Wed Mar 18 19:11:42 IST 2026, 95 W
Wed Mar 18 19:11:43 IST 2026, 96 W
Wed Mar 18 19:11:43 IST 2026, 89 W
Wed Mar 18 19:11:43 IST 2026, 90 W
Wed Mar 18 19:11:43 IST 2026, 89 W
Wed Mar 18 19:11:44 IST 2026, 99 W
Wed Mar 18 19:11:44 IST 2026, 88 W
Wed Mar 18 19:11:44 IST 2026, 97 W
Wed Mar 18 19:11:44 IST 2026, 92 W
Wed Mar 18 19:11:45 IST 2026, 99 W
Wed Mar 18 19:11:45 IST 2026, 96 W
Wed Mar 18 19:11:45 IST 2026, 88 W
Wed Mar 18 19:11:45 IST 2026, 93 W
Wed Mar 18 19:11:46 IST 2026, 96 W
Wed Mar 18 19:11:46 IST 2026, 91 W
Wed Mar 18 19:11:46 IST 2026, 91 W
Wed Mar 18 19:11:46 IST 2026, 87 W
Wed Mar 18 19:11:47 IST 2026, 96 W
Wed Mar 18 19:11:47 IST 2026, 92 W
Wed Mar 18 19:11:47 IST 2026, 95 W
Wed Mar 18 19:11:47 IST 2026, 90 W
Wed Mar 18 19:11:48 IST 2026, 99 W
Wed Mar 18 19:11:48 IST 2026, 97 W
Wed Mar 18 19:11:48 IST 2026, 88 W
Wed Mar 18 19:11:48 IST 2026, 91 W
Wed Mar 18 19:11:49 IST 2026, 94 W
Wed Mar 18 19:11:49 IST 2026, 93 W
Wed Mar 18 19:11:49 IST 2026, 85 W
Wed Mar 18 19:11:49 IST 2026, 92 W
Wed Mar 18 19:11:50 IST 2026, 95 W
Wed Mar 18 19:11:50 IST 2026, 92 W
Wed Mar 18 19:11:50 IST 2026, 90 W
Wed Mar 18 19:11:50 IST 2026, 95 W
Wed Mar 18 19:11:51 IST 2026, 98 W
Wed Mar 18 19:11:51 IST 2026, 88 W
Wed Mar 18 19:11:51 IST 2026, 90 W
Wed Mar 18 19:11:51 IST 2026, 90 W
Wed Mar 18 19:11:52 IST 2026, 95 W
Wed Mar 18 19:11:52 IST 2026, 92 W
Wed Mar 18 19:11:52 IST 2026, 90 W
Wed Mar 18 19:11:52 IST 2026, 94 W
Wed Mar 18 19:11:53 IST 2026, 97 W
Wed Mar 18 19:11:53 IST 2026, 94 W
Wed Mar 18 19:11:53 IST 2026, 93 W
Wed Mar 18 19:11:53 IST 2026, 90 W
Wed Mar 18 19:11:54 IST 2026, 98 W
Wed Mar 18 19:11:54 IST 2026, 91 W
Wed Mar 18 19:11:54 IST 2026, 87 W
Wed Mar 18 19:11:54 IST 2026, 86 W
Wed Mar 18 19:11:55 IST 2026, 98 W
Wed Mar 18 19:11:55 IST 2026, 88 W
Wed Mar 18 19:11:55 IST 2026, 88 W
Wed Mar 18 19:11:55 IST 2026, 99 W
Wed Mar 18 19:11:56 IST 2026, 95 W
Wed Mar 18 19:11:56 IST 2026, 92 W
Wed Mar 18 19:11:56 IST 2026, 93 W
Wed Mar 18 19:11:56 IST 2026, 88 W
Wed Mar 18 19:11:57 IST 2026, 101 W
Wed Mar 18 19:11:57 IST 2026, 95 W
Wed Mar 18 19:11:57 IST 2026, 89 W
Wed Mar 18 19:11:57 IST 2026, 93 W
Wed Mar 18 19:11:58 IST 2026, 101 W
Wed Mar 18 19:11:58 IST 2026, 96 W
Wed Mar 18 19:11:58 IST 2026, 92 W
Wed Mar 18 19:11:58 IST 2026, 88 W
Wed Mar 18 19:11:59 IST 2026, 99 W
Wed Mar 18 19:11:59 IST 2026, 92 W
Wed Mar 18 19:11:59 IST 2026, 89 W
Wed Mar 18 19:11:59 IST 2026, 93 W
Wed Mar 18 19:12:00 IST 2026, 99 W
Wed Mar 18 19:12:00 IST 2026, 95 W
Wed Mar 18 19:12:00 IST 2026, 88 W
Wed Mar 18 19:12:00 IST 2026, 95 W
Wed Mar 18 19:12:01 IST 2026, 98 W
Wed Mar 18 19:12:01 IST 2026, 88 W
Wed Mar 18 19:12:01 IST 2026, 87 W
Wed Mar 18 19:12:01 IST 2026, 92 W
Wed Mar 18 19:12:02 IST 2026, 96 W
Wed Mar 18 19:12:02 IST 2026, 92 W
Wed Mar 18 19:12:02 IST 2026, 92 W
Wed Mar 18 19:12:02 IST 2026, 90 W
Wed Mar 18 19:12:03 IST 2026, 98 W
Wed Mar 18 19:12:03 IST 2026, 91 W
Wed Mar 18 19:12:03 IST 2026, 90 W
Wed Mar 18 19:12:03 IST 2026, 87 W
Wed Mar 18 19:12:04 IST 2026, 102 W
Wed Mar 18 19:12:04 IST 2026, 88 W
Wed Mar 18 19:12:04 IST 2026, 89 W
Wed Mar 18 19:12:04 IST 2026, 94 W
Wed Mar 18 19:12:05 IST 2026, 98 W
Wed Mar 18 19:12:05 IST 2026, 90 W
Wed Mar 18 19:12:05 IST 2026, 88 W
Wed Mar 18 19:12:05 IST 2026, 94 W
Wed Mar 18 19:12:06 IST 2026, 102 W
Wed Mar 18 19:12:06 IST 2026, 99 W
Wed Mar 18 19:12:06 IST 2026, 95 W
Wed Mar 18 19:12:06 IST 2026, 92 W
Wed Mar 18 19:12:07 IST 2026, 95 W
Wed Mar 18 19:12:07 IST 2026, 89 W
Wed Mar 18 19:12:07 IST 2026, 87 W
Wed Mar 18 19:12:07 IST 2026, 98 W
Wed Mar 18 19:12:08 IST 2026, 93 W
Wed Mar 18 19:12:08 IST 2026, 95 W
Wed Mar 18 19:12:08 IST 2026, 87 W
Wed Mar 18 19:12:08 IST 2026, 95 W
Wed Mar 18 19:12:10 IST 2026, 95 W
Wed Mar 18 19:12:10 IST 2026, 94 W
Wed Mar 18 19:12:10 IST 2026, 95 W
Wed Mar 18 19:12:10 IST 2026, 91 W
Wed Mar 18 19:12:10 IST 2026, 92 W
Wed Mar 18 19:12:10 IST 2026, 86 W
Wed Mar 18 19:12:10 IST 2026, 92 W
Wed Mar 18 19:12:10 IST 2026, 92 W
Wed Mar 18 19:12:11 IST 2026, 99 W
Wed Mar 18 19:12:11 IST 2026, 89 W
Wed Mar 18 19:12:11 IST 2026, 89 W
Wed Mar 18 19:12:11 IST 2026, 96 W
Wed Mar 18 19:12:12 IST 2026, 97 W
Wed Mar 18 19:12:12 IST 2026, 88 W
Wed Mar 18 19:12:12 IST 2026, 88 W
Wed Mar 18 19:12:12 IST 2026, 91 W
Wed Mar 18 19:12:13 IST 2026, 98 W
Wed Mar 18 19:12:13 IST 2026, 89 W
Wed Mar 18 19:12:13 IST 2026, 93 W
Wed Mar 18 19:12:13 IST 2026, 97 W
Wed Mar 18 19:12:14 IST 2026, 94 W
Wed Mar 18 19:12:14 IST 2026, 95 W
Wed Mar 18 19:12:14 IST 2026, 90 W
Wed Mar 18 19:12:14 IST 2026, 92 W
Wed Mar 18 19:12:15 IST 2026, 95 W
Wed Mar 18 19:12:15 IST 2026, 94 W
Wed Mar 18 19:12:15 IST 2026, 87 W
Wed Mar 18 19:12:15 IST 2026, 87 W
Wed Mar 18 19:12:16 IST 2026, 95 W
Wed Mar 18 19:12:16 IST 2026, 90 W
Wed Mar 18 19:12:16 IST 2026, 92 W
Wed Mar 18 19:12:16 IST 2026, 89 W
Wed Mar 18 19:12:17 IST 2026, 96 W
Wed Mar 18 19:12:17 IST 2026, 94 W
Wed Mar 18 19:12:17 IST 2026, 93 W
Wed Mar 18 19:12:17 IST 2026, 90 W
Wed Mar 18 19:12:18 IST 2026, 95 W
Wed Mar 18 19:12:18 IST 2026, 89 W
Wed Mar 18 19:12:18 IST 2026, 94 W
Wed Mar 18 19:12:18 IST 2026, 94 W
Wed Mar 18 19:12:19 IST 2026, 95 W
Wed Mar 18 19:12:19 IST 2026, 91 W
Wed Mar 18 19:12:19 IST 2026, 94 W
Wed Mar 18 19:12:19 IST 2026, 97 W
Wed Mar 18 19:12:20 IST 2026, 101 W
Wed Mar 18 19:12:20 IST 2026, 94 W
Wed Mar 18 19:12:20 IST 2026, 90 W
Wed Mar 18 19:12:20 IST 2026, 92 W
Wed Mar 18 19:12:21 IST 2026, 95 W
Wed Mar 18 19:12:21 IST 2026, 97 W
Wed Mar 18 19:12:21 IST 2026, 96 W
Wed Mar 18 19:12:21 IST 2026, 89 W
Wed Mar 18 19:12:22 IST 2026, 94 W
Wed Mar 18 19:12:22 IST 2026, 90 W
Wed Mar 18 19:12:22 IST 2026, 89 W
Wed Mar 18 19:12:22 IST 2026, 89 W
Wed Mar 18 19:12:23 IST 2026, 97 W
Wed Mar 18 19:12:23 IST 2026, 94 W
Wed Mar 18 19:12:23 IST 2026, 93 W
Wed Mar 18 19:12:23 IST 2026, 90 W
Wed Mar 18 19:12:24 IST 2026, 94 W
Wed Mar 18 19:12:24 IST 2026, 95 W
Wed Mar 18 19:12:24 IST 2026, 96 W
Wed Mar 18 19:12:24 IST 2026, 93 W
Wed Mar 18 19:12:25 IST 2026, 94 W
Wed Mar 18 19:12:25 IST 2026, 89 W
Wed Mar 18 19:12:25 IST 2026, 93 W
Wed Mar 18 19:12:25 IST 2026, 93 W
Wed Mar 18 19:12:26 IST 2026, 93 W
Wed Mar 18 19:12:26 IST 2026, 97 W
Wed Mar 18 19:12:26 IST 2026, 88 W
Wed Mar 18 19:12:26 IST 2026, 98 W
Wed Mar 18 19:12:27 IST 2026, 99 W
Wed Mar 18 19:12:27 IST 2026, 91 W
Wed Mar 18 19:12:27 IST 2026, 97 W
Wed Mar 18 19:12:27 IST 2026, 90 W
Wed Mar 18 19:12:28 IST 2026, 97 W
Wed Mar 18 19:12:28 IST 2026, 91 W
Wed Mar 18 19:12:28 IST 2026, 90 W
Wed Mar 18 19:12:28 IST 2026, 92 W
Wed Mar 18 19:12:29 IST 2026, 97 W
Wed Mar 18 19:12:29 IST 2026, 93 W
Wed Mar 18 19:12:29 IST 2026, 90 W
Wed Mar 18 19:12:29 IST 2026, 95 W
Wed Mar 18 19:12:30 IST 2026, 103 W
Wed Mar 18 19:12:30 IST 2026, 98 W
Wed Mar 18 19:12:30 IST 2026, 90 W
Wed Mar 18 19:12:30 IST 2026, 98 W
Wed Mar 18 19:12:31 IST 2026, 98 W
Wed Mar 18 19:12:31 IST 2026, 92 W
Wed Mar 18 19:12:31 IST 2026, 89 W
Wed Mar 18 19:12:31 IST 2026, 90 W
Wed Mar 18 19:12:32 IST 2026, 98 W
Wed Mar 18 19:12:32 IST 2026, 92 W
Wed Mar 18 19:12:32 IST 2026, 90 W
Wed Mar 18 19:12:32 IST 2026, 88 W
Wed Mar 18 19:12:33 IST 2026, 101 W
Wed Mar 18 19:12:33 IST 2026, 93 W
Wed Mar 18 19:12:33 IST 2026, 91 W
Wed Mar 18 19:12:33 IST 2026, 92 W
Wed Mar 18 19:12:34 IST 2026, 95 W
Wed Mar 18 19:12:34 IST 2026, 93 W
Wed Mar 18 19:12:34 IST 2026, 89 W
Wed Mar 18 19:12:34 IST 2026, 96 W
Wed Mar 18 19:12:35 IST 2026, 101 W
Wed Mar 18 19:12:35 IST 2026, 92 W
Wed Mar 18 19:12:35 IST 2026, 87 W
Wed Mar 18 19:12:35 IST 2026, 93 W
Wed Mar 18 19:12:36 IST 2026, 99 W
Wed Mar 18 19:12:36 IST 2026, 92 W
Wed Mar 18 19:12:36 IST 2026, 90 W
Wed Mar 18 19:12:36 IST 2026, 91 W
Wed Mar 18 19:12:37 IST 2026, 96 W
Wed Mar 18 19:12:37 IST 2026, 93 W
Wed Mar 18 19:12:37 IST 2026, 91 W
Wed Mar 18 19:12:37 IST 2026, 89 W
Wed Mar 18 19:12:38 IST 2026, 98 W
Wed Mar 18 19:12:38 IST 2026, 89 W
Wed Mar 18 19:12:38 IST 2026, 90 W
Wed Mar 18 19:12:38 IST 2026, 93 W
Wed Mar 18 19:12:39 IST 2026, 97 W
Wed Mar 18 19:12:39 IST 2026, 93 W
Wed Mar 18 19:12:39 IST 2026, 91 W
Wed Mar 18 19:12:39 IST 2026, 90 W
Wed Mar 18 19:12:40 IST 2026, 97 W
Wed Mar 18 19:12:40 IST 2026, 93 W
Wed Mar 18 19:12:40 IST 2026, 97 W
Wed Mar 18 19:12:40 IST 2026, 97 W
Wed Mar 18 19:12:41 IST 2026, 94 W
Wed Mar 18 19:12:41 IST 2026, 86 W
Wed Mar 18 19:12:41 IST 2026, 90 W
Wed Mar 18 19:12:41 IST 2026, 90 W
Wed Mar 18 19:12:42 IST 2026, 98 W
Wed Mar 18 19:12:42 IST 2026, 94 W
Wed Mar 18 19:12:42 IST 2026, 91 W
Wed Mar 18 19:12:42 IST 2026, 94 W
Wed Mar 18 19:12:43 IST 2026, 94 W
Wed Mar 18 19:12:43 IST 2026, 92 W
Wed Mar 18 19:12:43 IST 2026, 91 W
Wed Mar 18 19:12:43 IST 2026, 87 W
Wed Mar 18 19:12:44 IST 2026, 97 W
Wed Mar 18 19:12:44 IST 2026, 95 W
Wed Mar 18 19:12:44 IST 2026, 89 W
Wed Mar 18 19:12:44 IST 2026, 96 W
Wed Mar 18 19:12:45 IST 2026, 96 W
Wed Mar 18 19:12:45 IST 2026, 92 W
Wed Mar 18 19:12:45 IST 2026, 91 W
Wed Mar 18 19:12:45 IST 2026, 88 W
Wed Mar 18 19:12:46 IST 2026, 95 W
Wed Mar 18 19:12:46 IST 2026, 94 W
Wed Mar 18 19:12:46 IST 2026, 89 W
Wed Mar 18 19:12:46 IST 2026, 96 W
Wed Mar 18 19:12:47 IST 2026, 98 W
Wed Mar 18 19:12:47 IST 2026, 92 W
Wed Mar 18 19:12:47 IST 2026, 94 W
Wed Mar 18 19:12:47 IST 2026, 89 W
Wed Mar 18 19:12:48 IST 2026, 93 W
Wed Mar 18 19:12:48 IST 2026, 92 W
Wed Mar 18 19:12:48 IST 2026, 87 W
Wed Mar 18 19:12:48 IST 2026, 89 W
Wed Mar 18 19:12:49 IST 2026, 98 W
Wed Mar 18 19:12:49 IST 2026, 86 W
Wed Mar 18 19:12:49 IST 2026, 90 W
Wed Mar 18 19:12:49 IST 2026, 91 W
Wed Mar 18 19:12:50 IST 2026, 99 W
Wed Mar 18 19:12:50 IST 2026, 90 W
Wed Mar 18 19:12:50 IST 2026, 91 W
Wed Mar 18 19:12:50 IST 2026, 93 W
Wed Mar 18 19:12:51 IST 2026, 98 W
Wed Mar 18 19:12:51 IST 2026, 98 W
Wed Mar 18 19:12:51 IST 2026, 92 W
Wed Mar 18 19:12:51 IST 2026, 94 W
Wed Mar 18 19:12:52 IST 2026, 93 W
Wed Mar 18 19:12:52 IST 2026, 94 W
Wed Mar 18 19:12:52 IST 2026, 93 W
Wed Mar 18 19:12:52 IST 2026, 93 W
Wed Mar 18 19:12:53 IST 2026, 98 W
Wed Mar 18 19:12:53 IST 2026, 92 W
Wed Mar 18 19:12:53 IST 2026, 92 W
Wed Mar 18 19:12:53 IST 2026, 94 W
Wed Mar 18 19:12:54 IST 2026, 100 W
Wed Mar 18 19:12:54 IST 2026, 91 W
Wed Mar 18 19:12:54 IST 2026, 87 W
Wed Mar 18 19:12:54 IST 2026, 88 W
Wed Mar 18 19:12:55 IST 2026, 95 W
Wed Mar 18 19:12:55 IST 2026, 97 W
Wed Mar 18 19:12:55 IST 2026, 92 W
Wed Mar 18 19:12:55 IST 2026, 87 W
Wed Mar 18 19:12:56 IST 2026, 100 W
Wed Mar 18 19:12:56 IST 2026, 90 W
Wed Mar 18 19:12:56 IST 2026, 91 W
Wed Mar 18 19:12:56 IST 2026, 87 W
Wed Mar 18 19:12:57 IST 2026, 98 W
Wed Mar 18 19:12:57 IST 2026, 88 W
Wed Mar 18 19:12:57 IST 2026, 90 W
Wed Mar 18 19:12:57 IST 2026, 90 W
Wed Mar 18 19:12:58 IST 2026, 95 W
Wed Mar 18 19:12:58 IST 2026, 94 W
Wed Mar 18 19:12:58 IST 2026, 91 W
Wed Mar 18 19:12:58 IST 2026, 93 W
Wed Mar 18 19:12:59 IST 2026, 98 W
Wed Mar 18 19:12:59 IST 2026, 90 W
Wed Mar 18 19:12:59 IST 2026, 94 W
Wed Mar 18 19:12:59 IST 2026, 89 W
Wed Mar 18 19:13:00 IST 2026, 98 W
Wed Mar 18 19:13:00 IST 2026, 87 W
Wed Mar 18 19:13:00 IST 2026, 84 W
Wed Mar 18 19:13:00 IST 2026, 92 W
Wed Mar 18 19:13:01 IST 2026, 98 W
Wed Mar 18 19:13:01 IST 2026, 95 W
Wed Mar 18 19:13:01 IST 2026, 93 W
Wed Mar 18 19:13:01 IST 2026, 89 W
Wed Mar 18 19:13:02 IST 2026, 95 W
Wed Mar 18 19:13:02 IST 2026, 95 W
Wed Mar 18 19:13:02 IST 2026, 92 W
Wed Mar 18 19:13:02 IST 2026, 86 W
Wed Mar 18 19:13:03 IST 2026, 98 W
Wed Mar 18 19:13:03 IST 2026, 87 W
Wed Mar 18 19:13:03 IST 2026, 92 W
Wed Mar 18 19:13:03 IST 2026, 89 W
Wed Mar 18 19:13:04 IST 2026, 95 W
Wed Mar 18 19:13:04 IST 2026, 90 W
Wed Mar 18 19:13:04 IST 2026, 96 W
Wed Mar 18 19:13:04 IST 2026, 89 W
Wed Mar 18 19:13:05 IST 2026, 98 W
Wed Mar 18 19:13:05 IST 2026, 88 W
Wed Mar 18 19:13:05 IST 2026, 94 W
Wed Mar 18 19:13:05 IST 2026, 90 W
Wed Mar 18 19:13:07 IST 2026, 94 W
Wed Mar 18 19:13:07 IST 2026, 93 W
Wed Mar 18 19:13:07 IST 2026, 92 W
Wed Mar 18 19:13:07 IST 2026, 98 W
Wed Mar 18 19:13:07 IST 2026, 95 W
Wed Mar 18 19:13:07 IST 2026, 93 W
Wed Mar 18 19:13:07 IST 2026, 88 W
Wed Mar 18 19:13:07 IST 2026, 89 W
Wed Mar 18 19:13:08 IST 2026, 94 W
Wed Mar 18 19:13:08 IST 2026, 88 W
Wed Mar 18 19:13:08 IST 2026, 85 W
Wed Mar 18 19:13:08 IST 2026, 95 W
Wed Mar 18 19:13:10 IST 2026, 99 W
Wed Mar 18 19:13:10 IST 2026, 90 W
Wed Mar 18 19:13:10 IST 2026, 94 W
Wed Mar 18 19:13:10 IST 2026, 86 W
Wed Mar 18 19:13:10 IST 2026, 102 W
Wed Mar 18 19:13:10 IST 2026, 91 W
Wed Mar 18 19:13:10 IST 2026, 91 W
Wed Mar 18 19:13:10 IST 2026, 88 W
Wed Mar 18 19:13:11 IST 2026, 94 W
Wed Mar 18 19:13:11 IST 2026, 93 W
Wed Mar 18 19:13:11 IST 2026, 97 W
Wed Mar 18 19:13:11 IST 2026, 87 W
Wed Mar 18 19:13:12 IST 2026, 100 W
Wed Mar 18 19:13:12 IST 2026, 93 W
Wed Mar 18 19:13:12 IST 2026, 92 W
Wed Mar 18 19:13:12 IST 2026, 98 W
Wed Mar 18 19:13:13 IST 2026, 99 W
Wed Mar 18 19:13:13 IST 2026, 93 W
Wed Mar 18 19:13:13 IST 2026, 94 W
Wed Mar 18 19:13:13 IST 2026, 90 W
Wed Mar 18 19:13:14 IST 2026, 91 W
Wed Mar 18 19:13:14 IST 2026, 95 W
Wed Mar 18 19:13:14 IST 2026, 89 W
Wed Mar 18 19:13:14 IST 2026, 91 W
Wed Mar 18 19:13:15 IST 2026, 100 W
Wed Mar 18 19:13:15 IST 2026, 97 W
Wed Mar 18 19:13:15 IST 2026, 89 W
Wed Mar 18 19:13:15 IST 2026, 85 W
Wed Mar 18 19:13:16 IST 2026, 97 W
Wed Mar 18 19:13:16 IST 2026, 94 W
Wed Mar 18 19:13:16 IST 2026, 92 W
Wed Mar 18 19:13:16 IST 2026, 94 W
Wed Mar 18 19:13:17 IST 2026, 96 W
Wed Mar 18 19:13:17 IST 2026, 87 W
Wed Mar 18 19:13:17 IST 2026, 92 W
Wed Mar 18 19:13:17 IST 2026, 93 W
Wed Mar 18 19:13:18 IST 2026, 103 W
Wed Mar 18 19:13:18 IST 2026, 91 W
Wed Mar 18 19:13:18 IST 2026, 92 W
Wed Mar 18 19:13:18 IST 2026, 90 W
Wed Mar 18 19:13:19 IST 2026, 96 W
Wed Mar 18 19:13:19 IST 2026, 94 W
Wed Mar 18 19:13:19 IST 2026, 97 W
Wed Mar 18 19:13:19 IST 2026, 87 W
Wed Mar 18 19:13:20 IST 2026, 91 W
Wed Mar 18 19:13:20 IST 2026, 92 W
Wed Mar 18 19:13:20 IST 2026, 95 W
Wed Mar 18 19:13:20 IST 2026, 86 W
Wed Mar 18 19:13:21 IST 2026, 92 W
Wed Mar 18 19:13:21 IST 2026, 89 W
Wed Mar 18 19:13:21 IST 2026, 89 W
Wed Mar 18 19:13:21 IST 2026, 88 W
Wed Mar 18 19:13:22 IST 2026, 97 W
Wed Mar 18 19:13:22 IST 2026, 94 W
Wed Mar 18 19:13:22 IST 2026, 85 W
Wed Mar 18 19:13:22 IST 2026, 92 W
Wed Mar 18 19:13:23 IST 2026, 99 W
Wed Mar 18 19:13:23 IST 2026, 86 W
Wed Mar 18 19:13:23 IST 2026, 93 W
Wed Mar 18 19:13:23 IST 2026, 88 W
Wed Mar 18 19:13:24 IST 2026, 99 W
Wed Mar 18 19:13:24 IST 2026, 92 W
Wed Mar 18 19:13:24 IST 2026, 90 W
Wed Mar 18 19:13:24 IST 2026, 90 W
Wed Mar 18 19:13:25 IST 2026, 98 W
Wed Mar 18 19:13:25 IST 2026, 93 W
Wed Mar 18 19:13:25 IST 2026, 94 W
Wed Mar 18 19:13:25 IST 2026, 92 W
Wed Mar 18 19:13:26 IST 2026, 98 W
Wed Mar 18 19:13:26 IST 2026, 91 W
Wed Mar 18 19:13:26 IST 2026, 95 W
Wed Mar 18 19:13:26 IST 2026, 95 W
Wed Mar 18 19:13:27 IST 2026, 98 W
Wed Mar 18 19:13:27 IST 2026, 91 W
Wed Mar 18 19:13:27 IST 2026, 87 W
Wed Mar 18 19:13:27 IST 2026, 87 W
Wed Mar 18 19:13:28 IST 2026, 96 W
Wed Mar 18 19:13:28 IST 2026, 92 W
Wed Mar 18 19:13:28 IST 2026, 89 W
Wed Mar 18 19:13:28 IST 2026, 96 W
Wed Mar 18 19:13:29 IST 2026, 93 W
Wed Mar 18 19:13:29 IST 2026, 89 W
Wed Mar 18 19:13:29 IST 2026, 89 W
Wed Mar 18 19:13:29 IST 2026, 93 W
Wed Mar 18 19:13:30 IST 2026, 102 W
Wed Mar 18 19:13:30 IST 2026, 93 W
Wed Mar 18 19:13:30 IST 2026, 91 W
Wed Mar 18 19:13:30 IST 2026, 98 W
Wed Mar 18 19:13:31 IST 2026, 98 W
Wed Mar 18 19:13:31 IST 2026, 91 W
Wed Mar 18 19:13:31 IST 2026, 95 W
Wed Mar 18 19:13:31 IST 2026, 92 W
Wed Mar 18 19:13:32 IST 2026, 94 W
Wed Mar 18 19:13:32 IST 2026, 96 W
Wed Mar 18 19:13:32 IST 2026, 92 W
Wed Mar 18 19:13:32 IST 2026, 94 W
Wed Mar 18 19:13:33 IST 2026, 98 W
Wed Mar 18 19:13:33 IST 2026, 90 W
Wed Mar 18 19:13:33 IST 2026, 89 W
Wed Mar 18 19:13:33 IST 2026, 96 W
Wed Mar 18 19:13:34 IST 2026, 97 W
Wed Mar 18 19:13:34 IST 2026, 88 W
Wed Mar 18 19:13:34 IST 2026, 91 W
Wed Mar 18 19:13:34 IST 2026, 92 W
Wed Mar 18 19:13:35 IST 2026, 96 W
Wed Mar 18 19:13:35 IST 2026, 92 W
Wed Mar 18 19:13:35 IST 2026, 87 W
Wed Mar 18 19:13:35 IST 2026, 90 W
Wed Mar 18 19:13:36 IST 2026, 97 W
Wed Mar 18 19:13:36 IST 2026, 91 W
Wed Mar 18 19:13:36 IST 2026, 88 W
Wed Mar 18 19:13:36 IST 2026, 94 W
Wed Mar 18 19:13:37 IST 2026, 96 W
Wed Mar 18 19:13:37 IST 2026, 93 W
Wed Mar 18 19:13:37 IST 2026, 89 W
Wed Mar 18 19:13:37 IST 2026, 88 W
Wed Mar 18 19:13:38 IST 2026, 100 W
Wed Mar 18 19:13:38 IST 2026, 90 W
Wed Mar 18 19:13:38 IST 2026, 86 W
Wed Mar 18 19:13:38 IST 2026, 88 W
Wed Mar 18 19:13:39 IST 2026, 92 W
Wed Mar 18 19:13:39 IST 2026, 89 W
Wed Mar 18 19:13:39 IST 2026, 90 W
Wed Mar 18 19:13:39 IST 2026, 97 W
Wed Mar 18 19:13:40 IST 2026, 97 W
Wed Mar 18 19:13:40 IST 2026, 88 W
Wed Mar 18 19:13:40 IST 2026, 97 W
Wed Mar 18 19:13:40 IST 2026, 93 W
Wed Mar 18 19:13:41 IST 2026, 101 W
Wed Mar 18 19:13:41 IST 2026, 92 W
Wed Mar 18 19:13:41 IST 2026, 92 W
Wed Mar 18 19:13:41 IST 2026, 95 W
Wed Mar 18 19:13:42 IST 2026, 101 W
Wed Mar 18 19:13:42 IST 2026, 89 W
Wed Mar 18 19:13:42 IST 2026, 95 W
Wed Mar 18 19:13:42 IST 2026, 88 W
Wed Mar 18 19:13:43 IST 2026, 96 W
Wed Mar 18 19:13:43 IST 2026, 93 W
Wed Mar 18 19:13:43 IST 2026, 93 W
Wed Mar 18 19:13:43 IST 2026, 95 W
Wed Mar 18 19:13:44 IST 2026, 104 W
Wed Mar 18 19:13:44 IST 2026, 90 W
Wed Mar 18 19:13:44 IST 2026, 94 W
Wed Mar 18 19:13:44 IST 2026, 94 W
Wed Mar 18 19:13:45 IST 2026, 97 W
Wed Mar 18 19:13:45 IST 2026, 90 W
Wed Mar 18 19:13:45 IST 2026, 92 W
Wed Mar 18 19:13:45 IST 2026, 91 W
Wed Mar 18 19:13:46 IST 2026, 103 W
Wed Mar 18 19:13:46 IST 2026, 90 W
Wed Mar 18 19:13:46 IST 2026, 95 W
Wed Mar 18 19:13:46 IST 2026, 92 W
Wed Mar 18 19:13:47 IST 2026, 93 W
Wed Mar 18 19:13:47 IST 2026, 89 W
Wed Mar 18 19:13:47 IST 2026, 94 W
Wed Mar 18 19:13:47 IST 2026, 96 W
Wed Mar 18 19:13:48 IST 2026, 94 W
Wed Mar 18 19:13:48 IST 2026, 97 W
Wed Mar 18 19:13:48 IST 2026, 94 W
Wed Mar 18 19:13:48 IST 2026, 87 W
Wed Mar 18 19:13:49 IST 2026, 96 W
Wed Mar 18 19:13:49 IST 2026, 93 W
Wed Mar 18 19:13:49 IST 2026, 88 W
Wed Mar 18 19:13:49 IST 2026, 89 W
Wed Mar 18 19:13:50 IST 2026, 101 W
Wed Mar 18 19:13:50 IST 2026, 93 W
Wed Mar 18 19:13:50 IST 2026, 92 W
Wed Mar 18 19:13:50 IST 2026, 92 W
Wed Mar 18 19:13:51 IST 2026, 98 W
Wed Mar 18 19:13:51 IST 2026, 93 W
Wed Mar 18 19:13:51 IST 2026, 92 W
Wed Mar 18 19:13:51 IST 2026, 94 W
Wed Mar 18 19:13:52 IST 2026, 96 W
Wed Mar 18 19:13:52 IST 2026, 93 W
Wed Mar 18 19:13:52 IST 2026, 94 W
Wed Mar 18 19:13:52 IST 2026, 90 W
Wed Mar 18 19:13:53 IST 2026, 99 W
Wed Mar 18 19:13:53 IST 2026, 97 W
Wed Mar 18 19:13:53 IST 2026, 97 W
Wed Mar 18 19:13:53 IST 2026, 86 W
Wed Mar 18 19:13:54 IST 2026, 98 W
Wed Mar 18 19:13:54 IST 2026, 91 W
Wed Mar 18 19:13:54 IST 2026, 91 W
Wed Mar 18 19:13:54 IST 2026, 89 W
Wed Mar 18 19:13:55 IST 2026, 101 W
Wed Mar 18 19:13:55 IST 2026, 95 W
Wed Mar 18 19:13:55 IST 2026, 92 W
Wed Mar 18 19:13:55 IST 2026, 86 W
Wed Mar 18 19:13:56 IST 2026, 93 W
Wed Mar 18 19:13:56 IST 2026, 88 W
Wed Mar 18 19:13:56 IST 2026, 91 W
Wed Mar 18 19:13:56 IST 2026, 92 W
Wed Mar 18 19:13:57 IST 2026, 96 W
Wed Mar 18 19:13:57 IST 2026, 91 W
Wed Mar 18 19:13:57 IST 2026, 93 W
Wed Mar 18 19:13:57 IST 2026, 95 W
Wed Mar 18 19:13:58 IST 2026, 94 W
Wed Mar 18 19:13:58 IST 2026, 94 W
Wed Mar 18 19:13:58 IST 2026, 90 W
Wed Mar 18 19:13:58 IST 2026, 90 W
Wed Mar 18 19:13:59 IST 2026, 94 W
Wed Mar 18 19:13:59 IST 2026, 87 W
Wed Mar 18 19:13:59 IST 2026, 89 W
Wed Mar 18 19:13:59 IST 2026, 86 W
Wed Mar 18 19:14:00 IST 2026, 96 W
Wed Mar 18 19:14:00 IST 2026, 91 W
Wed Mar 18 19:14:00 IST 2026, 93 W
Wed Mar 18 19:14:00 IST 2026, 96 W
Wed Mar 18 19:14:01 IST 2026, 96 W
Wed Mar 18 19:14:01 IST 2026, 90 W
Wed Mar 18 19:14:01 IST 2026, 92 W
Wed Mar 18 19:14:01 IST 2026, 91 W
Wed Mar 18 19:14:02 IST 2026, 98 W
Wed Mar 18 19:14:02 IST 2026, 87 W
Wed Mar 18 19:14:02 IST 2026, 86 W
Wed Mar 18 19:14:02 IST 2026, 92 W
Wed Mar 18 19:14:03 IST 2026, 95 W
Wed Mar 18 19:14:03 IST 2026, 91 W
Wed Mar 18 19:14:03 IST 2026, 89 W
Wed Mar 18 19:14:03 IST 2026, 89 W
Wed Mar 18 19:14:04 IST 2026, 92 W
Wed Mar 18 19:14:04 IST 2026, 90 W
Wed Mar 18 19:14:04 IST 2026, 93 W
Wed Mar 18 19:14:04 IST 2026, 93 W
Wed Mar 18 19:14:05 IST 2026, 97 W
Wed Mar 18 19:14:05 IST 2026, 93 W
Wed Mar 18 19:14:05 IST 2026, 90 W
Wed Mar 18 19:14:05 IST 2026, 88 W
Wed Mar 18 19:14:06 IST 2026, 96 W
Wed Mar 18 19:14:06 IST 2026, 95 W
Wed Mar 18 19:14:06 IST 2026, 88 W
Wed Mar 18 19:14:06 IST 2026, 89 W
Wed Mar 18 19:14:07 IST 2026, 97 W
Wed Mar 18 19:14:07 IST 2026, 97 W
Wed Mar 18 19:14:07 IST 2026, 92 W
Wed Mar 18 19:14:07 IST 2026, 91 W
Wed Mar 18 19:14:08 IST 2026, 102 W
Wed Mar 18 19:14:08 IST 2026, 89 W
Wed Mar 18 19:14:08 IST 2026, 86 W
Wed Mar 18 19:14:08 IST 2026, 91 W
Wed Mar 18 19:14:09 IST 2026, 95 W
Wed Mar 18 19:14:09 IST 2026, 91 W
Wed Mar 18 19:14:09 IST 2026, 92 W
Wed Mar 18 19:14:09 IST 2026, 96 W
Wed Mar 18 19:14:11 IST 2026, 98 W
Wed Mar 18 19:14:11 IST 2026, 92 W
Wed Mar 18 19:14:11 IST 2026, 89 W
Wed Mar 18 19:14:11 IST 2026, 95 W
Wed Mar 18 19:14:11 IST 2026, 92 W
Wed Mar 18 19:14:11 IST 2026, 86 W
Wed Mar 18 19:14:11 IST 2026, 94 W
Wed Mar 18 19:14:11 IST 2026, 92 W
Wed Mar 18 19:14:12 IST 2026, 99 W
Wed Mar 18 19:14:12 IST 2026, 94 W
Wed Mar 18 19:14:12 IST 2026, 92 W
Wed Mar 18 19:14:12 IST 2026, 97 W
Wed Mar 18 19:14:13 IST 2026, 98 W
Wed Mar 18 19:14:13 IST 2026, 92 W
Wed Mar 18 19:14:13 IST 2026, 95 W
Wed Mar 18 19:14:13 IST 2026, 87 W
Wed Mar 18 19:14:14 IST 2026, 94 W
Wed Mar 18 19:14:14 IST 2026, 91 W
Wed Mar 18 19:14:14 IST 2026, 88 W
Wed Mar 18 19:14:14 IST 2026, 95 W
Wed Mar 18 19:14:15 IST 2026, 102 W
Wed Mar 18 19:14:15 IST 2026, 91 W
Wed Mar 18 19:14:15 IST 2026, 87 W
Wed Mar 18 19:14:15 IST 2026, 92 W
Wed Mar 18 19:14:16 IST 2026, 94 W
Wed Mar 18 19:14:16 IST 2026, 95 W
Wed Mar 18 19:14:16 IST 2026, 95 W
Wed Mar 18 19:14:16 IST 2026, 92 W
Wed Mar 18 19:14:17 IST 2026, 98 W
Wed Mar 18 19:14:17 IST 2026, 91 W
Wed Mar 18 19:14:17 IST 2026, 89 W
Wed Mar 18 19:14:17 IST 2026, 98 W
Wed Mar 18 19:14:18 IST 2026, 95 W
Wed Mar 18 19:14:18 IST 2026, 94 W
Wed Mar 18 19:14:18 IST 2026, 92 W
Wed Mar 18 19:14:18 IST 2026, 90 W
Wed Mar 18 19:14:19 IST 2026, 103 W
Wed Mar 18 19:14:19 IST 2026, 93 W
Wed Mar 18 19:14:19 IST 2026, 90 W
Wed Mar 18 19:14:19 IST 2026, 87 W
Wed Mar 18 19:14:20 IST 2026, 98 W
Wed Mar 18 19:14:20 IST 2026, 92 W
Wed Mar 18 19:14:20 IST 2026, 96 W
Wed Mar 18 19:14:20 IST 2026, 92 W
Wed Mar 18 19:14:22 IST 2026, 94 W
Wed Mar 18 19:14:22 IST 2026, 93 W
Wed Mar 18 19:14:22 IST 2026, 88 W
Wed Mar 18 19:14:22 IST 2026, 88 W
Wed Mar 18 19:14:22 IST 2026, 100 W
Wed Mar 18 19:14:22 IST 2026, 92 W
Wed Mar 18 19:14:22 IST 2026, 89 W
Wed Mar 18 19:14:22 IST 2026, 92 W
Wed Mar 18 19:14:23 IST 2026, 96 W
Wed Mar 18 19:14:23 IST 2026, 87 W
Wed Mar 18 19:14:23 IST 2026, 97 W
Wed Mar 18 19:14:23 IST 2026, 93 W
Wed Mar 18 19:14:24 IST 2026, 98 W
Wed Mar 18 19:14:24 IST 2026, 93 W
Wed Mar 18 19:14:24 IST 2026, 92 W
Wed Mar 18 19:14:24 IST 2026, 92 W
Wed Mar 18 19:14:25 IST 2026, 98 W
Wed Mar 18 19:14:25 IST 2026, 94 W
Wed Mar 18 19:14:25 IST 2026, 90 W
Wed Mar 18 19:14:25 IST 2026, 92 W
Wed Mar 18 19:14:26 IST 2026, 95 W
Wed Mar 18 19:14:26 IST 2026, 89 W
Wed Mar 18 19:14:26 IST 2026, 93 W
Wed Mar 18 19:14:26 IST 2026, 95 W
Wed Mar 18 19:14:27 IST 2026, 97 W
Wed Mar 18 19:14:27 IST 2026, 92 W
Wed Mar 18 19:14:27 IST 2026, 92 W
Wed Mar 18 19:14:27 IST 2026, 93 W
Wed Mar 18 19:14:28 IST 2026, 96 W
Wed Mar 18 19:14:28 IST 2026, 90 W
Wed Mar 18 19:14:28 IST 2026, 90 W
Wed Mar 18 19:14:28 IST 2026, 89 W
Wed Mar 18 19:14:29 IST 2026, 94 W
Wed Mar 18 19:14:29 IST 2026, 91 W
Wed Mar 18 19:14:29 IST 2026, 88 W
Wed Mar 18 19:14:29 IST 2026, 91 W
Wed Mar 18 19:14:30 IST 2026, 93 W
Wed Mar 18 19:14:30 IST 2026, 90 W
Wed Mar 18 19:14:30 IST 2026, 93 W
Wed Mar 18 19:14:30 IST 2026, 96 W
Wed Mar 18 19:14:31 IST 2026, 96 W
Wed Mar 18 19:14:31 IST 2026, 92 W
Wed Mar 18 19:14:31 IST 2026, 93 W
Wed Mar 18 19:14:31 IST 2026, 90 W
Wed Mar 18 19:14:32 IST 2026, 94 W
Wed Mar 18 19:14:32 IST 2026, 93 W
Wed Mar 18 19:14:32 IST 2026, 91 W
Wed Mar 18 19:14:32 IST 2026, 96 W
Wed Mar 18 19:14:33 IST 2026, 98 W
Wed Mar 18 19:14:33 IST 2026, 94 W
Wed Mar 18 19:14:33 IST 2026, 87 W
Wed Mar 18 19:14:33 IST 2026, 91 W
Wed Mar 18 19:14:34 IST 2026, 96 W
Wed Mar 18 19:14:34 IST 2026, 89 W
Wed Mar 18 19:14:34 IST 2026, 92 W
Wed Mar 18 19:14:34 IST 2026, 90 W
Wed Mar 18 19:14:35 IST 2026, 91 W
Wed Mar 18 19:14:35 IST 2026, 93 W
Wed Mar 18 19:14:35 IST 2026, 92 W
Wed Mar 18 19:14:35 IST 2026, 85 W
Wed Mar 18 19:14:36 IST 2026, 100 W
Wed Mar 18 19:14:36 IST 2026, 89 W
Wed Mar 18 19:14:36 IST 2026, 88 W
Wed Mar 18 19:14:36 IST 2026, 98 W
Wed Mar 18 19:14:37 IST 2026, 100 W
Wed Mar 18 19:14:37 IST 2026, 89 W
Wed Mar 18 19:14:37 IST 2026, 87 W
Wed Mar 18 19:14:37 IST 2026, 90 W
Wed Mar 18 19:14:38 IST 2026, 96 W
Wed Mar 18 19:14:38 IST 2026, 92 W
Wed Mar 18 19:14:38 IST 2026, 92 W
Wed Mar 18 19:14:38 IST 2026, 91 W
Wed Mar 18 19:14:39 IST 2026, 95 W
Wed Mar 18 19:14:39 IST 2026, 88 W
Wed Mar 18 19:14:39 IST 2026, 90 W
Wed Mar 18 19:14:39 IST 2026, 96 W
Wed Mar 18 19:14:40 IST 2026, 96 W
Wed Mar 18 19:14:40 IST 2026, 88 W
Wed Mar 18 19:14:40 IST 2026, 88 W
Wed Mar 18 19:14:40 IST 2026, 93 W
Wed Mar 18 19:14:41 IST 2026, 98 W
Wed Mar 18 19:14:41 IST 2026, 95 W
Wed Mar 18 19:14:41 IST 2026, 93 W
Wed Mar 18 19:14:41 IST 2026, 93 W
Wed Mar 18 19:14:42 IST 2026, 98 W
Wed Mar 18 19:14:42 IST 2026, 86 W
Wed Mar 18 19:14:42 IST 2026, 93 W
Wed Mar 18 19:14:42 IST 2026, 89 W
Wed Mar 18 19:14:43 IST 2026, 93 W
Wed Mar 18 19:14:43 IST 2026, 92 W
Wed Mar 18 19:14:43 IST 2026, 92 W
Wed Mar 18 19:14:43 IST 2026, 87 W
Wed Mar 18 19:14:44 IST 2026, 96 W
Wed Mar 18 19:14:44 IST 2026, 91 W
Wed Mar 18 19:14:44 IST 2026, 92 W
Wed Mar 18 19:14:44 IST 2026, 95 W
Wed Mar 18 19:14:45 IST 2026, 93 W
Wed Mar 18 19:14:45 IST 2026, 89 W
Wed Mar 18 19:14:45 IST 2026, 92 W
Wed Mar 18 19:14:45 IST 2026, 91 W
Wed Mar 18 19:14:46 IST 2026, 95 W
Wed Mar 18 19:14:46 IST 2026, 90 W
Wed Mar 18 19:14:46 IST 2026, 91 W
Wed Mar 18 19:14:46 IST 2026, 93 W
Wed Mar 18 19:14:47 IST 2026, 101 W
Wed Mar 18 19:14:47 IST 2026, 88 W
Wed Mar 18 19:14:47 IST 2026, 97 W
Wed Mar 18 19:14:47 IST 2026, 85 W
Wed Mar 18 19:14:48 IST 2026, 96 W
Wed Mar 18 19:14:48 IST 2026, 97 W
Wed Mar 18 19:14:48 IST 2026, 93 W
Wed Mar 18 19:14:48 IST 2026, 88 W
Wed Mar 18 19:14:49 IST 2026, 103 W
Wed Mar 18 19:14:49 IST 2026, 91 W
Wed Mar 18 19:14:49 IST 2026, 88 W
Wed Mar 18 19:14:49 IST 2026, 91 W
Wed Mar 18 19:14:50 IST 2026, 91 W
Wed Mar 18 19:14:50 IST 2026, 93 W
Wed Mar 18 19:14:50 IST 2026, 89 W
Wed Mar 18 19:14:50 IST 2026, 88 W
Wed Mar 18 19:14:51 IST 2026, 100 W
Wed Mar 18 19:14:51 IST 2026, 89 W
Wed Mar 18 19:14:51 IST 2026, 90 W
Wed Mar 18 19:14:51 IST 2026, 84 W
Wed Mar 18 19:14:52 IST 2026, 102 W
Wed Mar 18 19:14:52 IST 2026, 92 W
Wed Mar 18 19:14:52 IST 2026, 92 W
Wed Mar 18 19:14:52 IST 2026, 94 W
Wed Mar 18 19:14:53 IST 2026, 96 W
Wed Mar 18 19:14:53 IST 2026, 92 W
Wed Mar 18 19:14:53 IST 2026, 91 W
Wed Mar 18 19:14:53 IST 2026, 90 W
Wed Mar 18 19:14:54 IST 2026, 98 W
Wed Mar 18 19:14:54 IST 2026, 86 W
Wed Mar 18 19:14:54 IST 2026, 95 W
Wed Mar 18 19:14:54 IST 2026, 89 W
Wed Mar 18 19:14:55 IST 2026, 100 W
Wed Mar 18 19:14:55 IST 2026, 91 W
Wed Mar 18 19:14:55 IST 2026, 89 W
Wed Mar 18 19:14:55 IST 2026, 94 W
Wed Mar 18 19:14:56 IST 2026, 95 W
Wed Mar 18 19:14:56 IST 2026, 97 W
Wed Mar 18 19:14:56 IST 2026, 91 W
Wed Mar 18 19:14:56 IST 2026, 93 W
Wed Mar 18 19:14:57 IST 2026, 98 W
Wed Mar 18 19:14:57 IST 2026, 90 W
Wed Mar 18 19:14:57 IST 2026, 92 W
Wed Mar 18 19:14:57 IST 2026, 86 W
Wed Mar 18 19:14:58 IST 2026, 94 W
Wed Mar 18 19:14:58 IST 2026, 92 W
Wed Mar 18 19:14:58 IST 2026, 87 W
Wed Mar 18 19:14:58 IST 2026, 90 W
Wed Mar 18 19:14:59 IST 2026, 102 W
Wed Mar 18 19:14:59 IST 2026, 89 W
Wed Mar 18 19:14:59 IST 2026, 90 W
Wed Mar 18 19:14:59 IST 2026, 88 W
Wed Mar 18 19:15:00 IST 2026, 99 W
Wed Mar 18 19:15:00 IST 2026, 93 W
Wed Mar 18 19:15:00 IST 2026, 90 W
Wed Mar 18 19:15:00 IST 2026, 95 W
Wed Mar 18 19:15:01 IST 2026, 98 W
Wed Mar 18 19:15:01 IST 2026, 93 W
Wed Mar 18 19:15:01 IST 2026, 86 W
Wed Mar 18 19:15:01 IST 2026, 91 W
Wed Mar 18 19:15:02 IST 2026, 97 W
Wed Mar 18 19:15:02 IST 2026, 90 W
Wed Mar 18 19:15:02 IST 2026, 96 W
Wed Mar 18 19:15:02 IST 2026, 90 W
Wed Mar 18 19:15:03 IST 2026, 101 W
Wed Mar 18 19:15:03 IST 2026, 88 W
Wed Mar 18 19:15:03 IST 2026, 87 W
Wed Mar 18 19:15:03 IST 2026, 90 W
Wed Mar 18 19:15:05 IST 2026, 99 W
Wed Mar 18 19:15:05 IST 2026, 91 W
Wed Mar 18 19:15:05 IST 2026, 96 W
Wed Mar 18 19:15:05 IST 2026, 94 W
Wed Mar 18 19:15:05 IST 2026, 96 W
Wed Mar 18 19:15:05 IST 2026, 94 W
Wed Mar 18 19:15:05 IST 2026, 90 W
Wed Mar 18 19:15:05 IST 2026, 98 W
Wed Mar 18 19:15:06 IST 2026, 100 W
Wed Mar 18 19:15:06 IST 2026, 90 W
Wed Mar 18 19:15:06 IST 2026, 91 W
Wed Mar 18 19:15:06 IST 2026, 90 W
Wed Mar 18 19:15:07 IST 2026, 97 W
Wed Mar 18 19:15:07 IST 2026, 93 W
Wed Mar 18 19:15:07 IST 2026, 94 W
Wed Mar 18 19:15:07 IST 2026, 97 W
Wed Mar 18 19:15:08 IST 2026, 96 W
Wed Mar 18 19:15:08 IST 2026, 88 W
Wed Mar 18 19:15:08 IST 2026, 95 W
Wed Mar 18 19:15:08 IST 2026, 85 W
Wed Mar 18 19:15:09 IST 2026, 93 W
Wed Mar 18 19:15:09 IST 2026, 92 W
Wed Mar 18 19:15:09 IST 2026, 95 W
Wed Mar 18 19:15:09 IST 2026, 90 W
Wed Mar 18 19:15:11 IST 2026, 103 W
Wed Mar 18 19:15:11 IST 2026, 92 W
Wed Mar 18 19:15:11 IST 2026, 94 W
Wed Mar 18 19:15:11 IST 2026, 92 W
Wed Mar 18 19:15:11 IST 2026, 92 W
Wed Mar 18 19:15:11 IST 2026, 91 W
Wed Mar 18 19:15:11 IST 2026, 95 W
Wed Mar 18 19:15:11 IST 2026, 91 W
Wed Mar 18 19:15:12 IST 2026, 94 W
Wed Mar 18 19:15:12 IST 2026, 88 W
Wed Mar 18 19:15:12 IST 2026, 88 W
Wed Mar 18 19:15:12 IST 2026, 90 W
Wed Mar 18 19:15:13 IST 2026, 93 W
Wed Mar 18 19:15:13 IST 2026, 93 W
Wed Mar 18 19:15:13 IST 2026, 89 W
Wed Mar 18 19:15:13 IST 2026, 89 W
Wed Mar 18 19:15:14 IST 2026, 100 W
Wed Mar 18 19:15:14 IST 2026, 95 W
Wed Mar 18 19:15:14 IST 2026, 91 W
Wed Mar 18 19:15:14 IST 2026, 93 W
Wed Mar 18 19:15:15 IST 2026, 103 W
Wed Mar 18 19:15:15 IST 2026, 93 W
Wed Mar 18 19:15:15 IST 2026, 88 W
Wed Mar 18 19:15:15 IST 2026, 94 W
Wed Mar 18 19:15:16 IST 2026, 95 W
Wed Mar 18 19:15:16 IST 2026, 90 W
Wed Mar 18 19:15:16 IST 2026, 96 W
Wed Mar 18 19:15:16 IST 2026, 91 W
Wed Mar 18 19:15:17 IST 2026, 98 W
Wed Mar 18 19:15:17 IST 2026, 96 W
Wed Mar 18 19:15:17 IST 2026, 91 W
Wed Mar 18 19:15:17 IST 2026, 94 W
Wed Mar 18 19:15:18 IST 2026, 96 W
Wed Mar 18 19:15:18 IST 2026, 92 W
Wed Mar 18 19:15:18 IST 2026, 86 W
Wed Mar 18 19:15:18 IST 2026, 89 W
Wed Mar 18 19:15:19 IST 2026, 95 W
Wed Mar 18 19:15:19 IST 2026, 94 W
Wed Mar 18 19:15:19 IST 2026, 89 W
Wed Mar 18 19:15:19 IST 2026, 90 W
Wed Mar 18 19:15:20 IST 2026, 99 W
Wed Mar 18 19:15:20 IST 2026, 90 W
Wed Mar 18 19:15:20 IST 2026, 90 W
Wed Mar 18 19:15:20 IST 2026, 95 W
Wed Mar 18 19:15:21 IST 2026, 96 W
Wed Mar 18 19:15:21 IST 2026, 93 W
Wed Mar 18 19:15:21 IST 2026, 93 W
Wed Mar 18 19:15:21 IST 2026, 88 W
Wed Mar 18 19:15:22 IST 2026, 95 W
Wed Mar 18 19:15:22 IST 2026, 91 W
Wed Mar 18 19:15:22 IST 2026, 90 W
Wed Mar 18 19:15:22 IST 2026, 87 W
Wed Mar 18 19:15:23 IST 2026, 98 W
Wed Mar 18 19:15:23 IST 2026, 91 W
Wed Mar 18 19:15:23 IST 2026, 94 W
Wed Mar 18 19:15:23 IST 2026, 89 W
Wed Mar 18 19:15:24 IST 2026, 96 W
Wed Mar 18 19:15:24 IST 2026, 88 W
Wed Mar 18 19:15:24 IST 2026, 91 W
Wed Mar 18 19:15:24 IST 2026, 93 W
Wed Mar 18 19:15:25 IST 2026, 94 W
Wed Mar 18 19:15:25 IST 2026, 98 W
Wed Mar 18 19:15:25 IST 2026, 93 W
Wed Mar 18 19:15:25 IST 2026, 92 W
Wed Mar 18 19:15:26 IST 2026, 98 W
Wed Mar 18 19:15:26 IST 2026, 91 W
Wed Mar 18 19:15:26 IST 2026, 91 W
Wed Mar 18 19:15:26 IST 2026, 91 W
Wed Mar 18 19:15:27 IST 2026, 96 W
Wed Mar 18 19:15:27 IST 2026, 94 W
Wed Mar 18 19:15:27 IST 2026, 88 W
Wed Mar 18 19:15:27 IST 2026, 94 W
Wed Mar 18 19:15:28 IST 2026, 98 W
Wed Mar 18 19:15:28 IST 2026, 86 W
Wed Mar 18 19:15:28 IST 2026, 88 W
Wed Mar 18 19:15:28 IST 2026, 90 W
Wed Mar 18 19:15:29 IST 2026, 99 W
Wed Mar 18 19:15:29 IST 2026, 94 W
Wed Mar 18 19:15:29 IST 2026, 93 W
Wed Mar 18 19:15:29 IST 2026, 86 W
Wed Mar 18 19:15:30 IST 2026, 93 W
Wed Mar 18 19:15:30 IST 2026, 90 W
Wed Mar 18 19:15:30 IST 2026, 95 W
Wed Mar 18 19:15:30 IST 2026, 95 W
Wed Mar 18 19:15:31 IST 2026, 99 W
Wed Mar 18 19:15:31 IST 2026, 94 W
Wed Mar 18 19:15:31 IST 2026, 91 W
Wed Mar 18 19:15:31 IST 2026, 86 W
Wed Mar 18 19:15:32 IST 2026, 102 W
Wed Mar 18 19:15:32 IST 2026, 92 W
Wed Mar 18 19:15:32 IST 2026, 89 W
Wed Mar 18 19:15:32 IST 2026, 89 W
Wed Mar 18 19:15:33 IST 2026, 91 W
Wed Mar 18 19:15:33 IST 2026, 86 W
Wed Mar 18 19:15:33 IST 2026, 90 W
Wed Mar 18 19:15:33 IST 2026, 85 W
Wed Mar 18 19:15:34 IST 2026, 100 W
Wed Mar 18 19:15:34 IST 2026, 90 W
Wed Mar 18 19:15:34 IST 2026, 91 W
Wed Mar 18 19:15:34 IST 2026, 90 W
Wed Mar 18 19:15:35 IST 2026, 97 W
Wed Mar 18 19:15:35 IST 2026, 94 W
Wed Mar 18 19:15:35 IST 2026, 89 W
Wed Mar 18 19:15:35 IST 2026, 90 W
Wed Mar 18 19:15:36 IST 2026, 97 W
Wed Mar 18 19:15:36 IST 2026, 91 W
Wed Mar 18 19:15:36 IST 2026, 88 W
Wed Mar 18 19:15:36 IST 2026, 90 W
Wed Mar 18 19:15:37 IST 2026, 98 W
Wed Mar 18 19:15:37 IST 2026, 87 W
Wed Mar 18 19:15:37 IST 2026, 92 W
Wed Mar 18 19:15:37 IST 2026, 94 W
Wed Mar 18 19:15:38 IST 2026, 96 W
Wed Mar 18 19:15:38 IST 2026, 96 W
Wed Mar 18 19:15:38 IST 2026, 95 W
Wed Mar 18 19:15:38 IST 2026, 89 W
Wed Mar 18 19:15:39 IST 2026, 91 W
Wed Mar 18 19:15:39 IST 2026, 86 W
Wed Mar 18 19:15:39 IST 2026, 95 W
Wed Mar 18 19:15:39 IST 2026, 89 W
Wed Mar 18 19:15:40 IST 2026, 95 W
Wed Mar 18 19:15:40 IST 2026, 91 W
Wed Mar 18 19:15:40 IST 2026, 89 W
Wed Mar 18 19:15:40 IST 2026, 91 W
Wed Mar 18 19:15:41 IST 2026, 97 W
Wed Mar 18 19:15:41 IST 2026, 92 W
Wed Mar 18 19:15:41 IST 2026, 89 W
Wed Mar 18 19:15:41 IST 2026, 94 W
Wed Mar 18 19:15:42 IST 2026, 94 W
Wed Mar 18 19:15:42 IST 2026, 90 W
Wed Mar 18 19:15:42 IST 2026, 89 W
Wed Mar 18 19:15:42 IST 2026, 92 W
Wed Mar 18 19:15:43 IST 2026, 99 W
Wed Mar 18 19:15:43 IST 2026, 88 W
Wed Mar 18 19:15:43 IST 2026, 92 W
Wed Mar 18 19:15:43 IST 2026, 91 W
Wed Mar 18 19:15:44 IST 2026, 97 W
Wed Mar 18 19:15:44 IST 2026, 88 W
Wed Mar 18 19:15:44 IST 2026, 85 W
Wed Mar 18 19:15:44 IST 2026, 93 W
Wed Mar 18 19:15:45 IST 2026, 100 W
Wed Mar 18 19:15:45 IST 2026, 88 W
Wed Mar 18 19:15:45 IST 2026, 89 W
Wed Mar 18 19:15:45 IST 2026, 88 W
Wed Mar 18 19:15:46 IST 2026, 95 W
Wed Mar 18 19:15:46 IST 2026, 88 W
Wed Mar 18 19:15:46 IST 2026, 97 W
Wed Mar 18 19:15:46 IST 2026, 89 W
Wed Mar 18 19:15:47 IST 2026, 93 W
Wed Mar 18 19:15:47 IST 2026, 92 W
Wed Mar 18 19:15:47 IST 2026, 90 W
Wed Mar 18 19:15:47 IST 2026, 95 W
Wed Mar 18 19:15:48 IST 2026, 97 W
Wed Mar 18 19:15:48 IST 2026, 88 W
Wed Mar 18 19:15:48 IST 2026, 89 W
Wed Mar 18 19:15:48 IST 2026, 100 W
Wed Mar 18 19:15:50 IST 2026, 101 W
Wed Mar 18 19:15:50 IST 2026, 94 W
Wed Mar 18 19:15:50 IST 2026, 95 W
Wed Mar 18 19:15:50 IST 2026, 92 W
Wed Mar 18 19:15:50 IST 2026, 102 W
Wed Mar 18 19:15:50 IST 2026, 93 W
Wed Mar 18 19:15:50 IST 2026, 90 W
Wed Mar 18 19:15:50 IST 2026, 94 W
Wed Mar 18 19:15:52 IST 2026, 95 W
Wed Mar 18 19:15:52 IST 2026, 95 W
Wed Mar 18 19:15:52 IST 2026, 89 W
Wed Mar 18 19:15:52 IST 2026, 95 W
Wed Mar 18 19:15:52 IST 2026, 95 W
Wed Mar 18 19:15:52 IST 2026, 93 W
Wed Mar 18 19:15:52 IST 2026, 87 W
Wed Mar 18 19:15:52 IST 2026, 95 W
Wed Mar 18 19:15:53 IST 2026, 100 W
Wed Mar 18 19:15:53 IST 2026, 88 W
Wed Mar 18 19:15:53 IST 2026, 95 W
Wed Mar 18 19:15:53 IST 2026, 91 W
Wed Mar 18 19:15:54 IST 2026, 99 W
Wed Mar 18 19:15:54 IST 2026, 88 W
Wed Mar 18 19:15:54 IST 2026, 90 W
Wed Mar 18 19:15:54 IST 2026, 87 W
Wed Mar 18 19:15:55 IST 2026, 92 W
Wed Mar 18 19:15:55 IST 2026, 91 W
Wed Mar 18 19:15:55 IST 2026, 87 W
Wed Mar 18 19:15:55 IST 2026, 95 W
Wed Mar 18 19:15:56 IST 2026, 92 W
Wed Mar 18 19:15:56 IST 2026, 95 W
Wed Mar 18 19:15:56 IST 2026, 93 W
Wed Mar 18 19:15:56 IST 2026, 92 W
Wed Mar 18 19:15:57 IST 2026, 95 W
Wed Mar 18 19:15:57 IST 2026, 89 W
Wed Mar 18 19:15:57 IST 2026, 93 W
Wed Mar 18 19:15:57 IST 2026, 92 W
Wed Mar 18 19:15:58 IST 2026, 92 W
Wed Mar 18 19:15:58 IST 2026, 96 W
Wed Mar 18 19:15:58 IST 2026, 89 W
Wed Mar 18 19:15:58 IST 2026, 90 W
Wed Mar 18 19:15:59 IST 2026, 101 W
Wed Mar 18 19:15:59 IST 2026, 89 W
Wed Mar 18 19:15:59 IST 2026, 92 W
Wed Mar 18 19:15:59 IST 2026, 90 W
Wed Mar 18 19:16:00 IST 2026, 101 W
Wed Mar 18 19:16:00 IST 2026, 89 W
Wed Mar 18 19:16:00 IST 2026, 89 W
Wed Mar 18 19:16:00 IST 2026, 92 W
Wed Mar 18 19:16:01 IST 2026, 95 W
Wed Mar 18 19:16:01 IST 2026, 87 W
Wed Mar 18 19:16:01 IST 2026, 92 W
Wed Mar 18 19:16:01 IST 2026, 92 W
Wed Mar 18 19:16:02 IST 2026, 96 W
Wed Mar 18 19:16:02 IST 2026, 88 W
Wed Mar 18 19:16:02 IST 2026, 94 W
Wed Mar 18 19:16:02 IST 2026, 90 W
Wed Mar 18 19:16:03 IST 2026, 99 W
Wed Mar 18 19:16:03 IST 2026, 92 W
Wed Mar 18 19:16:03 IST 2026, 91 W
Wed Mar 18 19:16:03 IST 2026, 96 W
Wed Mar 18 19:16:04 IST 2026, 101 W
Wed Mar 18 19:16:04 IST 2026, 85 W
Wed Mar 18 19:16:04 IST 2026, 89 W
Wed Mar 18 19:16:04 IST 2026, 97 W
Wed Mar 18 19:16:05 IST 2026, 102 W
Wed Mar 18 19:16:05 IST 2026, 92 W
Wed Mar 18 19:16:05 IST 2026, 94 W
Wed Mar 18 19:16:05 IST 2026, 92 W
Wed Mar 18 19:16:06 IST 2026, 101 W
Wed Mar 18 19:16:06 IST 2026, 91 W
Wed Mar 18 19:16:06 IST 2026, 86 W
Wed Mar 18 19:16:06 IST 2026, 98 W
Wed Mar 18 19:16:07 IST 2026, 98 W
Wed Mar 18 19:16:07 IST 2026, 86 W
Wed Mar 18 19:16:07 IST 2026, 94 W
Wed Mar 18 19:16:07 IST 2026, 90 W
Wed Mar 18 19:16:08 IST 2026, 101 W
Wed Mar 18 19:16:08 IST 2026, 98 W
Wed Mar 18 19:16:08 IST 2026, 93 W
Wed Mar 18 19:16:08 IST 2026, 90 W
Wed Mar 18 19:16:09 IST 2026, 98 W
Wed Mar 18 19:16:09 IST 2026, 89 W
Wed Mar 18 19:16:09 IST 2026, 92 W
Wed Mar 18 19:16:09 IST 2026, 96 W
Wed Mar 18 19:16:10 IST 2026, 93 W
Wed Mar 18 19:16:10 IST 2026, 91 W
Wed Mar 18 19:16:10 IST 2026, 94 W
Wed Mar 18 19:16:10 IST 2026, 96 W
Wed Mar 18 19:16:11 IST 2026, 99 W
Wed Mar 18 19:16:11 IST 2026, 88 W
Wed Mar 18 19:16:11 IST 2026, 89 W
Wed Mar 18 19:16:11 IST 2026, 93 W
Wed Mar 18 19:16:12 IST 2026, 97 W
Wed Mar 18 19:16:12 IST 2026, 97 W
Wed Mar 18 19:16:12 IST 2026, 85 W
Wed Mar 18 19:16:12 IST 2026, 86 W
Wed Mar 18 19:16:13 IST 2026, 98 W
Wed Mar 18 19:16:13 IST 2026, 97 W
Wed Mar 18 19:16:13 IST 2026, 90 W
Wed Mar 18 19:16:13 IST 2026, 86 W
Wed Mar 18 19:16:14 IST 2026, 98 W
Wed Mar 18 19:16:14 IST 2026, 88 W
Wed Mar 18 19:16:14 IST 2026, 89 W
Wed Mar 18 19:16:14 IST 2026, 89 W
Wed Mar 18 19:16:15 IST 2026, 98 W
Wed Mar 18 19:16:15 IST 2026, 94 W
Wed Mar 18 19:16:15 IST 2026, 89 W
Wed Mar 18 19:16:15 IST 2026, 92 W
Wed Mar 18 19:16:16 IST 2026, 97 W
Wed Mar 18 19:16:16 IST 2026, 95 W
Wed Mar 18 19:16:16 IST 2026, 89 W
Wed Mar 18 19:16:16 IST 2026, 94 W
Wed Mar 18 19:16:17 IST 2026, 92 W
Wed Mar 18 19:16:17 IST 2026, 93 W
Wed Mar 18 19:16:17 IST 2026, 90 W
Wed Mar 18 19:16:17 IST 2026, 89 W
Wed Mar 18 19:16:18 IST 2026, 103 W
Wed Mar 18 19:16:18 IST 2026, 87 W
Wed Mar 18 19:16:18 IST 2026, 88 W
Wed Mar 18 19:16:18 IST 2026, 91 W
Wed Mar 18 19:16:19 IST 2026, 92 W
Wed Mar 18 19:16:19 IST 2026, 85 W
Wed Mar 18 19:16:19 IST 2026, 88 W
Wed Mar 18 19:16:19 IST 2026, 94 W
Wed Mar 18 19:16:20 IST 2026, 98 W
Wed Mar 18 19:16:20 IST 2026, 88 W
Wed Mar 18 19:16:20 IST 2026, 93 W
Wed Mar 18 19:16:20 IST 2026, 91 W
Wed Mar 18 19:16:21 IST 2026, 98 W
Wed Mar 18 19:16:21 IST 2026, 93 W
Wed Mar 18 19:16:21 IST 2026, 91 W
Wed Mar 18 19:16:21 IST 2026, 88 W
Wed Mar 18 19:16:22 IST 2026, 97 W
Wed Mar 18 19:16:22 IST 2026, 91 W
Wed Mar 18 19:16:22 IST 2026, 98 W
Wed Mar 18 19:16:22 IST 2026, 88 W
Wed Mar 18 19:16:23 IST 2026, 95 W
Wed Mar 18 19:16:23 IST 2026, 91 W
Wed Mar 18 19:16:23 IST 2026, 94 W
Wed Mar 18 19:16:23 IST 2026, 87 W
Wed Mar 18 19:16:24 IST 2026, 98 W
Wed Mar 18 19:16:24 IST 2026, 95 W
Wed Mar 18 19:16:24 IST 2026, 96 W
Wed Mar 18 19:16:24 IST 2026, 91 W
Wed Mar 18 19:16:25 IST 2026, 99 W
Wed Mar 18 19:16:25 IST 2026, 94 W
Wed Mar 18 19:16:25 IST 2026, 90 W
Wed Mar 18 19:16:25 IST 2026, 91 W
Wed Mar 18 19:16:27 IST 2026, 95 W
Wed Mar 18 19:16:27 IST 2026, 91 W
Wed Mar 18 19:16:27 IST 2026, 94 W
Wed Mar 18 19:16:27 IST 2026, 88 W
Wed Mar 18 19:16:27 IST 2026, 102 W
Wed Mar 18 19:16:27 IST 2026, 94 W
Wed Mar 18 19:16:27 IST 2026, 96 W
Wed Mar 18 19:16:27 IST 2026, 94 W
Wed Mar 18 19:16:28 IST 2026, 97 W
Wed Mar 18 19:16:28 IST 2026, 89 W
Wed Mar 18 19:16:28 IST 2026, 87 W
Wed Mar 18 19:16:28 IST 2026, 85 W
Wed Mar 18 19:16:30 IST 2026, 97 W
Wed Mar 18 19:16:30 IST 2026, 94 W
Wed Mar 18 19:16:30 IST 2026, 87 W
Wed Mar 18 19:16:30 IST 2026, 90 W
Wed Mar 18 19:16:30 IST 2026, 98 W
Wed Mar 18 19:16:30 IST 2026, 91 W
Wed Mar 18 19:16:30 IST 2026, 94 W
Wed Mar 18 19:16:30 IST 2026, 91 W
Wed Mar 18 19:16:31 IST 2026, 98 W
Wed Mar 18 19:16:31 IST 2026, 90 W
Wed Mar 18 19:16:31 IST 2026, 94 W
Wed Mar 18 19:16:31 IST 2026, 92 W
Wed Mar 18 19:16:32 IST 2026, 96 W
Wed Mar 18 19:16:32 IST 2026, 89 W
Wed Mar 18 19:16:32 IST 2026, 90 W
Wed Mar 18 19:16:32 IST 2026, 93 W
Wed Mar 18 19:16:33 IST 2026, 98 W
Wed Mar 18 19:16:33 IST 2026, 91 W
Wed Mar 18 19:16:33 IST 2026, 91 W
Wed Mar 18 19:16:33 IST 2026, 90 W
Wed Mar 18 19:16:34 IST 2026, 101 W
Wed Mar 18 19:16:34 IST 2026, 94 W
Wed Mar 18 19:16:34 IST 2026, 94 W
Wed Mar 18 19:16:34 IST 2026, 91 W
Wed Mar 18 19:16:35 IST 2026, 99 W
Wed Mar 18 19:16:35 IST 2026, 88 W
Wed Mar 18 19:16:35 IST 2026, 92 W
Wed Mar 18 19:16:35 IST 2026, 93 W
Wed Mar 18 19:16:36 IST 2026, 96 W
Wed Mar 18 19:16:36 IST 2026, 89 W
Wed Mar 18 19:16:36 IST 2026, 90 W
Wed Mar 18 19:16:36 IST 2026, 92 W
Wed Mar 18 19:16:37 IST 2026, 98 W
Wed Mar 18 19:16:37 IST 2026, 96 W
Wed Mar 18 19:16:37 IST 2026, 92 W
Wed Mar 18 19:16:37 IST 2026, 89 W
Wed Mar 18 19:16:38 IST 2026, 97 W
Wed Mar 18 19:16:38 IST 2026, 94 W
Wed Mar 18 19:16:38 IST 2026, 86 W
Wed Mar 18 19:16:38 IST 2026, 89 W
Wed Mar 18 19:16:39 IST 2026, 100 W
Wed Mar 18 19:16:39 IST 2026, 89 W
Wed Mar 18 19:16:39 IST 2026, 93 W
Wed Mar 18 19:16:39 IST 2026, 91 W
Wed Mar 18 19:16:40 IST 2026, 95 W
Wed Mar 18 19:16:40 IST 2026, 92 W
Wed Mar 18 19:16:40 IST 2026, 87 W
Wed Mar 18 19:16:40 IST 2026, 88 W
Wed Mar 18 19:16:41 IST 2026, 98 W
Wed Mar 18 19:16:41 IST 2026, 95 W
Wed Mar 18 19:16:41 IST 2026, 88 W
Wed Mar 18 19:16:41 IST 2026, 85 W
Wed Mar 18 19:16:42 IST 2026, 96 W
Wed Mar 18 19:16:42 IST 2026, 87 W
Wed Mar 18 19:16:42 IST 2026, 94 W
Wed Mar 18 19:16:42 IST 2026, 91 W
Wed Mar 18 19:16:43 IST 2026, 101 W
Wed Mar 18 19:16:43 IST 2026, 92 W
Wed Mar 18 19:16:43 IST 2026, 91 W
Wed Mar 18 19:16:43 IST 2026, 89 W
Wed Mar 18 19:16:44 IST 2026, 96 W
Wed Mar 18 19:16:44 IST 2026, 95 W
Wed Mar 18 19:16:44 IST 2026, 94 W
Wed Mar 18 19:16:44 IST 2026, 94 W
Wed Mar 18 19:16:45 IST 2026, 99 W
Wed Mar 18 19:16:45 IST 2026, 96 W
Wed Mar 18 19:16:45 IST 2026, 93 W
Wed Mar 18 19:16:45 IST 2026, 88 W
Wed Mar 18 19:16:46 IST 2026, 101 W
Wed Mar 18 19:16:46 IST 2026, 87 W
Wed Mar 18 19:16:46 IST 2026, 94 W
Wed Mar 18 19:16:46 IST 2026, 87 W
Wed Mar 18 19:16:47 IST 2026, 96 W
Wed Mar 18 19:16:47 IST 2026, 88 W
Wed Mar 18 19:16:47 IST 2026, 88 W
Wed Mar 18 19:16:47 IST 2026, 87 W
Wed Mar 18 19:16:48 IST 2026, 93 W
Wed Mar 18 19:16:48 IST 2026, 92 W
Wed Mar 18 19:16:48 IST 2026, 92 W
Wed Mar 18 19:16:48 IST 2026, 89 W
Wed Mar 18 19:16:49 IST 2026, 102 W
Wed Mar 18 19:16:49 IST 2026, 94 W
Wed Mar 18 19:16:49 IST 2026, 91 W
Wed Mar 18 19:16:49 IST 2026, 91 W
Wed Mar 18 19:16:50 IST 2026, 97 W
Wed Mar 18 19:16:50 IST 2026, 91 W
Wed Mar 18 19:16:50 IST 2026, 88 W
Wed Mar 18 19:16:50 IST 2026, 92 W
Wed Mar 18 19:16:51 IST 2026, 96 W
Wed Mar 18 19:16:51 IST 2026, 90 W
Wed Mar 18 19:16:51 IST 2026, 89 W
Wed Mar 18 19:16:51 IST 2026, 91 W
Wed Mar 18 19:16:52 IST 2026, 99 W
Wed Mar 18 19:16:52 IST 2026, 91 W
Wed Mar 18 19:16:52 IST 2026, 97 W
Wed Mar 18 19:16:52 IST 2026, 90 W
Wed Mar 18 19:16:53 IST 2026, 94 W
Wed Mar 18 19:16:53 IST 2026, 86 W
Wed Mar 18 19:16:53 IST 2026, 92 W
Wed Mar 18 19:16:53 IST 2026, 91 W
Wed Mar 18 19:16:54 IST 2026, 90 W
Wed Mar 18 19:16:54 IST 2026, 90 W
Wed Mar 18 19:16:54 IST 2026, 85 W
Wed Mar 18 19:16:54 IST 2026, 87 W
Wed Mar 18 19:16:55 IST 2026, 93 W
Wed Mar 18 19:16:55 IST 2026, 98 W
Wed Mar 18 19:16:55 IST 2026, 86 W
Wed Mar 18 19:16:55 IST 2026, 88 W
Wed Mar 18 19:16:56 IST 2026, 95 W
Wed Mar 18 19:16:56 IST 2026, 89 W
Wed Mar 18 19:16:56 IST 2026, 89 W
Wed Mar 18 19:16:56 IST 2026, 96 W
Wed Mar 18 19:16:57 IST 2026, 94 W
Wed Mar 18 19:16:57 IST 2026, 97 W
Wed Mar 18 19:16:57 IST 2026, 96 W
Wed Mar 18 19:16:57 IST 2026, 91 W
Wed Mar 18 19:16:58 IST 2026, 98 W
Wed Mar 18 19:16:58 IST 2026, 89 W
Wed Mar 18 19:16:58 IST 2026, 93 W
Wed Mar 18 19:16:58 IST 2026, 94 W
Wed Mar 18 19:16:59 IST 2026, 93 W
Wed Mar 18 19:16:59 IST 2026, 89 W
Wed Mar 18 19:16:59 IST 2026, 94 W
Wed Mar 18 19:16:59 IST 2026, 86 W
Wed Mar 18 19:17:00 IST 2026, 93 W
Wed Mar 18 19:17:00 IST 2026, 87 W
Wed Mar 18 19:17:00 IST 2026, 86 W
Wed Mar 18 19:17:00 IST 2026, 86 W
Wed Mar 18 19:17:01 IST 2026, 98 W
Wed Mar 18 19:17:01 IST 2026, 95 W
Wed Mar 18 19:17:01 IST 2026, 96 W
Wed Mar 18 19:17:01 IST 2026, 91 W
Wed Mar 18 19:17:02 IST 2026, 95 W
Wed Mar 18 19:17:02 IST 2026, 91 W
Wed Mar 18 19:17:02 IST 2026, 93 W
Wed Mar 18 19:17:02 IST 2026, 90 W
Wed Mar 18 19:17:03 IST 2026, 99 W
Wed Mar 18 19:17:03 IST 2026, 88 W
Wed Mar 18 19:17:03 IST 2026, 90 W
Wed Mar 18 19:17:03 IST 2026, 97 W
Wed Mar 18 19:17:04 IST 2026, 94 W
Wed Mar 18 19:17:04 IST 2026, 87 W
Wed Mar 18 19:17:04 IST 2026, 88 W
Wed Mar 18 19:17:04 IST 2026, 90 W
Wed Mar 18 19:17:05 IST 2026, 97 W
Wed Mar 18 19:17:05 IST 2026, 92 W
Wed Mar 18 19:17:05 IST 2026, 89 W
Wed Mar 18 19:17:05 IST 2026, 89 W
Wed Mar 18 19:17:06 IST 2026, 98 W
Wed Mar 18 19:17:06 IST 2026, 86 W
Wed Mar 18 19:17:06 IST 2026, 91 W
Wed Mar 18 19:17:06 IST 2026, 90 W
Wed Mar 18 19:17:07 IST 2026, 98 W
Wed Mar 18 19:17:07 IST 2026, 92 W
Wed Mar 18 19:17:07 IST 2026, 90 W
Wed Mar 18 19:17:07 IST 2026, 94 W
Wed Mar 18 19:17:08 IST 2026, 94 W
Wed Mar 18 19:17:08 IST 2026, 95 W
Wed Mar 18 19:17:08 IST 2026, 94 W
Wed Mar 18 19:17:08 IST 2026, 90 W
Wed Mar 18 19:17:09 IST 2026, 94 W
Wed Mar 18 19:17:09 IST 2026, 87 W
Wed Mar 18 19:17:09 IST 2026, 86 W
Wed Mar 18 19:17:09 IST 2026, 94 W
Wed Mar 18 19:17:10 IST 2026, 95 W
Wed Mar 18 19:17:10 IST 2026, 88 W
Wed Mar 18 19:17:10 IST 2026, 88 W
Wed Mar 18 19:17:10 IST 2026, 97 W
Wed Mar 18 19:17:11 IST 2026, 101 W
Wed Mar 18 19:17:11 IST 2026, 92 W
Wed Mar 18 19:17:11 IST 2026, 90 W
Wed Mar 18 19:17:11 IST 2026, 87 W
Wed Mar 18 19:17:12 IST 2026, 97 W
Wed Mar 18 19:17:12 IST 2026, 93 W
Wed Mar 18 19:17:12 IST 2026, 93 W
Wed Mar 18 19:17:12 IST 2026, 87 W
Wed Mar 18 19:17:13 IST 2026, 98 W
Wed Mar 18 19:17:13 IST 2026, 92 W
Wed Mar 18 19:17:13 IST 2026, 90 W
Wed Mar 18 19:17:13 IST 2026, 91 W
Wed Mar 18 19:17:14 IST 2026, 97 W
Wed Mar 18 19:17:14 IST 2026, 88 W
Wed Mar 18 19:17:14 IST 2026, 90 W
Wed Mar 18 19:17:14 IST 2026, 94 W
Wed Mar 18 19:17:15 IST 2026, 98 W
Wed Mar 18 19:17:15 IST 2026, 92 W
Wed Mar 18 19:17:15 IST 2026, 90 W
Wed Mar 18 19:17:15 IST 2026, 93 W
Wed Mar 18 19:17:16 IST 2026, 98 W
Wed Mar 18 19:17:16 IST 2026, 94 W
Wed Mar 18 19:17:16 IST 2026, 89 W
Wed Mar 18 19:17:16 IST 2026, 85 W
Wed Mar 18 19:17:17 IST 2026, 96 W
Wed Mar 18 19:17:17 IST 2026, 93 W
Wed Mar 18 19:17:17 IST 2026, 91 W
Wed Mar 18 19:17:17 IST 2026, 92 W
Wed Mar 18 19:17:18 IST 2026, 95 W
Wed Mar 18 19:17:18 IST 2026, 92 W
Wed Mar 18 19:17:18 IST 2026, 93 W
Wed Mar 18 19:17:18 IST 2026, 93 W
Wed Mar 18 19:17:19 IST 2026, 94 W
Wed Mar 18 19:17:19 IST 2026, 92 W
Wed Mar 18 19:17:19 IST 2026, 88 W
Wed Mar 18 19:17:19 IST 2026, 88 W
Wed Mar 18 19:17:20 IST 2026, 93 W
Wed Mar 18 19:17:20 IST 2026, 88 W
Wed Mar 18 19:17:20 IST 2026, 96 W
Wed Mar 18 19:17:20 IST 2026, 93 W
Wed Mar 18 19:17:21 IST 2026, 96 W
Wed Mar 18 19:17:21 IST 2026, 88 W
Wed Mar 18 19:17:21 IST 2026, 87 W
Wed Mar 18 19:17:21 IST 2026, 86 W
Wed Mar 18 19:17:22 IST 2026, 98 W
Wed Mar 18 19:17:22 IST 2026, 89 W
Wed Mar 18 19:17:22 IST 2026, 89 W
Wed Mar 18 19:17:22 IST 2026, 88 W
Wed Mar 18 19:17:23 IST 2026, 99 W
Wed Mar 18 19:17:23 IST 2026, 93 W
Wed Mar 18 19:17:23 IST 2026, 92 W
Wed Mar 18 19:17:23 IST 2026, 95 W
Wed Mar 18 19:17:24 IST 2026, 102 W
Wed Mar 18 19:17:24 IST 2026, 96 W
Wed Mar 18 19:17:24 IST 2026, 93 W
Wed Mar 18 19:17:24 IST 2026, 95 W
Wed Mar 18 19:17:25 IST 2026, 96 W
Wed Mar 18 19:17:25 IST 2026, 92 W
Wed Mar 18 19:17:25 IST 2026, 91 W
Wed Mar 18 19:17:25 IST 2026, 93 W
Wed Mar 18 19:17:26 IST 2026, 101 W
Wed Mar 18 19:17:26 IST 2026, 93 W
Wed Mar 18 19:17:26 IST 2026, 94 W
Wed Mar 18 19:17:26 IST 2026, 91 W
Wed Mar 18 19:17:27 IST 2026, 97 W
Wed Mar 18 19:17:27 IST 2026, 87 W
Wed Mar 18 19:17:27 IST 2026, 89 W
Wed Mar 18 19:17:27 IST 2026, 87 W
Wed Mar 18 19:17:28 IST 2026, 96 W
Wed Mar 18 19:17:28 IST 2026, 90 W
Wed Mar 18 19:17:28 IST 2026, 89 W
Wed Mar 18 19:17:28 IST 2026, 94 W
Wed Mar 18 19:17:29 IST 2026, 95 W
Wed Mar 18 19:17:29 IST 2026, 96 W
Wed Mar 18 19:17:29 IST 2026, 93 W
Wed Mar 18 19:17:29 IST 2026, 91 W
Wed Mar 18 19:17:30 IST 2026, 97 W
Wed Mar 18 19:17:30 IST 2026, 88 W
Wed Mar 18 19:17:30 IST 2026, 92 W
Wed Mar 18 19:17:30 IST 2026, 87 W
Wed Mar 18 19:17:32 IST 2026, 101 W
Wed Mar 18 19:17:32 IST 2026, 90 W
Wed Mar 18 19:17:32 IST 2026, 86 W
Wed Mar 18 19:17:32 IST 2026, 86 W
Wed Mar 18 19:17:32 IST 2026, 99 W
Wed Mar 18 19:17:32 IST 2026, 88 W
Wed Mar 18 19:17:32 IST 2026, 94 W
Wed Mar 18 19:17:32 IST 2026, 87 W
Wed Mar 18 19:17:33 IST 2026, 97 W
Wed Mar 18 19:17:33 IST 2026, 92 W
Wed Mar 18 19:17:33 IST 2026, 88 W
Wed Mar 18 19:17:33 IST 2026, 98 W
Wed Mar 18 19:17:34 IST 2026, 97 W
Wed Mar 18 19:17:34 IST 2026, 85 W
Wed Mar 18 19:17:34 IST 2026, 89 W
Wed Mar 18 19:17:34 IST 2026, 89 W
Wed Mar 18 19:17:35 IST 2026, 94 W
Wed Mar 18 19:17:35 IST 2026, 93 W
Wed Mar 18 19:17:35 IST 2026, 85 W
Wed Mar 18 19:17:35 IST 2026, 96 W
Wed Mar 18 19:17:36 IST 2026, 98 W
Wed Mar 18 19:17:36 IST 2026, 95 W
Wed Mar 18 19:17:36 IST 2026, 89 W
Wed Mar 18 19:17:36 IST 2026, 93 W
Wed Mar 18 19:17:37 IST 2026, 98 W
Wed Mar 18 19:17:37 IST 2026, 93 W
Wed Mar 18 19:17:37 IST 2026, 90 W
Wed Mar 18 19:17:37 IST 2026, 89 W
Wed Mar 18 19:17:38 IST 2026, 96 W
Wed Mar 18 19:17:38 IST 2026, 92 W
Wed Mar 18 19:17:38 IST 2026, 86 W
Wed Mar 18 19:17:38 IST 2026, 92 W
Wed Mar 18 19:17:39 IST 2026, 101 W
Wed Mar 18 19:17:39 IST 2026, 92 W
Wed Mar 18 19:17:39 IST 2026, 89 W
Wed Mar 18 19:17:39 IST 2026, 91 W
Wed Mar 18 19:17:40 IST 2026, 98 W
Wed Mar 18 19:17:40 IST 2026, 88 W
Wed Mar 18 19:17:40 IST 2026, 94 W
Wed Mar 18 19:17:40 IST 2026, 92 W
Wed Mar 18 19:17:41 IST 2026, 104 W
Wed Mar 18 19:17:41 IST 2026, 92 W
Wed Mar 18 19:17:41 IST 2026, 91 W
Wed Mar 18 19:17:41 IST 2026, 93 W
Wed Mar 18 19:17:42 IST 2026, 96 W
Wed Mar 18 19:17:42 IST 2026, 89 W
Wed Mar 18 19:17:42 IST 2026, 97 W
Wed Mar 18 19:17:42 IST 2026, 90 W
Wed Mar 18 19:17:43 IST 2026, 97 W
Wed Mar 18 19:17:43 IST 2026, 93 W
Wed Mar 18 19:17:43 IST 2026, 93 W
Wed Mar 18 19:17:43 IST 2026, 92 W
Wed Mar 18 19:17:44 IST 2026, 99 W
Wed Mar 18 19:17:44 IST 2026, 91 W
Wed Mar 18 19:17:44 IST 2026, 89 W
Wed Mar 18 19:17:44 IST 2026, 90 W
Wed Mar 18 19:17:45 IST 2026, 97 W
Wed Mar 18 19:17:45 IST 2026, 95 W
Wed Mar 18 19:17:45 IST 2026, 93 W
Wed Mar 18 19:17:45 IST 2026, 86 W
Wed Mar 18 19:17:46 IST 2026, 93 W
Wed Mar 18 19:17:46 IST 2026, 88 W
Wed Mar 18 19:17:46 IST 2026, 94 W
Wed Mar 18 19:17:46 IST 2026, 92 W
Wed Mar 18 19:17:47 IST 2026, 98 W
Wed Mar 18 19:17:47 IST 2026, 88 W
Wed Mar 18 19:17:47 IST 2026, 97 W
Wed Mar 18 19:17:47 IST 2026, 87 W
Wed Mar 18 19:17:48 IST 2026, 94 W
Wed Mar 18 19:17:48 IST 2026, 95 W
Wed Mar 18 19:17:48 IST 2026, 91 W
Wed Mar 18 19:17:48 IST 2026, 98 W
Wed Mar 18 19:17:49 IST 2026, 97 W
Wed Mar 18 19:17:49 IST 2026, 92 W
Wed Mar 18 19:17:49 IST 2026, 93 W
Wed Mar 18 19:17:49 IST 2026, 93 W
Wed Mar 18 19:17:50 IST 2026, 102 W
Wed Mar 18 19:17:50 IST 2026, 91 W
Wed Mar 18 19:17:50 IST 2026, 86 W
Wed Mar 18 19:17:50 IST 2026, 88 W
Wed Mar 18 19:17:51 IST 2026, 100 W
Wed Mar 18 19:17:51 IST 2026, 95 W
Wed Mar 18 19:17:51 IST 2026, 90 W
Wed Mar 18 19:17:51 IST 2026, 92 W
Wed Mar 18 19:17:52 IST 2026, 98 W
Wed Mar 18 19:17:52 IST 2026, 92 W
Wed Mar 18 19:17:52 IST 2026, 85 W
Wed Mar 18 19:17:52 IST 2026, 89 W
Wed Mar 18 19:17:53 IST 2026, 101 W
Wed Mar 18 19:17:53 IST 2026, 96 W
Wed Mar 18 19:17:53 IST 2026, 93 W
Wed Mar 18 19:17:53 IST 2026, 92 W
Wed Mar 18 19:17:54 IST 2026, 99 W
Wed Mar 18 19:17:54 IST 2026, 90 W
Wed Mar 18 19:17:54 IST 2026, 85 W
Wed Mar 18 19:17:54 IST 2026, 94 W
Wed Mar 18 19:17:55 IST 2026, 100 W
Wed Mar 18 19:17:55 IST 2026, 90 W
Wed Mar 18 19:17:55 IST 2026, 97 W
Wed Mar 18 19:17:55 IST 2026, 91 W
Wed Mar 18 19:17:56 IST 2026, 99 W
Wed Mar 18 19:17:56 IST 2026, 99 W
Wed Mar 18 19:17:56 IST 2026, 86 W
Wed Mar 18 19:17:56 IST 2026, 85 W
Wed Mar 18 19:17:57 IST 2026, 96 W
Wed Mar 18 19:17:57 IST 2026, 95 W
Wed Mar 18 19:17:57 IST 2026, 85 W
Wed Mar 18 19:17:57 IST 2026, 97 W
Wed Mar 18 19:17:58 IST 2026, 97 W
Wed Mar 18 19:17:58 IST 2026, 91 W
Wed Mar 18 19:17:58 IST 2026, 96 W
Wed Mar 18 19:17:58 IST 2026, 92 W
Wed Mar 18 19:17:59 IST 2026, 100 W
Wed Mar 18 19:17:59 IST 2026, 91 W
Wed Mar 18 19:17:59 IST 2026, 89 W
Wed Mar 18 19:17:59 IST 2026, 94 W
Wed Mar 18 19:18:00 IST 2026, 98 W
Wed Mar 18 19:18:00 IST 2026, 95 W
Wed Mar 18 19:18:00 IST 2026, 92 W
Wed Mar 18 19:18:00 IST 2026, 91 W
Wed Mar 18 19:18:01 IST 2026, 93 W
Wed Mar 18 19:18:01 IST 2026, 88 W
Wed Mar 18 19:18:01 IST 2026, 94 W
Wed Mar 18 19:18:01 IST 2026, 91 W
Wed Mar 18 19:18:02 IST 2026, 99 W
Wed Mar 18 19:18:02 IST 2026, 97 W
Wed Mar 18 19:18:02 IST 2026, 93 W
Wed Mar 18 19:18:02 IST 2026, 88 W
Wed Mar 18 19:18:03 IST 2026, 99 W
Wed Mar 18 19:18:03 IST 2026, 86 W
Wed Mar 18 19:18:03 IST 2026, 93 W
Wed Mar 18 19:18:03 IST 2026, 96 W
Wed Mar 18 19:18:04 IST 2026, 98 W
Wed Mar 18 19:18:04 IST 2026, 92 W
Wed Mar 18 19:18:04 IST 2026, 91 W
Wed Mar 18 19:18:04 IST 2026, 88 W
Wed Mar 18 19:18:05 IST 2026, 94 W
Wed Mar 18 19:18:05 IST 2026, 94 W
Wed Mar 18 19:18:05 IST 2026, 96 W
Wed Mar 18 19:18:05 IST 2026, 96 W
Wed Mar 18 19:18:06 IST 2026, 94 W
Wed Mar 18 19:18:06 IST 2026, 95 W
Wed Mar 18 19:18:06 IST 2026, 83 W
Wed Mar 18 19:18:06 IST 2026, 88 W
Wed Mar 18 19:18:07 IST 2026, 101 W
Wed Mar 18 19:18:07 IST 2026, 98 W
Wed Mar 18 19:18:07 IST 2026, 87 W
Wed Mar 18 19:18:07 IST 2026, 89 W
Wed Mar 18 19:18:08 IST 2026, 95 W
Wed Mar 18 19:18:08 IST 2026, 91 W
Wed Mar 18 19:18:08 IST 2026, 90 W
Wed Mar 18 19:18:08 IST 2026, 97 W
Wed Mar 18 19:18:09 IST 2026, 98 W
Wed Mar 18 19:18:09 IST 2026, 91 W
Wed Mar 18 19:18:09 IST 2026, 88 W
Wed Mar 18 19:18:09 IST 2026, 90 W
Wed Mar 18 19:18:10 IST 2026, 95 W
Wed Mar 18 19:18:10 IST 2026, 93 W
Wed Mar 18 19:18:10 IST 2026, 86 W
Wed Mar 18 19:18:10 IST 2026, 93 W
Wed Mar 18 19:18:11 IST 2026, 94 W
Wed Mar 18 19:18:11 IST 2026, 95 W
Wed Mar 18 19:18:11 IST 2026, 90 W
Wed Mar 18 19:18:11 IST 2026, 95 W
Wed Mar 18 19:18:12 IST 2026, 98 W
Wed Mar 18 19:18:12 IST 2026, 89 W
Wed Mar 18 19:18:12 IST 2026, 97 W
Wed Mar 18 19:18:12 IST 2026, 90 W
Wed Mar 18 19:18:13 IST 2026, 96 W
Wed Mar 18 19:18:13 IST 2026, 89 W
Wed Mar 18 19:18:13 IST 2026, 94 W
Wed Mar 18 19:18:13 IST 2026, 88 W
Wed Mar 18 19:18:14 IST 2026, 97 W
Wed Mar 18 19:18:14 IST 2026, 91 W
Wed Mar 18 19:18:14 IST 2026, 92 W
Wed Mar 18 19:18:14 IST 2026, 92 W
Wed Mar 18 19:18:15 IST 2026, 98 W
Wed Mar 18 19:18:15 IST 2026, 90 W
Wed Mar 18 19:18:15 IST 2026, 88 W
Wed Mar 18 19:18:15 IST 2026, 94 W
Wed Mar 18 19:18:16 IST 2026, 95 W
Wed Mar 18 19:18:16 IST 2026, 94 W
Wed Mar 18 19:18:16 IST 2026, 86 W
Wed Mar 18 19:18:16 IST 2026, 90 W
Wed Mar 18 19:18:17 IST 2026, 95 W
Wed Mar 18 19:18:17 IST 2026, 94 W
Wed Mar 18 19:18:17 IST 2026, 92 W
Wed Mar 18 19:18:17 IST 2026, 90 W
Wed Mar 18 19:18:18 IST 2026, 98 W
Wed Mar 18 19:18:18 IST 2026, 89 W
Wed Mar 18 19:18:18 IST 2026, 90 W
Wed Mar 18 19:18:18 IST 2026, 90 W
Wed Mar 18 19:18:19 IST 2026, 93 W
Wed Mar 18 19:18:19 IST 2026, 90 W
Wed Mar 18 19:18:19 IST 2026, 89 W
Wed Mar 18 19:18:19 IST 2026, 92 W
Wed Mar 18 19:18:20 IST 2026, 101 W
Wed Mar 18 19:18:20 IST 2026, 94 W
Wed Mar 18 19:18:20 IST 2026, 90 W
Wed Mar 18 19:18:20 IST 2026, 93 W
Wed Mar 18 19:18:21 IST 2026, 100 W
Wed Mar 18 19:18:21 IST 2026, 89 W
Wed Mar 18 19:18:21 IST 2026, 89 W
Wed Mar 18 19:18:21 IST 2026, 87 W
Wed Mar 18 19:18:22 IST 2026, 97 W
Wed Mar 18 19:18:22 IST 2026, 88 W
Wed Mar 18 19:18:22 IST 2026, 91 W
Wed Mar 18 19:18:22 IST 2026, 87 W
Wed Mar 18 19:18:23 IST 2026, 94 W
Wed Mar 18 19:18:23 IST 2026, 96 W
Wed Mar 18 19:18:23 IST 2026, 91 W
Wed Mar 18 19:18:23 IST 2026, 88 W
Wed Mar 18 19:18:24 IST 2026, 97 W
Wed Mar 18 19:18:24 IST 2026, 91 W
Wed Mar 18 19:18:24 IST 2026, 87 W
Wed Mar 18 19:18:24 IST 2026, 88 W
Wed Mar 18 19:18:25 IST 2026, 97 W
Wed Mar 18 19:18:25 IST 2026, 86 W
Wed Mar 18 19:18:25 IST 2026, 96 W
Wed Mar 18 19:18:25 IST 2026, 92 W
Wed Mar 18 19:18:26 IST 2026, 96 W
Wed Mar 18 19:18:26 IST 2026, 89 W
Wed Mar 18 19:18:26 IST 2026, 90 W
Wed Mar 18 19:18:26 IST 2026, 92 W
Wed Mar 18 19:18:27 IST 2026, 96 W
Wed Mar 18 19:18:27 IST 2026, 91 W
Wed Mar 18 19:18:27 IST 2026, 92 W
Wed Mar 18 19:18:27 IST 2026, 87 W
Wed Mar 18 19:18:28 IST 2026, 96 W
Wed Mar 18 19:18:28 IST 2026, 92 W
Wed Mar 18 19:18:28 IST 2026, 88 W
Wed Mar 18 19:18:28 IST 2026, 94 W
Wed Mar 18 19:18:29 IST 2026, 93 W
Wed Mar 18 19:18:29 IST 2026, 93 W
Wed Mar 18 19:18:29 IST 2026, 92 W
Wed Mar 18 19:18:29 IST 2026, 95 W
Wed Mar 18 19:18:30 IST 2026, 97 W
Wed Mar 18 19:18:30 IST 2026, 92 W
Wed Mar 18 19:18:30 IST 2026, 91 W
Wed Mar 18 19:18:30 IST 2026, 84 W
Wed Mar 18 19:18:31 IST 2026, 101 W
Wed Mar 18 19:18:31 IST 2026, 91 W
Wed Mar 18 19:18:31 IST 2026, 94 W
Wed Mar 18 19:18:31 IST 2026, 95 W
Wed Mar 18 19:18:32 IST 2026, 103 W
Wed Mar 18 19:18:32 IST 2026, 93 W
Wed Mar 18 19:18:32 IST 2026, 88 W
Wed Mar 18 19:18:32 IST 2026, 86 W
Wed Mar 18 19:18:33 IST 2026, 93 W
Wed Mar 18 19:18:33 IST 2026, 94 W
Wed Mar 18 19:18:33 IST 2026, 87 W
Wed Mar 18 19:18:33 IST 2026, 93 W
Wed Mar 18 19:18:34 IST 2026, 92 W
Wed Mar 18 19:18:34 IST 2026, 89 W
Wed Mar 18 19:18:34 IST 2026, 95 W
Wed Mar 18 19:18:34 IST 2026, 86 W
Wed Mar 18 19:18:35 IST 2026, 98 W
Wed Mar 18 19:18:35 IST 2026, 91 W
Wed Mar 18 19:18:35 IST 2026, 94 W
Wed Mar 18 19:18:35 IST 2026, 91 W
Wed Mar 18 19:18:36 IST 2026, 95 W
Wed Mar 18 19:18:36 IST 2026, 93 W
Wed Mar 18 19:18:36 IST 2026, 90 W
Wed Mar 18 19:18:36 IST 2026, 89 W
Wed Mar 18 19:18:37 IST 2026, 95 W
Wed Mar 18 19:18:37 IST 2026, 95 W
Wed Mar 18 19:18:37 IST 2026, 90 W
Wed Mar 18 19:18:37 IST 2026, 91 W
Wed Mar 18 19:18:38 IST 2026, 94 W
Wed Mar 18 19:18:38 IST 2026, 97 W
Wed Mar 18 19:18:38 IST 2026, 97 W
Wed Mar 18 19:18:38 IST 2026, 87 W
Wed Mar 18 19:18:39 IST 2026, 93 W
Wed Mar 18 19:18:39 IST 2026, 91 W
Wed Mar 18 19:18:39 IST 2026, 94 W
Wed Mar 18 19:18:39 IST 2026, 90 W
Wed Mar 18 19:18:40 IST 2026, 101 W
Wed Mar 18 19:18:40 IST 2026, 90 W
Wed Mar 18 19:18:40 IST 2026, 88 W
Wed Mar 18 19:18:40 IST 2026, 89 W
Wed Mar 18 19:18:41 IST 2026, 93 W
Wed Mar 18 19:18:41 IST 2026, 89 W
Wed Mar 18 19:18:41 IST 2026, 94 W
Wed Mar 18 19:18:41 IST 2026, 89 W
Wed Mar 18 19:18:42 IST 2026, 101 W
Wed Mar 18 19:18:42 IST 2026, 96 W
Wed Mar 18 19:18:42 IST 2026, 94 W
Wed Mar 18 19:18:42 IST 2026, 99 W
Wed Mar 18 19:18:43 IST 2026, 97 W
Wed Mar 18 19:18:43 IST 2026, 86 W
Wed Mar 18 19:18:43 IST 2026, 91 W
Wed Mar 18 19:18:43 IST 2026, 91 W
Wed Mar 18 19:18:44 IST 2026, 99 W
Wed Mar 18 19:18:44 IST 2026, 87 W
Wed Mar 18 19:18:44 IST 2026, 85 W
Wed Mar 18 19:18:44 IST 2026, 93 W
Wed Mar 18 19:18:45 IST 2026, 94 W
Wed Mar 18 19:18:45 IST 2026, 90 W
Wed Mar 18 19:18:45 IST 2026, 86 W
Wed Mar 18 19:18:45 IST 2026, 91 W
Wed Mar 18 19:18:46 IST 2026, 100 W
Wed Mar 18 19:18:46 IST 2026, 91 W
Wed Mar 18 19:18:46 IST 2026, 93 W
Wed Mar 18 19:18:46 IST 2026, 88 W
Wed Mar 18 19:18:47 IST 2026, 97 W
Wed Mar 18 19:18:47 IST 2026, 85 W
Wed Mar 18 19:18:47 IST 2026, 88 W
Wed Mar 18 19:18:47 IST 2026, 93 W
Wed Mar 18 19:18:48 IST 2026, 94 W
Wed Mar 18 19:18:48 IST 2026, 90 W
Wed Mar 18 19:18:48 IST 2026, 93 W
Wed Mar 18 19:18:48 IST 2026, 94 W
Wed Mar 18 19:18:49 IST 2026, 98 W
Wed Mar 18 19:18:49 IST 2026, 88 W
Wed Mar 18 19:18:49 IST 2026, 92 W
Wed Mar 18 19:18:49 IST 2026, 96 W
Wed Mar 18 19:18:50 IST 2026, 97 W
Wed Mar 18 19:18:50 IST 2026, 90 W
Wed Mar 18 19:18:50 IST 2026, 94 W
Wed Mar 18 19:18:50 IST 2026, 97 W
Wed Mar 18 19:18:51 IST 2026, 91 W
Wed Mar 18 19:18:51 IST 2026, 86 W
Wed Mar 18 19:18:51 IST 2026, 90 W
Wed Mar 18 19:18:51 IST 2026, 94 W
Wed Mar 18 19:18:52 IST 2026, 101 W
Wed Mar 18 19:18:52 IST 2026, 91 W
Wed Mar 18 19:18:52 IST 2026, 96 W
Wed Mar 18 19:18:52 IST 2026, 92 W
Wed Mar 18 19:18:53 IST 2026, 96 W
Wed Mar 18 19:18:53 IST 2026, 89 W
Wed Mar 18 19:18:53 IST 2026, 88 W
Wed Mar 18 19:18:53 IST 2026, 90 W
Wed Mar 18 19:18:54 IST 2026, 95 W
Wed Mar 18 19:18:54 IST 2026, 91 W
Wed Mar 18 19:18:54 IST 2026, 96 W
Wed Mar 18 19:18:54 IST 2026, 89 W
Wed Mar 18 19:18:55 IST 2026, 101 W
Wed Mar 18 19:18:55 IST 2026, 97 W
Wed Mar 18 19:18:55 IST 2026, 92 W
Wed Mar 18 19:18:55 IST 2026, 89 W
Wed Mar 18 19:18:56 IST 2026, 101 W
Wed Mar 18 19:18:56 IST 2026, 88 W
Wed Mar 18 19:18:56 IST 2026, 91 W
Wed Mar 18 19:18:56 IST 2026, 91 W
Wed Mar 18 19:18:57 IST 2026, 102 W
Wed Mar 18 19:18:57 IST 2026, 89 W
Wed Mar 18 19:18:57 IST 2026, 90 W
Wed Mar 18 19:18:57 IST 2026, 91 W
Wed Mar 18 19:18:59 IST 2026, 95 W
Wed Mar 18 19:18:59 IST 2026, 92 W
Wed Mar 18 19:18:59 IST 2026, 89 W
Wed Mar 18 19:18:59 IST 2026, 90 W
Wed Mar 18 19:18:59 IST 2026, 97 W
Wed Mar 18 19:18:59 IST 2026, 91 W
Wed Mar 18 19:18:59 IST 2026, 89 W
Wed Mar 18 19:18:59 IST 2026, 88 W
Wed Mar 18 19:19:00 IST 2026, 98 W
Wed Mar 18 19:19:00 IST 2026, 92 W
Wed Mar 18 19:19:00 IST 2026, 90 W
Wed Mar 18 19:19:00 IST 2026, 90 W
Wed Mar 18 19:19:01 IST 2026, 95 W
Wed Mar 18 19:19:01 IST 2026, 95 W
Wed Mar 18 19:19:01 IST 2026, 97 W
Wed Mar 18 19:19:01 IST 2026, 89 W
Wed Mar 18 19:19:02 IST 2026, 101 W
Wed Mar 18 19:19:02 IST 2026, 93 W
Wed Mar 18 19:19:02 IST 2026, 88 W
Wed Mar 18 19:19:02 IST 2026, 95 W
Wed Mar 18 19:19:03 IST 2026, 97 W
Wed Mar 18 19:19:03 IST 2026, 94 W
Wed Mar 18 19:19:03 IST 2026, 89 W
Wed Mar 18 19:19:03 IST 2026, 88 W
Wed Mar 18 19:19:04 IST 2026, 102 W
Wed Mar 18 19:19:04 IST 2026, 93 W
Wed Mar 18 19:19:04 IST 2026, 89 W
Wed Mar 18 19:19:04 IST 2026, 93 W
Wed Mar 18 19:19:05 IST 2026, 97 W
Wed Mar 18 19:19:05 IST 2026, 89 W
Wed Mar 18 19:19:05 IST 2026, 94 W
Wed Mar 18 19:19:05 IST 2026, 93 W
Wed Mar 18 19:19:06 IST 2026, 102 W
Wed Mar 18 19:19:06 IST 2026, 89 W
Wed Mar 18 19:19:06 IST 2026, 92 W
Wed Mar 18 19:19:06 IST 2026, 91 W
Wed Mar 18 19:19:07 IST 2026, 93 W
Wed Mar 18 19:19:07 IST 2026, 93 W
Wed Mar 18 19:19:07 IST 2026, 89 W
Wed Mar 18 19:19:07 IST 2026, 89 W
Wed Mar 18 19:19:08 IST 2026, 94 W
Wed Mar 18 19:19:08 IST 2026, 87 W
Wed Mar 18 19:19:08 IST 2026, 93 W
Wed Mar 18 19:19:08 IST 2026, 88 W
Wed Mar 18 19:19:09 IST 2026, 95 W
Wed Mar 18 19:19:09 IST 2026, 88 W
Wed Mar 18 19:19:09 IST 2026, 92 W
Wed Mar 18 19:19:09 IST 2026, 89 W
Wed Mar 18 19:19:10 IST 2026, 95 W
Wed Mar 18 19:19:10 IST 2026, 92 W
Wed Mar 18 19:19:10 IST 2026, 88 W
Wed Mar 18 19:19:10 IST 2026, 87 W
Wed Mar 18 19:19:11 IST 2026, 93 W
Wed Mar 18 19:19:11 IST 2026, 90 W
Wed Mar 18 19:19:11 IST 2026, 93 W
Wed Mar 18 19:19:11 IST 2026, 98 W
Wed Mar 18 19:19:12 IST 2026, 99 W
Wed Mar 18 19:19:12 IST 2026, 94 W
Wed Mar 18 19:19:12 IST 2026, 88 W
Wed Mar 18 19:19:12 IST 2026, 92 W
Wed Mar 18 19:19:13 IST 2026, 96 W
Wed Mar 18 19:19:13 IST 2026, 90 W
Wed Mar 18 19:19:13 IST 2026, 85 W
Wed Mar 18 19:19:13 IST 2026, 96 W
Wed Mar 18 19:19:14 IST 2026, 95 W
Wed Mar 18 19:19:14 IST 2026, 94 W
Wed Mar 18 19:19:14 IST 2026, 86 W
Wed Mar 18 19:19:14 IST 2026, 95 W
Wed Mar 18 19:19:15 IST 2026, 93 W
Wed Mar 18 19:19:15 IST 2026, 88 W
Wed Mar 18 19:19:15 IST 2026, 98 W
Wed Mar 18 19:19:15 IST 2026, 91 W
Wed Mar 18 19:19:16 IST 2026, 98 W
Wed Mar 18 19:19:16 IST 2026, 94 W
Wed Mar 18 19:19:16 IST 2026, 90 W
Wed Mar 18 19:19:16 IST 2026, 89 W
Wed Mar 18 19:19:17 IST 2026, 95 W
Wed Mar 18 19:19:17 IST 2026, 94 W
Wed Mar 18 19:19:17 IST 2026, 94 W
Wed Mar 18 19:19:17 IST 2026, 93 W
Wed Mar 18 19:19:18 IST 2026, 99 W
Wed Mar 18 19:19:18 IST 2026, 95 W
Wed Mar 18 19:19:18 IST 2026, 84 W
Wed Mar 18 19:19:18 IST 2026, 95 W
Wed Mar 18 19:19:19 IST 2026, 94 W
Wed Mar 18 19:19:19 IST 2026, 88 W
Wed Mar 18 19:19:19 IST 2026, 90 W
Wed Mar 18 19:19:19 IST 2026, 92 W
Wed Mar 18 19:19:20 IST 2026, 95 W
Wed Mar 18 19:19:20 IST 2026, 96 W
Wed Mar 18 19:19:20 IST 2026, 93 W
Wed Mar 18 19:19:20 IST 2026, 96 W
Wed Mar 18 19:19:21 IST 2026, 98 W
Wed Mar 18 19:19:21 IST 2026, 85 W
Wed Mar 18 19:19:21 IST 2026, 91 W
Wed Mar 18 19:19:21 IST 2026, 92 W
Wed Mar 18 19:19:22 IST 2026, 97 W
Wed Mar 18 19:19:22 IST 2026, 91 W
Wed Mar 18 19:19:22 IST 2026, 85 W
Wed Mar 18 19:19:22 IST 2026, 97 W
Wed Mar 18 19:19:23 IST 2026, 96 W
Wed Mar 18 19:19:23 IST 2026, 93 W
Wed Mar 18 19:19:23 IST 2026, 92 W
Wed Mar 18 19:19:23 IST 2026, 97 W
Wed Mar 18 19:19:24 IST 2026, 97 W
Wed Mar 18 19:19:24 IST 2026, 93 W
Wed Mar 18 19:19:24 IST 2026, 88 W
Wed Mar 18 19:19:24 IST 2026, 88 W
Wed Mar 18 19:19:25 IST 2026, 96 W
Wed Mar 18 19:19:25 IST 2026, 86 W
Wed Mar 18 19:19:25 IST 2026, 94 W
Wed Mar 18 19:19:25 IST 2026, 92 W
Wed Mar 18 19:19:26 IST 2026, 100 W
Wed Mar 18 19:19:26 IST 2026, 90 W
Wed Mar 18 19:19:26 IST 2026, 86 W
Wed Mar 18 19:19:26 IST 2026, 88 W
Wed Mar 18 19:19:27 IST 2026, 94 W
Wed Mar 18 19:19:27 IST 2026, 89 W
Wed Mar 18 19:19:27 IST 2026, 87 W
Wed Mar 18 19:19:27 IST 2026, 91 W
Wed Mar 18 19:19:28 IST 2026, 96 W
Wed Mar 18 19:19:28 IST 2026, 86 W
Wed Mar 18 19:19:28 IST 2026, 93 W
Wed Mar 18 19:19:28 IST 2026, 91 W
Wed Mar 18 19:19:29 IST 2026, 93 W
Wed Mar 18 19:19:29 IST 2026, 90 W
Wed Mar 18 19:19:29 IST 2026, 90 W
Wed Mar 18 19:19:29 IST 2026, 92 W
Wed Mar 18 19:19:30 IST 2026, 98 W
Wed Mar 18 19:19:30 IST 2026, 86 W
Wed Mar 18 19:19:30 IST 2026, 86 W
Wed Mar 18 19:19:30 IST 2026, 84 W
Wed Mar 18 19:19:31 IST 2026, 98 W
Wed Mar 18 19:19:31 IST 2026, 92 W
Wed Mar 18 19:19:31 IST 2026, 93 W
Wed Mar 18 19:19:31 IST 2026, 89 W
Wed Mar 18 19:19:32 IST 2026, 92 W
Wed Mar 18 19:19:32 IST 2026, 85 W
Wed Mar 18 19:19:32 IST 2026, 90 W
Wed Mar 18 19:19:32 IST 2026, 90 W
Wed Mar 18 19:19:33 IST 2026, 93 W
Wed Mar 18 19:19:33 IST 2026, 92 W
Wed Mar 18 19:19:33 IST 2026, 90 W
Wed Mar 18 19:19:33 IST 2026, 91 W
Wed Mar 18 19:19:34 IST 2026, 98 W
Wed Mar 18 19:19:34 IST 2026, 88 W
Wed Mar 18 19:19:34 IST 2026, 91 W
Wed Mar 18 19:19:34 IST 2026, 95 W
Wed Mar 18 19:19:35 IST 2026, 98 W
Wed Mar 18 19:19:35 IST 2026, 89 W
Wed Mar 18 19:19:35 IST 2026, 94 W
Wed Mar 18 19:19:35 IST 2026, 89 W
Wed Mar 18 19:19:36 IST 2026, 96 W
Wed Mar 18 19:19:36 IST 2026, 93 W
Wed Mar 18 19:19:36 IST 2026, 91 W
Wed Mar 18 19:19:36 IST 2026, 88 W
Wed Mar 18 19:19:37 IST 2026, 101 W
Wed Mar 18 19:19:37 IST 2026, 90 W
Wed Mar 18 19:19:37 IST 2026, 90 W
Wed Mar 18 19:19:37 IST 2026, 96 W
Wed Mar 18 19:19:38 IST 2026, 99 W
Wed Mar 18 19:19:38 IST 2026, 88 W
Wed Mar 18 19:19:38 IST 2026, 88 W
Wed Mar 18 19:19:38 IST 2026, 92 W
Wed Mar 18 19:19:39 IST 2026, 101 W
Wed Mar 18 19:19:39 IST 2026, 91 W
Wed Mar 18 19:19:39 IST 2026, 87 W
Wed Mar 18 19:19:39 IST 2026, 97 W
Wed Mar 18 19:19:40 IST 2026, 94 W
Wed Mar 18 19:19:40 IST 2026, 90 W
Wed Mar 18 19:19:40 IST 2026, 88 W
Wed Mar 18 19:19:40 IST 2026, 98 W
Wed Mar 18 19:19:41 IST 2026, 97 W
Wed Mar 18 19:19:41 IST 2026, 90 W
Wed Mar 18 19:19:41 IST 2026, 94 W
Wed Mar 18 19:19:41 IST 2026, 93 W
Wed Mar 18 19:19:42 IST 2026, 97 W
Wed Mar 18 19:19:42 IST 2026, 91 W
Wed Mar 18 19:19:42 IST 2026, 90 W
Wed Mar 18 19:19:42 IST 2026, 88 W
Wed Mar 18 19:19:43 IST 2026, 92 W
Wed Mar 18 19:19:43 IST 2026, 87 W
Wed Mar 18 19:19:43 IST 2026, 92 W
Wed Mar 18 19:19:43 IST 2026, 96 W
Wed Mar 18 19:19:44 IST 2026, 98 W
Wed Mar 18 19:19:44 IST 2026, 90 W
Wed Mar 18 19:19:44 IST 2026, 91 W
Wed Mar 18 19:19:44 IST 2026, 93 W
Wed Mar 18 19:19:45 IST 2026, 93 W
Wed Mar 18 19:19:45 IST 2026, 89 W
Wed Mar 18 19:19:45 IST 2026, 91 W
Wed Mar 18 19:19:45 IST 2026, 96 W
Wed Mar 18 19:19:46 IST 2026, 99 W
Wed Mar 18 19:19:46 IST 2026, 94 W
Wed Mar 18 19:19:46 IST 2026, 84 W
Wed Mar 18 19:19:46 IST 2026, 94 W
Wed Mar 18 19:19:47 IST 2026, 100 W
Wed Mar 18 19:19:47 IST 2026, 90 W
Wed Mar 18 19:19:47 IST 2026, 93 W
Wed Mar 18 19:19:47 IST 2026, 92 W
Wed Mar 18 19:19:48 IST 2026, 98 W
Wed Mar 18 19:19:48 IST 2026, 89 W
Wed Mar 18 19:19:48 IST 2026, 91 W
Wed Mar 18 19:19:48 IST 2026, 87 W
Wed Mar 18 19:19:49 IST 2026, 96 W
Wed Mar 18 19:19:49 IST 2026, 92 W
Wed Mar 18 19:19:49 IST 2026, 89 W
Wed Mar 18 19:19:49 IST 2026, 90 W
Wed Mar 18 19:19:51 IST 2026, 91 W
Wed Mar 18 19:19:51 IST 2026, 90 W
Wed Mar 18 19:19:51 IST 2026, 88 W
Wed Mar 18 19:19:51 IST 2026, 92 W
Wed Mar 18 19:19:51 IST 2026, 94 W
Wed Mar 18 19:19:51 IST 2026, 88 W
Wed Mar 18 19:19:51 IST 2026, 88 W
Wed Mar 18 19:19:51 IST 2026, 86 W
Wed Mar 18 19:19:52 IST 2026, 92 W
Wed Mar 18 19:19:52 IST 2026, 86 W
Wed Mar 18 19:19:52 IST 2026, 88 W
Wed Mar 18 19:19:52 IST 2026, 86 W
Wed Mar 18 19:19:53 IST 2026, 100 W
Wed Mar 18 19:19:53 IST 2026, 87 W
Wed Mar 18 19:19:53 IST 2026, 95 W
Wed Mar 18 19:19:53 IST 2026, 86 W
Wed Mar 18 19:19:54 IST 2026, 101 W
Wed Mar 18 19:19:54 IST 2026, 92 W
Wed Mar 18 19:19:54 IST 2026, 84 W
Wed Mar 18 19:19:54 IST 2026, 92 W
Wed Mar 18 19:19:55 IST 2026, 99 W
Wed Mar 18 19:19:55 IST 2026, 92 W
Wed Mar 18 19:19:55 IST 2026, 90 W
Wed Mar 18 19:19:55 IST 2026, 87 W
Wed Mar 18 19:19:56 IST 2026, 92 W
Wed Mar 18 19:19:56 IST 2026, 88 W
Wed Mar 18 19:19:56 IST 2026, 89 W
Wed Mar 18 19:19:56 IST 2026, 94 W
Wed Mar 18 19:19:57 IST 2026, 94 W
Wed Mar 18 19:19:57 IST 2026, 86 W
Wed Mar 18 19:19:57 IST 2026, 93 W
Wed Mar 18 19:19:57 IST 2026, 89 W
Wed Mar 18 19:19:58 IST 2026, 95 W
Wed Mar 18 19:19:58 IST 2026, 87 W
Wed Mar 18 19:19:58 IST 2026, 91 W
Wed Mar 18 19:19:58 IST 2026, 93 W
Wed Mar 18 19:19:59 IST 2026, 93 W
Wed Mar 18 19:19:59 IST 2026, 91 W
Wed Mar 18 19:19:59 IST 2026, 92 W
Wed Mar 18 19:19:59 IST 2026, 92 W
Wed Mar 18 19:20:00 IST 2026, 98 W
Wed Mar 18 19:20:00 IST 2026, 92 W
Wed Mar 18 19:20:00 IST 2026, 93 W
Wed Mar 18 19:20:00 IST 2026, 86 W
Wed Mar 18 19:20:01 IST 2026, 93 W
Wed Mar 18 19:20:01 IST 2026, 90 W
Wed Mar 18 19:20:01 IST 2026, 89 W
Wed Mar 18 19:20:01 IST 2026, 90 W
Wed Mar 18 19:20:02 IST 2026, 93 W
Wed Mar 18 19:20:02 IST 2026, 91 W
Wed Mar 18 19:20:02 IST 2026, 90 W
Wed Mar 18 19:20:02 IST 2026, 92 W
Wed Mar 18 19:20:03 IST 2026, 100 W
Wed Mar 18 19:20:03 IST 2026, 88 W
Wed Mar 18 19:20:03 IST 2026, 94 W
Wed Mar 18 19:20:03 IST 2026, 91 W
Wed Mar 18 19:20:04 IST 2026, 97 W
Wed Mar 18 19:20:04 IST 2026, 87 W
Wed Mar 18 19:20:04 IST 2026, 87 W
Wed Mar 18 19:20:04 IST 2026, 88 W
Wed Mar 18 19:20:05 IST 2026, 96 W
Wed Mar 18 19:20:05 IST 2026, 94 W
Wed Mar 18 19:20:05 IST 2026, 89 W
Wed Mar 18 19:20:05 IST 2026, 94 W
Wed Mar 18 19:20:06 IST 2026, 94 W
Wed Mar 18 19:20:06 IST 2026, 91 W
Wed Mar 18 19:20:06 IST 2026, 88 W
Wed Mar 18 19:20:06 IST 2026, 91 W
Wed Mar 18 19:20:07 IST 2026, 97 W
Wed Mar 18 19:20:07 IST 2026, 91 W
Wed Mar 18 19:20:07 IST 2026, 87 W
Wed Mar 18 19:20:07 IST 2026, 90 W
Wed Mar 18 19:20:08 IST 2026, 97 W
Wed Mar 18 19:20:08 IST 2026, 91 W
Wed Mar 18 19:20:08 IST 2026, 83 W
Wed Mar 18 19:20:08 IST 2026, 91 W
Wed Mar 18 19:20:09 IST 2026, 95 W
Wed Mar 18 19:20:09 IST 2026, 87 W
Wed Mar 18 19:20:09 IST 2026, 89 W
Wed Mar 18 19:20:09 IST 2026, 92 W
Wed Mar 18 19:20:10 IST 2026, 100 W
Wed Mar 18 19:20:10 IST 2026, 93 W
Wed Mar 18 19:20:10 IST 2026, 93 W
Wed Mar 18 19:20:10 IST 2026, 87 W
Wed Mar 18 19:20:11 IST 2026, 95 W
Wed Mar 18 19:20:11 IST 2026, 91 W
Wed Mar 18 19:20:11 IST 2026, 90 W
Wed Mar 18 19:20:11 IST 2026, 92 W
Wed Mar 18 19:20:12 IST 2026, 100 W
Wed Mar 18 19:20:12 IST 2026, 90 W
Wed Mar 18 19:20:12 IST 2026, 87 W
Wed Mar 18 19:20:12 IST 2026, 87 W
Wed Mar 18 19:20:13 IST 2026, 97 W
Wed Mar 18 19:20:13 IST 2026, 92 W
Wed Mar 18 19:20:13 IST 2026, 90 W
Wed Mar 18 19:20:13 IST 2026, 89 W
Wed Mar 18 19:20:14 IST 2026, 93 W
Wed Mar 18 19:20:14 IST 2026, 92 W
Wed Mar 18 19:20:14 IST 2026, 92 W
Wed Mar 18 19:20:14 IST 2026, 89 W
Wed Mar 18 19:20:15 IST 2026, 95 W
Wed Mar 18 19:20:15 IST 2026, 90 W
Wed Mar 18 19:20:15 IST 2026, 86 W
Wed Mar 18 19:20:15 IST 2026, 93 W
Wed Mar 18 19:20:16 IST 2026, 97 W
Wed Mar 18 19:20:16 IST 2026, 88 W
Wed Mar 18 19:20:16 IST 2026, 92 W
Wed Mar 18 19:20:16 IST 2026, 95 W
Wed Mar 18 19:20:17 IST 2026, 100 W
Wed Mar 18 19:20:17 IST 2026, 85 W
Wed Mar 18 19:20:17 IST 2026, 93 W
Wed Mar 18 19:20:17 IST 2026, 96 W
Wed Mar 18 19:20:18 IST 2026, 97 W
Wed Mar 18 19:20:18 IST 2026, 87 W
Wed Mar 18 19:20:18 IST 2026, 87 W
Wed Mar 18 19:20:18 IST 2026, 91 W
Wed Mar 18 19:20:19 IST 2026, 94 W
Wed Mar 18 19:20:19 IST 2026, 93 W
Wed Mar 18 19:20:19 IST 2026, 96 W
Wed Mar 18 19:20:19 IST 2026, 93 W
Wed Mar 18 19:20:20 IST 2026, 92 W
Wed Mar 18 19:20:20 IST 2026, 88 W
Wed Mar 18 19:20:20 IST 2026, 94 W
Wed Mar 18 19:20:20 IST 2026, 91 W
Wed Mar 18 19:20:22 IST 2026, 93 W
Wed Mar 18 19:20:22 IST 2026, 88 W
Wed Mar 18 19:20:22 IST 2026, 87 W
Wed Mar 18 19:20:22 IST 2026, 90 W
Wed Mar 18 19:20:22 IST 2026, 91 W
Wed Mar 18 19:20:22 IST 2026, 93 W
Wed Mar 18 19:20:22 IST 2026, 89 W
Wed Mar 18 19:20:22 IST 2026, 93 W
Wed Mar 18 19:20:23 IST 2026, 97 W
Wed Mar 18 19:20:23 IST 2026, 97 W
Wed Mar 18 19:20:23 IST 2026, 87 W
Wed Mar 18 19:20:23 IST 2026, 88 W
Wed Mar 18 19:20:24 IST 2026, 95 W
Wed Mar 18 19:20:24 IST 2026, 93 W
Wed Mar 18 19:20:24 IST 2026, 86 W
Wed Mar 18 19:20:24 IST 2026, 90 W
Wed Mar 18 19:20:26 IST 2026, 96 W
Wed Mar 18 19:20:26 IST 2026, 92 W
Wed Mar 18 19:20:26 IST 2026, 88 W
Wed Mar 18 19:20:26 IST 2026, 93 W
Wed Mar 18 19:20:26 IST 2026, 94 W
Wed Mar 18 19:20:26 IST 2026, 91 W
Wed Mar 18 19:20:26 IST 2026, 88 W
Wed Mar 18 19:20:26 IST 2026, 96 W
Wed Mar 18 19:20:27 IST 2026, 95 W
Wed Mar 18 19:20:27 IST 2026, 95 W
Wed Mar 18 19:20:27 IST 2026, 86 W
Wed Mar 18 19:20:27 IST 2026, 88 W
Wed Mar 18 19:20:28 IST 2026, 96 W
Wed Mar 18 19:20:28 IST 2026, 91 W
Wed Mar 18 19:20:28 IST 2026, 94 W
Wed Mar 18 19:20:28 IST 2026, 93 W
Wed Mar 18 19:20:29 IST 2026, 99 W
Wed Mar 18 19:20:29 IST 2026, 95 W
Wed Mar 18 19:20:29 IST 2026, 93 W
Wed Mar 18 19:20:29 IST 2026, 95 W
Wed Mar 18 19:20:30 IST 2026, 100 W
Wed Mar 18 19:20:30 IST 2026, 94 W
Wed Mar 18 19:20:30 IST 2026, 89 W
Wed Mar 18 19:20:30 IST 2026, 97 W
Wed Mar 18 19:20:31 IST 2026, 97 W
Wed Mar 18 19:20:31 IST 2026, 87 W
Wed Mar 18 19:20:31 IST 2026, 92 W
Wed Mar 18 19:20:31 IST 2026, 91 W
Wed Mar 18 19:20:32 IST 2026, 96 W
Wed Mar 18 19:20:32 IST 2026, 94 W
Wed Mar 18 19:20:32 IST 2026, 91 W
Wed Mar 18 19:20:32 IST 2026, 90 W
Wed Mar 18 19:20:33 IST 2026, 94 W
Wed Mar 18 19:20:33 IST 2026, 89 W
Wed Mar 18 19:20:33 IST 2026, 91 W
Wed Mar 18 19:20:33 IST 2026, 92 W
Wed Mar 18 19:20:34 IST 2026, 96 W
Wed Mar 18 19:20:34 IST 2026, 87 W
Wed Mar 18 19:20:34 IST 2026, 88 W
Wed Mar 18 19:20:34 IST 2026, 93 W
Wed Mar 18 19:20:35 IST 2026, 102 W
Wed Mar 18 19:20:35 IST 2026, 89 W
Wed Mar 18 19:20:35 IST 2026, 87 W
Wed Mar 18 19:20:35 IST 2026, 90 W
Wed Mar 18 19:20:36 IST 2026, 96 W
Wed Mar 18 19:20:36 IST 2026, 88 W
Wed Mar 18 19:20:36 IST 2026, 90 W
Wed Mar 18 19:20:36 IST 2026, 94 W
Wed Mar 18 19:20:37 IST 2026, 96 W
Wed Mar 18 19:20:37 IST 2026, 96 W
Wed Mar 18 19:20:37 IST 2026, 94 W
Wed Mar 18 19:20:37 IST 2026, 91 W
Wed Mar 18 19:20:38 IST 2026, 97 W
Wed Mar 18 19:20:38 IST 2026, 89 W
Wed Mar 18 19:20:38 IST 2026, 87 W
Wed Mar 18 19:20:38 IST 2026, 86 W
Wed Mar 18 19:20:39 IST 2026, 96 W
Wed Mar 18 19:20:39 IST 2026, 86 W
Wed Mar 18 19:20:39 IST 2026, 96 W
Wed Mar 18 19:20:39 IST 2026, 99 W
Wed Mar 18 19:20:40 IST 2026, 91 W
Wed Mar 18 19:20:40 IST 2026, 89 W
Wed Mar 18 19:20:40 IST 2026, 87 W
Wed Mar 18 19:20:40 IST 2026, 97 W
Wed Mar 18 19:20:41 IST 2026, 95 W
Wed Mar 18 19:20:41 IST 2026, 91 W
Wed Mar 18 19:20:41 IST 2026, 89 W
Wed Mar 18 19:20:41 IST 2026, 92 W
Wed Mar 18 19:20:42 IST 2026, 97 W
Wed Mar 18 19:20:42 IST 2026, 93 W
Wed Mar 18 19:20:42 IST 2026, 93 W
Wed Mar 18 19:20:42 IST 2026, 88 W
Wed Mar 18 19:20:43 IST 2026, 96 W
Wed Mar 18 19:20:43 IST 2026, 93 W
Wed Mar 18 19:20:43 IST 2026, 94 W
Wed Mar 18 19:20:43 IST 2026, 90 W
Wed Mar 18 19:20:44 IST 2026, 96 W
Wed Mar 18 19:20:44 IST 2026, 96 W
Wed Mar 18 19:20:44 IST 2026, 89 W
Wed Mar 18 19:20:44 IST 2026, 91 W
Wed Mar 18 19:20:45 IST 2026, 96 W
Wed Mar 18 19:20:45 IST 2026, 88 W
Wed Mar 18 19:20:45 IST 2026, 87 W
Wed Mar 18 19:20:45 IST 2026, 94 W
Wed Mar 18 19:20:46 IST 2026, 98 W
Wed Mar 18 19:20:46 IST 2026, 93 W
Wed Mar 18 19:20:46 IST 2026, 88 W
Wed Mar 18 19:20:46 IST 2026, 90 W
Wed Mar 18 19:20:47 IST 2026, 97 W
Wed Mar 18 19:20:47 IST 2026, 94 W
Wed Mar 18 19:20:47 IST 2026, 86 W
Wed Mar 18 19:20:47 IST 2026, 88 W
Wed Mar 18 19:20:48 IST 2026, 96 W
Wed Mar 18 19:20:48 IST 2026, 94 W
Wed Mar 18 19:20:48 IST 2026, 92 W
Wed Mar 18 19:20:48 IST 2026, 86 W
Wed Mar 18 19:20:49 IST 2026, 93 W
Wed Mar 18 19:20:49 IST 2026, 91 W
Wed Mar 18 19:20:49 IST 2026, 91 W
Wed Mar 18 19:20:49 IST 2026, 94 W
Wed Mar 18 19:20:50 IST 2026, 95 W
Wed Mar 18 19:20:50 IST 2026, 90 W
Wed Mar 18 19:20:50 IST 2026, 85 W
Wed Mar 18 19:20:50 IST 2026, 93 W
Wed Mar 18 19:20:51 IST 2026, 92 W
Wed Mar 18 19:20:51 IST 2026, 87 W
Wed Mar 18 19:20:51 IST 2026, 90 W
Wed Mar 18 19:20:51 IST 2026, 95 W
Wed Mar 18 19:20:52 IST 2026, 99 W
Wed Mar 18 19:20:52 IST 2026, 90 W
Wed Mar 18 19:20:52 IST 2026, 93 W
Wed Mar 18 19:20:52 IST 2026, 92 W
Wed Mar 18 19:20:53 IST 2026, 92 W
Wed Mar 18 19:20:53 IST 2026, 93 W
Wed Mar 18 19:20:53 IST 2026, 92 W
Wed Mar 18 19:20:53 IST 2026, 90 W
Wed Mar 18 19:20:54 IST 2026, 92 W
Wed Mar 18 19:20:54 IST 2026, 97 W
Wed Mar 18 19:20:54 IST 2026, 94 W
Wed Mar 18 19:20:54 IST 2026, 90 W
Wed Mar 18 19:20:55 IST 2026, 100 W
Wed Mar 18 19:20:55 IST 2026, 89 W
Wed Mar 18 19:20:55 IST 2026, 90 W
Wed Mar 18 19:20:55 IST 2026, 90 W
Wed Mar 18 19:20:56 IST 2026, 98 W
Wed Mar 18 19:20:56 IST 2026, 90 W
Wed Mar 18 19:20:56 IST 2026, 90 W
Wed Mar 18 19:20:56 IST 2026, 90 W
Wed Mar 18 19:20:57 IST 2026, 94 W
Wed Mar 18 19:20:57 IST 2026, 92 W
Wed Mar 18 19:20:57 IST 2026, 93 W
Wed Mar 18 19:20:57 IST 2026, 92 W
Wed Mar 18 19:20:58 IST 2026, 94 W
Wed Mar 18 19:20:58 IST 2026, 92 W
Wed Mar 18 19:20:58 IST 2026, 85 W
Wed Mar 18 19:20:58 IST 2026, 90 W
Wed Mar 18 19:20:59 IST 2026, 95 W
Wed Mar 18 19:20:59 IST 2026, 88 W
Wed Mar 18 19:20:59 IST 2026, 97 W
Wed Mar 18 19:20:59 IST 2026, 92 W
Wed Mar 18 19:21:00 IST 2026, 94 W
Wed Mar 18 19:21:00 IST 2026, 94 W
Wed Mar 18 19:21:00 IST 2026, 92 W
Wed Mar 18 19:21:00 IST 2026, 90 W
Wed Mar 18 19:21:01 IST 2026, 101 W
Wed Mar 18 19:21:01 IST 2026, 89 W
Wed Mar 18 19:21:01 IST 2026, 90 W
Wed Mar 18 19:21:01 IST 2026, 89 W
Wed Mar 18 19:21:02 IST 2026, 99 W
Wed Mar 18 19:21:02 IST 2026, 87 W
Wed Mar 18 19:21:02 IST 2026, 91 W
Wed Mar 18 19:21:02 IST 2026, 94 W
Wed Mar 18 19:21:03 IST 2026, 96 W
Wed Mar 18 19:21:03 IST 2026, 90 W
Wed Mar 18 19:21:03 IST 2026, 91 W
Wed Mar 18 19:21:03 IST 2026, 94 W
Wed Mar 18 19:21:04 IST 2026, 97 W
Wed Mar 18 19:21:04 IST 2026, 91 W
Wed Mar 18 19:21:04 IST 2026, 86 W
Wed Mar 18 19:21:04 IST 2026, 91 W
Wed Mar 18 19:21:05 IST 2026, 97 W
Wed Mar 18 19:21:05 IST 2026, 90 W
Wed Mar 18 19:21:05 IST 2026, 92 W
Wed Mar 18 19:21:05 IST 2026, 95 W
Wed Mar 18 19:21:06 IST 2026, 99 W
Wed Mar 18 19:21:06 IST 2026, 96 W
Wed Mar 18 19:21:06 IST 2026, 87 W
Wed Mar 18 19:21:06 IST 2026, 89 W
Wed Mar 18 19:21:07 IST 2026, 95 W
Wed Mar 18 19:21:07 IST 2026, 93 W
Wed Mar 18 19:21:07 IST 2026, 94 W
Wed Mar 18 19:21:07 IST 2026, 89 W
Wed Mar 18 19:21:08 IST 2026, 101 W
Wed Mar 18 19:21:08 IST 2026, 91 W
Wed Mar 18 19:21:08 IST 2026, 93 W
Wed Mar 18 19:21:08 IST 2026, 92 W
Wed Mar 18 19:21:09 IST 2026, 98 W
Wed Mar 18 19:21:09 IST 2026, 95 W
Wed Mar 18 19:21:09 IST 2026, 96 W
Wed Mar 18 19:21:09 IST 2026, 88 W
Wed Mar 18 19:21:10 IST 2026, 98 W
Wed Mar 18 19:21:10 IST 2026, 87 W
Wed Mar 18 19:21:10 IST 2026, 91 W
Wed Mar 18 19:21:10 IST 2026, 88 W
Wed Mar 18 19:21:11 IST 2026, 93 W
Wed Mar 18 19:21:11 IST 2026, 89 W
Wed Mar 18 19:21:11 IST 2026, 87 W
Wed Mar 18 19:21:11 IST 2026, 93 W
Wed Mar 18 19:21:12 IST 2026, 96 W
Wed Mar 18 19:21:12 IST 2026, 91 W
Wed Mar 18 19:21:12 IST 2026, 91 W
Wed Mar 18 19:21:12 IST 2026, 88 W
Wed Mar 18 19:21:13 IST 2026, 97 W
Wed Mar 18 19:21:13 IST 2026, 93 W
Wed Mar 18 19:21:13 IST 2026, 96 W
Wed Mar 18 19:21:13 IST 2026, 96 W
Wed Mar 18 19:21:14 IST 2026, 96 W
Wed Mar 18 19:21:14 IST 2026, 91 W
Wed Mar 18 19:21:14 IST 2026, 89 W
Wed Mar 18 19:21:14 IST 2026, 91 W
Wed Mar 18 19:21:15 IST 2026, 98 W
Wed Mar 18 19:21:15 IST 2026, 87 W
Wed Mar 18 19:21:15 IST 2026, 85 W
Wed Mar 18 19:21:15 IST 2026, 95 W
Wed Mar 18 19:21:16 IST 2026, 95 W
Wed Mar 18 19:21:16 IST 2026, 97 W
Wed Mar 18 19:21:16 IST 2026, 93 W
Wed Mar 18 19:21:16 IST 2026, 88 W
Wed Mar 18 19:21:17 IST 2026, 98 W
Wed Mar 18 19:21:17 IST 2026, 92 W
Wed Mar 18 19:21:17 IST 2026, 95 W
Wed Mar 18 19:21:17 IST 2026, 88 W
Wed Mar 18 19:21:18 IST 2026, 93 W
Wed Mar 18 19:21:18 IST 2026, 93 W
Wed Mar 18 19:21:18 IST 2026, 89 W
Wed Mar 18 19:21:18 IST 2026, 91 W
Wed Mar 18 19:21:19 IST 2026, 100 W
Wed Mar 18 19:21:19 IST 2026, 93 W
Wed Mar 18 19:21:19 IST 2026, 89 W
Wed Mar 18 19:21:19 IST 2026, 88 W
Wed Mar 18 19:21:20 IST 2026, 94 W
Wed Mar 18 19:21:20 IST 2026, 91 W
Wed Mar 18 19:21:20 IST 2026, 88 W
Wed Mar 18 19:21:20 IST 2026, 89 W
Wed Mar 18 19:21:21 IST 2026, 97 W
Wed Mar 18 19:21:21 IST 2026, 92 W
Wed Mar 18 19:21:21 IST 2026, 86 W
Wed Mar 18 19:21:21 IST 2026, 90 W
Wed Mar 18 19:21:22 IST 2026, 99 W
Wed Mar 18 19:21:22 IST 2026, 89 W
Wed Mar 18 19:21:22 IST 2026, 88 W
Wed Mar 18 19:21:22 IST 2026, 88 W
Wed Mar 18 19:21:23 IST 2026, 94 W
Wed Mar 18 19:21:23 IST 2026, 90 W
Wed Mar 18 19:21:23 IST 2026, 92 W
Wed Mar 18 19:21:23 IST 2026, 85 W
Wed Mar 18 19:21:24 IST 2026, 171 W
Wed Mar 18 19:21:24 IST 2026, 174 W
Wed Mar 18 19:21:24 IST 2026, 87 W
Wed Mar 18 19:21:24 IST 2026, 181 W
Wed Mar 18 19:21:25 IST 2026, 95 W
Wed Mar 18 19:21:25 IST 2026, 93 W
Wed Mar 18 19:21:25 IST 2026, 92 W
Wed Mar 18 19:21:25 IST 2026, 88 W
Wed Mar 18 19:21:26 IST 2026, 95 W
Wed Mar 18 19:21:26 IST 2026, 97 W
Wed Mar 18 19:21:26 IST 2026, 88 W
Wed Mar 18 19:21:26 IST 2026, 88 W
Wed Mar 18 19:21:27 IST 2026, 97 W
Wed Mar 18 19:21:27 IST 2026, 96 W
Wed Mar 18 19:21:27 IST 2026, 92 W
Wed Mar 18 19:21:27 IST 2026, 90 W
Wed Mar 18 19:21:28 IST 2026, 97 W
Wed Mar 18 19:21:28 IST 2026, 90 W
Wed Mar 18 19:21:28 IST 2026, 86 W
Wed Mar 18 19:21:28 IST 2026, 93 W
Wed Mar 18 19:21:29 IST 2026, 93 W
Wed Mar 18 19:21:29 IST 2026, 89 W
Wed Mar 18 19:21:29 IST 2026, 88 W
Wed Mar 18 19:21:29 IST 2026, 90 W
Wed Mar 18 19:21:30 IST 2026, 95 W
Wed Mar 18 19:21:30 IST 2026, 86 W
Wed Mar 18 19:21:30 IST 2026, 90 W
Wed Mar 18 19:21:30 IST 2026, 92 W
Wed Mar 18 19:21:31 IST 2026, 94 W
Wed Mar 18 19:21:31 IST 2026, 91 W
Wed Mar 18 19:21:31 IST 2026, 92 W
Wed Mar 18 19:21:31 IST 2026, 90 W
Wed Mar 18 19:21:32 IST 2026, 91 W
Wed Mar 18 19:21:32 IST 2026, 89 W
Wed Mar 18 19:21:32 IST 2026, 84 W
Wed Mar 18 19:21:32 IST 2026, 93 W
Wed Mar 18 19:21:33 IST 2026, 96 W
Wed Mar 18 19:21:33 IST 2026, 94 W
Wed Mar 18 19:21:33 IST 2026, 89 W
Wed Mar 18 19:21:33 IST 2026, 89 W
Wed Mar 18 19:21:34 IST 2026, 95 W
Wed Mar 18 19:21:34 IST 2026, 88 W
Wed Mar 18 19:21:34 IST 2026, 90 W
Wed Mar 18 19:21:34 IST 2026, 94 W
Wed Mar 18 19:21:35 IST 2026, 99 W
Wed Mar 18 19:21:35 IST 2026, 90 W
Wed Mar 18 19:21:35 IST 2026, 95 W
Wed Mar 18 19:21:35 IST 2026, 94 W
Wed Mar 18 19:21:36 IST 2026, 95 W
Wed Mar 18 19:21:36 IST 2026, 92 W
Wed Mar 18 19:21:36 IST 2026, 89 W
Wed Mar 18 19:21:36 IST 2026, 89 W
Wed Mar 18 19:21:37 IST 2026, 98 W
Wed Mar 18 19:21:37 IST 2026, 88 W
Wed Mar 18 19:21:37 IST 2026, 96 W
Wed Mar 18 19:21:37 IST 2026, 86 W
Wed Mar 18 19:21:38 IST 2026, 96 W
Wed Mar 18 19:21:38 IST 2026, 93 W
Wed Mar 18 19:21:38 IST 2026, 89 W
Wed Mar 18 19:21:38 IST 2026, 90 W
Wed Mar 18 19:21:39 IST 2026, 99 W
Wed Mar 18 19:21:39 IST 2026, 86 W
Wed Mar 18 19:21:39 IST 2026, 92 W
Wed Mar 18 19:21:39 IST 2026, 96 W
Wed Mar 18 19:21:40 IST 2026, 94 W
Wed Mar 18 19:21:40 IST 2026, 94 W
Wed Mar 18 19:21:40 IST 2026, 86 W
Wed Mar 18 19:21:40 IST 2026, 97 W
Wed Mar 18 19:21:41 IST 2026, 94 W
Wed Mar 18 19:21:41 IST 2026, 84 W
Wed Mar 18 19:21:41 IST 2026, 94 W
Wed Mar 18 19:21:41 IST 2026, 88 W
Wed Mar 18 19:21:42 IST 2026, 95 W
Wed Mar 18 19:21:42 IST 2026, 94 W
Wed Mar 18 19:21:42 IST 2026, 90 W
Wed Mar 18 19:21:42 IST 2026, 88 W
Wed Mar 18 19:21:43 IST 2026, 100 W
Wed Mar 18 19:21:43 IST 2026, 89 W
Wed Mar 18 19:21:43 IST 2026, 87 W
Wed Mar 18 19:21:43 IST 2026, 91 W
Wed Mar 18 19:21:44 IST 2026, 99 W
Wed Mar 18 19:21:44 IST 2026, 89 W
Wed Mar 18 19:21:44 IST 2026, 89 W
Wed Mar 18 19:21:44 IST 2026, 93 W
Wed Mar 18 19:21:45 IST 2026, 100 W
Wed Mar 18 19:21:45 IST 2026, 86 W
Wed Mar 18 19:21:45 IST 2026, 91 W
Wed Mar 18 19:21:45 IST 2026, 92 W
Wed Mar 18 19:21:46 IST 2026, 97 W
Wed Mar 18 19:21:46 IST 2026, 92 W
Wed Mar 18 19:21:46 IST 2026, 89 W
Wed Mar 18 19:21:46 IST 2026, 94 W
Wed Mar 18 19:21:47 IST 2026, 93 W
Wed Mar 18 19:21:47 IST 2026, 87 W
Wed Mar 18 19:21:47 IST 2026, 89 W
Wed Mar 18 19:21:47 IST 2026, 90 W
Wed Mar 18 19:21:48 IST 2026, 98 W
Wed Mar 18 19:21:48 IST 2026, 90 W
Wed Mar 18 19:21:48 IST 2026, 90 W
Wed Mar 18 19:21:48 IST 2026, 89 W
Wed Mar 18 19:21:49 IST 2026, 94 W
Wed Mar 18 19:21:49 IST 2026, 96 W
Wed Mar 18 19:21:49 IST 2026, 88 W
Wed Mar 18 19:21:49 IST 2026, 88 W
Wed Mar 18 19:21:50 IST 2026, 100 W
Wed Mar 18 19:21:50 IST 2026, 96 W
Wed Mar 18 19:21:50 IST 2026, 94 W
Wed Mar 18 19:21:50 IST 2026, 91 W
Wed Mar 18 19:21:51 IST 2026, 95 W
Wed Mar 18 19:21:51 IST 2026, 92 W
Wed Mar 18 19:21:51 IST 2026, 95 W
Wed Mar 18 19:21:51 IST 2026, 95 W
Wed Mar 18 19:21:52 IST 2026, 98 W
Wed Mar 18 19:21:52 IST 2026, 86 W
Wed Mar 18 19:21:52 IST 2026, 89 W
Wed Mar 18 19:21:52 IST 2026, 89 W
Wed Mar 18 19:21:53 IST 2026, 97 W
Wed Mar 18 19:21:53 IST 2026, 87 W
Wed Mar 18 19:21:53 IST 2026, 89 W
Wed Mar 18 19:21:53 IST 2026, 91 W
Wed Mar 18 19:21:54 IST 2026, 95 W
Wed Mar 18 19:21:54 IST 2026, 90 W
Wed Mar 18 19:21:54 IST 2026, 89 W
Wed Mar 18 19:21:54 IST 2026, 92 W
Wed Mar 18 19:21:55 IST 2026, 92 W
Wed Mar 18 19:21:55 IST 2026, 91 W
Wed Mar 18 19:21:55 IST 2026, 89 W
Wed Mar 18 19:21:55 IST 2026, 98 W
Wed Mar 18 19:21:56 IST 2026, 101 W
Wed Mar 18 19:21:56 IST 2026, 88 W
Wed Mar 18 19:21:56 IST 2026, 89 W
Wed Mar 18 19:21:56 IST 2026, 88 W
Wed Mar 18 19:21:57 IST 2026, 94 W
Wed Mar 18 19:21:57 IST 2026, 92 W
Wed Mar 18 19:21:57 IST 2026, 95 W
Wed Mar 18 19:21:57 IST 2026, 88 W
Wed Mar 18 19:21:58 IST 2026, 92 W
Wed Mar 18 19:21:58 IST 2026, 94 W
Wed Mar 18 19:21:58 IST 2026, 88 W
Wed Mar 18 19:21:58 IST 2026, 93 W
Wed Mar 18 19:21:59 IST 2026, 95 W
Wed Mar 18 19:21:59 IST 2026, 88 W
Wed Mar 18 19:21:59 IST 2026, 91 W
Wed Mar 18 19:21:59 IST 2026, 90 W
Wed Mar 18 19:22:00 IST 2026, 93 W
Wed Mar 18 19:22:00 IST 2026, 95 W
Wed Mar 18 19:22:00 IST 2026, 94 W
Wed Mar 18 19:22:00 IST 2026, 94 W
Wed Mar 18 19:22:01 IST 2026, 94 W
Wed Mar 18 19:22:01 IST 2026, 95 W
Wed Mar 18 19:22:01 IST 2026, 90 W
Wed Mar 18 19:22:01 IST 2026, 92 W
Wed Mar 18 19:22:02 IST 2026, 98 W
Wed Mar 18 19:22:02 IST 2026, 92 W
Wed Mar 18 19:22:02 IST 2026, 88 W
Wed Mar 18 19:22:02 IST 2026, 90 W
Wed Mar 18 19:22:03 IST 2026, 98 W
Wed Mar 18 19:22:03 IST 2026, 95 W
Wed Mar 18 19:22:03 IST 2026, 91 W
Wed Mar 18 19:22:03 IST 2026, 91 W
Wed Mar 18 19:22:04 IST 2026, 98 W
Wed Mar 18 19:22:04 IST 2026, 87 W
Wed Mar 18 19:22:04 IST 2026, 85 W
Wed Mar 18 19:22:04 IST 2026, 93 W
Wed Mar 18 19:22:05 IST 2026, 93 W
Wed Mar 18 19:22:05 IST 2026, 90 W
Wed Mar 18 19:22:05 IST 2026, 90 W
Wed Mar 18 19:22:05 IST 2026, 89 W
Wed Mar 18 19:22:06 IST 2026, 97 W
Wed Mar 18 19:22:06 IST 2026, 171 W
Wed Mar 18 19:22:06 IST 2026, 86 W
Wed Mar 18 19:22:06 IST 2026, 88 W
Wed Mar 18 19:22:07 IST 2026, 98 W
Wed Mar 18 19:22:07 IST 2026, 92 W
Wed Mar 18 19:22:07 IST 2026, 89 W
Wed Mar 18 19:22:07 IST 2026, 90 W
Wed Mar 18 19:22:08 IST 2026, 95 W
Wed Mar 18 19:22:08 IST 2026, 88 W
Wed Mar 18 19:22:08 IST 2026, 88 W
Wed Mar 18 19:22:08 IST 2026, 93 W
Wed Mar 18 19:22:09 IST 2026, 95 W
Wed Mar 18 19:22:09 IST 2026, 90 W
Wed Mar 18 19:22:09 IST 2026, 87 W
Wed Mar 18 19:22:09 IST 2026, 93 W
Wed Mar 18 19:22:10 IST 2026, 100 W
Wed Mar 18 19:22:10 IST 2026, 95 W
Wed Mar 18 19:22:10 IST 2026, 95 W
Wed Mar 18 19:22:10 IST 2026, 89 W
Wed Mar 18 19:22:11 IST 2026, 95 W
Wed Mar 18 19:22:11 IST 2026, 90 W
Wed Mar 18 19:22:11 IST 2026, 87 W
Wed Mar 18 19:22:11 IST 2026, 85 W
Wed Mar 18 19:22:12 IST 2026, 93 W
Wed Mar 18 19:22:12 IST 2026, 86 W
Wed Mar 18 19:22:12 IST 2026, 89 W
Wed Mar 18 19:22:12 IST 2026, 94 W
Wed Mar 18 19:22:13 IST 2026, 100 W
Wed Mar 18 19:22:13 IST 2026, 94 W
Wed Mar 18 19:22:13 IST 2026, 90 W
Wed Mar 18 19:22:13 IST 2026, 91 W
Wed Mar 18 19:22:14 IST 2026, 90 W
Wed Mar 18 19:22:14 IST 2026, 91 W
Wed Mar 18 19:22:14 IST 2026, 84 W
Wed Mar 18 19:22:14 IST 2026, 91 W
Wed Mar 18 19:22:15 IST 2026, 100 W
Wed Mar 18 19:22:15 IST 2026, 96 W
Wed Mar 18 19:22:15 IST 2026, 93 W
Wed Mar 18 19:22:15 IST 2026, 94 W
Wed Mar 18 19:22:16 IST 2026, 162 W
Wed Mar 18 19:22:16 IST 2026, 96 W
Wed Mar 18 19:22:16 IST 2026, 150 W
Wed Mar 18 19:22:16 IST 2026, 150 W
Wed Mar 18 19:22:17 IST 2026, 160 W
Wed Mar 18 19:22:17 IST 2026, 156 W
Wed Mar 18 19:22:17 IST 2026, 151 W
Wed Mar 18 19:22:17 IST 2026, 154 W
Wed Mar 18 19:22:18 IST 2026, 154 W
Wed Mar 18 19:22:18 IST 2026, 143 W
Wed Mar 18 19:22:18 IST 2026, 152 W
Wed Mar 18 19:22:18 IST 2026, 142 W
Wed Mar 18 19:22:19 IST 2026, 144 W
Wed Mar 18 19:22:19 IST 2026, 143 W
Wed Mar 18 19:22:19 IST 2026, 154 W
Wed Mar 18 19:22:19 IST 2026, 163 W
Wed Mar 18 19:22:20 IST 2026, 145 W
Wed Mar 18 19:22:20 IST 2026, 141 W
Wed Mar 18 19:22:20 IST 2026, 144 W
Wed Mar 18 19:22:20 IST 2026, 155 W
Wed Mar 18 19:22:21 IST 2026, 144 W
Wed Mar 18 19:22:21 IST 2026, 148 W
Wed Mar 18 19:22:21 IST 2026, 164 W
Wed Mar 18 19:22:21 IST 2026, 147 W
Wed Mar 18 19:22:22 IST 2026, 139 W
Wed Mar 18 19:22:22 IST 2026, 134 W
Wed Mar 18 19:22:22 IST 2026, 145 W
Wed Mar 18 19:22:22 IST 2026, 145 W
Wed Mar 18 19:22:23 IST 2026, 144 W
Wed Mar 18 19:22:23 IST 2026, 147 W
Wed Mar 18 19:22:23 IST 2026, 169 W
Wed Mar 18 19:22:23 IST 2026, 149 W
Wed Mar 18 19:22:24 IST 2026, 126 W
Wed Mar 18 19:22:24 IST 2026, 156 W
Wed Mar 18 19:22:24 IST 2026, 161 W
Wed Mar 18 19:22:24 IST 2026, 119 W
Wed Mar 18 19:22:25 IST 2026, 144 W
Wed Mar 18 19:22:25 IST 2026, 164 W
Wed Mar 18 19:22:25 IST 2026, 164 W
Wed Mar 18 19:22:25 IST 2026, 142 W
Wed Mar 18 19:22:26 IST 2026, 146 W
Wed Mar 18 19:22:26 IST 2026, 154 W
Wed Mar 18 19:22:26 IST 2026, 152 W
Wed Mar 18 19:22:26 IST 2026, 145 W
Wed Mar 18 19:22:27 IST 2026, 156 W
Wed Mar 18 19:22:27 IST 2026, 154 W
Wed Mar 18 19:22:27 IST 2026, 155 W
Wed Mar 18 19:22:27 IST 2026, 164 W
Wed Mar 18 19:22:28 IST 2026, 146 W
Wed Mar 18 19:22:28 IST 2026, 154 W
Wed Mar 18 19:22:28 IST 2026, 152 W
Wed Mar 18 19:22:28 IST 2026, 167 W
Wed Mar 18 19:22:29 IST 2026, 152 W
Wed Mar 18 19:22:29 IST 2026, 152 W
Wed Mar 18 19:22:29 IST 2026, 147 W
Wed Mar 18 19:22:29 IST 2026, 156 W
Wed Mar 18 19:22:30 IST 2026, 150 W
Wed Mar 18 19:22:30 IST 2026, 157 W
Wed Mar 18 19:22:30 IST 2026, 142 W
Wed Mar 18 19:22:30 IST 2026, 152 W
Wed Mar 18 19:22:31 IST 2026, 166 W
Wed Mar 18 19:22:31 IST 2026, 151 W
Wed Mar 18 19:22:31 IST 2026, 164 W
Wed Mar 18 19:22:31 IST 2026, 152 W
Wed Mar 18 19:22:32 IST 2026, 149 W
Wed Mar 18 19:22:32 IST 2026, 143 W
Wed Mar 18 19:22:32 IST 2026, 152 W
Wed Mar 18 19:22:32 IST 2026, 168 W
Wed Mar 18 19:22:33 IST 2026, 145 W
Wed Mar 18 19:22:33 IST 2026, 161 W
Wed Mar 18 19:22:33 IST 2026, 141 W
Wed Mar 18 19:22:33 IST 2026, 165 W
Wed Mar 18 19:22:34 IST 2026, 147 W
Wed Mar 18 19:22:34 IST 2026, 154 W
Wed Mar 18 19:22:34 IST 2026, 158 W
Wed Mar 18 19:22:34 IST 2026, 138 W
Wed Mar 18 19:22:35 IST 2026, 146 W
Wed Mar 18 19:22:35 IST 2026, 152 W
Wed Mar 18 19:22:35 IST 2026, 163 W
Wed Mar 18 19:22:35 IST 2026, 143 W
Wed Mar 18 19:22:36 IST 2026, 149 W
Wed Mar 18 19:22:36 IST 2026, 155 W
Wed Mar 18 19:22:36 IST 2026, 156 W
Wed Mar 18 19:22:36 IST 2026, 140 W
Wed Mar 18 19:22:37 IST 2026, 148 W
Wed Mar 18 19:22:37 IST 2026, 150 W
Wed Mar 18 19:22:37 IST 2026, 164 W
Wed Mar 18 19:22:37 IST 2026, 140 W
Wed Mar 18 19:22:38 IST 2026, 153 W
Wed Mar 18 19:22:38 IST 2026, 158 W
Wed Mar 18 19:22:38 IST 2026, 168 W
Wed Mar 18 19:22:38 IST 2026, 170 W
Wed Mar 18 19:22:39 IST 2026, 156 W
Wed Mar 18 19:22:39 IST 2026, 143 W
Wed Mar 18 19:22:39 IST 2026, 152 W
Wed Mar 18 19:22:39 IST 2026, 160 W
Wed Mar 18 19:22:40 IST 2026, 147 W
Wed Mar 18 19:22:40 IST 2026, 154 W
Wed Mar 18 19:22:40 IST 2026, 150 W
Wed Mar 18 19:22:40 IST 2026, 157 W
Wed Mar 18 19:22:41 IST 2026, 145 W
Wed Mar 18 19:22:41 IST 2026, 156 W
Wed Mar 18 19:22:41 IST 2026, 156 W
Wed Mar 18 19:22:41 IST 2026, 154 W
Wed Mar 18 19:22:42 IST 2026, 148 W
Wed Mar 18 19:22:42 IST 2026, 159 W
Wed Mar 18 19:22:42 IST 2026, 159 W
Wed Mar 18 19:22:42 IST 2026, 158 W
Wed Mar 18 19:22:43 IST 2026, 148 W
Wed Mar 18 19:22:43 IST 2026, 157 W
Wed Mar 18 19:22:43 IST 2026, 161 W
Wed Mar 18 19:22:43 IST 2026, 142 W
Wed Mar 18 19:22:44 IST 2026, 158 W
Wed Mar 18 19:22:44 IST 2026, 154 W
Wed Mar 18 19:22:44 IST 2026, 160 W
Wed Mar 18 19:22:44 IST 2026, 155 W
Wed Mar 18 19:22:45 IST 2026, 165 W
Wed Mar 18 19:22:45 IST 2026, 155 W
Wed Mar 18 19:22:45 IST 2026, 160 W
Wed Mar 18 19:22:45 IST 2026, 143 W
Wed Mar 18 19:22:46 IST 2026, 156 W
Wed Mar 18 19:22:46 IST 2026, 156 W
Wed Mar 18 19:22:46 IST 2026, 141 W
Wed Mar 18 19:22:46 IST 2026, 142 W
Wed Mar 18 19:22:47 IST 2026, 159 W
Wed Mar 18 19:22:47 IST 2026, 124 W
Wed Mar 18 19:22:47 IST 2026, 155 W
Wed Mar 18 19:22:47 IST 2026, 154 W
Wed Mar 18 19:22:48 IST 2026, 145 W
Wed Mar 18 19:22:48 IST 2026, 144 W
Wed Mar 18 19:22:48 IST 2026, 158 W
Wed Mar 18 19:22:48 IST 2026, 156 W
Wed Mar 18 19:22:49 IST 2026, 146 W
Wed Mar 18 19:22:49 IST 2026, 150 W
Wed Mar 18 19:22:49 IST 2026, 129 W
Wed Mar 18 19:22:49 IST 2026, 159 W
Wed Mar 18 19:22:50 IST 2026, 150 W
Wed Mar 18 19:22:50 IST 2026, 157 W
Wed Mar 18 19:22:50 IST 2026, 150 W
Wed Mar 18 19:22:50 IST 2026, 161 W
Wed Mar 18 19:22:51 IST 2026, 163 W
Wed Mar 18 19:22:51 IST 2026, 139 W
Wed Mar 18 19:22:51 IST 2026, 161 W
Wed Mar 18 19:22:51 IST 2026, 150 W
Wed Mar 18 19:22:52 IST 2026, 156 W
Wed Mar 18 19:22:52 IST 2026, 139 W
Wed Mar 18 19:22:52 IST 2026, 146 W
Wed Mar 18 19:22:52 IST 2026, 146 W
Wed Mar 18 19:22:53 IST 2026, 138 W
Wed Mar 18 19:22:53 IST 2026, 157 W
Wed Mar 18 19:22:53 IST 2026, 169 W
Wed Mar 18 19:22:53 IST 2026, 161 W
Wed Mar 18 19:22:54 IST 2026, 149 W
Wed Mar 18 19:22:54 IST 2026, 150 W
Wed Mar 18 19:22:54 IST 2026, 145 W
Wed Mar 18 19:22:54 IST 2026, 158 W
Wed Mar 18 19:22:55 IST 2026, 148 W
Wed Mar 18 19:22:55 IST 2026, 142 W
Wed Mar 18 19:22:55 IST 2026, 157 W
Wed Mar 18 19:22:55 IST 2026, 145 W
Wed Mar 18 19:22:56 IST 2026, 145 W
Wed Mar 18 19:22:56 IST 2026, 155 W
Wed Mar 18 19:22:56 IST 2026, 163 W
Wed Mar 18 19:22:56 IST 2026, 156 W
Wed Mar 18 19:22:57 IST 2026, 152 W
Wed Mar 18 19:22:57 IST 2026, 156 W
Wed Mar 18 19:22:57 IST 2026, 152 W
Wed Mar 18 19:22:57 IST 2026, 150 W
Wed Mar 18 19:22:58 IST 2026, 142 W
Wed Mar 18 19:22:58 IST 2026, 143 W
Wed Mar 18 19:22:58 IST 2026, 169 W
Wed Mar 18 19:22:58 IST 2026, 156 W
Wed Mar 18 19:22:59 IST 2026, 158 W
Wed Mar 18 19:22:59 IST 2026, 145 W
Wed Mar 18 19:22:59 IST 2026, 156 W
Wed Mar 18 19:22:59 IST 2026, 155 W
Wed Mar 18 19:23:00 IST 2026, 172 W
Wed Mar 18 19:23:00 IST 2026, 139 W
Wed Mar 18 19:23:00 IST 2026, 159 W
Wed Mar 18 19:23:00 IST 2026, 152 W
Wed Mar 18 19:23:01 IST 2026, 164 W
Wed Mar 18 19:23:01 IST 2026, 145 W
Wed Mar 18 19:23:01 IST 2026, 141 W
Wed Mar 18 19:23:01 IST 2026, 146 W
Wed Mar 18 19:23:02 IST 2026, 151 W
Wed Mar 18 19:23:02 IST 2026, 156 W
Wed Mar 18 19:23:02 IST 2026, 149 W
Wed Mar 18 19:23:02 IST 2026, 163 W
Wed Mar 18 19:23:03 IST 2026, 139 W
Wed Mar 18 19:23:03 IST 2026, 165 W
Wed Mar 18 19:23:03 IST 2026, 142 W
Wed Mar 18 19:23:03 IST 2026, 158 W
Wed Mar 18 19:23:04 IST 2026, 145 W
Wed Mar 18 19:23:04 IST 2026, 156 W
Wed Mar 18 19:23:04 IST 2026, 169 W
Wed Mar 18 19:23:04 IST 2026, 145 W
Wed Mar 18 19:23:05 IST 2026, 142 W
Wed Mar 18 19:23:05 IST 2026, 140 W
Wed Mar 18 19:23:05 IST 2026, 161 W
Wed Mar 18 19:23:05 IST 2026, 152 W
Wed Mar 18 19:23:06 IST 2026, 155 W
Wed Mar 18 19:23:06 IST 2026, 151 W
Wed Mar 18 19:23:06 IST 2026, 160 W
Wed Mar 18 19:23:06 IST 2026, 146 W
Wed Mar 18 19:23:07 IST 2026, 154 W
Wed Mar 18 19:23:07 IST 2026, 152 W
Wed Mar 18 19:23:07 IST 2026, 164 W
Wed Mar 18 19:23:07 IST 2026, 149 W
Wed Mar 18 19:23:08 IST 2026, 157 W
Wed Mar 18 19:23:08 IST 2026, 127 W
Wed Mar 18 19:23:08 IST 2026, 169 W
Wed Mar 18 19:23:08 IST 2026, 162 W
Wed Mar 18 19:23:09 IST 2026, 147 W
Wed Mar 18 19:23:09 IST 2026, 132 W
Wed Mar 18 19:23:09 IST 2026, 172 W
Wed Mar 18 19:23:09 IST 2026, 152 W
Wed Mar 18 19:23:10 IST 2026, 152 W
Wed Mar 18 19:23:10 IST 2026, 154 W
Wed Mar 18 19:23:10 IST 2026, 167 W
Wed Mar 18 19:23:10 IST 2026, 140 W
Wed Mar 18 19:23:11 IST 2026, 149 W
Wed Mar 18 19:23:11 IST 2026, 161 W
Wed Mar 18 19:23:11 IST 2026, 171 W
Wed Mar 18 19:23:11 IST 2026, 166 W
Wed Mar 18 19:23:12 IST 2026, 153 W
Wed Mar 18 19:23:12 IST 2026, 164 W
Wed Mar 18 19:23:12 IST 2026, 162 W
Wed Mar 18 19:23:12 IST 2026, 158 W
Wed Mar 18 19:23:13 IST 2026, 147 W
Wed Mar 18 19:23:13 IST 2026, 156 W
Wed Mar 18 19:23:13 IST 2026, 163 W
Wed Mar 18 19:23:13 IST 2026, 146 W
Wed Mar 18 19:23:14 IST 2026, 157 W
Wed Mar 18 19:23:14 IST 2026, 153 W
Wed Mar 18 19:23:14 IST 2026, 156 W
Wed Mar 18 19:23:14 IST 2026, 152 W
Wed Mar 18 19:23:15 IST 2026, 143 W
Wed Mar 18 19:23:15 IST 2026, 167 W
Wed Mar 18 19:23:15 IST 2026, 164 W
Wed Mar 18 19:23:15 IST 2026, 157 W
Wed Mar 18 19:23:16 IST 2026, 161 W
Wed Mar 18 19:23:16 IST 2026, 151 W
Wed Mar 18 19:23:16 IST 2026, 165 W
Wed Mar 18 19:23:16 IST 2026, 152 W
Wed Mar 18 19:23:17 IST 2026, 166 W
Wed Mar 18 19:23:17 IST 2026, 159 W
Wed Mar 18 19:23:17 IST 2026, 157 W
Wed Mar 18 19:23:17 IST 2026, 166 W
Wed Mar 18 19:23:18 IST 2026, 163 W
Wed Mar 18 19:23:18 IST 2026, 159 W
Wed Mar 18 19:23:18 IST 2026, 157 W
Wed Mar 18 19:23:18 IST 2026, 144 W
Wed Mar 18 19:23:19 IST 2026, 160 W
Wed Mar 18 19:23:19 IST 2026, 163 W
Wed Mar 18 19:23:19 IST 2026, 150 W
Wed Mar 18 19:23:19 IST 2026, 155 W
Wed Mar 18 19:23:20 IST 2026, 148 W
Wed Mar 18 19:23:20 IST 2026, 151 W
Wed Mar 18 19:23:20 IST 2026, 165 W
Wed Mar 18 19:23:20 IST 2026, 148 W
Wed Mar 18 19:23:21 IST 2026, 151 W
Wed Mar 18 19:23:21 IST 2026, 157 W
Wed Mar 18 19:23:21 IST 2026, 164 W
Wed Mar 18 19:23:21 IST 2026, 159 W
Wed Mar 18 19:23:22 IST 2026, 157 W
Wed Mar 18 19:23:22 IST 2026, 159 W
Wed Mar 18 19:23:22 IST 2026, 148 W
Wed Mar 18 19:23:22 IST 2026, 145 W
Wed Mar 18 19:23:23 IST 2026, 168 W
Wed Mar 18 19:23:23 IST 2026, 165 W
Wed Mar 18 19:23:23 IST 2026, 137 W
Wed Mar 18 19:23:23 IST 2026, 163 W
Wed Mar 18 19:23:24 IST 2026, 151 W
Wed Mar 18 19:23:24 IST 2026, 154 W
Wed Mar 18 19:23:24 IST 2026, 153 W
Wed Mar 18 19:23:24 IST 2026, 149 W
Wed Mar 18 19:23:25 IST 2026, 161 W
Wed Mar 18 19:23:25 IST 2026, 157 W
Wed Mar 18 19:23:25 IST 2026, 158 W
Wed Mar 18 19:23:25 IST 2026, 160 W
Wed Mar 18 19:23:26 IST 2026, 155 W
Wed Mar 18 19:23:26 IST 2026, 154 W
Wed Mar 18 19:23:26 IST 2026, 148 W
Wed Mar 18 19:23:26 IST 2026, 146 W
Wed Mar 18 19:23:27 IST 2026, 145 W
Wed Mar 18 19:23:27 IST 2026, 163 W
Wed Mar 18 19:23:27 IST 2026, 153 W
Wed Mar 18 19:23:27 IST 2026, 137 W
Wed Mar 18 19:23:28 IST 2026, 154 W
Wed Mar 18 19:23:28 IST 2026, 161 W
Wed Mar 18 19:23:28 IST 2026, 151 W
Wed Mar 18 19:23:28 IST 2026, 165 W
Wed Mar 18 19:23:29 IST 2026, 157 W
Wed Mar 18 19:23:29 IST 2026, 163 W
Wed Mar 18 19:23:29 IST 2026, 141 W
Wed Mar 18 19:23:29 IST 2026, 146 W
Wed Mar 18 19:23:30 IST 2026, 138 W
Wed Mar 18 19:23:30 IST 2026, 160 W
Wed Mar 18 19:23:30 IST 2026, 162 W
Wed Mar 18 19:23:30 IST 2026, 155 W
Wed Mar 18 19:23:31 IST 2026, 160 W
Wed Mar 18 19:23:31 IST 2026, 168 W
Wed Mar 18 19:23:31 IST 2026, 91 W
Wed Mar 18 19:23:31 IST 2026, 161 W
Wed Mar 18 19:23:32 IST 2026, 171 W
Wed Mar 18 19:23:32 IST 2026, 158 W
Wed Mar 18 19:23:32 IST 2026, 94 W
Wed Mar 18 19:23:32 IST 2026, 168 W
Wed Mar 18 19:23:33 IST 2026, 157 W
Wed Mar 18 19:23:33 IST 2026, 158 W
Wed Mar 18 19:23:33 IST 2026, 87 W
Wed Mar 18 19:23:33 IST 2026, 165 W
Wed Mar 18 19:23:34 IST 2026, 161 W
Wed Mar 18 19:23:34 IST 2026, 160 W
Wed Mar 18 19:23:34 IST 2026, 87 W
Wed Mar 18 19:23:34 IST 2026, 85 W
Wed Mar 18 19:23:35 IST 2026, 157 W
Wed Mar 18 19:23:35 IST 2026, 146 W
Wed Mar 18 19:23:35 IST 2026, 92 W
Wed Mar 18 19:23:35 IST 2026, 88 W
Wed Mar 18 19:23:36 IST 2026, 157 W
Wed Mar 18 19:23:36 IST 2026, 162 W
Wed Mar 18 19:23:36 IST 2026, 95 W
Wed Mar 18 19:23:36 IST 2026, 88 W
Wed Mar 18 19:23:37 IST 2026, 169 W
Wed Mar 18 19:23:37 IST 2026, 92 W
Wed Mar 18 19:23:37 IST 2026, 87 W
Wed Mar 18 19:23:37 IST 2026, 86 W
Wed Mar 18 19:23:38 IST 2026, 175 W
Wed Mar 18 19:23:38 IST 2026, 85 W
Wed Mar 18 19:23:38 IST 2026, 87 W
Wed Mar 18 19:23:38 IST 2026, 97 W
Wed Mar 18 19:23:39 IST 2026, 170 W
Wed Mar 18 19:23:39 IST 2026, 95 W
Wed Mar 18 19:23:39 IST 2026, 95 W
Wed Mar 18 19:23:39 IST 2026, 94 W
Wed Mar 18 19:23:40 IST 2026, 92 W
Wed Mar 18 19:23:40 IST 2026, 89 W
Wed Mar 18 19:23:40 IST 2026, 85 W
Wed Mar 18 19:23:40 IST 2026, 88 W
Wed Mar 18 19:23:41 IST 2026, 94 W
Wed Mar 18 19:23:41 IST 2026, 87 W
Wed Mar 18 19:23:41 IST 2026, 85 W
Wed Mar 18 19:23:41 IST 2026, 86 W
Wed Mar 18 19:23:42 IST 2026, 92 W
Wed Mar 18 19:23:42 IST 2026, 83 W
Wed Mar 18 19:23:42 IST 2026, 90 W
Wed Mar 18 19:23:42 IST 2026, 84 W
