timestamp, power.draw [W]
Fri Sep 26 13:05:48 IDT 2025, 97 W
Fri Sep 26 13:05:48 IDT 2025, 100 W
Fri Sep 26 13:05:48 IDT 2025, 128 W
Fri Sep 26 13:05:48 IDT 2025, 98 W
Fri Sep 26 13:05:48 IDT 2025, 98 W
Fri Sep 26 13:05:48 IDT 2025, 128 W
Fri Sep 26 13:05:48 IDT 2025, 104 W
Fri Sep 26 13:05:48 IDT 2025, 84 W
Fri Sep 26 13:05:49 IDT 2025, 99 W
Fri Sep 26 13:05:49 IDT 2025, 97 W
Fri Sep 26 13:05:49 IDT 2025, 127 W
Fri Sep 26 13:05:49 IDT 2025, 96 W
Fri Sep 26 13:05:49 IDT 2025, 98 W
Fri Sep 26 13:05:49 IDT 2025, 136 W
Fri Sep 26 13:05:49 IDT 2025, 102 W
Fri Sep 26 13:05:49 IDT 2025, 80 W
Fri Sep 26 13:05:50 IDT 2025, 93 W
Fri Sep 26 13:05:50 IDT 2025, 94 W
Fri Sep 26 13:05:50 IDT 2025, 132 W
Fri Sep 26 13:05:50 IDT 2025, 95 W
Fri Sep 26 13:05:50 IDT 2025, 101 W
Fri Sep 26 13:05:50 IDT 2025, 125 W
Fri Sep 26 13:05:50 IDT 2025, 105 W
Fri Sep 26 13:05:50 IDT 2025, 79 W
Fri Sep 26 13:05:51 IDT 2025, 97 W
Fri Sep 26 13:05:51 IDT 2025, 96 W
Fri Sep 26 13:05:51 IDT 2025, 131 W
Fri Sep 26 13:05:51 IDT 2025, 96 W
Fri Sep 26 13:05:51 IDT 2025, 100 W
Fri Sep 26 13:05:51 IDT 2025, 126 W
Fri Sep 26 13:05:51 IDT 2025, 108 W
Fri Sep 26 13:05:51 IDT 2025, 84 W
Fri Sep 26 13:05:52 IDT 2025, 98 W
Fri Sep 26 13:05:52 IDT 2025, 97 W
Fri Sep 26 13:05:52 IDT 2025, 131 W
Fri Sep 26 13:05:52 IDT 2025, 100 W
Fri Sep 26 13:05:52 IDT 2025, 99 W
Fri Sep 26 13:05:52 IDT 2025, 128 W
Fri Sep 26 13:05:52 IDT 2025, 107 W
Fri Sep 26 13:05:52 IDT 2025, 83 W
Fri Sep 26 13:05:53 IDT 2025, 120 W
Fri Sep 26 13:05:53 IDT 2025, 114 W
Fri Sep 26 13:05:53 IDT 2025, 135 W
Fri Sep 26 13:05:53 IDT 2025, 111 W
Fri Sep 26 13:05:53 IDT 2025, 113 W
Fri Sep 26 13:05:53 IDT 2025, 143 W
Fri Sep 26 13:05:53 IDT 2025, 121 W
Fri Sep 26 13:05:53 IDT 2025, 100 W
Fri Sep 26 13:05:54 IDT 2025, 171 W
Fri Sep 26 13:05:54 IDT 2025, 175 W
Fri Sep 26 13:05:54 IDT 2025, 202 W
Fri Sep 26 13:05:54 IDT 2025, 168 W
Fri Sep 26 13:05:54 IDT 2025, 179 W
Fri Sep 26 13:05:54 IDT 2025, 191 W
Fri Sep 26 13:05:54 IDT 2025, 177 W
Fri Sep 26 13:05:54 IDT 2025, 154 W
Fri Sep 26 13:05:55 IDT 2025, 167 W
Fri Sep 26 13:05:55 IDT 2025, 164 W
Fri Sep 26 13:05:55 IDT 2025, 199 W
Fri Sep 26 13:05:55 IDT 2025, 158 W
Fri Sep 26 13:05:55 IDT 2025, 160 W
Fri Sep 26 13:05:55 IDT 2025, 202 W
Fri Sep 26 13:05:55 IDT 2025, 171 W
Fri Sep 26 13:05:55 IDT 2025, 151 W
Fri Sep 26 13:05:56 IDT 2025, 178 W
Fri Sep 26 13:05:56 IDT 2025, 175 W
Fri Sep 26 13:05:56 IDT 2025, 203 W
Fri Sep 26 13:05:56 IDT 2025, 161 W
Fri Sep 26 13:05:56 IDT 2025, 176 W
Fri Sep 26 13:05:56 IDT 2025, 201 W
Fri Sep 26 13:05:56 IDT 2025, 181 W
Fri Sep 26 13:05:56 IDT 2025, 158 W
Fri Sep 26 13:05:57 IDT 2025, 177 W
Fri Sep 26 13:05:57 IDT 2025, 182 W
Fri Sep 26 13:05:57 IDT 2025, 205 W
Fri Sep 26 13:05:57 IDT 2025, 176 W
Fri Sep 26 13:05:57 IDT 2025, 177 W
Fri Sep 26 13:05:57 IDT 2025, 209 W
Fri Sep 26 13:05:57 IDT 2025, 177 W
Fri Sep 26 13:05:57 IDT 2025, 165 W
Fri Sep 26 13:05:58 IDT 2025, 177 W
Fri Sep 26 13:05:58 IDT 2025, 178 W
Fri Sep 26 13:05:58 IDT 2025, 202 W
Fri Sep 26 13:05:58 IDT 2025, 161 W
Fri Sep 26 13:05:58 IDT 2025, 184 W
Fri Sep 26 13:05:58 IDT 2025, 210 W
Fri Sep 26 13:05:58 IDT 2025, 187 W
Fri Sep 26 13:05:58 IDT 2025, 164 W
Fri Sep 26 13:05:59 IDT 2025, 187 W
Fri Sep 26 13:05:59 IDT 2025, 186 W
Fri Sep 26 13:05:59 IDT 2025, 218 W
Fri Sep 26 13:05:59 IDT 2025, 182 W
Fri Sep 26 13:05:59 IDT 2025, 198 W
Fri Sep 26 13:05:59 IDT 2025, 224 W
Fri Sep 26 13:05:59 IDT 2025, 192 W
Fri Sep 26 13:05:59 IDT 2025, 174 W
Fri Sep 26 13:06:00 IDT 2025, 171 W
Fri Sep 26 13:06:00 IDT 2025, 160 W
Fri Sep 26 13:06:00 IDT 2025, 201 W
Fri Sep 26 13:06:00 IDT 2025, 165 W
Fri Sep 26 13:06:00 IDT 2025, 170 W
Fri Sep 26 13:06:00 IDT 2025, 207 W
Fri Sep 26 13:06:00 IDT 2025, 175 W
Fri Sep 26 13:06:00 IDT 2025, 159 W
Fri Sep 26 13:06:01 IDT 2025, 196 W
Fri Sep 26 13:06:01 IDT 2025, 191 W
Fri Sep 26 13:06:01 IDT 2025, 225 W
Fri Sep 26 13:06:01 IDT 2025, 179 W
Fri Sep 26 13:06:01 IDT 2025, 196 W
Fri Sep 26 13:06:01 IDT 2025, 235 W
Fri Sep 26 13:06:01 IDT 2025, 203 W
Fri Sep 26 13:06:01 IDT 2025, 180 W
Fri Sep 26 13:06:02 IDT 2025, 176 W
Fri Sep 26 13:06:02 IDT 2025, 183 W
Fri Sep 26 13:06:02 IDT 2025, 213 W
Fri Sep 26 13:06:02 IDT 2025, 167 W
Fri Sep 26 13:06:02 IDT 2025, 181 W
Fri Sep 26 13:06:02 IDT 2025, 212 W
Fri Sep 26 13:06:02 IDT 2025, 187 W
Fri Sep 26 13:06:02 IDT 2025, 167 W
Fri Sep 26 13:06:03 IDT 2025, 169 W
Fri Sep 26 13:06:03 IDT 2025, 180 W
Fri Sep 26 13:06:03 IDT 2025, 214 W
Fri Sep 26 13:06:03 IDT 2025, 175 W
Fri Sep 26 13:06:03 IDT 2025, 181 W
Fri Sep 26 13:06:03 IDT 2025, 216 W
Fri Sep 26 13:06:03 IDT 2025, 184 W
Fri Sep 26 13:06:03 IDT 2025, 158 W
Fri Sep 26 13:06:04 IDT 2025, 189 W
Fri Sep 26 13:06:04 IDT 2025, 183 W
Fri Sep 26 13:06:04 IDT 2025, 207 W
Fri Sep 26 13:06:04 IDT 2025, 178 W
Fri Sep 26 13:06:04 IDT 2025, 189 W
Fri Sep 26 13:06:04 IDT 2025, 216 W
Fri Sep 26 13:06:04 IDT 2025, 191 W
Fri Sep 26 13:06:04 IDT 2025, 171 W
Fri Sep 26 13:06:05 IDT 2025, 192 W
Fri Sep 26 13:06:05 IDT 2025, 181 W
Fri Sep 26 13:06:05 IDT 2025, 207 W
Fri Sep 26 13:06:05 IDT 2025, 176 W
Fri Sep 26 13:06:05 IDT 2025, 190 W
Fri Sep 26 13:06:05 IDT 2025, 218 W
Fri Sep 26 13:06:05 IDT 2025, 202 W
Fri Sep 26 13:06:05 IDT 2025, 171 W
Fri Sep 26 13:06:06 IDT 2025, 172 W
Fri Sep 26 13:06:06 IDT 2025, 165 W
Fri Sep 26 13:06:06 IDT 2025, 199 W
Fri Sep 26 13:06:06 IDT 2025, 157 W
Fri Sep 26 13:06:06 IDT 2025, 164 W
Fri Sep 26 13:06:06 IDT 2025, 210 W
Fri Sep 26 13:06:06 IDT 2025, 167 W
Fri Sep 26 13:06:06 IDT 2025, 152 W
Fri Sep 26 13:06:07 IDT 2025, 165 W
Fri Sep 26 13:06:07 IDT 2025, 158 W
Fri Sep 26 13:06:07 IDT 2025, 186 W
Fri Sep 26 13:06:07 IDT 2025, 159 W
Fri Sep 26 13:06:07 IDT 2025, 164 W
Fri Sep 26 13:06:07 IDT 2025, 186 W
Fri Sep 26 13:06:07 IDT 2025, 161 W
Fri Sep 26 13:06:07 IDT 2025, 149 W
Fri Sep 26 13:06:08 IDT 2025, 178 W
Fri Sep 26 13:06:08 IDT 2025, 179 W
Fri Sep 26 13:06:08 IDT 2025, 210 W
Fri Sep 26 13:06:08 IDT 2025, 173 W
Fri Sep 26 13:06:08 IDT 2025, 173 W
Fri Sep 26 13:06:08 IDT 2025, 207 W
Fri Sep 26 13:06:08 IDT 2025, 164 W
Fri Sep 26 13:06:08 IDT 2025, 157 W
Fri Sep 26 13:06:09 IDT 2025, 167 W
Fri Sep 26 13:06:09 IDT 2025, 173 W
Fri Sep 26 13:06:09 IDT 2025, 193 W
Fri Sep 26 13:06:09 IDT 2025, 166 W
Fri Sep 26 13:06:09 IDT 2025, 170 W
Fri Sep 26 13:06:09 IDT 2025, 207 W
Fri Sep 26 13:06:09 IDT 2025, 181 W
Fri Sep 26 13:06:09 IDT 2025, 156 W
Fri Sep 26 13:06:10 IDT 2025, 169 W
Fri Sep 26 13:06:10 IDT 2025, 169 W
Fri Sep 26 13:06:10 IDT 2025, 210 W
Fri Sep 26 13:06:10 IDT 2025, 164 W
Fri Sep 26 13:06:10 IDT 2025, 177 W
Fri Sep 26 13:06:10 IDT 2025, 198 W
Fri Sep 26 13:06:10 IDT 2025, 163 W
Fri Sep 26 13:06:10 IDT 2025, 151 W
Fri Sep 26 13:06:11 IDT 2025, 177 W
Fri Sep 26 13:06:11 IDT 2025, 166 W
Fri Sep 26 13:06:11 IDT 2025, 197 W
Fri Sep 26 13:06:11 IDT 2025, 166 W
Fri Sep 26 13:06:11 IDT 2025, 168 W
Fri Sep 26 13:06:11 IDT 2025, 192 W
Fri Sep 26 13:06:11 IDT 2025, 174 W
Fri Sep 26 13:06:11 IDT 2025, 150 W
Fri Sep 26 13:06:12 IDT 2025, 168 W
Fri Sep 26 13:06:12 IDT 2025, 166 W
Fri Sep 26 13:06:12 IDT 2025, 200 W
Fri Sep 26 13:06:12 IDT 2025, 154 W
Fri Sep 26 13:06:12 IDT 2025, 169 W
Fri Sep 26 13:06:12 IDT 2025, 197 W
Fri Sep 26 13:06:12 IDT 2025, 161 W
Fri Sep 26 13:06:12 IDT 2025, 149 W
Fri Sep 26 13:06:13 IDT 2025, 171 W
Fri Sep 26 13:06:13 IDT 2025, 166 W
Fri Sep 26 13:06:13 IDT 2025, 196 W
Fri Sep 26 13:06:13 IDT 2025, 164 W
Fri Sep 26 13:06:13 IDT 2025, 171 W
Fri Sep 26 13:06:13 IDT 2025, 196 W
Fri Sep 26 13:06:13 IDT 2025, 161 W
Fri Sep 26 13:06:13 IDT 2025, 150 W
Fri Sep 26 13:06:14 IDT 2025, 180 W
Fri Sep 26 13:06:14 IDT 2025, 170 W
Fri Sep 26 13:06:14 IDT 2025, 204 W
Fri Sep 26 13:06:14 IDT 2025, 162 W
Fri Sep 26 13:06:14 IDT 2025, 180 W
Fri Sep 26 13:06:14 IDT 2025, 206 W
Fri Sep 26 13:06:14 IDT 2025, 165 W
Fri Sep 26 13:06:14 IDT 2025, 160 W
Fri Sep 26 13:06:15 IDT 2025, 167 W
Fri Sep 26 13:06:15 IDT 2025, 161 W
Fri Sep 26 13:06:15 IDT 2025, 203 W
Fri Sep 26 13:06:15 IDT 2025, 160 W
Fri Sep 26 13:06:15 IDT 2025, 165 W
Fri Sep 26 13:06:15 IDT 2025, 191 W
Fri Sep 26 13:06:15 IDT 2025, 162 W
Fri Sep 26 13:06:15 IDT 2025, 155 W
Fri Sep 26 13:06:16 IDT 2025, 165 W
Fri Sep 26 13:06:16 IDT 2025, 162 W
Fri Sep 26 13:06:16 IDT 2025, 196 W
Fri Sep 26 13:06:16 IDT 2025, 163 W
Fri Sep 26 13:06:16 IDT 2025, 163 W
Fri Sep 26 13:06:16 IDT 2025, 196 W
Fri Sep 26 13:06:16 IDT 2025, 174 W
Fri Sep 26 13:06:16 IDT 2025, 150 W
Fri Sep 26 13:06:17 IDT 2025, 176 W
Fri Sep 26 13:06:17 IDT 2025, 170 W
Fri Sep 26 13:06:17 IDT 2025, 202 W
Fri Sep 26 13:06:17 IDT 2025, 163 W
Fri Sep 26 13:06:17 IDT 2025, 168 W
Fri Sep 26 13:06:17 IDT 2025, 196 W
Fri Sep 26 13:06:17 IDT 2025, 168 W
Fri Sep 26 13:06:17 IDT 2025, 155 W
Fri Sep 26 13:06:18 IDT 2025, 159 W
Fri Sep 26 13:06:18 IDT 2025, 159 W
Fri Sep 26 13:06:18 IDT 2025, 191 W
Fri Sep 26 13:06:18 IDT 2025, 153 W
Fri Sep 26 13:06:18 IDT 2025, 169 W
Fri Sep 26 13:06:18 IDT 2025, 189 W
Fri Sep 26 13:06:18 IDT 2025, 173 W
Fri Sep 26 13:06:18 IDT 2025, 133 W
Fri Sep 26 13:06:19 IDT 2025, 170 W
Fri Sep 26 13:06:19 IDT 2025, 156 W
Fri Sep 26 13:06:19 IDT 2025, 194 W
Fri Sep 26 13:06:19 IDT 2025, 155 W
Fri Sep 26 13:06:19 IDT 2025, 154 W
Fri Sep 26 13:06:19 IDT 2025, 182 W
Fri Sep 26 13:06:19 IDT 2025, 164 W
Fri Sep 26 13:06:19 IDT 2025, 147 W
Fri Sep 26 13:06:20 IDT 2025, 164 W
Fri Sep 26 13:06:20 IDT 2025, 168 W
Fri Sep 26 13:06:20 IDT 2025, 193 W
Fri Sep 26 13:06:20 IDT 2025, 157 W
Fri Sep 26 13:06:20 IDT 2025, 159 W
Fri Sep 26 13:06:20 IDT 2025, 189 W
Fri Sep 26 13:06:20 IDT 2025, 165 W
Fri Sep 26 13:06:20 IDT 2025, 146 W
Fri Sep 26 13:06:21 IDT 2025, 184 W
Fri Sep 26 13:06:21 IDT 2025, 170 W
Fri Sep 26 13:06:21 IDT 2025, 194 W
Fri Sep 26 13:06:21 IDT 2025, 176 W
Fri Sep 26 13:06:21 IDT 2025, 174 W
Fri Sep 26 13:06:21 IDT 2025, 206 W
Fri Sep 26 13:06:21 IDT 2025, 178 W
Fri Sep 26 13:06:21 IDT 2025, 163 W
Fri Sep 26 13:06:22 IDT 2025, 179 W
Fri Sep 26 13:06:22 IDT 2025, 166 W
Fri Sep 26 13:06:22 IDT 2025, 197 W
Fri Sep 26 13:06:22 IDT 2025, 161 W
Fri Sep 26 13:06:22 IDT 2025, 164 W
Fri Sep 26 13:06:22 IDT 2025, 192 W
Fri Sep 26 13:06:22 IDT 2025, 172 W
Fri Sep 26 13:06:22 IDT 2025, 149 W
Fri Sep 26 13:06:23 IDT 2025, 165 W
Fri Sep 26 13:06:23 IDT 2025, 153 W
Fri Sep 26 13:06:23 IDT 2025, 192 W
Fri Sep 26 13:06:23 IDT 2025, 147 W
Fri Sep 26 13:06:23 IDT 2025, 157 W
Fri Sep 26 13:06:23 IDT 2025, 186 W
Fri Sep 26 13:06:23 IDT 2025, 166 W
Fri Sep 26 13:06:23 IDT 2025, 150 W
Fri Sep 26 13:06:24 IDT 2025, 168 W
Fri Sep 26 13:06:24 IDT 2025, 184 W
Fri Sep 26 13:06:24 IDT 2025, 200 W
Fri Sep 26 13:06:24 IDT 2025, 173 W
Fri Sep 26 13:06:24 IDT 2025, 185 W
Fri Sep 26 13:06:24 IDT 2025, 205 W
Fri Sep 26 13:06:24 IDT 2025, 183 W
Fri Sep 26 13:06:24 IDT 2025, 171 W
Fri Sep 26 13:06:25 IDT 2025, 174 W
Fri Sep 26 13:06:25 IDT 2025, 173 W
Fri Sep 26 13:06:25 IDT 2025, 209 W
Fri Sep 26 13:06:25 IDT 2025, 175 W
Fri Sep 26 13:06:25 IDT 2025, 181 W
Fri Sep 26 13:06:25 IDT 2025, 210 W
Fri Sep 26 13:06:25 IDT 2025, 185 W
Fri Sep 26 13:06:25 IDT 2025, 164 W
Fri Sep 26 13:06:26 IDT 2025, 186 W
Fri Sep 26 13:06:26 IDT 2025, 182 W
Fri Sep 26 13:06:26 IDT 2025, 207 W
Fri Sep 26 13:06:26 IDT 2025, 167 W
Fri Sep 26 13:06:26 IDT 2025, 177 W
Fri Sep 26 13:06:26 IDT 2025, 207 W
Fri Sep 26 13:06:26 IDT 2025, 181 W
Fri Sep 26 13:06:26 IDT 2025, 171 W
Fri Sep 26 13:06:27 IDT 2025, 165 W
Fri Sep 26 13:06:27 IDT 2025, 171 W
Fri Sep 26 13:06:27 IDT 2025, 208 W
Fri Sep 26 13:06:27 IDT 2025, 166 W
Fri Sep 26 13:06:27 IDT 2025, 175 W
Fri Sep 26 13:06:27 IDT 2025, 199 W
Fri Sep 26 13:06:27 IDT 2025, 180 W
Fri Sep 26 13:06:27 IDT 2025, 161 W
Fri Sep 26 13:06:28 IDT 2025, 164 W
Fri Sep 26 13:06:28 IDT 2025, 175 W
Fri Sep 26 13:06:28 IDT 2025, 204 W
Fri Sep 26 13:06:28 IDT 2025, 159 W
Fri Sep 26 13:06:28 IDT 2025, 171 W
Fri Sep 26 13:06:28 IDT 2025, 194 W
Fri Sep 26 13:06:28 IDT 2025, 171 W
Fri Sep 26 13:06:28 IDT 2025, 155 W
Fri Sep 26 13:06:29 IDT 2025, 166 W
Fri Sep 26 13:06:29 IDT 2025, 173 W
Fri Sep 26 13:06:29 IDT 2025, 206 W
Fri Sep 26 13:06:29 IDT 2025, 172 W
Fri Sep 26 13:06:29 IDT 2025, 178 W
Fri Sep 26 13:06:29 IDT 2025, 197 W
Fri Sep 26 13:06:29 IDT 2025, 185 W
Fri Sep 26 13:06:29 IDT 2025, 170 W
Fri Sep 26 13:06:30 IDT 2025, 171 W
Fri Sep 26 13:06:30 IDT 2025, 181 W
Fri Sep 26 13:06:30 IDT 2025, 216 W
Fri Sep 26 13:06:30 IDT 2025, 174 W
Fri Sep 26 13:06:30 IDT 2025, 182 W
Fri Sep 26 13:06:30 IDT 2025, 212 W
Fri Sep 26 13:06:30 IDT 2025, 188 W
Fri Sep 26 13:06:30 IDT 2025, 171 W
Fri Sep 26 13:06:31 IDT 2025, 174 W
Fri Sep 26 13:06:31 IDT 2025, 179 W
Fri Sep 26 13:06:31 IDT 2025, 208 W
Fri Sep 26 13:06:31 IDT 2025, 170 W
Fri Sep 26 13:06:31 IDT 2025, 181 W
Fri Sep 26 13:06:31 IDT 2025, 209 W
Fri Sep 26 13:06:31 IDT 2025, 177 W
Fri Sep 26 13:06:31 IDT 2025, 165 W
Fri Sep 26 13:06:32 IDT 2025, 178 W
Fri Sep 26 13:06:32 IDT 2025, 175 W
Fri Sep 26 13:06:32 IDT 2025, 211 W
Fri Sep 26 13:06:32 IDT 2025, 168 W
Fri Sep 26 13:06:32 IDT 2025, 181 W
Fri Sep 26 13:06:32 IDT 2025, 209 W
Fri Sep 26 13:06:32 IDT 2025, 185 W
Fri Sep 26 13:06:32 IDT 2025, 163 W
Fri Sep 26 13:06:33 IDT 2025, 181 W
Fri Sep 26 13:06:33 IDT 2025, 177 W
Fri Sep 26 13:06:33 IDT 2025, 205 W
Fri Sep 26 13:06:33 IDT 2025, 173 W
Fri Sep 26 13:06:33 IDT 2025, 178 W
Fri Sep 26 13:06:33 IDT 2025, 208 W
Fri Sep 26 13:06:33 IDT 2025, 178 W
Fri Sep 26 13:06:33 IDT 2025, 155 W
Fri Sep 26 13:06:34 IDT 2025, 176 W
Fri Sep 26 13:06:34 IDT 2025, 178 W
Fri Sep 26 13:06:34 IDT 2025, 217 W
Fri Sep 26 13:06:34 IDT 2025, 176 W
Fri Sep 26 13:06:34 IDT 2025, 185 W
Fri Sep 26 13:06:34 IDT 2025, 208 W
Fri Sep 26 13:06:34 IDT 2025, 177 W
Fri Sep 26 13:06:34 IDT 2025, 160 W
Fri Sep 26 13:06:35 IDT 2025, 167 W
Fri Sep 26 13:06:35 IDT 2025, 172 W
Fri Sep 26 13:06:35 IDT 2025, 202 W
Fri Sep 26 13:06:35 IDT 2025, 164 W
Fri Sep 26 13:06:35 IDT 2025, 163 W
Fri Sep 26 13:06:35 IDT 2025, 200 W
Fri Sep 26 13:06:35 IDT 2025, 173 W
Fri Sep 26 13:06:35 IDT 2025, 154 W
Fri Sep 26 13:06:36 IDT 2025, 175 W
Fri Sep 26 13:06:36 IDT 2025, 185 W
Fri Sep 26 13:06:36 IDT 2025, 217 W
Fri Sep 26 13:06:36 IDT 2025, 173 W
Fri Sep 26 13:06:36 IDT 2025, 184 W
Fri Sep 26 13:06:36 IDT 2025, 205 W
Fri Sep 26 13:06:36 IDT 2025, 178 W
Fri Sep 26 13:06:36 IDT 2025, 156 W
Fri Sep 26 13:06:37 IDT 2025, 184 W
Fri Sep 26 13:06:37 IDT 2025, 183 W
Fri Sep 26 13:06:37 IDT 2025, 220 W
Fri Sep 26 13:06:37 IDT 2025, 174 W
Fri Sep 26 13:06:37 IDT 2025, 178 W
Fri Sep 26 13:06:37 IDT 2025, 213 W
Fri Sep 26 13:06:37 IDT 2025, 184 W
Fri Sep 26 13:06:37 IDT 2025, 173 W
Fri Sep 26 13:06:38 IDT 2025, 163 W
Fri Sep 26 13:06:38 IDT 2025, 157 W
Fri Sep 26 13:06:38 IDT 2025, 202 W
Fri Sep 26 13:06:38 IDT 2025, 152 W
Fri Sep 26 13:06:38 IDT 2025, 169 W
Fri Sep 26 13:06:38 IDT 2025, 194 W
Fri Sep 26 13:06:38 IDT 2025, 188 W
Fri Sep 26 13:06:38 IDT 2025, 156 W
Fri Sep 26 13:06:39 IDT 2025, 187 W
Fri Sep 26 13:06:39 IDT 2025, 182 W
Fri Sep 26 13:06:39 IDT 2025, 211 W
Fri Sep 26 13:06:39 IDT 2025, 167 W
Fri Sep 26 13:06:39 IDT 2025, 181 W
Fri Sep 26 13:06:39 IDT 2025, 216 W
Fri Sep 26 13:06:39 IDT 2025, 190 W
Fri Sep 26 13:06:39 IDT 2025, 167 W
Fri Sep 26 13:06:40 IDT 2025, 175 W
Fri Sep 26 13:06:40 IDT 2025, 163 W
Fri Sep 26 13:06:40 IDT 2025, 212 W
Fri Sep 26 13:06:40 IDT 2025, 175 W
Fri Sep 26 13:06:40 IDT 2025, 169 W
Fri Sep 26 13:06:40 IDT 2025, 209 W
Fri Sep 26 13:06:40 IDT 2025, 183 W
Fri Sep 26 13:06:40 IDT 2025, 161 W
Fri Sep 26 13:06:41 IDT 2025, 177 W
Fri Sep 26 13:06:41 IDT 2025, 173 W
Fri Sep 26 13:06:41 IDT 2025, 189 W
Fri Sep 26 13:06:41 IDT 2025, 162 W
Fri Sep 26 13:06:41 IDT 2025, 167 W
Fri Sep 26 13:06:41 IDT 2025, 202 W
Fri Sep 26 13:06:41 IDT 2025, 170 W
Fri Sep 26 13:06:41 IDT 2025, 156 W
Fri Sep 26 13:06:42 IDT 2025, 186 W
Fri Sep 26 13:06:42 IDT 2025, 178 W
Fri Sep 26 13:06:42 IDT 2025, 212 W
Fri Sep 26 13:06:42 IDT 2025, 176 W
Fri Sep 26 13:06:42 IDT 2025, 178 W
Fri Sep 26 13:06:42 IDT 2025, 205 W
Fri Sep 26 13:06:42 IDT 2025, 191 W
Fri Sep 26 13:06:42 IDT 2025, 168 W
Fri Sep 26 13:06:43 IDT 2025, 182 W
Fri Sep 26 13:06:43 IDT 2025, 185 W
Fri Sep 26 13:06:43 IDT 2025, 210 W
Fri Sep 26 13:06:43 IDT 2025, 175 W
Fri Sep 26 13:06:43 IDT 2025, 172 W
Fri Sep 26 13:06:43 IDT 2025, 206 W
Fri Sep 26 13:06:43 IDT 2025, 186 W
Fri Sep 26 13:06:43 IDT 2025, 166 W
Fri Sep 26 13:06:44 IDT 2025, 178 W
Fri Sep 26 13:06:44 IDT 2025, 179 W
Fri Sep 26 13:06:44 IDT 2025, 208 W
Fri Sep 26 13:06:44 IDT 2025, 168 W
Fri Sep 26 13:06:44 IDT 2025, 168 W
Fri Sep 26 13:06:44 IDT 2025, 211 W
Fri Sep 26 13:06:44 IDT 2025, 180 W
Fri Sep 26 13:06:44 IDT 2025, 154 W
Fri Sep 26 13:06:45 IDT 2025, 171 W
Fri Sep 26 13:06:45 IDT 2025, 166 W
Fri Sep 26 13:06:45 IDT 2025, 202 W
Fri Sep 26 13:06:45 IDT 2025, 162 W
Fri Sep 26 13:06:45 IDT 2025, 163 W
Fri Sep 26 13:06:45 IDT 2025, 200 W
Fri Sep 26 13:06:45 IDT 2025, 176 W
Fri Sep 26 13:06:45 IDT 2025, 155 W
Fri Sep 26 13:06:46 IDT 2025, 164 W
Fri Sep 26 13:06:46 IDT 2025, 170 W
Fri Sep 26 13:06:46 IDT 2025, 194 W
Fri Sep 26 13:06:46 IDT 2025, 160 W
Fri Sep 26 13:06:46 IDT 2025, 165 W
Fri Sep 26 13:06:46 IDT 2025, 200 W
Fri Sep 26 13:06:46 IDT 2025, 170 W
Fri Sep 26 13:06:46 IDT 2025, 146 W
Fri Sep 26 13:06:47 IDT 2025, 176 W
Fri Sep 26 13:06:47 IDT 2025, 173 W
Fri Sep 26 13:06:47 IDT 2025, 205 W
Fri Sep 26 13:06:47 IDT 2025, 165 W
Fri Sep 26 13:06:47 IDT 2025, 165 W
Fri Sep 26 13:06:47 IDT 2025, 203 W
Fri Sep 26 13:06:47 IDT 2025, 181 W
Fri Sep 26 13:06:47 IDT 2025, 156 W
Fri Sep 26 13:06:48 IDT 2025, 165 W
Fri Sep 26 13:06:48 IDT 2025, 163 W
Fri Sep 26 13:06:48 IDT 2025, 201 W
Fri Sep 26 13:06:48 IDT 2025, 149 W
Fri Sep 26 13:06:48 IDT 2025, 166 W
Fri Sep 26 13:06:48 IDT 2025, 197 W
Fri Sep 26 13:06:48 IDT 2025, 177 W
Fri Sep 26 13:06:48 IDT 2025, 151 W
Fri Sep 26 13:06:49 IDT 2025, 174 W
Fri Sep 26 13:06:49 IDT 2025, 166 W
Fri Sep 26 13:06:49 IDT 2025, 217 W
Fri Sep 26 13:06:49 IDT 2025, 166 W
Fri Sep 26 13:06:49 IDT 2025, 174 W
Fri Sep 26 13:06:49 IDT 2025, 205 W
Fri Sep 26 13:06:49 IDT 2025, 176 W
Fri Sep 26 13:06:49 IDT 2025, 165 W
Fri Sep 26 13:06:50 IDT 2025, 175 W
Fri Sep 26 13:06:50 IDT 2025, 162 W
Fri Sep 26 13:06:50 IDT 2025, 197 W
Fri Sep 26 13:06:50 IDT 2025, 157 W
Fri Sep 26 13:06:50 IDT 2025, 174 W
Fri Sep 26 13:06:50 IDT 2025, 185 W
Fri Sep 26 13:06:50 IDT 2025, 178 W
Fri Sep 26 13:06:50 IDT 2025, 147 W
Fri Sep 26 13:06:51 IDT 2025, 161 W
Fri Sep 26 13:06:51 IDT 2025, 164 W
Fri Sep 26 13:06:51 IDT 2025, 194 W
Fri Sep 26 13:06:51 IDT 2025, 159 W
Fri Sep 26 13:06:51 IDT 2025, 158 W
Fri Sep 26 13:06:51 IDT 2025, 196 W
Fri Sep 26 13:06:51 IDT 2025, 166 W
Fri Sep 26 13:06:51 IDT 2025, 151 W
Fri Sep 26 13:06:52 IDT 2025, 178 W
Fri Sep 26 13:06:52 IDT 2025, 182 W
Fri Sep 26 13:06:52 IDT 2025, 196 W
Fri Sep 26 13:06:52 IDT 2025, 172 W
Fri Sep 26 13:06:52 IDT 2025, 176 W
Fri Sep 26 13:06:52 IDT 2025, 209 W
Fri Sep 26 13:06:52 IDT 2025, 184 W
Fri Sep 26 13:06:52 IDT 2025, 163 W
Fri Sep 26 13:06:53 IDT 2025, 184 W
Fri Sep 26 13:06:53 IDT 2025, 188 W
Fri Sep 26 13:06:53 IDT 2025, 222 W
Fri Sep 26 13:06:53 IDT 2025, 177 W
Fri Sep 26 13:06:53 IDT 2025, 186 W
Fri Sep 26 13:06:53 IDT 2025, 214 W
Fri Sep 26 13:06:53 IDT 2025, 188 W
Fri Sep 26 13:06:53 IDT 2025, 169 W
Fri Sep 26 13:06:54 IDT 2025, 179 W
Fri Sep 26 13:06:54 IDT 2025, 174 W
Fri Sep 26 13:06:54 IDT 2025, 207 W
Fri Sep 26 13:06:54 IDT 2025, 163 W
Fri Sep 26 13:06:54 IDT 2025, 172 W
Fri Sep 26 13:06:54 IDT 2025, 204 W
Fri Sep 26 13:06:54 IDT 2025, 187 W
Fri Sep 26 13:06:54 IDT 2025, 165 W
Fri Sep 26 13:06:55 IDT 2025, 185 W
Fri Sep 26 13:06:55 IDT 2025, 175 W
Fri Sep 26 13:06:55 IDT 2025, 208 W
Fri Sep 26 13:06:55 IDT 2025, 174 W
Fri Sep 26 13:06:55 IDT 2025, 184 W
Fri Sep 26 13:06:55 IDT 2025, 213 W
Fri Sep 26 13:06:55 IDT 2025, 179 W
Fri Sep 26 13:06:55 IDT 2025, 166 W
Fri Sep 26 13:06:56 IDT 2025, 172 W
Fri Sep 26 13:06:56 IDT 2025, 180 W
Fri Sep 26 13:06:56 IDT 2025, 221 W
Fri Sep 26 13:06:56 IDT 2025, 167 W
Fri Sep 26 13:06:56 IDT 2025, 179 W
Fri Sep 26 13:06:56 IDT 2025, 208 W
Fri Sep 26 13:06:56 IDT 2025, 190 W
Fri Sep 26 13:06:56 IDT 2025, 161 W
Fri Sep 26 13:06:57 IDT 2025, 176 W
Fri Sep 26 13:06:57 IDT 2025, 182 W
Fri Sep 26 13:06:57 IDT 2025, 213 W
Fri Sep 26 13:06:57 IDT 2025, 171 W
Fri Sep 26 13:06:57 IDT 2025, 183 W
Fri Sep 26 13:06:57 IDT 2025, 203 W
Fri Sep 26 13:06:57 IDT 2025, 189 W
Fri Sep 26 13:06:57 IDT 2025, 164 W
Fri Sep 26 13:06:58 IDT 2025, 173 W
Fri Sep 26 13:06:58 IDT 2025, 182 W
Fri Sep 26 13:06:58 IDT 2025, 209 W
Fri Sep 26 13:06:58 IDT 2025, 172 W
Fri Sep 26 13:06:58 IDT 2025, 169 W
Fri Sep 26 13:06:58 IDT 2025, 201 W
Fri Sep 26 13:06:58 IDT 2025, 176 W
Fri Sep 26 13:06:58 IDT 2025, 155 W
Fri Sep 26 13:06:59 IDT 2025, 167 W
Fri Sep 26 13:06:59 IDT 2025, 171 W
Fri Sep 26 13:06:59 IDT 2025, 199 W
Fri Sep 26 13:06:59 IDT 2025, 154 W
Fri Sep 26 13:06:59 IDT 2025, 161 W
Fri Sep 26 13:06:59 IDT 2025, 198 W
Fri Sep 26 13:06:59 IDT 2025, 175 W
Fri Sep 26 13:06:59 IDT 2025, 149 W
Fri Sep 26 13:07:00 IDT 2025, 181 W
Fri Sep 26 13:07:00 IDT 2025, 175 W
Fri Sep 26 13:07:00 IDT 2025, 214 W
Fri Sep 26 13:07:00 IDT 2025, 173 W
Fri Sep 26 13:07:00 IDT 2025, 189 W
Fri Sep 26 13:07:00 IDT 2025, 210 W
Fri Sep 26 13:07:00 IDT 2025, 185 W
Fri Sep 26 13:07:00 IDT 2025, 164 W
Fri Sep 26 13:07:01 IDT 2025, 178 W
Fri Sep 26 13:07:01 IDT 2025, 167 W
Fri Sep 26 13:07:01 IDT 2025, 203 W
Fri Sep 26 13:07:01 IDT 2025, 170 W
Fri Sep 26 13:07:01 IDT 2025, 171 W
Fri Sep 26 13:07:01 IDT 2025, 202 W
Fri Sep 26 13:07:01 IDT 2025, 179 W
Fri Sep 26 13:07:01 IDT 2025, 162 W
Fri Sep 26 13:07:02 IDT 2025, 182 W
Fri Sep 26 13:07:02 IDT 2025, 180 W
Fri Sep 26 13:07:02 IDT 2025, 225 W
Fri Sep 26 13:07:02 IDT 2025, 181 W
Fri Sep 26 13:07:02 IDT 2025, 186 W
Fri Sep 26 13:07:02 IDT 2025, 213 W
Fri Sep 26 13:07:02 IDT 2025, 194 W
Fri Sep 26 13:07:02 IDT 2025, 167 W
Fri Sep 26 13:07:03 IDT 2025, 162 W
Fri Sep 26 13:07:03 IDT 2025, 153 W
Fri Sep 26 13:07:03 IDT 2025, 197 W
Fri Sep 26 13:07:03 IDT 2025, 152 W
Fri Sep 26 13:07:03 IDT 2025, 165 W
Fri Sep 26 13:07:03 IDT 2025, 188 W
Fri Sep 26 13:07:03 IDT 2025, 160 W
Fri Sep 26 13:07:03 IDT 2025, 143 W
Fri Sep 26 13:07:04 IDT 2025, 188 W
Fri Sep 26 13:07:04 IDT 2025, 175 W
Fri Sep 26 13:07:04 IDT 2025, 216 W
Fri Sep 26 13:07:04 IDT 2025, 169 W
Fri Sep 26 13:07:04 IDT 2025, 185 W
Fri Sep 26 13:07:04 IDT 2025, 207 W
Fri Sep 26 13:07:04 IDT 2025, 175 W
Fri Sep 26 13:07:04 IDT 2025, 166 W
Fri Sep 26 13:07:05 IDT 2025, 159 W
Fri Sep 26 13:07:05 IDT 2025, 167 W
Fri Sep 26 13:07:05 IDT 2025, 191 W
Fri Sep 26 13:07:05 IDT 2025, 149 W
Fri Sep 26 13:07:05 IDT 2025, 155 W
Fri Sep 26 13:07:05 IDT 2025, 186 W
Fri Sep 26 13:07:05 IDT 2025, 163 W
Fri Sep 26 13:07:05 IDT 2025, 139 W
Fri Sep 26 13:07:06 IDT 2025, 175 W
Fri Sep 26 13:07:06 IDT 2025, 172 W
Fri Sep 26 13:07:06 IDT 2025, 206 W
Fri Sep 26 13:07:06 IDT 2025, 158 W
Fri Sep 26 13:07:06 IDT 2025, 177 W
Fri Sep 26 13:07:06 IDT 2025, 197 W
Fri Sep 26 13:07:06 IDT 2025, 176 W
Fri Sep 26 13:07:06 IDT 2025, 167 W
Fri Sep 26 13:07:07 IDT 2025, 160 W
Fri Sep 26 13:07:07 IDT 2025, 157 W
Fri Sep 26 13:07:07 IDT 2025, 194 W
Fri Sep 26 13:07:07 IDT 2025, 164 W
Fri Sep 26 13:07:07 IDT 2025, 155 W
Fri Sep 26 13:07:07 IDT 2025, 182 W
Fri Sep 26 13:07:07 IDT 2025, 163 W
Fri Sep 26 13:07:07 IDT 2025, 154 W
Fri Sep 26 13:07:08 IDT 2025, 178 W
Fri Sep 26 13:07:08 IDT 2025, 176 W
Fri Sep 26 13:07:08 IDT 2025, 206 W
Fri Sep 26 13:07:08 IDT 2025, 161 W
Fri Sep 26 13:07:08 IDT 2025, 177 W
Fri Sep 26 13:07:08 IDT 2025, 210 W
Fri Sep 26 13:07:08 IDT 2025, 185 W
Fri Sep 26 13:07:08 IDT 2025, 156 W
Fri Sep 26 13:07:09 IDT 2025, 181 W
Fri Sep 26 13:07:09 IDT 2025, 182 W
Fri Sep 26 13:07:09 IDT 2025, 212 W
Fri Sep 26 13:07:09 IDT 2025, 168 W
Fri Sep 26 13:07:09 IDT 2025, 175 W
Fri Sep 26 13:07:09 IDT 2025, 201 W
Fri Sep 26 13:07:09 IDT 2025, 189 W
Fri Sep 26 13:07:09 IDT 2025, 164 W
Fri Sep 26 13:07:10 IDT 2025, 187 W
Fri Sep 26 13:07:10 IDT 2025, 185 W
Fri Sep 26 13:07:10 IDT 2025, 207 W
Fri Sep 26 13:07:10 IDT 2025, 167 W
Fri Sep 26 13:07:10 IDT 2025, 174 W
Fri Sep 26 13:07:10 IDT 2025, 216 W
Fri Sep 26 13:07:10 IDT 2025, 190 W
Fri Sep 26 13:07:10 IDT 2025, 171 W
Fri Sep 26 13:07:11 IDT 2025, 186 W
Fri Sep 26 13:07:11 IDT 2025, 180 W
Fri Sep 26 13:07:11 IDT 2025, 209 W
Fri Sep 26 13:07:11 IDT 2025, 171 W
Fri Sep 26 13:07:11 IDT 2025, 181 W
Fri Sep 26 13:07:11 IDT 2025, 208 W
Fri Sep 26 13:07:11 IDT 2025, 194 W
Fri Sep 26 13:07:11 IDT 2025, 168 W
Fri Sep 26 13:07:12 IDT 2025, 191 W
Fri Sep 26 13:07:12 IDT 2025, 169 W
Fri Sep 26 13:07:12 IDT 2025, 201 W
Fri Sep 26 13:07:12 IDT 2025, 157 W
Fri Sep 26 13:07:12 IDT 2025, 171 W
Fri Sep 26 13:07:12 IDT 2025, 203 W
Fri Sep 26 13:07:12 IDT 2025, 186 W
Fri Sep 26 13:07:12 IDT 2025, 154 W
Fri Sep 26 13:07:13 IDT 2025, 176 W
Fri Sep 26 13:07:13 IDT 2025, 174 W
Fri Sep 26 13:07:13 IDT 2025, 206 W
Fri Sep 26 13:07:13 IDT 2025, 167 W
Fri Sep 26 13:07:13 IDT 2025, 179 W
Fri Sep 26 13:07:13 IDT 2025, 197 W
Fri Sep 26 13:07:13 IDT 2025, 176 W
Fri Sep 26 13:07:13 IDT 2025, 162 W
Fri Sep 26 13:07:14 IDT 2025, 171 W
Fri Sep 26 13:07:14 IDT 2025, 167 W
Fri Sep 26 13:07:14 IDT 2025, 197 W
Fri Sep 26 13:07:14 IDT 2025, 174 W
Fri Sep 26 13:07:14 IDT 2025, 176 W
Fri Sep 26 13:07:14 IDT 2025, 197 W
Fri Sep 26 13:07:14 IDT 2025, 177 W
Fri Sep 26 13:07:14 IDT 2025, 157 W
Fri Sep 26 13:07:15 IDT 2025, 170 W
Fri Sep 26 13:07:15 IDT 2025, 168 W
Fri Sep 26 13:07:15 IDT 2025, 198 W
Fri Sep 26 13:07:15 IDT 2025, 163 W
Fri Sep 26 13:07:15 IDT 2025, 169 W
Fri Sep 26 13:07:15 IDT 2025, 195 W
Fri Sep 26 13:07:15 IDT 2025, 179 W
Fri Sep 26 13:07:15 IDT 2025, 159 W
Fri Sep 26 13:07:16 IDT 2025, 180 W
Fri Sep 26 13:07:16 IDT 2025, 173 W
Fri Sep 26 13:07:16 IDT 2025, 191 W
Fri Sep 26 13:07:16 IDT 2025, 163 W
Fri Sep 26 13:07:16 IDT 2025, 170 W
Fri Sep 26 13:07:16 IDT 2025, 194 W
Fri Sep 26 13:07:16 IDT 2025, 182 W
Fri Sep 26 13:07:16 IDT 2025, 151 W
Fri Sep 26 13:07:17 IDT 2025, 183 W
Fri Sep 26 13:07:17 IDT 2025, 184 W
Fri Sep 26 13:07:17 IDT 2025, 212 W
Fri Sep 26 13:07:17 IDT 2025, 173 W
Fri Sep 26 13:07:17 IDT 2025, 178 W
Fri Sep 26 13:07:17 IDT 2025, 218 W
Fri Sep 26 13:07:17 IDT 2025, 182 W
Fri Sep 26 13:07:17 IDT 2025, 168 W
Fri Sep 26 13:07:18 IDT 2025, 159 W
Fri Sep 26 13:07:18 IDT 2025, 159 W
Fri Sep 26 13:07:18 IDT 2025, 195 W
Fri Sep 26 13:07:18 IDT 2025, 156 W
Fri Sep 26 13:07:18 IDT 2025, 155 W
Fri Sep 26 13:07:18 IDT 2025, 183 W
Fri Sep 26 13:07:18 IDT 2025, 153 W
Fri Sep 26 13:07:18 IDT 2025, 149 W
Fri Sep 26 13:07:19 IDT 2025, 239 W
Fri Sep 26 13:07:19 IDT 2025, 233 W
Fri Sep 26 13:07:19 IDT 2025, 260 W
Fri Sep 26 13:07:19 IDT 2025, 225 W
Fri Sep 26 13:07:19 IDT 2025, 230 W
Fri Sep 26 13:07:19 IDT 2025, 260 W
Fri Sep 26 13:07:19 IDT 2025, 239 W
Fri Sep 26 13:07:19 IDT 2025, 225 W
Fri Sep 26 13:07:20 IDT 2025, 177 W
Fri Sep 26 13:07:20 IDT 2025, 172 W
Fri Sep 26 13:07:20 IDT 2025, 211 W
Fri Sep 26 13:07:20 IDT 2025, 176 W
Fri Sep 26 13:07:20 IDT 2025, 175 W
Fri Sep 26 13:07:20 IDT 2025, 207 W
Fri Sep 26 13:07:20 IDT 2025, 187 W
Fri Sep 26 13:07:20 IDT 2025, 168 W
Fri Sep 26 13:07:21 IDT 2025, 190 W
Fri Sep 26 13:07:21 IDT 2025, 183 W
Fri Sep 26 13:07:21 IDT 2025, 203 W
Fri Sep 26 13:07:21 IDT 2025, 176 W
Fri Sep 26 13:07:21 IDT 2025, 180 W
Fri Sep 26 13:07:21 IDT 2025, 206 W
Fri Sep 26 13:07:21 IDT 2025, 184 W
Fri Sep 26 13:07:21 IDT 2025, 159 W
Fri Sep 26 13:07:22 IDT 2025, 185 W
Fri Sep 26 13:07:22 IDT 2025, 183 W
Fri Sep 26 13:07:22 IDT 2025, 219 W
Fri Sep 26 13:07:22 IDT 2025, 174 W
Fri Sep 26 13:07:22 IDT 2025, 187 W
Fri Sep 26 13:07:22 IDT 2025, 218 W
Fri Sep 26 13:07:22 IDT 2025, 200 W
Fri Sep 26 13:07:22 IDT 2025, 173 W
Fri Sep 26 13:07:23 IDT 2025, 175 W
Fri Sep 26 13:07:23 IDT 2025, 168 W
Fri Sep 26 13:07:23 IDT 2025, 200 W
Fri Sep 26 13:07:23 IDT 2025, 162 W
Fri Sep 26 13:07:23 IDT 2025, 160 W
Fri Sep 26 13:07:23 IDT 2025, 199 W
Fri Sep 26 13:07:23 IDT 2025, 181 W
Fri Sep 26 13:07:23 IDT 2025, 149 W
Fri Sep 26 13:07:24 IDT 2025, 172 W
Fri Sep 26 13:07:24 IDT 2025, 175 W
Fri Sep 26 13:07:24 IDT 2025, 205 W
Fri Sep 26 13:07:24 IDT 2025, 183 W
Fri Sep 26 13:07:24 IDT 2025, 187 W
Fri Sep 26 13:07:24 IDT 2025, 198 W
Fri Sep 26 13:07:24 IDT 2025, 185 W
Fri Sep 26 13:07:24 IDT 2025, 158 W
Fri Sep 26 13:07:25 IDT 2025, 182 W
Fri Sep 26 13:07:25 IDT 2025, 174 W
Fri Sep 26 13:07:25 IDT 2025, 214 W
Fri Sep 26 13:07:25 IDT 2025, 169 W
Fri Sep 26 13:07:25 IDT 2025, 185 W
Fri Sep 26 13:07:25 IDT 2025, 215 W
Fri Sep 26 13:07:25 IDT 2025, 189 W
Fri Sep 26 13:07:25 IDT 2025, 166 W
Fri Sep 26 13:07:26 IDT 2025, 179 W
Fri Sep 26 13:07:26 IDT 2025, 180 W
Fri Sep 26 13:07:26 IDT 2025, 199 W
Fri Sep 26 13:07:26 IDT 2025, 170 W
Fri Sep 26 13:07:26 IDT 2025, 177 W
Fri Sep 26 13:07:26 IDT 2025, 199 W
Fri Sep 26 13:07:26 IDT 2025, 191 W
Fri Sep 26 13:07:26 IDT 2025, 168 W
Fri Sep 26 13:07:27 IDT 2025, 180 W
Fri Sep 26 13:07:27 IDT 2025, 179 W
Fri Sep 26 13:07:27 IDT 2025, 213 W
Fri Sep 26 13:07:27 IDT 2025, 170 W
Fri Sep 26 13:07:27 IDT 2025, 171 W
Fri Sep 26 13:07:27 IDT 2025, 208 W
Fri Sep 26 13:07:27 IDT 2025, 180 W
Fri Sep 26 13:07:27 IDT 2025, 158 W
Fri Sep 26 13:07:28 IDT 2025, 166 W
Fri Sep 26 13:07:28 IDT 2025, 184 W
Fri Sep 26 13:07:28 IDT 2025, 212 W
Fri Sep 26 13:07:28 IDT 2025, 173 W
Fri Sep 26 13:07:28 IDT 2025, 175 W
Fri Sep 26 13:07:28 IDT 2025, 204 W
Fri Sep 26 13:07:28 IDT 2025, 180 W
Fri Sep 26 13:07:28 IDT 2025, 160 W
Fri Sep 26 13:07:29 IDT 2025, 161 W
Fri Sep 26 13:07:29 IDT 2025, 164 W
Fri Sep 26 13:07:29 IDT 2025, 202 W
Fri Sep 26 13:07:29 IDT 2025, 166 W
Fri Sep 26 13:07:29 IDT 2025, 161 W
Fri Sep 26 13:07:29 IDT 2025, 195 W
Fri Sep 26 13:07:29 IDT 2025, 181 W
Fri Sep 26 13:07:29 IDT 2025, 157 W
Fri Sep 26 13:07:30 IDT 2025, 167 W
Fri Sep 26 13:07:30 IDT 2025, 171 W
Fri Sep 26 13:07:30 IDT 2025, 204 W
Fri Sep 26 13:07:30 IDT 2025, 162 W
Fri Sep 26 13:07:30 IDT 2025, 166 W
Fri Sep 26 13:07:30 IDT 2025, 198 W
Fri Sep 26 13:07:30 IDT 2025, 173 W
Fri Sep 26 13:07:30 IDT 2025, 159 W
Fri Sep 26 13:07:31 IDT 2025, 175 W
Fri Sep 26 13:07:31 IDT 2025, 175 W
Fri Sep 26 13:07:31 IDT 2025, 204 W
Fri Sep 26 13:07:31 IDT 2025, 165 W
Fri Sep 26 13:07:31 IDT 2025, 169 W
Fri Sep 26 13:07:31 IDT 2025, 205 W
Fri Sep 26 13:07:31 IDT 2025, 180 W
Fri Sep 26 13:07:31 IDT 2025, 161 W
Fri Sep 26 13:07:32 IDT 2025, 172 W
Fri Sep 26 13:07:32 IDT 2025, 181 W
Fri Sep 26 13:07:32 IDT 2025, 202 W
Fri Sep 26 13:07:32 IDT 2025, 162 W
Fri Sep 26 13:07:32 IDT 2025, 169 W
Fri Sep 26 13:07:32 IDT 2025, 203 W
Fri Sep 26 13:07:32 IDT 2025, 189 W
Fri Sep 26 13:07:32 IDT 2025, 156 W
Fri Sep 26 13:07:33 IDT 2025, 182 W
Fri Sep 26 13:07:33 IDT 2025, 176 W
Fri Sep 26 13:07:33 IDT 2025, 211 W
Fri Sep 26 13:07:33 IDT 2025, 170 W
Fri Sep 26 13:07:33 IDT 2025, 171 W
Fri Sep 26 13:07:33 IDT 2025, 213 W
Fri Sep 26 13:07:33 IDT 2025, 179 W
Fri Sep 26 13:07:33 IDT 2025, 159 W
Fri Sep 26 13:07:34 IDT 2025, 168 W
Fri Sep 26 13:07:34 IDT 2025, 176 W
Fri Sep 26 13:07:34 IDT 2025, 199 W
Fri Sep 26 13:07:34 IDT 2025, 168 W
Fri Sep 26 13:07:34 IDT 2025, 167 W
Fri Sep 26 13:07:34 IDT 2025, 211 W
Fri Sep 26 13:07:34 IDT 2025, 184 W
Fri Sep 26 13:07:34 IDT 2025, 153 W
Fri Sep 26 13:07:35 IDT 2025, 173 W
Fri Sep 26 13:07:35 IDT 2025, 167 W
Fri Sep 26 13:07:35 IDT 2025, 208 W
Fri Sep 26 13:07:35 IDT 2025, 165 W
Fri Sep 26 13:07:35 IDT 2025, 174 W
Fri Sep 26 13:07:35 IDT 2025, 201 W
Fri Sep 26 13:07:35 IDT 2025, 176 W
Fri Sep 26 13:07:35 IDT 2025, 156 W
Fri Sep 26 13:07:36 IDT 2025, 191 W
Fri Sep 26 13:07:36 IDT 2025, 194 W
Fri Sep 26 13:07:36 IDT 2025, 227 W
Fri Sep 26 13:07:36 IDT 2025, 176 W
Fri Sep 26 13:07:36 IDT 2025, 191 W
Fri Sep 26 13:07:36 IDT 2025, 229 W
Fri Sep 26 13:07:36 IDT 2025, 202 W
Fri Sep 26 13:07:36 IDT 2025, 188 W
Fri Sep 26 13:07:37 IDT 2025, 188 W
Fri Sep 26 13:07:37 IDT 2025, 169 W
Fri Sep 26 13:07:37 IDT 2025, 216 W
Fri Sep 26 13:07:37 IDT 2025, 179 W
Fri Sep 26 13:07:37 IDT 2025, 183 W
Fri Sep 26 13:07:37 IDT 2025, 213 W
Fri Sep 26 13:07:37 IDT 2025, 191 W
Fri Sep 26 13:07:37 IDT 2025, 169 W
Fri Sep 26 13:07:38 IDT 2025, 183 W
Fri Sep 26 13:07:38 IDT 2025, 180 W
Fri Sep 26 13:07:38 IDT 2025, 213 W
Fri Sep 26 13:07:38 IDT 2025, 175 W
Fri Sep 26 13:07:38 IDT 2025, 186 W
Fri Sep 26 13:07:38 IDT 2025, 208 W
Fri Sep 26 13:07:38 IDT 2025, 190 W
Fri Sep 26 13:07:38 IDT 2025, 167 W
Fri Sep 26 13:07:39 IDT 2025, 175 W
Fri Sep 26 13:07:39 IDT 2025, 182 W
Fri Sep 26 13:07:39 IDT 2025, 210 W
Fri Sep 26 13:07:39 IDT 2025, 168 W
Fri Sep 26 13:07:39 IDT 2025, 170 W
Fri Sep 26 13:07:39 IDT 2025, 209 W
Fri Sep 26 13:07:39 IDT 2025, 180 W
Fri Sep 26 13:07:39 IDT 2025, 162 W
Fri Sep 26 13:07:40 IDT 2025, 194 W
Fri Sep 26 13:07:40 IDT 2025, 185 W
Fri Sep 26 13:07:40 IDT 2025, 213 W
Fri Sep 26 13:07:40 IDT 2025, 171 W
Fri Sep 26 13:07:40 IDT 2025, 172 W
Fri Sep 26 13:07:40 IDT 2025, 205 W
Fri Sep 26 13:07:40 IDT 2025, 184 W
Fri Sep 26 13:07:40 IDT 2025, 170 W
Fri Sep 26 13:07:41 IDT 2025, 167 W
Fri Sep 26 13:07:41 IDT 2025, 160 W
Fri Sep 26 13:07:41 IDT 2025, 205 W
Fri Sep 26 13:07:41 IDT 2025, 168 W
Fri Sep 26 13:07:41 IDT 2025, 169 W
Fri Sep 26 13:07:41 IDT 2025, 209 W
Fri Sep 26 13:07:41 IDT 2025, 178 W
Fri Sep 26 13:07:41 IDT 2025, 153 W
Fri Sep 26 13:07:42 IDT 2025, 185 W
Fri Sep 26 13:07:42 IDT 2025, 171 W
Fri Sep 26 13:07:42 IDT 2025, 202 W
Fri Sep 26 13:07:42 IDT 2025, 162 W
Fri Sep 26 13:07:42 IDT 2025, 179 W
Fri Sep 26 13:07:42 IDT 2025, 200 W
Fri Sep 26 13:07:42 IDT 2025, 177 W
Fri Sep 26 13:07:42 IDT 2025, 154 W
Fri Sep 26 13:07:43 IDT 2025, 180 W
Fri Sep 26 13:07:43 IDT 2025, 169 W
Fri Sep 26 13:07:43 IDT 2025, 215 W
Fri Sep 26 13:07:43 IDT 2025, 167 W
Fri Sep 26 13:07:43 IDT 2025, 169 W
Fri Sep 26 13:07:43 IDT 2025, 210 W
Fri Sep 26 13:07:43 IDT 2025, 178 W
Fri Sep 26 13:07:43 IDT 2025, 158 W
Fri Sep 26 13:07:44 IDT 2025, 159 W
Fri Sep 26 13:07:44 IDT 2025, 158 W
Fri Sep 26 13:07:44 IDT 2025, 200 W
Fri Sep 26 13:07:44 IDT 2025, 149 W
Fri Sep 26 13:07:44 IDT 2025, 151 W
Fri Sep 26 13:07:44 IDT 2025, 194 W
Fri Sep 26 13:07:44 IDT 2025, 167 W
Fri Sep 26 13:07:44 IDT 2025, 146 W
Fri Sep 26 13:07:45 IDT 2025, 182 W
Fri Sep 26 13:07:45 IDT 2025, 175 W
Fri Sep 26 13:07:45 IDT 2025, 212 W
Fri Sep 26 13:07:45 IDT 2025, 170 W
Fri Sep 26 13:07:45 IDT 2025, 170 W
Fri Sep 26 13:07:45 IDT 2025, 213 W
Fri Sep 26 13:07:45 IDT 2025, 187 W
Fri Sep 26 13:07:45 IDT 2025, 162 W
Fri Sep 26 13:07:46 IDT 2025, 176 W
Fri Sep 26 13:07:46 IDT 2025, 172 W
Fri Sep 26 13:07:46 IDT 2025, 213 W
Fri Sep 26 13:07:46 IDT 2025, 165 W
Fri Sep 26 13:07:46 IDT 2025, 170 W
Fri Sep 26 13:07:46 IDT 2025, 210 W
Fri Sep 26 13:07:46 IDT 2025, 183 W
Fri Sep 26 13:07:46 IDT 2025, 166 W
Fri Sep 26 13:07:47 IDT 2025, 177 W
Fri Sep 26 13:07:47 IDT 2025, 187 W
Fri Sep 26 13:07:47 IDT 2025, 218 W
Fri Sep 26 13:07:47 IDT 2025, 175 W
Fri Sep 26 13:07:47 IDT 2025, 179 W
Fri Sep 26 13:07:47 IDT 2025, 213 W
Fri Sep 26 13:07:47 IDT 2025, 180 W
Fri Sep 26 13:07:47 IDT 2025, 175 W
Fri Sep 26 13:07:48 IDT 2025, 170 W
Fri Sep 26 13:07:48 IDT 2025, 171 W
Fri Sep 26 13:07:48 IDT 2025, 199 W
Fri Sep 26 13:07:48 IDT 2025, 162 W
Fri Sep 26 13:07:48 IDT 2025, 159 W
Fri Sep 26 13:07:48 IDT 2025, 200 W
Fri Sep 26 13:07:48 IDT 2025, 181 W
Fri Sep 26 13:07:48 IDT 2025, 165 W
Fri Sep 26 13:07:49 IDT 2025, 178 W
Fri Sep 26 13:07:49 IDT 2025, 178 W
Fri Sep 26 13:07:49 IDT 2025, 209 W
Fri Sep 26 13:07:49 IDT 2025, 163 W
Fri Sep 26 13:07:49 IDT 2025, 181 W
Fri Sep 26 13:07:49 IDT 2025, 206 W
Fri Sep 26 13:07:49 IDT 2025, 184 W
Fri Sep 26 13:07:49 IDT 2025, 158 W
Fri Sep 26 13:07:50 IDT 2025, 185 W
Fri Sep 26 13:07:50 IDT 2025, 178 W
Fri Sep 26 13:07:50 IDT 2025, 213 W
Fri Sep 26 13:07:50 IDT 2025, 178 W
Fri Sep 26 13:07:50 IDT 2025, 171 W
Fri Sep 26 13:07:50 IDT 2025, 204 W
Fri Sep 26 13:07:50 IDT 2025, 192 W
Fri Sep 26 13:07:50 IDT 2025, 164 W
Fri Sep 26 13:07:51 IDT 2025, 161 W
Fri Sep 26 13:07:51 IDT 2025, 157 W
Fri Sep 26 13:07:51 IDT 2025, 200 W
Fri Sep 26 13:07:51 IDT 2025, 159 W
Fri Sep 26 13:07:51 IDT 2025, 164 W
Fri Sep 26 13:07:51 IDT 2025, 194 W
Fri Sep 26 13:07:51 IDT 2025, 173 W
Fri Sep 26 13:07:51 IDT 2025, 144 W
Fri Sep 26 13:07:52 IDT 2025, 181 W
Fri Sep 26 13:07:52 IDT 2025, 169 W
Fri Sep 26 13:07:52 IDT 2025, 208 W
Fri Sep 26 13:07:52 IDT 2025, 171 W
Fri Sep 26 13:07:52 IDT 2025, 184 W
Fri Sep 26 13:07:52 IDT 2025, 208 W
Fri Sep 26 13:07:52 IDT 2025, 181 W
Fri Sep 26 13:07:52 IDT 2025, 162 W
Fri Sep 26 13:07:53 IDT 2025, 183 W
Fri Sep 26 13:07:53 IDT 2025, 180 W
Fri Sep 26 13:07:53 IDT 2025, 211 W
Fri Sep 26 13:07:53 IDT 2025, 169 W
Fri Sep 26 13:07:53 IDT 2025, 186 W
Fri Sep 26 13:07:53 IDT 2025, 216 W
Fri Sep 26 13:07:53 IDT 2025, 182 W
Fri Sep 26 13:07:53 IDT 2025, 169 W
Fri Sep 26 13:07:54 IDT 2025, 186 W
Fri Sep 26 13:07:54 IDT 2025, 179 W
Fri Sep 26 13:07:54 IDT 2025, 208 W
Fri Sep 26 13:07:54 IDT 2025, 173 W
Fri Sep 26 13:07:54 IDT 2025, 180 W
Fri Sep 26 13:07:54 IDT 2025, 207 W
Fri Sep 26 13:07:54 IDT 2025, 185 W
Fri Sep 26 13:07:54 IDT 2025, 171 W
Fri Sep 26 13:07:55 IDT 2025, 179 W
Fri Sep 26 13:07:55 IDT 2025, 186 W
Fri Sep 26 13:07:55 IDT 2025, 214 W
Fri Sep 26 13:07:55 IDT 2025, 178 W
Fri Sep 26 13:07:55 IDT 2025, 187 W
Fri Sep 26 13:07:55 IDT 2025, 217 W
Fri Sep 26 13:07:55 IDT 2025, 197 W
Fri Sep 26 13:07:55 IDT 2025, 178 W
Fri Sep 26 13:07:56 IDT 2025, 179 W
Fri Sep 26 13:07:56 IDT 2025, 191 W
Fri Sep 26 13:07:56 IDT 2025, 218 W
Fri Sep 26 13:07:56 IDT 2025, 176 W
Fri Sep 26 13:07:56 IDT 2025, 180 W
Fri Sep 26 13:07:56 IDT 2025, 204 W
Fri Sep 26 13:07:56 IDT 2025, 184 W
Fri Sep 26 13:07:56 IDT 2025, 167 W
Fri Sep 26 13:07:57 IDT 2025, 187 W
Fri Sep 26 13:07:57 IDT 2025, 177 W
Fri Sep 26 13:07:57 IDT 2025, 223 W
Fri Sep 26 13:07:57 IDT 2025, 173 W
Fri Sep 26 13:07:57 IDT 2025, 184 W
Fri Sep 26 13:07:57 IDT 2025, 204 W
Fri Sep 26 13:07:57 IDT 2025, 181 W
Fri Sep 26 13:07:57 IDT 2025, 163 W
Fri Sep 26 13:07:58 IDT 2025, 178 W
Fri Sep 26 13:07:58 IDT 2025, 180 W
Fri Sep 26 13:07:58 IDT 2025, 213 W
Fri Sep 26 13:07:58 IDT 2025, 166 W
Fri Sep 26 13:07:58 IDT 2025, 177 W
Fri Sep 26 13:07:58 IDT 2025, 210 W
Fri Sep 26 13:07:58 IDT 2025, 187 W
Fri Sep 26 13:07:58 IDT 2025, 167 W
Fri Sep 26 13:07:59 IDT 2025, 178 W
Fri Sep 26 13:07:59 IDT 2025, 173 W
Fri Sep 26 13:07:59 IDT 2025, 215 W
Fri Sep 26 13:07:59 IDT 2025, 167 W
Fri Sep 26 13:07:59 IDT 2025, 174 W
Fri Sep 26 13:07:59 IDT 2025, 202 W
Fri Sep 26 13:07:59 IDT 2025, 175 W
Fri Sep 26 13:07:59 IDT 2025, 166 W
Fri Sep 26 13:08:00 IDT 2025, 164 W
Fri Sep 26 13:08:00 IDT 2025, 173 W
Fri Sep 26 13:08:00 IDT 2025, 203 W
Fri Sep 26 13:08:00 IDT 2025, 163 W
Fri Sep 26 13:08:00 IDT 2025, 169 W
Fri Sep 26 13:08:00 IDT 2025, 195 W
Fri Sep 26 13:08:00 IDT 2025, 169 W
Fri Sep 26 13:08:00 IDT 2025, 151 W
Fri Sep 26 13:08:01 IDT 2025, 168 W
Fri Sep 26 13:08:01 IDT 2025, 175 W
Fri Sep 26 13:08:01 IDT 2025, 202 W
Fri Sep 26 13:08:01 IDT 2025, 166 W
Fri Sep 26 13:08:01 IDT 2025, 160 W
Fri Sep 26 13:08:01 IDT 2025, 193 W
Fri Sep 26 13:08:01 IDT 2025, 169 W
Fri Sep 26 13:08:01 IDT 2025, 153 W
Fri Sep 26 13:08:02 IDT 2025, 174 W
Fri Sep 26 13:08:02 IDT 2025, 164 W
Fri Sep 26 13:08:02 IDT 2025, 205 W
Fri Sep 26 13:08:02 IDT 2025, 161 W
Fri Sep 26 13:08:02 IDT 2025, 168 W
Fri Sep 26 13:08:02 IDT 2025, 210 W
Fri Sep 26 13:08:02 IDT 2025, 170 W
Fri Sep 26 13:08:02 IDT 2025, 158 W
Fri Sep 26 13:08:03 IDT 2025, 163 W
Fri Sep 26 13:08:03 IDT 2025, 161 W
Fri Sep 26 13:08:03 IDT 2025, 188 W
Fri Sep 26 13:08:03 IDT 2025, 152 W
Fri Sep 26 13:08:03 IDT 2025, 153 W
Fri Sep 26 13:08:03 IDT 2025, 185 W
Fri Sep 26 13:08:03 IDT 2025, 172 W
Fri Sep 26 13:08:03 IDT 2025, 149 W
Fri Sep 26 13:08:04 IDT 2025, 174 W
Fri Sep 26 13:08:04 IDT 2025, 172 W
Fri Sep 26 13:08:04 IDT 2025, 209 W
Fri Sep 26 13:08:04 IDT 2025, 163 W
Fri Sep 26 13:08:04 IDT 2025, 172 W
Fri Sep 26 13:08:04 IDT 2025, 198 W
Fri Sep 26 13:08:04 IDT 2025, 189 W
Fri Sep 26 13:08:04 IDT 2025, 170 W
Fri Sep 26 13:08:05 IDT 2025, 164 W
Fri Sep 26 13:08:05 IDT 2025, 170 W
Fri Sep 26 13:08:05 IDT 2025, 199 W
Fri Sep 26 13:08:05 IDT 2025, 163 W
Fri Sep 26 13:08:05 IDT 2025, 171 W
Fri Sep 26 13:08:05 IDT 2025, 193 W
Fri Sep 26 13:08:05 IDT 2025, 173 W
Fri Sep 26 13:08:05 IDT 2025, 160 W
Fri Sep 26 13:08:06 IDT 2025, 170 W
Fri Sep 26 13:08:06 IDT 2025, 176 W
Fri Sep 26 13:08:06 IDT 2025, 204 W
Fri Sep 26 13:08:06 IDT 2025, 163 W
Fri Sep 26 13:08:06 IDT 2025, 172 W
Fri Sep 26 13:08:06 IDT 2025, 202 W
Fri Sep 26 13:08:06 IDT 2025, 183 W
Fri Sep 26 13:08:06 IDT 2025, 158 W
Fri Sep 26 13:08:07 IDT 2025, 179 W
Fri Sep 26 13:08:07 IDT 2025, 185 W
Fri Sep 26 13:08:07 IDT 2025, 215 W
Fri Sep 26 13:08:07 IDT 2025, 172 W
Fri Sep 26 13:08:07 IDT 2025, 184 W
Fri Sep 26 13:08:07 IDT 2025, 213 W
Fri Sep 26 13:08:07 IDT 2025, 192 W
Fri Sep 26 13:08:07 IDT 2025, 171 W
Fri Sep 26 13:08:08 IDT 2025, 175 W
Fri Sep 26 13:08:08 IDT 2025, 171 W
Fri Sep 26 13:08:08 IDT 2025, 193 W
Fri Sep 26 13:08:08 IDT 2025, 164 W
Fri Sep 26 13:08:08 IDT 2025, 163 W
Fri Sep 26 13:08:08 IDT 2025, 196 W
Fri Sep 26 13:08:08 IDT 2025, 169 W
Fri Sep 26 13:08:08 IDT 2025, 156 W
Fri Sep 26 13:08:09 IDT 2025, 162 W
Fri Sep 26 13:08:09 IDT 2025, 158 W
Fri Sep 26 13:08:09 IDT 2025, 191 W
Fri Sep 26 13:08:09 IDT 2025, 151 W
Fri Sep 26 13:08:09 IDT 2025, 155 W
Fri Sep 26 13:08:09 IDT 2025, 190 W
Fri Sep 26 13:08:09 IDT 2025, 167 W
Fri Sep 26 13:08:09 IDT 2025, 150 W
Fri Sep 26 13:08:10 IDT 2025, 167 W
Fri Sep 26 13:08:10 IDT 2025, 175 W
Fri Sep 26 13:08:10 IDT 2025, 199 W
Fri Sep 26 13:08:10 IDT 2025, 161 W
Fri Sep 26 13:08:10 IDT 2025, 164 W
Fri Sep 26 13:08:10 IDT 2025, 212 W
Fri Sep 26 13:08:10 IDT 2025, 181 W
Fri Sep 26 13:08:10 IDT 2025, 160 W
Fri Sep 26 13:08:11 IDT 2025, 179 W
Fri Sep 26 13:08:11 IDT 2025, 172 W
Fri Sep 26 13:08:11 IDT 2025, 205 W
Fri Sep 26 13:08:11 IDT 2025, 171 W
Fri Sep 26 13:08:11 IDT 2025, 170 W
Fri Sep 26 13:08:11 IDT 2025, 205 W
Fri Sep 26 13:08:11 IDT 2025, 179 W
Fri Sep 26 13:08:11 IDT 2025, 161 W
Fri Sep 26 13:08:12 IDT 2025, 180 W
Fri Sep 26 13:08:12 IDT 2025, 175 W
Fri Sep 26 13:08:12 IDT 2025, 201 W
Fri Sep 26 13:08:12 IDT 2025, 172 W
Fri Sep 26 13:08:12 IDT 2025, 171 W
Fri Sep 26 13:08:12 IDT 2025, 213 W
Fri Sep 26 13:08:12 IDT 2025, 188 W
Fri Sep 26 13:08:12 IDT 2025, 164 W
Fri Sep 26 13:08:13 IDT 2025, 185 W
Fri Sep 26 13:08:13 IDT 2025, 183 W
Fri Sep 26 13:08:13 IDT 2025, 213 W
Fri Sep 26 13:08:13 IDT 2025, 172 W
Fri Sep 26 13:08:13 IDT 2025, 184 W
Fri Sep 26 13:08:13 IDT 2025, 214 W
Fri Sep 26 13:08:13 IDT 2025, 187 W
Fri Sep 26 13:08:13 IDT 2025, 178 W
Fri Sep 26 13:08:14 IDT 2025, 160 W
Fri Sep 26 13:08:14 IDT 2025, 164 W
Fri Sep 26 13:08:14 IDT 2025, 195 W
Fri Sep 26 13:08:14 IDT 2025, 158 W
Fri Sep 26 13:08:14 IDT 2025, 164 W
Fri Sep 26 13:08:14 IDT 2025, 190 W
Fri Sep 26 13:08:14 IDT 2025, 172 W
Fri Sep 26 13:08:14 IDT 2025, 144 W
Fri Sep 26 13:08:15 IDT 2025, 172 W
Fri Sep 26 13:08:15 IDT 2025, 180 W
Fri Sep 26 13:08:15 IDT 2025, 207 W
Fri Sep 26 13:08:15 IDT 2025, 164 W
Fri Sep 26 13:08:15 IDT 2025, 178 W
Fri Sep 26 13:08:15 IDT 2025, 207 W
Fri Sep 26 13:08:15 IDT 2025, 183 W
Fri Sep 26 13:08:15 IDT 2025, 159 W
Fri Sep 26 13:08:16 IDT 2025, 170 W
Fri Sep 26 13:08:16 IDT 2025, 168 W
Fri Sep 26 13:08:16 IDT 2025, 208 W
Fri Sep 26 13:08:16 IDT 2025, 175 W
Fri Sep 26 13:08:16 IDT 2025, 175 W
Fri Sep 26 13:08:16 IDT 2025, 198 W
Fri Sep 26 13:08:16 IDT 2025, 181 W
Fri Sep 26 13:08:16 IDT 2025, 155 W
Fri Sep 26 13:08:17 IDT 2025, 176 W
Fri Sep 26 13:08:17 IDT 2025, 167 W
Fri Sep 26 13:08:17 IDT 2025, 206 W
Fri Sep 26 13:08:17 IDT 2025, 171 W
Fri Sep 26 13:08:17 IDT 2025, 174 W
Fri Sep 26 13:08:17 IDT 2025, 204 W
Fri Sep 26 13:08:17 IDT 2025, 178 W
Fri Sep 26 13:08:17 IDT 2025, 156 W
Fri Sep 26 13:08:18 IDT 2025, 173 W
Fri Sep 26 13:08:18 IDT 2025, 169 W
Fri Sep 26 13:08:18 IDT 2025, 205 W
Fri Sep 26 13:08:18 IDT 2025, 158 W
Fri Sep 26 13:08:18 IDT 2025, 173 W
Fri Sep 26 13:08:18 IDT 2025, 197 W
Fri Sep 26 13:08:18 IDT 2025, 171 W
Fri Sep 26 13:08:18 IDT 2025, 164 W
Fri Sep 26 13:08:19 IDT 2025, 169 W
Fri Sep 26 13:08:19 IDT 2025, 166 W
Fri Sep 26 13:08:19 IDT 2025, 208 W
Fri Sep 26 13:08:19 IDT 2025, 166 W
Fri Sep 26 13:08:19 IDT 2025, 163 W
Fri Sep 26 13:08:19 IDT 2025, 198 W
Fri Sep 26 13:08:19 IDT 2025, 175 W
Fri Sep 26 13:08:19 IDT 2025, 157 W
Fri Sep 26 13:08:20 IDT 2025, 168 W
Fri Sep 26 13:08:20 IDT 2025, 177 W
Fri Sep 26 13:08:20 IDT 2025, 210 W
Fri Sep 26 13:08:20 IDT 2025, 162 W
Fri Sep 26 13:08:20 IDT 2025, 172 W
Fri Sep 26 13:08:20 IDT 2025, 205 W
Fri Sep 26 13:08:20 IDT 2025, 178 W
Fri Sep 26 13:08:20 IDT 2025, 159 W
Fri Sep 26 13:08:21 IDT 2025, 177 W
Fri Sep 26 13:08:21 IDT 2025, 172 W
Fri Sep 26 13:08:21 IDT 2025, 218 W
Fri Sep 26 13:08:21 IDT 2025, 181 W
Fri Sep 26 13:08:21 IDT 2025, 181 W
Fri Sep 26 13:08:21 IDT 2025, 202 W
Fri Sep 26 13:08:21 IDT 2025, 191 W
Fri Sep 26 13:08:21 IDT 2025, 167 W
Fri Sep 26 13:08:22 IDT 2025, 174 W
Fri Sep 26 13:08:22 IDT 2025, 169 W
Fri Sep 26 13:08:22 IDT 2025, 203 W
Fri Sep 26 13:08:22 IDT 2025, 165 W
Fri Sep 26 13:08:22 IDT 2025, 169 W
Fri Sep 26 13:08:22 IDT 2025, 200 W
Fri Sep 26 13:08:22 IDT 2025, 177 W
Fri Sep 26 13:08:22 IDT 2025, 154 W
Fri Sep 26 13:08:23 IDT 2025, 177 W
Fri Sep 26 13:08:23 IDT 2025, 180 W
Fri Sep 26 13:08:23 IDT 2025, 218 W
Fri Sep 26 13:08:23 IDT 2025, 165 W
Fri Sep 26 13:08:23 IDT 2025, 172 W
Fri Sep 26 13:08:23 IDT 2025, 202 W
Fri Sep 26 13:08:23 IDT 2025, 180 W
Fri Sep 26 13:08:23 IDT 2025, 166 W
Fri Sep 26 13:08:24 IDT 2025, 176 W
Fri Sep 26 13:08:24 IDT 2025, 174 W
Fri Sep 26 13:08:24 IDT 2025, 206 W
Fri Sep 26 13:08:24 IDT 2025, 165 W
Fri Sep 26 13:08:24 IDT 2025, 170 W
Fri Sep 26 13:08:24 IDT 2025, 204 W
Fri Sep 26 13:08:24 IDT 2025, 180 W
Fri Sep 26 13:08:24 IDT 2025, 161 W
Fri Sep 26 13:08:25 IDT 2025, 188 W
Fri Sep 26 13:08:25 IDT 2025, 180 W
Fri Sep 26 13:08:25 IDT 2025, 206 W
Fri Sep 26 13:08:25 IDT 2025, 167 W
Fri Sep 26 13:08:25 IDT 2025, 175 W
Fri Sep 26 13:08:25 IDT 2025, 213 W
Fri Sep 26 13:08:25 IDT 2025, 187 W
Fri Sep 26 13:08:25 IDT 2025, 165 W
Fri Sep 26 13:08:26 IDT 2025, 157 W
Fri Sep 26 13:08:26 IDT 2025, 170 W
Fri Sep 26 13:08:26 IDT 2025, 200 W
Fri Sep 26 13:08:26 IDT 2025, 157 W
Fri Sep 26 13:08:26 IDT 2025, 164 W
Fri Sep 26 13:08:26 IDT 2025, 196 W
Fri Sep 26 13:08:26 IDT 2025, 169 W
Fri Sep 26 13:08:26 IDT 2025, 152 W
Fri Sep 26 13:08:27 IDT 2025, 169 W
Fri Sep 26 13:08:27 IDT 2025, 168 W
Fri Sep 26 13:08:27 IDT 2025, 207 W
Fri Sep 26 13:08:27 IDT 2025, 154 W
Fri Sep 26 13:08:27 IDT 2025, 174 W
Fri Sep 26 13:08:27 IDT 2025, 189 W
Fri Sep 26 13:08:27 IDT 2025, 173 W
Fri Sep 26 13:08:27 IDT 2025, 155 W
Fri Sep 26 13:08:28 IDT 2025, 168 W
Fri Sep 26 13:08:28 IDT 2025, 173 W
Fri Sep 26 13:08:28 IDT 2025, 193 W
Fri Sep 26 13:08:28 IDT 2025, 162 W
Fri Sep 26 13:08:28 IDT 2025, 161 W
Fri Sep 26 13:08:28 IDT 2025, 196 W
Fri Sep 26 13:08:28 IDT 2025, 174 W
Fri Sep 26 13:08:28 IDT 2025, 146 W
Fri Sep 26 13:08:29 IDT 2025, 175 W
Fri Sep 26 13:08:29 IDT 2025, 167 W
Fri Sep 26 13:08:29 IDT 2025, 206 W
Fri Sep 26 13:08:29 IDT 2025, 167 W
Fri Sep 26 13:08:29 IDT 2025, 171 W
Fri Sep 26 13:08:29 IDT 2025, 195 W
Fri Sep 26 13:08:29 IDT 2025, 159 W
Fri Sep 26 13:08:29 IDT 2025, 156 W
Fri Sep 26 13:08:30 IDT 2025, 170 W
Fri Sep 26 13:08:30 IDT 2025, 179 W
Fri Sep 26 13:08:30 IDT 2025, 202 W
Fri Sep 26 13:08:30 IDT 2025, 174 W
Fri Sep 26 13:08:30 IDT 2025, 184 W
Fri Sep 26 13:08:30 IDT 2025, 209 W
Fri Sep 26 13:08:30 IDT 2025, 179 W
Fri Sep 26 13:08:30 IDT 2025, 165 W
Fri Sep 26 13:08:31 IDT 2025, 167 W
Fri Sep 26 13:08:31 IDT 2025, 181 W
Fri Sep 26 13:08:31 IDT 2025, 209 W
Fri Sep 26 13:08:31 IDT 2025, 164 W
Fri Sep 26 13:08:31 IDT 2025, 171 W
Fri Sep 26 13:08:31 IDT 2025, 198 W
Fri Sep 26 13:08:31 IDT 2025, 171 W
Fri Sep 26 13:08:31 IDT 2025, 156 W
Fri Sep 26 13:08:32 IDT 2025, 166 W
Fri Sep 26 13:08:32 IDT 2025, 164 W
Fri Sep 26 13:08:32 IDT 2025, 190 W
Fri Sep 26 13:08:32 IDT 2025, 158 W
Fri Sep 26 13:08:32 IDT 2025, 159 W
Fri Sep 26 13:08:32 IDT 2025, 196 W
Fri Sep 26 13:08:32 IDT 2025, 173 W
Fri Sep 26 13:08:32 IDT 2025, 156 W
Fri Sep 26 13:08:33 IDT 2025, 178 W
Fri Sep 26 13:08:33 IDT 2025, 175 W
Fri Sep 26 13:08:33 IDT 2025, 204 W
Fri Sep 26 13:08:33 IDT 2025, 163 W
Fri Sep 26 13:08:33 IDT 2025, 170 W
Fri Sep 26 13:08:33 IDT 2025, 203 W
Fri Sep 26 13:08:33 IDT 2025, 182 W
Fri Sep 26 13:08:33 IDT 2025, 160 W
Fri Sep 26 13:08:34 IDT 2025, 168 W
Fri Sep 26 13:08:34 IDT 2025, 165 W
Fri Sep 26 13:08:34 IDT 2025, 203 W
Fri Sep 26 13:08:34 IDT 2025, 165 W
Fri Sep 26 13:08:34 IDT 2025, 166 W
Fri Sep 26 13:08:34 IDT 2025, 201 W
Fri Sep 26 13:08:34 IDT 2025, 178 W
Fri Sep 26 13:08:34 IDT 2025, 156 W
Fri Sep 26 13:08:35 IDT 2025, 143 W
Fri Sep 26 13:08:35 IDT 2025, 158 W
Fri Sep 26 13:08:35 IDT 2025, 183 W
Fri Sep 26 13:08:35 IDT 2025, 143 W
Fri Sep 26 13:08:35 IDT 2025, 162 W
Fri Sep 26 13:08:35 IDT 2025, 191 W
Fri Sep 26 13:08:35 IDT 2025, 160 W
Fri Sep 26 13:08:35 IDT 2025, 145 W
Fri Sep 26 13:08:36 IDT 2025, 173 W
Fri Sep 26 13:08:36 IDT 2025, 177 W
Fri Sep 26 13:08:36 IDT 2025, 210 W
Fri Sep 26 13:08:36 IDT 2025, 170 W
Fri Sep 26 13:08:36 IDT 2025, 160 W
Fri Sep 26 13:08:36 IDT 2025, 206 W
Fri Sep 26 13:08:36 IDT 2025, 185 W
Fri Sep 26 13:08:36 IDT 2025, 167 W
Fri Sep 26 13:08:37 IDT 2025, 182 W
Fri Sep 26 13:08:37 IDT 2025, 174 W
Fri Sep 26 13:08:37 IDT 2025, 208 W
Fri Sep 26 13:08:37 IDT 2025, 167 W
Fri Sep 26 13:08:37 IDT 2025, 171 W
Fri Sep 26 13:08:37 IDT 2025, 212 W
Fri Sep 26 13:08:37 IDT 2025, 182 W
Fri Sep 26 13:08:37 IDT 2025, 154 W
Fri Sep 26 13:08:38 IDT 2025, 178 W
Fri Sep 26 13:08:38 IDT 2025, 180 W
Fri Sep 26 13:08:38 IDT 2025, 217 W
Fri Sep 26 13:08:38 IDT 2025, 173 W
Fri Sep 26 13:08:38 IDT 2025, 177 W
Fri Sep 26 13:08:38 IDT 2025, 212 W
Fri Sep 26 13:08:38 IDT 2025, 189 W
Fri Sep 26 13:08:38 IDT 2025, 165 W
Fri Sep 26 13:08:39 IDT 2025, 168 W
Fri Sep 26 13:08:39 IDT 2025, 167 W
Fri Sep 26 13:08:39 IDT 2025, 203 W
Fri Sep 26 13:08:39 IDT 2025, 162 W
Fri Sep 26 13:08:39 IDT 2025, 159 W
Fri Sep 26 13:08:39 IDT 2025, 203 W
Fri Sep 26 13:08:39 IDT 2025, 179 W
Fri Sep 26 13:08:39 IDT 2025, 161 W
Fri Sep 26 13:08:40 IDT 2025, 177 W
Fri Sep 26 13:08:40 IDT 2025, 180 W
Fri Sep 26 13:08:40 IDT 2025, 206 W
Fri Sep 26 13:08:40 IDT 2025, 169 W
Fri Sep 26 13:08:40 IDT 2025, 166 W
Fri Sep 26 13:08:40 IDT 2025, 200 W
Fri Sep 26 13:08:40 IDT 2025, 186 W
Fri Sep 26 13:08:40 IDT 2025, 158 W
Fri Sep 26 13:08:41 IDT 2025, 169 W
Fri Sep 26 13:08:41 IDT 2025, 184 W
Fri Sep 26 13:08:41 IDT 2025, 208 W
Fri Sep 26 13:08:41 IDT 2025, 164 W
Fri Sep 26 13:08:41 IDT 2025, 173 W
Fri Sep 26 13:08:41 IDT 2025, 202 W
Fri Sep 26 13:08:41 IDT 2025, 177 W
Fri Sep 26 13:08:41 IDT 2025, 162 W
Fri Sep 26 13:08:42 IDT 2025, 170 W
Fri Sep 26 13:08:42 IDT 2025, 170 W
Fri Sep 26 13:08:42 IDT 2025, 204 W
Fri Sep 26 13:08:42 IDT 2025, 166 W
Fri Sep 26 13:08:42 IDT 2025, 164 W
Fri Sep 26 13:08:42 IDT 2025, 196 W
Fri Sep 26 13:08:42 IDT 2025, 183 W
Fri Sep 26 13:08:42 IDT 2025, 157 W
Fri Sep 26 13:08:43 IDT 2025, 176 W
Fri Sep 26 13:08:43 IDT 2025, 174 W
Fri Sep 26 13:08:43 IDT 2025, 213 W
Fri Sep 26 13:08:43 IDT 2025, 173 W
Fri Sep 26 13:08:43 IDT 2025, 169 W
Fri Sep 26 13:08:43 IDT 2025, 208 W
Fri Sep 26 13:08:43 IDT 2025, 181 W
Fri Sep 26 13:08:43 IDT 2025, 163 W
Fri Sep 26 13:08:44 IDT 2025, 166 W
Fri Sep 26 13:08:44 IDT 2025, 166 W
Fri Sep 26 13:08:44 IDT 2025, 211 W
Fri Sep 26 13:08:44 IDT 2025, 165 W
Fri Sep 26 13:08:44 IDT 2025, 160 W
Fri Sep 26 13:08:44 IDT 2025, 192 W
Fri Sep 26 13:08:44 IDT 2025, 173 W
Fri Sep 26 13:08:44 IDT 2025, 160 W
Fri Sep 26 13:08:45 IDT 2025, 166 W
Fri Sep 26 13:08:45 IDT 2025, 172 W
Fri Sep 26 13:08:45 IDT 2025, 199 W
Fri Sep 26 13:08:45 IDT 2025, 161 W
Fri Sep 26 13:08:45 IDT 2025, 164 W
Fri Sep 26 13:08:45 IDT 2025, 209 W
Fri Sep 26 13:08:45 IDT 2025, 177 W
Fri Sep 26 13:08:45 IDT 2025, 160 W
Fri Sep 26 13:08:46 IDT 2025, 176 W
Fri Sep 26 13:08:46 IDT 2025, 178 W
Fri Sep 26 13:08:46 IDT 2025, 198 W
Fri Sep 26 13:08:46 IDT 2025, 165 W
Fri Sep 26 13:08:46 IDT 2025, 163 W
Fri Sep 26 13:08:46 IDT 2025, 207 W
Fri Sep 26 13:08:46 IDT 2025, 173 W
Fri Sep 26 13:08:46 IDT 2025, 155 W
Fri Sep 26 13:08:47 IDT 2025, 160 W
Fri Sep 26 13:08:47 IDT 2025, 157 W
Fri Sep 26 13:08:47 IDT 2025, 191 W
Fri Sep 26 13:08:47 IDT 2025, 158 W
Fri Sep 26 13:08:47 IDT 2025, 151 W
Fri Sep 26 13:08:47 IDT 2025, 187 W
Fri Sep 26 13:08:47 IDT 2025, 169 W
Fri Sep 26 13:08:47 IDT 2025, 148 W
Fri Sep 26 13:08:48 IDT 2025, 169 W
Fri Sep 26 13:08:48 IDT 2025, 169 W
Fri Sep 26 13:08:48 IDT 2025, 204 W
Fri Sep 26 13:08:48 IDT 2025, 166 W
Fri Sep 26 13:08:48 IDT 2025, 167 W
Fri Sep 26 13:08:48 IDT 2025, 197 W
Fri Sep 26 13:08:48 IDT 2025, 175 W
Fri Sep 26 13:08:48 IDT 2025, 152 W
Fri Sep 26 13:08:49 IDT 2025, 156 W
Fri Sep 26 13:08:49 IDT 2025, 152 W
Fri Sep 26 13:08:49 IDT 2025, 186 W
Fri Sep 26 13:08:49 IDT 2025, 155 W
Fri Sep 26 13:08:49 IDT 2025, 157 W
Fri Sep 26 13:08:49 IDT 2025, 183 W
Fri Sep 26 13:08:49 IDT 2025, 166 W
Fri Sep 26 13:08:49 IDT 2025, 141 W
Fri Sep 26 13:08:50 IDT 2025, 171 W
Fri Sep 26 13:08:50 IDT 2025, 164 W
Fri Sep 26 13:08:50 IDT 2025, 195 W
Fri Sep 26 13:08:50 IDT 2025, 165 W
Fri Sep 26 13:08:50 IDT 2025, 162 W
Fri Sep 26 13:08:50 IDT 2025, 187 W
Fri Sep 26 13:08:50 IDT 2025, 169 W
Fri Sep 26 13:08:50 IDT 2025, 154 W
Fri Sep 26 13:08:51 IDT 2025, 171 W
Fri Sep 26 13:08:51 IDT 2025, 175 W
Fri Sep 26 13:08:51 IDT 2025, 208 W
Fri Sep 26 13:08:51 IDT 2025, 163 W
Fri Sep 26 13:08:51 IDT 2025, 161 W
Fri Sep 26 13:08:51 IDT 2025, 203 W
Fri Sep 26 13:08:51 IDT 2025, 186 W
Fri Sep 26 13:08:51 IDT 2025, 158 W
Fri Sep 26 13:08:52 IDT 2025, 177 W
Fri Sep 26 13:08:52 IDT 2025, 177 W
Fri Sep 26 13:08:52 IDT 2025, 212 W
Fri Sep 26 13:08:52 IDT 2025, 165 W
Fri Sep 26 13:08:52 IDT 2025, 161 W
Fri Sep 26 13:08:52 IDT 2025, 206 W
Fri Sep 26 13:08:52 IDT 2025, 181 W
Fri Sep 26 13:08:52 IDT 2025, 162 W
Fri Sep 26 13:08:53 IDT 2025, 158 W
Fri Sep 26 13:08:53 IDT 2025, 152 W
Fri Sep 26 13:08:53 IDT 2025, 197 W
Fri Sep 26 13:08:53 IDT 2025, 148 W
Fri Sep 26 13:08:53 IDT 2025, 152 W
Fri Sep 26 13:08:53 IDT 2025, 186 W
Fri Sep 26 13:08:53 IDT 2025, 163 W
Fri Sep 26 13:08:53 IDT 2025, 144 W
Fri Sep 26 13:08:54 IDT 2025, 175 W
Fri Sep 26 13:08:54 IDT 2025, 172 W
Fri Sep 26 13:08:54 IDT 2025, 201 W
Fri Sep 26 13:08:54 IDT 2025, 164 W
Fri Sep 26 13:08:54 IDT 2025, 173 W
Fri Sep 26 13:08:54 IDT 2025, 204 W
Fri Sep 26 13:08:54 IDT 2025, 180 W
Fri Sep 26 13:08:54 IDT 2025, 163 W
Fri Sep 26 13:08:55 IDT 2025, 164 W
Fri Sep 26 13:08:55 IDT 2025, 165 W
Fri Sep 26 13:08:55 IDT 2025, 199 W
Fri Sep 26 13:08:55 IDT 2025, 161 W
Fri Sep 26 13:08:55 IDT 2025, 173 W
Fri Sep 26 13:08:55 IDT 2025, 190 W
Fri Sep 26 13:08:55 IDT 2025, 171 W
Fri Sep 26 13:08:55 IDT 2025, 152 W
Fri Sep 26 13:08:56 IDT 2025, 184 W
Fri Sep 26 13:08:56 IDT 2025, 179 W
Fri Sep 26 13:08:56 IDT 2025, 216 W
Fri Sep 26 13:08:56 IDT 2025, 182 W
Fri Sep 26 13:08:56 IDT 2025, 193 W
Fri Sep 26 13:08:56 IDT 2025, 209 W
Fri Sep 26 13:08:56 IDT 2025, 189 W
Fri Sep 26 13:08:56 IDT 2025, 168 W
Fri Sep 26 13:08:57 IDT 2025, 170 W
Fri Sep 26 13:08:57 IDT 2025, 187 W
Fri Sep 26 13:08:57 IDT 2025, 212 W
Fri Sep 26 13:08:57 IDT 2025, 170 W
Fri Sep 26 13:08:57 IDT 2025, 189 W
Fri Sep 26 13:08:57 IDT 2025, 200 W
Fri Sep 26 13:08:57 IDT 2025, 184 W
Fri Sep 26 13:08:57 IDT 2025, 168 W
Fri Sep 26 13:08:58 IDT 2025, 172 W
Fri Sep 26 13:08:58 IDT 2025, 173 W
Fri Sep 26 13:08:58 IDT 2025, 206 W
Fri Sep 26 13:08:58 IDT 2025, 172 W
Fri Sep 26 13:08:58 IDT 2025, 179 W
Fri Sep 26 13:08:58 IDT 2025, 201 W
Fri Sep 26 13:08:58 IDT 2025, 182 W
Fri Sep 26 13:08:58 IDT 2025, 166 W
Fri Sep 26 13:08:59 IDT 2025, 171 W
Fri Sep 26 13:08:59 IDT 2025, 171 W
Fri Sep 26 13:08:59 IDT 2025, 204 W
Fri Sep 26 13:08:59 IDT 2025, 161 W
Fri Sep 26 13:08:59 IDT 2025, 175 W
Fri Sep 26 13:08:59 IDT 2025, 197 W
Fri Sep 26 13:08:59 IDT 2025, 170 W
Fri Sep 26 13:08:59 IDT 2025, 164 W
Fri Sep 26 13:09:00 IDT 2025, 182 W
Fri Sep 26 13:09:00 IDT 2025, 176 W
Fri Sep 26 13:09:00 IDT 2025, 205 W
Fri Sep 26 13:09:00 IDT 2025, 169 W
Fri Sep 26 13:09:00 IDT 2025, 169 W
Fri Sep 26 13:09:00 IDT 2025, 207 W
Fri Sep 26 13:09:00 IDT 2025, 183 W
Fri Sep 26 13:09:00 IDT 2025, 163 W
Fri Sep 26 13:09:01 IDT 2025, 183 W
Fri Sep 26 13:09:01 IDT 2025, 191 W
Fri Sep 26 13:09:01 IDT 2025, 218 W
Fri Sep 26 13:09:01 IDT 2025, 173 W
Fri Sep 26 13:09:01 IDT 2025, 181 W
Fri Sep 26 13:09:01 IDT 2025, 205 W
Fri Sep 26 13:09:01 IDT 2025, 192 W
Fri Sep 26 13:09:01 IDT 2025, 167 W
Fri Sep 26 13:09:02 IDT 2025, 174 W
Fri Sep 26 13:09:02 IDT 2025, 173 W
Fri Sep 26 13:09:02 IDT 2025, 198 W
Fri Sep 26 13:09:02 IDT 2025, 166 W
Fri Sep 26 13:09:02 IDT 2025, 167 W
Fri Sep 26 13:09:02 IDT 2025, 194 W
Fri Sep 26 13:09:02 IDT 2025, 175 W
Fri Sep 26 13:09:02 IDT 2025, 162 W
Fri Sep 26 13:09:03 IDT 2025, 163 W
Fri Sep 26 13:09:03 IDT 2025, 164 W
Fri Sep 26 13:09:03 IDT 2025, 198 W
Fri Sep 26 13:09:03 IDT 2025, 159 W
Fri Sep 26 13:09:03 IDT 2025, 169 W
Fri Sep 26 13:09:03 IDT 2025, 211 W
Fri Sep 26 13:09:03 IDT 2025, 179 W
Fri Sep 26 13:09:03 IDT 2025, 156 W
Fri Sep 26 13:09:04 IDT 2025, 178 W
Fri Sep 26 13:09:04 IDT 2025, 172 W
Fri Sep 26 13:09:04 IDT 2025, 211 W
Fri Sep 26 13:09:04 IDT 2025, 174 W
Fri Sep 26 13:09:04 IDT 2025, 178 W
Fri Sep 26 13:09:04 IDT 2025, 204 W
Fri Sep 26 13:09:04 IDT 2025, 181 W
Fri Sep 26 13:09:04 IDT 2025, 167 W
Fri Sep 26 13:09:05 IDT 2025, 184 W
Fri Sep 26 13:09:05 IDT 2025, 187 W
Fri Sep 26 13:09:05 IDT 2025, 218 W
Fri Sep 26 13:09:05 IDT 2025, 170 W
Fri Sep 26 13:09:05 IDT 2025, 187 W
Fri Sep 26 13:09:05 IDT 2025, 214 W
Fri Sep 26 13:09:05 IDT 2025, 192 W
Fri Sep 26 13:09:05 IDT 2025, 174 W
Fri Sep 26 13:09:06 IDT 2025, 171 W
Fri Sep 26 13:09:06 IDT 2025, 167 W
Fri Sep 26 13:09:06 IDT 2025, 207 W
Fri Sep 26 13:09:06 IDT 2025, 158 W
Fri Sep 26 13:09:06 IDT 2025, 172 W
Fri Sep 26 13:09:06 IDT 2025, 202 W
Fri Sep 26 13:09:06 IDT 2025, 157 W
Fri Sep 26 13:09:06 IDT 2025, 152 W
Fri Sep 26 13:09:07 IDT 2025, 189 W
Fri Sep 26 13:09:07 IDT 2025, 174 W
Fri Sep 26 13:09:07 IDT 2025, 215 W
Fri Sep 26 13:09:07 IDT 2025, 176 W
Fri Sep 26 13:09:07 IDT 2025, 180 W
Fri Sep 26 13:09:07 IDT 2025, 207 W
Fri Sep 26 13:09:07 IDT 2025, 180 W
Fri Sep 26 13:09:07 IDT 2025, 166 W
Fri Sep 26 13:09:08 IDT 2025, 168 W
Fri Sep 26 13:09:08 IDT 2025, 159 W
Fri Sep 26 13:09:08 IDT 2025, 197 W
Fri Sep 26 13:09:08 IDT 2025, 160 W
Fri Sep 26 13:09:08 IDT 2025, 174 W
Fri Sep 26 13:09:08 IDT 2025, 194 W
Fri Sep 26 13:09:08 IDT 2025, 178 W
Fri Sep 26 13:09:08 IDT 2025, 156 W
Fri Sep 26 13:09:09 IDT 2025, 171 W
Fri Sep 26 13:09:09 IDT 2025, 169 W
Fri Sep 26 13:09:09 IDT 2025, 202 W
Fri Sep 26 13:09:09 IDT 2025, 168 W
Fri Sep 26 13:09:09 IDT 2025, 172 W
Fri Sep 26 13:09:09 IDT 2025, 205 W
Fri Sep 26 13:09:09 IDT 2025, 170 W
Fri Sep 26 13:09:09 IDT 2025, 159 W
Fri Sep 26 13:09:10 IDT 2025, 157 W
Fri Sep 26 13:09:10 IDT 2025, 169 W
Fri Sep 26 13:09:10 IDT 2025, 206 W
Fri Sep 26 13:09:10 IDT 2025, 160 W
Fri Sep 26 13:09:10 IDT 2025, 157 W
Fri Sep 26 13:09:10 IDT 2025, 195 W
Fri Sep 26 13:09:10 IDT 2025, 170 W
Fri Sep 26 13:09:10 IDT 2025, 153 W
Fri Sep 26 13:09:11 IDT 2025, 174 W
Fri Sep 26 13:09:11 IDT 2025, 180 W
Fri Sep 26 13:09:11 IDT 2025, 204 W
Fri Sep 26 13:09:11 IDT 2025, 164 W
Fri Sep 26 13:09:11 IDT 2025, 178 W
Fri Sep 26 13:09:11 IDT 2025, 207 W
Fri Sep 26 13:09:11 IDT 2025, 172 W
Fri Sep 26 13:09:11 IDT 2025, 165 W
Fri Sep 26 13:09:12 IDT 2025, 181 W
Fri Sep 26 13:09:12 IDT 2025, 183 W
Fri Sep 26 13:09:12 IDT 2025, 211 W
Fri Sep 26 13:09:12 IDT 2025, 179 W
Fri Sep 26 13:09:12 IDT 2025, 188 W
Fri Sep 26 13:09:12 IDT 2025, 207 W
Fri Sep 26 13:09:12 IDT 2025, 175 W
Fri Sep 26 13:09:12 IDT 2025, 168 W
Fri Sep 26 13:09:13 IDT 2025, 187 W
Fri Sep 26 13:09:13 IDT 2025, 179 W
Fri Sep 26 13:09:13 IDT 2025, 211 W
Fri Sep 26 13:09:13 IDT 2025, 153 W
Fri Sep 26 13:09:13 IDT 2025, 174 W
Fri Sep 26 13:09:13 IDT 2025, 209 W
Fri Sep 26 13:09:13 IDT 2025, 183 W
Fri Sep 26 13:09:13 IDT 2025, 167 W
Fri Sep 26 13:09:14 IDT 2025, 186 W
Fri Sep 26 13:09:14 IDT 2025, 180 W
Fri Sep 26 13:09:14 IDT 2025, 217 W
Fri Sep 26 13:09:14 IDT 2025, 178 W
Fri Sep 26 13:09:14 IDT 2025, 184 W
Fri Sep 26 13:09:14 IDT 2025, 211 W
Fri Sep 26 13:09:14 IDT 2025, 186 W
Fri Sep 26 13:09:14 IDT 2025, 167 W
Fri Sep 26 13:09:15 IDT 2025, 178 W
Fri Sep 26 13:09:15 IDT 2025, 169 W
Fri Sep 26 13:09:15 IDT 2025, 214 W
Fri Sep 26 13:09:15 IDT 2025, 169 W
Fri Sep 26 13:09:15 IDT 2025, 186 W
Fri Sep 26 13:09:15 IDT 2025, 211 W
Fri Sep 26 13:09:15 IDT 2025, 187 W
Fri Sep 26 13:09:15 IDT 2025, 167 W
Fri Sep 26 13:09:16 IDT 2025, 170 W
Fri Sep 26 13:09:16 IDT 2025, 185 W
Fri Sep 26 13:09:16 IDT 2025, 212 W
Fri Sep 26 13:09:16 IDT 2025, 165 W
Fri Sep 26 13:09:16 IDT 2025, 166 W
Fri Sep 26 13:09:16 IDT 2025, 198 W
Fri Sep 26 13:09:16 IDT 2025, 185 W
Fri Sep 26 13:09:16 IDT 2025, 161 W
Fri Sep 26 13:09:17 IDT 2025, 188 W
Fri Sep 26 13:09:17 IDT 2025, 178 W
Fri Sep 26 13:09:17 IDT 2025, 219 W
Fri Sep 26 13:09:17 IDT 2025, 170 W
Fri Sep 26 13:09:17 IDT 2025, 180 W
Fri Sep 26 13:09:17 IDT 2025, 216 W
Fri Sep 26 13:09:17 IDT 2025, 175 W
Fri Sep 26 13:09:17 IDT 2025, 166 W
Fri Sep 26 13:09:18 IDT 2025, 154 W
Fri Sep 26 13:09:18 IDT 2025, 151 W
Fri Sep 26 13:09:18 IDT 2025, 193 W
Fri Sep 26 13:09:18 IDT 2025, 149 W
Fri Sep 26 13:09:18 IDT 2025, 158 W
Fri Sep 26 13:09:18 IDT 2025, 190 W
Fri Sep 26 13:09:18 IDT 2025, 161 W
Fri Sep 26 13:09:18 IDT 2025, 145 W
Fri Sep 26 13:09:19 IDT 2025, 167 W
Fri Sep 26 13:09:19 IDT 2025, 174 W
Fri Sep 26 13:09:19 IDT 2025, 208 W
Fri Sep 26 13:09:19 IDT 2025, 158 W
Fri Sep 26 13:09:19 IDT 2025, 161 W
Fri Sep 26 13:09:19 IDT 2025, 187 W
Fri Sep 26 13:09:19 IDT 2025, 164 W
Fri Sep 26 13:09:19 IDT 2025, 154 W
Fri Sep 26 13:09:20 IDT 2025, 173 W
Fri Sep 26 13:09:20 IDT 2025, 174 W
Fri Sep 26 13:09:20 IDT 2025, 198 W
Fri Sep 26 13:09:20 IDT 2025, 169 W
Fri Sep 26 13:09:20 IDT 2025, 167 W
Fri Sep 26 13:09:20 IDT 2025, 199 W
Fri Sep 26 13:09:20 IDT 2025, 173 W
Fri Sep 26 13:09:20 IDT 2025, 156 W
Fri Sep 26 13:09:21 IDT 2025, 172 W
Fri Sep 26 13:09:21 IDT 2025, 179 W
Fri Sep 26 13:09:21 IDT 2025, 208 W
Fri Sep 26 13:09:21 IDT 2025, 171 W
Fri Sep 26 13:09:21 IDT 2025, 179 W
Fri Sep 26 13:09:21 IDT 2025, 206 W
Fri Sep 26 13:09:21 IDT 2025, 179 W
Fri Sep 26 13:09:21 IDT 2025, 160 W
Fri Sep 26 13:09:22 IDT 2025, 181 W
Fri Sep 26 13:09:22 IDT 2025, 183 W
Fri Sep 26 13:09:22 IDT 2025, 216 W
Fri Sep 26 13:09:22 IDT 2025, 168 W
Fri Sep 26 13:09:22 IDT 2025, 179 W
Fri Sep 26 13:09:22 IDT 2025, 203 W
Fri Sep 26 13:09:22 IDT 2025, 185 W
Fri Sep 26 13:09:22 IDT 2025, 155 W
Fri Sep 26 13:09:23 IDT 2025, 176 W
Fri Sep 26 13:09:23 IDT 2025, 172 W
Fri Sep 26 13:09:23 IDT 2025, 204 W
Fri Sep 26 13:09:23 IDT 2025, 175 W
Fri Sep 26 13:09:23 IDT 2025, 168 W
Fri Sep 26 13:09:23 IDT 2025, 208 W
Fri Sep 26 13:09:23 IDT 2025, 181 W
Fri Sep 26 13:09:23 IDT 2025, 161 W
Fri Sep 26 13:09:24 IDT 2025, 180 W
Fri Sep 26 13:09:24 IDT 2025, 177 W
Fri Sep 26 13:09:24 IDT 2025, 221 W
Fri Sep 26 13:09:24 IDT 2025, 177 W
Fri Sep 26 13:09:24 IDT 2025, 174 W
Fri Sep 26 13:09:24 IDT 2025, 212 W
Fri Sep 26 13:09:24 IDT 2025, 183 W
Fri Sep 26 13:09:24 IDT 2025, 165 W
Fri Sep 26 13:09:25 IDT 2025, 173 W
Fri Sep 26 13:09:25 IDT 2025, 180 W
Fri Sep 26 13:09:25 IDT 2025, 213 W
Fri Sep 26 13:09:25 IDT 2025, 175 W
Fri Sep 26 13:09:25 IDT 2025, 183 W
Fri Sep 26 13:09:25 IDT 2025, 211 W
Fri Sep 26 13:09:25 IDT 2025, 186 W
Fri Sep 26 13:09:25 IDT 2025, 172 W
Fri Sep 26 13:09:26 IDT 2025, 170 W
Fri Sep 26 13:09:26 IDT 2025, 180 W
Fri Sep 26 13:09:26 IDT 2025, 198 W
Fri Sep 26 13:09:26 IDT 2025, 157 W
Fri Sep 26 13:09:26 IDT 2025, 167 W
Fri Sep 26 13:09:26 IDT 2025, 202 W
Fri Sep 26 13:09:26 IDT 2025, 176 W
Fri Sep 26 13:09:26 IDT 2025, 154 W
Fri Sep 26 13:09:27 IDT 2025, 169 W
Fri Sep 26 13:09:27 IDT 2025, 171 W
Fri Sep 26 13:09:27 IDT 2025, 205 W
Fri Sep 26 13:09:27 IDT 2025, 163 W
Fri Sep 26 13:09:27 IDT 2025, 167 W
Fri Sep 26 13:09:27 IDT 2025, 198 W
Fri Sep 26 13:09:27 IDT 2025, 177 W
Fri Sep 26 13:09:27 IDT 2025, 163 W
Fri Sep 26 13:09:28 IDT 2025, 162 W
Fri Sep 26 13:09:28 IDT 2025, 167 W
Fri Sep 26 13:09:28 IDT 2025, 196 W
Fri Sep 26 13:09:28 IDT 2025, 161 W
Fri Sep 26 13:09:28 IDT 2025, 164 W
Fri Sep 26 13:09:28 IDT 2025, 194 W
Fri Sep 26 13:09:28 IDT 2025, 170 W
Fri Sep 26 13:09:28 IDT 2025, 152 W
Fri Sep 26 13:09:29 IDT 2025, 175 W
Fri Sep 26 13:09:29 IDT 2025, 176 W
Fri Sep 26 13:09:29 IDT 2025, 206 W
Fri Sep 26 13:09:29 IDT 2025, 167 W
Fri Sep 26 13:09:29 IDT 2025, 174 W
Fri Sep 26 13:09:29 IDT 2025, 201 W
Fri Sep 26 13:09:29 IDT 2025, 185 W
Fri Sep 26 13:09:29 IDT 2025, 162 W
Fri Sep 26 13:09:30 IDT 2025, 175 W
Fri Sep 26 13:09:30 IDT 2025, 182 W
Fri Sep 26 13:09:30 IDT 2025, 211 W
Fri Sep 26 13:09:30 IDT 2025, 177 W
Fri Sep 26 13:09:30 IDT 2025, 178 W
Fri Sep 26 13:09:30 IDT 2025, 211 W
Fri Sep 26 13:09:30 IDT 2025, 185 W
Fri Sep 26 13:09:30 IDT 2025, 167 W
Fri Sep 26 13:09:31 IDT 2025, 172 W
Fri Sep 26 13:09:31 IDT 2025, 175 W
Fri Sep 26 13:09:31 IDT 2025, 200 W
Fri Sep 26 13:09:31 IDT 2025, 168 W
Fri Sep 26 13:09:31 IDT 2025, 170 W
Fri Sep 26 13:09:31 IDT 2025, 201 W
Fri Sep 26 13:09:31 IDT 2025, 180 W
Fri Sep 26 13:09:31 IDT 2025, 154 W
Fri Sep 26 13:09:32 IDT 2025, 192 W
Fri Sep 26 13:09:32 IDT 2025, 189 W
Fri Sep 26 13:09:32 IDT 2025, 224 W
Fri Sep 26 13:09:32 IDT 2025, 175 W
Fri Sep 26 13:09:32 IDT 2025, 189 W
Fri Sep 26 13:09:32 IDT 2025, 223 W
Fri Sep 26 13:09:32 IDT 2025, 206 W
Fri Sep 26 13:09:32 IDT 2025, 184 W
Fri Sep 26 13:09:33 IDT 2025, 175 W
Fri Sep 26 13:09:33 IDT 2025, 184 W
Fri Sep 26 13:09:33 IDT 2025, 211 W
Fri Sep 26 13:09:33 IDT 2025, 178 W
Fri Sep 26 13:09:33 IDT 2025, 183 W
Fri Sep 26 13:09:33 IDT 2025, 214 W
Fri Sep 26 13:09:33 IDT 2025, 183 W
Fri Sep 26 13:09:33 IDT 2025, 170 W
Fri Sep 26 13:09:34 IDT 2025, 181 W
Fri Sep 26 13:09:34 IDT 2025, 175 W
Fri Sep 26 13:09:34 IDT 2025, 215 W
Fri Sep 26 13:09:34 IDT 2025, 172 W
Fri Sep 26 13:09:34 IDT 2025, 176 W
Fri Sep 26 13:09:34 IDT 2025, 204 W
Fri Sep 26 13:09:34 IDT 2025, 188 W
Fri Sep 26 13:09:34 IDT 2025, 165 W
Fri Sep 26 13:09:35 IDT 2025, 173 W
Fri Sep 26 13:09:35 IDT 2025, 169 W
Fri Sep 26 13:09:35 IDT 2025, 204 W
Fri Sep 26 13:09:35 IDT 2025, 167 W
Fri Sep 26 13:09:35 IDT 2025, 172 W
Fri Sep 26 13:09:35 IDT 2025, 198 W
Fri Sep 26 13:09:35 IDT 2025, 177 W
Fri Sep 26 13:09:35 IDT 2025, 163 W
Fri Sep 26 13:09:36 IDT 2025, 181 W
Fri Sep 26 13:09:36 IDT 2025, 175 W
Fri Sep 26 13:09:36 IDT 2025, 204 W
Fri Sep 26 13:09:36 IDT 2025, 176 W
Fri Sep 26 13:09:36 IDT 2025, 167 W
Fri Sep 26 13:09:36 IDT 2025, 202 W
Fri Sep 26 13:09:36 IDT 2025, 195 W
Fri Sep 26 13:09:36 IDT 2025, 167 W
Fri Sep 26 13:09:37 IDT 2025, 174 W
Fri Sep 26 13:09:37 IDT 2025, 180 W
Fri Sep 26 13:09:37 IDT 2025, 216 W
Fri Sep 26 13:09:37 IDT 2025, 176 W
Fri Sep 26 13:09:37 IDT 2025, 182 W
Fri Sep 26 13:09:37 IDT 2025, 214 W
Fri Sep 26 13:09:37 IDT 2025, 185 W
Fri Sep 26 13:09:37 IDT 2025, 157 W
Fri Sep 26 13:09:38 IDT 2025, 177 W
Fri Sep 26 13:09:38 IDT 2025, 177 W
Fri Sep 26 13:09:38 IDT 2025, 214 W
Fri Sep 26 13:09:38 IDT 2025, 173 W
Fri Sep 26 13:09:38 IDT 2025, 180 W
Fri Sep 26 13:09:38 IDT 2025, 216 W
Fri Sep 26 13:09:38 IDT 2025, 181 W
Fri Sep 26 13:09:38 IDT 2025, 161 W
Fri Sep 26 13:09:39 IDT 2025, 174 W
Fri Sep 26 13:09:39 IDT 2025, 180 W
Fri Sep 26 13:09:39 IDT 2025, 217 W
Fri Sep 26 13:09:39 IDT 2025, 161 W
Fri Sep 26 13:09:39 IDT 2025, 169 W
Fri Sep 26 13:09:39 IDT 2025, 197 W
Fri Sep 26 13:09:39 IDT 2025, 182 W
Fri Sep 26 13:09:39 IDT 2025, 157 W
Fri Sep 26 13:09:40 IDT 2025, 158 W
Fri Sep 26 13:09:40 IDT 2025, 174 W
Fri Sep 26 13:09:40 IDT 2025, 201 W
Fri Sep 26 13:09:40 IDT 2025, 159 W
Fri Sep 26 13:09:40 IDT 2025, 166 W
Fri Sep 26 13:09:40 IDT 2025, 193 W
Fri Sep 26 13:09:40 IDT 2025, 166 W
Fri Sep 26 13:09:40 IDT 2025, 149 W
Fri Sep 26 13:09:41 IDT 2025, 172 W
Fri Sep 26 13:09:41 IDT 2025, 181 W
Fri Sep 26 13:09:41 IDT 2025, 201 W
Fri Sep 26 13:09:41 IDT 2025, 167 W
Fri Sep 26 13:09:41 IDT 2025, 172 W
Fri Sep 26 13:09:41 IDT 2025, 203 W
Fri Sep 26 13:09:41 IDT 2025, 179 W
Fri Sep 26 13:09:41 IDT 2025, 154 W
Fri Sep 26 13:09:42 IDT 2025, 176 W
Fri Sep 26 13:09:42 IDT 2025, 186 W
Fri Sep 26 13:09:42 IDT 2025, 211 W
Fri Sep 26 13:09:42 IDT 2025, 172 W
Fri Sep 26 13:09:42 IDT 2025, 178 W
Fri Sep 26 13:09:42 IDT 2025, 203 W
Fri Sep 26 13:09:42 IDT 2025, 185 W
Fri Sep 26 13:09:42 IDT 2025, 160 W
Fri Sep 26 13:09:43 IDT 2025, 167 W
Fri Sep 26 13:09:43 IDT 2025, 177 W
Fri Sep 26 13:09:43 IDT 2025, 207 W
Fri Sep 26 13:09:43 IDT 2025, 170 W
Fri Sep 26 13:09:43 IDT 2025, 163 W
Fri Sep 26 13:09:43 IDT 2025, 204 W
Fri Sep 26 13:09:43 IDT 2025, 180 W
Fri Sep 26 13:09:43 IDT 2025, 157 W
Fri Sep 26 13:09:44 IDT 2025, 180 W
Fri Sep 26 13:09:44 IDT 2025, 176 W
Fri Sep 26 13:09:44 IDT 2025, 207 W
Fri Sep 26 13:09:44 IDT 2025, 167 W
Fri Sep 26 13:09:44 IDT 2025, 172 W
Fri Sep 26 13:09:44 IDT 2025, 204 W
Fri Sep 26 13:09:44 IDT 2025, 180 W
Fri Sep 26 13:09:44 IDT 2025, 168 W
Fri Sep 26 13:09:45 IDT 2025, 154 W
Fri Sep 26 13:09:45 IDT 2025, 166 W
Fri Sep 26 13:09:45 IDT 2025, 197 W
Fri Sep 26 13:09:45 IDT 2025, 157 W
Fri Sep 26 13:09:45 IDT 2025, 156 W
Fri Sep 26 13:09:45 IDT 2025, 196 W
Fri Sep 26 13:09:45 IDT 2025, 170 W
Fri Sep 26 13:09:45 IDT 2025, 156 W
Fri Sep 26 13:09:46 IDT 2025, 169 W
Fri Sep 26 13:09:46 IDT 2025, 170 W
Fri Sep 26 13:09:46 IDT 2025, 201 W
Fri Sep 26 13:09:46 IDT 2025, 166 W
Fri Sep 26 13:09:46 IDT 2025, 160 W
Fri Sep 26 13:09:46 IDT 2025, 193 W
Fri Sep 26 13:09:46 IDT 2025, 169 W
Fri Sep 26 13:09:46 IDT 2025, 155 W
Fri Sep 26 13:09:47 IDT 2025, 154 W
Fri Sep 26 13:09:47 IDT 2025, 164 W
Fri Sep 26 13:09:47 IDT 2025, 192 W
Fri Sep 26 13:09:47 IDT 2025, 157 W
Fri Sep 26 13:09:47 IDT 2025, 153 W
Fri Sep 26 13:09:47 IDT 2025, 189 W
Fri Sep 26 13:09:47 IDT 2025, 160 W
Fri Sep 26 13:09:47 IDT 2025, 141 W
Fri Sep 26 13:09:48 IDT 2025, 178 W
Fri Sep 26 13:09:48 IDT 2025, 180 W
Fri Sep 26 13:09:48 IDT 2025, 214 W
Fri Sep 26 13:09:48 IDT 2025, 176 W
Fri Sep 26 13:09:48 IDT 2025, 174 W
Fri Sep 26 13:09:48 IDT 2025, 210 W
Fri Sep 26 13:09:48 IDT 2025, 178 W
Fri Sep 26 13:09:48 IDT 2025, 163 W
Fri Sep 26 13:09:49 IDT 2025, 170 W
Fri Sep 26 13:09:49 IDT 2025, 173 W
Fri Sep 26 13:09:49 IDT 2025, 219 W
Fri Sep 26 13:09:49 IDT 2025, 170 W
Fri Sep 26 13:09:49 IDT 2025, 172 W
Fri Sep 26 13:09:49 IDT 2025, 209 W
Fri Sep 26 13:09:49 IDT 2025, 179 W
Fri Sep 26 13:09:49 IDT 2025, 163 W
Fri Sep 26 13:09:50 IDT 2025, 165 W
Fri Sep 26 13:09:50 IDT 2025, 174 W
Fri Sep 26 13:09:50 IDT 2025, 203 W
Fri Sep 26 13:09:50 IDT 2025, 162 W
Fri Sep 26 13:09:50 IDT 2025, 163 W
Fri Sep 26 13:09:50 IDT 2025, 189 W
Fri Sep 26 13:09:50 IDT 2025, 169 W
Fri Sep 26 13:09:50 IDT 2025, 159 W
Fri Sep 26 13:09:51 IDT 2025, 178 W
Fri Sep 26 13:09:51 IDT 2025, 181 W
Fri Sep 26 13:09:51 IDT 2025, 213 W
Fri Sep 26 13:09:51 IDT 2025, 162 W
Fri Sep 26 13:09:51 IDT 2025, 175 W
Fri Sep 26 13:09:51 IDT 2025, 210 W
Fri Sep 26 13:09:51 IDT 2025, 184 W
Fri Sep 26 13:09:51 IDT 2025, 152 W
Fri Sep 26 13:09:52 IDT 2025, 164 W
Fri Sep 26 13:09:52 IDT 2025, 177 W
Fri Sep 26 13:09:52 IDT 2025, 184 W
Fri Sep 26 13:09:52 IDT 2025, 162 W
Fri Sep 26 13:09:52 IDT 2025, 181 W
Fri Sep 26 13:09:52 IDT 2025, 192 W
Fri Sep 26 13:09:52 IDT 2025, 176 W
Fri Sep 26 13:09:52 IDT 2025, 157 W
Fri Sep 26 13:09:53 IDT 2025, 178 W
Fri Sep 26 13:09:53 IDT 2025, 187 W
Fri Sep 26 13:09:53 IDT 2025, 198 W
Fri Sep 26 13:09:53 IDT 2025, 180 W
Fri Sep 26 13:09:53 IDT 2025, 177 W
Fri Sep 26 13:09:53 IDT 2025, 207 W
Fri Sep 26 13:09:53 IDT 2025, 180 W
Fri Sep 26 13:09:53 IDT 2025, 161 W
Fri Sep 26 13:09:54 IDT 2025, 183 W
Fri Sep 26 13:09:54 IDT 2025, 173 W
Fri Sep 26 13:09:54 IDT 2025, 206 W
Fri Sep 26 13:09:54 IDT 2025, 169 W
Fri Sep 26 13:09:54 IDT 2025, 168 W
Fri Sep 26 13:09:54 IDT 2025, 206 W
Fri Sep 26 13:09:54 IDT 2025, 184 W
Fri Sep 26 13:09:54 IDT 2025, 158 W
Fri Sep 26 13:09:55 IDT 2025, 180 W
Fri Sep 26 13:09:55 IDT 2025, 175 W
Fri Sep 26 13:09:55 IDT 2025, 215 W
Fri Sep 26 13:09:55 IDT 2025, 168 W
Fri Sep 26 13:09:55 IDT 2025, 172 W
Fri Sep 26 13:09:55 IDT 2025, 203 W
Fri Sep 26 13:09:55 IDT 2025, 182 W
Fri Sep 26 13:09:55 IDT 2025, 167 W
Fri Sep 26 13:09:56 IDT 2025, 167 W
Fri Sep 26 13:09:56 IDT 2025, 158 W
Fri Sep 26 13:09:56 IDT 2025, 195 W
Fri Sep 26 13:09:56 IDT 2025, 157 W
Fri Sep 26 13:09:56 IDT 2025, 165 W
Fri Sep 26 13:09:56 IDT 2025, 188 W
Fri Sep 26 13:09:56 IDT 2025, 170 W
Fri Sep 26 13:09:56 IDT 2025, 154 W
Fri Sep 26 13:09:57 IDT 2025, 165 W
Fri Sep 26 13:09:57 IDT 2025, 156 W
Fri Sep 26 13:09:57 IDT 2025, 187 W
Fri Sep 26 13:09:57 IDT 2025, 162 W
Fri Sep 26 13:09:57 IDT 2025, 152 W
Fri Sep 26 13:09:57 IDT 2025, 190 W
Fri Sep 26 13:09:57 IDT 2025, 166 W
Fri Sep 26 13:09:57 IDT 2025, 147 W
Fri Sep 26 13:09:58 IDT 2025, 170 W
Fri Sep 26 13:09:58 IDT 2025, 170 W
Fri Sep 26 13:09:58 IDT 2025, 202 W
Fri Sep 26 13:09:58 IDT 2025, 158 W
Fri Sep 26 13:09:58 IDT 2025, 179 W
Fri Sep 26 13:09:58 IDT 2025, 201 W
Fri Sep 26 13:09:58 IDT 2025, 176 W
Fri Sep 26 13:09:58 IDT 2025, 156 W
Fri Sep 26 13:09:59 IDT 2025, 172 W
Fri Sep 26 13:09:59 IDT 2025, 172 W
Fri Sep 26 13:09:59 IDT 2025, 211 W
Fri Sep 26 13:09:59 IDT 2025, 169 W
Fri Sep 26 13:09:59 IDT 2025, 164 W
Fri Sep 26 13:09:59 IDT 2025, 204 W
Fri Sep 26 13:09:59 IDT 2025, 179 W
Fri Sep 26 13:09:59 IDT 2025, 156 W
Fri Sep 26 13:10:00 IDT 2025, 185 W
Fri Sep 26 13:10:00 IDT 2025, 185 W
Fri Sep 26 13:10:00 IDT 2025, 216 W
Fri Sep 26 13:10:00 IDT 2025, 178 W
Fri Sep 26 13:10:00 IDT 2025, 182 W
Fri Sep 26 13:10:00 IDT 2025, 211 W
Fri Sep 26 13:10:00 IDT 2025, 187 W
Fri Sep 26 13:10:00 IDT 2025, 169 W
Fri Sep 26 13:10:01 IDT 2025, 178 W
Fri Sep 26 13:10:01 IDT 2025, 180 W
Fri Sep 26 13:10:01 IDT 2025, 213 W
Fri Sep 26 13:10:01 IDT 2025, 173 W
Fri Sep 26 13:10:01 IDT 2025, 178 W
Fri Sep 26 13:10:01 IDT 2025, 215 W
Fri Sep 26 13:10:01 IDT 2025, 184 W
Fri Sep 26 13:10:01 IDT 2025, 165 W
Fri Sep 26 13:10:02 IDT 2025, 178 W
Fri Sep 26 13:10:02 IDT 2025, 186 W
Fri Sep 26 13:10:02 IDT 2025, 212 W
Fri Sep 26 13:10:02 IDT 2025, 176 W
Fri Sep 26 13:10:02 IDT 2025, 175 W
Fri Sep 26 13:10:02 IDT 2025, 210 W
Fri Sep 26 13:10:02 IDT 2025, 187 W
Fri Sep 26 13:10:02 IDT 2025, 165 W
Fri Sep 26 13:10:03 IDT 2025, 167 W
Fri Sep 26 13:10:03 IDT 2025, 172 W
Fri Sep 26 13:10:03 IDT 2025, 199 W
Fri Sep 26 13:10:03 IDT 2025, 163 W
Fri Sep 26 13:10:03 IDT 2025, 157 W
Fri Sep 26 13:10:03 IDT 2025, 195 W
Fri Sep 26 13:10:03 IDT 2025, 167 W
Fri Sep 26 13:10:03 IDT 2025, 150 W
Fri Sep 26 13:10:04 IDT 2025, 159 W
Fri Sep 26 13:10:04 IDT 2025, 163 W
Fri Sep 26 13:10:04 IDT 2025, 194 W
Fri Sep 26 13:10:04 IDT 2025, 157 W
Fri Sep 26 13:10:04 IDT 2025, 164 W
Fri Sep 26 13:10:04 IDT 2025, 192 W
Fri Sep 26 13:10:04 IDT 2025, 174 W
Fri Sep 26 13:10:04 IDT 2025, 150 W
Fri Sep 26 13:10:05 IDT 2025, 168 W
Fri Sep 26 13:10:05 IDT 2025, 160 W
Fri Sep 26 13:10:05 IDT 2025, 193 W
Fri Sep 26 13:10:05 IDT 2025, 166 W
Fri Sep 26 13:10:05 IDT 2025, 167 W
Fri Sep 26 13:10:05 IDT 2025, 197 W
Fri Sep 26 13:10:05 IDT 2025, 172 W
Fri Sep 26 13:10:05 IDT 2025, 158 W
Fri Sep 26 13:10:06 IDT 2025, 154 W
Fri Sep 26 13:10:06 IDT 2025, 165 W
Fri Sep 26 13:10:06 IDT 2025, 192 W
Fri Sep 26 13:10:06 IDT 2025, 157 W
Fri Sep 26 13:10:06 IDT 2025, 158 W
Fri Sep 26 13:10:06 IDT 2025, 186 W
Fri Sep 26 13:10:06 IDT 2025, 154 W
Fri Sep 26 13:10:06 IDT 2025, 148 W
Fri Sep 26 13:10:07 IDT 2025, 174 W
Fri Sep 26 13:10:07 IDT 2025, 167 W
Fri Sep 26 13:10:07 IDT 2025, 205 W
Fri Sep 26 13:10:07 IDT 2025, 166 W
Fri Sep 26 13:10:07 IDT 2025, 178 W
Fri Sep 26 13:10:07 IDT 2025, 208 W
Fri Sep 26 13:10:07 IDT 2025, 173 W
Fri Sep 26 13:10:07 IDT 2025, 151 W
Fri Sep 26 13:10:08 IDT 2025, 174 W
Fri Sep 26 13:10:08 IDT 2025, 176 W
Fri Sep 26 13:10:08 IDT 2025, 209 W
Fri Sep 26 13:10:08 IDT 2025, 171 W
Fri Sep 26 13:10:08 IDT 2025, 181 W
Fri Sep 26 13:10:08 IDT 2025, 200 W
Fri Sep 26 13:10:08 IDT 2025, 185 W
Fri Sep 26 13:10:08 IDT 2025, 161 W
Fri Sep 26 13:10:09 IDT 2025, 167 W
Fri Sep 26 13:10:09 IDT 2025, 176 W
Fri Sep 26 13:10:09 IDT 2025, 202 W
Fri Sep 26 13:10:09 IDT 2025, 159 W
Fri Sep 26 13:10:09 IDT 2025, 170 W
Fri Sep 26 13:10:09 IDT 2025, 191 W
Fri Sep 26 13:10:09 IDT 2025, 175 W
Fri Sep 26 13:10:09 IDT 2025, 154 W
Fri Sep 26 13:10:10 IDT 2025, 179 W
Fri Sep 26 13:10:10 IDT 2025, 174 W
Fri Sep 26 13:10:10 IDT 2025, 219 W
Fri Sep 26 13:10:10 IDT 2025, 171 W
Fri Sep 26 13:10:10 IDT 2025, 168 W
Fri Sep 26 13:10:10 IDT 2025, 211 W
Fri Sep 26 13:10:10 IDT 2025, 188 W
Fri Sep 26 13:10:10 IDT 2025, 170 W
Fri Sep 26 13:10:11 IDT 2025, 168 W
Fri Sep 26 13:10:11 IDT 2025, 168 W
Fri Sep 26 13:10:11 IDT 2025, 195 W
Fri Sep 26 13:10:11 IDT 2025, 163 W
Fri Sep 26 13:10:11 IDT 2025, 165 W
Fri Sep 26 13:10:11 IDT 2025, 195 W
Fri Sep 26 13:10:11 IDT 2025, 181 W
Fri Sep 26 13:10:11 IDT 2025, 159 W
Fri Sep 26 13:10:12 IDT 2025, 176 W
Fri Sep 26 13:10:12 IDT 2025, 178 W
Fri Sep 26 13:10:12 IDT 2025, 209 W
Fri Sep 26 13:10:12 IDT 2025, 166 W
Fri Sep 26 13:10:12 IDT 2025, 178 W
Fri Sep 26 13:10:12 IDT 2025, 205 W
Fri Sep 26 13:10:12 IDT 2025, 182 W
Fri Sep 26 13:10:12 IDT 2025, 170 W
Fri Sep 26 13:10:13 IDT 2025, 172 W
Fri Sep 26 13:10:13 IDT 2025, 172 W
Fri Sep 26 13:10:13 IDT 2025, 214 W
Fri Sep 26 13:10:13 IDT 2025, 167 W
Fri Sep 26 13:10:13 IDT 2025, 179 W
Fri Sep 26 13:10:13 IDT 2025, 214 W
Fri Sep 26 13:10:13 IDT 2025, 184 W
Fri Sep 26 13:10:13 IDT 2025, 164 W
Fri Sep 26 13:10:14 IDT 2025, 167 W
Fri Sep 26 13:10:14 IDT 2025, 169 W
Fri Sep 26 13:10:14 IDT 2025, 199 W
Fri Sep 26 13:10:14 IDT 2025, 160 W
Fri Sep 26 13:10:14 IDT 2025, 170 W
Fri Sep 26 13:10:14 IDT 2025, 203 W
Fri Sep 26 13:10:14 IDT 2025, 178 W
Fri Sep 26 13:10:14 IDT 2025, 164 W
Fri Sep 26 13:10:15 IDT 2025, 193 W
Fri Sep 26 13:10:15 IDT 2025, 181 W
Fri Sep 26 13:10:15 IDT 2025, 207 W
Fri Sep 26 13:10:15 IDT 2025, 175 W
Fri Sep 26 13:10:15 IDT 2025, 178 W
Fri Sep 26 13:10:15 IDT 2025, 214 W
Fri Sep 26 13:10:15 IDT 2025, 185 W
Fri Sep 26 13:10:15 IDT 2025, 174 W
Fri Sep 26 13:10:16 IDT 2025, 182 W
Fri Sep 26 13:10:16 IDT 2025, 180 W
Fri Sep 26 13:10:16 IDT 2025, 215 W
Fri Sep 26 13:10:16 IDT 2025, 167 W
Fri Sep 26 13:10:16 IDT 2025, 182 W
Fri Sep 26 13:10:16 IDT 2025, 211 W
Fri Sep 26 13:10:16 IDT 2025, 184 W
Fri Sep 26 13:10:16 IDT 2025, 162 W
Fri Sep 26 13:10:17 IDT 2025, 166 W
Fri Sep 26 13:10:17 IDT 2025, 164 W
Fri Sep 26 13:10:17 IDT 2025, 197 W
Fri Sep 26 13:10:17 IDT 2025, 154 W
Fri Sep 26 13:10:17 IDT 2025, 150 W
Fri Sep 26 13:10:17 IDT 2025, 191 W
Fri Sep 26 13:10:17 IDT 2025, 167 W
Fri Sep 26 13:10:17 IDT 2025, 149 W
Fri Sep 26 13:10:18 IDT 2025, 166 W
Fri Sep 26 13:10:18 IDT 2025, 167 W
Fri Sep 26 13:10:18 IDT 2025, 197 W
Fri Sep 26 13:10:18 IDT 2025, 155 W
Fri Sep 26 13:10:18 IDT 2025, 164 W
Fri Sep 26 13:10:18 IDT 2025, 201 W
Fri Sep 26 13:10:18 IDT 2025, 158 W
Fri Sep 26 13:10:18 IDT 2025, 143 W
Fri Sep 26 13:10:19 IDT 2025, 191 W
Fri Sep 26 13:10:19 IDT 2025, 196 W
Fri Sep 26 13:10:19 IDT 2025, 227 W
Fri Sep 26 13:10:19 IDT 2025, 184 W
Fri Sep 26 13:10:19 IDT 2025, 195 W
Fri Sep 26 13:10:19 IDT 2025, 212 W
Fri Sep 26 13:10:19 IDT 2025, 191 W
Fri Sep 26 13:10:19 IDT 2025, 174 W
Fri Sep 26 13:10:20 IDT 2025, 178 W
Fri Sep 26 13:10:20 IDT 2025, 168 W
Fri Sep 26 13:10:20 IDT 2025, 207 W
Fri Sep 26 13:10:20 IDT 2025, 164 W
Fri Sep 26 13:10:20 IDT 2025, 163 W
Fri Sep 26 13:10:20 IDT 2025, 198 W
Fri Sep 26 13:10:20 IDT 2025, 172 W
Fri Sep 26 13:10:20 IDT 2025, 156 W
Fri Sep 26 13:10:21 IDT 2025, 172 W
Fri Sep 26 13:10:21 IDT 2025, 162 W
Fri Sep 26 13:10:21 IDT 2025, 202 W
Fri Sep 26 13:10:21 IDT 2025, 165 W
Fri Sep 26 13:10:21 IDT 2025, 163 W
Fri Sep 26 13:10:21 IDT 2025, 201 W
Fri Sep 26 13:10:21 IDT 2025, 176 W
Fri Sep 26 13:10:21 IDT 2025, 150 W
Fri Sep 26 13:10:22 IDT 2025, 181 W
Fri Sep 26 13:10:22 IDT 2025, 172 W
Fri Sep 26 13:10:22 IDT 2025, 209 W
Fri Sep 26 13:10:22 IDT 2025, 165 W
Fri Sep 26 13:10:22 IDT 2025, 179 W
Fri Sep 26 13:10:22 IDT 2025, 201 W
Fri Sep 26 13:10:22 IDT 2025, 182 W
Fri Sep 26 13:10:22 IDT 2025, 164 W
Fri Sep 26 13:10:23 IDT 2025, 157 W
Fri Sep 26 13:10:23 IDT 2025, 159 W
Fri Sep 26 13:10:23 IDT 2025, 192 W
Fri Sep 26 13:10:23 IDT 2025, 146 W
Fri Sep 26 13:10:23 IDT 2025, 160 W
Fri Sep 26 13:10:23 IDT 2025, 193 W
Fri Sep 26 13:10:23 IDT 2025, 165 W
Fri Sep 26 13:10:23 IDT 2025, 153 W
Fri Sep 26 13:10:24 IDT 2025, 178 W
Fri Sep 26 13:10:24 IDT 2025, 181 W
Fri Sep 26 13:10:24 IDT 2025, 214 W
Fri Sep 26 13:10:24 IDT 2025, 172 W
Fri Sep 26 13:10:24 IDT 2025, 178 W
Fri Sep 26 13:10:24 IDT 2025, 212 W
Fri Sep 26 13:10:24 IDT 2025, 190 W
Fri Sep 26 13:10:24 IDT 2025, 168 W
Fri Sep 26 13:10:25 IDT 2025, 182 W
Fri Sep 26 13:10:25 IDT 2025, 181 W
Fri Sep 26 13:10:25 IDT 2025, 214 W
Fri Sep 26 13:10:25 IDT 2025, 179 W
Fri Sep 26 13:10:25 IDT 2025, 170 W
Fri Sep 26 13:10:25 IDT 2025, 205 W
Fri Sep 26 13:10:25 IDT 2025, 187 W
Fri Sep 26 13:10:25 IDT 2025, 165 W
Fri Sep 26 13:10:26 IDT 2025, 192 W
Fri Sep 26 13:10:26 IDT 2025, 183 W
Fri Sep 26 13:10:26 IDT 2025, 218 W
Fri Sep 26 13:10:26 IDT 2025, 178 W
Fri Sep 26 13:10:26 IDT 2025, 189 W
Fri Sep 26 13:10:26 IDT 2025, 206 W
Fri Sep 26 13:10:26 IDT 2025, 190 W
Fri Sep 26 13:10:26 IDT 2025, 171 W
Fri Sep 26 13:10:27 IDT 2025, 171 W
Fri Sep 26 13:10:27 IDT 2025, 182 W
Fri Sep 26 13:10:27 IDT 2025, 210 W
Fri Sep 26 13:10:27 IDT 2025, 169 W
Fri Sep 26 13:10:27 IDT 2025, 178 W
Fri Sep 26 13:10:27 IDT 2025, 202 W
Fri Sep 26 13:10:27 IDT 2025, 182 W
Fri Sep 26 13:10:27 IDT 2025, 156 W
Fri Sep 26 13:10:28 IDT 2025, 175 W
Fri Sep 26 13:10:28 IDT 2025, 175 W
Fri Sep 26 13:10:28 IDT 2025, 197 W
Fri Sep 26 13:10:28 IDT 2025, 172 W
Fri Sep 26 13:10:28 IDT 2025, 173 W
Fri Sep 26 13:10:28 IDT 2025, 205 W
Fri Sep 26 13:10:28 IDT 2025, 172 W
Fri Sep 26 13:10:28 IDT 2025, 163 W
Fri Sep 26 13:10:29 IDT 2025, 183 W
Fri Sep 26 13:10:29 IDT 2025, 177 W
Fri Sep 26 13:10:29 IDT 2025, 208 W
Fri Sep 26 13:10:29 IDT 2025, 170 W
Fri Sep 26 13:10:29 IDT 2025, 184 W
Fri Sep 26 13:10:29 IDT 2025, 209 W
Fri Sep 26 13:10:29 IDT 2025, 177 W
Fri Sep 26 13:10:29 IDT 2025, 164 W
Fri Sep 26 13:10:30 IDT 2025, 175 W
Fri Sep 26 13:10:30 IDT 2025, 165 W
Fri Sep 26 13:10:30 IDT 2025, 206 W
Fri Sep 26 13:10:30 IDT 2025, 170 W
Fri Sep 26 13:10:30 IDT 2025, 175 W
Fri Sep 26 13:10:30 IDT 2025, 203 W
Fri Sep 26 13:10:30 IDT 2025, 180 W
Fri Sep 26 13:10:30 IDT 2025, 163 W
Fri Sep 26 13:10:31 IDT 2025, 188 W
Fri Sep 26 13:10:31 IDT 2025, 180 W
Fri Sep 26 13:10:31 IDT 2025, 222 W
Fri Sep 26 13:10:31 IDT 2025, 184 W
Fri Sep 26 13:10:31 IDT 2025, 192 W
Fri Sep 26 13:10:31 IDT 2025, 218 W
Fri Sep 26 13:10:31 IDT 2025, 197 W
Fri Sep 26 13:10:31 IDT 2025, 176 W
Fri Sep 26 13:10:32 IDT 2025, 162 W
Fri Sep 26 13:10:32 IDT 2025, 165 W
Fri Sep 26 13:10:32 IDT 2025, 191 W
Fri Sep 26 13:10:32 IDT 2025, 150 W
Fri Sep 26 13:10:32 IDT 2025, 165 W
Fri Sep 26 13:10:32 IDT 2025, 188 W
Fri Sep 26 13:10:32 IDT 2025, 168 W
Fri Sep 26 13:10:32 IDT 2025, 151 W
Fri Sep 26 13:10:33 IDT 2025, 174 W
Fri Sep 26 13:10:33 IDT 2025, 167 W
Fri Sep 26 13:10:33 IDT 2025, 199 W
Fri Sep 26 13:10:33 IDT 2025, 160 W
Fri Sep 26 13:10:33 IDT 2025, 169 W
Fri Sep 26 13:10:33 IDT 2025, 199 W
Fri Sep 26 13:10:33 IDT 2025, 170 W
Fri Sep 26 13:10:33 IDT 2025, 156 W
Fri Sep 26 13:10:34 IDT 2025, 158 W
Fri Sep 26 13:10:34 IDT 2025, 155 W
Fri Sep 26 13:10:34 IDT 2025, 193 W
Fri Sep 26 13:10:34 IDT 2025, 159 W
Fri Sep 26 13:10:34 IDT 2025, 152 W
Fri Sep 26 13:10:34 IDT 2025, 190 W
Fri Sep 26 13:10:34 IDT 2025, 167 W
Fri Sep 26 13:10:34 IDT 2025, 140 W
Fri Sep 26 13:10:35 IDT 2025, 172 W
Fri Sep 26 13:10:35 IDT 2025, 182 W
Fri Sep 26 13:10:35 IDT 2025, 205 W
Fri Sep 26 13:10:35 IDT 2025, 163 W
Fri Sep 26 13:10:35 IDT 2025, 173 W
Fri Sep 26 13:10:35 IDT 2025, 202 W
Fri Sep 26 13:10:35 IDT 2025, 174 W
Fri Sep 26 13:10:35 IDT 2025, 151 W
Fri Sep 26 13:10:36 IDT 2025, 176 W
Fri Sep 26 13:10:36 IDT 2025, 186 W
Fri Sep 26 13:10:36 IDT 2025, 210 W
Fri Sep 26 13:10:36 IDT 2025, 175 W
Fri Sep 26 13:10:36 IDT 2025, 173 W
Fri Sep 26 13:10:36 IDT 2025, 206 W
Fri Sep 26 13:10:36 IDT 2025, 178 W
Fri Sep 26 13:10:36 IDT 2025, 164 W
Fri Sep 26 13:10:37 IDT 2025, 189 W
Fri Sep 26 13:10:37 IDT 2025, 186 W
Fri Sep 26 13:10:37 IDT 2025, 220 W
Fri Sep 26 13:10:37 IDT 2025, 176 W
Fri Sep 26 13:10:37 IDT 2025, 186 W
Fri Sep 26 13:10:37 IDT 2025, 210 W
Fri Sep 26 13:10:37 IDT 2025, 186 W
Fri Sep 26 13:10:37 IDT 2025, 169 W
Fri Sep 26 13:10:38 IDT 2025, 175 W
Fri Sep 26 13:10:38 IDT 2025, 165 W
Fri Sep 26 13:10:38 IDT 2025, 200 W
Fri Sep 26 13:10:38 IDT 2025, 158 W
Fri Sep 26 13:10:38 IDT 2025, 181 W
Fri Sep 26 13:10:38 IDT 2025, 197 W
Fri Sep 26 13:10:38 IDT 2025, 176 W
Fri Sep 26 13:10:38 IDT 2025, 157 W
Fri Sep 26 13:10:39 IDT 2025, 191 W
Fri Sep 26 13:10:39 IDT 2025, 187 W
Fri Sep 26 13:10:39 IDT 2025, 218 W
Fri Sep 26 13:10:39 IDT 2025, 174 W
Fri Sep 26 13:10:39 IDT 2025, 188 W
Fri Sep 26 13:10:39 IDT 2025, 209 W
Fri Sep 26 13:10:39 IDT 2025, 199 W
Fri Sep 26 13:10:39 IDT 2025, 159 W
Fri Sep 26 13:10:40 IDT 2025, 181 W
Fri Sep 26 13:10:40 IDT 2025, 174 W
Fri Sep 26 13:10:40 IDT 2025, 210 W
Fri Sep 26 13:10:40 IDT 2025, 171 W
Fri Sep 26 13:10:40 IDT 2025, 186 W
Fri Sep 26 13:10:40 IDT 2025, 210 W
Fri Sep 26 13:10:40 IDT 2025, 187 W
Fri Sep 26 13:10:40 IDT 2025, 170 W
Fri Sep 26 13:10:41 IDT 2025, 159 W
Fri Sep 26 13:10:41 IDT 2025, 159 W
Fri Sep 26 13:10:41 IDT 2025, 207 W
Fri Sep 26 13:10:41 IDT 2025, 159 W
Fri Sep 26 13:10:41 IDT 2025, 159 W
Fri Sep 26 13:10:41 IDT 2025, 190 W
Fri Sep 26 13:10:41 IDT 2025, 172 W
Fri Sep 26 13:10:41 IDT 2025, 152 W
Fri Sep 26 13:10:42 IDT 2025, 168 W
Fri Sep 26 13:10:42 IDT 2025, 172 W
Fri Sep 26 13:10:42 IDT 2025, 195 W
Fri Sep 26 13:10:42 IDT 2025, 155 W
Fri Sep 26 13:10:42 IDT 2025, 164 W
Fri Sep 26 13:10:42 IDT 2025, 187 W
Fri Sep 26 13:10:42 IDT 2025, 182 W
Fri Sep 26 13:10:42 IDT 2025, 158 W
Fri Sep 26 13:10:43 IDT 2025, 176 W
Fri Sep 26 13:10:43 IDT 2025, 181 W
Fri Sep 26 13:10:43 IDT 2025, 207 W
Fri Sep 26 13:10:43 IDT 2025, 169 W
Fri Sep 26 13:10:43 IDT 2025, 169 W
Fri Sep 26 13:10:43 IDT 2025, 208 W
Fri Sep 26 13:10:43 IDT 2025, 182 W
Fri Sep 26 13:10:43 IDT 2025, 170 W
Fri Sep 26 13:10:44 IDT 2025, 156 W
Fri Sep 26 13:10:44 IDT 2025, 155 W
Fri Sep 26 13:10:44 IDT 2025, 181 W
Fri Sep 26 13:10:44 IDT 2025, 144 W
Fri Sep 26 13:10:44 IDT 2025, 148 W
Fri Sep 26 13:10:44 IDT 2025, 180 W
Fri Sep 26 13:10:44 IDT 2025, 160 W
Fri Sep 26 13:10:44 IDT 2025, 134 W
Fri Sep 26 13:10:45 IDT 2025, 165 W
Fri Sep 26 13:10:45 IDT 2025, 171 W
Fri Sep 26 13:10:45 IDT 2025, 201 W
Fri Sep 26 13:10:45 IDT 2025, 168 W
Fri Sep 26 13:10:45 IDT 2025, 172 W
Fri Sep 26 13:10:45 IDT 2025, 201 W
Fri Sep 26 13:10:45 IDT 2025, 186 W
Fri Sep 26 13:10:45 IDT 2025, 164 W
Fri Sep 26 13:10:46 IDT 2025, 157 W
Fri Sep 26 13:10:46 IDT 2025, 173 W
Fri Sep 26 13:10:46 IDT 2025, 194 W
Fri Sep 26 13:10:46 IDT 2025, 163 W
Fri Sep 26 13:10:46 IDT 2025, 165 W
Fri Sep 26 13:10:46 IDT 2025, 189 W
Fri Sep 26 13:10:46 IDT 2025, 169 W
Fri Sep 26 13:10:46 IDT 2025, 147 W
Fri Sep 26 13:10:47 IDT 2025, 172 W
Fri Sep 26 13:10:47 IDT 2025, 164 W
Fri Sep 26 13:10:47 IDT 2025, 197 W
Fri Sep 26 13:10:47 IDT 2025, 145 W
Fri Sep 26 13:10:47 IDT 2025, 160 W
Fri Sep 26 13:10:47 IDT 2025, 189 W
Fri Sep 26 13:10:47 IDT 2025, 158 W
Fri Sep 26 13:10:47 IDT 2025, 145 W
Fri Sep 26 13:10:48 IDT 2025, 168 W
Fri Sep 26 13:10:48 IDT 2025, 168 W
Fri Sep 26 13:10:48 IDT 2025, 201 W
Fri Sep 26 13:10:48 IDT 2025, 159 W
Fri Sep 26 13:10:48 IDT 2025, 167 W
Fri Sep 26 13:10:48 IDT 2025, 188 W
Fri Sep 26 13:10:48 IDT 2025, 172 W
Fri Sep 26 13:10:48 IDT 2025, 152 W
Fri Sep 26 13:10:49 IDT 2025, 166 W
Fri Sep 26 13:10:49 IDT 2025, 174 W
Fri Sep 26 13:10:49 IDT 2025, 202 W
Fri Sep 26 13:10:49 IDT 2025, 164 W
Fri Sep 26 13:10:49 IDT 2025, 172 W
Fri Sep 26 13:10:49 IDT 2025, 199 W
Fri Sep 26 13:10:49 IDT 2025, 180 W
Fri Sep 26 13:10:49 IDT 2025, 162 W
Fri Sep 26 13:10:50 IDT 2025, 184 W
Fri Sep 26 13:10:50 IDT 2025, 186 W
Fri Sep 26 13:10:50 IDT 2025, 218 W
Fri Sep 26 13:10:50 IDT 2025, 172 W
Fri Sep 26 13:10:50 IDT 2025, 182 W
Fri Sep 26 13:10:50 IDT 2025, 211 W
Fri Sep 26 13:10:50 IDT 2025, 193 W
Fri Sep 26 13:10:50 IDT 2025, 169 W
Fri Sep 26 13:10:51 IDT 2025, 170 W
Fri Sep 26 13:10:51 IDT 2025, 176 W
Fri Sep 26 13:10:51 IDT 2025, 207 W
Fri Sep 26 13:10:51 IDT 2025, 167 W
Fri Sep 26 13:10:51 IDT 2025, 170 W
Fri Sep 26 13:10:51 IDT 2025, 199 W
Fri Sep 26 13:10:51 IDT 2025, 177 W
Fri Sep 26 13:10:51 IDT 2025, 157 W
Fri Sep 26 13:10:52 IDT 2025, 179 W
Fri Sep 26 13:10:52 IDT 2025, 178 W
Fri Sep 26 13:10:52 IDT 2025, 207 W
Fri Sep 26 13:10:52 IDT 2025, 174 W
Fri Sep 26 13:10:52 IDT 2025, 183 W
Fri Sep 26 13:10:52 IDT 2025, 218 W
Fri Sep 26 13:10:52 IDT 2025, 189 W
Fri Sep 26 13:10:52 IDT 2025, 163 W
Fri Sep 26 13:10:53 IDT 2025, 182 W
Fri Sep 26 13:10:53 IDT 2025, 183 W
Fri Sep 26 13:10:53 IDT 2025, 206 W
Fri Sep 26 13:10:53 IDT 2025, 173 W
Fri Sep 26 13:10:53 IDT 2025, 182 W
Fri Sep 26 13:10:53 IDT 2025, 207 W
Fri Sep 26 13:10:53 IDT 2025, 189 W
Fri Sep 26 13:10:53 IDT 2025, 170 W
Fri Sep 26 13:10:54 IDT 2025, 174 W
Fri Sep 26 13:10:54 IDT 2025, 185 W
Fri Sep 26 13:10:54 IDT 2025, 212 W
Fri Sep 26 13:10:54 IDT 2025, 171 W
Fri Sep 26 13:10:54 IDT 2025, 176 W
Fri Sep 26 13:10:54 IDT 2025, 205 W
Fri Sep 26 13:10:54 IDT 2025, 188 W
Fri Sep 26 13:10:54 IDT 2025, 167 W
Fri Sep 26 13:10:55 IDT 2025, 181 W
Fri Sep 26 13:10:55 IDT 2025, 178 W
Fri Sep 26 13:10:55 IDT 2025, 212 W
Fri Sep 26 13:10:55 IDT 2025, 183 W
Fri Sep 26 13:10:55 IDT 2025, 183 W
Fri Sep 26 13:10:55 IDT 2025, 218 W
Fri Sep 26 13:10:55 IDT 2025, 184 W
Fri Sep 26 13:10:55 IDT 2025, 167 W
Fri Sep 26 13:10:56 IDT 2025, 170 W
Fri Sep 26 13:10:56 IDT 2025, 162 W
Fri Sep 26 13:10:56 IDT 2025, 197 W
Fri Sep 26 13:10:56 IDT 2025, 162 W
Fri Sep 26 13:10:56 IDT 2025, 163 W
Fri Sep 26 13:10:56 IDT 2025, 191 W
Fri Sep 26 13:10:56 IDT 2025, 164 W
Fri Sep 26 13:10:56 IDT 2025, 159 W
Fri Sep 26 13:10:57 IDT 2025, 178 W
Fri Sep 26 13:10:57 IDT 2025, 172 W
Fri Sep 26 13:10:57 IDT 2025, 197 W
Fri Sep 26 13:10:57 IDT 2025, 165 W
Fri Sep 26 13:10:57 IDT 2025, 175 W
Fri Sep 26 13:10:57 IDT 2025, 201 W
Fri Sep 26 13:10:57 IDT 2025, 183 W
Fri Sep 26 13:10:57 IDT 2025, 158 W
Fri Sep 26 13:10:58 IDT 2025, 181 W
Fri Sep 26 13:10:58 IDT 2025, 184 W
Fri Sep 26 13:10:58 IDT 2025, 209 W
Fri Sep 26 13:10:58 IDT 2025, 174 W
Fri Sep 26 13:10:58 IDT 2025, 189 W
Fri Sep 26 13:10:58 IDT 2025, 193 W
Fri Sep 26 13:10:58 IDT 2025, 193 W
Fri Sep 26 13:10:58 IDT 2025, 160 W
Fri Sep 26 13:10:59 IDT 2025, 174 W
Fri Sep 26 13:10:59 IDT 2025, 180 W
Fri Sep 26 13:10:59 IDT 2025, 207 W
Fri Sep 26 13:10:59 IDT 2025, 166 W
Fri Sep 26 13:10:59 IDT 2025, 174 W
Fri Sep 26 13:10:59 IDT 2025, 195 W
Fri Sep 26 13:10:59 IDT 2025, 182 W
Fri Sep 26 13:10:59 IDT 2025, 165 W
Fri Sep 26 13:11:00 IDT 2025, 177 W
Fri Sep 26 13:11:00 IDT 2025, 168 W
Fri Sep 26 13:11:00 IDT 2025, 202 W
Fri Sep 26 13:11:00 IDT 2025, 165 W
Fri Sep 26 13:11:00 IDT 2025, 171 W
Fri Sep 26 13:11:00 IDT 2025, 202 W
Fri Sep 26 13:11:00 IDT 2025, 179 W
Fri Sep 26 13:11:00 IDT 2025, 161 W
Fri Sep 26 13:11:01 IDT 2025, 180 W
Fri Sep 26 13:11:01 IDT 2025, 182 W
Fri Sep 26 13:11:01 IDT 2025, 211 W
Fri Sep 26 13:11:01 IDT 2025, 165 W
Fri Sep 26 13:11:01 IDT 2025, 183 W
Fri Sep 26 13:11:01 IDT 2025, 193 W
Fri Sep 26 13:11:01 IDT 2025, 182 W
Fri Sep 26 13:11:01 IDT 2025, 157 W
Fri Sep 26 13:11:02 IDT 2025, 169 W
Fri Sep 26 13:11:02 IDT 2025, 165 W
Fri Sep 26 13:11:02 IDT 2025, 197 W
Fri Sep 26 13:11:02 IDT 2025, 165 W
Fri Sep 26 13:11:02 IDT 2025, 170 W
Fri Sep 26 13:11:02 IDT 2025, 198 W
Fri Sep 26 13:11:02 IDT 2025, 165 W
Fri Sep 26 13:11:02 IDT 2025, 150 W
Fri Sep 26 13:11:03 IDT 2025, 188 W
Fri Sep 26 13:11:03 IDT 2025, 182 W
Fri Sep 26 13:11:03 IDT 2025, 211 W
Fri Sep 26 13:11:03 IDT 2025, 170 W
Fri Sep 26 13:11:03 IDT 2025, 177 W
Fri Sep 26 13:11:03 IDT 2025, 203 W
Fri Sep 26 13:11:03 IDT 2025, 183 W
Fri Sep 26 13:11:03 IDT 2025, 174 W
Fri Sep 26 13:11:04 IDT 2025, 179 W
Fri Sep 26 13:11:04 IDT 2025, 176 W
Fri Sep 26 13:11:04 IDT 2025, 222 W
Fri Sep 26 13:11:04 IDT 2025, 168 W
Fri Sep 26 13:11:04 IDT 2025, 177 W
Fri Sep 26 13:11:04 IDT 2025, 204 W
Fri Sep 26 13:11:04 IDT 2025, 178 W
Fri Sep 26 13:11:04 IDT 2025, 167 W
Fri Sep 26 13:11:05 IDT 2025, 187 W
Fri Sep 26 13:11:05 IDT 2025, 180 W
Fri Sep 26 13:11:05 IDT 2025, 218 W
Fri Sep 26 13:11:05 IDT 2025, 179 W
Fri Sep 26 13:11:05 IDT 2025, 180 W
Fri Sep 26 13:11:05 IDT 2025, 198 W
Fri Sep 26 13:11:05 IDT 2025, 183 W
Fri Sep 26 13:11:05 IDT 2025, 167 W
Fri Sep 26 13:11:06 IDT 2025, 165 W
Fri Sep 26 13:11:06 IDT 2025, 170 W
Fri Sep 26 13:11:06 IDT 2025, 208 W
Fri Sep 26 13:11:06 IDT 2025, 159 W
Fri Sep 26 13:11:06 IDT 2025, 165 W
Fri Sep 26 13:11:06 IDT 2025, 190 W
Fri Sep 26 13:11:06 IDT 2025, 176 W
Fri Sep 26 13:11:06 IDT 2025, 154 W
Fri Sep 26 13:11:07 IDT 2025, 175 W
Fri Sep 26 13:11:07 IDT 2025, 177 W
Fri Sep 26 13:11:07 IDT 2025, 209 W
Fri Sep 26 13:11:07 IDT 2025, 168 W
Fri Sep 26 13:11:07 IDT 2025, 184 W
Fri Sep 26 13:11:07 IDT 2025, 212 W
Fri Sep 26 13:11:07 IDT 2025, 180 W
Fri Sep 26 13:11:07 IDT 2025, 170 W
Fri Sep 26 13:11:08 IDT 2025, 185 W
Fri Sep 26 13:11:08 IDT 2025, 186 W
Fri Sep 26 13:11:08 IDT 2025, 205 W
Fri Sep 26 13:11:08 IDT 2025, 160 W
Fri Sep 26 13:11:08 IDT 2025, 174 W
Fri Sep 26 13:11:08 IDT 2025, 205 W
Fri Sep 26 13:11:08 IDT 2025, 188 W
Fri Sep 26 13:11:08 IDT 2025, 168 W
Fri Sep 26 13:11:09 IDT 2025, 162 W
Fri Sep 26 13:11:09 IDT 2025, 165 W
Fri Sep 26 13:11:09 IDT 2025, 196 W
Fri Sep 26 13:11:09 IDT 2025, 163 W
Fri Sep 26 13:11:09 IDT 2025, 165 W
Fri Sep 26 13:11:09 IDT 2025, 200 W
Fri Sep 26 13:11:09 IDT 2025, 174 W
Fri Sep 26 13:11:09 IDT 2025, 155 W
Fri Sep 26 13:11:10 IDT 2025, 164 W
Fri Sep 26 13:11:10 IDT 2025, 155 W
Fri Sep 26 13:11:10 IDT 2025, 195 W
Fri Sep 26 13:11:10 IDT 2025, 149 W
Fri Sep 26 13:11:10 IDT 2025, 159 W
Fri Sep 26 13:11:10 IDT 2025, 195 W
Fri Sep 26 13:11:10 IDT 2025, 169 W
Fri Sep 26 13:11:10 IDT 2025, 140 W
Fri Sep 26 13:11:11 IDT 2025, 177 W
Fri Sep 26 13:11:11 IDT 2025, 176 W
Fri Sep 26 13:11:11 IDT 2025, 210 W
Fri Sep 26 13:11:11 IDT 2025, 169 W
Fri Sep 26 13:11:11 IDT 2025, 183 W
Fri Sep 26 13:11:11 IDT 2025, 201 W
Fri Sep 26 13:11:11 IDT 2025, 184 W
Fri Sep 26 13:11:11 IDT 2025, 169 W
Fri Sep 26 13:11:12 IDT 2025, 185 W
Fri Sep 26 13:11:12 IDT 2025, 175 W
Fri Sep 26 13:11:12 IDT 2025, 208 W
Fri Sep 26 13:11:12 IDT 2025, 173 W
Fri Sep 26 13:11:12 IDT 2025, 177 W
Fri Sep 26 13:11:12 IDT 2025, 206 W
Fri Sep 26 13:11:12 IDT 2025, 187 W
Fri Sep 26 13:11:12 IDT 2025, 166 W
Fri Sep 26 13:11:13 IDT 2025, 187 W
Fri Sep 26 13:11:13 IDT 2025, 175 W
Fri Sep 26 13:11:13 IDT 2025, 222 W
Fri Sep 26 13:11:13 IDT 2025, 174 W
Fri Sep 26 13:11:13 IDT 2025, 173 W
Fri Sep 26 13:11:13 IDT 2025, 204 W
Fri Sep 26 13:11:13 IDT 2025, 183 W
Fri Sep 26 13:11:13 IDT 2025, 163 W
Fri Sep 26 13:11:14 IDT 2025, 174 W
Fri Sep 26 13:11:14 IDT 2025, 181 W
Fri Sep 26 13:11:14 IDT 2025, 208 W
Fri Sep 26 13:11:14 IDT 2025, 173 W
Fri Sep 26 13:11:14 IDT 2025, 172 W
Fri Sep 26 13:11:14 IDT 2025, 202 W
Fri Sep 26 13:11:14 IDT 2025, 179 W
Fri Sep 26 13:11:14 IDT 2025, 161 W
Fri Sep 26 13:11:15 IDT 2025, 181 W
Fri Sep 26 13:11:15 IDT 2025, 178 W
Fri Sep 26 13:11:15 IDT 2025, 210 W
Fri Sep 26 13:11:15 IDT 2025, 171 W
Fri Sep 26 13:11:15 IDT 2025, 175 W
Fri Sep 26 13:11:15 IDT 2025, 218 W
Fri Sep 26 13:11:15 IDT 2025, 185 W
Fri Sep 26 13:11:15 IDT 2025, 159 W
Fri Sep 26 13:11:16 IDT 2025, 165 W
Fri Sep 26 13:11:16 IDT 2025, 166 W
Fri Sep 26 13:11:16 IDT 2025, 199 W
Fri Sep 26 13:11:16 IDT 2025, 155 W
Fri Sep 26 13:11:16 IDT 2025, 169 W
Fri Sep 26 13:11:16 IDT 2025, 189 W
Fri Sep 26 13:11:16 IDT 2025, 168 W
Fri Sep 26 13:11:16 IDT 2025, 145 W
Fri Sep 26 13:11:17 IDT 2025, 177 W
Fri Sep 26 13:11:17 IDT 2025, 182 W
Fri Sep 26 13:11:17 IDT 2025, 215 W
Fri Sep 26 13:11:17 IDT 2025, 181 W
Fri Sep 26 13:11:17 IDT 2025, 187 W
Fri Sep 26 13:11:17 IDT 2025, 205 W
Fri Sep 26 13:11:17 IDT 2025, 187 W
Fri Sep 26 13:11:17 IDT 2025, 167 W
Fri Sep 26 13:11:18 IDT 2025, 160 W
Fri Sep 26 13:11:18 IDT 2025, 143 W
Fri Sep 26 13:11:18 IDT 2025, 190 W
Fri Sep 26 13:11:18 IDT 2025, 156 W
Fri Sep 26 13:11:18 IDT 2025, 156 W
Fri Sep 26 13:11:18 IDT 2025, 186 W
Fri Sep 26 13:11:18 IDT 2025, 164 W
Fri Sep 26 13:11:18 IDT 2025, 147 W
Fri Sep 26 13:11:19 IDT 2025, 167 W
Fri Sep 26 13:11:19 IDT 2025, 159 W
Fri Sep 26 13:11:19 IDT 2025, 198 W
Fri Sep 26 13:11:19 IDT 2025, 159 W
Fri Sep 26 13:11:19 IDT 2025, 164 W
Fri Sep 26 13:11:19 IDT 2025, 205 W
Fri Sep 26 13:11:19 IDT 2025, 167 W
Fri Sep 26 13:11:19 IDT 2025, 147 W
Fri Sep 26 13:11:20 IDT 2025, 176 W
Fri Sep 26 13:11:20 IDT 2025, 172 W
Fri Sep 26 13:11:20 IDT 2025, 202 W
Fri Sep 26 13:11:20 IDT 2025, 163 W
Fri Sep 26 13:11:20 IDT 2025, 170 W
Fri Sep 26 13:11:20 IDT 2025, 205 W
Fri Sep 26 13:11:20 IDT 2025, 177 W
Fri Sep 26 13:11:20 IDT 2025, 144 W
Fri Sep 26 13:11:21 IDT 2025, 166 W
Fri Sep 26 13:11:21 IDT 2025, 174 W
Fri Sep 26 13:11:21 IDT 2025, 207 W
Fri Sep 26 13:11:21 IDT 2025, 167 W
Fri Sep 26 13:11:21 IDT 2025, 162 W
Fri Sep 26 13:11:21 IDT 2025, 193 W
Fri Sep 26 13:11:21 IDT 2025, 175 W
Fri Sep 26 13:11:21 IDT 2025, 159 W
Fri Sep 26 13:11:22 IDT 2025, 169 W
Fri Sep 26 13:11:22 IDT 2025, 173 W
Fri Sep 26 13:11:22 IDT 2025, 184 W
Fri Sep 26 13:11:22 IDT 2025, 159 W
Fri Sep 26 13:11:22 IDT 2025, 169 W
Fri Sep 26 13:11:22 IDT 2025, 194 W
Fri Sep 26 13:11:22 IDT 2025, 165 W
Fri Sep 26 13:11:22 IDT 2025, 161 W
Fri Sep 26 13:11:23 IDT 2025, 174 W
Fri Sep 26 13:11:23 IDT 2025, 180 W
Fri Sep 26 13:11:23 IDT 2025, 203 W
Fri Sep 26 13:11:23 IDT 2025, 172 W
Fri Sep 26 13:11:23 IDT 2025, 169 W
Fri Sep 26 13:11:23 IDT 2025, 205 W
Fri Sep 26 13:11:23 IDT 2025, 185 W
Fri Sep 26 13:11:23 IDT 2025, 164 W
Fri Sep 26 13:11:24 IDT 2025, 172 W
Fri Sep 26 13:11:24 IDT 2025, 172 W
Fri Sep 26 13:11:24 IDT 2025, 211 W
Fri Sep 26 13:11:24 IDT 2025, 172 W
Fri Sep 26 13:11:24 IDT 2025, 169 W
Fri Sep 26 13:11:24 IDT 2025, 201 W
Fri Sep 26 13:11:24 IDT 2025, 177 W
Fri Sep 26 13:11:24 IDT 2025, 166 W
Fri Sep 26 13:11:25 IDT 2025, 180 W
Fri Sep 26 13:11:25 IDT 2025, 173 W
Fri Sep 26 13:11:25 IDT 2025, 214 W
Fri Sep 26 13:11:25 IDT 2025, 168 W
Fri Sep 26 13:11:25 IDT 2025, 175 W
Fri Sep 26 13:11:25 IDT 2025, 200 W
Fri Sep 26 13:11:25 IDT 2025, 177 W
Fri Sep 26 13:11:25 IDT 2025, 157 W
Fri Sep 26 13:11:26 IDT 2025, 169 W
Fri Sep 26 13:11:26 IDT 2025, 169 W
Fri Sep 26 13:11:26 IDT 2025, 200 W
Fri Sep 26 13:11:26 IDT 2025, 163 W
Fri Sep 26 13:11:26 IDT 2025, 160 W
Fri Sep 26 13:11:26 IDT 2025, 199 W
Fri Sep 26 13:11:26 IDT 2025, 168 W
Fri Sep 26 13:11:26 IDT 2025, 153 W
Fri Sep 26 13:11:27 IDT 2025, 165 W
Fri Sep 26 13:11:27 IDT 2025, 169 W
Fri Sep 26 13:11:27 IDT 2025, 202 W
Fri Sep 26 13:11:27 IDT 2025, 156 W
Fri Sep 26 13:11:27 IDT 2025, 164 W
Fri Sep 26 13:11:27 IDT 2025, 189 W
Fri Sep 26 13:11:27 IDT 2025, 168 W
Fri Sep 26 13:11:27 IDT 2025, 150 W
Fri Sep 26 13:11:28 IDT 2025, 152 W
Fri Sep 26 13:11:28 IDT 2025, 171 W
Fri Sep 26 13:11:28 IDT 2025, 194 W
Fri Sep 26 13:11:28 IDT 2025, 165 W
Fri Sep 26 13:11:28 IDT 2025, 168 W
Fri Sep 26 13:11:28 IDT 2025, 189 W
Fri Sep 26 13:11:28 IDT 2025, 173 W
Fri Sep 26 13:11:28 IDT 2025, 150 W
Fri Sep 26 13:11:29 IDT 2025, 166 W
Fri Sep 26 13:11:29 IDT 2025, 163 W
Fri Sep 26 13:11:29 IDT 2025, 191 W
Fri Sep 26 13:11:29 IDT 2025, 156 W
Fri Sep 26 13:11:29 IDT 2025, 158 W
Fri Sep 26 13:11:29 IDT 2025, 197 W
Fri Sep 26 13:11:29 IDT 2025, 168 W
Fri Sep 26 13:11:29 IDT 2025, 151 W
Fri Sep 26 13:11:30 IDT 2025, 172 W
Fri Sep 26 13:11:30 IDT 2025, 167 W
Fri Sep 26 13:11:30 IDT 2025, 207 W
Fri Sep 26 13:11:30 IDT 2025, 165 W
Fri Sep 26 13:11:30 IDT 2025, 165 W
Fri Sep 26 13:11:30 IDT 2025, 207 W
Fri Sep 26 13:11:30 IDT 2025, 177 W
Fri Sep 26 13:11:30 IDT 2025, 152 W
Fri Sep 26 13:11:31 IDT 2025, 171 W
Fri Sep 26 13:11:31 IDT 2025, 171 W
Fri Sep 26 13:11:31 IDT 2025, 210 W
Fri Sep 26 13:11:31 IDT 2025, 170 W
Fri Sep 26 13:11:31 IDT 2025, 169 W
Fri Sep 26 13:11:31 IDT 2025, 201 W
Fri Sep 26 13:11:31 IDT 2025, 184 W
Fri Sep 26 13:11:31 IDT 2025, 162 W
Fri Sep 26 13:11:32 IDT 2025, 169 W
Fri Sep 26 13:11:32 IDT 2025, 161 W
Fri Sep 26 13:11:32 IDT 2025, 198 W
Fri Sep 26 13:11:32 IDT 2025, 158 W
Fri Sep 26 13:11:32 IDT 2025, 159 W
Fri Sep 26 13:11:32 IDT 2025, 198 W
Fri Sep 26 13:11:32 IDT 2025, 178 W
Fri Sep 26 13:11:32 IDT 2025, 147 W
Fri Sep 26 13:11:33 IDT 2025, 172 W
Fri Sep 26 13:11:33 IDT 2025, 169 W
Fri Sep 26 13:11:33 IDT 2025, 202 W
Fri Sep 26 13:11:33 IDT 2025, 162 W
Fri Sep 26 13:11:33 IDT 2025, 166 W
Fri Sep 26 13:11:33 IDT 2025, 212 W
Fri Sep 26 13:11:33 IDT 2025, 179 W
Fri Sep 26 13:11:33 IDT 2025, 153 W
Fri Sep 26 13:11:34 IDT 2025, 166 W
Fri Sep 26 13:11:34 IDT 2025, 177 W
Fri Sep 26 13:11:34 IDT 2025, 201 W
Fri Sep 26 13:11:34 IDT 2025, 164 W
Fri Sep 26 13:11:34 IDT 2025, 161 W
Fri Sep 26 13:11:34 IDT 2025, 202 W
Fri Sep 26 13:11:34 IDT 2025, 178 W
Fri Sep 26 13:11:34 IDT 2025, 155 W
Fri Sep 26 13:11:35 IDT 2025, 165 W
Fri Sep 26 13:11:35 IDT 2025, 171 W
Fri Sep 26 13:11:35 IDT 2025, 210 W
Fri Sep 26 13:11:35 IDT 2025, 169 W
Fri Sep 26 13:11:35 IDT 2025, 167 W
Fri Sep 26 13:11:35 IDT 2025, 196 W
Fri Sep 26 13:11:35 IDT 2025, 170 W
Fri Sep 26 13:11:35 IDT 2025, 159 W
Fri Sep 26 13:11:36 IDT 2025, 160 W
Fri Sep 26 13:11:36 IDT 2025, 164 W
Fri Sep 26 13:11:36 IDT 2025, 199 W
Fri Sep 26 13:11:36 IDT 2025, 160 W
Fri Sep 26 13:11:36 IDT 2025, 153 W
Fri Sep 26 13:11:36 IDT 2025, 192 W
Fri Sep 26 13:11:36 IDT 2025, 172 W
Fri Sep 26 13:11:36 IDT 2025, 141 W
Fri Sep 26 13:11:37 IDT 2025, 166 W
Fri Sep 26 13:11:37 IDT 2025, 168 W
Fri Sep 26 13:11:37 IDT 2025, 201 W
Fri Sep 26 13:11:37 IDT 2025, 157 W
Fri Sep 26 13:11:37 IDT 2025, 156 W
Fri Sep 26 13:11:37 IDT 2025, 197 W
Fri Sep 26 13:11:37 IDT 2025, 165 W
Fri Sep 26 13:11:37 IDT 2025, 151 W
Fri Sep 26 13:11:38 IDT 2025, 172 W
Fri Sep 26 13:11:38 IDT 2025, 173 W
Fri Sep 26 13:11:38 IDT 2025, 197 W
Fri Sep 26 13:11:38 IDT 2025, 158 W
Fri Sep 26 13:11:38 IDT 2025, 171 W
Fri Sep 26 13:11:38 IDT 2025, 196 W
Fri Sep 26 13:11:38 IDT 2025, 171 W
Fri Sep 26 13:11:38 IDT 2025, 155 W
Fri Sep 26 13:11:39 IDT 2025, 174 W
Fri Sep 26 13:11:39 IDT 2025, 178 W
Fri Sep 26 13:11:39 IDT 2025, 212 W
Fri Sep 26 13:11:39 IDT 2025, 175 W
Fri Sep 26 13:11:39 IDT 2025, 168 W
Fri Sep 26 13:11:39 IDT 2025, 207 W
Fri Sep 26 13:11:39 IDT 2025, 189 W
Fri Sep 26 13:11:39 IDT 2025, 160 W
Fri Sep 26 13:11:40 IDT 2025, 180 W
Fri Sep 26 13:11:40 IDT 2025, 178 W
Fri Sep 26 13:11:40 IDT 2025, 208 W
Fri Sep 26 13:11:40 IDT 2025, 167 W
Fri Sep 26 13:11:40 IDT 2025, 175 W
Fri Sep 26 13:11:40 IDT 2025, 216 W
Fri Sep 26 13:11:40 IDT 2025, 182 W
Fri Sep 26 13:11:40 IDT 2025, 169 W
Fri Sep 26 13:11:41 IDT 2025, 173 W
Fri Sep 26 13:11:41 IDT 2025, 161 W
Fri Sep 26 13:11:41 IDT 2025, 202 W
Fri Sep 26 13:11:41 IDT 2025, 156 W
Fri Sep 26 13:11:41 IDT 2025, 166 W
Fri Sep 26 13:11:41 IDT 2025, 193 W
Fri Sep 26 13:11:41 IDT 2025, 168 W
Fri Sep 26 13:11:41 IDT 2025, 159 W
Fri Sep 26 13:11:42 IDT 2025, 157 W
Fri Sep 26 13:11:42 IDT 2025, 157 W
Fri Sep 26 13:11:42 IDT 2025, 192 W
Fri Sep 26 13:11:42 IDT 2025, 153 W
Fri Sep 26 13:11:42 IDT 2025, 159 W
Fri Sep 26 13:11:42 IDT 2025, 196 W
Fri Sep 26 13:11:42 IDT 2025, 162 W
Fri Sep 26 13:11:42 IDT 2025, 148 W
Fri Sep 26 13:11:43 IDT 2025, 177 W
Fri Sep 26 13:11:43 IDT 2025, 174 W
Fri Sep 26 13:11:43 IDT 2025, 211 W
Fri Sep 26 13:11:43 IDT 2025, 175 W
Fri Sep 26 13:11:43 IDT 2025, 180 W
Fri Sep 26 13:11:43 IDT 2025, 207 W
Fri Sep 26 13:11:43 IDT 2025, 196 W
Fri Sep 26 13:11:43 IDT 2025, 163 W
Fri Sep 26 13:11:44 IDT 2025, 162 W
Fri Sep 26 13:11:44 IDT 2025, 169 W
Fri Sep 26 13:11:44 IDT 2025, 198 W
Fri Sep 26 13:11:44 IDT 2025, 154 W
Fri Sep 26 13:11:44 IDT 2025, 170 W
Fri Sep 26 13:11:44 IDT 2025, 198 W
Fri Sep 26 13:11:44 IDT 2025, 173 W
Fri Sep 26 13:11:44 IDT 2025, 152 W
Fri Sep 26 13:11:45 IDT 2025, 182 W
Fri Sep 26 13:11:45 IDT 2025, 181 W
Fri Sep 26 13:11:45 IDT 2025, 213 W
Fri Sep 26 13:11:45 IDT 2025, 172 W
Fri Sep 26 13:11:45 IDT 2025, 185 W
Fri Sep 26 13:11:45 IDT 2025, 214 W
Fri Sep 26 13:11:45 IDT 2025, 182 W
Fri Sep 26 13:11:45 IDT 2025, 163 W
Fri Sep 26 13:11:46 IDT 2025, 165 W
Fri Sep 26 13:11:46 IDT 2025, 163 W
Fri Sep 26 13:11:46 IDT 2025, 207 W
Fri Sep 26 13:11:46 IDT 2025, 161 W
Fri Sep 26 13:11:46 IDT 2025, 155 W
Fri Sep 26 13:11:46 IDT 2025, 197 W
Fri Sep 26 13:11:46 IDT 2025, 167 W
Fri Sep 26 13:11:46 IDT 2025, 152 W
Fri Sep 26 13:11:47 IDT 2025, 165 W
Fri Sep 26 13:11:47 IDT 2025, 166 W
Fri Sep 26 13:11:47 IDT 2025, 198 W
Fri Sep 26 13:11:47 IDT 2025, 162 W
Fri Sep 26 13:11:47 IDT 2025, 178 W
Fri Sep 26 13:11:47 IDT 2025, 199 W
Fri Sep 26 13:11:47 IDT 2025, 164 W
Fri Sep 26 13:11:47 IDT 2025, 151 W
Fri Sep 26 13:11:48 IDT 2025, 161 W
Fri Sep 26 13:11:48 IDT 2025, 165 W
Fri Sep 26 13:11:48 IDT 2025, 187 W
Fri Sep 26 13:11:48 IDT 2025, 158 W
Fri Sep 26 13:11:48 IDT 2025, 172 W
Fri Sep 26 13:11:48 IDT 2025, 189 W
Fri Sep 26 13:11:48 IDT 2025, 155 W
Fri Sep 26 13:11:48 IDT 2025, 156 W
Fri Sep 26 13:11:49 IDT 2025, 177 W
Fri Sep 26 13:11:49 IDT 2025, 180 W
Fri Sep 26 13:11:49 IDT 2025, 204 W
Fri Sep 26 13:11:49 IDT 2025, 166 W
Fri Sep 26 13:11:49 IDT 2025, 172 W
Fri Sep 26 13:11:49 IDT 2025, 203 W
Fri Sep 26 13:11:49 IDT 2025, 173 W
Fri Sep 26 13:11:49 IDT 2025, 156 W
Fri Sep 26 13:11:50 IDT 2025, 179 W
Fri Sep 26 13:11:50 IDT 2025, 189 W
Fri Sep 26 13:11:50 IDT 2025, 214 W
Fri Sep 26 13:11:50 IDT 2025, 168 W
Fri Sep 26 13:11:50 IDT 2025, 178 W
Fri Sep 26 13:11:50 IDT 2025, 216 W
Fri Sep 26 13:11:50 IDT 2025, 185 W
Fri Sep 26 13:11:50 IDT 2025, 169 W
Fri Sep 26 13:11:51 IDT 2025, 163 W
Fri Sep 26 13:11:51 IDT 2025, 160 W
Fri Sep 26 13:11:51 IDT 2025, 196 W
Fri Sep 26 13:11:51 IDT 2025, 145 W
Fri Sep 26 13:11:51 IDT 2025, 154 W
Fri Sep 26 13:11:51 IDT 2025, 184 W
Fri Sep 26 13:11:51 IDT 2025, 160 W
Fri Sep 26 13:11:51 IDT 2025, 144 W
Fri Sep 26 13:11:52 IDT 2025, 153 W
Fri Sep 26 13:11:52 IDT 2025, 151 W
Fri Sep 26 13:11:52 IDT 2025, 191 W
Fri Sep 26 13:11:52 IDT 2025, 143 W
Fri Sep 26 13:11:52 IDT 2025, 157 W
Fri Sep 26 13:11:52 IDT 2025, 185 W
Fri Sep 26 13:11:52 IDT 2025, 169 W
Fri Sep 26 13:11:52 IDT 2025, 144 W
Fri Sep 26 13:11:53 IDT 2025, 171 W
Fri Sep 26 13:11:53 IDT 2025, 176 W
Fri Sep 26 13:11:53 IDT 2025, 202 W
Fri Sep 26 13:11:53 IDT 2025, 164 W
Fri Sep 26 13:11:53 IDT 2025, 175 W
Fri Sep 26 13:11:53 IDT 2025, 208 W
Fri Sep 26 13:11:53 IDT 2025, 187 W
Fri Sep 26 13:11:53 IDT 2025, 162 W
Fri Sep 26 13:11:54 IDT 2025, 161 W
Fri Sep 26 13:11:54 IDT 2025, 161 W
Fri Sep 26 13:11:54 IDT 2025, 188 W
Fri Sep 26 13:11:54 IDT 2025, 150 W
Fri Sep 26 13:11:54 IDT 2025, 146 W
Fri Sep 26 13:11:54 IDT 2025, 184 W
Fri Sep 26 13:11:54 IDT 2025, 163 W
Fri Sep 26 13:11:54 IDT 2025, 152 W
Fri Sep 26 13:11:55 IDT 2025, 167 W
Fri Sep 26 13:11:55 IDT 2025, 171 W
Fri Sep 26 13:11:55 IDT 2025, 202 W
Fri Sep 26 13:11:55 IDT 2025, 158 W
Fri Sep 26 13:11:55 IDT 2025, 164 W
Fri Sep 26 13:11:55 IDT 2025, 204 W
Fri Sep 26 13:11:55 IDT 2025, 171 W
Fri Sep 26 13:11:55 IDT 2025, 160 W
Fri Sep 26 13:11:56 IDT 2025, 176 W
Fri Sep 26 13:11:56 IDT 2025, 177 W
Fri Sep 26 13:11:56 IDT 2025, 206 W
Fri Sep 26 13:11:56 IDT 2025, 171 W
Fri Sep 26 13:11:56 IDT 2025, 171 W
Fri Sep 26 13:11:56 IDT 2025, 198 W
Fri Sep 26 13:11:56 IDT 2025, 176 W
Fri Sep 26 13:11:56 IDT 2025, 161 W
Fri Sep 26 13:11:57 IDT 2025, 166 W
Fri Sep 26 13:11:57 IDT 2025, 172 W
Fri Sep 26 13:11:57 IDT 2025, 198 W
Fri Sep 26 13:11:57 IDT 2025, 159 W
Fri Sep 26 13:11:57 IDT 2025, 163 W
Fri Sep 26 13:11:57 IDT 2025, 193 W
Fri Sep 26 13:11:57 IDT 2025, 176 W
Fri Sep 26 13:11:57 IDT 2025, 153 W
Fri Sep 26 13:11:58 IDT 2025, 161 W
Fri Sep 26 13:11:58 IDT 2025, 158 W
Fri Sep 26 13:11:58 IDT 2025, 185 W
Fri Sep 26 13:11:58 IDT 2025, 154 W
Fri Sep 26 13:11:58 IDT 2025, 149 W
Fri Sep 26 13:11:58 IDT 2025, 193 W
Fri Sep 26 13:11:58 IDT 2025, 162 W
Fri Sep 26 13:11:58 IDT 2025, 152 W
Fri Sep 26 13:11:59 IDT 2025, 173 W
Fri Sep 26 13:11:59 IDT 2025, 181 W
Fri Sep 26 13:11:59 IDT 2025, 208 W
Fri Sep 26 13:11:59 IDT 2025, 168 W
Fri Sep 26 13:11:59 IDT 2025, 169 W
Fri Sep 26 13:11:59 IDT 2025, 203 W
Fri Sep 26 13:11:59 IDT 2025, 188 W
Fri Sep 26 13:11:59 IDT 2025, 161 W
Fri Sep 26 13:12:00 IDT 2025, 164 W
Fri Sep 26 13:12:00 IDT 2025, 178 W
Fri Sep 26 13:12:00 IDT 2025, 201 W
Fri Sep 26 13:12:00 IDT 2025, 165 W
Fri Sep 26 13:12:00 IDT 2025, 175 W
Fri Sep 26 13:12:00 IDT 2025, 196 W
Fri Sep 26 13:12:00 IDT 2025, 177 W
Fri Sep 26 13:12:00 IDT 2025, 155 W
Fri Sep 26 13:12:01 IDT 2025, 168 W
Fri Sep 26 13:12:01 IDT 2025, 181 W
Fri Sep 26 13:12:01 IDT 2025, 206 W
Fri Sep 26 13:12:01 IDT 2025, 164 W
Fri Sep 26 13:12:01 IDT 2025, 179 W
Fri Sep 26 13:12:01 IDT 2025, 198 W
Fri Sep 26 13:12:01 IDT 2025, 187 W
Fri Sep 26 13:12:01 IDT 2025, 163 W
Fri Sep 26 13:12:02 IDT 2025, 157 W
Fri Sep 26 13:12:02 IDT 2025, 163 W
Fri Sep 26 13:12:02 IDT 2025, 198 W
Fri Sep 26 13:12:02 IDT 2025, 155 W
Fri Sep 26 13:12:02 IDT 2025, 165 W
Fri Sep 26 13:12:02 IDT 2025, 189 W
Fri Sep 26 13:12:02 IDT 2025, 172 W
Fri Sep 26 13:12:02 IDT 2025, 147 W
Fri Sep 26 13:12:03 IDT 2025, 158 W
Fri Sep 26 13:12:03 IDT 2025, 163 W
Fri Sep 26 13:12:03 IDT 2025, 192 W
Fri Sep 26 13:12:03 IDT 2025, 155 W
Fri Sep 26 13:12:03 IDT 2025, 160 W
Fri Sep 26 13:12:03 IDT 2025, 187 W
Fri Sep 26 13:12:03 IDT 2025, 166 W
Fri Sep 26 13:12:03 IDT 2025, 144 W
Fri Sep 26 13:12:04 IDT 2025, 159 W
Fri Sep 26 13:12:04 IDT 2025, 164 W
Fri Sep 26 13:12:04 IDT 2025, 184 W
Fri Sep 26 13:12:04 IDT 2025, 151 W
Fri Sep 26 13:12:04 IDT 2025, 159 W
Fri Sep 26 13:12:04 IDT 2025, 184 W
Fri Sep 26 13:12:04 IDT 2025, 167 W
Fri Sep 26 13:12:04 IDT 2025, 138 W
Fri Sep 26 13:12:05 IDT 2025, 172 W
Fri Sep 26 13:12:05 IDT 2025, 173 W
Fri Sep 26 13:12:05 IDT 2025, 201 W
Fri Sep 26 13:12:05 IDT 2025, 171 W
Fri Sep 26 13:12:05 IDT 2025, 168 W
Fri Sep 26 13:12:05 IDT 2025, 202 W
Fri Sep 26 13:12:05 IDT 2025, 180 W
Fri Sep 26 13:12:05 IDT 2025, 161 W
Fri Sep 26 13:12:06 IDT 2025, 174 W
Fri Sep 26 13:12:06 IDT 2025, 178 W
Fri Sep 26 13:12:06 IDT 2025, 205 W
Fri Sep 26 13:12:06 IDT 2025, 165 W
Fri Sep 26 13:12:06 IDT 2025, 175 W
Fri Sep 26 13:12:06 IDT 2025, 200 W
Fri Sep 26 13:12:06 IDT 2025, 172 W
Fri Sep 26 13:12:06 IDT 2025, 155 W
Fri Sep 26 13:12:07 IDT 2025, 164 W
Fri Sep 26 13:12:07 IDT 2025, 159 W
Fri Sep 26 13:12:07 IDT 2025, 194 W
Fri Sep 26 13:12:07 IDT 2025, 158 W
Fri Sep 26 13:12:07 IDT 2025, 159 W
Fri Sep 26 13:12:07 IDT 2025, 195 W
Fri Sep 26 13:12:07 IDT 2025, 170 W
Fri Sep 26 13:12:07 IDT 2025, 146 W
Fri Sep 26 13:12:08 IDT 2025, 169 W
Fri Sep 26 13:12:08 IDT 2025, 184 W
Fri Sep 26 13:12:08 IDT 2025, 209 W
Fri Sep 26 13:12:08 IDT 2025, 167 W
Fri Sep 26 13:12:08 IDT 2025, 174 W
Fri Sep 26 13:12:08 IDT 2025, 215 W
Fri Sep 26 13:12:08 IDT 2025, 184 W
Fri Sep 26 13:12:08 IDT 2025, 164 W
Fri Sep 26 13:12:09 IDT 2025, 173 W
Fri Sep 26 13:12:09 IDT 2025, 174 W
Fri Sep 26 13:12:09 IDT 2025, 206 W
Fri Sep 26 13:12:09 IDT 2025, 168 W
Fri Sep 26 13:12:09 IDT 2025, 169 W
Fri Sep 26 13:12:09 IDT 2025, 214 W
Fri Sep 26 13:12:09 IDT 2025, 180 W
Fri Sep 26 13:12:09 IDT 2025, 164 W
Fri Sep 26 13:12:10 IDT 2025, 186 W
Fri Sep 26 13:12:10 IDT 2025, 186 W
Fri Sep 26 13:12:10 IDT 2025, 217 W
Fri Sep 26 13:12:10 IDT 2025, 175 W
Fri Sep 26 13:12:10 IDT 2025, 183 W
Fri Sep 26 13:12:10 IDT 2025, 208 W
Fri Sep 26 13:12:10 IDT 2025, 190 W
Fri Sep 26 13:12:10 IDT 2025, 170 W
Fri Sep 26 13:12:11 IDT 2025, 167 W
Fri Sep 26 13:12:11 IDT 2025, 167 W
Fri Sep 26 13:12:11 IDT 2025, 198 W
Fri Sep 26 13:12:11 IDT 2025, 161 W
Fri Sep 26 13:12:11 IDT 2025, 166 W
Fri Sep 26 13:12:11 IDT 2025, 192 W
Fri Sep 26 13:12:11 IDT 2025, 170 W
Fri Sep 26 13:12:11 IDT 2025, 150 W
Fri Sep 26 13:12:12 IDT 2025, 184 W
Fri Sep 26 13:12:12 IDT 2025, 180 W
Fri Sep 26 13:12:12 IDT 2025, 209 W
Fri Sep 26 13:12:12 IDT 2025, 177 W
Fri Sep 26 13:12:12 IDT 2025, 177 W
Fri Sep 26 13:12:12 IDT 2025, 208 W
Fri Sep 26 13:12:12 IDT 2025, 177 W
Fri Sep 26 13:12:12 IDT 2025, 169 W
Fri Sep 26 13:12:13 IDT 2025, 183 W
Fri Sep 26 13:12:13 IDT 2025, 190 W
Fri Sep 26 13:12:13 IDT 2025, 210 W
Fri Sep 26 13:12:13 IDT 2025, 171 W
Fri Sep 26 13:12:13 IDT 2025, 169 W
Fri Sep 26 13:12:13 IDT 2025, 213 W
Fri Sep 26 13:12:13 IDT 2025, 184 W
Fri Sep 26 13:12:13 IDT 2025, 167 W
Fri Sep 26 13:12:14 IDT 2025, 186 W
Fri Sep 26 13:12:14 IDT 2025, 185 W
Fri Sep 26 13:12:14 IDT 2025, 214 W
Fri Sep 26 13:12:14 IDT 2025, 175 W
Fri Sep 26 13:12:14 IDT 2025, 179 W
Fri Sep 26 13:12:14 IDT 2025, 207 W
Fri Sep 26 13:12:14 IDT 2025, 181 W
Fri Sep 26 13:12:14 IDT 2025, 171 W
Fri Sep 26 13:12:15 IDT 2025, 173 W
Fri Sep 26 13:12:15 IDT 2025, 169 W
Fri Sep 26 13:12:15 IDT 2025, 202 W
Fri Sep 26 13:12:15 IDT 2025, 167 W
Fri Sep 26 13:12:15 IDT 2025, 168 W
Fri Sep 26 13:12:15 IDT 2025, 197 W
Fri Sep 26 13:12:15 IDT 2025, 178 W
Fri Sep 26 13:12:15 IDT 2025, 151 W
Fri Sep 26 13:12:16 IDT 2025, 151 W
Fri Sep 26 13:12:16 IDT 2025, 156 W
Fri Sep 26 13:12:16 IDT 2025, 183 W
Fri Sep 26 13:12:16 IDT 2025, 150 W
Fri Sep 26 13:12:16 IDT 2025, 152 W
Fri Sep 26 13:12:16 IDT 2025, 188 W
Fri Sep 26 13:12:16 IDT 2025, 168 W
Fri Sep 26 13:12:16 IDT 2025, 146 W
Fri Sep 26 13:12:17 IDT 2025, 164 W
Fri Sep 26 13:12:17 IDT 2025, 166 W
Fri Sep 26 13:12:17 IDT 2025, 190 W
Fri Sep 26 13:12:17 IDT 2025, 159 W
Fri Sep 26 13:12:17 IDT 2025, 163 W
Fri Sep 26 13:12:17 IDT 2025, 196 W
Fri Sep 26 13:12:17 IDT 2025, 168 W
Fri Sep 26 13:12:17 IDT 2025, 150 W
Fri Sep 26 13:12:18 IDT 2025, 183 W
Fri Sep 26 13:12:18 IDT 2025, 184 W
Fri Sep 26 13:12:18 IDT 2025, 203 W
Fri Sep 26 13:12:18 IDT 2025, 167 W
Fri Sep 26 13:12:18 IDT 2025, 186 W
Fri Sep 26 13:12:18 IDT 2025, 212 W
Fri Sep 26 13:12:18 IDT 2025, 188 W
Fri Sep 26 13:12:18 IDT 2025, 164 W
Fri Sep 26 13:12:19 IDT 2025, 188 W
Fri Sep 26 13:12:19 IDT 2025, 177 W
Fri Sep 26 13:12:19 IDT 2025, 205 W
Fri Sep 26 13:12:19 IDT 2025, 173 W
Fri Sep 26 13:12:19 IDT 2025, 187 W
Fri Sep 26 13:12:19 IDT 2025, 213 W
Fri Sep 26 13:12:19 IDT 2025, 185 W
Fri Sep 26 13:12:19 IDT 2025, 162 W
Fri Sep 26 13:12:20 IDT 2025, 184 W
Fri Sep 26 13:12:20 IDT 2025, 181 W
Fri Sep 26 13:12:20 IDT 2025, 212 W
Fri Sep 26 13:12:20 IDT 2025, 170 W
Fri Sep 26 13:12:20 IDT 2025, 182 W
Fri Sep 26 13:12:20 IDT 2025, 214 W
Fri Sep 26 13:12:20 IDT 2025, 191 W
Fri Sep 26 13:12:20 IDT 2025, 169 W
Fri Sep 26 13:12:21 IDT 2025, 173 W
Fri Sep 26 13:12:21 IDT 2025, 176 W
Fri Sep 26 13:12:21 IDT 2025, 209 W
Fri Sep 26 13:12:21 IDT 2025, 160 W
Fri Sep 26 13:12:21 IDT 2025, 179 W
Fri Sep 26 13:12:21 IDT 2025, 210 W
Fri Sep 26 13:12:21 IDT 2025, 176 W
Fri Sep 26 13:12:21 IDT 2025, 164 W
Fri Sep 26 13:12:22 IDT 2025, 178 W
Fri Sep 26 13:12:22 IDT 2025, 178 W
Fri Sep 26 13:12:22 IDT 2025, 214 W
Fri Sep 26 13:12:22 IDT 2025, 167 W
Fri Sep 26 13:12:22 IDT 2025, 179 W
Fri Sep 26 13:12:22 IDT 2025, 208 W
Fri Sep 26 13:12:22 IDT 2025, 186 W
Fri Sep 26 13:12:22 IDT 2025, 170 W
Fri Sep 26 13:12:23 IDT 2025, 186 W
Fri Sep 26 13:12:23 IDT 2025, 185 W
Fri Sep 26 13:12:23 IDT 2025, 220 W
Fri Sep 26 13:12:23 IDT 2025, 167 W
Fri Sep 26 13:12:23 IDT 2025, 188 W
Fri Sep 26 13:12:23 IDT 2025, 208 W
Fri Sep 26 13:12:23 IDT 2025, 190 W
Fri Sep 26 13:12:23 IDT 2025, 168 W
Fri Sep 26 13:12:24 IDT 2025, 169 W
Fri Sep 26 13:12:24 IDT 2025, 172 W
Fri Sep 26 13:12:24 IDT 2025, 196 W
Fri Sep 26 13:12:24 IDT 2025, 150 W
Fri Sep 26 13:12:24 IDT 2025, 157 W
Fri Sep 26 13:12:24 IDT 2025, 197 W
Fri Sep 26 13:12:24 IDT 2025, 169 W
Fri Sep 26 13:12:24 IDT 2025, 150 W
Fri Sep 26 13:12:25 IDT 2025, 163 W
Fri Sep 26 13:12:25 IDT 2025, 169 W
Fri Sep 26 13:12:25 IDT 2025, 194 W
Fri Sep 26 13:12:25 IDT 2025, 153 W
Fri Sep 26 13:12:25 IDT 2025, 161 W
Fri Sep 26 13:12:25 IDT 2025, 191 W
Fri Sep 26 13:12:25 IDT 2025, 171 W
Fri Sep 26 13:12:25 IDT 2025, 146 W
Fri Sep 26 13:12:26 IDT 2025, 166 W
Fri Sep 26 13:12:26 IDT 2025, 167 W
Fri Sep 26 13:12:26 IDT 2025, 198 W
Fri Sep 26 13:12:26 IDT 2025, 164 W
Fri Sep 26 13:12:26 IDT 2025, 169 W
Fri Sep 26 13:12:26 IDT 2025, 203 W
Fri Sep 26 13:12:26 IDT 2025, 176 W
Fri Sep 26 13:12:26 IDT 2025, 156 W
Fri Sep 26 13:12:27 IDT 2025, 172 W
Fri Sep 26 13:12:27 IDT 2025, 170 W
Fri Sep 26 13:12:27 IDT 2025, 200 W
Fri Sep 26 13:12:27 IDT 2025, 164 W
Fri Sep 26 13:12:27 IDT 2025, 165 W
Fri Sep 26 13:12:27 IDT 2025, 196 W
Fri Sep 26 13:12:27 IDT 2025, 175 W
Fri Sep 26 13:12:27 IDT 2025, 161 W
Fri Sep 26 13:12:28 IDT 2025, 172 W
Fri Sep 26 13:12:28 IDT 2025, 163 W
Fri Sep 26 13:12:28 IDT 2025, 203 W
Fri Sep 26 13:12:28 IDT 2025, 160 W
Fri Sep 26 13:12:28 IDT 2025, 164 W
Fri Sep 26 13:12:28 IDT 2025, 195 W
Fri Sep 26 13:12:28 IDT 2025, 170 W
Fri Sep 26 13:12:28 IDT 2025, 145 W
Fri Sep 26 13:12:29 IDT 2025, 191 W
Fri Sep 26 13:12:29 IDT 2025, 188 W
Fri Sep 26 13:12:29 IDT 2025, 214 W
Fri Sep 26 13:12:29 IDT 2025, 173 W
Fri Sep 26 13:12:29 IDT 2025, 187 W
Fri Sep 26 13:12:29 IDT 2025, 209 W
Fri Sep 26 13:12:29 IDT 2025, 185 W
Fri Sep 26 13:12:29 IDT 2025, 170 W
Fri Sep 26 13:12:30 IDT 2025, 174 W
Fri Sep 26 13:12:30 IDT 2025, 186 W
Fri Sep 26 13:12:30 IDT 2025, 214 W
Fri Sep 26 13:12:30 IDT 2025, 168 W
Fri Sep 26 13:12:30 IDT 2025, 172 W
Fri Sep 26 13:12:30 IDT 2025, 201 W
Fri Sep 26 13:12:30 IDT 2025, 179 W
Fri Sep 26 13:12:30 IDT 2025, 164 W
Fri Sep 26 13:12:31 IDT 2025, 179 W
Fri Sep 26 13:12:31 IDT 2025, 182 W
Fri Sep 26 13:12:31 IDT 2025, 212 W
Fri Sep 26 13:12:31 IDT 2025, 168 W
Fri Sep 26 13:12:31 IDT 2025, 172 W
Fri Sep 26 13:12:31 IDT 2025, 203 W
Fri Sep 26 13:12:31 IDT 2025, 179 W
Fri Sep 26 13:12:31 IDT 2025, 165 W
Fri Sep 26 13:12:32 IDT 2025, 171 W
Fri Sep 26 13:12:32 IDT 2025, 175 W
Fri Sep 26 13:12:32 IDT 2025, 205 W
Fri Sep 26 13:12:32 IDT 2025, 164 W
Fri Sep 26 13:12:32 IDT 2025, 166 W
Fri Sep 26 13:12:32 IDT 2025, 196 W
Fri Sep 26 13:12:32 IDT 2025, 173 W
Fri Sep 26 13:12:32 IDT 2025, 156 W
Fri Sep 26 13:12:33 IDT 2025, 177 W
Fri Sep 26 13:12:33 IDT 2025, 182 W
Fri Sep 26 13:12:33 IDT 2025, 209 W
Fri Sep 26 13:12:33 IDT 2025, 172 W
Fri Sep 26 13:12:33 IDT 2025, 184 W
Fri Sep 26 13:12:33 IDT 2025, 216 W
Fri Sep 26 13:12:33 IDT 2025, 185 W
Fri Sep 26 13:12:33 IDT 2025, 161 W
Fri Sep 26 13:12:34 IDT 2025, 168 W
Fri Sep 26 13:12:34 IDT 2025, 162 W
Fri Sep 26 13:12:34 IDT 2025, 202 W
Fri Sep 26 13:12:34 IDT 2025, 157 W
Fri Sep 26 13:12:34 IDT 2025, 164 W
Fri Sep 26 13:12:34 IDT 2025, 198 W
Fri Sep 26 13:12:34 IDT 2025, 171 W
Fri Sep 26 13:12:34 IDT 2025, 152 W
Fri Sep 26 13:12:35 IDT 2025, 180 W
Fri Sep 26 13:12:35 IDT 2025, 173 W
Fri Sep 26 13:12:35 IDT 2025, 206 W
Fri Sep 26 13:12:35 IDT 2025, 167 W
Fri Sep 26 13:12:35 IDT 2025, 176 W
Fri Sep 26 13:12:35 IDT 2025, 200 W
Fri Sep 26 13:12:35 IDT 2025, 187 W
Fri Sep 26 13:12:35 IDT 2025, 158 W
Fri Sep 26 13:12:36 IDT 2025, 181 W
Fri Sep 26 13:12:36 IDT 2025, 175 W
Fri Sep 26 13:12:36 IDT 2025, 209 W
Fri Sep 26 13:12:36 IDT 2025, 172 W
Fri Sep 26 13:12:36 IDT 2025, 179 W
Fri Sep 26 13:12:36 IDT 2025, 201 W
Fri Sep 26 13:12:36 IDT 2025, 179 W
Fri Sep 26 13:12:36 IDT 2025, 161 W
Fri Sep 26 13:12:37 IDT 2025, 172 W
Fri Sep 26 13:12:37 IDT 2025, 179 W
Fri Sep 26 13:12:37 IDT 2025, 199 W
Fri Sep 26 13:12:37 IDT 2025, 168 W
Fri Sep 26 13:12:37 IDT 2025, 174 W
Fri Sep 26 13:12:37 IDT 2025, 198 W
Fri Sep 26 13:12:37 IDT 2025, 183 W
Fri Sep 26 13:12:37 IDT 2025, 159 W
Fri Sep 26 13:12:38 IDT 2025, 190 W
Fri Sep 26 13:12:38 IDT 2025, 179 W
Fri Sep 26 13:12:38 IDT 2025, 204 W
Fri Sep 26 13:12:38 IDT 2025, 169 W
Fri Sep 26 13:12:38 IDT 2025, 177 W
Fri Sep 26 13:12:38 IDT 2025, 209 W
Fri Sep 26 13:12:38 IDT 2025, 174 W
Fri Sep 26 13:12:38 IDT 2025, 168 W
Fri Sep 26 13:12:39 IDT 2025, 172 W
Fri Sep 26 13:12:39 IDT 2025, 181 W
Fri Sep 26 13:12:39 IDT 2025, 209 W
Fri Sep 26 13:12:39 IDT 2025, 180 W
Fri Sep 26 13:12:39 IDT 2025, 186 W
Fri Sep 26 13:12:39 IDT 2025, 215 W
Fri Sep 26 13:12:39 IDT 2025, 180 W
Fri Sep 26 13:12:39 IDT 2025, 157 W
Fri Sep 26 13:12:40 IDT 2025, 175 W
Fri Sep 26 13:12:40 IDT 2025, 170 W
Fri Sep 26 13:12:40 IDT 2025, 191 W
Fri Sep 26 13:12:40 IDT 2025, 170 W
Fri Sep 26 13:12:40 IDT 2025, 173 W
Fri Sep 26 13:12:40 IDT 2025, 187 W
Fri Sep 26 13:12:40 IDT 2025, 176 W
Fri Sep 26 13:12:40 IDT 2025, 155 W
Fri Sep 26 13:12:41 IDT 2025, 165 W
Fri Sep 26 13:12:41 IDT 2025, 165 W
Fri Sep 26 13:12:41 IDT 2025, 200 W
Fri Sep 26 13:12:41 IDT 2025, 159 W
Fri Sep 26 13:12:41 IDT 2025, 158 W
Fri Sep 26 13:12:41 IDT 2025, 189 W
Fri Sep 26 13:12:41 IDT 2025, 169 W
Fri Sep 26 13:12:41 IDT 2025, 160 W
Fri Sep 26 13:12:42 IDT 2025, 171 W
Fri Sep 26 13:12:42 IDT 2025, 163 W
Fri Sep 26 13:12:42 IDT 2025, 193 W
Fri Sep 26 13:12:42 IDT 2025, 153 W
Fri Sep 26 13:12:42 IDT 2025, 149 W
Fri Sep 26 13:12:42 IDT 2025, 196 W
Fri Sep 26 13:12:42 IDT 2025, 166 W
Fri Sep 26 13:12:42 IDT 2025, 150 W
Fri Sep 26 13:12:43 IDT 2025, 153 W
Fri Sep 26 13:12:43 IDT 2025, 161 W
Fri Sep 26 13:12:43 IDT 2025, 187 W
Fri Sep 26 13:12:43 IDT 2025, 148 W
Fri Sep 26 13:12:43 IDT 2025, 147 W
Fri Sep 26 13:12:43 IDT 2025, 182 W
Fri Sep 26 13:12:43 IDT 2025, 164 W
Fri Sep 26 13:12:43 IDT 2025, 138 W
Fri Sep 26 13:12:44 IDT 2025, 162 W
Fri Sep 26 13:12:44 IDT 2025, 168 W
Fri Sep 26 13:12:44 IDT 2025, 209 W
Fri Sep 26 13:12:44 IDT 2025, 174 W
Fri Sep 26 13:12:44 IDT 2025, 175 W
Fri Sep 26 13:12:44 IDT 2025, 206 W
Fri Sep 26 13:12:44 IDT 2025, 168 W
Fri Sep 26 13:12:44 IDT 2025, 157 W
Fri Sep 26 13:12:45 IDT 2025, 165 W
Fri Sep 26 13:12:45 IDT 2025, 178 W
Fri Sep 26 13:12:45 IDT 2025, 206 W
Fri Sep 26 13:12:45 IDT 2025, 173 W
Fri Sep 26 13:12:45 IDT 2025, 178 W
Fri Sep 26 13:12:45 IDT 2025, 200 W
Fri Sep 26 13:12:45 IDT 2025, 180 W
Fri Sep 26 13:12:45 IDT 2025, 157 W
Fri Sep 26 13:12:46 IDT 2025, 164 W
Fri Sep 26 13:12:46 IDT 2025, 172 W
Fri Sep 26 13:12:46 IDT 2025, 205 W
Fri Sep 26 13:12:46 IDT 2025, 168 W
Fri Sep 26 13:12:46 IDT 2025, 176 W
Fri Sep 26 13:12:46 IDT 2025, 202 W
Fri Sep 26 13:12:46 IDT 2025, 181 W
Fri Sep 26 13:12:46 IDT 2025, 167 W
Fri Sep 26 13:12:47 IDT 2025, 152 W
Fri Sep 26 13:12:47 IDT 2025, 159 W
Fri Sep 26 13:12:47 IDT 2025, 187 W
Fri Sep 26 13:12:47 IDT 2025, 147 W
Fri Sep 26 13:12:47 IDT 2025, 153 W
Fri Sep 26 13:12:47 IDT 2025, 188 W
Fri Sep 26 13:12:47 IDT 2025, 169 W
Fri Sep 26 13:12:47 IDT 2025, 139 W
Fri Sep 26 13:12:48 IDT 2025, 167 W
Fri Sep 26 13:12:48 IDT 2025, 158 W
Fri Sep 26 13:12:48 IDT 2025, 199 W
Fri Sep 26 13:12:48 IDT 2025, 157 W
Fri Sep 26 13:12:48 IDT 2025, 168 W
Fri Sep 26 13:12:48 IDT 2025, 189 W
Fri Sep 26 13:12:48 IDT 2025, 170 W
Fri Sep 26 13:12:48 IDT 2025, 146 W
Fri Sep 26 13:12:49 IDT 2025, 180 W
Fri Sep 26 13:12:49 IDT 2025, 174 W
Fri Sep 26 13:12:49 IDT 2025, 210 W
Fri Sep 26 13:12:49 IDT 2025, 176 W
Fri Sep 26 13:12:49 IDT 2025, 184 W
Fri Sep 26 13:12:49 IDT 2025, 207 W
Fri Sep 26 13:12:49 IDT 2025, 184 W
Fri Sep 26 13:12:49 IDT 2025, 166 W
Fri Sep 26 13:12:50 IDT 2025, 173 W
Fri Sep 26 13:12:50 IDT 2025, 174 W
Fri Sep 26 13:12:50 IDT 2025, 207 W
Fri Sep 26 13:12:50 IDT 2025, 161 W
Fri Sep 26 13:12:50 IDT 2025, 162 W
Fri Sep 26 13:12:50 IDT 2025, 195 W
Fri Sep 26 13:12:50 IDT 2025, 175 W
Fri Sep 26 13:12:50 IDT 2025, 158 W
Fri Sep 26 13:12:51 IDT 2025, 164 W
Fri Sep 26 13:12:51 IDT 2025, 168 W
Fri Sep 26 13:12:51 IDT 2025, 202 W
Fri Sep 26 13:12:51 IDT 2025, 166 W
Fri Sep 26 13:12:51 IDT 2025, 160 W
Fri Sep 26 13:12:51 IDT 2025, 198 W
Fri Sep 26 13:12:51 IDT 2025, 176 W
Fri Sep 26 13:12:51 IDT 2025, 154 W
Fri Sep 26 13:12:52 IDT 2025, 167 W
Fri Sep 26 13:12:52 IDT 2025, 183 W
Fri Sep 26 13:12:52 IDT 2025, 201 W
Fri Sep 26 13:12:52 IDT 2025, 162 W
Fri Sep 26 13:12:52 IDT 2025, 167 W
Fri Sep 26 13:12:52 IDT 2025, 185 W
Fri Sep 26 13:12:52 IDT 2025, 171 W
Fri Sep 26 13:12:52 IDT 2025, 142 W
Fri Sep 26 13:12:53 IDT 2025, 160 W
Fri Sep 26 13:12:53 IDT 2025, 168 W
Fri Sep 26 13:12:53 IDT 2025, 195 W
Fri Sep 26 13:12:53 IDT 2025, 148 W
Fri Sep 26 13:12:53 IDT 2025, 162 W
Fri Sep 26 13:12:53 IDT 2025, 194 W
Fri Sep 26 13:12:53 IDT 2025, 169 W
Fri Sep 26 13:12:53 IDT 2025, 142 W
Fri Sep 26 13:12:54 IDT 2025, 164 W
Fri Sep 26 13:12:54 IDT 2025, 182 W
Fri Sep 26 13:12:54 IDT 2025, 198 W
Fri Sep 26 13:12:54 IDT 2025, 170 W
Fri Sep 26 13:12:54 IDT 2025, 168 W
Fri Sep 26 13:12:54 IDT 2025, 199 W
Fri Sep 26 13:12:54 IDT 2025, 180 W
Fri Sep 26 13:12:54 IDT 2025, 160 W
Fri Sep 26 13:12:55 IDT 2025, 160 W
Fri Sep 26 13:12:55 IDT 2025, 151 W
Fri Sep 26 13:12:55 IDT 2025, 188 W
Fri Sep 26 13:12:55 IDT 2025, 154 W
Fri Sep 26 13:12:55 IDT 2025, 153 W
Fri Sep 26 13:12:55 IDT 2025, 188 W
Fri Sep 26 13:12:55 IDT 2025, 159 W
Fri Sep 26 13:12:55 IDT 2025, 145 W
Fri Sep 26 13:12:56 IDT 2025, 186 W
Fri Sep 26 13:12:56 IDT 2025, 186 W
Fri Sep 26 13:12:56 IDT 2025, 216 W
Fri Sep 26 13:12:56 IDT 2025, 170 W
Fri Sep 26 13:12:56 IDT 2025, 157 W
Fri Sep 26 13:12:56 IDT 2025, 209 W
Fri Sep 26 13:12:56 IDT 2025, 184 W
Fri Sep 26 13:12:56 IDT 2025, 166 W
Fri Sep 26 13:12:57 IDT 2025, 170 W
Fri Sep 26 13:12:57 IDT 2025, 172 W
Fri Sep 26 13:12:57 IDT 2025, 199 W
Fri Sep 26 13:12:57 IDT 2025, 161 W
Fri Sep 26 13:12:57 IDT 2025, 163 W
Fri Sep 26 13:12:57 IDT 2025, 203 W
Fri Sep 26 13:12:57 IDT 2025, 170 W
Fri Sep 26 13:12:57 IDT 2025, 155 W
Fri Sep 26 13:12:58 IDT 2025, 158 W
Fri Sep 26 13:12:58 IDT 2025, 162 W
Fri Sep 26 13:12:58 IDT 2025, 199 W
Fri Sep 26 13:12:58 IDT 2025, 156 W
Fri Sep 26 13:12:58 IDT 2025, 164 W
Fri Sep 26 13:12:58 IDT 2025, 197 W
Fri Sep 26 13:12:58 IDT 2025, 165 W
Fri Sep 26 13:12:58 IDT 2025, 153 W
Fri Sep 26 13:12:59 IDT 2025, 185 W
Fri Sep 26 13:12:59 IDT 2025, 176 W
Fri Sep 26 13:12:59 IDT 2025, 215 W
Fri Sep 26 13:12:59 IDT 2025, 180 W
Fri Sep 26 13:12:59 IDT 2025, 179 W
Fri Sep 26 13:12:59 IDT 2025, 210 W
Fri Sep 26 13:12:59 IDT 2025, 188 W
Fri Sep 26 13:12:59 IDT 2025, 173 W
Fri Sep 26 13:13:00 IDT 2025, 168 W
Fri Sep 26 13:13:00 IDT 2025, 166 W
Fri Sep 26 13:13:00 IDT 2025, 196 W
Fri Sep 26 13:13:00 IDT 2025, 164 W
Fri Sep 26 13:13:00 IDT 2025, 174 W
Fri Sep 26 13:13:00 IDT 2025, 197 W
Fri Sep 26 13:13:00 IDT 2025, 173 W
Fri Sep 26 13:13:00 IDT 2025, 164 W
Fri Sep 26 13:13:01 IDT 2025, 180 W
Fri Sep 26 13:13:01 IDT 2025, 163 W
Fri Sep 26 13:13:01 IDT 2025, 198 W
Fri Sep 26 13:13:01 IDT 2025, 165 W
Fri Sep 26 13:13:01 IDT 2025, 170 W
Fri Sep 26 13:13:01 IDT 2025, 207 W
Fri Sep 26 13:13:01 IDT 2025, 184 W
Fri Sep 26 13:13:01 IDT 2025, 157 W
Fri Sep 26 13:13:02 IDT 2025, 184 W
Fri Sep 26 13:13:02 IDT 2025, 182 W
Fri Sep 26 13:13:02 IDT 2025, 217 W
Fri Sep 26 13:13:02 IDT 2025, 176 W
Fri Sep 26 13:13:02 IDT 2025, 174 W
Fri Sep 26 13:13:02 IDT 2025, 208 W
Fri Sep 26 13:13:02 IDT 2025, 181 W
Fri Sep 26 13:13:02 IDT 2025, 170 W
Fri Sep 26 13:13:03 IDT 2025, 187 W
Fri Sep 26 13:13:03 IDT 2025, 177 W
Fri Sep 26 13:13:03 IDT 2025, 210 W
Fri Sep 26 13:13:03 IDT 2025, 173 W
Fri Sep 26 13:13:03 IDT 2025, 172 W
Fri Sep 26 13:13:03 IDT 2025, 208 W
Fri Sep 26 13:13:03 IDT 2025, 179 W
Fri Sep 26 13:13:03 IDT 2025, 168 W
Fri Sep 26 13:13:04 IDT 2025, 165 W
Fri Sep 26 13:13:04 IDT 2025, 171 W
Fri Sep 26 13:13:04 IDT 2025, 208 W
Fri Sep 26 13:13:04 IDT 2025, 174 W
Fri Sep 26 13:13:04 IDT 2025, 180 W
Fri Sep 26 13:13:04 IDT 2025, 202 W
Fri Sep 26 13:13:04 IDT 2025, 179 W
Fri Sep 26 13:13:04 IDT 2025, 165 W
Fri Sep 26 13:13:05 IDT 2025, 164 W
Fri Sep 26 13:13:05 IDT 2025, 177 W
Fri Sep 26 13:13:05 IDT 2025, 208 W
Fri Sep 26 13:13:05 IDT 2025, 165 W
Fri Sep 26 13:13:05 IDT 2025, 182 W
Fri Sep 26 13:13:05 IDT 2025, 205 W
Fri Sep 26 13:13:05 IDT 2025, 186 W
Fri Sep 26 13:13:05 IDT 2025, 160 W
Fri Sep 26 13:13:06 IDT 2025, 172 W
Fri Sep 26 13:13:06 IDT 2025, 165 W
Fri Sep 26 13:13:06 IDT 2025, 205 W
Fri Sep 26 13:13:06 IDT 2025, 170 W
Fri Sep 26 13:13:06 IDT 2025, 166 W
Fri Sep 26 13:13:06 IDT 2025, 204 W
Fri Sep 26 13:13:06 IDT 2025, 178 W
Fri Sep 26 13:13:06 IDT 2025, 157 W
Fri Sep 26 13:13:07 IDT 2025, 187 W
Fri Sep 26 13:13:07 IDT 2025, 180 W
Fri Sep 26 13:13:07 IDT 2025, 218 W
Fri Sep 26 13:13:07 IDT 2025, 163 W
Fri Sep 26 13:13:07 IDT 2025, 178 W
Fri Sep 26 13:13:07 IDT 2025, 204 W
Fri Sep 26 13:13:07 IDT 2025, 189 W
Fri Sep 26 13:13:07 IDT 2025, 162 W
Fri Sep 26 13:13:08 IDT 2025, 171 W
Fri Sep 26 13:13:08 IDT 2025, 174 W
Fri Sep 26 13:13:08 IDT 2025, 208 W
Fri Sep 26 13:13:08 IDT 2025, 174 W
Fri Sep 26 13:13:08 IDT 2025, 186 W
Fri Sep 26 13:13:08 IDT 2025, 210 W
Fri Sep 26 13:13:08 IDT 2025, 186 W
Fri Sep 26 13:13:08 IDT 2025, 165 W
Fri Sep 26 13:13:09 IDT 2025, 182 W
Fri Sep 26 13:13:09 IDT 2025, 191 W
Fri Sep 26 13:13:09 IDT 2025, 220 W
Fri Sep 26 13:13:09 IDT 2025, 184 W
Fri Sep 26 13:13:09 IDT 2025, 195 W
Fri Sep 26 13:13:09 IDT 2025, 215 W
Fri Sep 26 13:13:09 IDT 2025, 193 W
Fri Sep 26 13:13:09 IDT 2025, 174 W
Fri Sep 26 13:13:10 IDT 2025, 166 W
Fri Sep 26 13:13:10 IDT 2025, 173 W
Fri Sep 26 13:13:10 IDT 2025, 211 W
Fri Sep 26 13:13:10 IDT 2025, 173 W
Fri Sep 26 13:13:10 IDT 2025, 172 W
Fri Sep 26 13:13:10 IDT 2025, 207 W
Fri Sep 26 13:13:10 IDT 2025, 178 W
Fri Sep 26 13:13:10 IDT 2025, 160 W
Fri Sep 26 13:13:11 IDT 2025, 170 W
Fri Sep 26 13:13:11 IDT 2025, 171 W
Fri Sep 26 13:13:11 IDT 2025, 198 W
Fri Sep 26 13:13:11 IDT 2025, 153 W
Fri Sep 26 13:13:11 IDT 2025, 159 W
Fri Sep 26 13:13:11 IDT 2025, 182 W
Fri Sep 26 13:13:11 IDT 2025, 168 W
Fri Sep 26 13:13:11 IDT 2025, 145 W
Fri Sep 26 13:13:12 IDT 2025, 179 W
Fri Sep 26 13:13:12 IDT 2025, 179 W
Fri Sep 26 13:13:12 IDT 2025, 204 W
Fri Sep 26 13:13:12 IDT 2025, 165 W
Fri Sep 26 13:13:12 IDT 2025, 160 W
Fri Sep 26 13:13:12 IDT 2025, 200 W
Fri Sep 26 13:13:12 IDT 2025, 181 W
Fri Sep 26 13:13:12 IDT 2025, 161 W
Fri Sep 26 13:13:13 IDT 2025, 193 W
Fri Sep 26 13:13:13 IDT 2025, 190 W
Fri Sep 26 13:13:13 IDT 2025, 229 W
Fri Sep 26 13:13:13 IDT 2025, 185 W
Fri Sep 26 13:13:13 IDT 2025, 196 W
Fri Sep 26 13:13:13 IDT 2025, 235 W
Fri Sep 26 13:13:13 IDT 2025, 187 W
Fri Sep 26 13:13:13 IDT 2025, 179 W
Fri Sep 26 13:13:14 IDT 2025, 173 W
Fri Sep 26 13:13:14 IDT 2025, 179 W
Fri Sep 26 13:13:14 IDT 2025, 207 W
Fri Sep 26 13:13:14 IDT 2025, 168 W
Fri Sep 26 13:13:14 IDT 2025, 181 W
Fri Sep 26 13:13:14 IDT 2025, 216 W
Fri Sep 26 13:13:14 IDT 2025, 185 W
Fri Sep 26 13:13:14 IDT 2025, 165 W
Fri Sep 26 13:13:15 IDT 2025, 168 W
Fri Sep 26 13:13:15 IDT 2025, 180 W
Fri Sep 26 13:13:15 IDT 2025, 205 W
Fri Sep 26 13:13:15 IDT 2025, 165 W
Fri Sep 26 13:13:15 IDT 2025, 180 W
Fri Sep 26 13:13:15 IDT 2025, 209 W
Fri Sep 26 13:13:15 IDT 2025, 183 W
Fri Sep 26 13:13:15 IDT 2025, 164 W
Fri Sep 26 13:13:16 IDT 2025, 178 W
Fri Sep 26 13:13:16 IDT 2025, 176 W
Fri Sep 26 13:13:16 IDT 2025, 215 W
Fri Sep 26 13:13:16 IDT 2025, 166 W
Fri Sep 26 13:13:16 IDT 2025, 172 W
Fri Sep 26 13:13:16 IDT 2025, 203 W
Fri Sep 26 13:13:16 IDT 2025, 183 W
Fri Sep 26 13:13:16 IDT 2025, 164 W
Fri Sep 26 13:13:17 IDT 2025, 167 W
Fri Sep 26 13:13:17 IDT 2025, 164 W
Fri Sep 26 13:13:17 IDT 2025, 197 W
Fri Sep 26 13:13:17 IDT 2025, 162 W
Fri Sep 26 13:13:17 IDT 2025, 159 W
Fri Sep 26 13:13:17 IDT 2025, 191 W
Fri Sep 26 13:13:17 IDT 2025, 171 W
Fri Sep 26 13:13:17 IDT 2025, 160 W
Fri Sep 26 13:13:18 IDT 2025, 180 W
Fri Sep 26 13:13:18 IDT 2025, 180 W
Fri Sep 26 13:13:18 IDT 2025, 212 W
Fri Sep 26 13:13:18 IDT 2025, 173 W
Fri Sep 26 13:13:18 IDT 2025, 178 W
Fri Sep 26 13:13:18 IDT 2025, 211 W
Fri Sep 26 13:13:18 IDT 2025, 185 W
Fri Sep 26 13:13:18 IDT 2025, 167 W
Fri Sep 26 13:13:19 IDT 2025, 183 W
Fri Sep 26 13:13:19 IDT 2025, 178 W
Fri Sep 26 13:13:19 IDT 2025, 215 W
Fri Sep 26 13:13:19 IDT 2025, 177 W
Fri Sep 26 13:13:19 IDT 2025, 173 W
Fri Sep 26 13:13:19 IDT 2025, 213 W
Fri Sep 26 13:13:19 IDT 2025, 180 W
Fri Sep 26 13:13:19 IDT 2025, 165 W
Fri Sep 26 13:13:20 IDT 2025, 174 W
Fri Sep 26 13:13:20 IDT 2025, 169 W
Fri Sep 26 13:13:20 IDT 2025, 204 W
Fri Sep 26 13:13:20 IDT 2025, 164 W
Fri Sep 26 13:13:20 IDT 2025, 167 W
Fri Sep 26 13:13:20 IDT 2025, 195 W
Fri Sep 26 13:13:20 IDT 2025, 177 W
Fri Sep 26 13:13:20 IDT 2025, 158 W
Fri Sep 26 13:13:21 IDT 2025, 178 W
Fri Sep 26 13:13:21 IDT 2025, 166 W
Fri Sep 26 13:13:21 IDT 2025, 197 W
Fri Sep 26 13:13:21 IDT 2025, 169 W
Fri Sep 26 13:13:21 IDT 2025, 156 W
Fri Sep 26 13:13:21 IDT 2025, 200 W
Fri Sep 26 13:13:21 IDT 2025, 172 W
Fri Sep 26 13:13:21 IDT 2025, 151 W
Fri Sep 26 13:13:22 IDT 2025, 166 W
Fri Sep 26 13:13:22 IDT 2025, 170 W
Fri Sep 26 13:13:22 IDT 2025, 202 W
Fri Sep 26 13:13:22 IDT 2025, 171 W
Fri Sep 26 13:13:22 IDT 2025, 181 W
Fri Sep 26 13:13:22 IDT 2025, 206 W
Fri Sep 26 13:13:22 IDT 2025, 187 W
Fri Sep 26 13:13:22 IDT 2025, 159 W
Fri Sep 26 13:13:23 IDT 2025, 171 W
Fri Sep 26 13:13:23 IDT 2025, 175 W
Fri Sep 26 13:13:23 IDT 2025, 213 W
Fri Sep 26 13:13:23 IDT 2025, 170 W
Fri Sep 26 13:13:23 IDT 2025, 180 W
Fri Sep 26 13:13:23 IDT 2025, 212 W
Fri Sep 26 13:13:23 IDT 2025, 183 W
Fri Sep 26 13:13:23 IDT 2025, 162 W
Fri Sep 26 13:13:24 IDT 2025, 180 W
Fri Sep 26 13:13:24 IDT 2025, 185 W
Fri Sep 26 13:13:24 IDT 2025, 215 W
Fri Sep 26 13:13:24 IDT 2025, 172 W
Fri Sep 26 13:13:24 IDT 2025, 184 W
Fri Sep 26 13:13:24 IDT 2025, 213 W
Fri Sep 26 13:13:24 IDT 2025, 185 W
Fri Sep 26 13:13:24 IDT 2025, 175 W
Fri Sep 26 13:13:25 IDT 2025, 188 W
Fri Sep 26 13:13:25 IDT 2025, 182 W
Fri Sep 26 13:13:25 IDT 2025, 222 W
Fri Sep 26 13:13:25 IDT 2025, 179 W
Fri Sep 26 13:13:25 IDT 2025, 179 W
Fri Sep 26 13:13:25 IDT 2025, 211 W
Fri Sep 26 13:13:25 IDT 2025, 189 W
Fri Sep 26 13:13:25 IDT 2025, 168 W
Fri Sep 26 13:13:26 IDT 2025, 176 W
Fri Sep 26 13:13:26 IDT 2025, 178 W
Fri Sep 26 13:13:26 IDT 2025, 211 W
Fri Sep 26 13:13:26 IDT 2025, 160 W
Fri Sep 26 13:13:26 IDT 2025, 181 W
Fri Sep 26 13:13:26 IDT 2025, 198 W
Fri Sep 26 13:13:26 IDT 2025, 176 W
Fri Sep 26 13:13:26 IDT 2025, 159 W
Fri Sep 26 13:13:27 IDT 2025, 176 W
Fri Sep 26 13:13:27 IDT 2025, 178 W
Fri Sep 26 13:13:27 IDT 2025, 198 W
Fri Sep 26 13:13:27 IDT 2025, 166 W
Fri Sep 26 13:13:27 IDT 2025, 175 W
Fri Sep 26 13:13:27 IDT 2025, 207 W
Fri Sep 26 13:13:27 IDT 2025, 174 W
Fri Sep 26 13:13:27 IDT 2025, 160 W
Fri Sep 26 13:13:28 IDT 2025, 189 W
Fri Sep 26 13:13:28 IDT 2025, 187 W
Fri Sep 26 13:13:28 IDT 2025, 215 W
Fri Sep 26 13:13:28 IDT 2025, 174 W
Fri Sep 26 13:13:28 IDT 2025, 177 W
Fri Sep 26 13:13:28 IDT 2025, 213 W
Fri Sep 26 13:13:28 IDT 2025, 183 W
Fri Sep 26 13:13:28 IDT 2025, 169 W
Fri Sep 26 13:13:29 IDT 2025, 182 W
Fri Sep 26 13:13:29 IDT 2025, 186 W
Fri Sep 26 13:13:29 IDT 2025, 221 W
Fri Sep 26 13:13:29 IDT 2025, 180 W
Fri Sep 26 13:13:29 IDT 2025, 178 W
Fri Sep 26 13:13:29 IDT 2025, 219 W
Fri Sep 26 13:13:29 IDT 2025, 188 W
Fri Sep 26 13:13:29 IDT 2025, 173 W
Fri Sep 26 13:13:30 IDT 2025, 191 W
Fri Sep 26 13:13:30 IDT 2025, 186 W
Fri Sep 26 13:13:30 IDT 2025, 215 W
Fri Sep 26 13:13:30 IDT 2025, 180 W
Fri Sep 26 13:13:30 IDT 2025, 180 W
Fri Sep 26 13:13:30 IDT 2025, 215 W
Fri Sep 26 13:13:30 IDT 2025, 181 W
Fri Sep 26 13:13:30 IDT 2025, 168 W
Fri Sep 26 13:13:31 IDT 2025, 171 W
Fri Sep 26 13:13:31 IDT 2025, 173 W
Fri Sep 26 13:13:31 IDT 2025, 206 W
Fri Sep 26 13:13:31 IDT 2025, 171 W
Fri Sep 26 13:13:31 IDT 2025, 163 W
Fri Sep 26 13:13:31 IDT 2025, 209 W
Fri Sep 26 13:13:31 IDT 2025, 174 W
Fri Sep 26 13:13:31 IDT 2025, 158 W
Fri Sep 26 13:13:32 IDT 2025, 169 W
Fri Sep 26 13:13:32 IDT 2025, 168 W
Fri Sep 26 13:13:32 IDT 2025, 203 W
Fri Sep 26 13:13:32 IDT 2025, 171 W
Fri Sep 26 13:13:32 IDT 2025, 174 W
Fri Sep 26 13:13:32 IDT 2025, 192 W
Fri Sep 26 13:13:32 IDT 2025, 163 W
Fri Sep 26 13:13:32 IDT 2025, 149 W
Fri Sep 26 13:13:33 IDT 2025, 173 W
Fri Sep 26 13:13:33 IDT 2025, 169 W
Fri Sep 26 13:13:33 IDT 2025, 207 W
Fri Sep 26 13:13:33 IDT 2025, 167 W
Fri Sep 26 13:13:33 IDT 2025, 176 W
Fri Sep 26 13:13:33 IDT 2025, 206 W
Fri Sep 26 13:13:33 IDT 2025, 177 W
Fri Sep 26 13:13:33 IDT 2025, 159 W
Fri Sep 26 13:13:34 IDT 2025, 167 W
Fri Sep 26 13:13:34 IDT 2025, 176 W
Fri Sep 26 13:13:34 IDT 2025, 194 W
Fri Sep 26 13:13:34 IDT 2025, 157 W
Fri Sep 26 13:13:34 IDT 2025, 171 W
Fri Sep 26 13:13:34 IDT 2025, 192 W
Fri Sep 26 13:13:34 IDT 2025, 180 W
Fri Sep 26 13:13:34 IDT 2025, 153 W
Fri Sep 26 13:13:35 IDT 2025, 189 W
Fri Sep 26 13:13:35 IDT 2025, 175 W
Fri Sep 26 13:13:35 IDT 2025, 208 W
Fri Sep 26 13:13:35 IDT 2025, 167 W
Fri Sep 26 13:13:35 IDT 2025, 185 W
Fri Sep 26 13:13:35 IDT 2025, 212 W
Fri Sep 26 13:13:35 IDT 2025, 182 W
Fri Sep 26 13:13:35 IDT 2025, 165 W
Fri Sep 26 13:13:36 IDT 2025, 174 W
Fri Sep 26 13:13:36 IDT 2025, 179 W
Fri Sep 26 13:13:36 IDT 2025, 215 W
Fri Sep 26 13:13:36 IDT 2025, 165 W
Fri Sep 26 13:13:36 IDT 2025, 183 W
Fri Sep 26 13:13:36 IDT 2025, 204 W
Fri Sep 26 13:13:36 IDT 2025, 183 W
Fri Sep 26 13:13:36 IDT 2025, 160 W
Fri Sep 26 13:13:37 IDT 2025, 179 W
Fri Sep 26 13:13:37 IDT 2025, 178 W
Fri Sep 26 13:13:37 IDT 2025, 215 W
Fri Sep 26 13:13:37 IDT 2025, 178 W
Fri Sep 26 13:13:37 IDT 2025, 180 W
Fri Sep 26 13:13:37 IDT 2025, 208 W
Fri Sep 26 13:13:37 IDT 2025, 181 W
Fri Sep 26 13:13:37 IDT 2025, 171 W
Fri Sep 26 13:13:38 IDT 2025, 177 W
Fri Sep 26 13:13:38 IDT 2025, 168 W
Fri Sep 26 13:13:38 IDT 2025, 199 W
Fri Sep 26 13:13:38 IDT 2025, 163 W
Fri Sep 26 13:13:38 IDT 2025, 186 W
Fri Sep 26 13:13:38 IDT 2025, 199 W
Fri Sep 26 13:13:38 IDT 2025, 171 W
Fri Sep 26 13:13:38 IDT 2025, 155 W
Fri Sep 26 13:13:39 IDT 2025, 181 W
Fri Sep 26 13:13:39 IDT 2025, 180 W
Fri Sep 26 13:13:39 IDT 2025, 215 W
Fri Sep 26 13:13:39 IDT 2025, 171 W
Fri Sep 26 13:13:39 IDT 2025, 181 W
Fri Sep 26 13:13:39 IDT 2025, 211 W
Fri Sep 26 13:13:39 IDT 2025, 180 W
Fri Sep 26 13:13:39 IDT 2025, 171 W
Fri Sep 26 13:13:40 IDT 2025, 177 W
Fri Sep 26 13:13:40 IDT 2025, 188 W
Fri Sep 26 13:13:40 IDT 2025, 205 W
Fri Sep 26 13:13:40 IDT 2025, 170 W
Fri Sep 26 13:13:40 IDT 2025, 176 W
Fri Sep 26 13:13:40 IDT 2025, 202 W
Fri Sep 26 13:13:40 IDT 2025, 185 W
Fri Sep 26 13:13:40 IDT 2025, 165 W
Fri Sep 26 13:13:41 IDT 2025, 160 W
Fri Sep 26 13:13:41 IDT 2025, 156 W
Fri Sep 26 13:13:41 IDT 2025, 205 W
Fri Sep 26 13:13:41 IDT 2025, 151 W
Fri Sep 26 13:13:41 IDT 2025, 164 W
Fri Sep 26 13:13:41 IDT 2025, 191 W
Fri Sep 26 13:13:41 IDT 2025, 174 W
Fri Sep 26 13:13:41 IDT 2025, 150 W
Fri Sep 26 13:13:42 IDT 2025, 177 W
Fri Sep 26 13:13:42 IDT 2025, 166 W
Fri Sep 26 13:13:42 IDT 2025, 210 W
Fri Sep 26 13:13:42 IDT 2025, 169 W
Fri Sep 26 13:13:42 IDT 2025, 177 W
Fri Sep 26 13:13:42 IDT 2025, 199 W
Fri Sep 26 13:13:42 IDT 2025, 181 W
Fri Sep 26 13:13:42 IDT 2025, 165 W
Fri Sep 26 13:13:43 IDT 2025, 187 W
Fri Sep 26 13:13:43 IDT 2025, 172 W
Fri Sep 26 13:13:43 IDT 2025, 215 W
Fri Sep 26 13:13:43 IDT 2025, 174 W
Fri Sep 26 13:13:43 IDT 2025, 182 W
Fri Sep 26 13:13:43 IDT 2025, 204 W
Fri Sep 26 13:13:43 IDT 2025, 182 W
Fri Sep 26 13:13:43 IDT 2025, 173 W
Fri Sep 26 13:13:44 IDT 2025, 184 W
Fri Sep 26 13:13:44 IDT 2025, 170 W
Fri Sep 26 13:13:44 IDT 2025, 208 W
Fri Sep 26 13:13:44 IDT 2025, 158 W
Fri Sep 26 13:13:44 IDT 2025, 166 W
Fri Sep 26 13:13:44 IDT 2025, 201 W
Fri Sep 26 13:13:44 IDT 2025, 175 W
Fri Sep 26 13:13:44 IDT 2025, 156 W
Fri Sep 26 13:13:45 IDT 2025, 189 W
Fri Sep 26 13:13:45 IDT 2025, 175 W
Fri Sep 26 13:13:45 IDT 2025, 217 W
Fri Sep 26 13:13:45 IDT 2025, 175 W
Fri Sep 26 13:13:45 IDT 2025, 181 W
Fri Sep 26 13:13:45 IDT 2025, 213 W
Fri Sep 26 13:13:45 IDT 2025, 183 W
Fri Sep 26 13:13:45 IDT 2025, 168 W
Fri Sep 26 13:13:46 IDT 2025, 140 W
Fri Sep 26 13:13:46 IDT 2025, 157 W
Fri Sep 26 13:13:46 IDT 2025, 189 W
Fri Sep 26 13:13:46 IDT 2025, 157 W
Fri Sep 26 13:13:46 IDT 2025, 159 W
Fri Sep 26 13:13:46 IDT 2025, 189 W
Fri Sep 26 13:13:46 IDT 2025, 170 W
Fri Sep 26 13:13:46 IDT 2025, 149 W
Fri Sep 26 13:13:47 IDT 2025, 177 W
Fri Sep 26 13:13:47 IDT 2025, 172 W
Fri Sep 26 13:13:47 IDT 2025, 213 W
Fri Sep 26 13:13:47 IDT 2025, 169 W
Fri Sep 26 13:13:47 IDT 2025, 181 W
Fri Sep 26 13:13:47 IDT 2025, 206 W
Fri Sep 26 13:13:47 IDT 2025, 180 W
Fri Sep 26 13:13:47 IDT 2025, 163 W
Fri Sep 26 13:13:48 IDT 2025, 178 W
Fri Sep 26 13:13:48 IDT 2025, 183 W
Fri Sep 26 13:13:48 IDT 2025, 219 W
Fri Sep 26 13:13:48 IDT 2025, 173 W
Fri Sep 26 13:13:48 IDT 2025, 175 W
Fri Sep 26 13:13:48 IDT 2025, 214 W
Fri Sep 26 13:13:48 IDT 2025, 186 W
Fri Sep 26 13:13:48 IDT 2025, 172 W
Fri Sep 26 13:13:49 IDT 2025, 168 W
Fri Sep 26 13:13:49 IDT 2025, 173 W
Fri Sep 26 13:13:49 IDT 2025, 198 W
Fri Sep 26 13:13:49 IDT 2025, 166 W
Fri Sep 26 13:13:49 IDT 2025, 159 W
Fri Sep 26 13:13:49 IDT 2025, 196 W
Fri Sep 26 13:13:49 IDT 2025, 169 W
Fri Sep 26 13:13:49 IDT 2025, 144 W
Fri Sep 26 13:13:50 IDT 2025, 176 W
Fri Sep 26 13:13:50 IDT 2025, 162 W
Fri Sep 26 13:13:50 IDT 2025, 203 W
Fri Sep 26 13:13:50 IDT 2025, 163 W
Fri Sep 26 13:13:50 IDT 2025, 169 W
Fri Sep 26 13:13:50 IDT 2025, 210 W
Fri Sep 26 13:13:50 IDT 2025, 177 W
Fri Sep 26 13:13:50 IDT 2025, 159 W
Fri Sep 26 13:13:51 IDT 2025, 158 W
Fri Sep 26 13:13:51 IDT 2025, 159 W
Fri Sep 26 13:13:51 IDT 2025, 181 W
Fri Sep 26 13:13:51 IDT 2025, 154 W
Fri Sep 26 13:13:51 IDT 2025, 154 W
Fri Sep 26 13:13:51 IDT 2025, 190 W
Fri Sep 26 13:13:51 IDT 2025, 158 W
Fri Sep 26 13:13:51 IDT 2025, 144 W
Fri Sep 26 13:13:52 IDT 2025, 190 W
Fri Sep 26 13:13:52 IDT 2025, 178 W
Fri Sep 26 13:13:52 IDT 2025, 204 W
Fri Sep 26 13:13:52 IDT 2025, 170 W
Fri Sep 26 13:13:52 IDT 2025, 171 W
Fri Sep 26 13:13:52 IDT 2025, 217 W
Fri Sep 26 13:13:52 IDT 2025, 185 W
Fri Sep 26 13:13:52 IDT 2025, 164 W
Fri Sep 26 13:13:53 IDT 2025, 180 W
Fri Sep 26 13:13:53 IDT 2025, 180 W
Fri Sep 26 13:13:53 IDT 2025, 213 W
Fri Sep 26 13:13:53 IDT 2025, 172 W
Fri Sep 26 13:13:53 IDT 2025, 179 W
Fri Sep 26 13:13:53 IDT 2025, 213 W
Fri Sep 26 13:13:53 IDT 2025, 190 W
Fri Sep 26 13:13:53 IDT 2025, 170 W
Fri Sep 26 13:13:54 IDT 2025, 189 W
Fri Sep 26 13:13:54 IDT 2025, 179 W
Fri Sep 26 13:13:54 IDT 2025, 203 W
Fri Sep 26 13:13:54 IDT 2025, 165 W
Fri Sep 26 13:13:54 IDT 2025, 177 W
Fri Sep 26 13:13:54 IDT 2025, 201 W
Fri Sep 26 13:13:54 IDT 2025, 187 W
Fri Sep 26 13:13:54 IDT 2025, 164 W
Fri Sep 26 13:13:55 IDT 2025, 177 W
Fri Sep 26 13:13:55 IDT 2025, 182 W
Fri Sep 26 13:13:55 IDT 2025, 202 W
Fri Sep 26 13:13:55 IDT 2025, 170 W
Fri Sep 26 13:13:55 IDT 2025, 169 W
Fri Sep 26 13:13:55 IDT 2025, 200 W
Fri Sep 26 13:13:55 IDT 2025, 177 W
Fri Sep 26 13:13:55 IDT 2025, 160 W
Fri Sep 26 13:13:56 IDT 2025, 170 W
Fri Sep 26 13:13:56 IDT 2025, 174 W
Fri Sep 26 13:13:56 IDT 2025, 195 W
Fri Sep 26 13:13:56 IDT 2025, 168 W
Fri Sep 26 13:13:56 IDT 2025, 172 W
Fri Sep 26 13:13:56 IDT 2025, 208 W
Fri Sep 26 13:13:56 IDT 2025, 176 W
Fri Sep 26 13:13:56 IDT 2025, 156 W
Fri Sep 26 13:13:57 IDT 2025, 172 W
Fri Sep 26 13:13:57 IDT 2025, 167 W
Fri Sep 26 13:13:57 IDT 2025, 198 W
Fri Sep 26 13:13:57 IDT 2025, 165 W
Fri Sep 26 13:13:57 IDT 2025, 167 W
Fri Sep 26 13:13:57 IDT 2025, 205 W
Fri Sep 26 13:13:57 IDT 2025, 182 W
Fri Sep 26 13:13:57 IDT 2025, 158 W
Fri Sep 26 13:13:58 IDT 2025, 167 W
Fri Sep 26 13:13:58 IDT 2025, 170 W
Fri Sep 26 13:13:58 IDT 2025, 198 W
Fri Sep 26 13:13:58 IDT 2025, 160 W
Fri Sep 26 13:13:58 IDT 2025, 174 W
Fri Sep 26 13:13:58 IDT 2025, 194 W
Fri Sep 26 13:13:58 IDT 2025, 176 W
Fri Sep 26 13:13:58 IDT 2025, 148 W
Fri Sep 26 13:13:59 IDT 2025, 162 W
Fri Sep 26 13:13:59 IDT 2025, 163 W
Fri Sep 26 13:13:59 IDT 2025, 203 W
Fri Sep 26 13:13:59 IDT 2025, 152 W
Fri Sep 26 13:13:59 IDT 2025, 167 W
Fri Sep 26 13:13:59 IDT 2025, 180 W
Fri Sep 26 13:13:59 IDT 2025, 173 W
Fri Sep 26 13:13:59 IDT 2025, 149 W
Fri Sep 26 13:14:00 IDT 2025, 179 W
Fri Sep 26 13:14:00 IDT 2025, 167 W
Fri Sep 26 13:14:00 IDT 2025, 210 W
Fri Sep 26 13:14:00 IDT 2025, 178 W
Fri Sep 26 13:14:00 IDT 2025, 173 W
Fri Sep 26 13:14:00 IDT 2025, 196 W
Fri Sep 26 13:14:00 IDT 2025, 184 W
Fri Sep 26 13:14:00 IDT 2025, 166 W
Fri Sep 26 13:14:01 IDT 2025, 186 W
Fri Sep 26 13:14:01 IDT 2025, 178 W
Fri Sep 26 13:14:01 IDT 2025, 224 W
Fri Sep 26 13:14:01 IDT 2025, 179 W
Fri Sep 26 13:14:01 IDT 2025, 191 W
Fri Sep 26 13:14:01 IDT 2025, 213 W
Fri Sep 26 13:14:01 IDT 2025, 179 W
Fri Sep 26 13:14:01 IDT 2025, 174 W
Fri Sep 26 13:14:02 IDT 2025, 168 W
Fri Sep 26 13:14:02 IDT 2025, 181 W
Fri Sep 26 13:14:02 IDT 2025, 200 W
Fri Sep 26 13:14:02 IDT 2025, 168 W
Fri Sep 26 13:14:02 IDT 2025, 174 W
Fri Sep 26 13:14:02 IDT 2025, 200 W
Fri Sep 26 13:14:02 IDT 2025, 171 W
Fri Sep 26 13:14:02 IDT 2025, 157 W
Fri Sep 26 13:14:03 IDT 2025, 157 W
Fri Sep 26 13:14:03 IDT 2025, 164 W
Fri Sep 26 13:14:03 IDT 2025, 200 W
Fri Sep 26 13:14:03 IDT 2025, 158 W
Fri Sep 26 13:14:03 IDT 2025, 172 W
Fri Sep 26 13:14:03 IDT 2025, 192 W
Fri Sep 26 13:14:03 IDT 2025, 168 W
Fri Sep 26 13:14:03 IDT 2025, 149 W
Fri Sep 26 13:14:04 IDT 2025, 180 W
Fri Sep 26 13:14:04 IDT 2025, 181 W
Fri Sep 26 13:14:04 IDT 2025, 216 W
Fri Sep 26 13:14:04 IDT 2025, 174 W
Fri Sep 26 13:14:04 IDT 2025, 183 W
Fri Sep 26 13:14:04 IDT 2025, 221 W
Fri Sep 26 13:14:04 IDT 2025, 189 W
Fri Sep 26 13:14:04 IDT 2025, 171 W
Fri Sep 26 13:14:05 IDT 2025, 185 W
Fri Sep 26 13:14:05 IDT 2025, 175 W
Fri Sep 26 13:14:05 IDT 2025, 217 W
Fri Sep 26 13:14:05 IDT 2025, 167 W
Fri Sep 26 13:14:05 IDT 2025, 181 W
Fri Sep 26 13:14:05 IDT 2025, 218 W
Fri Sep 26 13:14:05 IDT 2025, 184 W
Fri Sep 26 13:14:05 IDT 2025, 165 W
Fri Sep 26 13:14:06 IDT 2025, 166 W
Fri Sep 26 13:14:06 IDT 2025, 156 W
Fri Sep 26 13:14:06 IDT 2025, 193 W
Fri Sep 26 13:14:06 IDT 2025, 156 W
Fri Sep 26 13:14:06 IDT 2025, 167 W
Fri Sep 26 13:14:06 IDT 2025, 194 W
Fri Sep 26 13:14:06 IDT 2025, 171 W
Fri Sep 26 13:14:06 IDT 2025, 147 W
Fri Sep 26 13:14:07 IDT 2025, 183 W
Fri Sep 26 13:14:07 IDT 2025, 178 W
Fri Sep 26 13:14:07 IDT 2025, 209 W
Fri Sep 26 13:14:07 IDT 2025, 180 W
Fri Sep 26 13:14:07 IDT 2025, 177 W
Fri Sep 26 13:14:07 IDT 2025, 214 W
Fri Sep 26 13:14:07 IDT 2025, 191 W
Fri Sep 26 13:14:07 IDT 2025, 161 W
Fri Sep 26 13:14:08 IDT 2025, 172 W
Fri Sep 26 13:14:08 IDT 2025, 160 W
Fri Sep 26 13:14:08 IDT 2025, 200 W
Fri Sep 26 13:14:08 IDT 2025, 166 W
Fri Sep 26 13:14:08 IDT 2025, 170 W
Fri Sep 26 13:14:08 IDT 2025, 194 W
Fri Sep 26 13:14:08 IDT 2025, 163 W
Fri Sep 26 13:14:08 IDT 2025, 152 W
Fri Sep 26 13:14:09 IDT 2025, 174 W
Fri Sep 26 13:14:09 IDT 2025, 176 W
Fri Sep 26 13:14:09 IDT 2025, 213 W
Fri Sep 26 13:14:09 IDT 2025, 166 W
Fri Sep 26 13:14:09 IDT 2025, 184 W
Fri Sep 26 13:14:09 IDT 2025, 210 W
Fri Sep 26 13:14:09 IDT 2025, 185 W
Fri Sep 26 13:14:09 IDT 2025, 169 W
Fri Sep 26 13:14:10 IDT 2025, 187 W
Fri Sep 26 13:14:10 IDT 2025, 164 W
Fri Sep 26 13:14:10 IDT 2025, 203 W
Fri Sep 26 13:14:10 IDT 2025, 168 W
Fri Sep 26 13:14:10 IDT 2025, 184 W
Fri Sep 26 13:14:10 IDT 2025, 212 W
Fri Sep 26 13:14:10 IDT 2025, 182 W
Fri Sep 26 13:14:10 IDT 2025, 161 W
Fri Sep 26 13:14:11 IDT 2025, 192 W
Fri Sep 26 13:14:11 IDT 2025, 185 W
Fri Sep 26 13:14:11 IDT 2025, 224 W
Fri Sep 26 13:14:11 IDT 2025, 184 W
Fri Sep 26 13:14:11 IDT 2025, 190 W
Fri Sep 26 13:14:11 IDT 2025, 221 W
Fri Sep 26 13:14:11 IDT 2025, 193 W
Fri Sep 26 13:14:11 IDT 2025, 174 W
Fri Sep 26 13:14:12 IDT 2025, 189 W
Fri Sep 26 13:14:12 IDT 2025, 181 W
Fri Sep 26 13:14:12 IDT 2025, 212 W
Fri Sep 26 13:14:12 IDT 2025, 168 W
Fri Sep 26 13:14:12 IDT 2025, 177 W
Fri Sep 26 13:14:12 IDT 2025, 204 W
Fri Sep 26 13:14:12 IDT 2025, 186 W
Fri Sep 26 13:14:12 IDT 2025, 168 W
Fri Sep 26 13:14:13 IDT 2025, 144 W
Fri Sep 26 13:14:13 IDT 2025, 163 W
Fri Sep 26 13:14:13 IDT 2025, 193 W
Fri Sep 26 13:14:13 IDT 2025, 157 W
Fri Sep 26 13:14:13 IDT 2025, 153 W
Fri Sep 26 13:14:13 IDT 2025, 189 W
Fri Sep 26 13:14:13 IDT 2025, 166 W
Fri Sep 26 13:14:13 IDT 2025, 148 W
Fri Sep 26 13:14:14 IDT 2025, 161 W
Fri Sep 26 13:14:14 IDT 2025, 166 W
Fri Sep 26 13:14:14 IDT 2025, 182 W
Fri Sep 26 13:14:14 IDT 2025, 156 W
Fri Sep 26 13:14:14 IDT 2025, 154 W
Fri Sep 26 13:14:14 IDT 2025, 195 W
Fri Sep 26 13:14:14 IDT 2025, 162 W
Fri Sep 26 13:14:14 IDT 2025, 151 W
Fri Sep 26 13:14:15 IDT 2025, 165 W
Fri Sep 26 13:14:15 IDT 2025, 164 W
Fri Sep 26 13:14:15 IDT 2025, 192 W
Fri Sep 26 13:14:15 IDT 2025, 161 W
Fri Sep 26 13:14:15 IDT 2025, 168 W
Fri Sep 26 13:14:15 IDT 2025, 200 W
Fri Sep 26 13:14:15 IDT 2025, 163 W
Fri Sep 26 13:14:15 IDT 2025, 157 W
Fri Sep 26 13:14:16 IDT 2025, 188 W
Fri Sep 26 13:14:16 IDT 2025, 172 W
Fri Sep 26 13:14:16 IDT 2025, 215 W
Fri Sep 26 13:14:16 IDT 2025, 170 W
Fri Sep 26 13:14:16 IDT 2025, 183 W
Fri Sep 26 13:14:16 IDT 2025, 213 W
Fri Sep 26 13:14:16 IDT 2025, 181 W
Fri Sep 26 13:14:16 IDT 2025, 163 W
Fri Sep 26 13:14:17 IDT 2025, 172 W
Fri Sep 26 13:14:17 IDT 2025, 175 W
Fri Sep 26 13:14:17 IDT 2025, 208 W
Fri Sep 26 13:14:17 IDT 2025, 175 W
Fri Sep 26 13:14:17 IDT 2025, 181 W
Fri Sep 26 13:14:17 IDT 2025, 210 W
Fri Sep 26 13:14:17 IDT 2025, 182 W
Fri Sep 26 13:14:17 IDT 2025, 165 W
Fri Sep 26 13:14:18 IDT 2025, 189 W
Fri Sep 26 13:14:18 IDT 2025, 165 W
Fri Sep 26 13:14:18 IDT 2025, 213 W
Fri Sep 26 13:14:18 IDT 2025, 165 W
Fri Sep 26 13:14:18 IDT 2025, 180 W
Fri Sep 26 13:14:18 IDT 2025, 197 W
Fri Sep 26 13:14:18 IDT 2025, 175 W
Fri Sep 26 13:14:18 IDT 2025, 161 W
Fri Sep 26 13:14:19 IDT 2025, 178 W
Fri Sep 26 13:14:19 IDT 2025, 169 W
Fri Sep 26 13:14:19 IDT 2025, 214 W
Fri Sep 26 13:14:19 IDT 2025, 173 W
Fri Sep 26 13:14:19 IDT 2025, 181 W
Fri Sep 26 13:14:19 IDT 2025, 211 W
Fri Sep 26 13:14:19 IDT 2025, 190 W
Fri Sep 26 13:14:19 IDT 2025, 168 W
Fri Sep 26 13:14:20 IDT 2025, 184 W
Fri Sep 26 13:14:20 IDT 2025, 175 W
Fri Sep 26 13:14:20 IDT 2025, 207 W
Fri Sep 26 13:14:20 IDT 2025, 172 W
Fri Sep 26 13:14:20 IDT 2025, 180 W
Fri Sep 26 13:14:20 IDT 2025, 209 W
Fri Sep 26 13:14:20 IDT 2025, 183 W
Fri Sep 26 13:14:20 IDT 2025, 163 W
Fri Sep 26 13:14:21 IDT 2025, 183 W
Fri Sep 26 13:14:21 IDT 2025, 173 W
Fri Sep 26 13:14:21 IDT 2025, 209 W
Fri Sep 26 13:14:21 IDT 2025, 172 W
Fri Sep 26 13:14:21 IDT 2025, 182 W
Fri Sep 26 13:14:21 IDT 2025, 206 W
Fri Sep 26 13:14:21 IDT 2025, 185 W
Fri Sep 26 13:14:21 IDT 2025, 168 W
Fri Sep 26 13:14:22 IDT 2025, 173 W
Fri Sep 26 13:14:22 IDT 2025, 181 W
Fri Sep 26 13:14:22 IDT 2025, 200 W
Fri Sep 26 13:14:22 IDT 2025, 167 W
Fri Sep 26 13:14:22 IDT 2025, 179 W
Fri Sep 26 13:14:22 IDT 2025, 200 W
Fri Sep 26 13:14:22 IDT 2025, 183 W
Fri Sep 26 13:14:22 IDT 2025, 168 W
Fri Sep 26 13:14:23 IDT 2025, 177 W
Fri Sep 26 13:14:23 IDT 2025, 180 W
Fri Sep 26 13:14:23 IDT 2025, 211 W
Fri Sep 26 13:14:23 IDT 2025, 171 W
Fri Sep 26 13:14:23 IDT 2025, 179 W
Fri Sep 26 13:14:23 IDT 2025, 208 W
Fri Sep 26 13:14:23 IDT 2025, 187 W
Fri Sep 26 13:14:23 IDT 2025, 171 W
Fri Sep 26 13:14:24 IDT 2025, 184 W
Fri Sep 26 13:14:24 IDT 2025, 175 W
Fri Sep 26 13:14:24 IDT 2025, 219 W
Fri Sep 26 13:14:24 IDT 2025, 163 W
Fri Sep 26 13:14:24 IDT 2025, 182 W
Fri Sep 26 13:14:24 IDT 2025, 208 W
Fri Sep 26 13:14:24 IDT 2025, 180 W
Fri Sep 26 13:14:24 IDT 2025, 169 W
Fri Sep 26 13:14:25 IDT 2025, 179 W
Fri Sep 26 13:14:25 IDT 2025, 178 W
Fri Sep 26 13:14:25 IDT 2025, 215 W
Fri Sep 26 13:14:25 IDT 2025, 171 W
Fri Sep 26 13:14:25 IDT 2025, 184 W
Fri Sep 26 13:14:25 IDT 2025, 209 W
Fri Sep 26 13:14:25 IDT 2025, 183 W
Fri Sep 26 13:14:25 IDT 2025, 169 W
Fri Sep 26 13:14:26 IDT 2025, 186 W
Fri Sep 26 13:14:26 IDT 2025, 175 W
Fri Sep 26 13:14:26 IDT 2025, 215 W
Fri Sep 26 13:14:26 IDT 2025, 176 W
Fri Sep 26 13:14:26 IDT 2025, 185 W
Fri Sep 26 13:14:26 IDT 2025, 205 W
Fri Sep 26 13:14:26 IDT 2025, 184 W
Fri Sep 26 13:14:26 IDT 2025, 171 W
Fri Sep 26 13:14:27 IDT 2025, 182 W
Fri Sep 26 13:14:27 IDT 2025, 170 W
Fri Sep 26 13:14:27 IDT 2025, 217 W
Fri Sep 26 13:14:27 IDT 2025, 172 W
Fri Sep 26 13:14:27 IDT 2025, 184 W
Fri Sep 26 13:14:27 IDT 2025, 210 W
Fri Sep 26 13:14:27 IDT 2025, 180 W
Fri Sep 26 13:14:27 IDT 2025, 165 W
Fri Sep 26 13:14:28 IDT 2025, 183 W
Fri Sep 26 13:14:28 IDT 2025, 175 W
Fri Sep 26 13:14:28 IDT 2025, 213 W
Fri Sep 26 13:14:28 IDT 2025, 179 W
Fri Sep 26 13:14:28 IDT 2025, 184 W
Fri Sep 26 13:14:28 IDT 2025, 215 W
Fri Sep 26 13:14:28 IDT 2025, 188 W
Fri Sep 26 13:14:28 IDT 2025, 164 W
Fri Sep 26 13:14:29 IDT 2025, 181 W
Fri Sep 26 13:14:29 IDT 2025, 180 W
Fri Sep 26 13:14:29 IDT 2025, 205 W
Fri Sep 26 13:14:29 IDT 2025, 167 W
Fri Sep 26 13:14:29 IDT 2025, 173 W
Fri Sep 26 13:14:29 IDT 2025, 216 W
Fri Sep 26 13:14:29 IDT 2025, 184 W
Fri Sep 26 13:14:29 IDT 2025, 162 W
Fri Sep 26 13:14:30 IDT 2025, 185 W
Fri Sep 26 13:14:30 IDT 2025, 183 W
Fri Sep 26 13:14:30 IDT 2025, 202 W
Fri Sep 26 13:14:30 IDT 2025, 173 W
Fri Sep 26 13:14:30 IDT 2025, 179 W
Fri Sep 26 13:14:30 IDT 2025, 204 W
Fri Sep 26 13:14:30 IDT 2025, 178 W
Fri Sep 26 13:14:30 IDT 2025, 164 W
Fri Sep 26 13:14:31 IDT 2025, 174 W
Fri Sep 26 13:14:31 IDT 2025, 181 W
Fri Sep 26 13:14:31 IDT 2025, 204 W
Fri Sep 26 13:14:31 IDT 2025, 171 W
Fri Sep 26 13:14:31 IDT 2025, 175 W
Fri Sep 26 13:14:31 IDT 2025, 203 W
Fri Sep 26 13:14:31 IDT 2025, 191 W
Fri Sep 26 13:14:31 IDT 2025, 165 W
Fri Sep 26 13:14:32 IDT 2025, 183 W
Fri Sep 26 13:14:32 IDT 2025, 181 W
Fri Sep 26 13:14:32 IDT 2025, 197 W
Fri Sep 26 13:14:32 IDT 2025, 177 W
Fri Sep 26 13:14:32 IDT 2025, 179 W
Fri Sep 26 13:14:32 IDT 2025, 204 W
Fri Sep 26 13:14:32 IDT 2025, 184 W
Fri Sep 26 13:14:32 IDT 2025, 165 W
Fri Sep 26 13:14:33 IDT 2025, 176 W
Fri Sep 26 13:14:33 IDT 2025, 175 W
Fri Sep 26 13:14:33 IDT 2025, 205 W
Fri Sep 26 13:14:33 IDT 2025, 172 W
Fri Sep 26 13:14:33 IDT 2025, 180 W
Fri Sep 26 13:14:33 IDT 2025, 206 W
Fri Sep 26 13:14:33 IDT 2025, 184 W
Fri Sep 26 13:14:33 IDT 2025, 165 W
Fri Sep 26 13:14:34 IDT 2025, 184 W
Fri Sep 26 13:14:34 IDT 2025, 186 W
Fri Sep 26 13:14:34 IDT 2025, 199 W
Fri Sep 26 13:14:34 IDT 2025, 176 W
Fri Sep 26 13:14:34 IDT 2025, 181 W
Fri Sep 26 13:14:34 IDT 2025, 210 W
Fri Sep 26 13:14:34 IDT 2025, 187 W
Fri Sep 26 13:14:34 IDT 2025, 175 W
Fri Sep 26 13:14:35 IDT 2025, 177 W
Fri Sep 26 13:14:35 IDT 2025, 174 W
Fri Sep 26 13:14:35 IDT 2025, 201 W
Fri Sep 26 13:14:35 IDT 2025, 169 W
Fri Sep 26 13:14:35 IDT 2025, 177 W
Fri Sep 26 13:14:35 IDT 2025, 206 W
Fri Sep 26 13:14:35 IDT 2025, 179 W
Fri Sep 26 13:14:35 IDT 2025, 170 W
Fri Sep 26 13:14:36 IDT 2025, 187 W
Fri Sep 26 13:14:36 IDT 2025, 180 W
Fri Sep 26 13:14:36 IDT 2025, 203 W
Fri Sep 26 13:14:36 IDT 2025, 175 W
Fri Sep 26 13:14:36 IDT 2025, 186 W
Fri Sep 26 13:14:36 IDT 2025, 218 W
Fri Sep 26 13:14:36 IDT 2025, 193 W
Fri Sep 26 13:14:36 IDT 2025, 168 W
Fri Sep 26 13:14:37 IDT 2025, 178 W
Fri Sep 26 13:14:37 IDT 2025, 185 W
Fri Sep 26 13:14:37 IDT 2025, 215 W
Fri Sep 26 13:14:37 IDT 2025, 177 W
Fri Sep 26 13:14:37 IDT 2025, 198 W
Fri Sep 26 13:14:37 IDT 2025, 216 W
Fri Sep 26 13:14:37 IDT 2025, 199 W
Fri Sep 26 13:14:37 IDT 2025, 168 W
Fri Sep 26 13:14:38 IDT 2025, 151 W
Fri Sep 26 13:14:38 IDT 2025, 166 W
Fri Sep 26 13:14:38 IDT 2025, 198 W
Fri Sep 26 13:14:38 IDT 2025, 158 W
Fri Sep 26 13:14:38 IDT 2025, 170 W
Fri Sep 26 13:14:38 IDT 2025, 196 W
Fri Sep 26 13:14:38 IDT 2025, 164 W
Fri Sep 26 13:14:38 IDT 2025, 155 W
Fri Sep 26 13:14:39 IDT 2025, 176 W
Fri Sep 26 13:14:39 IDT 2025, 168 W
Fri Sep 26 13:14:39 IDT 2025, 194 W
Fri Sep 26 13:14:39 IDT 2025, 162 W
Fri Sep 26 13:14:39 IDT 2025, 162 W
Fri Sep 26 13:14:39 IDT 2025, 194 W
Fri Sep 26 13:14:39 IDT 2025, 171 W
Fri Sep 26 13:14:39 IDT 2025, 149 W
Fri Sep 26 13:14:40 IDT 2025, 175 W
Fri Sep 26 13:14:40 IDT 2025, 185 W
Fri Sep 26 13:14:40 IDT 2025, 219 W
Fri Sep 26 13:14:40 IDT 2025, 174 W
Fri Sep 26 13:14:40 IDT 2025, 180 W
Fri Sep 26 13:14:40 IDT 2025, 220 W
Fri Sep 26 13:14:40 IDT 2025, 193 W
Fri Sep 26 13:14:40 IDT 2025, 164 W
Fri Sep 26 13:14:41 IDT 2025, 186 W
Fri Sep 26 13:14:41 IDT 2025, 190 W
Fri Sep 26 13:14:41 IDT 2025, 213 W
Fri Sep 26 13:14:41 IDT 2025, 176 W
Fri Sep 26 13:14:41 IDT 2025, 186 W
Fri Sep 26 13:14:41 IDT 2025, 218 W
Fri Sep 26 13:14:41 IDT 2025, 187 W
Fri Sep 26 13:14:41 IDT 2025, 167 W
Fri Sep 26 13:14:42 IDT 2025, 182 W
Fri Sep 26 13:14:42 IDT 2025, 187 W
Fri Sep 26 13:14:42 IDT 2025, 195 W
Fri Sep 26 13:14:42 IDT 2025, 171 W
Fri Sep 26 13:14:42 IDT 2025, 185 W
Fri Sep 26 13:14:42 IDT 2025, 207 W
Fri Sep 26 13:14:42 IDT 2025, 190 W
Fri Sep 26 13:14:42 IDT 2025, 164 W
Fri Sep 26 13:14:43 IDT 2025, 179 W
Fri Sep 26 13:14:43 IDT 2025, 171 W
Fri Sep 26 13:14:43 IDT 2025, 211 W
Fri Sep 26 13:14:43 IDT 2025, 170 W
Fri Sep 26 13:14:43 IDT 2025, 181 W
Fri Sep 26 13:14:43 IDT 2025, 215 W
Fri Sep 26 13:14:43 IDT 2025, 189 W
Fri Sep 26 13:14:43 IDT 2025, 164 W
Fri Sep 26 13:14:44 IDT 2025, 172 W
Fri Sep 26 13:14:44 IDT 2025, 169 W
Fri Sep 26 13:14:44 IDT 2025, 203 W
Fri Sep 26 13:14:44 IDT 2025, 165 W
Fri Sep 26 13:14:44 IDT 2025, 163 W
Fri Sep 26 13:14:44 IDT 2025, 202 W
Fri Sep 26 13:14:44 IDT 2025, 188 W
Fri Sep 26 13:14:44 IDT 2025, 160 W
Fri Sep 26 13:14:45 IDT 2025, 176 W
Fri Sep 26 13:14:45 IDT 2025, 166 W
Fri Sep 26 13:14:45 IDT 2025, 208 W
Fri Sep 26 13:14:45 IDT 2025, 166 W
Fri Sep 26 13:14:45 IDT 2025, 170 W
Fri Sep 26 13:14:45 IDT 2025, 214 W
Fri Sep 26 13:14:45 IDT 2025, 184 W
Fri Sep 26 13:14:45 IDT 2025, 160 W
Fri Sep 26 13:14:46 IDT 2025, 181 W
Fri Sep 26 13:14:46 IDT 2025, 166 W
Fri Sep 26 13:14:46 IDT 2025, 202 W
Fri Sep 26 13:14:46 IDT 2025, 168 W
Fri Sep 26 13:14:46 IDT 2025, 177 W
Fri Sep 26 13:14:46 IDT 2025, 204 W
Fri Sep 26 13:14:46 IDT 2025, 181 W
Fri Sep 26 13:14:46 IDT 2025, 160 W
Fri Sep 26 13:14:47 IDT 2025, 180 W
Fri Sep 26 13:14:47 IDT 2025, 171 W
Fri Sep 26 13:14:47 IDT 2025, 211 W
Fri Sep 26 13:14:47 IDT 2025, 175 W
Fri Sep 26 13:14:47 IDT 2025, 189 W
Fri Sep 26 13:14:47 IDT 2025, 206 W
Fri Sep 26 13:14:47 IDT 2025, 184 W
Fri Sep 26 13:14:47 IDT 2025, 164 W
Fri Sep 26 13:14:48 IDT 2025, 188 W
Fri Sep 26 13:14:48 IDT 2025, 173 W
Fri Sep 26 13:14:48 IDT 2025, 213 W
Fri Sep 26 13:14:48 IDT 2025, 175 W
Fri Sep 26 13:14:48 IDT 2025, 183 W
Fri Sep 26 13:14:48 IDT 2025, 204 W
Fri Sep 26 13:14:48 IDT 2025, 197 W
Fri Sep 26 13:14:48 IDT 2025, 173 W
Fri Sep 26 13:14:49 IDT 2025, 173 W
Fri Sep 26 13:14:49 IDT 2025, 173 W
Fri Sep 26 13:14:49 IDT 2025, 204 W
Fri Sep 26 13:14:49 IDT 2025, 168 W
Fri Sep 26 13:14:49 IDT 2025, 174 W
Fri Sep 26 13:14:49 IDT 2025, 209 W
Fri Sep 26 13:14:49 IDT 2025, 178 W
Fri Sep 26 13:14:49 IDT 2025, 165 W
Fri Sep 26 13:14:50 IDT 2025, 166 W
Fri Sep 26 13:14:50 IDT 2025, 173 W
Fri Sep 26 13:14:50 IDT 2025, 205 W
Fri Sep 26 13:14:50 IDT 2025, 158 W
Fri Sep 26 13:14:50 IDT 2025, 168 W
Fri Sep 26 13:14:50 IDT 2025, 196 W
Fri Sep 26 13:14:50 IDT 2025, 175 W
Fri Sep 26 13:14:50 IDT 2025, 154 W
Fri Sep 26 13:14:51 IDT 2025, 180 W
Fri Sep 26 13:14:51 IDT 2025, 167 W
Fri Sep 26 13:14:51 IDT 2025, 213 W
Fri Sep 26 13:14:51 IDT 2025, 162 W
Fri Sep 26 13:14:51 IDT 2025, 173 W
Fri Sep 26 13:14:51 IDT 2025, 214 W
Fri Sep 26 13:14:51 IDT 2025, 190 W
Fri Sep 26 13:14:51 IDT 2025, 154 W
Fri Sep 26 13:14:52 IDT 2025, 167 W
Fri Sep 26 13:14:52 IDT 2025, 183 W
Fri Sep 26 13:14:52 IDT 2025, 211 W
Fri Sep 26 13:14:52 IDT 2025, 170 W
Fri Sep 26 13:14:52 IDT 2025, 179 W
Fri Sep 26 13:14:52 IDT 2025, 212 W
Fri Sep 26 13:14:52 IDT 2025, 189 W
Fri Sep 26 13:14:52 IDT 2025, 163 W
Fri Sep 26 13:14:53 IDT 2025, 169 W
Fri Sep 26 13:14:53 IDT 2025, 174 W
Fri Sep 26 13:14:53 IDT 2025, 208 W
Fri Sep 26 13:14:53 IDT 2025, 166 W
Fri Sep 26 13:14:53 IDT 2025, 176 W
Fri Sep 26 13:14:53 IDT 2025, 208 W
Fri Sep 26 13:14:53 IDT 2025, 182 W
Fri Sep 26 13:14:53 IDT 2025, 162 W
Fri Sep 26 13:14:54 IDT 2025, 175 W
Fri Sep 26 13:14:54 IDT 2025, 175 W
Fri Sep 26 13:14:54 IDT 2025, 206 W
Fri Sep 26 13:14:54 IDT 2025, 159 W
Fri Sep 26 13:14:54 IDT 2025, 173 W
Fri Sep 26 13:14:54 IDT 2025, 213 W
Fri Sep 26 13:14:54 IDT 2025, 184 W
Fri Sep 26 13:14:54 IDT 2025, 164 W
Fri Sep 26 13:14:55 IDT 2025, 165 W
Fri Sep 26 13:14:55 IDT 2025, 167 W
Fri Sep 26 13:14:55 IDT 2025, 200 W
Fri Sep 26 13:14:55 IDT 2025, 158 W
Fri Sep 26 13:14:55 IDT 2025, 158 W
Fri Sep 26 13:14:55 IDT 2025, 203 W
Fri Sep 26 13:14:55 IDT 2025, 165 W
Fri Sep 26 13:14:55 IDT 2025, 153 W
Fri Sep 26 13:14:56 IDT 2025, 178 W
Fri Sep 26 13:14:56 IDT 2025, 172 W
Fri Sep 26 13:14:56 IDT 2025, 201 W
Fri Sep 26 13:14:56 IDT 2025, 162 W
Fri Sep 26 13:14:56 IDT 2025, 174 W
Fri Sep 26 13:14:56 IDT 2025, 200 W
Fri Sep 26 13:14:56 IDT 2025, 176 W
Fri Sep 26 13:14:56 IDT 2025, 160 W
Fri Sep 26 13:14:57 IDT 2025, 169 W
Fri Sep 26 13:14:57 IDT 2025, 175 W
Fri Sep 26 13:14:57 IDT 2025, 208 W
Fri Sep 26 13:14:57 IDT 2025, 165 W
Fri Sep 26 13:14:57 IDT 2025, 177 W
Fri Sep 26 13:14:57 IDT 2025, 199 W
Fri Sep 26 13:14:57 IDT 2025, 172 W
Fri Sep 26 13:14:57 IDT 2025, 164 W
Fri Sep 26 13:14:58 IDT 2025, 158 W
Fri Sep 26 13:14:58 IDT 2025, 146 W
Fri Sep 26 13:14:58 IDT 2025, 193 W
Fri Sep 26 13:14:58 IDT 2025, 156 W
Fri Sep 26 13:14:58 IDT 2025, 153 W
Fri Sep 26 13:14:58 IDT 2025, 181 W
Fri Sep 26 13:14:58 IDT 2025, 160 W
Fri Sep 26 13:14:58 IDT 2025, 145 W
Fri Sep 26 13:14:59 IDT 2025, 169 W
Fri Sep 26 13:14:59 IDT 2025, 172 W
Fri Sep 26 13:14:59 IDT 2025, 195 W
Fri Sep 26 13:14:59 IDT 2025, 175 W
Fri Sep 26 13:14:59 IDT 2025, 171 W
Fri Sep 26 13:14:59 IDT 2025, 206 W
Fri Sep 26 13:14:59 IDT 2025, 173 W
Fri Sep 26 13:14:59 IDT 2025, 163 W
Fri Sep 26 13:15:00 IDT 2025, 186 W
Fri Sep 26 13:15:00 IDT 2025, 187 W
Fri Sep 26 13:15:00 IDT 2025, 211 W
Fri Sep 26 13:15:00 IDT 2025, 180 W
Fri Sep 26 13:15:00 IDT 2025, 193 W
Fri Sep 26 13:15:00 IDT 2025, 224 W
Fri Sep 26 13:15:00 IDT 2025, 191 W
Fri Sep 26 13:15:00 IDT 2025, 172 W
Fri Sep 26 13:15:01 IDT 2025, 179 W
Fri Sep 26 13:15:01 IDT 2025, 177 W
Fri Sep 26 13:15:01 IDT 2025, 211 W
Fri Sep 26 13:15:01 IDT 2025, 176 W
Fri Sep 26 13:15:01 IDT 2025, 179 W
Fri Sep 26 13:15:01 IDT 2025, 211 W
Fri Sep 26 13:15:01 IDT 2025, 189 W
Fri Sep 26 13:15:01 IDT 2025, 156 W
Fri Sep 26 13:15:02 IDT 2025, 178 W
Fri Sep 26 13:15:02 IDT 2025, 170 W
Fri Sep 26 13:15:02 IDT 2025, 213 W
Fri Sep 26 13:15:02 IDT 2025, 153 W
Fri Sep 26 13:15:02 IDT 2025, 172 W
Fri Sep 26 13:15:02 IDT 2025, 207 W
Fri Sep 26 13:15:02 IDT 2025, 184 W
Fri Sep 26 13:15:02 IDT 2025, 152 W
Fri Sep 26 13:15:03 IDT 2025, 169 W
Fri Sep 26 13:15:03 IDT 2025, 176 W
Fri Sep 26 13:15:03 IDT 2025, 208 W
Fri Sep 26 13:15:03 IDT 2025, 158 W
Fri Sep 26 13:15:03 IDT 2025, 178 W
Fri Sep 26 13:15:03 IDT 2025, 198 W
Fri Sep 26 13:15:03 IDT 2025, 179 W
Fri Sep 26 13:15:03 IDT 2025, 162 W
Fri Sep 26 13:15:04 IDT 2025, 180 W
Fri Sep 26 13:15:04 IDT 2025, 179 W
Fri Sep 26 13:15:04 IDT 2025, 215 W
Fri Sep 26 13:15:04 IDT 2025, 172 W
Fri Sep 26 13:15:04 IDT 2025, 188 W
Fri Sep 26 13:15:04 IDT 2025, 209 W
Fri Sep 26 13:15:04 IDT 2025, 184 W
Fri Sep 26 13:15:04 IDT 2025, 161 W
Fri Sep 26 13:15:05 IDT 2025, 165 W
Fri Sep 26 13:15:05 IDT 2025, 164 W
Fri Sep 26 13:15:05 IDT 2025, 197 W
Fri Sep 26 13:15:05 IDT 2025, 160 W
Fri Sep 26 13:15:05 IDT 2025, 158 W
Fri Sep 26 13:15:05 IDT 2025, 200 W
Fri Sep 26 13:15:05 IDT 2025, 171 W
Fri Sep 26 13:15:05 IDT 2025, 151 W
Fri Sep 26 13:15:06 IDT 2025, 184 W
Fri Sep 26 13:15:06 IDT 2025, 178 W
Fri Sep 26 13:15:06 IDT 2025, 213 W
Fri Sep 26 13:15:06 IDT 2025, 179 W
Fri Sep 26 13:15:06 IDT 2025, 179 W
Fri Sep 26 13:15:06 IDT 2025, 209 W
Fri Sep 26 13:15:06 IDT 2025, 182 W
Fri Sep 26 13:15:06 IDT 2025, 154 W
Fri Sep 26 13:15:07 IDT 2025, 182 W
Fri Sep 26 13:15:07 IDT 2025, 177 W
Fri Sep 26 13:15:07 IDT 2025, 209 W
Fri Sep 26 13:15:07 IDT 2025, 173 W
Fri Sep 26 13:15:07 IDT 2025, 182 W
Fri Sep 26 13:15:07 IDT 2025, 204 W
Fri Sep 26 13:15:07 IDT 2025, 191 W
Fri Sep 26 13:15:07 IDT 2025, 161 W
Fri Sep 26 13:15:08 IDT 2025, 172 W
Fri Sep 26 13:15:08 IDT 2025, 160 W
Fri Sep 26 13:15:08 IDT 2025, 196 W
Fri Sep 26 13:15:08 IDT 2025, 157 W
Fri Sep 26 13:15:08 IDT 2025, 169 W
Fri Sep 26 13:15:08 IDT 2025, 188 W
Fri Sep 26 13:15:08 IDT 2025, 159 W
Fri Sep 26 13:15:08 IDT 2025, 151 W
Fri Sep 26 13:15:09 IDT 2025, 175 W
Fri Sep 26 13:15:09 IDT 2025, 172 W
Fri Sep 26 13:15:09 IDT 2025, 201 W
Fri Sep 26 13:15:09 IDT 2025, 167 W
Fri Sep 26 13:15:09 IDT 2025, 167 W
Fri Sep 26 13:15:09 IDT 2025, 191 W
Fri Sep 26 13:15:09 IDT 2025, 178 W
Fri Sep 26 13:15:09 IDT 2025, 150 W
Fri Sep 26 13:15:10 IDT 2025, 175 W
Fri Sep 26 13:15:10 IDT 2025, 165 W
Fri Sep 26 13:15:10 IDT 2025, 206 W
Fri Sep 26 13:15:10 IDT 2025, 167 W
Fri Sep 26 13:15:10 IDT 2025, 169 W
Fri Sep 26 13:15:10 IDT 2025, 204 W
Fri Sep 26 13:15:10 IDT 2025, 179 W
Fri Sep 26 13:15:10 IDT 2025, 152 W
Fri Sep 26 13:15:11 IDT 2025, 178 W
Fri Sep 26 13:15:11 IDT 2025, 181 W
Fri Sep 26 13:15:11 IDT 2025, 212 W
Fri Sep 26 13:15:11 IDT 2025, 169 W
Fri Sep 26 13:15:11 IDT 2025, 182 W
Fri Sep 26 13:15:11 IDT 2025, 210 W
Fri Sep 26 13:15:11 IDT 2025, 182 W
Fri Sep 26 13:15:11 IDT 2025, 160 W
Fri Sep 26 13:15:12 IDT 2025, 165 W
Fri Sep 26 13:15:12 IDT 2025, 166 W
Fri Sep 26 13:15:12 IDT 2025, 187 W
Fri Sep 26 13:15:12 IDT 2025, 156 W
Fri Sep 26 13:15:12 IDT 2025, 163 W
Fri Sep 26 13:15:12 IDT 2025, 182 W
Fri Sep 26 13:15:12 IDT 2025, 163 W
Fri Sep 26 13:15:12 IDT 2025, 148 W
Fri Sep 26 13:15:13 IDT 2025, 171 W
Fri Sep 26 13:15:13 IDT 2025, 178 W
Fri Sep 26 13:15:13 IDT 2025, 206 W
Fri Sep 26 13:15:13 IDT 2025, 169 W
Fri Sep 26 13:15:13 IDT 2025, 175 W
Fri Sep 26 13:15:13 IDT 2025, 208 W
Fri Sep 26 13:15:13 IDT 2025, 177 W
Fri Sep 26 13:15:13 IDT 2025, 157 W
Fri Sep 26 13:15:14 IDT 2025, 165 W
Fri Sep 26 13:15:14 IDT 2025, 177 W
Fri Sep 26 13:15:14 IDT 2025, 203 W
Fri Sep 26 13:15:14 IDT 2025, 169 W
Fri Sep 26 13:15:14 IDT 2025, 176 W
Fri Sep 26 13:15:14 IDT 2025, 194 W
Fri Sep 26 13:15:14 IDT 2025, 176 W
Fri Sep 26 13:15:14 IDT 2025, 149 W
Fri Sep 26 13:15:15 IDT 2025, 169 W
Fri Sep 26 13:15:15 IDT 2025, 177 W
Fri Sep 26 13:15:15 IDT 2025, 200 W
Fri Sep 26 13:15:15 IDT 2025, 165 W
Fri Sep 26 13:15:15 IDT 2025, 171 W
Fri Sep 26 13:15:15 IDT 2025, 199 W
Fri Sep 26 13:15:15 IDT 2025, 172 W
Fri Sep 26 13:15:15 IDT 2025, 151 W
Fri Sep 26 13:15:16 IDT 2025, 180 W
Fri Sep 26 13:15:16 IDT 2025, 168 W
Fri Sep 26 13:15:16 IDT 2025, 208 W
Fri Sep 26 13:15:16 IDT 2025, 168 W
Fri Sep 26 13:15:16 IDT 2025, 179 W
Fri Sep 26 13:15:16 IDT 2025, 200 W
Fri Sep 26 13:15:16 IDT 2025, 191 W
Fri Sep 26 13:15:16 IDT 2025, 156 W
Fri Sep 26 13:15:17 IDT 2025, 184 W
Fri Sep 26 13:15:17 IDT 2025, 166 W
Fri Sep 26 13:15:17 IDT 2025, 215 W
Fri Sep 26 13:15:17 IDT 2025, 165 W
Fri Sep 26 13:15:17 IDT 2025, 181 W
Fri Sep 26 13:15:17 IDT 2025, 203 W
Fri Sep 26 13:15:17 IDT 2025, 183 W
Fri Sep 26 13:15:17 IDT 2025, 158 W
Fri Sep 26 13:15:18 IDT 2025, 171 W
Fri Sep 26 13:15:18 IDT 2025, 159 W
Fri Sep 26 13:15:18 IDT 2025, 201 W
Fri Sep 26 13:15:18 IDT 2025, 161 W
Fri Sep 26 13:15:18 IDT 2025, 173 W
Fri Sep 26 13:15:18 IDT 2025, 201 W
Fri Sep 26 13:15:18 IDT 2025, 182 W
Fri Sep 26 13:15:18 IDT 2025, 160 W
Fri Sep 26 13:15:19 IDT 2025, 171 W
Fri Sep 26 13:15:19 IDT 2025, 169 W
Fri Sep 26 13:15:19 IDT 2025, 210 W
Fri Sep 26 13:15:19 IDT 2025, 170 W
Fri Sep 26 13:15:19 IDT 2025, 168 W
Fri Sep 26 13:15:19 IDT 2025, 205 W
Fri Sep 26 13:15:19 IDT 2025, 183 W
Fri Sep 26 13:15:19 IDT 2025, 153 W
Fri Sep 26 13:15:20 IDT 2025, 163 W
Fri Sep 26 13:15:20 IDT 2025, 166 W
Fri Sep 26 13:15:20 IDT 2025, 196 W
Fri Sep 26 13:15:20 IDT 2025, 158 W
Fri Sep 26 13:15:20 IDT 2025, 163 W
Fri Sep 26 13:15:20 IDT 2025, 184 W
Fri Sep 26 13:15:20 IDT 2025, 161 W
Fri Sep 26 13:15:20 IDT 2025, 146 W
Fri Sep 26 13:15:21 IDT 2025, 164 W
Fri Sep 26 13:15:21 IDT 2025, 179 W
Fri Sep 26 13:15:21 IDT 2025, 201 W
Fri Sep 26 13:15:21 IDT 2025, 167 W
Fri Sep 26 13:15:21 IDT 2025, 165 W
Fri Sep 26 13:15:21 IDT 2025, 191 W
Fri Sep 26 13:15:21 IDT 2025, 179 W
Fri Sep 26 13:15:21 IDT 2025, 158 W
Fri Sep 26 13:15:22 IDT 2025, 180 W
Fri Sep 26 13:15:22 IDT 2025, 180 W
Fri Sep 26 13:15:22 IDT 2025, 199 W
Fri Sep 26 13:15:22 IDT 2025, 169 W
Fri Sep 26 13:15:22 IDT 2025, 165 W
Fri Sep 26 13:15:22 IDT 2025, 199 W
Fri Sep 26 13:15:22 IDT 2025, 190 W
Fri Sep 26 13:15:22 IDT 2025, 154 W
Fri Sep 26 13:15:23 IDT 2025, 164 W
Fri Sep 26 13:15:23 IDT 2025, 170 W
Fri Sep 26 13:15:23 IDT 2025, 194 W
Fri Sep 26 13:15:23 IDT 2025, 157 W
Fri Sep 26 13:15:23 IDT 2025, 163 W
Fri Sep 26 13:15:23 IDT 2025, 187 W
Fri Sep 26 13:15:23 IDT 2025, 171 W
Fri Sep 26 13:15:23 IDT 2025, 146 W
Fri Sep 26 13:15:24 IDT 2025, 168 W
Fri Sep 26 13:15:24 IDT 2025, 161 W
Fri Sep 26 13:15:24 IDT 2025, 195 W
Fri Sep 26 13:15:24 IDT 2025, 159 W
Fri Sep 26 13:15:24 IDT 2025, 156 W
Fri Sep 26 13:15:24 IDT 2025, 186 W
Fri Sep 26 13:15:24 IDT 2025, 170 W
Fri Sep 26 13:15:24 IDT 2025, 153 W
Fri Sep 26 13:15:25 IDT 2025, 182 W
Fri Sep 26 13:15:25 IDT 2025, 183 W
Fri Sep 26 13:15:25 IDT 2025, 215 W
Fri Sep 26 13:15:25 IDT 2025, 170 W
Fri Sep 26 13:15:25 IDT 2025, 171 W
Fri Sep 26 13:15:25 IDT 2025, 215 W
Fri Sep 26 13:15:25 IDT 2025, 193 W
Fri Sep 26 13:15:25 IDT 2025, 167 W
Fri Sep 26 13:15:26 IDT 2025, 175 W
Fri Sep 26 13:15:26 IDT 2025, 186 W
Fri Sep 26 13:15:26 IDT 2025, 213 W
Fri Sep 26 13:15:26 IDT 2025, 179 W
Fri Sep 26 13:15:26 IDT 2025, 168 W
Fri Sep 26 13:15:26 IDT 2025, 212 W
Fri Sep 26 13:15:26 IDT 2025, 186 W
Fri Sep 26 13:15:26 IDT 2025, 164 W
Fri Sep 26 13:15:27 IDT 2025, 171 W
Fri Sep 26 13:15:27 IDT 2025, 178 W
Fri Sep 26 13:15:27 IDT 2025, 194 W
Fri Sep 26 13:15:27 IDT 2025, 164 W
Fri Sep 26 13:15:27 IDT 2025, 165 W
Fri Sep 26 13:15:27 IDT 2025, 198 W
Fri Sep 26 13:15:27 IDT 2025, 176 W
Fri Sep 26 13:15:27 IDT 2025, 148 W
Fri Sep 26 13:15:28 IDT 2025, 157 W
Fri Sep 26 13:15:28 IDT 2025, 165 W
Fri Sep 26 13:15:28 IDT 2025, 196 W
Fri Sep 26 13:15:28 IDT 2025, 154 W
Fri Sep 26 13:15:28 IDT 2025, 165 W
Fri Sep 26 13:15:28 IDT 2025, 197 W
Fri Sep 26 13:15:28 IDT 2025, 177 W
Fri Sep 26 13:15:28 IDT 2025, 153 W
Fri Sep 26 13:15:29 IDT 2025, 172 W
Fri Sep 26 13:15:29 IDT 2025, 179 W
Fri Sep 26 13:15:29 IDT 2025, 216 W
Fri Sep 26 13:15:29 IDT 2025, 172 W
Fri Sep 26 13:15:29 IDT 2025, 178 W
Fri Sep 26 13:15:29 IDT 2025, 220 W
Fri Sep 26 13:15:29 IDT 2025, 187 W
Fri Sep 26 13:15:29 IDT 2025, 169 W
Fri Sep 26 13:15:30 IDT 2025, 183 W
Fri Sep 26 13:15:30 IDT 2025, 179 W
Fri Sep 26 13:15:30 IDT 2025, 217 W
Fri Sep 26 13:15:30 IDT 2025, 171 W
Fri Sep 26 13:15:30 IDT 2025, 177 W
Fri Sep 26 13:15:30 IDT 2025, 214 W
Fri Sep 26 13:15:30 IDT 2025, 183 W
Fri Sep 26 13:15:30 IDT 2025, 164 W
Fri Sep 26 13:15:31 IDT 2025, 176 W
Fri Sep 26 13:15:31 IDT 2025, 166 W
Fri Sep 26 13:15:31 IDT 2025, 209 W
Fri Sep 26 13:15:31 IDT 2025, 168 W
Fri Sep 26 13:15:31 IDT 2025, 178 W
Fri Sep 26 13:15:31 IDT 2025, 201 W
Fri Sep 26 13:15:31 IDT 2025, 172 W
Fri Sep 26 13:15:31 IDT 2025, 156 W
Fri Sep 26 13:15:32 IDT 2025, 181 W
Fri Sep 26 13:15:32 IDT 2025, 184 W
Fri Sep 26 13:15:32 IDT 2025, 208 W
Fri Sep 26 13:15:32 IDT 2025, 175 W
Fri Sep 26 13:15:32 IDT 2025, 178 W
Fri Sep 26 13:15:32 IDT 2025, 210 W
Fri Sep 26 13:15:32 IDT 2025, 177 W
Fri Sep 26 13:15:32 IDT 2025, 161 W
Fri Sep 26 13:15:33 IDT 2025, 184 W
Fri Sep 26 13:15:33 IDT 2025, 184 W
Fri Sep 26 13:15:33 IDT 2025, 222 W
Fri Sep 26 13:15:33 IDT 2025, 182 W
Fri Sep 26 13:15:33 IDT 2025, 188 W
Fri Sep 26 13:15:33 IDT 2025, 212 W
Fri Sep 26 13:15:33 IDT 2025, 193 W
Fri Sep 26 13:15:33 IDT 2025, 161 W
Fri Sep 26 13:15:34 IDT 2025, 173 W
Fri Sep 26 13:15:34 IDT 2025, 167 W
Fri Sep 26 13:15:34 IDT 2025, 198 W
Fri Sep 26 13:15:34 IDT 2025, 164 W
Fri Sep 26 13:15:34 IDT 2025, 181 W
Fri Sep 26 13:15:34 IDT 2025, 200 W
Fri Sep 26 13:15:34 IDT 2025, 172 W
Fri Sep 26 13:15:34 IDT 2025, 148 W
Fri Sep 26 13:15:35 IDT 2025, 183 W
Fri Sep 26 13:15:35 IDT 2025, 183 W
Fri Sep 26 13:15:35 IDT 2025, 209 W
Fri Sep 26 13:15:35 IDT 2025, 173 W
Fri Sep 26 13:15:35 IDT 2025, 188 W
Fri Sep 26 13:15:35 IDT 2025, 219 W
Fri Sep 26 13:15:35 IDT 2025, 184 W
Fri Sep 26 13:15:35 IDT 2025, 169 W
Fri Sep 26 13:15:36 IDT 2025, 164 W
Fri Sep 26 13:15:36 IDT 2025, 173 W
Fri Sep 26 13:15:36 IDT 2025, 206 W
Fri Sep 26 13:15:36 IDT 2025, 170 W
Fri Sep 26 13:15:36 IDT 2025, 183 W
Fri Sep 26 13:15:36 IDT 2025, 204 W
Fri Sep 26 13:15:36 IDT 2025, 184 W
Fri Sep 26 13:15:36 IDT 2025, 172 W
Fri Sep 26 13:15:37 IDT 2025, 184 W
Fri Sep 26 13:15:37 IDT 2025, 185 W
Fri Sep 26 13:15:37 IDT 2025, 214 W
Fri Sep 26 13:15:37 IDT 2025, 178 W
Fri Sep 26 13:15:37 IDT 2025, 180 W
Fri Sep 26 13:15:37 IDT 2025, 214 W
Fri Sep 26 13:15:37 IDT 2025, 181 W
Fri Sep 26 13:15:37 IDT 2025, 174 W
Fri Sep 26 13:15:38 IDT 2025, 183 W
Fri Sep 26 13:15:38 IDT 2025, 183 W
Fri Sep 26 13:15:38 IDT 2025, 200 W
Fri Sep 26 13:15:38 IDT 2025, 172 W
Fri Sep 26 13:15:38 IDT 2025, 179 W
Fri Sep 26 13:15:38 IDT 2025, 204 W
Fri Sep 26 13:15:38 IDT 2025, 179 W
Fri Sep 26 13:15:38 IDT 2025, 160 W
Fri Sep 26 13:15:39 IDT 2025, 185 W
Fri Sep 26 13:15:39 IDT 2025, 181 W
Fri Sep 26 13:15:39 IDT 2025, 219 W
Fri Sep 26 13:15:39 IDT 2025, 163 W
Fri Sep 26 13:15:39 IDT 2025, 177 W
Fri Sep 26 13:15:39 IDT 2025, 205 W
Fri Sep 26 13:15:39 IDT 2025, 171 W
Fri Sep 26 13:15:39 IDT 2025, 163 W
Fri Sep 26 13:15:40 IDT 2025, 168 W
Fri Sep 26 13:15:40 IDT 2025, 165 W
Fri Sep 26 13:15:40 IDT 2025, 207 W
Fri Sep 26 13:15:40 IDT 2025, 166 W
Fri Sep 26 13:15:40 IDT 2025, 176 W
Fri Sep 26 13:15:40 IDT 2025, 203 W
Fri Sep 26 13:15:40 IDT 2025, 179 W
Fri Sep 26 13:15:40 IDT 2025, 163 W
Fri Sep 26 13:15:41 IDT 2025, 185 W
Fri Sep 26 13:15:41 IDT 2025, 180 W
Fri Sep 26 13:15:41 IDT 2025, 222 W
Fri Sep 26 13:15:41 IDT 2025, 174 W
Fri Sep 26 13:15:41 IDT 2025, 181 W
Fri Sep 26 13:15:41 IDT 2025, 220 W
Fri Sep 26 13:15:41 IDT 2025, 181 W
Fri Sep 26 13:15:41 IDT 2025, 170 W
Fri Sep 26 13:15:42 IDT 2025, 176 W
Fri Sep 26 13:15:42 IDT 2025, 179 W
Fri Sep 26 13:15:42 IDT 2025, 204 W
Fri Sep 26 13:15:42 IDT 2025, 173 W
Fri Sep 26 13:15:42 IDT 2025, 169 W
Fri Sep 26 13:15:42 IDT 2025, 203 W
Fri Sep 26 13:15:42 IDT 2025, 181 W
Fri Sep 26 13:15:42 IDT 2025, 166 W
Fri Sep 26 13:15:43 IDT 2025, 181 W
Fri Sep 26 13:15:43 IDT 2025, 179 W
Fri Sep 26 13:15:43 IDT 2025, 212 W
Fri Sep 26 13:15:43 IDT 2025, 174 W
Fri Sep 26 13:15:43 IDT 2025, 177 W
Fri Sep 26 13:15:43 IDT 2025, 210 W
Fri Sep 26 13:15:43 IDT 2025, 183 W
Fri Sep 26 13:15:43 IDT 2025, 160 W
Fri Sep 26 13:15:44 IDT 2025, 174 W
Fri Sep 26 13:15:44 IDT 2025, 171 W
Fri Sep 26 13:15:44 IDT 2025, 209 W
Fri Sep 26 13:15:44 IDT 2025, 159 W
Fri Sep 26 13:15:44 IDT 2025, 175 W
Fri Sep 26 13:15:44 IDT 2025, 200 W
Fri Sep 26 13:15:44 IDT 2025, 177 W
Fri Sep 26 13:15:44 IDT 2025, 158 W
Fri Sep 26 13:15:45 IDT 2025, 165 W
Fri Sep 26 13:15:45 IDT 2025, 173 W
Fri Sep 26 13:15:45 IDT 2025, 209 W
Fri Sep 26 13:15:45 IDT 2025, 163 W
Fri Sep 26 13:15:45 IDT 2025, 163 W
Fri Sep 26 13:15:45 IDT 2025, 201 W
Fri Sep 26 13:15:45 IDT 2025, 179 W
Fri Sep 26 13:15:45 IDT 2025, 154 W
Fri Sep 26 13:15:46 IDT 2025, 167 W
Fri Sep 26 13:15:46 IDT 2025, 161 W
Fri Sep 26 13:15:46 IDT 2025, 190 W
Fri Sep 26 13:15:46 IDT 2025, 161 W
Fri Sep 26 13:15:46 IDT 2025, 164 W
Fri Sep 26 13:15:46 IDT 2025, 190 W
Fri Sep 26 13:15:46 IDT 2025, 163 W
Fri Sep 26 13:15:46 IDT 2025, 154 W
Fri Sep 26 13:15:47 IDT 2025, 172 W
Fri Sep 26 13:15:47 IDT 2025, 176 W
Fri Sep 26 13:15:47 IDT 2025, 204 W
Fri Sep 26 13:15:47 IDT 2025, 166 W
Fri Sep 26 13:15:47 IDT 2025, 168 W
Fri Sep 26 13:15:47 IDT 2025, 196 W
Fri Sep 26 13:15:47 IDT 2025, 173 W
Fri Sep 26 13:15:47 IDT 2025, 160 W
Fri Sep 26 13:15:48 IDT 2025, 181 W
Fri Sep 26 13:15:48 IDT 2025, 179 W
Fri Sep 26 13:15:48 IDT 2025, 218 W
Fri Sep 26 13:15:48 IDT 2025, 171 W
Fri Sep 26 13:15:48 IDT 2025, 175 W
Fri Sep 26 13:15:48 IDT 2025, 199 W
Fri Sep 26 13:15:48 IDT 2025, 182 W
Fri Sep 26 13:15:48 IDT 2025, 161 W
Fri Sep 26 13:15:49 IDT 2025, 170 W
Fri Sep 26 13:15:49 IDT 2025, 173 W
Fri Sep 26 13:15:49 IDT 2025, 201 W
Fri Sep 26 13:15:49 IDT 2025, 172 W
Fri Sep 26 13:15:49 IDT 2025, 174 W
Fri Sep 26 13:15:49 IDT 2025, 196 W
Fri Sep 26 13:15:49 IDT 2025, 182 W
Fri Sep 26 13:15:49 IDT 2025, 163 W
Fri Sep 26 13:15:50 IDT 2025, 171 W
Fri Sep 26 13:15:50 IDT 2025, 167 W
Fri Sep 26 13:15:50 IDT 2025, 200 W
Fri Sep 26 13:15:50 IDT 2025, 169 W
Fri Sep 26 13:15:50 IDT 2025, 167 W
Fri Sep 26 13:15:50 IDT 2025, 199 W
Fri Sep 26 13:15:50 IDT 2025, 167 W
Fri Sep 26 13:15:50 IDT 2025, 150 W
Fri Sep 26 13:15:51 IDT 2025, 183 W
Fri Sep 26 13:15:51 IDT 2025, 178 W
Fri Sep 26 13:15:51 IDT 2025, 203 W
Fri Sep 26 13:15:51 IDT 2025, 173 W
Fri Sep 26 13:15:51 IDT 2025, 184 W
Fri Sep 26 13:15:51 IDT 2025, 201 W
Fri Sep 26 13:15:51 IDT 2025, 180 W
Fri Sep 26 13:15:51 IDT 2025, 165 W
Fri Sep 26 13:15:52 IDT 2025, 171 W
Fri Sep 26 13:15:52 IDT 2025, 170 W
Fri Sep 26 13:15:52 IDT 2025, 205 W
Fri Sep 26 13:15:52 IDT 2025, 170 W
Fri Sep 26 13:15:52 IDT 2025, 180 W
Fri Sep 26 13:15:52 IDT 2025, 201 W
Fri Sep 26 13:15:52 IDT 2025, 170 W
Fri Sep 26 13:15:52 IDT 2025, 161 W
Fri Sep 26 13:15:53 IDT 2025, 175 W
Fri Sep 26 13:15:53 IDT 2025, 175 W
Fri Sep 26 13:15:53 IDT 2025, 193 W
Fri Sep 26 13:15:53 IDT 2025, 167 W
Fri Sep 26 13:15:53 IDT 2025, 176 W
Fri Sep 26 13:15:53 IDT 2025, 201 W
Fri Sep 26 13:15:53 IDT 2025, 177 W
Fri Sep 26 13:15:53 IDT 2025, 161 W
Fri Sep 26 13:15:54 IDT 2025, 181 W
Fri Sep 26 13:15:54 IDT 2025, 174 W
Fri Sep 26 13:15:54 IDT 2025, 205 W
Fri Sep 26 13:15:54 IDT 2025, 173 W
Fri Sep 26 13:15:54 IDT 2025, 180 W
Fri Sep 26 13:15:54 IDT 2025, 200 W
Fri Sep 26 13:15:54 IDT 2025, 174 W
Fri Sep 26 13:15:54 IDT 2025, 162 W
Fri Sep 26 13:15:55 IDT 2025, 173 W
Fri Sep 26 13:15:55 IDT 2025, 175 W
Fri Sep 26 13:15:55 IDT 2025, 207 W
Fri Sep 26 13:15:55 IDT 2025, 167 W
Fri Sep 26 13:15:55 IDT 2025, 175 W
Fri Sep 26 13:15:55 IDT 2025, 204 W
Fri Sep 26 13:15:55 IDT 2025, 182 W
Fri Sep 26 13:15:55 IDT 2025, 166 W
Fri Sep 26 13:15:56 IDT 2025, 161 W
Fri Sep 26 13:15:56 IDT 2025, 154 W
Fri Sep 26 13:15:56 IDT 2025, 198 W
Fri Sep 26 13:15:56 IDT 2025, 157 W
Fri Sep 26 13:15:56 IDT 2025, 164 W
Fri Sep 26 13:15:56 IDT 2025, 192 W
Fri Sep 26 13:15:56 IDT 2025, 160 W
Fri Sep 26 13:15:56 IDT 2025, 143 W
Fri Sep 26 13:15:57 IDT 2025, 176 W
Fri Sep 26 13:15:57 IDT 2025, 185 W
Fri Sep 26 13:15:57 IDT 2025, 213 W
Fri Sep 26 13:15:57 IDT 2025, 176 W
Fri Sep 26 13:15:57 IDT 2025, 172 W
Fri Sep 26 13:15:57 IDT 2025, 208 W
Fri Sep 26 13:15:57 IDT 2025, 187 W
Fri Sep 26 13:15:57 IDT 2025, 160 W
Fri Sep 26 13:15:58 IDT 2025, 164 W
Fri Sep 26 13:15:58 IDT 2025, 177 W
Fri Sep 26 13:15:58 IDT 2025, 204 W
Fri Sep 26 13:15:58 IDT 2025, 173 W
Fri Sep 26 13:15:58 IDT 2025, 179 W
Fri Sep 26 13:15:58 IDT 2025, 198 W
Fri Sep 26 13:15:58 IDT 2025, 169 W
Fri Sep 26 13:15:58 IDT 2025, 162 W
Fri Sep 26 13:15:59 IDT 2025, 183 W
Fri Sep 26 13:15:59 IDT 2025, 181 W
Fri Sep 26 13:15:59 IDT 2025, 211 W
Fri Sep 26 13:15:59 IDT 2025, 181 W
Fri Sep 26 13:15:59 IDT 2025, 188 W
Fri Sep 26 13:15:59 IDT 2025, 206 W
Fri Sep 26 13:15:59 IDT 2025, 179 W
Fri Sep 26 13:15:59 IDT 2025, 171 W
Fri Sep 26 13:16:00 IDT 2025, 164 W
Fri Sep 26 13:16:00 IDT 2025, 172 W
Fri Sep 26 13:16:00 IDT 2025, 200 W
Fri Sep 26 13:16:00 IDT 2025, 167 W
Fri Sep 26 13:16:00 IDT 2025, 172 W
Fri Sep 26 13:16:00 IDT 2025, 199 W
Fri Sep 26 13:16:00 IDT 2025, 175 W
Fri Sep 26 13:16:00 IDT 2025, 154 W
Fri Sep 26 13:16:01 IDT 2025, 174 W
Fri Sep 26 13:16:01 IDT 2025, 185 W
Fri Sep 26 13:16:01 IDT 2025, 209 W
Fri Sep 26 13:16:01 IDT 2025, 175 W
Fri Sep 26 13:16:01 IDT 2025, 179 W
Fri Sep 26 13:16:01 IDT 2025, 202 W
Fri Sep 26 13:16:01 IDT 2025, 187 W
Fri Sep 26 13:16:01 IDT 2025, 163 W
Fri Sep 26 13:16:02 IDT 2025, 175 W
Fri Sep 26 13:16:02 IDT 2025, 188 W
Fri Sep 26 13:16:02 IDT 2025, 213 W
Fri Sep 26 13:16:02 IDT 2025, 175 W
Fri Sep 26 13:16:02 IDT 2025, 178 W
Fri Sep 26 13:16:02 IDT 2025, 210 W
Fri Sep 26 13:16:02 IDT 2025, 188 W
Fri Sep 26 13:16:02 IDT 2025, 167 W
Fri Sep 26 13:16:03 IDT 2025, 175 W
Fri Sep 26 13:16:03 IDT 2025, 171 W
Fri Sep 26 13:16:03 IDT 2025, 195 W
Fri Sep 26 13:16:03 IDT 2025, 173 W
Fri Sep 26 13:16:03 IDT 2025, 165 W
Fri Sep 26 13:16:03 IDT 2025, 195 W
Fri Sep 26 13:16:03 IDT 2025, 169 W
Fri Sep 26 13:16:03 IDT 2025, 158 W
Fri Sep 26 13:16:04 IDT 2025, 169 W
Fri Sep 26 13:16:04 IDT 2025, 168 W
Fri Sep 26 13:16:04 IDT 2025, 199 W
Fri Sep 26 13:16:04 IDT 2025, 165 W
Fri Sep 26 13:16:04 IDT 2025, 171 W
Fri Sep 26 13:16:04 IDT 2025, 205 W
Fri Sep 26 13:16:04 IDT 2025, 179 W
Fri Sep 26 13:16:04 IDT 2025, 157 W
Fri Sep 26 13:16:05 IDT 2025, 180 W
Fri Sep 26 13:16:05 IDT 2025, 183 W
Fri Sep 26 13:16:05 IDT 2025, 216 W
Fri Sep 26 13:16:05 IDT 2025, 178 W
Fri Sep 26 13:16:05 IDT 2025, 183 W
Fri Sep 26 13:16:05 IDT 2025, 221 W
Fri Sep 26 13:16:05 IDT 2025, 193 W
Fri Sep 26 13:16:05 IDT 2025, 172 W
Fri Sep 26 13:16:06 IDT 2025, 173 W
Fri Sep 26 13:16:06 IDT 2025, 178 W
Fri Sep 26 13:16:06 IDT 2025, 212 W
Fri Sep 26 13:16:06 IDT 2025, 170 W
Fri Sep 26 13:16:06 IDT 2025, 178 W
Fri Sep 26 13:16:06 IDT 2025, 202 W
Fri Sep 26 13:16:06 IDT 2025, 187 W
Fri Sep 26 13:16:06 IDT 2025, 164 W
Fri Sep 26 13:16:07 IDT 2025, 169 W
Fri Sep 26 13:16:07 IDT 2025, 172 W
Fri Sep 26 13:16:07 IDT 2025, 199 W
Fri Sep 26 13:16:07 IDT 2025, 172 W
Fri Sep 26 13:16:07 IDT 2025, 162 W
Fri Sep 26 13:16:07 IDT 2025, 198 W
Fri Sep 26 13:16:07 IDT 2025, 178 W
Fri Sep 26 13:16:07 IDT 2025, 159 W
Fri Sep 26 13:16:08 IDT 2025, 160 W
Fri Sep 26 13:16:08 IDT 2025, 168 W
Fri Sep 26 13:16:08 IDT 2025, 200 W
Fri Sep 26 13:16:08 IDT 2025, 165 W
Fri Sep 26 13:16:08 IDT 2025, 167 W
Fri Sep 26 13:16:08 IDT 2025, 199 W
Fri Sep 26 13:16:08 IDT 2025, 168 W
Fri Sep 26 13:16:08 IDT 2025, 157 W
Fri Sep 26 13:16:09 IDT 2025, 179 W
Fri Sep 26 13:16:09 IDT 2025, 175 W
Fri Sep 26 13:16:09 IDT 2025, 209 W
Fri Sep 26 13:16:09 IDT 2025, 173 W
Fri Sep 26 13:16:09 IDT 2025, 182 W
Fri Sep 26 13:16:09 IDT 2025, 200 W
Fri Sep 26 13:16:09 IDT 2025, 178 W
Fri Sep 26 13:16:09 IDT 2025, 163 W
Fri Sep 26 13:16:10 IDT 2025, 183 W
Fri Sep 26 13:16:10 IDT 2025, 186 W
Fri Sep 26 13:16:10 IDT 2025, 216 W
Fri Sep 26 13:16:10 IDT 2025, 176 W
Fri Sep 26 13:16:10 IDT 2025, 173 W
Fri Sep 26 13:16:10 IDT 2025, 211 W
Fri Sep 26 13:16:10 IDT 2025, 191 W
Fri Sep 26 13:16:10 IDT 2025, 167 W
Fri Sep 26 13:16:11 IDT 2025, 161 W
Fri Sep 26 13:16:11 IDT 2025, 167 W
Fri Sep 26 13:16:11 IDT 2025, 194 W
Fri Sep 26 13:16:11 IDT 2025, 161 W
Fri Sep 26 13:16:11 IDT 2025, 161 W
Fri Sep 26 13:16:11 IDT 2025, 195 W
Fri Sep 26 13:16:11 IDT 2025, 179 W
Fri Sep 26 13:16:11 IDT 2025, 152 W
Fri Sep 26 13:16:12 IDT 2025, 179 W
Fri Sep 26 13:16:12 IDT 2025, 172 W
Fri Sep 26 13:16:12 IDT 2025, 204 W
Fri Sep 26 13:16:12 IDT 2025, 165 W
Fri Sep 26 13:16:12 IDT 2025, 166 W
Fri Sep 26 13:16:12 IDT 2025, 194 W
Fri Sep 26 13:16:12 IDT 2025, 174 W
Fri Sep 26 13:16:12 IDT 2025, 162 W
Fri Sep 26 13:16:13 IDT 2025, 166 W
Fri Sep 26 13:16:13 IDT 2025, 161 W
Fri Sep 26 13:16:13 IDT 2025, 197 W
Fri Sep 26 13:16:13 IDT 2025, 153 W
Fri Sep 26 13:16:13 IDT 2025, 156 W
Fri Sep 26 13:16:13 IDT 2025, 194 W
Fri Sep 26 13:16:13 IDT 2025, 165 W
Fri Sep 26 13:16:13 IDT 2025, 151 W
Fri Sep 26 13:16:14 IDT 2025, 170 W
Fri Sep 26 13:16:14 IDT 2025, 170 W
Fri Sep 26 13:16:14 IDT 2025, 192 W
Fri Sep 26 13:16:14 IDT 2025, 158 W
Fri Sep 26 13:16:14 IDT 2025, 162 W
Fri Sep 26 13:16:14 IDT 2025, 196 W
Fri Sep 26 13:16:14 IDT 2025, 164 W
Fri Sep 26 13:16:14 IDT 2025, 148 W
Fri Sep 26 13:16:15 IDT 2025, 180 W
Fri Sep 26 13:16:15 IDT 2025, 179 W
Fri Sep 26 13:16:15 IDT 2025, 214 W
Fri Sep 26 13:16:15 IDT 2025, 170 W
Fri Sep 26 13:16:15 IDT 2025, 186 W
Fri Sep 26 13:16:15 IDT 2025, 211 W
Fri Sep 26 13:16:15 IDT 2025, 188 W
Fri Sep 26 13:16:15 IDT 2025, 154 W
Fri Sep 26 13:16:16 IDT 2025, 168 W
Fri Sep 26 13:16:16 IDT 2025, 171 W
Fri Sep 26 13:16:16 IDT 2025, 202 W
Fri Sep 26 13:16:16 IDT 2025, 173 W
Fri Sep 26 13:16:16 IDT 2025, 175 W
Fri Sep 26 13:16:16 IDT 2025, 198 W
Fri Sep 26 13:16:16 IDT 2025, 177 W
Fri Sep 26 13:16:16 IDT 2025, 153 W
Fri Sep 26 13:16:17 IDT 2025, 178 W
Fri Sep 26 13:16:17 IDT 2025, 175 W
Fri Sep 26 13:16:17 IDT 2025, 199 W
Fri Sep 26 13:16:17 IDT 2025, 171 W
Fri Sep 26 13:16:17 IDT 2025, 176 W
Fri Sep 26 13:16:17 IDT 2025, 203 W
Fri Sep 26 13:16:17 IDT 2025, 174 W
Fri Sep 26 13:16:17 IDT 2025, 156 W
Fri Sep 26 13:16:18 IDT 2025, 168 W
Fri Sep 26 13:16:18 IDT 2025, 172 W
Fri Sep 26 13:16:18 IDT 2025, 199 W
Fri Sep 26 13:16:18 IDT 2025, 160 W
Fri Sep 26 13:16:18 IDT 2025, 159 W
Fri Sep 26 13:16:18 IDT 2025, 202 W
Fri Sep 26 13:16:18 IDT 2025, 168 W
Fri Sep 26 13:16:18 IDT 2025, 158 W
Fri Sep 26 13:16:19 IDT 2025, 178 W
Fri Sep 26 13:16:19 IDT 2025, 166 W
Fri Sep 26 13:16:19 IDT 2025, 212 W
Fri Sep 26 13:16:19 IDT 2025, 165 W
Fri Sep 26 13:16:19 IDT 2025, 178 W
Fri Sep 26 13:16:19 IDT 2025, 201 W
Fri Sep 26 13:16:19 IDT 2025, 182 W
Fri Sep 26 13:16:19 IDT 2025, 165 W
Fri Sep 26 13:16:20 IDT 2025, 172 W
Fri Sep 26 13:16:20 IDT 2025, 187 W
Fri Sep 26 13:16:20 IDT 2025, 212 W
Fri Sep 26 13:16:20 IDT 2025, 177 W
Fri Sep 26 13:16:20 IDT 2025, 189 W
Fri Sep 26 13:16:20 IDT 2025, 211 W
Fri Sep 26 13:16:20 IDT 2025, 180 W
Fri Sep 26 13:16:20 IDT 2025, 167 W
Fri Sep 26 13:16:21 IDT 2025, 178 W
Fri Sep 26 13:16:21 IDT 2025, 179 W
Fri Sep 26 13:16:21 IDT 2025, 213 W
Fri Sep 26 13:16:21 IDT 2025, 170 W
Fri Sep 26 13:16:21 IDT 2025, 181 W
Fri Sep 26 13:16:21 IDT 2025, 205 W
Fri Sep 26 13:16:21 IDT 2025, 189 W
Fri Sep 26 13:16:21 IDT 2025, 163 W
Fri Sep 26 13:16:22 IDT 2025, 168 W
Fri Sep 26 13:16:22 IDT 2025, 169 W
Fri Sep 26 13:16:22 IDT 2025, 201 W
Fri Sep 26 13:16:22 IDT 2025, 166 W
Fri Sep 26 13:16:22 IDT 2025, 165 W
Fri Sep 26 13:16:22 IDT 2025, 195 W
Fri Sep 26 13:16:22 IDT 2025, 179 W
Fri Sep 26 13:16:22 IDT 2025, 151 W
Fri Sep 26 13:16:23 IDT 2025, 186 W
Fri Sep 26 13:16:23 IDT 2025, 191 W
Fri Sep 26 13:16:23 IDT 2025, 208 W
Fri Sep 26 13:16:23 IDT 2025, 179 W
Fri Sep 26 13:16:23 IDT 2025, 172 W
Fri Sep 26 13:16:23 IDT 2025, 205 W
Fri Sep 26 13:16:23 IDT 2025, 187 W
Fri Sep 26 13:16:23 IDT 2025, 166 W
Fri Sep 26 13:16:24 IDT 2025, 177 W
Fri Sep 26 13:16:24 IDT 2025, 185 W
Fri Sep 26 13:16:24 IDT 2025, 212 W
Fri Sep 26 13:16:24 IDT 2025, 171 W
Fri Sep 26 13:16:24 IDT 2025, 181 W
Fri Sep 26 13:16:24 IDT 2025, 209 W
Fri Sep 26 13:16:24 IDT 2025, 181 W
Fri Sep 26 13:16:24 IDT 2025, 162 W
Fri Sep 26 13:16:25 IDT 2025, 183 W
Fri Sep 26 13:16:25 IDT 2025, 180 W
Fri Sep 26 13:16:25 IDT 2025, 214 W
Fri Sep 26 13:16:25 IDT 2025, 174 W
Fri Sep 26 13:16:25 IDT 2025, 170 W
Fri Sep 26 13:16:25 IDT 2025, 206 W
Fri Sep 26 13:16:25 IDT 2025, 179 W
Fri Sep 26 13:16:25 IDT 2025, 169 W
Fri Sep 26 13:16:26 IDT 2025, 158 W
Fri Sep 26 13:16:26 IDT 2025, 162 W
Fri Sep 26 13:16:26 IDT 2025, 191 W
Fri Sep 26 13:16:26 IDT 2025, 151 W
Fri Sep 26 13:16:26 IDT 2025, 154 W
Fri Sep 26 13:16:26 IDT 2025, 196 W
Fri Sep 26 13:16:26 IDT 2025, 163 W
Fri Sep 26 13:16:26 IDT 2025, 144 W
Fri Sep 26 13:16:27 IDT 2025, 162 W
Fri Sep 26 13:16:27 IDT 2025, 170 W
Fri Sep 26 13:16:27 IDT 2025, 203 W
Fri Sep 26 13:16:27 IDT 2025, 164 W
Fri Sep 26 13:16:27 IDT 2025, 173 W
Fri Sep 26 13:16:27 IDT 2025, 201 W
Fri Sep 26 13:16:27 IDT 2025, 180 W
Fri Sep 26 13:16:27 IDT 2025, 158 W
Fri Sep 26 13:16:28 IDT 2025, 156 W
Fri Sep 26 13:16:28 IDT 2025, 174 W
Fri Sep 26 13:16:28 IDT 2025, 203 W
Fri Sep 26 13:16:28 IDT 2025, 169 W
Fri Sep 26 13:16:28 IDT 2025, 166 W
Fri Sep 26 13:16:28 IDT 2025, 194 W
Fri Sep 26 13:16:28 IDT 2025, 176 W
Fri Sep 26 13:16:28 IDT 2025, 153 W
Fri Sep 26 13:16:29 IDT 2025, 181 W
Fri Sep 26 13:16:29 IDT 2025, 180 W
Fri Sep 26 13:16:29 IDT 2025, 208 W
Fri Sep 26 13:16:29 IDT 2025, 166 W
Fri Sep 26 13:16:29 IDT 2025, 174 W
Fri Sep 26 13:16:29 IDT 2025, 194 W
Fri Sep 26 13:16:29 IDT 2025, 177 W
Fri Sep 26 13:16:29 IDT 2025, 156 W
Fri Sep 26 13:16:30 IDT 2025, 178 W
Fri Sep 26 13:16:30 IDT 2025, 175 W
Fri Sep 26 13:16:30 IDT 2025, 213 W
Fri Sep 26 13:16:30 IDT 2025, 170 W
Fri Sep 26 13:16:30 IDT 2025, 175 W
Fri Sep 26 13:16:30 IDT 2025, 202 W
Fri Sep 26 13:16:30 IDT 2025, 184 W
Fri Sep 26 13:16:30 IDT 2025, 168 W
Fri Sep 26 13:16:31 IDT 2025, 173 W
Fri Sep 26 13:16:31 IDT 2025, 168 W
Fri Sep 26 13:16:31 IDT 2025, 208 W
Fri Sep 26 13:16:31 IDT 2025, 172 W
Fri Sep 26 13:16:31 IDT 2025, 172 W
Fri Sep 26 13:16:31 IDT 2025, 201 W
Fri Sep 26 13:16:31 IDT 2025, 192 W
Fri Sep 26 13:16:31 IDT 2025, 163 W
Fri Sep 26 13:16:32 IDT 2025, 174 W
Fri Sep 26 13:16:32 IDT 2025, 171 W
Fri Sep 26 13:16:32 IDT 2025, 198 W
Fri Sep 26 13:16:32 IDT 2025, 171 W
Fri Sep 26 13:16:32 IDT 2025, 179 W
Fri Sep 26 13:16:32 IDT 2025, 200 W
Fri Sep 26 13:16:32 IDT 2025, 176 W
Fri Sep 26 13:16:32 IDT 2025, 162 W
Fri Sep 26 13:16:33 IDT 2025, 174 W
Fri Sep 26 13:16:33 IDT 2025, 179 W
Fri Sep 26 13:16:33 IDT 2025, 198 W
Fri Sep 26 13:16:33 IDT 2025, 165 W
Fri Sep 26 13:16:33 IDT 2025, 180 W
Fri Sep 26 13:16:33 IDT 2025, 207 W
Fri Sep 26 13:16:33 IDT 2025, 182 W
Fri Sep 26 13:16:33 IDT 2025, 163 W
Fri Sep 26 13:16:34 IDT 2025, 176 W
Fri Sep 26 13:16:34 IDT 2025, 183 W
Fri Sep 26 13:16:34 IDT 2025, 209 W
Fri Sep 26 13:16:34 IDT 2025, 170 W
Fri Sep 26 13:16:34 IDT 2025, 178 W
Fri Sep 26 13:16:34 IDT 2025, 211 W
Fri Sep 26 13:16:34 IDT 2025, 189 W
Fri Sep 26 13:16:34 IDT 2025, 169 W
Fri Sep 26 13:16:35 IDT 2025, 178 W
Fri Sep 26 13:16:35 IDT 2025, 173 W
Fri Sep 26 13:16:35 IDT 2025, 196 W
Fri Sep 26 13:16:35 IDT 2025, 171 W
Fri Sep 26 13:16:35 IDT 2025, 176 W
Fri Sep 26 13:16:35 IDT 2025, 197 W
Fri Sep 26 13:16:35 IDT 2025, 177 W
Fri Sep 26 13:16:35 IDT 2025, 158 W
Fri Sep 26 13:16:36 IDT 2025, 180 W
Fri Sep 26 13:16:36 IDT 2025, 183 W
Fri Sep 26 13:16:36 IDT 2025, 197 W
Fri Sep 26 13:16:36 IDT 2025, 168 W
Fri Sep 26 13:16:36 IDT 2025, 181 W
Fri Sep 26 13:16:36 IDT 2025, 207 W
Fri Sep 26 13:16:36 IDT 2025, 185 W
Fri Sep 26 13:16:36 IDT 2025, 162 W
Fri Sep 26 13:16:37 IDT 2025, 175 W
Fri Sep 26 13:16:37 IDT 2025, 175 W
Fri Sep 26 13:16:37 IDT 2025, 202 W
Fri Sep 26 13:16:37 IDT 2025, 169 W
Fri Sep 26 13:16:37 IDT 2025, 179 W
Fri Sep 26 13:16:37 IDT 2025, 198 W
Fri Sep 26 13:16:37 IDT 2025, 183 W
Fri Sep 26 13:16:37 IDT 2025, 156 W
Fri Sep 26 13:16:38 IDT 2025, 186 W
Fri Sep 26 13:16:38 IDT 2025, 178 W
Fri Sep 26 13:16:38 IDT 2025, 201 W
Fri Sep 26 13:16:38 IDT 2025, 164 W
Fri Sep 26 13:16:38 IDT 2025, 180 W
Fri Sep 26 13:16:38 IDT 2025, 207 W
Fri Sep 26 13:16:38 IDT 2025, 186 W
Fri Sep 26 13:16:38 IDT 2025, 158 W
Fri Sep 26 13:16:39 IDT 2025, 169 W
Fri Sep 26 13:16:39 IDT 2025, 176 W
Fri Sep 26 13:16:39 IDT 2025, 202 W
Fri Sep 26 13:16:39 IDT 2025, 161 W
Fri Sep 26 13:16:39 IDT 2025, 173 W
Fri Sep 26 13:16:39 IDT 2025, 207 W
Fri Sep 26 13:16:39 IDT 2025, 179 W
Fri Sep 26 13:16:39 IDT 2025, 160 W
Fri Sep 26 13:16:40 IDT 2025, 165 W
Fri Sep 26 13:16:40 IDT 2025, 155 W
Fri Sep 26 13:16:40 IDT 2025, 196 W
Fri Sep 26 13:16:40 IDT 2025, 159 W
Fri Sep 26 13:16:40 IDT 2025, 170 W
Fri Sep 26 13:16:40 IDT 2025, 187 W
Fri Sep 26 13:16:40 IDT 2025, 165 W
Fri Sep 26 13:16:40 IDT 2025, 143 W
Fri Sep 26 13:16:41 IDT 2025, 184 W
Fri Sep 26 13:16:41 IDT 2025, 172 W
Fri Sep 26 13:16:41 IDT 2025, 195 W
Fri Sep 26 13:16:41 IDT 2025, 174 W
Fri Sep 26 13:16:41 IDT 2025, 177 W
Fri Sep 26 13:16:41 IDT 2025, 208 W
Fri Sep 26 13:16:41 IDT 2025, 178 W
Fri Sep 26 13:16:41 IDT 2025, 166 W
Fri Sep 26 13:16:42 IDT 2025, 179 W
Fri Sep 26 13:16:42 IDT 2025, 184 W
Fri Sep 26 13:16:42 IDT 2025, 199 W
Fri Sep 26 13:16:42 IDT 2025, 165 W
Fri Sep 26 13:16:42 IDT 2025, 171 W
Fri Sep 26 13:16:42 IDT 2025, 205 W
Fri Sep 26 13:16:42 IDT 2025, 189 W
Fri Sep 26 13:16:42 IDT 2025, 160 W
Fri Sep 26 13:16:43 IDT 2025, 176 W
Fri Sep 26 13:16:43 IDT 2025, 176 W
Fri Sep 26 13:16:43 IDT 2025, 199 W
Fri Sep 26 13:16:43 IDT 2025, 175 W
Fri Sep 26 13:16:43 IDT 2025, 180 W
Fri Sep 26 13:16:43 IDT 2025, 205 W
Fri Sep 26 13:16:43 IDT 2025, 193 W
Fri Sep 26 13:16:43 IDT 2025, 163 W
Fri Sep 26 13:16:44 IDT 2025, 168 W
Fri Sep 26 13:16:44 IDT 2025, 178 W
Fri Sep 26 13:16:44 IDT 2025, 202 W
Fri Sep 26 13:16:44 IDT 2025, 160 W
Fri Sep 26 13:16:44 IDT 2025, 171 W
Fri Sep 26 13:16:44 IDT 2025, 192 W
Fri Sep 26 13:16:44 IDT 2025, 182 W
Fri Sep 26 13:16:44 IDT 2025, 151 W
Fri Sep 26 13:16:45 IDT 2025, 183 W
Fri Sep 26 13:16:45 IDT 2025, 180 W
Fri Sep 26 13:16:45 IDT 2025, 206 W
Fri Sep 26 13:16:45 IDT 2025, 176 W
Fri Sep 26 13:16:45 IDT 2025, 185 W
Fri Sep 26 13:16:45 IDT 2025, 213 W
Fri Sep 26 13:16:45 IDT 2025, 190 W
Fri Sep 26 13:16:45 IDT 2025, 168 W
Fri Sep 26 13:16:46 IDT 2025, 169 W
Fri Sep 26 13:16:46 IDT 2025, 166 W
Fri Sep 26 13:16:46 IDT 2025, 203 W
Fri Sep 26 13:16:46 IDT 2025, 165 W
Fri Sep 26 13:16:46 IDT 2025, 176 W
Fri Sep 26 13:16:46 IDT 2025, 205 W
Fri Sep 26 13:16:46 IDT 2025, 171 W
Fri Sep 26 13:16:46 IDT 2025, 161 W
Fri Sep 26 13:16:47 IDT 2025, 189 W
Fri Sep 26 13:16:47 IDT 2025, 171 W
Fri Sep 26 13:16:47 IDT 2025, 213 W
Fri Sep 26 13:16:47 IDT 2025, 176 W
Fri Sep 26 13:16:47 IDT 2025, 181 W
Fri Sep 26 13:16:47 IDT 2025, 205 W
Fri Sep 26 13:16:47 IDT 2025, 190 W
Fri Sep 26 13:16:47 IDT 2025, 172 W
Fri Sep 26 13:16:48 IDT 2025, 167 W
Fri Sep 26 13:16:48 IDT 2025, 143 W
Fri Sep 26 13:16:48 IDT 2025, 194 W
Fri Sep 26 13:16:48 IDT 2025, 154 W
Fri Sep 26 13:16:48 IDT 2025, 161 W
Fri Sep 26 13:16:48 IDT 2025, 187 W
Fri Sep 26 13:16:48 IDT 2025, 167 W
Fri Sep 26 13:16:48 IDT 2025, 153 W
Fri Sep 26 13:16:49 IDT 2025, 189 W
Fri Sep 26 13:16:49 IDT 2025, 164 W
Fri Sep 26 13:16:49 IDT 2025, 205 W
Fri Sep 26 13:16:49 IDT 2025, 168 W
Fri Sep 26 13:16:49 IDT 2025, 177 W
Fri Sep 26 13:16:49 IDT 2025, 204 W
Fri Sep 26 13:16:49 IDT 2025, 177 W
Fri Sep 26 13:16:49 IDT 2025, 163 W
Fri Sep 26 13:16:50 IDT 2025, 176 W
Fri Sep 26 13:16:50 IDT 2025, 177 W
Fri Sep 26 13:16:50 IDT 2025, 206 W
Fri Sep 26 13:16:50 IDT 2025, 174 W
Fri Sep 26 13:16:50 IDT 2025, 179 W
Fri Sep 26 13:16:50 IDT 2025, 200 W
Fri Sep 26 13:16:50 IDT 2025, 181 W
Fri Sep 26 13:16:50 IDT 2025, 161 W
Fri Sep 26 13:16:51 IDT 2025, 185 W
Fri Sep 26 13:16:51 IDT 2025, 163 W
Fri Sep 26 13:16:51 IDT 2025, 199 W
Fri Sep 26 13:16:51 IDT 2025, 171 W
Fri Sep 26 13:16:51 IDT 2025, 177 W
Fri Sep 26 13:16:51 IDT 2025, 196 W
Fri Sep 26 13:16:51 IDT 2025, 181 W
Fri Sep 26 13:16:51 IDT 2025, 164 W
Fri Sep 26 13:16:52 IDT 2025, 181 W
Fri Sep 26 13:16:52 IDT 2025, 183 W
Fri Sep 26 13:16:52 IDT 2025, 221 W
Fri Sep 26 13:16:52 IDT 2025, 176 W
Fri Sep 26 13:16:52 IDT 2025, 181 W
Fri Sep 26 13:16:52 IDT 2025, 209 W
Fri Sep 26 13:16:52 IDT 2025, 187 W
Fri Sep 26 13:16:52 IDT 2025, 165 W
Fri Sep 26 13:16:53 IDT 2025, 176 W
Fri Sep 26 13:16:53 IDT 2025, 172 W
Fri Sep 26 13:16:53 IDT 2025, 205 W
Fri Sep 26 13:16:53 IDT 2025, 170 W
Fri Sep 26 13:16:53 IDT 2025, 169 W
Fri Sep 26 13:16:53 IDT 2025, 197 W
Fri Sep 26 13:16:53 IDT 2025, 178 W
Fri Sep 26 13:16:53 IDT 2025, 163 W
Fri Sep 26 13:16:54 IDT 2025, 179 W
Fri Sep 26 13:16:54 IDT 2025, 185 W
Fri Sep 26 13:16:54 IDT 2025, 209 W
Fri Sep 26 13:16:54 IDT 2025, 171 W
Fri Sep 26 13:16:54 IDT 2025, 172 W
Fri Sep 26 13:16:54 IDT 2025, 211 W
Fri Sep 26 13:16:54 IDT 2025, 186 W
Fri Sep 26 13:16:54 IDT 2025, 160 W
Fri Sep 26 13:16:55 IDT 2025, 164 W
Fri Sep 26 13:16:55 IDT 2025, 164 W
Fri Sep 26 13:16:55 IDT 2025, 193 W
Fri Sep 26 13:16:55 IDT 2025, 153 W
Fri Sep 26 13:16:55 IDT 2025, 172 W
Fri Sep 26 13:16:55 IDT 2025, 188 W
Fri Sep 26 13:16:55 IDT 2025, 168 W
Fri Sep 26 13:16:55 IDT 2025, 149 W
Fri Sep 26 13:16:56 IDT 2025, 169 W
Fri Sep 26 13:16:56 IDT 2025, 169 W
Fri Sep 26 13:16:56 IDT 2025, 199 W
Fri Sep 26 13:16:56 IDT 2025, 153 W
Fri Sep 26 13:16:56 IDT 2025, 158 W
Fri Sep 26 13:16:56 IDT 2025, 196 W
Fri Sep 26 13:16:56 IDT 2025, 166 W
Fri Sep 26 13:16:56 IDT 2025, 148 W
Fri Sep 26 13:16:57 IDT 2025, 176 W
Fri Sep 26 13:16:57 IDT 2025, 181 W
Fri Sep 26 13:16:57 IDT 2025, 210 W
Fri Sep 26 13:16:57 IDT 2025, 181 W
Fri Sep 26 13:16:57 IDT 2025, 165 W
Fri Sep 26 13:16:57 IDT 2025, 213 W
Fri Sep 26 13:16:57 IDT 2025, 182 W
Fri Sep 26 13:16:57 IDT 2025, 158 W
Fri Sep 26 13:16:58 IDT 2025, 187 W
Fri Sep 26 13:16:58 IDT 2025, 187 W
Fri Sep 26 13:16:58 IDT 2025, 219 W
Fri Sep 26 13:16:58 IDT 2025, 177 W
Fri Sep 26 13:16:58 IDT 2025, 185 W
Fri Sep 26 13:16:58 IDT 2025, 217 W
Fri Sep 26 13:16:58 IDT 2025, 190 W
Fri Sep 26 13:16:58 IDT 2025, 175 W
Fri Sep 26 13:16:59 IDT 2025, 181 W
Fri Sep 26 13:16:59 IDT 2025, 181 W
Fri Sep 26 13:16:59 IDT 2025, 213 W
Fri Sep 26 13:16:59 IDT 2025, 173 W
Fri Sep 26 13:16:59 IDT 2025, 186 W
Fri Sep 26 13:16:59 IDT 2025, 214 W
Fri Sep 26 13:16:59 IDT 2025, 182 W
Fri Sep 26 13:16:59 IDT 2025, 169 W
Fri Sep 26 13:17:00 IDT 2025, 168 W
Fri Sep 26 13:17:00 IDT 2025, 159 W
Fri Sep 26 13:17:00 IDT 2025, 195 W
Fri Sep 26 13:17:00 IDT 2025, 158 W
Fri Sep 26 13:17:00 IDT 2025, 158 W
Fri Sep 26 13:17:00 IDT 2025, 186 W
Fri Sep 26 13:17:00 IDT 2025, 173 W
Fri Sep 26 13:17:00 IDT 2025, 148 W
Fri Sep 26 13:17:01 IDT 2025, 172 W
Fri Sep 26 13:17:01 IDT 2025, 171 W
Fri Sep 26 13:17:01 IDT 2025, 202 W
Fri Sep 26 13:17:01 IDT 2025, 173 W
Fri Sep 26 13:17:01 IDT 2025, 168 W
Fri Sep 26 13:17:01 IDT 2025, 207 W
Fri Sep 26 13:17:01 IDT 2025, 176 W
Fri Sep 26 13:17:01 IDT 2025, 160 W
Fri Sep 26 13:17:02 IDT 2025, 180 W
Fri Sep 26 13:17:02 IDT 2025, 181 W
Fri Sep 26 13:17:02 IDT 2025, 204 W
Fri Sep 26 13:17:02 IDT 2025, 175 W
Fri Sep 26 13:17:02 IDT 2025, 176 W
Fri Sep 26 13:17:02 IDT 2025, 218 W
Fri Sep 26 13:17:02 IDT 2025, 192 W
Fri Sep 26 13:17:02 IDT 2025, 170 W
Fri Sep 26 13:17:03 IDT 2025, 170 W
Fri Sep 26 13:17:03 IDT 2025, 191 W
Fri Sep 26 13:17:03 IDT 2025, 213 W
Fri Sep 26 13:17:03 IDT 2025, 161 W
Fri Sep 26 13:17:03 IDT 2025, 172 W
Fri Sep 26 13:17:03 IDT 2025, 214 W
Fri Sep 26 13:17:03 IDT 2025, 184 W
Fri Sep 26 13:17:03 IDT 2025, 169 W
Fri Sep 26 13:17:04 IDT 2025, 161 W
Fri Sep 26 13:17:04 IDT 2025, 161 W
Fri Sep 26 13:17:04 IDT 2025, 194 W
Fri Sep 26 13:17:04 IDT 2025, 154 W
Fri Sep 26 13:17:04 IDT 2025, 158 W
Fri Sep 26 13:17:04 IDT 2025, 181 W
Fri Sep 26 13:17:04 IDT 2025, 159 W
Fri Sep 26 13:17:04 IDT 2025, 146 W
Fri Sep 26 13:17:05 IDT 2025, 171 W
Fri Sep 26 13:17:05 IDT 2025, 178 W
Fri Sep 26 13:17:05 IDT 2025, 209 W
Fri Sep 26 13:17:05 IDT 2025, 168 W
Fri Sep 26 13:17:05 IDT 2025, 179 W
Fri Sep 26 13:17:05 IDT 2025, 199 W
Fri Sep 26 13:17:05 IDT 2025, 176 W
Fri Sep 26 13:17:05 IDT 2025, 163 W
Fri Sep 26 13:17:06 IDT 2025, 171 W
Fri Sep 26 13:17:06 IDT 2025, 180 W
Fri Sep 26 13:17:06 IDT 2025, 214 W
Fri Sep 26 13:17:06 IDT 2025, 163 W
Fri Sep 26 13:17:06 IDT 2025, 186 W
Fri Sep 26 13:17:06 IDT 2025, 210 W
Fri Sep 26 13:17:06 IDT 2025, 179 W
Fri Sep 26 13:17:06 IDT 2025, 162 W
Fri Sep 26 13:17:07 IDT 2025, 164 W
Fri Sep 26 13:17:07 IDT 2025, 161 W
Fri Sep 26 13:17:07 IDT 2025, 209 W
Fri Sep 26 13:17:07 IDT 2025, 166 W
Fri Sep 26 13:17:07 IDT 2025, 178 W
Fri Sep 26 13:17:07 IDT 2025, 198 W
Fri Sep 26 13:17:07 IDT 2025, 178 W
Fri Sep 26 13:17:07 IDT 2025, 159 W
Fri Sep 26 13:17:08 IDT 2025, 153 W
Fri Sep 26 13:17:08 IDT 2025, 155 W
Fri Sep 26 13:17:08 IDT 2025, 187 W
Fri Sep 26 13:17:08 IDT 2025, 142 W
Fri Sep 26 13:17:08 IDT 2025, 148 W
Fri Sep 26 13:17:08 IDT 2025, 186 W
Fri Sep 26 13:17:08 IDT 2025, 156 W
Fri Sep 26 13:17:08 IDT 2025, 139 W
Fri Sep 26 13:17:09 IDT 2025, 183 W
Fri Sep 26 13:17:09 IDT 2025, 174 W
Fri Sep 26 13:17:09 IDT 2025, 212 W
Fri Sep 26 13:17:09 IDT 2025, 163 W
Fri Sep 26 13:17:09 IDT 2025, 171 W
Fri Sep 26 13:17:09 IDT 2025, 210 W
Fri Sep 26 13:17:09 IDT 2025, 181 W
Fri Sep 26 13:17:09 IDT 2025, 165 W
Fri Sep 26 13:17:10 IDT 2025, 173 W
Fri Sep 26 13:17:10 IDT 2025, 166 W
Fri Sep 26 13:17:10 IDT 2025, 202 W
Fri Sep 26 13:17:10 IDT 2025, 165 W
Fri Sep 26 13:17:10 IDT 2025, 163 W
Fri Sep 26 13:17:10 IDT 2025, 201 W
Fri Sep 26 13:17:10 IDT 2025, 178 W
Fri Sep 26 13:17:10 IDT 2025, 156 W
Fri Sep 26 13:17:11 IDT 2025, 170 W
Fri Sep 26 13:17:11 IDT 2025, 169 W
Fri Sep 26 13:17:11 IDT 2025, 190 W
Fri Sep 26 13:17:11 IDT 2025, 161 W
Fri Sep 26 13:17:11 IDT 2025, 165 W
Fri Sep 26 13:17:11 IDT 2025, 190 W
Fri Sep 26 13:17:11 IDT 2025, 170 W
Fri Sep 26 13:17:11 IDT 2025, 146 W
Fri Sep 26 13:17:12 IDT 2025, 167 W
Fri Sep 26 13:17:12 IDT 2025, 169 W
Fri Sep 26 13:17:12 IDT 2025, 200 W
Fri Sep 26 13:17:12 IDT 2025, 152 W
Fri Sep 26 13:17:12 IDT 2025, 163 W
Fri Sep 26 13:17:12 IDT 2025, 191 W
Fri Sep 26 13:17:12 IDT 2025, 177 W
Fri Sep 26 13:17:12 IDT 2025, 155 W
Fri Sep 26 13:17:13 IDT 2025, 184 W
Fri Sep 26 13:17:13 IDT 2025, 177 W
Fri Sep 26 13:17:13 IDT 2025, 216 W
Fri Sep 26 13:17:13 IDT 2025, 168 W
Fri Sep 26 13:17:13 IDT 2025, 185 W
Fri Sep 26 13:17:13 IDT 2025, 204 W
Fri Sep 26 13:17:13 IDT 2025, 183 W
Fri Sep 26 13:17:13 IDT 2025, 160 W
Fri Sep 26 13:17:14 IDT 2025, 174 W
Fri Sep 26 13:17:14 IDT 2025, 178 W
Fri Sep 26 13:17:14 IDT 2025, 208 W
Fri Sep 26 13:17:14 IDT 2025, 170 W
Fri Sep 26 13:17:14 IDT 2025, 181 W
Fri Sep 26 13:17:14 IDT 2025, 203 W
Fri Sep 26 13:17:14 IDT 2025, 182 W
Fri Sep 26 13:17:14 IDT 2025, 163 W
Fri Sep 26 13:17:15 IDT 2025, 180 W
Fri Sep 26 13:17:15 IDT 2025, 180 W
Fri Sep 26 13:17:15 IDT 2025, 217 W
Fri Sep 26 13:17:15 IDT 2025, 169 W
Fri Sep 26 13:17:15 IDT 2025, 179 W
Fri Sep 26 13:17:15 IDT 2025, 203 W
Fri Sep 26 13:17:15 IDT 2025, 185 W
Fri Sep 26 13:17:15 IDT 2025, 171 W
Fri Sep 26 13:17:16 IDT 2025, 176 W
Fri Sep 26 13:17:16 IDT 2025, 166 W
Fri Sep 26 13:17:16 IDT 2025, 197 W
Fri Sep 26 13:17:16 IDT 2025, 158 W
Fri Sep 26 13:17:16 IDT 2025, 158 W
Fri Sep 26 13:17:16 IDT 2025, 193 W
Fri Sep 26 13:17:16 IDT 2025, 174 W
Fri Sep 26 13:17:16 IDT 2025, 152 W
Fri Sep 26 13:17:17 IDT 2025, 177 W
Fri Sep 26 13:17:17 IDT 2025, 180 W
Fri Sep 26 13:17:17 IDT 2025, 209 W
Fri Sep 26 13:17:17 IDT 2025, 164 W
Fri Sep 26 13:17:17 IDT 2025, 171 W
Fri Sep 26 13:17:17 IDT 2025, 204 W
Fri Sep 26 13:17:17 IDT 2025, 188 W
Fri Sep 26 13:17:17 IDT 2025, 170 W
Fri Sep 26 13:17:18 IDT 2025, 191 W
Fri Sep 26 13:17:18 IDT 2025, 192 W
Fri Sep 26 13:17:18 IDT 2025, 226 W
Fri Sep 26 13:17:18 IDT 2025, 191 W
Fri Sep 26 13:17:18 IDT 2025, 195 W
Fri Sep 26 13:17:18 IDT 2025, 228 W
Fri Sep 26 13:17:18 IDT 2025, 186 W
Fri Sep 26 13:17:18 IDT 2025, 174 W
Fri Sep 26 13:17:19 IDT 2025, 168 W
Fri Sep 26 13:17:19 IDT 2025, 166 W
Fri Sep 26 13:17:19 IDT 2025, 201 W
Fri Sep 26 13:17:19 IDT 2025, 166 W
Fri Sep 26 13:17:19 IDT 2025, 156 W
Fri Sep 26 13:17:19 IDT 2025, 198 W
Fri Sep 26 13:17:19 IDT 2025, 170 W
Fri Sep 26 13:17:19 IDT 2025, 157 W
Fri Sep 26 13:17:20 IDT 2025, 158 W
Fri Sep 26 13:17:20 IDT 2025, 161 W
Fri Sep 26 13:17:20 IDT 2025, 199 W
Fri Sep 26 13:17:20 IDT 2025, 164 W
Fri Sep 26 13:17:20 IDT 2025, 160 W
Fri Sep 26 13:17:20 IDT 2025, 198 W
Fri Sep 26 13:17:20 IDT 2025, 166 W
Fri Sep 26 13:17:20 IDT 2025, 148 W
Fri Sep 26 13:17:21 IDT 2025, 162 W
Fri Sep 26 13:17:21 IDT 2025, 167 W
Fri Sep 26 13:17:21 IDT 2025, 201 W
Fri Sep 26 13:17:21 IDT 2025, 161 W
Fri Sep 26 13:17:21 IDT 2025, 164 W
Fri Sep 26 13:17:21 IDT 2025, 187 W
Fri Sep 26 13:17:21 IDT 2025, 165 W
Fri Sep 26 13:17:21 IDT 2025, 151 W
Fri Sep 26 13:17:22 IDT 2025, 183 W
Fri Sep 26 13:17:22 IDT 2025, 174 W
Fri Sep 26 13:17:22 IDT 2025, 204 W
Fri Sep 26 13:17:22 IDT 2025, 168 W
Fri Sep 26 13:17:22 IDT 2025, 172 W
Fri Sep 26 13:17:22 IDT 2025, 195 W
Fri Sep 26 13:17:22 IDT 2025, 185 W
Fri Sep 26 13:17:22 IDT 2025, 153 W
Fri Sep 26 13:17:23 IDT 2025, 175 W
Fri Sep 26 13:17:23 IDT 2025, 173 W
Fri Sep 26 13:17:23 IDT 2025, 202 W
Fri Sep 26 13:17:23 IDT 2025, 166 W
Fri Sep 26 13:17:23 IDT 2025, 175 W
Fri Sep 26 13:17:23 IDT 2025, 204 W
Fri Sep 26 13:17:23 IDT 2025, 177 W
Fri Sep 26 13:17:23 IDT 2025, 154 W
Fri Sep 26 13:17:24 IDT 2025, 183 W
Fri Sep 26 13:17:24 IDT 2025, 185 W
Fri Sep 26 13:17:24 IDT 2025, 211 W
Fri Sep 26 13:17:24 IDT 2025, 184 W
Fri Sep 26 13:17:24 IDT 2025, 180 W
Fri Sep 26 13:17:24 IDT 2025, 219 W
Fri Sep 26 13:17:24 IDT 2025, 185 W
Fri Sep 26 13:17:24 IDT 2025, 172 W
Fri Sep 26 13:17:25 IDT 2025, 175 W
Fri Sep 26 13:17:25 IDT 2025, 184 W
Fri Sep 26 13:17:25 IDT 2025, 218 W
Fri Sep 26 13:17:25 IDT 2025, 167 W
Fri Sep 26 13:17:25 IDT 2025, 180 W
Fri Sep 26 13:17:25 IDT 2025, 205 W
Fri Sep 26 13:17:25 IDT 2025, 184 W
Fri Sep 26 13:17:25 IDT 2025, 147 W
Fri Sep 26 13:17:26 IDT 2025, 185 W
Fri Sep 26 13:17:26 IDT 2025, 179 W
Fri Sep 26 13:17:26 IDT 2025, 211 W
Fri Sep 26 13:17:26 IDT 2025, 182 W
Fri Sep 26 13:17:26 IDT 2025, 185 W
Fri Sep 26 13:17:26 IDT 2025, 202 W
Fri Sep 26 13:17:26 IDT 2025, 183 W
Fri Sep 26 13:17:26 IDT 2025, 161 W
Fri Sep 26 13:17:27 IDT 2025, 181 W
Fri Sep 26 13:17:27 IDT 2025, 182 W
Fri Sep 26 13:17:27 IDT 2025, 220 W
Fri Sep 26 13:17:27 IDT 2025, 172 W
Fri Sep 26 13:17:27 IDT 2025, 183 W
Fri Sep 26 13:17:27 IDT 2025, 199 W
Fri Sep 26 13:17:27 IDT 2025, 196 W
Fri Sep 26 13:17:27 IDT 2025, 163 W
Fri Sep 26 13:17:28 IDT 2025, 172 W
Fri Sep 26 13:17:28 IDT 2025, 169 W
Fri Sep 26 13:17:28 IDT 2025, 201 W
Fri Sep 26 13:17:28 IDT 2025, 167 W
Fri Sep 26 13:17:28 IDT 2025, 176 W
Fri Sep 26 13:17:28 IDT 2025, 201 W
Fri Sep 26 13:17:28 IDT 2025, 179 W
Fri Sep 26 13:17:28 IDT 2025, 161 W
Fri Sep 26 13:17:29 IDT 2025, 175 W
Fri Sep 26 13:17:29 IDT 2025, 177 W
Fri Sep 26 13:17:29 IDT 2025, 205 W
Fri Sep 26 13:17:29 IDT 2025, 169 W
Fri Sep 26 13:17:29 IDT 2025, 183 W
Fri Sep 26 13:17:29 IDT 2025, 206 W
Fri Sep 26 13:17:29 IDT 2025, 188 W
Fri Sep 26 13:17:29 IDT 2025, 164 W
Fri Sep 26 13:17:30 IDT 2025, 175 W
Fri Sep 26 13:17:30 IDT 2025, 172 W
Fri Sep 26 13:17:30 IDT 2025, 201 W
Fri Sep 26 13:17:30 IDT 2025, 169 W
Fri Sep 26 13:17:30 IDT 2025, 171 W
Fri Sep 26 13:17:30 IDT 2025, 195 W
Fri Sep 26 13:17:30 IDT 2025, 173 W
Fri Sep 26 13:17:30 IDT 2025, 158 W
Fri Sep 26 13:17:31 IDT 2025, 169 W
Fri Sep 26 13:17:31 IDT 2025, 168 W
Fri Sep 26 13:17:31 IDT 2025, 204 W
Fri Sep 26 13:17:31 IDT 2025, 160 W
Fri Sep 26 13:17:31 IDT 2025, 165 W
Fri Sep 26 13:17:31 IDT 2025, 200 W
Fri Sep 26 13:17:31 IDT 2025, 175 W
Fri Sep 26 13:17:31 IDT 2025, 160 W
Fri Sep 26 13:17:32 IDT 2025, 177 W
Fri Sep 26 13:17:32 IDT 2025, 181 W
Fri Sep 26 13:17:32 IDT 2025, 220 W
Fri Sep 26 13:17:32 IDT 2025, 167 W
Fri Sep 26 13:17:32 IDT 2025, 172 W
Fri Sep 26 13:17:32 IDT 2025, 214 W
Fri Sep 26 13:17:32 IDT 2025, 189 W
Fri Sep 26 13:17:32 IDT 2025, 170 W
Fri Sep 26 13:17:33 IDT 2025, 175 W
Fri Sep 26 13:17:33 IDT 2025, 180 W
Fri Sep 26 13:17:33 IDT 2025, 207 W
Fri Sep 26 13:17:33 IDT 2025, 163 W
Fri Sep 26 13:17:33 IDT 2025, 173 W
Fri Sep 26 13:17:33 IDT 2025, 201 W
Fri Sep 26 13:17:33 IDT 2025, 180 W
Fri Sep 26 13:17:33 IDT 2025, 171 W
Fri Sep 26 13:17:34 IDT 2025, 180 W
Fri Sep 26 13:17:34 IDT 2025, 179 W
Fri Sep 26 13:17:34 IDT 2025, 208 W
Fri Sep 26 13:17:34 IDT 2025, 172 W
Fri Sep 26 13:17:34 IDT 2025, 181 W
Fri Sep 26 13:17:34 IDT 2025, 201 W
Fri Sep 26 13:17:34 IDT 2025, 185 W
Fri Sep 26 13:17:34 IDT 2025, 168 W
Fri Sep 26 13:17:35 IDT 2025, 182 W
Fri Sep 26 13:17:35 IDT 2025, 177 W
Fri Sep 26 13:17:35 IDT 2025, 206 W
Fri Sep 26 13:17:35 IDT 2025, 170 W
Fri Sep 26 13:17:35 IDT 2025, 181 W
Fri Sep 26 13:17:35 IDT 2025, 209 W
Fri Sep 26 13:17:35 IDT 2025, 183 W
Fri Sep 26 13:17:35 IDT 2025, 164 W
Fri Sep 26 13:17:36 IDT 2025, 175 W
Fri Sep 26 13:17:36 IDT 2025, 177 W
Fri Sep 26 13:17:36 IDT 2025, 209 W
Fri Sep 26 13:17:36 IDT 2025, 164 W
Fri Sep 26 13:17:36 IDT 2025, 178 W
Fri Sep 26 13:17:36 IDT 2025, 203 W
Fri Sep 26 13:17:36 IDT 2025, 184 W
Fri Sep 26 13:17:36 IDT 2025, 167 W
Fri Sep 26 13:17:37 IDT 2025, 171 W
Fri Sep 26 13:17:37 IDT 2025, 170 W
Fri Sep 26 13:17:37 IDT 2025, 203 W
Fri Sep 26 13:17:37 IDT 2025, 157 W
Fri Sep 26 13:17:37 IDT 2025, 156 W
Fri Sep 26 13:17:37 IDT 2025, 201 W
Fri Sep 26 13:17:37 IDT 2025, 175 W
Fri Sep 26 13:17:37 IDT 2025, 157 W
Fri Sep 26 13:17:38 IDT 2025, 164 W
Fri Sep 26 13:17:38 IDT 2025, 165 W
Fri Sep 26 13:17:38 IDT 2025, 202 W
Fri Sep 26 13:17:38 IDT 2025, 149 W
Fri Sep 26 13:17:38 IDT 2025, 167 W
Fri Sep 26 13:17:38 IDT 2025, 199 W
Fri Sep 26 13:17:38 IDT 2025, 166 W
Fri Sep 26 13:17:38 IDT 2025, 148 W
Fri Sep 26 13:17:39 IDT 2025, 163 W
Fri Sep 26 13:17:39 IDT 2025, 178 W
Fri Sep 26 13:17:39 IDT 2025, 213 W
Fri Sep 26 13:17:39 IDT 2025, 169 W
Fri Sep 26 13:17:39 IDT 2025, 178 W
Fri Sep 26 13:17:39 IDT 2025, 206 W
Fri Sep 26 13:17:39 IDT 2025, 185 W
Fri Sep 26 13:17:39 IDT 2025, 168 W
Fri Sep 26 13:17:40 IDT 2025, 188 W
Fri Sep 26 13:17:40 IDT 2025, 180 W
Fri Sep 26 13:17:40 IDT 2025, 212 W
Fri Sep 26 13:17:40 IDT 2025, 175 W
Fri Sep 26 13:17:40 IDT 2025, 181 W
Fri Sep 26 13:17:40 IDT 2025, 216 W
Fri Sep 26 13:17:40 IDT 2025, 190 W
Fri Sep 26 13:17:40 IDT 2025, 170 W
Fri Sep 26 13:17:41 IDT 2025, 169 W
Fri Sep 26 13:17:41 IDT 2025, 181 W
Fri Sep 26 13:17:41 IDT 2025, 213 W
Fri Sep 26 13:17:41 IDT 2025, 171 W
Fri Sep 26 13:17:41 IDT 2025, 180 W
Fri Sep 26 13:17:41 IDT 2025, 211 W
Fri Sep 26 13:17:41 IDT 2025, 184 W
Fri Sep 26 13:17:41 IDT 2025, 170 W
Fri Sep 26 13:17:42 IDT 2025, 175 W
Fri Sep 26 13:17:42 IDT 2025, 194 W
Fri Sep 26 13:17:42 IDT 2025, 211 W
Fri Sep 26 13:17:42 IDT 2025, 181 W
Fri Sep 26 13:17:42 IDT 2025, 187 W
Fri Sep 26 13:17:42 IDT 2025, 206 W
Fri Sep 26 13:17:42 IDT 2025, 190 W
Fri Sep 26 13:17:42 IDT 2025, 171 W
Fri Sep 26 13:17:43 IDT 2025, 171 W
Fri Sep 26 13:17:43 IDT 2025, 162 W
Fri Sep 26 13:17:43 IDT 2025, 210 W
Fri Sep 26 13:17:43 IDT 2025, 163 W
Fri Sep 26 13:17:43 IDT 2025, 175 W
Fri Sep 26 13:17:43 IDT 2025, 207 W
Fri Sep 26 13:17:43 IDT 2025, 184 W
Fri Sep 26 13:17:43 IDT 2025, 156 W
Fri Sep 26 13:17:44 IDT 2025, 176 W
Fri Sep 26 13:17:44 IDT 2025, 164 W
Fri Sep 26 13:17:44 IDT 2025, 212 W
Fri Sep 26 13:17:44 IDT 2025, 171 W
Fri Sep 26 13:17:44 IDT 2025, 177 W
Fri Sep 26 13:17:44 IDT 2025, 204 W
Fri Sep 26 13:17:44 IDT 2025, 186 W
Fri Sep 26 13:17:44 IDT 2025, 170 W
Fri Sep 26 13:17:45 IDT 2025, 197 W
Fri Sep 26 13:17:45 IDT 2025, 193 W
Fri Sep 26 13:17:45 IDT 2025, 220 W
Fri Sep 26 13:17:45 IDT 2025, 186 W
Fri Sep 26 13:17:45 IDT 2025, 193 W
Fri Sep 26 13:17:45 IDT 2025, 222 W
Fri Sep 26 13:17:45 IDT 2025, 200 W
Fri Sep 26 13:17:45 IDT 2025, 179 W
Fri Sep 26 13:17:46 IDT 2025, 173 W
Fri Sep 26 13:17:46 IDT 2025, 171 W
Fri Sep 26 13:17:46 IDT 2025, 199 W
Fri Sep 26 13:17:46 IDT 2025, 161 W
Fri Sep 26 13:17:46 IDT 2025, 177 W
Fri Sep 26 13:17:46 IDT 2025, 195 W
Fri Sep 26 13:17:46 IDT 2025, 174 W
Fri Sep 26 13:17:46 IDT 2025, 157 W
Fri Sep 26 13:17:47 IDT 2025, 187 W
Fri Sep 26 13:17:47 IDT 2025, 190 W
Fri Sep 26 13:17:47 IDT 2025, 217 W
Fri Sep 26 13:17:47 IDT 2025, 180 W
Fri Sep 26 13:17:47 IDT 2025, 186 W
Fri Sep 26 13:17:47 IDT 2025, 223 W
Fri Sep 26 13:17:47 IDT 2025, 190 W
Fri Sep 26 13:17:47 IDT 2025, 172 W
Fri Sep 26 13:17:48 IDT 2025, 190 W
Fri Sep 26 13:17:48 IDT 2025, 184 W
Fri Sep 26 13:17:48 IDT 2025, 212 W
Fri Sep 26 13:17:48 IDT 2025, 169 W
Fri Sep 26 13:17:48 IDT 2025, 171 W
Fri Sep 26 13:17:48 IDT 2025, 202 W
Fri Sep 26 13:17:48 IDT 2025, 181 W
Fri Sep 26 13:17:48 IDT 2025, 171 W
Fri Sep 26 13:17:49 IDT 2025, 166 W
Fri Sep 26 13:17:49 IDT 2025, 159 W
Fri Sep 26 13:17:49 IDT 2025, 189 W
Fri Sep 26 13:17:49 IDT 2025, 156 W
Fri Sep 26 13:17:49 IDT 2025, 150 W
Fri Sep 26 13:17:49 IDT 2025, 182 W
Fri Sep 26 13:17:49 IDT 2025, 171 W
Fri Sep 26 13:17:49 IDT 2025, 149 W
Fri Sep 26 13:17:50 IDT 2025, 163 W
Fri Sep 26 13:17:50 IDT 2025, 164 W
Fri Sep 26 13:17:50 IDT 2025, 198 W
Fri Sep 26 13:17:50 IDT 2025, 155 W
Fri Sep 26 13:17:50 IDT 2025, 164 W
Fri Sep 26 13:17:50 IDT 2025, 196 W
Fri Sep 26 13:17:50 IDT 2025, 178 W
Fri Sep 26 13:17:50 IDT 2025, 143 W
Fri Sep 26 13:17:51 IDT 2025, 161 W
Fri Sep 26 13:17:51 IDT 2025, 158 W
Fri Sep 26 13:17:51 IDT 2025, 181 W
Fri Sep 26 13:17:51 IDT 2025, 153 W
Fri Sep 26 13:17:51 IDT 2025, 149 W
Fri Sep 26 13:17:51 IDT 2025, 189 W
Fri Sep 26 13:17:51 IDT 2025, 158 W
Fri Sep 26 13:17:51 IDT 2025, 142 W
Fri Sep 26 13:17:52 IDT 2025, 161 W
Fri Sep 26 13:17:52 IDT 2025, 163 W
Fri Sep 26 13:17:52 IDT 2025, 188 W
Fri Sep 26 13:17:52 IDT 2025, 155 W
Fri Sep 26 13:17:52 IDT 2025, 153 W
Fri Sep 26 13:17:52 IDT 2025, 192 W
Fri Sep 26 13:17:52 IDT 2025, 157 W
Fri Sep 26 13:17:52 IDT 2025, 147 W
Fri Sep 26 13:17:53 IDT 2025, 179 W
Fri Sep 26 13:17:53 IDT 2025, 171 W
Fri Sep 26 13:17:53 IDT 2025, 197 W
Fri Sep 26 13:17:53 IDT 2025, 164 W
Fri Sep 26 13:17:53 IDT 2025, 159 W
Fri Sep 26 13:17:53 IDT 2025, 188 W
Fri Sep 26 13:17:53 IDT 2025, 178 W
Fri Sep 26 13:17:53 IDT 2025, 156 W
Fri Sep 26 13:17:54 IDT 2025, 183 W
Fri Sep 26 13:17:54 IDT 2025, 191 W
Fri Sep 26 13:17:54 IDT 2025, 212 W
Fri Sep 26 13:17:54 IDT 2025, 180 W
Fri Sep 26 13:17:54 IDT 2025, 170 W
Fri Sep 26 13:17:54 IDT 2025, 223 W
Fri Sep 26 13:17:54 IDT 2025, 190 W
Fri Sep 26 13:17:54 IDT 2025, 170 W
Fri Sep 26 13:17:55 IDT 2025, 185 W
Fri Sep 26 13:17:55 IDT 2025, 186 W
Fri Sep 26 13:17:55 IDT 2025, 216 W
Fri Sep 26 13:17:55 IDT 2025, 172 W
Fri Sep 26 13:17:55 IDT 2025, 177 W
Fri Sep 26 13:17:55 IDT 2025, 205 W
Fri Sep 26 13:17:55 IDT 2025, 182 W
Fri Sep 26 13:17:55 IDT 2025, 155 W
Fri Sep 26 13:17:56 IDT 2025, 178 W
Fri Sep 26 13:17:56 IDT 2025, 186 W
Fri Sep 26 13:17:56 IDT 2025, 206 W
Fri Sep 26 13:17:56 IDT 2025, 174 W
Fri Sep 26 13:17:56 IDT 2025, 179 W
Fri Sep 26 13:17:56 IDT 2025, 204 W
Fri Sep 26 13:17:56 IDT 2025, 183 W
Fri Sep 26 13:17:56 IDT 2025, 166 W
Fri Sep 26 13:17:57 IDT 2025, 156 W
Fri Sep 26 13:17:57 IDT 2025, 160 W
Fri Sep 26 13:17:57 IDT 2025, 190 W
Fri Sep 26 13:17:57 IDT 2025, 155 W
Fri Sep 26 13:17:57 IDT 2025, 165 W
Fri Sep 26 13:17:57 IDT 2025, 191 W
Fri Sep 26 13:17:57 IDT 2025, 166 W
Fri Sep 26 13:17:57 IDT 2025, 141 W
Fri Sep 26 13:17:58 IDT 2025, 174 W
Fri Sep 26 13:17:58 IDT 2025, 155 W
Fri Sep 26 13:17:58 IDT 2025, 190 W
Fri Sep 26 13:17:58 IDT 2025, 161 W
Fri Sep 26 13:17:58 IDT 2025, 166 W
Fri Sep 26 13:17:58 IDT 2025, 200 W
Fri Sep 26 13:17:58 IDT 2025, 165 W
Fri Sep 26 13:17:58 IDT 2025, 149 W
Fri Sep 26 13:17:59 IDT 2025, 182 W
Fri Sep 26 13:17:59 IDT 2025, 175 W
Fri Sep 26 13:17:59 IDT 2025, 200 W
Fri Sep 26 13:17:59 IDT 2025, 167 W
Fri Sep 26 13:17:59 IDT 2025, 162 W
Fri Sep 26 13:17:59 IDT 2025, 200 W
Fri Sep 26 13:17:59 IDT 2025, 177 W
Fri Sep 26 13:17:59 IDT 2025, 161 W
Fri Sep 26 13:18:00 IDT 2025, 171 W
Fri Sep 26 13:18:00 IDT 2025, 178 W
Fri Sep 26 13:18:00 IDT 2025, 222 W
Fri Sep 26 13:18:00 IDT 2025, 174 W
Fri Sep 26 13:18:00 IDT 2025, 180 W
Fri Sep 26 13:18:00 IDT 2025, 208 W
Fri Sep 26 13:18:00 IDT 2025, 187 W
Fri Sep 26 13:18:00 IDT 2025, 166 W
Fri Sep 26 13:18:01 IDT 2025, 171 W
Fri Sep 26 13:18:01 IDT 2025, 177 W
Fri Sep 26 13:18:01 IDT 2025, 199 W
Fri Sep 26 13:18:01 IDT 2025, 164 W
Fri Sep 26 13:18:01 IDT 2025, 168 W
Fri Sep 26 13:18:01 IDT 2025, 198 W
Fri Sep 26 13:18:01 IDT 2025, 168 W
Fri Sep 26 13:18:01 IDT 2025, 154 W
Fri Sep 26 13:18:02 IDT 2025, 160 W
Fri Sep 26 13:18:02 IDT 2025, 169 W
Fri Sep 26 13:18:02 IDT 2025, 193 W
Fri Sep 26 13:18:02 IDT 2025, 158 W
Fri Sep 26 13:18:02 IDT 2025, 157 W
Fri Sep 26 13:18:02 IDT 2025, 184 W
Fri Sep 26 13:18:02 IDT 2025, 160 W
Fri Sep 26 13:18:02 IDT 2025, 144 W
Fri Sep 26 13:18:03 IDT 2025, 172 W
Fri Sep 26 13:18:03 IDT 2025, 170 W
Fri Sep 26 13:18:03 IDT 2025, 202 W
Fri Sep 26 13:18:03 IDT 2025, 156 W
Fri Sep 26 13:18:03 IDT 2025, 166 W
Fri Sep 26 13:18:03 IDT 2025, 198 W
Fri Sep 26 13:18:03 IDT 2025, 175 W
Fri Sep 26 13:18:03 IDT 2025, 152 W
Fri Sep 26 13:18:04 IDT 2025, 182 W
Fri Sep 26 13:18:04 IDT 2025, 177 W
Fri Sep 26 13:18:04 IDT 2025, 215 W
Fri Sep 26 13:18:04 IDT 2025, 174 W
Fri Sep 26 13:18:04 IDT 2025, 170 W
Fri Sep 26 13:18:04 IDT 2025, 215 W
Fri Sep 26 13:18:04 IDT 2025, 187 W
Fri Sep 26 13:18:04 IDT 2025, 167 W
Fri Sep 26 13:18:05 IDT 2025, 177 W
Fri Sep 26 13:18:05 IDT 2025, 181 W
Fri Sep 26 13:18:05 IDT 2025, 216 W
Fri Sep 26 13:18:05 IDT 2025, 169 W
Fri Sep 26 13:18:05 IDT 2025, 172 W
Fri Sep 26 13:18:05 IDT 2025, 221 W
Fri Sep 26 13:18:05 IDT 2025, 184 W
Fri Sep 26 13:18:05 IDT 2025, 166 W
Fri Sep 26 13:18:06 IDT 2025, 180 W
Fri Sep 26 13:18:06 IDT 2025, 175 W
Fri Sep 26 13:18:06 IDT 2025, 214 W
Fri Sep 26 13:18:06 IDT 2025, 169 W
Fri Sep 26 13:18:06 IDT 2025, 174 W
Fri Sep 26 13:18:06 IDT 2025, 204 W
Fri Sep 26 13:18:06 IDT 2025, 190 W
Fri Sep 26 13:18:06 IDT 2025, 166 W
Fri Sep 26 13:18:07 IDT 2025, 181 W
Fri Sep 26 13:18:07 IDT 2025, 176 W
Fri Sep 26 13:18:07 IDT 2025, 206 W
Fri Sep 26 13:18:07 IDT 2025, 167 W
Fri Sep 26 13:18:07 IDT 2025, 170 W
Fri Sep 26 13:18:07 IDT 2025, 204 W
Fri Sep 26 13:18:07 IDT 2025, 183 W
Fri Sep 26 13:18:07 IDT 2025, 172 W
Fri Sep 26 13:18:08 IDT 2025, 174 W
Fri Sep 26 13:18:08 IDT 2025, 170 W
Fri Sep 26 13:18:08 IDT 2025, 197 W
Fri Sep 26 13:18:08 IDT 2025, 155 W
Fri Sep 26 13:18:08 IDT 2025, 167 W
Fri Sep 26 13:18:08 IDT 2025, 191 W
Fri Sep 26 13:18:08 IDT 2025, 166 W
Fri Sep 26 13:18:08 IDT 2025, 149 W
Fri Sep 26 13:18:09 IDT 2025, 166 W
Fri Sep 26 13:18:09 IDT 2025, 161 W
Fri Sep 26 13:18:09 IDT 2025, 184 W
Fri Sep 26 13:18:09 IDT 2025, 164 W
Fri Sep 26 13:18:09 IDT 2025, 156 W
Fri Sep 26 13:18:09 IDT 2025, 195 W
Fri Sep 26 13:18:09 IDT 2025, 172 W
Fri Sep 26 13:18:09 IDT 2025, 148 W
Fri Sep 26 13:18:10 IDT 2025, 183 W
Fri Sep 26 13:18:10 IDT 2025, 175 W
Fri Sep 26 13:18:10 IDT 2025, 204 W
Fri Sep 26 13:18:10 IDT 2025, 174 W
Fri Sep 26 13:18:10 IDT 2025, 167 W
Fri Sep 26 13:18:10 IDT 2025, 203 W
Fri Sep 26 13:18:10 IDT 2025, 191 W
Fri Sep 26 13:18:10 IDT 2025, 160 W
Fri Sep 26 13:18:11 IDT 2025, 159 W
Fri Sep 26 13:18:11 IDT 2025, 158 W
Fri Sep 26 13:18:11 IDT 2025, 188 W
Fri Sep 26 13:18:11 IDT 2025, 157 W
Fri Sep 26 13:18:11 IDT 2025, 150 W
Fri Sep 26 13:18:11 IDT 2025, 191 W
Fri Sep 26 13:18:11 IDT 2025, 164 W
Fri Sep 26 13:18:11 IDT 2025, 152 W
Fri Sep 26 13:18:12 IDT 2025, 173 W
Fri Sep 26 13:18:12 IDT 2025, 166 W
Fri Sep 26 13:18:12 IDT 2025, 199 W
Fri Sep 26 13:18:12 IDT 2025, 163 W
Fri Sep 26 13:18:12 IDT 2025, 163 W
Fri Sep 26 13:18:12 IDT 2025, 202 W
Fri Sep 26 13:18:12 IDT 2025, 179 W
Fri Sep 26 13:18:12 IDT 2025, 154 W
Fri Sep 26 13:18:13 IDT 2025, 172 W
Fri Sep 26 13:18:13 IDT 2025, 175 W
Fri Sep 26 13:18:13 IDT 2025, 202 W
Fri Sep 26 13:18:13 IDT 2025, 166 W
Fri Sep 26 13:18:13 IDT 2025, 171 W
Fri Sep 26 13:18:13 IDT 2025, 204 W
Fri Sep 26 13:18:13 IDT 2025, 177 W
Fri Sep 26 13:18:13 IDT 2025, 155 W
Fri Sep 26 13:18:14 IDT 2025, 178 W
Fri Sep 26 13:18:14 IDT 2025, 163 W
Fri Sep 26 13:18:14 IDT 2025, 205 W
Fri Sep 26 13:18:14 IDT 2025, 165 W
Fri Sep 26 13:18:14 IDT 2025, 160 W
Fri Sep 26 13:18:14 IDT 2025, 195 W
Fri Sep 26 13:18:14 IDT 2025, 176 W
Fri Sep 26 13:18:14 IDT 2025, 157 W
Fri Sep 26 13:18:15 IDT 2025, 169 W
Fri Sep 26 13:18:15 IDT 2025, 165 W
Fri Sep 26 13:18:15 IDT 2025, 200 W
Fri Sep 26 13:18:15 IDT 2025, 160 W
Fri Sep 26 13:18:15 IDT 2025, 158 W
Fri Sep 26 13:18:15 IDT 2025, 196 W
Fri Sep 26 13:18:15 IDT 2025, 168 W
Fri Sep 26 13:18:15 IDT 2025, 158 W
Fri Sep 26 13:18:16 IDT 2025, 178 W
Fri Sep 26 13:18:16 IDT 2025, 181 W
Fri Sep 26 13:18:16 IDT 2025, 217 W
Fri Sep 26 13:18:16 IDT 2025, 176 W
Fri Sep 26 13:18:16 IDT 2025, 183 W
Fri Sep 26 13:18:16 IDT 2025, 208 W
Fri Sep 26 13:18:16 IDT 2025, 187 W
Fri Sep 26 13:18:16 IDT 2025, 165 W
Fri Sep 26 13:18:17 IDT 2025, 175 W
Fri Sep 26 13:18:17 IDT 2025, 174 W
Fri Sep 26 13:18:17 IDT 2025, 214 W
Fri Sep 26 13:18:17 IDT 2025, 173 W
Fri Sep 26 13:18:17 IDT 2025, 168 W
Fri Sep 26 13:18:17 IDT 2025, 210 W
Fri Sep 26 13:18:17 IDT 2025, 180 W
Fri Sep 26 13:18:17 IDT 2025, 160 W
Fri Sep 26 13:18:18 IDT 2025, 173 W
Fri Sep 26 13:18:18 IDT 2025, 181 W
Fri Sep 26 13:18:18 IDT 2025, 206 W
Fri Sep 26 13:18:18 IDT 2025, 166 W
Fri Sep 26 13:18:18 IDT 2025, 176 W
Fri Sep 26 13:18:18 IDT 2025, 202 W
Fri Sep 26 13:18:18 IDT 2025, 176 W
Fri Sep 26 13:18:18 IDT 2025, 159 W
Fri Sep 26 13:18:19 IDT 2025, 180 W
Fri Sep 26 13:18:19 IDT 2025, 185 W
Fri Sep 26 13:18:19 IDT 2025, 199 W
Fri Sep 26 13:18:19 IDT 2025, 170 W
Fri Sep 26 13:18:19 IDT 2025, 172 W
Fri Sep 26 13:18:19 IDT 2025, 200 W
Fri Sep 26 13:18:19 IDT 2025, 189 W
Fri Sep 26 13:18:19 IDT 2025, 157 W
Fri Sep 26 13:18:20 IDT 2025, 174 W
Fri Sep 26 13:18:20 IDT 2025, 178 W
Fri Sep 26 13:18:20 IDT 2025, 203 W
Fri Sep 26 13:18:20 IDT 2025, 165 W
Fri Sep 26 13:18:20 IDT 2025, 163 W
Fri Sep 26 13:18:20 IDT 2025, 206 W
Fri Sep 26 13:18:20 IDT 2025, 178 W
Fri Sep 26 13:18:20 IDT 2025, 159 W
Fri Sep 26 13:18:21 IDT 2025, 187 W
Fri Sep 26 13:18:21 IDT 2025, 185 W
Fri Sep 26 13:18:21 IDT 2025, 214 W
Fri Sep 26 13:18:21 IDT 2025, 181 W
Fri Sep 26 13:18:21 IDT 2025, 175 W
Fri Sep 26 13:18:21 IDT 2025, 215 W
Fri Sep 26 13:18:21 IDT 2025, 190 W
Fri Sep 26 13:18:21 IDT 2025, 168 W
Fri Sep 26 13:18:22 IDT 2025, 154 W
Fri Sep 26 13:18:22 IDT 2025, 155 W
Fri Sep 26 13:18:22 IDT 2025, 187 W
Fri Sep 26 13:18:22 IDT 2025, 155 W
Fri Sep 26 13:18:22 IDT 2025, 151 W
Fri Sep 26 13:18:22 IDT 2025, 186 W
Fri Sep 26 13:18:22 IDT 2025, 161 W
Fri Sep 26 13:18:22 IDT 2025, 146 W
Fri Sep 26 13:18:23 IDT 2025, 181 W
Fri Sep 26 13:18:23 IDT 2025, 183 W
Fri Sep 26 13:18:23 IDT 2025, 208 W
Fri Sep 26 13:18:23 IDT 2025, 171 W
Fri Sep 26 13:18:23 IDT 2025, 170 W
Fri Sep 26 13:18:23 IDT 2025, 199 W
Fri Sep 26 13:18:23 IDT 2025, 185 W
Fri Sep 26 13:18:23 IDT 2025, 159 W
Fri Sep 26 13:18:24 IDT 2025, 181 W
Fri Sep 26 13:18:24 IDT 2025, 190 W
Fri Sep 26 13:18:24 IDT 2025, 217 W
Fri Sep 26 13:18:24 IDT 2025, 175 W
Fri Sep 26 13:18:24 IDT 2025, 178 W
Fri Sep 26 13:18:24 IDT 2025, 204 W
Fri Sep 26 13:18:24 IDT 2025, 186 W
Fri Sep 26 13:18:24 IDT 2025, 167 W
Fri Sep 26 13:18:25 IDT 2025, 187 W
Fri Sep 26 13:18:25 IDT 2025, 186 W
Fri Sep 26 13:18:25 IDT 2025, 217 W
Fri Sep 26 13:18:25 IDT 2025, 177 W
Fri Sep 26 13:18:25 IDT 2025, 185 W
Fri Sep 26 13:18:25 IDT 2025, 211 W
Fri Sep 26 13:18:25 IDT 2025, 191 W
Fri Sep 26 13:18:25 IDT 2025, 169 W
Fri Sep 26 13:18:26 IDT 2025, 179 W
Fri Sep 26 13:18:26 IDT 2025, 179 W
Fri Sep 26 13:18:26 IDT 2025, 197 W
Fri Sep 26 13:18:26 IDT 2025, 171 W
Fri Sep 26 13:18:26 IDT 2025, 172 W
Fri Sep 26 13:18:26 IDT 2025, 203 W
Fri Sep 26 13:18:26 IDT 2025, 179 W
Fri Sep 26 13:18:26 IDT 2025, 154 W
Fri Sep 26 13:18:27 IDT 2025, 185 W
Fri Sep 26 13:18:27 IDT 2025, 182 W
Fri Sep 26 13:18:27 IDT 2025, 206 W
Fri Sep 26 13:18:27 IDT 2025, 170 W
Fri Sep 26 13:18:27 IDT 2025, 171 W
Fri Sep 26 13:18:27 IDT 2025, 210 W
Fri Sep 26 13:18:27 IDT 2025, 176 W
Fri Sep 26 13:18:27 IDT 2025, 159 W
Fri Sep 26 13:18:28 IDT 2025, 164 W
Fri Sep 26 13:18:28 IDT 2025, 153 W
Fri Sep 26 13:18:28 IDT 2025, 194 W
Fri Sep 26 13:18:28 IDT 2025, 157 W
Fri Sep 26 13:18:28 IDT 2025, 169 W
Fri Sep 26 13:18:28 IDT 2025, 187 W
Fri Sep 26 13:18:28 IDT 2025, 175 W
Fri Sep 26 13:18:28 IDT 2025, 152 W
Fri Sep 26 13:18:29 IDT 2025, 189 W
Fri Sep 26 13:18:29 IDT 2025, 192 W
Fri Sep 26 13:18:29 IDT 2025, 214 W
Fri Sep 26 13:18:29 IDT 2025, 181 W
Fri Sep 26 13:18:29 IDT 2025, 194 W
Fri Sep 26 13:18:29 IDT 2025, 210 W
Fri Sep 26 13:18:29 IDT 2025, 190 W
Fri Sep 26 13:18:29 IDT 2025, 173 W
Fri Sep 26 13:18:30 IDT 2025, 183 W
Fri Sep 26 13:18:30 IDT 2025, 171 W
Fri Sep 26 13:18:30 IDT 2025, 208 W
Fri Sep 26 13:18:30 IDT 2025, 165 W
Fri Sep 26 13:18:30 IDT 2025, 174 W
Fri Sep 26 13:18:30 IDT 2025, 192 W
Fri Sep 26 13:18:30 IDT 2025, 176 W
Fri Sep 26 13:18:30 IDT 2025, 162 W
Fri Sep 26 13:18:31 IDT 2025, 185 W
Fri Sep 26 13:18:31 IDT 2025, 180 W
Fri Sep 26 13:18:31 IDT 2025, 216 W
Fri Sep 26 13:18:31 IDT 2025, 176 W
Fri Sep 26 13:18:31 IDT 2025, 175 W
Fri Sep 26 13:18:31 IDT 2025, 214 W
Fri Sep 26 13:18:31 IDT 2025, 183 W
Fri Sep 26 13:18:31 IDT 2025, 161 W
Fri Sep 26 13:18:32 IDT 2025, 177 W
Fri Sep 26 13:18:32 IDT 2025, 173 W
Fri Sep 26 13:18:32 IDT 2025, 204 W
Fri Sep 26 13:18:32 IDT 2025, 163 W
Fri Sep 26 13:18:32 IDT 2025, 178 W
Fri Sep 26 13:18:32 IDT 2025, 209 W
Fri Sep 26 13:18:32 IDT 2025, 172 W
Fri Sep 26 13:18:32 IDT 2025, 167 W
Fri Sep 26 13:18:33 IDT 2025, 180 W
Fri Sep 26 13:18:33 IDT 2025, 178 W
Fri Sep 26 13:18:33 IDT 2025, 211 W
Fri Sep 26 13:18:33 IDT 2025, 162 W
Fri Sep 26 13:18:33 IDT 2025, 175 W
Fri Sep 26 13:18:33 IDT 2025, 207 W
Fri Sep 26 13:18:33 IDT 2025, 185 W
Fri Sep 26 13:18:33 IDT 2025, 159 W
Fri Sep 26 13:18:34 IDT 2025, 172 W
Fri Sep 26 13:18:34 IDT 2025, 165 W
Fri Sep 26 13:18:34 IDT 2025, 209 W
Fri Sep 26 13:18:34 IDT 2025, 168 W
Fri Sep 26 13:18:34 IDT 2025, 178 W
Fri Sep 26 13:18:34 IDT 2025, 200 W
Fri Sep 26 13:18:34 IDT 2025, 180 W
Fri Sep 26 13:18:34 IDT 2025, 157 W
Fri Sep 26 13:18:35 IDT 2025, 179 W
Fri Sep 26 13:18:35 IDT 2025, 184 W
Fri Sep 26 13:18:35 IDT 2025, 211 W
Fri Sep 26 13:18:35 IDT 2025, 171 W
Fri Sep 26 13:18:35 IDT 2025, 185 W
Fri Sep 26 13:18:35 IDT 2025, 202 W
Fri Sep 26 13:18:35 IDT 2025, 181 W
Fri Sep 26 13:18:35 IDT 2025, 167 W
Fri Sep 26 13:18:36 IDT 2025, 174 W
Fri Sep 26 13:18:36 IDT 2025, 176 W
Fri Sep 26 13:18:36 IDT 2025, 210 W
Fri Sep 26 13:18:36 IDT 2025, 171 W
Fri Sep 26 13:18:36 IDT 2025, 188 W
Fri Sep 26 13:18:36 IDT 2025, 214 W
Fri Sep 26 13:18:36 IDT 2025, 177 W
Fri Sep 26 13:18:36 IDT 2025, 163 W
Fri Sep 26 13:18:37 IDT 2025, 183 W
Fri Sep 26 13:18:37 IDT 2025, 188 W
Fri Sep 26 13:18:37 IDT 2025, 210 W
Fri Sep 26 13:18:37 IDT 2025, 184 W
Fri Sep 26 13:18:37 IDT 2025, 179 W
Fri Sep 26 13:18:37 IDT 2025, 213 W
Fri Sep 26 13:18:37 IDT 2025, 172 W
Fri Sep 26 13:18:37 IDT 2025, 163 W
Fri Sep 26 13:18:38 IDT 2025, 165 W
Fri Sep 26 13:18:38 IDT 2025, 158 W
Fri Sep 26 13:18:38 IDT 2025, 186 W
Fri Sep 26 13:18:38 IDT 2025, 156 W
Fri Sep 26 13:18:38 IDT 2025, 152 W
Fri Sep 26 13:18:38 IDT 2025, 198 W
Fri Sep 26 13:18:38 IDT 2025, 160 W
Fri Sep 26 13:18:38 IDT 2025, 153 W
Fri Sep 26 13:18:39 IDT 2025, 178 W
Fri Sep 26 13:18:39 IDT 2025, 180 W
Fri Sep 26 13:18:39 IDT 2025, 213 W
Fri Sep 26 13:18:39 IDT 2025, 168 W
Fri Sep 26 13:18:39 IDT 2025, 181 W
Fri Sep 26 13:18:39 IDT 2025, 201 W
Fri Sep 26 13:18:39 IDT 2025, 185 W
Fri Sep 26 13:18:39 IDT 2025, 151 W
Fri Sep 26 13:18:40 IDT 2025, 169 W
Fri Sep 26 13:18:40 IDT 2025, 176 W
Fri Sep 26 13:18:40 IDT 2025, 206 W
Fri Sep 26 13:18:40 IDT 2025, 171 W
Fri Sep 26 13:18:40 IDT 2025, 171 W
Fri Sep 26 13:18:40 IDT 2025, 209 W
Fri Sep 26 13:18:40 IDT 2025, 173 W
Fri Sep 26 13:18:40 IDT 2025, 155 W
Fri Sep 26 13:18:41 IDT 2025, 176 W
Fri Sep 26 13:18:41 IDT 2025, 177 W
Fri Sep 26 13:18:41 IDT 2025, 199 W
Fri Sep 26 13:18:41 IDT 2025, 178 W
Fri Sep 26 13:18:41 IDT 2025, 178 W
Fri Sep 26 13:18:41 IDT 2025, 201 W
Fri Sep 26 13:18:41 IDT 2025, 168 W
Fri Sep 26 13:18:41 IDT 2025, 166 W
Fri Sep 26 13:18:42 IDT 2025, 182 W
Fri Sep 26 13:18:42 IDT 2025, 189 W
Fri Sep 26 13:18:42 IDT 2025, 205 W
Fri Sep 26 13:18:42 IDT 2025, 166 W
Fri Sep 26 13:18:42 IDT 2025, 183 W
Fri Sep 26 13:18:42 IDT 2025, 215 W
Fri Sep 26 13:18:42 IDT 2025, 185 W
Fri Sep 26 13:18:42 IDT 2025, 168 W
Fri Sep 26 13:18:43 IDT 2025, 178 W
Fri Sep 26 13:18:43 IDT 2025, 174 W
Fri Sep 26 13:18:43 IDT 2025, 215 W
Fri Sep 26 13:18:43 IDT 2025, 175 W
Fri Sep 26 13:18:43 IDT 2025, 178 W
Fri Sep 26 13:18:43 IDT 2025, 204 W
Fri Sep 26 13:18:43 IDT 2025, 190 W
Fri Sep 26 13:18:43 IDT 2025, 159 W
Fri Sep 26 13:18:44 IDT 2025, 178 W
Fri Sep 26 13:18:44 IDT 2025, 169 W
Fri Sep 26 13:18:44 IDT 2025, 199 W
Fri Sep 26 13:18:44 IDT 2025, 155 W
Fri Sep 26 13:18:44 IDT 2025, 173 W
Fri Sep 26 13:18:44 IDT 2025, 208 W
Fri Sep 26 13:18:44 IDT 2025, 173 W
Fri Sep 26 13:18:44 IDT 2025, 155 W
Fri Sep 26 13:18:45 IDT 2025, 174 W
Fri Sep 26 13:18:45 IDT 2025, 170 W
Fri Sep 26 13:18:45 IDT 2025, 208 W
Fri Sep 26 13:18:45 IDT 2025, 162 W
Fri Sep 26 13:18:45 IDT 2025, 175 W
Fri Sep 26 13:18:45 IDT 2025, 206 W
Fri Sep 26 13:18:45 IDT 2025, 183 W
Fri Sep 26 13:18:45 IDT 2025, 156 W
Fri Sep 26 13:18:46 IDT 2025, 179 W
Fri Sep 26 13:18:46 IDT 2025, 179 W
Fri Sep 26 13:18:46 IDT 2025, 213 W
Fri Sep 26 13:18:46 IDT 2025, 165 W
Fri Sep 26 13:18:46 IDT 2025, 183 W
Fri Sep 26 13:18:46 IDT 2025, 204 W
Fri Sep 26 13:18:46 IDT 2025, 188 W
Fri Sep 26 13:18:46 IDT 2025, 164 W
Fri Sep 26 13:18:47 IDT 2025, 182 W
Fri Sep 26 13:18:47 IDT 2025, 180 W
Fri Sep 26 13:18:47 IDT 2025, 218 W
Fri Sep 26 13:18:47 IDT 2025, 181 W
Fri Sep 26 13:18:47 IDT 2025, 167 W
Fri Sep 26 13:18:47 IDT 2025, 208 W
Fri Sep 26 13:18:47 IDT 2025, 182 W
Fri Sep 26 13:18:47 IDT 2025, 167 W
Fri Sep 26 13:18:48 IDT 2025, 181 W
Fri Sep 26 13:18:48 IDT 2025, 171 W
Fri Sep 26 13:18:48 IDT 2025, 214 W
Fri Sep 26 13:18:48 IDT 2025, 171 W
Fri Sep 26 13:18:48 IDT 2025, 182 W
Fri Sep 26 13:18:48 IDT 2025, 205 W
Fri Sep 26 13:18:48 IDT 2025, 189 W
Fri Sep 26 13:18:48 IDT 2025, 165 W
Fri Sep 26 13:18:49 IDT 2025, 169 W
Fri Sep 26 13:18:49 IDT 2025, 179 W
Fri Sep 26 13:18:49 IDT 2025, 200 W
Fri Sep 26 13:18:49 IDT 2025, 164 W
Fri Sep 26 13:18:49 IDT 2025, 170 W
Fri Sep 26 13:18:49 IDT 2025, 206 W
Fri Sep 26 13:18:49 IDT 2025, 186 W
Fri Sep 26 13:18:49 IDT 2025, 157 W
Fri Sep 26 13:18:50 IDT 2025, 180 W
Fri Sep 26 13:18:50 IDT 2025, 185 W
Fri Sep 26 13:18:50 IDT 2025, 208 W
Fri Sep 26 13:18:50 IDT 2025, 178 W
Fri Sep 26 13:18:50 IDT 2025, 178 W
Fri Sep 26 13:18:50 IDT 2025, 208 W
Fri Sep 26 13:18:50 IDT 2025, 189 W
Fri Sep 26 13:18:50 IDT 2025, 161 W
Fri Sep 26 13:18:51 IDT 2025, 190 W
Fri Sep 26 13:18:51 IDT 2025, 187 W
Fri Sep 26 13:18:51 IDT 2025, 218 W
Fri Sep 26 13:18:51 IDT 2025, 181 W
Fri Sep 26 13:18:51 IDT 2025, 183 W
Fri Sep 26 13:18:51 IDT 2025, 208 W
Fri Sep 26 13:18:51 IDT 2025, 193 W
Fri Sep 26 13:18:51 IDT 2025, 172 W
Fri Sep 26 13:18:52 IDT 2025, 187 W
Fri Sep 26 13:18:52 IDT 2025, 179 W
Fri Sep 26 13:18:52 IDT 2025, 216 W
Fri Sep 26 13:18:52 IDT 2025, 171 W
Fri Sep 26 13:18:52 IDT 2025, 184 W
Fri Sep 26 13:18:52 IDT 2025, 208 W
Fri Sep 26 13:18:52 IDT 2025, 178 W
Fri Sep 26 13:18:52 IDT 2025, 168 W
Fri Sep 26 13:18:53 IDT 2025, 182 W
Fri Sep 26 13:18:53 IDT 2025, 185 W
Fri Sep 26 13:18:53 IDT 2025, 217 W
Fri Sep 26 13:18:53 IDT 2025, 176 W
Fri Sep 26 13:18:53 IDT 2025, 174 W
Fri Sep 26 13:18:53 IDT 2025, 209 W
Fri Sep 26 13:18:53 IDT 2025, 186 W
Fri Sep 26 13:18:53 IDT 2025, 167 W
Fri Sep 26 13:18:54 IDT 2025, 181 W
Fri Sep 26 13:18:54 IDT 2025, 182 W
Fri Sep 26 13:18:54 IDT 2025, 211 W
Fri Sep 26 13:18:54 IDT 2025, 178 W
Fri Sep 26 13:18:54 IDT 2025, 180 W
Fri Sep 26 13:18:54 IDT 2025, 219 W
Fri Sep 26 13:18:54 IDT 2025, 182 W
Fri Sep 26 13:18:54 IDT 2025, 164 W
Fri Sep 26 13:18:55 IDT 2025, 183 W
Fri Sep 26 13:18:55 IDT 2025, 182 W
Fri Sep 26 13:18:55 IDT 2025, 217 W
Fri Sep 26 13:18:55 IDT 2025, 174 W
Fri Sep 26 13:18:55 IDT 2025, 183 W
Fri Sep 26 13:18:55 IDT 2025, 205 W
Fri Sep 26 13:18:55 IDT 2025, 183 W
Fri Sep 26 13:18:55 IDT 2025, 169 W
Fri Sep 26 13:18:56 IDT 2025, 177 W
Fri Sep 26 13:18:56 IDT 2025, 171 W
Fri Sep 26 13:18:56 IDT 2025, 216 W
Fri Sep 26 13:18:56 IDT 2025, 170 W
Fri Sep 26 13:18:56 IDT 2025, 172 W
Fri Sep 26 13:18:56 IDT 2025, 210 W
Fri Sep 26 13:18:56 IDT 2025, 178 W
Fri Sep 26 13:18:56 IDT 2025, 172 W
Fri Sep 26 13:18:57 IDT 2025, 166 W
Fri Sep 26 13:18:57 IDT 2025, 172 W
Fri Sep 26 13:18:57 IDT 2025, 199 W
Fri Sep 26 13:18:57 IDT 2025, 155 W
Fri Sep 26 13:18:57 IDT 2025, 166 W
Fri Sep 26 13:18:57 IDT 2025, 195 W
Fri Sep 26 13:18:57 IDT 2025, 169 W
Fri Sep 26 13:18:57 IDT 2025, 158 W
Fri Sep 26 13:18:58 IDT 2025, 173 W
Fri Sep 26 13:18:58 IDT 2025, 171 W
Fri Sep 26 13:18:58 IDT 2025, 207 W
Fri Sep 26 13:18:58 IDT 2025, 163 W
Fri Sep 26 13:18:58 IDT 2025, 175 W
Fri Sep 26 13:18:58 IDT 2025, 201 W
Fri Sep 26 13:18:58 IDT 2025, 168 W
Fri Sep 26 13:18:58 IDT 2025, 161 W
Fri Sep 26 13:18:59 IDT 2025, 192 W
Fri Sep 26 13:18:59 IDT 2025, 183 W
Fri Sep 26 13:18:59 IDT 2025, 211 W
Fri Sep 26 13:18:59 IDT 2025, 184 W
Fri Sep 26 13:18:59 IDT 2025, 183 W
Fri Sep 26 13:18:59 IDT 2025, 219 W
Fri Sep 26 13:18:59 IDT 2025, 192 W
Fri Sep 26 13:18:59 IDT 2025, 176 W
Fri Sep 26 13:19:00 IDT 2025, 176 W
Fri Sep 26 13:19:00 IDT 2025, 189 W
Fri Sep 26 13:19:00 IDT 2025, 212 W
Fri Sep 26 13:19:00 IDT 2025, 178 W
Fri Sep 26 13:19:00 IDT 2025, 173 W
Fri Sep 26 13:19:00 IDT 2025, 204 W
Fri Sep 26 13:19:00 IDT 2025, 187 W
Fri Sep 26 13:19:00 IDT 2025, 174 W
Fri Sep 26 13:19:01 IDT 2025, 177 W
Fri Sep 26 13:19:01 IDT 2025, 184 W
Fri Sep 26 13:19:01 IDT 2025, 212 W
Fri Sep 26 13:19:01 IDT 2025, 165 W
Fri Sep 26 13:19:01 IDT 2025, 183 W
Fri Sep 26 13:19:01 IDT 2025, 217 W
Fri Sep 26 13:19:01 IDT 2025, 179 W
Fri Sep 26 13:19:01 IDT 2025, 167 W
Fri Sep 26 13:19:02 IDT 2025, 182 W
Fri Sep 26 13:19:02 IDT 2025, 172 W
Fri Sep 26 13:19:02 IDT 2025, 218 W
Fri Sep 26 13:19:02 IDT 2025, 175 W
Fri Sep 26 13:19:02 IDT 2025, 177 W
Fri Sep 26 13:19:02 IDT 2025, 218 W
Fri Sep 26 13:19:02 IDT 2025, 183 W
Fri Sep 26 13:19:02 IDT 2025, 169 W
Fri Sep 26 13:19:03 IDT 2025, 175 W
Fri Sep 26 13:19:03 IDT 2025, 173 W
Fri Sep 26 13:19:03 IDT 2025, 220 W
Fri Sep 26 13:19:03 IDT 2025, 172 W
Fri Sep 26 13:19:03 IDT 2025, 179 W
Fri Sep 26 13:19:03 IDT 2025, 210 W
Fri Sep 26 13:19:03 IDT 2025, 186 W
Fri Sep 26 13:19:03 IDT 2025, 155 W
Fri Sep 26 13:19:04 IDT 2025, 163 W
Fri Sep 26 13:19:04 IDT 2025, 171 W
Fri Sep 26 13:19:04 IDT 2025, 197 W
Fri Sep 26 13:19:04 IDT 2025, 159 W
Fri Sep 26 13:19:04 IDT 2025, 163 W
Fri Sep 26 13:19:04 IDT 2025, 195 W
Fri Sep 26 13:19:04 IDT 2025, 171 W
Fri Sep 26 13:19:04 IDT 2025, 156 W
Fri Sep 26 13:19:05 IDT 2025, 171 W
Fri Sep 26 13:19:05 IDT 2025, 170 W
Fri Sep 26 13:19:05 IDT 2025, 206 W
Fri Sep 26 13:19:05 IDT 2025, 172 W
Fri Sep 26 13:19:05 IDT 2025, 160 W
Fri Sep 26 13:19:05 IDT 2025, 201 W
Fri Sep 26 13:19:05 IDT 2025, 177 W
Fri Sep 26 13:19:05 IDT 2025, 160 W
Fri Sep 26 13:19:06 IDT 2025, 165 W
Fri Sep 26 13:19:06 IDT 2025, 173 W
Fri Sep 26 13:19:06 IDT 2025, 206 W
Fri Sep 26 13:19:06 IDT 2025, 160 W
Fri Sep 26 13:19:06 IDT 2025, 171 W
Fri Sep 26 13:19:06 IDT 2025, 199 W
Fri Sep 26 13:19:06 IDT 2025, 186 W
Fri Sep 26 13:19:06 IDT 2025, 162 W
Fri Sep 26 13:19:07 IDT 2025, 184 W
Fri Sep 26 13:19:07 IDT 2025, 175 W
Fri Sep 26 13:19:07 IDT 2025, 199 W
Fri Sep 26 13:19:07 IDT 2025, 168 W
Fri Sep 26 13:19:07 IDT 2025, 167 W
Fri Sep 26 13:19:07 IDT 2025, 204 W
Fri Sep 26 13:19:07 IDT 2025, 180 W
Fri Sep 26 13:19:07 IDT 2025, 156 W
Fri Sep 26 13:19:08 IDT 2025, 165 W
Fri Sep 26 13:19:08 IDT 2025, 174 W
Fri Sep 26 13:19:08 IDT 2025, 196 W
Fri Sep 26 13:19:08 IDT 2025, 164 W
Fri Sep 26 13:19:08 IDT 2025, 164 W
Fri Sep 26 13:19:08 IDT 2025, 210 W
Fri Sep 26 13:19:08 IDT 2025, 175 W
Fri Sep 26 13:19:08 IDT 2025, 161 W
Fri Sep 26 13:19:09 IDT 2025, 176 W
Fri Sep 26 13:19:09 IDT 2025, 173 W
Fri Sep 26 13:19:09 IDT 2025, 209 W
Fri Sep 26 13:19:09 IDT 2025, 172 W
Fri Sep 26 13:19:09 IDT 2025, 174 W
Fri Sep 26 13:19:09 IDT 2025, 201 W
Fri Sep 26 13:19:09 IDT 2025, 191 W
Fri Sep 26 13:19:09 IDT 2025, 170 W
Fri Sep 26 13:19:10 IDT 2025, 182 W
Fri Sep 26 13:19:10 IDT 2025, 179 W
Fri Sep 26 13:19:10 IDT 2025, 214 W
Fri Sep 26 13:19:10 IDT 2025, 181 W
Fri Sep 26 13:19:10 IDT 2025, 188 W
Fri Sep 26 13:19:10 IDT 2025, 210 W
Fri Sep 26 13:19:10 IDT 2025, 188 W
Fri Sep 26 13:19:10 IDT 2025, 171 W
Fri Sep 26 13:19:11 IDT 2025, 184 W
Fri Sep 26 13:19:11 IDT 2025, 179 W
Fri Sep 26 13:19:11 IDT 2025, 209 W
Fri Sep 26 13:19:11 IDT 2025, 174 W
Fri Sep 26 13:19:11 IDT 2025, 172 W
Fri Sep 26 13:19:11 IDT 2025, 204 W
Fri Sep 26 13:19:11 IDT 2025, 182 W
Fri Sep 26 13:19:11 IDT 2025, 160 W
Fri Sep 26 13:19:12 IDT 2025, 184 W
Fri Sep 26 13:19:12 IDT 2025, 180 W
Fri Sep 26 13:19:12 IDT 2025, 219 W
Fri Sep 26 13:19:12 IDT 2025, 176 W
Fri Sep 26 13:19:12 IDT 2025, 176 W
Fri Sep 26 13:19:12 IDT 2025, 209 W
Fri Sep 26 13:19:12 IDT 2025, 194 W
Fri Sep 26 13:19:12 IDT 2025, 163 W
Fri Sep 26 13:19:13 IDT 2025, 189 W
Fri Sep 26 13:19:13 IDT 2025, 190 W
Fri Sep 26 13:19:13 IDT 2025, 216 W
Fri Sep 26 13:19:13 IDT 2025, 178 W
Fri Sep 26 13:19:13 IDT 2025, 179 W
Fri Sep 26 13:19:13 IDT 2025, 211 W
Fri Sep 26 13:19:13 IDT 2025, 189 W
Fri Sep 26 13:19:13 IDT 2025, 170 W
Fri Sep 26 13:19:14 IDT 2025, 181 W
Fri Sep 26 13:19:14 IDT 2025, 183 W
Fri Sep 26 13:19:14 IDT 2025, 221 W
Fri Sep 26 13:19:14 IDT 2025, 172 W
Fri Sep 26 13:19:14 IDT 2025, 181 W
Fri Sep 26 13:19:14 IDT 2025, 211 W
Fri Sep 26 13:19:14 IDT 2025, 187 W
Fri Sep 26 13:19:14 IDT 2025, 167 W
Fri Sep 26 13:19:15 IDT 2025, 186 W
Fri Sep 26 13:19:15 IDT 2025, 183 W
Fri Sep 26 13:19:15 IDT 2025, 214 W
Fri Sep 26 13:19:15 IDT 2025, 177 W
Fri Sep 26 13:19:15 IDT 2025, 177 W
Fri Sep 26 13:19:15 IDT 2025, 211 W
Fri Sep 26 13:19:15 IDT 2025, 189 W
Fri Sep 26 13:19:15 IDT 2025, 172 W
Fri Sep 26 13:19:16 IDT 2025, 177 W
Fri Sep 26 13:19:16 IDT 2025, 164 W
Fri Sep 26 13:19:16 IDT 2025, 215 W
Fri Sep 26 13:19:16 IDT 2025, 171 W
Fri Sep 26 13:19:16 IDT 2025, 179 W
Fri Sep 26 13:19:16 IDT 2025, 206 W
Fri Sep 26 13:19:16 IDT 2025, 189 W
Fri Sep 26 13:19:16 IDT 2025, 161 W
Fri Sep 26 13:19:17 IDT 2025, 174 W
Fri Sep 26 13:19:17 IDT 2025, 172 W
Fri Sep 26 13:19:17 IDT 2025, 201 W
Fri Sep 26 13:19:17 IDT 2025, 158 W
Fri Sep 26 13:19:17 IDT 2025, 165 W
Fri Sep 26 13:19:17 IDT 2025, 197 W
Fri Sep 26 13:19:17 IDT 2025, 171 W
Fri Sep 26 13:19:17 IDT 2025, 150 W
Fri Sep 26 13:19:18 IDT 2025, 183 W
Fri Sep 26 13:19:18 IDT 2025, 185 W
Fri Sep 26 13:19:18 IDT 2025, 220 W
Fri Sep 26 13:19:18 IDT 2025, 163 W
Fri Sep 26 13:19:18 IDT 2025, 183 W
Fri Sep 26 13:19:18 IDT 2025, 208 W
Fri Sep 26 13:19:18 IDT 2025, 194 W
Fri Sep 26 13:19:18 IDT 2025, 168 W
Fri Sep 26 13:19:19 IDT 2025, 171 W
Fri Sep 26 13:19:19 IDT 2025, 169 W
Fri Sep 26 13:19:19 IDT 2025, 208 W
Fri Sep 26 13:19:19 IDT 2025, 170 W
Fri Sep 26 13:19:19 IDT 2025, 158 W
Fri Sep 26 13:19:19 IDT 2025, 198 W
Fri Sep 26 13:19:19 IDT 2025, 166 W
Fri Sep 26 13:19:19 IDT 2025, 156 W
Fri Sep 26 13:19:20 IDT 2025, 174 W
Fri Sep 26 13:19:20 IDT 2025, 174 W
Fri Sep 26 13:19:20 IDT 2025, 203 W
Fri Sep 26 13:19:20 IDT 2025, 169 W
Fri Sep 26 13:19:20 IDT 2025, 172 W
Fri Sep 26 13:19:20 IDT 2025, 205 W
Fri Sep 26 13:19:20 IDT 2025, 182 W
Fri Sep 26 13:19:20 IDT 2025, 155 W
Fri Sep 26 13:19:21 IDT 2025, 183 W
Fri Sep 26 13:19:21 IDT 2025, 188 W
Fri Sep 26 13:19:21 IDT 2025, 215 W
Fri Sep 26 13:19:21 IDT 2025, 173 W
Fri Sep 26 13:19:21 IDT 2025, 180 W
Fri Sep 26 13:19:21 IDT 2025, 209 W
Fri Sep 26 13:19:21 IDT 2025, 191 W
Fri Sep 26 13:19:21 IDT 2025, 167 W
Fri Sep 26 13:19:22 IDT 2025, 184 W
Fri Sep 26 13:19:22 IDT 2025, 180 W
Fri Sep 26 13:19:22 IDT 2025, 212 W
Fri Sep 26 13:19:22 IDT 2025, 174 W
Fri Sep 26 13:19:22 IDT 2025, 174 W
Fri Sep 26 13:19:22 IDT 2025, 210 W
Fri Sep 26 13:19:22 IDT 2025, 188 W
Fri Sep 26 13:19:22 IDT 2025, 159 W
Fri Sep 26 13:19:23 IDT 2025, 176 W
Fri Sep 26 13:19:23 IDT 2025, 170 W
Fri Sep 26 13:19:23 IDT 2025, 212 W
Fri Sep 26 13:19:23 IDT 2025, 164 W
Fri Sep 26 13:19:23 IDT 2025, 171 W
Fri Sep 26 13:19:23 IDT 2025, 190 W
Fri Sep 26 13:19:23 IDT 2025, 173 W
Fri Sep 26 13:19:23 IDT 2025, 160 W
Fri Sep 26 13:19:24 IDT 2025, 176 W
Fri Sep 26 13:19:24 IDT 2025, 179 W
Fri Sep 26 13:19:24 IDT 2025, 206 W
Fri Sep 26 13:19:24 IDT 2025, 166 W
Fri Sep 26 13:19:24 IDT 2025, 171 W
Fri Sep 26 13:19:24 IDT 2025, 194 W
Fri Sep 26 13:19:24 IDT 2025, 170 W
Fri Sep 26 13:19:24 IDT 2025, 152 W
Fri Sep 26 13:19:25 IDT 2025, 181 W
Fri Sep 26 13:19:25 IDT 2025, 183 W
Fri Sep 26 13:19:25 IDT 2025, 219 W
Fri Sep 26 13:19:25 IDT 2025, 175 W
Fri Sep 26 13:19:25 IDT 2025, 175 W
Fri Sep 26 13:19:25 IDT 2025, 211 W
Fri Sep 26 13:19:25 IDT 2025, 177 W
Fri Sep 26 13:19:25 IDT 2025, 163 W
Fri Sep 26 13:19:26 IDT 2025, 171 W
Fri Sep 26 13:19:26 IDT 2025, 180 W
Fri Sep 26 13:19:26 IDT 2025, 200 W
Fri Sep 26 13:19:26 IDT 2025, 168 W
Fri Sep 26 13:19:26 IDT 2025, 166 W
Fri Sep 26 13:19:26 IDT 2025, 202 W
Fri Sep 26 13:19:26 IDT 2025, 177 W
Fri Sep 26 13:19:26 IDT 2025, 163 W
Fri Sep 26 13:19:27 IDT 2025, 177 W
Fri Sep 26 13:19:27 IDT 2025, 165 W
Fri Sep 26 13:19:27 IDT 2025, 210 W
Fri Sep 26 13:19:27 IDT 2025, 162 W
Fri Sep 26 13:19:27 IDT 2025, 161 W
Fri Sep 26 13:19:27 IDT 2025, 208 W
Fri Sep 26 13:19:27 IDT 2025, 176 W
Fri Sep 26 13:19:27 IDT 2025, 164 W
Fri Sep 26 13:19:28 IDT 2025, 177 W
Fri Sep 26 13:19:28 IDT 2025, 174 W
Fri Sep 26 13:19:28 IDT 2025, 208 W
Fri Sep 26 13:19:28 IDT 2025, 167 W
Fri Sep 26 13:19:28 IDT 2025, 175 W
Fri Sep 26 13:19:28 IDT 2025, 201 W
Fri Sep 26 13:19:28 IDT 2025, 189 W
Fri Sep 26 13:19:28 IDT 2025, 169 W
Fri Sep 26 13:19:29 IDT 2025, 178 W
Fri Sep 26 13:19:29 IDT 2025, 165 W
Fri Sep 26 13:19:29 IDT 2025, 205 W
Fri Sep 26 13:19:29 IDT 2025, 164 W
Fri Sep 26 13:19:29 IDT 2025, 176 W
Fri Sep 26 13:19:29 IDT 2025, 196 W
Fri Sep 26 13:19:29 IDT 2025, 184 W
Fri Sep 26 13:19:29 IDT 2025, 169 W
Fri Sep 26 13:19:30 IDT 2025, 181 W
Fri Sep 26 13:19:30 IDT 2025, 174 W
Fri Sep 26 13:19:30 IDT 2025, 213 W
Fri Sep 26 13:19:30 IDT 2025, 168 W
Fri Sep 26 13:19:30 IDT 2025, 183 W
Fri Sep 26 13:19:30 IDT 2025, 214 W
Fri Sep 26 13:19:30 IDT 2025, 185 W
Fri Sep 26 13:19:30 IDT 2025, 175 W
Fri Sep 26 13:19:31 IDT 2025, 174 W
Fri Sep 26 13:19:31 IDT 2025, 176 W
Fri Sep 26 13:19:31 IDT 2025, 209 W
Fri Sep 26 13:19:31 IDT 2025, 174 W
Fri Sep 26 13:19:31 IDT 2025, 178 W
Fri Sep 26 13:19:31 IDT 2025, 212 W
Fri Sep 26 13:19:31 IDT 2025, 188 W
Fri Sep 26 13:19:31 IDT 2025, 149 W
Fri Sep 26 13:19:32 IDT 2025, 180 W
Fri Sep 26 13:19:32 IDT 2025, 170 W
Fri Sep 26 13:19:32 IDT 2025, 214 W
Fri Sep 26 13:19:32 IDT 2025, 168 W
Fri Sep 26 13:19:32 IDT 2025, 172 W
Fri Sep 26 13:19:32 IDT 2025, 211 W
Fri Sep 26 13:19:32 IDT 2025, 177 W
Fri Sep 26 13:19:32 IDT 2025, 164 W
Fri Sep 26 13:19:33 IDT 2025, 181 W
Fri Sep 26 13:19:33 IDT 2025, 171 W
Fri Sep 26 13:19:33 IDT 2025, 216 W
Fri Sep 26 13:19:33 IDT 2025, 174 W
Fri Sep 26 13:19:33 IDT 2025, 180 W
Fri Sep 26 13:19:33 IDT 2025, 212 W
Fri Sep 26 13:19:33 IDT 2025, 189 W
Fri Sep 26 13:19:33 IDT 2025, 166 W
Fri Sep 26 13:19:34 IDT 2025, 177 W
Fri Sep 26 13:19:34 IDT 2025, 171 W
Fri Sep 26 13:19:34 IDT 2025, 210 W
Fri Sep 26 13:19:34 IDT 2025, 169 W
Fri Sep 26 13:19:34 IDT 2025, 180 W
Fri Sep 26 13:19:34 IDT 2025, 204 W
Fri Sep 26 13:19:34 IDT 2025, 186 W
Fri Sep 26 13:19:34 IDT 2025, 160 W
Fri Sep 26 13:19:35 IDT 2025, 183 W
Fri Sep 26 13:19:35 IDT 2025, 169 W
Fri Sep 26 13:19:35 IDT 2025, 210 W
Fri Sep 26 13:19:35 IDT 2025, 182 W
Fri Sep 26 13:19:35 IDT 2025, 183 W
Fri Sep 26 13:19:35 IDT 2025, 212 W
Fri Sep 26 13:19:35 IDT 2025, 188 W
Fri Sep 26 13:19:35 IDT 2025, 171 W
Fri Sep 26 13:19:36 IDT 2025, 179 W
Fri Sep 26 13:19:36 IDT 2025, 176 W
Fri Sep 26 13:19:36 IDT 2025, 220 W
Fri Sep 26 13:19:36 IDT 2025, 172 W
Fri Sep 26 13:19:36 IDT 2025, 178 W
Fri Sep 26 13:19:36 IDT 2025, 216 W
Fri Sep 26 13:19:36 IDT 2025, 187 W
Fri Sep 26 13:19:36 IDT 2025, 165 W
Fri Sep 26 13:19:37 IDT 2025, 165 W
Fri Sep 26 13:19:37 IDT 2025, 160 W
Fri Sep 26 13:19:37 IDT 2025, 196 W
Fri Sep 26 13:19:37 IDT 2025, 167 W
Fri Sep 26 13:19:37 IDT 2025, 164 W
Fri Sep 26 13:19:37 IDT 2025, 195 W
Fri Sep 26 13:19:37 IDT 2025, 167 W
Fri Sep 26 13:19:37 IDT 2025, 152 W
Fri Sep 26 13:19:38 IDT 2025, 179 W
Fri Sep 26 13:19:38 IDT 2025, 172 W
Fri Sep 26 13:19:38 IDT 2025, 209 W
Fri Sep 26 13:19:38 IDT 2025, 167 W
Fri Sep 26 13:19:38 IDT 2025, 175 W
Fri Sep 26 13:19:38 IDT 2025, 200 W
Fri Sep 26 13:19:38 IDT 2025, 186 W
Fri Sep 26 13:19:38 IDT 2025, 159 W
Fri Sep 26 13:19:39 IDT 2025, 159 W
Fri Sep 26 13:19:39 IDT 2025, 177 W
Fri Sep 26 13:19:39 IDT 2025, 205 W
Fri Sep 26 13:19:39 IDT 2025, 161 W
Fri Sep 26 13:19:39 IDT 2025, 173 W
Fri Sep 26 13:19:39 IDT 2025, 190 W
Fri Sep 26 13:19:39 IDT 2025, 175 W
Fri Sep 26 13:19:39 IDT 2025, 155 W
Fri Sep 26 13:19:40 IDT 2025, 170 W
Fri Sep 26 13:19:40 IDT 2025, 174 W
Fri Sep 26 13:19:40 IDT 2025, 194 W
Fri Sep 26 13:19:40 IDT 2025, 159 W
Fri Sep 26 13:19:40 IDT 2025, 165 W
Fri Sep 26 13:19:40 IDT 2025, 196 W
Fri Sep 26 13:19:40 IDT 2025, 173 W
Fri Sep 26 13:19:40 IDT 2025, 161 W
Fri Sep 26 13:19:41 IDT 2025, 196 W
Fri Sep 26 13:19:41 IDT 2025, 201 W
Fri Sep 26 13:19:41 IDT 2025, 226 W
Fri Sep 26 13:19:41 IDT 2025, 188 W
Fri Sep 26 13:19:41 IDT 2025, 202 W
Fri Sep 26 13:19:41 IDT 2025, 217 W
Fri Sep 26 13:19:41 IDT 2025, 202 W
Fri Sep 26 13:19:41 IDT 2025, 186 W
Fri Sep 26 13:19:42 IDT 2025, 170 W
Fri Sep 26 13:19:42 IDT 2025, 168 W
Fri Sep 26 13:19:42 IDT 2025, 193 W
Fri Sep 26 13:19:42 IDT 2025, 156 W
Fri Sep 26 13:19:42 IDT 2025, 159 W
Fri Sep 26 13:19:42 IDT 2025, 199 W
Fri Sep 26 13:19:42 IDT 2025, 173 W
Fri Sep 26 13:19:42 IDT 2025, 149 W
Fri Sep 26 13:19:43 IDT 2025, 179 W
Fri Sep 26 13:19:43 IDT 2025, 175 W
Fri Sep 26 13:19:43 IDT 2025, 213 W
Fri Sep 26 13:19:43 IDT 2025, 176 W
Fri Sep 26 13:19:43 IDT 2025, 183 W
Fri Sep 26 13:19:43 IDT 2025, 212 W
Fri Sep 26 13:19:43 IDT 2025, 187 W
Fri Sep 26 13:19:43 IDT 2025, 168 W
Fri Sep 26 13:19:44 IDT 2025, 181 W
Fri Sep 26 13:19:44 IDT 2025, 166 W
Fri Sep 26 13:19:44 IDT 2025, 208 W
Fri Sep 26 13:19:44 IDT 2025, 174 W
Fri Sep 26 13:19:44 IDT 2025, 184 W
Fri Sep 26 13:19:44 IDT 2025, 202 W
Fri Sep 26 13:19:44 IDT 2025, 187 W
Fri Sep 26 13:19:44 IDT 2025, 163 W
Fri Sep 26 13:19:45 IDT 2025, 168 W
Fri Sep 26 13:19:45 IDT 2025, 166 W
Fri Sep 26 13:19:45 IDT 2025, 214 W
Fri Sep 26 13:19:45 IDT 2025, 170 W
Fri Sep 26 13:19:45 IDT 2025, 173 W
Fri Sep 26 13:19:45 IDT 2025, 204 W
Fri Sep 26 13:19:45 IDT 2025, 170 W
Fri Sep 26 13:19:45 IDT 2025, 164 W
Fri Sep 26 13:19:46 IDT 2025, 183 W
Fri Sep 26 13:19:46 IDT 2025, 181 W
Fri Sep 26 13:19:46 IDT 2025, 216 W
Fri Sep 26 13:19:46 IDT 2025, 176 W
Fri Sep 26 13:19:46 IDT 2025, 184 W
Fri Sep 26 13:19:46 IDT 2025, 221 W
Fri Sep 26 13:19:46 IDT 2025, 193 W
Fri Sep 26 13:19:46 IDT 2025, 174 W
Fri Sep 26 13:19:47 IDT 2025, 178 W
Fri Sep 26 13:19:47 IDT 2025, 181 W
Fri Sep 26 13:19:47 IDT 2025, 207 W
Fri Sep 26 13:19:47 IDT 2025, 176 W
Fri Sep 26 13:19:47 IDT 2025, 174 W
Fri Sep 26 13:19:47 IDT 2025, 202 W
Fri Sep 26 13:19:47 IDT 2025, 178 W
Fri Sep 26 13:19:47 IDT 2025, 165 W
Fri Sep 26 13:19:48 IDT 2025, 160 W
Fri Sep 26 13:19:48 IDT 2025, 156 W
Fri Sep 26 13:19:48 IDT 2025, 171 W
Fri Sep 26 13:19:48 IDT 2025, 147 W
Fri Sep 26 13:19:48 IDT 2025, 164 W
Fri Sep 26 13:19:48 IDT 2025, 187 W
Fri Sep 26 13:19:48 IDT 2025, 166 W
Fri Sep 26 13:19:48 IDT 2025, 138 W
Fri Sep 26 13:19:49 IDT 2025, 186 W
Fri Sep 26 13:19:49 IDT 2025, 175 W
Fri Sep 26 13:19:49 IDT 2025, 212 W
Fri Sep 26 13:19:49 IDT 2025, 173 W
Fri Sep 26 13:19:49 IDT 2025, 184 W
Fri Sep 26 13:19:49 IDT 2025, 207 W
Fri Sep 26 13:19:49 IDT 2025, 194 W
Fri Sep 26 13:19:49 IDT 2025, 171 W
Fri Sep 26 13:19:50 IDT 2025, 187 W
Fri Sep 26 13:19:50 IDT 2025, 176 W
Fri Sep 26 13:19:50 IDT 2025, 212 W
Fri Sep 26 13:19:50 IDT 2025, 175 W
Fri Sep 26 13:19:50 IDT 2025, 181 W
Fri Sep 26 13:19:50 IDT 2025, 212 W
Fri Sep 26 13:19:50 IDT 2025, 191 W
Fri Sep 26 13:19:50 IDT 2025, 164 W
Fri Sep 26 13:19:51 IDT 2025, 170 W
Fri Sep 26 13:19:51 IDT 2025, 174 W
Fri Sep 26 13:19:51 IDT 2025, 195 W
Fri Sep 26 13:19:51 IDT 2025, 171 W
Fri Sep 26 13:19:51 IDT 2025, 175 W
Fri Sep 26 13:19:51 IDT 2025, 192 W
Fri Sep 26 13:19:51 IDT 2025, 181 W
Fri Sep 26 13:19:51 IDT 2025, 153 W
Fri Sep 26 13:19:52 IDT 2025, 175 W
Fri Sep 26 13:19:52 IDT 2025, 180 W
Fri Sep 26 13:19:52 IDT 2025, 203 W
Fri Sep 26 13:19:52 IDT 2025, 173 W
Fri Sep 26 13:19:52 IDT 2025, 181 W
Fri Sep 26 13:19:52 IDT 2025, 209 W
Fri Sep 26 13:19:52 IDT 2025, 184 W
Fri Sep 26 13:19:52 IDT 2025, 165 W
Fri Sep 26 13:19:53 IDT 2025, 182 W
Fri Sep 26 13:19:53 IDT 2025, 173 W
Fri Sep 26 13:19:53 IDT 2025, 203 W
Fri Sep 26 13:19:53 IDT 2025, 170 W
Fri Sep 26 13:19:53 IDT 2025, 172 W
Fri Sep 26 13:19:53 IDT 2025, 198 W
Fri Sep 26 13:19:53 IDT 2025, 171 W
Fri Sep 26 13:19:53 IDT 2025, 169 W
Fri Sep 26 13:19:54 IDT 2025, 187 W
Fri Sep 26 13:19:54 IDT 2025, 179 W
Fri Sep 26 13:19:54 IDT 2025, 215 W
Fri Sep 26 13:19:54 IDT 2025, 178 W
Fri Sep 26 13:19:54 IDT 2025, 178 W
Fri Sep 26 13:19:54 IDT 2025, 213 W
Fri Sep 26 13:19:54 IDT 2025, 193 W
Fri Sep 26 13:19:54 IDT 2025, 175 W
Fri Sep 26 13:19:55 IDT 2025, 175 W
Fri Sep 26 13:19:55 IDT 2025, 173 W
Fri Sep 26 13:19:55 IDT 2025, 204 W
Fri Sep 26 13:19:55 IDT 2025, 164 W
Fri Sep 26 13:19:55 IDT 2025, 164 W
Fri Sep 26 13:19:55 IDT 2025, 201 W
Fri Sep 26 13:19:55 IDT 2025, 173 W
Fri Sep 26 13:19:55 IDT 2025, 155 W
Fri Sep 26 13:19:56 IDT 2025, 174 W
Fri Sep 26 13:19:56 IDT 2025, 179 W
Fri Sep 26 13:19:56 IDT 2025, 208 W
Fri Sep 26 13:19:56 IDT 2025, 172 W
Fri Sep 26 13:19:56 IDT 2025, 175 W
Fri Sep 26 13:19:56 IDT 2025, 204 W
Fri Sep 26 13:19:56 IDT 2025, 188 W
Fri Sep 26 13:19:56 IDT 2025, 158 W
Fri Sep 26 13:19:57 IDT 2025, 176 W
Fri Sep 26 13:19:57 IDT 2025, 176 W
Fri Sep 26 13:19:57 IDT 2025, 200 W
Fri Sep 26 13:19:57 IDT 2025, 169 W
Fri Sep 26 13:19:57 IDT 2025, 174 W
Fri Sep 26 13:19:57 IDT 2025, 200 W
Fri Sep 26 13:19:57 IDT 2025, 177 W
Fri Sep 26 13:19:57 IDT 2025, 160 W
Fri Sep 26 13:19:58 IDT 2025, 180 W
Fri Sep 26 13:19:58 IDT 2025, 181 W
Fri Sep 26 13:19:58 IDT 2025, 219 W
Fri Sep 26 13:19:58 IDT 2025, 176 W
Fri Sep 26 13:19:58 IDT 2025, 183 W
Fri Sep 26 13:19:58 IDT 2025, 211 W
Fri Sep 26 13:19:58 IDT 2025, 194 W
Fri Sep 26 13:19:58 IDT 2025, 167 W
Fri Sep 26 13:19:59 IDT 2025, 168 W
Fri Sep 26 13:19:59 IDT 2025, 163 W
Fri Sep 26 13:19:59 IDT 2025, 200 W
Fri Sep 26 13:19:59 IDT 2025, 158 W
Fri Sep 26 13:19:59 IDT 2025, 164 W
Fri Sep 26 13:19:59 IDT 2025, 207 W
Fri Sep 26 13:19:59 IDT 2025, 178 W
Fri Sep 26 13:19:59 IDT 2025, 156 W
Fri Sep 26 13:20:00 IDT 2025, 184 W
Fri Sep 26 13:20:00 IDT 2025, 185 W
Fri Sep 26 13:20:00 IDT 2025, 215 W
Fri Sep 26 13:20:00 IDT 2025, 176 W
Fri Sep 26 13:20:00 IDT 2025, 191 W
Fri Sep 26 13:20:00 IDT 2025, 210 W
Fri Sep 26 13:20:00 IDT 2025, 190 W
Fri Sep 26 13:20:00 IDT 2025, 168 W
Fri Sep 26 13:20:01 IDT 2025, 171 W
Fri Sep 26 13:20:01 IDT 2025, 167 W
Fri Sep 26 13:20:01 IDT 2025, 200 W
Fri Sep 26 13:20:01 IDT 2025, 158 W
Fri Sep 26 13:20:01 IDT 2025, 171 W
Fri Sep 26 13:20:01 IDT 2025, 198 W
Fri Sep 26 13:20:01 IDT 2025, 174 W
Fri Sep 26 13:20:01 IDT 2025, 157 W
Fri Sep 26 13:20:02 IDT 2025, 176 W
Fri Sep 26 13:20:02 IDT 2025, 175 W
Fri Sep 26 13:20:02 IDT 2025, 218 W
Fri Sep 26 13:20:02 IDT 2025, 170 W
Fri Sep 26 13:20:02 IDT 2025, 175 W
Fri Sep 26 13:20:02 IDT 2025, 208 W
Fri Sep 26 13:20:02 IDT 2025, 182 W
Fri Sep 26 13:20:02 IDT 2025, 166 W
Fri Sep 26 13:20:03 IDT 2025, 179 W
Fri Sep 26 13:20:03 IDT 2025, 176 W
Fri Sep 26 13:20:03 IDT 2025, 209 W
Fri Sep 26 13:20:03 IDT 2025, 177 W
Fri Sep 26 13:20:03 IDT 2025, 169 W
Fri Sep 26 13:20:03 IDT 2025, 212 W
Fri Sep 26 13:20:03 IDT 2025, 181 W
Fri Sep 26 13:20:03 IDT 2025, 163 W
Fri Sep 26 13:20:04 IDT 2025, 168 W
Fri Sep 26 13:20:04 IDT 2025, 178 W
Fri Sep 26 13:20:04 IDT 2025, 205 W
Fri Sep 26 13:20:04 IDT 2025, 160 W
Fri Sep 26 13:20:04 IDT 2025, 160 W
Fri Sep 26 13:20:04 IDT 2025, 192 W
Fri Sep 26 13:20:04 IDT 2025, 179 W
Fri Sep 26 13:20:04 IDT 2025, 162 W
Fri Sep 26 13:20:05 IDT 2025, 164 W
Fri Sep 26 13:20:05 IDT 2025, 168 W
Fri Sep 26 13:20:05 IDT 2025, 206 W
Fri Sep 26 13:20:05 IDT 2025, 155 W
Fri Sep 26 13:20:05 IDT 2025, 170 W
Fri Sep 26 13:20:05 IDT 2025, 187 W
Fri Sep 26 13:20:05 IDT 2025, 180 W
Fri Sep 26 13:20:05 IDT 2025, 148 W
Fri Sep 26 13:20:06 IDT 2025, 148 W
Fri Sep 26 13:20:06 IDT 2025, 162 W
Fri Sep 26 13:20:06 IDT 2025, 203 W
Fri Sep 26 13:20:06 IDT 2025, 165 W
Fri Sep 26 13:20:06 IDT 2025, 166 W
Fri Sep 26 13:20:06 IDT 2025, 195 W
Fri Sep 26 13:20:06 IDT 2025, 167 W
Fri Sep 26 13:20:06 IDT 2025, 159 W
Fri Sep 26 13:20:07 IDT 2025, 173 W
Fri Sep 26 13:20:07 IDT 2025, 183 W
Fri Sep 26 13:20:07 IDT 2025, 210 W
Fri Sep 26 13:20:07 IDT 2025, 169 W
Fri Sep 26 13:20:07 IDT 2025, 170 W
Fri Sep 26 13:20:07 IDT 2025, 208 W
Fri Sep 26 13:20:07 IDT 2025, 180 W
Fri Sep 26 13:20:07 IDT 2025, 164 W
Fri Sep 26 13:20:08 IDT 2025, 181 W
Fri Sep 26 13:20:08 IDT 2025, 162 W
Fri Sep 26 13:20:08 IDT 2025, 201 W
Fri Sep 26 13:20:08 IDT 2025, 169 W
Fri Sep 26 13:20:08 IDT 2025, 171 W
Fri Sep 26 13:20:08 IDT 2025, 195 W
Fri Sep 26 13:20:08 IDT 2025, 174 W
Fri Sep 26 13:20:08 IDT 2025, 156 W
Fri Sep 26 13:20:09 IDT 2025, 170 W
Fri Sep 26 13:20:09 IDT 2025, 185 W
Fri Sep 26 13:20:09 IDT 2025, 203 W
Fri Sep 26 13:20:09 IDT 2025, 165 W
Fri Sep 26 13:20:09 IDT 2025, 174 W
Fri Sep 26 13:20:09 IDT 2025, 198 W
Fri Sep 26 13:20:09 IDT 2025, 177 W
Fri Sep 26 13:20:09 IDT 2025, 164 W
Fri Sep 26 13:20:10 IDT 2025, 168 W
Fri Sep 26 13:20:10 IDT 2025, 173 W
Fri Sep 26 13:20:10 IDT 2025, 207 W
Fri Sep 26 13:20:10 IDT 2025, 164 W
Fri Sep 26 13:20:10 IDT 2025, 173 W
Fri Sep 26 13:20:10 IDT 2025, 191 W
Fri Sep 26 13:20:10 IDT 2025, 170 W
Fri Sep 26 13:20:10 IDT 2025, 152 W
Fri Sep 26 13:20:11 IDT 2025, 180 W
Fri Sep 26 13:20:11 IDT 2025, 180 W
Fri Sep 26 13:20:11 IDT 2025, 201 W
Fri Sep 26 13:20:11 IDT 2025, 163 W
Fri Sep 26 13:20:11 IDT 2025, 171 W
Fri Sep 26 13:20:11 IDT 2025, 204 W
Fri Sep 26 13:20:11 IDT 2025, 180 W
Fri Sep 26 13:20:11 IDT 2025, 158 W
Fri Sep 26 13:20:12 IDT 2025, 173 W
Fri Sep 26 13:20:12 IDT 2025, 172 W
Fri Sep 26 13:20:12 IDT 2025, 211 W
Fri Sep 26 13:20:12 IDT 2025, 169 W
Fri Sep 26 13:20:12 IDT 2025, 171 W
Fri Sep 26 13:20:12 IDT 2025, 204 W
Fri Sep 26 13:20:12 IDT 2025, 183 W
Fri Sep 26 13:20:12 IDT 2025, 165 W
Fri Sep 26 13:20:13 IDT 2025, 183 W
Fri Sep 26 13:20:13 IDT 2025, 186 W
Fri Sep 26 13:20:13 IDT 2025, 212 W
Fri Sep 26 13:20:13 IDT 2025, 167 W
Fri Sep 26 13:20:13 IDT 2025, 182 W
Fri Sep 26 13:20:13 IDT 2025, 216 W
Fri Sep 26 13:20:13 IDT 2025, 185 W
Fri Sep 26 13:20:13 IDT 2025, 163 W
Fri Sep 26 13:20:14 IDT 2025, 176 W
Fri Sep 26 13:20:14 IDT 2025, 170 W
Fri Sep 26 13:20:14 IDT 2025, 208 W
Fri Sep 26 13:20:14 IDT 2025, 160 W
Fri Sep 26 13:20:14 IDT 2025, 175 W
Fri Sep 26 13:20:14 IDT 2025, 203 W
Fri Sep 26 13:20:14 IDT 2025, 176 W
Fri Sep 26 13:20:14 IDT 2025, 161 W
Fri Sep 26 13:20:15 IDT 2025, 172 W
Fri Sep 26 13:20:15 IDT 2025, 173 W
Fri Sep 26 13:20:15 IDT 2025, 195 W
Fri Sep 26 13:20:15 IDT 2025, 161 W
Fri Sep 26 13:20:15 IDT 2025, 161 W
Fri Sep 26 13:20:15 IDT 2025, 206 W
Fri Sep 26 13:20:15 IDT 2025, 175 W
Fri Sep 26 13:20:15 IDT 2025, 147 W
Fri Sep 26 13:20:16 IDT 2025, 189 W
Fri Sep 26 13:20:16 IDT 2025, 175 W
Fri Sep 26 13:20:16 IDT 2025, 200 W
Fri Sep 26 13:20:16 IDT 2025, 177 W
Fri Sep 26 13:20:16 IDT 2025, 182 W
Fri Sep 26 13:20:16 IDT 2025, 200 W
Fri Sep 26 13:20:16 IDT 2025, 171 W
Fri Sep 26 13:20:16 IDT 2025, 157 W
Fri Sep 26 13:20:17 IDT 2025, 161 W
Fri Sep 26 13:20:17 IDT 2025, 165 W
Fri Sep 26 13:20:17 IDT 2025, 206 W
Fri Sep 26 13:20:17 IDT 2025, 162 W
Fri Sep 26 13:20:17 IDT 2025, 169 W
Fri Sep 26 13:20:17 IDT 2025, 196 W
Fri Sep 26 13:20:17 IDT 2025, 170 W
Fri Sep 26 13:20:17 IDT 2025, 154 W
Fri Sep 26 13:20:18 IDT 2025, 180 W
Fri Sep 26 13:20:18 IDT 2025, 181 W
Fri Sep 26 13:20:18 IDT 2025, 207 W
Fri Sep 26 13:20:18 IDT 2025, 178 W
Fri Sep 26 13:20:18 IDT 2025, 178 W
Fri Sep 26 13:20:18 IDT 2025, 204 W
Fri Sep 26 13:20:18 IDT 2025, 186 W
Fri Sep 26 13:20:18 IDT 2025, 158 W
Fri Sep 26 13:20:19 IDT 2025, 180 W
Fri Sep 26 13:20:19 IDT 2025, 176 W
Fri Sep 26 13:20:19 IDT 2025, 210 W
Fri Sep 26 13:20:19 IDT 2025, 176 W
Fri Sep 26 13:20:19 IDT 2025, 186 W
Fri Sep 26 13:20:19 IDT 2025, 221 W
Fri Sep 26 13:20:19 IDT 2025, 184 W
Fri Sep 26 13:20:19 IDT 2025, 171 W
Fri Sep 26 13:20:20 IDT 2025, 153 W
Fri Sep 26 13:20:20 IDT 2025, 163 W
Fri Sep 26 13:20:20 IDT 2025, 188 W
Fri Sep 26 13:20:20 IDT 2025, 157 W
Fri Sep 26 13:20:20 IDT 2025, 158 W
Fri Sep 26 13:20:20 IDT 2025, 185 W
Fri Sep 26 13:20:20 IDT 2025, 164 W
Fri Sep 26 13:20:20 IDT 2025, 142 W
Fri Sep 26 13:20:21 IDT 2025, 185 W
Fri Sep 26 13:20:21 IDT 2025, 179 W
Fri Sep 26 13:20:21 IDT 2025, 212 W
Fri Sep 26 13:20:21 IDT 2025, 170 W
Fri Sep 26 13:20:21 IDT 2025, 173 W
Fri Sep 26 13:20:21 IDT 2025, 211 W
Fri Sep 26 13:20:21 IDT 2025, 192 W
Fri Sep 26 13:20:21 IDT 2025, 167 W
Fri Sep 26 13:20:22 IDT 2025, 175 W
Fri Sep 26 13:20:22 IDT 2025, 171 W
Fri Sep 26 13:20:22 IDT 2025, 206 W
Fri Sep 26 13:20:22 IDT 2025, 168 W
Fri Sep 26 13:20:22 IDT 2025, 168 W
Fri Sep 26 13:20:22 IDT 2025, 196 W
Fri Sep 26 13:20:22 IDT 2025, 190 W
Fri Sep 26 13:20:22 IDT 2025, 165 W
Fri Sep 26 13:20:23 IDT 2025, 167 W
Fri Sep 26 13:20:23 IDT 2025, 167 W
Fri Sep 26 13:20:23 IDT 2025, 197 W
Fri Sep 26 13:20:23 IDT 2025, 161 W
Fri Sep 26 13:20:23 IDT 2025, 159 W
Fri Sep 26 13:20:23 IDT 2025, 191 W
Fri Sep 26 13:20:23 IDT 2025, 167 W
Fri Sep 26 13:20:23 IDT 2025, 158 W
Fri Sep 26 13:20:24 IDT 2025, 176 W
Fri Sep 26 13:20:24 IDT 2025, 176 W
Fri Sep 26 13:20:24 IDT 2025, 219 W
Fri Sep 26 13:20:24 IDT 2025, 179 W
Fri Sep 26 13:20:24 IDT 2025, 179 W
Fri Sep 26 13:20:24 IDT 2025, 206 W
Fri Sep 26 13:20:24 IDT 2025, 183 W
Fri Sep 26 13:20:24 IDT 2025, 166 W
Fri Sep 26 13:20:25 IDT 2025, 164 W
Fri Sep 26 13:20:25 IDT 2025, 162 W
Fri Sep 26 13:20:25 IDT 2025, 195 W
Fri Sep 26 13:20:25 IDT 2025, 157 W
Fri Sep 26 13:20:25 IDT 2025, 160 W
Fri Sep 26 13:20:25 IDT 2025, 185 W
Fri Sep 26 13:20:25 IDT 2025, 177 W
Fri Sep 26 13:20:25 IDT 2025, 149 W
Fri Sep 26 13:20:26 IDT 2025, 162 W
Fri Sep 26 13:20:26 IDT 2025, 175 W
Fri Sep 26 13:20:26 IDT 2025, 212 W
Fri Sep 26 13:20:26 IDT 2025, 164 W
Fri Sep 26 13:20:26 IDT 2025, 170 W
Fri Sep 26 13:20:26 IDT 2025, 200 W
Fri Sep 26 13:20:26 IDT 2025, 172 W
Fri Sep 26 13:20:26 IDT 2025, 153 W
Fri Sep 26 13:20:27 IDT 2025, 170 W
Fri Sep 26 13:20:27 IDT 2025, 170 W
Fri Sep 26 13:20:27 IDT 2025, 196 W
Fri Sep 26 13:20:27 IDT 2025, 165 W
Fri Sep 26 13:20:27 IDT 2025, 161 W
Fri Sep 26 13:20:27 IDT 2025, 192 W
Fri Sep 26 13:20:27 IDT 2025, 169 W
Fri Sep 26 13:20:27 IDT 2025, 160 W
Fri Sep 26 13:20:28 IDT 2025, 168 W
Fri Sep 26 13:20:28 IDT 2025, 170 W
Fri Sep 26 13:20:28 IDT 2025, 195 W
Fri Sep 26 13:20:28 IDT 2025, 147 W
Fri Sep 26 13:20:28 IDT 2025, 159 W
Fri Sep 26 13:20:28 IDT 2025, 194 W
Fri Sep 26 13:20:28 IDT 2025, 174 W
Fri Sep 26 13:20:28 IDT 2025, 153 W
Fri Sep 26 13:20:29 IDT 2025, 168 W
Fri Sep 26 13:20:29 IDT 2025, 169 W
Fri Sep 26 13:20:29 IDT 2025, 192 W
Fri Sep 26 13:20:29 IDT 2025, 155 W
Fri Sep 26 13:20:29 IDT 2025, 160 W
Fri Sep 26 13:20:29 IDT 2025, 191 W
Fri Sep 26 13:20:29 IDT 2025, 165 W
Fri Sep 26 13:20:29 IDT 2025, 151 W
Fri Sep 26 13:20:30 IDT 2025, 174 W
Fri Sep 26 13:20:30 IDT 2025, 172 W
Fri Sep 26 13:20:30 IDT 2025, 214 W
Fri Sep 26 13:20:30 IDT 2025, 167 W
Fri Sep 26 13:20:30 IDT 2025, 171 W
Fri Sep 26 13:20:30 IDT 2025, 211 W
Fri Sep 26 13:20:30 IDT 2025, 182 W
Fri Sep 26 13:20:30 IDT 2025, 165 W
Fri Sep 26 13:20:31 IDT 2025, 174 W
Fri Sep 26 13:20:31 IDT 2025, 174 W
Fri Sep 26 13:20:31 IDT 2025, 205 W
Fri Sep 26 13:20:31 IDT 2025, 164 W
Fri Sep 26 13:20:31 IDT 2025, 168 W
Fri Sep 26 13:20:31 IDT 2025, 199 W
Fri Sep 26 13:20:31 IDT 2025, 175 W
Fri Sep 26 13:20:31 IDT 2025, 150 W
Fri Sep 26 13:20:32 IDT 2025, 188 W
Fri Sep 26 13:20:32 IDT 2025, 179 W
Fri Sep 26 13:20:32 IDT 2025, 214 W
Fri Sep 26 13:20:32 IDT 2025, 175 W
Fri Sep 26 13:20:32 IDT 2025, 179 W
Fri Sep 26 13:20:32 IDT 2025, 216 W
Fri Sep 26 13:20:32 IDT 2025, 184 W
Fri Sep 26 13:20:32 IDT 2025, 165 W
Fri Sep 26 13:20:33 IDT 2025, 175 W
Fri Sep 26 13:20:33 IDT 2025, 176 W
Fri Sep 26 13:20:33 IDT 2025, 209 W
Fri Sep 26 13:20:33 IDT 2025, 167 W
Fri Sep 26 13:20:33 IDT 2025, 184 W
Fri Sep 26 13:20:33 IDT 2025, 207 W
Fri Sep 26 13:20:33 IDT 2025, 176 W
Fri Sep 26 13:20:33 IDT 2025, 159 W
Fri Sep 26 13:20:34 IDT 2025, 170 W
Fri Sep 26 13:20:34 IDT 2025, 173 W
Fri Sep 26 13:20:34 IDT 2025, 212 W
Fri Sep 26 13:20:34 IDT 2025, 171 W
Fri Sep 26 13:20:34 IDT 2025, 164 W
Fri Sep 26 13:20:34 IDT 2025, 201 W
Fri Sep 26 13:20:34 IDT 2025, 183 W
Fri Sep 26 13:20:34 IDT 2025, 163 W
Fri Sep 26 13:20:35 IDT 2025, 177 W
Fri Sep 26 13:20:35 IDT 2025, 164 W
Fri Sep 26 13:20:35 IDT 2025, 202 W
Fri Sep 26 13:20:35 IDT 2025, 169 W
Fri Sep 26 13:20:35 IDT 2025, 172 W
Fri Sep 26 13:20:35 IDT 2025, 199 W
Fri Sep 26 13:20:35 IDT 2025, 176 W
Fri Sep 26 13:20:35 IDT 2025, 162 W
Fri Sep 26 13:20:36 IDT 2025, 158 W
Fri Sep 26 13:20:36 IDT 2025, 166 W
Fri Sep 26 13:20:36 IDT 2025, 184 W
Fri Sep 26 13:20:36 IDT 2025, 155 W
Fri Sep 26 13:20:36 IDT 2025, 152 W
Fri Sep 26 13:20:36 IDT 2025, 186 W
Fri Sep 26 13:20:36 IDT 2025, 167 W
Fri Sep 26 13:20:36 IDT 2025, 147 W
Fri Sep 26 13:20:37 IDT 2025, 175 W
Fri Sep 26 13:20:37 IDT 2025, 181 W
Fri Sep 26 13:20:37 IDT 2025, 207 W
Fri Sep 26 13:20:37 IDT 2025, 175 W
Fri Sep 26 13:20:37 IDT 2025, 177 W
Fri Sep 26 13:20:37 IDT 2025, 213 W
Fri Sep 26 13:20:37 IDT 2025, 191 W
Fri Sep 26 13:20:37 IDT 2025, 163 W
Fri Sep 26 13:20:38 IDT 2025, 176 W
Fri Sep 26 13:20:38 IDT 2025, 159 W
Fri Sep 26 13:20:38 IDT 2025, 204 W
Fri Sep 26 13:20:38 IDT 2025, 165 W
Fri Sep 26 13:20:38 IDT 2025, 169 W
Fri Sep 26 13:20:38 IDT 2025, 201 W
Fri Sep 26 13:20:38 IDT 2025, 181 W
Fri Sep 26 13:20:38 IDT 2025, 159 W
Fri Sep 26 13:20:39 IDT 2025, 173 W
Fri Sep 26 13:20:39 IDT 2025, 168 W
Fri Sep 26 13:20:39 IDT 2025, 202 W
Fri Sep 26 13:20:39 IDT 2025, 155 W
Fri Sep 26 13:20:39 IDT 2025, 179 W
Fri Sep 26 13:20:39 IDT 2025, 201 W
Fri Sep 26 13:20:39 IDT 2025, 173 W
Fri Sep 26 13:20:39 IDT 2025, 157 W
Fri Sep 26 13:20:40 IDT 2025, 182 W
Fri Sep 26 13:20:40 IDT 2025, 188 W
Fri Sep 26 13:20:40 IDT 2025, 214 W
Fri Sep 26 13:20:40 IDT 2025, 178 W
Fri Sep 26 13:20:40 IDT 2025, 180 W
Fri Sep 26 13:20:40 IDT 2025, 212 W
Fri Sep 26 13:20:40 IDT 2025, 186 W
Fri Sep 26 13:20:40 IDT 2025, 171 W
Fri Sep 26 13:20:41 IDT 2025, 177 W
Fri Sep 26 13:20:41 IDT 2025, 186 W
Fri Sep 26 13:20:41 IDT 2025, 211 W
Fri Sep 26 13:20:41 IDT 2025, 179 W
Fri Sep 26 13:20:41 IDT 2025, 185 W
Fri Sep 26 13:20:41 IDT 2025, 204 W
Fri Sep 26 13:20:41 IDT 2025, 188 W
Fri Sep 26 13:20:41 IDT 2025, 164 W
Fri Sep 26 13:20:42 IDT 2025, 179 W
Fri Sep 26 13:20:42 IDT 2025, 182 W
Fri Sep 26 13:20:42 IDT 2025, 208 W
Fri Sep 26 13:20:42 IDT 2025, 172 W
Fri Sep 26 13:20:42 IDT 2025, 176 W
Fri Sep 26 13:20:42 IDT 2025, 208 W
Fri Sep 26 13:20:42 IDT 2025, 187 W
Fri Sep 26 13:20:42 IDT 2025, 158 W
Fri Sep 26 13:20:43 IDT 2025, 180 W
Fri Sep 26 13:20:43 IDT 2025, 182 W
Fri Sep 26 13:20:43 IDT 2025, 206 W
Fri Sep 26 13:20:43 IDT 2025, 175 W
Fri Sep 26 13:20:43 IDT 2025, 177 W
Fri Sep 26 13:20:43 IDT 2025, 205 W
Fri Sep 26 13:20:43 IDT 2025, 180 W
Fri Sep 26 13:20:43 IDT 2025, 171 W
Fri Sep 26 13:20:44 IDT 2025, 181 W
Fri Sep 26 13:20:44 IDT 2025, 185 W
Fri Sep 26 13:20:44 IDT 2025, 214 W
Fri Sep 26 13:20:44 IDT 2025, 180 W
Fri Sep 26 13:20:44 IDT 2025, 176 W
Fri Sep 26 13:20:44 IDT 2025, 214 W
Fri Sep 26 13:20:44 IDT 2025, 182 W
Fri Sep 26 13:20:44 IDT 2025, 168 W
Fri Sep 26 13:20:45 IDT 2025, 169 W
Fri Sep 26 13:20:45 IDT 2025, 162 W
Fri Sep 26 13:20:45 IDT 2025, 199 W
Fri Sep 26 13:20:45 IDT 2025, 157 W
Fri Sep 26 13:20:45 IDT 2025, 159 W
Fri Sep 26 13:20:45 IDT 2025, 193 W
Fri Sep 26 13:20:45 IDT 2025, 169 W
Fri Sep 26 13:20:45 IDT 2025, 152 W
Fri Sep 26 13:20:46 IDT 2025, 178 W
Fri Sep 26 13:20:46 IDT 2025, 177 W
Fri Sep 26 13:20:46 IDT 2025, 205 W
Fri Sep 26 13:20:46 IDT 2025, 172 W
Fri Sep 26 13:20:46 IDT 2025, 169 W
Fri Sep 26 13:20:46 IDT 2025, 199 W
Fri Sep 26 13:20:46 IDT 2025, 179 W
Fri Sep 26 13:20:46 IDT 2025, 163 W
Fri Sep 26 13:20:47 IDT 2025, 166 W
Fri Sep 26 13:20:47 IDT 2025, 161 W
Fri Sep 26 13:20:47 IDT 2025, 200 W
Fri Sep 26 13:20:47 IDT 2025, 153 W
Fri Sep 26 13:20:47 IDT 2025, 162 W
Fri Sep 26 13:20:47 IDT 2025, 198 W
Fri Sep 26 13:20:47 IDT 2025, 168 W
Fri Sep 26 13:20:47 IDT 2025, 155 W
Fri Sep 26 13:20:48 IDT 2025, 145 W
Fri Sep 26 13:20:48 IDT 2025, 166 W
Fri Sep 26 13:20:48 IDT 2025, 198 W
Fri Sep 26 13:20:48 IDT 2025, 159 W
Fri Sep 26 13:20:48 IDT 2025, 161 W
Fri Sep 26 13:20:48 IDT 2025, 186 W
Fri Sep 26 13:20:48 IDT 2025, 159 W
Fri Sep 26 13:20:48 IDT 2025, 145 W
Fri Sep 26 13:20:49 IDT 2025, 188 W
Fri Sep 26 13:20:49 IDT 2025, 191 W
Fri Sep 26 13:20:49 IDT 2025, 212 W
Fri Sep 26 13:20:49 IDT 2025, 171 W
Fri Sep 26 13:20:49 IDT 2025, 182 W
Fri Sep 26 13:20:49 IDT 2025, 210 W
Fri Sep 26 13:20:49 IDT 2025, 190 W
Fri Sep 26 13:20:49 IDT 2025, 170 W
Fri Sep 26 13:20:50 IDT 2025, 180 W
Fri Sep 26 13:20:50 IDT 2025, 174 W
Fri Sep 26 13:20:50 IDT 2025, 209 W
Fri Sep 26 13:20:50 IDT 2025, 179 W
Fri Sep 26 13:20:50 IDT 2025, 174 W
Fri Sep 26 13:20:50 IDT 2025, 213 W
Fri Sep 26 13:20:50 IDT 2025, 188 W
Fri Sep 26 13:20:50 IDT 2025, 174 W
Fri Sep 26 13:20:51 IDT 2025, 186 W
Fri Sep 26 13:20:51 IDT 2025, 188 W
Fri Sep 26 13:20:51 IDT 2025, 219 W
Fri Sep 26 13:20:51 IDT 2025, 171 W
Fri Sep 26 13:20:51 IDT 2025, 174 W
Fri Sep 26 13:20:51 IDT 2025, 205 W
Fri Sep 26 13:20:51 IDT 2025, 183 W
Fri Sep 26 13:20:51 IDT 2025, 167 W
Fri Sep 26 13:20:52 IDT 2025, 182 W
Fri Sep 26 13:20:52 IDT 2025, 183 W
Fri Sep 26 13:20:52 IDT 2025, 204 W
Fri Sep 26 13:20:52 IDT 2025, 160 W
Fri Sep 26 13:20:52 IDT 2025, 163 W
Fri Sep 26 13:20:52 IDT 2025, 199 W
Fri Sep 26 13:20:52 IDT 2025, 180 W
Fri Sep 26 13:20:52 IDT 2025, 162 W
Fri Sep 26 13:20:53 IDT 2025, 185 W
Fri Sep 26 13:20:53 IDT 2025, 175 W
Fri Sep 26 13:20:53 IDT 2025, 213 W
Fri Sep 26 13:20:53 IDT 2025, 175 W
Fri Sep 26 13:20:53 IDT 2025, 174 W
Fri Sep 26 13:20:53 IDT 2025, 212 W
Fri Sep 26 13:20:53 IDT 2025, 184 W
Fri Sep 26 13:20:53 IDT 2025, 161 W
Fri Sep 26 13:20:54 IDT 2025, 175 W
Fri Sep 26 13:20:54 IDT 2025, 163 W
Fri Sep 26 13:20:54 IDT 2025, 206 W
Fri Sep 26 13:20:54 IDT 2025, 162 W
Fri Sep 26 13:20:54 IDT 2025, 177 W
Fri Sep 26 13:20:54 IDT 2025, 199 W
Fri Sep 26 13:20:54 IDT 2025, 181 W
Fri Sep 26 13:20:54 IDT 2025, 158 W
Fri Sep 26 13:20:55 IDT 2025, 176 W
Fri Sep 26 13:20:55 IDT 2025, 170 W
Fri Sep 26 13:20:55 IDT 2025, 211 W
Fri Sep 26 13:20:55 IDT 2025, 166 W
Fri Sep 26 13:20:55 IDT 2025, 168 W
Fri Sep 26 13:20:55 IDT 2025, 195 W
Fri Sep 26 13:20:55 IDT 2025, 184 W
Fri Sep 26 13:20:55 IDT 2025, 159 W
Fri Sep 26 13:20:56 IDT 2025, 182 W
Fri Sep 26 13:20:56 IDT 2025, 182 W
Fri Sep 26 13:20:56 IDT 2025, 220 W
Fri Sep 26 13:20:56 IDT 2025, 167 W
Fri Sep 26 13:20:56 IDT 2025, 180 W
Fri Sep 26 13:20:56 IDT 2025, 209 W
Fri Sep 26 13:20:56 IDT 2025, 183 W
Fri Sep 26 13:20:56 IDT 2025, 167 W
Fri Sep 26 13:20:57 IDT 2025, 182 W
Fri Sep 26 13:20:57 IDT 2025, 176 W
Fri Sep 26 13:20:57 IDT 2025, 201 W
Fri Sep 26 13:20:57 IDT 2025, 160 W
Fri Sep 26 13:20:57 IDT 2025, 181 W
Fri Sep 26 13:20:57 IDT 2025, 201 W
Fri Sep 26 13:20:57 IDT 2025, 178 W
Fri Sep 26 13:20:57 IDT 2025, 156 W
Fri Sep 26 13:20:58 IDT 2025, 169 W
Fri Sep 26 13:20:58 IDT 2025, 178 W
Fri Sep 26 13:20:58 IDT 2025, 197 W
Fri Sep 26 13:20:58 IDT 2025, 151 W
Fri Sep 26 13:20:58 IDT 2025, 177 W
Fri Sep 26 13:20:58 IDT 2025, 195 W
Fri Sep 26 13:20:58 IDT 2025, 178 W
Fri Sep 26 13:20:58 IDT 2025, 154 W
Fri Sep 26 13:20:59 IDT 2025, 166 W
Fri Sep 26 13:20:59 IDT 2025, 165 W
Fri Sep 26 13:20:59 IDT 2025, 198 W
Fri Sep 26 13:20:59 IDT 2025, 159 W
Fri Sep 26 13:20:59 IDT 2025, 159 W
Fri Sep 26 13:20:59 IDT 2025, 189 W
Fri Sep 26 13:20:59 IDT 2025, 171 W
Fri Sep 26 13:20:59 IDT 2025, 157 W
Fri Sep 26 13:21:00 IDT 2025, 177 W
Fri Sep 26 13:21:00 IDT 2025, 180 W
Fri Sep 26 13:21:00 IDT 2025, 208 W
Fri Sep 26 13:21:00 IDT 2025, 171 W
Fri Sep 26 13:21:00 IDT 2025, 170 W
Fri Sep 26 13:21:00 IDT 2025, 201 W
Fri Sep 26 13:21:00 IDT 2025, 179 W
Fri Sep 26 13:21:00 IDT 2025, 162 W
Fri Sep 26 13:21:01 IDT 2025, 187 W
Fri Sep 26 13:21:01 IDT 2025, 174 W
Fri Sep 26 13:21:01 IDT 2025, 216 W
Fri Sep 26 13:21:01 IDT 2025, 181 W
Fri Sep 26 13:21:01 IDT 2025, 187 W
Fri Sep 26 13:21:01 IDT 2025, 211 W
Fri Sep 26 13:21:01 IDT 2025, 188 W
Fri Sep 26 13:21:01 IDT 2025, 167 W
Fri Sep 26 13:21:02 IDT 2025, 177 W
Fri Sep 26 13:21:02 IDT 2025, 174 W
Fri Sep 26 13:21:02 IDT 2025, 208 W
Fri Sep 26 13:21:02 IDT 2025, 172 W
Fri Sep 26 13:21:02 IDT 2025, 174 W
Fri Sep 26 13:21:02 IDT 2025, 204 W
Fri Sep 26 13:21:02 IDT 2025, 182 W
Fri Sep 26 13:21:02 IDT 2025, 164 W
Fri Sep 26 13:21:03 IDT 2025, 179 W
Fri Sep 26 13:21:03 IDT 2025, 165 W
Fri Sep 26 13:21:03 IDT 2025, 205 W
Fri Sep 26 13:21:03 IDT 2025, 167 W
Fri Sep 26 13:21:03 IDT 2025, 170 W
Fri Sep 26 13:21:03 IDT 2025, 212 W
Fri Sep 26 13:21:03 IDT 2025, 177 W
Fri Sep 26 13:21:03 IDT 2025, 160 W
Fri Sep 26 13:21:04 IDT 2025, 191 W
Fri Sep 26 13:21:04 IDT 2025, 190 W
Fri Sep 26 13:21:04 IDT 2025, 219 W
Fri Sep 26 13:21:04 IDT 2025, 179 W
Fri Sep 26 13:21:04 IDT 2025, 184 W
Fri Sep 26 13:21:04 IDT 2025, 218 W
Fri Sep 26 13:21:04 IDT 2025, 199 W
Fri Sep 26 13:21:04 IDT 2025, 175 W
Fri Sep 26 13:21:05 IDT 2025, 176 W
Fri Sep 26 13:21:05 IDT 2025, 164 W
Fri Sep 26 13:21:05 IDT 2025, 208 W
Fri Sep 26 13:21:05 IDT 2025, 172 W
Fri Sep 26 13:21:05 IDT 2025, 170 W
Fri Sep 26 13:21:05 IDT 2025, 199 W
Fri Sep 26 13:21:05 IDT 2025, 185 W
Fri Sep 26 13:21:05 IDT 2025, 165 W
Fri Sep 26 13:21:06 IDT 2025, 175 W
Fri Sep 26 13:21:06 IDT 2025, 155 W
Fri Sep 26 13:21:06 IDT 2025, 199 W
Fri Sep 26 13:21:06 IDT 2025, 173 W
Fri Sep 26 13:21:06 IDT 2025, 170 W
Fri Sep 26 13:21:06 IDT 2025, 195 W
Fri Sep 26 13:21:06 IDT 2025, 176 W
Fri Sep 26 13:21:06 IDT 2025, 157 W
Fri Sep 26 13:21:07 IDT 2025, 176 W
Fri Sep 26 13:21:07 IDT 2025, 185 W
Fri Sep 26 13:21:07 IDT 2025, 205 W
Fri Sep 26 13:21:07 IDT 2025, 177 W
Fri Sep 26 13:21:07 IDT 2025, 181 W
Fri Sep 26 13:21:07 IDT 2025, 213 W
Fri Sep 26 13:21:07 IDT 2025, 180 W
Fri Sep 26 13:21:07 IDT 2025, 169 W
Fri Sep 26 13:21:08 IDT 2025, 167 W
Fri Sep 26 13:21:08 IDT 2025, 166 W
Fri Sep 26 13:21:08 IDT 2025, 196 W
Fri Sep 26 13:21:08 IDT 2025, 156 W
Fri Sep 26 13:21:08 IDT 2025, 154 W
Fri Sep 26 13:21:08 IDT 2025, 193 W
Fri Sep 26 13:21:08 IDT 2025, 162 W
Fri Sep 26 13:21:08 IDT 2025, 142 W
Fri Sep 26 13:21:09 IDT 2025, 186 W
Fri Sep 26 13:21:09 IDT 2025, 181 W
Fri Sep 26 13:21:09 IDT 2025, 217 W
Fri Sep 26 13:21:09 IDT 2025, 172 W
Fri Sep 26 13:21:09 IDT 2025, 175 W
Fri Sep 26 13:21:09 IDT 2025, 217 W
Fri Sep 26 13:21:09 IDT 2025, 195 W
Fri Sep 26 13:21:09 IDT 2025, 173 W
Fri Sep 26 13:21:10 IDT 2025, 178 W
Fri Sep 26 13:21:10 IDT 2025, 158 W
Fri Sep 26 13:21:10 IDT 2025, 208 W
Fri Sep 26 13:21:10 IDT 2025, 162 W
Fri Sep 26 13:21:10 IDT 2025, 180 W
Fri Sep 26 13:21:10 IDT 2025, 199 W
Fri Sep 26 13:21:10 IDT 2025, 187 W
Fri Sep 26 13:21:10 IDT 2025, 160 W
Fri Sep 26 13:21:11 IDT 2025, 169 W
Fri Sep 26 13:21:11 IDT 2025, 173 W
Fri Sep 26 13:21:11 IDT 2025, 209 W
Fri Sep 26 13:21:11 IDT 2025, 164 W
Fri Sep 26 13:21:11 IDT 2025, 179 W
Fri Sep 26 13:21:11 IDT 2025, 202 W
Fri Sep 26 13:21:11 IDT 2025, 185 W
Fri Sep 26 13:21:11 IDT 2025, 160 W
Fri Sep 26 13:21:12 IDT 2025, 178 W
Fri Sep 26 13:21:12 IDT 2025, 177 W
Fri Sep 26 13:21:12 IDT 2025, 214 W
Fri Sep 26 13:21:12 IDT 2025, 171 W
Fri Sep 26 13:21:12 IDT 2025, 173 W
Fri Sep 26 13:21:12 IDT 2025, 204 W
Fri Sep 26 13:21:12 IDT 2025, 187 W
Fri Sep 26 13:21:12 IDT 2025, 156 W
Fri Sep 26 13:21:13 IDT 2025, 173 W
Fri Sep 26 13:21:13 IDT 2025, 166 W
Fri Sep 26 13:21:13 IDT 2025, 200 W
Fri Sep 26 13:21:13 IDT 2025, 168 W
Fri Sep 26 13:21:13 IDT 2025, 175 W
Fri Sep 26 13:21:13 IDT 2025, 199 W
Fri Sep 26 13:21:13 IDT 2025, 188 W
Fri Sep 26 13:21:13 IDT 2025, 160 W
Fri Sep 26 13:21:14 IDT 2025, 169 W
Fri Sep 26 13:21:14 IDT 2025, 162 W
Fri Sep 26 13:21:14 IDT 2025, 198 W
Fri Sep 26 13:21:14 IDT 2025, 163 W
Fri Sep 26 13:21:14 IDT 2025, 164 W
Fri Sep 26 13:21:14 IDT 2025, 200 W
Fri Sep 26 13:21:14 IDT 2025, 175 W
Fri Sep 26 13:21:14 IDT 2025, 154 W
Fri Sep 26 13:21:15 IDT 2025, 189 W
Fri Sep 26 13:21:15 IDT 2025, 174 W
Fri Sep 26 13:21:15 IDT 2025, 214 W
Fri Sep 26 13:21:15 IDT 2025, 173 W
Fri Sep 26 13:21:15 IDT 2025, 176 W
Fri Sep 26 13:21:15 IDT 2025, 215 W
Fri Sep 26 13:21:15 IDT 2025, 181 W
Fri Sep 26 13:21:15 IDT 2025, 166 W
Fri Sep 26 13:21:16 IDT 2025, 166 W
Fri Sep 26 13:21:16 IDT 2025, 165 W
Fri Sep 26 13:21:16 IDT 2025, 193 W
Fri Sep 26 13:21:16 IDT 2025, 165 W
Fri Sep 26 13:21:16 IDT 2025, 178 W
Fri Sep 26 13:21:16 IDT 2025, 200 W
Fri Sep 26 13:21:16 IDT 2025, 185 W
Fri Sep 26 13:21:16 IDT 2025, 153 W
Fri Sep 26 13:21:17 IDT 2025, 177 W
Fri Sep 26 13:21:17 IDT 2025, 186 W
Fri Sep 26 13:21:17 IDT 2025, 221 W
Fri Sep 26 13:21:17 IDT 2025, 171 W
Fri Sep 26 13:21:17 IDT 2025, 187 W
Fri Sep 26 13:21:17 IDT 2025, 214 W
Fri Sep 26 13:21:17 IDT 2025, 185 W
Fri Sep 26 13:21:17 IDT 2025, 166 W
Fri Sep 26 13:21:18 IDT 2025, 176 W
Fri Sep 26 13:21:18 IDT 2025, 179 W
Fri Sep 26 13:21:18 IDT 2025, 212 W
Fri Sep 26 13:21:18 IDT 2025, 165 W
Fri Sep 26 13:21:18 IDT 2025, 173 W
Fri Sep 26 13:21:18 IDT 2025, 202 W
Fri Sep 26 13:21:18 IDT 2025, 181 W
Fri Sep 26 13:21:18 IDT 2025, 156 W
Fri Sep 26 13:21:19 IDT 2025, 172 W
Fri Sep 26 13:21:19 IDT 2025, 180 W
Fri Sep 26 13:21:19 IDT 2025, 211 W
Fri Sep 26 13:21:19 IDT 2025, 172 W
Fri Sep 26 13:21:19 IDT 2025, 180 W
Fri Sep 26 13:21:19 IDT 2025, 203 W
Fri Sep 26 13:21:19 IDT 2025, 182 W
Fri Sep 26 13:21:19 IDT 2025, 169 W
Fri Sep 26 13:21:20 IDT 2025, 173 W
Fri Sep 26 13:21:20 IDT 2025, 180 W
Fri Sep 26 13:21:20 IDT 2025, 201 W
Fri Sep 26 13:21:20 IDT 2025, 167 W
Fri Sep 26 13:21:20 IDT 2025, 180 W
Fri Sep 26 13:21:20 IDT 2025, 200 W
Fri Sep 26 13:21:20 IDT 2025, 182 W
Fri Sep 26 13:21:20 IDT 2025, 155 W
Fri Sep 26 13:21:21 IDT 2025, 182 W
Fri Sep 26 13:21:21 IDT 2025, 183 W
Fri Sep 26 13:21:21 IDT 2025, 210 W
Fri Sep 26 13:21:21 IDT 2025, 175 W
Fri Sep 26 13:21:21 IDT 2025, 175 W
Fri Sep 26 13:21:21 IDT 2025, 210 W
Fri Sep 26 13:21:21 IDT 2025, 183 W
Fri Sep 26 13:21:21 IDT 2025, 168 W
Fri Sep 26 13:21:22 IDT 2025, 179 W
Fri Sep 26 13:21:22 IDT 2025, 186 W
Fri Sep 26 13:21:22 IDT 2025, 204 W
Fri Sep 26 13:21:22 IDT 2025, 170 W
Fri Sep 26 13:21:22 IDT 2025, 171 W
Fri Sep 26 13:21:22 IDT 2025, 211 W
Fri Sep 26 13:21:22 IDT 2025, 180 W
Fri Sep 26 13:21:22 IDT 2025, 163 W
Fri Sep 26 13:21:23 IDT 2025, 179 W
Fri Sep 26 13:21:23 IDT 2025, 167 W
Fri Sep 26 13:21:23 IDT 2025, 203 W
Fri Sep 26 13:21:23 IDT 2025, 165 W
Fri Sep 26 13:21:23 IDT 2025, 162 W
Fri Sep 26 13:21:23 IDT 2025, 200 W
Fri Sep 26 13:21:23 IDT 2025, 174 W
Fri Sep 26 13:21:23 IDT 2025, 160 W
Fri Sep 26 13:21:24 IDT 2025, 171 W
Fri Sep 26 13:21:24 IDT 2025, 173 W
Fri Sep 26 13:21:24 IDT 2025, 202 W
Fri Sep 26 13:21:24 IDT 2025, 156 W
Fri Sep 26 13:21:24 IDT 2025, 177 W
Fri Sep 26 13:21:24 IDT 2025, 196 W
Fri Sep 26 13:21:24 IDT 2025, 169 W
Fri Sep 26 13:21:24 IDT 2025, 148 W
Fri Sep 26 13:21:25 IDT 2025, 187 W
Fri Sep 26 13:21:25 IDT 2025, 176 W
Fri Sep 26 13:21:25 IDT 2025, 206 W
Fri Sep 26 13:21:25 IDT 2025, 179 W
Fri Sep 26 13:21:25 IDT 2025, 179 W
Fri Sep 26 13:21:25 IDT 2025, 215 W
Fri Sep 26 13:21:25 IDT 2025, 189 W
Fri Sep 26 13:21:25 IDT 2025, 166 W
Fri Sep 26 13:21:26 IDT 2025, 181 W
Fri Sep 26 13:21:26 IDT 2025, 180 W
Fri Sep 26 13:21:26 IDT 2025, 208 W
Fri Sep 26 13:21:26 IDT 2025, 166 W
Fri Sep 26 13:21:26 IDT 2025, 187 W
Fri Sep 26 13:21:26 IDT 2025, 198 W
Fri Sep 26 13:21:26 IDT 2025, 183 W
Fri Sep 26 13:21:26 IDT 2025, 163 W
Fri Sep 26 13:21:27 IDT 2025, 174 W
Fri Sep 26 13:21:27 IDT 2025, 162 W
Fri Sep 26 13:21:27 IDT 2025, 195 W
Fri Sep 26 13:21:27 IDT 2025, 153 W
Fri Sep 26 13:21:27 IDT 2025, 164 W
Fri Sep 26 13:21:27 IDT 2025, 195 W
Fri Sep 26 13:21:27 IDT 2025, 176 W
Fri Sep 26 13:21:27 IDT 2025, 154 W
Fri Sep 26 13:21:28 IDT 2025, 180 W
Fri Sep 26 13:21:28 IDT 2025, 177 W
Fri Sep 26 13:21:28 IDT 2025, 199 W
Fri Sep 26 13:21:28 IDT 2025, 167 W
Fri Sep 26 13:21:28 IDT 2025, 175 W
Fri Sep 26 13:21:28 IDT 2025, 214 W
Fri Sep 26 13:21:28 IDT 2025, 178 W
Fri Sep 26 13:21:28 IDT 2025, 166 W
Fri Sep 26 13:21:29 IDT 2025, 180 W
Fri Sep 26 13:21:29 IDT 2025, 186 W
Fri Sep 26 13:21:29 IDT 2025, 205 W
Fri Sep 26 13:21:29 IDT 2025, 174 W
Fri Sep 26 13:21:29 IDT 2025, 184 W
Fri Sep 26 13:21:29 IDT 2025, 207 W
Fri Sep 26 13:21:29 IDT 2025, 186 W
Fri Sep 26 13:21:29 IDT 2025, 165 W
Fri Sep 26 13:21:30 IDT 2025, 179 W
Fri Sep 26 13:21:30 IDT 2025, 182 W
Fri Sep 26 13:21:30 IDT 2025, 201 W
Fri Sep 26 13:21:30 IDT 2025, 166 W
Fri Sep 26 13:21:30 IDT 2025, 180 W
Fri Sep 26 13:21:30 IDT 2025, 212 W
Fri Sep 26 13:21:30 IDT 2025, 193 W
Fri Sep 26 13:21:30 IDT 2025, 168 W
Fri Sep 26 13:21:31 IDT 2025, 194 W
Fri Sep 26 13:21:31 IDT 2025, 196 W
Fri Sep 26 13:21:31 IDT 2025, 225 W
Fri Sep 26 13:21:31 IDT 2025, 187 W
Fri Sep 26 13:21:31 IDT 2025, 190 W
Fri Sep 26 13:21:31 IDT 2025, 219 W
Fri Sep 26 13:21:31 IDT 2025, 201 W
Fri Sep 26 13:21:31 IDT 2025, 178 W
Fri Sep 26 13:21:32 IDT 2025, 161 W
Fri Sep 26 13:21:32 IDT 2025, 174 W
Fri Sep 26 13:21:32 IDT 2025, 204 W
Fri Sep 26 13:21:32 IDT 2025, 166 W
Fri Sep 26 13:21:32 IDT 2025, 171 W
Fri Sep 26 13:21:32 IDT 2025, 203 W
Fri Sep 26 13:21:32 IDT 2025, 180 W
Fri Sep 26 13:21:32 IDT 2025, 155 W
Fri Sep 26 13:21:33 IDT 2025, 170 W
Fri Sep 26 13:21:33 IDT 2025, 181 W
Fri Sep 26 13:21:33 IDT 2025, 216 W
Fri Sep 26 13:21:33 IDT 2025, 175 W
Fri Sep 26 13:21:33 IDT 2025, 181 W
Fri Sep 26 13:21:33 IDT 2025, 210 W
Fri Sep 26 13:21:33 IDT 2025, 180 W
Fri Sep 26 13:21:33 IDT 2025, 163 W
Fri Sep 26 13:21:34 IDT 2025, 159 W
Fri Sep 26 13:21:34 IDT 2025, 160 W
Fri Sep 26 13:21:34 IDT 2025, 190 W
Fri Sep 26 13:21:34 IDT 2025, 151 W
Fri Sep 26 13:21:34 IDT 2025, 165 W
Fri Sep 26 13:21:34 IDT 2025, 185 W
Fri Sep 26 13:21:34 IDT 2025, 168 W
Fri Sep 26 13:21:34 IDT 2025, 131 W
Fri Sep 26 13:21:35 IDT 2025, 175 W
Fri Sep 26 13:21:35 IDT 2025, 186 W
Fri Sep 26 13:21:35 IDT 2025, 205 W
Fri Sep 26 13:21:35 IDT 2025, 164 W
Fri Sep 26 13:21:35 IDT 2025, 180 W
Fri Sep 26 13:21:35 IDT 2025, 214 W
Fri Sep 26 13:21:35 IDT 2025, 184 W
Fri Sep 26 13:21:35 IDT 2025, 162 W
Fri Sep 26 13:21:36 IDT 2025, 183 W
Fri Sep 26 13:21:36 IDT 2025, 178 W
Fri Sep 26 13:21:36 IDT 2025, 213 W
Fri Sep 26 13:21:36 IDT 2025, 176 W
Fri Sep 26 13:21:36 IDT 2025, 187 W
Fri Sep 26 13:21:36 IDT 2025, 209 W
Fri Sep 26 13:21:36 IDT 2025, 193 W
Fri Sep 26 13:21:36 IDT 2025, 169 W
Fri Sep 26 13:21:37 IDT 2025, 164 W
Fri Sep 26 13:21:37 IDT 2025, 172 W
Fri Sep 26 13:21:37 IDT 2025, 192 W
Fri Sep 26 13:21:37 IDT 2025, 161 W
Fri Sep 26 13:21:37 IDT 2025, 165 W
Fri Sep 26 13:21:37 IDT 2025, 190 W
Fri Sep 26 13:21:37 IDT 2025, 171 W
Fri Sep 26 13:21:37 IDT 2025, 154 W
Fri Sep 26 13:21:38 IDT 2025, 169 W
Fri Sep 26 13:21:38 IDT 2025, 170 W
Fri Sep 26 13:21:38 IDT 2025, 202 W
Fri Sep 26 13:21:38 IDT 2025, 159 W
Fri Sep 26 13:21:38 IDT 2025, 166 W
Fri Sep 26 13:21:38 IDT 2025, 201 W
Fri Sep 26 13:21:38 IDT 2025, 170 W
Fri Sep 26 13:21:38 IDT 2025, 157 W
Fri Sep 26 13:21:39 IDT 2025, 196 W
Fri Sep 26 13:21:39 IDT 2025, 184 W
Fri Sep 26 13:21:39 IDT 2025, 231 W
Fri Sep 26 13:21:39 IDT 2025, 184 W
Fri Sep 26 13:21:39 IDT 2025, 191 W
Fri Sep 26 13:21:39 IDT 2025, 215 W
Fri Sep 26 13:21:39 IDT 2025, 193 W
Fri Sep 26 13:21:39 IDT 2025, 174 W
Fri Sep 26 13:21:40 IDT 2025, 182 W
Fri Sep 26 13:21:40 IDT 2025, 181 W
Fri Sep 26 13:21:40 IDT 2025, 211 W
Fri Sep 26 13:21:40 IDT 2025, 179 W
Fri Sep 26 13:21:40 IDT 2025, 181 W
Fri Sep 26 13:21:40 IDT 2025, 211 W
Fri Sep 26 13:21:40 IDT 2025, 188 W
Fri Sep 26 13:21:40 IDT 2025, 168 W
Fri Sep 26 13:21:41 IDT 2025, 173 W
Fri Sep 26 13:21:41 IDT 2025, 161 W
Fri Sep 26 13:21:41 IDT 2025, 204 W
Fri Sep 26 13:21:41 IDT 2025, 160 W
Fri Sep 26 13:21:41 IDT 2025, 172 W
Fri Sep 26 13:21:41 IDT 2025, 194 W
Fri Sep 26 13:21:41 IDT 2025, 172 W
Fri Sep 26 13:21:41 IDT 2025, 154 W
Fri Sep 26 13:21:42 IDT 2025, 184 W
Fri Sep 26 13:21:42 IDT 2025, 181 W
Fri Sep 26 13:21:42 IDT 2025, 210 W
Fri Sep 26 13:21:42 IDT 2025, 169 W
Fri Sep 26 13:21:42 IDT 2025, 187 W
Fri Sep 26 13:21:42 IDT 2025, 199 W
Fri Sep 26 13:21:42 IDT 2025, 187 W
Fri Sep 26 13:21:42 IDT 2025, 159 W
Fri Sep 26 13:21:43 IDT 2025, 173 W
Fri Sep 26 13:21:43 IDT 2025, 181 W
Fri Sep 26 13:21:43 IDT 2025, 211 W
Fri Sep 26 13:21:43 IDT 2025, 165 W
Fri Sep 26 13:21:43 IDT 2025, 163 W
Fri Sep 26 13:21:43 IDT 2025, 199 W
Fri Sep 26 13:21:43 IDT 2025, 178 W
Fri Sep 26 13:21:43 IDT 2025, 163 W
Fri Sep 26 13:21:44 IDT 2025, 189 W
Fri Sep 26 13:21:44 IDT 2025, 187 W
Fri Sep 26 13:21:44 IDT 2025, 215 W
Fri Sep 26 13:21:44 IDT 2025, 175 W
Fri Sep 26 13:21:44 IDT 2025, 184 W
Fri Sep 26 13:21:44 IDT 2025, 211 W
Fri Sep 26 13:21:44 IDT 2025, 196 W
Fri Sep 26 13:21:44 IDT 2025, 175 W
Fri Sep 26 13:21:45 IDT 2025, 186 W
Fri Sep 26 13:21:45 IDT 2025, 182 W
Fri Sep 26 13:21:45 IDT 2025, 207 W
Fri Sep 26 13:21:45 IDT 2025, 172 W
Fri Sep 26 13:21:45 IDT 2025, 190 W
Fri Sep 26 13:21:45 IDT 2025, 192 W
Fri Sep 26 13:21:45 IDT 2025, 186 W
Fri Sep 26 13:21:45 IDT 2025, 164 W
Fri Sep 26 13:21:46 IDT 2025, 177 W
Fri Sep 26 13:21:46 IDT 2025, 181 W
Fri Sep 26 13:21:46 IDT 2025, 211 W
Fri Sep 26 13:21:46 IDT 2025, 164 W
Fri Sep 26 13:21:46 IDT 2025, 181 W
Fri Sep 26 13:21:46 IDT 2025, 197 W
Fri Sep 26 13:21:46 IDT 2025, 176 W
Fri Sep 26 13:21:46 IDT 2025, 158 W
Fri Sep 26 13:21:47 IDT 2025, 162 W
Fri Sep 26 13:21:47 IDT 2025, 157 W
Fri Sep 26 13:21:47 IDT 2025, 193 W
Fri Sep 26 13:21:47 IDT 2025, 160 W
Fri Sep 26 13:21:47 IDT 2025, 157 W
Fri Sep 26 13:21:47 IDT 2025, 191 W
Fri Sep 26 13:21:47 IDT 2025, 169 W
Fri Sep 26 13:21:47 IDT 2025, 150 W
Fri Sep 26 13:21:48 IDT 2025, 170 W
Fri Sep 26 13:21:48 IDT 2025, 168 W
Fri Sep 26 13:21:48 IDT 2025, 199 W
Fri Sep 26 13:21:48 IDT 2025, 164 W
Fri Sep 26 13:21:48 IDT 2025, 155 W
Fri Sep 26 13:21:48 IDT 2025, 198 W
Fri Sep 26 13:21:48 IDT 2025, 167 W
Fri Sep 26 13:21:48 IDT 2025, 160 W
Fri Sep 26 13:21:49 IDT 2025, 181 W
Fri Sep 26 13:21:49 IDT 2025, 185 W
Fri Sep 26 13:21:49 IDT 2025, 219 W
Fri Sep 26 13:21:49 IDT 2025, 172 W
Fri Sep 26 13:21:49 IDT 2025, 183 W
Fri Sep 26 13:21:49 IDT 2025, 206 W
Fri Sep 26 13:21:49 IDT 2025, 191 W
Fri Sep 26 13:21:49 IDT 2025, 166 W
Fri Sep 26 13:21:50 IDT 2025, 176 W
Fri Sep 26 13:21:50 IDT 2025, 168 W
Fri Sep 26 13:21:50 IDT 2025, 203 W
Fri Sep 26 13:21:50 IDT 2025, 161 W
Fri Sep 26 13:21:50 IDT 2025, 160 W
Fri Sep 26 13:21:50 IDT 2025, 199 W
Fri Sep 26 13:21:50 IDT 2025, 179 W
Fri Sep 26 13:21:50 IDT 2025, 150 W
Fri Sep 26 13:21:51 IDT 2025, 174 W
Fri Sep 26 13:21:51 IDT 2025, 175 W
Fri Sep 26 13:21:51 IDT 2025, 209 W
Fri Sep 26 13:21:51 IDT 2025, 166 W
Fri Sep 26 13:21:51 IDT 2025, 164 W
Fri Sep 26 13:21:51 IDT 2025, 201 W
Fri Sep 26 13:21:51 IDT 2025, 170 W
Fri Sep 26 13:21:51 IDT 2025, 160 W
Fri Sep 26 13:21:52 IDT 2025, 180 W
Fri Sep 26 13:21:52 IDT 2025, 180 W
Fri Sep 26 13:21:52 IDT 2025, 209 W
Fri Sep 26 13:21:52 IDT 2025, 177 W
Fri Sep 26 13:21:52 IDT 2025, 176 W
Fri Sep 26 13:21:52 IDT 2025, 212 W
Fri Sep 26 13:21:52 IDT 2025, 185 W
Fri Sep 26 13:21:52 IDT 2025, 160 W
Fri Sep 26 13:21:53 IDT 2025, 181 W
Fri Sep 26 13:21:53 IDT 2025, 181 W
Fri Sep 26 13:21:53 IDT 2025, 214 W
Fri Sep 26 13:21:53 IDT 2025, 172 W
Fri Sep 26 13:21:53 IDT 2025, 188 W
Fri Sep 26 13:21:53 IDT 2025, 207 W
Fri Sep 26 13:21:53 IDT 2025, 183 W
Fri Sep 26 13:21:53 IDT 2025, 172 W
Fri Sep 26 13:21:54 IDT 2025, 169 W
Fri Sep 26 13:21:54 IDT 2025, 181 W
Fri Sep 26 13:21:54 IDT 2025, 216 W
Fri Sep 26 13:21:54 IDT 2025, 164 W
Fri Sep 26 13:21:54 IDT 2025, 163 W
Fri Sep 26 13:21:54 IDT 2025, 207 W
Fri Sep 26 13:21:54 IDT 2025, 168 W
Fri Sep 26 13:21:54 IDT 2025, 163 W
Fri Sep 26 13:21:55 IDT 2025, 164 W
Fri Sep 26 13:21:55 IDT 2025, 176 W
Fri Sep 26 13:21:55 IDT 2025, 206 W
Fri Sep 26 13:21:55 IDT 2025, 172 W
Fri Sep 26 13:21:55 IDT 2025, 175 W
Fri Sep 26 13:21:55 IDT 2025, 197 W
Fri Sep 26 13:21:55 IDT 2025, 180 W
Fri Sep 26 13:21:55 IDT 2025, 160 W
Fri Sep 26 13:21:56 IDT 2025, 176 W
Fri Sep 26 13:21:56 IDT 2025, 182 W
Fri Sep 26 13:21:56 IDT 2025, 215 W
Fri Sep 26 13:21:56 IDT 2025, 176 W
Fri Sep 26 13:21:56 IDT 2025, 183 W
Fri Sep 26 13:21:56 IDT 2025, 213 W
Fri Sep 26 13:21:56 IDT 2025, 189 W
Fri Sep 26 13:21:56 IDT 2025, 167 W
Fri Sep 26 13:21:57 IDT 2025, 174 W
Fri Sep 26 13:21:57 IDT 2025, 180 W
Fri Sep 26 13:21:57 IDT 2025, 204 W
Fri Sep 26 13:21:57 IDT 2025, 171 W
Fri Sep 26 13:21:57 IDT 2025, 179 W
Fri Sep 26 13:21:57 IDT 2025, 204 W
Fri Sep 26 13:21:57 IDT 2025, 180 W
Fri Sep 26 13:21:57 IDT 2025, 168 W
Fri Sep 26 13:21:58 IDT 2025, 168 W
Fri Sep 26 13:21:58 IDT 2025, 164 W
Fri Sep 26 13:21:58 IDT 2025, 198 W
Fri Sep 26 13:21:58 IDT 2025, 155 W
Fri Sep 26 13:21:58 IDT 2025, 150 W
Fri Sep 26 13:21:58 IDT 2025, 196 W
Fri Sep 26 13:21:58 IDT 2025, 172 W
Fri Sep 26 13:21:58 IDT 2025, 149 W
Fri Sep 26 13:21:59 IDT 2025, 173 W
Fri Sep 26 13:21:59 IDT 2025, 177 W
Fri Sep 26 13:21:59 IDT 2025, 207 W
Fri Sep 26 13:21:59 IDT 2025, 168 W
Fri Sep 26 13:21:59 IDT 2025, 172 W
Fri Sep 26 13:21:59 IDT 2025, 200 W
Fri Sep 26 13:21:59 IDT 2025, 180 W
Fri Sep 26 13:21:59 IDT 2025, 160 W
Fri Sep 26 13:22:00 IDT 2025, 173 W
Fri Sep 26 13:22:00 IDT 2025, 182 W
Fri Sep 26 13:22:00 IDT 2025, 216 W
Fri Sep 26 13:22:00 IDT 2025, 175 W
Fri Sep 26 13:22:00 IDT 2025, 194 W
Fri Sep 26 13:22:00 IDT 2025, 218 W
Fri Sep 26 13:22:00 IDT 2025, 187 W
Fri Sep 26 13:22:00 IDT 2025, 168 W
Fri Sep 26 13:22:01 IDT 2025, 186 W
Fri Sep 26 13:22:01 IDT 2025, 181 W
Fri Sep 26 13:22:01 IDT 2025, 217 W
Fri Sep 26 13:22:01 IDT 2025, 180 W
Fri Sep 26 13:22:01 IDT 2025, 187 W
Fri Sep 26 13:22:01 IDT 2025, 212 W
Fri Sep 26 13:22:01 IDT 2025, 186 W
Fri Sep 26 13:22:01 IDT 2025, 171 W
Fri Sep 26 13:22:02 IDT 2025, 174 W
Fri Sep 26 13:22:02 IDT 2025, 183 W
Fri Sep 26 13:22:02 IDT 2025, 219 W
Fri Sep 26 13:22:02 IDT 2025, 175 W
Fri Sep 26 13:22:02 IDT 2025, 184 W
Fri Sep 26 13:22:02 IDT 2025, 212 W
Fri Sep 26 13:22:02 IDT 2025, 186 W
Fri Sep 26 13:22:02 IDT 2025, 164 W
Fri Sep 26 13:22:03 IDT 2025, 165 W
Fri Sep 26 13:22:03 IDT 2025, 176 W
Fri Sep 26 13:22:03 IDT 2025, 201 W
Fri Sep 26 13:22:03 IDT 2025, 161 W
Fri Sep 26 13:22:03 IDT 2025, 159 W
Fri Sep 26 13:22:03 IDT 2025, 188 W
Fri Sep 26 13:22:03 IDT 2025, 164 W
Fri Sep 26 13:22:03 IDT 2025, 145 W
Fri Sep 26 13:22:04 IDT 2025, 189 W
Fri Sep 26 13:22:04 IDT 2025, 178 W
Fri Sep 26 13:22:04 IDT 2025, 216 W
Fri Sep 26 13:22:04 IDT 2025, 172 W
Fri Sep 26 13:22:04 IDT 2025, 184 W
Fri Sep 26 13:22:04 IDT 2025, 202 W
Fri Sep 26 13:22:04 IDT 2025, 172 W
Fri Sep 26 13:22:04 IDT 2025, 168 W
Fri Sep 26 13:22:05 IDT 2025, 180 W
Fri Sep 26 13:22:05 IDT 2025, 163 W
Fri Sep 26 13:22:05 IDT 2025, 208 W
Fri Sep 26 13:22:05 IDT 2025, 171 W
Fri Sep 26 13:22:05 IDT 2025, 169 W
Fri Sep 26 13:22:05 IDT 2025, 198 W
Fri Sep 26 13:22:05 IDT 2025, 186 W
Fri Sep 26 13:22:05 IDT 2025, 157 W
Fri Sep 26 13:22:06 IDT 2025, 184 W
Fri Sep 26 13:22:06 IDT 2025, 174 W
Fri Sep 26 13:22:06 IDT 2025, 199 W
Fri Sep 26 13:22:06 IDT 2025, 174 W
Fri Sep 26 13:22:06 IDT 2025, 184 W
Fri Sep 26 13:22:06 IDT 2025, 207 W
Fri Sep 26 13:22:06 IDT 2025, 183 W
Fri Sep 26 13:22:06 IDT 2025, 171 W
Fri Sep 26 13:22:07 IDT 2025, 184 W
Fri Sep 26 13:22:07 IDT 2025, 179 W
Fri Sep 26 13:22:07 IDT 2025, 218 W
Fri Sep 26 13:22:07 IDT 2025, 175 W
Fri Sep 26 13:22:07 IDT 2025, 182 W
Fri Sep 26 13:22:07 IDT 2025, 213 W
Fri Sep 26 13:22:07 IDT 2025, 193 W
Fri Sep 26 13:22:07 IDT 2025, 173 W
Fri Sep 26 13:22:08 IDT 2025, 175 W
Fri Sep 26 13:22:08 IDT 2025, 169 W
Fri Sep 26 13:22:08 IDT 2025, 210 W
Fri Sep 26 13:22:08 IDT 2025, 165 W
Fri Sep 26 13:22:08 IDT 2025, 176 W
Fri Sep 26 13:22:08 IDT 2025, 209 W
Fri Sep 26 13:22:08 IDT 2025, 183 W
Fri Sep 26 13:22:08 IDT 2025, 163 W
Fri Sep 26 13:22:09 IDT 2025, 178 W
Fri Sep 26 13:22:09 IDT 2025, 179 W
Fri Sep 26 13:22:09 IDT 2025, 207 W
Fri Sep 26 13:22:09 IDT 2025, 171 W
Fri Sep 26 13:22:09 IDT 2025, 172 W
Fri Sep 26 13:22:09 IDT 2025, 208 W
Fri Sep 26 13:22:09 IDT 2025, 175 W
Fri Sep 26 13:22:09 IDT 2025, 161 W
Fri Sep 26 13:22:10 IDT 2025, 172 W
Fri Sep 26 13:22:10 IDT 2025, 172 W
Fri Sep 26 13:22:10 IDT 2025, 215 W
Fri Sep 26 13:22:10 IDT 2025, 169 W
Fri Sep 26 13:22:10 IDT 2025, 176 W
Fri Sep 26 13:22:10 IDT 2025, 211 W
Fri Sep 26 13:22:10 IDT 2025, 176 W
Fri Sep 26 13:22:10 IDT 2025, 163 W
Fri Sep 26 13:22:11 IDT 2025, 183 W
Fri Sep 26 13:22:11 IDT 2025, 177 W
Fri Sep 26 13:22:11 IDT 2025, 209 W
Fri Sep 26 13:22:11 IDT 2025, 175 W
Fri Sep 26 13:22:11 IDT 2025, 183 W
Fri Sep 26 13:22:11 IDT 2025, 209 W
Fri Sep 26 13:22:11 IDT 2025, 186 W
Fri Sep 26 13:22:11 IDT 2025, 170 W
Fri Sep 26 13:22:12 IDT 2025, 184 W
Fri Sep 26 13:22:12 IDT 2025, 180 W
Fri Sep 26 13:22:12 IDT 2025, 211 W
Fri Sep 26 13:22:12 IDT 2025, 174 W
Fri Sep 26 13:22:12 IDT 2025, 173 W
Fri Sep 26 13:22:12 IDT 2025, 225 W
Fri Sep 26 13:22:12 IDT 2025, 195 W
Fri Sep 26 13:22:12 IDT 2025, 172 W
Fri Sep 26 13:22:13 IDT 2025, 188 W
Fri Sep 26 13:22:13 IDT 2025, 184 W
Fri Sep 26 13:22:13 IDT 2025, 216 W
Fri Sep 26 13:22:13 IDT 2025, 176 W
Fri Sep 26 13:22:13 IDT 2025, 176 W
Fri Sep 26 13:22:13 IDT 2025, 207 W
Fri Sep 26 13:22:13 IDT 2025, 192 W
Fri Sep 26 13:22:13 IDT 2025, 171 W
Fri Sep 26 13:22:14 IDT 2025, 169 W
Fri Sep 26 13:22:14 IDT 2025, 172 W
Fri Sep 26 13:22:14 IDT 2025, 197 W
Fri Sep 26 13:22:14 IDT 2025, 169 W
Fri Sep 26 13:22:14 IDT 2025, 165 W
Fri Sep 26 13:22:14 IDT 2025, 203 W
Fri Sep 26 13:22:14 IDT 2025, 168 W
Fri Sep 26 13:22:14 IDT 2025, 152 W
Fri Sep 26 13:22:15 IDT 2025, 185 W
Fri Sep 26 13:22:15 IDT 2025, 191 W
Fri Sep 26 13:22:15 IDT 2025, 215 W
Fri Sep 26 13:22:15 IDT 2025, 178 W
Fri Sep 26 13:22:15 IDT 2025, 181 W
Fri Sep 26 13:22:15 IDT 2025, 216 W
Fri Sep 26 13:22:15 IDT 2025, 188 W
Fri Sep 26 13:22:15 IDT 2025, 171 W
Fri Sep 26 13:22:16 IDT 2025, 163 W
Fri Sep 26 13:22:16 IDT 2025, 161 W
Fri Sep 26 13:22:16 IDT 2025, 190 W
Fri Sep 26 13:22:16 IDT 2025, 160 W
Fri Sep 26 13:22:16 IDT 2025, 164 W
Fri Sep 26 13:22:16 IDT 2025, 194 W
Fri Sep 26 13:22:16 IDT 2025, 173 W
Fri Sep 26 13:22:16 IDT 2025, 144 W
Fri Sep 26 13:22:17 IDT 2025, 180 W
Fri Sep 26 13:22:17 IDT 2025, 181 W
Fri Sep 26 13:22:17 IDT 2025, 205 W
Fri Sep 26 13:22:17 IDT 2025, 173 W
Fri Sep 26 13:22:17 IDT 2025, 173 W
Fri Sep 26 13:22:17 IDT 2025, 215 W
Fri Sep 26 13:22:17 IDT 2025, 181 W
Fri Sep 26 13:22:17 IDT 2025, 170 W
Fri Sep 26 13:22:18 IDT 2025, 165 W
Fri Sep 26 13:22:18 IDT 2025, 145 W
Fri Sep 26 13:22:18 IDT 2025, 191 W
Fri Sep 26 13:22:18 IDT 2025, 149 W
Fri Sep 26 13:22:18 IDT 2025, 158 W
Fri Sep 26 13:22:18 IDT 2025, 194 W
Fri Sep 26 13:22:18 IDT 2025, 167 W
Fri Sep 26 13:22:18 IDT 2025, 137 W
Fri Sep 26 13:22:19 IDT 2025, 165 W
Fri Sep 26 13:22:19 IDT 2025, 165 W
Fri Sep 26 13:22:19 IDT 2025, 189 W
Fri Sep 26 13:22:19 IDT 2025, 158 W
Fri Sep 26 13:22:19 IDT 2025, 165 W
Fri Sep 26 13:22:19 IDT 2025, 189 W
Fri Sep 26 13:22:19 IDT 2025, 173 W
Fri Sep 26 13:22:19 IDT 2025, 153 W
Fri Sep 26 13:22:20 IDT 2025, 165 W
Fri Sep 26 13:22:20 IDT 2025, 176 W
Fri Sep 26 13:22:20 IDT 2025, 204 W
Fri Sep 26 13:22:20 IDT 2025, 168 W
Fri Sep 26 13:22:20 IDT 2025, 171 W
Fri Sep 26 13:22:20 IDT 2025, 200 W
Fri Sep 26 13:22:20 IDT 2025, 176 W
Fri Sep 26 13:22:20 IDT 2025, 163 W
Fri Sep 26 13:22:21 IDT 2025, 183 W
Fri Sep 26 13:22:21 IDT 2025, 184 W
Fri Sep 26 13:22:21 IDT 2025, 210 W
Fri Sep 26 13:22:21 IDT 2025, 170 W
Fri Sep 26 13:22:21 IDT 2025, 179 W
Fri Sep 26 13:22:21 IDT 2025, 214 W
Fri Sep 26 13:22:21 IDT 2025, 187 W
Fri Sep 26 13:22:21 IDT 2025, 170 W
Fri Sep 26 13:22:22 IDT 2025, 181 W
Fri Sep 26 13:22:22 IDT 2025, 181 W
Fri Sep 26 13:22:22 IDT 2025, 205 W
Fri Sep 26 13:22:22 IDT 2025, 177 W
Fri Sep 26 13:22:22 IDT 2025, 175 W
Fri Sep 26 13:22:22 IDT 2025, 202 W
Fri Sep 26 13:22:22 IDT 2025, 190 W
Fri Sep 26 13:22:22 IDT 2025, 164 W
Fri Sep 26 13:22:23 IDT 2025, 176 W
Fri Sep 26 13:22:23 IDT 2025, 176 W
Fri Sep 26 13:22:23 IDT 2025, 214 W
Fri Sep 26 13:22:23 IDT 2025, 167 W
Fri Sep 26 13:22:23 IDT 2025, 166 W
Fri Sep 26 13:22:23 IDT 2025, 203 W
Fri Sep 26 13:22:23 IDT 2025, 174 W
Fri Sep 26 13:22:23 IDT 2025, 162 W
Fri Sep 26 13:22:24 IDT 2025, 158 W
Fri Sep 26 13:22:24 IDT 2025, 161 W
Fri Sep 26 13:22:24 IDT 2025, 193 W
Fri Sep 26 13:22:24 IDT 2025, 160 W
Fri Sep 26 13:22:24 IDT 2025, 159 W
Fri Sep 26 13:22:24 IDT 2025, 190 W
Fri Sep 26 13:22:24 IDT 2025, 178 W
Fri Sep 26 13:22:24 IDT 2025, 152 W
Fri Sep 26 13:22:25 IDT 2025, 177 W
Fri Sep 26 13:22:25 IDT 2025, 182 W
Fri Sep 26 13:22:25 IDT 2025, 208 W
Fri Sep 26 13:22:25 IDT 2025, 171 W
Fri Sep 26 13:22:25 IDT 2025, 167 W
Fri Sep 26 13:22:25 IDT 2025, 205 W
Fri Sep 26 13:22:25 IDT 2025, 182 W
Fri Sep 26 13:22:25 IDT 2025, 163 W
Fri Sep 26 13:22:26 IDT 2025, 169 W
Fri Sep 26 13:22:26 IDT 2025, 175 W
Fri Sep 26 13:22:26 IDT 2025, 198 W
Fri Sep 26 13:22:26 IDT 2025, 163 W
Fri Sep 26 13:22:26 IDT 2025, 171 W
Fri Sep 26 13:22:26 IDT 2025, 192 W
Fri Sep 26 13:22:26 IDT 2025, 182 W
Fri Sep 26 13:22:26 IDT 2025, 152 W
Fri Sep 26 13:22:27 IDT 2025, 168 W
Fri Sep 26 13:22:27 IDT 2025, 156 W
Fri Sep 26 13:22:27 IDT 2025, 188 W
Fri Sep 26 13:22:27 IDT 2025, 159 W
Fri Sep 26 13:22:27 IDT 2025, 156 W
Fri Sep 26 13:22:27 IDT 2025, 191 W
Fri Sep 26 13:22:27 IDT 2025, 165 W
Fri Sep 26 13:22:27 IDT 2025, 146 W
Fri Sep 26 13:22:28 IDT 2025, 175 W
Fri Sep 26 13:22:28 IDT 2025, 178 W
Fri Sep 26 13:22:28 IDT 2025, 203 W
Fri Sep 26 13:22:28 IDT 2025, 166 W
Fri Sep 26 13:22:28 IDT 2025, 177 W
Fri Sep 26 13:22:28 IDT 2025, 190 W
Fri Sep 26 13:22:28 IDT 2025, 175 W
Fri Sep 26 13:22:28 IDT 2025, 154 W
Fri Sep 26 13:22:29 IDT 2025, 170 W
Fri Sep 26 13:22:29 IDT 2025, 167 W
Fri Sep 26 13:22:29 IDT 2025, 200 W
Fri Sep 26 13:22:29 IDT 2025, 164 W
Fri Sep 26 13:22:29 IDT 2025, 154 W
Fri Sep 26 13:22:29 IDT 2025, 193 W
Fri Sep 26 13:22:29 IDT 2025, 174 W
Fri Sep 26 13:22:29 IDT 2025, 154 W
Fri Sep 26 13:22:30 IDT 2025, 173 W
Fri Sep 26 13:22:30 IDT 2025, 179 W
Fri Sep 26 13:22:30 IDT 2025, 204 W
Fri Sep 26 13:22:30 IDT 2025, 166 W
Fri Sep 26 13:22:30 IDT 2025, 167 W
Fri Sep 26 13:22:30 IDT 2025, 197 W
Fri Sep 26 13:22:30 IDT 2025, 172 W
Fri Sep 26 13:22:30 IDT 2025, 160 W
Fri Sep 26 13:22:31 IDT 2025, 174 W
Fri Sep 26 13:22:31 IDT 2025, 171 W
Fri Sep 26 13:22:31 IDT 2025, 210 W
Fri Sep 26 13:22:31 IDT 2025, 162 W
Fri Sep 26 13:22:31 IDT 2025, 166 W
Fri Sep 26 13:22:31 IDT 2025, 196 W
Fri Sep 26 13:22:31 IDT 2025, 187 W
Fri Sep 26 13:22:31 IDT 2025, 162 W
Fri Sep 26 13:22:32 IDT 2025, 184 W
Fri Sep 26 13:22:32 IDT 2025, 185 W
Fri Sep 26 13:22:32 IDT 2025, 229 W
Fri Sep 26 13:22:32 IDT 2025, 181 W
Fri Sep 26 13:22:32 IDT 2025, 187 W
Fri Sep 26 13:22:32 IDT 2025, 216 W
Fri Sep 26 13:22:32 IDT 2025, 191 W
Fri Sep 26 13:22:32 IDT 2025, 177 W
Fri Sep 26 13:22:33 IDT 2025, 172 W
Fri Sep 26 13:22:33 IDT 2025, 173 W
Fri Sep 26 13:22:33 IDT 2025, 198 W
Fri Sep 26 13:22:33 IDT 2025, 158 W
Fri Sep 26 13:22:33 IDT 2025, 168 W
Fri Sep 26 13:22:33 IDT 2025, 192 W
Fri Sep 26 13:22:33 IDT 2025, 176 W
Fri Sep 26 13:22:33 IDT 2025, 159 W
Fri Sep 26 13:22:34 IDT 2025, 172 W
Fri Sep 26 13:22:34 IDT 2025, 163 W
Fri Sep 26 13:22:34 IDT 2025, 199 W
Fri Sep 26 13:22:34 IDT 2025, 163 W
Fri Sep 26 13:22:34 IDT 2025, 165 W
Fri Sep 26 13:22:34 IDT 2025, 199 W
Fri Sep 26 13:22:34 IDT 2025, 172 W
Fri Sep 26 13:22:34 IDT 2025, 150 W
Fri Sep 26 13:22:35 IDT 2025, 173 W
Fri Sep 26 13:22:35 IDT 2025, 173 W
Fri Sep 26 13:22:35 IDT 2025, 209 W
Fri Sep 26 13:22:35 IDT 2025, 164 W
Fri Sep 26 13:22:35 IDT 2025, 180 W
Fri Sep 26 13:22:35 IDT 2025, 204 W
Fri Sep 26 13:22:35 IDT 2025, 176 W
Fri Sep 26 13:22:35 IDT 2025, 148 W
Fri Sep 26 13:22:36 IDT 2025, 169 W
Fri Sep 26 13:22:36 IDT 2025, 167 W
Fri Sep 26 13:22:36 IDT 2025, 200 W
Fri Sep 26 13:22:36 IDT 2025, 165 W
Fri Sep 26 13:22:36 IDT 2025, 167 W
Fri Sep 26 13:22:36 IDT 2025, 194 W
Fri Sep 26 13:22:36 IDT 2025, 171 W
Fri Sep 26 13:22:36 IDT 2025, 152 W
Fri Sep 26 13:22:37 IDT 2025, 182 W
Fri Sep 26 13:22:37 IDT 2025, 181 W
Fri Sep 26 13:22:37 IDT 2025, 208 W
Fri Sep 26 13:22:37 IDT 2025, 173 W
Fri Sep 26 13:22:37 IDT 2025, 177 W
Fri Sep 26 13:22:37 IDT 2025, 204 W
Fri Sep 26 13:22:37 IDT 2025, 181 W
Fri Sep 26 13:22:37 IDT 2025, 154 W
Fri Sep 26 13:22:38 IDT 2025, 160 W
Fri Sep 26 13:22:38 IDT 2025, 163 W
Fri Sep 26 13:22:38 IDT 2025, 192 W
Fri Sep 26 13:22:38 IDT 2025, 148 W
Fri Sep 26 13:22:38 IDT 2025, 165 W
Fri Sep 26 13:22:38 IDT 2025, 194 W
Fri Sep 26 13:22:38 IDT 2025, 163 W
Fri Sep 26 13:22:38 IDT 2025, 136 W
Fri Sep 26 13:22:39 IDT 2025, 158 W
Fri Sep 26 13:22:39 IDT 2025, 153 W
Fri Sep 26 13:22:39 IDT 2025, 194 W
Fri Sep 26 13:22:39 IDT 2025, 148 W
Fri Sep 26 13:22:39 IDT 2025, 159 W
Fri Sep 26 13:22:39 IDT 2025, 188 W
Fri Sep 26 13:22:39 IDT 2025, 158 W
Fri Sep 26 13:22:39 IDT 2025, 147 W
Fri Sep 26 13:22:40 IDT 2025, 180 W
Fri Sep 26 13:22:40 IDT 2025, 165 W
Fri Sep 26 13:22:40 IDT 2025, 210 W
Fri Sep 26 13:22:40 IDT 2025, 170 W
Fri Sep 26 13:22:40 IDT 2025, 177 W
Fri Sep 26 13:22:40 IDT 2025, 208 W
Fri Sep 26 13:22:40 IDT 2025, 184 W
Fri Sep 26 13:22:40 IDT 2025, 165 W
Fri Sep 26 13:22:41 IDT 2025, 168 W
Fri Sep 26 13:22:41 IDT 2025, 174 W
Fri Sep 26 13:22:41 IDT 2025, 196 W
Fri Sep 26 13:22:41 IDT 2025, 162 W
Fri Sep 26 13:22:41 IDT 2025, 180 W
Fri Sep 26 13:22:41 IDT 2025, 220 W
Fri Sep 26 13:22:41 IDT 2025, 175 W
Fri Sep 26 13:22:41 IDT 2025, 151 W
Fri Sep 26 13:22:42 IDT 2025, 184 W
Fri Sep 26 13:22:42 IDT 2025, 175 W
Fri Sep 26 13:22:42 IDT 2025, 210 W
Fri Sep 26 13:22:42 IDT 2025, 169 W
Fri Sep 26 13:22:42 IDT 2025, 179 W
Fri Sep 26 13:22:42 IDT 2025, 207 W
Fri Sep 26 13:22:42 IDT 2025, 187 W
Fri Sep 26 13:22:42 IDT 2025, 155 W
Fri Sep 26 13:22:43 IDT 2025, 184 W
Fri Sep 26 13:22:43 IDT 2025, 171 W
Fri Sep 26 13:22:43 IDT 2025, 215 W
Fri Sep 26 13:22:43 IDT 2025, 176 W
Fri Sep 26 13:22:43 IDT 2025, 183 W
Fri Sep 26 13:22:43 IDT 2025, 211 W
Fri Sep 26 13:22:43 IDT 2025, 187 W
Fri Sep 26 13:22:43 IDT 2025, 170 W
Fri Sep 26 13:22:44 IDT 2025, 180 W
Fri Sep 26 13:22:44 IDT 2025, 177 W
Fri Sep 26 13:22:44 IDT 2025, 215 W
Fri Sep 26 13:22:44 IDT 2025, 175 W
Fri Sep 26 13:22:44 IDT 2025, 185 W
Fri Sep 26 13:22:44 IDT 2025, 204 W
Fri Sep 26 13:22:44 IDT 2025, 177 W
Fri Sep 26 13:22:44 IDT 2025, 165 W
Fri Sep 26 13:22:45 IDT 2025, 190 W
Fri Sep 26 13:22:45 IDT 2025, 196 W
Fri Sep 26 13:22:45 IDT 2025, 223 W
Fri Sep 26 13:22:45 IDT 2025, 180 W
Fri Sep 26 13:22:45 IDT 2025, 196 W
Fri Sep 26 13:22:45 IDT 2025, 221 W
Fri Sep 26 13:22:45 IDT 2025, 192 W
Fri Sep 26 13:22:45 IDT 2025, 173 W
Fri Sep 26 13:22:46 IDT 2025, 180 W
Fri Sep 26 13:22:46 IDT 2025, 177 W
Fri Sep 26 13:22:46 IDT 2025, 204 W
Fri Sep 26 13:22:46 IDT 2025, 173 W
Fri Sep 26 13:22:46 IDT 2025, 164 W
Fri Sep 26 13:22:46 IDT 2025, 209 W
Fri Sep 26 13:22:46 IDT 2025, 192 W
Fri Sep 26 13:22:46 IDT 2025, 164 W
Fri Sep 26 13:22:47 IDT 2025, 181 W
Fri Sep 26 13:22:47 IDT 2025, 176 W
Fri Sep 26 13:22:47 IDT 2025, 210 W
Fri Sep 26 13:22:47 IDT 2025, 168 W
Fri Sep 26 13:22:47 IDT 2025, 170 W
Fri Sep 26 13:22:47 IDT 2025, 206 W
Fri Sep 26 13:22:47 IDT 2025, 186 W
Fri Sep 26 13:22:47 IDT 2025, 162 W
Fri Sep 26 13:22:48 IDT 2025, 175 W
Fri Sep 26 13:22:48 IDT 2025, 190 W
Fri Sep 26 13:22:48 IDT 2025, 212 W
Fri Sep 26 13:22:48 IDT 2025, 176 W
Fri Sep 26 13:22:48 IDT 2025, 177 W
Fri Sep 26 13:22:48 IDT 2025, 206 W
Fri Sep 26 13:22:48 IDT 2025, 186 W
Fri Sep 26 13:22:48 IDT 2025, 170 W
Fri Sep 26 13:22:49 IDT 2025, 187 W
Fri Sep 26 13:22:49 IDT 2025, 170 W
Fri Sep 26 13:22:49 IDT 2025, 212 W
Fri Sep 26 13:22:49 IDT 2025, 175 W
Fri Sep 26 13:22:49 IDT 2025, 179 W
Fri Sep 26 13:22:49 IDT 2025, 211 W
Fri Sep 26 13:22:49 IDT 2025, 183 W
Fri Sep 26 13:22:49 IDT 2025, 167 W
Fri Sep 26 13:22:50 IDT 2025, 174 W
Fri Sep 26 13:22:50 IDT 2025, 183 W
Fri Sep 26 13:22:50 IDT 2025, 211 W
Fri Sep 26 13:22:50 IDT 2025, 175 W
Fri Sep 26 13:22:50 IDT 2025, 184 W
Fri Sep 26 13:22:50 IDT 2025, 203 W
Fri Sep 26 13:22:50 IDT 2025, 175 W
Fri Sep 26 13:22:50 IDT 2025, 164 W
Fri Sep 26 13:22:51 IDT 2025, 174 W
Fri Sep 26 13:22:51 IDT 2025, 176 W
Fri Sep 26 13:22:51 IDT 2025, 209 W
Fri Sep 26 13:22:51 IDT 2025, 182 W
Fri Sep 26 13:22:51 IDT 2025, 184 W
Fri Sep 26 13:22:51 IDT 2025, 216 W
Fri Sep 26 13:22:51 IDT 2025, 194 W
Fri Sep 26 13:22:51 IDT 2025, 162 W
Fri Sep 26 13:22:52 IDT 2025, 177 W
Fri Sep 26 13:22:52 IDT 2025, 167 W
Fri Sep 26 13:22:52 IDT 2025, 203 W
Fri Sep 26 13:22:52 IDT 2025, 165 W
Fri Sep 26 13:22:52 IDT 2025, 168 W
Fri Sep 26 13:22:52 IDT 2025, 202 W
Fri Sep 26 13:22:52 IDT 2025, 184 W
Fri Sep 26 13:22:52 IDT 2025, 162 W
Fri Sep 26 13:22:53 IDT 2025, 179 W
Fri Sep 26 13:22:53 IDT 2025, 181 W
Fri Sep 26 13:22:53 IDT 2025, 214 W
Fri Sep 26 13:22:53 IDT 2025, 167 W
Fri Sep 26 13:22:53 IDT 2025, 179 W
Fri Sep 26 13:22:53 IDT 2025, 207 W
Fri Sep 26 13:22:53 IDT 2025, 182 W
Fri Sep 26 13:22:53 IDT 2025, 159 W
Fri Sep 26 13:22:54 IDT 2025, 171 W
Fri Sep 26 13:22:54 IDT 2025, 173 W
Fri Sep 26 13:22:54 IDT 2025, 198 W
Fri Sep 26 13:22:54 IDT 2025, 157 W
Fri Sep 26 13:22:54 IDT 2025, 169 W
Fri Sep 26 13:22:54 IDT 2025, 197 W
Fri Sep 26 13:22:54 IDT 2025, 179 W
Fri Sep 26 13:22:54 IDT 2025, 150 W
Fri Sep 26 13:22:55 IDT 2025, 192 W
Fri Sep 26 13:22:55 IDT 2025, 186 W
Fri Sep 26 13:22:55 IDT 2025, 218 W
Fri Sep 26 13:22:55 IDT 2025, 171 W
Fri Sep 26 13:22:55 IDT 2025, 173 W
Fri Sep 26 13:22:55 IDT 2025, 206 W
Fri Sep 26 13:22:55 IDT 2025, 183 W
Fri Sep 26 13:22:55 IDT 2025, 165 W
Fri Sep 26 13:22:56 IDT 2025, 167 W
Fri Sep 26 13:22:56 IDT 2025, 166 W
Fri Sep 26 13:22:56 IDT 2025, 191 W
Fri Sep 26 13:22:56 IDT 2025, 150 W
Fri Sep 26 13:22:56 IDT 2025, 164 W
Fri Sep 26 13:22:56 IDT 2025, 197 W
Fri Sep 26 13:22:56 IDT 2025, 169 W
Fri Sep 26 13:22:56 IDT 2025, 151 W
Fri Sep 26 13:22:57 IDT 2025, 175 W
Fri Sep 26 13:22:57 IDT 2025, 171 W
Fri Sep 26 13:22:57 IDT 2025, 196 W
Fri Sep 26 13:22:57 IDT 2025, 166 W
Fri Sep 26 13:22:57 IDT 2025, 171 W
Fri Sep 26 13:22:57 IDT 2025, 194 W
Fri Sep 26 13:22:57 IDT 2025, 174 W
Fri Sep 26 13:22:57 IDT 2025, 157 W
Fri Sep 26 13:22:58 IDT 2025, 172 W
Fri Sep 26 13:22:58 IDT 2025, 175 W
Fri Sep 26 13:22:58 IDT 2025, 197 W
Fri Sep 26 13:22:58 IDT 2025, 170 W
Fri Sep 26 13:22:58 IDT 2025, 176 W
Fri Sep 26 13:22:58 IDT 2025, 212 W
Fri Sep 26 13:22:58 IDT 2025, 178 W
Fri Sep 26 13:22:58 IDT 2025, 165 W
Fri Sep 26 13:22:59 IDT 2025, 169 W
Fri Sep 26 13:22:59 IDT 2025, 176 W
Fri Sep 26 13:22:59 IDT 2025, 194 W
Fri Sep 26 13:22:59 IDT 2025, 163 W
Fri Sep 26 13:22:59 IDT 2025, 167 W
Fri Sep 26 13:22:59 IDT 2025, 199 W
Fri Sep 26 13:22:59 IDT 2025, 178 W
Fri Sep 26 13:22:59 IDT 2025, 155 W
Fri Sep 26 13:23:00 IDT 2025, 169 W
Fri Sep 26 13:23:00 IDT 2025, 173 W
Fri Sep 26 13:23:00 IDT 2025, 201 W
Fri Sep 26 13:23:00 IDT 2025, 168 W
Fri Sep 26 13:23:00 IDT 2025, 169 W
Fri Sep 26 13:23:00 IDT 2025, 204 W
Fri Sep 26 13:23:00 IDT 2025, 174 W
Fri Sep 26 13:23:00 IDT 2025, 158 W
Fri Sep 26 13:23:01 IDT 2025, 152 W
Fri Sep 26 13:23:01 IDT 2025, 154 W
Fri Sep 26 13:23:01 IDT 2025, 188 W
Fri Sep 26 13:23:01 IDT 2025, 148 W
Fri Sep 26 13:23:01 IDT 2025, 145 W
Fri Sep 26 13:23:01 IDT 2025, 189 W
Fri Sep 26 13:23:01 IDT 2025, 155 W
Fri Sep 26 13:23:01 IDT 2025, 141 W
Fri Sep 26 13:23:02 IDT 2025, 167 W
Fri Sep 26 13:23:02 IDT 2025, 169 W
Fri Sep 26 13:23:02 IDT 2025, 196 W
Fri Sep 26 13:23:02 IDT 2025, 158 W
Fri Sep 26 13:23:02 IDT 2025, 163 W
Fri Sep 26 13:23:02 IDT 2025, 199 W
Fri Sep 26 13:23:02 IDT 2025, 171 W
Fri Sep 26 13:23:02 IDT 2025, 149 W
Fri Sep 26 13:23:03 IDT 2025, 168 W
Fri Sep 26 13:23:03 IDT 2025, 168 W
Fri Sep 26 13:23:03 IDT 2025, 202 W
Fri Sep 26 13:23:03 IDT 2025, 165 W
Fri Sep 26 13:23:03 IDT 2025, 174 W
Fri Sep 26 13:23:03 IDT 2025, 200 W
Fri Sep 26 13:23:03 IDT 2025, 174 W
Fri Sep 26 13:23:03 IDT 2025, 159 W
Fri Sep 26 13:23:04 IDT 2025, 168 W
Fri Sep 26 13:23:04 IDT 2025, 181 W
Fri Sep 26 13:23:04 IDT 2025, 204 W
Fri Sep 26 13:23:04 IDT 2025, 168 W
Fri Sep 26 13:23:04 IDT 2025, 177 W
Fri Sep 26 13:23:04 IDT 2025, 198 W
Fri Sep 26 13:23:04 IDT 2025, 185 W
Fri Sep 26 13:23:04 IDT 2025, 168 W
Fri Sep 26 13:23:05 IDT 2025, 170 W
Fri Sep 26 13:23:05 IDT 2025, 173 W
Fri Sep 26 13:23:05 IDT 2025, 207 W
Fri Sep 26 13:23:05 IDT 2025, 159 W
Fri Sep 26 13:23:05 IDT 2025, 169 W
Fri Sep 26 13:23:05 IDT 2025, 203 W
Fri Sep 26 13:23:05 IDT 2025, 175 W
Fri Sep 26 13:23:05 IDT 2025, 161 W
Fri Sep 26 13:23:06 IDT 2025, 179 W
Fri Sep 26 13:23:06 IDT 2025, 181 W
Fri Sep 26 13:23:06 IDT 2025, 222 W
Fri Sep 26 13:23:06 IDT 2025, 174 W
Fri Sep 26 13:23:06 IDT 2025, 169 W
Fri Sep 26 13:23:06 IDT 2025, 210 W
Fri Sep 26 13:23:06 IDT 2025, 194 W
Fri Sep 26 13:23:06 IDT 2025, 162 W
Fri Sep 26 13:23:07 IDT 2025, 187 W
Fri Sep 26 13:23:07 IDT 2025, 181 W
Fri Sep 26 13:23:07 IDT 2025, 218 W
Fri Sep 26 13:23:07 IDT 2025, 177 W
Fri Sep 26 13:23:07 IDT 2025, 184 W
Fri Sep 26 13:23:07 IDT 2025, 214 W
Fri Sep 26 13:23:07 IDT 2025, 190 W
Fri Sep 26 13:23:07 IDT 2025, 175 W
Fri Sep 26 13:23:08 IDT 2025, 147 W
Fri Sep 26 13:23:08 IDT 2025, 165 W
Fri Sep 26 13:23:08 IDT 2025, 189 W
Fri Sep 26 13:23:08 IDT 2025, 160 W
Fri Sep 26 13:23:08 IDT 2025, 165 W
Fri Sep 26 13:23:08 IDT 2025, 190 W
Fri Sep 26 13:23:08 IDT 2025, 170 W
Fri Sep 26 13:23:08 IDT 2025, 151 W
Fri Sep 26 13:23:09 IDT 2025, 163 W
Fri Sep 26 13:23:09 IDT 2025, 176 W
Fri Sep 26 13:23:09 IDT 2025, 215 W
Fri Sep 26 13:23:09 IDT 2025, 167 W
Fri Sep 26 13:23:09 IDT 2025, 183 W
Fri Sep 26 13:23:09 IDT 2025, 207 W
Fri Sep 26 13:23:09 IDT 2025, 185 W
Fri Sep 26 13:23:09 IDT 2025, 162 W
Fri Sep 26 13:23:10 IDT 2025, 176 W
Fri Sep 26 13:23:10 IDT 2025, 184 W
Fri Sep 26 13:23:10 IDT 2025, 208 W
Fri Sep 26 13:23:10 IDT 2025, 166 W
Fri Sep 26 13:23:10 IDT 2025, 186 W
Fri Sep 26 13:23:10 IDT 2025, 221 W
Fri Sep 26 13:23:10 IDT 2025, 191 W
Fri Sep 26 13:23:10 IDT 2025, 170 W
Fri Sep 26 13:23:11 IDT 2025, 188 W
Fri Sep 26 13:23:11 IDT 2025, 181 W
Fri Sep 26 13:23:11 IDT 2025, 217 W
Fri Sep 26 13:23:11 IDT 2025, 176 W
Fri Sep 26 13:23:11 IDT 2025, 188 W
Fri Sep 26 13:23:11 IDT 2025, 210 W
Fri Sep 26 13:23:11 IDT 2025, 186 W
Fri Sep 26 13:23:11 IDT 2025, 171 W
Fri Sep 26 13:23:12 IDT 2025, 183 W
Fri Sep 26 13:23:12 IDT 2025, 181 W
Fri Sep 26 13:23:12 IDT 2025, 209 W
Fri Sep 26 13:23:12 IDT 2025, 169 W
Fri Sep 26 13:23:12 IDT 2025, 174 W
Fri Sep 26 13:23:12 IDT 2025, 201 W
Fri Sep 26 13:23:12 IDT 2025, 181 W
Fri Sep 26 13:23:12 IDT 2025, 163 W
Fri Sep 26 13:23:13 IDT 2025, 178 W
Fri Sep 26 13:23:13 IDT 2025, 174 W
Fri Sep 26 13:23:13 IDT 2025, 216 W
Fri Sep 26 13:23:13 IDT 2025, 176 W
Fri Sep 26 13:23:13 IDT 2025, 172 W
Fri Sep 26 13:23:13 IDT 2025, 218 W
Fri Sep 26 13:23:13 IDT 2025, 178 W
Fri Sep 26 13:23:13 IDT 2025, 165 W
Fri Sep 26 13:23:14 IDT 2025, 166 W
Fri Sep 26 13:23:14 IDT 2025, 166 W
Fri Sep 26 13:23:14 IDT 2025, 192 W
Fri Sep 26 13:23:14 IDT 2025, 156 W
Fri Sep 26 13:23:14 IDT 2025, 162 W
Fri Sep 26 13:23:14 IDT 2025, 191 W
Fri Sep 26 13:23:14 IDT 2025, 172 W
Fri Sep 26 13:23:14 IDT 2025, 159 W
Fri Sep 26 13:23:15 IDT 2025, 165 W
Fri Sep 26 13:23:15 IDT 2025, 159 W
Fri Sep 26 13:23:15 IDT 2025, 192 W
Fri Sep 26 13:23:15 IDT 2025, 163 W
Fri Sep 26 13:23:15 IDT 2025, 159 W
Fri Sep 26 13:23:15 IDT 2025, 189 W
Fri Sep 26 13:23:15 IDT 2025, 164 W
Fri Sep 26 13:23:15 IDT 2025, 140 W
Fri Sep 26 13:23:16 IDT 2025, 161 W
Fri Sep 26 13:23:16 IDT 2025, 163 W
Fri Sep 26 13:23:16 IDT 2025, 188 W
Fri Sep 26 13:23:16 IDT 2025, 160 W
Fri Sep 26 13:23:16 IDT 2025, 161 W
Fri Sep 26 13:23:16 IDT 2025, 186 W
Fri Sep 26 13:23:16 IDT 2025, 169 W
Fri Sep 26 13:23:16 IDT 2025, 140 W
Fri Sep 26 13:23:17 IDT 2025, 182 W
Fri Sep 26 13:23:17 IDT 2025, 180 W
Fri Sep 26 13:23:17 IDT 2025, 197 W
Fri Sep 26 13:23:17 IDT 2025, 169 W
Fri Sep 26 13:23:17 IDT 2025, 166 W
Fri Sep 26 13:23:17 IDT 2025, 199 W
Fri Sep 26 13:23:17 IDT 2025, 170 W
Fri Sep 26 13:23:17 IDT 2025, 159 W
Fri Sep 26 13:23:18 IDT 2025, 165 W
Fri Sep 26 13:23:18 IDT 2025, 175 W
Fri Sep 26 13:23:18 IDT 2025, 205 W
Fri Sep 26 13:23:18 IDT 2025, 159 W
Fri Sep 26 13:23:18 IDT 2025, 168 W
Fri Sep 26 13:23:18 IDT 2025, 204 W
Fri Sep 26 13:23:18 IDT 2025, 168 W
Fri Sep 26 13:23:18 IDT 2025, 159 W
Fri Sep 26 13:23:19 IDT 2025, 175 W
Fri Sep 26 13:23:19 IDT 2025, 172 W
Fri Sep 26 13:23:19 IDT 2025, 196 W
Fri Sep 26 13:23:19 IDT 2025, 157 W
Fri Sep 26 13:23:19 IDT 2025, 172 W
Fri Sep 26 13:23:19 IDT 2025, 196 W
Fri Sep 26 13:23:19 IDT 2025, 176 W
Fri Sep 26 13:23:19 IDT 2025, 154 W
Fri Sep 26 13:23:20 IDT 2025, 160 W
Fri Sep 26 13:23:20 IDT 2025, 162 W
Fri Sep 26 13:23:20 IDT 2025, 192 W
Fri Sep 26 13:23:20 IDT 2025, 155 W
Fri Sep 26 13:23:20 IDT 2025, 167 W
Fri Sep 26 13:23:20 IDT 2025, 199 W
Fri Sep 26 13:23:20 IDT 2025, 176 W
Fri Sep 26 13:23:20 IDT 2025, 148 W
Fri Sep 26 13:23:21 IDT 2025, 185 W
Fri Sep 26 13:23:21 IDT 2025, 183 W
Fri Sep 26 13:23:21 IDT 2025, 212 W
Fri Sep 26 13:23:21 IDT 2025, 168 W
Fri Sep 26 13:23:21 IDT 2025, 184 W
Fri Sep 26 13:23:21 IDT 2025, 204 W
Fri Sep 26 13:23:21 IDT 2025, 182 W
Fri Sep 26 13:23:21 IDT 2025, 152 W
Fri Sep 26 13:23:22 IDT 2025, 172 W
Fri Sep 26 13:23:22 IDT 2025, 163 W
Fri Sep 26 13:23:22 IDT 2025, 196 W
Fri Sep 26 13:23:22 IDT 2025, 168 W
Fri Sep 26 13:23:22 IDT 2025, 165 W
Fri Sep 26 13:23:22 IDT 2025, 208 W
Fri Sep 26 13:23:22 IDT 2025, 170 W
Fri Sep 26 13:23:22 IDT 2025, 152 W
Fri Sep 26 13:23:23 IDT 2025, 172 W
Fri Sep 26 13:23:23 IDT 2025, 179 W
Fri Sep 26 13:23:23 IDT 2025, 211 W
Fri Sep 26 13:23:23 IDT 2025, 172 W
Fri Sep 26 13:23:23 IDT 2025, 185 W
Fri Sep 26 13:23:23 IDT 2025, 204 W
Fri Sep 26 13:23:23 IDT 2025, 177 W
Fri Sep 26 13:23:23 IDT 2025, 162 W
Fri Sep 26 13:23:24 IDT 2025, 182 W
Fri Sep 26 13:23:24 IDT 2025, 182 W
Fri Sep 26 13:23:24 IDT 2025, 211 W
Fri Sep 26 13:23:24 IDT 2025, 180 W
Fri Sep 26 13:23:24 IDT 2025, 184 W
Fri Sep 26 13:23:24 IDT 2025, 218 W
Fri Sep 26 13:23:24 IDT 2025, 191 W
Fri Sep 26 13:23:24 IDT 2025, 173 W
Fri Sep 26 13:23:25 IDT 2025, 187 W
Fri Sep 26 13:23:25 IDT 2025, 185 W
Fri Sep 26 13:23:25 IDT 2025, 202 W
Fri Sep 26 13:23:25 IDT 2025, 179 W
Fri Sep 26 13:23:25 IDT 2025, 187 W
Fri Sep 26 13:23:25 IDT 2025, 207 W
Fri Sep 26 13:23:25 IDT 2025, 185 W
Fri Sep 26 13:23:25 IDT 2025, 165 W
Fri Sep 26 13:23:26 IDT 2025, 161 W
Fri Sep 26 13:23:26 IDT 2025, 169 W
Fri Sep 26 13:23:26 IDT 2025, 188 W
Fri Sep 26 13:23:26 IDT 2025, 158 W
Fri Sep 26 13:23:26 IDT 2025, 160 W
Fri Sep 26 13:23:26 IDT 2025, 194 W
Fri Sep 26 13:23:26 IDT 2025, 169 W
Fri Sep 26 13:23:26 IDT 2025, 148 W
Fri Sep 26 13:23:27 IDT 2025, 162 W
Fri Sep 26 13:23:27 IDT 2025, 170 W
Fri Sep 26 13:23:27 IDT 2025, 197 W
Fri Sep 26 13:23:27 IDT 2025, 155 W
Fri Sep 26 13:23:27 IDT 2025, 162 W
Fri Sep 26 13:23:27 IDT 2025, 185 W
Fri Sep 26 13:23:27 IDT 2025, 169 W
Fri Sep 26 13:23:27 IDT 2025, 141 W
Fri Sep 26 13:23:28 IDT 2025, 178 W
Fri Sep 26 13:23:28 IDT 2025, 174 W
Fri Sep 26 13:23:28 IDT 2025, 208 W
Fri Sep 26 13:23:28 IDT 2025, 169 W
Fri Sep 26 13:23:28 IDT 2025, 183 W
Fri Sep 26 13:23:28 IDT 2025, 206 W
Fri Sep 26 13:23:28 IDT 2025, 191 W
Fri Sep 26 13:23:28 IDT 2025, 166 W
Fri Sep 26 13:23:29 IDT 2025, 182 W
Fri Sep 26 13:23:29 IDT 2025, 180 W
Fri Sep 26 13:23:29 IDT 2025, 211 W
Fri Sep 26 13:23:29 IDT 2025, 178 W
Fri Sep 26 13:23:29 IDT 2025, 181 W
Fri Sep 26 13:23:29 IDT 2025, 201 W
Fri Sep 26 13:23:29 IDT 2025, 178 W
Fri Sep 26 13:23:29 IDT 2025, 165 W
Fri Sep 26 13:23:30 IDT 2025, 165 W
Fri Sep 26 13:23:30 IDT 2025, 179 W
Fri Sep 26 13:23:30 IDT 2025, 204 W
Fri Sep 26 13:23:30 IDT 2025, 167 W
Fri Sep 26 13:23:30 IDT 2025, 173 W
Fri Sep 26 13:23:30 IDT 2025, 200 W
Fri Sep 26 13:23:30 IDT 2025, 183 W
Fri Sep 26 13:23:30 IDT 2025, 168 W
Fri Sep 26 13:23:31 IDT 2025, 164 W
Fri Sep 26 13:23:31 IDT 2025, 178 W
Fri Sep 26 13:23:31 IDT 2025, 206 W
Fri Sep 26 13:23:31 IDT 2025, 170 W
Fri Sep 26 13:23:31 IDT 2025, 176 W
Fri Sep 26 13:23:31 IDT 2025, 201 W
Fri Sep 26 13:23:31 IDT 2025, 187 W
Fri Sep 26 13:23:31 IDT 2025, 162 W
Fri Sep 26 13:23:32 IDT 2025, 167 W
Fri Sep 26 13:23:32 IDT 2025, 167 W
Fri Sep 26 13:23:32 IDT 2025, 189 W
Fri Sep 26 13:23:32 IDT 2025, 160 W
Fri Sep 26 13:23:32 IDT 2025, 170 W
Fri Sep 26 13:23:32 IDT 2025, 197 W
Fri Sep 26 13:23:32 IDT 2025, 178 W
Fri Sep 26 13:23:32 IDT 2025, 159 W
Fri Sep 26 13:23:33 IDT 2025, 169 W
Fri Sep 26 13:23:33 IDT 2025, 168 W
Fri Sep 26 13:23:33 IDT 2025, 203 W
Fri Sep 26 13:23:33 IDT 2025, 162 W
Fri Sep 26 13:23:33 IDT 2025, 167 W
Fri Sep 26 13:23:33 IDT 2025, 190 W
Fri Sep 26 13:23:33 IDT 2025, 168 W
Fri Sep 26 13:23:33 IDT 2025, 147 W
Fri Sep 26 13:23:34 IDT 2025, 181 W
Fri Sep 26 13:23:34 IDT 2025, 182 W
Fri Sep 26 13:23:34 IDT 2025, 220 W
Fri Sep 26 13:23:34 IDT 2025, 174 W
Fri Sep 26 13:23:34 IDT 2025, 190 W
Fri Sep 26 13:23:34 IDT 2025, 212 W
Fri Sep 26 13:23:34 IDT 2025, 179 W
Fri Sep 26 13:23:34 IDT 2025, 164 W
Fri Sep 26 13:23:35 IDT 2025, 167 W
Fri Sep 26 13:23:35 IDT 2025, 165 W
Fri Sep 26 13:23:35 IDT 2025, 191 W
Fri Sep 26 13:23:35 IDT 2025, 157 W
Fri Sep 26 13:23:35 IDT 2025, 170 W
Fri Sep 26 13:23:35 IDT 2025, 198 W
Fri Sep 26 13:23:35 IDT 2025, 164 W
Fri Sep 26 13:23:35 IDT 2025, 156 W
Fri Sep 26 13:23:36 IDT 2025, 168 W
Fri Sep 26 13:23:36 IDT 2025, 171 W
Fri Sep 26 13:23:36 IDT 2025, 194 W
Fri Sep 26 13:23:36 IDT 2025, 165 W
Fri Sep 26 13:23:36 IDT 2025, 172 W
Fri Sep 26 13:23:36 IDT 2025, 195 W
Fri Sep 26 13:23:36 IDT 2025, 161 W
Fri Sep 26 13:23:36 IDT 2025, 154 W
Fri Sep 26 13:23:37 IDT 2025, 179 W
Fri Sep 26 13:23:37 IDT 2025, 176 W
Fri Sep 26 13:23:37 IDT 2025, 217 W
Fri Sep 26 13:23:37 IDT 2025, 177 W
Fri Sep 26 13:23:37 IDT 2025, 178 W
Fri Sep 26 13:23:37 IDT 2025, 200 W
Fri Sep 26 13:23:37 IDT 2025, 184 W
Fri Sep 26 13:23:37 IDT 2025, 169 W
Fri Sep 26 13:23:38 IDT 2025, 171 W
Fri Sep 26 13:23:38 IDT 2025, 163 W
Fri Sep 26 13:23:38 IDT 2025, 194 W
Fri Sep 26 13:23:38 IDT 2025, 142 W
Fri Sep 26 13:23:38 IDT 2025, 159 W
Fri Sep 26 13:23:38 IDT 2025, 198 W
Fri Sep 26 13:23:38 IDT 2025, 174 W
Fri Sep 26 13:23:38 IDT 2025, 144 W
Fri Sep 26 13:23:39 IDT 2025, 183 W
Fri Sep 26 13:23:39 IDT 2025, 188 W
Fri Sep 26 13:23:39 IDT 2025, 211 W
Fri Sep 26 13:23:39 IDT 2025, 174 W
Fri Sep 26 13:23:39 IDT 2025, 181 W
Fri Sep 26 13:23:39 IDT 2025, 201 W
Fri Sep 26 13:23:39 IDT 2025, 191 W
Fri Sep 26 13:23:39 IDT 2025, 167 W
Fri Sep 26 13:23:40 IDT 2025, 179 W
Fri Sep 26 13:23:40 IDT 2025, 175 W
Fri Sep 26 13:23:40 IDT 2025, 207 W
Fri Sep 26 13:23:40 IDT 2025, 162 W
Fri Sep 26 13:23:40 IDT 2025, 172 W
Fri Sep 26 13:23:40 IDT 2025, 193 W
Fri Sep 26 13:23:40 IDT 2025, 170 W
Fri Sep 26 13:23:40 IDT 2025, 155 W
Fri Sep 26 13:23:41 IDT 2025, 182 W
Fri Sep 26 13:23:41 IDT 2025, 183 W
Fri Sep 26 13:23:41 IDT 2025, 210 W
Fri Sep 26 13:23:41 IDT 2025, 178 W
Fri Sep 26 13:23:41 IDT 2025, 181 W
Fri Sep 26 13:23:41 IDT 2025, 202 W
Fri Sep 26 13:23:41 IDT 2025, 184 W
Fri Sep 26 13:23:41 IDT 2025, 172 W
Fri Sep 26 13:23:42 IDT 2025, 183 W
Fri Sep 26 13:23:42 IDT 2025, 173 W
Fri Sep 26 13:23:42 IDT 2025, 205 W
Fri Sep 26 13:23:42 IDT 2025, 172 W
Fri Sep 26 13:23:42 IDT 2025, 173 W
Fri Sep 26 13:23:42 IDT 2025, 198 W
Fri Sep 26 13:23:42 IDT 2025, 179 W
Fri Sep 26 13:23:42 IDT 2025, 162 W
Fri Sep 26 13:23:43 IDT 2025, 169 W
Fri Sep 26 13:23:43 IDT 2025, 179 W
Fri Sep 26 13:23:43 IDT 2025, 199 W
Fri Sep 26 13:23:43 IDT 2025, 162 W
Fri Sep 26 13:23:43 IDT 2025, 171 W
Fri Sep 26 13:23:43 IDT 2025, 191 W
Fri Sep 26 13:23:43 IDT 2025, 166 W
Fri Sep 26 13:23:43 IDT 2025, 160 W
Fri Sep 26 13:23:44 IDT 2025, 165 W
Fri Sep 26 13:23:44 IDT 2025, 170 W
Fri Sep 26 13:23:44 IDT 2025, 208 W
Fri Sep 26 13:23:44 IDT 2025, 171 W
Fri Sep 26 13:23:44 IDT 2025, 171 W
Fri Sep 26 13:23:44 IDT 2025, 206 W
Fri Sep 26 13:23:44 IDT 2025, 181 W
Fri Sep 26 13:23:44 IDT 2025, 157 W
Fri Sep 26 13:23:45 IDT 2025, 176 W
Fri Sep 26 13:23:45 IDT 2025, 179 W
Fri Sep 26 13:23:45 IDT 2025, 212 W
Fri Sep 26 13:23:45 IDT 2025, 171 W
Fri Sep 26 13:23:45 IDT 2025, 177 W
Fri Sep 26 13:23:45 IDT 2025, 211 W
Fri Sep 26 13:23:45 IDT 2025, 184 W
Fri Sep 26 13:23:45 IDT 2025, 163 W
Fri Sep 26 13:23:46 IDT 2025, 181 W
Fri Sep 26 13:23:46 IDT 2025, 177 W
Fri Sep 26 13:23:46 IDT 2025, 207 W
Fri Sep 26 13:23:46 IDT 2025, 172 W
Fri Sep 26 13:23:46 IDT 2025, 172 W
Fri Sep 26 13:23:46 IDT 2025, 210 W
Fri Sep 26 13:23:46 IDT 2025, 180 W
Fri Sep 26 13:23:46 IDT 2025, 163 W
Fri Sep 26 13:23:47 IDT 2025, 164 W
Fri Sep 26 13:23:47 IDT 2025, 166 W
Fri Sep 26 13:23:47 IDT 2025, 207 W
Fri Sep 26 13:23:47 IDT 2025, 174 W
Fri Sep 26 13:23:47 IDT 2025, 178 W
Fri Sep 26 13:23:47 IDT 2025, 212 W
Fri Sep 26 13:23:47 IDT 2025, 176 W
Fri Sep 26 13:23:47 IDT 2025, 162 W
Fri Sep 26 13:23:48 IDT 2025, 180 W
Fri Sep 26 13:23:48 IDT 2025, 187 W
Fri Sep 26 13:23:48 IDT 2025, 214 W
Fri Sep 26 13:23:48 IDT 2025, 179 W
Fri Sep 26 13:23:48 IDT 2025, 185 W
Fri Sep 26 13:23:48 IDT 2025, 212 W
Fri Sep 26 13:23:48 IDT 2025, 196 W
Fri Sep 26 13:23:48 IDT 2025, 166 W
Fri Sep 26 13:23:49 IDT 2025, 185 W
Fri Sep 26 13:23:49 IDT 2025, 177 W
Fri Sep 26 13:23:49 IDT 2025, 214 W
Fri Sep 26 13:23:49 IDT 2025, 170 W
Fri Sep 26 13:23:49 IDT 2025, 178 W
Fri Sep 26 13:23:49 IDT 2025, 211 W
Fri Sep 26 13:23:49 IDT 2025, 190 W
Fri Sep 26 13:23:49 IDT 2025, 166 W
Fri Sep 26 13:23:50 IDT 2025, 180 W
Fri Sep 26 13:23:50 IDT 2025, 179 W
Fri Sep 26 13:23:50 IDT 2025, 209 W
Fri Sep 26 13:23:50 IDT 2025, 167 W
Fri Sep 26 13:23:50 IDT 2025, 182 W
Fri Sep 26 13:23:50 IDT 2025, 205 W
Fri Sep 26 13:23:50 IDT 2025, 178 W
Fri Sep 26 13:23:50 IDT 2025, 167 W
Fri Sep 26 13:23:51 IDT 2025, 172 W
Fri Sep 26 13:23:51 IDT 2025, 183 W
Fri Sep 26 13:23:51 IDT 2025, 208 W
Fri Sep 26 13:23:51 IDT 2025, 167 W
Fri Sep 26 13:23:51 IDT 2025, 184 W
Fri Sep 26 13:23:51 IDT 2025, 200 W
Fri Sep 26 13:23:51 IDT 2025, 185 W
Fri Sep 26 13:23:51 IDT 2025, 168 W
Fri Sep 26 13:23:52 IDT 2025, 167 W
Fri Sep 26 13:23:52 IDT 2025, 154 W
Fri Sep 26 13:23:52 IDT 2025, 193 W
Fri Sep 26 13:23:52 IDT 2025, 149 W
Fri Sep 26 13:23:52 IDT 2025, 157 W
Fri Sep 26 13:23:52 IDT 2025, 189 W
Fri Sep 26 13:23:52 IDT 2025, 174 W
Fri Sep 26 13:23:52 IDT 2025, 140 W
Fri Sep 26 13:23:53 IDT 2025, 181 W
Fri Sep 26 13:23:53 IDT 2025, 174 W
Fri Sep 26 13:23:53 IDT 2025, 208 W
Fri Sep 26 13:23:53 IDT 2025, 166 W
Fri Sep 26 13:23:53 IDT 2025, 168 W
Fri Sep 26 13:23:53 IDT 2025, 196 W
Fri Sep 26 13:23:53 IDT 2025, 182 W
Fri Sep 26 13:23:53 IDT 2025, 160 W
Fri Sep 26 13:23:54 IDT 2025, 175 W
Fri Sep 26 13:23:54 IDT 2025, 167 W
Fri Sep 26 13:23:54 IDT 2025, 211 W
Fri Sep 26 13:23:54 IDT 2025, 163 W
Fri Sep 26 13:23:54 IDT 2025, 177 W
Fri Sep 26 13:23:54 IDT 2025, 197 W
Fri Sep 26 13:23:54 IDT 2025, 184 W
Fri Sep 26 13:23:54 IDT 2025, 156 W
Fri Sep 26 13:23:55 IDT 2025, 180 W
Fri Sep 26 13:23:55 IDT 2025, 172 W
Fri Sep 26 13:23:55 IDT 2025, 212 W
Fri Sep 26 13:23:55 IDT 2025, 161 W
Fri Sep 26 13:23:55 IDT 2025, 179 W
Fri Sep 26 13:23:55 IDT 2025, 211 W
Fri Sep 26 13:23:55 IDT 2025, 183 W
Fri Sep 26 13:23:55 IDT 2025, 162 W
Fri Sep 26 13:23:56 IDT 2025, 181 W
Fri Sep 26 13:23:56 IDT 2025, 183 W
Fri Sep 26 13:23:56 IDT 2025, 210 W
Fri Sep 26 13:23:56 IDT 2025, 170 W
Fri Sep 26 13:23:56 IDT 2025, 183 W
Fri Sep 26 13:23:56 IDT 2025, 198 W
Fri Sep 26 13:23:56 IDT 2025, 188 W
Fri Sep 26 13:23:56 IDT 2025, 170 W
Fri Sep 26 13:23:57 IDT 2025, 177 W
Fri Sep 26 13:23:57 IDT 2025, 180 W
Fri Sep 26 13:23:57 IDT 2025, 203 W
Fri Sep 26 13:23:57 IDT 2025, 167 W
Fri Sep 26 13:23:57 IDT 2025, 174 W
Fri Sep 26 13:23:57 IDT 2025, 188 W
Fri Sep 26 13:23:57 IDT 2025, 177 W
Fri Sep 26 13:23:57 IDT 2025, 155 W
Fri Sep 26 13:23:58 IDT 2025, 167 W
Fri Sep 26 13:23:58 IDT 2025, 162 W
Fri Sep 26 13:23:58 IDT 2025, 205 W
Fri Sep 26 13:23:58 IDT 2025, 161 W
Fri Sep 26 13:23:58 IDT 2025, 170 W
Fri Sep 26 13:23:58 IDT 2025, 208 W
Fri Sep 26 13:23:58 IDT 2025, 175 W
Fri Sep 26 13:23:58 IDT 2025, 153 W
Fri Sep 26 13:23:59 IDT 2025, 171 W
Fri Sep 26 13:23:59 IDT 2025, 170 W
Fri Sep 26 13:23:59 IDT 2025, 193 W
Fri Sep 26 13:23:59 IDT 2025, 160 W
Fri Sep 26 13:23:59 IDT 2025, 161 W
Fri Sep 26 13:23:59 IDT 2025, 189 W
Fri Sep 26 13:23:59 IDT 2025, 166 W
Fri Sep 26 13:23:59 IDT 2025, 144 W
Fri Sep 26 13:24:00 IDT 2025, 180 W
Fri Sep 26 13:24:00 IDT 2025, 180 W
Fri Sep 26 13:24:00 IDT 2025, 214 W
Fri Sep 26 13:24:00 IDT 2025, 175 W
Fri Sep 26 13:24:00 IDT 2025, 175 W
Fri Sep 26 13:24:00 IDT 2025, 205 W
Fri Sep 26 13:24:00 IDT 2025, 182 W
Fri Sep 26 13:24:00 IDT 2025, 171 W
Fri Sep 26 13:24:01 IDT 2025, 186 W
Fri Sep 26 13:24:01 IDT 2025, 182 W
Fri Sep 26 13:24:01 IDT 2025, 216 W
Fri Sep 26 13:24:01 IDT 2025, 177 W
Fri Sep 26 13:24:01 IDT 2025, 172 W
Fri Sep 26 13:24:01 IDT 2025, 212 W
Fri Sep 26 13:24:01 IDT 2025, 186 W
Fri Sep 26 13:24:01 IDT 2025, 163 W
Fri Sep 26 13:24:02 IDT 2025, 178 W
Fri Sep 26 13:24:02 IDT 2025, 168 W
Fri Sep 26 13:24:02 IDT 2025, 202 W
Fri Sep 26 13:24:02 IDT 2025, 162 W
Fri Sep 26 13:24:02 IDT 2025, 172 W
Fri Sep 26 13:24:02 IDT 2025, 205 W
Fri Sep 26 13:24:02 IDT 2025, 180 W
Fri Sep 26 13:24:02 IDT 2025, 153 W
Fri Sep 26 13:24:03 IDT 2025, 171 W
Fri Sep 26 13:24:03 IDT 2025, 173 W
Fri Sep 26 13:24:03 IDT 2025, 201 W
Fri Sep 26 13:24:03 IDT 2025, 167 W
Fri Sep 26 13:24:03 IDT 2025, 177 W
Fri Sep 26 13:24:03 IDT 2025, 204 W
Fri Sep 26 13:24:03 IDT 2025, 178 W
Fri Sep 26 13:24:03 IDT 2025, 156 W
Fri Sep 26 13:24:04 IDT 2025, 159 W
Fri Sep 26 13:24:04 IDT 2025, 165 W
Fri Sep 26 13:24:04 IDT 2025, 190 W
Fri Sep 26 13:24:04 IDT 2025, 153 W
Fri Sep 26 13:24:04 IDT 2025, 162 W
Fri Sep 26 13:24:04 IDT 2025, 184 W
Fri Sep 26 13:24:04 IDT 2025, 170 W
Fri Sep 26 13:24:04 IDT 2025, 150 W
Fri Sep 26 13:24:05 IDT 2025, 165 W
Fri Sep 26 13:24:05 IDT 2025, 171 W
Fri Sep 26 13:24:05 IDT 2025, 196 W
Fri Sep 26 13:24:05 IDT 2025, 164 W
Fri Sep 26 13:24:05 IDT 2025, 162 W
Fri Sep 26 13:24:05 IDT 2025, 198 W
Fri Sep 26 13:24:05 IDT 2025, 170 W
Fri Sep 26 13:24:05 IDT 2025, 153 W
Fri Sep 26 13:24:06 IDT 2025, 167 W
Fri Sep 26 13:24:06 IDT 2025, 170 W
Fri Sep 26 13:24:06 IDT 2025, 200 W
Fri Sep 26 13:24:06 IDT 2025, 158 W
Fri Sep 26 13:24:06 IDT 2025, 166 W
Fri Sep 26 13:24:06 IDT 2025, 195 W
Fri Sep 26 13:24:06 IDT 2025, 179 W
Fri Sep 26 13:24:06 IDT 2025, 150 W
Fri Sep 26 13:24:07 IDT 2025, 174 W
Fri Sep 26 13:24:07 IDT 2025, 174 W
Fri Sep 26 13:24:07 IDT 2025, 198 W
Fri Sep 26 13:24:07 IDT 2025, 172 W
Fri Sep 26 13:24:07 IDT 2025, 166 W
Fri Sep 26 13:24:07 IDT 2025, 206 W
Fri Sep 26 13:24:07 IDT 2025, 177 W
Fri Sep 26 13:24:07 IDT 2025, 160 W
Fri Sep 26 13:24:08 IDT 2025, 161 W
Fri Sep 26 13:24:08 IDT 2025, 147 W
Fri Sep 26 13:24:08 IDT 2025, 191 W
Fri Sep 26 13:24:08 IDT 2025, 154 W
Fri Sep 26 13:24:08 IDT 2025, 158 W
Fri Sep 26 13:24:08 IDT 2025, 186 W
Fri Sep 26 13:24:08 IDT 2025, 165 W
Fri Sep 26 13:24:08 IDT 2025, 146 W
Fri Sep 26 13:24:09 IDT 2025, 178 W
Fri Sep 26 13:24:09 IDT 2025, 178 W
Fri Sep 26 13:24:09 IDT 2025, 215 W
Fri Sep 26 13:24:09 IDT 2025, 171 W
Fri Sep 26 13:24:09 IDT 2025, 171 W
Fri Sep 26 13:24:09 IDT 2025, 213 W
Fri Sep 26 13:24:09 IDT 2025, 189 W
Fri Sep 26 13:24:09 IDT 2025, 168 W
Fri Sep 26 13:24:10 IDT 2025, 186 W
Fri Sep 26 13:24:10 IDT 2025, 183 W
Fri Sep 26 13:24:10 IDT 2025, 211 W
Fri Sep 26 13:24:10 IDT 2025, 182 W
Fri Sep 26 13:24:10 IDT 2025, 178 W
Fri Sep 26 13:24:10 IDT 2025, 213 W
Fri Sep 26 13:24:10 IDT 2025, 188 W
Fri Sep 26 13:24:10 IDT 2025, 165 W
Fri Sep 26 13:24:11 IDT 2025, 173 W
Fri Sep 26 13:24:11 IDT 2025, 161 W
Fri Sep 26 13:24:11 IDT 2025, 200 W
Fri Sep 26 13:24:11 IDT 2025, 162 W
Fri Sep 26 13:24:11 IDT 2025, 159 W
Fri Sep 26 13:24:11 IDT 2025, 194 W
Fri Sep 26 13:24:11 IDT 2025, 171 W
Fri Sep 26 13:24:11 IDT 2025, 155 W
Fri Sep 26 13:24:12 IDT 2025, 179 W
Fri Sep 26 13:24:12 IDT 2025, 170 W
Fri Sep 26 13:24:12 IDT 2025, 205 W
Fri Sep 26 13:24:12 IDT 2025, 161 W
Fri Sep 26 13:24:12 IDT 2025, 172 W
Fri Sep 26 13:24:12 IDT 2025, 205 W
Fri Sep 26 13:24:12 IDT 2025, 179 W
Fri Sep 26 13:24:12 IDT 2025, 158 W
Fri Sep 26 13:24:13 IDT 2025, 185 W
Fri Sep 26 13:24:13 IDT 2025, 185 W
Fri Sep 26 13:24:13 IDT 2025, 213 W
Fri Sep 26 13:24:13 IDT 2025, 176 W
Fri Sep 26 13:24:13 IDT 2025, 178 W
Fri Sep 26 13:24:13 IDT 2025, 219 W
Fri Sep 26 13:24:13 IDT 2025, 184 W
Fri Sep 26 13:24:13 IDT 2025, 174 W
Fri Sep 26 13:24:14 IDT 2025, 162 W
Fri Sep 26 13:24:14 IDT 2025, 163 W
Fri Sep 26 13:24:14 IDT 2025, 192 W
Fri Sep 26 13:24:14 IDT 2025, 146 W
Fri Sep 26 13:24:14 IDT 2025, 167 W
Fri Sep 26 13:24:14 IDT 2025, 191 W
Fri Sep 26 13:24:14 IDT 2025, 169 W
Fri Sep 26 13:24:14 IDT 2025, 147 W
Fri Sep 26 13:24:15 IDT 2025, 177 W
Fri Sep 26 13:24:15 IDT 2025, 177 W
Fri Sep 26 13:24:15 IDT 2025, 196 W
Fri Sep 26 13:24:15 IDT 2025, 167 W
Fri Sep 26 13:24:15 IDT 2025, 166 W
Fri Sep 26 13:24:15 IDT 2025, 195 W
Fri Sep 26 13:24:15 IDT 2025, 171 W
Fri Sep 26 13:24:15 IDT 2025, 154 W
Fri Sep 26 13:24:16 IDT 2025, 185 W
Fri Sep 26 13:24:16 IDT 2025, 182 W
Fri Sep 26 13:24:16 IDT 2025, 223 W
Fri Sep 26 13:24:16 IDT 2025, 169 W
Fri Sep 26 13:24:16 IDT 2025, 189 W
Fri Sep 26 13:24:16 IDT 2025, 215 W
Fri Sep 26 13:24:16 IDT 2025, 185 W
Fri Sep 26 13:24:16 IDT 2025, 168 W
Fri Sep 26 13:24:17 IDT 2025, 175 W
Fri Sep 26 13:24:17 IDT 2025, 174 W
Fri Sep 26 13:24:17 IDT 2025, 211 W
Fri Sep 26 13:24:17 IDT 2025, 169 W
Fri Sep 26 13:24:17 IDT 2025, 177 W
Fri Sep 26 13:24:17 IDT 2025, 213 W
Fri Sep 26 13:24:17 IDT 2025, 170 W
Fri Sep 26 13:24:17 IDT 2025, 165 W
Fri Sep 26 13:24:18 IDT 2025, 177 W
Fri Sep 26 13:24:18 IDT 2025, 168 W
Fri Sep 26 13:24:18 IDT 2025, 205 W
Fri Sep 26 13:24:18 IDT 2025, 166 W
Fri Sep 26 13:24:18 IDT 2025, 176 W
Fri Sep 26 13:24:18 IDT 2025, 207 W
Fri Sep 26 13:24:18 IDT 2025, 180 W
Fri Sep 26 13:24:18 IDT 2025, 159 W
Fri Sep 26 13:24:19 IDT 2025, 171 W
Fri Sep 26 13:24:19 IDT 2025, 166 W
Fri Sep 26 13:24:19 IDT 2025, 199 W
Fri Sep 26 13:24:19 IDT 2025, 169 W
Fri Sep 26 13:24:19 IDT 2025, 158 W
Fri Sep 26 13:24:19 IDT 2025, 205 W
Fri Sep 26 13:24:19 IDT 2025, 170 W
Fri Sep 26 13:24:19 IDT 2025, 165 W
Fri Sep 26 13:24:20 IDT 2025, 182 W
Fri Sep 26 13:24:20 IDT 2025, 171 W
Fri Sep 26 13:24:20 IDT 2025, 204 W
Fri Sep 26 13:24:20 IDT 2025, 168 W
Fri Sep 26 13:24:20 IDT 2025, 176 W
Fri Sep 26 13:24:20 IDT 2025, 199 W
Fri Sep 26 13:24:20 IDT 2025, 178 W
Fri Sep 26 13:24:20 IDT 2025, 162 W
Fri Sep 26 13:24:21 IDT 2025, 191 W
Fri Sep 26 13:24:21 IDT 2025, 182 W
Fri Sep 26 13:24:21 IDT 2025, 214 W
Fri Sep 26 13:24:21 IDT 2025, 173 W
Fri Sep 26 13:24:21 IDT 2025, 188 W
Fri Sep 26 13:24:21 IDT 2025, 216 W
Fri Sep 26 13:24:21 IDT 2025, 186 W
Fri Sep 26 13:24:21 IDT 2025, 168 W
Fri Sep 26 13:24:22 IDT 2025, 179 W
Fri Sep 26 13:24:22 IDT 2025, 180 W
Fri Sep 26 13:24:22 IDT 2025, 217 W
Fri Sep 26 13:24:22 IDT 2025, 166 W
Fri Sep 26 13:24:22 IDT 2025, 183 W
Fri Sep 26 13:24:22 IDT 2025, 206 W
Fri Sep 26 13:24:22 IDT 2025, 183 W
Fri Sep 26 13:24:22 IDT 2025, 164 W
Fri Sep 26 13:24:23 IDT 2025, 191 W
Fri Sep 26 13:24:23 IDT 2025, 177 W
Fri Sep 26 13:24:23 IDT 2025, 215 W
Fri Sep 26 13:24:23 IDT 2025, 176 W
Fri Sep 26 13:24:23 IDT 2025, 187 W
Fri Sep 26 13:24:23 IDT 2025, 208 W
Fri Sep 26 13:24:23 IDT 2025, 187 W
Fri Sep 26 13:24:23 IDT 2025, 168 W
Fri Sep 26 13:24:24 IDT 2025, 187 W
Fri Sep 26 13:24:24 IDT 2025, 183 W
Fri Sep 26 13:24:24 IDT 2025, 221 W
Fri Sep 26 13:24:24 IDT 2025, 177 W
Fri Sep 26 13:24:24 IDT 2025, 192 W
Fri Sep 26 13:24:24 IDT 2025, 207 W
Fri Sep 26 13:24:24 IDT 2025, 190 W
Fri Sep 26 13:24:24 IDT 2025, 176 W
Fri Sep 26 13:24:25 IDT 2025, 190 W
Fri Sep 26 13:24:25 IDT 2025, 183 W
Fri Sep 26 13:24:25 IDT 2025, 220 W
Fri Sep 26 13:24:25 IDT 2025, 161 W
Fri Sep 26 13:24:25 IDT 2025, 177 W
Fri Sep 26 13:24:25 IDT 2025, 214 W
Fri Sep 26 13:24:25 IDT 2025, 191 W
Fri Sep 26 13:24:25 IDT 2025, 163 W
Fri Sep 26 13:24:26 IDT 2025, 186 W
Fri Sep 26 13:24:26 IDT 2025, 180 W
Fri Sep 26 13:24:26 IDT 2025, 212 W
Fri Sep 26 13:24:26 IDT 2025, 179 W
Fri Sep 26 13:24:26 IDT 2025, 183 W
Fri Sep 26 13:24:26 IDT 2025, 215 W
Fri Sep 26 13:24:26 IDT 2025, 188 W
Fri Sep 26 13:24:26 IDT 2025, 165 W
Fri Sep 26 13:24:27 IDT 2025, 167 W
Fri Sep 26 13:24:27 IDT 2025, 164 W
Fri Sep 26 13:24:27 IDT 2025, 194 W
Fri Sep 26 13:24:27 IDT 2025, 161 W
Fri Sep 26 13:24:27 IDT 2025, 165 W
Fri Sep 26 13:24:27 IDT 2025, 191 W
Fri Sep 26 13:24:27 IDT 2025, 175 W
Fri Sep 26 13:24:27 IDT 2025, 154 W
Fri Sep 26 13:24:28 IDT 2025, 181 W
Fri Sep 26 13:24:28 IDT 2025, 181 W
Fri Sep 26 13:24:28 IDT 2025, 203 W
Fri Sep 26 13:24:28 IDT 2025, 172 W
Fri Sep 26 13:24:28 IDT 2025, 177 W
Fri Sep 26 13:24:28 IDT 2025, 205 W
Fri Sep 26 13:24:28 IDT 2025, 180 W
Fri Sep 26 13:24:28 IDT 2025, 164 W
Fri Sep 26 13:24:29 IDT 2025, 182 W
Fri Sep 26 13:24:29 IDT 2025, 173 W
Fri Sep 26 13:24:29 IDT 2025, 203 W
Fri Sep 26 13:24:29 IDT 2025, 160 W
Fri Sep 26 13:24:29 IDT 2025, 171 W
Fri Sep 26 13:24:29 IDT 2025, 201 W
Fri Sep 26 13:24:29 IDT 2025, 168 W
Fri Sep 26 13:24:29 IDT 2025, 159 W
Fri Sep 26 13:24:30 IDT 2025, 162 W
Fri Sep 26 13:24:30 IDT 2025, 166 W
Fri Sep 26 13:24:30 IDT 2025, 196 W
Fri Sep 26 13:24:30 IDT 2025, 167 W
Fri Sep 26 13:24:30 IDT 2025, 166 W
Fri Sep 26 13:24:30 IDT 2025, 194 W
Fri Sep 26 13:24:30 IDT 2025, 172 W
Fri Sep 26 13:24:30 IDT 2025, 155 W
Fri Sep 26 13:24:31 IDT 2025, 173 W
Fri Sep 26 13:24:31 IDT 2025, 189 W
Fri Sep 26 13:24:31 IDT 2025, 215 W
Fri Sep 26 13:24:31 IDT 2025, 177 W
Fri Sep 26 13:24:31 IDT 2025, 187 W
Fri Sep 26 13:24:31 IDT 2025, 209 W
Fri Sep 26 13:24:31 IDT 2025, 189 W
Fri Sep 26 13:24:31 IDT 2025, 166 W
Fri Sep 26 13:24:32 IDT 2025, 174 W
Fri Sep 26 13:24:32 IDT 2025, 170 W
Fri Sep 26 13:24:32 IDT 2025, 192 W
Fri Sep 26 13:24:32 IDT 2025, 164 W
Fri Sep 26 13:24:32 IDT 2025, 181 W
Fri Sep 26 13:24:32 IDT 2025, 210 W
Fri Sep 26 13:24:32 IDT 2025, 188 W
Fri Sep 26 13:24:32 IDT 2025, 162 W
Fri Sep 26 13:24:33 IDT 2025, 160 W
Fri Sep 26 13:24:33 IDT 2025, 176 W
Fri Sep 26 13:24:33 IDT 2025, 202 W
Fri Sep 26 13:24:33 IDT 2025, 160 W
Fri Sep 26 13:24:33 IDT 2025, 171 W
Fri Sep 26 13:24:33 IDT 2025, 207 W
Fri Sep 26 13:24:33 IDT 2025, 177 W
Fri Sep 26 13:24:33 IDT 2025, 154 W
Fri Sep 26 13:24:34 IDT 2025, 165 W
Fri Sep 26 13:24:34 IDT 2025, 176 W
Fri Sep 26 13:24:34 IDT 2025, 204 W
Fri Sep 26 13:24:34 IDT 2025, 166 W
Fri Sep 26 13:24:34 IDT 2025, 177 W
Fri Sep 26 13:24:34 IDT 2025, 208 W
Fri Sep 26 13:24:34 IDT 2025, 179 W
Fri Sep 26 13:24:34 IDT 2025, 159 W
Fri Sep 26 13:24:35 IDT 2025, 169 W
Fri Sep 26 13:24:35 IDT 2025, 177 W
Fri Sep 26 13:24:35 IDT 2025, 209 W
Fri Sep 26 13:24:35 IDT 2025, 169 W
Fri Sep 26 13:24:35 IDT 2025, 176 W
Fri Sep 26 13:24:35 IDT 2025, 198 W
Fri Sep 26 13:24:35 IDT 2025, 179 W
Fri Sep 26 13:24:35 IDT 2025, 159 W
Fri Sep 26 13:24:36 IDT 2025, 186 W
Fri Sep 26 13:24:36 IDT 2025, 187 W
Fri Sep 26 13:24:36 IDT 2025, 215 W
Fri Sep 26 13:24:36 IDT 2025, 183 W
Fri Sep 26 13:24:36 IDT 2025, 186 W
Fri Sep 26 13:24:36 IDT 2025, 214 W
Fri Sep 26 13:24:36 IDT 2025, 189 W
Fri Sep 26 13:24:36 IDT 2025, 169 W
Fri Sep 26 13:24:37 IDT 2025, 175 W
Fri Sep 26 13:24:37 IDT 2025, 181 W
Fri Sep 26 13:24:37 IDT 2025, 204 W
Fri Sep 26 13:24:37 IDT 2025, 170 W
Fri Sep 26 13:24:37 IDT 2025, 171 W
Fri Sep 26 13:24:37 IDT 2025, 206 W
Fri Sep 26 13:24:37 IDT 2025, 188 W
Fri Sep 26 13:24:37 IDT 2025, 163 W
Fri Sep 26 13:24:38 IDT 2025, 164 W
Fri Sep 26 13:24:38 IDT 2025, 161 W
Fri Sep 26 13:24:38 IDT 2025, 198 W
Fri Sep 26 13:24:38 IDT 2025, 155 W
Fri Sep 26 13:24:38 IDT 2025, 155 W
Fri Sep 26 13:24:38 IDT 2025, 198 W
Fri Sep 26 13:24:38 IDT 2025, 182 W
Fri Sep 26 13:24:38 IDT 2025, 159 W
Fri Sep 26 13:24:39 IDT 2025, 176 W
Fri Sep 26 13:24:39 IDT 2025, 186 W
Fri Sep 26 13:24:39 IDT 2025, 221 W
Fri Sep 26 13:24:39 IDT 2025, 184 W
Fri Sep 26 13:24:39 IDT 2025, 190 W
Fri Sep 26 13:24:39 IDT 2025, 210 W
Fri Sep 26 13:24:39 IDT 2025, 188 W
Fri Sep 26 13:24:39 IDT 2025, 169 W
Fri Sep 26 13:24:40 IDT 2025, 168 W
Fri Sep 26 13:24:40 IDT 2025, 156 W
Fri Sep 26 13:24:40 IDT 2025, 201 W
Fri Sep 26 13:24:40 IDT 2025, 164 W
Fri Sep 26 13:24:40 IDT 2025, 163 W
Fri Sep 26 13:24:40 IDT 2025, 195 W
Fri Sep 26 13:24:40 IDT 2025, 174 W
Fri Sep 26 13:24:40 IDT 2025, 162 W
Fri Sep 26 13:24:41 IDT 2025, 169 W
Fri Sep 26 13:24:41 IDT 2025, 165 W
Fri Sep 26 13:24:41 IDT 2025, 202 W
Fri Sep 26 13:24:41 IDT 2025, 160 W
Fri Sep 26 13:24:41 IDT 2025, 168 W
Fri Sep 26 13:24:41 IDT 2025, 210 W
Fri Sep 26 13:24:41 IDT 2025, 172 W
Fri Sep 26 13:24:41 IDT 2025, 158 W
Fri Sep 26 13:24:42 IDT 2025, 186 W
Fri Sep 26 13:24:42 IDT 2025, 178 W
Fri Sep 26 13:24:42 IDT 2025, 211 W
Fri Sep 26 13:24:42 IDT 2025, 167 W
Fri Sep 26 13:24:42 IDT 2025, 181 W
Fri Sep 26 13:24:42 IDT 2025, 209 W
Fri Sep 26 13:24:42 IDT 2025, 190 W
Fri Sep 26 13:24:42 IDT 2025, 168 W
Fri Sep 26 13:24:43 IDT 2025, 166 W
Fri Sep 26 13:24:43 IDT 2025, 158 W
Fri Sep 26 13:24:43 IDT 2025, 174 W
Fri Sep 26 13:24:43 IDT 2025, 147 W
Fri Sep 26 13:24:43 IDT 2025, 159 W
Fri Sep 26 13:24:43 IDT 2025, 182 W
Fri Sep 26 13:24:43 IDT 2025, 164 W
Fri Sep 26 13:24:43 IDT 2025, 143 W
Fri Sep 26 13:24:44 IDT 2025, 173 W
Fri Sep 26 13:24:44 IDT 2025, 177 W
Fri Sep 26 13:24:44 IDT 2025, 204 W
Fri Sep 26 13:24:44 IDT 2025, 166 W
Fri Sep 26 13:24:44 IDT 2025, 170 W
Fri Sep 26 13:24:44 IDT 2025, 209 W
Fri Sep 26 13:24:44 IDT 2025, 181 W
Fri Sep 26 13:24:44 IDT 2025, 164 W
Fri Sep 26 13:24:45 IDT 2025, 161 W
Fri Sep 26 13:24:45 IDT 2025, 159 W
Fri Sep 26 13:24:45 IDT 2025, 208 W
Fri Sep 26 13:24:45 IDT 2025, 160 W
Fri Sep 26 13:24:45 IDT 2025, 171 W
Fri Sep 26 13:24:45 IDT 2025, 196 W
Fri Sep 26 13:24:45 IDT 2025, 179 W
Fri Sep 26 13:24:45 IDT 2025, 153 W
Fri Sep 26 13:24:46 IDT 2025, 185 W
Fri Sep 26 13:24:46 IDT 2025, 176 W
Fri Sep 26 13:24:46 IDT 2025, 218 W
Fri Sep 26 13:24:46 IDT 2025, 165 W
Fri Sep 26 13:24:46 IDT 2025, 178 W
Fri Sep 26 13:24:46 IDT 2025, 210 W
Fri Sep 26 13:24:46 IDT 2025, 190 W
Fri Sep 26 13:24:46 IDT 2025, 162 W
Fri Sep 26 13:24:47 IDT 2025, 186 W
Fri Sep 26 13:24:47 IDT 2025, 175 W
Fri Sep 26 13:24:47 IDT 2025, 213 W
Fri Sep 26 13:24:47 IDT 2025, 173 W
Fri Sep 26 13:24:47 IDT 2025, 182 W
Fri Sep 26 13:24:47 IDT 2025, 212 W
Fri Sep 26 13:24:47 IDT 2025, 187 W
Fri Sep 26 13:24:47 IDT 2025, 169 W
Fri Sep 26 13:24:48 IDT 2025, 176 W
Fri Sep 26 13:24:48 IDT 2025, 175 W
Fri Sep 26 13:24:48 IDT 2025, 206 W
Fri Sep 26 13:24:48 IDT 2025, 173 W
Fri Sep 26 13:24:48 IDT 2025, 173 W
Fri Sep 26 13:24:48 IDT 2025, 200 W
Fri Sep 26 13:24:48 IDT 2025, 180 W
Fri Sep 26 13:24:48 IDT 2025, 164 W
Fri Sep 26 13:24:49 IDT 2025, 182 W
Fri Sep 26 13:24:49 IDT 2025, 178 W
Fri Sep 26 13:24:49 IDT 2025, 217 W
Fri Sep 26 13:24:49 IDT 2025, 173 W
Fri Sep 26 13:24:49 IDT 2025, 186 W
Fri Sep 26 13:24:49 IDT 2025, 219 W
Fri Sep 26 13:24:49 IDT 2025, 186 W
Fri Sep 26 13:24:49 IDT 2025, 170 W
Fri Sep 26 13:24:50 IDT 2025, 184 W
Fri Sep 26 13:24:50 IDT 2025, 175 W
Fri Sep 26 13:24:50 IDT 2025, 223 W
Fri Sep 26 13:24:50 IDT 2025, 173 W
Fri Sep 26 13:24:50 IDT 2025, 184 W
Fri Sep 26 13:24:50 IDT 2025, 203 W
Fri Sep 26 13:24:50 IDT 2025, 188 W
Fri Sep 26 13:24:50 IDT 2025, 169 W
Fri Sep 26 13:24:51 IDT 2025, 182 W
Fri Sep 26 13:24:51 IDT 2025, 177 W
Fri Sep 26 13:24:51 IDT 2025, 215 W
Fri Sep 26 13:24:51 IDT 2025, 178 W
Fri Sep 26 13:24:51 IDT 2025, 182 W
Fri Sep 26 13:24:51 IDT 2025, 209 W
Fri Sep 26 13:24:51 IDT 2025, 186 W
Fri Sep 26 13:24:51 IDT 2025, 168 W
Fri Sep 26 13:24:52 IDT 2025, 177 W
Fri Sep 26 13:24:52 IDT 2025, 169 W
Fri Sep 26 13:24:52 IDT 2025, 214 W
Fri Sep 26 13:24:52 IDT 2025, 169 W
Fri Sep 26 13:24:52 IDT 2025, 182 W
Fri Sep 26 13:24:52 IDT 2025, 209 W
Fri Sep 26 13:24:52 IDT 2025, 181 W
Fri Sep 26 13:24:52 IDT 2025, 166 W
Fri Sep 26 13:24:53 IDT 2025, 171 W
Fri Sep 26 13:24:53 IDT 2025, 175 W
Fri Sep 26 13:24:53 IDT 2025, 208 W
Fri Sep 26 13:24:53 IDT 2025, 173 W
Fri Sep 26 13:24:53 IDT 2025, 172 W
Fri Sep 26 13:24:53 IDT 2025, 196 W
Fri Sep 26 13:24:53 IDT 2025, 180 W
Fri Sep 26 13:24:53 IDT 2025, 162 W
Fri Sep 26 13:24:54 IDT 2025, 183 W
Fri Sep 26 13:24:54 IDT 2025, 172 W
Fri Sep 26 13:24:54 IDT 2025, 217 W
Fri Sep 26 13:24:54 IDT 2025, 165 W
Fri Sep 26 13:24:54 IDT 2025, 180 W
Fri Sep 26 13:24:54 IDT 2025, 205 W
Fri Sep 26 13:24:54 IDT 2025, 182 W
Fri Sep 26 13:24:54 IDT 2025, 163 W
Fri Sep 26 13:24:55 IDT 2025, 186 W
Fri Sep 26 13:24:55 IDT 2025, 184 W
Fri Sep 26 13:24:55 IDT 2025, 218 W
Fri Sep 26 13:24:55 IDT 2025, 177 W
Fri Sep 26 13:24:55 IDT 2025, 188 W
Fri Sep 26 13:24:55 IDT 2025, 209 W
Fri Sep 26 13:24:55 IDT 2025, 192 W
Fri Sep 26 13:24:55 IDT 2025, 172 W
Fri Sep 26 13:24:56 IDT 2025, 187 W
Fri Sep 26 13:24:56 IDT 2025, 190 W
Fri Sep 26 13:24:56 IDT 2025, 213 W
Fri Sep 26 13:24:56 IDT 2025, 169 W
Fri Sep 26 13:24:56 IDT 2025, 182 W
Fri Sep 26 13:24:56 IDT 2025, 213 W
Fri Sep 26 13:24:56 IDT 2025, 189 W
Fri Sep 26 13:24:56 IDT 2025, 174 W
Fri Sep 26 13:24:57 IDT 2025, 177 W
Fri Sep 26 13:24:57 IDT 2025, 179 W
Fri Sep 26 13:24:57 IDT 2025, 213 W
Fri Sep 26 13:24:57 IDT 2025, 167 W
Fri Sep 26 13:24:57 IDT 2025, 178 W
Fri Sep 26 13:24:57 IDT 2025, 216 W
Fri Sep 26 13:24:57 IDT 2025, 195 W
Fri Sep 26 13:24:57 IDT 2025, 166 W
Fri Sep 26 13:24:58 IDT 2025, 166 W
Fri Sep 26 13:24:58 IDT 2025, 157 W
Fri Sep 26 13:24:58 IDT 2025, 193 W
Fri Sep 26 13:24:58 IDT 2025, 157 W
Fri Sep 26 13:24:58 IDT 2025, 155 W
Fri Sep 26 13:24:58 IDT 2025, 182 W
Fri Sep 26 13:24:58 IDT 2025, 167 W
Fri Sep 26 13:24:58 IDT 2025, 141 W
Fri Sep 26 13:24:59 IDT 2025, 161 W
Fri Sep 26 13:24:59 IDT 2025, 169 W
Fri Sep 26 13:24:59 IDT 2025, 193 W
Fri Sep 26 13:24:59 IDT 2025, 158 W
Fri Sep 26 13:24:59 IDT 2025, 167 W
Fri Sep 26 13:24:59 IDT 2025, 197 W
Fri Sep 26 13:24:59 IDT 2025, 176 W
Fri Sep 26 13:24:59 IDT 2025, 153 W
Fri Sep 26 13:25:00 IDT 2025, 186 W
Fri Sep 26 13:25:00 IDT 2025, 177 W
Fri Sep 26 13:25:00 IDT 2025, 204 W
Fri Sep 26 13:25:00 IDT 2025, 163 W
Fri Sep 26 13:25:00 IDT 2025, 175 W
Fri Sep 26 13:25:00 IDT 2025, 203 W
Fri Sep 26 13:25:00 IDT 2025, 173 W
Fri Sep 26 13:25:00 IDT 2025, 165 W
Fri Sep 26 13:25:01 IDT 2025, 174 W
Fri Sep 26 13:25:01 IDT 2025, 177 W
Fri Sep 26 13:25:01 IDT 2025, 209 W
Fri Sep 26 13:25:01 IDT 2025, 167 W
Fri Sep 26 13:25:01 IDT 2025, 178 W
Fri Sep 26 13:25:01 IDT 2025, 202 W
Fri Sep 26 13:25:01 IDT 2025, 182 W
Fri Sep 26 13:25:01 IDT 2025, 163 W
Fri Sep 26 13:25:02 IDT 2025, 186 W
Fri Sep 26 13:25:02 IDT 2025, 175 W
Fri Sep 26 13:25:02 IDT 2025, 207 W
Fri Sep 26 13:25:02 IDT 2025, 163 W
Fri Sep 26 13:25:02 IDT 2025, 180 W
Fri Sep 26 13:25:02 IDT 2025, 208 W
Fri Sep 26 13:25:02 IDT 2025, 178 W
Fri Sep 26 13:25:02 IDT 2025, 159 W
Fri Sep 26 13:25:03 IDT 2025, 183 W
Fri Sep 26 13:25:03 IDT 2025, 176 W
Fri Sep 26 13:25:03 IDT 2025, 211 W
Fri Sep 26 13:25:03 IDT 2025, 163 W
Fri Sep 26 13:25:03 IDT 2025, 179 W
Fri Sep 26 13:25:03 IDT 2025, 204 W
Fri Sep 26 13:25:03 IDT 2025, 182 W
Fri Sep 26 13:25:03 IDT 2025, 161 W
Fri Sep 26 13:25:04 IDT 2025, 167 W
Fri Sep 26 13:25:04 IDT 2025, 172 W
Fri Sep 26 13:25:04 IDT 2025, 204 W
Fri Sep 26 13:25:04 IDT 2025, 165 W
Fri Sep 26 13:25:04 IDT 2025, 176 W
Fri Sep 26 13:25:04 IDT 2025, 205 W
Fri Sep 26 13:25:04 IDT 2025, 192 W
Fri Sep 26 13:25:04 IDT 2025, 159 W
Fri Sep 26 13:25:05 IDT 2025, 164 W
Fri Sep 26 13:25:05 IDT 2025, 168 W
Fri Sep 26 13:25:05 IDT 2025, 193 W
Fri Sep 26 13:25:05 IDT 2025, 157 W
Fri Sep 26 13:25:05 IDT 2025, 151 W
Fri Sep 26 13:25:05 IDT 2025, 185 W
Fri Sep 26 13:25:05 IDT 2025, 166 W
Fri Sep 26 13:25:05 IDT 2025, 146 W
Fri Sep 26 13:25:06 IDT 2025, 147 W
Fri Sep 26 13:25:06 IDT 2025, 157 W
Fri Sep 26 13:25:06 IDT 2025, 183 W
Fri Sep 26 13:25:06 IDT 2025, 150 W
Fri Sep 26 13:25:06 IDT 2025, 153 W
Fri Sep 26 13:25:06 IDT 2025, 189 W
Fri Sep 26 13:25:06 IDT 2025, 161 W
Fri Sep 26 13:25:06 IDT 2025, 144 W
Fri Sep 26 13:25:07 IDT 2025, 163 W
Fri Sep 26 13:25:07 IDT 2025, 176 W
Fri Sep 26 13:25:07 IDT 2025, 208 W
Fri Sep 26 13:25:07 IDT 2025, 169 W
Fri Sep 26 13:25:07 IDT 2025, 181 W
Fri Sep 26 13:25:07 IDT 2025, 211 W
Fri Sep 26 13:25:07 IDT 2025, 186 W
Fri Sep 26 13:25:07 IDT 2025, 159 W
Fri Sep 26 13:25:08 IDT 2025, 178 W
Fri Sep 26 13:25:08 IDT 2025, 168 W
Fri Sep 26 13:25:08 IDT 2025, 207 W
Fri Sep 26 13:25:08 IDT 2025, 168 W
Fri Sep 26 13:25:08 IDT 2025, 183 W
Fri Sep 26 13:25:08 IDT 2025, 204 W
Fri Sep 26 13:25:08 IDT 2025, 188 W
Fri Sep 26 13:25:08 IDT 2025, 164 W
Fri Sep 26 13:25:09 IDT 2025, 176 W
Fri Sep 26 13:25:09 IDT 2025, 181 W
Fri Sep 26 13:25:09 IDT 2025, 202 W
Fri Sep 26 13:25:09 IDT 2025, 166 W
Fri Sep 26 13:25:09 IDT 2025, 165 W
Fri Sep 26 13:25:09 IDT 2025, 202 W
Fri Sep 26 13:25:09 IDT 2025, 183 W
Fri Sep 26 13:25:09 IDT 2025, 157 W
Fri Sep 26 13:25:10 IDT 2025, 182 W
Fri Sep 26 13:25:10 IDT 2025, 167 W
Fri Sep 26 13:25:10 IDT 2025, 207 W
Fri Sep 26 13:25:10 IDT 2025, 172 W
Fri Sep 26 13:25:10 IDT 2025, 170 W
Fri Sep 26 13:25:10 IDT 2025, 192 W
Fri Sep 26 13:25:10 IDT 2025, 182 W
Fri Sep 26 13:25:10 IDT 2025, 149 W
Fri Sep 26 13:25:11 IDT 2025, 182 W
Fri Sep 26 13:25:11 IDT 2025, 184 W
Fri Sep 26 13:25:11 IDT 2025, 214 W
Fri Sep 26 13:25:11 IDT 2025, 173 W
Fri Sep 26 13:25:11 IDT 2025, 179 W
Fri Sep 26 13:25:11 IDT 2025, 216 W
Fri Sep 26 13:25:11 IDT 2025, 184 W
Fri Sep 26 13:25:11 IDT 2025, 168 W
Fri Sep 26 13:25:12 IDT 2025, 181 W
Fri Sep 26 13:25:12 IDT 2025, 182 W
Fri Sep 26 13:25:12 IDT 2025, 208 W
Fri Sep 26 13:25:12 IDT 2025, 174 W
Fri Sep 26 13:25:12 IDT 2025, 181 W
Fri Sep 26 13:25:12 IDT 2025, 206 W
Fri Sep 26 13:25:12 IDT 2025, 182 W
Fri Sep 26 13:25:12 IDT 2025, 165 W
Fri Sep 26 13:25:13 IDT 2025, 191 W
Fri Sep 26 13:25:13 IDT 2025, 177 W
Fri Sep 26 13:25:13 IDT 2025, 211 W
Fri Sep 26 13:25:13 IDT 2025, 170 W
Fri Sep 26 13:25:13 IDT 2025, 179 W
Fri Sep 26 13:25:13 IDT 2025, 211 W
Fri Sep 26 13:25:13 IDT 2025, 176 W
Fri Sep 26 13:25:13 IDT 2025, 168 W
Fri Sep 26 13:25:14 IDT 2025, 169 W
Fri Sep 26 13:25:14 IDT 2025, 163 W
Fri Sep 26 13:25:14 IDT 2025, 201 W
Fri Sep 26 13:25:14 IDT 2025, 157 W
Fri Sep 26 13:25:14 IDT 2025, 166 W
Fri Sep 26 13:25:14 IDT 2025, 192 W
Fri Sep 26 13:25:14 IDT 2025, 171 W
Fri Sep 26 13:25:14 IDT 2025, 155 W
Fri Sep 26 13:25:15 IDT 2025, 166 W
Fri Sep 26 13:25:15 IDT 2025, 158 W
Fri Sep 26 13:25:15 IDT 2025, 195 W
Fri Sep 26 13:25:15 IDT 2025, 144 W
Fri Sep 26 13:25:15 IDT 2025, 160 W
Fri Sep 26 13:25:15 IDT 2025, 185 W
Fri Sep 26 13:25:15 IDT 2025, 162 W
Fri Sep 26 13:25:15 IDT 2025, 156 W
Fri Sep 26 13:25:16 IDT 2025, 166 W
Fri Sep 26 13:25:16 IDT 2025, 169 W
Fri Sep 26 13:25:16 IDT 2025, 202 W
Fri Sep 26 13:25:16 IDT 2025, 162 W
Fri Sep 26 13:25:16 IDT 2025, 161 W
Fri Sep 26 13:25:16 IDT 2025, 196 W
Fri Sep 26 13:25:16 IDT 2025, 175 W
Fri Sep 26 13:25:16 IDT 2025, 159 W
Fri Sep 26 13:25:17 IDT 2025, 161 W
Fri Sep 26 13:25:17 IDT 2025, 149 W
Fri Sep 26 13:25:17 IDT 2025, 183 W
Fri Sep 26 13:25:17 IDT 2025, 151 W
Fri Sep 26 13:25:17 IDT 2025, 147 W
Fri Sep 26 13:25:17 IDT 2025, 192 W
Fri Sep 26 13:25:17 IDT 2025, 149 W
Fri Sep 26 13:25:17 IDT 2025, 132 W
Fri Sep 26 13:25:18 IDT 2025, 178 W
Fri Sep 26 13:25:18 IDT 2025, 173 W
Fri Sep 26 13:25:18 IDT 2025, 199 W
Fri Sep 26 13:25:18 IDT 2025, 161 W
Fri Sep 26 13:25:18 IDT 2025, 171 W
Fri Sep 26 13:25:18 IDT 2025, 203 W
Fri Sep 26 13:25:18 IDT 2025, 169 W
Fri Sep 26 13:25:18 IDT 2025, 159 W
Fri Sep 26 13:25:19 IDT 2025, 162 W
Fri Sep 26 13:25:19 IDT 2025, 162 W
Fri Sep 26 13:25:19 IDT 2025, 198 W
Fri Sep 26 13:25:19 IDT 2025, 153 W
Fri Sep 26 13:25:19 IDT 2025, 157 W
Fri Sep 26 13:25:19 IDT 2025, 196 W
Fri Sep 26 13:25:19 IDT 2025, 163 W
Fri Sep 26 13:25:19 IDT 2025, 151 W
Fri Sep 26 13:25:20 IDT 2025, 181 W
Fri Sep 26 13:25:20 IDT 2025, 179 W
Fri Sep 26 13:25:20 IDT 2025, 217 W
Fri Sep 26 13:25:20 IDT 2025, 170 W
Fri Sep 26 13:25:20 IDT 2025, 185 W
Fri Sep 26 13:25:20 IDT 2025, 201 W
Fri Sep 26 13:25:20 IDT 2025, 185 W
Fri Sep 26 13:25:20 IDT 2025, 171 W
Fri Sep 26 13:25:21 IDT 2025, 180 W
Fri Sep 26 13:25:21 IDT 2025, 165 W
Fri Sep 26 13:25:21 IDT 2025, 209 W
Fri Sep 26 13:25:21 IDT 2025, 163 W
Fri Sep 26 13:25:21 IDT 2025, 179 W
Fri Sep 26 13:25:21 IDT 2025, 201 W
Fri Sep 26 13:25:21 IDT 2025, 183 W
Fri Sep 26 13:25:21 IDT 2025, 158 W
Fri Sep 26 13:25:22 IDT 2025, 179 W
Fri Sep 26 13:25:22 IDT 2025, 176 W
Fri Sep 26 13:25:22 IDT 2025, 210 W
Fri Sep 26 13:25:22 IDT 2025, 169 W
Fri Sep 26 13:25:22 IDT 2025, 171 W
Fri Sep 26 13:25:22 IDT 2025, 214 W
Fri Sep 26 13:25:22 IDT 2025, 188 W
Fri Sep 26 13:25:22 IDT 2025, 163 W
Fri Sep 26 13:25:23 IDT 2025, 171 W
Fri Sep 26 13:25:23 IDT 2025, 174 W
Fri Sep 26 13:25:23 IDT 2025, 204 W
Fri Sep 26 13:25:23 IDT 2025, 167 W
Fri Sep 26 13:25:23 IDT 2025, 163 W
Fri Sep 26 13:25:23 IDT 2025, 197 W
Fri Sep 26 13:25:23 IDT 2025, 175 W
Fri Sep 26 13:25:23 IDT 2025, 161 W
Fri Sep 26 13:25:24 IDT 2025, 189 W
Fri Sep 26 13:25:24 IDT 2025, 187 W
Fri Sep 26 13:25:24 IDT 2025, 215 W
Fri Sep 26 13:25:24 IDT 2025, 189 W
Fri Sep 26 13:25:24 IDT 2025, 189 W
Fri Sep 26 13:25:24 IDT 2025, 212 W
Fri Sep 26 13:25:24 IDT 2025, 179 W
Fri Sep 26 13:25:24 IDT 2025, 168 W
Fri Sep 26 13:25:25 IDT 2025, 154 W
Fri Sep 26 13:25:25 IDT 2025, 154 W
Fri Sep 26 13:25:25 IDT 2025, 189 W
Fri Sep 26 13:25:25 IDT 2025, 147 W
Fri Sep 26 13:25:25 IDT 2025, 151 W
Fri Sep 26 13:25:25 IDT 2025, 178 W
Fri Sep 26 13:25:25 IDT 2025, 160 W
Fri Sep 26 13:25:25 IDT 2025, 145 W
Fri Sep 26 13:25:26 IDT 2025, 166 W
Fri Sep 26 13:25:26 IDT 2025, 164 W
Fri Sep 26 13:25:26 IDT 2025, 204 W
Fri Sep 26 13:25:26 IDT 2025, 167 W
Fri Sep 26 13:25:26 IDT 2025, 169 W
Fri Sep 26 13:25:26 IDT 2025, 202 W
Fri Sep 26 13:25:26 IDT 2025, 182 W
Fri Sep 26 13:25:26 IDT 2025, 149 W
Fri Sep 26 13:25:27 IDT 2025, 175 W
Fri Sep 26 13:25:27 IDT 2025, 181 W
Fri Sep 26 13:25:27 IDT 2025, 206 W
Fri Sep 26 13:25:27 IDT 2025, 166 W
Fri Sep 26 13:25:27 IDT 2025, 182 W
Fri Sep 26 13:25:27 IDT 2025, 196 W
Fri Sep 26 13:25:27 IDT 2025, 180 W
Fri Sep 26 13:25:27 IDT 2025, 164 W
Fri Sep 26 13:25:28 IDT 2025, 183 W
Fri Sep 26 13:25:28 IDT 2025, 184 W
Fri Sep 26 13:25:28 IDT 2025, 219 W
Fri Sep 26 13:25:28 IDT 2025, 174 W
Fri Sep 26 13:25:28 IDT 2025, 182 W
Fri Sep 26 13:25:28 IDT 2025, 203 W
Fri Sep 26 13:25:28 IDT 2025, 182 W
Fri Sep 26 13:25:28 IDT 2025, 175 W
Fri Sep 26 13:25:29 IDT 2025, 161 W
Fri Sep 26 13:25:29 IDT 2025, 165 W
Fri Sep 26 13:25:29 IDT 2025, 187 W
Fri Sep 26 13:25:29 IDT 2025, 154 W
Fri Sep 26 13:25:29 IDT 2025, 157 W
Fri Sep 26 13:25:29 IDT 2025, 189 W
Fri Sep 26 13:25:29 IDT 2025, 169 W
Fri Sep 26 13:25:29 IDT 2025, 151 W
Fri Sep 26 13:25:30 IDT 2025, 178 W
Fri Sep 26 13:25:30 IDT 2025, 182 W
Fri Sep 26 13:25:30 IDT 2025, 217 W
Fri Sep 26 13:25:30 IDT 2025, 168 W
Fri Sep 26 13:25:30 IDT 2025, 179 W
Fri Sep 26 13:25:30 IDT 2025, 208 W
Fri Sep 26 13:25:30 IDT 2025, 182 W
Fri Sep 26 13:25:30 IDT 2025, 166 W
Fri Sep 26 13:25:31 IDT 2025, 176 W
Fri Sep 26 13:25:31 IDT 2025, 172 W
Fri Sep 26 13:25:31 IDT 2025, 207 W
Fri Sep 26 13:25:31 IDT 2025, 171 W
Fri Sep 26 13:25:31 IDT 2025, 181 W
Fri Sep 26 13:25:31 IDT 2025, 198 W
Fri Sep 26 13:25:31 IDT 2025, 179 W
Fri Sep 26 13:25:31 IDT 2025, 162 W
Fri Sep 26 13:25:32 IDT 2025, 177 W
Fri Sep 26 13:25:32 IDT 2025, 187 W
Fri Sep 26 13:25:32 IDT 2025, 209 W
Fri Sep 26 13:25:32 IDT 2025, 172 W
Fri Sep 26 13:25:32 IDT 2025, 182 W
Fri Sep 26 13:25:32 IDT 2025, 204 W
Fri Sep 26 13:25:32 IDT 2025, 194 W
Fri Sep 26 13:25:32 IDT 2025, 166 W
Fri Sep 26 13:25:33 IDT 2025, 175 W
Fri Sep 26 13:25:33 IDT 2025, 183 W
Fri Sep 26 13:25:33 IDT 2025, 208 W
Fri Sep 26 13:25:33 IDT 2025, 163 W
Fri Sep 26 13:25:33 IDT 2025, 179 W
Fri Sep 26 13:25:33 IDT 2025, 199 W
Fri Sep 26 13:25:33 IDT 2025, 177 W
Fri Sep 26 13:25:33 IDT 2025, 157 W
Fri Sep 26 13:25:34 IDT 2025, 169 W
Fri Sep 26 13:25:34 IDT 2025, 176 W
Fri Sep 26 13:25:34 IDT 2025, 201 W
Fri Sep 26 13:25:34 IDT 2025, 163 W
Fri Sep 26 13:25:34 IDT 2025, 167 W
Fri Sep 26 13:25:34 IDT 2025, 195 W
Fri Sep 26 13:25:34 IDT 2025, 173 W
Fri Sep 26 13:25:34 IDT 2025, 153 W
Fri Sep 26 13:25:35 IDT 2025, 180 W
Fri Sep 26 13:25:35 IDT 2025, 180 W
Fri Sep 26 13:25:35 IDT 2025, 203 W
Fri Sep 26 13:25:35 IDT 2025, 176 W
Fri Sep 26 13:25:35 IDT 2025, 182 W
Fri Sep 26 13:25:35 IDT 2025, 192 W
Fri Sep 26 13:25:35 IDT 2025, 177 W
Fri Sep 26 13:25:35 IDT 2025, 164 W
Fri Sep 26 13:25:36 IDT 2025, 167 W
Fri Sep 26 13:25:36 IDT 2025, 164 W
Fri Sep 26 13:25:36 IDT 2025, 195 W
Fri Sep 26 13:25:36 IDT 2025, 157 W
Fri Sep 26 13:25:36 IDT 2025, 155 W
Fri Sep 26 13:25:36 IDT 2025, 193 W
Fri Sep 26 13:25:36 IDT 2025, 172 W
Fri Sep 26 13:25:36 IDT 2025, 155 W
Fri Sep 26 13:25:37 IDT 2025, 180 W
Fri Sep 26 13:25:37 IDT 2025, 165 W
Fri Sep 26 13:25:37 IDT 2025, 212 W
Fri Sep 26 13:25:37 IDT 2025, 170 W
Fri Sep 26 13:25:37 IDT 2025, 180 W
Fri Sep 26 13:25:37 IDT 2025, 204 W
Fri Sep 26 13:25:37 IDT 2025, 177 W
Fri Sep 26 13:25:37 IDT 2025, 162 W
Fri Sep 26 13:25:38 IDT 2025, 170 W
Fri Sep 26 13:25:38 IDT 2025, 176 W
Fri Sep 26 13:25:38 IDT 2025, 203 W
Fri Sep 26 13:25:38 IDT 2025, 169 W
Fri Sep 26 13:25:38 IDT 2025, 163 W
Fri Sep 26 13:25:38 IDT 2025, 209 W
Fri Sep 26 13:25:38 IDT 2025, 184 W
Fri Sep 26 13:25:38 IDT 2025, 165 W
Fri Sep 26 13:25:39 IDT 2025, 171 W
Fri Sep 26 13:25:39 IDT 2025, 164 W
Fri Sep 26 13:25:39 IDT 2025, 201 W
Fri Sep 26 13:25:39 IDT 2025, 167 W
Fri Sep 26 13:25:39 IDT 2025, 164 W
Fri Sep 26 13:25:39 IDT 2025, 200 W
Fri Sep 26 13:25:39 IDT 2025, 175 W
Fri Sep 26 13:25:39 IDT 2025, 152 W
Fri Sep 26 13:25:40 IDT 2025, 190 W
Fri Sep 26 13:25:40 IDT 2025, 187 W
Fri Sep 26 13:25:40 IDT 2025, 211 W
Fri Sep 26 13:25:40 IDT 2025, 168 W
Fri Sep 26 13:25:40 IDT 2025, 184 W
Fri Sep 26 13:25:40 IDT 2025, 207 W
Fri Sep 26 13:25:40 IDT 2025, 189 W
Fri Sep 26 13:25:40 IDT 2025, 170 W
Fri Sep 26 13:25:41 IDT 2025, 162 W
Fri Sep 26 13:25:41 IDT 2025, 166 W
Fri Sep 26 13:25:41 IDT 2025, 203 W
Fri Sep 26 13:25:41 IDT 2025, 157 W
Fri Sep 26 13:25:41 IDT 2025, 159 W
Fri Sep 26 13:25:41 IDT 2025, 192 W
Fri Sep 26 13:25:41 IDT 2025, 166 W
Fri Sep 26 13:25:41 IDT 2025, 155 W
Fri Sep 26 13:25:42 IDT 2025, 184 W
Fri Sep 26 13:25:42 IDT 2025, 183 W
Fri Sep 26 13:25:42 IDT 2025, 213 W
Fri Sep 26 13:25:42 IDT 2025, 181 W
Fri Sep 26 13:25:42 IDT 2025, 178 W
Fri Sep 26 13:25:42 IDT 2025, 204 W
Fri Sep 26 13:25:42 IDT 2025, 187 W
Fri Sep 26 13:25:42 IDT 2025, 164 W
Fri Sep 26 13:25:43 IDT 2025, 185 W
Fri Sep 26 13:25:43 IDT 2025, 179 W
Fri Sep 26 13:25:43 IDT 2025, 214 W
Fri Sep 26 13:25:43 IDT 2025, 179 W
Fri Sep 26 13:25:43 IDT 2025, 181 W
Fri Sep 26 13:25:43 IDT 2025, 213 W
Fri Sep 26 13:25:43 IDT 2025, 183 W
Fri Sep 26 13:25:43 IDT 2025, 172 W
Fri Sep 26 13:25:44 IDT 2025, 169 W
Fri Sep 26 13:25:44 IDT 2025, 157 W
Fri Sep 26 13:25:44 IDT 2025, 199 W
Fri Sep 26 13:25:44 IDT 2025, 162 W
Fri Sep 26 13:25:44 IDT 2025, 175 W
Fri Sep 26 13:25:44 IDT 2025, 195 W
Fri Sep 26 13:25:44 IDT 2025, 174 W
Fri Sep 26 13:25:44 IDT 2025, 158 W
Fri Sep 26 13:25:45 IDT 2025, 183 W
Fri Sep 26 13:25:45 IDT 2025, 174 W
Fri Sep 26 13:25:45 IDT 2025, 209 W
Fri Sep 26 13:25:45 IDT 2025, 176 W
Fri Sep 26 13:25:45 IDT 2025, 179 W
Fri Sep 26 13:25:45 IDT 2025, 228 W
Fri Sep 26 13:25:45 IDT 2025, 177 W
Fri Sep 26 13:25:45 IDT 2025, 165 W
Fri Sep 26 13:25:46 IDT 2025, 189 W
Fri Sep 26 13:25:46 IDT 2025, 185 W
Fri Sep 26 13:25:46 IDT 2025, 209 W
Fri Sep 26 13:25:46 IDT 2025, 177 W
Fri Sep 26 13:25:46 IDT 2025, 194 W
Fri Sep 26 13:25:46 IDT 2025, 211 W
Fri Sep 26 13:25:46 IDT 2025, 195 W
Fri Sep 26 13:25:46 IDT 2025, 169 W
Fri Sep 26 13:25:47 IDT 2025, 184 W
Fri Sep 26 13:25:47 IDT 2025, 177 W
Fri Sep 26 13:25:47 IDT 2025, 217 W
Fri Sep 26 13:25:47 IDT 2025, 181 W
Fri Sep 26 13:25:47 IDT 2025, 185 W
Fri Sep 26 13:25:47 IDT 2025, 213 W
Fri Sep 26 13:25:47 IDT 2025, 185 W
Fri Sep 26 13:25:47 IDT 2025, 166 W
Fri Sep 26 13:25:48 IDT 2025, 175 W
Fri Sep 26 13:25:48 IDT 2025, 181 W
Fri Sep 26 13:25:48 IDT 2025, 221 W
Fri Sep 26 13:25:48 IDT 2025, 176 W
Fri Sep 26 13:25:48 IDT 2025, 180 W
Fri Sep 26 13:25:48 IDT 2025, 210 W
Fri Sep 26 13:25:48 IDT 2025, 192 W
Fri Sep 26 13:25:48 IDT 2025, 171 W
Fri Sep 26 13:25:49 IDT 2025, 177 W
Fri Sep 26 13:25:49 IDT 2025, 162 W
Fri Sep 26 13:25:49 IDT 2025, 208 W
Fri Sep 26 13:25:49 IDT 2025, 163 W
Fri Sep 26 13:25:49 IDT 2025, 167 W
Fri Sep 26 13:25:49 IDT 2025, 193 W
Fri Sep 26 13:25:49 IDT 2025, 180 W
Fri Sep 26 13:25:49 IDT 2025, 153 W
Fri Sep 26 13:25:50 IDT 2025, 168 W
Fri Sep 26 13:25:50 IDT 2025, 171 W
Fri Sep 26 13:25:50 IDT 2025, 202 W
Fri Sep 26 13:25:50 IDT 2025, 167 W
Fri Sep 26 13:25:50 IDT 2025, 164 W
Fri Sep 26 13:25:50 IDT 2025, 202 W
Fri Sep 26 13:25:50 IDT 2025, 174 W
Fri Sep 26 13:25:50 IDT 2025, 156 W
Fri Sep 26 13:25:51 IDT 2025, 183 W
Fri Sep 26 13:25:51 IDT 2025, 177 W
Fri Sep 26 13:25:51 IDT 2025, 196 W
Fri Sep 26 13:25:51 IDT 2025, 173 W
Fri Sep 26 13:25:51 IDT 2025, 185 W
Fri Sep 26 13:25:51 IDT 2025, 212 W
Fri Sep 26 13:25:51 IDT 2025, 182 W
Fri Sep 26 13:25:51 IDT 2025, 170 W
Fri Sep 26 13:25:52 IDT 2025, 170 W
Fri Sep 26 13:25:52 IDT 2025, 165 W
Fri Sep 26 13:25:52 IDT 2025, 202 W
Fri Sep 26 13:25:52 IDT 2025, 161 W
Fri Sep 26 13:25:52 IDT 2025, 158 W
Fri Sep 26 13:25:52 IDT 2025, 188 W
Fri Sep 26 13:25:52 IDT 2025, 178 W
Fri Sep 26 13:25:52 IDT 2025, 159 W
Fri Sep 26 13:25:53 IDT 2025, 160 W
Fri Sep 26 13:25:53 IDT 2025, 153 W
Fri Sep 26 13:25:53 IDT 2025, 182 W
Fri Sep 26 13:25:53 IDT 2025, 149 W
Fri Sep 26 13:25:53 IDT 2025, 151 W
Fri Sep 26 13:25:53 IDT 2025, 176 W
Fri Sep 26 13:25:53 IDT 2025, 156 W
Fri Sep 26 13:25:53 IDT 2025, 143 W
Fri Sep 26 13:25:54 IDT 2025, 168 W
Fri Sep 26 13:25:54 IDT 2025, 175 W
Fri Sep 26 13:25:54 IDT 2025, 199 W
Fri Sep 26 13:25:54 IDT 2025, 158 W
Fri Sep 26 13:25:54 IDT 2025, 161 W
Fri Sep 26 13:25:54 IDT 2025, 195 W
Fri Sep 26 13:25:54 IDT 2025, 168 W
Fri Sep 26 13:25:54 IDT 2025, 153 W
Fri Sep 26 13:25:55 IDT 2025, 172 W
Fri Sep 26 13:25:55 IDT 2025, 176 W
Fri Sep 26 13:25:55 IDT 2025, 204 W
Fri Sep 26 13:25:55 IDT 2025, 163 W
Fri Sep 26 13:25:55 IDT 2025, 172 W
Fri Sep 26 13:25:55 IDT 2025, 205 W
Fri Sep 26 13:25:55 IDT 2025, 174 W
Fri Sep 26 13:25:55 IDT 2025, 155 W
Fri Sep 26 13:25:56 IDT 2025, 182 W
Fri Sep 26 13:25:56 IDT 2025, 176 W
Fri Sep 26 13:25:56 IDT 2025, 207 W
Fri Sep 26 13:25:56 IDT 2025, 173 W
Fri Sep 26 13:25:56 IDT 2025, 172 W
Fri Sep 26 13:25:56 IDT 2025, 202 W
Fri Sep 26 13:25:56 IDT 2025, 178 W
Fri Sep 26 13:25:56 IDT 2025, 164 W
Fri Sep 26 13:25:57 IDT 2025, 190 W
Fri Sep 26 13:25:57 IDT 2025, 189 W
Fri Sep 26 13:25:57 IDT 2025, 217 W
Fri Sep 26 13:25:57 IDT 2025, 166 W
Fri Sep 26 13:25:57 IDT 2025, 171 W
Fri Sep 26 13:25:57 IDT 2025, 209 W
Fri Sep 26 13:25:57 IDT 2025, 182 W
Fri Sep 26 13:25:57 IDT 2025, 161 W
Fri Sep 26 13:25:58 IDT 2025, 172 W
Fri Sep 26 13:25:58 IDT 2025, 179 W
Fri Sep 26 13:25:58 IDT 2025, 210 W
Fri Sep 26 13:25:58 IDT 2025, 167 W
Fri Sep 26 13:25:58 IDT 2025, 177 W
Fri Sep 26 13:25:58 IDT 2025, 213 W
Fri Sep 26 13:25:58 IDT 2025, 185 W
Fri Sep 26 13:25:58 IDT 2025, 159 W
Fri Sep 26 13:25:59 IDT 2025, 173 W
Fri Sep 26 13:25:59 IDT 2025, 167 W
Fri Sep 26 13:25:59 IDT 2025, 210 W
Fri Sep 26 13:25:59 IDT 2025, 163 W
Fri Sep 26 13:25:59 IDT 2025, 170 W
Fri Sep 26 13:25:59 IDT 2025, 202 W
Fri Sep 26 13:25:59 IDT 2025, 188 W
Fri Sep 26 13:25:59 IDT 2025, 160 W
Fri Sep 26 13:26:00 IDT 2025, 176 W
Fri Sep 26 13:26:00 IDT 2025, 175 W
Fri Sep 26 13:26:00 IDT 2025, 208 W
Fri Sep 26 13:26:00 IDT 2025, 174 W
Fri Sep 26 13:26:00 IDT 2025, 173 W
Fri Sep 26 13:26:00 IDT 2025, 207 W
Fri Sep 26 13:26:00 IDT 2025, 186 W
Fri Sep 26 13:26:00 IDT 2025, 170 W
Fri Sep 26 13:26:01 IDT 2025, 189 W
Fri Sep 26 13:26:01 IDT 2025, 179 W
Fri Sep 26 13:26:01 IDT 2025, 211 W
Fri Sep 26 13:26:01 IDT 2025, 178 W
Fri Sep 26 13:26:01 IDT 2025, 174 W
Fri Sep 26 13:26:01 IDT 2025, 206 W
Fri Sep 26 13:26:01 IDT 2025, 189 W
Fri Sep 26 13:26:01 IDT 2025, 165 W
Fri Sep 26 13:26:02 IDT 2025, 171 W
Fri Sep 26 13:26:02 IDT 2025, 178 W
Fri Sep 26 13:26:02 IDT 2025, 208 W
Fri Sep 26 13:26:02 IDT 2025, 174 W
Fri Sep 26 13:26:02 IDT 2025, 167 W
Fri Sep 26 13:26:02 IDT 2025, 208 W
Fri Sep 26 13:26:02 IDT 2025, 185 W
Fri Sep 26 13:26:02 IDT 2025, 170 W
Fri Sep 26 13:26:03 IDT 2025, 166 W
Fri Sep 26 13:26:03 IDT 2025, 171 W
Fri Sep 26 13:26:03 IDT 2025, 201 W
Fri Sep 26 13:26:03 IDT 2025, 161 W
Fri Sep 26 13:26:03 IDT 2025, 158 W
Fri Sep 26 13:26:03 IDT 2025, 198 W
Fri Sep 26 13:26:03 IDT 2025, 183 W
Fri Sep 26 13:26:03 IDT 2025, 154 W
Fri Sep 26 13:26:04 IDT 2025, 183 W
Fri Sep 26 13:26:04 IDT 2025, 183 W
Fri Sep 26 13:26:04 IDT 2025, 212 W
Fri Sep 26 13:26:04 IDT 2025, 168 W
Fri Sep 26 13:26:04 IDT 2025, 173 W
Fri Sep 26 13:26:04 IDT 2025, 197 W
Fri Sep 26 13:26:04 IDT 2025, 182 W
Fri Sep 26 13:26:04 IDT 2025, 168 W
Fri Sep 26 13:26:05 IDT 2025, 169 W
Fri Sep 26 13:26:05 IDT 2025, 170 W
Fri Sep 26 13:26:05 IDT 2025, 198 W
Fri Sep 26 13:26:05 IDT 2025, 163 W
Fri Sep 26 13:26:05 IDT 2025, 165 W
Fri Sep 26 13:26:05 IDT 2025, 201 W
Fri Sep 26 13:26:05 IDT 2025, 169 W
Fri Sep 26 13:26:05 IDT 2025, 156 W
Fri Sep 26 13:26:06 IDT 2025, 177 W
Fri Sep 26 13:26:06 IDT 2025, 187 W
Fri Sep 26 13:26:06 IDT 2025, 219 W
Fri Sep 26 13:26:06 IDT 2025, 172 W
Fri Sep 26 13:26:06 IDT 2025, 172 W
Fri Sep 26 13:26:06 IDT 2025, 203 W
Fri Sep 26 13:26:06 IDT 2025, 182 W
Fri Sep 26 13:26:06 IDT 2025, 164 W
Fri Sep 26 13:26:07 IDT 2025, 173 W
Fri Sep 26 13:26:07 IDT 2025, 180 W
Fri Sep 26 13:26:07 IDT 2025, 200 W
Fri Sep 26 13:26:07 IDT 2025, 166 W
Fri Sep 26 13:26:07 IDT 2025, 163 W
Fri Sep 26 13:26:07 IDT 2025, 196 W
Fri Sep 26 13:26:07 IDT 2025, 177 W
Fri Sep 26 13:26:07 IDT 2025, 158 W
Fri Sep 26 13:26:08 IDT 2025, 168 W
Fri Sep 26 13:26:08 IDT 2025, 173 W
Fri Sep 26 13:26:08 IDT 2025, 201 W
Fri Sep 26 13:26:08 IDT 2025, 163 W
Fri Sep 26 13:26:08 IDT 2025, 160 W
Fri Sep 26 13:26:08 IDT 2025, 198 W
Fri Sep 26 13:26:08 IDT 2025, 180 W
Fri Sep 26 13:26:08 IDT 2025, 158 W
Fri Sep 26 13:26:09 IDT 2025, 179 W
Fri Sep 26 13:26:09 IDT 2025, 176 W
Fri Sep 26 13:26:09 IDT 2025, 202 W
Fri Sep 26 13:26:09 IDT 2025, 166 W
Fri Sep 26 13:26:09 IDT 2025, 174 W
Fri Sep 26 13:26:09 IDT 2025, 205 W
Fri Sep 26 13:26:09 IDT 2025, 179 W
Fri Sep 26 13:26:09 IDT 2025, 159 W
Fri Sep 26 13:26:10 IDT 2025, 164 W
Fri Sep 26 13:26:10 IDT 2025, 160 W
Fri Sep 26 13:26:10 IDT 2025, 190 W
Fri Sep 26 13:26:10 IDT 2025, 165 W
Fri Sep 26 13:26:10 IDT 2025, 151 W
Fri Sep 26 13:26:10 IDT 2025, 194 W
Fri Sep 26 13:26:10 IDT 2025, 164 W
Fri Sep 26 13:26:10 IDT 2025, 146 W
Fri Sep 26 13:26:11 IDT 2025, 168 W
Fri Sep 26 13:26:11 IDT 2025, 174 W
Fri Sep 26 13:26:11 IDT 2025, 197 W
Fri Sep 26 13:26:11 IDT 2025, 164 W
Fri Sep 26 13:26:11 IDT 2025, 173 W
Fri Sep 26 13:26:11 IDT 2025, 193 W
Fri Sep 26 13:26:11 IDT 2025, 173 W
Fri Sep 26 13:26:11 IDT 2025, 143 W
Fri Sep 26 13:26:12 IDT 2025, 178 W
Fri Sep 26 13:26:12 IDT 2025, 179 W
Fri Sep 26 13:26:12 IDT 2025, 215 W
Fri Sep 26 13:26:12 IDT 2025, 167 W
Fri Sep 26 13:26:12 IDT 2025, 174 W
Fri Sep 26 13:26:12 IDT 2025, 192 W
Fri Sep 26 13:26:12 IDT 2025, 181 W
Fri Sep 26 13:26:12 IDT 2025, 155 W
Fri Sep 26 13:26:13 IDT 2025, 184 W
Fri Sep 26 13:26:13 IDT 2025, 184 W
Fri Sep 26 13:26:13 IDT 2025, 205 W
Fri Sep 26 13:26:13 IDT 2025, 167 W
Fri Sep 26 13:26:13 IDT 2025, 176 W
Fri Sep 26 13:26:13 IDT 2025, 195 W
Fri Sep 26 13:26:13 IDT 2025, 173 W
Fri Sep 26 13:26:13 IDT 2025, 162 W
Fri Sep 26 13:26:14 IDT 2025, 171 W
Fri Sep 26 13:26:14 IDT 2025, 177 W
Fri Sep 26 13:26:14 IDT 2025, 201 W
Fri Sep 26 13:26:14 IDT 2025, 170 W
Fri Sep 26 13:26:14 IDT 2025, 168 W
Fri Sep 26 13:26:14 IDT 2025, 206 W
Fri Sep 26 13:26:14 IDT 2025, 171 W
Fri Sep 26 13:26:14 IDT 2025, 154 W
Fri Sep 26 13:26:15 IDT 2025, 185 W
Fri Sep 26 13:26:15 IDT 2025, 181 W
Fri Sep 26 13:26:15 IDT 2025, 210 W
Fri Sep 26 13:26:15 IDT 2025, 173 W
Fri Sep 26 13:26:15 IDT 2025, 171 W
Fri Sep 26 13:26:15 IDT 2025, 201 W
Fri Sep 26 13:26:15 IDT 2025, 190 W
Fri Sep 26 13:26:15 IDT 2025, 169 W
Fri Sep 26 13:26:16 IDT 2025, 184 W
Fri Sep 26 13:26:16 IDT 2025, 180 W
Fri Sep 26 13:26:16 IDT 2025, 209 W
Fri Sep 26 13:26:16 IDT 2025, 171 W
Fri Sep 26 13:26:16 IDT 2025, 181 W
Fri Sep 26 13:26:16 IDT 2025, 195 W
Fri Sep 26 13:26:16 IDT 2025, 178 W
Fri Sep 26 13:26:16 IDT 2025, 164 W
Fri Sep 26 13:26:17 IDT 2025, 186 W
Fri Sep 26 13:26:17 IDT 2025, 181 W
Fri Sep 26 13:26:17 IDT 2025, 212 W
Fri Sep 26 13:26:17 IDT 2025, 172 W
Fri Sep 26 13:26:17 IDT 2025, 175 W
Fri Sep 26 13:26:17 IDT 2025, 201 W
Fri Sep 26 13:26:17 IDT 2025, 194 W
Fri Sep 26 13:26:17 IDT 2025, 169 W
Fri Sep 26 13:26:18 IDT 2025, 152 W
Fri Sep 26 13:26:18 IDT 2025, 146 W
Fri Sep 26 13:26:18 IDT 2025, 176 W
Fri Sep 26 13:26:18 IDT 2025, 148 W
Fri Sep 26 13:26:18 IDT 2025, 152 W
Fri Sep 26 13:26:18 IDT 2025, 187 W
Fri Sep 26 13:26:18 IDT 2025, 152 W
Fri Sep 26 13:26:18 IDT 2025, 138 W
Fri Sep 26 13:26:19 IDT 2025, 196 W
Fri Sep 26 13:26:19 IDT 2025, 192 W
Fri Sep 26 13:26:19 IDT 2025, 233 W
Fri Sep 26 13:26:19 IDT 2025, 183 W
Fri Sep 26 13:26:19 IDT 2025, 204 W
Fri Sep 26 13:26:19 IDT 2025, 222 W
Fri Sep 26 13:26:19 IDT 2025, 196 W
Fri Sep 26 13:26:19 IDT 2025, 176 W
Fri Sep 26 13:26:20 IDT 2025, 184 W
Fri Sep 26 13:26:20 IDT 2025, 182 W
Fri Sep 26 13:26:20 IDT 2025, 210 W
Fri Sep 26 13:26:20 IDT 2025, 174 W
Fri Sep 26 13:26:20 IDT 2025, 183 W
Fri Sep 26 13:26:20 IDT 2025, 204 W
Fri Sep 26 13:26:20 IDT 2025, 182 W
Fri Sep 26 13:26:20 IDT 2025, 158 W
Fri Sep 26 13:26:21 IDT 2025, 158 W
Fri Sep 26 13:26:21 IDT 2025, 164 W
Fri Sep 26 13:26:21 IDT 2025, 192 W
Fri Sep 26 13:26:21 IDT 2025, 149 W
Fri Sep 26 13:26:21 IDT 2025, 147 W
Fri Sep 26 13:26:21 IDT 2025, 190 W
Fri Sep 26 13:26:21 IDT 2025, 163 W
Fri Sep 26 13:26:21 IDT 2025, 147 W
Fri Sep 26 13:26:22 IDT 2025, 179 W
Fri Sep 26 13:26:22 IDT 2025, 181 W
Fri Sep 26 13:26:22 IDT 2025, 214 W
Fri Sep 26 13:26:22 IDT 2025, 182 W
Fri Sep 26 13:26:22 IDT 2025, 179 W
Fri Sep 26 13:26:22 IDT 2025, 196 W
Fri Sep 26 13:26:22 IDT 2025, 191 W
Fri Sep 26 13:26:22 IDT 2025, 170 W
Fri Sep 26 13:26:23 IDT 2025, 173 W
Fri Sep 26 13:26:23 IDT 2025, 179 W
Fri Sep 26 13:26:23 IDT 2025, 208 W
Fri Sep 26 13:26:23 IDT 2025, 175 W
Fri Sep 26 13:26:23 IDT 2025, 185 W
Fri Sep 26 13:26:23 IDT 2025, 205 W
Fri Sep 26 13:26:23 IDT 2025, 184 W
Fri Sep 26 13:26:23 IDT 2025, 167 W
Fri Sep 26 13:26:24 IDT 2025, 172 W
Fri Sep 26 13:26:24 IDT 2025, 181 W
Fri Sep 26 13:26:24 IDT 2025, 206 W
Fri Sep 26 13:26:24 IDT 2025, 167 W
Fri Sep 26 13:26:24 IDT 2025, 176 W
Fri Sep 26 13:26:24 IDT 2025, 190 W
Fri Sep 26 13:26:24 IDT 2025, 183 W
Fri Sep 26 13:26:24 IDT 2025, 172 W
Fri Sep 26 13:26:25 IDT 2025, 181 W
Fri Sep 26 13:26:25 IDT 2025, 177 W
Fri Sep 26 13:26:25 IDT 2025, 214 W
Fri Sep 26 13:26:25 IDT 2025, 174 W
Fri Sep 26 13:26:25 IDT 2025, 181 W
Fri Sep 26 13:26:25 IDT 2025, 196 W
Fri Sep 26 13:26:25 IDT 2025, 175 W
Fri Sep 26 13:26:25 IDT 2025, 170 W
Fri Sep 26 13:26:26 IDT 2025, 169 W
Fri Sep 26 13:26:26 IDT 2025, 161 W
Fri Sep 26 13:26:26 IDT 2025, 195 W
Fri Sep 26 13:26:26 IDT 2025, 153 W
Fri Sep 26 13:26:26 IDT 2025, 162 W
Fri Sep 26 13:26:26 IDT 2025, 189 W
Fri Sep 26 13:26:26 IDT 2025, 159 W
Fri Sep 26 13:26:26 IDT 2025, 146 W
Fri Sep 26 13:26:27 IDT 2025, 191 W
Fri Sep 26 13:26:27 IDT 2025, 186 W
Fri Sep 26 13:26:27 IDT 2025, 216 W
Fri Sep 26 13:26:27 IDT 2025, 173 W
Fri Sep 26 13:26:27 IDT 2025, 177 W
Fri Sep 26 13:26:27 IDT 2025, 213 W
Fri Sep 26 13:26:27 IDT 2025, 189 W
Fri Sep 26 13:26:27 IDT 2025, 167 W
Fri Sep 26 13:26:28 IDT 2025, 182 W
Fri Sep 26 13:26:28 IDT 2025, 179 W
Fri Sep 26 13:26:28 IDT 2025, 208 W
Fri Sep 26 13:26:28 IDT 2025, 177 W
Fri Sep 26 13:26:28 IDT 2025, 178 W
Fri Sep 26 13:26:28 IDT 2025, 204 W
Fri Sep 26 13:26:28 IDT 2025, 180 W
Fri Sep 26 13:26:28 IDT 2025, 164 W
Fri Sep 26 13:26:29 IDT 2025, 173 W
Fri Sep 26 13:26:29 IDT 2025, 172 W
Fri Sep 26 13:26:29 IDT 2025, 208 W
Fri Sep 26 13:26:29 IDT 2025, 168 W
Fri Sep 26 13:26:29 IDT 2025, 168 W
Fri Sep 26 13:26:29 IDT 2025, 199 W
Fri Sep 26 13:26:29 IDT 2025, 178 W
Fri Sep 26 13:26:29 IDT 2025, 159 W
Fri Sep 26 13:26:30 IDT 2025, 172 W
Fri Sep 26 13:26:30 IDT 2025, 173 W
Fri Sep 26 13:26:30 IDT 2025, 214 W
Fri Sep 26 13:26:30 IDT 2025, 156 W
Fri Sep 26 13:26:30 IDT 2025, 179 W
Fri Sep 26 13:26:30 IDT 2025, 210 W
Fri Sep 26 13:26:30 IDT 2025, 171 W
Fri Sep 26 13:26:30 IDT 2025, 160 W
Fri Sep 26 13:26:31 IDT 2025, 173 W
Fri Sep 26 13:26:31 IDT 2025, 170 W
Fri Sep 26 13:26:31 IDT 2025, 203 W
Fri Sep 26 13:26:31 IDT 2025, 164 W
Fri Sep 26 13:26:31 IDT 2025, 170 W
Fri Sep 26 13:26:31 IDT 2025, 199 W
Fri Sep 26 13:26:31 IDT 2025, 172 W
Fri Sep 26 13:26:31 IDT 2025, 166 W
Fri Sep 26 13:26:32 IDT 2025, 162 W
Fri Sep 26 13:26:32 IDT 2025, 160 W
Fri Sep 26 13:26:32 IDT 2025, 200 W
Fri Sep 26 13:26:32 IDT 2025, 153 W
Fri Sep 26 13:26:32 IDT 2025, 155 W
Fri Sep 26 13:26:32 IDT 2025, 198 W
Fri Sep 26 13:26:32 IDT 2025, 166 W
Fri Sep 26 13:26:32 IDT 2025, 148 W
Fri Sep 26 13:26:33 IDT 2025, 171 W
Fri Sep 26 13:26:33 IDT 2025, 174 W
Fri Sep 26 13:26:33 IDT 2025, 212 W
Fri Sep 26 13:26:33 IDT 2025, 163 W
Fri Sep 26 13:26:33 IDT 2025, 166 W
Fri Sep 26 13:26:33 IDT 2025, 200 W
Fri Sep 26 13:26:33 IDT 2025, 173 W
Fri Sep 26 13:26:33 IDT 2025, 158 W
Fri Sep 26 13:26:34 IDT 2025, 175 W
Fri Sep 26 13:26:34 IDT 2025, 168 W
Fri Sep 26 13:26:34 IDT 2025, 198 W
Fri Sep 26 13:26:34 IDT 2025, 167 W
Fri Sep 26 13:26:34 IDT 2025, 159 W
Fri Sep 26 13:26:34 IDT 2025, 205 W
Fri Sep 26 13:26:34 IDT 2025, 183 W
Fri Sep 26 13:26:34 IDT 2025, 154 W
Fri Sep 26 13:26:35 IDT 2025, 151 W
Fri Sep 26 13:26:35 IDT 2025, 165 W
Fri Sep 26 13:26:35 IDT 2025, 187 W
Fri Sep 26 13:26:35 IDT 2025, 155 W
Fri Sep 26 13:26:35 IDT 2025, 164 W
Fri Sep 26 13:26:35 IDT 2025, 182 W
Fri Sep 26 13:26:35 IDT 2025, 172 W
Fri Sep 26 13:26:35 IDT 2025, 152 W
Fri Sep 26 13:26:36 IDT 2025, 183 W
Fri Sep 26 13:26:36 IDT 2025, 166 W
Fri Sep 26 13:26:36 IDT 2025, 203 W
Fri Sep 26 13:26:36 IDT 2025, 155 W
Fri Sep 26 13:26:36 IDT 2025, 163 W
Fri Sep 26 13:26:36 IDT 2025, 191 W
Fri Sep 26 13:26:36 IDT 2025, 165 W
Fri Sep 26 13:26:36 IDT 2025, 148 W
Fri Sep 26 13:26:37 IDT 2025, 181 W
Fri Sep 26 13:26:37 IDT 2025, 181 W
Fri Sep 26 13:26:37 IDT 2025, 208 W
Fri Sep 26 13:26:37 IDT 2025, 169 W
Fri Sep 26 13:26:37 IDT 2025, 165 W
Fri Sep 26 13:26:37 IDT 2025, 209 W
Fri Sep 26 13:26:37 IDT 2025, 179 W
Fri Sep 26 13:26:37 IDT 2025, 162 W
Fri Sep 26 13:26:38 IDT 2025, 176 W
Fri Sep 26 13:26:38 IDT 2025, 170 W
Fri Sep 26 13:26:38 IDT 2025, 210 W
Fri Sep 26 13:26:38 IDT 2025, 169 W
Fri Sep 26 13:26:38 IDT 2025, 177 W
Fri Sep 26 13:26:38 IDT 2025, 212 W
Fri Sep 26 13:26:38 IDT 2025, 170 W
Fri Sep 26 13:26:38 IDT 2025, 159 W
Fri Sep 26 13:26:39 IDT 2025, 179 W
Fri Sep 26 13:26:39 IDT 2025, 189 W
Fri Sep 26 13:26:39 IDT 2025, 213 W
Fri Sep 26 13:26:39 IDT 2025, 173 W
Fri Sep 26 13:26:39 IDT 2025, 183 W
Fri Sep 26 13:26:39 IDT 2025, 217 W
Fri Sep 26 13:26:39 IDT 2025, 184 W
Fri Sep 26 13:26:39 IDT 2025, 175 W
Fri Sep 26 13:26:40 IDT 2025, 173 W
Fri Sep 26 13:26:40 IDT 2025, 179 W
Fri Sep 26 13:26:40 IDT 2025, 198 W
Fri Sep 26 13:26:40 IDT 2025, 163 W
Fri Sep 26 13:26:40 IDT 2025, 170 W
Fri Sep 26 13:26:40 IDT 2025, 210 W
Fri Sep 26 13:26:40 IDT 2025, 174 W
Fri Sep 26 13:26:40 IDT 2025, 156 W
Fri Sep 26 13:26:41 IDT 2025, 177 W
Fri Sep 26 13:26:41 IDT 2025, 173 W
Fri Sep 26 13:26:41 IDT 2025, 207 W
Fri Sep 26 13:26:41 IDT 2025, 169 W
Fri Sep 26 13:26:41 IDT 2025, 177 W
Fri Sep 26 13:26:41 IDT 2025, 202 W
Fri Sep 26 13:26:41 IDT 2025, 178 W
Fri Sep 26 13:26:41 IDT 2025, 168 W
Fri Sep 26 13:26:42 IDT 2025, 165 W
Fri Sep 26 13:26:42 IDT 2025, 180 W
Fri Sep 26 13:26:42 IDT 2025, 202 W
Fri Sep 26 13:26:42 IDT 2025, 167 W
Fri Sep 26 13:26:42 IDT 2025, 174 W
Fri Sep 26 13:26:42 IDT 2025, 207 W
Fri Sep 26 13:26:42 IDT 2025, 160 W
Fri Sep 26 13:26:42 IDT 2025, 162 W
Fri Sep 26 13:26:43 IDT 2025, 176 W
Fri Sep 26 13:26:43 IDT 2025, 185 W
Fri Sep 26 13:26:43 IDT 2025, 205 W
Fri Sep 26 13:26:43 IDT 2025, 173 W
Fri Sep 26 13:26:43 IDT 2025, 183 W
Fri Sep 26 13:26:43 IDT 2025, 214 W
Fri Sep 26 13:26:43 IDT 2025, 182 W
Fri Sep 26 13:26:43 IDT 2025, 159 W
Fri Sep 26 13:26:44 IDT 2025, 187 W
Fri Sep 26 13:26:44 IDT 2025, 185 W
Fri Sep 26 13:26:44 IDT 2025, 213 W
Fri Sep 26 13:26:44 IDT 2025, 170 W
Fri Sep 26 13:26:44 IDT 2025, 182 W
Fri Sep 26 13:26:44 IDT 2025, 202 W
Fri Sep 26 13:26:44 IDT 2025, 173 W
Fri Sep 26 13:26:44 IDT 2025, 170 W
Fri Sep 26 13:26:45 IDT 2025, 186 W
Fri Sep 26 13:26:45 IDT 2025, 187 W
Fri Sep 26 13:26:45 IDT 2025, 213 W
Fri Sep 26 13:26:45 IDT 2025, 179 W
Fri Sep 26 13:26:45 IDT 2025, 176 W
Fri Sep 26 13:26:45 IDT 2025, 213 W
Fri Sep 26 13:26:45 IDT 2025, 167 W
Fri Sep 26 13:26:45 IDT 2025, 166 W
Fri Sep 26 13:26:46 IDT 2025, 179 W
Fri Sep 26 13:26:46 IDT 2025, 184 W
Fri Sep 26 13:26:46 IDT 2025, 205 W
Fri Sep 26 13:26:46 IDT 2025, 168 W
Fri Sep 26 13:26:46 IDT 2025, 178 W
Fri Sep 26 13:26:46 IDT 2025, 204 W
Fri Sep 26 13:26:46 IDT 2025, 177 W
Fri Sep 26 13:26:46 IDT 2025, 160 W
Fri Sep 26 13:26:47 IDT 2025, 172 W
Fri Sep 26 13:26:47 IDT 2025, 180 W
Fri Sep 26 13:26:47 IDT 2025, 201 W
Fri Sep 26 13:26:47 IDT 2025, 165 W
Fri Sep 26 13:26:47 IDT 2025, 170 W
Fri Sep 26 13:26:47 IDT 2025, 209 W
Fri Sep 26 13:26:47 IDT 2025, 176 W
Fri Sep 26 13:26:47 IDT 2025, 161 W
Fri Sep 26 13:26:48 IDT 2025, 179 W
Fri Sep 26 13:26:48 IDT 2025, 178 W
Fri Sep 26 13:26:48 IDT 2025, 211 W
Fri Sep 26 13:26:48 IDT 2025, 171 W
Fri Sep 26 13:26:48 IDT 2025, 170 W
Fri Sep 26 13:26:48 IDT 2025, 206 W
Fri Sep 26 13:26:48 IDT 2025, 189 W
Fri Sep 26 13:26:48 IDT 2025, 161 W
Fri Sep 26 13:26:49 IDT 2025, 173 W
Fri Sep 26 13:26:49 IDT 2025, 174 W
Fri Sep 26 13:26:49 IDT 2025, 200 W
Fri Sep 26 13:26:49 IDT 2025, 169 W
Fri Sep 26 13:26:49 IDT 2025, 170 W
Fri Sep 26 13:26:49 IDT 2025, 206 W
Fri Sep 26 13:26:49 IDT 2025, 172 W
Fri Sep 26 13:26:49 IDT 2025, 160 W
Fri Sep 26 13:26:50 IDT 2025, 176 W
Fri Sep 26 13:26:50 IDT 2025, 173 W
Fri Sep 26 13:26:50 IDT 2025, 204 W
Fri Sep 26 13:26:50 IDT 2025, 163 W
Fri Sep 26 13:26:50 IDT 2025, 165 W
Fri Sep 26 13:26:50 IDT 2025, 202 W
Fri Sep 26 13:26:50 IDT 2025, 182 W
Fri Sep 26 13:26:50 IDT 2025, 156 W
Fri Sep 26 13:26:51 IDT 2025, 176 W
Fri Sep 26 13:26:51 IDT 2025, 175 W
Fri Sep 26 13:26:51 IDT 2025, 210 W
Fri Sep 26 13:26:51 IDT 2025, 173 W
Fri Sep 26 13:26:51 IDT 2025, 167 W
Fri Sep 26 13:26:51 IDT 2025, 206 W
Fri Sep 26 13:26:51 IDT 2025, 181 W
Fri Sep 26 13:26:51 IDT 2025, 162 W
Fri Sep 26 13:26:52 IDT 2025, 173 W
Fri Sep 26 13:26:52 IDT 2025, 180 W
Fri Sep 26 13:26:52 IDT 2025, 205 W
Fri Sep 26 13:26:52 IDT 2025, 166 W
Fri Sep 26 13:26:52 IDT 2025, 170 W
Fri Sep 26 13:26:52 IDT 2025, 198 W
Fri Sep 26 13:26:52 IDT 2025, 181 W
Fri Sep 26 13:26:52 IDT 2025, 161 W
Fri Sep 26 13:26:53 IDT 2025, 167 W
Fri Sep 26 13:26:53 IDT 2025, 159 W
Fri Sep 26 13:26:53 IDT 2025, 195 W
Fri Sep 26 13:26:53 IDT 2025, 157 W
Fri Sep 26 13:26:53 IDT 2025, 161 W
Fri Sep 26 13:26:53 IDT 2025, 192 W
Fri Sep 26 13:26:53 IDT 2025, 174 W
Fri Sep 26 13:26:53 IDT 2025, 153 W
Fri Sep 26 13:26:54 IDT 2025, 167 W
Fri Sep 26 13:26:54 IDT 2025, 182 W
Fri Sep 26 13:26:54 IDT 2025, 199 W
Fri Sep 26 13:26:54 IDT 2025, 164 W
Fri Sep 26 13:26:54 IDT 2025, 160 W
Fri Sep 26 13:26:54 IDT 2025, 202 W
Fri Sep 26 13:26:54 IDT 2025, 173 W
Fri Sep 26 13:26:54 IDT 2025, 155 W
Fri Sep 26 13:26:55 IDT 2025, 168 W
Fri Sep 26 13:26:55 IDT 2025, 168 W
Fri Sep 26 13:26:55 IDT 2025, 205 W
Fri Sep 26 13:26:55 IDT 2025, 164 W
Fri Sep 26 13:26:55 IDT 2025, 163 W
Fri Sep 26 13:26:55 IDT 2025, 192 W
Fri Sep 26 13:26:55 IDT 2025, 177 W
Fri Sep 26 13:26:55 IDT 2025, 153 W
Fri Sep 26 13:26:56 IDT 2025, 166 W
Fri Sep 26 13:26:56 IDT 2025, 167 W
Fri Sep 26 13:26:56 IDT 2025, 193 W
Fri Sep 26 13:26:56 IDT 2025, 164 W
Fri Sep 26 13:26:56 IDT 2025, 160 W
Fri Sep 26 13:26:56 IDT 2025, 190 W
Fri Sep 26 13:26:56 IDT 2025, 177 W
Fri Sep 26 13:26:56 IDT 2025, 151 W
Fri Sep 26 13:26:57 IDT 2025, 166 W
Fri Sep 26 13:26:57 IDT 2025, 166 W
Fri Sep 26 13:26:57 IDT 2025, 200 W
Fri Sep 26 13:26:57 IDT 2025, 157 W
Fri Sep 26 13:26:57 IDT 2025, 158 W
Fri Sep 26 13:26:57 IDT 2025, 195 W
Fri Sep 26 13:26:57 IDT 2025, 174 W
Fri Sep 26 13:26:57 IDT 2025, 154 W
Fri Sep 26 13:26:58 IDT 2025, 179 W
Fri Sep 26 13:26:58 IDT 2025, 180 W
Fri Sep 26 13:26:58 IDT 2025, 211 W
Fri Sep 26 13:26:58 IDT 2025, 171 W
Fri Sep 26 13:26:58 IDT 2025, 170 W
Fri Sep 26 13:26:58 IDT 2025, 220 W
Fri Sep 26 13:26:58 IDT 2025, 179 W
Fri Sep 26 13:26:58 IDT 2025, 169 W
Fri Sep 26 13:26:59 IDT 2025, 175 W
Fri Sep 26 13:26:59 IDT 2025, 173 W
Fri Sep 26 13:26:59 IDT 2025, 207 W
Fri Sep 26 13:26:59 IDT 2025, 165 W
Fri Sep 26 13:26:59 IDT 2025, 167 W
Fri Sep 26 13:26:59 IDT 2025, 198 W
Fri Sep 26 13:26:59 IDT 2025, 180 W
Fri Sep 26 13:26:59 IDT 2025, 153 W
Fri Sep 26 13:27:00 IDT 2025, 177 W
Fri Sep 26 13:27:00 IDT 2025, 160 W
Fri Sep 26 13:27:00 IDT 2025, 211 W
Fri Sep 26 13:27:00 IDT 2025, 162 W
Fri Sep 26 13:27:00 IDT 2025, 164 W
Fri Sep 26 13:27:00 IDT 2025, 206 W
Fri Sep 26 13:27:00 IDT 2025, 178 W
Fri Sep 26 13:27:00 IDT 2025, 156 W
Fri Sep 26 13:27:01 IDT 2025, 188 W
Fri Sep 26 13:27:01 IDT 2025, 166 W
Fri Sep 26 13:27:01 IDT 2025, 196 W
Fri Sep 26 13:27:01 IDT 2025, 172 W
Fri Sep 26 13:27:01 IDT 2025, 171 W
Fri Sep 26 13:27:01 IDT 2025, 195 W
Fri Sep 26 13:27:01 IDT 2025, 180 W
Fri Sep 26 13:27:01 IDT 2025, 153 W
Fri Sep 26 13:27:02 IDT 2025, 179 W
Fri Sep 26 13:27:02 IDT 2025, 183 W
Fri Sep 26 13:27:02 IDT 2025, 214 W
Fri Sep 26 13:27:02 IDT 2025, 181 W
Fri Sep 26 13:27:02 IDT 2025, 173 W
Fri Sep 26 13:27:02 IDT 2025, 211 W
Fri Sep 26 13:27:02 IDT 2025, 188 W
Fri Sep 26 13:27:02 IDT 2025, 167 W
Fri Sep 26 13:27:03 IDT 2025, 186 W
Fri Sep 26 13:27:03 IDT 2025, 188 W
Fri Sep 26 13:27:03 IDT 2025, 211 W
Fri Sep 26 13:27:03 IDT 2025, 182 W
Fri Sep 26 13:27:03 IDT 2025, 174 W
Fri Sep 26 13:27:03 IDT 2025, 213 W
Fri Sep 26 13:27:03 IDT 2025, 189 W
Fri Sep 26 13:27:03 IDT 2025, 165 W
Fri Sep 26 13:27:04 IDT 2025, 182 W
Fri Sep 26 13:27:04 IDT 2025, 177 W
Fri Sep 26 13:27:04 IDT 2025, 210 W
Fri Sep 26 13:27:04 IDT 2025, 170 W
Fri Sep 26 13:27:04 IDT 2025, 169 W
Fri Sep 26 13:27:04 IDT 2025, 209 W
Fri Sep 26 13:27:04 IDT 2025, 187 W
Fri Sep 26 13:27:04 IDT 2025, 166 W
Fri Sep 26 13:27:05 IDT 2025, 171 W
Fri Sep 26 13:27:05 IDT 2025, 175 W
Fri Sep 26 13:27:05 IDT 2025, 209 W
Fri Sep 26 13:27:05 IDT 2025, 164 W
Fri Sep 26 13:27:05 IDT 2025, 169 W
Fri Sep 26 13:27:05 IDT 2025, 207 W
Fri Sep 26 13:27:05 IDT 2025, 174 W
Fri Sep 26 13:27:05 IDT 2025, 161 W
Fri Sep 26 13:27:06 IDT 2025, 180 W
Fri Sep 26 13:27:06 IDT 2025, 172 W
Fri Sep 26 13:27:06 IDT 2025, 204 W
Fri Sep 26 13:27:06 IDT 2025, 170 W
Fri Sep 26 13:27:06 IDT 2025, 181 W
Fri Sep 26 13:27:06 IDT 2025, 202 W
Fri Sep 26 13:27:06 IDT 2025, 175 W
Fri Sep 26 13:27:06 IDT 2025, 160 W
Fri Sep 26 13:27:07 IDT 2025, 173 W
Fri Sep 26 13:27:07 IDT 2025, 162 W
Fri Sep 26 13:27:07 IDT 2025, 210 W
Fri Sep 26 13:27:07 IDT 2025, 171 W
Fri Sep 26 13:27:07 IDT 2025, 172 W
Fri Sep 26 13:27:07 IDT 2025, 215 W
Fri Sep 26 13:27:07 IDT 2025, 183 W
Fri Sep 26 13:27:07 IDT 2025, 165 W
Fri Sep 26 13:27:08 IDT 2025, 175 W
Fri Sep 26 13:27:08 IDT 2025, 171 W
Fri Sep 26 13:27:08 IDT 2025, 211 W
Fri Sep 26 13:27:08 IDT 2025, 167 W
Fri Sep 26 13:27:08 IDT 2025, 179 W
Fri Sep 26 13:27:08 IDT 2025, 205 W
Fri Sep 26 13:27:08 IDT 2025, 183 W
Fri Sep 26 13:27:08 IDT 2025, 154 W
Fri Sep 26 13:27:09 IDT 2025, 170 W
Fri Sep 26 13:27:09 IDT 2025, 176 W
Fri Sep 26 13:27:09 IDT 2025, 208 W
Fri Sep 26 13:27:09 IDT 2025, 171 W
Fri Sep 26 13:27:09 IDT 2025, 179 W
Fri Sep 26 13:27:09 IDT 2025, 206 W
Fri Sep 26 13:27:09 IDT 2025, 182 W
Fri Sep 26 13:27:09 IDT 2025, 163 W
Fri Sep 26 13:27:10 IDT 2025, 153 W
Fri Sep 26 13:27:10 IDT 2025, 161 W
Fri Sep 26 13:27:10 IDT 2025, 191 W
Fri Sep 26 13:27:10 IDT 2025, 153 W
Fri Sep 26 13:27:10 IDT 2025, 157 W
Fri Sep 26 13:27:10 IDT 2025, 194 W
Fri Sep 26 13:27:10 IDT 2025, 162 W
Fri Sep 26 13:27:10 IDT 2025, 148 W
Fri Sep 26 13:27:11 IDT 2025, 170 W
Fri Sep 26 13:27:11 IDT 2025, 172 W
Fri Sep 26 13:27:11 IDT 2025, 198 W
Fri Sep 26 13:27:11 IDT 2025, 164 W
Fri Sep 26 13:27:11 IDT 2025, 172 W
Fri Sep 26 13:27:11 IDT 2025, 200 W
Fri Sep 26 13:27:11 IDT 2025, 175 W
Fri Sep 26 13:27:11 IDT 2025, 146 W
Fri Sep 26 13:27:12 IDT 2025, 175 W
Fri Sep 26 13:27:12 IDT 2025, 166 W
Fri Sep 26 13:27:12 IDT 2025, 191 W
Fri Sep 26 13:27:12 IDT 2025, 157 W
Fri Sep 26 13:27:12 IDT 2025, 154 W
Fri Sep 26 13:27:12 IDT 2025, 188 W
Fri Sep 26 13:27:12 IDT 2025, 175 W
Fri Sep 26 13:27:12 IDT 2025, 147 W
Fri Sep 26 13:27:13 IDT 2025, 169 W
Fri Sep 26 13:27:13 IDT 2025, 158 W
Fri Sep 26 13:27:13 IDT 2025, 193 W
Fri Sep 26 13:27:13 IDT 2025, 147 W
Fri Sep 26 13:27:13 IDT 2025, 155 W
Fri Sep 26 13:27:13 IDT 2025, 200 W
Fri Sep 26 13:27:13 IDT 2025, 169 W
Fri Sep 26 13:27:13 IDT 2025, 146 W
Fri Sep 26 13:27:14 IDT 2025, 179 W
Fri Sep 26 13:27:14 IDT 2025, 179 W
Fri Sep 26 13:27:14 IDT 2025, 212 W
Fri Sep 26 13:27:14 IDT 2025, 176 W
Fri Sep 26 13:27:14 IDT 2025, 169 W
Fri Sep 26 13:27:14 IDT 2025, 203 W
Fri Sep 26 13:27:14 IDT 2025, 184 W
Fri Sep 26 13:27:14 IDT 2025, 167 W
Fri Sep 26 13:27:15 IDT 2025, 175 W
Fri Sep 26 13:27:15 IDT 2025, 174 W
Fri Sep 26 13:27:15 IDT 2025, 211 W
Fri Sep 26 13:27:15 IDT 2025, 173 W
Fri Sep 26 13:27:15 IDT 2025, 171 W
Fri Sep 26 13:27:15 IDT 2025, 201 W
Fri Sep 26 13:27:15 IDT 2025, 180 W
Fri Sep 26 13:27:15 IDT 2025, 161 W
Fri Sep 26 13:27:16 IDT 2025, 167 W
Fri Sep 26 13:27:16 IDT 2025, 167 W
Fri Sep 26 13:27:16 IDT 2025, 201 W
Fri Sep 26 13:27:16 IDT 2025, 167 W
Fri Sep 26 13:27:16 IDT 2025, 165 W
Fri Sep 26 13:27:16 IDT 2025, 200 W
Fri Sep 26 13:27:16 IDT 2025, 173 W
Fri Sep 26 13:27:16 IDT 2025, 152 W
Fri Sep 26 13:27:17 IDT 2025, 182 W
Fri Sep 26 13:27:17 IDT 2025, 178 W
Fri Sep 26 13:27:17 IDT 2025, 214 W
Fri Sep 26 13:27:17 IDT 2025, 169 W
Fri Sep 26 13:27:17 IDT 2025, 173 W
Fri Sep 26 13:27:17 IDT 2025, 210 W
Fri Sep 26 13:27:17 IDT 2025, 191 W
Fri Sep 26 13:27:17 IDT 2025, 157 W
Fri Sep 26 13:27:18 IDT 2025, 161 W
Fri Sep 26 13:27:18 IDT 2025, 173 W
Fri Sep 26 13:27:18 IDT 2025, 190 W
Fri Sep 26 13:27:18 IDT 2025, 142 W
Fri Sep 26 13:27:18 IDT 2025, 160 W
Fri Sep 26 13:27:18 IDT 2025, 192 W
Fri Sep 26 13:27:18 IDT 2025, 164 W
Fri Sep 26 13:27:18 IDT 2025, 142 W
Fri Sep 26 13:27:19 IDT 2025, 174 W
Fri Sep 26 13:27:19 IDT 2025, 183 W
Fri Sep 26 13:27:19 IDT 2025, 203 W
Fri Sep 26 13:27:19 IDT 2025, 166 W
Fri Sep 26 13:27:19 IDT 2025, 182 W
Fri Sep 26 13:27:19 IDT 2025, 207 W
Fri Sep 26 13:27:19 IDT 2025, 181 W
Fri Sep 26 13:27:19 IDT 2025, 164 W
Fri Sep 26 13:27:20 IDT 2025, 194 W
Fri Sep 26 13:27:20 IDT 2025, 177 W
Fri Sep 26 13:27:20 IDT 2025, 209 W
Fri Sep 26 13:27:20 IDT 2025, 168 W
Fri Sep 26 13:27:20 IDT 2025, 184 W
Fri Sep 26 13:27:20 IDT 2025, 209 W
Fri Sep 26 13:27:20 IDT 2025, 180 W
Fri Sep 26 13:27:20 IDT 2025, 159 W
Fri Sep 26 13:27:21 IDT 2025, 186 W
Fri Sep 26 13:27:21 IDT 2025, 180 W
Fri Sep 26 13:27:21 IDT 2025, 214 W
Fri Sep 26 13:27:21 IDT 2025, 162 W
Fri Sep 26 13:27:21 IDT 2025, 189 W
Fri Sep 26 13:27:21 IDT 2025, 207 W
Fri Sep 26 13:27:21 IDT 2025, 191 W
Fri Sep 26 13:27:21 IDT 2025, 170 W
Fri Sep 26 13:27:22 IDT 2025, 186 W
Fri Sep 26 13:27:22 IDT 2025, 180 W
Fri Sep 26 13:27:22 IDT 2025, 216 W
Fri Sep 26 13:27:22 IDT 2025, 170 W
Fri Sep 26 13:27:22 IDT 2025, 185 W
Fri Sep 26 13:27:22 IDT 2025, 208 W
Fri Sep 26 13:27:22 IDT 2025, 185 W
Fri Sep 26 13:27:22 IDT 2025, 163 W
Fri Sep 26 13:27:23 IDT 2025, 187 W
Fri Sep 26 13:27:23 IDT 2025, 177 W
Fri Sep 26 13:27:23 IDT 2025, 209 W
Fri Sep 26 13:27:23 IDT 2025, 164 W
Fri Sep 26 13:27:23 IDT 2025, 182 W
Fri Sep 26 13:27:23 IDT 2025, 206 W
Fri Sep 26 13:27:23 IDT 2025, 185 W
Fri Sep 26 13:27:23 IDT 2025, 165 W
Fri Sep 26 13:27:24 IDT 2025, 181 W
Fri Sep 26 13:27:24 IDT 2025, 178 W
Fri Sep 26 13:27:24 IDT 2025, 212 W
Fri Sep 26 13:27:24 IDT 2025, 171 W
Fri Sep 26 13:27:24 IDT 2025, 181 W
Fri Sep 26 13:27:24 IDT 2025, 213 W
Fri Sep 26 13:27:24 IDT 2025, 185 W
Fri Sep 26 13:27:24 IDT 2025, 162 W
Fri Sep 26 13:27:25 IDT 2025, 176 W
Fri Sep 26 13:27:25 IDT 2025, 179 W
Fri Sep 26 13:27:25 IDT 2025, 210 W
Fri Sep 26 13:27:25 IDT 2025, 169 W
Fri Sep 26 13:27:25 IDT 2025, 186 W
Fri Sep 26 13:27:25 IDT 2025, 210 W
Fri Sep 26 13:27:25 IDT 2025, 184 W
Fri Sep 26 13:27:25 IDT 2025, 164 W
Fri Sep 26 13:27:26 IDT 2025, 168 W
Fri Sep 26 13:27:26 IDT 2025, 176 W
Fri Sep 26 13:27:26 IDT 2025, 206 W
Fri Sep 26 13:27:26 IDT 2025, 174 W
Fri Sep 26 13:27:26 IDT 2025, 167 W
Fri Sep 26 13:27:26 IDT 2025, 199 W
Fri Sep 26 13:27:26 IDT 2025, 188 W
Fri Sep 26 13:27:26 IDT 2025, 162 W
Fri Sep 26 13:27:27 IDT 2025, 173 W
Fri Sep 26 13:27:27 IDT 2025, 181 W
Fri Sep 26 13:27:27 IDT 2025, 216 W
Fri Sep 26 13:27:27 IDT 2025, 153 W
Fri Sep 26 13:27:27 IDT 2025, 171 W
Fri Sep 26 13:27:27 IDT 2025, 196 W
Fri Sep 26 13:27:27 IDT 2025, 175 W
Fri Sep 26 13:27:27 IDT 2025, 156 W
Fri Sep 26 13:27:28 IDT 2025, 183 W
Fri Sep 26 13:27:28 IDT 2025, 170 W
Fri Sep 26 13:27:28 IDT 2025, 206 W
Fri Sep 26 13:27:28 IDT 2025, 163 W
Fri Sep 26 13:27:28 IDT 2025, 183 W
Fri Sep 26 13:27:28 IDT 2025, 206 W
Fri Sep 26 13:27:28 IDT 2025, 185 W
Fri Sep 26 13:27:28 IDT 2025, 152 W
Fri Sep 26 13:27:29 IDT 2025, 165 W
Fri Sep 26 13:27:29 IDT 2025, 172 W
Fri Sep 26 13:27:29 IDT 2025, 207 W
Fri Sep 26 13:27:29 IDT 2025, 173 W
Fri Sep 26 13:27:29 IDT 2025, 179 W
Fri Sep 26 13:27:29 IDT 2025, 203 W
Fri Sep 26 13:27:29 IDT 2025, 186 W
Fri Sep 26 13:27:29 IDT 2025, 165 W
Fri Sep 26 13:27:30 IDT 2025, 174 W
Fri Sep 26 13:27:30 IDT 2025, 173 W
Fri Sep 26 13:27:30 IDT 2025, 204 W
Fri Sep 26 13:27:30 IDT 2025, 173 W
Fri Sep 26 13:27:30 IDT 2025, 181 W
Fri Sep 26 13:27:30 IDT 2025, 210 W
Fri Sep 26 13:27:30 IDT 2025, 182 W
Fri Sep 26 13:27:30 IDT 2025, 171 W
Fri Sep 26 13:27:31 IDT 2025, 164 W
Fri Sep 26 13:27:31 IDT 2025, 182 W
Fri Sep 26 13:27:31 IDT 2025, 213 W
Fri Sep 26 13:27:31 IDT 2025, 179 W
Fri Sep 26 13:27:31 IDT 2025, 177 W
Fri Sep 26 13:27:31 IDT 2025, 206 W
Fri Sep 26 13:27:31 IDT 2025, 189 W
Fri Sep 26 13:27:31 IDT 2025, 157 W
Fri Sep 26 13:27:32 IDT 2025, 172 W
Fri Sep 26 13:27:32 IDT 2025, 176 W
Fri Sep 26 13:27:32 IDT 2025, 216 W
Fri Sep 26 13:27:32 IDT 2025, 168 W
Fri Sep 26 13:27:32 IDT 2025, 166 W
Fri Sep 26 13:27:32 IDT 2025, 206 W
Fri Sep 26 13:27:32 IDT 2025, 174 W
Fri Sep 26 13:27:32 IDT 2025, 157 W
Fri Sep 26 13:27:33 IDT 2025, 189 W
Fri Sep 26 13:27:33 IDT 2025, 181 W
Fri Sep 26 13:27:33 IDT 2025, 212 W
Fri Sep 26 13:27:33 IDT 2025, 179 W
Fri Sep 26 13:27:33 IDT 2025, 178 W
Fri Sep 26 13:27:33 IDT 2025, 222 W
Fri Sep 26 13:27:33 IDT 2025, 192 W
Fri Sep 26 13:27:33 IDT 2025, 167 W
Fri Sep 26 13:27:34 IDT 2025, 175 W
Fri Sep 26 13:27:34 IDT 2025, 173 W
Fri Sep 26 13:27:34 IDT 2025, 216 W
Fri Sep 26 13:27:34 IDT 2025, 167 W
Fri Sep 26 13:27:34 IDT 2025, 165 W
Fri Sep 26 13:27:34 IDT 2025, 201 W
Fri Sep 26 13:27:34 IDT 2025, 183 W
Fri Sep 26 13:27:34 IDT 2025, 158 W
Fri Sep 26 13:27:35 IDT 2025, 181 W
Fri Sep 26 13:27:35 IDT 2025, 182 W
Fri Sep 26 13:27:35 IDT 2025, 218 W
Fri Sep 26 13:27:35 IDT 2025, 171 W
Fri Sep 26 13:27:35 IDT 2025, 180 W
Fri Sep 26 13:27:35 IDT 2025, 212 W
Fri Sep 26 13:27:35 IDT 2025, 190 W
Fri Sep 26 13:27:35 IDT 2025, 159 W
Fri Sep 26 13:27:36 IDT 2025, 169 W
Fri Sep 26 13:27:36 IDT 2025, 168 W
Fri Sep 26 13:27:36 IDT 2025, 207 W
Fri Sep 26 13:27:36 IDT 2025, 166 W
Fri Sep 26 13:27:36 IDT 2025, 169 W
Fri Sep 26 13:27:36 IDT 2025, 202 W
Fri Sep 26 13:27:36 IDT 2025, 175 W
Fri Sep 26 13:27:36 IDT 2025, 169 W
Fri Sep 26 13:27:37 IDT 2025, 174 W
Fri Sep 26 13:27:37 IDT 2025, 170 W
Fri Sep 26 13:27:37 IDT 2025, 207 W
Fri Sep 26 13:27:37 IDT 2025, 166 W
Fri Sep 26 13:27:37 IDT 2025, 173 W
Fri Sep 26 13:27:37 IDT 2025, 200 W
Fri Sep 26 13:27:37 IDT 2025, 176 W
Fri Sep 26 13:27:37 IDT 2025, 144 W
Fri Sep 26 13:27:38 IDT 2025, 171 W
Fri Sep 26 13:27:38 IDT 2025, 175 W
Fri Sep 26 13:27:38 IDT 2025, 217 W
Fri Sep 26 13:27:38 IDT 2025, 171 W
Fri Sep 26 13:27:38 IDT 2025, 171 W
Fri Sep 26 13:27:38 IDT 2025, 200 W
Fri Sep 26 13:27:38 IDT 2025, 180 W
Fri Sep 26 13:27:38 IDT 2025, 163 W
Fri Sep 26 13:27:39 IDT 2025, 173 W
Fri Sep 26 13:27:39 IDT 2025, 168 W
Fri Sep 26 13:27:39 IDT 2025, 210 W
Fri Sep 26 13:27:39 IDT 2025, 159 W
Fri Sep 26 13:27:39 IDT 2025, 157 W
Fri Sep 26 13:27:39 IDT 2025, 205 W
Fri Sep 26 13:27:39 IDT 2025, 172 W
Fri Sep 26 13:27:39 IDT 2025, 152 W
Fri Sep 26 13:27:40 IDT 2025, 184 W
Fri Sep 26 13:27:40 IDT 2025, 184 W
Fri Sep 26 13:27:40 IDT 2025, 203 W
Fri Sep 26 13:27:40 IDT 2025, 177 W
Fri Sep 26 13:27:40 IDT 2025, 185 W
Fri Sep 26 13:27:40 IDT 2025, 213 W
Fri Sep 26 13:27:40 IDT 2025, 188 W
Fri Sep 26 13:27:40 IDT 2025, 163 W
Fri Sep 26 13:27:41 IDT 2025, 189 W
Fri Sep 26 13:27:41 IDT 2025, 189 W
Fri Sep 26 13:27:41 IDT 2025, 195 W
Fri Sep 26 13:27:41 IDT 2025, 175 W
Fri Sep 26 13:27:41 IDT 2025, 187 W
Fri Sep 26 13:27:41 IDT 2025, 215 W
Fri Sep 26 13:27:41 IDT 2025, 185 W
Fri Sep 26 13:27:41 IDT 2025, 170 W
Fri Sep 26 13:27:42 IDT 2025, 179 W
Fri Sep 26 13:27:42 IDT 2025, 180 W
Fri Sep 26 13:27:42 IDT 2025, 204 W
Fri Sep 26 13:27:42 IDT 2025, 173 W
Fri Sep 26 13:27:42 IDT 2025, 181 W
Fri Sep 26 13:27:42 IDT 2025, 204 W
Fri Sep 26 13:27:42 IDT 2025, 186 W
Fri Sep 26 13:27:42 IDT 2025, 170 W
Fri Sep 26 13:27:43 IDT 2025, 181 W
Fri Sep 26 13:27:43 IDT 2025, 168 W
Fri Sep 26 13:27:43 IDT 2025, 216 W
Fri Sep 26 13:27:43 IDT 2025, 170 W
Fri Sep 26 13:27:43 IDT 2025, 185 W
Fri Sep 26 13:27:43 IDT 2025, 209 W
Fri Sep 26 13:27:43 IDT 2025, 192 W
Fri Sep 26 13:27:43 IDT 2025, 168 W
Fri Sep 26 13:27:44 IDT 2025, 179 W
Fri Sep 26 13:27:44 IDT 2025, 189 W
Fri Sep 26 13:27:44 IDT 2025, 212 W
Fri Sep 26 13:27:44 IDT 2025, 176 W
Fri Sep 26 13:27:44 IDT 2025, 184 W
Fri Sep 26 13:27:44 IDT 2025, 210 W
Fri Sep 26 13:27:44 IDT 2025, 182 W
Fri Sep 26 13:27:44 IDT 2025, 170 W
Fri Sep 26 13:27:45 IDT 2025, 176 W
Fri Sep 26 13:27:45 IDT 2025, 172 W
Fri Sep 26 13:27:45 IDT 2025, 201 W
Fri Sep 26 13:27:45 IDT 2025, 169 W
Fri Sep 26 13:27:45 IDT 2025, 174 W
Fri Sep 26 13:27:45 IDT 2025, 197 W
Fri Sep 26 13:27:45 IDT 2025, 177 W
Fri Sep 26 13:27:45 IDT 2025, 158 W
Fri Sep 26 13:27:46 IDT 2025, 169 W
Fri Sep 26 13:27:46 IDT 2025, 176 W
Fri Sep 26 13:27:46 IDT 2025, 209 W
Fri Sep 26 13:27:46 IDT 2025, 167 W
Fri Sep 26 13:27:46 IDT 2025, 169 W
Fri Sep 26 13:27:46 IDT 2025, 202 W
Fri Sep 26 13:27:46 IDT 2025, 173 W
Fri Sep 26 13:27:46 IDT 2025, 167 W
Fri Sep 26 13:27:47 IDT 2025, 177 W
Fri Sep 26 13:27:47 IDT 2025, 186 W
Fri Sep 26 13:27:47 IDT 2025, 222 W
Fri Sep 26 13:27:47 IDT 2025, 179 W
Fri Sep 26 13:27:47 IDT 2025, 184 W
Fri Sep 26 13:27:47 IDT 2025, 208 W
Fri Sep 26 13:27:47 IDT 2025, 187 W
Fri Sep 26 13:27:47 IDT 2025, 172 W
Fri Sep 26 13:27:48 IDT 2025, 159 W
Fri Sep 26 13:27:48 IDT 2025, 170 W
Fri Sep 26 13:27:48 IDT 2025, 199 W
Fri Sep 26 13:27:48 IDT 2025, 148 W
Fri Sep 26 13:27:48 IDT 2025, 164 W
Fri Sep 26 13:27:48 IDT 2025, 188 W
Fri Sep 26 13:27:48 IDT 2025, 166 W
Fri Sep 26 13:27:48 IDT 2025, 154 W
Fri Sep 26 13:27:49 IDT 2025, 163 W
Fri Sep 26 13:27:49 IDT 2025, 165 W
Fri Sep 26 13:27:49 IDT 2025, 195 W
Fri Sep 26 13:27:49 IDT 2025, 153 W
Fri Sep 26 13:27:49 IDT 2025, 154 W
Fri Sep 26 13:27:49 IDT 2025, 202 W
Fri Sep 26 13:27:49 IDT 2025, 168 W
Fri Sep 26 13:27:49 IDT 2025, 149 W
Fri Sep 26 13:27:50 IDT 2025, 157 W
Fri Sep 26 13:27:50 IDT 2025, 156 W
Fri Sep 26 13:27:50 IDT 2025, 182 W
Fri Sep 26 13:27:50 IDT 2025, 151 W
Fri Sep 26 13:27:50 IDT 2025, 153 W
Fri Sep 26 13:27:50 IDT 2025, 184 W
Fri Sep 26 13:27:50 IDT 2025, 162 W
Fri Sep 26 13:27:50 IDT 2025, 141 W
Fri Sep 26 13:27:51 IDT 2025, 170 W
Fri Sep 26 13:27:51 IDT 2025, 176 W
Fri Sep 26 13:27:51 IDT 2025, 208 W
Fri Sep 26 13:27:51 IDT 2025, 164 W
Fri Sep 26 13:27:51 IDT 2025, 167 W
Fri Sep 26 13:27:51 IDT 2025, 204 W
Fri Sep 26 13:27:51 IDT 2025, 174 W
Fri Sep 26 13:27:51 IDT 2025, 154 W
Fri Sep 26 13:27:52 IDT 2025, 182 W
Fri Sep 26 13:27:52 IDT 2025, 183 W
Fri Sep 26 13:27:52 IDT 2025, 211 W
Fri Sep 26 13:27:52 IDT 2025, 173 W
Fri Sep 26 13:27:52 IDT 2025, 179 W
Fri Sep 26 13:27:52 IDT 2025, 206 W
Fri Sep 26 13:27:52 IDT 2025, 183 W
Fri Sep 26 13:27:52 IDT 2025, 170 W
Fri Sep 26 13:27:53 IDT 2025, 173 W
Fri Sep 26 13:27:53 IDT 2025, 169 W
Fri Sep 26 13:27:53 IDT 2025, 200 W
Fri Sep 26 13:27:53 IDT 2025, 165 W
Fri Sep 26 13:27:53 IDT 2025, 159 W
Fri Sep 26 13:27:53 IDT 2025, 205 W
Fri Sep 26 13:27:53 IDT 2025, 175 W
Fri Sep 26 13:27:53 IDT 2025, 153 W
Fri Sep 26 13:27:54 IDT 2025, 179 W
Fri Sep 26 13:27:54 IDT 2025, 182 W
Fri Sep 26 13:27:54 IDT 2025, 212 W
Fri Sep 26 13:27:54 IDT 2025, 171 W
Fri Sep 26 13:27:54 IDT 2025, 176 W
Fri Sep 26 13:27:54 IDT 2025, 212 W
Fri Sep 26 13:27:54 IDT 2025, 186 W
Fri Sep 26 13:27:54 IDT 2025, 166 W
Fri Sep 26 13:27:55 IDT 2025, 187 W
Fri Sep 26 13:27:55 IDT 2025, 180 W
Fri Sep 26 13:27:55 IDT 2025, 210 W
Fri Sep 26 13:27:55 IDT 2025, 176 W
Fri Sep 26 13:27:55 IDT 2025, 172 W
Fri Sep 26 13:27:55 IDT 2025, 208 W
Fri Sep 26 13:27:55 IDT 2025, 182 W
Fri Sep 26 13:27:55 IDT 2025, 172 W
Fri Sep 26 13:27:56 IDT 2025, 192 W
Fri Sep 26 13:27:56 IDT 2025, 189 W
Fri Sep 26 13:27:56 IDT 2025, 213 W
Fri Sep 26 13:27:56 IDT 2025, 174 W
Fri Sep 26 13:27:56 IDT 2025, 177 W
Fri Sep 26 13:27:56 IDT 2025, 208 W
Fri Sep 26 13:27:56 IDT 2025, 184 W
Fri Sep 26 13:27:56 IDT 2025, 163 W
Fri Sep 26 13:27:57 IDT 2025, 170 W
Fri Sep 26 13:27:57 IDT 2025, 162 W
Fri Sep 26 13:27:57 IDT 2025, 215 W
Fri Sep 26 13:27:57 IDT 2025, 158 W
Fri Sep 26 13:27:57 IDT 2025, 160 W
Fri Sep 26 13:27:57 IDT 2025, 199 W
Fri Sep 26 13:27:57 IDT 2025, 172 W
Fri Sep 26 13:27:57 IDT 2025, 149 W
Fri Sep 26 13:27:58 IDT 2025, 160 W
Fri Sep 26 13:27:58 IDT 2025, 158 W
Fri Sep 26 13:27:58 IDT 2025, 187 W
Fri Sep 26 13:27:58 IDT 2025, 155 W
Fri Sep 26 13:27:58 IDT 2025, 157 W
Fri Sep 26 13:27:58 IDT 2025, 183 W
Fri Sep 26 13:27:58 IDT 2025, 159 W
Fri Sep 26 13:27:58 IDT 2025, 143 W
Fri Sep 26 13:27:59 IDT 2025, 177 W
Fri Sep 26 13:27:59 IDT 2025, 174 W
Fri Sep 26 13:27:59 IDT 2025, 217 W
Fri Sep 26 13:27:59 IDT 2025, 179 W
Fri Sep 26 13:27:59 IDT 2025, 186 W
Fri Sep 26 13:27:59 IDT 2025, 208 W
Fri Sep 26 13:27:59 IDT 2025, 189 W
Fri Sep 26 13:27:59 IDT 2025, 167 W
Fri Sep 26 13:28:00 IDT 2025, 182 W
Fri Sep 26 13:28:00 IDT 2025, 181 W
Fri Sep 26 13:28:00 IDT 2025, 213 W
Fri Sep 26 13:28:00 IDT 2025, 179 W
Fri Sep 26 13:28:00 IDT 2025, 175 W
Fri Sep 26 13:28:00 IDT 2025, 213 W
Fri Sep 26 13:28:00 IDT 2025, 187 W
Fri Sep 26 13:28:00 IDT 2025, 171 W
Fri Sep 26 13:28:01 IDT 2025, 188 W
Fri Sep 26 13:28:01 IDT 2025, 180 W
Fri Sep 26 13:28:01 IDT 2025, 219 W
Fri Sep 26 13:28:01 IDT 2025, 178 W
Fri Sep 26 13:28:01 IDT 2025, 176 W
Fri Sep 26 13:28:01 IDT 2025, 204 W
Fri Sep 26 13:28:01 IDT 2025, 192 W
Fri Sep 26 13:28:01 IDT 2025, 160 W
Fri Sep 26 13:28:02 IDT 2025, 179 W
Fri Sep 26 13:28:02 IDT 2025, 176 W
Fri Sep 26 13:28:02 IDT 2025, 203 W
Fri Sep 26 13:28:02 IDT 2025, 166 W
Fri Sep 26 13:28:02 IDT 2025, 165 W
Fri Sep 26 13:28:02 IDT 2025, 201 W
Fri Sep 26 13:28:02 IDT 2025, 187 W
Fri Sep 26 13:28:02 IDT 2025, 163 W
Fri Sep 26 13:28:03 IDT 2025, 173 W
Fri Sep 26 13:28:03 IDT 2025, 190 W
Fri Sep 26 13:28:03 IDT 2025, 214 W
Fri Sep 26 13:28:03 IDT 2025, 176 W
Fri Sep 26 13:28:03 IDT 2025, 182 W
Fri Sep 26 13:28:03 IDT 2025, 212 W
Fri Sep 26 13:28:03 IDT 2025, 183 W
Fri Sep 26 13:28:03 IDT 2025, 168 W
Fri Sep 26 13:28:04 IDT 2025, 178 W
Fri Sep 26 13:28:04 IDT 2025, 171 W
Fri Sep 26 13:28:04 IDT 2025, 205 W
Fri Sep 26 13:28:04 IDT 2025, 174 W
Fri Sep 26 13:28:04 IDT 2025, 176 W
Fri Sep 26 13:28:04 IDT 2025, 211 W
Fri Sep 26 13:28:04 IDT 2025, 175 W
Fri Sep 26 13:28:04 IDT 2025, 166 W
Fri Sep 26 13:28:05 IDT 2025, 175 W
Fri Sep 26 13:28:05 IDT 2025, 174 W
Fri Sep 26 13:28:05 IDT 2025, 206 W
Fri Sep 26 13:28:05 IDT 2025, 166 W
Fri Sep 26 13:28:05 IDT 2025, 171 W
Fri Sep 26 13:28:05 IDT 2025, 209 W
Fri Sep 26 13:28:05 IDT 2025, 180 W
Fri Sep 26 13:28:05 IDT 2025, 163 W
Fri Sep 26 13:28:06 IDT 2025, 164 W
Fri Sep 26 13:28:06 IDT 2025, 166 W
Fri Sep 26 13:28:06 IDT 2025, 196 W
Fri Sep 26 13:28:06 IDT 2025, 164 W
Fri Sep 26 13:28:06 IDT 2025, 168 W
Fri Sep 26 13:28:06 IDT 2025, 197 W
Fri Sep 26 13:28:06 IDT 2025, 170 W
Fri Sep 26 13:28:06 IDT 2025, 154 W
Fri Sep 26 13:28:07 IDT 2025, 160 W
Fri Sep 26 13:28:07 IDT 2025, 165 W
Fri Sep 26 13:28:07 IDT 2025, 200 W
Fri Sep 26 13:28:07 IDT 2025, 156 W
Fri Sep 26 13:28:07 IDT 2025, 165 W
Fri Sep 26 13:28:07 IDT 2025, 204 W
Fri Sep 26 13:28:07 IDT 2025, 170 W
Fri Sep 26 13:28:07 IDT 2025, 154 W
Fri Sep 26 13:28:08 IDT 2025, 163 W
Fri Sep 26 13:28:08 IDT 2025, 162 W
Fri Sep 26 13:28:08 IDT 2025, 194 W
Fri Sep 26 13:28:08 IDT 2025, 159 W
Fri Sep 26 13:28:08 IDT 2025, 160 W
Fri Sep 26 13:28:08 IDT 2025, 195 W
Fri Sep 26 13:28:08 IDT 2025, 171 W
Fri Sep 26 13:28:08 IDT 2025, 150 W
Fri Sep 26 13:28:09 IDT 2025, 180 W
Fri Sep 26 13:28:09 IDT 2025, 174 W
Fri Sep 26 13:28:09 IDT 2025, 216 W
Fri Sep 26 13:28:09 IDT 2025, 182 W
Fri Sep 26 13:28:09 IDT 2025, 188 W
Fri Sep 26 13:28:09 IDT 2025, 206 W
Fri Sep 26 13:28:09 IDT 2025, 177 W
Fri Sep 26 13:28:09 IDT 2025, 168 W
Fri Sep 26 13:28:10 IDT 2025, 183 W
Fri Sep 26 13:28:10 IDT 2025, 184 W
Fri Sep 26 13:28:10 IDT 2025, 213 W
Fri Sep 26 13:28:10 IDT 2025, 176 W
Fri Sep 26 13:28:10 IDT 2025, 184 W
Fri Sep 26 13:28:10 IDT 2025, 207 W
Fri Sep 26 13:28:10 IDT 2025, 179 W
Fri Sep 26 13:28:10 IDT 2025, 171 W
Fri Sep 26 13:28:11 IDT 2025, 164 W
Fri Sep 26 13:28:11 IDT 2025, 172 W
Fri Sep 26 13:28:11 IDT 2025, 198 W
Fri Sep 26 13:28:11 IDT 2025, 171 W
Fri Sep 26 13:28:11 IDT 2025, 170 W
Fri Sep 26 13:28:11 IDT 2025, 198 W
Fri Sep 26 13:28:11 IDT 2025, 168 W
Fri Sep 26 13:28:11 IDT 2025, 160 W
Fri Sep 26 13:28:12 IDT 2025, 175 W
Fri Sep 26 13:28:12 IDT 2025, 175 W
Fri Sep 26 13:28:12 IDT 2025, 204 W
Fri Sep 26 13:28:12 IDT 2025, 166 W
Fri Sep 26 13:28:12 IDT 2025, 171 W
Fri Sep 26 13:28:12 IDT 2025, 211 W
Fri Sep 26 13:28:12 IDT 2025, 168 W
Fri Sep 26 13:28:12 IDT 2025, 161 W
Fri Sep 26 13:28:13 IDT 2025, 173 W
Fri Sep 26 13:28:13 IDT 2025, 163 W
Fri Sep 26 13:28:13 IDT 2025, 213 W
Fri Sep 26 13:28:13 IDT 2025, 166 W
Fri Sep 26 13:28:13 IDT 2025, 168 W
Fri Sep 26 13:28:13 IDT 2025, 206 W
Fri Sep 26 13:28:13 IDT 2025, 181 W
Fri Sep 26 13:28:13 IDT 2025, 160 W
Fri Sep 26 13:28:14 IDT 2025, 181 W
Fri Sep 26 13:28:14 IDT 2025, 159 W
Fri Sep 26 13:28:14 IDT 2025, 195 W
Fri Sep 26 13:28:14 IDT 2025, 166 W
Fri Sep 26 13:28:14 IDT 2025, 167 W
Fri Sep 26 13:28:14 IDT 2025, 191 W
Fri Sep 26 13:28:14 IDT 2025, 168 W
Fri Sep 26 13:28:14 IDT 2025, 155 W
Fri Sep 26 13:28:15 IDT 2025, 188 W
Fri Sep 26 13:28:15 IDT 2025, 177 W
Fri Sep 26 13:28:15 IDT 2025, 219 W
Fri Sep 26 13:28:15 IDT 2025, 177 W
Fri Sep 26 13:28:15 IDT 2025, 186 W
Fri Sep 26 13:28:15 IDT 2025, 206 W
Fri Sep 26 13:28:15 IDT 2025, 188 W
Fri Sep 26 13:28:15 IDT 2025, 165 W
Fri Sep 26 13:28:16 IDT 2025, 181 W
Fri Sep 26 13:28:16 IDT 2025, 175 W
Fri Sep 26 13:28:16 IDT 2025, 214 W
Fri Sep 26 13:28:16 IDT 2025, 179 W
Fri Sep 26 13:28:16 IDT 2025, 178 W
Fri Sep 26 13:28:16 IDT 2025, 208 W
Fri Sep 26 13:28:16 IDT 2025, 190 W
Fri Sep 26 13:28:16 IDT 2025, 173 W
Fri Sep 26 13:28:17 IDT 2025, 191 W
Fri Sep 26 13:28:17 IDT 2025, 197 W
Fri Sep 26 13:28:17 IDT 2025, 224 W
Fri Sep 26 13:28:17 IDT 2025, 185 W
Fri Sep 26 13:28:17 IDT 2025, 209 W
Fri Sep 26 13:28:17 IDT 2025, 223 W
Fri Sep 26 13:28:17 IDT 2025, 190 W
Fri Sep 26 13:28:17 IDT 2025, 180 W
Fri Sep 26 13:28:18 IDT 2025, 172 W
Fri Sep 26 13:28:18 IDT 2025, 160 W
Fri Sep 26 13:28:18 IDT 2025, 201 W
Fri Sep 26 13:28:18 IDT 2025, 157 W
Fri Sep 26 13:28:18 IDT 2025, 172 W
Fri Sep 26 13:28:18 IDT 2025, 200 W
Fri Sep 26 13:28:18 IDT 2025, 170 W
Fri Sep 26 13:28:18 IDT 2025, 155 W
Fri Sep 26 13:28:19 IDT 2025, 181 W
Fri Sep 26 13:28:19 IDT 2025, 181 W
Fri Sep 26 13:28:19 IDT 2025, 214 W
Fri Sep 26 13:28:19 IDT 2025, 177 W
Fri Sep 26 13:28:19 IDT 2025, 171 W
Fri Sep 26 13:28:19 IDT 2025, 213 W
Fri Sep 26 13:28:19 IDT 2025, 186 W
Fri Sep 26 13:28:19 IDT 2025, 169 W
Fri Sep 26 13:28:20 IDT 2025, 182 W
Fri Sep 26 13:28:20 IDT 2025, 181 W
Fri Sep 26 13:28:20 IDT 2025, 207 W
Fri Sep 26 13:28:20 IDT 2025, 174 W
Fri Sep 26 13:28:20 IDT 2025, 179 W
Fri Sep 26 13:28:20 IDT 2025, 203 W
Fri Sep 26 13:28:20 IDT 2025, 182 W
Fri Sep 26 13:28:20 IDT 2025, 171 W
Fri Sep 26 13:28:21 IDT 2025, 162 W
Fri Sep 26 13:28:21 IDT 2025, 156 W
Fri Sep 26 13:28:21 IDT 2025, 198 W
Fri Sep 26 13:28:21 IDT 2025, 161 W
Fri Sep 26 13:28:21 IDT 2025, 161 W
Fri Sep 26 13:28:21 IDT 2025, 186 W
Fri Sep 26 13:28:21 IDT 2025, 165 W
Fri Sep 26 13:28:21 IDT 2025, 156 W
Fri Sep 26 13:28:22 IDT 2025, 172 W
Fri Sep 26 13:28:22 IDT 2025, 164 W
Fri Sep 26 13:28:22 IDT 2025, 196 W
Fri Sep 26 13:28:22 IDT 2025, 160 W
Fri Sep 26 13:28:22 IDT 2025, 168 W
Fri Sep 26 13:28:22 IDT 2025, 209 W
Fri Sep 26 13:28:22 IDT 2025, 167 W
Fri Sep 26 13:28:22 IDT 2025, 156 W
Fri Sep 26 13:28:23 IDT 2025, 180 W
Fri Sep 26 13:28:23 IDT 2025, 177 W
Fri Sep 26 13:28:23 IDT 2025, 205 W
Fri Sep 26 13:28:23 IDT 2025, 174 W
Fri Sep 26 13:28:23 IDT 2025, 171 W
Fri Sep 26 13:28:23 IDT 2025, 204 W
Fri Sep 26 13:28:23 IDT 2025, 189 W
Fri Sep 26 13:28:23 IDT 2025, 159 W
Fri Sep 26 13:28:24 IDT 2025, 165 W
Fri Sep 26 13:28:24 IDT 2025, 171 W
Fri Sep 26 13:28:24 IDT 2025, 199 W
Fri Sep 26 13:28:24 IDT 2025, 175 W
Fri Sep 26 13:28:24 IDT 2025, 169 W
Fri Sep 26 13:28:24 IDT 2025, 197 W
Fri Sep 26 13:28:24 IDT 2025, 170 W
Fri Sep 26 13:28:24 IDT 2025, 147 W
Fri Sep 26 13:28:25 IDT 2025, 155 W
Fri Sep 26 13:28:25 IDT 2025, 169 W
Fri Sep 26 13:28:25 IDT 2025, 190 W
Fri Sep 26 13:28:25 IDT 2025, 162 W
Fri Sep 26 13:28:25 IDT 2025, 169 W
Fri Sep 26 13:28:25 IDT 2025, 196 W
Fri Sep 26 13:28:25 IDT 2025, 168 W
Fri Sep 26 13:28:25 IDT 2025, 140 W
Fri Sep 26 13:28:26 IDT 2025, 130 W
Fri Sep 26 13:28:26 IDT 2025, 138 W
Fri Sep 26 13:28:26 IDT 2025, 168 W
Fri Sep 26 13:28:26 IDT 2025, 129 W
Fri Sep 26 13:28:26 IDT 2025, 141 W
Fri Sep 26 13:28:26 IDT 2025, 162 W
Fri Sep 26 13:28:26 IDT 2025, 134 W
Fri Sep 26 13:28:26 IDT 2025, 119 W
Fri Sep 26 13:28:27 IDT 2025, 167 W
Fri Sep 26 13:28:27 IDT 2025, 175 W
Fri Sep 26 13:28:27 IDT 2025, 200 W
Fri Sep 26 13:28:27 IDT 2025, 157 W
Fri Sep 26 13:28:27 IDT 2025, 157 W
Fri Sep 26 13:28:27 IDT 2025, 196 W
Fri Sep 26 13:28:27 IDT 2025, 175 W
Fri Sep 26 13:28:27 IDT 2025, 159 W
Fri Sep 26 13:28:28 IDT 2025, 183 W
Fri Sep 26 13:28:28 IDT 2025, 171 W
Fri Sep 26 13:28:28 IDT 2025, 210 W
Fri Sep 26 13:28:28 IDT 2025, 167 W
Fri Sep 26 13:28:28 IDT 2025, 157 W
Fri Sep 26 13:28:28 IDT 2025, 197 W
Fri Sep 26 13:28:28 IDT 2025, 182 W
Fri Sep 26 13:28:28 IDT 2025, 165 W
Fri Sep 26 13:28:29 IDT 2025, 178 W
Fri Sep 26 13:28:29 IDT 2025, 171 W
Fri Sep 26 13:28:29 IDT 2025, 217 W
Fri Sep 26 13:28:29 IDT 2025, 172 W
Fri Sep 26 13:28:29 IDT 2025, 178 W
Fri Sep 26 13:28:29 IDT 2025, 201 W
Fri Sep 26 13:28:29 IDT 2025, 177 W
Fri Sep 26 13:28:29 IDT 2025, 164 W
Fri Sep 26 13:28:30 IDT 2025, 157 W
Fri Sep 26 13:28:30 IDT 2025, 169 W
Fri Sep 26 13:28:30 IDT 2025, 192 W
Fri Sep 26 13:28:30 IDT 2025, 159 W
Fri Sep 26 13:28:30 IDT 2025, 165 W
Fri Sep 26 13:28:30 IDT 2025, 191 W
Fri Sep 26 13:28:30 IDT 2025, 176 W
Fri Sep 26 13:28:30 IDT 2025, 149 W
Fri Sep 26 13:28:31 IDT 2025, 175 W
Fri Sep 26 13:28:31 IDT 2025, 176 W
Fri Sep 26 13:28:31 IDT 2025, 221 W
Fri Sep 26 13:28:31 IDT 2025, 172 W
Fri Sep 26 13:28:31 IDT 2025, 186 W
Fri Sep 26 13:28:31 IDT 2025, 206 W
Fri Sep 26 13:28:31 IDT 2025, 179 W
Fri Sep 26 13:28:31 IDT 2025, 168 W
Fri Sep 26 13:28:32 IDT 2025, 179 W
Fri Sep 26 13:28:32 IDT 2025, 178 W
Fri Sep 26 13:28:32 IDT 2025, 219 W
Fri Sep 26 13:28:32 IDT 2025, 169 W
Fri Sep 26 13:28:32 IDT 2025, 186 W
Fri Sep 26 13:28:32 IDT 2025, 203 W
Fri Sep 26 13:28:32 IDT 2025, 175 W
Fri Sep 26 13:28:32 IDT 2025, 162 W
Fri Sep 26 13:28:33 IDT 2025, 168 W
Fri Sep 26 13:28:33 IDT 2025, 167 W
Fri Sep 26 13:28:33 IDT 2025, 198 W
Fri Sep 26 13:28:33 IDT 2025, 154 W
Fri Sep 26 13:28:33 IDT 2025, 165 W
Fri Sep 26 13:28:33 IDT 2025, 201 W
Fri Sep 26 13:28:33 IDT 2025, 165 W
Fri Sep 26 13:28:33 IDT 2025, 152 W
Fri Sep 26 13:28:34 IDT 2025, 186 W
Fri Sep 26 13:28:34 IDT 2025, 181 W
Fri Sep 26 13:28:34 IDT 2025, 214 W
Fri Sep 26 13:28:34 IDT 2025, 175 W
Fri Sep 26 13:28:34 IDT 2025, 182 W
Fri Sep 26 13:28:34 IDT 2025, 205 W
Fri Sep 26 13:28:34 IDT 2025, 174 W
Fri Sep 26 13:28:34 IDT 2025, 157 W
Fri Sep 26 13:28:35 IDT 2025, 172 W
Fri Sep 26 13:28:35 IDT 2025, 170 W
Fri Sep 26 13:28:35 IDT 2025, 206 W
Fri Sep 26 13:28:35 IDT 2025, 165 W
Fri Sep 26 13:28:35 IDT 2025, 167 W
Fri Sep 26 13:28:35 IDT 2025, 203 W
Fri Sep 26 13:28:35 IDT 2025, 179 W
Fri Sep 26 13:28:35 IDT 2025, 152 W
Fri Sep 26 13:28:36 IDT 2025, 184 W
Fri Sep 26 13:28:36 IDT 2025, 190 W
Fri Sep 26 13:28:36 IDT 2025, 220 W
Fri Sep 26 13:28:36 IDT 2025, 175 W
Fri Sep 26 13:28:36 IDT 2025, 186 W
Fri Sep 26 13:28:36 IDT 2025, 212 W
Fri Sep 26 13:28:36 IDT 2025, 182 W
Fri Sep 26 13:28:36 IDT 2025, 169 W
Fri Sep 26 13:28:37 IDT 2025, 184 W
Fri Sep 26 13:28:37 IDT 2025, 183 W
Fri Sep 26 13:28:37 IDT 2025, 204 W
Fri Sep 26 13:28:37 IDT 2025, 172 W
Fri Sep 26 13:28:37 IDT 2025, 177 W
Fri Sep 26 13:28:37 IDT 2025, 205 W
Fri Sep 26 13:28:37 IDT 2025, 181 W
Fri Sep 26 13:28:37 IDT 2025, 147 W
Fri Sep 26 13:28:38 IDT 2025, 185 W
Fri Sep 26 13:28:38 IDT 2025, 182 W
Fri Sep 26 13:28:38 IDT 2025, 211 W
Fri Sep 26 13:28:38 IDT 2025, 170 W
Fri Sep 26 13:28:38 IDT 2025, 173 W
Fri Sep 26 13:28:38 IDT 2025, 208 W
Fri Sep 26 13:28:38 IDT 2025, 181 W
Fri Sep 26 13:28:38 IDT 2025, 164 W
Fri Sep 26 13:28:39 IDT 2025, 168 W
Fri Sep 26 13:28:39 IDT 2025, 173 W
Fri Sep 26 13:28:39 IDT 2025, 195 W
Fri Sep 26 13:28:39 IDT 2025, 169 W
Fri Sep 26 13:28:39 IDT 2025, 168 W
Fri Sep 26 13:28:39 IDT 2025, 202 W
Fri Sep 26 13:28:39 IDT 2025, 179 W
Fri Sep 26 13:28:39 IDT 2025, 156 W
Fri Sep 26 13:28:40 IDT 2025, 161 W
Fri Sep 26 13:28:40 IDT 2025, 170 W
Fri Sep 26 13:28:40 IDT 2025, 206 W
Fri Sep 26 13:28:40 IDT 2025, 168 W
Fri Sep 26 13:28:40 IDT 2025, 175 W
Fri Sep 26 13:28:40 IDT 2025, 198 W
Fri Sep 26 13:28:40 IDT 2025, 174 W
Fri Sep 26 13:28:40 IDT 2025, 165 W
Fri Sep 26 13:28:41 IDT 2025, 187 W
Fri Sep 26 13:28:41 IDT 2025, 182 W
Fri Sep 26 13:28:41 IDT 2025, 200 W
Fri Sep 26 13:28:41 IDT 2025, 169 W
Fri Sep 26 13:28:41 IDT 2025, 174 W
Fri Sep 26 13:28:41 IDT 2025, 207 W
Fri Sep 26 13:28:41 IDT 2025, 183 W
Fri Sep 26 13:28:41 IDT 2025, 168 W
Fri Sep 26 13:28:42 IDT 2025, 175 W
Fri Sep 26 13:28:42 IDT 2025, 189 W
Fri Sep 26 13:28:42 IDT 2025, 219 W
Fri Sep 26 13:28:42 IDT 2025, 180 W
Fri Sep 26 13:28:42 IDT 2025, 183 W
Fri Sep 26 13:28:42 IDT 2025, 200 W
Fri Sep 26 13:28:42 IDT 2025, 183 W
Fri Sep 26 13:28:42 IDT 2025, 172 W
Fri Sep 26 13:28:43 IDT 2025, 178 W
Fri Sep 26 13:28:43 IDT 2025, 180 W
Fri Sep 26 13:28:43 IDT 2025, 218 W
Fri Sep 26 13:28:43 IDT 2025, 169 W
Fri Sep 26 13:28:43 IDT 2025, 180 W
Fri Sep 26 13:28:43 IDT 2025, 213 W
Fri Sep 26 13:28:43 IDT 2025, 185 W
Fri Sep 26 13:28:43 IDT 2025, 169 W
Fri Sep 26 13:28:44 IDT 2025, 177 W
Fri Sep 26 13:28:44 IDT 2025, 177 W
Fri Sep 26 13:28:44 IDT 2025, 213 W
Fri Sep 26 13:28:44 IDT 2025, 173 W
Fri Sep 26 13:28:44 IDT 2025, 187 W
Fri Sep 26 13:28:44 IDT 2025, 202 W
Fri Sep 26 13:28:44 IDT 2025, 191 W
Fri Sep 26 13:28:44 IDT 2025, 164 W
Fri Sep 26 13:28:45 IDT 2025, 178 W
Fri Sep 26 13:28:45 IDT 2025, 170 W
Fri Sep 26 13:28:45 IDT 2025, 201 W
Fri Sep 26 13:28:45 IDT 2025, 166 W
Fri Sep 26 13:28:45 IDT 2025, 180 W
Fri Sep 26 13:28:45 IDT 2025, 197 W
Fri Sep 26 13:28:45 IDT 2025, 186 W
Fri Sep 26 13:28:45 IDT 2025, 163 W
Fri Sep 26 13:28:46 IDT 2025, 193 W
Fri Sep 26 13:28:46 IDT 2025, 194 W
Fri Sep 26 13:28:46 IDT 2025, 221 W
Fri Sep 26 13:28:46 IDT 2025, 186 W
Fri Sep 26 13:28:46 IDT 2025, 194 W
Fri Sep 26 13:28:46 IDT 2025, 227 W
Fri Sep 26 13:28:46 IDT 2025, 190 W
Fri Sep 26 13:28:46 IDT 2025, 176 W
Fri Sep 26 13:28:47 IDT 2025, 183 W
Fri Sep 26 13:28:47 IDT 2025, 180 W
Fri Sep 26 13:28:47 IDT 2025, 216 W
Fri Sep 26 13:28:47 IDT 2025, 166 W
Fri Sep 26 13:28:47 IDT 2025, 182 W
Fri Sep 26 13:28:47 IDT 2025, 208 W
Fri Sep 26 13:28:47 IDT 2025, 185 W
Fri Sep 26 13:28:47 IDT 2025, 174 W
Fri Sep 26 13:28:48 IDT 2025, 157 W
Fri Sep 26 13:28:48 IDT 2025, 157 W
Fri Sep 26 13:28:48 IDT 2025, 192 W
Fri Sep 26 13:28:48 IDT 2025, 157 W
Fri Sep 26 13:28:48 IDT 2025, 163 W
Fri Sep 26 13:28:48 IDT 2025, 192 W
Fri Sep 26 13:28:48 IDT 2025, 170 W
Fri Sep 26 13:28:48 IDT 2025, 148 W
Fri Sep 26 13:28:49 IDT 2025, 166 W
Fri Sep 26 13:28:49 IDT 2025, 175 W
Fri Sep 26 13:28:49 IDT 2025, 202 W
Fri Sep 26 13:28:49 IDT 2025, 155 W
Fri Sep 26 13:28:49 IDT 2025, 172 W
Fri Sep 26 13:28:49 IDT 2025, 200 W
Fri Sep 26 13:28:49 IDT 2025, 185 W
Fri Sep 26 13:28:49 IDT 2025, 149 W
Fri Sep 26 13:28:50 IDT 2025, 159 W
Fri Sep 26 13:28:50 IDT 2025, 158 W
Fri Sep 26 13:28:50 IDT 2025, 199 W
Fri Sep 26 13:28:50 IDT 2025, 148 W
Fri Sep 26 13:28:50 IDT 2025, 159 W
Fri Sep 26 13:28:50 IDT 2025, 196 W
Fri Sep 26 13:28:50 IDT 2025, 162 W
Fri Sep 26 13:28:50 IDT 2025, 139 W
Fri Sep 26 13:28:51 IDT 2025, 166 W
Fri Sep 26 13:28:51 IDT 2025, 178 W
Fri Sep 26 13:28:51 IDT 2025, 211 W
Fri Sep 26 13:28:51 IDT 2025, 171 W
Fri Sep 26 13:28:51 IDT 2025, 182 W
Fri Sep 26 13:28:51 IDT 2025, 211 W
Fri Sep 26 13:28:51 IDT 2025, 187 W
Fri Sep 26 13:28:51 IDT 2025, 173 W
Fri Sep 26 13:28:52 IDT 2025, 171 W
Fri Sep 26 13:28:52 IDT 2025, 190 W
Fri Sep 26 13:28:52 IDT 2025, 213 W
Fri Sep 26 13:28:52 IDT 2025, 173 W
Fri Sep 26 13:28:52 IDT 2025, 182 W
Fri Sep 26 13:28:52 IDT 2025, 212 W
Fri Sep 26 13:28:52 IDT 2025, 186 W
Fri Sep 26 13:28:52 IDT 2025, 169 W
Fri Sep 26 13:28:53 IDT 2025, 173 W
Fri Sep 26 13:28:53 IDT 2025, 180 W
Fri Sep 26 13:28:53 IDT 2025, 208 W
Fri Sep 26 13:28:53 IDT 2025, 173 W
Fri Sep 26 13:28:53 IDT 2025, 180 W
Fri Sep 26 13:28:53 IDT 2025, 210 W
Fri Sep 26 13:28:53 IDT 2025, 193 W
Fri Sep 26 13:28:53 IDT 2025, 166 W
Fri Sep 26 13:28:54 IDT 2025, 174 W
Fri Sep 26 13:28:54 IDT 2025, 182 W
Fri Sep 26 13:28:54 IDT 2025, 211 W
Fri Sep 26 13:28:54 IDT 2025, 173 W
Fri Sep 26 13:28:54 IDT 2025, 183 W
Fri Sep 26 13:28:54 IDT 2025, 216 W
Fri Sep 26 13:28:54 IDT 2025, 183 W
Fri Sep 26 13:28:54 IDT 2025, 167 W
Fri Sep 26 13:28:55 IDT 2025, 178 W
Fri Sep 26 13:28:55 IDT 2025, 166 W
Fri Sep 26 13:28:55 IDT 2025, 203 W
Fri Sep 26 13:28:55 IDT 2025, 162 W
Fri Sep 26 13:28:55 IDT 2025, 174 W
Fri Sep 26 13:28:55 IDT 2025, 199 W
Fri Sep 26 13:28:55 IDT 2025, 174 W
Fri Sep 26 13:28:55 IDT 2025, 161 W
Fri Sep 26 13:28:56 IDT 2025, 185 W
Fri Sep 26 13:28:56 IDT 2025, 164 W
Fri Sep 26 13:28:56 IDT 2025, 209 W
Fri Sep 26 13:28:56 IDT 2025, 171 W
Fri Sep 26 13:28:56 IDT 2025, 179 W
Fri Sep 26 13:28:56 IDT 2025, 203 W
Fri Sep 26 13:28:56 IDT 2025, 186 W
Fri Sep 26 13:28:56 IDT 2025, 165 W
Fri Sep 26 13:28:57 IDT 2025, 150 W
Fri Sep 26 13:28:57 IDT 2025, 156 W
Fri Sep 26 13:28:57 IDT 2025, 188 W
Fri Sep 26 13:28:57 IDT 2025, 159 W
Fri Sep 26 13:28:57 IDT 2025, 148 W
Fri Sep 26 13:28:57 IDT 2025, 180 W
Fri Sep 26 13:28:57 IDT 2025, 154 W
Fri Sep 26 13:28:57 IDT 2025, 139 W
Fri Sep 26 13:28:58 IDT 2025, 176 W
Fri Sep 26 13:28:58 IDT 2025, 176 W
Fri Sep 26 13:28:58 IDT 2025, 200 W
Fri Sep 26 13:28:58 IDT 2025, 169 W
Fri Sep 26 13:28:58 IDT 2025, 167 W
Fri Sep 26 13:28:58 IDT 2025, 197 W
Fri Sep 26 13:28:58 IDT 2025, 177 W
Fri Sep 26 13:28:58 IDT 2025, 160 W
Fri Sep 26 13:28:59 IDT 2025, 163 W
Fri Sep 26 13:28:59 IDT 2025, 160 W
Fri Sep 26 13:28:59 IDT 2025, 192 W
Fri Sep 26 13:28:59 IDT 2025, 162 W
Fri Sep 26 13:28:59 IDT 2025, 156 W
Fri Sep 26 13:28:59 IDT 2025, 193 W
Fri Sep 26 13:28:59 IDT 2025, 172 W
Fri Sep 26 13:28:59 IDT 2025, 151 W
Fri Sep 26 13:29:00 IDT 2025, 172 W
Fri Sep 26 13:29:00 IDT 2025, 174 W
Fri Sep 26 13:29:00 IDT 2025, 197 W
Fri Sep 26 13:29:00 IDT 2025, 162 W
Fri Sep 26 13:29:00 IDT 2025, 162 W
Fri Sep 26 13:29:00 IDT 2025, 193 W
Fri Sep 26 13:29:00 IDT 2025, 171 W
Fri Sep 26 13:29:00 IDT 2025, 158 W
Fri Sep 26 13:29:01 IDT 2025, 181 W
Fri Sep 26 13:29:01 IDT 2025, 166 W
Fri Sep 26 13:29:01 IDT 2025, 200 W
Fri Sep 26 13:29:01 IDT 2025, 167 W
Fri Sep 26 13:29:01 IDT 2025, 156 W
Fri Sep 26 13:29:01 IDT 2025, 198 W
Fri Sep 26 13:29:01 IDT 2025, 179 W
Fri Sep 26 13:29:01 IDT 2025, 150 W
Fri Sep 26 13:29:02 IDT 2025, 156 W
Fri Sep 26 13:29:02 IDT 2025, 162 W
Fri Sep 26 13:29:02 IDT 2025, 198 W
Fri Sep 26 13:29:02 IDT 2025, 158 W
Fri Sep 26 13:29:02 IDT 2025, 160 W
Fri Sep 26 13:29:02 IDT 2025, 194 W
Fri Sep 26 13:29:02 IDT 2025, 164 W
Fri Sep 26 13:29:02 IDT 2025, 148 W
Fri Sep 26 13:29:03 IDT 2025, 158 W
Fri Sep 26 13:29:03 IDT 2025, 159 W
Fri Sep 26 13:29:03 IDT 2025, 192 W
Fri Sep 26 13:29:03 IDT 2025, 155 W
Fri Sep 26 13:29:03 IDT 2025, 156 W
Fri Sep 26 13:29:03 IDT 2025, 184 W
Fri Sep 26 13:29:03 IDT 2025, 158 W
Fri Sep 26 13:29:03 IDT 2025, 150 W
Fri Sep 26 13:29:04 IDT 2025, 163 W
Fri Sep 26 13:29:04 IDT 2025, 163 W
Fri Sep 26 13:29:04 IDT 2025, 191 W
Fri Sep 26 13:29:04 IDT 2025, 160 W
Fri Sep 26 13:29:04 IDT 2025, 163 W
Fri Sep 26 13:29:04 IDT 2025, 189 W
Fri Sep 26 13:29:04 IDT 2025, 174 W
Fri Sep 26 13:29:04 IDT 2025, 149 W
Fri Sep 26 13:29:05 IDT 2025, 174 W
Fri Sep 26 13:29:05 IDT 2025, 175 W
Fri Sep 26 13:29:05 IDT 2025, 211 W
Fri Sep 26 13:29:05 IDT 2025, 167 W
Fri Sep 26 13:29:05 IDT 2025, 163 W
Fri Sep 26 13:29:05 IDT 2025, 201 W
Fri Sep 26 13:29:05 IDT 2025, 174 W
Fri Sep 26 13:29:05 IDT 2025, 155 W
Fri Sep 26 13:29:06 IDT 2025, 172 W
Fri Sep 26 13:29:06 IDT 2025, 171 W
Fri Sep 26 13:29:06 IDT 2025, 196 W
Fri Sep 26 13:29:06 IDT 2025, 156 W
Fri Sep 26 13:29:06 IDT 2025, 165 W
Fri Sep 26 13:29:06 IDT 2025, 191 W
Fri Sep 26 13:29:06 IDT 2025, 177 W
Fri Sep 26 13:29:06 IDT 2025, 154 W
Fri Sep 26 13:29:07 IDT 2025, 173 W
Fri Sep 26 13:29:07 IDT 2025, 180 W
Fri Sep 26 13:29:07 IDT 2025, 204 W
Fri Sep 26 13:29:07 IDT 2025, 157 W
Fri Sep 26 13:29:07 IDT 2025, 170 W
Fri Sep 26 13:29:07 IDT 2025, 202 W
Fri Sep 26 13:29:07 IDT 2025, 175 W
Fri Sep 26 13:29:07 IDT 2025, 165 W
Fri Sep 26 13:29:08 IDT 2025, 159 W
Fri Sep 26 13:29:08 IDT 2025, 162 W
Fri Sep 26 13:29:08 IDT 2025, 196 W
Fri Sep 26 13:29:08 IDT 2025, 162 W
Fri Sep 26 13:29:08 IDT 2025, 155 W
Fri Sep 26 13:29:08 IDT 2025, 193 W
Fri Sep 26 13:29:08 IDT 2025, 166 W
Fri Sep 26 13:29:08 IDT 2025, 140 W
Fri Sep 26 13:29:09 IDT 2025, 173 W
Fri Sep 26 13:29:09 IDT 2025, 183 W
Fri Sep 26 13:29:09 IDT 2025, 216 W
Fri Sep 26 13:29:09 IDT 2025, 175 W
Fri Sep 26 13:29:09 IDT 2025, 179 W
Fri Sep 26 13:29:09 IDT 2025, 208 W
Fri Sep 26 13:29:09 IDT 2025, 184 W
Fri Sep 26 13:29:09 IDT 2025, 168 W
Fri Sep 26 13:29:10 IDT 2025, 171 W
Fri Sep 26 13:29:10 IDT 2025, 172 W
Fri Sep 26 13:29:10 IDT 2025, 204 W
Fri Sep 26 13:29:10 IDT 2025, 159 W
Fri Sep 26 13:29:10 IDT 2025, 163 W
Fri Sep 26 13:29:10 IDT 2025, 195 W
Fri Sep 26 13:29:10 IDT 2025, 173 W
Fri Sep 26 13:29:10 IDT 2025, 159 W
Fri Sep 26 13:29:11 IDT 2025, 152 W
Fri Sep 26 13:29:11 IDT 2025, 143 W
Fri Sep 26 13:29:11 IDT 2025, 185 W
Fri Sep 26 13:29:11 IDT 2025, 151 W
Fri Sep 26 13:29:11 IDT 2025, 156 W
Fri Sep 26 13:29:11 IDT 2025, 183 W
Fri Sep 26 13:29:11 IDT 2025, 161 W
Fri Sep 26 13:29:11 IDT 2025, 135 W
Fri Sep 26 13:29:12 IDT 2025, 171 W
Fri Sep 26 13:29:12 IDT 2025, 177 W
Fri Sep 26 13:29:12 IDT 2025, 200 W
Fri Sep 26 13:29:12 IDT 2025, 166 W
Fri Sep 26 13:29:12 IDT 2025, 159 W
Fri Sep 26 13:29:12 IDT 2025, 201 W
Fri Sep 26 13:29:12 IDT 2025, 174 W
Fri Sep 26 13:29:12 IDT 2025, 153 W
Fri Sep 26 13:29:13 IDT 2025, 157 W
Fri Sep 26 13:29:13 IDT 2025, 167 W
Fri Sep 26 13:29:13 IDT 2025, 194 W
Fri Sep 26 13:29:13 IDT 2025, 151 W
Fri Sep 26 13:29:13 IDT 2025, 149 W
Fri Sep 26 13:29:13 IDT 2025, 190 W
Fri Sep 26 13:29:13 IDT 2025, 174 W
Fri Sep 26 13:29:13 IDT 2025, 146 W
Fri Sep 26 13:29:14 IDT 2025, 179 W
Fri Sep 26 13:29:14 IDT 2025, 168 W
Fri Sep 26 13:29:14 IDT 2025, 204 W
Fri Sep 26 13:29:14 IDT 2025, 160 W
Fri Sep 26 13:29:14 IDT 2025, 164 W
Fri Sep 26 13:29:14 IDT 2025, 201 W
Fri Sep 26 13:29:14 IDT 2025, 175 W
Fri Sep 26 13:29:14 IDT 2025, 158 W
Fri Sep 26 13:29:15 IDT 2025, 165 W
Fri Sep 26 13:29:15 IDT 2025, 166 W
Fri Sep 26 13:29:15 IDT 2025, 193 W
Fri Sep 26 13:29:15 IDT 2025, 158 W
Fri Sep 26 13:29:15 IDT 2025, 158 W
Fri Sep 26 13:29:15 IDT 2025, 186 W
Fri Sep 26 13:29:15 IDT 2025, 164 W
Fri Sep 26 13:29:15 IDT 2025, 140 W
Fri Sep 26 13:29:16 IDT 2025, 171 W
Fri Sep 26 13:29:16 IDT 2025, 175 W
Fri Sep 26 13:29:16 IDT 2025, 206 W
Fri Sep 26 13:29:16 IDT 2025, 172 W
Fri Sep 26 13:29:16 IDT 2025, 162 W
Fri Sep 26 13:29:16 IDT 2025, 209 W
Fri Sep 26 13:29:16 IDT 2025, 178 W
Fri Sep 26 13:29:16 IDT 2025, 157 W
Fri Sep 26 13:29:17 IDT 2025, 174 W
Fri Sep 26 13:29:17 IDT 2025, 174 W
Fri Sep 26 13:29:17 IDT 2025, 205 W
Fri Sep 26 13:29:17 IDT 2025, 166 W
Fri Sep 26 13:29:17 IDT 2025, 178 W
Fri Sep 26 13:29:17 IDT 2025, 211 W
Fri Sep 26 13:29:17 IDT 2025, 183 W
Fri Sep 26 13:29:17 IDT 2025, 164 W
Fri Sep 26 13:29:18 IDT 2025, 158 W
Fri Sep 26 13:29:18 IDT 2025, 155 W
Fri Sep 26 13:29:18 IDT 2025, 193 W
Fri Sep 26 13:29:18 IDT 2025, 150 W
Fri Sep 26 13:29:18 IDT 2025, 153 W
Fri Sep 26 13:29:18 IDT 2025, 179 W
Fri Sep 26 13:29:18 IDT 2025, 164 W
Fri Sep 26 13:29:18 IDT 2025, 141 W
Fri Sep 26 13:29:19 IDT 2025, 170 W
Fri Sep 26 13:29:19 IDT 2025, 163 W
Fri Sep 26 13:29:19 IDT 2025, 210 W
Fri Sep 26 13:29:19 IDT 2025, 171 W
Fri Sep 26 13:29:19 IDT 2025, 170 W
Fri Sep 26 13:29:19 IDT 2025, 211 W
Fri Sep 26 13:29:19 IDT 2025, 187 W
Fri Sep 26 13:29:19 IDT 2025, 159 W
Fri Sep 26 13:29:20 IDT 2025, 170 W
Fri Sep 26 13:29:20 IDT 2025, 173 W
Fri Sep 26 13:29:20 IDT 2025, 206 W
Fri Sep 26 13:29:20 IDT 2025, 157 W
Fri Sep 26 13:29:20 IDT 2025, 181 W
Fri Sep 26 13:29:20 IDT 2025, 201 W
Fri Sep 26 13:29:20 IDT 2025, 176 W
Fri Sep 26 13:29:20 IDT 2025, 160 W
Fri Sep 26 13:29:21 IDT 2025, 175 W
Fri Sep 26 13:29:21 IDT 2025, 174 W
Fri Sep 26 13:29:21 IDT 2025, 205 W
Fri Sep 26 13:29:21 IDT 2025, 155 W
Fri Sep 26 13:29:21 IDT 2025, 175 W
Fri Sep 26 13:29:21 IDT 2025, 206 W
Fri Sep 26 13:29:21 IDT 2025, 174 W
Fri Sep 26 13:29:21 IDT 2025, 152 W
Fri Sep 26 13:29:22 IDT 2025, 181 W
Fri Sep 26 13:29:22 IDT 2025, 180 W
Fri Sep 26 13:29:22 IDT 2025, 213 W
Fri Sep 26 13:29:22 IDT 2025, 177 W
Fri Sep 26 13:29:22 IDT 2025, 180 W
Fri Sep 26 13:29:22 IDT 2025, 207 W
Fri Sep 26 13:29:22 IDT 2025, 185 W
Fri Sep 26 13:29:22 IDT 2025, 169 W
Fri Sep 26 13:29:23 IDT 2025, 169 W
Fri Sep 26 13:29:23 IDT 2025, 177 W
Fri Sep 26 13:29:23 IDT 2025, 216 W
Fri Sep 26 13:29:23 IDT 2025, 175 W
Fri Sep 26 13:29:23 IDT 2025, 187 W
Fri Sep 26 13:29:23 IDT 2025, 202 W
Fri Sep 26 13:29:23 IDT 2025, 183 W
Fri Sep 26 13:29:23 IDT 2025, 163 W
Fri Sep 26 13:29:24 IDT 2025, 164 W
Fri Sep 26 13:29:24 IDT 2025, 166 W
Fri Sep 26 13:29:24 IDT 2025, 190 W
Fri Sep 26 13:29:24 IDT 2025, 157 W
Fri Sep 26 13:29:24 IDT 2025, 165 W
Fri Sep 26 13:29:24 IDT 2025, 192 W
Fri Sep 26 13:29:24 IDT 2025, 175 W
Fri Sep 26 13:29:24 IDT 2025, 152 W
Fri Sep 26 13:29:25 IDT 2025, 181 W
Fri Sep 26 13:29:25 IDT 2025, 184 W
Fri Sep 26 13:29:25 IDT 2025, 205 W
Fri Sep 26 13:29:25 IDT 2025, 175 W
Fri Sep 26 13:29:25 IDT 2025, 178 W
Fri Sep 26 13:29:25 IDT 2025, 217 W
Fri Sep 26 13:29:25 IDT 2025, 192 W
Fri Sep 26 13:29:25 IDT 2025, 164 W
Fri Sep 26 13:29:26 IDT 2025, 185 W
Fri Sep 26 13:29:26 IDT 2025, 184 W
Fri Sep 26 13:29:26 IDT 2025, 208 W
Fri Sep 26 13:29:26 IDT 2025, 173 W
Fri Sep 26 13:29:26 IDT 2025, 176 W
Fri Sep 26 13:29:26 IDT 2025, 210 W
Fri Sep 26 13:29:26 IDT 2025, 193 W
Fri Sep 26 13:29:26 IDT 2025, 167 W
Fri Sep 26 13:29:27 IDT 2025, 185 W
Fri Sep 26 13:29:27 IDT 2025, 177 W
Fri Sep 26 13:29:27 IDT 2025, 214 W
Fri Sep 26 13:29:27 IDT 2025, 180 W
Fri Sep 26 13:29:27 IDT 2025, 175 W
Fri Sep 26 13:29:27 IDT 2025, 204 W
Fri Sep 26 13:29:27 IDT 2025, 188 W
Fri Sep 26 13:29:27 IDT 2025, 168 W
Fri Sep 26 13:29:28 IDT 2025, 153 W
Fri Sep 26 13:29:28 IDT 2025, 155 W
Fri Sep 26 13:29:28 IDT 2025, 188 W
Fri Sep 26 13:29:28 IDT 2025, 151 W
Fri Sep 26 13:29:28 IDT 2025, 169 W
Fri Sep 26 13:29:28 IDT 2025, 191 W
Fri Sep 26 13:29:28 IDT 2025, 171 W
Fri Sep 26 13:29:28 IDT 2025, 148 W
Fri Sep 26 13:29:29 IDT 2025, 182 W
Fri Sep 26 13:29:29 IDT 2025, 186 W
Fri Sep 26 13:29:29 IDT 2025, 214 W
Fri Sep 26 13:29:29 IDT 2025, 165 W
Fri Sep 26 13:29:29 IDT 2025, 175 W
Fri Sep 26 13:29:29 IDT 2025, 219 W
Fri Sep 26 13:29:29 IDT 2025, 186 W
Fri Sep 26 13:29:29 IDT 2025, 173 W
Fri Sep 26 13:29:30 IDT 2025, 182 W
Fri Sep 26 13:29:30 IDT 2025, 183 W
Fri Sep 26 13:29:30 IDT 2025, 213 W
Fri Sep 26 13:29:30 IDT 2025, 174 W
Fri Sep 26 13:29:30 IDT 2025, 176 W
Fri Sep 26 13:29:30 IDT 2025, 206 W
Fri Sep 26 13:29:30 IDT 2025, 182 W
Fri Sep 26 13:29:30 IDT 2025, 165 W
Fri Sep 26 13:29:31 IDT 2025, 174 W
Fri Sep 26 13:29:31 IDT 2025, 168 W
Fri Sep 26 13:29:31 IDT 2025, 194 W
Fri Sep 26 13:29:31 IDT 2025, 161 W
Fri Sep 26 13:29:31 IDT 2025, 171 W
Fri Sep 26 13:29:31 IDT 2025, 198 W
Fri Sep 26 13:29:31 IDT 2025, 165 W
Fri Sep 26 13:29:31 IDT 2025, 148 W
Fri Sep 26 13:29:32 IDT 2025, 183 W
Fri Sep 26 13:29:32 IDT 2025, 185 W
Fri Sep 26 13:29:32 IDT 2025, 221 W
Fri Sep 26 13:29:32 IDT 2025, 178 W
Fri Sep 26 13:29:32 IDT 2025, 183 W
Fri Sep 26 13:29:32 IDT 2025, 212 W
Fri Sep 26 13:29:32 IDT 2025, 186 W
Fri Sep 26 13:29:32 IDT 2025, 169 W
Fri Sep 26 13:29:33 IDT 2025, 176 W
Fri Sep 26 13:29:33 IDT 2025, 182 W
Fri Sep 26 13:29:33 IDT 2025, 207 W
Fri Sep 26 13:29:33 IDT 2025, 182 W
Fri Sep 26 13:29:33 IDT 2025, 173 W
Fri Sep 26 13:29:33 IDT 2025, 205 W
Fri Sep 26 13:29:33 IDT 2025, 178 W
Fri Sep 26 13:29:33 IDT 2025, 168 W
Fri Sep 26 13:29:34 IDT 2025, 185 W
Fri Sep 26 13:29:34 IDT 2025, 191 W
Fri Sep 26 13:29:34 IDT 2025, 219 W
Fri Sep 26 13:29:34 IDT 2025, 181 W
Fri Sep 26 13:29:34 IDT 2025, 182 W
Fri Sep 26 13:29:34 IDT 2025, 220 W
Fri Sep 26 13:29:34 IDT 2025, 192 W
Fri Sep 26 13:29:34 IDT 2025, 169 W
Fri Sep 26 13:29:35 IDT 2025, 169 W
Fri Sep 26 13:29:35 IDT 2025, 170 W
Fri Sep 26 13:29:35 IDT 2025, 208 W
Fri Sep 26 13:29:35 IDT 2025, 177 W
Fri Sep 26 13:29:35 IDT 2025, 175 W
Fri Sep 26 13:29:35 IDT 2025, 203 W
Fri Sep 26 13:29:35 IDT 2025, 183 W
Fri Sep 26 13:29:35 IDT 2025, 156 W
Fri Sep 26 13:29:36 IDT 2025, 176 W
Fri Sep 26 13:29:36 IDT 2025, 173 W
Fri Sep 26 13:29:36 IDT 2025, 211 W
Fri Sep 26 13:29:36 IDT 2025, 176 W
Fri Sep 26 13:29:36 IDT 2025, 178 W
Fri Sep 26 13:29:36 IDT 2025, 199 W
Fri Sep 26 13:29:36 IDT 2025, 192 W
Fri Sep 26 13:29:36 IDT 2025, 169 W
Fri Sep 26 13:29:37 IDT 2025, 169 W
Fri Sep 26 13:29:37 IDT 2025, 174 W
Fri Sep 26 13:29:37 IDT 2025, 201 W
Fri Sep 26 13:29:37 IDT 2025, 172 W
Fri Sep 26 13:29:37 IDT 2025, 168 W
Fri Sep 26 13:29:37 IDT 2025, 199 W
Fri Sep 26 13:29:37 IDT 2025, 174 W
Fri Sep 26 13:29:37 IDT 2025, 161 W
Fri Sep 26 13:29:38 IDT 2025, 179 W
Fri Sep 26 13:29:38 IDT 2025, 178 W
Fri Sep 26 13:29:38 IDT 2025, 207 W
Fri Sep 26 13:29:38 IDT 2025, 166 W
Fri Sep 26 13:29:38 IDT 2025, 162 W
Fri Sep 26 13:29:38 IDT 2025, 204 W
Fri Sep 26 13:29:38 IDT 2025, 180 W
Fri Sep 26 13:29:38 IDT 2025, 166 W
Fri Sep 26 13:29:39 IDT 2025, 171 W
Fri Sep 26 13:29:39 IDT 2025, 172 W
Fri Sep 26 13:29:39 IDT 2025, 208 W
Fri Sep 26 13:29:39 IDT 2025, 173 W
Fri Sep 26 13:29:39 IDT 2025, 176 W
Fri Sep 26 13:29:39 IDT 2025, 208 W
Fri Sep 26 13:29:39 IDT 2025, 181 W
Fri Sep 26 13:29:39 IDT 2025, 165 W
Fri Sep 26 13:29:40 IDT 2025, 167 W
Fri Sep 26 13:29:40 IDT 2025, 173 W
Fri Sep 26 13:29:40 IDT 2025, 213 W
Fri Sep 26 13:29:40 IDT 2025, 165 W
Fri Sep 26 13:29:40 IDT 2025, 175 W
Fri Sep 26 13:29:40 IDT 2025, 209 W
Fri Sep 26 13:29:40 IDT 2025, 184 W
Fri Sep 26 13:29:40 IDT 2025, 156 W
Fri Sep 26 13:29:41 IDT 2025, 170 W
Fri Sep 26 13:29:41 IDT 2025, 182 W
Fri Sep 26 13:29:41 IDT 2025, 210 W
Fri Sep 26 13:29:41 IDT 2025, 174 W
Fri Sep 26 13:29:41 IDT 2025, 180 W
Fri Sep 26 13:29:41 IDT 2025, 214 W
Fri Sep 26 13:29:41 IDT 2025, 192 W
Fri Sep 26 13:29:41 IDT 2025, 166 W
Fri Sep 26 13:29:42 IDT 2025, 169 W
Fri Sep 26 13:29:42 IDT 2025, 171 W
Fri Sep 26 13:29:42 IDT 2025, 207 W
Fri Sep 26 13:29:42 IDT 2025, 170 W
Fri Sep 26 13:29:42 IDT 2025, 178 W
Fri Sep 26 13:29:42 IDT 2025, 204 W
Fri Sep 26 13:29:42 IDT 2025, 166 W
Fri Sep 26 13:29:42 IDT 2025, 163 W
Fri Sep 26 13:29:43 IDT 2025, 175 W
Fri Sep 26 13:29:43 IDT 2025, 167 W
Fri Sep 26 13:29:43 IDT 2025, 204 W
Fri Sep 26 13:29:43 IDT 2025, 166 W
Fri Sep 26 13:29:43 IDT 2025, 179 W
Fri Sep 26 13:29:43 IDT 2025, 195 W
Fri Sep 26 13:29:43 IDT 2025, 179 W
Fri Sep 26 13:29:43 IDT 2025, 159 W
Fri Sep 26 13:29:44 IDT 2025, 191 W
Fri Sep 26 13:29:44 IDT 2025, 189 W
Fri Sep 26 13:29:44 IDT 2025, 213 W
Fri Sep 26 13:29:44 IDT 2025, 170 W
Fri Sep 26 13:29:44 IDT 2025, 185 W
Fri Sep 26 13:29:44 IDT 2025, 202 W
Fri Sep 26 13:29:44 IDT 2025, 179 W
Fri Sep 26 13:29:44 IDT 2025, 160 W
Fri Sep 26 13:29:45 IDT 2025, 175 W
Fri Sep 26 13:29:45 IDT 2025, 186 W
Fri Sep 26 13:29:45 IDT 2025, 215 W
Fri Sep 26 13:29:45 IDT 2025, 181 W
Fri Sep 26 13:29:45 IDT 2025, 179 W
Fri Sep 26 13:29:45 IDT 2025, 214 W
Fri Sep 26 13:29:45 IDT 2025, 188 W
Fri Sep 26 13:29:45 IDT 2025, 158 W
Fri Sep 26 13:29:46 IDT 2025, 186 W
Fri Sep 26 13:29:46 IDT 2025, 188 W
Fri Sep 26 13:29:46 IDT 2025, 213 W
Fri Sep 26 13:29:46 IDT 2025, 171 W
Fri Sep 26 13:29:46 IDT 2025, 185 W
Fri Sep 26 13:29:46 IDT 2025, 208 W
Fri Sep 26 13:29:46 IDT 2025, 192 W
Fri Sep 26 13:29:46 IDT 2025, 166 W
Fri Sep 26 13:29:47 IDT 2025, 182 W
Fri Sep 26 13:29:47 IDT 2025, 179 W
Fri Sep 26 13:29:47 IDT 2025, 221 W
Fri Sep 26 13:29:47 IDT 2025, 176 W
Fri Sep 26 13:29:47 IDT 2025, 180 W
Fri Sep 26 13:29:47 IDT 2025, 205 W
Fri Sep 26 13:29:47 IDT 2025, 188 W
Fri Sep 26 13:29:47 IDT 2025, 176 W
Fri Sep 26 13:29:48 IDT 2025, 185 W
Fri Sep 26 13:29:48 IDT 2025, 177 W
Fri Sep 26 13:29:48 IDT 2025, 207 W
Fri Sep 26 13:29:48 IDT 2025, 171 W
Fri Sep 26 13:29:48 IDT 2025, 176 W
Fri Sep 26 13:29:48 IDT 2025, 203 W
Fri Sep 26 13:29:48 IDT 2025, 186 W
Fri Sep 26 13:29:48 IDT 2025, 171 W
Fri Sep 26 13:29:49 IDT 2025, 162 W
Fri Sep 26 13:29:49 IDT 2025, 160 W
Fri Sep 26 13:29:49 IDT 2025, 200 W
Fri Sep 26 13:29:49 IDT 2025, 156 W
Fri Sep 26 13:29:49 IDT 2025, 160 W
Fri Sep 26 13:29:49 IDT 2025, 198 W
Fri Sep 26 13:29:49 IDT 2025, 162 W
Fri Sep 26 13:29:49 IDT 2025, 147 W
Fri Sep 26 13:29:50 IDT 2025, 174 W
Fri Sep 26 13:29:50 IDT 2025, 160 W
Fri Sep 26 13:29:50 IDT 2025, 208 W
Fri Sep 26 13:29:50 IDT 2025, 173 W
Fri Sep 26 13:29:50 IDT 2025, 173 W
Fri Sep 26 13:29:50 IDT 2025, 202 W
Fri Sep 26 13:29:50 IDT 2025, 177 W
Fri Sep 26 13:29:50 IDT 2025, 166 W
Fri Sep 26 13:29:51 IDT 2025, 176 W
Fri Sep 26 13:29:51 IDT 2025, 178 W
Fri Sep 26 13:29:51 IDT 2025, 207 W
Fri Sep 26 13:29:51 IDT 2025, 172 W
Fri Sep 26 13:29:51 IDT 2025, 172 W
Fri Sep 26 13:29:51 IDT 2025, 219 W
Fri Sep 26 13:29:51 IDT 2025, 189 W
Fri Sep 26 13:29:51 IDT 2025, 163 W
Fri Sep 26 13:29:52 IDT 2025, 177 W
Fri Sep 26 13:29:52 IDT 2025, 173 W
Fri Sep 26 13:29:52 IDT 2025, 210 W
Fri Sep 26 13:29:52 IDT 2025, 166 W
Fri Sep 26 13:29:52 IDT 2025, 173 W
Fri Sep 26 13:29:52 IDT 2025, 205 W
Fri Sep 26 13:29:52 IDT 2025, 187 W
Fri Sep 26 13:29:52 IDT 2025, 163 W
Fri Sep 26 13:29:53 IDT 2025, 162 W
Fri Sep 26 13:29:53 IDT 2025, 167 W
Fri Sep 26 13:29:53 IDT 2025, 191 W
Fri Sep 26 13:29:53 IDT 2025, 156 W
Fri Sep 26 13:29:53 IDT 2025, 170 W
Fri Sep 26 13:29:53 IDT 2025, 193 W
Fri Sep 26 13:29:53 IDT 2025, 182 W
Fri Sep 26 13:29:53 IDT 2025, 148 W
Fri Sep 26 13:29:54 IDT 2025, 170 W
Fri Sep 26 13:29:54 IDT 2025, 168 W
Fri Sep 26 13:29:54 IDT 2025, 193 W
Fri Sep 26 13:29:54 IDT 2025, 169 W
Fri Sep 26 13:29:54 IDT 2025, 176 W
Fri Sep 26 13:29:54 IDT 2025, 191 W
Fri Sep 26 13:29:54 IDT 2025, 168 W
Fri Sep 26 13:29:54 IDT 2025, 150 W
Fri Sep 26 13:29:55 IDT 2025, 175 W
Fri Sep 26 13:29:55 IDT 2025, 172 W
Fri Sep 26 13:29:55 IDT 2025, 197 W
Fri Sep 26 13:29:55 IDT 2025, 167 W
Fri Sep 26 13:29:55 IDT 2025, 172 W
Fri Sep 26 13:29:55 IDT 2025, 204 W
Fri Sep 26 13:29:55 IDT 2025, 182 W
Fri Sep 26 13:29:55 IDT 2025, 159 W
Fri Sep 26 13:29:56 IDT 2025, 160 W
Fri Sep 26 13:29:56 IDT 2025, 157 W
Fri Sep 26 13:29:56 IDT 2025, 186 W
Fri Sep 26 13:29:56 IDT 2025, 154 W
Fri Sep 26 13:29:56 IDT 2025, 162 W
Fri Sep 26 13:29:56 IDT 2025, 192 W
Fri Sep 26 13:29:56 IDT 2025, 160 W
Fri Sep 26 13:29:56 IDT 2025, 152 W
Fri Sep 26 13:29:57 IDT 2025, 177 W
Fri Sep 26 13:29:57 IDT 2025, 192 W
Fri Sep 26 13:29:57 IDT 2025, 215 W
Fri Sep 26 13:29:57 IDT 2025, 171 W
Fri Sep 26 13:29:57 IDT 2025, 175 W
Fri Sep 26 13:29:57 IDT 2025, 207 W
Fri Sep 26 13:29:57 IDT 2025, 188 W
Fri Sep 26 13:29:57 IDT 2025, 163 W
Fri Sep 26 13:29:58 IDT 2025, 181 W
Fri Sep 26 13:29:58 IDT 2025, 164 W
Fri Sep 26 13:29:58 IDT 2025, 192 W
Fri Sep 26 13:29:58 IDT 2025, 160 W
Fri Sep 26 13:29:58 IDT 2025, 165 W
Fri Sep 26 13:29:58 IDT 2025, 191 W
Fri Sep 26 13:29:58 IDT 2025, 173 W
Fri Sep 26 13:29:58 IDT 2025, 149 W
Fri Sep 26 13:29:59 IDT 2025, 180 W
Fri Sep 26 13:29:59 IDT 2025, 168 W
Fri Sep 26 13:29:59 IDT 2025, 205 W
Fri Sep 26 13:29:59 IDT 2025, 166 W
Fri Sep 26 13:29:59 IDT 2025, 171 W
Fri Sep 26 13:29:59 IDT 2025, 205 W
Fri Sep 26 13:29:59 IDT 2025, 186 W
Fri Sep 26 13:29:59 IDT 2025, 161 W
Fri Sep 26 13:30:00 IDT 2025, 185 W
Fri Sep 26 13:30:00 IDT 2025, 190 W
Fri Sep 26 13:30:00 IDT 2025, 209 W
Fri Sep 26 13:30:00 IDT 2025, 176 W
Fri Sep 26 13:30:00 IDT 2025, 178 W
Fri Sep 26 13:30:00 IDT 2025, 219 W
Fri Sep 26 13:30:00 IDT 2025, 185 W
Fri Sep 26 13:30:00 IDT 2025, 164 W
Fri Sep 26 13:30:01 IDT 2025, 179 W
Fri Sep 26 13:30:01 IDT 2025, 186 W
Fri Sep 26 13:30:01 IDT 2025, 208 W
Fri Sep 26 13:30:01 IDT 2025, 178 W
Fri Sep 26 13:30:01 IDT 2025, 174 W
Fri Sep 26 13:30:01 IDT 2025, 205 W
Fri Sep 26 13:30:01 IDT 2025, 187 W
Fri Sep 26 13:30:01 IDT 2025, 164 W
Fri Sep 26 13:30:02 IDT 2025, 167 W
Fri Sep 26 13:30:02 IDT 2025, 158 W
Fri Sep 26 13:30:02 IDT 2025, 195 W
Fri Sep 26 13:30:02 IDT 2025, 151 W
Fri Sep 26 13:30:02 IDT 2025, 160 W
Fri Sep 26 13:30:02 IDT 2025, 195 W
Fri Sep 26 13:30:02 IDT 2025, 166 W
Fri Sep 26 13:30:02 IDT 2025, 145 W
Fri Sep 26 13:30:03 IDT 2025, 180 W
Fri Sep 26 13:30:03 IDT 2025, 181 W
Fri Sep 26 13:30:03 IDT 2025, 212 W
Fri Sep 26 13:30:03 IDT 2025, 171 W
Fri Sep 26 13:30:03 IDT 2025, 176 W
Fri Sep 26 13:30:03 IDT 2025, 215 W
Fri Sep 26 13:30:03 IDT 2025, 191 W
Fri Sep 26 13:30:03 IDT 2025, 164 W
Fri Sep 26 13:30:04 IDT 2025, 187 W
Fri Sep 26 13:30:04 IDT 2025, 179 W
Fri Sep 26 13:30:04 IDT 2025, 211 W
Fri Sep 26 13:30:04 IDT 2025, 171 W
Fri Sep 26 13:30:04 IDT 2025, 180 W
Fri Sep 26 13:30:04 IDT 2025, 202 W
Fri Sep 26 13:30:04 IDT 2025, 182 W
Fri Sep 26 13:30:04 IDT 2025, 173 W
Fri Sep 26 13:30:05 IDT 2025, 164 W
Fri Sep 26 13:30:05 IDT 2025, 180 W
Fri Sep 26 13:30:05 IDT 2025, 206 W
Fri Sep 26 13:30:05 IDT 2025, 171 W
Fri Sep 26 13:30:05 IDT 2025, 174 W
Fri Sep 26 13:30:05 IDT 2025, 203 W
Fri Sep 26 13:30:05 IDT 2025, 179 W
Fri Sep 26 13:30:05 IDT 2025, 161 W
Fri Sep 26 13:30:06 IDT 2025, 175 W
Fri Sep 26 13:30:06 IDT 2025, 172 W
Fri Sep 26 13:30:06 IDT 2025, 210 W
Fri Sep 26 13:30:06 IDT 2025, 173 W
Fri Sep 26 13:30:06 IDT 2025, 186 W
Fri Sep 26 13:30:06 IDT 2025, 206 W
Fri Sep 26 13:30:06 IDT 2025, 178 W
Fri Sep 26 13:30:06 IDT 2025, 161 W
Fri Sep 26 13:30:07 IDT 2025, 174 W
Fri Sep 26 13:30:07 IDT 2025, 183 W
Fri Sep 26 13:30:07 IDT 2025, 212 W
Fri Sep 26 13:30:07 IDT 2025, 174 W
Fri Sep 26 13:30:07 IDT 2025, 183 W
Fri Sep 26 13:30:07 IDT 2025, 213 W
Fri Sep 26 13:30:07 IDT 2025, 182 W
Fri Sep 26 13:30:07 IDT 2025, 167 W
Fri Sep 26 13:30:08 IDT 2025, 147 W
Fri Sep 26 13:30:08 IDT 2025, 153 W
Fri Sep 26 13:30:08 IDT 2025, 182 W
Fri Sep 26 13:30:08 IDT 2025, 148 W
Fri Sep 26 13:30:08 IDT 2025, 137 W
Fri Sep 26 13:30:08 IDT 2025, 177 W
Fri Sep 26 13:30:08 IDT 2025, 165 W
Fri Sep 26 13:30:08 IDT 2025, 140 W
Fri Sep 26 13:30:09 IDT 2025, 180 W
Fri Sep 26 13:30:09 IDT 2025, 184 W
Fri Sep 26 13:30:09 IDT 2025, 210 W
Fri Sep 26 13:30:09 IDT 2025, 163 W
Fri Sep 26 13:30:09 IDT 2025, 182 W
Fri Sep 26 13:30:09 IDT 2025, 209 W
Fri Sep 26 13:30:09 IDT 2025, 185 W
Fri Sep 26 13:30:09 IDT 2025, 167 W
Fri Sep 26 13:30:10 IDT 2025, 185 W
Fri Sep 26 13:30:10 IDT 2025, 179 W
Fri Sep 26 13:30:10 IDT 2025, 209 W
Fri Sep 26 13:30:10 IDT 2025, 164 W
Fri Sep 26 13:30:10 IDT 2025, 173 W
Fri Sep 26 13:30:10 IDT 2025, 202 W
Fri Sep 26 13:30:10 IDT 2025, 177 W
Fri Sep 26 13:30:10 IDT 2025, 168 W
Fri Sep 26 13:30:11 IDT 2025, 176 W
Fri Sep 26 13:30:11 IDT 2025, 178 W
Fri Sep 26 13:30:11 IDT 2025, 206 W
Fri Sep 26 13:30:11 IDT 2025, 167 W
Fri Sep 26 13:30:11 IDT 2025, 170 W
Fri Sep 26 13:30:11 IDT 2025, 208 W
Fri Sep 26 13:30:11 IDT 2025, 180 W
Fri Sep 26 13:30:11 IDT 2025, 163 W
Fri Sep 26 13:30:12 IDT 2025, 176 W
Fri Sep 26 13:30:12 IDT 2025, 174 W
Fri Sep 26 13:30:12 IDT 2025, 212 W
Fri Sep 26 13:30:12 IDT 2025, 165 W
Fri Sep 26 13:30:12 IDT 2025, 178 W
Fri Sep 26 13:30:12 IDT 2025, 192 W
Fri Sep 26 13:30:12 IDT 2025, 176 W
Fri Sep 26 13:30:12 IDT 2025, 158 W
Fri Sep 26 13:30:13 IDT 2025, 162 W
Fri Sep 26 13:30:13 IDT 2025, 175 W
Fri Sep 26 13:30:13 IDT 2025, 211 W
Fri Sep 26 13:30:13 IDT 2025, 169 W
Fri Sep 26 13:30:13 IDT 2025, 176 W
Fri Sep 26 13:30:13 IDT 2025, 200 W
Fri Sep 26 13:30:13 IDT 2025, 184 W
Fri Sep 26 13:30:13 IDT 2025, 166 W
Fri Sep 26 13:30:14 IDT 2025, 188 W
Fri Sep 26 13:30:14 IDT 2025, 182 W
Fri Sep 26 13:30:14 IDT 2025, 209 W
Fri Sep 26 13:30:14 IDT 2025, 178 W
Fri Sep 26 13:30:14 IDT 2025, 174 W
Fri Sep 26 13:30:14 IDT 2025, 215 W
Fri Sep 26 13:30:14 IDT 2025, 186 W
Fri Sep 26 13:30:14 IDT 2025, 168 W
Fri Sep 26 13:30:15 IDT 2025, 166 W
Fri Sep 26 13:30:15 IDT 2025, 163 W
Fri Sep 26 13:30:15 IDT 2025, 196 W
Fri Sep 26 13:30:15 IDT 2025, 155 W
Fri Sep 26 13:30:15 IDT 2025, 165 W
Fri Sep 26 13:30:15 IDT 2025, 193 W
Fri Sep 26 13:30:15 IDT 2025, 162 W
Fri Sep 26 13:30:15 IDT 2025, 145 W
Fri Sep 26 13:30:16 IDT 2025, 185 W
Fri Sep 26 13:30:16 IDT 2025, 178 W
Fri Sep 26 13:30:16 IDT 2025, 217 W
Fri Sep 26 13:30:16 IDT 2025, 171 W
Fri Sep 26 13:30:16 IDT 2025, 172 W
Fri Sep 26 13:30:16 IDT 2025, 208 W
Fri Sep 26 13:30:16 IDT 2025, 182 W
Fri Sep 26 13:30:16 IDT 2025, 168 W
Fri Sep 26 13:30:17 IDT 2025, 185 W
Fri Sep 26 13:30:17 IDT 2025, 185 W
Fri Sep 26 13:30:17 IDT 2025, 205 W
Fri Sep 26 13:30:17 IDT 2025, 165 W
Fri Sep 26 13:30:17 IDT 2025, 169 W
Fri Sep 26 13:30:17 IDT 2025, 202 W
Fri Sep 26 13:30:17 IDT 2025, 184 W
Fri Sep 26 13:30:17 IDT 2025, 160 W
Fri Sep 26 13:30:18 IDT 2025, 169 W
Fri Sep 26 13:30:18 IDT 2025, 171 W
Fri Sep 26 13:30:18 IDT 2025, 192 W
Fri Sep 26 13:30:18 IDT 2025, 167 W
Fri Sep 26 13:30:18 IDT 2025, 174 W
Fri Sep 26 13:30:18 IDT 2025, 195 W
Fri Sep 26 13:30:18 IDT 2025, 178 W
Fri Sep 26 13:30:18 IDT 2025, 157 W
Fri Sep 26 13:30:19 IDT 2025, 165 W
Fri Sep 26 13:30:19 IDT 2025, 155 W
Fri Sep 26 13:30:19 IDT 2025, 199 W
Fri Sep 26 13:30:19 IDT 2025, 149 W
Fri Sep 26 13:30:19 IDT 2025, 156 W
Fri Sep 26 13:30:19 IDT 2025, 190 W
Fri Sep 26 13:30:19 IDT 2025, 168 W
Fri Sep 26 13:30:19 IDT 2025, 142 W
Fri Sep 26 13:30:20 IDT 2025, 161 W
Fri Sep 26 13:30:20 IDT 2025, 163 W
Fri Sep 26 13:30:20 IDT 2025, 199 W
Fri Sep 26 13:30:20 IDT 2025, 153 W
Fri Sep 26 13:30:20 IDT 2025, 155 W
Fri Sep 26 13:30:20 IDT 2025, 189 W
Fri Sep 26 13:30:20 IDT 2025, 171 W
Fri Sep 26 13:30:20 IDT 2025, 151 W
Fri Sep 26 13:30:21 IDT 2025, 161 W
Fri Sep 26 13:30:21 IDT 2025, 158 W
Fri Sep 26 13:30:21 IDT 2025, 190 W
Fri Sep 26 13:30:21 IDT 2025, 160 W
Fri Sep 26 13:30:21 IDT 2025, 155 W
Fri Sep 26 13:30:21 IDT 2025, 190 W
Fri Sep 26 13:30:21 IDT 2025, 165 W
Fri Sep 26 13:30:21 IDT 2025, 150 W
Fri Sep 26 13:30:22 IDT 2025, 172 W
Fri Sep 26 13:30:22 IDT 2025, 161 W
Fri Sep 26 13:30:22 IDT 2025, 201 W
Fri Sep 26 13:30:22 IDT 2025, 151 W
Fri Sep 26 13:30:22 IDT 2025, 168 W
Fri Sep 26 13:30:22 IDT 2025, 189 W
Fri Sep 26 13:30:22 IDT 2025, 170 W
Fri Sep 26 13:30:22 IDT 2025, 159 W
Fri Sep 26 13:30:23 IDT 2025, 155 W
Fri Sep 26 13:30:23 IDT 2025, 159 W
Fri Sep 26 13:30:23 IDT 2025, 185 W
Fri Sep 26 13:30:23 IDT 2025, 149 W
Fri Sep 26 13:30:23 IDT 2025, 151 W
Fri Sep 26 13:30:23 IDT 2025, 186 W
Fri Sep 26 13:30:23 IDT 2025, 163 W
Fri Sep 26 13:30:23 IDT 2025, 143 W
Fri Sep 26 13:30:24 IDT 2025, 186 W
Fri Sep 26 13:30:24 IDT 2025, 183 W
Fri Sep 26 13:30:24 IDT 2025, 220 W
Fri Sep 26 13:30:24 IDT 2025, 171 W
Fri Sep 26 13:30:24 IDT 2025, 178 W
Fri Sep 26 13:30:24 IDT 2025, 216 W
Fri Sep 26 13:30:24 IDT 2025, 188 W
Fri Sep 26 13:30:24 IDT 2025, 168 W
Fri Sep 26 13:30:25 IDT 2025, 168 W
Fri Sep 26 13:30:25 IDT 2025, 164 W
Fri Sep 26 13:30:25 IDT 2025, 190 W
Fri Sep 26 13:30:25 IDT 2025, 158 W
Fri Sep 26 13:30:25 IDT 2025, 159 W
Fri Sep 26 13:30:25 IDT 2025, 187 W
Fri Sep 26 13:30:25 IDT 2025, 164 W
Fri Sep 26 13:30:25 IDT 2025, 150 W
Fri Sep 26 13:30:26 IDT 2025, 155 W
Fri Sep 26 13:30:26 IDT 2025, 160 W
Fri Sep 26 13:30:26 IDT 2025, 191 W
Fri Sep 26 13:30:26 IDT 2025, 158 W
Fri Sep 26 13:30:26 IDT 2025, 161 W
Fri Sep 26 13:30:26 IDT 2025, 185 W
Fri Sep 26 13:30:26 IDT 2025, 159 W
Fri Sep 26 13:30:26 IDT 2025, 150 W
Fri Sep 26 13:30:27 IDT 2025, 185 W
Fri Sep 26 13:30:27 IDT 2025, 179 W
Fri Sep 26 13:30:27 IDT 2025, 216 W
Fri Sep 26 13:30:27 IDT 2025, 169 W
Fri Sep 26 13:30:27 IDT 2025, 180 W
Fri Sep 26 13:30:27 IDT 2025, 210 W
Fri Sep 26 13:30:27 IDT 2025, 187 W
Fri Sep 26 13:30:27 IDT 2025, 164 W
Fri Sep 26 13:30:28 IDT 2025, 177 W
Fri Sep 26 13:30:28 IDT 2025, 181 W
Fri Sep 26 13:30:28 IDT 2025, 219 W
Fri Sep 26 13:30:28 IDT 2025, 173 W
Fri Sep 26 13:30:28 IDT 2025, 176 W
Fri Sep 26 13:30:28 IDT 2025, 195 W
Fri Sep 26 13:30:28 IDT 2025, 179 W
Fri Sep 26 13:30:28 IDT 2025, 160 W
Fri Sep 26 13:30:29 IDT 2025, 183 W
Fri Sep 26 13:30:29 IDT 2025, 172 W
Fri Sep 26 13:30:29 IDT 2025, 208 W
Fri Sep 26 13:30:29 IDT 2025, 176 W
Fri Sep 26 13:30:29 IDT 2025, 174 W
Fri Sep 26 13:30:29 IDT 2025, 207 W
Fri Sep 26 13:30:29 IDT 2025, 181 W
Fri Sep 26 13:30:29 IDT 2025, 168 W
Fri Sep 26 13:30:30 IDT 2025, 179 W
Fri Sep 26 13:30:30 IDT 2025, 167 W
Fri Sep 26 13:30:30 IDT 2025, 209 W
Fri Sep 26 13:30:30 IDT 2025, 171 W
Fri Sep 26 13:30:30 IDT 2025, 176 W
Fri Sep 26 13:30:30 IDT 2025, 210 W
Fri Sep 26 13:30:30 IDT 2025, 183 W
Fri Sep 26 13:30:30 IDT 2025, 158 W
Fri Sep 26 13:30:31 IDT 2025, 188 W
Fri Sep 26 13:30:31 IDT 2025, 188 W
Fri Sep 26 13:30:31 IDT 2025, 215 W
Fri Sep 26 13:30:31 IDT 2025, 173 W
Fri Sep 26 13:30:31 IDT 2025, 173 W
Fri Sep 26 13:30:31 IDT 2025, 212 W
Fri Sep 26 13:30:31 IDT 2025, 190 W
Fri Sep 26 13:30:31 IDT 2025, 173 W
Fri Sep 26 13:30:32 IDT 2025, 183 W
Fri Sep 26 13:30:32 IDT 2025, 180 W
Fri Sep 26 13:30:32 IDT 2025, 211 W
Fri Sep 26 13:30:32 IDT 2025, 175 W
Fri Sep 26 13:30:32 IDT 2025, 177 W
Fri Sep 26 13:30:32 IDT 2025, 213 W
Fri Sep 26 13:30:32 IDT 2025, 187 W
Fri Sep 26 13:30:32 IDT 2025, 162 W
Fri Sep 26 13:30:33 IDT 2025, 153 W
Fri Sep 26 13:30:33 IDT 2025, 149 W
Fri Sep 26 13:30:33 IDT 2025, 176 W
Fri Sep 26 13:30:33 IDT 2025, 143 W
Fri Sep 26 13:30:33 IDT 2025, 147 W
Fri Sep 26 13:30:33 IDT 2025, 192 W
Fri Sep 26 13:30:33 IDT 2025, 159 W
Fri Sep 26 13:30:33 IDT 2025, 136 W
Fri Sep 26 13:30:34 IDT 2025, 173 W
Fri Sep 26 13:30:34 IDT 2025, 178 W
Fri Sep 26 13:30:34 IDT 2025, 195 W
Fri Sep 26 13:30:34 IDT 2025, 161 W
Fri Sep 26 13:30:34 IDT 2025, 174 W
Fri Sep 26 13:30:34 IDT 2025, 206 W
Fri Sep 26 13:30:34 IDT 2025, 177 W
Fri Sep 26 13:30:34 IDT 2025, 160 W
Fri Sep 26 13:30:35 IDT 2025, 170 W
Fri Sep 26 13:30:35 IDT 2025, 171 W
Fri Sep 26 13:30:35 IDT 2025, 208 W
Fri Sep 26 13:30:35 IDT 2025, 168 W
Fri Sep 26 13:30:35 IDT 2025, 163 W
Fri Sep 26 13:30:35 IDT 2025, 199 W
Fri Sep 26 13:30:35 IDT 2025, 169 W
Fri Sep 26 13:30:35 IDT 2025, 159 W
Fri Sep 26 13:30:36 IDT 2025, 174 W
Fri Sep 26 13:30:36 IDT 2025, 167 W
Fri Sep 26 13:30:36 IDT 2025, 189 W
Fri Sep 26 13:30:36 IDT 2025, 167 W
Fri Sep 26 13:30:36 IDT 2025, 165 W
Fri Sep 26 13:30:36 IDT 2025, 201 W
Fri Sep 26 13:30:36 IDT 2025, 172 W
Fri Sep 26 13:30:36 IDT 2025, 161 W
Fri Sep 26 13:30:37 IDT 2025, 172 W
Fri Sep 26 13:30:37 IDT 2025, 176 W
Fri Sep 26 13:30:37 IDT 2025, 202 W
Fri Sep 26 13:30:37 IDT 2025, 166 W
Fri Sep 26 13:30:37 IDT 2025, 169 W
Fri Sep 26 13:30:37 IDT 2025, 209 W
Fri Sep 26 13:30:37 IDT 2025, 180 W
Fri Sep 26 13:30:37 IDT 2025, 162 W
Fri Sep 26 13:30:38 IDT 2025, 180 W
Fri Sep 26 13:30:38 IDT 2025, 163 W
Fri Sep 26 13:30:38 IDT 2025, 201 W
Fri Sep 26 13:30:38 IDT 2025, 164 W
Fri Sep 26 13:30:38 IDT 2025, 181 W
Fri Sep 26 13:30:38 IDT 2025, 204 W
Fri Sep 26 13:30:38 IDT 2025, 183 W
Fri Sep 26 13:30:38 IDT 2025, 164 W
Fri Sep 26 13:30:39 IDT 2025, 176 W
Fri Sep 26 13:30:39 IDT 2025, 183 W
Fri Sep 26 13:30:39 IDT 2025, 207 W
Fri Sep 26 13:30:39 IDT 2025, 172 W
Fri Sep 26 13:30:39 IDT 2025, 172 W
Fri Sep 26 13:30:39 IDT 2025, 201 W
Fri Sep 26 13:30:39 IDT 2025, 188 W
Fri Sep 26 13:30:39 IDT 2025, 153 W
Fri Sep 26 13:30:40 IDT 2025, 188 W
Fri Sep 26 13:30:40 IDT 2025, 182 W
Fri Sep 26 13:30:40 IDT 2025, 210 W
Fri Sep 26 13:30:40 IDT 2025, 175 W
Fri Sep 26 13:30:40 IDT 2025, 184 W
Fri Sep 26 13:30:40 IDT 2025, 208 W
Fri Sep 26 13:30:40 IDT 2025, 194 W
Fri Sep 26 13:30:40 IDT 2025, 169 W
Fri Sep 26 13:30:41 IDT 2025, 185 W
Fri Sep 26 13:30:41 IDT 2025, 186 W
Fri Sep 26 13:30:41 IDT 2025, 205 W
Fri Sep 26 13:30:41 IDT 2025, 173 W
Fri Sep 26 13:30:41 IDT 2025, 186 W
Fri Sep 26 13:30:41 IDT 2025, 207 W
Fri Sep 26 13:30:41 IDT 2025, 197 W
Fri Sep 26 13:30:41 IDT 2025, 169 W
Fri Sep 26 13:30:42 IDT 2025, 174 W
Fri Sep 26 13:30:42 IDT 2025, 177 W
Fri Sep 26 13:30:42 IDT 2025, 206 W
Fri Sep 26 13:30:42 IDT 2025, 172 W
Fri Sep 26 13:30:42 IDT 2025, 183 W
Fri Sep 26 13:30:42 IDT 2025, 211 W
Fri Sep 26 13:30:42 IDT 2025, 183 W
Fri Sep 26 13:30:42 IDT 2025, 165 W
Fri Sep 26 13:30:43 IDT 2025, 162 W
Fri Sep 26 13:30:43 IDT 2025, 164 W
Fri Sep 26 13:30:43 IDT 2025, 193 W
Fri Sep 26 13:30:43 IDT 2025, 161 W
Fri Sep 26 13:30:43 IDT 2025, 155 W
Fri Sep 26 13:30:43 IDT 2025, 202 W
Fri Sep 26 13:30:43 IDT 2025, 175 W
Fri Sep 26 13:30:43 IDT 2025, 152 W
Fri Sep 26 13:30:44 IDT 2025, 182 W
Fri Sep 26 13:30:44 IDT 2025, 181 W
Fri Sep 26 13:30:44 IDT 2025, 213 W
Fri Sep 26 13:30:44 IDT 2025, 182 W
Fri Sep 26 13:30:44 IDT 2025, 186 W
Fri Sep 26 13:30:44 IDT 2025, 210 W
Fri Sep 26 13:30:44 IDT 2025, 189 W
Fri Sep 26 13:30:44 IDT 2025, 178 W
Fri Sep 26 13:30:45 IDT 2025, 178 W
Fri Sep 26 13:30:45 IDT 2025, 185 W
Fri Sep 26 13:30:45 IDT 2025, 216 W
Fri Sep 26 13:30:45 IDT 2025, 173 W
Fri Sep 26 13:30:45 IDT 2025, 178 W
Fri Sep 26 13:30:45 IDT 2025, 212 W
Fri Sep 26 13:30:45 IDT 2025, 184 W
Fri Sep 26 13:30:45 IDT 2025, 168 W
Fri Sep 26 13:30:46 IDT 2025, 170 W
Fri Sep 26 13:30:46 IDT 2025, 171 W
Fri Sep 26 13:30:46 IDT 2025, 198 W
Fri Sep 26 13:30:46 IDT 2025, 152 W
Fri Sep 26 13:30:46 IDT 2025, 168 W
Fri Sep 26 13:30:46 IDT 2025, 197 W
Fri Sep 26 13:30:46 IDT 2025, 175 W
Fri Sep 26 13:30:46 IDT 2025, 159 W
Fri Sep 26 13:30:47 IDT 2025, 181 W
Fri Sep 26 13:30:47 IDT 2025, 188 W
Fri Sep 26 13:30:47 IDT 2025, 217 W
Fri Sep 26 13:30:47 IDT 2025, 173 W
Fri Sep 26 13:30:47 IDT 2025, 177 W
Fri Sep 26 13:30:47 IDT 2025, 217 W
Fri Sep 26 13:30:47 IDT 2025, 192 W
Fri Sep 26 13:30:47 IDT 2025, 174 W
Fri Sep 26 13:30:48 IDT 2025, 157 W
Fri Sep 26 13:30:48 IDT 2025, 153 W
Fri Sep 26 13:30:48 IDT 2025, 191 W
Fri Sep 26 13:30:48 IDT 2025, 150 W
Fri Sep 26 13:30:48 IDT 2025, 138 W
Fri Sep 26 13:30:48 IDT 2025, 188 W
Fri Sep 26 13:30:48 IDT 2025, 156 W
Fri Sep 26 13:30:48 IDT 2025, 139 W
Fri Sep 26 13:30:49 IDT 2025, 163 W
Fri Sep 26 13:30:49 IDT 2025, 155 W
Fri Sep 26 13:30:49 IDT 2025, 188 W
Fri Sep 26 13:30:49 IDT 2025, 150 W
Fri Sep 26 13:30:49 IDT 2025, 153 W
Fri Sep 26 13:30:49 IDT 2025, 190 W
Fri Sep 26 13:30:49 IDT 2025, 160 W
Fri Sep 26 13:30:49 IDT 2025, 142 W
Fri Sep 26 13:30:50 IDT 2025, 156 W
Fri Sep 26 13:30:50 IDT 2025, 157 W
Fri Sep 26 13:30:50 IDT 2025, 200 W
Fri Sep 26 13:30:50 IDT 2025, 155 W
Fri Sep 26 13:30:50 IDT 2025, 155 W
Fri Sep 26 13:30:50 IDT 2025, 187 W
Fri Sep 26 13:30:50 IDT 2025, 163 W
Fri Sep 26 13:30:50 IDT 2025, 146 W
Fri Sep 26 13:30:51 IDT 2025, 157 W
Fri Sep 26 13:30:51 IDT 2025, 159 W
Fri Sep 26 13:30:51 IDT 2025, 192 W
Fri Sep 26 13:30:51 IDT 2025, 147 W
Fri Sep 26 13:30:51 IDT 2025, 153 W
Fri Sep 26 13:30:51 IDT 2025, 184 W
Fri Sep 26 13:30:51 IDT 2025, 155 W
Fri Sep 26 13:30:51 IDT 2025, 144 W
Fri Sep 26 13:30:52 IDT 2025, 172 W
Fri Sep 26 13:30:52 IDT 2025, 175 W
Fri Sep 26 13:30:52 IDT 2025, 202 W
Fri Sep 26 13:30:52 IDT 2025, 169 W
Fri Sep 26 13:30:52 IDT 2025, 172 W
Fri Sep 26 13:30:52 IDT 2025, 206 W
Fri Sep 26 13:30:52 IDT 2025, 187 W
Fri Sep 26 13:30:52 IDT 2025, 159 W
Fri Sep 26 13:30:53 IDT 2025, 161 W
Fri Sep 26 13:30:53 IDT 2025, 158 W
Fri Sep 26 13:30:53 IDT 2025, 195 W
Fri Sep 26 13:30:53 IDT 2025, 150 W
Fri Sep 26 13:30:53 IDT 2025, 153 W
Fri Sep 26 13:30:53 IDT 2025, 191 W
Fri Sep 26 13:30:53 IDT 2025, 165 W
Fri Sep 26 13:30:53 IDT 2025, 150 W
Fri Sep 26 13:30:54 IDT 2025, 170 W
Fri Sep 26 13:30:54 IDT 2025, 170 W
Fri Sep 26 13:30:54 IDT 2025, 203 W
Fri Sep 26 13:30:54 IDT 2025, 162 W
Fri Sep 26 13:30:54 IDT 2025, 169 W
Fri Sep 26 13:30:54 IDT 2025, 195 W
Fri Sep 26 13:30:54 IDT 2025, 177 W
Fri Sep 26 13:30:54 IDT 2025, 164 W
Fri Sep 26 13:30:55 IDT 2025, 171 W
Fri Sep 26 13:30:55 IDT 2025, 170 W
Fri Sep 26 13:30:55 IDT 2025, 205 W
Fri Sep 26 13:30:55 IDT 2025, 168 W
Fri Sep 26 13:30:55 IDT 2025, 166 W
Fri Sep 26 13:30:55 IDT 2025, 200 W
Fri Sep 26 13:30:55 IDT 2025, 188 W
Fri Sep 26 13:30:55 IDT 2025, 152 W
Fri Sep 26 13:30:56 IDT 2025, 185 W
Fri Sep 26 13:30:56 IDT 2025, 183 W
Fri Sep 26 13:30:56 IDT 2025, 211 W
Fri Sep 26 13:30:56 IDT 2025, 170 W
Fri Sep 26 13:30:56 IDT 2025, 182 W
Fri Sep 26 13:30:56 IDT 2025, 210 W
Fri Sep 26 13:30:56 IDT 2025, 182 W
Fri Sep 26 13:30:56 IDT 2025, 173 W
Fri Sep 26 13:30:57 IDT 2025, 176 W
Fri Sep 26 13:30:57 IDT 2025, 178 W
Fri Sep 26 13:30:57 IDT 2025, 206 W
Fri Sep 26 13:30:57 IDT 2025, 168 W
Fri Sep 26 13:30:57 IDT 2025, 178 W
Fri Sep 26 13:30:57 IDT 2025, 200 W
Fri Sep 26 13:30:57 IDT 2025, 173 W
Fri Sep 26 13:30:57 IDT 2025, 163 W
Fri Sep 26 13:30:58 IDT 2025, 166 W
Fri Sep 26 13:30:58 IDT 2025, 160 W
Fri Sep 26 13:30:58 IDT 2025, 200 W
Fri Sep 26 13:30:58 IDT 2025, 153 W
Fri Sep 26 13:30:58 IDT 2025, 168 W
Fri Sep 26 13:30:58 IDT 2025, 193 W
Fri Sep 26 13:30:58 IDT 2025, 153 W
Fri Sep 26 13:30:58 IDT 2025, 148 W
Fri Sep 26 13:30:59 IDT 2025, 167 W
Fri Sep 26 13:30:59 IDT 2025, 161 W
Fri Sep 26 13:30:59 IDT 2025, 194 W
Fri Sep 26 13:30:59 IDT 2025, 160 W
Fri Sep 26 13:30:59 IDT 2025, 165 W
Fri Sep 26 13:30:59 IDT 2025, 191 W
Fri Sep 26 13:30:59 IDT 2025, 157 W
Fri Sep 26 13:30:59 IDT 2025, 152 W
Fri Sep 26 13:31:00 IDT 2025, 177 W
Fri Sep 26 13:31:00 IDT 2025, 181 W
Fri Sep 26 13:31:00 IDT 2025, 214 W
Fri Sep 26 13:31:00 IDT 2025, 173 W
Fri Sep 26 13:31:00 IDT 2025, 176 W
Fri Sep 26 13:31:00 IDT 2025, 206 W
Fri Sep 26 13:31:00 IDT 2025, 190 W
Fri Sep 26 13:31:00 IDT 2025, 167 W
Fri Sep 26 13:31:01 IDT 2025, 181 W
Fri Sep 26 13:31:01 IDT 2025, 176 W
Fri Sep 26 13:31:01 IDT 2025, 212 W
Fri Sep 26 13:31:01 IDT 2025, 172 W
Fri Sep 26 13:31:01 IDT 2025, 170 W
Fri Sep 26 13:31:01 IDT 2025, 202 W
Fri Sep 26 13:31:01 IDT 2025, 186 W
Fri Sep 26 13:31:01 IDT 2025, 163 W
Fri Sep 26 13:31:02 IDT 2025, 174 W
Fri Sep 26 13:31:02 IDT 2025, 165 W
Fri Sep 26 13:31:02 IDT 2025, 185 W
Fri Sep 26 13:31:02 IDT 2025, 160 W
Fri Sep 26 13:31:02 IDT 2025, 169 W
Fri Sep 26 13:31:02 IDT 2025, 208 W
Fri Sep 26 13:31:02 IDT 2025, 171 W
Fri Sep 26 13:31:02 IDT 2025, 152 W
Fri Sep 26 13:31:03 IDT 2025, 169 W
Fri Sep 26 13:31:03 IDT 2025, 167 W
Fri Sep 26 13:31:03 IDT 2025, 192 W
Fri Sep 26 13:31:03 IDT 2025, 162 W
Fri Sep 26 13:31:03 IDT 2025, 169 W
Fri Sep 26 13:31:03 IDT 2025, 195 W
Fri Sep 26 13:31:03 IDT 2025, 166 W
Fri Sep 26 13:31:03 IDT 2025, 157 W
Fri Sep 26 13:31:04 IDT 2025, 148 W
Fri Sep 26 13:31:04 IDT 2025, 161 W
Fri Sep 26 13:31:04 IDT 2025, 187 W
Fri Sep 26 13:31:04 IDT 2025, 156 W
Fri Sep 26 13:31:04 IDT 2025, 155 W
Fri Sep 26 13:31:04 IDT 2025, 190 W
Fri Sep 26 13:31:04 IDT 2025, 166 W
Fri Sep 26 13:31:04 IDT 2025, 142 W
Fri Sep 26 13:31:05 IDT 2025, 188 W
Fri Sep 26 13:31:05 IDT 2025, 187 W
Fri Sep 26 13:31:05 IDT 2025, 202 W
Fri Sep 26 13:31:05 IDT 2025, 167 W
Fri Sep 26 13:31:05 IDT 2025, 177 W
Fri Sep 26 13:31:05 IDT 2025, 200 W
Fri Sep 26 13:31:05 IDT 2025, 181 W
Fri Sep 26 13:31:05 IDT 2025, 163 W
Fri Sep 26 13:31:06 IDT 2025, 157 W
Fri Sep 26 13:31:06 IDT 2025, 161 W
Fri Sep 26 13:31:06 IDT 2025, 177 W
Fri Sep 26 13:31:06 IDT 2025, 152 W
Fri Sep 26 13:31:06 IDT 2025, 155 W
Fri Sep 26 13:31:06 IDT 2025, 190 W
Fri Sep 26 13:31:06 IDT 2025, 160 W
Fri Sep 26 13:31:06 IDT 2025, 144 W
Fri Sep 26 13:31:07 IDT 2025, 189 W
Fri Sep 26 13:31:07 IDT 2025, 182 W
Fri Sep 26 13:31:07 IDT 2025, 200 W
Fri Sep 26 13:31:07 IDT 2025, 177 W
Fri Sep 26 13:31:07 IDT 2025, 188 W
Fri Sep 26 13:31:07 IDT 2025, 216 W
Fri Sep 26 13:31:07 IDT 2025, 186 W
Fri Sep 26 13:31:07 IDT 2025, 167 W
Fri Sep 26 13:31:08 IDT 2025, 162 W
Fri Sep 26 13:31:08 IDT 2025, 172 W
Fri Sep 26 13:31:08 IDT 2025, 204 W
Fri Sep 26 13:31:08 IDT 2025, 157 W
Fri Sep 26 13:31:08 IDT 2025, 155 W
Fri Sep 26 13:31:08 IDT 2025, 201 W
Fri Sep 26 13:31:08 IDT 2025, 173 W
Fri Sep 26 13:31:08 IDT 2025, 149 W
Fri Sep 26 13:31:09 IDT 2025, 166 W
Fri Sep 26 13:31:09 IDT 2025, 176 W
Fri Sep 26 13:31:09 IDT 2025, 209 W
Fri Sep 26 13:31:09 IDT 2025, 170 W
Fri Sep 26 13:31:09 IDT 2025, 176 W
Fri Sep 26 13:31:09 IDT 2025, 214 W
Fri Sep 26 13:31:09 IDT 2025, 178 W
Fri Sep 26 13:31:09 IDT 2025, 165 W
Fri Sep 26 13:31:10 IDT 2025, 160 W
Fri Sep 26 13:31:10 IDT 2025, 163 W
Fri Sep 26 13:31:10 IDT 2025, 192 W
Fri Sep 26 13:31:10 IDT 2025, 159 W
Fri Sep 26 13:31:10 IDT 2025, 156 W
Fri Sep 26 13:31:10 IDT 2025, 193 W
Fri Sep 26 13:31:10 IDT 2025, 166 W
Fri Sep 26 13:31:10 IDT 2025, 145 W
Fri Sep 26 13:31:11 IDT 2025, 168 W
Fri Sep 26 13:31:11 IDT 2025, 174 W
Fri Sep 26 13:31:11 IDT 2025, 192 W
Fri Sep 26 13:31:11 IDT 2025, 159 W
Fri Sep 26 13:31:11 IDT 2025, 177 W
Fri Sep 26 13:31:11 IDT 2025, 208 W
Fri Sep 26 13:31:11 IDT 2025, 179 W
Fri Sep 26 13:31:11 IDT 2025, 154 W
Fri Sep 26 13:31:12 IDT 2025, 174 W
Fri Sep 26 13:31:12 IDT 2025, 171 W
Fri Sep 26 13:31:12 IDT 2025, 205 W
Fri Sep 26 13:31:12 IDT 2025, 165 W
Fri Sep 26 13:31:12 IDT 2025, 164 W
Fri Sep 26 13:31:12 IDT 2025, 199 W
Fri Sep 26 13:31:12 IDT 2025, 175 W
Fri Sep 26 13:31:12 IDT 2025, 163 W
Fri Sep 26 13:31:13 IDT 2025, 152 W
Fri Sep 26 13:31:13 IDT 2025, 158 W
Fri Sep 26 13:31:13 IDT 2025, 185 W
Fri Sep 26 13:31:13 IDT 2025, 155 W
Fri Sep 26 13:31:13 IDT 2025, 155 W
Fri Sep 26 13:31:13 IDT 2025, 183 W
Fri Sep 26 13:31:13 IDT 2025, 164 W
Fri Sep 26 13:31:13 IDT 2025, 139 W
Fri Sep 26 13:31:14 IDT 2025, 175 W
Fri Sep 26 13:31:14 IDT 2025, 175 W
Fri Sep 26 13:31:14 IDT 2025, 200 W
Fri Sep 26 13:31:14 IDT 2025, 168 W
Fri Sep 26 13:31:14 IDT 2025, 175 W
Fri Sep 26 13:31:14 IDT 2025, 215 W
Fri Sep 26 13:31:14 IDT 2025, 187 W
Fri Sep 26 13:31:14 IDT 2025, 159 W
Fri Sep 26 13:31:15 IDT 2025, 169 W
Fri Sep 26 13:31:15 IDT 2025, 171 W
Fri Sep 26 13:31:15 IDT 2025, 203 W
Fri Sep 26 13:31:15 IDT 2025, 159 W
Fri Sep 26 13:31:15 IDT 2025, 157 W
Fri Sep 26 13:31:15 IDT 2025, 203 W
Fri Sep 26 13:31:15 IDT 2025, 176 W
Fri Sep 26 13:31:15 IDT 2025, 158 W
Fri Sep 26 13:31:16 IDT 2025, 158 W
Fri Sep 26 13:31:16 IDT 2025, 160 W
Fri Sep 26 13:31:16 IDT 2025, 185 W
Fri Sep 26 13:31:16 IDT 2025, 158 W
Fri Sep 26 13:31:16 IDT 2025, 158 W
Fri Sep 26 13:31:16 IDT 2025, 191 W
Fri Sep 26 13:31:16 IDT 2025, 165 W
Fri Sep 26 13:31:16 IDT 2025, 141 W
Fri Sep 26 13:31:17 IDT 2025, 180 W
Fri Sep 26 13:31:17 IDT 2025, 173 W
Fri Sep 26 13:31:17 IDT 2025, 204 W
Fri Sep 26 13:31:17 IDT 2025, 172 W
Fri Sep 26 13:31:17 IDT 2025, 165 W
Fri Sep 26 13:31:17 IDT 2025, 209 W
Fri Sep 26 13:31:17 IDT 2025, 181 W
Fri Sep 26 13:31:17 IDT 2025, 159 W
Fri Sep 26 13:31:18 IDT 2025, 167 W
Fri Sep 26 13:31:18 IDT 2025, 169 W
Fri Sep 26 13:31:18 IDT 2025, 202 W
Fri Sep 26 13:31:18 IDT 2025, 167 W
Fri Sep 26 13:31:18 IDT 2025, 169 W
Fri Sep 26 13:31:18 IDT 2025, 192 W
Fri Sep 26 13:31:18 IDT 2025, 167 W
Fri Sep 26 13:31:18 IDT 2025, 155 W
Fri Sep 26 13:31:19 IDT 2025, 182 W
Fri Sep 26 13:31:19 IDT 2025, 188 W
Fri Sep 26 13:31:19 IDT 2025, 221 W
Fri Sep 26 13:31:19 IDT 2025, 169 W
Fri Sep 26 13:31:19 IDT 2025, 184 W
Fri Sep 26 13:31:19 IDT 2025, 209 W
Fri Sep 26 13:31:19 IDT 2025, 185 W
Fri Sep 26 13:31:19 IDT 2025, 167 W
Fri Sep 26 13:31:20 IDT 2025, 181 W
Fri Sep 26 13:31:20 IDT 2025, 187 W
Fri Sep 26 13:31:20 IDT 2025, 202 W
Fri Sep 26 13:31:20 IDT 2025, 174 W
Fri Sep 26 13:31:20 IDT 2025, 183 W
Fri Sep 26 13:31:20 IDT 2025, 203 W
Fri Sep 26 13:31:20 IDT 2025, 185 W
Fri Sep 26 13:31:20 IDT 2025, 165 W
Fri Sep 26 13:31:21 IDT 2025, 167 W
Fri Sep 26 13:31:21 IDT 2025, 176 W
Fri Sep 26 13:31:21 IDT 2025, 202 W
Fri Sep 26 13:31:21 IDT 2025, 165 W
Fri Sep 26 13:31:21 IDT 2025, 170 W
Fri Sep 26 13:31:21 IDT 2025, 188 W
Fri Sep 26 13:31:21 IDT 2025, 173 W
Fri Sep 26 13:31:21 IDT 2025, 160 W
Fri Sep 26 13:31:22 IDT 2025, 174 W
Fri Sep 26 13:31:22 IDT 2025, 179 W
Fri Sep 26 13:31:22 IDT 2025, 211 W
Fri Sep 26 13:31:22 IDT 2025, 162 W
Fri Sep 26 13:31:22 IDT 2025, 171 W
Fri Sep 26 13:31:22 IDT 2025, 207 W
Fri Sep 26 13:31:22 IDT 2025, 180 W
Fri Sep 26 13:31:22 IDT 2025, 168 W
Fri Sep 26 13:31:23 IDT 2025, 173 W
Fri Sep 26 13:31:23 IDT 2025, 174 W
Fri Sep 26 13:31:23 IDT 2025, 210 W
Fri Sep 26 13:31:23 IDT 2025, 162 W
Fri Sep 26 13:31:23 IDT 2025, 172 W
Fri Sep 26 13:31:23 IDT 2025, 207 W
Fri Sep 26 13:31:23 IDT 2025, 174 W
Fri Sep 26 13:31:23 IDT 2025, 161 W
Fri Sep 26 13:31:24 IDT 2025, 156 W
Fri Sep 26 13:31:24 IDT 2025, 162 W
Fri Sep 26 13:31:24 IDT 2025, 196 W
Fri Sep 26 13:31:24 IDT 2025, 155 W
Fri Sep 26 13:31:24 IDT 2025, 167 W
Fri Sep 26 13:31:24 IDT 2025, 192 W
Fri Sep 26 13:31:24 IDT 2025, 168 W
Fri Sep 26 13:31:24 IDT 2025, 154 W
Fri Sep 26 13:31:25 IDT 2025, 170 W
Fri Sep 26 13:31:25 IDT 2025, 171 W
Fri Sep 26 13:31:25 IDT 2025, 207 W
Fri Sep 26 13:31:25 IDT 2025, 167 W
Fri Sep 26 13:31:25 IDT 2025, 175 W
Fri Sep 26 13:31:25 IDT 2025, 200 W
Fri Sep 26 13:31:25 IDT 2025, 174 W
Fri Sep 26 13:31:25 IDT 2025, 162 W
Fri Sep 26 13:31:26 IDT 2025, 218 W
Fri Sep 26 13:31:26 IDT 2025, 220 W
Fri Sep 26 13:31:26 IDT 2025, 243 W
Fri Sep 26 13:31:26 IDT 2025, 206 W
Fri Sep 26 13:31:26 IDT 2025, 217 W
Fri Sep 26 13:31:26 IDT 2025, 241 W
Fri Sep 26 13:31:26 IDT 2025, 217 W
Fri Sep 26 13:31:26 IDT 2025, 216 W
Fri Sep 26 13:31:27 IDT 2025, 188 W
Fri Sep 26 13:31:27 IDT 2025, 174 W
Fri Sep 26 13:31:27 IDT 2025, 211 W
Fri Sep 26 13:31:27 IDT 2025, 168 W
Fri Sep 26 13:31:27 IDT 2025, 183 W
Fri Sep 26 13:31:27 IDT 2025, 212 W
Fri Sep 26 13:31:27 IDT 2025, 193 W
Fri Sep 26 13:31:27 IDT 2025, 166 W
Fri Sep 26 13:31:28 IDT 2025, 167 W
Fri Sep 26 13:31:28 IDT 2025, 145 W
Fri Sep 26 13:31:28 IDT 2025, 198 W
Fri Sep 26 13:31:28 IDT 2025, 156 W
Fri Sep 26 13:31:28 IDT 2025, 155 W
Fri Sep 26 13:31:28 IDT 2025, 192 W
Fri Sep 26 13:31:28 IDT 2025, 166 W
Fri Sep 26 13:31:28 IDT 2025, 147 W
Fri Sep 26 13:31:29 IDT 2025, 175 W
Fri Sep 26 13:31:29 IDT 2025, 163 W
Fri Sep 26 13:31:29 IDT 2025, 208 W
Fri Sep 26 13:31:29 IDT 2025, 179 W
Fri Sep 26 13:31:29 IDT 2025, 170 W
Fri Sep 26 13:31:29 IDT 2025, 207 W
Fri Sep 26 13:31:29 IDT 2025, 184 W
Fri Sep 26 13:31:29 IDT 2025, 149 W
Fri Sep 26 13:31:30 IDT 2025, 184 W
Fri Sep 26 13:31:30 IDT 2025, 191 W
Fri Sep 26 13:31:30 IDT 2025, 217 W
Fri Sep 26 13:31:30 IDT 2025, 172 W
Fri Sep 26 13:31:30 IDT 2025, 184 W
Fri Sep 26 13:31:30 IDT 2025, 209 W
Fri Sep 26 13:31:30 IDT 2025, 187 W
Fri Sep 26 13:31:30 IDT 2025, 169 W
Fri Sep 26 13:31:31 IDT 2025, 179 W
Fri Sep 26 13:31:31 IDT 2025, 189 W
Fri Sep 26 13:31:31 IDT 2025, 209 W
Fri Sep 26 13:31:31 IDT 2025, 175 W
Fri Sep 26 13:31:31 IDT 2025, 172 W
Fri Sep 26 13:31:31 IDT 2025, 207 W
Fri Sep 26 13:31:31 IDT 2025, 189 W
Fri Sep 26 13:31:31 IDT 2025, 167 W
Fri Sep 26 13:31:32 IDT 2025, 179 W
Fri Sep 26 13:31:32 IDT 2025, 180 W
Fri Sep 26 13:31:32 IDT 2025, 207 W
Fri Sep 26 13:31:32 IDT 2025, 172 W
Fri Sep 26 13:31:32 IDT 2025, 175 W
Fri Sep 26 13:31:32 IDT 2025, 206 W
Fri Sep 26 13:31:32 IDT 2025, 191 W
Fri Sep 26 13:31:32 IDT 2025, 162 W
Fri Sep 26 13:31:33 IDT 2025, 162 W
Fri Sep 26 13:31:33 IDT 2025, 160 W
Fri Sep 26 13:31:33 IDT 2025, 190 W
Fri Sep 26 13:31:33 IDT 2025, 159 W
Fri Sep 26 13:31:33 IDT 2025, 158 W
Fri Sep 26 13:31:33 IDT 2025, 193 W
Fri Sep 26 13:31:33 IDT 2025, 167 W
Fri Sep 26 13:31:33 IDT 2025, 142 W
Fri Sep 26 13:31:34 IDT 2025, 163 W
Fri Sep 26 13:31:34 IDT 2025, 177 W
Fri Sep 26 13:31:34 IDT 2025, 190 W
Fri Sep 26 13:31:34 IDT 2025, 154 W
Fri Sep 26 13:31:34 IDT 2025, 165 W
Fri Sep 26 13:31:34 IDT 2025, 193 W
Fri Sep 26 13:31:34 IDT 2025, 173 W
Fri Sep 26 13:31:34 IDT 2025, 146 W
Fri Sep 26 13:31:35 IDT 2025, 171 W
Fri Sep 26 13:31:35 IDT 2025, 182 W
Fri Sep 26 13:31:35 IDT 2025, 216 W
Fri Sep 26 13:31:35 IDT 2025, 166 W
Fri Sep 26 13:31:35 IDT 2025, 175 W
Fri Sep 26 13:31:35 IDT 2025, 202 W
Fri Sep 26 13:31:35 IDT 2025, 165 W
Fri Sep 26 13:31:35 IDT 2025, 160 W
Fri Sep 26 13:31:36 IDT 2025, 166 W
Fri Sep 26 13:31:36 IDT 2025, 161 W
Fri Sep 26 13:31:36 IDT 2025, 200 W
Fri Sep 26 13:31:36 IDT 2025, 163 W
Fri Sep 26 13:31:36 IDT 2025, 164 W
Fri Sep 26 13:31:36 IDT 2025, 196 W
Fri Sep 26 13:31:36 IDT 2025, 179 W
Fri Sep 26 13:31:36 IDT 2025, 152 W
Fri Sep 26 13:31:37 IDT 2025, 176 W
Fri Sep 26 13:31:37 IDT 2025, 181 W
Fri Sep 26 13:31:37 IDT 2025, 196 W
Fri Sep 26 13:31:37 IDT 2025, 165 W
Fri Sep 26 13:31:37 IDT 2025, 174 W
Fri Sep 26 13:31:37 IDT 2025, 209 W
Fri Sep 26 13:31:37 IDT 2025, 187 W
Fri Sep 26 13:31:37 IDT 2025, 160 W
Fri Sep 26 13:31:38 IDT 2025, 159 W
Fri Sep 26 13:31:38 IDT 2025, 159 W
Fri Sep 26 13:31:38 IDT 2025, 192 W
Fri Sep 26 13:31:38 IDT 2025, 149 W
Fri Sep 26 13:31:38 IDT 2025, 157 W
Fri Sep 26 13:31:38 IDT 2025, 192 W
Fri Sep 26 13:31:38 IDT 2025, 163 W
Fri Sep 26 13:31:38 IDT 2025, 145 W
Fri Sep 26 13:31:39 IDT 2025, 180 W
Fri Sep 26 13:31:39 IDT 2025, 175 W
Fri Sep 26 13:31:39 IDT 2025, 206 W
Fri Sep 26 13:31:39 IDT 2025, 168 W
Fri Sep 26 13:31:39 IDT 2025, 179 W
Fri Sep 26 13:31:39 IDT 2025, 212 W
Fri Sep 26 13:31:39 IDT 2025, 183 W
Fri Sep 26 13:31:39 IDT 2025, 158 W
Fri Sep 26 13:31:40 IDT 2025, 171 W
Fri Sep 26 13:31:40 IDT 2025, 179 W
Fri Sep 26 13:31:40 IDT 2025, 200 W
Fri Sep 26 13:31:40 IDT 2025, 164 W
Fri Sep 26 13:31:40 IDT 2025, 178 W
Fri Sep 26 13:31:40 IDT 2025, 213 W
Fri Sep 26 13:31:40 IDT 2025, 183 W
Fri Sep 26 13:31:40 IDT 2025, 157 W
Fri Sep 26 13:31:41 IDT 2025, 182 W
Fri Sep 26 13:31:41 IDT 2025, 185 W
Fri Sep 26 13:31:41 IDT 2025, 199 W
Fri Sep 26 13:31:41 IDT 2025, 173 W
Fri Sep 26 13:31:41 IDT 2025, 183 W
Fri Sep 26 13:31:41 IDT 2025, 209 W
Fri Sep 26 13:31:41 IDT 2025, 184 W
Fri Sep 26 13:31:41 IDT 2025, 162 W
Fri Sep 26 13:31:42 IDT 2025, 176 W
Fri Sep 26 13:31:42 IDT 2025, 186 W
Fri Sep 26 13:31:42 IDT 2025, 194 W
Fri Sep 26 13:31:42 IDT 2025, 168 W
Fri Sep 26 13:31:42 IDT 2025, 178 W
Fri Sep 26 13:31:42 IDT 2025, 208 W
Fri Sep 26 13:31:42 IDT 2025, 190 W
Fri Sep 26 13:31:42 IDT 2025, 157 W
Fri Sep 26 13:31:43 IDT 2025, 185 W
Fri Sep 26 13:31:43 IDT 2025, 179 W
Fri Sep 26 13:31:43 IDT 2025, 202 W
Fri Sep 26 13:31:43 IDT 2025, 171 W
Fri Sep 26 13:31:43 IDT 2025, 183 W
Fri Sep 26 13:31:43 IDT 2025, 209 W
Fri Sep 26 13:31:43 IDT 2025, 181 W
Fri Sep 26 13:31:43 IDT 2025, 162 W
Fri Sep 26 13:31:44 IDT 2025, 180 W
Fri Sep 26 13:31:44 IDT 2025, 189 W
Fri Sep 26 13:31:44 IDT 2025, 199 W
Fri Sep 26 13:31:44 IDT 2025, 176 W
Fri Sep 26 13:31:44 IDT 2025, 178 W
Fri Sep 26 13:31:44 IDT 2025, 212 W
Fri Sep 26 13:31:44 IDT 2025, 174 W
Fri Sep 26 13:31:44 IDT 2025, 162 W
Fri Sep 26 13:31:45 IDT 2025, 179 W
Fri Sep 26 13:31:45 IDT 2025, 175 W
Fri Sep 26 13:31:45 IDT 2025, 207 W
Fri Sep 26 13:31:45 IDT 2025, 178 W
Fri Sep 26 13:31:45 IDT 2025, 175 W
Fri Sep 26 13:31:45 IDT 2025, 209 W
Fri Sep 26 13:31:45 IDT 2025, 182 W
Fri Sep 26 13:31:45 IDT 2025, 165 W
Fri Sep 26 13:31:46 IDT 2025, 186 W
Fri Sep 26 13:31:46 IDT 2025, 179 W
Fri Sep 26 13:31:46 IDT 2025, 210 W
Fri Sep 26 13:31:46 IDT 2025, 164 W
Fri Sep 26 13:31:46 IDT 2025, 168 W
Fri Sep 26 13:31:46 IDT 2025, 210 W
Fri Sep 26 13:31:46 IDT 2025, 185 W
Fri Sep 26 13:31:46 IDT 2025, 168 W
Fri Sep 26 13:31:47 IDT 2025, 178 W
Fri Sep 26 13:31:47 IDT 2025, 180 W
Fri Sep 26 13:31:47 IDT 2025, 215 W
Fri Sep 26 13:31:47 IDT 2025, 172 W
Fri Sep 26 13:31:47 IDT 2025, 171 W
Fri Sep 26 13:31:47 IDT 2025, 209 W
Fri Sep 26 13:31:47 IDT 2025, 186 W
Fri Sep 26 13:31:47 IDT 2025, 170 W
Fri Sep 26 13:31:48 IDT 2025, 180 W
Fri Sep 26 13:31:48 IDT 2025, 180 W
Fri Sep 26 13:31:48 IDT 2025, 210 W
Fri Sep 26 13:31:48 IDT 2025, 170 W
Fri Sep 26 13:31:48 IDT 2025, 175 W
Fri Sep 26 13:31:48 IDT 2025, 205 W
Fri Sep 26 13:31:48 IDT 2025, 189 W
Fri Sep 26 13:31:48 IDT 2025, 169 W
Fri Sep 26 13:31:49 IDT 2025, 167 W
Fri Sep 26 13:31:49 IDT 2025, 179 W
Fri Sep 26 13:31:49 IDT 2025, 213 W
Fri Sep 26 13:31:49 IDT 2025, 170 W
Fri Sep 26 13:31:49 IDT 2025, 176 W
Fri Sep 26 13:31:49 IDT 2025, 205 W
Fri Sep 26 13:31:49 IDT 2025, 181 W
Fri Sep 26 13:31:49 IDT 2025, 165 W
Fri Sep 26 13:31:50 IDT 2025, 183 W
Fri Sep 26 13:31:50 IDT 2025, 190 W
Fri Sep 26 13:31:50 IDT 2025, 212 W
Fri Sep 26 13:31:50 IDT 2025, 182 W
Fri Sep 26 13:31:50 IDT 2025, 183 W
Fri Sep 26 13:31:50 IDT 2025, 216 W
Fri Sep 26 13:31:50 IDT 2025, 195 W
Fri Sep 26 13:31:50 IDT 2025, 165 W
Fri Sep 26 13:31:51 IDT 2025, 165 W
Fri Sep 26 13:31:51 IDT 2025, 173 W
Fri Sep 26 13:31:51 IDT 2025, 211 W
Fri Sep 26 13:31:51 IDT 2025, 169 W
Fri Sep 26 13:31:51 IDT 2025, 174 W
Fri Sep 26 13:31:51 IDT 2025, 210 W
Fri Sep 26 13:31:51 IDT 2025, 184 W
Fri Sep 26 13:31:51 IDT 2025, 165 W
Fri Sep 26 13:31:52 IDT 2025, 177 W
Fri Sep 26 13:31:52 IDT 2025, 178 W
Fri Sep 26 13:31:52 IDT 2025, 199 W
Fri Sep 26 13:31:52 IDT 2025, 169 W
Fri Sep 26 13:31:52 IDT 2025, 169 W
Fri Sep 26 13:31:52 IDT 2025, 201 W
Fri Sep 26 13:31:52 IDT 2025, 179 W
Fri Sep 26 13:31:52 IDT 2025, 159 W
Fri Sep 26 13:31:53 IDT 2025, 183 W
Fri Sep 26 13:31:53 IDT 2025, 176 W
Fri Sep 26 13:31:53 IDT 2025, 200 W
Fri Sep 26 13:31:53 IDT 2025, 165 W
Fri Sep 26 13:31:53 IDT 2025, 174 W
Fri Sep 26 13:31:53 IDT 2025, 209 W
Fri Sep 26 13:31:53 IDT 2025, 171 W
Fri Sep 26 13:31:53 IDT 2025, 163 W
Fri Sep 26 13:31:54 IDT 2025, 183 W
Fri Sep 26 13:31:54 IDT 2025, 183 W
Fri Sep 26 13:31:54 IDT 2025, 197 W
Fri Sep 26 13:31:54 IDT 2025, 168 W
Fri Sep 26 13:31:54 IDT 2025, 178 W
Fri Sep 26 13:31:54 IDT 2025, 207 W
Fri Sep 26 13:31:54 IDT 2025, 184 W
Fri Sep 26 13:31:54 IDT 2025, 163 W
Fri Sep 26 13:31:55 IDT 2025, 163 W
Fri Sep 26 13:31:55 IDT 2025, 160 W
Fri Sep 26 13:31:55 IDT 2025, 187 W
Fri Sep 26 13:31:55 IDT 2025, 158 W
Fri Sep 26 13:31:55 IDT 2025, 150 W
Fri Sep 26 13:31:55 IDT 2025, 197 W
Fri Sep 26 13:31:55 IDT 2025, 176 W
Fri Sep 26 13:31:55 IDT 2025, 147 W
Fri Sep 26 13:31:56 IDT 2025, 187 W
Fri Sep 26 13:31:56 IDT 2025, 182 W
Fri Sep 26 13:31:56 IDT 2025, 197 W
Fri Sep 26 13:31:56 IDT 2025, 170 W
Fri Sep 26 13:31:56 IDT 2025, 185 W
Fri Sep 26 13:31:56 IDT 2025, 205 W
Fri Sep 26 13:31:56 IDT 2025, 183 W
Fri Sep 26 13:31:56 IDT 2025, 168 W
Fri Sep 26 13:31:57 IDT 2025, 195 W
Fri Sep 26 13:31:57 IDT 2025, 189 W
Fri Sep 26 13:31:57 IDT 2025, 217 W
Fri Sep 26 13:31:57 IDT 2025, 186 W
Fri Sep 26 13:31:57 IDT 2025, 197 W
Fri Sep 26 13:31:57 IDT 2025, 213 W
Fri Sep 26 13:31:57 IDT 2025, 194 W
Fri Sep 26 13:31:57 IDT 2025, 179 W
Fri Sep 26 13:31:58 IDT 2025, 177 W
Fri Sep 26 13:31:58 IDT 2025, 182 W
Fri Sep 26 13:31:58 IDT 2025, 203 W
Fri Sep 26 13:31:58 IDT 2025, 167 W
Fri Sep 26 13:31:58 IDT 2025, 178 W
Fri Sep 26 13:31:58 IDT 2025, 203 W
Fri Sep 26 13:31:58 IDT 2025, 183 W
Fri Sep 26 13:31:58 IDT 2025, 164 W
Fri Sep 26 13:31:59 IDT 2025, 201 W
Fri Sep 26 13:31:59 IDT 2025, 193 W
Fri Sep 26 13:31:59 IDT 2025, 236 W
Fri Sep 26 13:31:59 IDT 2025, 189 W
Fri Sep 26 13:31:59 IDT 2025, 198 W
Fri Sep 26 13:31:59 IDT 2025, 229 W
Fri Sep 26 13:31:59 IDT 2025, 200 W
Fri Sep 26 13:31:59 IDT 2025, 177 W
Fri Sep 26 13:32:00 IDT 2025, 162 W
Fri Sep 26 13:32:00 IDT 2025, 163 W
Fri Sep 26 13:32:00 IDT 2025, 187 W
Fri Sep 26 13:32:00 IDT 2025, 150 W
Fri Sep 26 13:32:00 IDT 2025, 146 W
Fri Sep 26 13:32:00 IDT 2025, 187 W
Fri Sep 26 13:32:00 IDT 2025, 163 W
Fri Sep 26 13:32:00 IDT 2025, 142 W
Fri Sep 26 13:32:01 IDT 2025, 181 W
Fri Sep 26 13:32:01 IDT 2025, 186 W
Fri Sep 26 13:32:01 IDT 2025, 218 W
Fri Sep 26 13:32:01 IDT 2025, 176 W
Fri Sep 26 13:32:01 IDT 2025, 192 W
Fri Sep 26 13:32:01 IDT 2025, 215 W
Fri Sep 26 13:32:01 IDT 2025, 194 W
Fri Sep 26 13:32:01 IDT 2025, 170 W
Fri Sep 26 13:32:02 IDT 2025, 174 W
Fri Sep 26 13:32:02 IDT 2025, 172 W
Fri Sep 26 13:32:02 IDT 2025, 214 W
Fri Sep 26 13:32:02 IDT 2025, 166 W
Fri Sep 26 13:32:02 IDT 2025, 169 W
Fri Sep 26 13:32:02 IDT 2025, 207 W
Fri Sep 26 13:32:02 IDT 2025, 177 W
Fri Sep 26 13:32:02 IDT 2025, 159 W
Fri Sep 26 13:32:03 IDT 2025, 182 W
Fri Sep 26 13:32:03 IDT 2025, 176 W
Fri Sep 26 13:32:03 IDT 2025, 207 W
Fri Sep 26 13:32:03 IDT 2025, 170 W
Fri Sep 26 13:32:03 IDT 2025, 187 W
Fri Sep 26 13:32:03 IDT 2025, 202 W
Fri Sep 26 13:32:03 IDT 2025, 174 W
Fri Sep 26 13:32:03 IDT 2025, 167 W
Fri Sep 26 13:32:04 IDT 2025, 186 W
Fri Sep 26 13:32:04 IDT 2025, 182 W
Fri Sep 26 13:32:04 IDT 2025, 214 W
Fri Sep 26 13:32:04 IDT 2025, 182 W
Fri Sep 26 13:32:04 IDT 2025, 179 W
Fri Sep 26 13:32:04 IDT 2025, 211 W
Fri Sep 26 13:32:04 IDT 2025, 185 W
Fri Sep 26 13:32:04 IDT 2025, 162 W
Fri Sep 26 13:32:05 IDT 2025, 181 W
Fri Sep 26 13:32:05 IDT 2025, 180 W
Fri Sep 26 13:32:05 IDT 2025, 216 W
Fri Sep 26 13:32:05 IDT 2025, 173 W
Fri Sep 26 13:32:05 IDT 2025, 174 W
Fri Sep 26 13:32:05 IDT 2025, 208 W
Fri Sep 26 13:32:05 IDT 2025, 182 W
Fri Sep 26 13:32:05 IDT 2025, 166 W
Fri Sep 26 13:32:06 IDT 2025, 182 W
Fri Sep 26 13:32:06 IDT 2025, 181 W
Fri Sep 26 13:32:06 IDT 2025, 215 W
Fri Sep 26 13:32:06 IDT 2025, 165 W
Fri Sep 26 13:32:06 IDT 2025, 181 W
Fri Sep 26 13:32:06 IDT 2025, 214 W
Fri Sep 26 13:32:06 IDT 2025, 196 W
Fri Sep 26 13:32:06 IDT 2025, 170 W
Fri Sep 26 13:32:07 IDT 2025, 184 W
Fri Sep 26 13:32:07 IDT 2025, 191 W
Fri Sep 26 13:32:07 IDT 2025, 214 W
Fri Sep 26 13:32:07 IDT 2025, 181 W
Fri Sep 26 13:32:07 IDT 2025, 189 W
Fri Sep 26 13:32:07 IDT 2025, 203 W
Fri Sep 26 13:32:07 IDT 2025, 191 W
Fri Sep 26 13:32:07 IDT 2025, 171 W
Fri Sep 26 13:32:08 IDT 2025, 176 W
Fri Sep 26 13:32:08 IDT 2025, 168 W
Fri Sep 26 13:32:08 IDT 2025, 193 W
Fri Sep 26 13:32:08 IDT 2025, 160 W
Fri Sep 26 13:32:08 IDT 2025, 173 W
Fri Sep 26 13:32:08 IDT 2025, 206 W
Fri Sep 26 13:32:08 IDT 2025, 185 W
Fri Sep 26 13:32:08 IDT 2025, 162 W
Fri Sep 26 13:32:09 IDT 2025, 175 W
Fri Sep 26 13:32:09 IDT 2025, 161 W
Fri Sep 26 13:32:09 IDT 2025, 199 W
Fri Sep 26 13:32:09 IDT 2025, 162 W
Fri Sep 26 13:32:09 IDT 2025, 166 W
Fri Sep 26 13:32:09 IDT 2025, 206 W
Fri Sep 26 13:32:09 IDT 2025, 172 W
Fri Sep 26 13:32:09 IDT 2025, 146 W
Fri Sep 26 13:32:10 IDT 2025, 184 W
Fri Sep 26 13:32:10 IDT 2025, 194 W
Fri Sep 26 13:32:10 IDT 2025, 220 W
Fri Sep 26 13:32:10 IDT 2025, 173 W
Fri Sep 26 13:32:10 IDT 2025, 185 W
Fri Sep 26 13:32:10 IDT 2025, 217 W
Fri Sep 26 13:32:10 IDT 2025, 179 W
Fri Sep 26 13:32:10 IDT 2025, 167 W
Fri Sep 26 13:32:11 IDT 2025, 166 W
Fri Sep 26 13:32:11 IDT 2025, 160 W
Fri Sep 26 13:32:11 IDT 2025, 199 W
Fri Sep 26 13:32:11 IDT 2025, 158 W
Fri Sep 26 13:32:11 IDT 2025, 168 W
Fri Sep 26 13:32:11 IDT 2025, 194 W
Fri Sep 26 13:32:11 IDT 2025, 169 W
Fri Sep 26 13:32:11 IDT 2025, 148 W
Fri Sep 26 13:32:12 IDT 2025, 178 W
Fri Sep 26 13:32:12 IDT 2025, 167 W
Fri Sep 26 13:32:12 IDT 2025, 197 W
Fri Sep 26 13:32:12 IDT 2025, 161 W
Fri Sep 26 13:32:12 IDT 2025, 179 W
Fri Sep 26 13:32:12 IDT 2025, 206 W
Fri Sep 26 13:32:12 IDT 2025, 179 W
Fri Sep 26 13:32:12 IDT 2025, 156 W
Fri Sep 26 13:32:13 IDT 2025, 186 W
Fri Sep 26 13:32:13 IDT 2025, 189 W
Fri Sep 26 13:32:13 IDT 2025, 226 W
Fri Sep 26 13:32:13 IDT 2025, 168 W
Fri Sep 26 13:32:13 IDT 2025, 184 W
Fri Sep 26 13:32:13 IDT 2025, 215 W
Fri Sep 26 13:32:13 IDT 2025, 187 W
Fri Sep 26 13:32:13 IDT 2025, 170 W
Fri Sep 26 13:32:14 IDT 2025, 179 W
Fri Sep 26 13:32:14 IDT 2025, 180 W
Fri Sep 26 13:32:14 IDT 2025, 206 W
Fri Sep 26 13:32:14 IDT 2025, 168 W
Fri Sep 26 13:32:14 IDT 2025, 178 W
Fri Sep 26 13:32:14 IDT 2025, 206 W
Fri Sep 26 13:32:14 IDT 2025, 183 W
Fri Sep 26 13:32:14 IDT 2025, 165 W
Fri Sep 26 13:32:15 IDT 2025, 186 W
Fri Sep 26 13:32:15 IDT 2025, 193 W
Fri Sep 26 13:32:15 IDT 2025, 228 W
Fri Sep 26 13:32:15 IDT 2025, 183 W
Fri Sep 26 13:32:15 IDT 2025, 197 W
Fri Sep 26 13:32:15 IDT 2025, 232 W
Fri Sep 26 13:32:15 IDT 2025, 197 W
Fri Sep 26 13:32:15 IDT 2025, 181 W
Fri Sep 26 13:32:16 IDT 2025, 189 W
Fri Sep 26 13:32:16 IDT 2025, 190 W
Fri Sep 26 13:32:16 IDT 2025, 218 W
Fri Sep 26 13:32:16 IDT 2025, 170 W
Fri Sep 26 13:32:16 IDT 2025, 182 W
Fri Sep 26 13:32:16 IDT 2025, 212 W
Fri Sep 26 13:32:16 IDT 2025, 190 W
Fri Sep 26 13:32:16 IDT 2025, 173 W
Fri Sep 26 13:32:17 IDT 2025, 168 W
Fri Sep 26 13:32:17 IDT 2025, 180 W
Fri Sep 26 13:32:17 IDT 2025, 204 W
Fri Sep 26 13:32:17 IDT 2025, 165 W
Fri Sep 26 13:32:17 IDT 2025, 180 W
Fri Sep 26 13:32:17 IDT 2025, 202 W
Fri Sep 26 13:32:17 IDT 2025, 181 W
Fri Sep 26 13:32:17 IDT 2025, 148 W
Fri Sep 26 13:32:18 IDT 2025, 173 W
Fri Sep 26 13:32:18 IDT 2025, 172 W
Fri Sep 26 13:32:18 IDT 2025, 204 W
Fri Sep 26 13:32:18 IDT 2025, 165 W
Fri Sep 26 13:32:18 IDT 2025, 170 W
Fri Sep 26 13:32:18 IDT 2025, 192 W
Fri Sep 26 13:32:18 IDT 2025, 171 W
Fri Sep 26 13:32:18 IDT 2025, 159 W
Fri Sep 26 13:32:19 IDT 2025, 180 W
Fri Sep 26 13:32:19 IDT 2025, 179 W
Fri Sep 26 13:32:19 IDT 2025, 203 W
Fri Sep 26 13:32:19 IDT 2025, 170 W
Fri Sep 26 13:32:19 IDT 2025, 172 W
Fri Sep 26 13:32:19 IDT 2025, 208 W
Fri Sep 26 13:32:19 IDT 2025, 176 W
Fri Sep 26 13:32:19 IDT 2025, 157 W
Fri Sep 26 13:32:20 IDT 2025, 169 W
Fri Sep 26 13:32:20 IDT 2025, 168 W
Fri Sep 26 13:32:20 IDT 2025, 191 W
Fri Sep 26 13:32:20 IDT 2025, 158 W
Fri Sep 26 13:32:20 IDT 2025, 162 W
Fri Sep 26 13:32:20 IDT 2025, 185 W
Fri Sep 26 13:32:20 IDT 2025, 168 W
Fri Sep 26 13:32:20 IDT 2025, 154 W
Fri Sep 26 13:32:21 IDT 2025, 178 W
Fri Sep 26 13:32:21 IDT 2025, 186 W
Fri Sep 26 13:32:21 IDT 2025, 221 W
Fri Sep 26 13:32:21 IDT 2025, 179 W
Fri Sep 26 13:32:21 IDT 2025, 187 W
Fri Sep 26 13:32:21 IDT 2025, 211 W
Fri Sep 26 13:32:21 IDT 2025, 190 W
Fri Sep 26 13:32:21 IDT 2025, 168 W
Fri Sep 26 13:32:22 IDT 2025, 184 W
Fri Sep 26 13:32:22 IDT 2025, 180 W
Fri Sep 26 13:32:22 IDT 2025, 208 W
Fri Sep 26 13:32:22 IDT 2025, 165 W
Fri Sep 26 13:32:22 IDT 2025, 182 W
Fri Sep 26 13:32:22 IDT 2025, 210 W
Fri Sep 26 13:32:22 IDT 2025, 182 W
Fri Sep 26 13:32:22 IDT 2025, 163 W
Fri Sep 26 13:32:23 IDT 2025, 166 W
Fri Sep 26 13:32:23 IDT 2025, 169 W
Fri Sep 26 13:32:23 IDT 2025, 198 W
Fri Sep 26 13:32:23 IDT 2025, 172 W
Fri Sep 26 13:32:23 IDT 2025, 170 W
Fri Sep 26 13:32:23 IDT 2025, 185 W
Fri Sep 26 13:32:23 IDT 2025, 172 W
Fri Sep 26 13:32:23 IDT 2025, 157 W
Fri Sep 26 13:32:24 IDT 2025, 175 W
Fri Sep 26 13:32:24 IDT 2025, 164 W
Fri Sep 26 13:32:24 IDT 2025, 199 W
Fri Sep 26 13:32:24 IDT 2025, 154 W
Fri Sep 26 13:32:24 IDT 2025, 165 W
Fri Sep 26 13:32:24 IDT 2025, 195 W
Fri Sep 26 13:32:24 IDT 2025, 175 W
Fri Sep 26 13:32:24 IDT 2025, 148 W
Fri Sep 26 13:32:25 IDT 2025, 152 W
Fri Sep 26 13:32:25 IDT 2025, 153 W
Fri Sep 26 13:32:25 IDT 2025, 185 W
Fri Sep 26 13:32:25 IDT 2025, 143 W
Fri Sep 26 13:32:25 IDT 2025, 142 W
Fri Sep 26 13:32:25 IDT 2025, 179 W
Fri Sep 26 13:32:25 IDT 2025, 158 W
Fri Sep 26 13:32:25 IDT 2025, 139 W
Fri Sep 26 13:32:26 IDT 2025, 178 W
Fri Sep 26 13:32:26 IDT 2025, 177 W
Fri Sep 26 13:32:26 IDT 2025, 202 W
Fri Sep 26 13:32:26 IDT 2025, 158 W
Fri Sep 26 13:32:26 IDT 2025, 170 W
Fri Sep 26 13:32:26 IDT 2025, 192 W
Fri Sep 26 13:32:26 IDT 2025, 179 W
Fri Sep 26 13:32:26 IDT 2025, 150 W
Fri Sep 26 13:32:27 IDT 2025, 177 W
Fri Sep 26 13:32:27 IDT 2025, 181 W
Fri Sep 26 13:32:27 IDT 2025, 214 W
Fri Sep 26 13:32:27 IDT 2025, 171 W
Fri Sep 26 13:32:27 IDT 2025, 182 W
Fri Sep 26 13:32:27 IDT 2025, 208 W
Fri Sep 26 13:32:27 IDT 2025, 180 W
Fri Sep 26 13:32:27 IDT 2025, 166 W
Fri Sep 26 13:32:28 IDT 2025, 177 W
Fri Sep 26 13:32:28 IDT 2025, 197 W
Fri Sep 26 13:32:28 IDT 2025, 229 W
Fri Sep 26 13:32:28 IDT 2025, 184 W
Fri Sep 26 13:32:28 IDT 2025, 191 W
Fri Sep 26 13:32:28 IDT 2025, 226 W
Fri Sep 26 13:32:28 IDT 2025, 196 W
Fri Sep 26 13:32:28 IDT 2025, 183 W
Fri Sep 26 13:32:29 IDT 2025, 182 W
Fri Sep 26 13:32:29 IDT 2025, 164 W
Fri Sep 26 13:32:29 IDT 2025, 203 W
Fri Sep 26 13:32:29 IDT 2025, 168 W
Fri Sep 26 13:32:29 IDT 2025, 176 W
Fri Sep 26 13:32:29 IDT 2025, 209 W
Fri Sep 26 13:32:29 IDT 2025, 180 W
Fri Sep 26 13:32:29 IDT 2025, 166 W
Fri Sep 26 13:32:30 IDT 2025, 184 W
Fri Sep 26 13:32:30 IDT 2025, 169 W
Fri Sep 26 13:32:30 IDT 2025, 212 W
Fri Sep 26 13:32:30 IDT 2025, 170 W
Fri Sep 26 13:32:30 IDT 2025, 178 W
Fri Sep 26 13:32:30 IDT 2025, 212 W
Fri Sep 26 13:32:30 IDT 2025, 182 W
Fri Sep 26 13:32:30 IDT 2025, 163 W
Fri Sep 26 13:32:31 IDT 2025, 188 W
Fri Sep 26 13:32:31 IDT 2025, 172 W
Fri Sep 26 13:32:31 IDT 2025, 212 W
Fri Sep 26 13:32:31 IDT 2025, 180 W
Fri Sep 26 13:32:31 IDT 2025, 184 W
Fri Sep 26 13:32:31 IDT 2025, 220 W
Fri Sep 26 13:32:31 IDT 2025, 186 W
Fri Sep 26 13:32:31 IDT 2025, 168 W
Fri Sep 26 13:32:32 IDT 2025, 156 W
Fri Sep 26 13:32:32 IDT 2025, 173 W
Fri Sep 26 13:32:32 IDT 2025, 202 W
Fri Sep 26 13:32:32 IDT 2025, 164 W
Fri Sep 26 13:32:32 IDT 2025, 175 W
Fri Sep 26 13:32:32 IDT 2025, 194 W
Fri Sep 26 13:32:32 IDT 2025, 181 W
Fri Sep 26 13:32:32 IDT 2025, 155 W
Fri Sep 26 13:32:33 IDT 2025, 184 W
Fri Sep 26 13:32:33 IDT 2025, 180 W
Fri Sep 26 13:32:33 IDT 2025, 210 W
Fri Sep 26 13:32:33 IDT 2025, 179 W
Fri Sep 26 13:32:33 IDT 2025, 181 W
Fri Sep 26 13:32:33 IDT 2025, 210 W
Fri Sep 26 13:32:33 IDT 2025, 184 W
Fri Sep 26 13:32:33 IDT 2025, 166 W
Fri Sep 26 13:32:34 IDT 2025, 190 W
Fri Sep 26 13:32:34 IDT 2025, 175 W
Fri Sep 26 13:32:34 IDT 2025, 211 W
Fri Sep 26 13:32:34 IDT 2025, 170 W
Fri Sep 26 13:32:34 IDT 2025, 188 W
Fri Sep 26 13:32:34 IDT 2025, 212 W
Fri Sep 26 13:32:34 IDT 2025, 186 W
Fri Sep 26 13:32:34 IDT 2025, 173 W
Fri Sep 26 13:32:35 IDT 2025, 185 W
Fri Sep 26 13:32:35 IDT 2025, 174 W
Fri Sep 26 13:32:35 IDT 2025, 212 W
Fri Sep 26 13:32:35 IDT 2025, 169 W
Fri Sep 26 13:32:35 IDT 2025, 180 W
Fri Sep 26 13:32:35 IDT 2025, 206 W
Fri Sep 26 13:32:35 IDT 2025, 190 W
Fri Sep 26 13:32:35 IDT 2025, 168 W
Fri Sep 26 13:32:36 IDT 2025, 180 W
Fri Sep 26 13:32:36 IDT 2025, 172 W
Fri Sep 26 13:32:36 IDT 2025, 222 W
Fri Sep 26 13:32:36 IDT 2025, 176 W
Fri Sep 26 13:32:36 IDT 2025, 180 W
Fri Sep 26 13:32:36 IDT 2025, 211 W
Fri Sep 26 13:32:36 IDT 2025, 187 W
Fri Sep 26 13:32:36 IDT 2025, 164 W
Fri Sep 26 13:32:37 IDT 2025, 177 W
Fri Sep 26 13:32:37 IDT 2025, 183 W
Fri Sep 26 13:32:37 IDT 2025, 217 W
Fri Sep 26 13:32:37 IDT 2025, 178 W
Fri Sep 26 13:32:37 IDT 2025, 186 W
Fri Sep 26 13:32:37 IDT 2025, 201 W
Fri Sep 26 13:32:37 IDT 2025, 178 W
Fri Sep 26 13:32:37 IDT 2025, 168 W
Fri Sep 26 13:32:38 IDT 2025, 172 W
Fri Sep 26 13:32:38 IDT 2025, 181 W
Fri Sep 26 13:32:38 IDT 2025, 205 W
Fri Sep 26 13:32:38 IDT 2025, 162 W
Fri Sep 26 13:32:38 IDT 2025, 175 W
Fri Sep 26 13:32:38 IDT 2025, 200 W
Fri Sep 26 13:32:38 IDT 2025, 169 W
Fri Sep 26 13:32:38 IDT 2025, 159 W
Fri Sep 26 13:32:39 IDT 2025, 182 W
Fri Sep 26 13:32:39 IDT 2025, 183 W
Fri Sep 26 13:32:39 IDT 2025, 209 W
Fri Sep 26 13:32:39 IDT 2025, 173 W
Fri Sep 26 13:32:39 IDT 2025, 176 W
Fri Sep 26 13:32:39 IDT 2025, 211 W
Fri Sep 26 13:32:39 IDT 2025, 193 W
Fri Sep 26 13:32:39 IDT 2025, 169 W
Fri Sep 26 13:32:40 IDT 2025, 183 W
Fri Sep 26 13:32:40 IDT 2025, 179 W
Fri Sep 26 13:32:40 IDT 2025, 220 W
Fri Sep 26 13:32:40 IDT 2025, 180 W
Fri Sep 26 13:32:40 IDT 2025, 184 W
Fri Sep 26 13:32:40 IDT 2025, 205 W
Fri Sep 26 13:32:40 IDT 2025, 182 W
Fri Sep 26 13:32:40 IDT 2025, 166 W
Fri Sep 26 13:32:41 IDT 2025, 182 W
Fri Sep 26 13:32:41 IDT 2025, 188 W
Fri Sep 26 13:32:41 IDT 2025, 211 W
Fri Sep 26 13:32:41 IDT 2025, 176 W
Fri Sep 26 13:32:41 IDT 2025, 182 W
Fri Sep 26 13:32:41 IDT 2025, 197 W
Fri Sep 26 13:32:41 IDT 2025, 190 W
Fri Sep 26 13:32:41 IDT 2025, 163 W
Fri Sep 26 13:32:42 IDT 2025, 170 W
Fri Sep 26 13:32:42 IDT 2025, 173 W
Fri Sep 26 13:32:42 IDT 2025, 204 W
Fri Sep 26 13:32:42 IDT 2025, 175 W
Fri Sep 26 13:32:42 IDT 2025, 182 W
Fri Sep 26 13:32:42 IDT 2025, 195 W
Fri Sep 26 13:32:42 IDT 2025, 176 W
Fri Sep 26 13:32:42 IDT 2025, 148 W
Fri Sep 26 13:32:43 IDT 2025, 180 W
Fri Sep 26 13:32:43 IDT 2025, 180 W
Fri Sep 26 13:32:43 IDT 2025, 216 W
Fri Sep 26 13:32:43 IDT 2025, 172 W
Fri Sep 26 13:32:43 IDT 2025, 184 W
Fri Sep 26 13:32:43 IDT 2025, 215 W
Fri Sep 26 13:32:43 IDT 2025, 174 W
Fri Sep 26 13:32:43 IDT 2025, 164 W
Fri Sep 26 13:32:44 IDT 2025, 166 W
Fri Sep 26 13:32:44 IDT 2025, 163 W
Fri Sep 26 13:32:44 IDT 2025, 200 W
Fri Sep 26 13:32:44 IDT 2025, 160 W
Fri Sep 26 13:32:44 IDT 2025, 171 W
Fri Sep 26 13:32:44 IDT 2025, 193 W
Fri Sep 26 13:32:44 IDT 2025, 172 W
Fri Sep 26 13:32:44 IDT 2025, 157 W
Fri Sep 26 13:32:45 IDT 2025, 159 W
Fri Sep 26 13:32:45 IDT 2025, 159 W
Fri Sep 26 13:32:45 IDT 2025, 195 W
Fri Sep 26 13:32:45 IDT 2025, 161 W
Fri Sep 26 13:32:45 IDT 2025, 159 W
Fri Sep 26 13:32:45 IDT 2025, 191 W
Fri Sep 26 13:32:45 IDT 2025, 160 W
Fri Sep 26 13:32:45 IDT 2025, 145 W
Fri Sep 26 13:32:46 IDT 2025, 170 W
Fri Sep 26 13:32:46 IDT 2025, 175 W
Fri Sep 26 13:32:46 IDT 2025, 203 W
Fri Sep 26 13:32:46 IDT 2025, 165 W
Fri Sep 26 13:32:46 IDT 2025, 160 W
Fri Sep 26 13:32:46 IDT 2025, 200 W
Fri Sep 26 13:32:46 IDT 2025, 174 W
Fri Sep 26 13:32:46 IDT 2025, 154 W
Fri Sep 26 13:32:47 IDT 2025, 181 W
Fri Sep 26 13:32:47 IDT 2025, 177 W
Fri Sep 26 13:32:47 IDT 2025, 205 W
Fri Sep 26 13:32:47 IDT 2025, 172 W
Fri Sep 26 13:32:47 IDT 2025, 182 W
Fri Sep 26 13:32:47 IDT 2025, 206 W
Fri Sep 26 13:32:47 IDT 2025, 184 W
Fri Sep 26 13:32:47 IDT 2025, 165 W
Fri Sep 26 13:32:48 IDT 2025, 163 W
Fri Sep 26 13:32:48 IDT 2025, 162 W
Fri Sep 26 13:32:48 IDT 2025, 191 W
Fri Sep 26 13:32:48 IDT 2025, 153 W
Fri Sep 26 13:32:48 IDT 2025, 161 W
Fri Sep 26 13:32:48 IDT 2025, 198 W
Fri Sep 26 13:32:48 IDT 2025, 171 W
Fri Sep 26 13:32:48 IDT 2025, 146 W
Fri Sep 26 13:32:49 IDT 2025, 178 W
Fri Sep 26 13:32:49 IDT 2025, 182 W
Fri Sep 26 13:32:49 IDT 2025, 209 W
Fri Sep 26 13:32:49 IDT 2025, 176 W
Fri Sep 26 13:32:49 IDT 2025, 182 W
Fri Sep 26 13:32:49 IDT 2025, 206 W
Fri Sep 26 13:32:49 IDT 2025, 182 W
Fri Sep 26 13:32:49 IDT 2025, 165 W
Fri Sep 26 13:32:50 IDT 2025, 159 W
Fri Sep 26 13:32:50 IDT 2025, 165 W
Fri Sep 26 13:32:50 IDT 2025, 195 W
Fri Sep 26 13:32:50 IDT 2025, 157 W
Fri Sep 26 13:32:50 IDT 2025, 165 W
Fri Sep 26 13:32:50 IDT 2025, 193 W
Fri Sep 26 13:32:50 IDT 2025, 162 W
Fri Sep 26 13:32:50 IDT 2025, 152 W
Fri Sep 26 13:32:51 IDT 2025, 169 W
Fri Sep 26 13:32:51 IDT 2025, 162 W
Fri Sep 26 13:32:51 IDT 2025, 187 W
Fri Sep 26 13:32:51 IDT 2025, 155 W
Fri Sep 26 13:32:51 IDT 2025, 155 W
Fri Sep 26 13:32:51 IDT 2025, 192 W
Fri Sep 26 13:32:51 IDT 2025, 170 W
Fri Sep 26 13:32:51 IDT 2025, 145 W
Fri Sep 26 13:32:52 IDT 2025, 182 W
Fri Sep 26 13:32:52 IDT 2025, 181 W
Fri Sep 26 13:32:52 IDT 2025, 216 W
Fri Sep 26 13:32:52 IDT 2025, 165 W
Fri Sep 26 13:32:52 IDT 2025, 171 W
Fri Sep 26 13:32:52 IDT 2025, 213 W
Fri Sep 26 13:32:52 IDT 2025, 186 W
Fri Sep 26 13:32:52 IDT 2025, 154 W
Fri Sep 26 13:32:53 IDT 2025, 172 W
Fri Sep 26 13:32:53 IDT 2025, 172 W
Fri Sep 26 13:32:53 IDT 2025, 205 W
Fri Sep 26 13:32:53 IDT 2025, 164 W
Fri Sep 26 13:32:53 IDT 2025, 165 W
Fri Sep 26 13:32:53 IDT 2025, 194 W
Fri Sep 26 13:32:53 IDT 2025, 175 W
Fri Sep 26 13:32:53 IDT 2025, 154 W
Fri Sep 26 13:32:54 IDT 2025, 168 W
Fri Sep 26 13:32:54 IDT 2025, 173 W
Fri Sep 26 13:32:54 IDT 2025, 207 W
Fri Sep 26 13:32:54 IDT 2025, 166 W
Fri Sep 26 13:32:54 IDT 2025, 160 W
Fri Sep 26 13:32:54 IDT 2025, 201 W
Fri Sep 26 13:32:54 IDT 2025, 176 W
Fri Sep 26 13:32:54 IDT 2025, 149 W
Fri Sep 26 13:32:55 IDT 2025, 174 W
Fri Sep 26 13:32:55 IDT 2025, 178 W
Fri Sep 26 13:32:55 IDT 2025, 219 W
Fri Sep 26 13:32:55 IDT 2025, 174 W
Fri Sep 26 13:32:55 IDT 2025, 177 W
Fri Sep 26 13:32:55 IDT 2025, 215 W
Fri Sep 26 13:32:55 IDT 2025, 188 W
Fri Sep 26 13:32:55 IDT 2025, 172 W
Fri Sep 26 13:32:56 IDT 2025, 164 W
Fri Sep 26 13:32:56 IDT 2025, 183 W
Fri Sep 26 13:32:56 IDT 2025, 203 W
Fri Sep 26 13:32:56 IDT 2025, 160 W
Fri Sep 26 13:32:56 IDT 2025, 178 W
Fri Sep 26 13:32:56 IDT 2025, 198 W
Fri Sep 26 13:32:56 IDT 2025, 173 W
Fri Sep 26 13:32:56 IDT 2025, 160 W
Fri Sep 26 13:32:57 IDT 2025, 175 W
Fri Sep 26 13:32:57 IDT 2025, 181 W
Fri Sep 26 13:32:57 IDT 2025, 199 W
Fri Sep 26 13:32:57 IDT 2025, 161 W
Fri Sep 26 13:32:57 IDT 2025, 169 W
Fri Sep 26 13:32:57 IDT 2025, 198 W
Fri Sep 26 13:32:57 IDT 2025, 182 W
Fri Sep 26 13:32:57 IDT 2025, 159 W
Fri Sep 26 13:32:58 IDT 2025, 173 W
Fri Sep 26 13:32:58 IDT 2025, 173 W
Fri Sep 26 13:32:58 IDT 2025, 207 W
Fri Sep 26 13:32:58 IDT 2025, 166 W
Fri Sep 26 13:32:58 IDT 2025, 170 W
Fri Sep 26 13:32:58 IDT 2025, 197 W
Fri Sep 26 13:32:58 IDT 2025, 161 W
Fri Sep 26 13:32:58 IDT 2025, 157 W
Fri Sep 26 13:32:59 IDT 2025, 180 W
Fri Sep 26 13:32:59 IDT 2025, 176 W
Fri Sep 26 13:32:59 IDT 2025, 213 W
Fri Sep 26 13:32:59 IDT 2025, 161 W
Fri Sep 26 13:32:59 IDT 2025, 183 W
Fri Sep 26 13:32:59 IDT 2025, 212 W
Fri Sep 26 13:32:59 IDT 2025, 180 W
Fri Sep 26 13:32:59 IDT 2025, 167 W
Fri Sep 26 13:33:00 IDT 2025, 175 W
Fri Sep 26 13:33:00 IDT 2025, 170 W
Fri Sep 26 13:33:00 IDT 2025, 197 W
Fri Sep 26 13:33:00 IDT 2025, 169 W
Fri Sep 26 13:33:00 IDT 2025, 170 W
Fri Sep 26 13:33:00 IDT 2025, 197 W
Fri Sep 26 13:33:00 IDT 2025, 173 W
Fri Sep 26 13:33:00 IDT 2025, 151 W
Fri Sep 26 13:33:01 IDT 2025, 175 W
Fri Sep 26 13:33:01 IDT 2025, 165 W
Fri Sep 26 13:33:01 IDT 2025, 198 W
Fri Sep 26 13:33:01 IDT 2025, 168 W
Fri Sep 26 13:33:01 IDT 2025, 165 W
Fri Sep 26 13:33:01 IDT 2025, 195 W
Fri Sep 26 13:33:01 IDT 2025, 175 W
Fri Sep 26 13:33:01 IDT 2025, 159 W
Fri Sep 26 13:33:02 IDT 2025, 188 W
Fri Sep 26 13:33:02 IDT 2025, 188 W
Fri Sep 26 13:33:02 IDT 2025, 214 W
Fri Sep 26 13:33:02 IDT 2025, 172 W
Fri Sep 26 13:33:02 IDT 2025, 170 W
Fri Sep 26 13:33:02 IDT 2025, 207 W
Fri Sep 26 13:33:02 IDT 2025, 183 W
Fri Sep 26 13:33:02 IDT 2025, 168 W
Fri Sep 26 13:33:03 IDT 2025, 173 W
Fri Sep 26 13:33:03 IDT 2025, 165 W
Fri Sep 26 13:33:03 IDT 2025, 194 W
Fri Sep 26 13:33:03 IDT 2025, 167 W
Fri Sep 26 13:33:03 IDT 2025, 170 W
Fri Sep 26 13:33:03 IDT 2025, 190 W
Fri Sep 26 13:33:03 IDT 2025, 171 W
Fri Sep 26 13:33:03 IDT 2025, 152 W
Fri Sep 26 13:33:04 IDT 2025, 178 W
Fri Sep 26 13:33:04 IDT 2025, 184 W
Fri Sep 26 13:33:04 IDT 2025, 211 W
Fri Sep 26 13:33:04 IDT 2025, 168 W
Fri Sep 26 13:33:04 IDT 2025, 173 W
Fri Sep 26 13:33:04 IDT 2025, 203 W
Fri Sep 26 13:33:04 IDT 2025, 193 W
Fri Sep 26 13:33:04 IDT 2025, 162 W
Fri Sep 26 13:33:05 IDT 2025, 166 W
Fri Sep 26 13:33:05 IDT 2025, 168 W
Fri Sep 26 13:33:05 IDT 2025, 202 W
Fri Sep 26 13:33:05 IDT 2025, 160 W
Fri Sep 26 13:33:05 IDT 2025, 168 W
Fri Sep 26 13:33:05 IDT 2025, 201 W
Fri Sep 26 13:33:05 IDT 2025, 178 W
Fri Sep 26 13:33:05 IDT 2025, 155 W
Fri Sep 26 13:33:06 IDT 2025, 160 W
Fri Sep 26 13:33:06 IDT 2025, 163 W
Fri Sep 26 13:33:06 IDT 2025, 194 W
Fri Sep 26 13:33:06 IDT 2025, 155 W
Fri Sep 26 13:33:06 IDT 2025, 156 W
Fri Sep 26 13:33:06 IDT 2025, 193 W
Fri Sep 26 13:33:06 IDT 2025, 169 W
Fri Sep 26 13:33:06 IDT 2025, 147 W
Fri Sep 26 13:33:07 IDT 2025, 174 W
Fri Sep 26 13:33:07 IDT 2025, 177 W
Fri Sep 26 13:33:07 IDT 2025, 203 W
Fri Sep 26 13:33:07 IDT 2025, 166 W
Fri Sep 26 13:33:07 IDT 2025, 171 W
Fri Sep 26 13:33:07 IDT 2025, 201 W
Fri Sep 26 13:33:07 IDT 2025, 179 W
Fri Sep 26 13:33:07 IDT 2025, 166 W
Fri Sep 26 13:33:08 IDT 2025, 168 W
Fri Sep 26 13:33:08 IDT 2025, 160 W
Fri Sep 26 13:33:08 IDT 2025, 206 W
Fri Sep 26 13:33:08 IDT 2025, 159 W
Fri Sep 26 13:33:08 IDT 2025, 167 W
Fri Sep 26 13:33:08 IDT 2025, 197 W
Fri Sep 26 13:33:08 IDT 2025, 172 W
Fri Sep 26 13:33:08 IDT 2025, 159 W
Fri Sep 26 13:33:09 IDT 2025, 175 W
Fri Sep 26 13:33:09 IDT 2025, 175 W
Fri Sep 26 13:33:09 IDT 2025, 207 W
Fri Sep 26 13:33:09 IDT 2025, 157 W
Fri Sep 26 13:33:09 IDT 2025, 187 W
Fri Sep 26 13:33:09 IDT 2025, 201 W
Fri Sep 26 13:33:09 IDT 2025, 177 W
Fri Sep 26 13:33:09 IDT 2025, 160 W
Fri Sep 26 13:33:10 IDT 2025, 174 W
Fri Sep 26 13:33:10 IDT 2025, 174 W
Fri Sep 26 13:33:10 IDT 2025, 209 W
Fri Sep 26 13:33:10 IDT 2025, 165 W
Fri Sep 26 13:33:10 IDT 2025, 179 W
Fri Sep 26 13:33:10 IDT 2025, 205 W
Fri Sep 26 13:33:10 IDT 2025, 187 W
Fri Sep 26 13:33:10 IDT 2025, 161 W
Fri Sep 26 13:33:11 IDT 2025, 183 W
Fri Sep 26 13:33:11 IDT 2025, 176 W
Fri Sep 26 13:33:11 IDT 2025, 210 W
Fri Sep 26 13:33:11 IDT 2025, 172 W
Fri Sep 26 13:33:11 IDT 2025, 178 W
Fri Sep 26 13:33:11 IDT 2025, 221 W
Fri Sep 26 13:33:11 IDT 2025, 196 W
Fri Sep 26 13:33:11 IDT 2025, 167 W
Fri Sep 26 13:33:12 IDT 2025, 174 W
Fri Sep 26 13:33:12 IDT 2025, 185 W
Fri Sep 26 13:33:12 IDT 2025, 211 W
Fri Sep 26 13:33:12 IDT 2025, 168 W
Fri Sep 26 13:33:12 IDT 2025, 192 W
Fri Sep 26 13:33:12 IDT 2025, 203 W
Fri Sep 26 13:33:12 IDT 2025, 191 W
Fri Sep 26 13:33:12 IDT 2025, 160 W
Fri Sep 26 13:33:13 IDT 2025, 182 W
Fri Sep 26 13:33:13 IDT 2025, 181 W
Fri Sep 26 13:33:13 IDT 2025, 217 W
Fri Sep 26 13:33:13 IDT 2025, 170 W
Fri Sep 26 13:33:13 IDT 2025, 181 W
Fri Sep 26 13:33:13 IDT 2025, 209 W
Fri Sep 26 13:33:13 IDT 2025, 180 W
Fri Sep 26 13:33:13 IDT 2025, 165 W
Fri Sep 26 13:33:14 IDT 2025, 166 W
Fri Sep 26 13:33:14 IDT 2025, 180 W
Fri Sep 26 13:33:14 IDT 2025, 211 W
Fri Sep 26 13:33:14 IDT 2025, 170 W
Fri Sep 26 13:33:14 IDT 2025, 187 W
Fri Sep 26 13:33:14 IDT 2025, 221 W
Fri Sep 26 13:33:14 IDT 2025, 186 W
Fri Sep 26 13:33:14 IDT 2025, 168 W
Fri Sep 26 13:33:15 IDT 2025, 179 W
Fri Sep 26 13:33:15 IDT 2025, 182 W
Fri Sep 26 13:33:15 IDT 2025, 206 W
Fri Sep 26 13:33:15 IDT 2025, 176 W
Fri Sep 26 13:33:15 IDT 2025, 178 W
Fri Sep 26 13:33:15 IDT 2025, 216 W
Fri Sep 26 13:33:15 IDT 2025, 181 W
Fri Sep 26 13:33:15 IDT 2025, 170 W
Fri Sep 26 13:33:16 IDT 2025, 173 W
Fri Sep 26 13:33:16 IDT 2025, 165 W
Fri Sep 26 13:33:16 IDT 2025, 201 W
Fri Sep 26 13:33:16 IDT 2025, 159 W
Fri Sep 26 13:33:16 IDT 2025, 177 W
Fri Sep 26 13:33:16 IDT 2025, 209 W
Fri Sep 26 13:33:16 IDT 2025, 173 W
Fri Sep 26 13:33:16 IDT 2025, 155 W
Fri Sep 26 13:33:17 IDT 2025, 185 W
Fri Sep 26 13:33:17 IDT 2025, 183 W
Fri Sep 26 13:33:17 IDT 2025, 212 W
Fri Sep 26 13:33:17 IDT 2025, 173 W
Fri Sep 26 13:33:17 IDT 2025, 174 W
Fri Sep 26 13:33:17 IDT 2025, 212 W
Fri Sep 26 13:33:17 IDT 2025, 187 W
Fri Sep 26 13:33:17 IDT 2025, 173 W
Fri Sep 26 13:33:18 IDT 2025, 145 W
Fri Sep 26 13:33:18 IDT 2025, 154 W
Fri Sep 26 13:33:18 IDT 2025, 176 W
Fri Sep 26 13:33:18 IDT 2025, 139 W
Fri Sep 26 13:33:18 IDT 2025, 144 W
Fri Sep 26 13:33:18 IDT 2025, 185 W
Fri Sep 26 13:33:18 IDT 2025, 160 W
Fri Sep 26 13:33:18 IDT 2025, 134 W
Fri Sep 26 13:33:19 IDT 2025, 168 W
Fri Sep 26 13:33:19 IDT 2025, 176 W
Fri Sep 26 13:33:19 IDT 2025, 204 W
Fri Sep 26 13:33:19 IDT 2025, 170 W
Fri Sep 26 13:33:19 IDT 2025, 169 W
Fri Sep 26 13:33:19 IDT 2025, 200 W
Fri Sep 26 13:33:19 IDT 2025, 184 W
Fri Sep 26 13:33:19 IDT 2025, 164 W
Fri Sep 26 13:33:20 IDT 2025, 173 W
Fri Sep 26 13:33:20 IDT 2025, 173 W
Fri Sep 26 13:33:20 IDT 2025, 197 W
Fri Sep 26 13:33:20 IDT 2025, 166 W
Fri Sep 26 13:33:20 IDT 2025, 163 W
Fri Sep 26 13:33:20 IDT 2025, 206 W
Fri Sep 26 13:33:20 IDT 2025, 179 W
Fri Sep 26 13:33:20 IDT 2025, 158 W
Fri Sep 26 13:33:21 IDT 2025, 158 W
Fri Sep 26 13:33:21 IDT 2025, 165 W
Fri Sep 26 13:33:21 IDT 2025, 193 W
Fri Sep 26 13:33:21 IDT 2025, 160 W
Fri Sep 26 13:33:21 IDT 2025, 160 W
Fri Sep 26 13:33:21 IDT 2025, 190 W
Fri Sep 26 13:33:21 IDT 2025, 163 W
Fri Sep 26 13:33:21 IDT 2025, 148 W
Fri Sep 26 13:33:22 IDT 2025, 175 W
Fri Sep 26 13:33:22 IDT 2025, 174 W
Fri Sep 26 13:33:22 IDT 2025, 206 W
Fri Sep 26 13:33:22 IDT 2025, 155 W
Fri Sep 26 13:33:22 IDT 2025, 161 W
Fri Sep 26 13:33:22 IDT 2025, 193 W
Fri Sep 26 13:33:22 IDT 2025, 176 W
Fri Sep 26 13:33:22 IDT 2025, 147 W
Fri Sep 26 13:33:23 IDT 2025, 174 W
Fri Sep 26 13:33:23 IDT 2025, 180 W
Fri Sep 26 13:33:23 IDT 2025, 214 W
Fri Sep 26 13:33:23 IDT 2025, 172 W
Fri Sep 26 13:33:23 IDT 2025, 177 W
Fri Sep 26 13:33:23 IDT 2025, 218 W
Fri Sep 26 13:33:23 IDT 2025, 186 W
Fri Sep 26 13:33:23 IDT 2025, 165 W
Fri Sep 26 13:33:24 IDT 2025, 168 W
Fri Sep 26 13:33:24 IDT 2025, 168 W
Fri Sep 26 13:33:24 IDT 2025, 197 W
Fri Sep 26 13:33:24 IDT 2025, 161 W
Fri Sep 26 13:33:24 IDT 2025, 171 W
Fri Sep 26 13:33:24 IDT 2025, 195 W
Fri Sep 26 13:33:24 IDT 2025, 172 W
Fri Sep 26 13:33:24 IDT 2025, 156 W
Fri Sep 26 13:33:25 IDT 2025, 178 W
Fri Sep 26 13:33:25 IDT 2025, 182 W
Fri Sep 26 13:33:25 IDT 2025, 209 W
Fri Sep 26 13:33:25 IDT 2025, 166 W
Fri Sep 26 13:33:25 IDT 2025, 187 W
Fri Sep 26 13:33:25 IDT 2025, 210 W
Fri Sep 26 13:33:25 IDT 2025, 178 W
Fri Sep 26 13:33:25 IDT 2025, 159 W
Fri Sep 26 13:33:26 IDT 2025, 187 W
Fri Sep 26 13:33:26 IDT 2025, 186 W
Fri Sep 26 13:33:26 IDT 2025, 212 W
Fri Sep 26 13:33:26 IDT 2025, 168 W
Fri Sep 26 13:33:26 IDT 2025, 175 W
Fri Sep 26 13:33:26 IDT 2025, 213 W
Fri Sep 26 13:33:26 IDT 2025, 184 W
Fri Sep 26 13:33:26 IDT 2025, 163 W
Fri Sep 26 13:33:27 IDT 2025, 180 W
Fri Sep 26 13:33:27 IDT 2025, 180 W
Fri Sep 26 13:33:27 IDT 2025, 215 W
Fri Sep 26 13:33:27 IDT 2025, 163 W
Fri Sep 26 13:33:27 IDT 2025, 184 W
Fri Sep 26 13:33:27 IDT 2025, 210 W
Fri Sep 26 13:33:27 IDT 2025, 185 W
Fri Sep 26 13:33:27 IDT 2025, 169 W
Fri Sep 26 13:33:28 IDT 2025, 171 W
Fri Sep 26 13:33:28 IDT 2025, 168 W
Fri Sep 26 13:33:28 IDT 2025, 196 W
Fri Sep 26 13:33:28 IDT 2025, 157 W
Fri Sep 26 13:33:28 IDT 2025, 168 W
Fri Sep 26 13:33:28 IDT 2025, 191 W
Fri Sep 26 13:33:28 IDT 2025, 173 W
Fri Sep 26 13:33:28 IDT 2025, 155 W
Fri Sep 26 13:33:29 IDT 2025, 185 W
Fri Sep 26 13:33:29 IDT 2025, 188 W
Fri Sep 26 13:33:29 IDT 2025, 213 W
Fri Sep 26 13:33:29 IDT 2025, 170 W
Fri Sep 26 13:33:29 IDT 2025, 185 W
Fri Sep 26 13:33:29 IDT 2025, 212 W
Fri Sep 26 13:33:29 IDT 2025, 188 W
Fri Sep 26 13:33:29 IDT 2025, 165 W
Fri Sep 26 13:33:30 IDT 2025, 174 W
Fri Sep 26 13:33:30 IDT 2025, 175 W
Fri Sep 26 13:33:30 IDT 2025, 206 W
Fri Sep 26 13:33:30 IDT 2025, 161 W
Fri Sep 26 13:33:30 IDT 2025, 177 W
Fri Sep 26 13:33:30 IDT 2025, 199 W
Fri Sep 26 13:33:30 IDT 2025, 177 W
Fri Sep 26 13:33:30 IDT 2025, 158 W
Fri Sep 26 13:33:31 IDT 2025, 181 W
Fri Sep 26 13:33:31 IDT 2025, 179 W
Fri Sep 26 13:33:31 IDT 2025, 224 W
Fri Sep 26 13:33:31 IDT 2025, 169 W
Fri Sep 26 13:33:31 IDT 2025, 181 W
Fri Sep 26 13:33:31 IDT 2025, 207 W
Fri Sep 26 13:33:31 IDT 2025, 185 W
Fri Sep 26 13:33:31 IDT 2025, 161 W
Fri Sep 26 13:33:32 IDT 2025, 179 W
Fri Sep 26 13:33:32 IDT 2025, 180 W
Fri Sep 26 13:33:32 IDT 2025, 220 W
Fri Sep 26 13:33:32 IDT 2025, 177 W
Fri Sep 26 13:33:32 IDT 2025, 186 W
Fri Sep 26 13:33:32 IDT 2025, 216 W
Fri Sep 26 13:33:32 IDT 2025, 183 W
Fri Sep 26 13:33:32 IDT 2025, 172 W
Fri Sep 26 13:33:33 IDT 2025, 182 W
Fri Sep 26 13:33:33 IDT 2025, 180 W
Fri Sep 26 13:33:33 IDT 2025, 211 W
Fri Sep 26 13:33:33 IDT 2025, 167 W
Fri Sep 26 13:33:33 IDT 2025, 186 W
Fri Sep 26 13:33:33 IDT 2025, 222 W
Fri Sep 26 13:33:33 IDT 2025, 185 W
Fri Sep 26 13:33:33 IDT 2025, 167 W
Fri Sep 26 13:33:34 IDT 2025, 166 W
Fri Sep 26 13:33:34 IDT 2025, 179 W
Fri Sep 26 13:33:34 IDT 2025, 204 W
Fri Sep 26 13:33:34 IDT 2025, 166 W
Fri Sep 26 13:33:34 IDT 2025, 179 W
Fri Sep 26 13:33:34 IDT 2025, 209 W
Fri Sep 26 13:33:34 IDT 2025, 181 W
Fri Sep 26 13:33:34 IDT 2025, 163 W
Fri Sep 26 13:33:35 IDT 2025, 181 W
Fri Sep 26 13:33:35 IDT 2025, 188 W
Fri Sep 26 13:33:35 IDT 2025, 212 W
Fri Sep 26 13:33:35 IDT 2025, 179 W
Fri Sep 26 13:33:35 IDT 2025, 185 W
Fri Sep 26 13:33:35 IDT 2025, 210 W
Fri Sep 26 13:33:35 IDT 2025, 190 W
Fri Sep 26 13:33:35 IDT 2025, 167 W
Fri Sep 26 13:33:36 IDT 2025, 181 W
Fri Sep 26 13:33:36 IDT 2025, 189 W
Fri Sep 26 13:33:36 IDT 2025, 210 W
Fri Sep 26 13:33:36 IDT 2025, 172 W
Fri Sep 26 13:33:36 IDT 2025, 186 W
Fri Sep 26 13:33:36 IDT 2025, 207 W
Fri Sep 26 13:33:36 IDT 2025, 182 W
Fri Sep 26 13:33:36 IDT 2025, 169 W
Fri Sep 26 13:33:37 IDT 2025, 170 W
Fri Sep 26 13:33:37 IDT 2025, 163 W
Fri Sep 26 13:33:37 IDT 2025, 198 W
Fri Sep 26 13:33:37 IDT 2025, 163 W
Fri Sep 26 13:33:37 IDT 2025, 160 W
Fri Sep 26 13:33:37 IDT 2025, 199 W
Fri Sep 26 13:33:37 IDT 2025, 171 W
Fri Sep 26 13:33:37 IDT 2025, 158 W
Fri Sep 26 13:33:38 IDT 2025, 162 W
Fri Sep 26 13:33:38 IDT 2025, 173 W
Fri Sep 26 13:33:38 IDT 2025, 192 W
Fri Sep 26 13:33:38 IDT 2025, 157 W
Fri Sep 26 13:33:38 IDT 2025, 165 W
Fri Sep 26 13:33:38 IDT 2025, 194 W
Fri Sep 26 13:33:38 IDT 2025, 172 W
Fri Sep 26 13:33:38 IDT 2025, 148 W
Fri Sep 26 13:33:39 IDT 2025, 170 W
Fri Sep 26 13:33:39 IDT 2025, 168 W
Fri Sep 26 13:33:39 IDT 2025, 198 W
Fri Sep 26 13:33:39 IDT 2025, 172 W
Fri Sep 26 13:33:39 IDT 2025, 169 W
Fri Sep 26 13:33:39 IDT 2025, 210 W
Fri Sep 26 13:33:39 IDT 2025, 177 W
Fri Sep 26 13:33:39 IDT 2025, 158 W
Fri Sep 26 13:33:40 IDT 2025, 168 W
Fri Sep 26 13:33:40 IDT 2025, 182 W
Fri Sep 26 13:33:40 IDT 2025, 214 W
Fri Sep 26 13:33:40 IDT 2025, 173 W
Fri Sep 26 13:33:40 IDT 2025, 173 W
Fri Sep 26 13:33:40 IDT 2025, 201 W
Fri Sep 26 13:33:40 IDT 2025, 187 W
Fri Sep 26 13:33:40 IDT 2025, 166 W
Fri Sep 26 13:33:41 IDT 2025, 183 W
Fri Sep 26 13:33:41 IDT 2025, 186 W
Fri Sep 26 13:33:41 IDT 2025, 198 W
Fri Sep 26 13:33:41 IDT 2025, 172 W
Fri Sep 26 13:33:41 IDT 2025, 180 W
Fri Sep 26 13:33:41 IDT 2025, 205 W
Fri Sep 26 13:33:41 IDT 2025, 186 W
Fri Sep 26 13:33:41 IDT 2025, 174 W
Fri Sep 26 13:33:42 IDT 2025, 170 W
Fri Sep 26 13:33:42 IDT 2025, 170 W
Fri Sep 26 13:33:42 IDT 2025, 208 W
Fri Sep 26 13:33:42 IDT 2025, 171 W
Fri Sep 26 13:33:42 IDT 2025, 174 W
Fri Sep 26 13:33:42 IDT 2025, 206 W
Fri Sep 26 13:33:42 IDT 2025, 182 W
Fri Sep 26 13:33:42 IDT 2025, 169 W
Fri Sep 26 13:33:43 IDT 2025, 183 W
Fri Sep 26 13:33:43 IDT 2025, 166 W
Fri Sep 26 13:33:43 IDT 2025, 212 W
Fri Sep 26 13:33:43 IDT 2025, 174 W
Fri Sep 26 13:33:43 IDT 2025, 177 W
Fri Sep 26 13:33:43 IDT 2025, 201 W
Fri Sep 26 13:33:43 IDT 2025, 180 W
Fri Sep 26 13:33:43 IDT 2025, 166 W
Fri Sep 26 13:33:44 IDT 2025, 179 W
Fri Sep 26 13:33:44 IDT 2025, 174 W
Fri Sep 26 13:33:44 IDT 2025, 209 W
Fri Sep 26 13:33:44 IDT 2025, 167 W
Fri Sep 26 13:33:44 IDT 2025, 174 W
Fri Sep 26 13:33:44 IDT 2025, 208 W
Fri Sep 26 13:33:44 IDT 2025, 188 W
Fri Sep 26 13:33:44 IDT 2025, 169 W
Fri Sep 26 13:33:45 IDT 2025, 173 W
Fri Sep 26 13:33:45 IDT 2025, 168 W
Fri Sep 26 13:33:45 IDT 2025, 210 W
Fri Sep 26 13:33:45 IDT 2025, 168 W
Fri Sep 26 13:33:45 IDT 2025, 178 W
Fri Sep 26 13:33:45 IDT 2025, 201 W
Fri Sep 26 13:33:45 IDT 2025, 175 W
Fri Sep 26 13:33:45 IDT 2025, 154 W
Fri Sep 26 13:33:46 IDT 2025, 170 W
Fri Sep 26 13:33:46 IDT 2025, 162 W
Fri Sep 26 13:33:46 IDT 2025, 197 W
Fri Sep 26 13:33:46 IDT 2025, 161 W
Fri Sep 26 13:33:46 IDT 2025, 162 W
Fri Sep 26 13:33:46 IDT 2025, 196 W
Fri Sep 26 13:33:46 IDT 2025, 169 W
Fri Sep 26 13:33:46 IDT 2025, 156 W
Fri Sep 26 13:33:47 IDT 2025, 175 W
Fri Sep 26 13:33:47 IDT 2025, 187 W
Fri Sep 26 13:33:47 IDT 2025, 209 W
Fri Sep 26 13:33:47 IDT 2025, 170 W
Fri Sep 26 13:33:47 IDT 2025, 182 W
Fri Sep 26 13:33:47 IDT 2025, 211 W
Fri Sep 26 13:33:47 IDT 2025, 186 W
Fri Sep 26 13:33:47 IDT 2025, 169 W
Fri Sep 26 13:33:48 IDT 2025, 157 W
Fri Sep 26 13:33:48 IDT 2025, 162 W
Fri Sep 26 13:33:48 IDT 2025, 180 W
Fri Sep 26 13:33:48 IDT 2025, 147 W
Fri Sep 26 13:33:48 IDT 2025, 170 W
Fri Sep 26 13:33:48 IDT 2025, 188 W
Fri Sep 26 13:33:48 IDT 2025, 162 W
Fri Sep 26 13:33:48 IDT 2025, 147 W
Fri Sep 26 13:33:49 IDT 2025, 171 W
Fri Sep 26 13:33:49 IDT 2025, 188 W
Fri Sep 26 13:33:49 IDT 2025, 216 W
Fri Sep 26 13:33:49 IDT 2025, 177 W
Fri Sep 26 13:33:49 IDT 2025, 179 W
Fri Sep 26 13:33:49 IDT 2025, 204 W
Fri Sep 26 13:33:49 IDT 2025, 177 W
Fri Sep 26 13:33:49 IDT 2025, 161 W
Fri Sep 26 13:33:50 IDT 2025, 166 W
Fri Sep 26 13:33:50 IDT 2025, 178 W
Fri Sep 26 13:33:50 IDT 2025, 201 W
Fri Sep 26 13:33:50 IDT 2025, 165 W
Fri Sep 26 13:33:50 IDT 2025, 178 W
Fri Sep 26 13:33:50 IDT 2025, 205 W
Fri Sep 26 13:33:50 IDT 2025, 187 W
Fri Sep 26 13:33:50 IDT 2025, 160 W
Fri Sep 26 13:33:51 IDT 2025, 159 W
Fri Sep 26 13:33:51 IDT 2025, 170 W
Fri Sep 26 13:33:51 IDT 2025, 203 W
Fri Sep 26 13:33:51 IDT 2025, 165 W
Fri Sep 26 13:33:51 IDT 2025, 164 W
Fri Sep 26 13:33:51 IDT 2025, 204 W
Fri Sep 26 13:33:51 IDT 2025, 177 W
Fri Sep 26 13:33:51 IDT 2025, 155 W
Fri Sep 26 13:33:52 IDT 2025, 179 W
Fri Sep 26 13:33:52 IDT 2025, 187 W
Fri Sep 26 13:33:52 IDT 2025, 208 W
Fri Sep 26 13:33:52 IDT 2025, 176 W
Fri Sep 26 13:33:52 IDT 2025, 173 W
Fri Sep 26 13:33:52 IDT 2025, 219 W
Fri Sep 26 13:33:52 IDT 2025, 194 W
Fri Sep 26 13:33:52 IDT 2025, 181 W
Fri Sep 26 13:33:53 IDT 2025, 175 W
Fri Sep 26 13:33:53 IDT 2025, 175 W
Fri Sep 26 13:33:53 IDT 2025, 211 W
Fri Sep 26 13:33:53 IDT 2025, 173 W
Fri Sep 26 13:33:53 IDT 2025, 176 W
Fri Sep 26 13:33:53 IDT 2025, 205 W
Fri Sep 26 13:33:53 IDT 2025, 186 W
Fri Sep 26 13:33:53 IDT 2025, 159 W
Fri Sep 26 13:33:54 IDT 2025, 185 W
Fri Sep 26 13:33:54 IDT 2025, 182 W
Fri Sep 26 13:33:54 IDT 2025, 204 W
Fri Sep 26 13:33:54 IDT 2025, 174 W
Fri Sep 26 13:33:54 IDT 2025, 182 W
Fri Sep 26 13:33:54 IDT 2025, 215 W
Fri Sep 26 13:33:54 IDT 2025, 186 W
Fri Sep 26 13:33:54 IDT 2025, 166 W
Fri Sep 26 13:33:55 IDT 2025, 180 W
Fri Sep 26 13:33:55 IDT 2025, 176 W
Fri Sep 26 13:33:55 IDT 2025, 206 W
Fri Sep 26 13:33:55 IDT 2025, 179 W
Fri Sep 26 13:33:55 IDT 2025, 178 W
Fri Sep 26 13:33:55 IDT 2025, 204 W
Fri Sep 26 13:33:55 IDT 2025, 188 W
Fri Sep 26 13:33:55 IDT 2025, 161 W
Fri Sep 26 13:33:56 IDT 2025, 187 W
Fri Sep 26 13:33:56 IDT 2025, 188 W
Fri Sep 26 13:33:56 IDT 2025, 206 W
Fri Sep 26 13:33:56 IDT 2025, 177 W
Fri Sep 26 13:33:56 IDT 2025, 181 W
Fri Sep 26 13:33:56 IDT 2025, 220 W
Fri Sep 26 13:33:56 IDT 2025, 192 W
Fri Sep 26 13:33:56 IDT 2025, 171 W
Fri Sep 26 13:33:57 IDT 2025, 183 W
Fri Sep 26 13:33:57 IDT 2025, 175 W
Fri Sep 26 13:33:57 IDT 2025, 205 W
Fri Sep 26 13:33:57 IDT 2025, 176 W
Fri Sep 26 13:33:57 IDT 2025, 184 W
Fri Sep 26 13:33:57 IDT 2025, 217 W
Fri Sep 26 13:33:57 IDT 2025, 189 W
Fri Sep 26 13:33:57 IDT 2025, 164 W
Fri Sep 26 13:33:58 IDT 2025, 173 W
Fri Sep 26 13:33:58 IDT 2025, 174 W
Fri Sep 26 13:33:58 IDT 2025, 209 W
Fri Sep 26 13:33:58 IDT 2025, 160 W
Fri Sep 26 13:33:58 IDT 2025, 175 W
Fri Sep 26 13:33:58 IDT 2025, 211 W
Fri Sep 26 13:33:58 IDT 2025, 178 W
Fri Sep 26 13:33:58 IDT 2025, 159 W
Fri Sep 26 13:33:59 IDT 2025, 182 W
Fri Sep 26 13:33:59 IDT 2025, 187 W
Fri Sep 26 13:33:59 IDT 2025, 213 W
Fri Sep 26 13:33:59 IDT 2025, 177 W
Fri Sep 26 13:33:59 IDT 2025, 181 W
Fri Sep 26 13:33:59 IDT 2025, 220 W
Fri Sep 26 13:33:59 IDT 2025, 192 W
Fri Sep 26 13:33:59 IDT 2025, 170 W
Fri Sep 26 13:34:00 IDT 2025, 179 W
Fri Sep 26 13:34:00 IDT 2025, 188 W
Fri Sep 26 13:34:00 IDT 2025, 207 W
Fri Sep 26 13:34:00 IDT 2025, 176 W
Fri Sep 26 13:34:00 IDT 2025, 178 W
Fri Sep 26 13:34:00 IDT 2025, 206 W
Fri Sep 26 13:34:00 IDT 2025, 187 W
Fri Sep 26 13:34:00 IDT 2025, 170 W
Fri Sep 26 13:34:01 IDT 2025, 178 W
Fri Sep 26 13:34:01 IDT 2025, 182 W
Fri Sep 26 13:34:01 IDT 2025, 211 W
Fri Sep 26 13:34:01 IDT 2025, 166 W
Fri Sep 26 13:34:01 IDT 2025, 183 W
Fri Sep 26 13:34:01 IDT 2025, 204 W
Fri Sep 26 13:34:01 IDT 2025, 176 W
Fri Sep 26 13:34:01 IDT 2025, 166 W
Fri Sep 26 13:34:02 IDT 2025, 162 W
Fri Sep 26 13:34:02 IDT 2025, 164 W
Fri Sep 26 13:34:02 IDT 2025, 199 W
Fri Sep 26 13:34:02 IDT 2025, 158 W
Fri Sep 26 13:34:02 IDT 2025, 171 W
Fri Sep 26 13:34:02 IDT 2025, 200 W
Fri Sep 26 13:34:02 IDT 2025, 173 W
Fri Sep 26 13:34:02 IDT 2025, 152 W
Fri Sep 26 13:34:03 IDT 2025, 176 W
Fri Sep 26 13:34:03 IDT 2025, 175 W
Fri Sep 26 13:34:03 IDT 2025, 214 W
Fri Sep 26 13:34:03 IDT 2025, 172 W
Fri Sep 26 13:34:03 IDT 2025, 174 W
Fri Sep 26 13:34:03 IDT 2025, 207 W
Fri Sep 26 13:34:03 IDT 2025, 179 W
Fri Sep 26 13:34:03 IDT 2025, 171 W
Fri Sep 26 13:34:04 IDT 2025, 188 W
Fri Sep 26 13:34:04 IDT 2025, 178 W
Fri Sep 26 13:34:04 IDT 2025, 216 W
Fri Sep 26 13:34:04 IDT 2025, 174 W
Fri Sep 26 13:34:04 IDT 2025, 174 W
Fri Sep 26 13:34:04 IDT 2025, 216 W
Fri Sep 26 13:34:04 IDT 2025, 181 W
Fri Sep 26 13:34:04 IDT 2025, 170 W
Fri Sep 26 13:34:05 IDT 2025, 175 W
Fri Sep 26 13:34:05 IDT 2025, 180 W
Fri Sep 26 13:34:05 IDT 2025, 214 W
Fri Sep 26 13:34:05 IDT 2025, 176 W
Fri Sep 26 13:34:05 IDT 2025, 174 W
Fri Sep 26 13:34:05 IDT 2025, 200 W
Fri Sep 26 13:34:05 IDT 2025, 190 W
Fri Sep 26 13:34:05 IDT 2025, 170 W
Fri Sep 26 13:34:06 IDT 2025, 168 W
Fri Sep 26 13:34:06 IDT 2025, 157 W
Fri Sep 26 13:34:06 IDT 2025, 199 W
Fri Sep 26 13:34:06 IDT 2025, 150 W
Fri Sep 26 13:34:06 IDT 2025, 156 W
Fri Sep 26 13:34:06 IDT 2025, 186 W
Fri Sep 26 13:34:06 IDT 2025, 164 W
Fri Sep 26 13:34:06 IDT 2025, 149 W
Fri Sep 26 13:34:07 IDT 2025, 167 W
Fri Sep 26 13:34:07 IDT 2025, 168 W
Fri Sep 26 13:34:07 IDT 2025, 190 W
Fri Sep 26 13:34:07 IDT 2025, 167 W
Fri Sep 26 13:34:07 IDT 2025, 167 W
Fri Sep 26 13:34:07 IDT 2025, 202 W
Fri Sep 26 13:34:07 IDT 2025, 171 W
Fri Sep 26 13:34:07 IDT 2025, 160 W
Fri Sep 26 13:34:08 IDT 2025, 166 W
Fri Sep 26 13:34:08 IDT 2025, 170 W
Fri Sep 26 13:34:08 IDT 2025, 199 W
Fri Sep 26 13:34:08 IDT 2025, 162 W
Fri Sep 26 13:34:08 IDT 2025, 158 W
Fri Sep 26 13:34:08 IDT 2025, 183 W
Fri Sep 26 13:34:08 IDT 2025, 172 W
Fri Sep 26 13:34:08 IDT 2025, 153 W
Fri Sep 26 13:34:09 IDT 2025, 164 W
Fri Sep 26 13:34:09 IDT 2025, 158 W
Fri Sep 26 13:34:09 IDT 2025, 193 W
Fri Sep 26 13:34:09 IDT 2025, 158 W
Fri Sep 26 13:34:09 IDT 2025, 163 W
Fri Sep 26 13:34:09 IDT 2025, 193 W
Fri Sep 26 13:34:09 IDT 2025, 166 W
Fri Sep 26 13:34:09 IDT 2025, 148 W
Fri Sep 26 13:34:10 IDT 2025, 180 W
Fri Sep 26 13:34:10 IDT 2025, 187 W
Fri Sep 26 13:34:10 IDT 2025, 225 W
Fri Sep 26 13:34:10 IDT 2025, 180 W
Fri Sep 26 13:34:10 IDT 2025, 192 W
Fri Sep 26 13:34:10 IDT 2025, 221 W
Fri Sep 26 13:34:10 IDT 2025, 197 W
Fri Sep 26 13:34:10 IDT 2025, 177 W
Fri Sep 26 13:34:11 IDT 2025, 172 W
Fri Sep 26 13:34:11 IDT 2025, 187 W
Fri Sep 26 13:34:11 IDT 2025, 217 W
Fri Sep 26 13:34:11 IDT 2025, 178 W
Fri Sep 26 13:34:11 IDT 2025, 179 W
Fri Sep 26 13:34:11 IDT 2025, 224 W
Fri Sep 26 13:34:11 IDT 2025, 185 W
Fri Sep 26 13:34:11 IDT 2025, 172 W
Fri Sep 26 13:34:12 IDT 2025, 173 W
Fri Sep 26 13:34:12 IDT 2025, 169 W
Fri Sep 26 13:34:12 IDT 2025, 205 W
Fri Sep 26 13:34:12 IDT 2025, 167 W
Fri Sep 26 13:34:12 IDT 2025, 165 W
Fri Sep 26 13:34:12 IDT 2025, 196 W
Fri Sep 26 13:34:12 IDT 2025, 179 W
Fri Sep 26 13:34:12 IDT 2025, 157 W
Fri Sep 26 13:34:13 IDT 2025, 163 W
Fri Sep 26 13:34:13 IDT 2025, 172 W
Fri Sep 26 13:34:13 IDT 2025, 193 W
Fri Sep 26 13:34:13 IDT 2025, 156 W
Fri Sep 26 13:34:13 IDT 2025, 151 W
Fri Sep 26 13:34:13 IDT 2025, 183 W
Fri Sep 26 13:34:13 IDT 2025, 165 W
Fri Sep 26 13:34:13 IDT 2025, 146 W
Fri Sep 26 13:34:14 IDT 2025, 187 W
Fri Sep 26 13:34:14 IDT 2025, 193 W
Fri Sep 26 13:34:14 IDT 2025, 217 W
Fri Sep 26 13:34:14 IDT 2025, 186 W
Fri Sep 26 13:34:14 IDT 2025, 192 W
Fri Sep 26 13:34:14 IDT 2025, 218 W
Fri Sep 26 13:34:14 IDT 2025, 197 W
Fri Sep 26 13:34:14 IDT 2025, 177 W
Fri Sep 26 13:34:15 IDT 2025, 161 W
Fri Sep 26 13:34:15 IDT 2025, 179 W
Fri Sep 26 13:34:15 IDT 2025, 204 W
Fri Sep 26 13:34:15 IDT 2025, 168 W
Fri Sep 26 13:34:15 IDT 2025, 179 W
Fri Sep 26 13:34:15 IDT 2025, 196 W
Fri Sep 26 13:34:15 IDT 2025, 172 W
Fri Sep 26 13:34:15 IDT 2025, 161 W
Fri Sep 26 13:34:16 IDT 2025, 174 W
Fri Sep 26 13:34:16 IDT 2025, 181 W
Fri Sep 26 13:34:16 IDT 2025, 208 W
Fri Sep 26 13:34:16 IDT 2025, 168 W
Fri Sep 26 13:34:16 IDT 2025, 175 W
Fri Sep 26 13:34:16 IDT 2025, 205 W
Fri Sep 26 13:34:16 IDT 2025, 182 W
Fri Sep 26 13:34:16 IDT 2025, 164 W
Fri Sep 26 13:34:17 IDT 2025, 180 W
Fri Sep 26 13:34:17 IDT 2025, 173 W
Fri Sep 26 13:34:17 IDT 2025, 204 W
Fri Sep 26 13:34:17 IDT 2025, 166 W
Fri Sep 26 13:34:17 IDT 2025, 176 W
Fri Sep 26 13:34:17 IDT 2025, 206 W
Fri Sep 26 13:34:17 IDT 2025, 181 W
Fri Sep 26 13:34:17 IDT 2025, 161 W
Fri Sep 26 13:34:18 IDT 2025, 156 W
Fri Sep 26 13:34:18 IDT 2025, 150 W
Fri Sep 26 13:34:18 IDT 2025, 178 W
Fri Sep 26 13:34:18 IDT 2025, 150 W
Fri Sep 26 13:34:18 IDT 2025, 148 W
Fri Sep 26 13:34:18 IDT 2025, 181 W
Fri Sep 26 13:34:18 IDT 2025, 162 W
Fri Sep 26 13:34:18 IDT 2025, 140 W
Fri Sep 26 13:34:19 IDT 2025, 164 W
Fri Sep 26 13:34:19 IDT 2025, 165 W
Fri Sep 26 13:34:19 IDT 2025, 200 W
Fri Sep 26 13:34:19 IDT 2025, 160 W
Fri Sep 26 13:34:19 IDT 2025, 154 W
Fri Sep 26 13:34:19 IDT 2025, 194 W
Fri Sep 26 13:34:19 IDT 2025, 162 W
Fri Sep 26 13:34:19 IDT 2025, 151 W
Fri Sep 26 13:34:20 IDT 2025, 164 W
Fri Sep 26 13:34:20 IDT 2025, 172 W
Fri Sep 26 13:34:20 IDT 2025, 200 W
Fri Sep 26 13:34:20 IDT 2025, 166 W
Fri Sep 26 13:34:20 IDT 2025, 173 W
Fri Sep 26 13:34:20 IDT 2025, 195 W
Fri Sep 26 13:34:20 IDT 2025, 174 W
Fri Sep 26 13:34:20 IDT 2025, 159 W
Fri Sep 26 13:34:21 IDT 2025, 176 W
Fri Sep 26 13:34:21 IDT 2025, 188 W
Fri Sep 26 13:34:21 IDT 2025, 214 W
Fri Sep 26 13:34:21 IDT 2025, 165 W
Fri Sep 26 13:34:21 IDT 2025, 178 W
Fri Sep 26 13:34:21 IDT 2025, 210 W
Fri Sep 26 13:34:21 IDT 2025, 179 W
Fri Sep 26 13:34:21 IDT 2025, 168 W
Fri Sep 26 13:34:22 IDT 2025, 187 W
Fri Sep 26 13:34:22 IDT 2025, 190 W
Fri Sep 26 13:34:22 IDT 2025, 216 W
Fri Sep 26 13:34:22 IDT 2025, 177 W
Fri Sep 26 13:34:22 IDT 2025, 186 W
Fri Sep 26 13:34:22 IDT 2025, 207 W
Fri Sep 26 13:34:22 IDT 2025, 183 W
Fri Sep 26 13:34:22 IDT 2025, 171 W
Fri Sep 26 13:34:23 IDT 2025, 170 W
Fri Sep 26 13:34:23 IDT 2025, 169 W
Fri Sep 26 13:34:23 IDT 2025, 195 W
Fri Sep 26 13:34:23 IDT 2025, 161 W
Fri Sep 26 13:34:23 IDT 2025, 164 W
Fri Sep 26 13:34:23 IDT 2025, 202 W
Fri Sep 26 13:34:23 IDT 2025, 177 W
Fri Sep 26 13:34:23 IDT 2025, 157 W
Fri Sep 26 13:34:24 IDT 2025, 159 W
Fri Sep 26 13:34:24 IDT 2025, 168 W
Fri Sep 26 13:34:24 IDT 2025, 195 W
Fri Sep 26 13:34:24 IDT 2025, 156 W
Fri Sep 26 13:34:24 IDT 2025, 157 W
Fri Sep 26 13:34:24 IDT 2025, 192 W
Fri Sep 26 13:34:24 IDT 2025, 170 W
Fri Sep 26 13:34:24 IDT 2025, 150 W
Fri Sep 26 13:34:25 IDT 2025, 173 W
Fri Sep 26 13:34:25 IDT 2025, 164 W
Fri Sep 26 13:34:25 IDT 2025, 205 W
Fri Sep 26 13:34:25 IDT 2025, 170 W
Fri Sep 26 13:34:25 IDT 2025, 175 W
Fri Sep 26 13:34:25 IDT 2025, 200 W
Fri Sep 26 13:34:25 IDT 2025, 179 W
Fri Sep 26 13:34:25 IDT 2025, 164 W
Fri Sep 26 13:34:26 IDT 2025, 163 W
Fri Sep 26 13:34:26 IDT 2025, 179 W
Fri Sep 26 13:34:26 IDT 2025, 211 W
Fri Sep 26 13:34:26 IDT 2025, 166 W
Fri Sep 26 13:34:26 IDT 2025, 178 W
Fri Sep 26 13:34:26 IDT 2025, 206 W
Fri Sep 26 13:34:26 IDT 2025, 189 W
Fri Sep 26 13:34:26 IDT 2025, 164 W
Fri Sep 26 13:34:27 IDT 2025, 173 W
Fri Sep 26 13:34:27 IDT 2025, 176 W
Fri Sep 26 13:34:27 IDT 2025, 203 W
Fri Sep 26 13:34:27 IDT 2025, 163 W
Fri Sep 26 13:34:27 IDT 2025, 178 W
Fri Sep 26 13:34:27 IDT 2025, 201 W
Fri Sep 26 13:34:27 IDT 2025, 180 W
Fri Sep 26 13:34:27 IDT 2025, 165 W
Fri Sep 26 13:34:28 IDT 2025, 171 W
Fri Sep 26 13:34:28 IDT 2025, 185 W
Fri Sep 26 13:34:28 IDT 2025, 211 W
Fri Sep 26 13:34:28 IDT 2025, 173 W
Fri Sep 26 13:34:28 IDT 2025, 182 W
Fri Sep 26 13:34:28 IDT 2025, 206 W
Fri Sep 26 13:34:28 IDT 2025, 182 W
Fri Sep 26 13:34:28 IDT 2025, 167 W
Fri Sep 26 13:34:29 IDT 2025, 160 W
Fri Sep 26 13:34:29 IDT 2025, 169 W
Fri Sep 26 13:34:29 IDT 2025, 199 W
Fri Sep 26 13:34:29 IDT 2025, 166 W
Fri Sep 26 13:34:29 IDT 2025, 167 W
Fri Sep 26 13:34:29 IDT 2025, 197 W
Fri Sep 26 13:34:29 IDT 2025, 175 W
Fri Sep 26 13:34:29 IDT 2025, 153 W
Fri Sep 26 13:34:30 IDT 2025, 178 W
Fri Sep 26 13:34:30 IDT 2025, 176 W
Fri Sep 26 13:34:30 IDT 2025, 207 W
Fri Sep 26 13:34:30 IDT 2025, 162 W
Fri Sep 26 13:34:30 IDT 2025, 186 W
Fri Sep 26 13:34:30 IDT 2025, 214 W
Fri Sep 26 13:34:30 IDT 2025, 187 W
Fri Sep 26 13:34:30 IDT 2025, 168 W
Fri Sep 26 13:34:31 IDT 2025, 183 W
Fri Sep 26 13:34:31 IDT 2025, 181 W
Fri Sep 26 13:34:31 IDT 2025, 218 W
Fri Sep 26 13:34:31 IDT 2025, 169 W
Fri Sep 26 13:34:31 IDT 2025, 184 W
Fri Sep 26 13:34:31 IDT 2025, 204 W
Fri Sep 26 13:34:31 IDT 2025, 180 W
Fri Sep 26 13:34:31 IDT 2025, 152 W
Fri Sep 26 13:34:32 IDT 2025, 179 W
Fri Sep 26 13:34:32 IDT 2025, 187 W
Fri Sep 26 13:34:32 IDT 2025, 207 W
Fri Sep 26 13:34:32 IDT 2025, 171 W
Fri Sep 26 13:34:32 IDT 2025, 183 W
Fri Sep 26 13:34:32 IDT 2025, 205 W
Fri Sep 26 13:34:32 IDT 2025, 193 W
Fri Sep 26 13:34:32 IDT 2025, 164 W
Fri Sep 26 13:34:33 IDT 2025, 179 W
Fri Sep 26 13:34:33 IDT 2025, 181 W
Fri Sep 26 13:34:33 IDT 2025, 225 W
Fri Sep 26 13:34:33 IDT 2025, 179 W
Fri Sep 26 13:34:33 IDT 2025, 190 W
Fri Sep 26 13:34:33 IDT 2025, 220 W
Fri Sep 26 13:34:33 IDT 2025, 178 W
Fri Sep 26 13:34:33 IDT 2025, 173 W
Fri Sep 26 13:34:34 IDT 2025, 187 W
Fri Sep 26 13:34:34 IDT 2025, 174 W
Fri Sep 26 13:34:34 IDT 2025, 207 W
Fri Sep 26 13:34:34 IDT 2025, 160 W
Fri Sep 26 13:34:34 IDT 2025, 181 W
Fri Sep 26 13:34:34 IDT 2025, 208 W
Fri Sep 26 13:34:34 IDT 2025, 177 W
Fri Sep 26 13:34:34 IDT 2025, 165 W
Fri Sep 26 13:34:35 IDT 2025, 184 W
Fri Sep 26 13:34:35 IDT 2025, 187 W
Fri Sep 26 13:34:35 IDT 2025, 208 W
Fri Sep 26 13:34:35 IDT 2025, 162 W
Fri Sep 26 13:34:35 IDT 2025, 179 W
Fri Sep 26 13:34:35 IDT 2025, 215 W
Fri Sep 26 13:34:35 IDT 2025, 178 W
Fri Sep 26 13:34:35 IDT 2025, 162 W
Fri Sep 26 13:34:36 IDT 2025, 172 W
Fri Sep 26 13:34:36 IDT 2025, 175 W
Fri Sep 26 13:34:36 IDT 2025, 197 W
Fri Sep 26 13:34:36 IDT 2025, 155 W
Fri Sep 26 13:34:36 IDT 2025, 174 W
Fri Sep 26 13:34:36 IDT 2025, 195 W
Fri Sep 26 13:34:36 IDT 2025, 182 W
Fri Sep 26 13:34:36 IDT 2025, 153 W
Fri Sep 26 13:34:37 IDT 2025, 187 W
Fri Sep 26 13:34:37 IDT 2025, 184 W
Fri Sep 26 13:34:37 IDT 2025, 209 W
Fri Sep 26 13:34:37 IDT 2025, 166 W
Fri Sep 26 13:34:37 IDT 2025, 186 W
Fri Sep 26 13:34:37 IDT 2025, 204 W
Fri Sep 26 13:34:37 IDT 2025, 178 W
Fri Sep 26 13:34:37 IDT 2025, 164 W
Fri Sep 26 13:34:38 IDT 2025, 183 W
Fri Sep 26 13:34:38 IDT 2025, 195 W
Fri Sep 26 13:34:38 IDT 2025, 211 W
Fri Sep 26 13:34:38 IDT 2025, 173 W
Fri Sep 26 13:34:38 IDT 2025, 184 W
Fri Sep 26 13:34:38 IDT 2025, 207 W
Fri Sep 26 13:34:38 IDT 2025, 184 W
Fri Sep 26 13:34:38 IDT 2025, 164 W
Fri Sep 26 13:34:39 IDT 2025, 182 W
Fri Sep 26 13:34:39 IDT 2025, 181 W
Fri Sep 26 13:34:39 IDT 2025, 216 W
Fri Sep 26 13:34:39 IDT 2025, 168 W
Fri Sep 26 13:34:39 IDT 2025, 187 W
Fri Sep 26 13:34:39 IDT 2025, 205 W
Fri Sep 26 13:34:39 IDT 2025, 187 W
Fri Sep 26 13:34:39 IDT 2025, 163 W
Fri Sep 26 13:34:40 IDT 2025, 167 W
Fri Sep 26 13:34:40 IDT 2025, 192 W
Fri Sep 26 13:34:40 IDT 2025, 210 W
Fri Sep 26 13:34:40 IDT 2025, 176 W
Fri Sep 26 13:34:40 IDT 2025, 188 W
Fri Sep 26 13:34:40 IDT 2025, 206 W
Fri Sep 26 13:34:40 IDT 2025, 186 W
Fri Sep 26 13:34:40 IDT 2025, 172 W
Fri Sep 26 13:34:41 IDT 2025, 185 W
Fri Sep 26 13:34:41 IDT 2025, 180 W
Fri Sep 26 13:34:41 IDT 2025, 215 W
Fri Sep 26 13:34:41 IDT 2025, 182 W
Fri Sep 26 13:34:41 IDT 2025, 188 W
Fri Sep 26 13:34:41 IDT 2025, 213 W
Fri Sep 26 13:34:41 IDT 2025, 194 W
Fri Sep 26 13:34:41 IDT 2025, 172 W
Fri Sep 26 13:34:42 IDT 2025, 186 W
Fri Sep 26 13:34:42 IDT 2025, 184 W
Fri Sep 26 13:34:42 IDT 2025, 214 W
Fri Sep 26 13:34:42 IDT 2025, 181 W
Fri Sep 26 13:34:42 IDT 2025, 179 W
Fri Sep 26 13:34:42 IDT 2025, 211 W
Fri Sep 26 13:34:42 IDT 2025, 187 W
Fri Sep 26 13:34:42 IDT 2025, 172 W
Fri Sep 26 13:34:43 IDT 2025, 156 W
Fri Sep 26 13:34:43 IDT 2025, 171 W
Fri Sep 26 13:34:43 IDT 2025, 190 W
Fri Sep 26 13:34:43 IDT 2025, 150 W
Fri Sep 26 13:34:43 IDT 2025, 153 W
Fri Sep 26 13:34:43 IDT 2025, 186 W
Fri Sep 26 13:34:43 IDT 2025, 173 W
Fri Sep 26 13:34:43 IDT 2025, 146 W
Fri Sep 26 13:34:44 IDT 2025, 160 W
Fri Sep 26 13:34:44 IDT 2025, 156 W
Fri Sep 26 13:34:44 IDT 2025, 187 W
Fri Sep 26 13:34:44 IDT 2025, 157 W
Fri Sep 26 13:34:44 IDT 2025, 151 W
Fri Sep 26 13:34:44 IDT 2025, 188 W
Fri Sep 26 13:34:44 IDT 2025, 165 W
Fri Sep 26 13:34:44 IDT 2025, 144 W
Fri Sep 26 13:34:45 IDT 2025, 161 W
Fri Sep 26 13:34:45 IDT 2025, 164 W
Fri Sep 26 13:34:45 IDT 2025, 198 W
Fri Sep 26 13:34:45 IDT 2025, 163 W
Fri Sep 26 13:34:45 IDT 2025, 168 W
Fri Sep 26 13:34:45 IDT 2025, 193 W
Fri Sep 26 13:34:45 IDT 2025, 171 W
Fri Sep 26 13:34:45 IDT 2025, 147 W
Fri Sep 26 13:34:46 IDT 2025, 168 W
Fri Sep 26 13:34:46 IDT 2025, 171 W
Fri Sep 26 13:34:46 IDT 2025, 196 W
Fri Sep 26 13:34:46 IDT 2025, 160 W
Fri Sep 26 13:34:46 IDT 2025, 164 W
Fri Sep 26 13:34:46 IDT 2025, 199 W
Fri Sep 26 13:34:46 IDT 2025, 180 W
Fri Sep 26 13:34:46 IDT 2025, 145 W
Fri Sep 26 13:34:47 IDT 2025, 179 W
Fri Sep 26 13:34:47 IDT 2025, 182 W
Fri Sep 26 13:34:47 IDT 2025, 217 W
Fri Sep 26 13:34:47 IDT 2025, 168 W
Fri Sep 26 13:34:47 IDT 2025, 175 W
Fri Sep 26 13:34:47 IDT 2025, 210 W
Fri Sep 26 13:34:47 IDT 2025, 180 W
Fri Sep 26 13:34:47 IDT 2025, 164 W
Fri Sep 26 13:34:48 IDT 2025, 161 W
Fri Sep 26 13:34:48 IDT 2025, 175 W
Fri Sep 26 13:34:48 IDT 2025, 208 W
Fri Sep 26 13:34:48 IDT 2025, 172 W
Fri Sep 26 13:34:48 IDT 2025, 175 W
Fri Sep 26 13:34:48 IDT 2025, 206 W
Fri Sep 26 13:34:48 IDT 2025, 173 W
Fri Sep 26 13:34:48 IDT 2025, 160 W
Fri Sep 26 13:34:49 IDT 2025, 168 W
Fri Sep 26 13:34:49 IDT 2025, 179 W
Fri Sep 26 13:34:49 IDT 2025, 211 W
Fri Sep 26 13:34:49 IDT 2025, 165 W
Fri Sep 26 13:34:49 IDT 2025, 180 W
Fri Sep 26 13:34:49 IDT 2025, 206 W
Fri Sep 26 13:34:49 IDT 2025, 183 W
Fri Sep 26 13:34:49 IDT 2025, 157 W
Fri Sep 26 13:34:50 IDT 2025, 185 W
Fri Sep 26 13:34:50 IDT 2025, 187 W
Fri Sep 26 13:34:50 IDT 2025, 214 W
Fri Sep 26 13:34:50 IDT 2025, 175 W
Fri Sep 26 13:34:50 IDT 2025, 175 W
Fri Sep 26 13:34:50 IDT 2025, 216 W
Fri Sep 26 13:34:50 IDT 2025, 182 W
Fri Sep 26 13:34:50 IDT 2025, 162 W
Fri Sep 26 13:34:51 IDT 2025, 183 W
Fri Sep 26 13:34:51 IDT 2025, 173 W
Fri Sep 26 13:34:51 IDT 2025, 216 W
Fri Sep 26 13:34:51 IDT 2025, 175 W
Fri Sep 26 13:34:51 IDT 2025, 177 W
Fri Sep 26 13:34:51 IDT 2025, 204 W
Fri Sep 26 13:34:51 IDT 2025, 190 W
Fri Sep 26 13:34:51 IDT 2025, 162 W
Fri Sep 26 13:34:52 IDT 2025, 184 W
Fri Sep 26 13:34:52 IDT 2025, 181 W
Fri Sep 26 13:34:52 IDT 2025, 217 W
Fri Sep 26 13:34:52 IDT 2025, 172 W
Fri Sep 26 13:34:52 IDT 2025, 177 W
Fri Sep 26 13:34:52 IDT 2025, 210 W
Fri Sep 26 13:34:52 IDT 2025, 183 W
Fri Sep 26 13:34:52 IDT 2025, 165 W
Fri Sep 26 13:34:53 IDT 2025, 180 W
Fri Sep 26 13:34:53 IDT 2025, 175 W
Fri Sep 26 13:34:53 IDT 2025, 212 W
Fri Sep 26 13:34:53 IDT 2025, 171 W
Fri Sep 26 13:34:53 IDT 2025, 183 W
Fri Sep 26 13:34:53 IDT 2025, 204 W
Fri Sep 26 13:34:53 IDT 2025, 183 W
Fri Sep 26 13:34:53 IDT 2025, 167 W
Fri Sep 26 13:34:54 IDT 2025, 168 W
Fri Sep 26 13:34:54 IDT 2025, 173 W
Fri Sep 26 13:34:54 IDT 2025, 206 W
Fri Sep 26 13:34:54 IDT 2025, 174 W
Fri Sep 26 13:34:54 IDT 2025, 175 W
Fri Sep 26 13:34:54 IDT 2025, 214 W
Fri Sep 26 13:34:54 IDT 2025, 188 W
Fri Sep 26 13:34:54 IDT 2025, 161 W
Fri Sep 26 13:34:55 IDT 2025, 174 W
Fri Sep 26 13:34:55 IDT 2025, 178 W
Fri Sep 26 13:34:55 IDT 2025, 208 W
Fri Sep 26 13:34:55 IDT 2025, 171 W
Fri Sep 26 13:34:55 IDT 2025, 186 W
Fri Sep 26 13:34:55 IDT 2025, 203 W
Fri Sep 26 13:34:55 IDT 2025, 193 W
Fri Sep 26 13:34:55 IDT 2025, 158 W
Fri Sep 26 13:34:56 IDT 2025, 184 W
Fri Sep 26 13:34:56 IDT 2025, 201 W
Fri Sep 26 13:34:56 IDT 2025, 228 W
Fri Sep 26 13:34:56 IDT 2025, 185 W
Fri Sep 26 13:34:56 IDT 2025, 191 W
Fri Sep 26 13:34:56 IDT 2025, 217 W
Fri Sep 26 13:34:56 IDT 2025, 196 W
Fri Sep 26 13:34:56 IDT 2025, 172 W
Fri Sep 26 13:34:57 IDT 2025, 166 W
Fri Sep 26 13:34:57 IDT 2025, 172 W
Fri Sep 26 13:34:57 IDT 2025, 196 W
Fri Sep 26 13:34:57 IDT 2025, 163 W
Fri Sep 26 13:34:57 IDT 2025, 158 W
Fri Sep 26 13:34:57 IDT 2025, 196 W
Fri Sep 26 13:34:57 IDT 2025, 167 W
Fri Sep 26 13:34:57 IDT 2025, 149 W
Fri Sep 26 13:34:58 IDT 2025, 167 W
Fri Sep 26 13:34:58 IDT 2025, 170 W
Fri Sep 26 13:34:58 IDT 2025, 203 W
Fri Sep 26 13:34:58 IDT 2025, 139 W
Fri Sep 26 13:34:58 IDT 2025, 166 W
Fri Sep 26 13:34:58 IDT 2025, 196 W
Fri Sep 26 13:34:58 IDT 2025, 168 W
Fri Sep 26 13:34:58 IDT 2025, 147 W
Fri Sep 26 13:34:59 IDT 2025, 170 W
Fri Sep 26 13:34:59 IDT 2025, 168 W
Fri Sep 26 13:34:59 IDT 2025, 196 W
Fri Sep 26 13:34:59 IDT 2025, 162 W
Fri Sep 26 13:34:59 IDT 2025, 171 W
Fri Sep 26 13:34:59 IDT 2025, 194 W
Fri Sep 26 13:34:59 IDT 2025, 170 W
Fri Sep 26 13:34:59 IDT 2025, 158 W
Fri Sep 26 13:35:00 IDT 2025, 176 W
Fri Sep 26 13:35:00 IDT 2025, 180 W
Fri Sep 26 13:35:00 IDT 2025, 219 W
Fri Sep 26 13:35:00 IDT 2025, 172 W
Fri Sep 26 13:35:00 IDT 2025, 186 W
Fri Sep 26 13:35:00 IDT 2025, 214 W
Fri Sep 26 13:35:00 IDT 2025, 184 W
Fri Sep 26 13:35:00 IDT 2025, 170 W
Fri Sep 26 13:35:01 IDT 2025, 173 W
Fri Sep 26 13:35:01 IDT 2025, 181 W
Fri Sep 26 13:35:01 IDT 2025, 222 W
Fri Sep 26 13:35:01 IDT 2025, 168 W
Fri Sep 26 13:35:01 IDT 2025, 176 W
Fri Sep 26 13:35:01 IDT 2025, 217 W
Fri Sep 26 13:35:01 IDT 2025, 181 W
Fri Sep 26 13:35:01 IDT 2025, 171 W
Fri Sep 26 13:35:03 IDT 2025, 175 W
Fri Sep 26 13:35:03 IDT 2025, 181 W
Fri Sep 26 13:35:03 IDT 2025, 210 W
Fri Sep 26 13:35:03 IDT 2025, 177 W
Fri Sep 26 13:35:03 IDT 2025, 182 W
Fri Sep 26 13:35:03 IDT 2025, 214 W
Fri Sep 26 13:35:03 IDT 2025, 195 W
Fri Sep 26 13:35:03 IDT 2025, 164 W
Fri Sep 26 13:35:03 IDT 2025, 179 W
Fri Sep 26 13:35:03 IDT 2025, 182 W
Fri Sep 26 13:35:03 IDT 2025, 210 W
Fri Sep 26 13:35:03 IDT 2025, 173 W
Fri Sep 26 13:35:03 IDT 2025, 180 W
Fri Sep 26 13:35:03 IDT 2025, 212 W
Fri Sep 26 13:35:03 IDT 2025, 183 W
Fri Sep 26 13:35:03 IDT 2025, 170 W
Fri Sep 26 13:35:04 IDT 2025, 183 W
Fri Sep 26 13:35:04 IDT 2025, 178 W
Fri Sep 26 13:35:04 IDT 2025, 208 W
Fri Sep 26 13:35:04 IDT 2025, 169 W
Fri Sep 26 13:35:04 IDT 2025, 182 W
Fri Sep 26 13:35:04 IDT 2025, 210 W
Fri Sep 26 13:35:04 IDT 2025, 184 W
Fri Sep 26 13:35:04 IDT 2025, 162 W
Fri Sep 26 13:35:05 IDT 2025, 191 W
Fri Sep 26 13:35:05 IDT 2025, 184 W
Fri Sep 26 13:35:05 IDT 2025, 210 W
Fri Sep 26 13:35:05 IDT 2025, 168 W
Fri Sep 26 13:35:05 IDT 2025, 188 W
Fri Sep 26 13:35:05 IDT 2025, 211 W
Fri Sep 26 13:35:05 IDT 2025, 187 W
Fri Sep 26 13:35:05 IDT 2025, 172 W
Fri Sep 26 13:35:06 IDT 2025, 160 W
Fri Sep 26 13:35:06 IDT 2025, 159 W
Fri Sep 26 13:35:06 IDT 2025, 190 W
Fri Sep 26 13:35:06 IDT 2025, 153 W
Fri Sep 26 13:35:06 IDT 2025, 163 W
Fri Sep 26 13:35:06 IDT 2025, 187 W
Fri Sep 26 13:35:06 IDT 2025, 163 W
Fri Sep 26 13:35:06 IDT 2025, 135 W
Fri Sep 26 13:35:07 IDT 2025, 186 W
Fri Sep 26 13:35:07 IDT 2025, 188 W
Fri Sep 26 13:35:07 IDT 2025, 203 W
Fri Sep 26 13:35:07 IDT 2025, 173 W
Fri Sep 26 13:35:07 IDT 2025, 183 W
Fri Sep 26 13:35:07 IDT 2025, 216 W
Fri Sep 26 13:35:07 IDT 2025, 186 W
Fri Sep 26 13:35:07 IDT 2025, 164 W
Fri Sep 26 13:35:08 IDT 2025, 168 W
Fri Sep 26 13:35:08 IDT 2025, 174 W
Fri Sep 26 13:35:08 IDT 2025, 201 W
Fri Sep 26 13:35:08 IDT 2025, 164 W
Fri Sep 26 13:35:08 IDT 2025, 162 W
Fri Sep 26 13:35:08 IDT 2025, 202 W
Fri Sep 26 13:35:08 IDT 2025, 182 W
Fri Sep 26 13:35:08 IDT 2025, 154 W
Fri Sep 26 13:35:09 IDT 2025, 192 W
Fri Sep 26 13:35:09 IDT 2025, 188 W
Fri Sep 26 13:35:09 IDT 2025, 214 W
Fri Sep 26 13:35:09 IDT 2025, 180 W
Fri Sep 26 13:35:09 IDT 2025, 186 W
Fri Sep 26 13:35:09 IDT 2025, 210 W
Fri Sep 26 13:35:09 IDT 2025, 191 W
Fri Sep 26 13:35:09 IDT 2025, 169 W
Fri Sep 26 13:35:10 IDT 2025, 152 W
Fri Sep 26 13:35:10 IDT 2025, 158 W
Fri Sep 26 13:35:10 IDT 2025, 190 W
Fri Sep 26 13:35:10 IDT 2025, 146 W
Fri Sep 26 13:35:10 IDT 2025, 159 W
Fri Sep 26 13:35:10 IDT 2025, 186 W
Fri Sep 26 13:35:10 IDT 2025, 162 W
Fri Sep 26 13:35:10 IDT 2025, 142 W
Fri Sep 26 13:35:11 IDT 2025, 169 W
Fri Sep 26 13:35:11 IDT 2025, 169 W
Fri Sep 26 13:35:11 IDT 2025, 203 W
Fri Sep 26 13:35:11 IDT 2025, 163 W
Fri Sep 26 13:35:11 IDT 2025, 170 W
Fri Sep 26 13:35:11 IDT 2025, 192 W
Fri Sep 26 13:35:11 IDT 2025, 183 W
Fri Sep 26 13:35:11 IDT 2025, 158 W
Fri Sep 26 13:35:12 IDT 2025, 173 W
Fri Sep 26 13:35:12 IDT 2025, 160 W
Fri Sep 26 13:35:12 IDT 2025, 203 W
Fri Sep 26 13:35:12 IDT 2025, 158 W
Fri Sep 26 13:35:12 IDT 2025, 177 W
Fri Sep 26 13:35:12 IDT 2025, 202 W
Fri Sep 26 13:35:12 IDT 2025, 180 W
Fri Sep 26 13:35:12 IDT 2025, 155 W
Fri Sep 26 13:35:13 IDT 2025, 178 W
Fri Sep 26 13:35:13 IDT 2025, 171 W
Fri Sep 26 13:35:13 IDT 2025, 209 W
Fri Sep 26 13:35:13 IDT 2025, 167 W
Fri Sep 26 13:35:13 IDT 2025, 169 W
Fri Sep 26 13:35:13 IDT 2025, 204 W
Fri Sep 26 13:35:13 IDT 2025, 183 W
Fri Sep 26 13:35:13 IDT 2025, 163 W
Fri Sep 26 13:35:14 IDT 2025, 190 W
Fri Sep 26 13:35:14 IDT 2025, 174 W
Fri Sep 26 13:35:14 IDT 2025, 225 W
Fri Sep 26 13:35:14 IDT 2025, 180 W
Fri Sep 26 13:35:14 IDT 2025, 182 W
Fri Sep 26 13:35:14 IDT 2025, 216 W
Fri Sep 26 13:35:14 IDT 2025, 192 W
Fri Sep 26 13:35:14 IDT 2025, 176 W
Fri Sep 26 13:35:15 IDT 2025, 163 W
Fri Sep 26 13:35:15 IDT 2025, 164 W
Fri Sep 26 13:35:15 IDT 2025, 205 W
Fri Sep 26 13:35:15 IDT 2025, 163 W
Fri Sep 26 13:35:15 IDT 2025, 171 W
Fri Sep 26 13:35:15 IDT 2025, 207 W
Fri Sep 26 13:35:15 IDT 2025, 169 W
Fri Sep 26 13:35:15 IDT 2025, 153 W
Fri Sep 26 13:35:16 IDT 2025, 182 W
Fri Sep 26 13:35:16 IDT 2025, 191 W
Fri Sep 26 13:35:16 IDT 2025, 219 W
Fri Sep 26 13:35:16 IDT 2025, 178 W
Fri Sep 26 13:35:16 IDT 2025, 189 W
Fri Sep 26 13:35:16 IDT 2025, 210 W
Fri Sep 26 13:35:16 IDT 2025, 183 W
Fri Sep 26 13:35:16 IDT 2025, 171 W
Fri Sep 26 13:35:17 IDT 2025, 171 W
Fri Sep 26 13:35:17 IDT 2025, 170 W
Fri Sep 26 13:35:17 IDT 2025, 202 W
Fri Sep 26 13:35:17 IDT 2025, 166 W
Fri Sep 26 13:35:17 IDT 2025, 172 W
Fri Sep 26 13:35:17 IDT 2025, 193 W
Fri Sep 26 13:35:17 IDT 2025, 173 W
Fri Sep 26 13:35:17 IDT 2025, 156 W
Fri Sep 26 13:35:18 IDT 2025, 158 W
Fri Sep 26 13:35:18 IDT 2025, 172 W
Fri Sep 26 13:35:18 IDT 2025, 211 W
Fri Sep 26 13:35:18 IDT 2025, 170 W
Fri Sep 26 13:35:18 IDT 2025, 177 W
Fri Sep 26 13:35:18 IDT 2025, 195 W
Fri Sep 26 13:35:18 IDT 2025, 172 W
Fri Sep 26 13:35:18 IDT 2025, 164 W
Fri Sep 26 13:35:19 IDT 2025, 174 W
Fri Sep 26 13:35:19 IDT 2025, 188 W
Fri Sep 26 13:35:19 IDT 2025, 209 W
Fri Sep 26 13:35:19 IDT 2025, 175 W
Fri Sep 26 13:35:19 IDT 2025, 186 W
Fri Sep 26 13:35:19 IDT 2025, 209 W
Fri Sep 26 13:35:19 IDT 2025, 179 W
Fri Sep 26 13:35:19 IDT 2025, 161 W
Fri Sep 26 13:35:20 IDT 2025, 168 W
Fri Sep 26 13:35:20 IDT 2025, 178 W
Fri Sep 26 13:35:20 IDT 2025, 209 W
Fri Sep 26 13:35:20 IDT 2025, 170 W
Fri Sep 26 13:35:20 IDT 2025, 177 W
Fri Sep 26 13:35:20 IDT 2025, 206 W
Fri Sep 26 13:35:20 IDT 2025, 183 W
Fri Sep 26 13:35:20 IDT 2025, 169 W
Fri Sep 26 13:35:21 IDT 2025, 181 W
Fri Sep 26 13:35:21 IDT 2025, 178 W
Fri Sep 26 13:35:21 IDT 2025, 221 W
Fri Sep 26 13:35:21 IDT 2025, 170 W
Fri Sep 26 13:35:21 IDT 2025, 179 W
Fri Sep 26 13:35:21 IDT 2025, 204 W
Fri Sep 26 13:35:21 IDT 2025, 187 W
Fri Sep 26 13:35:21 IDT 2025, 167 W
Fri Sep 26 13:35:22 IDT 2025, 166 W
Fri Sep 26 13:35:22 IDT 2025, 179 W
Fri Sep 26 13:35:22 IDT 2025, 210 W
Fri Sep 26 13:35:22 IDT 2025, 169 W
Fri Sep 26 13:35:22 IDT 2025, 181 W
Fri Sep 26 13:35:22 IDT 2025, 205 W
Fri Sep 26 13:35:22 IDT 2025, 187 W
Fri Sep 26 13:35:22 IDT 2025, 165 W
Fri Sep 26 13:35:23 IDT 2025, 167 W
Fri Sep 26 13:35:23 IDT 2025, 185 W
Fri Sep 26 13:35:23 IDT 2025, 207 W
Fri Sep 26 13:35:23 IDT 2025, 171 W
Fri Sep 26 13:35:23 IDT 2025, 172 W
Fri Sep 26 13:35:23 IDT 2025, 220 W
Fri Sep 26 13:35:23 IDT 2025, 183 W
Fri Sep 26 13:35:23 IDT 2025, 161 W
Fri Sep 26 13:35:24 IDT 2025, 187 W
Fri Sep 26 13:35:24 IDT 2025, 180 W
Fri Sep 26 13:35:24 IDT 2025, 215 W
Fri Sep 26 13:35:24 IDT 2025, 173 W
Fri Sep 26 13:35:24 IDT 2025, 180 W
Fri Sep 26 13:35:24 IDT 2025, 207 W
Fri Sep 26 13:35:24 IDT 2025, 189 W
Fri Sep 26 13:35:24 IDT 2025, 163 W
Fri Sep 26 13:35:25 IDT 2025, 178 W
Fri Sep 26 13:35:25 IDT 2025, 190 W
Fri Sep 26 13:35:25 IDT 2025, 214 W
Fri Sep 26 13:35:25 IDT 2025, 178 W
Fri Sep 26 13:35:25 IDT 2025, 187 W
Fri Sep 26 13:35:25 IDT 2025, 218 W
Fri Sep 26 13:35:25 IDT 2025, 189 W
Fri Sep 26 13:35:25 IDT 2025, 176 W
Fri Sep 26 13:35:26 IDT 2025, 163 W
Fri Sep 26 13:35:26 IDT 2025, 172 W
Fri Sep 26 13:35:26 IDT 2025, 201 W
Fri Sep 26 13:35:26 IDT 2025, 155 W
Fri Sep 26 13:35:26 IDT 2025, 167 W
Fri Sep 26 13:35:26 IDT 2025, 189 W
Fri Sep 26 13:35:26 IDT 2025, 159 W
Fri Sep 26 13:35:26 IDT 2025, 147 W
Fri Sep 26 13:35:27 IDT 2025, 183 W
Fri Sep 26 13:35:27 IDT 2025, 182 W
Fri Sep 26 13:35:27 IDT 2025, 209 W
Fri Sep 26 13:35:27 IDT 2025, 181 W
Fri Sep 26 13:35:27 IDT 2025, 182 W
Fri Sep 26 13:35:27 IDT 2025, 214 W
Fri Sep 26 13:35:27 IDT 2025, 192 W
Fri Sep 26 13:35:27 IDT 2025, 165 W
Fri Sep 26 13:35:28 IDT 2025, 167 W
Fri Sep 26 13:35:28 IDT 2025, 179 W
Fri Sep 26 13:35:28 IDT 2025, 207 W
Fri Sep 26 13:35:28 IDT 2025, 165 W
Fri Sep 26 13:35:28 IDT 2025, 170 W
Fri Sep 26 13:35:28 IDT 2025, 207 W
Fri Sep 26 13:35:28 IDT 2025, 176 W
Fri Sep 26 13:35:28 IDT 2025, 164 W
Fri Sep 26 13:35:29 IDT 2025, 181 W
Fri Sep 26 13:35:29 IDT 2025, 173 W
Fri Sep 26 13:35:29 IDT 2025, 211 W
Fri Sep 26 13:35:29 IDT 2025, 163 W
Fri Sep 26 13:35:29 IDT 2025, 170 W
Fri Sep 26 13:35:29 IDT 2025, 207 W
Fri Sep 26 13:35:29 IDT 2025, 180 W
Fri Sep 26 13:35:29 IDT 2025, 160 W
Fri Sep 26 13:35:30 IDT 2025, 190 W
Fri Sep 26 13:35:30 IDT 2025, 185 W
Fri Sep 26 13:35:30 IDT 2025, 215 W
Fri Sep 26 13:35:30 IDT 2025, 170 W
Fri Sep 26 13:35:30 IDT 2025, 182 W
Fri Sep 26 13:35:30 IDT 2025, 211 W
Fri Sep 26 13:35:30 IDT 2025, 193 W
Fri Sep 26 13:35:30 IDT 2025, 168 W
Fri Sep 26 13:35:31 IDT 2025, 182 W
Fri Sep 26 13:35:31 IDT 2025, 171 W
Fri Sep 26 13:35:31 IDT 2025, 209 W
Fri Sep 26 13:35:31 IDT 2025, 170 W
Fri Sep 26 13:35:31 IDT 2025, 176 W
Fri Sep 26 13:35:31 IDT 2025, 205 W
Fri Sep 26 13:35:31 IDT 2025, 185 W
Fri Sep 26 13:35:31 IDT 2025, 166 W
Fri Sep 26 13:35:32 IDT 2025, 177 W
Fri Sep 26 13:35:32 IDT 2025, 168 W
Fri Sep 26 13:35:32 IDT 2025, 210 W
Fri Sep 26 13:35:32 IDT 2025, 170 W
Fri Sep 26 13:35:32 IDT 2025, 179 W
Fri Sep 26 13:35:32 IDT 2025, 196 W
Fri Sep 26 13:35:32 IDT 2025, 174 W
Fri Sep 26 13:35:32 IDT 2025, 165 W
Fri Sep 26 13:35:33 IDT 2025, 182 W
Fri Sep 26 13:35:33 IDT 2025, 182 W
Fri Sep 26 13:35:33 IDT 2025, 212 W
Fri Sep 26 13:35:33 IDT 2025, 178 W
Fri Sep 26 13:35:33 IDT 2025, 177 W
Fri Sep 26 13:35:33 IDT 2025, 212 W
Fri Sep 26 13:35:33 IDT 2025, 193 W
Fri Sep 26 13:35:33 IDT 2025, 165 W
Fri Sep 26 13:35:34 IDT 2025, 178 W
Fri Sep 26 13:35:34 IDT 2025, 174 W
Fri Sep 26 13:35:34 IDT 2025, 204 W
Fri Sep 26 13:35:34 IDT 2025, 164 W
Fri Sep 26 13:35:34 IDT 2025, 173 W
Fri Sep 26 13:35:34 IDT 2025, 196 W
Fri Sep 26 13:35:34 IDT 2025, 186 W
Fri Sep 26 13:35:34 IDT 2025, 159 W
Fri Sep 26 13:35:35 IDT 2025, 167 W
Fri Sep 26 13:35:35 IDT 2025, 181 W
Fri Sep 26 13:35:35 IDT 2025, 216 W
Fri Sep 26 13:35:35 IDT 2025, 174 W
Fri Sep 26 13:35:35 IDT 2025, 186 W
Fri Sep 26 13:35:35 IDT 2025, 207 W
Fri Sep 26 13:35:35 IDT 2025, 190 W
Fri Sep 26 13:35:35 IDT 2025, 172 W
Fri Sep 26 13:35:36 IDT 2025, 180 W
Fri Sep 26 13:35:36 IDT 2025, 184 W
Fri Sep 26 13:35:36 IDT 2025, 208 W
Fri Sep 26 13:35:36 IDT 2025, 174 W
Fri Sep 26 13:35:36 IDT 2025, 178 W
Fri Sep 26 13:35:36 IDT 2025, 212 W
Fri Sep 26 13:35:36 IDT 2025, 188 W
Fri Sep 26 13:35:36 IDT 2025, 164 W
Fri Sep 26 13:35:37 IDT 2025, 165 W
Fri Sep 26 13:35:37 IDT 2025, 160 W
Fri Sep 26 13:35:37 IDT 2025, 188 W
Fri Sep 26 13:35:37 IDT 2025, 156 W
Fri Sep 26 13:35:37 IDT 2025, 163 W
Fri Sep 26 13:35:37 IDT 2025, 190 W
Fri Sep 26 13:35:37 IDT 2025, 164 W
Fri Sep 26 13:35:37 IDT 2025, 142 W
Fri Sep 26 13:35:38 IDT 2025, 176 W
Fri Sep 26 13:35:38 IDT 2025, 178 W
Fri Sep 26 13:35:38 IDT 2025, 198 W
Fri Sep 26 13:35:38 IDT 2025, 169 W
Fri Sep 26 13:35:38 IDT 2025, 180 W
Fri Sep 26 13:35:38 IDT 2025, 205 W
Fri Sep 26 13:35:38 IDT 2025, 180 W
Fri Sep 26 13:35:38 IDT 2025, 160 W
Fri Sep 26 13:35:39 IDT 2025, 181 W
Fri Sep 26 13:35:39 IDT 2025, 178 W
Fri Sep 26 13:35:39 IDT 2025, 210 W
Fri Sep 26 13:35:39 IDT 2025, 172 W
Fri Sep 26 13:35:39 IDT 2025, 174 W
Fri Sep 26 13:35:39 IDT 2025, 200 W
Fri Sep 26 13:35:39 IDT 2025, 169 W
Fri Sep 26 13:35:39 IDT 2025, 169 W
Fri Sep 26 13:35:40 IDT 2025, 175 W
Fri Sep 26 13:35:40 IDT 2025, 180 W
Fri Sep 26 13:35:40 IDT 2025, 200 W
Fri Sep 26 13:35:40 IDT 2025, 165 W
Fri Sep 26 13:35:40 IDT 2025, 187 W
Fri Sep 26 13:35:40 IDT 2025, 203 W
Fri Sep 26 13:35:40 IDT 2025, 181 W
Fri Sep 26 13:35:40 IDT 2025, 164 W
Fri Sep 26 13:35:41 IDT 2025, 171 W
Fri Sep 26 13:35:41 IDT 2025, 173 W
Fri Sep 26 13:35:41 IDT 2025, 208 W
Fri Sep 26 13:35:41 IDT 2025, 164 W
Fri Sep 26 13:35:41 IDT 2025, 162 W
Fri Sep 26 13:35:41 IDT 2025, 195 W
Fri Sep 26 13:35:41 IDT 2025, 179 W
Fri Sep 26 13:35:41 IDT 2025, 154 W
Fri Sep 26 13:35:42 IDT 2025, 171 W
Fri Sep 26 13:35:42 IDT 2025, 166 W
Fri Sep 26 13:35:42 IDT 2025, 202 W
Fri Sep 26 13:35:42 IDT 2025, 164 W
Fri Sep 26 13:35:42 IDT 2025, 165 W
Fri Sep 26 13:35:42 IDT 2025, 201 W
Fri Sep 26 13:35:42 IDT 2025, 169 W
Fri Sep 26 13:35:42 IDT 2025, 155 W
Fri Sep 26 13:35:43 IDT 2025, 180 W
Fri Sep 26 13:35:43 IDT 2025, 182 W
Fri Sep 26 13:35:43 IDT 2025, 212 W
Fri Sep 26 13:35:43 IDT 2025, 174 W
Fri Sep 26 13:35:43 IDT 2025, 172 W
Fri Sep 26 13:35:43 IDT 2025, 208 W
Fri Sep 26 13:35:43 IDT 2025, 179 W
Fri Sep 26 13:35:43 IDT 2025, 169 W
Fri Sep 26 13:35:44 IDT 2025, 175 W
Fri Sep 26 13:35:44 IDT 2025, 171 W
Fri Sep 26 13:35:44 IDT 2025, 200 W
Fri Sep 26 13:35:44 IDT 2025, 168 W
Fri Sep 26 13:35:44 IDT 2025, 180 W
Fri Sep 26 13:35:44 IDT 2025, 207 W
Fri Sep 26 13:35:44 IDT 2025, 186 W
Fri Sep 26 13:35:44 IDT 2025, 164 W
Fri Sep 26 13:35:45 IDT 2025, 177 W
Fri Sep 26 13:35:45 IDT 2025, 182 W
Fri Sep 26 13:35:45 IDT 2025, 197 W
Fri Sep 26 13:35:45 IDT 2025, 168 W
Fri Sep 26 13:35:45 IDT 2025, 179 W
Fri Sep 26 13:35:45 IDT 2025, 203 W
Fri Sep 26 13:35:45 IDT 2025, 187 W
Fri Sep 26 13:35:45 IDT 2025, 165 W
Fri Sep 26 13:35:46 IDT 2025, 177 W
Fri Sep 26 13:35:46 IDT 2025, 182 W
Fri Sep 26 13:35:46 IDT 2025, 206 W
Fri Sep 26 13:35:46 IDT 2025, 175 W
Fri Sep 26 13:35:46 IDT 2025, 181 W
Fri Sep 26 13:35:46 IDT 2025, 204 W
Fri Sep 26 13:35:46 IDT 2025, 186 W
Fri Sep 26 13:35:46 IDT 2025, 167 W
Fri Sep 26 13:35:47 IDT 2025, 175 W
Fri Sep 26 13:35:47 IDT 2025, 181 W
Fri Sep 26 13:35:47 IDT 2025, 200 W
Fri Sep 26 13:35:47 IDT 2025, 172 W
Fri Sep 26 13:35:47 IDT 2025, 188 W
Fri Sep 26 13:35:47 IDT 2025, 204 W
Fri Sep 26 13:35:47 IDT 2025, 185 W
Fri Sep 26 13:35:47 IDT 2025, 164 W
Fri Sep 26 13:35:48 IDT 2025, 174 W
Fri Sep 26 13:35:48 IDT 2025, 163 W
Fri Sep 26 13:35:48 IDT 2025, 205 W
Fri Sep 26 13:35:48 IDT 2025, 164 W
Fri Sep 26 13:35:48 IDT 2025, 180 W
Fri Sep 26 13:35:48 IDT 2025, 205 W
Fri Sep 26 13:35:48 IDT 2025, 181 W
Fri Sep 26 13:35:48 IDT 2025, 168 W
Fri Sep 26 13:35:49 IDT 2025, 180 W
Fri Sep 26 13:35:49 IDT 2025, 174 W
Fri Sep 26 13:35:49 IDT 2025, 208 W
Fri Sep 26 13:35:49 IDT 2025, 169 W
Fri Sep 26 13:35:49 IDT 2025, 182 W
Fri Sep 26 13:35:49 IDT 2025, 215 W
Fri Sep 26 13:35:49 IDT 2025, 182 W
Fri Sep 26 13:35:49 IDT 2025, 166 W
Fri Sep 26 13:35:50 IDT 2025, 171 W
Fri Sep 26 13:35:50 IDT 2025, 171 W
Fri Sep 26 13:35:50 IDT 2025, 193 W
Fri Sep 26 13:35:50 IDT 2025, 162 W
Fri Sep 26 13:35:50 IDT 2025, 166 W
Fri Sep 26 13:35:50 IDT 2025, 191 W
Fri Sep 26 13:35:50 IDT 2025, 179 W
Fri Sep 26 13:35:50 IDT 2025, 155 W
Fri Sep 26 13:35:51 IDT 2025, 183 W
Fri Sep 26 13:35:51 IDT 2025, 170 W
Fri Sep 26 13:35:51 IDT 2025, 219 W
Fri Sep 26 13:35:51 IDT 2025, 171 W
Fri Sep 26 13:35:51 IDT 2025, 184 W
Fri Sep 26 13:35:51 IDT 2025, 212 W
Fri Sep 26 13:35:51 IDT 2025, 185 W
Fri Sep 26 13:35:51 IDT 2025, 164 W
Fri Sep 26 13:35:52 IDT 2025, 171 W
Fri Sep 26 13:35:52 IDT 2025, 170 W
Fri Sep 26 13:35:52 IDT 2025, 205 W
Fri Sep 26 13:35:52 IDT 2025, 155 W
Fri Sep 26 13:35:52 IDT 2025, 183 W
Fri Sep 26 13:35:52 IDT 2025, 200 W
Fri Sep 26 13:35:52 IDT 2025, 174 W
Fri Sep 26 13:35:52 IDT 2025, 150 W
Fri Sep 26 13:35:53 IDT 2025, 179 W
Fri Sep 26 13:35:53 IDT 2025, 175 W
Fri Sep 26 13:35:53 IDT 2025, 201 W
Fri Sep 26 13:35:53 IDT 2025, 172 W
Fri Sep 26 13:35:53 IDT 2025, 175 W
Fri Sep 26 13:35:53 IDT 2025, 203 W
Fri Sep 26 13:35:53 IDT 2025, 181 W
Fri Sep 26 13:35:53 IDT 2025, 162 W
Fri Sep 26 13:35:54 IDT 2025, 176 W
Fri Sep 26 13:35:54 IDT 2025, 190 W
Fri Sep 26 13:35:54 IDT 2025, 210 W
Fri Sep 26 13:35:54 IDT 2025, 167 W
Fri Sep 26 13:35:54 IDT 2025, 184 W
Fri Sep 26 13:35:54 IDT 2025, 212 W
Fri Sep 26 13:35:54 IDT 2025, 178 W
Fri Sep 26 13:35:54 IDT 2025, 161 W
Fri Sep 26 13:35:55 IDT 2025, 157 W
Fri Sep 26 13:35:55 IDT 2025, 161 W
Fri Sep 26 13:35:55 IDT 2025, 184 W
Fri Sep 26 13:35:55 IDT 2025, 152 W
Fri Sep 26 13:35:55 IDT 2025, 147 W
Fri Sep 26 13:35:55 IDT 2025, 188 W
Fri Sep 26 13:35:55 IDT 2025, 163 W
Fri Sep 26 13:35:55 IDT 2025, 143 W
Fri Sep 26 13:35:56 IDT 2025, 172 W
Fri Sep 26 13:35:56 IDT 2025, 167 W
Fri Sep 26 13:35:56 IDT 2025, 199 W
Fri Sep 26 13:35:56 IDT 2025, 161 W
Fri Sep 26 13:35:56 IDT 2025, 160 W
Fri Sep 26 13:35:56 IDT 2025, 197 W
Fri Sep 26 13:35:56 IDT 2025, 177 W
Fri Sep 26 13:35:56 IDT 2025, 156 W
Fri Sep 26 13:35:57 IDT 2025, 177 W
Fri Sep 26 13:35:57 IDT 2025, 180 W
Fri Sep 26 13:35:57 IDT 2025, 205 W
Fri Sep 26 13:35:57 IDT 2025, 167 W
Fri Sep 26 13:35:57 IDT 2025, 170 W
Fri Sep 26 13:35:57 IDT 2025, 204 W
Fri Sep 26 13:35:57 IDT 2025, 184 W
Fri Sep 26 13:35:57 IDT 2025, 161 W
Fri Sep 26 13:35:58 IDT 2025, 175 W
Fri Sep 26 13:35:58 IDT 2025, 173 W
Fri Sep 26 13:35:58 IDT 2025, 210 W
Fri Sep 26 13:35:58 IDT 2025, 167 W
Fri Sep 26 13:35:58 IDT 2025, 177 W
Fri Sep 26 13:35:58 IDT 2025, 202 W
Fri Sep 26 13:35:58 IDT 2025, 179 W
Fri Sep 26 13:35:58 IDT 2025, 161 W
Fri Sep 26 13:35:59 IDT 2025, 165 W
Fri Sep 26 13:35:59 IDT 2025, 178 W
Fri Sep 26 13:35:59 IDT 2025, 204 W
Fri Sep 26 13:35:59 IDT 2025, 169 W
Fri Sep 26 13:35:59 IDT 2025, 170 W
Fri Sep 26 13:35:59 IDT 2025, 212 W
Fri Sep 26 13:35:59 IDT 2025, 185 W
Fri Sep 26 13:35:59 IDT 2025, 164 W
Fri Sep 26 13:36:00 IDT 2025, 180 W
Fri Sep 26 13:36:00 IDT 2025, 179 W
Fri Sep 26 13:36:00 IDT 2025, 201 W
Fri Sep 26 13:36:00 IDT 2025, 162 W
Fri Sep 26 13:36:00 IDT 2025, 172 W
Fri Sep 26 13:36:00 IDT 2025, 199 W
Fri Sep 26 13:36:00 IDT 2025, 176 W
Fri Sep 26 13:36:00 IDT 2025, 167 W
Fri Sep 26 13:36:01 IDT 2025, 179 W
Fri Sep 26 13:36:01 IDT 2025, 183 W
Fri Sep 26 13:36:01 IDT 2025, 202 W
Fri Sep 26 13:36:01 IDT 2025, 168 W
Fri Sep 26 13:36:01 IDT 2025, 187 W
Fri Sep 26 13:36:01 IDT 2025, 208 W
Fri Sep 26 13:36:01 IDT 2025, 190 W
Fri Sep 26 13:36:01 IDT 2025, 169 W
Fri Sep 26 13:36:02 IDT 2025, 169 W
Fri Sep 26 13:36:02 IDT 2025, 173 W
Fri Sep 26 13:36:02 IDT 2025, 204 W
Fri Sep 26 13:36:02 IDT 2025, 162 W
Fri Sep 26 13:36:02 IDT 2025, 171 W
Fri Sep 26 13:36:02 IDT 2025, 201 W
Fri Sep 26 13:36:02 IDT 2025, 177 W
Fri Sep 26 13:36:02 IDT 2025, 154 W
Fri Sep 26 13:36:03 IDT 2025, 170 W
Fri Sep 26 13:36:03 IDT 2025, 156 W
Fri Sep 26 13:36:03 IDT 2025, 189 W
Fri Sep 26 13:36:03 IDT 2025, 155 W
Fri Sep 26 13:36:03 IDT 2025, 154 W
Fri Sep 26 13:36:03 IDT 2025, 189 W
Fri Sep 26 13:36:03 IDT 2025, 165 W
Fri Sep 26 13:36:03 IDT 2025, 145 W
Fri Sep 26 13:36:04 IDT 2025, 177 W
Fri Sep 26 13:36:04 IDT 2025, 172 W
Fri Sep 26 13:36:04 IDT 2025, 214 W
Fri Sep 26 13:36:04 IDT 2025, 172 W
Fri Sep 26 13:36:04 IDT 2025, 185 W
Fri Sep 26 13:36:04 IDT 2025, 209 W
Fri Sep 26 13:36:04 IDT 2025, 181 W
Fri Sep 26 13:36:04 IDT 2025, 166 W
Fri Sep 26 13:36:05 IDT 2025, 167 W
Fri Sep 26 13:36:05 IDT 2025, 179 W
Fri Sep 26 13:36:05 IDT 2025, 216 W
Fri Sep 26 13:36:05 IDT 2025, 169 W
Fri Sep 26 13:36:05 IDT 2025, 172 W
Fri Sep 26 13:36:05 IDT 2025, 214 W
Fri Sep 26 13:36:05 IDT 2025, 188 W
Fri Sep 26 13:36:05 IDT 2025, 156 W
Fri Sep 26 13:36:06 IDT 2025, 174 W
Fri Sep 26 13:36:06 IDT 2025, 180 W
Fri Sep 26 13:36:06 IDT 2025, 214 W
Fri Sep 26 13:36:06 IDT 2025, 180 W
Fri Sep 26 13:36:06 IDT 2025, 178 W
Fri Sep 26 13:36:06 IDT 2025, 218 W
Fri Sep 26 13:36:06 IDT 2025, 185 W
Fri Sep 26 13:36:06 IDT 2025, 169 W
Fri Sep 26 13:36:07 IDT 2025, 167 W
Fri Sep 26 13:36:07 IDT 2025, 175 W
Fri Sep 26 13:36:07 IDT 2025, 206 W
Fri Sep 26 13:36:07 IDT 2025, 172 W
Fri Sep 26 13:36:07 IDT 2025, 177 W
Fri Sep 26 13:36:07 IDT 2025, 206 W
Fri Sep 26 13:36:07 IDT 2025, 179 W
Fri Sep 26 13:36:07 IDT 2025, 164 W
Fri Sep 26 13:36:08 IDT 2025, 160 W
Fri Sep 26 13:36:08 IDT 2025, 173 W
Fri Sep 26 13:36:08 IDT 2025, 195 W
Fri Sep 26 13:36:08 IDT 2025, 165 W
Fri Sep 26 13:36:08 IDT 2025, 171 W
Fri Sep 26 13:36:08 IDT 2025, 194 W
Fri Sep 26 13:36:08 IDT 2025, 174 W
Fri Sep 26 13:36:08 IDT 2025, 156 W
Fri Sep 26 13:36:09 IDT 2025, 172 W
Fri Sep 26 13:36:09 IDT 2025, 179 W
Fri Sep 26 13:36:09 IDT 2025, 220 W
Fri Sep 26 13:36:09 IDT 2025, 171 W
Fri Sep 26 13:36:09 IDT 2025, 182 W
Fri Sep 26 13:36:09 IDT 2025, 212 W
Fri Sep 26 13:36:09 IDT 2025, 175 W
Fri Sep 26 13:36:09 IDT 2025, 166 W
Fri Sep 26 13:36:10 IDT 2025, 167 W
Fri Sep 26 13:36:10 IDT 2025, 180 W
Fri Sep 26 13:36:10 IDT 2025, 215 W
Fri Sep 26 13:36:10 IDT 2025, 171 W
Fri Sep 26 13:36:10 IDT 2025, 183 W
Fri Sep 26 13:36:10 IDT 2025, 212 W
Fri Sep 26 13:36:10 IDT 2025, 190 W
Fri Sep 26 13:36:10 IDT 2025, 168 W
Fri Sep 26 13:36:11 IDT 2025, 168 W
Fri Sep 26 13:36:11 IDT 2025, 163 W
Fri Sep 26 13:36:11 IDT 2025, 202 W
Fri Sep 26 13:36:11 IDT 2025, 166 W
Fri Sep 26 13:36:11 IDT 2025, 169 W
Fri Sep 26 13:36:11 IDT 2025, 203 W
Fri Sep 26 13:36:11 IDT 2025, 173 W
Fri Sep 26 13:36:11 IDT 2025, 161 W
Fri Sep 26 13:36:12 IDT 2025, 170 W
Fri Sep 26 13:36:12 IDT 2025, 162 W
Fri Sep 26 13:36:12 IDT 2025, 192 W
Fri Sep 26 13:36:12 IDT 2025, 165 W
Fri Sep 26 13:36:12 IDT 2025, 154 W
Fri Sep 26 13:36:12 IDT 2025, 199 W
Fri Sep 26 13:36:12 IDT 2025, 163 W
Fri Sep 26 13:36:12 IDT 2025, 146 W
Fri Sep 26 13:36:13 IDT 2025, 181 W
Fri Sep 26 13:36:13 IDT 2025, 185 W
Fri Sep 26 13:36:13 IDT 2025, 214 W
Fri Sep 26 13:36:13 IDT 2025, 172 W
Fri Sep 26 13:36:13 IDT 2025, 183 W
Fri Sep 26 13:36:13 IDT 2025, 214 W
Fri Sep 26 13:36:13 IDT 2025, 188 W
Fri Sep 26 13:36:13 IDT 2025, 158 W
Fri Sep 26 13:36:14 IDT 2025, 166 W
Fri Sep 26 13:36:14 IDT 2025, 169 W
Fri Sep 26 13:36:14 IDT 2025, 183 W
Fri Sep 26 13:36:14 IDT 2025, 154 W
Fri Sep 26 13:36:14 IDT 2025, 156 W
Fri Sep 26 13:36:14 IDT 2025, 174 W
Fri Sep 26 13:36:14 IDT 2025, 152 W
Fri Sep 26 13:36:14 IDT 2025, 154 W
Fri Sep 26 13:36:15 IDT 2025, 174 W
Fri Sep 26 13:36:15 IDT 2025, 173 W
Fri Sep 26 13:36:15 IDT 2025, 210 W
Fri Sep 26 13:36:15 IDT 2025, 164 W
Fri Sep 26 13:36:15 IDT 2025, 176 W
Fri Sep 26 13:36:15 IDT 2025, 203 W
Fri Sep 26 13:36:15 IDT 2025, 179 W
Fri Sep 26 13:36:15 IDT 2025, 162 W
Fri Sep 26 13:36:16 IDT 2025, 188 W
Fri Sep 26 13:36:16 IDT 2025, 191 W
Fri Sep 26 13:36:16 IDT 2025, 212 W
Fri Sep 26 13:36:16 IDT 2025, 184 W
Fri Sep 26 13:36:16 IDT 2025, 176 W
Fri Sep 26 13:36:16 IDT 2025, 213 W
Fri Sep 26 13:36:16 IDT 2025, 183 W
Fri Sep 26 13:36:16 IDT 2025, 166 W
Fri Sep 26 13:36:17 IDT 2025, 184 W
Fri Sep 26 13:36:17 IDT 2025, 186 W
Fri Sep 26 13:36:17 IDT 2025, 215 W
Fri Sep 26 13:36:17 IDT 2025, 170 W
Fri Sep 26 13:36:17 IDT 2025, 176 W
Fri Sep 26 13:36:17 IDT 2025, 199 W
Fri Sep 26 13:36:17 IDT 2025, 188 W
Fri Sep 26 13:36:17 IDT 2025, 165 W
Fri Sep 26 13:36:18 IDT 2025, 160 W
Fri Sep 26 13:36:18 IDT 2025, 159 W
Fri Sep 26 13:36:18 IDT 2025, 195 W
Fri Sep 26 13:36:18 IDT 2025, 158 W
Fri Sep 26 13:36:18 IDT 2025, 171 W
Fri Sep 26 13:36:18 IDT 2025, 190 W
Fri Sep 26 13:36:18 IDT 2025, 168 W
Fri Sep 26 13:36:18 IDT 2025, 155 W
Fri Sep 26 13:36:19 IDT 2025, 177 W
Fri Sep 26 13:36:19 IDT 2025, 190 W
Fri Sep 26 13:36:19 IDT 2025, 209 W
Fri Sep 26 13:36:19 IDT 2025, 176 W
Fri Sep 26 13:36:19 IDT 2025, 182 W
Fri Sep 26 13:36:19 IDT 2025, 210 W
Fri Sep 26 13:36:19 IDT 2025, 185 W
Fri Sep 26 13:36:19 IDT 2025, 167 W
Fri Sep 26 13:36:20 IDT 2025, 168 W
Fri Sep 26 13:36:20 IDT 2025, 181 W
Fri Sep 26 13:36:20 IDT 2025, 215 W
Fri Sep 26 13:36:20 IDT 2025, 168 W
Fri Sep 26 13:36:20 IDT 2025, 176 W
Fri Sep 26 13:36:20 IDT 2025, 213 W
Fri Sep 26 13:36:20 IDT 2025, 181 W
Fri Sep 26 13:36:20 IDT 2025, 167 W
Fri Sep 26 13:36:21 IDT 2025, 187 W
Fri Sep 26 13:36:21 IDT 2025, 178 W
Fri Sep 26 13:36:21 IDT 2025, 210 W
Fri Sep 26 13:36:21 IDT 2025, 174 W
Fri Sep 26 13:36:21 IDT 2025, 176 W
Fri Sep 26 13:36:21 IDT 2025, 212 W
Fri Sep 26 13:36:21 IDT 2025, 187 W
Fri Sep 26 13:36:21 IDT 2025, 166 W
Fri Sep 26 13:36:22 IDT 2025, 165 W
Fri Sep 26 13:36:22 IDT 2025, 160 W
Fri Sep 26 13:36:22 IDT 2025, 205 W
Fri Sep 26 13:36:22 IDT 2025, 157 W
Fri Sep 26 13:36:22 IDT 2025, 166 W
Fri Sep 26 13:36:22 IDT 2025, 199 W
Fri Sep 26 13:36:22 IDT 2025, 192 W
Fri Sep 26 13:36:22 IDT 2025, 148 W
Fri Sep 26 13:36:23 IDT 2025, 189 W
Fri Sep 26 13:36:23 IDT 2025, 178 W
Fri Sep 26 13:36:23 IDT 2025, 220 W
Fri Sep 26 13:36:23 IDT 2025, 174 W
Fri Sep 26 13:36:23 IDT 2025, 173 W
Fri Sep 26 13:36:23 IDT 2025, 215 W
Fri Sep 26 13:36:23 IDT 2025, 196 W
Fri Sep 26 13:36:23 IDT 2025, 171 W
Fri Sep 26 13:36:24 IDT 2025, 176 W
Fri Sep 26 13:36:24 IDT 2025, 181 W
Fri Sep 26 13:36:24 IDT 2025, 206 W
Fri Sep 26 13:36:24 IDT 2025, 169 W
Fri Sep 26 13:36:24 IDT 2025, 167 W
Fri Sep 26 13:36:24 IDT 2025, 200 W
Fri Sep 26 13:36:24 IDT 2025, 175 W
Fri Sep 26 13:36:24 IDT 2025, 154 W
Fri Sep 26 13:36:25 IDT 2025, 183 W
Fri Sep 26 13:36:25 IDT 2025, 170 W
Fri Sep 26 13:36:25 IDT 2025, 201 W
Fri Sep 26 13:36:25 IDT 2025, 161 W
Fri Sep 26 13:36:25 IDT 2025, 173 W
Fri Sep 26 13:36:25 IDT 2025, 206 W
Fri Sep 26 13:36:25 IDT 2025, 177 W
Fri Sep 26 13:36:25 IDT 2025, 156 W
Fri Sep 26 13:36:26 IDT 2025, 175 W
Fri Sep 26 13:36:26 IDT 2025, 174 W
Fri Sep 26 13:36:26 IDT 2025, 205 W
Fri Sep 26 13:36:26 IDT 2025, 173 W
Fri Sep 26 13:36:26 IDT 2025, 166 W
Fri Sep 26 13:36:26 IDT 2025, 203 W
Fri Sep 26 13:36:26 IDT 2025, 182 W
Fri Sep 26 13:36:26 IDT 2025, 165 W
Fri Sep 26 13:36:27 IDT 2025, 186 W
Fri Sep 26 13:36:27 IDT 2025, 182 W
Fri Sep 26 13:36:27 IDT 2025, 206 W
Fri Sep 26 13:36:27 IDT 2025, 176 W
Fri Sep 26 13:36:27 IDT 2025, 177 W
Fri Sep 26 13:36:27 IDT 2025, 208 W
Fri Sep 26 13:36:27 IDT 2025, 184 W
Fri Sep 26 13:36:27 IDT 2025, 166 W
Fri Sep 26 13:36:28 IDT 2025, 182 W
Fri Sep 26 13:36:28 IDT 2025, 183 W
Fri Sep 26 13:36:28 IDT 2025, 216 W
Fri Sep 26 13:36:28 IDT 2025, 176 W
Fri Sep 26 13:36:28 IDT 2025, 179 W
Fri Sep 26 13:36:28 IDT 2025, 223 W
Fri Sep 26 13:36:28 IDT 2025, 189 W
Fri Sep 26 13:36:28 IDT 2025, 172 W
Fri Sep 26 13:36:29 IDT 2025, 179 W
Fri Sep 26 13:36:29 IDT 2025, 180 W
Fri Sep 26 13:36:29 IDT 2025, 209 W
Fri Sep 26 13:36:29 IDT 2025, 171 W
Fri Sep 26 13:36:29 IDT 2025, 174 W
Fri Sep 26 13:36:29 IDT 2025, 206 W
Fri Sep 26 13:36:29 IDT 2025, 180 W
Fri Sep 26 13:36:29 IDT 2025, 161 W
Fri Sep 26 13:36:30 IDT 2025, 182 W
Fri Sep 26 13:36:30 IDT 2025, 184 W
Fri Sep 26 13:36:30 IDT 2025, 206 W
Fri Sep 26 13:36:30 IDT 2025, 166 W
Fri Sep 26 13:36:30 IDT 2025, 178 W
Fri Sep 26 13:36:30 IDT 2025, 209 W
Fri Sep 26 13:36:30 IDT 2025, 182 W
Fri Sep 26 13:36:30 IDT 2025, 167 W
Fri Sep 26 13:36:31 IDT 2025, 172 W
Fri Sep 26 13:36:31 IDT 2025, 158 W
Fri Sep 26 13:36:31 IDT 2025, 193 W
Fri Sep 26 13:36:31 IDT 2025, 154 W
Fri Sep 26 13:36:31 IDT 2025, 152 W
Fri Sep 26 13:36:31 IDT 2025, 185 W
Fri Sep 26 13:36:31 IDT 2025, 172 W
Fri Sep 26 13:36:31 IDT 2025, 144 W
Fri Sep 26 13:36:32 IDT 2025, 161 W
Fri Sep 26 13:36:32 IDT 2025, 165 W
Fri Sep 26 13:36:32 IDT 2025, 187 W
Fri Sep 26 13:36:32 IDT 2025, 152 W
Fri Sep 26 13:36:32 IDT 2025, 157 W
Fri Sep 26 13:36:32 IDT 2025, 186 W
Fri Sep 26 13:36:32 IDT 2025, 163 W
Fri Sep 26 13:36:32 IDT 2025, 138 W
Fri Sep 26 13:36:33 IDT 2025, 175 W
Fri Sep 26 13:36:33 IDT 2025, 181 W
Fri Sep 26 13:36:33 IDT 2025, 208 W
Fri Sep 26 13:36:33 IDT 2025, 172 W
Fri Sep 26 13:36:33 IDT 2025, 176 W
Fri Sep 26 13:36:33 IDT 2025, 211 W
Fri Sep 26 13:36:33 IDT 2025, 182 W
Fri Sep 26 13:36:33 IDT 2025, 162 W
Fri Sep 26 13:36:34 IDT 2025, 165 W
Fri Sep 26 13:36:34 IDT 2025, 160 W
Fri Sep 26 13:36:34 IDT 2025, 202 W
Fri Sep 26 13:36:34 IDT 2025, 169 W
Fri Sep 26 13:36:34 IDT 2025, 162 W
Fri Sep 26 13:36:34 IDT 2025, 193 W
Fri Sep 26 13:36:34 IDT 2025, 174 W
Fri Sep 26 13:36:34 IDT 2025, 158 W
Fri Sep 26 13:36:35 IDT 2025, 175 W
Fri Sep 26 13:36:35 IDT 2025, 179 W
Fri Sep 26 13:36:35 IDT 2025, 206 W
Fri Sep 26 13:36:35 IDT 2025, 165 W
Fri Sep 26 13:36:35 IDT 2025, 164 W
Fri Sep 26 13:36:35 IDT 2025, 208 W
Fri Sep 26 13:36:35 IDT 2025, 179 W
Fri Sep 26 13:36:35 IDT 2025, 158 W
Fri Sep 26 13:36:36 IDT 2025, 158 W
Fri Sep 26 13:36:36 IDT 2025, 169 W
Fri Sep 26 13:36:36 IDT 2025, 189 W
Fri Sep 26 13:36:36 IDT 2025, 161 W
Fri Sep 26 13:36:36 IDT 2025, 151 W
Fri Sep 26 13:36:36 IDT 2025, 194 W
Fri Sep 26 13:36:36 IDT 2025, 171 W
Fri Sep 26 13:36:36 IDT 2025, 156 W
Fri Sep 26 13:36:37 IDT 2025, 176 W
Fri Sep 26 13:36:37 IDT 2025, 174 W
Fri Sep 26 13:36:37 IDT 2025, 205 W
Fri Sep 26 13:36:37 IDT 2025, 171 W
Fri Sep 26 13:36:37 IDT 2025, 167 W
Fri Sep 26 13:36:37 IDT 2025, 204 W
Fri Sep 26 13:36:37 IDT 2025, 179 W
Fri Sep 26 13:36:37 IDT 2025, 164 W
Fri Sep 26 13:36:38 IDT 2025, 196 W
Fri Sep 26 13:36:38 IDT 2025, 195 W
Fri Sep 26 13:36:38 IDT 2025, 227 W
Fri Sep 26 13:36:38 IDT 2025, 181 W
Fri Sep 26 13:36:38 IDT 2025, 193 W
Fri Sep 26 13:36:38 IDT 2025, 226 W
Fri Sep 26 13:36:38 IDT 2025, 200 W
Fri Sep 26 13:36:38 IDT 2025, 179 W
Fri Sep 26 13:36:39 IDT 2025, 171 W
Fri Sep 26 13:36:39 IDT 2025, 171 W
Fri Sep 26 13:36:39 IDT 2025, 195 W
Fri Sep 26 13:36:39 IDT 2025, 164 W
Fri Sep 26 13:36:39 IDT 2025, 164 W
Fri Sep 26 13:36:39 IDT 2025, 201 W
Fri Sep 26 13:36:39 IDT 2025, 179 W
Fri Sep 26 13:36:39 IDT 2025, 154 W
Fri Sep 26 13:36:40 IDT 2025, 161 W
Fri Sep 26 13:36:40 IDT 2025, 159 W
Fri Sep 26 13:36:40 IDT 2025, 188 W
Fri Sep 26 13:36:40 IDT 2025, 146 W
Fri Sep 26 13:36:40 IDT 2025, 162 W
Fri Sep 26 13:36:40 IDT 2025, 181 W
Fri Sep 26 13:36:40 IDT 2025, 166 W
Fri Sep 26 13:36:40 IDT 2025, 143 W
Fri Sep 26 13:36:41 IDT 2025, 169 W
Fri Sep 26 13:36:41 IDT 2025, 175 W
Fri Sep 26 13:36:41 IDT 2025, 209 W
Fri Sep 26 13:36:41 IDT 2025, 158 W
Fri Sep 26 13:36:41 IDT 2025, 166 W
Fri Sep 26 13:36:41 IDT 2025, 193 W
Fri Sep 26 13:36:41 IDT 2025, 172 W
Fri Sep 26 13:36:41 IDT 2025, 158 W
Fri Sep 26 13:36:42 IDT 2025, 159 W
Fri Sep 26 13:36:42 IDT 2025, 163 W
Fri Sep 26 13:36:42 IDT 2025, 186 W
Fri Sep 26 13:36:42 IDT 2025, 150 W
Fri Sep 26 13:36:42 IDT 2025, 153 W
Fri Sep 26 13:36:42 IDT 2025, 186 W
Fri Sep 26 13:36:42 IDT 2025, 168 W
Fri Sep 26 13:36:42 IDT 2025, 146 W
Fri Sep 26 13:36:43 IDT 2025, 179 W
Fri Sep 26 13:36:43 IDT 2025, 172 W
Fri Sep 26 13:36:43 IDT 2025, 202 W
Fri Sep 26 13:36:43 IDT 2025, 169 W
Fri Sep 26 13:36:43 IDT 2025, 169 W
Fri Sep 26 13:36:43 IDT 2025, 198 W
Fri Sep 26 13:36:43 IDT 2025, 184 W
Fri Sep 26 13:36:43 IDT 2025, 165 W
Fri Sep 26 13:36:44 IDT 2025, 155 W
Fri Sep 26 13:36:44 IDT 2025, 159 W
Fri Sep 26 13:36:44 IDT 2025, 190 W
Fri Sep 26 13:36:44 IDT 2025, 155 W
Fri Sep 26 13:36:44 IDT 2025, 164 W
Fri Sep 26 13:36:44 IDT 2025, 183 W
Fri Sep 26 13:36:44 IDT 2025, 168 W
Fri Sep 26 13:36:44 IDT 2025, 147 W
Fri Sep 26 13:36:45 IDT 2025, 177 W
Fri Sep 26 13:36:45 IDT 2025, 174 W
Fri Sep 26 13:36:45 IDT 2025, 208 W
Fri Sep 26 13:36:45 IDT 2025, 165 W
Fri Sep 26 13:36:45 IDT 2025, 162 W
Fri Sep 26 13:36:45 IDT 2025, 194 W
Fri Sep 26 13:36:45 IDT 2025, 180 W
Fri Sep 26 13:36:45 IDT 2025, 160 W
Fri Sep 26 13:36:46 IDT 2025, 168 W
Fri Sep 26 13:36:46 IDT 2025, 180 W
Fri Sep 26 13:36:46 IDT 2025, 201 W
Fri Sep 26 13:36:46 IDT 2025, 165 W
Fri Sep 26 13:36:46 IDT 2025, 174 W
Fri Sep 26 13:36:46 IDT 2025, 202 W
Fri Sep 26 13:36:46 IDT 2025, 180 W
Fri Sep 26 13:36:46 IDT 2025, 160 W
Fri Sep 26 13:36:47 IDT 2025, 168 W
Fri Sep 26 13:36:47 IDT 2025, 169 W
Fri Sep 26 13:36:47 IDT 2025, 205 W
Fri Sep 26 13:36:47 IDT 2025, 161 W
Fri Sep 26 13:36:47 IDT 2025, 161 W
Fri Sep 26 13:36:47 IDT 2025, 200 W
Fri Sep 26 13:36:47 IDT 2025, 173 W
Fri Sep 26 13:36:47 IDT 2025, 157 W
Fri Sep 26 13:36:48 IDT 2025, 171 W
Fri Sep 26 13:36:48 IDT 2025, 181 W
Fri Sep 26 13:36:48 IDT 2025, 206 W
Fri Sep 26 13:36:48 IDT 2025, 161 W
Fri Sep 26 13:36:48 IDT 2025, 174 W
Fri Sep 26 13:36:48 IDT 2025, 206 W
Fri Sep 26 13:36:48 IDT 2025, 181 W
Fri Sep 26 13:36:48 IDT 2025, 156 W
Fri Sep 26 13:36:49 IDT 2025, 178 W
Fri Sep 26 13:36:49 IDT 2025, 180 W
Fri Sep 26 13:36:49 IDT 2025, 208 W
Fri Sep 26 13:36:49 IDT 2025, 171 W
Fri Sep 26 13:36:49 IDT 2025, 178 W
Fri Sep 26 13:36:49 IDT 2025, 214 W
Fri Sep 26 13:36:49 IDT 2025, 187 W
Fri Sep 26 13:36:49 IDT 2025, 155 W
Fri Sep 26 13:36:50 IDT 2025, 178 W
Fri Sep 26 13:36:50 IDT 2025, 172 W
Fri Sep 26 13:36:50 IDT 2025, 215 W
Fri Sep 26 13:36:50 IDT 2025, 169 W
Fri Sep 26 13:36:50 IDT 2025, 175 W
Fri Sep 26 13:36:50 IDT 2025, 203 W
Fri Sep 26 13:36:50 IDT 2025, 180 W
Fri Sep 26 13:36:50 IDT 2025, 157 W
Fri Sep 26 13:36:51 IDT 2025, 170 W
Fri Sep 26 13:36:51 IDT 2025, 164 W
Fri Sep 26 13:36:51 IDT 2025, 199 W
Fri Sep 26 13:36:51 IDT 2025, 158 W
Fri Sep 26 13:36:51 IDT 2025, 160 W
Fri Sep 26 13:36:51 IDT 2025, 192 W
Fri Sep 26 13:36:51 IDT 2025, 173 W
Fri Sep 26 13:36:51 IDT 2025, 144 W
Fri Sep 26 13:36:52 IDT 2025, 183 W
Fri Sep 26 13:36:52 IDT 2025, 172 W
Fri Sep 26 13:36:52 IDT 2025, 200 W
Fri Sep 26 13:36:52 IDT 2025, 167 W
Fri Sep 26 13:36:52 IDT 2025, 164 W
Fri Sep 26 13:36:52 IDT 2025, 206 W
Fri Sep 26 13:36:52 IDT 2025, 178 W
Fri Sep 26 13:36:52 IDT 2025, 159 W
Fri Sep 26 13:36:53 IDT 2025, 166 W
Fri Sep 26 13:36:53 IDT 2025, 169 W
Fri Sep 26 13:36:53 IDT 2025, 204 W
Fri Sep 26 13:36:53 IDT 2025, 160 W
Fri Sep 26 13:36:53 IDT 2025, 159 W
Fri Sep 26 13:36:53 IDT 2025, 194 W
Fri Sep 26 13:36:53 IDT 2025, 175 W
Fri Sep 26 13:36:53 IDT 2025, 154 W
Fri Sep 26 13:36:54 IDT 2025, 183 W
Fri Sep 26 13:36:54 IDT 2025, 190 W
Fri Sep 26 13:36:54 IDT 2025, 208 W
Fri Sep 26 13:36:54 IDT 2025, 171 W
Fri Sep 26 13:36:54 IDT 2025, 175 W
Fri Sep 26 13:36:54 IDT 2025, 208 W
Fri Sep 26 13:36:54 IDT 2025, 188 W
Fri Sep 26 13:36:54 IDT 2025, 166 W
Fri Sep 26 13:36:55 IDT 2025, 167 W
Fri Sep 26 13:36:55 IDT 2025, 169 W
Fri Sep 26 13:36:55 IDT 2025, 198 W
Fri Sep 26 13:36:55 IDT 2025, 168 W
Fri Sep 26 13:36:55 IDT 2025, 167 W
Fri Sep 26 13:36:55 IDT 2025, 191 W
Fri Sep 26 13:36:55 IDT 2025, 181 W
Fri Sep 26 13:36:55 IDT 2025, 150 W
Fri Sep 26 13:36:56 IDT 2025, 178 W
Fri Sep 26 13:36:56 IDT 2025, 185 W
Fri Sep 26 13:36:56 IDT 2025, 216 W
Fri Sep 26 13:36:56 IDT 2025, 179 W
Fri Sep 26 13:36:56 IDT 2025, 172 W
Fri Sep 26 13:36:56 IDT 2025, 204 W
Fri Sep 26 13:36:56 IDT 2025, 176 W
Fri Sep 26 13:36:56 IDT 2025, 165 W
Fri Sep 26 13:36:57 IDT 2025, 190 W
Fri Sep 26 13:36:57 IDT 2025, 186 W
Fri Sep 26 13:36:57 IDT 2025, 216 W
Fri Sep 26 13:36:57 IDT 2025, 171 W
Fri Sep 26 13:36:57 IDT 2025, 182 W
Fri Sep 26 13:36:57 IDT 2025, 211 W
Fri Sep 26 13:36:57 IDT 2025, 195 W
Fri Sep 26 13:36:57 IDT 2025, 164 W
Fri Sep 26 13:36:58 IDT 2025, 167 W
Fri Sep 26 13:36:58 IDT 2025, 168 W
Fri Sep 26 13:36:58 IDT 2025, 202 W
Fri Sep 26 13:36:58 IDT 2025, 165 W
Fri Sep 26 13:36:58 IDT 2025, 178 W
Fri Sep 26 13:36:58 IDT 2025, 203 W
Fri Sep 26 13:36:58 IDT 2025, 173 W
Fri Sep 26 13:36:58 IDT 2025, 157 W
Fri Sep 26 13:36:59 IDT 2025, 175 W
Fri Sep 26 13:36:59 IDT 2025, 181 W
Fri Sep 26 13:36:59 IDT 2025, 213 W
Fri Sep 26 13:36:59 IDT 2025, 174 W
Fri Sep 26 13:36:59 IDT 2025, 172 W
Fri Sep 26 13:36:59 IDT 2025, 205 W
Fri Sep 26 13:36:59 IDT 2025, 182 W
Fri Sep 26 13:36:59 IDT 2025, 162 W
Fri Sep 26 13:37:00 IDT 2025, 192 W
Fri Sep 26 13:37:00 IDT 2025, 188 W
Fri Sep 26 13:37:00 IDT 2025, 225 W
Fri Sep 26 13:37:00 IDT 2025, 180 W
Fri Sep 26 13:37:00 IDT 2025, 189 W
Fri Sep 26 13:37:00 IDT 2025, 221 W
Fri Sep 26 13:37:00 IDT 2025, 186 W
Fri Sep 26 13:37:00 IDT 2025, 179 W
Fri Sep 26 13:37:01 IDT 2025, 172 W
Fri Sep 26 13:37:01 IDT 2025, 172 W
Fri Sep 26 13:37:01 IDT 2025, 200 W
Fri Sep 26 13:37:01 IDT 2025, 166 W
Fri Sep 26 13:37:01 IDT 2025, 175 W
Fri Sep 26 13:37:01 IDT 2025, 193 W
Fri Sep 26 13:37:01 IDT 2025, 177 W
Fri Sep 26 13:37:01 IDT 2025, 154 W
Fri Sep 26 13:37:02 IDT 2025, 168 W
Fri Sep 26 13:37:02 IDT 2025, 172 W
Fri Sep 26 13:37:02 IDT 2025, 200 W
Fri Sep 26 13:37:02 IDT 2025, 170 W
Fri Sep 26 13:37:02 IDT 2025, 167 W
Fri Sep 26 13:37:02 IDT 2025, 197 W
Fri Sep 26 13:37:02 IDT 2025, 179 W
Fri Sep 26 13:37:02 IDT 2025, 156 W
Fri Sep 26 13:37:03 IDT 2025, 189 W
Fri Sep 26 13:37:03 IDT 2025, 183 W
Fri Sep 26 13:37:03 IDT 2025, 218 W
Fri Sep 26 13:37:03 IDT 2025, 177 W
Fri Sep 26 13:37:03 IDT 2025, 185 W
Fri Sep 26 13:37:03 IDT 2025, 212 W
Fri Sep 26 13:37:03 IDT 2025, 190 W
Fri Sep 26 13:37:03 IDT 2025, 166 W
Fri Sep 26 13:37:04 IDT 2025, 163 W
Fri Sep 26 13:37:04 IDT 2025, 156 W
Fri Sep 26 13:37:04 IDT 2025, 193 W
Fri Sep 26 13:37:04 IDT 2025, 149 W
Fri Sep 26 13:37:04 IDT 2025, 155 W
Fri Sep 26 13:37:04 IDT 2025, 181 W
Fri Sep 26 13:37:04 IDT 2025, 162 W
Fri Sep 26 13:37:04 IDT 2025, 139 W
Fri Sep 26 13:37:05 IDT 2025, 177 W
Fri Sep 26 13:37:05 IDT 2025, 178 W
Fri Sep 26 13:37:05 IDT 2025, 216 W
Fri Sep 26 13:37:05 IDT 2025, 171 W
Fri Sep 26 13:37:05 IDT 2025, 188 W
Fri Sep 26 13:37:05 IDT 2025, 196 W
Fri Sep 26 13:37:05 IDT 2025, 177 W
Fri Sep 26 13:37:05 IDT 2025, 170 W
Fri Sep 26 13:37:06 IDT 2025, 170 W
Fri Sep 26 13:37:06 IDT 2025, 170 W
Fri Sep 26 13:37:06 IDT 2025, 198 W
Fri Sep 26 13:37:06 IDT 2025, 165 W
Fri Sep 26 13:37:06 IDT 2025, 157 W
Fri Sep 26 13:37:06 IDT 2025, 197 W
Fri Sep 26 13:37:06 IDT 2025, 170 W
Fri Sep 26 13:37:06 IDT 2025, 158 W
Fri Sep 26 13:37:07 IDT 2025, 185 W
Fri Sep 26 13:37:07 IDT 2025, 168 W
Fri Sep 26 13:37:07 IDT 2025, 203 W
Fri Sep 26 13:37:07 IDT 2025, 166 W
Fri Sep 26 13:37:07 IDT 2025, 177 W
Fri Sep 26 13:37:07 IDT 2025, 193 W
Fri Sep 26 13:37:07 IDT 2025, 188 W
Fri Sep 26 13:37:07 IDT 2025, 159 W
Fri Sep 26 13:37:08 IDT 2025, 169 W
Fri Sep 26 13:37:08 IDT 2025, 180 W
Fri Sep 26 13:37:08 IDT 2025, 210 W
Fri Sep 26 13:37:08 IDT 2025, 174 W
Fri Sep 26 13:37:08 IDT 2025, 174 W
Fri Sep 26 13:37:08 IDT 2025, 215 W
Fri Sep 26 13:37:08 IDT 2025, 190 W
Fri Sep 26 13:37:08 IDT 2025, 164 W
Fri Sep 26 13:37:09 IDT 2025, 183 W
Fri Sep 26 13:37:09 IDT 2025, 186 W
Fri Sep 26 13:37:09 IDT 2025, 207 W
Fri Sep 26 13:37:09 IDT 2025, 175 W
Fri Sep 26 13:37:09 IDT 2025, 184 W
Fri Sep 26 13:37:09 IDT 2025, 208 W
Fri Sep 26 13:37:09 IDT 2025, 180 W
Fri Sep 26 13:37:09 IDT 2025, 151 W
Fri Sep 26 13:37:10 IDT 2025, 168 W
Fri Sep 26 13:37:10 IDT 2025, 189 W
Fri Sep 26 13:37:10 IDT 2025, 211 W
Fri Sep 26 13:37:10 IDT 2025, 176 W
Fri Sep 26 13:37:10 IDT 2025, 173 W
Fri Sep 26 13:37:10 IDT 2025, 210 W
Fri Sep 26 13:37:10 IDT 2025, 185 W
Fri Sep 26 13:37:10 IDT 2025, 162 W
Fri Sep 26 13:37:11 IDT 2025, 164 W
Fri Sep 26 13:37:11 IDT 2025, 167 W
Fri Sep 26 13:37:11 IDT 2025, 192 W
Fri Sep 26 13:37:11 IDT 2025, 154 W
Fri Sep 26 13:37:11 IDT 2025, 171 W
Fri Sep 26 13:37:11 IDT 2025, 190 W
Fri Sep 26 13:37:11 IDT 2025, 171 W
Fri Sep 26 13:37:11 IDT 2025, 155 W
Fri Sep 26 13:37:12 IDT 2025, 176 W
Fri Sep 26 13:37:12 IDT 2025, 183 W
Fri Sep 26 13:37:12 IDT 2025, 211 W
Fri Sep 26 13:37:12 IDT 2025, 175 W
Fri Sep 26 13:37:12 IDT 2025, 182 W
Fri Sep 26 13:37:12 IDT 2025, 209 W
Fri Sep 26 13:37:12 IDT 2025, 190 W
Fri Sep 26 13:37:12 IDT 2025, 162 W
Fri Sep 26 13:37:13 IDT 2025, 180 W
Fri Sep 26 13:37:13 IDT 2025, 190 W
Fri Sep 26 13:37:13 IDT 2025, 215 W
Fri Sep 26 13:37:13 IDT 2025, 174 W
Fri Sep 26 13:37:13 IDT 2025, 185 W
Fri Sep 26 13:37:13 IDT 2025, 214 W
Fri Sep 26 13:37:13 IDT 2025, 186 W
Fri Sep 26 13:37:13 IDT 2025, 167 W
Fri Sep 26 13:37:14 IDT 2025, 161 W
Fri Sep 26 13:37:14 IDT 2025, 177 W
Fri Sep 26 13:37:14 IDT 2025, 216 W
Fri Sep 26 13:37:14 IDT 2025, 166 W
Fri Sep 26 13:37:14 IDT 2025, 175 W
Fri Sep 26 13:37:14 IDT 2025, 203 W
Fri Sep 26 13:37:14 IDT 2025, 181 W
Fri Sep 26 13:37:14 IDT 2025, 157 W
Fri Sep 26 13:37:15 IDT 2025, 182 W
Fri Sep 26 13:37:15 IDT 2025, 189 W
Fri Sep 26 13:37:15 IDT 2025, 218 W
Fri Sep 26 13:37:15 IDT 2025, 180 W
Fri Sep 26 13:37:15 IDT 2025, 179 W
Fri Sep 26 13:37:15 IDT 2025, 226 W
Fri Sep 26 13:37:15 IDT 2025, 185 W
Fri Sep 26 13:37:15 IDT 2025, 171 W
Fri Sep 26 13:37:16 IDT 2025, 174 W
Fri Sep 26 13:37:16 IDT 2025, 177 W
Fri Sep 26 13:37:16 IDT 2025, 205 W
Fri Sep 26 13:37:16 IDT 2025, 167 W
Fri Sep 26 13:37:16 IDT 2025, 178 W
Fri Sep 26 13:37:16 IDT 2025, 202 W
Fri Sep 26 13:37:16 IDT 2025, 179 W
Fri Sep 26 13:37:16 IDT 2025, 161 W
Fri Sep 26 13:37:17 IDT 2025, 194 W
Fri Sep 26 13:37:17 IDT 2025, 186 W
Fri Sep 26 13:37:17 IDT 2025, 214 W
Fri Sep 26 13:37:17 IDT 2025, 185 W
Fri Sep 26 13:37:17 IDT 2025, 189 W
Fri Sep 26 13:37:17 IDT 2025, 222 W
Fri Sep 26 13:37:17 IDT 2025, 197 W
Fri Sep 26 13:37:17 IDT 2025, 174 W
Fri Sep 26 13:37:18 IDT 2025, 167 W
Fri Sep 26 13:37:18 IDT 2025, 178 W
Fri Sep 26 13:37:18 IDT 2025, 213 W
Fri Sep 26 13:37:18 IDT 2025, 173 W
Fri Sep 26 13:37:18 IDT 2025, 185 W
Fri Sep 26 13:37:18 IDT 2025, 210 W
Fri Sep 26 13:37:18 IDT 2025, 199 W
Fri Sep 26 13:37:18 IDT 2025, 168 W
Fri Sep 26 13:37:19 IDT 2025, 191 W
Fri Sep 26 13:37:19 IDT 2025, 185 W
Fri Sep 26 13:37:19 IDT 2025, 218 W
Fri Sep 26 13:37:19 IDT 2025, 179 W
Fri Sep 26 13:37:19 IDT 2025, 178 W
Fri Sep 26 13:37:19 IDT 2025, 218 W
Fri Sep 26 13:37:19 IDT 2025, 191 W
Fri Sep 26 13:37:19 IDT 2025, 171 W
Fri Sep 26 13:37:20 IDT 2025, 176 W
Fri Sep 26 13:37:20 IDT 2025, 178 W
Fri Sep 26 13:37:20 IDT 2025, 205 W
Fri Sep 26 13:37:20 IDT 2025, 170 W
Fri Sep 26 13:37:20 IDT 2025, 167 W
Fri Sep 26 13:37:20 IDT 2025, 207 W
Fri Sep 26 13:37:20 IDT 2025, 184 W
Fri Sep 26 13:37:20 IDT 2025, 166 W
Fri Sep 26 13:37:21 IDT 2025, 165 W
Fri Sep 26 13:37:21 IDT 2025, 164 W
Fri Sep 26 13:37:21 IDT 2025, 211 W
Fri Sep 26 13:37:21 IDT 2025, 163 W
Fri Sep 26 13:37:21 IDT 2025, 161 W
Fri Sep 26 13:37:21 IDT 2025, 197 W
Fri Sep 26 13:37:21 IDT 2025, 172 W
Fri Sep 26 13:37:21 IDT 2025, 156 W
Fri Sep 26 13:37:22 IDT 2025, 184 W
Fri Sep 26 13:37:22 IDT 2025, 177 W
Fri Sep 26 13:37:22 IDT 2025, 218 W
Fri Sep 26 13:37:22 IDT 2025, 178 W
Fri Sep 26 13:37:22 IDT 2025, 175 W
Fri Sep 26 13:37:22 IDT 2025, 211 W
Fri Sep 26 13:37:22 IDT 2025, 181 W
Fri Sep 26 13:37:22 IDT 2025, 168 W
Fri Sep 26 13:37:23 IDT 2025, 175 W
Fri Sep 26 13:37:23 IDT 2025, 190 W
Fri Sep 26 13:37:23 IDT 2025, 213 W
Fri Sep 26 13:37:23 IDT 2025, 177 W
Fri Sep 26 13:37:23 IDT 2025, 175 W
Fri Sep 26 13:37:23 IDT 2025, 213 W
Fri Sep 26 13:37:23 IDT 2025, 184 W
Fri Sep 26 13:37:23 IDT 2025, 167 W
Fri Sep 26 13:37:24 IDT 2025, 179 W
Fri Sep 26 13:37:24 IDT 2025, 189 W
Fri Sep 26 13:37:24 IDT 2025, 214 W
Fri Sep 26 13:37:24 IDT 2025, 173 W
Fri Sep 26 13:37:24 IDT 2025, 173 W
Fri Sep 26 13:37:24 IDT 2025, 211 W
Fri Sep 26 13:37:24 IDT 2025, 193 W
Fri Sep 26 13:37:24 IDT 2025, 165 W
Fri Sep 26 13:37:25 IDT 2025, 158 W
Fri Sep 26 13:37:25 IDT 2025, 166 W
Fri Sep 26 13:37:25 IDT 2025, 202 W
Fri Sep 26 13:37:25 IDT 2025, 152 W
Fri Sep 26 13:37:25 IDT 2025, 168 W
Fri Sep 26 13:37:25 IDT 2025, 201 W
Fri Sep 26 13:37:25 IDT 2025, 173 W
Fri Sep 26 13:37:25 IDT 2025, 156 W
Fri Sep 26 13:37:26 IDT 2025, 164 W
Fri Sep 26 13:37:26 IDT 2025, 167 W
Fri Sep 26 13:37:26 IDT 2025, 185 W
Fri Sep 26 13:37:26 IDT 2025, 156 W
Fri Sep 26 13:37:26 IDT 2025, 161 W
Fri Sep 26 13:37:26 IDT 2025, 195 W
Fri Sep 26 13:37:26 IDT 2025, 160 W
Fri Sep 26 13:37:26 IDT 2025, 146 W
Fri Sep 26 13:37:27 IDT 2025, 169 W
Fri Sep 26 13:37:27 IDT 2025, 162 W
Fri Sep 26 13:37:27 IDT 2025, 204 W
Fri Sep 26 13:37:27 IDT 2025, 160 W
Fri Sep 26 13:37:27 IDT 2025, 165 W
Fri Sep 26 13:37:27 IDT 2025, 205 W
Fri Sep 26 13:37:27 IDT 2025, 171 W
Fri Sep 26 13:37:27 IDT 2025, 156 W
Fri Sep 26 13:37:28 IDT 2025, 177 W
Fri Sep 26 13:37:28 IDT 2025, 190 W
Fri Sep 26 13:37:28 IDT 2025, 229 W
Fri Sep 26 13:37:28 IDT 2025, 184 W
Fri Sep 26 13:37:28 IDT 2025, 188 W
Fri Sep 26 13:37:28 IDT 2025, 215 W
Fri Sep 26 13:37:28 IDT 2025, 192 W
Fri Sep 26 13:37:28 IDT 2025, 172 W
Fri Sep 26 13:37:29 IDT 2025, 182 W
Fri Sep 26 13:37:29 IDT 2025, 174 W
Fri Sep 26 13:37:29 IDT 2025, 207 W
Fri Sep 26 13:37:29 IDT 2025, 173 W
Fri Sep 26 13:37:29 IDT 2025, 165 W
Fri Sep 26 13:37:29 IDT 2025, 209 W
Fri Sep 26 13:37:29 IDT 2025, 182 W
Fri Sep 26 13:37:29 IDT 2025, 158 W
Fri Sep 26 13:37:30 IDT 2025, 165 W
Fri Sep 26 13:37:30 IDT 2025, 171 W
Fri Sep 26 13:37:30 IDT 2025, 206 W
Fri Sep 26 13:37:30 IDT 2025, 172 W
Fri Sep 26 13:37:30 IDT 2025, 164 W
Fri Sep 26 13:37:30 IDT 2025, 200 W
Fri Sep 26 13:37:30 IDT 2025, 174 W
Fri Sep 26 13:37:30 IDT 2025, 154 W
Fri Sep 26 13:37:31 IDT 2025, 172 W
Fri Sep 26 13:37:31 IDT 2025, 171 W
Fri Sep 26 13:37:31 IDT 2025, 203 W
Fri Sep 26 13:37:31 IDT 2025, 171 W
Fri Sep 26 13:37:31 IDT 2025, 164 W
Fri Sep 26 13:37:31 IDT 2025, 201 W
Fri Sep 26 13:37:31 IDT 2025, 175 W
Fri Sep 26 13:37:31 IDT 2025, 153 W
Fri Sep 26 13:37:32 IDT 2025, 181 W
Fri Sep 26 13:37:32 IDT 2025, 185 W
Fri Sep 26 13:37:32 IDT 2025, 220 W
Fri Sep 26 13:37:32 IDT 2025, 172 W
Fri Sep 26 13:37:32 IDT 2025, 181 W
Fri Sep 26 13:37:32 IDT 2025, 210 W
Fri Sep 26 13:37:32 IDT 2025, 192 W
Fri Sep 26 13:37:32 IDT 2025, 178 W
Fri Sep 26 13:37:33 IDT 2025, 187 W
Fri Sep 26 13:37:33 IDT 2025, 179 W
Fri Sep 26 13:37:33 IDT 2025, 222 W
Fri Sep 26 13:37:33 IDT 2025, 171 W
Fri Sep 26 13:37:33 IDT 2025, 186 W
Fri Sep 26 13:37:33 IDT 2025, 216 W
Fri Sep 26 13:37:33 IDT 2025, 196 W
Fri Sep 26 13:37:33 IDT 2025, 169 W
Fri Sep 26 13:37:34 IDT 2025, 157 W
Fri Sep 26 13:37:34 IDT 2025, 167 W
Fri Sep 26 13:37:34 IDT 2025, 196 W
Fri Sep 26 13:37:34 IDT 2025, 165 W
Fri Sep 26 13:37:34 IDT 2025, 154 W
Fri Sep 26 13:37:34 IDT 2025, 196 W
Fri Sep 26 13:37:34 IDT 2025, 170 W
Fri Sep 26 13:37:34 IDT 2025, 144 W
Fri Sep 26 13:37:35 IDT 2025, 178 W
Fri Sep 26 13:37:35 IDT 2025, 174 W
Fri Sep 26 13:37:35 IDT 2025, 207 W
Fri Sep 26 13:37:35 IDT 2025, 156 W
Fri Sep 26 13:37:35 IDT 2025, 177 W
Fri Sep 26 13:37:35 IDT 2025, 207 W
Fri Sep 26 13:37:35 IDT 2025, 186 W
Fri Sep 26 13:37:35 IDT 2025, 153 W
Fri Sep 26 13:37:36 IDT 2025, 181 W
Fri Sep 26 13:37:36 IDT 2025, 170 W
Fri Sep 26 13:37:36 IDT 2025, 207 W
Fri Sep 26 13:37:36 IDT 2025, 168 W
Fri Sep 26 13:37:36 IDT 2025, 173 W
Fri Sep 26 13:37:36 IDT 2025, 208 W
Fri Sep 26 13:37:36 IDT 2025, 186 W
Fri Sep 26 13:37:36 IDT 2025, 167 W
Fri Sep 26 13:37:37 IDT 2025, 168 W
Fri Sep 26 13:37:37 IDT 2025, 168 W
Fri Sep 26 13:37:37 IDT 2025, 213 W
Fri Sep 26 13:37:37 IDT 2025, 167 W
Fri Sep 26 13:37:37 IDT 2025, 175 W
Fri Sep 26 13:37:37 IDT 2025, 199 W
Fri Sep 26 13:37:37 IDT 2025, 174 W
Fri Sep 26 13:37:37 IDT 2025, 162 W
Fri Sep 26 13:37:38 IDT 2025, 174 W
Fri Sep 26 13:37:38 IDT 2025, 179 W
Fri Sep 26 13:37:38 IDT 2025, 205 W
Fri Sep 26 13:37:38 IDT 2025, 166 W
Fri Sep 26 13:37:38 IDT 2025, 179 W
Fri Sep 26 13:37:38 IDT 2025, 204 W
Fri Sep 26 13:37:38 IDT 2025, 179 W
Fri Sep 26 13:37:38 IDT 2025, 168 W
Fri Sep 26 13:37:39 IDT 2025, 181 W
Fri Sep 26 13:37:39 IDT 2025, 179 W
Fri Sep 26 13:37:39 IDT 2025, 213 W
Fri Sep 26 13:37:39 IDT 2025, 176 W
Fri Sep 26 13:37:39 IDT 2025, 178 W
Fri Sep 26 13:37:39 IDT 2025, 210 W
Fri Sep 26 13:37:39 IDT 2025, 178 W
Fri Sep 26 13:37:39 IDT 2025, 169 W
Fri Sep 26 13:37:40 IDT 2025, 174 W
Fri Sep 26 13:37:40 IDT 2025, 174 W
Fri Sep 26 13:37:40 IDT 2025, 203 W
Fri Sep 26 13:37:40 IDT 2025, 165 W
Fri Sep 26 13:37:40 IDT 2025, 179 W
Fri Sep 26 13:37:40 IDT 2025, 199 W
Fri Sep 26 13:37:40 IDT 2025, 172 W
Fri Sep 26 13:37:40 IDT 2025, 159 W
Fri Sep 26 13:37:41 IDT 2025, 180 W
Fri Sep 26 13:37:41 IDT 2025, 167 W
Fri Sep 26 13:37:41 IDT 2025, 209 W
Fri Sep 26 13:37:41 IDT 2025, 175 W
Fri Sep 26 13:37:41 IDT 2025, 175 W
Fri Sep 26 13:37:41 IDT 2025, 199 W
Fri Sep 26 13:37:41 IDT 2025, 171 W
Fri Sep 26 13:37:41 IDT 2025, 160 W
Fri Sep 26 13:37:42 IDT 2025, 190 W
Fri Sep 26 13:37:42 IDT 2025, 183 W
Fri Sep 26 13:37:42 IDT 2025, 220 W
Fri Sep 26 13:37:42 IDT 2025, 181 W
Fri Sep 26 13:37:42 IDT 2025, 183 W
Fri Sep 26 13:37:42 IDT 2025, 213 W
Fri Sep 26 13:37:42 IDT 2025, 191 W
Fri Sep 26 13:37:42 IDT 2025, 171 W
Fri Sep 26 13:37:43 IDT 2025, 172 W
Fri Sep 26 13:37:43 IDT 2025, 179 W
Fri Sep 26 13:37:43 IDT 2025, 208 W
Fri Sep 26 13:37:43 IDT 2025, 176 W
Fri Sep 26 13:37:43 IDT 2025, 173 W
Fri Sep 26 13:37:43 IDT 2025, 210 W
Fri Sep 26 13:37:43 IDT 2025, 183 W
Fri Sep 26 13:37:43 IDT 2025, 166 W
Fri Sep 26 13:37:44 IDT 2025, 174 W
Fri Sep 26 13:37:44 IDT 2025, 182 W
Fri Sep 26 13:37:44 IDT 2025, 209 W
Fri Sep 26 13:37:44 IDT 2025, 171 W
Fri Sep 26 13:37:44 IDT 2025, 187 W
Fri Sep 26 13:37:44 IDT 2025, 207 W
Fri Sep 26 13:37:44 IDT 2025, 179 W
Fri Sep 26 13:37:44 IDT 2025, 173 W
Fri Sep 26 13:37:45 IDT 2025, 180 W
Fri Sep 26 13:37:45 IDT 2025, 188 W
Fri Sep 26 13:37:45 IDT 2025, 218 W
Fri Sep 26 13:37:45 IDT 2025, 172 W
Fri Sep 26 13:37:45 IDT 2025, 178 W
Fri Sep 26 13:37:45 IDT 2025, 210 W
Fri Sep 26 13:37:45 IDT 2025, 190 W
Fri Sep 26 13:37:45 IDT 2025, 166 W
Fri Sep 26 13:37:46 IDT 2025, 179 W
Fri Sep 26 13:37:46 IDT 2025, 173 W
Fri Sep 26 13:37:46 IDT 2025, 206 W
Fri Sep 26 13:37:46 IDT 2025, 161 W
Fri Sep 26 13:37:46 IDT 2025, 178 W
Fri Sep 26 13:37:46 IDT 2025, 209 W
Fri Sep 26 13:37:46 IDT 2025, 175 W
Fri Sep 26 13:37:46 IDT 2025, 160 W
Fri Sep 26 13:37:47 IDT 2025, 181 W
Fri Sep 26 13:37:47 IDT 2025, 179 W
Fri Sep 26 13:37:47 IDT 2025, 203 W
Fri Sep 26 13:37:47 IDT 2025, 171 W
Fri Sep 26 13:37:47 IDT 2025, 180 W
Fri Sep 26 13:37:47 IDT 2025, 207 W
Fri Sep 26 13:37:47 IDT 2025, 178 W
Fri Sep 26 13:37:47 IDT 2025, 158 W
Fri Sep 26 13:37:48 IDT 2025, 178 W
Fri Sep 26 13:37:48 IDT 2025, 175 W
Fri Sep 26 13:37:48 IDT 2025, 217 W
Fri Sep 26 13:37:48 IDT 2025, 173 W
Fri Sep 26 13:37:48 IDT 2025, 177 W
Fri Sep 26 13:37:48 IDT 2025, 207 W
Fri Sep 26 13:37:48 IDT 2025, 178 W
Fri Sep 26 13:37:48 IDT 2025, 166 W
Fri Sep 26 13:37:49 IDT 2025, 161 W
Fri Sep 26 13:37:49 IDT 2025, 166 W
Fri Sep 26 13:37:49 IDT 2025, 198 W
Fri Sep 26 13:37:49 IDT 2025, 161 W
Fri Sep 26 13:37:49 IDT 2025, 168 W
Fri Sep 26 13:37:49 IDT 2025, 198 W
Fri Sep 26 13:37:49 IDT 2025, 175 W
Fri Sep 26 13:37:49 IDT 2025, 152 W
Fri Sep 26 13:37:50 IDT 2025, 164 W
Fri Sep 26 13:37:50 IDT 2025, 156 W
Fri Sep 26 13:37:50 IDT 2025, 186 W
Fri Sep 26 13:37:50 IDT 2025, 159 W
Fri Sep 26 13:37:50 IDT 2025, 158 W
Fri Sep 26 13:37:50 IDT 2025, 187 W
Fri Sep 26 13:37:50 IDT 2025, 176 W
Fri Sep 26 13:37:50 IDT 2025, 148 W
Fri Sep 26 13:37:51 IDT 2025, 178 W
Fri Sep 26 13:37:51 IDT 2025, 184 W
Fri Sep 26 13:37:51 IDT 2025, 208 W
Fri Sep 26 13:37:51 IDT 2025, 179 W
Fri Sep 26 13:37:51 IDT 2025, 186 W
Fri Sep 26 13:37:51 IDT 2025, 211 W
Fri Sep 26 13:37:51 IDT 2025, 187 W
Fri Sep 26 13:37:51 IDT 2025, 167 W
Fri Sep 26 13:37:52 IDT 2025, 179 W
Fri Sep 26 13:37:52 IDT 2025, 179 W
Fri Sep 26 13:37:52 IDT 2025, 215 W
Fri Sep 26 13:37:52 IDT 2025, 169 W
Fri Sep 26 13:37:52 IDT 2025, 180 W
Fri Sep 26 13:37:52 IDT 2025, 208 W
Fri Sep 26 13:37:52 IDT 2025, 188 W
Fri Sep 26 13:37:52 IDT 2025, 161 W
Fri Sep 26 13:37:53 IDT 2025, 177 W
Fri Sep 26 13:37:53 IDT 2025, 175 W
Fri Sep 26 13:37:53 IDT 2025, 206 W
Fri Sep 26 13:37:53 IDT 2025, 168 W
Fri Sep 26 13:37:53 IDT 2025, 176 W
Fri Sep 26 13:37:53 IDT 2025, 212 W
Fri Sep 26 13:37:53 IDT 2025, 183 W
Fri Sep 26 13:37:53 IDT 2025, 168 W
Fri Sep 26 13:37:54 IDT 2025, 177 W
Fri Sep 26 13:37:54 IDT 2025, 186 W
Fri Sep 26 13:37:54 IDT 2025, 215 W
Fri Sep 26 13:37:54 IDT 2025, 176 W
Fri Sep 26 13:37:54 IDT 2025, 182 W
Fri Sep 26 13:37:54 IDT 2025, 208 W
Fri Sep 26 13:37:54 IDT 2025, 193 W
Fri Sep 26 13:37:54 IDT 2025, 168 W
Fri Sep 26 13:37:55 IDT 2025, 188 W
Fri Sep 26 13:37:55 IDT 2025, 178 W
Fri Sep 26 13:37:55 IDT 2025, 208 W
Fri Sep 26 13:37:55 IDT 2025, 175 W
Fri Sep 26 13:37:55 IDT 2025, 190 W
Fri Sep 26 13:37:55 IDT 2025, 207 W
Fri Sep 26 13:37:55 IDT 2025, 188 W
Fri Sep 26 13:37:55 IDT 2025, 172 W
Fri Sep 26 13:37:56 IDT 2025, 176 W
Fri Sep 26 13:37:56 IDT 2025, 177 W
Fri Sep 26 13:37:56 IDT 2025, 205 W
Fri Sep 26 13:37:56 IDT 2025, 175 W
Fri Sep 26 13:37:56 IDT 2025, 179 W
Fri Sep 26 13:37:56 IDT 2025, 200 W
Fri Sep 26 13:37:56 IDT 2025, 181 W
Fri Sep 26 13:37:56 IDT 2025, 163 W
Fri Sep 26 13:37:57 IDT 2025, 158 W
Fri Sep 26 13:37:57 IDT 2025, 173 W
Fri Sep 26 13:37:57 IDT 2025, 193 W
Fri Sep 26 13:37:57 IDT 2025, 164 W
Fri Sep 26 13:37:57 IDT 2025, 161 W
Fri Sep 26 13:37:57 IDT 2025, 201 W
Fri Sep 26 13:37:57 IDT 2025, 170 W
Fri Sep 26 13:37:57 IDT 2025, 151 W
Fri Sep 26 13:37:58 IDT 2025, 180 W
Fri Sep 26 13:37:58 IDT 2025, 169 W
Fri Sep 26 13:37:58 IDT 2025, 211 W
Fri Sep 26 13:37:58 IDT 2025, 172 W
Fri Sep 26 13:37:58 IDT 2025, 181 W
Fri Sep 26 13:37:58 IDT 2025, 211 W
Fri Sep 26 13:37:58 IDT 2025, 180 W
Fri Sep 26 13:37:58 IDT 2025, 167 W
Fri Sep 26 13:37:59 IDT 2025, 168 W
Fri Sep 26 13:37:59 IDT 2025, 178 W
Fri Sep 26 13:37:59 IDT 2025, 204 W
Fri Sep 26 13:37:59 IDT 2025, 166 W
Fri Sep 26 13:37:59 IDT 2025, 164 W
Fri Sep 26 13:37:59 IDT 2025, 201 W
Fri Sep 26 13:37:59 IDT 2025, 171 W
Fri Sep 26 13:37:59 IDT 2025, 157 W
Fri Sep 26 13:38:00 IDT 2025, 181 W
Fri Sep 26 13:38:00 IDT 2025, 176 W
Fri Sep 26 13:38:00 IDT 2025, 210 W
Fri Sep 26 13:38:00 IDT 2025, 173 W
Fri Sep 26 13:38:00 IDT 2025, 179 W
Fri Sep 26 13:38:00 IDT 2025, 212 W
Fri Sep 26 13:38:00 IDT 2025, 183 W
Fri Sep 26 13:38:00 IDT 2025, 169 W
Fri Sep 26 13:38:01 IDT 2025, 167 W
Fri Sep 26 13:38:01 IDT 2025, 163 W
Fri Sep 26 13:38:01 IDT 2025, 188 W
Fri Sep 26 13:38:01 IDT 2025, 160 W
Fri Sep 26 13:38:01 IDT 2025, 164 W
Fri Sep 26 13:38:01 IDT 2025, 187 W
Fri Sep 26 13:38:01 IDT 2025, 165 W
Fri Sep 26 13:38:01 IDT 2025, 153 W
Fri Sep 26 13:38:02 IDT 2025, 164 W
Fri Sep 26 13:38:02 IDT 2025, 171 W
Fri Sep 26 13:38:02 IDT 2025, 206 W
Fri Sep 26 13:38:02 IDT 2025, 167 W
Fri Sep 26 13:38:02 IDT 2025, 173 W
Fri Sep 26 13:38:02 IDT 2025, 211 W
Fri Sep 26 13:38:02 IDT 2025, 184 W
Fri Sep 26 13:38:02 IDT 2025, 156 W
Fri Sep 26 13:38:03 IDT 2025, 171 W
Fri Sep 26 13:38:03 IDT 2025, 174 W
Fri Sep 26 13:38:03 IDT 2025, 203 W
Fri Sep 26 13:38:03 IDT 2025, 166 W
Fri Sep 26 13:38:03 IDT 2025, 171 W
Fri Sep 26 13:38:03 IDT 2025, 203 W
Fri Sep 26 13:38:03 IDT 2025, 186 W
Fri Sep 26 13:38:03 IDT 2025, 163 W
Fri Sep 26 13:38:04 IDT 2025, 162 W
Fri Sep 26 13:38:04 IDT 2025, 165 W
Fri Sep 26 13:38:04 IDT 2025, 194 W
Fri Sep 26 13:38:04 IDT 2025, 153 W
Fri Sep 26 13:38:04 IDT 2025, 159 W
Fri Sep 26 13:38:04 IDT 2025, 183 W
Fri Sep 26 13:38:04 IDT 2025, 165 W
Fri Sep 26 13:38:04 IDT 2025, 146 W
Fri Sep 26 13:38:05 IDT 2025, 171 W
Fri Sep 26 13:38:05 IDT 2025, 182 W
Fri Sep 26 13:38:05 IDT 2025, 206 W
Fri Sep 26 13:38:05 IDT 2025, 174 W
Fri Sep 26 13:38:05 IDT 2025, 164 W
Fri Sep 26 13:38:05 IDT 2025, 209 W
Fri Sep 26 13:38:05 IDT 2025, 174 W
Fri Sep 26 13:38:05 IDT 2025, 162 W
Fri Sep 26 13:38:06 IDT 2025, 171 W
Fri Sep 26 13:38:06 IDT 2025, 165 W
Fri Sep 26 13:38:06 IDT 2025, 195 W
Fri Sep 26 13:38:06 IDT 2025, 161 W
Fri Sep 26 13:38:06 IDT 2025, 170 W
Fri Sep 26 13:38:06 IDT 2025, 196 W
Fri Sep 26 13:38:06 IDT 2025, 169 W
Fri Sep 26 13:38:06 IDT 2025, 155 W
Fri Sep 26 13:38:07 IDT 2025, 179 W
Fri Sep 26 13:38:07 IDT 2025, 179 W
Fri Sep 26 13:38:07 IDT 2025, 215 W
Fri Sep 26 13:38:07 IDT 2025, 175 W
Fri Sep 26 13:38:07 IDT 2025, 175 W
Fri Sep 26 13:38:07 IDT 2025, 210 W
Fri Sep 26 13:38:07 IDT 2025, 185 W
Fri Sep 26 13:38:07 IDT 2025, 160 W
Fri Sep 26 13:38:08 IDT 2025, 152 W
Fri Sep 26 13:38:08 IDT 2025, 165 W
Fri Sep 26 13:38:08 IDT 2025, 189 W
Fri Sep 26 13:38:08 IDT 2025, 155 W
Fri Sep 26 13:38:08 IDT 2025, 168 W
Fri Sep 26 13:38:08 IDT 2025, 183 W
Fri Sep 26 13:38:08 IDT 2025, 165 W
Fri Sep 26 13:38:08 IDT 2025, 148 W
Fri Sep 26 13:38:09 IDT 2025, 168 W
Fri Sep 26 13:38:09 IDT 2025, 184 W
Fri Sep 26 13:38:09 IDT 2025, 214 W
Fri Sep 26 13:38:09 IDT 2025, 172 W
Fri Sep 26 13:38:09 IDT 2025, 178 W
Fri Sep 26 13:38:09 IDT 2025, 207 W
Fri Sep 26 13:38:09 IDT 2025, 190 W
Fri Sep 26 13:38:09 IDT 2025, 168 W
Fri Sep 26 13:38:10 IDT 2025, 176 W
Fri Sep 26 13:38:10 IDT 2025, 180 W
Fri Sep 26 13:38:10 IDT 2025, 206 W
Fri Sep 26 13:38:10 IDT 2025, 165 W
Fri Sep 26 13:38:10 IDT 2025, 170 W
Fri Sep 26 13:38:10 IDT 2025, 216 W
Fri Sep 26 13:38:10 IDT 2025, 182 W
Fri Sep 26 13:38:10 IDT 2025, 164 W
Fri Sep 26 13:38:11 IDT 2025, 148 W
Fri Sep 26 13:38:11 IDT 2025, 156 W
Fri Sep 26 13:38:11 IDT 2025, 190 W
Fri Sep 26 13:38:11 IDT 2025, 154 W
Fri Sep 26 13:38:11 IDT 2025, 144 W
Fri Sep 26 13:38:11 IDT 2025, 183 W
Fri Sep 26 13:38:11 IDT 2025, 162 W
Fri Sep 26 13:38:11 IDT 2025, 148 W
Fri Sep 26 13:38:12 IDT 2025, 166 W
Fri Sep 26 13:38:12 IDT 2025, 165 W
Fri Sep 26 13:38:12 IDT 2025, 203 W
Fri Sep 26 13:38:12 IDT 2025, 164 W
Fri Sep 26 13:38:12 IDT 2025, 166 W
Fri Sep 26 13:38:12 IDT 2025, 191 W
Fri Sep 26 13:38:12 IDT 2025, 171 W
Fri Sep 26 13:38:12 IDT 2025, 156 W
Fri Sep 26 13:38:13 IDT 2025, 163 W
Fri Sep 26 13:38:13 IDT 2025, 168 W
Fri Sep 26 13:38:13 IDT 2025, 198 W
Fri Sep 26 13:38:13 IDT 2025, 151 W
Fri Sep 26 13:38:13 IDT 2025, 155 W
Fri Sep 26 13:38:13 IDT 2025, 193 W
Fri Sep 26 13:38:13 IDT 2025, 165 W
Fri Sep 26 13:38:13 IDT 2025, 148 W
Fri Sep 26 13:38:14 IDT 2025, 170 W
Fri Sep 26 13:38:14 IDT 2025, 181 W
Fri Sep 26 13:38:14 IDT 2025, 202 W
Fri Sep 26 13:38:14 IDT 2025, 163 W
Fri Sep 26 13:38:14 IDT 2025, 161 W
Fri Sep 26 13:38:14 IDT 2025, 201 W
Fri Sep 26 13:38:14 IDT 2025, 177 W
Fri Sep 26 13:38:14 IDT 2025, 153 W
Fri Sep 26 13:38:15 IDT 2025, 159 W
Fri Sep 26 13:38:15 IDT 2025, 160 W
Fri Sep 26 13:38:15 IDT 2025, 195 W
Fri Sep 26 13:38:15 IDT 2025, 151 W
Fri Sep 26 13:38:15 IDT 2025, 160 W
Fri Sep 26 13:38:15 IDT 2025, 185 W
Fri Sep 26 13:38:15 IDT 2025, 171 W
Fri Sep 26 13:38:15 IDT 2025, 142 W
Fri Sep 26 13:38:16 IDT 2025, 168 W
Fri Sep 26 13:38:16 IDT 2025, 167 W
Fri Sep 26 13:38:16 IDT 2025, 200 W
Fri Sep 26 13:38:16 IDT 2025, 156 W
Fri Sep 26 13:38:16 IDT 2025, 158 W
Fri Sep 26 13:38:16 IDT 2025, 186 W
Fri Sep 26 13:38:16 IDT 2025, 172 W
Fri Sep 26 13:38:16 IDT 2025, 155 W
Fri Sep 26 13:38:17 IDT 2025, 179 W
Fri Sep 26 13:38:17 IDT 2025, 177 W
Fri Sep 26 13:38:17 IDT 2025, 200 W
Fri Sep 26 13:38:17 IDT 2025, 170 W
Fri Sep 26 13:38:17 IDT 2025, 174 W
Fri Sep 26 13:38:17 IDT 2025, 207 W
Fri Sep 26 13:38:17 IDT 2025, 178 W
Fri Sep 26 13:38:17 IDT 2025, 159 W
Fri Sep 26 13:38:18 IDT 2025, 182 W
Fri Sep 26 13:38:18 IDT 2025, 182 W
Fri Sep 26 13:38:18 IDT 2025, 213 W
Fri Sep 26 13:38:18 IDT 2025, 171 W
Fri Sep 26 13:38:18 IDT 2025, 185 W
Fri Sep 26 13:38:18 IDT 2025, 214 W
Fri Sep 26 13:38:18 IDT 2025, 175 W
Fri Sep 26 13:38:18 IDT 2025, 168 W
Fri Sep 26 13:38:19 IDT 2025, 160 W
Fri Sep 26 13:38:19 IDT 2025, 164 W
Fri Sep 26 13:38:19 IDT 2025, 194 W
Fri Sep 26 13:38:19 IDT 2025, 158 W
Fri Sep 26 13:38:19 IDT 2025, 159 W
Fri Sep 26 13:38:19 IDT 2025, 183 W
Fri Sep 26 13:38:19 IDT 2025, 173 W
Fri Sep 26 13:38:19 IDT 2025, 153 W
Fri Sep 26 13:38:20 IDT 2025, 185 W
Fri Sep 26 13:38:20 IDT 2025, 174 W
Fri Sep 26 13:38:20 IDT 2025, 207 W
Fri Sep 26 13:38:20 IDT 2025, 165 W
Fri Sep 26 13:38:20 IDT 2025, 164 W
Fri Sep 26 13:38:20 IDT 2025, 206 W
Fri Sep 26 13:38:20 IDT 2025, 186 W
Fri Sep 26 13:38:20 IDT 2025, 159 W
Fri Sep 26 13:38:21 IDT 2025, 161 W
Fri Sep 26 13:38:21 IDT 2025, 162 W
Fri Sep 26 13:38:21 IDT 2025, 200 W
Fri Sep 26 13:38:21 IDT 2025, 160 W
Fri Sep 26 13:38:21 IDT 2025, 152 W
Fri Sep 26 13:38:21 IDT 2025, 191 W
Fri Sep 26 13:38:21 IDT 2025, 167 W
Fri Sep 26 13:38:21 IDT 2025, 153 W
Fri Sep 26 13:38:22 IDT 2025, 177 W
Fri Sep 26 13:38:22 IDT 2025, 174 W
Fri Sep 26 13:38:22 IDT 2025, 196 W
Fri Sep 26 13:38:22 IDT 2025, 169 W
Fri Sep 26 13:38:22 IDT 2025, 168 W
Fri Sep 26 13:38:22 IDT 2025, 206 W
Fri Sep 26 13:38:22 IDT 2025, 172 W
Fri Sep 26 13:38:22 IDT 2025, 154 W
Fri Sep 26 13:38:23 IDT 2025, 163 W
Fri Sep 26 13:38:23 IDT 2025, 164 W
Fri Sep 26 13:38:23 IDT 2025, 189 W
Fri Sep 26 13:38:23 IDT 2025, 158 W
Fri Sep 26 13:38:23 IDT 2025, 152 W
Fri Sep 26 13:38:23 IDT 2025, 186 W
Fri Sep 26 13:38:23 IDT 2025, 162 W
Fri Sep 26 13:38:23 IDT 2025, 140 W
Fri Sep 26 13:38:24 IDT 2025, 164 W
Fri Sep 26 13:38:24 IDT 2025, 166 W
Fri Sep 26 13:38:24 IDT 2025, 197 W
Fri Sep 26 13:38:24 IDT 2025, 161 W
Fri Sep 26 13:38:24 IDT 2025, 155 W
Fri Sep 26 13:38:24 IDT 2025, 188 W
Fri Sep 26 13:38:24 IDT 2025, 164 W
Fri Sep 26 13:38:24 IDT 2025, 145 W
Fri Sep 26 13:38:25 IDT 2025, 174 W
Fri Sep 26 13:38:25 IDT 2025, 174 W
Fri Sep 26 13:38:25 IDT 2025, 205 W
Fri Sep 26 13:38:25 IDT 2025, 165 W
Fri Sep 26 13:38:25 IDT 2025, 163 W
Fri Sep 26 13:38:25 IDT 2025, 198 W
Fri Sep 26 13:38:25 IDT 2025, 176 W
Fri Sep 26 13:38:25 IDT 2025, 156 W
Fri Sep 26 13:38:26 IDT 2025, 161 W
Fri Sep 26 13:38:26 IDT 2025, 162 W
Fri Sep 26 13:38:26 IDT 2025, 196 W
Fri Sep 26 13:38:26 IDT 2025, 152 W
Fri Sep 26 13:38:26 IDT 2025, 152 W
Fri Sep 26 13:38:26 IDT 2025, 185 W
Fri Sep 26 13:38:26 IDT 2025, 156 W
Fri Sep 26 13:38:26 IDT 2025, 142 W
Fri Sep 26 13:38:27 IDT 2025, 163 W
Fri Sep 26 13:38:27 IDT 2025, 163 W
Fri Sep 26 13:38:27 IDT 2025, 198 W
Fri Sep 26 13:38:27 IDT 2025, 167 W
Fri Sep 26 13:38:27 IDT 2025, 165 W
Fri Sep 26 13:38:27 IDT 2025, 196 W
Fri Sep 26 13:38:27 IDT 2025, 167 W
Fri Sep 26 13:38:27 IDT 2025, 161 W
Fri Sep 26 13:38:28 IDT 2025, 154 W
Fri Sep 26 13:38:28 IDT 2025, 160 W
Fri Sep 26 13:38:28 IDT 2025, 188 W
Fri Sep 26 13:38:28 IDT 2025, 156 W
Fri Sep 26 13:38:28 IDT 2025, 155 W
Fri Sep 26 13:38:28 IDT 2025, 187 W
Fri Sep 26 13:38:28 IDT 2025, 168 W
Fri Sep 26 13:38:28 IDT 2025, 141 W
Fri Sep 26 13:38:29 IDT 2025, 187 W
Fri Sep 26 13:38:29 IDT 2025, 187 W
Fri Sep 26 13:38:29 IDT 2025, 215 W
Fri Sep 26 13:38:29 IDT 2025, 185 W
Fri Sep 26 13:38:29 IDT 2025, 195 W
Fri Sep 26 13:38:29 IDT 2025, 227 W
Fri Sep 26 13:38:29 IDT 2025, 192 W
Fri Sep 26 13:38:29 IDT 2025, 177 W
Fri Sep 26 13:38:30 IDT 2025, 186 W
Fri Sep 26 13:38:30 IDT 2025, 193 W
Fri Sep 26 13:38:30 IDT 2025, 223 W
Fri Sep 26 13:38:30 IDT 2025, 185 W
Fri Sep 26 13:38:30 IDT 2025, 191 W
Fri Sep 26 13:38:30 IDT 2025, 214 W
Fri Sep 26 13:38:30 IDT 2025, 190 W
Fri Sep 26 13:38:30 IDT 2025, 173 W
Fri Sep 26 13:38:31 IDT 2025, 179 W
Fri Sep 26 13:38:31 IDT 2025, 178 W
Fri Sep 26 13:38:31 IDT 2025, 210 W
Fri Sep 26 13:38:31 IDT 2025, 164 W
Fri Sep 26 13:38:31 IDT 2025, 180 W
Fri Sep 26 13:38:31 IDT 2025, 205 W
Fri Sep 26 13:38:31 IDT 2025, 177 W
Fri Sep 26 13:38:31 IDT 2025, 157 W
Fri Sep 26 13:38:32 IDT 2025, 180 W
Fri Sep 26 13:38:32 IDT 2025, 189 W
Fri Sep 26 13:38:32 IDT 2025, 213 W
Fri Sep 26 13:38:32 IDT 2025, 177 W
Fri Sep 26 13:38:32 IDT 2025, 185 W
Fri Sep 26 13:38:32 IDT 2025, 216 W
Fri Sep 26 13:38:32 IDT 2025, 189 W
Fri Sep 26 13:38:32 IDT 2025, 180 W
Fri Sep 26 13:38:33 IDT 2025, 197 W
Fri Sep 26 13:38:33 IDT 2025, 200 W
Fri Sep 26 13:38:33 IDT 2025, 215 W
Fri Sep 26 13:38:33 IDT 2025, 183 W
Fri Sep 26 13:38:33 IDT 2025, 192 W
Fri Sep 26 13:38:33 IDT 2025, 224 W
Fri Sep 26 13:38:33 IDT 2025, 203 W
Fri Sep 26 13:38:33 IDT 2025, 182 W
Fri Sep 26 13:38:34 IDT 2025, 181 W
Fri Sep 26 13:38:34 IDT 2025, 178 W
Fri Sep 26 13:38:34 IDT 2025, 218 W
Fri Sep 26 13:38:34 IDT 2025, 173 W
Fri Sep 26 13:38:34 IDT 2025, 169 W
Fri Sep 26 13:38:34 IDT 2025, 209 W
Fri Sep 26 13:38:34 IDT 2025, 174 W
Fri Sep 26 13:38:34 IDT 2025, 167 W
Fri Sep 26 13:38:35 IDT 2025, 180 W
Fri Sep 26 13:38:35 IDT 2025, 179 W
Fri Sep 26 13:38:35 IDT 2025, 207 W
Fri Sep 26 13:38:35 IDT 2025, 167 W
Fri Sep 26 13:38:35 IDT 2025, 175 W
Fri Sep 26 13:38:35 IDT 2025, 203 W
Fri Sep 26 13:38:35 IDT 2025, 183 W
Fri Sep 26 13:38:35 IDT 2025, 159 W
Fri Sep 26 13:38:36 IDT 2025, 160 W
Fri Sep 26 13:38:36 IDT 2025, 167 W
Fri Sep 26 13:38:36 IDT 2025, 194 W
Fri Sep 26 13:38:36 IDT 2025, 154 W
Fri Sep 26 13:38:36 IDT 2025, 164 W
Fri Sep 26 13:38:36 IDT 2025, 192 W
Fri Sep 26 13:38:36 IDT 2025, 170 W
Fri Sep 26 13:38:36 IDT 2025, 143 W
Fri Sep 26 13:38:37 IDT 2025, 161 W
Fri Sep 26 13:38:37 IDT 2025, 156 W
Fri Sep 26 13:38:37 IDT 2025, 182 W
Fri Sep 26 13:38:37 IDT 2025, 146 W
Fri Sep 26 13:38:37 IDT 2025, 159 W
Fri Sep 26 13:38:37 IDT 2025, 190 W
Fri Sep 26 13:38:37 IDT 2025, 161 W
Fri Sep 26 13:38:37 IDT 2025, 146 W
Fri Sep 26 13:38:38 IDT 2025, 169 W
Fri Sep 26 13:38:38 IDT 2025, 166 W
Fri Sep 26 13:38:38 IDT 2025, 188 W
Fri Sep 26 13:38:38 IDT 2025, 158 W
Fri Sep 26 13:38:38 IDT 2025, 162 W
Fri Sep 26 13:38:38 IDT 2025, 195 W
Fri Sep 26 13:38:38 IDT 2025, 176 W
Fri Sep 26 13:38:38 IDT 2025, 154 W
Fri Sep 26 13:38:39 IDT 2025, 175 W
Fri Sep 26 13:38:39 IDT 2025, 170 W
Fri Sep 26 13:38:39 IDT 2025, 209 W
Fri Sep 26 13:38:39 IDT 2025, 152 W
Fri Sep 26 13:38:39 IDT 2025, 157 W
Fri Sep 26 13:38:39 IDT 2025, 200 W
Fri Sep 26 13:38:39 IDT 2025, 172 W
Fri Sep 26 13:38:39 IDT 2025, 152 W
Fri Sep 26 13:38:40 IDT 2025, 175 W
Fri Sep 26 13:38:40 IDT 2025, 180 W
Fri Sep 26 13:38:40 IDT 2025, 199 W
Fri Sep 26 13:38:40 IDT 2025, 161 W
Fri Sep 26 13:38:40 IDT 2025, 167 W
Fri Sep 26 13:38:40 IDT 2025, 202 W
Fri Sep 26 13:38:40 IDT 2025, 180 W
Fri Sep 26 13:38:40 IDT 2025, 156 W
Fri Sep 26 13:38:41 IDT 2025, 178 W
Fri Sep 26 13:38:41 IDT 2025, 179 W
Fri Sep 26 13:38:41 IDT 2025, 213 W
Fri Sep 26 13:38:41 IDT 2025, 165 W
Fri Sep 26 13:38:41 IDT 2025, 173 W
Fri Sep 26 13:38:41 IDT 2025, 209 W
Fri Sep 26 13:38:41 IDT 2025, 181 W
Fri Sep 26 13:38:41 IDT 2025, 161 W
Fri Sep 26 13:38:42 IDT 2025, 157 W
Fri Sep 26 13:38:42 IDT 2025, 161 W
Fri Sep 26 13:38:42 IDT 2025, 181 W
Fri Sep 26 13:38:42 IDT 2025, 152 W
Fri Sep 26 13:38:42 IDT 2025, 152 W
Fri Sep 26 13:38:42 IDT 2025, 188 W
Fri Sep 26 13:38:42 IDT 2025, 165 W
Fri Sep 26 13:38:42 IDT 2025, 142 W
Fri Sep 26 13:38:43 IDT 2025, 160 W
Fri Sep 26 13:38:43 IDT 2025, 169 W
Fri Sep 26 13:38:43 IDT 2025, 196 W
Fri Sep 26 13:38:43 IDT 2025, 157 W
Fri Sep 26 13:38:43 IDT 2025, 153 W
Fri Sep 26 13:38:43 IDT 2025, 188 W
Fri Sep 26 13:38:43 IDT 2025, 164 W
Fri Sep 26 13:38:43 IDT 2025, 147 W
Fri Sep 26 13:38:44 IDT 2025, 152 W
Fri Sep 26 13:38:44 IDT 2025, 163 W
Fri Sep 26 13:38:44 IDT 2025, 187 W
Fri Sep 26 13:38:44 IDT 2025, 148 W
Fri Sep 26 13:38:44 IDT 2025, 156 W
Fri Sep 26 13:38:44 IDT 2025, 185 W
Fri Sep 26 13:38:44 IDT 2025, 157 W
Fri Sep 26 13:38:44 IDT 2025, 147 W
Fri Sep 26 13:38:45 IDT 2025, 173 W
Fri Sep 26 13:38:45 IDT 2025, 172 W
Fri Sep 26 13:38:45 IDT 2025, 204 W
Fri Sep 26 13:38:45 IDT 2025, 166 W
Fri Sep 26 13:38:45 IDT 2025, 170 W
Fri Sep 26 13:38:45 IDT 2025, 204 W
Fri Sep 26 13:38:45 IDT 2025, 178 W
Fri Sep 26 13:38:45 IDT 2025, 166 W
Fri Sep 26 13:38:46 IDT 2025, 163 W
Fri Sep 26 13:38:46 IDT 2025, 169 W
Fri Sep 26 13:38:46 IDT 2025, 202 W
Fri Sep 26 13:38:46 IDT 2025, 160 W
Fri Sep 26 13:38:46 IDT 2025, 167 W
Fri Sep 26 13:38:46 IDT 2025, 200 W
Fri Sep 26 13:38:46 IDT 2025, 159 W
Fri Sep 26 13:38:46 IDT 2025, 148 W
Fri Sep 26 13:38:47 IDT 2025, 171 W
Fri Sep 26 13:38:47 IDT 2025, 163 W
Fri Sep 26 13:38:47 IDT 2025, 200 W
Fri Sep 26 13:38:47 IDT 2025, 162 W
Fri Sep 26 13:38:47 IDT 2025, 165 W
Fri Sep 26 13:38:47 IDT 2025, 196 W
Fri Sep 26 13:38:47 IDT 2025, 171 W
Fri Sep 26 13:38:47 IDT 2025, 155 W
Fri Sep 26 13:38:48 IDT 2025, 171 W
Fri Sep 26 13:38:48 IDT 2025, 162 W
Fri Sep 26 13:38:48 IDT 2025, 202 W
Fri Sep 26 13:38:48 IDT 2025, 158 W
Fri Sep 26 13:38:48 IDT 2025, 158 W
Fri Sep 26 13:38:48 IDT 2025, 200 W
Fri Sep 26 13:38:48 IDT 2025, 177 W
Fri Sep 26 13:38:48 IDT 2025, 157 W
Fri Sep 26 13:38:49 IDT 2025, 173 W
Fri Sep 26 13:38:49 IDT 2025, 164 W
Fri Sep 26 13:38:49 IDT 2025, 198 W
Fri Sep 26 13:38:49 IDT 2025, 159 W
Fri Sep 26 13:38:49 IDT 2025, 157 W
Fri Sep 26 13:38:49 IDT 2025, 193 W
Fri Sep 26 13:38:49 IDT 2025, 174 W
Fri Sep 26 13:38:49 IDT 2025, 151 W
Fri Sep 26 13:38:50 IDT 2025, 183 W
Fri Sep 26 13:38:50 IDT 2025, 180 W
Fri Sep 26 13:38:50 IDT 2025, 202 W
Fri Sep 26 13:38:50 IDT 2025, 167 W
Fri Sep 26 13:38:50 IDT 2025, 165 W
Fri Sep 26 13:38:50 IDT 2025, 197 W
Fri Sep 26 13:38:50 IDT 2025, 180 W
Fri Sep 26 13:38:50 IDT 2025, 155 W
Fri Sep 26 13:38:51 IDT 2025, 156 W
Fri Sep 26 13:38:51 IDT 2025, 163 W
Fri Sep 26 13:38:51 IDT 2025, 190 W
Fri Sep 26 13:38:51 IDT 2025, 153 W
Fri Sep 26 13:38:51 IDT 2025, 152 W
Fri Sep 26 13:38:51 IDT 2025, 185 W
Fri Sep 26 13:38:51 IDT 2025, 170 W
Fri Sep 26 13:38:51 IDT 2025, 146 W
Fri Sep 26 13:38:52 IDT 2025, 175 W
Fri Sep 26 13:38:52 IDT 2025, 175 W
Fri Sep 26 13:38:52 IDT 2025, 210 W
Fri Sep 26 13:38:52 IDT 2025, 165 W
Fri Sep 26 13:38:52 IDT 2025, 163 W
Fri Sep 26 13:38:52 IDT 2025, 201 W
Fri Sep 26 13:38:52 IDT 2025, 175 W
Fri Sep 26 13:38:52 IDT 2025, 162 W
Fri Sep 26 13:38:53 IDT 2025, 179 W
Fri Sep 26 13:38:53 IDT 2025, 175 W
Fri Sep 26 13:38:53 IDT 2025, 208 W
Fri Sep 26 13:38:53 IDT 2025, 167 W
Fri Sep 26 13:38:53 IDT 2025, 163 W
Fri Sep 26 13:38:53 IDT 2025, 199 W
Fri Sep 26 13:38:53 IDT 2025, 175 W
Fri Sep 26 13:38:53 IDT 2025, 160 W
Fri Sep 26 13:38:54 IDT 2025, 151 W
Fri Sep 26 13:38:54 IDT 2025, 153 W
Fri Sep 26 13:38:54 IDT 2025, 183 W
Fri Sep 26 13:38:54 IDT 2025, 154 W
Fri Sep 26 13:38:54 IDT 2025, 148 W
Fri Sep 26 13:38:54 IDT 2025, 182 W
Fri Sep 26 13:38:54 IDT 2025, 159 W
Fri Sep 26 13:38:54 IDT 2025, 143 W
Fri Sep 26 13:38:55 IDT 2025, 164 W
Fri Sep 26 13:38:55 IDT 2025, 167 W
Fri Sep 26 13:38:55 IDT 2025, 207 W
Fri Sep 26 13:38:55 IDT 2025, 162 W
Fri Sep 26 13:38:55 IDT 2025, 159 W
Fri Sep 26 13:38:55 IDT 2025, 197 W
Fri Sep 26 13:38:55 IDT 2025, 167 W
Fri Sep 26 13:38:55 IDT 2025, 146 W
Fri Sep 26 13:38:56 IDT 2025, 174 W
Fri Sep 26 13:38:56 IDT 2025, 176 W
Fri Sep 26 13:38:56 IDT 2025, 206 W
Fri Sep 26 13:38:56 IDT 2025, 172 W
Fri Sep 26 13:38:56 IDT 2025, 164 W
Fri Sep 26 13:38:56 IDT 2025, 201 W
Fri Sep 26 13:38:56 IDT 2025, 180 W
Fri Sep 26 13:38:56 IDT 2025, 163 W
Fri Sep 26 13:38:57 IDT 2025, 167 W
Fri Sep 26 13:38:57 IDT 2025, 168 W
Fri Sep 26 13:38:57 IDT 2025, 204 W
Fri Sep 26 13:38:57 IDT 2025, 160 W
Fri Sep 26 13:38:57 IDT 2025, 166 W
Fri Sep 26 13:38:57 IDT 2025, 200 W
Fri Sep 26 13:38:57 IDT 2025, 170 W
Fri Sep 26 13:38:57 IDT 2025, 149 W
Fri Sep 26 13:38:58 IDT 2025, 154 W
Fri Sep 26 13:38:58 IDT 2025, 143 W
Fri Sep 26 13:38:58 IDT 2025, 177 W
Fri Sep 26 13:38:58 IDT 2025, 149 W
Fri Sep 26 13:38:58 IDT 2025, 147 W
Fri Sep 26 13:38:58 IDT 2025, 180 W
Fri Sep 26 13:38:58 IDT 2025, 155 W
Fri Sep 26 13:38:58 IDT 2025, 136 W
Fri Sep 26 13:38:59 IDT 2025, 173 W
Fri Sep 26 13:38:59 IDT 2025, 172 W
Fri Sep 26 13:38:59 IDT 2025, 202 W
Fri Sep 26 13:38:59 IDT 2025, 166 W
Fri Sep 26 13:38:59 IDT 2025, 164 W
Fri Sep 26 13:38:59 IDT 2025, 208 W
Fri Sep 26 13:38:59 IDT 2025, 174 W
Fri Sep 26 13:38:59 IDT 2025, 160 W
Fri Sep 26 13:39:00 IDT 2025, 159 W
Fri Sep 26 13:39:00 IDT 2025, 165 W
Fri Sep 26 13:39:00 IDT 2025, 186 W
Fri Sep 26 13:39:00 IDT 2025, 156 W
Fri Sep 26 13:39:00 IDT 2025, 158 W
Fri Sep 26 13:39:00 IDT 2025, 190 W
Fri Sep 26 13:39:00 IDT 2025, 165 W
Fri Sep 26 13:39:00 IDT 2025, 147 W
Fri Sep 26 13:39:01 IDT 2025, 158 W
Fri Sep 26 13:39:01 IDT 2025, 158 W
Fri Sep 26 13:39:01 IDT 2025, 179 W
Fri Sep 26 13:39:01 IDT 2025, 141 W
Fri Sep 26 13:39:01 IDT 2025, 145 W
Fri Sep 26 13:39:01 IDT 2025, 180 W
Fri Sep 26 13:39:01 IDT 2025, 154 W
Fri Sep 26 13:39:01 IDT 2025, 134 W
Fri Sep 26 13:39:02 IDT 2025, 156 W
Fri Sep 26 13:39:02 IDT 2025, 160 W
Fri Sep 26 13:39:02 IDT 2025, 193 W
Fri Sep 26 13:39:02 IDT 2025, 155 W
Fri Sep 26 13:39:02 IDT 2025, 155 W
Fri Sep 26 13:39:02 IDT 2025, 195 W
Fri Sep 26 13:39:02 IDT 2025, 174 W
Fri Sep 26 13:39:02 IDT 2025, 145 W
Fri Sep 26 13:39:03 IDT 2025, 173 W
Fri Sep 26 13:39:03 IDT 2025, 173 W
Fri Sep 26 13:39:03 IDT 2025, 210 W
Fri Sep 26 13:39:03 IDT 2025, 164 W
Fri Sep 26 13:39:03 IDT 2025, 160 W
Fri Sep 26 13:39:03 IDT 2025, 197 W
Fri Sep 26 13:39:03 IDT 2025, 178 W
Fri Sep 26 13:39:03 IDT 2025, 158 W
Fri Sep 26 13:39:04 IDT 2025, 173 W
Fri Sep 26 13:39:04 IDT 2025, 174 W
Fri Sep 26 13:39:04 IDT 2025, 203 W
Fri Sep 26 13:39:04 IDT 2025, 166 W
Fri Sep 26 13:39:04 IDT 2025, 167 W
Fri Sep 26 13:39:04 IDT 2025, 196 W
Fri Sep 26 13:39:04 IDT 2025, 180 W
Fri Sep 26 13:39:04 IDT 2025, 160 W
Fri Sep 26 13:39:05 IDT 2025, 169 W
Fri Sep 26 13:39:05 IDT 2025, 168 W
Fri Sep 26 13:39:05 IDT 2025, 195 W
Fri Sep 26 13:39:05 IDT 2025, 152 W
Fri Sep 26 13:39:05 IDT 2025, 163 W
Fri Sep 26 13:39:05 IDT 2025, 192 W
Fri Sep 26 13:39:05 IDT 2025, 165 W
Fri Sep 26 13:39:05 IDT 2025, 156 W
Fri Sep 26 13:39:06 IDT 2025, 163 W
Fri Sep 26 13:39:06 IDT 2025, 156 W
Fri Sep 26 13:39:06 IDT 2025, 191 W
Fri Sep 26 13:39:06 IDT 2025, 161 W
Fri Sep 26 13:39:06 IDT 2025, 152 W
Fri Sep 26 13:39:06 IDT 2025, 188 W
Fri Sep 26 13:39:06 IDT 2025, 162 W
Fri Sep 26 13:39:06 IDT 2025, 136 W
Fri Sep 26 13:39:07 IDT 2025, 178 W
Fri Sep 26 13:39:07 IDT 2025, 172 W
Fri Sep 26 13:39:07 IDT 2025, 206 W
Fri Sep 26 13:39:07 IDT 2025, 167 W
Fri Sep 26 13:39:07 IDT 2025, 167 W
Fri Sep 26 13:39:07 IDT 2025, 210 W
Fri Sep 26 13:39:07 IDT 2025, 173 W
Fri Sep 26 13:39:07 IDT 2025, 159 W
Fri Sep 26 13:39:08 IDT 2025, 180 W
Fri Sep 26 13:39:08 IDT 2025, 180 W
Fri Sep 26 13:39:08 IDT 2025, 205 W
Fri Sep 26 13:39:08 IDT 2025, 169 W
Fri Sep 26 13:39:08 IDT 2025, 180 W
Fri Sep 26 13:39:08 IDT 2025, 199 W
Fri Sep 26 13:39:08 IDT 2025, 180 W
Fri Sep 26 13:39:08 IDT 2025, 157 W
Fri Sep 26 13:39:09 IDT 2025, 180 W
Fri Sep 26 13:39:09 IDT 2025, 178 W
Fri Sep 26 13:39:09 IDT 2025, 210 W
Fri Sep 26 13:39:09 IDT 2025, 160 W
Fri Sep 26 13:39:09 IDT 2025, 158 W
Fri Sep 26 13:39:09 IDT 2025, 201 W
Fri Sep 26 13:39:09 IDT 2025, 179 W
Fri Sep 26 13:39:09 IDT 2025, 161 W
Fri Sep 26 13:39:10 IDT 2025, 162 W
Fri Sep 26 13:39:10 IDT 2025, 164 W
Fri Sep 26 13:39:10 IDT 2025, 196 W
Fri Sep 26 13:39:10 IDT 2025, 149 W
Fri Sep 26 13:39:10 IDT 2025, 150 W
Fri Sep 26 13:39:10 IDT 2025, 198 W
Fri Sep 26 13:39:10 IDT 2025, 172 W
Fri Sep 26 13:39:10 IDT 2025, 153 W
Fri Sep 26 13:39:11 IDT 2025, 178 W
Fri Sep 26 13:39:11 IDT 2025, 168 W
Fri Sep 26 13:39:11 IDT 2025, 215 W
Fri Sep 26 13:39:11 IDT 2025, 172 W
Fri Sep 26 13:39:11 IDT 2025, 173 W
Fri Sep 26 13:39:11 IDT 2025, 197 W
Fri Sep 26 13:39:11 IDT 2025, 176 W
Fri Sep 26 13:39:11 IDT 2025, 157 W
Fri Sep 26 13:39:12 IDT 2025, 172 W
Fri Sep 26 13:39:12 IDT 2025, 177 W
Fri Sep 26 13:39:12 IDT 2025, 210 W
Fri Sep 26 13:39:12 IDT 2025, 168 W
Fri Sep 26 13:39:12 IDT 2025, 182 W
Fri Sep 26 13:39:12 IDT 2025, 210 W
Fri Sep 26 13:39:12 IDT 2025, 184 W
Fri Sep 26 13:39:12 IDT 2025, 156 W
Fri Sep 26 13:39:13 IDT 2025, 171 W
Fri Sep 26 13:39:13 IDT 2025, 176 W
Fri Sep 26 13:39:13 IDT 2025, 208 W
Fri Sep 26 13:39:13 IDT 2025, 159 W
Fri Sep 26 13:39:13 IDT 2025, 171 W
Fri Sep 26 13:39:13 IDT 2025, 204 W
Fri Sep 26 13:39:13 IDT 2025, 180 W
Fri Sep 26 13:39:13 IDT 2025, 156 W
Fri Sep 26 13:39:14 IDT 2025, 165 W
Fri Sep 26 13:39:14 IDT 2025, 181 W
Fri Sep 26 13:39:14 IDT 2025, 218 W
Fri Sep 26 13:39:14 IDT 2025, 176 W
Fri Sep 26 13:39:14 IDT 2025, 186 W
Fri Sep 26 13:39:14 IDT 2025, 217 W
Fri Sep 26 13:39:14 IDT 2025, 201 W
Fri Sep 26 13:39:14 IDT 2025, 175 W
Fri Sep 26 13:39:15 IDT 2025, 189 W
Fri Sep 26 13:39:15 IDT 2025, 188 W
Fri Sep 26 13:39:15 IDT 2025, 213 W
Fri Sep 26 13:39:15 IDT 2025, 169 W
Fri Sep 26 13:39:15 IDT 2025, 181 W
Fri Sep 26 13:39:15 IDT 2025, 204 W
Fri Sep 26 13:39:15 IDT 2025, 170 W
Fri Sep 26 13:39:15 IDT 2025, 167 W
Fri Sep 26 13:39:16 IDT 2025, 182 W
Fri Sep 26 13:39:16 IDT 2025, 191 W
Fri Sep 26 13:39:16 IDT 2025, 216 W
Fri Sep 26 13:39:16 IDT 2025, 175 W
Fri Sep 26 13:39:16 IDT 2025, 183 W
Fri Sep 26 13:39:16 IDT 2025, 208 W
Fri Sep 26 13:39:16 IDT 2025, 179 W
Fri Sep 26 13:39:16 IDT 2025, 162 W
Fri Sep 26 13:39:17 IDT 2025, 178 W
Fri Sep 26 13:39:17 IDT 2025, 175 W
Fri Sep 26 13:39:17 IDT 2025, 212 W
Fri Sep 26 13:39:17 IDT 2025, 169 W
Fri Sep 26 13:39:17 IDT 2025, 173 W
Fri Sep 26 13:39:17 IDT 2025, 207 W
Fri Sep 26 13:39:17 IDT 2025, 178 W
Fri Sep 26 13:39:17 IDT 2025, 163 W
Fri Sep 26 13:39:18 IDT 2025, 178 W
Fri Sep 26 13:39:18 IDT 2025, 168 W
Fri Sep 26 13:39:18 IDT 2025, 201 W
Fri Sep 26 13:39:18 IDT 2025, 170 W
Fri Sep 26 13:39:18 IDT 2025, 166 W
Fri Sep 26 13:39:18 IDT 2025, 202 W
Fri Sep 26 13:39:18 IDT 2025, 166 W
Fri Sep 26 13:39:18 IDT 2025, 157 W
Fri Sep 26 13:39:19 IDT 2025, 174 W
Fri Sep 26 13:39:19 IDT 2025, 173 W
Fri Sep 26 13:39:19 IDT 2025, 208 W
Fri Sep 26 13:39:19 IDT 2025, 170 W
Fri Sep 26 13:39:19 IDT 2025, 169 W
Fri Sep 26 13:39:19 IDT 2025, 198 W
Fri Sep 26 13:39:19 IDT 2025, 190 W
Fri Sep 26 13:39:19 IDT 2025, 163 W
Fri Sep 26 13:39:20 IDT 2025, 158 W
Fri Sep 26 13:39:20 IDT 2025, 162 W
Fri Sep 26 13:39:20 IDT 2025, 190 W
Fri Sep 26 13:39:20 IDT 2025, 162 W
Fri Sep 26 13:39:20 IDT 2025, 156 W
Fri Sep 26 13:39:20 IDT 2025, 191 W
Fri Sep 26 13:39:20 IDT 2025, 173 W
Fri Sep 26 13:39:20 IDT 2025, 157 W
Fri Sep 26 13:39:21 IDT 2025, 170 W
Fri Sep 26 13:39:21 IDT 2025, 170 W
Fri Sep 26 13:39:21 IDT 2025, 201 W
Fri Sep 26 13:39:21 IDT 2025, 161 W
Fri Sep 26 13:39:21 IDT 2025, 172 W
Fri Sep 26 13:39:21 IDT 2025, 207 W
Fri Sep 26 13:39:21 IDT 2025, 177 W
Fri Sep 26 13:39:21 IDT 2025, 163 W
Fri Sep 26 13:39:22 IDT 2025, 184 W
Fri Sep 26 13:39:22 IDT 2025, 177 W
Fri Sep 26 13:39:22 IDT 2025, 200 W
Fri Sep 26 13:39:22 IDT 2025, 160 W
Fri Sep 26 13:39:22 IDT 2025, 168 W
Fri Sep 26 13:39:22 IDT 2025, 200 W
Fri Sep 26 13:39:22 IDT 2025, 188 W
Fri Sep 26 13:39:22 IDT 2025, 159 W
Fri Sep 26 13:39:23 IDT 2025, 185 W
Fri Sep 26 13:39:23 IDT 2025, 169 W
Fri Sep 26 13:39:23 IDT 2025, 212 W
Fri Sep 26 13:39:23 IDT 2025, 176 W
Fri Sep 26 13:39:23 IDT 2025, 178 W
Fri Sep 26 13:39:23 IDT 2025, 210 W
Fri Sep 26 13:39:23 IDT 2025, 190 W
Fri Sep 26 13:39:23 IDT 2025, 163 W
Fri Sep 26 13:39:24 IDT 2025, 191 W
Fri Sep 26 13:39:24 IDT 2025, 198 W
Fri Sep 26 13:39:24 IDT 2025, 217 W
Fri Sep 26 13:39:24 IDT 2025, 187 W
Fri Sep 26 13:39:24 IDT 2025, 193 W
Fri Sep 26 13:39:24 IDT 2025, 211 W
Fri Sep 26 13:39:24 IDT 2025, 197 W
Fri Sep 26 13:39:24 IDT 2025, 174 W
Fri Sep 26 13:39:25 IDT 2025, 179 W
Fri Sep 26 13:39:25 IDT 2025, 193 W
Fri Sep 26 13:39:25 IDT 2025, 223 W
Fri Sep 26 13:39:25 IDT 2025, 178 W
Fri Sep 26 13:39:25 IDT 2025, 189 W
Fri Sep 26 13:39:25 IDT 2025, 222 W
Fri Sep 26 13:39:25 IDT 2025, 198 W
Fri Sep 26 13:39:25 IDT 2025, 178 W
Fri Sep 26 13:39:26 IDT 2025, 189 W
Fri Sep 26 13:39:26 IDT 2025, 165 W
Fri Sep 26 13:39:26 IDT 2025, 214 W
Fri Sep 26 13:39:26 IDT 2025, 175 W
Fri Sep 26 13:39:26 IDT 2025, 183 W
Fri Sep 26 13:39:26 IDT 2025, 204 W
Fri Sep 26 13:39:26 IDT 2025, 186 W
Fri Sep 26 13:39:26 IDT 2025, 169 W
Fri Sep 26 13:39:27 IDT 2025, 190 W
Fri Sep 26 13:39:27 IDT 2025, 170 W
Fri Sep 26 13:39:27 IDT 2025, 208 W
Fri Sep 26 13:39:27 IDT 2025, 176 W
Fri Sep 26 13:39:27 IDT 2025, 185 W
Fri Sep 26 13:39:27 IDT 2025, 207 W
Fri Sep 26 13:39:27 IDT 2025, 180 W
Fri Sep 26 13:39:27 IDT 2025, 163 W
Fri Sep 26 13:39:28 IDT 2025, 177 W
Fri Sep 26 13:39:28 IDT 2025, 189 W
Fri Sep 26 13:39:28 IDT 2025, 213 W
Fri Sep 26 13:39:28 IDT 2025, 173 W
Fri Sep 26 13:39:28 IDT 2025, 182 W
Fri Sep 26 13:39:28 IDT 2025, 210 W
Fri Sep 26 13:39:28 IDT 2025, 184 W
Fri Sep 26 13:39:28 IDT 2025, 168 W
Fri Sep 26 13:39:29 IDT 2025, 188 W
Fri Sep 26 13:39:29 IDT 2025, 180 W
Fri Sep 26 13:39:29 IDT 2025, 219 W
Fri Sep 26 13:39:29 IDT 2025, 166 W
Fri Sep 26 13:39:29 IDT 2025, 187 W
Fri Sep 26 13:39:29 IDT 2025, 217 W
Fri Sep 26 13:39:29 IDT 2025, 186 W
Fri Sep 26 13:39:29 IDT 2025, 171 W
Fri Sep 26 13:39:30 IDT 2025, 182 W
Fri Sep 26 13:39:30 IDT 2025, 173 W
Fri Sep 26 13:39:30 IDT 2025, 208 W
Fri Sep 26 13:39:30 IDT 2025, 161 W
Fri Sep 26 13:39:30 IDT 2025, 176 W
Fri Sep 26 13:39:30 IDT 2025, 198 W
Fri Sep 26 13:39:30 IDT 2025, 186 W
Fri Sep 26 13:39:30 IDT 2025, 157 W
Fri Sep 26 13:39:31 IDT 2025, 174 W
Fri Sep 26 13:39:31 IDT 2025, 177 W
Fri Sep 26 13:39:31 IDT 2025, 205 W
Fri Sep 26 13:39:31 IDT 2025, 160 W
Fri Sep 26 13:39:31 IDT 2025, 177 W
Fri Sep 26 13:39:31 IDT 2025, 197 W
Fri Sep 26 13:39:31 IDT 2025, 174 W
Fri Sep 26 13:39:31 IDT 2025, 155 W
Fri Sep 26 13:39:32 IDT 2025, 183 W
Fri Sep 26 13:39:32 IDT 2025, 192 W
Fri Sep 26 13:39:32 IDT 2025, 212 W
Fri Sep 26 13:39:32 IDT 2025, 173 W
Fri Sep 26 13:39:32 IDT 2025, 181 W
Fri Sep 26 13:39:32 IDT 2025, 207 W
Fri Sep 26 13:39:32 IDT 2025, 178 W
Fri Sep 26 13:39:32 IDT 2025, 178 W
Fri Sep 26 13:39:33 IDT 2025, 178 W
Fri Sep 26 13:39:33 IDT 2025, 187 W
Fri Sep 26 13:39:33 IDT 2025, 221 W
Fri Sep 26 13:39:33 IDT 2025, 176 W
Fri Sep 26 13:39:33 IDT 2025, 196 W
Fri Sep 26 13:39:33 IDT 2025, 214 W
Fri Sep 26 13:39:33 IDT 2025, 187 W
Fri Sep 26 13:39:33 IDT 2025, 169 W
Fri Sep 26 13:39:34 IDT 2025, 178 W
Fri Sep 26 13:39:34 IDT 2025, 186 W
Fri Sep 26 13:39:34 IDT 2025, 204 W
Fri Sep 26 13:39:34 IDT 2025, 178 W
Fri Sep 26 13:39:34 IDT 2025, 177 W
Fri Sep 26 13:39:34 IDT 2025, 197 W
Fri Sep 26 13:39:34 IDT 2025, 176 W
Fri Sep 26 13:39:34 IDT 2025, 162 W
Fri Sep 26 13:39:35 IDT 2025, 185 W
Fri Sep 26 13:39:35 IDT 2025, 186 W
Fri Sep 26 13:39:35 IDT 2025, 220 W
Fri Sep 26 13:39:35 IDT 2025, 177 W
Fri Sep 26 13:39:35 IDT 2025, 186 W
Fri Sep 26 13:39:35 IDT 2025, 212 W
Fri Sep 26 13:39:35 IDT 2025, 177 W
Fri Sep 26 13:39:35 IDT 2025, 172 W
Fri Sep 26 13:39:36 IDT 2025, 170 W
Fri Sep 26 13:39:36 IDT 2025, 174 W
Fri Sep 26 13:39:36 IDT 2025, 210 W
Fri Sep 26 13:39:36 IDT 2025, 170 W
Fri Sep 26 13:39:36 IDT 2025, 181 W
Fri Sep 26 13:39:36 IDT 2025, 210 W
Fri Sep 26 13:39:36 IDT 2025, 176 W
Fri Sep 26 13:39:36 IDT 2025, 158 W
Fri Sep 26 13:39:37 IDT 2025, 177 W
Fri Sep 26 13:39:37 IDT 2025, 180 W
Fri Sep 26 13:39:37 IDT 2025, 210 W
Fri Sep 26 13:39:37 IDT 2025, 173 W
Fri Sep 26 13:39:37 IDT 2025, 183 W
Fri Sep 26 13:39:37 IDT 2025, 211 W
Fri Sep 26 13:39:37 IDT 2025, 182 W
Fri Sep 26 13:39:37 IDT 2025, 168 W
Fri Sep 26 13:39:38 IDT 2025, 180 W
Fri Sep 26 13:39:38 IDT 2025, 180 W
Fri Sep 26 13:39:38 IDT 2025, 199 W
Fri Sep 26 13:39:38 IDT 2025, 157 W
Fri Sep 26 13:39:38 IDT 2025, 176 W
Fri Sep 26 13:39:38 IDT 2025, 201 W
Fri Sep 26 13:39:38 IDT 2025, 177 W
Fri Sep 26 13:39:38 IDT 2025, 162 W
Fri Sep 26 13:39:39 IDT 2025, 174 W
Fri Sep 26 13:39:39 IDT 2025, 163 W
Fri Sep 26 13:39:39 IDT 2025, 203 W
Fri Sep 26 13:39:39 IDT 2025, 167 W
Fri Sep 26 13:39:39 IDT 2025, 170 W
Fri Sep 26 13:39:39 IDT 2025, 204 W
Fri Sep 26 13:39:39 IDT 2025, 175 W
Fri Sep 26 13:39:39 IDT 2025, 164 W
Fri Sep 26 13:39:40 IDT 2025, 178 W
Fri Sep 26 13:39:40 IDT 2025, 171 W
Fri Sep 26 13:39:40 IDT 2025, 214 W
Fri Sep 26 13:39:40 IDT 2025, 173 W
Fri Sep 26 13:39:40 IDT 2025, 177 W
Fri Sep 26 13:39:40 IDT 2025, 211 W
Fri Sep 26 13:39:40 IDT 2025, 184 W
Fri Sep 26 13:39:40 IDT 2025, 166 W
Fri Sep 26 13:39:41 IDT 2025, 198 W
Fri Sep 26 13:39:41 IDT 2025, 199 W
Fri Sep 26 13:39:41 IDT 2025, 206 W
Fri Sep 26 13:39:41 IDT 2025, 186 W
Fri Sep 26 13:39:41 IDT 2025, 198 W
Fri Sep 26 13:39:41 IDT 2025, 229 W
Fri Sep 26 13:39:41 IDT 2025, 200 W
Fri Sep 26 13:39:41 IDT 2025, 175 W
Fri Sep 26 13:39:42 IDT 2025, 178 W
Fri Sep 26 13:39:42 IDT 2025, 179 W
Fri Sep 26 13:39:42 IDT 2025, 221 W
Fri Sep 26 13:39:42 IDT 2025, 171 W
Fri Sep 26 13:39:42 IDT 2025, 185 W
Fri Sep 26 13:39:42 IDT 2025, 211 W
Fri Sep 26 13:39:42 IDT 2025, 175 W
Fri Sep 26 13:39:42 IDT 2025, 163 W
Fri Sep 26 13:39:43 IDT 2025, 187 W
Fri Sep 26 13:39:43 IDT 2025, 178 W
Fri Sep 26 13:39:43 IDT 2025, 210 W
Fri Sep 26 13:39:43 IDT 2025, 170 W
Fri Sep 26 13:39:43 IDT 2025, 172 W
Fri Sep 26 13:39:43 IDT 2025, 201 W
Fri Sep 26 13:39:43 IDT 2025, 176 W
Fri Sep 26 13:39:43 IDT 2025, 161 W
Fri Sep 26 13:39:44 IDT 2025, 163 W
Fri Sep 26 13:39:44 IDT 2025, 159 W
Fri Sep 26 13:39:44 IDT 2025, 194 W
Fri Sep 26 13:39:44 IDT 2025, 161 W
Fri Sep 26 13:39:44 IDT 2025, 168 W
Fri Sep 26 13:39:44 IDT 2025, 204 W
Fri Sep 26 13:39:44 IDT 2025, 165 W
Fri Sep 26 13:39:44 IDT 2025, 149 W
Fri Sep 26 13:39:45 IDT 2025, 189 W
Fri Sep 26 13:39:45 IDT 2025, 170 W
Fri Sep 26 13:39:45 IDT 2025, 218 W
Fri Sep 26 13:39:45 IDT 2025, 175 W
Fri Sep 26 13:39:45 IDT 2025, 186 W
Fri Sep 26 13:39:45 IDT 2025, 207 W
Fri Sep 26 13:39:45 IDT 2025, 190 W
Fri Sep 26 13:39:45 IDT 2025, 174 W
Fri Sep 26 13:39:46 IDT 2025, 180 W
Fri Sep 26 13:39:46 IDT 2025, 184 W
Fri Sep 26 13:39:46 IDT 2025, 215 W
Fri Sep 26 13:39:46 IDT 2025, 180 W
Fri Sep 26 13:39:46 IDT 2025, 179 W
Fri Sep 26 13:39:46 IDT 2025, 204 W
Fri Sep 26 13:39:46 IDT 2025, 189 W
Fri Sep 26 13:39:46 IDT 2025, 165 W
Fri Sep 26 13:39:47 IDT 2025, 184 W
Fri Sep 26 13:39:47 IDT 2025, 188 W
Fri Sep 26 13:39:47 IDT 2025, 209 W
Fri Sep 26 13:39:47 IDT 2025, 180 W
Fri Sep 26 13:39:47 IDT 2025, 183 W
Fri Sep 26 13:39:47 IDT 2025, 219 W
Fri Sep 26 13:39:47 IDT 2025, 186 W
Fri Sep 26 13:39:47 IDT 2025, 169 W
Fri Sep 26 13:39:48 IDT 2025, 167 W
Fri Sep 26 13:39:48 IDT 2025, 164 W
Fri Sep 26 13:39:48 IDT 2025, 195 W
Fri Sep 26 13:39:48 IDT 2025, 160 W
Fri Sep 26 13:39:48 IDT 2025, 166 W
Fri Sep 26 13:39:48 IDT 2025, 194 W
Fri Sep 26 13:39:48 IDT 2025, 176 W
Fri Sep 26 13:39:48 IDT 2025, 161 W
Fri Sep 26 13:39:49 IDT 2025, 182 W
Fri Sep 26 13:39:49 IDT 2025, 178 W
Fri Sep 26 13:39:49 IDT 2025, 215 W
Fri Sep 26 13:39:49 IDT 2025, 174 W
Fri Sep 26 13:39:49 IDT 2025, 179 W
Fri Sep 26 13:39:49 IDT 2025, 201 W
Fri Sep 26 13:39:49 IDT 2025, 185 W
Fri Sep 26 13:39:49 IDT 2025, 160 W
Fri Sep 26 13:39:50 IDT 2025, 185 W
Fri Sep 26 13:39:50 IDT 2025, 176 W
Fri Sep 26 13:39:50 IDT 2025, 215 W
Fri Sep 26 13:39:50 IDT 2025, 179 W
Fri Sep 26 13:39:50 IDT 2025, 191 W
Fri Sep 26 13:39:50 IDT 2025, 213 W
Fri Sep 26 13:39:50 IDT 2025, 202 W
Fri Sep 26 13:39:50 IDT 2025, 169 W
Fri Sep 26 13:39:51 IDT 2025, 178 W
Fri Sep 26 13:39:51 IDT 2025, 182 W
Fri Sep 26 13:39:51 IDT 2025, 214 W
Fri Sep 26 13:39:51 IDT 2025, 178 W
Fri Sep 26 13:39:51 IDT 2025, 185 W
Fri Sep 26 13:39:51 IDT 2025, 214 W
Fri Sep 26 13:39:51 IDT 2025, 189 W
Fri Sep 26 13:39:51 IDT 2025, 165 W
Fri Sep 26 13:39:52 IDT 2025, 183 W
Fri Sep 26 13:39:52 IDT 2025, 176 W
Fri Sep 26 13:39:52 IDT 2025, 217 W
Fri Sep 26 13:39:52 IDT 2025, 173 W
Fri Sep 26 13:39:52 IDT 2025, 192 W
Fri Sep 26 13:39:52 IDT 2025, 215 W
Fri Sep 26 13:39:52 IDT 2025, 194 W
Fri Sep 26 13:39:52 IDT 2025, 163 W
Fri Sep 26 13:39:53 IDT 2025, 171 W
Fri Sep 26 13:39:53 IDT 2025, 180 W
Fri Sep 26 13:39:53 IDT 2025, 207 W
Fri Sep 26 13:39:53 IDT 2025, 176 W
Fri Sep 26 13:39:53 IDT 2025, 185 W
Fri Sep 26 13:39:53 IDT 2025, 208 W
Fri Sep 26 13:39:53 IDT 2025, 181 W
Fri Sep 26 13:39:53 IDT 2025, 171 W
Fri Sep 26 13:39:54 IDT 2025, 174 W
Fri Sep 26 13:39:54 IDT 2025, 183 W
Fri Sep 26 13:39:54 IDT 2025, 210 W
Fri Sep 26 13:39:54 IDT 2025, 168 W
Fri Sep 26 13:39:54 IDT 2025, 174 W
Fri Sep 26 13:39:54 IDT 2025, 201 W
Fri Sep 26 13:39:54 IDT 2025, 188 W
Fri Sep 26 13:39:54 IDT 2025, 154 W
Fri Sep 26 13:39:55 IDT 2025, 176 W
Fri Sep 26 13:39:55 IDT 2025, 169 W
Fri Sep 26 13:39:55 IDT 2025, 206 W
Fri Sep 26 13:39:55 IDT 2025, 173 W
Fri Sep 26 13:39:55 IDT 2025, 178 W
Fri Sep 26 13:39:55 IDT 2025, 213 W
Fri Sep 26 13:39:55 IDT 2025, 191 W
Fri Sep 26 13:39:55 IDT 2025, 169 W
Fri Sep 26 13:39:56 IDT 2025, 187 W
Fri Sep 26 13:39:56 IDT 2025, 174 W
Fri Sep 26 13:39:56 IDT 2025, 212 W
Fri Sep 26 13:39:56 IDT 2025, 168 W
Fri Sep 26 13:39:56 IDT 2025, 177 W
Fri Sep 26 13:39:56 IDT 2025, 207 W
Fri Sep 26 13:39:56 IDT 2025, 184 W
Fri Sep 26 13:39:56 IDT 2025, 164 W
Fri Sep 26 13:39:57 IDT 2025, 171 W
Fri Sep 26 13:39:57 IDT 2025, 170 W
Fri Sep 26 13:39:57 IDT 2025, 198 W
Fri Sep 26 13:39:57 IDT 2025, 163 W
Fri Sep 26 13:39:57 IDT 2025, 167 W
Fri Sep 26 13:39:57 IDT 2025, 187 W
Fri Sep 26 13:39:57 IDT 2025, 171 W
Fri Sep 26 13:39:57 IDT 2025, 147 W
Fri Sep 26 13:39:58 IDT 2025, 180 W
Fri Sep 26 13:39:58 IDT 2025, 184 W
Fri Sep 26 13:39:58 IDT 2025, 208 W
Fri Sep 26 13:39:58 IDT 2025, 178 W
Fri Sep 26 13:39:58 IDT 2025, 179 W
Fri Sep 26 13:39:58 IDT 2025, 208 W
Fri Sep 26 13:39:58 IDT 2025, 187 W
Fri Sep 26 13:39:58 IDT 2025, 171 W
Fri Sep 26 13:39:59 IDT 2025, 180 W
Fri Sep 26 13:39:59 IDT 2025, 180 W
Fri Sep 26 13:39:59 IDT 2025, 201 W
Fri Sep 26 13:39:59 IDT 2025, 167 W
Fri Sep 26 13:39:59 IDT 2025, 174 W
Fri Sep 26 13:39:59 IDT 2025, 202 W
Fri Sep 26 13:39:59 IDT 2025, 175 W
Fri Sep 26 13:39:59 IDT 2025, 160 W
Fri Sep 26 13:40:00 IDT 2025, 169 W
Fri Sep 26 13:40:00 IDT 2025, 172 W
Fri Sep 26 13:40:00 IDT 2025, 200 W
Fri Sep 26 13:40:00 IDT 2025, 166 W
Fri Sep 26 13:40:00 IDT 2025, 174 W
Fri Sep 26 13:40:00 IDT 2025, 197 W
Fri Sep 26 13:40:00 IDT 2025, 178 W
Fri Sep 26 13:40:00 IDT 2025, 157 W
Fri Sep 26 13:40:01 IDT 2025, 177 W
Fri Sep 26 13:40:01 IDT 2025, 179 W
Fri Sep 26 13:40:01 IDT 2025, 201 W
Fri Sep 26 13:40:01 IDT 2025, 167 W
Fri Sep 26 13:40:01 IDT 2025, 180 W
Fri Sep 26 13:40:01 IDT 2025, 198 W
Fri Sep 26 13:40:01 IDT 2025, 173 W
Fri Sep 26 13:40:01 IDT 2025, 165 W
Fri Sep 26 13:40:02 IDT 2025, 163 W
Fri Sep 26 13:40:02 IDT 2025, 169 W
Fri Sep 26 13:40:02 IDT 2025, 193 W
Fri Sep 26 13:40:02 IDT 2025, 160 W
Fri Sep 26 13:40:02 IDT 2025, 169 W
Fri Sep 26 13:40:02 IDT 2025, 199 W
Fri Sep 26 13:40:02 IDT 2025, 169 W
Fri Sep 26 13:40:02 IDT 2025, 160 W
Fri Sep 26 13:40:03 IDT 2025, 168 W
Fri Sep 26 13:40:03 IDT 2025, 178 W
Fri Sep 26 13:40:03 IDT 2025, 205 W
Fri Sep 26 13:40:03 IDT 2025, 165 W
Fri Sep 26 13:40:03 IDT 2025, 179 W
Fri Sep 26 13:40:03 IDT 2025, 207 W
Fri Sep 26 13:40:03 IDT 2025, 180 W
Fri Sep 26 13:40:03 IDT 2025, 160 W
Fri Sep 26 13:40:04 IDT 2025, 168 W
Fri Sep 26 13:40:04 IDT 2025, 163 W
Fri Sep 26 13:40:04 IDT 2025, 191 W
Fri Sep 26 13:40:04 IDT 2025, 154 W
Fri Sep 26 13:40:04 IDT 2025, 161 W
Fri Sep 26 13:40:04 IDT 2025, 197 W
Fri Sep 26 13:40:04 IDT 2025, 175 W
Fri Sep 26 13:40:04 IDT 2025, 149 W
Fri Sep 26 13:40:05 IDT 2025, 176 W
Fri Sep 26 13:40:05 IDT 2025, 188 W
Fri Sep 26 13:40:05 IDT 2025, 217 W
Fri Sep 26 13:40:05 IDT 2025, 175 W
Fri Sep 26 13:40:05 IDT 2025, 189 W
Fri Sep 26 13:40:05 IDT 2025, 214 W
Fri Sep 26 13:40:05 IDT 2025, 186 W
Fri Sep 26 13:40:05 IDT 2025, 172 W
Fri Sep 26 13:40:06 IDT 2025, 154 W
Fri Sep 26 13:40:06 IDT 2025, 168 W
Fri Sep 26 13:40:06 IDT 2025, 193 W
Fri Sep 26 13:40:06 IDT 2025, 163 W
Fri Sep 26 13:40:06 IDT 2025, 159 W
Fri Sep 26 13:40:06 IDT 2025, 184 W
Fri Sep 26 13:40:06 IDT 2025, 164 W
Fri Sep 26 13:40:06 IDT 2025, 146 W
Fri Sep 26 13:40:07 IDT 2025, 177 W
Fri Sep 26 13:40:07 IDT 2025, 182 W
Fri Sep 26 13:40:07 IDT 2025, 217 W
Fri Sep 26 13:40:07 IDT 2025, 177 W
Fri Sep 26 13:40:07 IDT 2025, 192 W
Fri Sep 26 13:40:07 IDT 2025, 213 W
Fri Sep 26 13:40:07 IDT 2025, 182 W
Fri Sep 26 13:40:07 IDT 2025, 170 W
Fri Sep 26 13:40:08 IDT 2025, 171 W
Fri Sep 26 13:40:08 IDT 2025, 157 W
Fri Sep 26 13:40:08 IDT 2025, 197 W
Fri Sep 26 13:40:08 IDT 2025, 151 W
Fri Sep 26 13:40:08 IDT 2025, 164 W
Fri Sep 26 13:40:08 IDT 2025, 189 W
Fri Sep 26 13:40:08 IDT 2025, 163 W
Fri Sep 26 13:40:08 IDT 2025, 154 W
Fri Sep 26 13:40:09 IDT 2025, 167 W
Fri Sep 26 13:40:09 IDT 2025, 169 W
Fri Sep 26 13:40:09 IDT 2025, 204 W
Fri Sep 26 13:40:09 IDT 2025, 163 W
Fri Sep 26 13:40:09 IDT 2025, 170 W
Fri Sep 26 13:40:09 IDT 2025, 195 W
Fri Sep 26 13:40:09 IDT 2025, 164 W
Fri Sep 26 13:40:09 IDT 2025, 153 W
Fri Sep 26 13:40:10 IDT 2025, 169 W
Fri Sep 26 13:40:10 IDT 2025, 167 W
Fri Sep 26 13:40:10 IDT 2025, 197 W
Fri Sep 26 13:40:10 IDT 2025, 164 W
Fri Sep 26 13:40:10 IDT 2025, 163 W
Fri Sep 26 13:40:10 IDT 2025, 203 W
Fri Sep 26 13:40:10 IDT 2025, 172 W
Fri Sep 26 13:40:10 IDT 2025, 150 W
Fri Sep 26 13:40:11 IDT 2025, 162 W
Fri Sep 26 13:40:11 IDT 2025, 175 W
Fri Sep 26 13:40:11 IDT 2025, 205 W
Fri Sep 26 13:40:11 IDT 2025, 161 W
Fri Sep 26 13:40:11 IDT 2025, 164 W
Fri Sep 26 13:40:11 IDT 2025, 204 W
Fri Sep 26 13:40:11 IDT 2025, 161 W
Fri Sep 26 13:40:11 IDT 2025, 162 W
Fri Sep 26 13:40:12 IDT 2025, 161 W
Fri Sep 26 13:40:12 IDT 2025, 166 W
Fri Sep 26 13:40:12 IDT 2025, 196 W
Fri Sep 26 13:40:12 IDT 2025, 162 W
Fri Sep 26 13:40:12 IDT 2025, 168 W
Fri Sep 26 13:40:12 IDT 2025, 201 W
Fri Sep 26 13:40:12 IDT 2025, 169 W
Fri Sep 26 13:40:12 IDT 2025, 152 W
Fri Sep 26 13:40:13 IDT 2025, 162 W
Fri Sep 26 13:40:13 IDT 2025, 157 W
Fri Sep 26 13:40:13 IDT 2025, 197 W
Fri Sep 26 13:40:13 IDT 2025, 151 W
Fri Sep 26 13:40:13 IDT 2025, 152 W
Fri Sep 26 13:40:13 IDT 2025, 183 W
Fri Sep 26 13:40:13 IDT 2025, 165 W
Fri Sep 26 13:40:13 IDT 2025, 140 W
Fri Sep 26 13:40:14 IDT 2025, 167 W
Fri Sep 26 13:40:14 IDT 2025, 172 W
Fri Sep 26 13:40:14 IDT 2025, 201 W
Fri Sep 26 13:40:14 IDT 2025, 166 W
Fri Sep 26 13:40:14 IDT 2025, 172 W
Fri Sep 26 13:40:14 IDT 2025, 200 W
Fri Sep 26 13:40:14 IDT 2025, 170 W
Fri Sep 26 13:40:14 IDT 2025, 161 W
Fri Sep 26 13:40:15 IDT 2025, 182 W
Fri Sep 26 13:40:15 IDT 2025, 189 W
Fri Sep 26 13:40:15 IDT 2025, 216 W
Fri Sep 26 13:40:15 IDT 2025, 183 W
Fri Sep 26 13:40:15 IDT 2025, 186 W
Fri Sep 26 13:40:15 IDT 2025, 213 W
Fri Sep 26 13:40:15 IDT 2025, 185 W
Fri Sep 26 13:40:15 IDT 2025, 168 W
Fri Sep 26 13:40:16 IDT 2025, 153 W
Fri Sep 26 13:40:16 IDT 2025, 162 W
Fri Sep 26 13:40:16 IDT 2025, 189 W
Fri Sep 26 13:40:16 IDT 2025, 152 W
Fri Sep 26 13:40:16 IDT 2025, 155 W
Fri Sep 26 13:40:16 IDT 2025, 185 W
Fri Sep 26 13:40:16 IDT 2025, 163 W
Fri Sep 26 13:40:16 IDT 2025, 149 W
Fri Sep 26 13:40:17 IDT 2025, 170 W
Fri Sep 26 13:40:17 IDT 2025, 174 W
Fri Sep 26 13:40:17 IDT 2025, 206 W
Fri Sep 26 13:40:17 IDT 2025, 163 W
Fri Sep 26 13:40:17 IDT 2025, 167 W
Fri Sep 26 13:40:17 IDT 2025, 213 W
Fri Sep 26 13:40:17 IDT 2025, 181 W
Fri Sep 26 13:40:17 IDT 2025, 163 W
Fri Sep 26 13:40:18 IDT 2025, 175 W
Fri Sep 26 13:40:18 IDT 2025, 181 W
Fri Sep 26 13:40:18 IDT 2025, 204 W
Fri Sep 26 13:40:18 IDT 2025, 171 W
Fri Sep 26 13:40:18 IDT 2025, 179 W
Fri Sep 26 13:40:18 IDT 2025, 203 W
Fri Sep 26 13:40:18 IDT 2025, 183 W
Fri Sep 26 13:40:18 IDT 2025, 164 W
Fri Sep 26 13:40:19 IDT 2025, 181 W
Fri Sep 26 13:40:19 IDT 2025, 184 W
Fri Sep 26 13:40:19 IDT 2025, 213 W
Fri Sep 26 13:40:19 IDT 2025, 172 W
Fri Sep 26 13:40:19 IDT 2025, 177 W
Fri Sep 26 13:40:19 IDT 2025, 211 W
Fri Sep 26 13:40:19 IDT 2025, 194 W
Fri Sep 26 13:40:19 IDT 2025, 162 W
Fri Sep 26 13:40:20 IDT 2025, 170 W
Fri Sep 26 13:40:20 IDT 2025, 182 W
Fri Sep 26 13:40:20 IDT 2025, 216 W
Fri Sep 26 13:40:20 IDT 2025, 176 W
Fri Sep 26 13:40:20 IDT 2025, 188 W
Fri Sep 26 13:40:20 IDT 2025, 206 W
Fri Sep 26 13:40:20 IDT 2025, 189 W
Fri Sep 26 13:40:20 IDT 2025, 170 W
Fri Sep 26 13:40:21 IDT 2025, 173 W
Fri Sep 26 13:40:21 IDT 2025, 185 W
Fri Sep 26 13:40:21 IDT 2025, 211 W
Fri Sep 26 13:40:21 IDT 2025, 174 W
Fri Sep 26 13:40:21 IDT 2025, 188 W
Fri Sep 26 13:40:21 IDT 2025, 205 W
Fri Sep 26 13:40:21 IDT 2025, 184 W
Fri Sep 26 13:40:21 IDT 2025, 170 W
Fri Sep 26 13:40:22 IDT 2025, 170 W
Fri Sep 26 13:40:22 IDT 2025, 176 W
Fri Sep 26 13:40:22 IDT 2025, 208 W
Fri Sep 26 13:40:22 IDT 2025, 172 W
Fri Sep 26 13:40:22 IDT 2025, 182 W
Fri Sep 26 13:40:22 IDT 2025, 204 W
Fri Sep 26 13:40:22 IDT 2025, 182 W
Fri Sep 26 13:40:22 IDT 2025, 170 W
Fri Sep 26 13:40:23 IDT 2025, 182 W
Fri Sep 26 13:40:23 IDT 2025, 183 W
Fri Sep 26 13:40:23 IDT 2025, 209 W
Fri Sep 26 13:40:23 IDT 2025, 176 W
Fri Sep 26 13:40:23 IDT 2025, 184 W
Fri Sep 26 13:40:23 IDT 2025, 211 W
Fri Sep 26 13:40:23 IDT 2025, 179 W
Fri Sep 26 13:40:23 IDT 2025, 178 W
Fri Sep 26 13:40:24 IDT 2025, 179 W
Fri Sep 26 13:40:24 IDT 2025, 179 W
Fri Sep 26 13:40:24 IDT 2025, 217 W
Fri Sep 26 13:40:24 IDT 2025, 171 W
Fri Sep 26 13:40:24 IDT 2025, 182 W
Fri Sep 26 13:40:24 IDT 2025, 209 W
Fri Sep 26 13:40:24 IDT 2025, 187 W
Fri Sep 26 13:40:24 IDT 2025, 169 W
Fri Sep 26 13:40:25 IDT 2025, 183 W
Fri Sep 26 13:40:25 IDT 2025, 173 W
Fri Sep 26 13:40:25 IDT 2025, 214 W
Fri Sep 26 13:40:25 IDT 2025, 168 W
Fri Sep 26 13:40:25 IDT 2025, 175 W
Fri Sep 26 13:40:25 IDT 2025, 206 W
Fri Sep 26 13:40:25 IDT 2025, 185 W
Fri Sep 26 13:40:25 IDT 2025, 165 W
Fri Sep 26 13:40:26 IDT 2025, 192 W
Fri Sep 26 13:40:26 IDT 2025, 186 W
Fri Sep 26 13:40:26 IDT 2025, 214 W
Fri Sep 26 13:40:26 IDT 2025, 174 W
Fri Sep 26 13:40:26 IDT 2025, 180 W
Fri Sep 26 13:40:26 IDT 2025, 215 W
Fri Sep 26 13:40:26 IDT 2025, 187 W
Fri Sep 26 13:40:26 IDT 2025, 171 W
Fri Sep 26 13:40:27 IDT 2025, 164 W
Fri Sep 26 13:40:27 IDT 2025, 165 W
Fri Sep 26 13:40:27 IDT 2025, 194 W
Fri Sep 26 13:40:27 IDT 2025, 169 W
Fri Sep 26 13:40:27 IDT 2025, 163 W
Fri Sep 26 13:40:27 IDT 2025, 200 W
Fri Sep 26 13:40:27 IDT 2025, 168 W
Fri Sep 26 13:40:27 IDT 2025, 156 W
Fri Sep 26 13:40:28 IDT 2025, 177 W
Fri Sep 26 13:40:28 IDT 2025, 156 W
Fri Sep 26 13:40:28 IDT 2025, 204 W
Fri Sep 26 13:40:28 IDT 2025, 149 W
Fri Sep 26 13:40:28 IDT 2025, 175 W
Fri Sep 26 13:40:28 IDT 2025, 196 W
Fri Sep 26 13:40:28 IDT 2025, 170 W
Fri Sep 26 13:40:28 IDT 2025, 148 W
Fri Sep 26 13:40:29 IDT 2025, 160 W
Fri Sep 26 13:40:29 IDT 2025, 173 W
Fri Sep 26 13:40:29 IDT 2025, 187 W
Fri Sep 26 13:40:29 IDT 2025, 150 W
Fri Sep 26 13:40:29 IDT 2025, 162 W
Fri Sep 26 13:40:29 IDT 2025, 197 W
Fri Sep 26 13:40:29 IDT 2025, 156 W
Fri Sep 26 13:40:29 IDT 2025, 143 W
Fri Sep 26 13:40:30 IDT 2025, 171 W
Fri Sep 26 13:40:30 IDT 2025, 161 W
Fri Sep 26 13:40:30 IDT 2025, 191 W
Fri Sep 26 13:40:30 IDT 2025, 161 W
Fri Sep 26 13:40:30 IDT 2025, 164 W
Fri Sep 26 13:40:30 IDT 2025, 192 W
Fri Sep 26 13:40:30 IDT 2025, 171 W
Fri Sep 26 13:40:30 IDT 2025, 151 W
Fri Sep 26 13:40:31 IDT 2025, 180 W
Fri Sep 26 13:40:31 IDT 2025, 185 W
Fri Sep 26 13:40:31 IDT 2025, 203 W
Fri Sep 26 13:40:31 IDT 2025, 174 W
Fri Sep 26 13:40:31 IDT 2025, 172 W
Fri Sep 26 13:40:31 IDT 2025, 200 W
Fri Sep 26 13:40:31 IDT 2025, 181 W
Fri Sep 26 13:40:31 IDT 2025, 170 W
Fri Sep 26 13:40:32 IDT 2025, 177 W
Fri Sep 26 13:40:32 IDT 2025, 182 W
Fri Sep 26 13:40:32 IDT 2025, 216 W
Fri Sep 26 13:40:32 IDT 2025, 166 W
Fri Sep 26 13:40:32 IDT 2025, 177 W
Fri Sep 26 13:40:32 IDT 2025, 198 W
Fri Sep 26 13:40:32 IDT 2025, 175 W
Fri Sep 26 13:40:32 IDT 2025, 163 W
Fri Sep 26 13:40:33 IDT 2025, 175 W
Fri Sep 26 13:40:33 IDT 2025, 179 W
Fri Sep 26 13:40:33 IDT 2025, 201 W
Fri Sep 26 13:40:33 IDT 2025, 161 W
Fri Sep 26 13:40:33 IDT 2025, 168 W
Fri Sep 26 13:40:33 IDT 2025, 203 W
Fri Sep 26 13:40:33 IDT 2025, 172 W
Fri Sep 26 13:40:33 IDT 2025, 160 W
Fri Sep 26 13:40:34 IDT 2025, 177 W
Fri Sep 26 13:40:34 IDT 2025, 178 W
Fri Sep 26 13:40:34 IDT 2025, 203 W
Fri Sep 26 13:40:34 IDT 2025, 169 W
Fri Sep 26 13:40:34 IDT 2025, 175 W
Fri Sep 26 13:40:34 IDT 2025, 205 W
Fri Sep 26 13:40:34 IDT 2025, 176 W
Fri Sep 26 13:40:34 IDT 2025, 158 W
Fri Sep 26 13:40:35 IDT 2025, 181 W
Fri Sep 26 13:40:35 IDT 2025, 162 W
Fri Sep 26 13:40:35 IDT 2025, 210 W
Fri Sep 26 13:40:35 IDT 2025, 174 W
Fri Sep 26 13:40:35 IDT 2025, 174 W
Fri Sep 26 13:40:35 IDT 2025, 210 W
Fri Sep 26 13:40:35 IDT 2025, 181 W
Fri Sep 26 13:40:35 IDT 2025, 158 W
Fri Sep 26 13:40:36 IDT 2025, 164 W
Fri Sep 26 13:40:36 IDT 2025, 156 W
Fri Sep 26 13:40:36 IDT 2025, 187 W
Fri Sep 26 13:40:36 IDT 2025, 151 W
Fri Sep 26 13:40:36 IDT 2025, 152 W
Fri Sep 26 13:40:36 IDT 2025, 188 W
Fri Sep 26 13:40:36 IDT 2025, 162 W
Fri Sep 26 13:40:36 IDT 2025, 144 W
Fri Sep 26 13:40:37 IDT 2025, 176 W
Fri Sep 26 13:40:37 IDT 2025, 175 W
Fri Sep 26 13:40:37 IDT 2025, 204 W
Fri Sep 26 13:40:37 IDT 2025, 169 W
Fri Sep 26 13:40:37 IDT 2025, 174 W
Fri Sep 26 13:40:37 IDT 2025, 204 W
Fri Sep 26 13:40:37 IDT 2025, 177 W
Fri Sep 26 13:40:37 IDT 2025, 153 W
Fri Sep 26 13:40:38 IDT 2025, 153 W
Fri Sep 26 13:40:38 IDT 2025, 166 W
Fri Sep 26 13:40:38 IDT 2025, 193 W
Fri Sep 26 13:40:38 IDT 2025, 159 W
Fri Sep 26 13:40:38 IDT 2025, 157 W
Fri Sep 26 13:40:38 IDT 2025, 196 W
Fri Sep 26 13:40:38 IDT 2025, 166 W
Fri Sep 26 13:40:38 IDT 2025, 148 W
Fri Sep 26 13:40:39 IDT 2025, 155 W
Fri Sep 26 13:40:39 IDT 2025, 164 W
Fri Sep 26 13:40:39 IDT 2025, 182 W
Fri Sep 26 13:40:39 IDT 2025, 160 W
Fri Sep 26 13:40:39 IDT 2025, 153 W
Fri Sep 26 13:40:39 IDT 2025, 192 W
Fri Sep 26 13:40:39 IDT 2025, 163 W
Fri Sep 26 13:40:39 IDT 2025, 147 W
Fri Sep 26 13:40:40 IDT 2025, 167 W
Fri Sep 26 13:40:40 IDT 2025, 167 W
Fri Sep 26 13:40:40 IDT 2025, 195 W
Fri Sep 26 13:40:40 IDT 2025, 158 W
Fri Sep 26 13:40:40 IDT 2025, 161 W
Fri Sep 26 13:40:40 IDT 2025, 196 W
Fri Sep 26 13:40:40 IDT 2025, 171 W
Fri Sep 26 13:40:40 IDT 2025, 151 W
Fri Sep 26 13:40:41 IDT 2025, 174 W
Fri Sep 26 13:40:41 IDT 2025, 177 W
Fri Sep 26 13:40:41 IDT 2025, 206 W
Fri Sep 26 13:40:41 IDT 2025, 170 W
Fri Sep 26 13:40:41 IDT 2025, 161 W
Fri Sep 26 13:40:41 IDT 2025, 198 W
Fri Sep 26 13:40:41 IDT 2025, 160 W
Fri Sep 26 13:40:41 IDT 2025, 160 W
Fri Sep 26 13:40:42 IDT 2025, 179 W
Fri Sep 26 13:40:42 IDT 2025, 168 W
Fri Sep 26 13:40:42 IDT 2025, 198 W
Fri Sep 26 13:40:42 IDT 2025, 172 W
Fri Sep 26 13:40:42 IDT 2025, 161 W
Fri Sep 26 13:40:42 IDT 2025, 200 W
Fri Sep 26 13:40:42 IDT 2025, 178 W
Fri Sep 26 13:40:42 IDT 2025, 159 W
Fri Sep 26 13:40:43 IDT 2025, 169 W
Fri Sep 26 13:40:43 IDT 2025, 171 W
Fri Sep 26 13:40:43 IDT 2025, 202 W
Fri Sep 26 13:40:43 IDT 2025, 167 W
Fri Sep 26 13:40:43 IDT 2025, 160 W
Fri Sep 26 13:40:43 IDT 2025, 195 W
Fri Sep 26 13:40:43 IDT 2025, 169 W
Fri Sep 26 13:40:43 IDT 2025, 160 W
Fri Sep 26 13:40:44 IDT 2025, 178 W
Fri Sep 26 13:40:44 IDT 2025, 181 W
Fri Sep 26 13:40:44 IDT 2025, 207 W
Fri Sep 26 13:40:44 IDT 2025, 167 W
Fri Sep 26 13:40:44 IDT 2025, 182 W
Fri Sep 26 13:40:44 IDT 2025, 210 W
Fri Sep 26 13:40:44 IDT 2025, 182 W
Fri Sep 26 13:40:44 IDT 2025, 166 W
Fri Sep 26 13:40:45 IDT 2025, 174 W
Fri Sep 26 13:40:45 IDT 2025, 167 W
Fri Sep 26 13:40:45 IDT 2025, 198 W
Fri Sep 26 13:40:45 IDT 2025, 160 W
Fri Sep 26 13:40:45 IDT 2025, 166 W
Fri Sep 26 13:40:45 IDT 2025, 201 W
Fri Sep 26 13:40:45 IDT 2025, 178 W
Fri Sep 26 13:40:45 IDT 2025, 153 W
Fri Sep 26 13:40:46 IDT 2025, 177 W
Fri Sep 26 13:40:46 IDT 2025, 173 W
Fri Sep 26 13:40:46 IDT 2025, 202 W
Fri Sep 26 13:40:46 IDT 2025, 162 W
Fri Sep 26 13:40:46 IDT 2025, 166 W
Fri Sep 26 13:40:46 IDT 2025, 198 W
Fri Sep 26 13:40:46 IDT 2025, 175 W
Fri Sep 26 13:40:46 IDT 2025, 163 W
Fri Sep 26 13:40:47 IDT 2025, 162 W
Fri Sep 26 13:40:47 IDT 2025, 161 W
Fri Sep 26 13:40:47 IDT 2025, 194 W
Fri Sep 26 13:40:47 IDT 2025, 147 W
Fri Sep 26 13:40:47 IDT 2025, 150 W
Fri Sep 26 13:40:47 IDT 2025, 187 W
Fri Sep 26 13:40:47 IDT 2025, 163 W
Fri Sep 26 13:40:47 IDT 2025, 142 W
Fri Sep 26 13:40:48 IDT 2025, 158 W
Fri Sep 26 13:40:48 IDT 2025, 171 W
Fri Sep 26 13:40:48 IDT 2025, 200 W
Fri Sep 26 13:40:48 IDT 2025, 155 W
Fri Sep 26 13:40:48 IDT 2025, 154 W
Fri Sep 26 13:40:48 IDT 2025, 201 W
Fri Sep 26 13:40:48 IDT 2025, 168 W
Fri Sep 26 13:40:48 IDT 2025, 146 W
Fri Sep 26 13:40:49 IDT 2025, 158 W
Fri Sep 26 13:40:49 IDT 2025, 157 W
Fri Sep 26 13:40:49 IDT 2025, 204 W
Fri Sep 26 13:40:49 IDT 2025, 160 W
Fri Sep 26 13:40:49 IDT 2025, 160 W
Fri Sep 26 13:40:49 IDT 2025, 189 W
Fri Sep 26 13:40:49 IDT 2025, 170 W
Fri Sep 26 13:40:49 IDT 2025, 151 W
Fri Sep 26 13:40:50 IDT 2025, 178 W
Fri Sep 26 13:40:50 IDT 2025, 181 W
Fri Sep 26 13:40:50 IDT 2025, 210 W
Fri Sep 26 13:40:50 IDT 2025, 172 W
Fri Sep 26 13:40:50 IDT 2025, 178 W
Fri Sep 26 13:40:50 IDT 2025, 210 W
Fri Sep 26 13:40:50 IDT 2025, 193 W
Fri Sep 26 13:40:50 IDT 2025, 170 W
Fri Sep 26 13:40:51 IDT 2025, 180 W
Fri Sep 26 13:40:51 IDT 2025, 178 W
Fri Sep 26 13:40:51 IDT 2025, 215 W
Fri Sep 26 13:40:51 IDT 2025, 166 W
Fri Sep 26 13:40:51 IDT 2025, 175 W
Fri Sep 26 13:40:51 IDT 2025, 199 W
Fri Sep 26 13:40:51 IDT 2025, 189 W
Fri Sep 26 13:40:51 IDT 2025, 165 W
Fri Sep 26 13:40:52 IDT 2025, 179 W
Fri Sep 26 13:40:52 IDT 2025, 178 W
Fri Sep 26 13:40:52 IDT 2025, 221 W
Fri Sep 26 13:40:52 IDT 2025, 174 W
Fri Sep 26 13:40:52 IDT 2025, 179 W
Fri Sep 26 13:40:52 IDT 2025, 204 W
Fri Sep 26 13:40:52 IDT 2025, 185 W
Fri Sep 26 13:40:52 IDT 2025, 172 W
Fri Sep 26 13:40:53 IDT 2025, 165 W
Fri Sep 26 13:40:53 IDT 2025, 156 W
Fri Sep 26 13:40:53 IDT 2025, 188 W
Fri Sep 26 13:40:53 IDT 2025, 157 W
Fri Sep 26 13:40:53 IDT 2025, 149 W
Fri Sep 26 13:40:53 IDT 2025, 181 W
Fri Sep 26 13:40:53 IDT 2025, 154 W
Fri Sep 26 13:40:53 IDT 2025, 157 W
Fri Sep 26 13:40:54 IDT 2025, 178 W
Fri Sep 26 13:40:54 IDT 2025, 184 W
Fri Sep 26 13:40:54 IDT 2025, 212 W
Fri Sep 26 13:40:54 IDT 2025, 171 W
Fri Sep 26 13:40:54 IDT 2025, 170 W
Fri Sep 26 13:40:54 IDT 2025, 202 W
Fri Sep 26 13:40:54 IDT 2025, 180 W
Fri Sep 26 13:40:54 IDT 2025, 167 W
Fri Sep 26 13:40:55 IDT 2025, 163 W
Fri Sep 26 13:40:55 IDT 2025, 167 W
Fri Sep 26 13:40:55 IDT 2025, 199 W
Fri Sep 26 13:40:55 IDT 2025, 166 W
Fri Sep 26 13:40:55 IDT 2025, 164 W
Fri Sep 26 13:40:55 IDT 2025, 186 W
Fri Sep 26 13:40:55 IDT 2025, 172 W
Fri Sep 26 13:40:55 IDT 2025, 155 W
Fri Sep 26 13:40:56 IDT 2025, 174 W
Fri Sep 26 13:40:56 IDT 2025, 166 W
Fri Sep 26 13:40:56 IDT 2025, 195 W
Fri Sep 26 13:40:56 IDT 2025, 164 W
Fri Sep 26 13:40:56 IDT 2025, 154 W
Fri Sep 26 13:40:56 IDT 2025, 190 W
Fri Sep 26 13:40:56 IDT 2025, 169 W
Fri Sep 26 13:40:56 IDT 2025, 154 W
Fri Sep 26 13:40:57 IDT 2025, 176 W
Fri Sep 26 13:40:57 IDT 2025, 173 W
Fri Sep 26 13:40:57 IDT 2025, 206 W
Fri Sep 26 13:40:57 IDT 2025, 174 W
Fri Sep 26 13:40:57 IDT 2025, 174 W
Fri Sep 26 13:40:57 IDT 2025, 209 W
Fri Sep 26 13:40:57 IDT 2025, 179 W
Fri Sep 26 13:40:57 IDT 2025, 170 W
Fri Sep 26 13:40:58 IDT 2025, 172 W
Fri Sep 26 13:40:58 IDT 2025, 174 W
Fri Sep 26 13:40:58 IDT 2025, 219 W
Fri Sep 26 13:40:58 IDT 2025, 171 W
Fri Sep 26 13:40:58 IDT 2025, 176 W
Fri Sep 26 13:40:58 IDT 2025, 207 W
Fri Sep 26 13:40:58 IDT 2025, 181 W
Fri Sep 26 13:40:58 IDT 2025, 168 W
Fri Sep 26 13:40:59 IDT 2025, 163 W
Fri Sep 26 13:40:59 IDT 2025, 164 W
Fri Sep 26 13:40:59 IDT 2025, 203 W
Fri Sep 26 13:40:59 IDT 2025, 163 W
Fri Sep 26 13:40:59 IDT 2025, 158 W
Fri Sep 26 13:40:59 IDT 2025, 201 W
Fri Sep 26 13:40:59 IDT 2025, 178 W
Fri Sep 26 13:40:59 IDT 2025, 153 W
Fri Sep 26 13:41:00 IDT 2025, 166 W
Fri Sep 26 13:41:00 IDT 2025, 176 W
Fri Sep 26 13:41:00 IDT 2025, 203 W
Fri Sep 26 13:41:00 IDT 2025, 163 W
Fri Sep 26 13:41:00 IDT 2025, 170 W
Fri Sep 26 13:41:00 IDT 2025, 208 W
Fri Sep 26 13:41:00 IDT 2025, 187 W
Fri Sep 26 13:41:00 IDT 2025, 164 W
Fri Sep 26 13:41:01 IDT 2025, 155 W
Fri Sep 26 13:41:01 IDT 2025, 147 W
Fri Sep 26 13:41:01 IDT 2025, 193 W
Fri Sep 26 13:41:01 IDT 2025, 150 W
Fri Sep 26 13:41:01 IDT 2025, 161 W
Fri Sep 26 13:41:01 IDT 2025, 189 W
Fri Sep 26 13:41:01 IDT 2025, 158 W
Fri Sep 26 13:41:01 IDT 2025, 146 W
Fri Sep 26 13:41:02 IDT 2025, 165 W
Fri Sep 26 13:41:02 IDT 2025, 169 W
Fri Sep 26 13:41:02 IDT 2025, 210 W
Fri Sep 26 13:41:02 IDT 2025, 166 W
Fri Sep 26 13:41:02 IDT 2025, 167 W
Fri Sep 26 13:41:02 IDT 2025, 203 W
Fri Sep 26 13:41:02 IDT 2025, 181 W
Fri Sep 26 13:41:02 IDT 2025, 161 W
Fri Sep 26 13:41:03 IDT 2025, 182 W
Fri Sep 26 13:41:03 IDT 2025, 175 W
Fri Sep 26 13:41:03 IDT 2025, 211 W
Fri Sep 26 13:41:03 IDT 2025, 175 W
Fri Sep 26 13:41:03 IDT 2025, 177 W
Fri Sep 26 13:41:03 IDT 2025, 207 W
Fri Sep 26 13:41:03 IDT 2025, 187 W
Fri Sep 26 13:41:03 IDT 2025, 162 W
Fri Sep 26 13:41:04 IDT 2025, 182 W
Fri Sep 26 13:41:04 IDT 2025, 184 W
Fri Sep 26 13:41:04 IDT 2025, 210 W
Fri Sep 26 13:41:04 IDT 2025, 163 W
Fri Sep 26 13:41:04 IDT 2025, 167 W
Fri Sep 26 13:41:04 IDT 2025, 202 W
Fri Sep 26 13:41:04 IDT 2025, 174 W
Fri Sep 26 13:41:04 IDT 2025, 166 W
Fri Sep 26 13:41:05 IDT 2025, 172 W
Fri Sep 26 13:41:05 IDT 2025, 165 W
Fri Sep 26 13:41:05 IDT 2025, 200 W
Fri Sep 26 13:41:05 IDT 2025, 158 W
Fri Sep 26 13:41:05 IDT 2025, 171 W
Fri Sep 26 13:41:05 IDT 2025, 204 W
Fri Sep 26 13:41:05 IDT 2025, 172 W
Fri Sep 26 13:41:05 IDT 2025, 147 W
Fri Sep 26 13:41:06 IDT 2025, 166 W
Fri Sep 26 13:41:06 IDT 2025, 149 W
Fri Sep 26 13:41:06 IDT 2025, 197 W
Fri Sep 26 13:41:06 IDT 2025, 163 W
Fri Sep 26 13:41:06 IDT 2025, 156 W
Fri Sep 26 13:41:06 IDT 2025, 195 W
Fri Sep 26 13:41:06 IDT 2025, 179 W
Fri Sep 26 13:41:06 IDT 2025, 149 W
Fri Sep 26 13:41:07 IDT 2025, 162 W
Fri Sep 26 13:41:07 IDT 2025, 173 W
Fri Sep 26 13:41:07 IDT 2025, 193 W
Fri Sep 26 13:41:07 IDT 2025, 156 W
Fri Sep 26 13:41:07 IDT 2025, 157 W
Fri Sep 26 13:41:07 IDT 2025, 187 W
Fri Sep 26 13:41:07 IDT 2025, 180 W
Fri Sep 26 13:41:07 IDT 2025, 149 W
Fri Sep 26 13:41:08 IDT 2025, 146 W
Fri Sep 26 13:41:08 IDT 2025, 156 W
Fri Sep 26 13:41:08 IDT 2025, 181 W
Fri Sep 26 13:41:08 IDT 2025, 146 W
Fri Sep 26 13:41:08 IDT 2025, 155 W
Fri Sep 26 13:41:08 IDT 2025, 188 W
Fri Sep 26 13:41:08 IDT 2025, 165 W
Fri Sep 26 13:41:08 IDT 2025, 137 W
Fri Sep 26 13:41:09 IDT 2025, 170 W
Fri Sep 26 13:41:09 IDT 2025, 182 W
Fri Sep 26 13:41:09 IDT 2025, 204 W
Fri Sep 26 13:41:09 IDT 2025, 163 W
Fri Sep 26 13:41:09 IDT 2025, 174 W
Fri Sep 26 13:41:09 IDT 2025, 202 W
Fri Sep 26 13:41:09 IDT 2025, 177 W
Fri Sep 26 13:41:09 IDT 2025, 158 W
Fri Sep 26 13:41:10 IDT 2025, 159 W
Fri Sep 26 13:41:10 IDT 2025, 158 W
Fri Sep 26 13:41:10 IDT 2025, 192 W
Fri Sep 26 13:41:10 IDT 2025, 151 W
Fri Sep 26 13:41:10 IDT 2025, 166 W
Fri Sep 26 13:41:10 IDT 2025, 194 W
Fri Sep 26 13:41:10 IDT 2025, 173 W
Fri Sep 26 13:41:10 IDT 2025, 149 W
Fri Sep 26 13:41:11 IDT 2025, 159 W
Fri Sep 26 13:41:11 IDT 2025, 166 W
Fri Sep 26 13:41:11 IDT 2025, 198 W
Fri Sep 26 13:41:11 IDT 2025, 159 W
Fri Sep 26 13:41:11 IDT 2025, 150 W
Fri Sep 26 13:41:11 IDT 2025, 184 W
Fri Sep 26 13:41:11 IDT 2025, 171 W
Fri Sep 26 13:41:11 IDT 2025, 147 W
Fri Sep 26 13:41:12 IDT 2025, 171 W
Fri Sep 26 13:41:12 IDT 2025, 179 W
Fri Sep 26 13:41:12 IDT 2025, 211 W
Fri Sep 26 13:41:12 IDT 2025, 166 W
Fri Sep 26 13:41:12 IDT 2025, 169 W
Fri Sep 26 13:41:12 IDT 2025, 211 W
Fri Sep 26 13:41:12 IDT 2025, 194 W
Fri Sep 26 13:41:12 IDT 2025, 170 W
Fri Sep 26 13:41:13 IDT 2025, 171 W
Fri Sep 26 13:41:13 IDT 2025, 171 W
Fri Sep 26 13:41:13 IDT 2025, 205 W
Fri Sep 26 13:41:13 IDT 2025, 154 W
Fri Sep 26 13:41:13 IDT 2025, 175 W
Fri Sep 26 13:41:13 IDT 2025, 205 W
Fri Sep 26 13:41:13 IDT 2025, 179 W
Fri Sep 26 13:41:13 IDT 2025, 166 W
Fri Sep 26 13:41:14 IDT 2025, 171 W
Fri Sep 26 13:41:14 IDT 2025, 172 W
Fri Sep 26 13:41:14 IDT 2025, 194 W
Fri Sep 26 13:41:14 IDT 2025, 166 W
Fri Sep 26 13:41:14 IDT 2025, 163 W
Fri Sep 26 13:41:14 IDT 2025, 198 W
Fri Sep 26 13:41:14 IDT 2025, 173 W
Fri Sep 26 13:41:14 IDT 2025, 158 W
Fri Sep 26 13:41:15 IDT 2025, 173 W
Fri Sep 26 13:41:15 IDT 2025, 189 W
Fri Sep 26 13:41:15 IDT 2025, 210 W
Fri Sep 26 13:41:15 IDT 2025, 178 W
Fri Sep 26 13:41:15 IDT 2025, 176 W
Fri Sep 26 13:41:15 IDT 2025, 213 W
Fri Sep 26 13:41:15 IDT 2025, 184 W
Fri Sep 26 13:41:15 IDT 2025, 167 W
Fri Sep 26 13:41:16 IDT 2025, 178 W
Fri Sep 26 13:41:16 IDT 2025, 182 W
Fri Sep 26 13:41:16 IDT 2025, 210 W
Fri Sep 26 13:41:16 IDT 2025, 180 W
Fri Sep 26 13:41:16 IDT 2025, 192 W
Fri Sep 26 13:41:16 IDT 2025, 208 W
Fri Sep 26 13:41:16 IDT 2025, 189 W
Fri Sep 26 13:41:16 IDT 2025, 172 W
Fri Sep 26 13:41:17 IDT 2025, 169 W
Fri Sep 26 13:41:17 IDT 2025, 157 W
Fri Sep 26 13:41:17 IDT 2025, 186 W
Fri Sep 26 13:41:17 IDT 2025, 149 W
Fri Sep 26 13:41:17 IDT 2025, 156 W
Fri Sep 26 13:41:17 IDT 2025, 187 W
Fri Sep 26 13:41:17 IDT 2025, 170 W
Fri Sep 26 13:41:17 IDT 2025, 150 W
Fri Sep 26 13:41:18 IDT 2025, 154 W
Fri Sep 26 13:41:18 IDT 2025, 163 W
Fri Sep 26 13:41:18 IDT 2025, 187 W
Fri Sep 26 13:41:18 IDT 2025, 149 W
Fri Sep 26 13:41:18 IDT 2025, 156 W
Fri Sep 26 13:41:18 IDT 2025, 184 W
Fri Sep 26 13:41:18 IDT 2025, 151 W
Fri Sep 26 13:41:18 IDT 2025, 143 W
Fri Sep 26 13:41:19 IDT 2025, 175 W
Fri Sep 26 13:41:19 IDT 2025, 167 W
Fri Sep 26 13:41:19 IDT 2025, 196 W
Fri Sep 26 13:41:19 IDT 2025, 167 W
Fri Sep 26 13:41:19 IDT 2025, 160 W
Fri Sep 26 13:41:19 IDT 2025, 192 W
Fri Sep 26 13:41:19 IDT 2025, 165 W
Fri Sep 26 13:41:19 IDT 2025, 151 W
Fri Sep 26 13:41:20 IDT 2025, 169 W
Fri Sep 26 13:41:20 IDT 2025, 166 W
Fri Sep 26 13:41:20 IDT 2025, 199 W
Fri Sep 26 13:41:20 IDT 2025, 169 W
Fri Sep 26 13:41:20 IDT 2025, 163 W
Fri Sep 26 13:41:20 IDT 2025, 201 W
Fri Sep 26 13:41:20 IDT 2025, 173 W
Fri Sep 26 13:41:20 IDT 2025, 150 W
Fri Sep 26 13:41:21 IDT 2025, 183 W
Fri Sep 26 13:41:21 IDT 2025, 181 W
Fri Sep 26 13:41:21 IDT 2025, 209 W
Fri Sep 26 13:41:21 IDT 2025, 168 W
Fri Sep 26 13:41:21 IDT 2025, 182 W
Fri Sep 26 13:41:21 IDT 2025, 207 W
Fri Sep 26 13:41:21 IDT 2025, 178 W
Fri Sep 26 13:41:21 IDT 2025, 151 W
Fri Sep 26 13:41:22 IDT 2025, 167 W
Fri Sep 26 13:41:22 IDT 2025, 165 W
Fri Sep 26 13:41:22 IDT 2025, 210 W
Fri Sep 26 13:41:22 IDT 2025, 154 W
Fri Sep 26 13:41:22 IDT 2025, 177 W
Fri Sep 26 13:41:22 IDT 2025, 193 W
Fri Sep 26 13:41:22 IDT 2025, 171 W
Fri Sep 26 13:41:22 IDT 2025, 148 W
Fri Sep 26 13:41:23 IDT 2025, 158 W
Fri Sep 26 13:41:23 IDT 2025, 179 W
Fri Sep 26 13:41:23 IDT 2025, 203 W
Fri Sep 26 13:41:23 IDT 2025, 162 W
Fri Sep 26 13:41:23 IDT 2025, 172 W
Fri Sep 26 13:41:23 IDT 2025, 204 W
Fri Sep 26 13:41:23 IDT 2025, 172 W
Fri Sep 26 13:41:23 IDT 2025, 161 W
Fri Sep 26 13:41:24 IDT 2025, 184 W
Fri Sep 26 13:41:24 IDT 2025, 176 W
Fri Sep 26 13:41:24 IDT 2025, 208 W
Fri Sep 26 13:41:24 IDT 2025, 180 W
Fri Sep 26 13:41:24 IDT 2025, 172 W
Fri Sep 26 13:41:24 IDT 2025, 205 W
Fri Sep 26 13:41:24 IDT 2025, 185 W
Fri Sep 26 13:41:24 IDT 2025, 155 W
Fri Sep 26 13:41:25 IDT 2025, 183 W
Fri Sep 26 13:41:25 IDT 2025, 183 W
Fri Sep 26 13:41:25 IDT 2025, 206 W
Fri Sep 26 13:41:25 IDT 2025, 176 W
Fri Sep 26 13:41:25 IDT 2025, 182 W
Fri Sep 26 13:41:25 IDT 2025, 201 W
Fri Sep 26 13:41:25 IDT 2025, 179 W
Fri Sep 26 13:41:25 IDT 2025, 163 W
Fri Sep 26 13:41:26 IDT 2025, 173 W
Fri Sep 26 13:41:26 IDT 2025, 164 W
Fri Sep 26 13:41:26 IDT 2025, 200 W
Fri Sep 26 13:41:26 IDT 2025, 158 W
Fri Sep 26 13:41:26 IDT 2025, 167 W
Fri Sep 26 13:41:26 IDT 2025, 197 W
Fri Sep 26 13:41:26 IDT 2025, 173 W
Fri Sep 26 13:41:26 IDT 2025, 148 W
Fri Sep 26 13:41:27 IDT 2025, 186 W
Fri Sep 26 13:41:27 IDT 2025, 177 W
Fri Sep 26 13:41:27 IDT 2025, 210 W
Fri Sep 26 13:41:27 IDT 2025, 173 W
Fri Sep 26 13:41:27 IDT 2025, 187 W
Fri Sep 26 13:41:27 IDT 2025, 202 W
Fri Sep 26 13:41:27 IDT 2025, 193 W
Fri Sep 26 13:41:27 IDT 2025, 155 W
Fri Sep 26 13:41:28 IDT 2025, 178 W
Fri Sep 26 13:41:28 IDT 2025, 182 W
Fri Sep 26 13:41:28 IDT 2025, 207 W
Fri Sep 26 13:41:28 IDT 2025, 178 W
Fri Sep 26 13:41:28 IDT 2025, 171 W
Fri Sep 26 13:41:28 IDT 2025, 201 W
Fri Sep 26 13:41:28 IDT 2025, 179 W
Fri Sep 26 13:41:28 IDT 2025, 165 W
Fri Sep 26 13:41:29 IDT 2025, 182 W
Fri Sep 26 13:41:29 IDT 2025, 181 W
Fri Sep 26 13:41:29 IDT 2025, 204 W
Fri Sep 26 13:41:29 IDT 2025, 163 W
Fri Sep 26 13:41:29 IDT 2025, 172 W
Fri Sep 26 13:41:29 IDT 2025, 198 W
Fri Sep 26 13:41:29 IDT 2025, 180 W
Fri Sep 26 13:41:29 IDT 2025, 160 W
Fri Sep 26 13:41:30 IDT 2025, 168 W
Fri Sep 26 13:41:30 IDT 2025, 180 W
Fri Sep 26 13:41:30 IDT 2025, 208 W
Fri Sep 26 13:41:30 IDT 2025, 162 W
Fri Sep 26 13:41:30 IDT 2025, 167 W
Fri Sep 26 13:41:30 IDT 2025, 203 W
Fri Sep 26 13:41:30 IDT 2025, 173 W
Fri Sep 26 13:41:30 IDT 2025, 154 W
Fri Sep 26 13:41:31 IDT 2025, 175 W
Fri Sep 26 13:41:31 IDT 2025, 166 W
Fri Sep 26 13:41:31 IDT 2025, 202 W
Fri Sep 26 13:41:31 IDT 2025, 166 W
Fri Sep 26 13:41:31 IDT 2025, 166 W
Fri Sep 26 13:41:31 IDT 2025, 189 W
Fri Sep 26 13:41:31 IDT 2025, 168 W
Fri Sep 26 13:41:31 IDT 2025, 143 W
Fri Sep 26 13:41:32 IDT 2025, 174 W
Fri Sep 26 13:41:32 IDT 2025, 171 W
Fri Sep 26 13:41:32 IDT 2025, 205 W
Fri Sep 26 13:41:32 IDT 2025, 168 W
Fri Sep 26 13:41:32 IDT 2025, 177 W
Fri Sep 26 13:41:32 IDT 2025, 197 W
Fri Sep 26 13:41:32 IDT 2025, 173 W
Fri Sep 26 13:41:32 IDT 2025, 159 W
Fri Sep 26 13:41:33 IDT 2025, 168 W
Fri Sep 26 13:41:33 IDT 2025, 174 W
Fri Sep 26 13:41:33 IDT 2025, 202 W
Fri Sep 26 13:41:33 IDT 2025, 165 W
Fri Sep 26 13:41:33 IDT 2025, 162 W
Fri Sep 26 13:41:33 IDT 2025, 208 W
Fri Sep 26 13:41:33 IDT 2025, 177 W
Fri Sep 26 13:41:33 IDT 2025, 154 W
Fri Sep 26 13:41:34 IDT 2025, 182 W
Fri Sep 26 13:41:34 IDT 2025, 182 W
Fri Sep 26 13:41:34 IDT 2025, 213 W
Fri Sep 26 13:41:34 IDT 2025, 173 W
Fri Sep 26 13:41:34 IDT 2025, 177 W
Fri Sep 26 13:41:34 IDT 2025, 211 W
Fri Sep 26 13:41:34 IDT 2025, 186 W
Fri Sep 26 13:41:34 IDT 2025, 170 W
Fri Sep 26 13:41:35 IDT 2025, 179 W
Fri Sep 26 13:41:35 IDT 2025, 179 W
Fri Sep 26 13:41:35 IDT 2025, 210 W
Fri Sep 26 13:41:35 IDT 2025, 170 W
Fri Sep 26 13:41:35 IDT 2025, 176 W
Fri Sep 26 13:41:35 IDT 2025, 216 W
Fri Sep 26 13:41:35 IDT 2025, 183 W
Fri Sep 26 13:41:35 IDT 2025, 166 W
Fri Sep 26 13:41:36 IDT 2025, 165 W
Fri Sep 26 13:41:36 IDT 2025, 176 W
Fri Sep 26 13:41:36 IDT 2025, 208 W
Fri Sep 26 13:41:36 IDT 2025, 158 W
Fri Sep 26 13:41:36 IDT 2025, 163 W
Fri Sep 26 13:41:36 IDT 2025, 203 W
Fri Sep 26 13:41:36 IDT 2025, 180 W
Fri Sep 26 13:41:36 IDT 2025, 157 W
Fri Sep 26 13:41:37 IDT 2025, 160 W
Fri Sep 26 13:41:37 IDT 2025, 163 W
Fri Sep 26 13:41:37 IDT 2025, 193 W
Fri Sep 26 13:41:37 IDT 2025, 149 W
Fri Sep 26 13:41:37 IDT 2025, 144 W
Fri Sep 26 13:41:37 IDT 2025, 185 W
Fri Sep 26 13:41:37 IDT 2025, 159 W
Fri Sep 26 13:41:37 IDT 2025, 149 W
Fri Sep 26 13:41:38 IDT 2025, 158 W
Fri Sep 26 13:41:38 IDT 2025, 162 W
Fri Sep 26 13:41:38 IDT 2025, 183 W
Fri Sep 26 13:41:38 IDT 2025, 151 W
Fri Sep 26 13:41:38 IDT 2025, 156 W
Fri Sep 26 13:41:38 IDT 2025, 181 W
Fri Sep 26 13:41:38 IDT 2025, 172 W
Fri Sep 26 13:41:38 IDT 2025, 150 W
Fri Sep 26 13:41:39 IDT 2025, 152 W
Fri Sep 26 13:41:39 IDT 2025, 157 W
Fri Sep 26 13:41:39 IDT 2025, 180 W
Fri Sep 26 13:41:39 IDT 2025, 158 W
Fri Sep 26 13:41:39 IDT 2025, 148 W
Fri Sep 26 13:41:39 IDT 2025, 182 W
Fri Sep 26 13:41:39 IDT 2025, 163 W
Fri Sep 26 13:41:39 IDT 2025, 146 W
Fri Sep 26 13:41:40 IDT 2025, 166 W
Fri Sep 26 13:41:40 IDT 2025, 166 W
Fri Sep 26 13:41:40 IDT 2025, 207 W
Fri Sep 26 13:41:40 IDT 2025, 164 W
Fri Sep 26 13:41:40 IDT 2025, 171 W
Fri Sep 26 13:41:40 IDT 2025, 199 W
Fri Sep 26 13:41:40 IDT 2025, 165 W
Fri Sep 26 13:41:40 IDT 2025, 154 W
Fri Sep 26 13:41:41 IDT 2025, 175 W
Fri Sep 26 13:41:41 IDT 2025, 169 W
Fri Sep 26 13:41:41 IDT 2025, 206 W
Fri Sep 26 13:41:41 IDT 2025, 170 W
Fri Sep 26 13:41:41 IDT 2025, 171 W
Fri Sep 26 13:41:41 IDT 2025, 198 W
Fri Sep 26 13:41:41 IDT 2025, 174 W
Fri Sep 26 13:41:41 IDT 2025, 165 W
Fri Sep 26 13:41:42 IDT 2025, 187 W
Fri Sep 26 13:41:42 IDT 2025, 184 W
Fri Sep 26 13:41:42 IDT 2025, 223 W
Fri Sep 26 13:41:42 IDT 2025, 176 W
Fri Sep 26 13:41:42 IDT 2025, 188 W
Fri Sep 26 13:41:42 IDT 2025, 213 W
Fri Sep 26 13:41:42 IDT 2025, 188 W
Fri Sep 26 13:41:42 IDT 2025, 175 W
Fri Sep 26 13:41:43 IDT 2025, 185 W
Fri Sep 26 13:41:43 IDT 2025, 178 W
Fri Sep 26 13:41:43 IDT 2025, 218 W
Fri Sep 26 13:41:43 IDT 2025, 173 W
Fri Sep 26 13:41:43 IDT 2025, 172 W
Fri Sep 26 13:41:43 IDT 2025, 207 W
Fri Sep 26 13:41:43 IDT 2025, 171 W
Fri Sep 26 13:41:43 IDT 2025, 164 W
Fri Sep 26 13:41:44 IDT 2025, 175 W
Fri Sep 26 13:41:44 IDT 2025, 181 W
Fri Sep 26 13:41:44 IDT 2025, 205 W
Fri Sep 26 13:41:44 IDT 2025, 170 W
Fri Sep 26 13:41:44 IDT 2025, 173 W
Fri Sep 26 13:41:44 IDT 2025, 205 W
Fri Sep 26 13:41:44 IDT 2025, 181 W
Fri Sep 26 13:41:44 IDT 2025, 160 W
Fri Sep 26 13:41:45 IDT 2025, 177 W
Fri Sep 26 13:41:45 IDT 2025, 180 W
Fri Sep 26 13:41:45 IDT 2025, 208 W
Fri Sep 26 13:41:45 IDT 2025, 173 W
Fri Sep 26 13:41:45 IDT 2025, 171 W
Fri Sep 26 13:41:45 IDT 2025, 216 W
Fri Sep 26 13:41:45 IDT 2025, 181 W
Fri Sep 26 13:41:45 IDT 2025, 158 W
Fri Sep 26 13:41:46 IDT 2025, 166 W
Fri Sep 26 13:41:46 IDT 2025, 183 W
Fri Sep 26 13:41:46 IDT 2025, 213 W
Fri Sep 26 13:41:46 IDT 2025, 178 W
Fri Sep 26 13:41:46 IDT 2025, 176 W
Fri Sep 26 13:41:46 IDT 2025, 207 W
Fri Sep 26 13:41:46 IDT 2025, 175 W
Fri Sep 26 13:41:46 IDT 2025, 162 W
Fri Sep 26 13:41:47 IDT 2025, 178 W
Fri Sep 26 13:41:47 IDT 2025, 173 W
Fri Sep 26 13:41:47 IDT 2025, 201 W
Fri Sep 26 13:41:47 IDT 2025, 164 W
Fri Sep 26 13:41:47 IDT 2025, 167 W
Fri Sep 26 13:41:47 IDT 2025, 211 W
Fri Sep 26 13:41:47 IDT 2025, 175 W
Fri Sep 26 13:41:47 IDT 2025, 156 W
Fri Sep 26 13:41:48 IDT 2025, 167 W
Fri Sep 26 13:41:48 IDT 2025, 171 W
Fri Sep 26 13:41:48 IDT 2025, 201 W
Fri Sep 26 13:41:48 IDT 2025, 163 W
Fri Sep 26 13:41:48 IDT 2025, 171 W
Fri Sep 26 13:41:48 IDT 2025, 191 W
Fri Sep 26 13:41:48 IDT 2025, 167 W
Fri Sep 26 13:41:48 IDT 2025, 157 W
Fri Sep 26 13:41:49 IDT 2025, 178 W
Fri Sep 26 13:41:49 IDT 2025, 165 W
Fri Sep 26 13:41:49 IDT 2025, 195 W
Fri Sep 26 13:41:49 IDT 2025, 176 W
Fri Sep 26 13:41:49 IDT 2025, 177 W
Fri Sep 26 13:41:49 IDT 2025, 198 W
Fri Sep 26 13:41:49 IDT 2025, 171 W
Fri Sep 26 13:41:49 IDT 2025, 157 W
Fri Sep 26 13:41:50 IDT 2025, 162 W
Fri Sep 26 13:41:50 IDT 2025, 162 W
Fri Sep 26 13:41:50 IDT 2025, 188 W
Fri Sep 26 13:41:50 IDT 2025, 150 W
Fri Sep 26 13:41:50 IDT 2025, 149 W
Fri Sep 26 13:41:50 IDT 2025, 192 W
Fri Sep 26 13:41:50 IDT 2025, 165 W
Fri Sep 26 13:41:50 IDT 2025, 146 W
Fri Sep 26 13:41:51 IDT 2025, 187 W
Fri Sep 26 13:41:51 IDT 2025, 177 W
Fri Sep 26 13:41:51 IDT 2025, 217 W
Fri Sep 26 13:41:51 IDT 2025, 176 W
Fri Sep 26 13:41:51 IDT 2025, 189 W
Fri Sep 26 13:41:51 IDT 2025, 218 W
Fri Sep 26 13:41:51 IDT 2025, 185 W
Fri Sep 26 13:41:51 IDT 2025, 170 W
Fri Sep 26 13:41:52 IDT 2025, 181 W
Fri Sep 26 13:41:52 IDT 2025, 180 W
Fri Sep 26 13:41:52 IDT 2025, 209 W
Fri Sep 26 13:41:52 IDT 2025, 174 W
Fri Sep 26 13:41:52 IDT 2025, 183 W
Fri Sep 26 13:41:52 IDT 2025, 207 W
Fri Sep 26 13:41:52 IDT 2025, 183 W
Fri Sep 26 13:41:52 IDT 2025, 161 W
Fri Sep 26 13:41:53 IDT 2025, 177 W
Fri Sep 26 13:41:53 IDT 2025, 172 W
Fri Sep 26 13:41:53 IDT 2025, 204 W
Fri Sep 26 13:41:53 IDT 2025, 166 W
Fri Sep 26 13:41:53 IDT 2025, 166 W
Fri Sep 26 13:41:53 IDT 2025, 205 W
Fri Sep 26 13:41:53 IDT 2025, 175 W
Fri Sep 26 13:41:53 IDT 2025, 156 W
Fri Sep 26 13:41:54 IDT 2025, 160 W
Fri Sep 26 13:41:54 IDT 2025, 168 W
Fri Sep 26 13:41:54 IDT 2025, 187 W
Fri Sep 26 13:41:54 IDT 2025, 158 W
Fri Sep 26 13:41:54 IDT 2025, 157 W
Fri Sep 26 13:41:54 IDT 2025, 186 W
Fri Sep 26 13:41:54 IDT 2025, 172 W
Fri Sep 26 13:41:54 IDT 2025, 146 W
Fri Sep 26 13:41:55 IDT 2025, 181 W
Fri Sep 26 13:41:55 IDT 2025, 188 W
Fri Sep 26 13:41:55 IDT 2025, 211 W
Fri Sep 26 13:41:55 IDT 2025, 173 W
Fri Sep 26 13:41:55 IDT 2025, 178 W
Fri Sep 26 13:41:55 IDT 2025, 215 W
Fri Sep 26 13:41:55 IDT 2025, 187 W
Fri Sep 26 13:41:55 IDT 2025, 148 W
Fri Sep 26 13:41:57 IDT 2025, 179 W
Fri Sep 26 13:41:57 IDT 2025, 180 W
Fri Sep 26 13:41:57 IDT 2025, 208 W
Fri Sep 26 13:41:57 IDT 2025, 174 W
Fri Sep 26 13:41:57 IDT 2025, 171 W
Fri Sep 26 13:41:57 IDT 2025, 201 W
Fri Sep 26 13:41:57 IDT 2025, 182 W
Fri Sep 26 13:41:57 IDT 2025, 173 W
Fri Sep 26 13:41:57 IDT 2025, 176 W
Fri Sep 26 13:41:57 IDT 2025, 180 W
Fri Sep 26 13:41:57 IDT 2025, 213 W
Fri Sep 26 13:41:57 IDT 2025, 173 W
Fri Sep 26 13:41:57 IDT 2025, 184 W
Fri Sep 26 13:41:57 IDT 2025, 206 W
Fri Sep 26 13:41:57 IDT 2025, 185 W
Fri Sep 26 13:41:57 IDT 2025, 170 W
Fri Sep 26 13:41:58 IDT 2025, 168 W
Fri Sep 26 13:41:58 IDT 2025, 164 W
Fri Sep 26 13:41:58 IDT 2025, 191 W
Fri Sep 26 13:41:58 IDT 2025, 148 W
Fri Sep 26 13:41:58 IDT 2025, 150 W
Fri Sep 26 13:41:58 IDT 2025, 190 W
Fri Sep 26 13:41:58 IDT 2025, 172 W
Fri Sep 26 13:41:58 IDT 2025, 157 W
Fri Sep 26 13:41:59 IDT 2025, 187 W
Fri Sep 26 13:41:59 IDT 2025, 190 W
Fri Sep 26 13:41:59 IDT 2025, 217 W
Fri Sep 26 13:41:59 IDT 2025, 180 W
Fri Sep 26 13:41:59 IDT 2025, 188 W
Fri Sep 26 13:41:59 IDT 2025, 223 W
Fri Sep 26 13:41:59 IDT 2025, 187 W
Fri Sep 26 13:41:59 IDT 2025, 174 W
Fri Sep 26 13:42:00 IDT 2025, 188 W
Fri Sep 26 13:42:00 IDT 2025, 180 W
Fri Sep 26 13:42:00 IDT 2025, 216 W
Fri Sep 26 13:42:00 IDT 2025, 174 W
Fri Sep 26 13:42:00 IDT 2025, 178 W
Fri Sep 26 13:42:00 IDT 2025, 208 W
Fri Sep 26 13:42:00 IDT 2025, 190 W
Fri Sep 26 13:42:00 IDT 2025, 169 W
Fri Sep 26 13:42:01 IDT 2025, 175 W
Fri Sep 26 13:42:01 IDT 2025, 184 W
Fri Sep 26 13:42:01 IDT 2025, 206 W
Fri Sep 26 13:42:01 IDT 2025, 166 W
Fri Sep 26 13:42:01 IDT 2025, 178 W
Fri Sep 26 13:42:01 IDT 2025, 203 W
Fri Sep 26 13:42:01 IDT 2025, 177 W
Fri Sep 26 13:42:01 IDT 2025, 163 W
Fri Sep 26 13:42:02 IDT 2025, 169 W
Fri Sep 26 13:42:02 IDT 2025, 179 W
Fri Sep 26 13:42:02 IDT 2025, 199 W
Fri Sep 26 13:42:02 IDT 2025, 163 W
Fri Sep 26 13:42:02 IDT 2025, 171 W
Fri Sep 26 13:42:02 IDT 2025, 201 W
Fri Sep 26 13:42:02 IDT 2025, 169 W
Fri Sep 26 13:42:02 IDT 2025, 158 W
Fri Sep 26 13:42:03 IDT 2025, 172 W
Fri Sep 26 13:42:03 IDT 2025, 170 W
Fri Sep 26 13:42:03 IDT 2025, 200 W
Fri Sep 26 13:42:03 IDT 2025, 155 W
Fri Sep 26 13:42:03 IDT 2025, 168 W
Fri Sep 26 13:42:03 IDT 2025, 199 W
Fri Sep 26 13:42:03 IDT 2025, 173 W
Fri Sep 26 13:42:03 IDT 2025, 154 W
Fri Sep 26 13:42:04 IDT 2025, 183 W
Fri Sep 26 13:42:04 IDT 2025, 174 W
Fri Sep 26 13:42:04 IDT 2025, 206 W
Fri Sep 26 13:42:04 IDT 2025, 172 W
Fri Sep 26 13:42:04 IDT 2025, 183 W
Fri Sep 26 13:42:04 IDT 2025, 206 W
Fri Sep 26 13:42:04 IDT 2025, 172 W
Fri Sep 26 13:42:04 IDT 2025, 164 W
Fri Sep 26 13:42:05 IDT 2025, 174 W
Fri Sep 26 13:42:05 IDT 2025, 180 W
Fri Sep 26 13:42:05 IDT 2025, 207 W
Fri Sep 26 13:42:05 IDT 2025, 168 W
Fri Sep 26 13:42:05 IDT 2025, 178 W
Fri Sep 26 13:42:05 IDT 2025, 207 W
Fri Sep 26 13:42:05 IDT 2025, 177 W
Fri Sep 26 13:42:05 IDT 2025, 156 W
Fri Sep 26 13:42:06 IDT 2025, 176 W
Fri Sep 26 13:42:06 IDT 2025, 180 W
Fri Sep 26 13:42:06 IDT 2025, 214 W
Fri Sep 26 13:42:06 IDT 2025, 170 W
Fri Sep 26 13:42:06 IDT 2025, 181 W
Fri Sep 26 13:42:06 IDT 2025, 208 W
Fri Sep 26 13:42:06 IDT 2025, 170 W
Fri Sep 26 13:42:06 IDT 2025, 161 W
Fri Sep 26 13:42:07 IDT 2025, 173 W
Fri Sep 26 13:42:07 IDT 2025, 186 W
Fri Sep 26 13:42:07 IDT 2025, 203 W
Fri Sep 26 13:42:07 IDT 2025, 177 W
Fri Sep 26 13:42:07 IDT 2025, 179 W
Fri Sep 26 13:42:07 IDT 2025, 214 W
Fri Sep 26 13:42:07 IDT 2025, 187 W
Fri Sep 26 13:42:07 IDT 2025, 160 W
Fri Sep 26 13:42:08 IDT 2025, 157 W
Fri Sep 26 13:42:08 IDT 2025, 168 W
Fri Sep 26 13:42:08 IDT 2025, 191 W
Fri Sep 26 13:42:08 IDT 2025, 161 W
Fri Sep 26 13:42:08 IDT 2025, 164 W
Fri Sep 26 13:42:08 IDT 2025, 190 W
Fri Sep 26 13:42:08 IDT 2025, 174 W
Fri Sep 26 13:42:08 IDT 2025, 145 W
Fri Sep 26 13:42:09 IDT 2025, 181 W
Fri Sep 26 13:42:09 IDT 2025, 180 W
Fri Sep 26 13:42:09 IDT 2025, 207 W
Fri Sep 26 13:42:09 IDT 2025, 168 W
Fri Sep 26 13:42:09 IDT 2025, 179 W
Fri Sep 26 13:42:09 IDT 2025, 208 W
Fri Sep 26 13:42:09 IDT 2025, 178 W
Fri Sep 26 13:42:09 IDT 2025, 165 W
Fri Sep 26 13:42:10 IDT 2025, 177 W
Fri Sep 26 13:42:10 IDT 2025, 176 W
Fri Sep 26 13:42:10 IDT 2025, 208 W
Fri Sep 26 13:42:10 IDT 2025, 173 W
Fri Sep 26 13:42:10 IDT 2025, 175 W
Fri Sep 26 13:42:10 IDT 2025, 211 W
Fri Sep 26 13:42:10 IDT 2025, 183 W
Fri Sep 26 13:42:10 IDT 2025, 156 W
Fri Sep 26 13:42:11 IDT 2025, 186 W
Fri Sep 26 13:42:11 IDT 2025, 183 W
Fri Sep 26 13:42:11 IDT 2025, 214 W
Fri Sep 26 13:42:11 IDT 2025, 176 W
Fri Sep 26 13:42:11 IDT 2025, 184 W
Fri Sep 26 13:42:11 IDT 2025, 208 W
Fri Sep 26 13:42:11 IDT 2025, 188 W
Fri Sep 26 13:42:11 IDT 2025, 164 W
Fri Sep 26 13:42:12 IDT 2025, 182 W
Fri Sep 26 13:42:12 IDT 2025, 179 W
Fri Sep 26 13:42:12 IDT 2025, 202 W
Fri Sep 26 13:42:12 IDT 2025, 166 W
Fri Sep 26 13:42:12 IDT 2025, 180 W
Fri Sep 26 13:42:12 IDT 2025, 206 W
Fri Sep 26 13:42:12 IDT 2025, 181 W
Fri Sep 26 13:42:12 IDT 2025, 161 W
Fri Sep 26 13:42:13 IDT 2025, 180 W
Fri Sep 26 13:42:13 IDT 2025, 178 W
Fri Sep 26 13:42:13 IDT 2025, 210 W
Fri Sep 26 13:42:13 IDT 2025, 166 W
Fri Sep 26 13:42:13 IDT 2025, 175 W
Fri Sep 26 13:42:13 IDT 2025, 210 W
Fri Sep 26 13:42:13 IDT 2025, 180 W
Fri Sep 26 13:42:13 IDT 2025, 160 W
Fri Sep 26 13:42:14 IDT 2025, 170 W
Fri Sep 26 13:42:14 IDT 2025, 176 W
Fri Sep 26 13:42:14 IDT 2025, 211 W
Fri Sep 26 13:42:14 IDT 2025, 162 W
Fri Sep 26 13:42:14 IDT 2025, 170 W
Fri Sep 26 13:42:14 IDT 2025, 207 W
Fri Sep 26 13:42:14 IDT 2025, 169 W
Fri Sep 26 13:42:14 IDT 2025, 159 W
Fri Sep 26 13:42:15 IDT 2025, 164 W
Fri Sep 26 13:42:15 IDT 2025, 163 W
Fri Sep 26 13:42:15 IDT 2025, 189 W
Fri Sep 26 13:42:15 IDT 2025, 147 W
Fri Sep 26 13:42:15 IDT 2025, 155 W
Fri Sep 26 13:42:15 IDT 2025, 191 W
Fri Sep 26 13:42:15 IDT 2025, 164 W
Fri Sep 26 13:42:15 IDT 2025, 144 W
Fri Sep 26 13:42:16 IDT 2025, 175 W
Fri Sep 26 13:42:16 IDT 2025, 183 W
Fri Sep 26 13:42:16 IDT 2025, 207 W
Fri Sep 26 13:42:16 IDT 2025, 169 W
Fri Sep 26 13:42:16 IDT 2025, 177 W
Fri Sep 26 13:42:16 IDT 2025, 203 W
Fri Sep 26 13:42:16 IDT 2025, 176 W
Fri Sep 26 13:42:16 IDT 2025, 168 W
Fri Sep 26 13:42:17 IDT 2025, 182 W
Fri Sep 26 13:42:17 IDT 2025, 174 W
Fri Sep 26 13:42:17 IDT 2025, 208 W
Fri Sep 26 13:42:17 IDT 2025, 158 W
Fri Sep 26 13:42:17 IDT 2025, 165 W
Fri Sep 26 13:42:17 IDT 2025, 205 W
Fri Sep 26 13:42:17 IDT 2025, 168 W
Fri Sep 26 13:42:17 IDT 2025, 159 W
Fri Sep 26 13:42:18 IDT 2025, 178 W
Fri Sep 26 13:42:18 IDT 2025, 179 W
Fri Sep 26 13:42:18 IDT 2025, 200 W
Fri Sep 26 13:42:18 IDT 2025, 169 W
Fri Sep 26 13:42:18 IDT 2025, 174 W
Fri Sep 26 13:42:18 IDT 2025, 202 W
Fri Sep 26 13:42:18 IDT 2025, 184 W
Fri Sep 26 13:42:18 IDT 2025, 168 W
Fri Sep 26 13:42:19 IDT 2025, 178 W
Fri Sep 26 13:42:19 IDT 2025, 181 W
Fri Sep 26 13:42:19 IDT 2025, 211 W
Fri Sep 26 13:42:19 IDT 2025, 168 W
Fri Sep 26 13:42:19 IDT 2025, 163 W
Fri Sep 26 13:42:19 IDT 2025, 201 W
Fri Sep 26 13:42:19 IDT 2025, 183 W
Fri Sep 26 13:42:19 IDT 2025, 165 W
Fri Sep 26 13:42:20 IDT 2025, 170 W
Fri Sep 26 13:42:20 IDT 2025, 177 W
Fri Sep 26 13:42:20 IDT 2025, 200 W
Fri Sep 26 13:42:20 IDT 2025, 166 W
Fri Sep 26 13:42:20 IDT 2025, 166 W
Fri Sep 26 13:42:20 IDT 2025, 195 W
Fri Sep 26 13:42:20 IDT 2025, 181 W
Fri Sep 26 13:42:20 IDT 2025, 158 W
Fri Sep 26 13:42:21 IDT 2025, 172 W
Fri Sep 26 13:42:21 IDT 2025, 177 W
Fri Sep 26 13:42:21 IDT 2025, 202 W
Fri Sep 26 13:42:21 IDT 2025, 164 W
Fri Sep 26 13:42:21 IDT 2025, 171 W
Fri Sep 26 13:42:21 IDT 2025, 205 W
Fri Sep 26 13:42:21 IDT 2025, 174 W
Fri Sep 26 13:42:21 IDT 2025, 143 W
Fri Sep 26 13:42:22 IDT 2025, 165 W
Fri Sep 26 13:42:22 IDT 2025, 173 W
Fri Sep 26 13:42:22 IDT 2025, 190 W
Fri Sep 26 13:42:22 IDT 2025, 156 W
Fri Sep 26 13:42:22 IDT 2025, 161 W
Fri Sep 26 13:42:22 IDT 2025, 203 W
Fri Sep 26 13:42:22 IDT 2025, 169 W
Fri Sep 26 13:42:22 IDT 2025, 142 W
Fri Sep 26 13:42:23 IDT 2025, 181 W
Fri Sep 26 13:42:23 IDT 2025, 173 W
Fri Sep 26 13:42:23 IDT 2025, 209 W
Fri Sep 26 13:42:23 IDT 2025, 175 W
Fri Sep 26 13:42:23 IDT 2025, 169 W
Fri Sep 26 13:42:23 IDT 2025, 206 W
Fri Sep 26 13:42:23 IDT 2025, 183 W
Fri Sep 26 13:42:23 IDT 2025, 165 W
Fri Sep 26 13:42:24 IDT 2025, 182 W
Fri Sep 26 13:42:24 IDT 2025, 178 W
Fri Sep 26 13:42:24 IDT 2025, 201 W
Fri Sep 26 13:42:24 IDT 2025, 167 W
Fri Sep 26 13:42:24 IDT 2025, 170 W
Fri Sep 26 13:42:24 IDT 2025, 210 W
Fri Sep 26 13:42:24 IDT 2025, 178 W
Fri Sep 26 13:42:24 IDT 2025, 165 W
Fri Sep 26 13:42:25 IDT 2025, 178 W
Fri Sep 26 13:42:25 IDT 2025, 183 W
Fri Sep 26 13:42:25 IDT 2025, 201 W
Fri Sep 26 13:42:25 IDT 2025, 166 W
Fri Sep 26 13:42:25 IDT 2025, 177 W
Fri Sep 26 13:42:25 IDT 2025, 204 W
Fri Sep 26 13:42:25 IDT 2025, 180 W
Fri Sep 26 13:42:25 IDT 2025, 164 W
Fri Sep 26 13:42:26 IDT 2025, 182 W
Fri Sep 26 13:42:26 IDT 2025, 190 W
Fri Sep 26 13:42:26 IDT 2025, 217 W
Fri Sep 26 13:42:26 IDT 2025, 169 W
Fri Sep 26 13:42:26 IDT 2025, 178 W
Fri Sep 26 13:42:26 IDT 2025, 210 W
Fri Sep 26 13:42:26 IDT 2025, 188 W
Fri Sep 26 13:42:26 IDT 2025, 170 W
Fri Sep 26 13:42:27 IDT 2025, 171 W
Fri Sep 26 13:42:27 IDT 2025, 172 W
Fri Sep 26 13:42:27 IDT 2025, 197 W
Fri Sep 26 13:42:27 IDT 2025, 160 W
Fri Sep 26 13:42:27 IDT 2025, 165 W
Fri Sep 26 13:42:27 IDT 2025, 189 W
Fri Sep 26 13:42:27 IDT 2025, 163 W
Fri Sep 26 13:42:27 IDT 2025, 155 W
Fri Sep 26 13:42:28 IDT 2025, 175 W
Fri Sep 26 13:42:28 IDT 2025, 165 W
Fri Sep 26 13:42:28 IDT 2025, 197 W
Fri Sep 26 13:42:28 IDT 2025, 158 W
Fri Sep 26 13:42:28 IDT 2025, 162 W
Fri Sep 26 13:42:28 IDT 2025, 189 W
Fri Sep 26 13:42:28 IDT 2025, 171 W
Fri Sep 26 13:42:28 IDT 2025, 157 W
Fri Sep 26 13:42:29 IDT 2025, 172 W
Fri Sep 26 13:42:29 IDT 2025, 162 W
Fri Sep 26 13:42:29 IDT 2025, 197 W
Fri Sep 26 13:42:29 IDT 2025, 154 W
Fri Sep 26 13:42:29 IDT 2025, 155 W
Fri Sep 26 13:42:29 IDT 2025, 183 W
Fri Sep 26 13:42:29 IDT 2025, 168 W
Fri Sep 26 13:42:29 IDT 2025, 151 W
Fri Sep 26 13:42:30 IDT 2025, 188 W
Fri Sep 26 13:42:30 IDT 2025, 178 W
Fri Sep 26 13:42:30 IDT 2025, 217 W
Fri Sep 26 13:42:30 IDT 2025, 177 W
Fri Sep 26 13:42:30 IDT 2025, 177 W
Fri Sep 26 13:42:30 IDT 2025, 210 W
Fri Sep 26 13:42:30 IDT 2025, 188 W
Fri Sep 26 13:42:30 IDT 2025, 166 W
Fri Sep 26 13:42:31 IDT 2025, 171 W
Fri Sep 26 13:42:31 IDT 2025, 186 W
Fri Sep 26 13:42:31 IDT 2025, 200 W
Fri Sep 26 13:42:31 IDT 2025, 165 W
Fri Sep 26 13:42:31 IDT 2025, 173 W
Fri Sep 26 13:42:31 IDT 2025, 200 W
Fri Sep 26 13:42:31 IDT 2025, 180 W
Fri Sep 26 13:42:31 IDT 2025, 149 W
Fri Sep 26 13:42:32 IDT 2025, 175 W
Fri Sep 26 13:42:32 IDT 2025, 169 W
Fri Sep 26 13:42:32 IDT 2025, 211 W
Fri Sep 26 13:42:32 IDT 2025, 165 W
Fri Sep 26 13:42:32 IDT 2025, 181 W
Fri Sep 26 13:42:32 IDT 2025, 204 W
Fri Sep 26 13:42:32 IDT 2025, 176 W
Fri Sep 26 13:42:32 IDT 2025, 164 W
Fri Sep 26 13:42:33 IDT 2025, 163 W
Fri Sep 26 13:42:33 IDT 2025, 157 W
Fri Sep 26 13:42:33 IDT 2025, 193 W
Fri Sep 26 13:42:33 IDT 2025, 156 W
Fri Sep 26 13:42:33 IDT 2025, 158 W
Fri Sep 26 13:42:33 IDT 2025, 185 W
Fri Sep 26 13:42:33 IDT 2025, 163 W
Fri Sep 26 13:42:33 IDT 2025, 146 W
Fri Sep 26 13:42:34 IDT 2025, 181 W
Fri Sep 26 13:42:34 IDT 2025, 172 W
Fri Sep 26 13:42:34 IDT 2025, 205 W
Fri Sep 26 13:42:34 IDT 2025, 172 W
Fri Sep 26 13:42:34 IDT 2025, 187 W
Fri Sep 26 13:42:34 IDT 2025, 209 W
Fri Sep 26 13:42:34 IDT 2025, 184 W
Fri Sep 26 13:42:34 IDT 2025, 169 W
Fri Sep 26 13:42:35 IDT 2025, 160 W
Fri Sep 26 13:42:35 IDT 2025, 172 W
Fri Sep 26 13:42:35 IDT 2025, 187 W
Fri Sep 26 13:42:35 IDT 2025, 159 W
Fri Sep 26 13:42:35 IDT 2025, 162 W
Fri Sep 26 13:42:35 IDT 2025, 189 W
Fri Sep 26 13:42:35 IDT 2025, 170 W
Fri Sep 26 13:42:35 IDT 2025, 142 W
Fri Sep 26 13:42:36 IDT 2025, 183 W
Fri Sep 26 13:42:36 IDT 2025, 171 W
Fri Sep 26 13:42:36 IDT 2025, 201 W
Fri Sep 26 13:42:36 IDT 2025, 166 W
Fri Sep 26 13:42:36 IDT 2025, 170 W
Fri Sep 26 13:42:36 IDT 2025, 199 W
Fri Sep 26 13:42:36 IDT 2025, 171 W
Fri Sep 26 13:42:36 IDT 2025, 155 W
Fri Sep 26 13:42:37 IDT 2025, 168 W
Fri Sep 26 13:42:37 IDT 2025, 167 W
Fri Sep 26 13:42:37 IDT 2025, 196 W
Fri Sep 26 13:42:37 IDT 2025, 155 W
Fri Sep 26 13:42:37 IDT 2025, 164 W
Fri Sep 26 13:42:37 IDT 2025, 191 W
Fri Sep 26 13:42:37 IDT 2025, 171 W
Fri Sep 26 13:42:37 IDT 2025, 145 W
Fri Sep 26 13:42:38 IDT 2025, 177 W
Fri Sep 26 13:42:38 IDT 2025, 165 W
Fri Sep 26 13:42:38 IDT 2025, 203 W
Fri Sep 26 13:42:38 IDT 2025, 159 W
Fri Sep 26 13:42:38 IDT 2025, 163 W
Fri Sep 26 13:42:38 IDT 2025, 193 W
Fri Sep 26 13:42:38 IDT 2025, 180 W
Fri Sep 26 13:42:38 IDT 2025, 155 W
Fri Sep 26 13:42:39 IDT 2025, 174 W
Fri Sep 26 13:42:39 IDT 2025, 183 W
Fri Sep 26 13:42:39 IDT 2025, 208 W
Fri Sep 26 13:42:39 IDT 2025, 178 W
Fri Sep 26 13:42:39 IDT 2025, 181 W
Fri Sep 26 13:42:39 IDT 2025, 211 W
Fri Sep 26 13:42:39 IDT 2025, 187 W
Fri Sep 26 13:42:39 IDT 2025, 167 W
Fri Sep 26 13:42:40 IDT 2025, 165 W
Fri Sep 26 13:42:40 IDT 2025, 163 W
Fri Sep 26 13:42:40 IDT 2025, 199 W
Fri Sep 26 13:42:40 IDT 2025, 155 W
Fri Sep 26 13:42:40 IDT 2025, 163 W
Fri Sep 26 13:42:40 IDT 2025, 185 W
Fri Sep 26 13:42:40 IDT 2025, 170 W
Fri Sep 26 13:42:40 IDT 2025, 151 W
Fri Sep 26 13:42:41 IDT 2025, 184 W
Fri Sep 26 13:42:41 IDT 2025, 181 W
Fri Sep 26 13:42:41 IDT 2025, 209 W
Fri Sep 26 13:42:41 IDT 2025, 170 W
Fri Sep 26 13:42:41 IDT 2025, 176 W
Fri Sep 26 13:42:41 IDT 2025, 204 W
Fri Sep 26 13:42:41 IDT 2025, 177 W
Fri Sep 26 13:42:41 IDT 2025, 168 W
Fri Sep 26 13:42:42 IDT 2025, 165 W
Fri Sep 26 13:42:42 IDT 2025, 170 W
Fri Sep 26 13:42:42 IDT 2025, 206 W
Fri Sep 26 13:42:42 IDT 2025, 163 W
Fri Sep 26 13:42:42 IDT 2025, 166 W
Fri Sep 26 13:42:42 IDT 2025, 204 W
Fri Sep 26 13:42:42 IDT 2025, 179 W
Fri Sep 26 13:42:42 IDT 2025, 149 W
Fri Sep 26 13:42:43 IDT 2025, 171 W
Fri Sep 26 13:42:43 IDT 2025, 169 W
Fri Sep 26 13:42:43 IDT 2025, 192 W
Fri Sep 26 13:42:43 IDT 2025, 175 W
Fri Sep 26 13:42:43 IDT 2025, 170 W
Fri Sep 26 13:42:43 IDT 2025, 207 W
Fri Sep 26 13:42:43 IDT 2025, 175 W
Fri Sep 26 13:42:43 IDT 2025, 149 W
Fri Sep 26 13:42:44 IDT 2025, 167 W
Fri Sep 26 13:42:44 IDT 2025, 176 W
Fri Sep 26 13:42:44 IDT 2025, 210 W
Fri Sep 26 13:42:44 IDT 2025, 164 W
Fri Sep 26 13:42:44 IDT 2025, 171 W
Fri Sep 26 13:42:44 IDT 2025, 194 W
Fri Sep 26 13:42:44 IDT 2025, 176 W
Fri Sep 26 13:42:44 IDT 2025, 166 W
Fri Sep 26 13:42:45 IDT 2025, 169 W
Fri Sep 26 13:42:45 IDT 2025, 174 W
Fri Sep 26 13:42:45 IDT 2025, 206 W
Fri Sep 26 13:42:45 IDT 2025, 163 W
Fri Sep 26 13:42:45 IDT 2025, 166 W
Fri Sep 26 13:42:45 IDT 2025, 201 W
Fri Sep 26 13:42:45 IDT 2025, 177 W
Fri Sep 26 13:42:45 IDT 2025, 160 W
Fri Sep 26 13:42:46 IDT 2025, 166 W
Fri Sep 26 13:42:46 IDT 2025, 168 W
Fri Sep 26 13:42:46 IDT 2025, 205 W
Fri Sep 26 13:42:46 IDT 2025, 170 W
Fri Sep 26 13:42:46 IDT 2025, 184 W
Fri Sep 26 13:42:46 IDT 2025, 201 W
Fri Sep 26 13:42:46 IDT 2025, 175 W
Fri Sep 26 13:42:46 IDT 2025, 159 W
Fri Sep 26 13:42:47 IDT 2025, 172 W
Fri Sep 26 13:42:47 IDT 2025, 171 W
Fri Sep 26 13:42:47 IDT 2025, 199 W
Fri Sep 26 13:42:47 IDT 2025, 161 W
Fri Sep 26 13:42:47 IDT 2025, 164 W
Fri Sep 26 13:42:47 IDT 2025, 197 W
Fri Sep 26 13:42:47 IDT 2025, 173 W
Fri Sep 26 13:42:47 IDT 2025, 155 W
Fri Sep 26 13:42:48 IDT 2025, 175 W
Fri Sep 26 13:42:48 IDT 2025, 170 W
Fri Sep 26 13:42:48 IDT 2025, 204 W
Fri Sep 26 13:42:48 IDT 2025, 162 W
Fri Sep 26 13:42:48 IDT 2025, 177 W
Fri Sep 26 13:42:48 IDT 2025, 205 W
Fri Sep 26 13:42:48 IDT 2025, 183 W
Fri Sep 26 13:42:48 IDT 2025, 163 W
Fri Sep 26 13:42:49 IDT 2025, 168 W
Fri Sep 26 13:42:49 IDT 2025, 168 W
Fri Sep 26 13:42:49 IDT 2025, 199 W
Fri Sep 26 13:42:49 IDT 2025, 164 W
Fri Sep 26 13:42:49 IDT 2025, 160 W
Fri Sep 26 13:42:49 IDT 2025, 199 W
Fri Sep 26 13:42:49 IDT 2025, 172 W
Fri Sep 26 13:42:49 IDT 2025, 155 W
Fri Sep 26 13:42:50 IDT 2025, 166 W
Fri Sep 26 13:42:50 IDT 2025, 165 W
Fri Sep 26 13:42:50 IDT 2025, 208 W
Fri Sep 26 13:42:50 IDT 2025, 164 W
Fri Sep 26 13:42:50 IDT 2025, 164 W
Fri Sep 26 13:42:50 IDT 2025, 202 W
Fri Sep 26 13:42:50 IDT 2025, 173 W
Fri Sep 26 13:42:50 IDT 2025, 156 W
Fri Sep 26 13:42:51 IDT 2025, 162 W
Fri Sep 26 13:42:51 IDT 2025, 165 W
Fri Sep 26 13:42:51 IDT 2025, 195 W
Fri Sep 26 13:42:51 IDT 2025, 148 W
Fri Sep 26 13:42:51 IDT 2025, 156 W
Fri Sep 26 13:42:51 IDT 2025, 193 W
Fri Sep 26 13:42:51 IDT 2025, 161 W
Fri Sep 26 13:42:51 IDT 2025, 142 W
Fri Sep 26 13:42:52 IDT 2025, 171 W
Fri Sep 26 13:42:52 IDT 2025, 177 W
Fri Sep 26 13:42:52 IDT 2025, 211 W
Fri Sep 26 13:42:52 IDT 2025, 158 W
Fri Sep 26 13:42:52 IDT 2025, 167 W
Fri Sep 26 13:42:52 IDT 2025, 208 W
Fri Sep 26 13:42:52 IDT 2025, 174 W
Fri Sep 26 13:42:52 IDT 2025, 157 W
Fri Sep 26 13:42:53 IDT 2025, 173 W
Fri Sep 26 13:42:53 IDT 2025, 160 W
Fri Sep 26 13:42:53 IDT 2025, 200 W
Fri Sep 26 13:42:53 IDT 2025, 157 W
Fri Sep 26 13:42:53 IDT 2025, 169 W
Fri Sep 26 13:42:53 IDT 2025, 192 W
Fri Sep 26 13:42:53 IDT 2025, 173 W
Fri Sep 26 13:42:53 IDT 2025, 148 W
Fri Sep 26 13:42:54 IDT 2025, 170 W
Fri Sep 26 13:42:54 IDT 2025, 178 W
Fri Sep 26 13:42:54 IDT 2025, 205 W
Fri Sep 26 13:42:54 IDT 2025, 167 W
Fri Sep 26 13:42:54 IDT 2025, 159 W
Fri Sep 26 13:42:54 IDT 2025, 206 W
Fri Sep 26 13:42:54 IDT 2025, 185 W
Fri Sep 26 13:42:54 IDT 2025, 161 W
Fri Sep 26 13:42:55 IDT 2025, 161 W
Fri Sep 26 13:42:55 IDT 2025, 168 W
Fri Sep 26 13:42:55 IDT 2025, 200 W
Fri Sep 26 13:42:55 IDT 2025, 164 W
Fri Sep 26 13:42:55 IDT 2025, 161 W
Fri Sep 26 13:42:55 IDT 2025, 201 W
Fri Sep 26 13:42:55 IDT 2025, 173 W
Fri Sep 26 13:42:55 IDT 2025, 151 W
Fri Sep 26 13:42:56 IDT 2025, 179 W
Fri Sep 26 13:42:56 IDT 2025, 172 W
Fri Sep 26 13:42:56 IDT 2025, 207 W
Fri Sep 26 13:42:56 IDT 2025, 160 W
Fri Sep 26 13:42:56 IDT 2025, 166 W
Fri Sep 26 13:42:56 IDT 2025, 200 W
Fri Sep 26 13:42:56 IDT 2025, 183 W
Fri Sep 26 13:42:56 IDT 2025, 164 W
Fri Sep 26 13:42:57 IDT 2025, 184 W
Fri Sep 26 13:42:57 IDT 2025, 179 W
Fri Sep 26 13:42:57 IDT 2025, 209 W
Fri Sep 26 13:42:57 IDT 2025, 170 W
Fri Sep 26 13:42:57 IDT 2025, 174 W
Fri Sep 26 13:42:57 IDT 2025, 202 W
Fri Sep 26 13:42:57 IDT 2025, 183 W
Fri Sep 26 13:42:57 IDT 2025, 166 W
Fri Sep 26 13:42:58 IDT 2025, 186 W
Fri Sep 26 13:42:58 IDT 2025, 178 W
Fri Sep 26 13:42:58 IDT 2025, 221 W
Fri Sep 26 13:42:58 IDT 2025, 172 W
Fri Sep 26 13:42:58 IDT 2025, 177 W
Fri Sep 26 13:42:58 IDT 2025, 207 W
Fri Sep 26 13:42:58 IDT 2025, 185 W
Fri Sep 26 13:42:58 IDT 2025, 167 W
Fri Sep 26 13:42:59 IDT 2025, 180 W
Fri Sep 26 13:42:59 IDT 2025, 181 W
Fri Sep 26 13:42:59 IDT 2025, 216 W
Fri Sep 26 13:42:59 IDT 2025, 178 W
Fri Sep 26 13:42:59 IDT 2025, 185 W
Fri Sep 26 13:42:59 IDT 2025, 214 W
Fri Sep 26 13:42:59 IDT 2025, 192 W
Fri Sep 26 13:42:59 IDT 2025, 173 W
Fri Sep 26 13:43:00 IDT 2025, 181 W
Fri Sep 26 13:43:00 IDT 2025, 190 W
Fri Sep 26 13:43:00 IDT 2025, 207 W
Fri Sep 26 13:43:00 IDT 2025, 174 W
Fri Sep 26 13:43:00 IDT 2025, 179 W
Fri Sep 26 13:43:00 IDT 2025, 201 W
Fri Sep 26 13:43:00 IDT 2025, 187 W
Fri Sep 26 13:43:00 IDT 2025, 167 W
Fri Sep 26 13:43:01 IDT 2025, 175 W
Fri Sep 26 13:43:01 IDT 2025, 182 W
Fri Sep 26 13:43:01 IDT 2025, 215 W
Fri Sep 26 13:43:01 IDT 2025, 170 W
Fri Sep 26 13:43:01 IDT 2025, 176 W
Fri Sep 26 13:43:01 IDT 2025, 210 W
Fri Sep 26 13:43:01 IDT 2025, 186 W
Fri Sep 26 13:43:01 IDT 2025, 163 W
Fri Sep 26 13:43:02 IDT 2025, 163 W
Fri Sep 26 13:43:02 IDT 2025, 173 W
Fri Sep 26 13:43:02 IDT 2025, 200 W
Fri Sep 26 13:43:02 IDT 2025, 152 W
Fri Sep 26 13:43:02 IDT 2025, 158 W
Fri Sep 26 13:43:02 IDT 2025, 183 W
Fri Sep 26 13:43:02 IDT 2025, 159 W
Fri Sep 26 13:43:02 IDT 2025, 145 W
Fri Sep 26 13:43:03 IDT 2025, 164 W
Fri Sep 26 13:43:03 IDT 2025, 168 W
Fri Sep 26 13:43:03 IDT 2025, 196 W
Fri Sep 26 13:43:03 IDT 2025, 161 W
Fri Sep 26 13:43:03 IDT 2025, 161 W
Fri Sep 26 13:43:03 IDT 2025, 186 W
Fri Sep 26 13:43:03 IDT 2025, 170 W
Fri Sep 26 13:43:03 IDT 2025, 147 W
Fri Sep 26 13:43:04 IDT 2025, 174 W
Fri Sep 26 13:43:04 IDT 2025, 173 W
Fri Sep 26 13:43:04 IDT 2025, 207 W
Fri Sep 26 13:43:04 IDT 2025, 165 W
Fri Sep 26 13:43:04 IDT 2025, 173 W
Fri Sep 26 13:43:04 IDT 2025, 198 W
Fri Sep 26 13:43:04 IDT 2025, 179 W
Fri Sep 26 13:43:04 IDT 2025, 155 W
Fri Sep 26 13:43:05 IDT 2025, 170 W
Fri Sep 26 13:43:05 IDT 2025, 179 W
Fri Sep 26 13:43:05 IDT 2025, 220 W
Fri Sep 26 13:43:05 IDT 2025, 177 W
Fri Sep 26 13:43:05 IDT 2025, 188 W
Fri Sep 26 13:43:05 IDT 2025, 214 W
Fri Sep 26 13:43:05 IDT 2025, 185 W
Fri Sep 26 13:43:05 IDT 2025, 174 W
Fri Sep 26 13:43:06 IDT 2025, 173 W
Fri Sep 26 13:43:06 IDT 2025, 166 W
Fri Sep 26 13:43:06 IDT 2025, 206 W
Fri Sep 26 13:43:06 IDT 2025, 161 W
Fri Sep 26 13:43:06 IDT 2025, 156 W
Fri Sep 26 13:43:06 IDT 2025, 192 W
Fri Sep 26 13:43:06 IDT 2025, 173 W
Fri Sep 26 13:43:06 IDT 2025, 154 W
Fri Sep 26 13:43:07 IDT 2025, 160 W
Fri Sep 26 13:43:07 IDT 2025, 160 W
Fri Sep 26 13:43:07 IDT 2025, 191 W
Fri Sep 26 13:43:07 IDT 2025, 151 W
Fri Sep 26 13:43:07 IDT 2025, 153 W
Fri Sep 26 13:43:07 IDT 2025, 187 W
Fri Sep 26 13:43:07 IDT 2025, 162 W
Fri Sep 26 13:43:07 IDT 2025, 148 W
Fri Sep 26 13:43:08 IDT 2025, 164 W
Fri Sep 26 13:43:08 IDT 2025, 162 W
Fri Sep 26 13:43:08 IDT 2025, 181 W
Fri Sep 26 13:43:08 IDT 2025, 157 W
Fri Sep 26 13:43:08 IDT 2025, 166 W
Fri Sep 26 13:43:08 IDT 2025, 192 W
Fri Sep 26 13:43:08 IDT 2025, 164 W
Fri Sep 26 13:43:08 IDT 2025, 150 W
Fri Sep 26 13:43:09 IDT 2025, 183 W
Fri Sep 26 13:43:09 IDT 2025, 189 W
Fri Sep 26 13:43:09 IDT 2025, 216 W
Fri Sep 26 13:43:09 IDT 2025, 167 W
Fri Sep 26 13:43:09 IDT 2025, 176 W
Fri Sep 26 13:43:09 IDT 2025, 213 W
Fri Sep 26 13:43:09 IDT 2025, 179 W
Fri Sep 26 13:43:09 IDT 2025, 170 W
Fri Sep 26 13:43:10 IDT 2025, 182 W
Fri Sep 26 13:43:10 IDT 2025, 179 W
Fri Sep 26 13:43:10 IDT 2025, 217 W
Fri Sep 26 13:43:10 IDT 2025, 174 W
Fri Sep 26 13:43:10 IDT 2025, 177 W
Fri Sep 26 13:43:10 IDT 2025, 210 W
Fri Sep 26 13:43:10 IDT 2025, 177 W
Fri Sep 26 13:43:10 IDT 2025, 173 W
Fri Sep 26 13:43:11 IDT 2025, 162 W
Fri Sep 26 13:43:11 IDT 2025, 169 W
Fri Sep 26 13:43:11 IDT 2025, 203 W
Fri Sep 26 13:43:11 IDT 2025, 158 W
Fri Sep 26 13:43:11 IDT 2025, 172 W
Fri Sep 26 13:43:11 IDT 2025, 203 W
Fri Sep 26 13:43:11 IDT 2025, 176 W
Fri Sep 26 13:43:11 IDT 2025, 159 W
Fri Sep 26 13:43:12 IDT 2025, 185 W
Fri Sep 26 13:43:12 IDT 2025, 175 W
Fri Sep 26 13:43:12 IDT 2025, 214 W
Fri Sep 26 13:43:12 IDT 2025, 162 W
Fri Sep 26 13:43:12 IDT 2025, 179 W
Fri Sep 26 13:43:12 IDT 2025, 203 W
Fri Sep 26 13:43:12 IDT 2025, 177 W
Fri Sep 26 13:43:12 IDT 2025, 169 W
Fri Sep 26 13:43:13 IDT 2025, 172 W
Fri Sep 26 13:43:13 IDT 2025, 185 W
Fri Sep 26 13:43:13 IDT 2025, 208 W
Fri Sep 26 13:43:13 IDT 2025, 158 W
Fri Sep 26 13:43:13 IDT 2025, 181 W
Fri Sep 26 13:43:13 IDT 2025, 205 W
Fri Sep 26 13:43:13 IDT 2025, 185 W
Fri Sep 26 13:43:13 IDT 2025, 160 W
Fri Sep 26 13:43:14 IDT 2025, 173 W
Fri Sep 26 13:43:14 IDT 2025, 176 W
Fri Sep 26 13:43:14 IDT 2025, 208 W
Fri Sep 26 13:43:14 IDT 2025, 165 W
Fri Sep 26 13:43:14 IDT 2025, 179 W
Fri Sep 26 13:43:14 IDT 2025, 206 W
Fri Sep 26 13:43:14 IDT 2025, 188 W
Fri Sep 26 13:43:14 IDT 2025, 163 W
Fri Sep 26 13:43:15 IDT 2025, 167 W
Fri Sep 26 13:43:15 IDT 2025, 175 W
Fri Sep 26 13:43:15 IDT 2025, 200 W
Fri Sep 26 13:43:15 IDT 2025, 156 W
Fri Sep 26 13:43:15 IDT 2025, 171 W
Fri Sep 26 13:43:15 IDT 2025, 209 W
Fri Sep 26 13:43:15 IDT 2025, 173 W
Fri Sep 26 13:43:15 IDT 2025, 153 W
Fri Sep 26 13:43:16 IDT 2025, 184 W
Fri Sep 26 13:43:16 IDT 2025, 188 W
Fri Sep 26 13:43:16 IDT 2025, 218 W
Fri Sep 26 13:43:16 IDT 2025, 168 W
Fri Sep 26 13:43:16 IDT 2025, 175 W
Fri Sep 26 13:43:16 IDT 2025, 214 W
Fri Sep 26 13:43:16 IDT 2025, 192 W
Fri Sep 26 13:43:16 IDT 2025, 167 W
Fri Sep 26 13:43:17 IDT 2025, 172 W
Fri Sep 26 13:43:17 IDT 2025, 174 W
Fri Sep 26 13:43:17 IDT 2025, 218 W
Fri Sep 26 13:43:17 IDT 2025, 172 W
Fri Sep 26 13:43:17 IDT 2025, 170 W
Fri Sep 26 13:43:17 IDT 2025, 205 W
Fri Sep 26 13:43:17 IDT 2025, 179 W
Fri Sep 26 13:43:17 IDT 2025, 165 W
Fri Sep 26 13:43:18 IDT 2025, 172 W
Fri Sep 26 13:43:18 IDT 2025, 180 W
Fri Sep 26 13:43:18 IDT 2025, 198 W
Fri Sep 26 13:43:18 IDT 2025, 167 W
Fri Sep 26 13:43:18 IDT 2025, 184 W
Fri Sep 26 13:43:18 IDT 2025, 200 W
Fri Sep 26 13:43:18 IDT 2025, 180 W
Fri Sep 26 13:43:18 IDT 2025, 162 W
Fri Sep 26 13:43:19 IDT 2025, 169 W
Fri Sep 26 13:43:19 IDT 2025, 182 W
Fri Sep 26 13:43:19 IDT 2025, 205 W
Fri Sep 26 13:43:19 IDT 2025, 168 W
Fri Sep 26 13:43:19 IDT 2025, 184 W
Fri Sep 26 13:43:19 IDT 2025, 217 W
Fri Sep 26 13:43:19 IDT 2025, 177 W
Fri Sep 26 13:43:19 IDT 2025, 165 W
Fri Sep 26 13:43:20 IDT 2025, 167 W
Fri Sep 26 13:43:20 IDT 2025, 179 W
Fri Sep 26 13:43:20 IDT 2025, 208 W
Fri Sep 26 13:43:20 IDT 2025, 176 W
Fri Sep 26 13:43:20 IDT 2025, 172 W
Fri Sep 26 13:43:20 IDT 2025, 212 W
Fri Sep 26 13:43:20 IDT 2025, 182 W
Fri Sep 26 13:43:20 IDT 2025, 166 W
Fri Sep 26 13:43:21 IDT 2025, 180 W
Fri Sep 26 13:43:21 IDT 2025, 181 W
Fri Sep 26 13:43:21 IDT 2025, 219 W
Fri Sep 26 13:43:21 IDT 2025, 175 W
Fri Sep 26 13:43:21 IDT 2025, 184 W
Fri Sep 26 13:43:21 IDT 2025, 205 W
Fri Sep 26 13:43:21 IDT 2025, 183 W
Fri Sep 26 13:43:21 IDT 2025, 172 W
Fri Sep 26 13:43:22 IDT 2025, 176 W
Fri Sep 26 13:43:22 IDT 2025, 179 W
Fri Sep 26 13:43:22 IDT 2025, 205 W
Fri Sep 26 13:43:22 IDT 2025, 168 W
Fri Sep 26 13:43:22 IDT 2025, 177 W
Fri Sep 26 13:43:22 IDT 2025, 206 W
Fri Sep 26 13:43:22 IDT 2025, 193 W
Fri Sep 26 13:43:22 IDT 2025, 166 W
Fri Sep 26 13:43:23 IDT 2025, 156 W
Fri Sep 26 13:43:23 IDT 2025, 163 W
Fri Sep 26 13:43:23 IDT 2025, 194 W
Fri Sep 26 13:43:23 IDT 2025, 152 W
Fri Sep 26 13:43:23 IDT 2025, 152 W
Fri Sep 26 13:43:23 IDT 2025, 191 W
Fri Sep 26 13:43:23 IDT 2025, 170 W
Fri Sep 26 13:43:23 IDT 2025, 140 W
Fri Sep 26 13:43:24 IDT 2025, 170 W
Fri Sep 26 13:43:24 IDT 2025, 159 W
Fri Sep 26 13:43:24 IDT 2025, 195 W
Fri Sep 26 13:43:24 IDT 2025, 154 W
Fri Sep 26 13:43:24 IDT 2025, 150 W
Fri Sep 26 13:43:24 IDT 2025, 186 W
Fri Sep 26 13:43:24 IDT 2025, 174 W
Fri Sep 26 13:43:24 IDT 2025, 142 W
Fri Sep 26 13:43:25 IDT 2025, 165 W
Fri Sep 26 13:43:25 IDT 2025, 179 W
Fri Sep 26 13:43:25 IDT 2025, 215 W
Fri Sep 26 13:43:25 IDT 2025, 168 W
Fri Sep 26 13:43:25 IDT 2025, 181 W
Fri Sep 26 13:43:25 IDT 2025, 208 W
Fri Sep 26 13:43:25 IDT 2025, 181 W
Fri Sep 26 13:43:25 IDT 2025, 161 W
Fri Sep 26 13:43:26 IDT 2025, 171 W
Fri Sep 26 13:43:26 IDT 2025, 174 W
Fri Sep 26 13:43:26 IDT 2025, 210 W
Fri Sep 26 13:43:26 IDT 2025, 169 W
Fri Sep 26 13:43:26 IDT 2025, 179 W
Fri Sep 26 13:43:26 IDT 2025, 198 W
Fri Sep 26 13:43:26 IDT 2025, 188 W
Fri Sep 26 13:43:26 IDT 2025, 163 W
Fri Sep 26 13:43:27 IDT 2025, 176 W
Fri Sep 26 13:43:27 IDT 2025, 184 W
Fri Sep 26 13:43:27 IDT 2025, 216 W
Fri Sep 26 13:43:27 IDT 2025, 171 W
Fri Sep 26 13:43:27 IDT 2025, 179 W
Fri Sep 26 13:43:27 IDT 2025, 212 W
Fri Sep 26 13:43:27 IDT 2025, 185 W
Fri Sep 26 13:43:27 IDT 2025, 170 W
Fri Sep 26 13:43:28 IDT 2025, 170 W
Fri Sep 26 13:43:28 IDT 2025, 178 W
Fri Sep 26 13:43:28 IDT 2025, 204 W
Fri Sep 26 13:43:28 IDT 2025, 172 W
Fri Sep 26 13:43:28 IDT 2025, 185 W
Fri Sep 26 13:43:28 IDT 2025, 205 W
Fri Sep 26 13:43:28 IDT 2025, 184 W
Fri Sep 26 13:43:28 IDT 2025, 165 W
Fri Sep 26 13:43:29 IDT 2025, 183 W
Fri Sep 26 13:43:29 IDT 2025, 176 W
Fri Sep 26 13:43:29 IDT 2025, 212 W
Fri Sep 26 13:43:29 IDT 2025, 170 W
Fri Sep 26 13:43:29 IDT 2025, 182 W
Fri Sep 26 13:43:29 IDT 2025, 206 W
Fri Sep 26 13:43:29 IDT 2025, 184 W
Fri Sep 26 13:43:29 IDT 2025, 167 W
Fri Sep 26 13:43:30 IDT 2025, 181 W
Fri Sep 26 13:43:30 IDT 2025, 184 W
Fri Sep 26 13:43:30 IDT 2025, 211 W
Fri Sep 26 13:43:30 IDT 2025, 185 W
Fri Sep 26 13:43:30 IDT 2025, 172 W
Fri Sep 26 13:43:30 IDT 2025, 213 W
Fri Sep 26 13:43:30 IDT 2025, 186 W
Fri Sep 26 13:43:30 IDT 2025, 162 W
Fri Sep 26 13:43:31 IDT 2025, 179 W
Fri Sep 26 13:43:31 IDT 2025, 156 W
Fri Sep 26 13:43:31 IDT 2025, 214 W
Fri Sep 26 13:43:31 IDT 2025, 167 W
Fri Sep 26 13:43:31 IDT 2025, 172 W
Fri Sep 26 13:43:31 IDT 2025, 206 W
Fri Sep 26 13:43:31 IDT 2025, 186 W
Fri Sep 26 13:43:31 IDT 2025, 171 W
Fri Sep 26 13:43:32 IDT 2025, 177 W
Fri Sep 26 13:43:32 IDT 2025, 170 W
Fri Sep 26 13:43:32 IDT 2025, 209 W
Fri Sep 26 13:43:32 IDT 2025, 168 W
Fri Sep 26 13:43:32 IDT 2025, 178 W
Fri Sep 26 13:43:32 IDT 2025, 199 W
Fri Sep 26 13:43:32 IDT 2025, 184 W
Fri Sep 26 13:43:32 IDT 2025, 158 W
Fri Sep 26 13:43:33 IDT 2025, 185 W
Fri Sep 26 13:43:33 IDT 2025, 182 W
Fri Sep 26 13:43:33 IDT 2025, 220 W
Fri Sep 26 13:43:33 IDT 2025, 171 W
Fri Sep 26 13:43:33 IDT 2025, 173 W
Fri Sep 26 13:43:33 IDT 2025, 208 W
Fri Sep 26 13:43:33 IDT 2025, 186 W
Fri Sep 26 13:43:33 IDT 2025, 160 W
Fri Sep 26 13:43:34 IDT 2025, 175 W
Fri Sep 26 13:43:34 IDT 2025, 169 W
Fri Sep 26 13:43:34 IDT 2025, 199 W
Fri Sep 26 13:43:34 IDT 2025, 164 W
Fri Sep 26 13:43:34 IDT 2025, 165 W
Fri Sep 26 13:43:34 IDT 2025, 205 W
Fri Sep 26 13:43:34 IDT 2025, 178 W
Fri Sep 26 13:43:34 IDT 2025, 158 W
Fri Sep 26 13:43:35 IDT 2025, 168 W
Fri Sep 26 13:43:35 IDT 2025, 161 W
Fri Sep 26 13:43:35 IDT 2025, 195 W
Fri Sep 26 13:43:35 IDT 2025, 158 W
Fri Sep 26 13:43:35 IDT 2025, 161 W
Fri Sep 26 13:43:35 IDT 2025, 186 W
Fri Sep 26 13:43:35 IDT 2025, 173 W
Fri Sep 26 13:43:35 IDT 2025, 148 W
Fri Sep 26 13:43:36 IDT 2025, 179 W
Fri Sep 26 13:43:36 IDT 2025, 165 W
Fri Sep 26 13:43:36 IDT 2025, 198 W
Fri Sep 26 13:43:36 IDT 2025, 159 W
Fri Sep 26 13:43:36 IDT 2025, 151 W
Fri Sep 26 13:43:36 IDT 2025, 195 W
Fri Sep 26 13:43:36 IDT 2025, 164 W
Fri Sep 26 13:43:36 IDT 2025, 151 W
Fri Sep 26 13:43:37 IDT 2025, 175 W
Fri Sep 26 13:43:37 IDT 2025, 176 W
Fri Sep 26 13:43:37 IDT 2025, 211 W
Fri Sep 26 13:43:37 IDT 2025, 166 W
Fri Sep 26 13:43:37 IDT 2025, 172 W
Fri Sep 26 13:43:37 IDT 2025, 196 W
Fri Sep 26 13:43:37 IDT 2025, 180 W
Fri Sep 26 13:43:37 IDT 2025, 155 W
Fri Sep 26 13:43:38 IDT 2025, 159 W
Fri Sep 26 13:43:38 IDT 2025, 151 W
Fri Sep 26 13:43:38 IDT 2025, 187 W
Fri Sep 26 13:43:38 IDT 2025, 148 W
Fri Sep 26 13:43:38 IDT 2025, 155 W
Fri Sep 26 13:43:38 IDT 2025, 195 W
Fri Sep 26 13:43:38 IDT 2025, 163 W
Fri Sep 26 13:43:38 IDT 2025, 143 W
Fri Sep 26 13:43:39 IDT 2025, 181 W
Fri Sep 26 13:43:39 IDT 2025, 175 W
Fri Sep 26 13:43:39 IDT 2025, 209 W
Fri Sep 26 13:43:39 IDT 2025, 158 W
Fri Sep 26 13:43:39 IDT 2025, 178 W
Fri Sep 26 13:43:39 IDT 2025, 213 W
Fri Sep 26 13:43:39 IDT 2025, 186 W
Fri Sep 26 13:43:39 IDT 2025, 172 W
Fri Sep 26 13:43:40 IDT 2025, 165 W
Fri Sep 26 13:43:40 IDT 2025, 156 W
Fri Sep 26 13:43:40 IDT 2025, 204 W
Fri Sep 26 13:43:40 IDT 2025, 164 W
Fri Sep 26 13:43:40 IDT 2025, 171 W
Fri Sep 26 13:43:40 IDT 2025, 196 W
Fri Sep 26 13:43:40 IDT 2025, 182 W
Fri Sep 26 13:43:40 IDT 2025, 147 W
Fri Sep 26 13:43:41 IDT 2025, 171 W
Fri Sep 26 13:43:41 IDT 2025, 165 W
Fri Sep 26 13:43:41 IDT 2025, 204 W
Fri Sep 26 13:43:41 IDT 2025, 162 W
Fri Sep 26 13:43:41 IDT 2025, 165 W
Fri Sep 26 13:43:41 IDT 2025, 199 W
Fri Sep 26 13:43:41 IDT 2025, 171 W
Fri Sep 26 13:43:41 IDT 2025, 146 W
Fri Sep 26 13:43:42 IDT 2025, 161 W
Fri Sep 26 13:43:42 IDT 2025, 163 W
Fri Sep 26 13:43:42 IDT 2025, 193 W
Fri Sep 26 13:43:42 IDT 2025, 151 W
Fri Sep 26 13:43:42 IDT 2025, 158 W
Fri Sep 26 13:43:42 IDT 2025, 189 W
Fri Sep 26 13:43:42 IDT 2025, 171 W
Fri Sep 26 13:43:42 IDT 2025, 152 W
Fri Sep 26 13:43:43 IDT 2025, 164 W
Fri Sep 26 13:43:43 IDT 2025, 175 W
Fri Sep 26 13:43:43 IDT 2025, 199 W
Fri Sep 26 13:43:43 IDT 2025, 162 W
Fri Sep 26 13:43:43 IDT 2025, 168 W
Fri Sep 26 13:43:43 IDT 2025, 192 W
Fri Sep 26 13:43:43 IDT 2025, 169 W
Fri Sep 26 13:43:43 IDT 2025, 154 W
Fri Sep 26 13:43:44 IDT 2025, 177 W
Fri Sep 26 13:43:44 IDT 2025, 181 W
Fri Sep 26 13:43:44 IDT 2025, 209 W
Fri Sep 26 13:43:44 IDT 2025, 179 W
Fri Sep 26 13:43:44 IDT 2025, 179 W
Fri Sep 26 13:43:44 IDT 2025, 206 W
Fri Sep 26 13:43:44 IDT 2025, 188 W
Fri Sep 26 13:43:44 IDT 2025, 168 W
Fri Sep 26 13:43:45 IDT 2025, 195 W
Fri Sep 26 13:43:45 IDT 2025, 189 W
Fri Sep 26 13:43:45 IDT 2025, 216 W
Fri Sep 26 13:43:45 IDT 2025, 167 W
Fri Sep 26 13:43:45 IDT 2025, 193 W
Fri Sep 26 13:43:45 IDT 2025, 216 W
Fri Sep 26 13:43:45 IDT 2025, 191 W
Fri Sep 26 13:43:45 IDT 2025, 172 W
Fri Sep 26 13:43:46 IDT 2025, 174 W
Fri Sep 26 13:43:46 IDT 2025, 179 W
Fri Sep 26 13:43:46 IDT 2025, 209 W
Fri Sep 26 13:43:46 IDT 2025, 165 W
Fri Sep 26 13:43:46 IDT 2025, 183 W
Fri Sep 26 13:43:46 IDT 2025, 207 W
Fri Sep 26 13:43:46 IDT 2025, 181 W
Fri Sep 26 13:43:46 IDT 2025, 163 W
Fri Sep 26 13:43:47 IDT 2025, 172 W
Fri Sep 26 13:43:47 IDT 2025, 173 W
Fri Sep 26 13:43:47 IDT 2025, 192 W
Fri Sep 26 13:43:47 IDT 2025, 163 W
Fri Sep 26 13:43:47 IDT 2025, 161 W
Fri Sep 26 13:43:47 IDT 2025, 210 W
Fri Sep 26 13:43:47 IDT 2025, 173 W
Fri Sep 26 13:43:47 IDT 2025, 146 W
Fri Sep 26 13:43:48 IDT 2025, 172 W
Fri Sep 26 13:43:48 IDT 2025, 184 W
Fri Sep 26 13:43:48 IDT 2025, 206 W
Fri Sep 26 13:43:48 IDT 2025, 168 W
Fri Sep 26 13:43:48 IDT 2025, 174 W
Fri Sep 26 13:43:48 IDT 2025, 206 W
Fri Sep 26 13:43:48 IDT 2025, 181 W
Fri Sep 26 13:43:48 IDT 2025, 165 W
Fri Sep 26 13:43:49 IDT 2025, 170 W
Fri Sep 26 13:43:49 IDT 2025, 184 W
Fri Sep 26 13:43:49 IDT 2025, 208 W
Fri Sep 26 13:43:49 IDT 2025, 175 W
Fri Sep 26 13:43:49 IDT 2025, 170 W
Fri Sep 26 13:43:49 IDT 2025, 202 W
Fri Sep 26 13:43:49 IDT 2025, 175 W
Fri Sep 26 13:43:49 IDT 2025, 166 W
Fri Sep 26 13:43:50 IDT 2025, 170 W
Fri Sep 26 13:43:50 IDT 2025, 174 W
Fri Sep 26 13:43:50 IDT 2025, 198 W
Fri Sep 26 13:43:50 IDT 2025, 160 W
Fri Sep 26 13:43:50 IDT 2025, 161 W
Fri Sep 26 13:43:50 IDT 2025, 196 W
Fri Sep 26 13:43:50 IDT 2025, 174 W
Fri Sep 26 13:43:50 IDT 2025, 146 W
Fri Sep 26 13:43:51 IDT 2025, 175 W
Fri Sep 26 13:43:51 IDT 2025, 180 W
Fri Sep 26 13:43:51 IDT 2025, 211 W
Fri Sep 26 13:43:51 IDT 2025, 171 W
Fri Sep 26 13:43:51 IDT 2025, 175 W
Fri Sep 26 13:43:51 IDT 2025, 213 W
Fri Sep 26 13:43:51 IDT 2025, 174 W
Fri Sep 26 13:43:51 IDT 2025, 163 W
Fri Sep 26 13:43:52 IDT 2025, 169 W
Fri Sep 26 13:43:52 IDT 2025, 167 W
Fri Sep 26 13:43:52 IDT 2025, 206 W
Fri Sep 26 13:43:52 IDT 2025, 164 W
Fri Sep 26 13:43:52 IDT 2025, 156 W
Fri Sep 26 13:43:52 IDT 2025, 207 W
Fri Sep 26 13:43:52 IDT 2025, 177 W
Fri Sep 26 13:43:52 IDT 2025, 155 W
Fri Sep 26 13:43:53 IDT 2025, 180 W
Fri Sep 26 13:43:53 IDT 2025, 186 W
Fri Sep 26 13:43:53 IDT 2025, 224 W
Fri Sep 26 13:43:53 IDT 2025, 179 W
Fri Sep 26 13:43:53 IDT 2025, 196 W
Fri Sep 26 13:43:53 IDT 2025, 222 W
Fri Sep 26 13:43:53 IDT 2025, 190 W
Fri Sep 26 13:43:53 IDT 2025, 172 W
Fri Sep 26 13:43:54 IDT 2025, 171 W
Fri Sep 26 13:43:54 IDT 2025, 175 W
Fri Sep 26 13:43:54 IDT 2025, 193 W
Fri Sep 26 13:43:54 IDT 2025, 167 W
Fri Sep 26 13:43:54 IDT 2025, 159 W
Fri Sep 26 13:43:54 IDT 2025, 199 W
Fri Sep 26 13:43:54 IDT 2025, 167 W
Fri Sep 26 13:43:54 IDT 2025, 155 W
Fri Sep 26 13:43:55 IDT 2025, 175 W
Fri Sep 26 13:43:55 IDT 2025, 180 W
Fri Sep 26 13:43:55 IDT 2025, 213 W
Fri Sep 26 13:43:55 IDT 2025, 173 W
Fri Sep 26 13:43:55 IDT 2025, 176 W
Fri Sep 26 13:43:55 IDT 2025, 201 W
Fri Sep 26 13:43:55 IDT 2025, 183 W
Fri Sep 26 13:43:55 IDT 2025, 163 W
Fri Sep 26 13:43:56 IDT 2025, 176 W
Fri Sep 26 13:43:56 IDT 2025, 185 W
Fri Sep 26 13:43:56 IDT 2025, 208 W
Fri Sep 26 13:43:56 IDT 2025, 167 W
Fri Sep 26 13:43:56 IDT 2025, 178 W
Fri Sep 26 13:43:56 IDT 2025, 194 W
Fri Sep 26 13:43:56 IDT 2025, 181 W
Fri Sep 26 13:43:56 IDT 2025, 160 W
Fri Sep 26 13:43:57 IDT 2025, 173 W
Fri Sep 26 13:43:57 IDT 2025, 183 W
Fri Sep 26 13:43:57 IDT 2025, 214 W
Fri Sep 26 13:43:57 IDT 2025, 172 W
Fri Sep 26 13:43:57 IDT 2025, 182 W
Fri Sep 26 13:43:57 IDT 2025, 195 W
Fri Sep 26 13:43:57 IDT 2025, 191 W
Fri Sep 26 13:43:57 IDT 2025, 161 W
Fri Sep 26 13:43:58 IDT 2025, 170 W
Fri Sep 26 13:43:58 IDT 2025, 169 W
Fri Sep 26 13:43:58 IDT 2025, 205 W
Fri Sep 26 13:43:58 IDT 2025, 168 W
Fri Sep 26 13:43:58 IDT 2025, 171 W
Fri Sep 26 13:43:58 IDT 2025, 196 W
Fri Sep 26 13:43:58 IDT 2025, 172 W
Fri Sep 26 13:43:58 IDT 2025, 154 W
Fri Sep 26 13:43:59 IDT 2025, 183 W
Fri Sep 26 13:43:59 IDT 2025, 174 W
Fri Sep 26 13:43:59 IDT 2025, 214 W
Fri Sep 26 13:43:59 IDT 2025, 174 W
Fri Sep 26 13:43:59 IDT 2025, 182 W
Fri Sep 26 13:43:59 IDT 2025, 209 W
Fri Sep 26 13:43:59 IDT 2025, 184 W
Fri Sep 26 13:43:59 IDT 2025, 164 W
Fri Sep 26 13:44:00 IDT 2025, 180 W
Fri Sep 26 13:44:00 IDT 2025, 180 W
Fri Sep 26 13:44:00 IDT 2025, 213 W
Fri Sep 26 13:44:00 IDT 2025, 173 W
Fri Sep 26 13:44:00 IDT 2025, 179 W
Fri Sep 26 13:44:00 IDT 2025, 202 W
Fri Sep 26 13:44:00 IDT 2025, 186 W
Fri Sep 26 13:44:00 IDT 2025, 164 W
Fri Sep 26 13:44:01 IDT 2025, 189 W
Fri Sep 26 13:44:01 IDT 2025, 182 W
Fri Sep 26 13:44:01 IDT 2025, 209 W
Fri Sep 26 13:44:01 IDT 2025, 174 W
Fri Sep 26 13:44:01 IDT 2025, 170 W
Fri Sep 26 13:44:01 IDT 2025, 202 W
Fri Sep 26 13:44:01 IDT 2025, 183 W
Fri Sep 26 13:44:01 IDT 2025, 169 W
Fri Sep 26 13:44:02 IDT 2025, 173 W
Fri Sep 26 13:44:02 IDT 2025, 177 W
Fri Sep 26 13:44:02 IDT 2025, 214 W
Fri Sep 26 13:44:02 IDT 2025, 160 W
Fri Sep 26 13:44:02 IDT 2025, 181 W
Fri Sep 26 13:44:02 IDT 2025, 201 W
Fri Sep 26 13:44:02 IDT 2025, 181 W
Fri Sep 26 13:44:02 IDT 2025, 156 W
Fri Sep 26 13:44:03 IDT 2025, 181 W
Fri Sep 26 13:44:03 IDT 2025, 180 W
Fri Sep 26 13:44:03 IDT 2025, 211 W
Fri Sep 26 13:44:03 IDT 2025, 173 W
Fri Sep 26 13:44:03 IDT 2025, 184 W
Fri Sep 26 13:44:03 IDT 2025, 204 W
Fri Sep 26 13:44:03 IDT 2025, 188 W
Fri Sep 26 13:44:03 IDT 2025, 170 W
Fri Sep 26 13:44:04 IDT 2025, 180 W
Fri Sep 26 13:44:04 IDT 2025, 177 W
Fri Sep 26 13:44:04 IDT 2025, 219 W
Fri Sep 26 13:44:04 IDT 2025, 177 W
Fri Sep 26 13:44:04 IDT 2025, 180 W
Fri Sep 26 13:44:04 IDT 2025, 207 W
Fri Sep 26 13:44:04 IDT 2025, 185 W
Fri Sep 26 13:44:04 IDT 2025, 169 W
Fri Sep 26 13:44:05 IDT 2025, 184 W
Fri Sep 26 13:44:05 IDT 2025, 166 W
Fri Sep 26 13:44:05 IDT 2025, 204 W
Fri Sep 26 13:44:05 IDT 2025, 172 W
Fri Sep 26 13:44:05 IDT 2025, 180 W
Fri Sep 26 13:44:05 IDT 2025, 213 W
Fri Sep 26 13:44:05 IDT 2025, 183 W
Fri Sep 26 13:44:05 IDT 2025, 164 W
Fri Sep 26 13:44:06 IDT 2025, 184 W
Fri Sep 26 13:44:06 IDT 2025, 183 W
Fri Sep 26 13:44:06 IDT 2025, 206 W
Fri Sep 26 13:44:06 IDT 2025, 169 W
Fri Sep 26 13:44:06 IDT 2025, 181 W
Fri Sep 26 13:44:06 IDT 2025, 219 W
Fri Sep 26 13:44:06 IDT 2025, 184 W
Fri Sep 26 13:44:06 IDT 2025, 171 W
Fri Sep 26 13:44:07 IDT 2025, 169 W
Fri Sep 26 13:44:07 IDT 2025, 172 W
Fri Sep 26 13:44:07 IDT 2025, 209 W
Fri Sep 26 13:44:07 IDT 2025, 173 W
Fri Sep 26 13:44:07 IDT 2025, 181 W
Fri Sep 26 13:44:07 IDT 2025, 209 W
Fri Sep 26 13:44:07 IDT 2025, 181 W
Fri Sep 26 13:44:07 IDT 2025, 162 W
Fri Sep 26 13:44:08 IDT 2025, 171 W
Fri Sep 26 13:44:08 IDT 2025, 181 W
Fri Sep 26 13:44:08 IDT 2025, 209 W
Fri Sep 26 13:44:08 IDT 2025, 169 W
Fri Sep 26 13:44:08 IDT 2025, 174 W
Fri Sep 26 13:44:08 IDT 2025, 205 W
Fri Sep 26 13:44:08 IDT 2025, 182 W
Fri Sep 26 13:44:08 IDT 2025, 164 W
Fri Sep 26 13:44:09 IDT 2025, 178 W
Fri Sep 26 13:44:09 IDT 2025, 182 W
Fri Sep 26 13:44:09 IDT 2025, 215 W
Fri Sep 26 13:44:09 IDT 2025, 180 W
Fri Sep 26 13:44:09 IDT 2025, 194 W
Fri Sep 26 13:44:09 IDT 2025, 212 W
Fri Sep 26 13:44:09 IDT 2025, 193 W
Fri Sep 26 13:44:09 IDT 2025, 173 W
Fri Sep 26 13:44:10 IDT 2025, 182 W
Fri Sep 26 13:44:10 IDT 2025, 174 W
Fri Sep 26 13:44:10 IDT 2025, 217 W
Fri Sep 26 13:44:10 IDT 2025, 170 W
Fri Sep 26 13:44:10 IDT 2025, 185 W
Fri Sep 26 13:44:10 IDT 2025, 206 W
Fri Sep 26 13:44:10 IDT 2025, 180 W
Fri Sep 26 13:44:10 IDT 2025, 166 W
Fri Sep 26 13:44:11 IDT 2025, 189 W
Fri Sep 26 13:44:11 IDT 2025, 182 W
Fri Sep 26 13:44:11 IDT 2025, 217 W
Fri Sep 26 13:44:11 IDT 2025, 174 W
Fri Sep 26 13:44:11 IDT 2025, 182 W
Fri Sep 26 13:44:11 IDT 2025, 217 W
Fri Sep 26 13:44:11 IDT 2025, 182 W
Fri Sep 26 13:44:11 IDT 2025, 171 W
Fri Sep 26 13:44:12 IDT 2025, 180 W
Fri Sep 26 13:44:12 IDT 2025, 188 W
Fri Sep 26 13:44:12 IDT 2025, 220 W
Fri Sep 26 13:44:12 IDT 2025, 170 W
Fri Sep 26 13:44:12 IDT 2025, 181 W
Fri Sep 26 13:44:12 IDT 2025, 205 W
Fri Sep 26 13:44:12 IDT 2025, 190 W
Fri Sep 26 13:44:12 IDT 2025, 166 W
Fri Sep 26 13:44:13 IDT 2025, 173 W
Fri Sep 26 13:44:13 IDT 2025, 188 W
Fri Sep 26 13:44:13 IDT 2025, 210 W
Fri Sep 26 13:44:13 IDT 2025, 171 W
Fri Sep 26 13:44:13 IDT 2025, 177 W
Fri Sep 26 13:44:13 IDT 2025, 208 W
Fri Sep 26 13:44:13 IDT 2025, 191 W
Fri Sep 26 13:44:13 IDT 2025, 164 W
Fri Sep 26 13:44:14 IDT 2025, 169 W
Fri Sep 26 13:44:14 IDT 2025, 170 W
Fri Sep 26 13:44:14 IDT 2025, 205 W
Fri Sep 26 13:44:14 IDT 2025, 159 W
Fri Sep 26 13:44:14 IDT 2025, 172 W
Fri Sep 26 13:44:14 IDT 2025, 206 W
Fri Sep 26 13:44:14 IDT 2025, 187 W
Fri Sep 26 13:44:14 IDT 2025, 166 W
Fri Sep 26 13:44:15 IDT 2025, 176 W
Fri Sep 26 13:44:15 IDT 2025, 180 W
Fri Sep 26 13:44:15 IDT 2025, 203 W
Fri Sep 26 13:44:15 IDT 2025, 159 W
Fri Sep 26 13:44:15 IDT 2025, 174 W
Fri Sep 26 13:44:15 IDT 2025, 201 W
Fri Sep 26 13:44:15 IDT 2025, 186 W
Fri Sep 26 13:44:15 IDT 2025, 162 W
Fri Sep 26 13:44:16 IDT 2025, 180 W
Fri Sep 26 13:44:16 IDT 2025, 163 W
Fri Sep 26 13:44:16 IDT 2025, 213 W
Fri Sep 26 13:44:16 IDT 2025, 179 W
Fri Sep 26 13:44:16 IDT 2025, 185 W
Fri Sep 26 13:44:16 IDT 2025, 203 W
Fri Sep 26 13:44:16 IDT 2025, 185 W
Fri Sep 26 13:44:16 IDT 2025, 159 W
Fri Sep 26 13:44:17 IDT 2025, 176 W
Fri Sep 26 13:44:17 IDT 2025, 184 W
Fri Sep 26 13:44:17 IDT 2025, 214 W
Fri Sep 26 13:44:17 IDT 2025, 164 W
Fri Sep 26 13:44:17 IDT 2025, 182 W
Fri Sep 26 13:44:17 IDT 2025, 208 W
Fri Sep 26 13:44:17 IDT 2025, 183 W
Fri Sep 26 13:44:17 IDT 2025, 165 W
Fri Sep 26 13:44:18 IDT 2025, 173 W
Fri Sep 26 13:44:18 IDT 2025, 172 W
Fri Sep 26 13:44:18 IDT 2025, 209 W
Fri Sep 26 13:44:18 IDT 2025, 171 W
Fri Sep 26 13:44:18 IDT 2025, 175 W
Fri Sep 26 13:44:18 IDT 2025, 203 W
Fri Sep 26 13:44:18 IDT 2025, 173 W
Fri Sep 26 13:44:18 IDT 2025, 161 W
Fri Sep 26 13:44:19 IDT 2025, 182 W
Fri Sep 26 13:44:19 IDT 2025, 168 W
Fri Sep 26 13:44:19 IDT 2025, 209 W
Fri Sep 26 13:44:19 IDT 2025, 169 W
Fri Sep 26 13:44:19 IDT 2025, 183 W
Fri Sep 26 13:44:19 IDT 2025, 210 W
Fri Sep 26 13:44:19 IDT 2025, 188 W
Fri Sep 26 13:44:19 IDT 2025, 162 W
Fri Sep 26 13:44:20 IDT 2025, 171 W
Fri Sep 26 13:44:20 IDT 2025, 165 W
Fri Sep 26 13:44:20 IDT 2025, 204 W
Fri Sep 26 13:44:20 IDT 2025, 170 W
Fri Sep 26 13:44:20 IDT 2025, 183 W
Fri Sep 26 13:44:20 IDT 2025, 209 W
Fri Sep 26 13:44:20 IDT 2025, 172 W
Fri Sep 26 13:44:20 IDT 2025, 155 W
Fri Sep 26 13:44:21 IDT 2025, 177 W
Fri Sep 26 13:44:21 IDT 2025, 169 W
Fri Sep 26 13:44:21 IDT 2025, 207 W
Fri Sep 26 13:44:21 IDT 2025, 163 W
Fri Sep 26 13:44:21 IDT 2025, 177 W
Fri Sep 26 13:44:21 IDT 2025, 201 W
Fri Sep 26 13:44:21 IDT 2025, 186 W
Fri Sep 26 13:44:21 IDT 2025, 154 W
Fri Sep 26 13:44:22 IDT 2025, 177 W
Fri Sep 26 13:44:22 IDT 2025, 170 W
Fri Sep 26 13:44:22 IDT 2025, 215 W
Fri Sep 26 13:44:22 IDT 2025, 178 W
Fri Sep 26 13:44:22 IDT 2025, 185 W
Fri Sep 26 13:44:22 IDT 2025, 207 W
Fri Sep 26 13:44:22 IDT 2025, 188 W
Fri Sep 26 13:44:22 IDT 2025, 168 W
Fri Sep 26 13:44:23 IDT 2025, 179 W
Fri Sep 26 13:44:23 IDT 2025, 174 W
Fri Sep 26 13:44:23 IDT 2025, 211 W
Fri Sep 26 13:44:23 IDT 2025, 172 W
Fri Sep 26 13:44:23 IDT 2025, 186 W
Fri Sep 26 13:44:23 IDT 2025, 206 W
Fri Sep 26 13:44:23 IDT 2025, 182 W
Fri Sep 26 13:44:23 IDT 2025, 168 W
Fri Sep 26 13:44:24 IDT 2025, 178 W
Fri Sep 26 13:44:24 IDT 2025, 172 W
Fri Sep 26 13:44:24 IDT 2025, 212 W
Fri Sep 26 13:44:24 IDT 2025, 175 W
Fri Sep 26 13:44:24 IDT 2025, 177 W
Fri Sep 26 13:44:24 IDT 2025, 214 W
Fri Sep 26 13:44:24 IDT 2025, 188 W
Fri Sep 26 13:44:24 IDT 2025, 168 W
Fri Sep 26 13:44:25 IDT 2025, 177 W
Fri Sep 26 13:44:25 IDT 2025, 168 W
Fri Sep 26 13:44:25 IDT 2025, 202 W
Fri Sep 26 13:44:25 IDT 2025, 166 W
Fri Sep 26 13:44:25 IDT 2025, 173 W
Fri Sep 26 13:44:25 IDT 2025, 193 W
Fri Sep 26 13:44:25 IDT 2025, 176 W
Fri Sep 26 13:44:25 IDT 2025, 153 W
Fri Sep 26 13:44:26 IDT 2025, 171 W
Fri Sep 26 13:44:26 IDT 2025, 168 W
Fri Sep 26 13:44:26 IDT 2025, 201 W
Fri Sep 26 13:44:26 IDT 2025, 165 W
Fri Sep 26 13:44:26 IDT 2025, 169 W
Fri Sep 26 13:44:26 IDT 2025, 202 W
Fri Sep 26 13:44:26 IDT 2025, 182 W
Fri Sep 26 13:44:26 IDT 2025, 154 W
Fri Sep 26 13:44:27 IDT 2025, 179 W
Fri Sep 26 13:44:27 IDT 2025, 175 W
Fri Sep 26 13:44:27 IDT 2025, 205 W
Fri Sep 26 13:44:27 IDT 2025, 165 W
Fri Sep 26 13:44:27 IDT 2025, 179 W
Fri Sep 26 13:44:27 IDT 2025, 203 W
Fri Sep 26 13:44:27 IDT 2025, 177 W
Fri Sep 26 13:44:27 IDT 2025, 163 W
Fri Sep 26 13:44:28 IDT 2025, 173 W
Fri Sep 26 13:44:28 IDT 2025, 180 W
Fri Sep 26 13:44:28 IDT 2025, 220 W
Fri Sep 26 13:44:28 IDT 2025, 170 W
Fri Sep 26 13:44:28 IDT 2025, 175 W
Fri Sep 26 13:44:28 IDT 2025, 206 W
Fri Sep 26 13:44:28 IDT 2025, 184 W
Fri Sep 26 13:44:28 IDT 2025, 151 W
Fri Sep 26 13:44:29 IDT 2025, 193 W
Fri Sep 26 13:44:29 IDT 2025, 193 W
Fri Sep 26 13:44:29 IDT 2025, 207 W
Fri Sep 26 13:44:29 IDT 2025, 177 W
Fri Sep 26 13:44:29 IDT 2025, 180 W
Fri Sep 26 13:44:29 IDT 2025, 219 W
Fri Sep 26 13:44:29 IDT 2025, 199 W
Fri Sep 26 13:44:29 IDT 2025, 179 W
Fri Sep 26 13:44:30 IDT 2025, 180 W
Fri Sep 26 13:44:30 IDT 2025, 158 W
Fri Sep 26 13:44:30 IDT 2025, 202 W
Fri Sep 26 13:44:30 IDT 2025, 173 W
Fri Sep 26 13:44:30 IDT 2025, 184 W
Fri Sep 26 13:44:30 IDT 2025, 203 W
Fri Sep 26 13:44:30 IDT 2025, 180 W
Fri Sep 26 13:44:30 IDT 2025, 166 W
Fri Sep 26 13:44:31 IDT 2025, 175 W
Fri Sep 26 13:44:31 IDT 2025, 168 W
Fri Sep 26 13:44:31 IDT 2025, 211 W
Fri Sep 26 13:44:31 IDT 2025, 165 W
Fri Sep 26 13:44:31 IDT 2025, 174 W
Fri Sep 26 13:44:31 IDT 2025, 200 W
Fri Sep 26 13:44:31 IDT 2025, 191 W
Fri Sep 26 13:44:31 IDT 2025, 160 W
Fri Sep 26 13:44:32 IDT 2025, 186 W
Fri Sep 26 13:44:32 IDT 2025, 167 W
Fri Sep 26 13:44:32 IDT 2025, 210 W
Fri Sep 26 13:44:32 IDT 2025, 171 W
Fri Sep 26 13:44:32 IDT 2025, 186 W
Fri Sep 26 13:44:32 IDT 2025, 210 W
Fri Sep 26 13:44:32 IDT 2025, 181 W
Fri Sep 26 13:44:32 IDT 2025, 164 W
Fri Sep 26 13:44:33 IDT 2025, 179 W
Fri Sep 26 13:44:33 IDT 2025, 172 W
Fri Sep 26 13:44:33 IDT 2025, 212 W
Fri Sep 26 13:44:33 IDT 2025, 173 W
Fri Sep 26 13:44:33 IDT 2025, 179 W
Fri Sep 26 13:44:33 IDT 2025, 215 W
Fri Sep 26 13:44:33 IDT 2025, 186 W
Fri Sep 26 13:44:33 IDT 2025, 167 W
Fri Sep 26 13:44:34 IDT 2025, 183 W
Fri Sep 26 13:44:34 IDT 2025, 176 W
Fri Sep 26 13:44:34 IDT 2025, 223 W
Fri Sep 26 13:44:34 IDT 2025, 173 W
Fri Sep 26 13:44:34 IDT 2025, 178 W
Fri Sep 26 13:44:34 IDT 2025, 217 W
Fri Sep 26 13:44:34 IDT 2025, 188 W
Fri Sep 26 13:44:34 IDT 2025, 168 W
Fri Sep 26 13:44:35 IDT 2025, 184 W
Fri Sep 26 13:44:35 IDT 2025, 171 W
Fri Sep 26 13:44:35 IDT 2025, 207 W
Fri Sep 26 13:44:35 IDT 2025, 180 W
Fri Sep 26 13:44:35 IDT 2025, 175 W
Fri Sep 26 13:44:35 IDT 2025, 203 W
Fri Sep 26 13:44:35 IDT 2025, 190 W
Fri Sep 26 13:44:35 IDT 2025, 161 W
Fri Sep 26 13:44:36 IDT 2025, 169 W
Fri Sep 26 13:44:36 IDT 2025, 170 W
Fri Sep 26 13:44:36 IDT 2025, 204 W
Fri Sep 26 13:44:36 IDT 2025, 154 W
Fri Sep 26 13:44:36 IDT 2025, 160 W
Fri Sep 26 13:44:36 IDT 2025, 197 W
Fri Sep 26 13:44:36 IDT 2025, 165 W
Fri Sep 26 13:44:36 IDT 2025, 158 W
Fri Sep 26 13:44:37 IDT 2025, 187 W
Fri Sep 26 13:44:37 IDT 2025, 181 W
Fri Sep 26 13:44:37 IDT 2025, 208 W
Fri Sep 26 13:44:37 IDT 2025, 164 W
Fri Sep 26 13:44:37 IDT 2025, 175 W
Fri Sep 26 13:44:37 IDT 2025, 201 W
Fri Sep 26 13:44:37 IDT 2025, 184 W
Fri Sep 26 13:44:37 IDT 2025, 162 W
Fri Sep 26 13:44:38 IDT 2025, 177 W
Fri Sep 26 13:44:38 IDT 2025, 176 W
Fri Sep 26 13:44:38 IDT 2025, 204 W
Fri Sep 26 13:44:38 IDT 2025, 172 W
Fri Sep 26 13:44:38 IDT 2025, 170 W
Fri Sep 26 13:44:38 IDT 2025, 207 W
Fri Sep 26 13:44:38 IDT 2025, 177 W
Fri Sep 26 13:44:38 IDT 2025, 163 W
Fri Sep 26 13:44:39 IDT 2025, 169 W
Fri Sep 26 13:44:39 IDT 2025, 181 W
Fri Sep 26 13:44:39 IDT 2025, 194 W
Fri Sep 26 13:44:39 IDT 2025, 165 W
Fri Sep 26 13:44:39 IDT 2025, 176 W
Fri Sep 26 13:44:39 IDT 2025, 201 W
Fri Sep 26 13:44:39 IDT 2025, 183 W
Fri Sep 26 13:44:39 IDT 2025, 160 W
Fri Sep 26 13:44:40 IDT 2025, 186 W
Fri Sep 26 13:44:40 IDT 2025, 177 W
Fri Sep 26 13:44:40 IDT 2025, 201 W
Fri Sep 26 13:44:40 IDT 2025, 174 W
Fri Sep 26 13:44:40 IDT 2025, 177 W
Fri Sep 26 13:44:40 IDT 2025, 203 W
Fri Sep 26 13:44:40 IDT 2025, 194 W
Fri Sep 26 13:44:40 IDT 2025, 159 W
Fri Sep 26 13:44:41 IDT 2025, 174 W
Fri Sep 26 13:44:41 IDT 2025, 176 W
Fri Sep 26 13:44:41 IDT 2025, 197 W
Fri Sep 26 13:44:41 IDT 2025, 172 W
Fri Sep 26 13:44:41 IDT 2025, 175 W
Fri Sep 26 13:44:41 IDT 2025, 210 W
Fri Sep 26 13:44:41 IDT 2025, 180 W
Fri Sep 26 13:44:41 IDT 2025, 166 W
Fri Sep 26 13:44:42 IDT 2025, 177 W
Fri Sep 26 13:44:42 IDT 2025, 178 W
Fri Sep 26 13:44:42 IDT 2025, 195 W
Fri Sep 26 13:44:42 IDT 2025, 165 W
Fri Sep 26 13:44:42 IDT 2025, 171 W
Fri Sep 26 13:44:42 IDT 2025, 208 W
Fri Sep 26 13:44:42 IDT 2025, 174 W
Fri Sep 26 13:44:42 IDT 2025, 160 W
Fri Sep 26 13:44:43 IDT 2025, 183 W
Fri Sep 26 13:44:43 IDT 2025, 174 W
Fri Sep 26 13:44:43 IDT 2025, 200 W
Fri Sep 26 13:44:43 IDT 2025, 168 W
Fri Sep 26 13:44:43 IDT 2025, 183 W
Fri Sep 26 13:44:43 IDT 2025, 206 W
Fri Sep 26 13:44:43 IDT 2025, 191 W
Fri Sep 26 13:44:43 IDT 2025, 168 W
Fri Sep 26 13:44:44 IDT 2025, 169 W
Fri Sep 26 13:44:44 IDT 2025, 176 W
Fri Sep 26 13:44:44 IDT 2025, 201 W
Fri Sep 26 13:44:44 IDT 2025, 166 W
Fri Sep 26 13:44:44 IDT 2025, 170 W
Fri Sep 26 13:44:44 IDT 2025, 200 W
Fri Sep 26 13:44:44 IDT 2025, 176 W
Fri Sep 26 13:44:44 IDT 2025, 157 W
Fri Sep 26 13:44:45 IDT 2025, 168 W
Fri Sep 26 13:44:45 IDT 2025, 176 W
Fri Sep 26 13:44:45 IDT 2025, 205 W
Fri Sep 26 13:44:45 IDT 2025, 160 W
Fri Sep 26 13:44:45 IDT 2025, 171 W
Fri Sep 26 13:44:45 IDT 2025, 208 W
Fri Sep 26 13:44:45 IDT 2025, 172 W
Fri Sep 26 13:44:45 IDT 2025, 155 W
Fri Sep 26 13:44:46 IDT 2025, 173 W
Fri Sep 26 13:44:46 IDT 2025, 172 W
Fri Sep 26 13:44:46 IDT 2025, 200 W
Fri Sep 26 13:44:46 IDT 2025, 170 W
Fri Sep 26 13:44:46 IDT 2025, 176 W
Fri Sep 26 13:44:46 IDT 2025, 205 W
Fri Sep 26 13:44:46 IDT 2025, 180 W
Fri Sep 26 13:44:46 IDT 2025, 164 W
Fri Sep 26 13:44:47 IDT 2025, 177 W
Fri Sep 26 13:44:47 IDT 2025, 173 W
Fri Sep 26 13:44:47 IDT 2025, 200 W
Fri Sep 26 13:44:47 IDT 2025, 168 W
Fri Sep 26 13:44:47 IDT 2025, 183 W
Fri Sep 26 13:44:47 IDT 2025, 204 W
Fri Sep 26 13:44:47 IDT 2025, 178 W
Fri Sep 26 13:44:47 IDT 2025, 161 W
Fri Sep 26 13:44:48 IDT 2025, 181 W
Fri Sep 26 13:44:48 IDT 2025, 187 W
Fri Sep 26 13:44:48 IDT 2025, 200 W
Fri Sep 26 13:44:48 IDT 2025, 172 W
Fri Sep 26 13:44:48 IDT 2025, 182 W
Fri Sep 26 13:44:48 IDT 2025, 221 W
Fri Sep 26 13:44:48 IDT 2025, 192 W
Fri Sep 26 13:44:48 IDT 2025, 169 W
Fri Sep 26 13:44:49 IDT 2025, 177 W
Fri Sep 26 13:44:49 IDT 2025, 182 W
Fri Sep 26 13:44:49 IDT 2025, 199 W
Fri Sep 26 13:44:49 IDT 2025, 166 W
Fri Sep 26 13:44:49 IDT 2025, 182 W
Fri Sep 26 13:44:49 IDT 2025, 205 W
Fri Sep 26 13:44:49 IDT 2025, 191 W
Fri Sep 26 13:44:49 IDT 2025, 165 W
Fri Sep 26 13:44:50 IDT 2025, 175 W
Fri Sep 26 13:44:50 IDT 2025, 183 W
Fri Sep 26 13:44:50 IDT 2025, 208 W
Fri Sep 26 13:44:50 IDT 2025, 165 W
Fri Sep 26 13:44:50 IDT 2025, 178 W
Fri Sep 26 13:44:50 IDT 2025, 201 W
Fri Sep 26 13:44:50 IDT 2025, 181 W
Fri Sep 26 13:44:50 IDT 2025, 162 W
Fri Sep 26 13:44:51 IDT 2025, 179 W
Fri Sep 26 13:44:51 IDT 2025, 180 W
Fri Sep 26 13:44:51 IDT 2025, 195 W
Fri Sep 26 13:44:51 IDT 2025, 176 W
Fri Sep 26 13:44:51 IDT 2025, 179 W
Fri Sep 26 13:44:51 IDT 2025, 202 W
Fri Sep 26 13:44:51 IDT 2025, 195 W
Fri Sep 26 13:44:51 IDT 2025, 164 W
Fri Sep 26 13:44:52 IDT 2025, 178 W
Fri Sep 26 13:44:52 IDT 2025, 176 W
Fri Sep 26 13:44:52 IDT 2025, 211 W
Fri Sep 26 13:44:52 IDT 2025, 176 W
Fri Sep 26 13:44:52 IDT 2025, 175 W
Fri Sep 26 13:44:52 IDT 2025, 216 W
Fri Sep 26 13:44:52 IDT 2025, 192 W
Fri Sep 26 13:44:52 IDT 2025, 166 W
Fri Sep 26 13:44:53 IDT 2025, 175 W
Fri Sep 26 13:44:53 IDT 2025, 165 W
Fri Sep 26 13:44:53 IDT 2025, 200 W
Fri Sep 26 13:44:53 IDT 2025, 168 W
Fri Sep 26 13:44:53 IDT 2025, 163 W
Fri Sep 26 13:44:53 IDT 2025, 195 W
Fri Sep 26 13:44:53 IDT 2025, 170 W
Fri Sep 26 13:44:53 IDT 2025, 154 W
Fri Sep 26 13:44:54 IDT 2025, 174 W
Fri Sep 26 13:44:54 IDT 2025, 170 W
Fri Sep 26 13:44:54 IDT 2025, 198 W
Fri Sep 26 13:44:54 IDT 2025, 162 W
Fri Sep 26 13:44:54 IDT 2025, 163 W
Fri Sep 26 13:44:54 IDT 2025, 190 W
Fri Sep 26 13:44:54 IDT 2025, 177 W
Fri Sep 26 13:44:54 IDT 2025, 153 W
Fri Sep 26 13:44:55 IDT 2025, 190 W
Fri Sep 26 13:44:55 IDT 2025, 187 W
Fri Sep 26 13:44:55 IDT 2025, 219 W
Fri Sep 26 13:44:55 IDT 2025, 176 W
Fri Sep 26 13:44:55 IDT 2025, 180 W
Fri Sep 26 13:44:55 IDT 2025, 213 W
Fri Sep 26 13:44:55 IDT 2025, 179 W
Fri Sep 26 13:44:55 IDT 2025, 170 W
Fri Sep 26 13:44:56 IDT 2025, 178 W
Fri Sep 26 13:44:56 IDT 2025, 168 W
Fri Sep 26 13:44:56 IDT 2025, 197 W
Fri Sep 26 13:44:56 IDT 2025, 166 W
Fri Sep 26 13:44:56 IDT 2025, 178 W
Fri Sep 26 13:44:56 IDT 2025, 200 W
Fri Sep 26 13:44:56 IDT 2025, 177 W
Fri Sep 26 13:44:56 IDT 2025, 160 W
Fri Sep 26 13:44:57 IDT 2025, 188 W
Fri Sep 26 13:44:57 IDT 2025, 178 W
Fri Sep 26 13:44:57 IDT 2025, 209 W
Fri Sep 26 13:44:57 IDT 2025, 177 W
Fri Sep 26 13:44:57 IDT 2025, 174 W
Fri Sep 26 13:44:57 IDT 2025, 209 W
Fri Sep 26 13:44:57 IDT 2025, 187 W
Fri Sep 26 13:44:57 IDT 2025, 168 W
Fri Sep 26 13:44:58 IDT 2025, 185 W
Fri Sep 26 13:44:58 IDT 2025, 182 W
Fri Sep 26 13:44:58 IDT 2025, 217 W
Fri Sep 26 13:44:58 IDT 2025, 173 W
Fri Sep 26 13:44:58 IDT 2025, 182 W
Fri Sep 26 13:44:58 IDT 2025, 202 W
Fri Sep 26 13:44:58 IDT 2025, 180 W
Fri Sep 26 13:44:58 IDT 2025, 150 W
Fri Sep 26 13:44:59 IDT 2025, 181 W
Fri Sep 26 13:44:59 IDT 2025, 181 W
Fri Sep 26 13:44:59 IDT 2025, 210 W
Fri Sep 26 13:44:59 IDT 2025, 170 W
Fri Sep 26 13:44:59 IDT 2025, 176 W
Fri Sep 26 13:44:59 IDT 2025, 201 W
Fri Sep 26 13:44:59 IDT 2025, 175 W
Fri Sep 26 13:44:59 IDT 2025, 167 W
Fri Sep 26 13:45:00 IDT 2025, 180 W
Fri Sep 26 13:45:00 IDT 2025, 175 W
Fri Sep 26 13:45:00 IDT 2025, 212 W
Fri Sep 26 13:45:00 IDT 2025, 174 W
Fri Sep 26 13:45:00 IDT 2025, 183 W
Fri Sep 26 13:45:00 IDT 2025, 214 W
Fri Sep 26 13:45:00 IDT 2025, 185 W
Fri Sep 26 13:45:00 IDT 2025, 167 W
Fri Sep 26 13:45:01 IDT 2025, 168 W
Fri Sep 26 13:45:01 IDT 2025, 162 W
Fri Sep 26 13:45:01 IDT 2025, 202 W
Fri Sep 26 13:45:01 IDT 2025, 164 W
Fri Sep 26 13:45:01 IDT 2025, 177 W
Fri Sep 26 13:45:01 IDT 2025, 198 W
Fri Sep 26 13:45:01 IDT 2025, 171 W
Fri Sep 26 13:45:01 IDT 2025, 159 W
Fri Sep 26 13:45:02 IDT 2025, 176 W
Fri Sep 26 13:45:02 IDT 2025, 163 W
Fri Sep 26 13:45:02 IDT 2025, 201 W
Fri Sep 26 13:45:02 IDT 2025, 166 W
Fri Sep 26 13:45:02 IDT 2025, 178 W
Fri Sep 26 13:45:02 IDT 2025, 192 W
Fri Sep 26 13:45:02 IDT 2025, 179 W
Fri Sep 26 13:45:02 IDT 2025, 159 W
Fri Sep 26 13:45:03 IDT 2025, 160 W
Fri Sep 26 13:45:03 IDT 2025, 168 W
Fri Sep 26 13:45:03 IDT 2025, 197 W
Fri Sep 26 13:45:03 IDT 2025, 156 W
Fri Sep 26 13:45:03 IDT 2025, 160 W
Fri Sep 26 13:45:03 IDT 2025, 199 W
Fri Sep 26 13:45:03 IDT 2025, 169 W
Fri Sep 26 13:45:03 IDT 2025, 152 W
Fri Sep 26 13:45:04 IDT 2025, 165 W
Fri Sep 26 13:45:04 IDT 2025, 173 W
Fri Sep 26 13:45:04 IDT 2025, 194 W
Fri Sep 26 13:45:04 IDT 2025, 155 W
Fri Sep 26 13:45:04 IDT 2025, 162 W
Fri Sep 26 13:45:04 IDT 2025, 206 W
Fri Sep 26 13:45:04 IDT 2025, 171 W
Fri Sep 26 13:45:04 IDT 2025, 148 W
Fri Sep 26 13:45:05 IDT 2025, 173 W
Fri Sep 26 13:45:05 IDT 2025, 170 W
Fri Sep 26 13:45:05 IDT 2025, 207 W
Fri Sep 26 13:45:05 IDT 2025, 158 W
Fri Sep 26 13:45:05 IDT 2025, 166 W
Fri Sep 26 13:45:05 IDT 2025, 196 W
Fri Sep 26 13:45:05 IDT 2025, 167 W
Fri Sep 26 13:45:05 IDT 2025, 162 W
Fri Sep 26 13:45:06 IDT 2025, 169 W
Fri Sep 26 13:45:06 IDT 2025, 182 W
Fri Sep 26 13:45:06 IDT 2025, 206 W
Fri Sep 26 13:45:06 IDT 2025, 161 W
Fri Sep 26 13:45:06 IDT 2025, 157 W
Fri Sep 26 13:45:06 IDT 2025, 204 W
Fri Sep 26 13:45:06 IDT 2025, 179 W
Fri Sep 26 13:45:06 IDT 2025, 156 W
Fri Sep 26 13:45:07 IDT 2025, 165 W
Fri Sep 26 13:45:07 IDT 2025, 159 W
Fri Sep 26 13:45:07 IDT 2025, 192 W
Fri Sep 26 13:45:07 IDT 2025, 152 W
Fri Sep 26 13:45:07 IDT 2025, 168 W
Fri Sep 26 13:45:07 IDT 2025, 197 W
Fri Sep 26 13:45:07 IDT 2025, 161 W
Fri Sep 26 13:45:07 IDT 2025, 151 W
Fri Sep 26 13:45:08 IDT 2025, 150 W
Fri Sep 26 13:45:08 IDT 2025, 146 W
Fri Sep 26 13:45:08 IDT 2025, 194 W
Fri Sep 26 13:45:08 IDT 2025, 137 W
Fri Sep 26 13:45:08 IDT 2025, 156 W
Fri Sep 26 13:45:08 IDT 2025, 187 W
Fri Sep 26 13:45:08 IDT 2025, 150 W
Fri Sep 26 13:45:08 IDT 2025, 129 W
Fri Sep 26 13:45:09 IDT 2025, 187 W
Fri Sep 26 13:45:09 IDT 2025, 186 W
Fri Sep 26 13:45:09 IDT 2025, 216 W
Fri Sep 26 13:45:09 IDT 2025, 184 W
Fri Sep 26 13:45:09 IDT 2025, 196 W
Fri Sep 26 13:45:09 IDT 2025, 214 W
Fri Sep 26 13:45:09 IDT 2025, 186 W
Fri Sep 26 13:45:09 IDT 2025, 171 W
Fri Sep 26 13:45:10 IDT 2025, 182 W
Fri Sep 26 13:45:10 IDT 2025, 176 W
Fri Sep 26 13:45:10 IDT 2025, 218 W
Fri Sep 26 13:45:10 IDT 2025, 172 W
Fri Sep 26 13:45:10 IDT 2025, 176 W
Fri Sep 26 13:45:10 IDT 2025, 202 W
Fri Sep 26 13:45:10 IDT 2025, 177 W
Fri Sep 26 13:45:10 IDT 2025, 162 W
Fri Sep 26 13:45:11 IDT 2025, 178 W
Fri Sep 26 13:45:11 IDT 2025, 174 W
Fri Sep 26 13:45:11 IDT 2025, 205 W
Fri Sep 26 13:45:11 IDT 2025, 177 W
Fri Sep 26 13:45:11 IDT 2025, 183 W
Fri Sep 26 13:45:11 IDT 2025, 198 W
Fri Sep 26 13:45:11 IDT 2025, 180 W
Fri Sep 26 13:45:11 IDT 2025, 166 W
Fri Sep 26 13:45:12 IDT 2025, 191 W
Fri Sep 26 13:45:12 IDT 2025, 195 W
Fri Sep 26 13:45:12 IDT 2025, 216 W
Fri Sep 26 13:45:12 IDT 2025, 184 W
Fri Sep 26 13:45:12 IDT 2025, 186 W
Fri Sep 26 13:45:12 IDT 2025, 221 W
Fri Sep 26 13:45:12 IDT 2025, 194 W
Fri Sep 26 13:45:12 IDT 2025, 176 W
Fri Sep 26 13:45:13 IDT 2025, 194 W
Fri Sep 26 13:45:13 IDT 2025, 193 W
Fri Sep 26 13:45:13 IDT 2025, 226 W
Fri Sep 26 13:45:13 IDT 2025, 187 W
Fri Sep 26 13:45:13 IDT 2025, 194 W
Fri Sep 26 13:45:13 IDT 2025, 218 W
Fri Sep 26 13:45:13 IDT 2025, 200 W
Fri Sep 26 13:45:13 IDT 2025, 176 W
Fri Sep 26 13:45:14 IDT 2025, 167 W
Fri Sep 26 13:45:14 IDT 2025, 177 W
Fri Sep 26 13:45:14 IDT 2025, 193 W
Fri Sep 26 13:45:14 IDT 2025, 166 W
Fri Sep 26 13:45:14 IDT 2025, 177 W
Fri Sep 26 13:45:14 IDT 2025, 211 W
Fri Sep 26 13:45:14 IDT 2025, 174 W
Fri Sep 26 13:45:14 IDT 2025, 155 W
Fri Sep 26 13:45:15 IDT 2025, 167 W
Fri Sep 26 13:45:15 IDT 2025, 169 W
Fri Sep 26 13:45:15 IDT 2025, 205 W
Fri Sep 26 13:45:15 IDT 2025, 175 W
Fri Sep 26 13:45:15 IDT 2025, 172 W
Fri Sep 26 13:45:15 IDT 2025, 196 W
Fri Sep 26 13:45:15 IDT 2025, 173 W
Fri Sep 26 13:45:15 IDT 2025, 159 W
Fri Sep 26 13:45:16 IDT 2025, 169 W
Fri Sep 26 13:45:16 IDT 2025, 166 W
Fri Sep 26 13:45:16 IDT 2025, 198 W
Fri Sep 26 13:45:16 IDT 2025, 160 W
Fri Sep 26 13:45:16 IDT 2025, 162 W
Fri Sep 26 13:45:16 IDT 2025, 195 W
Fri Sep 26 13:45:16 IDT 2025, 177 W
Fri Sep 26 13:45:16 IDT 2025, 154 W
Fri Sep 26 13:45:17 IDT 2025, 170 W
Fri Sep 26 13:45:17 IDT 2025, 170 W
Fri Sep 26 13:45:17 IDT 2025, 200 W
Fri Sep 26 13:45:17 IDT 2025, 159 W
Fri Sep 26 13:45:17 IDT 2025, 163 W
Fri Sep 26 13:45:17 IDT 2025, 200 W
Fri Sep 26 13:45:17 IDT 2025, 177 W
Fri Sep 26 13:45:17 IDT 2025, 163 W
Fri Sep 26 13:45:18 IDT 2025, 176 W
Fri Sep 26 13:45:18 IDT 2025, 182 W
Fri Sep 26 13:45:18 IDT 2025, 214 W
Fri Sep 26 13:45:18 IDT 2025, 172 W
Fri Sep 26 13:45:18 IDT 2025, 184 W
Fri Sep 26 13:45:18 IDT 2025, 214 W
Fri Sep 26 13:45:18 IDT 2025, 192 W
Fri Sep 26 13:45:18 IDT 2025, 173 W
Fri Sep 26 13:45:19 IDT 2025, 184 W
Fri Sep 26 13:45:19 IDT 2025, 190 W
Fri Sep 26 13:45:19 IDT 2025, 217 W
Fri Sep 26 13:45:19 IDT 2025, 180 W
Fri Sep 26 13:45:19 IDT 2025, 185 W
Fri Sep 26 13:45:19 IDT 2025, 213 W
Fri Sep 26 13:45:19 IDT 2025, 186 W
Fri Sep 26 13:45:19 IDT 2025, 165 W
Fri Sep 26 13:45:20 IDT 2025, 177 W
Fri Sep 26 13:45:20 IDT 2025, 170 W
Fri Sep 26 13:45:20 IDT 2025, 209 W
Fri Sep 26 13:45:20 IDT 2025, 167 W
Fri Sep 26 13:45:20 IDT 2025, 180 W
Fri Sep 26 13:45:20 IDT 2025, 213 W
Fri Sep 26 13:45:20 IDT 2025, 182 W
Fri Sep 26 13:45:20 IDT 2025, 161 W
Fri Sep 26 13:45:21 IDT 2025, 198 W
Fri Sep 26 13:45:21 IDT 2025, 184 W
Fri Sep 26 13:45:21 IDT 2025, 228 W
Fri Sep 26 13:45:21 IDT 2025, 187 W
Fri Sep 26 13:45:21 IDT 2025, 192 W
Fri Sep 26 13:45:21 IDT 2025, 225 W
Fri Sep 26 13:45:21 IDT 2025, 190 W
Fri Sep 26 13:45:21 IDT 2025, 177 W
Fri Sep 26 13:45:22 IDT 2025, 172 W
Fri Sep 26 13:45:22 IDT 2025, 179 W
Fri Sep 26 13:45:22 IDT 2025, 206 W
Fri Sep 26 13:45:22 IDT 2025, 166 W
Fri Sep 26 13:45:22 IDT 2025, 181 W
Fri Sep 26 13:45:22 IDT 2025, 206 W
Fri Sep 26 13:45:22 IDT 2025, 181 W
Fri Sep 26 13:45:22 IDT 2025, 162 W
Fri Sep 26 13:45:23 IDT 2025, 174 W
Fri Sep 26 13:45:23 IDT 2025, 183 W
Fri Sep 26 13:45:23 IDT 2025, 211 W
Fri Sep 26 13:45:23 IDT 2025, 171 W
Fri Sep 26 13:45:23 IDT 2025, 186 W
Fri Sep 26 13:45:23 IDT 2025, 207 W
Fri Sep 26 13:45:23 IDT 2025, 184 W
Fri Sep 26 13:45:23 IDT 2025, 164 W
Fri Sep 26 13:45:24 IDT 2025, 176 W
Fri Sep 26 13:45:24 IDT 2025, 181 W
Fri Sep 26 13:45:24 IDT 2025, 207 W
Fri Sep 26 13:45:24 IDT 2025, 177 W
Fri Sep 26 13:45:24 IDT 2025, 181 W
Fri Sep 26 13:45:24 IDT 2025, 200 W
Fri Sep 26 13:45:24 IDT 2025, 179 W
Fri Sep 26 13:45:24 IDT 2025, 166 W
Fri Sep 26 13:45:25 IDT 2025, 181 W
Fri Sep 26 13:45:25 IDT 2025, 171 W
Fri Sep 26 13:45:25 IDT 2025, 213 W
Fri Sep 26 13:45:25 IDT 2025, 167 W
Fri Sep 26 13:45:25 IDT 2025, 173 W
Fri Sep 26 13:45:25 IDT 2025, 208 W
Fri Sep 26 13:45:25 IDT 2025, 188 W
Fri Sep 26 13:45:25 IDT 2025, 174 W
Fri Sep 26 13:45:26 IDT 2025, 174 W
Fri Sep 26 13:45:26 IDT 2025, 173 W
Fri Sep 26 13:45:26 IDT 2025, 204 W
Fri Sep 26 13:45:26 IDT 2025, 163 W
Fri Sep 26 13:45:26 IDT 2025, 165 W
Fri Sep 26 13:45:26 IDT 2025, 216 W
Fri Sep 26 13:45:26 IDT 2025, 175 W
Fri Sep 26 13:45:26 IDT 2025, 162 W
Fri Sep 26 13:45:27 IDT 2025, 173 W
Fri Sep 26 13:45:27 IDT 2025, 175 W
Fri Sep 26 13:45:27 IDT 2025, 198 W
Fri Sep 26 13:45:27 IDT 2025, 152 W
Fri Sep 26 13:45:27 IDT 2025, 169 W
Fri Sep 26 13:45:27 IDT 2025, 207 W
Fri Sep 26 13:45:27 IDT 2025, 173 W
Fri Sep 26 13:45:27 IDT 2025, 155 W
Fri Sep 26 13:45:28 IDT 2025, 177 W
Fri Sep 26 13:45:28 IDT 2025, 171 W
Fri Sep 26 13:45:28 IDT 2025, 210 W
Fri Sep 26 13:45:28 IDT 2025, 153 W
Fri Sep 26 13:45:28 IDT 2025, 172 W
Fri Sep 26 13:45:28 IDT 2025, 195 W
Fri Sep 26 13:45:28 IDT 2025, 182 W
Fri Sep 26 13:45:28 IDT 2025, 157 W
Fri Sep 26 13:45:29 IDT 2025, 177 W
Fri Sep 26 13:45:29 IDT 2025, 175 W
Fri Sep 26 13:45:29 IDT 2025, 206 W
Fri Sep 26 13:45:29 IDT 2025, 171 W
Fri Sep 26 13:45:29 IDT 2025, 178 W
Fri Sep 26 13:45:29 IDT 2025, 212 W
Fri Sep 26 13:45:29 IDT 2025, 184 W
Fri Sep 26 13:45:29 IDT 2025, 165 W
Fri Sep 26 13:45:30 IDT 2025, 177 W
Fri Sep 26 13:45:30 IDT 2025, 184 W
Fri Sep 26 13:45:30 IDT 2025, 206 W
Fri Sep 26 13:45:30 IDT 2025, 170 W
Fri Sep 26 13:45:30 IDT 2025, 177 W
Fri Sep 26 13:45:30 IDT 2025, 203 W
Fri Sep 26 13:45:30 IDT 2025, 184 W
Fri Sep 26 13:45:30 IDT 2025, 165 W
Fri Sep 26 13:45:31 IDT 2025, 174 W
Fri Sep 26 13:45:31 IDT 2025, 168 W
Fri Sep 26 13:45:31 IDT 2025, 213 W
Fri Sep 26 13:45:31 IDT 2025, 167 W
Fri Sep 26 13:45:31 IDT 2025, 179 W
Fri Sep 26 13:45:31 IDT 2025, 204 W
Fri Sep 26 13:45:31 IDT 2025, 177 W
Fri Sep 26 13:45:31 IDT 2025, 158 W
Fri Sep 26 13:45:32 IDT 2025, 169 W
Fri Sep 26 13:45:32 IDT 2025, 173 W
Fri Sep 26 13:45:32 IDT 2025, 223 W
Fri Sep 26 13:45:32 IDT 2025, 168 W
Fri Sep 26 13:45:32 IDT 2025, 182 W
Fri Sep 26 13:45:32 IDT 2025, 210 W
Fri Sep 26 13:45:32 IDT 2025, 183 W
Fri Sep 26 13:45:32 IDT 2025, 170 W
Fri Sep 26 13:45:33 IDT 2025, 175 W
Fri Sep 26 13:45:33 IDT 2025, 176 W
Fri Sep 26 13:45:33 IDT 2025, 210 W
Fri Sep 26 13:45:33 IDT 2025, 176 W
Fri Sep 26 13:45:33 IDT 2025, 180 W
Fri Sep 26 13:45:33 IDT 2025, 204 W
Fri Sep 26 13:45:33 IDT 2025, 182 W
Fri Sep 26 13:45:33 IDT 2025, 166 W
Fri Sep 26 13:45:34 IDT 2025, 179 W
Fri Sep 26 13:45:34 IDT 2025, 187 W
Fri Sep 26 13:45:34 IDT 2025, 212 W
Fri Sep 26 13:45:34 IDT 2025, 176 W
Fri Sep 26 13:45:34 IDT 2025, 181 W
Fri Sep 26 13:45:34 IDT 2025, 210 W
Fri Sep 26 13:45:34 IDT 2025, 198 W
Fri Sep 26 13:45:34 IDT 2025, 170 W
Fri Sep 26 13:45:35 IDT 2025, 191 W
Fri Sep 26 13:45:35 IDT 2025, 184 W
Fri Sep 26 13:45:35 IDT 2025, 219 W
Fri Sep 26 13:45:35 IDT 2025, 173 W
Fri Sep 26 13:45:35 IDT 2025, 182 W
Fri Sep 26 13:45:35 IDT 2025, 216 W
Fri Sep 26 13:45:35 IDT 2025, 185 W
Fri Sep 26 13:45:35 IDT 2025, 165 W
Fri Sep 26 13:45:36 IDT 2025, 170 W
Fri Sep 26 13:45:36 IDT 2025, 184 W
Fri Sep 26 13:45:36 IDT 2025, 207 W
Fri Sep 26 13:45:36 IDT 2025, 166 W
Fri Sep 26 13:45:36 IDT 2025, 178 W
Fri Sep 26 13:45:36 IDT 2025, 208 W
Fri Sep 26 13:45:36 IDT 2025, 195 W
Fri Sep 26 13:45:36 IDT 2025, 163 W
Fri Sep 26 13:45:37 IDT 2025, 185 W
Fri Sep 26 13:45:37 IDT 2025, 169 W
Fri Sep 26 13:45:37 IDT 2025, 212 W
Fri Sep 26 13:45:37 IDT 2025, 172 W
Fri Sep 26 13:45:37 IDT 2025, 180 W
Fri Sep 26 13:45:37 IDT 2025, 200 W
Fri Sep 26 13:45:37 IDT 2025, 178 W
Fri Sep 26 13:45:37 IDT 2025, 158 W
Fri Sep 26 13:45:38 IDT 2025, 171 W
Fri Sep 26 13:45:38 IDT 2025, 170 W
Fri Sep 26 13:45:38 IDT 2025, 208 W
Fri Sep 26 13:45:38 IDT 2025, 166 W
Fri Sep 26 13:45:38 IDT 2025, 170 W
Fri Sep 26 13:45:38 IDT 2025, 205 W
Fri Sep 26 13:45:38 IDT 2025, 179 W
Fri Sep 26 13:45:38 IDT 2025, 147 W
Fri Sep 26 13:45:39 IDT 2025, 168 W
Fri Sep 26 13:45:39 IDT 2025, 173 W
Fri Sep 26 13:45:39 IDT 2025, 208 W
Fri Sep 26 13:45:39 IDT 2025, 174 W
Fri Sep 26 13:45:39 IDT 2025, 174 W
Fri Sep 26 13:45:39 IDT 2025, 207 W
Fri Sep 26 13:45:39 IDT 2025, 179 W
Fri Sep 26 13:45:39 IDT 2025, 164 W
Fri Sep 26 13:45:40 IDT 2025, 162 W
Fri Sep 26 13:45:40 IDT 2025, 160 W
Fri Sep 26 13:45:40 IDT 2025, 194 W
Fri Sep 26 13:45:40 IDT 2025, 167 W
Fri Sep 26 13:45:40 IDT 2025, 171 W
Fri Sep 26 13:45:40 IDT 2025, 204 W
Fri Sep 26 13:45:40 IDT 2025, 182 W
Fri Sep 26 13:45:40 IDT 2025, 159 W
Fri Sep 26 13:45:41 IDT 2025, 167 W
Fri Sep 26 13:45:41 IDT 2025, 166 W
Fri Sep 26 13:45:41 IDT 2025, 202 W
Fri Sep 26 13:45:41 IDT 2025, 160 W
Fri Sep 26 13:45:41 IDT 2025, 165 W
Fri Sep 26 13:45:41 IDT 2025, 207 W
Fri Sep 26 13:45:41 IDT 2025, 170 W
Fri Sep 26 13:45:41 IDT 2025, 157 W
Fri Sep 26 13:45:42 IDT 2025, 168 W
Fri Sep 26 13:45:42 IDT 2025, 161 W
Fri Sep 26 13:45:42 IDT 2025, 194 W
Fri Sep 26 13:45:42 IDT 2025, 158 W
Fri Sep 26 13:45:42 IDT 2025, 167 W
Fri Sep 26 13:45:42 IDT 2025, 203 W
Fri Sep 26 13:45:42 IDT 2025, 180 W
Fri Sep 26 13:45:42 IDT 2025, 151 W
Fri Sep 26 13:45:43 IDT 2025, 183 W
Fri Sep 26 13:45:43 IDT 2025, 180 W
Fri Sep 26 13:45:43 IDT 2025, 211 W
Fri Sep 26 13:45:43 IDT 2025, 172 W
Fri Sep 26 13:45:43 IDT 2025, 173 W
Fri Sep 26 13:45:43 IDT 2025, 218 W
Fri Sep 26 13:45:43 IDT 2025, 189 W
Fri Sep 26 13:45:43 IDT 2025, 166 W
Fri Sep 26 13:45:44 IDT 2025, 175 W
Fri Sep 26 13:45:44 IDT 2025, 179 W
Fri Sep 26 13:45:44 IDT 2025, 215 W
Fri Sep 26 13:45:44 IDT 2025, 171 W
Fri Sep 26 13:45:44 IDT 2025, 177 W
Fri Sep 26 13:45:44 IDT 2025, 206 W
Fri Sep 26 13:45:44 IDT 2025, 192 W
Fri Sep 26 13:45:44 IDT 2025, 164 W
Fri Sep 26 13:45:45 IDT 2025, 166 W
Fri Sep 26 13:45:45 IDT 2025, 166 W
Fri Sep 26 13:45:45 IDT 2025, 199 W
Fri Sep 26 13:45:45 IDT 2025, 157 W
Fri Sep 26 13:45:45 IDT 2025, 156 W
Fri Sep 26 13:45:45 IDT 2025, 191 W
Fri Sep 26 13:45:45 IDT 2025, 166 W
Fri Sep 26 13:45:45 IDT 2025, 150 W
Fri Sep 26 13:45:46 IDT 2025, 180 W
Fri Sep 26 13:45:46 IDT 2025, 189 W
Fri Sep 26 13:45:46 IDT 2025, 213 W
Fri Sep 26 13:45:46 IDT 2025, 172 W
Fri Sep 26 13:45:46 IDT 2025, 188 W
Fri Sep 26 13:45:46 IDT 2025, 213 W
Fri Sep 26 13:45:46 IDT 2025, 190 W
Fri Sep 26 13:45:46 IDT 2025, 172 W
Fri Sep 26 13:45:47 IDT 2025, 159 W
Fri Sep 26 13:45:47 IDT 2025, 169 W
Fri Sep 26 13:45:47 IDT 2025, 196 W
Fri Sep 26 13:45:47 IDT 2025, 157 W
Fri Sep 26 13:45:47 IDT 2025, 155 W
Fri Sep 26 13:45:47 IDT 2025, 189 W
Fri Sep 26 13:45:47 IDT 2025, 171 W
Fri Sep 26 13:45:47 IDT 2025, 147 W
Fri Sep 26 13:45:48 IDT 2025, 190 W
Fri Sep 26 13:45:48 IDT 2025, 191 W
Fri Sep 26 13:45:48 IDT 2025, 224 W
Fri Sep 26 13:45:48 IDT 2025, 191 W
Fri Sep 26 13:45:48 IDT 2025, 196 W
Fri Sep 26 13:45:48 IDT 2025, 224 W
Fri Sep 26 13:45:48 IDT 2025, 204 W
Fri Sep 26 13:45:48 IDT 2025, 175 W
Fri Sep 26 13:45:49 IDT 2025, 183 W
Fri Sep 26 13:45:49 IDT 2025, 182 W
Fri Sep 26 13:45:49 IDT 2025, 211 W
Fri Sep 26 13:45:49 IDT 2025, 177 W
Fri Sep 26 13:45:49 IDT 2025, 170 W
Fri Sep 26 13:45:49 IDT 2025, 212 W
Fri Sep 26 13:45:49 IDT 2025, 194 W
Fri Sep 26 13:45:49 IDT 2025, 164 W
Fri Sep 26 13:45:50 IDT 2025, 181 W
Fri Sep 26 13:45:50 IDT 2025, 186 W
Fri Sep 26 13:45:50 IDT 2025, 206 W
Fri Sep 26 13:45:50 IDT 2025, 170 W
Fri Sep 26 13:45:50 IDT 2025, 178 W
Fri Sep 26 13:45:50 IDT 2025, 199 W
Fri Sep 26 13:45:50 IDT 2025, 182 W
Fri Sep 26 13:45:50 IDT 2025, 160 W
Fri Sep 26 13:45:51 IDT 2025, 163 W
Fri Sep 26 13:45:51 IDT 2025, 177 W
Fri Sep 26 13:45:51 IDT 2025, 204 W
Fri Sep 26 13:45:51 IDT 2025, 174 W
Fri Sep 26 13:45:51 IDT 2025, 188 W
Fri Sep 26 13:45:51 IDT 2025, 205 W
Fri Sep 26 13:45:51 IDT 2025, 178 W
Fri Sep 26 13:45:51 IDT 2025, 164 W
Fri Sep 26 13:45:52 IDT 2025, 167 W
Fri Sep 26 13:45:52 IDT 2025, 175 W
Fri Sep 26 13:45:52 IDT 2025, 204 W
Fri Sep 26 13:45:52 IDT 2025, 162 W
Fri Sep 26 13:45:52 IDT 2025, 169 W
Fri Sep 26 13:45:52 IDT 2025, 199 W
Fri Sep 26 13:45:52 IDT 2025, 176 W
Fri Sep 26 13:45:52 IDT 2025, 160 W
Fri Sep 26 13:45:53 IDT 2025, 168 W
Fri Sep 26 13:45:53 IDT 2025, 173 W
Fri Sep 26 13:45:53 IDT 2025, 206 W
Fri Sep 26 13:45:53 IDT 2025, 163 W
Fri Sep 26 13:45:53 IDT 2025, 176 W
Fri Sep 26 13:45:53 IDT 2025, 200 W
Fri Sep 26 13:45:53 IDT 2025, 177 W
Fri Sep 26 13:45:53 IDT 2025, 155 W
Fri Sep 26 13:45:54 IDT 2025, 179 W
Fri Sep 26 13:45:54 IDT 2025, 185 W
Fri Sep 26 13:45:54 IDT 2025, 218 W
Fri Sep 26 13:45:54 IDT 2025, 174 W
Fri Sep 26 13:45:54 IDT 2025, 180 W
Fri Sep 26 13:45:54 IDT 2025, 207 W
Fri Sep 26 13:45:54 IDT 2025, 187 W
Fri Sep 26 13:45:54 IDT 2025, 166 W
Fri Sep 26 13:45:55 IDT 2025, 178 W
Fri Sep 26 13:45:55 IDT 2025, 190 W
Fri Sep 26 13:45:55 IDT 2025, 213 W
Fri Sep 26 13:45:55 IDT 2025, 177 W
Fri Sep 26 13:45:55 IDT 2025, 188 W
Fri Sep 26 13:45:55 IDT 2025, 207 W
Fri Sep 26 13:45:55 IDT 2025, 193 W
Fri Sep 26 13:45:55 IDT 2025, 165 W
Fri Sep 26 13:45:56 IDT 2025, 175 W
Fri Sep 26 13:45:56 IDT 2025, 166 W
Fri Sep 26 13:45:56 IDT 2025, 216 W
Fri Sep 26 13:45:56 IDT 2025, 168 W
Fri Sep 26 13:45:56 IDT 2025, 177 W
Fri Sep 26 13:45:56 IDT 2025, 208 W
Fri Sep 26 13:45:56 IDT 2025, 184 W
Fri Sep 26 13:45:56 IDT 2025, 160 W
Fri Sep 26 13:45:57 IDT 2025, 176 W
Fri Sep 26 13:45:57 IDT 2025, 167 W
Fri Sep 26 13:45:57 IDT 2025, 208 W
Fri Sep 26 13:45:57 IDT 2025, 166 W
Fri Sep 26 13:45:57 IDT 2025, 179 W
Fri Sep 26 13:45:57 IDT 2025, 205 W
Fri Sep 26 13:45:57 IDT 2025, 181 W
Fri Sep 26 13:45:57 IDT 2025, 160 W
Fri Sep 26 13:45:58 IDT 2025, 172 W
Fri Sep 26 13:45:58 IDT 2025, 177 W
Fri Sep 26 13:45:58 IDT 2025, 214 W
Fri Sep 26 13:45:58 IDT 2025, 170 W
Fri Sep 26 13:45:58 IDT 2025, 180 W
Fri Sep 26 13:45:58 IDT 2025, 203 W
Fri Sep 26 13:45:58 IDT 2025, 176 W
Fri Sep 26 13:45:58 IDT 2025, 168 W
Fri Sep 26 13:45:59 IDT 2025, 186 W
Fri Sep 26 13:45:59 IDT 2025, 184 W
Fri Sep 26 13:45:59 IDT 2025, 222 W
Fri Sep 26 13:45:59 IDT 2025, 181 W
Fri Sep 26 13:45:59 IDT 2025, 183 W
Fri Sep 26 13:45:59 IDT 2025, 211 W
Fri Sep 26 13:45:59 IDT 2025, 185 W
Fri Sep 26 13:45:59 IDT 2025, 164 W
Fri Sep 26 13:46:00 IDT 2025, 162 W
Fri Sep 26 13:46:00 IDT 2025, 171 W
Fri Sep 26 13:46:00 IDT 2025, 193 W
Fri Sep 26 13:46:00 IDT 2025, 162 W
Fri Sep 26 13:46:00 IDT 2025, 167 W
Fri Sep 26 13:46:00 IDT 2025, 196 W
Fri Sep 26 13:46:00 IDT 2025, 166 W
Fri Sep 26 13:46:00 IDT 2025, 148 W
Fri Sep 26 13:46:01 IDT 2025, 175 W
Fri Sep 26 13:46:01 IDT 2025, 174 W
Fri Sep 26 13:46:01 IDT 2025, 209 W
Fri Sep 26 13:46:01 IDT 2025, 175 W
Fri Sep 26 13:46:01 IDT 2025, 172 W
Fri Sep 26 13:46:01 IDT 2025, 208 W
Fri Sep 26 13:46:01 IDT 2025, 186 W
Fri Sep 26 13:46:01 IDT 2025, 169 W
Fri Sep 26 13:46:02 IDT 2025, 189 W
Fri Sep 26 13:46:02 IDT 2025, 175 W
Fri Sep 26 13:46:02 IDT 2025, 216 W
Fri Sep 26 13:46:02 IDT 2025, 177 W
Fri Sep 26 13:46:02 IDT 2025, 185 W
Fri Sep 26 13:46:02 IDT 2025, 206 W
Fri Sep 26 13:46:02 IDT 2025, 188 W
Fri Sep 26 13:46:02 IDT 2025, 167 W
Fri Sep 26 13:46:03 IDT 2025, 174 W
Fri Sep 26 13:46:03 IDT 2025, 165 W
Fri Sep 26 13:46:03 IDT 2025, 198 W
Fri Sep 26 13:46:03 IDT 2025, 161 W
Fri Sep 26 13:46:03 IDT 2025, 174 W
Fri Sep 26 13:46:03 IDT 2025, 197 W
Fri Sep 26 13:46:03 IDT 2025, 175 W
Fri Sep 26 13:46:03 IDT 2025, 151 W
Fri Sep 26 13:46:04 IDT 2025, 156 W
Fri Sep 26 13:46:04 IDT 2025, 178 W
Fri Sep 26 13:46:04 IDT 2025, 205 W
Fri Sep 26 13:46:04 IDT 2025, 165 W
Fri Sep 26 13:46:04 IDT 2025, 175 W
Fri Sep 26 13:46:04 IDT 2025, 207 W
Fri Sep 26 13:46:04 IDT 2025, 177 W
Fri Sep 26 13:46:04 IDT 2025, 151 W
Fri Sep 26 13:46:05 IDT 2025, 167 W
Fri Sep 26 13:46:05 IDT 2025, 163 W
Fri Sep 26 13:46:05 IDT 2025, 202 W
Fri Sep 26 13:46:05 IDT 2025, 156 W
Fri Sep 26 13:46:05 IDT 2025, 164 W
Fri Sep 26 13:46:05 IDT 2025, 192 W
Fri Sep 26 13:46:05 IDT 2025, 178 W
Fri Sep 26 13:46:05 IDT 2025, 157 W
Fri Sep 26 13:46:06 IDT 2025, 182 W
Fri Sep 26 13:46:06 IDT 2025, 176 W
Fri Sep 26 13:46:06 IDT 2025, 209 W
Fri Sep 26 13:46:06 IDT 2025, 170 W
Fri Sep 26 13:46:06 IDT 2025, 172 W
Fri Sep 26 13:46:06 IDT 2025, 203 W
Fri Sep 26 13:46:06 IDT 2025, 182 W
Fri Sep 26 13:46:06 IDT 2025, 144 W
Fri Sep 26 13:46:07 IDT 2025, 191 W
Fri Sep 26 13:46:07 IDT 2025, 193 W
Fri Sep 26 13:46:07 IDT 2025, 218 W
Fri Sep 26 13:46:07 IDT 2025, 182 W
Fri Sep 26 13:46:07 IDT 2025, 197 W
Fri Sep 26 13:46:07 IDT 2025, 220 W
Fri Sep 26 13:46:07 IDT 2025, 202 W
Fri Sep 26 13:46:07 IDT 2025, 170 W
Fri Sep 26 13:46:08 IDT 2025, 172 W
Fri Sep 26 13:46:08 IDT 2025, 182 W
Fri Sep 26 13:46:08 IDT 2025, 210 W
Fri Sep 26 13:46:08 IDT 2025, 164 W
Fri Sep 26 13:46:08 IDT 2025, 172 W
Fri Sep 26 13:46:08 IDT 2025, 203 W
Fri Sep 26 13:46:08 IDT 2025, 176 W
Fri Sep 26 13:46:08 IDT 2025, 157 W
Fri Sep 26 13:46:09 IDT 2025, 185 W
Fri Sep 26 13:46:09 IDT 2025, 188 W
Fri Sep 26 13:46:09 IDT 2025, 216 W
Fri Sep 26 13:46:09 IDT 2025, 171 W
Fri Sep 26 13:46:09 IDT 2025, 175 W
Fri Sep 26 13:46:09 IDT 2025, 209 W
Fri Sep 26 13:46:09 IDT 2025, 186 W
Fri Sep 26 13:46:09 IDT 2025, 158 W
Fri Sep 26 13:46:10 IDT 2025, 165 W
Fri Sep 26 13:46:10 IDT 2025, 159 W
Fri Sep 26 13:46:10 IDT 2025, 195 W
Fri Sep 26 13:46:10 IDT 2025, 159 W
Fri Sep 26 13:46:10 IDT 2025, 164 W
Fri Sep 26 13:46:10 IDT 2025, 190 W
Fri Sep 26 13:46:10 IDT 2025, 165 W
Fri Sep 26 13:46:10 IDT 2025, 141 W
Fri Sep 26 13:46:11 IDT 2025, 179 W
Fri Sep 26 13:46:11 IDT 2025, 177 W
Fri Sep 26 13:46:11 IDT 2025, 209 W
Fri Sep 26 13:46:11 IDT 2025, 175 W
Fri Sep 26 13:46:11 IDT 2025, 170 W
Fri Sep 26 13:46:11 IDT 2025, 207 W
Fri Sep 26 13:46:11 IDT 2025, 187 W
Fri Sep 26 13:46:11 IDT 2025, 165 W
Fri Sep 26 13:46:12 IDT 2025, 176 W
Fri Sep 26 13:46:12 IDT 2025, 167 W
Fri Sep 26 13:46:12 IDT 2025, 201 W
Fri Sep 26 13:46:12 IDT 2025, 163 W
Fri Sep 26 13:46:12 IDT 2025, 181 W
Fri Sep 26 13:46:12 IDT 2025, 197 W
Fri Sep 26 13:46:12 IDT 2025, 180 W
Fri Sep 26 13:46:12 IDT 2025, 152 W
Fri Sep 26 13:46:13 IDT 2025, 185 W
Fri Sep 26 13:46:13 IDT 2025, 173 W
Fri Sep 26 13:46:13 IDT 2025, 216 W
Fri Sep 26 13:46:13 IDT 2025, 169 W
Fri Sep 26 13:46:13 IDT 2025, 172 W
Fri Sep 26 13:46:13 IDT 2025, 204 W
Fri Sep 26 13:46:13 IDT 2025, 173 W
Fri Sep 26 13:46:13 IDT 2025, 157 W
Fri Sep 26 13:46:14 IDT 2025, 172 W
Fri Sep 26 13:46:14 IDT 2025, 167 W
Fri Sep 26 13:46:14 IDT 2025, 208 W
Fri Sep 26 13:46:14 IDT 2025, 168 W
Fri Sep 26 13:46:14 IDT 2025, 169 W
Fri Sep 26 13:46:14 IDT 2025, 209 W
Fri Sep 26 13:46:14 IDT 2025, 170 W
Fri Sep 26 13:46:14 IDT 2025, 153 W
Fri Sep 26 13:46:15 IDT 2025, 156 W
Fri Sep 26 13:46:15 IDT 2025, 167 W
Fri Sep 26 13:46:15 IDT 2025, 192 W
Fri Sep 26 13:46:15 IDT 2025, 147 W
Fri Sep 26 13:46:15 IDT 2025, 148 W
Fri Sep 26 13:46:15 IDT 2025, 191 W
Fri Sep 26 13:46:15 IDT 2025, 165 W
Fri Sep 26 13:46:15 IDT 2025, 142 W
Fri Sep 26 13:46:16 IDT 2025, 185 W
Fri Sep 26 13:46:16 IDT 2025, 178 W
Fri Sep 26 13:46:16 IDT 2025, 213 W
Fri Sep 26 13:46:16 IDT 2025, 173 W
Fri Sep 26 13:46:16 IDT 2025, 182 W
Fri Sep 26 13:46:16 IDT 2025, 205 W
Fri Sep 26 13:46:16 IDT 2025, 182 W
Fri Sep 26 13:46:16 IDT 2025, 169 W
Fri Sep 26 13:46:17 IDT 2025, 185 W
Fri Sep 26 13:46:17 IDT 2025, 179 W
Fri Sep 26 13:46:17 IDT 2025, 226 W
Fri Sep 26 13:46:17 IDT 2025, 181 W
Fri Sep 26 13:46:17 IDT 2025, 188 W
Fri Sep 26 13:46:17 IDT 2025, 216 W
Fri Sep 26 13:46:17 IDT 2025, 191 W
Fri Sep 26 13:46:17 IDT 2025, 178 W
Fri Sep 26 13:46:18 IDT 2025, 165 W
Fri Sep 26 13:46:18 IDT 2025, 159 W
Fri Sep 26 13:46:18 IDT 2025, 196 W
Fri Sep 26 13:46:18 IDT 2025, 162 W
Fri Sep 26 13:46:18 IDT 2025, 170 W
Fri Sep 26 13:46:18 IDT 2025, 192 W
Fri Sep 26 13:46:18 IDT 2025, 168 W
Fri Sep 26 13:46:18 IDT 2025, 151 W
Fri Sep 26 13:46:19 IDT 2025, 171 W
Fri Sep 26 13:46:19 IDT 2025, 183 W
Fri Sep 26 13:46:19 IDT 2025, 205 W
Fri Sep 26 13:46:19 IDT 2025, 173 W
Fri Sep 26 13:46:19 IDT 2025, 176 W
Fri Sep 26 13:46:19 IDT 2025, 209 W
Fri Sep 26 13:46:19 IDT 2025, 186 W
Fri Sep 26 13:46:19 IDT 2025, 162 W
Fri Sep 26 13:46:20 IDT 2025, 183 W
Fri Sep 26 13:46:20 IDT 2025, 184 W
Fri Sep 26 13:46:20 IDT 2025, 211 W
Fri Sep 26 13:46:20 IDT 2025, 169 W
Fri Sep 26 13:46:20 IDT 2025, 178 W
Fri Sep 26 13:46:20 IDT 2025, 215 W
Fri Sep 26 13:46:20 IDT 2025, 175 W
Fri Sep 26 13:46:20 IDT 2025, 168 W
Fri Sep 26 13:46:21 IDT 2025, 178 W
Fri Sep 26 13:46:21 IDT 2025, 177 W
Fri Sep 26 13:46:21 IDT 2025, 215 W
Fri Sep 26 13:46:21 IDT 2025, 180 W
Fri Sep 26 13:46:21 IDT 2025, 178 W
Fri Sep 26 13:46:21 IDT 2025, 208 W
Fri Sep 26 13:46:21 IDT 2025, 179 W
Fri Sep 26 13:46:21 IDT 2025, 170 W
Fri Sep 26 13:46:22 IDT 2025, 175 W
Fri Sep 26 13:46:22 IDT 2025, 153 W
Fri Sep 26 13:46:22 IDT 2025, 209 W
Fri Sep 26 13:46:22 IDT 2025, 165 W
Fri Sep 26 13:46:22 IDT 2025, 169 W
Fri Sep 26 13:46:22 IDT 2025, 209 W
Fri Sep 26 13:46:22 IDT 2025, 177 W
Fri Sep 26 13:46:22 IDT 2025, 163 W
Fri Sep 26 13:46:23 IDT 2025, 163 W
Fri Sep 26 13:46:23 IDT 2025, 163 W
Fri Sep 26 13:46:23 IDT 2025, 200 W
Fri Sep 26 13:46:23 IDT 2025, 153 W
Fri Sep 26 13:46:23 IDT 2025, 155 W
Fri Sep 26 13:46:23 IDT 2025, 192 W
Fri Sep 26 13:46:23 IDT 2025, 164 W
Fri Sep 26 13:46:23 IDT 2025, 146 W
Fri Sep 26 13:46:24 IDT 2025, 159 W
Fri Sep 26 13:46:24 IDT 2025, 158 W
Fri Sep 26 13:46:24 IDT 2025, 191 W
Fri Sep 26 13:46:24 IDT 2025, 154 W
Fri Sep 26 13:46:24 IDT 2025, 163 W
Fri Sep 26 13:46:24 IDT 2025, 199 W
Fri Sep 26 13:46:24 IDT 2025, 170 W
Fri Sep 26 13:46:24 IDT 2025, 148 W
Fri Sep 26 13:46:25 IDT 2025, 165 W
Fri Sep 26 13:46:25 IDT 2025, 170 W
Fri Sep 26 13:46:25 IDT 2025, 199 W
Fri Sep 26 13:46:25 IDT 2025, 162 W
Fri Sep 26 13:46:25 IDT 2025, 169 W
Fri Sep 26 13:46:25 IDT 2025, 203 W
Fri Sep 26 13:46:25 IDT 2025, 170 W
Fri Sep 26 13:46:25 IDT 2025, 161 W
Fri Sep 26 13:46:26 IDT 2025, 167 W
Fri Sep 26 13:46:26 IDT 2025, 185 W
Fri Sep 26 13:46:26 IDT 2025, 207 W
Fri Sep 26 13:46:26 IDT 2025, 163 W
Fri Sep 26 13:46:26 IDT 2025, 187 W
Fri Sep 26 13:46:26 IDT 2025, 210 W
Fri Sep 26 13:46:26 IDT 2025, 170 W
Fri Sep 26 13:46:26 IDT 2025, 165 W
Fri Sep 26 13:46:27 IDT 2025, 158 W
Fri Sep 26 13:46:27 IDT 2025, 174 W
Fri Sep 26 13:46:27 IDT 2025, 202 W
Fri Sep 26 13:46:27 IDT 2025, 170 W
Fri Sep 26 13:46:27 IDT 2025, 180 W
Fri Sep 26 13:46:27 IDT 2025, 202 W
Fri Sep 26 13:46:27 IDT 2025, 169 W
Fri Sep 26 13:46:27 IDT 2025, 158 W
Fri Sep 26 13:46:28 IDT 2025, 173 W
Fri Sep 26 13:46:28 IDT 2025, 164 W
Fri Sep 26 13:46:28 IDT 2025, 212 W
Fri Sep 26 13:46:28 IDT 2025, 167 W
Fri Sep 26 13:46:28 IDT 2025, 171 W
Fri Sep 26 13:46:28 IDT 2025, 202 W
Fri Sep 26 13:46:28 IDT 2025, 182 W
Fri Sep 26 13:46:28 IDT 2025, 158 W
Fri Sep 26 13:46:29 IDT 2025, 183 W
Fri Sep 26 13:46:29 IDT 2025, 194 W
Fri Sep 26 13:46:29 IDT 2025, 216 W
Fri Sep 26 13:46:29 IDT 2025, 174 W
Fri Sep 26 13:46:29 IDT 2025, 179 W
Fri Sep 26 13:46:29 IDT 2025, 211 W
Fri Sep 26 13:46:29 IDT 2025, 186 W
Fri Sep 26 13:46:29 IDT 2025, 171 W
Fri Sep 26 13:46:30 IDT 2025, 184 W
Fri Sep 26 13:46:30 IDT 2025, 177 W
Fri Sep 26 13:46:30 IDT 2025, 207 W
Fri Sep 26 13:46:30 IDT 2025, 172 W
Fri Sep 26 13:46:30 IDT 2025, 177 W
Fri Sep 26 13:46:30 IDT 2025, 213 W
Fri Sep 26 13:46:30 IDT 2025, 176 W
Fri Sep 26 13:46:30 IDT 2025, 163 W
Fri Sep 26 13:46:31 IDT 2025, 185 W
Fri Sep 26 13:46:31 IDT 2025, 182 W
Fri Sep 26 13:46:31 IDT 2025, 200 W
Fri Sep 26 13:46:31 IDT 2025, 171 W
Fri Sep 26 13:46:31 IDT 2025, 183 W
Fri Sep 26 13:46:31 IDT 2025, 216 W
Fri Sep 26 13:46:31 IDT 2025, 180 W
Fri Sep 26 13:46:31 IDT 2025, 169 W
Fri Sep 26 13:46:32 IDT 2025, 173 W
Fri Sep 26 13:46:32 IDT 2025, 173 W
Fri Sep 26 13:46:32 IDT 2025, 215 W
Fri Sep 26 13:46:32 IDT 2025, 167 W
Fri Sep 26 13:46:32 IDT 2025, 180 W
Fri Sep 26 13:46:32 IDT 2025, 199 W
Fri Sep 26 13:46:32 IDT 2025, 169 W
Fri Sep 26 13:46:32 IDT 2025, 154 W
Fri Sep 26 13:46:33 IDT 2025, 180 W
Fri Sep 26 13:46:33 IDT 2025, 179 W
Fri Sep 26 13:46:33 IDT 2025, 207 W
Fri Sep 26 13:46:33 IDT 2025, 173 W
Fri Sep 26 13:46:33 IDT 2025, 178 W
Fri Sep 26 13:46:33 IDT 2025, 204 W
Fri Sep 26 13:46:33 IDT 2025, 175 W
Fri Sep 26 13:46:33 IDT 2025, 169 W
Fri Sep 26 13:46:34 IDT 2025, 183 W
Fri Sep 26 13:46:34 IDT 2025, 187 W
Fri Sep 26 13:46:34 IDT 2025, 216 W
Fri Sep 26 13:46:34 IDT 2025, 171 W
Fri Sep 26 13:46:34 IDT 2025, 174 W
Fri Sep 26 13:46:34 IDT 2025, 207 W
Fri Sep 26 13:46:34 IDT 2025, 184 W
Fri Sep 26 13:46:34 IDT 2025, 174 W
Fri Sep 26 13:46:35 IDT 2025, 161 W
Fri Sep 26 13:46:35 IDT 2025, 177 W
Fri Sep 26 13:46:35 IDT 2025, 195 W
Fri Sep 26 13:46:35 IDT 2025, 161 W
Fri Sep 26 13:46:35 IDT 2025, 157 W
Fri Sep 26 13:46:35 IDT 2025, 200 W
Fri Sep 26 13:46:35 IDT 2025, 168 W
Fri Sep 26 13:46:35 IDT 2025, 153 W
Fri Sep 26 13:46:36 IDT 2025, 170 W
Fri Sep 26 13:46:36 IDT 2025, 170 W
Fri Sep 26 13:46:36 IDT 2025, 195 W
Fri Sep 26 13:46:36 IDT 2025, 163 W
Fri Sep 26 13:46:36 IDT 2025, 164 W
Fri Sep 26 13:46:36 IDT 2025, 199 W
Fri Sep 26 13:46:36 IDT 2025, 169 W
Fri Sep 26 13:46:36 IDT 2025, 149 W
Fri Sep 26 13:46:37 IDT 2025, 177 W
Fri Sep 26 13:46:37 IDT 2025, 177 W
Fri Sep 26 13:46:37 IDT 2025, 205 W
Fri Sep 26 13:46:37 IDT 2025, 166 W
Fri Sep 26 13:46:37 IDT 2025, 167 W
Fri Sep 26 13:46:37 IDT 2025, 207 W
Fri Sep 26 13:46:37 IDT 2025, 177 W
Fri Sep 26 13:46:37 IDT 2025, 158 W
Fri Sep 26 13:46:38 IDT 2025, 190 W
Fri Sep 26 13:46:38 IDT 2025, 190 W
Fri Sep 26 13:46:38 IDT 2025, 222 W
Fri Sep 26 13:46:38 IDT 2025, 173 W
Fri Sep 26 13:46:38 IDT 2025, 191 W
Fri Sep 26 13:46:38 IDT 2025, 215 W
Fri Sep 26 13:46:38 IDT 2025, 200 W
Fri Sep 26 13:46:38 IDT 2025, 174 W
Fri Sep 26 13:46:39 IDT 2025, 177 W
Fri Sep 26 13:46:39 IDT 2025, 179 W
Fri Sep 26 13:46:39 IDT 2025, 215 W
Fri Sep 26 13:46:39 IDT 2025, 151 W
Fri Sep 26 13:46:39 IDT 2025, 172 W
Fri Sep 26 13:46:39 IDT 2025, 208 W
Fri Sep 26 13:46:39 IDT 2025, 178 W
Fri Sep 26 13:46:39 IDT 2025, 163 W
Fri Sep 26 13:46:40 IDT 2025, 174 W
Fri Sep 26 13:46:40 IDT 2025, 171 W
Fri Sep 26 13:46:40 IDT 2025, 191 W
Fri Sep 26 13:46:40 IDT 2025, 162 W
Fri Sep 26 13:46:40 IDT 2025, 158 W
Fri Sep 26 13:46:40 IDT 2025, 200 W
Fri Sep 26 13:46:40 IDT 2025, 172 W
Fri Sep 26 13:46:40 IDT 2025, 158 W
Fri Sep 26 13:46:41 IDT 2025, 181 W
Fri Sep 26 13:46:41 IDT 2025, 183 W
Fri Sep 26 13:46:41 IDT 2025, 214 W
Fri Sep 26 13:46:41 IDT 2025, 170 W
Fri Sep 26 13:46:41 IDT 2025, 169 W
Fri Sep 26 13:46:41 IDT 2025, 207 W
Fri Sep 26 13:46:41 IDT 2025, 188 W
Fri Sep 26 13:46:41 IDT 2025, 170 W
Fri Sep 26 13:46:42 IDT 2025, 169 W
Fri Sep 26 13:46:42 IDT 2025, 177 W
Fri Sep 26 13:46:42 IDT 2025, 208 W
Fri Sep 26 13:46:42 IDT 2025, 169 W
Fri Sep 26 13:46:42 IDT 2025, 175 W
Fri Sep 26 13:46:42 IDT 2025, 209 W
Fri Sep 26 13:46:42 IDT 2025, 183 W
Fri Sep 26 13:46:42 IDT 2025, 159 W
Fri Sep 26 13:46:43 IDT 2025, 175 W
Fri Sep 26 13:46:43 IDT 2025, 183 W
Fri Sep 26 13:46:43 IDT 2025, 212 W
Fri Sep 26 13:46:43 IDT 2025, 175 W
Fri Sep 26 13:46:43 IDT 2025, 179 W
Fri Sep 26 13:46:43 IDT 2025, 207 W
Fri Sep 26 13:46:43 IDT 2025, 181 W
Fri Sep 26 13:46:43 IDT 2025, 163 W
Fri Sep 26 13:46:44 IDT 2025, 171 W
Fri Sep 26 13:46:44 IDT 2025, 174 W
Fri Sep 26 13:46:44 IDT 2025, 206 W
Fri Sep 26 13:46:44 IDT 2025, 165 W
Fri Sep 26 13:46:44 IDT 2025, 165 W
Fri Sep 26 13:46:44 IDT 2025, 204 W
Fri Sep 26 13:46:44 IDT 2025, 175 W
Fri Sep 26 13:46:44 IDT 2025, 155 W
Fri Sep 26 13:46:45 IDT 2025, 174 W
Fri Sep 26 13:46:45 IDT 2025, 189 W
Fri Sep 26 13:46:45 IDT 2025, 220 W
Fri Sep 26 13:46:45 IDT 2025, 175 W
Fri Sep 26 13:46:45 IDT 2025, 173 W
Fri Sep 26 13:46:45 IDT 2025, 222 W
Fri Sep 26 13:46:45 IDT 2025, 189 W
Fri Sep 26 13:46:45 IDT 2025, 166 W
Fri Sep 26 13:46:46 IDT 2025, 181 W
Fri Sep 26 13:46:46 IDT 2025, 179 W
Fri Sep 26 13:46:46 IDT 2025, 211 W
Fri Sep 26 13:46:46 IDT 2025, 166 W
Fri Sep 26 13:46:46 IDT 2025, 182 W
Fri Sep 26 13:46:46 IDT 2025, 210 W
Fri Sep 26 13:46:46 IDT 2025, 187 W
Fri Sep 26 13:46:46 IDT 2025, 165 W
Fri Sep 26 13:46:47 IDT 2025, 172 W
Fri Sep 26 13:46:47 IDT 2025, 178 W
Fri Sep 26 13:46:47 IDT 2025, 215 W
Fri Sep 26 13:46:47 IDT 2025, 175 W
Fri Sep 26 13:46:47 IDT 2025, 183 W
Fri Sep 26 13:46:47 IDT 2025, 208 W
Fri Sep 26 13:46:47 IDT 2025, 189 W
Fri Sep 26 13:46:47 IDT 2025, 163 W
Fri Sep 26 13:46:48 IDT 2025, 176 W
Fri Sep 26 13:46:48 IDT 2025, 177 W
Fri Sep 26 13:46:48 IDT 2025, 218 W
Fri Sep 26 13:46:48 IDT 2025, 175 W
Fri Sep 26 13:46:48 IDT 2025, 178 W
Fri Sep 26 13:46:48 IDT 2025, 211 W
Fri Sep 26 13:46:48 IDT 2025, 190 W
Fri Sep 26 13:46:48 IDT 2025, 167 W
Fri Sep 26 13:46:49 IDT 2025, 170 W
Fri Sep 26 13:46:49 IDT 2025, 167 W
Fri Sep 26 13:46:49 IDT 2025, 201 W
Fri Sep 26 13:46:49 IDT 2025, 171 W
Fri Sep 26 13:46:49 IDT 2025, 166 W
Fri Sep 26 13:46:49 IDT 2025, 199 W
Fri Sep 26 13:46:49 IDT 2025, 183 W
Fri Sep 26 13:46:49 IDT 2025, 151 W
Fri Sep 26 13:46:50 IDT 2025, 183 W
Fri Sep 26 13:46:50 IDT 2025, 178 W
Fri Sep 26 13:46:50 IDT 2025, 211 W
Fri Sep 26 13:46:50 IDT 2025, 172 W
Fri Sep 26 13:46:50 IDT 2025, 172 W
Fri Sep 26 13:46:50 IDT 2025, 211 W
Fri Sep 26 13:46:50 IDT 2025, 182 W
Fri Sep 26 13:46:50 IDT 2025, 161 W
Fri Sep 26 13:46:51 IDT 2025, 165 W
Fri Sep 26 13:46:51 IDT 2025, 160 W
Fri Sep 26 13:46:51 IDT 2025, 203 W
Fri Sep 26 13:46:51 IDT 2025, 161 W
Fri Sep 26 13:46:51 IDT 2025, 175 W
Fri Sep 26 13:46:51 IDT 2025, 205 W
Fri Sep 26 13:46:51 IDT 2025, 173 W
Fri Sep 26 13:46:51 IDT 2025, 149 W
Fri Sep 26 13:46:52 IDT 2025, 180 W
Fri Sep 26 13:46:52 IDT 2025, 173 W
Fri Sep 26 13:46:52 IDT 2025, 217 W
Fri Sep 26 13:46:52 IDT 2025, 174 W
Fri Sep 26 13:46:52 IDT 2025, 188 W
Fri Sep 26 13:46:52 IDT 2025, 202 W
Fri Sep 26 13:46:52 IDT 2025, 188 W
Fri Sep 26 13:46:52 IDT 2025, 162 W
Fri Sep 26 13:46:53 IDT 2025, 180 W
Fri Sep 26 13:46:53 IDT 2025, 174 W
Fri Sep 26 13:46:53 IDT 2025, 213 W
Fri Sep 26 13:46:53 IDT 2025, 174 W
Fri Sep 26 13:46:53 IDT 2025, 188 W
Fri Sep 26 13:46:53 IDT 2025, 215 W
Fri Sep 26 13:46:53 IDT 2025, 186 W
Fri Sep 26 13:46:53 IDT 2025, 155 W
Fri Sep 26 13:46:54 IDT 2025, 190 W
Fri Sep 26 13:46:54 IDT 2025, 182 W
Fri Sep 26 13:46:54 IDT 2025, 208 W
Fri Sep 26 13:46:54 IDT 2025, 172 W
Fri Sep 26 13:46:54 IDT 2025, 185 W
Fri Sep 26 13:46:54 IDT 2025, 218 W
Fri Sep 26 13:46:54 IDT 2025, 189 W
Fri Sep 26 13:46:54 IDT 2025, 173 W
Fri Sep 26 13:46:55 IDT 2025, 165 W
Fri Sep 26 13:46:55 IDT 2025, 164 W
Fri Sep 26 13:46:55 IDT 2025, 200 W
Fri Sep 26 13:46:55 IDT 2025, 160 W
Fri Sep 26 13:46:55 IDT 2025, 172 W
Fri Sep 26 13:46:55 IDT 2025, 196 W
Fri Sep 26 13:46:55 IDT 2025, 171 W
Fri Sep 26 13:46:55 IDT 2025, 156 W
Fri Sep 26 13:46:56 IDT 2025, 172 W
Fri Sep 26 13:46:56 IDT 2025, 175 W
Fri Sep 26 13:46:56 IDT 2025, 211 W
Fri Sep 26 13:46:56 IDT 2025, 180 W
Fri Sep 26 13:46:56 IDT 2025, 184 W
Fri Sep 26 13:46:56 IDT 2025, 216 W
Fri Sep 26 13:46:56 IDT 2025, 183 W
Fri Sep 26 13:46:56 IDT 2025, 175 W
Fri Sep 26 13:46:57 IDT 2025, 185 W
Fri Sep 26 13:46:57 IDT 2025, 176 W
Fri Sep 26 13:46:57 IDT 2025, 213 W
Fri Sep 26 13:46:57 IDT 2025, 172 W
Fri Sep 26 13:46:57 IDT 2025, 182 W
Fri Sep 26 13:46:57 IDT 2025, 207 W
Fri Sep 26 13:46:57 IDT 2025, 184 W
Fri Sep 26 13:46:57 IDT 2025, 164 W
Fri Sep 26 13:46:58 IDT 2025, 166 W
Fri Sep 26 13:46:58 IDT 2025, 159 W
Fri Sep 26 13:46:58 IDT 2025, 194 W
Fri Sep 26 13:46:58 IDT 2025, 150 W
Fri Sep 26 13:46:58 IDT 2025, 163 W
Fri Sep 26 13:46:58 IDT 2025, 173 W
Fri Sep 26 13:46:58 IDT 2025, 173 W
Fri Sep 26 13:46:58 IDT 2025, 151 W
Fri Sep 26 13:46:59 IDT 2025, 170 W
Fri Sep 26 13:46:59 IDT 2025, 171 W
Fri Sep 26 13:46:59 IDT 2025, 207 W
Fri Sep 26 13:46:59 IDT 2025, 169 W
Fri Sep 26 13:46:59 IDT 2025, 182 W
Fri Sep 26 13:46:59 IDT 2025, 207 W
Fri Sep 26 13:46:59 IDT 2025, 185 W
Fri Sep 26 13:46:59 IDT 2025, 163 W
Fri Sep 26 13:47:00 IDT 2025, 180 W
Fri Sep 26 13:47:00 IDT 2025, 195 W
Fri Sep 26 13:47:00 IDT 2025, 223 W
Fri Sep 26 13:47:00 IDT 2025, 176 W
Fri Sep 26 13:47:00 IDT 2025, 195 W
Fri Sep 26 13:47:00 IDT 2025, 214 W
Fri Sep 26 13:47:00 IDT 2025, 201 W
Fri Sep 26 13:47:00 IDT 2025, 182 W
Fri Sep 26 13:47:01 IDT 2025, 168 W
Fri Sep 26 13:47:01 IDT 2025, 164 W
Fri Sep 26 13:47:01 IDT 2025, 204 W
Fri Sep 26 13:47:01 IDT 2025, 167 W
Fri Sep 26 13:47:01 IDT 2025, 167 W
Fri Sep 26 13:47:01 IDT 2025, 202 W
Fri Sep 26 13:47:01 IDT 2025, 169 W
Fri Sep 26 13:47:01 IDT 2025, 158 W
Fri Sep 26 13:47:02 IDT 2025, 177 W
Fri Sep 26 13:47:02 IDT 2025, 174 W
Fri Sep 26 13:47:02 IDT 2025, 211 W
Fri Sep 26 13:47:02 IDT 2025, 167 W
Fri Sep 26 13:47:02 IDT 2025, 178 W
Fri Sep 26 13:47:02 IDT 2025, 207 W
Fri Sep 26 13:47:02 IDT 2025, 188 W
Fri Sep 26 13:47:02 IDT 2025, 165 W
Fri Sep 26 13:47:03 IDT 2025, 179 W
Fri Sep 26 13:47:03 IDT 2025, 176 W
Fri Sep 26 13:47:03 IDT 2025, 209 W
Fri Sep 26 13:47:03 IDT 2025, 174 W
Fri Sep 26 13:47:03 IDT 2025, 175 W
Fri Sep 26 13:47:03 IDT 2025, 209 W
Fri Sep 26 13:47:03 IDT 2025, 181 W
Fri Sep 26 13:47:03 IDT 2025, 169 W
Fri Sep 26 13:47:04 IDT 2025, 181 W
Fri Sep 26 13:47:04 IDT 2025, 181 W
Fri Sep 26 13:47:04 IDT 2025, 205 W
Fri Sep 26 13:47:04 IDT 2025, 168 W
Fri Sep 26 13:47:04 IDT 2025, 183 W
Fri Sep 26 13:47:04 IDT 2025, 201 W
Fri Sep 26 13:47:04 IDT 2025, 179 W
Fri Sep 26 13:47:04 IDT 2025, 162 W
Fri Sep 26 13:47:05 IDT 2025, 184 W
Fri Sep 26 13:47:05 IDT 2025, 185 W
Fri Sep 26 13:47:05 IDT 2025, 214 W
Fri Sep 26 13:47:05 IDT 2025, 176 W
Fri Sep 26 13:47:05 IDT 2025, 179 W
Fri Sep 26 13:47:05 IDT 2025, 212 W
Fri Sep 26 13:47:05 IDT 2025, 189 W
Fri Sep 26 13:47:05 IDT 2025, 167 W
Fri Sep 26 13:47:06 IDT 2025, 179 W
Fri Sep 26 13:47:06 IDT 2025, 167 W
Fri Sep 26 13:47:06 IDT 2025, 217 W
Fri Sep 26 13:47:06 IDT 2025, 172 W
Fri Sep 26 13:47:06 IDT 2025, 175 W
Fri Sep 26 13:47:06 IDT 2025, 200 W
Fri Sep 26 13:47:06 IDT 2025, 184 W
Fri Sep 26 13:47:06 IDT 2025, 165 W
Fri Sep 26 13:47:07 IDT 2025, 165 W
Fri Sep 26 13:47:07 IDT 2025, 180 W
Fri Sep 26 13:47:07 IDT 2025, 205 W
Fri Sep 26 13:47:07 IDT 2025, 166 W
Fri Sep 26 13:47:07 IDT 2025, 174 W
Fri Sep 26 13:47:07 IDT 2025, 199 W
Fri Sep 26 13:47:07 IDT 2025, 181 W
Fri Sep 26 13:47:07 IDT 2025, 163 W
Fri Sep 26 13:47:08 IDT 2025, 165 W
Fri Sep 26 13:47:08 IDT 2025, 174 W
Fri Sep 26 13:47:08 IDT 2025, 208 W
Fri Sep 26 13:47:08 IDT 2025, 172 W
Fri Sep 26 13:47:08 IDT 2025, 185 W
Fri Sep 26 13:47:08 IDT 2025, 204 W
Fri Sep 26 13:47:08 IDT 2025, 179 W
Fri Sep 26 13:47:08 IDT 2025, 162 W
Fri Sep 26 13:47:09 IDT 2025, 153 W
Fri Sep 26 13:47:09 IDT 2025, 143 W
Fri Sep 26 13:47:09 IDT 2025, 185 W
Fri Sep 26 13:47:09 IDT 2025, 151 W
Fri Sep 26 13:47:09 IDT 2025, 163 W
Fri Sep 26 13:47:09 IDT 2025, 189 W
Fri Sep 26 13:47:09 IDT 2025, 164 W
Fri Sep 26 13:47:09 IDT 2025, 147 W
Fri Sep 26 13:47:10 IDT 2025, 176 W
Fri Sep 26 13:47:10 IDT 2025, 177 W
Fri Sep 26 13:47:10 IDT 2025, 218 W
Fri Sep 26 13:47:10 IDT 2025, 174 W
Fri Sep 26 13:47:10 IDT 2025, 180 W
Fri Sep 26 13:47:10 IDT 2025, 220 W
Fri Sep 26 13:47:10 IDT 2025, 194 W
Fri Sep 26 13:47:10 IDT 2025, 167 W
Fri Sep 26 13:47:11 IDT 2025, 172 W
Fri Sep 26 13:47:11 IDT 2025, 175 W
Fri Sep 26 13:47:11 IDT 2025, 210 W
Fri Sep 26 13:47:11 IDT 2025, 169 W
Fri Sep 26 13:47:11 IDT 2025, 179 W
Fri Sep 26 13:47:11 IDT 2025, 199 W
Fri Sep 26 13:47:11 IDT 2025, 182 W
Fri Sep 26 13:47:11 IDT 2025, 156 W
Fri Sep 26 13:47:12 IDT 2025, 176 W
Fri Sep 26 13:47:12 IDT 2025, 161 W
Fri Sep 26 13:47:12 IDT 2025, 201 W
Fri Sep 26 13:47:12 IDT 2025, 161 W
Fri Sep 26 13:47:12 IDT 2025, 172 W
Fri Sep 26 13:47:12 IDT 2025, 203 W
Fri Sep 26 13:47:12 IDT 2025, 178 W
Fri Sep 26 13:47:12 IDT 2025, 159 W
Fri Sep 26 13:47:13 IDT 2025, 180 W
Fri Sep 26 13:47:13 IDT 2025, 176 W
Fri Sep 26 13:47:13 IDT 2025, 213 W
Fri Sep 26 13:47:13 IDT 2025, 171 W
Fri Sep 26 13:47:13 IDT 2025, 165 W
Fri Sep 26 13:47:13 IDT 2025, 207 W
Fri Sep 26 13:47:13 IDT 2025, 175 W
Fri Sep 26 13:47:13 IDT 2025, 151 W
Fri Sep 26 13:47:14 IDT 2025, 171 W
Fri Sep 26 13:47:14 IDT 2025, 169 W
Fri Sep 26 13:47:14 IDT 2025, 206 W
Fri Sep 26 13:47:14 IDT 2025, 168 W
Fri Sep 26 13:47:14 IDT 2025, 177 W
Fri Sep 26 13:47:14 IDT 2025, 196 W
Fri Sep 26 13:47:14 IDT 2025, 183 W
Fri Sep 26 13:47:14 IDT 2025, 161 W
Fri Sep 26 13:47:15 IDT 2025, 178 W
Fri Sep 26 13:47:15 IDT 2025, 161 W
Fri Sep 26 13:47:15 IDT 2025, 210 W
Fri Sep 26 13:47:15 IDT 2025, 167 W
Fri Sep 26 13:47:15 IDT 2025, 175 W
Fri Sep 26 13:47:15 IDT 2025, 203 W
Fri Sep 26 13:47:15 IDT 2025, 182 W
Fri Sep 26 13:47:15 IDT 2025, 165 W
Fri Sep 26 13:47:16 IDT 2025, 180 W
Fri Sep 26 13:47:16 IDT 2025, 170 W
Fri Sep 26 13:47:16 IDT 2025, 226 W
Fri Sep 26 13:47:16 IDT 2025, 178 W
Fri Sep 26 13:47:16 IDT 2025, 182 W
Fri Sep 26 13:47:16 IDT 2025, 207 W
Fri Sep 26 13:47:16 IDT 2025, 181 W
Fri Sep 26 13:47:16 IDT 2025, 165 W
Fri Sep 26 13:47:17 IDT 2025, 157 W
Fri Sep 26 13:47:17 IDT 2025, 168 W
Fri Sep 26 13:47:17 IDT 2025, 190 W
Fri Sep 26 13:47:17 IDT 2025, 155 W
Fri Sep 26 13:47:17 IDT 2025, 161 W
Fri Sep 26 13:47:17 IDT 2025, 195 W
Fri Sep 26 13:47:17 IDT 2025, 165 W
Fri Sep 26 13:47:17 IDT 2025, 155 W
Fri Sep 26 13:47:18 IDT 2025, 162 W
Fri Sep 26 13:47:18 IDT 2025, 154 W
Fri Sep 26 13:47:18 IDT 2025, 191 W
Fri Sep 26 13:47:18 IDT 2025, 150 W
Fri Sep 26 13:47:18 IDT 2025, 166 W
Fri Sep 26 13:47:18 IDT 2025, 186 W
Fri Sep 26 13:47:18 IDT 2025, 168 W
Fri Sep 26 13:47:18 IDT 2025, 142 W
Fri Sep 26 13:47:19 IDT 2025, 176 W
Fri Sep 26 13:47:19 IDT 2025, 164 W
Fri Sep 26 13:47:19 IDT 2025, 205 W
Fri Sep 26 13:47:19 IDT 2025, 162 W
Fri Sep 26 13:47:19 IDT 2025, 174 W
Fri Sep 26 13:47:19 IDT 2025, 205 W
Fri Sep 26 13:47:19 IDT 2025, 178 W
Fri Sep 26 13:47:19 IDT 2025, 166 W
Fri Sep 26 13:47:20 IDT 2025, 187 W
Fri Sep 26 13:47:20 IDT 2025, 166 W
Fri Sep 26 13:47:20 IDT 2025, 207 W
Fri Sep 26 13:47:20 IDT 2025, 166 W
Fri Sep 26 13:47:20 IDT 2025, 177 W
Fri Sep 26 13:47:20 IDT 2025, 209 W
Fri Sep 26 13:47:20 IDT 2025, 182 W
Fri Sep 26 13:47:20 IDT 2025, 160 W
Fri Sep 26 13:47:21 IDT 2025, 167 W
Fri Sep 26 13:47:21 IDT 2025, 161 W
Fri Sep 26 13:47:21 IDT 2025, 202 W
Fri Sep 26 13:47:21 IDT 2025, 160 W
Fri Sep 26 13:47:21 IDT 2025, 165 W
Fri Sep 26 13:47:21 IDT 2025, 198 W
Fri Sep 26 13:47:21 IDT 2025, 173 W
Fri Sep 26 13:47:21 IDT 2025, 152 W
Fri Sep 26 13:47:22 IDT 2025, 180 W
Fri Sep 26 13:47:22 IDT 2025, 169 W
Fri Sep 26 13:47:22 IDT 2025, 205 W
Fri Sep 26 13:47:22 IDT 2025, 167 W
Fri Sep 26 13:47:22 IDT 2025, 182 W
Fri Sep 26 13:47:22 IDT 2025, 202 W
Fri Sep 26 13:47:22 IDT 2025, 178 W
Fri Sep 26 13:47:22 IDT 2025, 164 W
Fri Sep 26 13:47:23 IDT 2025, 181 W
Fri Sep 26 13:47:23 IDT 2025, 169 W
Fri Sep 26 13:47:23 IDT 2025, 209 W
Fri Sep 26 13:47:23 IDT 2025, 173 W
Fri Sep 26 13:47:23 IDT 2025, 181 W
Fri Sep 26 13:47:23 IDT 2025, 207 W
Fri Sep 26 13:47:23 IDT 2025, 186 W
Fri Sep 26 13:47:23 IDT 2025, 165 W
Fri Sep 26 13:47:24 IDT 2025, 183 W
Fri Sep 26 13:47:24 IDT 2025, 170 W
Fri Sep 26 13:47:24 IDT 2025, 208 W
Fri Sep 26 13:47:24 IDT 2025, 173 W
Fri Sep 26 13:47:24 IDT 2025, 183 W
Fri Sep 26 13:47:24 IDT 2025, 202 W
Fri Sep 26 13:47:24 IDT 2025, 184 W
Fri Sep 26 13:47:24 IDT 2025, 169 W
Fri Sep 26 13:47:25 IDT 2025, 180 W
Fri Sep 26 13:47:25 IDT 2025, 170 W
Fri Sep 26 13:47:25 IDT 2025, 212 W
Fri Sep 26 13:47:25 IDT 2025, 165 W
Fri Sep 26 13:47:25 IDT 2025, 181 W
Fri Sep 26 13:47:25 IDT 2025, 204 W
Fri Sep 26 13:47:25 IDT 2025, 185 W
Fri Sep 26 13:47:25 IDT 2025, 169 W
Fri Sep 26 13:47:26 IDT 2025, 166 W
Fri Sep 26 13:47:26 IDT 2025, 165 W
Fri Sep 26 13:47:26 IDT 2025, 197 W
Fri Sep 26 13:47:26 IDT 2025, 159 W
Fri Sep 26 13:47:26 IDT 2025, 165 W
Fri Sep 26 13:47:26 IDT 2025, 196 W
Fri Sep 26 13:47:26 IDT 2025, 172 W
Fri Sep 26 13:47:26 IDT 2025, 135 W
Fri Sep 26 13:47:27 IDT 2025, 180 W
Fri Sep 26 13:47:27 IDT 2025, 170 W
Fri Sep 26 13:47:27 IDT 2025, 210 W
Fri Sep 26 13:47:27 IDT 2025, 169 W
Fri Sep 26 13:47:27 IDT 2025, 182 W
Fri Sep 26 13:47:27 IDT 2025, 208 W
Fri Sep 26 13:47:27 IDT 2025, 179 W
Fri Sep 26 13:47:27 IDT 2025, 167 W
Fri Sep 26 13:47:28 IDT 2025, 149 W
Fri Sep 26 13:47:28 IDT 2025, 154 W
Fri Sep 26 13:47:28 IDT 2025, 190 W
Fri Sep 26 13:47:28 IDT 2025, 147 W
Fri Sep 26 13:47:28 IDT 2025, 144 W
Fri Sep 26 13:47:28 IDT 2025, 183 W
Fri Sep 26 13:47:28 IDT 2025, 154 W
Fri Sep 26 13:47:28 IDT 2025, 143 W
Fri Sep 26 13:47:29 IDT 2025, 168 W
Fri Sep 26 13:47:29 IDT 2025, 173 W
Fri Sep 26 13:47:29 IDT 2025, 203 W
Fri Sep 26 13:47:29 IDT 2025, 160 W
Fri Sep 26 13:47:29 IDT 2025, 177 W
Fri Sep 26 13:47:29 IDT 2025, 200 W
Fri Sep 26 13:47:29 IDT 2025, 177 W
Fri Sep 26 13:47:29 IDT 2025, 159 W
Fri Sep 26 13:47:30 IDT 2025, 168 W
Fri Sep 26 13:47:30 IDT 2025, 161 W
Fri Sep 26 13:47:30 IDT 2025, 198 W
Fri Sep 26 13:47:30 IDT 2025, 153 W
Fri Sep 26 13:47:30 IDT 2025, 167 W
Fri Sep 26 13:47:30 IDT 2025, 205 W
Fri Sep 26 13:47:30 IDT 2025, 169 W
Fri Sep 26 13:47:30 IDT 2025, 153 W
Fri Sep 26 13:47:31 IDT 2025, 183 W
Fri Sep 26 13:47:31 IDT 2025, 172 W
Fri Sep 26 13:47:31 IDT 2025, 209 W
Fri Sep 26 13:47:31 IDT 2025, 171 W
Fri Sep 26 13:47:31 IDT 2025, 189 W
Fri Sep 26 13:47:31 IDT 2025, 204 W
Fri Sep 26 13:47:31 IDT 2025, 186 W
Fri Sep 26 13:47:31 IDT 2025, 161 W
Fri Sep 26 13:47:32 IDT 2025, 182 W
Fri Sep 26 13:47:32 IDT 2025, 180 W
Fri Sep 26 13:47:32 IDT 2025, 218 W
Fri Sep 26 13:47:32 IDT 2025, 172 W
Fri Sep 26 13:47:32 IDT 2025, 185 W
Fri Sep 26 13:47:32 IDT 2025, 211 W
Fri Sep 26 13:47:32 IDT 2025, 187 W
Fri Sep 26 13:47:32 IDT 2025, 168 W
Fri Sep 26 13:47:33 IDT 2025, 173 W
Fri Sep 26 13:47:33 IDT 2025, 167 W
Fri Sep 26 13:47:33 IDT 2025, 197 W
Fri Sep 26 13:47:33 IDT 2025, 161 W
Fri Sep 26 13:47:33 IDT 2025, 162 W
Fri Sep 26 13:47:33 IDT 2025, 200 W
Fri Sep 26 13:47:33 IDT 2025, 170 W
Fri Sep 26 13:47:33 IDT 2025, 147 W
Fri Sep 26 13:47:34 IDT 2025, 172 W
Fri Sep 26 13:47:34 IDT 2025, 175 W
Fri Sep 26 13:47:34 IDT 2025, 207 W
Fri Sep 26 13:47:34 IDT 2025, 164 W
Fri Sep 26 13:47:34 IDT 2025, 176 W
Fri Sep 26 13:47:34 IDT 2025, 194 W
Fri Sep 26 13:47:34 IDT 2025, 182 W
Fri Sep 26 13:47:34 IDT 2025, 162 W
Fri Sep 26 13:47:35 IDT 2025, 182 W
Fri Sep 26 13:47:35 IDT 2025, 176 W
Fri Sep 26 13:47:35 IDT 2025, 214 W
Fri Sep 26 13:47:35 IDT 2025, 173 W
Fri Sep 26 13:47:35 IDT 2025, 172 W
Fri Sep 26 13:47:35 IDT 2025, 198 W
Fri Sep 26 13:47:35 IDT 2025, 182 W
Fri Sep 26 13:47:35 IDT 2025, 167 W
Fri Sep 26 13:47:36 IDT 2025, 170 W
Fri Sep 26 13:47:36 IDT 2025, 182 W
Fri Sep 26 13:47:36 IDT 2025, 204 W
Fri Sep 26 13:47:36 IDT 2025, 168 W
Fri Sep 26 13:47:36 IDT 2025, 167 W
Fri Sep 26 13:47:36 IDT 2025, 199 W
Fri Sep 26 13:47:36 IDT 2025, 180 W
Fri Sep 26 13:47:36 IDT 2025, 157 W
Fri Sep 26 13:47:37 IDT 2025, 179 W
Fri Sep 26 13:47:37 IDT 2025, 171 W
Fri Sep 26 13:47:37 IDT 2025, 206 W
Fri Sep 26 13:47:37 IDT 2025, 162 W
Fri Sep 26 13:47:37 IDT 2025, 171 W
Fri Sep 26 13:47:37 IDT 2025, 203 W
Fri Sep 26 13:47:37 IDT 2025, 177 W
Fri Sep 26 13:47:37 IDT 2025, 153 W
Fri Sep 26 13:47:38 IDT 2025, 162 W
Fri Sep 26 13:47:38 IDT 2025, 168 W
Fri Sep 26 13:47:38 IDT 2025, 195 W
Fri Sep 26 13:47:38 IDT 2025, 154 W
Fri Sep 26 13:47:38 IDT 2025, 152 W
Fri Sep 26 13:47:38 IDT 2025, 196 W
Fri Sep 26 13:47:38 IDT 2025, 164 W
Fri Sep 26 13:47:38 IDT 2025, 151 W
Fri Sep 26 13:47:39 IDT 2025, 171 W
Fri Sep 26 13:47:39 IDT 2025, 183 W
Fri Sep 26 13:47:39 IDT 2025, 212 W
Fri Sep 26 13:47:39 IDT 2025, 167 W
Fri Sep 26 13:47:39 IDT 2025, 185 W
Fri Sep 26 13:47:39 IDT 2025, 204 W
Fri Sep 26 13:47:39 IDT 2025, 185 W
Fri Sep 26 13:47:39 IDT 2025, 165 W
Fri Sep 26 13:47:40 IDT 2025, 170 W
Fri Sep 26 13:47:40 IDT 2025, 168 W
Fri Sep 26 13:47:40 IDT 2025, 198 W
Fri Sep 26 13:47:40 IDT 2025, 158 W
Fri Sep 26 13:47:40 IDT 2025, 166 W
Fri Sep 26 13:47:40 IDT 2025, 195 W
Fri Sep 26 13:47:40 IDT 2025, 169 W
Fri Sep 26 13:47:40 IDT 2025, 134 W
Fri Sep 26 13:47:41 IDT 2025, 177 W
Fri Sep 26 13:47:41 IDT 2025, 174 W
Fri Sep 26 13:47:41 IDT 2025, 194 W
Fri Sep 26 13:47:41 IDT 2025, 155 W
Fri Sep 26 13:47:41 IDT 2025, 158 W
Fri Sep 26 13:47:41 IDT 2025, 190 W
Fri Sep 26 13:47:41 IDT 2025, 172 W
Fri Sep 26 13:47:41 IDT 2025, 152 W
Fri Sep 26 13:47:42 IDT 2025, 186 W
Fri Sep 26 13:47:42 IDT 2025, 187 W
Fri Sep 26 13:47:42 IDT 2025, 208 W
Fri Sep 26 13:47:42 IDT 2025, 173 W
Fri Sep 26 13:47:42 IDT 2025, 177 W
Fri Sep 26 13:47:42 IDT 2025, 202 W
Fri Sep 26 13:47:42 IDT 2025, 185 W
Fri Sep 26 13:47:42 IDT 2025, 165 W
Fri Sep 26 13:47:43 IDT 2025, 189 W
Fri Sep 26 13:47:43 IDT 2025, 183 W
Fri Sep 26 13:47:43 IDT 2025, 217 W
Fri Sep 26 13:47:43 IDT 2025, 175 W
Fri Sep 26 13:47:43 IDT 2025, 182 W
Fri Sep 26 13:47:43 IDT 2025, 212 W
Fri Sep 26 13:47:43 IDT 2025, 191 W
Fri Sep 26 13:47:43 IDT 2025, 175 W
Fri Sep 26 13:47:44 IDT 2025, 173 W
Fri Sep 26 13:47:44 IDT 2025, 177 W
Fri Sep 26 13:47:44 IDT 2025, 200 W
Fri Sep 26 13:47:44 IDT 2025, 166 W
Fri Sep 26 13:47:44 IDT 2025, 165 W
Fri Sep 26 13:47:44 IDT 2025, 197 W
Fri Sep 26 13:47:44 IDT 2025, 173 W
Fri Sep 26 13:47:44 IDT 2025, 160 W
Fri Sep 26 13:47:45 IDT 2025, 173 W
Fri Sep 26 13:47:45 IDT 2025, 174 W
Fri Sep 26 13:47:45 IDT 2025, 206 W
Fri Sep 26 13:47:45 IDT 2025, 172 W
Fri Sep 26 13:47:45 IDT 2025, 179 W
Fri Sep 26 13:47:45 IDT 2025, 207 W
Fri Sep 26 13:47:45 IDT 2025, 180 W
Fri Sep 26 13:47:45 IDT 2025, 159 W
Fri Sep 26 13:47:46 IDT 2025, 180 W
Fri Sep 26 13:47:46 IDT 2025, 176 W
Fri Sep 26 13:47:46 IDT 2025, 212 W
Fri Sep 26 13:47:46 IDT 2025, 168 W
Fri Sep 26 13:47:46 IDT 2025, 183 W
Fri Sep 26 13:47:46 IDT 2025, 214 W
Fri Sep 26 13:47:46 IDT 2025, 192 W
Fri Sep 26 13:47:46 IDT 2025, 165 W
Fri Sep 26 13:47:47 IDT 2025, 177 W
Fri Sep 26 13:47:47 IDT 2025, 177 W
Fri Sep 26 13:47:47 IDT 2025, 221 W
Fri Sep 26 13:47:47 IDT 2025, 173 W
Fri Sep 26 13:47:47 IDT 2025, 181 W
Fri Sep 26 13:47:47 IDT 2025, 214 W
Fri Sep 26 13:47:47 IDT 2025, 192 W
Fri Sep 26 13:47:47 IDT 2025, 175 W
Fri Sep 26 13:47:48 IDT 2025, 158 W
Fri Sep 26 13:47:48 IDT 2025, 173 W
Fri Sep 26 13:47:48 IDT 2025, 210 W
Fri Sep 26 13:47:48 IDT 2025, 160 W
Fri Sep 26 13:47:48 IDT 2025, 177 W
Fri Sep 26 13:47:48 IDT 2025, 212 W
Fri Sep 26 13:47:48 IDT 2025, 174 W
Fri Sep 26 13:47:48 IDT 2025, 161 W
Fri Sep 26 13:47:49 IDT 2025, 173 W
Fri Sep 26 13:47:49 IDT 2025, 180 W
Fri Sep 26 13:47:49 IDT 2025, 208 W
Fri Sep 26 13:47:49 IDT 2025, 165 W
Fri Sep 26 13:47:49 IDT 2025, 173 W
Fri Sep 26 13:47:49 IDT 2025, 203 W
Fri Sep 26 13:47:49 IDT 2025, 187 W
Fri Sep 26 13:47:49 IDT 2025, 160 W
Fri Sep 26 13:47:50 IDT 2025, 177 W
Fri Sep 26 13:47:50 IDT 2025, 182 W
Fri Sep 26 13:47:50 IDT 2025, 217 W
Fri Sep 26 13:47:50 IDT 2025, 170 W
Fri Sep 26 13:47:50 IDT 2025, 176 W
Fri Sep 26 13:47:50 IDT 2025, 207 W
Fri Sep 26 13:47:50 IDT 2025, 180 W
Fri Sep 26 13:47:50 IDT 2025, 170 W
Fri Sep 26 13:47:51 IDT 2025, 174 W
Fri Sep 26 13:47:51 IDT 2025, 170 W
Fri Sep 26 13:47:51 IDT 2025, 208 W
Fri Sep 26 13:47:51 IDT 2025, 165 W
Fri Sep 26 13:47:51 IDT 2025, 164 W
Fri Sep 26 13:47:51 IDT 2025, 198 W
Fri Sep 26 13:47:51 IDT 2025, 168 W
Fri Sep 26 13:47:51 IDT 2025, 166 W
Fri Sep 26 13:47:52 IDT 2025, 166 W
Fri Sep 26 13:47:52 IDT 2025, 170 W
Fri Sep 26 13:47:52 IDT 2025, 197 W
Fri Sep 26 13:47:52 IDT 2025, 165 W
Fri Sep 26 13:47:52 IDT 2025, 162 W
Fri Sep 26 13:47:52 IDT 2025, 197 W
Fri Sep 26 13:47:52 IDT 2025, 181 W
Fri Sep 26 13:47:52 IDT 2025, 158 W
Fri Sep 26 13:47:53 IDT 2025, 180 W
Fri Sep 26 13:47:53 IDT 2025, 187 W
Fri Sep 26 13:47:53 IDT 2025, 222 W
Fri Sep 26 13:47:53 IDT 2025, 180 W
Fri Sep 26 13:47:53 IDT 2025, 184 W
Fri Sep 26 13:47:53 IDT 2025, 225 W
Fri Sep 26 13:47:53 IDT 2025, 190 W
Fri Sep 26 13:47:53 IDT 2025, 176 W
Fri Sep 26 13:47:54 IDT 2025, 162 W
Fri Sep 26 13:47:54 IDT 2025, 168 W
Fri Sep 26 13:47:54 IDT 2025, 197 W
Fri Sep 26 13:47:54 IDT 2025, 159 W
Fri Sep 26 13:47:54 IDT 2025, 174 W
Fri Sep 26 13:47:54 IDT 2025, 201 W
Fri Sep 26 13:47:54 IDT 2025, 169 W
Fri Sep 26 13:47:54 IDT 2025, 163 W
Fri Sep 26 13:47:55 IDT 2025, 167 W
Fri Sep 26 13:47:55 IDT 2025, 177 W
Fri Sep 26 13:47:55 IDT 2025, 198 W
Fri Sep 26 13:47:55 IDT 2025, 164 W
Fri Sep 26 13:47:55 IDT 2025, 171 W
Fri Sep 26 13:47:55 IDT 2025, 201 W
Fri Sep 26 13:47:55 IDT 2025, 179 W
Fri Sep 26 13:47:55 IDT 2025, 159 W
Fri Sep 26 13:47:56 IDT 2025, 177 W
Fri Sep 26 13:47:56 IDT 2025, 184 W
Fri Sep 26 13:47:56 IDT 2025, 209 W
Fri Sep 26 13:47:56 IDT 2025, 175 W
Fri Sep 26 13:47:56 IDT 2025, 185 W
Fri Sep 26 13:47:56 IDT 2025, 212 W
Fri Sep 26 13:47:56 IDT 2025, 197 W
Fri Sep 26 13:47:56 IDT 2025, 164 W
Fri Sep 26 13:47:57 IDT 2025, 165 W
Fri Sep 26 13:47:57 IDT 2025, 184 W
Fri Sep 26 13:47:57 IDT 2025, 208 W
Fri Sep 26 13:47:57 IDT 2025, 170 W
Fri Sep 26 13:47:57 IDT 2025, 188 W
Fri Sep 26 13:47:57 IDT 2025, 208 W
Fri Sep 26 13:47:57 IDT 2025, 184 W
Fri Sep 26 13:47:57 IDT 2025, 170 W
Fri Sep 26 13:47:58 IDT 2025, 172 W
Fri Sep 26 13:47:58 IDT 2025, 170 W
Fri Sep 26 13:47:58 IDT 2025, 218 W
Fri Sep 26 13:47:58 IDT 2025, 170 W
Fri Sep 26 13:47:58 IDT 2025, 177 W
Fri Sep 26 13:47:58 IDT 2025, 207 W
Fri Sep 26 13:47:58 IDT 2025, 188 W
Fri Sep 26 13:47:58 IDT 2025, 169 W
Fri Sep 26 13:47:59 IDT 2025, 175 W
Fri Sep 26 13:47:59 IDT 2025, 183 W
Fri Sep 26 13:47:59 IDT 2025, 215 W
Fri Sep 26 13:47:59 IDT 2025, 169 W
Fri Sep 26 13:47:59 IDT 2025, 178 W
Fri Sep 26 13:47:59 IDT 2025, 207 W
Fri Sep 26 13:47:59 IDT 2025, 177 W
Fri Sep 26 13:47:59 IDT 2025, 169 W
Fri Sep 26 13:48:00 IDT 2025, 172 W
Fri Sep 26 13:48:00 IDT 2025, 175 W
Fri Sep 26 13:48:00 IDT 2025, 216 W
Fri Sep 26 13:48:00 IDT 2025, 171 W
Fri Sep 26 13:48:00 IDT 2025, 183 W
Fri Sep 26 13:48:00 IDT 2025, 205 W
Fri Sep 26 13:48:00 IDT 2025, 182 W
Fri Sep 26 13:48:00 IDT 2025, 166 W
Fri Sep 26 13:48:01 IDT 2025, 177 W
Fri Sep 26 13:48:01 IDT 2025, 185 W
Fri Sep 26 13:48:01 IDT 2025, 215 W
Fri Sep 26 13:48:01 IDT 2025, 177 W
Fri Sep 26 13:48:01 IDT 2025, 183 W
Fri Sep 26 13:48:01 IDT 2025, 210 W
Fri Sep 26 13:48:01 IDT 2025, 193 W
Fri Sep 26 13:48:01 IDT 2025, 162 W
Fri Sep 26 13:48:02 IDT 2025, 175 W
Fri Sep 26 13:48:02 IDT 2025, 176 W
Fri Sep 26 13:48:02 IDT 2025, 212 W
Fri Sep 26 13:48:02 IDT 2025, 166 W
Fri Sep 26 13:48:02 IDT 2025, 175 W
Fri Sep 26 13:48:02 IDT 2025, 212 W
Fri Sep 26 13:48:02 IDT 2025, 184 W
Fri Sep 26 13:48:02 IDT 2025, 162 W
Fri Sep 26 13:48:03 IDT 2025, 168 W
Fri Sep 26 13:48:03 IDT 2025, 179 W
Fri Sep 26 13:48:03 IDT 2025, 201 W
Fri Sep 26 13:48:03 IDT 2025, 166 W
Fri Sep 26 13:48:03 IDT 2025, 174 W
Fri Sep 26 13:48:03 IDT 2025, 199 W
Fri Sep 26 13:48:03 IDT 2025, 178 W
Fri Sep 26 13:48:03 IDT 2025, 164 W
Fri Sep 26 13:48:04 IDT 2025, 181 W
Fri Sep 26 13:48:04 IDT 2025, 185 W
Fri Sep 26 13:48:04 IDT 2025, 220 W
Fri Sep 26 13:48:04 IDT 2025, 177 W
Fri Sep 26 13:48:04 IDT 2025, 191 W
Fri Sep 26 13:48:04 IDT 2025, 217 W
Fri Sep 26 13:48:04 IDT 2025, 189 W
Fri Sep 26 13:48:04 IDT 2025, 172 W
Fri Sep 26 13:48:05 IDT 2025, 169 W
Fri Sep 26 13:48:05 IDT 2025, 180 W
Fri Sep 26 13:48:05 IDT 2025, 206 W
Fri Sep 26 13:48:05 IDT 2025, 166 W
Fri Sep 26 13:48:05 IDT 2025, 173 W
Fri Sep 26 13:48:05 IDT 2025, 209 W
Fri Sep 26 13:48:05 IDT 2025, 177 W
Fri Sep 26 13:48:05 IDT 2025, 155 W
Fri Sep 26 13:48:06 IDT 2025, 173 W
Fri Sep 26 13:48:06 IDT 2025, 179 W
Fri Sep 26 13:48:06 IDT 2025, 201 W
Fri Sep 26 13:48:06 IDT 2025, 164 W
Fri Sep 26 13:48:06 IDT 2025, 176 W
Fri Sep 26 13:48:06 IDT 2025, 202 W
Fri Sep 26 13:48:06 IDT 2025, 188 W
Fri Sep 26 13:48:06 IDT 2025, 158 W
Fri Sep 26 13:48:07 IDT 2025, 161 W
Fri Sep 26 13:48:07 IDT 2025, 176 W
Fri Sep 26 13:48:07 IDT 2025, 209 W
Fri Sep 26 13:48:07 IDT 2025, 171 W
Fri Sep 26 13:48:07 IDT 2025, 171 W
Fri Sep 26 13:48:07 IDT 2025, 203 W
Fri Sep 26 13:48:07 IDT 2025, 173 W
Fri Sep 26 13:48:07 IDT 2025, 157 W
Fri Sep 26 13:48:08 IDT 2025, 154 W
Fri Sep 26 13:48:08 IDT 2025, 168 W
Fri Sep 26 13:48:08 IDT 2025, 192 W
Fri Sep 26 13:48:08 IDT 2025, 159 W
Fri Sep 26 13:48:08 IDT 2025, 170 W
Fri Sep 26 13:48:08 IDT 2025, 190 W
Fri Sep 26 13:48:08 IDT 2025, 165 W
Fri Sep 26 13:48:08 IDT 2025, 153 W
Fri Sep 26 13:48:09 IDT 2025, 182 W
Fri Sep 26 13:48:09 IDT 2025, 175 W
Fri Sep 26 13:48:09 IDT 2025, 210 W
Fri Sep 26 13:48:09 IDT 2025, 171 W
Fri Sep 26 13:48:09 IDT 2025, 185 W
Fri Sep 26 13:48:09 IDT 2025, 205 W
Fri Sep 26 13:48:09 IDT 2025, 190 W
Fri Sep 26 13:48:09 IDT 2025, 165 W
Fri Sep 26 13:48:10 IDT 2025, 175 W
Fri Sep 26 13:48:10 IDT 2025, 171 W
Fri Sep 26 13:48:10 IDT 2025, 200 W
Fri Sep 26 13:48:10 IDT 2025, 177 W
Fri Sep 26 13:48:10 IDT 2025, 172 W
Fri Sep 26 13:48:10 IDT 2025, 199 W
Fri Sep 26 13:48:10 IDT 2025, 178 W
Fri Sep 26 13:48:10 IDT 2025, 166 W
Fri Sep 26 13:48:11 IDT 2025, 169 W
Fri Sep 26 13:48:11 IDT 2025, 172 W
Fri Sep 26 13:48:11 IDT 2025, 199 W
Fri Sep 26 13:48:11 IDT 2025, 165 W
Fri Sep 26 13:48:11 IDT 2025, 173 W
Fri Sep 26 13:48:11 IDT 2025, 204 W
Fri Sep 26 13:48:11 IDT 2025, 180 W
Fri Sep 26 13:48:11 IDT 2025, 161 W
Fri Sep 26 13:48:12 IDT 2025, 176 W
Fri Sep 26 13:48:12 IDT 2025, 178 W
Fri Sep 26 13:48:12 IDT 2025, 205 W
Fri Sep 26 13:48:12 IDT 2025, 166 W
Fri Sep 26 13:48:12 IDT 2025, 180 W
Fri Sep 26 13:48:12 IDT 2025, 208 W
Fri Sep 26 13:48:12 IDT 2025, 184 W
Fri Sep 26 13:48:12 IDT 2025, 165 W
Fri Sep 26 13:48:13 IDT 2025, 179 W
Fri Sep 26 13:48:13 IDT 2025, 185 W
Fri Sep 26 13:48:13 IDT 2025, 203 W
Fri Sep 26 13:48:13 IDT 2025, 175 W
Fri Sep 26 13:48:13 IDT 2025, 176 W
Fri Sep 26 13:48:13 IDT 2025, 204 W
Fri Sep 26 13:48:13 IDT 2025, 182 W
Fri Sep 26 13:48:13 IDT 2025, 160 W
Fri Sep 26 13:48:14 IDT 2025, 184 W
Fri Sep 26 13:48:14 IDT 2025, 188 W
Fri Sep 26 13:48:14 IDT 2025, 206 W
Fri Sep 26 13:48:14 IDT 2025, 177 W
Fri Sep 26 13:48:14 IDT 2025, 178 W
Fri Sep 26 13:48:14 IDT 2025, 213 W
Fri Sep 26 13:48:14 IDT 2025, 183 W
Fri Sep 26 13:48:14 IDT 2025, 166 W
Fri Sep 26 13:48:15 IDT 2025, 166 W
Fri Sep 26 13:48:15 IDT 2025, 156 W
Fri Sep 26 13:48:15 IDT 2025, 193 W
Fri Sep 26 13:48:15 IDT 2025, 155 W
Fri Sep 26 13:48:15 IDT 2025, 145 W
Fri Sep 26 13:48:15 IDT 2025, 189 W
Fri Sep 26 13:48:15 IDT 2025, 159 W
Fri Sep 26 13:48:15 IDT 2025, 143 W
Fri Sep 26 13:48:16 IDT 2025, 167 W
Fri Sep 26 13:48:16 IDT 2025, 169 W
Fri Sep 26 13:48:16 IDT 2025, 202 W
Fri Sep 26 13:48:16 IDT 2025, 160 W
Fri Sep 26 13:48:16 IDT 2025, 159 W
Fri Sep 26 13:48:16 IDT 2025, 200 W
Fri Sep 26 13:48:16 IDT 2025, 173 W
Fri Sep 26 13:48:16 IDT 2025, 150 W
Fri Sep 26 13:48:17 IDT 2025, 171 W
Fri Sep 26 13:48:17 IDT 2025, 174 W
Fri Sep 26 13:48:17 IDT 2025, 212 W
Fri Sep 26 13:48:17 IDT 2025, 173 W
Fri Sep 26 13:48:17 IDT 2025, 161 W
Fri Sep 26 13:48:17 IDT 2025, 203 W
Fri Sep 26 13:48:17 IDT 2025, 172 W
Fri Sep 26 13:48:17 IDT 2025, 158 W
Fri Sep 26 13:48:18 IDT 2025, 162 W
Fri Sep 26 13:48:18 IDT 2025, 162 W
Fri Sep 26 13:48:18 IDT 2025, 199 W
Fri Sep 26 13:48:18 IDT 2025, 154 W
Fri Sep 26 13:48:18 IDT 2025, 164 W
Fri Sep 26 13:48:18 IDT 2025, 186 W
Fri Sep 26 13:48:18 IDT 2025, 171 W
Fri Sep 26 13:48:18 IDT 2025, 149 W
Fri Sep 26 13:48:19 IDT 2025, 166 W
Fri Sep 26 13:48:19 IDT 2025, 160 W
Fri Sep 26 13:48:19 IDT 2025, 197 W
Fri Sep 26 13:48:19 IDT 2025, 157 W
Fri Sep 26 13:48:19 IDT 2025, 167 W
Fri Sep 26 13:48:19 IDT 2025, 193 W
Fri Sep 26 13:48:19 IDT 2025, 173 W
Fri Sep 26 13:48:19 IDT 2025, 150 W
Fri Sep 26 13:48:20 IDT 2025, 180 W
Fri Sep 26 13:48:20 IDT 2025, 184 W
Fri Sep 26 13:48:20 IDT 2025, 201 W
Fri Sep 26 13:48:20 IDT 2025, 172 W
Fri Sep 26 13:48:20 IDT 2025, 179 W
Fri Sep 26 13:48:20 IDT 2025, 214 W
Fri Sep 26 13:48:20 IDT 2025, 182 W
Fri Sep 26 13:48:20 IDT 2025, 173 W
Fri Sep 26 13:48:21 IDT 2025, 180 W
Fri Sep 26 13:48:21 IDT 2025, 181 W
Fri Sep 26 13:48:21 IDT 2025, 204 W
Fri Sep 26 13:48:21 IDT 2025, 167 W
Fri Sep 26 13:48:21 IDT 2025, 182 W
Fri Sep 26 13:48:21 IDT 2025, 206 W
Fri Sep 26 13:48:21 IDT 2025, 188 W
Fri Sep 26 13:48:21 IDT 2025, 162 W
Fri Sep 26 13:48:22 IDT 2025, 184 W
Fri Sep 26 13:48:22 IDT 2025, 185 W
Fri Sep 26 13:48:22 IDT 2025, 203 W
Fri Sep 26 13:48:22 IDT 2025, 171 W
Fri Sep 26 13:48:22 IDT 2025, 179 W
Fri Sep 26 13:48:22 IDT 2025, 205 W
Fri Sep 26 13:48:22 IDT 2025, 182 W
Fri Sep 26 13:48:22 IDT 2025, 174 W
Fri Sep 26 13:48:23 IDT 2025, 177 W
Fri Sep 26 13:48:23 IDT 2025, 177 W
Fri Sep 26 13:48:23 IDT 2025, 193 W
Fri Sep 26 13:48:23 IDT 2025, 163 W
Fri Sep 26 13:48:23 IDT 2025, 173 W
Fri Sep 26 13:48:23 IDT 2025, 196 W
Fri Sep 26 13:48:23 IDT 2025, 180 W
Fri Sep 26 13:48:23 IDT 2025, 158 W
Fri Sep 26 13:48:24 IDT 2025, 181 W
Fri Sep 26 13:48:24 IDT 2025, 178 W
Fri Sep 26 13:48:24 IDT 2025, 194 W
Fri Sep 26 13:48:24 IDT 2025, 173 W
Fri Sep 26 13:48:24 IDT 2025, 177 W
Fri Sep 26 13:48:24 IDT 2025, 209 W
Fri Sep 26 13:48:24 IDT 2025, 185 W
Fri Sep 26 13:48:24 IDT 2025, 165 W
Fri Sep 26 13:48:25 IDT 2025, 180 W
Fri Sep 26 13:48:25 IDT 2025, 177 W
Fri Sep 26 13:48:25 IDT 2025, 197 W
Fri Sep 26 13:48:25 IDT 2025, 168 W
Fri Sep 26 13:48:25 IDT 2025, 176 W
Fri Sep 26 13:48:25 IDT 2025, 209 W
Fri Sep 26 13:48:25 IDT 2025, 192 W
Fri Sep 26 13:48:25 IDT 2025, 169 W
Fri Sep 26 13:48:26 IDT 2025, 165 W
Fri Sep 26 13:48:26 IDT 2025, 173 W
Fri Sep 26 13:48:26 IDT 2025, 210 W
Fri Sep 26 13:48:26 IDT 2025, 160 W
Fri Sep 26 13:48:26 IDT 2025, 179 W
Fri Sep 26 13:48:26 IDT 2025, 200 W
Fri Sep 26 13:48:26 IDT 2025, 179 W
Fri Sep 26 13:48:26 IDT 2025, 157 W
Fri Sep 26 13:48:27 IDT 2025, 165 W
Fri Sep 26 13:48:27 IDT 2025, 169 W
Fri Sep 26 13:48:27 IDT 2025, 193 W
Fri Sep 26 13:48:27 IDT 2025, 165 W
Fri Sep 26 13:48:27 IDT 2025, 170 W
Fri Sep 26 13:48:27 IDT 2025, 193 W
Fri Sep 26 13:48:27 IDT 2025, 177 W
Fri Sep 26 13:48:27 IDT 2025, 153 W
Fri Sep 26 13:48:28 IDT 2025, 165 W
Fri Sep 26 13:48:28 IDT 2025, 179 W
Fri Sep 26 13:48:28 IDT 2025, 209 W
Fri Sep 26 13:48:28 IDT 2025, 163 W
Fri Sep 26 13:48:28 IDT 2025, 159 W
Fri Sep 26 13:48:28 IDT 2025, 198 W
Fri Sep 26 13:48:28 IDT 2025, 180 W
Fri Sep 26 13:48:28 IDT 2025, 151 W
Fri Sep 26 13:48:29 IDT 2025, 166 W
Fri Sep 26 13:48:29 IDT 2025, 160 W
Fri Sep 26 13:48:29 IDT 2025, 195 W
Fri Sep 26 13:48:29 IDT 2025, 157 W
Fri Sep 26 13:48:29 IDT 2025, 158 W
Fri Sep 26 13:48:29 IDT 2025, 191 W
Fri Sep 26 13:48:29 IDT 2025, 169 W
Fri Sep 26 13:48:29 IDT 2025, 154 W
Fri Sep 26 13:48:30 IDT 2025, 168 W
Fri Sep 26 13:48:30 IDT 2025, 165 W
Fri Sep 26 13:48:30 IDT 2025, 198 W
Fri Sep 26 13:48:30 IDT 2025, 162 W
Fri Sep 26 13:48:30 IDT 2025, 166 W
Fri Sep 26 13:48:30 IDT 2025, 198 W
Fri Sep 26 13:48:30 IDT 2025, 169 W
Fri Sep 26 13:48:30 IDT 2025, 151 W
Fri Sep 26 13:48:31 IDT 2025, 159 W
Fri Sep 26 13:48:31 IDT 2025, 164 W
Fri Sep 26 13:48:31 IDT 2025, 194 W
Fri Sep 26 13:48:31 IDT 2025, 156 W
Fri Sep 26 13:48:31 IDT 2025, 163 W
Fri Sep 26 13:48:31 IDT 2025, 200 W
Fri Sep 26 13:48:31 IDT 2025, 170 W
Fri Sep 26 13:48:31 IDT 2025, 149 W
Fri Sep 26 13:48:32 IDT 2025, 178 W
Fri Sep 26 13:48:32 IDT 2025, 175 W
Fri Sep 26 13:48:32 IDT 2025, 218 W
Fri Sep 26 13:48:32 IDT 2025, 172 W
Fri Sep 26 13:48:32 IDT 2025, 177 W
Fri Sep 26 13:48:32 IDT 2025, 216 W
Fri Sep 26 13:48:32 IDT 2025, 182 W
Fri Sep 26 13:48:32 IDT 2025, 169 W
Fri Sep 26 13:48:33 IDT 2025, 173 W
Fri Sep 26 13:48:33 IDT 2025, 167 W
Fri Sep 26 13:48:33 IDT 2025, 199 W
Fri Sep 26 13:48:33 IDT 2025, 167 W
Fri Sep 26 13:48:33 IDT 2025, 168 W
Fri Sep 26 13:48:33 IDT 2025, 195 W
Fri Sep 26 13:48:33 IDT 2025, 176 W
Fri Sep 26 13:48:33 IDT 2025, 156 W
Fri Sep 26 13:48:34 IDT 2025, 158 W
Fri Sep 26 13:48:34 IDT 2025, 160 W
Fri Sep 26 13:48:34 IDT 2025, 183 W
Fri Sep 26 13:48:34 IDT 2025, 152 W
Fri Sep 26 13:48:34 IDT 2025, 150 W
Fri Sep 26 13:48:34 IDT 2025, 185 W
Fri Sep 26 13:48:34 IDT 2025, 153 W
Fri Sep 26 13:48:34 IDT 2025, 152 W
Fri Sep 26 13:48:35 IDT 2025, 175 W
Fri Sep 26 13:48:35 IDT 2025, 179 W
Fri Sep 26 13:48:35 IDT 2025, 207 W
Fri Sep 26 13:48:35 IDT 2025, 173 W
Fri Sep 26 13:48:35 IDT 2025, 156 W
Fri Sep 26 13:48:35 IDT 2025, 203 W
Fri Sep 26 13:48:35 IDT 2025, 187 W
Fri Sep 26 13:48:35 IDT 2025, 161 W
Fri Sep 26 13:48:36 IDT 2025, 157 W
Fri Sep 26 13:48:36 IDT 2025, 159 W
Fri Sep 26 13:48:36 IDT 2025, 192 W
Fri Sep 26 13:48:36 IDT 2025, 157 W
Fri Sep 26 13:48:36 IDT 2025, 154 W
Fri Sep 26 13:48:36 IDT 2025, 182 W
Fri Sep 26 13:48:36 IDT 2025, 168 W
Fri Sep 26 13:48:36 IDT 2025, 144 W
Fri Sep 26 13:48:37 IDT 2025, 175 W
Fri Sep 26 13:48:37 IDT 2025, 181 W
Fri Sep 26 13:48:37 IDT 2025, 207 W
Fri Sep 26 13:48:37 IDT 2025, 169 W
Fri Sep 26 13:48:37 IDT 2025, 172 W
Fri Sep 26 13:48:37 IDT 2025, 201 W
Fri Sep 26 13:48:37 IDT 2025, 177 W
Fri Sep 26 13:48:37 IDT 2025, 156 W
Fri Sep 26 13:48:38 IDT 2025, 177 W
Fri Sep 26 13:48:38 IDT 2025, 175 W
Fri Sep 26 13:48:38 IDT 2025, 205 W
Fri Sep 26 13:48:38 IDT 2025, 167 W
Fri Sep 26 13:48:38 IDT 2025, 175 W
Fri Sep 26 13:48:38 IDT 2025, 213 W
Fri Sep 26 13:48:38 IDT 2025, 181 W
Fri Sep 26 13:48:38 IDT 2025, 164 W
Fri Sep 26 13:48:39 IDT 2025, 183 W
Fri Sep 26 13:48:39 IDT 2025, 170 W
Fri Sep 26 13:48:39 IDT 2025, 205 W
Fri Sep 26 13:48:39 IDT 2025, 165 W
Fri Sep 26 13:48:39 IDT 2025, 170 W
Fri Sep 26 13:48:39 IDT 2025, 206 W
Fri Sep 26 13:48:39 IDT 2025, 183 W
Fri Sep 26 13:48:39 IDT 2025, 163 W
Fri Sep 26 13:48:40 IDT 2025, 173 W
Fri Sep 26 13:48:40 IDT 2025, 189 W
Fri Sep 26 13:48:40 IDT 2025, 211 W
Fri Sep 26 13:48:40 IDT 2025, 171 W
Fri Sep 26 13:48:40 IDT 2025, 178 W
Fri Sep 26 13:48:40 IDT 2025, 212 W
Fri Sep 26 13:48:40 IDT 2025, 186 W
Fri Sep 26 13:48:40 IDT 2025, 164 W
Fri Sep 26 13:48:41 IDT 2025, 176 W
Fri Sep 26 13:48:41 IDT 2025, 185 W
Fri Sep 26 13:48:41 IDT 2025, 206 W
Fri Sep 26 13:48:41 IDT 2025, 165 W
Fri Sep 26 13:48:41 IDT 2025, 164 W
Fri Sep 26 13:48:41 IDT 2025, 202 W
Fri Sep 26 13:48:41 IDT 2025, 179 W
Fri Sep 26 13:48:41 IDT 2025, 162 W
Fri Sep 26 13:48:42 IDT 2025, 186 W
Fri Sep 26 13:48:42 IDT 2025, 190 W
Fri Sep 26 13:48:42 IDT 2025, 226 W
Fri Sep 26 13:48:42 IDT 2025, 184 W
Fri Sep 26 13:48:42 IDT 2025, 188 W
Fri Sep 26 13:48:42 IDT 2025, 216 W
Fri Sep 26 13:48:42 IDT 2025, 198 W
Fri Sep 26 13:48:42 IDT 2025, 179 W
Fri Sep 26 13:48:43 IDT 2025, 180 W
Fri Sep 26 13:48:43 IDT 2025, 175 W
Fri Sep 26 13:48:43 IDT 2025, 209 W
Fri Sep 26 13:48:43 IDT 2025, 161 W
Fri Sep 26 13:48:43 IDT 2025, 169 W
Fri Sep 26 13:48:43 IDT 2025, 207 W
Fri Sep 26 13:48:43 IDT 2025, 177 W
Fri Sep 26 13:48:43 IDT 2025, 154 W
Fri Sep 26 13:48:44 IDT 2025, 171 W
Fri Sep 26 13:48:44 IDT 2025, 182 W
Fri Sep 26 13:48:44 IDT 2025, 212 W
Fri Sep 26 13:48:44 IDT 2025, 172 W
Fri Sep 26 13:48:44 IDT 2025, 172 W
Fri Sep 26 13:48:44 IDT 2025, 204 W
Fri Sep 26 13:48:44 IDT 2025, 179 W
Fri Sep 26 13:48:44 IDT 2025, 157 W
Fri Sep 26 13:48:45 IDT 2025, 179 W
Fri Sep 26 13:48:45 IDT 2025, 186 W
Fri Sep 26 13:48:45 IDT 2025, 211 W
Fri Sep 26 13:48:45 IDT 2025, 179 W
Fri Sep 26 13:48:45 IDT 2025, 179 W
Fri Sep 26 13:48:45 IDT 2025, 209 W
Fri Sep 26 13:48:45 IDT 2025, 177 W
Fri Sep 26 13:48:45 IDT 2025, 169 W
Fri Sep 26 13:48:46 IDT 2025, 164 W
Fri Sep 26 13:48:46 IDT 2025, 166 W
Fri Sep 26 13:48:46 IDT 2025, 200 W
Fri Sep 26 13:48:46 IDT 2025, 161 W
Fri Sep 26 13:48:46 IDT 2025, 165 W
Fri Sep 26 13:48:46 IDT 2025, 209 W
Fri Sep 26 13:48:46 IDT 2025, 173 W
Fri Sep 26 13:48:46 IDT 2025, 155 W
Fri Sep 26 13:48:47 IDT 2025, 174 W
Fri Sep 26 13:48:47 IDT 2025, 170 W
Fri Sep 26 13:48:47 IDT 2025, 198 W
Fri Sep 26 13:48:47 IDT 2025, 165 W
Fri Sep 26 13:48:47 IDT 2025, 163 W
Fri Sep 26 13:48:47 IDT 2025, 198 W
Fri Sep 26 13:48:47 IDT 2025, 179 W
Fri Sep 26 13:48:47 IDT 2025, 156 W
Fri Sep 26 13:48:48 IDT 2025, 172 W
Fri Sep 26 13:48:48 IDT 2025, 175 W
Fri Sep 26 13:48:48 IDT 2025, 223 W
Fri Sep 26 13:48:48 IDT 2025, 171 W
Fri Sep 26 13:48:48 IDT 2025, 178 W
Fri Sep 26 13:48:48 IDT 2025, 210 W
Fri Sep 26 13:48:48 IDT 2025, 177 W
Fri Sep 26 13:48:48 IDT 2025, 154 W
Fri Sep 26 13:48:49 IDT 2025, 173 W
Fri Sep 26 13:48:49 IDT 2025, 179 W
Fri Sep 26 13:48:49 IDT 2025, 200 W
Fri Sep 26 13:48:49 IDT 2025, 172 W
Fri Sep 26 13:48:49 IDT 2025, 172 W
Fri Sep 26 13:48:49 IDT 2025, 199 W
Fri Sep 26 13:48:49 IDT 2025, 176 W
Fri Sep 26 13:48:49 IDT 2025, 161 W
Fri Sep 26 13:48:50 IDT 2025, 185 W
Fri Sep 26 13:48:50 IDT 2025, 165 W
Fri Sep 26 13:48:50 IDT 2025, 205 W
Fri Sep 26 13:48:50 IDT 2025, 168 W
Fri Sep 26 13:48:50 IDT 2025, 173 W
Fri Sep 26 13:48:50 IDT 2025, 201 W
Fri Sep 26 13:48:50 IDT 2025, 175 W
Fri Sep 26 13:48:50 IDT 2025, 165 W
Fri Sep 26 13:48:51 IDT 2025, 181 W
Fri Sep 26 13:48:51 IDT 2025, 181 W
Fri Sep 26 13:48:51 IDT 2025, 208 W
Fri Sep 26 13:48:51 IDT 2025, 171 W
Fri Sep 26 13:48:51 IDT 2025, 167 W
Fri Sep 26 13:48:51 IDT 2025, 200 W
Fri Sep 26 13:48:51 IDT 2025, 181 W
Fri Sep 26 13:48:51 IDT 2025, 165 W
Fri Sep 26 13:48:52 IDT 2025, 176 W
Fri Sep 26 13:48:52 IDT 2025, 177 W
Fri Sep 26 13:48:52 IDT 2025, 204 W
Fri Sep 26 13:48:52 IDT 2025, 164 W
Fri Sep 26 13:48:52 IDT 2025, 161 W
Fri Sep 26 13:48:52 IDT 2025, 205 W
Fri Sep 26 13:48:52 IDT 2025, 175 W
Fri Sep 26 13:48:52 IDT 2025, 162 W
Fri Sep 26 13:48:53 IDT 2025, 174 W
Fri Sep 26 13:48:53 IDT 2025, 175 W
Fri Sep 26 13:48:53 IDT 2025, 212 W
Fri Sep 26 13:48:53 IDT 2025, 171 W
Fri Sep 26 13:48:53 IDT 2025, 169 W
Fri Sep 26 13:48:53 IDT 2025, 209 W
Fri Sep 26 13:48:53 IDT 2025, 186 W
Fri Sep 26 13:48:53 IDT 2025, 159 W
Fri Sep 26 13:48:54 IDT 2025, 178 W
Fri Sep 26 13:48:54 IDT 2025, 188 W
Fri Sep 26 13:48:54 IDT 2025, 213 W
Fri Sep 26 13:48:54 IDT 2025, 171 W
Fri Sep 26 13:48:54 IDT 2025, 181 W
Fri Sep 26 13:48:54 IDT 2025, 203 W
Fri Sep 26 13:48:54 IDT 2025, 186 W
Fri Sep 26 13:48:54 IDT 2025, 172 W
Fri Sep 26 13:48:55 IDT 2025, 181 W
Fri Sep 26 13:48:55 IDT 2025, 182 W
Fri Sep 26 13:48:55 IDT 2025, 215 W
Fri Sep 26 13:48:55 IDT 2025, 180 W
Fri Sep 26 13:48:55 IDT 2025, 180 W
Fri Sep 26 13:48:55 IDT 2025, 208 W
Fri Sep 26 13:48:55 IDT 2025, 192 W
Fri Sep 26 13:48:55 IDT 2025, 171 W
Fri Sep 26 13:48:56 IDT 2025, 154 W
Fri Sep 26 13:48:56 IDT 2025, 159 W
Fri Sep 26 13:48:56 IDT 2025, 193 W
Fri Sep 26 13:48:56 IDT 2025, 146 W
Fri Sep 26 13:48:56 IDT 2025, 160 W
Fri Sep 26 13:48:56 IDT 2025, 185 W
Fri Sep 26 13:48:56 IDT 2025, 168 W
Fri Sep 26 13:48:56 IDT 2025, 151 W
Fri Sep 26 13:48:57 IDT 2025, 189 W
Fri Sep 26 13:48:57 IDT 2025, 178 W
Fri Sep 26 13:48:57 IDT 2025, 209 W
Fri Sep 26 13:48:57 IDT 2025, 174 W
Fri Sep 26 13:48:57 IDT 2025, 175 W
Fri Sep 26 13:48:57 IDT 2025, 217 W
Fri Sep 26 13:48:57 IDT 2025, 183 W
Fri Sep 26 13:48:57 IDT 2025, 168 W
Fri Sep 26 13:48:58 IDT 2025, 189 W
Fri Sep 26 13:48:58 IDT 2025, 184 W
Fri Sep 26 13:48:58 IDT 2025, 216 W
Fri Sep 26 13:48:58 IDT 2025, 177 W
Fri Sep 26 13:48:58 IDT 2025, 187 W
Fri Sep 26 13:48:58 IDT 2025, 211 W
Fri Sep 26 13:48:58 IDT 2025, 184 W
Fri Sep 26 13:48:58 IDT 2025, 160 W
Fri Sep 26 13:48:59 IDT 2025, 170 W
Fri Sep 26 13:48:59 IDT 2025, 178 W
Fri Sep 26 13:48:59 IDT 2025, 207 W
Fri Sep 26 13:48:59 IDT 2025, 171 W
Fri Sep 26 13:48:59 IDT 2025, 178 W
Fri Sep 26 13:48:59 IDT 2025, 205 W
Fri Sep 26 13:48:59 IDT 2025, 181 W
Fri Sep 26 13:48:59 IDT 2025, 170 W
Fri Sep 26 13:49:00 IDT 2025, 179 W
Fri Sep 26 13:49:00 IDT 2025, 180 W
Fri Sep 26 13:49:00 IDT 2025, 213 W
Fri Sep 26 13:49:00 IDT 2025, 172 W
Fri Sep 26 13:49:00 IDT 2025, 174 W
Fri Sep 26 13:49:00 IDT 2025, 203 W
Fri Sep 26 13:49:00 IDT 2025, 176 W
Fri Sep 26 13:49:00 IDT 2025, 160 W
Fri Sep 26 13:49:01 IDT 2025, 180 W
Fri Sep 26 13:49:01 IDT 2025, 173 W
Fri Sep 26 13:49:01 IDT 2025, 210 W
Fri Sep 26 13:49:01 IDT 2025, 166 W
Fri Sep 26 13:49:01 IDT 2025, 174 W
Fri Sep 26 13:49:01 IDT 2025, 206 W
Fri Sep 26 13:49:01 IDT 2025, 183 W
Fri Sep 26 13:49:01 IDT 2025, 152 W
Fri Sep 26 13:49:02 IDT 2025, 160 W
Fri Sep 26 13:49:02 IDT 2025, 170 W
Fri Sep 26 13:49:02 IDT 2025, 187 W
Fri Sep 26 13:49:02 IDT 2025, 147 W
Fri Sep 26 13:49:02 IDT 2025, 155 W
Fri Sep 26 13:49:02 IDT 2025, 187 W
Fri Sep 26 13:49:02 IDT 2025, 171 W
Fri Sep 26 13:49:02 IDT 2025, 149 W
Fri Sep 26 13:49:03 IDT 2025, 170 W
Fri Sep 26 13:49:03 IDT 2025, 173 W
Fri Sep 26 13:49:03 IDT 2025, 198 W
Fri Sep 26 13:49:03 IDT 2025, 163 W
Fri Sep 26 13:49:03 IDT 2025, 164 W
Fri Sep 26 13:49:03 IDT 2025, 203 W
Fri Sep 26 13:49:03 IDT 2025, 182 W
Fri Sep 26 13:49:03 IDT 2025, 155 W
Fri Sep 26 13:49:04 IDT 2025, 173 W
Fri Sep 26 13:49:04 IDT 2025, 170 W
Fri Sep 26 13:49:04 IDT 2025, 189 W
Fri Sep 26 13:49:04 IDT 2025, 165 W
Fri Sep 26 13:49:04 IDT 2025, 163 W
Fri Sep 26 13:49:04 IDT 2025, 190 W
Fri Sep 26 13:49:04 IDT 2025, 169 W
Fri Sep 26 13:49:04 IDT 2025, 142 W
Fri Sep 26 13:49:05 IDT 2025, 173 W
Fri Sep 26 13:49:05 IDT 2025, 172 W
Fri Sep 26 13:49:05 IDT 2025, 206 W
Fri Sep 26 13:49:05 IDT 2025, 158 W
Fri Sep 26 13:49:05 IDT 2025, 166 W
Fri Sep 26 13:49:05 IDT 2025, 193 W
Fri Sep 26 13:49:05 IDT 2025, 165 W
Fri Sep 26 13:49:05 IDT 2025, 152 W
Fri Sep 26 13:49:06 IDT 2025, 185 W
Fri Sep 26 13:49:06 IDT 2025, 177 W
Fri Sep 26 13:49:06 IDT 2025, 209 W
Fri Sep 26 13:49:06 IDT 2025, 167 W
Fri Sep 26 13:49:06 IDT 2025, 169 W
Fri Sep 26 13:49:06 IDT 2025, 204 W
Fri Sep 26 13:49:06 IDT 2025, 181 W
Fri Sep 26 13:49:06 IDT 2025, 168 W
Fri Sep 26 13:49:07 IDT 2025, 182 W
Fri Sep 26 13:49:07 IDT 2025, 179 W
Fri Sep 26 13:49:07 IDT 2025, 211 W
Fri Sep 26 13:49:07 IDT 2025, 171 W
Fri Sep 26 13:49:07 IDT 2025, 181 W
Fri Sep 26 13:49:07 IDT 2025, 204 W
Fri Sep 26 13:49:07 IDT 2025, 189 W
Fri Sep 26 13:49:07 IDT 2025, 166 W
Fri Sep 26 13:49:08 IDT 2025, 168 W
Fri Sep 26 13:49:08 IDT 2025, 170 W
Fri Sep 26 13:49:08 IDT 2025, 190 W
Fri Sep 26 13:49:08 IDT 2025, 167 W
Fri Sep 26 13:49:08 IDT 2025, 168 W
Fri Sep 26 13:49:08 IDT 2025, 204 W
Fri Sep 26 13:49:08 IDT 2025, 173 W
Fri Sep 26 13:49:08 IDT 2025, 158 W
Fri Sep 26 13:49:09 IDT 2025, 183 W
Fri Sep 26 13:49:09 IDT 2025, 176 W
Fri Sep 26 13:49:09 IDT 2025, 206 W
Fri Sep 26 13:49:09 IDT 2025, 175 W
Fri Sep 26 13:49:09 IDT 2025, 167 W
Fri Sep 26 13:49:09 IDT 2025, 206 W
Fri Sep 26 13:49:09 IDT 2025, 186 W
Fri Sep 26 13:49:09 IDT 2025, 167 W
Fri Sep 26 13:49:10 IDT 2025, 170 W
Fri Sep 26 13:49:10 IDT 2025, 164 W
Fri Sep 26 13:49:10 IDT 2025, 201 W
Fri Sep 26 13:49:10 IDT 2025, 165 W
Fri Sep 26 13:49:10 IDT 2025, 157 W
Fri Sep 26 13:49:10 IDT 2025, 197 W
Fri Sep 26 13:49:10 IDT 2025, 174 W
Fri Sep 26 13:49:10 IDT 2025, 157 W
Fri Sep 26 13:49:11 IDT 2025, 171 W
Fri Sep 26 13:49:11 IDT 2025, 175 W
Fri Sep 26 13:49:11 IDT 2025, 195 W
Fri Sep 26 13:49:11 IDT 2025, 170 W
Fri Sep 26 13:49:11 IDT 2025, 169 W
Fri Sep 26 13:49:11 IDT 2025, 203 W
Fri Sep 26 13:49:11 IDT 2025, 172 W
Fri Sep 26 13:49:11 IDT 2025, 154 W
Fri Sep 26 13:49:12 IDT 2025, 177 W
Fri Sep 26 13:49:12 IDT 2025, 173 W
Fri Sep 26 13:49:12 IDT 2025, 207 W
Fri Sep 26 13:49:12 IDT 2025, 163 W
Fri Sep 26 13:49:12 IDT 2025, 180 W
Fri Sep 26 13:49:12 IDT 2025, 208 W
Fri Sep 26 13:49:12 IDT 2025, 169 W
Fri Sep 26 13:49:12 IDT 2025, 157 W
Fri Sep 26 13:49:13 IDT 2025, 176 W
Fri Sep 26 13:49:13 IDT 2025, 173 W
Fri Sep 26 13:49:13 IDT 2025, 206 W
Fri Sep 26 13:49:13 IDT 2025, 168 W
Fri Sep 26 13:49:13 IDT 2025, 164 W
Fri Sep 26 13:49:13 IDT 2025, 199 W
Fri Sep 26 13:49:13 IDT 2025, 173 W
Fri Sep 26 13:49:13 IDT 2025, 154 W
Fri Sep 26 13:49:14 IDT 2025, 179 W
Fri Sep 26 13:49:14 IDT 2025, 178 W
Fri Sep 26 13:49:14 IDT 2025, 211 W
Fri Sep 26 13:49:14 IDT 2025, 168 W
Fri Sep 26 13:49:14 IDT 2025, 185 W
Fri Sep 26 13:49:14 IDT 2025, 205 W
Fri Sep 26 13:49:14 IDT 2025, 178 W
Fri Sep 26 13:49:14 IDT 2025, 163 W
Fri Sep 26 13:49:15 IDT 2025, 163 W
Fri Sep 26 13:49:15 IDT 2025, 168 W
Fri Sep 26 13:49:15 IDT 2025, 192 W
Fri Sep 26 13:49:15 IDT 2025, 154 W
Fri Sep 26 13:49:15 IDT 2025, 150 W
Fri Sep 26 13:49:15 IDT 2025, 191 W
Fri Sep 26 13:49:15 IDT 2025, 172 W
Fri Sep 26 13:49:15 IDT 2025, 140 W
Fri Sep 26 13:49:16 IDT 2025, 175 W
Fri Sep 26 13:49:16 IDT 2025, 176 W
Fri Sep 26 13:49:16 IDT 2025, 202 W
Fri Sep 26 13:49:16 IDT 2025, 162 W
Fri Sep 26 13:49:16 IDT 2025, 167 W
Fri Sep 26 13:49:16 IDT 2025, 202 W
Fri Sep 26 13:49:16 IDT 2025, 180 W
Fri Sep 26 13:49:16 IDT 2025, 157 W
Fri Sep 26 13:49:17 IDT 2025, 183 W
Fri Sep 26 13:49:17 IDT 2025, 184 W
Fri Sep 26 13:49:17 IDT 2025, 198 W
Fri Sep 26 13:49:17 IDT 2025, 169 W
Fri Sep 26 13:49:17 IDT 2025, 179 W
Fri Sep 26 13:49:17 IDT 2025, 212 W
Fri Sep 26 13:49:17 IDT 2025, 181 W
Fri Sep 26 13:49:17 IDT 2025, 164 W
Fri Sep 26 13:49:18 IDT 2025, 178 W
Fri Sep 26 13:49:18 IDT 2025, 183 W
Fri Sep 26 13:49:18 IDT 2025, 217 W
Fri Sep 26 13:49:18 IDT 2025, 173 W
Fri Sep 26 13:49:18 IDT 2025, 181 W
Fri Sep 26 13:49:18 IDT 2025, 202 W
Fri Sep 26 13:49:18 IDT 2025, 169 W
Fri Sep 26 13:49:18 IDT 2025, 152 W
Fri Sep 26 13:49:19 IDT 2025, 177 W
Fri Sep 26 13:49:19 IDT 2025, 183 W
Fri Sep 26 13:49:19 IDT 2025, 212 W
Fri Sep 26 13:49:19 IDT 2025, 172 W
Fri Sep 26 13:49:19 IDT 2025, 181 W
Fri Sep 26 13:49:19 IDT 2025, 211 W
Fri Sep 26 13:49:19 IDT 2025, 178 W
Fri Sep 26 13:49:19 IDT 2025, 170 W
Fri Sep 26 13:49:20 IDT 2025, 176 W
Fri Sep 26 13:49:20 IDT 2025, 169 W
Fri Sep 26 13:49:20 IDT 2025, 202 W
Fri Sep 26 13:49:20 IDT 2025, 176 W
Fri Sep 26 13:49:20 IDT 2025, 163 W
Fri Sep 26 13:49:20 IDT 2025, 204 W
Fri Sep 26 13:49:20 IDT 2025, 192 W
Fri Sep 26 13:49:20 IDT 2025, 159 W
Fri Sep 26 13:49:21 IDT 2025, 166 W
Fri Sep 26 13:49:21 IDT 2025, 165 W
Fri Sep 26 13:49:21 IDT 2025, 198 W
Fri Sep 26 13:49:21 IDT 2025, 163 W
Fri Sep 26 13:49:21 IDT 2025, 164 W
Fri Sep 26 13:49:21 IDT 2025, 191 W
Fri Sep 26 13:49:21 IDT 2025, 172 W
Fri Sep 26 13:49:21 IDT 2025, 152 W
Fri Sep 26 13:49:22 IDT 2025, 182 W
Fri Sep 26 13:49:22 IDT 2025, 191 W
Fri Sep 26 13:49:22 IDT 2025, 197 W
Fri Sep 26 13:49:22 IDT 2025, 179 W
Fri Sep 26 13:49:22 IDT 2025, 179 W
Fri Sep 26 13:49:22 IDT 2025, 213 W
Fri Sep 26 13:49:22 IDT 2025, 182 W
Fri Sep 26 13:49:22 IDT 2025, 172 W
Fri Sep 26 13:49:23 IDT 2025, 174 W
Fri Sep 26 13:49:23 IDT 2025, 174 W
Fri Sep 26 13:49:23 IDT 2025, 205 W
Fri Sep 26 13:49:23 IDT 2025, 165 W
Fri Sep 26 13:49:23 IDT 2025, 176 W
Fri Sep 26 13:49:23 IDT 2025, 207 W
Fri Sep 26 13:49:23 IDT 2025, 171 W
Fri Sep 26 13:49:23 IDT 2025, 163 W
Fri Sep 26 13:49:24 IDT 2025, 186 W
Fri Sep 26 13:49:24 IDT 2025, 179 W
Fri Sep 26 13:49:24 IDT 2025, 217 W
Fri Sep 26 13:49:24 IDT 2025, 180 W
Fri Sep 26 13:49:24 IDT 2025, 182 W
Fri Sep 26 13:49:24 IDT 2025, 212 W
Fri Sep 26 13:49:24 IDT 2025, 179 W
Fri Sep 26 13:49:24 IDT 2025, 166 W
Fri Sep 26 13:49:25 IDT 2025, 184 W
Fri Sep 26 13:49:25 IDT 2025, 179 W
Fri Sep 26 13:49:25 IDT 2025, 213 W
Fri Sep 26 13:49:25 IDT 2025, 164 W
Fri Sep 26 13:49:25 IDT 2025, 178 W
Fri Sep 26 13:49:25 IDT 2025, 206 W
Fri Sep 26 13:49:25 IDT 2025, 181 W
Fri Sep 26 13:49:25 IDT 2025, 160 W
Fri Sep 26 13:49:26 IDT 2025, 178 W
Fri Sep 26 13:49:26 IDT 2025, 176 W
Fri Sep 26 13:49:26 IDT 2025, 210 W
Fri Sep 26 13:49:26 IDT 2025, 165 W
Fri Sep 26 13:49:26 IDT 2025, 172 W
Fri Sep 26 13:49:26 IDT 2025, 204 W
Fri Sep 26 13:49:26 IDT 2025, 172 W
Fri Sep 26 13:49:26 IDT 2025, 159 W
Fri Sep 26 13:49:27 IDT 2025, 176 W
Fri Sep 26 13:49:27 IDT 2025, 184 W
Fri Sep 26 13:49:27 IDT 2025, 204 W
Fri Sep 26 13:49:27 IDT 2025, 167 W
Fri Sep 26 13:49:27 IDT 2025, 179 W
Fri Sep 26 13:49:27 IDT 2025, 204 W
Fri Sep 26 13:49:27 IDT 2025, 175 W
Fri Sep 26 13:49:27 IDT 2025, 163 W
Fri Sep 26 13:49:28 IDT 2025, 180 W
Fri Sep 26 13:49:28 IDT 2025, 178 W
Fri Sep 26 13:49:28 IDT 2025, 213 W
Fri Sep 26 13:49:28 IDT 2025, 170 W
Fri Sep 26 13:49:28 IDT 2025, 175 W
Fri Sep 26 13:49:28 IDT 2025, 207 W
Fri Sep 26 13:49:28 IDT 2025, 179 W
Fri Sep 26 13:49:28 IDT 2025, 171 W
Fri Sep 26 13:49:29 IDT 2025, 186 W
Fri Sep 26 13:49:29 IDT 2025, 180 W
Fri Sep 26 13:49:29 IDT 2025, 205 W
Fri Sep 26 13:49:29 IDT 2025, 177 W
Fri Sep 26 13:49:29 IDT 2025, 173 W
Fri Sep 26 13:49:29 IDT 2025, 214 W
Fri Sep 26 13:49:29 IDT 2025, 189 W
Fri Sep 26 13:49:29 IDT 2025, 169 W
Fri Sep 26 13:49:30 IDT 2025, 171 W
Fri Sep 26 13:49:30 IDT 2025, 178 W
Fri Sep 26 13:49:30 IDT 2025, 204 W
Fri Sep 26 13:49:30 IDT 2025, 163 W
Fri Sep 26 13:49:30 IDT 2025, 164 W
Fri Sep 26 13:49:30 IDT 2025, 199 W
Fri Sep 26 13:49:30 IDT 2025, 185 W
Fri Sep 26 13:49:30 IDT 2025, 158 W
Fri Sep 26 13:49:31 IDT 2025, 182 W
Fri Sep 26 13:49:31 IDT 2025, 180 W
Fri Sep 26 13:49:31 IDT 2025, 213 W
Fri Sep 26 13:49:31 IDT 2025, 174 W
Fri Sep 26 13:49:31 IDT 2025, 175 W
Fri Sep 26 13:49:31 IDT 2025, 211 W
Fri Sep 26 13:49:31 IDT 2025, 178 W
Fri Sep 26 13:49:31 IDT 2025, 146 W
Fri Sep 26 13:49:32 IDT 2025, 182 W
Fri Sep 26 13:49:32 IDT 2025, 181 W
Fri Sep 26 13:49:32 IDT 2025, 214 W
Fri Sep 26 13:49:32 IDT 2025, 169 W
Fri Sep 26 13:49:32 IDT 2025, 183 W
Fri Sep 26 13:49:32 IDT 2025, 214 W
Fri Sep 26 13:49:32 IDT 2025, 179 W
Fri Sep 26 13:49:32 IDT 2025, 168 W
Fri Sep 26 13:49:33 IDT 2025, 183 W
Fri Sep 26 13:49:33 IDT 2025, 174 W
Fri Sep 26 13:49:33 IDT 2025, 208 W
Fri Sep 26 13:49:33 IDT 2025, 169 W
Fri Sep 26 13:49:33 IDT 2025, 177 W
Fri Sep 26 13:49:33 IDT 2025, 209 W
Fri Sep 26 13:49:33 IDT 2025, 188 W
Fri Sep 26 13:49:33 IDT 2025, 158 W
Fri Sep 26 13:49:34 IDT 2025, 158 W
Fri Sep 26 13:49:34 IDT 2025, 154 W
Fri Sep 26 13:49:34 IDT 2025, 184 W
Fri Sep 26 13:49:34 IDT 2025, 142 W
Fri Sep 26 13:49:34 IDT 2025, 144 W
Fri Sep 26 13:49:34 IDT 2025, 185 W
Fri Sep 26 13:49:34 IDT 2025, 162 W
Fri Sep 26 13:49:34 IDT 2025, 139 W
Fri Sep 26 13:49:35 IDT 2025, 176 W
Fri Sep 26 13:49:35 IDT 2025, 168 W
Fri Sep 26 13:49:35 IDT 2025, 207 W
Fri Sep 26 13:49:35 IDT 2025, 162 W
Fri Sep 26 13:49:35 IDT 2025, 163 W
Fri Sep 26 13:49:35 IDT 2025, 206 W
Fri Sep 26 13:49:35 IDT 2025, 183 W
Fri Sep 26 13:49:35 IDT 2025, 151 W
Fri Sep 26 13:49:36 IDT 2025, 178 W
Fri Sep 26 13:49:36 IDT 2025, 172 W
Fri Sep 26 13:49:36 IDT 2025, 213 W
Fri Sep 26 13:49:36 IDT 2025, 163 W
Fri Sep 26 13:49:36 IDT 2025, 162 W
Fri Sep 26 13:49:36 IDT 2025, 195 W
Fri Sep 26 13:49:36 IDT 2025, 172 W
Fri Sep 26 13:49:36 IDT 2025, 160 W
Fri Sep 26 13:49:37 IDT 2025, 175 W
Fri Sep 26 13:49:37 IDT 2025, 170 W
Fri Sep 26 13:49:37 IDT 2025, 209 W
Fri Sep 26 13:49:37 IDT 2025, 164 W
Fri Sep 26 13:49:37 IDT 2025, 158 W
Fri Sep 26 13:49:37 IDT 2025, 197 W
Fri Sep 26 13:49:37 IDT 2025, 177 W
Fri Sep 26 13:49:37 IDT 2025, 159 W
Fri Sep 26 13:49:38 IDT 2025, 179 W
Fri Sep 26 13:49:38 IDT 2025, 173 W
Fri Sep 26 13:49:38 IDT 2025, 202 W
Fri Sep 26 13:49:38 IDT 2025, 167 W
Fri Sep 26 13:49:38 IDT 2025, 178 W
Fri Sep 26 13:49:38 IDT 2025, 195 W
Fri Sep 26 13:49:38 IDT 2025, 179 W
Fri Sep 26 13:49:38 IDT 2025, 165 W
Fri Sep 26 13:49:39 IDT 2025, 177 W
Fri Sep 26 13:49:39 IDT 2025, 190 W
Fri Sep 26 13:49:39 IDT 2025, 213 W
Fri Sep 26 13:49:39 IDT 2025, 180 W
Fri Sep 26 13:49:39 IDT 2025, 187 W
Fri Sep 26 13:49:39 IDT 2025, 210 W
Fri Sep 26 13:49:39 IDT 2025, 182 W
Fri Sep 26 13:49:39 IDT 2025, 166 W
Fri Sep 26 13:49:40 IDT 2025, 175 W
Fri Sep 26 13:49:40 IDT 2025, 177 W
Fri Sep 26 13:49:40 IDT 2025, 205 W
Fri Sep 26 13:49:40 IDT 2025, 171 W
Fri Sep 26 13:49:40 IDT 2025, 173 W
Fri Sep 26 13:49:40 IDT 2025, 208 W
Fri Sep 26 13:49:40 IDT 2025, 187 W
Fri Sep 26 13:49:40 IDT 2025, 167 W
Fri Sep 26 13:49:41 IDT 2025, 177 W
Fri Sep 26 13:49:41 IDT 2025, 178 W
Fri Sep 26 13:49:41 IDT 2025, 207 W
Fri Sep 26 13:49:41 IDT 2025, 160 W
Fri Sep 26 13:49:41 IDT 2025, 171 W
Fri Sep 26 13:49:41 IDT 2025, 199 W
Fri Sep 26 13:49:41 IDT 2025, 170 W
Fri Sep 26 13:49:41 IDT 2025, 154 W
Fri Sep 26 13:49:42 IDT 2025, 167 W
Fri Sep 26 13:49:42 IDT 2025, 165 W
Fri Sep 26 13:49:42 IDT 2025, 196 W
Fri Sep 26 13:49:42 IDT 2025, 156 W
Fri Sep 26 13:49:42 IDT 2025, 170 W
Fri Sep 26 13:49:42 IDT 2025, 187 W
Fri Sep 26 13:49:42 IDT 2025, 158 W
Fri Sep 26 13:49:42 IDT 2025, 152 W
Fri Sep 26 13:49:43 IDT 2025, 177 W
Fri Sep 26 13:49:43 IDT 2025, 169 W
Fri Sep 26 13:49:43 IDT 2025, 204 W
Fri Sep 26 13:49:43 IDT 2025, 168 W
Fri Sep 26 13:49:43 IDT 2025, 172 W
Fri Sep 26 13:49:43 IDT 2025, 201 W
Fri Sep 26 13:49:43 IDT 2025, 180 W
Fri Sep 26 13:49:43 IDT 2025, 152 W
Fri Sep 26 13:49:44 IDT 2025, 179 W
Fri Sep 26 13:49:44 IDT 2025, 183 W
Fri Sep 26 13:49:44 IDT 2025, 211 W
Fri Sep 26 13:49:44 IDT 2025, 171 W
Fri Sep 26 13:49:44 IDT 2025, 178 W
Fri Sep 26 13:49:44 IDT 2025, 205 W
Fri Sep 26 13:49:44 IDT 2025, 183 W
Fri Sep 26 13:49:44 IDT 2025, 152 W
Fri Sep 26 13:49:45 IDT 2025, 181 W
Fri Sep 26 13:49:45 IDT 2025, 181 W
Fri Sep 26 13:49:45 IDT 2025, 208 W
Fri Sep 26 13:49:45 IDT 2025, 175 W
Fri Sep 26 13:49:45 IDT 2025, 176 W
Fri Sep 26 13:49:45 IDT 2025, 217 W
Fri Sep 26 13:49:45 IDT 2025, 181 W
Fri Sep 26 13:49:45 IDT 2025, 163 W
Fri Sep 26 13:49:46 IDT 2025, 180 W
Fri Sep 26 13:49:46 IDT 2025, 183 W
Fri Sep 26 13:49:46 IDT 2025, 213 W
Fri Sep 26 13:49:46 IDT 2025, 172 W
Fri Sep 26 13:49:46 IDT 2025, 180 W
Fri Sep 26 13:49:46 IDT 2025, 210 W
Fri Sep 26 13:49:46 IDT 2025, 191 W
Fri Sep 26 13:49:46 IDT 2025, 163 W
Fri Sep 26 13:49:47 IDT 2025, 174 W
Fri Sep 26 13:49:47 IDT 2025, 179 W
Fri Sep 26 13:49:47 IDT 2025, 214 W
Fri Sep 26 13:49:47 IDT 2025, 167 W
Fri Sep 26 13:49:47 IDT 2025, 182 W
Fri Sep 26 13:49:47 IDT 2025, 213 W
Fri Sep 26 13:49:47 IDT 2025, 177 W
Fri Sep 26 13:49:47 IDT 2025, 166 W
Fri Sep 26 13:49:48 IDT 2025, 173 W
Fri Sep 26 13:49:48 IDT 2025, 167 W
Fri Sep 26 13:49:48 IDT 2025, 200 W
Fri Sep 26 13:49:48 IDT 2025, 155 W
Fri Sep 26 13:49:48 IDT 2025, 170 W
Fri Sep 26 13:49:48 IDT 2025, 185 W
Fri Sep 26 13:49:48 IDT 2025, 172 W
Fri Sep 26 13:49:48 IDT 2025, 153 W
Fri Sep 26 13:49:49 IDT 2025, 172 W
Fri Sep 26 13:49:49 IDT 2025, 168 W
Fri Sep 26 13:49:49 IDT 2025, 194 W
Fri Sep 26 13:49:49 IDT 2025, 153 W
Fri Sep 26 13:49:49 IDT 2025, 166 W
Fri Sep 26 13:49:49 IDT 2025, 192 W
Fri Sep 26 13:49:49 IDT 2025, 152 W
Fri Sep 26 13:49:49 IDT 2025, 147 W
Fri Sep 26 13:49:50 IDT 2025, 162 W
Fri Sep 26 13:49:50 IDT 2025, 163 W
Fri Sep 26 13:49:50 IDT 2025, 199 W
Fri Sep 26 13:49:50 IDT 2025, 171 W
Fri Sep 26 13:49:50 IDT 2025, 159 W
Fri Sep 26 13:49:50 IDT 2025, 195 W
Fri Sep 26 13:49:50 IDT 2025, 175 W
Fri Sep 26 13:49:50 IDT 2025, 157 W
Fri Sep 26 13:49:51 IDT 2025, 178 W
Fri Sep 26 13:49:51 IDT 2025, 177 W
Fri Sep 26 13:49:51 IDT 2025, 198 W
Fri Sep 26 13:49:51 IDT 2025, 171 W
Fri Sep 26 13:49:51 IDT 2025, 166 W
Fri Sep 26 13:49:51 IDT 2025, 209 W
Fri Sep 26 13:49:51 IDT 2025, 189 W
Fri Sep 26 13:49:51 IDT 2025, 155 W
Fri Sep 26 13:49:52 IDT 2025, 177 W
Fri Sep 26 13:49:52 IDT 2025, 176 W
Fri Sep 26 13:49:52 IDT 2025, 204 W
Fri Sep 26 13:49:52 IDT 2025, 166 W
Fri Sep 26 13:49:52 IDT 2025, 169 W
Fri Sep 26 13:49:52 IDT 2025, 205 W
Fri Sep 26 13:49:52 IDT 2025, 175 W
Fri Sep 26 13:49:52 IDT 2025, 168 W
Fri Sep 26 13:49:53 IDT 2025, 186 W
Fri Sep 26 13:49:53 IDT 2025, 183 W
Fri Sep 26 13:49:53 IDT 2025, 217 W
Fri Sep 26 13:49:53 IDT 2025, 182 W
Fri Sep 26 13:49:53 IDT 2025, 179 W
Fri Sep 26 13:49:53 IDT 2025, 212 W
Fri Sep 26 13:49:53 IDT 2025, 193 W
Fri Sep 26 13:49:53 IDT 2025, 167 W
Fri Sep 26 13:49:54 IDT 2025, 180 W
Fri Sep 26 13:49:54 IDT 2025, 179 W
Fri Sep 26 13:49:54 IDT 2025, 210 W
Fri Sep 26 13:49:54 IDT 2025, 180 W
Fri Sep 26 13:49:54 IDT 2025, 169 W
Fri Sep 26 13:49:54 IDT 2025, 194 W
Fri Sep 26 13:49:54 IDT 2025, 191 W
Fri Sep 26 13:49:54 IDT 2025, 170 W
Fri Sep 26 13:49:55 IDT 2025, 179 W
Fri Sep 26 13:49:55 IDT 2025, 168 W
Fri Sep 26 13:49:55 IDT 2025, 206 W
Fri Sep 26 13:49:55 IDT 2025, 164 W
Fri Sep 26 13:49:55 IDT 2025, 175 W
Fri Sep 26 13:49:55 IDT 2025, 204 W
Fri Sep 26 13:49:55 IDT 2025, 174 W
Fri Sep 26 13:49:55 IDT 2025, 162 W
Fri Sep 26 13:49:56 IDT 2025, 158 W
Fri Sep 26 13:49:56 IDT 2025, 163 W
Fri Sep 26 13:49:56 IDT 2025, 190 W
Fri Sep 26 13:49:56 IDT 2025, 170 W
Fri Sep 26 13:49:56 IDT 2025, 173 W
Fri Sep 26 13:49:56 IDT 2025, 197 W
Fri Sep 26 13:49:56 IDT 2025, 170 W
Fri Sep 26 13:49:56 IDT 2025, 150 W
Fri Sep 26 13:49:57 IDT 2025, 171 W
Fri Sep 26 13:49:57 IDT 2025, 170 W
Fri Sep 26 13:49:57 IDT 2025, 196 W
Fri Sep 26 13:49:57 IDT 2025, 164 W
Fri Sep 26 13:49:57 IDT 2025, 157 W
Fri Sep 26 13:49:57 IDT 2025, 196 W
Fri Sep 26 13:49:57 IDT 2025, 173 W
Fri Sep 26 13:49:57 IDT 2025, 153 W
Fri Sep 26 13:49:58 IDT 2025, 161 W
Fri Sep 26 13:49:58 IDT 2025, 163 W
Fri Sep 26 13:49:58 IDT 2025, 196 W
Fri Sep 26 13:49:58 IDT 2025, 156 W
Fri Sep 26 13:49:58 IDT 2025, 159 W
Fri Sep 26 13:49:58 IDT 2025, 192 W
Fri Sep 26 13:49:58 IDT 2025, 171 W
Fri Sep 26 13:49:58 IDT 2025, 154 W
Fri Sep 26 13:49:59 IDT 2025, 167 W
Fri Sep 26 13:49:59 IDT 2025, 167 W
Fri Sep 26 13:49:59 IDT 2025, 206 W
Fri Sep 26 13:49:59 IDT 2025, 167 W
Fri Sep 26 13:49:59 IDT 2025, 164 W
Fri Sep 26 13:49:59 IDT 2025, 202 W
Fri Sep 26 13:49:59 IDT 2025, 173 W
Fri Sep 26 13:49:59 IDT 2025, 157 W
Fri Sep 26 13:50:00 IDT 2025, 176 W
Fri Sep 26 13:50:00 IDT 2025, 176 W
Fri Sep 26 13:50:00 IDT 2025, 210 W
Fri Sep 26 13:50:00 IDT 2025, 174 W
Fri Sep 26 13:50:00 IDT 2025, 167 W
Fri Sep 26 13:50:00 IDT 2025, 200 W
Fri Sep 26 13:50:00 IDT 2025, 175 W
Fri Sep 26 13:50:00 IDT 2025, 173 W
Fri Sep 26 13:50:01 IDT 2025, 157 W
Fri Sep 26 13:50:01 IDT 2025, 174 W
Fri Sep 26 13:50:01 IDT 2025, 194 W
Fri Sep 26 13:50:01 IDT 2025, 161 W
Fri Sep 26 13:50:01 IDT 2025, 151 W
Fri Sep 26 13:50:01 IDT 2025, 197 W
Fri Sep 26 13:50:01 IDT 2025, 172 W
Fri Sep 26 13:50:01 IDT 2025, 148 W
Fri Sep 26 13:50:02 IDT 2025, 157 W
Fri Sep 26 13:50:02 IDT 2025, 164 W
Fri Sep 26 13:50:02 IDT 2025, 192 W
Fri Sep 26 13:50:02 IDT 2025, 155 W
Fri Sep 26 13:50:02 IDT 2025, 155 W
Fri Sep 26 13:50:02 IDT 2025, 187 W
Fri Sep 26 13:50:02 IDT 2025, 173 W
Fri Sep 26 13:50:02 IDT 2025, 139 W
Fri Sep 26 13:50:03 IDT 2025, 176 W
Fri Sep 26 13:50:03 IDT 2025, 174 W
Fri Sep 26 13:50:03 IDT 2025, 199 W
Fri Sep 26 13:50:03 IDT 2025, 166 W
Fri Sep 26 13:50:03 IDT 2025, 176 W
Fri Sep 26 13:50:03 IDT 2025, 198 W
Fri Sep 26 13:50:03 IDT 2025, 171 W
Fri Sep 26 13:50:03 IDT 2025, 143 W
Fri Sep 26 13:50:04 IDT 2025, 170 W
Fri Sep 26 13:50:04 IDT 2025, 183 W
Fri Sep 26 13:50:04 IDT 2025, 215 W
Fri Sep 26 13:50:04 IDT 2025, 165 W
Fri Sep 26 13:50:04 IDT 2025, 180 W
Fri Sep 26 13:50:04 IDT 2025, 208 W
Fri Sep 26 13:50:04 IDT 2025, 178 W
Fri Sep 26 13:50:04 IDT 2025, 156 W
Fri Sep 26 13:50:05 IDT 2025, 154 W
Fri Sep 26 13:50:05 IDT 2025, 164 W
Fri Sep 26 13:50:05 IDT 2025, 191 W
Fri Sep 26 13:50:05 IDT 2025, 164 W
Fri Sep 26 13:50:05 IDT 2025, 156 W
Fri Sep 26 13:50:05 IDT 2025, 191 W
Fri Sep 26 13:50:05 IDT 2025, 171 W
Fri Sep 26 13:50:05 IDT 2025, 146 W
Fri Sep 26 13:50:06 IDT 2025, 163 W
Fri Sep 26 13:50:06 IDT 2025, 169 W
Fri Sep 26 13:50:06 IDT 2025, 211 W
Fri Sep 26 13:50:06 IDT 2025, 158 W
Fri Sep 26 13:50:06 IDT 2025, 166 W
Fri Sep 26 13:50:06 IDT 2025, 200 W
Fri Sep 26 13:50:06 IDT 2025, 175 W
Fri Sep 26 13:50:06 IDT 2025, 147 W
Fri Sep 26 13:50:07 IDT 2025, 181 W
Fri Sep 26 13:50:07 IDT 2025, 188 W
Fri Sep 26 13:50:07 IDT 2025, 214 W
Fri Sep 26 13:50:07 IDT 2025, 174 W
Fri Sep 26 13:50:07 IDT 2025, 176 W
Fri Sep 26 13:50:07 IDT 2025, 213 W
Fri Sep 26 13:50:07 IDT 2025, 182 W
Fri Sep 26 13:50:07 IDT 2025, 166 W
Fri Sep 26 13:50:08 IDT 2025, 162 W
Fri Sep 26 13:50:08 IDT 2025, 160 W
Fri Sep 26 13:50:08 IDT 2025, 193 W
Fri Sep 26 13:50:08 IDT 2025, 149 W
Fri Sep 26 13:50:08 IDT 2025, 172 W
Fri Sep 26 13:50:08 IDT 2025, 191 W
Fri Sep 26 13:50:08 IDT 2025, 170 W
Fri Sep 26 13:50:08 IDT 2025, 157 W
Fri Sep 26 13:50:09 IDT 2025, 178 W
Fri Sep 26 13:50:09 IDT 2025, 191 W
Fri Sep 26 13:50:09 IDT 2025, 211 W
Fri Sep 26 13:50:09 IDT 2025, 180 W
Fri Sep 26 13:50:09 IDT 2025, 175 W
Fri Sep 26 13:50:09 IDT 2025, 214 W
Fri Sep 26 13:50:09 IDT 2025, 173 W
Fri Sep 26 13:50:09 IDT 2025, 162 W
Fri Sep 26 13:50:10 IDT 2025, 165 W
Fri Sep 26 13:50:10 IDT 2025, 177 W
Fri Sep 26 13:50:10 IDT 2025, 206 W
Fri Sep 26 13:50:10 IDT 2025, 168 W
Fri Sep 26 13:50:10 IDT 2025, 174 W
Fri Sep 26 13:50:10 IDT 2025, 210 W
Fri Sep 26 13:50:10 IDT 2025, 179 W
Fri Sep 26 13:50:10 IDT 2025, 157 W
Fri Sep 26 13:50:11 IDT 2025, 182 W
Fri Sep 26 13:50:11 IDT 2025, 174 W
Fri Sep 26 13:50:11 IDT 2025, 204 W
Fri Sep 26 13:50:11 IDT 2025, 169 W
Fri Sep 26 13:50:11 IDT 2025, 171 W
Fri Sep 26 13:50:11 IDT 2025, 207 W
Fri Sep 26 13:50:11 IDT 2025, 177 W
Fri Sep 26 13:50:11 IDT 2025, 163 W
Fri Sep 26 13:50:12 IDT 2025, 164 W
Fri Sep 26 13:50:12 IDT 2025, 170 W
Fri Sep 26 13:50:12 IDT 2025, 210 W
Fri Sep 26 13:50:12 IDT 2025, 171 W
Fri Sep 26 13:50:12 IDT 2025, 174 W
Fri Sep 26 13:50:12 IDT 2025, 195 W
Fri Sep 26 13:50:12 IDT 2025, 175 W
Fri Sep 26 13:50:12 IDT 2025, 159 W
Fri Sep 26 13:50:13 IDT 2025, 164 W
Fri Sep 26 13:50:13 IDT 2025, 176 W
Fri Sep 26 13:50:13 IDT 2025, 206 W
Fri Sep 26 13:50:13 IDT 2025, 167 W
Fri Sep 26 13:50:13 IDT 2025, 178 W
Fri Sep 26 13:50:13 IDT 2025, 205 W
Fri Sep 26 13:50:13 IDT 2025, 182 W
Fri Sep 26 13:50:13 IDT 2025, 160 W
Fri Sep 26 13:50:14 IDT 2025, 173 W
Fri Sep 26 13:50:14 IDT 2025, 173 W
Fri Sep 26 13:50:14 IDT 2025, 211 W
Fri Sep 26 13:50:14 IDT 2025, 174 W
Fri Sep 26 13:50:14 IDT 2025, 179 W
Fri Sep 26 13:50:14 IDT 2025, 206 W
Fri Sep 26 13:50:14 IDT 2025, 181 W
Fri Sep 26 13:50:14 IDT 2025, 160 W
Fri Sep 26 13:50:15 IDT 2025, 173 W
Fri Sep 26 13:50:15 IDT 2025, 169 W
Fri Sep 26 13:50:15 IDT 2025, 199 W
Fri Sep 26 13:50:15 IDT 2025, 163 W
Fri Sep 26 13:50:15 IDT 2025, 171 W
Fri Sep 26 13:50:15 IDT 2025, 201 W
Fri Sep 26 13:50:15 IDT 2025, 178 W
Fri Sep 26 13:50:15 IDT 2025, 158 W
Fri Sep 26 13:50:16 IDT 2025, 183 W
Fri Sep 26 13:50:16 IDT 2025, 182 W
Fri Sep 26 13:50:16 IDT 2025, 214 W
Fri Sep 26 13:50:16 IDT 2025, 169 W
Fri Sep 26 13:50:16 IDT 2025, 178 W
Fri Sep 26 13:50:16 IDT 2025, 209 W
Fri Sep 26 13:50:16 IDT 2025, 189 W
Fri Sep 26 13:50:16 IDT 2025, 163 W
Fri Sep 26 13:50:17 IDT 2025, 175 W
Fri Sep 26 13:50:17 IDT 2025, 178 W
Fri Sep 26 13:50:17 IDT 2025, 206 W
Fri Sep 26 13:50:17 IDT 2025, 175 W
Fri Sep 26 13:50:17 IDT 2025, 177 W
Fri Sep 26 13:50:17 IDT 2025, 208 W
Fri Sep 26 13:50:17 IDT 2025, 183 W
Fri Sep 26 13:50:17 IDT 2025, 164 W
Fri Sep 26 13:50:18 IDT 2025, 174 W
Fri Sep 26 13:50:18 IDT 2025, 176 W
Fri Sep 26 13:50:18 IDT 2025, 195 W
Fri Sep 26 13:50:18 IDT 2025, 170 W
Fri Sep 26 13:50:18 IDT 2025, 186 W
Fri Sep 26 13:50:18 IDT 2025, 201 W
Fri Sep 26 13:50:18 IDT 2025, 176 W
Fri Sep 26 13:50:18 IDT 2025, 159 W
Fri Sep 26 13:50:19 IDT 2025, 174 W
Fri Sep 26 13:50:19 IDT 2025, 177 W
Fri Sep 26 13:50:19 IDT 2025, 211 W
Fri Sep 26 13:50:19 IDT 2025, 166 W
Fri Sep 26 13:50:19 IDT 2025, 173 W
Fri Sep 26 13:50:19 IDT 2025, 216 W
Fri Sep 26 13:50:19 IDT 2025, 180 W
Fri Sep 26 13:50:19 IDT 2025, 147 W
Fri Sep 26 13:50:20 IDT 2025, 162 W
Fri Sep 26 13:50:20 IDT 2025, 158 W
Fri Sep 26 13:50:20 IDT 2025, 198 W
Fri Sep 26 13:50:20 IDT 2025, 152 W
Fri Sep 26 13:50:20 IDT 2025, 153 W
Fri Sep 26 13:50:20 IDT 2025, 189 W
Fri Sep 26 13:50:20 IDT 2025, 156 W
Fri Sep 26 13:50:20 IDT 2025, 146 W
Fri Sep 26 13:50:21 IDT 2025, 176 W
Fri Sep 26 13:50:21 IDT 2025, 165 W
Fri Sep 26 13:50:21 IDT 2025, 191 W
Fri Sep 26 13:50:21 IDT 2025, 158 W
Fri Sep 26 13:50:21 IDT 2025, 155 W
Fri Sep 26 13:50:21 IDT 2025, 192 W
Fri Sep 26 13:50:21 IDT 2025, 175 W
Fri Sep 26 13:50:21 IDT 2025, 149 W
Fri Sep 26 13:50:22 IDT 2025, 175 W
Fri Sep 26 13:50:22 IDT 2025, 187 W
Fri Sep 26 13:50:22 IDT 2025, 207 W
Fri Sep 26 13:50:22 IDT 2025, 152 W
Fri Sep 26 13:50:22 IDT 2025, 162 W
Fri Sep 26 13:50:22 IDT 2025, 207 W
Fri Sep 26 13:50:22 IDT 2025, 182 W
Fri Sep 26 13:50:22 IDT 2025, 156 W
Fri Sep 26 13:50:23 IDT 2025, 159 W
Fri Sep 26 13:50:23 IDT 2025, 168 W
Fri Sep 26 13:50:23 IDT 2025, 202 W
Fri Sep 26 13:50:23 IDT 2025, 164 W
Fri Sep 26 13:50:23 IDT 2025, 164 W
Fri Sep 26 13:50:23 IDT 2025, 189 W
Fri Sep 26 13:50:23 IDT 2025, 170 W
Fri Sep 26 13:50:23 IDT 2025, 151 W
Fri Sep 26 13:50:24 IDT 2025, 173 W
Fri Sep 26 13:50:24 IDT 2025, 175 W
Fri Sep 26 13:50:24 IDT 2025, 204 W
Fri Sep 26 13:50:24 IDT 2025, 170 W
Fri Sep 26 13:50:24 IDT 2025, 164 W
Fri Sep 26 13:50:24 IDT 2025, 208 W
Fri Sep 26 13:50:24 IDT 2025, 175 W
Fri Sep 26 13:50:24 IDT 2025, 161 W
Fri Sep 26 13:50:25 IDT 2025, 178 W
Fri Sep 26 13:50:25 IDT 2025, 179 W
Fri Sep 26 13:50:25 IDT 2025, 215 W
Fri Sep 26 13:50:25 IDT 2025, 168 W
Fri Sep 26 13:50:25 IDT 2025, 171 W
Fri Sep 26 13:50:25 IDT 2025, 200 W
Fri Sep 26 13:50:25 IDT 2025, 183 W
Fri Sep 26 13:50:25 IDT 2025, 163 W
Fri Sep 26 13:50:26 IDT 2025, 175 W
Fri Sep 26 13:50:26 IDT 2025, 172 W
Fri Sep 26 13:50:26 IDT 2025, 199 W
Fri Sep 26 13:50:26 IDT 2025, 163 W
Fri Sep 26 13:50:26 IDT 2025, 159 W
Fri Sep 26 13:50:26 IDT 2025, 200 W
Fri Sep 26 13:50:26 IDT 2025, 187 W
Fri Sep 26 13:50:26 IDT 2025, 156 W
Fri Sep 26 13:50:27 IDT 2025, 157 W
Fri Sep 26 13:50:27 IDT 2025, 163 W
Fri Sep 26 13:50:27 IDT 2025, 194 W
Fri Sep 26 13:50:27 IDT 2025, 162 W
Fri Sep 26 13:50:27 IDT 2025, 158 W
Fri Sep 26 13:50:27 IDT 2025, 184 W
Fri Sep 26 13:50:27 IDT 2025, 171 W
Fri Sep 26 13:50:27 IDT 2025, 145 W
Fri Sep 26 13:50:28 IDT 2025, 162 W
Fri Sep 26 13:50:28 IDT 2025, 176 W
Fri Sep 26 13:50:28 IDT 2025, 206 W
Fri Sep 26 13:50:28 IDT 2025, 163 W
Fri Sep 26 13:50:28 IDT 2025, 176 W
Fri Sep 26 13:50:28 IDT 2025, 201 W
Fri Sep 26 13:50:28 IDT 2025, 180 W
Fri Sep 26 13:50:28 IDT 2025, 159 W
Fri Sep 26 13:50:29 IDT 2025, 164 W
Fri Sep 26 13:50:29 IDT 2025, 172 W
Fri Sep 26 13:50:29 IDT 2025, 205 W
Fri Sep 26 13:50:29 IDT 2025, 165 W
Fri Sep 26 13:50:29 IDT 2025, 171 W
Fri Sep 26 13:50:29 IDT 2025, 210 W
Fri Sep 26 13:50:29 IDT 2025, 176 W
Fri Sep 26 13:50:29 IDT 2025, 161 W
Fri Sep 26 13:50:30 IDT 2025, 165 W
Fri Sep 26 13:50:30 IDT 2025, 176 W
Fri Sep 26 13:50:30 IDT 2025, 207 W
Fri Sep 26 13:50:30 IDT 2025, 172 W
Fri Sep 26 13:50:30 IDT 2025, 174 W
Fri Sep 26 13:50:30 IDT 2025, 211 W
Fri Sep 26 13:50:30 IDT 2025, 184 W
Fri Sep 26 13:50:30 IDT 2025, 166 W
Fri Sep 26 13:50:31 IDT 2025, 161 W
Fri Sep 26 13:50:31 IDT 2025, 179 W
Fri Sep 26 13:50:31 IDT 2025, 213 W
Fri Sep 26 13:50:31 IDT 2025, 164 W
Fri Sep 26 13:50:31 IDT 2025, 180 W
Fri Sep 26 13:50:31 IDT 2025, 201 W
Fri Sep 26 13:50:31 IDT 2025, 181 W
Fri Sep 26 13:50:31 IDT 2025, 163 W
Fri Sep 26 13:50:32 IDT 2025, 164 W
Fri Sep 26 13:50:32 IDT 2025, 169 W
Fri Sep 26 13:50:32 IDT 2025, 202 W
Fri Sep 26 13:50:32 IDT 2025, 164 W
Fri Sep 26 13:50:32 IDT 2025, 169 W
Fri Sep 26 13:50:32 IDT 2025, 195 W
Fri Sep 26 13:50:32 IDT 2025, 178 W
Fri Sep 26 13:50:32 IDT 2025, 151 W
Fri Sep 26 13:50:33 IDT 2025, 164 W
Fri Sep 26 13:50:33 IDT 2025, 164 W
Fri Sep 26 13:50:33 IDT 2025, 195 W
Fri Sep 26 13:50:33 IDT 2025, 165 W
Fri Sep 26 13:50:33 IDT 2025, 169 W
Fri Sep 26 13:50:33 IDT 2025, 193 W
Fri Sep 26 13:50:33 IDT 2025, 179 W
Fri Sep 26 13:50:33 IDT 2025, 150 W
Fri Sep 26 13:50:34 IDT 2025, 158 W
Fri Sep 26 13:50:34 IDT 2025, 175 W
Fri Sep 26 13:50:34 IDT 2025, 201 W
Fri Sep 26 13:50:34 IDT 2025, 171 W
Fri Sep 26 13:50:34 IDT 2025, 180 W
Fri Sep 26 13:50:34 IDT 2025, 208 W
Fri Sep 26 13:50:34 IDT 2025, 177 W
Fri Sep 26 13:50:34 IDT 2025, 164 W
Fri Sep 26 13:50:35 IDT 2025, 171 W
Fri Sep 26 13:50:35 IDT 2025, 177 W
Fri Sep 26 13:50:35 IDT 2025, 216 W
Fri Sep 26 13:50:35 IDT 2025, 168 W
Fri Sep 26 13:50:35 IDT 2025, 178 W
Fri Sep 26 13:50:35 IDT 2025, 212 W
Fri Sep 26 13:50:35 IDT 2025, 177 W
Fri Sep 26 13:50:35 IDT 2025, 166 W
Fri Sep 26 13:50:36 IDT 2025, 186 W
Fri Sep 26 13:50:36 IDT 2025, 193 W
Fri Sep 26 13:50:36 IDT 2025, 217 W
Fri Sep 26 13:50:36 IDT 2025, 177 W
Fri Sep 26 13:50:36 IDT 2025, 185 W
Fri Sep 26 13:50:36 IDT 2025, 214 W
Fri Sep 26 13:50:36 IDT 2025, 192 W
Fri Sep 26 13:50:36 IDT 2025, 169 W
Fri Sep 26 13:50:37 IDT 2025, 179 W
Fri Sep 26 13:50:37 IDT 2025, 180 W
Fri Sep 26 13:50:37 IDT 2025, 210 W
Fri Sep 26 13:50:37 IDT 2025, 164 W
Fri Sep 26 13:50:37 IDT 2025, 179 W
Fri Sep 26 13:50:37 IDT 2025, 207 W
Fri Sep 26 13:50:37 IDT 2025, 185 W
Fri Sep 26 13:50:37 IDT 2025, 162 W
Fri Sep 26 13:50:38 IDT 2025, 172 W
Fri Sep 26 13:50:38 IDT 2025, 171 W
Fri Sep 26 13:50:38 IDT 2025, 192 W
Fri Sep 26 13:50:38 IDT 2025, 151 W
Fri Sep 26 13:50:38 IDT 2025, 169 W
Fri Sep 26 13:50:38 IDT 2025, 191 W
Fri Sep 26 13:50:38 IDT 2025, 172 W
Fri Sep 26 13:50:38 IDT 2025, 136 W
Fri Sep 26 13:50:39 IDT 2025, 168 W
Fri Sep 26 13:50:39 IDT 2025, 173 W
Fri Sep 26 13:50:39 IDT 2025, 199 W
Fri Sep 26 13:50:39 IDT 2025, 150 W
Fri Sep 26 13:50:39 IDT 2025, 164 W
Fri Sep 26 13:50:39 IDT 2025, 192 W
Fri Sep 26 13:50:39 IDT 2025, 168 W
Fri Sep 26 13:50:39 IDT 2025, 156 W
Fri Sep 26 13:50:40 IDT 2025, 162 W
Fri Sep 26 13:50:40 IDT 2025, 162 W
Fri Sep 26 13:50:40 IDT 2025, 186 W
Fri Sep 26 13:50:40 IDT 2025, 153 W
Fri Sep 26 13:50:40 IDT 2025, 147 W
Fri Sep 26 13:50:40 IDT 2025, 198 W
Fri Sep 26 13:50:40 IDT 2025, 157 W
Fri Sep 26 13:50:40 IDT 2025, 138 W
Fri Sep 26 13:50:41 IDT 2025, 183 W
Fri Sep 26 13:50:41 IDT 2025, 185 W
Fri Sep 26 13:50:41 IDT 2025, 210 W
Fri Sep 26 13:50:41 IDT 2025, 166 W
Fri Sep 26 13:50:41 IDT 2025, 170 W
Fri Sep 26 13:50:41 IDT 2025, 203 W
Fri Sep 26 13:50:41 IDT 2025, 179 W
Fri Sep 26 13:50:41 IDT 2025, 169 W
Fri Sep 26 13:50:42 IDT 2025, 174 W
Fri Sep 26 13:50:42 IDT 2025, 167 W
Fri Sep 26 13:50:42 IDT 2025, 199 W
Fri Sep 26 13:50:42 IDT 2025, 167 W
Fri Sep 26 13:50:42 IDT 2025, 172 W
Fri Sep 26 13:50:42 IDT 2025, 188 W
Fri Sep 26 13:50:42 IDT 2025, 166 W
Fri Sep 26 13:50:42 IDT 2025, 145 W
Fri Sep 26 13:50:43 IDT 2025, 174 W
Fri Sep 26 13:50:43 IDT 2025, 177 W
Fri Sep 26 13:50:43 IDT 2025, 210 W
Fri Sep 26 13:50:43 IDT 2025, 172 W
Fri Sep 26 13:50:43 IDT 2025, 176 W
Fri Sep 26 13:50:43 IDT 2025, 191 W
Fri Sep 26 13:50:43 IDT 2025, 181 W
Fri Sep 26 13:50:43 IDT 2025, 156 W
Fri Sep 26 13:50:44 IDT 2025, 168 W
Fri Sep 26 13:50:44 IDT 2025, 163 W
Fri Sep 26 13:50:44 IDT 2025, 210 W
Fri Sep 26 13:50:44 IDT 2025, 165 W
Fri Sep 26 13:50:44 IDT 2025, 163 W
Fri Sep 26 13:50:44 IDT 2025, 199 W
Fri Sep 26 13:50:44 IDT 2025, 182 W
Fri Sep 26 13:50:44 IDT 2025, 156 W
Fri Sep 26 13:50:45 IDT 2025, 170 W
Fri Sep 26 13:50:45 IDT 2025, 186 W
Fri Sep 26 13:50:45 IDT 2025, 211 W
Fri Sep 26 13:50:45 IDT 2025, 165 W
Fri Sep 26 13:50:45 IDT 2025, 184 W
Fri Sep 26 13:50:45 IDT 2025, 201 W
Fri Sep 26 13:50:45 IDT 2025, 184 W
Fri Sep 26 13:50:45 IDT 2025, 165 W
Fri Sep 26 13:50:46 IDT 2025, 175 W
Fri Sep 26 13:50:46 IDT 2025, 173 W
Fri Sep 26 13:50:46 IDT 2025, 207 W
Fri Sep 26 13:50:46 IDT 2025, 174 W
Fri Sep 26 13:50:46 IDT 2025, 181 W
Fri Sep 26 13:50:46 IDT 2025, 199 W
Fri Sep 26 13:50:46 IDT 2025, 182 W
Fri Sep 26 13:50:46 IDT 2025, 159 W
Fri Sep 26 13:50:47 IDT 2025, 177 W
Fri Sep 26 13:50:47 IDT 2025, 168 W
Fri Sep 26 13:50:47 IDT 2025, 198 W
Fri Sep 26 13:50:47 IDT 2025, 165 W
Fri Sep 26 13:50:47 IDT 2025, 173 W
Fri Sep 26 13:50:47 IDT 2025, 199 W
Fri Sep 26 13:50:47 IDT 2025, 178 W
Fri Sep 26 13:50:47 IDT 2025, 164 W
Fri Sep 26 13:50:48 IDT 2025, 164 W
Fri Sep 26 13:50:48 IDT 2025, 162 W
Fri Sep 26 13:50:48 IDT 2025, 194 W
Fri Sep 26 13:50:48 IDT 2025, 157 W
Fri Sep 26 13:50:48 IDT 2025, 147 W
Fri Sep 26 13:50:48 IDT 2025, 189 W
Fri Sep 26 13:50:48 IDT 2025, 162 W
Fri Sep 26 13:50:48 IDT 2025, 141 W
Fri Sep 26 13:50:49 IDT 2025, 172 W
Fri Sep 26 13:50:49 IDT 2025, 169 W
Fri Sep 26 13:50:49 IDT 2025, 204 W
Fri Sep 26 13:50:49 IDT 2025, 162 W
Fri Sep 26 13:50:49 IDT 2025, 167 W
Fri Sep 26 13:50:49 IDT 2025, 201 W
Fri Sep 26 13:50:49 IDT 2025, 172 W
Fri Sep 26 13:50:49 IDT 2025, 152 W
Fri Sep 26 13:50:50 IDT 2025, 169 W
Fri Sep 26 13:50:50 IDT 2025, 176 W
Fri Sep 26 13:50:50 IDT 2025, 203 W
Fri Sep 26 13:50:50 IDT 2025, 163 W
Fri Sep 26 13:50:50 IDT 2025, 168 W
Fri Sep 26 13:50:50 IDT 2025, 195 W
Fri Sep 26 13:50:50 IDT 2025, 171 W
Fri Sep 26 13:50:50 IDT 2025, 166 W
Fri Sep 26 13:50:51 IDT 2025, 172 W
Fri Sep 26 13:50:51 IDT 2025, 165 W
Fri Sep 26 13:50:51 IDT 2025, 202 W
Fri Sep 26 13:50:51 IDT 2025, 161 W
Fri Sep 26 13:50:51 IDT 2025, 157 W
Fri Sep 26 13:50:51 IDT 2025, 196 W
Fri Sep 26 13:50:51 IDT 2025, 175 W
Fri Sep 26 13:50:51 IDT 2025, 161 W
Fri Sep 26 13:50:52 IDT 2025, 153 W
Fri Sep 26 13:50:52 IDT 2025, 149 W
Fri Sep 26 13:50:52 IDT 2025, 185 W
Fri Sep 26 13:50:52 IDT 2025, 142 W
Fri Sep 26 13:50:52 IDT 2025, 148 W
Fri Sep 26 13:50:52 IDT 2025, 177 W
Fri Sep 26 13:50:52 IDT 2025, 160 W
Fri Sep 26 13:50:52 IDT 2025, 138 W
Fri Sep 26 13:50:53 IDT 2025, 180 W
Fri Sep 26 13:50:53 IDT 2025, 169 W
Fri Sep 26 13:50:53 IDT 2025, 205 W
Fri Sep 26 13:50:53 IDT 2025, 168 W
Fri Sep 26 13:50:53 IDT 2025, 170 W
Fri Sep 26 13:50:53 IDT 2025, 201 W
Fri Sep 26 13:50:53 IDT 2025, 179 W
Fri Sep 26 13:50:53 IDT 2025, 162 W
Fri Sep 26 13:50:54 IDT 2025, 165 W
Fri Sep 26 13:50:54 IDT 2025, 159 W
Fri Sep 26 13:50:54 IDT 2025, 195 W
Fri Sep 26 13:50:54 IDT 2025, 156 W
Fri Sep 26 13:50:54 IDT 2025, 165 W
Fri Sep 26 13:50:54 IDT 2025, 194 W
Fri Sep 26 13:50:54 IDT 2025, 173 W
Fri Sep 26 13:50:54 IDT 2025, 158 W
Fri Sep 26 13:50:55 IDT 2025, 160 W
Fri Sep 26 13:50:55 IDT 2025, 152 W
Fri Sep 26 13:50:55 IDT 2025, 189 W
Fri Sep 26 13:50:55 IDT 2025, 143 W
Fri Sep 26 13:50:55 IDT 2025, 150 W
Fri Sep 26 13:50:55 IDT 2025, 187 W
Fri Sep 26 13:50:55 IDT 2025, 158 W
Fri Sep 26 13:50:55 IDT 2025, 141 W
Fri Sep 26 13:50:56 IDT 2025, 176 W
Fri Sep 26 13:50:56 IDT 2025, 182 W
Fri Sep 26 13:50:56 IDT 2025, 206 W
Fri Sep 26 13:50:56 IDT 2025, 170 W
Fri Sep 26 13:50:56 IDT 2025, 183 W
Fri Sep 26 13:50:56 IDT 2025, 204 W
Fri Sep 26 13:50:56 IDT 2025, 189 W
Fri Sep 26 13:50:56 IDT 2025, 174 W
Fri Sep 26 13:50:57 IDT 2025, 179 W
Fri Sep 26 13:50:57 IDT 2025, 188 W
Fri Sep 26 13:50:57 IDT 2025, 211 W
Fri Sep 26 13:50:57 IDT 2025, 174 W
Fri Sep 26 13:50:57 IDT 2025, 183 W
Fri Sep 26 13:50:57 IDT 2025, 207 W
Fri Sep 26 13:50:57 IDT 2025, 185 W
Fri Sep 26 13:50:57 IDT 2025, 161 W
Fri Sep 26 13:50:58 IDT 2025, 165 W
Fri Sep 26 13:50:58 IDT 2025, 169 W
Fri Sep 26 13:50:58 IDT 2025, 193 W
Fri Sep 26 13:50:58 IDT 2025, 162 W
Fri Sep 26 13:50:58 IDT 2025, 160 W
Fri Sep 26 13:50:58 IDT 2025, 200 W
Fri Sep 26 13:50:58 IDT 2025, 168 W
Fri Sep 26 13:50:58 IDT 2025, 155 W
Fri Sep 26 13:50:59 IDT 2025, 165 W
Fri Sep 26 13:50:59 IDT 2025, 167 W
Fri Sep 26 13:50:59 IDT 2025, 194 W
Fri Sep 26 13:50:59 IDT 2025, 156 W
Fri Sep 26 13:50:59 IDT 2025, 167 W
Fri Sep 26 13:50:59 IDT 2025, 195 W
Fri Sep 26 13:50:59 IDT 2025, 178 W
Fri Sep 26 13:50:59 IDT 2025, 163 W
Fri Sep 26 13:51:00 IDT 2025, 169 W
Fri Sep 26 13:51:00 IDT 2025, 171 W
Fri Sep 26 13:51:00 IDT 2025, 201 W
Fri Sep 26 13:51:00 IDT 2025, 161 W
Fri Sep 26 13:51:00 IDT 2025, 173 W
Fri Sep 26 13:51:00 IDT 2025, 201 W
Fri Sep 26 13:51:00 IDT 2025, 182 W
Fri Sep 26 13:51:00 IDT 2025, 153 W
Fri Sep 26 13:51:01 IDT 2025, 176 W
Fri Sep 26 13:51:01 IDT 2025, 177 W
Fri Sep 26 13:51:01 IDT 2025, 210 W
Fri Sep 26 13:51:01 IDT 2025, 181 W
Fri Sep 26 13:51:01 IDT 2025, 178 W
Fri Sep 26 13:51:01 IDT 2025, 208 W
Fri Sep 26 13:51:01 IDT 2025, 183 W
Fri Sep 26 13:51:01 IDT 2025, 162 W
Fri Sep 26 13:51:02 IDT 2025, 174 W
Fri Sep 26 13:51:02 IDT 2025, 166 W
Fri Sep 26 13:51:02 IDT 2025, 204 W
Fri Sep 26 13:51:02 IDT 2025, 163 W
Fri Sep 26 13:51:02 IDT 2025, 169 W
Fri Sep 26 13:51:02 IDT 2025, 196 W
Fri Sep 26 13:51:02 IDT 2025, 170 W
Fri Sep 26 13:51:02 IDT 2025, 155 W
Fri Sep 26 13:51:03 IDT 2025, 193 W
Fri Sep 26 13:51:03 IDT 2025, 185 W
Fri Sep 26 13:51:03 IDT 2025, 220 W
Fri Sep 26 13:51:03 IDT 2025, 178 W
Fri Sep 26 13:51:03 IDT 2025, 182 W
Fri Sep 26 13:51:03 IDT 2025, 214 W
Fri Sep 26 13:51:03 IDT 2025, 188 W
Fri Sep 26 13:51:03 IDT 2025, 170 W
Fri Sep 26 13:51:04 IDT 2025, 179 W
Fri Sep 26 13:51:04 IDT 2025, 170 W
Fri Sep 26 13:51:04 IDT 2025, 205 W
Fri Sep 26 13:51:04 IDT 2025, 168 W
Fri Sep 26 13:51:04 IDT 2025, 162 W
Fri Sep 26 13:51:04 IDT 2025, 207 W
Fri Sep 26 13:51:04 IDT 2025, 181 W
Fri Sep 26 13:51:04 IDT 2025, 159 W
Fri Sep 26 13:51:05 IDT 2025, 186 W
Fri Sep 26 13:51:05 IDT 2025, 190 W
Fri Sep 26 13:51:05 IDT 2025, 215 W
Fri Sep 26 13:51:05 IDT 2025, 175 W
Fri Sep 26 13:51:05 IDT 2025, 181 W
Fri Sep 26 13:51:05 IDT 2025, 206 W
Fri Sep 26 13:51:05 IDT 2025, 195 W
Fri Sep 26 13:51:05 IDT 2025, 167 W
Fri Sep 26 13:51:06 IDT 2025, 176 W
Fri Sep 26 13:51:06 IDT 2025, 170 W
Fri Sep 26 13:51:06 IDT 2025, 203 W
Fri Sep 26 13:51:06 IDT 2025, 169 W
Fri Sep 26 13:51:06 IDT 2025, 169 W
Fri Sep 26 13:51:06 IDT 2025, 200 W
Fri Sep 26 13:51:06 IDT 2025, 171 W
Fri Sep 26 13:51:06 IDT 2025, 159 W
Fri Sep 26 13:51:07 IDT 2025, 187 W
Fri Sep 26 13:51:07 IDT 2025, 185 W
Fri Sep 26 13:51:07 IDT 2025, 210 W
Fri Sep 26 13:51:07 IDT 2025, 175 W
Fri Sep 26 13:51:07 IDT 2025, 179 W
Fri Sep 26 13:51:07 IDT 2025, 222 W
Fri Sep 26 13:51:07 IDT 2025, 188 W
Fri Sep 26 13:51:07 IDT 2025, 172 W
Fri Sep 26 13:51:08 IDT 2025, 175 W
Fri Sep 26 13:51:08 IDT 2025, 178 W
Fri Sep 26 13:51:08 IDT 2025, 204 W
Fri Sep 26 13:51:08 IDT 2025, 158 W
Fri Sep 26 13:51:08 IDT 2025, 175 W
Fri Sep 26 13:51:08 IDT 2025, 204 W
Fri Sep 26 13:51:08 IDT 2025, 189 W
Fri Sep 26 13:51:08 IDT 2025, 157 W
Fri Sep 26 13:51:09 IDT 2025, 159 W
Fri Sep 26 13:51:09 IDT 2025, 164 W
Fri Sep 26 13:51:09 IDT 2025, 187 W
Fri Sep 26 13:51:09 IDT 2025, 152 W
Fri Sep 26 13:51:09 IDT 2025, 160 W
Fri Sep 26 13:51:09 IDT 2025, 185 W
Fri Sep 26 13:51:09 IDT 2025, 165 W
Fri Sep 26 13:51:09 IDT 2025, 150 W
Fri Sep 26 13:51:10 IDT 2025, 189 W
Fri Sep 26 13:51:10 IDT 2025, 190 W
Fri Sep 26 13:51:10 IDT 2025, 221 W
Fri Sep 26 13:51:10 IDT 2025, 187 W
Fri Sep 26 13:51:10 IDT 2025, 200 W
Fri Sep 26 13:51:10 IDT 2025, 216 W
Fri Sep 26 13:51:10 IDT 2025, 201 W
Fri Sep 26 13:51:10 IDT 2025, 181 W
Fri Sep 26 13:51:11 IDT 2025, 177 W
Fri Sep 26 13:51:11 IDT 2025, 176 W
Fri Sep 26 13:51:11 IDT 2025, 213 W
Fri Sep 26 13:51:11 IDT 2025, 173 W
Fri Sep 26 13:51:11 IDT 2025, 172 W
Fri Sep 26 13:51:11 IDT 2025, 214 W
Fri Sep 26 13:51:11 IDT 2025, 182 W
Fri Sep 26 13:51:11 IDT 2025, 163 W
Fri Sep 26 13:51:12 IDT 2025, 179 W
Fri Sep 26 13:51:12 IDT 2025, 182 W
Fri Sep 26 13:51:12 IDT 2025, 216 W
Fri Sep 26 13:51:12 IDT 2025, 159 W
Fri Sep 26 13:51:12 IDT 2025, 173 W
Fri Sep 26 13:51:12 IDT 2025, 211 W
Fri Sep 26 13:51:12 IDT 2025, 174 W
Fri Sep 26 13:51:12 IDT 2025, 165 W
Fri Sep 26 13:51:13 IDT 2025, 179 W
Fri Sep 26 13:51:13 IDT 2025, 177 W
Fri Sep 26 13:51:13 IDT 2025, 200 W
Fri Sep 26 13:51:13 IDT 2025, 174 W
Fri Sep 26 13:51:13 IDT 2025, 181 W
Fri Sep 26 13:51:13 IDT 2025, 217 W
Fri Sep 26 13:51:13 IDT 2025, 190 W
Fri Sep 26 13:51:13 IDT 2025, 167 W
Fri Sep 26 13:51:14 IDT 2025, 176 W
Fri Sep 26 13:51:14 IDT 2025, 171 W
Fri Sep 26 13:51:14 IDT 2025, 202 W
Fri Sep 26 13:51:14 IDT 2025, 163 W
Fri Sep 26 13:51:14 IDT 2025, 174 W
Fri Sep 26 13:51:14 IDT 2025, 205 W
Fri Sep 26 13:51:14 IDT 2025, 182 W
Fri Sep 26 13:51:14 IDT 2025, 163 W
Fri Sep 26 13:51:15 IDT 2025, 177 W
Fri Sep 26 13:51:15 IDT 2025, 185 W
Fri Sep 26 13:51:15 IDT 2025, 211 W
Fri Sep 26 13:51:15 IDT 2025, 176 W
Fri Sep 26 13:51:15 IDT 2025, 181 W
Fri Sep 26 13:51:15 IDT 2025, 212 W
Fri Sep 26 13:51:15 IDT 2025, 186 W
Fri Sep 26 13:51:15 IDT 2025, 160 W
Fri Sep 26 13:51:16 IDT 2025, 188 W
Fri Sep 26 13:51:16 IDT 2025, 186 W
Fri Sep 26 13:51:16 IDT 2025, 210 W
Fri Sep 26 13:51:16 IDT 2025, 174 W
Fri Sep 26 13:51:16 IDT 2025, 181 W
Fri Sep 26 13:51:16 IDT 2025, 214 W
Fri Sep 26 13:51:16 IDT 2025, 191 W
Fri Sep 26 13:51:16 IDT 2025, 161 W
Fri Sep 26 13:51:17 IDT 2025, 181 W
Fri Sep 26 13:51:17 IDT 2025, 181 W
Fri Sep 26 13:51:17 IDT 2025, 217 W
Fri Sep 26 13:51:17 IDT 2025, 177 W
Fri Sep 26 13:51:17 IDT 2025, 178 W
Fri Sep 26 13:51:17 IDT 2025, 207 W
Fri Sep 26 13:51:17 IDT 2025, 184 W
Fri Sep 26 13:51:17 IDT 2025, 169 W
Fri Sep 26 13:51:18 IDT 2025, 177 W
Fri Sep 26 13:51:18 IDT 2025, 175 W
Fri Sep 26 13:51:18 IDT 2025, 208 W
Fri Sep 26 13:51:18 IDT 2025, 168 W
Fri Sep 26 13:51:18 IDT 2025, 174 W
Fri Sep 26 13:51:18 IDT 2025, 205 W
Fri Sep 26 13:51:18 IDT 2025, 177 W
Fri Sep 26 13:51:18 IDT 2025, 163 W
Fri Sep 26 13:51:19 IDT 2025, 176 W
Fri Sep 26 13:51:19 IDT 2025, 188 W
Fri Sep 26 13:51:19 IDT 2025, 214 W
Fri Sep 26 13:51:19 IDT 2025, 159 W
Fri Sep 26 13:51:19 IDT 2025, 176 W
Fri Sep 26 13:51:19 IDT 2025, 206 W
Fri Sep 26 13:51:19 IDT 2025, 182 W
Fri Sep 26 13:51:19 IDT 2025, 166 W
Fri Sep 26 13:51:20 IDT 2025, 164 W
Fri Sep 26 13:51:20 IDT 2025, 181 W
Fri Sep 26 13:51:20 IDT 2025, 207 W
Fri Sep 26 13:51:20 IDT 2025, 172 W
Fri Sep 26 13:51:20 IDT 2025, 174 W
Fri Sep 26 13:51:20 IDT 2025, 210 W
Fri Sep 26 13:51:20 IDT 2025, 178 W
Fri Sep 26 13:51:20 IDT 2025, 165 W
Fri Sep 26 13:51:21 IDT 2025, 181 W
Fri Sep 26 13:51:21 IDT 2025, 168 W
Fri Sep 26 13:51:21 IDT 2025, 207 W
Fri Sep 26 13:51:21 IDT 2025, 168 W
Fri Sep 26 13:51:21 IDT 2025, 174 W
Fri Sep 26 13:51:21 IDT 2025, 212 W
Fri Sep 26 13:51:21 IDT 2025, 181 W
Fri Sep 26 13:51:21 IDT 2025, 154 W
Fri Sep 26 13:51:22 IDT 2025, 177 W
Fri Sep 26 13:51:22 IDT 2025, 188 W
Fri Sep 26 13:51:22 IDT 2025, 220 W
Fri Sep 26 13:51:22 IDT 2025, 179 W
Fri Sep 26 13:51:22 IDT 2025, 178 W
Fri Sep 26 13:51:22 IDT 2025, 205 W
Fri Sep 26 13:51:22 IDT 2025, 180 W
Fri Sep 26 13:51:22 IDT 2025, 167 W
Fri Sep 26 13:51:23 IDT 2025, 174 W
Fri Sep 26 13:51:23 IDT 2025, 177 W
Fri Sep 26 13:51:23 IDT 2025, 209 W
Fri Sep 26 13:51:23 IDT 2025, 165 W
Fri Sep 26 13:51:23 IDT 2025, 174 W
Fri Sep 26 13:51:23 IDT 2025, 198 W
Fri Sep 26 13:51:23 IDT 2025, 178 W
Fri Sep 26 13:51:23 IDT 2025, 162 W
Fri Sep 26 13:51:24 IDT 2025, 176 W
Fri Sep 26 13:51:24 IDT 2025, 182 W
Fri Sep 26 13:51:24 IDT 2025, 213 W
Fri Sep 26 13:51:24 IDT 2025, 183 W
Fri Sep 26 13:51:24 IDT 2025, 182 W
Fri Sep 26 13:51:24 IDT 2025, 211 W
Fri Sep 26 13:51:24 IDT 2025, 187 W
Fri Sep 26 13:51:24 IDT 2025, 174 W
Fri Sep 26 13:51:25 IDT 2025, 165 W
Fri Sep 26 13:51:25 IDT 2025, 163 W
Fri Sep 26 13:51:25 IDT 2025, 200 W
Fri Sep 26 13:51:25 IDT 2025, 169 W
Fri Sep 26 13:51:25 IDT 2025, 161 W
Fri Sep 26 13:51:25 IDT 2025, 196 W
Fri Sep 26 13:51:25 IDT 2025, 170 W
Fri Sep 26 13:51:25 IDT 2025, 162 W
Fri Sep 26 13:51:26 IDT 2025, 179 W
Fri Sep 26 13:51:26 IDT 2025, 185 W
Fri Sep 26 13:51:26 IDT 2025, 213 W
Fri Sep 26 13:51:26 IDT 2025, 173 W
Fri Sep 26 13:51:26 IDT 2025, 186 W
Fri Sep 26 13:51:26 IDT 2025, 208 W
Fri Sep 26 13:51:26 IDT 2025, 186 W
Fri Sep 26 13:51:26 IDT 2025, 176 W
Fri Sep 26 13:51:27 IDT 2025, 173 W
Fri Sep 26 13:51:27 IDT 2025, 182 W
Fri Sep 26 13:51:27 IDT 2025, 210 W
Fri Sep 26 13:51:27 IDT 2025, 177 W
Fri Sep 26 13:51:27 IDT 2025, 180 W
Fri Sep 26 13:51:27 IDT 2025, 208 W
Fri Sep 26 13:51:27 IDT 2025, 187 W
Fri Sep 26 13:51:27 IDT 2025, 169 W
Fri Sep 26 13:51:28 IDT 2025, 178 W
Fri Sep 26 13:51:28 IDT 2025, 184 W
Fri Sep 26 13:51:28 IDT 2025, 209 W
Fri Sep 26 13:51:28 IDT 2025, 177 W
Fri Sep 26 13:51:28 IDT 2025, 185 W
Fri Sep 26 13:51:28 IDT 2025, 208 W
Fri Sep 26 13:51:28 IDT 2025, 191 W
Fri Sep 26 13:51:28 IDT 2025, 167 W
Fri Sep 26 13:51:29 IDT 2025, 175 W
Fri Sep 26 13:51:29 IDT 2025, 172 W
Fri Sep 26 13:51:29 IDT 2025, 198 W
Fri Sep 26 13:51:29 IDT 2025, 162 W
Fri Sep 26 13:51:29 IDT 2025, 174 W
Fri Sep 26 13:51:29 IDT 2025, 205 W
Fri Sep 26 13:51:29 IDT 2025, 179 W
Fri Sep 26 13:51:29 IDT 2025, 160 W
Fri Sep 26 13:51:30 IDT 2025, 181 W
Fri Sep 26 13:51:30 IDT 2025, 191 W
Fri Sep 26 13:51:30 IDT 2025, 217 W
Fri Sep 26 13:51:30 IDT 2025, 183 W
Fri Sep 26 13:51:30 IDT 2025, 181 W
Fri Sep 26 13:51:30 IDT 2025, 213 W
Fri Sep 26 13:51:30 IDT 2025, 196 W
Fri Sep 26 13:51:30 IDT 2025, 167 W
Fri Sep 26 13:51:31 IDT 2025, 173 W
Fri Sep 26 13:51:31 IDT 2025, 176 W
Fri Sep 26 13:51:31 IDT 2025, 206 W
Fri Sep 26 13:51:31 IDT 2025, 169 W
Fri Sep 26 13:51:31 IDT 2025, 176 W
Fri Sep 26 13:51:31 IDT 2025, 200 W
Fri Sep 26 13:51:31 IDT 2025, 187 W
Fri Sep 26 13:51:31 IDT 2025, 159 W
Fri Sep 26 13:51:32 IDT 2025, 180 W
Fri Sep 26 13:51:32 IDT 2025, 178 W
Fri Sep 26 13:51:32 IDT 2025, 217 W
Fri Sep 26 13:51:32 IDT 2025, 175 W
Fri Sep 26 13:51:32 IDT 2025, 183 W
Fri Sep 26 13:51:32 IDT 2025, 213 W
Fri Sep 26 13:51:32 IDT 2025, 187 W
Fri Sep 26 13:51:32 IDT 2025, 168 W
Fri Sep 26 13:51:33 IDT 2025, 173 W
Fri Sep 26 13:51:33 IDT 2025, 167 W
Fri Sep 26 13:51:33 IDT 2025, 193 W
Fri Sep 26 13:51:33 IDT 2025, 158 W
Fri Sep 26 13:51:33 IDT 2025, 158 W
Fri Sep 26 13:51:33 IDT 2025, 208 W
Fri Sep 26 13:51:33 IDT 2025, 172 W
Fri Sep 26 13:51:33 IDT 2025, 152 W
Fri Sep 26 13:51:34 IDT 2025, 172 W
Fri Sep 26 13:51:34 IDT 2025, 170 W
Fri Sep 26 13:51:34 IDT 2025, 201 W
Fri Sep 26 13:51:34 IDT 2025, 165 W
Fri Sep 26 13:51:34 IDT 2025, 164 W
Fri Sep 26 13:51:34 IDT 2025, 209 W
Fri Sep 26 13:51:34 IDT 2025, 175 W
Fri Sep 26 13:51:34 IDT 2025, 157 W
Fri Sep 26 13:51:35 IDT 2025, 174 W
Fri Sep 26 13:51:35 IDT 2025, 167 W
Fri Sep 26 13:51:35 IDT 2025, 204 W
Fri Sep 26 13:51:35 IDT 2025, 169 W
Fri Sep 26 13:51:35 IDT 2025, 163 W
Fri Sep 26 13:51:35 IDT 2025, 203 W
Fri Sep 26 13:51:35 IDT 2025, 178 W
Fri Sep 26 13:51:35 IDT 2025, 155 W
Fri Sep 26 13:51:36 IDT 2025, 165 W
Fri Sep 26 13:51:36 IDT 2025, 154 W
Fri Sep 26 13:51:36 IDT 2025, 192 W
Fri Sep 26 13:51:36 IDT 2025, 153 W
Fri Sep 26 13:51:36 IDT 2025, 149 W
Fri Sep 26 13:51:36 IDT 2025, 191 W
Fri Sep 26 13:51:36 IDT 2025, 164 W
Fri Sep 26 13:51:36 IDT 2025, 146 W
Fri Sep 26 13:51:37 IDT 2025, 175 W
Fri Sep 26 13:51:37 IDT 2025, 180 W
Fri Sep 26 13:51:37 IDT 2025, 205 W
Fri Sep 26 13:51:37 IDT 2025, 176 W
Fri Sep 26 13:51:37 IDT 2025, 182 W
Fri Sep 26 13:51:37 IDT 2025, 204 W
Fri Sep 26 13:51:37 IDT 2025, 196 W
Fri Sep 26 13:51:37 IDT 2025, 173 W
Fri Sep 26 13:51:38 IDT 2025, 159 W
Fri Sep 26 13:51:38 IDT 2025, 169 W
Fri Sep 26 13:51:38 IDT 2025, 196 W
Fri Sep 26 13:51:38 IDT 2025, 154 W
Fri Sep 26 13:51:38 IDT 2025, 163 W
Fri Sep 26 13:51:38 IDT 2025, 198 W
Fri Sep 26 13:51:38 IDT 2025, 164 W
Fri Sep 26 13:51:38 IDT 2025, 151 W
Fri Sep 26 13:51:39 IDT 2025, 174 W
Fri Sep 26 13:51:39 IDT 2025, 173 W
Fri Sep 26 13:51:39 IDT 2025, 213 W
Fri Sep 26 13:51:39 IDT 2025, 172 W
Fri Sep 26 13:51:39 IDT 2025, 187 W
Fri Sep 26 13:51:39 IDT 2025, 202 W
Fri Sep 26 13:51:39 IDT 2025, 185 W
Fri Sep 26 13:51:39 IDT 2025, 169 W
Fri Sep 26 13:51:40 IDT 2025, 185 W
Fri Sep 26 13:51:40 IDT 2025, 185 W
Fri Sep 26 13:51:40 IDT 2025, 218 W
Fri Sep 26 13:51:40 IDT 2025, 168 W
Fri Sep 26 13:51:40 IDT 2025, 183 W
Fri Sep 26 13:51:40 IDT 2025, 210 W
Fri Sep 26 13:51:40 IDT 2025, 188 W
Fri Sep 26 13:51:40 IDT 2025, 169 W
Fri Sep 26 13:51:41 IDT 2025, 192 W
Fri Sep 26 13:51:41 IDT 2025, 182 W
Fri Sep 26 13:51:41 IDT 2025, 204 W
Fri Sep 26 13:51:41 IDT 2025, 173 W
Fri Sep 26 13:51:41 IDT 2025, 184 W
Fri Sep 26 13:51:41 IDT 2025, 212 W
Fri Sep 26 13:51:41 IDT 2025, 194 W
Fri Sep 26 13:51:41 IDT 2025, 175 W
Fri Sep 26 13:51:42 IDT 2025, 178 W
Fri Sep 26 13:51:42 IDT 2025, 183 W
Fri Sep 26 13:51:42 IDT 2025, 221 W
Fri Sep 26 13:51:42 IDT 2025, 174 W
Fri Sep 26 13:51:42 IDT 2025, 184 W
Fri Sep 26 13:51:42 IDT 2025, 210 W
Fri Sep 26 13:51:42 IDT 2025, 181 W
Fri Sep 26 13:51:42 IDT 2025, 161 W
Fri Sep 26 13:51:43 IDT 2025, 159 W
Fri Sep 26 13:51:43 IDT 2025, 171 W
Fri Sep 26 13:51:43 IDT 2025, 194 W
Fri Sep 26 13:51:43 IDT 2025, 161 W
Fri Sep 26 13:51:43 IDT 2025, 166 W
Fri Sep 26 13:51:43 IDT 2025, 197 W
Fri Sep 26 13:51:43 IDT 2025, 172 W
Fri Sep 26 13:51:43 IDT 2025, 150 W
Fri Sep 26 13:51:44 IDT 2025, 182 W
Fri Sep 26 13:51:44 IDT 2025, 177 W
Fri Sep 26 13:51:44 IDT 2025, 214 W
Fri Sep 26 13:51:44 IDT 2025, 170 W
Fri Sep 26 13:51:44 IDT 2025, 166 W
Fri Sep 26 13:51:44 IDT 2025, 202 W
Fri Sep 26 13:51:44 IDT 2025, 187 W
Fri Sep 26 13:51:44 IDT 2025, 162 W
Fri Sep 26 13:51:45 IDT 2025, 169 W
Fri Sep 26 13:51:45 IDT 2025, 167 W
Fri Sep 26 13:51:45 IDT 2025, 194 W
Fri Sep 26 13:51:45 IDT 2025, 167 W
Fri Sep 26 13:51:45 IDT 2025, 165 W
Fri Sep 26 13:51:45 IDT 2025, 207 W
Fri Sep 26 13:51:45 IDT 2025, 166 W
Fri Sep 26 13:51:45 IDT 2025, 159 W
Fri Sep 26 13:51:46 IDT 2025, 174 W
Fri Sep 26 13:51:46 IDT 2025, 177 W
Fri Sep 26 13:51:46 IDT 2025, 205 W
Fri Sep 26 13:51:46 IDT 2025, 169 W
Fri Sep 26 13:51:46 IDT 2025, 174 W
Fri Sep 26 13:51:46 IDT 2025, 213 W
Fri Sep 26 13:51:46 IDT 2025, 173 W
Fri Sep 26 13:51:46 IDT 2025, 158 W
Fri Sep 26 13:51:47 IDT 2025, 184 W
Fri Sep 26 13:51:47 IDT 2025, 178 W
Fri Sep 26 13:51:47 IDT 2025, 215 W
Fri Sep 26 13:51:47 IDT 2025, 174 W
Fri Sep 26 13:51:47 IDT 2025, 179 W
Fri Sep 26 13:51:47 IDT 2025, 211 W
Fri Sep 26 13:51:47 IDT 2025, 196 W
Fri Sep 26 13:51:47 IDT 2025, 168 W
Fri Sep 26 13:51:48 IDT 2025, 176 W
Fri Sep 26 13:51:48 IDT 2025, 186 W
Fri Sep 26 13:51:48 IDT 2025, 214 W
Fri Sep 26 13:51:48 IDT 2025, 163 W
Fri Sep 26 13:51:48 IDT 2025, 185 W
Fri Sep 26 13:51:48 IDT 2025, 212 W
Fri Sep 26 13:51:48 IDT 2025, 189 W
Fri Sep 26 13:51:48 IDT 2025, 168 W
Fri Sep 26 13:51:49 IDT 2025, 175 W
Fri Sep 26 13:51:49 IDT 2025, 167 W
Fri Sep 26 13:51:49 IDT 2025, 198 W
Fri Sep 26 13:51:49 IDT 2025, 166 W
Fri Sep 26 13:51:49 IDT 2025, 175 W
Fri Sep 26 13:51:49 IDT 2025, 203 W
Fri Sep 26 13:51:49 IDT 2025, 175 W
Fri Sep 26 13:51:49 IDT 2025, 159 W
Fri Sep 26 13:51:50 IDT 2025, 189 W
Fri Sep 26 13:51:50 IDT 2025, 179 W
Fri Sep 26 13:51:50 IDT 2025, 215 W
Fri Sep 26 13:51:50 IDT 2025, 175 W
Fri Sep 26 13:51:50 IDT 2025, 181 W
Fri Sep 26 13:51:50 IDT 2025, 213 W
Fri Sep 26 13:51:50 IDT 2025, 188 W
Fri Sep 26 13:51:50 IDT 2025, 166 W
Fri Sep 26 13:51:51 IDT 2025, 183 W
Fri Sep 26 13:51:51 IDT 2025, 188 W
Fri Sep 26 13:51:51 IDT 2025, 211 W
Fri Sep 26 13:51:51 IDT 2025, 179 W
Fri Sep 26 13:51:51 IDT 2025, 183 W
Fri Sep 26 13:51:51 IDT 2025, 211 W
Fri Sep 26 13:51:51 IDT 2025, 189 W
Fri Sep 26 13:51:51 IDT 2025, 165 W
Fri Sep 26 13:51:52 IDT 2025, 171 W
Fri Sep 26 13:51:52 IDT 2025, 174 W
Fri Sep 26 13:51:52 IDT 2025, 198 W
Fri Sep 26 13:51:52 IDT 2025, 170 W
Fri Sep 26 13:51:52 IDT 2025, 179 W
Fri Sep 26 13:51:52 IDT 2025, 199 W
Fri Sep 26 13:51:52 IDT 2025, 183 W
Fri Sep 26 13:51:52 IDT 2025, 163 W
Fri Sep 26 13:51:53 IDT 2025, 171 W
Fri Sep 26 13:51:53 IDT 2025, 184 W
Fri Sep 26 13:51:53 IDT 2025, 214 W
Fri Sep 26 13:51:53 IDT 2025, 174 W
Fri Sep 26 13:51:53 IDT 2025, 178 W
Fri Sep 26 13:51:53 IDT 2025, 205 W
Fri Sep 26 13:51:53 IDT 2025, 186 W
Fri Sep 26 13:51:53 IDT 2025, 167 W
Fri Sep 26 13:51:54 IDT 2025, 172 W
Fri Sep 26 13:51:54 IDT 2025, 182 W
Fri Sep 26 13:51:54 IDT 2025, 215 W
Fri Sep 26 13:51:54 IDT 2025, 182 W
Fri Sep 26 13:51:54 IDT 2025, 183 W
Fri Sep 26 13:51:54 IDT 2025, 218 W
Fri Sep 26 13:51:54 IDT 2025, 195 W
Fri Sep 26 13:51:54 IDT 2025, 165 W
Fri Sep 26 13:51:55 IDT 2025, 180 W
Fri Sep 26 13:51:55 IDT 2025, 180 W
Fri Sep 26 13:51:55 IDT 2025, 211 W
Fri Sep 26 13:51:55 IDT 2025, 177 W
Fri Sep 26 13:51:55 IDT 2025, 185 W
Fri Sep 26 13:51:55 IDT 2025, 210 W
Fri Sep 26 13:51:55 IDT 2025, 183 W
Fri Sep 26 13:51:55 IDT 2025, 176 W
Fri Sep 26 13:51:56 IDT 2025, 180 W
Fri Sep 26 13:51:56 IDT 2025, 188 W
Fri Sep 26 13:51:56 IDT 2025, 206 W
Fri Sep 26 13:51:56 IDT 2025, 171 W
Fri Sep 26 13:51:56 IDT 2025, 182 W
Fri Sep 26 13:51:56 IDT 2025, 207 W
Fri Sep 26 13:51:56 IDT 2025, 186 W
Fri Sep 26 13:51:56 IDT 2025, 176 W
Fri Sep 26 13:51:57 IDT 2025, 176 W
Fri Sep 26 13:51:57 IDT 2025, 184 W
Fri Sep 26 13:51:57 IDT 2025, 209 W
Fri Sep 26 13:51:57 IDT 2025, 172 W
Fri Sep 26 13:51:57 IDT 2025, 178 W
Fri Sep 26 13:51:57 IDT 2025, 203 W
Fri Sep 26 13:51:57 IDT 2025, 181 W
Fri Sep 26 13:51:57 IDT 2025, 166 W
Fri Sep 26 13:51:58 IDT 2025, 184 W
Fri Sep 26 13:51:58 IDT 2025, 179 W
Fri Sep 26 13:51:58 IDT 2025, 202 W
Fri Sep 26 13:51:58 IDT 2025, 178 W
Fri Sep 26 13:51:58 IDT 2025, 178 W
Fri Sep 26 13:51:58 IDT 2025, 206 W
Fri Sep 26 13:51:58 IDT 2025, 194 W
Fri Sep 26 13:51:58 IDT 2025, 170 W
Fri Sep 26 13:51:59 IDT 2025, 178 W
Fri Sep 26 13:51:59 IDT 2025, 177 W
Fri Sep 26 13:51:59 IDT 2025, 209 W
Fri Sep 26 13:51:59 IDT 2025, 173 W
Fri Sep 26 13:51:59 IDT 2025, 170 W
Fri Sep 26 13:51:59 IDT 2025, 217 W
Fri Sep 26 13:51:59 IDT 2025, 183 W
Fri Sep 26 13:51:59 IDT 2025, 169 W
Fri Sep 26 13:52:00 IDT 2025, 177 W
Fri Sep 26 13:52:00 IDT 2025, 163 W
Fri Sep 26 13:52:00 IDT 2025, 197 W
Fri Sep 26 13:52:00 IDT 2025, 155 W
Fri Sep 26 13:52:00 IDT 2025, 164 W
Fri Sep 26 13:52:00 IDT 2025, 193 W
Fri Sep 26 13:52:00 IDT 2025, 170 W
Fri Sep 26 13:52:00 IDT 2025, 152 W
Fri Sep 26 13:52:01 IDT 2025, 165 W
Fri Sep 26 13:52:01 IDT 2025, 170 W
Fri Sep 26 13:52:01 IDT 2025, 200 W
Fri Sep 26 13:52:01 IDT 2025, 162 W
Fri Sep 26 13:52:01 IDT 2025, 169 W
Fri Sep 26 13:52:01 IDT 2025, 196 W
Fri Sep 26 13:52:01 IDT 2025, 173 W
Fri Sep 26 13:52:01 IDT 2025, 156 W
Fri Sep 26 13:52:02 IDT 2025, 170 W
Fri Sep 26 13:52:02 IDT 2025, 175 W
Fri Sep 26 13:52:02 IDT 2025, 216 W
Fri Sep 26 13:52:02 IDT 2025, 168 W
Fri Sep 26 13:52:02 IDT 2025, 175 W
Fri Sep 26 13:52:02 IDT 2025, 208 W
Fri Sep 26 13:52:02 IDT 2025, 182 W
Fri Sep 26 13:52:02 IDT 2025, 162 W
Fri Sep 26 13:52:03 IDT 2025, 182 W
Fri Sep 26 13:52:03 IDT 2025, 172 W
Fri Sep 26 13:52:03 IDT 2025, 212 W
Fri Sep 26 13:52:03 IDT 2025, 171 W
Fri Sep 26 13:52:03 IDT 2025, 182 W
Fri Sep 26 13:52:03 IDT 2025, 210 W
Fri Sep 26 13:52:03 IDT 2025, 185 W
Fri Sep 26 13:52:03 IDT 2025, 169 W
Fri Sep 26 13:52:04 IDT 2025, 180 W
Fri Sep 26 13:52:04 IDT 2025, 167 W
Fri Sep 26 13:52:04 IDT 2025, 214 W
Fri Sep 26 13:52:04 IDT 2025, 165 W
Fri Sep 26 13:52:04 IDT 2025, 177 W
Fri Sep 26 13:52:04 IDT 2025, 209 W
Fri Sep 26 13:52:04 IDT 2025, 183 W
Fri Sep 26 13:52:04 IDT 2025, 166 W
Fri Sep 26 13:52:05 IDT 2025, 175 W
Fri Sep 26 13:52:05 IDT 2025, 172 W
Fri Sep 26 13:52:05 IDT 2025, 210 W
Fri Sep 26 13:52:05 IDT 2025, 171 W
Fri Sep 26 13:52:05 IDT 2025, 175 W
Fri Sep 26 13:52:05 IDT 2025, 201 W
Fri Sep 26 13:52:05 IDT 2025, 181 W
Fri Sep 26 13:52:05 IDT 2025, 164 W
Fri Sep 26 13:52:06 IDT 2025, 186 W
Fri Sep 26 13:52:06 IDT 2025, 174 W
Fri Sep 26 13:52:06 IDT 2025, 207 W
Fri Sep 26 13:52:06 IDT 2025, 177 W
Fri Sep 26 13:52:06 IDT 2025, 179 W
Fri Sep 26 13:52:06 IDT 2025, 204 W
Fri Sep 26 13:52:06 IDT 2025, 189 W
Fri Sep 26 13:52:06 IDT 2025, 171 W
Fri Sep 26 13:52:07 IDT 2025, 183 W
Fri Sep 26 13:52:07 IDT 2025, 172 W
Fri Sep 26 13:52:07 IDT 2025, 212 W
Fri Sep 26 13:52:07 IDT 2025, 180 W
Fri Sep 26 13:52:07 IDT 2025, 190 W
Fri Sep 26 13:52:07 IDT 2025, 207 W
Fri Sep 26 13:52:07 IDT 2025, 185 W
Fri Sep 26 13:52:07 IDT 2025, 166 W
Fri Sep 26 13:52:08 IDT 2025, 187 W
Fri Sep 26 13:52:08 IDT 2025, 174 W
Fri Sep 26 13:52:08 IDT 2025, 211 W
Fri Sep 26 13:52:08 IDT 2025, 177 W
Fri Sep 26 13:52:08 IDT 2025, 190 W
Fri Sep 26 13:52:08 IDT 2025, 214 W
Fri Sep 26 13:52:08 IDT 2025, 179 W
Fri Sep 26 13:52:08 IDT 2025, 168 W
Fri Sep 26 13:52:09 IDT 2025, 186 W
Fri Sep 26 13:52:09 IDT 2025, 175 W
Fri Sep 26 13:52:09 IDT 2025, 222 W
Fri Sep 26 13:52:09 IDT 2025, 172 W
Fri Sep 26 13:52:09 IDT 2025, 182 W
Fri Sep 26 13:52:09 IDT 2025, 211 W
Fri Sep 26 13:52:09 IDT 2025, 182 W
Fri Sep 26 13:52:09 IDT 2025, 169 W
Fri Sep 26 13:52:10 IDT 2025, 176 W
Fri Sep 26 13:52:10 IDT 2025, 170 W
Fri Sep 26 13:52:10 IDT 2025, 216 W
Fri Sep 26 13:52:10 IDT 2025, 173 W
Fri Sep 26 13:52:10 IDT 2025, 177 W
Fri Sep 26 13:52:10 IDT 2025, 201 W
Fri Sep 26 13:52:10 IDT 2025, 183 W
Fri Sep 26 13:52:10 IDT 2025, 167 W
Fri Sep 26 13:52:11 IDT 2025, 181 W
Fri Sep 26 13:52:11 IDT 2025, 172 W
Fri Sep 26 13:52:11 IDT 2025, 211 W
Fri Sep 26 13:52:11 IDT 2025, 164 W
Fri Sep 26 13:52:11 IDT 2025, 182 W
Fri Sep 26 13:52:11 IDT 2025, 207 W
Fri Sep 26 13:52:11 IDT 2025, 184 W
Fri Sep 26 13:52:11 IDT 2025, 160 W
Fri Sep 26 13:52:12 IDT 2025, 180 W
Fri Sep 26 13:52:12 IDT 2025, 177 W
Fri Sep 26 13:52:12 IDT 2025, 222 W
Fri Sep 26 13:52:12 IDT 2025, 169 W
Fri Sep 26 13:52:12 IDT 2025, 181 W
Fri Sep 26 13:52:12 IDT 2025, 206 W
Fri Sep 26 13:52:12 IDT 2025, 184 W
Fri Sep 26 13:52:12 IDT 2025, 164 W
Fri Sep 26 13:52:13 IDT 2025, 178 W
Fri Sep 26 13:52:13 IDT 2025, 176 W
Fri Sep 26 13:52:13 IDT 2025, 213 W
Fri Sep 26 13:52:13 IDT 2025, 177 W
Fri Sep 26 13:52:13 IDT 2025, 186 W
Fri Sep 26 13:52:13 IDT 2025, 218 W
Fri Sep 26 13:52:13 IDT 2025, 182 W
Fri Sep 26 13:52:13 IDT 2025, 166 W
Fri Sep 26 13:52:14 IDT 2025, 181 W
Fri Sep 26 13:52:14 IDT 2025, 176 W
Fri Sep 26 13:52:14 IDT 2025, 213 W
Fri Sep 26 13:52:14 IDT 2025, 175 W
Fri Sep 26 13:52:14 IDT 2025, 185 W
Fri Sep 26 13:52:14 IDT 2025, 207 W
Fri Sep 26 13:52:14 IDT 2025, 192 W
Fri Sep 26 13:52:14 IDT 2025, 167 W
Fri Sep 26 13:52:15 IDT 2025, 179 W
Fri Sep 26 13:52:15 IDT 2025, 177 W
Fri Sep 26 13:52:15 IDT 2025, 206 W
Fri Sep 26 13:52:15 IDT 2025, 173 W
Fri Sep 26 13:52:15 IDT 2025, 175 W
Fri Sep 26 13:52:15 IDT 2025, 213 W
Fri Sep 26 13:52:15 IDT 2025, 188 W
Fri Sep 26 13:52:15 IDT 2025, 164 W
Fri Sep 26 13:52:16 IDT 2025, 183 W
Fri Sep 26 13:52:16 IDT 2025, 178 W
Fri Sep 26 13:52:16 IDT 2025, 214 W
Fri Sep 26 13:52:16 IDT 2025, 176 W
Fri Sep 26 13:52:16 IDT 2025, 177 W
Fri Sep 26 13:52:16 IDT 2025, 213 W
Fri Sep 26 13:52:16 IDT 2025, 181 W
Fri Sep 26 13:52:16 IDT 2025, 162 W
Fri Sep 26 13:52:17 IDT 2025, 181 W
Fri Sep 26 13:52:17 IDT 2025, 173 W
Fri Sep 26 13:52:17 IDT 2025, 212 W
Fri Sep 26 13:52:17 IDT 2025, 175 W
Fri Sep 26 13:52:17 IDT 2025, 178 W
Fri Sep 26 13:52:17 IDT 2025, 207 W
Fri Sep 26 13:52:17 IDT 2025, 196 W
Fri Sep 26 13:52:17 IDT 2025, 161 W
Fri Sep 26 13:52:18 IDT 2025, 164 W
Fri Sep 26 13:52:18 IDT 2025, 160 W
Fri Sep 26 13:52:18 IDT 2025, 193 W
Fri Sep 26 13:52:18 IDT 2025, 153 W
Fri Sep 26 13:52:18 IDT 2025, 163 W
Fri Sep 26 13:52:18 IDT 2025, 190 W
Fri Sep 26 13:52:18 IDT 2025, 168 W
Fri Sep 26 13:52:18 IDT 2025, 149 W
Fri Sep 26 13:52:19 IDT 2025, 170 W
Fri Sep 26 13:52:19 IDT 2025, 165 W
Fri Sep 26 13:52:19 IDT 2025, 196 W
Fri Sep 26 13:52:19 IDT 2025, 163 W
Fri Sep 26 13:52:19 IDT 2025, 171 W
Fri Sep 26 13:52:19 IDT 2025, 205 W
Fri Sep 26 13:52:19 IDT 2025, 184 W
Fri Sep 26 13:52:19 IDT 2025, 157 W
Fri Sep 26 13:52:20 IDT 2025, 185 W
Fri Sep 26 13:52:20 IDT 2025, 182 W
Fri Sep 26 13:52:20 IDT 2025, 218 W
Fri Sep 26 13:52:20 IDT 2025, 178 W
Fri Sep 26 13:52:20 IDT 2025, 185 W
Fri Sep 26 13:52:20 IDT 2025, 222 W
Fri Sep 26 13:52:20 IDT 2025, 185 W
Fri Sep 26 13:52:20 IDT 2025, 172 W
Fri Sep 26 13:52:21 IDT 2025, 174 W
Fri Sep 26 13:52:21 IDT 2025, 169 W
Fri Sep 26 13:52:21 IDT 2025, 204 W
Fri Sep 26 13:52:21 IDT 2025, 167 W
Fri Sep 26 13:52:21 IDT 2025, 165 W
Fri Sep 26 13:52:21 IDT 2025, 196 W
Fri Sep 26 13:52:21 IDT 2025, 173 W
Fri Sep 26 13:52:21 IDT 2025, 155 W
Fri Sep 26 13:52:22 IDT 2025, 174 W
Fri Sep 26 13:52:22 IDT 2025, 166 W
Fri Sep 26 13:52:22 IDT 2025, 206 W
Fri Sep 26 13:52:22 IDT 2025, 158 W
Fri Sep 26 13:52:22 IDT 2025, 170 W
Fri Sep 26 13:52:22 IDT 2025, 200 W
Fri Sep 26 13:52:22 IDT 2025, 179 W
Fri Sep 26 13:52:22 IDT 2025, 167 W
Fri Sep 26 13:52:23 IDT 2025, 170 W
Fri Sep 26 13:52:23 IDT 2025, 160 W
Fri Sep 26 13:52:23 IDT 2025, 198 W
Fri Sep 26 13:52:23 IDT 2025, 168 W
Fri Sep 26 13:52:23 IDT 2025, 170 W
Fri Sep 26 13:52:23 IDT 2025, 204 W
Fri Sep 26 13:52:23 IDT 2025, 177 W
Fri Sep 26 13:52:23 IDT 2025, 159 W
Fri Sep 26 13:52:24 IDT 2025, 175 W
Fri Sep 26 13:52:24 IDT 2025, 166 W
Fri Sep 26 13:52:24 IDT 2025, 202 W
Fri Sep 26 13:52:24 IDT 2025, 176 W
Fri Sep 26 13:52:24 IDT 2025, 176 W
Fri Sep 26 13:52:24 IDT 2025, 209 W
Fri Sep 26 13:52:24 IDT 2025, 178 W
Fri Sep 26 13:52:24 IDT 2025, 158 W
Fri Sep 26 13:52:25 IDT 2025, 165 W
Fri Sep 26 13:52:25 IDT 2025, 163 W
Fri Sep 26 13:52:25 IDT 2025, 200 W
Fri Sep 26 13:52:25 IDT 2025, 151 W
Fri Sep 26 13:52:25 IDT 2025, 158 W
Fri Sep 26 13:52:25 IDT 2025, 190 W
Fri Sep 26 13:52:25 IDT 2025, 163 W
Fri Sep 26 13:52:25 IDT 2025, 137 W
Fri Sep 26 13:52:26 IDT 2025, 163 W
Fri Sep 26 13:52:26 IDT 2025, 168 W
Fri Sep 26 13:52:26 IDT 2025, 195 W
Fri Sep 26 13:52:26 IDT 2025, 160 W
Fri Sep 26 13:52:26 IDT 2025, 161 W
Fri Sep 26 13:52:26 IDT 2025, 199 W
Fri Sep 26 13:52:26 IDT 2025, 173 W
Fri Sep 26 13:52:26 IDT 2025, 153 W
Fri Sep 26 13:52:27 IDT 2025, 161 W
Fri Sep 26 13:52:27 IDT 2025, 152 W
Fri Sep 26 13:52:27 IDT 2025, 194 W
Fri Sep 26 13:52:27 IDT 2025, 153 W
Fri Sep 26 13:52:27 IDT 2025, 160 W
Fri Sep 26 13:52:27 IDT 2025, 187 W
Fri Sep 26 13:52:27 IDT 2025, 170 W
Fri Sep 26 13:52:27 IDT 2025, 146 W
Fri Sep 26 13:52:28 IDT 2025, 178 W
Fri Sep 26 13:52:28 IDT 2025, 173 W
Fri Sep 26 13:52:28 IDT 2025, 219 W
Fri Sep 26 13:52:28 IDT 2025, 171 W
Fri Sep 26 13:52:28 IDT 2025, 179 W
Fri Sep 26 13:52:28 IDT 2025, 201 W
Fri Sep 26 13:52:28 IDT 2025, 188 W
Fri Sep 26 13:52:28 IDT 2025, 159 W
Fri Sep 26 13:52:29 IDT 2025, 188 W
Fri Sep 26 13:52:29 IDT 2025, 184 W
Fri Sep 26 13:52:29 IDT 2025, 216 W
Fri Sep 26 13:52:29 IDT 2025, 171 W
Fri Sep 26 13:52:29 IDT 2025, 180 W
Fri Sep 26 13:52:29 IDT 2025, 219 W
Fri Sep 26 13:52:29 IDT 2025, 185 W
Fri Sep 26 13:52:29 IDT 2025, 166 W
Fri Sep 26 13:52:30 IDT 2025, 186 W
Fri Sep 26 13:52:30 IDT 2025, 193 W
Fri Sep 26 13:52:30 IDT 2025, 221 W
Fri Sep 26 13:52:30 IDT 2025, 174 W
Fri Sep 26 13:52:30 IDT 2025, 188 W
Fri Sep 26 13:52:30 IDT 2025, 222 W
Fri Sep 26 13:52:30 IDT 2025, 198 W
Fri Sep 26 13:52:30 IDT 2025, 181 W
Fri Sep 26 13:52:31 IDT 2025, 183 W
Fri Sep 26 13:52:31 IDT 2025, 189 W
Fri Sep 26 13:52:31 IDT 2025, 219 W
Fri Sep 26 13:52:31 IDT 2025, 174 W
Fri Sep 26 13:52:31 IDT 2025, 172 W
Fri Sep 26 13:52:31 IDT 2025, 215 W
Fri Sep 26 13:52:31 IDT 2025, 188 W
Fri Sep 26 13:52:31 IDT 2025, 173 W
Fri Sep 26 13:52:32 IDT 2025, 176 W
Fri Sep 26 13:52:32 IDT 2025, 168 W
Fri Sep 26 13:52:32 IDT 2025, 205 W
Fri Sep 26 13:52:32 IDT 2025, 164 W
Fri Sep 26 13:52:32 IDT 2025, 170 W
Fri Sep 26 13:52:32 IDT 2025, 200 W
Fri Sep 26 13:52:32 IDT 2025, 173 W
Fri Sep 26 13:52:32 IDT 2025, 159 W
Fri Sep 26 13:52:33 IDT 2025, 161 W
Fri Sep 26 13:52:33 IDT 2025, 169 W
Fri Sep 26 13:52:33 IDT 2025, 197 W
Fri Sep 26 13:52:33 IDT 2025, 164 W
Fri Sep 26 13:52:33 IDT 2025, 165 W
Fri Sep 26 13:52:33 IDT 2025, 201 W
Fri Sep 26 13:52:33 IDT 2025, 170 W
Fri Sep 26 13:52:33 IDT 2025, 149 W
Fri Sep 26 13:52:34 IDT 2025, 194 W
Fri Sep 26 13:52:34 IDT 2025, 199 W
Fri Sep 26 13:52:34 IDT 2025, 230 W
Fri Sep 26 13:52:34 IDT 2025, 186 W
Fri Sep 26 13:52:34 IDT 2025, 192 W
Fri Sep 26 13:52:34 IDT 2025, 227 W
Fri Sep 26 13:52:34 IDT 2025, 198 W
Fri Sep 26 13:52:34 IDT 2025, 181 W
Fri Sep 26 13:52:35 IDT 2025, 185 W
Fri Sep 26 13:52:35 IDT 2025, 187 W
Fri Sep 26 13:52:35 IDT 2025, 204 W
Fri Sep 26 13:52:35 IDT 2025, 160 W
Fri Sep 26 13:52:35 IDT 2025, 189 W
Fri Sep 26 13:52:35 IDT 2025, 212 W
Fri Sep 26 13:52:35 IDT 2025, 182 W
Fri Sep 26 13:52:35 IDT 2025, 162 W
Fri Sep 26 13:52:36 IDT 2025, 188 W
Fri Sep 26 13:52:36 IDT 2025, 192 W
Fri Sep 26 13:52:36 IDT 2025, 212 W
Fri Sep 26 13:52:36 IDT 2025, 176 W
Fri Sep 26 13:52:36 IDT 2025, 192 W
Fri Sep 26 13:52:36 IDT 2025, 215 W
Fri Sep 26 13:52:36 IDT 2025, 170 W
Fri Sep 26 13:52:36 IDT 2025, 172 W
Fri Sep 26 13:52:37 IDT 2025, 170 W
Fri Sep 26 13:52:37 IDT 2025, 183 W
Fri Sep 26 13:52:37 IDT 2025, 210 W
Fri Sep 26 13:52:37 IDT 2025, 172 W
Fri Sep 26 13:52:37 IDT 2025, 184 W
Fri Sep 26 13:52:37 IDT 2025, 206 W
Fri Sep 26 13:52:37 IDT 2025, 178 W
Fri Sep 26 13:52:37 IDT 2025, 170 W
Fri Sep 26 13:52:38 IDT 2025, 167 W
Fri Sep 26 13:52:38 IDT 2025, 164 W
Fri Sep 26 13:52:38 IDT 2025, 191 W
Fri Sep 26 13:52:38 IDT 2025, 161 W
Fri Sep 26 13:52:38 IDT 2025, 168 W
Fri Sep 26 13:52:38 IDT 2025, 187 W
Fri Sep 26 13:52:38 IDT 2025, 174 W
Fri Sep 26 13:52:38 IDT 2025, 153 W
Fri Sep 26 13:52:39 IDT 2025, 181 W
Fri Sep 26 13:52:39 IDT 2025, 174 W
Fri Sep 26 13:52:39 IDT 2025, 207 W
Fri Sep 26 13:52:39 IDT 2025, 169 W
Fri Sep 26 13:52:39 IDT 2025, 171 W
Fri Sep 26 13:52:39 IDT 2025, 204 W
Fri Sep 26 13:52:39 IDT 2025, 182 W
Fri Sep 26 13:52:39 IDT 2025, 157 W
Fri Sep 26 13:52:40 IDT 2025, 183 W
Fri Sep 26 13:52:40 IDT 2025, 165 W
Fri Sep 26 13:52:40 IDT 2025, 211 W
Fri Sep 26 13:52:40 IDT 2025, 174 W
Fri Sep 26 13:52:40 IDT 2025, 177 W
Fri Sep 26 13:52:40 IDT 2025, 204 W
Fri Sep 26 13:52:40 IDT 2025, 172 W
Fri Sep 26 13:52:40 IDT 2025, 157 W
Fri Sep 26 13:52:41 IDT 2025, 170 W
Fri Sep 26 13:52:41 IDT 2025, 161 W
Fri Sep 26 13:52:41 IDT 2025, 207 W
Fri Sep 26 13:52:41 IDT 2025, 157 W
Fri Sep 26 13:52:41 IDT 2025, 171 W
Fri Sep 26 13:52:41 IDT 2025, 191 W
Fri Sep 26 13:52:41 IDT 2025, 168 W
Fri Sep 26 13:52:41 IDT 2025, 149 W
Fri Sep 26 13:52:42 IDT 2025, 167 W
Fri Sep 26 13:52:42 IDT 2025, 161 W
Fri Sep 26 13:52:42 IDT 2025, 191 W
Fri Sep 26 13:52:42 IDT 2025, 150 W
Fri Sep 26 13:52:42 IDT 2025, 161 W
Fri Sep 26 13:52:42 IDT 2025, 186 W
Fri Sep 26 13:52:42 IDT 2025, 179 W
Fri Sep 26 13:52:42 IDT 2025, 152 W
Fri Sep 26 13:52:43 IDT 2025, 165 W
Fri Sep 26 13:52:43 IDT 2025, 159 W
Fri Sep 26 13:52:43 IDT 2025, 189 W
Fri Sep 26 13:52:43 IDT 2025, 152 W
Fri Sep 26 13:52:43 IDT 2025, 152 W
Fri Sep 26 13:52:43 IDT 2025, 186 W
Fri Sep 26 13:52:43 IDT 2025, 166 W
Fri Sep 26 13:52:43 IDT 2025, 142 W
Fri Sep 26 13:52:44 IDT 2025, 187 W
Fri Sep 26 13:52:44 IDT 2025, 187 W
Fri Sep 26 13:52:44 IDT 2025, 216 W
Fri Sep 26 13:52:44 IDT 2025, 175 W
Fri Sep 26 13:52:44 IDT 2025, 179 W
Fri Sep 26 13:52:44 IDT 2025, 207 W
Fri Sep 26 13:52:44 IDT 2025, 183 W
Fri Sep 26 13:52:44 IDT 2025, 165 W
Fri Sep 26 13:52:45 IDT 2025, 159 W
Fri Sep 26 13:52:45 IDT 2025, 169 W
Fri Sep 26 13:52:45 IDT 2025, 188 W
Fri Sep 26 13:52:45 IDT 2025, 154 W
Fri Sep 26 13:52:45 IDT 2025, 162 W
Fri Sep 26 13:52:45 IDT 2025, 202 W
Fri Sep 26 13:52:45 IDT 2025, 172 W
Fri Sep 26 13:52:45 IDT 2025, 143 W
Fri Sep 26 13:52:46 IDT 2025, 168 W
Fri Sep 26 13:52:46 IDT 2025, 161 W
Fri Sep 26 13:52:46 IDT 2025, 187 W
Fri Sep 26 13:52:46 IDT 2025, 163 W
Fri Sep 26 13:52:46 IDT 2025, 159 W
Fri Sep 26 13:52:46 IDT 2025, 194 W
Fri Sep 26 13:52:46 IDT 2025, 173 W
Fri Sep 26 13:52:46 IDT 2025, 155 W
Fri Sep 26 13:52:47 IDT 2025, 184 W
Fri Sep 26 13:52:47 IDT 2025, 179 W
Fri Sep 26 13:52:47 IDT 2025, 201 W
Fri Sep 26 13:52:47 IDT 2025, 170 W
Fri Sep 26 13:52:47 IDT 2025, 169 W
Fri Sep 26 13:52:47 IDT 2025, 211 W
Fri Sep 26 13:52:47 IDT 2025, 183 W
Fri Sep 26 13:52:47 IDT 2025, 163 W
Fri Sep 26 13:52:48 IDT 2025, 185 W
Fri Sep 26 13:52:48 IDT 2025, 180 W
Fri Sep 26 13:52:48 IDT 2025, 208 W
Fri Sep 26 13:52:48 IDT 2025, 183 W
Fri Sep 26 13:52:48 IDT 2025, 180 W
Fri Sep 26 13:52:48 IDT 2025, 207 W
Fri Sep 26 13:52:48 IDT 2025, 194 W
Fri Sep 26 13:52:48 IDT 2025, 166 W
Fri Sep 26 13:52:49 IDT 2025, 176 W
Fri Sep 26 13:52:49 IDT 2025, 171 W
Fri Sep 26 13:52:49 IDT 2025, 214 W
Fri Sep 26 13:52:49 IDT 2025, 160 W
Fri Sep 26 13:52:49 IDT 2025, 173 W
Fri Sep 26 13:52:49 IDT 2025, 204 W
Fri Sep 26 13:52:49 IDT 2025, 177 W
Fri Sep 26 13:52:49 IDT 2025, 160 W
Fri Sep 26 13:52:50 IDT 2025, 164 W
Fri Sep 26 13:52:50 IDT 2025, 157 W
Fri Sep 26 13:52:50 IDT 2025, 198 W
Fri Sep 26 13:52:50 IDT 2025, 159 W
Fri Sep 26 13:52:50 IDT 2025, 168 W
Fri Sep 26 13:52:50 IDT 2025, 190 W
Fri Sep 26 13:52:50 IDT 2025, 170 W
Fri Sep 26 13:52:50 IDT 2025, 146 W
Fri Sep 26 13:52:51 IDT 2025, 174 W
Fri Sep 26 13:52:51 IDT 2025, 168 W
Fri Sep 26 13:52:51 IDT 2025, 198 W
Fri Sep 26 13:52:51 IDT 2025, 159 W
Fri Sep 26 13:52:51 IDT 2025, 173 W
Fri Sep 26 13:52:51 IDT 2025, 203 W
Fri Sep 26 13:52:51 IDT 2025, 176 W
Fri Sep 26 13:52:51 IDT 2025, 150 W
Fri Sep 26 13:52:52 IDT 2025, 176 W
Fri Sep 26 13:52:52 IDT 2025, 175 W
Fri Sep 26 13:52:52 IDT 2025, 208 W
Fri Sep 26 13:52:52 IDT 2025, 169 W
Fri Sep 26 13:52:52 IDT 2025, 177 W
Fri Sep 26 13:52:52 IDT 2025, 204 W
Fri Sep 26 13:52:52 IDT 2025, 185 W
Fri Sep 26 13:52:52 IDT 2025, 148 W
Fri Sep 26 13:52:53 IDT 2025, 159 W
Fri Sep 26 13:52:53 IDT 2025, 163 W
Fri Sep 26 13:52:53 IDT 2025, 192 W
Fri Sep 26 13:52:53 IDT 2025, 151 W
Fri Sep 26 13:52:53 IDT 2025, 157 W
Fri Sep 26 13:52:53 IDT 2025, 184 W
Fri Sep 26 13:52:53 IDT 2025, 164 W
Fri Sep 26 13:52:53 IDT 2025, 142 W
Fri Sep 26 13:52:54 IDT 2025, 185 W
Fri Sep 26 13:52:54 IDT 2025, 176 W
Fri Sep 26 13:52:54 IDT 2025, 215 W
Fri Sep 26 13:52:54 IDT 2025, 175 W
Fri Sep 26 13:52:54 IDT 2025, 183 W
Fri Sep 26 13:52:54 IDT 2025, 213 W
Fri Sep 26 13:52:54 IDT 2025, 187 W
Fri Sep 26 13:52:54 IDT 2025, 172 W
Fri Sep 26 13:52:55 IDT 2025, 168 W
Fri Sep 26 13:52:55 IDT 2025, 176 W
Fri Sep 26 13:52:55 IDT 2025, 201 W
Fri Sep 26 13:52:55 IDT 2025, 154 W
Fri Sep 26 13:52:55 IDT 2025, 165 W
Fri Sep 26 13:52:55 IDT 2025, 201 W
Fri Sep 26 13:52:55 IDT 2025, 169 W
Fri Sep 26 13:52:55 IDT 2025, 154 W
Fri Sep 26 13:52:56 IDT 2025, 179 W
Fri Sep 26 13:52:56 IDT 2025, 176 W
Fri Sep 26 13:52:56 IDT 2025, 204 W
Fri Sep 26 13:52:56 IDT 2025, 168 W
Fri Sep 26 13:52:56 IDT 2025, 176 W
Fri Sep 26 13:52:56 IDT 2025, 204 W
Fri Sep 26 13:52:56 IDT 2025, 192 W
Fri Sep 26 13:52:56 IDT 2025, 161 W
Fri Sep 26 13:52:57 IDT 2025, 164 W
Fri Sep 26 13:52:57 IDT 2025, 159 W
Fri Sep 26 13:52:57 IDT 2025, 194 W
Fri Sep 26 13:52:57 IDT 2025, 155 W
Fri Sep 26 13:52:57 IDT 2025, 169 W
Fri Sep 26 13:52:57 IDT 2025, 189 W
Fri Sep 26 13:52:57 IDT 2025, 180 W
Fri Sep 26 13:52:57 IDT 2025, 146 W
Fri Sep 26 13:52:58 IDT 2025, 164 W
Fri Sep 26 13:52:58 IDT 2025, 161 W
Fri Sep 26 13:52:58 IDT 2025, 186 W
Fri Sep 26 13:52:58 IDT 2025, 150 W
Fri Sep 26 13:52:58 IDT 2025, 148 W
Fri Sep 26 13:52:58 IDT 2025, 188 W
Fri Sep 26 13:52:58 IDT 2025, 168 W
Fri Sep 26 13:52:58 IDT 2025, 143 W
Fri Sep 26 13:52:59 IDT 2025, 149 W
Fri Sep 26 13:52:59 IDT 2025, 154 W
Fri Sep 26 13:52:59 IDT 2025, 186 W
Fri Sep 26 13:52:59 IDT 2025, 153 W
Fri Sep 26 13:52:59 IDT 2025, 150 W
Fri Sep 26 13:52:59 IDT 2025, 187 W
Fri Sep 26 13:52:59 IDT 2025, 153 W
Fri Sep 26 13:52:59 IDT 2025, 138 W
Fri Sep 26 13:53:00 IDT 2025, 166 W
Fri Sep 26 13:53:00 IDT 2025, 170 W
Fri Sep 26 13:53:00 IDT 2025, 203 W
Fri Sep 26 13:53:00 IDT 2025, 165 W
Fri Sep 26 13:53:00 IDT 2025, 173 W
Fri Sep 26 13:53:00 IDT 2025, 194 W
Fri Sep 26 13:53:00 IDT 2025, 176 W
Fri Sep 26 13:53:00 IDT 2025, 154 W
Fri Sep 26 13:53:01 IDT 2025, 174 W
Fri Sep 26 13:53:01 IDT 2025, 177 W
Fri Sep 26 13:53:01 IDT 2025, 212 W
Fri Sep 26 13:53:01 IDT 2025, 162 W
Fri Sep 26 13:53:01 IDT 2025, 164 W
Fri Sep 26 13:53:01 IDT 2025, 202 W
Fri Sep 26 13:53:01 IDT 2025, 176 W
Fri Sep 26 13:53:01 IDT 2025, 164 W
Fri Sep 26 13:53:02 IDT 2025, 161 W
Fri Sep 26 13:53:02 IDT 2025, 166 W
Fri Sep 26 13:53:02 IDT 2025, 202 W
Fri Sep 26 13:53:02 IDT 2025, 160 W
Fri Sep 26 13:53:02 IDT 2025, 159 W
Fri Sep 26 13:53:02 IDT 2025, 195 W
Fri Sep 26 13:53:02 IDT 2025, 179 W
Fri Sep 26 13:53:02 IDT 2025, 154 W
Fri Sep 26 13:53:03 IDT 2025, 163 W
Fri Sep 26 13:53:03 IDT 2025, 169 W
Fri Sep 26 13:53:03 IDT 2025, 203 W
Fri Sep 26 13:53:03 IDT 2025, 160 W
Fri Sep 26 13:53:03 IDT 2025, 157 W
Fri Sep 26 13:53:03 IDT 2025, 204 W
Fri Sep 26 13:53:03 IDT 2025, 170 W
Fri Sep 26 13:53:03 IDT 2025, 150 W
Fri Sep 26 13:53:04 IDT 2025, 171 W
Fri Sep 26 13:53:04 IDT 2025, 174 W
Fri Sep 26 13:53:04 IDT 2025, 197 W
Fri Sep 26 13:53:04 IDT 2025, 167 W
Fri Sep 26 13:53:04 IDT 2025, 161 W
Fri Sep 26 13:53:04 IDT 2025, 205 W
Fri Sep 26 13:53:04 IDT 2025, 177 W
Fri Sep 26 13:53:04 IDT 2025, 161 W
Fri Sep 26 13:53:05 IDT 2025, 170 W
Fri Sep 26 13:53:05 IDT 2025, 176 W
Fri Sep 26 13:53:05 IDT 2025, 201 W
Fri Sep 26 13:53:05 IDT 2025, 161 W
Fri Sep 26 13:53:05 IDT 2025, 167 W
Fri Sep 26 13:53:05 IDT 2025, 211 W
Fri Sep 26 13:53:05 IDT 2025, 174 W
Fri Sep 26 13:53:05 IDT 2025, 158 W
Fri Sep 26 13:53:06 IDT 2025, 183 W
Fri Sep 26 13:53:06 IDT 2025, 179 W
Fri Sep 26 13:53:06 IDT 2025, 204 W
Fri Sep 26 13:53:06 IDT 2025, 172 W
Fri Sep 26 13:53:06 IDT 2025, 181 W
Fri Sep 26 13:53:06 IDT 2025, 209 W
Fri Sep 26 13:53:06 IDT 2025, 186 W
Fri Sep 26 13:53:06 IDT 2025, 169 W
Fri Sep 26 13:53:07 IDT 2025, 187 W
Fri Sep 26 13:53:07 IDT 2025, 174 W
Fri Sep 26 13:53:07 IDT 2025, 220 W
Fri Sep 26 13:53:07 IDT 2025, 179 W
Fri Sep 26 13:53:07 IDT 2025, 176 W
Fri Sep 26 13:53:07 IDT 2025, 215 W
Fri Sep 26 13:53:07 IDT 2025, 193 W
Fri Sep 26 13:53:07 IDT 2025, 175 W
Fri Sep 26 13:53:08 IDT 2025, 133 W
Fri Sep 26 13:53:08 IDT 2025, 161 W
Fri Sep 26 13:53:08 IDT 2025, 183 W
Fri Sep 26 13:53:08 IDT 2025, 150 W
Fri Sep 26 13:53:08 IDT 2025, 156 W
Fri Sep 26 13:53:08 IDT 2025, 186 W
Fri Sep 26 13:53:08 IDT 2025, 166 W
Fri Sep 26 13:53:08 IDT 2025, 137 W
Fri Sep 26 13:53:09 IDT 2025, 165 W
Fri Sep 26 13:53:09 IDT 2025, 164 W
Fri Sep 26 13:53:09 IDT 2025, 203 W
Fri Sep 26 13:53:09 IDT 2025, 164 W
Fri Sep 26 13:53:09 IDT 2025, 167 W
Fri Sep 26 13:53:09 IDT 2025, 197 W
Fri Sep 26 13:53:09 IDT 2025, 165 W
Fri Sep 26 13:53:09 IDT 2025, 154 W
Fri Sep 26 13:53:10 IDT 2025, 181 W
Fri Sep 26 13:53:10 IDT 2025, 192 W
Fri Sep 26 13:53:10 IDT 2025, 216 W
Fri Sep 26 13:53:10 IDT 2025, 174 W
Fri Sep 26 13:53:10 IDT 2025, 171 W
Fri Sep 26 13:53:10 IDT 2025, 220 W
Fri Sep 26 13:53:10 IDT 2025, 188 W
Fri Sep 26 13:53:10 IDT 2025, 171 W
Fri Sep 26 13:53:11 IDT 2025, 176 W
Fri Sep 26 13:53:11 IDT 2025, 180 W
Fri Sep 26 13:53:11 IDT 2025, 212 W
Fri Sep 26 13:53:11 IDT 2025, 178 W
Fri Sep 26 13:53:11 IDT 2025, 175 W
Fri Sep 26 13:53:11 IDT 2025, 208 W
Fri Sep 26 13:53:11 IDT 2025, 188 W
Fri Sep 26 13:53:11 IDT 2025, 160 W
Fri Sep 26 13:53:12 IDT 2025, 158 W
Fri Sep 26 13:53:12 IDT 2025, 157 W
Fri Sep 26 13:53:12 IDT 2025, 189 W
Fri Sep 26 13:53:12 IDT 2025, 156 W
Fri Sep 26 13:53:12 IDT 2025, 154 W
Fri Sep 26 13:53:12 IDT 2025, 194 W
Fri Sep 26 13:53:12 IDT 2025, 167 W
Fri Sep 26 13:53:12 IDT 2025, 149 W
Fri Sep 26 13:53:13 IDT 2025, 177 W
Fri Sep 26 13:53:13 IDT 2025, 174 W
Fri Sep 26 13:53:13 IDT 2025, 206 W
Fri Sep 26 13:53:13 IDT 2025, 160 W
Fri Sep 26 13:53:13 IDT 2025, 178 W
Fri Sep 26 13:53:13 IDT 2025, 200 W
Fri Sep 26 13:53:13 IDT 2025, 170 W
Fri Sep 26 13:53:13 IDT 2025, 167 W
Fri Sep 26 13:53:14 IDT 2025, 178 W
Fri Sep 26 13:53:14 IDT 2025, 176 W
Fri Sep 26 13:53:14 IDT 2025, 210 W
Fri Sep 26 13:53:14 IDT 2025, 178 W
Fri Sep 26 13:53:14 IDT 2025, 175 W
Fri Sep 26 13:53:14 IDT 2025, 209 W
Fri Sep 26 13:53:14 IDT 2025, 179 W
Fri Sep 26 13:53:14 IDT 2025, 160 W
Fri Sep 26 13:53:15 IDT 2025, 173 W
Fri Sep 26 13:53:15 IDT 2025, 170 W
Fri Sep 26 13:53:15 IDT 2025, 206 W
Fri Sep 26 13:53:15 IDT 2025, 169 W
Fri Sep 26 13:53:15 IDT 2025, 180 W
Fri Sep 26 13:53:15 IDT 2025, 206 W
Fri Sep 26 13:53:15 IDT 2025, 180 W
Fri Sep 26 13:53:15 IDT 2025, 160 W
Fri Sep 26 13:53:16 IDT 2025, 175 W
Fri Sep 26 13:53:16 IDT 2025, 175 W
Fri Sep 26 13:53:16 IDT 2025, 209 W
Fri Sep 26 13:53:16 IDT 2025, 168 W
Fri Sep 26 13:53:16 IDT 2025, 169 W
Fri Sep 26 13:53:16 IDT 2025, 187 W
Fri Sep 26 13:53:16 IDT 2025, 185 W
Fri Sep 26 13:53:16 IDT 2025, 169 W
Fri Sep 26 13:53:17 IDT 2025, 175 W
Fri Sep 26 13:53:17 IDT 2025, 185 W
Fri Sep 26 13:53:17 IDT 2025, 221 W
Fri Sep 26 13:53:17 IDT 2025, 179 W
Fri Sep 26 13:53:17 IDT 2025, 176 W
Fri Sep 26 13:53:17 IDT 2025, 209 W
Fri Sep 26 13:53:17 IDT 2025, 190 W
Fri Sep 26 13:53:17 IDT 2025, 165 W
Fri Sep 26 13:53:18 IDT 2025, 175 W
Fri Sep 26 13:53:18 IDT 2025, 178 W
Fri Sep 26 13:53:18 IDT 2025, 217 W
Fri Sep 26 13:53:18 IDT 2025, 173 W
Fri Sep 26 13:53:18 IDT 2025, 175 W
Fri Sep 26 13:53:18 IDT 2025, 209 W
Fri Sep 26 13:53:18 IDT 2025, 181 W
Fri Sep 26 13:53:18 IDT 2025, 165 W
Fri Sep 26 13:53:19 IDT 2025, 178 W
Fri Sep 26 13:53:19 IDT 2025, 184 W
Fri Sep 26 13:53:19 IDT 2025, 216 W
Fri Sep 26 13:53:19 IDT 2025, 170 W
Fri Sep 26 13:53:19 IDT 2025, 181 W
Fri Sep 26 13:53:19 IDT 2025, 211 W
Fri Sep 26 13:53:19 IDT 2025, 179 W
Fri Sep 26 13:53:19 IDT 2025, 152 W
Fri Sep 26 13:53:20 IDT 2025, 173 W
Fri Sep 26 13:53:20 IDT 2025, 179 W
Fri Sep 26 13:53:20 IDT 2025, 207 W
Fri Sep 26 13:53:20 IDT 2025, 162 W
Fri Sep 26 13:53:20 IDT 2025, 172 W
Fri Sep 26 13:53:20 IDT 2025, 211 W
Fri Sep 26 13:53:20 IDT 2025, 179 W
Fri Sep 26 13:53:20 IDT 2025, 158 W
Fri Sep 26 13:53:21 IDT 2025, 161 W
Fri Sep 26 13:53:21 IDT 2025, 165 W
Fri Sep 26 13:53:21 IDT 2025, 192 W
Fri Sep 26 13:53:21 IDT 2025, 160 W
Fri Sep 26 13:53:21 IDT 2025, 173 W
Fri Sep 26 13:53:21 IDT 2025, 185 W
Fri Sep 26 13:53:21 IDT 2025, 176 W
Fri Sep 26 13:53:21 IDT 2025, 151 W
Fri Sep 26 13:53:22 IDT 2025, 174 W
Fri Sep 26 13:53:22 IDT 2025, 176 W
Fri Sep 26 13:53:22 IDT 2025, 218 W
Fri Sep 26 13:53:22 IDT 2025, 173 W
Fri Sep 26 13:53:22 IDT 2025, 183 W
Fri Sep 26 13:53:22 IDT 2025, 210 W
Fri Sep 26 13:53:22 IDT 2025, 184 W
Fri Sep 26 13:53:22 IDT 2025, 160 W
Fri Sep 26 13:53:23 IDT 2025, 176 W
Fri Sep 26 13:53:23 IDT 2025, 180 W
Fri Sep 26 13:53:23 IDT 2025, 197 W
Fri Sep 26 13:53:23 IDT 2025, 173 W
Fri Sep 26 13:53:23 IDT 2025, 176 W
Fri Sep 26 13:53:23 IDT 2025, 207 W
Fri Sep 26 13:53:23 IDT 2025, 182 W
Fri Sep 26 13:53:23 IDT 2025, 162 W
Fri Sep 26 13:53:24 IDT 2025, 188 W
Fri Sep 26 13:53:24 IDT 2025, 189 W
Fri Sep 26 13:53:24 IDT 2025, 210 W
Fri Sep 26 13:53:24 IDT 2025, 178 W
Fri Sep 26 13:53:24 IDT 2025, 177 W
Fri Sep 26 13:53:24 IDT 2025, 209 W
Fri Sep 26 13:53:24 IDT 2025, 191 W
Fri Sep 26 13:53:24 IDT 2025, 165 W
Fri Sep 26 13:53:25 IDT 2025, 169 W
Fri Sep 26 13:53:25 IDT 2025, 182 W
Fri Sep 26 13:53:25 IDT 2025, 210 W
Fri Sep 26 13:53:25 IDT 2025, 170 W
Fri Sep 26 13:53:25 IDT 2025, 180 W
Fri Sep 26 13:53:25 IDT 2025, 207 W
Fri Sep 26 13:53:25 IDT 2025, 183 W
Fri Sep 26 13:53:25 IDT 2025, 169 W
Fri Sep 26 13:53:26 IDT 2025, 176 W
Fri Sep 26 13:53:26 IDT 2025, 182 W
Fri Sep 26 13:53:26 IDT 2025, 216 W
Fri Sep 26 13:53:26 IDT 2025, 177 W
Fri Sep 26 13:53:26 IDT 2025, 178 W
Fri Sep 26 13:53:26 IDT 2025, 211 W
Fri Sep 26 13:53:26 IDT 2025, 179 W
Fri Sep 26 13:53:26 IDT 2025, 164 W
Fri Sep 26 13:53:27 IDT 2025, 166 W
Fri Sep 26 13:53:27 IDT 2025, 154 W
Fri Sep 26 13:53:27 IDT 2025, 190 W
Fri Sep 26 13:53:27 IDT 2025, 151 W
Fri Sep 26 13:53:27 IDT 2025, 164 W
Fri Sep 26 13:53:27 IDT 2025, 184 W
Fri Sep 26 13:53:27 IDT 2025, 161 W
Fri Sep 26 13:53:27 IDT 2025, 142 W
Fri Sep 26 13:53:28 IDT 2025, 178 W
Fri Sep 26 13:53:28 IDT 2025, 187 W
Fri Sep 26 13:53:28 IDT 2025, 213 W
Fri Sep 26 13:53:28 IDT 2025, 172 W
Fri Sep 26 13:53:28 IDT 2025, 178 W
Fri Sep 26 13:53:28 IDT 2025, 206 W
Fri Sep 26 13:53:28 IDT 2025, 175 W
Fri Sep 26 13:53:28 IDT 2025, 167 W
Fri Sep 26 13:53:29 IDT 2025, 181 W
Fri Sep 26 13:53:29 IDT 2025, 177 W
Fri Sep 26 13:53:29 IDT 2025, 209 W
Fri Sep 26 13:53:29 IDT 2025, 175 W
Fri Sep 26 13:53:29 IDT 2025, 182 W
Fri Sep 26 13:53:29 IDT 2025, 206 W
Fri Sep 26 13:53:29 IDT 2025, 185 W
Fri Sep 26 13:53:29 IDT 2025, 167 W
Fri Sep 26 13:53:30 IDT 2025, 184 W
Fri Sep 26 13:53:30 IDT 2025, 197 W
Fri Sep 26 13:53:30 IDT 2025, 221 W
Fri Sep 26 13:53:30 IDT 2025, 175 W
Fri Sep 26 13:53:30 IDT 2025, 189 W
Fri Sep 26 13:53:30 IDT 2025, 225 W
Fri Sep 26 13:53:30 IDT 2025, 195 W
Fri Sep 26 13:53:30 IDT 2025, 177 W
Fri Sep 26 13:53:31 IDT 2025, 188 W
Fri Sep 26 13:53:31 IDT 2025, 184 W
Fri Sep 26 13:53:31 IDT 2025, 222 W
Fri Sep 26 13:53:31 IDT 2025, 183 W
Fri Sep 26 13:53:31 IDT 2025, 174 W
Fri Sep 26 13:53:31 IDT 2025, 200 W
Fri Sep 26 13:53:31 IDT 2025, 185 W
Fri Sep 26 13:53:31 IDT 2025, 165 W
Fri Sep 26 13:53:32 IDT 2025, 168 W
Fri Sep 26 13:53:32 IDT 2025, 169 W
Fri Sep 26 13:53:32 IDT 2025, 203 W
Fri Sep 26 13:53:32 IDT 2025, 164 W
Fri Sep 26 13:53:32 IDT 2025, 163 W
Fri Sep 26 13:53:32 IDT 2025, 198 W
Fri Sep 26 13:53:32 IDT 2025, 175 W
Fri Sep 26 13:53:32 IDT 2025, 153 W
Fri Sep 26 13:53:33 IDT 2025, 179 W
Fri Sep 26 13:53:33 IDT 2025, 176 W
Fri Sep 26 13:53:33 IDT 2025, 207 W
Fri Sep 26 13:53:33 IDT 2025, 172 W
Fri Sep 26 13:53:33 IDT 2025, 180 W
Fri Sep 26 13:53:33 IDT 2025, 198 W
Fri Sep 26 13:53:33 IDT 2025, 189 W
Fri Sep 26 13:53:33 IDT 2025, 167 W
Fri Sep 26 13:53:34 IDT 2025, 183 W
Fri Sep 26 13:53:34 IDT 2025, 182 W
Fri Sep 26 13:53:34 IDT 2025, 220 W
Fri Sep 26 13:53:34 IDT 2025, 168 W
Fri Sep 26 13:53:34 IDT 2025, 176 W
Fri Sep 26 13:53:34 IDT 2025, 217 W
Fri Sep 26 13:53:34 IDT 2025, 189 W
Fri Sep 26 13:53:34 IDT 2025, 167 W
Fri Sep 26 13:53:35 IDT 2025, 184 W
Fri Sep 26 13:53:35 IDT 2025, 181 W
Fri Sep 26 13:53:35 IDT 2025, 212 W
Fri Sep 26 13:53:35 IDT 2025, 167 W
Fri Sep 26 13:53:35 IDT 2025, 179 W
Fri Sep 26 13:53:35 IDT 2025, 203 W
Fri Sep 26 13:53:35 IDT 2025, 190 W
Fri Sep 26 13:53:35 IDT 2025, 171 W
Fri Sep 26 13:53:36 IDT 2025, 173 W
Fri Sep 26 13:53:36 IDT 2025, 188 W
Fri Sep 26 13:53:36 IDT 2025, 215 W
Fri Sep 26 13:53:36 IDT 2025, 179 W
Fri Sep 26 13:53:36 IDT 2025, 177 W
Fri Sep 26 13:53:36 IDT 2025, 210 W
Fri Sep 26 13:53:36 IDT 2025, 183 W
Fri Sep 26 13:53:36 IDT 2025, 172 W
Fri Sep 26 13:53:37 IDT 2025, 164 W
Fri Sep 26 13:53:37 IDT 2025, 176 W
Fri Sep 26 13:53:37 IDT 2025, 198 W
Fri Sep 26 13:53:37 IDT 2025, 163 W
Fri Sep 26 13:53:37 IDT 2025, 169 W
Fri Sep 26 13:53:37 IDT 2025, 194 W
Fri Sep 26 13:53:37 IDT 2025, 170 W
Fri Sep 26 13:53:37 IDT 2025, 156 W
Fri Sep 26 13:53:38 IDT 2025, 162 W
Fri Sep 26 13:53:38 IDT 2025, 175 W
Fri Sep 26 13:53:38 IDT 2025, 189 W
Fri Sep 26 13:53:38 IDT 2025, 154 W
Fri Sep 26 13:53:38 IDT 2025, 157 W
Fri Sep 26 13:53:38 IDT 2025, 193 W
Fri Sep 26 13:53:38 IDT 2025, 167 W
Fri Sep 26 13:53:38 IDT 2025, 151 W
Fri Sep 26 13:53:39 IDT 2025, 178 W
Fri Sep 26 13:53:39 IDT 2025, 183 W
Fri Sep 26 13:53:39 IDT 2025, 207 W
Fri Sep 26 13:53:39 IDT 2025, 171 W
Fri Sep 26 13:53:39 IDT 2025, 174 W
Fri Sep 26 13:53:39 IDT 2025, 207 W
Fri Sep 26 13:53:39 IDT 2025, 180 W
Fri Sep 26 13:53:39 IDT 2025, 165 W
Fri Sep 26 13:53:40 IDT 2025, 172 W
Fri Sep 26 13:53:40 IDT 2025, 171 W
Fri Sep 26 13:53:40 IDT 2025, 200 W
Fri Sep 26 13:53:40 IDT 2025, 162 W
Fri Sep 26 13:53:40 IDT 2025, 166 W
Fri Sep 26 13:53:40 IDT 2025, 201 W
Fri Sep 26 13:53:40 IDT 2025, 179 W
Fri Sep 26 13:53:40 IDT 2025, 154 W
Fri Sep 26 13:53:41 IDT 2025, 154 W
Fri Sep 26 13:53:41 IDT 2025, 157 W
Fri Sep 26 13:53:41 IDT 2025, 194 W
Fri Sep 26 13:53:41 IDT 2025, 148 W
Fri Sep 26 13:53:41 IDT 2025, 165 W
Fri Sep 26 13:53:41 IDT 2025, 196 W
Fri Sep 26 13:53:41 IDT 2025, 154 W
Fri Sep 26 13:53:41 IDT 2025, 147 W
Fri Sep 26 13:53:42 IDT 2025, 167 W
Fri Sep 26 13:53:42 IDT 2025, 164 W
Fri Sep 26 13:53:42 IDT 2025, 201 W
Fri Sep 26 13:53:42 IDT 2025, 161 W
Fri Sep 26 13:53:42 IDT 2025, 162 W
Fri Sep 26 13:53:42 IDT 2025, 195 W
Fri Sep 26 13:53:42 IDT 2025, 176 W
Fri Sep 26 13:53:42 IDT 2025, 144 W
Fri Sep 26 13:53:43 IDT 2025, 177 W
Fri Sep 26 13:53:43 IDT 2025, 182 W
Fri Sep 26 13:53:43 IDT 2025, 210 W
Fri Sep 26 13:53:43 IDT 2025, 178 W
Fri Sep 26 13:53:43 IDT 2025, 179 W
Fri Sep 26 13:53:43 IDT 2025, 216 W
Fri Sep 26 13:53:43 IDT 2025, 182 W
Fri Sep 26 13:53:43 IDT 2025, 169 W
Fri Sep 26 13:53:44 IDT 2025, 182 W
Fri Sep 26 13:53:44 IDT 2025, 181 W
Fri Sep 26 13:53:44 IDT 2025, 205 W
Fri Sep 26 13:53:44 IDT 2025, 165 W
Fri Sep 26 13:53:44 IDT 2025, 160 W
Fri Sep 26 13:53:44 IDT 2025, 209 W
Fri Sep 26 13:53:44 IDT 2025, 188 W
Fri Sep 26 13:53:44 IDT 2025, 166 W
Fri Sep 26 13:53:45 IDT 2025, 182 W
Fri Sep 26 13:53:45 IDT 2025, 178 W
Fri Sep 26 13:53:45 IDT 2025, 215 W
Fri Sep 26 13:53:45 IDT 2025, 171 W
Fri Sep 26 13:53:45 IDT 2025, 173 W
Fri Sep 26 13:53:45 IDT 2025, 200 W
Fri Sep 26 13:53:45 IDT 2025, 185 W
Fri Sep 26 13:53:45 IDT 2025, 167 W
Fri Sep 26 13:53:46 IDT 2025, 180 W
Fri Sep 26 13:53:46 IDT 2025, 180 W
Fri Sep 26 13:53:46 IDT 2025, 209 W
Fri Sep 26 13:53:46 IDT 2025, 173 W
Fri Sep 26 13:53:46 IDT 2025, 184 W
Fri Sep 26 13:53:46 IDT 2025, 208 W
Fri Sep 26 13:53:46 IDT 2025, 181 W
Fri Sep 26 13:53:46 IDT 2025, 162 W
