timestamp, power.draw [W]
Tue Jan  6 20:02:46 IST 2026, 92 W
Tue Jan  6 20:02:46 IST 2026, 92 W
Tue Jan  6 20:02:46 IST 2026, 97 W
Tue Jan  6 20:02:46 IST 2026, 100 W
Tue Jan  6 20:02:47 IST 2026, 93 W
Tue Jan  6 20:02:47 IST 2026, 91 W
Tue Jan  6 20:02:47 IST 2026, 97 W
Tue Jan  6 20:02:47 IST 2026, 103 W
Tue Jan  6 20:02:48 IST 2026, 94 W
Tue Jan  6 20:02:48 IST 2026, 96 W
Tue Jan  6 20:02:48 IST 2026, 96 W
Tue Jan  6 20:02:48 IST 2026, 101 W
Tue Jan  6 20:02:49 IST 2026, 91 W
Tue Jan  6 20:02:49 IST 2026, 99 W
Tue Jan  6 20:02:49 IST 2026, 99 W
Tue Jan  6 20:02:49 IST 2026, 104 W
Tue Jan  6 20:02:50 IST 2026, 93 W
Tue Jan  6 20:02:50 IST 2026, 92 W
Tue Jan  6 20:02:50 IST 2026, 100 W
Tue Jan  6 20:02:50 IST 2026, 97 W
Tue Jan  6 20:02:51 IST 2026, 98 W
Tue Jan  6 20:02:51 IST 2026, 100 W
Tue Jan  6 20:02:51 IST 2026, 100 W
Tue Jan  6 20:02:51 IST 2026, 98 W
Tue Jan  6 20:02:52 IST 2026, 93 W
Tue Jan  6 20:02:52 IST 2026, 97 W
Tue Jan  6 20:02:52 IST 2026, 100 W
Tue Jan  6 20:02:52 IST 2026, 106 W
Tue Jan  6 20:02:53 IST 2026, 93 W
Tue Jan  6 20:02:53 IST 2026, 95 W
Tue Jan  6 20:02:53 IST 2026, 102 W
Tue Jan  6 20:02:53 IST 2026, 108 W
Tue Jan  6 20:02:54 IST 2026, 91 W
Tue Jan  6 20:02:54 IST 2026, 99 W
Tue Jan  6 20:02:54 IST 2026, 96 W
Tue Jan  6 20:02:54 IST 2026, 106 W
Tue Jan  6 20:02:55 IST 2026, 95 W
Tue Jan  6 20:02:55 IST 2026, 93 W
Tue Jan  6 20:02:55 IST 2026, 101 W
Tue Jan  6 20:02:55 IST 2026, 100 W
Tue Jan  6 20:02:56 IST 2026, 93 W
Tue Jan  6 20:02:56 IST 2026, 99 W
Tue Jan  6 20:02:56 IST 2026, 95 W
Tue Jan  6 20:02:56 IST 2026, 102 W
Tue Jan  6 20:02:57 IST 2026, 126 W
Tue Jan  6 20:02:57 IST 2026, 141 W
Tue Jan  6 20:02:57 IST 2026, 130 W
Tue Jan  6 20:02:57 IST 2026, 143 W
Tue Jan  6 20:02:58 IST 2026, 96 W
Tue Jan  6 20:02:58 IST 2026, 101 W
Tue Jan  6 20:02:58 IST 2026, 108 W
Tue Jan  6 20:02:58 IST 2026, 107 W
Tue Jan  6 20:02:59 IST 2026, 97 W
Tue Jan  6 20:02:59 IST 2026, 97 W
Tue Jan  6 20:02:59 IST 2026, 103 W
Tue Jan  6 20:02:59 IST 2026, 102 W
Tue Jan  6 20:03:00 IST 2026, 89 W
Tue Jan  6 20:03:00 IST 2026, 95 W
Tue Jan  6 20:03:00 IST 2026, 101 W
Tue Jan  6 20:03:00 IST 2026, 104 W
Tue Jan  6 20:03:01 IST 2026, 123 W
Tue Jan  6 20:03:01 IST 2026, 132 W
Tue Jan  6 20:03:01 IST 2026, 131 W
Tue Jan  6 20:03:01 IST 2026, 144 W
Tue Jan  6 20:03:02 IST 2026, 123 W
Tue Jan  6 20:03:02 IST 2026, 132 W
Tue Jan  6 20:03:02 IST 2026, 139 W
Tue Jan  6 20:03:02 IST 2026, 136 W
Tue Jan  6 20:03:03 IST 2026, 95 W
Tue Jan  6 20:03:03 IST 2026, 92 W
Tue Jan  6 20:03:03 IST 2026, 103 W
Tue Jan  6 20:03:03 IST 2026, 98 W
Tue Jan  6 20:03:04 IST 2026, 93 W
Tue Jan  6 20:03:04 IST 2026, 97 W
Tue Jan  6 20:03:04 IST 2026, 109 W
Tue Jan  6 20:03:04 IST 2026, 100 W
Tue Jan  6 20:03:05 IST 2026, 131 W
Tue Jan  6 20:03:05 IST 2026, 130 W
Tue Jan  6 20:03:05 IST 2026, 139 W
Tue Jan  6 20:03:05 IST 2026, 144 W
Tue Jan  6 20:03:06 IST 2026, 92 W
Tue Jan  6 20:03:06 IST 2026, 97 W
Tue Jan  6 20:03:06 IST 2026, 109 W
Tue Jan  6 20:03:06 IST 2026, 104 W
Tue Jan  6 20:03:07 IST 2026, 94 W
Tue Jan  6 20:03:07 IST 2026, 96 W
Tue Jan  6 20:03:07 IST 2026, 98 W
Tue Jan  6 20:03:07 IST 2026, 104 W
Tue Jan  6 20:03:08 IST 2026, 122 W
Tue Jan  6 20:03:08 IST 2026, 142 W
Tue Jan  6 20:03:08 IST 2026, 132 W
Tue Jan  6 20:03:08 IST 2026, 129 W
Tue Jan  6 20:03:09 IST 2026, 89 W
Tue Jan  6 20:03:09 IST 2026, 94 W
Tue Jan  6 20:03:09 IST 2026, 96 W
Tue Jan  6 20:03:09 IST 2026, 104 W
Tue Jan  6 20:03:10 IST 2026, 93 W
Tue Jan  6 20:03:10 IST 2026, 90 W
Tue Jan  6 20:03:10 IST 2026, 95 W
Tue Jan  6 20:03:10 IST 2026, 101 W
Tue Jan  6 20:03:11 IST 2026, 127 W
Tue Jan  6 20:03:11 IST 2026, 134 W
Tue Jan  6 20:03:11 IST 2026, 129 W
Tue Jan  6 20:03:11 IST 2026, 142 W
Tue Jan  6 20:03:12 IST 2026, 137 W
Tue Jan  6 20:03:12 IST 2026, 137 W
Tue Jan  6 20:03:12 IST 2026, 130 W
Tue Jan  6 20:03:12 IST 2026, 136 W
Tue Jan  6 20:03:13 IST 2026, 117 W
Tue Jan  6 20:03:13 IST 2026, 119 W
Tue Jan  6 20:03:13 IST 2026, 121 W
Tue Jan  6 20:03:13 IST 2026, 118 W
Tue Jan  6 20:03:14 IST 2026, 98 W
Tue Jan  6 20:03:14 IST 2026, 96 W
Tue Jan  6 20:03:14 IST 2026, 107 W
Tue Jan  6 20:03:14 IST 2026, 109 W
Tue Jan  6 20:03:15 IST 2026, 100 W
Tue Jan  6 20:03:15 IST 2026, 101 W
Tue Jan  6 20:03:15 IST 2026, 107 W
Tue Jan  6 20:03:15 IST 2026, 105 W
Tue Jan  6 20:03:16 IST 2026, 94 W
Tue Jan  6 20:03:16 IST 2026, 97 W
Tue Jan  6 20:03:16 IST 2026, 103 W
Tue Jan  6 20:03:16 IST 2026, 107 W
Tue Jan  6 20:03:17 IST 2026, 91 W
Tue Jan  6 20:03:17 IST 2026, 93 W
Tue Jan  6 20:03:17 IST 2026, 97 W
Tue Jan  6 20:03:17 IST 2026, 101 W
Tue Jan  6 20:03:18 IST 2026, 89 W
Tue Jan  6 20:03:18 IST 2026, 96 W
Tue Jan  6 20:03:18 IST 2026, 98 W
Tue Jan  6 20:03:18 IST 2026, 102 W
Tue Jan  6 20:03:19 IST 2026, 93 W
Tue Jan  6 20:03:19 IST 2026, 98 W
Tue Jan  6 20:03:19 IST 2026, 106 W
Tue Jan  6 20:03:19 IST 2026, 105 W
Tue Jan  6 20:03:20 IST 2026, 90 W
Tue Jan  6 20:03:20 IST 2026, 95 W
Tue Jan  6 20:03:20 IST 2026, 98 W
Tue Jan  6 20:03:20 IST 2026, 107 W
Tue Jan  6 20:03:21 IST 2026, 131 W
Tue Jan  6 20:03:21 IST 2026, 144 W
Tue Jan  6 20:03:21 IST 2026, 143 W
Tue Jan  6 20:03:21 IST 2026, 138 W
Tue Jan  6 20:03:22 IST 2026, 128 W
Tue Jan  6 20:03:22 IST 2026, 142 W
Tue Jan  6 20:03:22 IST 2026, 141 W
Tue Jan  6 20:03:22 IST 2026, 135 W
Tue Jan  6 20:03:23 IST 2026, 121 W
Tue Jan  6 20:03:23 IST 2026, 137 W
Tue Jan  6 20:03:23 IST 2026, 141 W
Tue Jan  6 20:03:23 IST 2026, 137 W
Tue Jan  6 20:03:24 IST 2026, 132 W
Tue Jan  6 20:03:24 IST 2026, 147 W
Tue Jan  6 20:03:24 IST 2026, 143 W
Tue Jan  6 20:03:24 IST 2026, 138 W
Tue Jan  6 20:03:25 IST 2026, 136 W
Tue Jan  6 20:03:25 IST 2026, 130 W
Tue Jan  6 20:03:25 IST 2026, 133 W
Tue Jan  6 20:03:25 IST 2026, 140 W
Tue Jan  6 20:03:26 IST 2026, 134 W
Tue Jan  6 20:03:26 IST 2026, 126 W
Tue Jan  6 20:03:26 IST 2026, 123 W
Tue Jan  6 20:03:26 IST 2026, 138 W
Tue Jan  6 20:03:27 IST 2026, 125 W
Tue Jan  6 20:03:27 IST 2026, 134 W
Tue Jan  6 20:03:27 IST 2026, 134 W
Tue Jan  6 20:03:27 IST 2026, 133 W
Tue Jan  6 20:03:28 IST 2026, 101 W
Tue Jan  6 20:03:28 IST 2026, 96 W
Tue Jan  6 20:03:28 IST 2026, 98 W
Tue Jan  6 20:03:28 IST 2026, 106 W
Tue Jan  6 20:03:29 IST 2026, 99 W
Tue Jan  6 20:03:29 IST 2026, 97 W
Tue Jan  6 20:03:29 IST 2026, 100 W
Tue Jan  6 20:03:29 IST 2026, 102 W
Tue Jan  6 20:03:30 IST 2026, 96 W
Tue Jan  6 20:03:30 IST 2026, 97 W
Tue Jan  6 20:03:30 IST 2026, 98 W
Tue Jan  6 20:03:30 IST 2026, 107 W
Tue Jan  6 20:03:31 IST 2026, 92 W
Tue Jan  6 20:03:31 IST 2026, 102 W
Tue Jan  6 20:03:31 IST 2026, 100 W
Tue Jan  6 20:03:31 IST 2026, 105 W
Tue Jan  6 20:03:32 IST 2026, 97 W
Tue Jan  6 20:03:32 IST 2026, 97 W
Tue Jan  6 20:03:32 IST 2026, 96 W
Tue Jan  6 20:03:32 IST 2026, 106 W
Tue Jan  6 20:03:33 IST 2026, 135 W
Tue Jan  6 20:03:33 IST 2026, 140 W
Tue Jan  6 20:03:33 IST 2026, 140 W
Tue Jan  6 20:03:33 IST 2026, 137 W
Tue Jan  6 20:03:34 IST 2026, 122 W
Tue Jan  6 20:03:34 IST 2026, 133 W
Tue Jan  6 20:03:34 IST 2026, 128 W
Tue Jan  6 20:03:34 IST 2026, 136 W
Tue Jan  6 20:03:35 IST 2026, 125 W
Tue Jan  6 20:03:35 IST 2026, 128 W
Tue Jan  6 20:03:35 IST 2026, 130 W
Tue Jan  6 20:03:35 IST 2026, 141 W
Tue Jan  6 20:03:36 IST 2026, 139 W
Tue Jan  6 20:03:36 IST 2026, 144 W
Tue Jan  6 20:03:36 IST 2026, 135 W
Tue Jan  6 20:03:36 IST 2026, 132 W
Tue Jan  6 20:03:37 IST 2026, 135 W
Tue Jan  6 20:03:37 IST 2026, 143 W
Tue Jan  6 20:03:37 IST 2026, 130 W
Tue Jan  6 20:03:37 IST 2026, 131 W
Tue Jan  6 20:03:38 IST 2026, 128 W
Tue Jan  6 20:03:38 IST 2026, 127 W
Tue Jan  6 20:03:38 IST 2026, 121 W
Tue Jan  6 20:03:38 IST 2026, 137 W
Tue Jan  6 20:03:39 IST 2026, 136 W
Tue Jan  6 20:03:39 IST 2026, 145 W
Tue Jan  6 20:03:39 IST 2026, 135 W
Tue Jan  6 20:03:39 IST 2026, 143 W
Tue Jan  6 20:03:40 IST 2026, 93 W
Tue Jan  6 20:03:40 IST 2026, 95 W
Tue Jan  6 20:03:40 IST 2026, 102 W
Tue Jan  6 20:03:40 IST 2026, 98 W
Tue Jan  6 20:03:41 IST 2026, 95 W
Tue Jan  6 20:03:41 IST 2026, 96 W
Tue Jan  6 20:03:41 IST 2026, 102 W
Tue Jan  6 20:03:41 IST 2026, 101 W
Tue Jan  6 20:03:42 IST 2026, 94 W
Tue Jan  6 20:03:42 IST 2026, 95 W
Tue Jan  6 20:03:42 IST 2026, 98 W
Tue Jan  6 20:03:42 IST 2026, 104 W
Tue Jan  6 20:03:43 IST 2026, 88 W
Tue Jan  6 20:03:43 IST 2026, 100 W
Tue Jan  6 20:03:43 IST 2026, 101 W
Tue Jan  6 20:03:43 IST 2026, 103 W
Tue Jan  6 20:03:44 IST 2026, 145 W
Tue Jan  6 20:03:44 IST 2026, 149 W
Tue Jan  6 20:03:44 IST 2026, 146 W
Tue Jan  6 20:03:44 IST 2026, 142 W
Tue Jan  6 20:03:45 IST 2026, 129 W
Tue Jan  6 20:03:45 IST 2026, 133 W
Tue Jan  6 20:03:45 IST 2026, 139 W
Tue Jan  6 20:03:45 IST 2026, 139 W
Tue Jan  6 20:03:46 IST 2026, 134 W
Tue Jan  6 20:03:46 IST 2026, 136 W
Tue Jan  6 20:03:46 IST 2026, 138 W
Tue Jan  6 20:03:46 IST 2026, 141 W
Tue Jan  6 20:03:47 IST 2026, 131 W
Tue Jan  6 20:03:47 IST 2026, 142 W
Tue Jan  6 20:03:47 IST 2026, 135 W
Tue Jan  6 20:03:47 IST 2026, 142 W
Tue Jan  6 20:03:48 IST 2026, 143 W
Tue Jan  6 20:03:48 IST 2026, 135 W
Tue Jan  6 20:03:48 IST 2026, 136 W
Tue Jan  6 20:03:48 IST 2026, 138 W
Tue Jan  6 20:03:49 IST 2026, 140 W
Tue Jan  6 20:03:49 IST 2026, 141 W
Tue Jan  6 20:03:49 IST 2026, 134 W
Tue Jan  6 20:03:49 IST 2026, 144 W
Tue Jan  6 20:03:50 IST 2026, 139 W
Tue Jan  6 20:03:50 IST 2026, 136 W
Tue Jan  6 20:03:50 IST 2026, 133 W
Tue Jan  6 20:03:50 IST 2026, 137 W
Tue Jan  6 20:03:51 IST 2026, 132 W
Tue Jan  6 20:03:51 IST 2026, 138 W
Tue Jan  6 20:03:51 IST 2026, 141 W
Tue Jan  6 20:03:51 IST 2026, 136 W
Tue Jan  6 20:03:52 IST 2026, 131 W
Tue Jan  6 20:03:52 IST 2026, 120 W
Tue Jan  6 20:03:52 IST 2026, 128 W
Tue Jan  6 20:03:52 IST 2026, 133 W
Tue Jan  6 20:03:53 IST 2026, 134 W
Tue Jan  6 20:03:53 IST 2026, 138 W
Tue Jan  6 20:03:53 IST 2026, 142 W
Tue Jan  6 20:03:53 IST 2026, 142 W
Tue Jan  6 20:03:54 IST 2026, 130 W
Tue Jan  6 20:03:54 IST 2026, 137 W
Tue Jan  6 20:03:54 IST 2026, 143 W
Tue Jan  6 20:03:54 IST 2026, 138 W
Tue Jan  6 20:03:55 IST 2026, 133 W
Tue Jan  6 20:03:55 IST 2026, 130 W
Tue Jan  6 20:03:55 IST 2026, 131 W
Tue Jan  6 20:03:55 IST 2026, 137 W
Tue Jan  6 20:03:56 IST 2026, 120 W
Tue Jan  6 20:03:56 IST 2026, 121 W
Tue Jan  6 20:03:56 IST 2026, 119 W
Tue Jan  6 20:03:56 IST 2026, 120 W
Tue Jan  6 20:03:57 IST 2026, 98 W
Tue Jan  6 20:03:57 IST 2026, 95 W
Tue Jan  6 20:03:57 IST 2026, 94 W
Tue Jan  6 20:03:57 IST 2026, 103 W
Tue Jan  6 20:03:58 IST 2026, 98 W
Tue Jan  6 20:03:58 IST 2026, 101 W
Tue Jan  6 20:03:58 IST 2026, 106 W
Tue Jan  6 20:03:58 IST 2026, 109 W
Tue Jan  6 20:03:59 IST 2026, 93 W
Tue Jan  6 20:03:59 IST 2026, 90 W
Tue Jan  6 20:03:59 IST 2026, 103 W
Tue Jan  6 20:03:59 IST 2026, 101 W
Tue Jan  6 20:04:00 IST 2026, 89 W
Tue Jan  6 20:04:00 IST 2026, 93 W
Tue Jan  6 20:04:00 IST 2026, 95 W
Tue Jan  6 20:04:00 IST 2026, 102 W
Tue Jan  6 20:04:01 IST 2026, 139 W
Tue Jan  6 20:04:01 IST 2026, 138 W
Tue Jan  6 20:04:01 IST 2026, 134 W
Tue Jan  6 20:04:01 IST 2026, 137 W
Tue Jan  6 20:04:02 IST 2026, 134 W
Tue Jan  6 20:04:02 IST 2026, 139 W
Tue Jan  6 20:04:02 IST 2026, 140 W
Tue Jan  6 20:04:02 IST 2026, 136 W
Tue Jan  6 20:04:03 IST 2026, 137 W
Tue Jan  6 20:04:03 IST 2026, 150 W
Tue Jan  6 20:04:03 IST 2026, 135 W
Tue Jan  6 20:04:03 IST 2026, 137 W
Tue Jan  6 20:04:04 IST 2026, 144 W
Tue Jan  6 20:04:04 IST 2026, 135 W
Tue Jan  6 20:04:04 IST 2026, 133 W
Tue Jan  6 20:04:04 IST 2026, 139 W
Tue Jan  6 20:04:05 IST 2026, 140 W
Tue Jan  6 20:04:05 IST 2026, 144 W
Tue Jan  6 20:04:05 IST 2026, 131 W
Tue Jan  6 20:04:05 IST 2026, 142 W
Tue Jan  6 20:04:06 IST 2026, 136 W
Tue Jan  6 20:04:06 IST 2026, 143 W
Tue Jan  6 20:04:06 IST 2026, 136 W
Tue Jan  6 20:04:06 IST 2026, 141 W
Tue Jan  6 20:04:07 IST 2026, 138 W
Tue Jan  6 20:04:07 IST 2026, 137 W
Tue Jan  6 20:04:07 IST 2026, 142 W
Tue Jan  6 20:04:07 IST 2026, 138 W
Tue Jan  6 20:04:08 IST 2026, 136 W
Tue Jan  6 20:04:08 IST 2026, 148 W
Tue Jan  6 20:04:08 IST 2026, 139 W
Tue Jan  6 20:04:08 IST 2026, 136 W
Tue Jan  6 20:04:09 IST 2026, 100 W
Tue Jan  6 20:04:09 IST 2026, 99 W
Tue Jan  6 20:04:09 IST 2026, 98 W
Tue Jan  6 20:04:09 IST 2026, 100 W
Tue Jan  6 20:04:10 IST 2026, 98 W
Tue Jan  6 20:04:10 IST 2026, 92 W
Tue Jan  6 20:04:10 IST 2026, 98 W
Tue Jan  6 20:04:10 IST 2026, 100 W
Tue Jan  6 20:04:11 IST 2026, 101 W
Tue Jan  6 20:04:11 IST 2026, 96 W
Tue Jan  6 20:04:11 IST 2026, 99 W
Tue Jan  6 20:04:11 IST 2026, 103 W
Tue Jan  6 20:04:12 IST 2026, 102 W
Tue Jan  6 20:04:12 IST 2026, 102 W
Tue Jan  6 20:04:12 IST 2026, 98 W
Tue Jan  6 20:04:12 IST 2026, 99 W
Tue Jan  6 20:04:13 IST 2026, 90 W
Tue Jan  6 20:04:13 IST 2026, 99 W
Tue Jan  6 20:04:13 IST 2026, 99 W
Tue Jan  6 20:04:13 IST 2026, 97 W
Tue Jan  6 20:04:14 IST 2026, 136 W
Tue Jan  6 20:04:14 IST 2026, 130 W
Tue Jan  6 20:04:14 IST 2026, 138 W
Tue Jan  6 20:04:14 IST 2026, 138 W
Tue Jan  6 20:04:15 IST 2026, 136 W
Tue Jan  6 20:04:15 IST 2026, 132 W
Tue Jan  6 20:04:15 IST 2026, 132 W
Tue Jan  6 20:04:15 IST 2026, 134 W
Tue Jan  6 20:04:16 IST 2026, 129 W
Tue Jan  6 20:04:16 IST 2026, 137 W
Tue Jan  6 20:04:16 IST 2026, 135 W
Tue Jan  6 20:04:16 IST 2026, 129 W
Tue Jan  6 20:04:17 IST 2026, 133 W
Tue Jan  6 20:04:17 IST 2026, 134 W
Tue Jan  6 20:04:17 IST 2026, 140 W
Tue Jan  6 20:04:17 IST 2026, 130 W
Tue Jan  6 20:04:18 IST 2026, 138 W
Tue Jan  6 20:04:18 IST 2026, 139 W
Tue Jan  6 20:04:18 IST 2026, 145 W
Tue Jan  6 20:04:18 IST 2026, 138 W
Tue Jan  6 20:04:19 IST 2026, 139 W
Tue Jan  6 20:04:19 IST 2026, 127 W
Tue Jan  6 20:04:19 IST 2026, 139 W
Tue Jan  6 20:04:19 IST 2026, 141 W
Tue Jan  6 20:04:20 IST 2026, 138 W
Tue Jan  6 20:04:20 IST 2026, 133 W
Tue Jan  6 20:04:20 IST 2026, 134 W
Tue Jan  6 20:04:20 IST 2026, 145 W
Tue Jan  6 20:04:21 IST 2026, 102 W
Tue Jan  6 20:04:21 IST 2026, 92 W
Tue Jan  6 20:04:21 IST 2026, 103 W
Tue Jan  6 20:04:21 IST 2026, 100 W
Tue Jan  6 20:04:22 IST 2026, 101 W
Tue Jan  6 20:04:22 IST 2026, 102 W
Tue Jan  6 20:04:22 IST 2026, 96 W
Tue Jan  6 20:04:22 IST 2026, 99 W
Tue Jan  6 20:04:23 IST 2026, 98 W
Tue Jan  6 20:04:23 IST 2026, 94 W
Tue Jan  6 20:04:23 IST 2026, 99 W
Tue Jan  6 20:04:23 IST 2026, 100 W
Tue Jan  6 20:04:24 IST 2026, 94 W
Tue Jan  6 20:04:24 IST 2026, 105 W
Tue Jan  6 20:04:24 IST 2026, 107 W
Tue Jan  6 20:04:24 IST 2026, 99 W
Tue Jan  6 20:04:25 IST 2026, 131 W
Tue Jan  6 20:04:25 IST 2026, 133 W
Tue Jan  6 20:04:25 IST 2026, 147 W
Tue Jan  6 20:04:25 IST 2026, 149 W
Tue Jan  6 20:04:26 IST 2026, 134 W
Tue Jan  6 20:04:26 IST 2026, 114 W
Tue Jan  6 20:04:26 IST 2026, 141 W
Tue Jan  6 20:04:26 IST 2026, 140 W
Tue Jan  6 20:04:27 IST 2026, 139 W
Tue Jan  6 20:04:27 IST 2026, 130 W
Tue Jan  6 20:04:27 IST 2026, 136 W
Tue Jan  6 20:04:27 IST 2026, 153 W
Tue Jan  6 20:04:28 IST 2026, 143 W
Tue Jan  6 20:04:28 IST 2026, 130 W
Tue Jan  6 20:04:28 IST 2026, 135 W
Tue Jan  6 20:04:28 IST 2026, 146 W
Tue Jan  6 20:04:29 IST 2026, 139 W
Tue Jan  6 20:04:29 IST 2026, 133 W
Tue Jan  6 20:04:29 IST 2026, 135 W
Tue Jan  6 20:04:29 IST 2026, 141 W
Tue Jan  6 20:04:30 IST 2026, 141 W
Tue Jan  6 20:04:30 IST 2026, 134 W
Tue Jan  6 20:04:30 IST 2026, 133 W
Tue Jan  6 20:04:30 IST 2026, 147 W
Tue Jan  6 20:04:31 IST 2026, 131 W
Tue Jan  6 20:04:31 IST 2026, 130 W
Tue Jan  6 20:04:31 IST 2026, 125 W
Tue Jan  6 20:04:31 IST 2026, 131 W
Tue Jan  6 20:04:32 IST 2026, 133 W
Tue Jan  6 20:04:32 IST 2026, 143 W
Tue Jan  6 20:04:32 IST 2026, 142 W
Tue Jan  6 20:04:32 IST 2026, 143 W
Tue Jan  6 20:04:33 IST 2026, 129 W
Tue Jan  6 20:04:33 IST 2026, 134 W
Tue Jan  6 20:04:33 IST 2026, 137 W
Tue Jan  6 20:04:33 IST 2026, 139 W
Tue Jan  6 20:04:34 IST 2026, 133 W
Tue Jan  6 20:04:34 IST 2026, 133 W
Tue Jan  6 20:04:34 IST 2026, 142 W
Tue Jan  6 20:04:34 IST 2026, 150 W
Tue Jan  6 20:04:35 IST 2026, 129 W
Tue Jan  6 20:04:35 IST 2026, 128 W
Tue Jan  6 20:04:35 IST 2026, 133 W
Tue Jan  6 20:04:35 IST 2026, 141 W
Tue Jan  6 20:04:36 IST 2026, 134 W
Tue Jan  6 20:04:36 IST 2026, 129 W
Tue Jan  6 20:04:36 IST 2026, 145 W
Tue Jan  6 20:04:36 IST 2026, 138 W
Tue Jan  6 20:04:37 IST 2026, 130 W
Tue Jan  6 20:04:37 IST 2026, 135 W
Tue Jan  6 20:04:37 IST 2026, 142 W
Tue Jan  6 20:04:37 IST 2026, 142 W
Tue Jan  6 20:04:38 IST 2026, 98 W
Tue Jan  6 20:04:38 IST 2026, 92 W
Tue Jan  6 20:04:38 IST 2026, 100 W
Tue Jan  6 20:04:38 IST 2026, 103 W
Tue Jan  6 20:04:39 IST 2026, 91 W
Tue Jan  6 20:04:39 IST 2026, 94 W
Tue Jan  6 20:04:39 IST 2026, 101 W
Tue Jan  6 20:04:39 IST 2026, 101 W
Tue Jan  6 20:04:40 IST 2026, 97 W
Tue Jan  6 20:04:40 IST 2026, 95 W
Tue Jan  6 20:04:40 IST 2026, 95 W
Tue Jan  6 20:04:40 IST 2026, 107 W
Tue Jan  6 20:04:41 IST 2026, 90 W
Tue Jan  6 20:04:41 IST 2026, 100 W
Tue Jan  6 20:04:41 IST 2026, 101 W
Tue Jan  6 20:04:41 IST 2026, 100 W
Tue Jan  6 20:04:42 IST 2026, 99 W
Tue Jan  6 20:04:42 IST 2026, 93 W
Tue Jan  6 20:04:42 IST 2026, 101 W
Tue Jan  6 20:04:42 IST 2026, 102 W
Tue Jan  6 20:04:43 IST 2026, 141 W
Tue Jan  6 20:04:43 IST 2026, 133 W
Tue Jan  6 20:04:43 IST 2026, 144 W
Tue Jan  6 20:04:43 IST 2026, 150 W
Tue Jan  6 20:04:44 IST 2026, 134 W
Tue Jan  6 20:04:44 IST 2026, 126 W
Tue Jan  6 20:04:44 IST 2026, 132 W
Tue Jan  6 20:04:44 IST 2026, 148 W
Tue Jan  6 20:04:45 IST 2026, 138 W
Tue Jan  6 20:04:45 IST 2026, 129 W
Tue Jan  6 20:04:45 IST 2026, 142 W
Tue Jan  6 20:04:45 IST 2026, 147 W
Tue Jan  6 20:04:46 IST 2026, 137 W
Tue Jan  6 20:04:46 IST 2026, 136 W
Tue Jan  6 20:04:46 IST 2026, 139 W
Tue Jan  6 20:04:46 IST 2026, 143 W
Tue Jan  6 20:04:47 IST 2026, 130 W
Tue Jan  6 20:04:47 IST 2026, 125 W
Tue Jan  6 20:04:47 IST 2026, 137 W
Tue Jan  6 20:04:47 IST 2026, 151 W
Tue Jan  6 20:04:48 IST 2026, 136 W
Tue Jan  6 20:04:48 IST 2026, 133 W
Tue Jan  6 20:04:48 IST 2026, 138 W
Tue Jan  6 20:04:48 IST 2026, 130 W
Tue Jan  6 20:04:49 IST 2026, 143 W
Tue Jan  6 20:04:49 IST 2026, 135 W
Tue Jan  6 20:04:49 IST 2026, 144 W
Tue Jan  6 20:04:49 IST 2026, 142 W
Tue Jan  6 20:04:50 IST 2026, 134 W
Tue Jan  6 20:04:50 IST 2026, 135 W
Tue Jan  6 20:04:50 IST 2026, 134 W
Tue Jan  6 20:04:50 IST 2026, 140 W
Tue Jan  6 20:04:51 IST 2026, 124 W
Tue Jan  6 20:04:51 IST 2026, 129 W
Tue Jan  6 20:04:51 IST 2026, 131 W
Tue Jan  6 20:04:51 IST 2026, 152 W
Tue Jan  6 20:04:52 IST 2026, 136 W
Tue Jan  6 20:04:52 IST 2026, 134 W
Tue Jan  6 20:04:52 IST 2026, 129 W
Tue Jan  6 20:04:52 IST 2026, 143 W
Tue Jan  6 20:04:53 IST 2026, 133 W
Tue Jan  6 20:04:53 IST 2026, 127 W
Tue Jan  6 20:04:53 IST 2026, 133 W
Tue Jan  6 20:04:53 IST 2026, 142 W
Tue Jan  6 20:04:54 IST 2026, 135 W
Tue Jan  6 20:04:54 IST 2026, 134 W
Tue Jan  6 20:04:54 IST 2026, 129 W
Tue Jan  6 20:04:54 IST 2026, 143 W
Tue Jan  6 20:04:55 IST 2026, 98 W
Tue Jan  6 20:04:55 IST 2026, 102 W
Tue Jan  6 20:04:55 IST 2026, 109 W
Tue Jan  6 20:04:55 IST 2026, 104 W
Tue Jan  6 20:04:56 IST 2026, 98 W
Tue Jan  6 20:04:56 IST 2026, 102 W
Tue Jan  6 20:04:56 IST 2026, 107 W
Tue Jan  6 20:04:56 IST 2026, 108 W
Tue Jan  6 20:04:57 IST 2026, 98 W
Tue Jan  6 20:04:57 IST 2026, 95 W
Tue Jan  6 20:04:57 IST 2026, 101 W
Tue Jan  6 20:04:57 IST 2026, 100 W
Tue Jan  6 20:04:58 IST 2026, 91 W
Tue Jan  6 20:04:58 IST 2026, 94 W
Tue Jan  6 20:04:58 IST 2026, 106 W
Tue Jan  6 20:04:58 IST 2026, 97 W
Tue Jan  6 20:04:59 IST 2026, 89 W
Tue Jan  6 20:04:59 IST 2026, 93 W
Tue Jan  6 20:04:59 IST 2026, 101 W
Tue Jan  6 20:04:59 IST 2026, 99 W
Tue Jan  6 20:05:02 IST 2026, 134 W
Tue Jan  6 20:05:02 IST 2026, 143 W
Tue Jan  6 20:05:02 IST 2026, 126 W
Tue Jan  6 20:05:02 IST 2026, 144 W
Tue Jan  6 20:05:02 IST 2026, 127 W
Tue Jan  6 20:05:02 IST 2026, 126 W
Tue Jan  6 20:05:02 IST 2026, 126 W
Tue Jan  6 20:05:02 IST 2026, 135 W
Tue Jan  6 20:05:03 IST 2026, 128 W
Tue Jan  6 20:05:03 IST 2026, 135 W
Tue Jan  6 20:05:03 IST 2026, 142 W
Tue Jan  6 20:05:03 IST 2026, 136 W
Tue Jan  6 20:05:04 IST 2026, 129 W
Tue Jan  6 20:05:04 IST 2026, 136 W
Tue Jan  6 20:05:04 IST 2026, 128 W
Tue Jan  6 20:05:04 IST 2026, 140 W
Tue Jan  6 20:05:05 IST 2026, 132 W
Tue Jan  6 20:05:05 IST 2026, 136 W
Tue Jan  6 20:05:05 IST 2026, 135 W
Tue Jan  6 20:05:05 IST 2026, 138 W
Tue Jan  6 20:05:06 IST 2026, 137 W
Tue Jan  6 20:05:06 IST 2026, 134 W
Tue Jan  6 20:05:06 IST 2026, 136 W
Tue Jan  6 20:05:06 IST 2026, 131 W
Tue Jan  6 20:05:07 IST 2026, 136 W
Tue Jan  6 20:05:07 IST 2026, 146 W
Tue Jan  6 20:05:07 IST 2026, 138 W
Tue Jan  6 20:05:07 IST 2026, 137 W
Tue Jan  6 20:05:08 IST 2026, 129 W
Tue Jan  6 20:05:08 IST 2026, 135 W
Tue Jan  6 20:05:08 IST 2026, 140 W
Tue Jan  6 20:05:08 IST 2026, 135 W
Tue Jan  6 20:05:09 IST 2026, 134 W
Tue Jan  6 20:05:09 IST 2026, 133 W
Tue Jan  6 20:05:09 IST 2026, 127 W
Tue Jan  6 20:05:09 IST 2026, 133 W
Tue Jan  6 20:05:10 IST 2026, 134 W
Tue Jan  6 20:05:10 IST 2026, 127 W
Tue Jan  6 20:05:10 IST 2026, 132 W
Tue Jan  6 20:05:10 IST 2026, 129 W
Tue Jan  6 20:05:11 IST 2026, 97 W
Tue Jan  6 20:05:11 IST 2026, 96 W
Tue Jan  6 20:05:11 IST 2026, 106 W
Tue Jan  6 20:05:11 IST 2026, 99 W
Tue Jan  6 20:05:12 IST 2026, 95 W
Tue Jan  6 20:05:12 IST 2026, 104 W
Tue Jan  6 20:05:12 IST 2026, 104 W
Tue Jan  6 20:05:12 IST 2026, 103 W
Tue Jan  6 20:05:13 IST 2026, 91 W
Tue Jan  6 20:05:13 IST 2026, 93 W
Tue Jan  6 20:05:13 IST 2026, 97 W
Tue Jan  6 20:05:13 IST 2026, 98 W
Tue Jan  6 20:05:14 IST 2026, 95 W
Tue Jan  6 20:05:14 IST 2026, 102 W
Tue Jan  6 20:05:14 IST 2026, 100 W
Tue Jan  6 20:05:14 IST 2026, 102 W
Tue Jan  6 20:05:15 IST 2026, 127 W
Tue Jan  6 20:05:15 IST 2026, 137 W
Tue Jan  6 20:05:15 IST 2026, 138 W
Tue Jan  6 20:05:15 IST 2026, 130 W
Tue Jan  6 20:05:16 IST 2026, 126 W
Tue Jan  6 20:05:16 IST 2026, 135 W
Tue Jan  6 20:05:16 IST 2026, 133 W
Tue Jan  6 20:05:16 IST 2026, 129 W
Tue Jan  6 20:05:17 IST 2026, 130 W
Tue Jan  6 20:05:17 IST 2026, 139 W
Tue Jan  6 20:05:17 IST 2026, 140 W
Tue Jan  6 20:05:17 IST 2026, 136 W
Tue Jan  6 20:05:18 IST 2026, 132 W
Tue Jan  6 20:05:18 IST 2026, 142 W
Tue Jan  6 20:05:18 IST 2026, 136 W
Tue Jan  6 20:05:18 IST 2026, 138 W
Tue Jan  6 20:05:19 IST 2026, 134 W
Tue Jan  6 20:05:19 IST 2026, 138 W
Tue Jan  6 20:05:19 IST 2026, 137 W
Tue Jan  6 20:05:19 IST 2026, 141 W
Tue Jan  6 20:05:20 IST 2026, 133 W
Tue Jan  6 20:05:20 IST 2026, 128 W
Tue Jan  6 20:05:20 IST 2026, 130 W
Tue Jan  6 20:05:20 IST 2026, 132 W
Tue Jan  6 20:05:21 IST 2026, 140 W
Tue Jan  6 20:05:21 IST 2026, 141 W
Tue Jan  6 20:05:21 IST 2026, 133 W
Tue Jan  6 20:05:21 IST 2026, 145 W
Tue Jan  6 20:05:22 IST 2026, 135 W
Tue Jan  6 20:05:22 IST 2026, 142 W
Tue Jan  6 20:05:22 IST 2026, 136 W
Tue Jan  6 20:05:22 IST 2026, 145 W
Tue Jan  6 20:05:23 IST 2026, 137 W
Tue Jan  6 20:05:23 IST 2026, 136 W
Tue Jan  6 20:05:23 IST 2026, 135 W
Tue Jan  6 20:05:23 IST 2026, 134 W
Tue Jan  6 20:05:24 IST 2026, 141 W
Tue Jan  6 20:05:24 IST 2026, 135 W
Tue Jan  6 20:05:24 IST 2026, 131 W
Tue Jan  6 20:05:24 IST 2026, 132 W
Tue Jan  6 20:05:25 IST 2026, 135 W
Tue Jan  6 20:05:25 IST 2026, 138 W
Tue Jan  6 20:05:25 IST 2026, 133 W
Tue Jan  6 20:05:25 IST 2026, 143 W
Tue Jan  6 20:05:26 IST 2026, 91 W
Tue Jan  6 20:05:26 IST 2026, 93 W
Tue Jan  6 20:05:26 IST 2026, 99 W
Tue Jan  6 20:05:26 IST 2026, 105 W
Tue Jan  6 20:05:27 IST 2026, 98 W
Tue Jan  6 20:05:27 IST 2026, 95 W
Tue Jan  6 20:05:27 IST 2026, 102 W
Tue Jan  6 20:05:27 IST 2026, 102 W
Tue Jan  6 20:05:28 IST 2026, 91 W
Tue Jan  6 20:05:28 IST 2026, 97 W
Tue Jan  6 20:05:28 IST 2026, 107 W
Tue Jan  6 20:05:28 IST 2026, 105 W
Tue Jan  6 20:05:29 IST 2026, 96 W
Tue Jan  6 20:05:29 IST 2026, 96 W
Tue Jan  6 20:05:29 IST 2026, 97 W
Tue Jan  6 20:05:29 IST 2026, 98 W
Tue Jan  6 20:05:30 IST 2026, 89 W
Tue Jan  6 20:05:30 IST 2026, 94 W
Tue Jan  6 20:05:30 IST 2026, 107 W
Tue Jan  6 20:05:30 IST 2026, 106 W
Tue Jan  6 20:05:31 IST 2026, 136 W
Tue Jan  6 20:05:31 IST 2026, 127 W
Tue Jan  6 20:05:31 IST 2026, 130 W
Tue Jan  6 20:05:31 IST 2026, 138 W
Tue Jan  6 20:05:32 IST 2026, 129 W
Tue Jan  6 20:05:32 IST 2026, 135 W
Tue Jan  6 20:05:32 IST 2026, 132 W
Tue Jan  6 20:05:32 IST 2026, 138 W
Tue Jan  6 20:05:33 IST 2026, 139 W
Tue Jan  6 20:05:33 IST 2026, 129 W
Tue Jan  6 20:05:33 IST 2026, 133 W
Tue Jan  6 20:05:33 IST 2026, 140 W
Tue Jan  6 20:05:34 IST 2026, 129 W
Tue Jan  6 20:05:34 IST 2026, 127 W
Tue Jan  6 20:05:34 IST 2026, 127 W
Tue Jan  6 20:05:34 IST 2026, 133 W
Tue Jan  6 20:05:35 IST 2026, 133 W
Tue Jan  6 20:05:35 IST 2026, 136 W
Tue Jan  6 20:05:35 IST 2026, 134 W
Tue Jan  6 20:05:35 IST 2026, 139 W
Tue Jan  6 20:05:36 IST 2026, 132 W
Tue Jan  6 20:05:36 IST 2026, 135 W
Tue Jan  6 20:05:36 IST 2026, 130 W
Tue Jan  6 20:05:36 IST 2026, 139 W
Tue Jan  6 20:05:37 IST 2026, 134 W
Tue Jan  6 20:05:37 IST 2026, 141 W
Tue Jan  6 20:05:37 IST 2026, 135 W
Tue Jan  6 20:05:37 IST 2026, 136 W
Tue Jan  6 20:05:38 IST 2026, 138 W
Tue Jan  6 20:05:38 IST 2026, 135 W
Tue Jan  6 20:05:38 IST 2026, 135 W
Tue Jan  6 20:05:38 IST 2026, 134 W
Tue Jan  6 20:05:39 IST 2026, 135 W
Tue Jan  6 20:05:39 IST 2026, 122 W
Tue Jan  6 20:05:39 IST 2026, 132 W
Tue Jan  6 20:05:39 IST 2026, 139 W
Tue Jan  6 20:05:40 IST 2026, 93 W
Tue Jan  6 20:05:40 IST 2026, 98 W
Tue Jan  6 20:05:40 IST 2026, 105 W
Tue Jan  6 20:05:40 IST 2026, 98 W
Tue Jan  6 20:05:41 IST 2026, 99 W
Tue Jan  6 20:05:41 IST 2026, 98 W
Tue Jan  6 20:05:41 IST 2026, 102 W
Tue Jan  6 20:05:41 IST 2026, 101 W
Tue Jan  6 20:05:42 IST 2026, 94 W
Tue Jan  6 20:05:42 IST 2026, 94 W
Tue Jan  6 20:05:42 IST 2026, 100 W
Tue Jan  6 20:05:42 IST 2026, 100 W
Tue Jan  6 20:05:43 IST 2026, 95 W
Tue Jan  6 20:05:43 IST 2026, 97 W
Tue Jan  6 20:05:43 IST 2026, 99 W
Tue Jan  6 20:05:43 IST 2026, 103 W
Tue Jan  6 20:05:44 IST 2026, 133 W
Tue Jan  6 20:05:44 IST 2026, 127 W
Tue Jan  6 20:05:44 IST 2026, 130 W
Tue Jan  6 20:05:44 IST 2026, 140 W
Tue Jan  6 20:05:45 IST 2026, 140 W
Tue Jan  6 20:05:45 IST 2026, 136 W
Tue Jan  6 20:05:45 IST 2026, 139 W
Tue Jan  6 20:05:45 IST 2026, 141 W
Tue Jan  6 20:05:46 IST 2026, 140 W
Tue Jan  6 20:05:46 IST 2026, 132 W
Tue Jan  6 20:05:46 IST 2026, 138 W
Tue Jan  6 20:05:46 IST 2026, 148 W
Tue Jan  6 20:05:47 IST 2026, 147 W
Tue Jan  6 20:05:47 IST 2026, 129 W
Tue Jan  6 20:05:47 IST 2026, 135 W
Tue Jan  6 20:05:47 IST 2026, 150 W
Tue Jan  6 20:05:48 IST 2026, 133 W
Tue Jan  6 20:05:48 IST 2026, 132 W
Tue Jan  6 20:05:48 IST 2026, 143 W
Tue Jan  6 20:05:48 IST 2026, 139 W
Tue Jan  6 20:05:49 IST 2026, 141 W
Tue Jan  6 20:05:49 IST 2026, 137 W
Tue Jan  6 20:05:49 IST 2026, 139 W
Tue Jan  6 20:05:49 IST 2026, 148 W
Tue Jan  6 20:05:50 IST 2026, 139 W
Tue Jan  6 20:05:50 IST 2026, 122 W
Tue Jan  6 20:05:50 IST 2026, 130 W
Tue Jan  6 20:05:50 IST 2026, 140 W
Tue Jan  6 20:05:51 IST 2026, 142 W
Tue Jan  6 20:05:51 IST 2026, 126 W
Tue Jan  6 20:05:51 IST 2026, 138 W
Tue Jan  6 20:05:51 IST 2026, 145 W
Tue Jan  6 20:05:52 IST 2026, 90 W
Tue Jan  6 20:05:52 IST 2026, 96 W
Tue Jan  6 20:05:52 IST 2026, 97 W
Tue Jan  6 20:05:52 IST 2026, 103 W
Tue Jan  6 20:05:53 IST 2026, 90 W
Tue Jan  6 20:05:53 IST 2026, 97 W
Tue Jan  6 20:05:53 IST 2026, 104 W
Tue Jan  6 20:05:53 IST 2026, 105 W
Tue Jan  6 20:05:54 IST 2026, 92 W
Tue Jan  6 20:05:54 IST 2026, 97 W
Tue Jan  6 20:05:54 IST 2026, 104 W
Tue Jan  6 20:05:54 IST 2026, 101 W
Tue Jan  6 20:05:55 IST 2026, 90 W
Tue Jan  6 20:05:55 IST 2026, 99 W
Tue Jan  6 20:05:55 IST 2026, 94 W
Tue Jan  6 20:05:55 IST 2026, 100 W
Tue Jan  6 20:05:56 IST 2026, 99 W
Tue Jan  6 20:05:56 IST 2026, 97 W
Tue Jan  6 20:05:56 IST 2026, 104 W
Tue Jan  6 20:05:56 IST 2026, 104 W
Tue Jan  6 20:05:57 IST 2026, 135 W
Tue Jan  6 20:05:57 IST 2026, 125 W
Tue Jan  6 20:05:57 IST 2026, 135 W
Tue Jan  6 20:05:57 IST 2026, 147 W
Tue Jan  6 20:05:58 IST 2026, 131 W
Tue Jan  6 20:05:58 IST 2026, 131 W
Tue Jan  6 20:05:58 IST 2026, 134 W
Tue Jan  6 20:05:58 IST 2026, 144 W
Tue Jan  6 20:05:59 IST 2026, 133 W
Tue Jan  6 20:05:59 IST 2026, 133 W
Tue Jan  6 20:05:59 IST 2026, 135 W
Tue Jan  6 20:05:59 IST 2026, 136 W
Tue Jan  6 20:06:00 IST 2026, 134 W
Tue Jan  6 20:06:00 IST 2026, 127 W
Tue Jan  6 20:06:00 IST 2026, 134 W
Tue Jan  6 20:06:00 IST 2026, 149 W
Tue Jan  6 20:06:01 IST 2026, 138 W
Tue Jan  6 20:06:01 IST 2026, 135 W
Tue Jan  6 20:06:01 IST 2026, 136 W
Tue Jan  6 20:06:01 IST 2026, 144 W
Tue Jan  6 20:06:02 IST 2026, 93 W
Tue Jan  6 20:06:02 IST 2026, 100 W
Tue Jan  6 20:06:02 IST 2026, 101 W
Tue Jan  6 20:06:02 IST 2026, 101 W
Tue Jan  6 20:06:03 IST 2026, 94 W
Tue Jan  6 20:06:03 IST 2026, 91 W
Tue Jan  6 20:06:03 IST 2026, 100 W
Tue Jan  6 20:06:03 IST 2026, 103 W
Tue Jan  6 20:06:04 IST 2026, 94 W
Tue Jan  6 20:06:04 IST 2026, 96 W
Tue Jan  6 20:06:04 IST 2026, 108 W
Tue Jan  6 20:06:04 IST 2026, 103 W
Tue Jan  6 20:06:05 IST 2026, 88 W
Tue Jan  6 20:06:05 IST 2026, 99 W
Tue Jan  6 20:06:05 IST 2026, 98 W
Tue Jan  6 20:06:05 IST 2026, 108 W
Tue Jan  6 20:06:06 IST 2026, 168 W
Tue Jan  6 20:06:06 IST 2026, 181 W
Tue Jan  6 20:06:06 IST 2026, 173 W
Tue Jan  6 20:06:06 IST 2026, 183 W
Tue Jan  6 20:06:07 IST 2026, 128 W
Tue Jan  6 20:06:07 IST 2026, 130 W
Tue Jan  6 20:06:07 IST 2026, 130 W
Tue Jan  6 20:06:07 IST 2026, 133 W
Tue Jan  6 20:06:08 IST 2026, 135 W
Tue Jan  6 20:06:08 IST 2026, 130 W
Tue Jan  6 20:06:08 IST 2026, 137 W
Tue Jan  6 20:06:08 IST 2026, 142 W
Tue Jan  6 20:06:09 IST 2026, 137 W
Tue Jan  6 20:06:09 IST 2026, 141 W
Tue Jan  6 20:06:09 IST 2026, 123 W
Tue Jan  6 20:06:09 IST 2026, 131 W
Tue Jan  6 20:06:10 IST 2026, 136 W
Tue Jan  6 20:06:10 IST 2026, 138 W
Tue Jan  6 20:06:10 IST 2026, 133 W
Tue Jan  6 20:06:10 IST 2026, 144 W
Tue Jan  6 20:06:11 IST 2026, 135 W
Tue Jan  6 20:06:11 IST 2026, 134 W
Tue Jan  6 20:06:11 IST 2026, 134 W
Tue Jan  6 20:06:11 IST 2026, 138 W
Tue Jan  6 20:06:12 IST 2026, 132 W
Tue Jan  6 20:06:12 IST 2026, 138 W
Tue Jan  6 20:06:12 IST 2026, 128 W
Tue Jan  6 20:06:12 IST 2026, 141 W
Tue Jan  6 20:06:13 IST 2026, 147 W
Tue Jan  6 20:06:13 IST 2026, 130 W
Tue Jan  6 20:06:13 IST 2026, 133 W
Tue Jan  6 20:06:13 IST 2026, 143 W
Tue Jan  6 20:06:14 IST 2026, 133 W
Tue Jan  6 20:06:14 IST 2026, 134 W
Tue Jan  6 20:06:14 IST 2026, 130 W
Tue Jan  6 20:06:14 IST 2026, 145 W
Tue Jan  6 20:06:15 IST 2026, 127 W
Tue Jan  6 20:06:15 IST 2026, 128 W
Tue Jan  6 20:06:15 IST 2026, 132 W
Tue Jan  6 20:06:15 IST 2026, 143 W
Tue Jan  6 20:06:16 IST 2026, 126 W
Tue Jan  6 20:06:16 IST 2026, 133 W
Tue Jan  6 20:06:16 IST 2026, 126 W
Tue Jan  6 20:06:16 IST 2026, 129 W
Tue Jan  6 20:06:17 IST 2026, 129 W
Tue Jan  6 20:06:17 IST 2026, 135 W
Tue Jan  6 20:06:17 IST 2026, 123 W
Tue Jan  6 20:06:17 IST 2026, 139 W
Tue Jan  6 20:06:18 IST 2026, 136 W
Tue Jan  6 20:06:18 IST 2026, 138 W
Tue Jan  6 20:06:18 IST 2026, 131 W
Tue Jan  6 20:06:18 IST 2026, 142 W
Tue Jan  6 20:06:19 IST 2026, 92 W
Tue Jan  6 20:06:19 IST 2026, 92 W
Tue Jan  6 20:06:19 IST 2026, 102 W
Tue Jan  6 20:06:19 IST 2026, 107 W
Tue Jan  6 20:06:20 IST 2026, 98 W
Tue Jan  6 20:06:20 IST 2026, 95 W
Tue Jan  6 20:06:20 IST 2026, 97 W
Tue Jan  6 20:06:20 IST 2026, 104 W
Tue Jan  6 20:06:21 IST 2026, 97 W
Tue Jan  6 20:06:21 IST 2026, 95 W
Tue Jan  6 20:06:21 IST 2026, 104 W
Tue Jan  6 20:06:21 IST 2026, 99 W
Tue Jan  6 20:06:22 IST 2026, 88 W
Tue Jan  6 20:06:22 IST 2026, 97 W
Tue Jan  6 20:06:22 IST 2026, 98 W
Tue Jan  6 20:06:22 IST 2026, 103 W
Tue Jan  6 20:06:23 IST 2026, 96 W
Tue Jan  6 20:06:23 IST 2026, 96 W
Tue Jan  6 20:06:23 IST 2026, 100 W
Tue Jan  6 20:06:23 IST 2026, 109 W
Tue Jan  6 20:06:24 IST 2026, 125 W
Tue Jan  6 20:06:24 IST 2026, 125 W
Tue Jan  6 20:06:24 IST 2026, 133 W
Tue Jan  6 20:06:24 IST 2026, 141 W
Tue Jan  6 20:06:25 IST 2026, 122 W
Tue Jan  6 20:06:25 IST 2026, 141 W
Tue Jan  6 20:06:25 IST 2026, 132 W
Tue Jan  6 20:06:25 IST 2026, 151 W
Tue Jan  6 20:06:26 IST 2026, 129 W
Tue Jan  6 20:06:26 IST 2026, 143 W
Tue Jan  6 20:06:26 IST 2026, 146 W
Tue Jan  6 20:06:26 IST 2026, 146 W
Tue Jan  6 20:06:27 IST 2026, 135 W
Tue Jan  6 20:06:27 IST 2026, 133 W
Tue Jan  6 20:06:27 IST 2026, 143 W
Tue Jan  6 20:06:27 IST 2026, 145 W
Tue Jan  6 20:06:28 IST 2026, 131 W
Tue Jan  6 20:06:28 IST 2026, 142 W
Tue Jan  6 20:06:28 IST 2026, 140 W
Tue Jan  6 20:06:28 IST 2026, 147 W
Tue Jan  6 20:06:29 IST 2026, 93 W
Tue Jan  6 20:06:29 IST 2026, 95 W
Tue Jan  6 20:06:29 IST 2026, 101 W
Tue Jan  6 20:06:29 IST 2026, 108 W
Tue Jan  6 20:06:30 IST 2026, 93 W
Tue Jan  6 20:06:30 IST 2026, 98 W
Tue Jan  6 20:06:30 IST 2026, 106 W
Tue Jan  6 20:06:30 IST 2026, 102 W
Tue Jan  6 20:06:31 IST 2026, 91 W
Tue Jan  6 20:06:31 IST 2026, 99 W
Tue Jan  6 20:06:31 IST 2026, 98 W
Tue Jan  6 20:06:31 IST 2026, 104 W
Tue Jan  6 20:06:32 IST 2026, 94 W
Tue Jan  6 20:06:32 IST 2026, 93 W
Tue Jan  6 20:06:32 IST 2026, 98 W
Tue Jan  6 20:06:32 IST 2026, 101 W
Tue Jan  6 20:06:33 IST 2026, 94 W
Tue Jan  6 20:06:33 IST 2026, 95 W
Tue Jan  6 20:06:33 IST 2026, 98 W
Tue Jan  6 20:06:33 IST 2026, 104 W
Tue Jan  6 20:06:34 IST 2026, 122 W
Tue Jan  6 20:06:34 IST 2026, 136 W
Tue Jan  6 20:06:34 IST 2026, 133 W
Tue Jan  6 20:06:34 IST 2026, 148 W
Tue Jan  6 20:06:35 IST 2026, 129 W
Tue Jan  6 20:06:35 IST 2026, 145 W
Tue Jan  6 20:06:35 IST 2026, 136 W
Tue Jan  6 20:06:35 IST 2026, 153 W
Tue Jan  6 20:06:36 IST 2026, 138 W
Tue Jan  6 20:06:36 IST 2026, 145 W
Tue Jan  6 20:06:36 IST 2026, 135 W
Tue Jan  6 20:06:36 IST 2026, 143 W
Tue Jan  6 20:06:37 IST 2026, 120 W
Tue Jan  6 20:06:37 IST 2026, 136 W
Tue Jan  6 20:06:37 IST 2026, 137 W
Tue Jan  6 20:06:37 IST 2026, 143 W
Tue Jan  6 20:06:38 IST 2026, 125 W
Tue Jan  6 20:06:38 IST 2026, 143 W
Tue Jan  6 20:06:38 IST 2026, 132 W
Tue Jan  6 20:06:38 IST 2026, 144 W
Tue Jan  6 20:06:39 IST 2026, 127 W
Tue Jan  6 20:06:39 IST 2026, 134 W
Tue Jan  6 20:06:39 IST 2026, 134 W
Tue Jan  6 20:06:39 IST 2026, 129 W
Tue Jan  6 20:06:40 IST 2026, 131 W
Tue Jan  6 20:06:40 IST 2026, 134 W
Tue Jan  6 20:06:40 IST 2026, 135 W
Tue Jan  6 20:06:40 IST 2026, 143 W
Tue Jan  6 20:06:41 IST 2026, 140 W
Tue Jan  6 20:06:41 IST 2026, 136 W
Tue Jan  6 20:06:41 IST 2026, 133 W
Tue Jan  6 20:06:41 IST 2026, 142 W
Tue Jan  6 20:06:42 IST 2026, 128 W
Tue Jan  6 20:06:42 IST 2026, 133 W
Tue Jan  6 20:06:42 IST 2026, 135 W
Tue Jan  6 20:06:42 IST 2026, 135 W
Tue Jan  6 20:06:43 IST 2026, 137 W
Tue Jan  6 20:06:43 IST 2026, 142 W
Tue Jan  6 20:06:43 IST 2026, 139 W
Tue Jan  6 20:06:43 IST 2026, 141 W
Tue Jan  6 20:06:44 IST 2026, 127 W
Tue Jan  6 20:06:44 IST 2026, 130 W
Tue Jan  6 20:06:44 IST 2026, 141 W
Tue Jan  6 20:06:44 IST 2026, 142 W
Tue Jan  6 20:06:45 IST 2026, 130 W
Tue Jan  6 20:06:45 IST 2026, 137 W
Tue Jan  6 20:06:45 IST 2026, 132 W
Tue Jan  6 20:06:45 IST 2026, 144 W
Tue Jan  6 20:06:46 IST 2026, 130 W
Tue Jan  6 20:06:46 IST 2026, 133 W
Tue Jan  6 20:06:46 IST 2026, 128 W
Tue Jan  6 20:06:46 IST 2026, 143 W
Tue Jan  6 20:06:47 IST 2026, 89 W
Tue Jan  6 20:06:47 IST 2026, 93 W
Tue Jan  6 20:06:47 IST 2026, 102 W
Tue Jan  6 20:06:47 IST 2026, 101 W
Tue Jan  6 20:06:48 IST 2026, 101 W
Tue Jan  6 20:06:48 IST 2026, 98 W
Tue Jan  6 20:06:48 IST 2026, 99 W
Tue Jan  6 20:06:48 IST 2026, 102 W
Tue Jan  6 20:06:49 IST 2026, 96 W
Tue Jan  6 20:06:49 IST 2026, 95 W
Tue Jan  6 20:06:49 IST 2026, 104 W
Tue Jan  6 20:06:49 IST 2026, 105 W
Tue Jan  6 20:06:50 IST 2026, 97 W
Tue Jan  6 20:06:50 IST 2026, 94 W
Tue Jan  6 20:06:50 IST 2026, 101 W
Tue Jan  6 20:06:50 IST 2026, 104 W
Tue Jan  6 20:06:51 IST 2026, 134 W
Tue Jan  6 20:06:51 IST 2026, 145 W
Tue Jan  6 20:06:51 IST 2026, 131 W
Tue Jan  6 20:06:51 IST 2026, 145 W
Tue Jan  6 20:06:52 IST 2026, 130 W
Tue Jan  6 20:06:52 IST 2026, 139 W
Tue Jan  6 20:06:52 IST 2026, 138 W
Tue Jan  6 20:06:52 IST 2026, 144 W
Tue Jan  6 20:06:53 IST 2026, 123 W
Tue Jan  6 20:06:53 IST 2026, 133 W
Tue Jan  6 20:06:53 IST 2026, 132 W
Tue Jan  6 20:06:53 IST 2026, 144 W
Tue Jan  6 20:06:54 IST 2026, 134 W
Tue Jan  6 20:06:54 IST 2026, 137 W
Tue Jan  6 20:06:54 IST 2026, 132 W
Tue Jan  6 20:06:54 IST 2026, 135 W
Tue Jan  6 20:06:55 IST 2026, 135 W
Tue Jan  6 20:06:55 IST 2026, 135 W
Tue Jan  6 20:06:55 IST 2026, 132 W
Tue Jan  6 20:06:55 IST 2026, 139 W
Tue Jan  6 20:06:56 IST 2026, 133 W
Tue Jan  6 20:06:56 IST 2026, 143 W
Tue Jan  6 20:06:56 IST 2026, 130 W
Tue Jan  6 20:06:56 IST 2026, 144 W
Tue Jan  6 20:06:57 IST 2026, 126 W
Tue Jan  6 20:06:57 IST 2026, 144 W
Tue Jan  6 20:06:57 IST 2026, 130 W
Tue Jan  6 20:06:57 IST 2026, 133 W
Tue Jan  6 20:06:58 IST 2026, 127 W
Tue Jan  6 20:06:58 IST 2026, 140 W
Tue Jan  6 20:06:58 IST 2026, 132 W
Tue Jan  6 20:06:58 IST 2026, 147 W
Tue Jan  6 20:06:59 IST 2026, 130 W
Tue Jan  6 20:06:59 IST 2026, 135 W
Tue Jan  6 20:06:59 IST 2026, 132 W
Tue Jan  6 20:06:59 IST 2026, 140 W
Tue Jan  6 20:07:00 IST 2026, 132 W
Tue Jan  6 20:07:00 IST 2026, 139 W
Tue Jan  6 20:07:00 IST 2026, 132 W
Tue Jan  6 20:07:00 IST 2026, 150 W
Tue Jan  6 20:07:01 IST 2026, 130 W
Tue Jan  6 20:07:01 IST 2026, 140 W
Tue Jan  6 20:07:01 IST 2026, 136 W
Tue Jan  6 20:07:01 IST 2026, 145 W
Tue Jan  6 20:07:02 IST 2026, 126 W
Tue Jan  6 20:07:02 IST 2026, 136 W
Tue Jan  6 20:07:02 IST 2026, 133 W
Tue Jan  6 20:07:02 IST 2026, 141 W
Tue Jan  6 20:07:03 IST 2026, 93 W
Tue Jan  6 20:07:03 IST 2026, 97 W
Tue Jan  6 20:07:03 IST 2026, 99 W
Tue Jan  6 20:07:03 IST 2026, 107 W
Tue Jan  6 20:07:04 IST 2026, 94 W
Tue Jan  6 20:07:04 IST 2026, 95 W
Tue Jan  6 20:07:04 IST 2026, 101 W
Tue Jan  6 20:07:04 IST 2026, 97 W
Tue Jan  6 20:07:05 IST 2026, 93 W
Tue Jan  6 20:07:05 IST 2026, 95 W
Tue Jan  6 20:07:05 IST 2026, 98 W
Tue Jan  6 20:07:05 IST 2026, 96 W
Tue Jan  6 20:07:06 IST 2026, 89 W
Tue Jan  6 20:07:06 IST 2026, 96 W
Tue Jan  6 20:07:06 IST 2026, 103 W
Tue Jan  6 20:07:06 IST 2026, 97 W
Tue Jan  6 20:07:07 IST 2026, 97 W
Tue Jan  6 20:07:07 IST 2026, 95 W
Tue Jan  6 20:07:07 IST 2026, 100 W
Tue Jan  6 20:07:07 IST 2026, 102 W
Tue Jan  6 20:07:08 IST 2026, 133 W
Tue Jan  6 20:07:08 IST 2026, 129 W
Tue Jan  6 20:07:08 IST 2026, 134 W
Tue Jan  6 20:07:08 IST 2026, 140 W
Tue Jan  6 20:07:09 IST 2026, 134 W
Tue Jan  6 20:07:09 IST 2026, 136 W
Tue Jan  6 20:07:09 IST 2026, 139 W
Tue Jan  6 20:07:09 IST 2026, 135 W
Tue Jan  6 20:07:10 IST 2026, 135 W
Tue Jan  6 20:07:10 IST 2026, 128 W
Tue Jan  6 20:07:10 IST 2026, 132 W
Tue Jan  6 20:07:10 IST 2026, 133 W
Tue Jan  6 20:07:11 IST 2026, 138 W
Tue Jan  6 20:07:11 IST 2026, 145 W
Tue Jan  6 20:07:11 IST 2026, 133 W
Tue Jan  6 20:07:11 IST 2026, 151 W
Tue Jan  6 20:07:12 IST 2026, 126 W
Tue Jan  6 20:07:12 IST 2026, 133 W
Tue Jan  6 20:07:12 IST 2026, 136 W
Tue Jan  6 20:07:12 IST 2026, 141 W
Tue Jan  6 20:07:13 IST 2026, 137 W
Tue Jan  6 20:07:13 IST 2026, 141 W
Tue Jan  6 20:07:13 IST 2026, 131 W
Tue Jan  6 20:07:13 IST 2026, 142 W
Tue Jan  6 20:07:14 IST 2026, 127 W
Tue Jan  6 20:07:14 IST 2026, 133 W
Tue Jan  6 20:07:14 IST 2026, 130 W
Tue Jan  6 20:07:14 IST 2026, 145 W
Tue Jan  6 20:07:15 IST 2026, 128 W
Tue Jan  6 20:07:15 IST 2026, 138 W
Tue Jan  6 20:07:15 IST 2026, 126 W
Tue Jan  6 20:07:15 IST 2026, 134 W
Tue Jan  6 20:07:16 IST 2026, 126 W
Tue Jan  6 20:07:16 IST 2026, 129 W
Tue Jan  6 20:07:16 IST 2026, 129 W
Tue Jan  6 20:07:16 IST 2026, 132 W
Tue Jan  6 20:07:17 IST 2026, 134 W
Tue Jan  6 20:07:17 IST 2026, 133 W
Tue Jan  6 20:07:17 IST 2026, 143 W
Tue Jan  6 20:07:17 IST 2026, 130 W
Tue Jan  6 20:07:18 IST 2026, 135 W
Tue Jan  6 20:07:18 IST 2026, 138 W
Tue Jan  6 20:07:18 IST 2026, 128 W
Tue Jan  6 20:07:18 IST 2026, 143 W
Tue Jan  6 20:07:19 IST 2026, 130 W
Tue Jan  6 20:07:19 IST 2026, 138 W
Tue Jan  6 20:07:19 IST 2026, 129 W
Tue Jan  6 20:07:19 IST 2026, 147 W
Tue Jan  6 20:07:20 IST 2026, 133 W
Tue Jan  6 20:07:20 IST 2026, 134 W
Tue Jan  6 20:07:20 IST 2026, 131 W
Tue Jan  6 20:07:20 IST 2026, 137 W
Tue Jan  6 20:07:21 IST 2026, 92 W
Tue Jan  6 20:07:21 IST 2026, 95 W
Tue Jan  6 20:07:21 IST 2026, 94 W
Tue Jan  6 20:07:21 IST 2026, 101 W
Tue Jan  6 20:07:22 IST 2026, 100 W
Tue Jan  6 20:07:22 IST 2026, 102 W
Tue Jan  6 20:07:22 IST 2026, 98 W
Tue Jan  6 20:07:22 IST 2026, 103 W
Tue Jan  6 20:07:23 IST 2026, 96 W
Tue Jan  6 20:07:23 IST 2026, 102 W
Tue Jan  6 20:07:23 IST 2026, 96 W
Tue Jan  6 20:07:23 IST 2026, 105 W
Tue Jan  6 20:07:24 IST 2026, 96 W
Tue Jan  6 20:07:24 IST 2026, 96 W
Tue Jan  6 20:07:24 IST 2026, 103 W
Tue Jan  6 20:07:24 IST 2026, 99 W
Tue Jan  6 20:07:25 IST 2026, 96 W
Tue Jan  6 20:07:25 IST 2026, 92 W
Tue Jan  6 20:07:25 IST 2026, 101 W
Tue Jan  6 20:07:25 IST 2026, 106 W
Tue Jan  6 20:07:26 IST 2026, 132 W
Tue Jan  6 20:07:26 IST 2026, 131 W
Tue Jan  6 20:07:26 IST 2026, 141 W
Tue Jan  6 20:07:26 IST 2026, 140 W
Tue Jan  6 20:07:27 IST 2026, 132 W
Tue Jan  6 20:07:27 IST 2026, 133 W
Tue Jan  6 20:07:27 IST 2026, 134 W
Tue Jan  6 20:07:27 IST 2026, 133 W
Tue Jan  6 20:07:28 IST 2026, 138 W
Tue Jan  6 20:07:28 IST 2026, 130 W
Tue Jan  6 20:07:28 IST 2026, 138 W
Tue Jan  6 20:07:28 IST 2026, 144 W
Tue Jan  6 20:07:29 IST 2026, 135 W
Tue Jan  6 20:07:29 IST 2026, 127 W
Tue Jan  6 20:07:29 IST 2026, 138 W
Tue Jan  6 20:07:29 IST 2026, 139 W
Tue Jan  6 20:07:30 IST 2026, 131 W
Tue Jan  6 20:07:30 IST 2026, 128 W
Tue Jan  6 20:07:30 IST 2026, 130 W
Tue Jan  6 20:07:30 IST 2026, 144 W
Tue Jan  6 20:07:31 IST 2026, 126 W
Tue Jan  6 20:07:31 IST 2026, 141 W
Tue Jan  6 20:07:31 IST 2026, 140 W
Tue Jan  6 20:07:31 IST 2026, 148 W
Tue Jan  6 20:07:32 IST 2026, 132 W
Tue Jan  6 20:07:32 IST 2026, 149 W
Tue Jan  6 20:07:32 IST 2026, 139 W
Tue Jan  6 20:07:32 IST 2026, 148 W
Tue Jan  6 20:07:33 IST 2026, 133 W
Tue Jan  6 20:07:33 IST 2026, 140 W
Tue Jan  6 20:07:33 IST 2026, 136 W
Tue Jan  6 20:07:33 IST 2026, 141 W
Tue Jan  6 20:07:34 IST 2026, 122 W
Tue Jan  6 20:07:34 IST 2026, 137 W
Tue Jan  6 20:07:34 IST 2026, 140 W
Tue Jan  6 20:07:34 IST 2026, 151 W
Tue Jan  6 20:07:35 IST 2026, 91 W
Tue Jan  6 20:07:35 IST 2026, 91 W
Tue Jan  6 20:07:35 IST 2026, 96 W
Tue Jan  6 20:07:35 IST 2026, 102 W
Tue Jan  6 20:07:36 IST 2026, 93 W
Tue Jan  6 20:07:36 IST 2026, 94 W
Tue Jan  6 20:07:36 IST 2026, 103 W
Tue Jan  6 20:07:36 IST 2026, 107 W
Tue Jan  6 20:07:37 IST 2026, 96 W
Tue Jan  6 20:07:37 IST 2026, 95 W
Tue Jan  6 20:07:37 IST 2026, 98 W
Tue Jan  6 20:07:37 IST 2026, 100 W
Tue Jan  6 20:07:38 IST 2026, 94 W
Tue Jan  6 20:07:38 IST 2026, 101 W
Tue Jan  6 20:07:38 IST 2026, 99 W
Tue Jan  6 20:07:38 IST 2026, 104 W
Tue Jan  6 20:07:39 IST 2026, 96 W
Tue Jan  6 20:07:39 IST 2026, 96 W
Tue Jan  6 20:07:39 IST 2026, 98 W
Tue Jan  6 20:07:39 IST 2026, 101 W
Tue Jan  6 20:07:40 IST 2026, 133 W
Tue Jan  6 20:07:40 IST 2026, 136 W
Tue Jan  6 20:07:40 IST 2026, 127 W
Tue Jan  6 20:07:40 IST 2026, 146 W
Tue Jan  6 20:07:41 IST 2026, 128 W
Tue Jan  6 20:07:41 IST 2026, 135 W
Tue Jan  6 20:07:41 IST 2026, 140 W
Tue Jan  6 20:07:41 IST 2026, 142 W
Tue Jan  6 20:07:42 IST 2026, 128 W
Tue Jan  6 20:07:42 IST 2026, 130 W
Tue Jan  6 20:07:42 IST 2026, 128 W
Tue Jan  6 20:07:42 IST 2026, 144 W
Tue Jan  6 20:07:43 IST 2026, 137 W
Tue Jan  6 20:07:43 IST 2026, 138 W
Tue Jan  6 20:07:43 IST 2026, 136 W
Tue Jan  6 20:07:43 IST 2026, 138 W
Tue Jan  6 20:07:44 IST 2026, 132 W
Tue Jan  6 20:07:44 IST 2026, 141 W
Tue Jan  6 20:07:44 IST 2026, 141 W
Tue Jan  6 20:07:44 IST 2026, 143 W
Tue Jan  6 20:07:45 IST 2026, 125 W
Tue Jan  6 20:07:45 IST 2026, 130 W
Tue Jan  6 20:07:45 IST 2026, 126 W
Tue Jan  6 20:07:45 IST 2026, 139 W
Tue Jan  6 20:07:46 IST 2026, 133 W
Tue Jan  6 20:07:46 IST 2026, 136 W
Tue Jan  6 20:07:46 IST 2026, 130 W
Tue Jan  6 20:07:46 IST 2026, 142 W
Tue Jan  6 20:07:47 IST 2026, 123 W
Tue Jan  6 20:07:47 IST 2026, 128 W
Tue Jan  6 20:07:47 IST 2026, 134 W
Tue Jan  6 20:07:47 IST 2026, 136 W
Tue Jan  6 20:07:48 IST 2026, 132 W
Tue Jan  6 20:07:48 IST 2026, 130 W
Tue Jan  6 20:07:48 IST 2026, 136 W
Tue Jan  6 20:07:48 IST 2026, 139 W
Tue Jan  6 20:07:49 IST 2026, 89 W
Tue Jan  6 20:07:49 IST 2026, 103 W
Tue Jan  6 20:07:49 IST 2026, 98 W
Tue Jan  6 20:07:49 IST 2026, 101 W
Tue Jan  6 20:07:50 IST 2026, 93 W
Tue Jan  6 20:07:50 IST 2026, 96 W
Tue Jan  6 20:07:50 IST 2026, 97 W
Tue Jan  6 20:07:50 IST 2026, 108 W
Tue Jan  6 20:07:51 IST 2026, 89 W
Tue Jan  6 20:07:51 IST 2026, 95 W
Tue Jan  6 20:07:51 IST 2026, 102 W
Tue Jan  6 20:07:51 IST 2026, 107 W
Tue Jan  6 20:07:52 IST 2026, 98 W
Tue Jan  6 20:07:52 IST 2026, 98 W
Tue Jan  6 20:07:52 IST 2026, 99 W
Tue Jan  6 20:07:52 IST 2026, 101 W
Tue Jan  6 20:07:53 IST 2026, 99 W
Tue Jan  6 20:07:53 IST 2026, 98 W
Tue Jan  6 20:07:53 IST 2026, 101 W
Tue Jan  6 20:07:53 IST 2026, 101 W
Tue Jan  6 20:07:54 IST 2026, 128 W
Tue Jan  6 20:07:54 IST 2026, 136 W
Tue Jan  6 20:07:54 IST 2026, 138 W
Tue Jan  6 20:07:54 IST 2026, 135 W
Tue Jan  6 20:07:55 IST 2026, 145 W
Tue Jan  6 20:07:55 IST 2026, 131 W
Tue Jan  6 20:07:55 IST 2026, 138 W
Tue Jan  6 20:07:55 IST 2026, 142 W
Tue Jan  6 20:07:56 IST 2026, 140 W
Tue Jan  6 20:07:56 IST 2026, 132 W
Tue Jan  6 20:07:56 IST 2026, 136 W
Tue Jan  6 20:07:56 IST 2026, 141 W
Tue Jan  6 20:07:57 IST 2026, 139 W
Tue Jan  6 20:07:57 IST 2026, 136 W
Tue Jan  6 20:07:57 IST 2026, 136 W
Tue Jan  6 20:07:57 IST 2026, 143 W
Tue Jan  6 20:07:58 IST 2026, 136 W
Tue Jan  6 20:07:58 IST 2026, 144 W
Tue Jan  6 20:07:58 IST 2026, 139 W
Tue Jan  6 20:07:58 IST 2026, 139 W
Tue Jan  6 20:07:59 IST 2026, 136 W
Tue Jan  6 20:07:59 IST 2026, 136 W
Tue Jan  6 20:07:59 IST 2026, 138 W
Tue Jan  6 20:07:59 IST 2026, 133 W
Tue Jan  6 20:08:00 IST 2026, 138 W
Tue Jan  6 20:08:00 IST 2026, 130 W
Tue Jan  6 20:08:00 IST 2026, 134 W
Tue Jan  6 20:08:00 IST 2026, 149 W
Tue Jan  6 20:08:01 IST 2026, 139 W
Tue Jan  6 20:08:01 IST 2026, 141 W
Tue Jan  6 20:08:01 IST 2026, 134 W
Tue Jan  6 20:08:01 IST 2026, 138 W
Tue Jan  6 20:08:02 IST 2026, 136 W
Tue Jan  6 20:08:02 IST 2026, 145 W
Tue Jan  6 20:08:02 IST 2026, 129 W
Tue Jan  6 20:08:02 IST 2026, 141 W
Tue Jan  6 20:08:03 IST 2026, 132 W
Tue Jan  6 20:08:03 IST 2026, 135 W
Tue Jan  6 20:08:03 IST 2026, 136 W
Tue Jan  6 20:08:03 IST 2026, 144 W
Tue Jan  6 20:08:04 IST 2026, 133 W
Tue Jan  6 20:08:04 IST 2026, 132 W
Tue Jan  6 20:08:04 IST 2026, 137 W
Tue Jan  6 20:08:04 IST 2026, 140 W
Tue Jan  6 20:08:05 IST 2026, 132 W
Tue Jan  6 20:08:05 IST 2026, 131 W
Tue Jan  6 20:08:05 IST 2026, 138 W
Tue Jan  6 20:08:05 IST 2026, 139 W
Tue Jan  6 20:08:06 IST 2026, 93 W
Tue Jan  6 20:08:06 IST 2026, 97 W
Tue Jan  6 20:08:06 IST 2026, 105 W
Tue Jan  6 20:08:06 IST 2026, 102 W
Tue Jan  6 20:08:07 IST 2026, 89 W
Tue Jan  6 20:08:07 IST 2026, 93 W
Tue Jan  6 20:08:07 IST 2026, 103 W
Tue Jan  6 20:08:07 IST 2026, 107 W
Tue Jan  6 20:08:08 IST 2026, 90 W
Tue Jan  6 20:08:08 IST 2026, 95 W
Tue Jan  6 20:08:08 IST 2026, 108 W
Tue Jan  6 20:08:08 IST 2026, 102 W
Tue Jan  6 20:08:09 IST 2026, 90 W
Tue Jan  6 20:08:09 IST 2026, 103 W
Tue Jan  6 20:08:09 IST 2026, 99 W
Tue Jan  6 20:08:09 IST 2026, 100 W
Tue Jan  6 20:08:10 IST 2026, 130 W
Tue Jan  6 20:08:10 IST 2026, 135 W
Tue Jan  6 20:08:10 IST 2026, 143 W
Tue Jan  6 20:08:10 IST 2026, 144 W
Tue Jan  6 20:08:11 IST 2026, 133 W
Tue Jan  6 20:08:11 IST 2026, 134 W
Tue Jan  6 20:08:11 IST 2026, 136 W
Tue Jan  6 20:08:11 IST 2026, 139 W
Tue Jan  6 20:08:12 IST 2026, 139 W
Tue Jan  6 20:08:12 IST 2026, 139 W
Tue Jan  6 20:08:12 IST 2026, 133 W
Tue Jan  6 20:08:12 IST 2026, 145 W
Tue Jan  6 20:08:13 IST 2026, 132 W
Tue Jan  6 20:08:13 IST 2026, 144 W
Tue Jan  6 20:08:13 IST 2026, 137 W
Tue Jan  6 20:08:13 IST 2026, 141 W
Tue Jan  6 20:08:14 IST 2026, 137 W
Tue Jan  6 20:08:14 IST 2026, 137 W
Tue Jan  6 20:08:14 IST 2026, 138 W
Tue Jan  6 20:08:14 IST 2026, 141 W
Tue Jan  6 20:08:15 IST 2026, 134 W
Tue Jan  6 20:08:15 IST 2026, 131 W
Tue Jan  6 20:08:15 IST 2026, 136 W
Tue Jan  6 20:08:15 IST 2026, 141 W
Tue Jan  6 20:08:16 IST 2026, 126 W
Tue Jan  6 20:08:16 IST 2026, 134 W
Tue Jan  6 20:08:16 IST 2026, 132 W
Tue Jan  6 20:08:16 IST 2026, 141 W
Tue Jan  6 20:08:17 IST 2026, 133 W
Tue Jan  6 20:08:17 IST 2026, 141 W
Tue Jan  6 20:08:17 IST 2026, 134 W
Tue Jan  6 20:08:17 IST 2026, 140 W
Tue Jan  6 20:08:18 IST 2026, 130 W
Tue Jan  6 20:08:18 IST 2026, 142 W
Tue Jan  6 20:08:18 IST 2026, 141 W
Tue Jan  6 20:08:18 IST 2026, 147 W
Tue Jan  6 20:08:19 IST 2026, 138 W
Tue Jan  6 20:08:19 IST 2026, 145 W
Tue Jan  6 20:08:19 IST 2026, 138 W
Tue Jan  6 20:08:19 IST 2026, 141 W
Tue Jan  6 20:08:20 IST 2026, 131 W
Tue Jan  6 20:08:20 IST 2026, 134 W
Tue Jan  6 20:08:20 IST 2026, 138 W
Tue Jan  6 20:08:20 IST 2026, 139 W
Tue Jan  6 20:08:21 IST 2026, 135 W
Tue Jan  6 20:08:21 IST 2026, 134 W
Tue Jan  6 20:08:21 IST 2026, 133 W
Tue Jan  6 20:08:21 IST 2026, 142 W
Tue Jan  6 20:08:22 IST 2026, 135 W
Tue Jan  6 20:08:22 IST 2026, 131 W
Tue Jan  6 20:08:22 IST 2026, 131 W
Tue Jan  6 20:08:22 IST 2026, 145 W
Tue Jan  6 20:08:23 IST 2026, 98 W
Tue Jan  6 20:08:23 IST 2026, 98 W
Tue Jan  6 20:08:23 IST 2026, 99 W
Tue Jan  6 20:08:23 IST 2026, 103 W
Tue Jan  6 20:08:24 IST 2026, 94 W
Tue Jan  6 20:08:24 IST 2026, 98 W
Tue Jan  6 20:08:24 IST 2026, 98 W
Tue Jan  6 20:08:24 IST 2026, 106 W
Tue Jan  6 20:08:25 IST 2026, 92 W
Tue Jan  6 20:08:25 IST 2026, 102 W
Tue Jan  6 20:08:25 IST 2026, 96 W
Tue Jan  6 20:08:25 IST 2026, 100 W
Tue Jan  6 20:08:26 IST 2026, 91 W
Tue Jan  6 20:08:26 IST 2026, 96 W
Tue Jan  6 20:08:26 IST 2026, 98 W
Tue Jan  6 20:08:26 IST 2026, 103 W
Tue Jan  6 20:08:27 IST 2026, 141 W
Tue Jan  6 20:08:27 IST 2026, 140 W
Tue Jan  6 20:08:27 IST 2026, 135 W
Tue Jan  6 20:08:27 IST 2026, 145 W
Tue Jan  6 20:08:28 IST 2026, 127 W
Tue Jan  6 20:08:28 IST 2026, 136 W
Tue Jan  6 20:08:28 IST 2026, 137 W
Tue Jan  6 20:08:28 IST 2026, 147 W
Tue Jan  6 20:08:29 IST 2026, 130 W
Tue Jan  6 20:08:29 IST 2026, 128 W
Tue Jan  6 20:08:29 IST 2026, 131 W
Tue Jan  6 20:08:29 IST 2026, 136 W
Tue Jan  6 20:08:30 IST 2026, 138 W
Tue Jan  6 20:08:30 IST 2026, 132 W
Tue Jan  6 20:08:30 IST 2026, 144 W
Tue Jan  6 20:08:30 IST 2026, 147 W
Tue Jan  6 20:08:31 IST 2026, 133 W
Tue Jan  6 20:08:31 IST 2026, 126 W
Tue Jan  6 20:08:31 IST 2026, 132 W
Tue Jan  6 20:08:31 IST 2026, 147 W
Tue Jan  6 20:08:32 IST 2026, 128 W
Tue Jan  6 20:08:32 IST 2026, 131 W
Tue Jan  6 20:08:32 IST 2026, 131 W
Tue Jan  6 20:08:32 IST 2026, 144 W
Tue Jan  6 20:08:33 IST 2026, 130 W
Tue Jan  6 20:08:33 IST 2026, 137 W
Tue Jan  6 20:08:33 IST 2026, 131 W
Tue Jan  6 20:08:33 IST 2026, 142 W
Tue Jan  6 20:08:34 IST 2026, 138 W
Tue Jan  6 20:08:34 IST 2026, 134 W
Tue Jan  6 20:08:34 IST 2026, 133 W
Tue Jan  6 20:08:34 IST 2026, 144 W
Tue Jan  6 20:08:35 IST 2026, 94 W
Tue Jan  6 20:08:35 IST 2026, 95 W
Tue Jan  6 20:08:35 IST 2026, 96 W
Tue Jan  6 20:08:35 IST 2026, 102 W
Tue Jan  6 20:08:36 IST 2026, 95 W
Tue Jan  6 20:08:36 IST 2026, 92 W
Tue Jan  6 20:08:36 IST 2026, 98 W
Tue Jan  6 20:08:36 IST 2026, 108 W
Tue Jan  6 20:08:37 IST 2026, 95 W
Tue Jan  6 20:08:37 IST 2026, 95 W
Tue Jan  6 20:08:37 IST 2026, 98 W
Tue Jan  6 20:08:37 IST 2026, 102 W
Tue Jan  6 20:08:38 IST 2026, 96 W
Tue Jan  6 20:08:38 IST 2026, 97 W
Tue Jan  6 20:08:38 IST 2026, 101 W
Tue Jan  6 20:08:38 IST 2026, 101 W
Tue Jan  6 20:08:39 IST 2026, 131 W
Tue Jan  6 20:08:39 IST 2026, 130 W
Tue Jan  6 20:08:39 IST 2026, 134 W
Tue Jan  6 20:08:39 IST 2026, 141 W
Tue Jan  6 20:08:40 IST 2026, 128 W
Tue Jan  6 20:08:40 IST 2026, 130 W
Tue Jan  6 20:08:40 IST 2026, 124 W
Tue Jan  6 20:08:40 IST 2026, 145 W
Tue Jan  6 20:08:41 IST 2026, 127 W
Tue Jan  6 20:08:41 IST 2026, 128 W
Tue Jan  6 20:08:41 IST 2026, 126 W
Tue Jan  6 20:08:41 IST 2026, 139 W
Tue Jan  6 20:08:42 IST 2026, 136 W
Tue Jan  6 20:08:42 IST 2026, 135 W
Tue Jan  6 20:08:42 IST 2026, 138 W
Tue Jan  6 20:08:42 IST 2026, 137 W
Tue Jan  6 20:08:43 IST 2026, 134 W
Tue Jan  6 20:08:43 IST 2026, 135 W
Tue Jan  6 20:08:43 IST 2026, 127 W
Tue Jan  6 20:08:43 IST 2026, 133 W
Tue Jan  6 20:08:44 IST 2026, 134 W
Tue Jan  6 20:08:44 IST 2026, 135 W
Tue Jan  6 20:08:44 IST 2026, 132 W
Tue Jan  6 20:08:44 IST 2026, 148 W
Tue Jan  6 20:08:45 IST 2026, 131 W
Tue Jan  6 20:08:45 IST 2026, 133 W
Tue Jan  6 20:08:45 IST 2026, 133 W
Tue Jan  6 20:08:45 IST 2026, 140 W
Tue Jan  6 20:08:46 IST 2026, 127 W
Tue Jan  6 20:08:46 IST 2026, 135 W
Tue Jan  6 20:08:46 IST 2026, 130 W
Tue Jan  6 20:08:46 IST 2026, 139 W
Tue Jan  6 20:08:47 IST 2026, 133 W
Tue Jan  6 20:08:47 IST 2026, 126 W
Tue Jan  6 20:08:47 IST 2026, 130 W
Tue Jan  6 20:08:47 IST 2026, 138 W
Tue Jan  6 20:08:48 IST 2026, 126 W
Tue Jan  6 20:08:48 IST 2026, 136 W
Tue Jan  6 20:08:48 IST 2026, 137 W
Tue Jan  6 20:08:48 IST 2026, 140 W
Tue Jan  6 20:08:49 IST 2026, 132 W
Tue Jan  6 20:08:49 IST 2026, 138 W
Tue Jan  6 20:08:49 IST 2026, 129 W
Tue Jan  6 20:08:49 IST 2026, 143 W
Tue Jan  6 20:08:50 IST 2026, 129 W
Tue Jan  6 20:08:50 IST 2026, 133 W
Tue Jan  6 20:08:50 IST 2026, 129 W
Tue Jan  6 20:08:50 IST 2026, 152 W
Tue Jan  6 20:08:51 IST 2026, 128 W
Tue Jan  6 20:08:51 IST 2026, 124 W
Tue Jan  6 20:08:51 IST 2026, 124 W
Tue Jan  6 20:08:51 IST 2026, 136 W
Tue Jan  6 20:08:52 IST 2026, 89 W
Tue Jan  6 20:08:52 IST 2026, 102 W
Tue Jan  6 20:08:52 IST 2026, 103 W
Tue Jan  6 20:08:52 IST 2026, 105 W
Tue Jan  6 20:08:53 IST 2026, 100 W
Tue Jan  6 20:08:53 IST 2026, 100 W
Tue Jan  6 20:08:53 IST 2026, 95 W
Tue Jan  6 20:08:53 IST 2026, 99 W
Tue Jan  6 20:08:54 IST 2026, 91 W
Tue Jan  6 20:08:54 IST 2026, 93 W
Tue Jan  6 20:08:54 IST 2026, 97 W
Tue Jan  6 20:08:54 IST 2026, 102 W
Tue Jan  6 20:08:55 IST 2026, 102 W
Tue Jan  6 20:08:55 IST 2026, 104 W
Tue Jan  6 20:08:55 IST 2026, 99 W
Tue Jan  6 20:08:55 IST 2026, 109 W
Tue Jan  6 20:08:56 IST 2026, 95 W
Tue Jan  6 20:08:56 IST 2026, 98 W
Tue Jan  6 20:08:56 IST 2026, 102 W
Tue Jan  6 20:08:56 IST 2026, 102 W
Tue Jan  6 20:08:57 IST 2026, 130 W
Tue Jan  6 20:08:57 IST 2026, 129 W
Tue Jan  6 20:08:57 IST 2026, 133 W
Tue Jan  6 20:08:57 IST 2026, 132 W
Tue Jan  6 20:08:58 IST 2026, 135 W
Tue Jan  6 20:08:58 IST 2026, 127 W
Tue Jan  6 20:08:58 IST 2026, 136 W
Tue Jan  6 20:08:58 IST 2026, 143 W
Tue Jan  6 20:08:59 IST 2026, 142 W
Tue Jan  6 20:08:59 IST 2026, 134 W
Tue Jan  6 20:08:59 IST 2026, 135 W
Tue Jan  6 20:08:59 IST 2026, 144 W
Tue Jan  6 20:09:00 IST 2026, 133 W
Tue Jan  6 20:09:00 IST 2026, 128 W
Tue Jan  6 20:09:00 IST 2026, 137 W
Tue Jan  6 20:09:00 IST 2026, 143 W
Tue Jan  6 20:09:01 IST 2026, 138 W
Tue Jan  6 20:09:01 IST 2026, 130 W
Tue Jan  6 20:09:01 IST 2026, 140 W
Tue Jan  6 20:09:01 IST 2026, 139 W
Tue Jan  6 20:09:02 IST 2026, 148 W
Tue Jan  6 20:09:02 IST 2026, 127 W
Tue Jan  6 20:09:02 IST 2026, 132 W
Tue Jan  6 20:09:02 IST 2026, 145 W
Tue Jan  6 20:09:03 IST 2026, 132 W
Tue Jan  6 20:09:03 IST 2026, 130 W
Tue Jan  6 20:09:03 IST 2026, 127 W
Tue Jan  6 20:09:03 IST 2026, 135 W
Tue Jan  6 20:09:04 IST 2026, 137 W
Tue Jan  6 20:09:04 IST 2026, 144 W
Tue Jan  6 20:09:04 IST 2026, 128 W
Tue Jan  6 20:09:04 IST 2026, 148 W
Tue Jan  6 20:09:05 IST 2026, 139 W
Tue Jan  6 20:09:05 IST 2026, 127 W
Tue Jan  6 20:09:05 IST 2026, 130 W
Tue Jan  6 20:09:05 IST 2026, 139 W
Tue Jan  6 20:09:06 IST 2026, 142 W
Tue Jan  6 20:09:06 IST 2026, 134 W
Tue Jan  6 20:09:06 IST 2026, 133 W
Tue Jan  6 20:09:06 IST 2026, 146 W
Tue Jan  6 20:09:07 IST 2026, 140 W
Tue Jan  6 20:09:07 IST 2026, 136 W
Tue Jan  6 20:09:07 IST 2026, 137 W
Tue Jan  6 20:09:07 IST 2026, 146 W
Tue Jan  6 20:09:08 IST 2026, 132 W
Tue Jan  6 20:09:08 IST 2026, 131 W
Tue Jan  6 20:09:08 IST 2026, 127 W
Tue Jan  6 20:09:08 IST 2026, 131 W
Tue Jan  6 20:09:09 IST 2026, 129 W
Tue Jan  6 20:09:09 IST 2026, 129 W
Tue Jan  6 20:09:09 IST 2026, 128 W
Tue Jan  6 20:09:09 IST 2026, 141 W
Tue Jan  6 20:09:10 IST 2026, 91 W
Tue Jan  6 20:09:10 IST 2026, 93 W
Tue Jan  6 20:09:10 IST 2026, 104 W
Tue Jan  6 20:09:10 IST 2026, 104 W
Tue Jan  6 20:09:11 IST 2026, 94 W
Tue Jan  6 20:09:11 IST 2026, 93 W
Tue Jan  6 20:09:11 IST 2026, 98 W
Tue Jan  6 20:09:11 IST 2026, 104 W
Tue Jan  6 20:09:12 IST 2026, 99 W
Tue Jan  6 20:09:12 IST 2026, 94 W
Tue Jan  6 20:09:12 IST 2026, 103 W
Tue Jan  6 20:09:12 IST 2026, 99 W
Tue Jan  6 20:09:13 IST 2026, 95 W
Tue Jan  6 20:09:13 IST 2026, 96 W
Tue Jan  6 20:09:13 IST 2026, 105 W
Tue Jan  6 20:09:13 IST 2026, 104 W
Tue Jan  6 20:09:14 IST 2026, 154 W
Tue Jan  6 20:09:14 IST 2026, 170 W
Tue Jan  6 20:09:14 IST 2026, 167 W
Tue Jan  6 20:09:14 IST 2026, 182 W
Tue Jan  6 20:09:15 IST 2026, 137 W
Tue Jan  6 20:09:15 IST 2026, 134 W
Tue Jan  6 20:09:15 IST 2026, 133 W
Tue Jan  6 20:09:15 IST 2026, 146 W
Tue Jan  6 20:09:16 IST 2026, 119 W
Tue Jan  6 20:09:16 IST 2026, 125 W
Tue Jan  6 20:09:16 IST 2026, 125 W
Tue Jan  6 20:09:16 IST 2026, 139 W
Tue Jan  6 20:09:17 IST 2026, 134 W
Tue Jan  6 20:09:17 IST 2026, 139 W
Tue Jan  6 20:09:17 IST 2026, 133 W
Tue Jan  6 20:09:17 IST 2026, 139 W
Tue Jan  6 20:09:18 IST 2026, 140 W
Tue Jan  6 20:09:18 IST 2026, 133 W
Tue Jan  6 20:09:18 IST 2026, 131 W
Tue Jan  6 20:09:18 IST 2026, 143 W
Tue Jan  6 20:09:19 IST 2026, 134 W
Tue Jan  6 20:09:19 IST 2026, 125 W
Tue Jan  6 20:09:19 IST 2026, 127 W
Tue Jan  6 20:09:19 IST 2026, 140 W
Tue Jan  6 20:09:20 IST 2026, 128 W
Tue Jan  6 20:09:20 IST 2026, 133 W
Tue Jan  6 20:09:20 IST 2026, 129 W
Tue Jan  6 20:09:20 IST 2026, 138 W
Tue Jan  6 20:09:21 IST 2026, 136 W
Tue Jan  6 20:09:21 IST 2026, 136 W
Tue Jan  6 20:09:21 IST 2026, 134 W
Tue Jan  6 20:09:21 IST 2026, 143 W
Tue Jan  6 20:09:22 IST 2026, 137 W
Tue Jan  6 20:09:22 IST 2026, 133 W
Tue Jan  6 20:09:22 IST 2026, 138 W
Tue Jan  6 20:09:22 IST 2026, 143 W
Tue Jan  6 20:09:23 IST 2026, 126 W
Tue Jan  6 20:09:23 IST 2026, 137 W
Tue Jan  6 20:09:23 IST 2026, 122 W
Tue Jan  6 20:09:23 IST 2026, 144 W
Tue Jan  6 20:09:24 IST 2026, 130 W
Tue Jan  6 20:09:24 IST 2026, 129 W
Tue Jan  6 20:09:24 IST 2026, 128 W
Tue Jan  6 20:09:24 IST 2026, 133 W
Tue Jan  6 20:09:25 IST 2026, 137 W
Tue Jan  6 20:09:25 IST 2026, 133 W
Tue Jan  6 20:09:25 IST 2026, 131 W
Tue Jan  6 20:09:25 IST 2026, 138 W
Tue Jan  6 20:09:26 IST 2026, 133 W
Tue Jan  6 20:09:26 IST 2026, 131 W
Tue Jan  6 20:09:26 IST 2026, 128 W
Tue Jan  6 20:09:26 IST 2026, 140 W
Tue Jan  6 20:09:27 IST 2026, 126 W
Tue Jan  6 20:09:27 IST 2026, 132 W
Tue Jan  6 20:09:27 IST 2026, 131 W
Tue Jan  6 20:09:27 IST 2026, 127 W
Tue Jan  6 20:09:28 IST 2026, 102 W
Tue Jan  6 20:09:28 IST 2026, 95 W
Tue Jan  6 20:09:28 IST 2026, 103 W
Tue Jan  6 20:09:28 IST 2026, 104 W
Tue Jan  6 20:09:29 IST 2026, 101 W
Tue Jan  6 20:09:29 IST 2026, 98 W
Tue Jan  6 20:09:29 IST 2026, 97 W
Tue Jan  6 20:09:29 IST 2026, 106 W
Tue Jan  6 20:09:30 IST 2026, 90 W
Tue Jan  6 20:09:30 IST 2026, 98 W
Tue Jan  6 20:09:30 IST 2026, 101 W
Tue Jan  6 20:09:30 IST 2026, 103 W
Tue Jan  6 20:09:31 IST 2026, 93 W
Tue Jan  6 20:09:31 IST 2026, 93 W
Tue Jan  6 20:09:31 IST 2026, 96 W
Tue Jan  6 20:09:31 IST 2026, 98 W
Tue Jan  6 20:09:32 IST 2026, 98 W
Tue Jan  6 20:09:32 IST 2026, 97 W
Tue Jan  6 20:09:32 IST 2026, 96 W
Tue Jan  6 20:09:32 IST 2026, 101 W
Tue Jan  6 20:09:33 IST 2026, 125 W
Tue Jan  6 20:09:33 IST 2026, 138 W
Tue Jan  6 20:09:33 IST 2026, 126 W
Tue Jan  6 20:09:33 IST 2026, 139 W
Tue Jan  6 20:09:34 IST 2026, 126 W
Tue Jan  6 20:09:34 IST 2026, 133 W
Tue Jan  6 20:09:34 IST 2026, 130 W
Tue Jan  6 20:09:34 IST 2026, 138 W
Tue Jan  6 20:09:35 IST 2026, 133 W
Tue Jan  6 20:09:35 IST 2026, 137 W
Tue Jan  6 20:09:35 IST 2026, 129 W
Tue Jan  6 20:09:35 IST 2026, 145 W
Tue Jan  6 20:09:36 IST 2026, 135 W
Tue Jan  6 20:09:36 IST 2026, 136 W
Tue Jan  6 20:09:36 IST 2026, 133 W
Tue Jan  6 20:09:36 IST 2026, 153 W
Tue Jan  6 20:09:37 IST 2026, 135 W
Tue Jan  6 20:09:37 IST 2026, 135 W
Tue Jan  6 20:09:37 IST 2026, 131 W
Tue Jan  6 20:09:37 IST 2026, 145 W
Tue Jan  6 20:09:38 IST 2026, 138 W
Tue Jan  6 20:09:38 IST 2026, 121 W
Tue Jan  6 20:09:38 IST 2026, 134 W
Tue Jan  6 20:09:38 IST 2026, 136 W
Tue Jan  6 20:09:39 IST 2026, 92 W
Tue Jan  6 20:09:39 IST 2026, 101 W
Tue Jan  6 20:09:39 IST 2026, 100 W
Tue Jan  6 20:09:39 IST 2026, 102 W
Tue Jan  6 20:09:40 IST 2026, 93 W
Tue Jan  6 20:09:40 IST 2026, 96 W
Tue Jan  6 20:09:40 IST 2026, 103 W
Tue Jan  6 20:09:40 IST 2026, 107 W
Tue Jan  6 20:09:41 IST 2026, 96 W
Tue Jan  6 20:09:41 IST 2026, 95 W
Tue Jan  6 20:09:41 IST 2026, 105 W
Tue Jan  6 20:09:41 IST 2026, 108 W
Tue Jan  6 20:09:42 IST 2026, 96 W
Tue Jan  6 20:09:42 IST 2026, 94 W
Tue Jan  6 20:09:42 IST 2026, 102 W
Tue Jan  6 20:09:42 IST 2026, 100 W
Tue Jan  6 20:09:43 IST 2026, 99 W
Tue Jan  6 20:09:43 IST 2026, 95 W
Tue Jan  6 20:09:43 IST 2026, 98 W
Tue Jan  6 20:09:43 IST 2026, 98 W
Tue Jan  6 20:09:44 IST 2026, 134 W
Tue Jan  6 20:09:44 IST 2026, 136 W
Tue Jan  6 20:09:44 IST 2026, 136 W
Tue Jan  6 20:09:44 IST 2026, 147 W
Tue Jan  6 20:09:45 IST 2026, 131 W
Tue Jan  6 20:09:45 IST 2026, 136 W
Tue Jan  6 20:09:45 IST 2026, 132 W
Tue Jan  6 20:09:45 IST 2026, 147 W
Tue Jan  6 20:09:46 IST 2026, 132 W
Tue Jan  6 20:09:46 IST 2026, 139 W
Tue Jan  6 20:09:46 IST 2026, 140 W
Tue Jan  6 20:09:46 IST 2026, 139 W
Tue Jan  6 20:09:47 IST 2026, 120 W
Tue Jan  6 20:09:47 IST 2026, 139 W
Tue Jan  6 20:09:47 IST 2026, 135 W
Tue Jan  6 20:09:47 IST 2026, 142 W
Tue Jan  6 20:09:48 IST 2026, 134 W
Tue Jan  6 20:09:48 IST 2026, 137 W
Tue Jan  6 20:09:48 IST 2026, 134 W
Tue Jan  6 20:09:48 IST 2026, 145 W
Tue Jan  6 20:09:49 IST 2026, 90 W
Tue Jan  6 20:09:49 IST 2026, 103 W
Tue Jan  6 20:09:49 IST 2026, 101 W
Tue Jan  6 20:09:49 IST 2026, 102 W
Tue Jan  6 20:09:50 IST 2026, 96 W
Tue Jan  6 20:09:50 IST 2026, 98 W
Tue Jan  6 20:09:50 IST 2026, 103 W
Tue Jan  6 20:09:50 IST 2026, 101 W
Tue Jan  6 20:09:51 IST 2026, 92 W
Tue Jan  6 20:09:51 IST 2026, 97 W
Tue Jan  6 20:09:51 IST 2026, 99 W
Tue Jan  6 20:09:51 IST 2026, 102 W
Tue Jan  6 20:09:52 IST 2026, 94 W
Tue Jan  6 20:09:52 IST 2026, 101 W
Tue Jan  6 20:09:52 IST 2026, 99 W
Tue Jan  6 20:09:52 IST 2026, 103 W
Tue Jan  6 20:09:53 IST 2026, 100 W
Tue Jan  6 20:09:53 IST 2026, 94 W
Tue Jan  6 20:09:53 IST 2026, 103 W
Tue Jan  6 20:09:53 IST 2026, 105 W
Tue Jan  6 20:09:54 IST 2026, 134 W
Tue Jan  6 20:09:54 IST 2026, 142 W
Tue Jan  6 20:09:54 IST 2026, 131 W
Tue Jan  6 20:09:54 IST 2026, 148 W
Tue Jan  6 20:09:55 IST 2026, 137 W
Tue Jan  6 20:09:55 IST 2026, 140 W
Tue Jan  6 20:09:55 IST 2026, 127 W
Tue Jan  6 20:09:55 IST 2026, 144 W
Tue Jan  6 20:09:56 IST 2026, 129 W
Tue Jan  6 20:09:56 IST 2026, 133 W
Tue Jan  6 20:09:56 IST 2026, 140 W
Tue Jan  6 20:09:56 IST 2026, 137 W
Tue Jan  6 20:09:57 IST 2026, 125 W
Tue Jan  6 20:09:57 IST 2026, 147 W
Tue Jan  6 20:09:57 IST 2026, 143 W
Tue Jan  6 20:09:57 IST 2026, 148 W
Tue Jan  6 20:09:58 IST 2026, 128 W
Tue Jan  6 20:09:58 IST 2026, 142 W
Tue Jan  6 20:09:58 IST 2026, 132 W
Tue Jan  6 20:09:58 IST 2026, 151 W
Tue Jan  6 20:09:59 IST 2026, 132 W
Tue Jan  6 20:09:59 IST 2026, 137 W
Tue Jan  6 20:09:59 IST 2026, 131 W
Tue Jan  6 20:09:59 IST 2026, 141 W
Tue Jan  6 20:10:00 IST 2026, 93 W
Tue Jan  6 20:10:00 IST 2026, 95 W
Tue Jan  6 20:10:00 IST 2026, 105 W
Tue Jan  6 20:10:00 IST 2026, 102 W
Tue Jan  6 20:10:01 IST 2026, 97 W
Tue Jan  6 20:10:01 IST 2026, 96 W
Tue Jan  6 20:10:01 IST 2026, 104 W
Tue Jan  6 20:10:01 IST 2026, 98 W
Tue Jan  6 20:10:02 IST 2026, 94 W
Tue Jan  6 20:10:02 IST 2026, 102 W
Tue Jan  6 20:10:02 IST 2026, 98 W
Tue Jan  6 20:10:02 IST 2026, 104 W
Tue Jan  6 20:10:03 IST 2026, 96 W
Tue Jan  6 20:10:03 IST 2026, 93 W
Tue Jan  6 20:10:03 IST 2026, 100 W
Tue Jan  6 20:10:03 IST 2026, 96 W
Tue Jan  6 20:10:04 IST 2026, 93 W
Tue Jan  6 20:10:04 IST 2026, 100 W
Tue Jan  6 20:10:04 IST 2026, 106 W
Tue Jan  6 20:10:04 IST 2026, 107 W
Tue Jan  6 20:10:05 IST 2026, 136 W
Tue Jan  6 20:10:05 IST 2026, 133 W
Tue Jan  6 20:10:05 IST 2026, 140 W
Tue Jan  6 20:10:05 IST 2026, 144 W
Tue Jan  6 20:10:06 IST 2026, 130 W
Tue Jan  6 20:10:06 IST 2026, 143 W
Tue Jan  6 20:10:06 IST 2026, 137 W
Tue Jan  6 20:10:06 IST 2026, 139 W
Tue Jan  6 20:10:07 IST 2026, 133 W
Tue Jan  6 20:10:07 IST 2026, 135 W
Tue Jan  6 20:10:07 IST 2026, 129 W
Tue Jan  6 20:10:07 IST 2026, 143 W
Tue Jan  6 20:10:08 IST 2026, 132 W
Tue Jan  6 20:10:08 IST 2026, 129 W
Tue Jan  6 20:10:08 IST 2026, 132 W
Tue Jan  6 20:10:08 IST 2026, 144 W
Tue Jan  6 20:10:09 IST 2026, 128 W
Tue Jan  6 20:10:09 IST 2026, 134 W
Tue Jan  6 20:10:09 IST 2026, 138 W
Tue Jan  6 20:10:09 IST 2026, 135 W
Tue Jan  6 20:10:10 IST 2026, 126 W
Tue Jan  6 20:10:10 IST 2026, 125 W
Tue Jan  6 20:10:10 IST 2026, 128 W
Tue Jan  6 20:10:10 IST 2026, 142 W
Tue Jan  6 20:10:11 IST 2026, 130 W
Tue Jan  6 20:10:11 IST 2026, 133 W
Tue Jan  6 20:10:11 IST 2026, 131 W
Tue Jan  6 20:10:11 IST 2026, 146 W
Tue Jan  6 20:10:12 IST 2026, 137 W
Tue Jan  6 20:10:12 IST 2026, 136 W
Tue Jan  6 20:10:12 IST 2026, 131 W
Tue Jan  6 20:10:12 IST 2026, 139 W
Tue Jan  6 20:10:13 IST 2026, 135 W
Tue Jan  6 20:10:13 IST 2026, 135 W
Tue Jan  6 20:10:13 IST 2026, 140 W
Tue Jan  6 20:10:13 IST 2026, 150 W
Tue Jan  6 20:10:14 IST 2026, 134 W
Tue Jan  6 20:10:14 IST 2026, 133 W
Tue Jan  6 20:10:14 IST 2026, 139 W
Tue Jan  6 20:10:14 IST 2026, 139 W
Tue Jan  6 20:10:15 IST 2026, 135 W
Tue Jan  6 20:10:15 IST 2026, 134 W
Tue Jan  6 20:10:15 IST 2026, 140 W
Tue Jan  6 20:10:15 IST 2026, 140 W
Tue Jan  6 20:10:16 IST 2026, 129 W
Tue Jan  6 20:10:16 IST 2026, 126 W
Tue Jan  6 20:10:16 IST 2026, 126 W
Tue Jan  6 20:10:16 IST 2026, 140 W
Tue Jan  6 20:10:17 IST 2026, 88 W
Tue Jan  6 20:10:17 IST 2026, 95 W
Tue Jan  6 20:10:17 IST 2026, 102 W
Tue Jan  6 20:10:17 IST 2026, 102 W
Tue Jan  6 20:10:18 IST 2026, 96 W
Tue Jan  6 20:10:18 IST 2026, 98 W
Tue Jan  6 20:10:18 IST 2026, 96 W
Tue Jan  6 20:10:18 IST 2026, 104 W
Tue Jan  6 20:10:19 IST 2026, 97 W
Tue Jan  6 20:10:19 IST 2026, 93 W
Tue Jan  6 20:10:19 IST 2026, 99 W
Tue Jan  6 20:10:19 IST 2026, 104 W
Tue Jan  6 20:10:20 IST 2026, 101 W
Tue Jan  6 20:10:20 IST 2026, 102 W
Tue Jan  6 20:10:20 IST 2026, 97 W
Tue Jan  6 20:10:20 IST 2026, 105 W
Tue Jan  6 20:10:21 IST 2026, 97 W
Tue Jan  6 20:10:21 IST 2026, 96 W
Tue Jan  6 20:10:21 IST 2026, 106 W
Tue Jan  6 20:10:21 IST 2026, 100 W
Tue Jan  6 20:10:22 IST 2026, 130 W
Tue Jan  6 20:10:22 IST 2026, 132 W
Tue Jan  6 20:10:22 IST 2026, 138 W
Tue Jan  6 20:10:22 IST 2026, 147 W
Tue Jan  6 20:10:23 IST 2026, 132 W
Tue Jan  6 20:10:23 IST 2026, 138 W
Tue Jan  6 20:10:23 IST 2026, 138 W
Tue Jan  6 20:10:23 IST 2026, 140 W
Tue Jan  6 20:10:24 IST 2026, 140 W
Tue Jan  6 20:10:24 IST 2026, 132 W
Tue Jan  6 20:10:24 IST 2026, 137 W
Tue Jan  6 20:10:24 IST 2026, 140 W
Tue Jan  6 20:10:25 IST 2026, 137 W
Tue Jan  6 20:10:25 IST 2026, 136 W
Tue Jan  6 20:10:25 IST 2026, 133 W
Tue Jan  6 20:10:25 IST 2026, 141 W
Tue Jan  6 20:10:26 IST 2026, 130 W
Tue Jan  6 20:10:26 IST 2026, 145 W
Tue Jan  6 20:10:26 IST 2026, 144 W
Tue Jan  6 20:10:26 IST 2026, 151 W
Tue Jan  6 20:10:27 IST 2026, 127 W
Tue Jan  6 20:10:27 IST 2026, 139 W
Tue Jan  6 20:10:27 IST 2026, 136 W
Tue Jan  6 20:10:27 IST 2026, 131 W
Tue Jan  6 20:10:28 IST 2026, 132 W
Tue Jan  6 20:10:28 IST 2026, 133 W
Tue Jan  6 20:10:28 IST 2026, 138 W
Tue Jan  6 20:10:28 IST 2026, 134 W
Tue Jan  6 20:10:29 IST 2026, 142 W
Tue Jan  6 20:10:29 IST 2026, 137 W
Tue Jan  6 20:10:29 IST 2026, 129 W
Tue Jan  6 20:10:29 IST 2026, 141 W
Tue Jan  6 20:10:30 IST 2026, 129 W
Tue Jan  6 20:10:30 IST 2026, 134 W
Tue Jan  6 20:10:30 IST 2026, 139 W
Tue Jan  6 20:10:30 IST 2026, 143 W
Tue Jan  6 20:10:31 IST 2026, 124 W
Tue Jan  6 20:10:31 IST 2026, 139 W
Tue Jan  6 20:10:31 IST 2026, 136 W
Tue Jan  6 20:10:31 IST 2026, 150 W
Tue Jan  6 20:10:32 IST 2026, 139 W
Tue Jan  6 20:10:32 IST 2026, 137 W
Tue Jan  6 20:10:32 IST 2026, 139 W
Tue Jan  6 20:10:32 IST 2026, 142 W
Tue Jan  6 20:10:33 IST 2026, 134 W
Tue Jan  6 20:10:33 IST 2026, 143 W
Tue Jan  6 20:10:33 IST 2026, 132 W
Tue Jan  6 20:10:33 IST 2026, 142 W
Tue Jan  6 20:10:34 IST 2026, 137 W
Tue Jan  6 20:10:34 IST 2026, 142 W
Tue Jan  6 20:10:34 IST 2026, 138 W
Tue Jan  6 20:10:34 IST 2026, 148 W
Tue Jan  6 20:10:35 IST 2026, 104 W
Tue Jan  6 20:10:35 IST 2026, 91 W
Tue Jan  6 20:10:35 IST 2026, 97 W
Tue Jan  6 20:10:35 IST 2026, 107 W
Tue Jan  6 20:10:36 IST 2026, 104 W
Tue Jan  6 20:10:36 IST 2026, 102 W
Tue Jan  6 20:10:36 IST 2026, 104 W
Tue Jan  6 20:10:36 IST 2026, 99 W
Tue Jan  6 20:10:37 IST 2026, 94 W
Tue Jan  6 20:10:37 IST 2026, 99 W
Tue Jan  6 20:10:37 IST 2026, 97 W
Tue Jan  6 20:10:37 IST 2026, 102 W
Tue Jan  6 20:10:38 IST 2026, 102 W
Tue Jan  6 20:10:38 IST 2026, 97 W
Tue Jan  6 20:10:38 IST 2026, 98 W
Tue Jan  6 20:10:38 IST 2026, 99 W
Tue Jan  6 20:10:39 IST 2026, 118 W
Tue Jan  6 20:10:39 IST 2026, 125 W
Tue Jan  6 20:10:39 IST 2026, 129 W
Tue Jan  6 20:10:39 IST 2026, 125 W
Tue Jan  6 20:10:40 IST 2026, 125 W
Tue Jan  6 20:10:40 IST 2026, 125 W
Tue Jan  6 20:10:40 IST 2026, 113 W
Tue Jan  6 20:10:40 IST 2026, 131 W
Tue Jan  6 20:10:41 IST 2026, 133 W
Tue Jan  6 20:10:41 IST 2026, 131 W
Tue Jan  6 20:10:41 IST 2026, 135 W
Tue Jan  6 20:10:41 IST 2026, 145 W
Tue Jan  6 20:10:42 IST 2026, 132 W
Tue Jan  6 20:10:42 IST 2026, 127 W
Tue Jan  6 20:10:42 IST 2026, 139 W
Tue Jan  6 20:10:42 IST 2026, 130 W
Tue Jan  6 20:10:43 IST 2026, 128 W
Tue Jan  6 20:10:43 IST 2026, 136 W
Tue Jan  6 20:10:43 IST 2026, 127 W
Tue Jan  6 20:10:43 IST 2026, 132 W
Tue Jan  6 20:10:44 IST 2026, 133 W
Tue Jan  6 20:10:44 IST 2026, 131 W
Tue Jan  6 20:10:44 IST 2026, 133 W
Tue Jan  6 20:10:44 IST 2026, 135 W
Tue Jan  6 20:10:45 IST 2026, 93 W
Tue Jan  6 20:10:45 IST 2026, 95 W
Tue Jan  6 20:10:45 IST 2026, 101 W
Tue Jan  6 20:10:45 IST 2026, 100 W
Tue Jan  6 20:10:46 IST 2026, 92 W
Tue Jan  6 20:10:46 IST 2026, 93 W
Tue Jan  6 20:10:46 IST 2026, 94 W
Tue Jan  6 20:10:46 IST 2026, 109 W
Tue Jan  6 20:10:47 IST 2026, 94 W
Tue Jan  6 20:10:47 IST 2026, 103 W
Tue Jan  6 20:10:47 IST 2026, 99 W
Tue Jan  6 20:10:47 IST 2026, 100 W
Tue Jan  6 20:10:48 IST 2026, 92 W
Tue Jan  6 20:10:48 IST 2026, 101 W
Tue Jan  6 20:10:48 IST 2026, 109 W
Tue Jan  6 20:10:48 IST 2026, 104 W
Tue Jan  6 20:10:49 IST 2026, 101 W
Tue Jan  6 20:10:49 IST 2026, 102 W
Tue Jan  6 20:10:49 IST 2026, 101 W
Tue Jan  6 20:10:49 IST 2026, 105 W
Tue Jan  6 20:10:50 IST 2026, 138 W
Tue Jan  6 20:10:50 IST 2026, 143 W
Tue Jan  6 20:10:50 IST 2026, 141 W
Tue Jan  6 20:10:50 IST 2026, 149 W
Tue Jan  6 20:10:51 IST 2026, 132 W
Tue Jan  6 20:10:51 IST 2026, 138 W
Tue Jan  6 20:10:51 IST 2026, 137 W
Tue Jan  6 20:10:51 IST 2026, 143 W
Tue Jan  6 20:10:52 IST 2026, 131 W
Tue Jan  6 20:10:52 IST 2026, 142 W
Tue Jan  6 20:10:52 IST 2026, 138 W
Tue Jan  6 20:10:52 IST 2026, 145 W
Tue Jan  6 20:10:53 IST 2026, 97 W
Tue Jan  6 20:10:53 IST 2026, 97 W
Tue Jan  6 20:10:53 IST 2026, 112 W
Tue Jan  6 20:10:53 IST 2026, 102 W
Tue Jan  6 20:10:54 IST 2026, 125 W
Tue Jan  6 20:10:54 IST 2026, 143 W
Tue Jan  6 20:10:54 IST 2026, 135 W
Tue Jan  6 20:10:54 IST 2026, 146 W
Tue Jan  6 20:10:55 IST 2026, 128 W
Tue Jan  6 20:10:55 IST 2026, 139 W
Tue Jan  6 20:10:55 IST 2026, 135 W
Tue Jan  6 20:10:55 IST 2026, 147 W
Tue Jan  6 20:10:56 IST 2026, 129 W
Tue Jan  6 20:10:56 IST 2026, 140 W
Tue Jan  6 20:10:56 IST 2026, 131 W
Tue Jan  6 20:10:56 IST 2026, 147 W
Tue Jan  6 20:10:57 IST 2026, 90 W
Tue Jan  6 20:10:57 IST 2026, 93 W
Tue Jan  6 20:10:57 IST 2026, 99 W
Tue Jan  6 20:10:57 IST 2026, 102 W
Tue Jan  6 20:10:58 IST 2026, 90 W
Tue Jan  6 20:10:58 IST 2026, 100 W
Tue Jan  6 20:10:58 IST 2026, 100 W
Tue Jan  6 20:10:58 IST 2026, 107 W
Tue Jan  6 20:10:59 IST 2026, 91 W
Tue Jan  6 20:10:59 IST 2026, 99 W
Tue Jan  6 20:10:59 IST 2026, 100 W
Tue Jan  6 20:10:59 IST 2026, 104 W
Tue Jan  6 20:11:00 IST 2026, 91 W
Tue Jan  6 20:11:00 IST 2026, 99 W
Tue Jan  6 20:11:00 IST 2026, 105 W
Tue Jan  6 20:11:00 IST 2026, 100 W
Tue Jan  6 20:11:01 IST 2026, 93 W
Tue Jan  6 20:11:01 IST 2026, 97 W
Tue Jan  6 20:11:01 IST 2026, 103 W
Tue Jan  6 20:11:01 IST 2026, 102 W
Tue Jan  6 20:11:02 IST 2026, 121 W
Tue Jan  6 20:11:02 IST 2026, 129 W
Tue Jan  6 20:11:02 IST 2026, 130 W
Tue Jan  6 20:11:02 IST 2026, 139 W
Tue Jan  6 20:11:03 IST 2026, 124 W
Tue Jan  6 20:11:03 IST 2026, 145 W
Tue Jan  6 20:11:03 IST 2026, 127 W
Tue Jan  6 20:11:03 IST 2026, 140 W
Tue Jan  6 20:11:04 IST 2026, 124 W
Tue Jan  6 20:11:04 IST 2026, 135 W
Tue Jan  6 20:11:04 IST 2026, 125 W
Tue Jan  6 20:11:04 IST 2026, 137 W
Tue Jan  6 20:11:05 IST 2026, 126 W
Tue Jan  6 20:11:05 IST 2026, 142 W
Tue Jan  6 20:11:05 IST 2026, 123 W
Tue Jan  6 20:11:05 IST 2026, 131 W
Tue Jan  6 20:11:06 IST 2026, 134 W
Tue Jan  6 20:11:06 IST 2026, 142 W
Tue Jan  6 20:11:06 IST 2026, 132 W
Tue Jan  6 20:11:06 IST 2026, 146 W
Tue Jan  6 20:11:07 IST 2026, 131 W
Tue Jan  6 20:11:07 IST 2026, 142 W
Tue Jan  6 20:11:07 IST 2026, 135 W
Tue Jan  6 20:11:07 IST 2026, 144 W
Tue Jan  6 20:11:08 IST 2026, 134 W
Tue Jan  6 20:11:08 IST 2026, 130 W
Tue Jan  6 20:11:08 IST 2026, 134 W
Tue Jan  6 20:11:08 IST 2026, 144 W
Tue Jan  6 20:11:09 IST 2026, 96 W
Tue Jan  6 20:11:09 IST 2026, 98 W
Tue Jan  6 20:11:09 IST 2026, 102 W
Tue Jan  6 20:11:09 IST 2026, 96 W
Tue Jan  6 20:11:10 IST 2026, 95 W
Tue Jan  6 20:11:10 IST 2026, 95 W
Tue Jan  6 20:11:10 IST 2026, 103 W
Tue Jan  6 20:11:10 IST 2026, 101 W
Tue Jan  6 20:11:11 IST 2026, 97 W
Tue Jan  6 20:11:11 IST 2026, 100 W
Tue Jan  6 20:11:11 IST 2026, 100 W
Tue Jan  6 20:11:11 IST 2026, 106 W
Tue Jan  6 20:11:12 IST 2026, 92 W
Tue Jan  6 20:11:12 IST 2026, 96 W
Tue Jan  6 20:11:12 IST 2026, 106 W
Tue Jan  6 20:11:12 IST 2026, 99 W
Tue Jan  6 20:11:13 IST 2026, 101 W
Tue Jan  6 20:11:13 IST 2026, 102 W
Tue Jan  6 20:11:13 IST 2026, 96 W
Tue Jan  6 20:11:13 IST 2026, 109 W
Tue Jan  6 20:11:14 IST 2026, 123 W
Tue Jan  6 20:11:14 IST 2026, 129 W
Tue Jan  6 20:11:14 IST 2026, 127 W
Tue Jan  6 20:11:14 IST 2026, 151 W
Tue Jan  6 20:11:15 IST 2026, 129 W
Tue Jan  6 20:11:15 IST 2026, 141 W
Tue Jan  6 20:11:15 IST 2026, 138 W
Tue Jan  6 20:11:15 IST 2026, 146 W
Tue Jan  6 20:11:16 IST 2026, 131 W
Tue Jan  6 20:11:16 IST 2026, 143 W
Tue Jan  6 20:11:16 IST 2026, 130 W
Tue Jan  6 20:11:16 IST 2026, 146 W
Tue Jan  6 20:11:17 IST 2026, 127 W
Tue Jan  6 20:11:17 IST 2026, 132 W
Tue Jan  6 20:11:17 IST 2026, 138 W
Tue Jan  6 20:11:17 IST 2026, 147 W
Tue Jan  6 20:11:18 IST 2026, 120 W
Tue Jan  6 20:11:18 IST 2026, 131 W
Tue Jan  6 20:11:18 IST 2026, 138 W
Tue Jan  6 20:11:18 IST 2026, 135 W
Tue Jan  6 20:11:19 IST 2026, 125 W
Tue Jan  6 20:11:19 IST 2026, 128 W
Tue Jan  6 20:11:19 IST 2026, 132 W
Tue Jan  6 20:11:19 IST 2026, 143 W
Tue Jan  6 20:11:20 IST 2026, 126 W
Tue Jan  6 20:11:20 IST 2026, 133 W
Tue Jan  6 20:11:20 IST 2026, 132 W
Tue Jan  6 20:11:20 IST 2026, 136 W
Tue Jan  6 20:11:21 IST 2026, 133 W
Tue Jan  6 20:11:21 IST 2026, 140 W
Tue Jan  6 20:11:21 IST 2026, 139 W
Tue Jan  6 20:11:21 IST 2026, 148 W
Tue Jan  6 20:11:22 IST 2026, 127 W
Tue Jan  6 20:11:22 IST 2026, 135 W
Tue Jan  6 20:11:22 IST 2026, 140 W
Tue Jan  6 20:11:22 IST 2026, 138 W
Tue Jan  6 20:11:23 IST 2026, 126 W
Tue Jan  6 20:11:23 IST 2026, 139 W
Tue Jan  6 20:11:23 IST 2026, 137 W
Tue Jan  6 20:11:23 IST 2026, 143 W
Tue Jan  6 20:11:24 IST 2026, 131 W
Tue Jan  6 20:11:24 IST 2026, 138 W
Tue Jan  6 20:11:24 IST 2026, 135 W
Tue Jan  6 20:11:24 IST 2026, 147 W
Tue Jan  6 20:11:25 IST 2026, 136 W
Tue Jan  6 20:11:25 IST 2026, 132 W
Tue Jan  6 20:11:25 IST 2026, 132 W
Tue Jan  6 20:11:25 IST 2026, 143 W
Tue Jan  6 20:11:26 IST 2026, 92 W
Tue Jan  6 20:11:26 IST 2026, 96 W
Tue Jan  6 20:11:26 IST 2026, 96 W
Tue Jan  6 20:11:26 IST 2026, 105 W
Tue Jan  6 20:11:27 IST 2026, 100 W
Tue Jan  6 20:11:27 IST 2026, 94 W
Tue Jan  6 20:11:27 IST 2026, 103 W
Tue Jan  6 20:11:27 IST 2026, 97 W
Tue Jan  6 20:11:28 IST 2026, 94 W
Tue Jan  6 20:11:28 IST 2026, 95 W
Tue Jan  6 20:11:28 IST 2026, 104 W
Tue Jan  6 20:11:28 IST 2026, 103 W
Tue Jan  6 20:11:29 IST 2026, 94 W
Tue Jan  6 20:11:29 IST 2026, 97 W
Tue Jan  6 20:11:29 IST 2026, 100 W
Tue Jan  6 20:11:29 IST 2026, 108 W
Tue Jan  6 20:11:30 IST 2026, 92 W
Tue Jan  6 20:11:30 IST 2026, 97 W
Tue Jan  6 20:11:30 IST 2026, 98 W
Tue Jan  6 20:11:30 IST 2026, 102 W
Tue Jan  6 20:11:31 IST 2026, 127 W
Tue Jan  6 20:11:31 IST 2026, 131 W
Tue Jan  6 20:11:31 IST 2026, 129 W
Tue Jan  6 20:11:31 IST 2026, 143 W
Tue Jan  6 20:11:32 IST 2026, 139 W
Tue Jan  6 20:11:32 IST 2026, 134 W
Tue Jan  6 20:11:32 IST 2026, 130 W
Tue Jan  6 20:11:32 IST 2026, 144 W
Tue Jan  6 20:11:33 IST 2026, 131 W
Tue Jan  6 20:11:33 IST 2026, 137 W
Tue Jan  6 20:11:33 IST 2026, 138 W
Tue Jan  6 20:11:33 IST 2026, 146 W
Tue Jan  6 20:11:34 IST 2026, 141 W
Tue Jan  6 20:11:34 IST 2026, 131 W
Tue Jan  6 20:11:34 IST 2026, 137 W
Tue Jan  6 20:11:34 IST 2026, 137 W
Tue Jan  6 20:11:35 IST 2026, 139 W
Tue Jan  6 20:11:35 IST 2026, 137 W
Tue Jan  6 20:11:35 IST 2026, 131 W
Tue Jan  6 20:11:35 IST 2026, 141 W
Tue Jan  6 20:11:36 IST 2026, 135 W
Tue Jan  6 20:11:36 IST 2026, 137 W
Tue Jan  6 20:11:36 IST 2026, 144 W
Tue Jan  6 20:11:36 IST 2026, 136 W
Tue Jan  6 20:11:37 IST 2026, 133 W
Tue Jan  6 20:11:37 IST 2026, 135 W
Tue Jan  6 20:11:37 IST 2026, 132 W
Tue Jan  6 20:11:37 IST 2026, 142 W
Tue Jan  6 20:11:38 IST 2026, 134 W
Tue Jan  6 20:11:38 IST 2026, 133 W
Tue Jan  6 20:11:38 IST 2026, 134 W
Tue Jan  6 20:11:38 IST 2026, 141 W
Tue Jan  6 20:11:39 IST 2026, 132 W
Tue Jan  6 20:11:39 IST 2026, 130 W
Tue Jan  6 20:11:39 IST 2026, 139 W
Tue Jan  6 20:11:39 IST 2026, 126 W
Tue Jan  6 20:11:40 IST 2026, 123 W
Tue Jan  6 20:11:40 IST 2026, 126 W
Tue Jan  6 20:11:40 IST 2026, 129 W
Tue Jan  6 20:11:40 IST 2026, 131 W
Tue Jan  6 20:11:41 IST 2026, 131 W
Tue Jan  6 20:11:41 IST 2026, 136 W
Tue Jan  6 20:11:41 IST 2026, 131 W
Tue Jan  6 20:11:41 IST 2026, 149 W
Tue Jan  6 20:11:42 IST 2026, 122 W
Tue Jan  6 20:11:42 IST 2026, 135 W
Tue Jan  6 20:11:42 IST 2026, 127 W
Tue Jan  6 20:11:42 IST 2026, 134 W
Tue Jan  6 20:11:43 IST 2026, 130 W
Tue Jan  6 20:11:43 IST 2026, 138 W
Tue Jan  6 20:11:43 IST 2026, 132 W
Tue Jan  6 20:11:43 IST 2026, 139 W
Tue Jan  6 20:11:44 IST 2026, 101 W
Tue Jan  6 20:11:44 IST 2026, 97 W
Tue Jan  6 20:11:44 IST 2026, 103 W
Tue Jan  6 20:11:44 IST 2026, 102 W
Tue Jan  6 20:11:45 IST 2026, 91 W
Tue Jan  6 20:11:45 IST 2026, 100 W
Tue Jan  6 20:11:45 IST 2026, 97 W
Tue Jan  6 20:11:45 IST 2026, 100 W
Tue Jan  6 20:11:46 IST 2026, 97 W
Tue Jan  6 20:11:46 IST 2026, 95 W
Tue Jan  6 20:11:46 IST 2026, 106 W
Tue Jan  6 20:11:46 IST 2026, 101 W
Tue Jan  6 20:11:47 IST 2026, 89 W
Tue Jan  6 20:11:47 IST 2026, 100 W
Tue Jan  6 20:11:47 IST 2026, 103 W
Tue Jan  6 20:11:47 IST 2026, 101 W
Tue Jan  6 20:11:48 IST 2026, 136 W
Tue Jan  6 20:11:48 IST 2026, 131 W
Tue Jan  6 20:11:48 IST 2026, 133 W
Tue Jan  6 20:11:48 IST 2026, 138 W
Tue Jan  6 20:11:49 IST 2026, 129 W
Tue Jan  6 20:11:49 IST 2026, 127 W
Tue Jan  6 20:11:49 IST 2026, 134 W
Tue Jan  6 20:11:49 IST 2026, 138 W
Tue Jan  6 20:11:50 IST 2026, 139 W
Tue Jan  6 20:11:50 IST 2026, 138 W
Tue Jan  6 20:11:50 IST 2026, 131 W
Tue Jan  6 20:11:50 IST 2026, 147 W
Tue Jan  6 20:11:51 IST 2026, 136 W
Tue Jan  6 20:11:51 IST 2026, 132 W
Tue Jan  6 20:11:51 IST 2026, 130 W
Tue Jan  6 20:11:51 IST 2026, 140 W
Tue Jan  6 20:11:52 IST 2026, 139 W
Tue Jan  6 20:11:52 IST 2026, 139 W
Tue Jan  6 20:11:52 IST 2026, 137 W
Tue Jan  6 20:11:52 IST 2026, 144 W
Tue Jan  6 20:11:53 IST 2026, 132 W
Tue Jan  6 20:11:53 IST 2026, 138 W
Tue Jan  6 20:11:53 IST 2026, 131 W
Tue Jan  6 20:11:53 IST 2026, 147 W
Tue Jan  6 20:11:54 IST 2026, 135 W
Tue Jan  6 20:11:54 IST 2026, 139 W
Tue Jan  6 20:11:54 IST 2026, 136 W
Tue Jan  6 20:11:54 IST 2026, 136 W
Tue Jan  6 20:11:55 IST 2026, 132 W
Tue Jan  6 20:11:55 IST 2026, 129 W
Tue Jan  6 20:11:55 IST 2026, 131 W
Tue Jan  6 20:11:55 IST 2026, 145 W
Tue Jan  6 20:11:56 IST 2026, 128 W
Tue Jan  6 20:11:56 IST 2026, 141 W
Tue Jan  6 20:11:56 IST 2026, 132 W
Tue Jan  6 20:11:56 IST 2026, 142 W
Tue Jan  6 20:11:57 IST 2026, 131 W
Tue Jan  6 20:11:57 IST 2026, 136 W
Tue Jan  6 20:11:57 IST 2026, 134 W
Tue Jan  6 20:11:57 IST 2026, 143 W
Tue Jan  6 20:11:58 IST 2026, 133 W
Tue Jan  6 20:11:58 IST 2026, 132 W
Tue Jan  6 20:11:58 IST 2026, 129 W
Tue Jan  6 20:11:58 IST 2026, 140 W
Tue Jan  6 20:11:59 IST 2026, 133 W
Tue Jan  6 20:11:59 IST 2026, 134 W
Tue Jan  6 20:11:59 IST 2026, 138 W
Tue Jan  6 20:11:59 IST 2026, 146 W
Tue Jan  6 20:12:00 IST 2026, 131 W
Tue Jan  6 20:12:00 IST 2026, 142 W
Tue Jan  6 20:12:00 IST 2026, 135 W
Tue Jan  6 20:12:00 IST 2026, 150 W
Tue Jan  6 20:12:01 IST 2026, 92 W
Tue Jan  6 20:12:01 IST 2026, 100 W
Tue Jan  6 20:12:01 IST 2026, 107 W
Tue Jan  6 20:12:01 IST 2026, 102 W
Tue Jan  6 20:12:02 IST 2026, 95 W
Tue Jan  6 20:12:02 IST 2026, 98 W
Tue Jan  6 20:12:02 IST 2026, 101 W
Tue Jan  6 20:12:02 IST 2026, 104 W
Tue Jan  6 20:12:03 IST 2026, 96 W
Tue Jan  6 20:12:03 IST 2026, 97 W
Tue Jan  6 20:12:03 IST 2026, 103 W
Tue Jan  6 20:12:03 IST 2026, 104 W
Tue Jan  6 20:12:04 IST 2026, 99 W
Tue Jan  6 20:12:04 IST 2026, 102 W
Tue Jan  6 20:12:04 IST 2026, 98 W
Tue Jan  6 20:12:04 IST 2026, 102 W
Tue Jan  6 20:12:05 IST 2026, 137 W
Tue Jan  6 20:12:05 IST 2026, 141 W
Tue Jan  6 20:12:05 IST 2026, 136 W
Tue Jan  6 20:12:05 IST 2026, 146 W
Tue Jan  6 20:12:06 IST 2026, 135 W
Tue Jan  6 20:12:06 IST 2026, 135 W
Tue Jan  6 20:12:06 IST 2026, 132 W
Tue Jan  6 20:12:06 IST 2026, 139 W
Tue Jan  6 20:12:07 IST 2026, 137 W
Tue Jan  6 20:12:07 IST 2026, 131 W
Tue Jan  6 20:12:07 IST 2026, 130 W
Tue Jan  6 20:12:07 IST 2026, 131 W
Tue Jan  6 20:12:08 IST 2026, 126 W
Tue Jan  6 20:12:08 IST 2026, 130 W
Tue Jan  6 20:12:08 IST 2026, 129 W
Tue Jan  6 20:12:08 IST 2026, 133 W
Tue Jan  6 20:12:09 IST 2026, 131 W
Tue Jan  6 20:12:09 IST 2026, 134 W
Tue Jan  6 20:12:09 IST 2026, 132 W
Tue Jan  6 20:12:09 IST 2026, 139 W
Tue Jan  6 20:12:10 IST 2026, 129 W
Tue Jan  6 20:12:10 IST 2026, 129 W
Tue Jan  6 20:12:10 IST 2026, 136 W
Tue Jan  6 20:12:10 IST 2026, 136 W
Tue Jan  6 20:12:11 IST 2026, 124 W
Tue Jan  6 20:12:11 IST 2026, 134 W
Tue Jan  6 20:12:11 IST 2026, 136 W
Tue Jan  6 20:12:11 IST 2026, 137 W
Tue Jan  6 20:12:12 IST 2026, 92 W
Tue Jan  6 20:12:12 IST 2026, 94 W
Tue Jan  6 20:12:12 IST 2026, 96 W
Tue Jan  6 20:12:12 IST 2026, 102 W
Tue Jan  6 20:12:13 IST 2026, 100 W
Tue Jan  6 20:12:13 IST 2026, 96 W
Tue Jan  6 20:12:13 IST 2026, 101 W
Tue Jan  6 20:12:13 IST 2026, 100 W
Tue Jan  6 20:12:14 IST 2026, 97 W
Tue Jan  6 20:12:14 IST 2026, 101 W
Tue Jan  6 20:12:14 IST 2026, 101 W
Tue Jan  6 20:12:14 IST 2026, 100 W
Tue Jan  6 20:12:15 IST 2026, 91 W
Tue Jan  6 20:12:15 IST 2026, 92 W
Tue Jan  6 20:12:15 IST 2026, 99 W
Tue Jan  6 20:12:15 IST 2026, 104 W
Tue Jan  6 20:12:16 IST 2026, 128 W
Tue Jan  6 20:12:16 IST 2026, 139 W
Tue Jan  6 20:12:16 IST 2026, 144 W
Tue Jan  6 20:12:16 IST 2026, 146 W
Tue Jan  6 20:12:17 IST 2026, 122 W
Tue Jan  6 20:12:17 IST 2026, 134 W
Tue Jan  6 20:12:17 IST 2026, 134 W
Tue Jan  6 20:12:17 IST 2026, 138 W
Tue Jan  6 20:12:18 IST 2026, 127 W
Tue Jan  6 20:12:18 IST 2026, 133 W
Tue Jan  6 20:12:18 IST 2026, 135 W
Tue Jan  6 20:12:18 IST 2026, 137 W
Tue Jan  6 20:12:19 IST 2026, 128 W
Tue Jan  6 20:12:19 IST 2026, 135 W
Tue Jan  6 20:12:19 IST 2026, 136 W
Tue Jan  6 20:12:19 IST 2026, 145 W
Tue Jan  6 20:12:20 IST 2026, 122 W
Tue Jan  6 20:12:20 IST 2026, 140 W
Tue Jan  6 20:12:20 IST 2026, 131 W
Tue Jan  6 20:12:20 IST 2026, 136 W
Tue Jan  6 20:12:21 IST 2026, 131 W
Tue Jan  6 20:12:21 IST 2026, 135 W
Tue Jan  6 20:12:21 IST 2026, 135 W
Tue Jan  6 20:12:21 IST 2026, 144 W
Tue Jan  6 20:12:22 IST 2026, 131 W
Tue Jan  6 20:12:22 IST 2026, 130 W
Tue Jan  6 20:12:22 IST 2026, 133 W
Tue Jan  6 20:12:22 IST 2026, 136 W
Tue Jan  6 20:12:23 IST 2026, 128 W
Tue Jan  6 20:12:23 IST 2026, 134 W
Tue Jan  6 20:12:23 IST 2026, 128 W
Tue Jan  6 20:12:23 IST 2026, 140 W
Tue Jan  6 20:12:24 IST 2026, 126 W
Tue Jan  6 20:12:24 IST 2026, 135 W
Tue Jan  6 20:12:24 IST 2026, 130 W
Tue Jan  6 20:12:24 IST 2026, 135 W
Tue Jan  6 20:12:25 IST 2026, 94 W
Tue Jan  6 20:12:25 IST 2026, 99 W
Tue Jan  6 20:12:25 IST 2026, 103 W
Tue Jan  6 20:12:25 IST 2026, 109 W
Tue Jan  6 20:12:26 IST 2026, 99 W
Tue Jan  6 20:12:26 IST 2026, 97 W
Tue Jan  6 20:12:26 IST 2026, 99 W
Tue Jan  6 20:12:26 IST 2026, 103 W
Tue Jan  6 20:12:27 IST 2026, 93 W
Tue Jan  6 20:12:27 IST 2026, 97 W
Tue Jan  6 20:12:27 IST 2026, 100 W
Tue Jan  6 20:12:27 IST 2026, 108 W
Tue Jan  6 20:12:28 IST 2026, 90 W
Tue Jan  6 20:12:28 IST 2026, 93 W
Tue Jan  6 20:12:28 IST 2026, 97 W
Tue Jan  6 20:12:28 IST 2026, 99 W
Tue Jan  6 20:12:29 IST 2026, 89 W
Tue Jan  6 20:12:29 IST 2026, 101 W
Tue Jan  6 20:12:29 IST 2026, 103 W
Tue Jan  6 20:12:29 IST 2026, 105 W
Tue Jan  6 20:12:30 IST 2026, 127 W
Tue Jan  6 20:12:30 IST 2026, 142 W
Tue Jan  6 20:12:30 IST 2026, 130 W
Tue Jan  6 20:12:30 IST 2026, 136 W
Tue Jan  6 20:12:31 IST 2026, 125 W
Tue Jan  6 20:12:31 IST 2026, 131 W
Tue Jan  6 20:12:31 IST 2026, 139 W
Tue Jan  6 20:12:31 IST 2026, 131 W
Tue Jan  6 20:12:32 IST 2026, 123 W
Tue Jan  6 20:12:32 IST 2026, 127 W
Tue Jan  6 20:12:32 IST 2026, 133 W
Tue Jan  6 20:12:32 IST 2026, 136 W
Tue Jan  6 20:12:33 IST 2026, 135 W
Tue Jan  6 20:12:33 IST 2026, 146 W
Tue Jan  6 20:12:33 IST 2026, 134 W
Tue Jan  6 20:12:33 IST 2026, 136 W
Tue Jan  6 20:12:34 IST 2026, 132 W
Tue Jan  6 20:12:34 IST 2026, 140 W
Tue Jan  6 20:12:34 IST 2026, 143 W
Tue Jan  6 20:12:34 IST 2026, 142 W
Tue Jan  6 20:12:35 IST 2026, 95 W
Tue Jan  6 20:12:35 IST 2026, 98 W
Tue Jan  6 20:12:35 IST 2026, 96 W
Tue Jan  6 20:12:35 IST 2026, 107 W
Tue Jan  6 20:12:36 IST 2026, 96 W
Tue Jan  6 20:12:36 IST 2026, 98 W
Tue Jan  6 20:12:36 IST 2026, 101 W
Tue Jan  6 20:12:36 IST 2026, 99 W
Tue Jan  6 20:12:37 IST 2026, 95 W
Tue Jan  6 20:12:37 IST 2026, 95 W
Tue Jan  6 20:12:37 IST 2026, 95 W
Tue Jan  6 20:12:37 IST 2026, 101 W
Tue Jan  6 20:12:38 IST 2026, 90 W
Tue Jan  6 20:12:38 IST 2026, 90 W
Tue Jan  6 20:12:38 IST 2026, 96 W
Tue Jan  6 20:12:38 IST 2026, 105 W
Tue Jan  6 20:12:39 IST 2026, 94 W
Tue Jan  6 20:12:39 IST 2026, 99 W
Tue Jan  6 20:12:39 IST 2026, 103 W
Tue Jan  6 20:12:39 IST 2026, 104 W
Tue Jan  6 20:12:40 IST 2026, 135 W
Tue Jan  6 20:12:40 IST 2026, 131 W
Tue Jan  6 20:12:40 IST 2026, 138 W
Tue Jan  6 20:12:40 IST 2026, 132 W
Tue Jan  6 20:12:41 IST 2026, 134 W
Tue Jan  6 20:12:41 IST 2026, 126 W
Tue Jan  6 20:12:41 IST 2026, 123 W
Tue Jan  6 20:12:41 IST 2026, 133 W
Tue Jan  6 20:12:42 IST 2026, 131 W
Tue Jan  6 20:12:42 IST 2026, 129 W
Tue Jan  6 20:12:42 IST 2026, 131 W
Tue Jan  6 20:12:42 IST 2026, 141 W
Tue Jan  6 20:12:43 IST 2026, 143 W
Tue Jan  6 20:12:43 IST 2026, 128 W
Tue Jan  6 20:12:43 IST 2026, 126 W
Tue Jan  6 20:12:43 IST 2026, 141 W
Tue Jan  6 20:12:44 IST 2026, 128 W
Tue Jan  6 20:12:44 IST 2026, 136 W
Tue Jan  6 20:12:44 IST 2026, 132 W
Tue Jan  6 20:12:44 IST 2026, 142 W
Tue Jan  6 20:12:45 IST 2026, 130 W
Tue Jan  6 20:12:45 IST 2026, 131 W
Tue Jan  6 20:12:45 IST 2026, 134 W
Tue Jan  6 20:12:45 IST 2026, 140 W
Tue Jan  6 20:12:46 IST 2026, 131 W
Tue Jan  6 20:12:46 IST 2026, 145 W
Tue Jan  6 20:12:46 IST 2026, 135 W
Tue Jan  6 20:12:46 IST 2026, 147 W
Tue Jan  6 20:12:47 IST 2026, 99 W
Tue Jan  6 20:12:47 IST 2026, 93 W
Tue Jan  6 20:12:47 IST 2026, 98 W
Tue Jan  6 20:12:47 IST 2026, 104 W
Tue Jan  6 20:12:48 IST 2026, 92 W
Tue Jan  6 20:12:48 IST 2026, 95 W
Tue Jan  6 20:12:48 IST 2026, 99 W
Tue Jan  6 20:12:48 IST 2026, 110 W
Tue Jan  6 20:12:49 IST 2026, 90 W
Tue Jan  6 20:12:49 IST 2026, 98 W
Tue Jan  6 20:12:49 IST 2026, 102 W
Tue Jan  6 20:12:49 IST 2026, 99 W
Tue Jan  6 20:12:50 IST 2026, 94 W
Tue Jan  6 20:12:50 IST 2026, 92 W
Tue Jan  6 20:12:50 IST 2026, 97 W
Tue Jan  6 20:12:50 IST 2026, 102 W
Tue Jan  6 20:12:51 IST 2026, 93 W
Tue Jan  6 20:12:51 IST 2026, 96 W
Tue Jan  6 20:12:51 IST 2026, 104 W
Tue Jan  6 20:12:51 IST 2026, 102 W
Tue Jan  6 20:12:52 IST 2026, 123 W
Tue Jan  6 20:12:52 IST 2026, 132 W
Tue Jan  6 20:12:52 IST 2026, 129 W
Tue Jan  6 20:12:52 IST 2026, 143 W
Tue Jan  6 20:12:53 IST 2026, 118 W
Tue Jan  6 20:12:53 IST 2026, 132 W
Tue Jan  6 20:12:53 IST 2026, 133 W
Tue Jan  6 20:12:53 IST 2026, 141 W
Tue Jan  6 20:12:54 IST 2026, 130 W
Tue Jan  6 20:12:54 IST 2026, 137 W
Tue Jan  6 20:12:54 IST 2026, 136 W
Tue Jan  6 20:12:54 IST 2026, 148 W
Tue Jan  6 20:12:55 IST 2026, 138 W
Tue Jan  6 20:12:55 IST 2026, 144 W
Tue Jan  6 20:12:55 IST 2026, 131 W
Tue Jan  6 20:12:55 IST 2026, 151 W
Tue Jan  6 20:12:56 IST 2026, 131 W
Tue Jan  6 20:12:56 IST 2026, 141 W
Tue Jan  6 20:12:56 IST 2026, 132 W
Tue Jan  6 20:12:56 IST 2026, 137 W
Tue Jan  6 20:12:57 IST 2026, 102 W
Tue Jan  6 20:12:57 IST 2026, 94 W
Tue Jan  6 20:12:57 IST 2026, 106 W
Tue Jan  6 20:12:57 IST 2026, 105 W
Tue Jan  6 20:12:58 IST 2026, 91 W
Tue Jan  6 20:12:58 IST 2026, 94 W
Tue Jan  6 20:12:58 IST 2026, 104 W
Tue Jan  6 20:12:58 IST 2026, 103 W
Tue Jan  6 20:12:59 IST 2026, 96 W
Tue Jan  6 20:12:59 IST 2026, 92 W
Tue Jan  6 20:12:59 IST 2026, 105 W
Tue Jan  6 20:12:59 IST 2026, 109 W
Tue Jan  6 20:13:00 IST 2026, 90 W
Tue Jan  6 20:13:00 IST 2026, 95 W
Tue Jan  6 20:13:00 IST 2026, 99 W
Tue Jan  6 20:13:00 IST 2026, 104 W
Tue Jan  6 20:13:01 IST 2026, 94 W
Tue Jan  6 20:13:01 IST 2026, 101 W
Tue Jan  6 20:13:01 IST 2026, 98 W
Tue Jan  6 20:13:01 IST 2026, 104 W
Tue Jan  6 20:13:02 IST 2026, 125 W
Tue Jan  6 20:13:02 IST 2026, 140 W
Tue Jan  6 20:13:02 IST 2026, 135 W
Tue Jan  6 20:13:02 IST 2026, 140 W
Tue Jan  6 20:13:03 IST 2026, 129 W
Tue Jan  6 20:13:03 IST 2026, 131 W
Tue Jan  6 20:13:03 IST 2026, 134 W
Tue Jan  6 20:13:03 IST 2026, 141 W
Tue Jan  6 20:13:04 IST 2026, 132 W
Tue Jan  6 20:13:04 IST 2026, 138 W
Tue Jan  6 20:13:04 IST 2026, 129 W
Tue Jan  6 20:13:04 IST 2026, 135 W
Tue Jan  6 20:13:05 IST 2026, 126 W
Tue Jan  6 20:13:05 IST 2026, 133 W
Tue Jan  6 20:13:05 IST 2026, 128 W
Tue Jan  6 20:13:05 IST 2026, 130 W
Tue Jan  6 20:13:06 IST 2026, 134 W
Tue Jan  6 20:13:06 IST 2026, 133 W
Tue Jan  6 20:13:06 IST 2026, 126 W
Tue Jan  6 20:13:06 IST 2026, 144 W
Tue Jan  6 20:13:07 IST 2026, 132 W
Tue Jan  6 20:13:07 IST 2026, 138 W
Tue Jan  6 20:13:07 IST 2026, 136 W
Tue Jan  6 20:13:07 IST 2026, 146 W
Tue Jan  6 20:13:08 IST 2026, 122 W
Tue Jan  6 20:13:08 IST 2026, 136 W
Tue Jan  6 20:13:08 IST 2026, 130 W
Tue Jan  6 20:13:08 IST 2026, 139 W
Tue Jan  6 20:13:09 IST 2026, 127 W
Tue Jan  6 20:13:09 IST 2026, 118 W
Tue Jan  6 20:13:09 IST 2026, 129 W
Tue Jan  6 20:13:09 IST 2026, 133 W
Tue Jan  6 20:13:10 IST 2026, 138 W
Tue Jan  6 20:13:10 IST 2026, 139 W
Tue Jan  6 20:13:10 IST 2026, 135 W
Tue Jan  6 20:13:10 IST 2026, 141 W
Tue Jan  6 20:13:11 IST 2026, 131 W
Tue Jan  6 20:13:11 IST 2026, 129 W
Tue Jan  6 20:13:11 IST 2026, 137 W
Tue Jan  6 20:13:11 IST 2026, 141 W
Tue Jan  6 20:13:12 IST 2026, 131 W
Tue Jan  6 20:13:12 IST 2026, 141 W
Tue Jan  6 20:13:12 IST 2026, 142 W
Tue Jan  6 20:13:12 IST 2026, 147 W
Tue Jan  6 20:13:13 IST 2026, 96 W
Tue Jan  6 20:13:13 IST 2026, 97 W
Tue Jan  6 20:13:13 IST 2026, 101 W
Tue Jan  6 20:13:13 IST 2026, 108 W
Tue Jan  6 20:13:14 IST 2026, 90 W
Tue Jan  6 20:13:14 IST 2026, 100 W
Tue Jan  6 20:13:14 IST 2026, 103 W
Tue Jan  6 20:13:14 IST 2026, 99 W
Tue Jan  6 20:13:15 IST 2026, 101 W
Tue Jan  6 20:13:15 IST 2026, 94 W
Tue Jan  6 20:13:15 IST 2026, 99 W
Tue Jan  6 20:13:15 IST 2026, 104 W
Tue Jan  6 20:13:16 IST 2026, 98 W
Tue Jan  6 20:13:16 IST 2026, 98 W
Tue Jan  6 20:13:16 IST 2026, 99 W
Tue Jan  6 20:13:16 IST 2026, 100 W
Tue Jan  6 20:13:17 IST 2026, 97 W
Tue Jan  6 20:13:17 IST 2026, 95 W
Tue Jan  6 20:13:17 IST 2026, 106 W
Tue Jan  6 20:13:17 IST 2026, 97 W
Tue Jan  6 20:13:18 IST 2026, 129 W
Tue Jan  6 20:13:18 IST 2026, 136 W
Tue Jan  6 20:13:18 IST 2026, 133 W
Tue Jan  6 20:13:18 IST 2026, 145 W
Tue Jan  6 20:13:19 IST 2026, 134 W
Tue Jan  6 20:13:19 IST 2026, 138 W
Tue Jan  6 20:13:19 IST 2026, 140 W
Tue Jan  6 20:13:19 IST 2026, 138 W
Tue Jan  6 20:13:20 IST 2026, 128 W
Tue Jan  6 20:13:20 IST 2026, 137 W
Tue Jan  6 20:13:20 IST 2026, 136 W
Tue Jan  6 20:13:20 IST 2026, 143 W
Tue Jan  6 20:13:21 IST 2026, 134 W
Tue Jan  6 20:13:21 IST 2026, 133 W
Tue Jan  6 20:13:21 IST 2026, 134 W
Tue Jan  6 20:13:21 IST 2026, 143 W
Tue Jan  6 20:13:22 IST 2026, 126 W
Tue Jan  6 20:13:22 IST 2026, 133 W
Tue Jan  6 20:13:22 IST 2026, 133 W
Tue Jan  6 20:13:22 IST 2026, 143 W
Tue Jan  6 20:13:23 IST 2026, 131 W
Tue Jan  6 20:13:23 IST 2026, 143 W
Tue Jan  6 20:13:23 IST 2026, 137 W
Tue Jan  6 20:13:23 IST 2026, 143 W
Tue Jan  6 20:13:24 IST 2026, 126 W
Tue Jan  6 20:13:24 IST 2026, 136 W
Tue Jan  6 20:13:24 IST 2026, 126 W
Tue Jan  6 20:13:24 IST 2026, 136 W
Tue Jan  6 20:13:25 IST 2026, 130 W
Tue Jan  6 20:13:25 IST 2026, 134 W
Tue Jan  6 20:13:25 IST 2026, 137 W
Tue Jan  6 20:13:25 IST 2026, 142 W
Tue Jan  6 20:13:26 IST 2026, 131 W
Tue Jan  6 20:13:26 IST 2026, 142 W
Tue Jan  6 20:13:26 IST 2026, 139 W
Tue Jan  6 20:13:26 IST 2026, 144 W
Tue Jan  6 20:13:27 IST 2026, 124 W
Tue Jan  6 20:13:27 IST 2026, 145 W
Tue Jan  6 20:13:27 IST 2026, 134 W
Tue Jan  6 20:13:27 IST 2026, 143 W
Tue Jan  6 20:13:28 IST 2026, 94 W
Tue Jan  6 20:13:28 IST 2026, 95 W
Tue Jan  6 20:13:28 IST 2026, 100 W
Tue Jan  6 20:13:28 IST 2026, 100 W
Tue Jan  6 20:13:29 IST 2026, 99 W
Tue Jan  6 20:13:29 IST 2026, 94 W
Tue Jan  6 20:13:29 IST 2026, 103 W
Tue Jan  6 20:13:29 IST 2026, 102 W
Tue Jan  6 20:13:30 IST 2026, 95 W
Tue Jan  6 20:13:30 IST 2026, 93 W
Tue Jan  6 20:13:30 IST 2026, 98 W
Tue Jan  6 20:13:30 IST 2026, 103 W
Tue Jan  6 20:13:31 IST 2026, 96 W
Tue Jan  6 20:13:31 IST 2026, 98 W
Tue Jan  6 20:13:31 IST 2026, 105 W
Tue Jan  6 20:13:31 IST 2026, 102 W
Tue Jan  6 20:13:32 IST 2026, 135 W
Tue Jan  6 20:13:32 IST 2026, 142 W
Tue Jan  6 20:13:32 IST 2026, 131 W
Tue Jan  6 20:13:32 IST 2026, 142 W
Tue Jan  6 20:13:33 IST 2026, 135 W
Tue Jan  6 20:13:33 IST 2026, 140 W
Tue Jan  6 20:13:33 IST 2026, 139 W
Tue Jan  6 20:13:33 IST 2026, 140 W
Tue Jan  6 20:13:34 IST 2026, 123 W
Tue Jan  6 20:13:34 IST 2026, 128 W
Tue Jan  6 20:13:34 IST 2026, 142 W
Tue Jan  6 20:13:34 IST 2026, 141 W
Tue Jan  6 20:13:35 IST 2026, 124 W
Tue Jan  6 20:13:35 IST 2026, 135 W
Tue Jan  6 20:13:35 IST 2026, 126 W
Tue Jan  6 20:13:35 IST 2026, 137 W
Tue Jan  6 20:13:36 IST 2026, 139 W
Tue Jan  6 20:13:36 IST 2026, 140 W
Tue Jan  6 20:13:36 IST 2026, 139 W
Tue Jan  6 20:13:36 IST 2026, 134 W
Tue Jan  6 20:13:37 IST 2026, 130 W
Tue Jan  6 20:13:37 IST 2026, 140 W
Tue Jan  6 20:13:37 IST 2026, 129 W
Tue Jan  6 20:13:37 IST 2026, 136 W
Tue Jan  6 20:13:38 IST 2026, 125 W
Tue Jan  6 20:13:38 IST 2026, 129 W
Tue Jan  6 20:13:38 IST 2026, 126 W
Tue Jan  6 20:13:38 IST 2026, 130 W
Tue Jan  6 20:13:39 IST 2026, 126 W
Tue Jan  6 20:13:39 IST 2026, 127 W
Tue Jan  6 20:13:39 IST 2026, 132 W
Tue Jan  6 20:13:39 IST 2026, 135 W
Tue Jan  6 20:13:40 IST 2026, 91 W
Tue Jan  6 20:13:40 IST 2026, 98 W
Tue Jan  6 20:13:40 IST 2026, 97 W
Tue Jan  6 20:13:40 IST 2026, 101 W
Tue Jan  6 20:13:41 IST 2026, 95 W
Tue Jan  6 20:13:41 IST 2026, 101 W
Tue Jan  6 20:13:41 IST 2026, 103 W
Tue Jan  6 20:13:41 IST 2026, 99 W
Tue Jan  6 20:13:42 IST 2026, 93 W
Tue Jan  6 20:13:42 IST 2026, 97 W
Tue Jan  6 20:13:42 IST 2026, 96 W
Tue Jan  6 20:13:42 IST 2026, 103 W
Tue Jan  6 20:13:43 IST 2026, 89 W
Tue Jan  6 20:13:43 IST 2026, 98 W
Tue Jan  6 20:13:43 IST 2026, 101 W
Tue Jan  6 20:13:43 IST 2026, 102 W
Tue Jan  6 20:13:44 IST 2026, 123 W
Tue Jan  6 20:13:44 IST 2026, 134 W
Tue Jan  6 20:13:44 IST 2026, 134 W
Tue Jan  6 20:13:44 IST 2026, 141 W
Tue Jan  6 20:13:45 IST 2026, 128 W
Tue Jan  6 20:13:45 IST 2026, 136 W
Tue Jan  6 20:13:45 IST 2026, 129 W
Tue Jan  6 20:13:45 IST 2026, 138 W
Tue Jan  6 20:13:46 IST 2026, 130 W
Tue Jan  6 20:13:46 IST 2026, 142 W
Tue Jan  6 20:13:46 IST 2026, 135 W
Tue Jan  6 20:13:46 IST 2026, 140 W
Tue Jan  6 20:13:47 IST 2026, 126 W
Tue Jan  6 20:13:47 IST 2026, 137 W
Tue Jan  6 20:13:47 IST 2026, 128 W
Tue Jan  6 20:13:47 IST 2026, 138 W
Tue Jan  6 20:13:48 IST 2026, 93 W
Tue Jan  6 20:13:48 IST 2026, 100 W
Tue Jan  6 20:13:48 IST 2026, 106 W
Tue Jan  6 20:13:48 IST 2026, 98 W
Tue Jan  6 20:13:49 IST 2026, 96 W
Tue Jan  6 20:13:49 IST 2026, 91 W
Tue Jan  6 20:13:49 IST 2026, 103 W
Tue Jan  6 20:13:49 IST 2026, 101 W
Tue Jan  6 20:13:50 IST 2026, 94 W
Tue Jan  6 20:13:50 IST 2026, 93 W
Tue Jan  6 20:13:50 IST 2026, 97 W
Tue Jan  6 20:13:50 IST 2026, 101 W
Tue Jan  6 20:13:51 IST 2026, 91 W
Tue Jan  6 20:13:51 IST 2026, 102 W
Tue Jan  6 20:13:51 IST 2026, 99 W
Tue Jan  6 20:13:51 IST 2026, 105 W
Tue Jan  6 20:13:52 IST 2026, 98 W
Tue Jan  6 20:13:52 IST 2026, 98 W
Tue Jan  6 20:13:52 IST 2026, 102 W
Tue Jan  6 20:13:52 IST 2026, 103 W
Tue Jan  6 20:13:53 IST 2026, 133 W
Tue Jan  6 20:13:53 IST 2026, 143 W
Tue Jan  6 20:13:53 IST 2026, 129 W
Tue Jan  6 20:13:53 IST 2026, 137 W
Tue Jan  6 20:13:54 IST 2026, 142 W
Tue Jan  6 20:13:54 IST 2026, 139 W
Tue Jan  6 20:13:54 IST 2026, 139 W
Tue Jan  6 20:13:54 IST 2026, 134 W
Tue Jan  6 20:13:55 IST 2026, 139 W
Tue Jan  6 20:13:55 IST 2026, 140 W
Tue Jan  6 20:13:55 IST 2026, 133 W
Tue Jan  6 20:13:55 IST 2026, 139 W
Tue Jan  6 20:13:56 IST 2026, 130 W
Tue Jan  6 20:13:56 IST 2026, 137 W
Tue Jan  6 20:13:56 IST 2026, 126 W
Tue Jan  6 20:13:56 IST 2026, 142 W
Tue Jan  6 20:13:57 IST 2026, 137 W
Tue Jan  6 20:13:57 IST 2026, 138 W
Tue Jan  6 20:13:57 IST 2026, 133 W
Tue Jan  6 20:13:57 IST 2026, 127 W
Tue Jan  6 20:13:58 IST 2026, 130 W
Tue Jan  6 20:13:58 IST 2026, 138 W
Tue Jan  6 20:13:58 IST 2026, 134 W
Tue Jan  6 20:13:58 IST 2026, 137 W
Tue Jan  6 20:13:59 IST 2026, 123 W
Tue Jan  6 20:13:59 IST 2026, 136 W
Tue Jan  6 20:13:59 IST 2026, 134 W
Tue Jan  6 20:13:59 IST 2026, 135 W
Tue Jan  6 20:14:00 IST 2026, 130 W
Tue Jan  6 20:14:00 IST 2026, 136 W
Tue Jan  6 20:14:00 IST 2026, 147 W
Tue Jan  6 20:14:00 IST 2026, 143 W
Tue Jan  6 20:14:01 IST 2026, 128 W
Tue Jan  6 20:14:01 IST 2026, 134 W
Tue Jan  6 20:14:01 IST 2026, 132 W
Tue Jan  6 20:14:01 IST 2026, 138 W
Tue Jan  6 20:14:02 IST 2026, 130 W
Tue Jan  6 20:14:02 IST 2026, 120 W
Tue Jan  6 20:14:02 IST 2026, 126 W
Tue Jan  6 20:14:02 IST 2026, 127 W
Tue Jan  6 20:14:03 IST 2026, 131 W
Tue Jan  6 20:14:03 IST 2026, 134 W
Tue Jan  6 20:14:03 IST 2026, 134 W
Tue Jan  6 20:14:03 IST 2026, 135 W
Tue Jan  6 20:14:04 IST 2026, 136 W
Tue Jan  6 20:14:04 IST 2026, 137 W
Tue Jan  6 20:14:04 IST 2026, 132 W
Tue Jan  6 20:14:04 IST 2026, 144 W
Tue Jan  6 20:14:05 IST 2026, 133 W
Tue Jan  6 20:14:05 IST 2026, 140 W
Tue Jan  6 20:14:05 IST 2026, 140 W
Tue Jan  6 20:14:05 IST 2026, 139 W
Tue Jan  6 20:14:06 IST 2026, 100 W
Tue Jan  6 20:14:06 IST 2026, 95 W
Tue Jan  6 20:14:06 IST 2026, 100 W
Tue Jan  6 20:14:06 IST 2026, 102 W
Tue Jan  6 20:14:07 IST 2026, 94 W
Tue Jan  6 20:14:07 IST 2026, 95 W
Tue Jan  6 20:14:07 IST 2026, 96 W
Tue Jan  6 20:14:07 IST 2026, 97 W
Tue Jan  6 20:14:08 IST 2026, 94 W
Tue Jan  6 20:14:08 IST 2026, 100 W
Tue Jan  6 20:14:08 IST 2026, 97 W
Tue Jan  6 20:14:08 IST 2026, 100 W
Tue Jan  6 20:14:09 IST 2026, 95 W
Tue Jan  6 20:14:09 IST 2026, 97 W
Tue Jan  6 20:14:09 IST 2026, 102 W
Tue Jan  6 20:14:09 IST 2026, 108 W
Tue Jan  6 20:14:10 IST 2026, 134 W
Tue Jan  6 20:14:10 IST 2026, 142 W
Tue Jan  6 20:14:10 IST 2026, 132 W
Tue Jan  6 20:14:10 IST 2026, 136 W
Tue Jan  6 20:14:11 IST 2026, 138 W
Tue Jan  6 20:14:11 IST 2026, 137 W
Tue Jan  6 20:14:11 IST 2026, 128 W
Tue Jan  6 20:14:11 IST 2026, 146 W
Tue Jan  6 20:14:12 IST 2026, 140 W
Tue Jan  6 20:14:12 IST 2026, 134 W
Tue Jan  6 20:14:12 IST 2026, 134 W
Tue Jan  6 20:14:12 IST 2026, 137 W
Tue Jan  6 20:14:13 IST 2026, 131 W
Tue Jan  6 20:14:13 IST 2026, 136 W
Tue Jan  6 20:14:13 IST 2026, 128 W
Tue Jan  6 20:14:13 IST 2026, 141 W
Tue Jan  6 20:14:14 IST 2026, 122 W
Tue Jan  6 20:14:14 IST 2026, 134 W
Tue Jan  6 20:14:14 IST 2026, 133 W
Tue Jan  6 20:14:14 IST 2026, 133 W
Tue Jan  6 20:14:15 IST 2026, 143 W
Tue Jan  6 20:14:15 IST 2026, 134 W
Tue Jan  6 20:14:15 IST 2026, 141 W
Tue Jan  6 20:14:15 IST 2026, 141 W
Tue Jan  6 20:14:16 IST 2026, 136 W
Tue Jan  6 20:14:16 IST 2026, 137 W
Tue Jan  6 20:14:16 IST 2026, 133 W
Tue Jan  6 20:14:16 IST 2026, 139 W
Tue Jan  6 20:14:17 IST 2026, 134 W
Tue Jan  6 20:14:17 IST 2026, 136 W
Tue Jan  6 20:14:17 IST 2026, 144 W
Tue Jan  6 20:14:17 IST 2026, 134 W
Tue Jan  6 20:14:18 IST 2026, 99 W
Tue Jan  6 20:14:18 IST 2026, 96 W
Tue Jan  6 20:14:18 IST 2026, 107 W
Tue Jan  6 20:14:18 IST 2026, 104 W
Tue Jan  6 20:14:19 IST 2026, 91 W
Tue Jan  6 20:14:19 IST 2026, 100 W
Tue Jan  6 20:14:19 IST 2026, 104 W
Tue Jan  6 20:14:19 IST 2026, 100 W
Tue Jan  6 20:14:20 IST 2026, 92 W
Tue Jan  6 20:14:20 IST 2026, 99 W
Tue Jan  6 20:14:20 IST 2026, 99 W
Tue Jan  6 20:14:20 IST 2026, 106 W
Tue Jan  6 20:14:21 IST 2026, 97 W
Tue Jan  6 20:14:21 IST 2026, 98 W
Tue Jan  6 20:14:21 IST 2026, 101 W
Tue Jan  6 20:14:21 IST 2026, 98 W
Tue Jan  6 20:14:22 IST 2026, 100 W
Tue Jan  6 20:14:22 IST 2026, 102 W
Tue Jan  6 20:14:22 IST 2026, 99 W
Tue Jan  6 20:14:22 IST 2026, 109 W
Tue Jan  6 20:14:23 IST 2026, 121 W
Tue Jan  6 20:14:23 IST 2026, 140 W
Tue Jan  6 20:14:23 IST 2026, 133 W
Tue Jan  6 20:14:23 IST 2026, 147 W
Tue Jan  6 20:14:24 IST 2026, 130 W
Tue Jan  6 20:14:24 IST 2026, 138 W
Tue Jan  6 20:14:24 IST 2026, 138 W
Tue Jan  6 20:14:24 IST 2026, 139 W
Tue Jan  6 20:14:25 IST 2026, 145 W
Tue Jan  6 20:14:25 IST 2026, 129 W
Tue Jan  6 20:14:25 IST 2026, 140 W
Tue Jan  6 20:14:25 IST 2026, 156 W
Tue Jan  6 20:14:26 IST 2026, 91 W
Tue Jan  6 20:14:26 IST 2026, 99 W
Tue Jan  6 20:14:26 IST 2026, 96 W
Tue Jan  6 20:14:26 IST 2026, 100 W
Tue Jan  6 20:14:27 IST 2026, 100 W
Tue Jan  6 20:14:27 IST 2026, 101 W
Tue Jan  6 20:14:27 IST 2026, 103 W
Tue Jan  6 20:14:27 IST 2026, 105 W
Tue Jan  6 20:14:28 IST 2026, 96 W
Tue Jan  6 20:14:28 IST 2026, 100 W
Tue Jan  6 20:14:28 IST 2026, 100 W
Tue Jan  6 20:14:28 IST 2026, 103 W
Tue Jan  6 20:14:29 IST 2026, 98 W
Tue Jan  6 20:14:29 IST 2026, 97 W
Tue Jan  6 20:14:29 IST 2026, 97 W
Tue Jan  6 20:14:29 IST 2026, 103 W
Tue Jan  6 20:14:30 IST 2026, 96 W
Tue Jan  6 20:14:30 IST 2026, 97 W
Tue Jan  6 20:14:30 IST 2026, 99 W
Tue Jan  6 20:14:30 IST 2026, 100 W
Tue Jan  6 20:14:31 IST 2026, 132 W
Tue Jan  6 20:14:31 IST 2026, 126 W
Tue Jan  6 20:14:31 IST 2026, 141 W
Tue Jan  6 20:14:31 IST 2026, 145 W
Tue Jan  6 20:14:32 IST 2026, 147 W
Tue Jan  6 20:14:32 IST 2026, 126 W
Tue Jan  6 20:14:32 IST 2026, 140 W
Tue Jan  6 20:14:32 IST 2026, 143 W
Tue Jan  6 20:14:33 IST 2026, 137 W
Tue Jan  6 20:14:33 IST 2026, 134 W
Tue Jan  6 20:14:33 IST 2026, 138 W
Tue Jan  6 20:14:33 IST 2026, 146 W
Tue Jan  6 20:14:34 IST 2026, 135 W
Tue Jan  6 20:14:34 IST 2026, 128 W
Tue Jan  6 20:14:34 IST 2026, 135 W
Tue Jan  6 20:14:34 IST 2026, 143 W
Tue Jan  6 20:14:35 IST 2026, 128 W
Tue Jan  6 20:14:35 IST 2026, 135 W
Tue Jan  6 20:14:35 IST 2026, 141 W
Tue Jan  6 20:14:35 IST 2026, 145 W
Tue Jan  6 20:14:36 IST 2026, 131 W
Tue Jan  6 20:14:36 IST 2026, 140 W
Tue Jan  6 20:14:36 IST 2026, 134 W
Tue Jan  6 20:14:36 IST 2026, 137 W
Tue Jan  6 20:14:37 IST 2026, 123 W
Tue Jan  6 20:14:37 IST 2026, 137 W
Tue Jan  6 20:14:37 IST 2026, 136 W
Tue Jan  6 20:14:37 IST 2026, 140 W
Tue Jan  6 20:14:38 IST 2026, 122 W
Tue Jan  6 20:14:38 IST 2026, 136 W
Tue Jan  6 20:14:38 IST 2026, 123 W
Tue Jan  6 20:14:38 IST 2026, 132 W
Tue Jan  6 20:14:39 IST 2026, 90 W
Tue Jan  6 20:14:39 IST 2026, 98 W
Tue Jan  6 20:14:39 IST 2026, 98 W
Tue Jan  6 20:14:39 IST 2026, 98 W
Tue Jan  6 20:14:40 IST 2026, 99 W
Tue Jan  6 20:14:40 IST 2026, 100 W
Tue Jan  6 20:14:40 IST 2026, 99 W
Tue Jan  6 20:14:40 IST 2026, 106 W
Tue Jan  6 20:14:41 IST 2026, 99 W
Tue Jan  6 20:14:41 IST 2026, 102 W
Tue Jan  6 20:14:41 IST 2026, 102 W
Tue Jan  6 20:14:41 IST 2026, 102 W
Tue Jan  6 20:14:42 IST 2026, 98 W
Tue Jan  6 20:14:42 IST 2026, 93 W
Tue Jan  6 20:14:42 IST 2026, 101 W
Tue Jan  6 20:14:42 IST 2026, 102 W
Tue Jan  6 20:14:43 IST 2026, 132 W
Tue Jan  6 20:14:43 IST 2026, 136 W
Tue Jan  6 20:14:43 IST 2026, 137 W
Tue Jan  6 20:14:43 IST 2026, 139 W
Tue Jan  6 20:14:44 IST 2026, 134 W
Tue Jan  6 20:14:44 IST 2026, 135 W
Tue Jan  6 20:14:44 IST 2026, 138 W
Tue Jan  6 20:14:44 IST 2026, 142 W
Tue Jan  6 20:14:45 IST 2026, 132 W
Tue Jan  6 20:14:45 IST 2026, 144 W
Tue Jan  6 20:14:45 IST 2026, 137 W
Tue Jan  6 20:14:45 IST 2026, 139 W
Tue Jan  6 20:14:46 IST 2026, 132 W
Tue Jan  6 20:14:46 IST 2026, 134 W
Tue Jan  6 20:14:46 IST 2026, 134 W
Tue Jan  6 20:14:46 IST 2026, 133 W
Tue Jan  6 20:14:47 IST 2026, 148 W
Tue Jan  6 20:14:47 IST 2026, 138 W
Tue Jan  6 20:14:47 IST 2026, 145 W
Tue Jan  6 20:14:47 IST 2026, 135 W
Tue Jan  6 20:14:48 IST 2026, 124 W
Tue Jan  6 20:14:48 IST 2026, 126 W
Tue Jan  6 20:14:48 IST 2026, 127 W
Tue Jan  6 20:14:48 IST 2026, 130 W
Tue Jan  6 20:14:49 IST 2026, 137 W
Tue Jan  6 20:14:49 IST 2026, 138 W
Tue Jan  6 20:14:49 IST 2026, 135 W
Tue Jan  6 20:14:49 IST 2026, 141 W
Tue Jan  6 20:14:50 IST 2026, 137 W
Tue Jan  6 20:14:50 IST 2026, 139 W
Tue Jan  6 20:14:50 IST 2026, 137 W
Tue Jan  6 20:14:50 IST 2026, 129 W
Tue Jan  6 20:14:51 IST 2026, 139 W
Tue Jan  6 20:14:51 IST 2026, 139 W
Tue Jan  6 20:14:51 IST 2026, 146 W
Tue Jan  6 20:14:51 IST 2026, 145 W
Tue Jan  6 20:14:52 IST 2026, 136 W
Tue Jan  6 20:14:52 IST 2026, 132 W
Tue Jan  6 20:14:52 IST 2026, 137 W
Tue Jan  6 20:14:52 IST 2026, 129 W
Tue Jan  6 20:14:53 IST 2026, 132 W
Tue Jan  6 20:14:53 IST 2026, 135 W
Tue Jan  6 20:14:53 IST 2026, 132 W
Tue Jan  6 20:14:53 IST 2026, 137 W
Tue Jan  6 20:14:54 IST 2026, 134 W
Tue Jan  6 20:14:54 IST 2026, 135 W
Tue Jan  6 20:14:54 IST 2026, 133 W
Tue Jan  6 20:14:54 IST 2026, 143 W
Tue Jan  6 20:14:55 IST 2026, 143 W
Tue Jan  6 20:14:55 IST 2026, 133 W
Tue Jan  6 20:14:55 IST 2026, 140 W
Tue Jan  6 20:14:55 IST 2026, 132 W
Tue Jan  6 20:14:56 IST 2026, 91 W
Tue Jan  6 20:14:56 IST 2026, 95 W
Tue Jan  6 20:14:56 IST 2026, 96 W
Tue Jan  6 20:14:56 IST 2026, 105 W
Tue Jan  6 20:14:57 IST 2026, 95 W
Tue Jan  6 20:14:57 IST 2026, 97 W
Tue Jan  6 20:14:57 IST 2026, 96 W
Tue Jan  6 20:14:57 IST 2026, 105 W
Tue Jan  6 20:14:58 IST 2026, 93 W
Tue Jan  6 20:14:58 IST 2026, 93 W
Tue Jan  6 20:14:58 IST 2026, 99 W
Tue Jan  6 20:14:58 IST 2026, 98 W
Tue Jan  6 20:14:59 IST 2026, 98 W
Tue Jan  6 20:14:59 IST 2026, 100 W
Tue Jan  6 20:14:59 IST 2026, 99 W
Tue Jan  6 20:14:59 IST 2026, 102 W
Tue Jan  6 20:15:00 IST 2026, 141 W
Tue Jan  6 20:15:00 IST 2026, 144 W
Tue Jan  6 20:15:00 IST 2026, 133 W
Tue Jan  6 20:15:00 IST 2026, 132 W
Tue Jan  6 20:15:01 IST 2026, 128 W
Tue Jan  6 20:15:01 IST 2026, 127 W
Tue Jan  6 20:15:01 IST 2026, 127 W
Tue Jan  6 20:15:01 IST 2026, 132 W
Tue Jan  6 20:15:02 IST 2026, 134 W
Tue Jan  6 20:15:02 IST 2026, 135 W
Tue Jan  6 20:15:02 IST 2026, 142 W
Tue Jan  6 20:15:02 IST 2026, 137 W
Tue Jan  6 20:15:03 IST 2026, 131 W
Tue Jan  6 20:15:03 IST 2026, 144 W
Tue Jan  6 20:15:03 IST 2026, 138 W
Tue Jan  6 20:15:03 IST 2026, 142 W
Tue Jan  6 20:15:04 IST 2026, 137 W
Tue Jan  6 20:15:04 IST 2026, 141 W
Tue Jan  6 20:15:04 IST 2026, 134 W
Tue Jan  6 20:15:04 IST 2026, 134 W
Tue Jan  6 20:15:05 IST 2026, 130 W
Tue Jan  6 20:15:05 IST 2026, 130 W
Tue Jan  6 20:15:05 IST 2026, 137 W
Tue Jan  6 20:15:05 IST 2026, 138 W
Tue Jan  6 20:15:06 IST 2026, 136 W
Tue Jan  6 20:15:06 IST 2026, 140 W
Tue Jan  6 20:15:06 IST 2026, 137 W
Tue Jan  6 20:15:06 IST 2026, 146 W
Tue Jan  6 20:15:07 IST 2026, 131 W
Tue Jan  6 20:15:07 IST 2026, 133 W
Tue Jan  6 20:15:07 IST 2026, 139 W
Tue Jan  6 20:15:07 IST 2026, 137 W
Tue Jan  6 20:15:08 IST 2026, 129 W
Tue Jan  6 20:15:08 IST 2026, 139 W
Tue Jan  6 20:15:08 IST 2026, 135 W
Tue Jan  6 20:15:08 IST 2026, 138 W
Tue Jan  6 20:15:09 IST 2026, 133 W
Tue Jan  6 20:15:09 IST 2026, 138 W
Tue Jan  6 20:15:09 IST 2026, 131 W
Tue Jan  6 20:15:09 IST 2026, 139 W
Tue Jan  6 20:15:10 IST 2026, 135 W
Tue Jan  6 20:15:10 IST 2026, 140 W
Tue Jan  6 20:15:10 IST 2026, 139 W
Tue Jan  6 20:15:10 IST 2026, 147 W
Tue Jan  6 20:15:11 IST 2026, 134 W
Tue Jan  6 20:15:11 IST 2026, 132 W
Tue Jan  6 20:15:11 IST 2026, 140 W
Tue Jan  6 20:15:11 IST 2026, 140 W
Tue Jan  6 20:15:12 IST 2026, 135 W
Tue Jan  6 20:15:12 IST 2026, 131 W
Tue Jan  6 20:15:12 IST 2026, 137 W
Tue Jan  6 20:15:12 IST 2026, 141 W
Tue Jan  6 20:15:13 IST 2026, 96 W
Tue Jan  6 20:15:13 IST 2026, 98 W
Tue Jan  6 20:15:13 IST 2026, 99 W
Tue Jan  6 20:15:13 IST 2026, 104 W
Tue Jan  6 20:15:14 IST 2026, 94 W
Tue Jan  6 20:15:14 IST 2026, 98 W
Tue Jan  6 20:15:14 IST 2026, 100 W
Tue Jan  6 20:15:14 IST 2026, 98 W
Tue Jan  6 20:15:15 IST 2026, 96 W
Tue Jan  6 20:15:15 IST 2026, 95 W
Tue Jan  6 20:15:15 IST 2026, 103 W
Tue Jan  6 20:15:15 IST 2026, 102 W
Tue Jan  6 20:15:16 IST 2026, 90 W
Tue Jan  6 20:15:16 IST 2026, 104 W
Tue Jan  6 20:15:16 IST 2026, 100 W
Tue Jan  6 20:15:16 IST 2026, 98 W
Tue Jan  6 20:15:17 IST 2026, 95 W
Tue Jan  6 20:15:17 IST 2026, 92 W
Tue Jan  6 20:15:17 IST 2026, 99 W
Tue Jan  6 20:15:17 IST 2026, 105 W
Tue Jan  6 20:15:18 IST 2026, 140 W
Tue Jan  6 20:15:18 IST 2026, 128 W
Tue Jan  6 20:15:18 IST 2026, 130 W
Tue Jan  6 20:15:18 IST 2026, 144 W
Tue Jan  6 20:15:19 IST 2026, 142 W
Tue Jan  6 20:15:19 IST 2026, 130 W
Tue Jan  6 20:15:19 IST 2026, 135 W
Tue Jan  6 20:15:19 IST 2026, 147 W
Tue Jan  6 20:15:20 IST 2026, 132 W
Tue Jan  6 20:15:20 IST 2026, 130 W
Tue Jan  6 20:15:20 IST 2026, 137 W
Tue Jan  6 20:15:20 IST 2026, 142 W
Tue Jan  6 20:15:21 IST 2026, 133 W
Tue Jan  6 20:15:21 IST 2026, 136 W
Tue Jan  6 20:15:21 IST 2026, 135 W
Tue Jan  6 20:15:21 IST 2026, 147 W
Tue Jan  6 20:15:22 IST 2026, 136 W
Tue Jan  6 20:15:22 IST 2026, 133 W
Tue Jan  6 20:15:22 IST 2026, 132 W
Tue Jan  6 20:15:22 IST 2026, 138 W
Tue Jan  6 20:15:23 IST 2026, 136 W
Tue Jan  6 20:15:23 IST 2026, 135 W
Tue Jan  6 20:15:23 IST 2026, 138 W
Tue Jan  6 20:15:23 IST 2026, 142 W
Tue Jan  6 20:15:24 IST 2026, 131 W
Tue Jan  6 20:15:24 IST 2026, 144 W
Tue Jan  6 20:15:24 IST 2026, 140 W
Tue Jan  6 20:15:24 IST 2026, 142 W
Tue Jan  6 20:15:25 IST 2026, 129 W
Tue Jan  6 20:15:25 IST 2026, 138 W
Tue Jan  6 20:15:25 IST 2026, 136 W
Tue Jan  6 20:15:25 IST 2026, 147 W
Tue Jan  6 20:15:26 IST 2026, 103 W
Tue Jan  6 20:15:26 IST 2026, 103 W
Tue Jan  6 20:15:26 IST 2026, 98 W
Tue Jan  6 20:15:26 IST 2026, 105 W
Tue Jan  6 20:15:27 IST 2026, 96 W
Tue Jan  6 20:15:27 IST 2026, 95 W
Tue Jan  6 20:15:27 IST 2026, 98 W
Tue Jan  6 20:15:27 IST 2026, 101 W
Tue Jan  6 20:15:28 IST 2026, 92 W
Tue Jan  6 20:15:28 IST 2026, 98 W
Tue Jan  6 20:15:28 IST 2026, 98 W
Tue Jan  6 20:15:28 IST 2026, 104 W
Tue Jan  6 20:15:29 IST 2026, 94 W
Tue Jan  6 20:15:29 IST 2026, 100 W
Tue Jan  6 20:15:29 IST 2026, 98 W
Tue Jan  6 20:15:29 IST 2026, 99 W
Tue Jan  6 20:15:30 IST 2026, 90 W
Tue Jan  6 20:15:30 IST 2026, 92 W
Tue Jan  6 20:15:30 IST 2026, 96 W
Tue Jan  6 20:15:30 IST 2026, 96 W
Tue Jan  6 20:15:31 IST 2026, 138 W
Tue Jan  6 20:15:31 IST 2026, 139 W
Tue Jan  6 20:15:31 IST 2026, 132 W
Tue Jan  6 20:15:31 IST 2026, 150 W
Tue Jan  6 20:15:32 IST 2026, 131 W
Tue Jan  6 20:15:32 IST 2026, 135 W
Tue Jan  6 20:15:32 IST 2026, 134 W
Tue Jan  6 20:15:32 IST 2026, 142 W
Tue Jan  6 20:15:33 IST 2026, 133 W
Tue Jan  6 20:15:33 IST 2026, 136 W
Tue Jan  6 20:15:33 IST 2026, 137 W
Tue Jan  6 20:15:33 IST 2026, 141 W
Tue Jan  6 20:15:34 IST 2026, 141 W
Tue Jan  6 20:15:34 IST 2026, 137 W
Tue Jan  6 20:15:34 IST 2026, 133 W
Tue Jan  6 20:15:34 IST 2026, 145 W
Tue Jan  6 20:15:35 IST 2026, 133 W
Tue Jan  6 20:15:35 IST 2026, 134 W
Tue Jan  6 20:15:35 IST 2026, 134 W
Tue Jan  6 20:15:35 IST 2026, 143 W
Tue Jan  6 20:15:36 IST 2026, 131 W
Tue Jan  6 20:15:36 IST 2026, 125 W
Tue Jan  6 20:15:36 IST 2026, 137 W
Tue Jan  6 20:15:36 IST 2026, 141 W
Tue Jan  6 20:15:37 IST 2026, 126 W
Tue Jan  6 20:15:37 IST 2026, 124 W
Tue Jan  6 20:15:37 IST 2026, 127 W
Tue Jan  6 20:15:37 IST 2026, 140 W
Tue Jan  6 20:15:38 IST 2026, 136 W
Tue Jan  6 20:15:38 IST 2026, 131 W
Tue Jan  6 20:15:38 IST 2026, 135 W
Tue Jan  6 20:15:38 IST 2026, 138 W
Tue Jan  6 20:15:39 IST 2026, 135 W
Tue Jan  6 20:15:39 IST 2026, 137 W
Tue Jan  6 20:15:39 IST 2026, 133 W
Tue Jan  6 20:15:39 IST 2026, 139 W
Tue Jan  6 20:15:40 IST 2026, 133 W
Tue Jan  6 20:15:40 IST 2026, 136 W
Tue Jan  6 20:15:40 IST 2026, 136 W
Tue Jan  6 20:15:40 IST 2026, 149 W
Tue Jan  6 20:15:41 IST 2026, 119 W
Tue Jan  6 20:15:41 IST 2026, 134 W
Tue Jan  6 20:15:41 IST 2026, 126 W
Tue Jan  6 20:15:41 IST 2026, 139 W
Tue Jan  6 20:15:42 IST 2026, 132 W
Tue Jan  6 20:15:42 IST 2026, 135 W
Tue Jan  6 20:15:42 IST 2026, 130 W
Tue Jan  6 20:15:42 IST 2026, 141 W
Tue Jan  6 20:15:43 IST 2026, 89 W
Tue Jan  6 20:15:43 IST 2026, 101 W
Tue Jan  6 20:15:43 IST 2026, 104 W
Tue Jan  6 20:15:43 IST 2026, 100 W
Tue Jan  6 20:15:44 IST 2026, 91 W
Tue Jan  6 20:15:44 IST 2026, 97 W
Tue Jan  6 20:15:44 IST 2026, 101 W
Tue Jan  6 20:15:44 IST 2026, 103 W
Tue Jan  6 20:15:45 IST 2026, 95 W
Tue Jan  6 20:15:45 IST 2026, 97 W
Tue Jan  6 20:15:45 IST 2026, 95 W
Tue Jan  6 20:15:45 IST 2026, 102 W
Tue Jan  6 20:15:46 IST 2026, 95 W
Tue Jan  6 20:15:46 IST 2026, 95 W
Tue Jan  6 20:15:46 IST 2026, 99 W
Tue Jan  6 20:15:46 IST 2026, 97 W
Tue Jan  6 20:15:47 IST 2026, 99 W
Tue Jan  6 20:15:47 IST 2026, 100 W
Tue Jan  6 20:15:47 IST 2026, 100 W
Tue Jan  6 20:15:47 IST 2026, 106 W
Tue Jan  6 20:15:48 IST 2026, 132 W
Tue Jan  6 20:15:48 IST 2026, 137 W
Tue Jan  6 20:15:48 IST 2026, 131 W
Tue Jan  6 20:15:48 IST 2026, 138 W
Tue Jan  6 20:15:49 IST 2026, 134 W
Tue Jan  6 20:15:49 IST 2026, 142 W
Tue Jan  6 20:15:49 IST 2026, 137 W
Tue Jan  6 20:15:49 IST 2026, 133 W
Tue Jan  6 20:15:50 IST 2026, 139 W
Tue Jan  6 20:15:50 IST 2026, 139 W
Tue Jan  6 20:15:50 IST 2026, 139 W
Tue Jan  6 20:15:50 IST 2026, 143 W
Tue Jan  6 20:15:51 IST 2026, 128 W
Tue Jan  6 20:15:51 IST 2026, 128 W
Tue Jan  6 20:15:51 IST 2026, 134 W
Tue Jan  6 20:15:51 IST 2026, 134 W
Tue Jan  6 20:15:52 IST 2026, 131 W
Tue Jan  6 20:15:52 IST 2026, 142 W
Tue Jan  6 20:15:52 IST 2026, 140 W
Tue Jan  6 20:15:52 IST 2026, 147 W
Tue Jan  6 20:15:53 IST 2026, 133 W
Tue Jan  6 20:15:53 IST 2026, 141 W
Tue Jan  6 20:15:53 IST 2026, 133 W
Tue Jan  6 20:15:53 IST 2026, 140 W
Tue Jan  6 20:15:54 IST 2026, 137 W
Tue Jan  6 20:15:54 IST 2026, 141 W
Tue Jan  6 20:15:54 IST 2026, 131 W
Tue Jan  6 20:15:54 IST 2026, 145 W
Tue Jan  6 20:15:55 IST 2026, 131 W
Tue Jan  6 20:15:55 IST 2026, 139 W
Tue Jan  6 20:15:55 IST 2026, 133 W
Tue Jan  6 20:15:55 IST 2026, 144 W
Tue Jan  6 20:15:56 IST 2026, 139 W
Tue Jan  6 20:15:56 IST 2026, 135 W
Tue Jan  6 20:15:56 IST 2026, 131 W
Tue Jan  6 20:15:56 IST 2026, 142 W
Tue Jan  6 20:15:57 IST 2026, 130 W
Tue Jan  6 20:15:57 IST 2026, 139 W
Tue Jan  6 20:15:57 IST 2026, 139 W
Tue Jan  6 20:15:57 IST 2026, 144 W
Tue Jan  6 20:15:58 IST 2026, 136 W
Tue Jan  6 20:15:58 IST 2026, 132 W
Tue Jan  6 20:15:58 IST 2026, 140 W
Tue Jan  6 20:15:58 IST 2026, 148 W
Tue Jan  6 20:15:59 IST 2026, 130 W
Tue Jan  6 20:15:59 IST 2026, 141 W
Tue Jan  6 20:15:59 IST 2026, 131 W
Tue Jan  6 20:15:59 IST 2026, 137 W
Tue Jan  6 20:16:00 IST 2026, 107 W
Tue Jan  6 20:16:00 IST 2026, 113 W
Tue Jan  6 20:16:00 IST 2026, 115 W
Tue Jan  6 20:16:00 IST 2026, 124 W
Tue Jan  6 20:16:01 IST 2026, 101 W
Tue Jan  6 20:16:01 IST 2026, 96 W
Tue Jan  6 20:16:01 IST 2026, 96 W
Tue Jan  6 20:16:01 IST 2026, 102 W
Tue Jan  6 20:16:02 IST 2026, 89 W
Tue Jan  6 20:16:02 IST 2026, 95 W
Tue Jan  6 20:16:02 IST 2026, 99 W
Tue Jan  6 20:16:02 IST 2026, 102 W
Tue Jan  6 20:16:03 IST 2026, 92 W
Tue Jan  6 20:16:03 IST 2026, 92 W
Tue Jan  6 20:16:03 IST 2026, 96 W
Tue Jan  6 20:16:03 IST 2026, 107 W
Tue Jan  6 20:16:04 IST 2026, 95 W
Tue Jan  6 20:16:04 IST 2026, 91 W
Tue Jan  6 20:16:04 IST 2026, 101 W
Tue Jan  6 20:16:04 IST 2026, 102 W
Tue Jan  6 20:16:05 IST 2026, 123 W
Tue Jan  6 20:16:05 IST 2026, 139 W
Tue Jan  6 20:16:05 IST 2026, 142 W
Tue Jan  6 20:16:05 IST 2026, 137 W
Tue Jan  6 20:16:06 IST 2026, 143 W
Tue Jan  6 20:16:06 IST 2026, 133 W
Tue Jan  6 20:16:06 IST 2026, 132 W
Tue Jan  6 20:16:06 IST 2026, 143 W
Tue Jan  6 20:16:07 IST 2026, 130 W
Tue Jan  6 20:16:07 IST 2026, 136 W
Tue Jan  6 20:16:07 IST 2026, 140 W
Tue Jan  6 20:16:07 IST 2026, 135 W
Tue Jan  6 20:16:08 IST 2026, 128 W
Tue Jan  6 20:16:08 IST 2026, 130 W
Tue Jan  6 20:16:08 IST 2026, 128 W
Tue Jan  6 20:16:08 IST 2026, 135 W
Tue Jan  6 20:16:09 IST 2026, 126 W
Tue Jan  6 20:16:09 IST 2026, 136 W
Tue Jan  6 20:16:09 IST 2026, 130 W
Tue Jan  6 20:16:09 IST 2026, 133 W
Tue Jan  6 20:16:10 IST 2026, 128 W
Tue Jan  6 20:16:10 IST 2026, 126 W
Tue Jan  6 20:16:10 IST 2026, 129 W
Tue Jan  6 20:16:10 IST 2026, 126 W
Tue Jan  6 20:16:11 IST 2026, 137 W
Tue Jan  6 20:16:11 IST 2026, 142 W
Tue Jan  6 20:16:11 IST 2026, 134 W
Tue Jan  6 20:16:11 IST 2026, 139 W
Tue Jan  6 20:16:12 IST 2026, 133 W
Tue Jan  6 20:16:12 IST 2026, 144 W
Tue Jan  6 20:16:12 IST 2026, 136 W
Tue Jan  6 20:16:12 IST 2026, 142 W
Tue Jan  6 20:16:13 IST 2026, 133 W
Tue Jan  6 20:16:13 IST 2026, 143 W
Tue Jan  6 20:16:13 IST 2026, 135 W
Tue Jan  6 20:16:13 IST 2026, 139 W
Tue Jan  6 20:16:14 IST 2026, 133 W
Tue Jan  6 20:16:14 IST 2026, 142 W
Tue Jan  6 20:16:14 IST 2026, 134 W
Tue Jan  6 20:16:14 IST 2026, 141 W
Tue Jan  6 20:16:15 IST 2026, 130 W
Tue Jan  6 20:16:15 IST 2026, 135 W
Tue Jan  6 20:16:15 IST 2026, 132 W
Tue Jan  6 20:16:15 IST 2026, 145 W
Tue Jan  6 20:16:16 IST 2026, 95 W
Tue Jan  6 20:16:16 IST 2026, 101 W
Tue Jan  6 20:16:16 IST 2026, 108 W
Tue Jan  6 20:16:16 IST 2026, 99 W
Tue Jan  6 20:16:17 IST 2026, 92 W
Tue Jan  6 20:16:17 IST 2026, 95 W
Tue Jan  6 20:16:17 IST 2026, 101 W
Tue Jan  6 20:16:17 IST 2026, 100 W
Tue Jan  6 20:16:18 IST 2026, 94 W
Tue Jan  6 20:16:18 IST 2026, 92 W
Tue Jan  6 20:16:18 IST 2026, 106 W
Tue Jan  6 20:16:18 IST 2026, 105 W
Tue Jan  6 20:16:19 IST 2026, 92 W
Tue Jan  6 20:16:19 IST 2026, 96 W
Tue Jan  6 20:16:19 IST 2026, 97 W
Tue Jan  6 20:16:19 IST 2026, 109 W
Tue Jan  6 20:16:20 IST 2026, 92 W
Tue Jan  6 20:16:20 IST 2026, 97 W
Tue Jan  6 20:16:20 IST 2026, 106 W
Tue Jan  6 20:16:20 IST 2026, 108 W
Tue Jan  6 20:16:21 IST 2026, 122 W
Tue Jan  6 20:16:21 IST 2026, 126 W
Tue Jan  6 20:16:21 IST 2026, 127 W
Tue Jan  6 20:16:21 IST 2026, 133 W
Tue Jan  6 20:16:22 IST 2026, 129 W
Tue Jan  6 20:16:22 IST 2026, 137 W
Tue Jan  6 20:16:22 IST 2026, 131 W
Tue Jan  6 20:16:22 IST 2026, 144 W
Tue Jan  6 20:16:23 IST 2026, 128 W
Tue Jan  6 20:16:23 IST 2026, 124 W
Tue Jan  6 20:16:23 IST 2026, 132 W
Tue Jan  6 20:16:23 IST 2026, 134 W
Tue Jan  6 20:16:24 IST 2026, 128 W
Tue Jan  6 20:16:24 IST 2026, 127 W
Tue Jan  6 20:16:24 IST 2026, 127 W
Tue Jan  6 20:16:24 IST 2026, 133 W
Tue Jan  6 20:16:25 IST 2026, 121 W
Tue Jan  6 20:16:25 IST 2026, 136 W
Tue Jan  6 20:16:25 IST 2026, 132 W
Tue Jan  6 20:16:25 IST 2026, 141 W
Tue Jan  6 20:16:26 IST 2026, 142 W
Tue Jan  6 20:16:26 IST 2026, 142 W
Tue Jan  6 20:16:26 IST 2026, 130 W
Tue Jan  6 20:16:26 IST 2026, 147 W
Tue Jan  6 20:16:27 IST 2026, 141 W
Tue Jan  6 20:16:27 IST 2026, 140 W
Tue Jan  6 20:16:27 IST 2026, 134 W
Tue Jan  6 20:16:27 IST 2026, 141 W
Tue Jan  6 20:16:28 IST 2026, 133 W
Tue Jan  6 20:16:28 IST 2026, 140 W
Tue Jan  6 20:16:28 IST 2026, 134 W
Tue Jan  6 20:16:28 IST 2026, 135 W
Tue Jan  6 20:16:29 IST 2026, 127 W
Tue Jan  6 20:16:29 IST 2026, 140 W
Tue Jan  6 20:16:29 IST 2026, 139 W
Tue Jan  6 20:16:29 IST 2026, 138 W
Tue Jan  6 20:16:30 IST 2026, 133 W
Tue Jan  6 20:16:30 IST 2026, 131 W
Tue Jan  6 20:16:30 IST 2026, 131 W
Tue Jan  6 20:16:30 IST 2026, 138 W
Tue Jan  6 20:16:31 IST 2026, 138 W
Tue Jan  6 20:16:31 IST 2026, 138 W
Tue Jan  6 20:16:31 IST 2026, 140 W
Tue Jan  6 20:16:31 IST 2026, 143 W
Tue Jan  6 20:16:32 IST 2026, 98 W
Tue Jan  6 20:16:32 IST 2026, 92 W
Tue Jan  6 20:16:32 IST 2026, 103 W
Tue Jan  6 20:16:32 IST 2026, 102 W
Tue Jan  6 20:16:33 IST 2026, 96 W
Tue Jan  6 20:16:33 IST 2026, 100 W
Tue Jan  6 20:16:33 IST 2026, 102 W
Tue Jan  6 20:16:33 IST 2026, 99 W
Tue Jan  6 20:16:34 IST 2026, 97 W
Tue Jan  6 20:16:34 IST 2026, 92 W
Tue Jan  6 20:16:34 IST 2026, 98 W
Tue Jan  6 20:16:34 IST 2026, 99 W
Tue Jan  6 20:16:35 IST 2026, 90 W
Tue Jan  6 20:16:35 IST 2026, 97 W
Tue Jan  6 20:16:35 IST 2026, 97 W
Tue Jan  6 20:16:35 IST 2026, 97 W
Tue Jan  6 20:16:36 IST 2026, 154 W
Tue Jan  6 20:16:36 IST 2026, 155 W
Tue Jan  6 20:16:36 IST 2026, 160 W
Tue Jan  6 20:16:36 IST 2026, 142 W
Tue Jan  6 20:16:37 IST 2026, 123 W
Tue Jan  6 20:16:37 IST 2026, 138 W
Tue Jan  6 20:16:37 IST 2026, 126 W
Tue Jan  6 20:16:37 IST 2026, 137 W
Tue Jan  6 20:16:38 IST 2026, 128 W
Tue Jan  6 20:16:38 IST 2026, 135 W
Tue Jan  6 20:16:38 IST 2026, 137 W
Tue Jan  6 20:16:38 IST 2026, 147 W
Tue Jan  6 20:16:39 IST 2026, 127 W
Tue Jan  6 20:16:39 IST 2026, 129 W
Tue Jan  6 20:16:39 IST 2026, 129 W
Tue Jan  6 20:16:39 IST 2026, 141 W
Tue Jan  6 20:16:40 IST 2026, 135 W
Tue Jan  6 20:16:40 IST 2026, 126 W
Tue Jan  6 20:16:40 IST 2026, 130 W
Tue Jan  6 20:16:40 IST 2026, 146 W
Tue Jan  6 20:16:41 IST 2026, 128 W
Tue Jan  6 20:16:41 IST 2026, 129 W
Tue Jan  6 20:16:41 IST 2026, 124 W
Tue Jan  6 20:16:41 IST 2026, 134 W
Tue Jan  6 20:16:42 IST 2026, 132 W
Tue Jan  6 20:16:42 IST 2026, 136 W
Tue Jan  6 20:16:42 IST 2026, 133 W
Tue Jan  6 20:16:42 IST 2026, 136 W
Tue Jan  6 20:16:43 IST 2026, 133 W
Tue Jan  6 20:16:43 IST 2026, 135 W
Tue Jan  6 20:16:43 IST 2026, 139 W
Tue Jan  6 20:16:43 IST 2026, 145 W
Tue Jan  6 20:16:44 IST 2026, 137 W
Tue Jan  6 20:16:44 IST 2026, 139 W
Tue Jan  6 20:16:44 IST 2026, 130 W
Tue Jan  6 20:16:44 IST 2026, 130 W
Tue Jan  6 20:16:45 IST 2026, 122 W
Tue Jan  6 20:16:45 IST 2026, 126 W
Tue Jan  6 20:16:45 IST 2026, 132 W
Tue Jan  6 20:16:45 IST 2026, 132 W
Tue Jan  6 20:16:46 IST 2026, 131 W
Tue Jan  6 20:16:46 IST 2026, 138 W
Tue Jan  6 20:16:46 IST 2026, 133 W
Tue Jan  6 20:16:46 IST 2026, 143 W
Tue Jan  6 20:16:47 IST 2026, 130 W
Tue Jan  6 20:16:47 IST 2026, 131 W
Tue Jan  6 20:16:47 IST 2026, 138 W
Tue Jan  6 20:16:47 IST 2026, 147 W
Tue Jan  6 20:16:48 IST 2026, 92 W
Tue Jan  6 20:16:48 IST 2026, 97 W
Tue Jan  6 20:16:48 IST 2026, 97 W
Tue Jan  6 20:16:48 IST 2026, 109 W
Tue Jan  6 20:16:49 IST 2026, 95 W
Tue Jan  6 20:16:49 IST 2026, 93 W
Tue Jan  6 20:16:49 IST 2026, 99 W
Tue Jan  6 20:16:49 IST 2026, 101 W
Tue Jan  6 20:16:50 IST 2026, 90 W
Tue Jan  6 20:16:50 IST 2026, 95 W
Tue Jan  6 20:16:50 IST 2026, 105 W
Tue Jan  6 20:16:50 IST 2026, 98 W
Tue Jan  6 20:16:51 IST 2026, 93 W
Tue Jan  6 20:16:51 IST 2026, 92 W
Tue Jan  6 20:16:51 IST 2026, 102 W
Tue Jan  6 20:16:51 IST 2026, 99 W
Tue Jan  6 20:16:52 IST 2026, 94 W
Tue Jan  6 20:16:52 IST 2026, 100 W
Tue Jan  6 20:16:52 IST 2026, 97 W
Tue Jan  6 20:16:52 IST 2026, 98 W
Tue Jan  6 20:16:53 IST 2026, 135 W
Tue Jan  6 20:16:53 IST 2026, 142 W
Tue Jan  6 20:16:53 IST 2026, 142 W
Tue Jan  6 20:16:53 IST 2026, 164 W
Tue Jan  6 20:16:54 IST 2026, 130 W
Tue Jan  6 20:16:54 IST 2026, 136 W
Tue Jan  6 20:16:54 IST 2026, 144 W
Tue Jan  6 20:16:54 IST 2026, 149 W
Tue Jan  6 20:16:55 IST 2026, 130 W
Tue Jan  6 20:16:55 IST 2026, 149 W
Tue Jan  6 20:16:55 IST 2026, 137 W
Tue Jan  6 20:16:55 IST 2026, 142 W
Tue Jan  6 20:16:56 IST 2026, 133 W
Tue Jan  6 20:16:56 IST 2026, 140 W
Tue Jan  6 20:16:56 IST 2026, 143 W
Tue Jan  6 20:16:56 IST 2026, 144 W
Tue Jan  6 20:16:57 IST 2026, 135 W
Tue Jan  6 20:16:57 IST 2026, 147 W
Tue Jan  6 20:16:57 IST 2026, 138 W
Tue Jan  6 20:16:57 IST 2026, 141 W
Tue Jan  6 20:16:58 IST 2026, 132 W
Tue Jan  6 20:16:58 IST 2026, 135 W
Tue Jan  6 20:16:58 IST 2026, 139 W
Tue Jan  6 20:16:58 IST 2026, 145 W
Tue Jan  6 20:16:59 IST 2026, 139 W
Tue Jan  6 20:16:59 IST 2026, 139 W
Tue Jan  6 20:16:59 IST 2026, 138 W
Tue Jan  6 20:16:59 IST 2026, 138 W
Tue Jan  6 20:17:00 IST 2026, 138 W
Tue Jan  6 20:17:00 IST 2026, 137 W
Tue Jan  6 20:17:00 IST 2026, 136 W
Tue Jan  6 20:17:00 IST 2026, 145 W
Tue Jan  6 20:17:01 IST 2026, 136 W
Tue Jan  6 20:17:01 IST 2026, 139 W
Tue Jan  6 20:17:01 IST 2026, 122 W
Tue Jan  6 20:17:01 IST 2026, 134 W
Tue Jan  6 20:17:02 IST 2026, 95 W
Tue Jan  6 20:17:02 IST 2026, 94 W
Tue Jan  6 20:17:02 IST 2026, 106 W
Tue Jan  6 20:17:02 IST 2026, 105 W
Tue Jan  6 20:17:03 IST 2026, 93 W
Tue Jan  6 20:17:03 IST 2026, 95 W
Tue Jan  6 20:17:03 IST 2026, 101 W
Tue Jan  6 20:17:03 IST 2026, 102 W
Tue Jan  6 20:17:04 IST 2026, 91 W
Tue Jan  6 20:17:04 IST 2026, 97 W
Tue Jan  6 20:17:04 IST 2026, 107 W
Tue Jan  6 20:17:04 IST 2026, 103 W
Tue Jan  6 20:17:05 IST 2026, 98 W
Tue Jan  6 20:17:05 IST 2026, 94 W
Tue Jan  6 20:17:05 IST 2026, 104 W
Tue Jan  6 20:17:05 IST 2026, 102 W
Tue Jan  6 20:17:06 IST 2026, 94 W
Tue Jan  6 20:17:06 IST 2026, 98 W
Tue Jan  6 20:17:06 IST 2026, 99 W
Tue Jan  6 20:17:06 IST 2026, 98 W
Tue Jan  6 20:17:07 IST 2026, 125 W
Tue Jan  6 20:17:07 IST 2026, 117 W
Tue Jan  6 20:17:07 IST 2026, 131 W
Tue Jan  6 20:17:07 IST 2026, 138 W
Tue Jan  6 20:17:08 IST 2026, 135 W
Tue Jan  6 20:17:08 IST 2026, 134 W
Tue Jan  6 20:17:08 IST 2026, 133 W
Tue Jan  6 20:17:08 IST 2026, 141 W
Tue Jan  6 20:17:09 IST 2026, 119 W
Tue Jan  6 20:17:09 IST 2026, 135 W
Tue Jan  6 20:17:09 IST 2026, 124 W
Tue Jan  6 20:17:09 IST 2026, 143 W
Tue Jan  6 20:17:10 IST 2026, 132 W
Tue Jan  6 20:17:10 IST 2026, 129 W
Tue Jan  6 20:17:10 IST 2026, 132 W
Tue Jan  6 20:17:10 IST 2026, 134 W
Tue Jan  6 20:17:11 IST 2026, 122 W
Tue Jan  6 20:17:11 IST 2026, 129 W
Tue Jan  6 20:17:11 IST 2026, 128 W
Tue Jan  6 20:17:11 IST 2026, 136 W
Tue Jan  6 20:17:12 IST 2026, 132 W
Tue Jan  6 20:17:12 IST 2026, 127 W
Tue Jan  6 20:17:12 IST 2026, 124 W
Tue Jan  6 20:17:12 IST 2026, 139 W
Tue Jan  6 20:17:13 IST 2026, 126 W
Tue Jan  6 20:17:13 IST 2026, 128 W
Tue Jan  6 20:17:13 IST 2026, 137 W
Tue Jan  6 20:17:13 IST 2026, 149 W
Tue Jan  6 20:17:14 IST 2026, 128 W
Tue Jan  6 20:17:14 IST 2026, 137 W
Tue Jan  6 20:17:14 IST 2026, 139 W
Tue Jan  6 20:17:14 IST 2026, 143 W
Tue Jan  6 20:17:15 IST 2026, 126 W
Tue Jan  6 20:17:15 IST 2026, 134 W
Tue Jan  6 20:17:15 IST 2026, 125 W
Tue Jan  6 20:17:15 IST 2026, 135 W
Tue Jan  6 20:17:16 IST 2026, 122 W
Tue Jan  6 20:17:16 IST 2026, 135 W
Tue Jan  6 20:17:16 IST 2026, 132 W
Tue Jan  6 20:17:16 IST 2026, 139 W
Tue Jan  6 20:17:17 IST 2026, 140 W
Tue Jan  6 20:17:17 IST 2026, 130 W
Tue Jan  6 20:17:17 IST 2026, 125 W
Tue Jan  6 20:17:17 IST 2026, 141 W
Tue Jan  6 20:17:18 IST 2026, 134 W
Tue Jan  6 20:17:18 IST 2026, 142 W
Tue Jan  6 20:17:18 IST 2026, 132 W
Tue Jan  6 20:17:18 IST 2026, 141 W
Tue Jan  6 20:17:19 IST 2026, 134 W
Tue Jan  6 20:17:19 IST 2026, 135 W
Tue Jan  6 20:17:19 IST 2026, 141 W
Tue Jan  6 20:17:19 IST 2026, 150 W
Tue Jan  6 20:17:20 IST 2026, 97 W
Tue Jan  6 20:17:20 IST 2026, 94 W
Tue Jan  6 20:17:20 IST 2026, 101 W
Tue Jan  6 20:17:20 IST 2026, 100 W
Tue Jan  6 20:17:21 IST 2026, 95 W
Tue Jan  6 20:17:21 IST 2026, 97 W
Tue Jan  6 20:17:21 IST 2026, 106 W
Tue Jan  6 20:17:21 IST 2026, 102 W
Tue Jan  6 20:17:22 IST 2026, 90 W
Tue Jan  6 20:17:22 IST 2026, 96 W
Tue Jan  6 20:17:22 IST 2026, 100 W
Tue Jan  6 20:17:22 IST 2026, 101 W
Tue Jan  6 20:17:23 IST 2026, 88 W
Tue Jan  6 20:17:23 IST 2026, 100 W
Tue Jan  6 20:17:23 IST 2026, 107 W
Tue Jan  6 20:17:23 IST 2026, 104 W
Tue Jan  6 20:17:24 IST 2026, 99 W
Tue Jan  6 20:17:24 IST 2026, 97 W
Tue Jan  6 20:17:24 IST 2026, 100 W
Tue Jan  6 20:17:24 IST 2026, 108 W
Tue Jan  6 20:17:25 IST 2026, 130 W
Tue Jan  6 20:17:25 IST 2026, 141 W
Tue Jan  6 20:17:25 IST 2026, 135 W
Tue Jan  6 20:17:25 IST 2026, 142 W
Tue Jan  6 20:17:26 IST 2026, 134 W
Tue Jan  6 20:17:26 IST 2026, 142 W
Tue Jan  6 20:17:26 IST 2026, 138 W
Tue Jan  6 20:17:26 IST 2026, 135 W
Tue Jan  6 20:17:27 IST 2026, 128 W
Tue Jan  6 20:17:27 IST 2026, 133 W
Tue Jan  6 20:17:27 IST 2026, 128 W
Tue Jan  6 20:17:27 IST 2026, 147 W
Tue Jan  6 20:17:28 IST 2026, 136 W
Tue Jan  6 20:17:28 IST 2026, 135 W
Tue Jan  6 20:17:28 IST 2026, 131 W
Tue Jan  6 20:17:28 IST 2026, 149 W
Tue Jan  6 20:17:29 IST 2026, 97 W
Tue Jan  6 20:17:29 IST 2026, 96 W
Tue Jan  6 20:17:29 IST 2026, 105 W
Tue Jan  6 20:17:29 IST 2026, 101 W
Tue Jan  6 20:17:30 IST 2026, 99 W
Tue Jan  6 20:17:30 IST 2026, 94 W
Tue Jan  6 20:17:30 IST 2026, 107 W
Tue Jan  6 20:17:30 IST 2026, 105 W
Tue Jan  6 20:17:31 IST 2026, 96 W
Tue Jan  6 20:17:31 IST 2026, 93 W
Tue Jan  6 20:17:31 IST 2026, 96 W
Tue Jan  6 20:17:31 IST 2026, 101 W
Tue Jan  6 20:17:32 IST 2026, 93 W
Tue Jan  6 20:17:32 IST 2026, 98 W
Tue Jan  6 20:17:32 IST 2026, 96 W
Tue Jan  6 20:17:32 IST 2026, 105 W
Tue Jan  6 20:17:33 IST 2026, 95 W
Tue Jan  6 20:17:33 IST 2026, 97 W
Tue Jan  6 20:17:33 IST 2026, 108 W
Tue Jan  6 20:17:33 IST 2026, 106 W
Tue Jan  6 20:17:34 IST 2026, 125 W
Tue Jan  6 20:17:34 IST 2026, 140 W
Tue Jan  6 20:17:34 IST 2026, 144 W
Tue Jan  6 20:17:34 IST 2026, 140 W
Tue Jan  6 20:17:35 IST 2026, 127 W
Tue Jan  6 20:17:35 IST 2026, 138 W
Tue Jan  6 20:17:35 IST 2026, 137 W
Tue Jan  6 20:17:35 IST 2026, 147 W
Tue Jan  6 20:17:36 IST 2026, 128 W
Tue Jan  6 20:17:36 IST 2026, 128 W
Tue Jan  6 20:17:36 IST 2026, 130 W
Tue Jan  6 20:17:36 IST 2026, 141 W
Tue Jan  6 20:17:37 IST 2026, 135 W
Tue Jan  6 20:17:37 IST 2026, 137 W
Tue Jan  6 20:17:37 IST 2026, 134 W
Tue Jan  6 20:17:37 IST 2026, 139 W
Tue Jan  6 20:17:38 IST 2026, 128 W
Tue Jan  6 20:17:38 IST 2026, 135 W
Tue Jan  6 20:17:38 IST 2026, 126 W
Tue Jan  6 20:17:38 IST 2026, 141 W
Tue Jan  6 20:17:39 IST 2026, 124 W
Tue Jan  6 20:17:39 IST 2026, 137 W
Tue Jan  6 20:17:39 IST 2026, 125 W
Tue Jan  6 20:17:39 IST 2026, 133 W
Tue Jan  6 20:17:40 IST 2026, 132 W
Tue Jan  6 20:17:40 IST 2026, 138 W
Tue Jan  6 20:17:40 IST 2026, 132 W
Tue Jan  6 20:17:40 IST 2026, 132 W
Tue Jan  6 20:17:41 IST 2026, 133 W
Tue Jan  6 20:17:41 IST 2026, 134 W
Tue Jan  6 20:17:41 IST 2026, 132 W
Tue Jan  6 20:17:41 IST 2026, 133 W
Tue Jan  6 20:17:42 IST 2026, 131 W
Tue Jan  6 20:17:42 IST 2026, 140 W
Tue Jan  6 20:17:42 IST 2026, 133 W
Tue Jan  6 20:17:42 IST 2026, 142 W
Tue Jan  6 20:17:43 IST 2026, 137 W
Tue Jan  6 20:17:43 IST 2026, 143 W
Tue Jan  6 20:17:43 IST 2026, 135 W
Tue Jan  6 20:17:43 IST 2026, 140 W
Tue Jan  6 20:17:44 IST 2026, 129 W
Tue Jan  6 20:17:44 IST 2026, 139 W
Tue Jan  6 20:17:44 IST 2026, 129 W
Tue Jan  6 20:17:44 IST 2026, 143 W
Tue Jan  6 20:17:45 IST 2026, 136 W
Tue Jan  6 20:17:45 IST 2026, 136 W
Tue Jan  6 20:17:45 IST 2026, 126 W
Tue Jan  6 20:17:45 IST 2026, 146 W
Tue Jan  6 20:17:46 IST 2026, 137 W
Tue Jan  6 20:17:46 IST 2026, 129 W
Tue Jan  6 20:17:46 IST 2026, 132 W
Tue Jan  6 20:17:46 IST 2026, 138 W
Tue Jan  6 20:17:47 IST 2026, 99 W
Tue Jan  6 20:17:47 IST 2026, 95 W
Tue Jan  6 20:17:47 IST 2026, 101 W
Tue Jan  6 20:17:47 IST 2026, 102 W
Tue Jan  6 20:17:48 IST 2026, 98 W
Tue Jan  6 20:17:48 IST 2026, 97 W
Tue Jan  6 20:17:48 IST 2026, 106 W
Tue Jan  6 20:17:48 IST 2026, 98 W
Tue Jan  6 20:17:49 IST 2026, 89 W
Tue Jan  6 20:17:49 IST 2026, 95 W
Tue Jan  6 20:17:49 IST 2026, 107 W
Tue Jan  6 20:17:49 IST 2026, 101 W
Tue Jan  6 20:17:50 IST 2026, 96 W
Tue Jan  6 20:17:50 IST 2026, 102 W
Tue Jan  6 20:17:50 IST 2026, 100 W
Tue Jan  6 20:17:50 IST 2026, 110 W
Tue Jan  6 20:17:51 IST 2026, 119 W
Tue Jan  6 20:17:51 IST 2026, 140 W
Tue Jan  6 20:17:51 IST 2026, 131 W
Tue Jan  6 20:17:51 IST 2026, 142 W
Tue Jan  6 20:17:52 IST 2026, 137 W
Tue Jan  6 20:17:52 IST 2026, 130 W
Tue Jan  6 20:17:52 IST 2026, 137 W
Tue Jan  6 20:17:52 IST 2026, 147 W
Tue Jan  6 20:17:53 IST 2026, 140 W
Tue Jan  6 20:17:53 IST 2026, 133 W
Tue Jan  6 20:17:53 IST 2026, 139 W
Tue Jan  6 20:17:53 IST 2026, 145 W
Tue Jan  6 20:17:54 IST 2026, 130 W
Tue Jan  6 20:17:54 IST 2026, 122 W
Tue Jan  6 20:17:54 IST 2026, 129 W
Tue Jan  6 20:17:54 IST 2026, 145 W
Tue Jan  6 20:17:55 IST 2026, 133 W
Tue Jan  6 20:17:55 IST 2026, 125 W
Tue Jan  6 20:17:55 IST 2026, 142 W
Tue Jan  6 20:17:55 IST 2026, 137 W
Tue Jan  6 20:17:56 IST 2026, 133 W
Tue Jan  6 20:17:56 IST 2026, 140 W
Tue Jan  6 20:17:56 IST 2026, 131 W
Tue Jan  6 20:17:56 IST 2026, 153 W
Tue Jan  6 20:17:57 IST 2026, 144 W
Tue Jan  6 20:17:57 IST 2026, 124 W
Tue Jan  6 20:17:57 IST 2026, 132 W
Tue Jan  6 20:17:57 IST 2026, 147 W
Tue Jan  6 20:17:58 IST 2026, 132 W
Tue Jan  6 20:17:58 IST 2026, 132 W
Tue Jan  6 20:17:58 IST 2026, 135 W
Tue Jan  6 20:17:58 IST 2026, 147 W
Tue Jan  6 20:17:59 IST 2026, 133 W
Tue Jan  6 20:17:59 IST 2026, 121 W
Tue Jan  6 20:17:59 IST 2026, 135 W
Tue Jan  6 20:17:59 IST 2026, 138 W
Tue Jan  6 20:18:00 IST 2026, 135 W
Tue Jan  6 20:18:00 IST 2026, 133 W
Tue Jan  6 20:18:00 IST 2026, 130 W
Tue Jan  6 20:18:00 IST 2026, 142 W
Tue Jan  6 20:18:01 IST 2026, 94 W
Tue Jan  6 20:18:01 IST 2026, 97 W
Tue Jan  6 20:18:01 IST 2026, 102 W
Tue Jan  6 20:18:01 IST 2026, 100 W
Tue Jan  6 20:18:02 IST 2026, 90 W
Tue Jan  6 20:18:02 IST 2026, 93 W
Tue Jan  6 20:18:02 IST 2026, 100 W
Tue Jan  6 20:18:02 IST 2026, 105 W
Tue Jan  6 20:18:03 IST 2026, 90 W
Tue Jan  6 20:18:03 IST 2026, 94 W
Tue Jan  6 20:18:03 IST 2026, 94 W
Tue Jan  6 20:18:03 IST 2026, 100 W
Tue Jan  6 20:18:04 IST 2026, 95 W
Tue Jan  6 20:18:04 IST 2026, 96 W
Tue Jan  6 20:18:04 IST 2026, 97 W
Tue Jan  6 20:18:04 IST 2026, 103 W
Tue Jan  6 20:18:05 IST 2026, 94 W
Tue Jan  6 20:18:05 IST 2026, 95 W
Tue Jan  6 20:18:05 IST 2026, 100 W
Tue Jan  6 20:18:05 IST 2026, 106 W
Tue Jan  6 20:18:06 IST 2026, 136 W
Tue Jan  6 20:18:06 IST 2026, 132 W
Tue Jan  6 20:18:06 IST 2026, 133 W
Tue Jan  6 20:18:06 IST 2026, 137 W
Tue Jan  6 20:18:07 IST 2026, 134 W
Tue Jan  6 20:18:07 IST 2026, 133 W
Tue Jan  6 20:18:07 IST 2026, 140 W
Tue Jan  6 20:18:07 IST 2026, 150 W
Tue Jan  6 20:18:08 IST 2026, 131 W
Tue Jan  6 20:18:08 IST 2026, 129 W
Tue Jan  6 20:18:08 IST 2026, 125 W
Tue Jan  6 20:18:08 IST 2026, 132 W
Tue Jan  6 20:18:09 IST 2026, 130 W
Tue Jan  6 20:18:09 IST 2026, 127 W
Tue Jan  6 20:18:09 IST 2026, 115 W
Tue Jan  6 20:18:09 IST 2026, 144 W
Tue Jan  6 20:18:11 IST 2026, 127 W
Tue Jan  6 20:18:11 IST 2026, 136 W
Tue Jan  6 20:18:11 IST 2026, 124 W
Tue Jan  6 20:18:11 IST 2026, 131 W
Tue Jan  6 20:18:11 IST 2026, 141 W
Tue Jan  6 20:18:11 IST 2026, 131 W
Tue Jan  6 20:18:11 IST 2026, 135 W
Tue Jan  6 20:18:11 IST 2026, 139 W
Tue Jan  6 20:18:12 IST 2026, 140 W
Tue Jan  6 20:18:12 IST 2026, 134 W
Tue Jan  6 20:18:12 IST 2026, 142 W
Tue Jan  6 20:18:12 IST 2026, 152 W
Tue Jan  6 20:18:13 IST 2026, 117 W
Tue Jan  6 20:18:13 IST 2026, 116 W
Tue Jan  6 20:18:13 IST 2026, 107 W
Tue Jan  6 20:18:13 IST 2026, 125 W
Tue Jan  6 20:18:14 IST 2026, 129 W
Tue Jan  6 20:18:14 IST 2026, 127 W
Tue Jan  6 20:18:14 IST 2026, 128 W
Tue Jan  6 20:18:14 IST 2026, 140 W
Tue Jan  6 20:18:15 IST 2026, 140 W
Tue Jan  6 20:18:15 IST 2026, 132 W
Tue Jan  6 20:18:15 IST 2026, 136 W
Tue Jan  6 20:18:15 IST 2026, 140 W
Tue Jan  6 20:18:16 IST 2026, 130 W
Tue Jan  6 20:18:16 IST 2026, 129 W
Tue Jan  6 20:18:16 IST 2026, 130 W
Tue Jan  6 20:18:16 IST 2026, 141 W
Tue Jan  6 20:18:17 IST 2026, 136 W
Tue Jan  6 20:18:17 IST 2026, 132 W
Tue Jan  6 20:18:17 IST 2026, 128 W
Tue Jan  6 20:18:17 IST 2026, 140 W
Tue Jan  6 20:18:18 IST 2026, 130 W
Tue Jan  6 20:18:18 IST 2026, 140 W
Tue Jan  6 20:18:18 IST 2026, 135 W
Tue Jan  6 20:18:18 IST 2026, 145 W
Tue Jan  6 20:18:19 IST 2026, 125 W
Tue Jan  6 20:18:19 IST 2026, 139 W
Tue Jan  6 20:18:19 IST 2026, 134 W
Tue Jan  6 20:18:19 IST 2026, 141 W
Tue Jan  6 20:18:20 IST 2026, 96 W
Tue Jan  6 20:18:20 IST 2026, 97 W
Tue Jan  6 20:18:20 IST 2026, 107 W
Tue Jan  6 20:18:20 IST 2026, 107 W
Tue Jan  6 20:18:21 IST 2026, 96 W
Tue Jan  6 20:18:21 IST 2026, 93 W
Tue Jan  6 20:18:21 IST 2026, 98 W
Tue Jan  6 20:18:21 IST 2026, 107 W
Tue Jan  6 20:18:22 IST 2026, 89 W
Tue Jan  6 20:18:22 IST 2026, 100 W
Tue Jan  6 20:18:22 IST 2026, 100 W
Tue Jan  6 20:18:22 IST 2026, 102 W
Tue Jan  6 20:18:23 IST 2026, 97 W
Tue Jan  6 20:18:23 IST 2026, 100 W
Tue Jan  6 20:18:23 IST 2026, 98 W
Tue Jan  6 20:18:23 IST 2026, 108 W
Tue Jan  6 20:18:24 IST 2026, 96 W
Tue Jan  6 20:18:24 IST 2026, 91 W
Tue Jan  6 20:18:24 IST 2026, 102 W
Tue Jan  6 20:18:24 IST 2026, 103 W
Tue Jan  6 20:18:25 IST 2026, 90 W
Tue Jan  6 20:18:25 IST 2026, 96 W
Tue Jan  6 20:18:25 IST 2026, 103 W
Tue Jan  6 20:18:25 IST 2026, 104 W
Tue Jan  6 20:18:26 IST 2026, 126 W
Tue Jan  6 20:18:26 IST 2026, 132 W
Tue Jan  6 20:18:26 IST 2026, 133 W
Tue Jan  6 20:18:26 IST 2026, 132 W
Tue Jan  6 20:18:27 IST 2026, 130 W
Tue Jan  6 20:18:27 IST 2026, 129 W
Tue Jan  6 20:18:27 IST 2026, 132 W
Tue Jan  6 20:18:27 IST 2026, 142 W
Tue Jan  6 20:18:28 IST 2026, 131 W
Tue Jan  6 20:18:28 IST 2026, 128 W
Tue Jan  6 20:18:28 IST 2026, 137 W
Tue Jan  6 20:18:28 IST 2026, 145 W
Tue Jan  6 20:18:29 IST 2026, 138 W
Tue Jan  6 20:18:29 IST 2026, 132 W
Tue Jan  6 20:18:29 IST 2026, 133 W
Tue Jan  6 20:18:29 IST 2026, 141 W
Tue Jan  6 20:18:30 IST 2026, 141 W
Tue Jan  6 20:18:30 IST 2026, 141 W
Tue Jan  6 20:18:30 IST 2026, 135 W
Tue Jan  6 20:18:30 IST 2026, 144 W
Tue Jan  6 20:18:31 IST 2026, 129 W
Tue Jan  6 20:18:31 IST 2026, 132 W
Tue Jan  6 20:18:31 IST 2026, 126 W
Tue Jan  6 20:18:31 IST 2026, 141 W
Tue Jan  6 20:18:32 IST 2026, 127 W
Tue Jan  6 20:18:32 IST 2026, 124 W
Tue Jan  6 20:18:32 IST 2026, 129 W
Tue Jan  6 20:18:32 IST 2026, 136 W
