timestamp, power.draw [W]
Fri Oct 31 11:41:32 IST 2025, 228 W
Fri Oct 31 11:41:32 IST 2025, 230 W
Fri Oct 31 11:41:32 IST 2025, 227 W
Fri Oct 31 11:41:32 IST 2025, 226 W
Fri Oct 31 11:41:33 IST 2025, 228 W
Fri Oct 31 11:41:33 IST 2025, 230 W
Fri Oct 31 11:41:33 IST 2025, 227 W
Fri Oct 31 11:41:33 IST 2025, 226 W
Fri Oct 31 11:41:34 IST 2025, 228 W
Fri Oct 31 11:41:34 IST 2025, 230 W
Fri Oct 31 11:41:34 IST 2025, 227 W
Fri Oct 31 11:41:34 IST 2025, 225 W
Fri Oct 31 11:41:35 IST 2025, 228 W
Fri Oct 31 11:41:35 IST 2025, 229 W
Fri Oct 31 11:41:35 IST 2025, 227 W
Fri Oct 31 11:41:35 IST 2025, 225 W
Fri Oct 31 11:41:36 IST 2025, 228 W
Fri Oct 31 11:41:36 IST 2025, 230 W
Fri Oct 31 11:41:36 IST 2025, 226 W
Fri Oct 31 11:41:36 IST 2025, 226 W
Fri Oct 31 11:41:37 IST 2025, 228 W
Fri Oct 31 11:41:37 IST 2025, 229 W
Fri Oct 31 11:41:37 IST 2025, 227 W
Fri Oct 31 11:41:37 IST 2025, 226 W
Fri Oct 31 11:41:38 IST 2025, 228 W
Fri Oct 31 11:41:38 IST 2025, 230 W
Fri Oct 31 11:41:38 IST 2025, 227 W
Fri Oct 31 11:41:38 IST 2025, 226 W
Fri Oct 31 11:41:39 IST 2025, 227 W
Fri Oct 31 11:41:39 IST 2025, 230 W
Fri Oct 31 11:41:39 IST 2025, 227 W
Fri Oct 31 11:41:39 IST 2025, 226 W
Fri Oct 31 11:41:40 IST 2025, 228 W
Fri Oct 31 11:41:40 IST 2025, 228 W
Fri Oct 31 11:41:40 IST 2025, 226 W
Fri Oct 31 11:41:40 IST 2025, 226 W
Fri Oct 31 11:41:41 IST 2025, 227 W
Fri Oct 31 11:41:41 IST 2025, 230 W
Fri Oct 31 11:41:41 IST 2025, 226 W
Fri Oct 31 11:41:41 IST 2025, 226 W
Fri Oct 31 11:41:42 IST 2025, 228 W
Fri Oct 31 11:41:42 IST 2025, 230 W
Fri Oct 31 11:41:42 IST 2025, 227 W
Fri Oct 31 11:41:42 IST 2025, 226 W
Fri Oct 31 11:41:43 IST 2025, 228 W
Fri Oct 31 11:41:43 IST 2025, 228 W
Fri Oct 31 11:41:43 IST 2025, 227 W
Fri Oct 31 11:41:43 IST 2025, 226 W
Fri Oct 31 11:41:44 IST 2025, 228 W
Fri Oct 31 11:41:44 IST 2025, 229 W
Fri Oct 31 11:41:44 IST 2025, 227 W
Fri Oct 31 11:41:44 IST 2025, 226 W
Fri Oct 31 11:41:45 IST 2025, 228 W
Fri Oct 31 11:41:45 IST 2025, 230 W
Fri Oct 31 11:41:45 IST 2025, 227 W
Fri Oct 31 11:41:45 IST 2025, 226 W
Fri Oct 31 11:41:46 IST 2025, 228 W
Fri Oct 31 11:41:46 IST 2025, 229 W
Fri Oct 31 11:41:46 IST 2025, 227 W
Fri Oct 31 11:41:46 IST 2025, 226 W
Fri Oct 31 11:41:47 IST 2025, 228 W
Fri Oct 31 11:41:47 IST 2025, 229 W
Fri Oct 31 11:41:47 IST 2025, 227 W
Fri Oct 31 11:41:47 IST 2025, 226 W
Fri Oct 31 11:41:48 IST 2025, 228 W
Fri Oct 31 11:41:48 IST 2025, 228 W
Fri Oct 31 11:41:48 IST 2025, 227 W
Fri Oct 31 11:41:48 IST 2025, 226 W
Fri Oct 31 11:41:49 IST 2025, 227 W
Fri Oct 31 11:41:49 IST 2025, 230 W
Fri Oct 31 11:41:49 IST 2025, 227 W
Fri Oct 31 11:41:49 IST 2025, 226 W
Fri Oct 31 11:41:50 IST 2025, 227 W
Fri Oct 31 11:41:50 IST 2025, 229 W
Fri Oct 31 11:41:50 IST 2025, 227 W
Fri Oct 31 11:41:50 IST 2025, 226 W
Fri Oct 31 11:41:51 IST 2025, 227 W
Fri Oct 31 11:41:51 IST 2025, 229 W
Fri Oct 31 11:41:51 IST 2025, 227 W
Fri Oct 31 11:41:51 IST 2025, 226 W
Fri Oct 31 11:41:52 IST 2025, 228 W
Fri Oct 31 11:41:52 IST 2025, 229 W
Fri Oct 31 11:41:52 IST 2025, 227 W
Fri Oct 31 11:41:52 IST 2025, 226 W
Fri Oct 31 11:41:53 IST 2025, 228 W
Fri Oct 31 11:41:53 IST 2025, 228 W
Fri Oct 31 11:41:53 IST 2025, 226 W
Fri Oct 31 11:41:53 IST 2025, 226 W
Fri Oct 31 11:41:54 IST 2025, 228 W
Fri Oct 31 11:41:54 IST 2025, 229 W
Fri Oct 31 11:41:54 IST 2025, 226 W
Fri Oct 31 11:41:54 IST 2025, 226 W
Fri Oct 31 11:41:55 IST 2025, 227 W
Fri Oct 31 11:41:55 IST 2025, 229 W
Fri Oct 31 11:41:55 IST 2025, 227 W
Fri Oct 31 11:41:55 IST 2025, 226 W
Fri Oct 31 11:41:56 IST 2025, 227 W
Fri Oct 31 11:41:56 IST 2025, 228 W
Fri Oct 31 11:41:56 IST 2025, 227 W
Fri Oct 31 11:41:56 IST 2025, 226 W
Fri Oct 31 11:41:57 IST 2025, 228 W
Fri Oct 31 11:41:57 IST 2025, 229 W
Fri Oct 31 11:41:57 IST 2025, 226 W
Fri Oct 31 11:41:57 IST 2025, 226 W
Fri Oct 31 11:41:58 IST 2025, 227 W
Fri Oct 31 11:41:58 IST 2025, 229 W
Fri Oct 31 11:41:58 IST 2025, 227 W
Fri Oct 31 11:41:58 IST 2025, 226 W
Fri Oct 31 11:41:59 IST 2025, 227 W
Fri Oct 31 11:41:59 IST 2025, 229 W
Fri Oct 31 11:41:59 IST 2025, 227 W
Fri Oct 31 11:41:59 IST 2025, 226 W
Fri Oct 31 11:42:00 IST 2025, 228 W
Fri Oct 31 11:42:00 IST 2025, 229 W
Fri Oct 31 11:42:00 IST 2025, 227 W
Fri Oct 31 11:42:00 IST 2025, 226 W
Fri Oct 31 11:42:01 IST 2025, 227 W
Fri Oct 31 11:42:01 IST 2025, 228 W
Fri Oct 31 11:42:01 IST 2025, 227 W
Fri Oct 31 11:42:01 IST 2025, 226 W
Fri Oct 31 11:42:02 IST 2025, 227 W
Fri Oct 31 11:42:02 IST 2025, 229 W
Fri Oct 31 11:42:02 IST 2025, 227 W
Fri Oct 31 11:42:02 IST 2025, 226 W
Fri Oct 31 11:42:03 IST 2025, 227 W
Fri Oct 31 11:42:03 IST 2025, 229 W
Fri Oct 31 11:42:03 IST 2025, 227 W
Fri Oct 31 11:42:03 IST 2025, 226 W
Fri Oct 31 11:42:04 IST 2025, 226 W
Fri Oct 31 11:42:04 IST 2025, 229 W
Fri Oct 31 11:42:04 IST 2025, 226 W
Fri Oct 31 11:42:04 IST 2025, 226 W
Fri Oct 31 11:42:05 IST 2025, 226 W
Fri Oct 31 11:42:05 IST 2025, 228 W
Fri Oct 31 11:42:05 IST 2025, 226 W
Fri Oct 31 11:42:05 IST 2025, 226 W
Fri Oct 31 11:42:06 IST 2025, 226 W
Fri Oct 31 11:42:06 IST 2025, 228 W
Fri Oct 31 11:42:06 IST 2025, 227 W
Fri Oct 31 11:42:06 IST 2025, 226 W
Fri Oct 31 11:42:07 IST 2025, 227 W
Fri Oct 31 11:42:07 IST 2025, 229 W
Fri Oct 31 11:42:07 IST 2025, 226 W
Fri Oct 31 11:42:07 IST 2025, 226 W
Fri Oct 31 11:42:08 IST 2025, 227 W
Fri Oct 31 11:42:08 IST 2025, 228 W
Fri Oct 31 11:42:08 IST 2025, 227 W
Fri Oct 31 11:42:08 IST 2025, 226 W
Fri Oct 31 11:42:09 IST 2025, 227 W
Fri Oct 31 11:42:09 IST 2025, 229 W
Fri Oct 31 11:42:09 IST 2025, 227 W
Fri Oct 31 11:42:09 IST 2025, 226 W
Fri Oct 31 11:42:10 IST 2025, 227 W
Fri Oct 31 11:42:10 IST 2025, 229 W
Fri Oct 31 11:42:10 IST 2025, 227 W
Fri Oct 31 11:42:10 IST 2025, 226 W
Fri Oct 31 11:42:11 IST 2025, 227 W
Fri Oct 31 11:42:11 IST 2025, 229 W
Fri Oct 31 11:42:11 IST 2025, 227 W
Fri Oct 31 11:42:11 IST 2025, 226 W
Fri Oct 31 11:42:12 IST 2025, 227 W
Fri Oct 31 11:42:12 IST 2025, 228 W
Fri Oct 31 11:42:12 IST 2025, 226 W
Fri Oct 31 11:42:12 IST 2025, 226 W
Fri Oct 31 11:42:13 IST 2025, 227 W
Fri Oct 31 11:42:13 IST 2025, 228 W
Fri Oct 31 11:42:13 IST 2025, 227 W
Fri Oct 31 11:42:13 IST 2025, 226 W
Fri Oct 31 11:42:14 IST 2025, 227 W
Fri Oct 31 11:42:14 IST 2025, 229 W
Fri Oct 31 11:42:14 IST 2025, 226 W
Fri Oct 31 11:42:14 IST 2025, 225 W
Fri Oct 31 11:42:15 IST 2025, 227 W
Fri Oct 31 11:42:15 IST 2025, 228 W
Fri Oct 31 11:42:15 IST 2025, 227 W
Fri Oct 31 11:42:15 IST 2025, 226 W
Fri Oct 31 11:42:16 IST 2025, 227 W
Fri Oct 31 11:42:16 IST 2025, 228 W
Fri Oct 31 11:42:16 IST 2025, 227 W
Fri Oct 31 11:42:16 IST 2025, 226 W
Fri Oct 31 11:42:17 IST 2025, 227 W
Fri Oct 31 11:42:17 IST 2025, 228 W
Fri Oct 31 11:42:17 IST 2025, 227 W
Fri Oct 31 11:42:17 IST 2025, 226 W
Fri Oct 31 11:42:18 IST 2025, 228 W
Fri Oct 31 11:42:18 IST 2025, 230 W
Fri Oct 31 11:42:18 IST 2025, 227 W
Fri Oct 31 11:42:18 IST 2025, 227 W
Fri Oct 31 11:42:19 IST 2025, 228 W
Fri Oct 31 11:42:19 IST 2025, 229 W
Fri Oct 31 11:42:19 IST 2025, 228 W
Fri Oct 31 11:42:19 IST 2025, 227 W
Fri Oct 31 11:42:20 IST 2025, 228 W
Fri Oct 31 11:42:20 IST 2025, 231 W
Fri Oct 31 11:42:20 IST 2025, 229 W
Fri Oct 31 11:42:20 IST 2025, 228 W
Fri Oct 31 11:42:21 IST 2025, 229 W
Fri Oct 31 11:42:21 IST 2025, 229 W
Fri Oct 31 11:42:21 IST 2025, 228 W
Fri Oct 31 11:42:21 IST 2025, 227 W
Fri Oct 31 11:42:22 IST 2025, 352 W
Fri Oct 31 11:42:22 IST 2025, 377 W
Fri Oct 31 11:42:22 IST 2025, 342 W
Fri Oct 31 11:42:22 IST 2025, 341 W
Fri Oct 31 11:42:23 IST 2025, 346 W
Fri Oct 31 11:42:23 IST 2025, 375 W
Fri Oct 31 11:42:23 IST 2025, 345 W
Fri Oct 31 11:42:23 IST 2025, 345 W
Fri Oct 31 11:42:24 IST 2025, 336 W
Fri Oct 31 11:42:24 IST 2025, 375 W
Fri Oct 31 11:42:24 IST 2025, 342 W
Fri Oct 31 11:42:24 IST 2025, 341 W
Fri Oct 31 11:42:25 IST 2025, 338 W
Fri Oct 31 11:42:25 IST 2025, 357 W
Fri Oct 31 11:42:25 IST 2025, 338 W
Fri Oct 31 11:42:25 IST 2025, 333 W
Fri Oct 31 11:42:26 IST 2025, 337 W
Fri Oct 31 11:42:26 IST 2025, 373 W
Fri Oct 31 11:42:26 IST 2025, 346 W
Fri Oct 31 11:42:26 IST 2025, 341 W
Fri Oct 31 11:42:27 IST 2025, 383 W
Fri Oct 31 11:42:27 IST 2025, 390 W
Fri Oct 31 11:42:27 IST 2025, 385 W
Fri Oct 31 11:42:27 IST 2025, 339 W
Fri Oct 31 11:42:28 IST 2025, 383 W
Fri Oct 31 11:42:28 IST 2025, 397 W
Fri Oct 31 11:42:28 IST 2025, 387 W
Fri Oct 31 11:42:28 IST 2025, 351 W
Fri Oct 31 11:42:29 IST 2025, 386 W
Fri Oct 31 11:42:29 IST 2025, 397 W
Fri Oct 31 11:42:29 IST 2025, 389 W
Fri Oct 31 11:42:29 IST 2025, 342 W
Fri Oct 31 11:42:30 IST 2025, 390 W
Fri Oct 31 11:42:30 IST 2025, 399 W
Fri Oct 31 11:42:30 IST 2025, 392 W
Fri Oct 31 11:42:30 IST 2025, 355 W
Fri Oct 31 11:42:31 IST 2025, 349 W
Fri Oct 31 11:42:31 IST 2025, 360 W
Fri Oct 31 11:42:31 IST 2025, 344 W
Fri Oct 31 11:42:31 IST 2025, 326 W
Fri Oct 31 11:42:32 IST 2025, 351 W
Fri Oct 31 11:42:32 IST 2025, 392 W
Fri Oct 31 11:42:32 IST 2025, 349 W
Fri Oct 31 11:42:32 IST 2025, 334 W
Fri Oct 31 11:42:33 IST 2025, 228 W
Fri Oct 31 11:42:33 IST 2025, 230 W
Fri Oct 31 11:42:33 IST 2025, 229 W
Fri Oct 31 11:42:33 IST 2025, 227 W
Fri Oct 31 11:42:34 IST 2025, 228 W
Fri Oct 31 11:42:34 IST 2025, 229 W
Fri Oct 31 11:42:34 IST 2025, 228 W
Fri Oct 31 11:42:34 IST 2025, 227 W
Fri Oct 31 11:42:35 IST 2025, 228 W
Fri Oct 31 11:42:35 IST 2025, 229 W
Fri Oct 31 11:42:35 IST 2025, 228 W
Fri Oct 31 11:42:35 IST 2025, 227 W
Fri Oct 31 11:42:36 IST 2025, 228 W
Fri Oct 31 11:42:36 IST 2025, 230 W
Fri Oct 31 11:42:36 IST 2025, 228 W
Fri Oct 31 11:42:36 IST 2025, 227 W
Fri Oct 31 11:42:37 IST 2025, 229 W
Fri Oct 31 11:42:37 IST 2025, 230 W
Fri Oct 31 11:42:37 IST 2025, 229 W
Fri Oct 31 11:42:37 IST 2025, 228 W
Fri Oct 31 11:42:38 IST 2025, 381 W
Fri Oct 31 11:42:38 IST 2025, 396 W
Fri Oct 31 11:42:38 IST 2025, 382 W
Fri Oct 31 11:42:38 IST 2025, 328 W
Fri Oct 31 11:42:39 IST 2025, 339 W
Fri Oct 31 11:42:39 IST 2025, 365 W
Fri Oct 31 11:42:39 IST 2025, 344 W
Fri Oct 31 11:42:39 IST 2025, 336 W
Fri Oct 31 11:42:40 IST 2025, 343 W
Fri Oct 31 11:42:40 IST 2025, 363 W
Fri Oct 31 11:42:40 IST 2025, 340 W
Fri Oct 31 11:42:40 IST 2025, 339 W
Fri Oct 31 11:42:41 IST 2025, 341 W
Fri Oct 31 11:42:41 IST 2025, 373 W
Fri Oct 31 11:42:41 IST 2025, 345 W
Fri Oct 31 11:42:41 IST 2025, 337 W
Fri Oct 31 11:42:42 IST 2025, 368 W
Fri Oct 31 11:42:42 IST 2025, 387 W
Fri Oct 31 11:42:42 IST 2025, 330 W
Fri Oct 31 11:42:42 IST 2025, 368 W
Fri Oct 31 11:42:43 IST 2025, 345 W
Fri Oct 31 11:42:43 IST 2025, 366 W
Fri Oct 31 11:42:43 IST 2025, 341 W
Fri Oct 31 11:42:43 IST 2025, 339 W
Fri Oct 31 11:42:44 IST 2025, 348 W
Fri Oct 31 11:42:44 IST 2025, 369 W
Fri Oct 31 11:42:44 IST 2025, 345 W
Fri Oct 31 11:42:44 IST 2025, 343 W
Fri Oct 31 11:42:45 IST 2025, 356 W
Fri Oct 31 11:42:45 IST 2025, 374 W
Fri Oct 31 11:42:45 IST 2025, 349 W
Fri Oct 31 11:42:45 IST 2025, 341 W
Fri Oct 31 11:42:46 IST 2025, 367 W
Fri Oct 31 11:42:46 IST 2025, 385 W
Fri Oct 31 11:42:46 IST 2025, 355 W
Fri Oct 31 11:42:46 IST 2025, 345 W
Fri Oct 31 11:42:47 IST 2025, 364 W
Fri Oct 31 11:42:47 IST 2025, 375 W
Fri Oct 31 11:42:47 IST 2025, 315 W
Fri Oct 31 11:42:47 IST 2025, 356 W
Fri Oct 31 11:42:48 IST 2025, 356 W
Fri Oct 31 11:42:48 IST 2025, 390 W
Fri Oct 31 11:42:48 IST 2025, 328 W
Fri Oct 31 11:42:48 IST 2025, 360 W
Fri Oct 31 11:42:49 IST 2025, 228 W
Fri Oct 31 11:42:49 IST 2025, 229 W
Fri Oct 31 11:42:49 IST 2025, 229 W
Fri Oct 31 11:42:49 IST 2025, 227 W
Fri Oct 31 11:42:50 IST 2025, 228 W
Fri Oct 31 11:42:50 IST 2025, 229 W
Fri Oct 31 11:42:50 IST 2025, 228 W
Fri Oct 31 11:42:50 IST 2025, 227 W
Fri Oct 31 11:42:51 IST 2025, 228 W
Fri Oct 31 11:42:51 IST 2025, 229 W
Fri Oct 31 11:42:51 IST 2025, 228 W
Fri Oct 31 11:42:51 IST 2025, 227 W
Fri Oct 31 11:42:52 IST 2025, 246 W
Fri Oct 31 11:42:52 IST 2025, 257 W
Fri Oct 31 11:42:52 IST 2025, 227 W
Fri Oct 31 11:42:52 IST 2025, 227 W
Fri Oct 31 11:42:53 IST 2025, 228 W
Fri Oct 31 11:42:53 IST 2025, 230 W
Fri Oct 31 11:42:53 IST 2025, 228 W
Fri Oct 31 11:42:53 IST 2025, 227 W
Fri Oct 31 11:42:54 IST 2025, 350 W
Fri Oct 31 11:42:54 IST 2025, 377 W
Fri Oct 31 11:42:54 IST 2025, 339 W
Fri Oct 31 11:42:54 IST 2025, 345 W
Fri Oct 31 11:42:55 IST 2025, 345 W
Fri Oct 31 11:42:55 IST 2025, 377 W
Fri Oct 31 11:42:55 IST 2025, 335 W
Fri Oct 31 11:42:55 IST 2025, 346 W
Fri Oct 31 11:42:56 IST 2025, 341 W
Fri Oct 31 11:42:56 IST 2025, 372 W
Fri Oct 31 11:42:56 IST 2025, 335 W
Fri Oct 31 11:42:56 IST 2025, 339 W
Fri Oct 31 11:42:57 IST 2025, 337 W
Fri Oct 31 11:42:57 IST 2025, 355 W
Fri Oct 31 11:42:57 IST 2025, 336 W
Fri Oct 31 11:42:57 IST 2025, 340 W
Fri Oct 31 11:42:58 IST 2025, 353 W
Fri Oct 31 11:42:58 IST 2025, 382 W
Fri Oct 31 11:42:58 IST 2025, 346 W
Fri Oct 31 11:42:58 IST 2025, 352 W
Fri Oct 31 11:42:59 IST 2025, 344 W
Fri Oct 31 11:42:59 IST 2025, 376 W
Fri Oct 31 11:42:59 IST 2025, 339 W
Fri Oct 31 11:42:59 IST 2025, 344 W
Fri Oct 31 11:43:00 IST 2025, 345 W
Fri Oct 31 11:43:00 IST 2025, 360 W
Fri Oct 31 11:43:00 IST 2025, 338 W
Fri Oct 31 11:43:00 IST 2025, 342 W
Fri Oct 31 11:43:01 IST 2025, 342 W
Fri Oct 31 11:43:01 IST 2025, 367 W
Fri Oct 31 11:43:01 IST 2025, 345 W
Fri Oct 31 11:43:01 IST 2025, 337 W
Fri Oct 31 11:43:02 IST 2025, 349 W
Fri Oct 31 11:43:02 IST 2025, 376 W
Fri Oct 31 11:43:02 IST 2025, 348 W
Fri Oct 31 11:43:02 IST 2025, 348 W
Fri Oct 31 11:43:03 IST 2025, 349 W
Fri Oct 31 11:43:03 IST 2025, 374 W
Fri Oct 31 11:43:03 IST 2025, 342 W
Fri Oct 31 11:43:03 IST 2025, 347 W
Fri Oct 31 11:43:04 IST 2025, 329 W
Fri Oct 31 11:43:04 IST 2025, 335 W
Fri Oct 31 11:43:04 IST 2025, 331 W
Fri Oct 31 11:43:04 IST 2025, 329 W
Fri Oct 31 11:43:05 IST 2025, 229 W
Fri Oct 31 11:43:05 IST 2025, 230 W
Fri Oct 31 11:43:05 IST 2025, 228 W
Fri Oct 31 11:43:05 IST 2025, 227 W
Fri Oct 31 11:43:06 IST 2025, 228 W
Fri Oct 31 11:43:06 IST 2025, 229 W
Fri Oct 31 11:43:06 IST 2025, 228 W
Fri Oct 31 11:43:06 IST 2025, 227 W
Fri Oct 31 11:43:07 IST 2025, 227 W
Fri Oct 31 11:43:07 IST 2025, 229 W
Fri Oct 31 11:43:07 IST 2025, 228 W
Fri Oct 31 11:43:07 IST 2025, 227 W
Fri Oct 31 11:43:08 IST 2025, 229 W
Fri Oct 31 11:43:08 IST 2025, 231 W
Fri Oct 31 11:43:08 IST 2025, 229 W
Fri Oct 31 11:43:08 IST 2025, 228 W
Fri Oct 31 11:43:09 IST 2025, 229 W
Fri Oct 31 11:43:09 IST 2025, 231 W
Fri Oct 31 11:43:09 IST 2025, 228 W
Fri Oct 31 11:43:09 IST 2025, 228 W
Fri Oct 31 11:43:10 IST 2025, 333 W
Fri Oct 31 11:43:10 IST 2025, 397 W
Fri Oct 31 11:43:10 IST 2025, 358 W
Fri Oct 31 11:43:10 IST 2025, 362 W
Fri Oct 31 11:43:11 IST 2025, 329 W
Fri Oct 31 11:43:11 IST 2025, 396 W
Fri Oct 31 11:43:11 IST 2025, 359 W
Fri Oct 31 11:43:11 IST 2025, 353 W
Fri Oct 31 11:43:12 IST 2025, 347 W
Fri Oct 31 11:43:12 IST 2025, 376 W
Fri Oct 31 11:43:12 IST 2025, 340 W
Fri Oct 31 11:43:12 IST 2025, 342 W
Fri Oct 31 11:43:13 IST 2025, 385 W
Fri Oct 31 11:43:13 IST 2025, 395 W
Fri Oct 31 11:43:13 IST 2025, 341 W
Fri Oct 31 11:43:13 IST 2025, 374 W
Fri Oct 31 11:43:14 IST 2025, 350 W
Fri Oct 31 11:43:14 IST 2025, 389 W
Fri Oct 31 11:43:14 IST 2025, 330 W
Fri Oct 31 11:43:14 IST 2025, 354 W
Fri Oct 31 11:43:15 IST 2025, 343 W
Fri Oct 31 11:43:15 IST 2025, 361 W
Fri Oct 31 11:43:15 IST 2025, 337 W
Fri Oct 31 11:43:15 IST 2025, 339 W
Fri Oct 31 11:43:16 IST 2025, 338 W
Fri Oct 31 11:43:16 IST 2025, 349 W
Fri Oct 31 11:43:16 IST 2025, 339 W
Fri Oct 31 11:43:16 IST 2025, 341 W
Fri Oct 31 11:43:17 IST 2025, 340 W
Fri Oct 31 11:43:17 IST 2025, 367 W
Fri Oct 31 11:43:17 IST 2025, 348 W
Fri Oct 31 11:43:17 IST 2025, 343 W
Fri Oct 31 11:43:18 IST 2025, 347 W
Fri Oct 31 11:43:18 IST 2025, 399 W
Fri Oct 31 11:43:18 IST 2025, 390 W
Fri Oct 31 11:43:18 IST 2025, 385 W
Fri Oct 31 11:43:19 IST 2025, 347 W
Fri Oct 31 11:43:19 IST 2025, 399 W
Fri Oct 31 11:43:19 IST 2025, 386 W
Fri Oct 31 11:43:19 IST 2025, 385 W
Fri Oct 31 11:43:20 IST 2025, 362 W
Fri Oct 31 11:43:20 IST 2025, 395 W
Fri Oct 31 11:43:20 IST 2025, 337 W
Fri Oct 31 11:43:20 IST 2025, 360 W
Fri Oct 31 11:43:21 IST 2025, 229 W
Fri Oct 31 11:43:21 IST 2025, 231 W
Fri Oct 31 11:43:21 IST 2025, 229 W
Fri Oct 31 11:43:21 IST 2025, 228 W
Fri Oct 31 11:43:22 IST 2025, 228 W
Fri Oct 31 11:43:22 IST 2025, 230 W
Fri Oct 31 11:43:22 IST 2025, 228 W
Fri Oct 31 11:43:22 IST 2025, 227 W
Fri Oct 31 11:43:23 IST 2025, 228 W
Fri Oct 31 11:43:23 IST 2025, 230 W
Fri Oct 31 11:43:23 IST 2025, 227 W
Fri Oct 31 11:43:23 IST 2025, 227 W
Fri Oct 31 11:43:24 IST 2025, 228 W
Fri Oct 31 11:43:24 IST 2025, 231 W
Fri Oct 31 11:43:24 IST 2025, 262 W
Fri Oct 31 11:43:24 IST 2025, 272 W
Fri Oct 31 11:43:25 IST 2025, 360 W
Fri Oct 31 11:43:25 IST 2025, 391 W
Fri Oct 31 11:43:25 IST 2025, 339 W
Fri Oct 31 11:43:25 IST 2025, 360 W
Fri Oct 31 11:43:26 IST 2025, 364 W
Fri Oct 31 11:43:26 IST 2025, 396 W
Fri Oct 31 11:43:26 IST 2025, 339 W
Fri Oct 31 11:43:26 IST 2025, 361 W
Fri Oct 31 11:43:27 IST 2025, 353 W
Fri Oct 31 11:43:27 IST 2025, 385 W
Fri Oct 31 11:43:27 IST 2025, 356 W
Fri Oct 31 11:43:27 IST 2025, 348 W
Fri Oct 31 11:43:28 IST 2025, 337 W
Fri Oct 31 11:43:28 IST 2025, 357 W
Fri Oct 31 11:43:28 IST 2025, 340 W
Fri Oct 31 11:43:28 IST 2025, 334 W
Fri Oct 31 11:43:29 IST 2025, 354 W
Fri Oct 31 11:43:29 IST 2025, 382 W
Fri Oct 31 11:43:29 IST 2025, 352 W
Fri Oct 31 11:43:29 IST 2025, 345 W
Fri Oct 31 11:43:30 IST 2025, 352 W
Fri Oct 31 11:43:30 IST 2025, 381 W
Fri Oct 31 11:43:30 IST 2025, 347 W
Fri Oct 31 11:43:30 IST 2025, 341 W
Fri Oct 31 11:43:31 IST 2025, 330 W
Fri Oct 31 11:43:31 IST 2025, 355 W
Fri Oct 31 11:43:31 IST 2025, 345 W
Fri Oct 31 11:43:31 IST 2025, 339 W
Fri Oct 31 11:43:32 IST 2025, 319 W
Fri Oct 31 11:43:32 IST 2025, 384 W
Fri Oct 31 11:43:32 IST 2025, 355 W
Fri Oct 31 11:43:32 IST 2025, 352 W
Fri Oct 31 11:43:33 IST 2025, 326 W
Fri Oct 31 11:43:33 IST 2025, 318 W
Fri Oct 31 11:43:33 IST 2025, 315 W
Fri Oct 31 11:43:33 IST 2025, 319 W
Fri Oct 31 11:43:34 IST 2025, 342 W
Fri Oct 31 11:43:34 IST 2025, 354 W
Fri Oct 31 11:43:34 IST 2025, 348 W
Fri Oct 31 11:43:34 IST 2025, 345 W
Fri Oct 31 11:43:35 IST 2025, 231 W
Fri Oct 31 11:43:35 IST 2025, 234 W
Fri Oct 31 11:43:35 IST 2025, 239 W
Fri Oct 31 11:43:35 IST 2025, 237 W
Fri Oct 31 11:43:36 IST 2025, 229 W
Fri Oct 31 11:43:36 IST 2025, 232 W
Fri Oct 31 11:43:36 IST 2025, 229 W
Fri Oct 31 11:43:36 IST 2025, 227 W
Fri Oct 31 11:43:37 IST 2025, 229 W
Fri Oct 31 11:43:37 IST 2025, 229 W
Fri Oct 31 11:43:37 IST 2025, 228 W
Fri Oct 31 11:43:37 IST 2025, 228 W
Fri Oct 31 11:43:38 IST 2025, 228 W
Fri Oct 31 11:43:38 IST 2025, 230 W
Fri Oct 31 11:43:38 IST 2025, 228 W
Fri Oct 31 11:43:38 IST 2025, 227 W
Fri Oct 31 11:43:39 IST 2025, 228 W
Fri Oct 31 11:43:39 IST 2025, 229 W
Fri Oct 31 11:43:39 IST 2025, 227 W
Fri Oct 31 11:43:39 IST 2025, 227 W
Fri Oct 31 11:43:40 IST 2025, 227 W
Fri Oct 31 11:43:40 IST 2025, 229 W
Fri Oct 31 11:43:40 IST 2025, 228 W
Fri Oct 31 11:43:40 IST 2025, 227 W
Fri Oct 31 11:43:41 IST 2025, 339 W
Fri Oct 31 11:43:41 IST 2025, 362 W
Fri Oct 31 11:43:41 IST 2025, 344 W
Fri Oct 31 11:43:41 IST 2025, 341 W
Fri Oct 31 11:43:42 IST 2025, 346 W
Fri Oct 31 11:43:42 IST 2025, 380 W
Fri Oct 31 11:43:42 IST 2025, 351 W
Fri Oct 31 11:43:42 IST 2025, 347 W
Fri Oct 31 11:43:43 IST 2025, 345 W
Fri Oct 31 11:43:43 IST 2025, 381 W
Fri Oct 31 11:43:43 IST 2025, 347 W
Fri Oct 31 11:43:43 IST 2025, 345 W
Fri Oct 31 11:43:44 IST 2025, 347 W
Fri Oct 31 11:43:44 IST 2025, 379 W
Fri Oct 31 11:43:44 IST 2025, 339 W
Fri Oct 31 11:43:44 IST 2025, 340 W
Fri Oct 31 11:43:45 IST 2025, 341 W
Fri Oct 31 11:43:45 IST 2025, 375 W
Fri Oct 31 11:43:45 IST 2025, 347 W
Fri Oct 31 11:43:45 IST 2025, 346 W
Fri Oct 31 11:43:46 IST 2025, 346 W
Fri Oct 31 11:43:46 IST 2025, 380 W
Fri Oct 31 11:43:46 IST 2025, 345 W
Fri Oct 31 11:43:46 IST 2025, 342 W
Fri Oct 31 11:43:47 IST 2025, 341 W
Fri Oct 31 11:43:47 IST 2025, 377 W
Fri Oct 31 11:43:47 IST 2025, 352 W
Fri Oct 31 11:43:47 IST 2025, 350 W
Fri Oct 31 11:43:48 IST 2025, 351 W
Fri Oct 31 11:43:48 IST 2025, 383 W
Fri Oct 31 11:43:48 IST 2025, 357 W
Fri Oct 31 11:43:48 IST 2025, 350 W
Fri Oct 31 11:43:49 IST 2025, 352 W
Fri Oct 31 11:43:49 IST 2025, 379 W
Fri Oct 31 11:43:49 IST 2025, 335 W
Fri Oct 31 11:43:49 IST 2025, 357 W
Fri Oct 31 11:43:50 IST 2025, 349 W
Fri Oct 31 11:43:50 IST 2025, 372 W
Fri Oct 31 11:43:50 IST 2025, 348 W
Fri Oct 31 11:43:50 IST 2025, 341 W
Fri Oct 31 11:43:51 IST 2025, 347 W
Fri Oct 31 11:43:51 IST 2025, 377 W
Fri Oct 31 11:43:51 IST 2025, 342 W
Fri Oct 31 11:43:51 IST 2025, 341 W
Fri Oct 31 11:43:52 IST 2025, 229 W
Fri Oct 31 11:43:52 IST 2025, 230 W
Fri Oct 31 11:43:52 IST 2025, 229 W
Fri Oct 31 11:43:52 IST 2025, 227 W
Fri Oct 31 11:43:53 IST 2025, 228 W
Fri Oct 31 11:43:53 IST 2025, 229 W
Fri Oct 31 11:43:53 IST 2025, 228 W
Fri Oct 31 11:43:53 IST 2025, 227 W
Fri Oct 31 11:43:54 IST 2025, 228 W
Fri Oct 31 11:43:54 IST 2025, 229 W
Fri Oct 31 11:43:54 IST 2025, 227 W
Fri Oct 31 11:43:54 IST 2025, 227 W
Fri Oct 31 11:43:55 IST 2025, 338 W
Fri Oct 31 11:43:55 IST 2025, 371 W
Fri Oct 31 11:43:55 IST 2025, 344 W
Fri Oct 31 11:43:55 IST 2025, 344 W
Fri Oct 31 11:43:56 IST 2025, 345 W
Fri Oct 31 11:43:56 IST 2025, 373 W
Fri Oct 31 11:43:56 IST 2025, 347 W
Fri Oct 31 11:43:56 IST 2025, 342 W
Fri Oct 31 11:43:57 IST 2025, 356 W
Fri Oct 31 11:43:57 IST 2025, 382 W
Fri Oct 31 11:43:57 IST 2025, 343 W
Fri Oct 31 11:43:57 IST 2025, 341 W
Fri Oct 31 11:43:58 IST 2025, 345 W
Fri Oct 31 11:43:58 IST 2025, 376 W
Fri Oct 31 11:43:58 IST 2025, 350 W
Fri Oct 31 11:43:58 IST 2025, 348 W
Fri Oct 31 11:43:59 IST 2025, 347 W
Fri Oct 31 11:43:59 IST 2025, 353 W
Fri Oct 31 11:43:59 IST 2025, 335 W
Fri Oct 31 11:43:59 IST 2025, 336 W
Fri Oct 31 11:44:00 IST 2025, 339 W
Fri Oct 31 11:44:00 IST 2025, 354 W
Fri Oct 31 11:44:00 IST 2025, 338 W
Fri Oct 31 11:44:00 IST 2025, 328 W
Fri Oct 31 11:44:01 IST 2025, 341 W
Fri Oct 31 11:44:01 IST 2025, 341 W
Fri Oct 31 11:44:01 IST 2025, 344 W
Fri Oct 31 11:44:01 IST 2025, 340 W
Fri Oct 31 11:44:02 IST 2025, 343 W
Fri Oct 31 11:44:02 IST 2025, 347 W
Fri Oct 31 11:44:02 IST 2025, 348 W
Fri Oct 31 11:44:02 IST 2025, 340 W
Fri Oct 31 11:44:03 IST 2025, 344 W
Fri Oct 31 11:44:03 IST 2025, 342 W
Fri Oct 31 11:44:03 IST 2025, 337 W
Fri Oct 31 11:44:03 IST 2025, 341 W
Fri Oct 31 11:44:04 IST 2025, 342 W
Fri Oct 31 11:44:04 IST 2025, 393 W
Fri Oct 31 11:44:04 IST 2025, 354 W
Fri Oct 31 11:44:04 IST 2025, 356 W
Fri Oct 31 11:44:05 IST 2025, 345 W
Fri Oct 31 11:44:05 IST 2025, 375 W
Fri Oct 31 11:44:05 IST 2025, 349 W
Fri Oct 31 11:44:05 IST 2025, 339 W
Fri Oct 31 11:44:06 IST 2025, 339 W
Fri Oct 31 11:44:06 IST 2025, 384 W
Fri Oct 31 11:44:06 IST 2025, 338 W
Fri Oct 31 11:44:06 IST 2025, 350 W
Fri Oct 31 11:44:07 IST 2025, 229 W
Fri Oct 31 11:44:07 IST 2025, 230 W
Fri Oct 31 11:44:07 IST 2025, 229 W
Fri Oct 31 11:44:07 IST 2025, 228 W
Fri Oct 31 11:44:08 IST 2025, 229 W
Fri Oct 31 11:44:08 IST 2025, 229 W
Fri Oct 31 11:44:08 IST 2025, 228 W
Fri Oct 31 11:44:08 IST 2025, 227 W
Fri Oct 31 11:44:09 IST 2025, 228 W
Fri Oct 31 11:44:09 IST 2025, 229 W
Fri Oct 31 11:44:09 IST 2025, 229 W
Fri Oct 31 11:44:09 IST 2025, 227 W
Fri Oct 31 11:44:10 IST 2025, 228 W
Fri Oct 31 11:44:10 IST 2025, 231 W
Fri Oct 31 11:44:10 IST 2025, 228 W
Fri Oct 31 11:44:10 IST 2025, 227 W
Fri Oct 31 11:44:11 IST 2025, 352 W
Fri Oct 31 11:44:11 IST 2025, 379 W
Fri Oct 31 11:44:11 IST 2025, 353 W
Fri Oct 31 11:44:11 IST 2025, 342 W
Fri Oct 31 11:44:12 IST 2025, 340 W
Fri Oct 31 11:44:12 IST 2025, 390 W
Fri Oct 31 11:44:12 IST 2025, 362 W
Fri Oct 31 11:44:12 IST 2025, 350 W
Fri Oct 31 11:44:13 IST 2025, 317 W
Fri Oct 31 11:44:13 IST 2025, 337 W
Fri Oct 31 11:44:13 IST 2025, 333 W
Fri Oct 31 11:44:13 IST 2025, 337 W
Fri Oct 31 11:44:14 IST 2025, 311 W
Fri Oct 31 11:44:14 IST 2025, 315 W
Fri Oct 31 11:44:14 IST 2025, 340 W
Fri Oct 31 11:44:14 IST 2025, 323 W
Fri Oct 31 11:44:15 IST 2025, 383 W
Fri Oct 31 11:44:15 IST 2025, 404 W
Fri Oct 31 11:44:15 IST 2025, 383 W
Fri Oct 31 11:44:15 IST 2025, 346 W
Fri Oct 31 11:44:16 IST 2025, 370 W
Fri Oct 31 11:44:16 IST 2025, 399 W
Fri Oct 31 11:44:16 IST 2025, 371 W
Fri Oct 31 11:44:16 IST 2025, 328 W
Fri Oct 31 11:44:17 IST 2025, 376 W
Fri Oct 31 11:44:17 IST 2025, 400 W
Fri Oct 31 11:44:17 IST 2025, 375 W
Fri Oct 31 11:44:17 IST 2025, 332 W
Fri Oct 31 11:44:18 IST 2025, 358 W
Fri Oct 31 11:44:18 IST 2025, 386 W
Fri Oct 31 11:44:18 IST 2025, 348 W
Fri Oct 31 11:44:18 IST 2025, 329 W
Fri Oct 31 11:44:19 IST 2025, 338 W
Fri Oct 31 11:44:19 IST 2025, 341 W
Fri Oct 31 11:44:19 IST 2025, 342 W
Fri Oct 31 11:44:19 IST 2025, 334 W
Fri Oct 31 11:44:20 IST 2025, 356 W
Fri Oct 31 11:44:20 IST 2025, 383 W
Fri Oct 31 11:44:20 IST 2025, 333 W
Fri Oct 31 11:44:20 IST 2025, 352 W
Fri Oct 31 11:44:21 IST 2025, 349 W
Fri Oct 31 11:44:21 IST 2025, 369 W
Fri Oct 31 11:44:21 IST 2025, 348 W
Fri Oct 31 11:44:21 IST 2025, 340 W
Fri Oct 31 11:44:22 IST 2025, 228 W
Fri Oct 31 11:44:22 IST 2025, 230 W
Fri Oct 31 11:44:22 IST 2025, 229 W
Fri Oct 31 11:44:22 IST 2025, 227 W
Fri Oct 31 11:44:23 IST 2025, 228 W
Fri Oct 31 11:44:23 IST 2025, 231 W
Fri Oct 31 11:44:23 IST 2025, 227 W
Fri Oct 31 11:44:23 IST 2025, 227 W
Fri Oct 31 11:44:24 IST 2025, 227 W
Fri Oct 31 11:44:24 IST 2025, 231 W
Fri Oct 31 11:44:24 IST 2025, 228 W
Fri Oct 31 11:44:24 IST 2025, 227 W
Fri Oct 31 11:44:25 IST 2025, 229 W
Fri Oct 31 11:44:25 IST 2025, 231 W
Fri Oct 31 11:44:25 IST 2025, 229 W
Fri Oct 31 11:44:25 IST 2025, 227 W
Fri Oct 31 11:44:26 IST 2025, 263 W
Fri Oct 31 11:44:26 IST 2025, 244 W
Fri Oct 31 11:44:26 IST 2025, 279 W
Fri Oct 31 11:44:26 IST 2025, 257 W
Fri Oct 31 11:44:27 IST 2025, 362 W
Fri Oct 31 11:44:27 IST 2025, 401 W
Fri Oct 31 11:44:27 IST 2025, 340 W
Fri Oct 31 11:44:27 IST 2025, 369 W
Fri Oct 31 11:44:28 IST 2025, 350 W
Fri Oct 31 11:44:28 IST 2025, 380 W
Fri Oct 31 11:44:28 IST 2025, 326 W
Fri Oct 31 11:44:28 IST 2025, 349 W
Fri Oct 31 11:44:29 IST 2025, 324 W
Fri Oct 31 11:44:29 IST 2025, 380 W
Fri Oct 31 11:44:29 IST 2025, 348 W
Fri Oct 31 11:44:29 IST 2025, 351 W
Fri Oct 31 11:44:30 IST 2025, 358 W
Fri Oct 31 11:44:30 IST 2025, 389 W
Fri Oct 31 11:44:30 IST 2025, 360 W
Fri Oct 31 11:44:30 IST 2025, 325 W
Fri Oct 31 11:44:31 IST 2025, 352 W
Fri Oct 31 11:44:31 IST 2025, 386 W
Fri Oct 31 11:44:31 IST 2025, 361 W
Fri Oct 31 11:44:31 IST 2025, 319 W
Fri Oct 31 11:44:32 IST 2025, 358 W
Fri Oct 31 11:44:32 IST 2025, 393 W
Fri Oct 31 11:44:32 IST 2025, 364 W
Fri Oct 31 11:44:32 IST 2025, 321 W
Fri Oct 31 11:44:33 IST 2025, 356 W
Fri Oct 31 11:44:33 IST 2025, 394 W
Fri Oct 31 11:44:33 IST 2025, 365 W
Fri Oct 31 11:44:33 IST 2025, 321 W
Fri Oct 31 11:44:34 IST 2025, 357 W
Fri Oct 31 11:44:34 IST 2025, 390 W
Fri Oct 31 11:44:34 IST 2025, 360 W
Fri Oct 31 11:44:34 IST 2025, 320 W
Fri Oct 31 11:44:35 IST 2025, 367 W
Fri Oct 31 11:44:35 IST 2025, 402 W
Fri Oct 31 11:44:35 IST 2025, 381 W
Fri Oct 31 11:44:35 IST 2025, 376 W
Fri Oct 31 11:44:36 IST 2025, 376 W
Fri Oct 31 11:44:36 IST 2025, 402 W
Fri Oct 31 11:44:36 IST 2025, 380 W
Fri Oct 31 11:44:36 IST 2025, 345 W
Fri Oct 31 11:44:37 IST 2025, 281 W
Fri Oct 31 11:44:37 IST 2025, 382 W
Fri Oct 31 11:44:37 IST 2025, 375 W
Fri Oct 31 11:44:37 IST 2025, 359 W
Fri Oct 31 11:44:38 IST 2025, 229 W
Fri Oct 31 11:44:38 IST 2025, 231 W
Fri Oct 31 11:44:38 IST 2025, 229 W
Fri Oct 31 11:44:38 IST 2025, 228 W
Fri Oct 31 11:44:39 IST 2025, 229 W
Fri Oct 31 11:44:39 IST 2025, 230 W
Fri Oct 31 11:44:39 IST 2025, 229 W
Fri Oct 31 11:44:39 IST 2025, 227 W
Fri Oct 31 11:44:40 IST 2025, 228 W
Fri Oct 31 11:44:40 IST 2025, 229 W
Fri Oct 31 11:44:40 IST 2025, 229 W
Fri Oct 31 11:44:40 IST 2025, 227 W
Fri Oct 31 11:44:41 IST 2025, 333 W
Fri Oct 31 11:44:41 IST 2025, 391 W
Fri Oct 31 11:44:41 IST 2025, 351 W
Fri Oct 31 11:44:41 IST 2025, 356 W
Fri Oct 31 11:44:42 IST 2025, 342 W
Fri Oct 31 11:44:42 IST 2025, 374 W
Fri Oct 31 11:44:42 IST 2025, 341 W
Fri Oct 31 11:44:42 IST 2025, 331 W
Fri Oct 31 11:44:43 IST 2025, 370 W
Fri Oct 31 11:44:43 IST 2025, 401 W
Fri Oct 31 11:44:43 IST 2025, 368 W
Fri Oct 31 11:44:43 IST 2025, 332 W
Fri Oct 31 11:44:44 IST 2025, 373 W
Fri Oct 31 11:44:44 IST 2025, 400 W
Fri Oct 31 11:44:44 IST 2025, 370 W
Fri Oct 31 11:44:44 IST 2025, 337 W
Fri Oct 31 11:44:45 IST 2025, 355 W
Fri Oct 31 11:44:45 IST 2025, 386 W
Fri Oct 31 11:44:45 IST 2025, 358 W
Fri Oct 31 11:44:45 IST 2025, 335 W
Fri Oct 31 11:44:46 IST 2025, 350 W
Fri Oct 31 11:44:46 IST 2025, 377 W
Fri Oct 31 11:44:46 IST 2025, 352 W
Fri Oct 31 11:44:46 IST 2025, 345 W
Fri Oct 31 11:44:47 IST 2025, 324 W
Fri Oct 31 11:44:47 IST 2025, 349 W
Fri Oct 31 11:44:47 IST 2025, 347 W
Fri Oct 31 11:44:47 IST 2025, 330 W
Fri Oct 31 11:44:48 IST 2025, 335 W
Fri Oct 31 11:44:48 IST 2025, 328 W
Fri Oct 31 11:44:48 IST 2025, 340 W
Fri Oct 31 11:44:48 IST 2025, 337 W
Fri Oct 31 11:44:49 IST 2025, 338 W
Fri Oct 31 11:44:49 IST 2025, 328 W
Fri Oct 31 11:44:49 IST 2025, 343 W
Fri Oct 31 11:44:49 IST 2025, 336 W
Fri Oct 31 11:44:50 IST 2025, 343 W
Fri Oct 31 11:44:50 IST 2025, 373 W
Fri Oct 31 11:44:50 IST 2025, 350 W
Fri Oct 31 11:44:50 IST 2025, 347 W
Fri Oct 31 11:44:51 IST 2025, 342 W
Fri Oct 31 11:44:51 IST 2025, 378 W
Fri Oct 31 11:44:51 IST 2025, 344 W
Fri Oct 31 11:44:51 IST 2025, 342 W
Fri Oct 31 11:44:52 IST 2025, 337 W
Fri Oct 31 11:44:52 IST 2025, 375 W
Fri Oct 31 11:44:52 IST 2025, 344 W
Fri Oct 31 11:44:52 IST 2025, 336 W
Fri Oct 31 11:44:53 IST 2025, 229 W
Fri Oct 31 11:44:53 IST 2025, 229 W
Fri Oct 31 11:44:53 IST 2025, 229 W
Fri Oct 31 11:44:53 IST 2025, 227 W
Fri Oct 31 11:44:54 IST 2025, 228 W
Fri Oct 31 11:44:54 IST 2025, 229 W
Fri Oct 31 11:44:54 IST 2025, 229 W
Fri Oct 31 11:44:54 IST 2025, 227 W
Fri Oct 31 11:44:55 IST 2025, 228 W
Fri Oct 31 11:44:55 IST 2025, 229 W
Fri Oct 31 11:44:55 IST 2025, 228 W
Fri Oct 31 11:44:55 IST 2025, 227 W
Fri Oct 31 11:44:56 IST 2025, 326 W
Fri Oct 31 11:44:56 IST 2025, 330 W
Fri Oct 31 11:44:56 IST 2025, 339 W
Fri Oct 31 11:44:56 IST 2025, 339 W
Fri Oct 31 11:44:57 IST 2025, 333 W
Fri Oct 31 11:44:57 IST 2025, 395 W
Fri Oct 31 11:44:57 IST 2025, 386 W
Fri Oct 31 11:44:57 IST 2025, 379 W
Fri Oct 31 11:44:58 IST 2025, 355 W
Fri Oct 31 11:44:58 IST 2025, 385 W
Fri Oct 31 11:44:58 IST 2025, 359 W
Fri Oct 31 11:44:58 IST 2025, 328 W
Fri Oct 31 11:44:59 IST 2025, 353 W
Fri Oct 31 11:44:59 IST 2025, 381 W
Fri Oct 31 11:44:59 IST 2025, 334 W
Fri Oct 31 11:44:59 IST 2025, 336 W
Fri Oct 31 11:45:00 IST 2025, 345 W
Fri Oct 31 11:45:00 IST 2025, 378 W
Fri Oct 31 11:45:00 IST 2025, 315 W
Fri Oct 31 11:45:00 IST 2025, 346 W
Fri Oct 31 11:45:01 IST 2025, 333 W
Fri Oct 31 11:45:01 IST 2025, 361 W
Fri Oct 31 11:45:01 IST 2025, 343 W
Fri Oct 31 11:45:01 IST 2025, 338 W
Fri Oct 31 11:45:02 IST 2025, 345 W
Fri Oct 31 11:45:02 IST 2025, 374 W
Fri Oct 31 11:45:02 IST 2025, 346 W
Fri Oct 31 11:45:02 IST 2025, 343 W
Fri Oct 31 11:45:03 IST 2025, 346 W
Fri Oct 31 11:45:03 IST 2025, 375 W
Fri Oct 31 11:45:03 IST 2025, 341 W
Fri Oct 31 11:45:03 IST 2025, 348 W
Fri Oct 31 11:45:04 IST 2025, 350 W
Fri Oct 31 11:45:04 IST 2025, 377 W
Fri Oct 31 11:45:04 IST 2025, 350 W
Fri Oct 31 11:45:04 IST 2025, 349 W
Fri Oct 31 11:45:05 IST 2025, 344 W
Fri Oct 31 11:45:05 IST 2025, 377 W
Fri Oct 31 11:45:05 IST 2025, 343 W
Fri Oct 31 11:45:05 IST 2025, 340 W
Fri Oct 31 11:45:06 IST 2025, 348 W
Fri Oct 31 11:45:06 IST 2025, 370 W
Fri Oct 31 11:45:06 IST 2025, 351 W
Fri Oct 31 11:45:06 IST 2025, 348 W
Fri Oct 31 11:45:07 IST 2025, 280 W
Fri Oct 31 11:45:07 IST 2025, 284 W
Fri Oct 31 11:45:07 IST 2025, 258 W
Fri Oct 31 11:45:07 IST 2025, 263 W
Fri Oct 31 11:45:08 IST 2025, 227 W
Fri Oct 31 11:45:08 IST 2025, 230 W
Fri Oct 31 11:45:08 IST 2025, 229 W
Fri Oct 31 11:45:08 IST 2025, 227 W
Fri Oct 31 11:45:09 IST 2025, 227 W
Fri Oct 31 11:45:09 IST 2025, 229 W
Fri Oct 31 11:45:09 IST 2025, 229 W
Fri Oct 31 11:45:09 IST 2025, 227 W
Fri Oct 31 11:45:10 IST 2025, 228 W
Fri Oct 31 11:45:10 IST 2025, 229 W
Fri Oct 31 11:45:10 IST 2025, 227 W
Fri Oct 31 11:45:10 IST 2025, 226 W
Fri Oct 31 11:45:11 IST 2025, 347 W
Fri Oct 31 11:45:11 IST 2025, 374 W
Fri Oct 31 11:45:11 IST 2025, 346 W
Fri Oct 31 11:45:11 IST 2025, 349 W
Fri Oct 31 11:45:12 IST 2025, 339 W
Fri Oct 31 11:45:12 IST 2025, 372 W
Fri Oct 31 11:45:12 IST 2025, 346 W
Fri Oct 31 11:45:12 IST 2025, 346 W
Fri Oct 31 11:45:13 IST 2025, 349 W
Fri Oct 31 11:45:13 IST 2025, 370 W
Fri Oct 31 11:45:13 IST 2025, 348 W
Fri Oct 31 11:45:13 IST 2025, 346 W
Fri Oct 31 11:45:14 IST 2025, 343 W
Fri Oct 31 11:45:14 IST 2025, 377 W
Fri Oct 31 11:45:14 IST 2025, 340 W
Fri Oct 31 11:45:14 IST 2025, 340 W
Fri Oct 31 11:45:15 IST 2025, 358 W
Fri Oct 31 11:45:15 IST 2025, 381 W
Fri Oct 31 11:45:15 IST 2025, 355 W
Fri Oct 31 11:45:15 IST 2025, 346 W
Fri Oct 31 11:45:16 IST 2025, 341 W
Fri Oct 31 11:45:16 IST 2025, 327 W
Fri Oct 31 11:45:16 IST 2025, 343 W
Fri Oct 31 11:45:16 IST 2025, 335 W
Fri Oct 31 11:45:17 IST 2025, 335 W
Fri Oct 31 11:45:17 IST 2025, 329 W
Fri Oct 31 11:45:17 IST 2025, 338 W
Fri Oct 31 11:45:17 IST 2025, 336 W
Fri Oct 31 11:45:18 IST 2025, 342 W
Fri Oct 31 11:45:18 IST 2025, 370 W
Fri Oct 31 11:45:18 IST 2025, 347 W
Fri Oct 31 11:45:18 IST 2025, 335 W
Fri Oct 31 11:45:19 IST 2025, 350 W
Fri Oct 31 11:45:19 IST 2025, 374 W
Fri Oct 31 11:45:19 IST 2025, 355 W
Fri Oct 31 11:45:19 IST 2025, 350 W
Fri Oct 31 11:45:20 IST 2025, 331 W
Fri Oct 31 11:45:20 IST 2025, 393 W
Fri Oct 31 11:45:20 IST 2025, 369 W
Fri Oct 31 11:45:20 IST 2025, 361 W
Fri Oct 31 11:45:21 IST 2025, 367 W
Fri Oct 31 11:45:21 IST 2025, 397 W
Fri Oct 31 11:45:21 IST 2025, 335 W
Fri Oct 31 11:45:21 IST 2025, 361 W
Fri Oct 31 11:45:22 IST 2025, 364 W
Fri Oct 31 11:45:22 IST 2025, 390 W
Fri Oct 31 11:45:22 IST 2025, 338 W
Fri Oct 31 11:45:22 IST 2025, 363 W
Fri Oct 31 11:45:23 IST 2025, 228 W
Fri Oct 31 11:45:23 IST 2025, 230 W
Fri Oct 31 11:45:23 IST 2025, 229 W
Fri Oct 31 11:45:23 IST 2025, 227 W
Fri Oct 31 11:45:24 IST 2025, 228 W
Fri Oct 31 11:45:24 IST 2025, 229 W
Fri Oct 31 11:45:24 IST 2025, 229 W
Fri Oct 31 11:45:24 IST 2025, 227 W
Fri Oct 31 11:45:25 IST 2025, 228 W
Fri Oct 31 11:45:25 IST 2025, 229 W
Fri Oct 31 11:45:25 IST 2025, 229 W
Fri Oct 31 11:45:25 IST 2025, 227 W
Fri Oct 31 11:45:26 IST 2025, 341 W
Fri Oct 31 11:45:26 IST 2025, 377 W
Fri Oct 31 11:45:26 IST 2025, 343 W
Fri Oct 31 11:45:26 IST 2025, 346 W
Fri Oct 31 11:45:27 IST 2025, 341 W
Fri Oct 31 11:45:27 IST 2025, 378 W
Fri Oct 31 11:45:27 IST 2025, 340 W
Fri Oct 31 11:45:27 IST 2025, 346 W
Fri Oct 31 11:45:28 IST 2025, 354 W
Fri Oct 31 11:45:28 IST 2025, 388 W
Fri Oct 31 11:45:28 IST 2025, 348 W
Fri Oct 31 11:45:28 IST 2025, 356 W
Fri Oct 31 11:45:29 IST 2025, 334 W
Fri Oct 31 11:45:29 IST 2025, 378 W
Fri Oct 31 11:45:29 IST 2025, 341 W
Fri Oct 31 11:45:29 IST 2025, 338 W
Fri Oct 31 11:45:30 IST 2025, 332 W
Fri Oct 31 11:45:30 IST 2025, 377 W
Fri Oct 31 11:45:30 IST 2025, 341 W
Fri Oct 31 11:45:30 IST 2025, 341 W
Fri Oct 31 11:45:31 IST 2025, 329 W
Fri Oct 31 11:45:31 IST 2025, 313 W
Fri Oct 31 11:45:31 IST 2025, 336 W
Fri Oct 31 11:45:31 IST 2025, 328 W
Fri Oct 31 11:45:32 IST 2025, 340 W
Fri Oct 31 11:45:32 IST 2025, 369 W
Fri Oct 31 11:45:32 IST 2025, 346 W
Fri Oct 31 11:45:32 IST 2025, 343 W
Fri Oct 31 11:45:33 IST 2025, 340 W
Fri Oct 31 11:45:33 IST 2025, 371 W
Fri Oct 31 11:45:33 IST 2025, 340 W
Fri Oct 31 11:45:33 IST 2025, 344 W
Fri Oct 31 11:45:34 IST 2025, 345 W
Fri Oct 31 11:45:34 IST 2025, 364 W
Fri Oct 31 11:45:34 IST 2025, 344 W
Fri Oct 31 11:45:34 IST 2025, 341 W
Fri Oct 31 11:45:35 IST 2025, 341 W
Fri Oct 31 11:45:35 IST 2025, 359 W
Fri Oct 31 11:45:35 IST 2025, 335 W
Fri Oct 31 11:45:35 IST 2025, 340 W
Fri Oct 31 11:45:36 IST 2025, 321 W
Fri Oct 31 11:45:36 IST 2025, 367 W
Fri Oct 31 11:45:36 IST 2025, 347 W
Fri Oct 31 11:45:36 IST 2025, 339 W
Fri Oct 31 11:45:37 IST 2025, 342 W
Fri Oct 31 11:45:37 IST 2025, 355 W
Fri Oct 31 11:45:37 IST 2025, 329 W
Fri Oct 31 11:45:37 IST 2025, 335 W
Fri Oct 31 11:45:38 IST 2025, 228 W
Fri Oct 31 11:45:38 IST 2025, 229 W
Fri Oct 31 11:45:38 IST 2025, 229 W
Fri Oct 31 11:45:38 IST 2025, 227 W
Fri Oct 31 11:45:39 IST 2025, 228 W
Fri Oct 31 11:45:39 IST 2025, 230 W
Fri Oct 31 11:45:39 IST 2025, 229 W
Fri Oct 31 11:45:39 IST 2025, 227 W
Fri Oct 31 11:45:40 IST 2025, 228 W
Fri Oct 31 11:45:40 IST 2025, 230 W
Fri Oct 31 11:45:40 IST 2025, 228 W
Fri Oct 31 11:45:40 IST 2025, 227 W
Fri Oct 31 11:45:41 IST 2025, 343 W
Fri Oct 31 11:45:41 IST 2025, 366 W
Fri Oct 31 11:45:41 IST 2025, 311 W
Fri Oct 31 11:45:41 IST 2025, 321 W
Fri Oct 31 11:45:42 IST 2025, 339 W
Fri Oct 31 11:45:42 IST 2025, 371 W
Fri Oct 31 11:45:42 IST 2025, 340 W
Fri Oct 31 11:45:42 IST 2025, 342 W
Fri Oct 31 11:45:43 IST 2025, 338 W
Fri Oct 31 11:45:43 IST 2025, 332 W
Fri Oct 31 11:45:43 IST 2025, 337 W
Fri Oct 31 11:45:43 IST 2025, 336 W
Fri Oct 31 11:45:44 IST 2025, 333 W
Fri Oct 31 11:45:44 IST 2025, 340 W
Fri Oct 31 11:45:44 IST 2025, 338 W
Fri Oct 31 11:45:44 IST 2025, 332 W
Fri Oct 31 11:45:45 IST 2025, 333 W
Fri Oct 31 11:45:45 IST 2025, 343 W
Fri Oct 31 11:45:45 IST 2025, 340 W
Fri Oct 31 11:45:45 IST 2025, 333 W
Fri Oct 31 11:45:46 IST 2025, 338 W
Fri Oct 31 11:45:46 IST 2025, 357 W
Fri Oct 31 11:45:46 IST 2025, 335 W
Fri Oct 31 11:45:46 IST 2025, 332 W
Fri Oct 31 11:45:47 IST 2025, 339 W
Fri Oct 31 11:45:47 IST 2025, 337 W
Fri Oct 31 11:45:47 IST 2025, 340 W
Fri Oct 31 11:45:47 IST 2025, 331 W
Fri Oct 31 11:45:48 IST 2025, 337 W
Fri Oct 31 11:45:48 IST 2025, 352 W
Fri Oct 31 11:45:48 IST 2025, 335 W
Fri Oct 31 11:45:48 IST 2025, 333 W
Fri Oct 31 11:45:49 IST 2025, 341 W
Fri Oct 31 11:45:49 IST 2025, 361 W
Fri Oct 31 11:45:49 IST 2025, 345 W
Fri Oct 31 11:45:49 IST 2025, 332 W
Fri Oct 31 11:45:50 IST 2025, 340 W
Fri Oct 31 11:45:50 IST 2025, 368 W
Fri Oct 31 11:45:50 IST 2025, 345 W
Fri Oct 31 11:45:50 IST 2025, 327 W
Fri Oct 31 11:45:51 IST 2025, 333 W
Fri Oct 31 11:45:51 IST 2025, 359 W
Fri Oct 31 11:45:51 IST 2025, 340 W
Fri Oct 31 11:45:51 IST 2025, 333 W
Fri Oct 31 11:45:52 IST 2025, 340 W
Fri Oct 31 11:45:52 IST 2025, 359 W
Fri Oct 31 11:45:52 IST 2025, 330 W
Fri Oct 31 11:45:52 IST 2025, 340 W
Fri Oct 31 11:45:53 IST 2025, 229 W
Fri Oct 31 11:45:53 IST 2025, 230 W
Fri Oct 31 11:45:53 IST 2025, 230 W
Fri Oct 31 11:45:53 IST 2025, 228 W
Fri Oct 31 11:45:54 IST 2025, 229 W
Fri Oct 31 11:45:54 IST 2025, 230 W
Fri Oct 31 11:45:54 IST 2025, 229 W
Fri Oct 31 11:45:54 IST 2025, 227 W
Fri Oct 31 11:45:55 IST 2025, 228 W
Fri Oct 31 11:45:55 IST 2025, 229 W
Fri Oct 31 11:45:55 IST 2025, 229 W
Fri Oct 31 11:45:55 IST 2025, 227 W
Fri Oct 31 11:45:56 IST 2025, 228 W
Fri Oct 31 11:45:56 IST 2025, 229 W
Fri Oct 31 11:45:56 IST 2025, 228 W
Fri Oct 31 11:45:56 IST 2025, 227 W
Fri Oct 31 11:45:57 IST 2025, 333 W
Fri Oct 31 11:45:57 IST 2025, 365 W
Fri Oct 31 11:45:57 IST 2025, 345 W
Fri Oct 31 11:45:57 IST 2025, 335 W
Fri Oct 31 11:45:58 IST 2025, 334 W
Fri Oct 31 11:45:58 IST 2025, 352 W
Fri Oct 31 11:45:58 IST 2025, 340 W
Fri Oct 31 11:45:58 IST 2025, 333 W
Fri Oct 31 11:45:59 IST 2025, 333 W
Fri Oct 31 11:45:59 IST 2025, 358 W
Fri Oct 31 11:45:59 IST 2025, 340 W
Fri Oct 31 11:45:59 IST 2025, 328 W
Fri Oct 31 11:46:00 IST 2025, 335 W
Fri Oct 31 11:46:00 IST 2025, 370 W
Fri Oct 31 11:46:00 IST 2025, 344 W
Fri Oct 31 11:46:00 IST 2025, 336 W
Fri Oct 31 11:46:01 IST 2025, 342 W
Fri Oct 31 11:46:01 IST 2025, 367 W
Fri Oct 31 11:46:01 IST 2025, 342 W
Fri Oct 31 11:46:01 IST 2025, 337 W
Fri Oct 31 11:46:02 IST 2025, 334 W
Fri Oct 31 11:46:02 IST 2025, 356 W
Fri Oct 31 11:46:02 IST 2025, 342 W
Fri Oct 31 11:46:02 IST 2025, 324 W
Fri Oct 31 11:46:03 IST 2025, 340 W
Fri Oct 31 11:46:03 IST 2025, 373 W
Fri Oct 31 11:46:03 IST 2025, 353 W
Fri Oct 31 11:46:03 IST 2025, 324 W
Fri Oct 31 11:46:04 IST 2025, 344 W
Fri Oct 31 11:46:04 IST 2025, 380 W
Fri Oct 31 11:46:04 IST 2025, 343 W
Fri Oct 31 11:46:04 IST 2025, 323 W
Fri Oct 31 11:46:05 IST 2025, 342 W
Fri Oct 31 11:46:05 IST 2025, 361 W
Fri Oct 31 11:46:05 IST 2025, 334 W
Fri Oct 31 11:46:05 IST 2025, 337 W
Fri Oct 31 11:46:06 IST 2025, 339 W
Fri Oct 31 11:46:06 IST 2025, 358 W
Fri Oct 31 11:46:06 IST 2025, 340 W
Fri Oct 31 11:46:06 IST 2025, 340 W
Fri Oct 31 11:46:07 IST 2025, 340 W
Fri Oct 31 11:46:07 IST 2025, 376 W
Fri Oct 31 11:46:07 IST 2025, 347 W
Fri Oct 31 11:46:07 IST 2025, 339 W
Fri Oct 31 11:46:08 IST 2025, 257 W
Fri Oct 31 11:46:08 IST 2025, 258 W
Fri Oct 31 11:46:08 IST 2025, 246 W
Fri Oct 31 11:46:08 IST 2025, 250 W
Fri Oct 31 11:46:09 IST 2025, 229 W
Fri Oct 31 11:46:09 IST 2025, 230 W
Fri Oct 31 11:46:09 IST 2025, 229 W
Fri Oct 31 11:46:09 IST 2025, 227 W
Fri Oct 31 11:46:10 IST 2025, 228 W
Fri Oct 31 11:46:10 IST 2025, 229 W
Fri Oct 31 11:46:10 IST 2025, 227 W
Fri Oct 31 11:46:10 IST 2025, 227 W
Fri Oct 31 11:46:11 IST 2025, 228 W
Fri Oct 31 11:46:11 IST 2025, 230 W
Fri Oct 31 11:46:11 IST 2025, 228 W
Fri Oct 31 11:46:11 IST 2025, 227 W
Fri Oct 31 11:46:12 IST 2025, 339 W
Fri Oct 31 11:46:12 IST 2025, 363 W
Fri Oct 31 11:46:12 IST 2025, 337 W
Fri Oct 31 11:46:12 IST 2025, 339 W
Fri Oct 31 11:46:13 IST 2025, 334 W
Fri Oct 31 11:46:13 IST 2025, 340 W
Fri Oct 31 11:46:13 IST 2025, 341 W
Fri Oct 31 11:46:13 IST 2025, 329 W
Fri Oct 31 11:46:14 IST 2025, 339 W
Fri Oct 31 11:46:14 IST 2025, 341 W
Fri Oct 31 11:46:14 IST 2025, 336 W
Fri Oct 31 11:46:14 IST 2025, 333 W
Fri Oct 31 11:46:15 IST 2025, 334 W
Fri Oct 31 11:46:15 IST 2025, 335 W
Fri Oct 31 11:46:15 IST 2025, 331 W
Fri Oct 31 11:46:15 IST 2025, 337 W
Fri Oct 31 11:46:16 IST 2025, 341 W
Fri Oct 31 11:46:16 IST 2025, 362 W
Fri Oct 31 11:46:16 IST 2025, 338 W
Fri Oct 31 11:46:16 IST 2025, 340 W
Fri Oct 31 11:46:17 IST 2025, 343 W
Fri Oct 31 11:46:17 IST 2025, 372 W
Fri Oct 31 11:46:17 IST 2025, 326 W
Fri Oct 31 11:46:17 IST 2025, 318 W
Fri Oct 31 11:46:18 IST 2025, 341 W
Fri Oct 31 11:46:18 IST 2025, 363 W
Fri Oct 31 11:46:18 IST 2025, 339 W
Fri Oct 31 11:46:18 IST 2025, 334 W
Fri Oct 31 11:46:19 IST 2025, 337 W
Fri Oct 31 11:46:19 IST 2025, 364 W
Fri Oct 31 11:46:19 IST 2025, 346 W
Fri Oct 31 11:46:19 IST 2025, 336 W
Fri Oct 31 11:46:20 IST 2025, 346 W
Fri Oct 31 11:46:20 IST 2025, 370 W
Fri Oct 31 11:46:20 IST 2025, 348 W
Fri Oct 31 11:46:20 IST 2025, 345 W
Fri Oct 31 11:46:21 IST 2025, 350 W
Fri Oct 31 11:46:21 IST 2025, 376 W
Fri Oct 31 11:46:21 IST 2025, 331 W
Fri Oct 31 11:46:21 IST 2025, 342 W
Fri Oct 31 11:46:22 IST 2025, 365 W
Fri Oct 31 11:46:22 IST 2025, 388 W
Fri Oct 31 11:46:22 IST 2025, 369 W
Fri Oct 31 11:46:22 IST 2025, 326 W
Fri Oct 31 11:46:23 IST 2025, 340 W
Fri Oct 31 11:46:23 IST 2025, 365 W
Fri Oct 31 11:46:23 IST 2025, 337 W
Fri Oct 31 11:46:23 IST 2025, 335 W
Fri Oct 31 11:46:24 IST 2025, 228 W
Fri Oct 31 11:46:24 IST 2025, 229 W
Fri Oct 31 11:46:24 IST 2025, 229 W
Fri Oct 31 11:46:24 IST 2025, 228 W
Fri Oct 31 11:46:25 IST 2025, 228 W
Fri Oct 31 11:46:25 IST 2025, 230 W
Fri Oct 31 11:46:25 IST 2025, 229 W
Fri Oct 31 11:46:25 IST 2025, 227 W
Fri Oct 31 11:46:26 IST 2025, 229 W
Fri Oct 31 11:46:26 IST 2025, 230 W
Fri Oct 31 11:46:26 IST 2025, 228 W
Fri Oct 31 11:46:26 IST 2025, 226 W
Fri Oct 31 11:46:27 IST 2025, 327 W
Fri Oct 31 11:46:27 IST 2025, 325 W
Fri Oct 31 11:46:27 IST 2025, 284 W
Fri Oct 31 11:46:27 IST 2025, 308 W
Fri Oct 31 11:46:28 IST 2025, 351 W
Fri Oct 31 11:46:28 IST 2025, 369 W
Fri Oct 31 11:46:28 IST 2025, 322 W
Fri Oct 31 11:46:28 IST 2025, 343 W
Fri Oct 31 11:46:29 IST 2025, 345 W
Fri Oct 31 11:46:29 IST 2025, 376 W
Fri Oct 31 11:46:29 IST 2025, 327 W
Fri Oct 31 11:46:29 IST 2025, 347 W
Fri Oct 31 11:46:30 IST 2025, 347 W
Fri Oct 31 11:46:30 IST 2025, 376 W
Fri Oct 31 11:46:30 IST 2025, 329 W
Fri Oct 31 11:46:30 IST 2025, 347 W
Fri Oct 31 11:46:31 IST 2025, 356 W
Fri Oct 31 11:46:31 IST 2025, 391 W
Fri Oct 31 11:46:31 IST 2025, 332 W
Fri Oct 31 11:46:31 IST 2025, 350 W
Fri Oct 31 11:46:32 IST 2025, 342 W
Fri Oct 31 11:46:32 IST 2025, 369 W
Fri Oct 31 11:46:32 IST 2025, 344 W
Fri Oct 31 11:46:32 IST 2025, 337 W
Fri Oct 31 11:46:33 IST 2025, 342 W
Fri Oct 31 11:46:33 IST 2025, 361 W
Fri Oct 31 11:46:33 IST 2025, 340 W
Fri Oct 31 11:46:33 IST 2025, 337 W
Fri Oct 31 11:46:34 IST 2025, 336 W
Fri Oct 31 11:46:34 IST 2025, 359 W
Fri Oct 31 11:46:34 IST 2025, 349 W
Fri Oct 31 11:46:34 IST 2025, 343 W
Fri Oct 31 11:46:35 IST 2025, 348 W
Fri Oct 31 11:46:35 IST 2025, 368 W
Fri Oct 31 11:46:35 IST 2025, 345 W
Fri Oct 31 11:46:35 IST 2025, 338 W
Fri Oct 31 11:46:36 IST 2025, 338 W
Fri Oct 31 11:46:36 IST 2025, 375 W
Fri Oct 31 11:46:36 IST 2025, 344 W
Fri Oct 31 11:46:36 IST 2025, 343 W
Fri Oct 31 11:46:37 IST 2025, 344 W
Fri Oct 31 11:46:37 IST 2025, 374 W
Fri Oct 31 11:46:37 IST 2025, 346 W
Fri Oct 31 11:46:37 IST 2025, 345 W
Fri Oct 31 11:46:38 IST 2025, 374 W
Fri Oct 31 11:46:38 IST 2025, 396 W
Fri Oct 31 11:46:38 IST 2025, 338 W
Fri Oct 31 11:46:38 IST 2025, 367 W
Fri Oct 31 11:46:39 IST 2025, 229 W
Fri Oct 31 11:46:39 IST 2025, 231 W
Fri Oct 31 11:46:39 IST 2025, 228 W
Fri Oct 31 11:46:39 IST 2025, 227 W
Fri Oct 31 11:46:40 IST 2025, 228 W
Fri Oct 31 11:46:40 IST 2025, 230 W
Fri Oct 31 11:46:40 IST 2025, 229 W
Fri Oct 31 11:46:40 IST 2025, 227 W
Fri Oct 31 11:46:41 IST 2025, 229 W
Fri Oct 31 11:46:41 IST 2025, 230 W
Fri Oct 31 11:46:41 IST 2025, 228 W
Fri Oct 31 11:46:41 IST 2025, 227 W
Fri Oct 31 11:46:42 IST 2025, 285 W
Fri Oct 31 11:46:42 IST 2025, 280 W
Fri Oct 31 11:46:42 IST 2025, 313 W
Fri Oct 31 11:46:42 IST 2025, 286 W
Fri Oct 31 11:46:43 IST 2025, 343 W
Fri Oct 31 11:46:43 IST 2025, 374 W
Fri Oct 31 11:46:43 IST 2025, 342 W
Fri Oct 31 11:46:43 IST 2025, 340 W
Fri Oct 31 11:46:44 IST 2025, 348 W
Fri Oct 31 11:46:44 IST 2025, 378 W
Fri Oct 31 11:46:44 IST 2025, 342 W
Fri Oct 31 11:46:44 IST 2025, 341 W
Fri Oct 31 11:46:45 IST 2025, 330 W
Fri Oct 31 11:46:45 IST 2025, 335 W
Fri Oct 31 11:46:45 IST 2025, 341 W
Fri Oct 31 11:46:45 IST 2025, 331 W
Fri Oct 31 11:46:46 IST 2025, 348 W
Fri Oct 31 11:46:46 IST 2025, 380 W
Fri Oct 31 11:46:46 IST 2025, 345 W
Fri Oct 31 11:46:46 IST 2025, 343 W
Fri Oct 31 11:46:47 IST 2025, 316 W
Fri Oct 31 11:46:47 IST 2025, 380 W
Fri Oct 31 11:46:47 IST 2025, 345 W
Fri Oct 31 11:46:47 IST 2025, 366 W
Fri Oct 31 11:46:48 IST 2025, 369 W
Fri Oct 31 11:46:48 IST 2025, 392 W
Fri Oct 31 11:46:48 IST 2025, 333 W
Fri Oct 31 11:46:48 IST 2025, 368 W
Fri Oct 31 11:46:49 IST 2025, 341 W
Fri Oct 31 11:46:49 IST 2025, 360 W
Fri Oct 31 11:46:49 IST 2025, 338 W
Fri Oct 31 11:46:49 IST 2025, 333 W
Fri Oct 31 11:46:50 IST 2025, 337 W
Fri Oct 31 11:46:50 IST 2025, 364 W
Fri Oct 31 11:46:50 IST 2025, 338 W
Fri Oct 31 11:46:50 IST 2025, 337 W
Fri Oct 31 11:46:51 IST 2025, 337 W
Fri Oct 31 11:46:51 IST 2025, 363 W
Fri Oct 31 11:46:51 IST 2025, 341 W
Fri Oct 31 11:46:51 IST 2025, 337 W
Fri Oct 31 11:46:52 IST 2025, 335 W
Fri Oct 31 11:46:52 IST 2025, 366 W
Fri Oct 31 11:46:52 IST 2025, 347 W
Fri Oct 31 11:46:52 IST 2025, 341 W
Fri Oct 31 11:46:53 IST 2025, 341 W
Fri Oct 31 11:46:53 IST 2025, 371 W
Fri Oct 31 11:46:53 IST 2025, 344 W
Fri Oct 31 11:46:53 IST 2025, 340 W
Fri Oct 31 11:46:54 IST 2025, 229 W
Fri Oct 31 11:46:54 IST 2025, 230 W
Fri Oct 31 11:46:54 IST 2025, 229 W
Fri Oct 31 11:46:54 IST 2025, 227 W
Fri Oct 31 11:46:55 IST 2025, 227 W
Fri Oct 31 11:46:55 IST 2025, 230 W
Fri Oct 31 11:46:55 IST 2025, 229 W
Fri Oct 31 11:46:55 IST 2025, 227 W
Fri Oct 31 11:46:56 IST 2025, 228 W
Fri Oct 31 11:46:56 IST 2025, 230 W
Fri Oct 31 11:46:56 IST 2025, 228 W
Fri Oct 31 11:46:56 IST 2025, 227 W
Fri Oct 31 11:46:57 IST 2025, 328 W
Fri Oct 31 11:46:57 IST 2025, 333 W
Fri Oct 31 11:46:57 IST 2025, 337 W
Fri Oct 31 11:46:57 IST 2025, 333 W
Fri Oct 31 11:46:58 IST 2025, 372 W
Fri Oct 31 11:46:58 IST 2025, 396 W
Fri Oct 31 11:46:58 IST 2025, 374 W
Fri Oct 31 11:46:58 IST 2025, 332 W
Fri Oct 31 11:46:59 IST 2025, 340 W
Fri Oct 31 11:46:59 IST 2025, 359 W
Fri Oct 31 11:46:59 IST 2025, 335 W
Fri Oct 31 11:46:59 IST 2025, 333 W
Fri Oct 31 11:47:00 IST 2025, 336 W
Fri Oct 31 11:47:00 IST 2025, 361 W
Fri Oct 31 11:47:00 IST 2025, 342 W
Fri Oct 31 11:47:00 IST 2025, 336 W
Fri Oct 31 11:47:01 IST 2025, 339 W
Fri Oct 31 11:47:01 IST 2025, 363 W
Fri Oct 31 11:47:01 IST 2025, 346 W
Fri Oct 31 11:47:01 IST 2025, 342 W
Fri Oct 31 11:47:02 IST 2025, 345 W
Fri Oct 31 11:47:02 IST 2025, 354 W
Fri Oct 31 11:47:02 IST 2025, 344 W
Fri Oct 31 11:47:02 IST 2025, 333 W
Fri Oct 31 11:47:03 IST 2025, 369 W
Fri Oct 31 11:47:03 IST 2025, 389 W
Fri Oct 31 11:47:03 IST 2025, 351 W
Fri Oct 31 11:47:03 IST 2025, 337 W
Fri Oct 31 11:47:04 IST 2025, 333 W
Fri Oct 31 11:47:04 IST 2025, 353 W
Fri Oct 31 11:47:04 IST 2025, 345 W
Fri Oct 31 11:47:04 IST 2025, 341 W
Fri Oct 31 11:47:05 IST 2025, 342 W
Fri Oct 31 11:47:05 IST 2025, 353 W
Fri Oct 31 11:47:05 IST 2025, 340 W
Fri Oct 31 11:47:05 IST 2025, 338 W
Fri Oct 31 11:47:06 IST 2025, 339 W
Fri Oct 31 11:47:06 IST 2025, 353 W
Fri Oct 31 11:47:06 IST 2025, 336 W
Fri Oct 31 11:47:06 IST 2025, 331 W
Fri Oct 31 11:47:07 IST 2025, 329 W
Fri Oct 31 11:47:07 IST 2025, 363 W
Fri Oct 31 11:47:07 IST 2025, 346 W
Fri Oct 31 11:47:07 IST 2025, 341 W
Fri Oct 31 11:47:08 IST 2025, 338 W
Fri Oct 31 11:47:08 IST 2025, 339 W
Fri Oct 31 11:47:08 IST 2025, 319 W
Fri Oct 31 11:47:08 IST 2025, 329 W
Fri Oct 31 11:47:09 IST 2025, 228 W
Fri Oct 31 11:47:09 IST 2025, 231 W
Fri Oct 31 11:47:09 IST 2025, 229 W
Fri Oct 31 11:47:09 IST 2025, 228 W
Fri Oct 31 11:47:10 IST 2025, 228 W
Fri Oct 31 11:47:10 IST 2025, 230 W
Fri Oct 31 11:47:10 IST 2025, 229 W
Fri Oct 31 11:47:10 IST 2025, 227 W
Fri Oct 31 11:47:11 IST 2025, 228 W
Fri Oct 31 11:47:11 IST 2025, 229 W
Fri Oct 31 11:47:11 IST 2025, 229 W
Fri Oct 31 11:47:11 IST 2025, 227 W
Fri Oct 31 11:47:12 IST 2025, 228 W
Fri Oct 31 11:47:12 IST 2025, 230 W
Fri Oct 31 11:47:12 IST 2025, 229 W
Fri Oct 31 11:47:12 IST 2025, 227 W
Fri Oct 31 11:47:13 IST 2025, 332 W
Fri Oct 31 11:47:13 IST 2025, 349 W
Fri Oct 31 11:47:13 IST 2025, 339 W
Fri Oct 31 11:47:13 IST 2025, 336 W
Fri Oct 31 11:47:14 IST 2025, 331 W
Fri Oct 31 11:47:14 IST 2025, 341 W
Fri Oct 31 11:47:14 IST 2025, 340 W
Fri Oct 31 11:47:14 IST 2025, 338 W
Fri Oct 31 11:47:15 IST 2025, 337 W
Fri Oct 31 11:47:15 IST 2025, 341 W
Fri Oct 31 11:47:15 IST 2025, 342 W
Fri Oct 31 11:47:15 IST 2025, 337 W
Fri Oct 31 11:47:16 IST 2025, 344 W
Fri Oct 31 11:47:16 IST 2025, 362 W
Fri Oct 31 11:47:16 IST 2025, 340 W
Fri Oct 31 11:47:16 IST 2025, 332 W
Fri Oct 31 11:47:17 IST 2025, 342 W
Fri Oct 31 11:47:17 IST 2025, 364 W
Fri Oct 31 11:47:17 IST 2025, 340 W
Fri Oct 31 11:47:17 IST 2025, 335 W
Fri Oct 31 11:47:18 IST 2025, 337 W
Fri Oct 31 11:47:18 IST 2025, 350 W
Fri Oct 31 11:47:18 IST 2025, 341 W
Fri Oct 31 11:47:18 IST 2025, 334 W
Fri Oct 31 11:47:19 IST 2025, 341 W
Fri Oct 31 11:47:19 IST 2025, 378 W
Fri Oct 31 11:47:19 IST 2025, 346 W
Fri Oct 31 11:47:19 IST 2025, 333 W
Fri Oct 31 11:47:20 IST 2025, 336 W
Fri Oct 31 11:47:20 IST 2025, 344 W
Fri Oct 31 11:47:20 IST 2025, 338 W
Fri Oct 31 11:47:20 IST 2025, 336 W
Fri Oct 31 11:47:21 IST 2025, 336 W
Fri Oct 31 11:47:21 IST 2025, 344 W
Fri Oct 31 11:47:21 IST 2025, 340 W
Fri Oct 31 11:47:21 IST 2025, 335 W
Fri Oct 31 11:47:22 IST 2025, 331 W
Fri Oct 31 11:47:22 IST 2025, 344 W
Fri Oct 31 11:47:22 IST 2025, 335 W
Fri Oct 31 11:47:22 IST 2025, 334 W
Fri Oct 31 11:47:23 IST 2025, 348 W
Fri Oct 31 11:47:23 IST 2025, 366 W
Fri Oct 31 11:47:23 IST 2025, 341 W
Fri Oct 31 11:47:23 IST 2025, 327 W
Fri Oct 31 11:47:24 IST 2025, 341 W
Fri Oct 31 11:47:24 IST 2025, 370 W
Fri Oct 31 11:47:24 IST 2025, 346 W
Fri Oct 31 11:47:24 IST 2025, 346 W
Fri Oct 31 11:47:25 IST 2025, 229 W
Fri Oct 31 11:47:25 IST 2025, 230 W
Fri Oct 31 11:47:25 IST 2025, 229 W
Fri Oct 31 11:47:25 IST 2025, 226 W
Fri Oct 31 11:47:26 IST 2025, 228 W
Fri Oct 31 11:47:26 IST 2025, 230 W
Fri Oct 31 11:47:26 IST 2025, 228 W
Fri Oct 31 11:47:26 IST 2025, 227 W
Fri Oct 31 11:47:27 IST 2025, 228 W
Fri Oct 31 11:47:27 IST 2025, 229 W
Fri Oct 31 11:47:27 IST 2025, 228 W
Fri Oct 31 11:47:27 IST 2025, 227 W
Fri Oct 31 11:47:28 IST 2025, 228 W
Fri Oct 31 11:47:28 IST 2025, 230 W
Fri Oct 31 11:47:28 IST 2025, 228 W
Fri Oct 31 11:47:28 IST 2025, 227 W
Fri Oct 31 11:47:29 IST 2025, 339 W
Fri Oct 31 11:47:29 IST 2025, 359 W
Fri Oct 31 11:47:29 IST 2025, 339 W
Fri Oct 31 11:47:29 IST 2025, 333 W
Fri Oct 31 11:47:30 IST 2025, 340 W
Fri Oct 31 11:47:30 IST 2025, 368 W
Fri Oct 31 11:47:30 IST 2025, 340 W
Fri Oct 31 11:47:30 IST 2025, 342 W
Fri Oct 31 11:47:31 IST 2025, 339 W
Fri Oct 31 11:47:31 IST 2025, 370 W
Fri Oct 31 11:47:31 IST 2025, 340 W
Fri Oct 31 11:47:31 IST 2025, 336 W
Fri Oct 31 11:47:32 IST 2025, 336 W
Fri Oct 31 11:47:32 IST 2025, 366 W
Fri Oct 31 11:47:32 IST 2025, 338 W
Fri Oct 31 11:47:32 IST 2025, 334 W
Fri Oct 31 11:47:33 IST 2025, 340 W
Fri Oct 31 11:47:33 IST 2025, 362 W
Fri Oct 31 11:47:33 IST 2025, 337 W
Fri Oct 31 11:47:33 IST 2025, 333 W
Fri Oct 31 11:47:34 IST 2025, 339 W
Fri Oct 31 11:47:34 IST 2025, 354 W
Fri Oct 31 11:47:34 IST 2025, 342 W
Fri Oct 31 11:47:34 IST 2025, 329 W
Fri Oct 31 11:47:35 IST 2025, 342 W
Fri Oct 31 11:47:35 IST 2025, 362 W
Fri Oct 31 11:47:35 IST 2025, 338 W
Fri Oct 31 11:47:35 IST 2025, 333 W
Fri Oct 31 11:47:36 IST 2025, 336 W
Fri Oct 31 11:47:36 IST 2025, 363 W
Fri Oct 31 11:47:36 IST 2025, 341 W
Fri Oct 31 11:47:36 IST 2025, 332 W
Fri Oct 31 11:47:37 IST 2025, 339 W
Fri Oct 31 11:47:37 IST 2025, 349 W
Fri Oct 31 11:47:37 IST 2025, 334 W
Fri Oct 31 11:47:37 IST 2025, 323 W
Fri Oct 31 11:47:38 IST 2025, 336 W
Fri Oct 31 11:47:38 IST 2025, 367 W
Fri Oct 31 11:47:38 IST 2025, 342 W
Fri Oct 31 11:47:38 IST 2025, 335 W
Fri Oct 31 11:47:39 IST 2025, 339 W
Fri Oct 31 11:47:39 IST 2025, 351 W
Fri Oct 31 11:47:39 IST 2025, 342 W
Fri Oct 31 11:47:39 IST 2025, 328 W
Fri Oct 31 11:47:40 IST 2025, 229 W
Fri Oct 31 11:47:40 IST 2025, 230 W
Fri Oct 31 11:47:40 IST 2025, 229 W
Fri Oct 31 11:47:40 IST 2025, 227 W
Fri Oct 31 11:47:41 IST 2025, 228 W
Fri Oct 31 11:47:41 IST 2025, 230 W
Fri Oct 31 11:47:41 IST 2025, 229 W
Fri Oct 31 11:47:41 IST 2025, 227 W
Fri Oct 31 11:47:42 IST 2025, 228 W
Fri Oct 31 11:47:42 IST 2025, 229 W
Fri Oct 31 11:47:42 IST 2025, 228 W
Fri Oct 31 11:47:42 IST 2025, 227 W
Fri Oct 31 11:47:43 IST 2025, 272 W
Fri Oct 31 11:47:43 IST 2025, 279 W
Fri Oct 31 11:47:43 IST 2025, 297 W
Fri Oct 31 11:47:43 IST 2025, 266 W
Fri Oct 31 11:47:44 IST 2025, 340 W
Fri Oct 31 11:47:44 IST 2025, 396 W
Fri Oct 31 11:47:44 IST 2025, 361 W
Fri Oct 31 11:47:44 IST 2025, 360 W
Fri Oct 31 11:47:45 IST 2025, 336 W
Fri Oct 31 11:47:45 IST 2025, 392 W
Fri Oct 31 11:47:45 IST 2025, 364 W
Fri Oct 31 11:47:45 IST 2025, 357 W
Fri Oct 31 11:47:46 IST 2025, 333 W
Fri Oct 31 11:47:46 IST 2025, 390 W
Fri Oct 31 11:47:46 IST 2025, 360 W
Fri Oct 31 11:47:46 IST 2025, 358 W
Fri Oct 31 11:47:47 IST 2025, 332 W
Fri Oct 31 11:47:47 IST 2025, 392 W
Fri Oct 31 11:47:47 IST 2025, 351 W
Fri Oct 31 11:47:47 IST 2025, 356 W
Fri Oct 31 11:47:48 IST 2025, 345 W
Fri Oct 31 11:47:48 IST 2025, 377 W
Fri Oct 31 11:47:48 IST 2025, 348 W
Fri Oct 31 11:47:48 IST 2025, 341 W
Fri Oct 31 11:47:49 IST 2025, 335 W
Fri Oct 31 11:47:49 IST 2025, 365 W
Fri Oct 31 11:47:49 IST 2025, 304 W
Fri Oct 31 11:47:49 IST 2025, 337 W
Fri Oct 31 11:47:50 IST 2025, 346 W
Fri Oct 31 11:47:50 IST 2025, 371 W
Fri Oct 31 11:47:50 IST 2025, 348 W
Fri Oct 31 11:47:50 IST 2025, 344 W
Fri Oct 31 11:47:51 IST 2025, 345 W
Fri Oct 31 11:47:51 IST 2025, 374 W
Fri Oct 31 11:47:51 IST 2025, 348 W
Fri Oct 31 11:47:51 IST 2025, 335 W
Fri Oct 31 11:47:52 IST 2025, 343 W
Fri Oct 31 11:47:52 IST 2025, 373 W
Fri Oct 31 11:47:52 IST 2025, 338 W
Fri Oct 31 11:47:52 IST 2025, 337 W
Fri Oct 31 11:47:53 IST 2025, 346 W
Fri Oct 31 11:47:53 IST 2025, 379 W
Fri Oct 31 11:47:53 IST 2025, 338 W
Fri Oct 31 11:47:53 IST 2025, 340 W
Fri Oct 31 11:47:54 IST 2025, 342 W
Fri Oct 31 11:47:54 IST 2025, 353 W
Fri Oct 31 11:47:54 IST 2025, 326 W
Fri Oct 31 11:47:54 IST 2025, 336 W
Fri Oct 31 11:47:55 IST 2025, 228 W
Fri Oct 31 11:47:55 IST 2025, 230 W
Fri Oct 31 11:47:55 IST 2025, 229 W
Fri Oct 31 11:47:55 IST 2025, 227 W
Fri Oct 31 11:47:56 IST 2025, 228 W
Fri Oct 31 11:47:56 IST 2025, 230 W
Fri Oct 31 11:47:56 IST 2025, 228 W
Fri Oct 31 11:47:56 IST 2025, 227 W
Fri Oct 31 11:47:57 IST 2025, 228 W
Fri Oct 31 11:47:57 IST 2025, 231 W
Fri Oct 31 11:47:57 IST 2025, 228 W
Fri Oct 31 11:47:57 IST 2025, 227 W
Fri Oct 31 11:47:58 IST 2025, 346 W
Fri Oct 31 11:47:58 IST 2025, 383 W
Fri Oct 31 11:47:58 IST 2025, 352 W
Fri Oct 31 11:47:58 IST 2025, 330 W
Fri Oct 31 11:47:59 IST 2025, 350 W
Fri Oct 31 11:47:59 IST 2025, 377 W
Fri Oct 31 11:47:59 IST 2025, 325 W
Fri Oct 31 11:47:59 IST 2025, 348 W
Fri Oct 31 11:48:00 IST 2025, 342 W
Fri Oct 31 11:48:00 IST 2025, 361 W
Fri Oct 31 11:48:00 IST 2025, 336 W
Fri Oct 31 11:48:00 IST 2025, 337 W
Fri Oct 31 11:48:01 IST 2025, 340 W
Fri Oct 31 11:48:01 IST 2025, 358 W
Fri Oct 31 11:48:01 IST 2025, 334 W
Fri Oct 31 11:48:01 IST 2025, 338 W
Fri Oct 31 11:48:02 IST 2025, 348 W
Fri Oct 31 11:48:02 IST 2025, 383 W
Fri Oct 31 11:48:02 IST 2025, 351 W
Fri Oct 31 11:48:02 IST 2025, 323 W
Fri Oct 31 11:48:03 IST 2025, 349 W
Fri Oct 31 11:48:03 IST 2025, 382 W
Fri Oct 31 11:48:03 IST 2025, 352 W
Fri Oct 31 11:48:03 IST 2025, 326 W
Fri Oct 31 11:48:04 IST 2025, 335 W
Fri Oct 31 11:48:04 IST 2025, 361 W
Fri Oct 31 11:48:04 IST 2025, 337 W
Fri Oct 31 11:48:04 IST 2025, 332 W
Fri Oct 31 11:48:05 IST 2025, 342 W
Fri Oct 31 11:48:05 IST 2025, 362 W
Fri Oct 31 11:48:05 IST 2025, 334 W
Fri Oct 31 11:48:05 IST 2025, 339 W
Fri Oct 31 11:48:06 IST 2025, 334 W
Fri Oct 31 11:48:06 IST 2025, 366 W
Fri Oct 31 11:48:06 IST 2025, 346 W
Fri Oct 31 11:48:06 IST 2025, 334 W
Fri Oct 31 11:48:07 IST 2025, 340 W
Fri Oct 31 11:48:07 IST 2025, 376 W
Fri Oct 31 11:48:07 IST 2025, 343 W
Fri Oct 31 11:48:07 IST 2025, 342 W
Fri Oct 31 11:48:08 IST 2025, 330 W
Fri Oct 31 11:48:08 IST 2025, 342 W
Fri Oct 31 11:48:08 IST 2025, 335 W
Fri Oct 31 11:48:08 IST 2025, 327 W
Fri Oct 31 11:48:09 IST 2025, 341 W
Fri Oct 31 11:48:09 IST 2025, 341 W
Fri Oct 31 11:48:09 IST 2025, 337 W
Fri Oct 31 11:48:09 IST 2025, 339 W
Fri Oct 31 11:48:10 IST 2025, 228 W
Fri Oct 31 11:48:10 IST 2025, 229 W
Fri Oct 31 11:48:10 IST 2025, 229 W
Fri Oct 31 11:48:10 IST 2025, 227 W
Fri Oct 31 11:48:11 IST 2025, 228 W
Fri Oct 31 11:48:11 IST 2025, 230 W
Fri Oct 31 11:48:11 IST 2025, 228 W
Fri Oct 31 11:48:11 IST 2025, 227 W
Fri Oct 31 11:48:12 IST 2025, 228 W
Fri Oct 31 11:48:12 IST 2025, 229 W
Fri Oct 31 11:48:12 IST 2025, 228 W
Fri Oct 31 11:48:12 IST 2025, 227 W
Fri Oct 31 11:48:13 IST 2025, 358 W
Fri Oct 31 11:48:13 IST 2025, 381 W
Fri Oct 31 11:48:13 IST 2025, 326 W
Fri Oct 31 11:48:13 IST 2025, 356 W
Fri Oct 31 11:48:14 IST 2025, 343 W
Fri Oct 31 11:48:14 IST 2025, 377 W
Fri Oct 31 11:48:14 IST 2025, 337 W
Fri Oct 31 11:48:14 IST 2025, 339 W
Fri Oct 31 11:48:15 IST 2025, 355 W
Fri Oct 31 11:48:15 IST 2025, 388 W
Fri Oct 31 11:48:15 IST 2025, 353 W
Fri Oct 31 11:48:15 IST 2025, 337 W
Fri Oct 31 11:48:16 IST 2025, 359 W
Fri Oct 31 11:48:16 IST 2025, 383 W
Fri Oct 31 11:48:16 IST 2025, 349 W
Fri Oct 31 11:48:16 IST 2025, 328 W
Fri Oct 31 11:48:17 IST 2025, 349 W
Fri Oct 31 11:48:17 IST 2025, 377 W
Fri Oct 31 11:48:17 IST 2025, 352 W
Fri Oct 31 11:48:17 IST 2025, 321 W
Fri Oct 31 11:48:18 IST 2025, 352 W
Fri Oct 31 11:48:18 IST 2025, 383 W
Fri Oct 31 11:48:18 IST 2025, 359 W
Fri Oct 31 11:48:18 IST 2025, 323 W
Fri Oct 31 11:48:19 IST 2025, 352 W
Fri Oct 31 11:48:19 IST 2025, 381 W
Fri Oct 31 11:48:19 IST 2025, 348 W
Fri Oct 31 11:48:19 IST 2025, 326 W
Fri Oct 31 11:48:20 IST 2025, 332 W
Fri Oct 31 11:48:20 IST 2025, 306 W
Fri Oct 31 11:48:20 IST 2025, 335 W
Fri Oct 31 11:48:20 IST 2025, 329 W
Fri Oct 31 11:48:21 IST 2025, 337 W
Fri Oct 31 11:48:21 IST 2025, 359 W
Fri Oct 31 11:48:21 IST 2025, 340 W
Fri Oct 31 11:48:21 IST 2025, 333 W
Fri Oct 31 11:48:22 IST 2025, 334 W
Fri Oct 31 11:48:22 IST 2025, 361 W
Fri Oct 31 11:48:22 IST 2025, 342 W
Fri Oct 31 11:48:22 IST 2025, 332 W
Fri Oct 31 11:48:23 IST 2025, 337 W
Fri Oct 31 11:48:23 IST 2025, 359 W
Fri Oct 31 11:48:23 IST 2025, 340 W
Fri Oct 31 11:48:23 IST 2025, 336 W
Fri Oct 31 11:48:24 IST 2025, 337 W
Fri Oct 31 11:48:24 IST 2025, 367 W
Fri Oct 31 11:48:24 IST 2025, 340 W
Fri Oct 31 11:48:24 IST 2025, 335 W
Fri Oct 31 11:48:25 IST 2025, 229 W
Fri Oct 31 11:48:25 IST 2025, 231 W
Fri Oct 31 11:48:25 IST 2025, 229 W
Fri Oct 31 11:48:25 IST 2025, 228 W
Fri Oct 31 11:48:26 IST 2025, 228 W
Fri Oct 31 11:48:26 IST 2025, 230 W
Fri Oct 31 11:48:26 IST 2025, 228 W
Fri Oct 31 11:48:26 IST 2025, 227 W
Fri Oct 31 11:48:27 IST 2025, 228 W
Fri Oct 31 11:48:27 IST 2025, 229 W
Fri Oct 31 11:48:27 IST 2025, 228 W
Fri Oct 31 11:48:27 IST 2025, 227 W
Fri Oct 31 11:48:28 IST 2025, 228 W
Fri Oct 31 11:48:28 IST 2025, 229 W
Fri Oct 31 11:48:28 IST 2025, 228 W
Fri Oct 31 11:48:28 IST 2025, 227 W
Fri Oct 31 11:48:29 IST 2025, 343 W
Fri Oct 31 11:48:29 IST 2025, 367 W
Fri Oct 31 11:48:29 IST 2025, 340 W
Fri Oct 31 11:48:29 IST 2025, 340 W
Fri Oct 31 11:48:30 IST 2025, 334 W
Fri Oct 31 11:48:30 IST 2025, 365 W
Fri Oct 31 11:48:30 IST 2025, 330 W
Fri Oct 31 11:48:30 IST 2025, 333 W
Fri Oct 31 11:48:31 IST 2025, 340 W
Fri Oct 31 11:48:31 IST 2025, 363 W
Fri Oct 31 11:48:31 IST 2025, 337 W
Fri Oct 31 11:48:31 IST 2025, 336 W
Fri Oct 31 11:48:32 IST 2025, 339 W
Fri Oct 31 11:48:32 IST 2025, 365 W
Fri Oct 31 11:48:32 IST 2025, 345 W
Fri Oct 31 11:48:32 IST 2025, 339 W
Fri Oct 31 11:48:33 IST 2025, 340 W
Fri Oct 31 11:48:33 IST 2025, 360 W
Fri Oct 31 11:48:33 IST 2025, 339 W
Fri Oct 31 11:48:33 IST 2025, 338 W
Fri Oct 31 11:48:34 IST 2025, 337 W
Fri Oct 31 11:48:34 IST 2025, 366 W
Fri Oct 31 11:48:34 IST 2025, 343 W
Fri Oct 31 11:48:34 IST 2025, 336 W
Fri Oct 31 11:48:35 IST 2025, 333 W
Fri Oct 31 11:48:35 IST 2025, 358 W
Fri Oct 31 11:48:35 IST 2025, 338 W
Fri Oct 31 11:48:35 IST 2025, 331 W
Fri Oct 31 11:48:36 IST 2025, 336 W
Fri Oct 31 11:48:36 IST 2025, 364 W
Fri Oct 31 11:48:36 IST 2025, 345 W
Fri Oct 31 11:48:36 IST 2025, 333 W
Fri Oct 31 11:48:37 IST 2025, 338 W
Fri Oct 31 11:48:37 IST 2025, 364 W
Fri Oct 31 11:48:37 IST 2025, 338 W
Fri Oct 31 11:48:37 IST 2025, 336 W
Fri Oct 31 11:48:38 IST 2025, 342 W
Fri Oct 31 11:48:38 IST 2025, 363 W
Fri Oct 31 11:48:38 IST 2025, 340 W
Fri Oct 31 11:48:38 IST 2025, 338 W
Fri Oct 31 11:48:39 IST 2025, 343 W
Fri Oct 31 11:48:39 IST 2025, 359 W
Fri Oct 31 11:48:39 IST 2025, 337 W
Fri Oct 31 11:48:39 IST 2025, 339 W
Fri Oct 31 11:48:40 IST 2025, 229 W
Fri Oct 31 11:48:40 IST 2025, 231 W
Fri Oct 31 11:48:40 IST 2025, 229 W
Fri Oct 31 11:48:40 IST 2025, 227 W
Fri Oct 31 11:48:41 IST 2025, 229 W
Fri Oct 31 11:48:41 IST 2025, 230 W
Fri Oct 31 11:48:41 IST 2025, 229 W
Fri Oct 31 11:48:41 IST 2025, 226 W
Fri Oct 31 11:48:42 IST 2025, 228 W
Fri Oct 31 11:48:42 IST 2025, 230 W
Fri Oct 31 11:48:42 IST 2025, 228 W
Fri Oct 31 11:48:42 IST 2025, 227 W
Fri Oct 31 11:48:43 IST 2025, 228 W
Fri Oct 31 11:48:43 IST 2025, 229 W
Fri Oct 31 11:48:43 IST 2025, 228 W
Fri Oct 31 11:48:43 IST 2025, 227 W
Fri Oct 31 11:48:44 IST 2025, 346 W
Fri Oct 31 11:48:44 IST 2025, 366 W
Fri Oct 31 11:48:44 IST 2025, 336 W
Fri Oct 31 11:48:44 IST 2025, 344 W
Fri Oct 31 11:48:45 IST 2025, 354 W
Fri Oct 31 11:48:45 IST 2025, 383 W
Fri Oct 31 11:48:45 IST 2025, 333 W
Fri Oct 31 11:48:45 IST 2025, 351 W
Fri Oct 31 11:48:46 IST 2025, 326 W
Fri Oct 31 11:48:46 IST 2025, 372 W
Fri Oct 31 11:48:46 IST 2025, 343 W
Fri Oct 31 11:48:46 IST 2025, 341 W
Fri Oct 31 11:48:47 IST 2025, 340 W
Fri Oct 31 11:48:47 IST 2025, 353 W
Fri Oct 31 11:48:47 IST 2025, 335 W
Fri Oct 31 11:48:47 IST 2025, 328 W
Fri Oct 31 11:48:48 IST 2025, 338 W
Fri Oct 31 11:48:48 IST 2025, 364 W
Fri Oct 31 11:48:48 IST 2025, 336 W
Fri Oct 31 11:48:48 IST 2025, 338 W
Fri Oct 31 11:48:49 IST 2025, 342 W
Fri Oct 31 11:48:49 IST 2025, 362 W
Fri Oct 31 11:48:49 IST 2025, 338 W
Fri Oct 31 11:48:49 IST 2025, 340 W
Fri Oct 31 11:48:50 IST 2025, 342 W
Fri Oct 31 11:48:50 IST 2025, 363 W
Fri Oct 31 11:48:50 IST 2025, 339 W
Fri Oct 31 11:48:50 IST 2025, 340 W
Fri Oct 31 11:48:51 IST 2025, 338 W
Fri Oct 31 11:48:51 IST 2025, 368 W
Fri Oct 31 11:48:51 IST 2025, 343 W
Fri Oct 31 11:48:51 IST 2025, 335 W
Fri Oct 31 11:48:52 IST 2025, 336 W
Fri Oct 31 11:48:52 IST 2025, 367 W
Fri Oct 31 11:48:52 IST 2025, 343 W
Fri Oct 31 11:48:52 IST 2025, 335 W
Fri Oct 31 11:48:53 IST 2025, 337 W
Fri Oct 31 11:48:53 IST 2025, 365 W
Fri Oct 31 11:48:53 IST 2025, 346 W
Fri Oct 31 11:48:53 IST 2025, 333 W
Fri Oct 31 11:48:54 IST 2025, 341 W
Fri Oct 31 11:48:54 IST 2025, 358 W
Fri Oct 31 11:48:54 IST 2025, 334 W
Fri Oct 31 11:48:54 IST 2025, 341 W
Fri Oct 31 11:48:55 IST 2025, 274 W
Fri Oct 31 11:48:55 IST 2025, 276 W
Fri Oct 31 11:48:55 IST 2025, 256 W
Fri Oct 31 11:48:55 IST 2025, 272 W
Fri Oct 31 11:48:56 IST 2025, 229 W
Fri Oct 31 11:48:56 IST 2025, 230 W
Fri Oct 31 11:48:56 IST 2025, 229 W
Fri Oct 31 11:48:56 IST 2025, 227 W
Fri Oct 31 11:48:57 IST 2025, 229 W
Fri Oct 31 11:48:57 IST 2025, 229 W
Fri Oct 31 11:48:57 IST 2025, 229 W
Fri Oct 31 11:48:57 IST 2025, 227 W
Fri Oct 31 11:48:58 IST 2025, 229 W
Fri Oct 31 11:48:58 IST 2025, 230 W
Fri Oct 31 11:48:58 IST 2025, 227 W
Fri Oct 31 11:48:58 IST 2025, 227 W
Fri Oct 31 11:48:59 IST 2025, 342 W
Fri Oct 31 11:48:59 IST 2025, 374 W
Fri Oct 31 11:48:59 IST 2025, 367 W
Fri Oct 31 11:48:59 IST 2025, 343 W
Fri Oct 31 11:49:00 IST 2025, 378 W
Fri Oct 31 11:49:00 IST 2025, 398 W
Fri Oct 31 11:49:00 IST 2025, 338 W
Fri Oct 31 11:49:00 IST 2025, 373 W
Fri Oct 31 11:49:01 IST 2025, 378 W
Fri Oct 31 11:49:01 IST 2025, 399 W
Fri Oct 31 11:49:01 IST 2025, 337 W
Fri Oct 31 11:49:01 IST 2025, 372 W
Fri Oct 31 11:49:02 IST 2025, 377 W
Fri Oct 31 11:49:02 IST 2025, 398 W
Fri Oct 31 11:49:02 IST 2025, 342 W
Fri Oct 31 11:49:02 IST 2025, 375 W
Fri Oct 31 11:49:03 IST 2025, 347 W
Fri Oct 31 11:49:03 IST 2025, 369 W
Fri Oct 31 11:49:03 IST 2025, 343 W
Fri Oct 31 11:49:03 IST 2025, 349 W
Fri Oct 31 11:49:04 IST 2025, 334 W
Fri Oct 31 11:49:04 IST 2025, 365 W
Fri Oct 31 11:49:04 IST 2025, 344 W
Fri Oct 31 11:49:04 IST 2025, 332 W
Fri Oct 31 11:49:05 IST 2025, 340 W
Fri Oct 31 11:49:05 IST 2025, 363 W
Fri Oct 31 11:49:05 IST 2025, 339 W
Fri Oct 31 11:49:05 IST 2025, 339 W
Fri Oct 31 11:49:06 IST 2025, 339 W
Fri Oct 31 11:49:06 IST 2025, 369 W
Fri Oct 31 11:49:06 IST 2025, 348 W
Fri Oct 31 11:49:06 IST 2025, 331 W
Fri Oct 31 11:49:07 IST 2025, 343 W
Fri Oct 31 11:49:07 IST 2025, 361 W
Fri Oct 31 11:49:07 IST 2025, 340 W
Fri Oct 31 11:49:07 IST 2025, 341 W
Fri Oct 31 11:49:08 IST 2025, 330 W
Fri Oct 31 11:49:08 IST 2025, 357 W
Fri Oct 31 11:49:08 IST 2025, 338 W
Fri Oct 31 11:49:08 IST 2025, 331 W
Fri Oct 31 11:49:09 IST 2025, 338 W
Fri Oct 31 11:49:09 IST 2025, 355 W
Fri Oct 31 11:49:09 IST 2025, 346 W
Fri Oct 31 11:49:09 IST 2025, 334 W
Fri Oct 31 11:49:10 IST 2025, 337 W
Fri Oct 31 11:49:10 IST 2025, 355 W
Fri Oct 31 11:49:10 IST 2025, 334 W
Fri Oct 31 11:49:10 IST 2025, 343 W
Fri Oct 31 11:49:11 IST 2025, 229 W
Fri Oct 31 11:49:11 IST 2025, 229 W
Fri Oct 31 11:49:11 IST 2025, 229 W
Fri Oct 31 11:49:11 IST 2025, 228 W
Fri Oct 31 11:49:12 IST 2025, 229 W
Fri Oct 31 11:49:12 IST 2025, 229 W
Fri Oct 31 11:49:12 IST 2025, 228 W
Fri Oct 31 11:49:12 IST 2025, 227 W
Fri Oct 31 11:49:13 IST 2025, 229 W
Fri Oct 31 11:49:13 IST 2025, 229 W
Fri Oct 31 11:49:13 IST 2025, 229 W
Fri Oct 31 11:49:13 IST 2025, 227 W
Fri Oct 31 11:49:14 IST 2025, 258 W
Fri Oct 31 11:49:14 IST 2025, 254 W
Fri Oct 31 11:49:14 IST 2025, 230 W
Fri Oct 31 11:49:14 IST 2025, 256 W
Fri Oct 31 11:49:15 IST 2025, 339 W
Fri Oct 31 11:49:15 IST 2025, 364 W
Fri Oct 31 11:49:15 IST 2025, 341 W
Fri Oct 31 11:49:15 IST 2025, 336 W
Fri Oct 31 11:49:16 IST 2025, 343 W
Fri Oct 31 11:49:16 IST 2025, 366 W
Fri Oct 31 11:49:16 IST 2025, 332 W
Fri Oct 31 11:49:16 IST 2025, 311 W
Fri Oct 31 11:49:17 IST 2025, 339 W
Fri Oct 31 11:49:17 IST 2025, 361 W
Fri Oct 31 11:49:17 IST 2025, 321 W
Fri Oct 31 11:49:17 IST 2025, 337 W
Fri Oct 31 11:49:18 IST 2025, 340 W
Fri Oct 31 11:49:18 IST 2025, 353 W
Fri Oct 31 11:49:18 IST 2025, 337 W
Fri Oct 31 11:49:18 IST 2025, 335 W
Fri Oct 31 11:49:19 IST 2025, 333 W
Fri Oct 31 11:49:19 IST 2025, 367 W
Fri Oct 31 11:49:19 IST 2025, 342 W
Fri Oct 31 11:49:19 IST 2025, 335 W
Fri Oct 31 11:49:20 IST 2025, 343 W
Fri Oct 31 11:49:20 IST 2025, 362 W
Fri Oct 31 11:49:20 IST 2025, 338 W
Fri Oct 31 11:49:20 IST 2025, 343 W
Fri Oct 31 11:49:21 IST 2025, 338 W
Fri Oct 31 11:49:21 IST 2025, 360 W
Fri Oct 31 11:49:21 IST 2025, 341 W
Fri Oct 31 11:49:21 IST 2025, 334 W
Fri Oct 31 11:49:22 IST 2025, 338 W
Fri Oct 31 11:49:22 IST 2025, 360 W
Fri Oct 31 11:49:22 IST 2025, 335 W
Fri Oct 31 11:49:22 IST 2025, 339 W
Fri Oct 31 11:49:23 IST 2025, 340 W
Fri Oct 31 11:49:23 IST 2025, 364 W
Fri Oct 31 11:49:23 IST 2025, 347 W
Fri Oct 31 11:49:23 IST 2025, 327 W
Fri Oct 31 11:49:24 IST 2025, 339 W
Fri Oct 31 11:49:24 IST 2025, 366 W
Fri Oct 31 11:49:24 IST 2025, 338 W
Fri Oct 31 11:49:24 IST 2025, 333 W
Fri Oct 31 11:49:25 IST 2025, 335 W
Fri Oct 31 11:49:25 IST 2025, 357 W
Fri Oct 31 11:49:25 IST 2025, 336 W
Fri Oct 31 11:49:25 IST 2025, 339 W
Fri Oct 31 11:49:26 IST 2025, 229 W
Fri Oct 31 11:49:26 IST 2025, 231 W
Fri Oct 31 11:49:26 IST 2025, 229 W
Fri Oct 31 11:49:26 IST 2025, 230 W
Fri Oct 31 11:49:27 IST 2025, 229 W
Fri Oct 31 11:49:27 IST 2025, 229 W
Fri Oct 31 11:49:27 IST 2025, 228 W
Fri Oct 31 11:49:27 IST 2025, 227 W
Fri Oct 31 11:49:28 IST 2025, 227 W
Fri Oct 31 11:49:28 IST 2025, 230 W
Fri Oct 31 11:49:28 IST 2025, 228 W
Fri Oct 31 11:49:28 IST 2025, 227 W
Fri Oct 31 11:49:29 IST 2025, 228 W
Fri Oct 31 11:49:29 IST 2025, 230 W
Fri Oct 31 11:49:29 IST 2025, 229 W
Fri Oct 31 11:49:29 IST 2025, 227 W
Fri Oct 31 11:49:30 IST 2025, 336 W
Fri Oct 31 11:49:30 IST 2025, 369 W
Fri Oct 31 11:49:30 IST 2025, 338 W
Fri Oct 31 11:49:30 IST 2025, 334 W
Fri Oct 31 11:49:31 IST 2025, 345 W
Fri Oct 31 11:49:31 IST 2025, 363 W
Fri Oct 31 11:49:31 IST 2025, 342 W
Fri Oct 31 11:49:31 IST 2025, 344 W
Fri Oct 31 11:49:32 IST 2025, 337 W
Fri Oct 31 11:49:32 IST 2025, 353 W
Fri Oct 31 11:49:32 IST 2025, 346 W
Fri Oct 31 11:49:32 IST 2025, 337 W
Fri Oct 31 11:49:33 IST 2025, 337 W
Fri Oct 31 11:49:33 IST 2025, 352 W
Fri Oct 31 11:49:33 IST 2025, 340 W
Fri Oct 31 11:49:33 IST 2025, 336 W
Fri Oct 31 11:49:34 IST 2025, 338 W
Fri Oct 31 11:49:34 IST 2025, 351 W
Fri Oct 31 11:49:34 IST 2025, 339 W
Fri Oct 31 11:49:34 IST 2025, 333 W
Fri Oct 31 11:49:35 IST 2025, 340 W
Fri Oct 31 11:49:35 IST 2025, 368 W
Fri Oct 31 11:49:35 IST 2025, 343 W
Fri Oct 31 11:49:35 IST 2025, 337 W
Fri Oct 31 11:49:36 IST 2025, 344 W
Fri Oct 31 11:49:36 IST 2025, 364 W
Fri Oct 31 11:49:36 IST 2025, 339 W
Fri Oct 31 11:49:36 IST 2025, 342 W
Fri Oct 31 11:49:37 IST 2025, 334 W
Fri Oct 31 11:49:37 IST 2025, 370 W
Fri Oct 31 11:49:37 IST 2025, 346 W
Fri Oct 31 11:49:37 IST 2025, 334 W
Fri Oct 31 11:49:38 IST 2025, 342 W
Fri Oct 31 11:49:38 IST 2025, 370 W
Fri Oct 31 11:49:38 IST 2025, 344 W
Fri Oct 31 11:49:38 IST 2025, 340 W
Fri Oct 31 11:49:39 IST 2025, 336 W
Fri Oct 31 11:49:39 IST 2025, 369 W
Fri Oct 31 11:49:39 IST 2025, 342 W
Fri Oct 31 11:49:39 IST 2025, 343 W
Fri Oct 31 11:49:40 IST 2025, 351 W
Fri Oct 31 11:49:40 IST 2025, 379 W
Fri Oct 31 11:49:40 IST 2025, 336 W
Fri Oct 31 11:49:40 IST 2025, 351 W
Fri Oct 31 11:49:41 IST 2025, 229 W
Fri Oct 31 11:49:41 IST 2025, 230 W
Fri Oct 31 11:49:41 IST 2025, 229 W
Fri Oct 31 11:49:41 IST 2025, 227 W
Fri Oct 31 11:49:42 IST 2025, 228 W
Fri Oct 31 11:49:42 IST 2025, 229 W
Fri Oct 31 11:49:42 IST 2025, 229 W
Fri Oct 31 11:49:42 IST 2025, 227 W
Fri Oct 31 11:49:43 IST 2025, 227 W
Fri Oct 31 11:49:43 IST 2025, 229 W
Fri Oct 31 11:49:43 IST 2025, 229 W
Fri Oct 31 11:49:43 IST 2025, 227 W
Fri Oct 31 11:49:44 IST 2025, 264 W
Fri Oct 31 11:49:44 IST 2025, 282 W
Fri Oct 31 11:49:44 IST 2025, 274 W
Fri Oct 31 11:49:44 IST 2025, 260 W
Fri Oct 31 11:49:45 IST 2025, 342 W
Fri Oct 31 11:49:45 IST 2025, 366 W
Fri Oct 31 11:49:45 IST 2025, 346 W
Fri Oct 31 11:49:45 IST 2025, 344 W
Fri Oct 31 11:49:46 IST 2025, 341 W
Fri Oct 31 11:49:46 IST 2025, 368 W
Fri Oct 31 11:49:46 IST 2025, 345 W
Fri Oct 31 11:49:46 IST 2025, 337 W
Fri Oct 31 11:49:47 IST 2025, 369 W
Fri Oct 31 11:49:47 IST 2025, 394 W
Fri Oct 31 11:49:47 IST 2025, 329 W
Fri Oct 31 11:49:47 IST 2025, 365 W
Fri Oct 31 11:49:48 IST 2025, 360 W
Fri Oct 31 11:49:48 IST 2025, 396 W
Fri Oct 31 11:49:48 IST 2025, 328 W
Fri Oct 31 11:49:48 IST 2025, 358 W
Fri Oct 31 11:49:49 IST 2025, 341 W
Fri Oct 31 11:49:49 IST 2025, 361 W
Fri Oct 31 11:49:49 IST 2025, 336 W
Fri Oct 31 11:49:49 IST 2025, 339 W
Fri Oct 31 11:49:50 IST 2025, 334 W
Fri Oct 31 11:49:50 IST 2025, 340 W
Fri Oct 31 11:49:50 IST 2025, 336 W
Fri Oct 31 11:49:50 IST 2025, 328 W
Fri Oct 31 11:49:51 IST 2025, 341 W
Fri Oct 31 11:49:51 IST 2025, 350 W
Fri Oct 31 11:49:51 IST 2025, 339 W
Fri Oct 31 11:49:51 IST 2025, 343 W
Fri Oct 31 11:49:52 IST 2025, 355 W
Fri Oct 31 11:49:52 IST 2025, 379 W
Fri Oct 31 11:49:52 IST 2025, 348 W
Fri Oct 31 11:49:52 IST 2025, 347 W
Fri Oct 31 11:49:53 IST 2025, 343 W
Fri Oct 31 11:49:53 IST 2025, 378 W
Fri Oct 31 11:49:53 IST 2025, 347 W
Fri Oct 31 11:49:53 IST 2025, 346 W
Fri Oct 31 11:49:54 IST 2025, 345 W
Fri Oct 31 11:49:54 IST 2025, 377 W
Fri Oct 31 11:49:54 IST 2025, 344 W
Fri Oct 31 11:49:54 IST 2025, 338 W
Fri Oct 31 11:49:55 IST 2025, 348 W
Fri Oct 31 11:49:55 IST 2025, 372 W
Fri Oct 31 11:49:55 IST 2025, 338 W
Fri Oct 31 11:49:55 IST 2025, 343 W
Fri Oct 31 11:49:56 IST 2025, 228 W
Fri Oct 31 11:49:56 IST 2025, 230 W
Fri Oct 31 11:49:56 IST 2025, 229 W
Fri Oct 31 11:49:56 IST 2025, 227 W
Fri Oct 31 11:49:57 IST 2025, 228 W
Fri Oct 31 11:49:57 IST 2025, 230 W
Fri Oct 31 11:49:57 IST 2025, 229 W
Fri Oct 31 11:49:57 IST 2025, 227 W
Fri Oct 31 11:49:58 IST 2025, 228 W
Fri Oct 31 11:49:58 IST 2025, 230 W
Fri Oct 31 11:49:58 IST 2025, 227 W
Fri Oct 31 11:49:58 IST 2025, 227 W
Fri Oct 31 11:49:59 IST 2025, 228 W
Fri Oct 31 11:49:59 IST 2025, 229 W
Fri Oct 31 11:49:59 IST 2025, 228 W
Fri Oct 31 11:49:59 IST 2025, 226 W
Fri Oct 31 11:50:00 IST 2025, 348 W
Fri Oct 31 11:50:00 IST 2025, 376 W
Fri Oct 31 11:50:00 IST 2025, 345 W
Fri Oct 31 11:50:00 IST 2025, 345 W
Fri Oct 31 11:50:01 IST 2025, 345 W
Fri Oct 31 11:50:01 IST 2025, 350 W
Fri Oct 31 11:50:01 IST 2025, 335 W
Fri Oct 31 11:50:01 IST 2025, 337 W
Fri Oct 31 11:50:02 IST 2025, 359 W
Fri Oct 31 11:50:02 IST 2025, 378 W
Fri Oct 31 11:50:02 IST 2025, 344 W
Fri Oct 31 11:50:02 IST 2025, 319 W
Fri Oct 31 11:50:03 IST 2025, 349 W
Fri Oct 31 11:50:03 IST 2025, 386 W
Fri Oct 31 11:50:03 IST 2025, 337 W
Fri Oct 31 11:50:03 IST 2025, 352 W
Fri Oct 31 11:50:04 IST 2025, 347 W
Fri Oct 31 11:50:04 IST 2025, 381 W
Fri Oct 31 11:50:04 IST 2025, 348 W
Fri Oct 31 11:50:04 IST 2025, 346 W
Fri Oct 31 11:50:05 IST 2025, 331 W
Fri Oct 31 11:50:05 IST 2025, 375 W
Fri Oct 31 11:50:05 IST 2025, 354 W
Fri Oct 31 11:50:05 IST 2025, 341 W
Fri Oct 31 11:50:06 IST 2025, 345 W
Fri Oct 31 11:50:06 IST 2025, 349 W
Fri Oct 31 11:50:06 IST 2025, 336 W
Fri Oct 31 11:50:06 IST 2025, 341 W
Fri Oct 31 11:50:07 IST 2025, 356 W
Fri Oct 31 11:50:07 IST 2025, 389 W
Fri Oct 31 11:50:07 IST 2025, 338 W
Fri Oct 31 11:50:07 IST 2025, 352 W
Fri Oct 31 11:50:08 IST 2025, 385 W
Fri Oct 31 11:50:08 IST 2025, 397 W
Fri Oct 31 11:50:08 IST 2025, 387 W
Fri Oct 31 11:50:08 IST 2025, 341 W
Fri Oct 31 11:50:09 IST 2025, 366 W
Fri Oct 31 11:50:09 IST 2025, 393 W
Fri Oct 31 11:50:09 IST 2025, 352 W
Fri Oct 31 11:50:09 IST 2025, 358 W
Fri Oct 31 11:50:10 IST 2025, 352 W
Fri Oct 31 11:50:10 IST 2025, 392 W
Fri Oct 31 11:50:10 IST 2025, 345 W
Fri Oct 31 11:50:10 IST 2025, 351 W
Fri Oct 31 11:50:11 IST 2025, 229 W
Fri Oct 31 11:50:11 IST 2025, 230 W
Fri Oct 31 11:50:11 IST 2025, 228 W
Fri Oct 31 11:50:11 IST 2025, 227 W
Fri Oct 31 11:50:12 IST 2025, 228 W
Fri Oct 31 11:50:12 IST 2025, 231 W
Fri Oct 31 11:50:12 IST 2025, 229 W
Fri Oct 31 11:50:12 IST 2025, 227 W
Fri Oct 31 11:50:13 IST 2025, 228 W
Fri Oct 31 11:50:13 IST 2025, 229 W
Fri Oct 31 11:50:13 IST 2025, 229 W
Fri Oct 31 11:50:13 IST 2025, 227 W
Fri Oct 31 11:50:14 IST 2025, 228 W
Fri Oct 31 11:50:14 IST 2025, 230 W
Fri Oct 31 11:50:14 IST 2025, 228 W
Fri Oct 31 11:50:14 IST 2025, 227 W
Fri Oct 31 11:50:15 IST 2025, 353 W
Fri Oct 31 11:50:15 IST 2025, 386 W
Fri Oct 31 11:50:15 IST 2025, 338 W
Fri Oct 31 11:50:15 IST 2025, 348 W
Fri Oct 31 11:50:16 IST 2025, 350 W
Fri Oct 31 11:50:16 IST 2025, 388 W
Fri Oct 31 11:50:16 IST 2025, 349 W
Fri Oct 31 11:50:16 IST 2025, 348 W
Fri Oct 31 11:50:17 IST 2025, 331 W
Fri Oct 31 11:50:17 IST 2025, 399 W
Fri Oct 31 11:50:17 IST 2025, 364 W
Fri Oct 31 11:50:17 IST 2025, 363 W
Fri Oct 31 11:50:18 IST 2025, 335 W
Fri Oct 31 11:50:18 IST 2025, 393 W
Fri Oct 31 11:50:18 IST 2025, 361 W
Fri Oct 31 11:50:18 IST 2025, 354 W
Fri Oct 31 11:50:19 IST 2025, 343 W
Fri Oct 31 11:50:19 IST 2025, 389 W
Fri Oct 31 11:50:19 IST 2025, 348 W
Fri Oct 31 11:50:19 IST 2025, 351 W
Fri Oct 31 11:50:20 IST 2025, 329 W
Fri Oct 31 11:50:20 IST 2025, 376 W
Fri Oct 31 11:50:20 IST 2025, 348 W
Fri Oct 31 11:50:20 IST 2025, 347 W
Fri Oct 31 11:50:21 IST 2025, 323 W
Fri Oct 31 11:50:21 IST 2025, 381 W
Fri Oct 31 11:50:21 IST 2025, 350 W
Fri Oct 31 11:50:21 IST 2025, 348 W
Fri Oct 31 11:50:22 IST 2025, 335 W
Fri Oct 31 11:50:22 IST 2025, 333 W
Fri Oct 31 11:50:22 IST 2025, 336 W
Fri Oct 31 11:50:22 IST 2025, 335 W
Fri Oct 31 11:50:23 IST 2025, 339 W
Fri Oct 31 11:50:23 IST 2025, 330 W
Fri Oct 31 11:50:23 IST 2025, 334 W
Fri Oct 31 11:50:23 IST 2025, 331 W
Fri Oct 31 11:50:24 IST 2025, 341 W
Fri Oct 31 11:50:24 IST 2025, 358 W
Fri Oct 31 11:50:24 IST 2025, 336 W
Fri Oct 31 11:50:24 IST 2025, 340 W
Fri Oct 31 11:50:25 IST 2025, 351 W
Fri Oct 31 11:50:25 IST 2025, 380 W
Fri Oct 31 11:50:25 IST 2025, 338 W
Fri Oct 31 11:50:25 IST 2025, 342 W
Fri Oct 31 11:50:26 IST 2025, 229 W
Fri Oct 31 11:50:26 IST 2025, 230 W
Fri Oct 31 11:50:26 IST 2025, 229 W
Fri Oct 31 11:50:26 IST 2025, 228 W
Fri Oct 31 11:50:27 IST 2025, 228 W
Fri Oct 31 11:50:27 IST 2025, 229 W
Fri Oct 31 11:50:27 IST 2025, 229 W
Fri Oct 31 11:50:27 IST 2025, 227 W
Fri Oct 31 11:50:28 IST 2025, 228 W
Fri Oct 31 11:50:28 IST 2025, 230 W
Fri Oct 31 11:50:28 IST 2025, 228 W
Fri Oct 31 11:50:28 IST 2025, 227 W
Fri Oct 31 11:50:29 IST 2025, 228 W
Fri Oct 31 11:50:29 IST 2025, 230 W
Fri Oct 31 11:50:29 IST 2025, 228 W
Fri Oct 31 11:50:29 IST 2025, 227 W
Fri Oct 31 11:50:30 IST 2025, 338 W
Fri Oct 31 11:50:30 IST 2025, 388 W
Fri Oct 31 11:50:30 IST 2025, 344 W
Fri Oct 31 11:50:30 IST 2025, 350 W
Fri Oct 31 11:50:31 IST 2025, 361 W
Fri Oct 31 11:50:31 IST 2025, 390 W
Fri Oct 31 11:50:31 IST 2025, 365 W
Fri Oct 31 11:50:31 IST 2025, 341 W
Fri Oct 31 11:50:32 IST 2025, 344 W
Fri Oct 31 11:50:32 IST 2025, 382 W
Fri Oct 31 11:50:32 IST 2025, 351 W
Fri Oct 31 11:50:32 IST 2025, 341 W
Fri Oct 31 11:50:33 IST 2025, 347 W
Fri Oct 31 11:50:33 IST 2025, 379 W
Fri Oct 31 11:50:33 IST 2025, 348 W
Fri Oct 31 11:50:33 IST 2025, 344 W
Fri Oct 31 11:50:34 IST 2025, 343 W
Fri Oct 31 11:50:34 IST 2025, 382 W
Fri Oct 31 11:50:34 IST 2025, 351 W
Fri Oct 31 11:50:34 IST 2025, 344 W
Fri Oct 31 11:50:35 IST 2025, 336 W
Fri Oct 31 11:50:35 IST 2025, 366 W
Fri Oct 31 11:50:35 IST 2025, 341 W
Fri Oct 31 11:50:35 IST 2025, 333 W
Fri Oct 31 11:50:36 IST 2025, 336 W
Fri Oct 31 11:50:36 IST 2025, 361 W
Fri Oct 31 11:50:36 IST 2025, 341 W
Fri Oct 31 11:50:36 IST 2025, 335 W
Fri Oct 31 11:50:37 IST 2025, 346 W
Fri Oct 31 11:50:37 IST 2025, 368 W
Fri Oct 31 11:50:37 IST 2025, 341 W
Fri Oct 31 11:50:37 IST 2025, 343 W
Fri Oct 31 11:50:38 IST 2025, 344 W
Fri Oct 31 11:50:38 IST 2025, 362 W
Fri Oct 31 11:50:38 IST 2025, 341 W
Fri Oct 31 11:50:38 IST 2025, 331 W
Fri Oct 31 11:50:39 IST 2025, 348 W
Fri Oct 31 11:50:39 IST 2025, 360 W
Fri Oct 31 11:50:39 IST 2025, 339 W
Fri Oct 31 11:50:39 IST 2025, 318 W
Fri Oct 31 11:50:40 IST 2025, 342 W
Fri Oct 31 11:50:40 IST 2025, 377 W
Fri Oct 31 11:50:40 IST 2025, 342 W
Fri Oct 31 11:50:40 IST 2025, 346 W
Fri Oct 31 11:50:41 IST 2025, 229 W
Fri Oct 31 11:50:41 IST 2025, 231 W
Fri Oct 31 11:50:41 IST 2025, 228 W
Fri Oct 31 11:50:41 IST 2025, 227 W
Fri Oct 31 11:50:42 IST 2025, 228 W
Fri Oct 31 11:50:42 IST 2025, 230 W
Fri Oct 31 11:50:42 IST 2025, 228 W
Fri Oct 31 11:50:42 IST 2025, 227 W
Fri Oct 31 11:50:43 IST 2025, 228 W
Fri Oct 31 11:50:43 IST 2025, 230 W
Fri Oct 31 11:50:43 IST 2025, 228 W
Fri Oct 31 11:50:43 IST 2025, 227 W
Fri Oct 31 11:50:44 IST 2025, 323 W
Fri Oct 31 11:50:44 IST 2025, 361 W
Fri Oct 31 11:50:44 IST 2025, 290 W
Fri Oct 31 11:50:44 IST 2025, 336 W
Fri Oct 31 11:50:45 IST 2025, 343 W
Fri Oct 31 11:50:45 IST 2025, 385 W
Fri Oct 31 11:50:45 IST 2025, 343 W
Fri Oct 31 11:50:45 IST 2025, 346 W
Fri Oct 31 11:50:46 IST 2025, 365 W
Fri Oct 31 11:50:46 IST 2025, 385 W
Fri Oct 31 11:50:46 IST 2025, 353 W
Fri Oct 31 11:50:46 IST 2025, 331 W
Fri Oct 31 11:50:47 IST 2025, 351 W
Fri Oct 31 11:50:47 IST 2025, 379 W
Fri Oct 31 11:50:47 IST 2025, 345 W
Fri Oct 31 11:50:47 IST 2025, 332 W
Fri Oct 31 11:50:48 IST 2025, 344 W
Fri Oct 31 11:50:48 IST 2025, 378 W
Fri Oct 31 11:50:48 IST 2025, 349 W
Fri Oct 31 11:50:48 IST 2025, 340 W
Fri Oct 31 11:50:49 IST 2025, 349 W
Fri Oct 31 11:50:49 IST 2025, 376 W
Fri Oct 31 11:50:49 IST 2025, 346 W
Fri Oct 31 11:50:49 IST 2025, 340 W
Fri Oct 31 11:50:50 IST 2025, 338 W
Fri Oct 31 11:50:50 IST 2025, 352 W
Fri Oct 31 11:50:50 IST 2025, 333 W
Fri Oct 31 11:50:50 IST 2025, 341 W
Fri Oct 31 11:50:51 IST 2025, 335 W
Fri Oct 31 11:50:51 IST 2025, 357 W
Fri Oct 31 11:50:51 IST 2025, 343 W
Fri Oct 31 11:50:51 IST 2025, 337 W
Fri Oct 31 11:50:52 IST 2025, 341 W
Fri Oct 31 11:50:52 IST 2025, 325 W
Fri Oct 31 11:50:52 IST 2025, 337 W
Fri Oct 31 11:50:52 IST 2025, 337 W
Fri Oct 31 11:50:53 IST 2025, 340 W
Fri Oct 31 11:50:53 IST 2025, 335 W
Fri Oct 31 11:50:53 IST 2025, 345 W
Fri Oct 31 11:50:53 IST 2025, 336 W
Fri Oct 31 11:50:54 IST 2025, 345 W
Fri Oct 31 11:50:54 IST 2025, 347 W
Fri Oct 31 11:50:54 IST 2025, 341 W
Fri Oct 31 11:50:54 IST 2025, 340 W
Fri Oct 31 11:50:55 IST 2025, 346 W
Fri Oct 31 11:50:55 IST 2025, 378 W
Fri Oct 31 11:50:55 IST 2025, 351 W
Fri Oct 31 11:50:55 IST 2025, 349 W
Fri Oct 31 11:50:56 IST 2025, 228 W
Fri Oct 31 11:50:56 IST 2025, 229 W
Fri Oct 31 11:50:56 IST 2025, 228 W
Fri Oct 31 11:50:56 IST 2025, 227 W
Fri Oct 31 11:50:57 IST 2025, 229 W
Fri Oct 31 11:50:57 IST 2025, 229 W
Fri Oct 31 11:50:57 IST 2025, 228 W
Fri Oct 31 11:50:57 IST 2025, 227 W
Fri Oct 31 11:50:58 IST 2025, 228 W
Fri Oct 31 11:50:58 IST 2025, 229 W
Fri Oct 31 11:50:58 IST 2025, 228 W
Fri Oct 31 11:50:58 IST 2025, 227 W
Fri Oct 31 11:50:59 IST 2025, 345 W
Fri Oct 31 11:50:59 IST 2025, 376 W
Fri Oct 31 11:50:59 IST 2025, 306 W
Fri Oct 31 11:50:59 IST 2025, 342 W
Fri Oct 31 11:51:00 IST 2025, 360 W
Fri Oct 31 11:51:00 IST 2025, 386 W
Fri Oct 31 11:51:00 IST 2025, 342 W
Fri Oct 31 11:51:00 IST 2025, 351 W
Fri Oct 31 11:51:01 IST 2025, 349 W
Fri Oct 31 11:51:01 IST 2025, 381 W
Fri Oct 31 11:51:01 IST 2025, 334 W
Fri Oct 31 11:51:01 IST 2025, 346 W
Fri Oct 31 11:51:02 IST 2025, 343 W
Fri Oct 31 11:51:02 IST 2025, 365 W
Fri Oct 31 11:51:02 IST 2025, 336 W
Fri Oct 31 11:51:02 IST 2025, 340 W
Fri Oct 31 11:51:03 IST 2025, 334 W
Fri Oct 31 11:51:03 IST 2025, 365 W
Fri Oct 31 11:51:03 IST 2025, 336 W
Fri Oct 31 11:51:03 IST 2025, 340 W
Fri Oct 31 11:51:04 IST 2025, 339 W
Fri Oct 31 11:51:04 IST 2025, 369 W
Fri Oct 31 11:51:04 IST 2025, 356 W
Fri Oct 31 11:51:04 IST 2025, 329 W
Fri Oct 31 11:51:05 IST 2025, 340 W
Fri Oct 31 11:51:05 IST 2025, 374 W
Fri Oct 31 11:51:05 IST 2025, 350 W
Fri Oct 31 11:51:05 IST 2025, 325 W
Fri Oct 31 11:51:06 IST 2025, 349 W
Fri Oct 31 11:51:06 IST 2025, 381 W
Fri Oct 31 11:51:06 IST 2025, 348 W
Fri Oct 31 11:51:06 IST 2025, 329 W
Fri Oct 31 11:51:07 IST 2025, 348 W
Fri Oct 31 11:51:07 IST 2025, 381 W
Fri Oct 31 11:51:07 IST 2025, 354 W
Fri Oct 31 11:51:07 IST 2025, 326 W
Fri Oct 31 11:51:08 IST 2025, 355 W
Fri Oct 31 11:51:08 IST 2025, 382 W
Fri Oct 31 11:51:08 IST 2025, 349 W
Fri Oct 31 11:51:08 IST 2025, 324 W
Fri Oct 31 11:51:09 IST 2025, 335 W
Fri Oct 31 11:51:09 IST 2025, 363 W
Fri Oct 31 11:51:09 IST 2025, 341 W
Fri Oct 31 11:51:09 IST 2025, 339 W
Fri Oct 31 11:51:10 IST 2025, 264 W
Fri Oct 31 11:51:10 IST 2025, 266 W
Fri Oct 31 11:51:10 IST 2025, 251 W
Fri Oct 31 11:51:10 IST 2025, 265 W
Fri Oct 31 11:51:11 IST 2025, 228 W
Fri Oct 31 11:51:11 IST 2025, 230 W
Fri Oct 31 11:51:11 IST 2025, 228 W
Fri Oct 31 11:51:11 IST 2025, 227 W
Fri Oct 31 11:51:12 IST 2025, 227 W
Fri Oct 31 11:51:12 IST 2025, 229 W
Fri Oct 31 11:51:12 IST 2025, 227 W
Fri Oct 31 11:51:12 IST 2025, 227 W
Fri Oct 31 11:51:13 IST 2025, 228 W
Fri Oct 31 11:51:13 IST 2025, 229 W
Fri Oct 31 11:51:13 IST 2025, 227 W
Fri Oct 31 11:51:13 IST 2025, 227 W
Fri Oct 31 11:51:14 IST 2025, 338 W
Fri Oct 31 11:51:14 IST 2025, 325 W
Fri Oct 31 11:51:14 IST 2025, 337 W
Fri Oct 31 11:51:14 IST 2025, 331 W
Fri Oct 31 11:51:15 IST 2025, 341 W
Fri Oct 31 11:51:15 IST 2025, 364 W
Fri Oct 31 11:51:15 IST 2025, 339 W
Fri Oct 31 11:51:15 IST 2025, 336 W
Fri Oct 31 11:51:16 IST 2025, 335 W
Fri Oct 31 11:51:16 IST 2025, 329 W
Fri Oct 31 11:51:16 IST 2025, 336 W
Fri Oct 31 11:51:16 IST 2025, 333 W
Fri Oct 31 11:51:17 IST 2025, 348 W
Fri Oct 31 11:51:17 IST 2025, 378 W
Fri Oct 31 11:51:17 IST 2025, 330 W
Fri Oct 31 11:51:17 IST 2025, 344 W
Fri Oct 31 11:51:18 IST 2025, 349 W
Fri Oct 31 11:51:18 IST 2025, 377 W
Fri Oct 31 11:51:18 IST 2025, 345 W
Fri Oct 31 11:51:18 IST 2025, 328 W
Fri Oct 31 11:51:19 IST 2025, 363 W
Fri Oct 31 11:51:19 IST 2025, 394 W
Fri Oct 31 11:51:19 IST 2025, 343 W
Fri Oct 31 11:51:19 IST 2025, 358 W
Fri Oct 31 11:51:20 IST 2025, 350 W
Fri Oct 31 11:51:20 IST 2025, 384 W
Fri Oct 31 11:51:20 IST 2025, 339 W
Fri Oct 31 11:51:20 IST 2025, 353 W
Fri Oct 31 11:51:21 IST 2025, 350 W
Fri Oct 31 11:51:21 IST 2025, 383 W
Fri Oct 31 11:51:21 IST 2025, 342 W
Fri Oct 31 11:51:21 IST 2025, 343 W
Fri Oct 31 11:51:22 IST 2025, 351 W
Fri Oct 31 11:51:22 IST 2025, 374 W
Fri Oct 31 11:51:22 IST 2025, 340 W
Fri Oct 31 11:51:22 IST 2025, 340 W
Fri Oct 31 11:51:23 IST 2025, 374 W
Fri Oct 31 11:51:23 IST 2025, 392 W
Fri Oct 31 11:51:23 IST 2025, 355 W
Fri Oct 31 11:51:23 IST 2025, 379 W
Fri Oct 31 11:51:24 IST 2025, 329 W
Fri Oct 31 11:51:24 IST 2025, 321 W
Fri Oct 31 11:51:24 IST 2025, 332 W
Fri Oct 31 11:51:24 IST 2025, 324 W
Fri Oct 31 11:51:25 IST 2025, 345 W
Fri Oct 31 11:51:25 IST 2025, 374 W
Fri Oct 31 11:51:25 IST 2025, 342 W
Fri Oct 31 11:51:25 IST 2025, 337 W
Fri Oct 31 11:51:26 IST 2025, 229 W
Fri Oct 31 11:51:26 IST 2025, 230 W
Fri Oct 31 11:51:26 IST 2025, 228 W
Fri Oct 31 11:51:26 IST 2025, 227 W
Fri Oct 31 11:51:27 IST 2025, 229 W
Fri Oct 31 11:51:27 IST 2025, 230 W
Fri Oct 31 11:51:27 IST 2025, 227 W
Fri Oct 31 11:51:27 IST 2025, 227 W
Fri Oct 31 11:51:28 IST 2025, 228 W
Fri Oct 31 11:51:28 IST 2025, 230 W
Fri Oct 31 11:51:28 IST 2025, 227 W
Fri Oct 31 11:51:28 IST 2025, 227 W
Fri Oct 31 11:51:29 IST 2025, 334 W
Fri Oct 31 11:51:29 IST 2025, 309 W
Fri Oct 31 11:51:29 IST 2025, 341 W
Fri Oct 31 11:51:29 IST 2025, 328 W
Fri Oct 31 11:51:30 IST 2025, 344 W
Fri Oct 31 11:51:30 IST 2025, 372 W
Fri Oct 31 11:51:30 IST 2025, 342 W
Fri Oct 31 11:51:30 IST 2025, 340 W
Fri Oct 31 11:51:31 IST 2025, 347 W
Fri Oct 31 11:51:31 IST 2025, 372 W
Fri Oct 31 11:51:31 IST 2025, 340 W
Fri Oct 31 11:51:31 IST 2025, 341 W
Fri Oct 31 11:51:32 IST 2025, 338 W
Fri Oct 31 11:51:32 IST 2025, 373 W
Fri Oct 31 11:51:32 IST 2025, 349 W
Fri Oct 31 11:51:32 IST 2025, 343 W
Fri Oct 31 11:51:33 IST 2025, 333 W
Fri Oct 31 11:51:33 IST 2025, 361 W
Fri Oct 31 11:51:33 IST 2025, 347 W
Fri Oct 31 11:51:33 IST 2025, 343 W
Fri Oct 31 11:51:34 IST 2025, 345 W
Fri Oct 31 11:51:34 IST 2025, 372 W
Fri Oct 31 11:51:34 IST 2025, 341 W
Fri Oct 31 11:51:34 IST 2025, 336 W
Fri Oct 31 11:51:35 IST 2025, 345 W
Fri Oct 31 11:51:35 IST 2025, 376 W
Fri Oct 31 11:51:35 IST 2025, 347 W
Fri Oct 31 11:51:35 IST 2025, 341 W
Fri Oct 31 11:51:36 IST 2025, 346 W
Fri Oct 31 11:51:36 IST 2025, 368 W
Fri Oct 31 11:51:36 IST 2025, 345 W
Fri Oct 31 11:51:36 IST 2025, 338 W
Fri Oct 31 11:51:37 IST 2025, 326 W
Fri Oct 31 11:51:37 IST 2025, 342 W
Fri Oct 31 11:51:37 IST 2025, 337 W
Fri Oct 31 11:51:37 IST 2025, 327 W
Fri Oct 31 11:51:38 IST 2025, 337 W
Fri Oct 31 11:51:38 IST 2025, 332 W
Fri Oct 31 11:51:38 IST 2025, 336 W
Fri Oct 31 11:51:38 IST 2025, 336 W
Fri Oct 31 11:51:39 IST 2025, 342 W
Fri Oct 31 11:51:39 IST 2025, 369 W
Fri Oct 31 11:51:39 IST 2025, 350 W
Fri Oct 31 11:51:39 IST 2025, 344 W
Fri Oct 31 11:51:40 IST 2025, 340 W
Fri Oct 31 11:51:40 IST 2025, 352 W
Fri Oct 31 11:51:40 IST 2025, 344 W
Fri Oct 31 11:51:40 IST 2025, 337 W
Fri Oct 31 11:51:41 IST 2025, 229 W
Fri Oct 31 11:51:41 IST 2025, 230 W
Fri Oct 31 11:51:41 IST 2025, 229 W
Fri Oct 31 11:51:41 IST 2025, 227 W
Fri Oct 31 11:51:42 IST 2025, 229 W
Fri Oct 31 11:51:42 IST 2025, 229 W
Fri Oct 31 11:51:42 IST 2025, 229 W
Fri Oct 31 11:51:42 IST 2025, 227 W
Fri Oct 31 11:51:43 IST 2025, 228 W
Fri Oct 31 11:51:43 IST 2025, 230 W
Fri Oct 31 11:51:43 IST 2025, 229 W
Fri Oct 31 11:51:43 IST 2025, 227 W
Fri Oct 31 11:51:44 IST 2025, 342 W
Fri Oct 31 11:51:44 IST 2025, 375 W
Fri Oct 31 11:51:44 IST 2025, 348 W
Fri Oct 31 11:51:44 IST 2025, 347 W
Fri Oct 31 11:51:45 IST 2025, 346 W
Fri Oct 31 11:51:45 IST 2025, 380 W
Fri Oct 31 11:51:45 IST 2025, 348 W
Fri Oct 31 11:51:45 IST 2025, 340 W
Fri Oct 31 11:51:46 IST 2025, 344 W
Fri Oct 31 11:51:46 IST 2025, 378 W
Fri Oct 31 11:51:46 IST 2025, 349 W
Fri Oct 31 11:51:46 IST 2025, 344 W
Fri Oct 31 11:51:47 IST 2025, 340 W
Fri Oct 31 11:51:47 IST 2025, 348 W
Fri Oct 31 11:51:47 IST 2025, 343 W
Fri Oct 31 11:51:47 IST 2025, 331 W
Fri Oct 31 11:51:48 IST 2025, 351 W
Fri Oct 31 11:51:48 IST 2025, 380 W
Fri Oct 31 11:51:48 IST 2025, 347 W
Fri Oct 31 11:51:48 IST 2025, 341 W
Fri Oct 31 11:51:49 IST 2025, 348 W
Fri Oct 31 11:51:49 IST 2025, 374 W
Fri Oct 31 11:51:49 IST 2025, 341 W
Fri Oct 31 11:51:49 IST 2025, 339 W
Fri Oct 31 11:51:50 IST 2025, 340 W
Fri Oct 31 11:51:50 IST 2025, 370 W
Fri Oct 31 11:51:50 IST 2025, 328 W
Fri Oct 31 11:51:50 IST 2025, 345 W
Fri Oct 31 11:51:51 IST 2025, 336 W
Fri Oct 31 11:51:51 IST 2025, 361 W
Fri Oct 31 11:51:51 IST 2025, 344 W
Fri Oct 31 11:51:51 IST 2025, 341 W
Fri Oct 31 11:51:52 IST 2025, 351 W
Fri Oct 31 11:51:52 IST 2025, 374 W
Fri Oct 31 11:51:52 IST 2025, 341 W
Fri Oct 31 11:51:52 IST 2025, 342 W
Fri Oct 31 11:51:53 IST 2025, 339 W
Fri Oct 31 11:51:53 IST 2025, 361 W
Fri Oct 31 11:51:53 IST 2025, 339 W
Fri Oct 31 11:51:53 IST 2025, 336 W
Fri Oct 31 11:51:54 IST 2025, 362 W
Fri Oct 31 11:51:54 IST 2025, 389 W
Fri Oct 31 11:51:54 IST 2025, 366 W
Fri Oct 31 11:51:54 IST 2025, 335 W
Fri Oct 31 11:51:55 IST 2025, 229 W
Fri Oct 31 11:51:55 IST 2025, 231 W
Fri Oct 31 11:51:55 IST 2025, 230 W
Fri Oct 31 11:51:55 IST 2025, 228 W
Fri Oct 31 11:51:56 IST 2025, 228 W
Fri Oct 31 11:51:56 IST 2025, 230 W
Fri Oct 31 11:51:56 IST 2025, 229 W
Fri Oct 31 11:51:56 IST 2025, 226 W
Fri Oct 31 11:51:57 IST 2025, 228 W
Fri Oct 31 11:51:57 IST 2025, 230 W
Fri Oct 31 11:51:57 IST 2025, 229 W
Fri Oct 31 11:51:57 IST 2025, 227 W
Fri Oct 31 11:51:58 IST 2025, 228 W
Fri Oct 31 11:51:58 IST 2025, 230 W
Fri Oct 31 11:51:58 IST 2025, 228 W
Fri Oct 31 11:51:58 IST 2025, 227 W
Fri Oct 31 11:51:59 IST 2025, 342 W
Fri Oct 31 11:51:59 IST 2025, 363 W
Fri Oct 31 11:51:59 IST 2025, 340 W
Fri Oct 31 11:51:59 IST 2025, 339 W
Fri Oct 31 11:52:00 IST 2025, 325 W
Fri Oct 31 11:52:00 IST 2025, 389 W
Fri Oct 31 11:52:00 IST 2025, 373 W
Fri Oct 31 11:52:00 IST 2025, 366 W
Fri Oct 31 11:52:01 IST 2025, 351 W
Fri Oct 31 11:52:01 IST 2025, 386 W
Fri Oct 31 11:52:01 IST 2025, 338 W
Fri Oct 31 11:52:01 IST 2025, 347 W
Fri Oct 31 11:52:02 IST 2025, 355 W
Fri Oct 31 11:52:02 IST 2025, 389 W
Fri Oct 31 11:52:02 IST 2025, 341 W
Fri Oct 31 11:52:02 IST 2025, 345 W
Fri Oct 31 11:52:03 IST 2025, 349 W
Fri Oct 31 11:52:03 IST 2025, 382 W
Fri Oct 31 11:52:03 IST 2025, 338 W
Fri Oct 31 11:52:03 IST 2025, 351 W
Fri Oct 31 11:52:04 IST 2025, 360 W
Fri Oct 31 11:52:04 IST 2025, 385 W
Fri Oct 31 11:52:04 IST 2025, 359 W
Fri Oct 31 11:52:04 IST 2025, 347 W
Fri Oct 31 11:52:05 IST 2025, 340 W
Fri Oct 31 11:52:05 IST 2025, 364 W
Fri Oct 31 11:52:05 IST 2025, 343 W
Fri Oct 31 11:52:05 IST 2025, 318 W
Fri Oct 31 11:52:06 IST 2025, 351 W
Fri Oct 31 11:52:06 IST 2025, 381 W
Fri Oct 31 11:52:06 IST 2025, 350 W
Fri Oct 31 11:52:06 IST 2025, 341 W
Fri Oct 31 11:52:07 IST 2025, 351 W
Fri Oct 31 11:52:07 IST 2025, 375 W
Fri Oct 31 11:52:07 IST 2025, 351 W
Fri Oct 31 11:52:07 IST 2025, 342 W
Fri Oct 31 11:52:08 IST 2025, 346 W
Fri Oct 31 11:52:08 IST 2025, 343 W
Fri Oct 31 11:52:08 IST 2025, 343 W
Fri Oct 31 11:52:08 IST 2025, 338 W
Fri Oct 31 11:52:09 IST 2025, 361 W
Fri Oct 31 11:52:09 IST 2025, 388 W
Fri Oct 31 11:52:09 IST 2025, 331 W
Fri Oct 31 11:52:09 IST 2025, 353 W
Fri Oct 31 11:52:10 IST 2025, 229 W
Fri Oct 31 11:52:10 IST 2025, 231 W
Fri Oct 31 11:52:10 IST 2025, 230 W
Fri Oct 31 11:52:10 IST 2025, 228 W
Fri Oct 31 11:52:11 IST 2025, 227 W
Fri Oct 31 11:52:11 IST 2025, 229 W
Fri Oct 31 11:52:11 IST 2025, 228 W
Fri Oct 31 11:52:11 IST 2025, 227 W
Fri Oct 31 11:52:12 IST 2025, 227 W
Fri Oct 31 11:52:12 IST 2025, 229 W
Fri Oct 31 11:52:12 IST 2025, 229 W
Fri Oct 31 11:52:12 IST 2025, 227 W
Fri Oct 31 11:52:13 IST 2025, 313 W
Fri Oct 31 11:52:13 IST 2025, 368 W
Fri Oct 31 11:52:13 IST 2025, 229 W
Fri Oct 31 11:52:13 IST 2025, 348 W
Fri Oct 31 11:52:14 IST 2025, 343 W
Fri Oct 31 11:52:14 IST 2025, 369 W
Fri Oct 31 11:52:14 IST 2025, 351 W
Fri Oct 31 11:52:14 IST 2025, 347 W
Fri Oct 31 11:52:15 IST 2025, 343 W
Fri Oct 31 11:52:15 IST 2025, 378 W
Fri Oct 31 11:52:15 IST 2025, 345 W
Fri Oct 31 11:52:15 IST 2025, 337 W
Fri Oct 31 11:52:16 IST 2025, 346 W
Fri Oct 31 11:52:16 IST 2025, 330 W
Fri Oct 31 11:52:16 IST 2025, 346 W
Fri Oct 31 11:52:16 IST 2025, 338 W
Fri Oct 31 11:52:17 IST 2025, 348 W
Fri Oct 31 11:52:17 IST 2025, 385 W
Fri Oct 31 11:52:17 IST 2025, 340 W
Fri Oct 31 11:52:17 IST 2025, 347 W
Fri Oct 31 11:52:18 IST 2025, 346 W
Fri Oct 31 11:52:18 IST 2025, 375 W
Fri Oct 31 11:52:18 IST 2025, 341 W
Fri Oct 31 11:52:18 IST 2025, 339 W
Fri Oct 31 11:52:19 IST 2025, 349 W
Fri Oct 31 11:52:19 IST 2025, 378 W
Fri Oct 31 11:52:19 IST 2025, 342 W
Fri Oct 31 11:52:19 IST 2025, 339 W
Fri Oct 31 11:52:20 IST 2025, 343 W
Fri Oct 31 11:52:20 IST 2025, 374 W
Fri Oct 31 11:52:20 IST 2025, 348 W
Fri Oct 31 11:52:20 IST 2025, 345 W
Fri Oct 31 11:52:21 IST 2025, 346 W
Fri Oct 31 11:52:21 IST 2025, 378 W
Fri Oct 31 11:52:21 IST 2025, 348 W
Fri Oct 31 11:52:21 IST 2025, 350 W
Fri Oct 31 11:52:22 IST 2025, 350 W
Fri Oct 31 11:52:22 IST 2025, 382 W
Fri Oct 31 11:52:22 IST 2025, 347 W
Fri Oct 31 11:52:22 IST 2025, 342 W
Fri Oct 31 11:52:23 IST 2025, 348 W
Fri Oct 31 11:52:23 IST 2025, 376 W
Fri Oct 31 11:52:23 IST 2025, 346 W
Fri Oct 31 11:52:23 IST 2025, 340 W
Fri Oct 31 11:52:24 IST 2025, 237 W
Fri Oct 31 11:52:24 IST 2025, 238 W
Fri Oct 31 11:52:24 IST 2025, 235 W
Fri Oct 31 11:52:24 IST 2025, 237 W
Fri Oct 31 11:52:25 IST 2025, 228 W
Fri Oct 31 11:52:25 IST 2025, 231 W
Fri Oct 31 11:52:25 IST 2025, 229 W
Fri Oct 31 11:52:25 IST 2025, 227 W
Fri Oct 31 11:52:26 IST 2025, 228 W
Fri Oct 31 11:52:26 IST 2025, 230 W
Fri Oct 31 11:52:26 IST 2025, 229 W
Fri Oct 31 11:52:26 IST 2025, 227 W
Fri Oct 31 11:52:27 IST 2025, 228 W
Fri Oct 31 11:52:27 IST 2025, 230 W
Fri Oct 31 11:52:27 IST 2025, 229 W
Fri Oct 31 11:52:27 IST 2025, 227 W
Fri Oct 31 11:52:28 IST 2025, 344 W
Fri Oct 31 11:52:28 IST 2025, 365 W
Fri Oct 31 11:52:28 IST 2025, 328 W
Fri Oct 31 11:52:28 IST 2025, 335 W
Fri Oct 31 11:52:29 IST 2025, 379 W
Fri Oct 31 11:52:29 IST 2025, 400 W
Fri Oct 31 11:52:29 IST 2025, 351 W
Fri Oct 31 11:52:29 IST 2025, 377 W
Fri Oct 31 11:52:30 IST 2025, 342 W
Fri Oct 31 11:52:30 IST 2025, 371 W
Fri Oct 31 11:52:30 IST 2025, 347 W
Fri Oct 31 11:52:30 IST 2025, 337 W
Fri Oct 31 11:52:31 IST 2025, 347 W
Fri Oct 31 11:52:31 IST 2025, 371 W
Fri Oct 31 11:52:31 IST 2025, 344 W
Fri Oct 31 11:52:31 IST 2025, 348 W
Fri Oct 31 11:52:32 IST 2025, 351 W
Fri Oct 31 11:52:32 IST 2025, 382 W
Fri Oct 31 11:52:32 IST 2025, 346 W
Fri Oct 31 11:52:32 IST 2025, 346 W
Fri Oct 31 11:52:33 IST 2025, 352 W
Fri Oct 31 11:52:33 IST 2025, 385 W
Fri Oct 31 11:52:33 IST 2025, 352 W
Fri Oct 31 11:52:33 IST 2025, 345 W
Fri Oct 31 11:52:34 IST 2025, 348 W
Fri Oct 31 11:52:34 IST 2025, 373 W
Fri Oct 31 11:52:34 IST 2025, 355 W
Fri Oct 31 11:52:34 IST 2025, 346 W
Fri Oct 31 11:52:35 IST 2025, 341 W
Fri Oct 31 11:52:35 IST 2025, 368 W
Fri Oct 31 11:52:35 IST 2025, 349 W
Fri Oct 31 11:52:35 IST 2025, 343 W
Fri Oct 31 11:52:36 IST 2025, 339 W
Fri Oct 31 11:52:36 IST 2025, 364 W
Fri Oct 31 11:52:36 IST 2025, 344 W
Fri Oct 31 11:52:36 IST 2025, 344 W
Fri Oct 31 11:52:37 IST 2025, 349 W
Fri Oct 31 11:52:37 IST 2025, 379 W
Fri Oct 31 11:52:37 IST 2025, 344 W
Fri Oct 31 11:52:37 IST 2025, 345 W
Fri Oct 31 11:52:38 IST 2025, 346 W
Fri Oct 31 11:52:38 IST 2025, 373 W
Fri Oct 31 11:52:38 IST 2025, 340 W
Fri Oct 31 11:52:38 IST 2025, 338 W
Fri Oct 31 11:52:39 IST 2025, 229 W
Fri Oct 31 11:52:39 IST 2025, 230 W
Fri Oct 31 11:52:39 IST 2025, 230 W
Fri Oct 31 11:52:39 IST 2025, 228 W
Fri Oct 31 11:52:40 IST 2025, 228 W
Fri Oct 31 11:52:40 IST 2025, 231 W
Fri Oct 31 11:52:40 IST 2025, 229 W
Fri Oct 31 11:52:40 IST 2025, 227 W
Fri Oct 31 11:52:41 IST 2025, 228 W
Fri Oct 31 11:52:41 IST 2025, 231 W
Fri Oct 31 11:52:41 IST 2025, 229 W
Fri Oct 31 11:52:41 IST 2025, 227 W
Fri Oct 31 11:52:42 IST 2025, 323 W
Fri Oct 31 11:52:42 IST 2025, 299 W
Fri Oct 31 11:52:42 IST 2025, 265 W
Fri Oct 31 11:52:42 IST 2025, 312 W
Fri Oct 31 11:52:43 IST 2025, 350 W
Fri Oct 31 11:52:43 IST 2025, 381 W
Fri Oct 31 11:52:43 IST 2025, 347 W
Fri Oct 31 11:52:43 IST 2025, 347 W
Fri Oct 31 11:52:44 IST 2025, 344 W
Fri Oct 31 11:52:44 IST 2025, 371 W
Fri Oct 31 11:52:44 IST 2025, 345 W
Fri Oct 31 11:52:44 IST 2025, 344 W
Fri Oct 31 11:52:45 IST 2025, 340 W
Fri Oct 31 11:52:45 IST 2025, 341 W
Fri Oct 31 11:52:45 IST 2025, 342 W
Fri Oct 31 11:52:45 IST 2025, 341 W
Fri Oct 31 11:52:46 IST 2025, 348 W
Fri Oct 31 11:52:46 IST 2025, 359 W
Fri Oct 31 11:52:46 IST 2025, 351 W
Fri Oct 31 11:52:46 IST 2025, 333 W
Fri Oct 31 11:52:47 IST 2025, 341 W
Fri Oct 31 11:52:47 IST 2025, 343 W
Fri Oct 31 11:52:47 IST 2025, 344 W
Fri Oct 31 11:52:47 IST 2025, 334 W
Fri Oct 31 11:52:48 IST 2025, 342 W
Fri Oct 31 11:52:48 IST 2025, 349 W
Fri Oct 31 11:52:48 IST 2025, 340 W
Fri Oct 31 11:52:48 IST 2025, 339 W
Fri Oct 31 11:52:49 IST 2025, 357 W
Fri Oct 31 11:52:49 IST 2025, 374 W
Fri Oct 31 11:52:49 IST 2025, 357 W
Fri Oct 31 11:52:49 IST 2025, 319 W
Fri Oct 31 11:52:50 IST 2025, 340 W
Fri Oct 31 11:52:50 IST 2025, 383 W
Fri Oct 31 11:52:50 IST 2025, 365 W
Fri Oct 31 11:52:50 IST 2025, 333 W
Fri Oct 31 11:52:51 IST 2025, 330 W
Fri Oct 31 11:52:51 IST 2025, 393 W
Fri Oct 31 11:52:51 IST 2025, 378 W
Fri Oct 31 11:52:51 IST 2025, 368 W
Fri Oct 31 11:52:52 IST 2025, 345 W
Fri Oct 31 11:52:52 IST 2025, 388 W
Fri Oct 31 11:52:52 IST 2025, 332 W
Fri Oct 31 11:52:52 IST 2025, 350 W
Fri Oct 31 11:52:53 IST 2025, 338 W
Fri Oct 31 11:52:53 IST 2025, 308 W
Fri Oct 31 11:52:53 IST 2025, 332 W
Fri Oct 31 11:52:53 IST 2025, 327 W
Fri Oct 31 11:52:54 IST 2025, 238 W
Fri Oct 31 11:52:54 IST 2025, 236 W
Fri Oct 31 11:52:54 IST 2025, 234 W
Fri Oct 31 11:52:54 IST 2025, 239 W
Fri Oct 31 11:52:55 IST 2025, 228 W
Fri Oct 31 11:52:55 IST 2025, 230 W
Fri Oct 31 11:52:55 IST 2025, 229 W
Fri Oct 31 11:52:55 IST 2025, 227 W
Fri Oct 31 11:52:56 IST 2025, 228 W
Fri Oct 31 11:52:56 IST 2025, 231 W
Fri Oct 31 11:52:56 IST 2025, 229 W
Fri Oct 31 11:52:56 IST 2025, 227 W
Fri Oct 31 11:52:57 IST 2025, 227 W
Fri Oct 31 11:52:57 IST 2025, 231 W
Fri Oct 31 11:52:57 IST 2025, 228 W
Fri Oct 31 11:52:57 IST 2025, 227 W
Fri Oct 31 11:52:58 IST 2025, 308 W
Fri Oct 31 11:52:58 IST 2025, 329 W
Fri Oct 31 11:52:58 IST 2025, 328 W
Fri Oct 31 11:52:58 IST 2025, 328 W
Fri Oct 31 11:52:59 IST 2025, 355 W
Fri Oct 31 11:52:59 IST 2025, 385 W
Fri Oct 31 11:52:59 IST 2025, 344 W
Fri Oct 31 11:52:59 IST 2025, 348 W
Fri Oct 31 11:53:00 IST 2025, 343 W
Fri Oct 31 11:53:00 IST 2025, 352 W
Fri Oct 31 11:53:00 IST 2025, 350 W
Fri Oct 31 11:53:00 IST 2025, 337 W
Fri Oct 31 11:53:01 IST 2025, 333 W
Fri Oct 31 11:53:01 IST 2025, 356 W
Fri Oct 31 11:53:01 IST 2025, 345 W
Fri Oct 31 11:53:01 IST 2025, 337 W
Fri Oct 31 11:53:02 IST 2025, 344 W
Fri Oct 31 11:53:02 IST 2025, 379 W
Fri Oct 31 11:53:02 IST 2025, 345 W
Fri Oct 31 11:53:02 IST 2025, 344 W
Fri Oct 31 11:53:03 IST 2025, 348 W
Fri Oct 31 11:53:03 IST 2025, 376 W
Fri Oct 31 11:53:03 IST 2025, 349 W
Fri Oct 31 11:53:03 IST 2025, 344 W
Fri Oct 31 11:53:04 IST 2025, 340 W
Fri Oct 31 11:53:04 IST 2025, 369 W
Fri Oct 31 11:53:04 IST 2025, 346 W
Fri Oct 31 11:53:04 IST 2025, 347 W
Fri Oct 31 11:53:05 IST 2025, 348 W
Fri Oct 31 11:53:05 IST 2025, 374 W
Fri Oct 31 11:53:05 IST 2025, 348 W
Fri Oct 31 11:53:05 IST 2025, 343 W
Fri Oct 31 11:53:06 IST 2025, 347 W
Fri Oct 31 11:53:06 IST 2025, 383 W
Fri Oct 31 11:53:06 IST 2025, 349 W
Fri Oct 31 11:53:06 IST 2025, 348 W
Fri Oct 31 11:53:07 IST 2025, 343 W
Fri Oct 31 11:53:07 IST 2025, 371 W
Fri Oct 31 11:53:07 IST 2025, 343 W
Fri Oct 31 11:53:07 IST 2025, 343 W
Fri Oct 31 11:53:08 IST 2025, 340 W
Fri Oct 31 11:53:08 IST 2025, 371 W
Fri Oct 31 11:53:08 IST 2025, 346 W
Fri Oct 31 11:53:08 IST 2025, 341 W
Fri Oct 31 11:53:09 IST 2025, 229 W
Fri Oct 31 11:53:09 IST 2025, 231 W
Fri Oct 31 11:53:09 IST 2025, 229 W
Fri Oct 31 11:53:09 IST 2025, 228 W
Fri Oct 31 11:53:10 IST 2025, 228 W
Fri Oct 31 11:53:10 IST 2025, 230 W
Fri Oct 31 11:53:10 IST 2025, 229 W
Fri Oct 31 11:53:10 IST 2025, 227 W
Fri Oct 31 11:53:11 IST 2025, 227 W
Fri Oct 31 11:53:11 IST 2025, 230 W
Fri Oct 31 11:53:11 IST 2025, 228 W
Fri Oct 31 11:53:11 IST 2025, 227 W
Fri Oct 31 11:53:12 IST 2025, 227 W
Fri Oct 31 11:53:12 IST 2025, 229 W
Fri Oct 31 11:53:12 IST 2025, 228 W
Fri Oct 31 11:53:12 IST 2025, 227 W
Fri Oct 31 11:53:13 IST 2025, 338 W
Fri Oct 31 11:53:13 IST 2025, 360 W
Fri Oct 31 11:53:13 IST 2025, 346 W
Fri Oct 31 11:53:13 IST 2025, 335 W
Fri Oct 31 11:53:14 IST 2025, 283 W
Fri Oct 31 11:53:14 IST 2025, 369 W
Fri Oct 31 11:53:14 IST 2025, 316 W
Fri Oct 31 11:53:14 IST 2025, 282 W
Fri Oct 31 11:53:15 IST 2025, 334 W
Fri Oct 31 11:53:15 IST 2025, 335 W
Fri Oct 31 11:53:15 IST 2025, 337 W
Fri Oct 31 11:53:15 IST 2025, 331 W
Fri Oct 31 11:53:16 IST 2025, 339 W
Fri Oct 31 11:53:16 IST 2025, 359 W
Fri Oct 31 11:53:16 IST 2025, 333 W
Fri Oct 31 11:53:16 IST 2025, 332 W
Fri Oct 31 11:53:17 IST 2025, 334 W
Fri Oct 31 11:53:17 IST 2025, 347 W
Fri Oct 31 11:53:17 IST 2025, 344 W
Fri Oct 31 11:53:17 IST 2025, 341 W
Fri Oct 31 11:53:18 IST 2025, 346 W
Fri Oct 31 11:53:18 IST 2025, 347 W
Fri Oct 31 11:53:18 IST 2025, 339 W
Fri Oct 31 11:53:18 IST 2025, 338 W
Fri Oct 31 11:53:19 IST 2025, 350 W
Fri Oct 31 11:53:19 IST 2025, 378 W
Fri Oct 31 11:53:19 IST 2025, 346 W
Fri Oct 31 11:53:19 IST 2025, 344 W
Fri Oct 31 11:53:20 IST 2025, 338 W
Fri Oct 31 11:53:20 IST 2025, 345 W
Fri Oct 31 11:53:20 IST 2025, 346 W
Fri Oct 31 11:53:20 IST 2025, 342 W
Fri Oct 31 11:53:21 IST 2025, 343 W
Fri Oct 31 11:53:21 IST 2025, 377 W
Fri Oct 31 11:53:21 IST 2025, 352 W
Fri Oct 31 11:53:21 IST 2025, 341 W
Fri Oct 31 11:53:22 IST 2025, 342 W
Fri Oct 31 11:53:22 IST 2025, 370 W
Fri Oct 31 11:53:22 IST 2025, 352 W
Fri Oct 31 11:53:22 IST 2025, 343 W
Fri Oct 31 11:53:23 IST 2025, 342 W
Fri Oct 31 11:53:23 IST 2025, 377 W
Fri Oct 31 11:53:23 IST 2025, 348 W
Fri Oct 31 11:53:23 IST 2025, 348 W
Fri Oct 31 11:53:24 IST 2025, 229 W
Fri Oct 31 11:53:24 IST 2025, 230 W
Fri Oct 31 11:53:24 IST 2025, 228 W
Fri Oct 31 11:53:24 IST 2025, 227 W
Fri Oct 31 11:53:25 IST 2025, 228 W
Fri Oct 31 11:53:25 IST 2025, 230 W
Fri Oct 31 11:53:25 IST 2025, 229 W
Fri Oct 31 11:53:25 IST 2025, 227 W
Fri Oct 31 11:53:26 IST 2025, 228 W
Fri Oct 31 11:53:26 IST 2025, 229 W
Fri Oct 31 11:53:26 IST 2025, 229 W
Fri Oct 31 11:53:26 IST 2025, 227 W
Fri Oct 31 11:53:27 IST 2025, 228 W
Fri Oct 31 11:53:27 IST 2025, 230 W
Fri Oct 31 11:53:27 IST 2025, 228 W
Fri Oct 31 11:53:27 IST 2025, 227 W
Fri Oct 31 11:53:28 IST 2025, 338 W
Fri Oct 31 11:53:28 IST 2025, 375 W
Fri Oct 31 11:53:28 IST 2025, 341 W
Fri Oct 31 11:53:28 IST 2025, 343 W
Fri Oct 31 11:53:29 IST 2025, 341 W
Fri Oct 31 11:53:29 IST 2025, 374 W
Fri Oct 31 11:53:29 IST 2025, 330 W
Fri Oct 31 11:53:29 IST 2025, 346 W
Fri Oct 31 11:53:30 IST 2025, 345 W
Fri Oct 31 11:53:30 IST 2025, 387 W
Fri Oct 31 11:53:30 IST 2025, 332 W
Fri Oct 31 11:53:30 IST 2025, 358 W
Fri Oct 31 11:53:31 IST 2025, 332 W
Fri Oct 31 11:53:31 IST 2025, 350 W
Fri Oct 31 11:53:31 IST 2025, 336 W
Fri Oct 31 11:53:31 IST 2025, 333 W
Fri Oct 31 11:53:32 IST 2025, 335 W
Fri Oct 31 11:53:32 IST 2025, 327 W
Fri Oct 31 11:53:32 IST 2025, 336 W
Fri Oct 31 11:53:32 IST 2025, 302 W
Fri Oct 31 11:53:33 IST 2025, 343 W
Fri Oct 31 11:53:33 IST 2025, 366 W
Fri Oct 31 11:53:33 IST 2025, 338 W
Fri Oct 31 11:53:33 IST 2025, 336 W
Fri Oct 31 11:53:34 IST 2025, 339 W
Fri Oct 31 11:53:34 IST 2025, 361 W
Fri Oct 31 11:53:34 IST 2025, 339 W
Fri Oct 31 11:53:34 IST 2025, 339 W
Fri Oct 31 11:53:35 IST 2025, 337 W
Fri Oct 31 11:53:35 IST 2025, 357 W
Fri Oct 31 11:53:35 IST 2025, 343 W
Fri Oct 31 11:53:35 IST 2025, 341 W
Fri Oct 31 11:53:36 IST 2025, 348 W
Fri Oct 31 11:53:36 IST 2025, 369 W
Fri Oct 31 11:53:36 IST 2025, 342 W
Fri Oct 31 11:53:36 IST 2025, 340 W
Fri Oct 31 11:53:37 IST 2025, 330 W
Fri Oct 31 11:53:37 IST 2025, 339 W
Fri Oct 31 11:53:37 IST 2025, 338 W
Fri Oct 31 11:53:37 IST 2025, 341 W
Fri Oct 31 11:53:38 IST 2025, 331 W
Fri Oct 31 11:53:38 IST 2025, 360 W
Fri Oct 31 11:53:38 IST 2025, 343 W
Fri Oct 31 11:53:38 IST 2025, 340 W
Fri Oct 31 11:53:39 IST 2025, 230 W
Fri Oct 31 11:53:39 IST 2025, 231 W
Fri Oct 31 11:53:39 IST 2025, 228 W
Fri Oct 31 11:53:39 IST 2025, 228 W
Fri Oct 31 11:53:40 IST 2025, 229 W
Fri Oct 31 11:53:40 IST 2025, 229 W
Fri Oct 31 11:53:40 IST 2025, 229 W
Fri Oct 31 11:53:40 IST 2025, 226 W
Fri Oct 31 11:53:41 IST 2025, 228 W
Fri Oct 31 11:53:41 IST 2025, 229 W
Fri Oct 31 11:53:41 IST 2025, 228 W
Fri Oct 31 11:53:41 IST 2025, 227 W
Fri Oct 31 11:53:42 IST 2025, 228 W
Fri Oct 31 11:53:42 IST 2025, 230 W
Fri Oct 31 11:53:42 IST 2025, 227 W
Fri Oct 31 11:53:42 IST 2025, 227 W
Fri Oct 31 11:53:43 IST 2025, 346 W
Fri Oct 31 11:53:43 IST 2025, 362 W
Fri Oct 31 11:53:43 IST 2025, 343 W
Fri Oct 31 11:53:43 IST 2025, 335 W
Fri Oct 31 11:53:44 IST 2025, 339 W
Fri Oct 31 11:53:44 IST 2025, 345 W
Fri Oct 31 11:53:44 IST 2025, 341 W
Fri Oct 31 11:53:44 IST 2025, 329 W
Fri Oct 31 11:53:45 IST 2025, 333 W
Fri Oct 31 11:53:45 IST 2025, 356 W
Fri Oct 31 11:53:45 IST 2025, 347 W
Fri Oct 31 11:53:45 IST 2025, 341 W
Fri Oct 31 11:53:46 IST 2025, 346 W
Fri Oct 31 11:53:46 IST 2025, 378 W
Fri Oct 31 11:53:46 IST 2025, 351 W
Fri Oct 31 11:53:46 IST 2025, 345 W
Fri Oct 31 11:53:47 IST 2025, 357 W
Fri Oct 31 11:53:47 IST 2025, 388 W
Fri Oct 31 11:53:47 IST 2025, 360 W
Fri Oct 31 11:53:47 IST 2025, 335 W
Fri Oct 31 11:53:48 IST 2025, 342 W
Fri Oct 31 11:53:48 IST 2025, 380 W
Fri Oct 31 11:53:48 IST 2025, 354 W
Fri Oct 31 11:53:48 IST 2025, 345 W
Fri Oct 31 11:53:49 IST 2025, 353 W
Fri Oct 31 11:53:49 IST 2025, 380 W
Fri Oct 31 11:53:49 IST 2025, 347 W
Fri Oct 31 11:53:49 IST 2025, 351 W
Fri Oct 31 11:53:50 IST 2025, 348 W
Fri Oct 31 11:53:50 IST 2025, 371 W
Fri Oct 31 11:53:50 IST 2025, 349 W
Fri Oct 31 11:53:50 IST 2025, 340 W
Fri Oct 31 11:53:51 IST 2025, 342 W
Fri Oct 31 11:53:51 IST 2025, 378 W
Fri Oct 31 11:53:51 IST 2025, 344 W
Fri Oct 31 11:53:51 IST 2025, 346 W
Fri Oct 31 11:53:52 IST 2025, 342 W
Fri Oct 31 11:53:52 IST 2025, 363 W
Fri Oct 31 11:53:52 IST 2025, 344 W
Fri Oct 31 11:53:52 IST 2025, 342 W
Fri Oct 31 11:53:53 IST 2025, 346 W
Fri Oct 31 11:53:53 IST 2025, 372 W
Fri Oct 31 11:53:53 IST 2025, 348 W
Fri Oct 31 11:53:53 IST 2025, 345 W
Fri Oct 31 11:53:54 IST 2025, 229 W
Fri Oct 31 11:53:54 IST 2025, 230 W
Fri Oct 31 11:53:54 IST 2025, 228 W
Fri Oct 31 11:53:54 IST 2025, 228 W
Fri Oct 31 11:53:55 IST 2025, 229 W
Fri Oct 31 11:53:55 IST 2025, 230 W
Fri Oct 31 11:53:55 IST 2025, 229 W
Fri Oct 31 11:53:55 IST 2025, 227 W
Fri Oct 31 11:53:56 IST 2025, 227 W
Fri Oct 31 11:53:56 IST 2025, 231 W
Fri Oct 31 11:53:56 IST 2025, 229 W
Fri Oct 31 11:53:56 IST 2025, 227 W
Fri Oct 31 11:53:57 IST 2025, 304 W
Fri Oct 31 11:53:57 IST 2025, 231 W
Fri Oct 31 11:53:57 IST 2025, 229 W
Fri Oct 31 11:53:57 IST 2025, 302 W
Fri Oct 31 11:53:58 IST 2025, 373 W
Fri Oct 31 11:53:58 IST 2025, 379 W
Fri Oct 31 11:53:58 IST 2025, 343 W
Fri Oct 31 11:53:58 IST 2025, 334 W
Fri Oct 31 11:53:59 IST 2025, 344 W
Fri Oct 31 11:53:59 IST 2025, 377 W
Fri Oct 31 11:53:59 IST 2025, 341 W
Fri Oct 31 11:53:59 IST 2025, 336 W
Fri Oct 31 11:54:00 IST 2025, 341 W
Fri Oct 31 11:54:00 IST 2025, 385 W
Fri Oct 31 11:54:00 IST 2025, 353 W
Fri Oct 31 11:54:00 IST 2025, 344 W
Fri Oct 31 11:54:01 IST 2025, 338 W
Fri Oct 31 11:54:01 IST 2025, 367 W
Fri Oct 31 11:54:01 IST 2025, 340 W
Fri Oct 31 11:54:01 IST 2025, 341 W
Fri Oct 31 11:54:02 IST 2025, 349 W
Fri Oct 31 11:54:02 IST 2025, 371 W
Fri Oct 31 11:54:02 IST 2025, 346 W
Fri Oct 31 11:54:02 IST 2025, 343 W
Fri Oct 31 11:54:03 IST 2025, 353 W
Fri Oct 31 11:54:03 IST 2025, 380 W
Fri Oct 31 11:54:03 IST 2025, 353 W
Fri Oct 31 11:54:03 IST 2025, 345 W
Fri Oct 31 11:54:04 IST 2025, 331 W
Fri Oct 31 11:54:04 IST 2025, 345 W
Fri Oct 31 11:54:04 IST 2025, 340 W
Fri Oct 31 11:54:04 IST 2025, 341 W
Fri Oct 31 11:54:05 IST 2025, 333 W
Fri Oct 31 11:54:05 IST 2025, 344 W
Fri Oct 31 11:54:05 IST 2025, 340 W
Fri Oct 31 11:54:05 IST 2025, 340 W
Fri Oct 31 11:54:06 IST 2025, 344 W
Fri Oct 31 11:54:06 IST 2025, 365 W
Fri Oct 31 11:54:06 IST 2025, 344 W
Fri Oct 31 11:54:06 IST 2025, 350 W
Fri Oct 31 11:54:07 IST 2025, 377 W
Fri Oct 31 11:54:07 IST 2025, 401 W
Fri Oct 31 11:54:07 IST 2025, 373 W
Fri Oct 31 11:54:07 IST 2025, 352 W
Fri Oct 31 11:54:08 IST 2025, 341 W
Fri Oct 31 11:54:08 IST 2025, 375 W
Fri Oct 31 11:54:08 IST 2025, 346 W
Fri Oct 31 11:54:08 IST 2025, 349 W
Fri Oct 31 11:54:09 IST 2025, 229 W
Fri Oct 31 11:54:09 IST 2025, 231 W
Fri Oct 31 11:54:09 IST 2025, 228 W
Fri Oct 31 11:54:09 IST 2025, 227 W
Fri Oct 31 11:54:10 IST 2025, 228 W
Fri Oct 31 11:54:10 IST 2025, 230 W
Fri Oct 31 11:54:10 IST 2025, 229 W
Fri Oct 31 11:54:10 IST 2025, 227 W
Fri Oct 31 11:54:11 IST 2025, 228 W
Fri Oct 31 11:54:11 IST 2025, 229 W
Fri Oct 31 11:54:11 IST 2025, 229 W
Fri Oct 31 11:54:11 IST 2025, 227 W
Fri Oct 31 11:54:12 IST 2025, 345 W
Fri Oct 31 11:54:12 IST 2025, 349 W
Fri Oct 31 11:54:12 IST 2025, 338 W
Fri Oct 31 11:54:12 IST 2025, 339 W
Fri Oct 31 11:54:13 IST 2025, 377 W
Fri Oct 31 11:54:13 IST 2025, 387 W
Fri Oct 31 11:54:13 IST 2025, 352 W
Fri Oct 31 11:54:13 IST 2025, 354 W
Fri Oct 31 11:54:14 IST 2025, 373 W
Fri Oct 31 11:54:14 IST 2025, 401 W
Fri Oct 31 11:54:14 IST 2025, 377 W
Fri Oct 31 11:54:14 IST 2025, 334 W
Fri Oct 31 11:54:15 IST 2025, 343 W
Fri Oct 31 11:54:15 IST 2025, 375 W
Fri Oct 31 11:54:15 IST 2025, 348 W
Fri Oct 31 11:54:15 IST 2025, 340 W
Fri Oct 31 11:54:16 IST 2025, 336 W
Fri Oct 31 11:54:16 IST 2025, 375 W
Fri Oct 31 11:54:16 IST 2025, 345 W
Fri Oct 31 11:54:16 IST 2025, 343 W
Fri Oct 31 11:54:17 IST 2025, 327 W
Fri Oct 31 11:54:17 IST 2025, 385 W
Fri Oct 31 11:54:17 IST 2025, 370 W
Fri Oct 31 11:54:17 IST 2025, 353 W
Fri Oct 31 11:54:18 IST 2025, 350 W
Fri Oct 31 11:54:18 IST 2025, 385 W
Fri Oct 31 11:54:18 IST 2025, 321 W
Fri Oct 31 11:54:18 IST 2025, 348 W
Fri Oct 31 11:54:19 IST 2025, 338 W
Fri Oct 31 11:54:19 IST 2025, 372 W
Fri Oct 31 11:54:19 IST 2025, 343 W
Fri Oct 31 11:54:19 IST 2025, 347 W
Fri Oct 31 11:54:20 IST 2025, 337 W
Fri Oct 31 11:54:20 IST 2025, 376 W
Fri Oct 31 11:54:20 IST 2025, 343 W
Fri Oct 31 11:54:20 IST 2025, 348 W
Fri Oct 31 11:54:21 IST 2025, 341 W
Fri Oct 31 11:54:21 IST 2025, 374 W
Fri Oct 31 11:54:21 IST 2025, 353 W
Fri Oct 31 11:54:21 IST 2025, 346 W
Fri Oct 31 11:54:22 IST 2025, 340 W
Fri Oct 31 11:54:22 IST 2025, 370 W
Fri Oct 31 11:54:22 IST 2025, 341 W
Fri Oct 31 11:54:22 IST 2025, 345 W
Fri Oct 31 11:54:23 IST 2025, 232 W
Fri Oct 31 11:54:23 IST 2025, 231 W
Fri Oct 31 11:54:23 IST 2025, 231 W
Fri Oct 31 11:54:23 IST 2025, 230 W
Fri Oct 31 11:54:24 IST 2025, 228 W
Fri Oct 31 11:54:24 IST 2025, 229 W
Fri Oct 31 11:54:24 IST 2025, 228 W
Fri Oct 31 11:54:24 IST 2025, 228 W
Fri Oct 31 11:54:25 IST 2025, 229 W
Fri Oct 31 11:54:25 IST 2025, 230 W
Fri Oct 31 11:54:25 IST 2025, 229 W
Fri Oct 31 11:54:25 IST 2025, 227 W
Fri Oct 31 11:54:26 IST 2025, 227 W
Fri Oct 31 11:54:26 IST 2025, 230 W
Fri Oct 31 11:54:26 IST 2025, 229 W
Fri Oct 31 11:54:26 IST 2025, 227 W
Fri Oct 31 11:54:27 IST 2025, 339 W
Fri Oct 31 11:54:27 IST 2025, 329 W
Fri Oct 31 11:54:27 IST 2025, 342 W
Fri Oct 31 11:54:27 IST 2025, 332 W
Fri Oct 31 11:54:28 IST 2025, 353 W
Fri Oct 31 11:54:28 IST 2025, 380 W
Fri Oct 31 11:54:28 IST 2025, 350 W
Fri Oct 31 11:54:28 IST 2025, 341 W
Fri Oct 31 11:54:29 IST 2025, 345 W
Fri Oct 31 11:54:29 IST 2025, 383 W
Fri Oct 31 11:54:29 IST 2025, 353 W
Fri Oct 31 11:54:29 IST 2025, 345 W
Fri Oct 31 11:54:30 IST 2025, 349 W
Fri Oct 31 11:54:30 IST 2025, 380 W
Fri Oct 31 11:54:30 IST 2025, 352 W
Fri Oct 31 11:54:30 IST 2025, 346 W
Fri Oct 31 11:54:31 IST 2025, 340 W
Fri Oct 31 11:54:31 IST 2025, 358 W
Fri Oct 31 11:54:31 IST 2025, 337 W
Fri Oct 31 11:54:31 IST 2025, 337 W
Fri Oct 31 11:54:32 IST 2025, 329 W
Fri Oct 31 11:54:32 IST 2025, 361 W
Fri Oct 31 11:54:32 IST 2025, 341 W
Fri Oct 31 11:54:32 IST 2025, 336 W
Fri Oct 31 11:54:33 IST 2025, 334 W
Fri Oct 31 11:54:33 IST 2025, 362 W
Fri Oct 31 11:54:33 IST 2025, 341 W
Fri Oct 31 11:54:33 IST 2025, 338 W
Fri Oct 31 11:54:34 IST 2025, 358 W
Fri Oct 31 11:54:34 IST 2025, 389 W
Fri Oct 31 11:54:34 IST 2025, 346 W
Fri Oct 31 11:54:34 IST 2025, 344 W
Fri Oct 31 11:54:35 IST 2025, 349 W
Fri Oct 31 11:54:35 IST 2025, 376 W
Fri Oct 31 11:54:35 IST 2025, 350 W
Fri Oct 31 11:54:35 IST 2025, 340 W
Fri Oct 31 11:54:36 IST 2025, 347 W
Fri Oct 31 11:54:36 IST 2025, 372 W
Fri Oct 31 11:54:36 IST 2025, 345 W
Fri Oct 31 11:54:36 IST 2025, 343 W
Fri Oct 31 11:54:37 IST 2025, 348 W
Fri Oct 31 11:54:37 IST 2025, 368 W
Fri Oct 31 11:54:37 IST 2025, 346 W
Fri Oct 31 11:54:37 IST 2025, 334 W
Fri Oct 31 11:54:38 IST 2025, 231 W
Fri Oct 31 11:54:38 IST 2025, 232 W
Fri Oct 31 11:54:38 IST 2025, 231 W
Fri Oct 31 11:54:38 IST 2025, 230 W
Fri Oct 31 11:54:39 IST 2025, 229 W
Fri Oct 31 11:54:39 IST 2025, 230 W
Fri Oct 31 11:54:39 IST 2025, 230 W
Fri Oct 31 11:54:39 IST 2025, 227 W
Fri Oct 31 11:54:40 IST 2025, 228 W
Fri Oct 31 11:54:40 IST 2025, 231 W
Fri Oct 31 11:54:40 IST 2025, 229 W
Fri Oct 31 11:54:40 IST 2025, 227 W
Fri Oct 31 11:54:41 IST 2025, 228 W
Fri Oct 31 11:54:41 IST 2025, 230 W
Fri Oct 31 11:54:41 IST 2025, 229 W
Fri Oct 31 11:54:41 IST 2025, 227 W
Fri Oct 31 11:54:42 IST 2025, 343 W
Fri Oct 31 11:54:42 IST 2025, 385 W
Fri Oct 31 11:54:42 IST 2025, 344 W
Fri Oct 31 11:54:42 IST 2025, 342 W
Fri Oct 31 11:54:43 IST 2025, 345 W
Fri Oct 31 11:54:43 IST 2025, 379 W
Fri Oct 31 11:54:43 IST 2025, 346 W
Fri Oct 31 11:54:43 IST 2025, 340 W
Fri Oct 31 11:54:44 IST 2025, 336 W
Fri Oct 31 11:54:44 IST 2025, 330 W
Fri Oct 31 11:54:44 IST 2025, 343 W
Fri Oct 31 11:54:44 IST 2025, 343 W
Fri Oct 31 11:54:45 IST 2025, 343 W
Fri Oct 31 11:54:45 IST 2025, 366 W
Fri Oct 31 11:54:45 IST 2025, 343 W
Fri Oct 31 11:54:45 IST 2025, 344 W
Fri Oct 31 11:54:46 IST 2025, 345 W
Fri Oct 31 11:54:46 IST 2025, 369 W
Fri Oct 31 11:54:46 IST 2025, 349 W
Fri Oct 31 11:54:46 IST 2025, 341 W
Fri Oct 31 11:54:47 IST 2025, 347 W
Fri Oct 31 11:54:47 IST 2025, 371 W
Fri Oct 31 11:54:47 IST 2025, 348 W
Fri Oct 31 11:54:47 IST 2025, 349 W
Fri Oct 31 11:54:48 IST 2025, 344 W
Fri Oct 31 11:54:48 IST 2025, 364 W
Fri Oct 31 11:54:48 IST 2025, 341 W
Fri Oct 31 11:54:48 IST 2025, 334 W
Fri Oct 31 11:54:49 IST 2025, 347 W
Fri Oct 31 11:54:49 IST 2025, 378 W
Fri Oct 31 11:54:49 IST 2025, 349 W
Fri Oct 31 11:54:49 IST 2025, 349 W
Fri Oct 31 11:54:50 IST 2025, 347 W
Fri Oct 31 11:54:50 IST 2025, 381 W
Fri Oct 31 11:54:50 IST 2025, 345 W
Fri Oct 31 11:54:50 IST 2025, 343 W
Fri Oct 31 11:54:51 IST 2025, 347 W
Fri Oct 31 11:54:51 IST 2025, 371 W
Fri Oct 31 11:54:51 IST 2025, 347 W
Fri Oct 31 11:54:51 IST 2025, 343 W
Fri Oct 31 11:54:52 IST 2025, 347 W
Fri Oct 31 11:54:52 IST 2025, 368 W
Fri Oct 31 11:54:52 IST 2025, 346 W
Fri Oct 31 11:54:52 IST 2025, 338 W
Fri Oct 31 11:54:53 IST 2025, 228 W
Fri Oct 31 11:54:53 IST 2025, 231 W
Fri Oct 31 11:54:53 IST 2025, 229 W
Fri Oct 31 11:54:53 IST 2025, 227 W
Fri Oct 31 11:54:54 IST 2025, 228 W
Fri Oct 31 11:54:54 IST 2025, 230 W
Fri Oct 31 11:54:54 IST 2025, 229 W
Fri Oct 31 11:54:54 IST 2025, 227 W
Fri Oct 31 11:54:55 IST 2025, 228 W
Fri Oct 31 11:54:55 IST 2025, 230 W
Fri Oct 31 11:54:55 IST 2025, 229 W
Fri Oct 31 11:54:55 IST 2025, 227 W
Fri Oct 31 11:54:56 IST 2025, 342 W
Fri Oct 31 11:54:56 IST 2025, 370 W
Fri Oct 31 11:54:56 IST 2025, 345 W
Fri Oct 31 11:54:56 IST 2025, 343 W
Fri Oct 31 11:54:57 IST 2025, 345 W
Fri Oct 31 11:54:57 IST 2025, 402 W
Fri Oct 31 11:54:57 IST 2025, 371 W
Fri Oct 31 11:54:57 IST 2025, 355 W
Fri Oct 31 11:54:58 IST 2025, 352 W
Fri Oct 31 11:54:58 IST 2025, 380 W
Fri Oct 31 11:54:58 IST 2025, 351 W
Fri Oct 31 11:54:58 IST 2025, 344 W
Fri Oct 31 11:54:59 IST 2025, 363 W
Fri Oct 31 11:54:59 IST 2025, 389 W
Fri Oct 31 11:54:59 IST 2025, 365 W
Fri Oct 31 11:54:59 IST 2025, 324 W
Fri Oct 31 11:55:00 IST 2025, 335 W
Fri Oct 31 11:55:00 IST 2025, 381 W
Fri Oct 31 11:55:00 IST 2025, 346 W
Fri Oct 31 11:55:00 IST 2025, 347 W
Fri Oct 31 11:55:01 IST 2025, 349 W
Fri Oct 31 11:55:01 IST 2025, 379 W
Fri Oct 31 11:55:01 IST 2025, 348 W
Fri Oct 31 11:55:01 IST 2025, 341 W
Fri Oct 31 11:55:02 IST 2025, 345 W
Fri Oct 31 11:55:02 IST 2025, 371 W
Fri Oct 31 11:55:02 IST 2025, 346 W
Fri Oct 31 11:55:02 IST 2025, 347 W
Fri Oct 31 11:55:03 IST 2025, 348 W
Fri Oct 31 11:55:03 IST 2025, 362 W
Fri Oct 31 11:55:03 IST 2025, 339 W
Fri Oct 31 11:55:03 IST 2025, 340 W
Fri Oct 31 11:55:04 IST 2025, 346 W
Fri Oct 31 11:55:04 IST 2025, 372 W
Fri Oct 31 11:55:04 IST 2025, 339 W
Fri Oct 31 11:55:04 IST 2025, 318 W
Fri Oct 31 11:55:05 IST 2025, 347 W
Fri Oct 31 11:55:05 IST 2025, 369 W
Fri Oct 31 11:55:05 IST 2025, 346 W
Fri Oct 31 11:55:05 IST 2025, 341 W
Fri Oct 31 11:55:06 IST 2025, 340 W
Fri Oct 31 11:55:06 IST 2025, 370 W
Fri Oct 31 11:55:06 IST 2025, 342 W
Fri Oct 31 11:55:06 IST 2025, 341 W
Fri Oct 31 11:55:07 IST 2025, 229 W
Fri Oct 31 11:55:07 IST 2025, 230 W
Fri Oct 31 11:55:07 IST 2025, 228 W
Fri Oct 31 11:55:07 IST 2025, 227 W
Fri Oct 31 11:55:08 IST 2025, 228 W
Fri Oct 31 11:55:08 IST 2025, 229 W
Fri Oct 31 11:55:08 IST 2025, 229 W
Fri Oct 31 11:55:08 IST 2025, 227 W
Fri Oct 31 11:55:09 IST 2025, 227 W
Fri Oct 31 11:55:09 IST 2025, 229 W
Fri Oct 31 11:55:09 IST 2025, 228 W
Fri Oct 31 11:55:09 IST 2025, 227 W
Fri Oct 31 11:55:10 IST 2025, 256 W
Fri Oct 31 11:55:10 IST 2025, 229 W
Fri Oct 31 11:55:10 IST 2025, 230 W
Fri Oct 31 11:55:10 IST 2025, 232 W
Fri Oct 31 11:55:11 IST 2025, 350 W
Fri Oct 31 11:55:11 IST 2025, 378 W
Fri Oct 31 11:55:11 IST 2025, 347 W
Fri Oct 31 11:55:11 IST 2025, 343 W
Fri Oct 31 11:55:12 IST 2025, 347 W
Fri Oct 31 11:55:12 IST 2025, 378 W
Fri Oct 31 11:55:12 IST 2025, 348 W
Fri Oct 31 11:55:12 IST 2025, 339 W
Fri Oct 31 11:55:13 IST 2025, 347 W
Fri Oct 31 11:55:13 IST 2025, 376 W
Fri Oct 31 11:55:13 IST 2025, 349 W
Fri Oct 31 11:55:13 IST 2025, 342 W
Fri Oct 31 11:55:14 IST 2025, 351 W
Fri Oct 31 11:55:14 IST 2025, 379 W
Fri Oct 31 11:55:14 IST 2025, 349 W
Fri Oct 31 11:55:14 IST 2025, 342 W
Fri Oct 31 11:55:15 IST 2025, 339 W
Fri Oct 31 11:55:15 IST 2025, 331 W
Fri Oct 31 11:55:15 IST 2025, 344 W
Fri Oct 31 11:55:15 IST 2025, 338 W
Fri Oct 31 11:55:16 IST 2025, 351 W
Fri Oct 31 11:55:16 IST 2025, 383 W
Fri Oct 31 11:55:16 IST 2025, 352 W
Fri Oct 31 11:55:16 IST 2025, 349 W
Fri Oct 31 11:55:17 IST 2025, 353 W
Fri Oct 31 11:55:17 IST 2025, 385 W
Fri Oct 31 11:55:17 IST 2025, 347 W
Fri Oct 31 11:55:17 IST 2025, 339 W
Fri Oct 31 11:55:18 IST 2025, 350 W
Fri Oct 31 11:55:18 IST 2025, 382 W
Fri Oct 31 11:55:18 IST 2025, 352 W
Fri Oct 31 11:55:18 IST 2025, 347 W
Fri Oct 31 11:55:19 IST 2025, 338 W
Fri Oct 31 11:55:19 IST 2025, 363 W
Fri Oct 31 11:55:19 IST 2025, 338 W
Fri Oct 31 11:55:19 IST 2025, 342 W
Fri Oct 31 11:55:20 IST 2025, 328 W
Fri Oct 31 11:55:20 IST 2025, 364 W
Fri Oct 31 11:55:20 IST 2025, 344 W
Fri Oct 31 11:55:20 IST 2025, 339 W
Fri Oct 31 11:55:21 IST 2025, 230 W
Fri Oct 31 11:55:21 IST 2025, 231 W
Fri Oct 31 11:55:21 IST 2025, 229 W
Fri Oct 31 11:55:21 IST 2025, 228 W
Fri Oct 31 11:55:22 IST 2025, 229 W
Fri Oct 31 11:55:22 IST 2025, 231 W
Fri Oct 31 11:55:22 IST 2025, 229 W
Fri Oct 31 11:55:22 IST 2025, 227 W
Fri Oct 31 11:55:23 IST 2025, 229 W
Fri Oct 31 11:55:23 IST 2025, 231 W
Fri Oct 31 11:55:23 IST 2025, 229 W
Fri Oct 31 11:55:23 IST 2025, 227 W
Fri Oct 31 11:55:24 IST 2025, 229 W
Fri Oct 31 11:55:24 IST 2025, 231 W
Fri Oct 31 11:55:24 IST 2025, 229 W
Fri Oct 31 11:55:24 IST 2025, 227 W
Fri Oct 31 11:55:25 IST 2025, 374 W
Fri Oct 31 11:55:25 IST 2025, 404 W
Fri Oct 31 11:55:25 IST 2025, 376 W
Fri Oct 31 11:55:25 IST 2025, 347 W
Fri Oct 31 11:55:26 IST 2025, 352 W
Fri Oct 31 11:55:26 IST 2025, 389 W
Fri Oct 31 11:55:26 IST 2025, 357 W
Fri Oct 31 11:55:26 IST 2025, 320 W
Fri Oct 31 11:55:27 IST 2025, 367 W
Fri Oct 31 11:55:27 IST 2025, 400 W
Fri Oct 31 11:55:27 IST 2025, 366 W
Fri Oct 31 11:55:27 IST 2025, 329 W
Fri Oct 31 11:55:28 IST 2025, 338 W
Fri Oct 31 11:55:28 IST 2025, 374 W
Fri Oct 31 11:55:28 IST 2025, 349 W
Fri Oct 31 11:55:28 IST 2025, 343 W
Fri Oct 31 11:55:29 IST 2025, 340 W
Fri Oct 31 11:55:29 IST 2025, 368 W
Fri Oct 31 11:55:29 IST 2025, 346 W
Fri Oct 31 11:55:29 IST 2025, 345 W
Fri Oct 31 11:55:30 IST 2025, 339 W
Fri Oct 31 11:55:30 IST 2025, 369 W
Fri Oct 31 11:55:30 IST 2025, 345 W
Fri Oct 31 11:55:30 IST 2025, 340 W
Fri Oct 31 11:55:31 IST 2025, 343 W
Fri Oct 31 11:55:31 IST 2025, 375 W
Fri Oct 31 11:55:31 IST 2025, 348 W
Fri Oct 31 11:55:31 IST 2025, 343 W
Fri Oct 31 11:55:32 IST 2025, 339 W
Fri Oct 31 11:55:32 IST 2025, 374 W
Fri Oct 31 11:55:32 IST 2025, 345 W
Fri Oct 31 11:55:32 IST 2025, 343 W
Fri Oct 31 11:55:33 IST 2025, 350 W
Fri Oct 31 11:55:33 IST 2025, 381 W
Fri Oct 31 11:55:33 IST 2025, 355 W
Fri Oct 31 11:55:33 IST 2025, 349 W
Fri Oct 31 11:55:34 IST 2025, 343 W
Fri Oct 31 11:55:34 IST 2025, 369 W
Fri Oct 31 11:55:34 IST 2025, 345 W
Fri Oct 31 11:55:34 IST 2025, 343 W
Fri Oct 31 11:55:35 IST 2025, 352 W
Fri Oct 31 11:55:35 IST 2025, 375 W
Fri Oct 31 11:55:35 IST 2025, 347 W
Fri Oct 31 11:55:35 IST 2025, 345 W
Fri Oct 31 11:55:36 IST 2025, 229 W
Fri Oct 31 11:55:36 IST 2025, 230 W
Fri Oct 31 11:55:36 IST 2025, 229 W
Fri Oct 31 11:55:36 IST 2025, 227 W
Fri Oct 31 11:55:37 IST 2025, 228 W
Fri Oct 31 11:55:37 IST 2025, 230 W
Fri Oct 31 11:55:37 IST 2025, 229 W
Fri Oct 31 11:55:37 IST 2025, 227 W
Fri Oct 31 11:55:38 IST 2025, 228 W
Fri Oct 31 11:55:38 IST 2025, 230 W
Fri Oct 31 11:55:38 IST 2025, 229 W
Fri Oct 31 11:55:38 IST 2025, 227 W
Fri Oct 31 11:55:39 IST 2025, 347 W
Fri Oct 31 11:55:39 IST 2025, 378 W
Fri Oct 31 11:55:39 IST 2025, 348 W
Fri Oct 31 11:55:39 IST 2025, 354 W
Fri Oct 31 11:55:40 IST 2025, 342 W
Fri Oct 31 11:55:40 IST 2025, 347 W
Fri Oct 31 11:55:40 IST 2025, 336 W
Fri Oct 31 11:55:40 IST 2025, 337 W
Fri Oct 31 11:55:41 IST 2025, 345 W
Fri Oct 31 11:55:41 IST 2025, 380 W
Fri Oct 31 11:55:41 IST 2025, 351 W
Fri Oct 31 11:55:41 IST 2025, 348 W
Fri Oct 31 11:55:42 IST 2025, 332 W
Fri Oct 31 11:55:42 IST 2025, 390 W
Fri Oct 31 11:55:42 IST 2025, 360 W
Fri Oct 31 11:55:42 IST 2025, 355 W
Fri Oct 31 11:55:43 IST 2025, 365 W
Fri Oct 31 11:55:43 IST 2025, 371 W
Fri Oct 31 11:55:43 IST 2025, 359 W
Fri Oct 31 11:55:43 IST 2025, 330 W
Fri Oct 31 11:55:44 IST 2025, 361 W
Fri Oct 31 11:55:44 IST 2025, 376 W
Fri Oct 31 11:55:44 IST 2025, 347 W
Fri Oct 31 11:55:44 IST 2025, 345 W
Fri Oct 31 11:55:45 IST 2025, 354 W
Fri Oct 31 11:55:45 IST 2025, 375 W
Fri Oct 31 11:55:45 IST 2025, 361 W
Fri Oct 31 11:55:45 IST 2025, 317 W
Fri Oct 31 11:55:46 IST 2025, 345 W
Fri Oct 31 11:55:46 IST 2025, 373 W
Fri Oct 31 11:55:46 IST 2025, 349 W
Fri Oct 31 11:55:46 IST 2025, 345 W
Fri Oct 31 11:55:47 IST 2025, 345 W
Fri Oct 31 11:55:47 IST 2025, 355 W
Fri Oct 31 11:55:47 IST 2025, 339 W
Fri Oct 31 11:55:47 IST 2025, 338 W
Fri Oct 31 11:55:48 IST 2025, 341 W
Fri Oct 31 11:55:48 IST 2025, 372 W
Fri Oct 31 11:55:48 IST 2025, 345 W
Fri Oct 31 11:55:48 IST 2025, 337 W
Fri Oct 31 11:55:49 IST 2025, 348 W
Fri Oct 31 11:55:49 IST 2025, 373 W
Fri Oct 31 11:55:49 IST 2025, 343 W
Fri Oct 31 11:55:49 IST 2025, 333 W
Fri Oct 31 11:55:50 IST 2025, 346 W
Fri Oct 31 11:55:50 IST 2025, 358 W
Fri Oct 31 11:55:50 IST 2025, 345 W
Fri Oct 31 11:55:50 IST 2025, 346 W
Fri Oct 31 11:55:51 IST 2025, 229 W
Fri Oct 31 11:55:51 IST 2025, 231 W
Fri Oct 31 11:55:51 IST 2025, 229 W
Fri Oct 31 11:55:51 IST 2025, 227 W
Fri Oct 31 11:55:52 IST 2025, 228 W
Fri Oct 31 11:55:52 IST 2025, 230 W
Fri Oct 31 11:55:52 IST 2025, 229 W
Fri Oct 31 11:55:52 IST 2025, 227 W
Fri Oct 31 11:55:53 IST 2025, 228 W
Fri Oct 31 11:55:53 IST 2025, 229 W
Fri Oct 31 11:55:53 IST 2025, 228 W
Fri Oct 31 11:55:53 IST 2025, 227 W
Fri Oct 31 11:55:54 IST 2025, 343 W
Fri Oct 31 11:55:54 IST 2025, 369 W
Fri Oct 31 11:55:54 IST 2025, 346 W
Fri Oct 31 11:55:54 IST 2025, 343 W
Fri Oct 31 11:55:55 IST 2025, 357 W
Fri Oct 31 11:55:55 IST 2025, 385 W
Fri Oct 31 11:55:55 IST 2025, 335 W
Fri Oct 31 11:55:55 IST 2025, 348 W
Fri Oct 31 11:55:56 IST 2025, 349 W
Fri Oct 31 11:55:56 IST 2025, 373 W
Fri Oct 31 11:55:56 IST 2025, 341 W
Fri Oct 31 11:55:56 IST 2025, 340 W
Fri Oct 31 11:55:57 IST 2025, 347 W
Fri Oct 31 11:55:57 IST 2025, 385 W
Fri Oct 31 11:55:57 IST 2025, 341 W
Fri Oct 31 11:55:57 IST 2025, 344 W
Fri Oct 31 11:55:58 IST 2025, 341 W
Fri Oct 31 11:55:58 IST 2025, 386 W
Fri Oct 31 11:55:58 IST 2025, 341 W
Fri Oct 31 11:55:58 IST 2025, 346 W
Fri Oct 31 11:55:59 IST 2025, 344 W
Fri Oct 31 11:55:59 IST 2025, 385 W
Fri Oct 31 11:55:59 IST 2025, 334 W
Fri Oct 31 11:55:59 IST 2025, 344 W
Fri Oct 31 11:56:00 IST 2025, 351 W
Fri Oct 31 11:56:00 IST 2025, 387 W
Fri Oct 31 11:56:00 IST 2025, 334 W
Fri Oct 31 11:56:00 IST 2025, 346 W
Fri Oct 31 11:56:01 IST 2025, 344 W
Fri Oct 31 11:56:01 IST 2025, 375 W
Fri Oct 31 11:56:01 IST 2025, 340 W
Fri Oct 31 11:56:01 IST 2025, 329 W
Fri Oct 31 11:56:02 IST 2025, 358 W
Fri Oct 31 11:56:02 IST 2025, 390 W
Fri Oct 31 11:56:02 IST 2025, 350 W
Fri Oct 31 11:56:02 IST 2025, 336 W
Fri Oct 31 11:56:03 IST 2025, 345 W
Fri Oct 31 11:56:03 IST 2025, 375 W
Fri Oct 31 11:56:03 IST 2025, 347 W
Fri Oct 31 11:56:03 IST 2025, 328 W
Fri Oct 31 11:56:04 IST 2025, 346 W
Fri Oct 31 11:56:04 IST 2025, 376 W
Fri Oct 31 11:56:04 IST 2025, 349 W
Fri Oct 31 11:56:04 IST 2025, 333 W
Fri Oct 31 11:56:05 IST 2025, 229 W
Fri Oct 31 11:56:05 IST 2025, 230 W
Fri Oct 31 11:56:05 IST 2025, 229 W
Fri Oct 31 11:56:05 IST 2025, 228 W
Fri Oct 31 11:56:06 IST 2025, 229 W
Fri Oct 31 11:56:06 IST 2025, 229 W
Fri Oct 31 11:56:06 IST 2025, 229 W
Fri Oct 31 11:56:06 IST 2025, 227 W
Fri Oct 31 11:56:07 IST 2025, 228 W
Fri Oct 31 11:56:07 IST 2025, 230 W
Fri Oct 31 11:56:07 IST 2025, 228 W
Fri Oct 31 11:56:07 IST 2025, 227 W
Fri Oct 31 11:56:08 IST 2025, 228 W
Fri Oct 31 11:56:08 IST 2025, 230 W
Fri Oct 31 11:56:08 IST 2025, 227 W
Fri Oct 31 11:56:08 IST 2025, 226 W
Fri Oct 31 11:56:09 IST 2025, 350 W
Fri Oct 31 11:56:09 IST 2025, 385 W
Fri Oct 31 11:56:09 IST 2025, 351 W
Fri Oct 31 11:56:09 IST 2025, 337 W
Fri Oct 31 11:56:10 IST 2025, 343 W
Fri Oct 31 11:56:10 IST 2025, 379 W
Fri Oct 31 11:56:10 IST 2025, 353 W
Fri Oct 31 11:56:10 IST 2025, 346 W
Fri Oct 31 11:56:11 IST 2025, 354 W
Fri Oct 31 11:56:11 IST 2025, 385 W
Fri Oct 31 11:56:11 IST 2025, 351 W
Fri Oct 31 11:56:11 IST 2025, 337 W
Fri Oct 31 11:56:12 IST 2025, 344 W
Fri Oct 31 11:56:12 IST 2025, 375 W
Fri Oct 31 11:56:12 IST 2025, 350 W
Fri Oct 31 11:56:12 IST 2025, 346 W
Fri Oct 31 11:56:13 IST 2025, 340 W
Fri Oct 31 11:56:13 IST 2025, 368 W
Fri Oct 31 11:56:13 IST 2025, 340 W
Fri Oct 31 11:56:13 IST 2025, 342 W
Fri Oct 31 11:56:14 IST 2025, 345 W
Fri Oct 31 11:56:14 IST 2025, 366 W
Fri Oct 31 11:56:14 IST 2025, 345 W
Fri Oct 31 11:56:14 IST 2025, 339 W
Fri Oct 31 11:56:15 IST 2025, 349 W
Fri Oct 31 11:56:15 IST 2025, 380 W
Fri Oct 31 11:56:15 IST 2025, 351 W
Fri Oct 31 11:56:15 IST 2025, 348 W
Fri Oct 31 11:56:16 IST 2025, 347 W
Fri Oct 31 11:56:16 IST 2025, 374 W
Fri Oct 31 11:56:16 IST 2025, 342 W
Fri Oct 31 11:56:16 IST 2025, 339 W
Fri Oct 31 11:56:17 IST 2025, 345 W
Fri Oct 31 11:56:17 IST 2025, 371 W
Fri Oct 31 11:56:17 IST 2025, 341 W
Fri Oct 31 11:56:17 IST 2025, 338 W
Fri Oct 31 11:56:18 IST 2025, 343 W
Fri Oct 31 11:56:18 IST 2025, 368 W
Fri Oct 31 11:56:18 IST 2025, 345 W
Fri Oct 31 11:56:18 IST 2025, 335 W
Fri Oct 31 11:56:19 IST 2025, 343 W
Fri Oct 31 11:56:19 IST 2025, 357 W
Fri Oct 31 11:56:19 IST 2025, 339 W
Fri Oct 31 11:56:19 IST 2025, 345 W
Fri Oct 31 11:56:20 IST 2025, 229 W
Fri Oct 31 11:56:20 IST 2025, 231 W
Fri Oct 31 11:56:20 IST 2025, 229 W
Fri Oct 31 11:56:20 IST 2025, 228 W
Fri Oct 31 11:56:21 IST 2025, 227 W
Fri Oct 31 11:56:21 IST 2025, 229 W
Fri Oct 31 11:56:21 IST 2025, 228 W
Fri Oct 31 11:56:21 IST 2025, 227 W
Fri Oct 31 11:56:22 IST 2025, 228 W
Fri Oct 31 11:56:22 IST 2025, 229 W
Fri Oct 31 11:56:22 IST 2025, 228 W
Fri Oct 31 11:56:22 IST 2025, 227 W
Fri Oct 31 11:56:23 IST 2025, 344 W
Fri Oct 31 11:56:23 IST 2025, 375 W
Fri Oct 31 11:56:23 IST 2025, 342 W
Fri Oct 31 11:56:23 IST 2025, 345 W
Fri Oct 31 11:56:24 IST 2025, 370 W
Fri Oct 31 11:56:24 IST 2025, 389 W
Fri Oct 31 11:56:24 IST 2025, 331 W
Fri Oct 31 11:56:24 IST 2025, 364 W
Fri Oct 31 11:56:25 IST 2025, 389 W
Fri Oct 31 11:56:25 IST 2025, 393 W
Fri Oct 31 11:56:25 IST 2025, 331 W
Fri Oct 31 11:56:25 IST 2025, 382 W
Fri Oct 31 11:56:26 IST 2025, 337 W
Fri Oct 31 11:56:26 IST 2025, 378 W
Fri Oct 31 11:56:26 IST 2025, 346 W
Fri Oct 31 11:56:26 IST 2025, 342 W
Fri Oct 31 11:56:27 IST 2025, 339 W
Fri Oct 31 11:56:27 IST 2025, 360 W
Fri Oct 31 11:56:27 IST 2025, 344 W
Fri Oct 31 11:56:27 IST 2025, 344 W
Fri Oct 31 11:56:28 IST 2025, 346 W
Fri Oct 31 11:56:28 IST 2025, 378 W
Fri Oct 31 11:56:28 IST 2025, 348 W
Fri Oct 31 11:56:28 IST 2025, 344 W
Fri Oct 31 11:56:29 IST 2025, 349 W
Fri Oct 31 11:56:29 IST 2025, 377 W
Fri Oct 31 11:56:29 IST 2025, 345 W
Fri Oct 31 11:56:29 IST 2025, 344 W
Fri Oct 31 11:56:30 IST 2025, 347 W
Fri Oct 31 11:56:30 IST 2025, 377 W
Fri Oct 31 11:56:30 IST 2025, 346 W
Fri Oct 31 11:56:30 IST 2025, 345 W
Fri Oct 31 11:56:31 IST 2025, 343 W
Fri Oct 31 11:56:31 IST 2025, 366 W
Fri Oct 31 11:56:31 IST 2025, 347 W
Fri Oct 31 11:56:31 IST 2025, 337 W
Fri Oct 31 11:56:32 IST 2025, 341 W
Fri Oct 31 11:56:32 IST 2025, 347 W
Fri Oct 31 11:56:32 IST 2025, 343 W
Fri Oct 31 11:56:32 IST 2025, 334 W
Fri Oct 31 11:56:33 IST 2025, 340 W
Fri Oct 31 11:56:33 IST 2025, 375 W
Fri Oct 31 11:56:33 IST 2025, 342 W
Fri Oct 31 11:56:33 IST 2025, 340 W
Fri Oct 31 11:56:34 IST 2025, 236 W
Fri Oct 31 11:56:34 IST 2025, 236 W
Fri Oct 31 11:56:34 IST 2025, 233 W
Fri Oct 31 11:56:34 IST 2025, 237 W
Fri Oct 31 11:56:35 IST 2025, 228 W
Fri Oct 31 11:56:35 IST 2025, 230 W
Fri Oct 31 11:56:35 IST 2025, 229 W
Fri Oct 31 11:56:35 IST 2025, 227 W
Fri Oct 31 11:56:36 IST 2025, 228 W
Fri Oct 31 11:56:36 IST 2025, 230 W
Fri Oct 31 11:56:36 IST 2025, 229 W
Fri Oct 31 11:56:36 IST 2025, 227 W
Fri Oct 31 11:56:37 IST 2025, 227 W
Fri Oct 31 11:56:37 IST 2025, 230 W
Fri Oct 31 11:56:37 IST 2025, 228 W
Fri Oct 31 11:56:37 IST 2025, 227 W
Fri Oct 31 11:56:38 IST 2025, 347 W
Fri Oct 31 11:56:38 IST 2025, 375 W
Fri Oct 31 11:56:38 IST 2025, 344 W
Fri Oct 31 11:56:38 IST 2025, 349 W
Fri Oct 31 11:56:39 IST 2025, 342 W
Fri Oct 31 11:56:39 IST 2025, 357 W
Fri Oct 31 11:56:39 IST 2025, 344 W
Fri Oct 31 11:56:39 IST 2025, 344 W
Fri Oct 31 11:56:40 IST 2025, 345 W
Fri Oct 31 11:56:40 IST 2025, 376 W
Fri Oct 31 11:56:40 IST 2025, 347 W
Fri Oct 31 11:56:40 IST 2025, 347 W
Fri Oct 31 11:56:41 IST 2025, 349 W
Fri Oct 31 11:56:41 IST 2025, 375 W
Fri Oct 31 11:56:41 IST 2025, 340 W
Fri Oct 31 11:56:41 IST 2025, 344 W
Fri Oct 31 11:56:42 IST 2025, 343 W
Fri Oct 31 11:56:42 IST 2025, 372 W
Fri Oct 31 11:56:42 IST 2025, 348 W
Fri Oct 31 11:56:42 IST 2025, 343 W
Fri Oct 31 11:56:43 IST 2025, 345 W
Fri Oct 31 11:56:43 IST 2025, 376 W
Fri Oct 31 11:56:43 IST 2025, 353 W
Fri Oct 31 11:56:43 IST 2025, 346 W
Fri Oct 31 11:56:44 IST 2025, 348 W
Fri Oct 31 11:56:44 IST 2025, 374 W
Fri Oct 31 11:56:44 IST 2025, 342 W
Fri Oct 31 11:56:44 IST 2025, 340 W
Fri Oct 31 11:56:45 IST 2025, 346 W
Fri Oct 31 11:56:45 IST 2025, 374 W
Fri Oct 31 11:56:45 IST 2025, 349 W
Fri Oct 31 11:56:45 IST 2025, 348 W
Fri Oct 31 11:56:46 IST 2025, 355 W
Fri Oct 31 11:56:46 IST 2025, 382 W
Fri Oct 31 11:56:46 IST 2025, 350 W
Fri Oct 31 11:56:46 IST 2025, 341 W
Fri Oct 31 11:56:47 IST 2025, 338 W
Fri Oct 31 11:56:47 IST 2025, 368 W
Fri Oct 31 11:56:47 IST 2025, 348 W
Fri Oct 31 11:56:47 IST 2025, 327 W
Fri Oct 31 11:56:48 IST 2025, 343 W
Fri Oct 31 11:56:48 IST 2025, 375 W
Fri Oct 31 11:56:48 IST 2025, 349 W
Fri Oct 31 11:56:48 IST 2025, 345 W
Fri Oct 31 11:56:49 IST 2025, 229 W
Fri Oct 31 11:56:49 IST 2025, 230 W
Fri Oct 31 11:56:49 IST 2025, 229 W
Fri Oct 31 11:56:49 IST 2025, 227 W
Fri Oct 31 11:56:50 IST 2025, 229 W
Fri Oct 31 11:56:50 IST 2025, 231 W
Fri Oct 31 11:56:50 IST 2025, 229 W
Fri Oct 31 11:56:50 IST 2025, 226 W
Fri Oct 31 11:56:51 IST 2025, 227 W
Fri Oct 31 11:56:51 IST 2025, 230 W
Fri Oct 31 11:56:51 IST 2025, 229 W
Fri Oct 31 11:56:51 IST 2025, 227 W
Fri Oct 31 11:56:52 IST 2025, 350 W
Fri Oct 31 11:56:52 IST 2025, 385 W
Fri Oct 31 11:56:52 IST 2025, 336 W
Fri Oct 31 11:56:52 IST 2025, 347 W
Fri Oct 31 11:56:53 IST 2025, 352 W
Fri Oct 31 11:56:53 IST 2025, 380 W
Fri Oct 31 11:56:53 IST 2025, 344 W
Fri Oct 31 11:56:53 IST 2025, 349 W
Fri Oct 31 11:56:54 IST 2025, 353 W
Fri Oct 31 11:56:54 IST 2025, 384 W
Fri Oct 31 11:56:54 IST 2025, 339 W
Fri Oct 31 11:56:54 IST 2025, 343 W
Fri Oct 31 11:56:55 IST 2025, 345 W
Fri Oct 31 11:56:55 IST 2025, 380 W
Fri Oct 31 11:56:55 IST 2025, 353 W
Fri Oct 31 11:56:55 IST 2025, 346 W
Fri Oct 31 11:56:56 IST 2025, 344 W
Fri Oct 31 11:56:56 IST 2025, 374 W
Fri Oct 31 11:56:56 IST 2025, 347 W
Fri Oct 31 11:56:56 IST 2025, 342 W
Fri Oct 31 11:56:57 IST 2025, 349 W
Fri Oct 31 11:56:57 IST 2025, 379 W
Fri Oct 31 11:56:57 IST 2025, 350 W
Fri Oct 31 11:56:57 IST 2025, 337 W
Fri Oct 31 11:56:58 IST 2025, 344 W
Fri Oct 31 11:56:58 IST 2025, 350 W
Fri Oct 31 11:56:58 IST 2025, 341 W
Fri Oct 31 11:56:58 IST 2025, 337 W
Fri Oct 31 11:56:59 IST 2025, 343 W
Fri Oct 31 11:56:59 IST 2025, 380 W
Fri Oct 31 11:56:59 IST 2025, 352 W
Fri Oct 31 11:56:59 IST 2025, 343 W
Fri Oct 31 11:57:00 IST 2025, 352 W
Fri Oct 31 11:57:00 IST 2025, 386 W
Fri Oct 31 11:57:00 IST 2025, 348 W
Fri Oct 31 11:57:00 IST 2025, 352 W
Fri Oct 31 11:57:01 IST 2025, 340 W
Fri Oct 31 11:57:01 IST 2025, 333 W
Fri Oct 31 11:57:01 IST 2025, 331 W
Fri Oct 31 11:57:01 IST 2025, 334 W
Fri Oct 31 11:57:02 IST 2025, 333 W
Fri Oct 31 11:57:02 IST 2025, 330 W
Fri Oct 31 11:57:02 IST 2025, 334 W
Fri Oct 31 11:57:02 IST 2025, 332 W
Fri Oct 31 11:57:03 IST 2025, 228 W
Fri Oct 31 11:57:03 IST 2025, 230 W
Fri Oct 31 11:57:03 IST 2025, 229 W
Fri Oct 31 11:57:03 IST 2025, 229 W
Fri Oct 31 11:57:04 IST 2025, 229 W
Fri Oct 31 11:57:04 IST 2025, 231 W
Fri Oct 31 11:57:04 IST 2025, 228 W
Fri Oct 31 11:57:04 IST 2025, 227 W
Fri Oct 31 11:57:05 IST 2025, 229 W
Fri Oct 31 11:57:05 IST 2025, 230 W
Fri Oct 31 11:57:05 IST 2025, 229 W
Fri Oct 31 11:57:05 IST 2025, 227 W
Fri Oct 31 11:57:06 IST 2025, 228 W
Fri Oct 31 11:57:06 IST 2025, 231 W
Fri Oct 31 11:57:06 IST 2025, 229 W
Fri Oct 31 11:57:06 IST 2025, 227 W
Fri Oct 31 11:57:07 IST 2025, 306 W
Fri Oct 31 11:57:07 IST 2025, 371 W
Fri Oct 31 11:57:07 IST 2025, 314 W
Fri Oct 31 11:57:07 IST 2025, 339 W
Fri Oct 31 11:57:08 IST 2025, 353 W
Fri Oct 31 11:57:08 IST 2025, 384 W
Fri Oct 31 11:57:08 IST 2025, 351 W
Fri Oct 31 11:57:08 IST 2025, 348 W
Fri Oct 31 11:57:09 IST 2025, 342 W
Fri Oct 31 11:57:09 IST 2025, 361 W
Fri Oct 31 11:57:09 IST 2025, 345 W
Fri Oct 31 11:57:09 IST 2025, 332 W
Fri Oct 31 11:57:10 IST 2025, 340 W
Fri Oct 31 11:57:10 IST 2025, 347 W
Fri Oct 31 11:57:10 IST 2025, 339 W
Fri Oct 31 11:57:10 IST 2025, 334 W
Fri Oct 31 11:57:11 IST 2025, 343 W
Fri Oct 31 11:57:11 IST 2025, 367 W
Fri Oct 31 11:57:11 IST 2025, 350 W
Fri Oct 31 11:57:11 IST 2025, 366 W
Fri Oct 31 11:57:12 IST 2025, 350 W
Fri Oct 31 11:57:12 IST 2025, 375 W
Fri Oct 31 11:57:12 IST 2025, 343 W
Fri Oct 31 11:57:12 IST 2025, 345 W
Fri Oct 31 11:57:13 IST 2025, 340 W
Fri Oct 31 11:57:13 IST 2025, 328 W
Fri Oct 31 11:57:13 IST 2025, 336 W
Fri Oct 31 11:57:13 IST 2025, 334 W
Fri Oct 31 11:57:14 IST 2025, 341 W
Fri Oct 31 11:57:14 IST 2025, 346 W
Fri Oct 31 11:57:14 IST 2025, 344 W
Fri Oct 31 11:57:14 IST 2025, 337 W
Fri Oct 31 11:57:15 IST 2025, 341 W
Fri Oct 31 11:57:15 IST 2025, 343 W
Fri Oct 31 11:57:15 IST 2025, 343 W
Fri Oct 31 11:57:15 IST 2025, 345 W
Fri Oct 31 11:57:16 IST 2025, 345 W
Fri Oct 31 11:57:16 IST 2025, 375 W
Fri Oct 31 11:57:16 IST 2025, 348 W
Fri Oct 31 11:57:16 IST 2025, 343 W
Fri Oct 31 11:57:17 IST 2025, 346 W
Fri Oct 31 11:57:17 IST 2025, 378 W
Fri Oct 31 11:57:17 IST 2025, 352 W
Fri Oct 31 11:57:17 IST 2025, 347 W
Fri Oct 31 11:57:18 IST 2025, 239 W
Fri Oct 31 11:57:18 IST 2025, 240 W
Fri Oct 31 11:57:18 IST 2025, 236 W
Fri Oct 31 11:57:18 IST 2025, 242 W
Fri Oct 31 11:57:19 IST 2025, 228 W
Fri Oct 31 11:57:19 IST 2025, 229 W
Fri Oct 31 11:57:19 IST 2025, 229 W
Fri Oct 31 11:57:19 IST 2025, 227 W
Fri Oct 31 11:57:20 IST 2025, 228 W
Fri Oct 31 11:57:20 IST 2025, 229 W
Fri Oct 31 11:57:20 IST 2025, 229 W
Fri Oct 31 11:57:20 IST 2025, 227 W
Fri Oct 31 11:57:21 IST 2025, 228 W
Fri Oct 31 11:57:21 IST 2025, 229 W
Fri Oct 31 11:57:21 IST 2025, 228 W
Fri Oct 31 11:57:21 IST 2025, 227 W
Fri Oct 31 11:57:22 IST 2025, 340 W
Fri Oct 31 11:57:22 IST 2025, 383 W
Fri Oct 31 11:57:22 IST 2025, 353 W
Fri Oct 31 11:57:22 IST 2025, 345 W
Fri Oct 31 11:57:23 IST 2025, 337 W
Fri Oct 31 11:57:23 IST 2025, 357 W
Fri Oct 31 11:57:23 IST 2025, 339 W
Fri Oct 31 11:57:23 IST 2025, 340 W
Fri Oct 31 11:57:24 IST 2025, 336 W
Fri Oct 31 11:57:24 IST 2025, 359 W
Fri Oct 31 11:57:24 IST 2025, 336 W
Fri Oct 31 11:57:24 IST 2025, 340 W
Fri Oct 31 11:57:25 IST 2025, 341 W
Fri Oct 31 11:57:25 IST 2025, 362 W
Fri Oct 31 11:57:25 IST 2025, 342 W
Fri Oct 31 11:57:25 IST 2025, 333 W
Fri Oct 31 11:57:26 IST 2025, 337 W
Fri Oct 31 11:57:26 IST 2025, 357 W
Fri Oct 31 11:57:26 IST 2025, 343 W
Fri Oct 31 11:57:26 IST 2025, 340 W
Fri Oct 31 11:57:27 IST 2025, 343 W
Fri Oct 31 11:57:27 IST 2025, 377 W
Fri Oct 31 11:57:27 IST 2025, 351 W
Fri Oct 31 11:57:27 IST 2025, 345 W
Fri Oct 31 11:57:28 IST 2025, 379 W
Fri Oct 31 11:57:28 IST 2025, 378 W
Fri Oct 31 11:57:28 IST 2025, 347 W
Fri Oct 31 11:57:28 IST 2025, 375 W
Fri Oct 31 11:57:29 IST 2025, 341 W
Fri Oct 31 11:57:29 IST 2025, 340 W
Fri Oct 31 11:57:29 IST 2025, 342 W
Fri Oct 31 11:57:29 IST 2025, 338 W
Fri Oct 31 11:57:30 IST 2025, 354 W
Fri Oct 31 11:57:30 IST 2025, 382 W
Fri Oct 31 11:57:30 IST 2025, 319 W
Fri Oct 31 11:57:30 IST 2025, 352 W
Fri Oct 31 11:57:31 IST 2025, 342 W
Fri Oct 31 11:57:31 IST 2025, 340 W
Fri Oct 31 11:57:31 IST 2025, 343 W
Fri Oct 31 11:57:31 IST 2025, 339 W
Fri Oct 31 11:57:32 IST 2025, 344 W
Fri Oct 31 11:57:32 IST 2025, 344 W
Fri Oct 31 11:57:32 IST 2025, 345 W
Fri Oct 31 11:57:32 IST 2025, 336 W
Fri Oct 31 11:57:33 IST 2025, 348 W
Fri Oct 31 11:57:33 IST 2025, 345 W
Fri Oct 31 11:57:33 IST 2025, 346 W
Fri Oct 31 11:57:33 IST 2025, 335 W
Fri Oct 31 11:57:34 IST 2025, 229 W
Fri Oct 31 11:57:34 IST 2025, 229 W
Fri Oct 31 11:57:34 IST 2025, 229 W
Fri Oct 31 11:57:34 IST 2025, 227 W
Fri Oct 31 11:57:35 IST 2025, 228 W
Fri Oct 31 11:57:35 IST 2025, 230 W
Fri Oct 31 11:57:35 IST 2025, 229 W
Fri Oct 31 11:57:35 IST 2025, 227 W
Fri Oct 31 11:57:36 IST 2025, 227 W
Fri Oct 31 11:57:36 IST 2025, 230 W
Fri Oct 31 11:57:36 IST 2025, 228 W
Fri Oct 31 11:57:36 IST 2025, 227 W
Fri Oct 31 11:57:37 IST 2025, 343 W
Fri Oct 31 11:57:37 IST 2025, 342 W
Fri Oct 31 11:57:37 IST 2025, 341 W
Fri Oct 31 11:57:37 IST 2025, 339 W
Fri Oct 31 11:57:38 IST 2025, 349 W
Fri Oct 31 11:57:38 IST 2025, 388 W
Fri Oct 31 11:57:38 IST 2025, 340 W
Fri Oct 31 11:57:38 IST 2025, 351 W
Fri Oct 31 11:57:39 IST 2025, 351 W
Fri Oct 31 11:57:39 IST 2025, 382 W
Fri Oct 31 11:57:39 IST 2025, 339 W
Fri Oct 31 11:57:39 IST 2025, 342 W
Fri Oct 31 11:57:40 IST 2025, 350 W
Fri Oct 31 11:57:40 IST 2025, 379 W
Fri Oct 31 11:57:40 IST 2025, 348 W
Fri Oct 31 11:57:40 IST 2025, 340 W
Fri Oct 31 11:57:41 IST 2025, 351 W
Fri Oct 31 11:57:41 IST 2025, 379 W
Fri Oct 31 11:57:41 IST 2025, 346 W
Fri Oct 31 11:57:41 IST 2025, 340 W
Fri Oct 31 11:57:42 IST 2025, 346 W
Fri Oct 31 11:57:42 IST 2025, 375 W
Fri Oct 31 11:57:42 IST 2025, 342 W
Fri Oct 31 11:57:42 IST 2025, 338 W
Fri Oct 31 11:57:43 IST 2025, 349 W
Fri Oct 31 11:57:43 IST 2025, 376 W
Fri Oct 31 11:57:43 IST 2025, 342 W
Fri Oct 31 11:57:43 IST 2025, 341 W
Fri Oct 31 11:57:44 IST 2025, 342 W
Fri Oct 31 11:57:44 IST 2025, 372 W
Fri Oct 31 11:57:44 IST 2025, 344 W
Fri Oct 31 11:57:44 IST 2025, 344 W
Fri Oct 31 11:57:45 IST 2025, 345 W
Fri Oct 31 11:57:45 IST 2025, 375 W
Fri Oct 31 11:57:45 IST 2025, 340 W
Fri Oct 31 11:57:45 IST 2025, 342 W
Fri Oct 31 11:57:46 IST 2025, 344 W
Fri Oct 31 11:57:46 IST 2025, 381 W
Fri Oct 31 11:57:46 IST 2025, 349 W
Fri Oct 31 11:57:46 IST 2025, 352 W
Fri Oct 31 11:57:47 IST 2025, 344 W
Fri Oct 31 11:57:47 IST 2025, 379 W
Fri Oct 31 11:57:47 IST 2025, 346 W
Fri Oct 31 11:57:47 IST 2025, 343 W
Fri Oct 31 11:57:48 IST 2025, 228 W
Fri Oct 31 11:57:48 IST 2025, 230 W
Fri Oct 31 11:57:48 IST 2025, 229 W
Fri Oct 31 11:57:48 IST 2025, 229 W
Fri Oct 31 11:57:49 IST 2025, 228 W
Fri Oct 31 11:57:49 IST 2025, 231 W
Fri Oct 31 11:57:49 IST 2025, 229 W
Fri Oct 31 11:57:49 IST 2025, 227 W
Fri Oct 31 11:57:50 IST 2025, 227 W
Fri Oct 31 11:57:50 IST 2025, 229 W
Fri Oct 31 11:57:50 IST 2025, 229 W
Fri Oct 31 11:57:50 IST 2025, 227 W
Fri Oct 31 11:57:51 IST 2025, 228 W
Fri Oct 31 11:57:51 IST 2025, 229 W
Fri Oct 31 11:57:51 IST 2025, 227 W
Fri Oct 31 11:57:51 IST 2025, 227 W
Fri Oct 31 11:57:52 IST 2025, 339 W
Fri Oct 31 11:57:52 IST 2025, 377 W
Fri Oct 31 11:57:52 IST 2025, 343 W
Fri Oct 31 11:57:52 IST 2025, 343 W
Fri Oct 31 11:57:53 IST 2025, 348 W
Fri Oct 31 11:57:53 IST 2025, 380 W
Fri Oct 31 11:57:53 IST 2025, 350 W
Fri Oct 31 11:57:53 IST 2025, 341 W
Fri Oct 31 11:57:54 IST 2025, 344 W
Fri Oct 31 11:57:54 IST 2025, 384 W
Fri Oct 31 11:57:54 IST 2025, 351 W
Fri Oct 31 11:57:54 IST 2025, 347 W
Fri Oct 31 11:57:55 IST 2025, 348 W
Fri Oct 31 11:57:55 IST 2025, 382 W
Fri Oct 31 11:57:55 IST 2025, 348 W
Fri Oct 31 11:57:55 IST 2025, 344 W
Fri Oct 31 11:57:56 IST 2025, 344 W
Fri Oct 31 11:57:56 IST 2025, 374 W
Fri Oct 31 11:57:56 IST 2025, 347 W
Fri Oct 31 11:57:56 IST 2025, 334 W
Fri Oct 31 11:57:57 IST 2025, 346 W
Fri Oct 31 11:57:57 IST 2025, 373 W
Fri Oct 31 11:57:57 IST 2025, 332 W
Fri Oct 31 11:57:57 IST 2025, 336 W
Fri Oct 31 11:57:58 IST 2025, 346 W
Fri Oct 31 11:57:58 IST 2025, 378 W
Fri Oct 31 11:57:58 IST 2025, 346 W
Fri Oct 31 11:57:58 IST 2025, 347 W
Fri Oct 31 11:57:59 IST 2025, 345 W
Fri Oct 31 11:57:59 IST 2025, 381 W
Fri Oct 31 11:57:59 IST 2025, 350 W
Fri Oct 31 11:57:59 IST 2025, 344 W
Fri Oct 31 11:58:00 IST 2025, 349 W
Fri Oct 31 11:58:00 IST 2025, 377 W
Fri Oct 31 11:58:00 IST 2025, 345 W
Fri Oct 31 11:58:00 IST 2025, 346 W
Fri Oct 31 11:58:01 IST 2025, 352 W
Fri Oct 31 11:58:01 IST 2025, 376 W
Fri Oct 31 11:58:01 IST 2025, 350 W
Fri Oct 31 11:58:01 IST 2025, 342 W
Fri Oct 31 11:58:02 IST 2025, 229 W
Fri Oct 31 11:58:02 IST 2025, 230 W
Fri Oct 31 11:58:02 IST 2025, 229 W
Fri Oct 31 11:58:02 IST 2025, 229 W
Fri Oct 31 11:58:03 IST 2025, 228 W
Fri Oct 31 11:58:03 IST 2025, 230 W
Fri Oct 31 11:58:03 IST 2025, 229 W
Fri Oct 31 11:58:03 IST 2025, 227 W
Fri Oct 31 11:58:04 IST 2025, 228 W
Fri Oct 31 11:58:04 IST 2025, 230 W
Fri Oct 31 11:58:04 IST 2025, 228 W
Fri Oct 31 11:58:04 IST 2025, 227 W
Fri Oct 31 11:58:05 IST 2025, 227 W
Fri Oct 31 11:58:05 IST 2025, 230 W
Fri Oct 31 11:58:05 IST 2025, 227 W
Fri Oct 31 11:58:05 IST 2025, 227 W
Fri Oct 31 11:58:06 IST 2025, 348 W
Fri Oct 31 11:58:06 IST 2025, 387 W
Fri Oct 31 11:58:06 IST 2025, 345 W
Fri Oct 31 11:58:06 IST 2025, 347 W
Fri Oct 31 11:58:07 IST 2025, 348 W
Fri Oct 31 11:58:07 IST 2025, 386 W
Fri Oct 31 11:58:07 IST 2025, 345 W
Fri Oct 31 11:58:07 IST 2025, 347 W
Fri Oct 31 11:58:08 IST 2025, 355 W
Fri Oct 31 11:58:08 IST 2025, 378 W
Fri Oct 31 11:58:08 IST 2025, 347 W
Fri Oct 31 11:58:08 IST 2025, 345 W
Fri Oct 31 11:58:09 IST 2025, 352 W
Fri Oct 31 11:58:09 IST 2025, 393 W
Fri Oct 31 11:58:09 IST 2025, 358 W
Fri Oct 31 11:58:09 IST 2025, 350 W
Fri Oct 31 11:58:10 IST 2025, 347 W
Fri Oct 31 11:58:10 IST 2025, 377 W
Fri Oct 31 11:58:10 IST 2025, 347 W
Fri Oct 31 11:58:10 IST 2025, 343 W
Fri Oct 31 11:58:11 IST 2025, 327 W
Fri Oct 31 11:58:11 IST 2025, 377 W
Fri Oct 31 11:58:11 IST 2025, 352 W
Fri Oct 31 11:58:11 IST 2025, 351 W
Fri Oct 31 11:58:12 IST 2025, 350 W
Fri Oct 31 11:58:12 IST 2025, 375 W
Fri Oct 31 11:58:12 IST 2025, 351 W
Fri Oct 31 11:58:12 IST 2025, 340 W
Fri Oct 31 11:58:13 IST 2025, 339 W
Fri Oct 31 11:58:13 IST 2025, 370 W
Fri Oct 31 11:58:13 IST 2025, 346 W
Fri Oct 31 11:58:13 IST 2025, 342 W
Fri Oct 31 11:58:14 IST 2025, 365 W
Fri Oct 31 11:58:14 IST 2025, 390 W
Fri Oct 31 11:58:14 IST 2025, 334 W
Fri Oct 31 11:58:14 IST 2025, 363 W
Fri Oct 31 11:58:15 IST 2025, 341 W
Fri Oct 31 11:58:15 IST 2025, 369 W
Fri Oct 31 11:58:15 IST 2025, 342 W
Fri Oct 31 11:58:15 IST 2025, 343 W
Fri Oct 31 11:58:16 IST 2025, 228 W
Fri Oct 31 11:58:16 IST 2025, 230 W
Fri Oct 31 11:58:16 IST 2025, 229 W
Fri Oct 31 11:58:16 IST 2025, 228 W
Fri Oct 31 11:58:17 IST 2025, 229 W
Fri Oct 31 11:58:17 IST 2025, 231 W
Fri Oct 31 11:58:17 IST 2025, 229 W
Fri Oct 31 11:58:17 IST 2025, 227 W
Fri Oct 31 11:58:18 IST 2025, 229 W
Fri Oct 31 11:58:18 IST 2025, 230 W
Fri Oct 31 11:58:18 IST 2025, 228 W
Fri Oct 31 11:58:18 IST 2025, 227 W
Fri Oct 31 11:58:19 IST 2025, 228 W
Fri Oct 31 11:58:19 IST 2025, 230 W
Fri Oct 31 11:58:19 IST 2025, 227 W
Fri Oct 31 11:58:19 IST 2025, 227 W
Fri Oct 31 11:58:20 IST 2025, 346 W
Fri Oct 31 11:58:20 IST 2025, 372 W
Fri Oct 31 11:58:20 IST 2025, 349 W
Fri Oct 31 11:58:20 IST 2025, 334 W
Fri Oct 31 11:58:21 IST 2025, 346 W
Fri Oct 31 11:58:21 IST 2025, 375 W
Fri Oct 31 11:58:21 IST 2025, 347 W
Fri Oct 31 11:58:21 IST 2025, 334 W
Fri Oct 31 11:58:22 IST 2025, 346 W
Fri Oct 31 11:58:22 IST 2025, 372 W
Fri Oct 31 11:58:22 IST 2025, 344 W
Fri Oct 31 11:58:22 IST 2025, 334 W
Fri Oct 31 11:58:23 IST 2025, 343 W
Fri Oct 31 11:58:23 IST 2025, 372 W
Fri Oct 31 11:58:23 IST 2025, 343 W
Fri Oct 31 11:58:23 IST 2025, 338 W
Fri Oct 31 11:58:24 IST 2025, 341 W
Fri Oct 31 11:58:24 IST 2025, 373 W
Fri Oct 31 11:58:24 IST 2025, 347 W
Fri Oct 31 11:58:24 IST 2025, 343 W
Fri Oct 31 11:58:25 IST 2025, 347 W
Fri Oct 31 11:58:25 IST 2025, 370 W
Fri Oct 31 11:58:25 IST 2025, 341 W
Fri Oct 31 11:58:25 IST 2025, 341 W
Fri Oct 31 11:58:26 IST 2025, 343 W
Fri Oct 31 11:58:26 IST 2025, 373 W
Fri Oct 31 11:58:26 IST 2025, 347 W
Fri Oct 31 11:58:26 IST 2025, 338 W
Fri Oct 31 11:58:27 IST 2025, 336 W
Fri Oct 31 11:58:27 IST 2025, 363 W
Fri Oct 31 11:58:27 IST 2025, 335 W
Fri Oct 31 11:58:27 IST 2025, 336 W
Fri Oct 31 11:58:28 IST 2025, 350 W
Fri Oct 31 11:58:28 IST 2025, 362 W
Fri Oct 31 11:58:28 IST 2025, 341 W
Fri Oct 31 11:58:28 IST 2025, 339 W
Fri Oct 31 11:58:29 IST 2025, 341 W
Fri Oct 31 11:58:29 IST 2025, 371 W
Fri Oct 31 11:58:29 IST 2025, 344 W
Fri Oct 31 11:58:29 IST 2025, 349 W
Fri Oct 31 11:58:30 IST 2025, 336 W
Fri Oct 31 11:58:30 IST 2025, 357 W
Fri Oct 31 11:58:30 IST 2025, 342 W
Fri Oct 31 11:58:30 IST 2025, 342 W
