timestamp, power.draw [W]
Tue Sep 23 21:16:10 IDT 2025, 91 W
Tue Sep 23 21:16:10 IDT 2025, 91 W
Tue Sep 23 21:16:10 IDT 2025, 99 W
Tue Sep 23 21:16:10 IDT 2025, 97 W
Tue Sep 23 21:16:10 IDT 2025, 92 W
Tue Sep 23 21:16:10 IDT 2025, 92 W
Tue Sep 23 21:16:10 IDT 2025, 98 W
Tue Sep 23 21:16:10 IDT 2025, 88 W
Tue Sep 23 21:16:11 IDT 2025, 95 W
Tue Sep 23 21:16:11 IDT 2025, 89 W
Tue Sep 23 21:16:11 IDT 2025, 99 W
Tue Sep 23 21:16:11 IDT 2025, 94 W
Tue Sep 23 21:16:11 IDT 2025, 87 W
Tue Sep 23 21:16:11 IDT 2025, 91 W
Tue Sep 23 21:16:11 IDT 2025, 100 W
Tue Sep 23 21:16:11 IDT 2025, 89 W
Tue Sep 23 21:16:12 IDT 2025, 93 W
Tue Sep 23 21:16:12 IDT 2025, 92 W
Tue Sep 23 21:16:12 IDT 2025, 96 W
Tue Sep 23 21:16:12 IDT 2025, 98 W
Tue Sep 23 21:16:12 IDT 2025, 86 W
Tue Sep 23 21:16:12 IDT 2025, 88 W
Tue Sep 23 21:16:12 IDT 2025, 103 W
Tue Sep 23 21:16:12 IDT 2025, 92 W
Tue Sep 23 21:16:13 IDT 2025, 89 W
Tue Sep 23 21:16:13 IDT 2025, 93 W
Tue Sep 23 21:16:13 IDT 2025, 92 W
Tue Sep 23 21:16:13 IDT 2025, 99 W
Tue Sep 23 21:16:13 IDT 2025, 89 W
Tue Sep 23 21:16:13 IDT 2025, 93 W
Tue Sep 23 21:16:13 IDT 2025, 94 W
Tue Sep 23 21:16:13 IDT 2025, 90 W
Tue Sep 23 21:16:14 IDT 2025, 94 W
Tue Sep 23 21:16:14 IDT 2025, 94 W
Tue Sep 23 21:16:14 IDT 2025, 95 W
Tue Sep 23 21:16:14 IDT 2025, 95 W
Tue Sep 23 21:16:14 IDT 2025, 93 W
Tue Sep 23 21:16:14 IDT 2025, 96 W
Tue Sep 23 21:16:14 IDT 2025, 94 W
Tue Sep 23 21:16:14 IDT 2025, 86 W
Tue Sep 23 21:16:15 IDT 2025, 94 W
Tue Sep 23 21:16:15 IDT 2025, 95 W
Tue Sep 23 21:16:15 IDT 2025, 96 W
Tue Sep 23 21:16:15 IDT 2025, 96 W
Tue Sep 23 21:16:15 IDT 2025, 96 W
Tue Sep 23 21:16:15 IDT 2025, 98 W
Tue Sep 23 21:16:15 IDT 2025, 94 W
Tue Sep 23 21:16:15 IDT 2025, 85 W
Tue Sep 23 21:16:16 IDT 2025, 93 W
Tue Sep 23 21:16:16 IDT 2025, 94 W
Tue Sep 23 21:16:16 IDT 2025, 96 W
Tue Sep 23 21:16:16 IDT 2025, 93 W
Tue Sep 23 21:16:16 IDT 2025, 88 W
Tue Sep 23 21:16:16 IDT 2025, 93 W
Tue Sep 23 21:16:16 IDT 2025, 97 W
Tue Sep 23 21:16:16 IDT 2025, 90 W
Tue Sep 23 21:16:17 IDT 2025, 92 W
Tue Sep 23 21:16:17 IDT 2025, 91 W
Tue Sep 23 21:16:17 IDT 2025, 90 W
Tue Sep 23 21:16:17 IDT 2025, 91 W
Tue Sep 23 21:16:17 IDT 2025, 93 W
Tue Sep 23 21:16:17 IDT 2025, 88 W
Tue Sep 23 21:16:17 IDT 2025, 95 W
Tue Sep 23 21:16:17 IDT 2025, 91 W
Tue Sep 23 21:16:18 IDT 2025, 92 W
Tue Sep 23 21:16:18 IDT 2025, 92 W
Tue Sep 23 21:16:18 IDT 2025, 94 W
Tue Sep 23 21:16:18 IDT 2025, 91 W
Tue Sep 23 21:16:18 IDT 2025, 87 W
Tue Sep 23 21:16:18 IDT 2025, 95 W
Tue Sep 23 21:16:18 IDT 2025, 103 W
Tue Sep 23 21:16:18 IDT 2025, 90 W
Tue Sep 23 21:16:19 IDT 2025, 92 W
Tue Sep 23 21:16:19 IDT 2025, 92 W
Tue Sep 23 21:16:19 IDT 2025, 100 W
Tue Sep 23 21:16:19 IDT 2025, 92 W
Tue Sep 23 21:16:19 IDT 2025, 89 W
Tue Sep 23 21:16:19 IDT 2025, 87 W
Tue Sep 23 21:16:19 IDT 2025, 102 W
Tue Sep 23 21:16:19 IDT 2025, 87 W
Tue Sep 23 21:16:20 IDT 2025, 94 W
Tue Sep 23 21:16:20 IDT 2025, 88 W
Tue Sep 23 21:16:20 IDT 2025, 97 W
Tue Sep 23 21:16:20 IDT 2025, 99 W
Tue Sep 23 21:16:20 IDT 2025, 87 W
Tue Sep 23 21:16:20 IDT 2025, 93 W
Tue Sep 23 21:16:20 IDT 2025, 100 W
Tue Sep 23 21:16:20 IDT 2025, 87 W
Tue Sep 23 21:16:21 IDT 2025, 95 W
Tue Sep 23 21:16:21 IDT 2025, 96 W
Tue Sep 23 21:16:21 IDT 2025, 96 W
Tue Sep 23 21:16:21 IDT 2025, 100 W
Tue Sep 23 21:16:21 IDT 2025, 88 W
Tue Sep 23 21:16:21 IDT 2025, 94 W
Tue Sep 23 21:16:21 IDT 2025, 102 W
Tue Sep 23 21:16:21 IDT 2025, 82 W
Tue Sep 23 21:16:22 IDT 2025, 93 W
Tue Sep 23 21:16:22 IDT 2025, 94 W
Tue Sep 23 21:16:22 IDT 2025, 93 W
Tue Sep 23 21:16:22 IDT 2025, 96 W
Tue Sep 23 21:16:22 IDT 2025, 92 W
Tue Sep 23 21:16:22 IDT 2025, 98 W
Tue Sep 23 21:16:22 IDT 2025, 99 W
Tue Sep 23 21:16:22 IDT 2025, 87 W
Tue Sep 23 21:16:23 IDT 2025, 92 W
Tue Sep 23 21:16:23 IDT 2025, 90 W
Tue Sep 23 21:16:23 IDT 2025, 94 W
Tue Sep 23 21:16:23 IDT 2025, 96 W
Tue Sep 23 21:16:23 IDT 2025, 88 W
Tue Sep 23 21:16:23 IDT 2025, 95 W
Tue Sep 23 21:16:23 IDT 2025, 96 W
Tue Sep 23 21:16:23 IDT 2025, 92 W
Tue Sep 23 21:16:24 IDT 2025, 90 W
Tue Sep 23 21:16:24 IDT 2025, 94 W
Tue Sep 23 21:16:24 IDT 2025, 92 W
Tue Sep 23 21:16:24 IDT 2025, 94 W
Tue Sep 23 21:16:24 IDT 2025, 97 W
Tue Sep 23 21:16:24 IDT 2025, 96 W
Tue Sep 23 21:16:24 IDT 2025, 106 W
Tue Sep 23 21:16:24 IDT 2025, 91 W
Tue Sep 23 21:16:25 IDT 2025, 93 W
Tue Sep 23 21:16:25 IDT 2025, 92 W
Tue Sep 23 21:16:25 IDT 2025, 94 W
Tue Sep 23 21:16:25 IDT 2025, 101 W
Tue Sep 23 21:16:25 IDT 2025, 86 W
Tue Sep 23 21:16:25 IDT 2025, 93 W
Tue Sep 23 21:16:25 IDT 2025, 100 W
Tue Sep 23 21:16:25 IDT 2025, 87 W
Tue Sep 23 21:16:26 IDT 2025, 90 W
Tue Sep 23 21:16:26 IDT 2025, 92 W
Tue Sep 23 21:16:26 IDT 2025, 102 W
Tue Sep 23 21:16:26 IDT 2025, 94 W
Tue Sep 23 21:16:26 IDT 2025, 92 W
Tue Sep 23 21:16:26 IDT 2025, 90 W
Tue Sep 23 21:16:26 IDT 2025, 97 W
Tue Sep 23 21:16:26 IDT 2025, 81 W
Tue Sep 23 21:16:27 IDT 2025, 94 W
Tue Sep 23 21:16:27 IDT 2025, 92 W
Tue Sep 23 21:16:27 IDT 2025, 95 W
Tue Sep 23 21:16:27 IDT 2025, 95 W
Tue Sep 23 21:16:27 IDT 2025, 86 W
Tue Sep 23 21:16:27 IDT 2025, 94 W
Tue Sep 23 21:16:27 IDT 2025, 96 W
Tue Sep 23 21:16:27 IDT 2025, 91 W
Tue Sep 23 21:16:28 IDT 2025, 98 W
Tue Sep 23 21:16:28 IDT 2025, 92 W
Tue Sep 23 21:16:28 IDT 2025, 93 W
Tue Sep 23 21:16:28 IDT 2025, 96 W
Tue Sep 23 21:16:28 IDT 2025, 89 W
Tue Sep 23 21:16:28 IDT 2025, 90 W
Tue Sep 23 21:16:28 IDT 2025, 97 W
Tue Sep 23 21:16:28 IDT 2025, 86 W
Tue Sep 23 21:16:29 IDT 2025, 96 W
Tue Sep 23 21:16:29 IDT 2025, 90 W
Tue Sep 23 21:16:29 IDT 2025, 99 W
Tue Sep 23 21:16:29 IDT 2025, 96 W
Tue Sep 23 21:16:29 IDT 2025, 96 W
Tue Sep 23 21:16:29 IDT 2025, 89 W
Tue Sep 23 21:16:29 IDT 2025, 99 W
Tue Sep 23 21:16:29 IDT 2025, 85 W
Tue Sep 23 21:16:30 IDT 2025, 94 W
Tue Sep 23 21:16:30 IDT 2025, 89 W
Tue Sep 23 21:16:30 IDT 2025, 101 W
Tue Sep 23 21:16:30 IDT 2025, 94 W
Tue Sep 23 21:16:30 IDT 2025, 93 W
Tue Sep 23 21:16:30 IDT 2025, 92 W
Tue Sep 23 21:16:30 IDT 2025, 101 W
Tue Sep 23 21:16:30 IDT 2025, 86 W
Tue Sep 23 21:16:31 IDT 2025, 95 W
Tue Sep 23 21:16:31 IDT 2025, 95 W
Tue Sep 23 21:16:31 IDT 2025, 100 W
Tue Sep 23 21:16:31 IDT 2025, 90 W
Tue Sep 23 21:16:31 IDT 2025, 93 W
Tue Sep 23 21:16:31 IDT 2025, 85 W
Tue Sep 23 21:16:31 IDT 2025, 95 W
Tue Sep 23 21:16:31 IDT 2025, 86 W
Tue Sep 23 21:16:32 IDT 2025, 91 W
Tue Sep 23 21:16:32 IDT 2025, 88 W
Tue Sep 23 21:16:32 IDT 2025, 98 W
Tue Sep 23 21:16:32 IDT 2025, 99 W
Tue Sep 23 21:16:32 IDT 2025, 85 W
Tue Sep 23 21:16:32 IDT 2025, 90 W
Tue Sep 23 21:16:32 IDT 2025, 97 W
Tue Sep 23 21:16:32 IDT 2025, 88 W
Tue Sep 23 21:16:33 IDT 2025, 89 W
Tue Sep 23 21:16:33 IDT 2025, 89 W
Tue Sep 23 21:16:33 IDT 2025, 94 W
Tue Sep 23 21:16:33 IDT 2025, 95 W
Tue Sep 23 21:16:33 IDT 2025, 89 W
Tue Sep 23 21:16:33 IDT 2025, 96 W
Tue Sep 23 21:16:33 IDT 2025, 101 W
Tue Sep 23 21:16:33 IDT 2025, 91 W
Tue Sep 23 21:16:34 IDT 2025, 93 W
Tue Sep 23 21:16:34 IDT 2025, 99 W
Tue Sep 23 21:16:34 IDT 2025, 99 W
Tue Sep 23 21:16:34 IDT 2025, 90 W
Tue Sep 23 21:16:34 IDT 2025, 87 W
Tue Sep 23 21:16:34 IDT 2025, 95 W
Tue Sep 23 21:16:34 IDT 2025, 105 W
Tue Sep 23 21:16:34 IDT 2025, 85 W
Tue Sep 23 21:16:35 IDT 2025, 91 W
Tue Sep 23 21:16:35 IDT 2025, 90 W
Tue Sep 23 21:16:35 IDT 2025, 94 W
Tue Sep 23 21:16:35 IDT 2025, 96 W
Tue Sep 23 21:16:35 IDT 2025, 85 W
Tue Sep 23 21:16:35 IDT 2025, 92 W
Tue Sep 23 21:16:35 IDT 2025, 95 W
Tue Sep 23 21:16:35 IDT 2025, 86 W
Tue Sep 23 21:16:36 IDT 2025, 91 W
Tue Sep 23 21:16:36 IDT 2025, 91 W
Tue Sep 23 21:16:36 IDT 2025, 94 W
Tue Sep 23 21:16:36 IDT 2025, 94 W
Tue Sep 23 21:16:36 IDT 2025, 90 W
Tue Sep 23 21:16:36 IDT 2025, 87 W
Tue Sep 23 21:16:36 IDT 2025, 104 W
Tue Sep 23 21:16:36 IDT 2025, 86 W
Tue Sep 23 21:16:37 IDT 2025, 90 W
Tue Sep 23 21:16:37 IDT 2025, 91 W
Tue Sep 23 21:16:37 IDT 2025, 96 W
Tue Sep 23 21:16:37 IDT 2025, 99 W
Tue Sep 23 21:16:37 IDT 2025, 84 W
Tue Sep 23 21:16:37 IDT 2025, 96 W
Tue Sep 23 21:16:37 IDT 2025, 102 W
Tue Sep 23 21:16:37 IDT 2025, 86 W
Tue Sep 23 21:16:38 IDT 2025, 89 W
Tue Sep 23 21:16:38 IDT 2025, 93 W
Tue Sep 23 21:16:38 IDT 2025, 97 W
Tue Sep 23 21:16:38 IDT 2025, 94 W
Tue Sep 23 21:16:38 IDT 2025, 88 W
Tue Sep 23 21:16:38 IDT 2025, 88 W
Tue Sep 23 21:16:38 IDT 2025, 101 W
Tue Sep 23 21:16:38 IDT 2025, 93 W
Tue Sep 23 21:16:39 IDT 2025, 94 W
Tue Sep 23 21:16:39 IDT 2025, 92 W
Tue Sep 23 21:16:39 IDT 2025, 95 W
Tue Sep 23 21:16:39 IDT 2025, 95 W
Tue Sep 23 21:16:39 IDT 2025, 89 W
Tue Sep 23 21:16:39 IDT 2025, 93 W
Tue Sep 23 21:16:39 IDT 2025, 99 W
Tue Sep 23 21:16:39 IDT 2025, 87 W
Tue Sep 23 21:16:40 IDT 2025, 93 W
Tue Sep 23 21:16:40 IDT 2025, 90 W
Tue Sep 23 21:16:40 IDT 2025, 100 W
Tue Sep 23 21:16:40 IDT 2025, 96 W
Tue Sep 23 21:16:40 IDT 2025, 94 W
Tue Sep 23 21:16:40 IDT 2025, 98 W
Tue Sep 23 21:16:40 IDT 2025, 95 W
Tue Sep 23 21:16:40 IDT 2025, 89 W
Tue Sep 23 21:16:41 IDT 2025, 93 W
Tue Sep 23 21:16:41 IDT 2025, 93 W
Tue Sep 23 21:16:41 IDT 2025, 101 W
Tue Sep 23 21:16:41 IDT 2025, 96 W
Tue Sep 23 21:16:41 IDT 2025, 84 W
Tue Sep 23 21:16:41 IDT 2025, 87 W
Tue Sep 23 21:16:41 IDT 2025, 106 W
Tue Sep 23 21:16:41 IDT 2025, 89 W
Tue Sep 23 21:16:42 IDT 2025, 96 W
Tue Sep 23 21:16:42 IDT 2025, 96 W
Tue Sep 23 21:16:42 IDT 2025, 98 W
Tue Sep 23 21:16:42 IDT 2025, 92 W
Tue Sep 23 21:16:42 IDT 2025, 88 W
Tue Sep 23 21:16:42 IDT 2025, 91 W
Tue Sep 23 21:16:42 IDT 2025, 105 W
Tue Sep 23 21:16:42 IDT 2025, 91 W
Tue Sep 23 21:16:43 IDT 2025, 94 W
Tue Sep 23 21:16:43 IDT 2025, 97 W
Tue Sep 23 21:16:43 IDT 2025, 92 W
Tue Sep 23 21:16:43 IDT 2025, 92 W
Tue Sep 23 21:16:43 IDT 2025, 90 W
Tue Sep 23 21:16:43 IDT 2025, 92 W
Tue Sep 23 21:16:43 IDT 2025, 96 W
Tue Sep 23 21:16:43 IDT 2025, 90 W
Tue Sep 23 21:16:44 IDT 2025, 93 W
Tue Sep 23 21:16:44 IDT 2025, 88 W
Tue Sep 23 21:16:44 IDT 2025, 99 W
Tue Sep 23 21:16:44 IDT 2025, 98 W
Tue Sep 23 21:16:44 IDT 2025, 91 W
Tue Sep 23 21:16:44 IDT 2025, 93 W
Tue Sep 23 21:16:44 IDT 2025, 96 W
Tue Sep 23 21:16:44 IDT 2025, 87 W
Tue Sep 23 21:16:45 IDT 2025, 96 W
Tue Sep 23 21:16:45 IDT 2025, 94 W
Tue Sep 23 21:16:45 IDT 2025, 90 W
Tue Sep 23 21:16:45 IDT 2025, 95 W
Tue Sep 23 21:16:45 IDT 2025, 95 W
Tue Sep 23 21:16:45 IDT 2025, 97 W
Tue Sep 23 21:16:45 IDT 2025, 101 W
Tue Sep 23 21:16:45 IDT 2025, 88 W
Tue Sep 23 21:16:46 IDT 2025, 93 W
Tue Sep 23 21:16:46 IDT 2025, 97 W
Tue Sep 23 21:16:46 IDT 2025, 98 W
Tue Sep 23 21:16:46 IDT 2025, 97 W
Tue Sep 23 21:16:46 IDT 2025, 86 W
Tue Sep 23 21:16:46 IDT 2025, 89 W
Tue Sep 23 21:16:46 IDT 2025, 100 W
Tue Sep 23 21:16:46 IDT 2025, 89 W
Tue Sep 23 21:16:47 IDT 2025, 89 W
Tue Sep 23 21:16:47 IDT 2025, 93 W
Tue Sep 23 21:16:47 IDT 2025, 92 W
Tue Sep 23 21:16:47 IDT 2025, 94 W
Tue Sep 23 21:16:47 IDT 2025, 85 W
Tue Sep 23 21:16:47 IDT 2025, 85 W
Tue Sep 23 21:16:47 IDT 2025, 98 W
Tue Sep 23 21:16:47 IDT 2025, 85 W
Tue Sep 23 21:16:48 IDT 2025, 95 W
Tue Sep 23 21:16:48 IDT 2025, 96 W
Tue Sep 23 21:16:48 IDT 2025, 96 W
Tue Sep 23 21:16:48 IDT 2025, 91 W
Tue Sep 23 21:16:48 IDT 2025, 90 W
Tue Sep 23 21:16:48 IDT 2025, 91 W
Tue Sep 23 21:16:48 IDT 2025, 99 W
Tue Sep 23 21:16:48 IDT 2025, 91 W
Tue Sep 23 21:16:49 IDT 2025, 98 W
Tue Sep 23 21:16:49 IDT 2025, 95 W
Tue Sep 23 21:16:49 IDT 2025, 92 W
Tue Sep 23 21:16:49 IDT 2025, 92 W
Tue Sep 23 21:16:49 IDT 2025, 87 W
Tue Sep 23 21:16:49 IDT 2025, 92 W
Tue Sep 23 21:16:49 IDT 2025, 97 W
Tue Sep 23 21:16:49 IDT 2025, 88 W
Tue Sep 23 21:16:50 IDT 2025, 100 W
Tue Sep 23 21:16:50 IDT 2025, 98 W
Tue Sep 23 21:16:50 IDT 2025, 99 W
Tue Sep 23 21:16:50 IDT 2025, 105 W
Tue Sep 23 21:16:50 IDT 2025, 96 W
Tue Sep 23 21:16:50 IDT 2025, 95 W
Tue Sep 23 21:16:50 IDT 2025, 106 W
Tue Sep 23 21:16:50 IDT 2025, 95 W
Tue Sep 23 21:16:51 IDT 2025, 98 W
Tue Sep 23 21:16:51 IDT 2025, 99 W
Tue Sep 23 21:16:51 IDT 2025, 105 W
Tue Sep 23 21:16:51 IDT 2025, 100 W
Tue Sep 23 21:16:51 IDT 2025, 93 W
Tue Sep 23 21:16:51 IDT 2025, 100 W
Tue Sep 23 21:16:51 IDT 2025, 106 W
Tue Sep 23 21:16:51 IDT 2025, 86 W
Tue Sep 23 21:16:52 IDT 2025, 96 W
Tue Sep 23 21:16:52 IDT 2025, 97 W
Tue Sep 23 21:16:52 IDT 2025, 95 W
Tue Sep 23 21:16:52 IDT 2025, 96 W
Tue Sep 23 21:16:52 IDT 2025, 93 W
Tue Sep 23 21:16:52 IDT 2025, 91 W
Tue Sep 23 21:16:52 IDT 2025, 100 W
Tue Sep 23 21:16:52 IDT 2025, 88 W
Tue Sep 23 21:16:53 IDT 2025, 91 W
Tue Sep 23 21:16:53 IDT 2025, 92 W
Tue Sep 23 21:16:53 IDT 2025, 98 W
Tue Sep 23 21:16:53 IDT 2025, 99 W
Tue Sep 23 21:16:53 IDT 2025, 94 W
Tue Sep 23 21:16:53 IDT 2025, 93 W
Tue Sep 23 21:16:53 IDT 2025, 106 W
Tue Sep 23 21:16:53 IDT 2025, 95 W
Tue Sep 23 21:16:54 IDT 2025, 98 W
Tue Sep 23 21:16:54 IDT 2025, 96 W
Tue Sep 23 21:16:54 IDT 2025, 92 W
Tue Sep 23 21:16:54 IDT 2025, 96 W
Tue Sep 23 21:16:54 IDT 2025, 94 W
Tue Sep 23 21:16:54 IDT 2025, 94 W
Tue Sep 23 21:16:54 IDT 2025, 100 W
Tue Sep 23 21:16:54 IDT 2025, 90 W
Tue Sep 23 21:16:55 IDT 2025, 97 W
Tue Sep 23 21:16:55 IDT 2025, 92 W
Tue Sep 23 21:16:55 IDT 2025, 101 W
Tue Sep 23 21:16:55 IDT 2025, 99 W
Tue Sep 23 21:16:55 IDT 2025, 95 W
Tue Sep 23 21:16:55 IDT 2025, 89 W
Tue Sep 23 21:16:55 IDT 2025, 100 W
Tue Sep 23 21:16:55 IDT 2025, 86 W
Tue Sep 23 21:16:56 IDT 2025, 93 W
Tue Sep 23 21:16:56 IDT 2025, 91 W
Tue Sep 23 21:16:56 IDT 2025, 98 W
Tue Sep 23 21:16:56 IDT 2025, 101 W
Tue Sep 23 21:16:56 IDT 2025, 94 W
Tue Sep 23 21:16:56 IDT 2025, 91 W
Tue Sep 23 21:16:56 IDT 2025, 102 W
Tue Sep 23 21:16:56 IDT 2025, 86 W
Tue Sep 23 21:16:57 IDT 2025, 95 W
Tue Sep 23 21:16:57 IDT 2025, 97 W
Tue Sep 23 21:16:57 IDT 2025, 95 W
Tue Sep 23 21:16:57 IDT 2025, 98 W
Tue Sep 23 21:16:57 IDT 2025, 94 W
Tue Sep 23 21:16:57 IDT 2025, 92 W
Tue Sep 23 21:16:57 IDT 2025, 101 W
Tue Sep 23 21:16:57 IDT 2025, 87 W
Tue Sep 23 21:16:58 IDT 2025, 95 W
Tue Sep 23 21:16:58 IDT 2025, 99 W
Tue Sep 23 21:16:58 IDT 2025, 103 W
Tue Sep 23 21:16:58 IDT 2025, 92 W
Tue Sep 23 21:16:58 IDT 2025, 95 W
Tue Sep 23 21:16:58 IDT 2025, 91 W
Tue Sep 23 21:16:58 IDT 2025, 106 W
Tue Sep 23 21:16:58 IDT 2025, 86 W
Tue Sep 23 21:16:59 IDT 2025, 92 W
Tue Sep 23 21:16:59 IDT 2025, 91 W
Tue Sep 23 21:16:59 IDT 2025, 93 W
Tue Sep 23 21:16:59 IDT 2025, 92 W
Tue Sep 23 21:16:59 IDT 2025, 93 W
Tue Sep 23 21:16:59 IDT 2025, 96 W
Tue Sep 23 21:16:59 IDT 2025, 101 W
Tue Sep 23 21:16:59 IDT 2025, 87 W
Tue Sep 23 21:17:00 IDT 2025, 94 W
Tue Sep 23 21:17:00 IDT 2025, 98 W
Tue Sep 23 21:17:00 IDT 2025, 102 W
Tue Sep 23 21:17:00 IDT 2025, 93 W
Tue Sep 23 21:17:00 IDT 2025, 90 W
Tue Sep 23 21:17:00 IDT 2025, 96 W
Tue Sep 23 21:17:00 IDT 2025, 102 W
Tue Sep 23 21:17:00 IDT 2025, 87 W
Tue Sep 23 21:17:01 IDT 2025, 94 W
Tue Sep 23 21:17:01 IDT 2025, 90 W
Tue Sep 23 21:17:01 IDT 2025, 99 W
Tue Sep 23 21:17:01 IDT 2025, 98 W
Tue Sep 23 21:17:01 IDT 2025, 91 W
Tue Sep 23 21:17:01 IDT 2025, 95 W
Tue Sep 23 21:17:01 IDT 2025, 102 W
Tue Sep 23 21:17:01 IDT 2025, 90 W
Tue Sep 23 21:17:02 IDT 2025, 90 W
Tue Sep 23 21:17:02 IDT 2025, 94 W
Tue Sep 23 21:17:02 IDT 2025, 102 W
Tue Sep 23 21:17:02 IDT 2025, 98 W
Tue Sep 23 21:17:02 IDT 2025, 87 W
Tue Sep 23 21:17:02 IDT 2025, 99 W
Tue Sep 23 21:17:02 IDT 2025, 97 W
Tue Sep 23 21:17:02 IDT 2025, 89 W
Tue Sep 23 21:17:03 IDT 2025, 94 W
Tue Sep 23 21:17:03 IDT 2025, 94 W
Tue Sep 23 21:17:03 IDT 2025, 98 W
Tue Sep 23 21:17:03 IDT 2025, 92 W
Tue Sep 23 21:17:03 IDT 2025, 98 W
Tue Sep 23 21:17:03 IDT 2025, 95 W
Tue Sep 23 21:17:03 IDT 2025, 104 W
Tue Sep 23 21:17:03 IDT 2025, 94 W
Tue Sep 23 21:17:04 IDT 2025, 96 W
Tue Sep 23 21:17:04 IDT 2025, 98 W
Tue Sep 23 21:17:04 IDT 2025, 98 W
Tue Sep 23 21:17:04 IDT 2025, 91 W
Tue Sep 23 21:17:04 IDT 2025, 97 W
Tue Sep 23 21:17:04 IDT 2025, 95 W
Tue Sep 23 21:17:04 IDT 2025, 96 W
Tue Sep 23 21:17:04 IDT 2025, 90 W
Tue Sep 23 21:17:05 IDT 2025, 96 W
Tue Sep 23 21:17:05 IDT 2025, 94 W
Tue Sep 23 21:17:05 IDT 2025, 94 W
Tue Sep 23 21:17:05 IDT 2025, 93 W
Tue Sep 23 21:17:05 IDT 2025, 98 W
Tue Sep 23 21:17:05 IDT 2025, 100 W
Tue Sep 23 21:17:05 IDT 2025, 101 W
Tue Sep 23 21:17:05 IDT 2025, 85 W
Tue Sep 23 21:17:06 IDT 2025, 92 W
Tue Sep 23 21:17:06 IDT 2025, 96 W
Tue Sep 23 21:17:06 IDT 2025, 102 W
Tue Sep 23 21:17:06 IDT 2025, 97 W
Tue Sep 23 21:17:06 IDT 2025, 87 W
Tue Sep 23 21:17:06 IDT 2025, 93 W
Tue Sep 23 21:17:06 IDT 2025, 103 W
Tue Sep 23 21:17:06 IDT 2025, 91 W
Tue Sep 23 21:17:07 IDT 2025, 95 W
Tue Sep 23 21:17:07 IDT 2025, 97 W
Tue Sep 23 21:17:07 IDT 2025, 106 W
Tue Sep 23 21:17:07 IDT 2025, 92 W
Tue Sep 23 21:17:07 IDT 2025, 95 W
Tue Sep 23 21:17:07 IDT 2025, 91 W
Tue Sep 23 21:17:07 IDT 2025, 102 W
Tue Sep 23 21:17:07 IDT 2025, 88 W
Tue Sep 23 21:17:08 IDT 2025, 92 W
Tue Sep 23 21:17:08 IDT 2025, 98 W
Tue Sep 23 21:17:08 IDT 2025, 98 W
Tue Sep 23 21:17:08 IDT 2025, 93 W
Tue Sep 23 21:17:08 IDT 2025, 90 W
Tue Sep 23 21:17:08 IDT 2025, 99 W
Tue Sep 23 21:17:08 IDT 2025, 96 W
Tue Sep 23 21:17:08 IDT 2025, 89 W
Tue Sep 23 21:17:09 IDT 2025, 96 W
Tue Sep 23 21:17:09 IDT 2025, 89 W
Tue Sep 23 21:17:09 IDT 2025, 100 W
Tue Sep 23 21:17:09 IDT 2025, 91 W
Tue Sep 23 21:17:09 IDT 2025, 91 W
Tue Sep 23 21:17:09 IDT 2025, 91 W
Tue Sep 23 21:17:09 IDT 2025, 101 W
Tue Sep 23 21:17:09 IDT 2025, 88 W
Tue Sep 23 21:17:10 IDT 2025, 94 W
Tue Sep 23 21:17:10 IDT 2025, 92 W
Tue Sep 23 21:17:10 IDT 2025, 97 W
Tue Sep 23 21:17:10 IDT 2025, 97 W
Tue Sep 23 21:17:10 IDT 2025, 89 W
Tue Sep 23 21:17:10 IDT 2025, 96 W
Tue Sep 23 21:17:10 IDT 2025, 102 W
Tue Sep 23 21:17:10 IDT 2025, 87 W
Tue Sep 23 21:17:11 IDT 2025, 91 W
Tue Sep 23 21:17:11 IDT 2025, 90 W
Tue Sep 23 21:17:11 IDT 2025, 104 W
Tue Sep 23 21:17:11 IDT 2025, 97 W
Tue Sep 23 21:17:11 IDT 2025, 94 W
Tue Sep 23 21:17:11 IDT 2025, 93 W
Tue Sep 23 21:17:11 IDT 2025, 105 W
Tue Sep 23 21:17:11 IDT 2025, 89 W
Tue Sep 23 21:17:12 IDT 2025, 98 W
Tue Sep 23 21:17:12 IDT 2025, 93 W
Tue Sep 23 21:17:12 IDT 2025, 98 W
Tue Sep 23 21:17:12 IDT 2025, 99 W
Tue Sep 23 21:17:12 IDT 2025, 99 W
Tue Sep 23 21:17:12 IDT 2025, 95 W
Tue Sep 23 21:17:12 IDT 2025, 106 W
Tue Sep 23 21:17:12 IDT 2025, 86 W
Tue Sep 23 21:17:13 IDT 2025, 94 W
Tue Sep 23 21:17:13 IDT 2025, 93 W
Tue Sep 23 21:17:13 IDT 2025, 96 W
Tue Sep 23 21:17:13 IDT 2025, 97 W
Tue Sep 23 21:17:13 IDT 2025, 95 W
Tue Sep 23 21:17:13 IDT 2025, 99 W
Tue Sep 23 21:17:13 IDT 2025, 102 W
Tue Sep 23 21:17:13 IDT 2025, 89 W
Tue Sep 23 21:17:14 IDT 2025, 91 W
Tue Sep 23 21:17:14 IDT 2025, 91 W
Tue Sep 23 21:17:14 IDT 2025, 100 W
Tue Sep 23 21:17:14 IDT 2025, 101 W
Tue Sep 23 21:17:14 IDT 2025, 93 W
Tue Sep 23 21:17:14 IDT 2025, 98 W
Tue Sep 23 21:17:14 IDT 2025, 100 W
Tue Sep 23 21:17:14 IDT 2025, 89 W
Tue Sep 23 21:17:15 IDT 2025, 100 W
Tue Sep 23 21:17:15 IDT 2025, 99 W
Tue Sep 23 21:17:15 IDT 2025, 99 W
Tue Sep 23 21:17:15 IDT 2025, 92 W
Tue Sep 23 21:17:15 IDT 2025, 87 W
Tue Sep 23 21:17:15 IDT 2025, 93 W
Tue Sep 23 21:17:15 IDT 2025, 96 W
Tue Sep 23 21:17:15 IDT 2025, 89 W
Tue Sep 23 21:17:16 IDT 2025, 100 W
Tue Sep 23 21:17:16 IDT 2025, 96 W
Tue Sep 23 21:17:16 IDT 2025, 98 W
Tue Sep 23 21:17:16 IDT 2025, 93 W
Tue Sep 23 21:17:16 IDT 2025, 95 W
Tue Sep 23 21:17:16 IDT 2025, 91 W
Tue Sep 23 21:17:16 IDT 2025, 102 W
Tue Sep 23 21:17:16 IDT 2025, 89 W
Tue Sep 23 21:17:17 IDT 2025, 95 W
Tue Sep 23 21:17:17 IDT 2025, 98 W
Tue Sep 23 21:17:17 IDT 2025, 97 W
Tue Sep 23 21:17:17 IDT 2025, 96 W
Tue Sep 23 21:17:17 IDT 2025, 90 W
Tue Sep 23 21:17:17 IDT 2025, 92 W
Tue Sep 23 21:17:17 IDT 2025, 102 W
Tue Sep 23 21:17:17 IDT 2025, 90 W
Tue Sep 23 21:17:18 IDT 2025, 95 W
Tue Sep 23 21:17:18 IDT 2025, 95 W
Tue Sep 23 21:17:18 IDT 2025, 98 W
Tue Sep 23 21:17:18 IDT 2025, 99 W
Tue Sep 23 21:17:18 IDT 2025, 94 W
Tue Sep 23 21:17:18 IDT 2025, 97 W
Tue Sep 23 21:17:18 IDT 2025, 106 W
Tue Sep 23 21:17:18 IDT 2025, 85 W
Tue Sep 23 21:17:19 IDT 2025, 98 W
Tue Sep 23 21:17:19 IDT 2025, 95 W
Tue Sep 23 21:17:19 IDT 2025, 95 W
Tue Sep 23 21:17:19 IDT 2025, 101 W
Tue Sep 23 21:17:19 IDT 2025, 92 W
Tue Sep 23 21:17:19 IDT 2025, 92 W
Tue Sep 23 21:17:19 IDT 2025, 98 W
Tue Sep 23 21:17:19 IDT 2025, 86 W
Tue Sep 23 21:17:20 IDT 2025, 93 W
Tue Sep 23 21:17:20 IDT 2025, 94 W
Tue Sep 23 21:17:20 IDT 2025, 102 W
Tue Sep 23 21:17:20 IDT 2025, 92 W
Tue Sep 23 21:17:20 IDT 2025, 90 W
Tue Sep 23 21:17:20 IDT 2025, 89 W
Tue Sep 23 21:17:20 IDT 2025, 107 W
Tue Sep 23 21:17:20 IDT 2025, 90 W
Tue Sep 23 21:17:21 IDT 2025, 95 W
Tue Sep 23 21:17:21 IDT 2025, 94 W
Tue Sep 23 21:17:21 IDT 2025, 95 W
Tue Sep 23 21:17:21 IDT 2025, 93 W
Tue Sep 23 21:17:21 IDT 2025, 89 W
Tue Sep 23 21:17:21 IDT 2025, 89 W
Tue Sep 23 21:17:21 IDT 2025, 99 W
Tue Sep 23 21:17:21 IDT 2025, 92 W
Tue Sep 23 21:17:22 IDT 2025, 91 W
Tue Sep 23 21:17:22 IDT 2025, 94 W
Tue Sep 23 21:17:22 IDT 2025, 100 W
Tue Sep 23 21:17:22 IDT 2025, 97 W
Tue Sep 23 21:17:22 IDT 2025, 96 W
Tue Sep 23 21:17:22 IDT 2025, 91 W
Tue Sep 23 21:17:22 IDT 2025, 102 W
Tue Sep 23 21:17:22 IDT 2025, 95 W
Tue Sep 23 21:17:23 IDT 2025, 88 W
Tue Sep 23 21:17:23 IDT 2025, 101 W
Tue Sep 23 21:17:23 IDT 2025, 101 W
Tue Sep 23 21:17:23 IDT 2025, 101 W
Tue Sep 23 21:17:23 IDT 2025, 88 W
Tue Sep 23 21:17:23 IDT 2025, 98 W
Tue Sep 23 21:17:23 IDT 2025, 97 W
Tue Sep 23 21:17:23 IDT 2025, 87 W
Tue Sep 23 21:17:24 IDT 2025, 96 W
Tue Sep 23 21:17:24 IDT 2025, 98 W
Tue Sep 23 21:17:24 IDT 2025, 103 W
Tue Sep 23 21:17:24 IDT 2025, 95 W
Tue Sep 23 21:17:24 IDT 2025, 88 W
Tue Sep 23 21:17:24 IDT 2025, 89 W
Tue Sep 23 21:17:24 IDT 2025, 102 W
Tue Sep 23 21:17:24 IDT 2025, 90 W
Tue Sep 23 21:17:25 IDT 2025, 91 W
Tue Sep 23 21:17:25 IDT 2025, 93 W
Tue Sep 23 21:17:25 IDT 2025, 101 W
Tue Sep 23 21:17:25 IDT 2025, 99 W
Tue Sep 23 21:17:25 IDT 2025, 89 W
Tue Sep 23 21:17:25 IDT 2025, 95 W
Tue Sep 23 21:17:25 IDT 2025, 97 W
Tue Sep 23 21:17:25 IDT 2025, 89 W
Tue Sep 23 21:17:26 IDT 2025, 94 W
Tue Sep 23 21:17:26 IDT 2025, 89 W
Tue Sep 23 21:17:26 IDT 2025, 101 W
Tue Sep 23 21:17:26 IDT 2025, 97 W
Tue Sep 23 21:17:26 IDT 2025, 91 W
Tue Sep 23 21:17:26 IDT 2025, 93 W
Tue Sep 23 21:17:26 IDT 2025, 106 W
Tue Sep 23 21:17:26 IDT 2025, 85 W
Tue Sep 23 21:17:27 IDT 2025, 96 W
Tue Sep 23 21:17:27 IDT 2025, 92 W
Tue Sep 23 21:17:27 IDT 2025, 94 W
Tue Sep 23 21:17:27 IDT 2025, 95 W
Tue Sep 23 21:17:27 IDT 2025, 88 W
Tue Sep 23 21:17:27 IDT 2025, 94 W
Tue Sep 23 21:17:27 IDT 2025, 99 W
Tue Sep 23 21:17:27 IDT 2025, 86 W
Tue Sep 23 21:17:28 IDT 2025, 98 W
Tue Sep 23 21:17:28 IDT 2025, 93 W
Tue Sep 23 21:17:28 IDT 2025, 98 W
Tue Sep 23 21:17:28 IDT 2025, 99 W
Tue Sep 23 21:17:28 IDT 2025, 92 W
Tue Sep 23 21:17:28 IDT 2025, 94 W
Tue Sep 23 21:17:28 IDT 2025, 99 W
Tue Sep 23 21:17:28 IDT 2025, 92 W
Tue Sep 23 21:17:29 IDT 2025, 94 W
Tue Sep 23 21:17:29 IDT 2025, 92 W
Tue Sep 23 21:17:29 IDT 2025, 103 W
Tue Sep 23 21:17:29 IDT 2025, 94 W
Tue Sep 23 21:17:29 IDT 2025, 90 W
Tue Sep 23 21:17:29 IDT 2025, 89 W
Tue Sep 23 21:17:29 IDT 2025, 99 W
Tue Sep 23 21:17:29 IDT 2025, 88 W
Tue Sep 23 21:17:30 IDT 2025, 92 W
Tue Sep 23 21:17:30 IDT 2025, 94 W
Tue Sep 23 21:17:30 IDT 2025, 94 W
Tue Sep 23 21:17:30 IDT 2025, 100 W
Tue Sep 23 21:17:30 IDT 2025, 90 W
Tue Sep 23 21:17:30 IDT 2025, 89 W
Tue Sep 23 21:17:30 IDT 2025, 108 W
Tue Sep 23 21:17:30 IDT 2025, 87 W
Tue Sep 23 21:17:31 IDT 2025, 97 W
Tue Sep 23 21:17:31 IDT 2025, 93 W
Tue Sep 23 21:17:31 IDT 2025, 99 W
Tue Sep 23 21:17:31 IDT 2025, 103 W
Tue Sep 23 21:17:31 IDT 2025, 91 W
Tue Sep 23 21:17:31 IDT 2025, 92 W
Tue Sep 23 21:17:31 IDT 2025, 105 W
Tue Sep 23 21:17:31 IDT 2025, 91 W
Tue Sep 23 21:17:32 IDT 2025, 95 W
Tue Sep 23 21:17:32 IDT 2025, 92 W
Tue Sep 23 21:17:32 IDT 2025, 97 W
Tue Sep 23 21:17:32 IDT 2025, 100 W
Tue Sep 23 21:17:32 IDT 2025, 89 W
Tue Sep 23 21:17:32 IDT 2025, 95 W
Tue Sep 23 21:17:32 IDT 2025, 106 W
Tue Sep 23 21:17:32 IDT 2025, 93 W
Tue Sep 23 21:17:33 IDT 2025, 92 W
Tue Sep 23 21:17:33 IDT 2025, 99 W
Tue Sep 23 21:17:33 IDT 2025, 98 W
Tue Sep 23 21:17:33 IDT 2025, 93 W
Tue Sep 23 21:17:33 IDT 2025, 92 W
Tue Sep 23 21:17:33 IDT 2025, 95 W
Tue Sep 23 21:17:33 IDT 2025, 104 W
Tue Sep 23 21:17:33 IDT 2025, 87 W
Tue Sep 23 21:17:34 IDT 2025, 95 W
Tue Sep 23 21:17:34 IDT 2025, 90 W
Tue Sep 23 21:17:34 IDT 2025, 97 W
Tue Sep 23 21:17:34 IDT 2025, 101 W
Tue Sep 23 21:17:34 IDT 2025, 89 W
Tue Sep 23 21:17:34 IDT 2025, 93 W
Tue Sep 23 21:17:34 IDT 2025, 102 W
Tue Sep 23 21:17:34 IDT 2025, 84 W
Tue Sep 23 21:17:35 IDT 2025, 96 W
Tue Sep 23 21:17:35 IDT 2025, 95 W
Tue Sep 23 21:17:35 IDT 2025, 99 W
Tue Sep 23 21:17:35 IDT 2025, 98 W
Tue Sep 23 21:17:35 IDT 2025, 97 W
Tue Sep 23 21:17:35 IDT 2025, 92 W
Tue Sep 23 21:17:35 IDT 2025, 97 W
Tue Sep 23 21:17:35 IDT 2025, 92 W
Tue Sep 23 21:17:36 IDT 2025, 94 W
Tue Sep 23 21:17:36 IDT 2025, 94 W
Tue Sep 23 21:17:36 IDT 2025, 102 W
Tue Sep 23 21:17:36 IDT 2025, 97 W
Tue Sep 23 21:17:36 IDT 2025, 91 W
Tue Sep 23 21:17:36 IDT 2025, 92 W
Tue Sep 23 21:17:36 IDT 2025, 104 W
Tue Sep 23 21:17:36 IDT 2025, 92 W
Tue Sep 23 21:17:37 IDT 2025, 93 W
Tue Sep 23 21:17:37 IDT 2025, 93 W
Tue Sep 23 21:17:37 IDT 2025, 99 W
Tue Sep 23 21:17:37 IDT 2025, 91 W
Tue Sep 23 21:17:37 IDT 2025, 90 W
Tue Sep 23 21:17:37 IDT 2025, 96 W
Tue Sep 23 21:17:37 IDT 2025, 101 W
Tue Sep 23 21:17:37 IDT 2025, 95 W
Tue Sep 23 21:17:38 IDT 2025, 99 W
Tue Sep 23 21:17:38 IDT 2025, 96 W
Tue Sep 23 21:17:38 IDT 2025, 102 W
Tue Sep 23 21:17:38 IDT 2025, 96 W
Tue Sep 23 21:17:38 IDT 2025, 98 W
Tue Sep 23 21:17:38 IDT 2025, 96 W
Tue Sep 23 21:17:38 IDT 2025, 104 W
Tue Sep 23 21:17:38 IDT 2025, 84 W
Tue Sep 23 21:17:39 IDT 2025, 99 W
Tue Sep 23 21:17:39 IDT 2025, 95 W
Tue Sep 23 21:17:39 IDT 2025, 95 W
Tue Sep 23 21:17:39 IDT 2025, 93 W
Tue Sep 23 21:17:39 IDT 2025, 94 W
Tue Sep 23 21:17:39 IDT 2025, 96 W
Tue Sep 23 21:17:39 IDT 2025, 106 W
Tue Sep 23 21:17:39 IDT 2025, 93 W
Tue Sep 23 21:17:40 IDT 2025, 97 W
Tue Sep 23 21:17:40 IDT 2025, 92 W
Tue Sep 23 21:17:40 IDT 2025, 96 W
Tue Sep 23 21:17:40 IDT 2025, 96 W
Tue Sep 23 21:17:40 IDT 2025, 97 W
Tue Sep 23 21:17:40 IDT 2025, 97 W
Tue Sep 23 21:17:40 IDT 2025, 99 W
Tue Sep 23 21:17:40 IDT 2025, 85 W
Tue Sep 23 21:17:41 IDT 2025, 97 W
Tue Sep 23 21:17:41 IDT 2025, 96 W
Tue Sep 23 21:17:41 IDT 2025, 100 W
Tue Sep 23 21:17:41 IDT 2025, 93 W
Tue Sep 23 21:17:41 IDT 2025, 88 W
Tue Sep 23 21:17:41 IDT 2025, 89 W
Tue Sep 23 21:17:41 IDT 2025, 104 W
Tue Sep 23 21:17:41 IDT 2025, 86 W
Tue Sep 23 21:17:42 IDT 2025, 89 W
Tue Sep 23 21:17:42 IDT 2025, 95 W
Tue Sep 23 21:17:42 IDT 2025, 95 W
Tue Sep 23 21:17:42 IDT 2025, 93 W
Tue Sep 23 21:17:42 IDT 2025, 97 W
Tue Sep 23 21:17:42 IDT 2025, 99 W
Tue Sep 23 21:17:42 IDT 2025, 99 W
Tue Sep 23 21:17:42 IDT 2025, 86 W
Tue Sep 23 21:17:43 IDT 2025, 94 W
Tue Sep 23 21:17:43 IDT 2025, 100 W
Tue Sep 23 21:17:43 IDT 2025, 100 W
Tue Sep 23 21:17:43 IDT 2025, 96 W
Tue Sep 23 21:17:43 IDT 2025, 96 W
Tue Sep 23 21:17:43 IDT 2025, 95 W
Tue Sep 23 21:17:43 IDT 2025, 99 W
Tue Sep 23 21:17:43 IDT 2025, 85 W
Tue Sep 23 21:17:44 IDT 2025, 95 W
Tue Sep 23 21:17:44 IDT 2025, 94 W
Tue Sep 23 21:17:44 IDT 2025, 100 W
Tue Sep 23 21:17:44 IDT 2025, 94 W
Tue Sep 23 21:17:44 IDT 2025, 91 W
Tue Sep 23 21:17:44 IDT 2025, 93 W
Tue Sep 23 21:17:44 IDT 2025, 102 W
Tue Sep 23 21:17:44 IDT 2025, 86 W
Tue Sep 23 21:17:45 IDT 2025, 97 W
Tue Sep 23 21:17:45 IDT 2025, 96 W
Tue Sep 23 21:17:45 IDT 2025, 101 W
Tue Sep 23 21:17:45 IDT 2025, 93 W
Tue Sep 23 21:17:45 IDT 2025, 88 W
Tue Sep 23 21:17:45 IDT 2025, 100 W
Tue Sep 23 21:17:45 IDT 2025, 104 W
Tue Sep 23 21:17:45 IDT 2025, 93 W
Tue Sep 23 21:17:46 IDT 2025, 96 W
Tue Sep 23 21:17:46 IDT 2025, 98 W
Tue Sep 23 21:17:46 IDT 2025, 103 W
Tue Sep 23 21:17:46 IDT 2025, 103 W
Tue Sep 23 21:17:46 IDT 2025, 95 W
Tue Sep 23 21:17:46 IDT 2025, 89 W
Tue Sep 23 21:17:46 IDT 2025, 95 W
Tue Sep 23 21:17:46 IDT 2025, 83 W
Tue Sep 23 21:17:47 IDT 2025, 95 W
Tue Sep 23 21:17:47 IDT 2025, 94 W
Tue Sep 23 21:17:47 IDT 2025, 102 W
Tue Sep 23 21:17:47 IDT 2025, 95 W
Tue Sep 23 21:17:47 IDT 2025, 94 W
Tue Sep 23 21:17:47 IDT 2025, 93 W
Tue Sep 23 21:17:47 IDT 2025, 102 W
Tue Sep 23 21:17:47 IDT 2025, 88 W
Tue Sep 23 21:17:48 IDT 2025, 92 W
Tue Sep 23 21:17:48 IDT 2025, 96 W
Tue Sep 23 21:17:48 IDT 2025, 106 W
Tue Sep 23 21:17:48 IDT 2025, 90 W
Tue Sep 23 21:17:48 IDT 2025, 97 W
Tue Sep 23 21:17:48 IDT 2025, 94 W
Tue Sep 23 21:17:48 IDT 2025, 98 W
Tue Sep 23 21:17:48 IDT 2025, 90 W
Tue Sep 23 21:17:49 IDT 2025, 94 W
Tue Sep 23 21:17:49 IDT 2025, 92 W
Tue Sep 23 21:17:49 IDT 2025, 99 W
Tue Sep 23 21:17:49 IDT 2025, 98 W
Tue Sep 23 21:17:49 IDT 2025, 90 W
Tue Sep 23 21:17:49 IDT 2025, 94 W
Tue Sep 23 21:17:49 IDT 2025, 100 W
Tue Sep 23 21:17:49 IDT 2025, 90 W
Tue Sep 23 21:17:50 IDT 2025, 95 W
Tue Sep 23 21:17:50 IDT 2025, 94 W
Tue Sep 23 21:17:50 IDT 2025, 95 W
Tue Sep 23 21:17:50 IDT 2025, 94 W
Tue Sep 23 21:17:50 IDT 2025, 90 W
Tue Sep 23 21:17:50 IDT 2025, 95 W
Tue Sep 23 21:17:50 IDT 2025, 100 W
Tue Sep 23 21:17:50 IDT 2025, 93 W
Tue Sep 23 21:17:51 IDT 2025, 90 W
Tue Sep 23 21:17:51 IDT 2025, 97 W
Tue Sep 23 21:17:51 IDT 2025, 100 W
Tue Sep 23 21:17:51 IDT 2025, 95 W
Tue Sep 23 21:17:51 IDT 2025, 94 W
Tue Sep 23 21:17:51 IDT 2025, 88 W
Tue Sep 23 21:17:51 IDT 2025, 107 W
Tue Sep 23 21:17:51 IDT 2025, 94 W
Tue Sep 23 21:17:52 IDT 2025, 97 W
Tue Sep 23 21:17:52 IDT 2025, 95 W
Tue Sep 23 21:17:52 IDT 2025, 98 W
Tue Sep 23 21:17:52 IDT 2025, 92 W
Tue Sep 23 21:17:52 IDT 2025, 90 W
Tue Sep 23 21:17:52 IDT 2025, 90 W
Tue Sep 23 21:17:52 IDT 2025, 101 W
Tue Sep 23 21:17:52 IDT 2025, 89 W
Tue Sep 23 21:17:53 IDT 2025, 92 W
Tue Sep 23 21:17:53 IDT 2025, 99 W
Tue Sep 23 21:17:53 IDT 2025, 97 W
Tue Sep 23 21:17:53 IDT 2025, 97 W
Tue Sep 23 21:17:53 IDT 2025, 88 W
Tue Sep 23 21:17:53 IDT 2025, 93 W
Tue Sep 23 21:17:53 IDT 2025, 103 W
Tue Sep 23 21:17:53 IDT 2025, 84 W
Tue Sep 23 21:17:54 IDT 2025, 94 W
Tue Sep 23 21:17:54 IDT 2025, 96 W
Tue Sep 23 21:17:54 IDT 2025, 99 W
Tue Sep 23 21:17:54 IDT 2025, 93 W
Tue Sep 23 21:17:54 IDT 2025, 98 W
Tue Sep 23 21:17:54 IDT 2025, 89 W
Tue Sep 23 21:17:54 IDT 2025, 103 W
Tue Sep 23 21:17:54 IDT 2025, 87 W
Tue Sep 23 21:17:55 IDT 2025, 93 W
Tue Sep 23 21:17:55 IDT 2025, 94 W
Tue Sep 23 21:17:55 IDT 2025, 102 W
Tue Sep 23 21:17:55 IDT 2025, 95 W
Tue Sep 23 21:17:55 IDT 2025, 93 W
Tue Sep 23 21:17:55 IDT 2025, 92 W
Tue Sep 23 21:17:55 IDT 2025, 108 W
Tue Sep 23 21:17:55 IDT 2025, 90 W
Tue Sep 23 21:17:56 IDT 2025, 93 W
Tue Sep 23 21:17:56 IDT 2025, 94 W
Tue Sep 23 21:17:56 IDT 2025, 102 W
Tue Sep 23 21:17:56 IDT 2025, 99 W
Tue Sep 23 21:17:56 IDT 2025, 94 W
Tue Sep 23 21:17:56 IDT 2025, 94 W
Tue Sep 23 21:17:56 IDT 2025, 100 W
Tue Sep 23 21:17:56 IDT 2025, 89 W
Tue Sep 23 21:17:57 IDT 2025, 94 W
Tue Sep 23 21:17:57 IDT 2025, 92 W
Tue Sep 23 21:17:57 IDT 2025, 95 W
Tue Sep 23 21:17:57 IDT 2025, 94 W
Tue Sep 23 21:17:57 IDT 2025, 87 W
Tue Sep 23 21:17:57 IDT 2025, 90 W
Tue Sep 23 21:17:57 IDT 2025, 100 W
Tue Sep 23 21:17:57 IDT 2025, 87 W
Tue Sep 23 21:17:58 IDT 2025, 96 W
Tue Sep 23 21:17:58 IDT 2025, 92 W
Tue Sep 23 21:17:58 IDT 2025, 96 W
Tue Sep 23 21:17:58 IDT 2025, 90 W
Tue Sep 23 21:17:58 IDT 2025, 86 W
Tue Sep 23 21:17:58 IDT 2025, 89 W
Tue Sep 23 21:17:58 IDT 2025, 102 W
Tue Sep 23 21:17:58 IDT 2025, 90 W
Tue Sep 23 21:17:59 IDT 2025, 91 W
Tue Sep 23 21:17:59 IDT 2025, 91 W
Tue Sep 23 21:17:59 IDT 2025, 97 W
Tue Sep 23 21:17:59 IDT 2025, 97 W
Tue Sep 23 21:17:59 IDT 2025, 91 W
Tue Sep 23 21:17:59 IDT 2025, 97 W
Tue Sep 23 21:17:59 IDT 2025, 103 W
Tue Sep 23 21:17:59 IDT 2025, 87 W
Tue Sep 23 21:18:00 IDT 2025, 93 W
Tue Sep 23 21:18:00 IDT 2025, 101 W
Tue Sep 23 21:18:00 IDT 2025, 99 W
Tue Sep 23 21:18:00 IDT 2025, 96 W
Tue Sep 23 21:18:00 IDT 2025, 92 W
Tue Sep 23 21:18:00 IDT 2025, 89 W
Tue Sep 23 21:18:00 IDT 2025, 97 W
Tue Sep 23 21:18:00 IDT 2025, 89 W
Tue Sep 23 21:18:01 IDT 2025, 94 W
Tue Sep 23 21:18:01 IDT 2025, 94 W
Tue Sep 23 21:18:01 IDT 2025, 102 W
Tue Sep 23 21:18:01 IDT 2025, 94 W
Tue Sep 23 21:18:01 IDT 2025, 92 W
Tue Sep 23 21:18:01 IDT 2025, 89 W
Tue Sep 23 21:18:01 IDT 2025, 98 W
Tue Sep 23 21:18:01 IDT 2025, 87 W
Tue Sep 23 21:18:02 IDT 2025, 90 W
Tue Sep 23 21:18:02 IDT 2025, 100 W
Tue Sep 23 21:18:02 IDT 2025, 101 W
Tue Sep 23 21:18:02 IDT 2025, 102 W
Tue Sep 23 21:18:02 IDT 2025, 91 W
Tue Sep 23 21:18:02 IDT 2025, 91 W
Tue Sep 23 21:18:02 IDT 2025, 101 W
Tue Sep 23 21:18:02 IDT 2025, 93 W
Tue Sep 23 21:18:03 IDT 2025, 90 W
Tue Sep 23 21:18:03 IDT 2025, 90 W
Tue Sep 23 21:18:03 IDT 2025, 97 W
Tue Sep 23 21:18:03 IDT 2025, 97 W
Tue Sep 23 21:18:03 IDT 2025, 93 W
Tue Sep 23 21:18:03 IDT 2025, 93 W
Tue Sep 23 21:18:03 IDT 2025, 99 W
Tue Sep 23 21:18:03 IDT 2025, 86 W
Tue Sep 23 21:18:04 IDT 2025, 99 W
Tue Sep 23 21:18:04 IDT 2025, 93 W
Tue Sep 23 21:18:04 IDT 2025, 96 W
Tue Sep 23 21:18:04 IDT 2025, 101 W
Tue Sep 23 21:18:04 IDT 2025, 90 W
Tue Sep 23 21:18:04 IDT 2025, 97 W
Tue Sep 23 21:18:04 IDT 2025, 104 W
Tue Sep 23 21:18:04 IDT 2025, 89 W
Tue Sep 23 21:18:05 IDT 2025, 94 W
Tue Sep 23 21:18:05 IDT 2025, 99 W
Tue Sep 23 21:18:05 IDT 2025, 103 W
Tue Sep 23 21:18:05 IDT 2025, 101 W
Tue Sep 23 21:18:05 IDT 2025, 90 W
Tue Sep 23 21:18:05 IDT 2025, 94 W
Tue Sep 23 21:18:05 IDT 2025, 98 W
Tue Sep 23 21:18:05 IDT 2025, 87 W
Tue Sep 23 21:18:06 IDT 2025, 96 W
Tue Sep 23 21:18:06 IDT 2025, 98 W
Tue Sep 23 21:18:06 IDT 2025, 95 W
Tue Sep 23 21:18:06 IDT 2025, 99 W
Tue Sep 23 21:18:06 IDT 2025, 92 W
Tue Sep 23 21:18:06 IDT 2025, 94 W
Tue Sep 23 21:18:06 IDT 2025, 96 W
Tue Sep 23 21:18:06 IDT 2025, 85 W
Tue Sep 23 21:18:07 IDT 2025, 98 W
Tue Sep 23 21:18:07 IDT 2025, 91 W
Tue Sep 23 21:18:07 IDT 2025, 97 W
Tue Sep 23 21:18:07 IDT 2025, 98 W
Tue Sep 23 21:18:07 IDT 2025, 89 W
Tue Sep 23 21:18:07 IDT 2025, 88 W
Tue Sep 23 21:18:07 IDT 2025, 105 W
Tue Sep 23 21:18:07 IDT 2025, 84 W
Tue Sep 23 21:18:08 IDT 2025, 96 W
Tue Sep 23 21:18:08 IDT 2025, 94 W
Tue Sep 23 21:18:08 IDT 2025, 97 W
Tue Sep 23 21:18:08 IDT 2025, 101 W
Tue Sep 23 21:18:08 IDT 2025, 96 W
Tue Sep 23 21:18:08 IDT 2025, 95 W
Tue Sep 23 21:18:08 IDT 2025, 104 W
Tue Sep 23 21:18:08 IDT 2025, 88 W
Tue Sep 23 21:18:09 IDT 2025, 96 W
Tue Sep 23 21:18:09 IDT 2025, 92 W
Tue Sep 23 21:18:09 IDT 2025, 95 W
Tue Sep 23 21:18:09 IDT 2025, 100 W
Tue Sep 23 21:18:09 IDT 2025, 87 W
Tue Sep 23 21:18:09 IDT 2025, 88 W
Tue Sep 23 21:18:09 IDT 2025, 99 W
Tue Sep 23 21:18:09 IDT 2025, 89 W
Tue Sep 23 21:18:10 IDT 2025, 97 W
Tue Sep 23 21:18:10 IDT 2025, 90 W
Tue Sep 23 21:18:10 IDT 2025, 99 W
Tue Sep 23 21:18:10 IDT 2025, 99 W
Tue Sep 23 21:18:10 IDT 2025, 99 W
Tue Sep 23 21:18:10 IDT 2025, 90 W
Tue Sep 23 21:18:10 IDT 2025, 101 W
Tue Sep 23 21:18:10 IDT 2025, 93 W
Tue Sep 23 21:18:11 IDT 2025, 96 W
Tue Sep 23 21:18:11 IDT 2025, 92 W
Tue Sep 23 21:18:11 IDT 2025, 104 W
Tue Sep 23 21:18:11 IDT 2025, 95 W
Tue Sep 23 21:18:11 IDT 2025, 96 W
Tue Sep 23 21:18:11 IDT 2025, 91 W
Tue Sep 23 21:18:11 IDT 2025, 104 W
Tue Sep 23 21:18:11 IDT 2025, 88 W
Tue Sep 23 21:18:12 IDT 2025, 92 W
Tue Sep 23 21:18:12 IDT 2025, 97 W
Tue Sep 23 21:18:12 IDT 2025, 100 W
Tue Sep 23 21:18:12 IDT 2025, 95 W
Tue Sep 23 21:18:12 IDT 2025, 92 W
Tue Sep 23 21:18:12 IDT 2025, 90 W
Tue Sep 23 21:18:12 IDT 2025, 100 W
Tue Sep 23 21:18:12 IDT 2025, 90 W
Tue Sep 23 21:18:13 IDT 2025, 94 W
Tue Sep 23 21:18:13 IDT 2025, 96 W
Tue Sep 23 21:18:13 IDT 2025, 98 W
Tue Sep 23 21:18:13 IDT 2025, 95 W
Tue Sep 23 21:18:13 IDT 2025, 86 W
Tue Sep 23 21:18:13 IDT 2025, 88 W
Tue Sep 23 21:18:13 IDT 2025, 105 W
Tue Sep 23 21:18:13 IDT 2025, 85 W
Tue Sep 23 21:18:14 IDT 2025, 94 W
Tue Sep 23 21:18:14 IDT 2025, 92 W
Tue Sep 23 21:18:14 IDT 2025, 98 W
Tue Sep 23 21:18:14 IDT 2025, 97 W
Tue Sep 23 21:18:14 IDT 2025, 94 W
Tue Sep 23 21:18:14 IDT 2025, 94 W
Tue Sep 23 21:18:14 IDT 2025, 100 W
Tue Sep 23 21:18:14 IDT 2025, 91 W
Tue Sep 23 21:18:15 IDT 2025, 95 W
Tue Sep 23 21:18:15 IDT 2025, 100 W
Tue Sep 23 21:18:15 IDT 2025, 101 W
Tue Sep 23 21:18:15 IDT 2025, 92 W
Tue Sep 23 21:18:15 IDT 2025, 95 W
Tue Sep 23 21:18:15 IDT 2025, 89 W
Tue Sep 23 21:18:15 IDT 2025, 96 W
Tue Sep 23 21:18:15 IDT 2025, 88 W
Tue Sep 23 21:18:16 IDT 2025, 95 W
Tue Sep 23 21:18:16 IDT 2025, 95 W
Tue Sep 23 21:18:16 IDT 2025, 98 W
Tue Sep 23 21:18:16 IDT 2025, 100 W
Tue Sep 23 21:18:16 IDT 2025, 87 W
Tue Sep 23 21:18:16 IDT 2025, 91 W
Tue Sep 23 21:18:16 IDT 2025, 105 W
Tue Sep 23 21:18:16 IDT 2025, 87 W
Tue Sep 23 21:18:17 IDT 2025, 96 W
Tue Sep 23 21:18:17 IDT 2025, 98 W
Tue Sep 23 21:18:17 IDT 2025, 98 W
Tue Sep 23 21:18:17 IDT 2025, 100 W
Tue Sep 23 21:18:17 IDT 2025, 97 W
Tue Sep 23 21:18:17 IDT 2025, 91 W
Tue Sep 23 21:18:17 IDT 2025, 100 W
Tue Sep 23 21:18:17 IDT 2025, 89 W
Tue Sep 23 21:18:18 IDT 2025, 98 W
Tue Sep 23 21:18:18 IDT 2025, 91 W
Tue Sep 23 21:18:18 IDT 2025, 98 W
Tue Sep 23 21:18:18 IDT 2025, 96 W
Tue Sep 23 21:18:18 IDT 2025, 94 W
Tue Sep 23 21:18:18 IDT 2025, 95 W
Tue Sep 23 21:18:18 IDT 2025, 103 W
Tue Sep 23 21:18:18 IDT 2025, 88 W
Tue Sep 23 21:18:19 IDT 2025, 95 W
Tue Sep 23 21:18:19 IDT 2025, 94 W
Tue Sep 23 21:18:19 IDT 2025, 97 W
Tue Sep 23 21:18:19 IDT 2025, 92 W
Tue Sep 23 21:18:19 IDT 2025, 96 W
Tue Sep 23 21:18:19 IDT 2025, 90 W
Tue Sep 23 21:18:19 IDT 2025, 99 W
Tue Sep 23 21:18:19 IDT 2025, 92 W
Tue Sep 23 21:18:20 IDT 2025, 95 W
Tue Sep 23 21:18:20 IDT 2025, 96 W
Tue Sep 23 21:18:20 IDT 2025, 93 W
Tue Sep 23 21:18:20 IDT 2025, 95 W
Tue Sep 23 21:18:20 IDT 2025, 90 W
Tue Sep 23 21:18:20 IDT 2025, 92 W
Tue Sep 23 21:18:20 IDT 2025, 99 W
Tue Sep 23 21:18:20 IDT 2025, 92 W
Tue Sep 23 21:18:21 IDT 2025, 100 W
Tue Sep 23 21:18:21 IDT 2025, 92 W
Tue Sep 23 21:18:21 IDT 2025, 96 W
Tue Sep 23 21:18:21 IDT 2025, 97 W
Tue Sep 23 21:18:21 IDT 2025, 94 W
Tue Sep 23 21:18:21 IDT 2025, 98 W
Tue Sep 23 21:18:21 IDT 2025, 100 W
Tue Sep 23 21:18:21 IDT 2025, 93 W
Tue Sep 23 21:18:22 IDT 2025, 92 W
Tue Sep 23 21:18:22 IDT 2025, 91 W
Tue Sep 23 21:18:22 IDT 2025, 101 W
Tue Sep 23 21:18:22 IDT 2025, 93 W
Tue Sep 23 21:18:22 IDT 2025, 89 W
Tue Sep 23 21:18:22 IDT 2025, 93 W
Tue Sep 23 21:18:22 IDT 2025, 102 W
Tue Sep 23 21:18:22 IDT 2025, 91 W
Tue Sep 23 21:18:23 IDT 2025, 96 W
Tue Sep 23 21:18:23 IDT 2025, 93 W
Tue Sep 23 21:18:23 IDT 2025, 104 W
Tue Sep 23 21:18:23 IDT 2025, 102 W
Tue Sep 23 21:18:23 IDT 2025, 94 W
Tue Sep 23 21:18:23 IDT 2025, 91 W
Tue Sep 23 21:18:23 IDT 2025, 102 W
Tue Sep 23 21:18:23 IDT 2025, 90 W
Tue Sep 23 21:18:24 IDT 2025, 90 W
Tue Sep 23 21:18:24 IDT 2025, 94 W
Tue Sep 23 21:18:24 IDT 2025, 101 W
Tue Sep 23 21:18:24 IDT 2025, 92 W
Tue Sep 23 21:18:24 IDT 2025, 93 W
Tue Sep 23 21:18:24 IDT 2025, 94 W
Tue Sep 23 21:18:24 IDT 2025, 102 W
Tue Sep 23 21:18:24 IDT 2025, 88 W
Tue Sep 23 21:18:25 IDT 2025, 94 W
Tue Sep 23 21:18:25 IDT 2025, 93 W
Tue Sep 23 21:18:25 IDT 2025, 99 W
Tue Sep 23 21:18:25 IDT 2025, 95 W
Tue Sep 23 21:18:25 IDT 2025, 97 W
Tue Sep 23 21:18:25 IDT 2025, 93 W
Tue Sep 23 21:18:25 IDT 2025, 106 W
Tue Sep 23 21:18:25 IDT 2025, 90 W
Tue Sep 23 21:18:26 IDT 2025, 114 W
Tue Sep 23 21:18:26 IDT 2025, 115 W
Tue Sep 23 21:18:26 IDT 2025, 118 W
Tue Sep 23 21:18:26 IDT 2025, 121 W
Tue Sep 23 21:18:26 IDT 2025, 112 W
Tue Sep 23 21:18:26 IDT 2025, 95 W
Tue Sep 23 21:18:26 IDT 2025, 125 W
Tue Sep 23 21:18:26 IDT 2025, 105 W
Tue Sep 23 21:18:27 IDT 2025, 116 W
Tue Sep 23 21:18:27 IDT 2025, 111 W
Tue Sep 23 21:18:27 IDT 2025, 97 W
Tue Sep 23 21:18:27 IDT 2025, 115 W
Tue Sep 23 21:18:27 IDT 2025, 114 W
Tue Sep 23 21:18:27 IDT 2025, 114 W
Tue Sep 23 21:18:27 IDT 2025, 115 W
Tue Sep 23 21:18:27 IDT 2025, 104 W
Tue Sep 23 21:18:28 IDT 2025, 114 W
Tue Sep 23 21:18:28 IDT 2025, 115 W
Tue Sep 23 21:18:28 IDT 2025, 117 W
Tue Sep 23 21:18:28 IDT 2025, 109 W
Tue Sep 23 21:18:28 IDT 2025, 95 W
Tue Sep 23 21:18:28 IDT 2025, 122 W
Tue Sep 23 21:18:28 IDT 2025, 116 W
Tue Sep 23 21:18:28 IDT 2025, 108 W
Tue Sep 23 21:18:29 IDT 2025, 111 W
Tue Sep 23 21:18:29 IDT 2025, 112 W
Tue Sep 23 21:18:29 IDT 2025, 116 W
Tue Sep 23 21:18:29 IDT 2025, 113 W
Tue Sep 23 21:18:29 IDT 2025, 102 W
Tue Sep 23 21:18:29 IDT 2025, 112 W
Tue Sep 23 21:18:29 IDT 2025, 122 W
Tue Sep 23 21:18:29 IDT 2025, 90 W
Tue Sep 23 21:18:30 IDT 2025, 114 W
Tue Sep 23 21:18:30 IDT 2025, 116 W
Tue Sep 23 21:18:30 IDT 2025, 120 W
Tue Sep 23 21:18:30 IDT 2025, 100 W
Tue Sep 23 21:18:30 IDT 2025, 115 W
Tue Sep 23 21:18:30 IDT 2025, 112 W
Tue Sep 23 21:18:30 IDT 2025, 124 W
Tue Sep 23 21:18:30 IDT 2025, 107 W
Tue Sep 23 21:18:31 IDT 2025, 114 W
Tue Sep 23 21:18:31 IDT 2025, 107 W
Tue Sep 23 21:18:31 IDT 2025, 97 W
Tue Sep 23 21:18:31 IDT 2025, 105 W
Tue Sep 23 21:18:31 IDT 2025, 110 W
Tue Sep 23 21:18:31 IDT 2025, 115 W
Tue Sep 23 21:18:31 IDT 2025, 116 W
Tue Sep 23 21:18:31 IDT 2025, 101 W
Tue Sep 23 21:18:32 IDT 2025, 97 W
Tue Sep 23 21:18:32 IDT 2025, 112 W
Tue Sep 23 21:18:32 IDT 2025, 122 W
Tue Sep 23 21:18:32 IDT 2025, 107 W
Tue Sep 23 21:18:32 IDT 2025, 108 W
Tue Sep 23 21:18:32 IDT 2025, 112 W
Tue Sep 23 21:18:32 IDT 2025, 125 W
Tue Sep 23 21:18:32 IDT 2025, 109 W
Tue Sep 23 21:18:33 IDT 2025, 111 W
Tue Sep 23 21:18:33 IDT 2025, 108 W
Tue Sep 23 21:18:33 IDT 2025, 113 W
Tue Sep 23 21:18:33 IDT 2025, 112 W
Tue Sep 23 21:18:33 IDT 2025, 92 W
Tue Sep 23 21:18:33 IDT 2025, 111 W
Tue Sep 23 21:18:33 IDT 2025, 106 W
Tue Sep 23 21:18:33 IDT 2025, 103 W
Tue Sep 23 21:18:34 IDT 2025, 112 W
Tue Sep 23 21:18:34 IDT 2025, 113 W
Tue Sep 23 21:18:34 IDT 2025, 123 W
Tue Sep 23 21:18:34 IDT 2025, 96 W
Tue Sep 23 21:18:34 IDT 2025, 111 W
Tue Sep 23 21:18:34 IDT 2025, 119 W
Tue Sep 23 21:18:34 IDT 2025, 128 W
Tue Sep 23 21:18:34 IDT 2025, 109 W
Tue Sep 23 21:18:35 IDT 2025, 99 W
Tue Sep 23 21:18:35 IDT 2025, 115 W
Tue Sep 23 21:18:35 IDT 2025, 118 W
Tue Sep 23 21:18:35 IDT 2025, 106 W
Tue Sep 23 21:18:35 IDT 2025, 106 W
Tue Sep 23 21:18:35 IDT 2025, 110 W
Tue Sep 23 21:18:35 IDT 2025, 111 W
Tue Sep 23 21:18:35 IDT 2025, 111 W
Tue Sep 23 21:18:36 IDT 2025, 114 W
Tue Sep 23 21:18:36 IDT 2025, 101 W
Tue Sep 23 21:18:36 IDT 2025, 126 W
Tue Sep 23 21:18:36 IDT 2025, 119 W
Tue Sep 23 21:18:36 IDT 2025, 110 W
Tue Sep 23 21:18:36 IDT 2025, 113 W
Tue Sep 23 21:18:36 IDT 2025, 120 W
Tue Sep 23 21:18:36 IDT 2025, 105 W
Tue Sep 23 21:18:37 IDT 2025, 113 W
Tue Sep 23 21:18:37 IDT 2025, 115 W
Tue Sep 23 21:18:37 IDT 2025, 118 W
Tue Sep 23 21:18:37 IDT 2025, 107 W
Tue Sep 23 21:18:37 IDT 2025, 105 W
Tue Sep 23 21:18:37 IDT 2025, 110 W
Tue Sep 23 21:18:37 IDT 2025, 117 W
Tue Sep 23 21:18:37 IDT 2025, 95 W
Tue Sep 23 21:18:38 IDT 2025, 117 W
Tue Sep 23 21:18:38 IDT 2025, 114 W
Tue Sep 23 21:18:38 IDT 2025, 119 W
Tue Sep 23 21:18:38 IDT 2025, 120 W
Tue Sep 23 21:18:38 IDT 2025, 92 W
Tue Sep 23 21:18:38 IDT 2025, 112 W
Tue Sep 23 21:18:38 IDT 2025, 118 W
Tue Sep 23 21:18:38 IDT 2025, 114 W
Tue Sep 23 21:18:39 IDT 2025, 108 W
Tue Sep 23 21:18:39 IDT 2025, 117 W
Tue Sep 23 21:18:39 IDT 2025, 117 W
Tue Sep 23 21:18:39 IDT 2025, 109 W
Tue Sep 23 21:18:39 IDT 2025, 110 W
Tue Sep 23 21:18:39 IDT 2025, 101 W
Tue Sep 23 21:18:39 IDT 2025, 119 W
Tue Sep 23 21:18:39 IDT 2025, 106 W
Tue Sep 23 21:18:40 IDT 2025, 116 W
Tue Sep 23 21:18:40 IDT 2025, 113 W
Tue Sep 23 21:18:40 IDT 2025, 106 W
Tue Sep 23 21:18:40 IDT 2025, 111 W
Tue Sep 23 21:18:40 IDT 2025, 118 W
Tue Sep 23 21:18:40 IDT 2025, 111 W
Tue Sep 23 21:18:40 IDT 2025, 118 W
Tue Sep 23 21:18:40 IDT 2025, 110 W
Tue Sep 23 21:18:41 IDT 2025, 118 W
Tue Sep 23 21:18:41 IDT 2025, 120 W
Tue Sep 23 21:18:41 IDT 2025, 119 W
Tue Sep 23 21:18:41 IDT 2025, 115 W
Tue Sep 23 21:18:41 IDT 2025, 94 W
Tue Sep 23 21:18:41 IDT 2025, 112 W
Tue Sep 23 21:18:41 IDT 2025, 122 W
Tue Sep 23 21:18:41 IDT 2025, 111 W
Tue Sep 23 21:18:42 IDT 2025, 113 W
Tue Sep 23 21:18:42 IDT 2025, 115 W
Tue Sep 23 21:18:42 IDT 2025, 99 W
Tue Sep 23 21:18:42 IDT 2025, 113 W
Tue Sep 23 21:18:42 IDT 2025, 106 W
Tue Sep 23 21:18:42 IDT 2025, 112 W
Tue Sep 23 21:18:42 IDT 2025, 126 W
Tue Sep 23 21:18:42 IDT 2025, 109 W
Tue Sep 23 21:18:43 IDT 2025, 117 W
Tue Sep 23 21:18:43 IDT 2025, 109 W
Tue Sep 23 21:18:43 IDT 2025, 119 W
Tue Sep 23 21:18:43 IDT 2025, 118 W
Tue Sep 23 21:18:43 IDT 2025, 93 W
Tue Sep 23 21:18:43 IDT 2025, 112 W
Tue Sep 23 21:18:43 IDT 2025, 123 W
Tue Sep 23 21:18:43 IDT 2025, 111 W
Tue Sep 23 21:18:44 IDT 2025, 115 W
Tue Sep 23 21:18:44 IDT 2025, 113 W
Tue Sep 23 21:18:44 IDT 2025, 124 W
Tue Sep 23 21:18:44 IDT 2025, 98 W
Tue Sep 23 21:18:44 IDT 2025, 115 W
Tue Sep 23 21:18:44 IDT 2025, 117 W
Tue Sep 23 21:18:44 IDT 2025, 119 W
Tue Sep 23 21:18:44 IDT 2025, 112 W
Tue Sep 23 21:18:45 IDT 2025, 120 W
Tue Sep 23 21:18:45 IDT 2025, 115 W
Tue Sep 23 21:18:45 IDT 2025, 119 W
Tue Sep 23 21:18:45 IDT 2025, 116 W
Tue Sep 23 21:18:45 IDT 2025, 95 W
Tue Sep 23 21:18:45 IDT 2025, 105 W
Tue Sep 23 21:18:45 IDT 2025, 119 W
Tue Sep 23 21:18:45 IDT 2025, 109 W
Tue Sep 23 21:18:46 IDT 2025, 102 W
Tue Sep 23 21:18:46 IDT 2025, 100 W
Tue Sep 23 21:18:46 IDT 2025, 116 W
Tue Sep 23 21:18:46 IDT 2025, 116 W
Tue Sep 23 21:18:46 IDT 2025, 113 W
Tue Sep 23 21:18:46 IDT 2025, 114 W
Tue Sep 23 21:18:46 IDT 2025, 117 W
Tue Sep 23 21:18:46 IDT 2025, 112 W
Tue Sep 23 21:18:47 IDT 2025, 109 W
Tue Sep 23 21:18:47 IDT 2025, 113 W
Tue Sep 23 21:18:47 IDT 2025, 116 W
Tue Sep 23 21:18:47 IDT 2025, 115 W
Tue Sep 23 21:18:47 IDT 2025, 99 W
Tue Sep 23 21:18:47 IDT 2025, 119 W
Tue Sep 23 21:18:47 IDT 2025, 124 W
Tue Sep 23 21:18:47 IDT 2025, 100 W
Tue Sep 23 21:18:48 IDT 2025, 111 W
Tue Sep 23 21:18:48 IDT 2025, 118 W
Tue Sep 23 21:18:48 IDT 2025, 115 W
Tue Sep 23 21:18:48 IDT 2025, 114 W
Tue Sep 23 21:18:48 IDT 2025, 94 W
Tue Sep 23 21:18:48 IDT 2025, 116 W
Tue Sep 23 21:18:48 IDT 2025, 118 W
Tue Sep 23 21:18:48 IDT 2025, 111 W
Tue Sep 23 21:18:49 IDT 2025, 119 W
Tue Sep 23 21:18:49 IDT 2025, 120 W
Tue Sep 23 21:18:49 IDT 2025, 121 W
Tue Sep 23 21:18:49 IDT 2025, 113 W
Tue Sep 23 21:18:49 IDT 2025, 102 W
Tue Sep 23 21:18:49 IDT 2025, 114 W
Tue Sep 23 21:18:49 IDT 2025, 125 W
Tue Sep 23 21:18:49 IDT 2025, 110 W
Tue Sep 23 21:18:50 IDT 2025, 104 W
Tue Sep 23 21:18:50 IDT 2025, 113 W
Tue Sep 23 21:18:50 IDT 2025, 122 W
Tue Sep 23 21:18:50 IDT 2025, 117 W
Tue Sep 23 21:18:50 IDT 2025, 108 W
Tue Sep 23 21:18:50 IDT 2025, 112 W
Tue Sep 23 21:18:50 IDT 2025, 128 W
Tue Sep 23 21:18:50 IDT 2025, 104 W
Tue Sep 23 21:18:51 IDT 2025, 114 W
Tue Sep 23 21:18:51 IDT 2025, 99 W
Tue Sep 23 21:18:51 IDT 2025, 111 W
Tue Sep 23 21:18:51 IDT 2025, 113 W
Tue Sep 23 21:18:51 IDT 2025, 110 W
Tue Sep 23 21:18:51 IDT 2025, 111 W
Tue Sep 23 21:18:51 IDT 2025, 126 W
Tue Sep 23 21:18:51 IDT 2025, 109 W
Tue Sep 23 21:18:52 IDT 2025, 118 W
Tue Sep 23 21:18:52 IDT 2025, 104 W
Tue Sep 23 21:18:52 IDT 2025, 118 W
Tue Sep 23 21:18:52 IDT 2025, 97 W
Tue Sep 23 21:18:52 IDT 2025, 111 W
Tue Sep 23 21:18:52 IDT 2025, 111 W
Tue Sep 23 21:18:52 IDT 2025, 121 W
Tue Sep 23 21:18:52 IDT 2025, 110 W
Tue Sep 23 21:18:53 IDT 2025, 97 W
Tue Sep 23 21:18:53 IDT 2025, 112 W
Tue Sep 23 21:18:53 IDT 2025, 124 W
Tue Sep 23 21:18:53 IDT 2025, 111 W
Tue Sep 23 21:18:53 IDT 2025, 113 W
Tue Sep 23 21:18:53 IDT 2025, 113 W
Tue Sep 23 21:18:53 IDT 2025, 120 W
Tue Sep 23 21:18:53 IDT 2025, 113 W
Tue Sep 23 21:18:54 IDT 2025, 115 W
Tue Sep 23 21:18:54 IDT 2025, 101 W
Tue Sep 23 21:18:54 IDT 2025, 124 W
Tue Sep 23 21:18:54 IDT 2025, 119 W
Tue Sep 23 21:18:54 IDT 2025, 110 W
Tue Sep 23 21:18:54 IDT 2025, 115 W
Tue Sep 23 21:18:54 IDT 2025, 123 W
Tue Sep 23 21:18:54 IDT 2025, 107 W
Tue Sep 23 21:18:55 IDT 2025, 98 W
Tue Sep 23 21:18:55 IDT 2025, 115 W
Tue Sep 23 21:18:55 IDT 2025, 117 W
Tue Sep 23 21:18:55 IDT 2025, 114 W
Tue Sep 23 21:18:55 IDT 2025, 108 W
Tue Sep 23 21:18:55 IDT 2025, 114 W
Tue Sep 23 21:18:55 IDT 2025, 118 W
Tue Sep 23 21:18:55 IDT 2025, 107 W
Tue Sep 23 21:18:56 IDT 2025, 113 W
Tue Sep 23 21:18:56 IDT 2025, 114 W
Tue Sep 23 21:18:56 IDT 2025, 103 W
Tue Sep 23 21:18:56 IDT 2025, 106 W
Tue Sep 23 21:18:56 IDT 2025, 113 W
Tue Sep 23 21:18:56 IDT 2025, 116 W
Tue Sep 23 21:18:56 IDT 2025, 117 W
Tue Sep 23 21:18:56 IDT 2025, 114 W
Tue Sep 23 21:18:57 IDT 2025, 112 W
Tue Sep 23 21:18:57 IDT 2025, 119 W
Tue Sep 23 21:18:57 IDT 2025, 102 W
Tue Sep 23 21:18:57 IDT 2025, 116 W
Tue Sep 23 21:18:57 IDT 2025, 117 W
Tue Sep 23 21:18:57 IDT 2025, 108 W
Tue Sep 23 21:18:57 IDT 2025, 120 W
Tue Sep 23 21:18:57 IDT 2025, 109 W
Tue Sep 23 21:18:58 IDT 2025, 96 W
Tue Sep 23 21:18:58 IDT 2025, 115 W
Tue Sep 23 21:18:58 IDT 2025, 118 W
Tue Sep 23 21:18:58 IDT 2025, 113 W
Tue Sep 23 21:18:58 IDT 2025, 109 W
Tue Sep 23 21:18:58 IDT 2025, 117 W
Tue Sep 23 21:18:58 IDT 2025, 121 W
Tue Sep 23 21:18:58 IDT 2025, 109 W
Tue Sep 23 21:18:59 IDT 2025, 110 W
Tue Sep 23 21:18:59 IDT 2025, 115 W
Tue Sep 23 21:18:59 IDT 2025, 125 W
Tue Sep 23 21:18:59 IDT 2025, 108 W
Tue Sep 23 21:18:59 IDT 2025, 91 W
Tue Sep 23 21:18:59 IDT 2025, 117 W
Tue Sep 23 21:18:59 IDT 2025, 122 W
Tue Sep 23 21:18:59 IDT 2025, 115 W
Tue Sep 23 21:19:00 IDT 2025, 114 W
Tue Sep 23 21:19:00 IDT 2025, 118 W
Tue Sep 23 21:19:00 IDT 2025, 117 W
Tue Sep 23 21:19:00 IDT 2025, 113 W
Tue Sep 23 21:19:00 IDT 2025, 94 W
Tue Sep 23 21:19:00 IDT 2025, 110 W
Tue Sep 23 21:19:00 IDT 2025, 115 W
Tue Sep 23 21:19:00 IDT 2025, 107 W
Tue Sep 23 21:19:01 IDT 2025, 116 W
Tue Sep 23 21:19:01 IDT 2025, 115 W
Tue Sep 23 21:19:01 IDT 2025, 124 W
Tue Sep 23 21:19:01 IDT 2025, 110 W
Tue Sep 23 21:19:01 IDT 2025, 89 W
Tue Sep 23 21:19:01 IDT 2025, 121 W
Tue Sep 23 21:19:01 IDT 2025, 121 W
Tue Sep 23 21:19:01 IDT 2025, 111 W
Tue Sep 23 21:19:02 IDT 2025, 112 W
Tue Sep 23 21:19:02 IDT 2025, 115 W
Tue Sep 23 21:19:02 IDT 2025, 120 W
Tue Sep 23 21:19:02 IDT 2025, 110 W
Tue Sep 23 21:19:02 IDT 2025, 94 W
Tue Sep 23 21:19:02 IDT 2025, 113 W
Tue Sep 23 21:19:02 IDT 2025, 123 W
Tue Sep 23 21:19:02 IDT 2025, 108 W
Tue Sep 23 21:19:03 IDT 2025, 116 W
Tue Sep 23 21:19:03 IDT 2025, 112 W
Tue Sep 23 21:19:03 IDT 2025, 118 W
Tue Sep 23 21:19:03 IDT 2025, 118 W
Tue Sep 23 21:19:03 IDT 2025, 97 W
Tue Sep 23 21:19:03 IDT 2025, 113 W
Tue Sep 23 21:19:03 IDT 2025, 122 W
Tue Sep 23 21:19:03 IDT 2025, 106 W
Tue Sep 23 21:19:04 IDT 2025, 116 W
Tue Sep 23 21:19:04 IDT 2025, 107 W
Tue Sep 23 21:19:04 IDT 2025, 119 W
Tue Sep 23 21:19:04 IDT 2025, 116 W
Tue Sep 23 21:19:04 IDT 2025, 100 W
Tue Sep 23 21:19:04 IDT 2025, 108 W
Tue Sep 23 21:19:04 IDT 2025, 122 W
Tue Sep 23 21:19:04 IDT 2025, 104 W
Tue Sep 23 21:19:05 IDT 2025, 114 W
Tue Sep 23 21:19:05 IDT 2025, 122 W
Tue Sep 23 21:19:05 IDT 2025, 115 W
Tue Sep 23 21:19:05 IDT 2025, 118 W
Tue Sep 23 21:19:05 IDT 2025, 94 W
Tue Sep 23 21:19:05 IDT 2025, 112 W
Tue Sep 23 21:19:05 IDT 2025, 123 W
Tue Sep 23 21:19:05 IDT 2025, 111 W
Tue Sep 23 21:19:06 IDT 2025, 118 W
Tue Sep 23 21:19:06 IDT 2025, 115 W
Tue Sep 23 21:19:06 IDT 2025, 115 W
Tue Sep 23 21:19:06 IDT 2025, 114 W
Tue Sep 23 21:19:06 IDT 2025, 93 W
Tue Sep 23 21:19:06 IDT 2025, 114 W
Tue Sep 23 21:19:06 IDT 2025, 120 W
Tue Sep 23 21:19:06 IDT 2025, 110 W
Tue Sep 23 21:19:07 IDT 2025, 114 W
Tue Sep 23 21:19:07 IDT 2025, 116 W
Tue Sep 23 21:19:07 IDT 2025, 119 W
Tue Sep 23 21:19:07 IDT 2025, 114 W
Tue Sep 23 21:19:07 IDT 2025, 97 W
Tue Sep 23 21:19:07 IDT 2025, 110 W
Tue Sep 23 21:19:07 IDT 2025, 127 W
Tue Sep 23 21:19:07 IDT 2025, 109 W
Tue Sep 23 21:19:08 IDT 2025, 117 W
Tue Sep 23 21:19:08 IDT 2025, 115 W
Tue Sep 23 21:19:08 IDT 2025, 125 W
Tue Sep 23 21:19:08 IDT 2025, 107 W
Tue Sep 23 21:19:08 IDT 2025, 113 W
Tue Sep 23 21:19:08 IDT 2025, 99 W
Tue Sep 23 21:19:08 IDT 2025, 118 W
Tue Sep 23 21:19:08 IDT 2025, 107 W
Tue Sep 23 21:19:09 IDT 2025, 100 W
Tue Sep 23 21:19:09 IDT 2025, 117 W
Tue Sep 23 21:19:09 IDT 2025, 118 W
Tue Sep 23 21:19:09 IDT 2025, 116 W
Tue Sep 23 21:19:09 IDT 2025, 114 W
Tue Sep 23 21:19:09 IDT 2025, 118 W
Tue Sep 23 21:19:09 IDT 2025, 121 W
Tue Sep 23 21:19:09 IDT 2025, 113 W
Tue Sep 23 21:19:10 IDT 2025, 109 W
Tue Sep 23 21:19:10 IDT 2025, 111 W
Tue Sep 23 21:19:10 IDT 2025, 104 W
Tue Sep 23 21:19:10 IDT 2025, 117 W
Tue Sep 23 21:19:10 IDT 2025, 112 W
Tue Sep 23 21:19:10 IDT 2025, 112 W
Tue Sep 23 21:19:10 IDT 2025, 115 W
Tue Sep 23 21:19:10 IDT 2025, 107 W
Tue Sep 23 21:19:11 IDT 2025, 118 W
Tue Sep 23 21:19:11 IDT 2025, 116 W
Tue Sep 23 21:19:11 IDT 2025, 121 W
Tue Sep 23 21:19:11 IDT 2025, 116 W
Tue Sep 23 21:19:11 IDT 2025, 101 W
Tue Sep 23 21:19:11 IDT 2025, 114 W
Tue Sep 23 21:19:11 IDT 2025, 126 W
Tue Sep 23 21:19:11 IDT 2025, 115 W
Tue Sep 23 21:19:12 IDT 2025, 114 W
Tue Sep 23 21:19:12 IDT 2025, 120 W
Tue Sep 23 21:19:12 IDT 2025, 116 W
Tue Sep 23 21:19:12 IDT 2025, 108 W
Tue Sep 23 21:19:12 IDT 2025, 111 W
Tue Sep 23 21:19:12 IDT 2025, 94 W
Tue Sep 23 21:19:12 IDT 2025, 122 W
Tue Sep 23 21:19:12 IDT 2025, 102 W
Tue Sep 23 21:19:13 IDT 2025, 115 W
Tue Sep 23 21:19:13 IDT 2025, 111 W
Tue Sep 23 21:19:13 IDT 2025, 123 W
Tue Sep 23 21:19:13 IDT 2025, 114 W
Tue Sep 23 21:19:13 IDT 2025, 117 W
Tue Sep 23 21:19:13 IDT 2025, 116 W
Tue Sep 23 21:19:13 IDT 2025, 128 W
Tue Sep 23 21:19:13 IDT 2025, 88 W
Tue Sep 23 21:19:14 IDT 2025, 104 W
Tue Sep 23 21:19:14 IDT 2025, 114 W
Tue Sep 23 21:19:14 IDT 2025, 123 W
Tue Sep 23 21:19:14 IDT 2025, 116 W
Tue Sep 23 21:19:14 IDT 2025, 109 W
Tue Sep 23 21:19:14 IDT 2025, 116 W
Tue Sep 23 21:19:14 IDT 2025, 116 W
Tue Sep 23 21:19:14 IDT 2025, 94 W
Tue Sep 23 21:19:15 IDT 2025, 97 W
Tue Sep 23 21:19:15 IDT 2025, 112 W
Tue Sep 23 21:19:15 IDT 2025, 122 W
Tue Sep 23 21:19:15 IDT 2025, 112 W
Tue Sep 23 21:19:15 IDT 2025, 116 W
Tue Sep 23 21:19:15 IDT 2025, 112 W
Tue Sep 23 21:19:15 IDT 2025, 121 W
Tue Sep 23 21:19:15 IDT 2025, 112 W
Tue Sep 23 21:19:16 IDT 2025, 119 W
Tue Sep 23 21:19:16 IDT 2025, 100 W
Tue Sep 23 21:19:16 IDT 2025, 116 W
Tue Sep 23 21:19:16 IDT 2025, 117 W
Tue Sep 23 21:19:16 IDT 2025, 110 W
Tue Sep 23 21:19:16 IDT 2025, 111 W
Tue Sep 23 21:19:16 IDT 2025, 128 W
Tue Sep 23 21:19:16 IDT 2025, 106 W
Tue Sep 23 21:19:17 IDT 2025, 112 W
Tue Sep 23 21:19:17 IDT 2025, 113 W
Tue Sep 23 21:19:17 IDT 2025, 123 W
Tue Sep 23 21:19:17 IDT 2025, 108 W
Tue Sep 23 21:19:17 IDT 2025, 92 W
Tue Sep 23 21:19:17 IDT 2025, 112 W
Tue Sep 23 21:19:17 IDT 2025, 121 W
Tue Sep 23 21:19:17 IDT 2025, 111 W
Tue Sep 23 21:19:18 IDT 2025, 102 W
Tue Sep 23 21:19:18 IDT 2025, 113 W
Tue Sep 23 21:19:18 IDT 2025, 116 W
Tue Sep 23 21:19:18 IDT 2025, 116 W
Tue Sep 23 21:19:18 IDT 2025, 110 W
Tue Sep 23 21:19:18 IDT 2025, 117 W
Tue Sep 23 21:19:18 IDT 2025, 120 W
Tue Sep 23 21:19:18 IDT 2025, 105 W
Tue Sep 23 21:19:19 IDT 2025, 99 W
Tue Sep 23 21:19:19 IDT 2025, 112 W
Tue Sep 23 21:19:19 IDT 2025, 121 W
Tue Sep 23 21:19:19 IDT 2025, 113 W
Tue Sep 23 21:19:19 IDT 2025, 112 W
Tue Sep 23 21:19:19 IDT 2025, 117 W
Tue Sep 23 21:19:19 IDT 2025, 122 W
Tue Sep 23 21:19:19 IDT 2025, 109 W
Tue Sep 23 21:19:20 IDT 2025, 115 W
Tue Sep 23 21:19:20 IDT 2025, 97 W
Tue Sep 23 21:19:20 IDT 2025, 119 W
Tue Sep 23 21:19:20 IDT 2025, 109 W
Tue Sep 23 21:19:20 IDT 2025, 114 W
Tue Sep 23 21:19:20 IDT 2025, 110 W
Tue Sep 23 21:19:20 IDT 2025, 121 W
Tue Sep 23 21:19:20 IDT 2025, 109 W
Tue Sep 23 21:19:21 IDT 2025, 101 W
Tue Sep 23 21:19:21 IDT 2025, 120 W
Tue Sep 23 21:19:21 IDT 2025, 119 W
Tue Sep 23 21:19:21 IDT 2025, 112 W
Tue Sep 23 21:19:21 IDT 2025, 109 W
Tue Sep 23 21:19:21 IDT 2025, 112 W
Tue Sep 23 21:19:21 IDT 2025, 116 W
Tue Sep 23 21:19:21 IDT 2025, 107 W
Tue Sep 23 21:19:22 IDT 2025, 117 W
Tue Sep 23 21:19:22 IDT 2025, 119 W
Tue Sep 23 21:19:22 IDT 2025, 101 W
Tue Sep 23 21:19:22 IDT 2025, 111 W
Tue Sep 23 21:19:22 IDT 2025, 112 W
Tue Sep 23 21:19:22 IDT 2025, 109 W
Tue Sep 23 21:19:22 IDT 2025, 114 W
Tue Sep 23 21:19:22 IDT 2025, 109 W
Tue Sep 23 21:19:23 IDT 2025, 101 W
Tue Sep 23 21:19:23 IDT 2025, 116 W
Tue Sep 23 21:19:23 IDT 2025, 125 W
Tue Sep 23 21:19:23 IDT 2025, 114 W
Tue Sep 23 21:19:23 IDT 2025, 114 W
Tue Sep 23 21:19:23 IDT 2025, 115 W
Tue Sep 23 21:19:23 IDT 2025, 123 W
Tue Sep 23 21:19:23 IDT 2025, 109 W
Tue Sep 23 21:19:24 IDT 2025, 117 W
Tue Sep 23 21:19:24 IDT 2025, 114 W
Tue Sep 23 21:19:24 IDT 2025, 118 W
Tue Sep 23 21:19:24 IDT 2025, 108 W
Tue Sep 23 21:19:24 IDT 2025, 107 W
Tue Sep 23 21:19:24 IDT 2025, 96 W
Tue Sep 23 21:19:24 IDT 2025, 117 W
Tue Sep 23 21:19:24 IDT 2025, 110 W
Tue Sep 23 21:19:25 IDT 2025, 110 W
Tue Sep 23 21:19:25 IDT 2025, 114 W
Tue Sep 23 21:19:25 IDT 2025, 122 W
Tue Sep 23 21:19:25 IDT 2025, 114 W
Tue Sep 23 21:19:25 IDT 2025, 94 W
Tue Sep 23 21:19:25 IDT 2025, 109 W
Tue Sep 23 21:19:25 IDT 2025, 123 W
Tue Sep 23 21:19:25 IDT 2025, 107 W
Tue Sep 23 21:19:26 IDT 2025, 107 W
Tue Sep 23 21:19:26 IDT 2025, 117 W
Tue Sep 23 21:19:26 IDT 2025, 116 W
Tue Sep 23 21:19:26 IDT 2025, 112 W
Tue Sep 23 21:19:26 IDT 2025, 94 W
Tue Sep 23 21:19:26 IDT 2025, 116 W
Tue Sep 23 21:19:26 IDT 2025, 123 W
Tue Sep 23 21:19:26 IDT 2025, 109 W
Tue Sep 23 21:19:27 IDT 2025, 118 W
Tue Sep 23 21:19:27 IDT 2025, 114 W
Tue Sep 23 21:19:27 IDT 2025, 118 W
Tue Sep 23 21:19:27 IDT 2025, 99 W
Tue Sep 23 21:19:27 IDT 2025, 110 W
Tue Sep 23 21:19:27 IDT 2025, 116 W
Tue Sep 23 21:19:27 IDT 2025, 123 W
Tue Sep 23 21:19:27 IDT 2025, 108 W
Tue Sep 23 21:19:28 IDT 2025, 110 W
Tue Sep 23 21:19:28 IDT 2025, 110 W
Tue Sep 23 21:19:28 IDT 2025, 123 W
Tue Sep 23 21:19:28 IDT 2025, 109 W
Tue Sep 23 21:19:28 IDT 2025, 117 W
Tue Sep 23 21:19:28 IDT 2025, 98 W
Tue Sep 23 21:19:28 IDT 2025, 115 W
Tue Sep 23 21:19:28 IDT 2025, 103 W
Tue Sep 23 21:19:29 IDT 2025, 116 W
Tue Sep 23 21:19:29 IDT 2025, 119 W
Tue Sep 23 21:19:29 IDT 2025, 97 W
Tue Sep 23 21:19:29 IDT 2025, 110 W
Tue Sep 23 21:19:29 IDT 2025, 116 W
Tue Sep 23 21:19:29 IDT 2025, 113 W
Tue Sep 23 21:19:29 IDT 2025, 124 W
Tue Sep 23 21:19:29 IDT 2025, 104 W
Tue Sep 23 21:19:30 IDT 2025, 98 W
Tue Sep 23 21:19:30 IDT 2025, 110 W
Tue Sep 23 21:19:30 IDT 2025, 122 W
Tue Sep 23 21:19:30 IDT 2025, 111 W
Tue Sep 23 21:19:30 IDT 2025, 116 W
Tue Sep 23 21:19:30 IDT 2025, 112 W
Tue Sep 23 21:19:30 IDT 2025, 122 W
Tue Sep 23 21:19:30 IDT 2025, 107 W
Tue Sep 23 21:19:31 IDT 2025, 117 W
Tue Sep 23 21:19:31 IDT 2025, 114 W
Tue Sep 23 21:19:31 IDT 2025, 117 W
Tue Sep 23 21:19:31 IDT 2025, 92 W
Tue Sep 23 21:19:31 IDT 2025, 111 W
Tue Sep 23 21:19:31 IDT 2025, 109 W
Tue Sep 23 21:19:31 IDT 2025, 128 W
Tue Sep 23 21:19:31 IDT 2025, 106 W
Tue Sep 23 21:19:32 IDT 2025, 115 W
Tue Sep 23 21:19:32 IDT 2025, 114 W
Tue Sep 23 21:19:32 IDT 2025, 121 W
Tue Sep 23 21:19:32 IDT 2025, 112 W
Tue Sep 23 21:19:32 IDT 2025, 113 W
Tue Sep 23 21:19:32 IDT 2025, 112 W
Tue Sep 23 21:19:32 IDT 2025, 104 W
Tue Sep 23 21:19:32 IDT 2025, 109 W
Tue Sep 23 21:19:33 IDT 2025, 113 W
Tue Sep 23 21:19:33 IDT 2025, 115 W
Tue Sep 23 21:19:33 IDT 2025, 119 W
Tue Sep 23 21:19:33 IDT 2025, 114 W
Tue Sep 23 21:19:33 IDT 2025, 90 W
Tue Sep 23 21:19:33 IDT 2025, 113 W
Tue Sep 23 21:19:33 IDT 2025, 117 W
Tue Sep 23 21:19:33 IDT 2025, 114 W
Tue Sep 23 21:19:34 IDT 2025, 110 W
Tue Sep 23 21:19:34 IDT 2025, 111 W
Tue Sep 23 21:19:34 IDT 2025, 110 W
Tue Sep 23 21:19:34 IDT 2025, 104 W
Tue Sep 23 21:19:34 IDT 2025, 99 W
Tue Sep 23 21:19:34 IDT 2025, 94 W
Tue Sep 23 21:19:34 IDT 2025, 116 W
Tue Sep 23 21:19:34 IDT 2025, 109 W
Tue Sep 23 21:19:35 IDT 2025, 116 W
Tue Sep 23 21:19:35 IDT 2025, 114 W
Tue Sep 23 21:19:35 IDT 2025, 117 W
Tue Sep 23 21:19:35 IDT 2025, 113 W
Tue Sep 23 21:19:35 IDT 2025, 95 W
Tue Sep 23 21:19:35 IDT 2025, 121 W
Tue Sep 23 21:19:35 IDT 2025, 118 W
Tue Sep 23 21:19:35 IDT 2025, 105 W
Tue Sep 23 21:19:36 IDT 2025, 109 W
Tue Sep 23 21:19:36 IDT 2025, 103 W
Tue Sep 23 21:19:36 IDT 2025, 112 W
Tue Sep 23 21:19:36 IDT 2025, 112 W
Tue Sep 23 21:19:36 IDT 2025, 104 W
Tue Sep 23 21:19:36 IDT 2025, 97 W
Tue Sep 23 21:19:36 IDT 2025, 117 W
Tue Sep 23 21:19:36 IDT 2025, 100 W
Tue Sep 23 21:19:37 IDT 2025, 108 W
Tue Sep 23 21:19:37 IDT 2025, 110 W
Tue Sep 23 21:19:37 IDT 2025, 116 W
Tue Sep 23 21:19:37 IDT 2025, 118 W
Tue Sep 23 21:19:37 IDT 2025, 108 W
Tue Sep 23 21:19:37 IDT 2025, 112 W
Tue Sep 23 21:19:37 IDT 2025, 117 W
Tue Sep 23 21:19:37 IDT 2025, 109 W
Tue Sep 23 21:19:38 IDT 2025, 111 W
Tue Sep 23 21:19:38 IDT 2025, 103 W
Tue Sep 23 21:19:38 IDT 2025, 112 W
Tue Sep 23 21:19:38 IDT 2025, 99 W
Tue Sep 23 21:19:38 IDT 2025, 98 W
Tue Sep 23 21:19:38 IDT 2025, 103 W
Tue Sep 23 21:19:38 IDT 2025, 115 W
Tue Sep 23 21:19:38 IDT 2025, 102 W
Tue Sep 23 21:19:39 IDT 2025, 119 W
Tue Sep 23 21:19:39 IDT 2025, 111 W
Tue Sep 23 21:19:39 IDT 2025, 125 W
Tue Sep 23 21:19:39 IDT 2025, 111 W
Tue Sep 23 21:19:39 IDT 2025, 95 W
Tue Sep 23 21:19:39 IDT 2025, 114 W
Tue Sep 23 21:19:39 IDT 2025, 121 W
Tue Sep 23 21:19:39 IDT 2025, 107 W
Tue Sep 23 21:19:40 IDT 2025, 121 W
Tue Sep 23 21:19:40 IDT 2025, 100 W
Tue Sep 23 21:19:40 IDT 2025, 120 W
Tue Sep 23 21:19:40 IDT 2025, 114 W
Tue Sep 23 21:19:40 IDT 2025, 113 W
Tue Sep 23 21:19:40 IDT 2025, 103 W
Tue Sep 23 21:19:40 IDT 2025, 122 W
Tue Sep 23 21:19:40 IDT 2025, 114 W
Tue Sep 23 21:19:41 IDT 2025, 119 W
Tue Sep 23 21:19:41 IDT 2025, 114 W
Tue Sep 23 21:19:41 IDT 2025, 117 W
Tue Sep 23 21:19:41 IDT 2025, 111 W
Tue Sep 23 21:19:41 IDT 2025, 98 W
Tue Sep 23 21:19:41 IDT 2025, 108 W
Tue Sep 23 21:19:41 IDT 2025, 117 W
Tue Sep 23 21:19:41 IDT 2025, 106 W
Tue Sep 23 21:19:42 IDT 2025, 100 W
Tue Sep 23 21:19:42 IDT 2025, 115 W
Tue Sep 23 21:19:42 IDT 2025, 117 W
Tue Sep 23 21:19:42 IDT 2025, 113 W
Tue Sep 23 21:19:42 IDT 2025, 111 W
Tue Sep 23 21:19:42 IDT 2025, 116 W
Tue Sep 23 21:19:42 IDT 2025, 121 W
Tue Sep 23 21:19:42 IDT 2025, 109 W
Tue Sep 23 21:19:43 IDT 2025, 118 W
Tue Sep 23 21:19:43 IDT 2025, 111 W
Tue Sep 23 21:19:43 IDT 2025, 123 W
Tue Sep 23 21:19:43 IDT 2025, 110 W
Tue Sep 23 21:19:43 IDT 2025, 95 W
Tue Sep 23 21:19:43 IDT 2025, 113 W
Tue Sep 23 21:19:43 IDT 2025, 125 W
Tue Sep 23 21:19:43 IDT 2025, 107 W
Tue Sep 23 21:19:44 IDT 2025, 116 W
Tue Sep 23 21:19:44 IDT 2025, 112 W
Tue Sep 23 21:19:44 IDT 2025, 101 W
Tue Sep 23 21:19:44 IDT 2025, 112 W
Tue Sep 23 21:19:44 IDT 2025, 119 W
Tue Sep 23 21:19:44 IDT 2025, 118 W
Tue Sep 23 21:19:44 IDT 2025, 125 W
Tue Sep 23 21:19:44 IDT 2025, 111 W
Tue Sep 23 21:19:45 IDT 2025, 114 W
Tue Sep 23 21:19:45 IDT 2025, 113 W
Tue Sep 23 21:19:45 IDT 2025, 124 W
Tue Sep 23 21:19:45 IDT 2025, 113 W
Tue Sep 23 21:19:45 IDT 2025, 95 W
Tue Sep 23 21:19:45 IDT 2025, 110 W
Tue Sep 23 21:19:45 IDT 2025, 122 W
Tue Sep 23 21:19:45 IDT 2025, 111 W
Tue Sep 23 21:19:46 IDT 2025, 121 W
Tue Sep 23 21:19:46 IDT 2025, 101 W
Tue Sep 23 21:19:46 IDT 2025, 127 W
Tue Sep 23 21:19:46 IDT 2025, 116 W
Tue Sep 23 21:19:46 IDT 2025, 116 W
Tue Sep 23 21:19:46 IDT 2025, 116 W
Tue Sep 23 21:19:46 IDT 2025, 129 W
Tue Sep 23 21:19:46 IDT 2025, 116 W
Tue Sep 23 21:19:47 IDT 2025, 114 W
Tue Sep 23 21:19:47 IDT 2025, 94 W
Tue Sep 23 21:19:47 IDT 2025, 119 W
Tue Sep 23 21:19:47 IDT 2025, 109 W
Tue Sep 23 21:19:47 IDT 2025, 112 W
Tue Sep 23 21:19:47 IDT 2025, 112 W
Tue Sep 23 21:19:47 IDT 2025, 119 W
Tue Sep 23 21:19:47 IDT 2025, 111 W
Tue Sep 23 21:19:48 IDT 2025, 119 W
Tue Sep 23 21:19:48 IDT 2025, 103 W
Tue Sep 23 21:19:48 IDT 2025, 121 W
Tue Sep 23 21:19:48 IDT 2025, 119 W
Tue Sep 23 21:19:48 IDT 2025, 114 W
Tue Sep 23 21:19:48 IDT 2025, 120 W
Tue Sep 23 21:19:48 IDT 2025, 127 W
Tue Sep 23 21:19:48 IDT 2025, 116 W
Tue Sep 23 21:19:49 IDT 2025, 115 W
Tue Sep 23 21:19:49 IDT 2025, 94 W
Tue Sep 23 21:19:49 IDT 2025, 123 W
Tue Sep 23 21:19:49 IDT 2025, 109 W
Tue Sep 23 21:19:49 IDT 2025, 114 W
Tue Sep 23 21:19:49 IDT 2025, 115 W
Tue Sep 23 21:19:49 IDT 2025, 119 W
Tue Sep 23 21:19:49 IDT 2025, 107 W
Tue Sep 23 21:19:50 IDT 2025, 114 W
Tue Sep 23 21:19:50 IDT 2025, 116 W
Tue Sep 23 21:19:50 IDT 2025, 120 W
Tue Sep 23 21:19:50 IDT 2025, 118 W
Tue Sep 23 21:19:50 IDT 2025, 92 W
Tue Sep 23 21:19:50 IDT 2025, 112 W
Tue Sep 23 21:19:50 IDT 2025, 121 W
Tue Sep 23 21:19:50 IDT 2025, 107 W
Tue Sep 23 21:19:51 IDT 2025, 115 W
Tue Sep 23 21:19:51 IDT 2025, 108 W
Tue Sep 23 21:19:51 IDT 2025, 95 W
Tue Sep 23 21:19:51 IDT 2025, 108 W
Tue Sep 23 21:19:51 IDT 2025, 117 W
Tue Sep 23 21:19:51 IDT 2025, 112 W
Tue Sep 23 21:19:51 IDT 2025, 120 W
Tue Sep 23 21:19:51 IDT 2025, 110 W
Tue Sep 23 21:19:52 IDT 2025, 113 W
Tue Sep 23 21:19:52 IDT 2025, 117 W
Tue Sep 23 21:19:52 IDT 2025, 119 W
Tue Sep 23 21:19:52 IDT 2025, 117 W
Tue Sep 23 21:19:52 IDT 2025, 110 W
Tue Sep 23 21:19:52 IDT 2025, 116 W
Tue Sep 23 21:19:52 IDT 2025, 101 W
Tue Sep 23 21:19:52 IDT 2025, 110 W
Tue Sep 23 21:19:53 IDT 2025, 92 W
Tue Sep 23 21:19:53 IDT 2025, 111 W
Tue Sep 23 21:19:53 IDT 2025, 118 W
Tue Sep 23 21:19:53 IDT 2025, 120 W
Tue Sep 23 21:19:53 IDT 2025, 111 W
Tue Sep 23 21:19:53 IDT 2025, 115 W
Tue Sep 23 21:19:53 IDT 2025, 123 W
Tue Sep 23 21:19:53 IDT 2025, 108 W
Tue Sep 23 21:19:54 IDT 2025, 117 W
Tue Sep 23 21:19:54 IDT 2025, 111 W
Tue Sep 23 21:19:54 IDT 2025, 119 W
Tue Sep 23 21:19:54 IDT 2025, 118 W
Tue Sep 23 21:19:54 IDT 2025, 95 W
Tue Sep 23 21:19:54 IDT 2025, 109 W
Tue Sep 23 21:19:54 IDT 2025, 118 W
Tue Sep 23 21:19:54 IDT 2025, 107 W
Tue Sep 23 21:19:55 IDT 2025, 121 W
Tue Sep 23 21:19:55 IDT 2025, 113 W
Tue Sep 23 21:19:55 IDT 2025, 103 W
Tue Sep 23 21:19:55 IDT 2025, 117 W
Tue Sep 23 21:19:55 IDT 2025, 117 W
Tue Sep 23 21:19:55 IDT 2025, 117 W
Tue Sep 23 21:19:55 IDT 2025, 120 W
Tue Sep 23 21:19:55 IDT 2025, 106 W
Tue Sep 23 21:19:56 IDT 2025, 118 W
Tue Sep 23 21:19:56 IDT 2025, 110 W
Tue Sep 23 21:19:56 IDT 2025, 121 W
Tue Sep 23 21:19:56 IDT 2025, 113 W
Tue Sep 23 21:19:56 IDT 2025, 114 W
Tue Sep 23 21:19:56 IDT 2025, 117 W
Tue Sep 23 21:19:56 IDT 2025, 112 W
Tue Sep 23 21:19:56 IDT 2025, 108 W
Tue Sep 23 21:19:57 IDT 2025, 118 W
Tue Sep 23 21:19:57 IDT 2025, 116 W
Tue Sep 23 21:19:57 IDT 2025, 108 W
Tue Sep 23 21:19:57 IDT 2025, 110 W
Tue Sep 23 21:19:57 IDT 2025, 104 W
Tue Sep 23 21:19:57 IDT 2025, 97 W
Tue Sep 23 21:19:57 IDT 2025, 122 W
Tue Sep 23 21:19:57 IDT 2025, 110 W
Tue Sep 23 21:19:58 IDT 2025, 97 W
Tue Sep 23 21:19:58 IDT 2025, 114 W
Tue Sep 23 21:19:58 IDT 2025, 123 W
Tue Sep 23 21:19:58 IDT 2025, 116 W
Tue Sep 23 21:19:58 IDT 2025, 114 W
Tue Sep 23 21:19:58 IDT 2025, 117 W
Tue Sep 23 21:19:58 IDT 2025, 118 W
Tue Sep 23 21:19:58 IDT 2025, 108 W
Tue Sep 23 21:19:59 IDT 2025, 113 W
Tue Sep 23 21:19:59 IDT 2025, 120 W
Tue Sep 23 21:19:59 IDT 2025, 111 W
Tue Sep 23 21:19:59 IDT 2025, 111 W
Tue Sep 23 21:19:59 IDT 2025, 105 W
Tue Sep 23 21:19:59 IDT 2025, 112 W
Tue Sep 23 21:19:59 IDT 2025, 111 W
Tue Sep 23 21:19:59 IDT 2025, 107 W
Tue Sep 23 21:20:00 IDT 2025, 121 W
Tue Sep 23 21:20:00 IDT 2025, 119 W
Tue Sep 23 21:20:00 IDT 2025, 120 W
Tue Sep 23 21:20:00 IDT 2025, 121 W
Tue Sep 23 21:20:00 IDT 2025, 96 W
Tue Sep 23 21:20:00 IDT 2025, 114 W
Tue Sep 23 21:20:00 IDT 2025, 124 W
Tue Sep 23 21:20:00 IDT 2025, 113 W
Tue Sep 23 21:20:01 IDT 2025, 121 W
Tue Sep 23 21:20:01 IDT 2025, 112 W
Tue Sep 23 21:20:01 IDT 2025, 115 W
Tue Sep 23 21:20:01 IDT 2025, 107 W
Tue Sep 23 21:20:01 IDT 2025, 102 W
Tue Sep 23 21:20:01 IDT 2025, 115 W
Tue Sep 23 21:20:01 IDT 2025, 126 W
Tue Sep 23 21:20:01 IDT 2025, 107 W
Tue Sep 23 21:20:02 IDT 2025, 118 W
Tue Sep 23 21:20:02 IDT 2025, 116 W
Tue Sep 23 21:20:02 IDT 2025, 121 W
Tue Sep 23 21:20:02 IDT 2025, 116 W
Tue Sep 23 21:20:02 IDT 2025, 106 W
Tue Sep 23 21:20:02 IDT 2025, 99 W
Tue Sep 23 21:20:02 IDT 2025, 112 W
Tue Sep 23 21:20:02 IDT 2025, 113 W
Tue Sep 23 21:20:03 IDT 2025, 111 W
Tue Sep 23 21:20:03 IDT 2025, 114 W
Tue Sep 23 21:20:03 IDT 2025, 121 W
Tue Sep 23 21:20:03 IDT 2025, 97 W
Tue Sep 23 21:20:03 IDT 2025, 116 W
Tue Sep 23 21:20:03 IDT 2025, 112 W
Tue Sep 23 21:20:03 IDT 2025, 125 W
Tue Sep 23 21:20:03 IDT 2025, 106 W
Tue Sep 23 21:20:04 IDT 2025, 102 W
Tue Sep 23 21:20:04 IDT 2025, 120 W
Tue Sep 23 21:20:04 IDT 2025, 120 W
Tue Sep 23 21:20:04 IDT 2025, 117 W
Tue Sep 23 21:20:04 IDT 2025, 112 W
Tue Sep 23 21:20:04 IDT 2025, 111 W
Tue Sep 23 21:20:04 IDT 2025, 125 W
Tue Sep 23 21:20:04 IDT 2025, 105 W
Tue Sep 23 21:20:05 IDT 2025, 116 W
Tue Sep 23 21:20:05 IDT 2025, 116 W
Tue Sep 23 21:20:05 IDT 2025, 120 W
Tue Sep 23 21:20:05 IDT 2025, 112 W
Tue Sep 23 21:20:05 IDT 2025, 95 W
Tue Sep 23 21:20:05 IDT 2025, 111 W
Tue Sep 23 21:20:05 IDT 2025, 118 W
Tue Sep 23 21:20:05 IDT 2025, 104 W
Tue Sep 23 21:20:06 IDT 2025, 118 W
Tue Sep 23 21:20:06 IDT 2025, 118 W
Tue Sep 23 21:20:06 IDT 2025, 116 W
Tue Sep 23 21:20:06 IDT 2025, 114 W
Tue Sep 23 21:20:06 IDT 2025, 110 W
Tue Sep 23 21:20:06 IDT 2025, 111 W
Tue Sep 23 21:20:06 IDT 2025, 110 W
Tue Sep 23 21:20:06 IDT 2025, 108 W
Tue Sep 23 21:20:07 IDT 2025, 103 W
Tue Sep 23 21:20:07 IDT 2025, 115 W
Tue Sep 23 21:20:07 IDT 2025, 114 W
Tue Sep 23 21:20:07 IDT 2025, 114 W
Tue Sep 23 21:20:07 IDT 2025, 112 W
Tue Sep 23 21:20:07 IDT 2025, 113 W
Tue Sep 23 21:20:07 IDT 2025, 120 W
Tue Sep 23 21:20:07 IDT 2025, 108 W
Tue Sep 23 21:20:08 IDT 2025, 112 W
Tue Sep 23 21:20:08 IDT 2025, 114 W
Tue Sep 23 21:20:08 IDT 2025, 101 W
Tue Sep 23 21:20:08 IDT 2025, 106 W
Tue Sep 23 21:20:08 IDT 2025, 112 W
Tue Sep 23 21:20:08 IDT 2025, 113 W
Tue Sep 23 21:20:08 IDT 2025, 122 W
Tue Sep 23 21:20:08 IDT 2025, 110 W
Tue Sep 23 21:20:09 IDT 2025, 111 W
Tue Sep 23 21:20:09 IDT 2025, 115 W
Tue Sep 23 21:20:09 IDT 2025, 118 W
Tue Sep 23 21:20:09 IDT 2025, 113 W
Tue Sep 23 21:20:09 IDT 2025, 110 W
Tue Sep 23 21:20:09 IDT 2025, 116 W
Tue Sep 23 21:20:09 IDT 2025, 103 W
Tue Sep 23 21:20:09 IDT 2025, 109 W
Tue Sep 23 21:20:10 IDT 2025, 121 W
Tue Sep 23 21:20:10 IDT 2025, 113 W
Tue Sep 23 21:20:10 IDT 2025, 119 W
Tue Sep 23 21:20:10 IDT 2025, 94 W
Tue Sep 23 21:20:10 IDT 2025, 112 W
Tue Sep 23 21:20:10 IDT 2025, 114 W
Tue Sep 23 21:20:10 IDT 2025, 122 W
Tue Sep 23 21:20:10 IDT 2025, 111 W
Tue Sep 23 21:20:11 IDT 2025, 115 W
Tue Sep 23 21:20:11 IDT 2025, 98 W
Tue Sep 23 21:20:11 IDT 2025, 126 W
Tue Sep 23 21:20:11 IDT 2025, 117 W
Tue Sep 23 21:20:11 IDT 2025, 108 W
Tue Sep 23 21:20:11 IDT 2025, 116 W
Tue Sep 23 21:20:11 IDT 2025, 125 W
Tue Sep 23 21:20:11 IDT 2025, 106 W
Tue Sep 23 21:20:12 IDT 2025, 115 W
Tue Sep 23 21:20:12 IDT 2025, 95 W
Tue Sep 23 21:20:12 IDT 2025, 121 W
Tue Sep 23 21:20:12 IDT 2025, 110 W
Tue Sep 23 21:20:12 IDT 2025, 111 W
Tue Sep 23 21:20:12 IDT 2025, 113 W
Tue Sep 23 21:20:12 IDT 2025, 120 W
Tue Sep 23 21:20:12 IDT 2025, 114 W
Tue Sep 23 21:20:13 IDT 2025, 115 W
Tue Sep 23 21:20:13 IDT 2025, 94 W
Tue Sep 23 21:20:13 IDT 2025, 121 W
Tue Sep 23 21:20:13 IDT 2025, 110 W
Tue Sep 23 21:20:13 IDT 2025, 111 W
Tue Sep 23 21:20:13 IDT 2025, 114 W
Tue Sep 23 21:20:13 IDT 2025, 120 W
Tue Sep 23 21:20:13 IDT 2025, 108 W
Tue Sep 23 21:20:14 IDT 2025, 102 W
Tue Sep 23 21:20:14 IDT 2025, 114 W
Tue Sep 23 21:20:14 IDT 2025, 121 W
Tue Sep 23 21:20:14 IDT 2025, 110 W
Tue Sep 23 21:20:14 IDT 2025, 113 W
Tue Sep 23 21:20:14 IDT 2025, 115 W
Tue Sep 23 21:20:14 IDT 2025, 122 W
Tue Sep 23 21:20:14 IDT 2025, 107 W
Tue Sep 23 21:20:15 IDT 2025, 115 W
Tue Sep 23 21:20:15 IDT 2025, 93 W
Tue Sep 23 21:20:15 IDT 2025, 119 W
Tue Sep 23 21:20:15 IDT 2025, 109 W
Tue Sep 23 21:20:15 IDT 2025, 118 W
Tue Sep 23 21:20:15 IDT 2025, 110 W
Tue Sep 23 21:20:15 IDT 2025, 114 W
Tue Sep 23 21:20:15 IDT 2025, 109 W
Tue Sep 23 21:20:16 IDT 2025, 117 W
Tue Sep 23 21:20:16 IDT 2025, 119 W
Tue Sep 23 21:20:16 IDT 2025, 119 W
Tue Sep 23 21:20:16 IDT 2025, 113 W
Tue Sep 23 21:20:16 IDT 2025, 113 W
Tue Sep 23 21:20:16 IDT 2025, 116 W
Tue Sep 23 21:20:16 IDT 2025, 106 W
Tue Sep 23 21:20:16 IDT 2025, 113 W
Tue Sep 23 21:20:17 IDT 2025, 116 W
Tue Sep 23 21:20:17 IDT 2025, 94 W
Tue Sep 23 21:20:17 IDT 2025, 123 W
Tue Sep 23 21:20:17 IDT 2025, 115 W
Tue Sep 23 21:20:17 IDT 2025, 118 W
Tue Sep 23 21:20:17 IDT 2025, 118 W
Tue Sep 23 21:20:17 IDT 2025, 125 W
Tue Sep 23 21:20:17 IDT 2025, 107 W
Tue Sep 23 21:20:18 IDT 2025, 99 W
Tue Sep 23 21:20:18 IDT 2025, 116 W
Tue Sep 23 21:20:18 IDT 2025, 124 W
Tue Sep 23 21:20:18 IDT 2025, 114 W
Tue Sep 23 21:20:18 IDT 2025, 114 W
Tue Sep 23 21:20:18 IDT 2025, 119 W
Tue Sep 23 21:20:18 IDT 2025, 123 W
Tue Sep 23 21:20:18 IDT 2025, 113 W
Tue Sep 23 21:20:19 IDT 2025, 111 W
Tue Sep 23 21:20:19 IDT 2025, 120 W
Tue Sep 23 21:20:19 IDT 2025, 115 W
Tue Sep 23 21:20:19 IDT 2025, 117 W
Tue Sep 23 21:20:19 IDT 2025, 96 W
Tue Sep 23 21:20:19 IDT 2025, 121 W
Tue Sep 23 21:20:19 IDT 2025, 118 W
Tue Sep 23 21:20:19 IDT 2025, 108 W
Tue Sep 23 21:20:20 IDT 2025, 111 W
Tue Sep 23 21:20:20 IDT 2025, 114 W
Tue Sep 23 21:20:20 IDT 2025, 117 W
Tue Sep 23 21:20:20 IDT 2025, 118 W
Tue Sep 23 21:20:20 IDT 2025, 109 W
Tue Sep 23 21:20:20 IDT 2025, 115 W
Tue Sep 23 21:20:20 IDT 2025, 110 W
Tue Sep 23 21:20:20 IDT 2025, 113 W
Tue Sep 23 21:20:21 IDT 2025, 115 W
Tue Sep 23 21:20:21 IDT 2025, 95 W
Tue Sep 23 21:20:21 IDT 2025, 122 W
Tue Sep 23 21:20:21 IDT 2025, 109 W
Tue Sep 23 21:20:21 IDT 2025, 115 W
Tue Sep 23 21:20:21 IDT 2025, 121 W
Tue Sep 23 21:20:21 IDT 2025, 120 W
Tue Sep 23 21:20:21 IDT 2025, 109 W
Tue Sep 23 21:20:22 IDT 2025, 120 W
Tue Sep 23 21:20:22 IDT 2025, 113 W
Tue Sep 23 21:20:22 IDT 2025, 117 W
Tue Sep 23 21:20:22 IDT 2025, 102 W
Tue Sep 23 21:20:22 IDT 2025, 112 W
Tue Sep 23 21:20:22 IDT 2025, 114 W
Tue Sep 23 21:20:22 IDT 2025, 119 W
Tue Sep 23 21:20:22 IDT 2025, 113 W
Tue Sep 23 21:20:23 IDT 2025, 112 W
Tue Sep 23 21:20:23 IDT 2025, 103 W
Tue Sep 23 21:20:23 IDT 2025, 109 W
Tue Sep 23 21:20:23 IDT 2025, 109 W
Tue Sep 23 21:20:23 IDT 2025, 106 W
Tue Sep 23 21:20:23 IDT 2025, 107 W
Tue Sep 23 21:20:23 IDT 2025, 115 W
Tue Sep 23 21:20:23 IDT 2025, 105 W
Tue Sep 23 21:20:24 IDT 2025, 121 W
Tue Sep 23 21:20:24 IDT 2025, 118 W
Tue Sep 23 21:20:24 IDT 2025, 112 W
Tue Sep 23 21:20:24 IDT 2025, 118 W
Tue Sep 23 21:20:24 IDT 2025, 116 W
Tue Sep 23 21:20:24 IDT 2025, 119 W
Tue Sep 23 21:20:24 IDT 2025, 122 W
Tue Sep 23 21:20:24 IDT 2025, 99 W
Tue Sep 23 21:20:25 IDT 2025, 105 W
Tue Sep 23 21:20:25 IDT 2025, 107 W
Tue Sep 23 21:20:25 IDT 2025, 112 W
Tue Sep 23 21:20:25 IDT 2025, 105 W
Tue Sep 23 21:20:25 IDT 2025, 108 W
Tue Sep 23 21:20:25 IDT 2025, 103 W
Tue Sep 23 21:20:25 IDT 2025, 118 W
Tue Sep 23 21:20:25 IDT 2025, 103 W
Tue Sep 23 21:20:26 IDT 2025, 111 W
Tue Sep 23 21:20:26 IDT 2025, 96 W
Tue Sep 23 21:20:26 IDT 2025, 120 W
Tue Sep 23 21:20:26 IDT 2025, 113 W
Tue Sep 23 21:20:26 IDT 2025, 111 W
Tue Sep 23 21:20:26 IDT 2025, 113 W
Tue Sep 23 21:20:26 IDT 2025, 117 W
Tue Sep 23 21:20:26 IDT 2025, 114 W
Tue Sep 23 21:20:27 IDT 2025, 112 W
Tue Sep 23 21:20:27 IDT 2025, 106 W
Tue Sep 23 21:20:27 IDT 2025, 116 W
Tue Sep 23 21:20:27 IDT 2025, 111 W
Tue Sep 23 21:20:27 IDT 2025, 102 W
Tue Sep 23 21:20:27 IDT 2025, 109 W
Tue Sep 23 21:20:27 IDT 2025, 114 W
Tue Sep 23 21:20:27 IDT 2025, 109 W
Tue Sep 23 21:20:28 IDT 2025, 121 W
Tue Sep 23 21:20:28 IDT 2025, 118 W
Tue Sep 23 21:20:28 IDT 2025, 117 W
Tue Sep 23 21:20:28 IDT 2025, 114 W
Tue Sep 23 21:20:28 IDT 2025, 95 W
Tue Sep 23 21:20:28 IDT 2025, 112 W
Tue Sep 23 21:20:28 IDT 2025, 119 W
Tue Sep 23 21:20:28 IDT 2025, 106 W
Tue Sep 23 21:20:29 IDT 2025, 107 W
Tue Sep 23 21:20:29 IDT 2025, 109 W
Tue Sep 23 21:20:29 IDT 2025, 115 W
Tue Sep 23 21:20:29 IDT 2025, 109 W
Tue Sep 23 21:20:29 IDT 2025, 96 W
Tue Sep 23 21:20:29 IDT 2025, 106 W
Tue Sep 23 21:20:29 IDT 2025, 111 W
Tue Sep 23 21:20:29 IDT 2025, 102 W
Tue Sep 23 21:20:30 IDT 2025, 96 W
Tue Sep 23 21:20:30 IDT 2025, 115 W
Tue Sep 23 21:20:30 IDT 2025, 117 W
Tue Sep 23 21:20:30 IDT 2025, 117 W
Tue Sep 23 21:20:30 IDT 2025, 109 W
Tue Sep 23 21:20:30 IDT 2025, 111 W
Tue Sep 23 21:20:30 IDT 2025, 119 W
Tue Sep 23 21:20:30 IDT 2025, 114 W
Tue Sep 23 21:20:31 IDT 2025, 113 W
Tue Sep 23 21:20:31 IDT 2025, 117 W
Tue Sep 23 21:20:31 IDT 2025, 123 W
Tue Sep 23 21:20:31 IDT 2025, 119 W
Tue Sep 23 21:20:31 IDT 2025, 94 W
Tue Sep 23 21:20:31 IDT 2025, 118 W
Tue Sep 23 21:20:31 IDT 2025, 121 W
Tue Sep 23 21:20:31 IDT 2025, 115 W
Tue Sep 23 21:20:32 IDT 2025, 115 W
Tue Sep 23 21:20:32 IDT 2025, 119 W
Tue Sep 23 21:20:32 IDT 2025, 126 W
Tue Sep 23 21:20:32 IDT 2025, 114 W
Tue Sep 23 21:20:32 IDT 2025, 114 W
Tue Sep 23 21:20:32 IDT 2025, 121 W
Tue Sep 23 21:20:32 IDT 2025, 120 W
Tue Sep 23 21:20:32 IDT 2025, 92 W
Tue Sep 23 21:20:33 IDT 2025, 117 W
Tue Sep 23 21:20:33 IDT 2025, 94 W
Tue Sep 23 21:20:33 IDT 2025, 121 W
Tue Sep 23 21:20:33 IDT 2025, 112 W
Tue Sep 23 21:20:33 IDT 2025, 113 W
Tue Sep 23 21:20:33 IDT 2025, 117 W
Tue Sep 23 21:20:33 IDT 2025, 122 W
Tue Sep 23 21:20:33 IDT 2025, 112 W
Tue Sep 23 21:20:34 IDT 2025, 108 W
Tue Sep 23 21:20:34 IDT 2025, 112 W
Tue Sep 23 21:20:34 IDT 2025, 119 W
Tue Sep 23 21:20:34 IDT 2025, 111 W
Tue Sep 23 21:20:34 IDT 2025, 102 W
Tue Sep 23 21:20:34 IDT 2025, 122 W
Tue Sep 23 21:20:34 IDT 2025, 120 W
Tue Sep 23 21:20:34 IDT 2025, 109 W
Tue Sep 23 21:20:35 IDT 2025, 121 W
Tue Sep 23 21:20:35 IDT 2025, 120 W
Tue Sep 23 21:20:35 IDT 2025, 117 W
Tue Sep 23 21:20:35 IDT 2025, 111 W
Tue Sep 23 21:20:35 IDT 2025, 94 W
Tue Sep 23 21:20:35 IDT 2025, 112 W
Tue Sep 23 21:20:35 IDT 2025, 120 W
Tue Sep 23 21:20:35 IDT 2025, 106 W
Tue Sep 23 21:20:36 IDT 2025, 120 W
Tue Sep 23 21:20:36 IDT 2025, 115 W
Tue Sep 23 21:20:36 IDT 2025, 120 W
Tue Sep 23 21:20:36 IDT 2025, 101 W
Tue Sep 23 21:20:36 IDT 2025, 116 W
Tue Sep 23 21:20:36 IDT 2025, 119 W
Tue Sep 23 21:20:36 IDT 2025, 121 W
Tue Sep 23 21:20:36 IDT 2025, 105 W
Tue Sep 23 21:20:37 IDT 2025, 118 W
Tue Sep 23 21:20:37 IDT 2025, 117 W
Tue Sep 23 21:20:37 IDT 2025, 125 W
Tue Sep 23 21:20:37 IDT 2025, 97 W
Tue Sep 23 21:20:37 IDT 2025, 114 W
Tue Sep 23 21:20:37 IDT 2025, 110 W
Tue Sep 23 21:20:37 IDT 2025, 123 W
Tue Sep 23 21:20:37 IDT 2025, 112 W
Tue Sep 23 21:20:38 IDT 2025, 114 W
Tue Sep 23 21:20:38 IDT 2025, 115 W
Tue Sep 23 21:20:38 IDT 2025, 114 W
Tue Sep 23 21:20:38 IDT 2025, 115 W
Tue Sep 23 21:20:38 IDT 2025, 98 W
Tue Sep 23 21:20:38 IDT 2025, 109 W
Tue Sep 23 21:20:38 IDT 2025, 119 W
Tue Sep 23 21:20:38 IDT 2025, 112 W
Tue Sep 23 21:20:39 IDT 2025, 108 W
Tue Sep 23 21:20:39 IDT 2025, 112 W
Tue Sep 23 21:20:39 IDT 2025, 127 W
Tue Sep 23 21:20:39 IDT 2025, 115 W
Tue Sep 23 21:20:39 IDT 2025, 112 W
Tue Sep 23 21:20:39 IDT 2025, 110 W
Tue Sep 23 21:20:39 IDT 2025, 122 W
Tue Sep 23 21:20:39 IDT 2025, 110 W
Tue Sep 23 21:20:40 IDT 2025, 112 W
Tue Sep 23 21:20:40 IDT 2025, 116 W
Tue Sep 23 21:20:40 IDT 2025, 117 W
Tue Sep 23 21:20:40 IDT 2025, 116 W
Tue Sep 23 21:20:40 IDT 2025, 99 W
Tue Sep 23 21:20:40 IDT 2025, 116 W
Tue Sep 23 21:20:40 IDT 2025, 127 W
Tue Sep 23 21:20:40 IDT 2025, 109 W
Tue Sep 23 21:20:41 IDT 2025, 94 W
Tue Sep 23 21:20:41 IDT 2025, 114 W
Tue Sep 23 21:20:41 IDT 2025, 114 W
Tue Sep 23 21:20:41 IDT 2025, 120 W
Tue Sep 23 21:20:41 IDT 2025, 112 W
Tue Sep 23 21:20:41 IDT 2025, 111 W
Tue Sep 23 21:20:41 IDT 2025, 122 W
Tue Sep 23 21:20:41 IDT 2025, 104 W
Tue Sep 23 21:20:42 IDT 2025, 116 W
Tue Sep 23 21:20:42 IDT 2025, 117 W
Tue Sep 23 21:20:42 IDT 2025, 116 W
Tue Sep 23 21:20:42 IDT 2025, 120 W
Tue Sep 23 21:20:42 IDT 2025, 106 W
Tue Sep 23 21:20:42 IDT 2025, 100 W
Tue Sep 23 21:20:42 IDT 2025, 123 W
Tue Sep 23 21:20:42 IDT 2025, 107 W
Tue Sep 23 21:20:43 IDT 2025, 120 W
Tue Sep 23 21:20:43 IDT 2025, 114 W
Tue Sep 23 21:20:43 IDT 2025, 117 W
Tue Sep 23 21:20:43 IDT 2025, 110 W
Tue Sep 23 21:20:43 IDT 2025, 101 W
Tue Sep 23 21:20:43 IDT 2025, 115 W
Tue Sep 23 21:20:43 IDT 2025, 123 W
Tue Sep 23 21:20:43 IDT 2025, 110 W
Tue Sep 23 21:20:44 IDT 2025, 117 W
Tue Sep 23 21:20:44 IDT 2025, 111 W
Tue Sep 23 21:20:44 IDT 2025, 119 W
Tue Sep 23 21:20:44 IDT 2025, 94 W
Tue Sep 23 21:20:44 IDT 2025, 116 W
Tue Sep 23 21:20:44 IDT 2025, 121 W
Tue Sep 23 21:20:44 IDT 2025, 118 W
Tue Sep 23 21:20:44 IDT 2025, 103 W
Tue Sep 23 21:20:45 IDT 2025, 114 W
Tue Sep 23 21:20:45 IDT 2025, 117 W
Tue Sep 23 21:20:45 IDT 2025, 99 W
Tue Sep 23 21:20:45 IDT 2025, 111 W
Tue Sep 23 21:20:45 IDT 2025, 114 W
Tue Sep 23 21:20:45 IDT 2025, 112 W
Tue Sep 23 21:20:45 IDT 2025, 124 W
Tue Sep 23 21:20:45 IDT 2025, 108 W
Tue Sep 23 21:20:46 IDT 2025, 115 W
Tue Sep 23 21:20:46 IDT 2025, 119 W
Tue Sep 23 21:20:46 IDT 2025, 113 W
Tue Sep 23 21:20:46 IDT 2025, 106 W
Tue Sep 23 21:20:46 IDT 2025, 96 W
Tue Sep 23 21:20:46 IDT 2025, 114 W
Tue Sep 23 21:20:46 IDT 2025, 124 W
Tue Sep 23 21:20:46 IDT 2025, 115 W
Tue Sep 23 21:20:47 IDT 2025, 113 W
Tue Sep 23 21:20:47 IDT 2025, 110 W
Tue Sep 23 21:20:47 IDT 2025, 125 W
Tue Sep 23 21:20:47 IDT 2025, 118 W
Tue Sep 23 21:20:47 IDT 2025, 96 W
Tue Sep 23 21:20:47 IDT 2025, 121 W
Tue Sep 23 21:20:47 IDT 2025, 121 W
Tue Sep 23 21:20:47 IDT 2025, 109 W
Tue Sep 23 21:20:48 IDT 2025, 115 W
Tue Sep 23 21:20:48 IDT 2025, 115 W
Tue Sep 23 21:20:48 IDT 2025, 118 W
Tue Sep 23 21:20:48 IDT 2025, 109 W
Tue Sep 23 21:20:48 IDT 2025, 95 W
Tue Sep 23 21:20:48 IDT 2025, 113 W
Tue Sep 23 21:20:48 IDT 2025, 121 W
Tue Sep 23 21:20:48 IDT 2025, 113 W
Tue Sep 23 21:20:49 IDT 2025, 113 W
Tue Sep 23 21:20:49 IDT 2025, 115 W
Tue Sep 23 21:20:49 IDT 2025, 118 W
Tue Sep 23 21:20:49 IDT 2025, 110 W
Tue Sep 23 21:20:49 IDT 2025, 98 W
Tue Sep 23 21:20:49 IDT 2025, 114 W
Tue Sep 23 21:20:49 IDT 2025, 122 W
Tue Sep 23 21:20:49 IDT 2025, 105 W
Tue Sep 23 21:20:50 IDT 2025, 112 W
Tue Sep 23 21:20:50 IDT 2025, 122 W
Tue Sep 23 21:20:50 IDT 2025, 119 W
Tue Sep 23 21:20:50 IDT 2025, 100 W
Tue Sep 23 21:20:50 IDT 2025, 109 W
Tue Sep 23 21:20:50 IDT 2025, 113 W
Tue Sep 23 21:20:50 IDT 2025, 122 W
Tue Sep 23 21:20:50 IDT 2025, 109 W
Tue Sep 23 21:20:51 IDT 2025, 114 W
Tue Sep 23 21:20:51 IDT 2025, 121 W
Tue Sep 23 21:20:51 IDT 2025, 118 W
Tue Sep 23 21:20:51 IDT 2025, 119 W
Tue Sep 23 21:20:51 IDT 2025, 99 W
Tue Sep 23 21:20:51 IDT 2025, 114 W
Tue Sep 23 21:20:51 IDT 2025, 119 W
Tue Sep 23 21:20:51 IDT 2025, 108 W
Tue Sep 23 21:20:52 IDT 2025, 117 W
Tue Sep 23 21:20:52 IDT 2025, 108 W
Tue Sep 23 21:20:52 IDT 2025, 119 W
Tue Sep 23 21:20:52 IDT 2025, 109 W
Tue Sep 23 21:20:52 IDT 2025, 112 W
Tue Sep 23 21:20:52 IDT 2025, 109 W
Tue Sep 23 21:20:52 IDT 2025, 123 W
Tue Sep 23 21:20:52 IDT 2025, 87 W
Tue Sep 23 21:20:53 IDT 2025, 119 W
Tue Sep 23 21:20:53 IDT 2025, 107 W
Tue Sep 23 21:20:53 IDT 2025, 121 W
Tue Sep 23 21:20:53 IDT 2025, 98 W
Tue Sep 23 21:20:53 IDT 2025, 113 W
Tue Sep 23 21:20:53 IDT 2025, 110 W
Tue Sep 23 21:20:53 IDT 2025, 121 W
Tue Sep 23 21:20:53 IDT 2025, 108 W
Tue Sep 23 21:20:54 IDT 2025, 119 W
Tue Sep 23 21:20:54 IDT 2025, 97 W
Tue Sep 23 21:20:54 IDT 2025, 118 W
Tue Sep 23 21:20:54 IDT 2025, 115 W
Tue Sep 23 21:20:54 IDT 2025, 112 W
Tue Sep 23 21:20:54 IDT 2025, 112 W
Tue Sep 23 21:20:54 IDT 2025, 121 W
Tue Sep 23 21:20:54 IDT 2025, 109 W
Tue Sep 23 21:20:55 IDT 2025, 121 W
Tue Sep 23 21:20:55 IDT 2025, 116 W
Tue Sep 23 21:20:55 IDT 2025, 116 W
Tue Sep 23 21:20:55 IDT 2025, 98 W
Tue Sep 23 21:20:55 IDT 2025, 117 W
Tue Sep 23 21:20:55 IDT 2025, 118 W
Tue Sep 23 21:20:55 IDT 2025, 121 W
Tue Sep 23 21:20:55 IDT 2025, 107 W
Tue Sep 23 21:20:56 IDT 2025, 114 W
Tue Sep 23 21:20:56 IDT 2025, 111 W
Tue Sep 23 21:20:56 IDT 2025, 100 W
Tue Sep 23 21:20:56 IDT 2025, 107 W
Tue Sep 23 21:20:56 IDT 2025, 110 W
Tue Sep 23 21:20:56 IDT 2025, 107 W
Tue Sep 23 21:20:56 IDT 2025, 114 W
Tue Sep 23 21:20:56 IDT 2025, 101 W
Tue Sep 23 21:20:57 IDT 2025, 114 W
Tue Sep 23 21:20:57 IDT 2025, 113 W
Tue Sep 23 21:20:57 IDT 2025, 121 W
Tue Sep 23 21:20:57 IDT 2025, 111 W
Tue Sep 23 21:20:57 IDT 2025, 92 W
Tue Sep 23 21:20:57 IDT 2025, 118 W
Tue Sep 23 21:20:57 IDT 2025, 123 W
Tue Sep 23 21:20:57 IDT 2025, 106 W
Tue Sep 23 21:20:58 IDT 2025, 95 W
Tue Sep 23 21:20:58 IDT 2025, 111 W
Tue Sep 23 21:20:58 IDT 2025, 109 W
Tue Sep 23 21:20:58 IDT 2025, 111 W
Tue Sep 23 21:20:58 IDT 2025, 112 W
Tue Sep 23 21:20:58 IDT 2025, 116 W
Tue Sep 23 21:20:58 IDT 2025, 118 W
Tue Sep 23 21:20:58 IDT 2025, 108 W
Tue Sep 23 21:20:59 IDT 2025, 119 W
Tue Sep 23 21:20:59 IDT 2025, 116 W
Tue Sep 23 21:20:59 IDT 2025, 122 W
Tue Sep 23 21:20:59 IDT 2025, 107 W
Tue Sep 23 21:20:59 IDT 2025, 112 W
Tue Sep 23 21:20:59 IDT 2025, 115 W
Tue Sep 23 21:20:59 IDT 2025, 126 W
Tue Sep 23 21:20:59 IDT 2025, 90 W
Tue Sep 23 21:21:00 IDT 2025, 119 W
Tue Sep 23 21:21:00 IDT 2025, 113 W
Tue Sep 23 21:21:00 IDT 2025, 100 W
Tue Sep 23 21:21:00 IDT 2025, 114 W
Tue Sep 23 21:21:00 IDT 2025, 115 W
Tue Sep 23 21:21:00 IDT 2025, 112 W
Tue Sep 23 21:21:00 IDT 2025, 123 W
Tue Sep 23 21:21:00 IDT 2025, 112 W
Tue Sep 23 21:21:01 IDT 2025, 117 W
Tue Sep 23 21:21:01 IDT 2025, 119 W
Tue Sep 23 21:21:01 IDT 2025, 118 W
Tue Sep 23 21:21:01 IDT 2025, 110 W
Tue Sep 23 21:21:01 IDT 2025, 111 W
Tue Sep 23 21:21:01 IDT 2025, 119 W
Tue Sep 23 21:21:01 IDT 2025, 102 W
Tue Sep 23 21:21:01 IDT 2025, 110 W
Tue Sep 23 21:21:02 IDT 2025, 110 W
Tue Sep 23 21:21:02 IDT 2025, 110 W
Tue Sep 23 21:21:02 IDT 2025, 108 W
Tue Sep 23 21:21:02 IDT 2025, 115 W
Tue Sep 23 21:21:02 IDT 2025, 108 W
Tue Sep 23 21:21:02 IDT 2025, 107 W
Tue Sep 23 21:21:02 IDT 2025, 112 W
Tue Sep 23 21:21:02 IDT 2025, 100 W
Tue Sep 23 21:21:03 IDT 2025, 115 W
Tue Sep 23 21:21:03 IDT 2025, 116 W
Tue Sep 23 21:21:03 IDT 2025, 119 W
Tue Sep 23 21:21:03 IDT 2025, 97 W
Tue Sep 23 21:21:03 IDT 2025, 113 W
Tue Sep 23 21:21:03 IDT 2025, 116 W
Tue Sep 23 21:21:03 IDT 2025, 120 W
Tue Sep 23 21:21:03 IDT 2025, 114 W
Tue Sep 23 21:21:04 IDT 2025, 112 W
Tue Sep 23 21:21:04 IDT 2025, 114 W
Tue Sep 23 21:21:04 IDT 2025, 124 W
Tue Sep 23 21:21:04 IDT 2025, 118 W
Tue Sep 23 21:21:04 IDT 2025, 98 W
Tue Sep 23 21:21:04 IDT 2025, 113 W
Tue Sep 23 21:21:04 IDT 2025, 116 W
Tue Sep 23 21:21:04 IDT 2025, 113 W
Tue Sep 23 21:21:05 IDT 2025, 118 W
Tue Sep 23 21:21:05 IDT 2025, 116 W
Tue Sep 23 21:21:05 IDT 2025, 120 W
Tue Sep 23 21:21:05 IDT 2025, 116 W
Tue Sep 23 21:21:05 IDT 2025, 92 W
Tue Sep 23 21:21:05 IDT 2025, 110 W
Tue Sep 23 21:21:05 IDT 2025, 124 W
Tue Sep 23 21:21:05 IDT 2025, 111 W
Tue Sep 23 21:21:06 IDT 2025, 112 W
Tue Sep 23 21:21:06 IDT 2025, 107 W
Tue Sep 23 21:21:06 IDT 2025, 114 W
Tue Sep 23 21:21:06 IDT 2025, 100 W
Tue Sep 23 21:21:06 IDT 2025, 95 W
Tue Sep 23 21:21:06 IDT 2025, 110 W
Tue Sep 23 21:21:06 IDT 2025, 116 W
Tue Sep 23 21:21:06 IDT 2025, 108 W
Tue Sep 23 21:21:07 IDT 2025, 113 W
Tue Sep 23 21:21:07 IDT 2025, 116 W
Tue Sep 23 21:21:07 IDT 2025, 117 W
Tue Sep 23 21:21:07 IDT 2025, 102 W
Tue Sep 23 21:21:07 IDT 2025, 96 W
Tue Sep 23 21:21:07 IDT 2025, 111 W
Tue Sep 23 21:21:07 IDT 2025, 119 W
Tue Sep 23 21:21:07 IDT 2025, 107 W
Tue Sep 23 21:21:08 IDT 2025, 109 W
Tue Sep 23 21:21:08 IDT 2025, 109 W
Tue Sep 23 21:21:08 IDT 2025, 103 W
Tue Sep 23 21:21:08 IDT 2025, 104 W
Tue Sep 23 21:21:08 IDT 2025, 111 W
Tue Sep 23 21:21:08 IDT 2025, 110 W
Tue Sep 23 21:21:08 IDT 2025, 116 W
Tue Sep 23 21:21:08 IDT 2025, 104 W
Tue Sep 23 21:21:09 IDT 2025, 118 W
Tue Sep 23 21:21:09 IDT 2025, 116 W
Tue Sep 23 21:21:09 IDT 2025, 121 W
Tue Sep 23 21:21:09 IDT 2025, 104 W
Tue Sep 23 21:21:09 IDT 2025, 114 W
Tue Sep 23 21:21:09 IDT 2025, 113 W
Tue Sep 23 21:21:09 IDT 2025, 118 W
Tue Sep 23 21:21:09 IDT 2025, 113 W
Tue Sep 23 21:21:10 IDT 2025, 114 W
Tue Sep 23 21:21:10 IDT 2025, 101 W
Tue Sep 23 21:21:10 IDT 2025, 116 W
Tue Sep 23 21:21:10 IDT 2025, 111 W
Tue Sep 23 21:21:10 IDT 2025, 95 W
Tue Sep 23 21:21:10 IDT 2025, 115 W
Tue Sep 23 21:21:10 IDT 2025, 104 W
Tue Sep 23 21:21:10 IDT 2025, 105 W
Tue Sep 23 21:21:11 IDT 2025, 120 W
Tue Sep 23 21:21:11 IDT 2025, 111 W
Tue Sep 23 21:21:11 IDT 2025, 117 W
Tue Sep 23 21:21:11 IDT 2025, 117 W
Tue Sep 23 21:21:11 IDT 2025, 95 W
Tue Sep 23 21:21:11 IDT 2025, 111 W
Tue Sep 23 21:21:11 IDT 2025, 126 W
Tue Sep 23 21:21:11 IDT 2025, 110 W
Tue Sep 23 21:21:12 IDT 2025, 98 W
Tue Sep 23 21:21:12 IDT 2025, 97 W
Tue Sep 23 21:21:12 IDT 2025, 105 W
Tue Sep 23 21:21:12 IDT 2025, 101 W
Tue Sep 23 21:21:12 IDT 2025, 98 W
Tue Sep 23 21:21:12 IDT 2025, 102 W
Tue Sep 23 21:21:12 IDT 2025, 108 W
Tue Sep 23 21:21:12 IDT 2025, 94 W
Tue Sep 23 21:21:13 IDT 2025, 96 W
Tue Sep 23 21:21:13 IDT 2025, 117 W
Tue Sep 23 21:21:13 IDT 2025, 120 W
Tue Sep 23 21:21:13 IDT 2025, 113 W
Tue Sep 23 21:21:13 IDT 2025, 109 W
Tue Sep 23 21:21:13 IDT 2025, 118 W
Tue Sep 23 21:21:13 IDT 2025, 122 W
Tue Sep 23 21:21:13 IDT 2025, 107 W
Tue Sep 23 21:21:14 IDT 2025, 103 W
Tue Sep 23 21:21:14 IDT 2025, 104 W
Tue Sep 23 21:21:14 IDT 2025, 108 W
Tue Sep 23 21:21:14 IDT 2025, 107 W
Tue Sep 23 21:21:14 IDT 2025, 98 W
Tue Sep 23 21:21:14 IDT 2025, 104 W
Tue Sep 23 21:21:14 IDT 2025, 116 W
Tue Sep 23 21:21:14 IDT 2025, 95 W
Tue Sep 23 21:21:15 IDT 2025, 114 W
Tue Sep 23 21:21:15 IDT 2025, 113 W
Tue Sep 23 21:21:15 IDT 2025, 123 W
Tue Sep 23 21:21:15 IDT 2025, 107 W
Tue Sep 23 21:21:15 IDT 2025, 94 W
Tue Sep 23 21:21:15 IDT 2025, 116 W
Tue Sep 23 21:21:15 IDT 2025, 121 W
Tue Sep 23 21:21:15 IDT 2025, 108 W
Tue Sep 23 21:21:16 IDT 2025, 113 W
Tue Sep 23 21:21:16 IDT 2025, 106 W
Tue Sep 23 21:21:16 IDT 2025, 111 W
Tue Sep 23 21:21:16 IDT 2025, 112 W
Tue Sep 23 21:21:16 IDT 2025, 97 W
Tue Sep 23 21:21:16 IDT 2025, 113 W
Tue Sep 23 21:21:16 IDT 2025, 113 W
Tue Sep 23 21:21:16 IDT 2025, 110 W
Tue Sep 23 21:21:17 IDT 2025, 111 W
Tue Sep 23 21:21:17 IDT 2025, 122 W
Tue Sep 23 21:21:17 IDT 2025, 116 W
Tue Sep 23 21:21:17 IDT 2025, 114 W
Tue Sep 23 21:21:17 IDT 2025, 98 W
Tue Sep 23 21:21:17 IDT 2025, 115 W
Tue Sep 23 21:21:17 IDT 2025, 120 W
Tue Sep 23 21:21:17 IDT 2025, 109 W
Tue Sep 23 21:21:18 IDT 2025, 121 W
Tue Sep 23 21:21:18 IDT 2025, 122 W
Tue Sep 23 21:21:18 IDT 2025, 128 W
Tue Sep 23 21:21:18 IDT 2025, 127 W
Tue Sep 23 21:21:18 IDT 2025, 102 W
Tue Sep 23 21:21:18 IDT 2025, 115 W
Tue Sep 23 21:21:18 IDT 2025, 120 W
Tue Sep 23 21:21:18 IDT 2025, 113 W
Tue Sep 23 21:21:19 IDT 2025, 113 W
Tue Sep 23 21:21:19 IDT 2025, 91 W
Tue Sep 23 21:21:19 IDT 2025, 116 W
Tue Sep 23 21:21:19 IDT 2025, 111 W
Tue Sep 23 21:21:19 IDT 2025, 113 W
Tue Sep 23 21:21:19 IDT 2025, 116 W
Tue Sep 23 21:21:19 IDT 2025, 123 W
Tue Sep 23 21:21:19 IDT 2025, 114 W
Tue Sep 23 21:21:20 IDT 2025, 121 W
Tue Sep 23 21:21:20 IDT 2025, 96 W
Tue Sep 23 21:21:20 IDT 2025, 119 W
Tue Sep 23 21:21:20 IDT 2025, 117 W
Tue Sep 23 21:21:20 IDT 2025, 113 W
Tue Sep 23 21:21:20 IDT 2025, 116 W
Tue Sep 23 21:21:20 IDT 2025, 125 W
Tue Sep 23 21:21:20 IDT 2025, 111 W
Tue Sep 23 21:21:21 IDT 2025, 111 W
Tue Sep 23 21:21:21 IDT 2025, 117 W
Tue Sep 23 21:21:21 IDT 2025, 120 W
Tue Sep 23 21:21:21 IDT 2025, 110 W
Tue Sep 23 21:21:21 IDT 2025, 105 W
Tue Sep 23 21:21:21 IDT 2025, 116 W
Tue Sep 23 21:21:21 IDT 2025, 125 W
Tue Sep 23 21:21:21 IDT 2025, 103 W
Tue Sep 23 21:21:22 IDT 2025, 112 W
Tue Sep 23 21:21:22 IDT 2025, 114 W
Tue Sep 23 21:21:22 IDT 2025, 117 W
Tue Sep 23 21:21:22 IDT 2025, 120 W
Tue Sep 23 21:21:22 IDT 2025, 94 W
Tue Sep 23 21:21:22 IDT 2025, 114 W
Tue Sep 23 21:21:22 IDT 2025, 117 W
Tue Sep 23 21:21:22 IDT 2025, 111 W
Tue Sep 23 21:21:23 IDT 2025, 115 W
Tue Sep 23 21:21:23 IDT 2025, 98 W
Tue Sep 23 21:21:23 IDT 2025, 124 W
Tue Sep 23 21:21:23 IDT 2025, 116 W
Tue Sep 23 21:21:23 IDT 2025, 112 W
Tue Sep 23 21:21:23 IDT 2025, 116 W
Tue Sep 23 21:21:23 IDT 2025, 121 W
Tue Sep 23 21:21:23 IDT 2025, 109 W
Tue Sep 23 21:21:24 IDT 2025, 116 W
Tue Sep 23 21:21:24 IDT 2025, 117 W
Tue Sep 23 21:21:24 IDT 2025, 117 W
Tue Sep 23 21:21:24 IDT 2025, 113 W
Tue Sep 23 21:21:24 IDT 2025, 94 W
Tue Sep 23 21:21:24 IDT 2025, 122 W
Tue Sep 23 21:21:24 IDT 2025, 119 W
Tue Sep 23 21:21:24 IDT 2025, 109 W
Tue Sep 23 21:21:25 IDT 2025, 116 W
Tue Sep 23 21:21:25 IDT 2025, 100 W
Tue Sep 23 21:21:25 IDT 2025, 115 W
Tue Sep 23 21:21:25 IDT 2025, 114 W
Tue Sep 23 21:21:25 IDT 2025, 116 W
Tue Sep 23 21:21:25 IDT 2025, 115 W
Tue Sep 23 21:21:25 IDT 2025, 122 W
Tue Sep 23 21:21:25 IDT 2025, 109 W
Tue Sep 23 21:21:26 IDT 2025, 116 W
Tue Sep 23 21:21:26 IDT 2025, 108 W
Tue Sep 23 21:21:26 IDT 2025, 114 W
Tue Sep 23 21:21:26 IDT 2025, 113 W
Tue Sep 23 21:21:26 IDT 2025, 93 W
Tue Sep 23 21:21:26 IDT 2025, 113 W
Tue Sep 23 21:21:26 IDT 2025, 117 W
Tue Sep 23 21:21:26 IDT 2025, 113 W
Tue Sep 23 21:21:27 IDT 2025, 119 W
Tue Sep 23 21:21:27 IDT 2025, 115 W
Tue Sep 23 21:21:27 IDT 2025, 123 W
Tue Sep 23 21:21:27 IDT 2025, 111 W
Tue Sep 23 21:21:27 IDT 2025, 96 W
Tue Sep 23 21:21:27 IDT 2025, 120 W
Tue Sep 23 21:21:27 IDT 2025, 123 W
Tue Sep 23 21:21:27 IDT 2025, 106 W
Tue Sep 23 21:21:28 IDT 2025, 112 W
Tue Sep 23 21:21:28 IDT 2025, 114 W
Tue Sep 23 21:21:28 IDT 2025, 116 W
Tue Sep 23 21:21:28 IDT 2025, 119 W
Tue Sep 23 21:21:28 IDT 2025, 101 W
Tue Sep 23 21:21:28 IDT 2025, 109 W
Tue Sep 23 21:21:28 IDT 2025, 122 W
Tue Sep 23 21:21:28 IDT 2025, 114 W
Tue Sep 23 21:21:29 IDT 2025, 99 W
Tue Sep 23 21:21:29 IDT 2025, 121 W
Tue Sep 23 21:21:29 IDT 2025, 119 W
Tue Sep 23 21:21:29 IDT 2025, 116 W
Tue Sep 23 21:21:29 IDT 2025, 118 W
Tue Sep 23 21:21:29 IDT 2025, 118 W
Tue Sep 23 21:21:29 IDT 2025, 126 W
Tue Sep 23 21:21:29 IDT 2025, 102 W
Tue Sep 23 21:21:30 IDT 2025, 118 W
Tue Sep 23 21:21:30 IDT 2025, 111 W
Tue Sep 23 21:21:30 IDT 2025, 121 W
Tue Sep 23 21:21:30 IDT 2025, 111 W
Tue Sep 23 21:21:30 IDT 2025, 113 W
Tue Sep 23 21:21:30 IDT 2025, 105 W
Tue Sep 23 21:21:30 IDT 2025, 121 W
Tue Sep 23 21:21:30 IDT 2025, 89 W
Tue Sep 23 21:21:31 IDT 2025, 122 W
Tue Sep 23 21:21:31 IDT 2025, 114 W
Tue Sep 23 21:21:31 IDT 2025, 118 W
Tue Sep 23 21:21:31 IDT 2025, 97 W
Tue Sep 23 21:21:31 IDT 2025, 113 W
Tue Sep 23 21:21:31 IDT 2025, 114 W
Tue Sep 23 21:21:31 IDT 2025, 128 W
Tue Sep 23 21:21:31 IDT 2025, 104 W
Tue Sep 23 21:21:32 IDT 2025, 113 W
Tue Sep 23 21:21:32 IDT 2025, 96 W
Tue Sep 23 21:21:32 IDT 2025, 118 W
Tue Sep 23 21:21:32 IDT 2025, 110 W
Tue Sep 23 21:21:32 IDT 2025, 114 W
Tue Sep 23 21:21:32 IDT 2025, 124 W
Tue Sep 23 21:21:32 IDT 2025, 124 W
Tue Sep 23 21:21:32 IDT 2025, 108 W
Tue Sep 23 21:21:33 IDT 2025, 115 W
Tue Sep 23 21:21:33 IDT 2025, 115 W
Tue Sep 23 21:21:33 IDT 2025, 125 W
Tue Sep 23 21:21:33 IDT 2025, 109 W
Tue Sep 23 21:21:33 IDT 2025, 90 W
Tue Sep 23 21:21:33 IDT 2025, 117 W
Tue Sep 23 21:21:33 IDT 2025, 128 W
Tue Sep 23 21:21:33 IDT 2025, 105 W
Tue Sep 23 21:21:34 IDT 2025, 120 W
Tue Sep 23 21:21:34 IDT 2025, 114 W
Tue Sep 23 21:21:34 IDT 2025, 119 W
Tue Sep 23 21:21:34 IDT 2025, 113 W
Tue Sep 23 21:21:34 IDT 2025, 100 W
Tue Sep 23 21:21:34 IDT 2025, 118 W
Tue Sep 23 21:21:34 IDT 2025, 120 W
Tue Sep 23 21:21:34 IDT 2025, 111 W
Tue Sep 23 21:21:35 IDT 2025, 119 W
Tue Sep 23 21:21:35 IDT 2025, 119 W
Tue Sep 23 21:21:35 IDT 2025, 116 W
Tue Sep 23 21:21:35 IDT 2025, 117 W
Tue Sep 23 21:21:35 IDT 2025, 90 W
Tue Sep 23 21:21:35 IDT 2025, 115 W
Tue Sep 23 21:21:35 IDT 2025, 118 W
Tue Sep 23 21:21:35 IDT 2025, 112 W
Tue Sep 23 21:21:36 IDT 2025, 111 W
Tue Sep 23 21:21:36 IDT 2025, 95 W
Tue Sep 23 21:21:36 IDT 2025, 116 W
Tue Sep 23 21:21:36 IDT 2025, 114 W
Tue Sep 23 21:21:36 IDT 2025, 113 W
Tue Sep 23 21:21:36 IDT 2025, 112 W
Tue Sep 23 21:21:36 IDT 2025, 119 W
Tue Sep 23 21:21:36 IDT 2025, 111 W
Tue Sep 23 21:21:37 IDT 2025, 119 W
Tue Sep 23 21:21:37 IDT 2025, 114 W
Tue Sep 23 21:21:37 IDT 2025, 116 W
Tue Sep 23 21:21:37 IDT 2025, 111 W
Tue Sep 23 21:21:37 IDT 2025, 111 W
Tue Sep 23 21:21:37 IDT 2025, 103 W
Tue Sep 23 21:21:37 IDT 2025, 122 W
Tue Sep 23 21:21:37 IDT 2025, 105 W
Tue Sep 23 21:21:38 IDT 2025, 95 W
Tue Sep 23 21:21:38 IDT 2025, 118 W
Tue Sep 23 21:21:38 IDT 2025, 126 W
Tue Sep 23 21:21:38 IDT 2025, 114 W
Tue Sep 23 21:21:38 IDT 2025, 113 W
Tue Sep 23 21:21:38 IDT 2025, 119 W
Tue Sep 23 21:21:38 IDT 2025, 120 W
Tue Sep 23 21:21:38 IDT 2025, 113 W
Tue Sep 23 21:21:39 IDT 2025, 111 W
Tue Sep 23 21:21:39 IDT 2025, 108 W
Tue Sep 23 21:21:39 IDT 2025, 101 W
Tue Sep 23 21:21:39 IDT 2025, 107 W
Tue Sep 23 21:21:39 IDT 2025, 113 W
Tue Sep 23 21:21:39 IDT 2025, 116 W
Tue Sep 23 21:21:39 IDT 2025, 121 W
Tue Sep 23 21:21:39 IDT 2025, 107 W
Tue Sep 23 21:21:40 IDT 2025, 113 W
Tue Sep 23 21:21:40 IDT 2025, 110 W
Tue Sep 23 21:21:40 IDT 2025, 120 W
Tue Sep 23 21:21:40 IDT 2025, 113 W
Tue Sep 23 21:21:40 IDT 2025, 95 W
Tue Sep 23 21:21:40 IDT 2025, 116 W
Tue Sep 23 21:21:40 IDT 2025, 127 W
Tue Sep 23 21:21:40 IDT 2025, 110 W
Tue Sep 23 21:21:41 IDT 2025, 110 W
Tue Sep 23 21:21:41 IDT 2025, 101 W
Tue Sep 23 21:21:41 IDT 2025, 122 W
Tue Sep 23 21:21:41 IDT 2025, 113 W
Tue Sep 23 21:21:41 IDT 2025, 111 W
Tue Sep 23 21:21:41 IDT 2025, 102 W
Tue Sep 23 21:21:41 IDT 2025, 117 W
Tue Sep 23 21:21:41 IDT 2025, 113 W
Tue Sep 23 21:21:42 IDT 2025, 116 W
Tue Sep 23 21:21:42 IDT 2025, 110 W
Tue Sep 23 21:21:42 IDT 2025, 114 W
Tue Sep 23 21:21:42 IDT 2025, 100 W
Tue Sep 23 21:21:42 IDT 2025, 118 W
Tue Sep 23 21:21:42 IDT 2025, 114 W
Tue Sep 23 21:21:42 IDT 2025, 121 W
Tue Sep 23 21:21:42 IDT 2025, 110 W
Tue Sep 23 21:21:43 IDT 2025, 115 W
Tue Sep 23 21:21:43 IDT 2025, 117 W
Tue Sep 23 21:21:43 IDT 2025, 108 W
Tue Sep 23 21:21:43 IDT 2025, 107 W
Tue Sep 23 21:21:43 IDT 2025, 110 W
Tue Sep 23 21:21:43 IDT 2025, 115 W
Tue Sep 23 21:21:43 IDT 2025, 119 W
Tue Sep 23 21:21:43 IDT 2025, 109 W
Tue Sep 23 21:21:44 IDT 2025, 116 W
Tue Sep 23 21:21:44 IDT 2025, 114 W
Tue Sep 23 21:21:44 IDT 2025, 120 W
Tue Sep 23 21:21:44 IDT 2025, 101 W
Tue Sep 23 21:21:44 IDT 2025, 98 W
Tue Sep 23 21:21:44 IDT 2025, 116 W
Tue Sep 23 21:21:44 IDT 2025, 124 W
Tue Sep 23 21:21:44 IDT 2025, 116 W
Tue Sep 23 21:21:45 IDT 2025, 118 W
Tue Sep 23 21:21:45 IDT 2025, 114 W
Tue Sep 23 21:21:45 IDT 2025, 114 W
Tue Sep 23 21:21:45 IDT 2025, 115 W
Tue Sep 23 21:21:45 IDT 2025, 95 W
Tue Sep 23 21:21:45 IDT 2025, 114 W
Tue Sep 23 21:21:45 IDT 2025, 123 W
Tue Sep 23 21:21:45 IDT 2025, 104 W
Tue Sep 23 21:21:46 IDT 2025, 94 W
Tue Sep 23 21:21:46 IDT 2025, 120 W
Tue Sep 23 21:21:46 IDT 2025, 117 W
Tue Sep 23 21:21:46 IDT 2025, 112 W
Tue Sep 23 21:21:46 IDT 2025, 109 W
Tue Sep 23 21:21:46 IDT 2025, 119 W
Tue Sep 23 21:21:46 IDT 2025, 119 W
Tue Sep 23 21:21:46 IDT 2025, 110 W
Tue Sep 23 21:21:47 IDT 2025, 116 W
Tue Sep 23 21:21:47 IDT 2025, 112 W
Tue Sep 23 21:21:47 IDT 2025, 119 W
Tue Sep 23 21:21:47 IDT 2025, 100 W
Tue Sep 23 21:21:47 IDT 2025, 100 W
Tue Sep 23 21:21:47 IDT 2025, 114 W
Tue Sep 23 21:21:47 IDT 2025, 116 W
Tue Sep 23 21:21:47 IDT 2025, 111 W
Tue Sep 23 21:21:48 IDT 2025, 118 W
Tue Sep 23 21:21:48 IDT 2025, 97 W
Tue Sep 23 21:21:48 IDT 2025, 116 W
Tue Sep 23 21:21:48 IDT 2025, 114 W
Tue Sep 23 21:21:48 IDT 2025, 111 W
Tue Sep 23 21:21:48 IDT 2025, 112 W
Tue Sep 23 21:21:48 IDT 2025, 123 W
Tue Sep 23 21:21:48 IDT 2025, 111 W
Tue Sep 23 21:21:49 IDT 2025, 116 W
Tue Sep 23 21:21:49 IDT 2025, 113 W
Tue Sep 23 21:21:49 IDT 2025, 114 W
Tue Sep 23 21:21:49 IDT 2025, 106 W
Tue Sep 23 21:21:49 IDT 2025, 113 W
Tue Sep 23 21:21:49 IDT 2025, 111 W
Tue Sep 23 21:21:49 IDT 2025, 116 W
Tue Sep 23 21:21:49 IDT 2025, 113 W
Tue Sep 23 21:21:50 IDT 2025, 123 W
Tue Sep 23 21:21:50 IDT 2025, 119 W
Tue Sep 23 21:21:50 IDT 2025, 123 W
Tue Sep 23 21:21:50 IDT 2025, 112 W
Tue Sep 23 21:21:50 IDT 2025, 96 W
Tue Sep 23 21:21:50 IDT 2025, 113 W
Tue Sep 23 21:21:50 IDT 2025, 125 W
Tue Sep 23 21:21:50 IDT 2025, 113 W
Tue Sep 23 21:21:51 IDT 2025, 119 W
Tue Sep 23 21:21:51 IDT 2025, 111 W
Tue Sep 23 21:21:51 IDT 2025, 106 W
Tue Sep 23 21:21:51 IDT 2025, 108 W
Tue Sep 23 21:21:51 IDT 2025, 106 W
Tue Sep 23 21:21:51 IDT 2025, 116 W
Tue Sep 23 21:21:51 IDT 2025, 106 W
Tue Sep 23 21:21:51 IDT 2025, 100 W
Tue Sep 23 21:21:52 IDT 2025, 115 W
Tue Sep 23 21:21:52 IDT 2025, 119 W
Tue Sep 23 21:21:52 IDT 2025, 120 W
Tue Sep 23 21:21:52 IDT 2025, 115 W
Tue Sep 23 21:21:52 IDT 2025, 98 W
Tue Sep 23 21:21:52 IDT 2025, 119 W
Tue Sep 23 21:21:52 IDT 2025, 121 W
Tue Sep 23 21:21:52 IDT 2025, 114 W
Tue Sep 23 21:21:53 IDT 2025, 110 W
Tue Sep 23 21:21:53 IDT 2025, 108 W
Tue Sep 23 21:21:53 IDT 2025, 112 W
Tue Sep 23 21:21:53 IDT 2025, 101 W
Tue Sep 23 21:21:53 IDT 2025, 105 W
Tue Sep 23 21:21:53 IDT 2025, 109 W
Tue Sep 23 21:21:53 IDT 2025, 107 W
Tue Sep 23 21:21:53 IDT 2025, 92 W
Tue Sep 23 21:21:54 IDT 2025, 113 W
Tue Sep 23 21:21:54 IDT 2025, 117 W
Tue Sep 23 21:21:54 IDT 2025, 116 W
Tue Sep 23 21:21:54 IDT 2025, 112 W
Tue Sep 23 21:21:54 IDT 2025, 94 W
Tue Sep 23 21:21:54 IDT 2025, 118 W
Tue Sep 23 21:21:54 IDT 2025, 116 W
Tue Sep 23 21:21:54 IDT 2025, 108 W
Tue Sep 23 21:21:55 IDT 2025, 104 W
Tue Sep 23 21:21:55 IDT 2025, 104 W
Tue Sep 23 21:21:55 IDT 2025, 108 W
Tue Sep 23 21:21:55 IDT 2025, 115 W
Tue Sep 23 21:21:55 IDT 2025, 100 W
Tue Sep 23 21:21:55 IDT 2025, 106 W
Tue Sep 23 21:21:55 IDT 2025, 110 W
Tue Sep 23 21:21:55 IDT 2025, 102 W
Tue Sep 23 21:21:56 IDT 2025, 115 W
Tue Sep 23 21:21:56 IDT 2025, 117 W
Tue Sep 23 21:21:56 IDT 2025, 118 W
Tue Sep 23 21:21:56 IDT 2025, 112 W
Tue Sep 23 21:21:56 IDT 2025, 95 W
Tue Sep 23 21:21:56 IDT 2025, 115 W
Tue Sep 23 21:21:56 IDT 2025, 122 W
Tue Sep 23 21:21:56 IDT 2025, 113 W
Tue Sep 23 21:21:57 IDT 2025, 112 W
Tue Sep 23 21:21:57 IDT 2025, 109 W
Tue Sep 23 21:21:57 IDT 2025, 115 W
Tue Sep 23 21:21:57 IDT 2025, 112 W
Tue Sep 23 21:21:57 IDT 2025, 92 W
Tue Sep 23 21:21:57 IDT 2025, 102 W
Tue Sep 23 21:21:57 IDT 2025, 113 W
Tue Sep 23 21:21:57 IDT 2025, 96 W
Tue Sep 23 21:21:58 IDT 2025, 117 W
Tue Sep 23 21:21:58 IDT 2025, 96 W
Tue Sep 23 21:21:58 IDT 2025, 121 W
Tue Sep 23 21:21:58 IDT 2025, 121 W
Tue Sep 23 21:21:58 IDT 2025, 116 W
Tue Sep 23 21:21:58 IDT 2025, 118 W
Tue Sep 23 21:21:58 IDT 2025, 123 W
Tue Sep 23 21:21:58 IDT 2025, 108 W
Tue Sep 23 21:21:59 IDT 2025, 109 W
Tue Sep 23 21:21:59 IDT 2025, 99 W
Tue Sep 23 21:21:59 IDT 2025, 105 W
Tue Sep 23 21:21:59 IDT 2025, 99 W
Tue Sep 23 21:21:59 IDT 2025, 106 W
Tue Sep 23 21:21:59 IDT 2025, 116 W
Tue Sep 23 21:21:59 IDT 2025, 108 W
Tue Sep 23 21:21:59 IDT 2025, 105 W
Tue Sep 23 21:22:00 IDT 2025, 114 W
Tue Sep 23 21:22:00 IDT 2025, 115 W
Tue Sep 23 21:22:00 IDT 2025, 123 W
Tue Sep 23 21:22:00 IDT 2025, 105 W
Tue Sep 23 21:22:00 IDT 2025, 108 W
Tue Sep 23 21:22:00 IDT 2025, 120 W
Tue Sep 23 21:22:00 IDT 2025, 123 W
Tue Sep 23 21:22:00 IDT 2025, 107 W
Tue Sep 23 21:22:01 IDT 2025, 99 W
Tue Sep 23 21:22:01 IDT 2025, 107 W
Tue Sep 23 21:22:01 IDT 2025, 109 W
Tue Sep 23 21:22:01 IDT 2025, 109 W
Tue Sep 23 21:22:01 IDT 2025, 98 W
Tue Sep 23 21:22:01 IDT 2025, 109 W
Tue Sep 23 21:22:01 IDT 2025, 114 W
Tue Sep 23 21:22:01 IDT 2025, 99 W
Tue Sep 23 21:22:02 IDT 2025, 114 W
Tue Sep 23 21:22:02 IDT 2025, 110 W
Tue Sep 23 21:22:02 IDT 2025, 123 W
Tue Sep 23 21:22:02 IDT 2025, 120 W
Tue Sep 23 21:22:02 IDT 2025, 100 W
Tue Sep 23 21:22:02 IDT 2025, 115 W
Tue Sep 23 21:22:02 IDT 2025, 125 W
Tue Sep 23 21:22:02 IDT 2025, 108 W
Tue Sep 23 21:22:03 IDT 2025, 120 W
Tue Sep 23 21:22:03 IDT 2025, 119 W
Tue Sep 23 21:22:03 IDT 2025, 125 W
Tue Sep 23 21:22:03 IDT 2025, 121 W
Tue Sep 23 21:22:03 IDT 2025, 97 W
Tue Sep 23 21:22:03 IDT 2025, 120 W
Tue Sep 23 21:22:03 IDT 2025, 125 W
Tue Sep 23 21:22:03 IDT 2025, 112 W
Tue Sep 23 21:22:04 IDT 2025, 115 W
Tue Sep 23 21:22:04 IDT 2025, 123 W
Tue Sep 23 21:22:04 IDT 2025, 114 W
Tue Sep 23 21:22:04 IDT 2025, 102 W
Tue Sep 23 21:22:04 IDT 2025, 118 W
Tue Sep 23 21:22:04 IDT 2025, 115 W
Tue Sep 23 21:22:04 IDT 2025, 126 W
Tue Sep 23 21:22:04 IDT 2025, 111 W
Tue Sep 23 21:22:05 IDT 2025, 115 W
Tue Sep 23 21:22:05 IDT 2025, 113 W
Tue Sep 23 21:22:05 IDT 2025, 98 W
Tue Sep 23 21:22:05 IDT 2025, 115 W
Tue Sep 23 21:22:05 IDT 2025, 110 W
Tue Sep 23 21:22:05 IDT 2025, 112 W
Tue Sep 23 21:22:05 IDT 2025, 125 W
Tue Sep 23 21:22:05 IDT 2025, 112 W
Tue Sep 23 21:22:06 IDT 2025, 113 W
Tue Sep 23 21:22:06 IDT 2025, 93 W
Tue Sep 23 21:22:06 IDT 2025, 122 W
Tue Sep 23 21:22:06 IDT 2025, 114 W
Tue Sep 23 21:22:06 IDT 2025, 113 W
Tue Sep 23 21:22:06 IDT 2025, 116 W
Tue Sep 23 21:22:06 IDT 2025, 117 W
Tue Sep 23 21:22:06 IDT 2025, 105 W
Tue Sep 23 21:22:07 IDT 2025, 100 W
Tue Sep 23 21:22:07 IDT 2025, 114 W
Tue Sep 23 21:22:07 IDT 2025, 118 W
Tue Sep 23 21:22:07 IDT 2025, 116 W
Tue Sep 23 21:22:07 IDT 2025, 111 W
Tue Sep 23 21:22:07 IDT 2025, 120 W
Tue Sep 23 21:22:07 IDT 2025, 125 W
Tue Sep 23 21:22:07 IDT 2025, 110 W
Tue Sep 23 21:22:08 IDT 2025, 110 W
Tue Sep 23 21:22:08 IDT 2025, 111 W
Tue Sep 23 21:22:08 IDT 2025, 116 W
Tue Sep 23 21:22:08 IDT 2025, 112 W
Tue Sep 23 21:22:08 IDT 2025, 95 W
Tue Sep 23 21:22:08 IDT 2025, 116 W
Tue Sep 23 21:22:08 IDT 2025, 121 W
Tue Sep 23 21:22:08 IDT 2025, 104 W
Tue Sep 23 21:22:09 IDT 2025, 98 W
Tue Sep 23 21:22:09 IDT 2025, 119 W
Tue Sep 23 21:22:09 IDT 2025, 122 W
Tue Sep 23 21:22:09 IDT 2025, 113 W
Tue Sep 23 21:22:09 IDT 2025, 105 W
Tue Sep 23 21:22:09 IDT 2025, 115 W
Tue Sep 23 21:22:09 IDT 2025, 119 W
Tue Sep 23 21:22:09 IDT 2025, 114 W
Tue Sep 23 21:22:10 IDT 2025, 98 W
Tue Sep 23 21:22:10 IDT 2025, 115 W
Tue Sep 23 21:22:10 IDT 2025, 117 W
Tue Sep 23 21:22:10 IDT 2025, 113 W
Tue Sep 23 21:22:10 IDT 2025, 108 W
Tue Sep 23 21:22:10 IDT 2025, 115 W
Tue Sep 23 21:22:10 IDT 2025, 126 W
Tue Sep 23 21:22:10 IDT 2025, 110 W
Tue Sep 23 21:22:11 IDT 2025, 115 W
Tue Sep 23 21:22:11 IDT 2025, 113 W
Tue Sep 23 21:22:11 IDT 2025, 119 W
Tue Sep 23 21:22:11 IDT 2025, 119 W
Tue Sep 23 21:22:11 IDT 2025, 97 W
Tue Sep 23 21:22:11 IDT 2025, 116 W
Tue Sep 23 21:22:11 IDT 2025, 123 W
Tue Sep 23 21:22:11 IDT 2025, 109 W
Tue Sep 23 21:22:12 IDT 2025, 119 W
Tue Sep 23 21:22:12 IDT 2025, 112 W
Tue Sep 23 21:22:12 IDT 2025, 118 W
Tue Sep 23 21:22:12 IDT 2025, 114 W
Tue Sep 23 21:22:12 IDT 2025, 111 W
Tue Sep 23 21:22:12 IDT 2025, 117 W
Tue Sep 23 21:22:12 IDT 2025, 118 W
Tue Sep 23 21:22:12 IDT 2025, 97 W
Tue Sep 23 21:22:13 IDT 2025, 122 W
Tue Sep 23 21:22:13 IDT 2025, 120 W
Tue Sep 23 21:22:13 IDT 2025, 115 W
Tue Sep 23 21:22:13 IDT 2025, 111 W
Tue Sep 23 21:22:13 IDT 2025, 93 W
Tue Sep 23 21:22:13 IDT 2025, 115 W
Tue Sep 23 21:22:13 IDT 2025, 116 W
Tue Sep 23 21:22:13 IDT 2025, 106 W
Tue Sep 23 21:22:14 IDT 2025, 110 W
Tue Sep 23 21:22:14 IDT 2025, 100 W
Tue Sep 23 21:22:14 IDT 2025, 109 W
Tue Sep 23 21:22:14 IDT 2025, 105 W
Tue Sep 23 21:22:14 IDT 2025, 105 W
Tue Sep 23 21:22:14 IDT 2025, 105 W
Tue Sep 23 21:22:14 IDT 2025, 115 W
Tue Sep 23 21:22:14 IDT 2025, 100 W
Tue Sep 23 21:22:15 IDT 2025, 97 W
Tue Sep 23 21:22:15 IDT 2025, 121 W
Tue Sep 23 21:22:15 IDT 2025, 119 W
Tue Sep 23 21:22:15 IDT 2025, 112 W
Tue Sep 23 21:22:15 IDT 2025, 116 W
Tue Sep 23 21:22:15 IDT 2025, 120 W
Tue Sep 23 21:22:15 IDT 2025, 123 W
Tue Sep 23 21:22:15 IDT 2025, 113 W
Tue Sep 23 21:22:16 IDT 2025, 115 W
Tue Sep 23 21:22:16 IDT 2025, 102 W
Tue Sep 23 21:22:16 IDT 2025, 118 W
Tue Sep 23 21:22:16 IDT 2025, 112 W
Tue Sep 23 21:22:16 IDT 2025, 111 W
Tue Sep 23 21:22:16 IDT 2025, 112 W
Tue Sep 23 21:22:16 IDT 2025, 118 W
Tue Sep 23 21:22:16 IDT 2025, 114 W
Tue Sep 23 21:22:17 IDT 2025, 117 W
Tue Sep 23 21:22:17 IDT 2025, 96 W
Tue Sep 23 21:22:17 IDT 2025, 117 W
Tue Sep 23 21:22:17 IDT 2025, 114 W
Tue Sep 23 21:22:17 IDT 2025, 114 W
Tue Sep 23 21:22:17 IDT 2025, 109 W
Tue Sep 23 21:22:17 IDT 2025, 117 W
Tue Sep 23 21:22:17 IDT 2025, 114 W
Tue Sep 23 21:22:18 IDT 2025, 100 W
Tue Sep 23 21:22:18 IDT 2025, 117 W
Tue Sep 23 21:22:18 IDT 2025, 127 W
Tue Sep 23 21:22:18 IDT 2025, 113 W
Tue Sep 23 21:22:18 IDT 2025, 114 W
Tue Sep 23 21:22:18 IDT 2025, 120 W
Tue Sep 23 21:22:18 IDT 2025, 123 W
Tue Sep 23 21:22:18 IDT 2025, 110 W
Tue Sep 23 21:22:19 IDT 2025, 115 W
Tue Sep 23 21:22:19 IDT 2025, 119 W
Tue Sep 23 21:22:19 IDT 2025, 123 W
Tue Sep 23 21:22:19 IDT 2025, 99 W
Tue Sep 23 21:22:19 IDT 2025, 112 W
Tue Sep 23 21:22:19 IDT 2025, 119 W
Tue Sep 23 21:22:19 IDT 2025, 127 W
Tue Sep 23 21:22:19 IDT 2025, 115 W
Tue Sep 23 21:22:20 IDT 2025, 99 W
Tue Sep 23 21:22:20 IDT 2025, 113 W
Tue Sep 23 21:22:20 IDT 2025, 120 W
Tue Sep 23 21:22:20 IDT 2025, 116 W
Tue Sep 23 21:22:20 IDT 2025, 108 W
Tue Sep 23 21:22:20 IDT 2025, 115 W
Tue Sep 23 21:22:20 IDT 2025, 120 W
Tue Sep 23 21:22:20 IDT 2025, 110 W
Tue Sep 23 21:22:21 IDT 2025, 113 W
Tue Sep 23 21:22:21 IDT 2025, 117 W
Tue Sep 23 21:22:21 IDT 2025, 118 W
Tue Sep 23 21:22:21 IDT 2025, 113 W
Tue Sep 23 21:22:21 IDT 2025, 107 W
Tue Sep 23 21:22:21 IDT 2025, 112 W
Tue Sep 23 21:22:21 IDT 2025, 109 W
Tue Sep 23 21:22:21 IDT 2025, 107 W
Tue Sep 23 21:22:22 IDT 2025, 98 W
Tue Sep 23 21:22:22 IDT 2025, 116 W
Tue Sep 23 21:22:22 IDT 2025, 120 W
Tue Sep 23 21:22:22 IDT 2025, 113 W
Tue Sep 23 21:22:22 IDT 2025, 110 W
Tue Sep 23 21:22:22 IDT 2025, 110 W
Tue Sep 23 21:22:22 IDT 2025, 127 W
Tue Sep 23 21:22:22 IDT 2025, 113 W
Tue Sep 23 21:22:23 IDT 2025, 100 W
Tue Sep 23 21:22:23 IDT 2025, 119 W
Tue Sep 23 21:22:23 IDT 2025, 109 W
Tue Sep 23 21:22:23 IDT 2025, 110 W
Tue Sep 23 21:22:23 IDT 2025, 109 W
Tue Sep 23 21:22:23 IDT 2025, 114 W
Tue Sep 23 21:22:23 IDT 2025, 115 W
Tue Sep 23 21:22:23 IDT 2025, 108 W
Tue Sep 23 21:22:24 IDT 2025, 101 W
Tue Sep 23 21:22:24 IDT 2025, 116 W
Tue Sep 23 21:22:24 IDT 2025, 122 W
Tue Sep 23 21:22:24 IDT 2025, 117 W
Tue Sep 23 21:22:24 IDT 2025, 115 W
Tue Sep 23 21:22:24 IDT 2025, 113 W
Tue Sep 23 21:22:24 IDT 2025, 125 W
Tue Sep 23 21:22:24 IDT 2025, 121 W
Tue Sep 23 21:22:25 IDT 2025, 117 W
Tue Sep 23 21:22:25 IDT 2025, 112 W
Tue Sep 23 21:22:25 IDT 2025, 119 W
Tue Sep 23 21:22:25 IDT 2025, 100 W
Tue Sep 23 21:22:25 IDT 2025, 119 W
Tue Sep 23 21:22:25 IDT 2025, 114 W
Tue Sep 23 21:22:25 IDT 2025, 125 W
Tue Sep 23 21:22:25 IDT 2025, 112 W
Tue Sep 23 21:22:26 IDT 2025, 112 W
Tue Sep 23 21:22:26 IDT 2025, 100 W
Tue Sep 23 21:22:26 IDT 2025, 123 W
Tue Sep 23 21:22:26 IDT 2025, 121 W
Tue Sep 23 21:22:26 IDT 2025, 115 W
Tue Sep 23 21:22:26 IDT 2025, 123 W
Tue Sep 23 21:22:26 IDT 2025, 121 W
Tue Sep 23 21:22:26 IDT 2025, 108 W
Tue Sep 23 21:22:27 IDT 2025, 117 W
Tue Sep 23 21:22:27 IDT 2025, 118 W
Tue Sep 23 21:22:27 IDT 2025, 122 W
Tue Sep 23 21:22:27 IDT 2025, 112 W
Tue Sep 23 21:22:27 IDT 2025, 95 W
Tue Sep 23 21:22:27 IDT 2025, 118 W
Tue Sep 23 21:22:27 IDT 2025, 120 W
Tue Sep 23 21:22:27 IDT 2025, 112 W
Tue Sep 23 21:22:28 IDT 2025, 116 W
Tue Sep 23 21:22:28 IDT 2025, 114 W
Tue Sep 23 21:22:28 IDT 2025, 122 W
Tue Sep 23 21:22:28 IDT 2025, 115 W
Tue Sep 23 21:22:28 IDT 2025, 96 W
Tue Sep 23 21:22:28 IDT 2025, 110 W
Tue Sep 23 21:22:28 IDT 2025, 118 W
Tue Sep 23 21:22:28 IDT 2025, 107 W
Tue Sep 23 21:22:29 IDT 2025, 110 W
Tue Sep 23 21:22:29 IDT 2025, 122 W
Tue Sep 23 21:22:29 IDT 2025, 121 W
Tue Sep 23 21:22:29 IDT 2025, 115 W
Tue Sep 23 21:22:29 IDT 2025, 108 W
Tue Sep 23 21:22:29 IDT 2025, 112 W
Tue Sep 23 21:22:29 IDT 2025, 112 W
Tue Sep 23 21:22:29 IDT 2025, 102 W
Tue Sep 23 21:22:30 IDT 2025, 111 W
Tue Sep 23 21:22:30 IDT 2025, 113 W
Tue Sep 23 21:22:30 IDT 2025, 117 W
Tue Sep 23 21:22:30 IDT 2025, 105 W
Tue Sep 23 21:22:30 IDT 2025, 101 W
Tue Sep 23 21:22:30 IDT 2025, 109 W
Tue Sep 23 21:22:30 IDT 2025, 115 W
Tue Sep 23 21:22:30 IDT 2025, 107 W
Tue Sep 23 21:22:31 IDT 2025, 114 W
Tue Sep 23 21:22:31 IDT 2025, 100 W
Tue Sep 23 21:22:31 IDT 2025, 116 W
Tue Sep 23 21:22:31 IDT 2025, 115 W
Tue Sep 23 21:22:31 IDT 2025, 110 W
Tue Sep 23 21:22:31 IDT 2025, 121 W
Tue Sep 23 21:22:31 IDT 2025, 131 W
Tue Sep 23 21:22:31 IDT 2025, 110 W
Tue Sep 23 21:22:32 IDT 2025, 119 W
Tue Sep 23 21:22:32 IDT 2025, 104 W
Tue Sep 23 21:22:32 IDT 2025, 126 W
Tue Sep 23 21:22:32 IDT 2025, 112 W
Tue Sep 23 21:22:32 IDT 2025, 112 W
Tue Sep 23 21:22:32 IDT 2025, 118 W
Tue Sep 23 21:22:32 IDT 2025, 126 W
Tue Sep 23 21:22:32 IDT 2025, 109 W
Tue Sep 23 21:22:33 IDT 2025, 116 W
Tue Sep 23 21:22:33 IDT 2025, 97 W
Tue Sep 23 21:22:33 IDT 2025, 118 W
Tue Sep 23 21:22:33 IDT 2025, 115 W
Tue Sep 23 21:22:33 IDT 2025, 109 W
Tue Sep 23 21:22:33 IDT 2025, 113 W
Tue Sep 23 21:22:33 IDT 2025, 126 W
Tue Sep 23 21:22:33 IDT 2025, 111 W
Tue Sep 23 21:22:34 IDT 2025, 116 W
Tue Sep 23 21:22:34 IDT 2025, 118 W
Tue Sep 23 21:22:34 IDT 2025, 118 W
Tue Sep 23 21:22:34 IDT 2025, 104 W
Tue Sep 23 21:22:34 IDT 2025, 96 W
Tue Sep 23 21:22:34 IDT 2025, 118 W
Tue Sep 23 21:22:34 IDT 2025, 123 W
Tue Sep 23 21:22:34 IDT 2025, 111 W
Tue Sep 23 21:22:35 IDT 2025, 118 W
Tue Sep 23 21:22:35 IDT 2025, 116 W
Tue Sep 23 21:22:35 IDT 2025, 121 W
Tue Sep 23 21:22:35 IDT 2025, 119 W
Tue Sep 23 21:22:35 IDT 2025, 114 W
Tue Sep 23 21:22:35 IDT 2025, 115 W
Tue Sep 23 21:22:35 IDT 2025, 125 W
Tue Sep 23 21:22:35 IDT 2025, 88 W
Tue Sep 23 21:22:36 IDT 2025, 94 W
Tue Sep 23 21:22:36 IDT 2025, 120 W
Tue Sep 23 21:22:36 IDT 2025, 115 W
Tue Sep 23 21:22:36 IDT 2025, 115 W
Tue Sep 23 21:22:36 IDT 2025, 115 W
Tue Sep 23 21:22:36 IDT 2025, 117 W
Tue Sep 23 21:22:36 IDT 2025, 123 W
Tue Sep 23 21:22:36 IDT 2025, 110 W
Tue Sep 23 21:22:37 IDT 2025, 117 W
Tue Sep 23 21:22:37 IDT 2025, 114 W
Tue Sep 23 21:22:37 IDT 2025, 123 W
Tue Sep 23 21:22:37 IDT 2025, 118 W
Tue Sep 23 21:22:37 IDT 2025, 113 W
Tue Sep 23 21:22:37 IDT 2025, 114 W
Tue Sep 23 21:22:37 IDT 2025, 123 W
Tue Sep 23 21:22:37 IDT 2025, 90 W
Tue Sep 23 21:22:38 IDT 2025, 120 W
Tue Sep 23 21:22:38 IDT 2025, 115 W
Tue Sep 23 21:22:38 IDT 2025, 122 W
Tue Sep 23 21:22:38 IDT 2025, 113 W
Tue Sep 23 21:22:38 IDT 2025, 95 W
Tue Sep 23 21:22:38 IDT 2025, 116 W
Tue Sep 23 21:22:38 IDT 2025, 119 W
Tue Sep 23 21:22:38 IDT 2025, 104 W
Tue Sep 23 21:22:39 IDT 2025, 114 W
Tue Sep 23 21:22:39 IDT 2025, 92 W
Tue Sep 23 21:22:39 IDT 2025, 121 W
Tue Sep 23 21:22:39 IDT 2025, 112 W
Tue Sep 23 21:22:39 IDT 2025, 113 W
Tue Sep 23 21:22:39 IDT 2025, 111 W
Tue Sep 23 21:22:39 IDT 2025, 116 W
Tue Sep 23 21:22:39 IDT 2025, 113 W
Tue Sep 23 21:22:40 IDT 2025, 103 W
Tue Sep 23 21:22:40 IDT 2025, 97 W
Tue Sep 23 21:22:40 IDT 2025, 122 W
Tue Sep 23 21:22:40 IDT 2025, 115 W
Tue Sep 23 21:22:40 IDT 2025, 111 W
Tue Sep 23 21:22:40 IDT 2025, 118 W
Tue Sep 23 21:22:40 IDT 2025, 121 W
Tue Sep 23 21:22:40 IDT 2025, 110 W
Tue Sep 23 21:22:41 IDT 2025, 120 W
Tue Sep 23 21:22:41 IDT 2025, 101 W
Tue Sep 23 21:22:41 IDT 2025, 117 W
Tue Sep 23 21:22:41 IDT 2025, 108 W
Tue Sep 23 21:22:41 IDT 2025, 113 W
Tue Sep 23 21:22:41 IDT 2025, 115 W
Tue Sep 23 21:22:41 IDT 2025, 124 W
Tue Sep 23 21:22:41 IDT 2025, 105 W
Tue Sep 23 21:22:42 IDT 2025, 120 W
Tue Sep 23 21:22:42 IDT 2025, 122 W
Tue Sep 23 21:22:42 IDT 2025, 124 W
Tue Sep 23 21:22:42 IDT 2025, 120 W
Tue Sep 23 21:22:42 IDT 2025, 121 W
Tue Sep 23 21:22:42 IDT 2025, 117 W
Tue Sep 23 21:22:42 IDT 2025, 121 W
Tue Sep 23 21:22:42 IDT 2025, 97 W
Tue Sep 23 21:22:43 IDT 2025, 117 W
Tue Sep 23 21:22:43 IDT 2025, 119 W
Tue Sep 23 21:22:43 IDT 2025, 123 W
Tue Sep 23 21:22:43 IDT 2025, 103 W
Tue Sep 23 21:22:43 IDT 2025, 112 W
Tue Sep 23 21:22:43 IDT 2025, 108 W
Tue Sep 23 21:22:43 IDT 2025, 121 W
Tue Sep 23 21:22:43 IDT 2025, 113 W
Tue Sep 23 21:22:44 IDT 2025, 114 W
Tue Sep 23 21:22:44 IDT 2025, 122 W
Tue Sep 23 21:22:44 IDT 2025, 115 W
Tue Sep 23 21:22:44 IDT 2025, 109 W
Tue Sep 23 21:22:44 IDT 2025, 96 W
Tue Sep 23 21:22:44 IDT 2025, 111 W
Tue Sep 23 21:22:44 IDT 2025, 117 W
Tue Sep 23 21:22:44 IDT 2025, 115 W
Tue Sep 23 21:22:45 IDT 2025, 115 W
Tue Sep 23 21:22:45 IDT 2025, 111 W
Tue Sep 23 21:22:45 IDT 2025, 116 W
Tue Sep 23 21:22:45 IDT 2025, 112 W
Tue Sep 23 21:22:45 IDT 2025, 102 W
Tue Sep 23 21:22:45 IDT 2025, 112 W
Tue Sep 23 21:22:45 IDT 2025, 115 W
Tue Sep 23 21:22:45 IDT 2025, 113 W
Tue Sep 23 21:22:46 IDT 2025, 121 W
Tue Sep 23 21:22:46 IDT 2025, 112 W
Tue Sep 23 21:22:46 IDT 2025, 120 W
Tue Sep 23 21:22:46 IDT 2025, 102 W
Tue Sep 23 21:22:46 IDT 2025, 109 W
Tue Sep 23 21:22:46 IDT 2025, 108 W
Tue Sep 23 21:22:46 IDT 2025, 121 W
Tue Sep 23 21:22:46 IDT 2025, 109 W
Tue Sep 23 21:22:47 IDT 2025, 118 W
Tue Sep 23 21:22:47 IDT 2025, 116 W
Tue Sep 23 21:22:47 IDT 2025, 118 W
Tue Sep 23 21:22:47 IDT 2025, 109 W
Tue Sep 23 21:22:47 IDT 2025, 99 W
Tue Sep 23 21:22:47 IDT 2025, 118 W
Tue Sep 23 21:22:47 IDT 2025, 114 W
Tue Sep 23 21:22:47 IDT 2025, 110 W
Tue Sep 23 21:22:48 IDT 2025, 115 W
Tue Sep 23 21:22:48 IDT 2025, 119 W
Tue Sep 23 21:22:48 IDT 2025, 103 W
Tue Sep 23 21:22:48 IDT 2025, 114 W
Tue Sep 23 21:22:48 IDT 2025, 113 W
Tue Sep 23 21:22:48 IDT 2025, 116 W
Tue Sep 23 21:22:48 IDT 2025, 124 W
Tue Sep 23 21:22:48 IDT 2025, 109 W
Tue Sep 23 21:22:49 IDT 2025, 113 W
Tue Sep 23 21:22:49 IDT 2025, 114 W
Tue Sep 23 21:22:49 IDT 2025, 113 W
Tue Sep 23 21:22:49 IDT 2025, 102 W
Tue Sep 23 21:22:49 IDT 2025, 99 W
Tue Sep 23 21:22:49 IDT 2025, 107 W
Tue Sep 23 21:22:49 IDT 2025, 120 W
Tue Sep 23 21:22:49 IDT 2025, 108 W
Tue Sep 23 21:22:50 IDT 2025, 111 W
Tue Sep 23 21:22:50 IDT 2025, 117 W
Tue Sep 23 21:22:50 IDT 2025, 117 W
Tue Sep 23 21:22:50 IDT 2025, 110 W
Tue Sep 23 21:22:50 IDT 2025, 90 W
Tue Sep 23 21:22:50 IDT 2025, 116 W
Tue Sep 23 21:22:50 IDT 2025, 122 W
Tue Sep 23 21:22:50 IDT 2025, 109 W
Tue Sep 23 21:22:51 IDT 2025, 121 W
Tue Sep 23 21:22:51 IDT 2025, 114 W
Tue Sep 23 21:22:51 IDT 2025, 99 W
Tue Sep 23 21:22:51 IDT 2025, 111 W
Tue Sep 23 21:22:51 IDT 2025, 115 W
Tue Sep 23 21:22:51 IDT 2025, 109 W
Tue Sep 23 21:22:51 IDT 2025, 121 W
Tue Sep 23 21:22:51 IDT 2025, 105 W
Tue Sep 23 21:22:52 IDT 2025, 115 W
Tue Sep 23 21:22:52 IDT 2025, 115 W
Tue Sep 23 21:22:52 IDT 2025, 97 W
Tue Sep 23 21:22:52 IDT 2025, 111 W
Tue Sep 23 21:22:52 IDT 2025, 109 W
Tue Sep 23 21:22:52 IDT 2025, 116 W
Tue Sep 23 21:22:52 IDT 2025, 120 W
Tue Sep 23 21:22:52 IDT 2025, 113 W
Tue Sep 23 21:22:53 IDT 2025, 107 W
Tue Sep 23 21:22:53 IDT 2025, 109 W
Tue Sep 23 21:22:53 IDT 2025, 111 W
Tue Sep 23 21:22:53 IDT 2025, 112 W
Tue Sep 23 21:22:53 IDT 2025, 103 W
Tue Sep 23 21:22:53 IDT 2025, 116 W
Tue Sep 23 21:22:53 IDT 2025, 108 W
Tue Sep 23 21:22:53 IDT 2025, 93 W
Tue Sep 23 21:22:54 IDT 2025, 114 W
Tue Sep 23 21:22:54 IDT 2025, 116 W
Tue Sep 23 21:22:54 IDT 2025, 121 W
Tue Sep 23 21:22:54 IDT 2025, 116 W
Tue Sep 23 21:22:54 IDT 2025, 90 W
Tue Sep 23 21:22:54 IDT 2025, 113 W
Tue Sep 23 21:22:54 IDT 2025, 124 W
Tue Sep 23 21:22:54 IDT 2025, 106 W
Tue Sep 23 21:22:55 IDT 2025, 113 W
Tue Sep 23 21:22:55 IDT 2025, 114 W
Tue Sep 23 21:22:55 IDT 2025, 120 W
Tue Sep 23 21:22:55 IDT 2025, 114 W
Tue Sep 23 21:22:55 IDT 2025, 99 W
Tue Sep 23 21:22:55 IDT 2025, 114 W
Tue Sep 23 21:22:55 IDT 2025, 121 W
Tue Sep 23 21:22:55 IDT 2025, 110 W
Tue Sep 23 21:22:56 IDT 2025, 121 W
Tue Sep 23 21:22:56 IDT 2025, 116 W
Tue Sep 23 21:22:56 IDT 2025, 121 W
Tue Sep 23 21:22:56 IDT 2025, 121 W
Tue Sep 23 21:22:56 IDT 2025, 93 W
Tue Sep 23 21:22:56 IDT 2025, 115 W
Tue Sep 23 21:22:56 IDT 2025, 121 W
Tue Sep 23 21:22:56 IDT 2025, 113 W
Tue Sep 23 21:22:57 IDT 2025, 112 W
Tue Sep 23 21:22:57 IDT 2025, 119 W
Tue Sep 23 21:22:57 IDT 2025, 122 W
Tue Sep 23 21:22:57 IDT 2025, 121 W
Tue Sep 23 21:22:57 IDT 2025, 95 W
Tue Sep 23 21:22:57 IDT 2025, 120 W
Tue Sep 23 21:22:57 IDT 2025, 119 W
Tue Sep 23 21:22:57 IDT 2025, 110 W
Tue Sep 23 21:22:58 IDT 2025, 112 W
Tue Sep 23 21:22:58 IDT 2025, 118 W
Tue Sep 23 21:22:58 IDT 2025, 118 W
Tue Sep 23 21:22:58 IDT 2025, 107 W
Tue Sep 23 21:22:58 IDT 2025, 96 W
Tue Sep 23 21:22:58 IDT 2025, 120 W
Tue Sep 23 21:22:58 IDT 2025, 121 W
Tue Sep 23 21:22:58 IDT 2025, 109 W
Tue Sep 23 21:22:59 IDT 2025, 117 W
Tue Sep 23 21:22:59 IDT 2025, 122 W
Tue Sep 23 21:22:59 IDT 2025, 117 W
Tue Sep 23 21:22:59 IDT 2025, 113 W
Tue Sep 23 21:22:59 IDT 2025, 92 W
Tue Sep 23 21:22:59 IDT 2025, 122 W
Tue Sep 23 21:22:59 IDT 2025, 119 W
Tue Sep 23 21:22:59 IDT 2025, 111 W
Tue Sep 23 21:23:00 IDT 2025, 118 W
Tue Sep 23 21:23:00 IDT 2025, 119 W
Tue Sep 23 21:23:00 IDT 2025, 118 W
Tue Sep 23 21:23:00 IDT 2025, 121 W
Tue Sep 23 21:23:00 IDT 2025, 117 W
Tue Sep 23 21:23:00 IDT 2025, 114 W
Tue Sep 23 21:23:00 IDT 2025, 110 W
Tue Sep 23 21:23:00 IDT 2025, 112 W
Tue Sep 23 21:23:01 IDT 2025, 117 W
Tue Sep 23 21:23:01 IDT 2025, 118 W
Tue Sep 23 21:23:01 IDT 2025, 125 W
Tue Sep 23 21:23:01 IDT 2025, 115 W
Tue Sep 23 21:23:01 IDT 2025, 96 W
Tue Sep 23 21:23:01 IDT 2025, 114 W
Tue Sep 23 21:23:01 IDT 2025, 121 W
Tue Sep 23 21:23:01 IDT 2025, 107 W
Tue Sep 23 21:23:02 IDT 2025, 116 W
Tue Sep 23 21:23:02 IDT 2025, 116 W
Tue Sep 23 21:23:02 IDT 2025, 122 W
Tue Sep 23 21:23:02 IDT 2025, 111 W
Tue Sep 23 21:23:02 IDT 2025, 116 W
Tue Sep 23 21:23:02 IDT 2025, 99 W
Tue Sep 23 21:23:02 IDT 2025, 120 W
Tue Sep 23 21:23:02 IDT 2025, 112 W
Tue Sep 23 21:23:03 IDT 2025, 103 W
Tue Sep 23 21:23:03 IDT 2025, 114 W
Tue Sep 23 21:23:03 IDT 2025, 116 W
Tue Sep 23 21:23:03 IDT 2025, 111 W
Tue Sep 23 21:23:03 IDT 2025, 112 W
Tue Sep 23 21:23:03 IDT 2025, 116 W
Tue Sep 23 21:23:03 IDT 2025, 121 W
Tue Sep 23 21:23:03 IDT 2025, 111 W
Tue Sep 23 21:23:04 IDT 2025, 119 W
Tue Sep 23 21:23:04 IDT 2025, 113 W
Tue Sep 23 21:23:04 IDT 2025, 120 W
Tue Sep 23 21:23:04 IDT 2025, 116 W
Tue Sep 23 21:23:04 IDT 2025, 110 W
Tue Sep 23 21:23:04 IDT 2025, 112 W
Tue Sep 23 21:23:04 IDT 2025, 120 W
Tue Sep 23 21:23:04 IDT 2025, 90 W
