timestamp, power.draw [W]
Thu Sep  4 21:06:31 IDT 2025, 224 W
Thu Sep  4 21:06:31 IDT 2025, 225 W
Thu Sep  4 21:06:31 IDT 2025, 221 W
Thu Sep  4 21:06:31 IDT 2025, 225 W
Thu Sep  4 21:06:32 IDT 2025, 224 W
Thu Sep  4 21:06:32 IDT 2025, 225 W
Thu Sep  4 21:06:32 IDT 2025, 221 W
Thu Sep  4 21:06:32 IDT 2025, 225 W
Thu Sep  4 21:06:33 IDT 2025, 224 W
Thu Sep  4 21:06:33 IDT 2025, 225 W
Thu Sep  4 21:06:33 IDT 2025, 221 W
Thu Sep  4 21:06:33 IDT 2025, 224 W
Thu Sep  4 21:06:34 IDT 2025, 226 W
Thu Sep  4 21:06:34 IDT 2025, 227 W
Thu Sep  4 21:06:34 IDT 2025, 223 W
Thu Sep  4 21:06:34 IDT 2025, 226 W
Thu Sep  4 21:06:35 IDT 2025, 225 W
Thu Sep  4 21:06:35 IDT 2025, 226 W
Thu Sep  4 21:06:35 IDT 2025, 222 W
Thu Sep  4 21:06:35 IDT 2025, 226 W
Thu Sep  4 21:06:36 IDT 2025, 344 W
Thu Sep  4 21:06:36 IDT 2025, 337 W
Thu Sep  4 21:06:36 IDT 2025, 330 W
Thu Sep  4 21:06:36 IDT 2025, 328 W
Thu Sep  4 21:06:37 IDT 2025, 352 W
Thu Sep  4 21:06:37 IDT 2025, 350 W
Thu Sep  4 21:06:37 IDT 2025, 340 W
Thu Sep  4 21:06:37 IDT 2025, 365 W
Thu Sep  4 21:06:38 IDT 2025, 358 W
Thu Sep  4 21:06:38 IDT 2025, 355 W
Thu Sep  4 21:06:38 IDT 2025, 355 W
Thu Sep  4 21:06:38 IDT 2025, 374 W
Thu Sep  4 21:06:39 IDT 2025, 353 W
Thu Sep  4 21:06:39 IDT 2025, 357 W
Thu Sep  4 21:06:39 IDT 2025, 350 W
Thu Sep  4 21:06:39 IDT 2025, 374 W
Thu Sep  4 21:06:40 IDT 2025, 357 W
Thu Sep  4 21:06:40 IDT 2025, 358 W
Thu Sep  4 21:06:40 IDT 2025, 350 W
Thu Sep  4 21:06:40 IDT 2025, 374 W
Thu Sep  4 21:06:41 IDT 2025, 368 W
Thu Sep  4 21:06:41 IDT 2025, 353 W
Thu Sep  4 21:06:41 IDT 2025, 354 W
Thu Sep  4 21:06:41 IDT 2025, 381 W
Thu Sep  4 21:06:42 IDT 2025, 384 W
Thu Sep  4 21:06:42 IDT 2025, 340 W
Thu Sep  4 21:06:42 IDT 2025, 376 W
Thu Sep  4 21:06:42 IDT 2025, 392 W
Thu Sep  4 21:06:43 IDT 2025, 355 W
Thu Sep  4 21:06:43 IDT 2025, 357 W
Thu Sep  4 21:06:43 IDT 2025, 360 W
Thu Sep  4 21:06:43 IDT 2025, 374 W
Thu Sep  4 21:06:44 IDT 2025, 361 W
Thu Sep  4 21:06:44 IDT 2025, 345 W
Thu Sep  4 21:06:44 IDT 2025, 358 W
Thu Sep  4 21:06:44 IDT 2025, 383 W
Thu Sep  4 21:06:45 IDT 2025, 350 W
Thu Sep  4 21:06:45 IDT 2025, 351 W
Thu Sep  4 21:06:45 IDT 2025, 343 W
Thu Sep  4 21:06:45 IDT 2025, 358 W
Thu Sep  4 21:06:46 IDT 2025, 353 W
Thu Sep  4 21:06:46 IDT 2025, 355 W
Thu Sep  4 21:06:46 IDT 2025, 339 W
Thu Sep  4 21:06:46 IDT 2025, 368 W
Thu Sep  4 21:06:47 IDT 2025, 353 W
Thu Sep  4 21:06:47 IDT 2025, 350 W
Thu Sep  4 21:06:47 IDT 2025, 338 W
Thu Sep  4 21:06:47 IDT 2025, 364 W
Thu Sep  4 21:06:48 IDT 2025, 363 W
Thu Sep  4 21:06:48 IDT 2025, 361 W
Thu Sep  4 21:06:48 IDT 2025, 353 W
Thu Sep  4 21:06:48 IDT 2025, 381 W
Thu Sep  4 21:06:49 IDT 2025, 361 W
Thu Sep  4 21:06:49 IDT 2025, 366 W
Thu Sep  4 21:06:49 IDT 2025, 358 W
Thu Sep  4 21:06:49 IDT 2025, 379 W
Thu Sep  4 21:06:50 IDT 2025, 351 W
Thu Sep  4 21:06:50 IDT 2025, 357 W
Thu Sep  4 21:06:50 IDT 2025, 351 W
Thu Sep  4 21:06:50 IDT 2025, 366 W
Thu Sep  4 21:06:51 IDT 2025, 346 W
Thu Sep  4 21:06:51 IDT 2025, 349 W
Thu Sep  4 21:06:51 IDT 2025, 340 W
Thu Sep  4 21:06:51 IDT 2025, 328 W
Thu Sep  4 21:06:52 IDT 2025, 346 W
Thu Sep  4 21:06:52 IDT 2025, 350 W
Thu Sep  4 21:06:52 IDT 2025, 340 W
Thu Sep  4 21:06:52 IDT 2025, 330 W
Thu Sep  4 21:06:53 IDT 2025, 349 W
Thu Sep  4 21:06:53 IDT 2025, 326 W
Thu Sep  4 21:06:53 IDT 2025, 348 W
Thu Sep  4 21:06:53 IDT 2025, 345 W
Thu Sep  4 21:06:54 IDT 2025, 346 W
Thu Sep  4 21:06:54 IDT 2025, 351 W
Thu Sep  4 21:06:54 IDT 2025, 347 W
Thu Sep  4 21:06:54 IDT 2025, 359 W
Thu Sep  4 21:06:55 IDT 2025, 337 W
Thu Sep  4 21:06:55 IDT 2025, 350 W
Thu Sep  4 21:06:55 IDT 2025, 338 W
Thu Sep  4 21:06:55 IDT 2025, 328 W
Thu Sep  4 21:06:56 IDT 2025, 347 W
Thu Sep  4 21:06:56 IDT 2025, 347 W
Thu Sep  4 21:06:56 IDT 2025, 350 W
Thu Sep  4 21:06:56 IDT 2025, 361 W
Thu Sep  4 21:06:57 IDT 2025, 345 W
Thu Sep  4 21:06:57 IDT 2025, 344 W
Thu Sep  4 21:06:57 IDT 2025, 346 W
Thu Sep  4 21:06:57 IDT 2025, 357 W
Thu Sep  4 21:06:58 IDT 2025, 347 W
Thu Sep  4 21:06:58 IDT 2025, 350 W
Thu Sep  4 21:06:58 IDT 2025, 337 W
Thu Sep  4 21:06:58 IDT 2025, 356 W
Thu Sep  4 21:06:59 IDT 2025, 346 W
Thu Sep  4 21:06:59 IDT 2025, 343 W
Thu Sep  4 21:06:59 IDT 2025, 340 W
Thu Sep  4 21:06:59 IDT 2025, 332 W
Thu Sep  4 21:07:00 IDT 2025, 352 W
Thu Sep  4 21:07:00 IDT 2025, 347 W
Thu Sep  4 21:07:00 IDT 2025, 339 W
Thu Sep  4 21:07:00 IDT 2025, 341 W
Thu Sep  4 21:07:01 IDT 2025, 353 W
Thu Sep  4 21:07:01 IDT 2025, 353 W
Thu Sep  4 21:07:01 IDT 2025, 343 W
Thu Sep  4 21:07:01 IDT 2025, 348 W
Thu Sep  4 21:07:02 IDT 2025, 354 W
Thu Sep  4 21:07:02 IDT 2025, 348 W
Thu Sep  4 21:07:02 IDT 2025, 343 W
Thu Sep  4 21:07:02 IDT 2025, 343 W
Thu Sep  4 21:07:03 IDT 2025, 347 W
Thu Sep  4 21:07:03 IDT 2025, 349 W
Thu Sep  4 21:07:03 IDT 2025, 341 W
Thu Sep  4 21:07:03 IDT 2025, 346 W
Thu Sep  4 21:07:04 IDT 2025, 350 W
Thu Sep  4 21:07:04 IDT 2025, 349 W
Thu Sep  4 21:07:04 IDT 2025, 342 W
Thu Sep  4 21:07:04 IDT 2025, 349 W
Thu Sep  4 21:07:05 IDT 2025, 344 W
Thu Sep  4 21:07:05 IDT 2025, 348 W
Thu Sep  4 21:07:05 IDT 2025, 341 W
Thu Sep  4 21:07:05 IDT 2025, 341 W
Thu Sep  4 21:07:06 IDT 2025, 340 W
Thu Sep  4 21:07:06 IDT 2025, 343 W
Thu Sep  4 21:07:06 IDT 2025, 343 W
Thu Sep  4 21:07:06 IDT 2025, 339 W
Thu Sep  4 21:07:07 IDT 2025, 341 W
Thu Sep  4 21:07:07 IDT 2025, 342 W
Thu Sep  4 21:07:07 IDT 2025, 342 W
Thu Sep  4 21:07:07 IDT 2025, 335 W
Thu Sep  4 21:07:08 IDT 2025, 350 W
Thu Sep  4 21:07:08 IDT 2025, 349 W
Thu Sep  4 21:07:08 IDT 2025, 340 W
Thu Sep  4 21:07:08 IDT 2025, 346 W
Thu Sep  4 21:07:09 IDT 2025, 349 W
Thu Sep  4 21:07:09 IDT 2025, 348 W
Thu Sep  4 21:07:09 IDT 2025, 339 W
Thu Sep  4 21:07:09 IDT 2025, 341 W
Thu Sep  4 21:07:10 IDT 2025, 334 W
Thu Sep  4 21:07:10 IDT 2025, 339 W
Thu Sep  4 21:07:10 IDT 2025, 341 W
Thu Sep  4 21:07:10 IDT 2025, 338 W
Thu Sep  4 21:07:11 IDT 2025, 341 W
Thu Sep  4 21:07:11 IDT 2025, 345 W
Thu Sep  4 21:07:11 IDT 2025, 334 W
Thu Sep  4 21:07:11 IDT 2025, 343 W
Thu Sep  4 21:07:12 IDT 2025, 344 W
Thu Sep  4 21:07:12 IDT 2025, 344 W
Thu Sep  4 21:07:12 IDT 2025, 334 W
Thu Sep  4 21:07:12 IDT 2025, 342 W
Thu Sep  4 21:07:13 IDT 2025, 325 W
Thu Sep  4 21:07:13 IDT 2025, 357 W
Thu Sep  4 21:07:13 IDT 2025, 351 W
Thu Sep  4 21:07:13 IDT 2025, 369 W
Thu Sep  4 21:07:14 IDT 2025, 323 W
Thu Sep  4 21:07:14 IDT 2025, 356 W
Thu Sep  4 21:07:14 IDT 2025, 348 W
Thu Sep  4 21:07:14 IDT 2025, 369 W
Thu Sep  4 21:07:15 IDT 2025, 326 W
Thu Sep  4 21:07:15 IDT 2025, 357 W
Thu Sep  4 21:07:15 IDT 2025, 350 W
Thu Sep  4 21:07:15 IDT 2025, 368 W
Thu Sep  4 21:07:16 IDT 2025, 338 W
Thu Sep  4 21:07:16 IDT 2025, 340 W
Thu Sep  4 21:07:16 IDT 2025, 338 W
Thu Sep  4 21:07:16 IDT 2025, 343 W
Thu Sep  4 21:07:17 IDT 2025, 342 W
Thu Sep  4 21:07:17 IDT 2025, 344 W
Thu Sep  4 21:07:17 IDT 2025, 337 W
Thu Sep  4 21:07:17 IDT 2025, 338 W
Thu Sep  4 21:07:18 IDT 2025, 340 W
Thu Sep  4 21:07:18 IDT 2025, 344 W
Thu Sep  4 21:07:18 IDT 2025, 337 W
Thu Sep  4 21:07:18 IDT 2025, 343 W
Thu Sep  4 21:07:19 IDT 2025, 346 W
Thu Sep  4 21:07:19 IDT 2025, 341 W
Thu Sep  4 21:07:19 IDT 2025, 338 W
Thu Sep  4 21:07:19 IDT 2025, 343 W
Thu Sep  4 21:07:20 IDT 2025, 343 W
Thu Sep  4 21:07:20 IDT 2025, 340 W
Thu Sep  4 21:07:20 IDT 2025, 333 W
Thu Sep  4 21:07:20 IDT 2025, 339 W
Thu Sep  4 21:07:21 IDT 2025, 355 W
Thu Sep  4 21:07:21 IDT 2025, 345 W
Thu Sep  4 21:07:21 IDT 2025, 345 W
Thu Sep  4 21:07:21 IDT 2025, 363 W
Thu Sep  4 21:07:22 IDT 2025, 345 W
Thu Sep  4 21:07:22 IDT 2025, 351 W
Thu Sep  4 21:07:22 IDT 2025, 343 W
Thu Sep  4 21:07:22 IDT 2025, 343 W
Thu Sep  4 21:07:23 IDT 2025, 350 W
Thu Sep  4 21:07:23 IDT 2025, 353 W
Thu Sep  4 21:07:23 IDT 2025, 342 W
Thu Sep  4 21:07:23 IDT 2025, 350 W
Thu Sep  4 21:07:24 IDT 2025, 354 W
Thu Sep  4 21:07:24 IDT 2025, 356 W
Thu Sep  4 21:07:24 IDT 2025, 344 W
Thu Sep  4 21:07:24 IDT 2025, 351 W
Thu Sep  4 21:07:25 IDT 2025, 349 W
Thu Sep  4 21:07:25 IDT 2025, 353 W
Thu Sep  4 21:07:25 IDT 2025, 341 W
Thu Sep  4 21:07:25 IDT 2025, 349 W
Thu Sep  4 21:07:26 IDT 2025, 346 W
Thu Sep  4 21:07:26 IDT 2025, 347 W
Thu Sep  4 21:07:26 IDT 2025, 347 W
Thu Sep  4 21:07:26 IDT 2025, 344 W
Thu Sep  4 21:07:27 IDT 2025, 391 W
Thu Sep  4 21:07:27 IDT 2025, 345 W
Thu Sep  4 21:07:27 IDT 2025, 387 W
Thu Sep  4 21:07:27 IDT 2025, 392 W
Thu Sep  4 21:07:28 IDT 2025, 352 W
Thu Sep  4 21:07:28 IDT 2025, 353 W
Thu Sep  4 21:07:28 IDT 2025, 353 W
Thu Sep  4 21:07:28 IDT 2025, 370 W
Thu Sep  4 21:07:29 IDT 2025, 344 W
Thu Sep  4 21:07:29 IDT 2025, 350 W
Thu Sep  4 21:07:29 IDT 2025, 338 W
Thu Sep  4 21:07:29 IDT 2025, 343 W
Thu Sep  4 21:07:30 IDT 2025, 343 W
Thu Sep  4 21:07:30 IDT 2025, 344 W
Thu Sep  4 21:07:30 IDT 2025, 339 W
Thu Sep  4 21:07:30 IDT 2025, 347 W
Thu Sep  4 21:07:31 IDT 2025, 349 W
Thu Sep  4 21:07:31 IDT 2025, 346 W
Thu Sep  4 21:07:31 IDT 2025, 344 W
Thu Sep  4 21:07:31 IDT 2025, 365 W
Thu Sep  4 21:07:32 IDT 2025, 351 W
Thu Sep  4 21:07:32 IDT 2025, 350 W
Thu Sep  4 21:07:32 IDT 2025, 343 W
Thu Sep  4 21:07:32 IDT 2025, 365 W
Thu Sep  4 21:07:33 IDT 2025, 345 W
Thu Sep  4 21:07:33 IDT 2025, 354 W
Thu Sep  4 21:07:33 IDT 2025, 346 W
Thu Sep  4 21:07:33 IDT 2025, 332 W
Thu Sep  4 21:07:34 IDT 2025, 358 W
Thu Sep  4 21:07:34 IDT 2025, 365 W
Thu Sep  4 21:07:34 IDT 2025, 358 W
Thu Sep  4 21:07:34 IDT 2025, 379 W
Thu Sep  4 21:07:35 IDT 2025, 368 W
Thu Sep  4 21:07:35 IDT 2025, 368 W
Thu Sep  4 21:07:35 IDT 2025, 368 W
Thu Sep  4 21:07:35 IDT 2025, 381 W
Thu Sep  4 21:07:36 IDT 2025, 389 W
Thu Sep  4 21:07:36 IDT 2025, 352 W
Thu Sep  4 21:07:36 IDT 2025, 383 W
Thu Sep  4 21:07:36 IDT 2025, 394 W
Thu Sep  4 21:07:37 IDT 2025, 352 W
Thu Sep  4 21:07:37 IDT 2025, 345 W
Thu Sep  4 21:07:37 IDT 2025, 353 W
Thu Sep  4 21:07:37 IDT 2025, 368 W
Thu Sep  4 21:07:38 IDT 2025, 394 W
Thu Sep  4 21:07:38 IDT 2025, 369 W
Thu Sep  4 21:07:38 IDT 2025, 389 W
Thu Sep  4 21:07:38 IDT 2025, 397 W
Thu Sep  4 21:07:39 IDT 2025, 385 W
Thu Sep  4 21:07:39 IDT 2025, 353 W
Thu Sep  4 21:07:39 IDT 2025, 383 W
Thu Sep  4 21:07:39 IDT 2025, 395 W
Thu Sep  4 21:07:40 IDT 2025, 361 W
Thu Sep  4 21:07:40 IDT 2025, 364 W
Thu Sep  4 21:07:40 IDT 2025, 356 W
Thu Sep  4 21:07:40 IDT 2025, 378 W
Thu Sep  4 21:07:41 IDT 2025, 356 W
Thu Sep  4 21:07:41 IDT 2025, 358 W
Thu Sep  4 21:07:41 IDT 2025, 348 W
Thu Sep  4 21:07:41 IDT 2025, 373 W
Thu Sep  4 21:07:42 IDT 2025, 354 W
Thu Sep  4 21:07:42 IDT 2025, 358 W
Thu Sep  4 21:07:42 IDT 2025, 350 W
Thu Sep  4 21:07:42 IDT 2025, 372 W
Thu Sep  4 21:07:43 IDT 2025, 348 W
Thu Sep  4 21:07:43 IDT 2025, 349 W
Thu Sep  4 21:07:43 IDT 2025, 349 W
Thu Sep  4 21:07:43 IDT 2025, 366 W
Thu Sep  4 21:07:44 IDT 2025, 351 W
Thu Sep  4 21:07:44 IDT 2025, 356 W
Thu Sep  4 21:07:44 IDT 2025, 346 W
Thu Sep  4 21:07:44 IDT 2025, 368 W
Thu Sep  4 21:07:45 IDT 2025, 357 W
Thu Sep  4 21:07:45 IDT 2025, 353 W
Thu Sep  4 21:07:45 IDT 2025, 350 W
Thu Sep  4 21:07:45 IDT 2025, 372 W
Thu Sep  4 21:07:46 IDT 2025, 349 W
Thu Sep  4 21:07:46 IDT 2025, 337 W
Thu Sep  4 21:07:46 IDT 2025, 340 W
Thu Sep  4 21:07:46 IDT 2025, 360 W
Thu Sep  4 21:07:47 IDT 2025, 354 W
Thu Sep  4 21:07:47 IDT 2025, 355 W
Thu Sep  4 21:07:47 IDT 2025, 346 W
Thu Sep  4 21:07:47 IDT 2025, 372 W
Thu Sep  4 21:07:48 IDT 2025, 353 W
Thu Sep  4 21:07:48 IDT 2025, 355 W
Thu Sep  4 21:07:48 IDT 2025, 348 W
Thu Sep  4 21:07:48 IDT 2025, 371 W
Thu Sep  4 21:07:49 IDT 2025, 352 W
Thu Sep  4 21:07:49 IDT 2025, 349 W
Thu Sep  4 21:07:49 IDT 2025, 350 W
Thu Sep  4 21:07:49 IDT 2025, 371 W
Thu Sep  4 21:07:50 IDT 2025, 353 W
Thu Sep  4 21:07:50 IDT 2025, 354 W
Thu Sep  4 21:07:50 IDT 2025, 351 W
Thu Sep  4 21:07:50 IDT 2025, 363 W
Thu Sep  4 21:07:51 IDT 2025, 356 W
Thu Sep  4 21:07:51 IDT 2025, 352 W
Thu Sep  4 21:07:51 IDT 2025, 350 W
Thu Sep  4 21:07:51 IDT 2025, 375 W
Thu Sep  4 21:07:52 IDT 2025, 354 W
Thu Sep  4 21:07:52 IDT 2025, 348 W
Thu Sep  4 21:07:52 IDT 2025, 347 W
Thu Sep  4 21:07:52 IDT 2025, 374 W
Thu Sep  4 21:07:53 IDT 2025, 360 W
Thu Sep  4 21:07:53 IDT 2025, 360 W
Thu Sep  4 21:07:53 IDT 2025, 353 W
Thu Sep  4 21:07:53 IDT 2025, 373 W
Thu Sep  4 21:07:54 IDT 2025, 350 W
Thu Sep  4 21:07:54 IDT 2025, 356 W
Thu Sep  4 21:07:54 IDT 2025, 342 W
Thu Sep  4 21:07:54 IDT 2025, 342 W
Thu Sep  4 21:07:55 IDT 2025, 348 W
Thu Sep  4 21:07:55 IDT 2025, 336 W
Thu Sep  4 21:07:55 IDT 2025, 338 W
Thu Sep  4 21:07:55 IDT 2025, 360 W
Thu Sep  4 21:07:56 IDT 2025, 340 W
Thu Sep  4 21:07:56 IDT 2025, 339 W
Thu Sep  4 21:07:56 IDT 2025, 342 W
Thu Sep  4 21:07:56 IDT 2025, 340 W
Thu Sep  4 21:07:57 IDT 2025, 363 W
Thu Sep  4 21:07:57 IDT 2025, 359 W
Thu Sep  4 21:07:57 IDT 2025, 355 W
Thu Sep  4 21:07:57 IDT 2025, 377 W
Thu Sep  4 21:07:58 IDT 2025, 353 W
Thu Sep  4 21:07:58 IDT 2025, 361 W
Thu Sep  4 21:07:58 IDT 2025, 352 W
Thu Sep  4 21:07:58 IDT 2025, 371 W
Thu Sep  4 21:07:59 IDT 2025, 352 W
Thu Sep  4 21:07:59 IDT 2025, 355 W
Thu Sep  4 21:07:59 IDT 2025, 350 W
Thu Sep  4 21:07:59 IDT 2025, 369 W
Thu Sep  4 21:08:00 IDT 2025, 355 W
Thu Sep  4 21:08:00 IDT 2025, 357 W
Thu Sep  4 21:08:00 IDT 2025, 354 W
Thu Sep  4 21:08:00 IDT 2025, 370 W
Thu Sep  4 21:08:01 IDT 2025, 356 W
Thu Sep  4 21:08:01 IDT 2025, 363 W
Thu Sep  4 21:08:01 IDT 2025, 357 W
Thu Sep  4 21:08:01 IDT 2025, 371 W
Thu Sep  4 21:08:02 IDT 2025, 363 W
Thu Sep  4 21:08:02 IDT 2025, 366 W
Thu Sep  4 21:08:02 IDT 2025, 359 W
Thu Sep  4 21:08:02 IDT 2025, 378 W
Thu Sep  4 21:08:03 IDT 2025, 348 W
Thu Sep  4 21:08:03 IDT 2025, 351 W
Thu Sep  4 21:08:03 IDT 2025, 340 W
Thu Sep  4 21:08:03 IDT 2025, 361 W
Thu Sep  4 21:08:04 IDT 2025, 346 W
Thu Sep  4 21:08:04 IDT 2025, 346 W
Thu Sep  4 21:08:04 IDT 2025, 338 W
Thu Sep  4 21:08:04 IDT 2025, 359 W
Thu Sep  4 21:08:05 IDT 2025, 353 W
Thu Sep  4 21:08:05 IDT 2025, 354 W
Thu Sep  4 21:08:05 IDT 2025, 348 W
Thu Sep  4 21:08:05 IDT 2025, 362 W
Thu Sep  4 21:08:06 IDT 2025, 350 W
Thu Sep  4 21:08:06 IDT 2025, 351 W
Thu Sep  4 21:08:06 IDT 2025, 342 W
Thu Sep  4 21:08:06 IDT 2025, 359 W
Thu Sep  4 21:08:07 IDT 2025, 346 W
Thu Sep  4 21:08:07 IDT 2025, 349 W
Thu Sep  4 21:08:07 IDT 2025, 342 W
Thu Sep  4 21:08:07 IDT 2025, 357 W
Thu Sep  4 21:08:08 IDT 2025, 345 W
Thu Sep  4 21:08:08 IDT 2025, 347 W
Thu Sep  4 21:08:08 IDT 2025, 341 W
Thu Sep  4 21:08:08 IDT 2025, 360 W
Thu Sep  4 21:08:09 IDT 2025, 356 W
Thu Sep  4 21:08:09 IDT 2025, 362 W
Thu Sep  4 21:08:09 IDT 2025, 354 W
Thu Sep  4 21:08:09 IDT 2025, 376 W
Thu Sep  4 21:08:10 IDT 2025, 351 W
Thu Sep  4 21:08:10 IDT 2025, 352 W
Thu Sep  4 21:08:10 IDT 2025, 350 W
Thu Sep  4 21:08:10 IDT 2025, 366 W
Thu Sep  4 21:08:11 IDT 2025, 351 W
Thu Sep  4 21:08:11 IDT 2025, 354 W
Thu Sep  4 21:08:11 IDT 2025, 343 W
Thu Sep  4 21:08:11 IDT 2025, 362 W
Thu Sep  4 21:08:12 IDT 2025, 352 W
Thu Sep  4 21:08:12 IDT 2025, 352 W
Thu Sep  4 21:08:12 IDT 2025, 346 W
Thu Sep  4 21:08:12 IDT 2025, 362 W
Thu Sep  4 21:08:13 IDT 2025, 357 W
Thu Sep  4 21:08:13 IDT 2025, 357 W
Thu Sep  4 21:08:13 IDT 2025, 352 W
Thu Sep  4 21:08:13 IDT 2025, 371 W
Thu Sep  4 21:08:14 IDT 2025, 359 W
Thu Sep  4 21:08:14 IDT 2025, 348 W
Thu Sep  4 21:08:14 IDT 2025, 351 W
Thu Sep  4 21:08:14 IDT 2025, 379 W
Thu Sep  4 21:08:15 IDT 2025, 353 W
Thu Sep  4 21:08:15 IDT 2025, 354 W
Thu Sep  4 21:08:15 IDT 2025, 346 W
Thu Sep  4 21:08:15 IDT 2025, 370 W
Thu Sep  4 21:08:16 IDT 2025, 358 W
Thu Sep  4 21:08:16 IDT 2025, 359 W
Thu Sep  4 21:08:16 IDT 2025, 353 W
Thu Sep  4 21:08:16 IDT 2025, 367 W
Thu Sep  4 21:08:17 IDT 2025, 357 W
Thu Sep  4 21:08:17 IDT 2025, 358 W
Thu Sep  4 21:08:17 IDT 2025, 350 W
Thu Sep  4 21:08:17 IDT 2025, 374 W
Thu Sep  4 21:08:18 IDT 2025, 360 W
Thu Sep  4 21:08:18 IDT 2025, 360 W
Thu Sep  4 21:08:18 IDT 2025, 355 W
Thu Sep  4 21:08:18 IDT 2025, 370 W
Thu Sep  4 21:08:19 IDT 2025, 352 W
Thu Sep  4 21:08:19 IDT 2025, 360 W
Thu Sep  4 21:08:19 IDT 2025, 350 W
Thu Sep  4 21:08:19 IDT 2025, 372 W
Thu Sep  4 21:08:20 IDT 2025, 353 W
Thu Sep  4 21:08:20 IDT 2025, 353 W
Thu Sep  4 21:08:20 IDT 2025, 349 W
Thu Sep  4 21:08:20 IDT 2025, 372 W
Thu Sep  4 21:08:21 IDT 2025, 347 W
Thu Sep  4 21:08:21 IDT 2025, 350 W
Thu Sep  4 21:08:21 IDT 2025, 345 W
Thu Sep  4 21:08:21 IDT 2025, 330 W
Thu Sep  4 21:08:22 IDT 2025, 343 W
Thu Sep  4 21:08:22 IDT 2025, 346 W
Thu Sep  4 21:08:22 IDT 2025, 341 W
Thu Sep  4 21:08:22 IDT 2025, 351 W
Thu Sep  4 21:08:23 IDT 2025, 341 W
Thu Sep  4 21:08:23 IDT 2025, 353 W
Thu Sep  4 21:08:23 IDT 2025, 340 W
Thu Sep  4 21:08:23 IDT 2025, 330 W
Thu Sep  4 21:08:24 IDT 2025, 347 W
Thu Sep  4 21:08:24 IDT 2025, 352 W
Thu Sep  4 21:08:24 IDT 2025, 342 W
Thu Sep  4 21:08:24 IDT 2025, 331 W
Thu Sep  4 21:08:25 IDT 2025, 348 W
Thu Sep  4 21:08:25 IDT 2025, 348 W
Thu Sep  4 21:08:25 IDT 2025, 345 W
Thu Sep  4 21:08:25 IDT 2025, 367 W
Thu Sep  4 21:08:26 IDT 2025, 352 W
Thu Sep  4 21:08:26 IDT 2025, 354 W
Thu Sep  4 21:08:26 IDT 2025, 349 W
Thu Sep  4 21:08:26 IDT 2025, 370 W
Thu Sep  4 21:08:27 IDT 2025, 355 W
Thu Sep  4 21:08:27 IDT 2025, 353 W
Thu Sep  4 21:08:27 IDT 2025, 351 W
Thu Sep  4 21:08:27 IDT 2025, 368 W
Thu Sep  4 21:08:28 IDT 2025, 349 W
Thu Sep  4 21:08:28 IDT 2025, 348 W
Thu Sep  4 21:08:28 IDT 2025, 343 W
Thu Sep  4 21:08:28 IDT 2025, 347 W
Thu Sep  4 21:08:29 IDT 2025, 358 W
Thu Sep  4 21:08:29 IDT 2025, 360 W
Thu Sep  4 21:08:29 IDT 2025, 353 W
Thu Sep  4 21:08:29 IDT 2025, 372 W
Thu Sep  4 21:08:30 IDT 2025, 356 W
Thu Sep  4 21:08:30 IDT 2025, 355 W
Thu Sep  4 21:08:30 IDT 2025, 351 W
Thu Sep  4 21:08:30 IDT 2025, 369 W
Thu Sep  4 21:08:31 IDT 2025, 360 W
Thu Sep  4 21:08:31 IDT 2025, 359 W
Thu Sep  4 21:08:31 IDT 2025, 357 W
Thu Sep  4 21:08:31 IDT 2025, 373 W
Thu Sep  4 21:08:32 IDT 2025, 352 W
Thu Sep  4 21:08:32 IDT 2025, 353 W
Thu Sep  4 21:08:32 IDT 2025, 349 W
Thu Sep  4 21:08:32 IDT 2025, 375 W
Thu Sep  4 21:08:33 IDT 2025, 355 W
Thu Sep  4 21:08:33 IDT 2025, 351 W
Thu Sep  4 21:08:33 IDT 2025, 347 W
Thu Sep  4 21:08:33 IDT 2025, 369 W
Thu Sep  4 21:08:34 IDT 2025, 359 W
Thu Sep  4 21:08:34 IDT 2025, 352 W
Thu Sep  4 21:08:34 IDT 2025, 356 W
Thu Sep  4 21:08:34 IDT 2025, 369 W
Thu Sep  4 21:08:35 IDT 2025, 357 W
Thu Sep  4 21:08:35 IDT 2025, 355 W
Thu Sep  4 21:08:35 IDT 2025, 352 W
Thu Sep  4 21:08:35 IDT 2025, 371 W
Thu Sep  4 21:08:36 IDT 2025, 348 W
Thu Sep  4 21:08:36 IDT 2025, 349 W
Thu Sep  4 21:08:36 IDT 2025, 345 W
Thu Sep  4 21:08:36 IDT 2025, 368 W
Thu Sep  4 21:08:37 IDT 2025, 355 W
Thu Sep  4 21:08:37 IDT 2025, 358 W
Thu Sep  4 21:08:37 IDT 2025, 351 W
Thu Sep  4 21:08:37 IDT 2025, 366 W
Thu Sep  4 21:08:38 IDT 2025, 349 W
Thu Sep  4 21:08:38 IDT 2025, 355 W
Thu Sep  4 21:08:38 IDT 2025, 344 W
Thu Sep  4 21:08:38 IDT 2025, 371 W
Thu Sep  4 21:08:39 IDT 2025, 353 W
Thu Sep  4 21:08:39 IDT 2025, 352 W
Thu Sep  4 21:08:39 IDT 2025, 351 W
Thu Sep  4 21:08:39 IDT 2025, 366 W
Thu Sep  4 21:08:40 IDT 2025, 354 W
Thu Sep  4 21:08:40 IDT 2025, 358 W
Thu Sep  4 21:08:40 IDT 2025, 350 W
Thu Sep  4 21:08:40 IDT 2025, 377 W
Thu Sep  4 21:08:41 IDT 2025, 356 W
Thu Sep  4 21:08:41 IDT 2025, 358 W
Thu Sep  4 21:08:41 IDT 2025, 352 W
Thu Sep  4 21:08:41 IDT 2025, 378 W
Thu Sep  4 21:08:42 IDT 2025, 356 W
Thu Sep  4 21:08:42 IDT 2025, 358 W
Thu Sep  4 21:08:42 IDT 2025, 349 W
Thu Sep  4 21:08:42 IDT 2025, 370 W
Thu Sep  4 21:08:43 IDT 2025, 351 W
Thu Sep  4 21:08:43 IDT 2025, 356 W
Thu Sep  4 21:08:43 IDT 2025, 348 W
Thu Sep  4 21:08:43 IDT 2025, 371 W
Thu Sep  4 21:08:44 IDT 2025, 351 W
Thu Sep  4 21:08:44 IDT 2025, 358 W
Thu Sep  4 21:08:44 IDT 2025, 348 W
Thu Sep  4 21:08:44 IDT 2025, 365 W
Thu Sep  4 21:08:45 IDT 2025, 348 W
Thu Sep  4 21:08:45 IDT 2025, 352 W
Thu Sep  4 21:08:45 IDT 2025, 346 W
Thu Sep  4 21:08:45 IDT 2025, 364 W
Thu Sep  4 21:08:46 IDT 2025, 351 W
Thu Sep  4 21:08:46 IDT 2025, 356 W
Thu Sep  4 21:08:46 IDT 2025, 345 W
Thu Sep  4 21:08:46 IDT 2025, 369 W
Thu Sep  4 21:08:47 IDT 2025, 353 W
Thu Sep  4 21:08:47 IDT 2025, 354 W
Thu Sep  4 21:08:47 IDT 2025, 349 W
Thu Sep  4 21:08:47 IDT 2025, 370 W
Thu Sep  4 21:08:48 IDT 2025, 345 W
Thu Sep  4 21:08:48 IDT 2025, 348 W
Thu Sep  4 21:08:48 IDT 2025, 342 W
Thu Sep  4 21:08:48 IDT 2025, 359 W
Thu Sep  4 21:08:49 IDT 2025, 354 W
Thu Sep  4 21:08:49 IDT 2025, 360 W
Thu Sep  4 21:08:49 IDT 2025, 352 W
Thu Sep  4 21:08:49 IDT 2025, 370 W
Thu Sep  4 21:08:50 IDT 2025, 358 W
Thu Sep  4 21:08:50 IDT 2025, 361 W
Thu Sep  4 21:08:50 IDT 2025, 354 W
Thu Sep  4 21:08:50 IDT 2025, 369 W
Thu Sep  4 21:08:51 IDT 2025, 352 W
Thu Sep  4 21:08:51 IDT 2025, 350 W
Thu Sep  4 21:08:51 IDT 2025, 348 W
Thu Sep  4 21:08:51 IDT 2025, 371 W
Thu Sep  4 21:08:52 IDT 2025, 357 W
Thu Sep  4 21:08:52 IDT 2025, 359 W
Thu Sep  4 21:08:52 IDT 2025, 354 W
Thu Sep  4 21:08:52 IDT 2025, 379 W
Thu Sep  4 21:08:53 IDT 2025, 357 W
Thu Sep  4 21:08:53 IDT 2025, 356 W
Thu Sep  4 21:08:53 IDT 2025, 351 W
Thu Sep  4 21:08:53 IDT 2025, 361 W
Thu Sep  4 21:08:54 IDT 2025, 357 W
Thu Sep  4 21:08:54 IDT 2025, 353 W
Thu Sep  4 21:08:54 IDT 2025, 351 W
Thu Sep  4 21:08:54 IDT 2025, 357 W
Thu Sep  4 21:08:55 IDT 2025, 350 W
Thu Sep  4 21:08:55 IDT 2025, 353 W
Thu Sep  4 21:08:55 IDT 2025, 348 W
Thu Sep  4 21:08:55 IDT 2025, 369 W
Thu Sep  4 21:08:56 IDT 2025, 353 W
Thu Sep  4 21:08:56 IDT 2025, 355 W
Thu Sep  4 21:08:56 IDT 2025, 349 W
Thu Sep  4 21:08:56 IDT 2025, 363 W
Thu Sep  4 21:08:57 IDT 2025, 353 W
Thu Sep  4 21:08:57 IDT 2025, 360 W
Thu Sep  4 21:08:57 IDT 2025, 350 W
Thu Sep  4 21:08:57 IDT 2025, 375 W
Thu Sep  4 21:08:58 IDT 2025, 362 W
Thu Sep  4 21:08:58 IDT 2025, 366 W
Thu Sep  4 21:08:58 IDT 2025, 359 W
Thu Sep  4 21:08:58 IDT 2025, 376 W
Thu Sep  4 21:08:59 IDT 2025, 356 W
Thu Sep  4 21:08:59 IDT 2025, 361 W
Thu Sep  4 21:08:59 IDT 2025, 353 W
Thu Sep  4 21:08:59 IDT 2025, 376 W
Thu Sep  4 21:09:00 IDT 2025, 356 W
Thu Sep  4 21:09:00 IDT 2025, 357 W
Thu Sep  4 21:09:00 IDT 2025, 354 W
Thu Sep  4 21:09:00 IDT 2025, 377 W
Thu Sep  4 21:09:01 IDT 2025, 351 W
Thu Sep  4 21:09:01 IDT 2025, 347 W
Thu Sep  4 21:09:01 IDT 2025, 345 W
Thu Sep  4 21:09:01 IDT 2025, 355 W
Thu Sep  4 21:09:02 IDT 2025, 356 W
Thu Sep  4 21:09:02 IDT 2025, 361 W
Thu Sep  4 21:09:02 IDT 2025, 353 W
Thu Sep  4 21:09:02 IDT 2025, 372 W
Thu Sep  4 21:09:03 IDT 2025, 360 W
Thu Sep  4 21:09:03 IDT 2025, 363 W
Thu Sep  4 21:09:03 IDT 2025, 357 W
Thu Sep  4 21:09:03 IDT 2025, 378 W
Thu Sep  4 21:09:04 IDT 2025, 362 W
Thu Sep  4 21:09:04 IDT 2025, 361 W
Thu Sep  4 21:09:04 IDT 2025, 361 W
Thu Sep  4 21:09:04 IDT 2025, 381 W
Thu Sep  4 21:09:05 IDT 2025, 361 W
Thu Sep  4 21:09:05 IDT 2025, 360 W
Thu Sep  4 21:09:05 IDT 2025, 356 W
Thu Sep  4 21:09:05 IDT 2025, 372 W
Thu Sep  4 21:09:06 IDT 2025, 355 W
Thu Sep  4 21:09:06 IDT 2025, 355 W
Thu Sep  4 21:09:06 IDT 2025, 349 W
Thu Sep  4 21:09:06 IDT 2025, 373 W
Thu Sep  4 21:09:07 IDT 2025, 337 W
Thu Sep  4 21:09:07 IDT 2025, 345 W
Thu Sep  4 21:09:07 IDT 2025, 331 W
Thu Sep  4 21:09:07 IDT 2025, 344 W
Thu Sep  4 21:09:08 IDT 2025, 335 W
Thu Sep  4 21:09:08 IDT 2025, 336 W
Thu Sep  4 21:09:08 IDT 2025, 330 W
Thu Sep  4 21:09:08 IDT 2025, 313 W
Thu Sep  4 21:09:09 IDT 2025, 355 W
Thu Sep  4 21:09:09 IDT 2025, 353 W
Thu Sep  4 21:09:09 IDT 2025, 349 W
Thu Sep  4 21:09:09 IDT 2025, 366 W
Thu Sep  4 21:09:10 IDT 2025, 355 W
Thu Sep  4 21:09:10 IDT 2025, 356 W
Thu Sep  4 21:09:10 IDT 2025, 353 W
Thu Sep  4 21:09:10 IDT 2025, 376 W
Thu Sep  4 21:09:11 IDT 2025, 355 W
Thu Sep  4 21:09:11 IDT 2025, 356 W
Thu Sep  4 21:09:11 IDT 2025, 349 W
Thu Sep  4 21:09:11 IDT 2025, 370 W
Thu Sep  4 21:09:12 IDT 2025, 347 W
Thu Sep  4 21:09:12 IDT 2025, 355 W
Thu Sep  4 21:09:12 IDT 2025, 344 W
Thu Sep  4 21:09:12 IDT 2025, 369 W
Thu Sep  4 21:09:13 IDT 2025, 353 W
Thu Sep  4 21:09:13 IDT 2025, 351 W
Thu Sep  4 21:09:13 IDT 2025, 350 W
Thu Sep  4 21:09:13 IDT 2025, 364 W
Thu Sep  4 21:09:14 IDT 2025, 346 W
Thu Sep  4 21:09:14 IDT 2025, 346 W
Thu Sep  4 21:09:14 IDT 2025, 340 W
Thu Sep  4 21:09:14 IDT 2025, 353 W
Thu Sep  4 21:09:15 IDT 2025, 354 W
Thu Sep  4 21:09:15 IDT 2025, 356 W
Thu Sep  4 21:09:15 IDT 2025, 353 W
Thu Sep  4 21:09:15 IDT 2025, 366 W
Thu Sep  4 21:09:16 IDT 2025, 360 W
Thu Sep  4 21:09:16 IDT 2025, 364 W
Thu Sep  4 21:09:16 IDT 2025, 359 W
Thu Sep  4 21:09:16 IDT 2025, 374 W
Thu Sep  4 21:09:17 IDT 2025, 360 W
Thu Sep  4 21:09:17 IDT 2025, 361 W
Thu Sep  4 21:09:17 IDT 2025, 358 W
Thu Sep  4 21:09:17 IDT 2025, 382 W
Thu Sep  4 21:09:18 IDT 2025, 360 W
Thu Sep  4 21:09:18 IDT 2025, 363 W
Thu Sep  4 21:09:18 IDT 2025, 357 W
Thu Sep  4 21:09:18 IDT 2025, 378 W
Thu Sep  4 21:09:19 IDT 2025, 361 W
Thu Sep  4 21:09:19 IDT 2025, 367 W
Thu Sep  4 21:09:19 IDT 2025, 352 W
Thu Sep  4 21:09:19 IDT 2025, 375 W
Thu Sep  4 21:09:20 IDT 2025, 348 W
Thu Sep  4 21:09:20 IDT 2025, 352 W
Thu Sep  4 21:09:20 IDT 2025, 342 W
Thu Sep  4 21:09:20 IDT 2025, 346 W
Thu Sep  4 21:09:21 IDT 2025, 350 W
Thu Sep  4 21:09:21 IDT 2025, 354 W
Thu Sep  4 21:09:21 IDT 2025, 346 W
Thu Sep  4 21:09:21 IDT 2025, 370 W
Thu Sep  4 21:09:22 IDT 2025, 349 W
Thu Sep  4 21:09:22 IDT 2025, 344 W
Thu Sep  4 21:09:22 IDT 2025, 345 W
Thu Sep  4 21:09:22 IDT 2025, 341 W
Thu Sep  4 21:09:23 IDT 2025, 352 W
Thu Sep  4 21:09:23 IDT 2025, 347 W
Thu Sep  4 21:09:23 IDT 2025, 344 W
Thu Sep  4 21:09:23 IDT 2025, 348 W
Thu Sep  4 21:09:24 IDT 2025, 349 W
Thu Sep  4 21:09:24 IDT 2025, 346 W
Thu Sep  4 21:09:24 IDT 2025, 345 W
Thu Sep  4 21:09:24 IDT 2025, 346 W
Thu Sep  4 21:09:25 IDT 2025, 353 W
Thu Sep  4 21:09:25 IDT 2025, 358 W
Thu Sep  4 21:09:25 IDT 2025, 344 W
Thu Sep  4 21:09:25 IDT 2025, 373 W
Thu Sep  4 21:09:26 IDT 2025, 350 W
Thu Sep  4 21:09:26 IDT 2025, 350 W
Thu Sep  4 21:09:26 IDT 2025, 343 W
Thu Sep  4 21:09:26 IDT 2025, 347 W
Thu Sep  4 21:09:27 IDT 2025, 355 W
Thu Sep  4 21:09:27 IDT 2025, 359 W
Thu Sep  4 21:09:27 IDT 2025, 346 W
Thu Sep  4 21:09:27 IDT 2025, 371 W
Thu Sep  4 21:09:28 IDT 2025, 356 W
Thu Sep  4 21:09:28 IDT 2025, 361 W
Thu Sep  4 21:09:28 IDT 2025, 352 W
Thu Sep  4 21:09:28 IDT 2025, 367 W
Thu Sep  4 21:09:29 IDT 2025, 358 W
Thu Sep  4 21:09:29 IDT 2025, 354 W
Thu Sep  4 21:09:29 IDT 2025, 348 W
Thu Sep  4 21:09:29 IDT 2025, 369 W
Thu Sep  4 21:09:30 IDT 2025, 343 W
Thu Sep  4 21:09:30 IDT 2025, 350 W
Thu Sep  4 21:09:30 IDT 2025, 340 W
Thu Sep  4 21:09:30 IDT 2025, 359 W
Thu Sep  4 21:09:31 IDT 2025, 350 W
Thu Sep  4 21:09:31 IDT 2025, 356 W
Thu Sep  4 21:09:31 IDT 2025, 351 W
Thu Sep  4 21:09:31 IDT 2025, 364 W
Thu Sep  4 21:09:32 IDT 2025, 353 W
Thu Sep  4 21:09:32 IDT 2025, 359 W
Thu Sep  4 21:09:32 IDT 2025, 351 W
Thu Sep  4 21:09:32 IDT 2025, 375 W
Thu Sep  4 21:09:33 IDT 2025, 358 W
Thu Sep  4 21:09:33 IDT 2025, 357 W
Thu Sep  4 21:09:33 IDT 2025, 351 W
Thu Sep  4 21:09:33 IDT 2025, 376 W
Thu Sep  4 21:09:34 IDT 2025, 340 W
Thu Sep  4 21:09:34 IDT 2025, 341 W
Thu Sep  4 21:09:34 IDT 2025, 338 W
Thu Sep  4 21:09:34 IDT 2025, 344 W
Thu Sep  4 21:09:35 IDT 2025, 337 W
Thu Sep  4 21:09:35 IDT 2025, 346 W
Thu Sep  4 21:09:35 IDT 2025, 333 W
Thu Sep  4 21:09:35 IDT 2025, 345 W
Thu Sep  4 21:09:36 IDT 2025, 348 W
Thu Sep  4 21:09:36 IDT 2025, 352 W
Thu Sep  4 21:09:36 IDT 2025, 341 W
Thu Sep  4 21:09:36 IDT 2025, 366 W
Thu Sep  4 21:09:37 IDT 2025, 348 W
Thu Sep  4 21:09:37 IDT 2025, 351 W
Thu Sep  4 21:09:37 IDT 2025, 347 W
Thu Sep  4 21:09:37 IDT 2025, 358 W
Thu Sep  4 21:09:38 IDT 2025, 350 W
Thu Sep  4 21:09:38 IDT 2025, 346 W
Thu Sep  4 21:09:38 IDT 2025, 346 W
Thu Sep  4 21:09:38 IDT 2025, 365 W
Thu Sep  4 21:09:39 IDT 2025, 344 W
Thu Sep  4 21:09:39 IDT 2025, 351 W
Thu Sep  4 21:09:39 IDT 2025, 345 W
Thu Sep  4 21:09:39 IDT 2025, 360 W
Thu Sep  4 21:09:40 IDT 2025, 355 W
Thu Sep  4 21:09:40 IDT 2025, 348 W
Thu Sep  4 21:09:40 IDT 2025, 347 W
Thu Sep  4 21:09:40 IDT 2025, 367 W
Thu Sep  4 21:09:41 IDT 2025, 361 W
Thu Sep  4 21:09:41 IDT 2025, 367 W
Thu Sep  4 21:09:41 IDT 2025, 358 W
Thu Sep  4 21:09:41 IDT 2025, 376 W
Thu Sep  4 21:09:42 IDT 2025, 355 W
Thu Sep  4 21:09:42 IDT 2025, 358 W
Thu Sep  4 21:09:42 IDT 2025, 351 W
Thu Sep  4 21:09:42 IDT 2025, 377 W
Thu Sep  4 21:09:43 IDT 2025, 364 W
Thu Sep  4 21:09:43 IDT 2025, 363 W
Thu Sep  4 21:09:43 IDT 2025, 351 W
Thu Sep  4 21:09:43 IDT 2025, 379 W
Thu Sep  4 21:09:44 IDT 2025, 358 W
Thu Sep  4 21:09:44 IDT 2025, 356 W
Thu Sep  4 21:09:44 IDT 2025, 349 W
Thu Sep  4 21:09:44 IDT 2025, 366 W
Thu Sep  4 21:09:45 IDT 2025, 357 W
Thu Sep  4 21:09:45 IDT 2025, 354 W
Thu Sep  4 21:09:45 IDT 2025, 348 W
Thu Sep  4 21:09:45 IDT 2025, 369 W
Thu Sep  4 21:09:46 IDT 2025, 351 W
Thu Sep  4 21:09:46 IDT 2025, 356 W
Thu Sep  4 21:09:46 IDT 2025, 346 W
Thu Sep  4 21:09:46 IDT 2025, 368 W
Thu Sep  4 21:09:47 IDT 2025, 345 W
Thu Sep  4 21:09:47 IDT 2025, 355 W
Thu Sep  4 21:09:47 IDT 2025, 348 W
Thu Sep  4 21:09:47 IDT 2025, 368 W
Thu Sep  4 21:09:48 IDT 2025, 356 W
Thu Sep  4 21:09:48 IDT 2025, 358 W
Thu Sep  4 21:09:48 IDT 2025, 351 W
Thu Sep  4 21:09:48 IDT 2025, 374 W
Thu Sep  4 21:09:49 IDT 2025, 346 W
Thu Sep  4 21:09:49 IDT 2025, 358 W
Thu Sep  4 21:09:49 IDT 2025, 349 W
Thu Sep  4 21:09:49 IDT 2025, 374 W
Thu Sep  4 21:09:50 IDT 2025, 352 W
Thu Sep  4 21:09:50 IDT 2025, 356 W
Thu Sep  4 21:09:50 IDT 2025, 349 W
Thu Sep  4 21:09:50 IDT 2025, 374 W
Thu Sep  4 21:09:51 IDT 2025, 351 W
Thu Sep  4 21:09:51 IDT 2025, 358 W
Thu Sep  4 21:09:51 IDT 2025, 351 W
Thu Sep  4 21:09:51 IDT 2025, 372 W
Thu Sep  4 21:09:52 IDT 2025, 340 W
Thu Sep  4 21:09:52 IDT 2025, 335 W
Thu Sep  4 21:09:52 IDT 2025, 332 W
Thu Sep  4 21:09:52 IDT 2025, 319 W
Thu Sep  4 21:09:53 IDT 2025, 337 W
Thu Sep  4 21:09:53 IDT 2025, 337 W
Thu Sep  4 21:09:53 IDT 2025, 337 W
Thu Sep  4 21:09:53 IDT 2025, 318 W
Thu Sep  4 21:09:54 IDT 2025, 355 W
Thu Sep  4 21:09:54 IDT 2025, 351 W
Thu Sep  4 21:09:54 IDT 2025, 345 W
Thu Sep  4 21:09:54 IDT 2025, 369 W
Thu Sep  4 21:09:55 IDT 2025, 360 W
Thu Sep  4 21:09:55 IDT 2025, 358 W
Thu Sep  4 21:09:55 IDT 2025, 347 W
Thu Sep  4 21:09:55 IDT 2025, 372 W
Thu Sep  4 21:09:56 IDT 2025, 349 W
Thu Sep  4 21:09:56 IDT 2025, 350 W
Thu Sep  4 21:09:56 IDT 2025, 340 W
Thu Sep  4 21:09:56 IDT 2025, 349 W
Thu Sep  4 21:09:57 IDT 2025, 359 W
Thu Sep  4 21:09:57 IDT 2025, 364 W
Thu Sep  4 21:09:57 IDT 2025, 355 W
Thu Sep  4 21:09:57 IDT 2025, 373 W
Thu Sep  4 21:09:58 IDT 2025, 347 W
Thu Sep  4 21:09:58 IDT 2025, 351 W
Thu Sep  4 21:09:58 IDT 2025, 347 W
Thu Sep  4 21:09:58 IDT 2025, 360 W
Thu Sep  4 21:09:59 IDT 2025, 353 W
Thu Sep  4 21:09:59 IDT 2025, 359 W
Thu Sep  4 21:09:59 IDT 2025, 351 W
Thu Sep  4 21:09:59 IDT 2025, 368 W
Thu Sep  4 21:10:00 IDT 2025, 353 W
Thu Sep  4 21:10:00 IDT 2025, 359 W
Thu Sep  4 21:10:00 IDT 2025, 351 W
Thu Sep  4 21:10:00 IDT 2025, 368 W
Thu Sep  4 21:10:01 IDT 2025, 351 W
Thu Sep  4 21:10:01 IDT 2025, 354 W
Thu Sep  4 21:10:01 IDT 2025, 346 W
Thu Sep  4 21:10:01 IDT 2025, 372 W
Thu Sep  4 21:10:02 IDT 2025, 351 W
Thu Sep  4 21:10:02 IDT 2025, 350 W
Thu Sep  4 21:10:02 IDT 2025, 339 W
Thu Sep  4 21:10:02 IDT 2025, 361 W
Thu Sep  4 21:10:03 IDT 2025, 349 W
Thu Sep  4 21:10:03 IDT 2025, 348 W
Thu Sep  4 21:10:03 IDT 2025, 340 W
Thu Sep  4 21:10:03 IDT 2025, 358 W
Thu Sep  4 21:10:04 IDT 2025, 344 W
Thu Sep  4 21:10:04 IDT 2025, 352 W
Thu Sep  4 21:10:04 IDT 2025, 345 W
Thu Sep  4 21:10:04 IDT 2025, 358 W
Thu Sep  4 21:10:05 IDT 2025, 357 W
Thu Sep  4 21:10:05 IDT 2025, 356 W
Thu Sep  4 21:10:05 IDT 2025, 347 W
Thu Sep  4 21:10:05 IDT 2025, 373 W
Thu Sep  4 21:10:06 IDT 2025, 355 W
Thu Sep  4 21:10:06 IDT 2025, 361 W
Thu Sep  4 21:10:06 IDT 2025, 353 W
Thu Sep  4 21:10:06 IDT 2025, 372 W
Thu Sep  4 21:10:07 IDT 2025, 356 W
Thu Sep  4 21:10:07 IDT 2025, 354 W
Thu Sep  4 21:10:07 IDT 2025, 344 W
Thu Sep  4 21:10:07 IDT 2025, 373 W
Thu Sep  4 21:10:08 IDT 2025, 353 W
Thu Sep  4 21:10:08 IDT 2025, 353 W
Thu Sep  4 21:10:08 IDT 2025, 351 W
Thu Sep  4 21:10:08 IDT 2025, 371 W
Thu Sep  4 21:10:09 IDT 2025, 337 W
Thu Sep  4 21:10:09 IDT 2025, 354 W
Thu Sep  4 21:10:09 IDT 2025, 352 W
Thu Sep  4 21:10:09 IDT 2025, 376 W
Thu Sep  4 21:10:10 IDT 2025, 352 W
Thu Sep  4 21:10:10 IDT 2025, 355 W
Thu Sep  4 21:10:10 IDT 2025, 343 W
Thu Sep  4 21:10:10 IDT 2025, 371 W
Thu Sep  4 21:10:11 IDT 2025, 341 W
Thu Sep  4 21:10:11 IDT 2025, 355 W
Thu Sep  4 21:10:11 IDT 2025, 347 W
Thu Sep  4 21:10:11 IDT 2025, 366 W
Thu Sep  4 21:10:12 IDT 2025, 345 W
Thu Sep  4 21:10:12 IDT 2025, 352 W
Thu Sep  4 21:10:12 IDT 2025, 345 W
Thu Sep  4 21:10:12 IDT 2025, 359 W
Thu Sep  4 21:10:13 IDT 2025, 343 W
Thu Sep  4 21:10:13 IDT 2025, 352 W
Thu Sep  4 21:10:13 IDT 2025, 345 W
Thu Sep  4 21:10:13 IDT 2025, 358 W
Thu Sep  4 21:10:14 IDT 2025, 355 W
Thu Sep  4 21:10:14 IDT 2025, 358 W
Thu Sep  4 21:10:14 IDT 2025, 344 W
Thu Sep  4 21:10:14 IDT 2025, 373 W
Thu Sep  4 21:10:15 IDT 2025, 356 W
Thu Sep  4 21:10:15 IDT 2025, 353 W
Thu Sep  4 21:10:15 IDT 2025, 345 W
Thu Sep  4 21:10:15 IDT 2025, 373 W
Thu Sep  4 21:10:16 IDT 2025, 364 W
Thu Sep  4 21:10:16 IDT 2025, 358 W
Thu Sep  4 21:10:16 IDT 2025, 351 W
Thu Sep  4 21:10:16 IDT 2025, 379 W
Thu Sep  4 21:10:17 IDT 2025, 338 W
Thu Sep  4 21:10:17 IDT 2025, 392 W
Thu Sep  4 21:10:17 IDT 2025, 386 W
Thu Sep  4 21:10:17 IDT 2025, 390 W
Thu Sep  4 21:10:18 IDT 2025, 359 W
Thu Sep  4 21:10:18 IDT 2025, 365 W
Thu Sep  4 21:10:18 IDT 2025, 351 W
Thu Sep  4 21:10:18 IDT 2025, 377 W
Thu Sep  4 21:10:19 IDT 2025, 359 W
Thu Sep  4 21:10:19 IDT 2025, 361 W
Thu Sep  4 21:10:19 IDT 2025, 352 W
Thu Sep  4 21:10:19 IDT 2025, 383 W
Thu Sep  4 21:10:20 IDT 2025, 348 W
Thu Sep  4 21:10:20 IDT 2025, 349 W
Thu Sep  4 21:10:20 IDT 2025, 343 W
Thu Sep  4 21:10:20 IDT 2025, 364 W
Thu Sep  4 21:10:21 IDT 2025, 351 W
Thu Sep  4 21:10:21 IDT 2025, 361 W
Thu Sep  4 21:10:21 IDT 2025, 350 W
Thu Sep  4 21:10:21 IDT 2025, 370 W
Thu Sep  4 21:10:22 IDT 2025, 340 W
Thu Sep  4 21:10:22 IDT 2025, 351 W
Thu Sep  4 21:10:22 IDT 2025, 348 W
Thu Sep  4 21:10:22 IDT 2025, 364 W
Thu Sep  4 21:10:23 IDT 2025, 349 W
Thu Sep  4 21:10:23 IDT 2025, 351 W
Thu Sep  4 21:10:23 IDT 2025, 344 W
Thu Sep  4 21:10:23 IDT 2025, 370 W
Thu Sep  4 21:10:24 IDT 2025, 351 W
Thu Sep  4 21:10:24 IDT 2025, 345 W
Thu Sep  4 21:10:24 IDT 2025, 337 W
Thu Sep  4 21:10:24 IDT 2025, 360 W
Thu Sep  4 21:10:25 IDT 2025, 351 W
Thu Sep  4 21:10:25 IDT 2025, 356 W
Thu Sep  4 21:10:25 IDT 2025, 347 W
Thu Sep  4 21:10:25 IDT 2025, 370 W
Thu Sep  4 21:10:26 IDT 2025, 349 W
Thu Sep  4 21:10:26 IDT 2025, 354 W
Thu Sep  4 21:10:26 IDT 2025, 345 W
Thu Sep  4 21:10:26 IDT 2025, 364 W
Thu Sep  4 21:10:27 IDT 2025, 348 W
Thu Sep  4 21:10:27 IDT 2025, 347 W
Thu Sep  4 21:10:27 IDT 2025, 340 W
Thu Sep  4 21:10:27 IDT 2025, 362 W
Thu Sep  4 21:10:28 IDT 2025, 346 W
Thu Sep  4 21:10:28 IDT 2025, 346 W
Thu Sep  4 21:10:28 IDT 2025, 339 W
Thu Sep  4 21:10:28 IDT 2025, 360 W
Thu Sep  4 21:10:29 IDT 2025, 350 W
Thu Sep  4 21:10:29 IDT 2025, 347 W
Thu Sep  4 21:10:29 IDT 2025, 339 W
Thu Sep  4 21:10:29 IDT 2025, 362 W
Thu Sep  4 21:10:30 IDT 2025, 346 W
Thu Sep  4 21:10:30 IDT 2025, 347 W
Thu Sep  4 21:10:30 IDT 2025, 339 W
Thu Sep  4 21:10:30 IDT 2025, 362 W
Thu Sep  4 21:10:31 IDT 2025, 345 W
Thu Sep  4 21:10:31 IDT 2025, 344 W
Thu Sep  4 21:10:31 IDT 2025, 341 W
Thu Sep  4 21:10:31 IDT 2025, 353 W
Thu Sep  4 21:10:32 IDT 2025, 346 W
Thu Sep  4 21:10:32 IDT 2025, 347 W
Thu Sep  4 21:10:32 IDT 2025, 343 W
Thu Sep  4 21:10:32 IDT 2025, 337 W
Thu Sep  4 21:10:33 IDT 2025, 347 W
Thu Sep  4 21:10:33 IDT 2025, 347 W
Thu Sep  4 21:10:33 IDT 2025, 337 W
Thu Sep  4 21:10:33 IDT 2025, 344 W
Thu Sep  4 21:10:34 IDT 2025, 345 W
Thu Sep  4 21:10:34 IDT 2025, 345 W
Thu Sep  4 21:10:34 IDT 2025, 337 W
Thu Sep  4 21:10:34 IDT 2025, 342 W
Thu Sep  4 21:10:35 IDT 2025, 353 W
Thu Sep  4 21:10:35 IDT 2025, 351 W
Thu Sep  4 21:10:35 IDT 2025, 340 W
Thu Sep  4 21:10:35 IDT 2025, 351 W
Thu Sep  4 21:10:36 IDT 2025, 350 W
Thu Sep  4 21:10:36 IDT 2025, 347 W
Thu Sep  4 21:10:36 IDT 2025, 336 W
Thu Sep  4 21:10:36 IDT 2025, 346 W
Thu Sep  4 21:10:37 IDT 2025, 347 W
Thu Sep  4 21:10:37 IDT 2025, 332 W
Thu Sep  4 21:10:37 IDT 2025, 341 W
Thu Sep  4 21:10:37 IDT 2025, 353 W
Thu Sep  4 21:10:38 IDT 2025, 345 W
Thu Sep  4 21:10:38 IDT 2025, 340 W
Thu Sep  4 21:10:38 IDT 2025, 342 W
Thu Sep  4 21:10:38 IDT 2025, 357 W
Thu Sep  4 21:10:39 IDT 2025, 350 W
Thu Sep  4 21:10:39 IDT 2025, 353 W
Thu Sep  4 21:10:39 IDT 2025, 340 W
Thu Sep  4 21:10:39 IDT 2025, 358 W
Thu Sep  4 21:10:40 IDT 2025, 351 W
Thu Sep  4 21:10:40 IDT 2025, 353 W
Thu Sep  4 21:10:40 IDT 2025, 346 W
Thu Sep  4 21:10:40 IDT 2025, 369 W
Thu Sep  4 21:10:41 IDT 2025, 352 W
Thu Sep  4 21:10:41 IDT 2025, 351 W
Thu Sep  4 21:10:41 IDT 2025, 351 W
Thu Sep  4 21:10:41 IDT 2025, 369 W
Thu Sep  4 21:10:42 IDT 2025, 358 W
Thu Sep  4 21:10:42 IDT 2025, 353 W
Thu Sep  4 21:10:42 IDT 2025, 351 W
Thu Sep  4 21:10:42 IDT 2025, 372 W
Thu Sep  4 21:10:43 IDT 2025, 352 W
Thu Sep  4 21:10:43 IDT 2025, 348 W
Thu Sep  4 21:10:43 IDT 2025, 347 W
Thu Sep  4 21:10:43 IDT 2025, 363 W
Thu Sep  4 21:10:44 IDT 2025, 351 W
Thu Sep  4 21:10:44 IDT 2025, 352 W
Thu Sep  4 21:10:44 IDT 2025, 348 W
Thu Sep  4 21:10:44 IDT 2025, 363 W
Thu Sep  4 21:10:45 IDT 2025, 344 W
Thu Sep  4 21:10:45 IDT 2025, 348 W
Thu Sep  4 21:10:45 IDT 2025, 346 W
Thu Sep  4 21:10:45 IDT 2025, 357 W
Thu Sep  4 21:10:46 IDT 2025, 360 W
Thu Sep  4 21:10:46 IDT 2025, 359 W
Thu Sep  4 21:10:46 IDT 2025, 354 W
Thu Sep  4 21:10:46 IDT 2025, 376 W
Thu Sep  4 21:10:47 IDT 2025, 349 W
Thu Sep  4 21:10:47 IDT 2025, 350 W
Thu Sep  4 21:10:47 IDT 2025, 342 W
Thu Sep  4 21:10:47 IDT 2025, 350 W
Thu Sep  4 21:10:48 IDT 2025, 360 W
Thu Sep  4 21:10:48 IDT 2025, 354 W
Thu Sep  4 21:10:48 IDT 2025, 355 W
Thu Sep  4 21:10:48 IDT 2025, 372 W
Thu Sep  4 21:10:49 IDT 2025, 349 W
Thu Sep  4 21:10:49 IDT 2025, 350 W
Thu Sep  4 21:10:49 IDT 2025, 344 W
Thu Sep  4 21:10:49 IDT 2025, 344 W
Thu Sep  4 21:10:50 IDT 2025, 350 W
Thu Sep  4 21:10:50 IDT 2025, 355 W
Thu Sep  4 21:10:50 IDT 2025, 348 W
Thu Sep  4 21:10:50 IDT 2025, 366 W
Thu Sep  4 21:10:51 IDT 2025, 358 W
Thu Sep  4 21:10:51 IDT 2025, 358 W
Thu Sep  4 21:10:51 IDT 2025, 350 W
Thu Sep  4 21:10:51 IDT 2025, 377 W
Thu Sep  4 21:10:52 IDT 2025, 350 W
Thu Sep  4 21:10:52 IDT 2025, 345 W
Thu Sep  4 21:10:52 IDT 2025, 344 W
Thu Sep  4 21:10:52 IDT 2025, 364 W
Thu Sep  4 21:10:53 IDT 2025, 359 W
Thu Sep  4 21:10:53 IDT 2025, 359 W
Thu Sep  4 21:10:53 IDT 2025, 352 W
Thu Sep  4 21:10:53 IDT 2025, 374 W
Thu Sep  4 21:10:54 IDT 2025, 350 W
Thu Sep  4 21:10:54 IDT 2025, 352 W
Thu Sep  4 21:10:54 IDT 2025, 349 W
Thu Sep  4 21:10:54 IDT 2025, 365 W
Thu Sep  4 21:10:55 IDT 2025, 358 W
Thu Sep  4 21:10:55 IDT 2025, 355 W
Thu Sep  4 21:10:55 IDT 2025, 350 W
Thu Sep  4 21:10:55 IDT 2025, 372 W
Thu Sep  4 21:10:56 IDT 2025, 351 W
Thu Sep  4 21:10:56 IDT 2025, 358 W
Thu Sep  4 21:10:56 IDT 2025, 349 W
Thu Sep  4 21:10:56 IDT 2025, 368 W
Thu Sep  4 21:10:57 IDT 2025, 353 W
Thu Sep  4 21:10:57 IDT 2025, 358 W
Thu Sep  4 21:10:57 IDT 2025, 352 W
Thu Sep  4 21:10:57 IDT 2025, 369 W
Thu Sep  4 21:10:58 IDT 2025, 334 W
Thu Sep  4 21:10:58 IDT 2025, 341 W
Thu Sep  4 21:10:58 IDT 2025, 337 W
Thu Sep  4 21:10:58 IDT 2025, 308 W
Thu Sep  4 21:10:59 IDT 2025, 334 W
Thu Sep  4 21:10:59 IDT 2025, 342 W
Thu Sep  4 21:10:59 IDT 2025, 335 W
Thu Sep  4 21:10:59 IDT 2025, 308 W
Thu Sep  4 21:11:00 IDT 2025, 360 W
Thu Sep  4 21:11:00 IDT 2025, 356 W
Thu Sep  4 21:11:00 IDT 2025, 350 W
Thu Sep  4 21:11:00 IDT 2025, 374 W
Thu Sep  4 21:11:01 IDT 2025, 355 W
Thu Sep  4 21:11:01 IDT 2025, 362 W
Thu Sep  4 21:11:01 IDT 2025, 359 W
Thu Sep  4 21:11:01 IDT 2025, 375 W
Thu Sep  4 21:11:02 IDT 2025, 349 W
Thu Sep  4 21:11:02 IDT 2025, 353 W
Thu Sep  4 21:11:02 IDT 2025, 348 W
Thu Sep  4 21:11:02 IDT 2025, 360 W
Thu Sep  4 21:11:03 IDT 2025, 345 W
Thu Sep  4 21:11:03 IDT 2025, 347 W
Thu Sep  4 21:11:03 IDT 2025, 347 W
Thu Sep  4 21:11:03 IDT 2025, 341 W
Thu Sep  4 21:11:04 IDT 2025, 350 W
Thu Sep  4 21:11:04 IDT 2025, 352 W
Thu Sep  4 21:11:04 IDT 2025, 341 W
Thu Sep  4 21:11:04 IDT 2025, 350 W
Thu Sep  4 21:11:05 IDT 2025, 350 W
Thu Sep  4 21:11:05 IDT 2025, 354 W
Thu Sep  4 21:11:05 IDT 2025, 342 W
Thu Sep  4 21:11:05 IDT 2025, 350 W
Thu Sep  4 21:11:06 IDT 2025, 346 W
Thu Sep  4 21:11:06 IDT 2025, 349 W
Thu Sep  4 21:11:06 IDT 2025, 344 W
Thu Sep  4 21:11:06 IDT 2025, 346 W
Thu Sep  4 21:11:07 IDT 2025, 338 W
Thu Sep  4 21:11:07 IDT 2025, 352 W
Thu Sep  4 21:11:07 IDT 2025, 356 W
Thu Sep  4 21:11:07 IDT 2025, 363 W
Thu Sep  4 21:11:08 IDT 2025, 350 W
Thu Sep  4 21:11:08 IDT 2025, 349 W
Thu Sep  4 21:11:08 IDT 2025, 341 W
Thu Sep  4 21:11:08 IDT 2025, 349 W
Thu Sep  4 21:11:09 IDT 2025, 339 W
Thu Sep  4 21:11:09 IDT 2025, 337 W
Thu Sep  4 21:11:09 IDT 2025, 340 W
Thu Sep  4 21:11:09 IDT 2025, 332 W
Thu Sep  4 21:11:10 IDT 2025, 357 W
Thu Sep  4 21:11:10 IDT 2025, 359 W
Thu Sep  4 21:11:10 IDT 2025, 353 W
Thu Sep  4 21:11:10 IDT 2025, 372 W
Thu Sep  4 21:11:11 IDT 2025, 356 W
Thu Sep  4 21:11:11 IDT 2025, 353 W
Thu Sep  4 21:11:11 IDT 2025, 347 W
Thu Sep  4 21:11:11 IDT 2025, 373 W
Thu Sep  4 21:11:12 IDT 2025, 353 W
Thu Sep  4 21:11:12 IDT 2025, 362 W
Thu Sep  4 21:11:12 IDT 2025, 354 W
Thu Sep  4 21:11:12 IDT 2025, 368 W
Thu Sep  4 21:11:13 IDT 2025, 355 W
Thu Sep  4 21:11:13 IDT 2025, 356 W
Thu Sep  4 21:11:13 IDT 2025, 348 W
Thu Sep  4 21:11:13 IDT 2025, 374 W
Thu Sep  4 21:11:14 IDT 2025, 354 W
Thu Sep  4 21:11:14 IDT 2025, 365 W
Thu Sep  4 21:11:14 IDT 2025, 357 W
Thu Sep  4 21:11:14 IDT 2025, 372 W
Thu Sep  4 21:11:15 IDT 2025, 356 W
Thu Sep  4 21:11:15 IDT 2025, 360 W
Thu Sep  4 21:11:15 IDT 2025, 352 W
Thu Sep  4 21:11:15 IDT 2025, 373 W
Thu Sep  4 21:11:16 IDT 2025, 352 W
Thu Sep  4 21:11:16 IDT 2025, 356 W
Thu Sep  4 21:11:16 IDT 2025, 345 W
Thu Sep  4 21:11:16 IDT 2025, 363 W
Thu Sep  4 21:11:17 IDT 2025, 349 W
Thu Sep  4 21:11:17 IDT 2025, 349 W
Thu Sep  4 21:11:17 IDT 2025, 348 W
Thu Sep  4 21:11:17 IDT 2025, 363 W
Thu Sep  4 21:11:18 IDT 2025, 348 W
Thu Sep  4 21:11:18 IDT 2025, 347 W
Thu Sep  4 21:11:18 IDT 2025, 342 W
Thu Sep  4 21:11:18 IDT 2025, 345 W
Thu Sep  4 21:11:19 IDT 2025, 346 W
Thu Sep  4 21:11:19 IDT 2025, 345 W
Thu Sep  4 21:11:19 IDT 2025, 345 W
Thu Sep  4 21:11:19 IDT 2025, 338 W
Thu Sep  4 21:11:20 IDT 2025, 353 W
Thu Sep  4 21:11:20 IDT 2025, 354 W
Thu Sep  4 21:11:20 IDT 2025, 348 W
Thu Sep  4 21:11:20 IDT 2025, 370 W
Thu Sep  4 21:11:21 IDT 2025, 353 W
Thu Sep  4 21:11:21 IDT 2025, 346 W
Thu Sep  4 21:11:21 IDT 2025, 339 W
Thu Sep  4 21:11:21 IDT 2025, 361 W
Thu Sep  4 21:11:22 IDT 2025, 349 W
Thu Sep  4 21:11:22 IDT 2025, 347 W
Thu Sep  4 21:11:22 IDT 2025, 338 W
Thu Sep  4 21:11:22 IDT 2025, 354 W
Thu Sep  4 21:11:23 IDT 2025, 346 W
Thu Sep  4 21:11:23 IDT 2025, 351 W
Thu Sep  4 21:11:23 IDT 2025, 343 W
Thu Sep  4 21:11:23 IDT 2025, 358 W
Thu Sep  4 21:11:24 IDT 2025, 344 W
Thu Sep  4 21:11:24 IDT 2025, 343 W
Thu Sep  4 21:11:24 IDT 2025, 344 W
Thu Sep  4 21:11:24 IDT 2025, 351 W
Thu Sep  4 21:11:25 IDT 2025, 348 W
Thu Sep  4 21:11:25 IDT 2025, 352 W
Thu Sep  4 21:11:25 IDT 2025, 344 W
Thu Sep  4 21:11:25 IDT 2025, 357 W
Thu Sep  4 21:11:26 IDT 2025, 351 W
Thu Sep  4 21:11:26 IDT 2025, 351 W
Thu Sep  4 21:11:26 IDT 2025, 342 W
Thu Sep  4 21:11:26 IDT 2025, 354 W
Thu Sep  4 21:11:27 IDT 2025, 356 W
Thu Sep  4 21:11:27 IDT 2025, 358 W
Thu Sep  4 21:11:27 IDT 2025, 354 W
Thu Sep  4 21:11:27 IDT 2025, 376 W
Thu Sep  4 21:11:28 IDT 2025, 360 W
Thu Sep  4 21:11:28 IDT 2025, 358 W
Thu Sep  4 21:11:28 IDT 2025, 356 W
Thu Sep  4 21:11:28 IDT 2025, 377 W
Thu Sep  4 21:11:29 IDT 2025, 357 W
Thu Sep  4 21:11:29 IDT 2025, 356 W
Thu Sep  4 21:11:29 IDT 2025, 351 W
Thu Sep  4 21:11:29 IDT 2025, 375 W
Thu Sep  4 21:11:30 IDT 2025, 344 W
Thu Sep  4 21:11:30 IDT 2025, 350 W
Thu Sep  4 21:11:30 IDT 2025, 346 W
Thu Sep  4 21:11:30 IDT 2025, 329 W
Thu Sep  4 21:11:31 IDT 2025, 340 W
Thu Sep  4 21:11:31 IDT 2025, 348 W
Thu Sep  4 21:11:31 IDT 2025, 343 W
Thu Sep  4 21:11:31 IDT 2025, 360 W
Thu Sep  4 21:11:32 IDT 2025, 342 W
Thu Sep  4 21:11:32 IDT 2025, 353 W
Thu Sep  4 21:11:32 IDT 2025, 348 W
Thu Sep  4 21:11:32 IDT 2025, 365 W
Thu Sep  4 21:11:33 IDT 2025, 329 W
Thu Sep  4 21:11:33 IDT 2025, 330 W
Thu Sep  4 21:11:33 IDT 2025, 330 W
Thu Sep  4 21:11:33 IDT 2025, 316 W
Thu Sep  4 21:11:34 IDT 2025, 353 W
Thu Sep  4 21:11:34 IDT 2025, 360 W
Thu Sep  4 21:11:34 IDT 2025, 354 W
Thu Sep  4 21:11:34 IDT 2025, 377 W
Thu Sep  4 21:11:35 IDT 2025, 355 W
Thu Sep  4 21:11:35 IDT 2025, 357 W
Thu Sep  4 21:11:35 IDT 2025, 349 W
Thu Sep  4 21:11:35 IDT 2025, 375 W
Thu Sep  4 21:11:36 IDT 2025, 364 W
Thu Sep  4 21:11:36 IDT 2025, 362 W
Thu Sep  4 21:11:36 IDT 2025, 347 W
Thu Sep  4 21:11:36 IDT 2025, 375 W
Thu Sep  4 21:11:37 IDT 2025, 364 W
Thu Sep  4 21:11:37 IDT 2025, 369 W
Thu Sep  4 21:11:37 IDT 2025, 354 W
Thu Sep  4 21:11:37 IDT 2025, 386 W
Thu Sep  4 21:11:38 IDT 2025, 359 W
Thu Sep  4 21:11:38 IDT 2025, 360 W
Thu Sep  4 21:11:38 IDT 2025, 353 W
Thu Sep  4 21:11:38 IDT 2025, 379 W
Thu Sep  4 21:11:39 IDT 2025, 352 W
Thu Sep  4 21:11:39 IDT 2025, 347 W
Thu Sep  4 21:11:39 IDT 2025, 338 W
Thu Sep  4 21:11:39 IDT 2025, 348 W
Thu Sep  4 21:11:40 IDT 2025, 345 W
Thu Sep  4 21:11:40 IDT 2025, 349 W
Thu Sep  4 21:11:40 IDT 2025, 344 W
Thu Sep  4 21:11:40 IDT 2025, 347 W
Thu Sep  4 21:11:41 IDT 2025, 351 W
Thu Sep  4 21:11:41 IDT 2025, 345 W
Thu Sep  4 21:11:41 IDT 2025, 351 W
Thu Sep  4 21:11:41 IDT 2025, 369 W
Thu Sep  4 21:11:42 IDT 2025, 354 W
Thu Sep  4 21:11:42 IDT 2025, 353 W
Thu Sep  4 21:11:42 IDT 2025, 340 W
Thu Sep  4 21:11:42 IDT 2025, 365 W
Thu Sep  4 21:11:43 IDT 2025, 342 W
Thu Sep  4 21:11:43 IDT 2025, 343 W
Thu Sep  4 21:11:43 IDT 2025, 331 W
Thu Sep  4 21:11:43 IDT 2025, 312 W
Thu Sep  4 21:11:44 IDT 2025, 346 W
Thu Sep  4 21:11:44 IDT 2025, 348 W
Thu Sep  4 21:11:44 IDT 2025, 339 W
Thu Sep  4 21:11:44 IDT 2025, 356 W
Thu Sep  4 21:11:45 IDT 2025, 350 W
Thu Sep  4 21:11:45 IDT 2025, 353 W
Thu Sep  4 21:11:45 IDT 2025, 346 W
Thu Sep  4 21:11:45 IDT 2025, 356 W
Thu Sep  4 21:11:46 IDT 2025, 350 W
Thu Sep  4 21:11:46 IDT 2025, 352 W
Thu Sep  4 21:11:46 IDT 2025, 340 W
Thu Sep  4 21:11:46 IDT 2025, 358 W
Thu Sep  4 21:11:47 IDT 2025, 349 W
Thu Sep  4 21:11:47 IDT 2025, 348 W
Thu Sep  4 21:11:47 IDT 2025, 336 W
Thu Sep  4 21:11:47 IDT 2025, 356 W
Thu Sep  4 21:11:48 IDT 2025, 349 W
Thu Sep  4 21:11:48 IDT 2025, 348 W
Thu Sep  4 21:11:48 IDT 2025, 343 W
Thu Sep  4 21:11:48 IDT 2025, 360 W
Thu Sep  4 21:11:49 IDT 2025, 353 W
Thu Sep  4 21:11:49 IDT 2025, 359 W
Thu Sep  4 21:11:49 IDT 2025, 344 W
Thu Sep  4 21:11:49 IDT 2025, 377 W
Thu Sep  4 21:11:50 IDT 2025, 350 W
Thu Sep  4 21:11:50 IDT 2025, 355 W
Thu Sep  4 21:11:50 IDT 2025, 333 W
Thu Sep  4 21:11:50 IDT 2025, 371 W
Thu Sep  4 21:11:51 IDT 2025, 359 W
Thu Sep  4 21:11:51 IDT 2025, 358 W
Thu Sep  4 21:11:51 IDT 2025, 351 W
Thu Sep  4 21:11:51 IDT 2025, 375 W
Thu Sep  4 21:11:52 IDT 2025, 352 W
Thu Sep  4 21:11:52 IDT 2025, 353 W
Thu Sep  4 21:11:52 IDT 2025, 345 W
Thu Sep  4 21:11:52 IDT 2025, 369 W
Thu Sep  4 21:11:53 IDT 2025, 339 W
Thu Sep  4 21:11:53 IDT 2025, 342 W
Thu Sep  4 21:11:53 IDT 2025, 329 W
Thu Sep  4 21:11:53 IDT 2025, 309 W
Thu Sep  4 21:11:54 IDT 2025, 351 W
Thu Sep  4 21:11:54 IDT 2025, 351 W
Thu Sep  4 21:11:54 IDT 2025, 343 W
Thu Sep  4 21:11:54 IDT 2025, 358 W
Thu Sep  4 21:11:55 IDT 2025, 347 W
Thu Sep  4 21:11:55 IDT 2025, 349 W
Thu Sep  4 21:11:55 IDT 2025, 345 W
Thu Sep  4 21:11:55 IDT 2025, 364 W
Thu Sep  4 21:11:56 IDT 2025, 350 W
Thu Sep  4 21:11:56 IDT 2025, 350 W
Thu Sep  4 21:11:56 IDT 2025, 343 W
Thu Sep  4 21:11:56 IDT 2025, 368 W
Thu Sep  4 21:11:57 IDT 2025, 341 W
Thu Sep  4 21:11:57 IDT 2025, 345 W
Thu Sep  4 21:11:57 IDT 2025, 344 W
Thu Sep  4 21:11:57 IDT 2025, 347 W
Thu Sep  4 21:11:58 IDT 2025, 347 W
Thu Sep  4 21:11:58 IDT 2025, 353 W
Thu Sep  4 21:11:58 IDT 2025, 345 W
Thu Sep  4 21:11:58 IDT 2025, 347 W
Thu Sep  4 21:11:59 IDT 2025, 353 W
Thu Sep  4 21:11:59 IDT 2025, 356 W
Thu Sep  4 21:11:59 IDT 2025, 352 W
Thu Sep  4 21:11:59 IDT 2025, 373 W
Thu Sep  4 21:12:00 IDT 2025, 361 W
Thu Sep  4 21:12:00 IDT 2025, 358 W
Thu Sep  4 21:12:00 IDT 2025, 356 W
Thu Sep  4 21:12:00 IDT 2025, 380 W
Thu Sep  4 21:12:01 IDT 2025, 355 W
Thu Sep  4 21:12:01 IDT 2025, 354 W
Thu Sep  4 21:12:01 IDT 2025, 353 W
Thu Sep  4 21:12:01 IDT 2025, 375 W
Thu Sep  4 21:12:02 IDT 2025, 348 W
Thu Sep  4 21:12:02 IDT 2025, 352 W
Thu Sep  4 21:12:02 IDT 2025, 349 W
Thu Sep  4 21:12:02 IDT 2025, 362 W
Thu Sep  4 21:12:03 IDT 2025, 350 W
Thu Sep  4 21:12:03 IDT 2025, 354 W
Thu Sep  4 21:12:03 IDT 2025, 350 W
Thu Sep  4 21:12:03 IDT 2025, 368 W
Thu Sep  4 21:12:04 IDT 2025, 354 W
Thu Sep  4 21:12:04 IDT 2025, 356 W
Thu Sep  4 21:12:04 IDT 2025, 354 W
Thu Sep  4 21:12:04 IDT 2025, 373 W
Thu Sep  4 21:12:05 IDT 2025, 354 W
Thu Sep  4 21:12:05 IDT 2025, 357 W
Thu Sep  4 21:12:05 IDT 2025, 350 W
Thu Sep  4 21:12:05 IDT 2025, 375 W
Thu Sep  4 21:12:06 IDT 2025, 352 W
Thu Sep  4 21:12:06 IDT 2025, 356 W
Thu Sep  4 21:12:06 IDT 2025, 352 W
Thu Sep  4 21:12:06 IDT 2025, 370 W
Thu Sep  4 21:12:07 IDT 2025, 338 W
Thu Sep  4 21:12:07 IDT 2025, 343 W
Thu Sep  4 21:12:07 IDT 2025, 334 W
Thu Sep  4 21:12:07 IDT 2025, 342 W
Thu Sep  4 21:12:08 IDT 2025, 351 W
Thu Sep  4 21:12:08 IDT 2025, 356 W
Thu Sep  4 21:12:08 IDT 2025, 348 W
Thu Sep  4 21:12:08 IDT 2025, 367 W
Thu Sep  4 21:12:09 IDT 2025, 356 W
Thu Sep  4 21:12:09 IDT 2025, 357 W
Thu Sep  4 21:12:09 IDT 2025, 348 W
Thu Sep  4 21:12:09 IDT 2025, 369 W
Thu Sep  4 21:12:10 IDT 2025, 357 W
Thu Sep  4 21:12:10 IDT 2025, 359 W
Thu Sep  4 21:12:10 IDT 2025, 349 W
Thu Sep  4 21:12:10 IDT 2025, 368 W
Thu Sep  4 21:12:11 IDT 2025, 354 W
Thu Sep  4 21:12:11 IDT 2025, 357 W
Thu Sep  4 21:12:11 IDT 2025, 353 W
Thu Sep  4 21:12:11 IDT 2025, 374 W
Thu Sep  4 21:12:12 IDT 2025, 355 W
Thu Sep  4 21:12:12 IDT 2025, 356 W
Thu Sep  4 21:12:12 IDT 2025, 355 W
Thu Sep  4 21:12:12 IDT 2025, 375 W
Thu Sep  4 21:12:13 IDT 2025, 348 W
Thu Sep  4 21:12:13 IDT 2025, 354 W
Thu Sep  4 21:12:13 IDT 2025, 349 W
Thu Sep  4 21:12:13 IDT 2025, 366 W
Thu Sep  4 21:12:14 IDT 2025, 357 W
Thu Sep  4 21:12:14 IDT 2025, 359 W
Thu Sep  4 21:12:14 IDT 2025, 347 W
Thu Sep  4 21:12:14 IDT 2025, 367 W
Thu Sep  4 21:12:15 IDT 2025, 360 W
Thu Sep  4 21:12:15 IDT 2025, 359 W
Thu Sep  4 21:12:15 IDT 2025, 356 W
Thu Sep  4 21:12:15 IDT 2025, 377 W
Thu Sep  4 21:12:16 IDT 2025, 348 W
Thu Sep  4 21:12:16 IDT 2025, 355 W
Thu Sep  4 21:12:16 IDT 2025, 349 W
Thu Sep  4 21:12:16 IDT 2025, 366 W
Thu Sep  4 21:12:17 IDT 2025, 349 W
Thu Sep  4 21:12:17 IDT 2025, 347 W
Thu Sep  4 21:12:17 IDT 2025, 341 W
Thu Sep  4 21:12:17 IDT 2025, 360 W
Thu Sep  4 21:12:18 IDT 2025, 341 W
Thu Sep  4 21:12:18 IDT 2025, 363 W
Thu Sep  4 21:12:18 IDT 2025, 364 W
Thu Sep  4 21:12:18 IDT 2025, 383 W
Thu Sep  4 21:12:19 IDT 2025, 351 W
Thu Sep  4 21:12:19 IDT 2025, 343 W
Thu Sep  4 21:12:19 IDT 2025, 343 W
Thu Sep  4 21:12:19 IDT 2025, 360 W
Thu Sep  4 21:12:20 IDT 2025, 355 W
Thu Sep  4 21:12:20 IDT 2025, 352 W
Thu Sep  4 21:12:20 IDT 2025, 352 W
Thu Sep  4 21:12:20 IDT 2025, 371 W
Thu Sep  4 21:12:21 IDT 2025, 358 W
Thu Sep  4 21:12:21 IDT 2025, 357 W
Thu Sep  4 21:12:21 IDT 2025, 345 W
Thu Sep  4 21:12:21 IDT 2025, 367 W
Thu Sep  4 21:12:22 IDT 2025, 351 W
Thu Sep  4 21:12:22 IDT 2025, 349 W
Thu Sep  4 21:12:22 IDT 2025, 348 W
Thu Sep  4 21:12:22 IDT 2025, 343 W
Thu Sep  4 21:12:23 IDT 2025, 352 W
Thu Sep  4 21:12:23 IDT 2025, 345 W
Thu Sep  4 21:12:23 IDT 2025, 341 W
Thu Sep  4 21:12:23 IDT 2025, 342 W
Thu Sep  4 21:12:24 IDT 2025, 359 W
Thu Sep  4 21:12:24 IDT 2025, 356 W
Thu Sep  4 21:12:24 IDT 2025, 350 W
Thu Sep  4 21:12:24 IDT 2025, 371 W
Thu Sep  4 21:12:25 IDT 2025, 351 W
Thu Sep  4 21:12:25 IDT 2025, 355 W
Thu Sep  4 21:12:25 IDT 2025, 351 W
Thu Sep  4 21:12:25 IDT 2025, 372 W
Thu Sep  4 21:12:26 IDT 2025, 352 W
Thu Sep  4 21:12:26 IDT 2025, 358 W
Thu Sep  4 21:12:26 IDT 2025, 351 W
Thu Sep  4 21:12:26 IDT 2025, 370 W
Thu Sep  4 21:12:27 IDT 2025, 354 W
Thu Sep  4 21:12:27 IDT 2025, 358 W
Thu Sep  4 21:12:27 IDT 2025, 350 W
Thu Sep  4 21:12:27 IDT 2025, 371 W
Thu Sep  4 21:12:28 IDT 2025, 353 W
Thu Sep  4 21:12:28 IDT 2025, 350 W
Thu Sep  4 21:12:28 IDT 2025, 339 W
Thu Sep  4 21:12:28 IDT 2025, 329 W
Thu Sep  4 21:12:29 IDT 2025, 351 W
Thu Sep  4 21:12:29 IDT 2025, 349 W
Thu Sep  4 21:12:29 IDT 2025, 338 W
Thu Sep  4 21:12:29 IDT 2025, 330 W
Thu Sep  4 21:12:30 IDT 2025, 347 W
Thu Sep  4 21:12:30 IDT 2025, 352 W
Thu Sep  4 21:12:30 IDT 2025, 345 W
Thu Sep  4 21:12:30 IDT 2025, 361 W
Thu Sep  4 21:12:31 IDT 2025, 350 W
Thu Sep  4 21:12:31 IDT 2025, 347 W
Thu Sep  4 21:12:31 IDT 2025, 343 W
Thu Sep  4 21:12:31 IDT 2025, 336 W
Thu Sep  4 21:12:32 IDT 2025, 349 W
Thu Sep  4 21:12:32 IDT 2025, 349 W
Thu Sep  4 21:12:32 IDT 2025, 342 W
Thu Sep  4 21:12:32 IDT 2025, 331 W
Thu Sep  4 21:12:33 IDT 2025, 350 W
Thu Sep  4 21:12:33 IDT 2025, 349 W
Thu Sep  4 21:12:33 IDT 2025, 344 W
Thu Sep  4 21:12:33 IDT 2025, 335 W
Thu Sep  4 21:12:34 IDT 2025, 347 W
Thu Sep  4 21:12:34 IDT 2025, 355 W
Thu Sep  4 21:12:34 IDT 2025, 347 W
Thu Sep  4 21:12:34 IDT 2025, 359 W
Thu Sep  4 21:12:35 IDT 2025, 347 W
Thu Sep  4 21:12:35 IDT 2025, 354 W
Thu Sep  4 21:12:35 IDT 2025, 346 W
Thu Sep  4 21:12:35 IDT 2025, 363 W
Thu Sep  4 21:12:36 IDT 2025, 352 W
Thu Sep  4 21:12:36 IDT 2025, 347 W
Thu Sep  4 21:12:36 IDT 2025, 341 W
Thu Sep  4 21:12:36 IDT 2025, 357 W
Thu Sep  4 21:12:37 IDT 2025, 351 W
Thu Sep  4 21:12:37 IDT 2025, 357 W
Thu Sep  4 21:12:37 IDT 2025, 355 W
Thu Sep  4 21:12:37 IDT 2025, 374 W
Thu Sep  4 21:12:38 IDT 2025, 349 W
Thu Sep  4 21:12:38 IDT 2025, 352 W
Thu Sep  4 21:12:38 IDT 2025, 345 W
Thu Sep  4 21:12:38 IDT 2025, 361 W
Thu Sep  4 21:12:39 IDT 2025, 353 W
Thu Sep  4 21:12:39 IDT 2025, 350 W
Thu Sep  4 21:12:39 IDT 2025, 341 W
Thu Sep  4 21:12:39 IDT 2025, 355 W
Thu Sep  4 21:12:40 IDT 2025, 357 W
Thu Sep  4 21:12:40 IDT 2025, 359 W
Thu Sep  4 21:12:40 IDT 2025, 359 W
Thu Sep  4 21:12:40 IDT 2025, 379 W
Thu Sep  4 21:12:41 IDT 2025, 363 W
Thu Sep  4 21:12:41 IDT 2025, 350 W
Thu Sep  4 21:12:41 IDT 2025, 358 W
Thu Sep  4 21:12:41 IDT 2025, 384 W
Thu Sep  4 21:12:42 IDT 2025, 361 W
Thu Sep  4 21:12:42 IDT 2025, 350 W
Thu Sep  4 21:12:42 IDT 2025, 355 W
Thu Sep  4 21:12:42 IDT 2025, 376 W
Thu Sep  4 21:12:43 IDT 2025, 362 W
Thu Sep  4 21:12:43 IDT 2025, 360 W
Thu Sep  4 21:12:43 IDT 2025, 354 W
Thu Sep  4 21:12:43 IDT 2025, 381 W
Thu Sep  4 21:12:44 IDT 2025, 349 W
Thu Sep  4 21:12:44 IDT 2025, 347 W
Thu Sep  4 21:12:44 IDT 2025, 341 W
Thu Sep  4 21:12:44 IDT 2025, 359 W
Thu Sep  4 21:12:45 IDT 2025, 342 W
Thu Sep  4 21:12:45 IDT 2025, 353 W
Thu Sep  4 21:12:45 IDT 2025, 342 W
Thu Sep  4 21:12:45 IDT 2025, 356 W
Thu Sep  4 21:12:46 IDT 2025, 357 W
Thu Sep  4 21:12:46 IDT 2025, 359 W
Thu Sep  4 21:12:46 IDT 2025, 353 W
Thu Sep  4 21:12:46 IDT 2025, 377 W
Thu Sep  4 21:12:47 IDT 2025, 355 W
Thu Sep  4 21:12:47 IDT 2025, 355 W
Thu Sep  4 21:12:47 IDT 2025, 350 W
Thu Sep  4 21:12:47 IDT 2025, 375 W
Thu Sep  4 21:12:48 IDT 2025, 354 W
Thu Sep  4 21:12:48 IDT 2025, 351 W
Thu Sep  4 21:12:48 IDT 2025, 347 W
Thu Sep  4 21:12:48 IDT 2025, 372 W
Thu Sep  4 21:12:49 IDT 2025, 360 W
Thu Sep  4 21:12:49 IDT 2025, 352 W
Thu Sep  4 21:12:49 IDT 2025, 345 W
Thu Sep  4 21:12:49 IDT 2025, 372 W
Thu Sep  4 21:12:50 IDT 2025, 361 W
Thu Sep  4 21:12:50 IDT 2025, 355 W
Thu Sep  4 21:12:50 IDT 2025, 348 W
Thu Sep  4 21:12:50 IDT 2025, 374 W
Thu Sep  4 21:12:51 IDT 2025, 359 W
Thu Sep  4 21:12:51 IDT 2025, 349 W
Thu Sep  4 21:12:51 IDT 2025, 350 W
Thu Sep  4 21:12:51 IDT 2025, 373 W
Thu Sep  4 21:12:52 IDT 2025, 353 W
Thu Sep  4 21:12:52 IDT 2025, 356 W
Thu Sep  4 21:12:52 IDT 2025, 350 W
Thu Sep  4 21:12:52 IDT 2025, 370 W
Thu Sep  4 21:12:53 IDT 2025, 360 W
Thu Sep  4 21:12:53 IDT 2025, 354 W
Thu Sep  4 21:12:53 IDT 2025, 353 W
Thu Sep  4 21:12:53 IDT 2025, 376 W
Thu Sep  4 21:12:54 IDT 2025, 367 W
Thu Sep  4 21:12:54 IDT 2025, 363 W
Thu Sep  4 21:12:54 IDT 2025, 331 W
Thu Sep  4 21:12:54 IDT 2025, 383 W
Thu Sep  4 21:12:55 IDT 2025, 355 W
Thu Sep  4 21:12:55 IDT 2025, 356 W
Thu Sep  4 21:12:55 IDT 2025, 354 W
Thu Sep  4 21:12:55 IDT 2025, 375 W
Thu Sep  4 21:12:56 IDT 2025, 356 W
Thu Sep  4 21:12:56 IDT 2025, 356 W
Thu Sep  4 21:12:56 IDT 2025, 352 W
Thu Sep  4 21:12:56 IDT 2025, 373 W
Thu Sep  4 21:12:57 IDT 2025, 354 W
Thu Sep  4 21:12:57 IDT 2025, 351 W
Thu Sep  4 21:12:57 IDT 2025, 351 W
Thu Sep  4 21:12:57 IDT 2025, 372 W
Thu Sep  4 21:12:58 IDT 2025, 356 W
Thu Sep  4 21:12:58 IDT 2025, 350 W
Thu Sep  4 21:12:58 IDT 2025, 349 W
Thu Sep  4 21:12:58 IDT 2025, 371 W
Thu Sep  4 21:12:59 IDT 2025, 352 W
Thu Sep  4 21:12:59 IDT 2025, 351 W
Thu Sep  4 21:12:59 IDT 2025, 346 W
Thu Sep  4 21:12:59 IDT 2025, 368 W
Thu Sep  4 21:13:00 IDT 2025, 347 W
Thu Sep  4 21:13:00 IDT 2025, 351 W
Thu Sep  4 21:13:00 IDT 2025, 345 W
Thu Sep  4 21:13:00 IDT 2025, 347 W
Thu Sep  4 21:13:01 IDT 2025, 348 W
Thu Sep  4 21:13:01 IDT 2025, 351 W
Thu Sep  4 21:13:01 IDT 2025, 344 W
Thu Sep  4 21:13:01 IDT 2025, 344 W
Thu Sep  4 21:13:02 IDT 2025, 349 W
Thu Sep  4 21:13:02 IDT 2025, 347 W
Thu Sep  4 21:13:02 IDT 2025, 339 W
Thu Sep  4 21:13:02 IDT 2025, 345 W
Thu Sep  4 21:13:03 IDT 2025, 358 W
Thu Sep  4 21:13:03 IDT 2025, 359 W
Thu Sep  4 21:13:03 IDT 2025, 350 W
Thu Sep  4 21:13:03 IDT 2025, 376 W
Thu Sep  4 21:13:04 IDT 2025, 355 W
Thu Sep  4 21:13:04 IDT 2025, 363 W
Thu Sep  4 21:13:04 IDT 2025, 358 W
Thu Sep  4 21:13:04 IDT 2025, 380 W
Thu Sep  4 21:13:05 IDT 2025, 361 W
Thu Sep  4 21:13:05 IDT 2025, 362 W
Thu Sep  4 21:13:05 IDT 2025, 355 W
Thu Sep  4 21:13:05 IDT 2025, 372 W
Thu Sep  4 21:13:06 IDT 2025, 355 W
Thu Sep  4 21:13:06 IDT 2025, 362 W
Thu Sep  4 21:13:06 IDT 2025, 352 W
Thu Sep  4 21:13:06 IDT 2025, 375 W
Thu Sep  4 21:13:07 IDT 2025, 363 W
Thu Sep  4 21:13:07 IDT 2025, 361 W
Thu Sep  4 21:13:07 IDT 2025, 355 W
Thu Sep  4 21:13:07 IDT 2025, 378 W
Thu Sep  4 21:13:08 IDT 2025, 361 W
Thu Sep  4 21:13:08 IDT 2025, 357 W
Thu Sep  4 21:13:08 IDT 2025, 355 W
Thu Sep  4 21:13:08 IDT 2025, 378 W
Thu Sep  4 21:13:09 IDT 2025, 358 W
Thu Sep  4 21:13:09 IDT 2025, 358 W
Thu Sep  4 21:13:09 IDT 2025, 350 W
Thu Sep  4 21:13:09 IDT 2025, 371 W
Thu Sep  4 21:13:10 IDT 2025, 336 W
Thu Sep  4 21:13:10 IDT 2025, 341 W
Thu Sep  4 21:13:10 IDT 2025, 331 W
Thu Sep  4 21:13:10 IDT 2025, 311 W
Thu Sep  4 21:13:11 IDT 2025, 357 W
Thu Sep  4 21:13:11 IDT 2025, 357 W
Thu Sep  4 21:13:11 IDT 2025, 353 W
Thu Sep  4 21:13:11 IDT 2025, 373 W
Thu Sep  4 21:13:12 IDT 2025, 349 W
Thu Sep  4 21:13:12 IDT 2025, 350 W
Thu Sep  4 21:13:12 IDT 2025, 342 W
Thu Sep  4 21:13:12 IDT 2025, 360 W
Thu Sep  4 21:13:13 IDT 2025, 349 W
Thu Sep  4 21:13:13 IDT 2025, 350 W
Thu Sep  4 21:13:13 IDT 2025, 341 W
Thu Sep  4 21:13:13 IDT 2025, 356 W
Thu Sep  4 21:13:14 IDT 2025, 360 W
Thu Sep  4 21:13:14 IDT 2025, 364 W
Thu Sep  4 21:13:14 IDT 2025, 352 W
Thu Sep  4 21:13:14 IDT 2025, 377 W
Thu Sep  4 21:13:15 IDT 2025, 352 W
Thu Sep  4 21:13:15 IDT 2025, 348 W
Thu Sep  4 21:13:15 IDT 2025, 340 W
Thu Sep  4 21:13:15 IDT 2025, 357 W
Thu Sep  4 21:13:16 IDT 2025, 355 W
Thu Sep  4 21:13:16 IDT 2025, 353 W
Thu Sep  4 21:13:16 IDT 2025, 350 W
Thu Sep  4 21:13:16 IDT 2025, 370 W
Thu Sep  4 21:13:17 IDT 2025, 352 W
Thu Sep  4 21:13:17 IDT 2025, 344 W
Thu Sep  4 21:13:17 IDT 2025, 346 W
Thu Sep  4 21:13:17 IDT 2025, 364 W
Thu Sep  4 21:13:18 IDT 2025, 342 W
Thu Sep  4 21:13:18 IDT 2025, 347 W
Thu Sep  4 21:13:18 IDT 2025, 347 W
Thu Sep  4 21:13:18 IDT 2025, 360 W
Thu Sep  4 21:13:19 IDT 2025, 354 W
Thu Sep  4 21:13:19 IDT 2025, 350 W
Thu Sep  4 21:13:19 IDT 2025, 347 W
Thu Sep  4 21:13:19 IDT 2025, 366 W
Thu Sep  4 21:13:20 IDT 2025, 347 W
Thu Sep  4 21:13:20 IDT 2025, 353 W
Thu Sep  4 21:13:20 IDT 2025, 346 W
Thu Sep  4 21:13:20 IDT 2025, 361 W
Thu Sep  4 21:13:21 IDT 2025, 345 W
Thu Sep  4 21:13:21 IDT 2025, 352 W
Thu Sep  4 21:13:21 IDT 2025, 344 W
Thu Sep  4 21:13:21 IDT 2025, 360 W
Thu Sep  4 21:13:22 IDT 2025, 376 W
Thu Sep  4 21:13:22 IDT 2025, 380 W
Thu Sep  4 21:13:22 IDT 2025, 327 W
Thu Sep  4 21:13:22 IDT 2025, 388 W
Thu Sep  4 21:13:23 IDT 2025, 340 W
Thu Sep  4 21:13:23 IDT 2025, 352 W
Thu Sep  4 21:13:23 IDT 2025, 343 W
Thu Sep  4 21:13:23 IDT 2025, 355 W
Thu Sep  4 21:13:24 IDT 2025, 356 W
Thu Sep  4 21:13:24 IDT 2025, 363 W
Thu Sep  4 21:13:24 IDT 2025, 339 W
Thu Sep  4 21:13:24 IDT 2025, 370 W
Thu Sep  4 21:13:25 IDT 2025, 355 W
Thu Sep  4 21:13:25 IDT 2025, 354 W
Thu Sep  4 21:13:25 IDT 2025, 347 W
Thu Sep  4 21:13:25 IDT 2025, 367 W
Thu Sep  4 21:13:26 IDT 2025, 346 W
Thu Sep  4 21:13:26 IDT 2025, 346 W
Thu Sep  4 21:13:26 IDT 2025, 338 W
Thu Sep  4 21:13:26 IDT 2025, 355 W
Thu Sep  4 21:13:27 IDT 2025, 353 W
Thu Sep  4 21:13:27 IDT 2025, 355 W
Thu Sep  4 21:13:27 IDT 2025, 352 W
Thu Sep  4 21:13:27 IDT 2025, 372 W
Thu Sep  4 21:13:28 IDT 2025, 355 W
Thu Sep  4 21:13:28 IDT 2025, 362 W
Thu Sep  4 21:13:28 IDT 2025, 352 W
Thu Sep  4 21:13:28 IDT 2025, 373 W
Thu Sep  4 21:13:29 IDT 2025, 353 W
Thu Sep  4 21:13:29 IDT 2025, 357 W
Thu Sep  4 21:13:29 IDT 2025, 353 W
Thu Sep  4 21:13:29 IDT 2025, 374 W
Thu Sep  4 21:13:30 IDT 2025, 359 W
Thu Sep  4 21:13:30 IDT 2025, 362 W
Thu Sep  4 21:13:30 IDT 2025, 352 W
Thu Sep  4 21:13:30 IDT 2025, 375 W
Thu Sep  4 21:13:31 IDT 2025, 361 W
Thu Sep  4 21:13:31 IDT 2025, 362 W
Thu Sep  4 21:13:31 IDT 2025, 354 W
Thu Sep  4 21:13:31 IDT 2025, 375 W
Thu Sep  4 21:13:32 IDT 2025, 358 W
Thu Sep  4 21:13:32 IDT 2025, 359 W
Thu Sep  4 21:13:32 IDT 2025, 355 W
Thu Sep  4 21:13:32 IDT 2025, 374 W
Thu Sep  4 21:13:33 IDT 2025, 357 W
Thu Sep  4 21:13:33 IDT 2025, 359 W
Thu Sep  4 21:13:33 IDT 2025, 346 W
Thu Sep  4 21:13:33 IDT 2025, 371 W
Thu Sep  4 21:13:34 IDT 2025, 356 W
Thu Sep  4 21:13:34 IDT 2025, 359 W
Thu Sep  4 21:13:34 IDT 2025, 344 W
Thu Sep  4 21:13:34 IDT 2025, 369 W
Thu Sep  4 21:13:35 IDT 2025, 358 W
Thu Sep  4 21:13:35 IDT 2025, 356 W
Thu Sep  4 21:13:35 IDT 2025, 353 W
Thu Sep  4 21:13:35 IDT 2025, 376 W
Thu Sep  4 21:13:36 IDT 2025, 346 W
Thu Sep  4 21:13:36 IDT 2025, 344 W
Thu Sep  4 21:13:36 IDT 2025, 340 W
Thu Sep  4 21:13:36 IDT 2025, 333 W
Thu Sep  4 21:13:37 IDT 2025, 355 W
Thu Sep  4 21:13:37 IDT 2025, 355 W
Thu Sep  4 21:13:37 IDT 2025, 349 W
Thu Sep  4 21:13:37 IDT 2025, 368 W
Thu Sep  4 21:13:38 IDT 2025, 358 W
Thu Sep  4 21:13:38 IDT 2025, 355 W
Thu Sep  4 21:13:38 IDT 2025, 349 W
Thu Sep  4 21:13:38 IDT 2025, 373 W
Thu Sep  4 21:13:39 IDT 2025, 356 W
Thu Sep  4 21:13:39 IDT 2025, 354 W
Thu Sep  4 21:13:39 IDT 2025, 350 W
Thu Sep  4 21:13:39 IDT 2025, 372 W
Thu Sep  4 21:13:40 IDT 2025, 350 W
Thu Sep  4 21:13:40 IDT 2025, 350 W
Thu Sep  4 21:13:40 IDT 2025, 351 W
Thu Sep  4 21:13:40 IDT 2025, 371 W
Thu Sep  4 21:13:41 IDT 2025, 347 W
Thu Sep  4 21:13:41 IDT 2025, 350 W
Thu Sep  4 21:13:41 IDT 2025, 342 W
Thu Sep  4 21:13:41 IDT 2025, 359 W
Thu Sep  4 21:13:42 IDT 2025, 345 W
Thu Sep  4 21:13:42 IDT 2025, 352 W
Thu Sep  4 21:13:42 IDT 2025, 346 W
Thu Sep  4 21:13:42 IDT 2025, 362 W
Thu Sep  4 21:13:43 IDT 2025, 354 W
Thu Sep  4 21:13:43 IDT 2025, 352 W
Thu Sep  4 21:13:43 IDT 2025, 349 W
Thu Sep  4 21:13:43 IDT 2025, 367 W
Thu Sep  4 21:13:44 IDT 2025, 361 W
Thu Sep  4 21:13:44 IDT 2025, 363 W
Thu Sep  4 21:13:44 IDT 2025, 354 W
Thu Sep  4 21:13:44 IDT 2025, 377 W
Thu Sep  4 21:13:45 IDT 2025, 356 W
Thu Sep  4 21:13:45 IDT 2025, 360 W
Thu Sep  4 21:13:45 IDT 2025, 350 W
Thu Sep  4 21:13:45 IDT 2025, 370 W
Thu Sep  4 21:13:46 IDT 2025, 356 W
Thu Sep  4 21:13:46 IDT 2025, 356 W
Thu Sep  4 21:13:46 IDT 2025, 352 W
Thu Sep  4 21:13:46 IDT 2025, 373 W
Thu Sep  4 21:13:47 IDT 2025, 359 W
Thu Sep  4 21:13:47 IDT 2025, 356 W
Thu Sep  4 21:13:47 IDT 2025, 351 W
Thu Sep  4 21:13:47 IDT 2025, 371 W
Thu Sep  4 21:13:48 IDT 2025, 351 W
Thu Sep  4 21:13:48 IDT 2025, 351 W
Thu Sep  4 21:13:48 IDT 2025, 350 W
Thu Sep  4 21:13:48 IDT 2025, 370 W
Thu Sep  4 21:13:49 IDT 2025, 355 W
Thu Sep  4 21:13:49 IDT 2025, 352 W
Thu Sep  4 21:13:49 IDT 2025, 349 W
Thu Sep  4 21:13:49 IDT 2025, 366 W
Thu Sep  4 21:13:50 IDT 2025, 350 W
Thu Sep  4 21:13:50 IDT 2025, 357 W
Thu Sep  4 21:13:50 IDT 2025, 351 W
Thu Sep  4 21:13:50 IDT 2025, 372 W
Thu Sep  4 21:13:51 IDT 2025, 353 W
Thu Sep  4 21:13:51 IDT 2025, 360 W
Thu Sep  4 21:13:51 IDT 2025, 354 W
Thu Sep  4 21:13:51 IDT 2025, 375 W
Thu Sep  4 21:13:52 IDT 2025, 358 W
Thu Sep  4 21:13:52 IDT 2025, 358 W
Thu Sep  4 21:13:52 IDT 2025, 358 W
Thu Sep  4 21:13:52 IDT 2025, 378 W
Thu Sep  4 21:13:53 IDT 2025, 358 W
Thu Sep  4 21:13:53 IDT 2025, 358 W
Thu Sep  4 21:13:53 IDT 2025, 355 W
Thu Sep  4 21:13:53 IDT 2025, 376 W
Thu Sep  4 21:13:54 IDT 2025, 357 W
Thu Sep  4 21:13:54 IDT 2025, 353 W
Thu Sep  4 21:13:54 IDT 2025, 355 W
Thu Sep  4 21:13:54 IDT 2025, 375 W
Thu Sep  4 21:13:55 IDT 2025, 351 W
Thu Sep  4 21:13:55 IDT 2025, 356 W
Thu Sep  4 21:13:55 IDT 2025, 345 W
Thu Sep  4 21:13:55 IDT 2025, 366 W
Thu Sep  4 21:13:56 IDT 2025, 353 W
Thu Sep  4 21:13:56 IDT 2025, 350 W
Thu Sep  4 21:13:56 IDT 2025, 346 W
Thu Sep  4 21:13:56 IDT 2025, 364 W
Thu Sep  4 21:13:57 IDT 2025, 349 W
Thu Sep  4 21:13:57 IDT 2025, 355 W
Thu Sep  4 21:13:57 IDT 2025, 348 W
Thu Sep  4 21:13:57 IDT 2025, 364 W
Thu Sep  4 21:13:58 IDT 2025, 353 W
Thu Sep  4 21:13:58 IDT 2025, 361 W
Thu Sep  4 21:13:58 IDT 2025, 350 W
Thu Sep  4 21:13:58 IDT 2025, 375 W
Thu Sep  4 21:13:59 IDT 2025, 353 W
Thu Sep  4 21:13:59 IDT 2025, 355 W
Thu Sep  4 21:13:59 IDT 2025, 351 W
Thu Sep  4 21:13:59 IDT 2025, 371 W
Thu Sep  4 21:14:00 IDT 2025, 346 W
Thu Sep  4 21:14:00 IDT 2025, 355 W
Thu Sep  4 21:14:00 IDT 2025, 351 W
Thu Sep  4 21:14:00 IDT 2025, 370 W
Thu Sep  4 21:14:01 IDT 2025, 361 W
Thu Sep  4 21:14:01 IDT 2025, 345 W
Thu Sep  4 21:14:01 IDT 2025, 353 W
Thu Sep  4 21:14:01 IDT 2025, 373 W
Thu Sep  4 21:14:02 IDT 2025, 348 W
Thu Sep  4 21:14:02 IDT 2025, 351 W
Thu Sep  4 21:14:02 IDT 2025, 349 W
Thu Sep  4 21:14:02 IDT 2025, 348 W
Thu Sep  4 21:14:03 IDT 2025, 349 W
Thu Sep  4 21:14:03 IDT 2025, 347 W
Thu Sep  4 21:14:03 IDT 2025, 340 W
Thu Sep  4 21:14:03 IDT 2025, 329 W
Thu Sep  4 21:14:04 IDT 2025, 347 W
Thu Sep  4 21:14:04 IDT 2025, 352 W
Thu Sep  4 21:14:04 IDT 2025, 344 W
Thu Sep  4 21:14:04 IDT 2025, 331 W
Thu Sep  4 21:14:05 IDT 2025, 349 W
Thu Sep  4 21:14:05 IDT 2025, 351 W
Thu Sep  4 21:14:05 IDT 2025, 341 W
Thu Sep  4 21:14:05 IDT 2025, 330 W
Thu Sep  4 21:14:06 IDT 2025, 347 W
Thu Sep  4 21:14:06 IDT 2025, 347 W
Thu Sep  4 21:14:06 IDT 2025, 342 W
Thu Sep  4 21:14:06 IDT 2025, 331 W
Thu Sep  4 21:14:07 IDT 2025, 350 W
Thu Sep  4 21:14:07 IDT 2025, 347 W
Thu Sep  4 21:14:07 IDT 2025, 340 W
Thu Sep  4 21:14:07 IDT 2025, 331 W
Thu Sep  4 21:14:08 IDT 2025, 348 W
Thu Sep  4 21:14:08 IDT 2025, 343 W
Thu Sep  4 21:14:08 IDT 2025, 339 W
Thu Sep  4 21:14:08 IDT 2025, 353 W
Thu Sep  4 21:14:09 IDT 2025, 354 W
Thu Sep  4 21:14:09 IDT 2025, 353 W
Thu Sep  4 21:14:09 IDT 2025, 353 W
Thu Sep  4 21:14:09 IDT 2025, 371 W
Thu Sep  4 21:14:10 IDT 2025, 343 W
Thu Sep  4 21:14:10 IDT 2025, 346 W
Thu Sep  4 21:14:10 IDT 2025, 342 W
Thu Sep  4 21:14:10 IDT 2025, 333 W
Thu Sep  4 21:14:11 IDT 2025, 348 W
Thu Sep  4 21:14:11 IDT 2025, 346 W
Thu Sep  4 21:14:11 IDT 2025, 341 W
Thu Sep  4 21:14:11 IDT 2025, 329 W
Thu Sep  4 21:14:12 IDT 2025, 348 W
Thu Sep  4 21:14:12 IDT 2025, 348 W
Thu Sep  4 21:14:12 IDT 2025, 336 W
Thu Sep  4 21:14:12 IDT 2025, 330 W
Thu Sep  4 21:14:13 IDT 2025, 349 W
Thu Sep  4 21:14:13 IDT 2025, 352 W
Thu Sep  4 21:14:13 IDT 2025, 348 W
Thu Sep  4 21:14:13 IDT 2025, 337 W
Thu Sep  4 21:14:14 IDT 2025, 362 W
Thu Sep  4 21:14:14 IDT 2025, 359 W
Thu Sep  4 21:14:14 IDT 2025, 354 W
Thu Sep  4 21:14:14 IDT 2025, 370 W
Thu Sep  4 21:14:15 IDT 2025, 352 W
Thu Sep  4 21:14:15 IDT 2025, 358 W
Thu Sep  4 21:14:15 IDT 2025, 353 W
Thu Sep  4 21:14:15 IDT 2025, 374 W
Thu Sep  4 21:14:16 IDT 2025, 348 W
Thu Sep  4 21:14:16 IDT 2025, 347 W
Thu Sep  4 21:14:16 IDT 2025, 343 W
Thu Sep  4 21:14:16 IDT 2025, 357 W
Thu Sep  4 21:14:17 IDT 2025, 344 W
Thu Sep  4 21:14:17 IDT 2025, 350 W
Thu Sep  4 21:14:17 IDT 2025, 342 W
Thu Sep  4 21:14:17 IDT 2025, 342 W
Thu Sep  4 21:14:18 IDT 2025, 348 W
Thu Sep  4 21:14:18 IDT 2025, 348 W
Thu Sep  4 21:14:18 IDT 2025, 342 W
Thu Sep  4 21:14:18 IDT 2025, 340 W
Thu Sep  4 21:14:19 IDT 2025, 344 W
Thu Sep  4 21:14:19 IDT 2025, 349 W
Thu Sep  4 21:14:19 IDT 2025, 344 W
Thu Sep  4 21:14:19 IDT 2025, 343 W
Thu Sep  4 21:14:20 IDT 2025, 354 W
Thu Sep  4 21:14:20 IDT 2025, 356 W
Thu Sep  4 21:14:20 IDT 2025, 351 W
Thu Sep  4 21:14:20 IDT 2025, 370 W
Thu Sep  4 21:14:21 IDT 2025, 351 W
Thu Sep  4 21:14:21 IDT 2025, 345 W
Thu Sep  4 21:14:21 IDT 2025, 346 W
Thu Sep  4 21:14:21 IDT 2025, 352 W
Thu Sep  4 21:14:22 IDT 2025, 356 W
Thu Sep  4 21:14:22 IDT 2025, 365 W
Thu Sep  4 21:14:22 IDT 2025, 353 W
Thu Sep  4 21:14:22 IDT 2025, 375 W
Thu Sep  4 21:14:23 IDT 2025, 359 W
Thu Sep  4 21:14:23 IDT 2025, 360 W
Thu Sep  4 21:14:23 IDT 2025, 354 W
Thu Sep  4 21:14:23 IDT 2025, 378 W
Thu Sep  4 21:14:24 IDT 2025, 348 W
Thu Sep  4 21:14:24 IDT 2025, 352 W
Thu Sep  4 21:14:24 IDT 2025, 345 W
Thu Sep  4 21:14:24 IDT 2025, 353 W
Thu Sep  4 21:14:25 IDT 2025, 354 W
Thu Sep  4 21:14:25 IDT 2025, 355 W
Thu Sep  4 21:14:25 IDT 2025, 349 W
Thu Sep  4 21:14:25 IDT 2025, 371 W
Thu Sep  4 21:14:26 IDT 2025, 356 W
Thu Sep  4 21:14:26 IDT 2025, 354 W
Thu Sep  4 21:14:26 IDT 2025, 348 W
Thu Sep  4 21:14:26 IDT 2025, 369 W
Thu Sep  4 21:14:27 IDT 2025, 354 W
Thu Sep  4 21:14:27 IDT 2025, 353 W
Thu Sep  4 21:14:27 IDT 2025, 348 W
Thu Sep  4 21:14:27 IDT 2025, 365 W
Thu Sep  4 21:14:28 IDT 2025, 355 W
Thu Sep  4 21:14:28 IDT 2025, 354 W
Thu Sep  4 21:14:28 IDT 2025, 348 W
Thu Sep  4 21:14:28 IDT 2025, 367 W
Thu Sep  4 21:14:29 IDT 2025, 352 W
Thu Sep  4 21:14:29 IDT 2025, 353 W
Thu Sep  4 21:14:29 IDT 2025, 343 W
Thu Sep  4 21:14:29 IDT 2025, 361 W
Thu Sep  4 21:14:30 IDT 2025, 343 W
Thu Sep  4 21:14:30 IDT 2025, 338 W
Thu Sep  4 21:14:30 IDT 2025, 330 W
Thu Sep  4 21:14:30 IDT 2025, 309 W
Thu Sep  4 21:14:31 IDT 2025, 340 W
Thu Sep  4 21:14:31 IDT 2025, 336 W
Thu Sep  4 21:14:31 IDT 2025, 328 W
Thu Sep  4 21:14:31 IDT 2025, 309 W
Thu Sep  4 21:14:32 IDT 2025, 337 W
Thu Sep  4 21:14:32 IDT 2025, 335 W
Thu Sep  4 21:14:32 IDT 2025, 335 W
Thu Sep  4 21:14:32 IDT 2025, 312 W
Thu Sep  4 21:14:33 IDT 2025, 342 W
Thu Sep  4 21:14:33 IDT 2025, 343 W
Thu Sep  4 21:14:33 IDT 2025, 332 W
Thu Sep  4 21:14:33 IDT 2025, 307 W
Thu Sep  4 21:14:34 IDT 2025, 351 W
Thu Sep  4 21:14:34 IDT 2025, 350 W
Thu Sep  4 21:14:34 IDT 2025, 342 W
Thu Sep  4 21:14:34 IDT 2025, 342 W
Thu Sep  4 21:14:35 IDT 2025, 358 W
Thu Sep  4 21:14:35 IDT 2025, 353 W
Thu Sep  4 21:14:35 IDT 2025, 353 W
Thu Sep  4 21:14:35 IDT 2025, 367 W
Thu Sep  4 21:14:36 IDT 2025, 345 W
Thu Sep  4 21:14:36 IDT 2025, 380 W
Thu Sep  4 21:14:36 IDT 2025, 369 W
Thu Sep  4 21:14:36 IDT 2025, 394 W
Thu Sep  4 21:14:37 IDT 2025, 337 W
Thu Sep  4 21:14:37 IDT 2025, 369 W
Thu Sep  4 21:14:37 IDT 2025, 365 W
Thu Sep  4 21:14:37 IDT 2025, 392 W
Thu Sep  4 21:14:38 IDT 2025, 346 W
Thu Sep  4 21:14:38 IDT 2025, 371 W
Thu Sep  4 21:14:38 IDT 2025, 368 W
Thu Sep  4 21:14:38 IDT 2025, 390 W
Thu Sep  4 21:14:39 IDT 2025, 330 W
Thu Sep  4 21:14:39 IDT 2025, 358 W
Thu Sep  4 21:14:39 IDT 2025, 350 W
Thu Sep  4 21:14:39 IDT 2025, 373 W
Thu Sep  4 21:14:40 IDT 2025, 327 W
Thu Sep  4 21:14:40 IDT 2025, 352 W
Thu Sep  4 21:14:40 IDT 2025, 345 W
Thu Sep  4 21:14:40 IDT 2025, 369 W
Thu Sep  4 21:14:41 IDT 2025, 325 W
Thu Sep  4 21:14:41 IDT 2025, 355 W
Thu Sep  4 21:14:41 IDT 2025, 348 W
Thu Sep  4 21:14:41 IDT 2025, 375 W
Thu Sep  4 21:14:42 IDT 2025, 327 W
Thu Sep  4 21:14:42 IDT 2025, 356 W
Thu Sep  4 21:14:42 IDT 2025, 350 W
Thu Sep  4 21:14:42 IDT 2025, 368 W
Thu Sep  4 21:14:43 IDT 2025, 350 W
Thu Sep  4 21:14:43 IDT 2025, 354 W
Thu Sep  4 21:14:43 IDT 2025, 346 W
Thu Sep  4 21:14:43 IDT 2025, 366 W
Thu Sep  4 21:14:44 IDT 2025, 356 W
Thu Sep  4 21:14:44 IDT 2025, 355 W
Thu Sep  4 21:14:44 IDT 2025, 355 W
Thu Sep  4 21:14:44 IDT 2025, 374 W
Thu Sep  4 21:14:45 IDT 2025, 357 W
Thu Sep  4 21:14:45 IDT 2025, 362 W
Thu Sep  4 21:14:45 IDT 2025, 364 W
Thu Sep  4 21:14:45 IDT 2025, 381 W
Thu Sep  4 21:14:46 IDT 2025, 351 W
Thu Sep  4 21:14:46 IDT 2025, 353 W
Thu Sep  4 21:14:46 IDT 2025, 346 W
Thu Sep  4 21:14:46 IDT 2025, 366 W
Thu Sep  4 21:14:47 IDT 2025, 351 W
Thu Sep  4 21:14:47 IDT 2025, 351 W
Thu Sep  4 21:14:47 IDT 2025, 347 W
Thu Sep  4 21:14:47 IDT 2025, 367 W
Thu Sep  4 21:14:48 IDT 2025, 355 W
Thu Sep  4 21:14:48 IDT 2025, 354 W
Thu Sep  4 21:14:48 IDT 2025, 352 W
Thu Sep  4 21:14:48 IDT 2025, 371 W
Thu Sep  4 21:14:49 IDT 2025, 351 W
Thu Sep  4 21:14:49 IDT 2025, 349 W
Thu Sep  4 21:14:49 IDT 2025, 347 W
Thu Sep  4 21:14:49 IDT 2025, 353 W
Thu Sep  4 21:14:50 IDT 2025, 350 W
Thu Sep  4 21:14:50 IDT 2025, 343 W
Thu Sep  4 21:14:50 IDT 2025, 341 W
Thu Sep  4 21:14:50 IDT 2025, 350 W
Thu Sep  4 21:14:51 IDT 2025, 347 W
Thu Sep  4 21:14:51 IDT 2025, 349 W
Thu Sep  4 21:14:51 IDT 2025, 343 W
Thu Sep  4 21:14:51 IDT 2025, 358 W
Thu Sep  4 21:14:52 IDT 2025, 353 W
Thu Sep  4 21:14:52 IDT 2025, 360 W
Thu Sep  4 21:14:52 IDT 2025, 350 W
Thu Sep  4 21:14:52 IDT 2025, 373 W
Thu Sep  4 21:14:53 IDT 2025, 359 W
Thu Sep  4 21:14:53 IDT 2025, 358 W
Thu Sep  4 21:14:53 IDT 2025, 355 W
Thu Sep  4 21:14:53 IDT 2025, 374 W
Thu Sep  4 21:14:54 IDT 2025, 361 W
Thu Sep  4 21:14:54 IDT 2025, 360 W
Thu Sep  4 21:14:54 IDT 2025, 356 W
Thu Sep  4 21:14:54 IDT 2025, 376 W
Thu Sep  4 21:14:55 IDT 2025, 350 W
Thu Sep  4 21:14:55 IDT 2025, 351 W
Thu Sep  4 21:14:55 IDT 2025, 340 W
Thu Sep  4 21:14:55 IDT 2025, 362 W
Thu Sep  4 21:14:56 IDT 2025, 350 W
Thu Sep  4 21:14:56 IDT 2025, 357 W
Thu Sep  4 21:14:56 IDT 2025, 345 W
Thu Sep  4 21:14:56 IDT 2025, 371 W
Thu Sep  4 21:14:57 IDT 2025, 358 W
Thu Sep  4 21:14:57 IDT 2025, 355 W
Thu Sep  4 21:14:57 IDT 2025, 344 W
Thu Sep  4 21:14:57 IDT 2025, 376 W
Thu Sep  4 21:14:58 IDT 2025, 348 W
Thu Sep  4 21:14:58 IDT 2025, 348 W
Thu Sep  4 21:14:58 IDT 2025, 345 W
Thu Sep  4 21:14:58 IDT 2025, 361 W
Thu Sep  4 21:14:59 IDT 2025, 354 W
Thu Sep  4 21:14:59 IDT 2025, 337 W
Thu Sep  4 21:14:59 IDT 2025, 349 W
Thu Sep  4 21:14:59 IDT 2025, 374 W
Thu Sep  4 21:15:00 IDT 2025, 355 W
Thu Sep  4 21:15:00 IDT 2025, 356 W
Thu Sep  4 21:15:00 IDT 2025, 353 W
Thu Sep  4 21:15:00 IDT 2025, 370 W
Thu Sep  4 21:15:01 IDT 2025, 354 W
Thu Sep  4 21:15:01 IDT 2025, 352 W
Thu Sep  4 21:15:01 IDT 2025, 348 W
Thu Sep  4 21:15:01 IDT 2025, 358 W
Thu Sep  4 21:15:02 IDT 2025, 359 W
Thu Sep  4 21:15:02 IDT 2025, 361 W
Thu Sep  4 21:15:02 IDT 2025, 352 W
Thu Sep  4 21:15:02 IDT 2025, 375 W
Thu Sep  4 21:15:03 IDT 2025, 355 W
Thu Sep  4 21:15:03 IDT 2025, 355 W
Thu Sep  4 21:15:03 IDT 2025, 351 W
Thu Sep  4 21:15:03 IDT 2025, 369 W
Thu Sep  4 21:15:04 IDT 2025, 358 W
Thu Sep  4 21:15:04 IDT 2025, 357 W
Thu Sep  4 21:15:04 IDT 2025, 354 W
Thu Sep  4 21:15:04 IDT 2025, 370 W
Thu Sep  4 21:15:05 IDT 2025, 361 W
Thu Sep  4 21:15:05 IDT 2025, 363 W
Thu Sep  4 21:15:05 IDT 2025, 354 W
Thu Sep  4 21:15:05 IDT 2025, 378 W
Thu Sep  4 21:15:06 IDT 2025, 348 W
Thu Sep  4 21:15:06 IDT 2025, 350 W
Thu Sep  4 21:15:06 IDT 2025, 344 W
Thu Sep  4 21:15:06 IDT 2025, 353 W
Thu Sep  4 21:15:07 IDT 2025, 345 W
Thu Sep  4 21:15:07 IDT 2025, 348 W
Thu Sep  4 21:15:07 IDT 2025, 340 W
Thu Sep  4 21:15:07 IDT 2025, 360 W
Thu Sep  4 21:15:08 IDT 2025, 359 W
Thu Sep  4 21:15:08 IDT 2025, 356 W
Thu Sep  4 21:15:08 IDT 2025, 358 W
Thu Sep  4 21:15:08 IDT 2025, 375 W
Thu Sep  4 21:15:09 IDT 2025, 359 W
Thu Sep  4 21:15:09 IDT 2025, 356 W
Thu Sep  4 21:15:09 IDT 2025, 357 W
Thu Sep  4 21:15:09 IDT 2025, 375 W
Thu Sep  4 21:15:10 IDT 2025, 354 W
Thu Sep  4 21:15:10 IDT 2025, 354 W
Thu Sep  4 21:15:10 IDT 2025, 351 W
Thu Sep  4 21:15:10 IDT 2025, 372 W
Thu Sep  4 21:15:11 IDT 2025, 351 W
Thu Sep  4 21:15:11 IDT 2025, 351 W
Thu Sep  4 21:15:11 IDT 2025, 348 W
Thu Sep  4 21:15:11 IDT 2025, 354 W
Thu Sep  4 21:15:12 IDT 2025, 346 W
Thu Sep  4 21:15:12 IDT 2025, 347 W
Thu Sep  4 21:15:12 IDT 2025, 343 W
Thu Sep  4 21:15:12 IDT 2025, 354 W
Thu Sep  4 21:15:13 IDT 2025, 356 W
Thu Sep  4 21:15:13 IDT 2025, 357 W
Thu Sep  4 21:15:13 IDT 2025, 354 W
Thu Sep  4 21:15:13 IDT 2025, 372 W
Thu Sep  4 21:15:14 IDT 2025, 351 W
Thu Sep  4 21:15:14 IDT 2025, 354 W
Thu Sep  4 21:15:14 IDT 2025, 348 W
Thu Sep  4 21:15:14 IDT 2025, 366 W
Thu Sep  4 21:15:15 IDT 2025, 359 W
Thu Sep  4 21:15:15 IDT 2025, 361 W
Thu Sep  4 21:15:15 IDT 2025, 353 W
Thu Sep  4 21:15:15 IDT 2025, 377 W
Thu Sep  4 21:15:16 IDT 2025, 353 W
Thu Sep  4 21:15:16 IDT 2025, 353 W
Thu Sep  4 21:15:16 IDT 2025, 349 W
Thu Sep  4 21:15:16 IDT 2025, 361 W
Thu Sep  4 21:15:17 IDT 2025, 360 W
Thu Sep  4 21:15:17 IDT 2025, 360 W
Thu Sep  4 21:15:17 IDT 2025, 356 W
Thu Sep  4 21:15:17 IDT 2025, 376 W
Thu Sep  4 21:15:18 IDT 2025, 355 W
Thu Sep  4 21:15:18 IDT 2025, 358 W
Thu Sep  4 21:15:18 IDT 2025, 349 W
Thu Sep  4 21:15:18 IDT 2025, 373 W
Thu Sep  4 21:15:19 IDT 2025, 357 W
Thu Sep  4 21:15:19 IDT 2025, 356 W
Thu Sep  4 21:15:19 IDT 2025, 350 W
Thu Sep  4 21:15:19 IDT 2025, 372 W
Thu Sep  4 21:15:20 IDT 2025, 358 W
Thu Sep  4 21:15:20 IDT 2025, 354 W
Thu Sep  4 21:15:20 IDT 2025, 354 W
Thu Sep  4 21:15:20 IDT 2025, 376 W
Thu Sep  4 21:15:21 IDT 2025, 350 W
Thu Sep  4 21:15:21 IDT 2025, 347 W
Thu Sep  4 21:15:21 IDT 2025, 350 W
Thu Sep  4 21:15:21 IDT 2025, 368 W
Thu Sep  4 21:15:22 IDT 2025, 360 W
Thu Sep  4 21:15:22 IDT 2025, 364 W
Thu Sep  4 21:15:22 IDT 2025, 353 W
Thu Sep  4 21:15:22 IDT 2025, 378 W
Thu Sep  4 21:15:23 IDT 2025, 359 W
Thu Sep  4 21:15:23 IDT 2025, 360 W
Thu Sep  4 21:15:23 IDT 2025, 358 W
Thu Sep  4 21:15:23 IDT 2025, 376 W
Thu Sep  4 21:15:24 IDT 2025, 356 W
Thu Sep  4 21:15:24 IDT 2025, 359 W
Thu Sep  4 21:15:24 IDT 2025, 357 W
Thu Sep  4 21:15:24 IDT 2025, 376 W
Thu Sep  4 21:15:25 IDT 2025, 358 W
Thu Sep  4 21:15:25 IDT 2025, 361 W
Thu Sep  4 21:15:25 IDT 2025, 356 W
Thu Sep  4 21:15:25 IDT 2025, 376 W
Thu Sep  4 21:15:26 IDT 2025, 336 W
Thu Sep  4 21:15:26 IDT 2025, 338 W
Thu Sep  4 21:15:26 IDT 2025, 328 W
Thu Sep  4 21:15:26 IDT 2025, 313 W
Thu Sep  4 21:15:27 IDT 2025, 339 W
Thu Sep  4 21:15:27 IDT 2025, 391 W
Thu Sep  4 21:15:27 IDT 2025, 385 W
Thu Sep  4 21:15:27 IDT 2025, 395 W
Thu Sep  4 21:15:28 IDT 2025, 355 W
Thu Sep  4 21:15:28 IDT 2025, 361 W
Thu Sep  4 21:15:28 IDT 2025, 352 W
Thu Sep  4 21:15:28 IDT 2025, 370 W
Thu Sep  4 21:15:29 IDT 2025, 353 W
Thu Sep  4 21:15:29 IDT 2025, 353 W
Thu Sep  4 21:15:29 IDT 2025, 352 W
Thu Sep  4 21:15:29 IDT 2025, 370 W
Thu Sep  4 21:15:30 IDT 2025, 346 W
Thu Sep  4 21:15:30 IDT 2025, 349 W
Thu Sep  4 21:15:30 IDT 2025, 344 W
Thu Sep  4 21:15:30 IDT 2025, 359 W
Thu Sep  4 21:15:31 IDT 2025, 357 W
Thu Sep  4 21:15:31 IDT 2025, 357 W
Thu Sep  4 21:15:31 IDT 2025, 351 W
Thu Sep  4 21:15:31 IDT 2025, 372 W
Thu Sep  4 21:15:32 IDT 2025, 359 W
Thu Sep  4 21:15:32 IDT 2025, 361 W
Thu Sep  4 21:15:32 IDT 2025, 348 W
Thu Sep  4 21:15:32 IDT 2025, 375 W
Thu Sep  4 21:15:33 IDT 2025, 338 W
Thu Sep  4 21:15:33 IDT 2025, 390 W
Thu Sep  4 21:15:33 IDT 2025, 385 W
Thu Sep  4 21:15:33 IDT 2025, 392 W
Thu Sep  4 21:15:34 IDT 2025, 341 W
Thu Sep  4 21:15:34 IDT 2025, 390 W
Thu Sep  4 21:15:34 IDT 2025, 383 W
Thu Sep  4 21:15:34 IDT 2025, 393 W
Thu Sep  4 21:15:35 IDT 2025, 340 W
Thu Sep  4 21:15:35 IDT 2025, 390 W
Thu Sep  4 21:15:35 IDT 2025, 384 W
Thu Sep  4 21:15:35 IDT 2025, 389 W
Thu Sep  4 21:15:36 IDT 2025, 350 W
Thu Sep  4 21:15:36 IDT 2025, 349 W
Thu Sep  4 21:15:36 IDT 2025, 341 W
Thu Sep  4 21:15:36 IDT 2025, 360 W
Thu Sep  4 21:15:37 IDT 2025, 361 W
Thu Sep  4 21:15:37 IDT 2025, 360 W
Thu Sep  4 21:15:37 IDT 2025, 349 W
Thu Sep  4 21:15:37 IDT 2025, 377 W
Thu Sep  4 21:15:38 IDT 2025, 356 W
Thu Sep  4 21:15:38 IDT 2025, 359 W
Thu Sep  4 21:15:38 IDT 2025, 353 W
Thu Sep  4 21:15:38 IDT 2025, 373 W
Thu Sep  4 21:15:39 IDT 2025, 354 W
Thu Sep  4 21:15:39 IDT 2025, 357 W
Thu Sep  4 21:15:39 IDT 2025, 350 W
Thu Sep  4 21:15:39 IDT 2025, 369 W
Thu Sep  4 21:15:40 IDT 2025, 354 W
Thu Sep  4 21:15:40 IDT 2025, 358 W
Thu Sep  4 21:15:40 IDT 2025, 355 W
Thu Sep  4 21:15:40 IDT 2025, 372 W
Thu Sep  4 21:15:41 IDT 2025, 347 W
Thu Sep  4 21:15:41 IDT 2025, 350 W
Thu Sep  4 21:15:41 IDT 2025, 339 W
Thu Sep  4 21:15:41 IDT 2025, 362 W
Thu Sep  4 21:15:42 IDT 2025, 358 W
Thu Sep  4 21:15:42 IDT 2025, 362 W
Thu Sep  4 21:15:42 IDT 2025, 358 W
Thu Sep  4 21:15:42 IDT 2025, 382 W
Thu Sep  4 21:15:43 IDT 2025, 358 W
Thu Sep  4 21:15:43 IDT 2025, 360 W
Thu Sep  4 21:15:43 IDT 2025, 356 W
Thu Sep  4 21:15:43 IDT 2025, 377 W
Thu Sep  4 21:15:44 IDT 2025, 352 W
Thu Sep  4 21:15:44 IDT 2025, 356 W
Thu Sep  4 21:15:44 IDT 2025, 352 W
Thu Sep  4 21:15:44 IDT 2025, 368 W
Thu Sep  4 21:15:45 IDT 2025, 355 W
Thu Sep  4 21:15:45 IDT 2025, 360 W
Thu Sep  4 21:15:45 IDT 2025, 353 W
Thu Sep  4 21:15:45 IDT 2025, 373 W
Thu Sep  4 21:15:46 IDT 2025, 354 W
Thu Sep  4 21:15:46 IDT 2025, 358 W
Thu Sep  4 21:15:46 IDT 2025, 354 W
Thu Sep  4 21:15:46 IDT 2025, 372 W
Thu Sep  4 21:15:47 IDT 2025, 351 W
Thu Sep  4 21:15:47 IDT 2025, 354 W
Thu Sep  4 21:15:47 IDT 2025, 350 W
Thu Sep  4 21:15:47 IDT 2025, 365 W
Thu Sep  4 21:15:48 IDT 2025, 345 W
Thu Sep  4 21:15:48 IDT 2025, 346 W
Thu Sep  4 21:15:48 IDT 2025, 340 W
Thu Sep  4 21:15:48 IDT 2025, 355 W
Thu Sep  4 21:15:49 IDT 2025, 355 W
Thu Sep  4 21:15:49 IDT 2025, 345 W
Thu Sep  4 21:15:49 IDT 2025, 343 W
Thu Sep  4 21:15:49 IDT 2025, 368 W
Thu Sep  4 21:15:50 IDT 2025, 344 W
Thu Sep  4 21:15:50 IDT 2025, 349 W
Thu Sep  4 21:15:50 IDT 2025, 343 W
Thu Sep  4 21:15:50 IDT 2025, 353 W
Thu Sep  4 21:15:51 IDT 2025, 343 W
Thu Sep  4 21:15:51 IDT 2025, 346 W
Thu Sep  4 21:15:51 IDT 2025, 339 W
Thu Sep  4 21:15:51 IDT 2025, 354 W
Thu Sep  4 21:15:52 IDT 2025, 349 W
Thu Sep  4 21:15:52 IDT 2025, 355 W
Thu Sep  4 21:15:52 IDT 2025, 349 W
Thu Sep  4 21:15:52 IDT 2025, 357 W
Thu Sep  4 21:15:53 IDT 2025, 357 W
Thu Sep  4 21:15:53 IDT 2025, 360 W
Thu Sep  4 21:15:53 IDT 2025, 353 W
Thu Sep  4 21:15:53 IDT 2025, 375 W
Thu Sep  4 21:15:54 IDT 2025, 355 W
Thu Sep  4 21:15:54 IDT 2025, 357 W
Thu Sep  4 21:15:54 IDT 2025, 355 W
Thu Sep  4 21:15:54 IDT 2025, 374 W
Thu Sep  4 21:15:55 IDT 2025, 355 W
Thu Sep  4 21:15:55 IDT 2025, 359 W
Thu Sep  4 21:15:55 IDT 2025, 350 W
Thu Sep  4 21:15:55 IDT 2025, 371 W
Thu Sep  4 21:15:56 IDT 2025, 357 W
Thu Sep  4 21:15:56 IDT 2025, 353 W
Thu Sep  4 21:15:56 IDT 2025, 352 W
Thu Sep  4 21:15:56 IDT 2025, 369 W
Thu Sep  4 21:15:57 IDT 2025, 356 W
Thu Sep  4 21:15:57 IDT 2025, 352 W
Thu Sep  4 21:15:57 IDT 2025, 353 W
Thu Sep  4 21:15:57 IDT 2025, 371 W
Thu Sep  4 21:15:58 IDT 2025, 350 W
Thu Sep  4 21:15:58 IDT 2025, 348 W
Thu Sep  4 21:15:58 IDT 2025, 345 W
Thu Sep  4 21:15:58 IDT 2025, 344 W
Thu Sep  4 21:15:59 IDT 2025, 353 W
Thu Sep  4 21:15:59 IDT 2025, 349 W
Thu Sep  4 21:15:59 IDT 2025, 343 W
Thu Sep  4 21:15:59 IDT 2025, 358 W
Thu Sep  4 21:16:00 IDT 2025, 356 W
Thu Sep  4 21:16:00 IDT 2025, 357 W
Thu Sep  4 21:16:00 IDT 2025, 354 W
Thu Sep  4 21:16:00 IDT 2025, 371 W
Thu Sep  4 21:16:01 IDT 2025, 359 W
Thu Sep  4 21:16:01 IDT 2025, 346 W
Thu Sep  4 21:16:01 IDT 2025, 348 W
Thu Sep  4 21:16:01 IDT 2025, 374 W
Thu Sep  4 21:16:02 IDT 2025, 343 W
Thu Sep  4 21:16:02 IDT 2025, 344 W
Thu Sep  4 21:16:02 IDT 2025, 341 W
Thu Sep  4 21:16:02 IDT 2025, 340 W
Thu Sep  4 21:16:03 IDT 2025, 348 W
Thu Sep  4 21:16:03 IDT 2025, 340 W
Thu Sep  4 21:16:03 IDT 2025, 344 W
Thu Sep  4 21:16:03 IDT 2025, 344 W
Thu Sep  4 21:16:04 IDT 2025, 341 W
Thu Sep  4 21:16:04 IDT 2025, 344 W
Thu Sep  4 21:16:04 IDT 2025, 339 W
Thu Sep  4 21:16:04 IDT 2025, 345 W
Thu Sep  4 21:16:05 IDT 2025, 350 W
Thu Sep  4 21:16:05 IDT 2025, 350 W
Thu Sep  4 21:16:05 IDT 2025, 332 W
Thu Sep  4 21:16:05 IDT 2025, 354 W
Thu Sep  4 21:16:06 IDT 2025, 350 W
Thu Sep  4 21:16:06 IDT 2025, 346 W
Thu Sep  4 21:16:06 IDT 2025, 343 W
Thu Sep  4 21:16:06 IDT 2025, 343 W
Thu Sep  4 21:16:07 IDT 2025, 349 W
Thu Sep  4 21:16:07 IDT 2025, 344 W
Thu Sep  4 21:16:07 IDT 2025, 341 W
Thu Sep  4 21:16:07 IDT 2025, 349 W
Thu Sep  4 21:16:08 IDT 2025, 374 W
Thu Sep  4 21:16:08 IDT 2025, 375 W
Thu Sep  4 21:16:08 IDT 2025, 339 W
Thu Sep  4 21:16:08 IDT 2025, 392 W
Thu Sep  4 21:16:09 IDT 2025, 369 W
Thu Sep  4 21:16:09 IDT 2025, 368 W
Thu Sep  4 21:16:09 IDT 2025, 333 W
Thu Sep  4 21:16:09 IDT 2025, 384 W
Thu Sep  4 21:16:10 IDT 2025, 351 W
Thu Sep  4 21:16:10 IDT 2025, 354 W
Thu Sep  4 21:16:10 IDT 2025, 345 W
Thu Sep  4 21:16:10 IDT 2025, 370 W
Thu Sep  4 21:16:11 IDT 2025, 352 W
Thu Sep  4 21:16:11 IDT 2025, 350 W
Thu Sep  4 21:16:11 IDT 2025, 371 W
Thu Sep  4 21:16:11 IDT 2025, 380 W
Thu Sep  4 21:16:12 IDT 2025, 354 W
Thu Sep  4 21:16:12 IDT 2025, 359 W
Thu Sep  4 21:16:12 IDT 2025, 356 W
Thu Sep  4 21:16:12 IDT 2025, 374 W
Thu Sep  4 21:16:13 IDT 2025, 355 W
Thu Sep  4 21:16:13 IDT 2025, 355 W
Thu Sep  4 21:16:13 IDT 2025, 352 W
Thu Sep  4 21:16:13 IDT 2025, 370 W
Thu Sep  4 21:16:14 IDT 2025, 361 W
Thu Sep  4 21:16:14 IDT 2025, 359 W
Thu Sep  4 21:16:14 IDT 2025, 348 W
Thu Sep  4 21:16:14 IDT 2025, 376 W
Thu Sep  4 21:16:15 IDT 2025, 342 W
Thu Sep  4 21:16:15 IDT 2025, 350 W
Thu Sep  4 21:16:15 IDT 2025, 344 W
Thu Sep  4 21:16:15 IDT 2025, 351 W
Thu Sep  4 21:16:16 IDT 2025, 347 W
Thu Sep  4 21:16:16 IDT 2025, 346 W
Thu Sep  4 21:16:16 IDT 2025, 341 W
Thu Sep  4 21:16:16 IDT 2025, 355 W
Thu Sep  4 21:16:17 IDT 2025, 345 W
Thu Sep  4 21:16:17 IDT 2025, 353 W
Thu Sep  4 21:16:17 IDT 2025, 347 W
Thu Sep  4 21:16:17 IDT 2025, 358 W
Thu Sep  4 21:16:18 IDT 2025, 353 W
Thu Sep  4 21:16:18 IDT 2025, 347 W
Thu Sep  4 21:16:18 IDT 2025, 341 W
Thu Sep  4 21:16:18 IDT 2025, 360 W
Thu Sep  4 21:16:19 IDT 2025, 354 W
Thu Sep  4 21:16:19 IDT 2025, 361 W
Thu Sep  4 21:16:19 IDT 2025, 351 W
Thu Sep  4 21:16:19 IDT 2025, 372 W
Thu Sep  4 21:16:20 IDT 2025, 358 W
Thu Sep  4 21:16:20 IDT 2025, 355 W
Thu Sep  4 21:16:20 IDT 2025, 352 W
Thu Sep  4 21:16:20 IDT 2025, 376 W
Thu Sep  4 21:16:21 IDT 2025, 357 W
Thu Sep  4 21:16:21 IDT 2025, 355 W
Thu Sep  4 21:16:21 IDT 2025, 352 W
Thu Sep  4 21:16:21 IDT 2025, 370 W
Thu Sep  4 21:16:22 IDT 2025, 357 W
Thu Sep  4 21:16:22 IDT 2025, 353 W
Thu Sep  4 21:16:22 IDT 2025, 349 W
Thu Sep  4 21:16:22 IDT 2025, 372 W
Thu Sep  4 21:16:23 IDT 2025, 348 W
Thu Sep  4 21:16:23 IDT 2025, 350 W
Thu Sep  4 21:16:23 IDT 2025, 264 W
Thu Sep  4 21:16:23 IDT 2025, 351 W
Thu Sep  4 21:16:24 IDT 2025, 348 W
Thu Sep  4 21:16:24 IDT 2025, 350 W
Thu Sep  4 21:16:24 IDT 2025, 345 W
Thu Sep  4 21:16:24 IDT 2025, 359 W
Thu Sep  4 21:16:25 IDT 2025, 359 W
Thu Sep  4 21:16:25 IDT 2025, 357 W
Thu Sep  4 21:16:25 IDT 2025, 348 W
Thu Sep  4 21:16:25 IDT 2025, 361 W
Thu Sep  4 21:16:26 IDT 2025, 346 W
Thu Sep  4 21:16:26 IDT 2025, 353 W
Thu Sep  4 21:16:26 IDT 2025, 348 W
Thu Sep  4 21:16:26 IDT 2025, 357 W
Thu Sep  4 21:16:27 IDT 2025, 354 W
Thu Sep  4 21:16:27 IDT 2025, 358 W
Thu Sep  4 21:16:27 IDT 2025, 348 W
Thu Sep  4 21:16:27 IDT 2025, 372 W
Thu Sep  4 21:16:28 IDT 2025, 358 W
Thu Sep  4 21:16:28 IDT 2025, 354 W
Thu Sep  4 21:16:28 IDT 2025, 348 W
Thu Sep  4 21:16:28 IDT 2025, 366 W
Thu Sep  4 21:16:29 IDT 2025, 344 W
Thu Sep  4 21:16:29 IDT 2025, 351 W
Thu Sep  4 21:16:29 IDT 2025, 345 W
Thu Sep  4 21:16:29 IDT 2025, 340 W
Thu Sep  4 21:16:30 IDT 2025, 348 W
Thu Sep  4 21:16:30 IDT 2025, 354 W
Thu Sep  4 21:16:30 IDT 2025, 348 W
Thu Sep  4 21:16:30 IDT 2025, 362 W
Thu Sep  4 21:16:31 IDT 2025, 352 W
Thu Sep  4 21:16:31 IDT 2025, 358 W
Thu Sep  4 21:16:31 IDT 2025, 345 W
Thu Sep  4 21:16:31 IDT 2025, 369 W
Thu Sep  4 21:16:32 IDT 2025, 361 W
Thu Sep  4 21:16:32 IDT 2025, 365 W
Thu Sep  4 21:16:32 IDT 2025, 359 W
Thu Sep  4 21:16:32 IDT 2025, 378 W
Thu Sep  4 21:16:33 IDT 2025, 345 W
Thu Sep  4 21:16:33 IDT 2025, 372 W
Thu Sep  4 21:16:33 IDT 2025, 365 W
Thu Sep  4 21:16:33 IDT 2025, 384 W
Thu Sep  4 21:16:34 IDT 2025, 333 W
Thu Sep  4 21:16:34 IDT 2025, 353 W
Thu Sep  4 21:16:34 IDT 2025, 350 W
Thu Sep  4 21:16:34 IDT 2025, 374 W
Thu Sep  4 21:16:35 IDT 2025, 346 W
Thu Sep  4 21:16:35 IDT 2025, 352 W
Thu Sep  4 21:16:35 IDT 2025, 347 W
Thu Sep  4 21:16:35 IDT 2025, 357 W
Thu Sep  4 21:16:36 IDT 2025, 349 W
Thu Sep  4 21:16:36 IDT 2025, 352 W
Thu Sep  4 21:16:36 IDT 2025, 345 W
Thu Sep  4 21:16:36 IDT 2025, 361 W
Thu Sep  4 21:16:37 IDT 2025, 346 W
Thu Sep  4 21:16:37 IDT 2025, 353 W
Thu Sep  4 21:16:37 IDT 2025, 348 W
Thu Sep  4 21:16:37 IDT 2025, 359 W
Thu Sep  4 21:16:38 IDT 2025, 345 W
Thu Sep  4 21:16:38 IDT 2025, 351 W
Thu Sep  4 21:16:38 IDT 2025, 338 W
Thu Sep  4 21:16:38 IDT 2025, 358 W
Thu Sep  4 21:16:39 IDT 2025, 344 W
Thu Sep  4 21:16:39 IDT 2025, 351 W
Thu Sep  4 21:16:39 IDT 2025, 342 W
Thu Sep  4 21:16:39 IDT 2025, 362 W
Thu Sep  4 21:16:40 IDT 2025, 351 W
Thu Sep  4 21:16:40 IDT 2025, 351 W
Thu Sep  4 21:16:40 IDT 2025, 341 W
Thu Sep  4 21:16:40 IDT 2025, 364 W
Thu Sep  4 21:16:41 IDT 2025, 340 W
Thu Sep  4 21:16:41 IDT 2025, 343 W
Thu Sep  4 21:16:41 IDT 2025, 332 W
Thu Sep  4 21:16:41 IDT 2025, 326 W
Thu Sep  4 21:16:42 IDT 2025, 362 W
Thu Sep  4 21:16:42 IDT 2025, 359 W
Thu Sep  4 21:16:42 IDT 2025, 354 W
Thu Sep  4 21:16:42 IDT 2025, 377 W
Thu Sep  4 21:16:43 IDT 2025, 351 W
Thu Sep  4 21:16:43 IDT 2025, 348 W
Thu Sep  4 21:16:43 IDT 2025, 337 W
Thu Sep  4 21:16:43 IDT 2025, 329 W
Thu Sep  4 21:16:44 IDT 2025, 349 W
Thu Sep  4 21:16:44 IDT 2025, 354 W
Thu Sep  4 21:16:44 IDT 2025, 345 W
Thu Sep  4 21:16:44 IDT 2025, 364 W
Thu Sep  4 21:16:45 IDT 2025, 359 W
Thu Sep  4 21:16:45 IDT 2025, 358 W
Thu Sep  4 21:16:45 IDT 2025, 350 W
Thu Sep  4 21:16:45 IDT 2025, 372 W
Thu Sep  4 21:16:46 IDT 2025, 361 W
Thu Sep  4 21:16:46 IDT 2025, 362 W
Thu Sep  4 21:16:46 IDT 2025, 354 W
Thu Sep  4 21:16:46 IDT 2025, 376 W
Thu Sep  4 21:16:47 IDT 2025, 361 W
Thu Sep  4 21:16:47 IDT 2025, 360 W
Thu Sep  4 21:16:47 IDT 2025, 353 W
Thu Sep  4 21:16:47 IDT 2025, 376 W
Thu Sep  4 21:16:48 IDT 2025, 354 W
Thu Sep  4 21:16:48 IDT 2025, 360 W
Thu Sep  4 21:16:48 IDT 2025, 352 W
Thu Sep  4 21:16:48 IDT 2025, 373 W
Thu Sep  4 21:16:49 IDT 2025, 351 W
Thu Sep  4 21:16:49 IDT 2025, 358 W
Thu Sep  4 21:16:49 IDT 2025, 348 W
Thu Sep  4 21:16:49 IDT 2025, 366 W
Thu Sep  4 21:16:50 IDT 2025, 358 W
Thu Sep  4 21:16:50 IDT 2025, 356 W
Thu Sep  4 21:16:50 IDT 2025, 347 W
Thu Sep  4 21:16:50 IDT 2025, 375 W
Thu Sep  4 21:16:51 IDT 2025, 352 W
Thu Sep  4 21:16:51 IDT 2025, 357 W
Thu Sep  4 21:16:51 IDT 2025, 345 W
Thu Sep  4 21:16:51 IDT 2025, 371 W
Thu Sep  4 21:16:52 IDT 2025, 353 W
Thu Sep  4 21:16:52 IDT 2025, 351 W
Thu Sep  4 21:16:52 IDT 2025, 344 W
Thu Sep  4 21:16:52 IDT 2025, 371 W
Thu Sep  4 21:16:53 IDT 2025, 347 W
Thu Sep  4 21:16:53 IDT 2025, 346 W
Thu Sep  4 21:16:53 IDT 2025, 345 W
Thu Sep  4 21:16:53 IDT 2025, 333 W
Thu Sep  4 21:16:54 IDT 2025, 358 W
Thu Sep  4 21:16:54 IDT 2025, 356 W
Thu Sep  4 21:16:54 IDT 2025, 347 W
Thu Sep  4 21:16:54 IDT 2025, 373 W
Thu Sep  4 21:16:55 IDT 2025, 351 W
Thu Sep  4 21:16:55 IDT 2025, 342 W
Thu Sep  4 21:16:55 IDT 2025, 340 W
Thu Sep  4 21:16:55 IDT 2025, 364 W
Thu Sep  4 21:16:56 IDT 2025, 355 W
Thu Sep  4 21:16:56 IDT 2025, 357 W
Thu Sep  4 21:16:56 IDT 2025, 350 W
Thu Sep  4 21:16:56 IDT 2025, 380 W
Thu Sep  4 21:16:57 IDT 2025, 345 W
Thu Sep  4 21:16:57 IDT 2025, 351 W
Thu Sep  4 21:16:57 IDT 2025, 342 W
Thu Sep  4 21:16:57 IDT 2025, 359 W
Thu Sep  4 21:16:58 IDT 2025, 350 W
Thu Sep  4 21:16:58 IDT 2025, 353 W
Thu Sep  4 21:16:58 IDT 2025, 340 W
Thu Sep  4 21:16:58 IDT 2025, 348 W
Thu Sep  4 21:16:59 IDT 2025, 342 W
Thu Sep  4 21:16:59 IDT 2025, 341 W
Thu Sep  4 21:16:59 IDT 2025, 337 W
Thu Sep  4 21:16:59 IDT 2025, 333 W
Thu Sep  4 21:17:00 IDT 2025, 360 W
Thu Sep  4 21:17:00 IDT 2025, 359 W
Thu Sep  4 21:17:00 IDT 2025, 341 W
Thu Sep  4 21:17:00 IDT 2025, 362 W
Thu Sep  4 21:17:01 IDT 2025, 360 W
Thu Sep  4 21:17:01 IDT 2025, 358 W
Thu Sep  4 21:17:01 IDT 2025, 346 W
Thu Sep  4 21:17:01 IDT 2025, 369 W
Thu Sep  4 21:17:02 IDT 2025, 361 W
Thu Sep  4 21:17:02 IDT 2025, 360 W
Thu Sep  4 21:17:02 IDT 2025, 348 W
Thu Sep  4 21:17:02 IDT 2025, 380 W
Thu Sep  4 21:17:03 IDT 2025, 362 W
Thu Sep  4 21:17:03 IDT 2025, 368 W
Thu Sep  4 21:17:03 IDT 2025, 354 W
Thu Sep  4 21:17:03 IDT 2025, 382 W
Thu Sep  4 21:17:04 IDT 2025, 353 W
Thu Sep  4 21:17:04 IDT 2025, 358 W
Thu Sep  4 21:17:04 IDT 2025, 344 W
Thu Sep  4 21:17:04 IDT 2025, 375 W
Thu Sep  4 21:17:05 IDT 2025, 342 W
Thu Sep  4 21:17:05 IDT 2025, 341 W
Thu Sep  4 21:17:05 IDT 2025, 338 W
Thu Sep  4 21:17:05 IDT 2025, 343 W
Thu Sep  4 21:17:06 IDT 2025, 352 W
Thu Sep  4 21:17:06 IDT 2025, 352 W
Thu Sep  4 21:17:06 IDT 2025, 339 W
Thu Sep  4 21:17:06 IDT 2025, 369 W
Thu Sep  4 21:17:07 IDT 2025, 348 W
Thu Sep  4 21:17:07 IDT 2025, 357 W
Thu Sep  4 21:17:07 IDT 2025, 353 W
Thu Sep  4 21:17:07 IDT 2025, 366 W
Thu Sep  4 21:17:08 IDT 2025, 357 W
Thu Sep  4 21:17:08 IDT 2025, 356 W
Thu Sep  4 21:17:08 IDT 2025, 342 W
Thu Sep  4 21:17:08 IDT 2025, 370 W
Thu Sep  4 21:17:09 IDT 2025, 352 W
Thu Sep  4 21:17:09 IDT 2025, 348 W
Thu Sep  4 21:17:09 IDT 2025, 341 W
Thu Sep  4 21:17:09 IDT 2025, 352 W
Thu Sep  4 21:17:10 IDT 2025, 359 W
Thu Sep  4 21:17:10 IDT 2025, 363 W
Thu Sep  4 21:17:10 IDT 2025, 353 W
Thu Sep  4 21:17:10 IDT 2025, 374 W
Thu Sep  4 21:17:11 IDT 2025, 361 W
Thu Sep  4 21:17:11 IDT 2025, 359 W
Thu Sep  4 21:17:11 IDT 2025, 351 W
Thu Sep  4 21:17:11 IDT 2025, 375 W
Thu Sep  4 21:17:12 IDT 2025, 361 W
Thu Sep  4 21:17:12 IDT 2025, 356 W
Thu Sep  4 21:17:12 IDT 2025, 349 W
Thu Sep  4 21:17:12 IDT 2025, 382 W
Thu Sep  4 21:17:13 IDT 2025, 352 W
Thu Sep  4 21:17:13 IDT 2025, 354 W
Thu Sep  4 21:17:13 IDT 2025, 347 W
Thu Sep  4 21:17:13 IDT 2025, 369 W
Thu Sep  4 21:17:14 IDT 2025, 358 W
Thu Sep  4 21:17:14 IDT 2025, 356 W
Thu Sep  4 21:17:14 IDT 2025, 348 W
Thu Sep  4 21:17:14 IDT 2025, 375 W
Thu Sep  4 21:17:15 IDT 2025, 360 W
Thu Sep  4 21:17:15 IDT 2025, 350 W
Thu Sep  4 21:17:15 IDT 2025, 354 W
Thu Sep  4 21:17:15 IDT 2025, 383 W
Thu Sep  4 21:17:16 IDT 2025, 355 W
Thu Sep  4 21:17:16 IDT 2025, 356 W
Thu Sep  4 21:17:16 IDT 2025, 348 W
Thu Sep  4 21:17:16 IDT 2025, 377 W
Thu Sep  4 21:17:17 IDT 2025, 354 W
Thu Sep  4 21:17:17 IDT 2025, 352 W
Thu Sep  4 21:17:17 IDT 2025, 339 W
Thu Sep  4 21:17:17 IDT 2025, 372 W
Thu Sep  4 21:17:18 IDT 2025, 351 W
Thu Sep  4 21:17:18 IDT 2025, 351 W
Thu Sep  4 21:17:18 IDT 2025, 340 W
Thu Sep  4 21:17:18 IDT 2025, 370 W
Thu Sep  4 21:17:19 IDT 2025, 357 W
Thu Sep  4 21:17:19 IDT 2025, 361 W
Thu Sep  4 21:17:19 IDT 2025, 347 W
Thu Sep  4 21:17:19 IDT 2025, 378 W
Thu Sep  4 21:17:20 IDT 2025, 344 W
Thu Sep  4 21:17:20 IDT 2025, 347 W
Thu Sep  4 21:17:20 IDT 2025, 339 W
Thu Sep  4 21:17:20 IDT 2025, 358 W
Thu Sep  4 21:17:21 IDT 2025, 362 W
Thu Sep  4 21:17:21 IDT 2025, 361 W
Thu Sep  4 21:17:21 IDT 2025, 351 W
Thu Sep  4 21:17:21 IDT 2025, 376 W
Thu Sep  4 21:17:22 IDT 2025, 362 W
Thu Sep  4 21:17:22 IDT 2025, 361 W
Thu Sep  4 21:17:22 IDT 2025, 355 W
Thu Sep  4 21:17:22 IDT 2025, 377 W
Thu Sep  4 21:17:23 IDT 2025, 359 W
Thu Sep  4 21:17:23 IDT 2025, 362 W
Thu Sep  4 21:17:23 IDT 2025, 347 W
Thu Sep  4 21:17:23 IDT 2025, 381 W
Thu Sep  4 21:17:24 IDT 2025, 360 W
Thu Sep  4 21:17:24 IDT 2025, 364 W
Thu Sep  4 21:17:24 IDT 2025, 349 W
Thu Sep  4 21:17:24 IDT 2025, 380 W
Thu Sep  4 21:17:25 IDT 2025, 373 W
Thu Sep  4 21:17:25 IDT 2025, 371 W
Thu Sep  4 21:17:25 IDT 2025, 346 W
Thu Sep  4 21:17:25 IDT 2025, 395 W
Thu Sep  4 21:17:26 IDT 2025, 370 W
Thu Sep  4 21:17:26 IDT 2025, 370 W
Thu Sep  4 21:17:26 IDT 2025, 344 W
Thu Sep  4 21:17:26 IDT 2025, 392 W
Thu Sep  4 21:17:27 IDT 2025, 376 W
Thu Sep  4 21:17:27 IDT 2025, 374 W
Thu Sep  4 21:17:27 IDT 2025, 337 W
Thu Sep  4 21:17:27 IDT 2025, 390 W
Thu Sep  4 21:17:28 IDT 2025, 369 W
Thu Sep  4 21:17:28 IDT 2025, 366 W
Thu Sep  4 21:17:28 IDT 2025, 323 W
Thu Sep  4 21:17:28 IDT 2025, 369 W
Thu Sep  4 21:17:29 IDT 2025, 344 W
Thu Sep  4 21:17:29 IDT 2025, 347 W
Thu Sep  4 21:17:29 IDT 2025, 342 W
Thu Sep  4 21:17:29 IDT 2025, 353 W
Thu Sep  4 21:17:30 IDT 2025, 360 W
Thu Sep  4 21:17:30 IDT 2025, 359 W
Thu Sep  4 21:17:30 IDT 2025, 355 W
Thu Sep  4 21:17:30 IDT 2025, 381 W
Thu Sep  4 21:17:31 IDT 2025, 360 W
Thu Sep  4 21:17:31 IDT 2025, 362 W
Thu Sep  4 21:17:31 IDT 2025, 354 W
Thu Sep  4 21:17:31 IDT 2025, 374 W
Thu Sep  4 21:17:32 IDT 2025, 347 W
Thu Sep  4 21:17:32 IDT 2025, 348 W
Thu Sep  4 21:17:32 IDT 2025, 339 W
Thu Sep  4 21:17:32 IDT 2025, 362 W
Thu Sep  4 21:17:33 IDT 2025, 351 W
Thu Sep  4 21:17:33 IDT 2025, 347 W
Thu Sep  4 21:17:33 IDT 2025, 340 W
Thu Sep  4 21:17:33 IDT 2025, 359 W
Thu Sep  4 21:17:34 IDT 2025, 345 W
Thu Sep  4 21:17:34 IDT 2025, 346 W
Thu Sep  4 21:17:34 IDT 2025, 343 W
Thu Sep  4 21:17:34 IDT 2025, 353 W
Thu Sep  4 21:17:35 IDT 2025, 361 W
Thu Sep  4 21:17:35 IDT 2025, 360 W
Thu Sep  4 21:17:35 IDT 2025, 355 W
Thu Sep  4 21:17:35 IDT 2025, 376 W
Thu Sep  4 21:17:36 IDT 2025, 356 W
Thu Sep  4 21:17:36 IDT 2025, 355 W
Thu Sep  4 21:17:36 IDT 2025, 348 W
Thu Sep  4 21:17:36 IDT 2025, 370 W
Thu Sep  4 21:17:37 IDT 2025, 357 W
Thu Sep  4 21:17:37 IDT 2025, 357 W
Thu Sep  4 21:17:37 IDT 2025, 348 W
Thu Sep  4 21:17:37 IDT 2025, 373 W
Thu Sep  4 21:17:38 IDT 2025, 352 W
Thu Sep  4 21:17:38 IDT 2025, 353 W
Thu Sep  4 21:17:38 IDT 2025, 347 W
Thu Sep  4 21:17:38 IDT 2025, 369 W
Thu Sep  4 21:17:39 IDT 2025, 358 W
Thu Sep  4 21:17:39 IDT 2025, 358 W
Thu Sep  4 21:17:39 IDT 2025, 350 W
Thu Sep  4 21:17:39 IDT 2025, 375 W
Thu Sep  4 21:17:40 IDT 2025, 356 W
Thu Sep  4 21:17:40 IDT 2025, 356 W
Thu Sep  4 21:17:40 IDT 2025, 350 W
Thu Sep  4 21:17:40 IDT 2025, 376 W
Thu Sep  4 21:17:41 IDT 2025, 363 W
Thu Sep  4 21:17:41 IDT 2025, 362 W
Thu Sep  4 21:17:41 IDT 2025, 357 W
Thu Sep  4 21:17:41 IDT 2025, 377 W
Thu Sep  4 21:17:42 IDT 2025, 371 W
Thu Sep  4 21:17:42 IDT 2025, 374 W
Thu Sep  4 21:17:42 IDT 2025, 346 W
Thu Sep  4 21:17:42 IDT 2025, 390 W
Thu Sep  4 21:17:43 IDT 2025, 359 W
Thu Sep  4 21:17:43 IDT 2025, 361 W
Thu Sep  4 21:17:43 IDT 2025, 356 W
Thu Sep  4 21:17:43 IDT 2025, 380 W
Thu Sep  4 21:17:44 IDT 2025, 364 W
Thu Sep  4 21:17:44 IDT 2025, 366 W
Thu Sep  4 21:17:44 IDT 2025, 333 W
Thu Sep  4 21:17:44 IDT 2025, 385 W
Thu Sep  4 21:17:45 IDT 2025, 361 W
Thu Sep  4 21:17:45 IDT 2025, 360 W
Thu Sep  4 21:17:45 IDT 2025, 350 W
Thu Sep  4 21:17:45 IDT 2025, 374 W
Thu Sep  4 21:17:46 IDT 2025, 360 W
Thu Sep  4 21:17:46 IDT 2025, 361 W
Thu Sep  4 21:17:46 IDT 2025, 353 W
Thu Sep  4 21:17:46 IDT 2025, 375 W
Thu Sep  4 21:17:47 IDT 2025, 357 W
Thu Sep  4 21:17:47 IDT 2025, 356 W
Thu Sep  4 21:17:47 IDT 2025, 351 W
Thu Sep  4 21:17:47 IDT 2025, 374 W
Thu Sep  4 21:17:48 IDT 2025, 358 W
Thu Sep  4 21:17:48 IDT 2025, 358 W
Thu Sep  4 21:17:48 IDT 2025, 352 W
Thu Sep  4 21:17:48 IDT 2025, 380 W
Thu Sep  4 21:17:49 IDT 2025, 346 W
Thu Sep  4 21:17:49 IDT 2025, 348 W
Thu Sep  4 21:17:49 IDT 2025, 345 W
Thu Sep  4 21:17:49 IDT 2025, 353 W
Thu Sep  4 21:17:50 IDT 2025, 363 W
Thu Sep  4 21:17:50 IDT 2025, 362 W
Thu Sep  4 21:17:50 IDT 2025, 353 W
Thu Sep  4 21:17:50 IDT 2025, 378 W
Thu Sep  4 21:17:51 IDT 2025, 358 W
Thu Sep  4 21:17:51 IDT 2025, 359 W
Thu Sep  4 21:17:51 IDT 2025, 343 W
Thu Sep  4 21:17:51 IDT 2025, 377 W
Thu Sep  4 21:17:52 IDT 2025, 357 W
Thu Sep  4 21:17:52 IDT 2025, 361 W
Thu Sep  4 21:17:52 IDT 2025, 347 W
Thu Sep  4 21:17:52 IDT 2025, 374 W
Thu Sep  4 21:17:53 IDT 2025, 355 W
Thu Sep  4 21:17:53 IDT 2025, 359 W
Thu Sep  4 21:17:53 IDT 2025, 349 W
Thu Sep  4 21:17:53 IDT 2025, 375 W
Thu Sep  4 21:17:54 IDT 2025, 361 W
Thu Sep  4 21:17:54 IDT 2025, 362 W
Thu Sep  4 21:17:54 IDT 2025, 356 W
Thu Sep  4 21:17:54 IDT 2025, 374 W
Thu Sep  4 21:17:55 IDT 2025, 362 W
Thu Sep  4 21:17:55 IDT 2025, 362 W
Thu Sep  4 21:17:55 IDT 2025, 355 W
Thu Sep  4 21:17:55 IDT 2025, 381 W
Thu Sep  4 21:17:56 IDT 2025, 355 W
Thu Sep  4 21:17:56 IDT 2025, 356 W
Thu Sep  4 21:17:56 IDT 2025, 349 W
Thu Sep  4 21:17:56 IDT 2025, 378 W
Thu Sep  4 21:17:57 IDT 2025, 351 W
Thu Sep  4 21:17:57 IDT 2025, 367 W
Thu Sep  4 21:17:57 IDT 2025, 357 W
Thu Sep  4 21:17:57 IDT 2025, 385 W
Thu Sep  4 21:17:58 IDT 2025, 338 W
Thu Sep  4 21:17:58 IDT 2025, 339 W
Thu Sep  4 21:17:58 IDT 2025, 340 W
Thu Sep  4 21:17:58 IDT 2025, 333 W
Thu Sep  4 21:17:59 IDT 2025, 331 W
Thu Sep  4 21:17:59 IDT 2025, 330 W
Thu Sep  4 21:17:59 IDT 2025, 318 W
Thu Sep  4 21:17:59 IDT 2025, 319 W
Thu Sep  4 21:18:00 IDT 2025, 359 W
Thu Sep  4 21:18:00 IDT 2025, 359 W
Thu Sep  4 21:18:00 IDT 2025, 351 W
Thu Sep  4 21:18:00 IDT 2025, 379 W
Thu Sep  4 21:18:01 IDT 2025, 351 W
Thu Sep  4 21:18:01 IDT 2025, 353 W
Thu Sep  4 21:18:01 IDT 2025, 343 W
Thu Sep  4 21:18:01 IDT 2025, 369 W
Thu Sep  4 21:18:02 IDT 2025, 354 W
Thu Sep  4 21:18:02 IDT 2025, 354 W
Thu Sep  4 21:18:02 IDT 2025, 349 W
Thu Sep  4 21:18:02 IDT 2025, 370 W
Thu Sep  4 21:18:03 IDT 2025, 364 W
Thu Sep  4 21:18:03 IDT 2025, 365 W
Thu Sep  4 21:18:03 IDT 2025, 356 W
Thu Sep  4 21:18:03 IDT 2025, 377 W
Thu Sep  4 21:18:04 IDT 2025, 360 W
Thu Sep  4 21:18:04 IDT 2025, 364 W
Thu Sep  4 21:18:04 IDT 2025, 356 W
Thu Sep  4 21:18:04 IDT 2025, 377 W
Thu Sep  4 21:18:05 IDT 2025, 361 W
Thu Sep  4 21:18:05 IDT 2025, 362 W
Thu Sep  4 21:18:05 IDT 2025, 358 W
Thu Sep  4 21:18:05 IDT 2025, 379 W
Thu Sep  4 21:18:06 IDT 2025, 355 W
Thu Sep  4 21:18:06 IDT 2025, 358 W
Thu Sep  4 21:18:06 IDT 2025, 345 W
Thu Sep  4 21:18:06 IDT 2025, 374 W
Thu Sep  4 21:18:07 IDT 2025, 361 W
Thu Sep  4 21:18:07 IDT 2025, 348 W
Thu Sep  4 21:18:07 IDT 2025, 347 W
Thu Sep  4 21:18:07 IDT 2025, 369 W
Thu Sep  4 21:18:08 IDT 2025, 356 W
Thu Sep  4 21:18:08 IDT 2025, 357 W
Thu Sep  4 21:18:08 IDT 2025, 351 W
Thu Sep  4 21:18:08 IDT 2025, 376 W
Thu Sep  4 21:18:09 IDT 2025, 357 W
Thu Sep  4 21:18:09 IDT 2025, 360 W
Thu Sep  4 21:18:09 IDT 2025, 349 W
Thu Sep  4 21:18:09 IDT 2025, 376 W
Thu Sep  4 21:18:10 IDT 2025, 359 W
Thu Sep  4 21:18:10 IDT 2025, 362 W
Thu Sep  4 21:18:10 IDT 2025, 351 W
Thu Sep  4 21:18:10 IDT 2025, 375 W
Thu Sep  4 21:18:11 IDT 2025, 354 W
Thu Sep  4 21:18:11 IDT 2025, 356 W
Thu Sep  4 21:18:11 IDT 2025, 345 W
Thu Sep  4 21:18:11 IDT 2025, 362 W
Thu Sep  4 21:18:12 IDT 2025, 333 W
Thu Sep  4 21:18:12 IDT 2025, 332 W
Thu Sep  4 21:18:12 IDT 2025, 324 W
Thu Sep  4 21:18:12 IDT 2025, 345 W
Thu Sep  4 21:18:13 IDT 2025, 361 W
Thu Sep  4 21:18:13 IDT 2025, 363 W
Thu Sep  4 21:18:13 IDT 2025, 352 W
Thu Sep  4 21:18:13 IDT 2025, 381 W
Thu Sep  4 21:18:14 IDT 2025, 353 W
Thu Sep  4 21:18:14 IDT 2025, 350 W
Thu Sep  4 21:18:14 IDT 2025, 349 W
Thu Sep  4 21:18:14 IDT 2025, 365 W
Thu Sep  4 21:18:15 IDT 2025, 362 W
Thu Sep  4 21:18:15 IDT 2025, 365 W
Thu Sep  4 21:18:15 IDT 2025, 356 W
Thu Sep  4 21:18:15 IDT 2025, 376 W
Thu Sep  4 21:18:16 IDT 2025, 364 W
Thu Sep  4 21:18:16 IDT 2025, 357 W
Thu Sep  4 21:18:16 IDT 2025, 357 W
Thu Sep  4 21:18:16 IDT 2025, 383 W
Thu Sep  4 21:18:17 IDT 2025, 365 W
Thu Sep  4 21:18:17 IDT 2025, 361 W
Thu Sep  4 21:18:17 IDT 2025, 358 W
Thu Sep  4 21:18:17 IDT 2025, 383 W
Thu Sep  4 21:18:18 IDT 2025, 352 W
Thu Sep  4 21:18:18 IDT 2025, 354 W
Thu Sep  4 21:18:18 IDT 2025, 347 W
Thu Sep  4 21:18:18 IDT 2025, 370 W
Thu Sep  4 21:18:19 IDT 2025, 358 W
Thu Sep  4 21:18:19 IDT 2025, 362 W
Thu Sep  4 21:18:19 IDT 2025, 356 W
Thu Sep  4 21:18:19 IDT 2025, 373 W
Thu Sep  4 21:18:20 IDT 2025, 346 W
Thu Sep  4 21:18:20 IDT 2025, 348 W
Thu Sep  4 21:18:20 IDT 2025, 345 W
Thu Sep  4 21:18:20 IDT 2025, 368 W
Thu Sep  4 21:18:21 IDT 2025, 344 W
Thu Sep  4 21:18:21 IDT 2025, 347 W
Thu Sep  4 21:18:21 IDT 2025, 351 W
Thu Sep  4 21:18:21 IDT 2025, 372 W
Thu Sep  4 21:18:22 IDT 2025, 364 W
Thu Sep  4 21:18:22 IDT 2025, 366 W
Thu Sep  4 21:18:22 IDT 2025, 335 W
Thu Sep  4 21:18:22 IDT 2025, 389 W
Thu Sep  4 21:18:23 IDT 2025, 359 W
Thu Sep  4 21:18:23 IDT 2025, 355 W
Thu Sep  4 21:18:23 IDT 2025, 353 W
Thu Sep  4 21:18:23 IDT 2025, 376 W
Thu Sep  4 21:18:24 IDT 2025, 357 W
Thu Sep  4 21:18:24 IDT 2025, 358 W
Thu Sep  4 21:18:24 IDT 2025, 350 W
Thu Sep  4 21:18:24 IDT 2025, 379 W
Thu Sep  4 21:18:25 IDT 2025, 358 W
Thu Sep  4 21:18:25 IDT 2025, 356 W
Thu Sep  4 21:18:25 IDT 2025, 353 W
Thu Sep  4 21:18:25 IDT 2025, 378 W
Thu Sep  4 21:18:26 IDT 2025, 355 W
Thu Sep  4 21:18:26 IDT 2025, 362 W
Thu Sep  4 21:18:26 IDT 2025, 349 W
Thu Sep  4 21:18:26 IDT 2025, 374 W
Thu Sep  4 21:18:27 IDT 2025, 351 W
Thu Sep  4 21:18:27 IDT 2025, 356 W
Thu Sep  4 21:18:27 IDT 2025, 342 W
Thu Sep  4 21:18:27 IDT 2025, 363 W
Thu Sep  4 21:18:28 IDT 2025, 355 W
Thu Sep  4 21:18:28 IDT 2025, 353 W
Thu Sep  4 21:18:28 IDT 2025, 346 W
Thu Sep  4 21:18:28 IDT 2025, 366 W
Thu Sep  4 21:18:29 IDT 2025, 348 W
Thu Sep  4 21:18:29 IDT 2025, 349 W
Thu Sep  4 21:18:29 IDT 2025, 345 W
Thu Sep  4 21:18:29 IDT 2025, 365 W
Thu Sep  4 21:18:30 IDT 2025, 352 W
Thu Sep  4 21:18:30 IDT 2025, 351 W
Thu Sep  4 21:18:30 IDT 2025, 350 W
Thu Sep  4 21:18:30 IDT 2025, 369 W
Thu Sep  4 21:18:31 IDT 2025, 359 W
Thu Sep  4 21:18:31 IDT 2025, 363 W
Thu Sep  4 21:18:31 IDT 2025, 353 W
Thu Sep  4 21:18:31 IDT 2025, 375 W
Thu Sep  4 21:18:32 IDT 2025, 354 W
Thu Sep  4 21:18:32 IDT 2025, 357 W
Thu Sep  4 21:18:32 IDT 2025, 350 W
Thu Sep  4 21:18:32 IDT 2025, 375 W
Thu Sep  4 21:18:33 IDT 2025, 358 W
Thu Sep  4 21:18:33 IDT 2025, 358 W
Thu Sep  4 21:18:33 IDT 2025, 353 W
Thu Sep  4 21:18:33 IDT 2025, 374 W
Thu Sep  4 21:18:34 IDT 2025, 338 W
Thu Sep  4 21:18:34 IDT 2025, 336 W
Thu Sep  4 21:18:34 IDT 2025, 326 W
Thu Sep  4 21:18:34 IDT 2025, 315 W
Thu Sep  4 21:18:35 IDT 2025, 355 W
Thu Sep  4 21:18:35 IDT 2025, 358 W
Thu Sep  4 21:18:35 IDT 2025, 353 W
Thu Sep  4 21:18:35 IDT 2025, 373 W
Thu Sep  4 21:18:36 IDT 2025, 354 W
Thu Sep  4 21:18:36 IDT 2025, 360 W
Thu Sep  4 21:18:36 IDT 2025, 347 W
Thu Sep  4 21:18:36 IDT 2025, 373 W
Thu Sep  4 21:18:37 IDT 2025, 353 W
Thu Sep  4 21:18:37 IDT 2025, 353 W
Thu Sep  4 21:18:37 IDT 2025, 349 W
Thu Sep  4 21:18:37 IDT 2025, 372 W
Thu Sep  4 21:18:38 IDT 2025, 358 W
Thu Sep  4 21:18:38 IDT 2025, 357 W
Thu Sep  4 21:18:38 IDT 2025, 351 W
Thu Sep  4 21:18:38 IDT 2025, 370 W
Thu Sep  4 21:18:39 IDT 2025, 357 W
Thu Sep  4 21:18:39 IDT 2025, 362 W
Thu Sep  4 21:18:39 IDT 2025, 352 W
Thu Sep  4 21:18:39 IDT 2025, 377 W
Thu Sep  4 21:18:40 IDT 2025, 354 W
Thu Sep  4 21:18:40 IDT 2025, 356 W
Thu Sep  4 21:18:40 IDT 2025, 341 W
Thu Sep  4 21:18:40 IDT 2025, 369 W
Thu Sep  4 21:18:41 IDT 2025, 357 W
Thu Sep  4 21:18:41 IDT 2025, 354 W
Thu Sep  4 21:18:41 IDT 2025, 349 W
Thu Sep  4 21:18:41 IDT 2025, 373 W
Thu Sep  4 21:18:42 IDT 2025, 361 W
Thu Sep  4 21:18:42 IDT 2025, 359 W
Thu Sep  4 21:18:42 IDT 2025, 355 W
Thu Sep  4 21:18:42 IDT 2025, 380 W
Thu Sep  4 21:18:43 IDT 2025, 363 W
Thu Sep  4 21:18:43 IDT 2025, 366 W
Thu Sep  4 21:18:43 IDT 2025, 352 W
Thu Sep  4 21:18:43 IDT 2025, 377 W
Thu Sep  4 21:18:44 IDT 2025, 359 W
Thu Sep  4 21:18:44 IDT 2025, 360 W
Thu Sep  4 21:18:44 IDT 2025, 352 W
Thu Sep  4 21:18:44 IDT 2025, 374 W
Thu Sep  4 21:18:45 IDT 2025, 354 W
Thu Sep  4 21:18:45 IDT 2025, 354 W
Thu Sep  4 21:18:45 IDT 2025, 349 W
Thu Sep  4 21:18:45 IDT 2025, 368 W
Thu Sep  4 21:18:46 IDT 2025, 351 W
Thu Sep  4 21:18:46 IDT 2025, 351 W
Thu Sep  4 21:18:46 IDT 2025, 346 W
Thu Sep  4 21:18:46 IDT 2025, 362 W
Thu Sep  4 21:18:47 IDT 2025, 350 W
Thu Sep  4 21:18:47 IDT 2025, 355 W
Thu Sep  4 21:18:47 IDT 2025, 344 W
Thu Sep  4 21:18:47 IDT 2025, 366 W
Thu Sep  4 21:18:48 IDT 2025, 362 W
Thu Sep  4 21:18:48 IDT 2025, 362 W
Thu Sep  4 21:18:48 IDT 2025, 358 W
Thu Sep  4 21:18:48 IDT 2025, 385 W
Thu Sep  4 21:18:49 IDT 2025, 360 W
Thu Sep  4 21:18:49 IDT 2025, 359 W
Thu Sep  4 21:18:49 IDT 2025, 350 W
Thu Sep  4 21:18:49 IDT 2025, 374 W
Thu Sep  4 21:18:50 IDT 2025, 364 W
Thu Sep  4 21:18:50 IDT 2025, 366 W
Thu Sep  4 21:18:50 IDT 2025, 352 W
Thu Sep  4 21:18:50 IDT 2025, 377 W
Thu Sep  4 21:18:51 IDT 2025, 358 W
Thu Sep  4 21:18:51 IDT 2025, 361 W
Thu Sep  4 21:18:51 IDT 2025, 352 W
Thu Sep  4 21:18:51 IDT 2025, 374 W
Thu Sep  4 21:18:52 IDT 2025, 352 W
Thu Sep  4 21:18:52 IDT 2025, 350 W
Thu Sep  4 21:18:52 IDT 2025, 348 W
Thu Sep  4 21:18:52 IDT 2025, 363 W
Thu Sep  4 21:18:53 IDT 2025, 353 W
Thu Sep  4 21:18:53 IDT 2025, 348 W
Thu Sep  4 21:18:53 IDT 2025, 345 W
Thu Sep  4 21:18:53 IDT 2025, 363 W
Thu Sep  4 21:18:54 IDT 2025, 349 W
Thu Sep  4 21:18:54 IDT 2025, 349 W
Thu Sep  4 21:18:54 IDT 2025, 345 W
Thu Sep  4 21:18:54 IDT 2025, 361 W
Thu Sep  4 21:18:55 IDT 2025, 354 W
Thu Sep  4 21:18:55 IDT 2025, 357 W
Thu Sep  4 21:18:55 IDT 2025, 349 W
Thu Sep  4 21:18:55 IDT 2025, 371 W
Thu Sep  4 21:18:56 IDT 2025, 362 W
Thu Sep  4 21:18:56 IDT 2025, 364 W
Thu Sep  4 21:18:56 IDT 2025, 354 W
Thu Sep  4 21:18:56 IDT 2025, 379 W
Thu Sep  4 21:18:57 IDT 2025, 357 W
Thu Sep  4 21:18:57 IDT 2025, 360 W
Thu Sep  4 21:18:57 IDT 2025, 353 W
Thu Sep  4 21:18:57 IDT 2025, 378 W
Thu Sep  4 21:18:58 IDT 2025, 360 W
Thu Sep  4 21:18:58 IDT 2025, 360 W
Thu Sep  4 21:18:58 IDT 2025, 356 W
Thu Sep  4 21:18:58 IDT 2025, 379 W
Thu Sep  4 21:18:59 IDT 2025, 353 W
Thu Sep  4 21:18:59 IDT 2025, 356 W
Thu Sep  4 21:18:59 IDT 2025, 346 W
Thu Sep  4 21:18:59 IDT 2025, 368 W
Thu Sep  4 21:19:00 IDT 2025, 361 W
Thu Sep  4 21:19:00 IDT 2025, 363 W
Thu Sep  4 21:19:00 IDT 2025, 334 W
Thu Sep  4 21:19:00 IDT 2025, 384 W
Thu Sep  4 21:19:01 IDT 2025, 363 W
Thu Sep  4 21:19:01 IDT 2025, 363 W
Thu Sep  4 21:19:01 IDT 2025, 357 W
Thu Sep  4 21:19:01 IDT 2025, 381 W
Thu Sep  4 21:19:02 IDT 2025, 352 W
Thu Sep  4 21:19:02 IDT 2025, 353 W
Thu Sep  4 21:19:02 IDT 2025, 340 W
Thu Sep  4 21:19:02 IDT 2025, 345 W
Thu Sep  4 21:19:03 IDT 2025, 344 W
Thu Sep  4 21:19:03 IDT 2025, 345 W
Thu Sep  4 21:19:03 IDT 2025, 340 W
Thu Sep  4 21:19:03 IDT 2025, 354 W
Thu Sep  4 21:19:04 IDT 2025, 352 W
Thu Sep  4 21:19:04 IDT 2025, 353 W
Thu Sep  4 21:19:04 IDT 2025, 343 W
Thu Sep  4 21:19:04 IDT 2025, 360 W
Thu Sep  4 21:19:05 IDT 2025, 345 W
Thu Sep  4 21:19:05 IDT 2025, 348 W
Thu Sep  4 21:19:05 IDT 2025, 338 W
Thu Sep  4 21:19:05 IDT 2025, 352 W
Thu Sep  4 21:19:06 IDT 2025, 352 W
Thu Sep  4 21:19:06 IDT 2025, 356 W
Thu Sep  4 21:19:06 IDT 2025, 341 W
Thu Sep  4 21:19:06 IDT 2025, 360 W
Thu Sep  4 21:19:07 IDT 2025, 352 W
Thu Sep  4 21:19:07 IDT 2025, 359 W
Thu Sep  4 21:19:07 IDT 2025, 344 W
Thu Sep  4 21:19:07 IDT 2025, 370 W
Thu Sep  4 21:19:08 IDT 2025, 362 W
Thu Sep  4 21:19:08 IDT 2025, 359 W
Thu Sep  4 21:19:08 IDT 2025, 354 W
Thu Sep  4 21:19:08 IDT 2025, 378 W
Thu Sep  4 21:19:09 IDT 2025, 353 W
Thu Sep  4 21:19:09 IDT 2025, 356 W
Thu Sep  4 21:19:09 IDT 2025, 344 W
Thu Sep  4 21:19:09 IDT 2025, 366 W
Thu Sep  4 21:19:10 IDT 2025, 358 W
Thu Sep  4 21:19:10 IDT 2025, 361 W
Thu Sep  4 21:19:10 IDT 2025, 353 W
Thu Sep  4 21:19:10 IDT 2025, 375 W
Thu Sep  4 21:19:11 IDT 2025, 366 W
Thu Sep  4 21:19:11 IDT 2025, 367 W
Thu Sep  4 21:19:11 IDT 2025, 345 W
Thu Sep  4 21:19:11 IDT 2025, 385 W
Thu Sep  4 21:19:12 IDT 2025, 362 W
Thu Sep  4 21:19:12 IDT 2025, 364 W
Thu Sep  4 21:19:12 IDT 2025, 351 W
Thu Sep  4 21:19:12 IDT 2025, 375 W
Thu Sep  4 21:19:13 IDT 2025, 359 W
Thu Sep  4 21:19:13 IDT 2025, 361 W
Thu Sep  4 21:19:13 IDT 2025, 354 W
Thu Sep  4 21:19:13 IDT 2025, 375 W
Thu Sep  4 21:19:14 IDT 2025, 357 W
Thu Sep  4 21:19:14 IDT 2025, 360 W
Thu Sep  4 21:19:14 IDT 2025, 351 W
Thu Sep  4 21:19:14 IDT 2025, 375 W
Thu Sep  4 21:19:15 IDT 2025, 361 W
Thu Sep  4 21:19:15 IDT 2025, 364 W
Thu Sep  4 21:19:15 IDT 2025, 352 W
Thu Sep  4 21:19:15 IDT 2025, 375 W
Thu Sep  4 21:19:16 IDT 2025, 326 W
Thu Sep  4 21:19:16 IDT 2025, 327 W
Thu Sep  4 21:19:16 IDT 2025, 329 W
Thu Sep  4 21:19:16 IDT 2025, 351 W
Thu Sep  4 21:19:17 IDT 2025, 350 W
Thu Sep  4 21:19:17 IDT 2025, 354 W
Thu Sep  4 21:19:17 IDT 2025, 348 W
Thu Sep  4 21:19:17 IDT 2025, 371 W
Thu Sep  4 21:19:18 IDT 2025, 349 W
Thu Sep  4 21:19:18 IDT 2025, 351 W
Thu Sep  4 21:19:18 IDT 2025, 351 W
Thu Sep  4 21:19:18 IDT 2025, 374 W
Thu Sep  4 21:19:19 IDT 2025, 368 W
Thu Sep  4 21:19:19 IDT 2025, 369 W
Thu Sep  4 21:19:19 IDT 2025, 352 W
Thu Sep  4 21:19:19 IDT 2025, 378 W
Thu Sep  4 21:19:20 IDT 2025, 359 W
Thu Sep  4 21:19:20 IDT 2025, 360 W
Thu Sep  4 21:19:20 IDT 2025, 358 W
Thu Sep  4 21:19:20 IDT 2025, 381 W
Thu Sep  4 21:19:21 IDT 2025, 361 W
Thu Sep  4 21:19:21 IDT 2025, 363 W
Thu Sep  4 21:19:21 IDT 2025, 353 W
Thu Sep  4 21:19:21 IDT 2025, 379 W
Thu Sep  4 21:19:22 IDT 2025, 359 W
Thu Sep  4 21:19:22 IDT 2025, 361 W
Thu Sep  4 21:19:22 IDT 2025, 350 W
Thu Sep  4 21:19:22 IDT 2025, 375 W
Thu Sep  4 21:19:23 IDT 2025, 356 W
Thu Sep  4 21:19:23 IDT 2025, 350 W
Thu Sep  4 21:19:23 IDT 2025, 356 W
Thu Sep  4 21:19:23 IDT 2025, 375 W
Thu Sep  4 21:19:24 IDT 2025, 342 W
Thu Sep  4 21:19:24 IDT 2025, 347 W
Thu Sep  4 21:19:24 IDT 2025, 345 W
Thu Sep  4 21:19:24 IDT 2025, 360 W
Thu Sep  4 21:19:25 IDT 2025, 328 W
Thu Sep  4 21:19:25 IDT 2025, 331 W
Thu Sep  4 21:19:25 IDT 2025, 333 W
Thu Sep  4 21:19:25 IDT 2025, 340 W
Thu Sep  4 21:19:26 IDT 2025, 357 W
Thu Sep  4 21:19:26 IDT 2025, 361 W
Thu Sep  4 21:19:26 IDT 2025, 350 W
Thu Sep  4 21:19:26 IDT 2025, 373 W
Thu Sep  4 21:19:27 IDT 2025, 351 W
Thu Sep  4 21:19:27 IDT 2025, 356 W
Thu Sep  4 21:19:27 IDT 2025, 354 W
Thu Sep  4 21:19:27 IDT 2025, 371 W
Thu Sep  4 21:19:28 IDT 2025, 357 W
Thu Sep  4 21:19:28 IDT 2025, 361 W
Thu Sep  4 21:19:28 IDT 2025, 352 W
Thu Sep  4 21:19:28 IDT 2025, 375 W
Thu Sep  4 21:19:29 IDT 2025, 352 W
Thu Sep  4 21:19:29 IDT 2025, 358 W
Thu Sep  4 21:19:29 IDT 2025, 354 W
Thu Sep  4 21:19:29 IDT 2025, 374 W
Thu Sep  4 21:19:30 IDT 2025, 350 W
Thu Sep  4 21:19:30 IDT 2025, 356 W
Thu Sep  4 21:19:30 IDT 2025, 348 W
Thu Sep  4 21:19:30 IDT 2025, 370 W
Thu Sep  4 21:19:31 IDT 2025, 344 W
Thu Sep  4 21:19:31 IDT 2025, 346 W
Thu Sep  4 21:19:31 IDT 2025, 348 W
Thu Sep  4 21:19:31 IDT 2025, 360 W
Thu Sep  4 21:19:32 IDT 2025, 344 W
Thu Sep  4 21:19:32 IDT 2025, 347 W
Thu Sep  4 21:19:32 IDT 2025, 347 W
Thu Sep  4 21:19:32 IDT 2025, 361 W
Thu Sep  4 21:19:33 IDT 2025, 359 W
Thu Sep  4 21:19:33 IDT 2025, 362 W
Thu Sep  4 21:19:33 IDT 2025, 358 W
Thu Sep  4 21:19:33 IDT 2025, 379 W
Thu Sep  4 21:19:34 IDT 2025, 353 W
Thu Sep  4 21:19:34 IDT 2025, 357 W
Thu Sep  4 21:19:34 IDT 2025, 348 W
Thu Sep  4 21:19:34 IDT 2025, 364 W
Thu Sep  4 21:19:35 IDT 2025, 352 W
Thu Sep  4 21:19:35 IDT 2025, 356 W
Thu Sep  4 21:19:35 IDT 2025, 356 W
Thu Sep  4 21:19:35 IDT 2025, 374 W
Thu Sep  4 21:19:36 IDT 2025, 348 W
Thu Sep  4 21:19:36 IDT 2025, 352 W
Thu Sep  4 21:19:36 IDT 2025, 342 W
Thu Sep  4 21:19:36 IDT 2025, 368 W
Thu Sep  4 21:19:37 IDT 2025, 348 W
Thu Sep  4 21:19:37 IDT 2025, 351 W
Thu Sep  4 21:19:37 IDT 2025, 352 W
Thu Sep  4 21:19:37 IDT 2025, 371 W
Thu Sep  4 21:19:38 IDT 2025, 344 W
Thu Sep  4 21:19:38 IDT 2025, 345 W
Thu Sep  4 21:19:38 IDT 2025, 343 W
Thu Sep  4 21:19:38 IDT 2025, 354 W
Thu Sep  4 21:19:39 IDT 2025, 358 W
Thu Sep  4 21:19:39 IDT 2025, 358 W
Thu Sep  4 21:19:39 IDT 2025, 348 W
Thu Sep  4 21:19:39 IDT 2025, 372 W
Thu Sep  4 21:19:40 IDT 2025, 360 W
Thu Sep  4 21:19:40 IDT 2025, 365 W
Thu Sep  4 21:19:40 IDT 2025, 355 W
Thu Sep  4 21:19:40 IDT 2025, 382 W
Thu Sep  4 21:19:41 IDT 2025, 356 W
Thu Sep  4 21:19:41 IDT 2025, 358 W
Thu Sep  4 21:19:41 IDT 2025, 352 W
Thu Sep  4 21:19:41 IDT 2025, 368 W
Thu Sep  4 21:19:42 IDT 2025, 358 W
Thu Sep  4 21:19:42 IDT 2025, 360 W
Thu Sep  4 21:19:42 IDT 2025, 358 W
Thu Sep  4 21:19:42 IDT 2025, 376 W
Thu Sep  4 21:19:43 IDT 2025, 364 W
Thu Sep  4 21:19:43 IDT 2025, 365 W
Thu Sep  4 21:19:43 IDT 2025, 355 W
Thu Sep  4 21:19:43 IDT 2025, 380 W
Thu Sep  4 21:19:44 IDT 2025, 359 W
Thu Sep  4 21:19:44 IDT 2025, 361 W
Thu Sep  4 21:19:44 IDT 2025, 359 W
Thu Sep  4 21:19:44 IDT 2025, 378 W
Thu Sep  4 21:19:45 IDT 2025, 346 W
Thu Sep  4 21:19:45 IDT 2025, 352 W
Thu Sep  4 21:19:45 IDT 2025, 337 W
Thu Sep  4 21:19:45 IDT 2025, 324 W
Thu Sep  4 21:19:46 IDT 2025, 344 W
Thu Sep  4 21:19:46 IDT 2025, 345 W
Thu Sep  4 21:19:46 IDT 2025, 337 W
Thu Sep  4 21:19:46 IDT 2025, 330 W
Thu Sep  4 21:19:47 IDT 2025, 351 W
Thu Sep  4 21:19:47 IDT 2025, 353 W
Thu Sep  4 21:19:47 IDT 2025, 339 W
Thu Sep  4 21:19:47 IDT 2025, 328 W
Thu Sep  4 21:19:48 IDT 2025, 360 W
Thu Sep  4 21:19:48 IDT 2025, 363 W
Thu Sep  4 21:19:48 IDT 2025, 337 W
Thu Sep  4 21:19:48 IDT 2025, 393 W
Thu Sep  4 21:19:49 IDT 2025, 360 W
Thu Sep  4 21:19:49 IDT 2025, 363 W
Thu Sep  4 21:19:49 IDT 2025, 357 W
Thu Sep  4 21:19:49 IDT 2025, 382 W
Thu Sep  4 21:19:50 IDT 2025, 352 W
Thu Sep  4 21:19:50 IDT 2025, 356 W
Thu Sep  4 21:19:50 IDT 2025, 352 W
Thu Sep  4 21:19:50 IDT 2025, 374 W
Thu Sep  4 21:19:51 IDT 2025, 358 W
Thu Sep  4 21:19:51 IDT 2025, 361 W
Thu Sep  4 21:19:51 IDT 2025, 349 W
Thu Sep  4 21:19:51 IDT 2025, 373 W
Thu Sep  4 21:19:52 IDT 2025, 353 W
Thu Sep  4 21:19:52 IDT 2025, 355 W
Thu Sep  4 21:19:52 IDT 2025, 351 W
Thu Sep  4 21:19:52 IDT 2025, 372 W
Thu Sep  4 21:19:53 IDT 2025, 372 W
Thu Sep  4 21:19:53 IDT 2025, 367 W
Thu Sep  4 21:19:53 IDT 2025, 347 W
Thu Sep  4 21:19:53 IDT 2025, 380 W
Thu Sep  4 21:19:54 IDT 2025, 360 W
Thu Sep  4 21:19:54 IDT 2025, 363 W
Thu Sep  4 21:19:54 IDT 2025, 354 W
Thu Sep  4 21:19:54 IDT 2025, 377 W
Thu Sep  4 21:19:55 IDT 2025, 362 W
Thu Sep  4 21:19:55 IDT 2025, 362 W
Thu Sep  4 21:19:55 IDT 2025, 350 W
Thu Sep  4 21:19:55 IDT 2025, 375 W
Thu Sep  4 21:19:56 IDT 2025, 346 W
Thu Sep  4 21:19:56 IDT 2025, 349 W
Thu Sep  4 21:19:56 IDT 2025, 342 W
Thu Sep  4 21:19:56 IDT 2025, 365 W
Thu Sep  4 21:19:57 IDT 2025, 358 W
Thu Sep  4 21:19:57 IDT 2025, 363 W
Thu Sep  4 21:19:57 IDT 2025, 354 W
Thu Sep  4 21:19:57 IDT 2025, 378 W
Thu Sep  4 21:19:58 IDT 2025, 347 W
Thu Sep  4 21:19:58 IDT 2025, 348 W
Thu Sep  4 21:19:58 IDT 2025, 349 W
Thu Sep  4 21:19:58 IDT 2025, 360 W
Thu Sep  4 21:19:59 IDT 2025, 350 W
Thu Sep  4 21:19:59 IDT 2025, 350 W
Thu Sep  4 21:19:59 IDT 2025, 353 W
Thu Sep  4 21:19:59 IDT 2025, 367 W
Thu Sep  4 21:20:00 IDT 2025, 369 W
Thu Sep  4 21:20:00 IDT 2025, 371 W
Thu Sep  4 21:20:00 IDT 2025, 340 W
Thu Sep  4 21:20:00 IDT 2025, 380 W
Thu Sep  4 21:20:01 IDT 2025, 356 W
Thu Sep  4 21:20:01 IDT 2025, 359 W
Thu Sep  4 21:20:01 IDT 2025, 356 W
Thu Sep  4 21:20:01 IDT 2025, 377 W
Thu Sep  4 21:20:02 IDT 2025, 360 W
Thu Sep  4 21:20:02 IDT 2025, 362 W
Thu Sep  4 21:20:02 IDT 2025, 357 W
Thu Sep  4 21:20:02 IDT 2025, 375 W
Thu Sep  4 21:20:03 IDT 2025, 362 W
Thu Sep  4 21:20:03 IDT 2025, 363 W
Thu Sep  4 21:20:03 IDT 2025, 355 W
Thu Sep  4 21:20:03 IDT 2025, 379 W
Thu Sep  4 21:20:04 IDT 2025, 360 W
Thu Sep  4 21:20:04 IDT 2025, 361 W
Thu Sep  4 21:20:04 IDT 2025, 360 W
Thu Sep  4 21:20:04 IDT 2025, 377 W
Thu Sep  4 21:20:05 IDT 2025, 345 W
Thu Sep  4 21:20:05 IDT 2025, 344 W
Thu Sep  4 21:20:05 IDT 2025, 340 W
Thu Sep  4 21:20:05 IDT 2025, 356 W
Thu Sep  4 21:20:06 IDT 2025, 341 W
Thu Sep  4 21:20:06 IDT 2025, 343 W
Thu Sep  4 21:20:06 IDT 2025, 338 W
Thu Sep  4 21:20:06 IDT 2025, 354 W
Thu Sep  4 21:20:07 IDT 2025, 351 W
Thu Sep  4 21:20:07 IDT 2025, 351 W
Thu Sep  4 21:20:07 IDT 2025, 348 W
Thu Sep  4 21:20:07 IDT 2025, 366 W
Thu Sep  4 21:20:08 IDT 2025, 351 W
Thu Sep  4 21:20:08 IDT 2025, 352 W
Thu Sep  4 21:20:08 IDT 2025, 348 W
Thu Sep  4 21:20:08 IDT 2025, 363 W
Thu Sep  4 21:20:09 IDT 2025, 356 W
Thu Sep  4 21:20:09 IDT 2025, 355 W
Thu Sep  4 21:20:09 IDT 2025, 343 W
Thu Sep  4 21:20:09 IDT 2025, 366 W
Thu Sep  4 21:20:10 IDT 2025, 357 W
Thu Sep  4 21:20:10 IDT 2025, 357 W
Thu Sep  4 21:20:10 IDT 2025, 345 W
Thu Sep  4 21:20:10 IDT 2025, 367 W
Thu Sep  4 21:20:11 IDT 2025, 354 W
Thu Sep  4 21:20:11 IDT 2025, 354 W
Thu Sep  4 21:20:11 IDT 2025, 351 W
Thu Sep  4 21:20:11 IDT 2025, 369 W
Thu Sep  4 21:20:12 IDT 2025, 361 W
Thu Sep  4 21:20:12 IDT 2025, 365 W
Thu Sep  4 21:20:12 IDT 2025, 355 W
Thu Sep  4 21:20:12 IDT 2025, 379 W
Thu Sep  4 21:20:13 IDT 2025, 358 W
Thu Sep  4 21:20:13 IDT 2025, 359 W
Thu Sep  4 21:20:13 IDT 2025, 356 W
Thu Sep  4 21:20:13 IDT 2025, 376 W
Thu Sep  4 21:20:14 IDT 2025, 356 W
Thu Sep  4 21:20:14 IDT 2025, 361 W
Thu Sep  4 21:20:14 IDT 2025, 346 W
Thu Sep  4 21:20:14 IDT 2025, 375 W
Thu Sep  4 21:20:15 IDT 2025, 352 W
Thu Sep  4 21:20:15 IDT 2025, 354 W
Thu Sep  4 21:20:15 IDT 2025, 336 W
Thu Sep  4 21:20:15 IDT 2025, 325 W
Thu Sep  4 21:20:16 IDT 2025, 346 W
Thu Sep  4 21:20:16 IDT 2025, 348 W
Thu Sep  4 21:20:16 IDT 2025, 343 W
Thu Sep  4 21:20:16 IDT 2025, 334 W
Thu Sep  4 21:20:17 IDT 2025, 359 W
Thu Sep  4 21:20:17 IDT 2025, 358 W
Thu Sep  4 21:20:17 IDT 2025, 350 W
Thu Sep  4 21:20:17 IDT 2025, 372 W
Thu Sep  4 21:20:18 IDT 2025, 356 W
Thu Sep  4 21:20:18 IDT 2025, 353 W
Thu Sep  4 21:20:18 IDT 2025, 351 W
Thu Sep  4 21:20:18 IDT 2025, 374 W
Thu Sep  4 21:20:19 IDT 2025, 358 W
Thu Sep  4 21:20:19 IDT 2025, 356 W
Thu Sep  4 21:20:19 IDT 2025, 350 W
Thu Sep  4 21:20:19 IDT 2025, 368 W
Thu Sep  4 21:20:20 IDT 2025, 356 W
Thu Sep  4 21:20:20 IDT 2025, 351 W
Thu Sep  4 21:20:20 IDT 2025, 342 W
Thu Sep  4 21:20:20 IDT 2025, 370 W
Thu Sep  4 21:20:21 IDT 2025, 351 W
Thu Sep  4 21:20:21 IDT 2025, 350 W
Thu Sep  4 21:20:21 IDT 2025, 348 W
Thu Sep  4 21:20:21 IDT 2025, 370 W
Thu Sep  4 21:20:22 IDT 2025, 352 W
Thu Sep  4 21:20:22 IDT 2025, 352 W
Thu Sep  4 21:20:22 IDT 2025, 349 W
Thu Sep  4 21:20:22 IDT 2025, 371 W
Thu Sep  4 21:20:23 IDT 2025, 356 W
Thu Sep  4 21:20:23 IDT 2025, 348 W
Thu Sep  4 21:20:23 IDT 2025, 351 W
Thu Sep  4 21:20:23 IDT 2025, 371 W
Thu Sep  4 21:20:24 IDT 2025, 356 W
Thu Sep  4 21:20:24 IDT 2025, 356 W
Thu Sep  4 21:20:24 IDT 2025, 348 W
Thu Sep  4 21:20:24 IDT 2025, 375 W
Thu Sep  4 21:20:25 IDT 2025, 362 W
Thu Sep  4 21:20:25 IDT 2025, 358 W
Thu Sep  4 21:20:25 IDT 2025, 349 W
Thu Sep  4 21:20:25 IDT 2025, 378 W
Thu Sep  4 21:20:26 IDT 2025, 350 W
Thu Sep  4 21:20:26 IDT 2025, 348 W
Thu Sep  4 21:20:26 IDT 2025, 351 W
Thu Sep  4 21:20:26 IDT 2025, 367 W
Thu Sep  4 21:20:27 IDT 2025, 351 W
Thu Sep  4 21:20:27 IDT 2025, 345 W
Thu Sep  4 21:20:27 IDT 2025, 352 W
Thu Sep  4 21:20:27 IDT 2025, 368 W
Thu Sep  4 21:20:28 IDT 2025, 356 W
Thu Sep  4 21:20:28 IDT 2025, 350 W
Thu Sep  4 21:20:28 IDT 2025, 348 W
Thu Sep  4 21:20:28 IDT 2025, 373 W
Thu Sep  4 21:20:29 IDT 2025, 352 W
Thu Sep  4 21:20:29 IDT 2025, 346 W
Thu Sep  4 21:20:29 IDT 2025, 347 W
Thu Sep  4 21:20:29 IDT 2025, 365 W
Thu Sep  4 21:20:30 IDT 2025, 357 W
Thu Sep  4 21:20:30 IDT 2025, 350 W
Thu Sep  4 21:20:30 IDT 2025, 353 W
Thu Sep  4 21:20:30 IDT 2025, 374 W
Thu Sep  4 21:20:31 IDT 2025, 349 W
Thu Sep  4 21:20:31 IDT 2025, 349 W
Thu Sep  4 21:20:31 IDT 2025, 350 W
Thu Sep  4 21:20:31 IDT 2025, 358 W
Thu Sep  4 21:20:32 IDT 2025, 355 W
Thu Sep  4 21:20:32 IDT 2025, 354 W
Thu Sep  4 21:20:32 IDT 2025, 357 W
Thu Sep  4 21:20:32 IDT 2025, 374 W
Thu Sep  4 21:20:33 IDT 2025, 356 W
Thu Sep  4 21:20:33 IDT 2025, 351 W
Thu Sep  4 21:20:33 IDT 2025, 354 W
Thu Sep  4 21:20:33 IDT 2025, 370 W
Thu Sep  4 21:20:34 IDT 2025, 353 W
Thu Sep  4 21:20:34 IDT 2025, 349 W
Thu Sep  4 21:20:34 IDT 2025, 350 W
Thu Sep  4 21:20:34 IDT 2025, 375 W
Thu Sep  4 21:20:35 IDT 2025, 356 W
Thu Sep  4 21:20:35 IDT 2025, 351 W
Thu Sep  4 21:20:35 IDT 2025, 356 W
Thu Sep  4 21:20:35 IDT 2025, 372 W
Thu Sep  4 21:20:36 IDT 2025, 345 W
Thu Sep  4 21:20:36 IDT 2025, 346 W
Thu Sep  4 21:20:36 IDT 2025, 344 W
Thu Sep  4 21:20:36 IDT 2025, 355 W
Thu Sep  4 21:20:37 IDT 2025, 338 W
Thu Sep  4 21:20:37 IDT 2025, 339 W
Thu Sep  4 21:20:37 IDT 2025, 334 W
Thu Sep  4 21:20:37 IDT 2025, 332 W
Thu Sep  4 21:20:38 IDT 2025, 346 W
Thu Sep  4 21:20:38 IDT 2025, 326 W
Thu Sep  4 21:20:38 IDT 2025, 345 W
Thu Sep  4 21:20:38 IDT 2025, 365 W
Thu Sep  4 21:20:39 IDT 2025, 348 W
Thu Sep  4 21:20:39 IDT 2025, 347 W
Thu Sep  4 21:20:39 IDT 2025, 345 W
Thu Sep  4 21:20:39 IDT 2025, 342 W
Thu Sep  4 21:20:40 IDT 2025, 346 W
Thu Sep  4 21:20:40 IDT 2025, 345 W
Thu Sep  4 21:20:40 IDT 2025, 340 W
Thu Sep  4 21:20:40 IDT 2025, 334 W
Thu Sep  4 21:20:41 IDT 2025, 345 W
Thu Sep  4 21:20:41 IDT 2025, 345 W
Thu Sep  4 21:20:41 IDT 2025, 341 W
Thu Sep  4 21:20:41 IDT 2025, 341 W
Thu Sep  4 21:20:42 IDT 2025, 358 W
Thu Sep  4 21:20:42 IDT 2025, 365 W
Thu Sep  4 21:20:42 IDT 2025, 354 W
Thu Sep  4 21:20:42 IDT 2025, 378 W
Thu Sep  4 21:20:43 IDT 2025, 365 W
Thu Sep  4 21:20:43 IDT 2025, 360 W
Thu Sep  4 21:20:43 IDT 2025, 354 W
Thu Sep  4 21:20:43 IDT 2025, 381 W
Thu Sep  4 21:20:44 IDT 2025, 363 W
Thu Sep  4 21:20:44 IDT 2025, 358 W
Thu Sep  4 21:20:44 IDT 2025, 353 W
Thu Sep  4 21:20:44 IDT 2025, 381 W
Thu Sep  4 21:20:45 IDT 2025, 344 W
Thu Sep  4 21:20:45 IDT 2025, 348 W
Thu Sep  4 21:20:45 IDT 2025, 341 W
Thu Sep  4 21:20:45 IDT 2025, 349 W
Thu Sep  4 21:20:46 IDT 2025, 343 W
Thu Sep  4 21:20:46 IDT 2025, 346 W
Thu Sep  4 21:20:46 IDT 2025, 341 W
Thu Sep  4 21:20:46 IDT 2025, 344 W
Thu Sep  4 21:20:47 IDT 2025, 346 W
Thu Sep  4 21:20:47 IDT 2025, 346 W
Thu Sep  4 21:20:47 IDT 2025, 342 W
Thu Sep  4 21:20:47 IDT 2025, 346 W
Thu Sep  4 21:20:48 IDT 2025, 347 W
Thu Sep  4 21:20:48 IDT 2025, 355 W
Thu Sep  4 21:20:48 IDT 2025, 341 W
Thu Sep  4 21:20:48 IDT 2025, 348 W
Thu Sep  4 21:20:49 IDT 2025, 359 W
Thu Sep  4 21:20:49 IDT 2025, 358 W
Thu Sep  4 21:20:49 IDT 2025, 355 W
Thu Sep  4 21:20:49 IDT 2025, 372 W
Thu Sep  4 21:20:50 IDT 2025, 355 W
Thu Sep  4 21:20:50 IDT 2025, 360 W
Thu Sep  4 21:20:50 IDT 2025, 351 W
Thu Sep  4 21:20:50 IDT 2025, 375 W
Thu Sep  4 21:20:51 IDT 2025, 371 W
Thu Sep  4 21:20:51 IDT 2025, 374 W
Thu Sep  4 21:20:51 IDT 2025, 343 W
Thu Sep  4 21:20:51 IDT 2025, 385 W
Thu Sep  4 21:20:52 IDT 2025, 371 W
Thu Sep  4 21:20:52 IDT 2025, 374 W
Thu Sep  4 21:20:52 IDT 2025, 336 W
Thu Sep  4 21:20:52 IDT 2025, 391 W
Thu Sep  4 21:20:53 IDT 2025, 360 W
Thu Sep  4 21:20:53 IDT 2025, 359 W
Thu Sep  4 21:20:53 IDT 2025, 357 W
Thu Sep  4 21:20:53 IDT 2025, 378 W
Thu Sep  4 21:20:54 IDT 2025, 355 W
Thu Sep  4 21:20:54 IDT 2025, 355 W
Thu Sep  4 21:20:54 IDT 2025, 345 W
Thu Sep  4 21:20:54 IDT 2025, 370 W
Thu Sep  4 21:20:55 IDT 2025, 354 W
Thu Sep  4 21:20:55 IDT 2025, 353 W
Thu Sep  4 21:20:55 IDT 2025, 351 W
Thu Sep  4 21:20:55 IDT 2025, 370 W
Thu Sep  4 21:20:56 IDT 2025, 356 W
Thu Sep  4 21:20:56 IDT 2025, 357 W
Thu Sep  4 21:20:56 IDT 2025, 344 W
Thu Sep  4 21:20:56 IDT 2025, 374 W
Thu Sep  4 21:20:57 IDT 2025, 353 W
Thu Sep  4 21:20:57 IDT 2025, 352 W
Thu Sep  4 21:20:57 IDT 2025, 340 W
Thu Sep  4 21:20:57 IDT 2025, 363 W
Thu Sep  4 21:20:58 IDT 2025, 348 W
Thu Sep  4 21:20:58 IDT 2025, 351 W
Thu Sep  4 21:20:58 IDT 2025, 337 W
Thu Sep  4 21:20:58 IDT 2025, 359 W
Thu Sep  4 21:20:59 IDT 2025, 353 W
Thu Sep  4 21:20:59 IDT 2025, 360 W
Thu Sep  4 21:20:59 IDT 2025, 337 W
Thu Sep  4 21:20:59 IDT 2025, 373 W
Thu Sep  4 21:21:00 IDT 2025, 349 W
Thu Sep  4 21:21:00 IDT 2025, 347 W
Thu Sep  4 21:21:00 IDT 2025, 335 W
Thu Sep  4 21:21:00 IDT 2025, 355 W
Thu Sep  4 21:21:01 IDT 2025, 344 W
Thu Sep  4 21:21:01 IDT 2025, 350 W
Thu Sep  4 21:21:01 IDT 2025, 336 W
Thu Sep  4 21:21:01 IDT 2025, 358 W
Thu Sep  4 21:21:02 IDT 2025, 362 W
Thu Sep  4 21:21:02 IDT 2025, 360 W
Thu Sep  4 21:21:02 IDT 2025, 351 W
Thu Sep  4 21:21:02 IDT 2025, 378 W
Thu Sep  4 21:21:03 IDT 2025, 355 W
Thu Sep  4 21:21:03 IDT 2025, 355 W
Thu Sep  4 21:21:03 IDT 2025, 355 W
Thu Sep  4 21:21:03 IDT 2025, 372 W
Thu Sep  4 21:21:04 IDT 2025, 355 W
Thu Sep  4 21:21:04 IDT 2025, 354 W
Thu Sep  4 21:21:04 IDT 2025, 349 W
Thu Sep  4 21:21:04 IDT 2025, 370 W
Thu Sep  4 21:21:05 IDT 2025, 355 W
Thu Sep  4 21:21:05 IDT 2025, 357 W
Thu Sep  4 21:21:05 IDT 2025, 351 W
Thu Sep  4 21:21:05 IDT 2025, 371 W
Thu Sep  4 21:21:06 IDT 2025, 353 W
Thu Sep  4 21:21:06 IDT 2025, 355 W
Thu Sep  4 21:21:06 IDT 2025, 350 W
Thu Sep  4 21:21:06 IDT 2025, 366 W
Thu Sep  4 21:21:07 IDT 2025, 351 W
Thu Sep  4 21:21:07 IDT 2025, 358 W
Thu Sep  4 21:21:07 IDT 2025, 349 W
Thu Sep  4 21:21:07 IDT 2025, 371 W
Thu Sep  4 21:21:08 IDT 2025, 356 W
Thu Sep  4 21:21:08 IDT 2025, 357 W
Thu Sep  4 21:21:08 IDT 2025, 352 W
Thu Sep  4 21:21:08 IDT 2025, 374 W
Thu Sep  4 21:21:09 IDT 2025, 353 W
Thu Sep  4 21:21:09 IDT 2025, 356 W
Thu Sep  4 21:21:09 IDT 2025, 347 W
Thu Sep  4 21:21:09 IDT 2025, 367 W
Thu Sep  4 21:21:10 IDT 2025, 354 W
Thu Sep  4 21:21:10 IDT 2025, 354 W
Thu Sep  4 21:21:10 IDT 2025, 355 W
Thu Sep  4 21:21:10 IDT 2025, 371 W
Thu Sep  4 21:21:11 IDT 2025, 358 W
Thu Sep  4 21:21:11 IDT 2025, 361 W
Thu Sep  4 21:21:11 IDT 2025, 347 W
Thu Sep  4 21:21:11 IDT 2025, 375 W
Thu Sep  4 21:21:12 IDT 2025, 355 W
Thu Sep  4 21:21:12 IDT 2025, 360 W
Thu Sep  4 21:21:12 IDT 2025, 347 W
Thu Sep  4 21:21:12 IDT 2025, 373 W
Thu Sep  4 21:21:13 IDT 2025, 325 W
Thu Sep  4 21:21:13 IDT 2025, 326 W
Thu Sep  4 21:21:13 IDT 2025, 343 W
Thu Sep  4 21:21:13 IDT 2025, 370 W
Thu Sep  4 21:21:14 IDT 2025, 355 W
Thu Sep  4 21:21:14 IDT 2025, 355 W
Thu Sep  4 21:21:14 IDT 2025, 354 W
Thu Sep  4 21:21:14 IDT 2025, 374 W
Thu Sep  4 21:21:15 IDT 2025, 354 W
Thu Sep  4 21:21:15 IDT 2025, 342 W
Thu Sep  4 21:21:15 IDT 2025, 344 W
Thu Sep  4 21:21:15 IDT 2025, 357 W
Thu Sep  4 21:21:16 IDT 2025, 358 W
Thu Sep  4 21:21:16 IDT 2025, 359 W
Thu Sep  4 21:21:16 IDT 2025, 352 W
Thu Sep  4 21:21:16 IDT 2025, 374 W
Thu Sep  4 21:21:17 IDT 2025, 355 W
Thu Sep  4 21:21:17 IDT 2025, 351 W
Thu Sep  4 21:21:17 IDT 2025, 352 W
Thu Sep  4 21:21:17 IDT 2025, 370 W
Thu Sep  4 21:21:18 IDT 2025, 348 W
Thu Sep  4 21:21:18 IDT 2025, 358 W
Thu Sep  4 21:21:18 IDT 2025, 346 W
Thu Sep  4 21:21:18 IDT 2025, 368 W
Thu Sep  4 21:21:19 IDT 2025, 354 W
Thu Sep  4 21:21:19 IDT 2025, 352 W
Thu Sep  4 21:21:19 IDT 2025, 350 W
Thu Sep  4 21:21:19 IDT 2025, 366 W
Thu Sep  4 21:21:20 IDT 2025, 352 W
Thu Sep  4 21:21:20 IDT 2025, 363 W
Thu Sep  4 21:21:20 IDT 2025, 351 W
Thu Sep  4 21:21:20 IDT 2025, 371 W
Thu Sep  4 21:21:21 IDT 2025, 350 W
Thu Sep  4 21:21:21 IDT 2025, 358 W
Thu Sep  4 21:21:21 IDT 2025, 344 W
Thu Sep  4 21:21:21 IDT 2025, 368 W
Thu Sep  4 21:21:22 IDT 2025, 347 W
Thu Sep  4 21:21:22 IDT 2025, 349 W
Thu Sep  4 21:21:22 IDT 2025, 342 W
Thu Sep  4 21:21:22 IDT 2025, 363 W
Thu Sep  4 21:21:23 IDT 2025, 351 W
Thu Sep  4 21:21:23 IDT 2025, 348 W
Thu Sep  4 21:21:23 IDT 2025, 344 W
Thu Sep  4 21:21:23 IDT 2025, 346 W
Thu Sep  4 21:21:24 IDT 2025, 346 W
Thu Sep  4 21:21:24 IDT 2025, 353 W
Thu Sep  4 21:21:24 IDT 2025, 337 W
Thu Sep  4 21:21:24 IDT 2025, 360 W
Thu Sep  4 21:21:25 IDT 2025, 349 W
Thu Sep  4 21:21:25 IDT 2025, 348 W
Thu Sep  4 21:21:25 IDT 2025, 344 W
Thu Sep  4 21:21:25 IDT 2025, 362 W
Thu Sep  4 21:21:26 IDT 2025, 354 W
Thu Sep  4 21:21:26 IDT 2025, 361 W
Thu Sep  4 21:21:26 IDT 2025, 348 W
Thu Sep  4 21:21:26 IDT 2025, 374 W
Thu Sep  4 21:21:27 IDT 2025, 361 W
Thu Sep  4 21:21:27 IDT 2025, 366 W
Thu Sep  4 21:21:27 IDT 2025, 352 W
Thu Sep  4 21:21:27 IDT 2025, 383 W
Thu Sep  4 21:21:28 IDT 2025, 340 W
Thu Sep  4 21:21:28 IDT 2025, 337 W
Thu Sep  4 21:21:28 IDT 2025, 327 W
Thu Sep  4 21:21:28 IDT 2025, 316 W
Thu Sep  4 21:21:29 IDT 2025, 356 W
Thu Sep  4 21:21:29 IDT 2025, 355 W
Thu Sep  4 21:21:29 IDT 2025, 353 W
Thu Sep  4 21:21:29 IDT 2025, 381 W
Thu Sep  4 21:21:30 IDT 2025, 351 W
Thu Sep  4 21:21:30 IDT 2025, 360 W
Thu Sep  4 21:21:30 IDT 2025, 347 W
Thu Sep  4 21:21:30 IDT 2025, 369 W
Thu Sep  4 21:21:31 IDT 2025, 358 W
Thu Sep  4 21:21:31 IDT 2025, 350 W
Thu Sep  4 21:21:31 IDT 2025, 358 W
Thu Sep  4 21:21:31 IDT 2025, 376 W
Thu Sep  4 21:21:32 IDT 2025, 355 W
Thu Sep  4 21:21:32 IDT 2025, 363 W
Thu Sep  4 21:21:32 IDT 2025, 351 W
Thu Sep  4 21:21:32 IDT 2025, 371 W
Thu Sep  4 21:21:33 IDT 2025, 365 W
Thu Sep  4 21:21:33 IDT 2025, 364 W
Thu Sep  4 21:21:33 IDT 2025, 355 W
Thu Sep  4 21:21:33 IDT 2025, 381 W
Thu Sep  4 21:21:34 IDT 2025, 354 W
Thu Sep  4 21:21:34 IDT 2025, 352 W
Thu Sep  4 21:21:34 IDT 2025, 348 W
Thu Sep  4 21:21:34 IDT 2025, 347 W
Thu Sep  4 21:21:35 IDT 2025, 340 W
Thu Sep  4 21:21:35 IDT 2025, 342 W
Thu Sep  4 21:21:35 IDT 2025, 336 W
Thu Sep  4 21:21:35 IDT 2025, 344 W
Thu Sep  4 21:21:36 IDT 2025, 354 W
Thu Sep  4 21:21:36 IDT 2025, 364 W
Thu Sep  4 21:21:36 IDT 2025, 350 W
Thu Sep  4 21:21:36 IDT 2025, 373 W
Thu Sep  4 21:21:37 IDT 2025, 360 W
Thu Sep  4 21:21:37 IDT 2025, 360 W
Thu Sep  4 21:21:37 IDT 2025, 349 W
Thu Sep  4 21:21:37 IDT 2025, 374 W
Thu Sep  4 21:21:38 IDT 2025, 358 W
Thu Sep  4 21:21:38 IDT 2025, 352 W
Thu Sep  4 21:21:38 IDT 2025, 356 W
Thu Sep  4 21:21:38 IDT 2025, 378 W
Thu Sep  4 21:21:39 IDT 2025, 346 W
Thu Sep  4 21:21:39 IDT 2025, 340 W
Thu Sep  4 21:21:39 IDT 2025, 342 W
Thu Sep  4 21:21:39 IDT 2025, 340 W
Thu Sep  4 21:21:40 IDT 2025, 359 W
Thu Sep  4 21:21:40 IDT 2025, 362 W
Thu Sep  4 21:21:40 IDT 2025, 356 W
Thu Sep  4 21:21:40 IDT 2025, 376 W
Thu Sep  4 21:21:41 IDT 2025, 360 W
Thu Sep  4 21:21:41 IDT 2025, 363 W
Thu Sep  4 21:21:41 IDT 2025, 357 W
Thu Sep  4 21:21:41 IDT 2025, 377 W
Thu Sep  4 21:21:42 IDT 2025, 337 W
Thu Sep  4 21:21:42 IDT 2025, 337 W
Thu Sep  4 21:21:42 IDT 2025, 334 W
Thu Sep  4 21:21:42 IDT 2025, 367 W
Thu Sep  4 21:21:43 IDT 2025, 354 W
Thu Sep  4 21:21:43 IDT 2025, 354 W
Thu Sep  4 21:21:43 IDT 2025, 351 W
Thu Sep  4 21:21:43 IDT 2025, 375 W
Thu Sep  4 21:21:44 IDT 2025, 358 W
Thu Sep  4 21:21:44 IDT 2025, 363 W
Thu Sep  4 21:21:44 IDT 2025, 352 W
Thu Sep  4 21:21:44 IDT 2025, 373 W
Thu Sep  4 21:21:45 IDT 2025, 349 W
Thu Sep  4 21:21:45 IDT 2025, 348 W
Thu Sep  4 21:21:45 IDT 2025, 342 W
Thu Sep  4 21:21:45 IDT 2025, 356 W
Thu Sep  4 21:21:46 IDT 2025, 352 W
Thu Sep  4 21:21:46 IDT 2025, 349 W
Thu Sep  4 21:21:46 IDT 2025, 346 W
Thu Sep  4 21:21:46 IDT 2025, 346 W
Thu Sep  4 21:21:47 IDT 2025, 349 W
Thu Sep  4 21:21:47 IDT 2025, 348 W
Thu Sep  4 21:21:47 IDT 2025, 344 W
Thu Sep  4 21:21:47 IDT 2025, 351 W
Thu Sep  4 21:21:48 IDT 2025, 349 W
Thu Sep  4 21:21:48 IDT 2025, 353 W
Thu Sep  4 21:21:48 IDT 2025, 345 W
Thu Sep  4 21:21:48 IDT 2025, 353 W
Thu Sep  4 21:21:49 IDT 2025, 349 W
Thu Sep  4 21:21:49 IDT 2025, 348 W
Thu Sep  4 21:21:49 IDT 2025, 342 W
Thu Sep  4 21:21:49 IDT 2025, 344 W
Thu Sep  4 21:21:50 IDT 2025, 353 W
Thu Sep  4 21:21:50 IDT 2025, 353 W
Thu Sep  4 21:21:50 IDT 2025, 341 W
Thu Sep  4 21:21:50 IDT 2025, 371 W
Thu Sep  4 21:21:51 IDT 2025, 354 W
Thu Sep  4 21:21:51 IDT 2025, 351 W
Thu Sep  4 21:21:51 IDT 2025, 347 W
Thu Sep  4 21:21:51 IDT 2025, 368 W
Thu Sep  4 21:21:52 IDT 2025, 348 W
Thu Sep  4 21:21:52 IDT 2025, 352 W
Thu Sep  4 21:21:52 IDT 2025, 343 W
Thu Sep  4 21:21:52 IDT 2025, 360 W
Thu Sep  4 21:21:53 IDT 2025, 356 W
Thu Sep  4 21:21:53 IDT 2025, 350 W
Thu Sep  4 21:21:53 IDT 2025, 345 W
Thu Sep  4 21:21:53 IDT 2025, 368 W
Thu Sep  4 21:21:54 IDT 2025, 357 W
Thu Sep  4 21:21:54 IDT 2025, 355 W
Thu Sep  4 21:21:54 IDT 2025, 347 W
Thu Sep  4 21:21:54 IDT 2025, 373 W
Thu Sep  4 21:21:55 IDT 2025, 351 W
Thu Sep  4 21:21:55 IDT 2025, 355 W
Thu Sep  4 21:21:55 IDT 2025, 341 W
Thu Sep  4 21:21:55 IDT 2025, 367 W
Thu Sep  4 21:21:56 IDT 2025, 361 W
Thu Sep  4 21:21:56 IDT 2025, 359 W
Thu Sep  4 21:21:56 IDT 2025, 353 W
Thu Sep  4 21:21:56 IDT 2025, 377 W
Thu Sep  4 21:21:57 IDT 2025, 360 W
Thu Sep  4 21:21:57 IDT 2025, 358 W
Thu Sep  4 21:21:57 IDT 2025, 352 W
Thu Sep  4 21:21:57 IDT 2025, 378 W
Thu Sep  4 21:21:58 IDT 2025, 358 W
Thu Sep  4 21:21:58 IDT 2025, 357 W
Thu Sep  4 21:21:58 IDT 2025, 349 W
Thu Sep  4 21:21:58 IDT 2025, 367 W
Thu Sep  4 21:21:59 IDT 2025, 363 W
Thu Sep  4 21:21:59 IDT 2025, 359 W
Thu Sep  4 21:21:59 IDT 2025, 355 W
Thu Sep  4 21:21:59 IDT 2025, 376 W
Thu Sep  4 21:22:00 IDT 2025, 356 W
Thu Sep  4 21:22:00 IDT 2025, 357 W
Thu Sep  4 21:22:00 IDT 2025, 349 W
Thu Sep  4 21:22:00 IDT 2025, 375 W
Thu Sep  4 21:22:01 IDT 2025, 350 W
Thu Sep  4 21:22:01 IDT 2025, 354 W
Thu Sep  4 21:22:01 IDT 2025, 345 W
Thu Sep  4 21:22:01 IDT 2025, 368 W
Thu Sep  4 21:22:02 IDT 2025, 352 W
Thu Sep  4 21:22:02 IDT 2025, 350 W
Thu Sep  4 21:22:02 IDT 2025, 348 W
Thu Sep  4 21:22:02 IDT 2025, 366 W
Thu Sep  4 21:22:03 IDT 2025, 358 W
Thu Sep  4 21:22:03 IDT 2025, 355 W
Thu Sep  4 21:22:03 IDT 2025, 351 W
Thu Sep  4 21:22:03 IDT 2025, 376 W
Thu Sep  4 21:22:04 IDT 2025, 349 W
Thu Sep  4 21:22:04 IDT 2025, 355 W
Thu Sep  4 21:22:04 IDT 2025, 344 W
Thu Sep  4 21:22:04 IDT 2025, 370 W
Thu Sep  4 21:22:05 IDT 2025, 356 W
Thu Sep  4 21:22:05 IDT 2025, 353 W
Thu Sep  4 21:22:05 IDT 2025, 353 W
Thu Sep  4 21:22:05 IDT 2025, 372 W
Thu Sep  4 21:22:06 IDT 2025, 356 W
Thu Sep  4 21:22:06 IDT 2025, 351 W
Thu Sep  4 21:22:06 IDT 2025, 352 W
Thu Sep  4 21:22:06 IDT 2025, 372 W
Thu Sep  4 21:22:07 IDT 2025, 356 W
Thu Sep  4 21:22:07 IDT 2025, 353 W
Thu Sep  4 21:22:07 IDT 2025, 348 W
Thu Sep  4 21:22:07 IDT 2025, 366 W
Thu Sep  4 21:22:08 IDT 2025, 356 W
Thu Sep  4 21:22:08 IDT 2025, 357 W
Thu Sep  4 21:22:08 IDT 2025, 352 W
Thu Sep  4 21:22:08 IDT 2025, 371 W
Thu Sep  4 21:22:09 IDT 2025, 351 W
Thu Sep  4 21:22:09 IDT 2025, 340 W
Thu Sep  4 21:22:09 IDT 2025, 347 W
Thu Sep  4 21:22:09 IDT 2025, 365 W
Thu Sep  4 21:22:10 IDT 2025, 358 W
Thu Sep  4 21:22:10 IDT 2025, 337 W
Thu Sep  4 21:22:10 IDT 2025, 351 W
Thu Sep  4 21:22:10 IDT 2025, 368 W
Thu Sep  4 21:22:11 IDT 2025, 352 W
Thu Sep  4 21:22:11 IDT 2025, 361 W
Thu Sep  4 21:22:11 IDT 2025, 347 W
Thu Sep  4 21:22:11 IDT 2025, 367 W
Thu Sep  4 21:22:12 IDT 2025, 359 W
Thu Sep  4 21:22:12 IDT 2025, 358 W
Thu Sep  4 21:22:12 IDT 2025, 352 W
Thu Sep  4 21:22:12 IDT 2025, 374 W
Thu Sep  4 21:22:13 IDT 2025, 360 W
Thu Sep  4 21:22:13 IDT 2025, 358 W
Thu Sep  4 21:22:13 IDT 2025, 351 W
Thu Sep  4 21:22:13 IDT 2025, 376 W
Thu Sep  4 21:22:14 IDT 2025, 360 W
Thu Sep  4 21:22:14 IDT 2025, 358 W
Thu Sep  4 21:22:14 IDT 2025, 348 W
Thu Sep  4 21:22:14 IDT 2025, 375 W
Thu Sep  4 21:22:15 IDT 2025, 355 W
Thu Sep  4 21:22:15 IDT 2025, 357 W
Thu Sep  4 21:22:15 IDT 2025, 351 W
Thu Sep  4 21:22:15 IDT 2025, 370 W
Thu Sep  4 21:22:16 IDT 2025, 365 W
Thu Sep  4 21:22:16 IDT 2025, 363 W
Thu Sep  4 21:22:16 IDT 2025, 340 W
Thu Sep  4 21:22:16 IDT 2025, 381 W
Thu Sep  4 21:22:17 IDT 2025, 365 W
Thu Sep  4 21:22:17 IDT 2025, 367 W
Thu Sep  4 21:22:17 IDT 2025, 339 W
Thu Sep  4 21:22:17 IDT 2025, 385 W
Thu Sep  4 21:22:18 IDT 2025, 371 W
Thu Sep  4 21:22:18 IDT 2025, 369 W
Thu Sep  4 21:22:18 IDT 2025, 346 W
Thu Sep  4 21:22:18 IDT 2025, 388 W
Thu Sep  4 21:22:19 IDT 2025, 360 W
Thu Sep  4 21:22:19 IDT 2025, 365 W
Thu Sep  4 21:22:19 IDT 2025, 350 W
Thu Sep  4 21:22:19 IDT 2025, 378 W
Thu Sep  4 21:22:20 IDT 2025, 353 W
Thu Sep  4 21:22:20 IDT 2025, 345 W
Thu Sep  4 21:22:20 IDT 2025, 346 W
Thu Sep  4 21:22:20 IDT 2025, 367 W
Thu Sep  4 21:22:21 IDT 2025, 348 W
Thu Sep  4 21:22:21 IDT 2025, 351 W
Thu Sep  4 21:22:21 IDT 2025, 342 W
Thu Sep  4 21:22:21 IDT 2025, 364 W
Thu Sep  4 21:22:22 IDT 2025, 363 W
Thu Sep  4 21:22:22 IDT 2025, 363 W
Thu Sep  4 21:22:22 IDT 2025, 350 W
Thu Sep  4 21:22:22 IDT 2025, 380 W
Thu Sep  4 21:22:23 IDT 2025, 349 W
Thu Sep  4 21:22:23 IDT 2025, 360 W
Thu Sep  4 21:22:23 IDT 2025, 337 W
Thu Sep  4 21:22:23 IDT 2025, 373 W
Thu Sep  4 21:22:24 IDT 2025, 361 W
Thu Sep  4 21:22:24 IDT 2025, 361 W
Thu Sep  4 21:22:24 IDT 2025, 344 W
Thu Sep  4 21:22:24 IDT 2025, 371 W
Thu Sep  4 21:22:25 IDT 2025, 329 W
Thu Sep  4 21:22:25 IDT 2025, 323 W
Thu Sep  4 21:22:25 IDT 2025, 342 W
Thu Sep  4 21:22:25 IDT 2025, 381 W
Thu Sep  4 21:22:26 IDT 2025, 359 W
Thu Sep  4 21:22:26 IDT 2025, 357 W
Thu Sep  4 21:22:26 IDT 2025, 347 W
Thu Sep  4 21:22:26 IDT 2025, 379 W
Thu Sep  4 21:22:27 IDT 2025, 360 W
Thu Sep  4 21:22:27 IDT 2025, 357 W
Thu Sep  4 21:22:27 IDT 2025, 348 W
Thu Sep  4 21:22:27 IDT 2025, 377 W
Thu Sep  4 21:22:28 IDT 2025, 360 W
Thu Sep  4 21:22:28 IDT 2025, 359 W
Thu Sep  4 21:22:28 IDT 2025, 355 W
Thu Sep  4 21:22:28 IDT 2025, 378 W
Thu Sep  4 21:22:29 IDT 2025, 357 W
Thu Sep  4 21:22:29 IDT 2025, 364 W
Thu Sep  4 21:22:29 IDT 2025, 352 W
Thu Sep  4 21:22:29 IDT 2025, 376 W
Thu Sep  4 21:22:30 IDT 2025, 355 W
Thu Sep  4 21:22:30 IDT 2025, 354 W
Thu Sep  4 21:22:30 IDT 2025, 353 W
Thu Sep  4 21:22:30 IDT 2025, 374 W
Thu Sep  4 21:22:31 IDT 2025, 353 W
Thu Sep  4 21:22:31 IDT 2025, 351 W
Thu Sep  4 21:22:31 IDT 2025, 349 W
Thu Sep  4 21:22:31 IDT 2025, 367 W
Thu Sep  4 21:22:32 IDT 2025, 355 W
Thu Sep  4 21:22:32 IDT 2025, 355 W
Thu Sep  4 21:22:32 IDT 2025, 352 W
Thu Sep  4 21:22:32 IDT 2025, 370 W
Thu Sep  4 21:22:33 IDT 2025, 360 W
Thu Sep  4 21:22:33 IDT 2025, 366 W
Thu Sep  4 21:22:33 IDT 2025, 354 W
Thu Sep  4 21:22:33 IDT 2025, 376 W
Thu Sep  4 21:22:34 IDT 2025, 349 W
Thu Sep  4 21:22:34 IDT 2025, 353 W
Thu Sep  4 21:22:34 IDT 2025, 344 W
Thu Sep  4 21:22:34 IDT 2025, 364 W
Thu Sep  4 21:22:35 IDT 2025, 352 W
Thu Sep  4 21:22:35 IDT 2025, 360 W
Thu Sep  4 21:22:35 IDT 2025, 347 W
Thu Sep  4 21:22:35 IDT 2025, 371 W
Thu Sep  4 21:22:36 IDT 2025, 349 W
Thu Sep  4 21:22:36 IDT 2025, 352 W
Thu Sep  4 21:22:36 IDT 2025, 349 W
Thu Sep  4 21:22:36 IDT 2025, 360 W
Thu Sep  4 21:22:37 IDT 2025, 343 W
Thu Sep  4 21:22:37 IDT 2025, 345 W
Thu Sep  4 21:22:37 IDT 2025, 336 W
Thu Sep  4 21:22:37 IDT 2025, 342 W
Thu Sep  4 21:22:38 IDT 2025, 342 W
Thu Sep  4 21:22:38 IDT 2025, 340 W
Thu Sep  4 21:22:38 IDT 2025, 339 W
Thu Sep  4 21:22:38 IDT 2025, 335 W
Thu Sep  4 21:22:39 IDT 2025, 337 W
Thu Sep  4 21:22:39 IDT 2025, 341 W
Thu Sep  4 21:22:39 IDT 2025, 331 W
Thu Sep  4 21:22:39 IDT 2025, 335 W
Thu Sep  4 21:22:40 IDT 2025, 342 W
Thu Sep  4 21:22:40 IDT 2025, 340 W
Thu Sep  4 21:22:40 IDT 2025, 336 W
Thu Sep  4 21:22:40 IDT 2025, 344 W
Thu Sep  4 21:22:41 IDT 2025, 340 W
Thu Sep  4 21:22:41 IDT 2025, 343 W
Thu Sep  4 21:22:41 IDT 2025, 346 W
Thu Sep  4 21:22:41 IDT 2025, 358 W
Thu Sep  4 21:22:42 IDT 2025, 341 W
Thu Sep  4 21:22:42 IDT 2025, 347 W
Thu Sep  4 21:22:42 IDT 2025, 333 W
Thu Sep  4 21:22:42 IDT 2025, 346 W
Thu Sep  4 21:22:43 IDT 2025, 337 W
Thu Sep  4 21:22:43 IDT 2025, 345 W
Thu Sep  4 21:22:43 IDT 2025, 332 W
Thu Sep  4 21:22:43 IDT 2025, 344 W
Thu Sep  4 21:22:44 IDT 2025, 342 W
Thu Sep  4 21:22:44 IDT 2025, 339 W
Thu Sep  4 21:22:44 IDT 2025, 338 W
Thu Sep  4 21:22:44 IDT 2025, 337 W
Thu Sep  4 21:22:45 IDT 2025, 341 W
Thu Sep  4 21:22:45 IDT 2025, 343 W
Thu Sep  4 21:22:45 IDT 2025, 337 W
Thu Sep  4 21:22:45 IDT 2025, 340 W
Thu Sep  4 21:22:46 IDT 2025, 342 W
Thu Sep  4 21:22:46 IDT 2025, 349 W
Thu Sep  4 21:22:46 IDT 2025, 340 W
Thu Sep  4 21:22:46 IDT 2025, 356 W
Thu Sep  4 21:22:47 IDT 2025, 342 W
Thu Sep  4 21:22:47 IDT 2025, 343 W
Thu Sep  4 21:22:47 IDT 2025, 341 W
Thu Sep  4 21:22:47 IDT 2025, 349 W
Thu Sep  4 21:22:48 IDT 2025, 350 W
Thu Sep  4 21:22:48 IDT 2025, 352 W
Thu Sep  4 21:22:48 IDT 2025, 347 W
Thu Sep  4 21:22:48 IDT 2025, 365 W
Thu Sep  4 21:22:49 IDT 2025, 351 W
Thu Sep  4 21:22:49 IDT 2025, 352 W
Thu Sep  4 21:22:49 IDT 2025, 348 W
Thu Sep  4 21:22:49 IDT 2025, 364 W
Thu Sep  4 21:22:50 IDT 2025, 357 W
Thu Sep  4 21:22:50 IDT 2025, 362 W
Thu Sep  4 21:22:50 IDT 2025, 354 W
Thu Sep  4 21:22:50 IDT 2025, 374 W
Thu Sep  4 21:22:51 IDT 2025, 360 W
Thu Sep  4 21:22:51 IDT 2025, 361 W
Thu Sep  4 21:22:51 IDT 2025, 356 W
Thu Sep  4 21:22:51 IDT 2025, 378 W
Thu Sep  4 21:22:52 IDT 2025, 348 W
Thu Sep  4 21:22:52 IDT 2025, 356 W
Thu Sep  4 21:22:52 IDT 2025, 345 W
Thu Sep  4 21:22:52 IDT 2025, 365 W
Thu Sep  4 21:22:53 IDT 2025, 354 W
Thu Sep  4 21:22:53 IDT 2025, 350 W
Thu Sep  4 21:22:53 IDT 2025, 347 W
Thu Sep  4 21:22:53 IDT 2025, 356 W
Thu Sep  4 21:22:54 IDT 2025, 335 W
Thu Sep  4 21:22:54 IDT 2025, 343 W
Thu Sep  4 21:22:54 IDT 2025, 333 W
Thu Sep  4 21:22:54 IDT 2025, 307 W
Thu Sep  4 21:22:55 IDT 2025, 353 W
Thu Sep  4 21:22:55 IDT 2025, 352 W
Thu Sep  4 21:22:55 IDT 2025, 337 W
Thu Sep  4 21:22:55 IDT 2025, 340 W
Thu Sep  4 21:22:56 IDT 2025, 359 W
Thu Sep  4 21:22:56 IDT 2025, 359 W
Thu Sep  4 21:22:56 IDT 2025, 350 W
Thu Sep  4 21:22:56 IDT 2025, 374 W
Thu Sep  4 21:22:57 IDT 2025, 357 W
Thu Sep  4 21:22:57 IDT 2025, 361 W
Thu Sep  4 21:22:57 IDT 2025, 349 W
Thu Sep  4 21:22:57 IDT 2025, 374 W
Thu Sep  4 21:22:58 IDT 2025, 357 W
Thu Sep  4 21:22:58 IDT 2025, 357 W
Thu Sep  4 21:22:58 IDT 2025, 356 W
Thu Sep  4 21:22:58 IDT 2025, 371 W
Thu Sep  4 21:22:59 IDT 2025, 353 W
Thu Sep  4 21:22:59 IDT 2025, 355 W
Thu Sep  4 21:22:59 IDT 2025, 352 W
Thu Sep  4 21:22:59 IDT 2025, 369 W
Thu Sep  4 21:23:00 IDT 2025, 356 W
Thu Sep  4 21:23:00 IDT 2025, 360 W
Thu Sep  4 21:23:00 IDT 2025, 348 W
Thu Sep  4 21:23:00 IDT 2025, 371 W
Thu Sep  4 21:23:01 IDT 2025, 355 W
Thu Sep  4 21:23:01 IDT 2025, 354 W
Thu Sep  4 21:23:01 IDT 2025, 355 W
Thu Sep  4 21:23:01 IDT 2025, 372 W
Thu Sep  4 21:23:02 IDT 2025, 356 W
Thu Sep  4 21:23:02 IDT 2025, 356 W
Thu Sep  4 21:23:02 IDT 2025, 348 W
Thu Sep  4 21:23:02 IDT 2025, 372 W
Thu Sep  4 21:23:03 IDT 2025, 358 W
Thu Sep  4 21:23:03 IDT 2025, 357 W
Thu Sep  4 21:23:03 IDT 2025, 354 W
Thu Sep  4 21:23:03 IDT 2025, 376 W
Thu Sep  4 21:23:04 IDT 2025, 355 W
Thu Sep  4 21:23:04 IDT 2025, 357 W
Thu Sep  4 21:23:04 IDT 2025, 353 W
Thu Sep  4 21:23:04 IDT 2025, 368 W
Thu Sep  4 21:23:05 IDT 2025, 346 W
Thu Sep  4 21:23:05 IDT 2025, 355 W
Thu Sep  4 21:23:05 IDT 2025, 344 W
Thu Sep  4 21:23:05 IDT 2025, 363 W
Thu Sep  4 21:23:06 IDT 2025, 350 W
Thu Sep  4 21:23:06 IDT 2025, 349 W
Thu Sep  4 21:23:06 IDT 2025, 346 W
Thu Sep  4 21:23:06 IDT 2025, 359 W
Thu Sep  4 21:23:07 IDT 2025, 345 W
Thu Sep  4 21:23:07 IDT 2025, 351 W
Thu Sep  4 21:23:07 IDT 2025, 342 W
Thu Sep  4 21:23:07 IDT 2025, 360 W
Thu Sep  4 21:23:08 IDT 2025, 351 W
Thu Sep  4 21:23:08 IDT 2025, 353 W
Thu Sep  4 21:23:08 IDT 2025, 340 W
Thu Sep  4 21:23:08 IDT 2025, 362 W
Thu Sep  4 21:23:09 IDT 2025, 345 W
Thu Sep  4 21:23:09 IDT 2025, 345 W
Thu Sep  4 21:23:09 IDT 2025, 343 W
Thu Sep  4 21:23:09 IDT 2025, 359 W
Thu Sep  4 21:23:10 IDT 2025, 345 W
Thu Sep  4 21:23:10 IDT 2025, 351 W
Thu Sep  4 21:23:10 IDT 2025, 340 W
Thu Sep  4 21:23:10 IDT 2025, 362 W
Thu Sep  4 21:23:11 IDT 2025, 348 W
Thu Sep  4 21:23:11 IDT 2025, 348 W
Thu Sep  4 21:23:11 IDT 2025, 346 W
Thu Sep  4 21:23:11 IDT 2025, 360 W
Thu Sep  4 21:23:12 IDT 2025, 337 W
Thu Sep  4 21:23:12 IDT 2025, 339 W
Thu Sep  4 21:23:12 IDT 2025, 330 W
Thu Sep  4 21:23:12 IDT 2025, 320 W
Thu Sep  4 21:23:13 IDT 2025, 350 W
Thu Sep  4 21:23:13 IDT 2025, 353 W
Thu Sep  4 21:23:13 IDT 2025, 351 W
Thu Sep  4 21:23:13 IDT 2025, 366 W
Thu Sep  4 21:23:14 IDT 2025, 345 W
Thu Sep  4 21:23:14 IDT 2025, 350 W
Thu Sep  4 21:23:14 IDT 2025, 346 W
Thu Sep  4 21:23:14 IDT 2025, 359 W
Thu Sep  4 21:23:15 IDT 2025, 362 W
Thu Sep  4 21:23:15 IDT 2025, 361 W
Thu Sep  4 21:23:15 IDT 2025, 351 W
Thu Sep  4 21:23:15 IDT 2025, 379 W
Thu Sep  4 21:23:16 IDT 2025, 359 W
Thu Sep  4 21:23:16 IDT 2025, 349 W
Thu Sep  4 21:23:16 IDT 2025, 351 W
Thu Sep  4 21:23:16 IDT 2025, 374 W
Thu Sep  4 21:23:17 IDT 2025, 348 W
Thu Sep  4 21:23:17 IDT 2025, 353 W
Thu Sep  4 21:23:17 IDT 2025, 352 W
Thu Sep  4 21:23:17 IDT 2025, 367 W
Thu Sep  4 21:23:18 IDT 2025, 342 W
Thu Sep  4 21:23:18 IDT 2025, 346 W
Thu Sep  4 21:23:18 IDT 2025, 340 W
Thu Sep  4 21:23:18 IDT 2025, 311 W
Thu Sep  4 21:23:19 IDT 2025, 351 W
Thu Sep  4 21:23:19 IDT 2025, 355 W
Thu Sep  4 21:23:19 IDT 2025, 354 W
Thu Sep  4 21:23:19 IDT 2025, 370 W
Thu Sep  4 21:23:20 IDT 2025, 360 W
Thu Sep  4 21:23:20 IDT 2025, 350 W
Thu Sep  4 21:23:20 IDT 2025, 356 W
Thu Sep  4 21:23:20 IDT 2025, 377 W
Thu Sep  4 21:23:21 IDT 2025, 355 W
Thu Sep  4 21:23:21 IDT 2025, 354 W
Thu Sep  4 21:23:21 IDT 2025, 356 W
Thu Sep  4 21:23:21 IDT 2025, 373 W
Thu Sep  4 21:23:22 IDT 2025, 357 W
Thu Sep  4 21:23:22 IDT 2025, 360 W
Thu Sep  4 21:23:22 IDT 2025, 355 W
Thu Sep  4 21:23:22 IDT 2025, 372 W
Thu Sep  4 21:23:23 IDT 2025, 355 W
Thu Sep  4 21:23:23 IDT 2025, 360 W
Thu Sep  4 21:23:23 IDT 2025, 353 W
Thu Sep  4 21:23:23 IDT 2025, 370 W
Thu Sep  4 21:23:24 IDT 2025, 357 W
Thu Sep  4 21:23:24 IDT 2025, 356 W
Thu Sep  4 21:23:24 IDT 2025, 352 W
Thu Sep  4 21:23:24 IDT 2025, 370 W
Thu Sep  4 21:23:25 IDT 2025, 355 W
Thu Sep  4 21:23:25 IDT 2025, 354 W
Thu Sep  4 21:23:25 IDT 2025, 351 W
Thu Sep  4 21:23:25 IDT 2025, 371 W
Thu Sep  4 21:23:26 IDT 2025, 354 W
Thu Sep  4 21:23:26 IDT 2025, 359 W
Thu Sep  4 21:23:26 IDT 2025, 353 W
Thu Sep  4 21:23:26 IDT 2025, 372 W
Thu Sep  4 21:23:27 IDT 2025, 359 W
Thu Sep  4 21:23:27 IDT 2025, 361 W
Thu Sep  4 21:23:27 IDT 2025, 349 W
Thu Sep  4 21:23:27 IDT 2025, 372 W
Thu Sep  4 21:23:28 IDT 2025, 356 W
Thu Sep  4 21:23:28 IDT 2025, 358 W
Thu Sep  4 21:23:28 IDT 2025, 353 W
Thu Sep  4 21:23:28 IDT 2025, 376 W
Thu Sep  4 21:23:29 IDT 2025, 361 W
Thu Sep  4 21:23:29 IDT 2025, 352 W
Thu Sep  4 21:23:29 IDT 2025, 356 W
Thu Sep  4 21:23:29 IDT 2025, 384 W
Thu Sep  4 21:23:30 IDT 2025, 351 W
Thu Sep  4 21:23:30 IDT 2025, 343 W
Thu Sep  4 21:23:30 IDT 2025, 339 W
Thu Sep  4 21:23:30 IDT 2025, 358 W
Thu Sep  4 21:23:31 IDT 2025, 356 W
Thu Sep  4 21:23:31 IDT 2025, 349 W
Thu Sep  4 21:23:31 IDT 2025, 360 W
Thu Sep  4 21:23:31 IDT 2025, 380 W
Thu Sep  4 21:23:32 IDT 2025, 346 W
Thu Sep  4 21:23:32 IDT 2025, 345 W
Thu Sep  4 21:23:32 IDT 2025, 341 W
Thu Sep  4 21:23:32 IDT 2025, 332 W
Thu Sep  4 21:23:33 IDT 2025, 360 W
Thu Sep  4 21:23:33 IDT 2025, 351 W
Thu Sep  4 21:23:33 IDT 2025, 351 W
Thu Sep  4 21:23:33 IDT 2025, 378 W
Thu Sep  4 21:23:34 IDT 2025, 336 W
Thu Sep  4 21:23:34 IDT 2025, 333 W
Thu Sep  4 21:23:34 IDT 2025, 330 W
Thu Sep  4 21:23:34 IDT 2025, 313 W
Thu Sep  4 21:23:35 IDT 2025, 335 W
Thu Sep  4 21:23:35 IDT 2025, 336 W
Thu Sep  4 21:23:35 IDT 2025, 330 W
Thu Sep  4 21:23:35 IDT 2025, 316 W
Thu Sep  4 21:23:36 IDT 2025, 335 W
Thu Sep  4 21:23:36 IDT 2025, 334 W
Thu Sep  4 21:23:36 IDT 2025, 331 W
Thu Sep  4 21:23:36 IDT 2025, 311 W
Thu Sep  4 21:23:37 IDT 2025, 342 W
Thu Sep  4 21:23:37 IDT 2025, 344 W
Thu Sep  4 21:23:37 IDT 2025, 339 W
Thu Sep  4 21:23:37 IDT 2025, 311 W
Thu Sep  4 21:23:38 IDT 2025, 333 W
Thu Sep  4 21:23:38 IDT 2025, 336 W
Thu Sep  4 21:23:38 IDT 2025, 329 W
Thu Sep  4 21:23:38 IDT 2025, 313 W
Thu Sep  4 21:23:39 IDT 2025, 335 W
Thu Sep  4 21:23:39 IDT 2025, 335 W
Thu Sep  4 21:23:39 IDT 2025, 332 W
Thu Sep  4 21:23:39 IDT 2025, 310 W
Thu Sep  4 21:23:40 IDT 2025, 340 W
Thu Sep  4 21:23:40 IDT 2025, 343 W
Thu Sep  4 21:23:40 IDT 2025, 338 W
Thu Sep  4 21:23:40 IDT 2025, 312 W
Thu Sep  4 21:23:41 IDT 2025, 357 W
Thu Sep  4 21:23:41 IDT 2025, 351 W
Thu Sep  4 21:23:41 IDT 2025, 350 W
Thu Sep  4 21:23:41 IDT 2025, 376 W
Thu Sep  4 21:23:42 IDT 2025, 356 W
Thu Sep  4 21:23:42 IDT 2025, 349 W
Thu Sep  4 21:23:42 IDT 2025, 352 W
Thu Sep  4 21:23:42 IDT 2025, 378 W
Thu Sep  4 21:23:43 IDT 2025, 353 W
Thu Sep  4 21:23:43 IDT 2025, 344 W
Thu Sep  4 21:23:43 IDT 2025, 352 W
Thu Sep  4 21:23:43 IDT 2025, 373 W
Thu Sep  4 21:23:44 IDT 2025, 354 W
Thu Sep  4 21:23:44 IDT 2025, 347 W
Thu Sep  4 21:23:44 IDT 2025, 352 W
Thu Sep  4 21:23:44 IDT 2025, 376 W
Thu Sep  4 21:23:45 IDT 2025, 357 W
Thu Sep  4 21:23:45 IDT 2025, 349 W
Thu Sep  4 21:23:45 IDT 2025, 348 W
Thu Sep  4 21:23:45 IDT 2025, 378 W
Thu Sep  4 21:23:46 IDT 2025, 345 W
Thu Sep  4 21:23:46 IDT 2025, 343 W
Thu Sep  4 21:23:46 IDT 2025, 348 W
Thu Sep  4 21:23:46 IDT 2025, 359 W
Thu Sep  4 21:23:47 IDT 2025, 353 W
Thu Sep  4 21:23:47 IDT 2025, 348 W
Thu Sep  4 21:23:47 IDT 2025, 355 W
Thu Sep  4 21:23:47 IDT 2025, 376 W
Thu Sep  4 21:23:48 IDT 2025, 354 W
Thu Sep  4 21:23:48 IDT 2025, 351 W
Thu Sep  4 21:23:48 IDT 2025, 353 W
Thu Sep  4 21:23:48 IDT 2025, 370 W
Thu Sep  4 21:23:49 IDT 2025, 388 W
Thu Sep  4 21:23:49 IDT 2025, 354 W
Thu Sep  4 21:23:49 IDT 2025, 382 W
Thu Sep  4 21:23:49 IDT 2025, 397 W
Thu Sep  4 21:23:50 IDT 2025, 379 W
Thu Sep  4 21:23:50 IDT 2025, 346 W
Thu Sep  4 21:23:50 IDT 2025, 376 W
Thu Sep  4 21:23:50 IDT 2025, 392 W
Thu Sep  4 21:23:51 IDT 2025, 384 W
Thu Sep  4 21:23:51 IDT 2025, 355 W
Thu Sep  4 21:23:51 IDT 2025, 382 W
Thu Sep  4 21:23:51 IDT 2025, 394 W
Thu Sep  4 21:23:52 IDT 2025, 352 W
Thu Sep  4 21:23:52 IDT 2025, 350 W
Thu Sep  4 21:23:52 IDT 2025, 358 W
Thu Sep  4 21:23:52 IDT 2025, 376 W
Thu Sep  4 21:23:53 IDT 2025, 387 W
Thu Sep  4 21:23:53 IDT 2025, 351 W
Thu Sep  4 21:23:53 IDT 2025, 385 W
Thu Sep  4 21:23:53 IDT 2025, 395 W
Thu Sep  4 21:23:54 IDT 2025, 386 W
Thu Sep  4 21:23:54 IDT 2025, 353 W
Thu Sep  4 21:23:54 IDT 2025, 384 W
Thu Sep  4 21:23:54 IDT 2025, 394 W
Thu Sep  4 21:23:55 IDT 2025, 383 W
Thu Sep  4 21:23:55 IDT 2025, 360 W
Thu Sep  4 21:23:55 IDT 2025, 381 W
Thu Sep  4 21:23:55 IDT 2025, 397 W
Thu Sep  4 21:23:56 IDT 2025, 383 W
Thu Sep  4 21:23:56 IDT 2025, 352 W
Thu Sep  4 21:23:56 IDT 2025, 376 W
Thu Sep  4 21:23:56 IDT 2025, 393 W
Thu Sep  4 21:23:57 IDT 2025, 384 W
Thu Sep  4 21:23:57 IDT 2025, 355 W
Thu Sep  4 21:23:57 IDT 2025, 378 W
Thu Sep  4 21:23:57 IDT 2025, 395 W
Thu Sep  4 21:23:58 IDT 2025, 388 W
Thu Sep  4 21:23:58 IDT 2025, 354 W
Thu Sep  4 21:23:58 IDT 2025, 380 W
Thu Sep  4 21:23:58 IDT 2025, 398 W
Thu Sep  4 21:23:59 IDT 2025, 376 W
Thu Sep  4 21:23:59 IDT 2025, 352 W
Thu Sep  4 21:23:59 IDT 2025, 368 W
Thu Sep  4 21:23:59 IDT 2025, 384 W
Thu Sep  4 21:24:00 IDT 2025, 359 W
Thu Sep  4 21:24:00 IDT 2025, 357 W
Thu Sep  4 21:24:00 IDT 2025, 345 W
Thu Sep  4 21:24:00 IDT 2025, 377 W
Thu Sep  4 21:24:01 IDT 2025, 346 W
Thu Sep  4 21:24:01 IDT 2025, 346 W
Thu Sep  4 21:24:01 IDT 2025, 339 W
Thu Sep  4 21:24:01 IDT 2025, 343 W
Thu Sep  4 21:24:02 IDT 2025, 340 W
Thu Sep  4 21:24:02 IDT 2025, 341 W
Thu Sep  4 21:24:02 IDT 2025, 341 W
Thu Sep  4 21:24:02 IDT 2025, 345 W
Thu Sep  4 21:24:03 IDT 2025, 358 W
Thu Sep  4 21:24:03 IDT 2025, 354 W
Thu Sep  4 21:24:03 IDT 2025, 341 W
Thu Sep  4 21:24:03 IDT 2025, 371 W
Thu Sep  4 21:24:04 IDT 2025, 353 W
Thu Sep  4 21:24:04 IDT 2025, 351 W
Thu Sep  4 21:24:04 IDT 2025, 351 W
Thu Sep  4 21:24:04 IDT 2025, 367 W
Thu Sep  4 21:24:05 IDT 2025, 358 W
Thu Sep  4 21:24:05 IDT 2025, 354 W
Thu Sep  4 21:24:05 IDT 2025, 353 W
Thu Sep  4 21:24:05 IDT 2025, 373 W
Thu Sep  4 21:24:06 IDT 2025, 353 W
Thu Sep  4 21:24:06 IDT 2025, 355 W
Thu Sep  4 21:24:06 IDT 2025, 345 W
Thu Sep  4 21:24:06 IDT 2025, 374 W
Thu Sep  4 21:24:07 IDT 2025, 360 W
Thu Sep  4 21:24:07 IDT 2025, 358 W
Thu Sep  4 21:24:07 IDT 2025, 348 W
Thu Sep  4 21:24:07 IDT 2025, 374 W
Thu Sep  4 21:24:08 IDT 2025, 366 W
Thu Sep  4 21:24:08 IDT 2025, 367 W
Thu Sep  4 21:24:08 IDT 2025, 354 W
Thu Sep  4 21:24:08 IDT 2025, 383 W
Thu Sep  4 21:24:09 IDT 2025, 357 W
Thu Sep  4 21:24:09 IDT 2025, 358 W
Thu Sep  4 21:24:09 IDT 2025, 343 W
Thu Sep  4 21:24:09 IDT 2025, 375 W
Thu Sep  4 21:24:10 IDT 2025, 372 W
Thu Sep  4 21:24:10 IDT 2025, 342 W
Thu Sep  4 21:24:10 IDT 2025, 363 W
Thu Sep  4 21:24:10 IDT 2025, 388 W
Thu Sep  4 21:24:11 IDT 2025, 347 W
Thu Sep  4 21:24:11 IDT 2025, 350 W
Thu Sep  4 21:24:11 IDT 2025, 341 W
Thu Sep  4 21:24:11 IDT 2025, 325 W
Thu Sep  4 21:24:12 IDT 2025, 373 W
Thu Sep  4 21:24:12 IDT 2025, 343 W
Thu Sep  4 21:24:12 IDT 2025, 366 W
Thu Sep  4 21:24:12 IDT 2025, 387 W
Thu Sep  4 21:24:13 IDT 2025, 373 W
Thu Sep  4 21:24:13 IDT 2025, 345 W
Thu Sep  4 21:24:13 IDT 2025, 364 W
Thu Sep  4 21:24:13 IDT 2025, 389 W
Thu Sep  4 21:24:14 IDT 2025, 367 W
Thu Sep  4 21:24:14 IDT 2025, 342 W
Thu Sep  4 21:24:14 IDT 2025, 364 W
Thu Sep  4 21:24:14 IDT 2025, 385 W
Thu Sep  4 21:24:15 IDT 2025, 367 W
Thu Sep  4 21:24:15 IDT 2025, 339 W
Thu Sep  4 21:24:15 IDT 2025, 361 W
Thu Sep  4 21:24:15 IDT 2025, 390 W
Thu Sep  4 21:24:16 IDT 2025, 368 W
Thu Sep  4 21:24:16 IDT 2025, 347 W
Thu Sep  4 21:24:16 IDT 2025, 362 W
Thu Sep  4 21:24:16 IDT 2025, 392 W
Thu Sep  4 21:24:17 IDT 2025, 368 W
Thu Sep  4 21:24:17 IDT 2025, 343 W
Thu Sep  4 21:24:17 IDT 2025, 365 W
Thu Sep  4 21:24:17 IDT 2025, 388 W
Thu Sep  4 21:24:18 IDT 2025, 370 W
Thu Sep  4 21:24:18 IDT 2025, 345 W
Thu Sep  4 21:24:18 IDT 2025, 361 W
Thu Sep  4 21:24:18 IDT 2025, 388 W
Thu Sep  4 21:24:19 IDT 2025, 363 W
Thu Sep  4 21:24:19 IDT 2025, 341 W
Thu Sep  4 21:24:19 IDT 2025, 363 W
Thu Sep  4 21:24:19 IDT 2025, 384 W
Thu Sep  4 21:24:20 IDT 2025, 346 W
Thu Sep  4 21:24:20 IDT 2025, 342 W
Thu Sep  4 21:24:20 IDT 2025, 348 W
Thu Sep  4 21:24:20 IDT 2025, 347 W
Thu Sep  4 21:24:21 IDT 2025, 344 W
Thu Sep  4 21:24:21 IDT 2025, 339 W
Thu Sep  4 21:24:21 IDT 2025, 343 W
Thu Sep  4 21:24:21 IDT 2025, 345 W
Thu Sep  4 21:24:22 IDT 2025, 379 W
Thu Sep  4 21:24:22 IDT 2025, 351 W
Thu Sep  4 21:24:22 IDT 2025, 367 W
Thu Sep  4 21:24:22 IDT 2025, 387 W
Thu Sep  4 21:24:23 IDT 2025, 368 W
Thu Sep  4 21:24:23 IDT 2025, 345 W
Thu Sep  4 21:24:23 IDT 2025, 363 W
Thu Sep  4 21:24:23 IDT 2025, 387 W
Thu Sep  4 21:24:24 IDT 2025, 369 W
Thu Sep  4 21:24:24 IDT 2025, 342 W
Thu Sep  4 21:24:24 IDT 2025, 359 W
Thu Sep  4 21:24:24 IDT 2025, 388 W
Thu Sep  4 21:24:25 IDT 2025, 365 W
Thu Sep  4 21:24:25 IDT 2025, 341 W
Thu Sep  4 21:24:25 IDT 2025, 356 W
Thu Sep  4 21:24:25 IDT 2025, 383 W
Thu Sep  4 21:24:26 IDT 2025, 371 W
Thu Sep  4 21:24:26 IDT 2025, 345 W
Thu Sep  4 21:24:26 IDT 2025, 362 W
Thu Sep  4 21:24:26 IDT 2025, 389 W
Thu Sep  4 21:24:27 IDT 2025, 355 W
Thu Sep  4 21:24:27 IDT 2025, 339 W
Thu Sep  4 21:24:27 IDT 2025, 352 W
Thu Sep  4 21:24:27 IDT 2025, 376 W
Thu Sep  4 21:24:28 IDT 2025, 369 W
Thu Sep  4 21:24:28 IDT 2025, 346 W
Thu Sep  4 21:24:28 IDT 2025, 359 W
Thu Sep  4 21:24:28 IDT 2025, 388 W
Thu Sep  4 21:24:29 IDT 2025, 367 W
Thu Sep  4 21:24:29 IDT 2025, 345 W
Thu Sep  4 21:24:29 IDT 2025, 364 W
Thu Sep  4 21:24:29 IDT 2025, 388 W
Thu Sep  4 21:24:30 IDT 2025, 362 W
Thu Sep  4 21:24:30 IDT 2025, 350 W
Thu Sep  4 21:24:30 IDT 2025, 354 W
Thu Sep  4 21:24:30 IDT 2025, 380 W
Thu Sep  4 21:24:31 IDT 2025, 361 W
Thu Sep  4 21:24:31 IDT 2025, 351 W
Thu Sep  4 21:24:31 IDT 2025, 361 W
Thu Sep  4 21:24:31 IDT 2025, 386 W
Thu Sep  4 21:24:32 IDT 2025, 358 W
Thu Sep  4 21:24:32 IDT 2025, 359 W
Thu Sep  4 21:24:32 IDT 2025, 352 W
Thu Sep  4 21:24:32 IDT 2025, 378 W
Thu Sep  4 21:24:33 IDT 2025, 341 W
Thu Sep  4 21:24:33 IDT 2025, 333 W
Thu Sep  4 21:24:33 IDT 2025, 338 W
Thu Sep  4 21:24:33 IDT 2025, 343 W
Thu Sep  4 21:24:34 IDT 2025, 345 W
Thu Sep  4 21:24:34 IDT 2025, 346 W
Thu Sep  4 21:24:34 IDT 2025, 331 W
Thu Sep  4 21:24:34 IDT 2025, 346 W
Thu Sep  4 21:24:35 IDT 2025, 343 W
Thu Sep  4 21:24:35 IDT 2025, 346 W
Thu Sep  4 21:24:35 IDT 2025, 334 W
Thu Sep  4 21:24:35 IDT 2025, 345 W
Thu Sep  4 21:24:36 IDT 2025, 337 W
Thu Sep  4 21:24:36 IDT 2025, 342 W
Thu Sep  4 21:24:36 IDT 2025, 341 W
Thu Sep  4 21:24:36 IDT 2025, 342 W
Thu Sep  4 21:24:37 IDT 2025, 326 W
Thu Sep  4 21:24:37 IDT 2025, 330 W
Thu Sep  4 21:24:37 IDT 2025, 338 W
Thu Sep  4 21:24:37 IDT 2025, 345 W
Thu Sep  4 21:24:38 IDT 2025, 346 W
Thu Sep  4 21:24:38 IDT 2025, 344 W
Thu Sep  4 21:24:38 IDT 2025, 334 W
Thu Sep  4 21:24:38 IDT 2025, 345 W
Thu Sep  4 21:24:39 IDT 2025, 342 W
Thu Sep  4 21:24:39 IDT 2025, 339 W
Thu Sep  4 21:24:39 IDT 2025, 334 W
Thu Sep  4 21:24:39 IDT 2025, 340 W
Thu Sep  4 21:24:40 IDT 2025, 355 W
Thu Sep  4 21:24:40 IDT 2025, 353 W
Thu Sep  4 21:24:40 IDT 2025, 349 W
Thu Sep  4 21:24:40 IDT 2025, 370 W
Thu Sep  4 21:24:41 IDT 2025, 355 W
Thu Sep  4 21:24:41 IDT 2025, 354 W
Thu Sep  4 21:24:41 IDT 2025, 353 W
Thu Sep  4 21:24:41 IDT 2025, 371 W
Thu Sep  4 21:24:42 IDT 2025, 356 W
Thu Sep  4 21:24:42 IDT 2025, 354 W
Thu Sep  4 21:24:42 IDT 2025, 355 W
Thu Sep  4 21:24:42 IDT 2025, 376 W
Thu Sep  4 21:24:43 IDT 2025, 341 W
Thu Sep  4 21:24:43 IDT 2025, 338 W
Thu Sep  4 21:24:43 IDT 2025, 338 W
Thu Sep  4 21:24:43 IDT 2025, 340 W
Thu Sep  4 21:24:44 IDT 2025, 352 W
Thu Sep  4 21:24:44 IDT 2025, 352 W
Thu Sep  4 21:24:44 IDT 2025, 351 W
Thu Sep  4 21:24:44 IDT 2025, 374 W
Thu Sep  4 21:24:45 IDT 2025, 361 W
Thu Sep  4 21:24:45 IDT 2025, 363 W
Thu Sep  4 21:24:45 IDT 2025, 355 W
Thu Sep  4 21:24:45 IDT 2025, 383 W
Thu Sep  4 21:24:46 IDT 2025, 340 W
Thu Sep  4 21:24:46 IDT 2025, 343 W
Thu Sep  4 21:24:46 IDT 2025, 334 W
Thu Sep  4 21:24:46 IDT 2025, 344 W
Thu Sep  4 21:24:47 IDT 2025, 340 W
Thu Sep  4 21:24:47 IDT 2025, 344 W
Thu Sep  4 21:24:47 IDT 2025, 339 W
Thu Sep  4 21:24:47 IDT 2025, 339 W
Thu Sep  4 21:24:48 IDT 2025, 345 W
Thu Sep  4 21:24:48 IDT 2025, 341 W
Thu Sep  4 21:24:48 IDT 2025, 332 W
Thu Sep  4 21:24:48 IDT 2025, 341 W
Thu Sep  4 21:24:49 IDT 2025, 346 W
Thu Sep  4 21:24:49 IDT 2025, 346 W
Thu Sep  4 21:24:49 IDT 2025, 336 W
Thu Sep  4 21:24:49 IDT 2025, 344 W
Thu Sep  4 21:24:50 IDT 2025, 342 W
Thu Sep  4 21:24:50 IDT 2025, 339 W
Thu Sep  4 21:24:50 IDT 2025, 331 W
Thu Sep  4 21:24:50 IDT 2025, 338 W
Thu Sep  4 21:24:51 IDT 2025, 354 W
Thu Sep  4 21:24:51 IDT 2025, 357 W
Thu Sep  4 21:24:51 IDT 2025, 350 W
Thu Sep  4 21:24:51 IDT 2025, 373 W
Thu Sep  4 21:24:52 IDT 2025, 347 W
Thu Sep  4 21:24:52 IDT 2025, 350 W
Thu Sep  4 21:24:52 IDT 2025, 347 W
Thu Sep  4 21:24:52 IDT 2025, 363 W
Thu Sep  4 21:24:53 IDT 2025, 353 W
Thu Sep  4 21:24:53 IDT 2025, 358 W
Thu Sep  4 21:24:53 IDT 2025, 350 W
Thu Sep  4 21:24:53 IDT 2025, 373 W
Thu Sep  4 21:24:54 IDT 2025, 357 W
Thu Sep  4 21:24:54 IDT 2025, 360 W
Thu Sep  4 21:24:54 IDT 2025, 352 W
Thu Sep  4 21:24:54 IDT 2025, 373 W
Thu Sep  4 21:24:55 IDT 2025, 359 W
Thu Sep  4 21:24:55 IDT 2025, 354 W
Thu Sep  4 21:24:55 IDT 2025, 352 W
Thu Sep  4 21:24:55 IDT 2025, 370 W
Thu Sep  4 21:24:56 IDT 2025, 354 W
Thu Sep  4 21:24:56 IDT 2025, 359 W
Thu Sep  4 21:24:56 IDT 2025, 347 W
Thu Sep  4 21:24:56 IDT 2025, 371 W
Thu Sep  4 21:24:57 IDT 2025, 359 W
Thu Sep  4 21:24:57 IDT 2025, 363 W
Thu Sep  4 21:24:57 IDT 2025, 351 W
Thu Sep  4 21:24:57 IDT 2025, 373 W
Thu Sep  4 21:24:58 IDT 2025, 351 W
Thu Sep  4 21:24:58 IDT 2025, 347 W
Thu Sep  4 21:24:58 IDT 2025, 341 W
Thu Sep  4 21:24:58 IDT 2025, 334 W
Thu Sep  4 21:24:59 IDT 2025, 347 W
Thu Sep  4 21:24:59 IDT 2025, 351 W
Thu Sep  4 21:24:59 IDT 2025, 346 W
Thu Sep  4 21:24:59 IDT 2025, 327 W
Thu Sep  4 21:25:00 IDT 2025, 349 W
Thu Sep  4 21:25:00 IDT 2025, 351 W
Thu Sep  4 21:25:00 IDT 2025, 342 W
Thu Sep  4 21:25:00 IDT 2025, 356 W
Thu Sep  4 21:25:01 IDT 2025, 360 W
Thu Sep  4 21:25:01 IDT 2025, 360 W
Thu Sep  4 21:25:01 IDT 2025, 355 W
Thu Sep  4 21:25:01 IDT 2025, 380 W
Thu Sep  4 21:25:02 IDT 2025, 347 W
Thu Sep  4 21:25:02 IDT 2025, 349 W
Thu Sep  4 21:25:02 IDT 2025, 347 W
Thu Sep  4 21:25:02 IDT 2025, 330 W
Thu Sep  4 21:25:03 IDT 2025, 358 W
Thu Sep  4 21:25:03 IDT 2025, 357 W
Thu Sep  4 21:25:03 IDT 2025, 352 W
Thu Sep  4 21:25:03 IDT 2025, 369 W
Thu Sep  4 21:25:04 IDT 2025, 340 W
Thu Sep  4 21:25:04 IDT 2025, 338 W
Thu Sep  4 21:25:04 IDT 2025, 335 W
Thu Sep  4 21:25:04 IDT 2025, 337 W
Thu Sep  4 21:25:05 IDT 2025, 344 W
Thu Sep  4 21:25:05 IDT 2025, 343 W
Thu Sep  4 21:25:05 IDT 2025, 333 W
Thu Sep  4 21:25:05 IDT 2025, 345 W
Thu Sep  4 21:25:06 IDT 2025, 340 W
Thu Sep  4 21:25:06 IDT 2025, 339 W
Thu Sep  4 21:25:06 IDT 2025, 338 W
Thu Sep  4 21:25:06 IDT 2025, 339 W
Thu Sep  4 21:25:07 IDT 2025, 336 W
Thu Sep  4 21:25:07 IDT 2025, 341 W
Thu Sep  4 21:25:07 IDT 2025, 341 W
Thu Sep  4 21:25:07 IDT 2025, 337 W
Thu Sep  4 21:25:08 IDT 2025, 336 W
Thu Sep  4 21:25:08 IDT 2025, 343 W
Thu Sep  4 21:25:08 IDT 2025, 340 W
Thu Sep  4 21:25:08 IDT 2025, 343 W
Thu Sep  4 21:25:09 IDT 2025, 361 W
Thu Sep  4 21:25:09 IDT 2025, 352 W
Thu Sep  4 21:25:09 IDT 2025, 351 W
Thu Sep  4 21:25:09 IDT 2025, 375 W
Thu Sep  4 21:25:10 IDT 2025, 354 W
Thu Sep  4 21:25:10 IDT 2025, 356 W
Thu Sep  4 21:25:10 IDT 2025, 352 W
Thu Sep  4 21:25:10 IDT 2025, 378 W
Thu Sep  4 21:25:11 IDT 2025, 363 W
Thu Sep  4 21:25:11 IDT 2025, 351 W
Thu Sep  4 21:25:11 IDT 2025, 350 W
Thu Sep  4 21:25:11 IDT 2025, 373 W
Thu Sep  4 21:25:12 IDT 2025, 357 W
Thu Sep  4 21:25:12 IDT 2025, 353 W
Thu Sep  4 21:25:12 IDT 2025, 350 W
Thu Sep  4 21:25:12 IDT 2025, 367 W
Thu Sep  4 21:25:13 IDT 2025, 356 W
Thu Sep  4 21:25:13 IDT 2025, 362 W
Thu Sep  4 21:25:13 IDT 2025, 351 W
Thu Sep  4 21:25:13 IDT 2025, 375 W
Thu Sep  4 21:25:14 IDT 2025, 350 W
Thu Sep  4 21:25:14 IDT 2025, 349 W
Thu Sep  4 21:25:14 IDT 2025, 339 W
Thu Sep  4 21:25:14 IDT 2025, 354 W
Thu Sep  4 21:25:15 IDT 2025, 346 W
Thu Sep  4 21:25:15 IDT 2025, 346 W
Thu Sep  4 21:25:15 IDT 2025, 343 W
Thu Sep  4 21:25:15 IDT 2025, 345 W
Thu Sep  4 21:25:16 IDT 2025, 345 W
Thu Sep  4 21:25:16 IDT 2025, 350 W
Thu Sep  4 21:25:16 IDT 2025, 341 W
Thu Sep  4 21:25:16 IDT 2025, 340 W
Thu Sep  4 21:25:17 IDT 2025, 357 W
Thu Sep  4 21:25:17 IDT 2025, 356 W
Thu Sep  4 21:25:17 IDT 2025, 352 W
Thu Sep  4 21:25:17 IDT 2025, 370 W
Thu Sep  4 21:25:18 IDT 2025, 349 W
Thu Sep  4 21:25:18 IDT 2025, 343 W
Thu Sep  4 21:25:18 IDT 2025, 347 W
Thu Sep  4 21:25:18 IDT 2025, 362 W
Thu Sep  4 21:25:19 IDT 2025, 344 W
Thu Sep  4 21:25:19 IDT 2025, 348 W
Thu Sep  4 21:25:19 IDT 2025, 340 W
Thu Sep  4 21:25:19 IDT 2025, 354 W
Thu Sep  4 21:25:20 IDT 2025, 346 W
Thu Sep  4 21:25:20 IDT 2025, 353 W
Thu Sep  4 21:25:20 IDT 2025, 346 W
Thu Sep  4 21:25:20 IDT 2025, 364 W
Thu Sep  4 21:25:21 IDT 2025, 344 W
Thu Sep  4 21:25:21 IDT 2025, 346 W
Thu Sep  4 21:25:21 IDT 2025, 340 W
Thu Sep  4 21:25:21 IDT 2025, 357 W
Thu Sep  4 21:25:22 IDT 2025, 354 W
Thu Sep  4 21:25:22 IDT 2025, 357 W
Thu Sep  4 21:25:22 IDT 2025, 348 W
Thu Sep  4 21:25:22 IDT 2025, 372 W
Thu Sep  4 21:25:23 IDT 2025, 347 W
Thu Sep  4 21:25:23 IDT 2025, 349 W
Thu Sep  4 21:25:23 IDT 2025, 341 W
Thu Sep  4 21:25:23 IDT 2025, 351 W
Thu Sep  4 21:25:24 IDT 2025, 351 W
Thu Sep  4 21:25:24 IDT 2025, 349 W
Thu Sep  4 21:25:24 IDT 2025, 344 W
Thu Sep  4 21:25:24 IDT 2025, 357 W
Thu Sep  4 21:25:25 IDT 2025, 345 W
Thu Sep  4 21:25:25 IDT 2025, 351 W
Thu Sep  4 21:25:25 IDT 2025, 340 W
Thu Sep  4 21:25:25 IDT 2025, 354 W
Thu Sep  4 21:25:26 IDT 2025, 346 W
Thu Sep  4 21:25:26 IDT 2025, 345 W
Thu Sep  4 21:25:26 IDT 2025, 343 W
Thu Sep  4 21:25:26 IDT 2025, 345 W
Thu Sep  4 21:25:27 IDT 2025, 348 W
Thu Sep  4 21:25:27 IDT 2025, 354 W
Thu Sep  4 21:25:27 IDT 2025, 340 W
Thu Sep  4 21:25:27 IDT 2025, 357 W
Thu Sep  4 21:25:28 IDT 2025, 346 W
Thu Sep  4 21:25:28 IDT 2025, 346 W
Thu Sep  4 21:25:28 IDT 2025, 347 W
Thu Sep  4 21:25:28 IDT 2025, 351 W
Thu Sep  4 21:25:29 IDT 2025, 342 W
Thu Sep  4 21:25:29 IDT 2025, 350 W
Thu Sep  4 21:25:29 IDT 2025, 346 W
Thu Sep  4 21:25:29 IDT 2025, 347 W
Thu Sep  4 21:25:30 IDT 2025, 351 W
Thu Sep  4 21:25:30 IDT 2025, 353 W
Thu Sep  4 21:25:30 IDT 2025, 351 W
Thu Sep  4 21:25:30 IDT 2025, 366 W
Thu Sep  4 21:25:31 IDT 2025, 355 W
Thu Sep  4 21:25:31 IDT 2025, 356 W
Thu Sep  4 21:25:31 IDT 2025, 354 W
Thu Sep  4 21:25:31 IDT 2025, 371 W
Thu Sep  4 21:25:32 IDT 2025, 340 W
Thu Sep  4 21:25:32 IDT 2025, 336 W
Thu Sep  4 21:25:32 IDT 2025, 306 W
Thu Sep  4 21:25:32 IDT 2025, 336 W
Thu Sep  4 21:25:33 IDT 2025, 351 W
Thu Sep  4 21:25:33 IDT 2025, 359 W
Thu Sep  4 21:25:33 IDT 2025, 345 W
Thu Sep  4 21:25:33 IDT 2025, 371 W
Thu Sep  4 21:25:34 IDT 2025, 357 W
Thu Sep  4 21:25:34 IDT 2025, 354 W
Thu Sep  4 21:25:34 IDT 2025, 352 W
Thu Sep  4 21:25:34 IDT 2025, 373 W
Thu Sep  4 21:25:35 IDT 2025, 353 W
Thu Sep  4 21:25:35 IDT 2025, 355 W
Thu Sep  4 21:25:35 IDT 2025, 352 W
Thu Sep  4 21:25:35 IDT 2025, 357 W
Thu Sep  4 21:25:36 IDT 2025, 358 W
Thu Sep  4 21:25:36 IDT 2025, 357 W
Thu Sep  4 21:25:36 IDT 2025, 352 W
Thu Sep  4 21:25:36 IDT 2025, 373 W
Thu Sep  4 21:25:37 IDT 2025, 355 W
Thu Sep  4 21:25:37 IDT 2025, 362 W
Thu Sep  4 21:25:37 IDT 2025, 349 W
Thu Sep  4 21:25:37 IDT 2025, 379 W
Thu Sep  4 21:25:38 IDT 2025, 358 W
Thu Sep  4 21:25:38 IDT 2025, 353 W
Thu Sep  4 21:25:38 IDT 2025, 351 W
Thu Sep  4 21:25:38 IDT 2025, 367 W
Thu Sep  4 21:25:39 IDT 2025, 354 W
Thu Sep  4 21:25:39 IDT 2025, 357 W
Thu Sep  4 21:25:39 IDT 2025, 346 W
Thu Sep  4 21:25:39 IDT 2025, 369 W
Thu Sep  4 21:25:40 IDT 2025, 351 W
Thu Sep  4 21:25:40 IDT 2025, 359 W
Thu Sep  4 21:25:40 IDT 2025, 344 W
Thu Sep  4 21:25:40 IDT 2025, 372 W
Thu Sep  4 21:25:41 IDT 2025, 352 W
Thu Sep  4 21:25:41 IDT 2025, 358 W
Thu Sep  4 21:25:41 IDT 2025, 344 W
Thu Sep  4 21:25:41 IDT 2025, 372 W
Thu Sep  4 21:25:42 IDT 2025, 355 W
Thu Sep  4 21:25:42 IDT 2025, 360 W
Thu Sep  4 21:25:42 IDT 2025, 347 W
Thu Sep  4 21:25:42 IDT 2025, 372 W
Thu Sep  4 21:25:43 IDT 2025, 350 W
Thu Sep  4 21:25:43 IDT 2025, 358 W
Thu Sep  4 21:25:43 IDT 2025, 350 W
Thu Sep  4 21:25:43 IDT 2025, 377 W
Thu Sep  4 21:25:44 IDT 2025, 354 W
Thu Sep  4 21:25:44 IDT 2025, 357 W
Thu Sep  4 21:25:44 IDT 2025, 343 W
Thu Sep  4 21:25:44 IDT 2025, 369 W
Thu Sep  4 21:25:45 IDT 2025, 346 W
Thu Sep  4 21:25:45 IDT 2025, 348 W
Thu Sep  4 21:25:45 IDT 2025, 348 W
Thu Sep  4 21:25:45 IDT 2025, 355 W
Thu Sep  4 21:25:46 IDT 2025, 359 W
Thu Sep  4 21:25:46 IDT 2025, 364 W
Thu Sep  4 21:25:46 IDT 2025, 351 W
Thu Sep  4 21:25:46 IDT 2025, 375 W
Thu Sep  4 21:25:47 IDT 2025, 353 W
Thu Sep  4 21:25:47 IDT 2025, 356 W
Thu Sep  4 21:25:47 IDT 2025, 343 W
Thu Sep  4 21:25:47 IDT 2025, 368 W
Thu Sep  4 21:25:48 IDT 2025, 356 W
Thu Sep  4 21:25:48 IDT 2025, 360 W
Thu Sep  4 21:25:48 IDT 2025, 343 W
Thu Sep  4 21:25:48 IDT 2025, 370 W
Thu Sep  4 21:25:49 IDT 2025, 348 W
Thu Sep  4 21:25:49 IDT 2025, 345 W
Thu Sep  4 21:25:49 IDT 2025, 342 W
Thu Sep  4 21:25:49 IDT 2025, 341 W
Thu Sep  4 21:25:50 IDT 2025, 356 W
Thu Sep  4 21:25:50 IDT 2025, 359 W
Thu Sep  4 21:25:50 IDT 2025, 343 W
Thu Sep  4 21:25:50 IDT 2025, 350 W
Thu Sep  4 21:25:51 IDT 2025, 353 W
Thu Sep  4 21:25:51 IDT 2025, 354 W
Thu Sep  4 21:25:51 IDT 2025, 341 W
Thu Sep  4 21:25:51 IDT 2025, 341 W
Thu Sep  4 21:25:52 IDT 2025, 351 W
Thu Sep  4 21:25:52 IDT 2025, 347 W
Thu Sep  4 21:25:52 IDT 2025, 345 W
Thu Sep  4 21:25:52 IDT 2025, 342 W
Thu Sep  4 21:25:53 IDT 2025, 357 W
Thu Sep  4 21:25:53 IDT 2025, 359 W
Thu Sep  4 21:25:53 IDT 2025, 355 W
Thu Sep  4 21:25:53 IDT 2025, 378 W
Thu Sep  4 21:25:54 IDT 2025, 352 W
Thu Sep  4 21:25:54 IDT 2025, 344 W
Thu Sep  4 21:25:54 IDT 2025, 341 W
Thu Sep  4 21:25:54 IDT 2025, 344 W
Thu Sep  4 21:25:55 IDT 2025, 346 W
Thu Sep  4 21:25:55 IDT 2025, 354 W
Thu Sep  4 21:25:55 IDT 2025, 338 W
Thu Sep  4 21:25:55 IDT 2025, 340 W
Thu Sep  4 21:25:56 IDT 2025, 357 W
Thu Sep  4 21:25:56 IDT 2025, 354 W
Thu Sep  4 21:25:56 IDT 2025, 351 W
Thu Sep  4 21:25:56 IDT 2025, 371 W
Thu Sep  4 21:25:57 IDT 2025, 350 W
Thu Sep  4 21:25:57 IDT 2025, 356 W
Thu Sep  4 21:25:57 IDT 2025, 353 W
Thu Sep  4 21:25:57 IDT 2025, 371 W
Thu Sep  4 21:25:58 IDT 2025, 361 W
Thu Sep  4 21:25:58 IDT 2025, 361 W
Thu Sep  4 21:25:58 IDT 2025, 359 W
Thu Sep  4 21:25:58 IDT 2025, 378 W
Thu Sep  4 21:25:59 IDT 2025, 350 W
Thu Sep  4 21:25:59 IDT 2025, 356 W
Thu Sep  4 21:25:59 IDT 2025, 346 W
Thu Sep  4 21:25:59 IDT 2025, 368 W
Thu Sep  4 21:26:00 IDT 2025, 354 W
Thu Sep  4 21:26:00 IDT 2025, 361 W
Thu Sep  4 21:26:00 IDT 2025, 351 W
Thu Sep  4 21:26:00 IDT 2025, 374 W
Thu Sep  4 21:26:01 IDT 2025, 343 W
Thu Sep  4 21:26:01 IDT 2025, 348 W
Thu Sep  4 21:26:01 IDT 2025, 342 W
Thu Sep  4 21:26:01 IDT 2025, 331 W
Thu Sep  4 21:26:02 IDT 2025, 357 W
Thu Sep  4 21:26:02 IDT 2025, 355 W
Thu Sep  4 21:26:02 IDT 2025, 354 W
Thu Sep  4 21:26:02 IDT 2025, 372 W
Thu Sep  4 21:26:03 IDT 2025, 353 W
Thu Sep  4 21:26:03 IDT 2025, 354 W
Thu Sep  4 21:26:03 IDT 2025, 349 W
Thu Sep  4 21:26:03 IDT 2025, 367 W
Thu Sep  4 21:26:04 IDT 2025, 356 W
Thu Sep  4 21:26:04 IDT 2025, 357 W
Thu Sep  4 21:26:04 IDT 2025, 352 W
Thu Sep  4 21:26:04 IDT 2025, 378 W
Thu Sep  4 21:26:05 IDT 2025, 354 W
Thu Sep  4 21:26:05 IDT 2025, 354 W
Thu Sep  4 21:26:05 IDT 2025, 351 W
Thu Sep  4 21:26:05 IDT 2025, 375 W
Thu Sep  4 21:26:06 IDT 2025, 349 W
Thu Sep  4 21:26:06 IDT 2025, 357 W
Thu Sep  4 21:26:06 IDT 2025, 351 W
Thu Sep  4 21:26:06 IDT 2025, 373 W
Thu Sep  4 21:26:07 IDT 2025, 353 W
Thu Sep  4 21:26:07 IDT 2025, 362 W
Thu Sep  4 21:26:07 IDT 2025, 349 W
Thu Sep  4 21:26:07 IDT 2025, 373 W
Thu Sep  4 21:26:08 IDT 2025, 357 W
Thu Sep  4 21:26:08 IDT 2025, 359 W
Thu Sep  4 21:26:08 IDT 2025, 356 W
Thu Sep  4 21:26:08 IDT 2025, 372 W
Thu Sep  4 21:26:09 IDT 2025, 343 W
Thu Sep  4 21:26:09 IDT 2025, 351 W
Thu Sep  4 21:26:09 IDT 2025, 342 W
Thu Sep  4 21:26:09 IDT 2025, 358 W
Thu Sep  4 21:26:10 IDT 2025, 352 W
Thu Sep  4 21:26:10 IDT 2025, 358 W
Thu Sep  4 21:26:10 IDT 2025, 349 W
Thu Sep  4 21:26:10 IDT 2025, 377 W
Thu Sep  4 21:26:11 IDT 2025, 348 W
Thu Sep  4 21:26:11 IDT 2025, 352 W
Thu Sep  4 21:26:11 IDT 2025, 349 W
Thu Sep  4 21:26:11 IDT 2025, 360 W
Thu Sep  4 21:26:12 IDT 2025, 353 W
Thu Sep  4 21:26:12 IDT 2025, 356 W
Thu Sep  4 21:26:12 IDT 2025, 353 W
Thu Sep  4 21:26:12 IDT 2025, 373 W
Thu Sep  4 21:26:13 IDT 2025, 342 W
Thu Sep  4 21:26:13 IDT 2025, 393 W
Thu Sep  4 21:26:13 IDT 2025, 384 W
Thu Sep  4 21:26:13 IDT 2025, 393 W
Thu Sep  4 21:26:14 IDT 2025, 337 W
Thu Sep  4 21:26:14 IDT 2025, 392 W
Thu Sep  4 21:26:14 IDT 2025, 387 W
Thu Sep  4 21:26:14 IDT 2025, 393 W
Thu Sep  4 21:26:15 IDT 2025, 341 W
Thu Sep  4 21:26:15 IDT 2025, 393 W
Thu Sep  4 21:26:15 IDT 2025, 387 W
Thu Sep  4 21:26:15 IDT 2025, 392 W
Thu Sep  4 21:26:16 IDT 2025, 348 W
Thu Sep  4 21:26:16 IDT 2025, 346 W
Thu Sep  4 21:26:16 IDT 2025, 345 W
Thu Sep  4 21:26:16 IDT 2025, 358 W
Thu Sep  4 21:26:17 IDT 2025, 344 W
Thu Sep  4 21:26:17 IDT 2025, 351 W
Thu Sep  4 21:26:17 IDT 2025, 340 W
Thu Sep  4 21:26:17 IDT 2025, 354 W
Thu Sep  4 21:26:18 IDT 2025, 336 W
Thu Sep  4 21:26:18 IDT 2025, 348 W
Thu Sep  4 21:26:18 IDT 2025, 315 W
Thu Sep  4 21:26:18 IDT 2025, 321 W
Thu Sep  4 21:26:19 IDT 2025, 344 W
Thu Sep  4 21:26:19 IDT 2025, 348 W
Thu Sep  4 21:26:19 IDT 2025, 344 W
Thu Sep  4 21:26:19 IDT 2025, 343 W
Thu Sep  4 21:26:20 IDT 2025, 352 W
Thu Sep  4 21:26:20 IDT 2025, 347 W
Thu Sep  4 21:26:20 IDT 2025, 347 W
Thu Sep  4 21:26:20 IDT 2025, 363 W
Thu Sep  4 21:26:21 IDT 2025, 345 W
Thu Sep  4 21:26:21 IDT 2025, 349 W
Thu Sep  4 21:26:21 IDT 2025, 348 W
Thu Sep  4 21:26:21 IDT 2025, 361 W
Thu Sep  4 21:26:22 IDT 2025, 346 W
Thu Sep  4 21:26:22 IDT 2025, 350 W
Thu Sep  4 21:26:22 IDT 2025, 341 W
Thu Sep  4 21:26:22 IDT 2025, 361 W
Thu Sep  4 21:26:23 IDT 2025, 351 W
Thu Sep  4 21:26:23 IDT 2025, 344 W
Thu Sep  4 21:26:23 IDT 2025, 344 W
Thu Sep  4 21:26:23 IDT 2025, 355 W
Thu Sep  4 21:26:24 IDT 2025, 346 W
Thu Sep  4 21:26:24 IDT 2025, 348 W
Thu Sep  4 21:26:24 IDT 2025, 344 W
Thu Sep  4 21:26:24 IDT 2025, 344 W
Thu Sep  4 21:26:25 IDT 2025, 341 W
Thu Sep  4 21:26:25 IDT 2025, 350 W
Thu Sep  4 21:26:25 IDT 2025, 346 W
Thu Sep  4 21:26:25 IDT 2025, 360 W
Thu Sep  4 21:26:26 IDT 2025, 347 W
Thu Sep  4 21:26:26 IDT 2025, 347 W
Thu Sep  4 21:26:26 IDT 2025, 348 W
Thu Sep  4 21:26:26 IDT 2025, 360 W
Thu Sep  4 21:26:27 IDT 2025, 349 W
Thu Sep  4 21:26:27 IDT 2025, 348 W
Thu Sep  4 21:26:27 IDT 2025, 341 W
Thu Sep  4 21:26:27 IDT 2025, 349 W
Thu Sep  4 21:26:28 IDT 2025, 344 W
Thu Sep  4 21:26:28 IDT 2025, 348 W
Thu Sep  4 21:26:28 IDT 2025, 339 W
Thu Sep  4 21:26:28 IDT 2025, 354 W
Thu Sep  4 21:26:29 IDT 2025, 343 W
Thu Sep  4 21:26:29 IDT 2025, 347 W
Thu Sep  4 21:26:29 IDT 2025, 339 W
Thu Sep  4 21:26:29 IDT 2025, 357 W
Thu Sep  4 21:26:30 IDT 2025, 348 W
Thu Sep  4 21:26:30 IDT 2025, 348 W
Thu Sep  4 21:26:30 IDT 2025, 341 W
Thu Sep  4 21:26:30 IDT 2025, 357 W
Thu Sep  4 21:26:31 IDT 2025, 348 W
Thu Sep  4 21:26:31 IDT 2025, 351 W
Thu Sep  4 21:26:31 IDT 2025, 346 W
Thu Sep  4 21:26:31 IDT 2025, 357 W
Thu Sep  4 21:26:32 IDT 2025, 342 W
Thu Sep  4 21:26:32 IDT 2025, 350 W
Thu Sep  4 21:26:32 IDT 2025, 345 W
Thu Sep  4 21:26:32 IDT 2025, 356 W
Thu Sep  4 21:26:33 IDT 2025, 357 W
Thu Sep  4 21:26:33 IDT 2025, 355 W
Thu Sep  4 21:26:33 IDT 2025, 356 W
Thu Sep  4 21:26:33 IDT 2025, 377 W
Thu Sep  4 21:26:34 IDT 2025, 355 W
Thu Sep  4 21:26:34 IDT 2025, 358 W
Thu Sep  4 21:26:34 IDT 2025, 348 W
Thu Sep  4 21:26:34 IDT 2025, 373 W
Thu Sep  4 21:26:35 IDT 2025, 352 W
Thu Sep  4 21:26:35 IDT 2025, 364 W
Thu Sep  4 21:26:35 IDT 2025, 352 W
Thu Sep  4 21:26:35 IDT 2025, 378 W
Thu Sep  4 21:26:36 IDT 2025, 361 W
Thu Sep  4 21:26:36 IDT 2025, 362 W
Thu Sep  4 21:26:36 IDT 2025, 359 W
Thu Sep  4 21:26:36 IDT 2025, 376 W
Thu Sep  4 21:26:37 IDT 2025, 344 W
Thu Sep  4 21:26:37 IDT 2025, 348 W
Thu Sep  4 21:26:37 IDT 2025, 347 W
Thu Sep  4 21:26:37 IDT 2025, 357 W
Thu Sep  4 21:26:38 IDT 2025, 347 W
Thu Sep  4 21:26:38 IDT 2025, 353 W
Thu Sep  4 21:26:38 IDT 2025, 340 W
Thu Sep  4 21:26:38 IDT 2025, 364 W
Thu Sep  4 21:26:39 IDT 2025, 353 W
Thu Sep  4 21:26:39 IDT 2025, 362 W
Thu Sep  4 21:26:39 IDT 2025, 350 W
Thu Sep  4 21:26:39 IDT 2025, 375 W
Thu Sep  4 21:26:40 IDT 2025, 339 W
Thu Sep  4 21:26:40 IDT 2025, 342 W
Thu Sep  4 21:26:40 IDT 2025, 336 W
Thu Sep  4 21:26:40 IDT 2025, 310 W
Thu Sep  4 21:26:41 IDT 2025, 338 W
Thu Sep  4 21:26:41 IDT 2025, 334 W
Thu Sep  4 21:26:41 IDT 2025, 329 W
Thu Sep  4 21:26:41 IDT 2025, 309 W
Thu Sep  4 21:26:42 IDT 2025, 334 W
Thu Sep  4 21:26:42 IDT 2025, 339 W
Thu Sep  4 21:26:42 IDT 2025, 333 W
Thu Sep  4 21:26:42 IDT 2025, 312 W
Thu Sep  4 21:26:43 IDT 2025, 338 W
Thu Sep  4 21:26:43 IDT 2025, 334 W
Thu Sep  4 21:26:43 IDT 2025, 330 W
Thu Sep  4 21:26:43 IDT 2025, 308 W
Thu Sep  4 21:26:44 IDT 2025, 338 W
Thu Sep  4 21:26:44 IDT 2025, 337 W
Thu Sep  4 21:26:44 IDT 2025, 329 W
Thu Sep  4 21:26:44 IDT 2025, 312 W
Thu Sep  4 21:26:45 IDT 2025, 348 W
Thu Sep  4 21:26:45 IDT 2025, 354 W
Thu Sep  4 21:26:45 IDT 2025, 345 W
Thu Sep  4 21:26:45 IDT 2025, 330 W
Thu Sep  4 21:26:46 IDT 2025, 358 W
Thu Sep  4 21:26:46 IDT 2025, 359 W
Thu Sep  4 21:26:46 IDT 2025, 357 W
Thu Sep  4 21:26:46 IDT 2025, 376 W
Thu Sep  4 21:26:47 IDT 2025, 351 W
Thu Sep  4 21:26:47 IDT 2025, 362 W
Thu Sep  4 21:26:47 IDT 2025, 352 W
Thu Sep  4 21:26:47 IDT 2025, 376 W
Thu Sep  4 21:26:48 IDT 2025, 360 W
Thu Sep  4 21:26:48 IDT 2025, 357 W
Thu Sep  4 21:26:48 IDT 2025, 354 W
Thu Sep  4 21:26:48 IDT 2025, 373 W
Thu Sep  4 21:26:49 IDT 2025, 351 W
Thu Sep  4 21:26:49 IDT 2025, 360 W
Thu Sep  4 21:26:49 IDT 2025, 346 W
Thu Sep  4 21:26:49 IDT 2025, 372 W
Thu Sep  4 21:26:50 IDT 2025, 356 W
Thu Sep  4 21:26:50 IDT 2025, 361 W
Thu Sep  4 21:26:50 IDT 2025, 357 W
Thu Sep  4 21:26:50 IDT 2025, 377 W
Thu Sep  4 21:26:51 IDT 2025, 351 W
Thu Sep  4 21:26:51 IDT 2025, 351 W
Thu Sep  4 21:26:51 IDT 2025, 340 W
Thu Sep  4 21:26:51 IDT 2025, 349 W
Thu Sep  4 21:26:52 IDT 2025, 351 W
Thu Sep  4 21:26:52 IDT 2025, 348 W
Thu Sep  4 21:26:52 IDT 2025, 342 W
Thu Sep  4 21:26:52 IDT 2025, 352 W
Thu Sep  4 21:26:53 IDT 2025, 351 W
Thu Sep  4 21:26:53 IDT 2025, 355 W
Thu Sep  4 21:26:53 IDT 2025, 343 W
Thu Sep  4 21:26:53 IDT 2025, 363 W
Thu Sep  4 21:26:54 IDT 2025, 356 W
Thu Sep  4 21:26:54 IDT 2025, 356 W
Thu Sep  4 21:26:54 IDT 2025, 354 W
Thu Sep  4 21:26:54 IDT 2025, 371 W
Thu Sep  4 21:26:55 IDT 2025, 344 W
Thu Sep  4 21:26:55 IDT 2025, 353 W
Thu Sep  4 21:26:55 IDT 2025, 346 W
Thu Sep  4 21:26:55 IDT 2025, 362 W
Thu Sep  4 21:26:56 IDT 2025, 352 W
Thu Sep  4 21:26:56 IDT 2025, 351 W
Thu Sep  4 21:26:56 IDT 2025, 347 W
Thu Sep  4 21:26:56 IDT 2025, 366 W
Thu Sep  4 21:26:57 IDT 2025, 344 W
Thu Sep  4 21:26:57 IDT 2025, 352 W
Thu Sep  4 21:26:57 IDT 2025, 340 W
Thu Sep  4 21:26:57 IDT 2025, 361 W
Thu Sep  4 21:26:58 IDT 2025, 349 W
Thu Sep  4 21:26:58 IDT 2025, 350 W
Thu Sep  4 21:26:58 IDT 2025, 347 W
Thu Sep  4 21:26:58 IDT 2025, 358 W
Thu Sep  4 21:26:59 IDT 2025, 349 W
Thu Sep  4 21:26:59 IDT 2025, 345 W
Thu Sep  4 21:26:59 IDT 2025, 342 W
Thu Sep  4 21:26:59 IDT 2025, 353 W
Thu Sep  4 21:27:00 IDT 2025, 345 W
Thu Sep  4 21:27:00 IDT 2025, 353 W
Thu Sep  4 21:27:00 IDT 2025, 345 W
Thu Sep  4 21:27:00 IDT 2025, 366 W
Thu Sep  4 21:27:01 IDT 2025, 351 W
Thu Sep  4 21:27:01 IDT 2025, 348 W
Thu Sep  4 21:27:01 IDT 2025, 344 W
Thu Sep  4 21:27:01 IDT 2025, 364 W
Thu Sep  4 21:27:02 IDT 2025, 352 W
Thu Sep  4 21:27:02 IDT 2025, 351 W
Thu Sep  4 21:27:02 IDT 2025, 341 W
Thu Sep  4 21:27:02 IDT 2025, 361 W
Thu Sep  4 21:27:03 IDT 2025, 348 W
Thu Sep  4 21:27:03 IDT 2025, 346 W
Thu Sep  4 21:27:03 IDT 2025, 346 W
Thu Sep  4 21:27:03 IDT 2025, 354 W
Thu Sep  4 21:27:04 IDT 2025, 350 W
Thu Sep  4 21:27:04 IDT 2025, 349 W
Thu Sep  4 21:27:04 IDT 2025, 347 W
Thu Sep  4 21:27:04 IDT 2025, 362 W
Thu Sep  4 21:27:05 IDT 2025, 351 W
Thu Sep  4 21:27:05 IDT 2025, 350 W
Thu Sep  4 21:27:05 IDT 2025, 344 W
Thu Sep  4 21:27:05 IDT 2025, 360 W
Thu Sep  4 21:27:06 IDT 2025, 352 W
Thu Sep  4 21:27:06 IDT 2025, 354 W
Thu Sep  4 21:27:06 IDT 2025, 341 W
Thu Sep  4 21:27:06 IDT 2025, 367 W
Thu Sep  4 21:27:07 IDT 2025, 348 W
Thu Sep  4 21:27:07 IDT 2025, 345 W
Thu Sep  4 21:27:07 IDT 2025, 338 W
Thu Sep  4 21:27:07 IDT 2025, 342 W
Thu Sep  4 21:27:08 IDT 2025, 347 W
Thu Sep  4 21:27:08 IDT 2025, 350 W
Thu Sep  4 21:27:08 IDT 2025, 343 W
Thu Sep  4 21:27:08 IDT 2025, 337 W
Thu Sep  4 21:27:09 IDT 2025, 341 W
Thu Sep  4 21:27:09 IDT 2025, 348 W
Thu Sep  4 21:27:09 IDT 2025, 342 W
Thu Sep  4 21:27:09 IDT 2025, 341 W
Thu Sep  4 21:27:10 IDT 2025, 353 W
Thu Sep  4 21:27:10 IDT 2025, 344 W
Thu Sep  4 21:27:10 IDT 2025, 339 W
Thu Sep  4 21:27:10 IDT 2025, 346 W
Thu Sep  4 21:27:11 IDT 2025, 349 W
Thu Sep  4 21:27:11 IDT 2025, 344 W
Thu Sep  4 21:27:11 IDT 2025, 339 W
Thu Sep  4 21:27:11 IDT 2025, 355 W
Thu Sep  4 21:27:12 IDT 2025, 354 W
Thu Sep  4 21:27:12 IDT 2025, 350 W
Thu Sep  4 21:27:12 IDT 2025, 344 W
Thu Sep  4 21:27:12 IDT 2025, 366 W
Thu Sep  4 21:27:13 IDT 2025, 351 W
Thu Sep  4 21:27:13 IDT 2025, 348 W
Thu Sep  4 21:27:13 IDT 2025, 342 W
Thu Sep  4 21:27:13 IDT 2025, 361 W
Thu Sep  4 21:27:14 IDT 2025, 355 W
Thu Sep  4 21:27:14 IDT 2025, 362 W
Thu Sep  4 21:27:14 IDT 2025, 350 W
Thu Sep  4 21:27:14 IDT 2025, 378 W
Thu Sep  4 21:27:15 IDT 2025, 363 W
Thu Sep  4 21:27:15 IDT 2025, 360 W
Thu Sep  4 21:27:15 IDT 2025, 354 W
Thu Sep  4 21:27:15 IDT 2025, 380 W
Thu Sep  4 21:27:16 IDT 2025, 358 W
Thu Sep  4 21:27:16 IDT 2025, 356 W
Thu Sep  4 21:27:16 IDT 2025, 352 W
Thu Sep  4 21:27:16 IDT 2025, 374 W
Thu Sep  4 21:27:17 IDT 2025, 358 W
Thu Sep  4 21:27:17 IDT 2025, 351 W
Thu Sep  4 21:27:17 IDT 2025, 351 W
Thu Sep  4 21:27:17 IDT 2025, 374 W
Thu Sep  4 21:27:18 IDT 2025, 349 W
Thu Sep  4 21:27:18 IDT 2025, 354 W
Thu Sep  4 21:27:18 IDT 2025, 343 W
Thu Sep  4 21:27:18 IDT 2025, 365 W
Thu Sep  4 21:27:19 IDT 2025, 341 W
Thu Sep  4 21:27:19 IDT 2025, 337 W
Thu Sep  4 21:27:19 IDT 2025, 336 W
Thu Sep  4 21:27:19 IDT 2025, 309 W
Thu Sep  4 21:27:20 IDT 2025, 333 W
Thu Sep  4 21:27:20 IDT 2025, 339 W
Thu Sep  4 21:27:20 IDT 2025, 331 W
Thu Sep  4 21:27:20 IDT 2025, 309 W
Thu Sep  4 21:27:21 IDT 2025, 359 W
Thu Sep  4 21:27:21 IDT 2025, 351 W
Thu Sep  4 21:27:21 IDT 2025, 351 W
Thu Sep  4 21:27:21 IDT 2025, 370 W
Thu Sep  4 21:27:22 IDT 2025, 354 W
Thu Sep  4 21:27:22 IDT 2025, 350 W
Thu Sep  4 21:27:22 IDT 2025, 346 W
Thu Sep  4 21:27:22 IDT 2025, 363 W
Thu Sep  4 21:27:23 IDT 2025, 352 W
Thu Sep  4 21:27:23 IDT 2025, 350 W
Thu Sep  4 21:27:23 IDT 2025, 352 W
Thu Sep  4 21:27:23 IDT 2025, 367 W
Thu Sep  4 21:27:24 IDT 2025, 337 W
Thu Sep  4 21:27:24 IDT 2025, 335 W
Thu Sep  4 21:27:24 IDT 2025, 330 W
Thu Sep  4 21:27:24 IDT 2025, 311 W
Thu Sep  4 21:27:25 IDT 2025, 334 W
Thu Sep  4 21:27:25 IDT 2025, 341 W
Thu Sep  4 21:27:25 IDT 2025, 335 W
Thu Sep  4 21:27:25 IDT 2025, 311 W
Thu Sep  4 21:27:26 IDT 2025, 350 W
Thu Sep  4 21:27:26 IDT 2025, 353 W
Thu Sep  4 21:27:26 IDT 2025, 350 W
Thu Sep  4 21:27:26 IDT 2025, 370 W
Thu Sep  4 21:27:27 IDT 2025, 356 W
Thu Sep  4 21:27:27 IDT 2025, 348 W
Thu Sep  4 21:27:27 IDT 2025, 349 W
Thu Sep  4 21:27:27 IDT 2025, 366 W
Thu Sep  4 21:27:28 IDT 2025, 357 W
Thu Sep  4 21:27:28 IDT 2025, 350 W
Thu Sep  4 21:27:28 IDT 2025, 352 W
Thu Sep  4 21:27:28 IDT 2025, 368 W
Thu Sep  4 21:27:29 IDT 2025, 353 W
Thu Sep  4 21:27:29 IDT 2025, 344 W
Thu Sep  4 21:27:29 IDT 2025, 346 W
Thu Sep  4 21:27:29 IDT 2025, 356 W
Thu Sep  4 21:27:30 IDT 2025, 350 W
Thu Sep  4 21:27:30 IDT 2025, 346 W
Thu Sep  4 21:27:30 IDT 2025, 340 W
Thu Sep  4 21:27:30 IDT 2025, 360 W
Thu Sep  4 21:27:31 IDT 2025, 348 W
Thu Sep  4 21:27:31 IDT 2025, 347 W
Thu Sep  4 21:27:31 IDT 2025, 342 W
Thu Sep  4 21:27:31 IDT 2025, 364 W
Thu Sep  4 21:27:32 IDT 2025, 351 W
Thu Sep  4 21:27:32 IDT 2025, 349 W
Thu Sep  4 21:27:32 IDT 2025, 349 W
Thu Sep  4 21:27:32 IDT 2025, 365 W
Thu Sep  4 21:27:33 IDT 2025, 331 W
Thu Sep  4 21:27:33 IDT 2025, 325 W
Thu Sep  4 21:27:33 IDT 2025, 329 W
Thu Sep  4 21:27:33 IDT 2025, 348 W
Thu Sep  4 21:27:34 IDT 2025, 351 W
Thu Sep  4 21:27:34 IDT 2025, 354 W
Thu Sep  4 21:27:34 IDT 2025, 351 W
Thu Sep  4 21:27:34 IDT 2025, 373 W
Thu Sep  4 21:27:35 IDT 2025, 355 W
Thu Sep  4 21:27:35 IDT 2025, 348 W
Thu Sep  4 21:27:35 IDT 2025, 346 W
Thu Sep  4 21:27:35 IDT 2025, 363 W
Thu Sep  4 21:27:36 IDT 2025, 354 W
Thu Sep  4 21:27:36 IDT 2025, 346 W
Thu Sep  4 21:27:36 IDT 2025, 341 W
Thu Sep  4 21:27:36 IDT 2025, 335 W
Thu Sep  4 21:27:37 IDT 2025, 351 W
Thu Sep  4 21:27:37 IDT 2025, 344 W
Thu Sep  4 21:27:37 IDT 2025, 341 W
Thu Sep  4 21:27:37 IDT 2025, 332 W
Thu Sep  4 21:27:38 IDT 2025, 350 W
Thu Sep  4 21:27:38 IDT 2025, 348 W
Thu Sep  4 21:27:38 IDT 2025, 342 W
Thu Sep  4 21:27:38 IDT 2025, 356 W
Thu Sep  4 21:27:39 IDT 2025, 345 W
Thu Sep  4 21:27:39 IDT 2025, 350 W
Thu Sep  4 21:27:39 IDT 2025, 342 W
Thu Sep  4 21:27:39 IDT 2025, 329 W
Thu Sep  4 21:27:40 IDT 2025, 352 W
Thu Sep  4 21:27:40 IDT 2025, 345 W
Thu Sep  4 21:27:40 IDT 2025, 344 W
Thu Sep  4 21:27:40 IDT 2025, 359 W
Thu Sep  4 21:27:41 IDT 2025, 348 W
Thu Sep  4 21:27:41 IDT 2025, 350 W
Thu Sep  4 21:27:41 IDT 2025, 341 W
Thu Sep  4 21:27:41 IDT 2025, 361 W
Thu Sep  4 21:27:42 IDT 2025, 345 W
Thu Sep  4 21:27:42 IDT 2025, 351 W
Thu Sep  4 21:27:42 IDT 2025, 344 W
Thu Sep  4 21:27:42 IDT 2025, 361 W
Thu Sep  4 21:27:43 IDT 2025, 350 W
Thu Sep  4 21:27:43 IDT 2025, 344 W
Thu Sep  4 21:27:43 IDT 2025, 343 W
Thu Sep  4 21:27:43 IDT 2025, 352 W
Thu Sep  4 21:27:44 IDT 2025, 351 W
Thu Sep  4 21:27:44 IDT 2025, 354 W
Thu Sep  4 21:27:44 IDT 2025, 351 W
Thu Sep  4 21:27:44 IDT 2025, 369 W
Thu Sep  4 21:27:45 IDT 2025, 358 W
Thu Sep  4 21:27:45 IDT 2025, 352 W
Thu Sep  4 21:27:45 IDT 2025, 349 W
Thu Sep  4 21:27:45 IDT 2025, 370 W
Thu Sep  4 21:27:46 IDT 2025, 354 W
Thu Sep  4 21:27:46 IDT 2025, 351 W
Thu Sep  4 21:27:46 IDT 2025, 348 W
Thu Sep  4 21:27:46 IDT 2025, 369 W
Thu Sep  4 21:27:47 IDT 2025, 360 W
Thu Sep  4 21:27:47 IDT 2025, 356 W
Thu Sep  4 21:27:47 IDT 2025, 354 W
Thu Sep  4 21:27:47 IDT 2025, 373 W
Thu Sep  4 21:27:48 IDT 2025, 338 W
Thu Sep  4 21:27:48 IDT 2025, 344 W
Thu Sep  4 21:27:48 IDT 2025, 336 W
Thu Sep  4 21:27:48 IDT 2025, 342 W
Thu Sep  4 21:27:49 IDT 2025, 352 W
Thu Sep  4 21:27:49 IDT 2025, 354 W
Thu Sep  4 21:27:49 IDT 2025, 351 W
Thu Sep  4 21:27:49 IDT 2025, 370 W
Thu Sep  4 21:27:50 IDT 2025, 344 W
Thu Sep  4 21:27:50 IDT 2025, 348 W
Thu Sep  4 21:27:50 IDT 2025, 346 W
Thu Sep  4 21:27:50 IDT 2025, 356 W
Thu Sep  4 21:27:51 IDT 2025, 352 W
Thu Sep  4 21:27:51 IDT 2025, 345 W
Thu Sep  4 21:27:51 IDT 2025, 345 W
Thu Sep  4 21:27:51 IDT 2025, 358 W
Thu Sep  4 21:27:52 IDT 2025, 352 W
Thu Sep  4 21:27:52 IDT 2025, 360 W
Thu Sep  4 21:27:52 IDT 2025, 348 W
Thu Sep  4 21:27:52 IDT 2025, 377 W
Thu Sep  4 21:27:53 IDT 2025, 350 W
Thu Sep  4 21:27:53 IDT 2025, 341 W
Thu Sep  4 21:27:53 IDT 2025, 342 W
Thu Sep  4 21:27:53 IDT 2025, 355 W
Thu Sep  4 21:27:54 IDT 2025, 347 W
Thu Sep  4 21:27:54 IDT 2025, 354 W
Thu Sep  4 21:27:54 IDT 2025, 343 W
Thu Sep  4 21:27:54 IDT 2025, 365 W
Thu Sep  4 21:27:55 IDT 2025, 359 W
Thu Sep  4 21:27:55 IDT 2025, 356 W
Thu Sep  4 21:27:55 IDT 2025, 354 W
Thu Sep  4 21:27:55 IDT 2025, 370 W
Thu Sep  4 21:27:56 IDT 2025, 345 W
Thu Sep  4 21:27:56 IDT 2025, 353 W
Thu Sep  4 21:27:56 IDT 2025, 347 W
Thu Sep  4 21:27:56 IDT 2025, 361 W
Thu Sep  4 21:27:57 IDT 2025, 344 W
Thu Sep  4 21:27:57 IDT 2025, 347 W
Thu Sep  4 21:27:57 IDT 2025, 343 W
Thu Sep  4 21:27:57 IDT 2025, 352 W
Thu Sep  4 21:27:58 IDT 2025, 342 W
Thu Sep  4 21:27:58 IDT 2025, 351 W
Thu Sep  4 21:27:58 IDT 2025, 342 W
Thu Sep  4 21:27:58 IDT 2025, 352 W
Thu Sep  4 21:27:59 IDT 2025, 346 W
Thu Sep  4 21:27:59 IDT 2025, 342 W
Thu Sep  4 21:27:59 IDT 2025, 352 W
Thu Sep  4 21:27:59 IDT 2025, 371 W
Thu Sep  4 21:28:00 IDT 2025, 359 W
Thu Sep  4 21:28:00 IDT 2025, 352 W
Thu Sep  4 21:28:00 IDT 2025, 353 W
Thu Sep  4 21:28:00 IDT 2025, 375 W
Thu Sep  4 21:28:01 IDT 2025, 350 W
Thu Sep  4 21:28:01 IDT 2025, 351 W
Thu Sep  4 21:28:01 IDT 2025, 349 W
Thu Sep  4 21:28:01 IDT 2025, 359 W
Thu Sep  4 21:28:02 IDT 2025, 349 W
Thu Sep  4 21:28:02 IDT 2025, 352 W
Thu Sep  4 21:28:02 IDT 2025, 351 W
Thu Sep  4 21:28:02 IDT 2025, 364 W
Thu Sep  4 21:28:03 IDT 2025, 350 W
Thu Sep  4 21:28:03 IDT 2025, 356 W
Thu Sep  4 21:28:03 IDT 2025, 348 W
Thu Sep  4 21:28:03 IDT 2025, 371 W
Thu Sep  4 21:28:04 IDT 2025, 358 W
Thu Sep  4 21:28:04 IDT 2025, 352 W
Thu Sep  4 21:28:04 IDT 2025, 352 W
Thu Sep  4 21:28:04 IDT 2025, 372 W
Thu Sep  4 21:28:05 IDT 2025, 351 W
Thu Sep  4 21:28:05 IDT 2025, 349 W
Thu Sep  4 21:28:05 IDT 2025, 344 W
Thu Sep  4 21:28:05 IDT 2025, 363 W
Thu Sep  4 21:28:06 IDT 2025, 358 W
Thu Sep  4 21:28:06 IDT 2025, 354 W
Thu Sep  4 21:28:06 IDT 2025, 354 W
Thu Sep  4 21:28:06 IDT 2025, 371 W
Thu Sep  4 21:28:07 IDT 2025, 355 W
Thu Sep  4 21:28:07 IDT 2025, 358 W
Thu Sep  4 21:28:07 IDT 2025, 353 W
Thu Sep  4 21:28:07 IDT 2025, 374 W
Thu Sep  4 21:28:08 IDT 2025, 362 W
Thu Sep  4 21:28:08 IDT 2025, 355 W
Thu Sep  4 21:28:08 IDT 2025, 357 W
Thu Sep  4 21:28:08 IDT 2025, 377 W
Thu Sep  4 21:28:09 IDT 2025, 354 W
Thu Sep  4 21:28:09 IDT 2025, 351 W
Thu Sep  4 21:28:09 IDT 2025, 353 W
Thu Sep  4 21:28:09 IDT 2025, 373 W
Thu Sep  4 21:28:10 IDT 2025, 359 W
Thu Sep  4 21:28:10 IDT 2025, 357 W
Thu Sep  4 21:28:10 IDT 2025, 356 W
Thu Sep  4 21:28:10 IDT 2025, 372 W
Thu Sep  4 21:28:11 IDT 2025, 355 W
Thu Sep  4 21:28:11 IDT 2025, 358 W
Thu Sep  4 21:28:11 IDT 2025, 351 W
Thu Sep  4 21:28:11 IDT 2025, 373 W
Thu Sep  4 21:28:12 IDT 2025, 360 W
Thu Sep  4 21:28:12 IDT 2025, 354 W
Thu Sep  4 21:28:12 IDT 2025, 358 W
Thu Sep  4 21:28:12 IDT 2025, 373 W
Thu Sep  4 21:28:13 IDT 2025, 353 W
Thu Sep  4 21:28:13 IDT 2025, 349 W
Thu Sep  4 21:28:13 IDT 2025, 345 W
Thu Sep  4 21:28:13 IDT 2025, 369 W
Thu Sep  4 21:28:14 IDT 2025, 357 W
Thu Sep  4 21:28:14 IDT 2025, 353 W
Thu Sep  4 21:28:14 IDT 2025, 354 W
Thu Sep  4 21:28:14 IDT 2025, 374 W
Thu Sep  4 21:28:15 IDT 2025, 359 W
Thu Sep  4 21:28:15 IDT 2025, 361 W
Thu Sep  4 21:28:15 IDT 2025, 354 W
Thu Sep  4 21:28:15 IDT 2025, 377 W
Thu Sep  4 21:28:16 IDT 2025, 362 W
Thu Sep  4 21:28:16 IDT 2025, 362 W
Thu Sep  4 21:28:16 IDT 2025, 357 W
Thu Sep  4 21:28:16 IDT 2025, 377 W
Thu Sep  4 21:28:17 IDT 2025, 352 W
Thu Sep  4 21:28:17 IDT 2025, 356 W
Thu Sep  4 21:28:17 IDT 2025, 347 W
Thu Sep  4 21:28:17 IDT 2025, 370 W
Thu Sep  4 21:28:18 IDT 2025, 359 W
Thu Sep  4 21:28:18 IDT 2025, 365 W
Thu Sep  4 21:28:18 IDT 2025, 351 W
Thu Sep  4 21:28:18 IDT 2025, 380 W
Thu Sep  4 21:28:19 IDT 2025, 361 W
Thu Sep  4 21:28:19 IDT 2025, 358 W
Thu Sep  4 21:28:19 IDT 2025, 354 W
Thu Sep  4 21:28:19 IDT 2025, 375 W
Thu Sep  4 21:28:20 IDT 2025, 351 W
Thu Sep  4 21:28:20 IDT 2025, 356 W
Thu Sep  4 21:28:20 IDT 2025, 347 W
Thu Sep  4 21:28:20 IDT 2025, 371 W
Thu Sep  4 21:28:21 IDT 2025, 349 W
Thu Sep  4 21:28:21 IDT 2025, 351 W
Thu Sep  4 21:28:21 IDT 2025, 344 W
Thu Sep  4 21:28:21 IDT 2025, 346 W
Thu Sep  4 21:28:22 IDT 2025, 347 W
Thu Sep  4 21:28:22 IDT 2025, 345 W
Thu Sep  4 21:28:22 IDT 2025, 340 W
Thu Sep  4 21:28:22 IDT 2025, 344 W
Thu Sep  4 21:28:23 IDT 2025, 357 W
Thu Sep  4 21:28:23 IDT 2025, 358 W
Thu Sep  4 21:28:23 IDT 2025, 356 W
Thu Sep  4 21:28:23 IDT 2025, 380 W
Thu Sep  4 21:28:24 IDT 2025, 363 W
Thu Sep  4 21:28:24 IDT 2025, 355 W
Thu Sep  4 21:28:24 IDT 2025, 360 W
Thu Sep  4 21:28:24 IDT 2025, 386 W
Thu Sep  4 21:28:25 IDT 2025, 352 W
Thu Sep  4 21:28:25 IDT 2025, 353 W
Thu Sep  4 21:28:25 IDT 2025, 351 W
Thu Sep  4 21:28:25 IDT 2025, 375 W
Thu Sep  4 21:28:26 IDT 2025, 352 W
Thu Sep  4 21:28:26 IDT 2025, 349 W
Thu Sep  4 21:28:26 IDT 2025, 346 W
Thu Sep  4 21:28:26 IDT 2025, 346 W
Thu Sep  4 21:28:27 IDT 2025, 358 W
Thu Sep  4 21:28:27 IDT 2025, 361 W
Thu Sep  4 21:28:27 IDT 2025, 355 W
Thu Sep  4 21:28:27 IDT 2025, 374 W
Thu Sep  4 21:28:28 IDT 2025, 340 W
Thu Sep  4 21:28:28 IDT 2025, 341 W
Thu Sep  4 21:28:28 IDT 2025, 339 W
Thu Sep  4 21:28:28 IDT 2025, 340 W
Thu Sep  4 21:28:29 IDT 2025, 354 W
Thu Sep  4 21:28:29 IDT 2025, 355 W
Thu Sep  4 21:28:29 IDT 2025, 354 W
Thu Sep  4 21:28:29 IDT 2025, 372 W
Thu Sep  4 21:28:30 IDT 2025, 346 W
Thu Sep  4 21:28:30 IDT 2025, 354 W
Thu Sep  4 21:28:30 IDT 2025, 348 W
Thu Sep  4 21:28:30 IDT 2025, 333 W
Thu Sep  4 21:28:31 IDT 2025, 354 W
Thu Sep  4 21:28:31 IDT 2025, 356 W
Thu Sep  4 21:28:31 IDT 2025, 354 W
Thu Sep  4 21:28:31 IDT 2025, 364 W
Thu Sep  4 21:28:32 IDT 2025, 344 W
Thu Sep  4 21:28:32 IDT 2025, 352 W
Thu Sep  4 21:28:32 IDT 2025, 343 W
Thu Sep  4 21:28:32 IDT 2025, 329 W
Thu Sep  4 21:28:33 IDT 2025, 342 W
Thu Sep  4 21:28:33 IDT 2025, 345 W
Thu Sep  4 21:28:33 IDT 2025, 342 W
Thu Sep  4 21:28:33 IDT 2025, 327 W
Thu Sep  4 21:28:34 IDT 2025, 348 W
Thu Sep  4 21:28:34 IDT 2025, 353 W
Thu Sep  4 21:28:34 IDT 2025, 348 W
Thu Sep  4 21:28:34 IDT 2025, 332 W
Thu Sep  4 21:28:35 IDT 2025, 346 W
Thu Sep  4 21:28:35 IDT 2025, 349 W
Thu Sep  4 21:28:35 IDT 2025, 345 W
Thu Sep  4 21:28:35 IDT 2025, 330 W
Thu Sep  4 21:28:36 IDT 2025, 349 W
Thu Sep  4 21:28:36 IDT 2025, 350 W
Thu Sep  4 21:28:36 IDT 2025, 347 W
Thu Sep  4 21:28:36 IDT 2025, 331 W
Thu Sep  4 21:28:37 IDT 2025, 362 W
Thu Sep  4 21:28:37 IDT 2025, 362 W
Thu Sep  4 21:28:37 IDT 2025, 357 W
Thu Sep  4 21:28:37 IDT 2025, 377 W
Thu Sep  4 21:28:38 IDT 2025, 356 W
Thu Sep  4 21:28:38 IDT 2025, 358 W
Thu Sep  4 21:28:38 IDT 2025, 355 W
Thu Sep  4 21:28:38 IDT 2025, 372 W
Thu Sep  4 21:28:39 IDT 2025, 340 W
Thu Sep  4 21:28:39 IDT 2025, 349 W
Thu Sep  4 21:28:39 IDT 2025, 343 W
Thu Sep  4 21:28:39 IDT 2025, 345 W
Thu Sep  4 21:28:40 IDT 2025, 348 W
Thu Sep  4 21:28:40 IDT 2025, 349 W
Thu Sep  4 21:28:40 IDT 2025, 343 W
Thu Sep  4 21:28:40 IDT 2025, 350 W
Thu Sep  4 21:28:41 IDT 2025, 344 W
Thu Sep  4 21:28:41 IDT 2025, 352 W
Thu Sep  4 21:28:41 IDT 2025, 342 W
Thu Sep  4 21:28:41 IDT 2025, 361 W
Thu Sep  4 21:28:42 IDT 2025, 343 W
Thu Sep  4 21:28:42 IDT 2025, 349 W
Thu Sep  4 21:28:42 IDT 2025, 344 W
Thu Sep  4 21:28:42 IDT 2025, 355 W
Thu Sep  4 21:28:43 IDT 2025, 353 W
Thu Sep  4 21:28:43 IDT 2025, 356 W
Thu Sep  4 21:28:43 IDT 2025, 345 W
Thu Sep  4 21:28:43 IDT 2025, 351 W
Thu Sep  4 21:28:44 IDT 2025, 342 W
Thu Sep  4 21:28:44 IDT 2025, 352 W
Thu Sep  4 21:28:44 IDT 2025, 346 W
Thu Sep  4 21:28:44 IDT 2025, 354 W
Thu Sep  4 21:28:45 IDT 2025, 355 W
Thu Sep  4 21:28:45 IDT 2025, 359 W
Thu Sep  4 21:28:45 IDT 2025, 353 W
Thu Sep  4 21:28:45 IDT 2025, 376 W
Thu Sep  4 21:28:46 IDT 2025, 350 W
Thu Sep  4 21:28:46 IDT 2025, 358 W
Thu Sep  4 21:28:46 IDT 2025, 347 W
Thu Sep  4 21:28:46 IDT 2025, 369 W
Thu Sep  4 21:28:47 IDT 2025, 349 W
Thu Sep  4 21:28:47 IDT 2025, 342 W
Thu Sep  4 21:28:47 IDT 2025, 340 W
Thu Sep  4 21:28:47 IDT 2025, 362 W
Thu Sep  4 21:28:48 IDT 2025, 357 W
Thu Sep  4 21:28:48 IDT 2025, 352 W
Thu Sep  4 21:28:48 IDT 2025, 355 W
Thu Sep  4 21:28:48 IDT 2025, 373 W
Thu Sep  4 21:28:49 IDT 2025, 350 W
Thu Sep  4 21:28:49 IDT 2025, 347 W
Thu Sep  4 21:28:49 IDT 2025, 342 W
Thu Sep  4 21:28:49 IDT 2025, 355 W
Thu Sep  4 21:28:50 IDT 2025, 357 W
Thu Sep  4 21:28:50 IDT 2025, 359 W
Thu Sep  4 21:28:50 IDT 2025, 353 W
Thu Sep  4 21:28:50 IDT 2025, 371 W
Thu Sep  4 21:28:51 IDT 2025, 350 W
Thu Sep  4 21:28:51 IDT 2025, 346 W
Thu Sep  4 21:28:51 IDT 2025, 341 W
Thu Sep  4 21:28:51 IDT 2025, 359 W
Thu Sep  4 21:28:52 IDT 2025, 343 W
Thu Sep  4 21:28:52 IDT 2025, 350 W
Thu Sep  4 21:28:52 IDT 2025, 341 W
Thu Sep  4 21:28:52 IDT 2025, 366 W
Thu Sep  4 21:28:53 IDT 2025, 353 W
Thu Sep  4 21:28:53 IDT 2025, 355 W
Thu Sep  4 21:28:53 IDT 2025, 349 W
Thu Sep  4 21:28:53 IDT 2025, 376 W
Thu Sep  4 21:28:54 IDT 2025, 352 W
Thu Sep  4 21:28:54 IDT 2025, 347 W
Thu Sep  4 21:28:54 IDT 2025, 346 W
Thu Sep  4 21:28:54 IDT 2025, 361 W
Thu Sep  4 21:28:55 IDT 2025, 346 W
Thu Sep  4 21:28:55 IDT 2025, 346 W
Thu Sep  4 21:28:55 IDT 2025, 339 W
Thu Sep  4 21:28:55 IDT 2025, 361 W
Thu Sep  4 21:28:56 IDT 2025, 350 W
Thu Sep  4 21:28:56 IDT 2025, 356 W
Thu Sep  4 21:28:56 IDT 2025, 348 W
Thu Sep  4 21:28:56 IDT 2025, 368 W
Thu Sep  4 21:28:57 IDT 2025, 349 W
Thu Sep  4 21:28:57 IDT 2025, 343 W
Thu Sep  4 21:28:57 IDT 2025, 341 W
Thu Sep  4 21:28:57 IDT 2025, 354 W
Thu Sep  4 21:28:58 IDT 2025, 346 W
Thu Sep  4 21:28:58 IDT 2025, 339 W
Thu Sep  4 21:28:58 IDT 2025, 348 W
Thu Sep  4 21:28:58 IDT 2025, 358 W
Thu Sep  4 21:28:59 IDT 2025, 348 W
Thu Sep  4 21:28:59 IDT 2025, 333 W
Thu Sep  4 21:28:59 IDT 2025, 346 W
Thu Sep  4 21:28:59 IDT 2025, 367 W
Thu Sep  4 21:29:00 IDT 2025, 355 W
Thu Sep  4 21:29:00 IDT 2025, 341 W
Thu Sep  4 21:29:00 IDT 2025, 352 W
Thu Sep  4 21:29:00 IDT 2025, 370 W
Thu Sep  4 21:29:01 IDT 2025, 346 W
Thu Sep  4 21:29:01 IDT 2025, 352 W
Thu Sep  4 21:29:01 IDT 2025, 347 W
Thu Sep  4 21:29:01 IDT 2025, 345 W
Thu Sep  4 21:29:02 IDT 2025, 349 W
Thu Sep  4 21:29:02 IDT 2025, 345 W
Thu Sep  4 21:29:02 IDT 2025, 347 W
Thu Sep  4 21:29:02 IDT 2025, 367 W
Thu Sep  4 21:29:03 IDT 2025, 345 W
Thu Sep  4 21:29:03 IDT 2025, 352 W
Thu Sep  4 21:29:03 IDT 2025, 344 W
Thu Sep  4 21:29:03 IDT 2025, 348 W
Thu Sep  4 21:29:04 IDT 2025, 345 W
Thu Sep  4 21:29:04 IDT 2025, 350 W
Thu Sep  4 21:29:04 IDT 2025, 348 W
Thu Sep  4 21:29:04 IDT 2025, 345 W
Thu Sep  4 21:29:05 IDT 2025, 356 W
Thu Sep  4 21:29:05 IDT 2025, 354 W
Thu Sep  4 21:29:05 IDT 2025, 353 W
Thu Sep  4 21:29:05 IDT 2025, 371 W
Thu Sep  4 21:29:06 IDT 2025, 358 W
Thu Sep  4 21:29:06 IDT 2025, 362 W
Thu Sep  4 21:29:06 IDT 2025, 352 W
Thu Sep  4 21:29:06 IDT 2025, 375 W
Thu Sep  4 21:29:07 IDT 2025, 353 W
Thu Sep  4 21:29:07 IDT 2025, 351 W
Thu Sep  4 21:29:07 IDT 2025, 345 W
Thu Sep  4 21:29:07 IDT 2025, 342 W
Thu Sep  4 21:29:08 IDT 2025, 349 W
Thu Sep  4 21:29:08 IDT 2025, 346 W
Thu Sep  4 21:29:08 IDT 2025, 340 W
Thu Sep  4 21:29:08 IDT 2025, 330 W
Thu Sep  4 21:29:09 IDT 2025, 348 W
Thu Sep  4 21:29:09 IDT 2025, 351 W
Thu Sep  4 21:29:09 IDT 2025, 347 W
Thu Sep  4 21:29:09 IDT 2025, 327 W
Thu Sep  4 21:29:10 IDT 2025, 348 W
Thu Sep  4 21:29:10 IDT 2025, 351 W
Thu Sep  4 21:29:10 IDT 2025, 348 W
Thu Sep  4 21:29:10 IDT 2025, 341 W
Thu Sep  4 21:29:11 IDT 2025, 346 W
Thu Sep  4 21:29:11 IDT 2025, 351 W
Thu Sep  4 21:29:11 IDT 2025, 342 W
Thu Sep  4 21:29:11 IDT 2025, 330 W
Thu Sep  4 21:29:12 IDT 2025, 356 W
Thu Sep  4 21:29:12 IDT 2025, 355 W
Thu Sep  4 21:29:12 IDT 2025, 349 W
Thu Sep  4 21:29:12 IDT 2025, 371 W
Thu Sep  4 21:29:13 IDT 2025, 352 W
Thu Sep  4 21:29:13 IDT 2025, 359 W
Thu Sep  4 21:29:13 IDT 2025, 349 W
Thu Sep  4 21:29:13 IDT 2025, 367 W
Thu Sep  4 21:29:14 IDT 2025, 340 W
Thu Sep  4 21:29:14 IDT 2025, 348 W
Thu Sep  4 21:29:14 IDT 2025, 340 W
Thu Sep  4 21:29:14 IDT 2025, 354 W
Thu Sep  4 21:29:15 IDT 2025, 362 W
Thu Sep  4 21:29:15 IDT 2025, 362 W
Thu Sep  4 21:29:15 IDT 2025, 358 W
Thu Sep  4 21:29:15 IDT 2025, 374 W
Thu Sep  4 21:29:16 IDT 2025, 355 W
Thu Sep  4 21:29:16 IDT 2025, 356 W
Thu Sep  4 21:29:16 IDT 2025, 350 W
Thu Sep  4 21:29:16 IDT 2025, 369 W
Thu Sep  4 21:29:17 IDT 2025, 353 W
Thu Sep  4 21:29:17 IDT 2025, 358 W
Thu Sep  4 21:29:17 IDT 2025, 344 W
Thu Sep  4 21:29:17 IDT 2025, 372 W
Thu Sep  4 21:29:18 IDT 2025, 358 W
Thu Sep  4 21:29:18 IDT 2025, 357 W
Thu Sep  4 21:29:18 IDT 2025, 353 W
Thu Sep  4 21:29:18 IDT 2025, 371 W
Thu Sep  4 21:29:19 IDT 2025, 309 W
Thu Sep  4 21:29:19 IDT 2025, 341 W
Thu Sep  4 21:29:19 IDT 2025, 330 W
Thu Sep  4 21:29:19 IDT 2025, 305 W
Thu Sep  4 21:29:20 IDT 2025, 312 W
Thu Sep  4 21:29:20 IDT 2025, 338 W
Thu Sep  4 21:29:20 IDT 2025, 327 W
Thu Sep  4 21:29:20 IDT 2025, 310 W
Thu Sep  4 21:29:21 IDT 2025, 346 W
Thu Sep  4 21:29:21 IDT 2025, 351 W
Thu Sep  4 21:29:21 IDT 2025, 348 W
Thu Sep  4 21:29:21 IDT 2025, 368 W
Thu Sep  4 21:29:22 IDT 2025, 348 W
Thu Sep  4 21:29:22 IDT 2025, 349 W
Thu Sep  4 21:29:22 IDT 2025, 342 W
Thu Sep  4 21:29:22 IDT 2025, 361 W
Thu Sep  4 21:29:23 IDT 2025, 352 W
Thu Sep  4 21:29:23 IDT 2025, 353 W
Thu Sep  4 21:29:23 IDT 2025, 348 W
Thu Sep  4 21:29:23 IDT 2025, 357 W
Thu Sep  4 21:29:24 IDT 2025, 352 W
Thu Sep  4 21:29:24 IDT 2025, 356 W
Thu Sep  4 21:29:24 IDT 2025, 346 W
Thu Sep  4 21:29:24 IDT 2025, 366 W
Thu Sep  4 21:29:25 IDT 2025, 354 W
Thu Sep  4 21:29:25 IDT 2025, 352 W
Thu Sep  4 21:29:25 IDT 2025, 345 W
Thu Sep  4 21:29:25 IDT 2025, 359 W
Thu Sep  4 21:29:26 IDT 2025, 352 W
Thu Sep  4 21:29:26 IDT 2025, 350 W
Thu Sep  4 21:29:26 IDT 2025, 342 W
Thu Sep  4 21:29:26 IDT 2025, 364 W
Thu Sep  4 21:29:27 IDT 2025, 351 W
Thu Sep  4 21:29:27 IDT 2025, 351 W
Thu Sep  4 21:29:27 IDT 2025, 341 W
Thu Sep  4 21:29:27 IDT 2025, 358 W
Thu Sep  4 21:29:28 IDT 2025, 363 W
Thu Sep  4 21:29:28 IDT 2025, 364 W
Thu Sep  4 21:29:28 IDT 2025, 354 W
Thu Sep  4 21:29:28 IDT 2025, 380 W
Thu Sep  4 21:29:29 IDT 2025, 348 W
Thu Sep  4 21:29:29 IDT 2025, 350 W
Thu Sep  4 21:29:29 IDT 2025, 343 W
Thu Sep  4 21:29:29 IDT 2025, 356 W
Thu Sep  4 21:29:30 IDT 2025, 353 W
Thu Sep  4 21:29:30 IDT 2025, 350 W
Thu Sep  4 21:29:30 IDT 2025, 346 W
Thu Sep  4 21:29:30 IDT 2025, 374 W
Thu Sep  4 21:29:31 IDT 2025, 360 W
Thu Sep  4 21:29:31 IDT 2025, 354 W
Thu Sep  4 21:29:31 IDT 2025, 356 W
Thu Sep  4 21:29:31 IDT 2025, 372 W
Thu Sep  4 21:29:32 IDT 2025, 357 W
Thu Sep  4 21:29:32 IDT 2025, 360 W
Thu Sep  4 21:29:32 IDT 2025, 350 W
Thu Sep  4 21:29:32 IDT 2025, 377 W
Thu Sep  4 21:29:33 IDT 2025, 353 W
Thu Sep  4 21:29:33 IDT 2025, 356 W
Thu Sep  4 21:29:33 IDT 2025, 348 W
Thu Sep  4 21:29:33 IDT 2025, 375 W
Thu Sep  4 21:29:34 IDT 2025, 360 W
Thu Sep  4 21:29:34 IDT 2025, 361 W
Thu Sep  4 21:29:34 IDT 2025, 356 W
Thu Sep  4 21:29:34 IDT 2025, 375 W
Thu Sep  4 21:29:35 IDT 2025, 357 W
Thu Sep  4 21:29:35 IDT 2025, 358 W
Thu Sep  4 21:29:35 IDT 2025, 355 W
Thu Sep  4 21:29:35 IDT 2025, 374 W
Thu Sep  4 21:29:36 IDT 2025, 356 W
Thu Sep  4 21:29:36 IDT 2025, 357 W
Thu Sep  4 21:29:36 IDT 2025, 354 W
Thu Sep  4 21:29:36 IDT 2025, 371 W
Thu Sep  4 21:29:37 IDT 2025, 357 W
Thu Sep  4 21:29:37 IDT 2025, 357 W
Thu Sep  4 21:29:37 IDT 2025, 353 W
Thu Sep  4 21:29:37 IDT 2025, 372 W
Thu Sep  4 21:29:38 IDT 2025, 335 W
Thu Sep  4 21:29:38 IDT 2025, 341 W
Thu Sep  4 21:29:38 IDT 2025, 334 W
Thu Sep  4 21:29:38 IDT 2025, 313 W
Thu Sep  4 21:29:39 IDT 2025, 346 W
Thu Sep  4 21:29:39 IDT 2025, 345 W
Thu Sep  4 21:29:39 IDT 2025, 343 W
Thu Sep  4 21:29:39 IDT 2025, 348 W
Thu Sep  4 21:29:40 IDT 2025, 340 W
Thu Sep  4 21:29:40 IDT 2025, 346 W
Thu Sep  4 21:29:40 IDT 2025, 340 W
Thu Sep  4 21:29:40 IDT 2025, 340 W
Thu Sep  4 21:29:41 IDT 2025, 357 W
Thu Sep  4 21:29:41 IDT 2025, 360 W
Thu Sep  4 21:29:41 IDT 2025, 348 W
Thu Sep  4 21:29:41 IDT 2025, 375 W
Thu Sep  4 21:29:42 IDT 2025, 353 W
Thu Sep  4 21:29:42 IDT 2025, 355 W
Thu Sep  4 21:29:42 IDT 2025, 345 W
Thu Sep  4 21:29:42 IDT 2025, 367 W
Thu Sep  4 21:29:43 IDT 2025, 346 W
Thu Sep  4 21:29:43 IDT 2025, 354 W
Thu Sep  4 21:29:43 IDT 2025, 346 W
Thu Sep  4 21:29:43 IDT 2025, 349 W
Thu Sep  4 21:29:44 IDT 2025, 350 W
Thu Sep  4 21:29:44 IDT 2025, 352 W
Thu Sep  4 21:29:44 IDT 2025, 345 W
Thu Sep  4 21:29:44 IDT 2025, 344 W
Thu Sep  4 21:29:45 IDT 2025, 348 W
Thu Sep  4 21:29:45 IDT 2025, 345 W
Thu Sep  4 21:29:45 IDT 2025, 343 W
Thu Sep  4 21:29:45 IDT 2025, 348 W
Thu Sep  4 21:29:46 IDT 2025, 352 W
Thu Sep  4 21:29:46 IDT 2025, 357 W
Thu Sep  4 21:29:46 IDT 2025, 348 W
Thu Sep  4 21:29:46 IDT 2025, 374 W
Thu Sep  4 21:29:47 IDT 2025, 355 W
Thu Sep  4 21:29:47 IDT 2025, 360 W
Thu Sep  4 21:29:47 IDT 2025, 348 W
Thu Sep  4 21:29:47 IDT 2025, 373 W
Thu Sep  4 21:29:48 IDT 2025, 354 W
Thu Sep  4 21:29:48 IDT 2025, 356 W
Thu Sep  4 21:29:48 IDT 2025, 353 W
Thu Sep  4 21:29:48 IDT 2025, 372 W
Thu Sep  4 21:29:49 IDT 2025, 357 W
Thu Sep  4 21:29:49 IDT 2025, 359 W
Thu Sep  4 21:29:49 IDT 2025, 350 W
Thu Sep  4 21:29:49 IDT 2025, 369 W
Thu Sep  4 21:29:50 IDT 2025, 350 W
Thu Sep  4 21:29:50 IDT 2025, 352 W
Thu Sep  4 21:29:50 IDT 2025, 348 W
Thu Sep  4 21:29:50 IDT 2025, 372 W
Thu Sep  4 21:29:51 IDT 2025, 357 W
Thu Sep  4 21:29:51 IDT 2025, 362 W
Thu Sep  4 21:29:51 IDT 2025, 350 W
Thu Sep  4 21:29:51 IDT 2025, 372 W
Thu Sep  4 21:29:52 IDT 2025, 354 W
Thu Sep  4 21:29:52 IDT 2025, 356 W
Thu Sep  4 21:29:52 IDT 2025, 350 W
Thu Sep  4 21:29:52 IDT 2025, 367 W
Thu Sep  4 21:29:53 IDT 2025, 362 W
Thu Sep  4 21:29:53 IDT 2025, 360 W
Thu Sep  4 21:29:53 IDT 2025, 355 W
Thu Sep  4 21:29:53 IDT 2025, 374 W
Thu Sep  4 21:29:54 IDT 2025, 350 W
Thu Sep  4 21:29:54 IDT 2025, 353 W
Thu Sep  4 21:29:54 IDT 2025, 345 W
Thu Sep  4 21:29:54 IDT 2025, 352 W
Thu Sep  4 21:29:55 IDT 2025, 344 W
Thu Sep  4 21:29:55 IDT 2025, 339 W
Thu Sep  4 21:29:55 IDT 2025, 345 W
Thu Sep  4 21:29:55 IDT 2025, 346 W
Thu Sep  4 21:29:56 IDT 2025, 362 W
Thu Sep  4 21:29:56 IDT 2025, 366 W
Thu Sep  4 21:29:56 IDT 2025, 358 W
Thu Sep  4 21:29:56 IDT 2025, 377 W
Thu Sep  4 21:29:57 IDT 2025, 352 W
Thu Sep  4 21:29:57 IDT 2025, 350 W
Thu Sep  4 21:29:57 IDT 2025, 342 W
Thu Sep  4 21:29:57 IDT 2025, 346 W
Thu Sep  4 21:29:58 IDT 2025, 350 W
Thu Sep  4 21:29:58 IDT 2025, 352 W
Thu Sep  4 21:29:58 IDT 2025, 341 W
Thu Sep  4 21:29:58 IDT 2025, 356 W
Thu Sep  4 21:29:59 IDT 2025, 355 W
Thu Sep  4 21:29:59 IDT 2025, 358 W
Thu Sep  4 21:29:59 IDT 2025, 351 W
Thu Sep  4 21:29:59 IDT 2025, 373 W
Thu Sep  4 21:30:00 IDT 2025, 356 W
Thu Sep  4 21:30:00 IDT 2025, 360 W
Thu Sep  4 21:30:00 IDT 2025, 347 W
Thu Sep  4 21:30:00 IDT 2025, 377 W
Thu Sep  4 21:30:01 IDT 2025, 360 W
Thu Sep  4 21:30:01 IDT 2025, 361 W
Thu Sep  4 21:30:01 IDT 2025, 355 W
Thu Sep  4 21:30:01 IDT 2025, 367 W
Thu Sep  4 21:30:02 IDT 2025, 362 W
Thu Sep  4 21:30:02 IDT 2025, 361 W
Thu Sep  4 21:30:02 IDT 2025, 354 W
Thu Sep  4 21:30:02 IDT 2025, 377 W
Thu Sep  4 21:30:03 IDT 2025, 358 W
Thu Sep  4 21:30:03 IDT 2025, 362 W
Thu Sep  4 21:30:03 IDT 2025, 350 W
Thu Sep  4 21:30:03 IDT 2025, 376 W
Thu Sep  4 21:30:04 IDT 2025, 358 W
Thu Sep  4 21:30:04 IDT 2025, 359 W
Thu Sep  4 21:30:04 IDT 2025, 351 W
Thu Sep  4 21:30:04 IDT 2025, 373 W
Thu Sep  4 21:30:05 IDT 2025, 359 W
Thu Sep  4 21:30:05 IDT 2025, 362 W
Thu Sep  4 21:30:05 IDT 2025, 349 W
Thu Sep  4 21:30:05 IDT 2025, 374 W
Thu Sep  4 21:30:06 IDT 2025, 361 W
Thu Sep  4 21:30:06 IDT 2025, 352 W
Thu Sep  4 21:30:06 IDT 2025, 355 W
Thu Sep  4 21:30:06 IDT 2025, 374 W
Thu Sep  4 21:30:07 IDT 2025, 357 W
Thu Sep  4 21:30:07 IDT 2025, 350 W
Thu Sep  4 21:30:07 IDT 2025, 351 W
Thu Sep  4 21:30:07 IDT 2025, 371 W
Thu Sep  4 21:30:08 IDT 2025, 359 W
Thu Sep  4 21:30:08 IDT 2025, 363 W
Thu Sep  4 21:30:08 IDT 2025, 352 W
Thu Sep  4 21:30:08 IDT 2025, 379 W
Thu Sep  4 21:30:09 IDT 2025, 348 W
Thu Sep  4 21:30:09 IDT 2025, 353 W
Thu Sep  4 21:30:09 IDT 2025, 345 W
Thu Sep  4 21:30:09 IDT 2025, 369 W
Thu Sep  4 21:30:10 IDT 2025, 352 W
Thu Sep  4 21:30:10 IDT 2025, 355 W
Thu Sep  4 21:30:10 IDT 2025, 347 W
Thu Sep  4 21:30:10 IDT 2025, 357 W
Thu Sep  4 21:30:11 IDT 2025, 352 W
Thu Sep  4 21:30:11 IDT 2025, 353 W
Thu Sep  4 21:30:11 IDT 2025, 342 W
Thu Sep  4 21:30:11 IDT 2025, 359 W
Thu Sep  4 21:30:12 IDT 2025, 357 W
Thu Sep  4 21:30:12 IDT 2025, 358 W
Thu Sep  4 21:30:12 IDT 2025, 333 W
Thu Sep  4 21:30:12 IDT 2025, 370 W
Thu Sep  4 21:30:13 IDT 2025, 350 W
Thu Sep  4 21:30:13 IDT 2025, 353 W
Thu Sep  4 21:30:13 IDT 2025, 329 W
Thu Sep  4 21:30:13 IDT 2025, 371 W
Thu Sep  4 21:30:14 IDT 2025, 355 W
Thu Sep  4 21:30:14 IDT 2025, 351 W
Thu Sep  4 21:30:14 IDT 2025, 335 W
Thu Sep  4 21:30:14 IDT 2025, 373 W
Thu Sep  4 21:30:15 IDT 2025, 343 W
Thu Sep  4 21:30:15 IDT 2025, 351 W
Thu Sep  4 21:30:15 IDT 2025, 344 W
Thu Sep  4 21:30:15 IDT 2025, 328 W
Thu Sep  4 21:30:16 IDT 2025, 362 W
Thu Sep  4 21:30:16 IDT 2025, 359 W
Thu Sep  4 21:30:16 IDT 2025, 337 W
Thu Sep  4 21:30:16 IDT 2025, 381 W
Thu Sep  4 21:30:17 IDT 2025, 359 W
Thu Sep  4 21:30:17 IDT 2025, 362 W
Thu Sep  4 21:30:17 IDT 2025, 340 W
Thu Sep  4 21:30:17 IDT 2025, 380 W
Thu Sep  4 21:30:18 IDT 2025, 367 W
Thu Sep  4 21:30:18 IDT 2025, 364 W
Thu Sep  4 21:30:18 IDT 2025, 342 W
Thu Sep  4 21:30:18 IDT 2025, 380 W
Thu Sep  4 21:30:19 IDT 2025, 356 W
Thu Sep  4 21:30:19 IDT 2025, 359 W
Thu Sep  4 21:30:19 IDT 2025, 342 W
Thu Sep  4 21:30:19 IDT 2025, 378 W
Thu Sep  4 21:30:20 IDT 2025, 351 W
Thu Sep  4 21:30:20 IDT 2025, 353 W
Thu Sep  4 21:30:20 IDT 2025, 346 W
Thu Sep  4 21:30:20 IDT 2025, 368 W
Thu Sep  4 21:30:21 IDT 2025, 357 W
Thu Sep  4 21:30:21 IDT 2025, 357 W
Thu Sep  4 21:30:21 IDT 2025, 351 W
Thu Sep  4 21:30:21 IDT 2025, 368 W
Thu Sep  4 21:30:22 IDT 2025, 349 W
Thu Sep  4 21:30:22 IDT 2025, 352 W
Thu Sep  4 21:30:22 IDT 2025, 348 W
Thu Sep  4 21:30:22 IDT 2025, 373 W
Thu Sep  4 21:30:23 IDT 2025, 340 W
Thu Sep  4 21:30:23 IDT 2025, 390 W
Thu Sep  4 21:30:23 IDT 2025, 381 W
Thu Sep  4 21:30:23 IDT 2025, 391 W
Thu Sep  4 21:30:24 IDT 2025, 352 W
Thu Sep  4 21:30:24 IDT 2025, 356 W
Thu Sep  4 21:30:24 IDT 2025, 384 W
Thu Sep  4 21:30:24 IDT 2025, 389 W
Thu Sep  4 21:30:25 IDT 2025, 358 W
Thu Sep  4 21:30:25 IDT 2025, 358 W
Thu Sep  4 21:30:25 IDT 2025, 349 W
Thu Sep  4 21:30:25 IDT 2025, 370 W
Thu Sep  4 21:30:26 IDT 2025, 352 W
Thu Sep  4 21:30:26 IDT 2025, 354 W
Thu Sep  4 21:30:26 IDT 2025, 325 W
Thu Sep  4 21:30:26 IDT 2025, 336 W
Thu Sep  4 21:30:27 IDT 2025, 354 W
Thu Sep  4 21:30:27 IDT 2025, 353 W
Thu Sep  4 21:30:27 IDT 2025, 350 W
Thu Sep  4 21:30:27 IDT 2025, 374 W
Thu Sep  4 21:30:28 IDT 2025, 355 W
Thu Sep  4 21:30:28 IDT 2025, 355 W
Thu Sep  4 21:30:28 IDT 2025, 353 W
Thu Sep  4 21:30:28 IDT 2025, 376 W
Thu Sep  4 21:30:29 IDT 2025, 363 W
Thu Sep  4 21:30:29 IDT 2025, 361 W
Thu Sep  4 21:30:29 IDT 2025, 354 W
Thu Sep  4 21:30:29 IDT 2025, 374 W
Thu Sep  4 21:30:30 IDT 2025, 350 W
Thu Sep  4 21:30:30 IDT 2025, 347 W
Thu Sep  4 21:30:30 IDT 2025, 339 W
Thu Sep  4 21:30:30 IDT 2025, 352 W
Thu Sep  4 21:30:31 IDT 2025, 354 W
Thu Sep  4 21:30:31 IDT 2025, 355 W
Thu Sep  4 21:30:31 IDT 2025, 349 W
Thu Sep  4 21:30:31 IDT 2025, 350 W
Thu Sep  4 21:30:32 IDT 2025, 349 W
Thu Sep  4 21:30:32 IDT 2025, 348 W
Thu Sep  4 21:30:32 IDT 2025, 346 W
Thu Sep  4 21:30:32 IDT 2025, 351 W
Thu Sep  4 21:30:33 IDT 2025, 353 W
Thu Sep  4 21:30:33 IDT 2025, 356 W
Thu Sep  4 21:30:33 IDT 2025, 348 W
Thu Sep  4 21:30:33 IDT 2025, 359 W
Thu Sep  4 21:30:34 IDT 2025, 352 W
Thu Sep  4 21:30:34 IDT 2025, 354 W
Thu Sep  4 21:30:34 IDT 2025, 346 W
Thu Sep  4 21:30:34 IDT 2025, 356 W
Thu Sep  4 21:30:35 IDT 2025, 344 W
Thu Sep  4 21:30:35 IDT 2025, 320 W
Thu Sep  4 21:30:35 IDT 2025, 325 W
Thu Sep  4 21:30:35 IDT 2025, 344 W
Thu Sep  4 21:30:36 IDT 2025, 354 W
Thu Sep  4 21:30:36 IDT 2025, 355 W
Thu Sep  4 21:30:36 IDT 2025, 352 W
Thu Sep  4 21:30:36 IDT 2025, 373 W
Thu Sep  4 21:30:37 IDT 2025, 351 W
Thu Sep  4 21:30:37 IDT 2025, 351 W
Thu Sep  4 21:30:37 IDT 2025, 346 W
Thu Sep  4 21:30:37 IDT 2025, 371 W
Thu Sep  4 21:30:38 IDT 2025, 350 W
Thu Sep  4 21:30:38 IDT 2025, 349 W
Thu Sep  4 21:30:38 IDT 2025, 340 W
Thu Sep  4 21:30:38 IDT 2025, 359 W
Thu Sep  4 21:30:39 IDT 2025, 348 W
Thu Sep  4 21:30:39 IDT 2025, 343 W
Thu Sep  4 21:30:39 IDT 2025, 342 W
Thu Sep  4 21:30:39 IDT 2025, 336 W
Thu Sep  4 21:30:40 IDT 2025, 360 W
Thu Sep  4 21:30:40 IDT 2025, 362 W
Thu Sep  4 21:30:40 IDT 2025, 359 W
Thu Sep  4 21:30:40 IDT 2025, 380 W
Thu Sep  4 21:30:41 IDT 2025, 349 W
Thu Sep  4 21:30:41 IDT 2025, 354 W
Thu Sep  4 21:30:41 IDT 2025, 346 W
Thu Sep  4 21:30:41 IDT 2025, 339 W
Thu Sep  4 21:30:42 IDT 2025, 342 W
Thu Sep  4 21:30:42 IDT 2025, 345 W
Thu Sep  4 21:30:42 IDT 2025, 338 W
Thu Sep  4 21:30:42 IDT 2025, 356 W
Thu Sep  4 21:30:43 IDT 2025, 352 W
Thu Sep  4 21:30:43 IDT 2025, 351 W
Thu Sep  4 21:30:43 IDT 2025, 347 W
Thu Sep  4 21:30:43 IDT 2025, 362 W
Thu Sep  4 21:30:44 IDT 2025, 350 W
Thu Sep  4 21:30:44 IDT 2025, 351 W
Thu Sep  4 21:30:44 IDT 2025, 346 W
Thu Sep  4 21:30:44 IDT 2025, 362 W
Thu Sep  4 21:30:45 IDT 2025, 350 W
Thu Sep  4 21:30:45 IDT 2025, 351 W
Thu Sep  4 21:30:45 IDT 2025, 344 W
Thu Sep  4 21:30:45 IDT 2025, 357 W
Thu Sep  4 21:30:46 IDT 2025, 357 W
Thu Sep  4 21:30:46 IDT 2025, 358 W
Thu Sep  4 21:30:46 IDT 2025, 353 W
Thu Sep  4 21:30:46 IDT 2025, 373 W
Thu Sep  4 21:30:47 IDT 2025, 358 W
Thu Sep  4 21:30:47 IDT 2025, 355 W
Thu Sep  4 21:30:47 IDT 2025, 353 W
Thu Sep  4 21:30:47 IDT 2025, 367 W
Thu Sep  4 21:30:48 IDT 2025, 360 W
Thu Sep  4 21:30:48 IDT 2025, 352 W
Thu Sep  4 21:30:48 IDT 2025, 352 W
Thu Sep  4 21:30:48 IDT 2025, 375 W
Thu Sep  4 21:30:49 IDT 2025, 353 W
Thu Sep  4 21:30:49 IDT 2025, 353 W
Thu Sep  4 21:30:49 IDT 2025, 346 W
Thu Sep  4 21:30:49 IDT 2025, 361 W
Thu Sep  4 21:30:50 IDT 2025, 362 W
Thu Sep  4 21:30:50 IDT 2025, 354 W
Thu Sep  4 21:30:50 IDT 2025, 353 W
Thu Sep  4 21:30:50 IDT 2025, 373 W
Thu Sep  4 21:30:51 IDT 2025, 356 W
Thu Sep  4 21:30:51 IDT 2025, 356 W
Thu Sep  4 21:30:51 IDT 2025, 353 W
Thu Sep  4 21:30:51 IDT 2025, 374 W
Thu Sep  4 21:30:52 IDT 2025, 359 W
Thu Sep  4 21:30:52 IDT 2025, 359 W
Thu Sep  4 21:30:52 IDT 2025, 347 W
Thu Sep  4 21:30:52 IDT 2025, 368 W
Thu Sep  4 21:30:53 IDT 2025, 352 W
Thu Sep  4 21:30:53 IDT 2025, 352 W
Thu Sep  4 21:30:53 IDT 2025, 345 W
Thu Sep  4 21:30:53 IDT 2025, 369 W
Thu Sep  4 21:30:54 IDT 2025, 355 W
Thu Sep  4 21:30:54 IDT 2025, 356 W
Thu Sep  4 21:30:54 IDT 2025, 349 W
Thu Sep  4 21:30:54 IDT 2025, 369 W
Thu Sep  4 21:30:55 IDT 2025, 350 W
Thu Sep  4 21:30:55 IDT 2025, 357 W
Thu Sep  4 21:30:55 IDT 2025, 349 W
Thu Sep  4 21:30:55 IDT 2025, 366 W
Thu Sep  4 21:30:56 IDT 2025, 352 W
Thu Sep  4 21:30:56 IDT 2025, 353 W
Thu Sep  4 21:30:56 IDT 2025, 347 W
Thu Sep  4 21:30:56 IDT 2025, 367 W
Thu Sep  4 21:30:57 IDT 2025, 350 W
Thu Sep  4 21:30:57 IDT 2025, 350 W
Thu Sep  4 21:30:57 IDT 2025, 348 W
Thu Sep  4 21:30:57 IDT 2025, 370 W
Thu Sep  4 21:30:58 IDT 2025, 349 W
Thu Sep  4 21:30:58 IDT 2025, 346 W
Thu Sep  4 21:30:58 IDT 2025, 343 W
Thu Sep  4 21:30:58 IDT 2025, 363 W
Thu Sep  4 21:30:59 IDT 2025, 354 W
Thu Sep  4 21:30:59 IDT 2025, 354 W
Thu Sep  4 21:30:59 IDT 2025, 348 W
Thu Sep  4 21:30:59 IDT 2025, 368 W
Thu Sep  4 21:31:00 IDT 2025, 350 W
Thu Sep  4 21:31:00 IDT 2025, 345 W
Thu Sep  4 21:31:00 IDT 2025, 344 W
Thu Sep  4 21:31:00 IDT 2025, 363 W
Thu Sep  4 21:31:01 IDT 2025, 356 W
Thu Sep  4 21:31:01 IDT 2025, 358 W
Thu Sep  4 21:31:01 IDT 2025, 354 W
Thu Sep  4 21:31:01 IDT 2025, 372 W
Thu Sep  4 21:31:02 IDT 2025, 390 W
Thu Sep  4 21:31:02 IDT 2025, 337 W
Thu Sep  4 21:31:02 IDT 2025, 385 W
Thu Sep  4 21:31:02 IDT 2025, 390 W
Thu Sep  4 21:31:03 IDT 2025, 397 W
Thu Sep  4 21:31:03 IDT 2025, 362 W
Thu Sep  4 21:31:03 IDT 2025, 379 W
Thu Sep  4 21:31:03 IDT 2025, 393 W
Thu Sep  4 21:31:04 IDT 2025, 355 W
Thu Sep  4 21:31:04 IDT 2025, 355 W
Thu Sep  4 21:31:04 IDT 2025, 347 W
Thu Sep  4 21:31:04 IDT 2025, 364 W
Thu Sep  4 21:31:05 IDT 2025, 351 W
Thu Sep  4 21:31:05 IDT 2025, 354 W
Thu Sep  4 21:31:05 IDT 2025, 348 W
Thu Sep  4 21:31:05 IDT 2025, 373 W
Thu Sep  4 21:31:06 IDT 2025, 347 W
Thu Sep  4 21:31:06 IDT 2025, 349 W
Thu Sep  4 21:31:06 IDT 2025, 342 W
Thu Sep  4 21:31:06 IDT 2025, 361 W
Thu Sep  4 21:31:07 IDT 2025, 353 W
Thu Sep  4 21:31:07 IDT 2025, 354 W
Thu Sep  4 21:31:07 IDT 2025, 344 W
Thu Sep  4 21:31:07 IDT 2025, 350 W
Thu Sep  4 21:31:08 IDT 2025, 358 W
Thu Sep  4 21:31:08 IDT 2025, 360 W
Thu Sep  4 21:31:08 IDT 2025, 351 W
Thu Sep  4 21:31:08 IDT 2025, 368 W
Thu Sep  4 21:31:09 IDT 2025, 355 W
Thu Sep  4 21:31:09 IDT 2025, 357 W
Thu Sep  4 21:31:09 IDT 2025, 350 W
Thu Sep  4 21:31:09 IDT 2025, 373 W
Thu Sep  4 21:31:10 IDT 2025, 354 W
Thu Sep  4 21:31:10 IDT 2025, 362 W
Thu Sep  4 21:31:10 IDT 2025, 352 W
Thu Sep  4 21:31:10 IDT 2025, 369 W
Thu Sep  4 21:31:11 IDT 2025, 358 W
Thu Sep  4 21:31:11 IDT 2025, 361 W
Thu Sep  4 21:31:11 IDT 2025, 353 W
Thu Sep  4 21:31:11 IDT 2025, 371 W
Thu Sep  4 21:31:12 IDT 2025, 358 W
Thu Sep  4 21:31:12 IDT 2025, 360 W
Thu Sep  4 21:31:12 IDT 2025, 354 W
Thu Sep  4 21:31:12 IDT 2025, 373 W
Thu Sep  4 21:31:13 IDT 2025, 350 W
Thu Sep  4 21:31:13 IDT 2025, 354 W
Thu Sep  4 21:31:13 IDT 2025, 346 W
Thu Sep  4 21:31:13 IDT 2025, 361 W
Thu Sep  4 21:31:14 IDT 2025, 352 W
Thu Sep  4 21:31:14 IDT 2025, 356 W
Thu Sep  4 21:31:14 IDT 2025, 347 W
Thu Sep  4 21:31:14 IDT 2025, 371 W
Thu Sep  4 21:31:15 IDT 2025, 355 W
Thu Sep  4 21:31:15 IDT 2025, 357 W
Thu Sep  4 21:31:15 IDT 2025, 351 W
Thu Sep  4 21:31:15 IDT 2025, 366 W
Thu Sep  4 21:31:16 IDT 2025, 355 W
Thu Sep  4 21:31:16 IDT 2025, 356 W
Thu Sep  4 21:31:16 IDT 2025, 349 W
Thu Sep  4 21:31:16 IDT 2025, 370 W
Thu Sep  4 21:31:17 IDT 2025, 351 W
Thu Sep  4 21:31:17 IDT 2025, 356 W
Thu Sep  4 21:31:17 IDT 2025, 349 W
Thu Sep  4 21:31:17 IDT 2025, 371 W
Thu Sep  4 21:31:18 IDT 2025, 349 W
Thu Sep  4 21:31:18 IDT 2025, 366 W
Thu Sep  4 21:31:18 IDT 2025, 359 W
Thu Sep  4 21:31:18 IDT 2025, 382 W
Thu Sep  4 21:31:19 IDT 2025, 337 W
Thu Sep  4 21:31:19 IDT 2025, 359 W
Thu Sep  4 21:31:19 IDT 2025, 351 W
Thu Sep  4 21:31:19 IDT 2025, 375 W
Thu Sep  4 21:31:20 IDT 2025, 345 W
Thu Sep  4 21:31:20 IDT 2025, 365 W
Thu Sep  4 21:31:20 IDT 2025, 359 W
Thu Sep  4 21:31:20 IDT 2025, 385 W
Thu Sep  4 21:31:21 IDT 2025, 359 W
Thu Sep  4 21:31:21 IDT 2025, 363 W
Thu Sep  4 21:31:21 IDT 2025, 350 W
Thu Sep  4 21:31:21 IDT 2025, 374 W
Thu Sep  4 21:31:22 IDT 2025, 365 W
Thu Sep  4 21:31:22 IDT 2025, 366 W
Thu Sep  4 21:31:22 IDT 2025, 339 W
Thu Sep  4 21:31:22 IDT 2025, 391 W
Thu Sep  4 21:31:23 IDT 2025, 335 W
Thu Sep  4 21:31:23 IDT 2025, 345 W
Thu Sep  4 21:31:23 IDT 2025, 310 W
Thu Sep  4 21:31:23 IDT 2025, 338 W
Thu Sep  4 21:31:24 IDT 2025, 371 W
Thu Sep  4 21:31:24 IDT 2025, 367 W
Thu Sep  4 21:31:24 IDT 2025, 340 W
Thu Sep  4 21:31:24 IDT 2025, 387 W
Thu Sep  4 21:31:25 IDT 2025, 357 W
Thu Sep  4 21:31:25 IDT 2025, 355 W
Thu Sep  4 21:31:25 IDT 2025, 336 W
Thu Sep  4 21:31:25 IDT 2025, 372 W
Thu Sep  4 21:31:26 IDT 2025, 356 W
Thu Sep  4 21:31:26 IDT 2025, 360 W
Thu Sep  4 21:31:26 IDT 2025, 336 W
Thu Sep  4 21:31:26 IDT 2025, 377 W
Thu Sep  4 21:31:27 IDT 2025, 366 W
Thu Sep  4 21:31:27 IDT 2025, 365 W
Thu Sep  4 21:31:27 IDT 2025, 336 W
Thu Sep  4 21:31:27 IDT 2025, 388 W
Thu Sep  4 21:31:28 IDT 2025, 349 W
Thu Sep  4 21:31:28 IDT 2025, 349 W
Thu Sep  4 21:31:28 IDT 2025, 333 W
Thu Sep  4 21:31:28 IDT 2025, 351 W
Thu Sep  4 21:31:29 IDT 2025, 356 W
Thu Sep  4 21:31:29 IDT 2025, 359 W
Thu Sep  4 21:31:29 IDT 2025, 353 W
Thu Sep  4 21:31:29 IDT 2025, 374 W
Thu Sep  4 21:31:30 IDT 2025, 335 W
Thu Sep  4 21:31:30 IDT 2025, 334 W
Thu Sep  4 21:31:30 IDT 2025, 337 W
Thu Sep  4 21:31:30 IDT 2025, 310 W
Thu Sep  4 21:31:31 IDT 2025, 362 W
Thu Sep  4 21:31:31 IDT 2025, 361 W
Thu Sep  4 21:31:31 IDT 2025, 356 W
Thu Sep  4 21:31:31 IDT 2025, 376 W
Thu Sep  4 21:31:32 IDT 2025, 358 W
Thu Sep  4 21:31:32 IDT 2025, 358 W
Thu Sep  4 21:31:32 IDT 2025, 356 W
Thu Sep  4 21:31:32 IDT 2025, 381 W
Thu Sep  4 21:31:33 IDT 2025, 349 W
Thu Sep  4 21:31:33 IDT 2025, 347 W
Thu Sep  4 21:31:33 IDT 2025, 344 W
Thu Sep  4 21:31:33 IDT 2025, 357 W
Thu Sep  4 21:31:34 IDT 2025, 341 W
Thu Sep  4 21:31:34 IDT 2025, 343 W
Thu Sep  4 21:31:34 IDT 2025, 341 W
Thu Sep  4 21:31:34 IDT 2025, 361 W
Thu Sep  4 21:31:35 IDT 2025, 350 W
Thu Sep  4 21:31:35 IDT 2025, 347 W
Thu Sep  4 21:31:35 IDT 2025, 349 W
Thu Sep  4 21:31:35 IDT 2025, 369 W
Thu Sep  4 21:31:36 IDT 2025, 349 W
Thu Sep  4 21:31:36 IDT 2025, 350 W
Thu Sep  4 21:31:36 IDT 2025, 342 W
Thu Sep  4 21:31:36 IDT 2025, 357 W
Thu Sep  4 21:31:37 IDT 2025, 362 W
Thu Sep  4 21:31:37 IDT 2025, 360 W
Thu Sep  4 21:31:37 IDT 2025, 357 W
Thu Sep  4 21:31:37 IDT 2025, 373 W
Thu Sep  4 21:31:38 IDT 2025, 350 W
Thu Sep  4 21:31:38 IDT 2025, 351 W
Thu Sep  4 21:31:38 IDT 2025, 343 W
Thu Sep  4 21:31:38 IDT 2025, 330 W
Thu Sep  4 21:31:39 IDT 2025, 359 W
Thu Sep  4 21:31:39 IDT 2025, 363 W
Thu Sep  4 21:31:39 IDT 2025, 354 W
Thu Sep  4 21:31:39 IDT 2025, 378 W
Thu Sep  4 21:31:40 IDT 2025, 359 W
Thu Sep  4 21:31:40 IDT 2025, 364 W
Thu Sep  4 21:31:40 IDT 2025, 357 W
Thu Sep  4 21:31:40 IDT 2025, 380 W
Thu Sep  4 21:31:41 IDT 2025, 361 W
Thu Sep  4 21:31:41 IDT 2025, 358 W
Thu Sep  4 21:31:41 IDT 2025, 354 W
Thu Sep  4 21:31:41 IDT 2025, 374 W
Thu Sep  4 21:31:42 IDT 2025, 350 W
Thu Sep  4 21:31:42 IDT 2025, 352 W
Thu Sep  4 21:31:42 IDT 2025, 345 W
Thu Sep  4 21:31:42 IDT 2025, 334 W
Thu Sep  4 21:31:43 IDT 2025, 365 W
Thu Sep  4 21:31:43 IDT 2025, 363 W
Thu Sep  4 21:31:43 IDT 2025, 359 W
Thu Sep  4 21:31:43 IDT 2025, 377 W
Thu Sep  4 21:31:44 IDT 2025, 345 W
Thu Sep  4 21:31:44 IDT 2025, 349 W
Thu Sep  4 21:31:44 IDT 2025, 342 W
Thu Sep  4 21:31:44 IDT 2025, 348 W
Thu Sep  4 21:31:45 IDT 2025, 348 W
Thu Sep  4 21:31:45 IDT 2025, 352 W
Thu Sep  4 21:31:45 IDT 2025, 340 W
Thu Sep  4 21:31:45 IDT 2025, 351 W
Thu Sep  4 21:31:46 IDT 2025, 347 W
Thu Sep  4 21:31:46 IDT 2025, 354 W
Thu Sep  4 21:31:46 IDT 2025, 345 W
Thu Sep  4 21:31:46 IDT 2025, 364 W
Thu Sep  4 21:31:47 IDT 2025, 351 W
Thu Sep  4 21:31:47 IDT 2025, 356 W
Thu Sep  4 21:31:47 IDT 2025, 346 W
Thu Sep  4 21:31:47 IDT 2025, 368 W
Thu Sep  4 21:31:48 IDT 2025, 360 W
Thu Sep  4 21:31:48 IDT 2025, 354 W
Thu Sep  4 21:31:48 IDT 2025, 353 W
Thu Sep  4 21:31:48 IDT 2025, 374 W
Thu Sep  4 21:31:49 IDT 2025, 357 W
Thu Sep  4 21:31:49 IDT 2025, 357 W
Thu Sep  4 21:31:49 IDT 2025, 352 W
Thu Sep  4 21:31:49 IDT 2025, 372 W
Thu Sep  4 21:31:50 IDT 2025, 349 W
Thu Sep  4 21:31:50 IDT 2025, 356 W
Thu Sep  4 21:31:50 IDT 2025, 348 W
Thu Sep  4 21:31:50 IDT 2025, 369 W
Thu Sep  4 21:31:51 IDT 2025, 352 W
Thu Sep  4 21:31:51 IDT 2025, 357 W
Thu Sep  4 21:31:51 IDT 2025, 351 W
Thu Sep  4 21:31:51 IDT 2025, 367 W
Thu Sep  4 21:31:52 IDT 2025, 345 W
Thu Sep  4 21:31:52 IDT 2025, 347 W
Thu Sep  4 21:31:52 IDT 2025, 342 W
Thu Sep  4 21:31:52 IDT 2025, 328 W
Thu Sep  4 21:31:53 IDT 2025, 361 W
Thu Sep  4 21:31:53 IDT 2025, 357 W
Thu Sep  4 21:31:53 IDT 2025, 352 W
Thu Sep  4 21:31:53 IDT 2025, 374 W
Thu Sep  4 21:31:54 IDT 2025, 348 W
Thu Sep  4 21:31:54 IDT 2025, 353 W
Thu Sep  4 21:31:54 IDT 2025, 343 W
Thu Sep  4 21:31:54 IDT 2025, 362 W
Thu Sep  4 21:31:55 IDT 2025, 348 W
Thu Sep  4 21:31:55 IDT 2025, 349 W
Thu Sep  4 21:31:55 IDT 2025, 344 W
Thu Sep  4 21:31:55 IDT 2025, 361 W
Thu Sep  4 21:31:56 IDT 2025, 345 W
Thu Sep  4 21:31:56 IDT 2025, 349 W
Thu Sep  4 21:31:56 IDT 2025, 342 W
Thu Sep  4 21:31:56 IDT 2025, 358 W
Thu Sep  4 21:31:57 IDT 2025, 352 W
Thu Sep  4 21:31:57 IDT 2025, 351 W
Thu Sep  4 21:31:57 IDT 2025, 348 W
Thu Sep  4 21:31:57 IDT 2025, 364 W
Thu Sep  4 21:31:58 IDT 2025, 345 W
Thu Sep  4 21:31:58 IDT 2025, 346 W
Thu Sep  4 21:31:58 IDT 2025, 341 W
Thu Sep  4 21:31:58 IDT 2025, 351 W
Thu Sep  4 21:31:59 IDT 2025, 348 W
Thu Sep  4 21:31:59 IDT 2025, 346 W
Thu Sep  4 21:31:59 IDT 2025, 342 W
Thu Sep  4 21:31:59 IDT 2025, 357 W
Thu Sep  4 21:32:00 IDT 2025, 350 W
Thu Sep  4 21:32:00 IDT 2025, 349 W
Thu Sep  4 21:32:00 IDT 2025, 347 W
Thu Sep  4 21:32:00 IDT 2025, 360 W
Thu Sep  4 21:32:01 IDT 2025, 354 W
Thu Sep  4 21:32:01 IDT 2025, 354 W
Thu Sep  4 21:32:01 IDT 2025, 347 W
Thu Sep  4 21:32:01 IDT 2025, 370 W
Thu Sep  4 21:32:02 IDT 2025, 338 W
Thu Sep  4 21:32:02 IDT 2025, 345 W
Thu Sep  4 21:32:02 IDT 2025, 337 W
Thu Sep  4 21:32:02 IDT 2025, 341 W
Thu Sep  4 21:32:03 IDT 2025, 338 W
Thu Sep  4 21:32:03 IDT 2025, 340 W
Thu Sep  4 21:32:03 IDT 2025, 340 W
Thu Sep  4 21:32:03 IDT 2025, 342 W
Thu Sep  4 21:32:04 IDT 2025, 357 W
Thu Sep  4 21:32:04 IDT 2025, 362 W
Thu Sep  4 21:32:04 IDT 2025, 353 W
Thu Sep  4 21:32:04 IDT 2025, 377 W
Thu Sep  4 21:32:05 IDT 2025, 357 W
Thu Sep  4 21:32:05 IDT 2025, 362 W
Thu Sep  4 21:32:05 IDT 2025, 351 W
Thu Sep  4 21:32:05 IDT 2025, 374 W
Thu Sep  4 21:32:06 IDT 2025, 358 W
Thu Sep  4 21:32:06 IDT 2025, 358 W
Thu Sep  4 21:32:06 IDT 2025, 349 W
Thu Sep  4 21:32:06 IDT 2025, 373 W
Thu Sep  4 21:32:07 IDT 2025, 336 W
Thu Sep  4 21:32:07 IDT 2025, 341 W
Thu Sep  4 21:32:07 IDT 2025, 328 W
Thu Sep  4 21:32:07 IDT 2025, 309 W
Thu Sep  4 21:32:08 IDT 2025, 354 W
Thu Sep  4 21:32:08 IDT 2025, 360 W
Thu Sep  4 21:32:08 IDT 2025, 350 W
Thu Sep  4 21:32:08 IDT 2025, 372 W
Thu Sep  4 21:32:09 IDT 2025, 348 W
Thu Sep  4 21:32:09 IDT 2025, 348 W
Thu Sep  4 21:32:09 IDT 2025, 346 W
Thu Sep  4 21:32:09 IDT 2025, 359 W
Thu Sep  4 21:32:10 IDT 2025, 346 W
Thu Sep  4 21:32:10 IDT 2025, 347 W
Thu Sep  4 21:32:10 IDT 2025, 344 W
Thu Sep  4 21:32:10 IDT 2025, 356 W
Thu Sep  4 21:32:11 IDT 2025, 347 W
Thu Sep  4 21:32:11 IDT 2025, 353 W
Thu Sep  4 21:32:11 IDT 2025, 341 W
Thu Sep  4 21:32:11 IDT 2025, 360 W
Thu Sep  4 21:32:12 IDT 2025, 354 W
Thu Sep  4 21:32:12 IDT 2025, 357 W
Thu Sep  4 21:32:12 IDT 2025, 346 W
Thu Sep  4 21:32:12 IDT 2025, 365 W
Thu Sep  4 21:32:13 IDT 2025, 348 W
Thu Sep  4 21:32:13 IDT 2025, 345 W
Thu Sep  4 21:32:13 IDT 2025, 346 W
Thu Sep  4 21:32:13 IDT 2025, 360 W
Thu Sep  4 21:32:14 IDT 2025, 350 W
Thu Sep  4 21:32:14 IDT 2025, 346 W
Thu Sep  4 21:32:14 IDT 2025, 344 W
Thu Sep  4 21:32:14 IDT 2025, 358 W
Thu Sep  4 21:32:15 IDT 2025, 360 W
Thu Sep  4 21:32:15 IDT 2025, 358 W
Thu Sep  4 21:32:15 IDT 2025, 358 W
Thu Sep  4 21:32:15 IDT 2025, 378 W
Thu Sep  4 21:32:16 IDT 2025, 362 W
Thu Sep  4 21:32:16 IDT 2025, 355 W
Thu Sep  4 21:32:16 IDT 2025, 357 W
Thu Sep  4 21:32:16 IDT 2025, 378 W
Thu Sep  4 21:32:17 IDT 2025, 359 W
Thu Sep  4 21:32:17 IDT 2025, 354 W
Thu Sep  4 21:32:17 IDT 2025, 357 W
Thu Sep  4 21:32:17 IDT 2025, 376 W
Thu Sep  4 21:32:18 IDT 2025, 352 W
Thu Sep  4 21:32:18 IDT 2025, 355 W
Thu Sep  4 21:32:18 IDT 2025, 350 W
Thu Sep  4 21:32:18 IDT 2025, 370 W
Thu Sep  4 21:32:19 IDT 2025, 348 W
Thu Sep  4 21:32:19 IDT 2025, 354 W
Thu Sep  4 21:32:19 IDT 2025, 346 W
Thu Sep  4 21:32:19 IDT 2025, 363 W
Thu Sep  4 21:32:20 IDT 2025, 350 W
Thu Sep  4 21:32:20 IDT 2025, 354 W
Thu Sep  4 21:32:20 IDT 2025, 344 W
Thu Sep  4 21:32:20 IDT 2025, 365 W
Thu Sep  4 21:32:21 IDT 2025, 349 W
Thu Sep  4 21:32:21 IDT 2025, 352 W
Thu Sep  4 21:32:21 IDT 2025, 346 W
Thu Sep  4 21:32:21 IDT 2025, 366 W
Thu Sep  4 21:32:22 IDT 2025, 346 W
Thu Sep  4 21:32:22 IDT 2025, 351 W
Thu Sep  4 21:32:22 IDT 2025, 341 W
Thu Sep  4 21:32:22 IDT 2025, 360 W
Thu Sep  4 21:32:23 IDT 2025, 344 W
Thu Sep  4 21:32:23 IDT 2025, 351 W
Thu Sep  4 21:32:23 IDT 2025, 339 W
Thu Sep  4 21:32:23 IDT 2025, 355 W
Thu Sep  4 21:32:24 IDT 2025, 351 W
Thu Sep  4 21:32:24 IDT 2025, 347 W
Thu Sep  4 21:32:24 IDT 2025, 347 W
Thu Sep  4 21:32:24 IDT 2025, 364 W
Thu Sep  4 21:32:25 IDT 2025, 343 W
Thu Sep  4 21:32:25 IDT 2025, 344 W
Thu Sep  4 21:32:25 IDT 2025, 345 W
Thu Sep  4 21:32:25 IDT 2025, 351 W
Thu Sep  4 21:32:26 IDT 2025, 364 W
Thu Sep  4 21:32:26 IDT 2025, 359 W
Thu Sep  4 21:32:26 IDT 2025, 359 W
Thu Sep  4 21:32:26 IDT 2025, 378 W
Thu Sep  4 21:32:27 IDT 2025, 360 W
Thu Sep  4 21:32:27 IDT 2025, 356 W
Thu Sep  4 21:32:27 IDT 2025, 357 W
Thu Sep  4 21:32:27 IDT 2025, 376 W
Thu Sep  4 21:32:28 IDT 2025, 355 W
Thu Sep  4 21:32:28 IDT 2025, 356 W
Thu Sep  4 21:32:28 IDT 2025, 353 W
Thu Sep  4 21:32:28 IDT 2025, 372 W
Thu Sep  4 21:32:29 IDT 2025, 340 W
Thu Sep  4 21:32:29 IDT 2025, 359 W
Thu Sep  4 21:32:29 IDT 2025, 347 W
Thu Sep  4 21:32:29 IDT 2025, 375 W
Thu Sep  4 21:32:30 IDT 2025, 342 W
Thu Sep  4 21:32:30 IDT 2025, 347 W
Thu Sep  4 21:32:30 IDT 2025, 337 W
Thu Sep  4 21:32:30 IDT 2025, 338 W
Thu Sep  4 21:32:31 IDT 2025, 338 W
Thu Sep  4 21:32:31 IDT 2025, 346 W
Thu Sep  4 21:32:31 IDT 2025, 341 W
Thu Sep  4 21:32:31 IDT 2025, 352 W
Thu Sep  4 21:32:32 IDT 2025, 350 W
Thu Sep  4 21:32:32 IDT 2025, 357 W
Thu Sep  4 21:32:32 IDT 2025, 354 W
Thu Sep  4 21:32:32 IDT 2025, 382 W
Thu Sep  4 21:32:33 IDT 2025, 346 W
Thu Sep  4 21:32:33 IDT 2025, 347 W
Thu Sep  4 21:32:33 IDT 2025, 345 W
Thu Sep  4 21:32:33 IDT 2025, 347 W
Thu Sep  4 21:32:34 IDT 2025, 345 W
Thu Sep  4 21:32:34 IDT 2025, 364 W
Thu Sep  4 21:32:34 IDT 2025, 355 W
Thu Sep  4 21:32:34 IDT 2025, 346 W
Thu Sep  4 21:32:35 IDT 2025, 352 W
Thu Sep  4 21:32:35 IDT 2025, 358 W
Thu Sep  4 21:32:35 IDT 2025, 352 W
Thu Sep  4 21:32:35 IDT 2025, 376 W
Thu Sep  4 21:32:36 IDT 2025, 346 W
Thu Sep  4 21:32:36 IDT 2025, 340 W
Thu Sep  4 21:32:36 IDT 2025, 329 W
Thu Sep  4 21:32:36 IDT 2025, 319 W
Thu Sep  4 21:32:37 IDT 2025, 341 W
Thu Sep  4 21:32:37 IDT 2025, 360 W
Thu Sep  4 21:32:37 IDT 2025, 349 W
Thu Sep  4 21:32:37 IDT 2025, 370 W
Thu Sep  4 21:32:38 IDT 2025, 331 W
Thu Sep  4 21:32:38 IDT 2025, 340 W
Thu Sep  4 21:32:38 IDT 2025, 335 W
Thu Sep  4 21:32:38 IDT 2025, 353 W
Thu Sep  4 21:32:39 IDT 2025, 337 W
Thu Sep  4 21:32:39 IDT 2025, 343 W
Thu Sep  4 21:32:39 IDT 2025, 342 W
Thu Sep  4 21:32:39 IDT 2025, 337 W
Thu Sep  4 21:32:40 IDT 2025, 343 W
Thu Sep  4 21:32:40 IDT 2025, 343 W
Thu Sep  4 21:32:40 IDT 2025, 341 W
Thu Sep  4 21:32:40 IDT 2025, 355 W
Thu Sep  4 21:32:41 IDT 2025, 348 W
Thu Sep  4 21:32:41 IDT 2025, 349 W
Thu Sep  4 21:32:41 IDT 2025, 345 W
Thu Sep  4 21:32:41 IDT 2025, 363 W
Thu Sep  4 21:32:42 IDT 2025, 353 W
Thu Sep  4 21:32:42 IDT 2025, 361 W
Thu Sep  4 21:32:42 IDT 2025, 351 W
Thu Sep  4 21:32:42 IDT 2025, 371 W
Thu Sep  4 21:32:43 IDT 2025, 356 W
Thu Sep  4 21:32:43 IDT 2025, 359 W
Thu Sep  4 21:32:43 IDT 2025, 356 W
Thu Sep  4 21:32:43 IDT 2025, 380 W
Thu Sep  4 21:32:44 IDT 2025, 350 W
Thu Sep  4 21:32:44 IDT 2025, 346 W
Thu Sep  4 21:32:44 IDT 2025, 343 W
Thu Sep  4 21:32:44 IDT 2025, 353 W
Thu Sep  4 21:32:45 IDT 2025, 340 W
Thu Sep  4 21:32:45 IDT 2025, 346 W
Thu Sep  4 21:32:45 IDT 2025, 337 W
Thu Sep  4 21:32:45 IDT 2025, 328 W
Thu Sep  4 21:32:46 IDT 2025, 356 W
Thu Sep  4 21:32:46 IDT 2025, 355 W
Thu Sep  4 21:32:46 IDT 2025, 345 W
Thu Sep  4 21:32:46 IDT 2025, 365 W
Thu Sep  4 21:32:47 IDT 2025, 354 W
Thu Sep  4 21:32:47 IDT 2025, 357 W
Thu Sep  4 21:32:47 IDT 2025, 346 W
Thu Sep  4 21:32:47 IDT 2025, 367 W
Thu Sep  4 21:32:48 IDT 2025, 357 W
Thu Sep  4 21:32:48 IDT 2025, 359 W
Thu Sep  4 21:32:48 IDT 2025, 349 W
Thu Sep  4 21:32:48 IDT 2025, 372 W
Thu Sep  4 21:32:49 IDT 2025, 356 W
Thu Sep  4 21:32:49 IDT 2025, 357 W
Thu Sep  4 21:32:49 IDT 2025, 354 W
Thu Sep  4 21:32:49 IDT 2025, 376 W
Thu Sep  4 21:32:50 IDT 2025, 355 W
Thu Sep  4 21:32:50 IDT 2025, 356 W
Thu Sep  4 21:32:50 IDT 2025, 347 W
Thu Sep  4 21:32:50 IDT 2025, 368 W
Thu Sep  4 21:32:51 IDT 2025, 350 W
Thu Sep  4 21:32:51 IDT 2025, 357 W
Thu Sep  4 21:32:51 IDT 2025, 347 W
Thu Sep  4 21:32:51 IDT 2025, 367 W
Thu Sep  4 21:32:52 IDT 2025, 334 W
Thu Sep  4 21:32:52 IDT 2025, 354 W
Thu Sep  4 21:32:52 IDT 2025, 347 W
Thu Sep  4 21:32:52 IDT 2025, 364 W
Thu Sep  4 21:32:53 IDT 2025, 348 W
Thu Sep  4 21:32:53 IDT 2025, 343 W
Thu Sep  4 21:32:53 IDT 2025, 345 W
Thu Sep  4 21:32:53 IDT 2025, 356 W
Thu Sep  4 21:32:54 IDT 2025, 353 W
Thu Sep  4 21:32:54 IDT 2025, 349 W
Thu Sep  4 21:32:54 IDT 2025, 351 W
Thu Sep  4 21:32:54 IDT 2025, 373 W
Thu Sep  4 21:32:55 IDT 2025, 358 W
Thu Sep  4 21:32:55 IDT 2025, 359 W
Thu Sep  4 21:32:55 IDT 2025, 351 W
Thu Sep  4 21:32:55 IDT 2025, 373 W
Thu Sep  4 21:32:56 IDT 2025, 358 W
Thu Sep  4 21:32:56 IDT 2025, 358 W
Thu Sep  4 21:32:56 IDT 2025, 358 W
Thu Sep  4 21:32:56 IDT 2025, 380 W
Thu Sep  4 21:32:57 IDT 2025, 359 W
Thu Sep  4 21:32:57 IDT 2025, 356 W
Thu Sep  4 21:32:57 IDT 2025, 349 W
Thu Sep  4 21:32:57 IDT 2025, 372 W
Thu Sep  4 21:32:58 IDT 2025, 357 W
Thu Sep  4 21:32:58 IDT 2025, 353 W
Thu Sep  4 21:32:58 IDT 2025, 357 W
Thu Sep  4 21:32:58 IDT 2025, 377 W
Thu Sep  4 21:32:59 IDT 2025, 350 W
Thu Sep  4 21:32:59 IDT 2025, 342 W
Thu Sep  4 21:32:59 IDT 2025, 341 W
Thu Sep  4 21:32:59 IDT 2025, 357 W
Thu Sep  4 21:33:00 IDT 2025, 349 W
Thu Sep  4 21:33:00 IDT 2025, 350 W
Thu Sep  4 21:33:00 IDT 2025, 341 W
Thu Sep  4 21:33:00 IDT 2025, 359 W
Thu Sep  4 21:33:01 IDT 2025, 356 W
Thu Sep  4 21:33:01 IDT 2025, 355 W
Thu Sep  4 21:33:01 IDT 2025, 349 W
Thu Sep  4 21:33:01 IDT 2025, 371 W
Thu Sep  4 21:33:02 IDT 2025, 353 W
Thu Sep  4 21:33:02 IDT 2025, 349 W
Thu Sep  4 21:33:02 IDT 2025, 355 W
Thu Sep  4 21:33:02 IDT 2025, 373 W
Thu Sep  4 21:33:03 IDT 2025, 360 W
Thu Sep  4 21:33:03 IDT 2025, 363 W
Thu Sep  4 21:33:03 IDT 2025, 356 W
Thu Sep  4 21:33:03 IDT 2025, 379 W
Thu Sep  4 21:33:04 IDT 2025, 351 W
Thu Sep  4 21:33:04 IDT 2025, 352 W
Thu Sep  4 21:33:04 IDT 2025, 347 W
Thu Sep  4 21:33:04 IDT 2025, 362 W
Thu Sep  4 21:33:05 IDT 2025, 360 W
Thu Sep  4 21:33:05 IDT 2025, 360 W
Thu Sep  4 21:33:05 IDT 2025, 354 W
Thu Sep  4 21:33:05 IDT 2025, 377 W
Thu Sep  4 21:33:06 IDT 2025, 362 W
Thu Sep  4 21:33:06 IDT 2025, 357 W
Thu Sep  4 21:33:06 IDT 2025, 350 W
Thu Sep  4 21:33:06 IDT 2025, 374 W
Thu Sep  4 21:33:07 IDT 2025, 350 W
Thu Sep  4 21:33:07 IDT 2025, 352 W
Thu Sep  4 21:33:07 IDT 2025, 349 W
Thu Sep  4 21:33:07 IDT 2025, 369 W
Thu Sep  4 21:33:08 IDT 2025, 343 W
Thu Sep  4 21:33:08 IDT 2025, 359 W
Thu Sep  4 21:33:08 IDT 2025, 359 W
Thu Sep  4 21:33:08 IDT 2025, 382 W
Thu Sep  4 21:33:09 IDT 2025, 321 W
Thu Sep  4 21:33:09 IDT 2025, 341 W
Thu Sep  4 21:33:09 IDT 2025, 328 W
Thu Sep  4 21:33:09 IDT 2025, 305 W
Thu Sep  4 21:33:10 IDT 2025, 322 W
Thu Sep  4 21:33:10 IDT 2025, 342 W
Thu Sep  4 21:33:10 IDT 2025, 331 W
Thu Sep  4 21:33:10 IDT 2025, 311 W
Thu Sep  4 21:33:11 IDT 2025, 338 W
Thu Sep  4 21:33:11 IDT 2025, 389 W
Thu Sep  4 21:33:11 IDT 2025, 383 W
Thu Sep  4 21:33:11 IDT 2025, 389 W
Thu Sep  4 21:33:12 IDT 2025, 334 W
Thu Sep  4 21:33:12 IDT 2025, 388 W
Thu Sep  4 21:33:12 IDT 2025, 385 W
Thu Sep  4 21:33:12 IDT 2025, 393 W
Thu Sep  4 21:33:13 IDT 2025, 331 W
Thu Sep  4 21:33:13 IDT 2025, 390 W
Thu Sep  4 21:33:13 IDT 2025, 383 W
Thu Sep  4 21:33:13 IDT 2025, 391 W
Thu Sep  4 21:33:14 IDT 2025, 343 W
Thu Sep  4 21:33:14 IDT 2025, 346 W
Thu Sep  4 21:33:14 IDT 2025, 344 W
Thu Sep  4 21:33:14 IDT 2025, 358 W
Thu Sep  4 21:33:15 IDT 2025, 354 W
Thu Sep  4 21:33:15 IDT 2025, 342 W
Thu Sep  4 21:33:15 IDT 2025, 351 W
Thu Sep  4 21:33:15 IDT 2025, 366 W
Thu Sep  4 21:33:16 IDT 2025, 347 W
Thu Sep  4 21:33:16 IDT 2025, 350 W
Thu Sep  4 21:33:16 IDT 2025, 345 W
Thu Sep  4 21:33:16 IDT 2025, 369 W
Thu Sep  4 21:33:17 IDT 2025, 351 W
Thu Sep  4 21:33:17 IDT 2025, 354 W
Thu Sep  4 21:33:17 IDT 2025, 347 W
Thu Sep  4 21:33:17 IDT 2025, 366 W
Thu Sep  4 21:33:18 IDT 2025, 357 W
Thu Sep  4 21:33:18 IDT 2025, 359 W
Thu Sep  4 21:33:18 IDT 2025, 352 W
Thu Sep  4 21:33:18 IDT 2025, 372 W
Thu Sep  4 21:33:19 IDT 2025, 354 W
Thu Sep  4 21:33:19 IDT 2025, 360 W
Thu Sep  4 21:33:19 IDT 2025, 349 W
Thu Sep  4 21:33:19 IDT 2025, 370 W
Thu Sep  4 21:33:20 IDT 2025, 358 W
Thu Sep  4 21:33:20 IDT 2025, 362 W
Thu Sep  4 21:33:20 IDT 2025, 351 W
Thu Sep  4 21:33:20 IDT 2025, 371 W
Thu Sep  4 21:33:21 IDT 2025, 355 W
Thu Sep  4 21:33:21 IDT 2025, 356 W
Thu Sep  4 21:33:21 IDT 2025, 353 W
Thu Sep  4 21:33:21 IDT 2025, 373 W
Thu Sep  4 21:33:22 IDT 2025, 356 W
Thu Sep  4 21:33:22 IDT 2025, 355 W
Thu Sep  4 21:33:22 IDT 2025, 356 W
Thu Sep  4 21:33:22 IDT 2025, 375 W
Thu Sep  4 21:33:23 IDT 2025, 389 W
Thu Sep  4 21:33:23 IDT 2025, 337 W
Thu Sep  4 21:33:23 IDT 2025, 385 W
Thu Sep  4 21:33:23 IDT 2025, 391 W
Thu Sep  4 21:33:24 IDT 2025, 384 W
Thu Sep  4 21:33:24 IDT 2025, 337 W
Thu Sep  4 21:33:24 IDT 2025, 382 W
Thu Sep  4 21:33:24 IDT 2025, 389 W
Thu Sep  4 21:33:25 IDT 2025, 354 W
Thu Sep  4 21:33:25 IDT 2025, 353 W
Thu Sep  4 21:33:25 IDT 2025, 340 W
Thu Sep  4 21:33:25 IDT 2025, 361 W
Thu Sep  4 21:33:26 IDT 2025, 380 W
Thu Sep  4 21:33:26 IDT 2025, 340 W
Thu Sep  4 21:33:26 IDT 2025, 381 W
Thu Sep  4 21:33:26 IDT 2025, 390 W
Thu Sep  4 21:33:27 IDT 2025, 346 W
Thu Sep  4 21:33:27 IDT 2025, 334 W
Thu Sep  4 21:33:27 IDT 2025, 333 W
Thu Sep  4 21:33:27 IDT 2025, 331 W
Thu Sep  4 21:33:28 IDT 2025, 351 W
Thu Sep  4 21:33:28 IDT 2025, 353 W
Thu Sep  4 21:33:28 IDT 2025, 352 W
Thu Sep  4 21:33:28 IDT 2025, 371 W
Thu Sep  4 21:33:29 IDT 2025, 331 W
Thu Sep  4 21:33:29 IDT 2025, 336 W
Thu Sep  4 21:33:29 IDT 2025, 337 W
Thu Sep  4 21:33:29 IDT 2025, 332 W
Thu Sep  4 21:33:30 IDT 2025, 345 W
Thu Sep  4 21:33:30 IDT 2025, 347 W
Thu Sep  4 21:33:30 IDT 2025, 348 W
Thu Sep  4 21:33:30 IDT 2025, 365 W
Thu Sep  4 21:33:31 IDT 2025, 354 W
Thu Sep  4 21:33:31 IDT 2025, 357 W
Thu Sep  4 21:33:31 IDT 2025, 351 W
Thu Sep  4 21:33:31 IDT 2025, 374 W
Thu Sep  4 21:33:32 IDT 2025, 358 W
Thu Sep  4 21:33:32 IDT 2025, 361 W
Thu Sep  4 21:33:32 IDT 2025, 350 W
Thu Sep  4 21:33:32 IDT 2025, 373 W
Thu Sep  4 21:33:33 IDT 2025, 355 W
Thu Sep  4 21:33:33 IDT 2025, 355 W
Thu Sep  4 21:33:33 IDT 2025, 350 W
Thu Sep  4 21:33:33 IDT 2025, 371 W
Thu Sep  4 21:33:34 IDT 2025, 354 W
Thu Sep  4 21:33:34 IDT 2025, 359 W
Thu Sep  4 21:33:34 IDT 2025, 350 W
Thu Sep  4 21:33:34 IDT 2025, 371 W
Thu Sep  4 21:33:35 IDT 2025, 354 W
Thu Sep  4 21:33:35 IDT 2025, 357 W
Thu Sep  4 21:33:35 IDT 2025, 355 W
Thu Sep  4 21:33:35 IDT 2025, 376 W
Thu Sep  4 21:33:36 IDT 2025, 355 W
Thu Sep  4 21:33:36 IDT 2025, 356 W
Thu Sep  4 21:33:36 IDT 2025, 354 W
Thu Sep  4 21:33:36 IDT 2025, 374 W
Thu Sep  4 21:33:37 IDT 2025, 357 W
Thu Sep  4 21:33:37 IDT 2025, 360 W
Thu Sep  4 21:33:37 IDT 2025, 352 W
Thu Sep  4 21:33:37 IDT 2025, 371 W
Thu Sep  4 21:33:38 IDT 2025, 354 W
Thu Sep  4 21:33:38 IDT 2025, 360 W
Thu Sep  4 21:33:38 IDT 2025, 354 W
Thu Sep  4 21:33:38 IDT 2025, 378 W
Thu Sep  4 21:33:39 IDT 2025, 340 W
Thu Sep  4 21:33:39 IDT 2025, 343 W
Thu Sep  4 21:33:39 IDT 2025, 339 W
Thu Sep  4 21:33:39 IDT 2025, 354 W
Thu Sep  4 21:33:40 IDT 2025, 346 W
Thu Sep  4 21:33:40 IDT 2025, 351 W
Thu Sep  4 21:33:40 IDT 2025, 340 W
Thu Sep  4 21:33:40 IDT 2025, 362 W
Thu Sep  4 21:33:41 IDT 2025, 359 W
Thu Sep  4 21:33:41 IDT 2025, 363 W
Thu Sep  4 21:33:41 IDT 2025, 349 W
Thu Sep  4 21:33:41 IDT 2025, 374 W
Thu Sep  4 21:33:42 IDT 2025, 356 W
Thu Sep  4 21:33:42 IDT 2025, 361 W
Thu Sep  4 21:33:42 IDT 2025, 351 W
Thu Sep  4 21:33:42 IDT 2025, 374 W
Thu Sep  4 21:33:43 IDT 2025, 337 W
Thu Sep  4 21:33:43 IDT 2025, 343 W
Thu Sep  4 21:33:43 IDT 2025, 334 W
Thu Sep  4 21:33:43 IDT 2025, 344 W
Thu Sep  4 21:33:44 IDT 2025, 335 W
Thu Sep  4 21:33:44 IDT 2025, 342 W
Thu Sep  4 21:33:44 IDT 2025, 336 W
Thu Sep  4 21:33:44 IDT 2025, 346 W
Thu Sep  4 21:33:45 IDT 2025, 333 W
Thu Sep  4 21:33:45 IDT 2025, 341 W
Thu Sep  4 21:33:45 IDT 2025, 328 W
Thu Sep  4 21:33:45 IDT 2025, 334 W
Thu Sep  4 21:33:46 IDT 2025, 340 W
Thu Sep  4 21:33:46 IDT 2025, 353 W
Thu Sep  4 21:33:46 IDT 2025, 347 W
Thu Sep  4 21:33:46 IDT 2025, 369 W
Thu Sep  4 21:33:47 IDT 2025, 339 W
Thu Sep  4 21:33:47 IDT 2025, 342 W
Thu Sep  4 21:33:47 IDT 2025, 341 W
Thu Sep  4 21:33:47 IDT 2025, 337 W
Thu Sep  4 21:33:48 IDT 2025, 334 W
Thu Sep  4 21:33:48 IDT 2025, 337 W
Thu Sep  4 21:33:48 IDT 2025, 336 W
Thu Sep  4 21:33:48 IDT 2025, 341 W
Thu Sep  4 21:33:49 IDT 2025, 344 W
Thu Sep  4 21:33:49 IDT 2025, 342 W
Thu Sep  4 21:33:49 IDT 2025, 333 W
Thu Sep  4 21:33:49 IDT 2025, 342 W
Thu Sep  4 21:33:50 IDT 2025, 326 W
Thu Sep  4 21:33:50 IDT 2025, 362 W
Thu Sep  4 21:33:50 IDT 2025, 359 W
Thu Sep  4 21:33:50 IDT 2025, 376 W
Thu Sep  4 21:33:51 IDT 2025, 340 W
Thu Sep  4 21:33:51 IDT 2025, 347 W
Thu Sep  4 21:33:51 IDT 2025, 331 W
Thu Sep  4 21:33:51 IDT 2025, 345 W
Thu Sep  4 21:33:52 IDT 2025, 354 W
Thu Sep  4 21:33:52 IDT 2025, 390 W
Thu Sep  4 21:33:52 IDT 2025, 381 W
Thu Sep  4 21:33:52 IDT 2025, 392 W
Thu Sep  4 21:33:53 IDT 2025, 338 W
Thu Sep  4 21:33:53 IDT 2025, 388 W
Thu Sep  4 21:33:53 IDT 2025, 380 W
Thu Sep  4 21:33:53 IDT 2025, 389 W
Thu Sep  4 21:33:54 IDT 2025, 352 W
Thu Sep  4 21:33:54 IDT 2025, 354 W
Thu Sep  4 21:33:54 IDT 2025, 351 W
Thu Sep  4 21:33:54 IDT 2025, 373 W
Thu Sep  4 21:33:55 IDT 2025, 360 W
Thu Sep  4 21:33:55 IDT 2025, 360 W
Thu Sep  4 21:33:55 IDT 2025, 346 W
Thu Sep  4 21:33:55 IDT 2025, 374 W
Thu Sep  4 21:33:56 IDT 2025, 350 W
Thu Sep  4 21:33:56 IDT 2025, 356 W
Thu Sep  4 21:33:56 IDT 2025, 346 W
Thu Sep  4 21:33:56 IDT 2025, 374 W
Thu Sep  4 21:33:57 IDT 2025, 359 W
Thu Sep  4 21:33:57 IDT 2025, 360 W
Thu Sep  4 21:33:57 IDT 2025, 351 W
Thu Sep  4 21:33:57 IDT 2025, 376 W
Thu Sep  4 21:33:58 IDT 2025, 351 W
Thu Sep  4 21:33:58 IDT 2025, 354 W
Thu Sep  4 21:33:58 IDT 2025, 341 W
Thu Sep  4 21:33:58 IDT 2025, 364 W
Thu Sep  4 21:33:59 IDT 2025, 361 W
Thu Sep  4 21:33:59 IDT 2025, 362 W
Thu Sep  4 21:33:59 IDT 2025, 352 W
Thu Sep  4 21:33:59 IDT 2025, 375 W
Thu Sep  4 21:34:00 IDT 2025, 361 W
Thu Sep  4 21:34:00 IDT 2025, 363 W
Thu Sep  4 21:34:00 IDT 2025, 347 W
Thu Sep  4 21:34:00 IDT 2025, 370 W
Thu Sep  4 21:34:01 IDT 2025, 351 W
Thu Sep  4 21:34:01 IDT 2025, 348 W
Thu Sep  4 21:34:01 IDT 2025, 347 W
Thu Sep  4 21:34:01 IDT 2025, 346 W
Thu Sep  4 21:34:02 IDT 2025, 351 W
Thu Sep  4 21:34:02 IDT 2025, 348 W
Thu Sep  4 21:34:02 IDT 2025, 343 W
Thu Sep  4 21:34:02 IDT 2025, 345 W
Thu Sep  4 21:34:03 IDT 2025, 352 W
Thu Sep  4 21:34:03 IDT 2025, 347 W
Thu Sep  4 21:34:03 IDT 2025, 346 W
Thu Sep  4 21:34:03 IDT 2025, 348 W
Thu Sep  4 21:34:04 IDT 2025, 346 W
Thu Sep  4 21:34:04 IDT 2025, 352 W
Thu Sep  4 21:34:04 IDT 2025, 339 W
Thu Sep  4 21:34:04 IDT 2025, 349 W
Thu Sep  4 21:34:05 IDT 2025, 351 W
Thu Sep  4 21:34:05 IDT 2025, 346 W
Thu Sep  4 21:34:05 IDT 2025, 350 W
Thu Sep  4 21:34:05 IDT 2025, 344 W
Thu Sep  4 21:34:06 IDT 2025, 347 W
Thu Sep  4 21:34:06 IDT 2025, 348 W
Thu Sep  4 21:34:06 IDT 2025, 342 W
Thu Sep  4 21:34:06 IDT 2025, 363 W
Thu Sep  4 21:34:07 IDT 2025, 355 W
Thu Sep  4 21:34:07 IDT 2025, 355 W
Thu Sep  4 21:34:07 IDT 2025, 347 W
Thu Sep  4 21:34:07 IDT 2025, 372 W
Thu Sep  4 21:34:08 IDT 2025, 354 W
Thu Sep  4 21:34:08 IDT 2025, 352 W
Thu Sep  4 21:34:08 IDT 2025, 340 W
Thu Sep  4 21:34:08 IDT 2025, 367 W
Thu Sep  4 21:34:09 IDT 2025, 354 W
Thu Sep  4 21:34:09 IDT 2025, 386 W
Thu Sep  4 21:34:09 IDT 2025, 379 W
Thu Sep  4 21:34:09 IDT 2025, 390 W
Thu Sep  4 21:34:10 IDT 2025, 327 W
Thu Sep  4 21:34:10 IDT 2025, 371 W
Thu Sep  4 21:34:10 IDT 2025, 368 W
Thu Sep  4 21:34:10 IDT 2025, 385 W
Thu Sep  4 21:34:11 IDT 2025, 352 W
Thu Sep  4 21:34:11 IDT 2025, 357 W
Thu Sep  4 21:34:11 IDT 2025, 355 W
Thu Sep  4 21:34:11 IDT 2025, 375 W
Thu Sep  4 21:34:12 IDT 2025, 360 W
Thu Sep  4 21:34:12 IDT 2025, 362 W
Thu Sep  4 21:34:12 IDT 2025, 348 W
Thu Sep  4 21:34:12 IDT 2025, 378 W
Thu Sep  4 21:34:13 IDT 2025, 357 W
Thu Sep  4 21:34:13 IDT 2025, 356 W
Thu Sep  4 21:34:13 IDT 2025, 355 W
Thu Sep  4 21:34:13 IDT 2025, 373 W
Thu Sep  4 21:34:14 IDT 2025, 356 W
Thu Sep  4 21:34:14 IDT 2025, 355 W
Thu Sep  4 21:34:14 IDT 2025, 353 W
Thu Sep  4 21:34:14 IDT 2025, 375 W
Thu Sep  4 21:34:15 IDT 2025, 351 W
Thu Sep  4 21:34:15 IDT 2025, 352 W
Thu Sep  4 21:34:15 IDT 2025, 348 W
Thu Sep  4 21:34:15 IDT 2025, 371 W
Thu Sep  4 21:34:16 IDT 2025, 351 W
Thu Sep  4 21:34:16 IDT 2025, 340 W
Thu Sep  4 21:34:16 IDT 2025, 347 W
Thu Sep  4 21:34:16 IDT 2025, 368 W
Thu Sep  4 21:34:17 IDT 2025, 341 W
Thu Sep  4 21:34:17 IDT 2025, 342 W
Thu Sep  4 21:34:17 IDT 2025, 330 W
Thu Sep  4 21:34:17 IDT 2025, 324 W
Thu Sep  4 21:34:18 IDT 2025, 348 W
Thu Sep  4 21:34:18 IDT 2025, 355 W
Thu Sep  4 21:34:18 IDT 2025, 345 W
Thu Sep  4 21:34:18 IDT 2025, 370 W
Thu Sep  4 21:34:19 IDT 2025, 346 W
Thu Sep  4 21:34:19 IDT 2025, 343 W
Thu Sep  4 21:34:19 IDT 2025, 344 W
Thu Sep  4 21:34:19 IDT 2025, 352 W
Thu Sep  4 21:34:20 IDT 2025, 354 W
Thu Sep  4 21:34:20 IDT 2025, 355 W
Thu Sep  4 21:34:20 IDT 2025, 351 W
Thu Sep  4 21:34:20 IDT 2025, 369 W
Thu Sep  4 21:34:21 IDT 2025, 350 W
Thu Sep  4 21:34:21 IDT 2025, 350 W
Thu Sep  4 21:34:21 IDT 2025, 346 W
Thu Sep  4 21:34:21 IDT 2025, 370 W
Thu Sep  4 21:34:22 IDT 2025, 353 W
Thu Sep  4 21:34:22 IDT 2025, 354 W
Thu Sep  4 21:34:22 IDT 2025, 342 W
Thu Sep  4 21:34:22 IDT 2025, 361 W
Thu Sep  4 21:34:23 IDT 2025, 352 W
Thu Sep  4 21:34:23 IDT 2025, 360 W
Thu Sep  4 21:34:23 IDT 2025, 347 W
Thu Sep  4 21:34:23 IDT 2025, 370 W
Thu Sep  4 21:34:24 IDT 2025, 340 W
Thu Sep  4 21:34:24 IDT 2025, 349 W
Thu Sep  4 21:34:24 IDT 2025, 347 W
Thu Sep  4 21:34:24 IDT 2025, 355 W
Thu Sep  4 21:34:25 IDT 2025, 346 W
Thu Sep  4 21:34:25 IDT 2025, 386 W
Thu Sep  4 21:34:25 IDT 2025, 383 W
Thu Sep  4 21:34:25 IDT 2025, 389 W
Thu Sep  4 21:34:26 IDT 2025, 344 W
Thu Sep  4 21:34:26 IDT 2025, 387 W
Thu Sep  4 21:34:26 IDT 2025, 382 W
Thu Sep  4 21:34:26 IDT 2025, 390 W
Thu Sep  4 21:34:27 IDT 2025, 349 W
Thu Sep  4 21:34:27 IDT 2025, 350 W
Thu Sep  4 21:34:27 IDT 2025, 350 W
Thu Sep  4 21:34:27 IDT 2025, 366 W
Thu Sep  4 21:34:28 IDT 2025, 356 W
Thu Sep  4 21:34:28 IDT 2025, 358 W
Thu Sep  4 21:34:28 IDT 2025, 344 W
Thu Sep  4 21:34:28 IDT 2025, 364 W
Thu Sep  4 21:34:29 IDT 2025, 358 W
Thu Sep  4 21:34:29 IDT 2025, 361 W
Thu Sep  4 21:34:29 IDT 2025, 350 W
Thu Sep  4 21:34:29 IDT 2025, 377 W
Thu Sep  4 21:34:30 IDT 2025, 359 W
Thu Sep  4 21:34:30 IDT 2025, 364 W
Thu Sep  4 21:34:30 IDT 2025, 350 W
Thu Sep  4 21:34:30 IDT 2025, 375 W
Thu Sep  4 21:34:31 IDT 2025, 343 W
Thu Sep  4 21:34:31 IDT 2025, 341 W
Thu Sep  4 21:34:31 IDT 2025, 334 W
Thu Sep  4 21:34:31 IDT 2025, 311 W
Thu Sep  4 21:34:32 IDT 2025, 326 W
Thu Sep  4 21:34:32 IDT 2025, 328 W
Thu Sep  4 21:34:32 IDT 2025, 327 W
Thu Sep  4 21:34:32 IDT 2025, 302 W
Thu Sep  4 21:34:33 IDT 2025, 338 W
Thu Sep  4 21:34:33 IDT 2025, 338 W
Thu Sep  4 21:34:33 IDT 2025, 329 W
Thu Sep  4 21:34:33 IDT 2025, 304 W
Thu Sep  4 21:34:34 IDT 2025, 355 W
Thu Sep  4 21:34:34 IDT 2025, 361 W
Thu Sep  4 21:34:34 IDT 2025, 347 W
Thu Sep  4 21:34:34 IDT 2025, 373 W
Thu Sep  4 21:34:35 IDT 2025, 352 W
Thu Sep  4 21:34:35 IDT 2025, 359 W
Thu Sep  4 21:34:35 IDT 2025, 348 W
Thu Sep  4 21:34:35 IDT 2025, 374 W
Thu Sep  4 21:34:36 IDT 2025, 348 W
Thu Sep  4 21:34:36 IDT 2025, 351 W
Thu Sep  4 21:34:36 IDT 2025, 343 W
Thu Sep  4 21:34:36 IDT 2025, 366 W
Thu Sep  4 21:34:37 IDT 2025, 347 W
Thu Sep  4 21:34:37 IDT 2025, 349 W
Thu Sep  4 21:34:37 IDT 2025, 344 W
Thu Sep  4 21:34:37 IDT 2025, 360 W
Thu Sep  4 21:34:38 IDT 2025, 345 W
Thu Sep  4 21:34:38 IDT 2025, 344 W
Thu Sep  4 21:34:38 IDT 2025, 338 W
Thu Sep  4 21:34:38 IDT 2025, 349 W
Thu Sep  4 21:34:39 IDT 2025, 350 W
Thu Sep  4 21:34:39 IDT 2025, 352 W
Thu Sep  4 21:34:39 IDT 2025, 336 W
Thu Sep  4 21:34:39 IDT 2025, 354 W
Thu Sep  4 21:34:40 IDT 2025, 354 W
Thu Sep  4 21:34:40 IDT 2025, 356 W
Thu Sep  4 21:34:40 IDT 2025, 348 W
Thu Sep  4 21:34:40 IDT 2025, 372 W
Thu Sep  4 21:34:41 IDT 2025, 356 W
Thu Sep  4 21:34:41 IDT 2025, 358 W
Thu Sep  4 21:34:41 IDT 2025, 348 W
Thu Sep  4 21:34:41 IDT 2025, 371 W
Thu Sep  4 21:34:42 IDT 2025, 356 W
Thu Sep  4 21:34:42 IDT 2025, 354 W
Thu Sep  4 21:34:42 IDT 2025, 341 W
Thu Sep  4 21:34:42 IDT 2025, 373 W
Thu Sep  4 21:34:43 IDT 2025, 356 W
Thu Sep  4 21:34:43 IDT 2025, 358 W
Thu Sep  4 21:34:43 IDT 2025, 340 W
Thu Sep  4 21:34:43 IDT 2025, 372 W
Thu Sep  4 21:34:44 IDT 2025, 352 W
Thu Sep  4 21:34:44 IDT 2025, 358 W
Thu Sep  4 21:34:44 IDT 2025, 336 W
Thu Sep  4 21:34:44 IDT 2025, 373 W
Thu Sep  4 21:34:45 IDT 2025, 343 W
Thu Sep  4 21:34:45 IDT 2025, 347 W
Thu Sep  4 21:34:45 IDT 2025, 334 W
Thu Sep  4 21:34:45 IDT 2025, 344 W
Thu Sep  4 21:34:46 IDT 2025, 350 W
Thu Sep  4 21:34:46 IDT 2025, 348 W
Thu Sep  4 21:34:46 IDT 2025, 342 W
Thu Sep  4 21:34:46 IDT 2025, 349 W
Thu Sep  4 21:34:47 IDT 2025, 356 W
Thu Sep  4 21:34:47 IDT 2025, 357 W
Thu Sep  4 21:34:47 IDT 2025, 344 W
Thu Sep  4 21:34:47 IDT 2025, 371 W
Thu Sep  4 21:34:48 IDT 2025, 351 W
Thu Sep  4 21:34:48 IDT 2025, 347 W
Thu Sep  4 21:34:48 IDT 2025, 341 W
Thu Sep  4 21:34:48 IDT 2025, 335 W
Thu Sep  4 21:34:49 IDT 2025, 344 W
Thu Sep  4 21:34:49 IDT 2025, 347 W
Thu Sep  4 21:34:49 IDT 2025, 340 W
Thu Sep  4 21:34:49 IDT 2025, 327 W
Thu Sep  4 21:34:50 IDT 2025, 346 W
Thu Sep  4 21:34:50 IDT 2025, 345 W
Thu Sep  4 21:34:50 IDT 2025, 339 W
Thu Sep  4 21:34:50 IDT 2025, 324 W
Thu Sep  4 21:34:51 IDT 2025, 347 W
Thu Sep  4 21:34:51 IDT 2025, 345 W
Thu Sep  4 21:34:51 IDT 2025, 343 W
Thu Sep  4 21:34:51 IDT 2025, 331 W
Thu Sep  4 21:34:52 IDT 2025, 343 W
Thu Sep  4 21:34:52 IDT 2025, 350 W
Thu Sep  4 21:34:52 IDT 2025, 337 W
Thu Sep  4 21:34:52 IDT 2025, 332 W
Thu Sep  4 21:34:53 IDT 2025, 342 W
Thu Sep  4 21:34:53 IDT 2025, 344 W
Thu Sep  4 21:34:53 IDT 2025, 338 W
Thu Sep  4 21:34:53 IDT 2025, 333 W
Thu Sep  4 21:34:54 IDT 2025, 352 W
Thu Sep  4 21:34:54 IDT 2025, 357 W
Thu Sep  4 21:34:54 IDT 2025, 350 W
Thu Sep  4 21:34:54 IDT 2025, 372 W
Thu Sep  4 21:34:55 IDT 2025, 353 W
Thu Sep  4 21:34:55 IDT 2025, 356 W
Thu Sep  4 21:34:55 IDT 2025, 347 W
Thu Sep  4 21:34:55 IDT 2025, 371 W
Thu Sep  4 21:34:56 IDT 2025, 356 W
Thu Sep  4 21:34:56 IDT 2025, 358 W
Thu Sep  4 21:34:56 IDT 2025, 350 W
Thu Sep  4 21:34:56 IDT 2025, 373 W
Thu Sep  4 21:34:57 IDT 2025, 354 W
Thu Sep  4 21:34:57 IDT 2025, 353 W
Thu Sep  4 21:34:57 IDT 2025, 348 W
Thu Sep  4 21:34:57 IDT 2025, 371 W
Thu Sep  4 21:34:58 IDT 2025, 355 W
Thu Sep  4 21:34:58 IDT 2025, 357 W
Thu Sep  4 21:34:58 IDT 2025, 351 W
Thu Sep  4 21:34:58 IDT 2025, 373 W
Thu Sep  4 21:34:59 IDT 2025, 352 W
Thu Sep  4 21:34:59 IDT 2025, 352 W
Thu Sep  4 21:34:59 IDT 2025, 346 W
Thu Sep  4 21:34:59 IDT 2025, 370 W
Thu Sep  4 21:35:00 IDT 2025, 378 W
Thu Sep  4 21:35:00 IDT 2025, 343 W
Thu Sep  4 21:35:00 IDT 2025, 381 W
Thu Sep  4 21:35:00 IDT 2025, 389 W
Thu Sep  4 21:35:01 IDT 2025, 389 W
Thu Sep  4 21:35:01 IDT 2025, 340 W
Thu Sep  4 21:35:01 IDT 2025, 370 W
Thu Sep  4 21:35:01 IDT 2025, 383 W
